event_id,timestamp_pacific,draw_elapsed_seconds,status,stop_reason,valve_state,target_volume_gal,accumulated_volume_gal,flow_gpm,hot_temp_c,hot_temp_f,cold_temp_c,cold_temp_f,ambient_temp_c,ambient_temp_f,hot_raw_counts,cold_raw_counts,flow_raw_counts,ambient_raw_counts,cold_source_station,cold_source_timestamp_pacific
water_draw_1,2026-08-16T05:35:16.875-07:00,1.079,drawing,,open,15.0,0.003870,0.215313,25.94,78.69,35.42,95.75,26.10,78.98,1209,1300,483,261,WH-station1,2026-08-16T05:35:16.871-07:00
water_draw_1,2026-08-16T05:35:17.377-07:00,2.081,drawing,,open,15.0,0.057936,3.236979,25.83,78.50,35.31,95.56,26.10,78.98,1208,1299,1075,261,WH-station1,2026-08-16T05:35:17.373-07:00
water_draw_1,2026-08-16T05:35:17.879-07:00,2.583,drawing,,open,15.0,0.085361,3.277813,25.83,78.50,34.79,94.62,26.10,78.98,1208,1294,1083,261,WH-station1,2026-08-16T05:35:17.875-07:00
water_draw_1,2026-08-16T05:35:18.381-07:00,3.085,drawing,,open,15.0,0.112868,3.288021,26.25,79.25,34.79,94.62,26.10,78.98,1212,1294,1085,261,WH-station1,2026-08-16T05:35:18.377-07:00
water_draw_1,2026-08-16T05:35:18.883-07:00,3.587,drawing,,open,15.0,0.139907,3.231875,26.25,79.25,35.00,95.00,26.10,78.98,1212,1296,1074,261,WH-station1,2026-08-16T05:35:18.879-07:00
water_draw_1,2026-08-16T05:35:19.385-07:00,4.089,drawing,,open,15.0,0.166517,3.180833,26.98,80.56,34.79,94.62,26.00,78.80,1219,1294,1064,260,WH-station1,2026-08-16T05:35:19.381-07:00
water_draw_1,2026-08-16T05:35:19.886-07:00,4.591,drawing,,open,15.0,0.192788,3.140000,27.29,81.12,34.58,94.25,26.10,78.98,1222,1292,1056,261,WH-station1,2026-08-16T05:35:19.883-07:00
water_draw_1,2026-08-16T05:35:20.391-07:00,5.093,drawing,,open,15.0,0.218717,3.099167,27.60,81.69,34.48,94.06,26.00,78.80,1225,1291,1048,260,WH-station1,2026-08-16T05:35:20.385-07:00
water_draw_1,2026-08-16T05:35:20.896-07:00,5.597,drawing,,open,15.0,0.244703,3.088958,28.12,82.62,34.69,94.44,26.00,78.80,1230,1293,1046,260,WH-station1,2026-08-16T05:35:20.889-07:00
water_draw_1,2026-08-16T05:35:21.400-07:00,6.102,drawing,,open,15.0,0.270644,3.083854,28.65,83.56,34.38,93.88,26.00,78.80,1235,1290,1045,260,WH-station1,2026-08-16T05:35:21.395-07:00
water_draw_1,2026-08-16T05:35:21.906-07:00,6.607,drawing,,open,15.0,0.296286,3.048125,29.27,84.69,34.27,93.69,26.00,78.80,1241,1289,1038,260,WH-station1,2026-08-16T05:35:21.900-07:00
water_draw_1,2026-08-16T05:35:22.411-07:00,7.112,drawing,,open,15.0,0.321817,3.032812,29.58,85.25,34.27,93.69,26.00,78.80,1244,1289,1035,260,WH-station1,2026-08-16T05:35:22.405-07:00
water_draw_1,2026-08-16T05:35:22.916-07:00,7.617,drawing,,open,15.0,0.347082,3.002187,30.21,86.38,34.17,93.50,26.00,78.80,1250,1288,1029,260,WH-station1,2026-08-16T05:35:22.910-07:00
water_draw_1,2026-08-16T05:35:23.420-07:00,8.122,drawing,,open,15.0,0.372310,2.997083,30.42,86.75,34.27,93.69,26.00,78.80,1252,1289,1028,260,WH-station1,2026-08-16T05:35:23.415-07:00
water_draw_1,2026-08-16T05:35:23.926-07:00,8.627,drawing,,open,15.0,0.397189,2.956250,31.15,88.06,34.06,93.31,26.00,78.80,1259,1287,1020,260,WH-station1,2026-08-16T05:35:23.920-07:00
water_draw_1,2026-08-16T05:35:24.430-07:00,9.132,drawing,,open,15.0,0.422332,2.986875,31.88,89.38,33.75,92.75,26.10,78.98,1266,1284,1026,261,WH-station1,2026-08-16T05:35:24.425-07:00
water_draw_1,2026-08-16T05:35:24.936-07:00,9.637,drawing,,open,15.0,0.447253,2.961354,31.88,89.38,33.85,92.94,26.00,78.80,1266,1285,1021,260,WH-station1,2026-08-16T05:35:24.930-07:00
water_draw_1,2026-08-16T05:35:25.441-07:00,10.142,drawing,,open,15.0,0.472180,2.961354,32.40,90.31,33.65,92.56,26.00,78.80,1271,1283,1021,260,WH-station1,2026-08-16T05:35:25.435-07:00
water_draw_1,2026-08-16T05:35:25.946-07:00,10.647,drawing,,open,15.0,0.497065,2.956250,32.81,91.06,33.65,92.56,26.00,78.80,1275,1283,1020,260,WH-station1,2026-08-16T05:35:25.940-07:00
water_draw_1,2026-08-16T05:35:26.451-07:00,11.152,drawing,,open,15.0,0.521838,2.940938,33.23,91.81,33.33,92.00,26.00,78.80,1279,1280,1017,260,WH-station1,2026-08-16T05:35:26.445-07:00
water_draw_1,2026-08-16T05:35:26.956-07:00,11.657,drawing,,open,15.0,0.546592,2.940938,33.33,92.00,33.54,92.38,26.10,78.98,1280,1282,1017,261,WH-station1,2026-08-16T05:35:26.950-07:00
water_draw_1,2026-08-16T05:35:27.461-07:00,12.162,drawing,,open,15.0,0.571265,2.930729,33.75,92.75,33.33,92.00,25.90,78.62,1284,1280,1015,259,WH-station1,2026-08-16T05:35:27.455-07:00
water_draw_1,2026-08-16T05:35:27.966-07:00,12.667,drawing,,open,15.0,0.595970,2.935833,34.48,94.06,33.02,91.44,26.00,78.80,1291,1277,1016,260,WH-station1,2026-08-16T05:35:27.960-07:00
water_draw_1,2026-08-16T05:35:28.471-07:00,13.172,drawing,,open,15.0,0.620715,2.940938,34.48,94.06,33.02,91.44,26.00,78.80,1291,1277,1017,260,WH-station1,2026-08-16T05:35:28.465-07:00
water_draw_1,2026-08-16T05:35:28.976-07:00,13.677,drawing,,open,15.0,0.645282,2.920521,34.79,94.62,33.02,91.44,26.00,78.80,1294,1277,1013,260,WH-station1,2026-08-16T05:35:28.970-07:00
water_draw_1,2026-08-16T05:35:29.481-07:00,14.182,drawing,,open,15.0,0.669879,2.920521,35.10,95.19,33.02,91.44,26.00,78.80,1297,1277,1013,260,WH-station1,2026-08-16T05:35:29.475-07:00
water_draw_1,2026-08-16T05:35:29.985-07:00,14.687,drawing,,open,15.0,0.694362,2.910313,35.31,95.56,32.92,91.25,26.00,78.80,1299,1276,1011,260,WH-station1,2026-08-16T05:35:29.980-07:00
water_draw_1,2026-08-16T05:35:30.490-07:00,15.192,drawing,,open,15.0,0.718886,2.915417,35.73,96.31,32.60,90.69,26.10,78.98,1303,1273,1012,261,WH-station1,2026-08-16T05:35:30.485-07:00
water_draw_1,2026-08-16T05:35:30.995-07:00,15.697,drawing,,open,15.0,0.743337,2.905208,35.94,96.69,32.71,90.88,26.00,78.80,1305,1274,1010,260,WH-station1,2026-08-16T05:35:30.990-07:00
water_draw_1,2026-08-16T05:35:31.500-07:00,16.202,drawing,,open,15.0,0.767712,2.895000,36.15,97.06,32.50,90.50,26.00,78.80,1307,1272,1008,260,WH-station1,2026-08-16T05:35:31.495-07:00
water_draw_1,2026-08-16T05:35:32.005-07:00,16.707,drawing,,open,15.0,0.792236,2.915417,36.56,97.81,32.40,90.31,26.00,78.80,1311,1271,1012,260,WH-station1,2026-08-16T05:35:32.000-07:00
water_draw_1,2026-08-16T05:35:32.510-07:00,17.212,drawing,,open,15.0,0.816699,2.905208,36.87,98.37,32.19,89.94,26.10,78.98,1314,1269,1010,261,WH-station1,2026-08-16T05:35:32.505-07:00
water_draw_1,2026-08-16T05:35:33.016-07:00,17.717,drawing,,open,15.0,0.841146,2.905208,37.08,98.75,32.08,89.75,26.00,78.80,1316,1268,1010,260,WH-station1,2026-08-16T05:35:33.010-07:00
water_draw_1,2026-08-16T05:35:33.521-07:00,18.222,drawing,,open,15.0,0.865693,2.915417,37.29,99.13,32.29,90.12,25.90,78.62,1318,1270,1012,259,WH-station1,2026-08-16T05:35:33.515-07:00
water_draw_1,2026-08-16T05:35:34.026-07:00,18.727,drawing,,open,15.0,0.890115,2.900104,37.40,99.31,32.19,89.94,26.10,78.98,1319,1269,1009,261,WH-station1,2026-08-16T05:35:34.020-07:00
water_draw_1,2026-08-16T05:35:34.531-07:00,19.232,drawing,,open,15.0,0.914574,2.905208,37.71,99.88,32.08,89.75,26.00,78.80,1322,1268,1010,260,WH-station1,2026-08-16T05:35:34.525-07:00
water_draw_1,2026-08-16T05:35:35.035-07:00,19.737,drawing,,open,15.0,0.939013,2.905208,37.81,100.06,31.77,89.19,25.90,78.62,1323,1265,1010,259,WH-station1,2026-08-16T05:35:35.030-07:00
water_draw_1,2026-08-16T05:35:35.540-07:00,20.242,drawing,,open,15.0,0.963669,2.930729,38.33,101.00,31.77,89.19,26.10,78.98,1328,1265,1015,261,WH-station1,2026-08-16T05:35:35.535-07:00
water_draw_1,2026-08-16T05:35:36.045-07:00,20.747,drawing,,open,15.0,0.988367,2.935833,38.33,101.00,31.35,88.44,26.00,78.80,1328,1261,1016,260,WH-station1,2026-08-16T05:35:36.040-07:00
water_draw_1,2026-08-16T05:35:36.551-07:00,21.252,drawing,,open,15.0,1.012873,2.910313,38.54,101.38,31.46,88.63,26.00,78.80,1330,1262,1011,260,WH-station1,2026-08-16T05:35:36.545-07:00
water_draw_1,2026-08-16T05:35:37.119-07:00,21.757,drawing,,open,15.0,1.037293,2.900104,38.85,101.94,31.35,88.44,26.00,78.80,1333,1261,1009,260,WH-station1,2026-08-16T05:35:37.050-07:00
water_draw_1,2026-08-16T05:35:37.624-07:00,22.326,drawing,,open,15.0,1.064728,2.895000,39.06,102.31,31.46,88.63,25.90,78.62,1335,1262,1008,259,WH-station1,2026-08-16T05:35:37.555-07:00
water_draw_1,2026-08-16T05:35:38.129-07:00,22.830,drawing,,open,15.0,1.089079,2.895000,39.06,102.31,31.04,87.88,26.00,78.80,1335,1258,1008,260,WH-station1,2026-08-16T05:35:38.060-07:00
water_draw_1,2026-08-16T05:35:38.634-07:00,23.335,drawing,,open,15.0,1.113443,2.895000,39.27,102.69,31.25,88.25,26.00,78.80,1337,1260,1008,260,WH-station1,2026-08-16T05:35:38.565-07:00
water_draw_1,2026-08-16T05:35:39.138-07:00,23.840,drawing,,open,15.0,1.138184,2.940938,39.48,103.06,31.25,88.25,26.00,78.80,1339,1260,1017,260,WH-station1,2026-08-16T05:35:39.070-07:00
water_draw_1,2026-08-16T05:35:39.643-07:00,24.345,drawing,,open,15.0,1.162581,2.900104,39.69,103.44,31.15,88.06,26.10,78.98,1341,1259,1009,261,WH-station1,2026-08-16T05:35:39.575-07:00
water_draw_1,2026-08-16T05:35:40.148-07:00,24.849,drawing,,open,15.0,1.187060,2.910313,39.79,103.62,30.83,87.50,26.00,78.80,1342,1256,1011,260,WH-station1,2026-08-16T05:35:40.080-07:00
water_draw_1,2026-08-16T05:35:40.652-07:00,25.354,drawing,,open,15.0,1.211800,2.940938,40.00,104.00,30.62,87.12,26.00,78.80,1344,1254,1017,260,WH-station1,2026-08-16T05:35:40.584-07:00
water_draw_1,2026-08-16T05:35:41.157-07:00,25.859,drawing,,open,15.0,1.236539,2.940938,40.21,104.38,30.73,87.31,26.00,78.80,1346,1255,1017,260,WH-station1,2026-08-16T05:35:41.089-07:00
water_draw_1,2026-08-16T05:35:41.662-07:00,26.364,drawing,,open,15.0,1.261155,2.925625,40.10,104.19,30.62,87.12,26.00,78.80,1345,1254,1014,260,WH-station1,2026-08-16T05:35:41.594-07:00
water_draw_1,2026-08-16T05:35:42.167-07:00,26.868,drawing,,open,15.0,1.285549,2.900104,40.31,104.56,30.10,86.19,26.00,78.80,1347,1249,1009,260,WH-station1,2026-08-16T05:35:42.100-07:00
water_draw_1,2026-08-16T05:35:42.672-07:00,27.373,drawing,,open,15.0,1.310077,2.915417,40.52,104.94,30.31,86.56,26.10,78.98,1349,1251,1012,261,WH-station1,2026-08-16T05:35:42.605-07:00
water_draw_1,2026-08-16T05:35:43.176-07:00,27.878,drawing,,open,15.0,1.334729,2.930729,40.83,105.50,30.10,86.19,26.00,78.80,1352,1249,1015,260,WH-station1,2026-08-16T05:35:43.110-07:00
water_draw_1,2026-08-16T05:35:43.681-07:00,28.383,drawing,,open,15.0,1.359383,2.930729,40.73,105.31,29.69,85.44,25.90,78.62,1351,1245,1015,259,WH-station1,2026-08-16T05:35:43.615-07:00
water_draw_1,2026-08-16T05:35:44.186-07:00,28.887,drawing,,open,15.0,1.383825,2.905208,40.73,105.31,30.10,86.19,26.00,78.80,1351,1249,1010,260,WH-station1,2026-08-16T05:35:44.121-07:00
water_draw_1,2026-08-16T05:35:44.691-07:00,29.392,drawing,,open,15.0,1.408309,2.910313,41.35,106.44,29.90,85.81,26.00,78.80,1357,1247,1011,260,WH-station1,2026-08-16T05:35:44.626-07:00
water_draw_1,2026-08-16T05:35:45.195-07:00,29.897,drawing,,open,15.0,1.433090,2.946042,41.35,106.44,29.79,85.62,26.00,78.80,1357,1246,1018,260,WH-station1,2026-08-16T05:35:45.131-07:00
water_draw_1,2026-08-16T05:35:45.700-07:00,30.402,drawing,,open,15.0,1.457658,2.920521,41.25,106.25,29.69,85.44,26.10,78.98,1356,1245,1013,261,WH-station1,2026-08-16T05:35:45.637-07:00
water_draw_1,2026-08-16T05:35:46.205-07:00,30.906,drawing,,open,15.0,1.482140,2.910313,41.46,106.63,29.69,85.44,26.00,78.80,1358,1245,1011,260,WH-station1,2026-08-16T05:35:46.142-07:00
water_draw_1,2026-08-16T05:35:46.710-07:00,31.411,drawing,,open,15.0,1.506669,2.915417,41.35,106.44,29.58,85.25,25.90,78.62,1357,1244,1012,259,WH-station1,2026-08-16T05:35:46.647-07:00
water_draw_1,2026-08-16T05:35:47.214-07:00,31.916,drawing,,open,15.0,1.531151,2.910313,41.56,106.81,29.48,85.06,26.00,78.80,1359,1243,1011,260,WH-station1,2026-08-16T05:35:47.152-07:00
water_draw_1,2026-08-16T05:35:47.719-07:00,32.421,drawing,,open,15.0,1.555805,2.930729,41.67,107.00,29.27,84.69,26.00,78.80,1360,1241,1015,260,WH-station1,2026-08-16T05:35:47.657-07:00
water_draw_1,2026-08-16T05:35:48.224-07:00,32.925,drawing,,open,15.0,1.580288,2.910313,41.77,107.19,29.38,84.88,26.10,78.98,1361,1242,1011,261,WH-station1,2026-08-16T05:35:48.163-07:00
water_draw_1,2026-08-16T05:35:48.728-07:00,33.430,drawing,,open,15.0,1.604770,2.910313,41.77,107.19,29.27,84.69,26.10,78.98,1361,1241,1011,261,WH-station1,2026-08-16T05:35:48.668-07:00
water_draw_1,2026-08-16T05:35:49.233-07:00,33.935,drawing,,open,15.0,1.629467,2.935833,41.77,107.19,28.96,84.12,26.10,78.98,1361,1238,1016,261,WH-station1,2026-08-16T05:35:49.173-07:00
water_draw_1,2026-08-16T05:35:49.738-07:00,34.440,drawing,,open,15.0,1.653955,2.910313,42.19,107.94,28.85,83.94,26.00,78.80,1365,1237,1011,260,WH-station1,2026-08-16T05:35:49.678-07:00
water_draw_1,2026-08-16T05:35:50.243-07:00,34.944,drawing,,open,15.0,1.678606,2.930729,42.19,107.94,29.17,84.50,25.90,78.62,1365,1240,1015,259,WH-station1,2026-08-16T05:35:50.184-07:00
water_draw_1,2026-08-16T05:35:50.747-07:00,35.449,drawing,,open,15.0,1.703086,2.910313,42.19,107.94,28.96,84.12,26.00,78.80,1365,1238,1011,260,WH-station1,2026-08-16T05:35:50.689-07:00
water_draw_1,2026-08-16T05:35:51.252-07:00,35.954,drawing,,open,15.0,1.727696,2.925625,42.40,108.31,28.65,83.56,26.10,78.98,1367,1235,1014,261,WH-station1,2026-08-16T05:35:51.194-07:00
water_draw_1,2026-08-16T05:35:51.757-07:00,36.458,drawing,,open,15.0,1.752348,2.930729,42.50,108.50,28.33,83.00,26.10,78.98,1368,1232,1015,261,WH-station1,2026-08-16T05:35:51.699-07:00
water_draw_1,2026-08-16T05:35:52.262-07:00,36.963,drawing,,open,15.0,1.776914,2.920521,42.50,108.50,28.44,83.19,26.00,78.80,1368,1233,1013,260,WH-station1,2026-08-16T05:35:52.205-07:00
water_draw_1,2026-08-16T05:35:52.766-07:00,37.468,drawing,,open,15.0,1.801700,2.946042,42.71,108.88,28.65,83.56,26.00,78.80,1370,1235,1018,260,WH-station1,2026-08-16T05:35:52.710-07:00
water_draw_1,2026-08-16T05:35:53.271-07:00,37.973,drawing,,open,15.0,1.826179,2.910313,42.92,109.25,28.85,83.94,26.10,78.98,1372,1237,1011,261,WH-station1,2026-08-16T05:35:53.216-07:00
water_draw_1,2026-08-16T05:35:53.776-07:00,38.477,drawing,,open,15.0,1.850833,2.930729,42.71,108.88,28.44,83.19,25.90,78.62,1370,1233,1015,259,WH-station1,2026-08-16T05:35:53.721-07:00
water_draw_1,2026-08-16T05:35:54.280-07:00,38.982,drawing,,open,15.0,1.875357,2.915417,42.81,109.06,28.44,83.19,26.10,78.98,1371,1233,1012,261,WH-station1,2026-08-16T05:35:54.226-07:00
water_draw_1,2026-08-16T05:35:54.785-07:00,39.487,drawing,,open,15.0,1.900180,2.951146,42.92,109.25,27.92,82.25,26.00,78.80,1372,1228,1019,260,WH-station1,2026-08-16T05:35:54.731-07:00
water_draw_1,2026-08-16T05:35:55.290-07:00,39.991,drawing,,open,15.0,1.924662,2.910313,43.02,109.44,28.02,82.44,26.00,78.80,1373,1229,1011,260,WH-station1,2026-08-16T05:35:55.237-07:00
water_draw_1,2026-08-16T05:35:55.795-07:00,40.496,drawing,,open,15.0,1.949401,2.940938,43.02,109.44,28.02,82.44,26.10,78.98,1373,1229,1017,261,WH-station1,2026-08-16T05:35:55.742-07:00
water_draw_1,2026-08-16T05:35:56.299-07:00,41.001,drawing,,open,15.0,1.974012,2.925625,43.12,109.62,27.92,82.25,25.90,78.62,1374,1228,1014,259,WH-station1,2026-08-16T05:35:56.247-07:00
water_draw_1,2026-08-16T05:35:56.804-07:00,41.506,drawing,,open,15.0,1.998664,2.930729,43.12,109.62,27.81,82.06,25.90,78.62,1374,1227,1015,259,WH-station1,2026-08-16T05:35:56.753-07:00
water_draw_1,2026-08-16T05:35:57.309-07:00,42.010,drawing,,open,15.0,2.023315,2.930729,43.12,109.62,27.81,82.06,26.00,78.80,1374,1227,1015,260,WH-station1,2026-08-16T05:35:57.258-07:00
water_draw_1,2026-08-16T05:35:57.813-07:00,42.515,drawing,,open,15.0,2.048055,2.940938,43.33,110.00,27.71,81.88,26.00,78.80,1376,1226,1017,260,WH-station1,2026-08-16T05:35:57.763-07:00
water_draw_1,2026-08-16T05:35:58.318-07:00,43.020,drawing,,open,15.0,2.072804,2.940938,43.54,110.38,27.50,81.50,26.00,78.80,1378,1224,1017,260,WH-station1,2026-08-16T05:35:58.268-07:00
water_draw_1,2026-08-16T05:35:58.823-07:00,43.525,drawing,,open,15.0,2.097631,2.951146,43.54,110.38,27.71,81.88,25.90,78.62,1378,1226,1019,259,WH-station1,2026-08-16T05:35:58.774-07:00
water_draw_1,2026-08-16T05:35:59.328-07:00,44.029,drawing,,open,15.0,2.123660,3.094063,43.44,110.19,27.81,82.06,26.00,78.80,1377,1227,1047,260,WH-station1,2026-08-16T05:35:59.279-07:00
water_draw_1,2026-08-16T05:35:59.832-07:00,44.534,drawing,,open,15.0,2.149344,3.053229,43.65,110.56,27.50,81.50,26.00,78.80,1379,1224,1039,260,WH-station1,2026-08-16T05:35:59.784-07:00
water_draw_1,2026-08-16T05:36:00.337-07:00,45.039,drawing,,open,15.0,2.174340,2.971563,43.65,110.56,27.08,80.75,26.00,78.80,1379,1220,1023,260,WH-station1,2026-08-16T05:36:00.289-07:00
water_draw_1,2026-08-16T05:36:00.853-07:00,45.544,drawing,,open,15.0,2.199304,2.966458,43.54,110.38,27.40,81.31,26.10,78.98,1378,1223,1022,261,WH-station1,2026-08-16T05:36:00.794-07:00
water_draw_1,2026-08-16T05:36:01.392-07:00,46.059,drawing,,open,15.0,2.225062,2.997083,43.44,110.19,27.19,80.94,26.10,78.98,1377,1221,1028,261,WH-station1,2026-08-16T05:36:01.299-07:00
water_draw_1,2026-08-16T05:36:01.906-07:00,46.599,drawing,,open,15.0,2.252227,3.022604,43.75,110.75,27.19,80.94,26.10,78.98,1380,1221,1033,261,WH-station1,2026-08-16T05:36:01.804-07:00
water_draw_1,2026-08-16T05:36:02.411-07:00,47.112,drawing,,open,15.0,2.278089,3.022604,43.65,110.56,27.08,80.75,26.00,78.80,1379,1220,1033,260,WH-station1,2026-08-16T05:36:02.309-07:00
water_draw_1,2026-08-16T05:36:02.928-07:00,47.618,drawing,,open,15.0,2.303558,3.022604,43.85,110.94,27.08,80.75,26.00,78.80,1381,1220,1033,260,WH-station1,2026-08-16T05:36:02.815-07:00
water_draw_1,2026-08-16T05:36:03.449-07:00,48.134,drawing,,open,15.0,2.329261,2.986875,43.96,111.13,26.98,80.56,26.20,79.16,1382,1219,1026,262,WH-station1,2026-08-16T05:36:03.320-07:00
water_draw_1,2026-08-16T05:36:03.954-07:00,48.655,drawing,,open,15.0,2.355566,3.027708,43.96,111.13,27.19,80.94,26.00,78.80,1382,1221,1034,260,WH-station1,2026-08-16T05:36:03.826-07:00
water_draw_1,2026-08-16T05:36:04.456-07:00,49.160,drawing,,open,15.0,2.381030,3.027708,43.96,111.13,27.19,80.94,26.10,78.98,1382,1221,1034,261,WH-station1,2026-08-16T05:36:04.331-07:00
water_draw_1,2026-08-16T05:36:04.958-07:00,49.662,drawing,,open,15.0,2.406194,3.007292,43.85,110.94,27.19,80.94,26.20,79.16,1381,1221,1030,262,WH-station1,2026-08-16T05:36:04.837-07:00
water_draw_1,2026-08-16T05:36:05.460-07:00,50.164,drawing,,open,15.0,2.431308,3.002187,43.96,111.13,26.77,80.19,26.10,78.98,1382,1217,1029,261,WH-station1,2026-08-16T05:36:05.342-07:00
water_draw_1,2026-08-16T05:36:05.962-07:00,50.666,drawing,,open,15.0,2.456641,3.027708,43.96,111.13,26.46,79.62,26.10,78.98,1382,1214,1034,261,WH-station1,2026-08-16T05:36:05.847-07:00
water_draw_1,2026-08-16T05:36:06.464-07:00,51.168,drawing,,open,15.0,2.481841,3.012396,44.17,111.50,26.77,80.19,26.10,78.98,1384,1217,1031,261,WH-station1,2026-08-16T05:36:06.353-07:00
water_draw_1,2026-08-16T05:36:06.966-07:00,51.670,drawing,,open,15.0,2.507170,3.027708,44.27,111.69,26.77,80.19,26.10,78.98,1385,1217,1034,261,WH-station1,2026-08-16T05:36:06.858-07:00
water_draw_1,2026-08-16T05:36:07.468-07:00,52.172,drawing,,open,15.0,2.532329,3.007292,43.96,111.13,26.87,80.37,26.10,78.98,1382,1218,1030,261,WH-station1,2026-08-16T05:36:07.364-07:00
water_draw_1,2026-08-16T05:36:07.970-07:00,52.674,drawing,,open,15.0,2.557489,3.007292,44.17,111.50,26.67,80.00,26.20,79.16,1384,1216,1030,262,WH-station1,2026-08-16T05:36:07.868-07:00
water_draw_1,2026-08-16T05:36:08.471-07:00,53.176,drawing,,open,15.0,2.582730,3.017500,44.27,111.69,26.46,79.62,26.00,78.80,1385,1214,1032,260,WH-station1,2026-08-16T05:36:08.373-07:00
water_draw_1,2026-08-16T05:36:08.973-07:00,53.678,drawing,,open,15.0,2.607847,3.002187,44.17,111.50,26.15,79.06,26.10,78.98,1384,1211,1029,261,WH-station1,2026-08-16T05:36:08.877-07:00
water_draw_1,2026-08-16T05:36:09.478-07:00,54.179,drawing,,open,15.0,2.633134,3.022604,44.17,111.50,26.35,79.44,25.90,78.62,1384,1213,1033,259,WH-station1,2026-08-16T05:36:09.382-07:00
water_draw_1,2026-08-16T05:36:09.982-07:00,54.684,drawing,,open,15.0,2.658430,3.007292,44.27,111.69,26.67,80.00,26.00,78.80,1385,1216,1030,260,WH-station1,2026-08-16T05:36:09.886-07:00
water_draw_1,2026-08-16T05:36:10.487-07:00,55.189,drawing,,open,15.0,2.683809,3.017500,44.48,112.06,26.35,79.44,26.00,78.80,1387,1213,1032,260,WH-station1,2026-08-16T05:36:10.391-07:00
water_draw_1,2026-08-16T05:36:10.992-07:00,55.694,drawing,,open,15.0,2.709192,3.017500,44.58,112.25,26.04,78.87,26.10,78.98,1388,1210,1032,261,WH-station1,2026-08-16T05:36:10.896-07:00
water_draw_1,2026-08-16T05:36:11.496-07:00,56.198,drawing,,open,15.0,2.734527,3.012396,44.38,111.88,26.04,78.87,25.90,78.62,1386,1210,1031,259,WH-station1,2026-08-16T05:36:11.401-07:00
water_draw_1,2026-08-16T05:36:12.001-07:00,56.703,drawing,,open,15.0,2.759830,3.007292,44.38,111.88,26.46,79.62,26.10,78.98,1386,1214,1030,261,WH-station1,2026-08-16T05:36:11.906-07:00
water_draw_1,2026-08-16T05:36:12.506-07:00,57.208,drawing,,open,15.0,2.785041,2.997083,44.38,111.88,26.04,78.87,26.10,78.98,1386,1210,1028,261,WH-station1,2026-08-16T05:36:12.411-07:00
water_draw_1,2026-08-16T05:36:13.011-07:00,57.712,drawing,,open,15.0,2.810293,3.002187,44.58,112.25,26.15,79.06,26.10,78.98,1388,1211,1029,261,WH-station1,2026-08-16T05:36:12.916-07:00
water_draw_1,2026-08-16T05:36:13.515-07:00,58.217,drawing,,open,15.0,2.835758,3.027708,44.69,112.44,25.94,78.69,26.00,78.80,1389,1209,1034,260,WH-station1,2026-08-16T05:36:13.421-07:00
water_draw_1,2026-08-16T05:36:14.020-07:00,58.722,drawing,,open,15.0,2.861098,3.012396,44.48,112.06,26.04,78.87,26.00,78.80,1387,1210,1031,260,WH-station1,2026-08-16T05:36:13.926-07:00
water_draw_1,2026-08-16T05:36:14.525-07:00,59.226,drawing,,open,15.0,2.886563,3.027708,44.69,112.44,26.04,78.87,26.10,78.98,1389,1210,1034,261,WH-station1,2026-08-16T05:36:14.431-07:00
water_draw_1,2026-08-16T05:36:15.029-07:00,59.731,drawing,,open,15.0,2.911988,3.022604,44.58,112.25,25.94,78.69,26.10,78.98,1388,1209,1033,261,WH-station1,2026-08-16T05:36:14.936-07:00
water_draw_1,2026-08-16T05:36:15.534-07:00,60.236,drawing,,open,15.0,2.937284,3.007292,44.79,112.62,25.73,78.31,26.00,78.80,1390,1207,1030,260,WH-station1,2026-08-16T05:36:15.441-07:00
water_draw_1,2026-08-16T05:36:16.039-07:00,60.740,drawing,,open,15.0,2.962669,3.017500,44.69,112.44,26.04,78.87,26.10,78.98,1389,1210,1032,261,WH-station1,2026-08-16T05:36:15.947-07:00
water_draw_1,2026-08-16T05:36:16.543-07:00,61.245,drawing,,open,15.0,2.987877,2.997083,44.79,112.62,25.63,78.13,26.00,78.80,1390,1206,1028,260,WH-station1,2026-08-16T05:36:16.452-07:00
water_draw_1,2026-08-16T05:36:17.048-07:00,61.750,drawing,,open,15.0,3.013257,3.017500,44.79,112.62,25.83,78.50,26.00,78.80,1390,1208,1032,260,WH-station1,2026-08-16T05:36:16.957-07:00
water_draw_1,2026-08-16T05:36:17.553-07:00,62.254,drawing,,open,15.0,3.038552,3.007292,44.79,112.62,25.73,78.31,26.10,78.98,1390,1207,1030,261,WH-station1,2026-08-16T05:36:17.462-07:00
water_draw_1,2026-08-16T05:36:18.058-07:00,62.759,drawing,,open,15.0,3.063850,3.007292,44.90,112.81,25.83,78.50,26.10,78.98,1391,1208,1030,261,WH-station1,2026-08-16T05:36:17.967-07:00
water_draw_1,2026-08-16T05:36:18.562-07:00,63.264,drawing,,open,15.0,3.089279,3.022604,44.69,112.44,25.73,78.31,26.10,78.98,1389,1207,1033,261,WH-station1,2026-08-16T05:36:18.472-07:00
water_draw_1,2026-08-16T05:36:19.067-07:00,63.769,drawing,,open,15.0,3.114745,3.027708,44.90,112.81,25.73,78.31,26.20,79.16,1391,1207,1034,262,WH-station1,2026-08-16T05:36:18.977-07:00
water_draw_1,2026-08-16T05:36:19.572-07:00,64.273,drawing,,open,15.0,3.140342,3.043021,44.69,112.44,25.63,78.13,26.10,78.98,1389,1206,1037,261,WH-station1,2026-08-16T05:36:19.482-07:00
water_draw_1,2026-08-16T05:36:20.076-07:00,64.778,drawing,,open,15.0,3.165724,3.017500,45.00,113.00,25.83,78.50,26.10,78.98,1392,1208,1032,261,WH-station1,2026-08-16T05:36:19.987-07:00
water_draw_1,2026-08-16T05:36:20.581-07:00,65.283,drawing,,open,15.0,3.191188,3.027708,45.00,113.00,25.63,78.13,26.10,78.98,1392,1206,1034,261,WH-station1,2026-08-16T05:36:20.492-07:00
water_draw_1,2026-08-16T05:36:21.086-07:00,65.787,drawing,,open,15.0,3.216705,3.032812,44.90,112.81,25.63,78.13,26.00,78.80,1391,1206,1035,260,WH-station1,2026-08-16T05:36:20.997-07:00
water_draw_1,2026-08-16T05:36:21.591-07:00,66.292,drawing,,open,15.0,3.242215,3.032812,44.90,112.81,25.63,78.13,26.00,78.80,1391,1206,1035,260,WH-station1,2026-08-16T05:36:21.502-07:00
water_draw_1,2026-08-16T05:36:22.095-07:00,66.797,drawing,,open,15.0,3.267554,3.012396,44.90,112.81,25.52,77.94,26.20,79.16,1391,1205,1031,262,WH-station1,2026-08-16T05:36:22.007-07:00
water_draw_1,2026-08-16T05:36:22.600-07:00,67.301,drawing,,open,15.0,3.293018,3.027708,44.79,112.62,25.31,77.56,26.10,78.98,1390,1203,1034,261,WH-station1,2026-08-16T05:36:22.512-07:00
water_draw_1,2026-08-16T05:36:23.105-07:00,67.806,drawing,,open,15.0,3.318704,3.053229,45.10,113.19,25.10,77.19,25.90,78.62,1393,1201,1039,259,WH-station1,2026-08-16T05:36:23.017-07:00
water_draw_1,2026-08-16T05:36:23.609-07:00,68.311,drawing,,open,15.0,3.344563,3.073646,44.90,112.81,25.63,78.13,26.10,78.98,1391,1206,1043,261,WH-station1,2026-08-16T05:36:23.522-07:00
water_draw_1,2026-08-16T05:36:24.114-07:00,68.816,drawing,,open,15.0,3.371536,3.206354,45.21,113.38,25.52,77.94,26.00,78.80,1394,1205,1069,260,WH-station1,2026-08-16T05:36:24.028-07:00
water_draw_1,2026-08-16T05:36:24.619-07:00,69.320,drawing,,open,15.0,3.399317,3.303333,45.10,113.19,25.31,77.56,26.00,78.80,1393,1203,1088,260,WH-station1,2026-08-16T05:36:24.532-07:00
water_draw_1,2026-08-16T05:36:25.123-07:00,69.825,drawing,,open,15.0,3.425728,3.140000,45.31,113.56,25.42,77.75,26.00,78.80,1395,1204,1056,260,WH-station1,2026-08-16T05:36:25.037-07:00
water_draw_1,2026-08-16T05:36:25.628-07:00,70.330,drawing,,open,15.0,3.451362,3.048125,45.00,113.00,25.21,77.38,26.10,78.98,1392,1202,1038,261,WH-station1,2026-08-16T05:36:25.542-07:00
water_draw_1,2026-08-16T05:36:26.133-07:00,70.834,drawing,,open,15.0,3.477819,3.145104,45.10,113.19,25.52,77.94,26.10,78.98,1393,1205,1057,261,WH-station1,2026-08-16T05:36:26.047-07:00
water_draw_1,2026-08-16T05:36:26.638-07:00,71.339,drawing,,open,15.0,3.505610,3.303333,45.00,113.00,25.52,77.94,26.10,78.98,1392,1205,1088,261,WH-station1,2026-08-16T05:36:26.552-07:00
water_draw_1,2026-08-16T05:36:27.142-07:00,71.844,drawing,,open,15.0,3.533272,3.288021,45.10,113.19,25.10,77.19,26.00,78.80,1393,1201,1085,260,WH-station1,2026-08-16T05:36:27.057-07:00
water_draw_1,2026-08-16T05:36:27.647-07:00,72.348,drawing,,open,15.0,3.560366,3.221667,45.10,113.19,25.21,77.38,26.00,78.80,1393,1202,1072,260,WH-station1,2026-08-16T05:36:27.562-07:00
water_draw_1,2026-08-16T05:36:28.151-07:00,72.853,drawing,,open,15.0,3.587078,3.175729,45.10,113.19,25.21,77.38,26.10,78.98,1393,1202,1063,261,WH-station1,2026-08-16T05:36:28.067-07:00
water_draw_1,2026-08-16T05:36:28.656-07:00,73.358,drawing,,open,15.0,3.614258,3.231875,45.00,113.00,25.31,77.56,26.00,78.80,1392,1203,1074,260,WH-station1,2026-08-16T05:36:28.572-07:00
water_draw_1,2026-08-16T05:36:29.161-07:00,73.862,drawing,,open,15.0,3.641613,3.252292,45.21,113.38,25.00,77.00,26.10,78.98,1394,1200,1078,261,WH-station1,2026-08-16T05:36:29.077-07:00
water_draw_1,2026-08-16T05:36:29.666-07:00,74.367,drawing,,open,15.0,3.668712,3.221667,45.31,113.56,25.21,77.38,26.10,78.98,1395,1202,1072,261,WH-station1,2026-08-16T05:36:29.582-07:00
water_draw_1,2026-08-16T05:36:30.170-07:00,74.872,drawing,,open,15.0,3.695773,3.216562,45.31,113.56,25.00,77.00,26.00,78.80,1395,1200,1071,260,WH-station1,2026-08-16T05:36:30.087-07:00
water_draw_1,2026-08-16T05:36:30.675-07:00,75.377,drawing,,open,15.0,3.722783,3.211458,45.31,113.56,25.31,77.56,26.00,78.80,1395,1203,1070,260,WH-station1,2026-08-16T05:36:30.592-07:00
water_draw_1,2026-08-16T05:36:31.180-07:00,75.881,drawing,,open,15.0,3.749580,3.185938,45.42,113.75,25.10,77.19,26.00,78.80,1396,1201,1065,260,WH-station1,2026-08-16T05:36:31.097-07:00
water_draw_1,2026-08-16T05:36:31.684-07:00,76.386,drawing,,open,15.0,3.776291,3.175729,45.42,113.75,25.10,77.19,26.00,78.80,1396,1201,1063,260,WH-station1,2026-08-16T05:36:31.602-07:00
water_draw_1,2026-08-16T05:36:32.189-07:00,76.891,drawing,,open,15.0,3.803046,3.180833,45.52,113.94,24.69,76.44,26.10,78.98,1397,1197,1064,261,WH-station1,2026-08-16T05:36:32.107-07:00
water_draw_1,2026-08-16T05:36:32.694-07:00,77.395,drawing,,open,15.0,3.829933,3.196146,45.42,113.75,25.00,77.00,26.10,78.98,1396,1200,1067,261,WH-station1,2026-08-16T05:36:32.612-07:00
water_draw_1,2026-08-16T05:36:33.198-07:00,77.900,drawing,,open,15.0,3.856950,3.211458,45.31,113.56,24.90,76.81,26.10,78.98,1395,1199,1070,261,WH-station1,2026-08-16T05:36:33.117-07:00
water_draw_1,2026-08-16T05:36:33.703-07:00,78.405,drawing,,open,15.0,3.883744,3.185938,45.42,113.75,25.00,77.00,26.00,78.80,1396,1200,1065,260,WH-station1,2026-08-16T05:36:33.622-07:00
water_draw_1,2026-08-16T05:36:34.208-07:00,78.909,drawing,,open,15.0,3.910676,3.201250,45.31,113.56,25.00,77.00,26.00,78.80,1395,1200,1068,260,WH-station1,2026-08-16T05:36:34.127-07:00
water_draw_1,2026-08-16T05:36:34.712-07:00,79.414,drawing,,open,15.0,3.937599,3.201250,45.31,113.56,24.90,76.81,26.00,78.80,1395,1199,1068,260,WH-station1,2026-08-16T05:36:34.633-07:00
water_draw_1,2026-08-16T05:36:35.217-07:00,79.919,drawing,,open,15.0,3.964611,3.211458,45.31,113.56,24.58,76.25,26.10,78.98,1395,1196,1070,261,WH-station1,2026-08-16T05:36:35.138-07:00
water_draw_1,2026-08-16T05:36:35.722-07:00,80.423,drawing,,open,15.0,3.991452,3.191042,45.21,113.38,25.31,77.56,26.10,78.98,1394,1203,1066,261,WH-station1,2026-08-16T05:36:35.643-07:00
water_draw_1,2026-08-16T05:36:36.226-07:00,80.928,drawing,,open,15.0,4.018381,3.201250,45.10,113.19,24.79,76.63,26.00,78.80,1393,1198,1068,260,WH-station1,2026-08-16T05:36:36.148-07:00
water_draw_1,2026-08-16T05:36:36.731-07:00,81.433,drawing,,open,15.0,4.045219,3.191042,45.42,113.75,25.00,77.00,25.90,78.62,1396,1200,1066,259,WH-station1,2026-08-16T05:36:36.653-07:00
water_draw_1,2026-08-16T05:36:37.236-07:00,81.937,drawing,,open,15.0,4.072273,3.216562,45.31,113.56,24.58,76.25,26.10,78.98,1395,1196,1071,261,WH-station1,2026-08-16T05:36:37.159-07:00
water_draw_1,2026-08-16T05:36:37.740-07:00,82.442,drawing,,open,15.0,4.099284,3.211458,45.42,113.75,25.00,77.00,26.10,78.98,1396,1200,1070,261,WH-station1,2026-08-16T05:36:37.664-07:00
water_draw_1,2026-08-16T05:36:38.245-07:00,82.947,drawing,,open,15.0,4.126126,3.191042,45.21,113.38,24.58,76.25,26.00,78.80,1394,1196,1066,260,WH-station1,2026-08-16T05:36:38.168-07:00
water_draw_1,2026-08-16T05:36:38.750-07:00,83.451,drawing,,open,15.0,4.153143,3.211458,45.42,113.75,24.90,76.81,26.10,78.98,1396,1199,1070,261,WH-station1,2026-08-16T05:36:38.673-07:00
water_draw_1,2026-08-16T05:36:39.254-07:00,83.956,drawing,,open,15.0,4.180068,3.201250,45.31,113.56,24.90,76.81,26.20,79.16,1395,1199,1068,262,WH-station1,2026-08-16T05:36:39.178-07:00
water_draw_1,2026-08-16T05:36:39.759-07:00,84.461,drawing,,open,15.0,4.207077,3.211458,45.42,113.75,24.90,76.81,26.00,78.80,1396,1199,1070,260,WH-station1,2026-08-16T05:36:39.683-07:00
water_draw_1,2026-08-16T05:36:40.264-07:00,84.965,drawing,,open,15.0,4.234090,3.211458,45.42,113.75,24.90,76.81,26.00,78.80,1396,1199,1070,260,WH-station1,2026-08-16T05:36:40.187-07:00
water_draw_1,2026-08-16T05:36:40.769-07:00,85.470,drawing,,open,15.0,4.261105,3.211458,45.42,113.75,24.48,76.06,26.00,78.80,1396,1195,1070,260,WH-station1,2026-08-16T05:36:40.692-07:00
water_draw_1,2026-08-16T05:36:41.273-07:00,85.975,drawing,,open,15.0,4.288338,3.236979,45.52,113.94,24.69,76.44,25.90,78.62,1397,1197,1075,259,WH-station1,2026-08-16T05:36:41.197-07:00
water_draw_1,2026-08-16T05:36:41.778-07:00,86.480,drawing,,open,15.0,4.315487,3.226771,45.52,113.94,24.48,76.06,26.10,78.98,1397,1195,1073,261,WH-station1,2026-08-16T05:36:41.702-07:00
water_draw_1,2026-08-16T05:36:42.283-07:00,86.984,drawing,,open,15.0,4.342626,3.226771,45.62,114.12,24.79,76.63,26.00,78.80,1398,1198,1073,260,WH-station1,2026-08-16T05:36:42.206-07:00
water_draw_1,2026-08-16T05:36:42.787-07:00,87.489,drawing,,open,15.0,4.369813,3.231875,45.73,114.31,24.37,75.87,26.10,78.98,1399,1194,1074,261,WH-station1,2026-08-16T05:36:42.711-07:00
water_draw_1,2026-08-16T05:36:43.292-07:00,87.994,drawing,,open,15.0,4.396781,3.206354,45.52,113.94,24.58,76.25,26.10,78.98,1397,1196,1069,261,WH-station1,2026-08-16T05:36:43.216-07:00
water_draw_1,2026-08-16T05:36:43.797-07:00,88.498,drawing,,open,15.0,4.423667,3.196146,45.52,113.94,24.69,76.44,26.00,78.80,1397,1197,1067,260,WH-station1,2026-08-16T05:36:43.721-07:00
water_draw_1,2026-08-16T05:36:44.302-07:00,89.003,drawing,,open,15.0,4.450598,3.201250,45.62,114.12,24.27,75.69,26.00,78.80,1398,1193,1068,260,WH-station1,2026-08-16T05:36:44.225-07:00
water_draw_1,2026-08-16T05:36:44.806-07:00,89.508,drawing,,open,15.0,4.477703,3.221667,45.42,113.75,24.90,76.81,26.00,78.80,1396,1199,1072,260,WH-station1,2026-08-16T05:36:44.730-07:00
water_draw_1,2026-08-16T05:36:45.311-07:00,90.013,drawing,,open,15.0,4.504633,3.201250,45.62,114.12,24.69,76.44,26.10,78.98,1398,1197,1068,261,WH-station1,2026-08-16T05:36:45.235-07:00
water_draw_1,2026-08-16T05:36:45.816-07:00,90.518,drawing,,open,15.0,4.531735,3.221667,45.52,113.94,24.69,76.44,26.00,78.80,1397,1197,1072,260,WH-station1,2026-08-16T05:36:45.739-07:00
water_draw_1,2026-08-16T05:36:46.321-07:00,91.022,drawing,,open,15.0,4.558619,3.196146,45.73,114.31,24.27,75.69,26.10,78.98,1399,1193,1067,261,WH-station1,2026-08-16T05:36:46.244-07:00
water_draw_1,2026-08-16T05:36:46.825-07:00,91.527,drawing,,open,15.0,4.585598,3.206354,45.62,114.12,24.69,76.44,26.00,78.80,1398,1197,1069,260,WH-station1,2026-08-16T05:36:46.749-07:00
water_draw_1,2026-08-16T05:36:47.330-07:00,92.032,drawing,,open,15.0,4.612481,3.196146,45.52,113.94,24.58,76.25,26.00,78.80,1397,1196,1067,260,WH-station1,2026-08-16T05:36:47.253-07:00
water_draw_1,2026-08-16T05:36:47.835-07:00,92.536,drawing,,open,15.0,4.639495,3.211458,45.52,113.94,24.27,75.69,26.10,78.98,1397,1193,1070,261,WH-station1,2026-08-16T05:36:47.758-07:00
water_draw_1,2026-08-16T05:36:48.340-07:00,93.041,drawing,,open,15.0,4.666462,3.206354,45.42,113.75,24.69,76.44,26.00,78.80,1396,1197,1069,260,WH-station1,2026-08-16T05:36:48.263-07:00
water_draw_1,2026-08-16T05:36:48.844-07:00,93.546,drawing,,open,15.0,4.693436,3.206354,45.62,114.12,24.27,75.69,26.10,78.98,1398,1193,1069,261,WH-station1,2026-08-16T05:36:48.767-07:00
water_draw_1,2026-08-16T05:36:49.349-07:00,94.050,drawing,,open,15.0,4.720619,3.231875,45.42,113.75,24.69,76.44,26.10,78.98,1396,1197,1074,261,WH-station1,2026-08-16T05:36:49.272-07:00
water_draw_1,2026-08-16T05:36:49.854-07:00,94.555,drawing,,open,15.0,4.747638,3.211458,45.52,113.94,24.58,76.25,26.10,78.98,1397,1196,1070,261,WH-station1,2026-08-16T05:36:49.777-07:00
water_draw_1,2026-08-16T05:36:50.358-07:00,95.060,drawing,,open,15.0,4.774825,3.231875,45.73,114.31,24.58,76.25,26.00,78.80,1399,1196,1074,260,WH-station1,2026-08-16T05:36:50.281-07:00
water_draw_1,2026-08-16T05:36:50.863-07:00,95.565,drawing,,open,15.0,4.801883,3.216562,45.62,114.12,24.48,76.06,26.10,78.98,1398,1195,1071,261,WH-station1,2026-08-16T05:36:50.786-07:00
water_draw_1,2026-08-16T05:36:51.368-07:00,96.069,drawing,,open,15.0,4.829067,3.231875,45.62,114.12,24.27,75.69,26.00,78.80,1398,1193,1074,260,WH-station1,2026-08-16T05:36:51.291-07:00
water_draw_1,2026-08-16T05:36:51.872-07:00,96.574,drawing,,open,15.0,4.856125,3.216562,45.62,114.12,24.37,75.87,26.20,79.16,1398,1194,1071,262,WH-station1,2026-08-16T05:36:51.796-07:00
water_draw_1,2026-08-16T05:36:52.377-07:00,97.079,drawing,,open,15.0,4.883222,3.221667,45.73,114.31,24.27,75.69,26.10,78.98,1399,1193,1072,261,WH-station1,2026-08-16T05:36:52.300-07:00
water_draw_1,2026-08-16T05:36:52.882-07:00,97.583,drawing,,open,15.0,4.910235,3.211458,45.73,114.31,24.27,75.69,26.00,78.80,1399,1193,1070,260,WH-station1,2026-08-16T05:36:52.805-07:00
water_draw_1,2026-08-16T05:36:53.386-07:00,98.088,drawing,,open,15.0,4.937288,3.216562,45.52,113.94,24.48,76.06,26.10,78.98,1397,1195,1071,261,WH-station1,2026-08-16T05:36:53.310-07:00
water_draw_1,2026-08-16T05:36:53.891-07:00,98.593,drawing,,open,15.0,4.964301,3.211458,45.73,114.31,24.37,75.87,26.10,78.98,1399,1194,1070,261,WH-station1,2026-08-16T05:36:53.814-07:00
water_draw_1,2026-08-16T05:36:54.396-07:00,99.097,drawing,,open,15.0,4.991396,3.221667,45.73,114.31,24.58,76.25,26.10,78.98,1399,1196,1072,261,WH-station1,2026-08-16T05:36:54.319-07:00
water_draw_1,2026-08-16T05:36:54.900-07:00,99.602,drawing,,open,15.0,5.018540,3.226771,45.62,114.12,24.58,76.25,26.00,78.80,1398,1196,1073,260,WH-station1,2026-08-16T05:36:54.824-07:00
water_draw_1,2026-08-16T05:36:55.405-07:00,100.107,drawing,,open,15.0,5.045856,3.247188,45.73,114.31,24.37,75.87,26.10,78.98,1399,1194,1077,261,WH-station1,2026-08-16T05:36:55.328-07:00
water_draw_1,2026-08-16T05:36:55.910-07:00,100.612,drawing,,open,15.0,5.072915,3.216562,45.83,114.50,24.37,75.87,26.10,78.98,1400,1194,1071,261,WH-station1,2026-08-16T05:36:55.833-07:00
water_draw_1,2026-08-16T05:36:56.415-07:00,101.116,drawing,,open,15.0,5.100061,3.226771,45.83,114.50,24.69,76.44,26.10,78.98,1400,1197,1073,261,WH-station1,2026-08-16T05:36:56.338-07:00
water_draw_1,2026-08-16T05:36:56.919-07:00,101.621,drawing,,open,15.0,5.127330,3.242083,45.94,114.69,24.06,75.31,26.00,78.80,1401,1191,1076,260,WH-station1,2026-08-16T05:36:56.842-07:00
water_draw_1,2026-08-16T05:36:57.424-07:00,102.126,drawing,,open,15.0,5.154468,3.226771,45.62,114.12,24.27,75.69,26.10,78.98,1398,1193,1073,261,WH-station1,2026-08-16T05:36:57.347-07:00
water_draw_1,2026-08-16T05:36:57.929-07:00,102.630,drawing,,open,15.0,5.181694,3.236979,45.62,114.12,24.06,75.31,26.10,78.98,1398,1191,1075,261,WH-station1,2026-08-16T05:36:57.852-07:00
water_draw_1,2026-08-16T05:36:58.434-07:00,103.135,drawing,,open,15.0,5.208840,3.226771,45.73,114.31,24.48,76.06,26.10,78.98,1399,1195,1073,261,WH-station1,2026-08-16T05:36:58.357-07:00
water_draw_1,2026-08-16T05:36:58.938-07:00,103.640,drawing,,open,15.0,5.235987,3.226771,45.52,113.94,23.75,74.75,26.10,78.98,1397,1188,1073,261,WH-station1,2026-08-16T05:36:58.861-07:00
water_draw_1,2026-08-16T05:36:59.443-07:00,104.144,drawing,,open,15.0,5.263169,3.231875,45.83,114.50,24.06,75.31,26.10,78.98,1400,1191,1074,261,WH-station1,2026-08-16T05:36:59.366-07:00
water_draw_1,2026-08-16T05:36:59.948-07:00,104.649,drawing,,open,15.0,5.290568,3.257396,45.62,114.12,24.37,75.87,26.20,79.16,1398,1194,1079,262,WH-station1,2026-08-16T05:36:59.871-07:00
water_draw_1,2026-08-16T05:37:00.454-07:00,105.154,drawing,,open,15.0,5.317755,3.231875,45.94,114.69,24.17,75.50,26.10,78.98,1401,1192,1074,261,WH-station1,2026-08-16T05:37:00.375-07:00
water_draw_1,2026-08-16T05:37:00.958-07:00,105.660,drawing,,open,15.0,5.345022,3.231875,45.83,114.50,24.27,75.69,26.20,79.16,1400,1193,1074,262,WH-station1,2026-08-16T05:37:00.880-07:00
water_draw_1,2026-08-16T05:37:01.463-07:00,106.165,drawing,,open,15.0,5.372206,3.231875,45.83,114.50,24.17,75.50,26.10,78.98,1400,1192,1074,261,WH-station1,2026-08-16T05:37:01.385-07:00
water_draw_1,2026-08-16T05:37:01.968-07:00,106.670,drawing,,open,15.0,5.399352,3.226771,45.73,114.31,24.17,75.50,26.10,78.98,1399,1192,1073,261,WH-station1,2026-08-16T05:37:01.890-07:00
water_draw_1,2026-08-16T05:37:02.473-07:00,107.174,drawing,,open,15.0,5.426621,3.242083,45.62,114.12,23.96,75.12,26.10,78.98,1398,1190,1076,261,WH-station1,2026-08-16T05:37:02.395-07:00
water_draw_1,2026-08-16T05:37:02.977-07:00,107.679,drawing,,open,15.0,5.453937,3.247188,45.83,114.50,24.27,75.69,26.10,78.98,1400,1193,1077,261,WH-station1,2026-08-16T05:37:02.899-07:00
water_draw_1,2026-08-16T05:37:03.482-07:00,108.184,drawing,,open,15.0,5.481165,3.236979,45.83,114.50,23.96,75.12,26.20,79.16,1400,1190,1075,262,WH-station1,2026-08-16T05:37:03.404-07:00
water_draw_1,2026-08-16T05:37:03.987-07:00,108.688,drawing,,open,15.0,5.508434,3.242083,45.94,114.69,24.48,76.06,26.10,78.98,1401,1195,1076,261,WH-station1,2026-08-16T05:37:03.909-07:00
water_draw_1,2026-08-16T05:37:04.489-07:00,109.193,drawing,,open,15.0,5.535536,3.221667,45.73,114.31,23.96,75.12,26.10,78.98,1399,1190,1072,261,WH-station1,2026-08-16T05:37:04.413-07:00
water_draw_1,2026-08-16T05:37:04.991-07:00,109.695,drawing,,open,15.0,5.562534,3.226771,45.62,114.12,24.06,75.31,26.10,78.98,1398,1191,1073,261,WH-station1,2026-08-16T05:37:04.918-07:00
water_draw_1,2026-08-16T05:37:05.493-07:00,110.197,drawing,,open,15.0,5.589657,3.242083,45.94,114.69,24.27,75.69,26.20,79.16,1401,1193,1076,262,WH-station1,2026-08-16T05:37:05.423-07:00
water_draw_1,2026-08-16T05:37:05.995-07:00,110.699,drawing,,open,15.0,5.616655,3.226771,45.73,114.31,24.27,75.69,26.20,79.16,1399,1193,1073,262,WH-station1,2026-08-16T05:37:05.927-07:00
water_draw_1,2026-08-16T05:37:06.497-07:00,111.201,drawing,,open,15.0,5.643608,3.221667,45.73,114.31,24.17,75.50,26.20,79.16,1399,1192,1072,262,WH-station1,2026-08-16T05:37:06.432-07:00
water_draw_1,2026-08-16T05:37:06.999-07:00,111.703,drawing,,open,15.0,5.670519,3.216562,45.83,114.50,24.17,75.50,26.10,78.98,1400,1192,1071,261,WH-station1,2026-08-16T05:37:06.937-07:00
water_draw_1,2026-08-16T05:37:07.501-07:00,112.205,drawing,,open,15.0,5.697345,3.206354,45.83,114.50,24.17,75.50,26.10,78.98,1400,1192,1069,261,WH-station1,2026-08-16T05:37:07.442-07:00
water_draw_1,2026-08-16T05:37:08.003-07:00,112.707,drawing,,open,15.0,5.724387,3.231875,45.62,114.12,24.27,75.69,26.20,79.16,1398,1193,1074,262,WH-station1,2026-08-16T05:37:07.946-07:00
water_draw_1,2026-08-16T05:37:08.505-07:00,113.209,drawing,,open,15.0,5.751167,3.201250,45.94,114.69,24.06,75.31,26.10,78.98,1401,1191,1068,261,WH-station1,2026-08-16T05:37:08.451-07:00
water_draw_1,2026-08-16T05:37:09.007-07:00,113.711,drawing,,open,15.0,5.778080,3.216562,45.73,114.31,24.17,75.50,26.10,78.98,1399,1192,1071,261,WH-station1,2026-08-16T05:37:08.956-07:00
water_draw_1,2026-08-16T05:37:09.511-07:00,114.213,drawing,,open,15.0,5.805036,3.221667,45.94,114.69,23.96,75.12,26.10,78.98,1401,1190,1072,261,WH-station1,2026-08-16T05:37:09.460-07:00
water_draw_1,2026-08-16T05:37:10.016-07:00,114.718,drawing,,open,15.0,5.832047,3.211458,46.04,114.88,24.17,75.50,26.10,78.98,1402,1192,1070,261,WH-station1,2026-08-16T05:37:09.965-07:00
water_draw_1,2026-08-16T05:37:10.521-07:00,115.222,drawing,,open,15.0,5.859145,3.221667,45.83,114.50,24.17,75.50,26.10,78.98,1400,1192,1072,261,WH-station1,2026-08-16T05:37:10.470-07:00
water_draw_1,2026-08-16T05:37:11.026-07:00,115.727,drawing,,open,15.0,5.886382,3.236979,45.83,114.50,23.96,75.12,26.10,78.98,1400,1190,1075,261,WH-station1,2026-08-16T05:37:10.975-07:00
water_draw_1,2026-08-16T05:37:11.530-07:00,116.232,drawing,,open,15.0,5.913568,3.231875,45.83,114.50,23.96,75.12,26.00,78.80,1400,1190,1074,260,WH-station1,2026-08-16T05:37:11.479-07:00
water_draw_1,2026-08-16T05:37:12.035-07:00,116.737,drawing,,open,15.0,5.940752,3.231875,46.04,114.88,24.06,75.31,26.00,78.80,1402,1191,1074,260,WH-station1,2026-08-16T05:37:11.984-07:00
water_draw_1,2026-08-16T05:37:12.539-07:00,117.241,drawing,,open,15.0,5.967804,3.216562,45.94,114.69,24.17,75.50,26.00,78.80,1401,1192,1071,260,WH-station1,2026-08-16T05:37:12.489-07:00
water_draw_1,2026-08-16T05:37:13.044-07:00,117.746,drawing,,open,15.0,5.995116,3.247188,46.04,114.88,24.27,75.69,26.00,78.80,1402,1193,1077,260,WH-station1,2026-08-16T05:37:12.994-07:00
water_draw_1,2026-08-16T05:37:13.549-07:00,118.250,drawing,,open,15.0,6.022385,3.242083,46.15,115.06,24.17,75.50,26.00,78.80,1403,1192,1076,260,WH-station1,2026-08-16T05:37:13.498-07:00
water_draw_1,2026-08-16T05:37:14.054-07:00,118.755,drawing,,open,15.0,6.049625,3.236979,45.83,114.50,23.96,75.12,26.20,79.16,1400,1190,1075,262,WH-station1,2026-08-16T05:37:14.003-07:00
water_draw_1,2026-08-16T05:37:14.558-07:00,119.260,drawing,,open,15.0,6.076853,3.236979,45.83,114.50,23.96,75.12,26.00,78.80,1400,1190,1075,260,WH-station1,2026-08-16T05:37:14.508-07:00
water_draw_1,2026-08-16T05:37:15.063-07:00,119.765,drawing,,open,15.0,6.104080,3.236979,45.94,114.69,24.17,75.50,26.10,78.98,1401,1192,1075,261,WH-station1,2026-08-16T05:37:15.012-07:00
water_draw_1,2026-08-16T05:37:15.568-07:00,120.269,drawing,,open,15.0,6.131303,3.236979,45.94,114.69,23.96,75.12,26.10,78.98,1401,1190,1075,261,WH-station1,2026-08-16T05:37:15.517-07:00
water_draw_1,2026-08-16T05:37:16.072-07:00,120.774,drawing,,open,15.0,6.158272,3.206354,46.15,115.06,23.96,75.12,26.00,78.80,1403,1190,1069,260,WH-station1,2026-08-16T05:37:16.022-07:00
water_draw_1,2026-08-16T05:37:16.577-07:00,121.279,drawing,,open,15.0,6.185325,3.216562,45.94,114.69,23.75,74.75,26.10,78.98,1401,1188,1071,261,WH-station1,2026-08-16T05:37:16.526-07:00
water_draw_1,2026-08-16T05:37:17.082-07:00,121.784,drawing,,open,15.0,6.212564,3.236979,45.83,114.50,23.75,74.75,26.00,78.80,1400,1188,1075,260,WH-station1,2026-08-16T05:37:17.031-07:00
water_draw_1,2026-08-16T05:37:17.587-07:00,122.288,drawing,,open,15.0,6.239790,3.236979,45.94,114.69,24.06,75.31,26.10,78.98,1401,1191,1075,261,WH-station1,2026-08-16T05:37:17.536-07:00
water_draw_1,2026-08-16T05:37:18.091-07:00,122.793,drawing,,open,15.0,6.266845,3.216562,45.94,114.69,23.65,74.56,26.00,78.80,1401,1187,1071,260,WH-station1,2026-08-16T05:37:18.040-07:00
water_draw_1,2026-08-16T05:37:18.596-07:00,123.298,drawing,,open,15.0,6.294117,3.242083,45.83,114.50,23.85,74.94,26.00,78.80,1400,1189,1076,260,WH-station1,2026-08-16T05:37:18.545-07:00
water_draw_1,2026-08-16T05:37:19.101-07:00,123.802,drawing,,open,15.0,6.321257,3.226771,46.04,114.88,24.17,75.50,26.10,78.98,1402,1192,1073,261,WH-station1,2026-08-16T05:37:19.050-07:00
water_draw_1,2026-08-16T05:37:19.605-07:00,124.307,drawing,,open,15.0,6.348352,3.221667,46.04,114.88,23.65,74.56,26.00,78.80,1402,1187,1072,260,WH-station1,2026-08-16T05:37:19.554-07:00
water_draw_1,2026-08-16T05:37:20.110-07:00,124.812,drawing,,open,15.0,6.375628,3.242083,45.83,114.50,24.06,75.31,26.10,78.98,1400,1191,1076,261,WH-station1,2026-08-16T05:37:20.059-07:00
water_draw_1,2026-08-16T05:37:20.615-07:00,125.316,drawing,,open,15.0,6.402854,3.236979,45.73,114.31,24.06,75.31,26.00,78.80,1399,1191,1075,260,WH-station1,2026-08-16T05:37:20.564-07:00
water_draw_1,2026-08-16T05:37:21.119-07:00,125.821,drawing,,open,15.0,6.430170,3.247188,45.83,114.50,23.65,74.56,26.20,79.16,1400,1187,1077,262,WH-station1,2026-08-16T05:37:21.069-07:00
water_draw_1,2026-08-16T05:37:21.624-07:00,126.326,drawing,,open,15.0,6.457310,3.226771,46.15,115.06,24.06,75.31,26.00,78.80,1403,1191,1073,260,WH-station1,2026-08-16T05:37:21.573-07:00
water_draw_1,2026-08-16T05:37:22.129-07:00,126.830,drawing,,open,15.0,6.484451,3.226771,45.94,114.69,23.85,74.94,26.00,78.80,1401,1189,1073,260,WH-station1,2026-08-16T05:37:22.078-07:00
water_draw_1,2026-08-16T05:37:22.634-07:00,127.335,drawing,,open,15.0,6.511601,3.226771,45.83,114.50,23.85,74.94,26.00,78.80,1400,1189,1073,260,WH-station1,2026-08-16T05:37:22.583-07:00
water_draw_1,2026-08-16T05:37:23.138-07:00,127.840,drawing,,open,15.0,6.538792,3.231875,45.73,114.31,23.65,74.56,26.10,78.98,1399,1187,1074,261,WH-station1,2026-08-16T05:37:23.087-07:00
water_draw_1,2026-08-16T05:37:23.643-07:00,128.345,drawing,,open,15.0,6.566147,3.252292,45.83,114.50,23.75,74.75,26.20,79.16,1400,1188,1078,262,WH-station1,2026-08-16T05:37:23.592-07:00
water_draw_1,2026-08-16T05:37:24.148-07:00,128.849,drawing,,open,15.0,6.593333,3.231875,45.83,114.50,23.65,74.56,25.90,78.62,1400,1187,1074,259,WH-station1,2026-08-16T05:37:24.097-07:00
water_draw_1,2026-08-16T05:37:24.652-07:00,129.354,drawing,,open,15.0,6.620557,3.236979,45.83,114.50,23.96,75.12,26.10,78.98,1400,1190,1075,261,WH-station1,2026-08-16T05:37:24.601-07:00
water_draw_1,2026-08-16T05:37:25.157-07:00,129.859,drawing,,open,15.0,6.647528,3.206354,45.83,114.50,23.85,74.94,26.00,78.80,1400,1189,1069,260,WH-station1,2026-08-16T05:37:25.106-07:00
water_draw_1,2026-08-16T05:37:25.662-07:00,130.363,drawing,,open,15.0,6.674806,3.242083,45.83,114.50,23.96,75.12,26.10,78.98,1400,1190,1076,261,WH-station1,2026-08-16T05:37:25.611-07:00
water_draw_1,2026-08-16T05:37:26.167-07:00,130.868,drawing,,open,15.0,6.701905,3.221667,45.94,114.69,24.06,75.31,26.10,78.98,1401,1191,1072,261,WH-station1,2026-08-16T05:37:26.115-07:00
water_draw_1,2026-08-16T05:37:26.671-07:00,131.373,drawing,,open,15.0,6.729043,3.226771,45.83,114.50,23.75,74.75,26.20,79.16,1400,1188,1073,262,WH-station1,2026-08-16T05:37:26.620-07:00
water_draw_1,2026-08-16T05:37:27.176-07:00,131.877,drawing,,open,15.0,6.756268,3.236979,46.04,114.88,23.75,74.75,26.10,78.98,1402,1188,1075,261,WH-station1,2026-08-16T05:37:27.125-07:00
water_draw_1,2026-08-16T05:37:27.680-07:00,132.382,drawing,,open,15.0,6.783405,3.226771,45.94,114.69,23.96,75.12,26.10,78.98,1401,1190,1073,261,WH-station1,2026-08-16T05:37:27.630-07:00
water_draw_1,2026-08-16T05:37:28.185-07:00,132.887,drawing,,open,15.0,6.810675,3.242083,46.15,115.06,23.44,74.19,26.10,78.98,1403,1185,1076,261,WH-station1,2026-08-16T05:37:28.134-07:00
water_draw_1,2026-08-16T05:37:28.690-07:00,133.392,drawing,,open,15.0,6.837867,3.231875,46.15,115.06,23.85,74.94,26.10,78.98,1403,1189,1074,261,WH-station1,2026-08-16T05:37:28.639-07:00
water_draw_1,2026-08-16T05:37:29.194-07:00,133.896,drawing,,open,15.0,6.865221,3.252292,46.25,115.25,23.44,74.19,26.10,78.98,1404,1185,1078,261,WH-station1,2026-08-16T05:37:29.144-07:00
water_draw_1,2026-08-16T05:37:29.699-07:00,134.401,drawing,,open,15.0,6.892362,3.226771,46.04,114.88,23.75,74.75,26.00,78.80,1402,1188,1073,260,WH-station1,2026-08-16T05:37:29.649-07:00
water_draw_1,2026-08-16T05:37:30.204-07:00,134.905,drawing,,open,15.0,6.919415,3.216562,45.94,114.69,23.85,74.94,26.00,78.80,1401,1189,1071,260,WH-station1,2026-08-16T05:37:30.153-07:00
water_draw_1,2026-08-16T05:37:30.708-07:00,135.410,drawing,,open,15.0,6.946510,3.221667,45.94,114.69,23.75,74.75,26.00,78.80,1401,1188,1072,260,WH-station1,2026-08-16T05:37:30.658-07:00
water_draw_1,2026-08-16T05:37:31.213-07:00,135.915,drawing,,open,15.0,6.973653,3.226771,46.15,115.06,24.06,75.31,26.00,78.80,1403,1191,1073,260,WH-station1,2026-08-16T05:37:31.162-07:00
water_draw_1,2026-08-16T05:37:31.718-07:00,136.420,drawing,,open,15.0,7.000797,3.226771,46.04,114.88,23.75,74.75,26.10,78.98,1402,1188,1073,261,WH-station1,2026-08-16T05:37:31.667-07:00
water_draw_1,2026-08-16T05:37:32.223-07:00,136.924,drawing,,open,15.0,7.027895,3.221667,46.04,114.88,23.54,74.38,26.20,79.16,1402,1186,1072,262,WH-station1,2026-08-16T05:37:32.172-07:00
water_draw_1,2026-08-16T05:37:32.727-07:00,137.429,drawing,,open,15.0,7.055206,3.247188,45.83,114.50,23.65,74.56,26.20,79.16,1400,1187,1077,262,WH-station1,2026-08-16T05:37:32.677-07:00
water_draw_1,2026-08-16T05:37:33.232-07:00,137.934,drawing,,open,15.0,7.082647,3.262500,45.83,114.50,23.54,74.38,26.10,78.98,1400,1186,1080,261,WH-station1,2026-08-16T05:37:33.181-07:00
water_draw_1,2026-08-16T05:37:33.736-07:00,138.438,drawing,,open,15.0,7.109916,3.242083,45.83,114.50,23.85,74.94,26.10,78.98,1400,1189,1076,261,WH-station1,2026-08-16T05:37:33.686-07:00
water_draw_1,2026-08-16T05:37:34.241-07:00,138.943,drawing,,open,15.0,7.137183,3.242083,46.04,114.88,23.96,75.12,26.10,78.98,1402,1190,1076,261,WH-station1,2026-08-16T05:37:34.191-07:00
water_draw_1,2026-08-16T05:37:34.746-07:00,139.448,drawing,,open,15.0,7.164499,3.247188,46.15,115.06,23.75,74.75,26.00,78.80,1403,1188,1077,260,WH-station1,2026-08-16T05:37:34.695-07:00
water_draw_1,2026-08-16T05:37:35.251-07:00,139.952,drawing,,open,15.0,7.191855,3.252292,46.15,115.06,23.54,74.38,26.00,78.80,1403,1186,1078,260,WH-station1,2026-08-16T05:37:35.200-07:00
water_draw_1,2026-08-16T05:37:35.755-07:00,140.457,drawing,,open,15.0,7.219083,3.236979,46.04,114.88,23.65,74.56,26.10,78.98,1402,1187,1075,261,WH-station1,2026-08-16T05:37:35.705-07:00
water_draw_1,2026-08-16T05:37:36.260-07:00,140.962,drawing,,open,15.0,7.246443,3.252292,46.04,114.88,23.44,74.19,26.00,78.80,1402,1185,1078,260,WH-station1,2026-08-16T05:37:36.209-07:00
water_draw_1,2026-08-16T05:37:36.765-07:00,141.466,drawing,,open,15.0,7.273581,3.226771,46.04,114.88,23.54,74.38,26.10,78.98,1402,1186,1073,261,WH-station1,2026-08-16T05:37:36.714-07:00
water_draw_1,2026-08-16T05:37:37.269-07:00,141.971,drawing,,open,15.0,7.300855,3.242083,45.94,114.69,23.75,74.75,25.90,78.62,1401,1188,1076,259,WH-station1,2026-08-16T05:37:37.219-07:00
water_draw_1,2026-08-16T05:37:37.809-07:00,142.476,drawing,,open,15.0,7.328084,3.236979,46.04,114.88,23.44,74.19,26.00,78.80,1402,1185,1075,260,WH-station1,2026-08-16T05:37:37.724-07:00
water_draw_1,2026-08-16T05:37:38.314-07:00,143.015,drawing,,open,15.0,7.357018,3.216562,45.94,114.69,23.85,74.94,26.10,78.98,1401,1189,1071,261,WH-station1,2026-08-16T05:37:38.229-07:00
water_draw_1,2026-08-16T05:37:38.819-07:00,143.520,drawing,,open,15.0,7.384377,3.252292,46.04,114.88,23.44,74.19,26.10,78.98,1402,1185,1078,261,WH-station1,2026-08-16T05:37:38.733-07:00
water_draw_1,2026-08-16T05:37:39.323-07:00,144.025,drawing,,open,15.0,7.411563,3.231875,46.15,115.06,23.33,74.00,26.10,78.98,1403,1184,1074,261,WH-station1,2026-08-16T05:37:39.238-07:00
water_draw_1,2026-08-16T05:37:39.828-07:00,144.529,drawing,,open,15.0,7.438571,3.211458,45.83,114.50,23.65,74.56,26.00,78.80,1400,1187,1070,260,WH-station1,2026-08-16T05:37:39.742-07:00
water_draw_1,2026-08-16T05:37:40.332-07:00,145.034,drawing,,open,15.0,7.465967,3.257396,45.94,114.69,23.75,74.75,26.20,79.16,1401,1188,1079,262,WH-station1,2026-08-16T05:37:40.247-07:00
water_draw_1,2026-08-16T05:37:40.837-07:00,145.539,drawing,,open,15.0,7.493287,3.247188,45.94,114.69,23.85,74.94,26.10,78.98,1401,1189,1077,261,WH-station1,2026-08-16T05:37:40.752-07:00
water_draw_1,2026-08-16T05:37:41.342-07:00,146.044,drawing,,open,15.0,7.520431,3.226771,46.04,114.88,23.65,74.56,26.00,78.80,1402,1187,1073,260,WH-station1,2026-08-16T05:37:41.257-07:00
water_draw_1,2026-08-16T05:37:41.847-07:00,146.548,drawing,,open,15.0,7.547487,3.216562,46.15,115.06,23.75,74.75,26.00,78.80,1403,1188,1071,260,WH-station1,2026-08-16T05:37:41.762-07:00
water_draw_1,2026-08-16T05:37:42.351-07:00,147.053,drawing,,open,15.0,7.574758,3.242083,46.15,115.06,23.44,74.19,26.00,78.80,1403,1185,1076,260,WH-station1,2026-08-16T05:37:42.267-07:00
water_draw_1,2026-08-16T05:37:42.856-07:00,147.558,drawing,,open,15.0,7.601854,3.221667,45.94,114.69,23.44,74.19,26.20,79.16,1401,1185,1072,262,WH-station1,2026-08-16T05:37:42.771-07:00
water_draw_1,2026-08-16T05:37:43.361-07:00,148.062,drawing,,open,15.0,7.628994,3.226771,46.25,115.25,23.65,74.56,26.00,78.80,1404,1187,1073,260,WH-station1,2026-08-16T05:37:43.276-07:00
water_draw_1,2026-08-16T05:37:43.865-07:00,148.567,drawing,,open,15.0,7.656097,3.221667,46.15,115.06,23.54,74.38,26.10,78.98,1403,1186,1072,261,WH-station1,2026-08-16T05:37:43.781-07:00
water_draw_1,2026-08-16T05:37:44.370-07:00,149.072,drawing,,open,15.0,7.683414,3.247188,46.25,115.25,23.75,74.75,26.00,78.80,1404,1188,1077,260,WH-station1,2026-08-16T05:37:44.285-07:00
water_draw_1,2026-08-16T05:37:44.875-07:00,149.576,drawing,,open,15.0,7.710551,3.226771,45.94,114.69,23.33,74.00,26.00,78.80,1401,1184,1073,260,WH-station1,2026-08-16T05:37:44.790-07:00
water_draw_1,2026-08-16T05:37:45.379-07:00,150.081,drawing,,open,15.0,7.737819,3.242083,45.94,114.69,23.44,74.19,26.10,78.98,1401,1185,1076,261,WH-station1,2026-08-16T05:37:45.295-07:00
water_draw_1,2026-08-16T05:37:45.884-07:00,150.586,drawing,,open,15.0,7.765170,3.252292,46.04,114.88,23.75,74.75,26.10,78.98,1402,1188,1078,261,WH-station1,2026-08-16T05:37:45.799-07:00
water_draw_1,2026-08-16T05:37:46.389-07:00,151.090,drawing,,open,15.0,7.792355,3.231875,46.04,114.88,23.85,74.94,26.10,78.98,1402,1189,1074,261,WH-station1,2026-08-16T05:37:46.304-07:00
water_draw_1,2026-08-16T05:37:46.893-07:00,151.595,drawing,,open,15.0,7.819713,3.252292,45.94,114.69,23.33,74.00,26.10,78.98,1401,1184,1078,261,WH-station1,2026-08-16T05:37:46.809-07:00
water_draw_1,2026-08-16T05:37:47.398-07:00,152.100,drawing,,open,15.0,7.846942,3.236979,46.25,115.25,23.54,74.38,26.10,78.98,1404,1186,1075,261,WH-station1,2026-08-16T05:37:47.314-07:00
water_draw_1,2026-08-16T05:37:47.903-07:00,152.604,drawing,,open,15.0,7.874209,3.242083,46.15,115.06,23.54,74.38,26.10,78.98,1403,1186,1076,261,WH-station1,2026-08-16T05:37:47.818-07:00
water_draw_1,2026-08-16T05:37:48.407-07:00,153.109,drawing,,open,15.0,7.901434,3.236979,46.25,115.25,23.44,74.19,26.10,78.98,1404,1185,1075,261,WH-station1,2026-08-16T05:37:48.323-07:00
water_draw_1,2026-08-16T05:37:48.912-07:00,153.614,drawing,,open,15.0,7.928658,3.236979,46.04,114.88,23.44,74.19,26.00,78.80,1402,1185,1075,260,WH-station1,2026-08-16T05:37:48.828-07:00
water_draw_1,2026-08-16T05:37:49.417-07:00,154.118,drawing,,open,15.0,7.956101,3.262500,46.15,115.06,23.54,74.38,26.10,78.98,1403,1186,1080,261,WH-station1,2026-08-16T05:37:49.333-07:00
water_draw_1,2026-08-16T05:37:49.922-07:00,154.623,drawing,,open,15.0,7.983505,3.257396,46.15,115.06,23.65,74.56,26.10,78.98,1403,1187,1079,261,WH-station1,2026-08-16T05:37:49.837-07:00
water_draw_1,2026-08-16T05:37:50.426-07:00,155.128,drawing,,open,15.0,8.011036,3.272708,46.15,115.06,23.65,74.56,26.00,78.80,1403,1187,1082,260,WH-station1,2026-08-16T05:37:50.342-07:00
water_draw_1,2026-08-16T05:37:50.931-07:00,155.632,drawing,,open,15.0,8.038347,3.247188,45.94,114.69,23.54,74.38,26.10,78.98,1401,1186,1077,261,WH-station1,2026-08-16T05:37:50.847-07:00
water_draw_1,2026-08-16T05:37:51.436-07:00,156.137,drawing,,open,15.0,8.065573,3.236979,46.35,115.44,23.75,74.75,26.10,78.98,1405,1188,1075,261,WH-station1,2026-08-16T05:37:51.351-07:00
water_draw_1,2026-08-16T05:37:51.940-07:00,156.642,drawing,,open,15.0,8.092722,3.226771,46.04,114.88,23.54,74.38,26.00,78.80,1402,1186,1073,260,WH-station1,2026-08-16T05:37:51.856-07:00
water_draw_1,2026-08-16T05:37:52.445-07:00,157.147,drawing,,open,15.0,8.120033,3.247188,46.15,115.06,23.65,74.56,26.10,78.98,1403,1187,1077,261,WH-station1,2026-08-16T05:37:52.361-07:00
water_draw_1,2026-08-16T05:37:52.950-07:00,157.651,drawing,,open,15.0,8.147226,3.231875,46.15,115.06,23.54,74.38,26.10,78.98,1403,1186,1074,261,WH-station1,2026-08-16T05:37:52.865-07:00
water_draw_1,2026-08-16T05:37:53.455-07:00,158.156,drawing,,open,15.0,8.174539,3.247188,46.04,114.88,23.54,74.38,26.00,78.80,1402,1186,1077,260,WH-station1,2026-08-16T05:37:53.370-07:00
water_draw_1,2026-08-16T05:37:53.959-07:00,158.661,drawing,,open,15.0,8.201854,3.247188,46.15,115.06,23.75,74.75,26.00,78.80,1403,1188,1077,260,WH-station1,2026-08-16T05:37:53.875-07:00
water_draw_1,2026-08-16T05:37:54.464-07:00,159.165,drawing,,open,15.0,8.229122,3.242083,46.04,114.88,23.65,74.56,26.20,79.16,1402,1187,1076,262,WH-station1,2026-08-16T05:37:54.380-07:00
water_draw_1,2026-08-16T05:37:54.968-07:00,159.670,drawing,,open,15.0,8.256308,3.231875,46.04,114.88,23.54,74.38,26.10,78.98,1402,1186,1074,261,WH-station1,2026-08-16T05:37:54.884-07:00
water_draw_1,2026-08-16T05:37:55.473-07:00,160.175,drawing,,open,15.0,8.283791,3.267604,46.35,115.44,23.54,74.38,26.10,78.98,1405,1186,1081,261,WH-station1,2026-08-16T05:37:55.389-07:00
water_draw_1,2026-08-16T05:37:55.978-07:00,160.680,drawing,,open,15.0,8.310937,3.226771,46.15,115.06,23.44,74.19,26.10,78.98,1403,1185,1073,261,WH-station1,2026-08-16T05:37:55.894-07:00
water_draw_1,2026-08-16T05:37:56.483-07:00,161.184,drawing,,open,15.0,8.337951,3.211458,46.25,115.25,23.44,74.19,26.00,78.80,1404,1185,1070,260,WH-station1,2026-08-16T05:37:56.398-07:00
water_draw_1,2026-08-16T05:37:56.987-07:00,161.689,drawing,,open,15.0,8.365266,3.247188,46.15,115.06,23.23,73.81,26.10,78.98,1403,1183,1077,261,WH-station1,2026-08-16T05:37:56.903-07:00
water_draw_1,2026-08-16T05:37:57.492-07:00,162.194,drawing,,open,15.0,8.392450,3.231875,46.15,115.06,23.54,74.38,26.10,78.98,1403,1186,1074,261,WH-station1,2026-08-16T05:37:57.408-07:00
water_draw_1,2026-08-16T05:37:57.997-07:00,162.698,drawing,,open,15.0,8.419762,3.247188,46.15,115.06,23.33,74.00,26.20,79.16,1403,1184,1077,262,WH-station1,2026-08-16T05:37:57.913-07:00
water_draw_1,2026-08-16T05:37:58.502-07:00,163.203,drawing,,open,15.0,8.446994,3.236979,46.15,115.06,23.54,74.38,26.10,78.98,1403,1186,1075,261,WH-station1,2026-08-16T05:37:58.417-07:00
water_draw_1,2026-08-16T05:37:59.006-07:00,163.708,drawing,,open,15.0,8.474183,3.231875,46.15,115.06,23.23,73.81,26.00,78.80,1403,1183,1074,260,WH-station1,2026-08-16T05:37:58.922-07:00
water_draw_1,2026-08-16T05:37:59.511-07:00,164.213,drawing,,open,15.0,8.501409,3.236979,46.15,115.06,23.33,74.00,26.10,78.98,1403,1184,1075,261,WH-station1,2026-08-16T05:37:59.427-07:00
water_draw_1,2026-08-16T05:38:00.016-07:00,164.717,drawing,,open,15.0,8.528767,3.252292,46.04,114.88,23.33,74.00,26.10,78.98,1402,1184,1078,261,WH-station1,2026-08-16T05:37:59.931-07:00
water_draw_1,2026-08-16T05:38:00.520-07:00,165.222,drawing,,open,15.0,8.556125,3.252292,46.15,115.06,23.33,74.00,26.10,78.98,1403,1184,1078,261,WH-station1,2026-08-16T05:38:00.436-07:00
water_draw_1,2026-08-16T05:38:01.026-07:00,165.727,drawing,,open,15.0,8.583228,3.221667,46.15,115.06,23.33,74.00,26.10,78.98,1403,1184,1072,261,WH-station1,2026-08-16T05:38:00.941-07:00
water_draw_1,2026-08-16T05:38:01.530-07:00,166.232,drawing,,open,15.0,8.610570,3.247188,46.04,114.88,23.65,74.56,26.00,78.80,1402,1187,1077,260,WH-station1,2026-08-16T05:38:01.446-07:00
water_draw_1,2026-08-16T05:38:02.035-07:00,166.737,drawing,,open,15.0,8.637753,3.231875,46.25,115.25,23.54,74.38,26.10,78.98,1404,1186,1074,261,WH-station1,2026-08-16T05:38:01.951-07:00
water_draw_1,2026-08-16T05:38:02.540-07:00,167.241,drawing,,open,15.0,8.665022,3.242083,46.04,114.88,23.54,74.38,26.10,78.98,1402,1186,1076,261,WH-station1,2026-08-16T05:38:02.455-07:00
water_draw_1,2026-08-16T05:38:03.044-07:00,167.746,drawing,,open,15.0,8.692252,3.236979,45.94,114.69,23.33,74.00,26.10,78.98,1401,1184,1075,261,WH-station1,2026-08-16T05:38:02.960-07:00
water_draw_1,2026-08-16T05:38:03.549-07:00,168.251,drawing,,open,15.0,8.719434,3.231875,46.15,115.06,23.44,74.19,26.10,78.98,1403,1185,1074,261,WH-station1,2026-08-16T05:38:03.465-07:00
water_draw_1,2026-08-16T05:38:04.051-07:00,168.755,drawing,,open,15.0,8.746669,3.236979,46.15,115.06,23.65,74.56,26.20,79.16,1403,1187,1075,262,WH-station1,2026-08-16T05:38:03.970-07:00
water_draw_1,2026-08-16T05:38:04.553-07:00,169.257,drawing,,open,15.0,8.773837,3.247188,45.83,114.50,23.33,74.00,26.10,78.98,1400,1184,1077,261,WH-station1,2026-08-16T05:38:04.474-07:00
water_draw_1,2026-08-16T05:38:05.055-07:00,169.759,drawing,,open,15.0,8.801174,3.267604,46.15,115.06,23.23,73.81,26.10,78.98,1403,1183,1081,261,WH-station1,2026-08-16T05:38:04.979-07:00
water_draw_1,2026-08-16T05:38:05.557-07:00,170.261,drawing,,open,15.0,8.828254,3.236979,46.04,114.88,23.23,73.81,26.20,79.16,1402,1183,1075,262,WH-station1,2026-08-16T05:38:05.484-07:00
water_draw_1,2026-08-16T05:38:06.059-07:00,170.763,drawing,,open,15.0,8.855423,3.247188,46.04,114.88,23.23,73.81,26.10,78.98,1402,1183,1077,261,WH-station1,2026-08-16T05:38:05.988-07:00
water_draw_1,2026-08-16T05:38:06.561-07:00,171.265,drawing,,open,15.0,8.882464,3.231875,46.46,115.63,23.23,73.81,26.10,78.98,1406,1183,1074,261,WH-station1,2026-08-16T05:38:06.493-07:00
water_draw_1,2026-08-16T05:38:07.063-07:00,171.767,drawing,,open,15.0,8.909716,3.257396,46.35,115.44,23.75,74.75,26.10,78.98,1405,1188,1079,261,WH-station1,2026-08-16T05:38:06.998-07:00
water_draw_1,2026-08-16T05:38:07.565-07:00,172.269,drawing,,open,15.0,8.936710,3.226771,46.25,115.25,23.23,73.81,26.20,79.16,1404,1183,1073,262,WH-station1,2026-08-16T05:38:07.503-07:00
water_draw_1,2026-08-16T05:38:08.067-07:00,172.771,drawing,,open,15.0,8.963707,3.226771,46.15,115.06,23.54,74.38,26.10,78.98,1403,1186,1073,261,WH-station1,2026-08-16T05:38:08.007-07:00
water_draw_1,2026-08-16T05:38:08.569-07:00,173.273,drawing,,open,15.0,8.990876,3.247188,46.04,114.88,23.33,74.00,26.20,79.16,1402,1184,1077,262,WH-station1,2026-08-16T05:38:08.512-07:00
water_draw_1,2026-08-16T05:38:09.074-07:00,173.775,drawing,,open,15.0,9.017920,3.231875,46.04,114.88,23.44,74.19,26.10,78.98,1402,1185,1074,261,WH-station1,2026-08-16T05:38:09.017-07:00
water_draw_1,2026-08-16T05:38:09.578-07:00,174.280,drawing,,open,15.0,9.045152,3.236979,46.35,115.44,23.44,74.19,26.20,79.16,1405,1185,1075,262,WH-station1,2026-08-16T05:38:09.521-07:00
water_draw_1,2026-08-16T05:38:10.083-07:00,174.785,drawing,,open,15.0,9.072548,3.257396,46.15,115.06,23.54,74.38,26.10,78.98,1403,1186,1079,261,WH-station1,2026-08-16T05:38:10.026-07:00
water_draw_1,2026-08-16T05:38:10.588-07:00,175.289,drawing,,open,15.0,9.099729,3.231875,46.04,114.88,23.44,74.19,26.20,79.16,1402,1185,1074,262,WH-station1,2026-08-16T05:38:10.531-07:00
water_draw_1,2026-08-16T05:38:11.092-07:00,175.794,drawing,,open,15.0,9.127043,3.247188,46.35,115.44,23.12,73.62,26.10,78.98,1405,1182,1077,261,WH-station1,2026-08-16T05:38:11.036-07:00
water_draw_1,2026-08-16T05:38:11.597-07:00,176.299,drawing,,open,15.0,9.154267,3.236979,46.04,114.88,23.54,74.38,26.00,78.80,1402,1186,1075,260,WH-station1,2026-08-16T05:38:11.540-07:00
water_draw_1,2026-08-16T05:38:12.102-07:00,176.803,drawing,,open,15.0,9.181629,3.252292,46.15,115.06,23.33,74.00,26.00,78.80,1403,1184,1078,260,WH-station1,2026-08-16T05:38:12.045-07:00
water_draw_1,2026-08-16T05:38:12.606-07:00,177.308,drawing,,open,15.0,9.208809,3.231875,46.04,114.88,23.12,73.62,26.00,78.80,1402,1182,1074,260,WH-station1,2026-08-16T05:38:12.550-07:00
water_draw_1,2026-08-16T05:38:13.111-07:00,177.813,drawing,,open,15.0,9.235909,3.221667,46.15,115.06,23.54,74.38,26.10,78.98,1403,1186,1072,261,WH-station1,2026-08-16T05:38:13.055-07:00
water_draw_1,2026-08-16T05:38:13.616-07:00,178.317,drawing,,open,15.0,9.263091,3.231875,46.15,115.06,23.33,74.00,26.20,79.16,1403,1184,1074,262,WH-station1,2026-08-16T05:38:13.559-07:00
water_draw_1,2026-08-16T05:38:14.121-07:00,178.822,drawing,,open,15.0,9.290367,3.242083,46.35,115.44,23.23,73.81,26.10,78.98,1405,1183,1076,261,WH-station1,2026-08-16T05:38:14.064-07:00
water_draw_1,2026-08-16T05:38:14.625-07:00,179.327,drawing,,open,15.0,9.317594,3.236979,46.15,115.06,23.02,73.44,26.10,78.98,1403,1181,1075,261,WH-station1,2026-08-16T05:38:14.569-07:00
water_draw_1,2026-08-16T05:38:15.130-07:00,179.832,drawing,,open,15.0,9.345123,3.272708,46.15,115.06,23.54,74.38,26.10,78.98,1403,1186,1082,261,WH-station1,2026-08-16T05:38:15.073-07:00
water_draw_1,2026-08-16T05:38:15.635-07:00,180.336,drawing,,open,15.0,9.372349,3.236979,46.15,115.06,23.54,74.38,26.00,78.80,1403,1186,1075,260,WH-station1,2026-08-16T05:38:15.578-07:00
water_draw_1,2026-08-16T05:38:16.139-07:00,180.841,drawing,,open,15.0,9.399707,3.252292,46.25,115.25,23.44,74.19,26.00,78.80,1404,1185,1078,260,WH-station1,2026-08-16T05:38:16.083-07:00
water_draw_1,2026-08-16T05:38:16.644-07:00,181.346,drawing,,open,15.0,9.426889,3.231875,46.15,115.06,23.44,74.19,26.20,79.16,1403,1185,1074,262,WH-station1,2026-08-16T05:38:16.587-07:00
water_draw_1,2026-08-16T05:38:17.149-07:00,181.850,drawing,,open,15.0,9.454118,3.236979,46.15,115.06,23.54,74.38,26.10,78.98,1403,1186,1075,261,WH-station1,2026-08-16T05:38:17.092-07:00
water_draw_1,2026-08-16T05:38:17.653-07:00,182.355,drawing,,open,15.0,9.481136,3.211458,46.15,115.06,23.33,74.00,26.10,78.98,1403,1184,1070,261,WH-station1,2026-08-16T05:38:17.597-07:00
water_draw_1,2026-08-16T05:38:18.158-07:00,182.860,drawing,,open,15.0,9.508365,3.236979,46.25,115.25,23.44,74.19,26.10,78.98,1404,1185,1075,261,WH-station1,2026-08-16T05:38:18.102-07:00
water_draw_1,2026-08-16T05:38:18.663-07:00,183.364,drawing,,open,15.0,9.535588,3.236979,46.25,115.25,23.65,74.56,26.10,78.98,1404,1187,1075,261,WH-station1,2026-08-16T05:38:18.606-07:00
water_draw_1,2026-08-16T05:38:19.167-07:00,183.869,drawing,,open,15.0,9.562943,3.252292,46.04,114.88,23.44,74.19,26.20,79.16,1402,1185,1078,262,WH-station1,2026-08-16T05:38:19.111-07:00
water_draw_1,2026-08-16T05:38:19.674-07:00,184.374,drawing,,open,15.0,9.590124,3.231875,46.15,115.06,23.44,74.19,26.20,79.16,1403,1185,1074,262,WH-station1,2026-08-16T05:38:19.616-07:00
water_draw_1,2026-08-16T05:38:20.178-07:00,184.880,drawing,,open,15.0,9.617566,3.252292,46.15,115.06,23.33,74.00,26.10,78.98,1403,1184,1078,261,WH-station1,2026-08-16T05:38:20.121-07:00
water_draw_1,2026-08-16T05:38:20.684-07:00,185.384,drawing,,open,15.0,9.645002,3.262500,46.25,115.25,23.54,74.38,26.10,78.98,1404,1186,1080,261,WH-station1,2026-08-16T05:38:20.625-07:00
water_draw_1,2026-08-16T05:38:21.189-07:00,185.891,drawing,,open,15.0,9.672305,3.236979,46.15,115.06,23.33,74.00,26.20,79.16,1403,1184,1075,262,WH-station1,2026-08-16T05:38:21.130-07:00
water_draw_1,2026-08-16T05:38:21.695-07:00,186.395,drawing,,open,15.0,9.699451,3.226771,46.25,115.25,23.44,74.19,26.10,78.98,1404,1185,1073,261,WH-station1,2026-08-16T05:38:21.635-07:00
water_draw_1,2026-08-16T05:38:22.200-07:00,186.901,drawing,,open,15.0,9.727004,3.267604,46.25,115.25,23.33,74.00,26.20,79.16,1404,1184,1081,262,WH-station1,2026-08-16T05:38:22.139-07:00
water_draw_1,2026-08-16T05:38:22.704-07:00,187.406,drawing,,open,15.0,9.754234,3.236979,46.25,115.25,23.44,74.19,26.10,78.98,1404,1185,1075,261,WH-station1,2026-08-16T05:38:22.644-07:00
water_draw_1,2026-08-16T05:38:23.209-07:00,187.911,drawing,,open,15.0,9.781500,3.242083,46.04,114.88,23.33,74.00,26.10,78.98,1402,1184,1076,261,WH-station1,2026-08-16T05:38:23.149-07:00
water_draw_1,2026-08-16T05:38:23.714-07:00,188.415,drawing,,open,15.0,9.808822,3.247188,46.25,115.25,23.23,73.81,26.20,79.16,1404,1183,1077,262,WH-station1,2026-08-16T05:38:23.654-07:00
water_draw_1,2026-08-16T05:38:24.218-07:00,188.920,drawing,,open,15.0,9.835918,3.221667,46.25,115.25,23.54,74.38,26.10,78.98,1404,1186,1072,261,WH-station1,2026-08-16T05:38:24.158-07:00
water_draw_1,2026-08-16T05:38:24.723-07:00,189.425,drawing,,open,15.0,9.863403,3.267604,46.25,115.25,23.54,74.38,26.10,78.98,1404,1186,1081,261,WH-station1,2026-08-16T05:38:24.663-07:00
water_draw_1,2026-08-16T05:38:25.228-07:00,189.929,drawing,,open,15.0,9.890841,3.262500,46.25,115.25,23.44,74.19,26.10,78.98,1404,1185,1080,261,WH-station1,2026-08-16T05:38:25.168-07:00
water_draw_1,2026-08-16T05:38:25.732-07:00,190.434,drawing,,open,15.0,9.918190,3.252292,46.35,115.44,23.33,74.00,26.10,78.98,1405,1184,1078,261,WH-station1,2026-08-16T05:38:25.672-07:00
water_draw_1,2026-08-16T05:38:26.237-07:00,190.939,drawing,,open,15.0,9.945371,3.231875,46.25,115.25,23.23,73.81,26.10,78.98,1404,1183,1074,261,WH-station1,2026-08-16T05:38:26.177-07:00
water_draw_1,2026-08-16T05:38:26.742-07:00,191.443,drawing,,open,15.0,9.972646,3.242083,46.25,115.25,23.33,74.00,26.10,78.98,1404,1184,1076,261,WH-station1,2026-08-16T05:38:26.682-07:00
water_draw_1,2026-08-16T05:38:27.246-07:00,191.948,drawing,,open,15.0,9.999963,3.247188,46.25,115.25,23.54,74.38,26.10,78.98,1404,1186,1077,261,WH-station1,2026-08-16T05:38:27.186-07:00
water_draw_1,2026-08-16T05:38:27.751-07:00,192.453,drawing,,open,15.0,10.027100,3.226771,46.35,115.44,23.33,74.00,26.00,78.80,1405,1184,1073,260,WH-station1,2026-08-16T05:38:27.691-07:00
water_draw_1,2026-08-16T05:38:28.256-07:00,192.957,drawing,,open,15.0,10.054457,3.252292,46.04,114.88,23.44,74.19,26.10,78.98,1402,1185,1078,261,WH-station1,2026-08-16T05:38:28.196-07:00
water_draw_1,2026-08-16T05:38:28.760-07:00,193.462,drawing,,open,15.0,10.081594,3.226771,46.35,115.44,23.44,74.19,26.10,78.98,1405,1185,1073,261,WH-station1,2026-08-16T05:38:28.701-07:00
water_draw_1,2026-08-16T05:38:29.265-07:00,193.967,drawing,,open,15.0,10.108776,3.231875,46.25,115.25,23.33,74.00,26.00,78.80,1404,1184,1074,260,WH-station1,2026-08-16T05:38:29.206-07:00
water_draw_1,2026-08-16T05:38:29.770-07:00,194.471,drawing,,open,15.0,10.136046,3.242083,46.04,114.88,22.92,73.25,26.00,78.80,1402,1180,1076,260,WH-station1,2026-08-16T05:38:29.710-07:00
water_draw_1,2026-08-16T05:38:30.274-07:00,194.976,drawing,,open,15.0,10.163403,3.252292,46.35,115.44,23.44,74.19,26.10,78.98,1405,1185,1078,261,WH-station1,2026-08-16T05:38:30.215-07:00
water_draw_1,2026-08-16T05:38:30.779-07:00,195.481,drawing,,open,15.0,10.190624,3.236979,46.15,115.06,23.33,74.00,26.10,78.98,1403,1184,1075,261,WH-station1,2026-08-16T05:38:30.720-07:00
water_draw_1,2026-08-16T05:38:31.283-07:00,195.985,drawing,,open,15.0,10.217847,3.236979,46.46,115.63,23.23,73.81,26.20,79.16,1406,1183,1075,262,WH-station1,2026-08-16T05:38:31.224-07:00
water_draw_1,2026-08-16T05:38:31.788-07:00,196.490,drawing,,open,15.0,10.245072,3.236979,46.25,115.25,23.23,73.81,26.20,79.16,1404,1183,1075,262,WH-station1,2026-08-16T05:38:31.729-07:00
water_draw_1,2026-08-16T05:38:32.293-07:00,196.994,drawing,,open,15.0,10.272340,3.242083,46.15,115.06,23.33,74.00,26.20,79.16,1403,1184,1076,262,WH-station1,2026-08-16T05:38:32.234-07:00
water_draw_1,2026-08-16T05:38:32.798-07:00,197.499,drawing,,open,15.0,10.299830,3.267604,46.25,115.25,23.12,73.62,26.00,78.80,1404,1182,1081,260,WH-station1,2026-08-16T05:38:32.739-07:00
water_draw_1,2026-08-16T05:38:33.302-07:00,198.004,drawing,,open,15.0,10.327017,3.231875,46.35,115.44,23.23,73.81,26.10,78.98,1405,1183,1074,261,WH-station1,2026-08-16T05:38:33.243-07:00
water_draw_1,2026-08-16T05:38:33.807-07:00,198.509,drawing,,open,15.0,10.354328,3.247188,46.35,115.44,23.44,74.19,26.00,78.80,1405,1185,1077,260,WH-station1,2026-08-16T05:38:33.748-07:00
water_draw_1,2026-08-16T05:38:34.311-07:00,199.013,drawing,,open,15.0,10.381595,3.242083,46.25,115.25,23.54,74.38,26.10,78.98,1404,1186,1076,261,WH-station1,2026-08-16T05:38:34.253-07:00
water_draw_1,2026-08-16T05:38:34.816-07:00,199.518,drawing,,open,15.0,10.408733,3.226771,46.46,115.63,23.33,74.00,26.00,78.80,1406,1184,1073,260,WH-station1,2026-08-16T05:38:34.757-07:00
water_draw_1,2026-08-16T05:38:35.321-07:00,200.022,drawing,,open,15.0,10.435916,3.231875,46.46,115.63,23.12,73.62,26.10,78.98,1406,1182,1074,261,WH-station1,2026-08-16T05:38:35.262-07:00
water_draw_1,2026-08-16T05:38:35.826-07:00,200.527,drawing,,open,15.0,10.463236,3.247188,46.04,114.88,22.92,73.25,26.00,78.80,1402,1180,1077,260,WH-station1,2026-08-16T05:38:35.767-07:00
water_draw_1,2026-08-16T05:38:36.330-07:00,201.032,drawing,,open,15.0,10.490467,3.236979,46.15,115.06,23.33,74.00,26.20,79.16,1403,1184,1075,262,WH-station1,2026-08-16T05:38:36.271-07:00
water_draw_1,2026-08-16T05:38:36.861-07:00,201.537,drawing,,open,15.0,10.517691,3.236979,46.35,115.44,23.02,73.44,26.10,78.98,1405,1181,1075,261,WH-station1,2026-08-16T05:38:36.776-07:00
water_draw_1,2026-08-16T05:38:37.366-07:00,202.067,drawing,,open,15.0,10.546371,3.242083,46.15,115.06,23.33,74.00,26.10,78.98,1403,1184,1076,261,WH-station1,2026-08-16T05:38:37.281-07:00
water_draw_1,2026-08-16T05:38:37.870-07:00,202.572,drawing,,open,15.0,10.573644,3.242083,46.15,115.06,23.23,73.81,26.00,78.80,1403,1183,1076,260,WH-station1,2026-08-16T05:38:37.786-07:00
water_draw_1,2026-08-16T05:38:38.375-07:00,203.077,drawing,,open,15.0,10.600915,3.242083,46.25,115.25,23.33,74.00,26.10,78.98,1404,1184,1076,261,WH-station1,2026-08-16T05:38:38.291-07:00
water_draw_1,2026-08-16T05:38:38.880-07:00,203.581,drawing,,open,15.0,10.628057,3.226771,46.25,115.25,23.44,74.19,26.10,78.98,1404,1185,1073,261,WH-station1,2026-08-16T05:38:38.795-07:00
water_draw_1,2026-08-16T05:38:39.384-07:00,204.086,drawing,,open,15.0,10.655239,3.231875,46.15,115.06,23.12,73.62,26.00,78.80,1403,1182,1074,260,WH-station1,2026-08-16T05:38:39.300-07:00
water_draw_1,2026-08-16T05:38:39.889-07:00,204.591,drawing,,open,15.0,10.682332,3.221667,46.46,115.63,23.54,74.38,26.20,79.16,1406,1186,1072,262,WH-station1,2026-08-16T05:38:39.805-07:00
water_draw_1,2026-08-16T05:38:40.394-07:00,205.095,drawing,,open,15.0,10.709523,3.231875,46.25,115.25,23.23,73.81,26.20,79.16,1404,1183,1074,262,WH-station1,2026-08-16T05:38:40.309-07:00
water_draw_1,2026-08-16T05:38:40.899-07:00,205.601,drawing,,open,15.0,10.736597,3.216562,46.35,115.44,23.23,73.81,26.00,78.80,1405,1183,1071,260,WH-station1,2026-08-16T05:38:40.814-07:00
water_draw_1,2026-08-16T05:38:41.404-07:00,206.105,drawing,,open,15.0,10.763911,3.247188,46.15,115.06,23.65,74.56,26.10,78.98,1403,1187,1077,261,WH-station1,2026-08-16T05:38:41.319-07:00
water_draw_1,2026-08-16T05:38:41.908-07:00,206.610,drawing,,open,15.0,10.791137,3.236979,46.35,115.44,23.44,74.19,26.10,78.98,1405,1185,1075,261,WH-station1,2026-08-16T05:38:41.823-07:00
water_draw_1,2026-08-16T05:38:42.413-07:00,207.115,drawing,,open,15.0,10.818452,3.247188,46.25,115.25,23.12,73.62,26.20,79.16,1404,1182,1077,262,WH-station1,2026-08-16T05:38:42.329-07:00
water_draw_1,2026-08-16T05:38:42.918-07:00,207.619,drawing,,open,15.0,10.845813,3.252292,46.25,115.25,23.33,74.00,26.20,79.16,1404,1184,1078,262,WH-station1,2026-08-16T05:38:42.834-07:00
water_draw_1,2026-08-16T05:38:43.422-07:00,208.124,drawing,,open,15.0,10.873258,3.262500,46.25,115.25,23.33,74.00,26.00,78.80,1404,1184,1080,260,WH-station1,2026-08-16T05:38:43.340-07:00
water_draw_1,2026-08-16T05:38:43.927-07:00,208.629,drawing,,open,15.0,10.900569,3.247188,46.15,115.06,23.23,73.81,26.10,78.98,1403,1183,1077,261,WH-station1,2026-08-16T05:38:43.845-07:00
water_draw_1,2026-08-16T05:38:44.432-07:00,209.133,drawing,,open,15.0,10.928014,3.262500,46.25,115.25,23.33,74.00,26.10,78.98,1404,1184,1080,261,WH-station1,2026-08-16T05:38:44.350-07:00
water_draw_1,2026-08-16T05:38:44.936-07:00,209.638,drawing,,open,15.0,10.955282,3.242083,46.25,115.25,23.33,74.00,26.10,78.98,1404,1184,1076,261,WH-station1,2026-08-16T05:38:44.856-07:00
water_draw_1,2026-08-16T05:38:45.441-07:00,210.143,drawing,,open,15.0,10.982768,3.267604,46.35,115.44,23.44,74.19,26.20,79.16,1405,1185,1081,262,WH-station1,2026-08-16T05:38:45.360-07:00
water_draw_1,2026-08-16T05:38:45.946-07:00,210.648,drawing,,open,15.0,11.010302,3.272708,46.15,115.06,23.02,73.44,26.20,79.16,1403,1181,1082,262,WH-station1,2026-08-16T05:38:45.865-07:00
water_draw_1,2026-08-16T05:38:46.451-07:00,211.152,drawing,,open,15.0,11.037487,3.231875,46.35,115.44,23.33,74.00,26.20,79.16,1405,1184,1074,262,WH-station1,2026-08-16T05:38:46.370-07:00
water_draw_1,2026-08-16T05:38:46.955-07:00,211.657,drawing,,open,15.0,11.064801,3.247188,46.25,115.25,23.02,73.44,26.10,78.98,1404,1181,1077,261,WH-station1,2026-08-16T05:38:46.874-07:00
water_draw_1,2026-08-16T05:38:47.460-07:00,212.162,drawing,,open,15.0,11.092201,3.257396,46.15,115.06,23.12,73.62,26.00,78.80,1403,1182,1079,260,WH-station1,2026-08-16T05:38:47.379-07:00
water_draw_1,2026-08-16T05:38:47.965-07:00,212.666,drawing,,open,15.0,11.119641,3.262500,46.25,115.25,23.23,73.81,26.10,78.98,1404,1183,1080,261,WH-station1,2026-08-16T05:38:47.884-07:00
water_draw_1,2026-08-16T05:38:48.470-07:00,213.171,drawing,,open,15.0,11.147131,3.267604,46.25,115.25,23.33,74.00,26.10,78.98,1404,1184,1081,261,WH-station1,2026-08-16T05:38:48.389-07:00
water_draw_1,2026-08-16T05:38:48.974-07:00,213.676,drawing,,open,15.0,11.174405,3.242083,46.25,115.25,23.33,74.00,26.10,78.98,1404,1184,1076,261,WH-station1,2026-08-16T05:38:48.894-07:00
water_draw_1,2026-08-16T05:38:49.479-07:00,214.181,drawing,,open,15.0,11.201803,3.257396,46.25,115.25,23.33,74.00,26.00,78.80,1404,1184,1079,260,WH-station1,2026-08-16T05:38:49.398-07:00
water_draw_1,2026-08-16T05:38:49.983-07:00,214.685,drawing,,open,15.0,11.229156,3.252292,46.15,115.06,23.33,74.00,26.10,78.98,1403,1184,1078,261,WH-station1,2026-08-16T05:38:49.903-07:00
water_draw_1,2026-08-16T05:38:50.488-07:00,215.190,drawing,,open,15.0,11.256513,3.252292,46.35,115.44,23.23,73.81,26.10,78.98,1405,1183,1078,261,WH-station1,2026-08-16T05:38:50.408-07:00
water_draw_1,2026-08-16T05:38:50.993-07:00,215.694,drawing,,open,15.0,11.283738,3.236979,46.25,115.25,23.33,74.00,26.10,78.98,1404,1184,1075,261,WH-station1,2026-08-16T05:38:50.913-07:00
water_draw_1,2026-08-16T05:38:51.498-07:00,216.199,drawing,,open,15.0,11.310886,3.226771,46.67,116.00,23.12,73.62,26.10,78.98,1408,1182,1073,261,WH-station1,2026-08-16T05:38:51.417-07:00
water_draw_1,2026-08-16T05:38:52.002-07:00,216.704,drawing,,open,15.0,11.338027,3.226771,46.35,115.44,23.02,73.44,26.10,78.98,1405,1181,1073,261,WH-station1,2026-08-16T05:38:51.922-07:00
water_draw_1,2026-08-16T05:38:52.507-07:00,217.209,drawing,,open,15.0,11.365256,3.236979,46.25,115.25,23.33,74.00,26.10,78.98,1404,1184,1075,261,WH-station1,2026-08-16T05:38:52.427-07:00
water_draw_1,2026-08-16T05:38:53.012-07:00,217.713,drawing,,open,15.0,11.392567,3.247188,46.35,115.44,23.02,73.44,26.10,78.98,1405,1181,1077,261,WH-station1,2026-08-16T05:38:52.931-07:00
water_draw_1,2026-08-16T05:38:53.516-07:00,218.218,drawing,,open,15.0,11.419798,3.236979,46.25,115.25,23.02,73.44,26.10,78.98,1404,1181,1075,261,WH-station1,2026-08-16T05:38:53.436-07:00
water_draw_1,2026-08-16T05:38:54.021-07:00,218.723,drawing,,open,15.0,11.446988,3.231875,46.25,115.25,23.33,74.00,26.10,78.98,1404,1184,1074,261,WH-station1,2026-08-16T05:38:53.941-07:00
water_draw_1,2026-08-16T05:38:54.526-07:00,219.228,drawing,,open,15.0,11.474131,3.226771,46.35,115.44,23.12,73.62,26.10,78.98,1405,1182,1073,261,WH-station1,2026-08-16T05:38:54.445-07:00
water_draw_1,2026-08-16T05:38:55.031-07:00,219.732,drawing,,open,15.0,11.501358,3.236979,46.46,115.63,23.33,74.00,26.10,78.98,1406,1184,1075,261,WH-station1,2026-08-16T05:38:54.950-07:00
water_draw_1,2026-08-16T05:38:55.535-07:00,220.237,drawing,,open,15.0,11.528715,3.252292,46.25,115.25,23.12,73.62,26.10,78.98,1404,1182,1078,261,WH-station1,2026-08-16T05:38:55.455-07:00
water_draw_1,2026-08-16T05:38:56.040-07:00,220.742,drawing,,open,15.0,11.555816,3.221667,46.35,115.44,23.02,73.44,26.00,78.80,1405,1181,1072,260,WH-station1,2026-08-16T05:38:55.959-07:00
water_draw_1,2026-08-16T05:38:56.545-07:00,221.246,drawing,,open,15.0,11.583046,3.236979,46.35,115.44,23.12,73.62,26.00,78.80,1405,1182,1075,260,WH-station1,2026-08-16T05:38:56.464-07:00
water_draw_1,2026-08-16T05:38:57.050-07:00,221.751,drawing,,open,15.0,11.610190,3.226771,46.46,115.63,23.33,74.00,26.10,78.98,1406,1184,1073,261,WH-station1,2026-08-16T05:38:56.969-07:00
water_draw_1,2026-08-16T05:38:57.554-07:00,222.256,drawing,,open,15.0,11.637465,3.242083,46.25,115.25,23.12,73.62,26.10,78.98,1404,1182,1076,261,WH-station1,2026-08-16T05:38:57.474-07:00
water_draw_1,2026-08-16T05:38:58.059-07:00,222.761,drawing,,open,15.0,11.664821,3.252292,46.25,115.25,23.02,73.44,26.10,78.98,1404,1181,1078,261,WH-station1,2026-08-16T05:38:57.978-07:00
water_draw_1,2026-08-16T05:38:58.564-07:00,223.265,drawing,,open,15.0,11.692264,3.262500,46.35,115.44,23.23,73.81,26.10,78.98,1405,1183,1080,261,WH-station1,2026-08-16T05:38:58.483-07:00
water_draw_1,2026-08-16T05:38:59.068-07:00,223.770,drawing,,open,15.0,11.719573,3.247188,46.46,115.63,23.23,73.81,26.10,78.98,1406,1183,1077,261,WH-station1,2026-08-16T05:38:58.988-07:00
water_draw_1,2026-08-16T05:38:59.573-07:00,224.275,drawing,,open,15.0,11.746803,3.236979,46.25,115.25,23.12,73.62,25.90,78.62,1404,1182,1075,259,WH-station1,2026-08-16T05:38:59.492-07:00
water_draw_1,2026-08-16T05:39:00.078-07:00,224.779,drawing,,open,15.0,11.774037,3.236979,46.15,115.06,23.12,73.62,26.10,78.98,1403,1182,1075,261,WH-station1,2026-08-16T05:38:59.997-07:00
water_draw_1,2026-08-16T05:39:00.588-07:00,225.284,drawing,,open,15.0,11.801181,3.226771,46.25,115.25,23.12,73.62,26.00,78.80,1404,1182,1073,260,WH-station1,2026-08-16T05:39:00.502-07:00
water_draw_1,2026-08-16T05:39:01.092-07:00,225.794,drawing,,open,15.0,11.828753,3.242083,46.15,115.06,23.12,73.62,26.10,78.98,1403,1182,1076,261,WH-station1,2026-08-16T05:39:01.007-07:00
water_draw_1,2026-08-16T05:39:01.598-07:00,226.299,drawing,,open,15.0,11.856131,3.257396,46.35,115.44,23.23,73.81,26.20,79.16,1405,1183,1079,262,WH-station1,2026-08-16T05:39:01.513-07:00
water_draw_1,2026-08-16T05:39:02.102-07:00,226.804,drawing,,open,15.0,11.883431,3.242083,46.25,115.25,23.12,73.62,26.10,78.98,1404,1182,1076,261,WH-station1,2026-08-16T05:39:02.017-07:00
water_draw_1,2026-08-16T05:39:02.607-07:00,227.309,drawing,,open,15.0,11.910922,3.267604,46.15,115.06,23.12,73.62,26.10,78.98,1403,1182,1081,261,WH-station1,2026-08-16T05:39:02.523-07:00
water_draw_1,2026-08-16T05:39:03.112-07:00,227.813,drawing,,open,15.0,11.938154,3.236979,46.35,115.44,23.23,73.81,26.20,79.16,1405,1183,1075,262,WH-station1,2026-08-16T05:39:03.028-07:00
water_draw_1,2026-08-16T05:39:03.617-07:00,228.318,drawing,,open,15.0,11.965341,3.231875,46.46,115.63,23.12,73.62,26.20,79.16,1406,1182,1074,262,WH-station1,2026-08-16T05:39:03.534-07:00
water_draw_1,2026-08-16T05:39:04.119-07:00,228.823,drawing,,open,15.0,11.992788,3.262500,46.35,115.44,23.44,74.19,26.20,79.16,1405,1185,1080,262,WH-station1,2026-08-16T05:39:04.039-07:00
water_draw_1,2026-08-16T05:39:04.621-07:00,229.325,drawing,,open,15.0,12.020044,3.257396,46.25,115.25,23.23,73.81,26.20,79.16,1404,1183,1079,262,WH-station1,2026-08-16T05:39:04.544-07:00
water_draw_1,2026-08-16T05:39:05.123-07:00,229.827,drawing,,open,15.0,12.047090,3.231875,46.56,115.81,23.02,73.44,26.10,78.98,1407,1181,1074,261,WH-station1,2026-08-16T05:39:05.050-07:00
water_draw_1,2026-08-16T05:39:05.625-07:00,230.329,drawing,,open,15.0,12.074342,3.257396,46.35,115.44,23.12,73.62,26.10,78.98,1405,1182,1079,261,WH-station1,2026-08-16T05:39:05.555-07:00
water_draw_1,2026-08-16T05:39:06.127-07:00,230.831,drawing,,open,15.0,12.101557,3.252292,46.15,115.06,23.12,73.62,26.10,78.98,1403,1182,1078,261,WH-station1,2026-08-16T05:39:06.061-07:00
water_draw_1,2026-08-16T05:39:06.631-07:00,231.335,drawing,,open,15.0,12.128766,3.242083,46.25,115.25,23.02,73.44,26.20,79.16,1404,1181,1076,262,WH-station1,2026-08-16T05:39:06.566-07:00
water_draw_1,2026-08-16T05:39:07.133-07:00,231.837,drawing,,open,15.0,12.156023,3.257396,46.15,115.06,23.33,74.00,26.20,79.16,1403,1184,1079,262,WH-station1,2026-08-16T05:39:07.071-07:00
water_draw_1,2026-08-16T05:39:07.635-07:00,232.339,drawing,,open,15.0,12.183321,3.262500,46.25,115.25,23.12,73.62,26.10,78.98,1404,1182,1080,261,WH-station1,2026-08-16T05:39:07.577-07:00
water_draw_1,2026-08-16T05:39:08.137-07:00,232.841,drawing,,open,15.0,12.210533,3.252292,46.35,115.44,23.33,74.00,26.20,79.16,1405,1184,1078,262,WH-station1,2026-08-16T05:39:08.082-07:00
water_draw_1,2026-08-16T05:39:08.639-07:00,233.343,drawing,,open,15.0,12.237832,3.262500,46.35,115.44,23.23,73.81,26.10,78.98,1405,1183,1080,261,WH-station1,2026-08-16T05:39:08.588-07:00
water_draw_1,2026-08-16T05:39:09.143-07:00,233.845,drawing,,open,15.0,12.264878,3.231875,46.35,115.44,23.12,73.62,26.10,78.98,1405,1182,1074,261,WH-station1,2026-08-16T05:39:09.092-07:00
water_draw_1,2026-08-16T05:39:09.648-07:00,234.350,drawing,,open,15.0,12.292108,3.236979,46.46,115.63,23.23,73.81,26.10,78.98,1406,1183,1075,261,WH-station1,2026-08-16T05:39:09.597-07:00
water_draw_1,2026-08-16T05:39:10.153-07:00,234.854,drawing,,open,15.0,12.319384,3.242083,46.15,115.06,23.02,73.44,26.10,78.98,1403,1181,1076,261,WH-station1,2026-08-16T05:39:10.102-07:00
water_draw_1,2026-08-16T05:39:10.658-07:00,235.359,drawing,,open,15.0,12.346703,3.247188,46.35,115.44,23.44,74.19,26.20,79.16,1405,1185,1077,262,WH-station1,2026-08-16T05:39:10.607-07:00
water_draw_1,2026-08-16T05:39:11.162-07:00,235.864,drawing,,open,15.0,12.374023,3.247188,46.46,115.63,23.02,73.44,26.20,79.16,1406,1181,1077,262,WH-station1,2026-08-16T05:39:11.112-07:00
water_draw_1,2026-08-16T05:39:11.668-07:00,236.369,drawing,,open,15.0,12.401295,3.242083,46.46,115.63,23.23,73.81,26.20,79.16,1406,1183,1076,262,WH-station1,2026-08-16T05:39:11.616-07:00
water_draw_1,2026-08-16T05:39:12.172-07:00,236.874,drawing,,open,15.0,12.428511,3.231875,46.56,115.81,23.23,73.81,26.10,78.98,1407,1183,1074,261,WH-station1,2026-08-16T05:39:12.121-07:00
water_draw_1,2026-08-16T05:39:12.677-07:00,237.379,drawing,,open,15.0,12.455697,3.231875,46.25,115.25,23.33,74.00,26.10,78.98,1404,1184,1074,261,WH-station1,2026-08-16T05:39:12.626-07:00
water_draw_1,2026-08-16T05:39:13.182-07:00,237.884,drawing,,open,15.0,12.483061,3.252292,46.25,115.25,22.92,73.25,26.10,78.98,1404,1180,1078,261,WH-station1,2026-08-16T05:39:13.131-07:00
water_draw_1,2026-08-16T05:39:13.687-07:00,238.388,drawing,,open,15.0,12.510373,3.247188,46.56,115.81,23.44,74.19,26.10,78.98,1407,1185,1077,261,WH-station1,2026-08-16T05:39:13.635-07:00
water_draw_1,2026-08-16T05:39:14.191-07:00,238.893,drawing,,open,15.0,12.537561,3.231875,46.35,115.44,23.33,74.00,26.10,78.98,1405,1184,1074,261,WH-station1,2026-08-16T05:39:14.140-07:00
water_draw_1,2026-08-16T05:39:14.696-07:00,239.398,drawing,,open,15.0,12.564871,3.247188,46.35,115.44,23.02,73.44,26.10,78.98,1405,1181,1077,261,WH-station1,2026-08-16T05:39:14.645-07:00
water_draw_1,2026-08-16T05:39:15.201-07:00,239.902,drawing,,open,15.0,12.592186,3.247188,46.35,115.44,23.23,73.81,26.10,78.98,1405,1183,1077,261,WH-station1,2026-08-16T05:39:15.150-07:00
water_draw_1,2026-08-16T05:39:15.706-07:00,240.407,drawing,,open,15.0,12.619545,3.252292,46.25,115.25,23.23,73.81,26.10,78.98,1404,1183,1078,261,WH-station1,2026-08-16T05:39:15.654-07:00
water_draw_1,2026-08-16T05:39:16.210-07:00,240.912,drawing,,open,15.0,12.646995,3.262500,46.35,115.44,23.33,74.00,26.20,79.16,1405,1184,1080,262,WH-station1,2026-08-16T05:39:16.159-07:00
water_draw_1,2026-08-16T05:39:16.715-07:00,241.417,drawing,,open,15.0,12.674396,3.257396,46.15,115.06,23.33,74.00,26.10,78.98,1403,1184,1079,261,WH-station1,2026-08-16T05:39:16.664-07:00
water_draw_1,2026-08-16T05:39:17.220-07:00,241.921,drawing,,open,15.0,12.701712,3.247188,46.88,116.38,23.23,73.81,26.20,79.16,1410,1183,1077,262,WH-station1,2026-08-16T05:39:17.169-07:00
water_draw_1,2026-08-16T05:39:17.724-07:00,242.426,drawing,,open,15.0,12.729068,3.252292,46.25,115.25,23.33,74.00,26.20,79.16,1404,1184,1078,262,WH-station1,2026-08-16T05:39:17.673-07:00
water_draw_1,2026-08-16T05:39:18.229-07:00,242.931,drawing,,open,15.0,12.756299,3.236979,46.46,115.63,23.12,73.62,26.20,79.16,1406,1182,1075,262,WH-station1,2026-08-16T05:39:18.178-07:00
water_draw_1,2026-08-16T05:39:18.734-07:00,243.435,drawing,,open,15.0,12.783570,3.242083,46.25,115.25,23.33,74.00,26.00,78.80,1404,1184,1076,260,WH-station1,2026-08-16T05:39:18.683-07:00
water_draw_1,2026-08-16T05:39:19.239-07:00,243.940,drawing,,open,15.0,12.811012,3.262500,46.35,115.44,23.33,74.00,26.10,78.98,1405,1184,1080,261,WH-station1,2026-08-16T05:39:19.187-07:00
water_draw_1,2026-08-16T05:39:19.743-07:00,244.445,drawing,,open,15.0,12.838502,3.267604,46.46,115.63,23.54,74.38,26.10,78.98,1406,1186,1081,261,WH-station1,2026-08-16T05:39:19.692-07:00
water_draw_1,2026-08-16T05:39:20.248-07:00,244.950,drawing,,open,15.0,12.865730,3.236979,46.25,115.25,23.02,73.44,26.10,78.98,1404,1181,1075,261,WH-station1,2026-08-16T05:39:20.197-07:00
water_draw_1,2026-08-16T05:39:20.753-07:00,245.454,drawing,,open,15.0,12.893041,3.247188,46.35,115.44,23.23,73.81,26.10,78.98,1405,1183,1077,261,WH-station1,2026-08-16T05:39:20.701-07:00
water_draw_1,2026-08-16T05:39:21.257-07:00,245.959,drawing,,open,15.0,12.920488,3.262500,46.25,115.25,22.92,73.25,26.20,79.16,1404,1180,1080,262,WH-station1,2026-08-16T05:39:21.206-07:00
water_draw_1,2026-08-16T05:39:21.762-07:00,246.464,drawing,,open,15.0,12.947717,3.236979,46.35,115.44,23.23,73.81,26.10,78.98,1405,1183,1075,261,WH-station1,2026-08-16T05:39:21.711-07:00
water_draw_1,2026-08-16T05:39:22.267-07:00,246.968,drawing,,open,15.0,12.975116,3.257396,46.25,115.25,23.23,73.81,26.10,78.98,1404,1183,1079,261,WH-station1,2026-08-16T05:39:22.215-07:00
water_draw_1,2026-08-16T05:39:22.772-07:00,247.473,drawing,,open,15.0,13.002430,3.247188,46.46,115.63,23.12,73.62,26.00,78.80,1406,1182,1077,260,WH-station1,2026-08-16T05:39:22.720-07:00
water_draw_1,2026-08-16T05:39:23.276-07:00,247.978,drawing,,open,15.0,13.029748,3.247188,46.25,115.25,23.33,74.00,26.20,79.16,1404,1184,1077,262,WH-station1,2026-08-16T05:39:23.225-07:00
water_draw_1,2026-08-16T05:39:23.781-07:00,248.483,drawing,,open,15.0,13.057064,3.247188,46.35,115.44,23.23,73.81,26.10,78.98,1405,1183,1077,261,WH-station1,2026-08-16T05:39:23.729-07:00
water_draw_1,2026-08-16T05:39:24.286-07:00,248.987,drawing,,open,15.0,13.084558,3.267604,46.35,115.44,23.54,74.38,26.20,79.16,1405,1186,1081,262,WH-station1,2026-08-16T05:39:24.234-07:00
water_draw_1,2026-08-16T05:39:24.790-07:00,249.492,drawing,,open,15.0,13.112042,3.267604,46.25,115.25,23.23,73.81,26.20,79.16,1404,1183,1081,262,WH-station1,2026-08-16T05:39:24.739-07:00
water_draw_1,2026-08-16T05:39:25.295-07:00,249.997,drawing,,open,15.0,13.139399,3.252292,46.35,115.44,23.23,73.81,26.20,79.16,1405,1183,1078,262,WH-station1,2026-08-16T05:39:25.243-07:00
water_draw_1,2026-08-16T05:39:25.800-07:00,250.501,drawing,,open,15.0,13.166796,3.257396,46.35,115.44,23.44,74.19,26.20,79.16,1405,1185,1079,262,WH-station1,2026-08-16T05:39:25.748-07:00
water_draw_1,2026-08-16T05:39:26.305-07:00,251.006,drawing,,open,15.0,13.194155,3.252292,46.46,115.63,23.23,73.81,26.20,79.16,1406,1183,1078,262,WH-station1,2026-08-16T05:39:26.253-07:00
water_draw_1,2026-08-16T05:39:26.809-07:00,251.511,drawing,,open,15.0,13.221515,3.252292,46.15,115.06,23.23,73.81,26.10,78.98,1403,1183,1078,261,WH-station1,2026-08-16T05:39:26.758-07:00
water_draw_1,2026-08-16T05:39:27.314-07:00,252.016,drawing,,open,15.0,13.248789,3.242083,46.35,115.44,22.92,73.25,26.00,78.80,1405,1180,1076,260,WH-station1,2026-08-16T05:39:27.262-07:00
water_draw_1,2026-08-16T05:39:27.819-07:00,252.520,drawing,,open,15.0,13.276143,3.252292,46.35,115.44,23.33,74.00,26.10,78.98,1405,1184,1078,261,WH-station1,2026-08-16T05:39:27.767-07:00
water_draw_1,2026-08-16T05:39:28.323-07:00,253.025,drawing,,open,15.0,13.303458,3.247188,46.46,115.63,23.23,73.81,26.10,78.98,1406,1183,1077,261,WH-station1,2026-08-16T05:39:28.272-07:00
water_draw_1,2026-08-16T05:39:28.828-07:00,253.530,drawing,,open,15.0,13.330643,3.231875,46.35,115.44,23.33,74.00,26.10,78.98,1405,1184,1074,261,WH-station1,2026-08-16T05:39:28.777-07:00
water_draw_1,2026-08-16T05:39:29.333-07:00,254.034,drawing,,open,15.0,13.357957,3.247188,46.56,115.81,23.12,73.62,26.00,78.80,1407,1182,1077,260,WH-station1,2026-08-16T05:39:29.281-07:00
water_draw_1,2026-08-16T05:39:29.838-07:00,254.539,drawing,,open,15.0,13.385320,3.252292,46.35,115.44,23.65,74.56,26.20,79.16,1405,1187,1078,262,WH-station1,2026-08-16T05:39:29.786-07:00
water_draw_1,2026-08-16T05:39:30.342-07:00,255.044,drawing,,open,15.0,13.412639,3.247188,46.35,115.44,23.23,73.81,26.00,78.80,1405,1183,1077,260,WH-station1,2026-08-16T05:39:30.290-07:00
water_draw_1,2026-08-16T05:39:30.847-07:00,255.549,drawing,,open,15.0,13.439868,3.236979,46.25,115.25,23.23,73.81,26.10,78.98,1404,1183,1075,261,WH-station1,2026-08-16T05:39:30.795-07:00
water_draw_1,2026-08-16T05:39:31.352-07:00,256.053,drawing,,open,15.0,13.467227,3.252292,46.77,116.19,23.44,74.19,26.10,78.98,1409,1185,1078,261,WH-station1,2026-08-16T05:39:31.300-07:00
water_draw_1,2026-08-16T05:39:31.857-07:00,256.558,drawing,,open,15.0,13.494324,3.221667,46.46,115.63,23.12,73.62,26.20,79.16,1406,1182,1072,262,WH-station1,2026-08-16T05:39:31.805-07:00
water_draw_1,2026-08-16T05:39:32.361-07:00,257.063,drawing,,open,15.0,13.521558,3.236979,46.25,115.25,23.33,74.00,26.10,78.98,1404,1184,1075,261,WH-station1,2026-08-16T05:39:32.309-07:00
water_draw_1,2026-08-16T05:39:32.866-07:00,257.568,drawing,,open,15.0,13.548745,3.231875,46.46,115.63,23.75,74.75,26.10,78.98,1406,1188,1074,261,WH-station1,2026-08-16T05:39:32.814-07:00
water_draw_1,2026-08-16T05:39:33.371-07:00,258.072,drawing,,open,15.0,13.575933,3.231875,46.46,115.63,23.33,74.00,26.10,78.98,1406,1184,1074,261,WH-station1,2026-08-16T05:39:33.319-07:00
water_draw_1,2026-08-16T05:39:33.875-07:00,258.577,drawing,,open,15.0,13.603204,3.242083,46.46,115.63,23.54,74.38,26.20,79.16,1406,1186,1076,262,WH-station1,2026-08-16T05:39:33.824-07:00
water_draw_1,2026-08-16T05:39:34.380-07:00,259.082,drawing,,open,15.0,13.630520,3.247188,46.35,115.44,23.33,74.00,26.10,78.98,1405,1184,1077,261,WH-station1,2026-08-16T05:39:34.328-07:00
water_draw_1,2026-08-16T05:39:34.885-07:00,259.587,drawing,,open,15.0,13.657663,3.226771,46.46,115.63,23.23,73.81,26.20,79.16,1406,1183,1073,262,WH-station1,2026-08-16T05:39:34.833-07:00
water_draw_1,2026-08-16T05:39:35.390-07:00,260.091,drawing,,open,15.0,13.685068,3.257396,46.56,115.81,23.02,73.44,26.10,78.98,1407,1181,1079,261,WH-station1,2026-08-16T05:39:35.338-07:00
water_draw_1,2026-08-16T05:39:35.894-07:00,260.596,drawing,,open,15.0,13.712299,3.236979,46.46,115.63,23.44,74.19,26.20,79.16,1406,1185,1075,262,WH-station1,2026-08-16T05:39:35.842-07:00
water_draw_1,2026-08-16T05:39:36.399-07:00,261.101,drawing,,open,15.0,13.739745,3.262500,46.35,115.44,23.44,74.19,26.20,79.16,1405,1185,1080,262,WH-station1,2026-08-16T05:39:36.347-07:00
water_draw_1,2026-08-16T05:39:36.904-07:00,261.606,drawing,,open,15.0,13.766888,3.226771,46.35,115.44,23.23,73.81,26.10,78.98,1405,1183,1073,261,WH-station1,2026-08-16T05:39:36.852-07:00
water_draw_1,2026-08-16T05:39:37.409-07:00,262.110,drawing,,open,15.0,13.794118,3.236979,46.35,115.44,23.02,73.44,26.20,79.16,1405,1181,1075,262,WH-station1,2026-08-16T05:39:37.357-07:00
water_draw_1,2026-08-16T05:39:37.944-07:00,262.615,drawing,,open,15.0,13.821390,3.242083,46.25,115.25,23.33,74.00,26.10,78.98,1404,1184,1076,261,WH-station1,2026-08-16T05:39:37.861-07:00
water_draw_1,2026-08-16T05:39:38.448-07:00,263.150,drawing,,open,15.0,13.850257,3.236979,46.25,115.25,23.33,74.00,26.20,79.16,1404,1184,1075,262,WH-station1,2026-08-16T05:39:38.366-07:00
water_draw_1,2026-08-16T05:39:38.953-07:00,263.655,drawing,,open,15.0,13.877573,3.247188,46.15,115.06,23.44,74.19,26.00,78.80,1403,1185,1077,260,WH-station1,2026-08-16T05:39:38.871-07:00
water_draw_1,2026-08-16T05:39:39.458-07:00,264.160,drawing,,open,15.0,13.905107,3.272708,46.35,115.44,23.33,74.00,26.10,78.98,1405,1184,1082,261,WH-station1,2026-08-16T05:39:39.375-07:00
water_draw_1,2026-08-16T05:39:39.963-07:00,264.664,drawing,,open,15.0,13.932381,3.242083,46.35,115.44,23.44,74.19,26.10,78.98,1405,1185,1076,261,WH-station1,2026-08-16T05:39:39.880-07:00
water_draw_1,2026-08-16T05:39:40.467-07:00,265.169,drawing,,open,15.0,13.959737,3.252292,46.25,115.25,23.33,74.00,26.00,78.80,1404,1184,1078,260,WH-station1,2026-08-16T05:39:40.385-07:00
water_draw_1,2026-08-16T05:39:40.972-07:00,265.674,drawing,,open,15.0,13.987136,3.257396,46.46,115.63,23.12,73.62,26.20,79.16,1406,1182,1079,262,WH-station1,2026-08-16T05:39:40.890-07:00
water_draw_1,2026-08-16T05:39:41.477-07:00,266.178,drawing,,open,15.0,14.014494,3.252292,46.25,115.25,23.23,73.81,26.10,78.98,1404,1183,1078,261,WH-station1,2026-08-16T05:39:41.395-07:00
water_draw_1,2026-08-16T05:39:41.982-07:00,266.683,drawing,,open,15.0,14.041729,3.236979,46.35,115.44,23.02,73.44,26.10,78.98,1405,1181,1075,261,WH-station1,2026-08-16T05:39:41.899-07:00
water_draw_1,2026-08-16T05:39:42.486-07:00,267.188,drawing,,open,15.0,14.068962,3.236979,46.46,115.63,23.44,74.19,26.10,78.98,1406,1185,1075,261,WH-station1,2026-08-16T05:39:42.404-07:00
water_draw_1,2026-08-16T05:39:42.991-07:00,267.693,drawing,,open,15.0,14.096190,3.236979,46.25,115.25,23.12,73.62,26.00,78.80,1404,1182,1075,260,WH-station1,2026-08-16T05:39:42.909-07:00
water_draw_1,2026-08-16T05:39:43.496-07:00,268.197,drawing,,open,15.0,14.123506,3.247188,46.56,115.81,23.65,74.56,26.10,78.98,1407,1187,1077,261,WH-station1,2026-08-16T05:39:43.413-07:00
water_draw_1,2026-08-16T05:39:44.000-07:00,268.702,drawing,,open,15.0,14.150775,3.242083,46.25,115.25,23.02,73.44,26.10,78.98,1404,1181,1076,261,WH-station1,2026-08-16T05:39:43.918-07:00
water_draw_1,2026-08-16T05:39:44.505-07:00,269.207,drawing,,open,15.0,14.178260,3.267604,46.46,115.63,23.23,73.81,26.10,78.98,1406,1183,1081,261,WH-station1,2026-08-16T05:39:44.423-07:00
water_draw_1,2026-08-16T05:39:45.010-07:00,269.712,drawing,,open,15.0,14.205491,3.236979,46.35,115.44,23.12,73.62,26.10,78.98,1405,1182,1075,261,WH-station1,2026-08-16T05:39:44.927-07:00
water_draw_1,2026-08-16T05:39:45.515-07:00,270.216,drawing,,open,15.0,14.232720,3.236979,46.25,115.25,23.23,73.81,26.20,79.16,1404,1183,1075,262,WH-station1,2026-08-16T05:39:45.432-07:00
water_draw_1,2026-08-16T05:39:46.019-07:00,270.721,drawing,,open,15.0,14.259949,3.236979,46.67,116.00,23.02,73.44,26.10,78.98,1408,1181,1075,261,WH-station1,2026-08-16T05:39:45.937-07:00
water_draw_1,2026-08-16T05:39:46.524-07:00,271.226,drawing,,open,15.0,14.287352,3.257396,46.46,115.63,23.65,74.56,26.10,78.98,1406,1187,1079,261,WH-station1,2026-08-16T05:39:46.441-07:00
water_draw_1,2026-08-16T05:39:47.029-07:00,271.730,drawing,,open,15.0,14.314582,3.236979,46.35,115.44,23.33,74.00,26.10,78.98,1405,1184,1075,261,WH-station1,2026-08-16T05:39:46.946-07:00
water_draw_1,2026-08-16T05:39:47.534-07:00,272.235,drawing,,open,15.0,14.341855,3.242083,46.35,115.44,23.44,74.19,26.10,78.98,1405,1185,1076,261,WH-station1,2026-08-16T05:39:47.451-07:00
water_draw_1,2026-08-16T05:39:48.038-07:00,272.740,drawing,,open,15.0,14.369299,3.262500,46.25,115.25,23.12,73.62,26.10,78.98,1404,1182,1080,261,WH-station1,2026-08-16T05:39:47.956-07:00
water_draw_1,2026-08-16T05:39:48.543-07:00,273.245,drawing,,open,15.0,14.396742,3.262500,46.25,115.25,23.23,73.81,26.10,78.98,1404,1183,1080,261,WH-station1,2026-08-16T05:39:48.460-07:00
water_draw_1,2026-08-16T05:39:49.048-07:00,273.749,drawing,,open,15.0,14.424268,3.272708,46.35,115.44,23.54,74.38,26.20,79.16,1405,1186,1082,262,WH-station1,2026-08-16T05:39:48.965-07:00
water_draw_1,2026-08-16T05:39:49.552-07:00,274.254,drawing,,open,15.0,14.451585,3.247188,46.25,115.25,23.54,74.38,26.10,78.98,1404,1186,1077,261,WH-station1,2026-08-16T05:39:49.470-07:00
water_draw_1,2026-08-16T05:39:50.057-07:00,274.759,drawing,,open,15.0,14.478899,3.247188,46.46,115.63,23.75,74.75,26.20,79.16,1406,1188,1077,262,WH-station1,2026-08-16T05:39:49.974-07:00
water_draw_1,2026-08-16T05:39:50.562-07:00,275.264,drawing,,open,15.0,14.506178,3.242083,46.25,115.25,23.33,74.00,26.10,78.98,1404,1184,1076,261,WH-station1,2026-08-16T05:39:50.479-07:00
water_draw_1,2026-08-16T05:39:51.067-07:00,275.768,drawing,,open,15.0,14.533493,3.247188,46.25,115.25,23.23,73.81,26.10,78.98,1404,1183,1077,261,WH-station1,2026-08-16T05:39:50.984-07:00
water_draw_1,2026-08-16T05:39:51.571-07:00,276.273,drawing,,open,15.0,14.560721,3.236979,46.35,115.44,23.54,74.38,26.20,79.16,1405,1186,1075,262,WH-station1,2026-08-16T05:39:51.488-07:00
water_draw_1,2026-08-16T05:39:52.076-07:00,276.778,drawing,,open,15.0,14.588162,3.262500,46.25,115.25,23.75,74.75,26.20,79.16,1404,1188,1080,262,WH-station1,2026-08-16T05:39:51.993-07:00
water_draw_1,2026-08-16T05:39:52.581-07:00,277.282,drawing,,open,15.0,14.615561,3.257396,46.35,115.44,23.54,74.38,26.20,79.16,1405,1186,1079,262,WH-station1,2026-08-16T05:39:52.498-07:00
water_draw_1,2026-08-16T05:39:53.086-07:00,277.787,drawing,,open,15.0,14.642926,3.252292,46.25,115.25,23.54,74.38,26.10,78.98,1404,1186,1078,261,WH-station1,2026-08-16T05:39:53.003-07:00
water_draw_1,2026-08-16T05:39:53.590-07:00,278.292,drawing,,open,15.0,14.670288,3.252292,46.56,115.81,23.54,74.38,26.10,78.98,1407,1186,1078,261,WH-station1,2026-08-16T05:39:53.507-07:00
water_draw_1,2026-08-16T05:39:54.095-07:00,278.797,drawing,,open,15.0,14.697645,3.252292,46.56,115.81,23.54,74.38,26.10,78.98,1407,1186,1078,261,WH-station1,2026-08-16T05:39:54.012-07:00
water_draw_1,2026-08-16T05:39:54.600-07:00,279.301,drawing,,open,15.0,14.725088,3.262500,46.25,115.25,23.44,74.19,26.10,78.98,1404,1185,1080,261,WH-station1,2026-08-16T05:39:54.517-07:00
water_draw_1,2026-08-16T05:39:55.104-07:00,279.806,drawing,,open,15.0,14.752187,3.221667,46.56,115.81,23.65,74.56,26.20,79.16,1407,1187,1072,262,WH-station1,2026-08-16T05:39:55.021-07:00
water_draw_1,2026-08-16T05:39:55.609-07:00,280.311,drawing,,open,15.0,14.779373,3.231875,46.35,115.44,23.33,74.00,26.20,79.16,1405,1184,1074,262,WH-station1,2026-08-16T05:39:55.526-07:00
water_draw_1,2026-08-16T05:39:56.114-07:00,280.816,drawing,,open,15.0,14.806524,3.226771,46.25,115.25,23.54,74.38,26.20,79.16,1404,1186,1073,262,WH-station1,2026-08-16T05:39:56.031-07:00
water_draw_1,2026-08-16T05:39:56.619-07:00,281.320,drawing,,open,15.0,14.833668,3.226771,46.25,115.25,23.75,74.75,26.10,78.98,1404,1188,1073,261,WH-station1,2026-08-16T05:39:56.535-07:00
water_draw_1,2026-08-16T05:39:57.123-07:00,281.825,drawing,,open,15.0,14.860853,3.231875,46.35,115.44,23.23,73.81,26.00,78.80,1405,1183,1074,260,WH-station1,2026-08-16T05:39:57.040-07:00
water_draw_1,2026-08-16T05:39:57.628-07:00,282.330,drawing,,open,15.0,14.888123,3.242083,46.35,115.44,23.23,73.81,26.10,78.98,1405,1183,1076,261,WH-station1,2026-08-16T05:39:57.545-07:00
water_draw_1,2026-08-16T05:39:58.133-07:00,282.834,drawing,,open,15.0,14.915349,3.236979,46.25,115.25,23.44,74.19,26.20,79.16,1404,1185,1075,262,WH-station1,2026-08-16T05:39:58.050-07:00
water_draw_1,2026-08-16T05:39:58.637-07:00,283.339,drawing,,open,15.0,14.942579,3.236979,46.25,115.25,23.54,74.38,26.10,78.98,1404,1186,1075,261,WH-station1,2026-08-16T05:39:58.554-07:00
water_draw_1,2026-08-16T05:39:59.142-07:00,283.844,drawing,,open,15.0,14.969979,3.257396,46.56,115.81,23.33,74.00,26.10,78.98,1407,1184,1079,261,WH-station1,2026-08-16T05:39:59.059-07:00
water_draw_1,2026-08-16T05:39:59.647-07:00,284.348,drawing,,open,15.0,14.997077,3.221667,46.56,115.81,23.54,74.38,26.10,78.98,1407,1186,1072,261,WH-station1,2026-08-16T05:39:59.564-07:00
water_draw_1,2026-08-16T05:40:00.151-07:00,284.853,drawing,,open,15.0,15.024475,3.257396,46.46,115.63,23.75,74.75,26.10,78.98,1406,1188,1079,261,WH-station1,2026-08-16T05:40:00.068-07:00
water_draw_1,2026-08-16T05:40:00.156-07:00,284.862,completed,target_reached,closed,15.0,15.024475,3.257396,46.46,115.63,23.75,74.75,26.10,78.98,1406,1188,1079,261,WH-station1,2026-08-16T05:40:00.068-07:00
