timestamp_pacific,event_id,event,direction,command,result,argument,source,opcode1,opcode2,nak_code,nak_reason,operational_state,operational_state_name,intermediate_response_code,intermediate_response_name,details
2026-08-14T22:21:27.985-07:00,,controller_started,internal,controller,started,,controller,,,,,,,,,
2026-08-14T22:21:27.990-07:00,,serial_open,internal,serial_port,ok,/dev/ttyUSB0,controller,,,,,,,,,
2026-08-14T22:21:27.990-07:00,,communication_started,internal,cta2045,started,,controller,,,,,,,,,
2026-08-14T22:21:27.990-07:00,,query_sent,outbound,device_information,pending,,startup,1,1,,,,,,,
2026-08-14T22:21:28.152-07:00,,link_ack,inbound,device_information,ack,,link_layer,,,,,,,,,
2026-08-14T22:21:28.305-07:00,,intermediate_response,inbound,device_information,success,,device_response,1,129,,,,,0,success,
2026-08-14T22:21:28.345-07:00,,query_completed,outbound,device_information,ok,,startup,1,1,,,,,0,success,
2026-08-14T22:21:28.346-07:00,auto_outside_comm_for_advanced_load_up_1,command_sent,outbound,outside_communication1,pending,0,schedule,14,0,,,,,,,
2026-08-14T22:21:28.508-07:00,,link_ack,inbound,outside_communication,ack,,link_layer,14,,,,,,,,
2026-08-14T22:21:28.632-07:00,,application_ack,inbound,outside_communication,ack,,application_layer,3,14,,,,,,,
2026-08-14T22:21:28.672-07:00,auto_outside_comm_for_advanced_load_up_1,command_completed,outbound,outside_communication1,ok,0,schedule,14,0,,,,,,,
2026-08-14T22:21:28.672-07:00,,query_sent,outbound,get_commodity,pending,,periodic,6,0,,,,,,,
2026-08-14T22:21:28.834-07:00,,link_ack,inbound,get_commodity,ack,,link_layer,6,,,,,,,,
2026-08-14T22:21:29.003-07:00,,intermediate_response,inbound,get_commodity,success,,device_response,6,128,,,,,0,success,
2026-08-14T22:21:29.044-07:00,,query_completed,outbound,get_commodity,ok,,periodic,6,0,,,,,0,success,
2026-08-14T22:21:29.044-07:00,,query_sent,outbound,query_operational_state,pending,,periodic,18,0,,,,,,,
2026-08-14T22:21:29.206-07:00,,link_ack,inbound,query_operational_state,ack,,link_layer,18,,,,,,,,
2026-08-14T22:21:29.330-07:00,,operational_state,inbound,query_operational_state,received,,device_response,19,0,,,0,Idle Normal,,,
2026-08-14T22:21:29.371-07:00,,query_completed,outbound,query_operational_state,ok,,periodic,18,0,,,,,,,
2026-08-14T22:21:43.385-07:00,advanced_load_up_1,command_sent,outbound,advanced_load_up,pending,duration_minutes=0;value=100;units=2;efficiency=9,schedule,12,,,,,,,,
2026-08-14T22:21:43.460-07:00,,link_ack,inbound,advanced_load_up,ack,,link_layer,12,,,,,,,,
2026-08-14T22:21:43.584-07:00,,intermediate_response,inbound,advanced_load_up,success,,device_response,12,128,,,,,0,success,
2026-08-14T22:21:43.625-07:00,advanced_load_up_1,command_completed,outbound,advanced_load_up,ok,duration_minutes=0;value=100;units=2;efficiency=9,schedule,12,,,,,,0,success,
2026-08-14T22:21:53.637-07:00,advanced_load_up_1,verification_sent,outbound,get_advanced_load_up,pending,delay_seconds=10,automatic_delayed_readback,12,0,,,,,,,
2026-08-14T22:21:53.706-07:00,,link_ack,inbound,get_advanced_load_up,ack,,link_layer,12,,,,,,,,
2026-08-14T22:21:53.834-07:00,,advanced_load_up_readback,inbound,get_advanced_load_up,success,duration_minutes=0;value=100;units=2;efficiency=not_reported;efficiency_status=not_reported;payload_length=8,device_response,12,128,,,,,0,success,
2026-08-14T22:21:53.874-07:00,advanced_load_up_1,verification_completed,outbound,get_advanced_load_up,ok,delay_seconds=10,automatic_delayed_readback,12,0,,,,,0,success,
2026-08-14T22:21:58.881-07:00,,query_sent,outbound,query_operational_state,pending,,periodic,18,0,,,,,,,
2026-08-14T22:21:59.046-07:00,,link_ack,inbound,query_operational_state,ack,,link_layer,18,,,,,,,,
2026-08-14T22:21:59.170-07:00,,operational_state,inbound,query_operational_state,received,,device_response,19,0,,,0,Idle Normal,,,
2026-08-14T22:21:59.211-07:00,,query_completed,outbound,query_operational_state,ok,,periodic,18,0,,,,,,,
2026-08-14T22:22:29.243-07:00,,query_sent,outbound,get_commodity,pending,,periodic,6,0,,,,,,,
2026-08-14T22:22:29.332-07:00,,link_ack,inbound,get_commodity,ack,,link_layer,6,,,,,,,,
2026-08-14T22:22:29.501-07:00,,intermediate_response,inbound,get_commodity,success,,device_response,6,128,,,,,0,success,
2026-08-14T22:22:29.544-07:00,,query_completed,outbound,get_commodity,ok,,periodic,6,0,,,,,0,success,
2026-08-14T22:22:29.544-07:00,,query_sent,outbound,query_operational_state,pending,,periodic,18,0,,,,,,,
2026-08-14T22:22:29.706-07:00,,link_ack,inbound,query_operational_state,ack,,link_layer,18,,,,,,,,
2026-08-14T22:22:29.830-07:00,,operational_state,inbound,query_operational_state,received,,device_response,19,0,,,0,Idle Normal,,,
2026-08-14T22:22:29.870-07:00,,query_completed,outbound,query_operational_state,ok,,periodic,18,0,,,,,,,
2026-08-14T22:22:58.902-07:00,,query_sent,outbound,query_operational_state,pending,,periodic,18,0,,,,,,,
2026-08-14T22:22:58.991-07:00,,link_ack,inbound,query_operational_state,ack,,link_layer,18,,,,,,,,
2026-08-14T22:22:59.115-07:00,,operational_state,inbound,query_operational_state,received,,device_response,19,0,,,0,Idle Normal,,,
2026-08-14T22:22:59.155-07:00,,query_completed,outbound,query_operational_state,ok,,periodic,18,0,,,,,,,
2026-08-14T22:23:29.188-07:00,,query_sent,outbound,get_commodity,pending,,periodic,6,0,,,,,,,
2026-08-14T22:23:29.278-07:00,,link_ack,inbound,get_commodity,ack,,link_layer,6,,,,,,,,
2026-08-14T22:23:29.446-07:00,,intermediate_response,inbound,get_commodity,success,,device_response,6,128,,,,,0,success,
2026-08-14T22:23:29.490-07:00,,query_completed,outbound,get_commodity,ok,,periodic,6,0,,,,,0,success,
2026-08-14T22:23:29.490-07:00,,query_sent,outbound,query_operational_state,pending,,periodic,18,0,,,,,,,
2026-08-14T22:23:29.652-07:00,,link_ack,inbound,query_operational_state,ack,,link_layer,18,,,,,,,,
2026-08-14T22:23:29.776-07:00,,operational_state,inbound,query_operational_state,received,,device_response,19,0,,,0,Idle Normal,,,
2026-08-14T22:23:29.817-07:00,,query_completed,outbound,query_operational_state,ok,,periodic,18,0,,,,,,,
2026-08-14T22:23:58.848-07:00,,query_sent,outbound,query_operational_state,pending,,periodic,18,0,,,,,,,
2026-08-14T22:23:58.936-07:00,,link_ack,inbound,query_operational_state,ack,,link_layer,18,,,,,,,,
2026-08-14T22:23:59.060-07:00,,operational_state,inbound,query_operational_state,received,,device_response,19,0,,,0,Idle Normal,,,
2026-08-14T22:23:59.101-07:00,,query_completed,outbound,query_operational_state,ok,,periodic,18,0,,,,,,,
2026-08-14T22:24:29.134-07:00,,query_sent,outbound,get_commodity,pending,,periodic,6,0,,,,,,,
2026-08-14T22:24:29.222-07:00,,link_ack,inbound,get_commodity,ack,,link_layer,6,,,,,,,,
2026-08-14T22:24:29.391-07:00,,intermediate_response,inbound,get_commodity,success,,device_response,6,128,,,,,0,success,
2026-08-14T22:24:29.434-07:00,,query_completed,outbound,get_commodity,ok,,periodic,6,0,,,,,0,success,
2026-08-14T22:24:29.435-07:00,,query_sent,outbound,query_operational_state,pending,,periodic,18,0,,,,,,,
2026-08-14T22:24:29.597-07:00,,link_ack,inbound,query_operational_state,ack,,link_layer,18,,,,,,,,
2026-08-14T22:24:29.722-07:00,,operational_state,inbound,query_operational_state,received,,device_response,19,0,,,0,Idle Normal,,,
2026-08-14T22:24:29.762-07:00,,query_completed,outbound,query_operational_state,ok,,periodic,18,0,,,,,,,
2026-08-14T22:24:58.794-07:00,,query_sent,outbound,query_operational_state,pending,,periodic,18,0,,,,,,,
2026-08-14T22:24:58.881-07:00,,link_ack,inbound,query_operational_state,ack,,link_layer,18,,,,,,,,
2026-08-14T22:24:59.005-07:00,,operational_state,inbound,query_operational_state,received,,device_response,19,0,,,0,Idle Normal,,,
2026-08-14T22:24:59.045-07:00,,query_completed,outbound,query_operational_state,ok,,periodic,18,0,,,,,,,
2026-08-14T22:25:29.078-07:00,,query_sent,outbound,get_commodity,pending,,periodic,6,0,,,,,,,
2026-08-14T22:25:29.168-07:00,,link_ack,inbound,get_commodity,ack,,link_layer,6,,,,,,,,
2026-08-14T22:25:29.337-07:00,,intermediate_response,inbound,get_commodity,success,,device_response,6,128,,,,,0,success,
2026-08-14T22:25:29.380-07:00,,query_completed,outbound,get_commodity,ok,,periodic,6,0,,,,,0,success,
2026-08-14T22:25:29.380-07:00,,query_sent,outbound,query_operational_state,pending,,periodic,18,0,,,,,,,
2026-08-14T22:25:29.543-07:00,,link_ack,inbound,query_operational_state,ack,,link_layer,18,,,,,,,,
2026-08-14T22:25:29.667-07:00,,operational_state,inbound,query_operational_state,received,,device_response,19,0,,,0,Idle Normal,,,
2026-08-14T22:25:29.707-07:00,,query_completed,outbound,query_operational_state,ok,,periodic,18,0,,,,,,,
2026-08-14T22:25:58.739-07:00,,query_sent,outbound,query_operational_state,pending,,periodic,18,0,,,,,,,
2026-08-14T22:25:58.828-07:00,,link_ack,inbound,query_operational_state,ack,,link_layer,18,,,,,,,,
2026-08-14T22:25:58.952-07:00,,operational_state,inbound,query_operational_state,received,,device_response,19,0,,,0,Idle Normal,,,
2026-08-14T22:25:58.993-07:00,,query_completed,outbound,query_operational_state,ok,,periodic,18,0,,,,,,,
2026-08-14T22:26:29.026-07:00,,query_sent,outbound,get_commodity,pending,,periodic,6,0,,,,,,,
2026-08-14T22:26:29.113-07:00,,link_ack,inbound,get_commodity,ack,,link_layer,6,,,,,,,,
2026-08-14T22:26:29.281-07:00,,intermediate_response,inbound,get_commodity,success,,device_response,6,128,,,,,0,success,
2026-08-14T22:26:29.325-07:00,,query_completed,outbound,get_commodity,ok,,periodic,6,0,,,,,0,success,
2026-08-14T22:26:29.325-07:00,,query_sent,outbound,query_operational_state,pending,,periodic,18,0,,,,,,,
2026-08-14T22:26:29.487-07:00,,link_ack,inbound,query_operational_state,ack,,link_layer,18,,,,,,,,
2026-08-14T22:26:29.612-07:00,,operational_state,inbound,query_operational_state,received,,device_response,19,0,,,0,Idle Normal,,,
2026-08-14T22:26:29.653-07:00,,query_completed,outbound,query_operational_state,ok,,periodic,18,0,,,,,,,
2026-08-14T22:26:58.685-07:00,,query_sent,outbound,query_operational_state,pending,,periodic,18,0,,,,,,,
2026-08-14T22:26:58.773-07:00,,link_ack,inbound,query_operational_state,ack,,link_layer,18,,,,,,,,
2026-08-14T22:26:58.897-07:00,,operational_state,inbound,query_operational_state,received,,device_response,19,0,,,0,Idle Normal,,,
2026-08-14T22:26:58.938-07:00,,query_completed,outbound,query_operational_state,ok,,periodic,18,0,,,,,,,
2026-08-14T22:27:28.971-07:00,,query_sent,outbound,get_commodity,pending,,periodic,6,0,,,,,,,
2026-08-14T22:27:29.062-07:00,,link_ack,inbound,get_commodity,ack,,link_layer,6,,,,,,,,
2026-08-14T22:27:29.230-07:00,,intermediate_response,inbound,get_commodity,success,,device_response,6,128,,,,,0,success,
2026-08-14T22:27:29.274-07:00,,query_completed,outbound,get_commodity,ok,,periodic,6,0,,,,,0,success,
2026-08-14T22:27:29.274-07:00,,query_sent,outbound,query_operational_state,pending,,periodic,18,0,,,,,,,
2026-08-14T22:27:29.437-07:00,,link_ack,inbound,query_operational_state,ack,,link_layer,18,,,,,,,,
2026-08-14T22:27:29.561-07:00,,operational_state,inbound,query_operational_state,received,,device_response,19,0,,,0,Idle Normal,,,
2026-08-14T22:27:29.602-07:00,,query_completed,outbound,query_operational_state,ok,,periodic,18,0,,,,,,,
2026-08-14T22:27:58.634-07:00,,query_sent,outbound,query_operational_state,pending,,periodic,18,0,,,,,,,
2026-08-14T22:27:58.721-07:00,,link_ack,inbound,query_operational_state,ack,,link_layer,18,,,,,,,,
2026-08-14T22:27:58.846-07:00,,operational_state,inbound,query_operational_state,received,,device_response,19,0,,,0,Idle Normal,,,
2026-08-14T22:27:58.887-07:00,,query_completed,outbound,query_operational_state,ok,,periodic,18,0,,,,,,,
2026-08-14T22:28:28.920-07:00,,query_sent,outbound,get_commodity,pending,,periodic,6,0,,,,,,,
2026-08-14T22:28:29.010-07:00,,link_ack,inbound,get_commodity,ack,,link_layer,6,,,,,,,,
2026-08-14T22:28:29.179-07:00,,intermediate_response,inbound,get_commodity,success,,device_response,6,128,,,,,0,success,
2026-08-14T22:28:29.222-07:00,,query_completed,outbound,get_commodity,ok,,periodic,6,0,,,,,0,success,
2026-08-14T22:28:29.223-07:00,,query_sent,outbound,query_operational_state,pending,,periodic,18,0,,,,,,,
2026-08-14T22:28:29.384-07:00,,link_ack,inbound,query_operational_state,ack,,link_layer,18,,,,,,,,
2026-08-14T22:28:29.508-07:00,,operational_state,inbound,query_operational_state,received,,device_response,19,0,,,0,Idle Normal,,,
2026-08-14T22:28:29.549-07:00,,query_completed,outbound,query_operational_state,ok,,periodic,18,0,,,,,,,
2026-08-14T22:28:58.580-07:00,,query_sent,outbound,query_operational_state,pending,,periodic,18,0,,,,,,,
2026-08-14T22:28:58.669-07:00,,link_ack,inbound,query_operational_state,ack,,link_layer,18,,,,,,,,
2026-08-14T22:28:58.792-07:00,,operational_state,inbound,query_operational_state,received,,device_response,19,0,,,0,Idle Normal,,,
2026-08-14T22:28:58.832-07:00,,query_completed,outbound,query_operational_state,ok,,periodic,18,0,,,,,,,
2026-08-14T22:29:28.866-07:00,,query_sent,outbound,get_commodity,pending,,periodic,6,0,,,,,,,
2026-08-14T22:29:28.956-07:00,,link_ack,inbound,get_commodity,ack,,link_layer,6,,,,,,,,
2026-08-14T22:29:29.125-07:00,,intermediate_response,inbound,get_commodity,success,,device_response,6,128,,,,,0,success,
2026-08-14T22:29:29.168-07:00,,query_completed,outbound,get_commodity,ok,,periodic,6,0,,,,,0,success,
2026-08-14T22:29:29.168-07:00,,query_sent,outbound,query_operational_state,pending,,periodic,18,0,,,,,,,
2026-08-14T22:29:29.330-07:00,,link_ack,inbound,query_operational_state,ack,,link_layer,18,,,,,,,,
2026-08-14T22:29:29.455-07:00,,operational_state,inbound,query_operational_state,received,,device_response,19,0,,,0,Idle Normal,,,
2026-08-14T22:29:29.495-07:00,,query_completed,outbound,query_operational_state,ok,,periodic,18,0,,,,,,,
2026-08-14T22:29:58.527-07:00,,query_sent,outbound,query_operational_state,pending,,periodic,18,0,,,,,,,
2026-08-14T22:29:58.615-07:00,,link_ack,inbound,query_operational_state,ack,,link_layer,18,,,,,,,,
2026-08-14T22:29:58.738-07:00,,operational_state,inbound,query_operational_state,received,,device_response,19,0,,,0,Idle Normal,,,
2026-08-14T22:29:58.779-07:00,,query_completed,outbound,query_operational_state,ok,,periodic,18,0,,,,,,,
2026-08-14T22:30:28.812-07:00,,query_sent,outbound,get_commodity,pending,,periodic,6,0,,,,,,,
2026-08-14T22:30:28.899-07:00,,link_ack,inbound,get_commodity,ack,,link_layer,6,,,,,,,,
2026-08-14T22:30:29.069-07:00,,intermediate_response,inbound,get_commodity,success,,device_response,6,128,,,,,0,success,
2026-08-14T22:30:29.112-07:00,,query_completed,outbound,get_commodity,ok,,periodic,6,0,,,,,0,success,
2026-08-14T22:30:29.113-07:00,,query_sent,outbound,query_operational_state,pending,,periodic,18,0,,,,,,,
2026-08-14T22:30:29.276-07:00,,link_ack,inbound,query_operational_state,ack,,link_layer,18,,,,,,,,
2026-08-14T22:30:29.400-07:00,,operational_state,inbound,query_operational_state,received,,device_response,19,0,,,0,Idle Normal,,,
2026-08-14T22:30:29.441-07:00,,query_completed,outbound,query_operational_state,ok,,periodic,18,0,,,,,,,
2026-08-14T22:30:58.472-07:00,,query_sent,outbound,query_operational_state,pending,,periodic,18,0,,,,,,,
2026-08-14T22:30:58.559-07:00,,link_ack,inbound,query_operational_state,ack,,link_layer,18,,,,,,,,
2026-08-14T22:30:58.682-07:00,,operational_state,inbound,query_operational_state,received,,device_response,19,0,,,0,Idle Normal,,,
2026-08-14T22:30:58.723-07:00,,query_completed,outbound,query_operational_state,ok,,periodic,18,0,,,,,,,
2026-08-14T22:31:28.756-07:00,,query_sent,outbound,get_commodity,pending,,periodic,6,0,,,,,,,
2026-08-14T22:31:28.844-07:00,,link_ack,inbound,get_commodity,ack,,link_layer,6,,,,,,,,
2026-08-14T22:31:29.012-07:00,,intermediate_response,inbound,get_commodity,success,,device_response,6,128,,,,,0,success,
2026-08-14T22:31:29.055-07:00,,query_completed,outbound,get_commodity,ok,,periodic,6,0,,,,,0,success,
2026-08-14T22:31:29.055-07:00,,query_sent,outbound,query_operational_state,pending,,periodic,18,0,,,,,,,
2026-08-14T22:31:29.219-07:00,,link_ack,inbound,query_operational_state,ack,,link_layer,18,,,,,,,,
2026-08-14T22:31:29.342-07:00,,operational_state,inbound,query_operational_state,received,,device_response,19,0,,,0,Idle Normal,,,
2026-08-14T22:31:29.383-07:00,,query_completed,outbound,query_operational_state,ok,,periodic,18,0,,,,,,,
2026-08-14T22:31:58.415-07:00,,query_sent,outbound,query_operational_state,pending,,periodic,18,0,,,,,,,
2026-08-14T22:31:58.502-07:00,,link_ack,inbound,query_operational_state,ack,,link_layer,18,,,,,,,,
2026-08-14T22:31:58.625-07:00,,operational_state,inbound,query_operational_state,received,,device_response,19,0,,,0,Idle Normal,,,
2026-08-14T22:31:58.666-07:00,,query_completed,outbound,query_operational_state,ok,,periodic,18,0,,,,,,,
2026-08-14T22:32:28.699-07:00,,query_sent,outbound,get_commodity,pending,,periodic,6,0,,,,,,,
2026-08-14T22:32:28.785-07:00,,link_ack,inbound,get_commodity,ack,,link_layer,6,,,,,,,,
2026-08-14T22:32:28.953-07:00,,intermediate_response,inbound,get_commodity,success,,device_response,6,128,,,,,0,success,
2026-08-14T22:32:28.997-07:00,,query_completed,outbound,get_commodity,ok,,periodic,6,0,,,,,0,success,
2026-08-14T22:32:28.997-07:00,,query_sent,outbound,query_operational_state,pending,,periodic,18,0,,,,,,,
2026-08-14T22:32:29.161-07:00,,link_ack,inbound,query_operational_state,ack,,link_layer,18,,,,,,,,
2026-08-14T22:32:29.285-07:00,,operational_state,inbound,query_operational_state,received,,device_response,19,0,,,0,Idle Normal,,,
2026-08-14T22:32:29.325-07:00,,query_completed,outbound,query_operational_state,ok,,periodic,18,0,,,,,,,
2026-08-14T22:32:58.357-07:00,,query_sent,outbound,query_operational_state,pending,,periodic,18,0,,,,,,,
2026-08-14T22:32:58.444-07:00,,link_ack,inbound,query_operational_state,ack,,link_layer,18,,,,,,,,
2026-08-14T22:32:58.569-07:00,,operational_state,inbound,query_operational_state,received,,device_response,19,0,,,0,Idle Normal,,,
2026-08-14T22:32:58.609-07:00,,query_completed,outbound,query_operational_state,ok,,periodic,18,0,,,,,,,
2026-08-14T22:33:28.642-07:00,,query_sent,outbound,get_commodity,pending,,periodic,6,0,,,,,,,
2026-08-14T22:33:28.730-07:00,,link_ack,inbound,get_commodity,ack,,link_layer,6,,,,,,,,
2026-08-14T22:33:28.898-07:00,,intermediate_response,inbound,get_commodity,success,,device_response,6,128,,,,,0,success,
2026-08-14T22:33:28.941-07:00,,query_completed,outbound,get_commodity,ok,,periodic,6,0,,,,,0,success,
2026-08-14T22:33:28.942-07:00,,query_sent,outbound,query_operational_state,pending,,periodic,18,0,,,,,,,
2026-08-14T22:33:29.104-07:00,,link_ack,inbound,query_operational_state,ack,,link_layer,18,,,,,,,,
2026-08-14T22:33:29.228-07:00,,operational_state,inbound,query_operational_state,received,,device_response,19,0,,,0,Idle Normal,,,
2026-08-14T22:33:29.269-07:00,,query_completed,outbound,query_operational_state,ok,,periodic,18,0,,,,,,,
2026-08-14T22:33:59.302-07:00,,query_sent,outbound,query_operational_state,pending,,periodic,18,0,,,,,,,
2026-08-14T22:33:59.390-07:00,,link_ack,inbound,query_operational_state,ack,,link_layer,18,,,,,,,,
2026-08-14T22:33:59.514-07:00,,operational_state,inbound,query_operational_state,received,,device_response,19,0,,,0,Idle Normal,,,
2026-08-14T22:33:59.554-07:00,,query_completed,outbound,query_operational_state,ok,,periodic,18,0,,,,,,,
2026-08-14T22:34:28.586-07:00,,query_sent,outbound,get_commodity,pending,,periodic,6,0,,,,,,,
2026-08-14T22:34:28.673-07:00,,link_ack,inbound,get_commodity,ack,,link_layer,6,,,,,,,,
2026-08-14T22:34:28.843-07:00,,intermediate_response,inbound,get_commodity,success,,device_response,6,128,,,,,0,success,
2026-08-14T22:34:28.886-07:00,,query_completed,outbound,get_commodity,ok,,periodic,6,0,,,,,0,success,
2026-08-14T22:34:28.887-07:00,,query_sent,outbound,query_operational_state,pending,,periodic,18,0,,,,,,,
2026-08-14T22:34:29.048-07:00,,link_ack,inbound,query_operational_state,ack,,link_layer,18,,,,,,,,
2026-08-14T22:34:29.172-07:00,,operational_state,inbound,query_operational_state,received,,device_response,19,0,,,0,Idle Normal,,,
2026-08-14T22:34:29.213-07:00,,query_completed,outbound,query_operational_state,ok,,periodic,18,0,,,,,,,
2026-08-14T22:34:58.243-07:00,auto_outside_comm_heartbeat_01,command_sent,outbound,outside_communication1,pending,0,schedule,14,0,,,,,,,
2026-08-14T22:34:58.333-07:00,,link_ack,inbound,outside_communication,ack,,link_layer,14,,,,,,,,
2026-08-14T22:34:58.456-07:00,,application_ack,inbound,outside_communication,ack,,application_layer,3,14,,,,,,,
2026-08-14T22:34:58.497-07:00,auto_outside_comm_heartbeat_01,command_completed,outbound,outside_communication1,ok,0,schedule,14,0,,,,,,,
2026-08-14T22:34:58.498-07:00,,query_sent,outbound,query_operational_state,pending,,periodic,18,0,,,,,,,
2026-08-14T22:34:58.659-07:00,,link_ack,inbound,query_operational_state,ack,,link_layer,18,,,,,,,,
2026-08-14T22:34:58.782-07:00,,operational_state,inbound,query_operational_state,received,,device_response,19,0,,,0,Idle Normal,,,
2026-08-14T22:34:58.823-07:00,,query_completed,outbound,query_operational_state,ok,,periodic,18,0,,,,,,,
2026-08-14T22:35:28.855-07:00,,query_sent,outbound,get_commodity,pending,,periodic,6,0,,,,,,,
2026-08-14T22:35:28.944-07:00,,link_ack,inbound,get_commodity,ack,,link_layer,6,,,,,,,,
2026-08-14T22:35:29.112-07:00,,intermediate_response,inbound,get_commodity,success,,device_response,6,128,,,,,0,success,
2026-08-14T22:35:29.155-07:00,,query_completed,outbound,get_commodity,ok,,periodic,6,0,,,,,0,success,
2026-08-14T22:35:29.156-07:00,,query_sent,outbound,query_operational_state,pending,,periodic,18,0,,,,,,,
2026-08-14T22:35:29.317-07:00,,link_ack,inbound,query_operational_state,ack,,link_layer,18,,,,,,,,
2026-08-14T22:35:29.442-07:00,,operational_state,inbound,query_operational_state,received,,device_response,19,0,,,0,Idle Normal,,,
2026-08-14T22:35:29.483-07:00,,query_completed,outbound,query_operational_state,ok,,periodic,18,0,,,,,,,
2026-08-14T22:35:58.514-07:00,,query_sent,outbound,query_operational_state,pending,,periodic,18,0,,,,,,,
2026-08-14T22:35:58.601-07:00,,link_ack,inbound,query_operational_state,ack,,link_layer,18,,,,,,,,
2026-08-14T22:35:58.726-07:00,,operational_state,inbound,query_operational_state,received,,device_response,19,0,,,0,Idle Normal,,,
2026-08-14T22:35:58.766-07:00,,query_completed,outbound,query_operational_state,ok,,periodic,18,0,,,,,,,
2026-08-14T22:36:28.799-07:00,,query_sent,outbound,get_commodity,pending,,periodic,6,0,,,,,,,
2026-08-14T22:36:28.887-07:00,,link_ack,inbound,get_commodity,ack,,link_layer,6,,,,,,,,
2026-08-14T22:36:29.056-07:00,,intermediate_response,inbound,get_commodity,success,,device_response,6,128,,,,,0,success,
2026-08-14T22:36:29.100-07:00,,query_completed,outbound,get_commodity,ok,,periodic,6,0,,,,,0,success,
2026-08-14T22:36:29.100-07:00,,query_sent,outbound,query_operational_state,pending,,periodic,18,0,,,,,,,
2026-08-14T22:36:29.263-07:00,,link_ack,inbound,query_operational_state,ack,,link_layer,18,,,,,,,,
2026-08-14T22:36:29.388-07:00,,operational_state,inbound,query_operational_state,received,,device_response,19,0,,,0,Idle Normal,,,
2026-08-14T22:36:29.428-07:00,,query_completed,outbound,query_operational_state,ok,,periodic,18,0,,,,,,,
2026-08-14T22:36:58.459-07:00,,query_sent,outbound,query_operational_state,pending,,periodic,18,0,,,,,,,
2026-08-14T22:36:58.548-07:00,,link_ack,inbound,query_operational_state,ack,,link_layer,18,,,,,,,,
2026-08-14T22:36:58.673-07:00,,operational_state,inbound,query_operational_state,received,,device_response,19,0,,,0,Idle Normal,,,
2026-08-14T22:36:58.713-07:00,,query_completed,outbound,query_operational_state,ok,,periodic,18,0,,,,,,,
2026-08-14T22:37:28.745-07:00,,query_sent,outbound,get_commodity,pending,,periodic,6,0,,,,,,,
2026-08-14T22:37:28.834-07:00,,link_ack,inbound,get_commodity,ack,,link_layer,6,,,,,,,,
2026-08-14T22:37:29.002-07:00,,intermediate_response,inbound,get_commodity,success,,device_response,6,128,,,,,0,success,
2026-08-14T22:37:29.046-07:00,,query_completed,outbound,get_commodity,ok,,periodic,6,0,,,,,0,success,
2026-08-14T22:37:29.046-07:00,,query_sent,outbound,query_operational_state,pending,,periodic,18,0,,,,,,,
2026-08-14T22:37:29.208-07:00,,link_ack,inbound,query_operational_state,ack,,link_layer,18,,,,,,,,
2026-08-14T22:37:29.332-07:00,,operational_state,inbound,query_operational_state,received,,device_response,19,0,,,0,Idle Normal,,,
2026-08-14T22:37:29.373-07:00,,query_completed,outbound,query_operational_state,ok,,periodic,18,0,,,,,,,
2026-08-14T22:37:58.403-07:00,,query_sent,outbound,query_operational_state,pending,,periodic,18,0,,,,,,,
2026-08-14T22:37:58.492-07:00,,link_ack,inbound,query_operational_state,ack,,link_layer,18,,,,,,,,
2026-08-14T22:37:58.615-07:00,,operational_state,inbound,query_operational_state,received,,device_response,19,0,,,0,Idle Normal,,,
2026-08-14T22:37:58.656-07:00,,query_completed,outbound,query_operational_state,ok,,periodic,18,0,,,,,,,
2026-08-14T22:38:28.687-07:00,,query_sent,outbound,get_commodity,pending,,periodic,6,0,,,,,,,
2026-08-14T22:38:28.776-07:00,,link_ack,inbound,get_commodity,ack,,link_layer,6,,,,,,,,
2026-08-14T22:38:28.945-07:00,,intermediate_response,inbound,get_commodity,success,,device_response,6,128,,,,,0,success,
2026-08-14T22:38:28.988-07:00,,query_completed,outbound,get_commodity,ok,,periodic,6,0,,,,,0,success,
2026-08-14T22:38:28.989-07:00,,query_sent,outbound,query_operational_state,pending,,periodic,18,0,,,,,,,
2026-08-14T22:38:29.150-07:00,,link_ack,inbound,query_operational_state,ack,,link_layer,18,,,,,,,,
2026-08-14T22:38:29.274-07:00,,operational_state,inbound,query_operational_state,received,,device_response,19,0,,,0,Idle Normal,,,
2026-08-14T22:38:29.315-07:00,,query_completed,outbound,query_operational_state,ok,,periodic,18,0,,,,,,,
2026-08-14T22:38:59.346-07:00,,query_sent,outbound,query_operational_state,pending,,periodic,18,0,,,,,,,
2026-08-14T22:38:59.435-07:00,,link_ack,inbound,query_operational_state,ack,,link_layer,18,,,,,,,,
2026-08-14T22:38:59.558-07:00,,operational_state,inbound,query_operational_state,received,,device_response,19,0,,,0,Idle Normal,,,
2026-08-14T22:38:59.599-07:00,,query_completed,outbound,query_operational_state,ok,,periodic,18,0,,,,,,,
2026-08-14T22:39:28.629-07:00,,query_sent,outbound,get_commodity,pending,,periodic,6,0,,,,,,,
2026-08-14T22:39:28.717-07:00,,link_ack,inbound,get_commodity,ack,,link_layer,6,,,,,,,,
2026-08-14T22:39:28.885-07:00,,intermediate_response,inbound,get_commodity,success,,device_response,6,128,,,,,0,success,
2026-08-14T22:39:28.929-07:00,,query_completed,outbound,get_commodity,ok,,periodic,6,0,,,,,0,success,
2026-08-14T22:39:28.929-07:00,,query_sent,outbound,query_operational_state,pending,,periodic,18,0,,,,,,,
2026-08-14T22:39:29.091-07:00,,link_ack,inbound,query_operational_state,ack,,link_layer,18,,,,,,,,
2026-08-14T22:39:29.216-07:00,,operational_state,inbound,query_operational_state,received,,device_response,19,0,,,0,Idle Normal,,,
2026-08-14T22:39:29.256-07:00,,query_completed,outbound,query_operational_state,ok,,periodic,18,0,,,,,,,
2026-08-14T22:39:59.288-07:00,,query_sent,outbound,query_operational_state,pending,,periodic,18,0,,,,,,,
2026-08-14T22:39:59.378-07:00,,link_ack,inbound,query_operational_state,ack,,link_layer,18,,,,,,,,
2026-08-14T22:39:59.503-07:00,,operational_state,inbound,query_operational_state,received,,device_response,19,0,,,0,Idle Normal,,,
2026-08-14T22:39:59.544-07:00,,query_completed,outbound,query_operational_state,ok,,periodic,18,0,,,,,,,
2026-08-14T22:40:28.574-07:00,,query_sent,outbound,get_commodity,pending,,periodic,6,0,,,,,,,
2026-08-14T22:40:28.662-07:00,,link_ack,inbound,get_commodity,ack,,link_layer,6,,,,,,,,
2026-08-14T22:40:28.830-07:00,,intermediate_response,inbound,get_commodity,success,,device_response,6,128,,,,,0,success,
2026-08-14T22:40:28.874-07:00,,query_completed,outbound,get_commodity,ok,,periodic,6,0,,,,,0,success,
2026-08-14T22:40:28.874-07:00,,query_sent,outbound,query_operational_state,pending,,periodic,18,0,,,,,,,
2026-08-14T22:40:29.036-07:00,,link_ack,inbound,query_operational_state,ack,,link_layer,18,,,,,,,,
2026-08-14T22:40:29.159-07:00,,operational_state,inbound,query_operational_state,received,,device_response,19,0,,,0,Idle Normal,,,
2026-08-14T22:40:29.200-07:00,,query_completed,outbound,query_operational_state,ok,,periodic,18,0,,,,,,,
2026-08-14T22:40:59.231-07:00,,query_sent,outbound,query_operational_state,pending,,periodic,18,0,,,,,,,
2026-08-14T22:40:59.322-07:00,,link_ack,inbound,query_operational_state,ack,,link_layer,18,,,,,,,,
2026-08-14T22:40:59.446-07:00,,operational_state,inbound,query_operational_state,received,,device_response,19,0,,,0,Idle Normal,,,
2026-08-14T22:40:59.486-07:00,,query_completed,outbound,query_operational_state,ok,,periodic,18,0,,,,,,,
2026-08-14T22:41:28.517-07:00,,query_sent,outbound,get_commodity,pending,,periodic,6,0,,,,,,,
2026-08-14T22:41:28.605-07:00,,link_ack,inbound,get_commodity,ack,,link_layer,6,,,,,,,,
2026-08-14T22:41:28.773-07:00,,intermediate_response,inbound,get_commodity,success,,device_response,6,128,,,,,0,success,
2026-08-14T22:41:28.816-07:00,,query_completed,outbound,get_commodity,ok,,periodic,6,0,,,,,0,success,
2026-08-14T22:41:28.817-07:00,,query_sent,outbound,query_operational_state,pending,,periodic,18,0,,,,,,,
2026-08-14T22:41:28.981-07:00,,link_ack,inbound,query_operational_state,ack,,link_layer,18,,,,,,,,
2026-08-14T22:41:29.104-07:00,,operational_state,inbound,query_operational_state,received,,device_response,19,0,,,0,Idle Normal,,,
2026-08-14T22:41:29.145-07:00,,query_completed,outbound,query_operational_state,ok,,periodic,18,0,,,,,,,
2026-08-14T22:41:59.176-07:00,,query_sent,outbound,query_operational_state,pending,,periodic,18,0,,,,,,,
2026-08-14T22:41:59.265-07:00,,link_ack,inbound,query_operational_state,ack,,link_layer,18,,,,,,,,
2026-08-14T22:41:59.388-07:00,,operational_state,inbound,query_operational_state,received,,device_response,19,0,,,0,Idle Normal,,,
2026-08-14T22:41:59.428-07:00,,query_completed,outbound,query_operational_state,ok,,periodic,18,0,,,,,,,
2026-08-14T22:42:28.459-07:00,,query_sent,outbound,get_commodity,pending,,periodic,6,0,,,,,,,
2026-08-14T22:42:28.549-07:00,,link_ack,inbound,get_commodity,ack,,link_layer,6,,,,,,,,
2026-08-14T22:42:28.717-07:00,,intermediate_response,inbound,get_commodity,success,,device_response,6,128,,,,,0,success,
2026-08-14T22:42:28.761-07:00,,query_completed,outbound,get_commodity,ok,,periodic,6,0,,,,,0,success,
2026-08-14T22:42:28.761-07:00,,query_sent,outbound,query_operational_state,pending,,periodic,18,0,,,,,,,
2026-08-14T22:42:28.923-07:00,,link_ack,inbound,query_operational_state,ack,,link_layer,18,,,,,,,,
2026-08-14T22:42:29.048-07:00,,operational_state,inbound,query_operational_state,received,,device_response,19,0,,,0,Idle Normal,,,
2026-08-14T22:42:29.088-07:00,,query_completed,outbound,query_operational_state,ok,,periodic,18,0,,,,,,,
2026-08-14T22:42:59.120-07:00,,query_sent,outbound,query_operational_state,pending,,periodic,18,0,,,,,,,
2026-08-14T22:42:59.209-07:00,,link_ack,inbound,query_operational_state,ack,,link_layer,18,,,,,,,,
2026-08-14T22:42:59.332-07:00,,operational_state,inbound,query_operational_state,received,,device_response,19,0,,,0,Idle Normal,,,
2026-08-14T22:42:59.373-07:00,,query_completed,outbound,query_operational_state,ok,,periodic,18,0,,,,,,,
2026-08-14T22:43:28.404-07:00,,query_sent,outbound,get_commodity,pending,,periodic,6,0,,,,,,,
2026-08-14T22:43:28.491-07:00,,link_ack,inbound,get_commodity,ack,,link_layer,6,,,,,,,,
2026-08-14T22:43:28.662-07:00,,intermediate_response,inbound,get_commodity,success,,device_response,6,128,,,,,0,success,
2026-08-14T22:43:28.706-07:00,,query_completed,outbound,get_commodity,ok,,periodic,6,0,,,,,0,success,
2026-08-14T22:43:28.706-07:00,,query_sent,outbound,query_operational_state,pending,,periodic,18,0,,,,,,,
2026-08-14T22:43:28.869-07:00,,link_ack,inbound,query_operational_state,ack,,link_layer,18,,,,,,,,
2026-08-14T22:43:28.993-07:00,,operational_state,inbound,query_operational_state,received,,device_response,19,0,,,0,Idle Normal,,,
2026-08-14T22:43:29.034-07:00,,query_completed,outbound,query_operational_state,ok,,periodic,18,0,,,,,,,
2026-08-14T22:43:59.066-07:00,,query_sent,outbound,query_operational_state,pending,,periodic,18,0,,,,,,,
2026-08-14T22:43:59.154-07:00,,link_ack,inbound,query_operational_state,ack,,link_layer,18,,,,,,,,
2026-08-14T22:43:59.278-07:00,,operational_state,inbound,query_operational_state,received,,device_response,19,0,,,0,Idle Normal,,,
2026-08-14T22:43:59.318-07:00,,query_completed,outbound,query_operational_state,ok,,periodic,18,0,,,,,,,
2026-08-14T22:44:28.349-07:00,,query_sent,outbound,get_commodity,pending,,periodic,6,0,,,,,,,
2026-08-14T22:44:28.440-07:00,,link_ack,inbound,get_commodity,ack,,link_layer,6,,,,,,,,
2026-08-14T22:44:28.608-07:00,,intermediate_response,inbound,get_commodity,success,,device_response,6,128,,,,,0,success,
2026-08-14T22:44:28.651-07:00,,query_completed,outbound,get_commodity,ok,,periodic,6,0,,,,,0,success,
2026-08-14T22:44:28.652-07:00,,query_sent,outbound,query_operational_state,pending,,periodic,18,0,,,,,,,
2026-08-14T22:44:28.813-07:00,,link_ack,inbound,query_operational_state,ack,,link_layer,18,,,,,,,,
2026-08-14T22:44:28.938-07:00,,operational_state,inbound,query_operational_state,received,,device_response,19,0,,,0,Idle Normal,,,
2026-08-14T22:44:28.979-07:00,,query_completed,outbound,query_operational_state,ok,,periodic,18,0,,,,,,,
2026-08-14T22:44:59.011-07:00,,query_sent,outbound,query_operational_state,pending,,periodic,18,0,,,,,,,
2026-08-14T22:44:59.097-07:00,,link_ack,inbound,query_operational_state,ack,,link_layer,18,,,,,,,,
2026-08-14T22:44:59.220-07:00,,operational_state,inbound,query_operational_state,received,,device_response,19,0,,,0,Idle Normal,,,
2026-08-14T22:44:59.261-07:00,,query_completed,outbound,query_operational_state,ok,,periodic,18,0,,,,,,,
2026-08-14T22:45:29.293-07:00,,query_sent,outbound,get_commodity,pending,,periodic,6,0,,,,,,,
2026-08-14T22:45:29.380-07:00,,link_ack,inbound,get_commodity,ack,,link_layer,6,,,,,,,,
2026-08-14T22:45:29.550-07:00,,intermediate_response,inbound,get_commodity,success,,device_response,6,128,,,,,0,success,
2026-08-14T22:45:29.593-07:00,,query_completed,outbound,get_commodity,ok,,periodic,6,0,,,,,0,success,
2026-08-14T22:45:29.593-07:00,,query_sent,outbound,query_operational_state,pending,,periodic,18,0,,,,,,,
2026-08-14T22:45:29.755-07:00,,link_ack,inbound,query_operational_state,ack,,link_layer,18,,,,,,,,
2026-08-14T22:45:29.879-07:00,,operational_state,inbound,query_operational_state,received,,device_response,19,0,,,0,Idle Normal,,,
2026-08-14T22:45:29.920-07:00,,query_completed,outbound,query_operational_state,ok,,periodic,18,0,,,,,,,
2026-08-14T22:45:58.951-07:00,,query_sent,outbound,query_operational_state,pending,,periodic,18,0,,,,,,,
2026-08-14T22:45:59.038-07:00,,link_ack,inbound,query_operational_state,ack,,link_layer,18,,,,,,,,
2026-08-14T22:45:59.163-07:00,,operational_state,inbound,query_operational_state,received,,device_response,19,0,,,0,Idle Normal,,,
2026-08-14T22:45:59.203-07:00,,query_completed,outbound,query_operational_state,ok,,periodic,18,0,,,,,,,
2026-08-14T22:46:29.235-07:00,,query_sent,outbound,get_commodity,pending,,periodic,6,0,,,,,,,
2026-08-14T22:46:29.323-07:00,,link_ack,inbound,get_commodity,ack,,link_layer,6,,,,,,,,
2026-08-14T22:46:29.491-07:00,,intermediate_response,inbound,get_commodity,success,,device_response,6,128,,,,,0,success,
2026-08-14T22:46:29.535-07:00,,query_completed,outbound,get_commodity,ok,,periodic,6,0,,,,,0,success,
2026-08-14T22:46:29.535-07:00,,query_sent,outbound,query_operational_state,pending,,periodic,18,0,,,,,,,
2026-08-14T22:46:29.697-07:00,,link_ack,inbound,query_operational_state,ack,,link_layer,18,,,,,,,,
2026-08-14T22:46:29.820-07:00,,operational_state,inbound,query_operational_state,received,,device_response,19,0,,,0,Idle Normal,,,
2026-08-14T22:46:29.861-07:00,,query_completed,outbound,query_operational_state,ok,,periodic,18,0,,,,,,,
2026-08-14T22:46:58.892-07:00,,query_sent,outbound,query_operational_state,pending,,periodic,18,0,,,,,,,
2026-08-14T22:46:58.981-07:00,,link_ack,inbound,query_operational_state,ack,,link_layer,18,,,,,,,,
2026-08-14T22:46:59.104-07:00,,operational_state,inbound,query_operational_state,received,,device_response,19,0,,,0,Idle Normal,,,
2026-08-14T22:46:59.145-07:00,,query_completed,outbound,query_operational_state,ok,,periodic,18,0,,,,,,,
2026-08-14T22:47:29.177-07:00,,query_sent,outbound,get_commodity,pending,,periodic,6,0,,,,,,,
2026-08-14T22:47:29.263-07:00,,link_ack,inbound,get_commodity,ack,,link_layer,6,,,,,,,,
2026-08-14T22:47:29.432-07:00,,intermediate_response,inbound,get_commodity,success,,device_response,6,128,,,,,0,success,
2026-08-14T22:47:29.476-07:00,,query_completed,outbound,get_commodity,ok,,periodic,6,0,,,,,0,success,
2026-08-14T22:47:29.476-07:00,,query_sent,outbound,query_operational_state,pending,,periodic,18,0,,,,,,,
2026-08-14T22:47:29.638-07:00,,link_ack,inbound,query_operational_state,ack,,link_layer,18,,,,,,,,
2026-08-14T22:47:29.761-07:00,,operational_state,inbound,query_operational_state,received,,device_response,19,0,,,0,Idle Normal,,,
2026-08-14T22:47:29.802-07:00,,query_completed,outbound,query_operational_state,ok,,periodic,18,0,,,,,,,
2026-08-14T22:47:58.833-07:00,,query_sent,outbound,query_operational_state,pending,,periodic,18,0,,,,,,,
2026-08-14T22:47:58.922-07:00,,link_ack,inbound,query_operational_state,ack,,link_layer,18,,,,,,,,
2026-08-14T22:47:59.045-07:00,,operational_state,inbound,query_operational_state,received,,device_response,19,0,,,0,Idle Normal,,,
2026-08-14T22:47:59.085-07:00,,query_completed,outbound,query_operational_state,ok,,periodic,18,0,,,,,,,
2026-08-14T22:48:28.115-07:00,auto_outside_comm_heartbeat_02,command_sent,outbound,outside_communication1,pending,0,schedule,14,0,,,,,,,
2026-08-14T22:48:28.204-07:00,,link_ack,inbound,outside_communication,ack,,link_layer,14,,,,,,,,
2026-08-14T22:48:28.329-07:00,,application_ack,inbound,outside_communication,ack,,application_layer,3,14,,,,,,,
2026-08-14T22:48:28.370-07:00,auto_outside_comm_heartbeat_02,command_completed,outbound,outside_communication1,ok,0,schedule,14,0,,,,,,,
2026-08-14T22:48:28.372-07:00,,query_sent,outbound,get_commodity,pending,,periodic,6,0,,,,,,,
2026-08-14T22:48:28.534-07:00,,link_ack,inbound,get_commodity,ack,,link_layer,6,,,,,,,,
2026-08-14T22:48:28.702-07:00,,intermediate_response,inbound,get_commodity,success,,device_response,6,128,,,,,0,success,
2026-08-14T22:48:28.746-07:00,,query_completed,outbound,get_commodity,ok,,periodic,6,0,,,,,0,success,
2026-08-14T22:48:28.746-07:00,,query_sent,outbound,query_operational_state,pending,,periodic,18,0,,,,,,,
2026-08-14T22:48:28.907-07:00,,link_ack,inbound,query_operational_state,ack,,link_layer,18,,,,,,,,
2026-08-14T22:48:29.032-07:00,,operational_state,inbound,query_operational_state,received,,device_response,19,0,,,0,Idle Normal,,,
2026-08-14T22:48:29.073-07:00,,query_completed,outbound,query_operational_state,ok,,periodic,18,0,,,,,,,
2026-08-14T22:48:59.105-07:00,,query_sent,outbound,query_operational_state,pending,,periodic,18,0,,,,,,,
2026-08-14T22:48:59.193-07:00,,link_ack,inbound,query_operational_state,ack,,link_layer,18,,,,,,,,
2026-08-14T22:48:59.316-07:00,,operational_state,inbound,query_operational_state,received,,device_response,19,0,,,0,Idle Normal,,,
2026-08-14T22:48:59.356-07:00,,query_completed,outbound,query_operational_state,ok,,periodic,18,0,,,,,,,
2026-08-14T22:49:28.387-07:00,,query_sent,outbound,get_commodity,pending,,periodic,6,0,,,,,,,
2026-08-14T22:49:28.475-07:00,,link_ack,inbound,get_commodity,ack,,link_layer,6,,,,,,,,
2026-08-14T22:49:28.646-07:00,,intermediate_response,inbound,get_commodity,success,,device_response,6,128,,,,,0,success,
2026-08-14T22:49:28.689-07:00,,query_completed,outbound,get_commodity,ok,,periodic,6,0,,,,,0,success,
2026-08-14T22:49:28.689-07:00,,query_sent,outbound,query_operational_state,pending,,periodic,18,0,,,,,,,
2026-08-14T22:49:28.853-07:00,,link_ack,inbound,query_operational_state,ack,,link_layer,18,,,,,,,,
2026-08-14T22:49:28.977-07:00,,operational_state,inbound,query_operational_state,received,,device_response,19,0,,,0,Idle Normal,,,
2026-08-14T22:49:29.018-07:00,,query_completed,outbound,query_operational_state,ok,,periodic,18,0,,,,,,,
2026-08-14T22:49:59.049-07:00,,query_sent,outbound,query_operational_state,pending,,periodic,18,0,,,,,,,
2026-08-14T22:49:59.140-07:00,,link_ack,inbound,query_operational_state,ack,,link_layer,18,,,,,,,,
2026-08-14T22:49:59.264-07:00,,operational_state,inbound,query_operational_state,received,,device_response,19,0,,,0,Idle Normal,,,
2026-08-14T22:49:59.304-07:00,,query_completed,outbound,query_operational_state,ok,,periodic,18,0,,,,,,,
2026-08-14T22:50:29.336-07:00,,query_sent,outbound,get_commodity,pending,,periodic,6,0,,,,,,,
2026-08-14T22:50:29.424-07:00,,link_ack,inbound,get_commodity,ack,,link_layer,6,,,,,,,,
2026-08-14T22:50:29.592-07:00,,intermediate_response,inbound,get_commodity,success,,device_response,6,128,,,,,0,success,
2026-08-14T22:50:29.636-07:00,,query_completed,outbound,get_commodity,ok,,periodic,6,0,,,,,0,success,
2026-08-14T22:50:29.636-07:00,,query_sent,outbound,query_operational_state,pending,,periodic,18,0,,,,,,,
2026-08-14T22:50:29.798-07:00,,link_ack,inbound,query_operational_state,ack,,link_layer,18,,,,,,,,
2026-08-14T22:50:29.922-07:00,,operational_state,inbound,query_operational_state,received,,device_response,19,0,,,0,Idle Normal,,,
2026-08-14T22:50:29.962-07:00,,query_completed,outbound,query_operational_state,ok,,periodic,18,0,,,,,,,
2026-08-14T22:50:58.993-07:00,,query_sent,outbound,query_operational_state,pending,,periodic,18,0,,,,,,,
2026-08-14T22:50:59.078-07:00,,link_ack,inbound,query_operational_state,ack,,link_layer,18,,,,,,,,
2026-08-14T22:50:59.202-07:00,,operational_state,inbound,query_operational_state,received,,device_response,19,0,,,0,Idle Normal,,,
2026-08-14T22:50:59.243-07:00,,query_completed,outbound,query_operational_state,ok,,periodic,18,0,,,,,,,
2026-08-14T22:51:29.274-07:00,,query_sent,outbound,get_commodity,pending,,periodic,6,0,,,,,,,
2026-08-14T22:51:29.362-07:00,,link_ack,inbound,get_commodity,ack,,link_layer,6,,,,,,,,
2026-08-14T22:51:29.531-07:00,,intermediate_response,inbound,get_commodity,success,,device_response,6,128,,,,,0,success,
2026-08-14T22:51:29.575-07:00,,query_completed,outbound,get_commodity,ok,,periodic,6,0,,,,,0,success,
2026-08-14T22:51:29.575-07:00,,query_sent,outbound,query_operational_state,pending,,periodic,18,0,,,,,,,
2026-08-14T22:51:29.737-07:00,,link_ack,inbound,query_operational_state,ack,,link_layer,18,,,,,,,,
2026-08-14T22:51:29.861-07:00,,operational_state,inbound,query_operational_state,received,,device_response,19,0,,,0,Idle Normal,,,
2026-08-14T22:51:29.901-07:00,,query_completed,outbound,query_operational_state,ok,,periodic,18,0,,,,,,,
2026-08-14T22:51:58.932-07:00,,query_sent,outbound,query_operational_state,pending,,periodic,18,0,,,,,,,
2026-08-14T22:51:59.019-07:00,,link_ack,inbound,query_operational_state,ack,,link_layer,18,,,,,,,,
2026-08-14T22:51:59.142-07:00,,operational_state,inbound,query_operational_state,received,,device_response,19,0,,,0,Idle Normal,,,
2026-08-14T22:51:59.183-07:00,,query_completed,outbound,query_operational_state,ok,,periodic,18,0,,,,,,,
2026-08-14T22:52:29.214-07:00,,query_sent,outbound,get_commodity,pending,,periodic,6,0,,,,,,,
2026-08-14T22:52:29.304-07:00,,link_ack,inbound,get_commodity,ack,,link_layer,6,,,,,,,,
2026-08-14T22:52:29.473-07:00,,intermediate_response,inbound,get_commodity,success,,device_response,6,128,,,,,0,success,
2026-08-14T22:52:29.516-07:00,,query_completed,outbound,get_commodity,ok,,periodic,6,0,,,,,0,success,
2026-08-14T22:52:29.516-07:00,,query_sent,outbound,query_operational_state,pending,,periodic,18,0,,,,,,,
2026-08-14T22:52:29.678-07:00,,link_ack,inbound,query_operational_state,ack,,link_layer,18,,,,,,,,
2026-08-14T22:52:29.802-07:00,,operational_state,inbound,query_operational_state,received,,device_response,19,0,,,0,Idle Normal,,,
2026-08-14T22:52:29.842-07:00,,query_completed,outbound,query_operational_state,ok,,periodic,18,0,,,,,,,
2026-08-14T22:52:58.873-07:00,,query_sent,outbound,query_operational_state,pending,,periodic,18,0,,,,,,,
2026-08-14T22:52:58.957-07:00,,link_ack,inbound,query_operational_state,ack,,link_layer,18,,,,,,,,
2026-08-14T22:52:59.080-07:00,,operational_state,inbound,query_operational_state,received,,device_response,19,0,,,0,Idle Normal,,,
2026-08-14T22:52:59.121-07:00,,query_completed,outbound,query_operational_state,ok,,periodic,18,0,,,,,,,
2026-08-14T22:53:29.152-07:00,,query_sent,outbound,get_commodity,pending,,periodic,6,0,,,,,,,
2026-08-14T22:53:29.241-07:00,,link_ack,inbound,get_commodity,ack,,link_layer,6,,,,,,,,
2026-08-14T22:53:29.409-07:00,,intermediate_response,inbound,get_commodity,success,,device_response,6,128,,,,,0,success,
2026-08-14T22:53:29.452-07:00,,query_completed,outbound,get_commodity,ok,,periodic,6,0,,,,,0,success,
2026-08-14T22:53:29.452-07:00,,query_sent,outbound,query_operational_state,pending,,periodic,18,0,,,,,,,
2026-08-14T22:53:29.615-07:00,,link_ack,inbound,query_operational_state,ack,,link_layer,18,,,,,,,,
2026-08-14T22:53:29.738-07:00,,operational_state,inbound,query_operational_state,received,,device_response,19,0,,,0,Idle Normal,,,
2026-08-14T22:53:29.778-07:00,,query_completed,outbound,query_operational_state,ok,,periodic,18,0,,,,,,,
2026-08-14T22:53:58.809-07:00,,query_sent,outbound,query_operational_state,pending,,periodic,18,0,,,,,,,
2026-08-14T22:53:58.896-07:00,,link_ack,inbound,query_operational_state,ack,,link_layer,18,,,,,,,,
2026-08-14T22:53:59.019-07:00,,operational_state,inbound,query_operational_state,received,,device_response,19,0,,,0,Idle Normal,,,
2026-08-14T22:53:59.060-07:00,,query_completed,outbound,query_operational_state,ok,,periodic,18,0,,,,,,,
2026-08-14T22:54:29.092-07:00,,query_sent,outbound,get_commodity,pending,,periodic,6,0,,,,,,,
2026-08-14T22:54:29.180-07:00,,link_ack,inbound,get_commodity,ack,,link_layer,6,,,,,,,,
2026-08-14T22:54:29.350-07:00,,intermediate_response,inbound,get_commodity,success,,device_response,6,128,,,,,0,success,
2026-08-14T22:54:29.393-07:00,,query_completed,outbound,get_commodity,ok,,periodic,6,0,,,,,0,success,
2026-08-14T22:54:29.393-07:00,,query_sent,outbound,query_operational_state,pending,,periodic,18,0,,,,,,,
2026-08-14T22:54:29.556-07:00,,link_ack,inbound,query_operational_state,ack,,link_layer,18,,,,,,,,
2026-08-14T22:54:29.681-07:00,,operational_state,inbound,query_operational_state,received,,device_response,19,0,,,0,Idle Normal,,,
2026-08-14T22:54:29.722-07:00,,query_completed,outbound,query_operational_state,ok,,periodic,18,0,,,,,,,
2026-08-14T22:54:58.753-07:00,,query_sent,outbound,query_operational_state,pending,,periodic,18,0,,,,,,,
2026-08-14T22:54:58.840-07:00,,link_ack,inbound,query_operational_state,ack,,link_layer,18,,,,,,,,
2026-08-14T22:54:58.964-07:00,,operational_state,inbound,query_operational_state,received,,device_response,19,0,,,0,Idle Normal,,,
2026-08-14T22:54:59.004-07:00,,query_completed,outbound,query_operational_state,ok,,periodic,18,0,,,,,,,
2026-08-14T22:55:29.036-07:00,,query_sent,outbound,get_commodity,pending,,periodic,6,0,,,,,,,
2026-08-14T22:55:29.124-07:00,,link_ack,inbound,get_commodity,ack,,link_layer,6,,,,,,,,
2026-08-14T22:55:29.292-07:00,,intermediate_response,inbound,get_commodity,success,,device_response,6,128,,,,,0,success,
2026-08-14T22:55:29.336-07:00,,query_completed,outbound,get_commodity,ok,,periodic,6,0,,,,,0,success,
2026-08-14T22:55:29.336-07:00,,query_sent,outbound,query_operational_state,pending,,periodic,18,0,,,,,,,
2026-08-14T22:55:29.500-07:00,,link_ack,inbound,query_operational_state,ack,,link_layer,18,,,,,,,,
2026-08-14T22:55:29.623-07:00,,operational_state,inbound,query_operational_state,received,,device_response,19,0,,,0,Idle Normal,,,
2026-08-14T22:55:29.663-07:00,,query_completed,outbound,query_operational_state,ok,,periodic,18,0,,,,,,,
2026-08-14T22:55:58.694-07:00,,query_sent,outbound,query_operational_state,pending,,periodic,18,0,,,,,,,
2026-08-14T22:55:58.782-07:00,,link_ack,inbound,query_operational_state,ack,,link_layer,18,,,,,,,,
2026-08-14T22:55:58.905-07:00,,operational_state,inbound,query_operational_state,received,,device_response,19,0,,,0,Idle Normal,,,
2026-08-14T22:55:58.946-07:00,,query_completed,outbound,query_operational_state,ok,,periodic,18,0,,,,,,,
2026-08-14T22:56:28.977-07:00,,query_sent,outbound,get_commodity,pending,,periodic,6,0,,,,,,,
2026-08-14T22:56:29.064-07:00,,link_ack,inbound,get_commodity,ack,,link_layer,6,,,,,,,,
2026-08-14T22:56:29.232-07:00,,intermediate_response,inbound,get_commodity,success,,device_response,6,128,,,,,0,success,
2026-08-14T22:56:29.276-07:00,,query_completed,outbound,get_commodity,ok,,periodic,6,0,,,,,0,success,
2026-08-14T22:56:29.276-07:00,,query_sent,outbound,query_operational_state,pending,,periodic,18,0,,,,,,,
2026-08-14T22:56:29.439-07:00,,link_ack,inbound,query_operational_state,ack,,link_layer,18,,,,,,,,
2026-08-14T22:56:29.563-07:00,,operational_state,inbound,query_operational_state,received,,device_response,19,0,,,0,Idle Normal,,,
2026-08-14T22:56:29.604-07:00,,query_completed,outbound,query_operational_state,ok,,periodic,18,0,,,,,,,
2026-08-14T22:56:58.635-07:00,,query_sent,outbound,query_operational_state,pending,,periodic,18,0,,,,,,,
2026-08-14T22:56:58.723-07:00,,link_ack,inbound,query_operational_state,ack,,link_layer,18,,,,,,,,
2026-08-14T22:56:58.846-07:00,,operational_state,inbound,query_operational_state,received,,device_response,19,0,,,0,Idle Normal,,,
2026-08-14T22:56:58.887-07:00,,query_completed,outbound,query_operational_state,ok,,periodic,18,0,,,,,,,
2026-08-14T22:57:28.917-07:00,,query_sent,outbound,get_commodity,pending,,periodic,6,0,,,,,,,
2026-08-14T22:57:29.009-07:00,,link_ack,inbound,get_commodity,ack,,link_layer,6,,,,,,,,
2026-08-14T22:57:29.178-07:00,,intermediate_response,inbound,get_commodity,success,,device_response,6,128,,,,,0,success,
2026-08-14T22:57:29.221-07:00,,query_completed,outbound,get_commodity,ok,,periodic,6,0,,,,,0,success,
2026-08-14T22:57:29.221-07:00,,query_sent,outbound,query_operational_state,pending,,periodic,18,0,,,,,,,
2026-08-14T22:57:29.383-07:00,,link_ack,inbound,query_operational_state,ack,,link_layer,18,,,,,,,,
2026-08-14T22:57:29.508-07:00,,operational_state,inbound,query_operational_state,received,,device_response,19,0,,,0,Idle Normal,,,
2026-08-14T22:57:29.549-07:00,,query_completed,outbound,query_operational_state,ok,,periodic,18,0,,,,,,,
2026-08-14T22:57:58.579-07:00,,query_sent,outbound,query_operational_state,pending,,periodic,18,0,,,,,,,
2026-08-14T22:57:58.664-07:00,,link_ack,inbound,query_operational_state,ack,,link_layer,18,,,,,,,,
2026-08-14T22:57:58.788-07:00,,operational_state,inbound,query_operational_state,received,,device_response,19,0,,,0,Idle Normal,,,
2026-08-14T22:57:58.828-07:00,,query_completed,outbound,query_operational_state,ok,,periodic,18,0,,,,,,,
2026-08-14T22:58:28.860-07:00,,query_sent,outbound,get_commodity,pending,,periodic,6,0,,,,,,,
2026-08-14T22:58:28.946-07:00,,link_ack,inbound,get_commodity,ack,,link_layer,6,,,,,,,,
2026-08-14T22:58:29.115-07:00,,intermediate_response,inbound,get_commodity,success,,device_response,6,128,,,,,0,success,
2026-08-14T22:58:29.158-07:00,,query_completed,outbound,get_commodity,ok,,periodic,6,0,,,,,0,success,
2026-08-14T22:58:29.158-07:00,,query_sent,outbound,query_operational_state,pending,,periodic,18,0,,,,,,,
2026-08-14T22:58:29.322-07:00,,link_ack,inbound,query_operational_state,ack,,link_layer,18,,,,,,,,
2026-08-14T22:58:29.446-07:00,,operational_state,inbound,query_operational_state,received,,device_response,19,0,,,0,Idle Normal,,,
2026-08-14T22:58:29.486-07:00,,query_completed,outbound,query_operational_state,ok,,periodic,18,0,,,,,,,
2026-08-14T22:58:58.517-07:00,,query_sent,outbound,query_operational_state,pending,,periodic,18,0,,,,,,,
2026-08-14T22:58:58.606-07:00,,link_ack,inbound,query_operational_state,ack,,link_layer,18,,,,,,,,
2026-08-14T22:58:58.731-07:00,,operational_state,inbound,query_operational_state,received,,device_response,19,0,,,0,Idle Normal,,,
2026-08-14T22:58:58.772-07:00,,query_completed,outbound,query_operational_state,ok,,periodic,18,0,,,,,,,
2026-08-14T22:59:28.804-07:00,,query_sent,outbound,get_commodity,pending,,periodic,6,0,,,,,,,
2026-08-14T22:59:28.892-07:00,,link_ack,inbound,get_commodity,ack,,link_layer,6,,,,,,,,
2026-08-14T22:59:29.060-07:00,,intermediate_response,inbound,get_commodity,success,,device_response,6,128,,,,,0,success,
2026-08-14T22:59:29.104-07:00,,query_completed,outbound,get_commodity,ok,,periodic,6,0,,,,,0,success,
2026-08-14T22:59:29.104-07:00,,query_sent,outbound,query_operational_state,pending,,periodic,18,0,,,,,,,
2026-08-14T22:59:29.266-07:00,,link_ack,inbound,query_operational_state,ack,,link_layer,18,,,,,,,,
2026-08-14T22:59:29.390-07:00,,operational_state,inbound,query_operational_state,received,,device_response,19,0,,,0,Idle Normal,,,
2026-08-14T22:59:29.431-07:00,,query_completed,outbound,query_operational_state,ok,,periodic,18,0,,,,,,,
2026-08-14T22:59:58.462-07:00,,query_sent,outbound,query_operational_state,pending,,periodic,18,0,,,,,,,
2026-08-14T22:59:58.550-07:00,,link_ack,inbound,query_operational_state,ack,,link_layer,18,,,,,,,,
2026-08-14T22:59:58.673-07:00,,operational_state,inbound,query_operational_state,received,,device_response,19,0,,,0,Idle Normal,,,
2026-08-14T22:59:58.714-07:00,,query_completed,outbound,query_operational_state,ok,,periodic,18,0,,,,,,,
2026-08-14T23:00:28.746-07:00,,query_sent,outbound,get_commodity,pending,,periodic,6,0,,,,,,,
2026-08-14T23:00:28.836-07:00,,link_ack,inbound,get_commodity,ack,,link_layer,6,,,,,,,,
2026-08-14T23:00:29.004-07:00,,intermediate_response,inbound,get_commodity,success,,device_response,6,128,,,,,0,success,
2026-08-14T23:00:29.048-07:00,,query_completed,outbound,get_commodity,ok,,periodic,6,0,,,,,0,success,
2026-08-14T23:00:29.048-07:00,,query_sent,outbound,query_operational_state,pending,,periodic,18,0,,,,,,,
2026-08-14T23:00:29.210-07:00,,link_ack,inbound,query_operational_state,ack,,link_layer,18,,,,,,,,
2026-08-14T23:00:29.334-07:00,,operational_state,inbound,query_operational_state,received,,device_response,19,0,,,0,Idle Normal,,,
2026-08-14T23:00:29.375-07:00,,query_completed,outbound,query_operational_state,ok,,periodic,18,0,,,,,,,
2026-08-14T23:00:58.404-07:00,,query_sent,outbound,query_operational_state,pending,,periodic,18,0,,,,,,,
2026-08-14T23:00:58.496-07:00,,link_ack,inbound,query_operational_state,ack,,link_layer,18,,,,,,,,
2026-08-14T23:00:58.621-07:00,,operational_state,inbound,query_operational_state,received,,device_response,19,0,,,0,Idle Normal,,,
2026-08-14T23:00:58.661-07:00,,query_completed,outbound,query_operational_state,ok,,periodic,18,0,,,,,,,
2026-08-14T23:01:28.692-07:00,,query_sent,outbound,get_commodity,pending,,periodic,6,0,,,,,,,
2026-08-14T23:01:28.782-07:00,,link_ack,inbound,get_commodity,ack,,link_layer,6,,,,,,,,
2026-08-14T23:01:28.951-07:00,,intermediate_response,inbound,get_commodity,success,,device_response,6,128,,,,,0,success,
2026-08-14T23:01:28.995-07:00,,query_completed,outbound,get_commodity,ok,,periodic,6,0,,,,,0,success,
2026-08-14T23:01:28.995-07:00,,query_sent,outbound,query_operational_state,pending,,periodic,18,0,,,,,,,
2026-08-14T23:01:29.157-07:00,,link_ack,inbound,query_operational_state,ack,,link_layer,18,,,,,,,,
2026-08-14T23:01:29.280-07:00,,operational_state,inbound,query_operational_state,received,,device_response,19,0,,,0,Idle Normal,,,
2026-08-14T23:01:29.321-07:00,,query_completed,outbound,query_operational_state,ok,,periodic,18,0,,,,,,,
2026-08-14T23:01:58.350-07:00,auto_outside_comm_heartbeat_03,command_sent,outbound,outside_communication1,pending,0,schedule,14,0,,,,,,,
2026-08-14T23:01:58.437-07:00,,link_ack,inbound,outside_communication,ack,,link_layer,14,,,,,,,,
2026-08-14T23:01:58.561-07:00,,application_ack,inbound,outside_communication,ack,,application_layer,3,14,,,,,,,
2026-08-14T23:01:58.602-07:00,auto_outside_comm_heartbeat_03,command_completed,outbound,outside_communication1,ok,0,schedule,14,0,,,,,,,
2026-08-14T23:01:58.603-07:00,,query_sent,outbound,query_operational_state,pending,,periodic,18,0,,,,,,,
2026-08-14T23:01:58.764-07:00,,link_ack,inbound,query_operational_state,ack,,link_layer,18,,,,,,,,
2026-08-14T23:01:58.887-07:00,,operational_state,inbound,query_operational_state,received,,device_response,19,0,,,0,Idle Normal,,,
2026-08-14T23:01:58.928-07:00,,query_completed,outbound,query_operational_state,ok,,periodic,18,0,,,,,,,
2026-08-14T23:02:28.959-07:00,,query_sent,outbound,get_commodity,pending,,periodic,6,0,,,,,,,
2026-08-14T23:02:29.048-07:00,,link_ack,inbound,get_commodity,ack,,link_layer,6,,,,,,,,
2026-08-14T23:02:29.218-07:00,,intermediate_response,inbound,get_commodity,success,,device_response,6,128,,,,,0,success,
2026-08-14T23:02:29.261-07:00,,query_completed,outbound,get_commodity,ok,,periodic,6,0,,,,,0,success,
2026-08-14T23:02:29.261-07:00,,query_sent,outbound,query_operational_state,pending,,periodic,18,0,,,,,,,
2026-08-14T23:02:29.425-07:00,,link_ack,inbound,query_operational_state,ack,,link_layer,18,,,,,,,,
2026-08-14T23:02:29.549-07:00,,operational_state,inbound,query_operational_state,received,,device_response,19,0,,,0,Idle Normal,,,
2026-08-14T23:02:29.589-07:00,,query_completed,outbound,query_operational_state,ok,,periodic,18,0,,,,,,,
2026-08-14T23:02:58.619-07:00,,query_sent,outbound,query_operational_state,pending,,periodic,18,0,,,,,,,
2026-08-14T23:02:58.708-07:00,,link_ack,inbound,query_operational_state,ack,,link_layer,18,,,,,,,,
2026-08-14T23:02:58.832-07:00,,operational_state,inbound,query_operational_state,received,,device_response,19,0,,,0,Idle Normal,,,
2026-08-14T23:02:58.872-07:00,,query_completed,outbound,query_operational_state,ok,,periodic,18,0,,,,,,,
2026-08-14T23:03:28.900-07:00,,query_sent,outbound,get_commodity,pending,,periodic,6,0,,,,,,,
2026-08-14T23:03:28.988-07:00,,link_ack,inbound,get_commodity,ack,,link_layer,6,,,,,,,,
2026-08-14T23:03:29.156-07:00,,intermediate_response,inbound,get_commodity,success,,device_response,6,128,,,,,0,success,
2026-08-14T23:03:29.200-07:00,,query_completed,outbound,get_commodity,ok,,periodic,6,0,,,,,0,success,
2026-08-14T23:03:29.200-07:00,,query_sent,outbound,query_operational_state,pending,,periodic,18,0,,,,,,,
2026-08-14T23:03:29.362-07:00,,link_ack,inbound,query_operational_state,ack,,link_layer,18,,,,,,,,
2026-08-14T23:03:29.486-07:00,,operational_state,inbound,query_operational_state,received,,device_response,19,0,,,0,Idle Normal,,,
2026-08-14T23:03:29.527-07:00,,query_completed,outbound,query_operational_state,ok,,periodic,18,0,,,,,,,
2026-08-14T23:03:58.557-07:00,,query_sent,outbound,query_operational_state,pending,,periodic,18,0,,,,,,,
2026-08-14T23:03:58.646-07:00,,link_ack,inbound,query_operational_state,ack,,link_layer,18,,,,,,,,
2026-08-14T23:03:58.770-07:00,,operational_state,inbound,query_operational_state,received,,device_response,19,0,,,0,Idle Normal,,,
2026-08-14T23:03:58.811-07:00,,query_completed,outbound,query_operational_state,ok,,periodic,18,0,,,,,,,
2026-08-14T23:04:28.841-07:00,,query_sent,outbound,get_commodity,pending,,periodic,6,0,,,,,,,
2026-08-14T23:04:28.931-07:00,,link_ack,inbound,get_commodity,ack,,link_layer,6,,,,,,,,
2026-08-14T23:04:29.101-07:00,,intermediate_response,inbound,get_commodity,success,,device_response,6,128,,,,,0,success,
2026-08-14T23:04:29.144-07:00,,query_completed,outbound,get_commodity,ok,,periodic,6,0,,,,,0,success,
2026-08-14T23:04:29.144-07:00,,query_sent,outbound,query_operational_state,pending,,periodic,18,0,,,,,,,
2026-08-14T23:04:29.307-07:00,,link_ack,inbound,query_operational_state,ack,,link_layer,18,,,,,,,,
2026-08-14T23:04:29.432-07:00,,operational_state,inbound,query_operational_state,received,,device_response,19,0,,,0,Idle Normal,,,
2026-08-14T23:04:29.472-07:00,,query_completed,outbound,query_operational_state,ok,,periodic,18,0,,,,,,,
2026-08-14T23:04:58.502-07:00,,query_sent,outbound,query_operational_state,pending,,periodic,18,0,,,,,,,
2026-08-14T23:04:58.591-07:00,,link_ack,inbound,query_operational_state,ack,,link_layer,18,,,,,,,,
2026-08-14T23:04:58.714-07:00,,operational_state,inbound,query_operational_state,received,,device_response,19,0,,,0,Idle Normal,,,
2026-08-14T23:04:58.754-07:00,,query_completed,outbound,query_operational_state,ok,,periodic,18,0,,,,,,,
2026-08-14T23:05:28.784-07:00,,query_sent,outbound,get_commodity,pending,,periodic,6,0,,,,,,,
2026-08-14T23:05:28.878-07:00,,link_ack,inbound,get_commodity,ack,,link_layer,6,,,,,,,,
2026-08-14T23:05:29.046-07:00,,intermediate_response,inbound,get_commodity,success,,device_response,6,128,,,,,0,success,
2026-08-14T23:05:29.089-07:00,,query_completed,outbound,get_commodity,ok,,periodic,6,0,,,,,0,success,
2026-08-14T23:05:29.090-07:00,,query_sent,outbound,query_operational_state,pending,,periodic,18,0,,,,,,,
2026-08-14T23:05:29.252-07:00,,link_ack,inbound,query_operational_state,ack,,link_layer,18,,,,,,,,
2026-08-14T23:05:29.376-07:00,,operational_state,inbound,query_operational_state,received,,device_response,19,0,,,0,Idle Normal,,,
2026-08-14T23:05:29.416-07:00,,query_completed,outbound,query_operational_state,ok,,periodic,18,0,,,,,,,
2026-08-14T23:05:58.445-07:00,,query_sent,outbound,query_operational_state,pending,,periodic,18,0,,,,,,,
2026-08-14T23:05:58.536-07:00,,link_ack,inbound,query_operational_state,ack,,link_layer,18,,,,,,,,
2026-08-14T23:05:58.659-07:00,,operational_state,inbound,query_operational_state,received,,device_response,19,0,,,0,Idle Normal,,,
2026-08-14T23:05:58.700-07:00,,query_completed,outbound,query_operational_state,ok,,periodic,18,0,,,,,,,
2026-08-14T23:06:28.733-07:00,,query_sent,outbound,get_commodity,pending,,periodic,6,0,,,,,,,
2026-08-14T23:06:28.823-07:00,,link_ack,inbound,get_commodity,ack,,link_layer,6,,,,,,,,
2026-08-14T23:06:28.991-07:00,,intermediate_response,inbound,get_commodity,success,,device_response,6,128,,,,,0,success,
2026-08-14T23:06:29.034-07:00,,query_completed,outbound,get_commodity,ok,,periodic,6,0,,,,,0,success,
2026-08-14T23:06:29.034-07:00,,query_sent,outbound,query_operational_state,pending,,periodic,18,0,,,,,,,
2026-08-14T23:06:29.196-07:00,,link_ack,inbound,query_operational_state,ack,,link_layer,18,,,,,,,,
2026-08-14T23:06:29.320-07:00,,operational_state,inbound,query_operational_state,received,,device_response,19,0,,,0,Idle Normal,,,
2026-08-14T23:06:29.360-07:00,,query_completed,outbound,query_operational_state,ok,,periodic,18,0,,,,,,,
2026-08-14T23:06:58.390-07:00,,query_sent,outbound,query_operational_state,pending,,periodic,18,0,,,,,,,
2026-08-14T23:06:58.482-07:00,,link_ack,inbound,query_operational_state,ack,,link_layer,18,,,,,,,,
2026-08-14T23:06:58.607-07:00,,operational_state,inbound,query_operational_state,received,,device_response,19,0,,,0,Idle Normal,,,
2026-08-14T23:06:58.647-07:00,,query_completed,outbound,query_operational_state,ok,,periodic,18,0,,,,,,,
2026-08-14T23:07:28.677-07:00,,query_sent,outbound,get_commodity,pending,,periodic,6,0,,,,,,,
2026-08-14T23:07:28.769-07:00,,link_ack,inbound,get_commodity,ack,,link_layer,6,,,,,,,,
2026-08-14T23:07:28.939-07:00,,intermediate_response,inbound,get_commodity,success,,device_response,6,128,,,,,0,success,
2026-08-14T23:07:28.982-07:00,,query_completed,outbound,get_commodity,ok,,periodic,6,0,,,,,0,success,
2026-08-14T23:07:28.983-07:00,,query_sent,outbound,query_operational_state,pending,,periodic,18,0,,,,,,,
2026-08-14T23:07:29.146-07:00,,link_ack,inbound,query_operational_state,ack,,link_layer,18,,,,,,,,
2026-08-14T23:07:29.270-07:00,,operational_state,inbound,query_operational_state,received,,device_response,19,0,,,0,Idle Normal,,,
2026-08-14T23:07:29.311-07:00,,query_completed,outbound,query_operational_state,ok,,periodic,18,0,,,,,,,
2026-08-14T23:07:59.341-07:00,,query_sent,outbound,query_operational_state,pending,,periodic,18,0,,,,,,,
2026-08-14T23:07:59.434-07:00,,link_ack,inbound,query_operational_state,ack,,link_layer,18,,,,,,,,
2026-08-14T23:07:59.557-07:00,,operational_state,inbound,query_operational_state,received,,device_response,19,0,,,0,Idle Normal,,,
2026-08-14T23:07:59.598-07:00,,query_completed,outbound,query_operational_state,ok,,periodic,18,0,,,,,,,
2026-08-14T23:08:28.628-07:00,,query_sent,outbound,get_commodity,pending,,periodic,6,0,,,,,,,
2026-08-14T23:08:28.719-07:00,,link_ack,inbound,get_commodity,ack,,link_layer,6,,,,,,,,
2026-08-14T23:08:28.888-07:00,,intermediate_response,inbound,get_commodity,success,,device_response,6,128,,,,,0,success,
2026-08-14T23:08:28.931-07:00,,query_completed,outbound,get_commodity,ok,,periodic,6,0,,,,,0,success,
2026-08-14T23:08:28.931-07:00,,query_sent,outbound,query_operational_state,pending,,periodic,18,0,,,,,,,
2026-08-14T23:08:29.093-07:00,,link_ack,inbound,query_operational_state,ack,,link_layer,18,,,,,,,,
2026-08-14T23:08:29.217-07:00,,operational_state,inbound,query_operational_state,received,,device_response,19,0,,,0,Idle Normal,,,
2026-08-14T23:08:29.258-07:00,,query_completed,outbound,query_operational_state,ok,,periodic,18,0,,,,,,,
2026-08-14T23:08:59.289-07:00,,query_sent,outbound,query_operational_state,pending,,periodic,18,0,,,,,,,
2026-08-14T23:08:59.377-07:00,,link_ack,inbound,query_operational_state,ack,,link_layer,18,,,,,,,,
2026-08-14T23:08:59.502-07:00,,operational_state,inbound,query_operational_state,received,,device_response,19,0,,,0,Idle Normal,,,
2026-08-14T23:08:59.543-07:00,,query_completed,outbound,query_operational_state,ok,,periodic,18,0,,,,,,,
2026-08-14T23:09:28.573-07:00,,query_sent,outbound,get_commodity,pending,,periodic,6,0,,,,,,,
2026-08-14T23:09:28.663-07:00,,link_ack,inbound,get_commodity,ack,,link_layer,6,,,,,,,,
2026-08-14T23:09:28.832-07:00,,intermediate_response,inbound,get_commodity,success,,device_response,6,128,,,,,0,success,
2026-08-14T23:09:28.875-07:00,,query_completed,outbound,get_commodity,ok,,periodic,6,0,,,,,0,success,
2026-08-14T23:09:28.876-07:00,,query_sent,outbound,query_operational_state,pending,,periodic,18,0,,,,,,,
2026-08-14T23:09:29.038-07:00,,link_ack,inbound,query_operational_state,ack,,link_layer,18,,,,,,,,
2026-08-14T23:09:29.161-07:00,,operational_state,inbound,query_operational_state,received,,device_response,19,0,,,0,Idle Normal,,,
2026-08-14T23:09:29.202-07:00,,query_completed,outbound,query_operational_state,ok,,periodic,18,0,,,,,,,
2026-08-14T23:09:59.233-07:00,,query_sent,outbound,query_operational_state,pending,,periodic,18,0,,,,,,,
2026-08-14T23:09:59.324-07:00,,link_ack,inbound,query_operational_state,ack,,link_layer,18,,,,,,,,
2026-08-14T23:09:59.448-07:00,,operational_state,inbound,query_operational_state,received,,device_response,19,0,,,0,Idle Normal,,,
2026-08-14T23:09:59.488-07:00,,query_completed,outbound,query_operational_state,ok,,periodic,18,0,,,,,,,
2026-08-14T23:10:28.518-07:00,,query_sent,outbound,get_commodity,pending,,periodic,6,0,,,,,,,
2026-08-14T23:10:28.608-07:00,,link_ack,inbound,get_commodity,ack,,link_layer,6,,,,,,,,
2026-08-14T23:10:28.777-07:00,,intermediate_response,inbound,get_commodity,success,,device_response,6,128,,,,,0,success,
2026-08-14T23:10:28.821-07:00,,query_completed,outbound,get_commodity,ok,,periodic,6,0,,,,,0,success,
2026-08-14T23:10:28.821-07:00,,query_sent,outbound,query_operational_state,pending,,periodic,18,0,,,,,,,
2026-08-14T23:10:28.984-07:00,,link_ack,inbound,query_operational_state,ack,,link_layer,18,,,,,,,,
2026-08-14T23:10:29.109-07:00,,operational_state,inbound,query_operational_state,received,,device_response,19,0,,,0,Idle Normal,,,
2026-08-14T23:10:29.149-07:00,,query_completed,outbound,query_operational_state,ok,,periodic,18,0,,,,,,,
2026-08-14T23:10:59.181-07:00,,query_sent,outbound,query_operational_state,pending,,periodic,18,0,,,,,,,
2026-08-14T23:10:59.269-07:00,,link_ack,inbound,query_operational_state,ack,,link_layer,18,,,,,,,,
2026-08-14T23:10:59.393-07:00,,operational_state,inbound,query_operational_state,received,,device_response,19,0,,,0,Idle Normal,,,
2026-08-14T23:10:59.434-07:00,,query_completed,outbound,query_operational_state,ok,,periodic,18,0,,,,,,,
2026-08-14T23:11:28.463-07:00,,query_sent,outbound,get_commodity,pending,,periodic,6,0,,,,,,,
2026-08-14T23:11:28.552-07:00,,link_ack,inbound,get_commodity,ack,,link_layer,6,,,,,,,,
2026-08-14T23:11:28.720-07:00,,intermediate_response,inbound,get_commodity,success,,device_response,6,128,,,,,0,success,
2026-08-14T23:11:28.764-07:00,,query_completed,outbound,get_commodity,ok,,periodic,6,0,,,,,0,success,
2026-08-14T23:11:28.764-07:00,,query_sent,outbound,query_operational_state,pending,,periodic,18,0,,,,,,,
2026-08-14T23:11:28.927-07:00,,link_ack,inbound,query_operational_state,ack,,link_layer,18,,,,,,,,
2026-08-14T23:11:29.051-07:00,,operational_state,inbound,query_operational_state,received,,device_response,19,0,,,0,Idle Normal,,,
2026-08-14T23:11:29.091-07:00,,query_completed,outbound,query_operational_state,ok,,periodic,18,0,,,,,,,
2026-08-14T23:11:59.122-07:00,,query_sent,outbound,query_operational_state,pending,,periodic,18,0,,,,,,,
2026-08-14T23:11:59.212-07:00,,link_ack,inbound,query_operational_state,ack,,link_layer,18,,,,,,,,
2026-08-14T23:11:59.335-07:00,,operational_state,inbound,query_operational_state,received,,device_response,19,0,,,0,Idle Normal,,,
2026-08-14T23:11:59.376-07:00,,query_completed,outbound,query_operational_state,ok,,periodic,18,0,,,,,,,
2026-08-14T23:12:28.406-07:00,,query_sent,outbound,get_commodity,pending,,periodic,6,0,,,,,,,
2026-08-14T23:12:28.497-07:00,,link_ack,inbound,get_commodity,ack,,link_layer,6,,,,,,,,
2026-08-14T23:12:28.666-07:00,,intermediate_response,inbound,get_commodity,success,,device_response,6,128,,,,,0,success,
2026-08-14T23:12:28.709-07:00,,query_completed,outbound,get_commodity,ok,,periodic,6,0,,,,,0,success,
2026-08-14T23:12:28.710-07:00,,query_sent,outbound,query_operational_state,pending,,periodic,18,0,,,,,,,
2026-08-14T23:12:28.871-07:00,,link_ack,inbound,query_operational_state,ack,,link_layer,18,,,,,,,,
2026-08-14T23:12:28.995-07:00,,operational_state,inbound,query_operational_state,received,,device_response,19,0,,,0,Idle Normal,,,
2026-08-14T23:12:29.035-07:00,,query_completed,outbound,query_operational_state,ok,,periodic,18,0,,,,,,,
2026-08-14T23:12:59.066-07:00,,query_sent,outbound,query_operational_state,pending,,periodic,18,0,,,,,,,
2026-08-14T23:12:59.156-07:00,,link_ack,inbound,query_operational_state,ack,,link_layer,18,,,,,,,,
2026-08-14T23:12:59.280-07:00,,operational_state,inbound,query_operational_state,received,,device_response,19,0,,,0,Idle Normal,,,
2026-08-14T23:12:59.320-07:00,,query_completed,outbound,query_operational_state,ok,,periodic,18,0,,,,,,,
2026-08-14T23:13:28.350-07:00,,query_sent,outbound,get_commodity,pending,,periodic,6,0,,,,,,,
2026-08-14T23:13:28.439-07:00,,link_ack,inbound,get_commodity,ack,,link_layer,6,,,,,,,,
2026-08-14T23:13:28.609-07:00,,intermediate_response,inbound,get_commodity,success,,device_response,6,128,,,,,0,success,
2026-08-14T23:13:28.653-07:00,,query_completed,outbound,get_commodity,ok,,periodic,6,0,,,,,0,success,
2026-08-14T23:13:28.653-07:00,,query_sent,outbound,query_operational_state,pending,,periodic,18,0,,,,,,,
2026-08-14T23:13:28.815-07:00,,link_ack,inbound,query_operational_state,ack,,link_layer,18,,,,,,,,
2026-08-14T23:13:28.938-07:00,,operational_state,inbound,query_operational_state,received,,device_response,19,0,,,0,Idle Normal,,,
2026-08-14T23:13:28.979-07:00,,query_completed,outbound,query_operational_state,ok,,periodic,18,0,,,,,,,
2026-08-14T23:13:59.010-07:00,,query_sent,outbound,query_operational_state,pending,,periodic,18,0,,,,,,,
2026-08-14T23:13:59.101-07:00,,link_ack,inbound,query_operational_state,ack,,link_layer,18,,,,,,,,
2026-08-14T23:13:59.225-07:00,,operational_state,inbound,query_operational_state,received,,device_response,19,0,,,0,Idle Normal,,,
2026-08-14T23:13:59.266-07:00,,query_completed,outbound,query_operational_state,ok,,periodic,18,0,,,,,,,
2026-08-14T23:14:29.297-07:00,,query_sent,outbound,get_commodity,pending,,periodic,6,0,,,,,,,
2026-08-14T23:14:29.387-07:00,,link_ack,inbound,get_commodity,ack,,link_layer,6,,,,,,,,
2026-08-14T23:14:29.556-07:00,,intermediate_response,inbound,get_commodity,success,,device_response,6,128,,,,,0,success,
2026-08-14T23:14:29.599-07:00,,query_completed,outbound,get_commodity,ok,,periodic,6,0,,,,,0,success,
2026-08-14T23:14:29.599-07:00,,query_sent,outbound,query_operational_state,pending,,periodic,18,0,,,,,,,
2026-08-14T23:14:29.763-07:00,,link_ack,inbound,query_operational_state,ack,,link_layer,18,,,,,,,,
2026-08-14T23:14:29.887-07:00,,operational_state,inbound,query_operational_state,received,,device_response,19,0,,,0,Idle Normal,,,
2026-08-14T23:14:29.928-07:00,,query_completed,outbound,query_operational_state,ok,,periodic,18,0,,,,,,,
2026-08-14T23:14:58.957-07:00,,query_sent,outbound,query_operational_state,pending,,periodic,18,0,,,,,,,
2026-08-14T23:14:59.047-07:00,,link_ack,inbound,query_operational_state,ack,,link_layer,18,,,,,,,,
2026-08-14T23:14:59.170-07:00,,operational_state,inbound,query_operational_state,received,,device_response,19,0,,,0,Idle Normal,,,
2026-08-14T23:14:59.211-07:00,,query_completed,outbound,query_operational_state,ok,,periodic,18,0,,,,,,,
2026-08-14T23:15:28.239-07:00,auto_outside_comm_heartbeat_04,command_sent,outbound,outside_communication1,pending,0,schedule,14,0,,,,,,,
2026-08-14T23:15:28.329-07:00,,link_ack,inbound,outside_communication,ack,,link_layer,14,,,,,,,,
2026-08-14T23:15:28.454-07:00,,application_ack,inbound,outside_communication,ack,,application_layer,3,14,,,,,,,
2026-08-14T23:15:28.494-07:00,auto_outside_comm_heartbeat_04,command_completed,outbound,outside_communication1,ok,0,schedule,14,0,,,,,,,
2026-08-14T23:15:28.496-07:00,,query_sent,outbound,get_commodity,pending,,periodic,6,0,,,,,,,
2026-08-14T23:15:28.658-07:00,,link_ack,inbound,get_commodity,ack,,link_layer,6,,,,,,,,
2026-08-14T23:15:28.827-07:00,,intermediate_response,inbound,get_commodity,success,,device_response,6,128,,,,,0,success,
2026-08-14T23:15:28.870-07:00,,query_completed,outbound,get_commodity,ok,,periodic,6,0,,,,,0,success,
2026-08-14T23:15:28.870-07:00,,query_sent,outbound,query_operational_state,pending,,periodic,18,0,,,,,,,
2026-08-14T23:15:29.032-07:00,,link_ack,inbound,query_operational_state,ack,,link_layer,18,,,,,,,,
2026-08-14T23:15:29.157-07:00,,operational_state,inbound,query_operational_state,received,,device_response,19,0,,,0,Idle Normal,,,
2026-08-14T23:15:29.198-07:00,,query_completed,outbound,query_operational_state,ok,,periodic,18,0,,,,,,,
2026-08-14T23:15:59.228-07:00,,query_sent,outbound,query_operational_state,pending,,periodic,18,0,,,,,,,
2026-08-14T23:15:59.319-07:00,,link_ack,inbound,query_operational_state,ack,,link_layer,18,,,,,,,,
2026-08-14T23:15:59.444-07:00,,operational_state,inbound,query_operational_state,received,,device_response,19,0,,,0,Idle Normal,,,
2026-08-14T23:15:59.485-07:00,,query_completed,outbound,query_operational_state,ok,,periodic,18,0,,,,,,,
2026-08-14T23:16:28.514-07:00,,query_sent,outbound,get_commodity,pending,,periodic,6,0,,,,,,,
2026-08-14T23:16:28.607-07:00,,link_ack,inbound,get_commodity,ack,,link_layer,6,,,,,,,,
2026-08-14T23:16:28.775-07:00,,intermediate_response,inbound,get_commodity,success,,device_response,6,128,,,,,0,success,
2026-08-14T23:16:28.819-07:00,,query_completed,outbound,get_commodity,ok,,periodic,6,0,,,,,0,success,
2026-08-14T23:16:28.819-07:00,,query_sent,outbound,query_operational_state,pending,,periodic,18,0,,,,,,,
2026-08-14T23:16:28.981-07:00,,link_ack,inbound,query_operational_state,ack,,link_layer,18,,,,,,,,
2026-08-14T23:16:29.106-07:00,,operational_state,inbound,query_operational_state,received,,device_response,19,0,,,0,Idle Normal,,,
2026-08-14T23:16:29.146-07:00,,query_completed,outbound,query_operational_state,ok,,periodic,18,0,,,,,,,
2026-08-14T23:16:59.176-07:00,,query_sent,outbound,query_operational_state,pending,,periodic,18,0,,,,,,,
2026-08-14T23:16:59.267-07:00,,link_ack,inbound,query_operational_state,ack,,link_layer,18,,,,,,,,
2026-08-14T23:16:59.391-07:00,,operational_state,inbound,query_operational_state,received,,device_response,19,0,,,0,Idle Normal,,,
2026-08-14T23:16:59.431-07:00,,query_completed,outbound,query_operational_state,ok,,periodic,18,0,,,,,,,
2026-08-14T23:17:28.460-07:00,,query_sent,outbound,get_commodity,pending,,periodic,6,0,,,,,,,
2026-08-14T23:17:28.549-07:00,,link_ack,inbound,get_commodity,ack,,link_layer,6,,,,,,,,
2026-08-14T23:17:28.719-07:00,,intermediate_response,inbound,get_commodity,success,,device_response,6,128,,,,,0,success,
2026-08-14T23:17:28.763-07:00,,query_completed,outbound,get_commodity,ok,,periodic,6,0,,,,,0,success,
2026-08-14T23:17:28.763-07:00,,query_sent,outbound,query_operational_state,pending,,periodic,18,0,,,,,,,
2026-08-14T23:17:28.926-07:00,,link_ack,inbound,query_operational_state,ack,,link_layer,18,,,,,,,,
2026-08-14T23:17:29.051-07:00,,operational_state,inbound,query_operational_state,received,,device_response,19,0,,,0,Idle Normal,,,
2026-08-14T23:17:29.091-07:00,,query_completed,outbound,query_operational_state,ok,,periodic,18,0,,,,,,,
2026-08-14T23:17:59.122-07:00,,query_sent,outbound,query_operational_state,pending,,periodic,18,0,,,,,,,
2026-08-14T23:17:59.211-07:00,,link_ack,inbound,query_operational_state,ack,,link_layer,18,,,,,,,,
2026-08-14T23:17:59.334-07:00,,operational_state,inbound,query_operational_state,received,,device_response,19,0,,,0,Idle Normal,,,
2026-08-14T23:17:59.375-07:00,,query_completed,outbound,query_operational_state,ok,,periodic,18,0,,,,,,,
2026-08-14T23:18:28.404-07:00,,query_sent,outbound,get_commodity,pending,,periodic,6,0,,,,,,,
2026-08-14T23:18:28.492-07:00,,link_ack,inbound,get_commodity,ack,,link_layer,6,,,,,,,,
2026-08-14T23:18:28.661-07:00,,intermediate_response,inbound,get_commodity,success,,device_response,6,128,,,,,0,success,
2026-08-14T23:18:28.705-07:00,,query_completed,outbound,get_commodity,ok,,periodic,6,0,,,,,0,success,
2026-08-14T23:18:28.705-07:00,,query_sent,outbound,query_operational_state,pending,,periodic,18,0,,,,,,,
2026-08-14T23:18:28.867-07:00,,link_ack,inbound,query_operational_state,ack,,link_layer,18,,,,,,,,
2026-08-14T23:18:28.991-07:00,,operational_state,inbound,query_operational_state,received,,device_response,19,0,,,0,Idle Normal,,,
2026-08-14T23:18:29.031-07:00,,query_completed,outbound,query_operational_state,ok,,periodic,18,0,,,,,,,
2026-08-14T23:18:59.062-07:00,,query_sent,outbound,query_operational_state,pending,,periodic,18,0,,,,,,,
2026-08-14T23:18:59.152-07:00,,link_ack,inbound,query_operational_state,ack,,link_layer,18,,,,,,,,
2026-08-14T23:18:59.276-07:00,,operational_state,inbound,query_operational_state,received,,device_response,19,0,,,0,Idle Normal,,,
2026-08-14T23:18:59.316-07:00,,query_completed,outbound,query_operational_state,ok,,periodic,18,0,,,,,,,
2026-08-14T23:19:29.346-07:00,,query_sent,outbound,get_commodity,pending,,periodic,6,0,,,,,,,
2026-08-14T23:19:29.437-07:00,,link_ack,inbound,get_commodity,ack,,link_layer,6,,,,,,,,
2026-08-14T23:19:29.607-07:00,,intermediate_response,inbound,get_commodity,success,,device_response,6,128,,,,,0,success,
2026-08-14T23:19:29.650-07:00,,query_completed,outbound,get_commodity,ok,,periodic,6,0,,,,,0,success,
2026-08-14T23:19:29.651-07:00,,query_sent,outbound,query_operational_state,pending,,periodic,18,0,,,,,,,
2026-08-14T23:19:29.812-07:00,,link_ack,inbound,query_operational_state,ack,,link_layer,18,,,,,,,,
2026-08-14T23:19:29.936-07:00,,operational_state,inbound,query_operational_state,received,,device_response,19,0,,,0,Idle Normal,,,
2026-08-14T23:19:29.976-07:00,,query_completed,outbound,query_operational_state,ok,,periodic,18,0,,,,,,,
2026-08-14T23:19:59.005-07:00,,query_sent,outbound,query_operational_state,pending,,periodic,18,0,,,,,,,
2026-08-14T23:19:59.095-07:00,,link_ack,inbound,query_operational_state,ack,,link_layer,18,,,,,,,,
2026-08-14T23:19:59.217-07:00,,operational_state,inbound,query_operational_state,received,,device_response,19,0,,,0,Idle Normal,,,
2026-08-14T23:19:59.258-07:00,,query_completed,outbound,query_operational_state,ok,,periodic,18,0,,,,,,,
2026-08-14T23:20:29.288-07:00,,query_sent,outbound,get_commodity,pending,,periodic,6,0,,,,,,,
2026-08-14T23:20:29.378-07:00,,link_ack,inbound,get_commodity,ack,,link_layer,6,,,,,,,,
2026-08-14T23:20:29.547-07:00,,intermediate_response,inbound,get_commodity,success,,device_response,6,128,,,,,0,success,
2026-08-14T23:20:29.591-07:00,,query_completed,outbound,get_commodity,ok,,periodic,6,0,,,,,0,success,
2026-08-14T23:20:29.591-07:00,,query_sent,outbound,query_operational_state,pending,,periodic,18,0,,,,,,,
2026-08-14T23:20:29.753-07:00,,link_ack,inbound,query_operational_state,ack,,link_layer,18,,,,,,,,
2026-08-14T23:20:29.876-07:00,,operational_state,inbound,query_operational_state,received,,device_response,19,0,,,0,Idle Normal,,,
2026-08-14T23:20:29.917-07:00,,query_completed,outbound,query_operational_state,ok,,periodic,18,0,,,,,,,
2026-08-14T23:20:58.946-07:00,,query_sent,outbound,query_operational_state,pending,,periodic,18,0,,,,,,,
2026-08-14T23:20:59.036-07:00,,link_ack,inbound,query_operational_state,ack,,link_layer,18,,,,,,,,
2026-08-14T23:20:59.160-07:00,,operational_state,inbound,query_operational_state,received,,device_response,19,0,,,0,Idle Normal,,,
2026-08-14T23:20:59.201-07:00,,query_completed,outbound,query_operational_state,ok,,periodic,18,0,,,,,,,
2026-08-14T23:21:29.230-07:00,,query_sent,outbound,get_commodity,pending,,periodic,6,0,,,,,,,
2026-08-14T23:21:29.320-07:00,,link_ack,inbound,get_commodity,ack,,link_layer,6,,,,,,,,
2026-08-14T23:21:29.489-07:00,,intermediate_response,inbound,get_commodity,success,,device_response,6,128,,,,,0,success,
2026-08-14T23:21:29.532-07:00,,query_completed,outbound,get_commodity,ok,,periodic,6,0,,,,,0,success,
2026-08-14T23:21:29.532-07:00,,query_sent,outbound,query_operational_state,pending,,periodic,18,0,,,,,,,
2026-08-14T23:21:29.696-07:00,,link_ack,inbound,query_operational_state,ack,,link_layer,18,,,,,,,,
2026-08-14T23:21:29.820-07:00,,operational_state,inbound,query_operational_state,received,,device_response,19,0,,,0,Idle Normal,,,
2026-08-14T23:21:29.861-07:00,,query_completed,outbound,query_operational_state,ok,,periodic,18,0,,,,,,,
2026-08-14T23:21:58.889-07:00,,query_sent,outbound,query_operational_state,pending,,periodic,18,0,,,,,,,
2026-08-14T23:21:58.978-07:00,,link_ack,inbound,query_operational_state,ack,,link_layer,18,,,,,,,,
2026-08-14T23:21:59.100-07:00,,operational_state,inbound,query_operational_state,received,,device_response,19,0,,,0,Idle Normal,,,
2026-08-14T23:21:59.141-07:00,,query_completed,outbound,query_operational_state,ok,,periodic,18,0,,,,,,,
2026-08-14T23:22:29.171-07:00,,query_sent,outbound,get_commodity,pending,,periodic,6,0,,,,,,,
2026-08-14T23:22:29.258-07:00,,link_ack,inbound,get_commodity,ack,,link_layer,6,,,,,,,,
2026-08-14T23:22:29.427-07:00,,intermediate_response,inbound,get_commodity,success,,device_response,6,128,,,,,0,success,
2026-08-14T23:22:29.471-07:00,,query_completed,outbound,get_commodity,ok,,periodic,6,0,,,,,0,success,
2026-08-14T23:22:29.471-07:00,,query_sent,outbound,query_operational_state,pending,,periodic,18,0,,,,,,,
2026-08-14T23:22:29.633-07:00,,link_ack,inbound,query_operational_state,ack,,link_layer,18,,,,,,,,
2026-08-14T23:22:29.757-07:00,,operational_state,inbound,query_operational_state,received,,device_response,19,0,,,0,Idle Normal,,,
2026-08-14T23:22:29.797-07:00,,query_completed,outbound,query_operational_state,ok,,periodic,18,0,,,,,,,
2026-08-14T23:22:58.827-07:00,,query_sent,outbound,query_operational_state,pending,,periodic,18,0,,,,,,,
2026-08-14T23:22:58.913-07:00,,link_ack,inbound,query_operational_state,ack,,link_layer,18,,,,,,,,
2026-08-14T23:22:59.037-07:00,,operational_state,inbound,query_operational_state,received,,device_response,19,0,,,0,Idle Normal,,,
2026-08-14T23:22:59.078-07:00,,query_completed,outbound,query_operational_state,ok,,periodic,18,0,,,,,,,
2026-08-14T23:23:29.108-07:00,,query_sent,outbound,get_commodity,pending,,periodic,6,0,,,,,,,
2026-08-14T23:23:29.197-07:00,,link_ack,inbound,get_commodity,ack,,link_layer,6,,,,,,,,
2026-08-14T23:23:29.366-07:00,,intermediate_response,inbound,get_commodity,success,,device_response,6,128,,,,,0,success,
2026-08-14T23:23:29.409-07:00,,query_completed,outbound,get_commodity,ok,,periodic,6,0,,,,,0,success,
2026-08-14T23:23:29.409-07:00,,query_sent,outbound,query_operational_state,pending,,periodic,18,0,,,,,,,
2026-08-14T23:23:29.573-07:00,,link_ack,inbound,query_operational_state,ack,,link_layer,18,,,,,,,,
2026-08-14T23:23:29.697-07:00,,operational_state,inbound,query_operational_state,received,,device_response,19,0,,,0,Idle Normal,,,
2026-08-14T23:23:29.738-07:00,,query_completed,outbound,query_operational_state,ok,,periodic,18,0,,,,,,,
2026-08-14T23:23:58.767-07:00,,query_sent,outbound,query_operational_state,pending,,periodic,18,0,,,,,,,
2026-08-14T23:23:58.855-07:00,,link_ack,inbound,query_operational_state,ack,,link_layer,18,,,,,,,,
2026-08-14T23:23:58.978-07:00,,operational_state,inbound,query_operational_state,received,,device_response,19,0,,,0,Idle Normal,,,
2026-08-14T23:23:59.018-07:00,,query_completed,outbound,query_operational_state,ok,,periodic,18,0,,,,,,,
2026-08-14T23:24:29.049-07:00,,query_sent,outbound,get_commodity,pending,,periodic,6,0,,,,,,,
2026-08-14T23:24:29.141-07:00,,link_ack,inbound,get_commodity,ack,,link_layer,6,,,,,,,,
2026-08-14T23:24:29.310-07:00,,intermediate_response,inbound,get_commodity,success,,device_response,6,128,,,,,0,success,
2026-08-14T23:24:29.354-07:00,,query_completed,outbound,get_commodity,ok,,periodic,6,0,,,,,0,success,
2026-08-14T23:24:29.354-07:00,,query_sent,outbound,query_operational_state,pending,,periodic,18,0,,,,,,,
2026-08-14T23:24:29.516-07:00,,link_ack,inbound,query_operational_state,ack,,link_layer,18,,,,,,,,
2026-08-14T23:24:29.639-07:00,,operational_state,inbound,query_operational_state,received,,device_response,19,0,,,0,Idle Normal,,,
2026-08-14T23:24:29.680-07:00,,query_completed,outbound,query_operational_state,ok,,periodic,18,0,,,,,,,
2026-08-14T23:24:58.709-07:00,,query_sent,outbound,query_operational_state,pending,,periodic,18,0,,,,,,,
2026-08-14T23:24:58.799-07:00,,link_ack,inbound,query_operational_state,ack,,link_layer,18,,,,,,,,
2026-08-14T23:24:58.923-07:00,,operational_state,inbound,query_operational_state,received,,device_response,19,0,,,0,Idle Normal,,,
2026-08-14T23:24:58.964-07:00,,query_completed,outbound,query_operational_state,ok,,periodic,18,0,,,,,,,
2026-08-14T23:25:28.994-07:00,,query_sent,outbound,get_commodity,pending,,periodic,6,0,,,,,,,
2026-08-14T23:25:29.083-07:00,,link_ack,inbound,get_commodity,ack,,link_layer,6,,,,,,,,
2026-08-14T23:25:29.251-07:00,,intermediate_response,inbound,get_commodity,success,,device_response,6,128,,,,,0,success,
2026-08-14T23:25:29.295-07:00,,query_completed,outbound,get_commodity,ok,,periodic,6,0,,,,,0,success,
2026-08-14T23:25:29.295-07:00,,query_sent,outbound,query_operational_state,pending,,periodic,18,0,,,,,,,
2026-08-14T23:25:29.457-07:00,,link_ack,inbound,query_operational_state,ack,,link_layer,18,,,,,,,,
2026-08-14T23:25:29.580-07:00,,operational_state,inbound,query_operational_state,received,,device_response,19,0,,,0,Idle Normal,,,
2026-08-14T23:25:29.621-07:00,,query_completed,outbound,query_operational_state,ok,,periodic,18,0,,,,,,,
2026-08-14T23:25:58.650-07:00,,query_sent,outbound,query_operational_state,pending,,periodic,18,0,,,,,,,
2026-08-14T23:25:58.740-07:00,,link_ack,inbound,query_operational_state,ack,,link_layer,18,,,,,,,,
2026-08-14T23:25:58.863-07:00,,operational_state,inbound,query_operational_state,received,,device_response,19,0,,,0,Idle Normal,,,
2026-08-14T23:25:58.904-07:00,,query_completed,outbound,query_operational_state,ok,,periodic,18,0,,,,,,,
2026-08-14T23:26:28.934-07:00,,query_sent,outbound,get_commodity,pending,,periodic,6,0,,,,,,,
2026-08-14T23:26:29.024-07:00,,link_ack,inbound,get_commodity,ack,,link_layer,6,,,,,,,,
2026-08-14T23:26:29.192-07:00,,intermediate_response,inbound,get_commodity,success,,device_response,6,128,,,,,0,success,
2026-08-14T23:26:29.235-07:00,,query_completed,outbound,get_commodity,ok,,periodic,6,0,,,,,0,success,
2026-08-14T23:26:29.235-07:00,,query_sent,outbound,query_operational_state,pending,,periodic,18,0,,,,,,,
2026-08-14T23:26:29.399-07:00,,link_ack,inbound,query_operational_state,ack,,link_layer,18,,,,,,,,
2026-08-14T23:26:29.523-07:00,,operational_state,inbound,query_operational_state,received,,device_response,19,0,,,0,Idle Normal,,,
2026-08-14T23:26:29.564-07:00,,query_completed,outbound,query_operational_state,ok,,periodic,18,0,,,,,,,
2026-08-14T23:26:58.593-07:00,,query_sent,outbound,query_operational_state,pending,,periodic,18,0,,,,,,,
2026-08-14T23:26:58.683-07:00,,link_ack,inbound,query_operational_state,ack,,link_layer,18,,,,,,,,
2026-08-14T23:26:58.807-07:00,,operational_state,inbound,query_operational_state,received,,device_response,19,0,,,0,Idle Normal,,,
2026-08-14T23:26:58.847-07:00,,query_completed,outbound,query_operational_state,ok,,periodic,18,0,,,,,,,
2026-08-14T23:27:28.878-07:00,,query_sent,outbound,get_commodity,pending,,periodic,6,0,,,,,,,
2026-08-14T23:27:28.969-07:00,,link_ack,inbound,get_commodity,ack,,link_layer,6,,,,,,,,
2026-08-14T23:27:29.137-07:00,,intermediate_response,inbound,get_commodity,success,,device_response,6,128,,,,,0,success,
2026-08-14T23:27:29.181-07:00,,query_completed,outbound,get_commodity,ok,,periodic,6,0,,,,,0,success,
2026-08-14T23:27:29.181-07:00,,query_sent,outbound,query_operational_state,pending,,periodic,18,0,,,,,,,
2026-08-14T23:27:29.343-07:00,,link_ack,inbound,query_operational_state,ack,,link_layer,18,,,,,,,,
2026-08-14T23:27:29.466-07:00,,operational_state,inbound,query_operational_state,received,,device_response,19,0,,,0,Idle Normal,,,
2026-08-14T23:27:29.507-07:00,,query_completed,outbound,query_operational_state,ok,,periodic,18,0,,,,,,,
2026-08-14T23:27:58.537-07:00,,query_sent,outbound,query_operational_state,pending,,periodic,18,0,,,,,,,
2026-08-14T23:27:58.627-07:00,,link_ack,inbound,query_operational_state,ack,,link_layer,18,,,,,,,,
2026-08-14T23:27:58.751-07:00,,operational_state,inbound,query_operational_state,received,,device_response,19,0,,,0,Idle Normal,,,
2026-08-14T23:27:58.791-07:00,,query_completed,outbound,query_operational_state,ok,,periodic,18,0,,,,,,,
2026-08-14T23:28:28.822-07:00,,query_sent,outbound,get_commodity,pending,,periodic,6,0,,,,,,,
2026-08-14T23:28:28.913-07:00,,link_ack,inbound,get_commodity,ack,,link_layer,6,,,,,,,,
2026-08-14T23:28:29.082-07:00,,intermediate_response,inbound,get_commodity,success,,device_response,6,128,,,,,0,success,
2026-08-14T23:28:29.125-07:00,,query_completed,outbound,get_commodity,ok,,periodic,6,0,,,,,0,success,
2026-08-14T23:28:29.126-07:00,,query_sent,outbound,query_operational_state,pending,,periodic,18,0,,,,,,,
2026-08-14T23:28:29.288-07:00,,link_ack,inbound,query_operational_state,ack,,link_layer,18,,,,,,,,
2026-08-14T23:28:29.411-07:00,,operational_state,inbound,query_operational_state,received,,device_response,19,0,,,0,Idle Normal,,,
2026-08-14T23:28:29.452-07:00,,query_completed,outbound,query_operational_state,ok,,periodic,18,0,,,,,,,
2026-08-14T23:28:58.481-07:00,auto_outside_comm_heartbeat_05,command_sent,outbound,outside_communication1,pending,0,schedule,14,0,,,,,,,
2026-08-14T23:28:58.569-07:00,,link_ack,inbound,outside_communication,ack,,link_layer,14,,,,,,,,
2026-08-14T23:28:58.692-07:00,,application_ack,inbound,outside_communication,ack,,application_layer,3,14,,,,,,,
2026-08-14T23:28:58.733-07:00,auto_outside_comm_heartbeat_05,command_completed,outbound,outside_communication1,ok,0,schedule,14,0,,,,,,,
2026-08-14T23:28:58.735-07:00,,query_sent,outbound,query_operational_state,pending,,periodic,18,0,,,,,,,
2026-08-14T23:28:58.897-07:00,,link_ack,inbound,query_operational_state,ack,,link_layer,18,,,,,,,,
2026-08-14T23:28:59.020-07:00,,operational_state,inbound,query_operational_state,received,,device_response,19,0,,,0,Idle Normal,,,
2026-08-14T23:28:59.060-07:00,,query_completed,outbound,query_operational_state,ok,,periodic,18,0,,,,,,,
2026-08-14T23:29:29.090-07:00,,query_sent,outbound,get_commodity,pending,,periodic,6,0,,,,,,,
2026-08-14T23:29:29.183-07:00,,link_ack,inbound,get_commodity,ack,,link_layer,6,,,,,,,,
2026-08-14T23:29:29.351-07:00,,intermediate_response,inbound,get_commodity,success,,device_response,6,128,,,,,0,success,
2026-08-14T23:29:29.395-07:00,,query_completed,outbound,get_commodity,ok,,periodic,6,0,,,,,0,success,
2026-08-14T23:29:29.395-07:00,,query_sent,outbound,query_operational_state,pending,,periodic,18,0,,,,,,,
2026-08-14T23:29:29.557-07:00,,link_ack,inbound,query_operational_state,ack,,link_layer,18,,,,,,,,
2026-08-14T23:29:29.682-07:00,,operational_state,inbound,query_operational_state,received,,device_response,19,0,,,0,Idle Normal,,,
2026-08-14T23:29:29.722-07:00,,query_completed,outbound,query_operational_state,ok,,periodic,18,0,,,,,,,
2026-08-14T23:29:58.751-07:00,,query_sent,outbound,query_operational_state,pending,,periodic,18,0,,,,,,,
2026-08-14T23:29:58.840-07:00,,link_ack,inbound,query_operational_state,ack,,link_layer,18,,,,,,,,
2026-08-14T23:29:58.965-07:00,,operational_state,inbound,query_operational_state,received,,device_response,19,0,,,0,Idle Normal,,,
2026-08-14T23:29:59.005-07:00,,query_completed,outbound,query_operational_state,ok,,periodic,18,0,,,,,,,
2026-08-14T23:30:29.035-07:00,,query_sent,outbound,get_commodity,pending,,periodic,6,0,,,,,,,
2026-08-14T23:30:29.128-07:00,,link_ack,inbound,get_commodity,ack,,link_layer,6,,,,,,,,
2026-08-14T23:30:29.296-07:00,,intermediate_response,inbound,get_commodity,success,,device_response,6,128,,,,,0,success,
2026-08-14T23:30:29.339-07:00,,query_completed,outbound,get_commodity,ok,,periodic,6,0,,,,,0,success,
2026-08-14T23:30:29.339-07:00,,query_sent,outbound,query_operational_state,pending,,periodic,18,0,,,,,,,
2026-08-14T23:30:29.503-07:00,,link_ack,inbound,query_operational_state,ack,,link_layer,18,,,,,,,,
2026-08-14T23:30:29.626-07:00,,operational_state,inbound,query_operational_state,received,,device_response,19,0,,,0,Idle Normal,,,
2026-08-14T23:30:29.666-07:00,,query_completed,outbound,query_operational_state,ok,,periodic,18,0,,,,,,,
2026-08-14T23:30:58.695-07:00,,query_sent,outbound,query_operational_state,pending,,periodic,18,0,,,,,,,
2026-08-14T23:30:58.785-07:00,,link_ack,inbound,query_operational_state,ack,,link_layer,18,,,,,,,,
2026-08-14T23:30:58.910-07:00,,operational_state,inbound,query_operational_state,received,,device_response,19,0,,,0,Idle Normal,,,
2026-08-14T23:30:58.950-07:00,,query_completed,outbound,query_operational_state,ok,,periodic,18,0,,,,,,,
2026-08-14T23:31:28.980-07:00,,query_sent,outbound,get_commodity,pending,,periodic,6,0,,,,,,,
2026-08-14T23:31:29.071-07:00,,link_ack,inbound,get_commodity,ack,,link_layer,6,,,,,,,,
2026-08-14T23:31:29.240-07:00,,intermediate_response,inbound,get_commodity,success,,device_response,6,128,,,,,0,success,
2026-08-14T23:31:29.284-07:00,,query_completed,outbound,get_commodity,ok,,periodic,6,0,,,,,0,success,
2026-08-14T23:31:29.284-07:00,,query_sent,outbound,query_operational_state,pending,,periodic,18,0,,,,,,,
2026-08-14T23:31:29.445-07:00,,link_ack,inbound,query_operational_state,ack,,link_layer,18,,,,,,,,
2026-08-14T23:31:29.569-07:00,,operational_state,inbound,query_operational_state,received,,device_response,19,0,,,0,Idle Normal,,,
2026-08-14T23:31:29.610-07:00,,query_completed,outbound,query_operational_state,ok,,periodic,18,0,,,,,,,
2026-08-14T23:31:58.638-07:00,,query_sent,outbound,query_operational_state,pending,,periodic,18,0,,,,,,,
2026-08-14T23:31:58.728-07:00,,link_ack,inbound,query_operational_state,ack,,link_layer,18,,,,,,,,
2026-08-14T23:31:58.851-07:00,,operational_state,inbound,query_operational_state,received,,device_response,19,0,,,0,Idle Normal,,,
2026-08-14T23:31:58.892-07:00,,query_completed,outbound,query_operational_state,ok,,periodic,18,0,,,,,,,
2026-08-14T23:32:28.922-07:00,,query_sent,outbound,get_commodity,pending,,periodic,6,0,,,,,,,
2026-08-14T23:32:29.012-07:00,,link_ack,inbound,get_commodity,ack,,link_layer,6,,,,,,,,
2026-08-14T23:32:29.182-07:00,,intermediate_response,inbound,get_commodity,success,,device_response,6,128,,,,,0,success,
2026-08-14T23:32:29.225-07:00,,query_completed,outbound,get_commodity,ok,,periodic,6,0,,,,,0,success,
2026-08-14T23:32:29.225-07:00,,query_sent,outbound,query_operational_state,pending,,periodic,18,0,,,,,,,
2026-08-14T23:32:29.388-07:00,,link_ack,inbound,query_operational_state,ack,,link_layer,18,,,,,,,,
2026-08-14T23:32:29.511-07:00,,operational_state,inbound,query_operational_state,received,,device_response,19,0,,,0,Idle Normal,,,
2026-08-14T23:32:29.552-07:00,,query_completed,outbound,query_operational_state,ok,,periodic,18,0,,,,,,,
2026-08-14T23:32:58.581-07:00,,query_sent,outbound,query_operational_state,pending,,periodic,18,0,,,,,,,
2026-08-14T23:32:58.668-07:00,,link_ack,inbound,query_operational_state,ack,,link_layer,18,,,,,,,,
2026-08-14T23:32:58.792-07:00,,operational_state,inbound,query_operational_state,received,,device_response,19,0,,,0,Idle Normal,,,
2026-08-14T23:32:58.832-07:00,,query_completed,outbound,query_operational_state,ok,,periodic,18,0,,,,,,,
2026-08-14T23:33:28.862-07:00,,query_sent,outbound,get_commodity,pending,,periodic,6,0,,,,,,,
2026-08-14T23:33:28.955-07:00,,link_ack,inbound,get_commodity,ack,,link_layer,6,,,,,,,,
2026-08-14T23:33:29.123-07:00,,intermediate_response,inbound,get_commodity,success,,device_response,6,128,,,,,0,success,
2026-08-14T23:33:29.166-07:00,,query_completed,outbound,get_commodity,ok,,periodic,6,0,,,,,0,success,
2026-08-14T23:33:29.167-07:00,,query_sent,outbound,query_operational_state,pending,,periodic,18,0,,,,,,,
2026-08-14T23:33:29.328-07:00,,link_ack,inbound,query_operational_state,ack,,link_layer,18,,,,,,,,
2026-08-14T23:33:29.452-07:00,,operational_state,inbound,query_operational_state,received,,device_response,19,0,,,0,Idle Normal,,,
2026-08-14T23:33:29.493-07:00,,query_completed,outbound,query_operational_state,ok,,periodic,18,0,,,,,,,
2026-08-14T23:33:58.522-07:00,,query_sent,outbound,query_operational_state,pending,,periodic,18,0,,,,,,,
2026-08-14T23:33:58.611-07:00,,link_ack,inbound,query_operational_state,ack,,link_layer,18,,,,,,,,
2026-08-14T23:33:58.735-07:00,,operational_state,inbound,query_operational_state,received,,device_response,19,0,,,0,Idle Normal,,,
2026-08-14T23:33:58.775-07:00,,query_completed,outbound,query_operational_state,ok,,periodic,18,0,,,,,,,
2026-08-14T23:34:28.806-07:00,,query_sent,outbound,get_commodity,pending,,periodic,6,0,,,,,,,
2026-08-14T23:34:28.897-07:00,,link_ack,inbound,get_commodity,ack,,link_layer,6,,,,,,,,
2026-08-14T23:34:29.066-07:00,,intermediate_response,inbound,get_commodity,success,,device_response,6,128,,,,,0,success,
2026-08-14T23:34:29.109-07:00,,query_completed,outbound,get_commodity,ok,,periodic,6,0,,,,,0,success,
2026-08-14T23:34:29.110-07:00,,query_sent,outbound,query_operational_state,pending,,periodic,18,0,,,,,,,
2026-08-14T23:34:29.272-07:00,,link_ack,inbound,query_operational_state,ack,,link_layer,18,,,,,,,,
2026-08-14T23:34:29.395-07:00,,operational_state,inbound,query_operational_state,received,,device_response,19,0,,,0,Idle Normal,,,
2026-08-14T23:34:29.436-07:00,,query_completed,outbound,query_operational_state,ok,,periodic,18,0,,,,,,,
2026-08-14T23:34:58.465-07:00,,query_sent,outbound,query_operational_state,pending,,periodic,18,0,,,,,,,
2026-08-14T23:34:58.554-07:00,,link_ack,inbound,query_operational_state,ack,,link_layer,18,,,,,,,,
2026-08-14T23:34:58.679-07:00,,operational_state,inbound,query_operational_state,received,,device_response,19,0,,,0,Idle Normal,,,
2026-08-14T23:34:58.719-07:00,,query_completed,outbound,query_operational_state,ok,,periodic,18,0,,,,,,,
2026-08-14T23:35:28.749-07:00,,query_sent,outbound,get_commodity,pending,,periodic,6,0,,,,,,,
2026-08-14T23:35:28.840-07:00,,link_ack,inbound,get_commodity,ack,,link_layer,6,,,,,,,,
2026-08-14T23:35:29.010-07:00,,intermediate_response,inbound,get_commodity,success,,device_response,6,128,,,,,0,success,
2026-08-14T23:35:29.054-07:00,,query_completed,outbound,get_commodity,ok,,periodic,6,0,,,,,0,success,
2026-08-14T23:35:29.054-07:00,,query_sent,outbound,query_operational_state,pending,,periodic,18,0,,,,,,,
2026-08-14T23:35:29.215-07:00,,link_ack,inbound,query_operational_state,ack,,link_layer,18,,,,,,,,
2026-08-14T23:35:29.339-07:00,,operational_state,inbound,query_operational_state,received,,device_response,19,0,,,0,Idle Normal,,,
2026-08-14T23:35:29.380-07:00,,query_completed,outbound,query_operational_state,ok,,periodic,18,0,,,,,,,
2026-08-14T23:35:58.408-07:00,,query_sent,outbound,query_operational_state,pending,,periodic,18,0,,,,,,,
2026-08-14T23:35:58.496-07:00,,link_ack,inbound,query_operational_state,ack,,link_layer,18,,,,,,,,
2026-08-14T23:35:58.619-07:00,,operational_state,inbound,query_operational_state,received,,device_response,19,0,,,0,Idle Normal,,,
2026-08-14T23:35:58.660-07:00,,query_completed,outbound,query_operational_state,ok,,periodic,18,0,,,,,,,
2026-08-14T23:36:28.690-07:00,,query_sent,outbound,get_commodity,pending,,periodic,6,0,,,,,,,
2026-08-14T23:36:28.780-07:00,,link_ack,inbound,get_commodity,ack,,link_layer,6,,,,,,,,
2026-08-14T23:36:28.950-07:00,,intermediate_response,inbound,get_commodity,success,,device_response,6,128,,,,,0,success,
2026-08-14T23:36:28.993-07:00,,query_completed,outbound,get_commodity,ok,,periodic,6,0,,,,,0,success,
2026-08-14T23:36:28.993-07:00,,query_sent,outbound,query_operational_state,pending,,periodic,18,0,,,,,,,
2026-08-14T23:36:29.155-07:00,,link_ack,inbound,query_operational_state,ack,,link_layer,18,,,,,,,,
2026-08-14T23:36:29.279-07:00,,operational_state,inbound,query_operational_state,received,,device_response,19,0,,,0,Idle Normal,,,
2026-08-14T23:36:29.319-07:00,,query_completed,outbound,query_operational_state,ok,,periodic,18,0,,,,,,,
2026-08-14T23:36:58.348-07:00,,query_sent,outbound,query_operational_state,pending,,periodic,18,0,,,,,,,
2026-08-14T23:36:58.435-07:00,,link_ack,inbound,query_operational_state,ack,,link_layer,18,,,,,,,,
2026-08-14T23:36:58.560-07:00,,operational_state,inbound,query_operational_state,received,,device_response,19,0,,,0,Idle Normal,,,
2026-08-14T23:36:58.600-07:00,,query_completed,outbound,query_operational_state,ok,,periodic,18,0,,,,,,,
2026-08-14T23:37:28.630-07:00,,query_sent,outbound,get_commodity,pending,,periodic,6,0,,,,,,,
2026-08-14T23:37:28.721-07:00,,link_ack,inbound,get_commodity,ack,,link_layer,6,,,,,,,,
2026-08-14T23:37:28.890-07:00,,intermediate_response,inbound,get_commodity,success,,device_response,6,128,,,,,0,success,
2026-08-14T23:37:28.934-07:00,,query_completed,outbound,get_commodity,ok,,periodic,6,0,,,,,0,success,
2026-08-14T23:37:28.934-07:00,,query_sent,outbound,query_operational_state,pending,,periodic,18,0,,,,,,,
2026-08-14T23:37:29.096-07:00,,link_ack,inbound,query_operational_state,ack,,link_layer,18,,,,,,,,
2026-08-14T23:37:29.219-07:00,,operational_state,inbound,query_operational_state,received,,device_response,19,0,,,0,Idle Normal,,,
2026-08-14T23:37:29.260-07:00,,query_completed,outbound,query_operational_state,ok,,periodic,18,0,,,,,,,
2026-08-14T23:37:59.290-07:00,,query_sent,outbound,query_operational_state,pending,,periodic,18,0,,,,,,,
2026-08-14T23:37:59.381-07:00,,link_ack,inbound,query_operational_state,ack,,link_layer,18,,,,,,,,
2026-08-14T23:37:59.504-07:00,,operational_state,inbound,query_operational_state,received,,device_response,19,0,,,0,Idle Normal,,,
2026-08-14T23:37:59.545-07:00,,query_completed,outbound,query_operational_state,ok,,periodic,18,0,,,,,,,
2026-08-14T23:38:28.575-07:00,,query_sent,outbound,get_commodity,pending,,periodic,6,0,,,,,,,
2026-08-14T23:38:28.664-07:00,,link_ack,inbound,get_commodity,ack,,link_layer,6,,,,,,,,
2026-08-14T23:38:28.833-07:00,,intermediate_response,inbound,get_commodity,success,,device_response,6,128,,,,,0,success,
2026-08-14T23:38:28.876-07:00,,query_completed,outbound,get_commodity,ok,,periodic,6,0,,,,,0,success,
2026-08-14T23:38:28.876-07:00,,query_sent,outbound,query_operational_state,pending,,periodic,18,0,,,,,,,
2026-08-14T23:38:29.038-07:00,,link_ack,inbound,query_operational_state,ack,,link_layer,18,,,,,,,,
2026-08-14T23:38:29.162-07:00,,operational_state,inbound,query_operational_state,received,,device_response,19,0,,,0,Idle Normal,,,
2026-08-14T23:38:29.203-07:00,,query_completed,outbound,query_operational_state,ok,,periodic,18,0,,,,,,,
2026-08-14T23:38:59.233-07:00,,query_sent,outbound,query_operational_state,pending,,periodic,18,0,,,,,,,
2026-08-14T23:38:59.324-07:00,,link_ack,inbound,query_operational_state,ack,,link_layer,18,,,,,,,,
2026-08-14T23:38:59.448-07:00,,operational_state,inbound,query_operational_state,received,,device_response,19,0,,,0,Idle Normal,,,
2026-08-14T23:38:59.488-07:00,,query_completed,outbound,query_operational_state,ok,,periodic,18,0,,,,,,,
2026-08-14T23:39:28.517-07:00,,query_sent,outbound,get_commodity,pending,,periodic,6,0,,,,,,,
2026-08-14T23:39:28.610-07:00,,link_ack,inbound,get_commodity,ack,,link_layer,6,,,,,,,,
2026-08-14T23:39:28.779-07:00,,intermediate_response,inbound,get_commodity,success,,device_response,6,128,,,,,0,success,
2026-08-14T23:39:28.822-07:00,,query_completed,outbound,get_commodity,ok,,periodic,6,0,,,,,0,success,
2026-08-14T23:39:28.823-07:00,,query_sent,outbound,query_operational_state,pending,,periodic,18,0,,,,,,,
2026-08-14T23:39:28.984-07:00,,link_ack,inbound,query_operational_state,ack,,link_layer,18,,,,,,,,
2026-08-14T23:39:29.108-07:00,,operational_state,inbound,query_operational_state,received,,device_response,19,0,,,0,Idle Normal,,,
2026-08-14T23:39:29.149-07:00,,query_completed,outbound,query_operational_state,ok,,periodic,18,0,,,,,,,
2026-08-14T23:39:59.179-07:00,,query_sent,outbound,query_operational_state,pending,,periodic,18,0,,,,,,,
2026-08-14T23:39:59.269-07:00,,link_ack,inbound,query_operational_state,ack,,link_layer,18,,,,,,,,
2026-08-14T23:39:59.392-07:00,,operational_state,inbound,query_operational_state,received,,device_response,19,0,,,0,Idle Normal,,,
2026-08-14T23:39:59.433-07:00,,query_completed,outbound,query_operational_state,ok,,periodic,18,0,,,,,,,
2026-08-14T23:40:28.461-07:00,,query_sent,outbound,get_commodity,pending,,periodic,6,0,,,,,,,
2026-08-14T23:40:28.551-07:00,,link_ack,inbound,get_commodity,ack,,link_layer,6,,,,,,,,
2026-08-14T23:40:28.720-07:00,,intermediate_response,inbound,get_commodity,success,,device_response,6,128,,,,,0,success,
2026-08-14T23:40:28.763-07:00,,query_completed,outbound,get_commodity,ok,,periodic,6,0,,,,,0,success,
2026-08-14T23:40:28.763-07:00,,query_sent,outbound,query_operational_state,pending,,periodic,18,0,,,,,,,
2026-08-14T23:40:28.925-07:00,,link_ack,inbound,query_operational_state,ack,,link_layer,18,,,,,,,,
2026-08-14T23:40:29.049-07:00,,operational_state,inbound,query_operational_state,received,,device_response,19,0,,,0,Idle Normal,,,
2026-08-14T23:40:29.090-07:00,,query_completed,outbound,query_operational_state,ok,,periodic,18,0,,,,,,,
2026-08-14T23:40:59.119-07:00,,query_sent,outbound,query_operational_state,pending,,periodic,18,0,,,,,,,
2026-08-14T23:40:59.210-07:00,,link_ack,inbound,query_operational_state,ack,,link_layer,18,,,,,,,,
2026-08-14T23:40:59.334-07:00,,operational_state,inbound,query_operational_state,received,,device_response,19,0,,,0,Idle Normal,,,
2026-08-14T23:40:59.374-07:00,,query_completed,outbound,query_operational_state,ok,,periodic,18,0,,,,,,,
2026-08-14T23:41:28.403-07:00,,query_sent,outbound,get_commodity,pending,,periodic,6,0,,,,,,,
2026-08-14T23:41:28.494-07:00,,link_ack,inbound,get_commodity,ack,,link_layer,6,,,,,,,,
2026-08-14T23:41:28.663-07:00,,intermediate_response,inbound,get_commodity,success,,device_response,6,128,,,,,0,success,
2026-08-14T23:41:28.706-07:00,,query_completed,outbound,get_commodity,ok,,periodic,6,0,,,,,0,success,
2026-08-14T23:41:28.707-07:00,,query_sent,outbound,query_operational_state,pending,,periodic,18,0,,,,,,,
2026-08-14T23:41:28.868-07:00,,link_ack,inbound,query_operational_state,ack,,link_layer,18,,,,,,,,
2026-08-14T23:41:28.992-07:00,,operational_state,inbound,query_operational_state,received,,device_response,19,0,,,0,Idle Normal,,,
2026-08-14T23:41:29.033-07:00,,query_completed,outbound,query_operational_state,ok,,periodic,18,0,,,,,,,
2026-08-14T23:41:59.063-07:00,,query_sent,outbound,query_operational_state,pending,,periodic,18,0,,,,,,,
2026-08-14T23:41:59.151-07:00,,link_ack,inbound,query_operational_state,ack,,link_layer,18,,,,,,,,
2026-08-14T23:41:59.275-07:00,,operational_state,inbound,query_operational_state,received,,device_response,19,0,,,0,Idle Normal,,,
2026-08-14T23:41:59.315-07:00,,query_completed,outbound,query_operational_state,ok,,periodic,18,0,,,,,,,
2026-08-14T23:42:28.343-07:00,auto_outside_comm_heartbeat_06,command_sent,outbound,outside_communication1,pending,0,schedule,14,0,,,,,,,
2026-08-14T23:42:28.433-07:00,,link_ack,inbound,outside_communication,ack,,link_layer,14,,,,,,,,
2026-08-14T23:42:28.556-07:00,,application_ack,inbound,outside_communication,ack,,application_layer,3,14,,,,,,,
2026-08-14T23:42:28.597-07:00,auto_outside_comm_heartbeat_06,command_completed,outbound,outside_communication1,ok,0,schedule,14,0,,,,,,,
2026-08-14T23:42:28.599-07:00,,query_sent,outbound,get_commodity,pending,,periodic,6,0,,,,,,,
2026-08-14T23:42:28.759-07:00,,link_ack,inbound,get_commodity,ack,,link_layer,6,,,,,,,,
2026-08-14T23:42:28.927-07:00,,intermediate_response,inbound,get_commodity,success,,device_response,6,128,,,,,0,success,
2026-08-14T23:42:28.970-07:00,,query_completed,outbound,get_commodity,ok,,periodic,6,0,,,,,0,success,
2026-08-14T23:42:28.971-07:00,,query_sent,outbound,query_operational_state,pending,,periodic,18,0,,,,,,,
2026-08-14T23:42:29.133-07:00,,link_ack,inbound,query_operational_state,ack,,link_layer,18,,,,,,,,
2026-08-14T23:42:29.256-07:00,,operational_state,inbound,query_operational_state,received,,device_response,19,0,,,0,Idle Normal,,,
2026-08-14T23:42:29.297-07:00,,query_completed,outbound,query_operational_state,ok,,periodic,18,0,,,,,,,
2026-08-14T23:42:59.326-07:00,,query_sent,outbound,query_operational_state,pending,,periodic,18,0,,,,,,,
2026-08-14T23:42:59.419-07:00,,link_ack,inbound,query_operational_state,ack,,link_layer,18,,,,,,,,
2026-08-14T23:42:59.542-07:00,,operational_state,inbound,query_operational_state,received,,device_response,19,0,,,0,Idle Normal,,,
2026-08-14T23:42:59.583-07:00,,query_completed,outbound,query_operational_state,ok,,periodic,18,0,,,,,,,
2026-08-14T23:43:28.611-07:00,,query_sent,outbound,get_commodity,pending,,periodic,6,0,,,,,,,
2026-08-14T23:43:28.701-07:00,,link_ack,inbound,get_commodity,ack,,link_layer,6,,,,,,,,
2026-08-14T23:43:28.869-07:00,,intermediate_response,inbound,get_commodity,success,,device_response,6,128,,,,,0,success,
2026-08-14T23:43:28.913-07:00,,query_completed,outbound,get_commodity,ok,,periodic,6,0,,,,,0,success,
2026-08-14T23:43:28.913-07:00,,query_sent,outbound,query_operational_state,pending,,periodic,18,0,,,,,,,
2026-08-14T23:43:29.077-07:00,,link_ack,inbound,query_operational_state,ack,,link_layer,18,,,,,,,,
2026-08-14T23:43:29.200-07:00,,operational_state,inbound,query_operational_state,received,,device_response,19,0,,,0,Idle Normal,,,
2026-08-14T23:43:29.241-07:00,,query_completed,outbound,query_operational_state,ok,,periodic,18,0,,,,,,,
2026-08-14T23:43:59.270-07:00,,query_sent,outbound,query_operational_state,pending,,periodic,18,0,,,,,,,
2026-08-14T23:43:59.360-07:00,,link_ack,inbound,query_operational_state,ack,,link_layer,18,,,,,,,,
2026-08-14T23:43:59.484-07:00,,operational_state,inbound,query_operational_state,received,,device_response,19,0,,,0,Idle Normal,,,
2026-08-14T23:43:59.525-07:00,,query_completed,outbound,query_operational_state,ok,,periodic,18,0,,,,,,,
2026-08-14T23:44:28.553-07:00,,query_sent,outbound,get_commodity,pending,,periodic,6,0,,,,,,,
2026-08-14T23:44:28.645-07:00,,link_ack,inbound,get_commodity,ack,,link_layer,6,,,,,,,,
2026-08-14T23:44:28.813-07:00,,intermediate_response,inbound,get_commodity,success,,device_response,6,128,,,,,0,success,
2026-08-14T23:44:28.857-07:00,,query_completed,outbound,get_commodity,ok,,periodic,6,0,,,,,0,success,
2026-08-14T23:44:28.857-07:00,,query_sent,outbound,query_operational_state,pending,,periodic,18,0,,,,,,,
2026-08-14T23:44:29.019-07:00,,link_ack,inbound,query_operational_state,ack,,link_layer,18,,,,,,,,
2026-08-14T23:44:29.144-07:00,,operational_state,inbound,query_operational_state,received,,device_response,19,0,,,0,Idle Normal,,,
2026-08-14T23:44:29.184-07:00,,query_completed,outbound,query_operational_state,ok,,periodic,18,0,,,,,,,
2026-08-14T23:44:59.213-07:00,,query_sent,outbound,query_operational_state,pending,,periodic,18,0,,,,,,,
2026-08-14T23:44:59.305-07:00,,link_ack,inbound,query_operational_state,ack,,link_layer,18,,,,,,,,
2026-08-14T23:44:59.427-07:00,,operational_state,inbound,query_operational_state,received,,device_response,19,0,,,0,Idle Normal,,,
2026-08-14T23:44:59.468-07:00,,query_completed,outbound,query_operational_state,ok,,periodic,18,0,,,,,,,
2026-08-14T23:45:28.496-07:00,,query_sent,outbound,get_commodity,pending,,periodic,6,0,,,,,,,
2026-08-14T23:45:28.586-07:00,,link_ack,inbound,get_commodity,ack,,link_layer,6,,,,,,,,
2026-08-14T23:45:28.755-07:00,,intermediate_response,inbound,get_commodity,success,,device_response,6,128,,,,,0,success,
2026-08-14T23:45:28.799-07:00,,query_completed,outbound,get_commodity,ok,,periodic,6,0,,,,,0,success,
2026-08-14T23:45:28.799-07:00,,query_sent,outbound,query_operational_state,pending,,periodic,18,0,,,,,,,
2026-08-14T23:45:28.961-07:00,,link_ack,inbound,query_operational_state,ack,,link_layer,18,,,,,,,,
2026-08-14T23:45:29.085-07:00,,operational_state,inbound,query_operational_state,received,,device_response,19,0,,,0,Idle Normal,,,
2026-08-14T23:45:29.126-07:00,,query_completed,outbound,query_operational_state,ok,,periodic,18,0,,,,,,,
2026-08-14T23:45:59.155-07:00,,query_sent,outbound,query_operational_state,pending,,periodic,18,0,,,,,,,
2026-08-14T23:45:59.246-07:00,,link_ack,inbound,query_operational_state,ack,,link_layer,18,,,,,,,,
2026-08-14T23:45:59.370-07:00,,operational_state,inbound,query_operational_state,received,,device_response,19,0,,,0,Idle Normal,,,
2026-08-14T23:45:59.410-07:00,,query_completed,outbound,query_operational_state,ok,,periodic,18,0,,,,,,,
2026-08-14T23:46:28.438-07:00,,query_sent,outbound,get_commodity,pending,,periodic,6,0,,,,,,,
2026-08-14T23:46:28.531-07:00,,link_ack,inbound,get_commodity,ack,,link_layer,6,,,,,,,,
2026-08-14T23:46:28.698-07:00,,intermediate_response,inbound,get_commodity,success,,device_response,6,128,,,,,0,success,
2026-08-14T23:46:28.742-07:00,,query_completed,outbound,get_commodity,ok,,periodic,6,0,,,,,0,success,
2026-08-14T23:46:28.742-07:00,,query_sent,outbound,query_operational_state,pending,,periodic,18,0,,,,,,,
2026-08-14T23:46:28.904-07:00,,link_ack,inbound,query_operational_state,ack,,link_layer,18,,,,,,,,
2026-08-14T23:46:29.028-07:00,,operational_state,inbound,query_operational_state,received,,device_response,19,0,,,0,Idle Normal,,,
2026-08-14T23:46:29.068-07:00,,query_completed,outbound,query_operational_state,ok,,periodic,18,0,,,,,,,
2026-08-14T23:46:59.097-07:00,,query_sent,outbound,query_operational_state,pending,,periodic,18,0,,,,,,,
2026-08-14T23:46:59.189-07:00,,link_ack,inbound,query_operational_state,ack,,link_layer,18,,,,,,,,
2026-08-14T23:46:59.313-07:00,,operational_state,inbound,query_operational_state,received,,device_response,19,0,,,0,Idle Normal,,,
2026-08-14T23:46:59.353-07:00,,query_completed,outbound,query_operational_state,ok,,periodic,18,0,,,,,,,
2026-08-14T23:47:28.381-07:00,,query_sent,outbound,get_commodity,pending,,periodic,6,0,,,,,,,
2026-08-14T23:47:28.472-07:00,,link_ack,inbound,get_commodity,ack,,link_layer,6,,,,,,,,
2026-08-14T23:47:28.640-07:00,,intermediate_response,inbound,get_commodity,success,,device_response,6,128,,,,,0,success,
2026-08-14T23:47:28.683-07:00,,query_completed,outbound,get_commodity,ok,,periodic,6,0,,,,,0,success,
2026-08-14T23:47:28.683-07:00,,query_sent,outbound,query_operational_state,pending,,periodic,18,0,,,,,,,
2026-08-14T23:47:28.846-07:00,,link_ack,inbound,query_operational_state,ack,,link_layer,18,,,,,,,,
2026-08-14T23:47:28.971-07:00,,operational_state,inbound,query_operational_state,received,,device_response,19,0,,,0,Idle Normal,,,
2026-08-14T23:47:29.011-07:00,,query_completed,outbound,query_operational_state,ok,,periodic,18,0,,,,,,,
2026-08-14T23:47:59.040-07:00,,query_sent,outbound,query_operational_state,pending,,periodic,18,0,,,,,,,
2026-08-14T23:47:59.130-07:00,,link_ack,inbound,query_operational_state,ack,,link_layer,18,,,,,,,,
2026-08-14T23:47:59.254-07:00,,operational_state,inbound,query_operational_state,received,,device_response,19,0,,,0,Idle Normal,,,
2026-08-14T23:47:59.295-07:00,,query_completed,outbound,query_operational_state,ok,,periodic,18,0,,,,,,,
2026-08-14T23:48:29.324-07:00,,query_sent,outbound,get_commodity,pending,,periodic,6,0,,,,,,,
2026-08-14T23:48:29.415-07:00,,link_ack,inbound,get_commodity,ack,,link_layer,6,,,,,,,,
2026-08-14T23:48:29.584-07:00,,intermediate_response,inbound,get_commodity,success,,device_response,6,128,,,,,0,success,
2026-08-14T23:48:29.628-07:00,,query_completed,outbound,get_commodity,ok,,periodic,6,0,,,,,0,success,
2026-08-14T23:48:29.628-07:00,,query_sent,outbound,query_operational_state,pending,,periodic,18,0,,,,,,,
2026-08-14T23:48:29.790-07:00,,link_ack,inbound,query_operational_state,ack,,link_layer,18,,,,,,,,
2026-08-14T23:48:29.913-07:00,,operational_state,inbound,query_operational_state,received,,device_response,19,0,,,0,Idle Normal,,,
2026-08-14T23:48:29.954-07:00,,query_completed,outbound,query_operational_state,ok,,periodic,18,0,,,,,,,
2026-08-14T23:48:58.982-07:00,,query_sent,outbound,query_operational_state,pending,,periodic,18,0,,,,,,,
2026-08-14T23:48:59.071-07:00,,link_ack,inbound,query_operational_state,ack,,link_layer,18,,,,,,,,
2026-08-14T23:48:59.195-07:00,,operational_state,inbound,query_operational_state,received,,device_response,19,0,,,0,Idle Normal,,,
2026-08-14T23:48:59.236-07:00,,query_completed,outbound,query_operational_state,ok,,periodic,18,0,,,,,,,
2026-08-14T23:49:29.265-07:00,,query_sent,outbound,get_commodity,pending,,periodic,6,0,,,,,,,
2026-08-14T23:49:29.356-07:00,,link_ack,inbound,get_commodity,ack,,link_layer,6,,,,,,,,
2026-08-14T23:49:29.524-07:00,,intermediate_response,inbound,get_commodity,success,,device_response,6,128,,,,,0,success,
2026-08-14T23:49:29.568-07:00,,query_completed,outbound,get_commodity,ok,,periodic,6,0,,,,,0,success,
2026-08-14T23:49:29.568-07:00,,query_sent,outbound,query_operational_state,pending,,periodic,18,0,,,,,,,
2026-08-14T23:49:29.730-07:00,,link_ack,inbound,query_operational_state,ack,,link_layer,18,,,,,,,,
2026-08-14T23:49:29.855-07:00,,operational_state,inbound,query_operational_state,received,,device_response,19,0,,,0,Idle Normal,,,
2026-08-14T23:49:29.895-07:00,,query_completed,outbound,query_operational_state,ok,,periodic,18,0,,,,,,,
2026-08-14T23:49:58.924-07:00,,query_sent,outbound,query_operational_state,pending,,periodic,18,0,,,,,,,
2026-08-14T23:49:59.014-07:00,,link_ack,inbound,query_operational_state,ack,,link_layer,18,,,,,,,,
2026-08-14T23:49:59.137-07:00,,operational_state,inbound,query_operational_state,received,,device_response,19,0,,,0,Idle Normal,,,
2026-08-14T23:49:59.178-07:00,,query_completed,outbound,query_operational_state,ok,,periodic,18,0,,,,,,,
2026-08-14T23:50:29.207-07:00,,query_sent,outbound,get_commodity,pending,,periodic,6,0,,,,,,,
2026-08-14T23:50:29.299-07:00,,link_ack,inbound,get_commodity,ack,,link_layer,6,,,,,,,,
2026-08-14T23:50:29.468-07:00,,intermediate_response,inbound,get_commodity,success,,device_response,6,128,,,,,0,success,
2026-08-14T23:50:29.512-07:00,,query_completed,outbound,get_commodity,ok,,periodic,6,0,,,,,0,success,
2026-08-14T23:50:29.512-07:00,,query_sent,outbound,query_operational_state,pending,,periodic,18,0,,,,,,,
2026-08-14T23:50:29.674-07:00,,link_ack,inbound,query_operational_state,ack,,link_layer,18,,,,,,,,
2026-08-14T23:50:29.798-07:00,,operational_state,inbound,query_operational_state,received,,device_response,19,0,,,0,Idle Normal,,,
2026-08-14T23:50:29.839-07:00,,query_completed,outbound,query_operational_state,ok,,periodic,18,0,,,,,,,
2026-08-14T23:50:58.867-07:00,,query_sent,outbound,query_operational_state,pending,,periodic,18,0,,,,,,,
2026-08-14T23:50:58.956-07:00,,link_ack,inbound,query_operational_state,ack,,link_layer,18,,,,,,,,
2026-08-14T23:50:59.080-07:00,,operational_state,inbound,query_operational_state,received,,device_response,19,0,,,0,Idle Normal,,,
2026-08-14T23:50:59.120-07:00,,query_completed,outbound,query_operational_state,ok,,periodic,18,0,,,,,,,
2026-08-14T23:51:29.149-07:00,,query_sent,outbound,get_commodity,pending,,periodic,6,0,,,,,,,
2026-08-14T23:51:29.241-07:00,,link_ack,inbound,get_commodity,ack,,link_layer,6,,,,,,,,
2026-08-14T23:51:29.410-07:00,,intermediate_response,inbound,get_commodity,success,,device_response,6,128,,,,,0,success,
2026-08-14T23:51:29.454-07:00,,query_completed,outbound,get_commodity,ok,,periodic,6,0,,,,,0,success,
2026-08-14T23:51:29.454-07:00,,query_sent,outbound,query_operational_state,pending,,periodic,18,0,,,,,,,
2026-08-14T23:51:29.615-07:00,,link_ack,inbound,query_operational_state,ack,,link_layer,18,,,,,,,,
2026-08-14T23:51:29.739-07:00,,operational_state,inbound,query_operational_state,received,,device_response,19,0,,,0,Idle Normal,,,
2026-08-14T23:51:29.780-07:00,,query_completed,outbound,query_operational_state,ok,,periodic,18,0,,,,,,,
2026-08-14T23:51:58.808-07:00,,query_sent,outbound,query_operational_state,pending,,periodic,18,0,,,,,,,
2026-08-14T23:51:58.900-07:00,,link_ack,inbound,query_operational_state,ack,,link_layer,18,,,,,,,,
2026-08-14T23:51:59.023-07:00,,operational_state,inbound,query_operational_state,received,,device_response,19,0,,,0,Idle Normal,,,
2026-08-14T23:51:59.063-07:00,,query_completed,outbound,query_operational_state,ok,,periodic,18,0,,,,,,,
2026-08-14T23:52:29.092-07:00,,query_sent,outbound,get_commodity,pending,,periodic,6,0,,,,,,,
2026-08-14T23:52:29.187-07:00,,link_ack,inbound,get_commodity,ack,,link_layer,6,,,,,,,,
2026-08-14T23:52:29.355-07:00,,intermediate_response,inbound,get_commodity,success,,device_response,6,128,,,,,0,success,
2026-08-14T23:52:29.399-07:00,,query_completed,outbound,get_commodity,ok,,periodic,6,0,,,,,0,success,
2026-08-14T23:52:29.399-07:00,,query_sent,outbound,query_operational_state,pending,,periodic,18,0,,,,,,,
2026-08-14T23:52:29.561-07:00,,link_ack,inbound,query_operational_state,ack,,link_layer,18,,,,,,,,
2026-08-14T23:52:29.685-07:00,,operational_state,inbound,query_operational_state,received,,device_response,19,0,,,0,Idle Normal,,,
2026-08-14T23:52:29.726-07:00,,query_completed,outbound,query_operational_state,ok,,periodic,18,0,,,,,,,
2026-08-14T23:52:58.754-07:00,,query_sent,outbound,query_operational_state,pending,,periodic,18,0,,,,,,,
2026-08-14T23:52:58.845-07:00,,link_ack,inbound,query_operational_state,ack,,link_layer,18,,,,,,,,
2026-08-14T23:52:58.969-07:00,,operational_state,inbound,query_operational_state,received,,device_response,19,0,,,0,Idle Normal,,,
2026-08-14T23:52:59.010-07:00,,query_completed,outbound,query_operational_state,ok,,periodic,18,0,,,,,,,
2026-08-14T23:53:29.040-07:00,,query_sent,outbound,get_commodity,pending,,periodic,6,0,,,,,,,
2026-08-14T23:53:29.133-07:00,,link_ack,inbound,get_commodity,ack,,link_layer,6,,,,,,,,
2026-08-14T23:53:29.301-07:00,,intermediate_response,inbound,get_commodity,success,,device_response,6,128,,,,,0,success,
2026-08-14T23:53:29.345-07:00,,query_completed,outbound,get_commodity,ok,,periodic,6,0,,,,,0,success,
2026-08-14T23:53:29.345-07:00,,query_sent,outbound,query_operational_state,pending,,periodic,18,0,,,,,,,
2026-08-14T23:53:29.508-07:00,,link_ack,inbound,query_operational_state,ack,,link_layer,18,,,,,,,,
2026-08-14T23:53:29.633-07:00,,operational_state,inbound,query_operational_state,received,,device_response,19,0,,,0,Idle Normal,,,
2026-08-14T23:53:29.673-07:00,,query_completed,outbound,query_operational_state,ok,,periodic,18,0,,,,,,,
2026-08-14T23:53:58.702-07:00,,query_sent,outbound,query_operational_state,pending,,periodic,18,0,,,,,,,
2026-08-14T23:53:58.796-07:00,,link_ack,inbound,query_operational_state,ack,,link_layer,18,,,,,,,,
2026-08-14T23:53:58.921-07:00,,operational_state,inbound,query_operational_state,received,,device_response,19,0,,,0,Idle Normal,,,
2026-08-14T23:53:58.962-07:00,,query_completed,outbound,query_operational_state,ok,,periodic,18,0,,,,,,,
2026-08-14T23:54:28.991-07:00,,query_sent,outbound,get_commodity,pending,,periodic,6,0,,,,,,,
2026-08-14T23:54:29.083-07:00,,link_ack,inbound,get_commodity,ack,,link_layer,6,,,,,,,,
2026-08-14T23:54:29.251-07:00,,intermediate_response,inbound,get_commodity,success,,device_response,6,128,,,,,0,success,
2026-08-14T23:54:29.294-07:00,,query_completed,outbound,get_commodity,ok,,periodic,6,0,,,,,0,success,
2026-08-14T23:54:29.295-07:00,,query_sent,outbound,query_operational_state,pending,,periodic,18,0,,,,,,,
2026-08-14T23:54:29.458-07:00,,link_ack,inbound,query_operational_state,ack,,link_layer,18,,,,,,,,
2026-08-14T23:54:29.581-07:00,,operational_state,inbound,query_operational_state,received,,device_response,19,0,,,0,Idle Normal,,,
2026-08-14T23:54:29.622-07:00,,query_completed,outbound,query_operational_state,ok,,periodic,18,0,,,,,,,
2026-08-14T23:54:58.651-07:00,,query_sent,outbound,query_operational_state,pending,,periodic,18,0,,,,,,,
2026-08-14T23:54:58.743-07:00,,link_ack,inbound,query_operational_state,ack,,link_layer,18,,,,,,,,
2026-08-14T23:54:58.866-07:00,,operational_state,inbound,query_operational_state,received,,device_response,19,0,,,0,Idle Normal,,,
2026-08-14T23:54:58.907-07:00,,query_completed,outbound,query_operational_state,ok,,periodic,18,0,,,,,,,
2026-08-14T23:55:28.937-07:00,,query_sent,outbound,get_commodity,pending,,periodic,6,0,,,,,,,
2026-08-14T23:55:29.033-07:00,,link_ack,inbound,get_commodity,ack,,link_layer,6,,,,,,,,
2026-08-14T23:55:29.202-07:00,,intermediate_response,inbound,get_commodity,success,,device_response,6,128,,,,,0,success,
2026-08-14T23:55:29.245-07:00,,query_completed,outbound,get_commodity,ok,,periodic,6,0,,,,,0,success,
2026-08-14T23:55:29.246-07:00,,query_sent,outbound,query_operational_state,pending,,periodic,18,0,,,,,,,
2026-08-14T23:55:29.408-07:00,,link_ack,inbound,query_operational_state,ack,,link_layer,18,,,,,,,,
2026-08-14T23:55:29.531-07:00,,operational_state,inbound,query_operational_state,received,,device_response,19,0,,,0,Idle Normal,,,
2026-08-14T23:55:29.572-07:00,,query_completed,outbound,query_operational_state,ok,,periodic,18,0,,,,,,,
2026-08-14T23:55:58.600-07:00,auto_outside_comm_heartbeat_07,command_sent,outbound,outside_communication1,pending,0,schedule,14,0,,,,,,,
2026-08-14T23:55:58.691-07:00,,link_ack,inbound,outside_communication,ack,,link_layer,14,,,,,,,,
2026-08-14T23:55:58.816-07:00,,application_ack,inbound,outside_communication,ack,,application_layer,3,14,,,,,,,
2026-08-14T23:55:58.857-07:00,auto_outside_comm_heartbeat_07,command_completed,outbound,outside_communication1,ok,0,schedule,14,0,,,,,,,
2026-08-14T23:55:58.858-07:00,,query_sent,outbound,query_operational_state,pending,,periodic,18,0,,,,,,,
2026-08-14T23:55:59.020-07:00,,link_ack,inbound,query_operational_state,ack,,link_layer,18,,,,,,,,
2026-08-14T23:55:59.143-07:00,,operational_state,inbound,query_operational_state,received,,device_response,19,0,,,0,Idle Normal,,,
2026-08-14T23:55:59.184-07:00,,query_completed,outbound,query_operational_state,ok,,periodic,18,0,,,,,,,
2026-08-14T23:56:29.213-07:00,,query_sent,outbound,get_commodity,pending,,periodic,6,0,,,,,,,
2026-08-14T23:56:29.308-07:00,,link_ack,inbound,get_commodity,ack,,link_layer,6,,,,,,,,
2026-08-14T23:56:29.477-07:00,,intermediate_response,inbound,get_commodity,success,,device_response,6,128,,,,,0,success,
2026-08-14T23:56:29.521-07:00,,query_completed,outbound,get_commodity,ok,,periodic,6,0,,,,,0,success,
2026-08-14T23:56:29.521-07:00,,query_sent,outbound,query_operational_state,pending,,periodic,18,0,,,,,,,
2026-08-14T23:56:29.683-07:00,,link_ack,inbound,query_operational_state,ack,,link_layer,18,,,,,,,,
2026-08-14T23:56:29.806-07:00,,operational_state,inbound,query_operational_state,received,,device_response,19,0,,,0,Idle Normal,,,
2026-08-14T23:56:29.847-07:00,,query_completed,outbound,query_operational_state,ok,,periodic,18,0,,,,,,,
2026-08-14T23:56:58.875-07:00,,query_sent,outbound,query_operational_state,pending,,periodic,18,0,,,,,,,
2026-08-14T23:56:58.967-07:00,,link_ack,inbound,query_operational_state,ack,,link_layer,18,,,,,,,,
2026-08-14T23:56:59.091-07:00,,operational_state,inbound,query_operational_state,received,,device_response,19,0,,,0,Idle Normal,,,
2026-08-14T23:56:59.131-07:00,,query_completed,outbound,query_operational_state,ok,,periodic,18,0,,,,,,,
2026-08-14T23:57:29.160-07:00,,query_sent,outbound,get_commodity,pending,,periodic,6,0,,,,,,,
2026-08-14T23:57:29.256-07:00,,link_ack,inbound,get_commodity,ack,,link_layer,6,,,,,,,,
2026-08-14T23:57:29.426-07:00,,intermediate_response,inbound,get_commodity,success,,device_response,6,128,,,,,0,success,
2026-08-14T23:57:29.468-07:00,,query_completed,outbound,get_commodity,ok,,periodic,6,0,,,,,0,success,
2026-08-14T23:57:29.468-07:00,,query_sent,outbound,query_operational_state,pending,,periodic,18,0,,,,,,,
2026-08-14T23:57:29.630-07:00,,link_ack,inbound,query_operational_state,ack,,link_layer,18,,,,,,,,
2026-08-14T23:57:29.754-07:00,,operational_state,inbound,query_operational_state,received,,device_response,19,0,,,0,Idle Normal,,,
2026-08-14T23:57:29.794-07:00,,query_completed,outbound,query_operational_state,ok,,periodic,18,0,,,,,,,
2026-08-14T23:57:58.822-07:00,,query_sent,outbound,query_operational_state,pending,,periodic,18,0,,,,,,,
2026-08-14T23:57:58.915-07:00,,link_ack,inbound,query_operational_state,ack,,link_layer,18,,,,,,,,
2026-08-14T23:57:59.039-07:00,,operational_state,inbound,query_operational_state,received,,device_response,19,0,,,0,Idle Normal,,,
2026-08-14T23:57:59.079-07:00,,query_completed,outbound,query_operational_state,ok,,periodic,18,0,,,,,,,
2026-08-14T23:58:29.108-07:00,,query_sent,outbound,get_commodity,pending,,periodic,6,0,,,,,,,
2026-08-14T23:58:29.202-07:00,,link_ack,inbound,get_commodity,ack,,link_layer,6,,,,,,,,
2026-08-14T23:58:29.370-07:00,,intermediate_response,inbound,get_commodity,success,,device_response,6,128,,,,,0,success,
2026-08-14T23:58:29.414-07:00,,query_completed,outbound,get_commodity,ok,,periodic,6,0,,,,,0,success,
2026-08-14T23:58:29.414-07:00,,query_sent,outbound,query_operational_state,pending,,periodic,18,0,,,,,,,
2026-08-14T23:58:29.576-07:00,,link_ack,inbound,query_operational_state,ack,,link_layer,18,,,,,,,,
2026-08-14T23:58:29.701-07:00,,operational_state,inbound,query_operational_state,received,,device_response,19,0,,,0,Idle Normal,,,
2026-08-14T23:58:29.742-07:00,,query_completed,outbound,query_operational_state,ok,,periodic,18,0,,,,,,,
2026-08-14T23:58:58.771-07:00,,query_sent,outbound,query_operational_state,pending,,periodic,18,0,,,,,,,
2026-08-14T23:58:58.860-07:00,,link_ack,inbound,query_operational_state,ack,,link_layer,18,,,,,,,,
2026-08-14T23:58:58.984-07:00,,operational_state,inbound,query_operational_state,received,,device_response,19,0,,,0,Idle Normal,,,
2026-08-14T23:58:59.025-07:00,,query_completed,outbound,query_operational_state,ok,,periodic,18,0,,,,,,,
2026-08-14T23:59:29.054-07:00,,query_sent,outbound,get_commodity,pending,,periodic,6,0,,,,,,,
2026-08-14T23:59:29.148-07:00,,link_ack,inbound,get_commodity,ack,,link_layer,6,,,,,,,,
2026-08-14T23:59:29.318-07:00,,intermediate_response,inbound,get_commodity,success,,device_response,6,128,,,,,0,success,
2026-08-14T23:59:29.362-07:00,,query_completed,outbound,get_commodity,ok,,periodic,6,0,,,,,0,success,
2026-08-14T23:59:29.362-07:00,,query_sent,outbound,query_operational_state,pending,,periodic,18,0,,,,,,,
2026-08-14T23:59:29.525-07:00,,link_ack,inbound,query_operational_state,ack,,link_layer,18,,,,,,,,
2026-08-14T23:59:29.650-07:00,,operational_state,inbound,query_operational_state,received,,device_response,19,0,,,0,Idle Normal,,,
2026-08-14T23:59:29.690-07:00,,query_completed,outbound,query_operational_state,ok,,periodic,18,0,,,,,,,
2026-08-14T23:59:58.719-07:00,,query_sent,outbound,query_operational_state,pending,,periodic,18,0,,,,,,,
2026-08-14T23:59:58.811-07:00,,link_ack,inbound,query_operational_state,ack,,link_layer,18,,,,,,,,
2026-08-14T23:59:58.934-07:00,,operational_state,inbound,query_operational_state,received,,device_response,19,0,,,0,Idle Normal,,,
2026-08-14T23:59:58.974-07:00,,query_completed,outbound,query_operational_state,ok,,periodic,18,0,,,,,,,
2026-08-15T00:00:29.000-07:00,,query_sent,outbound,get_commodity,pending,,periodic,6,0,,,,,,,
2026-08-15T00:00:29.093-07:00,,link_ack,inbound,get_commodity,ack,,link_layer,6,,,,,,,,
2026-08-15T00:00:29.262-07:00,,intermediate_response,inbound,get_commodity,success,,device_response,6,128,,,,,0,success,
2026-08-15T00:00:29.305-07:00,,query_completed,outbound,get_commodity,ok,,periodic,6,0,,,,,0,success,
2026-08-15T00:00:29.306-07:00,,query_sent,outbound,query_operational_state,pending,,periodic,18,0,,,,,,,
2026-08-15T00:00:29.468-07:00,,link_ack,inbound,query_operational_state,ack,,link_layer,18,,,,,,,,
2026-08-15T00:00:29.591-07:00,,operational_state,inbound,query_operational_state,received,,device_response,19,0,,,0,Idle Normal,,,
2026-08-15T00:00:29.632-07:00,,query_completed,outbound,query_operational_state,ok,,periodic,18,0,,,,,,,
2026-08-15T00:00:58.660-07:00,,query_sent,outbound,query_operational_state,pending,,periodic,18,0,,,,,,,
2026-08-15T00:00:58.750-07:00,,link_ack,inbound,query_operational_state,ack,,link_layer,18,,,,,,,,
2026-08-15T00:00:58.874-07:00,,operational_state,inbound,query_operational_state,received,,device_response,19,0,,,0,Idle Normal,,,
2026-08-15T00:00:58.915-07:00,,query_completed,outbound,query_operational_state,ok,,periodic,18,0,,,,,,,
2026-08-15T00:01:28.944-07:00,,query_sent,outbound,get_commodity,pending,,periodic,6,0,,,,,,,
2026-08-15T00:01:29.035-07:00,,link_ack,inbound,get_commodity,ack,,link_layer,6,,,,,,,,
2026-08-15T00:01:29.203-07:00,,intermediate_response,inbound,get_commodity,success,,device_response,6,128,,,,,0,success,
2026-08-15T00:01:29.247-07:00,,query_completed,outbound,get_commodity,ok,,periodic,6,0,,,,,0,success,
2026-08-15T00:01:29.247-07:00,,query_sent,outbound,query_operational_state,pending,,periodic,18,0,,,,,,,
2026-08-15T00:01:29.410-07:00,,link_ack,inbound,query_operational_state,ack,,link_layer,18,,,,,,,,
2026-08-15T00:01:29.534-07:00,,operational_state,inbound,query_operational_state,received,,device_response,19,0,,,0,Idle Normal,,,
2026-08-15T00:01:29.575-07:00,,query_completed,outbound,query_operational_state,ok,,periodic,18,0,,,,,,,
2026-08-15T00:01:58.602-07:00,,query_sent,outbound,query_operational_state,pending,,periodic,18,0,,,,,,,
2026-08-15T00:01:58.694-07:00,,link_ack,inbound,query_operational_state,ack,,link_layer,18,,,,,,,,
2026-08-15T00:01:58.817-07:00,,operational_state,inbound,query_operational_state,received,,device_response,19,0,,,0,Idle Normal,,,
2026-08-15T00:01:58.858-07:00,,query_completed,outbound,query_operational_state,ok,,periodic,18,0,,,,,,,
2026-08-15T00:02:28.887-07:00,,query_sent,outbound,get_commodity,pending,,periodic,6,0,,,,,,,
2026-08-15T00:02:28.982-07:00,,link_ack,inbound,get_commodity,ack,,link_layer,6,,,,,,,,
2026-08-15T00:02:29.150-07:00,,intermediate_response,inbound,get_commodity,success,,device_response,6,128,,,,,0,success,
2026-08-15T00:02:29.194-07:00,,query_completed,outbound,get_commodity,ok,,periodic,6,0,,,,,0,success,
2026-08-15T00:02:29.194-07:00,,query_sent,outbound,query_operational_state,pending,,periodic,18,0,,,,,,,
2026-08-15T00:02:29.356-07:00,,link_ack,inbound,query_operational_state,ack,,link_layer,18,,,,,,,,
2026-08-15T00:02:29.480-07:00,,operational_state,inbound,query_operational_state,received,,device_response,19,0,,,0,Idle Normal,,,
2026-08-15T00:02:29.521-07:00,,query_completed,outbound,query_operational_state,ok,,periodic,18,0,,,,,,,
2026-08-15T00:02:58.549-07:00,,query_sent,outbound,query_operational_state,pending,,periodic,18,0,,,,,,,
2026-08-15T00:02:58.641-07:00,,link_ack,inbound,query_operational_state,ack,,link_layer,18,,,,,,,,
2026-08-15T00:02:58.766-07:00,,operational_state,inbound,query_operational_state,received,,device_response,19,0,,,0,Idle Normal,,,
2026-08-15T00:02:58.806-07:00,,query_completed,outbound,query_operational_state,ok,,periodic,18,0,,,,,,,
2026-08-15T00:03:28.835-07:00,,query_sent,outbound,get_commodity,pending,,periodic,6,0,,,,,,,
2026-08-15T00:03:28.927-07:00,,link_ack,inbound,get_commodity,ack,,link_layer,6,,,,,,,,
2026-08-15T00:03:29.097-07:00,,intermediate_response,inbound,get_commodity,success,,device_response,6,128,,,,,0,success,
2026-08-15T00:03:29.141-07:00,,query_completed,outbound,get_commodity,ok,,periodic,6,0,,,,,0,success,
2026-08-15T00:03:29.141-07:00,,query_sent,outbound,query_operational_state,pending,,periodic,18,0,,,,,,,
2026-08-15T00:03:29.304-07:00,,link_ack,inbound,query_operational_state,ack,,link_layer,18,,,,,,,,
2026-08-15T00:03:29.428-07:00,,operational_state,inbound,query_operational_state,received,,device_response,19,0,,,0,Idle Normal,,,
2026-08-15T00:03:29.469-07:00,,query_completed,outbound,query_operational_state,ok,,periodic,18,0,,,,,,,
2026-08-15T00:03:58.497-07:00,,query_sent,outbound,query_operational_state,pending,,periodic,18,0,,,,,,,
2026-08-15T00:03:58.589-07:00,,link_ack,inbound,query_operational_state,ack,,link_layer,18,,,,,,,,
2026-08-15T00:03:58.712-07:00,,operational_state,inbound,query_operational_state,received,,device_response,19,0,,,0,Idle Normal,,,
2026-08-15T00:03:58.752-07:00,,query_completed,outbound,query_operational_state,ok,,periodic,18,0,,,,,,,
2026-08-15T00:04:28.782-07:00,,query_sent,outbound,get_commodity,pending,,periodic,6,0,,,,,,,
2026-08-15T00:04:28.873-07:00,,link_ack,inbound,get_commodity,ack,,link_layer,6,,,,,,,,
2026-08-15T00:04:29.041-07:00,,intermediate_response,inbound,get_commodity,success,,device_response,6,128,,,,,0,success,
2026-08-15T00:04:29.085-07:00,,query_completed,outbound,get_commodity,ok,,periodic,6,0,,,,,0,success,
2026-08-15T00:04:29.085-07:00,,query_sent,outbound,query_operational_state,pending,,periodic,18,0,,,,,,,
2026-08-15T00:04:29.247-07:00,,link_ack,inbound,query_operational_state,ack,,link_layer,18,,,,,,,,
2026-08-15T00:04:29.371-07:00,,operational_state,inbound,query_operational_state,received,,device_response,19,0,,,0,Idle Normal,,,
2026-08-15T00:04:29.411-07:00,,query_completed,outbound,query_operational_state,ok,,periodic,18,0,,,,,,,
2026-08-15T00:04:58.439-07:00,,query_sent,outbound,query_operational_state,pending,,periodic,18,0,,,,,,,
2026-08-15T00:04:58.529-07:00,,link_ack,inbound,query_operational_state,ack,,link_layer,18,,,,,,,,
2026-08-15T00:04:58.654-07:00,,operational_state,inbound,query_operational_state,received,,device_response,19,0,,,0,Idle Normal,,,
2026-08-15T00:04:58.694-07:00,,query_completed,outbound,query_operational_state,ok,,periodic,18,0,,,,,,,
2026-08-15T00:05:28.723-07:00,,query_sent,outbound,get_commodity,pending,,periodic,6,0,,,,,,,
2026-08-15T00:05:28.815-07:00,,link_ack,inbound,get_commodity,ack,,link_layer,6,,,,,,,,
2026-08-15T00:05:28.985-07:00,,intermediate_response,inbound,get_commodity,success,,device_response,6,128,,,,,0,success,
2026-08-15T00:05:29.029-07:00,,query_completed,outbound,get_commodity,ok,,periodic,6,0,,,,,0,success,
2026-08-15T00:05:29.029-07:00,,query_sent,outbound,query_operational_state,pending,,periodic,18,0,,,,,,,
2026-08-15T00:05:29.192-07:00,,link_ack,inbound,query_operational_state,ack,,link_layer,18,,,,,,,,
2026-08-15T00:05:29.316-07:00,,operational_state,inbound,query_operational_state,received,,device_response,19,0,,,0,Idle Normal,,,
2026-08-15T00:05:29.357-07:00,,query_completed,outbound,query_operational_state,ok,,periodic,18,0,,,,,,,
2026-08-15T00:05:58.385-07:00,,query_sent,outbound,query_operational_state,pending,,periodic,18,0,,,,,,,
2026-08-15T00:05:58.476-07:00,,link_ack,inbound,query_operational_state,ack,,link_layer,18,,,,,,,,
2026-08-15T00:05:58.599-07:00,,operational_state,inbound,query_operational_state,received,,device_response,19,0,,,0,Idle Normal,,,
2026-08-15T00:05:58.640-07:00,,query_completed,outbound,query_operational_state,ok,,periodic,18,0,,,,,,,
2026-08-15T00:06:28.669-07:00,,query_sent,outbound,get_commodity,pending,,periodic,6,0,,,,,,,
2026-08-15T00:06:28.762-07:00,,link_ack,inbound,get_commodity,ack,,link_layer,6,,,,,,,,
2026-08-15T00:06:28.930-07:00,,intermediate_response,inbound,get_commodity,success,,device_response,6,128,,,,,0,success,
2026-08-15T00:06:28.974-07:00,,query_completed,outbound,get_commodity,ok,,periodic,6,0,,,,,0,success,
2026-08-15T00:06:28.974-07:00,,query_sent,outbound,query_operational_state,pending,,periodic,18,0,,,,,,,
2026-08-15T00:06:29.137-07:00,,link_ack,inbound,query_operational_state,ack,,link_layer,18,,,,,,,,
2026-08-15T00:06:29.261-07:00,,operational_state,inbound,query_operational_state,received,,device_response,19,0,,,0,Idle Normal,,,
2026-08-15T00:06:29.301-07:00,,query_completed,outbound,query_operational_state,ok,,periodic,18,0,,,,,,,
2026-08-15T00:06:59.330-07:00,,query_sent,outbound,query_operational_state,pending,,periodic,18,0,,,,,,,
2026-08-15T00:06:59.426-07:00,,link_ack,inbound,query_operational_state,ack,,link_layer,18,,,,,,,,
2026-08-15T00:06:59.549-07:00,,operational_state,inbound,query_operational_state,received,,device_response,19,0,,,0,Idle Normal,,,
2026-08-15T00:06:59.589-07:00,,query_completed,outbound,query_operational_state,ok,,periodic,18,0,,,,,,,
2026-08-15T00:07:28.617-07:00,,query_sent,outbound,get_commodity,pending,,periodic,6,0,,,,,,,
2026-08-15T00:07:28.709-07:00,,link_ack,inbound,get_commodity,ack,,link_layer,6,,,,,,,,
2026-08-15T00:07:28.879-07:00,,intermediate_response,inbound,get_commodity,success,,device_response,6,128,,,,,0,success,
2026-08-15T00:07:28.923-07:00,,query_completed,outbound,get_commodity,ok,,periodic,6,0,,,,,0,success,
2026-08-15T00:07:28.923-07:00,,query_sent,outbound,query_operational_state,pending,,periodic,18,0,,,,,,,
2026-08-15T00:07:29.085-07:00,,link_ack,inbound,query_operational_state,ack,,link_layer,18,,,,,,,,
2026-08-15T00:07:29.209-07:00,,operational_state,inbound,query_operational_state,received,,device_response,19,0,,,0,Idle Normal,,,
2026-08-15T00:07:29.249-07:00,,query_completed,outbound,query_operational_state,ok,,periodic,18,0,,,,,,,
2026-08-15T00:07:59.278-07:00,,query_sent,outbound,query_operational_state,pending,,periodic,18,0,,,,,,,
2026-08-15T00:07:59.372-07:00,,link_ack,inbound,query_operational_state,ack,,link_layer,18,,,,,,,,
2026-08-15T00:07:59.496-07:00,,operational_state,inbound,query_operational_state,received,,device_response,19,0,,,0,Idle Normal,,,
2026-08-15T00:07:59.536-07:00,,query_completed,outbound,query_operational_state,ok,,periodic,18,0,,,,,,,
2026-08-15T00:08:28.564-07:00,,query_sent,outbound,get_commodity,pending,,periodic,6,0,,,,,,,
2026-08-15T00:08:28.654-07:00,,link_ack,inbound,get_commodity,ack,,link_layer,6,,,,,,,,
2026-08-15T00:08:28.823-07:00,,intermediate_response,inbound,get_commodity,success,,device_response,6,128,,,,,0,success,
2026-08-15T00:08:28.867-07:00,,query_completed,outbound,get_commodity,ok,,periodic,6,0,,,,,0,success,
2026-08-15T00:08:28.867-07:00,,query_sent,outbound,query_operational_state,pending,,periodic,18,0,,,,,,,
2026-08-15T00:08:29.029-07:00,,link_ack,inbound,query_operational_state,ack,,link_layer,18,,,,,,,,
2026-08-15T00:08:29.154-07:00,,operational_state,inbound,query_operational_state,received,,device_response,19,0,,,0,Idle Normal,,,
2026-08-15T00:08:29.195-07:00,,query_completed,outbound,query_operational_state,ok,,periodic,18,0,,,,,,,
2026-08-15T00:08:59.223-07:00,,query_sent,outbound,query_operational_state,pending,,periodic,18,0,,,,,,,
2026-08-15T00:08:59.316-07:00,,link_ack,inbound,query_operational_state,ack,,link_layer,18,,,,,,,,
2026-08-15T00:08:59.440-07:00,,operational_state,inbound,query_operational_state,received,,device_response,19,0,,,0,Idle Normal,,,
2026-08-15T00:08:59.481-07:00,,query_completed,outbound,query_operational_state,ok,,periodic,18,0,,,,,,,
2026-08-15T00:09:28.508-07:00,auto_outside_comm_heartbeat_08,command_sent,outbound,outside_communication1,pending,0,schedule,14,0,,,,,,,
2026-08-15T00:09:28.602-07:00,,link_ack,inbound,outside_communication,ack,,link_layer,14,,,,,,,,
2026-08-15T00:09:28.725-07:00,,application_ack,inbound,outside_communication,ack,,application_layer,3,14,,,,,,,
2026-08-15T00:09:28.765-07:00,auto_outside_comm_heartbeat_08,command_completed,outbound,outside_communication1,ok,0,schedule,14,0,,,,,,,
2026-08-15T00:09:28.767-07:00,,query_sent,outbound,get_commodity,pending,,periodic,6,0,,,,,,,
2026-08-15T00:09:28.927-07:00,,link_ack,inbound,get_commodity,ack,,link_layer,6,,,,,,,,
2026-08-15T00:09:29.096-07:00,,intermediate_response,inbound,get_commodity,success,,device_response,6,128,,,,,0,success,
2026-08-15T00:09:29.140-07:00,,query_completed,outbound,get_commodity,ok,,periodic,6,0,,,,,0,success,
2026-08-15T00:09:29.140-07:00,,query_sent,outbound,query_operational_state,pending,,periodic,18,0,,,,,,,
2026-08-15T00:09:29.303-07:00,,link_ack,inbound,query_operational_state,ack,,link_layer,18,,,,,,,,
2026-08-15T00:09:29.428-07:00,,operational_state,inbound,query_operational_state,received,,device_response,19,0,,,0,Idle Normal,,,
2026-08-15T00:09:29.468-07:00,,query_completed,outbound,query_operational_state,ok,,periodic,18,0,,,,,,,
2026-08-15T00:09:58.495-07:00,,query_sent,outbound,query_operational_state,pending,,periodic,18,0,,,,,,,
2026-08-15T00:09:58.588-07:00,,link_ack,inbound,query_operational_state,ack,,link_layer,18,,,,,,,,
2026-08-15T00:09:58.711-07:00,,operational_state,inbound,query_operational_state,received,,device_response,19,0,,,0,Idle Normal,,,
2026-08-15T00:09:58.752-07:00,,query_completed,outbound,query_operational_state,ok,,periodic,18,0,,,,,,,
2026-08-15T00:10:28.780-07:00,,query_sent,outbound,get_commodity,pending,,periodic,6,0,,,,,,,
2026-08-15T00:10:28.875-07:00,,link_ack,inbound,get_commodity,ack,,link_layer,6,,,,,,,,
2026-08-15T00:10:29.044-07:00,,intermediate_response,inbound,get_commodity,success,,device_response,6,128,,,,,0,success,
2026-08-15T00:10:29.087-07:00,,query_completed,outbound,get_commodity,ok,,periodic,6,0,,,,,0,success,
2026-08-15T00:10:29.087-07:00,,query_sent,outbound,query_operational_state,pending,,periodic,18,0,,,,,,,
2026-08-15T00:10:29.249-07:00,,link_ack,inbound,query_operational_state,ack,,link_layer,18,,,,,,,,
2026-08-15T00:10:29.374-07:00,,operational_state,inbound,query_operational_state,received,,device_response,19,0,,,0,Idle Normal,,,
2026-08-15T00:10:29.415-07:00,,query_completed,outbound,query_operational_state,ok,,periodic,18,0,,,,,,,
2026-08-15T00:10:58.441-07:00,,query_sent,outbound,query_operational_state,pending,,periodic,18,0,,,,,,,
2026-08-15T00:10:58.533-07:00,,link_ack,inbound,query_operational_state,ack,,link_layer,18,,,,,,,,
2026-08-15T00:10:58.656-07:00,,operational_state,inbound,query_operational_state,received,,device_response,19,0,,,0,Idle Normal,,,
2026-08-15T00:10:58.697-07:00,,query_completed,outbound,query_operational_state,ok,,periodic,18,0,,,,,,,
2026-08-15T00:11:28.724-07:00,,query_sent,outbound,get_commodity,pending,,periodic,6,0,,,,,,,
2026-08-15T00:11:28.819-07:00,,link_ack,inbound,get_commodity,ack,,link_layer,6,,,,,,,,
2026-08-15T00:11:28.988-07:00,,intermediate_response,inbound,get_commodity,success,,device_response,6,128,,,,,0,success,
2026-08-15T00:11:29.031-07:00,,query_completed,outbound,get_commodity,ok,,periodic,6,0,,,,,0,success,
2026-08-15T00:11:29.031-07:00,,query_sent,outbound,query_operational_state,pending,,periodic,18,0,,,,,,,
2026-08-15T00:11:29.193-07:00,,link_ack,inbound,query_operational_state,ack,,link_layer,18,,,,,,,,
2026-08-15T00:11:29.317-07:00,,operational_state,inbound,query_operational_state,received,,device_response,19,0,,,0,Idle Normal,,,
2026-08-15T00:11:29.358-07:00,,query_completed,outbound,query_operational_state,ok,,periodic,18,0,,,,,,,
2026-08-15T00:11:58.384-07:00,,query_sent,outbound,query_operational_state,pending,,periodic,18,0,,,,,,,
2026-08-15T00:11:58.477-07:00,,link_ack,inbound,query_operational_state,ack,,link_layer,18,,,,,,,,
2026-08-15T00:11:58.601-07:00,,operational_state,inbound,query_operational_state,received,,device_response,19,0,,,0,Idle Normal,,,
2026-08-15T00:11:58.641-07:00,,query_completed,outbound,query_operational_state,ok,,periodic,18,0,,,,,,,
2026-08-15T00:12:28.668-07:00,,query_sent,outbound,get_commodity,pending,,periodic,6,0,,,,,,,
2026-08-15T00:12:28.764-07:00,,link_ack,inbound,get_commodity,ack,,link_layer,6,,,,,,,,
2026-08-15T00:12:28.933-07:00,,intermediate_response,inbound,get_commodity,success,,device_response,6,128,,,,,0,success,
2026-08-15T00:12:28.976-07:00,,query_completed,outbound,get_commodity,ok,,periodic,6,0,,,,,0,success,
2026-08-15T00:12:28.977-07:00,,query_sent,outbound,query_operational_state,pending,,periodic,18,0,,,,,,,
2026-08-15T00:12:29.138-07:00,,link_ack,inbound,query_operational_state,ack,,link_layer,18,,,,,,,,
2026-08-15T00:12:29.262-07:00,,operational_state,inbound,query_operational_state,received,,device_response,19,0,,,0,Idle Normal,,,
2026-08-15T00:12:29.302-07:00,,query_completed,outbound,query_operational_state,ok,,periodic,18,0,,,,,,,
2026-08-15T00:12:59.330-07:00,,query_sent,outbound,query_operational_state,pending,,periodic,18,0,,,,,,,
2026-08-15T00:12:59.424-07:00,,link_ack,inbound,query_operational_state,ack,,link_layer,18,,,,,,,,
2026-08-15T00:12:59.548-07:00,,operational_state,inbound,query_operational_state,received,,device_response,19,0,,,0,Idle Normal,,,
2026-08-15T00:12:59.588-07:00,,query_completed,outbound,query_operational_state,ok,,periodic,18,0,,,,,,,
2026-08-15T00:13:28.615-07:00,,query_sent,outbound,get_commodity,pending,,periodic,6,0,,,,,,,
2026-08-15T00:13:28.710-07:00,,link_ack,inbound,get_commodity,ack,,link_layer,6,,,,,,,,
2026-08-15T00:13:28.879-07:00,,intermediate_response,inbound,get_commodity,success,,device_response,6,128,,,,,0,success,
2026-08-15T00:13:28.922-07:00,,query_completed,outbound,get_commodity,ok,,periodic,6,0,,,,,0,success,
2026-08-15T00:13:28.922-07:00,,query_sent,outbound,query_operational_state,pending,,periodic,18,0,,,,,,,
2026-08-15T00:13:29.084-07:00,,link_ack,inbound,query_operational_state,ack,,link_layer,18,,,,,,,,
2026-08-15T00:13:29.208-07:00,,operational_state,inbound,query_operational_state,received,,device_response,19,0,,,0,Idle Normal,,,
2026-08-15T00:13:29.248-07:00,,query_completed,outbound,query_operational_state,ok,,periodic,18,0,,,,,,,
2026-08-15T00:13:59.276-07:00,,query_sent,outbound,query_operational_state,pending,,periodic,18,0,,,,,,,
2026-08-15T00:13:59.372-07:00,,link_ack,inbound,query_operational_state,ack,,link_layer,18,,,,,,,,
2026-08-15T00:13:59.494-07:00,,operational_state,inbound,query_operational_state,received,,device_response,19,0,,,0,Idle Normal,,,
2026-08-15T00:13:59.535-07:00,,query_completed,outbound,query_operational_state,ok,,periodic,18,0,,,,,,,
2026-08-15T00:14:28.562-07:00,,query_sent,outbound,get_commodity,pending,,periodic,6,0,,,,,,,
2026-08-15T00:14:28.654-07:00,,link_ack,inbound,get_commodity,ack,,link_layer,6,,,,,,,,
2026-08-15T00:14:28.825-07:00,,intermediate_response,inbound,get_commodity,success,,device_response,6,128,,,,,0,success,
2026-08-15T00:14:28.868-07:00,,query_completed,outbound,get_commodity,ok,,periodic,6,0,,,,,0,success,
2026-08-15T00:14:28.869-07:00,,query_sent,outbound,query_operational_state,pending,,periodic,18,0,,,,,,,
2026-08-15T00:14:29.032-07:00,,link_ack,inbound,query_operational_state,ack,,link_layer,18,,,,,,,,
2026-08-15T00:14:29.156-07:00,,operational_state,inbound,query_operational_state,received,,device_response,19,0,,,0,Idle Normal,,,
2026-08-15T00:14:29.197-07:00,,query_completed,outbound,query_operational_state,ok,,periodic,18,0,,,,,,,
2026-08-15T00:14:59.225-07:00,,query_sent,outbound,query_operational_state,pending,,periodic,18,0,,,,,,,
2026-08-15T00:14:59.318-07:00,,link_ack,inbound,query_operational_state,ack,,link_layer,18,,,,,,,,
2026-08-15T00:14:59.441-07:00,,operational_state,inbound,query_operational_state,received,,device_response,19,0,,,0,Idle Normal,,,
2026-08-15T00:14:59.482-07:00,,query_completed,outbound,query_operational_state,ok,,periodic,18,0,,,,,,,
2026-08-15T00:15:28.509-07:00,,query_sent,outbound,get_commodity,pending,,periodic,6,0,,,,,,,
2026-08-15T00:15:28.604-07:00,,link_ack,inbound,get_commodity,ack,,link_layer,6,,,,,,,,
2026-08-15T00:15:28.772-07:00,,intermediate_response,inbound,get_commodity,success,,device_response,6,128,,,,,0,success,
2026-08-15T00:15:28.815-07:00,,query_completed,outbound,get_commodity,ok,,periodic,6,0,,,,,0,success,
2026-08-15T00:15:28.816-07:00,,query_sent,outbound,query_operational_state,pending,,periodic,18,0,,,,,,,
2026-08-15T00:15:28.978-07:00,,link_ack,inbound,query_operational_state,ack,,link_layer,18,,,,,,,,
2026-08-15T00:15:29.102-07:00,,operational_state,inbound,query_operational_state,received,,device_response,19,0,,,0,Idle Normal,,,
2026-08-15T00:15:29.143-07:00,,query_completed,outbound,query_operational_state,ok,,periodic,18,0,,,,,,,
2026-08-15T00:15:59.170-07:00,,query_sent,outbound,query_operational_state,pending,,periodic,18,0,,,,,,,
2026-08-15T00:15:59.265-07:00,,link_ack,inbound,query_operational_state,ack,,link_layer,18,,,,,,,,
2026-08-15T00:15:59.390-07:00,,operational_state,inbound,query_operational_state,received,,device_response,19,0,,,0,Idle Normal,,,
2026-08-15T00:15:59.430-07:00,,query_completed,outbound,query_operational_state,ok,,periodic,18,0,,,,,,,
2026-08-15T00:16:28.458-07:00,,query_sent,outbound,get_commodity,pending,,periodic,6,0,,,,,,,
2026-08-15T00:16:28.552-07:00,,link_ack,inbound,get_commodity,ack,,link_layer,6,,,,,,,,
2026-08-15T00:16:28.721-07:00,,intermediate_response,inbound,get_commodity,success,,device_response,6,128,,,,,0,success,
2026-08-15T00:16:28.764-07:00,,query_completed,outbound,get_commodity,ok,,periodic,6,0,,,,,0,success,
2026-08-15T00:16:28.764-07:00,,query_sent,outbound,query_operational_state,pending,,periodic,18,0,,,,,,,
2026-08-15T00:16:28.926-07:00,,link_ack,inbound,query_operational_state,ack,,link_layer,18,,,,,,,,
2026-08-15T00:16:29.050-07:00,,operational_state,inbound,query_operational_state,received,,device_response,19,0,,,0,Idle Normal,,,
2026-08-15T00:16:29.091-07:00,,query_completed,outbound,query_operational_state,ok,,periodic,18,0,,,,,,,
2026-08-15T00:16:59.119-07:00,,query_sent,outbound,query_operational_state,pending,,periodic,18,0,,,,,,,
2026-08-15T00:16:59.209-07:00,,link_ack,inbound,query_operational_state,ack,,link_layer,18,,,,,,,,
2026-08-15T00:16:59.333-07:00,,operational_state,inbound,query_operational_state,received,,device_response,19,0,,,0,Idle Normal,,,
2026-08-15T00:16:59.373-07:00,,query_completed,outbound,query_operational_state,ok,,periodic,18,0,,,,,,,
2026-08-15T00:17:28.400-07:00,,query_sent,outbound,get_commodity,pending,,periodic,6,0,,,,,,,
2026-08-15T00:17:28.492-07:00,,link_ack,inbound,get_commodity,ack,,link_layer,6,,,,,,,,
2026-08-15T00:17:28.660-07:00,,intermediate_response,inbound,get_commodity,success,,device_response,6,128,,,,,0,success,
2026-08-15T00:17:28.704-07:00,,query_completed,outbound,get_commodity,ok,,periodic,6,0,,,,,0,success,
2026-08-15T00:17:28.704-07:00,,query_sent,outbound,query_operational_state,pending,,periodic,18,0,,,,,,,
2026-08-15T00:17:28.866-07:00,,link_ack,inbound,query_operational_state,ack,,link_layer,18,,,,,,,,
2026-08-15T00:17:28.989-07:00,,operational_state,inbound,query_operational_state,received,,device_response,19,0,,,0,Idle Normal,,,
2026-08-15T00:17:29.030-07:00,,query_completed,outbound,query_operational_state,ok,,periodic,18,0,,,,,,,
2026-08-15T00:17:59.058-07:00,,query_sent,outbound,query_operational_state,pending,,periodic,18,0,,,,,,,
2026-08-15T00:17:59.152-07:00,,link_ack,inbound,query_operational_state,ack,,link_layer,18,,,,,,,,
2026-08-15T00:17:59.275-07:00,,operational_state,inbound,query_operational_state,received,,device_response,19,0,,,0,Idle Normal,,,
2026-08-15T00:17:59.316-07:00,,query_completed,outbound,query_operational_state,ok,,periodic,18,0,,,,,,,
2026-08-15T00:18:29.344-07:00,,query_sent,outbound,get_commodity,pending,,periodic,6,0,,,,,,,
2026-08-15T00:18:29.437-07:00,,link_ack,inbound,get_commodity,ack,,link_layer,6,,,,,,,,
2026-08-15T00:18:29.606-07:00,,intermediate_response,inbound,get_commodity,success,,device_response,6,128,,,,,0,success,
2026-08-15T00:18:29.650-07:00,,query_completed,outbound,get_commodity,ok,,periodic,6,0,,,,,0,success,
2026-08-15T00:18:29.650-07:00,,query_sent,outbound,query_operational_state,pending,,periodic,18,0,,,,,,,
2026-08-15T00:18:29.812-07:00,,link_ack,inbound,query_operational_state,ack,,link_layer,18,,,,,,,,
2026-08-15T00:18:29.935-07:00,,operational_state,inbound,query_operational_state,received,,device_response,19,0,,,0,Idle Normal,,,
2026-08-15T00:18:29.976-07:00,,query_completed,outbound,query_operational_state,ok,,periodic,18,0,,,,,,,
2026-08-15T00:18:59.004-07:00,,query_sent,outbound,query_operational_state,pending,,periodic,18,0,,,,,,,
2026-08-15T00:18:59.094-07:00,,link_ack,inbound,query_operational_state,ack,,link_layer,18,,,,,,,,
2026-08-15T00:18:59.218-07:00,,operational_state,inbound,query_operational_state,received,,device_response,19,0,,,0,Idle Normal,,,
2026-08-15T00:18:59.258-07:00,,query_completed,outbound,query_operational_state,ok,,periodic,18,0,,,,,,,
2026-08-15T00:19:29.287-07:00,,query_sent,outbound,get_commodity,pending,,periodic,6,0,,,,,,,
2026-08-15T00:19:29.379-07:00,,link_ack,inbound,get_commodity,ack,,link_layer,6,,,,,,,,
2026-08-15T00:19:29.548-07:00,,intermediate_response,inbound,get_commodity,success,,device_response,6,128,,,,,0,success,
2026-08-15T00:19:29.591-07:00,,query_completed,outbound,get_commodity,ok,,periodic,6,0,,,,,0,success,
2026-08-15T00:19:29.592-07:00,,query_sent,outbound,query_operational_state,pending,,periodic,18,0,,,,,,,
2026-08-15T00:19:29.753-07:00,,link_ack,inbound,query_operational_state,ack,,link_layer,18,,,,,,,,
2026-08-15T00:19:29.878-07:00,,operational_state,inbound,query_operational_state,received,,device_response,19,0,,,0,Idle Normal,,,
2026-08-15T00:19:29.919-07:00,,query_completed,outbound,query_operational_state,ok,,periodic,18,0,,,,,,,
2026-08-15T00:19:58.946-07:00,,query_sent,outbound,query_operational_state,pending,,periodic,18,0,,,,,,,
2026-08-15T00:19:59.037-07:00,,link_ack,inbound,query_operational_state,ack,,link_layer,18,,,,,,,,
2026-08-15T00:19:59.160-07:00,,operational_state,inbound,query_operational_state,received,,device_response,19,0,,,0,Idle Normal,,,
2026-08-15T00:19:59.201-07:00,,query_completed,outbound,query_operational_state,ok,,periodic,18,0,,,,,,,
2026-08-15T00:20:29.229-07:00,,query_sent,outbound,get_commodity,pending,,periodic,6,0,,,,,,,
2026-08-15T00:20:29.322-07:00,,link_ack,inbound,get_commodity,ack,,link_layer,6,,,,,,,,
2026-08-15T00:20:29.493-07:00,,intermediate_response,inbound,get_commodity,success,,device_response,6,128,,,,,0,success,
2026-08-15T00:20:29.536-07:00,,query_completed,outbound,get_commodity,ok,,periodic,6,0,,,,,0,success,
2026-08-15T00:20:29.537-07:00,,query_sent,outbound,query_operational_state,pending,,periodic,18,0,,,,,,,
2026-08-15T00:20:29.698-07:00,,link_ack,inbound,query_operational_state,ack,,link_layer,18,,,,,,,,
2026-08-15T00:20:29.821-07:00,,operational_state,inbound,query_operational_state,received,,device_response,19,0,,,0,Idle Normal,,,
2026-08-15T00:20:29.862-07:00,,query_completed,outbound,query_operational_state,ok,,periodic,18,0,,,,,,,
2026-08-15T00:20:58.889-07:00,,query_sent,outbound,query_operational_state,pending,,periodic,18,0,,,,,,,
2026-08-15T00:20:58.981-07:00,,link_ack,inbound,query_operational_state,ack,,link_layer,18,,,,,,,,
2026-08-15T00:20:59.105-07:00,,operational_state,inbound,query_operational_state,received,,device_response,19,0,,,0,Idle Normal,,,
2026-08-15T00:20:59.145-07:00,,query_completed,outbound,query_operational_state,ok,,periodic,18,0,,,,,,,
2026-08-15T00:21:29.173-07:00,,query_sent,outbound,get_commodity,pending,,periodic,6,0,,,,,,,
2026-08-15T00:21:29.266-07:00,,link_ack,inbound,get_commodity,ack,,link_layer,6,,,,,,,,
2026-08-15T00:21:29.435-07:00,,intermediate_response,inbound,get_commodity,success,,device_response,6,128,,,,,0,success,
2026-08-15T00:21:29.479-07:00,,query_completed,outbound,get_commodity,ok,,periodic,6,0,,,,,0,success,
2026-08-15T00:21:29.479-07:00,,query_sent,outbound,query_operational_state,pending,,periodic,18,0,,,,,,,
2026-08-15T00:21:29.641-07:00,,link_ack,inbound,query_operational_state,ack,,link_layer,18,,,,,,,,
2026-08-15T00:21:29.765-07:00,,operational_state,inbound,query_operational_state,received,,device_response,19,0,,,0,Idle Normal,,,
2026-08-15T00:21:29.806-07:00,,query_completed,outbound,query_operational_state,ok,,periodic,18,0,,,,,,,
2026-08-15T00:21:58.833-07:00,,query_sent,outbound,query_operational_state,pending,,periodic,18,0,,,,,,,
2026-08-15T00:21:58.927-07:00,,link_ack,inbound,query_operational_state,ack,,link_layer,18,,,,,,,,
2026-08-15T00:21:59.050-07:00,,operational_state,inbound,query_operational_state,received,,device_response,19,0,,,0,Idle Normal,,,
2026-08-15T00:21:59.091-07:00,,query_completed,outbound,query_operational_state,ok,,periodic,18,0,,,,,,,
2026-08-15T00:22:29.119-07:00,,query_sent,outbound,get_commodity,pending,,periodic,6,0,,,,,,,
2026-08-15T00:22:29.214-07:00,,link_ack,inbound,get_commodity,ack,,link_layer,6,,,,,,,,
2026-08-15T00:22:29.383-07:00,,intermediate_response,inbound,get_commodity,success,,device_response,6,128,,,,,0,success,
2026-08-15T00:22:29.427-07:00,,query_completed,outbound,get_commodity,ok,,periodic,6,0,,,,,0,success,
2026-08-15T00:22:29.427-07:00,,query_sent,outbound,query_operational_state,pending,,periodic,18,0,,,,,,,
2026-08-15T00:22:29.589-07:00,,link_ack,inbound,query_operational_state,ack,,link_layer,18,,,,,,,,
2026-08-15T00:22:29.712-07:00,,operational_state,inbound,query_operational_state,received,,device_response,19,0,,,0,Idle Normal,,,
2026-08-15T00:22:29.753-07:00,,query_completed,outbound,query_operational_state,ok,,periodic,18,0,,,,,,,
2026-08-15T00:22:58.780-07:00,auto_outside_comm_heartbeat_09,command_sent,outbound,outside_communication1,pending,0,schedule,14,0,,,,,,,
2026-08-15T00:22:58.870-07:00,,link_ack,inbound,outside_communication,ack,,link_layer,14,,,,,,,,
2026-08-15T00:22:58.994-07:00,,application_ack,inbound,outside_communication,ack,,application_layer,3,14,,,,,,,
2026-08-15T00:22:59.035-07:00,auto_outside_comm_heartbeat_09,command_completed,outbound,outside_communication1,ok,0,schedule,14,0,,,,,,,
2026-08-15T00:22:59.037-07:00,,query_sent,outbound,query_operational_state,pending,,periodic,18,0,,,,,,,
2026-08-15T00:22:59.199-07:00,,link_ack,inbound,query_operational_state,ack,,link_layer,18,,,,,,,,
2026-08-15T00:22:59.322-07:00,,operational_state,inbound,query_operational_state,received,,device_response,19,0,,,0,Idle Normal,,,
2026-08-15T00:22:59.363-07:00,,query_completed,outbound,query_operational_state,ok,,periodic,18,0,,,,,,,
2026-08-15T00:23:28.389-07:00,,query_sent,outbound,get_commodity,pending,,periodic,6,0,,,,,,,
2026-08-15T00:23:28.484-07:00,,link_ack,inbound,get_commodity,ack,,link_layer,6,,,,,,,,
2026-08-15T00:23:28.653-07:00,,intermediate_response,inbound,get_commodity,success,,device_response,6,128,,,,,0,success,
2026-08-15T00:23:28.696-07:00,,query_completed,outbound,get_commodity,ok,,periodic,6,0,,,,,0,success,
2026-08-15T00:23:28.696-07:00,,query_sent,outbound,query_operational_state,pending,,periodic,18,0,,,,,,,
2026-08-15T00:23:28.858-07:00,,link_ack,inbound,query_operational_state,ack,,link_layer,18,,,,,,,,
2026-08-15T00:23:28.982-07:00,,operational_state,inbound,query_operational_state,received,,device_response,19,0,,,0,Idle Normal,,,
2026-08-15T00:23:29.022-07:00,,query_completed,outbound,query_operational_state,ok,,periodic,18,0,,,,,,,
2026-08-15T00:23:59.050-07:00,,query_sent,outbound,query_operational_state,pending,,periodic,18,0,,,,,,,
2026-08-15T00:23:59.146-07:00,,link_ack,inbound,query_operational_state,ack,,link_layer,18,,,,,,,,
2026-08-15T00:23:59.269-07:00,,operational_state,inbound,query_operational_state,received,,device_response,19,0,,,0,Idle Normal,,,
2026-08-15T00:23:59.310-07:00,,query_completed,outbound,query_operational_state,ok,,periodic,18,0,,,,,,,
2026-08-15T00:24:29.337-07:00,,query_sent,outbound,get_commodity,pending,,periodic,6,0,,,,,,,
2026-08-15T00:24:29.432-07:00,,link_ack,inbound,get_commodity,ack,,link_layer,6,,,,,,,,
2026-08-15T00:24:29.600-07:00,,intermediate_response,inbound,get_commodity,success,,device_response,6,128,,,,,0,success,
2026-08-15T00:24:29.644-07:00,,query_completed,outbound,get_commodity,ok,,periodic,6,0,,,,,0,success,
2026-08-15T00:24:29.644-07:00,,query_sent,outbound,query_operational_state,pending,,periodic,18,0,,,,,,,
2026-08-15T00:24:29.807-07:00,,link_ack,inbound,query_operational_state,ack,,link_layer,18,,,,,,,,
2026-08-15T00:24:29.931-07:00,,operational_state,inbound,query_operational_state,received,,device_response,19,0,,,0,Idle Normal,,,
2026-08-15T00:24:29.972-07:00,,query_completed,outbound,query_operational_state,ok,,periodic,18,0,,,,,,,
2026-08-15T00:24:58.999-07:00,,query_sent,outbound,query_operational_state,pending,,periodic,18,0,,,,,,,
2026-08-15T00:24:59.091-07:00,,link_ack,inbound,query_operational_state,ack,,link_layer,18,,,,,,,,
2026-08-15T00:24:59.214-07:00,,operational_state,inbound,query_operational_state,received,,device_response,19,0,,,0,Idle Normal,,,
2026-08-15T00:24:59.254-07:00,,query_completed,outbound,query_operational_state,ok,,periodic,18,0,,,,,,,
2026-08-15T00:25:29.282-07:00,,query_sent,outbound,get_commodity,pending,,periodic,6,0,,,,,,,
2026-08-15T00:25:29.374-07:00,,link_ack,inbound,get_commodity,ack,,link_layer,6,,,,,,,,
2026-08-15T00:25:29.542-07:00,,intermediate_response,inbound,get_commodity,success,,device_response,6,128,,,,,0,success,
2026-08-15T00:25:29.586-07:00,,query_completed,outbound,get_commodity,ok,,periodic,6,0,,,,,0,success,
2026-08-15T00:25:29.586-07:00,,query_sent,outbound,query_operational_state,pending,,periodic,18,0,,,,,,,
2026-08-15T00:25:29.748-07:00,,link_ack,inbound,query_operational_state,ack,,link_layer,18,,,,,,,,
2026-08-15T00:25:29.872-07:00,,operational_state,inbound,query_operational_state,received,,device_response,19,0,,,0,Idle Normal,,,
2026-08-15T00:25:29.912-07:00,,query_completed,outbound,query_operational_state,ok,,periodic,18,0,,,,,,,
2026-08-15T00:25:58.939-07:00,,query_sent,outbound,query_operational_state,pending,,periodic,18,0,,,,,,,
2026-08-15T00:25:59.034-07:00,,link_ack,inbound,query_operational_state,ack,,link_layer,18,,,,,,,,
2026-08-15T00:25:59.157-07:00,,operational_state,inbound,query_operational_state,received,,device_response,19,0,,,0,Idle Normal,,,
2026-08-15T00:25:59.198-07:00,,query_completed,outbound,query_operational_state,ok,,periodic,18,0,,,,,,,
2026-08-15T00:26:29.225-07:00,,query_sent,outbound,get_commodity,pending,,periodic,6,0,,,,,,,
2026-08-15T00:26:29.321-07:00,,link_ack,inbound,get_commodity,ack,,link_layer,6,,,,,,,,
2026-08-15T00:26:29.490-07:00,,intermediate_response,inbound,get_commodity,success,,device_response,6,128,,,,,0,success,
2026-08-15T00:26:29.534-07:00,,query_completed,outbound,get_commodity,ok,,periodic,6,0,,,,,0,success,
2026-08-15T00:26:29.534-07:00,,query_sent,outbound,query_operational_state,pending,,periodic,18,0,,,,,,,
2026-08-15T00:26:29.696-07:00,,link_ack,inbound,query_operational_state,ack,,link_layer,18,,,,,,,,
2026-08-15T00:26:29.819-07:00,,operational_state,inbound,query_operational_state,received,,device_response,19,0,,,0,Idle Normal,,,
2026-08-15T00:26:29.860-07:00,,query_completed,outbound,query_operational_state,ok,,periodic,18,0,,,,,,,
2026-08-15T00:26:58.887-07:00,,query_sent,outbound,query_operational_state,pending,,periodic,18,0,,,,,,,
2026-08-15T00:26:58.979-07:00,,link_ack,inbound,query_operational_state,ack,,link_layer,18,,,,,,,,
2026-08-15T00:26:59.102-07:00,,operational_state,inbound,query_operational_state,received,,device_response,19,0,,,0,Idle Normal,,,
2026-08-15T00:26:59.143-07:00,,query_completed,outbound,query_operational_state,ok,,periodic,18,0,,,,,,,
2026-08-15T00:27:29.171-07:00,,query_sent,outbound,get_commodity,pending,,periodic,6,0,,,,,,,
2026-08-15T00:27:29.263-07:00,,link_ack,inbound,get_commodity,ack,,link_layer,6,,,,,,,,
2026-08-15T00:27:29.432-07:00,,intermediate_response,inbound,get_commodity,success,,device_response,6,128,,,,,0,success,
2026-08-15T00:27:29.476-07:00,,query_completed,outbound,get_commodity,ok,,periodic,6,0,,,,,0,success,
2026-08-15T00:27:29.476-07:00,,query_sent,outbound,query_operational_state,pending,,periodic,18,0,,,,,,,
2026-08-15T00:27:29.638-07:00,,link_ack,inbound,query_operational_state,ack,,link_layer,18,,,,,,,,
2026-08-15T00:27:29.761-07:00,,operational_state,inbound,query_operational_state,received,,device_response,19,0,,,0,Idle Normal,,,
2026-08-15T00:27:29.802-07:00,,query_completed,outbound,query_operational_state,ok,,periodic,18,0,,,,,,,
2026-08-15T00:27:58.829-07:00,,query_sent,outbound,query_operational_state,pending,,periodic,18,0,,,,,,,
2026-08-15T00:27:58.919-07:00,,link_ack,inbound,query_operational_state,ack,,link_layer,18,,,,,,,,
2026-08-15T00:27:59.043-07:00,,operational_state,inbound,query_operational_state,received,,device_response,19,0,,,0,Idle Normal,,,
2026-08-15T00:27:59.084-07:00,,query_completed,outbound,query_operational_state,ok,,periodic,18,0,,,,,,,
2026-08-15T00:28:29.111-07:00,,query_sent,outbound,get_commodity,pending,,periodic,6,0,,,,,,,
2026-08-15T00:28:29.205-07:00,,link_ack,inbound,get_commodity,ack,,link_layer,6,,,,,,,,
2026-08-15T00:28:29.375-07:00,,intermediate_response,inbound,get_commodity,success,,device_response,6,128,,,,,0,success,
2026-08-15T00:28:29.419-07:00,,query_completed,outbound,get_commodity,ok,,periodic,6,0,,,,,0,success,
2026-08-15T00:28:29.419-07:00,,query_sent,outbound,query_operational_state,pending,,periodic,18,0,,,,,,,
2026-08-15T00:28:29.581-07:00,,link_ack,inbound,query_operational_state,ack,,link_layer,18,,,,,,,,
2026-08-15T00:28:29.705-07:00,,operational_state,inbound,query_operational_state,received,,device_response,19,0,,,0,Idle Normal,,,
2026-08-15T00:28:29.745-07:00,,query_completed,outbound,query_operational_state,ok,,periodic,18,0,,,,,,,
2026-08-15T00:28:58.772-07:00,,query_sent,outbound,query_operational_state,pending,,periodic,18,0,,,,,,,
2026-08-15T00:28:58.866-07:00,,link_ack,inbound,query_operational_state,ack,,link_layer,18,,,,,,,,
2026-08-15T00:28:58.989-07:00,,operational_state,inbound,query_operational_state,received,,device_response,19,0,,,0,Idle Normal,,,
2026-08-15T00:28:59.029-07:00,,query_completed,outbound,query_operational_state,ok,,periodic,18,0,,,,,,,
2026-08-15T00:29:29.056-07:00,,query_sent,outbound,get_commodity,pending,,periodic,6,0,,,,,,,
2026-08-15T00:29:29.148-07:00,,link_ack,inbound,get_commodity,ack,,link_layer,6,,,,,,,,
2026-08-15T00:29:29.317-07:00,,intermediate_response,inbound,get_commodity,success,,device_response,6,128,,,,,0,success,
2026-08-15T00:29:29.360-07:00,,query_completed,outbound,get_commodity,ok,,periodic,6,0,,,,,0,success,
2026-08-15T00:29:29.361-07:00,,query_sent,outbound,query_operational_state,pending,,periodic,18,0,,,,,,,
2026-08-15T00:29:29.522-07:00,,link_ack,inbound,query_operational_state,ack,,link_layer,18,,,,,,,,
2026-08-15T00:29:29.646-07:00,,operational_state,inbound,query_operational_state,received,,device_response,19,0,,,0,Idle Normal,,,
2026-08-15T00:29:29.687-07:00,,query_completed,outbound,query_operational_state,ok,,periodic,18,0,,,,,,,
2026-08-15T00:29:58.713-07:00,,query_sent,outbound,query_operational_state,pending,,periodic,18,0,,,,,,,
2026-08-15T00:29:58.807-07:00,,link_ack,inbound,query_operational_state,ack,,link_layer,18,,,,,,,,
2026-08-15T00:29:58.931-07:00,,operational_state,inbound,query_operational_state,received,,device_response,19,0,,,0,Idle Normal,,,
2026-08-15T00:29:58.971-07:00,,query_completed,outbound,query_operational_state,ok,,periodic,18,0,,,,,,,
2026-08-15T00:30:28.998-07:00,,query_sent,outbound,get_commodity,pending,,periodic,6,0,,,,,,,
2026-08-15T00:30:29.094-07:00,,link_ack,inbound,get_commodity,ack,,link_layer,6,,,,,,,,
2026-08-15T00:30:29.262-07:00,,intermediate_response,inbound,get_commodity,success,,device_response,6,128,,,,,0,success,
2026-08-15T00:30:29.305-07:00,,query_completed,outbound,get_commodity,ok,,periodic,6,0,,,,,0,success,
2026-08-15T00:30:29.306-07:00,,query_sent,outbound,query_operational_state,pending,,periodic,18,0,,,,,,,
2026-08-15T00:30:29.468-07:00,,link_ack,inbound,query_operational_state,ack,,link_layer,18,,,,,,,,
2026-08-15T00:30:29.592-07:00,,operational_state,inbound,query_operational_state,received,,device_response,19,0,,,0,Idle Normal,,,
2026-08-15T00:30:29.633-07:00,,query_completed,outbound,query_operational_state,ok,,periodic,18,0,,,,,,,
2026-08-15T00:30:58.659-07:00,,query_sent,outbound,query_operational_state,pending,,periodic,18,0,,,,,,,
2026-08-15T00:30:58.751-07:00,,link_ack,inbound,query_operational_state,ack,,link_layer,18,,,,,,,,
2026-08-15T00:30:58.876-07:00,,operational_state,inbound,query_operational_state,received,,device_response,19,0,,,0,Idle Normal,,,
2026-08-15T00:30:58.917-07:00,,query_completed,outbound,query_operational_state,ok,,periodic,18,0,,,,,,,
2026-08-15T00:31:28.944-07:00,,query_sent,outbound,get_commodity,pending,,periodic,6,0,,,,,,,
2026-08-15T00:31:29.038-07:00,,link_ack,inbound,get_commodity,ack,,link_layer,6,,,,,,,,
2026-08-15T00:31:29.206-07:00,,intermediate_response,inbound,get_commodity,success,,device_response,6,128,,,,,0,success,
2026-08-15T00:31:29.250-07:00,,query_completed,outbound,get_commodity,ok,,periodic,6,0,,,,,0,success,
2026-08-15T00:31:29.250-07:00,,query_sent,outbound,query_operational_state,pending,,periodic,18,0,,,,,,,
2026-08-15T00:31:29.413-07:00,,link_ack,inbound,query_operational_state,ack,,link_layer,18,,,,,,,,
2026-08-15T00:31:29.537-07:00,,operational_state,inbound,query_operational_state,received,,device_response,19,0,,,0,Idle Normal,,,
2026-08-15T00:31:29.578-07:00,,query_completed,outbound,query_operational_state,ok,,periodic,18,0,,,,,,,
2026-08-15T00:31:58.604-07:00,,query_sent,outbound,query_operational_state,pending,,periodic,18,0,,,,,,,
2026-08-15T00:31:58.697-07:00,,link_ack,inbound,query_operational_state,ack,,link_layer,18,,,,,,,,
2026-08-15T00:31:58.820-07:00,,operational_state,inbound,query_operational_state,received,,device_response,19,0,,,0,Idle Normal,,,
2026-08-15T00:31:58.860-07:00,,query_completed,outbound,query_operational_state,ok,,periodic,18,0,,,,,,,
2026-08-15T00:32:28.888-07:00,,query_sent,outbound,get_commodity,pending,,periodic,6,0,,,,,,,
2026-08-15T00:32:28.980-07:00,,link_ack,inbound,get_commodity,ack,,link_layer,6,,,,,,,,
2026-08-15T00:32:29.148-07:00,,intermediate_response,inbound,get_commodity,success,,device_response,6,128,,,,,0,success,
2026-08-15T00:32:29.191-07:00,,query_completed,outbound,get_commodity,ok,,periodic,6,0,,,,,0,success,
2026-08-15T00:32:29.192-07:00,,query_sent,outbound,query_operational_state,pending,,periodic,18,0,,,,,,,
2026-08-15T00:32:29.354-07:00,,link_ack,inbound,query_operational_state,ack,,link_layer,18,,,,,,,,
2026-08-15T00:32:29.477-07:00,,operational_state,inbound,query_operational_state,received,,device_response,19,0,,,0,Idle Normal,,,
2026-08-15T00:32:29.518-07:00,,query_completed,outbound,query_operational_state,ok,,periodic,18,0,,,,,,,
2026-08-15T00:32:58.544-07:00,,query_sent,outbound,query_operational_state,pending,,periodic,18,0,,,,,,,
2026-08-15T00:32:58.636-07:00,,link_ack,inbound,query_operational_state,ack,,link_layer,18,,,,,,,,
2026-08-15T00:32:58.759-07:00,,operational_state,inbound,query_operational_state,received,,device_response,19,0,,,0,Idle Normal,,,
2026-08-15T00:32:58.800-07:00,,query_completed,outbound,query_operational_state,ok,,periodic,18,0,,,,,,,
2026-08-15T00:33:28.828-07:00,,query_sent,outbound,get_commodity,pending,,periodic,6,0,,,,,,,
2026-08-15T00:33:28.922-07:00,,link_ack,inbound,get_commodity,ack,,link_layer,6,,,,,,,,
2026-08-15T00:33:29.090-07:00,,intermediate_response,inbound,get_commodity,success,,device_response,6,128,,,,,0,success,
2026-08-15T00:33:29.133-07:00,,query_completed,outbound,get_commodity,ok,,periodic,6,0,,,,,0,success,
2026-08-15T00:33:29.133-07:00,,query_sent,outbound,query_operational_state,pending,,periodic,18,0,,,,,,,
2026-08-15T00:33:29.296-07:00,,link_ack,inbound,query_operational_state,ack,,link_layer,18,,,,,,,,
2026-08-15T00:33:29.421-07:00,,operational_state,inbound,query_operational_state,received,,device_response,19,0,,,0,Idle Normal,,,
2026-08-15T00:33:29.461-07:00,,query_completed,outbound,query_operational_state,ok,,periodic,18,0,,,,,,,
2026-08-15T00:33:58.488-07:00,,query_sent,outbound,query_operational_state,pending,,periodic,18,0,,,,,,,
2026-08-15T00:33:58.580-07:00,,link_ack,inbound,query_operational_state,ack,,link_layer,18,,,,,,,,
2026-08-15T00:33:58.703-07:00,,operational_state,inbound,query_operational_state,received,,device_response,19,0,,,0,Idle Normal,,,
2026-08-15T00:33:58.743-07:00,,query_completed,outbound,query_operational_state,ok,,periodic,18,0,,,,,,,
2026-08-15T00:34:28.771-07:00,,query_sent,outbound,get_commodity,pending,,periodic,6,0,,,,,,,
2026-08-15T00:34:28.861-07:00,,link_ack,inbound,get_commodity,ack,,link_layer,6,,,,,,,,
2026-08-15T00:34:29.031-07:00,,intermediate_response,inbound,get_commodity,success,,device_response,6,128,,,,,0,success,
2026-08-15T00:34:29.074-07:00,,query_completed,outbound,get_commodity,ok,,periodic,6,0,,,,,0,success,
2026-08-15T00:34:29.075-07:00,,query_sent,outbound,query_operational_state,pending,,periodic,18,0,,,,,,,
2026-08-15T00:34:29.237-07:00,,link_ack,inbound,query_operational_state,ack,,link_layer,18,,,,,,,,
2026-08-15T00:34:29.360-07:00,,operational_state,inbound,query_operational_state,received,,device_response,19,0,,,0,Idle Normal,,,
2026-08-15T00:34:29.401-07:00,,query_completed,outbound,query_operational_state,ok,,periodic,18,0,,,,,,,
2026-08-15T00:34:58.428-07:00,,query_sent,outbound,query_operational_state,pending,,periodic,18,0,,,,,,,
2026-08-15T00:34:58.518-07:00,,link_ack,inbound,query_operational_state,ack,,link_layer,18,,,,,,,,
2026-08-15T00:34:58.642-07:00,,operational_state,inbound,query_operational_state,received,,device_response,19,0,,,0,Idle Normal,,,
2026-08-15T00:34:58.683-07:00,,query_completed,outbound,query_operational_state,ok,,periodic,18,0,,,,,,,
2026-08-15T00:35:28.710-07:00,,query_sent,outbound,get_commodity,pending,,periodic,6,0,,,,,,,
2026-08-15T00:35:28.803-07:00,,link_ack,inbound,get_commodity,ack,,link_layer,6,,,,,,,,
2026-08-15T00:35:28.973-07:00,,intermediate_response,inbound,get_commodity,success,,device_response,6,128,,,,,0,success,
2026-08-15T00:35:29.016-07:00,,query_completed,outbound,get_commodity,ok,,periodic,6,0,,,,,0,success,
2026-08-15T00:35:29.017-07:00,,query_sent,outbound,query_operational_state,pending,,periodic,18,0,,,,,,,
2026-08-15T00:35:29.179-07:00,,link_ack,inbound,query_operational_state,ack,,link_layer,18,,,,,,,,
2026-08-15T00:35:29.304-07:00,,operational_state,inbound,query_operational_state,received,,device_response,19,0,,,0,Idle Normal,,,
2026-08-15T00:35:29.344-07:00,,query_completed,outbound,query_operational_state,ok,,periodic,18,0,,,,,,,
2026-08-15T00:35:58.371-07:00,,query_sent,outbound,query_operational_state,pending,,periodic,18,0,,,,,,,
2026-08-15T00:35:58.463-07:00,,link_ack,inbound,query_operational_state,ack,,link_layer,18,,,,,,,,
2026-08-15T00:35:58.586-07:00,,operational_state,inbound,query_operational_state,received,,device_response,19,0,,,0,Idle Normal,,,
2026-08-15T00:35:58.626-07:00,,query_completed,outbound,query_operational_state,ok,,periodic,18,0,,,,,,,
2026-08-15T00:36:28.653-07:00,auto_outside_comm_heartbeat_10,command_sent,outbound,outside_communication1,pending,0,schedule,14,0,,,,,,,
2026-08-15T00:36:28.750-07:00,,link_ack,inbound,outside_communication,ack,,link_layer,14,,,,,,,,
2026-08-15T00:36:28.873-07:00,,application_ack,inbound,outside_communication,ack,,application_layer,3,14,,,,,,,
2026-08-15T00:36:28.914-07:00,auto_outside_comm_heartbeat_10,command_completed,outbound,outside_communication1,ok,0,schedule,14,0,,,,,,,
2026-08-15T00:36:28.916-07:00,,query_sent,outbound,get_commodity,pending,,periodic,6,0,,,,,,,
2026-08-15T00:36:29.076-07:00,,link_ack,inbound,get_commodity,ack,,link_layer,6,,,,,,,,
2026-08-15T00:36:29.245-07:00,,intermediate_response,inbound,get_commodity,success,,device_response,6,128,,,,,0,success,
2026-08-15T00:36:29.288-07:00,,query_completed,outbound,get_commodity,ok,,periodic,6,0,,,,,0,success,
2026-08-15T00:36:29.288-07:00,,query_sent,outbound,query_operational_state,pending,,periodic,18,0,,,,,,,
2026-08-15T00:36:29.451-07:00,,link_ack,inbound,query_operational_state,ack,,link_layer,18,,,,,,,,
2026-08-15T00:36:29.574-07:00,,operational_state,inbound,query_operational_state,received,,device_response,19,0,,,0,Idle Normal,,,
2026-08-15T00:36:29.615-07:00,,query_completed,outbound,query_operational_state,ok,,periodic,18,0,,,,,,,
2026-08-15T00:36:58.641-07:00,,query_sent,outbound,query_operational_state,pending,,periodic,18,0,,,,,,,
2026-08-15T00:36:58.730-07:00,,link_ack,inbound,query_operational_state,ack,,link_layer,18,,,,,,,,
2026-08-15T00:36:58.854-07:00,,operational_state,inbound,query_operational_state,received,,device_response,19,0,,,0,Idle Normal,,,
2026-08-15T00:36:58.895-07:00,,query_completed,outbound,query_operational_state,ok,,periodic,18,0,,,,,,,
2026-08-15T00:37:28.921-07:00,,query_sent,outbound,get_commodity,pending,,periodic,6,0,,,,,,,
2026-08-15T00:37:29.016-07:00,,link_ack,inbound,get_commodity,ack,,link_layer,6,,,,,,,,
2026-08-15T00:37:29.185-07:00,,intermediate_response,inbound,get_commodity,success,,device_response,6,128,,,,,0,success,
2026-08-15T00:37:29.228-07:00,,query_completed,outbound,get_commodity,ok,,periodic,6,0,,,,,0,success,
2026-08-15T00:37:29.228-07:00,,query_sent,outbound,query_operational_state,pending,,periodic,18,0,,,,,,,
2026-08-15T00:37:29.391-07:00,,link_ack,inbound,query_operational_state,ack,,link_layer,18,,,,,,,,
2026-08-15T00:37:29.516-07:00,,operational_state,inbound,query_operational_state,received,,device_response,19,0,,,0,Idle Normal,,,
2026-08-15T00:37:29.556-07:00,,query_completed,outbound,query_operational_state,ok,,periodic,18,0,,,,,,,
2026-08-15T00:37:58.582-07:00,,query_sent,outbound,query_operational_state,pending,,periodic,18,0,,,,,,,
2026-08-15T00:37:58.677-07:00,,link_ack,inbound,query_operational_state,ack,,link_layer,18,,,,,,,,
2026-08-15T00:37:58.800-07:00,,operational_state,inbound,query_operational_state,received,,device_response,19,0,,,0,Idle Normal,,,
2026-08-15T00:37:58.840-07:00,,query_completed,outbound,query_operational_state,ok,,periodic,18,0,,,,,,,
2026-08-15T00:38:28.867-07:00,,query_sent,outbound,get_commodity,pending,,periodic,6,0,,,,,,,
2026-08-15T00:38:28.960-07:00,,link_ack,inbound,get_commodity,ack,,link_layer,6,,,,,,,,
2026-08-15T00:38:29.129-07:00,,intermediate_response,inbound,get_commodity,success,,device_response,6,128,,,,,0,success,
2026-08-15T00:38:29.172-07:00,,query_completed,outbound,get_commodity,ok,,periodic,6,0,,,,,0,success,
2026-08-15T00:38:29.172-07:00,,query_sent,outbound,query_operational_state,pending,,periodic,18,0,,,,,,,
2026-08-15T00:38:29.334-07:00,,link_ack,inbound,query_operational_state,ack,,link_layer,18,,,,,,,,
2026-08-15T00:38:29.458-07:00,,operational_state,inbound,query_operational_state,received,,device_response,19,0,,,0,Idle Normal,,,
2026-08-15T00:38:29.498-07:00,,query_completed,outbound,query_operational_state,ok,,periodic,18,0,,,,,,,
2026-08-15T00:38:58.523-07:00,,query_sent,outbound,query_operational_state,pending,,periodic,18,0,,,,,,,
2026-08-15T00:38:58.616-07:00,,link_ack,inbound,query_operational_state,ack,,link_layer,18,,,,,,,,
2026-08-15T00:38:58.740-07:00,,operational_state,inbound,query_operational_state,received,,device_response,19,0,,,0,Idle Normal,,,
2026-08-15T00:38:58.780-07:00,,query_completed,outbound,query_operational_state,ok,,periodic,18,0,,,,,,,
2026-08-15T00:39:28.807-07:00,,query_sent,outbound,get_commodity,pending,,periodic,6,0,,,,,,,
2026-08-15T00:39:28.899-07:00,,link_ack,inbound,get_commodity,ack,,link_layer,6,,,,,,,,
2026-08-15T00:39:29.068-07:00,,intermediate_response,inbound,get_commodity,success,,device_response,6,128,,,,,0,success,
2026-08-15T00:39:29.112-07:00,,query_completed,outbound,get_commodity,ok,,periodic,6,0,,,,,0,success,
2026-08-15T00:39:29.112-07:00,,query_sent,outbound,query_operational_state,pending,,periodic,18,0,,,,,,,
2026-08-15T00:39:29.274-07:00,,link_ack,inbound,query_operational_state,ack,,link_layer,18,,,,,,,,
2026-08-15T00:39:29.397-07:00,,operational_state,inbound,query_operational_state,received,,device_response,19,0,,,0,Idle Normal,,,
2026-08-15T00:39:29.438-07:00,,query_completed,outbound,query_operational_state,ok,,periodic,18,0,,,,,,,
2026-08-15T00:39:58.463-07:00,,query_sent,outbound,query_operational_state,pending,,periodic,18,0,,,,,,,
2026-08-15T00:39:58.557-07:00,,link_ack,inbound,query_operational_state,ack,,link_layer,18,,,,,,,,
2026-08-15T00:39:58.680-07:00,,operational_state,inbound,query_operational_state,received,,device_response,19,0,,,0,Idle Normal,,,
2026-08-15T00:39:58.721-07:00,,query_completed,outbound,query_operational_state,ok,,periodic,18,0,,,,,,,
2026-08-15T00:40:28.747-07:00,,query_sent,outbound,get_commodity,pending,,periodic,6,0,,,,,,,
2026-08-15T00:40:28.843-07:00,,link_ack,inbound,get_commodity,ack,,link_layer,6,,,,,,,,
2026-08-15T00:40:29.012-07:00,,intermediate_response,inbound,get_commodity,success,,device_response,6,128,,,,,0,success,
2026-08-15T00:40:29.055-07:00,,query_completed,outbound,get_commodity,ok,,periodic,6,0,,,,,0,success,
2026-08-15T00:40:29.055-07:00,,query_sent,outbound,query_operational_state,pending,,periodic,18,0,,,,,,,
2026-08-15T00:40:29.217-07:00,,link_ack,inbound,query_operational_state,ack,,link_layer,18,,,,,,,,
2026-08-15T00:40:29.341-07:00,,operational_state,inbound,query_operational_state,received,,device_response,19,0,,,0,Idle Normal,,,
2026-08-15T00:40:29.382-07:00,,query_completed,outbound,query_operational_state,ok,,periodic,18,0,,,,,,,
2026-08-15T00:40:58.407-07:00,,query_sent,outbound,query_operational_state,pending,,periodic,18,0,,,,,,,
2026-08-15T00:40:58.502-07:00,,link_ack,inbound,query_operational_state,ack,,link_layer,18,,,,,,,,
2026-08-15T00:40:58.626-07:00,,operational_state,inbound,query_operational_state,received,,device_response,19,0,,,0,Idle Normal,,,
2026-08-15T00:40:58.667-07:00,,query_completed,outbound,query_operational_state,ok,,periodic,18,0,,,,,,,
2026-08-15T00:41:28.693-07:00,,query_sent,outbound,get_commodity,pending,,periodic,6,0,,,,,,,
2026-08-15T00:41:28.787-07:00,,link_ack,inbound,get_commodity,ack,,link_layer,6,,,,,,,,
2026-08-15T00:41:28.955-07:00,,intermediate_response,inbound,get_commodity,success,,device_response,6,128,,,,,0,success,
2026-08-15T00:41:28.998-07:00,,query_completed,outbound,get_commodity,ok,,periodic,6,0,,,,,0,success,
2026-08-15T00:41:28.998-07:00,,query_sent,outbound,query_operational_state,pending,,periodic,18,0,,,,,,,
2026-08-15T00:41:29.163-07:00,,link_ack,inbound,query_operational_state,ack,,link_layer,18,,,,,,,,
2026-08-15T00:41:29.286-07:00,,operational_state,inbound,query_operational_state,received,,device_response,19,0,,,0,Idle Normal,,,
2026-08-15T00:41:29.327-07:00,,query_completed,outbound,query_operational_state,ok,,periodic,18,0,,,,,,,
2026-08-15T00:41:58.352-07:00,,query_sent,outbound,query_operational_state,pending,,periodic,18,0,,,,,,,
2026-08-15T00:41:58.444-07:00,,link_ack,inbound,query_operational_state,ack,,link_layer,18,,,,,,,,
2026-08-15T00:41:58.568-07:00,,operational_state,inbound,query_operational_state,received,,device_response,19,0,,,0,Idle Normal,,,
2026-08-15T00:41:58.609-07:00,,query_completed,outbound,query_operational_state,ok,,periodic,18,0,,,,,,,
2026-08-15T00:42:28.635-07:00,,query_sent,outbound,get_commodity,pending,,periodic,6,0,,,,,,,
2026-08-15T00:42:28.726-07:00,,link_ack,inbound,get_commodity,ack,,link_layer,6,,,,,,,,
2026-08-15T00:42:28.895-07:00,,intermediate_response,inbound,get_commodity,success,,device_response,6,128,,,,,0,success,
2026-08-15T00:42:28.939-07:00,,query_completed,outbound,get_commodity,ok,,periodic,6,0,,,,,0,success,
2026-08-15T00:42:28.939-07:00,,query_sent,outbound,query_operational_state,pending,,periodic,18,0,,,,,,,
2026-08-15T00:42:29.101-07:00,,link_ack,inbound,query_operational_state,ack,,link_layer,18,,,,,,,,
2026-08-15T00:42:29.225-07:00,,operational_state,inbound,query_operational_state,received,,device_response,19,0,,,0,Idle Normal,,,
2026-08-15T00:42:29.265-07:00,,query_completed,outbound,query_operational_state,ok,,periodic,18,0,,,,,,,
2026-08-15T00:42:59.292-07:00,,query_sent,outbound,query_operational_state,pending,,periodic,18,0,,,,,,,
2026-08-15T00:42:59.388-07:00,,link_ack,inbound,query_operational_state,ack,,link_layer,18,,,,,,,,
2026-08-15T00:42:59.512-07:00,,operational_state,inbound,query_operational_state,received,,device_response,19,0,,,0,Idle Normal,,,
2026-08-15T00:42:59.553-07:00,,query_completed,outbound,query_operational_state,ok,,periodic,18,0,,,,,,,
2026-08-15T00:43:28.578-07:00,,query_sent,outbound,get_commodity,pending,,periodic,6,0,,,,,,,
2026-08-15T00:43:28.670-07:00,,link_ack,inbound,get_commodity,ack,,link_layer,6,,,,,,,,
2026-08-15T00:43:28.838-07:00,,intermediate_response,inbound,get_commodity,success,,device_response,6,128,,,,,0,success,
2026-08-15T00:43:28.882-07:00,,query_completed,outbound,get_commodity,ok,,periodic,6,0,,,,,0,success,
2026-08-15T00:43:28.882-07:00,,query_sent,outbound,query_operational_state,pending,,periodic,18,0,,,,,,,
2026-08-15T00:43:29.046-07:00,,link_ack,inbound,query_operational_state,ack,,link_layer,18,,,,,,,,
2026-08-15T00:43:29.169-07:00,,operational_state,inbound,query_operational_state,received,,device_response,19,0,,,0,Idle Normal,,,
2026-08-15T00:43:29.210-07:00,,query_completed,outbound,query_operational_state,ok,,periodic,18,0,,,,,,,
2026-08-15T00:43:59.236-07:00,,query_sent,outbound,query_operational_state,pending,,periodic,18,0,,,,,,,
2026-08-15T00:43:59.327-07:00,,link_ack,inbound,query_operational_state,ack,,link_layer,18,,,,,,,,
2026-08-15T00:43:59.452-07:00,,operational_state,inbound,query_operational_state,received,,device_response,19,0,,,0,Idle Normal,,,
2026-08-15T00:43:59.492-07:00,,query_completed,outbound,query_operational_state,ok,,periodic,18,0,,,,,,,
2026-08-15T00:44:28.518-07:00,,query_sent,outbound,get_commodity,pending,,periodic,6,0,,,,,,,
2026-08-15T00:44:28.611-07:00,,link_ack,inbound,get_commodity,ack,,link_layer,6,,,,,,,,
2026-08-15T00:44:28.779-07:00,,intermediate_response,inbound,get_commodity,success,,device_response,6,128,,,,,0,success,
2026-08-15T00:44:28.823-07:00,,query_completed,outbound,get_commodity,ok,,periodic,6,0,,,,,0,success,
2026-08-15T00:44:28.823-07:00,,query_sent,outbound,query_operational_state,pending,,periodic,18,0,,,,,,,
2026-08-15T00:44:28.987-07:00,,link_ack,inbound,query_operational_state,ack,,link_layer,18,,,,,,,,
2026-08-15T00:44:29.110-07:00,,operational_state,inbound,query_operational_state,received,,device_response,19,0,,,0,Idle Normal,,,
2026-08-15T00:44:29.151-07:00,,query_completed,outbound,query_operational_state,ok,,periodic,18,0,,,,,,,
2026-08-15T00:44:59.177-07:00,,query_sent,outbound,query_operational_state,pending,,periodic,18,0,,,,,,,
2026-08-15T00:44:59.272-07:00,,link_ack,inbound,query_operational_state,ack,,link_layer,18,,,,,,,,
2026-08-15T00:44:59.396-07:00,,operational_state,inbound,query_operational_state,received,,device_response,19,0,,,0,Idle Normal,,,
2026-08-15T00:44:59.436-07:00,,query_completed,outbound,query_operational_state,ok,,periodic,18,0,,,,,,,
2026-08-15T00:45:28.462-07:00,,query_sent,outbound,get_commodity,pending,,periodic,6,0,,,,,,,
2026-08-15T00:45:28.557-07:00,,link_ack,inbound,get_commodity,ack,,link_layer,6,,,,,,,,
2026-08-15T00:45:28.726-07:00,,intermediate_response,inbound,get_commodity,success,,device_response,6,128,,,,,0,success,
2026-08-15T00:45:28.769-07:00,,query_completed,outbound,get_commodity,ok,,periodic,6,0,,,,,0,success,
2026-08-15T00:45:28.770-07:00,,query_sent,outbound,query_operational_state,pending,,periodic,18,0,,,,,,,
2026-08-15T00:45:28.931-07:00,,link_ack,inbound,query_operational_state,ack,,link_layer,18,,,,,,,,
2026-08-15T00:45:29.055-07:00,,operational_state,inbound,query_operational_state,received,,device_response,19,0,,,0,Idle Normal,,,
2026-08-15T00:45:29.096-07:00,,query_completed,outbound,query_operational_state,ok,,periodic,18,0,,,,,,,
2026-08-15T00:45:59.122-07:00,,query_sent,outbound,query_operational_state,pending,,periodic,18,0,,,,,,,
2026-08-15T00:45:59.217-07:00,,link_ack,inbound,query_operational_state,ack,,link_layer,18,,,,,,,,
2026-08-15T00:45:59.340-07:00,,operational_state,inbound,query_operational_state,received,,device_response,19,0,,,0,Idle Normal,,,
2026-08-15T00:45:59.381-07:00,,query_completed,outbound,query_operational_state,ok,,periodic,18,0,,,,,,,
2026-08-15T00:46:28.407-07:00,,query_sent,outbound,get_commodity,pending,,periodic,6,0,,,,,,,
2026-08-15T00:46:28.499-07:00,,link_ack,inbound,get_commodity,ack,,link_layer,6,,,,,,,,
2026-08-15T00:46:28.668-07:00,,intermediate_response,inbound,get_commodity,success,,device_response,6,128,,,,,0,success,
2026-08-15T00:46:28.711-07:00,,query_completed,outbound,get_commodity,ok,,periodic,6,0,,,,,0,success,
2026-08-15T00:46:28.711-07:00,,query_sent,outbound,query_operational_state,pending,,periodic,18,0,,,,,,,
2026-08-15T00:46:28.873-07:00,,link_ack,inbound,query_operational_state,ack,,link_layer,18,,,,,,,,
2026-08-15T00:46:28.997-07:00,,operational_state,inbound,query_operational_state,received,,device_response,19,0,,,0,Idle Normal,,,
2026-08-15T00:46:29.038-07:00,,query_completed,outbound,query_operational_state,ok,,periodic,18,0,,,,,,,
2026-08-15T00:46:59.064-07:00,,query_sent,outbound,query_operational_state,pending,,periodic,18,0,,,,,,,
2026-08-15T00:46:59.158-07:00,,link_ack,inbound,query_operational_state,ack,,link_layer,18,,,,,,,,
2026-08-15T00:46:59.281-07:00,,operational_state,inbound,query_operational_state,received,,device_response,19,0,,,0,Idle Normal,,,
2026-08-15T00:46:59.322-07:00,,query_completed,outbound,query_operational_state,ok,,periodic,18,0,,,,,,,
2026-08-15T00:47:28.347-07:00,,query_sent,outbound,get_commodity,pending,,periodic,6,0,,,,,,,
2026-08-15T00:47:28.441-07:00,,link_ack,inbound,get_commodity,ack,,link_layer,6,,,,,,,,
2026-08-15T00:47:28.611-07:00,,intermediate_response,inbound,get_commodity,success,,device_response,6,128,,,,,0,success,
2026-08-15T00:47:28.655-07:00,,query_completed,outbound,get_commodity,ok,,periodic,6,0,,,,,0,success,
2026-08-15T00:47:28.655-07:00,,query_sent,outbound,query_operational_state,pending,,periodic,18,0,,,,,,,
2026-08-15T00:47:28.816-07:00,,link_ack,inbound,query_operational_state,ack,,link_layer,18,,,,,,,,
2026-08-15T00:47:28.940-07:00,,operational_state,inbound,query_operational_state,received,,device_response,19,0,,,0,Idle Normal,,,
2026-08-15T00:47:28.981-07:00,,query_completed,outbound,query_operational_state,ok,,periodic,18,0,,,,,,,
2026-08-15T00:47:59.007-07:00,,query_sent,outbound,query_operational_state,pending,,periodic,18,0,,,,,,,
2026-08-15T00:47:59.102-07:00,,link_ack,inbound,query_operational_state,ack,,link_layer,18,,,,,,,,
2026-08-15T00:47:59.225-07:00,,operational_state,inbound,query_operational_state,received,,device_response,19,0,,,0,Idle Normal,,,
2026-08-15T00:47:59.266-07:00,,query_completed,outbound,query_operational_state,ok,,periodic,18,0,,,,,,,
2026-08-15T00:48:29.292-07:00,,query_sent,outbound,get_commodity,pending,,periodic,6,0,,,,,,,
2026-08-15T00:48:29.385-07:00,,link_ack,inbound,get_commodity,ack,,link_layer,6,,,,,,,,
2026-08-15T00:48:29.553-07:00,,intermediate_response,inbound,get_commodity,success,,device_response,6,128,,,,,0,success,
2026-08-15T00:48:29.596-07:00,,query_completed,outbound,get_commodity,ok,,periodic,6,0,,,,,0,success,
2026-08-15T00:48:29.597-07:00,,query_sent,outbound,query_operational_state,pending,,periodic,18,0,,,,,,,
2026-08-15T00:48:29.760-07:00,,link_ack,inbound,query_operational_state,ack,,link_layer,18,,,,,,,,
2026-08-15T00:48:29.883-07:00,,operational_state,inbound,query_operational_state,received,,device_response,19,0,,,0,Idle Normal,,,
2026-08-15T00:48:29.924-07:00,,query_completed,outbound,query_operational_state,ok,,periodic,18,0,,,,,,,
2026-08-15T00:48:58.949-07:00,,query_sent,outbound,query_operational_state,pending,,periodic,18,0,,,,,,,
2026-08-15T00:48:59.038-07:00,,link_ack,inbound,query_operational_state,ack,,link_layer,18,,,,,,,,
2026-08-15T00:48:59.162-07:00,,operational_state,inbound,query_operational_state,received,,device_response,19,0,,,0,Idle Normal,,,
2026-08-15T00:48:59.202-07:00,,query_completed,outbound,query_operational_state,ok,,periodic,18,0,,,,,,,
2026-08-15T00:49:29.229-07:00,,query_sent,outbound,get_commodity,pending,,periodic,6,0,,,,,,,
2026-08-15T00:49:29.324-07:00,,link_ack,inbound,get_commodity,ack,,link_layer,6,,,,,,,,
2026-08-15T00:49:29.493-07:00,,intermediate_response,inbound,get_commodity,success,,device_response,6,128,,,,,0,success,
2026-08-15T00:49:29.537-07:00,,query_completed,outbound,get_commodity,ok,,periodic,6,0,,,,,0,success,
2026-08-15T00:49:29.537-07:00,,query_sent,outbound,query_operational_state,pending,,periodic,18,0,,,,,,,
2026-08-15T00:49:29.699-07:00,,link_ack,inbound,query_operational_state,ack,,link_layer,18,,,,,,,,
2026-08-15T00:49:29.823-07:00,,operational_state,inbound,query_operational_state,received,,device_response,19,0,,,0,Idle Normal,,,
2026-08-15T00:49:29.863-07:00,,query_completed,outbound,query_operational_state,ok,,periodic,18,0,,,,,,,
2026-08-15T00:49:58.888-07:00,auto_outside_comm_heartbeat_11,command_sent,outbound,outside_communication1,pending,0,schedule,14,0,,,,,,,
2026-08-15T00:49:58.980-07:00,,link_ack,inbound,outside_communication,ack,,link_layer,14,,,,,,,,
2026-08-15T00:49:59.105-07:00,,application_ack,inbound,outside_communication,ack,,application_layer,3,14,,,,,,,
2026-08-15T00:49:59.145-07:00,auto_outside_comm_heartbeat_11,command_completed,outbound,outside_communication1,ok,0,schedule,14,0,,,,,,,
2026-08-15T00:49:59.147-07:00,,query_sent,outbound,query_operational_state,pending,,periodic,18,0,,,,,,,
2026-08-15T00:49:59.307-07:00,,link_ack,inbound,query_operational_state,ack,,link_layer,18,,,,,,,,
2026-08-15T00:49:59.431-07:00,,operational_state,inbound,query_operational_state,received,,device_response,19,0,,,0,Idle Normal,,,
2026-08-15T00:49:59.472-07:00,,query_completed,outbound,query_operational_state,ok,,periodic,18,0,,,,,,,
2026-08-15T00:50:28.497-07:00,,query_sent,outbound,get_commodity,pending,,periodic,6,0,,,,,,,
2026-08-15T00:50:28.591-07:00,,link_ack,inbound,get_commodity,ack,,link_layer,6,,,,,,,,
2026-08-15T00:50:28.760-07:00,,intermediate_response,inbound,get_commodity,success,,device_response,6,128,,,,,0,success,
2026-08-15T00:50:28.804-07:00,,query_completed,outbound,get_commodity,ok,,periodic,6,0,,,,,0,success,
2026-08-15T00:50:28.804-07:00,,query_sent,outbound,query_operational_state,pending,,periodic,18,0,,,,,,,
2026-08-15T00:50:28.967-07:00,,link_ack,inbound,query_operational_state,ack,,link_layer,18,,,,,,,,
2026-08-15T00:50:29.091-07:00,,operational_state,inbound,query_operational_state,received,,device_response,19,0,,,0,Idle Normal,,,
2026-08-15T00:50:29.132-07:00,,query_completed,outbound,query_operational_state,ok,,periodic,18,0,,,,,,,
2026-08-15T00:50:59.158-07:00,,query_sent,outbound,query_operational_state,pending,,periodic,18,0,,,,,,,
2026-08-15T00:50:59.251-07:00,,link_ack,inbound,query_operational_state,ack,,link_layer,18,,,,,,,,
2026-08-15T00:50:59.375-07:00,,operational_state,inbound,query_operational_state,received,,device_response,19,0,,,0,Idle Normal,,,
2026-08-15T00:50:59.416-07:00,,query_completed,outbound,query_operational_state,ok,,periodic,18,0,,,,,,,
2026-08-15T00:51:28.440-07:00,auto_outside_comm_for_shed_1,command_sent,outbound,outside_communication1,pending,0,schedule,14,0,,,,,,,
2026-08-15T00:51:28.538-07:00,,link_ack,inbound,outside_communication,ack,,link_layer,14,,,,,,,,
2026-08-15T00:51:28.661-07:00,,application_ack,inbound,outside_communication,ack,,application_layer,3,14,,,,,,,
2026-08-15T00:51:28.702-07:00,auto_outside_comm_for_shed_1,command_completed,outbound,outside_communication1,ok,0,schedule,14,0,,,,,,,
2026-08-15T00:51:28.703-07:00,,query_sent,outbound,get_commodity,pending,,periodic,6,0,,,,,,,
2026-08-15T00:51:28.864-07:00,,link_ack,inbound,get_commodity,ack,,link_layer,6,,,,,,,,
2026-08-15T00:51:29.032-07:00,,intermediate_response,inbound,get_commodity,success,,device_response,6,128,,,,,0,success,
2026-08-15T00:51:29.076-07:00,,query_completed,outbound,get_commodity,ok,,periodic,6,0,,,,,0,success,
2026-08-15T00:51:29.076-07:00,,query_sent,outbound,query_operational_state,pending,,periodic,18,0,,,,,,,
2026-08-15T00:51:29.238-07:00,,link_ack,inbound,query_operational_state,ack,,link_layer,18,,,,,,,,
2026-08-15T00:51:29.362-07:00,,operational_state,inbound,query_operational_state,received,,device_response,19,0,,,0,Idle Normal,,,
2026-08-15T00:51:29.403-07:00,,query_completed,outbound,query_operational_state,ok,,periodic,18,0,,,,,,,
2026-08-15T00:51:43.414-07:00,shed_1,command_sent,outbound,shed,pending,0,schedule,1,0,,,,,,,
2026-08-15T00:51:43.493-07:00,,link_ack,inbound,shed,ack,,link_layer,1,,,,,,,,
2026-08-15T00:51:43.618-07:00,,application_ack,inbound,shed,ack,,application_layer,3,1,,,,,,,
2026-08-15T00:51:43.658-07:00,shed_1,command_completed,outbound,shed,ok,0,schedule,1,0,,,,,,,
2026-08-15T00:51:46.584-07:00,,customer_override,inbound,customer_override,received,,application_layer,17,0,,,,,,,
2026-08-15T00:51:46.786-07:00,,link_ack,inbound,none,ack,,link_layer,,,,,,,,,
2026-08-15T00:51:58.672-07:00,,query_sent,outbound,query_operational_state,pending,,periodic,18,0,,,,,,,
2026-08-15T00:51:58.772-07:00,,link_ack,inbound,query_operational_state,ack,,link_layer,18,,,,,,,,
2026-08-15T00:51:58.896-07:00,,operational_state,inbound,query_operational_state,received,,device_response,19,4,,,4,Idle Curtailed,,,
2026-08-15T00:51:58.937-07:00,,query_completed,outbound,query_operational_state,ok,,periodic,18,0,,,,,,,
2026-08-15T00:52:28.961-07:00,,query_sent,outbound,get_commodity,pending,,periodic,6,0,,,,,,,
2026-08-15T00:52:29.053-07:00,,link_ack,inbound,get_commodity,ack,,link_layer,6,,,,,,,,
2026-08-15T00:52:29.221-07:00,,intermediate_response,inbound,get_commodity,success,,device_response,6,128,,,,,0,success,
2026-08-15T00:52:29.264-07:00,,query_completed,outbound,get_commodity,ok,,periodic,6,0,,,,,0,success,
2026-08-15T00:52:29.264-07:00,,query_sent,outbound,query_operational_state,pending,,periodic,18,0,,,,,,,
2026-08-15T00:52:29.426-07:00,,link_ack,inbound,query_operational_state,ack,,link_layer,18,,,,,,,,
2026-08-15T00:52:29.550-07:00,,operational_state,inbound,query_operational_state,received,,device_response,19,4,,,4,Idle Curtailed,,,
2026-08-15T00:52:29.591-07:00,,query_completed,outbound,query_operational_state,ok,,periodic,18,0,,,,,,,
2026-08-15T00:52:58.615-07:00,,query_sent,outbound,query_operational_state,pending,,periodic,18,0,,,,,,,
2026-08-15T00:52:58.711-07:00,,link_ack,inbound,query_operational_state,ack,,link_layer,18,,,,,,,,
2026-08-15T00:52:58.835-07:00,,operational_state,inbound,query_operational_state,received,,device_response,19,4,,,4,Idle Curtailed,,,
2026-08-15T00:52:58.875-07:00,,query_completed,outbound,query_operational_state,ok,,periodic,18,0,,,,,,,
2026-08-15T00:53:28.900-07:00,,query_sent,outbound,get_commodity,pending,,periodic,6,0,,,,,,,
2026-08-15T00:53:28.999-07:00,,link_ack,inbound,get_commodity,ack,,link_layer,6,,,,,,,,
2026-08-15T00:53:29.168-07:00,,intermediate_response,inbound,get_commodity,success,,device_response,6,128,,,,,0,success,
2026-08-15T00:53:29.211-07:00,,query_completed,outbound,get_commodity,ok,,periodic,6,0,,,,,0,success,
2026-08-15T00:53:29.211-07:00,,query_sent,outbound,query_operational_state,pending,,periodic,18,0,,,,,,,
2026-08-15T00:53:29.373-07:00,,link_ack,inbound,query_operational_state,ack,,link_layer,18,,,,,,,,
2026-08-15T00:53:29.497-07:00,,operational_state,inbound,query_operational_state,received,,device_response,19,4,,,4,Idle Curtailed,,,
2026-08-15T00:53:29.537-07:00,,query_completed,outbound,query_operational_state,ok,,periodic,18,0,,,,,,,
2026-08-15T00:53:58.561-07:00,,query_sent,outbound,query_operational_state,pending,,periodic,18,0,,,,,,,
2026-08-15T00:53:58.655-07:00,,link_ack,inbound,query_operational_state,ack,,link_layer,18,,,,,,,,
2026-08-15T00:53:58.779-07:00,,operational_state,inbound,query_operational_state,received,,device_response,19,4,,,4,Idle Curtailed,,,
2026-08-15T00:53:58.819-07:00,,query_completed,outbound,query_operational_state,ok,,periodic,18,0,,,,,,,
2026-08-15T00:54:28.844-07:00,,query_sent,outbound,get_commodity,pending,,periodic,6,0,,,,,,,
2026-08-15T00:54:28.940-07:00,,link_ack,inbound,get_commodity,ack,,link_layer,6,,,,,,,,
2026-08-15T00:54:29.109-07:00,,intermediate_response,inbound,get_commodity,success,,device_response,6,128,,,,,0,success,
2026-08-15T00:54:29.153-07:00,,query_completed,outbound,get_commodity,ok,,periodic,6,0,,,,,0,success,
2026-08-15T00:54:29.153-07:00,,query_sent,outbound,query_operational_state,pending,,periodic,18,0,,,,,,,
2026-08-15T00:54:29.315-07:00,,link_ack,inbound,query_operational_state,ack,,link_layer,18,,,,,,,,
2026-08-15T00:54:29.439-07:00,,operational_state,inbound,query_operational_state,received,,device_response,19,4,,,4,Idle Curtailed,,,
2026-08-15T00:54:29.479-07:00,,query_completed,outbound,query_operational_state,ok,,periodic,18,0,,,,,,,
2026-08-15T00:54:58.503-07:00,,query_sent,outbound,query_operational_state,pending,,periodic,18,0,,,,,,,
2026-08-15T00:54:58.600-07:00,,link_ack,inbound,query_operational_state,ack,,link_layer,18,,,,,,,,
2026-08-15T00:54:58.724-07:00,,operational_state,inbound,query_operational_state,received,,device_response,19,4,,,4,Idle Curtailed,,,
2026-08-15T00:54:58.765-07:00,,query_completed,outbound,query_operational_state,ok,,periodic,18,0,,,,,,,
2026-08-15T00:55:28.790-07:00,,query_sent,outbound,get_commodity,pending,,periodic,6,0,,,,,,,
2026-08-15T00:55:28.889-07:00,,link_ack,inbound,get_commodity,ack,,link_layer,6,,,,,,,,
2026-08-15T00:55:29.057-07:00,,intermediate_response,inbound,get_commodity,success,,device_response,6,128,,,,,0,success,
2026-08-15T00:55:29.101-07:00,,query_completed,outbound,get_commodity,ok,,periodic,6,0,,,,,0,success,
2026-08-15T00:55:29.101-07:00,,query_sent,outbound,query_operational_state,pending,,periodic,18,0,,,,,,,
2026-08-15T00:55:29.263-07:00,,link_ack,inbound,query_operational_state,ack,,link_layer,18,,,,,,,,
2026-08-15T00:55:29.388-07:00,,operational_state,inbound,query_operational_state,received,,device_response,19,4,,,4,Idle Curtailed,,,
2026-08-15T00:55:29.428-07:00,,query_completed,outbound,query_operational_state,ok,,periodic,18,0,,,,,,,
2026-08-15T00:55:58.452-07:00,,query_sent,outbound,query_operational_state,pending,,periodic,18,0,,,,,,,
2026-08-15T00:55:58.547-07:00,,link_ack,inbound,query_operational_state,ack,,link_layer,18,,,,,,,,
2026-08-15T00:55:58.671-07:00,,operational_state,inbound,query_operational_state,received,,device_response,19,4,,,4,Idle Curtailed,,,
2026-08-15T00:55:58.712-07:00,,query_completed,outbound,query_operational_state,ok,,periodic,18,0,,,,,,,
2026-08-15T00:56:28.737-07:00,,query_sent,outbound,get_commodity,pending,,periodic,6,0,,,,,,,
2026-08-15T00:56:28.832-07:00,,link_ack,inbound,get_commodity,ack,,link_layer,6,,,,,,,,
2026-08-15T00:56:29.002-07:00,,intermediate_response,inbound,get_commodity,success,,device_response,6,128,,,,,0,success,
2026-08-15T00:56:29.045-07:00,,query_completed,outbound,get_commodity,ok,,periodic,6,0,,,,,0,success,
2026-08-15T00:56:29.046-07:00,,query_sent,outbound,query_operational_state,pending,,periodic,18,0,,,,,,,
2026-08-15T00:56:29.209-07:00,,link_ack,inbound,query_operational_state,ack,,link_layer,18,,,,,,,,
2026-08-15T00:56:29.333-07:00,,operational_state,inbound,query_operational_state,received,,device_response,19,4,,,4,Idle Curtailed,,,
2026-08-15T00:56:29.374-07:00,,query_completed,outbound,query_operational_state,ok,,periodic,18,0,,,,,,,
2026-08-15T00:56:58.398-07:00,,query_sent,outbound,query_operational_state,pending,,periodic,18,0,,,,,,,
2026-08-15T00:56:58.492-07:00,,link_ack,inbound,query_operational_state,ack,,link_layer,18,,,,,,,,
2026-08-15T00:56:58.615-07:00,,operational_state,inbound,query_operational_state,received,,device_response,19,4,,,4,Idle Curtailed,,,
2026-08-15T00:56:58.656-07:00,,query_completed,outbound,query_operational_state,ok,,periodic,18,0,,,,,,,
2026-08-15T00:57:28.680-07:00,,query_sent,outbound,get_commodity,pending,,periodic,6,0,,,,,,,
2026-08-15T00:57:28.780-07:00,,link_ack,inbound,get_commodity,ack,,link_layer,6,,,,,,,,
2026-08-15T00:57:28.951-07:00,,intermediate_response,inbound,get_commodity,success,,device_response,6,128,,,,,0,success,
2026-08-15T00:57:28.995-07:00,,query_completed,outbound,get_commodity,ok,,periodic,6,0,,,,,0,success,
2026-08-15T00:57:28.995-07:00,,query_sent,outbound,query_operational_state,pending,,periodic,18,0,,,,,,,
2026-08-15T00:57:29.160-07:00,,link_ack,inbound,query_operational_state,ack,,link_layer,18,,,,,,,,
2026-08-15T00:57:29.283-07:00,,operational_state,inbound,query_operational_state,received,,device_response,19,4,,,4,Idle Curtailed,,,
2026-08-15T00:57:29.324-07:00,,query_completed,outbound,query_operational_state,ok,,periodic,18,0,,,,,,,
2026-08-15T00:57:58.347-07:00,,query_sent,outbound,query_operational_state,pending,,periodic,18,0,,,,,,,
2026-08-15T00:57:58.443-07:00,,link_ack,inbound,query_operational_state,ack,,link_layer,18,,,,,,,,
2026-08-15T00:57:58.567-07:00,,operational_state,inbound,query_operational_state,received,,device_response,19,4,,,4,Idle Curtailed,,,
2026-08-15T00:57:58.608-07:00,,query_completed,outbound,query_operational_state,ok,,periodic,18,0,,,,,,,
2026-08-15T00:58:28.632-07:00,,query_sent,outbound,get_commodity,pending,,periodic,6,0,,,,,,,
2026-08-15T00:58:28.730-07:00,,link_ack,inbound,get_commodity,ack,,link_layer,6,,,,,,,,
2026-08-15T00:58:28.899-07:00,,intermediate_response,inbound,get_commodity,success,,device_response,6,128,,,,,0,success,
2026-08-15T00:58:28.943-07:00,,query_completed,outbound,get_commodity,ok,,periodic,6,0,,,,,0,success,
2026-08-15T00:58:28.943-07:00,,query_sent,outbound,query_operational_state,pending,,periodic,18,0,,,,,,,
2026-08-15T00:58:29.105-07:00,,link_ack,inbound,query_operational_state,ack,,link_layer,18,,,,,,,,
2026-08-15T00:58:29.229-07:00,,operational_state,inbound,query_operational_state,received,,device_response,19,4,,,4,Idle Curtailed,,,
2026-08-15T00:58:29.270-07:00,,query_completed,outbound,query_operational_state,ok,,periodic,18,0,,,,,,,
2026-08-15T00:58:59.294-07:00,,query_sent,outbound,query_operational_state,pending,,periodic,18,0,,,,,,,
2026-08-15T00:58:59.391-07:00,,link_ack,inbound,query_operational_state,ack,,link_layer,18,,,,,,,,
2026-08-15T00:58:59.514-07:00,,operational_state,inbound,query_operational_state,received,,device_response,19,4,,,4,Idle Curtailed,,,
2026-08-15T00:58:59.555-07:00,,query_completed,outbound,query_operational_state,ok,,periodic,18,0,,,,,,,
2026-08-15T00:59:28.578-07:00,,query_sent,outbound,get_commodity,pending,,periodic,6,0,,,,,,,
2026-08-15T00:59:28.673-07:00,,link_ack,inbound,get_commodity,ack,,link_layer,6,,,,,,,,
2026-08-15T00:59:28.841-07:00,,intermediate_response,inbound,get_commodity,success,,device_response,6,128,,,,,0,success,
2026-08-15T00:59:28.885-07:00,,query_completed,outbound,get_commodity,ok,,periodic,6,0,,,,,0,success,
2026-08-15T00:59:28.885-07:00,,query_sent,outbound,query_operational_state,pending,,periodic,18,0,,,,,,,
2026-08-15T00:59:29.048-07:00,,link_ack,inbound,query_operational_state,ack,,link_layer,18,,,,,,,,
2026-08-15T00:59:29.172-07:00,,operational_state,inbound,query_operational_state,received,,device_response,19,4,,,4,Idle Curtailed,,,
2026-08-15T00:59:29.213-07:00,,query_completed,outbound,query_operational_state,ok,,periodic,18,0,,,,,,,
2026-08-15T00:59:59.238-07:00,,query_sent,outbound,query_operational_state,pending,,periodic,18,0,,,,,,,
2026-08-15T00:59:59.333-07:00,,link_ack,inbound,query_operational_state,ack,,link_layer,18,,,,,,,,
2026-08-15T00:59:59.457-07:00,,operational_state,inbound,query_operational_state,received,,device_response,19,4,,,4,Idle Curtailed,,,
2026-08-15T00:59:59.498-07:00,,query_completed,outbound,query_operational_state,ok,,periodic,18,0,,,,,,,
2026-08-15T01:00:28.522-07:00,,query_sent,outbound,get_commodity,pending,,periodic,6,0,,,,,,,
2026-08-15T01:00:28.616-07:00,,link_ack,inbound,get_commodity,ack,,link_layer,6,,,,,,,,
2026-08-15T01:00:28.784-07:00,,intermediate_response,inbound,get_commodity,success,,device_response,6,128,,,,,0,success,
2026-08-15T01:00:28.828-07:00,,query_completed,outbound,get_commodity,ok,,periodic,6,0,,,,,0,success,
2026-08-15T01:00:28.828-07:00,,query_sent,outbound,query_operational_state,pending,,periodic,18,0,,,,,,,
2026-08-15T01:00:28.992-07:00,,link_ack,inbound,query_operational_state,ack,,link_layer,18,,,,,,,,
2026-08-15T01:00:29.115-07:00,,operational_state,inbound,query_operational_state,received,,device_response,19,4,,,4,Idle Curtailed,,,
2026-08-15T01:00:29.156-07:00,,query_completed,outbound,query_operational_state,ok,,periodic,18,0,,,,,,,
2026-08-15T01:00:59.180-07:00,,query_sent,outbound,query_operational_state,pending,,periodic,18,0,,,,,,,
2026-08-15T01:00:59.279-07:00,,link_ack,inbound,query_operational_state,ack,,link_layer,18,,,,,,,,
2026-08-15T01:00:59.402-07:00,,operational_state,inbound,query_operational_state,received,,device_response,19,4,,,4,Idle Curtailed,,,
2026-08-15T01:00:59.443-07:00,,query_completed,outbound,query_operational_state,ok,,periodic,18,0,,,,,,,
2026-08-15T01:01:28.466-07:00,,query_sent,outbound,get_commodity,pending,,periodic,6,0,,,,,,,
2026-08-15T01:01:28.566-07:00,,link_ack,inbound,get_commodity,ack,,link_layer,6,,,,,,,,
2026-08-15T01:01:28.732-07:00,,intermediate_response,inbound,get_commodity,success,,device_response,6,128,,,,,0,success,
2026-08-15T01:01:28.776-07:00,,query_completed,outbound,get_commodity,ok,,periodic,6,0,,,,,0,success,
2026-08-15T01:01:28.776-07:00,,query_sent,outbound,query_operational_state,pending,,periodic,18,0,,,,,,,
2026-08-15T01:01:28.938-07:00,,link_ack,inbound,query_operational_state,ack,,link_layer,18,,,,,,,,
2026-08-15T01:01:29.061-07:00,,operational_state,inbound,query_operational_state,received,,device_response,19,4,,,4,Idle Curtailed,,,
2026-08-15T01:01:29.102-07:00,,query_completed,outbound,query_operational_state,ok,,periodic,18,0,,,,,,,
2026-08-15T01:01:59.127-07:00,,query_sent,outbound,query_operational_state,pending,,periodic,18,0,,,,,,,
2026-08-15T01:01:59.223-07:00,,link_ack,inbound,query_operational_state,ack,,link_layer,18,,,,,,,,
2026-08-15T01:01:59.346-07:00,,operational_state,inbound,query_operational_state,received,,device_response,19,4,,,4,Idle Curtailed,,,
2026-08-15T01:01:59.387-07:00,,query_completed,outbound,query_operational_state,ok,,periodic,18,0,,,,,,,
2026-08-15T01:02:28.411-07:00,,query_sent,outbound,get_commodity,pending,,periodic,6,0,,,,,,,
2026-08-15T01:02:28.505-07:00,,link_ack,inbound,get_commodity,ack,,link_layer,6,,,,,,,,
2026-08-15T01:02:28.673-07:00,,intermediate_response,inbound,get_commodity,success,,device_response,6,128,,,,,0,success,
2026-08-15T01:02:28.717-07:00,,query_completed,outbound,get_commodity,ok,,periodic,6,0,,,,,0,success,
2026-08-15T01:02:28.717-07:00,,query_sent,outbound,query_operational_state,pending,,periodic,18,0,,,,,,,
2026-08-15T01:02:28.879-07:00,,link_ack,inbound,query_operational_state,ack,,link_layer,18,,,,,,,,
2026-08-15T01:02:29.003-07:00,,operational_state,inbound,query_operational_state,received,,device_response,19,4,,,4,Idle Curtailed,,,
2026-08-15T01:02:29.043-07:00,,query_completed,outbound,query_operational_state,ok,,periodic,18,0,,,,,,,
2026-08-15T01:02:59.068-07:00,,query_sent,outbound,query_operational_state,pending,,periodic,18,0,,,,,,,
2026-08-15T01:02:59.162-07:00,,link_ack,inbound,query_operational_state,ack,,link_layer,18,,,,,,,,
2026-08-15T01:02:59.285-07:00,,operational_state,inbound,query_operational_state,received,,device_response,19,4,,,4,Idle Curtailed,,,
2026-08-15T01:02:59.326-07:00,,query_completed,outbound,query_operational_state,ok,,periodic,18,0,,,,,,,
2026-08-15T01:03:28.349-07:00,auto_outside_comm_heartbeat_12,command_sent,outbound,outside_communication1,pending,0,schedule,14,0,,,,,,,
2026-08-15T01:03:28.444-07:00,,link_ack,inbound,outside_communication,ack,,link_layer,14,,,,,,,,
2026-08-15T01:03:28.567-07:00,,application_ack,inbound,outside_communication,ack,,application_layer,3,14,,,,,,,
2026-08-15T01:03:28.608-07:00,auto_outside_comm_heartbeat_12,command_completed,outbound,outside_communication1,ok,0,schedule,14,0,,,,,,,
2026-08-15T01:03:28.609-07:00,,query_sent,outbound,get_commodity,pending,,periodic,6,0,,,,,,,
2026-08-15T01:03:28.770-07:00,,link_ack,inbound,get_commodity,ack,,link_layer,6,,,,,,,,
2026-08-15T01:03:28.938-07:00,,intermediate_response,inbound,get_commodity,success,,device_response,6,128,,,,,0,success,
2026-08-15T01:03:28.982-07:00,,query_completed,outbound,get_commodity,ok,,periodic,6,0,,,,,0,success,
2026-08-15T01:03:28.982-07:00,,query_sent,outbound,query_operational_state,pending,,periodic,18,0,,,,,,,
2026-08-15T01:03:29.143-07:00,,link_ack,inbound,query_operational_state,ack,,link_layer,18,,,,,,,,
2026-08-15T01:03:29.267-07:00,,operational_state,inbound,query_operational_state,received,,device_response,19,4,,,4,Idle Curtailed,,,
2026-08-15T01:03:29.308-07:00,,query_completed,outbound,query_operational_state,ok,,periodic,18,0,,,,,,,
2026-08-15T01:03:59.331-07:00,,query_sent,outbound,query_operational_state,pending,,periodic,18,0,,,,,,,
2026-08-15T01:03:59.431-07:00,,link_ack,inbound,query_operational_state,ack,,link_layer,18,,,,,,,,
2026-08-15T01:03:59.554-07:00,,operational_state,inbound,query_operational_state,received,,device_response,19,4,,,4,Idle Curtailed,,,
2026-08-15T01:03:59.595-07:00,,query_completed,outbound,query_operational_state,ok,,periodic,18,0,,,,,,,
2026-08-15T01:04:28.618-07:00,,query_sent,outbound,get_commodity,pending,,periodic,6,0,,,,,,,
2026-08-15T01:04:28.708-07:00,,link_ack,inbound,get_commodity,ack,,link_layer,6,,,,,,,,
2026-08-15T01:04:28.877-07:00,,intermediate_response,inbound,get_commodity,success,,device_response,6,128,,,,,0,success,
2026-08-15T01:04:28.921-07:00,,query_completed,outbound,get_commodity,ok,,periodic,6,0,,,,,0,success,
2026-08-15T01:04:28.921-07:00,,query_sent,outbound,query_operational_state,pending,,periodic,18,0,,,,,,,
2026-08-15T01:04:29.083-07:00,,link_ack,inbound,query_operational_state,ack,,link_layer,18,,,,,,,,
2026-08-15T01:04:29.206-07:00,,operational_state,inbound,query_operational_state,received,,device_response,19,4,,,4,Idle Curtailed,,,
2026-08-15T01:04:29.247-07:00,,query_completed,outbound,query_operational_state,ok,,periodic,18,0,,,,,,,
2026-08-15T01:04:59.271-07:00,,query_sent,outbound,query_operational_state,pending,,periodic,18,0,,,,,,,
2026-08-15T01:04:59.367-07:00,,link_ack,inbound,query_operational_state,ack,,link_layer,18,,,,,,,,
2026-08-15T01:04:59.490-07:00,,operational_state,inbound,query_operational_state,received,,device_response,19,4,,,4,Idle Curtailed,,,
2026-08-15T01:04:59.531-07:00,,query_completed,outbound,query_operational_state,ok,,periodic,18,0,,,,,,,
2026-08-15T01:05:28.554-07:00,,query_sent,outbound,get_commodity,pending,,periodic,6,0,,,,,,,
2026-08-15T01:05:28.649-07:00,,link_ack,inbound,get_commodity,ack,,link_layer,6,,,,,,,,
2026-08-15T01:05:28.817-07:00,,intermediate_response,inbound,get_commodity,success,,device_response,6,128,,,,,0,success,
2026-08-15T01:05:28.861-07:00,,query_completed,outbound,get_commodity,ok,,periodic,6,0,,,,,0,success,
2026-08-15T01:05:28.861-07:00,,query_sent,outbound,query_operational_state,pending,,periodic,18,0,,,,,,,
2026-08-15T01:05:29.023-07:00,,link_ack,inbound,query_operational_state,ack,,link_layer,18,,,,,,,,
2026-08-15T01:05:29.148-07:00,,operational_state,inbound,query_operational_state,received,,device_response,19,4,,,4,Idle Curtailed,,,
2026-08-15T01:05:29.188-07:00,,query_completed,outbound,query_operational_state,ok,,periodic,18,0,,,,,,,
2026-08-15T01:05:59.212-07:00,,query_sent,outbound,query_operational_state,pending,,periodic,18,0,,,,,,,
2026-08-15T01:05:59.310-07:00,,link_ack,inbound,query_operational_state,ack,,link_layer,18,,,,,,,,
2026-08-15T01:05:59.435-07:00,,operational_state,inbound,query_operational_state,received,,device_response,19,4,,,4,Idle Curtailed,,,
2026-08-15T01:05:59.475-07:00,,query_completed,outbound,query_operational_state,ok,,periodic,18,0,,,,,,,
2026-08-15T01:06:28.498-07:00,,query_sent,outbound,get_commodity,pending,,periodic,6,0,,,,,,,
2026-08-15T01:06:28.594-07:00,,link_ack,inbound,get_commodity,ack,,link_layer,6,,,,,,,,
2026-08-15T01:06:28.762-07:00,,intermediate_response,inbound,get_commodity,success,,device_response,6,128,,,,,0,success,
2026-08-15T01:06:28.806-07:00,,query_completed,outbound,get_commodity,ok,,periodic,6,0,,,,,0,success,
2026-08-15T01:06:28.806-07:00,,query_sent,outbound,query_operational_state,pending,,periodic,18,0,,,,,,,
2026-08-15T01:06:28.970-07:00,,link_ack,inbound,query_operational_state,ack,,link_layer,18,,,,,,,,
2026-08-15T01:06:29.093-07:00,,operational_state,inbound,query_operational_state,received,,device_response,19,4,,,4,Idle Curtailed,,,
2026-08-15T01:06:29.134-07:00,,query_completed,outbound,query_operational_state,ok,,periodic,18,0,,,,,,,
2026-08-15T01:06:59.157-07:00,,query_sent,outbound,query_operational_state,pending,,periodic,18,0,,,,,,,
2026-08-15T01:06:59.254-07:00,,link_ack,inbound,query_operational_state,ack,,link_layer,18,,,,,,,,
2026-08-15T01:06:59.377-07:00,,operational_state,inbound,query_operational_state,received,,device_response,19,4,,,4,Idle Curtailed,,,
2026-08-15T01:06:59.418-07:00,,query_completed,outbound,query_operational_state,ok,,periodic,18,0,,,,,,,
2026-08-15T01:07:28.441-07:00,,query_sent,outbound,get_commodity,pending,,periodic,6,0,,,,,,,
2026-08-15T01:07:28.539-07:00,,link_ack,inbound,get_commodity,ack,,link_layer,6,,,,,,,,
2026-08-15T01:07:28.708-07:00,,intermediate_response,inbound,get_commodity,success,,device_response,6,128,,,,,0,success,
2026-08-15T01:07:28.752-07:00,,query_completed,outbound,get_commodity,ok,,periodic,6,0,,,,,0,success,
2026-08-15T01:07:28.752-07:00,,query_sent,outbound,query_operational_state,pending,,periodic,18,0,,,,,,,
2026-08-15T01:07:28.914-07:00,,link_ack,inbound,query_operational_state,ack,,link_layer,18,,,,,,,,
2026-08-15T01:07:29.037-07:00,,operational_state,inbound,query_operational_state,received,,device_response,19,4,,,4,Idle Curtailed,,,
2026-08-15T01:07:29.078-07:00,,query_completed,outbound,query_operational_state,ok,,periodic,18,0,,,,,,,
2026-08-15T01:07:59.102-07:00,,query_sent,outbound,query_operational_state,pending,,periodic,18,0,,,,,,,
2026-08-15T01:07:59.201-07:00,,link_ack,inbound,query_operational_state,ack,,link_layer,18,,,,,,,,
2026-08-15T01:07:59.324-07:00,,operational_state,inbound,query_operational_state,received,,device_response,19,4,,,4,Idle Curtailed,,,
2026-08-15T01:07:59.365-07:00,,query_completed,outbound,query_operational_state,ok,,periodic,18,0,,,,,,,
2026-08-15T01:08:28.388-07:00,,query_sent,outbound,get_commodity,pending,,periodic,6,0,,,,,,,
2026-08-15T01:08:28.484-07:00,,link_ack,inbound,get_commodity,ack,,link_layer,6,,,,,,,,
2026-08-15T01:08:28.651-07:00,,intermediate_response,inbound,get_commodity,success,,device_response,6,128,,,,,0,success,
2026-08-15T01:08:28.695-07:00,,query_completed,outbound,get_commodity,ok,,periodic,6,0,,,,,0,success,
2026-08-15T01:08:28.695-07:00,,query_sent,outbound,query_operational_state,pending,,periodic,18,0,,,,,,,
2026-08-15T01:08:28.857-07:00,,link_ack,inbound,query_operational_state,ack,,link_layer,18,,,,,,,,
2026-08-15T01:08:28.981-07:00,,operational_state,inbound,query_operational_state,received,,device_response,19,4,,,4,Idle Curtailed,,,
2026-08-15T01:08:29.022-07:00,,query_completed,outbound,query_operational_state,ok,,periodic,18,0,,,,,,,
2026-08-15T01:08:59.045-07:00,,query_sent,outbound,query_operational_state,pending,,periodic,18,0,,,,,,,
2026-08-15T01:08:59.142-07:00,,link_ack,inbound,query_operational_state,ack,,link_layer,18,,,,,,,,
2026-08-15T01:08:59.266-07:00,,operational_state,inbound,query_operational_state,received,,device_response,19,4,,,4,Idle Curtailed,,,
2026-08-15T01:08:59.307-07:00,,query_completed,outbound,query_operational_state,ok,,periodic,18,0,,,,,,,
2026-08-15T01:09:29.331-07:00,,query_sent,outbound,get_commodity,pending,,periodic,6,0,,,,,,,
2026-08-15T01:09:29.428-07:00,,link_ack,inbound,get_commodity,ack,,link_layer,6,,,,,,,,
2026-08-15T01:09:29.596-07:00,,intermediate_response,inbound,get_commodity,success,,device_response,6,128,,,,,0,success,
2026-08-15T01:09:29.640-07:00,,query_completed,outbound,get_commodity,ok,,periodic,6,0,,,,,0,success,
2026-08-15T01:09:29.640-07:00,,query_sent,outbound,query_operational_state,pending,,periodic,18,0,,,,,,,
2026-08-15T01:09:29.802-07:00,,link_ack,inbound,query_operational_state,ack,,link_layer,18,,,,,,,,
2026-08-15T01:09:29.926-07:00,,operational_state,inbound,query_operational_state,received,,device_response,19,4,,,4,Idle Curtailed,,,
2026-08-15T01:09:29.966-07:00,,query_completed,outbound,query_operational_state,ok,,periodic,18,0,,,,,,,
2026-08-15T01:09:58.990-07:00,,query_sent,outbound,query_operational_state,pending,,periodic,18,0,,,,,,,
2026-08-15T01:09:59.083-07:00,,link_ack,inbound,query_operational_state,ack,,link_layer,18,,,,,,,,
2026-08-15T01:09:59.206-07:00,,operational_state,inbound,query_operational_state,received,,device_response,19,4,,,4,Idle Curtailed,,,
2026-08-15T01:09:59.247-07:00,,query_completed,outbound,query_operational_state,ok,,periodic,18,0,,,,,,,
2026-08-15T01:10:29.271-07:00,,query_sent,outbound,get_commodity,pending,,periodic,6,0,,,,,,,
2026-08-15T01:10:29.369-07:00,,link_ack,inbound,get_commodity,ack,,link_layer,6,,,,,,,,
2026-08-15T01:10:29.538-07:00,,intermediate_response,inbound,get_commodity,success,,device_response,6,128,,,,,0,success,
2026-08-15T01:10:29.582-07:00,,query_completed,outbound,get_commodity,ok,,periodic,6,0,,,,,0,success,
2026-08-15T01:10:29.582-07:00,,query_sent,outbound,query_operational_state,pending,,periodic,18,0,,,,,,,
2026-08-15T01:10:29.743-07:00,,link_ack,inbound,query_operational_state,ack,,link_layer,18,,,,,,,,
2026-08-15T01:10:29.867-07:00,,operational_state,inbound,query_operational_state,received,,device_response,19,4,,,4,Idle Curtailed,,,
2026-08-15T01:10:29.908-07:00,,query_completed,outbound,query_operational_state,ok,,periodic,18,0,,,,,,,
2026-08-15T01:10:58.931-07:00,,query_sent,outbound,query_operational_state,pending,,periodic,18,0,,,,,,,
2026-08-15T01:10:59.027-07:00,,link_ack,inbound,query_operational_state,ack,,link_layer,18,,,,,,,,
2026-08-15T01:10:59.151-07:00,,operational_state,inbound,query_operational_state,received,,device_response,19,4,,,4,Idle Curtailed,,,
2026-08-15T01:10:59.191-07:00,,query_completed,outbound,query_operational_state,ok,,periodic,18,0,,,,,,,
2026-08-15T01:11:29.215-07:00,,query_sent,outbound,get_commodity,pending,,periodic,6,0,,,,,,,
2026-08-15T01:11:29.314-07:00,,link_ack,inbound,get_commodity,ack,,link_layer,6,,,,,,,,
2026-08-15T01:11:29.483-07:00,,intermediate_response,inbound,get_commodity,success,,device_response,6,128,,,,,0,success,
2026-08-15T01:11:29.526-07:00,,query_completed,outbound,get_commodity,ok,,periodic,6,0,,,,,0,success,
2026-08-15T01:11:29.527-07:00,,query_sent,outbound,query_operational_state,pending,,periodic,18,0,,,,,,,
2026-08-15T01:11:29.690-07:00,,link_ack,inbound,query_operational_state,ack,,link_layer,18,,,,,,,,
2026-08-15T01:11:29.814-07:00,,operational_state,inbound,query_operational_state,received,,device_response,19,4,,,4,Idle Curtailed,,,
2026-08-15T01:11:29.854-07:00,,query_completed,outbound,query_operational_state,ok,,periodic,18,0,,,,,,,
2026-08-15T01:11:58.877-07:00,,query_sent,outbound,query_operational_state,pending,,periodic,18,0,,,,,,,
2026-08-15T01:11:58.973-07:00,,link_ack,inbound,query_operational_state,ack,,link_layer,18,,,,,,,,
2026-08-15T01:11:59.097-07:00,,operational_state,inbound,query_operational_state,received,,device_response,19,4,,,4,Idle Curtailed,,,
2026-08-15T01:11:59.138-07:00,,query_completed,outbound,query_operational_state,ok,,periodic,18,0,,,,,,,
2026-08-15T01:12:29.162-07:00,,query_sent,outbound,get_commodity,pending,,periodic,6,0,,,,,,,
2026-08-15T01:12:29.259-07:00,,link_ack,inbound,get_commodity,ack,,link_layer,6,,,,,,,,
2026-08-15T01:12:29.428-07:00,,intermediate_response,inbound,get_commodity,success,,device_response,6,128,,,,,0,success,
2026-08-15T01:12:29.472-07:00,,query_completed,outbound,get_commodity,ok,,periodic,6,0,,,,,0,success,
2026-08-15T01:12:29.472-07:00,,query_sent,outbound,query_operational_state,pending,,periodic,18,0,,,,,,,
2026-08-15T01:12:29.634-07:00,,link_ack,inbound,query_operational_state,ack,,link_layer,18,,,,,,,,
2026-08-15T01:12:29.757-07:00,,operational_state,inbound,query_operational_state,received,,device_response,19,4,,,4,Idle Curtailed,,,
2026-08-15T01:12:29.798-07:00,,query_completed,outbound,query_operational_state,ok,,periodic,18,0,,,,,,,
2026-08-15T01:12:58.821-07:00,,query_sent,outbound,query_operational_state,pending,,periodic,18,0,,,,,,,
2026-08-15T01:12:58.915-07:00,,link_ack,inbound,query_operational_state,ack,,link_layer,18,,,,,,,,
2026-08-15T01:12:59.039-07:00,,operational_state,inbound,query_operational_state,received,,device_response,19,4,,,4,Idle Curtailed,,,
2026-08-15T01:12:59.080-07:00,,query_completed,outbound,query_operational_state,ok,,periodic,18,0,,,,,,,
2026-08-15T01:13:29.104-07:00,,query_sent,outbound,get_commodity,pending,,periodic,6,0,,,,,,,
2026-08-15T01:13:29.200-07:00,,link_ack,inbound,get_commodity,ack,,link_layer,6,,,,,,,,
2026-08-15T01:13:29.371-07:00,,intermediate_response,inbound,get_commodity,success,,device_response,6,128,,,,,0,success,
2026-08-15T01:13:29.414-07:00,,query_completed,outbound,get_commodity,ok,,periodic,6,0,,,,,0,success,
2026-08-15T01:13:29.415-07:00,,query_sent,outbound,query_operational_state,pending,,periodic,18,0,,,,,,,
2026-08-15T01:13:29.576-07:00,,link_ack,inbound,query_operational_state,ack,,link_layer,18,,,,,,,,
2026-08-15T01:13:29.700-07:00,,operational_state,inbound,query_operational_state,received,,device_response,19,4,,,4,Idle Curtailed,,,
2026-08-15T01:13:29.740-07:00,,query_completed,outbound,query_operational_state,ok,,periodic,18,0,,,,,,,
2026-08-15T01:13:58.764-07:00,,query_sent,outbound,query_operational_state,pending,,periodic,18,0,,,,,,,
2026-08-15T01:13:58.858-07:00,,link_ack,inbound,query_operational_state,ack,,link_layer,18,,,,,,,,
2026-08-15T01:13:58.981-07:00,,operational_state,inbound,query_operational_state,received,,device_response,19,4,,,4,Idle Curtailed,,,
2026-08-15T01:13:59.022-07:00,,query_completed,outbound,query_operational_state,ok,,periodic,18,0,,,,,,,
2026-08-15T01:14:29.047-07:00,,query_sent,outbound,get_commodity,pending,,periodic,6,0,,,,,,,
2026-08-15T01:14:29.142-07:00,,link_ack,inbound,get_commodity,ack,,link_layer,6,,,,,,,,
2026-08-15T01:14:29.311-07:00,,intermediate_response,inbound,get_commodity,success,,device_response,6,128,,,,,0,success,
2026-08-15T01:14:29.354-07:00,,query_completed,outbound,get_commodity,ok,,periodic,6,0,,,,,0,success,
2026-08-15T01:14:29.355-07:00,,query_sent,outbound,query_operational_state,pending,,periodic,18,0,,,,,,,
2026-08-15T01:14:29.516-07:00,,link_ack,inbound,query_operational_state,ack,,link_layer,18,,,,,,,,
2026-08-15T01:14:29.640-07:00,,operational_state,inbound,query_operational_state,received,,device_response,19,4,,,4,Idle Curtailed,,,
2026-08-15T01:14:29.681-07:00,,query_completed,outbound,query_operational_state,ok,,periodic,18,0,,,,,,,
2026-08-15T01:14:58.704-07:00,,query_sent,outbound,query_operational_state,pending,,periodic,18,0,,,,,,,
2026-08-15T01:14:58.798-07:00,,link_ack,inbound,query_operational_state,ack,,link_layer,18,,,,,,,,
2026-08-15T01:14:58.922-07:00,,operational_state,inbound,query_operational_state,received,,device_response,19,4,,,4,Idle Curtailed,,,
2026-08-15T01:14:58.963-07:00,,query_completed,outbound,query_operational_state,ok,,periodic,18,0,,,,,,,
2026-08-15T01:15:28.986-07:00,,query_sent,outbound,get_commodity,pending,,periodic,6,0,,,,,,,
2026-08-15T01:15:29.083-07:00,,link_ack,inbound,get_commodity,ack,,link_layer,6,,,,,,,,
2026-08-15T01:15:29.252-07:00,,intermediate_response,inbound,get_commodity,success,,device_response,6,128,,,,,0,success,
2026-08-15T01:15:29.296-07:00,,query_completed,outbound,get_commodity,ok,,periodic,6,0,,,,,0,success,
2026-08-15T01:15:29.296-07:00,,query_sent,outbound,query_operational_state,pending,,periodic,18,0,,,,,,,
2026-08-15T01:15:29.458-07:00,,link_ack,inbound,query_operational_state,ack,,link_layer,18,,,,,,,,
2026-08-15T01:15:29.582-07:00,,operational_state,inbound,query_operational_state,received,,device_response,19,4,,,4,Idle Curtailed,,,
2026-08-15T01:15:29.622-07:00,,query_completed,outbound,query_operational_state,ok,,periodic,18,0,,,,,,,
2026-08-15T01:15:58.645-07:00,,query_sent,outbound,query_operational_state,pending,,periodic,18,0,,,,,,,
2026-08-15T01:15:58.740-07:00,,link_ack,inbound,query_operational_state,ack,,link_layer,18,,,,,,,,
2026-08-15T01:15:58.863-07:00,,operational_state,inbound,query_operational_state,received,,device_response,19,4,,,4,Idle Curtailed,,,
2026-08-15T01:15:58.904-07:00,,query_completed,outbound,query_operational_state,ok,,periodic,18,0,,,,,,,
2026-08-15T01:16:28.929-07:00,,query_sent,outbound,get_commodity,pending,,periodic,6,0,,,,,,,
2026-08-15T01:16:29.025-07:00,,link_ack,inbound,get_commodity,ack,,link_layer,6,,,,,,,,
2026-08-15T01:16:29.194-07:00,,intermediate_response,inbound,get_commodity,success,,device_response,6,128,,,,,0,success,
2026-08-15T01:16:29.238-07:00,,query_completed,outbound,get_commodity,ok,,periodic,6,0,,,,,0,success,
2026-08-15T01:16:29.238-07:00,,query_sent,outbound,query_operational_state,pending,,periodic,18,0,,,,,,,
2026-08-15T01:16:29.400-07:00,,link_ack,inbound,query_operational_state,ack,,link_layer,18,,,,,,,,
2026-08-15T01:16:29.523-07:00,,operational_state,inbound,query_operational_state,received,,device_response,19,4,,,4,Idle Curtailed,,,
2026-08-15T01:16:29.564-07:00,,query_completed,outbound,query_operational_state,ok,,periodic,18,0,,,,,,,
2026-08-15T01:16:58.586-07:00,auto_outside_comm_heartbeat_13,command_sent,outbound,outside_communication1,pending,0,schedule,14,0,,,,,,,
2026-08-15T01:16:58.682-07:00,,link_ack,inbound,outside_communication,ack,,link_layer,14,,,,,,,,
2026-08-15T01:16:58.807-07:00,,application_ack,inbound,outside_communication,ack,,application_layer,3,14,,,,,,,
2026-08-15T01:16:58.848-07:00,auto_outside_comm_heartbeat_13,command_completed,outbound,outside_communication1,ok,0,schedule,14,0,,,,,,,
2026-08-15T01:16:58.849-07:00,,query_sent,outbound,query_operational_state,pending,,periodic,18,0,,,,,,,
2026-08-15T01:16:59.010-07:00,,link_ack,inbound,query_operational_state,ack,,link_layer,18,,,,,,,,
2026-08-15T01:16:59.133-07:00,,operational_state,inbound,query_operational_state,received,,device_response,19,4,,,4,Idle Curtailed,,,
2026-08-15T01:16:59.174-07:00,,query_completed,outbound,query_operational_state,ok,,periodic,18,0,,,,,,,
2026-08-15T01:17:29.198-07:00,,query_sent,outbound,get_commodity,pending,,periodic,6,0,,,,,,,
2026-08-15T01:17:29.297-07:00,,link_ack,inbound,get_commodity,ack,,link_layer,6,,,,,,,,
2026-08-15T01:17:29.466-07:00,,intermediate_response,inbound,get_commodity,success,,device_response,6,128,,,,,0,success,
2026-08-15T01:17:29.509-07:00,,query_completed,outbound,get_commodity,ok,,periodic,6,0,,,,,0,success,
2026-08-15T01:17:29.510-07:00,,query_sent,outbound,query_operational_state,pending,,periodic,18,0,,,,,,,
2026-08-15T01:17:29.673-07:00,,link_ack,inbound,query_operational_state,ack,,link_layer,18,,,,,,,,
2026-08-15T01:17:29.797-07:00,,operational_state,inbound,query_operational_state,received,,device_response,19,4,,,4,Idle Curtailed,,,
2026-08-15T01:17:29.838-07:00,,query_completed,outbound,query_operational_state,ok,,periodic,18,0,,,,,,,
2026-08-15T01:17:58.860-07:00,,query_sent,outbound,query_operational_state,pending,,periodic,18,0,,,,,,,
2026-08-15T01:17:58.960-07:00,,link_ack,inbound,query_operational_state,ack,,link_layer,18,,,,,,,,
2026-08-15T01:17:59.084-07:00,,operational_state,inbound,query_operational_state,received,,device_response,19,4,,,4,Idle Curtailed,,,
2026-08-15T01:17:59.125-07:00,,query_completed,outbound,query_operational_state,ok,,periodic,18,0,,,,,,,
2026-08-15T01:18:29.148-07:00,,query_sent,outbound,get_commodity,pending,,periodic,6,0,,,,,,,
2026-08-15T01:18:29.246-07:00,,link_ack,inbound,get_commodity,ack,,link_layer,6,,,,,,,,
2026-08-15T01:18:29.415-07:00,,intermediate_response,inbound,get_commodity,success,,device_response,6,128,,,,,0,success,
2026-08-15T01:18:29.458-07:00,,query_completed,outbound,get_commodity,ok,,periodic,6,0,,,,,0,success,
2026-08-15T01:18:29.458-07:00,,query_sent,outbound,query_operational_state,pending,,periodic,18,0,,,,,,,
2026-08-15T01:18:29.621-07:00,,link_ack,inbound,query_operational_state,ack,,link_layer,18,,,,,,,,
2026-08-15T01:18:29.745-07:00,,operational_state,inbound,query_operational_state,received,,device_response,19,4,,,4,Idle Curtailed,,,
2026-08-15T01:18:29.786-07:00,,query_completed,outbound,query_operational_state,ok,,periodic,18,0,,,,,,,
2026-08-15T01:18:58.809-07:00,,query_sent,outbound,query_operational_state,pending,,periodic,18,0,,,,,,,
2026-08-15T01:18:58.907-07:00,,link_ack,inbound,query_operational_state,ack,,link_layer,18,,,,,,,,
2026-08-15T01:18:59.031-07:00,,operational_state,inbound,query_operational_state,received,,device_response,19,4,,,4,Idle Curtailed,,,
2026-08-15T01:18:59.071-07:00,,query_completed,outbound,query_operational_state,ok,,periodic,18,0,,,,,,,
2026-08-15T01:19:29.095-07:00,,query_sent,outbound,get_commodity,pending,,periodic,6,0,,,,,,,
2026-08-15T01:19:29.195-07:00,,link_ack,inbound,get_commodity,ack,,link_layer,6,,,,,,,,
2026-08-15T01:19:29.365-07:00,,intermediate_response,inbound,get_commodity,success,,device_response,6,128,,,,,0,success,
2026-08-15T01:19:29.408-07:00,,query_completed,outbound,get_commodity,ok,,periodic,6,0,,,,,0,success,
2026-08-15T01:19:29.409-07:00,,query_sent,outbound,query_operational_state,pending,,periodic,18,0,,,,,,,
2026-08-15T01:19:29.571-07:00,,link_ack,inbound,query_operational_state,ack,,link_layer,18,,,,,,,,
2026-08-15T01:19:29.694-07:00,,operational_state,inbound,query_operational_state,received,,device_response,19,4,,,4,Idle Curtailed,,,
2026-08-15T01:19:29.735-07:00,,query_completed,outbound,query_operational_state,ok,,periodic,18,0,,,,,,,
2026-08-15T01:19:58.757-07:00,,query_sent,outbound,query_operational_state,pending,,periodic,18,0,,,,,,,
2026-08-15T01:19:58.855-07:00,,link_ack,inbound,query_operational_state,ack,,link_layer,18,,,,,,,,
2026-08-15T01:19:58.979-07:00,,operational_state,inbound,query_operational_state,received,,device_response,19,4,,,4,Idle Curtailed,,,
2026-08-15T01:19:59.019-07:00,,query_completed,outbound,query_operational_state,ok,,periodic,18,0,,,,,,,
2026-08-15T01:20:29.042-07:00,,query_sent,outbound,get_commodity,pending,,periodic,6,0,,,,,,,
2026-08-15T01:20:29.143-07:00,,link_ack,inbound,get_commodity,ack,,link_layer,6,,,,,,,,
2026-08-15T01:20:29.312-07:00,,intermediate_response,inbound,get_commodity,success,,device_response,6,128,,,,,0,success,
2026-08-15T01:20:29.355-07:00,,query_completed,outbound,get_commodity,ok,,periodic,6,0,,,,,0,success,
2026-08-15T01:20:29.355-07:00,,query_sent,outbound,query_operational_state,pending,,periodic,18,0,,,,,,,
2026-08-15T01:20:29.517-07:00,,link_ack,inbound,query_operational_state,ack,,link_layer,18,,,,,,,,
2026-08-15T01:20:29.641-07:00,,operational_state,inbound,query_operational_state,received,,device_response,19,4,,,4,Idle Curtailed,,,
2026-08-15T01:20:29.682-07:00,,query_completed,outbound,query_operational_state,ok,,periodic,18,0,,,,,,,
2026-08-15T01:20:58.704-07:00,,query_sent,outbound,query_operational_state,pending,,periodic,18,0,,,,,,,
2026-08-15T01:20:58.799-07:00,,link_ack,inbound,query_operational_state,ack,,link_layer,18,,,,,,,,
2026-08-15T01:20:58.923-07:00,,operational_state,inbound,query_operational_state,received,,device_response,19,4,,,4,Idle Curtailed,,,
2026-08-15T01:20:58.963-07:00,,query_completed,outbound,query_operational_state,ok,,periodic,18,0,,,,,,,
2026-08-15T01:21:28.986-07:00,,query_sent,outbound,get_commodity,pending,,periodic,6,0,,,,,,,
2026-08-15T01:21:29.085-07:00,,link_ack,inbound,get_commodity,ack,,link_layer,6,,,,,,,,
2026-08-15T01:21:29.255-07:00,,intermediate_response,inbound,get_commodity,success,,device_response,6,128,,,,,0,success,
2026-08-15T01:21:29.299-07:00,,query_completed,outbound,get_commodity,ok,,periodic,6,0,,,,,0,success,
2026-08-15T01:21:29.299-07:00,,query_sent,outbound,query_operational_state,pending,,periodic,18,0,,,,,,,
2026-08-15T01:21:29.461-07:00,,link_ack,inbound,query_operational_state,ack,,link_layer,18,,,,,,,,
2026-08-15T01:21:29.585-07:00,,operational_state,inbound,query_operational_state,received,,device_response,19,4,,,4,Idle Curtailed,,,
2026-08-15T01:21:29.625-07:00,,query_completed,outbound,query_operational_state,ok,,periodic,18,0,,,,,,,
2026-08-15T01:21:58.646-07:00,,query_sent,outbound,query_operational_state,pending,,periodic,18,0,,,,,,,
2026-08-15T01:21:58.742-07:00,,link_ack,inbound,query_operational_state,ack,,link_layer,18,,,,,,,,
2026-08-15T01:21:58.867-07:00,,operational_state,inbound,query_operational_state,received,,device_response,19,4,,,4,Idle Curtailed,,,
2026-08-15T01:21:58.907-07:00,,query_completed,outbound,query_operational_state,ok,,periodic,18,0,,,,,,,
2026-08-15T01:22:28.931-07:00,,query_sent,outbound,get_commodity,pending,,periodic,6,0,,,,,,,
2026-08-15T01:22:29.033-07:00,,link_ack,inbound,get_commodity,ack,,link_layer,6,,,,,,,,
2026-08-15T01:22:29.202-07:00,,intermediate_response,inbound,get_commodity,success,,device_response,6,128,,,,,0,success,
2026-08-15T01:22:29.246-07:00,,query_completed,outbound,get_commodity,ok,,periodic,6,0,,,,,0,success,
2026-08-15T01:22:29.246-07:00,,query_sent,outbound,query_operational_state,pending,,periodic,18,0,,,,,,,
2026-08-15T01:22:29.408-07:00,,link_ack,inbound,query_operational_state,ack,,link_layer,18,,,,,,,,
2026-08-15T01:22:29.531-07:00,,operational_state,inbound,query_operational_state,received,,device_response,19,4,,,4,Idle Curtailed,,,
2026-08-15T01:22:29.572-07:00,,query_completed,outbound,query_operational_state,ok,,periodic,18,0,,,,,,,
2026-08-15T01:22:58.595-07:00,,query_sent,outbound,query_operational_state,pending,,periodic,18,0,,,,,,,
2026-08-15T01:22:58.694-07:00,,link_ack,inbound,query_operational_state,ack,,link_layer,18,,,,,,,,
2026-08-15T01:22:58.817-07:00,,operational_state,inbound,query_operational_state,received,,device_response,19,4,,,4,Idle Curtailed,,,
2026-08-15T01:22:58.858-07:00,,query_completed,outbound,query_operational_state,ok,,periodic,18,0,,,,,,,
2026-08-15T01:23:28.882-07:00,,query_sent,outbound,get_commodity,pending,,periodic,6,0,,,,,,,
2026-08-15T01:23:28.982-07:00,,link_ack,inbound,get_commodity,ack,,link_layer,6,,,,,,,,
2026-08-15T01:23:29.152-07:00,,intermediate_response,inbound,get_commodity,success,,device_response,6,128,,,,,0,success,
2026-08-15T01:23:29.195-07:00,,query_completed,outbound,get_commodity,ok,,periodic,6,0,,,,,0,success,
2026-08-15T01:23:29.195-07:00,,query_sent,outbound,query_operational_state,pending,,periodic,18,0,,,,,,,
2026-08-15T01:23:29.357-07:00,,link_ack,inbound,query_operational_state,ack,,link_layer,18,,,,,,,,
2026-08-15T01:23:29.481-07:00,,operational_state,inbound,query_operational_state,received,,device_response,19,4,,,4,Idle Curtailed,,,
2026-08-15T01:23:29.522-07:00,,query_completed,outbound,query_operational_state,ok,,periodic,18,0,,,,,,,
2026-08-15T01:23:58.545-07:00,,query_sent,outbound,query_operational_state,pending,,periodic,18,0,,,,,,,
2026-08-15T01:23:58.643-07:00,,link_ack,inbound,query_operational_state,ack,,link_layer,18,,,,,,,,
2026-08-15T01:23:58.767-07:00,,operational_state,inbound,query_operational_state,received,,device_response,19,4,,,4,Idle Curtailed,,,
2026-08-15T01:23:58.807-07:00,,query_completed,outbound,query_operational_state,ok,,periodic,18,0,,,,,,,
2026-08-15T01:24:28.832-07:00,,query_sent,outbound,get_commodity,pending,,periodic,6,0,,,,,,,
2026-08-15T01:24:28.930-07:00,,link_ack,inbound,get_commodity,ack,,link_layer,6,,,,,,,,
2026-08-15T01:24:29.099-07:00,,intermediate_response,inbound,get_commodity,success,,device_response,6,128,,,,,0,success,
2026-08-15T01:24:29.143-07:00,,query_completed,outbound,get_commodity,ok,,periodic,6,0,,,,,0,success,
2026-08-15T01:24:29.143-07:00,,query_sent,outbound,query_operational_state,pending,,periodic,18,0,,,,,,,
2026-08-15T01:24:29.305-07:00,,link_ack,inbound,query_operational_state,ack,,link_layer,18,,,,,,,,
2026-08-15T01:24:29.429-07:00,,operational_state,inbound,query_operational_state,received,,device_response,19,4,,,4,Idle Curtailed,,,
2026-08-15T01:24:29.469-07:00,,query_completed,outbound,query_operational_state,ok,,periodic,18,0,,,,,,,
2026-08-15T01:24:58.493-07:00,,query_sent,outbound,query_operational_state,pending,,periodic,18,0,,,,,,,
2026-08-15T01:24:58.593-07:00,,link_ack,inbound,query_operational_state,ack,,link_layer,18,,,,,,,,
2026-08-15T01:24:58.714-07:00,,operational_state,inbound,query_operational_state,received,,device_response,19,4,,,4,Idle Curtailed,,,
2026-08-15T01:24:58.755-07:00,,query_completed,outbound,query_operational_state,ok,,periodic,18,0,,,,,,,
2026-08-15T01:25:28.779-07:00,,query_sent,outbound,get_commodity,pending,,periodic,6,0,,,,,,,
2026-08-15T01:25:28.879-07:00,,link_ack,inbound,get_commodity,ack,,link_layer,6,,,,,,,,
2026-08-15T01:25:29.048-07:00,,intermediate_response,inbound,get_commodity,success,,device_response,6,128,,,,,0,success,
2026-08-15T01:25:29.091-07:00,,query_completed,outbound,get_commodity,ok,,periodic,6,0,,,,,0,success,
2026-08-15T01:25:29.092-07:00,,query_sent,outbound,query_operational_state,pending,,periodic,18,0,,,,,,,
2026-08-15T01:25:29.253-07:00,,link_ack,inbound,query_operational_state,ack,,link_layer,18,,,,,,,,
2026-08-15T01:25:29.377-07:00,,operational_state,inbound,query_operational_state,received,,device_response,19,4,,,4,Idle Curtailed,,,
2026-08-15T01:25:29.418-07:00,,query_completed,outbound,query_operational_state,ok,,periodic,18,0,,,,,,,
2026-08-15T01:25:58.441-07:00,,query_sent,outbound,query_operational_state,pending,,periodic,18,0,,,,,,,
2026-08-15T01:25:58.541-07:00,,link_ack,inbound,query_operational_state,ack,,link_layer,18,,,,,,,,
2026-08-15T01:25:58.664-07:00,,operational_state,inbound,query_operational_state,received,,device_response,19,4,,,4,Idle Curtailed,,,
2026-08-15T01:25:58.705-07:00,,query_completed,outbound,query_operational_state,ok,,periodic,18,0,,,,,,,
2026-08-15T01:26:28.728-07:00,,query_sent,outbound,get_commodity,pending,,periodic,6,0,,,,,,,
2026-08-15T01:26:28.829-07:00,,link_ack,inbound,get_commodity,ack,,link_layer,6,,,,,,,,
2026-08-15T01:26:28.998-07:00,,intermediate_response,inbound,get_commodity,success,,device_response,6,128,,,,,0,success,
2026-08-15T01:26:29.042-07:00,,query_completed,outbound,get_commodity,ok,,periodic,6,0,,,,,0,success,
2026-08-15T01:26:29.042-07:00,,query_sent,outbound,query_operational_state,pending,,periodic,18,0,,,,,,,
2026-08-15T01:26:29.204-07:00,,link_ack,inbound,query_operational_state,ack,,link_layer,18,,,,,,,,
2026-08-15T01:26:29.328-07:00,,operational_state,inbound,query_operational_state,received,,device_response,19,4,,,4,Idle Curtailed,,,
2026-08-15T01:26:29.368-07:00,,query_completed,outbound,query_operational_state,ok,,periodic,18,0,,,,,,,
2026-08-15T01:26:58.392-07:00,,query_sent,outbound,query_operational_state,pending,,periodic,18,0,,,,,,,
2026-08-15T01:26:58.489-07:00,,link_ack,inbound,query_operational_state,ack,,link_layer,18,,,,,,,,
2026-08-15T01:26:58.613-07:00,,operational_state,inbound,query_operational_state,received,,device_response,19,4,,,4,Idle Curtailed,,,
2026-08-15T01:26:58.653-07:00,,query_completed,outbound,query_operational_state,ok,,periodic,18,0,,,,,,,
2026-08-15T01:27:28.677-07:00,,query_sent,outbound,get_commodity,pending,,periodic,6,0,,,,,,,
2026-08-15T01:27:28.777-07:00,,link_ack,inbound,get_commodity,ack,,link_layer,6,,,,,,,,
2026-08-15T01:27:28.947-07:00,,intermediate_response,inbound,get_commodity,success,,device_response,6,128,,,,,0,success,
2026-08-15T01:27:28.990-07:00,,query_completed,outbound,get_commodity,ok,,periodic,6,0,,,,,0,success,
2026-08-15T01:27:28.990-07:00,,query_sent,outbound,query_operational_state,pending,,periodic,18,0,,,,,,,
2026-08-15T01:27:29.154-07:00,,link_ack,inbound,query_operational_state,ack,,link_layer,18,,,,,,,,
2026-08-15T01:27:29.278-07:00,,operational_state,inbound,query_operational_state,received,,device_response,19,4,,,4,Idle Curtailed,,,
2026-08-15T01:27:29.319-07:00,,query_completed,outbound,query_operational_state,ok,,periodic,18,0,,,,,,,
2026-08-15T01:27:59.343-07:00,,query_sent,outbound,query_operational_state,pending,,periodic,18,0,,,,,,,
2026-08-15T01:27:59.443-07:00,,link_ack,inbound,query_operational_state,ack,,link_layer,18,,,,,,,,
2026-08-15T01:27:59.565-07:00,,operational_state,inbound,query_operational_state,received,,device_response,19,4,,,4,Idle Curtailed,,,
2026-08-15T01:27:59.606-07:00,,query_completed,outbound,query_operational_state,ok,,periodic,18,0,,,,,,,
2026-08-15T01:28:28.629-07:00,,query_sent,outbound,get_commodity,pending,,periodic,6,0,,,,,,,
2026-08-15T01:28:28.727-07:00,,link_ack,inbound,get_commodity,ack,,link_layer,6,,,,,,,,
2026-08-15T01:28:28.896-07:00,,intermediate_response,inbound,get_commodity,success,,device_response,6,128,,,,,0,success,
2026-08-15T01:28:28.940-07:00,,query_completed,outbound,get_commodity,ok,,periodic,6,0,,,,,0,success,
2026-08-15T01:28:28.940-07:00,,query_sent,outbound,query_operational_state,pending,,periodic,18,0,,,,,,,
2026-08-15T01:28:29.105-07:00,,link_ack,inbound,query_operational_state,ack,,link_layer,18,,,,,,,,
2026-08-15T01:28:29.228-07:00,,operational_state,inbound,query_operational_state,received,,device_response,19,4,,,4,Idle Curtailed,,,
2026-08-15T01:28:29.269-07:00,,query_completed,outbound,query_operational_state,ok,,periodic,18,0,,,,,,,
2026-08-15T01:28:59.293-07:00,,query_sent,outbound,query_operational_state,pending,,periodic,18,0,,,,,,,
2026-08-15T01:28:59.392-07:00,,link_ack,inbound,query_operational_state,ack,,link_layer,18,,,,,,,,
2026-08-15T01:28:59.515-07:00,,operational_state,inbound,query_operational_state,received,,device_response,19,4,,,4,Idle Curtailed,,,
2026-08-15T01:28:59.556-07:00,,query_completed,outbound,query_operational_state,ok,,periodic,18,0,,,,,,,
2026-08-15T01:29:28.578-07:00,,query_sent,outbound,get_commodity,pending,,periodic,6,0,,,,,,,
2026-08-15T01:29:28.674-07:00,,link_ack,inbound,get_commodity,ack,,link_layer,6,,,,,,,,
2026-08-15T01:29:28.844-07:00,,intermediate_response,inbound,get_commodity,success,,device_response,6,128,,,,,0,success,
2026-08-15T01:29:28.887-07:00,,query_completed,outbound,get_commodity,ok,,periodic,6,0,,,,,0,success,
2026-08-15T01:29:28.888-07:00,,query_sent,outbound,query_operational_state,pending,,periodic,18,0,,,,,,,
2026-08-15T01:29:29.050-07:00,,link_ack,inbound,query_operational_state,ack,,link_layer,18,,,,,,,,
2026-08-15T01:29:29.173-07:00,,operational_state,inbound,query_operational_state,received,,device_response,19,4,,,4,Idle Curtailed,,,
2026-08-15T01:29:29.214-07:00,,query_completed,outbound,query_operational_state,ok,,periodic,18,0,,,,,,,
2026-08-15T01:29:59.237-07:00,,query_sent,outbound,query_operational_state,pending,,periodic,18,0,,,,,,,
2026-08-15T01:29:59.335-07:00,,link_ack,inbound,query_operational_state,ack,,link_layer,18,,,,,,,,
2026-08-15T01:29:59.459-07:00,,operational_state,inbound,query_operational_state,received,,device_response,19,4,,,4,Idle Curtailed,,,
2026-08-15T01:29:59.499-07:00,,query_completed,outbound,query_operational_state,ok,,periodic,18,0,,,,,,,
2026-08-15T01:30:28.521-07:00,auto_outside_comm_heartbeat_14,command_sent,outbound,outside_communication1,pending,0,schedule,14,0,,,,,,,
2026-08-15T01:30:28.617-07:00,,link_ack,inbound,outside_communication,ack,,link_layer,14,,,,,,,,
2026-08-15T01:30:28.741-07:00,,application_ack,inbound,outside_communication,ack,,application_layer,3,14,,,,,,,
2026-08-15T01:30:28.781-07:00,auto_outside_comm_heartbeat_14,command_completed,outbound,outside_communication1,ok,0,schedule,14,0,,,,,,,
2026-08-15T01:30:28.783-07:00,,query_sent,outbound,get_commodity,pending,,periodic,6,0,,,,,,,
2026-08-15T01:30:28.945-07:00,,link_ack,inbound,get_commodity,ack,,link_layer,6,,,,,,,,
2026-08-15T01:30:29.113-07:00,,intermediate_response,inbound,get_commodity,success,,device_response,6,128,,,,,0,success,
2026-08-15T01:30:29.157-07:00,,query_completed,outbound,get_commodity,ok,,periodic,6,0,,,,,0,success,
2026-08-15T01:30:29.157-07:00,,query_sent,outbound,query_operational_state,pending,,periodic,18,0,,,,,,,
2026-08-15T01:30:29.319-07:00,,link_ack,inbound,query_operational_state,ack,,link_layer,18,,,,,,,,
2026-08-15T01:30:29.443-07:00,,operational_state,inbound,query_operational_state,received,,device_response,19,4,,,4,Idle Curtailed,,,
2026-08-15T01:30:29.484-07:00,,query_completed,outbound,query_operational_state,ok,,periodic,18,0,,,,,,,
2026-08-15T01:30:58.506-07:00,,query_sent,outbound,query_operational_state,pending,,periodic,18,0,,,,,,,
2026-08-15T01:30:58.600-07:00,,link_ack,inbound,query_operational_state,ack,,link_layer,18,,,,,,,,
2026-08-15T01:30:58.723-07:00,,operational_state,inbound,query_operational_state,received,,device_response,19,4,,,4,Idle Curtailed,,,
2026-08-15T01:30:58.764-07:00,,query_completed,outbound,query_operational_state,ok,,periodic,18,0,,,,,,,
2026-08-15T01:31:28.787-07:00,,query_sent,outbound,get_commodity,pending,,periodic,6,0,,,,,,,
2026-08-15T01:31:28.884-07:00,,link_ack,inbound,get_commodity,ack,,link_layer,6,,,,,,,,
2026-08-15T01:31:29.052-07:00,,intermediate_response,inbound,get_commodity,success,,device_response,6,128,,,,,0,success,
2026-08-15T01:31:29.095-07:00,,query_completed,outbound,get_commodity,ok,,periodic,6,0,,,,,0,success,
2026-08-15T01:31:29.096-07:00,,query_sent,outbound,query_operational_state,pending,,periodic,18,0,,,,,,,
2026-08-15T01:31:29.259-07:00,,link_ack,inbound,query_operational_state,ack,,link_layer,18,,,,,,,,
2026-08-15T01:31:29.382-07:00,,operational_state,inbound,query_operational_state,received,,device_response,19,4,,,4,Idle Curtailed,,,
2026-08-15T01:31:29.423-07:00,,query_completed,outbound,query_operational_state,ok,,periodic,18,0,,,,,,,
2026-08-15T01:31:58.445-07:00,,query_sent,outbound,query_operational_state,pending,,periodic,18,0,,,,,,,
2026-08-15T01:31:58.541-07:00,,link_ack,inbound,query_operational_state,ack,,link_layer,18,,,,,,,,
2026-08-15T01:31:58.664-07:00,,operational_state,inbound,query_operational_state,received,,device_response,19,4,,,4,Idle Curtailed,,,
2026-08-15T01:31:58.704-07:00,,query_completed,outbound,query_operational_state,ok,,periodic,18,0,,,,,,,
2026-08-15T01:32:28.727-07:00,,query_sent,outbound,get_commodity,pending,,periodic,6,0,,,,,,,
2026-08-15T01:32:28.825-07:00,,link_ack,inbound,get_commodity,ack,,link_layer,6,,,,,,,,
2026-08-15T01:32:28.993-07:00,,intermediate_response,inbound,get_commodity,success,,device_response,6,128,,,,,0,success,
2026-08-15T01:32:29.037-07:00,,query_completed,outbound,get_commodity,ok,,periodic,6,0,,,,,0,success,
2026-08-15T01:32:29.037-07:00,,query_sent,outbound,query_operational_state,pending,,periodic,18,0,,,,,,,
2026-08-15T01:32:29.201-07:00,,link_ack,inbound,query_operational_state,ack,,link_layer,18,,,,,,,,
2026-08-15T01:32:29.324-07:00,,operational_state,inbound,query_operational_state,received,,device_response,19,4,,,4,Idle Curtailed,,,
2026-08-15T01:32:29.365-07:00,,query_completed,outbound,query_operational_state,ok,,periodic,18,0,,,,,,,
2026-08-15T01:32:58.387-07:00,,query_sent,outbound,query_operational_state,pending,,periodic,18,0,,,,,,,
2026-08-15T01:32:58.485-07:00,,link_ack,inbound,query_operational_state,ack,,link_layer,18,,,,,,,,
2026-08-15T01:32:58.608-07:00,,operational_state,inbound,query_operational_state,received,,device_response,19,4,,,4,Idle Curtailed,,,
2026-08-15T01:32:58.649-07:00,,query_completed,outbound,query_operational_state,ok,,periodic,18,0,,,,,,,
2026-08-15T01:33:28.672-07:00,,query_sent,outbound,get_commodity,pending,,periodic,6,0,,,,,,,
2026-08-15T01:33:28.770-07:00,,link_ack,inbound,get_commodity,ack,,link_layer,6,,,,,,,,
2026-08-15T01:33:28.939-07:00,,intermediate_response,inbound,get_commodity,success,,device_response,6,128,,,,,0,success,
2026-08-15T01:33:28.983-07:00,,query_completed,outbound,get_commodity,ok,,periodic,6,0,,,,,0,success,
2026-08-15T01:33:28.983-07:00,,query_sent,outbound,query_operational_state,pending,,periodic,18,0,,,,,,,
2026-08-15T01:33:29.144-07:00,,link_ack,inbound,query_operational_state,ack,,link_layer,18,,,,,,,,
2026-08-15T01:33:29.268-07:00,,operational_state,inbound,query_operational_state,received,,device_response,19,4,,,4,Idle Curtailed,,,
2026-08-15T01:33:29.309-07:00,,query_completed,outbound,query_operational_state,ok,,periodic,18,0,,,,,,,
2026-08-15T01:33:59.332-07:00,,query_sent,outbound,query_operational_state,pending,,periodic,18,0,,,,,,,
2026-08-15T01:33:59.431-07:00,,link_ack,inbound,query_operational_state,ack,,link_layer,18,,,,,,,,
2026-08-15T01:33:59.555-07:00,,operational_state,inbound,query_operational_state,received,,device_response,19,4,,,4,Idle Curtailed,,,
2026-08-15T01:33:59.596-07:00,,query_completed,outbound,query_operational_state,ok,,periodic,18,0,,,,,,,
2026-08-15T01:34:28.618-07:00,,query_sent,outbound,get_commodity,pending,,periodic,6,0,,,,,,,
2026-08-15T01:34:28.713-07:00,,link_ack,inbound,get_commodity,ack,,link_layer,6,,,,,,,,
2026-08-15T01:34:28.883-07:00,,intermediate_response,inbound,get_commodity,success,,device_response,6,128,,,,,0,success,
2026-08-15T01:34:28.926-07:00,,query_completed,outbound,get_commodity,ok,,periodic,6,0,,,,,0,success,
2026-08-15T01:34:28.927-07:00,,query_sent,outbound,query_operational_state,pending,,periodic,18,0,,,,,,,
2026-08-15T01:34:29.088-07:00,,link_ack,inbound,query_operational_state,ack,,link_layer,18,,,,,,,,
2026-08-15T01:34:29.212-07:00,,operational_state,inbound,query_operational_state,received,,device_response,19,4,,,4,Idle Curtailed,,,
2026-08-15T01:34:29.252-07:00,,query_completed,outbound,query_operational_state,ok,,periodic,18,0,,,,,,,
2026-08-15T01:34:59.276-07:00,,query_sent,outbound,query_operational_state,pending,,periodic,18,0,,,,,,,
2026-08-15T01:34:59.371-07:00,,link_ack,inbound,query_operational_state,ack,,link_layer,18,,,,,,,,
2026-08-15T01:34:59.495-07:00,,operational_state,inbound,query_operational_state,received,,device_response,19,4,,,4,Idle Curtailed,,,
2026-08-15T01:34:59.535-07:00,,query_completed,outbound,query_operational_state,ok,,periodic,18,0,,,,,,,
2026-08-15T01:35:28.558-07:00,,query_sent,outbound,get_commodity,pending,,periodic,6,0,,,,,,,
2026-08-15T01:35:28.653-07:00,,link_ack,inbound,get_commodity,ack,,link_layer,6,,,,,,,,
2026-08-15T01:35:28.822-07:00,,intermediate_response,inbound,get_commodity,success,,device_response,6,128,,,,,0,success,
2026-08-15T01:35:28.866-07:00,,query_completed,outbound,get_commodity,ok,,periodic,6,0,,,,,0,success,
2026-08-15T01:35:28.866-07:00,,query_sent,outbound,query_operational_state,pending,,periodic,18,0,,,,,,,
2026-08-15T01:35:29.029-07:00,,link_ack,inbound,query_operational_state,ack,,link_layer,18,,,,,,,,
2026-08-15T01:35:29.152-07:00,,operational_state,inbound,query_operational_state,received,,device_response,19,4,,,4,Idle Curtailed,,,
2026-08-15T01:35:29.193-07:00,,query_completed,outbound,query_operational_state,ok,,periodic,18,0,,,,,,,
2026-08-15T01:35:59.216-07:00,,query_sent,outbound,query_operational_state,pending,,periodic,18,0,,,,,,,
2026-08-15T01:35:59.315-07:00,,link_ack,inbound,query_operational_state,ack,,link_layer,18,,,,,,,,
2026-08-15T01:35:59.438-07:00,,operational_state,inbound,query_operational_state,received,,device_response,19,4,,,4,Idle Curtailed,,,
2026-08-15T01:35:59.479-07:00,,query_completed,outbound,query_operational_state,ok,,periodic,18,0,,,,,,,
2026-08-15T01:36:28.501-07:00,,query_sent,outbound,get_commodity,pending,,periodic,6,0,,,,,,,
2026-08-15T01:36:28.596-07:00,,link_ack,inbound,get_commodity,ack,,link_layer,6,,,,,,,,
2026-08-15T01:36:28.766-07:00,,intermediate_response,inbound,get_commodity,success,,device_response,6,128,,,,,0,success,
2026-08-15T01:36:28.810-07:00,,query_completed,outbound,get_commodity,ok,,periodic,6,0,,,,,0,success,
2026-08-15T01:36:28.810-07:00,,query_sent,outbound,query_operational_state,pending,,periodic,18,0,,,,,,,
2026-08-15T01:36:28.975-07:00,,link_ack,inbound,query_operational_state,ack,,link_layer,18,,,,,,,,
2026-08-15T01:36:29.098-07:00,,operational_state,inbound,query_operational_state,received,,device_response,19,4,,,4,Idle Curtailed,,,
2026-08-15T01:36:29.139-07:00,,query_completed,outbound,query_operational_state,ok,,periodic,18,0,,,,,,,
2026-08-15T01:36:59.162-07:00,,query_sent,outbound,query_operational_state,pending,,periodic,18,0,,,,,,,
2026-08-15T01:36:59.262-07:00,,link_ack,inbound,query_operational_state,ack,,link_layer,18,,,,,,,,
2026-08-15T01:36:59.385-07:00,,operational_state,inbound,query_operational_state,received,,device_response,19,4,,,4,Idle Curtailed,,,
2026-08-15T01:36:59.426-07:00,,query_completed,outbound,query_operational_state,ok,,periodic,18,0,,,,,,,
2026-08-15T01:37:28.448-07:00,,query_sent,outbound,get_commodity,pending,,periodic,6,0,,,,,,,
2026-08-15T01:37:28.544-07:00,,link_ack,inbound,get_commodity,ack,,link_layer,6,,,,,,,,
2026-08-15T01:37:28.713-07:00,,intermediate_response,inbound,get_commodity,success,,device_response,6,128,,,,,0,success,
2026-08-15T01:37:28.756-07:00,,query_completed,outbound,get_commodity,ok,,periodic,6,0,,,,,0,success,
2026-08-15T01:37:28.757-07:00,,query_sent,outbound,query_operational_state,pending,,periodic,18,0,,,,,,,
2026-08-15T01:37:28.918-07:00,,link_ack,inbound,query_operational_state,ack,,link_layer,18,,,,,,,,
2026-08-15T01:37:29.042-07:00,,operational_state,inbound,query_operational_state,received,,device_response,19,4,,,4,Idle Curtailed,,,
2026-08-15T01:37:29.083-07:00,,query_completed,outbound,query_operational_state,ok,,periodic,18,0,,,,,,,
2026-08-15T01:37:59.106-07:00,,query_sent,outbound,query_operational_state,pending,,periodic,18,0,,,,,,,
2026-08-15T01:37:59.207-07:00,,link_ack,inbound,query_operational_state,ack,,link_layer,18,,,,,,,,
2026-08-15T01:37:59.330-07:00,,operational_state,inbound,query_operational_state,received,,device_response,19,4,,,4,Idle Curtailed,,,
2026-08-15T01:37:59.371-07:00,,query_completed,outbound,query_operational_state,ok,,periodic,18,0,,,,,,,
2026-08-15T01:38:28.394-07:00,,query_sent,outbound,get_commodity,pending,,periodic,6,0,,,,,,,
2026-08-15T01:38:28.494-07:00,,link_ack,inbound,get_commodity,ack,,link_layer,6,,,,,,,,
2026-08-15T01:38:28.663-07:00,,intermediate_response,inbound,get_commodity,success,,device_response,6,128,,,,,0,success,
2026-08-15T01:38:28.707-07:00,,query_completed,outbound,get_commodity,ok,,periodic,6,0,,,,,0,success,
2026-08-15T01:38:28.707-07:00,,query_sent,outbound,query_operational_state,pending,,periodic,18,0,,,,,,,
2026-08-15T01:38:28.869-07:00,,link_ack,inbound,query_operational_state,ack,,link_layer,18,,,,,,,,
2026-08-15T01:38:28.993-07:00,,operational_state,inbound,query_operational_state,received,,device_response,19,4,,,4,Idle Curtailed,,,
2026-08-15T01:38:29.034-07:00,,query_completed,outbound,query_operational_state,ok,,periodic,18,0,,,,,,,
2026-08-15T01:38:59.057-07:00,,query_sent,outbound,query_operational_state,pending,,periodic,18,0,,,,,,,
2026-08-15T01:38:59.151-07:00,,link_ack,inbound,query_operational_state,ack,,link_layer,18,,,,,,,,
2026-08-15T01:38:59.275-07:00,,operational_state,inbound,query_operational_state,received,,device_response,19,4,,,4,Idle Curtailed,,,
2026-08-15T01:38:59.316-07:00,,query_completed,outbound,query_operational_state,ok,,periodic,18,0,,,,,,,
2026-08-15T01:39:29.338-07:00,,query_sent,outbound,get_commodity,pending,,periodic,6,0,,,,,,,
2026-08-15T01:39:29.438-07:00,,link_ack,inbound,get_commodity,ack,,link_layer,6,,,,,,,,
2026-08-15T01:39:29.607-07:00,,intermediate_response,inbound,get_commodity,success,,device_response,6,128,,,,,0,success,
2026-08-15T01:39:29.650-07:00,,query_completed,outbound,get_commodity,ok,,periodic,6,0,,,,,0,success,
2026-08-15T01:39:29.651-07:00,,query_sent,outbound,query_operational_state,pending,,periodic,18,0,,,,,,,
2026-08-15T01:39:29.812-07:00,,link_ack,inbound,query_operational_state,ack,,link_layer,18,,,,,,,,
2026-08-15T01:39:29.936-07:00,,operational_state,inbound,query_operational_state,received,,device_response,19,4,,,4,Idle Curtailed,,,
2026-08-15T01:39:29.977-07:00,,query_completed,outbound,query_operational_state,ok,,periodic,18,0,,,,,,,
2026-08-15T01:39:58.999-07:00,,query_sent,outbound,query_operational_state,pending,,periodic,18,0,,,,,,,
2026-08-15T01:39:59.098-07:00,,link_ack,inbound,query_operational_state,ack,,link_layer,18,,,,,,,,
2026-08-15T01:39:59.222-07:00,,operational_state,inbound,query_operational_state,received,,device_response,19,4,,,4,Idle Curtailed,,,
2026-08-15T01:39:59.263-07:00,,query_completed,outbound,query_operational_state,ok,,periodic,18,0,,,,,,,
2026-08-15T01:40:29.286-07:00,,query_sent,outbound,get_commodity,pending,,periodic,6,0,,,,,,,
2026-08-15T01:40:29.384-07:00,,link_ack,inbound,get_commodity,ack,,link_layer,6,,,,,,,,
2026-08-15T01:40:29.553-07:00,,intermediate_response,inbound,get_commodity,success,,device_response,6,128,,,,,0,success,
2026-08-15T01:40:29.596-07:00,,query_completed,outbound,get_commodity,ok,,periodic,6,0,,,,,0,success,
2026-08-15T01:40:29.597-07:00,,query_sent,outbound,query_operational_state,pending,,periodic,18,0,,,,,,,
2026-08-15T01:40:29.759-07:00,,link_ack,inbound,query_operational_state,ack,,link_layer,18,,,,,,,,
2026-08-15T01:40:29.884-07:00,,operational_state,inbound,query_operational_state,received,,device_response,19,4,,,4,Idle Curtailed,,,
2026-08-15T01:40:29.924-07:00,,query_completed,outbound,query_operational_state,ok,,periodic,18,0,,,,,,,
2026-08-15T01:40:58.946-07:00,,query_sent,outbound,query_operational_state,pending,,periodic,18,0,,,,,,,
2026-08-15T01:40:59.043-07:00,,link_ack,inbound,query_operational_state,ack,,link_layer,18,,,,,,,,
2026-08-15T01:40:59.166-07:00,,operational_state,inbound,query_operational_state,received,,device_response,19,4,,,4,Idle Curtailed,,,
2026-08-15T01:40:59.207-07:00,,query_completed,outbound,query_operational_state,ok,,periodic,18,0,,,,,,,
2026-08-15T01:41:29.229-07:00,,query_sent,outbound,get_commodity,pending,,periodic,6,0,,,,,,,
2026-08-15T01:41:29.330-07:00,,link_ack,inbound,get_commodity,ack,,link_layer,6,,,,,,,,
2026-08-15T01:41:29.499-07:00,,intermediate_response,inbound,get_commodity,success,,device_response,6,128,,,,,0,success,
2026-08-15T01:41:29.542-07:00,,query_completed,outbound,get_commodity,ok,,periodic,6,0,,,,,0,success,
2026-08-15T01:41:29.542-07:00,,query_sent,outbound,query_operational_state,pending,,periodic,18,0,,,,,,,
2026-08-15T01:41:29.704-07:00,,link_ack,inbound,query_operational_state,ack,,link_layer,18,,,,,,,,
2026-08-15T01:41:29.829-07:00,,operational_state,inbound,query_operational_state,received,,device_response,19,4,,,4,Idle Curtailed,,,
2026-08-15T01:41:29.869-07:00,,query_completed,outbound,query_operational_state,ok,,periodic,18,0,,,,,,,
2026-08-15T01:41:58.892-07:00,,query_sent,outbound,query_operational_state,pending,,periodic,18,0,,,,,,,
2026-08-15T01:41:58.986-07:00,,link_ack,inbound,query_operational_state,ack,,link_layer,18,,,,,,,,
2026-08-15T01:41:59.109-07:00,,operational_state,inbound,query_operational_state,received,,device_response,19,4,,,4,Idle Curtailed,,,
2026-08-15T01:41:59.150-07:00,,query_completed,outbound,query_operational_state,ok,,periodic,18,0,,,,,,,
2026-08-15T01:42:29.173-07:00,,query_sent,outbound,get_commodity,pending,,periodic,6,0,,,,,,,
2026-08-15T01:42:29.272-07:00,,link_ack,inbound,get_commodity,ack,,link_layer,6,,,,,,,,
2026-08-15T01:42:29.441-07:00,,intermediate_response,inbound,get_commodity,success,,device_response,6,128,,,,,0,success,
2026-08-15T01:42:29.485-07:00,,query_completed,outbound,get_commodity,ok,,periodic,6,0,,,,,0,success,
2026-08-15T01:42:29.485-07:00,,query_sent,outbound,query_operational_state,pending,,periodic,18,0,,,,,,,
2026-08-15T01:42:29.647-07:00,,link_ack,inbound,query_operational_state,ack,,link_layer,18,,,,,,,,
2026-08-15T01:42:29.771-07:00,,operational_state,inbound,query_operational_state,received,,device_response,19,4,,,4,Idle Curtailed,,,
2026-08-15T01:42:29.811-07:00,,query_completed,outbound,query_operational_state,ok,,periodic,18,0,,,,,,,
2026-08-15T01:42:58.833-07:00,,query_sent,outbound,query_operational_state,pending,,periodic,18,0,,,,,,,
2026-08-15T01:42:58.931-07:00,,link_ack,inbound,query_operational_state,ack,,link_layer,18,,,,,,,,
2026-08-15T01:42:59.054-07:00,,operational_state,inbound,query_operational_state,received,,device_response,19,4,,,4,Idle Curtailed,,,
2026-08-15T01:42:59.095-07:00,,query_completed,outbound,query_operational_state,ok,,periodic,18,0,,,,,,,
2026-08-15T01:43:29.118-07:00,,query_sent,outbound,get_commodity,pending,,periodic,6,0,,,,,,,
2026-08-15T01:43:29.217-07:00,,link_ack,inbound,get_commodity,ack,,link_layer,6,,,,,,,,
2026-08-15T01:43:29.385-07:00,,intermediate_response,inbound,get_commodity,success,,device_response,6,128,,,,,0,success,
2026-08-15T01:43:29.429-07:00,,query_completed,outbound,get_commodity,ok,,periodic,6,0,,,,,0,success,
2026-08-15T01:43:29.429-07:00,,query_sent,outbound,query_operational_state,pending,,periodic,18,0,,,,,,,
2026-08-15T01:43:29.590-07:00,,link_ack,inbound,query_operational_state,ack,,link_layer,18,,,,,,,,
2026-08-15T01:43:29.714-07:00,,operational_state,inbound,query_operational_state,received,,device_response,19,4,,,4,Idle Curtailed,,,
2026-08-15T01:43:29.755-07:00,,query_completed,outbound,query_operational_state,ok,,periodic,18,0,,,,,,,
2026-08-15T01:43:58.777-07:00,auto_outside_comm_heartbeat_15,command_sent,outbound,outside_communication1,pending,0,schedule,14,0,,,,,,,
2026-08-15T01:43:58.872-07:00,,link_ack,inbound,outside_communication,ack,,link_layer,14,,,,,,,,
2026-08-15T01:43:58.995-07:00,,application_ack,inbound,outside_communication,ack,,application_layer,3,14,,,,,,,
2026-08-15T01:43:59.036-07:00,auto_outside_comm_heartbeat_15,command_completed,outbound,outside_communication1,ok,0,schedule,14,0,,,,,,,
2026-08-15T01:43:59.037-07:00,,query_sent,outbound,query_operational_state,pending,,periodic,18,0,,,,,,,
2026-08-15T01:43:59.199-07:00,,link_ack,inbound,query_operational_state,ack,,link_layer,18,,,,,,,,
2026-08-15T01:43:59.322-07:00,,operational_state,inbound,query_operational_state,received,,device_response,19,4,,,4,Idle Curtailed,,,
2026-08-15T01:43:59.363-07:00,,query_completed,outbound,query_operational_state,ok,,periodic,18,0,,,,,,,
2026-08-15T01:44:28.384-07:00,,query_sent,outbound,get_commodity,pending,,periodic,6,0,,,,,,,
2026-08-15T01:44:28.481-07:00,,link_ack,inbound,get_commodity,ack,,link_layer,6,,,,,,,,
2026-08-15T01:44:28.650-07:00,,intermediate_response,inbound,get_commodity,success,,device_response,6,128,,,,,0,success,
2026-08-15T01:44:28.693-07:00,,query_completed,outbound,get_commodity,ok,,periodic,6,0,,,,,0,success,
2026-08-15T01:44:28.693-07:00,,query_sent,outbound,query_operational_state,pending,,periodic,18,0,,,,,,,
2026-08-15T01:44:28.855-07:00,,link_ack,inbound,query_operational_state,ack,,link_layer,18,,,,,,,,
2026-08-15T01:44:28.979-07:00,,operational_state,inbound,query_operational_state,received,,device_response,19,4,,,4,Idle Curtailed,,,
2026-08-15T01:44:29.020-07:00,,query_completed,outbound,query_operational_state,ok,,periodic,18,0,,,,,,,
2026-08-15T01:44:59.042-07:00,,query_sent,outbound,query_operational_state,pending,,periodic,18,0,,,,,,,
2026-08-15T01:44:59.140-07:00,,link_ack,inbound,query_operational_state,ack,,link_layer,18,,,,,,,,
2026-08-15T01:44:59.263-07:00,,operational_state,inbound,query_operational_state,received,,device_response,19,4,,,4,Idle Curtailed,,,
2026-08-15T01:44:59.304-07:00,,query_completed,outbound,query_operational_state,ok,,periodic,18,0,,,,,,,
2026-08-15T01:45:29.326-07:00,,query_sent,outbound,get_commodity,pending,,periodic,6,0,,,,,,,
2026-08-15T01:45:29.426-07:00,,link_ack,inbound,get_commodity,ack,,link_layer,6,,,,,,,,
2026-08-15T01:45:29.595-07:00,,intermediate_response,inbound,get_commodity,success,,device_response,6,128,,,,,0,success,
2026-08-15T01:45:29.638-07:00,,query_completed,outbound,get_commodity,ok,,periodic,6,0,,,,,0,success,
2026-08-15T01:45:29.638-07:00,,query_sent,outbound,query_operational_state,pending,,periodic,18,0,,,,,,,
2026-08-15T01:45:29.800-07:00,,link_ack,inbound,query_operational_state,ack,,link_layer,18,,,,,,,,
2026-08-15T01:45:29.924-07:00,,operational_state,inbound,query_operational_state,received,,device_response,19,4,,,4,Idle Curtailed,,,
2026-08-15T01:45:29.965-07:00,,query_completed,outbound,query_operational_state,ok,,periodic,18,0,,,,,,,
2026-08-15T01:45:58.986-07:00,,query_sent,outbound,query_operational_state,pending,,periodic,18,0,,,,,,,
2026-08-15T01:45:59.084-07:00,,link_ack,inbound,query_operational_state,ack,,link_layer,18,,,,,,,,
2026-08-15T01:45:59.208-07:00,,operational_state,inbound,query_operational_state,received,,device_response,19,4,,,4,Idle Curtailed,,,
2026-08-15T01:45:59.249-07:00,,query_completed,outbound,query_operational_state,ok,,periodic,18,0,,,,,,,
2026-08-15T01:46:29.271-07:00,,query_sent,outbound,get_commodity,pending,,periodic,6,0,,,,,,,
2026-08-15T01:46:29.369-07:00,,link_ack,inbound,get_commodity,ack,,link_layer,6,,,,,,,,
2026-08-15T01:46:29.540-07:00,,intermediate_response,inbound,get_commodity,success,,device_response,6,128,,,,,0,success,
2026-08-15T01:46:29.584-07:00,,query_completed,outbound,get_commodity,ok,,periodic,6,0,,,,,0,success,
2026-08-15T01:46:29.584-07:00,,query_sent,outbound,query_operational_state,pending,,periodic,18,0,,,,,,,
2026-08-15T01:46:29.747-07:00,,link_ack,inbound,query_operational_state,ack,,link_layer,18,,,,,,,,
2026-08-15T01:46:29.871-07:00,,operational_state,inbound,query_operational_state,received,,device_response,19,4,,,4,Idle Curtailed,,,
2026-08-15T01:46:29.912-07:00,,query_completed,outbound,query_operational_state,ok,,periodic,18,0,,,,,,,
2026-08-15T01:46:58.933-07:00,,query_sent,outbound,query_operational_state,pending,,periodic,18,0,,,,,,,
2026-08-15T01:46:59.033-07:00,,link_ack,inbound,query_operational_state,ack,,link_layer,18,,,,,,,,
2026-08-15T01:46:59.156-07:00,,operational_state,inbound,query_operational_state,received,,device_response,19,4,,,4,Idle Curtailed,,,
2026-08-15T01:46:59.197-07:00,,query_completed,outbound,query_operational_state,ok,,periodic,18,0,,,,,,,
2026-08-15T01:47:29.219-07:00,,query_sent,outbound,get_commodity,pending,,periodic,6,0,,,,,,,
2026-08-15T01:47:29.318-07:00,,link_ack,inbound,get_commodity,ack,,link_layer,6,,,,,,,,
2026-08-15T01:47:29.486-07:00,,intermediate_response,inbound,get_commodity,success,,device_response,6,128,,,,,0,success,
2026-08-15T01:47:29.530-07:00,,query_completed,outbound,get_commodity,ok,,periodic,6,0,,,,,0,success,
2026-08-15T01:47:29.530-07:00,,query_sent,outbound,query_operational_state,pending,,periodic,18,0,,,,,,,
2026-08-15T01:47:29.692-07:00,,link_ack,inbound,query_operational_state,ack,,link_layer,18,,,,,,,,
2026-08-15T01:47:29.816-07:00,,operational_state,inbound,query_operational_state,received,,device_response,19,4,,,4,Idle Curtailed,,,
2026-08-15T01:47:29.857-07:00,,query_completed,outbound,query_operational_state,ok,,periodic,18,0,,,,,,,
2026-08-15T01:47:58.878-07:00,,query_sent,outbound,query_operational_state,pending,,periodic,18,0,,,,,,,
2026-08-15T01:47:58.974-07:00,,link_ack,inbound,query_operational_state,ack,,link_layer,18,,,,,,,,
2026-08-15T01:47:59.098-07:00,,operational_state,inbound,query_operational_state,received,,device_response,19,4,,,4,Idle Curtailed,,,
2026-08-15T01:47:59.139-07:00,,query_completed,outbound,query_operational_state,ok,,periodic,18,0,,,,,,,
2026-08-15T01:48:29.161-07:00,,query_sent,outbound,get_commodity,pending,,periodic,6,0,,,,,,,
2026-08-15T01:48:29.260-07:00,,link_ack,inbound,get_commodity,ack,,link_layer,6,,,,,,,,
2026-08-15T01:48:29.429-07:00,,intermediate_response,inbound,get_commodity,success,,device_response,6,128,,,,,0,success,
2026-08-15T01:48:29.472-07:00,,query_completed,outbound,get_commodity,ok,,periodic,6,0,,,,,0,success,
2026-08-15T01:48:29.472-07:00,,query_sent,outbound,query_operational_state,pending,,periodic,18,0,,,,,,,
2026-08-15T01:48:29.634-07:00,,link_ack,inbound,query_operational_state,ack,,link_layer,18,,,,,,,,
2026-08-15T01:48:29.758-07:00,,operational_state,inbound,query_operational_state,received,,device_response,19,4,,,4,Idle Curtailed,,,
2026-08-15T01:48:29.799-07:00,,query_completed,outbound,query_operational_state,ok,,periodic,18,0,,,,,,,
2026-08-15T01:48:58.820-07:00,,query_sent,outbound,query_operational_state,pending,,periodic,18,0,,,,,,,
2026-08-15T01:48:58.921-07:00,,link_ack,inbound,query_operational_state,ack,,link_layer,18,,,,,,,,
2026-08-15T01:48:59.044-07:00,,operational_state,inbound,query_operational_state,received,,device_response,19,4,,,4,Idle Curtailed,,,
2026-08-15T01:48:59.085-07:00,,query_completed,outbound,query_operational_state,ok,,periodic,18,0,,,,,,,
2026-08-15T01:49:29.107-07:00,,query_sent,outbound,get_commodity,pending,,periodic,6,0,,,,,,,
2026-08-15T01:49:29.208-07:00,,link_ack,inbound,get_commodity,ack,,link_layer,6,,,,,,,,
2026-08-15T01:49:29.377-07:00,,intermediate_response,inbound,get_commodity,success,,device_response,6,128,,,,,0,success,
2026-08-15T01:49:29.421-07:00,,query_completed,outbound,get_commodity,ok,,periodic,6,0,,,,,0,success,
2026-08-15T01:49:29.421-07:00,,query_sent,outbound,query_operational_state,pending,,periodic,18,0,,,,,,,
2026-08-15T01:49:29.583-07:00,,link_ack,inbound,query_operational_state,ack,,link_layer,18,,,,,,,,
2026-08-15T01:49:29.707-07:00,,operational_state,inbound,query_operational_state,received,,device_response,19,4,,,4,Idle Curtailed,,,
2026-08-15T01:49:29.747-07:00,,query_completed,outbound,query_operational_state,ok,,periodic,18,0,,,,,,,
2026-08-15T01:49:58.769-07:00,,query_sent,outbound,query_operational_state,pending,,periodic,18,0,,,,,,,
2026-08-15T01:49:58.870-07:00,,link_ack,inbound,query_operational_state,ack,,link_layer,18,,,,,,,,
2026-08-15T01:49:58.992-07:00,,operational_state,inbound,query_operational_state,received,,device_response,19,4,,,4,Idle Curtailed,,,
2026-08-15T01:49:59.033-07:00,,query_completed,outbound,query_operational_state,ok,,periodic,18,0,,,,,,,
2026-08-15T01:50:29.055-07:00,,query_sent,outbound,get_commodity,pending,,periodic,6,0,,,,,,,
2026-08-15T01:50:29.157-07:00,,link_ack,inbound,get_commodity,ack,,link_layer,6,,,,,,,,
2026-08-15T01:50:29.325-07:00,,intermediate_response,inbound,get_commodity,success,,device_response,6,128,,,,,0,success,
2026-08-15T01:50:29.368-07:00,,query_completed,outbound,get_commodity,ok,,periodic,6,0,,,,,0,success,
2026-08-15T01:50:29.369-07:00,,query_sent,outbound,query_operational_state,pending,,periodic,18,0,,,,,,,
2026-08-15T01:50:29.530-07:00,,link_ack,inbound,query_operational_state,ack,,link_layer,18,,,,,,,,
2026-08-15T01:50:29.655-07:00,,operational_state,inbound,query_operational_state,received,,device_response,19,4,,,4,Idle Curtailed,,,
2026-08-15T01:50:29.696-07:00,,query_completed,outbound,query_operational_state,ok,,periodic,18,0,,,,,,,
2026-08-15T01:50:58.717-07:00,,query_sent,outbound,query_operational_state,pending,,periodic,18,0,,,,,,,
2026-08-15T01:50:58.814-07:00,,link_ack,inbound,query_operational_state,ack,,link_layer,18,,,,,,,,
2026-08-15T01:50:58.938-07:00,,operational_state,inbound,query_operational_state,received,,device_response,19,4,,,4,Idle Curtailed,,,
2026-08-15T01:50:58.978-07:00,,query_completed,outbound,query_operational_state,ok,,periodic,18,0,,,,,,,
2026-08-15T01:51:29.000-07:00,,query_sent,outbound,get_commodity,pending,,periodic,6,0,,,,,,,
2026-08-15T01:51:29.100-07:00,,link_ack,inbound,get_commodity,ack,,link_layer,6,,,,,,,,
2026-08-15T01:51:29.269-07:00,,intermediate_response,inbound,get_commodity,success,,device_response,6,128,,,,,0,success,
2026-08-15T01:51:29.313-07:00,,query_completed,outbound,get_commodity,ok,,periodic,6,0,,,,,0,success,
2026-08-15T01:51:29.313-07:00,,query_sent,outbound,query_operational_state,pending,,periodic,18,0,,,,,,,
2026-08-15T01:51:29.475-07:00,,link_ack,inbound,query_operational_state,ack,,link_layer,18,,,,,,,,
2026-08-15T01:51:29.599-07:00,,operational_state,inbound,query_operational_state,received,,device_response,19,4,,,4,Idle Curtailed,,,
2026-08-15T01:51:29.639-07:00,,query_completed,outbound,query_operational_state,ok,,periodic,18,0,,,,,,,
2026-08-15T01:51:58.659-07:00,,query_sent,outbound,query_operational_state,pending,,periodic,18,0,,,,,,,
2026-08-15T01:51:58.757-07:00,,link_ack,inbound,query_operational_state,ack,,link_layer,18,,,,,,,,
2026-08-15T01:51:58.881-07:00,,operational_state,inbound,query_operational_state,received,,device_response,19,4,,,4,Idle Curtailed,,,
2026-08-15T01:51:58.921-07:00,,query_completed,outbound,query_operational_state,ok,,periodic,18,0,,,,,,,
2026-08-15T01:52:28.943-07:00,,query_sent,outbound,get_commodity,pending,,periodic,6,0,,,,,,,
2026-08-15T01:52:29.047-07:00,,link_ack,inbound,get_commodity,ack,,link_layer,6,,,,,,,,
2026-08-15T01:52:29.218-07:00,,intermediate_response,inbound,get_commodity,success,,device_response,6,128,,,,,0,success,
2026-08-15T01:52:29.261-07:00,,query_completed,outbound,get_commodity,ok,,periodic,6,0,,,,,0,success,
2026-08-15T01:52:29.262-07:00,,query_sent,outbound,query_operational_state,pending,,periodic,18,0,,,,,,,
2026-08-15T01:52:29.425-07:00,,link_ack,inbound,query_operational_state,ack,,link_layer,18,,,,,,,,
2026-08-15T01:52:29.549-07:00,,operational_state,inbound,query_operational_state,received,,device_response,19,4,,,4,Idle Curtailed,,,
2026-08-15T01:52:29.590-07:00,,query_completed,outbound,query_operational_state,ok,,periodic,18,0,,,,,,,
2026-08-15T01:52:58.611-07:00,,query_sent,outbound,query_operational_state,pending,,periodic,18,0,,,,,,,
2026-08-15T01:52:58.711-07:00,,link_ack,inbound,query_operational_state,ack,,link_layer,18,,,,,,,,
2026-08-15T01:52:58.834-07:00,,operational_state,inbound,query_operational_state,received,,device_response,19,4,,,4,Idle Curtailed,,,
2026-08-15T01:52:58.875-07:00,,query_completed,outbound,query_operational_state,ok,,periodic,18,0,,,,,,,
2026-08-15T01:53:28.897-07:00,,query_sent,outbound,get_commodity,pending,,periodic,6,0,,,,,,,
2026-08-15T01:53:28.995-07:00,,link_ack,inbound,get_commodity,ack,,link_layer,6,,,,,,,,
2026-08-15T01:53:29.164-07:00,,intermediate_response,inbound,get_commodity,success,,device_response,6,128,,,,,0,success,
2026-08-15T01:53:29.207-07:00,,query_completed,outbound,get_commodity,ok,,periodic,6,0,,,,,0,success,
2026-08-15T01:53:29.208-07:00,,query_sent,outbound,query_operational_state,pending,,periodic,18,0,,,,,,,
2026-08-15T01:53:29.369-07:00,,link_ack,inbound,query_operational_state,ack,,link_layer,18,,,,,,,,
2026-08-15T01:53:29.494-07:00,,operational_state,inbound,query_operational_state,received,,device_response,19,4,,,4,Idle Curtailed,,,
2026-08-15T01:53:29.535-07:00,,query_completed,outbound,query_operational_state,ok,,periodic,18,0,,,,,,,
2026-08-15T01:53:58.555-07:00,,query_sent,outbound,query_operational_state,pending,,periodic,18,0,,,,,,,
2026-08-15T01:53:58.657-07:00,,link_ack,inbound,query_operational_state,ack,,link_layer,18,,,,,,,,
2026-08-15T01:53:58.780-07:00,,operational_state,inbound,query_operational_state,received,,device_response,19,4,,,4,Idle Curtailed,,,
2026-08-15T01:53:58.820-07:00,,query_completed,outbound,query_operational_state,ok,,periodic,18,0,,,,,,,
2026-08-15T01:54:28.843-07:00,,query_sent,outbound,get_commodity,pending,,periodic,6,0,,,,,,,
2026-08-15T01:54:28.944-07:00,,link_ack,inbound,get_commodity,ack,,link_layer,6,,,,,,,,
2026-08-15T01:54:29.112-07:00,,intermediate_response,inbound,get_commodity,success,,device_response,6,128,,,,,0,success,
2026-08-15T01:54:29.156-07:00,,query_completed,outbound,get_commodity,ok,,periodic,6,0,,,,,0,success,
2026-08-15T01:54:29.156-07:00,,query_sent,outbound,query_operational_state,pending,,periodic,18,0,,,,,,,
2026-08-15T01:54:29.318-07:00,,link_ack,inbound,query_operational_state,ack,,link_layer,18,,,,,,,,
2026-08-15T01:54:29.443-07:00,,operational_state,inbound,query_operational_state,received,,device_response,19,4,,,4,Idle Curtailed,,,
2026-08-15T01:54:29.483-07:00,,query_completed,outbound,query_operational_state,ok,,periodic,18,0,,,,,,,
2026-08-15T01:54:58.504-07:00,,query_sent,outbound,query_operational_state,pending,,periodic,18,0,,,,,,,
2026-08-15T01:54:58.603-07:00,,link_ack,inbound,query_operational_state,ack,,link_layer,18,,,,,,,,
2026-08-15T01:54:58.726-07:00,,operational_state,inbound,query_operational_state,received,,device_response,19,4,,,4,Idle Curtailed,,,
2026-08-15T01:54:58.767-07:00,,query_completed,outbound,query_operational_state,ok,,periodic,18,0,,,,,,,
2026-08-15T01:55:28.789-07:00,,query_sent,outbound,get_commodity,pending,,periodic,6,0,,,,,,,
2026-08-15T01:55:28.886-07:00,,link_ack,inbound,get_commodity,ack,,link_layer,6,,,,,,,,
2026-08-15T01:55:29.056-07:00,,intermediate_response,inbound,get_commodity,success,,device_response,6,128,,,,,0,success,
2026-08-15T01:55:29.100-07:00,,query_completed,outbound,get_commodity,ok,,periodic,6,0,,,,,0,success,
2026-08-15T01:55:29.100-07:00,,query_sent,outbound,query_operational_state,pending,,periodic,18,0,,,,,,,
2026-08-15T01:55:29.263-07:00,,link_ack,inbound,query_operational_state,ack,,link_layer,18,,,,,,,,
2026-08-15T01:55:29.388-07:00,,operational_state,inbound,query_operational_state,received,,device_response,19,4,,,4,Idle Curtailed,,,
2026-08-15T01:55:29.429-07:00,,query_completed,outbound,query_operational_state,ok,,periodic,18,0,,,,,,,
2026-08-15T01:55:58.450-07:00,,query_sent,outbound,query_operational_state,pending,,periodic,18,0,,,,,,,
2026-08-15T01:55:58.547-07:00,,link_ack,inbound,query_operational_state,ack,,link_layer,18,,,,,,,,
2026-08-15T01:55:58.670-07:00,,operational_state,inbound,query_operational_state,received,,device_response,19,4,,,4,Idle Curtailed,,,
2026-08-15T01:55:58.711-07:00,,query_completed,outbound,query_operational_state,ok,,periodic,18,0,,,,,,,
2026-08-15T01:56:28.733-07:00,,query_sent,outbound,get_commodity,pending,,periodic,6,0,,,,,,,
2026-08-15T01:56:28.834-07:00,,link_ack,inbound,get_commodity,ack,,link_layer,6,,,,,,,,
2026-08-15T01:56:29.002-07:00,,intermediate_response,inbound,get_commodity,success,,device_response,6,128,,,,,0,success,
2026-08-15T01:56:29.046-07:00,,query_completed,outbound,get_commodity,ok,,periodic,6,0,,,,,0,success,
2026-08-15T01:56:29.046-07:00,,query_sent,outbound,query_operational_state,pending,,periodic,18,0,,,,,,,
2026-08-15T01:56:29.208-07:00,,link_ack,inbound,query_operational_state,ack,,link_layer,18,,,,,,,,
2026-08-15T01:56:29.333-07:00,,operational_state,inbound,query_operational_state,received,,device_response,19,4,,,4,Idle Curtailed,,,
2026-08-15T01:56:29.373-07:00,,query_completed,outbound,query_operational_state,ok,,periodic,18,0,,,,,,,
2026-08-15T01:56:58.395-07:00,,query_sent,outbound,query_operational_state,pending,,periodic,18,0,,,,,,,
2026-08-15T01:56:58.496-07:00,,link_ack,inbound,query_operational_state,ack,,link_layer,18,,,,,,,,
2026-08-15T01:56:58.619-07:00,,operational_state,inbound,query_operational_state,received,,device_response,19,4,,,4,Idle Curtailed,,,
2026-08-15T01:56:58.659-07:00,,query_completed,outbound,query_operational_state,ok,,periodic,18,0,,,,,,,
2026-08-15T01:57:28.681-07:00,auto_outside_comm_heartbeat_16,command_sent,outbound,outside_communication1,pending,0,schedule,14,0,,,,,,,
2026-08-15T01:57:28.783-07:00,,link_ack,inbound,outside_communication,ack,,link_layer,14,,,,,,,,
2026-08-15T01:57:28.906-07:00,,application_ack,inbound,outside_communication,ack,,application_layer,3,14,,,,,,,
2026-08-15T01:57:28.946-07:00,auto_outside_comm_heartbeat_16,command_completed,outbound,outside_communication1,ok,0,schedule,14,0,,,,,,,
2026-08-15T01:57:28.948-07:00,,query_sent,outbound,get_commodity,pending,,periodic,6,0,,,,,,,
2026-08-15T01:57:29.111-07:00,,link_ack,inbound,get_commodity,ack,,link_layer,6,,,,,,,,
2026-08-15T01:57:29.278-07:00,,intermediate_response,inbound,get_commodity,success,,device_response,6,128,,,,,0,success,
2026-08-15T01:57:29.322-07:00,,query_completed,outbound,get_commodity,ok,,periodic,6,0,,,,,0,success,
2026-08-15T01:57:29.322-07:00,,query_sent,outbound,query_operational_state,pending,,periodic,18,0,,,,,,,
2026-08-15T01:57:29.486-07:00,,link_ack,inbound,query_operational_state,ack,,link_layer,18,,,,,,,,
2026-08-15T01:57:29.609-07:00,,operational_state,inbound,query_operational_state,received,,device_response,19,4,,,4,Idle Curtailed,,,
2026-08-15T01:57:29.649-07:00,,query_completed,outbound,query_operational_state,ok,,periodic,18,0,,,,,,,
2026-08-15T01:57:58.670-07:00,,query_sent,outbound,query_operational_state,pending,,periodic,18,0,,,,,,,
2026-08-15T01:57:58.769-07:00,,link_ack,inbound,query_operational_state,ack,,link_layer,18,,,,,,,,
2026-08-15T01:57:58.893-07:00,,operational_state,inbound,query_operational_state,received,,device_response,19,4,,,4,Idle Curtailed,,,
2026-08-15T01:57:58.934-07:00,,query_completed,outbound,query_operational_state,ok,,periodic,18,0,,,,,,,
2026-08-15T01:58:28.956-07:00,,query_sent,outbound,get_commodity,pending,,periodic,6,0,,,,,,,
2026-08-15T01:58:29.055-07:00,,link_ack,inbound,get_commodity,ack,,link_layer,6,,,,,,,,
2026-08-15T01:58:29.223-07:00,,intermediate_response,inbound,get_commodity,success,,device_response,6,128,,,,,0,success,
2026-08-15T01:58:29.266-07:00,,query_completed,outbound,get_commodity,ok,,periodic,6,0,,,,,0,success,
2026-08-15T01:58:29.267-07:00,,query_sent,outbound,query_operational_state,pending,,periodic,18,0,,,,,,,
2026-08-15T01:58:29.429-07:00,,link_ack,inbound,query_operational_state,ack,,link_layer,18,,,,,,,,
2026-08-15T01:58:29.553-07:00,,operational_state,inbound,query_operational_state,received,,device_response,19,4,,,4,Idle Curtailed,,,
2026-08-15T01:58:29.594-07:00,,query_completed,outbound,query_operational_state,ok,,periodic,18,0,,,,,,,
2026-08-15T01:58:58.615-07:00,,query_sent,outbound,query_operational_state,pending,,periodic,18,0,,,,,,,
2026-08-15T01:58:58.714-07:00,,link_ack,inbound,query_operational_state,ack,,link_layer,18,,,,,,,,
2026-08-15T01:58:58.839-07:00,,operational_state,inbound,query_operational_state,received,,device_response,19,4,,,4,Idle Curtailed,,,
2026-08-15T01:58:58.879-07:00,,query_completed,outbound,query_operational_state,ok,,periodic,18,0,,,,,,,
2026-08-15T01:59:28.901-07:00,,query_sent,outbound,get_commodity,pending,,periodic,6,0,,,,,,,
2026-08-15T01:59:29.004-07:00,,link_ack,inbound,get_commodity,ack,,link_layer,6,,,,,,,,
2026-08-15T01:59:29.172-07:00,,intermediate_response,inbound,get_commodity,success,,device_response,6,128,,,,,0,success,
2026-08-15T01:59:29.216-07:00,,query_completed,outbound,get_commodity,ok,,periodic,6,0,,,,,0,success,
2026-08-15T01:59:29.216-07:00,,query_sent,outbound,query_operational_state,pending,,periodic,18,0,,,,,,,
2026-08-15T01:59:29.379-07:00,,link_ack,inbound,query_operational_state,ack,,link_layer,18,,,,,,,,
2026-08-15T01:59:29.503-07:00,,operational_state,inbound,query_operational_state,received,,device_response,19,4,,,4,Idle Curtailed,,,
2026-08-15T01:59:29.543-07:00,,query_completed,outbound,query_operational_state,ok,,periodic,18,0,,,,,,,
2026-08-15T01:59:58.564-07:00,,query_sent,outbound,query_operational_state,pending,,periodic,18,0,,,,,,,
2026-08-15T01:59:58.665-07:00,,link_ack,inbound,query_operational_state,ack,,link_layer,18,,,,,,,,
2026-08-15T01:59:58.788-07:00,,operational_state,inbound,query_operational_state,received,,device_response,19,4,,,4,Idle Curtailed,,,
2026-08-15T01:59:58.829-07:00,,query_completed,outbound,query_operational_state,ok,,periodic,18,0,,,,,,,
2026-08-15T02:00:28.851-07:00,,query_sent,outbound,get_commodity,pending,,periodic,6,0,,,,,,,
2026-08-15T02:00:28.948-07:00,,link_ack,inbound,get_commodity,ack,,link_layer,6,,,,,,,,
2026-08-15T02:00:29.116-07:00,,intermediate_response,inbound,get_commodity,success,,device_response,6,128,,,,,0,success,
2026-08-15T02:00:29.160-07:00,,query_completed,outbound,get_commodity,ok,,periodic,6,0,,,,,0,success,
2026-08-15T02:00:29.160-07:00,,query_sent,outbound,query_operational_state,pending,,periodic,18,0,,,,,,,
2026-08-15T02:00:29.323-07:00,,link_ack,inbound,query_operational_state,ack,,link_layer,18,,,,,,,,
2026-08-15T02:00:29.447-07:00,,operational_state,inbound,query_operational_state,received,,device_response,19,4,,,4,Idle Curtailed,,,
2026-08-15T02:00:29.488-07:00,,query_completed,outbound,query_operational_state,ok,,periodic,18,0,,,,,,,
2026-08-15T02:00:58.508-07:00,,query_sent,outbound,query_operational_state,pending,,periodic,18,0,,,,,,,
2026-08-15T02:00:58.606-07:00,,link_ack,inbound,query_operational_state,ack,,link_layer,18,,,,,,,,
2026-08-15T02:00:58.729-07:00,,operational_state,inbound,query_operational_state,received,,device_response,19,4,,,4,Idle Curtailed,,,
2026-08-15T02:00:58.770-07:00,,query_completed,outbound,query_operational_state,ok,,periodic,18,0,,,,,,,
2026-08-15T02:01:28.791-07:00,,query_sent,outbound,get_commodity,pending,,periodic,6,0,,,,,,,
2026-08-15T02:01:28.893-07:00,,link_ack,inbound,get_commodity,ack,,link_layer,6,,,,,,,,
2026-08-15T02:01:29.061-07:00,,intermediate_response,inbound,get_commodity,success,,device_response,6,128,,,,,0,success,
2026-08-15T02:01:29.105-07:00,,query_completed,outbound,get_commodity,ok,,periodic,6,0,,,,,0,success,
2026-08-15T02:01:29.105-07:00,,query_sent,outbound,query_operational_state,pending,,periodic,18,0,,,,,,,
2026-08-15T02:01:29.267-07:00,,link_ack,inbound,query_operational_state,ack,,link_layer,18,,,,,,,,
2026-08-15T02:01:29.392-07:00,,operational_state,inbound,query_operational_state,received,,device_response,19,4,,,4,Idle Curtailed,,,
2026-08-15T02:01:29.433-07:00,,query_completed,outbound,query_operational_state,ok,,periodic,18,0,,,,,,,
2026-08-15T02:01:58.453-07:00,,query_sent,outbound,query_operational_state,pending,,periodic,18,0,,,,,,,
2026-08-15T02:01:58.551-07:00,,link_ack,inbound,query_operational_state,ack,,link_layer,18,,,,,,,,
2026-08-15T02:01:58.675-07:00,,operational_state,inbound,query_operational_state,received,,device_response,19,4,,,4,Idle Curtailed,,,
2026-08-15T02:01:58.715-07:00,,query_completed,outbound,query_operational_state,ok,,periodic,18,0,,,,,,,
2026-08-15T02:02:28.736-07:00,,query_sent,outbound,get_commodity,pending,,periodic,6,0,,,,,,,
2026-08-15T02:02:28.835-07:00,,link_ack,inbound,get_commodity,ack,,link_layer,6,,,,,,,,
2026-08-15T02:02:29.004-07:00,,intermediate_response,inbound,get_commodity,success,,device_response,6,128,,,,,0,success,
2026-08-15T02:02:29.047-07:00,,query_completed,outbound,get_commodity,ok,,periodic,6,0,,,,,0,success,
2026-08-15T02:02:29.048-07:00,,query_sent,outbound,query_operational_state,pending,,periodic,18,0,,,,,,,
2026-08-15T02:02:29.210-07:00,,link_ack,inbound,query_operational_state,ack,,link_layer,18,,,,,,,,
2026-08-15T02:02:29.333-07:00,,operational_state,inbound,query_operational_state,received,,device_response,19,4,,,4,Idle Curtailed,,,
2026-08-15T02:02:29.374-07:00,,query_completed,outbound,query_operational_state,ok,,periodic,18,0,,,,,,,
2026-08-15T02:02:58.394-07:00,,query_sent,outbound,query_operational_state,pending,,periodic,18,0,,,,,,,
2026-08-15T02:02:58.492-07:00,,link_ack,inbound,query_operational_state,ack,,link_layer,18,,,,,,,,
2026-08-15T02:02:58.615-07:00,,operational_state,inbound,query_operational_state,received,,device_response,19,4,,,4,Idle Curtailed,,,
2026-08-15T02:02:58.656-07:00,,query_completed,outbound,query_operational_state,ok,,periodic,18,0,,,,,,,
2026-08-15T02:03:28.676-07:00,,query_sent,outbound,get_commodity,pending,,periodic,6,0,,,,,,,
2026-08-15T02:03:28.777-07:00,,link_ack,inbound,get_commodity,ack,,link_layer,6,,,,,,,,
2026-08-15T02:03:28.945-07:00,,intermediate_response,inbound,get_commodity,success,,device_response,6,128,,,,,0,success,
2026-08-15T02:03:28.989-07:00,,query_completed,outbound,get_commodity,ok,,periodic,6,0,,,,,0,success,
2026-08-15T02:03:28.989-07:00,,query_sent,outbound,query_operational_state,pending,,periodic,18,0,,,,,,,
2026-08-15T02:03:29.151-07:00,,link_ack,inbound,query_operational_state,ack,,link_layer,18,,,,,,,,
2026-08-15T02:03:29.275-07:00,,operational_state,inbound,query_operational_state,received,,device_response,19,4,,,4,Idle Curtailed,,,
2026-08-15T02:03:29.315-07:00,,query_completed,outbound,query_operational_state,ok,,periodic,18,0,,,,,,,
2026-08-15T02:03:59.336-07:00,,query_sent,outbound,query_operational_state,pending,,periodic,18,0,,,,,,,
2026-08-15T02:03:59.436-07:00,,link_ack,inbound,query_operational_state,ack,,link_layer,18,,,,,,,,
2026-08-15T02:03:59.559-07:00,,operational_state,inbound,query_operational_state,received,,device_response,19,4,,,4,Idle Curtailed,,,
2026-08-15T02:03:59.600-07:00,,query_completed,outbound,query_operational_state,ok,,periodic,18,0,,,,,,,
2026-08-15T02:04:28.619-07:00,,query_sent,outbound,get_commodity,pending,,periodic,6,0,,,,,,,
2026-08-15T02:04:28.718-07:00,,link_ack,inbound,get_commodity,ack,,link_layer,6,,,,,,,,
2026-08-15T02:04:28.887-07:00,,intermediate_response,inbound,get_commodity,success,,device_response,6,128,,,,,0,success,
2026-08-15T02:04:28.931-07:00,,query_completed,outbound,get_commodity,ok,,periodic,6,0,,,,,0,success,
2026-08-15T02:04:28.931-07:00,,query_sent,outbound,query_operational_state,pending,,periodic,18,0,,,,,,,
2026-08-15T02:04:29.093-07:00,,link_ack,inbound,query_operational_state,ack,,link_layer,18,,,,,,,,
2026-08-15T02:04:29.216-07:00,,operational_state,inbound,query_operational_state,received,,device_response,19,4,,,4,Idle Curtailed,,,
2026-08-15T02:04:29.257-07:00,,query_completed,outbound,query_operational_state,ok,,periodic,18,0,,,,,,,
2026-08-15T02:04:59.277-07:00,,query_sent,outbound,query_operational_state,pending,,periodic,18,0,,,,,,,
2026-08-15T02:04:59.377-07:00,,link_ack,inbound,query_operational_state,ack,,link_layer,18,,,,,,,,
2026-08-15T02:04:59.500-07:00,,operational_state,inbound,query_operational_state,received,,device_response,19,4,,,4,Idle Curtailed,,,
2026-08-15T02:04:59.541-07:00,,query_completed,outbound,query_operational_state,ok,,periodic,18,0,,,,,,,
2026-08-15T02:05:28.561-07:00,,query_sent,outbound,get_commodity,pending,,periodic,6,0,,,,,,,
2026-08-15T02:05:28.660-07:00,,link_ack,inbound,get_commodity,ack,,link_layer,6,,,,,,,,
2026-08-15T02:05:28.829-07:00,,intermediate_response,inbound,get_commodity,success,,device_response,6,128,,,,,0,success,
2026-08-15T02:05:28.872-07:00,,query_completed,outbound,get_commodity,ok,,periodic,6,0,,,,,0,success,
2026-08-15T02:05:28.872-07:00,,query_sent,outbound,query_operational_state,pending,,periodic,18,0,,,,,,,
2026-08-15T02:05:29.034-07:00,,link_ack,inbound,query_operational_state,ack,,link_layer,18,,,,,,,,
2026-08-15T02:05:29.158-07:00,,operational_state,inbound,query_operational_state,received,,device_response,19,4,,,4,Idle Curtailed,,,
2026-08-15T02:05:29.198-07:00,,query_completed,outbound,query_operational_state,ok,,periodic,18,0,,,,,,,
2026-08-15T02:05:59.220-07:00,,query_sent,outbound,query_operational_state,pending,,periodic,18,0,,,,,,,
2026-08-15T02:05:59.319-07:00,,link_ack,inbound,query_operational_state,ack,,link_layer,18,,,,,,,,
2026-08-15T02:05:59.442-07:00,,operational_state,inbound,query_operational_state,received,,device_response,19,4,,,4,Idle Curtailed,,,
2026-08-15T02:05:59.483-07:00,,query_completed,outbound,query_operational_state,ok,,periodic,18,0,,,,,,,
2026-08-15T02:06:28.504-07:00,,query_sent,outbound,get_commodity,pending,,periodic,6,0,,,,,,,
2026-08-15T02:06:28.602-07:00,,link_ack,inbound,get_commodity,ack,,link_layer,6,,,,,,,,
2026-08-15T02:06:28.770-07:00,,intermediate_response,inbound,get_commodity,success,,device_response,6,128,,,,,0,success,
2026-08-15T02:06:28.813-07:00,,query_completed,outbound,get_commodity,ok,,periodic,6,0,,,,,0,success,
2026-08-15T02:06:28.814-07:00,,query_sent,outbound,query_operational_state,pending,,periodic,18,0,,,,,,,
2026-08-15T02:06:28.976-07:00,,link_ack,inbound,query_operational_state,ack,,link_layer,18,,,,,,,,
2026-08-15T02:06:29.099-07:00,,operational_state,inbound,query_operational_state,received,,device_response,19,4,,,4,Idle Curtailed,,,
2026-08-15T02:06:29.140-07:00,,query_completed,outbound,query_operational_state,ok,,periodic,18,0,,,,,,,
2026-08-15T02:06:59.161-07:00,,query_sent,outbound,query_operational_state,pending,,periodic,18,0,,,,,,,
2026-08-15T02:06:59.261-07:00,,link_ack,inbound,query_operational_state,ack,,link_layer,18,,,,,,,,
2026-08-15T02:06:59.384-07:00,,operational_state,inbound,query_operational_state,received,,device_response,19,4,,,4,Idle Curtailed,,,
2026-08-15T02:06:59.425-07:00,,query_completed,outbound,query_operational_state,ok,,periodic,18,0,,,,,,,
2026-08-15T02:07:28.446-07:00,,query_sent,outbound,get_commodity,pending,,periodic,6,0,,,,,,,
2026-08-15T02:07:28.543-07:00,,link_ack,inbound,get_commodity,ack,,link_layer,6,,,,,,,,
2026-08-15T02:07:28.714-07:00,,intermediate_response,inbound,get_commodity,success,,device_response,6,128,,,,,0,success,
2026-08-15T02:07:28.757-07:00,,query_completed,outbound,get_commodity,ok,,periodic,6,0,,,,,0,success,
2026-08-15T02:07:28.757-07:00,,query_sent,outbound,query_operational_state,pending,,periodic,18,0,,,,,,,
2026-08-15T02:07:28.919-07:00,,link_ack,inbound,query_operational_state,ack,,link_layer,18,,,,,,,,
2026-08-15T02:07:29.043-07:00,,operational_state,inbound,query_operational_state,received,,device_response,19,4,,,4,Idle Curtailed,,,
2026-08-15T02:07:29.083-07:00,,query_completed,outbound,query_operational_state,ok,,periodic,18,0,,,,,,,
2026-08-15T02:07:59.105-07:00,,query_sent,outbound,query_operational_state,pending,,periodic,18,0,,,,,,,
2026-08-15T02:07:59.203-07:00,,link_ack,inbound,query_operational_state,ack,,link_layer,18,,,,,,,,
2026-08-15T02:07:59.328-07:00,,operational_state,inbound,query_operational_state,received,,device_response,19,4,,,4,Idle Curtailed,,,
2026-08-15T02:07:59.368-07:00,,query_completed,outbound,query_operational_state,ok,,periodic,18,0,,,,,,,
2026-08-15T02:08:28.389-07:00,,query_sent,outbound,get_commodity,pending,,periodic,6,0,,,,,,,
2026-08-15T02:08:28.486-07:00,,link_ack,inbound,get_commodity,ack,,link_layer,6,,,,,,,,
2026-08-15T02:08:28.655-07:00,,intermediate_response,inbound,get_commodity,success,,device_response,6,128,,,,,0,success,
2026-08-15T02:08:28.698-07:00,,query_completed,outbound,get_commodity,ok,,periodic,6,0,,,,,0,success,
2026-08-15T02:08:28.698-07:00,,query_sent,outbound,query_operational_state,pending,,periodic,18,0,,,,,,,
2026-08-15T02:08:28.861-07:00,,link_ack,inbound,query_operational_state,ack,,link_layer,18,,,,,,,,
2026-08-15T02:08:28.984-07:00,,operational_state,inbound,query_operational_state,received,,device_response,19,4,,,4,Idle Curtailed,,,
2026-08-15T02:08:29.025-07:00,,query_completed,outbound,query_operational_state,ok,,periodic,18,0,,,,,,,
2026-08-15T02:08:59.047-07:00,,query_sent,outbound,query_operational_state,pending,,periodic,18,0,,,,,,,
2026-08-15T02:08:59.144-07:00,,link_ack,inbound,query_operational_state,ack,,link_layer,18,,,,,,,,
2026-08-15T02:08:59.267-07:00,,operational_state,inbound,query_operational_state,received,,device_response,19,4,,,4,Idle Curtailed,,,
2026-08-15T02:08:59.308-07:00,,query_completed,outbound,query_operational_state,ok,,periodic,18,0,,,,,,,
2026-08-15T02:09:29.329-07:00,,query_sent,outbound,get_commodity,pending,,periodic,6,0,,,,,,,
2026-08-15T02:09:29.427-07:00,,link_ack,inbound,get_commodity,ack,,link_layer,6,,,,,,,,
2026-08-15T02:09:29.595-07:00,,intermediate_response,inbound,get_commodity,success,,device_response,6,128,,,,,0,success,
2026-08-15T02:09:29.638-07:00,,query_completed,outbound,get_commodity,ok,,periodic,6,0,,,,,0,success,
2026-08-15T02:09:29.638-07:00,,query_sent,outbound,query_operational_state,pending,,periodic,18,0,,,,,,,
2026-08-15T02:09:29.800-07:00,,link_ack,inbound,query_operational_state,ack,,link_layer,18,,,,,,,,
2026-08-15T02:09:29.924-07:00,,operational_state,inbound,query_operational_state,received,,device_response,19,4,,,4,Idle Curtailed,,,
2026-08-15T02:09:29.965-07:00,,query_completed,outbound,query_operational_state,ok,,periodic,18,0,,,,,,,
2026-08-15T02:09:58.985-07:00,,query_sent,outbound,query_operational_state,pending,,periodic,18,0,,,,,,,
2026-08-15T02:09:59.082-07:00,,link_ack,inbound,query_operational_state,ack,,link_layer,18,,,,,,,,
2026-08-15T02:09:59.206-07:00,,operational_state,inbound,query_operational_state,received,,device_response,19,4,,,4,Idle Curtailed,,,
2026-08-15T02:09:59.246-07:00,,query_completed,outbound,query_operational_state,ok,,periodic,18,0,,,,,,,
2026-08-15T02:10:29.268-07:00,,query_sent,outbound,get_commodity,pending,,periodic,6,0,,,,,,,
2026-08-15T02:10:29.365-07:00,,link_ack,inbound,get_commodity,ack,,link_layer,6,,,,,,,,
2026-08-15T02:10:29.534-07:00,,intermediate_response,inbound,get_commodity,success,,device_response,6,128,,,,,0,success,
2026-08-15T02:10:29.578-07:00,,query_completed,outbound,get_commodity,ok,,periodic,6,0,,,,,0,success,
2026-08-15T02:10:29.578-07:00,,query_sent,outbound,query_operational_state,pending,,periodic,18,0,,,,,,,
2026-08-15T02:10:29.740-07:00,,link_ack,inbound,query_operational_state,ack,,link_layer,18,,,,,,,,
2026-08-15T02:10:29.863-07:00,,operational_state,inbound,query_operational_state,received,,device_response,19,4,,,4,Idle Curtailed,,,
2026-08-15T02:10:29.904-07:00,,query_completed,outbound,query_operational_state,ok,,periodic,18,0,,,,,,,
2026-08-15T02:10:58.925-07:00,auto_outside_comm_heartbeat_17,command_sent,outbound,outside_communication1,pending,0,schedule,14,0,,,,,,,
2026-08-15T02:10:59.023-07:00,,link_ack,inbound,outside_communication,ack,,link_layer,14,,,,,,,,
2026-08-15T02:10:59.146-07:00,,application_ack,inbound,outside_communication,ack,,application_layer,3,14,,,,,,,
2026-08-15T02:10:59.187-07:00,auto_outside_comm_heartbeat_17,command_completed,outbound,outside_communication1,ok,0,schedule,14,0,,,,,,,
2026-08-15T02:10:59.188-07:00,,query_sent,outbound,query_operational_state,pending,,periodic,18,0,,,,,,,
2026-08-15T02:10:59.350-07:00,,link_ack,inbound,query_operational_state,ack,,link_layer,18,,,,,,,,
2026-08-15T02:10:59.473-07:00,,operational_state,inbound,query_operational_state,received,,device_response,19,4,,,4,Idle Curtailed,,,
2026-08-15T02:10:59.514-07:00,,query_completed,outbound,query_operational_state,ok,,periodic,18,0,,,,,,,
2026-08-15T02:11:28.534-07:00,,query_sent,outbound,get_commodity,pending,,periodic,6,0,,,,,,,
2026-08-15T02:11:28.632-07:00,,link_ack,inbound,get_commodity,ack,,link_layer,6,,,,,,,,
2026-08-15T02:11:28.801-07:00,,intermediate_response,inbound,get_commodity,success,,device_response,6,128,,,,,0,success,
2026-08-15T02:11:28.844-07:00,,query_completed,outbound,get_commodity,ok,,periodic,6,0,,,,,0,success,
2026-08-15T02:11:28.844-07:00,,query_sent,outbound,query_operational_state,pending,,periodic,18,0,,,,,,,
2026-08-15T02:11:29.006-07:00,,link_ack,inbound,query_operational_state,ack,,link_layer,18,,,,,,,,
2026-08-15T02:11:29.130-07:00,,operational_state,inbound,query_operational_state,received,,device_response,19,4,,,4,Idle Curtailed,,,
2026-08-15T02:11:29.171-07:00,,query_completed,outbound,query_operational_state,ok,,periodic,18,0,,,,,,,
2026-08-15T02:11:59.191-07:00,,query_sent,outbound,query_operational_state,pending,,periodic,18,0,,,,,,,
2026-08-15T02:11:59.291-07:00,,link_ack,inbound,query_operational_state,ack,,link_layer,18,,,,,,,,
2026-08-15T02:11:59.415-07:00,,operational_state,inbound,query_operational_state,received,,device_response,19,4,,,4,Idle Curtailed,,,
2026-08-15T02:11:59.456-07:00,,query_completed,outbound,query_operational_state,ok,,periodic,18,0,,,,,,,
2026-08-15T02:12:28.475-07:00,,query_sent,outbound,get_commodity,pending,,periodic,6,0,,,,,,,
2026-08-15T02:12:28.575-07:00,,link_ack,inbound,get_commodity,ack,,link_layer,6,,,,,,,,
2026-08-15T02:12:28.745-07:00,,intermediate_response,inbound,get_commodity,success,,device_response,6,128,,,,,0,success,
2026-08-15T02:12:28.788-07:00,,query_completed,outbound,get_commodity,ok,,periodic,6,0,,,,,0,success,
2026-08-15T02:12:28.788-07:00,,query_sent,outbound,query_operational_state,pending,,periodic,18,0,,,,,,,
2026-08-15T02:12:28.950-07:00,,link_ack,inbound,query_operational_state,ack,,link_layer,18,,,,,,,,
2026-08-15T02:12:29.073-07:00,,operational_state,inbound,query_operational_state,received,,device_response,19,4,,,4,Idle Curtailed,,,
2026-08-15T02:12:29.114-07:00,,query_completed,outbound,query_operational_state,ok,,periodic,18,0,,,,,,,
2026-08-15T02:12:59.134-07:00,,query_sent,outbound,query_operational_state,pending,,periodic,18,0,,,,,,,
2026-08-15T02:12:59.235-07:00,,link_ack,inbound,query_operational_state,ack,,link_layer,18,,,,,,,,
2026-08-15T02:12:59.359-07:00,,operational_state,inbound,query_operational_state,received,,device_response,19,4,,,4,Idle Curtailed,,,
2026-08-15T02:12:59.399-07:00,,query_completed,outbound,query_operational_state,ok,,periodic,18,0,,,,,,,
2026-08-15T02:13:28.419-07:00,,query_sent,outbound,get_commodity,pending,,periodic,6,0,,,,,,,
2026-08-15T02:13:28.521-07:00,,link_ack,inbound,get_commodity,ack,,link_layer,6,,,,,,,,
2026-08-15T02:13:28.690-07:00,,intermediate_response,inbound,get_commodity,success,,device_response,6,128,,,,,0,success,
2026-08-15T02:13:28.733-07:00,,query_completed,outbound,get_commodity,ok,,periodic,6,0,,,,,0,success,
2026-08-15T02:13:28.733-07:00,,query_sent,outbound,query_operational_state,pending,,periodic,18,0,,,,,,,
2026-08-15T02:13:28.895-07:00,,link_ack,inbound,query_operational_state,ack,,link_layer,18,,,,,,,,
2026-08-15T02:13:29.020-07:00,,operational_state,inbound,query_operational_state,received,,device_response,19,4,,,4,Idle Curtailed,,,
2026-08-15T02:13:29.061-07:00,,query_completed,outbound,query_operational_state,ok,,periodic,18,0,,,,,,,
2026-08-15T02:13:59.081-07:00,,query_sent,outbound,query_operational_state,pending,,periodic,18,0,,,,,,,
2026-08-15T02:13:59.181-07:00,,link_ack,inbound,query_operational_state,ack,,link_layer,18,,,,,,,,
2026-08-15T02:13:59.304-07:00,,operational_state,inbound,query_operational_state,received,,device_response,19,4,,,4,Idle Curtailed,,,
2026-08-15T02:13:59.344-07:00,,query_completed,outbound,query_operational_state,ok,,periodic,18,0,,,,,,,
2026-08-15T02:14:28.364-07:00,,query_sent,outbound,get_commodity,pending,,periodic,6,0,,,,,,,
2026-08-15T02:14:28.463-07:00,,link_ack,inbound,get_commodity,ack,,link_layer,6,,,,,,,,
2026-08-15T02:14:28.634-07:00,,intermediate_response,inbound,get_commodity,success,,device_response,6,128,,,,,0,success,
2026-08-15T02:14:28.677-07:00,,query_completed,outbound,get_commodity,ok,,periodic,6,0,,,,,0,success,
2026-08-15T02:14:28.677-07:00,,query_sent,outbound,query_operational_state,pending,,periodic,18,0,,,,,,,
2026-08-15T02:14:28.841-07:00,,link_ack,inbound,query_operational_state,ack,,link_layer,18,,,,,,,,
2026-08-15T02:14:28.965-07:00,,operational_state,inbound,query_operational_state,received,,device_response,19,4,,,4,Idle Curtailed,,,
2026-08-15T02:14:29.006-07:00,,query_completed,outbound,query_operational_state,ok,,periodic,18,0,,,,,,,
2026-08-15T02:14:59.027-07:00,,query_sent,outbound,query_operational_state,pending,,periodic,18,0,,,,,,,
2026-08-15T02:14:59.130-07:00,,link_ack,inbound,query_operational_state,ack,,link_layer,18,,,,,,,,
2026-08-15T02:14:59.252-07:00,,operational_state,inbound,query_operational_state,received,,device_response,19,4,,,4,Idle Curtailed,,,
2026-08-15T02:14:59.293-07:00,,query_completed,outbound,query_operational_state,ok,,periodic,18,0,,,,,,,
2026-08-15T02:15:29.314-07:00,,query_sent,outbound,get_commodity,pending,,periodic,6,0,,,,,,,
2026-08-15T02:15:29.415-07:00,,link_ack,inbound,get_commodity,ack,,link_layer,6,,,,,,,,
2026-08-15T02:15:29.584-07:00,,intermediate_response,inbound,get_commodity,success,,device_response,6,128,,,,,0,success,
2026-08-15T02:15:29.627-07:00,,query_completed,outbound,get_commodity,ok,,periodic,6,0,,,,,0,success,
2026-08-15T02:15:29.628-07:00,,query_sent,outbound,query_operational_state,pending,,periodic,18,0,,,,,,,
2026-08-15T02:15:29.789-07:00,,link_ack,inbound,query_operational_state,ack,,link_layer,18,,,,,,,,
2026-08-15T02:15:29.913-07:00,,operational_state,inbound,query_operational_state,received,,device_response,19,4,,,4,Idle Curtailed,,,
2026-08-15T02:15:29.954-07:00,,query_completed,outbound,query_operational_state,ok,,periodic,18,0,,,,,,,
2026-08-15T02:15:58.973-07:00,,query_sent,outbound,query_operational_state,pending,,periodic,18,0,,,,,,,
2026-08-15T02:15:59.072-07:00,,link_ack,inbound,query_operational_state,ack,,link_layer,18,,,,,,,,
2026-08-15T02:15:59.197-07:00,,operational_state,inbound,query_operational_state,received,,device_response,19,4,,,4,Idle Curtailed,,,
2026-08-15T02:15:59.238-07:00,,query_completed,outbound,query_operational_state,ok,,periodic,18,0,,,,,,,
2026-08-15T02:16:29.258-07:00,,query_sent,outbound,get_commodity,pending,,periodic,6,0,,,,,,,
2026-08-15T02:16:29.358-07:00,,link_ack,inbound,get_commodity,ack,,link_layer,6,,,,,,,,
2026-08-15T02:16:29.529-07:00,,intermediate_response,inbound,get_commodity,success,,device_response,6,128,,,,,0,success,
2026-08-15T02:16:29.572-07:00,,query_completed,outbound,get_commodity,ok,,periodic,6,0,,,,,0,success,
2026-08-15T02:16:29.573-07:00,,query_sent,outbound,query_operational_state,pending,,periodic,18,0,,,,,,,
2026-08-15T02:16:29.736-07:00,,link_ack,inbound,query_operational_state,ack,,link_layer,18,,,,,,,,
2026-08-15T02:16:29.860-07:00,,operational_state,inbound,query_operational_state,received,,device_response,19,4,,,4,Idle Curtailed,,,
2026-08-15T02:16:29.901-07:00,,query_completed,outbound,query_operational_state,ok,,periodic,18,0,,,,,,,
2026-08-15T02:16:58.921-07:00,,query_sent,outbound,query_operational_state,pending,,periodic,18,0,,,,,,,
2026-08-15T02:16:59.020-07:00,,link_ack,inbound,query_operational_state,ack,,link_layer,18,,,,,,,,
2026-08-15T02:16:59.143-07:00,,operational_state,inbound,query_operational_state,received,,device_response,19,4,,,4,Idle Curtailed,,,
2026-08-15T02:16:59.184-07:00,,query_completed,outbound,query_operational_state,ok,,periodic,18,0,,,,,,,
2026-08-15T02:17:29.204-07:00,,query_sent,outbound,get_commodity,pending,,periodic,6,0,,,,,,,
2026-08-15T02:17:29.307-07:00,,link_ack,inbound,get_commodity,ack,,link_layer,6,,,,,,,,
2026-08-15T02:17:29.476-07:00,,intermediate_response,inbound,get_commodity,success,,device_response,6,128,,,,,0,success,
2026-08-15T02:17:29.520-07:00,,query_completed,outbound,get_commodity,ok,,periodic,6,0,,,,,0,success,
2026-08-15T02:17:29.520-07:00,,query_sent,outbound,query_operational_state,pending,,periodic,18,0,,,,,,,
2026-08-15T02:17:29.681-07:00,,link_ack,inbound,query_operational_state,ack,,link_layer,18,,,,,,,,
2026-08-15T02:17:29.805-07:00,,operational_state,inbound,query_operational_state,received,,device_response,19,4,,,4,Idle Curtailed,,,
2026-08-15T02:17:29.846-07:00,,query_completed,outbound,query_operational_state,ok,,periodic,18,0,,,,,,,
2026-08-15T02:17:58.866-07:00,,query_sent,outbound,query_operational_state,pending,,periodic,18,0,,,,,,,
2026-08-15T02:17:58.968-07:00,,link_ack,inbound,query_operational_state,ack,,link_layer,18,,,,,,,,
2026-08-15T02:17:59.091-07:00,,operational_state,inbound,query_operational_state,received,,device_response,19,4,,,4,Idle Curtailed,,,
2026-08-15T02:17:59.131-07:00,,query_completed,outbound,query_operational_state,ok,,periodic,18,0,,,,,,,
2026-08-15T02:18:29.152-07:00,,query_sent,outbound,get_commodity,pending,,periodic,6,0,,,,,,,
2026-08-15T02:18:29.253-07:00,,link_ack,inbound,get_commodity,ack,,link_layer,6,,,,,,,,
2026-08-15T02:18:29.422-07:00,,intermediate_response,inbound,get_commodity,success,,device_response,6,128,,,,,0,success,
2026-08-15T02:18:29.466-07:00,,query_completed,outbound,get_commodity,ok,,periodic,6,0,,,,,0,success,
2026-08-15T02:18:29.466-07:00,,query_sent,outbound,query_operational_state,pending,,periodic,18,0,,,,,,,
2026-08-15T02:18:29.628-07:00,,link_ack,inbound,query_operational_state,ack,,link_layer,18,,,,,,,,
2026-08-15T02:18:29.751-07:00,,operational_state,inbound,query_operational_state,received,,device_response,19,4,,,4,Idle Curtailed,,,
2026-08-15T02:18:29.792-07:00,,query_completed,outbound,query_operational_state,ok,,periodic,18,0,,,,,,,
2026-08-15T02:18:58.812-07:00,,query_sent,outbound,query_operational_state,pending,,periodic,18,0,,,,,,,
2026-08-15T02:18:58.911-07:00,,link_ack,inbound,query_operational_state,ack,,link_layer,18,,,,,,,,
2026-08-15T02:18:59.035-07:00,,operational_state,inbound,query_operational_state,received,,device_response,19,4,,,4,Idle Curtailed,,,
2026-08-15T02:18:59.076-07:00,,query_completed,outbound,query_operational_state,ok,,periodic,18,0,,,,,,,
2026-08-15T02:19:29.097-07:00,,query_sent,outbound,get_commodity,pending,,periodic,6,0,,,,,,,
2026-08-15T02:19:29.197-07:00,,link_ack,inbound,get_commodity,ack,,link_layer,6,,,,,,,,
2026-08-15T02:19:29.366-07:00,,intermediate_response,inbound,get_commodity,success,,device_response,6,128,,,,,0,success,
2026-08-15T02:19:29.408-07:00,,query_completed,outbound,get_commodity,ok,,periodic,6,0,,,,,0,success,
2026-08-15T02:19:29.408-07:00,,query_sent,outbound,query_operational_state,pending,,periodic,18,0,,,,,,,
2026-08-15T02:19:29.570-07:00,,link_ack,inbound,query_operational_state,ack,,link_layer,18,,,,,,,,
2026-08-15T02:19:29.694-07:00,,operational_state,inbound,query_operational_state,received,,device_response,19,4,,,4,Idle Curtailed,,,
2026-08-15T02:19:29.735-07:00,,query_completed,outbound,query_operational_state,ok,,periodic,18,0,,,,,,,
2026-08-15T02:19:58.755-07:00,,query_sent,outbound,query_operational_state,pending,,periodic,18,0,,,,,,,
2026-08-15T02:19:58.855-07:00,,link_ack,inbound,query_operational_state,ack,,link_layer,18,,,,,,,,
2026-08-15T02:19:58.979-07:00,,operational_state,inbound,query_operational_state,received,,device_response,19,4,,,4,Idle Curtailed,,,
2026-08-15T02:19:59.019-07:00,,query_completed,outbound,query_operational_state,ok,,periodic,18,0,,,,,,,
2026-08-15T02:20:29.041-07:00,,query_sent,outbound,get_commodity,pending,,periodic,6,0,,,,,,,
2026-08-15T02:20:29.141-07:00,,link_ack,inbound,get_commodity,ack,,link_layer,6,,,,,,,,
2026-08-15T02:20:29.309-07:00,,intermediate_response,inbound,get_commodity,success,,device_response,6,128,,,,,0,success,
2026-08-15T02:20:29.353-07:00,,query_completed,outbound,get_commodity,ok,,periodic,6,0,,,,,0,success,
2026-08-15T02:20:29.353-07:00,,query_sent,outbound,query_operational_state,pending,,periodic,18,0,,,,,,,
2026-08-15T02:20:29.517-07:00,,link_ack,inbound,query_operational_state,ack,,link_layer,18,,,,,,,,
2026-08-15T02:20:29.641-07:00,,operational_state,inbound,query_operational_state,received,,device_response,19,4,,,4,Idle Curtailed,,,
2026-08-15T02:20:29.681-07:00,,query_completed,outbound,query_operational_state,ok,,periodic,18,0,,,,,,,
2026-08-15T02:20:58.701-07:00,,query_sent,outbound,query_operational_state,pending,,periodic,18,0,,,,,,,
2026-08-15T02:20:58.800-07:00,,link_ack,inbound,query_operational_state,ack,,link_layer,18,,,,,,,,
2026-08-15T02:20:58.923-07:00,,operational_state,inbound,query_operational_state,received,,device_response,19,4,,,4,Idle Curtailed,,,
2026-08-15T02:20:58.964-07:00,,query_completed,outbound,query_operational_state,ok,,periodic,18,0,,,,,,,
2026-08-15T02:21:28.984-07:00,,query_sent,outbound,get_commodity,pending,,periodic,6,0,,,,,,,
2026-08-15T02:21:29.087-07:00,,link_ack,inbound,get_commodity,ack,,link_layer,6,,,,,,,,
2026-08-15T02:21:29.256-07:00,,intermediate_response,inbound,get_commodity,success,,device_response,6,128,,,,,0,success,
2026-08-15T02:21:29.299-07:00,,query_completed,outbound,get_commodity,ok,,periodic,6,0,,,,,0,success,
2026-08-15T02:21:29.299-07:00,,query_sent,outbound,query_operational_state,pending,,periodic,18,0,,,,,,,
2026-08-15T02:21:29.461-07:00,,link_ack,inbound,query_operational_state,ack,,link_layer,18,,,,,,,,
2026-08-15T02:21:29.585-07:00,,operational_state,inbound,query_operational_state,received,,device_response,19,4,,,4,Idle Curtailed,,,
2026-08-15T02:21:29.626-07:00,,query_completed,outbound,query_operational_state,ok,,periodic,18,0,,,,,,,
2026-08-15T02:21:58.645-07:00,,query_sent,outbound,query_operational_state,pending,,periodic,18,0,,,,,,,
2026-08-15T02:21:58.744-07:00,,link_ack,inbound,query_operational_state,ack,,link_layer,18,,,,,,,,
2026-08-15T02:21:58.868-07:00,,operational_state,inbound,query_operational_state,received,,device_response,19,4,,,4,Idle Curtailed,,,
2026-08-15T02:21:58.908-07:00,,query_completed,outbound,query_operational_state,ok,,periodic,18,0,,,,,,,
2026-08-15T02:22:28.929-07:00,,query_sent,outbound,get_commodity,pending,,periodic,6,0,,,,,,,
2026-08-15T02:22:29.029-07:00,,link_ack,inbound,get_commodity,ack,,link_layer,6,,,,,,,,
2026-08-15T02:22:29.199-07:00,,intermediate_response,inbound,get_commodity,success,,device_response,6,128,,,,,0,success,
2026-08-15T02:22:29.243-07:00,,query_completed,outbound,get_commodity,ok,,periodic,6,0,,,,,0,success,
2026-08-15T02:22:29.243-07:00,,query_sent,outbound,query_operational_state,pending,,periodic,18,0,,,,,,,
2026-08-15T02:22:29.405-07:00,,link_ack,inbound,query_operational_state,ack,,link_layer,18,,,,,,,,
2026-08-15T02:22:29.528-07:00,,operational_state,inbound,query_operational_state,received,,device_response,19,4,,,4,Idle Curtailed,,,
2026-08-15T02:22:29.569-07:00,,query_completed,outbound,query_operational_state,ok,,periodic,18,0,,,,,,,
2026-08-15T02:22:58.588-07:00,,query_sent,outbound,query_operational_state,pending,,periodic,18,0,,,,,,,
2026-08-15T02:22:58.689-07:00,,link_ack,inbound,query_operational_state,ack,,link_layer,18,,,,,,,,
2026-08-15T02:22:58.813-07:00,,operational_state,inbound,query_operational_state,received,,device_response,19,4,,,4,Idle Curtailed,,,
2026-08-15T02:22:58.854-07:00,,query_completed,outbound,query_operational_state,ok,,periodic,18,0,,,,,,,
2026-08-15T02:23:28.874-07:00,,query_sent,outbound,get_commodity,pending,,periodic,6,0,,,,,,,
2026-08-15T02:23:28.974-07:00,,link_ack,inbound,get_commodity,ack,,link_layer,6,,,,,,,,
2026-08-15T02:23:29.144-07:00,,intermediate_response,inbound,get_commodity,success,,device_response,6,128,,,,,0,success,
2026-08-15T02:23:29.187-07:00,,query_completed,outbound,get_commodity,ok,,periodic,6,0,,,,,0,success,
2026-08-15T02:23:29.187-07:00,,query_sent,outbound,query_operational_state,pending,,periodic,18,0,,,,,,,
2026-08-15T02:23:29.349-07:00,,link_ack,inbound,query_operational_state,ack,,link_layer,18,,,,,,,,
2026-08-15T02:23:29.473-07:00,,operational_state,inbound,query_operational_state,received,,device_response,19,4,,,4,Idle Curtailed,,,
2026-08-15T02:23:29.513-07:00,,query_completed,outbound,query_operational_state,ok,,periodic,18,0,,,,,,,
2026-08-15T02:23:58.533-07:00,,query_sent,outbound,query_operational_state,pending,,periodic,18,0,,,,,,,
2026-08-15T02:23:58.633-07:00,,link_ack,inbound,query_operational_state,ack,,link_layer,18,,,,,,,,
2026-08-15T02:23:58.756-07:00,,operational_state,inbound,query_operational_state,received,,device_response,19,4,,,4,Idle Curtailed,,,
2026-08-15T02:23:58.797-07:00,,query_completed,outbound,query_operational_state,ok,,periodic,18,0,,,,,,,
2026-08-15T02:24:28.817-07:00,auto_outside_comm_heartbeat_18,command_sent,outbound,outside_communication1,pending,0,schedule,14,0,,,,,,,
2026-08-15T02:24:28.920-07:00,,link_ack,inbound,outside_communication,ack,,link_layer,14,,,,,,,,
2026-08-15T02:24:29.043-07:00,,application_ack,inbound,outside_communication,ack,,application_layer,3,14,,,,,,,
2026-08-15T02:24:29.084-07:00,auto_outside_comm_heartbeat_18,command_completed,outbound,outside_communication1,ok,0,schedule,14,0,,,,,,,
2026-08-15T02:24:29.085-07:00,,query_sent,outbound,get_commodity,pending,,periodic,6,0,,,,,,,
2026-08-15T02:24:29.248-07:00,,link_ack,inbound,get_commodity,ack,,link_layer,6,,,,,,,,
2026-08-15T02:24:29.416-07:00,,intermediate_response,inbound,get_commodity,success,,device_response,6,128,,,,,0,success,
2026-08-15T02:24:29.460-07:00,,query_completed,outbound,get_commodity,ok,,periodic,6,0,,,,,0,success,
2026-08-15T02:24:29.460-07:00,,query_sent,outbound,query_operational_state,pending,,periodic,18,0,,,,,,,
2026-08-15T02:24:29.622-07:00,,link_ack,inbound,query_operational_state,ack,,link_layer,18,,,,,,,,
2026-08-15T02:24:29.747-07:00,,operational_state,inbound,query_operational_state,received,,device_response,19,4,,,4,Idle Curtailed,,,
2026-08-15T02:24:29.787-07:00,,query_completed,outbound,query_operational_state,ok,,periodic,18,0,,,,,,,
2026-08-15T02:24:58.806-07:00,,query_sent,outbound,query_operational_state,pending,,periodic,18,0,,,,,,,
2026-08-15T02:24:58.906-07:00,,link_ack,inbound,query_operational_state,ack,,link_layer,18,,,,,,,,
2026-08-15T02:24:59.029-07:00,,operational_state,inbound,query_operational_state,received,,device_response,19,4,,,4,Idle Curtailed,,,
2026-08-15T02:24:59.070-07:00,,query_completed,outbound,query_operational_state,ok,,periodic,18,0,,,,,,,
2026-08-15T02:25:29.089-07:00,,query_sent,outbound,get_commodity,pending,,periodic,6,0,,,,,,,
2026-08-15T02:25:29.192-07:00,,link_ack,inbound,get_commodity,ack,,link_layer,6,,,,,,,,
2026-08-15T02:25:29.360-07:00,,intermediate_response,inbound,get_commodity,success,,device_response,6,128,,,,,0,success,
2026-08-15T02:25:29.404-07:00,,query_completed,outbound,get_commodity,ok,,periodic,6,0,,,,,0,success,
2026-08-15T02:25:29.404-07:00,,query_sent,outbound,query_operational_state,pending,,periodic,18,0,,,,,,,
2026-08-15T02:25:29.566-07:00,,link_ack,inbound,query_operational_state,ack,,link_layer,18,,,,,,,,
2026-08-15T02:25:29.690-07:00,,operational_state,inbound,query_operational_state,received,,device_response,19,4,,,4,Idle Curtailed,,,
2026-08-15T02:25:29.731-07:00,,query_completed,outbound,query_operational_state,ok,,periodic,18,0,,,,,,,
2026-08-15T02:25:58.750-07:00,,query_sent,outbound,query_operational_state,pending,,periodic,18,0,,,,,,,
2026-08-15T02:25:58.851-07:00,,link_ack,inbound,query_operational_state,ack,,link_layer,18,,,,,,,,
2026-08-15T02:25:58.975-07:00,,operational_state,inbound,query_operational_state,received,,device_response,19,4,,,4,Idle Curtailed,,,
2026-08-15T02:25:59.015-07:00,,query_completed,outbound,query_operational_state,ok,,periodic,18,0,,,,,,,
2026-08-15T02:26:29.035-07:00,,query_sent,outbound,get_commodity,pending,,periodic,6,0,,,,,,,
2026-08-15T02:26:29.138-07:00,,link_ack,inbound,get_commodity,ack,,link_layer,6,,,,,,,,
2026-08-15T02:26:29.309-07:00,,intermediate_response,inbound,get_commodity,success,,device_response,6,128,,,,,0,success,
2026-08-15T02:26:29.352-07:00,,query_completed,outbound,get_commodity,ok,,periodic,6,0,,,,,0,success,
2026-08-15T02:26:29.353-07:00,,query_sent,outbound,query_operational_state,pending,,periodic,18,0,,,,,,,
2026-08-15T02:26:29.516-07:00,,link_ack,inbound,query_operational_state,ack,,link_layer,18,,,,,,,,
2026-08-15T02:26:29.640-07:00,,operational_state,inbound,query_operational_state,received,,device_response,19,4,,,4,Idle Curtailed,,,
2026-08-15T02:26:29.681-07:00,,query_completed,outbound,query_operational_state,ok,,periodic,18,0,,,,,,,
2026-08-15T02:26:58.699-07:00,,query_sent,outbound,query_operational_state,pending,,periodic,18,0,,,,,,,
2026-08-15T02:26:58.801-07:00,,link_ack,inbound,query_operational_state,ack,,link_layer,18,,,,,,,,
2026-08-15T02:26:58.925-07:00,,operational_state,inbound,query_operational_state,received,,device_response,19,4,,,4,Idle Curtailed,,,
2026-08-15T02:26:58.966-07:00,,query_completed,outbound,query_operational_state,ok,,periodic,18,0,,,,,,,
2026-08-15T02:27:28.986-07:00,,query_sent,outbound,get_commodity,pending,,periodic,6,0,,,,,,,
2026-08-15T02:27:29.086-07:00,,link_ack,inbound,get_commodity,ack,,link_layer,6,,,,,,,,
2026-08-15T02:27:29.254-07:00,,intermediate_response,inbound,get_commodity,success,,device_response,6,128,,,,,0,success,
2026-08-15T02:27:29.298-07:00,,query_completed,outbound,get_commodity,ok,,periodic,6,0,,,,,0,success,
2026-08-15T02:27:29.298-07:00,,query_sent,outbound,query_operational_state,pending,,periodic,18,0,,,,,,,
2026-08-15T02:27:29.460-07:00,,link_ack,inbound,query_operational_state,ack,,link_layer,18,,,,,,,,
2026-08-15T02:27:29.585-07:00,,operational_state,inbound,query_operational_state,received,,device_response,19,4,,,4,Idle Curtailed,,,
2026-08-15T02:27:29.626-07:00,,query_completed,outbound,query_operational_state,ok,,periodic,18,0,,,,,,,
2026-08-15T02:27:58.645-07:00,,query_sent,outbound,query_operational_state,pending,,periodic,18,0,,,,,,,
2026-08-15T02:27:58.743-07:00,,link_ack,inbound,query_operational_state,ack,,link_layer,18,,,,,,,,
2026-08-15T02:27:58.866-07:00,,operational_state,inbound,query_operational_state,received,,device_response,19,4,,,4,Idle Curtailed,,,
2026-08-15T02:27:58.907-07:00,,query_completed,outbound,query_operational_state,ok,,periodic,18,0,,,,,,,
2026-08-15T02:28:28.927-07:00,,query_sent,outbound,get_commodity,pending,,periodic,6,0,,,,,,,
2026-08-15T02:28:29.029-07:00,,link_ack,inbound,get_commodity,ack,,link_layer,6,,,,,,,,
2026-08-15T02:28:29.199-07:00,,intermediate_response,inbound,get_commodity,success,,device_response,6,128,,,,,0,success,
2026-08-15T02:28:29.242-07:00,,query_completed,outbound,get_commodity,ok,,periodic,6,0,,,,,0,success,
2026-08-15T02:28:29.242-07:00,,query_sent,outbound,query_operational_state,pending,,periodic,18,0,,,,,,,
2026-08-15T02:28:29.405-07:00,,link_ack,inbound,query_operational_state,ack,,link_layer,18,,,,,,,,
2026-08-15T02:28:29.528-07:00,,operational_state,inbound,query_operational_state,received,,device_response,19,4,,,4,Idle Curtailed,,,
2026-08-15T02:28:29.569-07:00,,query_completed,outbound,query_operational_state,ok,,periodic,18,0,,,,,,,
2026-08-15T02:28:58.589-07:00,,query_sent,outbound,query_operational_state,pending,,periodic,18,0,,,,,,,
2026-08-15T02:28:58.689-07:00,,link_ack,inbound,query_operational_state,ack,,link_layer,18,,,,,,,,
2026-08-15T02:28:58.812-07:00,,operational_state,inbound,query_operational_state,received,,device_response,19,4,,,4,Idle Curtailed,,,
2026-08-15T02:28:58.853-07:00,,query_completed,outbound,query_operational_state,ok,,periodic,18,0,,,,,,,
2026-08-15T02:29:28.874-07:00,,query_sent,outbound,get_commodity,pending,,periodic,6,0,,,,,,,
2026-08-15T02:29:28.972-07:00,,link_ack,inbound,get_commodity,ack,,link_layer,6,,,,,,,,
2026-08-15T02:29:29.141-07:00,,intermediate_response,inbound,get_commodity,success,,device_response,6,128,,,,,0,success,
2026-08-15T02:29:29.184-07:00,,query_completed,outbound,get_commodity,ok,,periodic,6,0,,,,,0,success,
2026-08-15T02:29:29.184-07:00,,query_sent,outbound,query_operational_state,pending,,periodic,18,0,,,,,,,
2026-08-15T02:29:29.346-07:00,,link_ack,inbound,query_operational_state,ack,,link_layer,18,,,,,,,,
2026-08-15T02:29:29.470-07:00,,operational_state,inbound,query_operational_state,received,,device_response,19,4,,,4,Idle Curtailed,,,
2026-08-15T02:29:29.510-07:00,,query_completed,outbound,query_operational_state,ok,,periodic,18,0,,,,,,,
2026-08-15T02:29:58.530-07:00,,query_sent,outbound,query_operational_state,pending,,periodic,18,0,,,,,,,
2026-08-15T02:29:58.630-07:00,,link_ack,inbound,query_operational_state,ack,,link_layer,18,,,,,,,,
2026-08-15T02:29:58.753-07:00,,operational_state,inbound,query_operational_state,received,,device_response,19,4,,,4,Idle Curtailed,,,
2026-08-15T02:29:58.794-07:00,,query_completed,outbound,query_operational_state,ok,,periodic,18,0,,,,,,,
2026-08-15T02:30:28.814-07:00,,query_sent,outbound,get_commodity,pending,,periodic,6,0,,,,,,,
2026-08-15T02:30:28.917-07:00,,link_ack,inbound,get_commodity,ack,,link_layer,6,,,,,,,,
2026-08-15T02:30:29.086-07:00,,intermediate_response,inbound,get_commodity,success,,device_response,6,128,,,,,0,success,
2026-08-15T02:30:29.130-07:00,,query_completed,outbound,get_commodity,ok,,periodic,6,0,,,,,0,success,
2026-08-15T02:30:29.130-07:00,,query_sent,outbound,query_operational_state,pending,,periodic,18,0,,,,,,,
2026-08-15T02:30:29.291-07:00,,link_ack,inbound,query_operational_state,ack,,link_layer,18,,,,,,,,
2026-08-15T02:30:29.416-07:00,,operational_state,inbound,query_operational_state,received,,device_response,19,4,,,4,Idle Curtailed,,,
2026-08-15T02:30:29.457-07:00,,query_completed,outbound,query_operational_state,ok,,periodic,18,0,,,,,,,
2026-08-15T02:30:58.476-07:00,,query_sent,outbound,query_operational_state,pending,,periodic,18,0,,,,,,,
2026-08-15T02:30:58.575-07:00,,link_ack,inbound,query_operational_state,ack,,link_layer,18,,,,,,,,
2026-08-15T02:30:58.700-07:00,,operational_state,inbound,query_operational_state,received,,device_response,19,4,,,4,Idle Curtailed,,,
2026-08-15T02:30:58.741-07:00,,query_completed,outbound,query_operational_state,ok,,periodic,18,0,,,,,,,
2026-08-15T02:31:28.761-07:00,,query_sent,outbound,get_commodity,pending,,periodic,6,0,,,,,,,
2026-08-15T02:31:28.861-07:00,,link_ack,inbound,get_commodity,ack,,link_layer,6,,,,,,,,
2026-08-15T02:31:29.030-07:00,,intermediate_response,inbound,get_commodity,success,,device_response,6,128,,,,,0,success,
2026-08-15T02:31:29.073-07:00,,query_completed,outbound,get_commodity,ok,,periodic,6,0,,,,,0,success,
2026-08-15T02:31:29.073-07:00,,query_sent,outbound,query_operational_state,pending,,periodic,18,0,,,,,,,
2026-08-15T02:31:29.235-07:00,,link_ack,inbound,query_operational_state,ack,,link_layer,18,,,,,,,,
2026-08-15T02:31:29.358-07:00,,operational_state,inbound,query_operational_state,received,,device_response,19,4,,,4,Idle Curtailed,,,
2026-08-15T02:31:29.399-07:00,,query_completed,outbound,query_operational_state,ok,,periodic,18,0,,,,,,,
2026-08-15T02:31:58.419-07:00,,query_sent,outbound,query_operational_state,pending,,periodic,18,0,,,,,,,
2026-08-15T02:31:58.518-07:00,,link_ack,inbound,query_operational_state,ack,,link_layer,18,,,,,,,,
2026-08-15T02:31:58.641-07:00,,operational_state,inbound,query_operational_state,received,,device_response,19,4,,,4,Idle Curtailed,,,
2026-08-15T02:31:58.682-07:00,,query_completed,outbound,query_operational_state,ok,,periodic,18,0,,,,,,,
2026-08-15T02:32:28.702-07:00,,query_sent,outbound,get_commodity,pending,,periodic,6,0,,,,,,,
2026-08-15T02:32:28.803-07:00,,link_ack,inbound,get_commodity,ack,,link_layer,6,,,,,,,,
2026-08-15T02:32:28.971-07:00,,intermediate_response,inbound,get_commodity,success,,device_response,6,128,,,,,0,success,
2026-08-15T02:32:29.015-07:00,,query_completed,outbound,get_commodity,ok,,periodic,6,0,,,,,0,success,
2026-08-15T02:32:29.015-07:00,,query_sent,outbound,query_operational_state,pending,,periodic,18,0,,,,,,,
2026-08-15T02:32:29.177-07:00,,link_ack,inbound,query_operational_state,ack,,link_layer,18,,,,,,,,
2026-08-15T02:32:29.301-07:00,,operational_state,inbound,query_operational_state,received,,device_response,19,4,,,4,Idle Curtailed,,,
2026-08-15T02:32:29.342-07:00,,query_completed,outbound,query_operational_state,ok,,periodic,18,0,,,,,,,
2026-08-15T02:32:58.362-07:00,,query_sent,outbound,query_operational_state,pending,,periodic,18,0,,,,,,,
2026-08-15T02:32:58.459-07:00,,link_ack,inbound,query_operational_state,ack,,link_layer,18,,,,,,,,
2026-08-15T02:32:58.582-07:00,,operational_state,inbound,query_operational_state,received,,device_response,19,4,,,4,Idle Curtailed,,,
2026-08-15T02:32:58.623-07:00,,query_completed,outbound,query_operational_state,ok,,periodic,18,0,,,,,,,
2026-08-15T02:33:28.644-07:00,,query_sent,outbound,get_commodity,pending,,periodic,6,0,,,,,,,
2026-08-15T02:33:28.744-07:00,,link_ack,inbound,get_commodity,ack,,link_layer,6,,,,,,,,
2026-08-15T02:33:28.913-07:00,,intermediate_response,inbound,get_commodity,success,,device_response,6,128,,,,,0,success,
2026-08-15T02:33:28.956-07:00,,query_completed,outbound,get_commodity,ok,,periodic,6,0,,,,,0,success,
2026-08-15T02:33:28.956-07:00,,query_sent,outbound,query_operational_state,pending,,periodic,18,0,,,,,,,
2026-08-15T02:33:29.120-07:00,,link_ack,inbound,query_operational_state,ack,,link_layer,18,,,,,,,,
2026-08-15T02:33:29.244-07:00,,operational_state,inbound,query_operational_state,received,,device_response,19,4,,,4,Idle Curtailed,,,
2026-08-15T02:33:29.284-07:00,,query_completed,outbound,query_operational_state,ok,,periodic,18,0,,,,,,,
2026-08-15T02:33:59.305-07:00,,query_sent,outbound,query_operational_state,pending,,periodic,18,0,,,,,,,
2026-08-15T02:33:59.407-07:00,,link_ack,inbound,query_operational_state,ack,,link_layer,18,,,,,,,,
2026-08-15T02:33:59.531-07:00,,operational_state,inbound,query_operational_state,received,,device_response,19,4,,,4,Idle Curtailed,,,
2026-08-15T02:33:59.572-07:00,,query_completed,outbound,query_operational_state,ok,,periodic,18,0,,,,,,,
2026-08-15T02:34:28.591-07:00,,query_sent,outbound,get_commodity,pending,,periodic,6,0,,,,,,,
2026-08-15T02:34:28.690-07:00,,link_ack,inbound,get_commodity,ack,,link_layer,6,,,,,,,,
2026-08-15T02:34:28.859-07:00,,intermediate_response,inbound,get_commodity,success,,device_response,6,128,,,,,0,success,
2026-08-15T02:34:28.903-07:00,,query_completed,outbound,get_commodity,ok,,periodic,6,0,,,,,0,success,
2026-08-15T02:34:28.903-07:00,,query_sent,outbound,query_operational_state,pending,,periodic,18,0,,,,,,,
2026-08-15T02:34:29.065-07:00,,link_ack,inbound,query_operational_state,ack,,link_layer,18,,,,,,,,
2026-08-15T02:34:29.189-07:00,,operational_state,inbound,query_operational_state,received,,device_response,19,4,,,4,Idle Curtailed,,,
2026-08-15T02:34:29.229-07:00,,query_completed,outbound,query_operational_state,ok,,periodic,18,0,,,,,,,
2026-08-15T02:34:59.250-07:00,,query_sent,outbound,query_operational_state,pending,,periodic,18,0,,,,,,,
2026-08-15T02:34:59.350-07:00,,link_ack,inbound,query_operational_state,ack,,link_layer,18,,,,,,,,
2026-08-15T02:34:59.473-07:00,,operational_state,inbound,query_operational_state,received,,device_response,19,4,,,4,Idle Curtailed,,,
2026-08-15T02:34:59.513-07:00,,query_completed,outbound,query_operational_state,ok,,periodic,18,0,,,,,,,
2026-08-15T02:35:28.534-07:00,,query_sent,outbound,get_commodity,pending,,periodic,6,0,,,,,,,
2026-08-15T02:35:28.632-07:00,,link_ack,inbound,get_commodity,ack,,link_layer,6,,,,,,,,
2026-08-15T02:35:28.801-07:00,,intermediate_response,inbound,get_commodity,success,,device_response,6,128,,,,,0,success,
2026-08-15T02:35:28.844-07:00,,query_completed,outbound,get_commodity,ok,,periodic,6,0,,,,,0,success,
2026-08-15T02:35:28.845-07:00,,query_sent,outbound,query_operational_state,pending,,periodic,18,0,,,,,,,
2026-08-15T02:35:29.006-07:00,,link_ack,inbound,query_operational_state,ack,,link_layer,18,,,,,,,,
2026-08-15T02:35:29.130-07:00,,operational_state,inbound,query_operational_state,received,,device_response,19,4,,,4,Idle Curtailed,,,
2026-08-15T02:35:29.171-07:00,,query_completed,outbound,query_operational_state,ok,,periodic,18,0,,,,,,,
2026-08-15T02:35:59.191-07:00,,query_sent,outbound,query_operational_state,pending,,periodic,18,0,,,,,,,
2026-08-15T02:35:59.291-07:00,,link_ack,inbound,query_operational_state,ack,,link_layer,18,,,,,,,,
2026-08-15T02:35:59.414-07:00,,operational_state,inbound,query_operational_state,received,,device_response,19,4,,,4,Idle Curtailed,,,
2026-08-15T02:35:59.455-07:00,,query_completed,outbound,query_operational_state,ok,,periodic,18,0,,,,,,,
2026-08-15T02:36:28.475-07:00,,query_sent,outbound,get_commodity,pending,,periodic,6,0,,,,,,,
2026-08-15T02:36:28.573-07:00,,link_ack,inbound,get_commodity,ack,,link_layer,6,,,,,,,,
2026-08-15T02:36:28.742-07:00,,intermediate_response,inbound,get_commodity,success,,device_response,6,128,,,,,0,success,
2026-08-15T02:36:28.786-07:00,,query_completed,outbound,get_commodity,ok,,periodic,6,0,,,,,0,success,
2026-08-15T02:36:28.786-07:00,,query_sent,outbound,query_operational_state,pending,,periodic,18,0,,,,,,,
2026-08-15T02:36:28.948-07:00,,link_ack,inbound,query_operational_state,ack,,link_layer,18,,,,,,,,
2026-08-15T02:36:29.071-07:00,,operational_state,inbound,query_operational_state,received,,device_response,19,4,,,4,Idle Curtailed,,,
2026-08-15T02:36:29.112-07:00,,query_completed,outbound,query_operational_state,ok,,periodic,18,0,,,,,,,
2026-08-15T02:36:59.132-07:00,,query_sent,outbound,query_operational_state,pending,,periodic,18,0,,,,,,,
2026-08-15T02:36:59.235-07:00,,link_ack,inbound,query_operational_state,ack,,link_layer,18,,,,,,,,
2026-08-15T02:36:59.358-07:00,,operational_state,inbound,query_operational_state,received,,device_response,19,4,,,4,Idle Curtailed,,,
2026-08-15T02:36:59.399-07:00,,query_completed,outbound,query_operational_state,ok,,periodic,18,0,,,,,,,
2026-08-15T02:37:28.419-07:00,,query_sent,outbound,get_commodity,pending,,periodic,6,0,,,,,,,
2026-08-15T02:37:28.521-07:00,,link_ack,inbound,get_commodity,ack,,link_layer,6,,,,,,,,
2026-08-15T02:37:28.690-07:00,,intermediate_response,inbound,get_commodity,success,,device_response,6,128,,,,,0,success,
2026-08-15T02:37:28.734-07:00,,query_completed,outbound,get_commodity,ok,,periodic,6,0,,,,,0,success,
2026-08-15T02:37:28.734-07:00,,query_sent,outbound,query_operational_state,pending,,periodic,18,0,,,,,,,
2026-08-15T02:37:28.896-07:00,,link_ack,inbound,query_operational_state,ack,,link_layer,18,,,,,,,,
2026-08-15T02:37:29.020-07:00,,operational_state,inbound,query_operational_state,received,,device_response,19,4,,,4,Idle Curtailed,,,
2026-08-15T02:37:29.061-07:00,,query_completed,outbound,query_operational_state,ok,,periodic,18,0,,,,,,,
2026-08-15T02:37:58.080-07:00,auto_outside_comm_heartbeat_19,command_sent,outbound,outside_communication1,pending,0,schedule,14,0,,,,,,,
2026-08-15T02:37:58.178-07:00,,link_ack,inbound,outside_communication,ack,,link_layer,14,,,,,,,,
2026-08-15T02:37:58.301-07:00,,application_ack,inbound,outside_communication,ack,,application_layer,3,14,,,,,,,
2026-08-15T02:37:58.342-07:00,auto_outside_comm_heartbeat_19,command_completed,outbound,outside_communication1,ok,0,schedule,14,0,,,,,,,
2026-08-15T02:37:59.344-07:00,,query_sent,outbound,query_operational_state,pending,,periodic,18,0,,,,,,,
2026-08-15T02:37:59.506-07:00,,link_ack,inbound,query_operational_state,ack,,link_layer,18,,,,,,,,
2026-08-15T02:37:59.629-07:00,,operational_state,inbound,query_operational_state,received,,device_response,19,4,,,4,Idle Curtailed,,,
2026-08-15T02:37:59.670-07:00,,query_completed,outbound,query_operational_state,ok,,periodic,18,0,,,,,,,
2026-08-15T02:38:28.689-07:00,,query_sent,outbound,get_commodity,pending,,periodic,6,0,,,,,,,
2026-08-15T02:38:28.788-07:00,,link_ack,inbound,get_commodity,ack,,link_layer,6,,,,,,,,
2026-08-15T02:38:28.957-07:00,,intermediate_response,inbound,get_commodity,success,,device_response,6,128,,,,,0,success,
2026-08-15T02:38:29.000-07:00,,query_completed,outbound,get_commodity,ok,,periodic,6,0,,,,,0,success,
2026-08-15T02:38:29.001-07:00,,query_sent,outbound,query_operational_state,pending,,periodic,18,0,,,,,,,
2026-08-15T02:38:29.163-07:00,,link_ack,inbound,query_operational_state,ack,,link_layer,18,,,,,,,,
2026-08-15T02:38:29.287-07:00,,operational_state,inbound,query_operational_state,received,,device_response,19,4,,,4,Idle Curtailed,,,
2026-08-15T02:38:29.327-07:00,,query_completed,outbound,query_operational_state,ok,,periodic,18,0,,,,,,,
2026-08-15T02:38:58.347-07:00,,query_sent,outbound,query_operational_state,pending,,periodic,18,0,,,,,,,
2026-08-15T02:38:58.448-07:00,,link_ack,inbound,query_operational_state,ack,,link_layer,18,,,,,,,,
2026-08-15T02:38:58.571-07:00,,operational_state,inbound,query_operational_state,received,,device_response,19,4,,,4,Idle Curtailed,,,
2026-08-15T02:38:58.612-07:00,,query_completed,outbound,query_operational_state,ok,,periodic,18,0,,,,,,,
2026-08-15T02:39:28.632-07:00,,query_sent,outbound,get_commodity,pending,,periodic,6,0,,,,,,,
2026-08-15T02:39:28.735-07:00,,link_ack,inbound,get_commodity,ack,,link_layer,6,,,,,,,,
2026-08-15T02:39:28.904-07:00,,intermediate_response,inbound,get_commodity,success,,device_response,6,128,,,,,0,success,
2026-08-15T02:39:28.947-07:00,,query_completed,outbound,get_commodity,ok,,periodic,6,0,,,,,0,success,
2026-08-15T02:39:28.947-07:00,,query_sent,outbound,query_operational_state,pending,,periodic,18,0,,,,,,,
2026-08-15T02:39:29.109-07:00,,link_ack,inbound,query_operational_state,ack,,link_layer,18,,,,,,,,
2026-08-15T02:39:29.233-07:00,,operational_state,inbound,query_operational_state,received,,device_response,19,4,,,4,Idle Curtailed,,,
2026-08-15T02:39:29.274-07:00,,query_completed,outbound,query_operational_state,ok,,periodic,18,0,,,,,,,
2026-08-15T02:39:59.293-07:00,,query_sent,outbound,query_operational_state,pending,,periodic,18,0,,,,,,,
2026-08-15T02:39:59.395-07:00,,link_ack,inbound,query_operational_state,ack,,link_layer,18,,,,,,,,
2026-08-15T02:39:59.520-07:00,,operational_state,inbound,query_operational_state,received,,device_response,19,4,,,4,Idle Curtailed,,,
2026-08-15T02:39:59.560-07:00,,query_completed,outbound,query_operational_state,ok,,periodic,18,0,,,,,,,
2026-08-15T02:40:28.579-07:00,,query_sent,outbound,get_commodity,pending,,periodic,6,0,,,,,,,
2026-08-15T02:40:28.680-07:00,,link_ack,inbound,get_commodity,ack,,link_layer,6,,,,,,,,
2026-08-15T02:40:28.848-07:00,,intermediate_response,inbound,get_commodity,success,,device_response,6,128,,,,,0,success,
2026-08-15T02:40:28.892-07:00,,query_completed,outbound,get_commodity,ok,,periodic,6,0,,,,,0,success,
2026-08-15T02:40:28.892-07:00,,query_sent,outbound,query_operational_state,pending,,periodic,18,0,,,,,,,
2026-08-15T02:40:29.056-07:00,,link_ack,inbound,query_operational_state,ack,,link_layer,18,,,,,,,,
2026-08-15T02:40:29.179-07:00,,operational_state,inbound,query_operational_state,received,,device_response,19,4,,,4,Idle Curtailed,,,
2026-08-15T02:40:29.220-07:00,,query_completed,outbound,query_operational_state,ok,,periodic,18,0,,,,,,,
2026-08-15T02:40:59.240-07:00,,query_sent,outbound,query_operational_state,pending,,periodic,18,0,,,,,,,
2026-08-15T02:40:59.340-07:00,,link_ack,inbound,query_operational_state,ack,,link_layer,18,,,,,,,,
2026-08-15T02:40:59.463-07:00,,operational_state,inbound,query_operational_state,received,,device_response,19,4,,,4,Idle Curtailed,,,
2026-08-15T02:40:59.504-07:00,,query_completed,outbound,query_operational_state,ok,,periodic,18,0,,,,,,,
2026-08-15T02:41:28.523-07:00,,query_sent,outbound,get_commodity,pending,,periodic,6,0,,,,,,,
2026-08-15T02:41:28.624-07:00,,link_ack,inbound,get_commodity,ack,,link_layer,6,,,,,,,,
2026-08-15T02:41:28.792-07:00,,intermediate_response,inbound,get_commodity,success,,device_response,6,128,,,,,0,success,
2026-08-15T02:41:28.836-07:00,,query_completed,outbound,get_commodity,ok,,periodic,6,0,,,,,0,success,
2026-08-15T02:41:28.836-07:00,,query_sent,outbound,query_operational_state,pending,,periodic,18,0,,,,,,,
2026-08-15T02:41:28.998-07:00,,link_ack,inbound,query_operational_state,ack,,link_layer,18,,,,,,,,
2026-08-15T02:41:29.123-07:00,,operational_state,inbound,query_operational_state,received,,device_response,19,4,,,4,Idle Curtailed,,,
2026-08-15T02:41:29.163-07:00,,query_completed,outbound,query_operational_state,ok,,periodic,18,0,,,,,,,
2026-08-15T02:41:59.183-07:00,,query_sent,outbound,query_operational_state,pending,,periodic,18,0,,,,,,,
2026-08-15T02:41:59.284-07:00,,link_ack,inbound,query_operational_state,ack,,link_layer,18,,,,,,,,
2026-08-15T02:41:59.408-07:00,,operational_state,inbound,query_operational_state,received,,device_response,19,4,,,4,Idle Curtailed,,,
2026-08-15T02:41:59.448-07:00,,query_completed,outbound,query_operational_state,ok,,periodic,18,0,,,,,,,
2026-08-15T02:42:28.467-07:00,,query_sent,outbound,get_commodity,pending,,periodic,6,0,,,,,,,
2026-08-15T02:42:28.567-07:00,,link_ack,inbound,get_commodity,ack,,link_layer,6,,,,,,,,
2026-08-15T02:42:28.737-07:00,,intermediate_response,inbound,get_commodity,success,,device_response,6,128,,,,,0,success,
2026-08-15T02:42:28.780-07:00,,query_completed,outbound,get_commodity,ok,,periodic,6,0,,,,,0,success,
2026-08-15T02:42:28.781-07:00,,query_sent,outbound,query_operational_state,pending,,periodic,18,0,,,,,,,
2026-08-15T02:42:28.943-07:00,,link_ack,inbound,query_operational_state,ack,,link_layer,18,,,,,,,,
2026-08-15T02:42:29.068-07:00,,operational_state,inbound,query_operational_state,received,,device_response,19,4,,,4,Idle Curtailed,,,
2026-08-15T02:42:29.108-07:00,,query_completed,outbound,query_operational_state,ok,,periodic,18,0,,,,,,,
2026-08-15T02:42:59.128-07:00,,query_sent,outbound,query_operational_state,pending,,periodic,18,0,,,,,,,
2026-08-15T02:42:59.228-07:00,,link_ack,inbound,query_operational_state,ack,,link_layer,18,,,,,,,,
2026-08-15T02:42:59.352-07:00,,operational_state,inbound,query_operational_state,received,,device_response,19,4,,,4,Idle Curtailed,,,
2026-08-15T02:42:59.393-07:00,,query_completed,outbound,query_operational_state,ok,,periodic,18,0,,,,,,,
2026-08-15T02:43:28.412-07:00,,query_sent,outbound,get_commodity,pending,,periodic,6,0,,,,,,,
2026-08-15T02:43:28.511-07:00,,link_ack,inbound,get_commodity,ack,,link_layer,6,,,,,,,,
2026-08-15T02:43:28.679-07:00,,intermediate_response,inbound,get_commodity,success,,device_response,6,128,,,,,0,success,
2026-08-15T02:43:28.723-07:00,,query_completed,outbound,get_commodity,ok,,periodic,6,0,,,,,0,success,
2026-08-15T02:43:28.723-07:00,,query_sent,outbound,query_operational_state,pending,,periodic,18,0,,,,,,,
2026-08-15T02:43:28.887-07:00,,link_ack,inbound,query_operational_state,ack,,link_layer,18,,,,,,,,
2026-08-15T02:43:29.010-07:00,,operational_state,inbound,query_operational_state,received,,device_response,19,4,,,4,Idle Curtailed,,,
2026-08-15T02:43:29.050-07:00,,query_completed,outbound,query_operational_state,ok,,periodic,18,0,,,,,,,
2026-08-15T02:43:59.071-07:00,,query_sent,outbound,query_operational_state,pending,,periodic,18,0,,,,,,,
2026-08-15T02:43:59.170-07:00,,link_ack,inbound,query_operational_state,ack,,link_layer,18,,,,,,,,
2026-08-15T02:43:59.293-07:00,,operational_state,inbound,query_operational_state,received,,device_response,19,4,,,4,Idle Curtailed,,,
2026-08-15T02:43:59.334-07:00,,query_completed,outbound,query_operational_state,ok,,periodic,18,0,,,,,,,
2026-08-15T02:44:28.353-07:00,,query_sent,outbound,get_commodity,pending,,periodic,6,0,,,,,,,
2026-08-15T02:44:28.453-07:00,,link_ack,inbound,get_commodity,ack,,link_layer,6,,,,,,,,
2026-08-15T02:44:28.620-07:00,,intermediate_response,inbound,get_commodity,success,,device_response,6,128,,,,,0,success,
2026-08-15T02:44:28.664-07:00,,query_completed,outbound,get_commodity,ok,,periodic,6,0,,,,,0,success,
2026-08-15T02:44:28.664-07:00,,query_sent,outbound,query_operational_state,pending,,periodic,18,0,,,,,,,
2026-08-15T02:44:28.828-07:00,,link_ack,inbound,query_operational_state,ack,,link_layer,18,,,,,,,,
2026-08-15T02:44:28.951-07:00,,operational_state,inbound,query_operational_state,received,,device_response,19,4,,,4,Idle Curtailed,,,
2026-08-15T02:44:28.991-07:00,,query_completed,outbound,query_operational_state,ok,,periodic,18,0,,,,,,,
2026-08-15T02:44:59.011-07:00,,query_sent,outbound,query_operational_state,pending,,periodic,18,0,,,,,,,
2026-08-15T02:44:59.110-07:00,,link_ack,inbound,query_operational_state,ack,,link_layer,18,,,,,,,,
2026-08-15T02:44:59.234-07:00,,operational_state,inbound,query_operational_state,received,,device_response,19,4,,,4,Idle Curtailed,,,
2026-08-15T02:44:59.274-07:00,,query_completed,outbound,query_operational_state,ok,,periodic,18,0,,,,,,,
2026-08-15T02:45:29.294-07:00,,query_sent,outbound,get_commodity,pending,,periodic,6,0,,,,,,,
2026-08-15T02:45:29.395-07:00,,link_ack,inbound,get_commodity,ack,,link_layer,6,,,,,,,,
2026-08-15T02:45:29.564-07:00,,intermediate_response,inbound,get_commodity,success,,device_response,6,128,,,,,0,success,
2026-08-15T02:45:29.607-07:00,,query_completed,outbound,get_commodity,ok,,periodic,6,0,,,,,0,success,
2026-08-15T02:45:29.608-07:00,,query_sent,outbound,query_operational_state,pending,,periodic,18,0,,,,,,,
2026-08-15T02:45:29.769-07:00,,link_ack,inbound,query_operational_state,ack,,link_layer,18,,,,,,,,
2026-08-15T02:45:29.893-07:00,,operational_state,inbound,query_operational_state,received,,device_response,19,4,,,4,Idle Curtailed,,,
2026-08-15T02:45:29.934-07:00,,query_completed,outbound,query_operational_state,ok,,periodic,18,0,,,,,,,
2026-08-15T02:45:58.953-07:00,,query_sent,outbound,query_operational_state,pending,,periodic,18,0,,,,,,,
2026-08-15T02:45:59.051-07:00,,link_ack,inbound,query_operational_state,ack,,link_layer,18,,,,,,,,
2026-08-15T02:45:59.175-07:00,,operational_state,inbound,query_operational_state,received,,device_response,19,4,,,4,Idle Curtailed,,,
2026-08-15T02:45:59.215-07:00,,query_completed,outbound,query_operational_state,ok,,periodic,18,0,,,,,,,
2026-08-15T02:46:29.235-07:00,,query_sent,outbound,get_commodity,pending,,periodic,6,0,,,,,,,
2026-08-15T02:46:29.336-07:00,,link_ack,inbound,get_commodity,ack,,link_layer,6,,,,,,,,
2026-08-15T02:46:29.505-07:00,,intermediate_response,inbound,get_commodity,success,,device_response,6,128,,,,,0,success,
2026-08-15T02:46:29.549-07:00,,query_completed,outbound,get_commodity,ok,,periodic,6,0,,,,,0,success,
2026-08-15T02:46:29.549-07:00,,query_sent,outbound,query_operational_state,pending,,periodic,18,0,,,,,,,
2026-08-15T02:46:29.711-07:00,,link_ack,inbound,query_operational_state,ack,,link_layer,18,,,,,,,,
2026-08-15T02:46:29.834-07:00,,operational_state,inbound,query_operational_state,received,,device_response,19,4,,,4,Idle Curtailed,,,
2026-08-15T02:46:29.875-07:00,,query_completed,outbound,query_operational_state,ok,,periodic,18,0,,,,,,,
2026-08-15T02:46:58.894-07:00,,query_sent,outbound,query_operational_state,pending,,periodic,18,0,,,,,,,
2026-08-15T02:46:58.993-07:00,,link_ack,inbound,query_operational_state,ack,,link_layer,18,,,,,,,,
2026-08-15T02:46:59.117-07:00,,operational_state,inbound,query_operational_state,received,,device_response,19,4,,,4,Idle Curtailed,,,
2026-08-15T02:46:59.158-07:00,,query_completed,outbound,query_operational_state,ok,,periodic,18,0,,,,,,,
2026-08-15T02:47:29.177-07:00,,query_sent,outbound,get_commodity,pending,,periodic,6,0,,,,,,,
2026-08-15T02:47:29.280-07:00,,link_ack,inbound,get_commodity,ack,,link_layer,6,,,,,,,,
2026-08-15T02:47:29.449-07:00,,intermediate_response,inbound,get_commodity,success,,device_response,6,128,,,,,0,success,
2026-08-15T02:47:29.492-07:00,,query_completed,outbound,get_commodity,ok,,periodic,6,0,,,,,0,success,
2026-08-15T02:47:29.492-07:00,,query_sent,outbound,query_operational_state,pending,,periodic,18,0,,,,,,,
2026-08-15T02:47:29.654-07:00,,link_ack,inbound,query_operational_state,ack,,link_layer,18,,,,,,,,
2026-08-15T02:47:29.777-07:00,,operational_state,inbound,query_operational_state,received,,device_response,19,4,,,4,Idle Curtailed,,,
2026-08-15T02:47:29.818-07:00,,query_completed,outbound,query_operational_state,ok,,periodic,18,0,,,,,,,
2026-08-15T02:47:58.837-07:00,,query_sent,outbound,query_operational_state,pending,,periodic,18,0,,,,,,,
2026-08-15T02:47:58.939-07:00,,link_ack,inbound,query_operational_state,ack,,link_layer,18,,,,,,,,
2026-08-15T02:47:59.062-07:00,,operational_state,inbound,query_operational_state,received,,device_response,19,4,,,4,Idle Curtailed,,,
2026-08-15T02:47:59.103-07:00,,query_completed,outbound,query_operational_state,ok,,periodic,18,0,,,,,,,
2026-08-15T02:48:29.122-07:00,,query_sent,outbound,get_commodity,pending,,periodic,6,0,,,,,,,
2026-08-15T02:48:29.225-07:00,,link_ack,inbound,get_commodity,ack,,link_layer,6,,,,,,,,
2026-08-15T02:48:29.394-07:00,,intermediate_response,inbound,get_commodity,success,,device_response,6,128,,,,,0,success,
2026-08-15T02:48:29.438-07:00,,query_completed,outbound,get_commodity,ok,,periodic,6,0,,,,,0,success,
2026-08-15T02:48:29.438-07:00,,query_sent,outbound,query_operational_state,pending,,periodic,18,0,,,,,,,
2026-08-15T02:48:29.600-07:00,,link_ack,inbound,query_operational_state,ack,,link_layer,18,,,,,,,,
2026-08-15T02:48:29.724-07:00,,operational_state,inbound,query_operational_state,received,,device_response,19,4,,,4,Idle Curtailed,,,
2026-08-15T02:48:29.765-07:00,,query_completed,outbound,query_operational_state,ok,,periodic,18,0,,,,,,,
2026-08-15T02:48:58.783-07:00,,query_sent,outbound,query_operational_state,pending,,periodic,18,0,,,,,,,
2026-08-15T02:48:58.882-07:00,,link_ack,inbound,query_operational_state,ack,,link_layer,18,,,,,,,,
2026-08-15T02:48:59.006-07:00,,operational_state,inbound,query_operational_state,received,,device_response,19,4,,,4,Idle Curtailed,,,
2026-08-15T02:48:59.046-07:00,,query_completed,outbound,query_operational_state,ok,,periodic,18,0,,,,,,,
2026-08-15T02:49:29.066-07:00,,query_sent,outbound,get_commodity,pending,,periodic,6,0,,,,,,,
2026-08-15T02:49:29.167-07:00,,link_ack,inbound,get_commodity,ack,,link_layer,6,,,,,,,,
2026-08-15T02:49:29.335-07:00,,intermediate_response,inbound,get_commodity,success,,device_response,6,128,,,,,0,success,
2026-08-15T02:49:29.378-07:00,,query_completed,outbound,get_commodity,ok,,periodic,6,0,,,,,0,success,
2026-08-15T02:49:29.378-07:00,,query_sent,outbound,query_operational_state,pending,,periodic,18,0,,,,,,,
2026-08-15T02:49:29.540-07:00,,link_ack,inbound,query_operational_state,ack,,link_layer,18,,,,,,,,
2026-08-15T02:49:29.665-07:00,,operational_state,inbound,query_operational_state,received,,device_response,19,4,,,4,Idle Curtailed,,,
2026-08-15T02:49:29.706-07:00,,query_completed,outbound,query_operational_state,ok,,periodic,18,0,,,,,,,
2026-08-15T02:49:58.725-07:00,,query_sent,outbound,query_operational_state,pending,,periodic,18,0,,,,,,,
2026-08-15T02:49:58.824-07:00,,link_ack,inbound,query_operational_state,ack,,link_layer,18,,,,,,,,
2026-08-15T02:49:58.949-07:00,,operational_state,inbound,query_operational_state,received,,device_response,19,4,,,4,Idle Curtailed,,,
2026-08-15T02:49:58.989-07:00,,query_completed,outbound,query_operational_state,ok,,periodic,18,0,,,,,,,
2026-08-15T02:50:29.009-07:00,,query_sent,outbound,get_commodity,pending,,periodic,6,0,,,,,,,
2026-08-15T02:50:29.110-07:00,,link_ack,inbound,get_commodity,ack,,link_layer,6,,,,,,,,
2026-08-15T02:50:29.279-07:00,,intermediate_response,inbound,get_commodity,success,,device_response,6,128,,,,,0,success,
2026-08-15T02:50:29.322-07:00,,query_completed,outbound,get_commodity,ok,,periodic,6,0,,,,,0,success,
2026-08-15T02:50:29.323-07:00,,query_sent,outbound,query_operational_state,pending,,periodic,18,0,,,,,,,
2026-08-15T02:50:29.486-07:00,,link_ack,inbound,query_operational_state,ack,,link_layer,18,,,,,,,,
2026-08-15T02:50:29.610-07:00,,operational_state,inbound,query_operational_state,received,,device_response,19,4,,,4,Idle Curtailed,,,
2026-08-15T02:50:29.651-07:00,,query_completed,outbound,query_operational_state,ok,,periodic,18,0,,,,,,,
2026-08-15T02:50:58.670-07:00,,query_sent,outbound,query_operational_state,pending,,periodic,18,0,,,,,,,
2026-08-15T02:50:58.770-07:00,,link_ack,inbound,query_operational_state,ack,,link_layer,18,,,,,,,,
2026-08-15T02:50:58.895-07:00,,operational_state,inbound,query_operational_state,received,,device_response,19,4,,,4,Idle Curtailed,,,
2026-08-15T02:50:58.936-07:00,,query_completed,outbound,query_operational_state,ok,,periodic,18,0,,,,,,,
2026-08-15T02:51:28.955-07:00,auto_outside_comm_heartbeat_20,command_sent,outbound,outside_communication1,pending,0,schedule,14,0,,,,,,,
2026-08-15T02:51:29.056-07:00,,link_ack,inbound,outside_communication,ack,,link_layer,14,,,,,,,,
2026-08-15T02:51:29.179-07:00,,application_ack,inbound,outside_communication,ack,,application_layer,3,14,,,,,,,
2026-08-15T02:51:29.220-07:00,auto_outside_comm_heartbeat_20,command_completed,outbound,outside_communication1,ok,0,schedule,14,0,,,,,,,
2026-08-15T02:51:29.221-07:00,,query_sent,outbound,get_commodity,pending,,periodic,6,0,,,,,,,
2026-08-15T02:51:29.382-07:00,,link_ack,inbound,get_commodity,ack,,link_layer,6,,,,,,,,
2026-08-15T02:51:29.550-07:00,,intermediate_response,inbound,get_commodity,success,,device_response,6,128,,,,,0,success,
2026-08-15T02:51:29.594-07:00,,query_completed,outbound,get_commodity,ok,,periodic,6,0,,,,,0,success,
2026-08-15T02:51:29.594-07:00,,query_sent,outbound,query_operational_state,pending,,periodic,18,0,,,,,,,
2026-08-15T02:51:29.756-07:00,,link_ack,inbound,query_operational_state,ack,,link_layer,18,,,,,,,,
2026-08-15T02:51:29.880-07:00,,operational_state,inbound,query_operational_state,received,,device_response,19,4,,,4,Idle Curtailed,,,
2026-08-15T02:51:29.921-07:00,,query_completed,outbound,query_operational_state,ok,,periodic,18,0,,,,,,,
2026-08-15T02:51:58.939-07:00,,query_sent,outbound,query_operational_state,pending,,periodic,18,0,,,,,,,
2026-08-15T02:51:59.041-07:00,,link_ack,inbound,query_operational_state,ack,,link_layer,18,,,,,,,,
2026-08-15T02:51:59.164-07:00,,operational_state,inbound,query_operational_state,received,,device_response,19,4,,,4,Idle Curtailed,,,
2026-08-15T02:51:59.205-07:00,,query_completed,outbound,query_operational_state,ok,,periodic,18,0,,,,,,,
2026-08-15T02:52:29.224-07:00,,query_sent,outbound,get_commodity,pending,,periodic,6,0,,,,,,,
2026-08-15T02:52:29.325-07:00,,link_ack,inbound,get_commodity,ack,,link_layer,6,,,,,,,,
2026-08-15T02:52:29.493-07:00,,intermediate_response,inbound,get_commodity,success,,device_response,6,128,,,,,0,success,
2026-08-15T02:52:29.536-07:00,,query_completed,outbound,get_commodity,ok,,periodic,6,0,,,,,0,success,
2026-08-15T02:52:29.537-07:00,,query_sent,outbound,query_operational_state,pending,,periodic,18,0,,,,,,,
2026-08-15T02:52:29.701-07:00,,link_ack,inbound,query_operational_state,ack,,link_layer,18,,,,,,,,
2026-08-15T02:52:29.824-07:00,,operational_state,inbound,query_operational_state,received,,device_response,19,4,,,4,Idle Curtailed,,,
2026-08-15T02:52:29.865-07:00,,query_completed,outbound,query_operational_state,ok,,periodic,18,0,,,,,,,
2026-08-15T02:52:58.884-07:00,,query_sent,outbound,query_operational_state,pending,,periodic,18,0,,,,,,,
2026-08-15T02:52:58.983-07:00,,link_ack,inbound,query_operational_state,ack,,link_layer,18,,,,,,,,
2026-08-15T02:52:59.108-07:00,,operational_state,inbound,query_operational_state,received,,device_response,19,4,,,4,Idle Curtailed,,,
2026-08-15T02:52:59.149-07:00,,query_completed,outbound,query_operational_state,ok,,periodic,18,0,,,,,,,
2026-08-15T02:53:29.168-07:00,,query_sent,outbound,get_commodity,pending,,periodic,6,0,,,,,,,
2026-08-15T02:53:29.269-07:00,,link_ack,inbound,get_commodity,ack,,link_layer,6,,,,,,,,
2026-08-15T02:53:29.437-07:00,,intermediate_response,inbound,get_commodity,success,,device_response,6,128,,,,,0,success,
2026-08-15T02:53:29.481-07:00,,query_completed,outbound,get_commodity,ok,,periodic,6,0,,,,,0,success,
2026-08-15T02:53:29.481-07:00,,query_sent,outbound,query_operational_state,pending,,periodic,18,0,,,,,,,
2026-08-15T02:53:29.643-07:00,,link_ack,inbound,query_operational_state,ack,,link_layer,18,,,,,,,,
2026-08-15T02:53:29.767-07:00,,operational_state,inbound,query_operational_state,received,,device_response,19,4,,,4,Idle Curtailed,,,
2026-08-15T02:53:29.808-07:00,,query_completed,outbound,query_operational_state,ok,,periodic,18,0,,,,,,,
2026-08-15T02:53:58.827-07:00,,query_sent,outbound,query_operational_state,pending,,periodic,18,0,,,,,,,
2026-08-15T02:53:58.926-07:00,,link_ack,inbound,query_operational_state,ack,,link_layer,18,,,,,,,,
2026-08-15T02:53:59.049-07:00,,operational_state,inbound,query_operational_state,received,,device_response,19,4,,,4,Idle Curtailed,,,
2026-08-15T02:53:59.090-07:00,,query_completed,outbound,query_operational_state,ok,,periodic,18,0,,,,,,,
2026-08-15T02:54:29.109-07:00,,query_sent,outbound,get_commodity,pending,,periodic,6,0,,,,,,,
2026-08-15T02:54:29.207-07:00,,link_ack,inbound,get_commodity,ack,,link_layer,6,,,,,,,,
2026-08-15T02:54:29.376-07:00,,intermediate_response,inbound,get_commodity,success,,device_response,6,128,,,,,0,success,
2026-08-15T02:54:29.419-07:00,,query_completed,outbound,get_commodity,ok,,periodic,6,0,,,,,0,success,
2026-08-15T02:54:29.420-07:00,,query_sent,outbound,query_operational_state,pending,,periodic,18,0,,,,,,,
2026-08-15T02:54:29.583-07:00,,link_ack,inbound,query_operational_state,ack,,link_layer,18,,,,,,,,
2026-08-15T02:54:29.707-07:00,,operational_state,inbound,query_operational_state,received,,device_response,19,4,,,4,Idle Curtailed,,,
2026-08-15T02:54:29.747-07:00,,query_completed,outbound,query_operational_state,ok,,periodic,18,0,,,,,,,
2026-08-15T02:54:58.766-07:00,,query_sent,outbound,query_operational_state,pending,,periodic,18,0,,,,,,,
2026-08-15T02:54:58.866-07:00,,link_ack,inbound,query_operational_state,ack,,link_layer,18,,,,,,,,
2026-08-15T02:54:58.990-07:00,,operational_state,inbound,query_operational_state,received,,device_response,19,4,,,4,Idle Curtailed,,,
2026-08-15T02:54:59.031-07:00,,query_completed,outbound,query_operational_state,ok,,periodic,18,0,,,,,,,
2026-08-15T02:55:29.050-07:00,,query_sent,outbound,get_commodity,pending,,periodic,6,0,,,,,,,
2026-08-15T02:55:29.153-07:00,,link_ack,inbound,get_commodity,ack,,link_layer,6,,,,,,,,
2026-08-15T02:55:29.323-07:00,,intermediate_response,inbound,get_commodity,success,,device_response,6,128,,,,,0,success,
2026-08-15T02:55:29.366-07:00,,query_completed,outbound,get_commodity,ok,,periodic,6,0,,,,,0,success,
2026-08-15T02:55:29.366-07:00,,query_sent,outbound,query_operational_state,pending,,periodic,18,0,,,,,,,
2026-08-15T02:55:29.529-07:00,,link_ack,inbound,query_operational_state,ack,,link_layer,18,,,,,,,,
2026-08-15T02:55:29.652-07:00,,operational_state,inbound,query_operational_state,received,,device_response,19,4,,,4,Idle Curtailed,,,
2026-08-15T02:55:29.693-07:00,,query_completed,outbound,query_operational_state,ok,,periodic,18,0,,,,,,,
2026-08-15T02:55:58.711-07:00,,query_sent,outbound,query_operational_state,pending,,periodic,18,0,,,,,,,
2026-08-15T02:55:58.813-07:00,,link_ack,inbound,query_operational_state,ack,,link_layer,18,,,,,,,,
2026-08-15T02:55:58.937-07:00,,operational_state,inbound,query_operational_state,received,,device_response,19,4,,,4,Idle Curtailed,,,
2026-08-15T02:55:58.977-07:00,,query_completed,outbound,query_operational_state,ok,,periodic,18,0,,,,,,,
2026-08-15T02:56:28.997-07:00,,query_sent,outbound,get_commodity,pending,,periodic,6,0,,,,,,,
2026-08-15T02:56:29.101-07:00,,link_ack,inbound,get_commodity,ack,,link_layer,6,,,,,,,,
2026-08-15T02:56:29.269-07:00,,intermediate_response,inbound,get_commodity,success,,device_response,6,128,,,,,0,success,
2026-08-15T02:56:29.313-07:00,,query_completed,outbound,get_commodity,ok,,periodic,6,0,,,,,0,success,
2026-08-15T02:56:29.313-07:00,,query_sent,outbound,query_operational_state,pending,,periodic,18,0,,,,,,,
2026-08-15T02:56:29.475-07:00,,link_ack,inbound,query_operational_state,ack,,link_layer,18,,,,,,,,
2026-08-15T02:56:29.599-07:00,,operational_state,inbound,query_operational_state,received,,device_response,19,4,,,4,Idle Curtailed,,,
2026-08-15T02:56:29.639-07:00,,query_completed,outbound,query_operational_state,ok,,periodic,18,0,,,,,,,
2026-08-15T02:56:58.658-07:00,,query_sent,outbound,query_operational_state,pending,,periodic,18,0,,,,,,,
2026-08-15T02:56:58.761-07:00,,link_ack,inbound,query_operational_state,ack,,link_layer,18,,,,,,,,
2026-08-15T02:56:58.884-07:00,,operational_state,inbound,query_operational_state,received,,device_response,19,4,,,4,Idle Curtailed,,,
2026-08-15T02:56:58.925-07:00,,query_completed,outbound,query_operational_state,ok,,periodic,18,0,,,,,,,
2026-08-15T02:57:28.944-07:00,,query_sent,outbound,get_commodity,pending,,periodic,6,0,,,,,,,
2026-08-15T02:57:29.044-07:00,,link_ack,inbound,get_commodity,ack,,link_layer,6,,,,,,,,
2026-08-15T02:57:29.213-07:00,,intermediate_response,inbound,get_commodity,success,,device_response,6,128,,,,,0,success,
2026-08-15T02:57:29.256-07:00,,query_completed,outbound,get_commodity,ok,,periodic,6,0,,,,,0,success,
2026-08-15T02:57:29.256-07:00,,query_sent,outbound,query_operational_state,pending,,periodic,18,0,,,,,,,
2026-08-15T02:57:29.418-07:00,,link_ack,inbound,query_operational_state,ack,,link_layer,18,,,,,,,,
2026-08-15T02:57:29.542-07:00,,operational_state,inbound,query_operational_state,received,,device_response,19,4,,,4,Idle Curtailed,,,
2026-08-15T02:57:29.582-07:00,,query_completed,outbound,query_operational_state,ok,,periodic,18,0,,,,,,,
2026-08-15T02:57:58.601-07:00,,query_sent,outbound,query_operational_state,pending,,periodic,18,0,,,,,,,
2026-08-15T02:57:58.702-07:00,,link_ack,inbound,query_operational_state,ack,,link_layer,18,,,,,,,,
2026-08-15T02:57:58.825-07:00,,operational_state,inbound,query_operational_state,received,,device_response,19,4,,,4,Idle Curtailed,,,
2026-08-15T02:57:58.866-07:00,,query_completed,outbound,query_operational_state,ok,,periodic,18,0,,,,,,,
2026-08-15T02:58:28.885-07:00,,query_sent,outbound,get_commodity,pending,,periodic,6,0,,,,,,,
2026-08-15T02:58:28.988-07:00,,link_ack,inbound,get_commodity,ack,,link_layer,6,,,,,,,,
2026-08-15T02:58:29.157-07:00,,intermediate_response,inbound,get_commodity,success,,device_response,6,128,,,,,0,success,
2026-08-15T02:58:29.200-07:00,,query_completed,outbound,get_commodity,ok,,periodic,6,0,,,,,0,success,
2026-08-15T02:58:29.200-07:00,,query_sent,outbound,query_operational_state,pending,,periodic,18,0,,,,,,,
2026-08-15T02:58:29.362-07:00,,link_ack,inbound,query_operational_state,ack,,link_layer,18,,,,,,,,
2026-08-15T02:58:29.486-07:00,,operational_state,inbound,query_operational_state,received,,device_response,19,4,,,4,Idle Curtailed,,,
2026-08-15T02:58:29.526-07:00,,query_completed,outbound,query_operational_state,ok,,periodic,18,0,,,,,,,
2026-08-15T02:58:58.545-07:00,,query_sent,outbound,query_operational_state,pending,,periodic,18,0,,,,,,,
2026-08-15T02:58:58.646-07:00,,link_ack,inbound,query_operational_state,ack,,link_layer,18,,,,,,,,
2026-08-15T02:58:58.770-07:00,,operational_state,inbound,query_operational_state,received,,device_response,19,4,,,4,Idle Curtailed,,,
2026-08-15T02:58:58.810-07:00,,query_completed,outbound,query_operational_state,ok,,periodic,18,0,,,,,,,
2026-08-15T02:59:28.830-07:00,,query_sent,outbound,get_commodity,pending,,periodic,6,0,,,,,,,
2026-08-15T02:59:28.932-07:00,,link_ack,inbound,get_commodity,ack,,link_layer,6,,,,,,,,
2026-08-15T02:59:29.102-07:00,,intermediate_response,inbound,get_commodity,success,,device_response,6,128,,,,,0,success,
2026-08-15T02:59:29.145-07:00,,query_completed,outbound,get_commodity,ok,,periodic,6,0,,,,,0,success,
2026-08-15T02:59:29.145-07:00,,query_sent,outbound,query_operational_state,pending,,periodic,18,0,,,,,,,
2026-08-15T02:59:29.309-07:00,,link_ack,inbound,query_operational_state,ack,,link_layer,18,,,,,,,,
2026-08-15T02:59:29.433-07:00,,operational_state,inbound,query_operational_state,received,,device_response,19,4,,,4,Idle Curtailed,,,
2026-08-15T02:59:29.474-07:00,,query_completed,outbound,query_operational_state,ok,,periodic,18,0,,,,,,,
2026-08-15T02:59:58.492-07:00,,query_sent,outbound,query_operational_state,pending,,periodic,18,0,,,,,,,
2026-08-15T02:59:58.592-07:00,,link_ack,inbound,query_operational_state,ack,,link_layer,18,,,,,,,,
2026-08-15T02:59:58.715-07:00,,operational_state,inbound,query_operational_state,received,,device_response,19,4,,,4,Idle Curtailed,,,
2026-08-15T02:59:58.755-07:00,,query_completed,outbound,query_operational_state,ok,,periodic,18,0,,,,,,,
2026-08-15T03:00:28.775-07:00,,query_sent,outbound,get_commodity,pending,,periodic,6,0,,,,,,,
2026-08-15T03:00:28.876-07:00,,link_ack,inbound,get_commodity,ack,,link_layer,6,,,,,,,,
2026-08-15T03:00:29.044-07:00,,intermediate_response,inbound,get_commodity,success,,device_response,6,128,,,,,0,success,
2026-08-15T03:00:29.088-07:00,,query_completed,outbound,get_commodity,ok,,periodic,6,0,,,,,0,success,
2026-08-15T03:00:29.088-07:00,,query_sent,outbound,query_operational_state,pending,,periodic,18,0,,,,,,,
2026-08-15T03:00:29.252-07:00,,link_ack,inbound,query_operational_state,ack,,link_layer,18,,,,,,,,
2026-08-15T03:00:29.375-07:00,,operational_state,inbound,query_operational_state,received,,device_response,19,4,,,4,Idle Curtailed,,,
2026-08-15T03:00:29.415-07:00,,query_completed,outbound,query_operational_state,ok,,periodic,18,0,,,,,,,
2026-08-15T03:00:58.434-07:00,,query_sent,outbound,query_operational_state,pending,,periodic,18,0,,,,,,,
2026-08-15T03:00:58.536-07:00,,link_ack,inbound,query_operational_state,ack,,link_layer,18,,,,,,,,
2026-08-15T03:00:58.659-07:00,,operational_state,inbound,query_operational_state,received,,device_response,19,4,,,4,Idle Curtailed,,,
2026-08-15T03:00:58.700-07:00,,query_completed,outbound,query_operational_state,ok,,periodic,18,0,,,,,,,
2026-08-15T03:01:28.719-07:00,,query_sent,outbound,get_commodity,pending,,periodic,6,0,,,,,,,
2026-08-15T03:01:28.822-07:00,,link_ack,inbound,get_commodity,ack,,link_layer,6,,,,,,,,
2026-08-15T03:01:28.991-07:00,,intermediate_response,inbound,get_commodity,success,,device_response,6,128,,,,,0,success,
2026-08-15T03:01:29.035-07:00,,query_completed,outbound,get_commodity,ok,,periodic,6,0,,,,,0,success,
2026-08-15T03:01:29.035-07:00,,query_sent,outbound,query_operational_state,pending,,periodic,18,0,,,,,,,
2026-08-15T03:01:29.200-07:00,,link_ack,inbound,query_operational_state,ack,,link_layer,18,,,,,,,,
2026-08-15T03:01:29.323-07:00,,operational_state,inbound,query_operational_state,received,,device_response,19,4,,,4,Idle Curtailed,,,
2026-08-15T03:01:29.364-07:00,,query_completed,outbound,query_operational_state,ok,,periodic,18,0,,,,,,,
2026-08-15T03:01:58.380-07:00,,query_sent,outbound,query_operational_state,pending,,periodic,18,0,,,,,,,
2026-08-15T03:01:58.482-07:00,,link_ack,inbound,query_operational_state,ack,,link_layer,18,,,,,,,,
2026-08-15T03:01:58.605-07:00,,operational_state,inbound,query_operational_state,received,,device_response,19,4,,,4,Idle Curtailed,,,
2026-08-15T03:01:58.645-07:00,,query_completed,outbound,query_operational_state,ok,,periodic,18,0,,,,,,,
2026-08-15T03:02:28.665-07:00,,query_sent,outbound,get_commodity,pending,,periodic,6,0,,,,,,,
2026-08-15T03:02:28.770-07:00,,link_ack,inbound,get_commodity,ack,,link_layer,6,,,,,,,,
2026-08-15T03:02:28.940-07:00,,intermediate_response,inbound,get_commodity,success,,device_response,6,128,,,,,0,success,
2026-08-15T03:02:28.983-07:00,,query_completed,outbound,get_commodity,ok,,periodic,6,0,,,,,0,success,
2026-08-15T03:02:28.984-07:00,,query_sent,outbound,query_operational_state,pending,,periodic,18,0,,,,,,,
2026-08-15T03:02:29.148-07:00,,link_ack,inbound,query_operational_state,ack,,link_layer,18,,,,,,,,
2026-08-15T03:02:29.271-07:00,,operational_state,inbound,query_operational_state,received,,device_response,19,4,,,4,Idle Curtailed,,,
2026-08-15T03:02:29.312-07:00,,query_completed,outbound,query_operational_state,ok,,periodic,18,0,,,,,,,
2026-08-15T03:02:59.332-07:00,,query_sent,outbound,query_operational_state,pending,,periodic,18,0,,,,,,,
2026-08-15T03:02:59.436-07:00,,link_ack,inbound,query_operational_state,ack,,link_layer,18,,,,,,,,
2026-08-15T03:02:59.559-07:00,,operational_state,inbound,query_operational_state,received,,device_response,19,4,,,4,Idle Curtailed,,,
2026-08-15T03:02:59.600-07:00,,query_completed,outbound,query_operational_state,ok,,periodic,18,0,,,,,,,
2026-08-15T03:03:28.619-07:00,,query_sent,outbound,get_commodity,pending,,periodic,6,0,,,,,,,
2026-08-15T03:03:28.721-07:00,,link_ack,inbound,get_commodity,ack,,link_layer,6,,,,,,,,
2026-08-15T03:03:28.889-07:00,,intermediate_response,inbound,get_commodity,success,,device_response,6,128,,,,,0,success,
2026-08-15T03:03:28.933-07:00,,query_completed,outbound,get_commodity,ok,,periodic,6,0,,,,,0,success,
2026-08-15T03:03:28.933-07:00,,query_sent,outbound,query_operational_state,pending,,periodic,18,0,,,,,,,
2026-08-15T03:03:29.097-07:00,,link_ack,inbound,query_operational_state,ack,,link_layer,18,,,,,,,,
2026-08-15T03:03:29.220-07:00,,operational_state,inbound,query_operational_state,received,,device_response,19,4,,,4,Idle Curtailed,,,
2026-08-15T03:03:29.261-07:00,,query_completed,outbound,query_operational_state,ok,,periodic,18,0,,,,,,,
2026-08-15T03:03:59.281-07:00,,query_sent,outbound,query_operational_state,pending,,periodic,18,0,,,,,,,
2026-08-15T03:03:59.384-07:00,,link_ack,inbound,query_operational_state,ack,,link_layer,18,,,,,,,,
2026-08-15T03:03:59.507-07:00,,operational_state,inbound,query_operational_state,received,,device_response,19,4,,,4,Idle Curtailed,,,
2026-08-15T03:03:59.548-07:00,,query_completed,outbound,query_operational_state,ok,,periodic,18,0,,,,,,,
2026-08-15T03:04:28.567-07:00,,query_sent,outbound,get_commodity,pending,,periodic,6,0,,,,,,,
2026-08-15T03:04:28.672-07:00,,link_ack,inbound,get_commodity,ack,,link_layer,6,,,,,,,,
2026-08-15T03:04:28.841-07:00,,intermediate_response,inbound,get_commodity,success,,device_response,6,128,,,,,0,success,
2026-08-15T03:04:28.884-07:00,,query_completed,outbound,get_commodity,ok,,periodic,6,0,,,,,0,success,
2026-08-15T03:04:28.884-07:00,,query_sent,outbound,query_operational_state,pending,,periodic,18,0,,,,,,,
2026-08-15T03:04:29.046-07:00,,link_ack,inbound,query_operational_state,ack,,link_layer,18,,,,,,,,
2026-08-15T03:04:29.171-07:00,,operational_state,inbound,query_operational_state,received,,device_response,19,4,,,4,Idle Curtailed,,,
2026-08-15T03:04:29.211-07:00,,query_completed,outbound,query_operational_state,ok,,periodic,18,0,,,,,,,
2026-08-15T03:04:58.230-07:00,auto_outside_comm_heartbeat_21,command_sent,outbound,outside_communication1,pending,0,schedule,14,0,,,,,,,
2026-08-15T03:04:58.335-07:00,,link_ack,inbound,outside_communication,ack,,link_layer,14,,,,,,,,
2026-08-15T03:04:58.460-07:00,,application_ack,inbound,outside_communication,ack,,application_layer,3,14,,,,,,,
2026-08-15T03:04:58.500-07:00,auto_outside_comm_heartbeat_21,command_completed,outbound,outside_communication1,ok,0,schedule,14,0,,,,,,,
2026-08-15T03:04:58.502-07:00,,query_sent,outbound,query_operational_state,pending,,periodic,18,0,,,,,,,
2026-08-15T03:04:58.665-07:00,,link_ack,inbound,query_operational_state,ack,,link_layer,18,,,,,,,,
2026-08-15T03:04:58.788-07:00,,operational_state,inbound,query_operational_state,received,,device_response,19,4,,,4,Idle Curtailed,,,
2026-08-15T03:04:58.829-07:00,,query_completed,outbound,query_operational_state,ok,,periodic,18,0,,,,,,,
2026-08-15T03:05:28.848-07:00,,query_sent,outbound,get_commodity,pending,,periodic,6,0,,,,,,,
2026-08-15T03:05:28.952-07:00,,link_ack,inbound,get_commodity,ack,,link_layer,6,,,,,,,,
2026-08-15T03:05:29.120-07:00,,intermediate_response,inbound,get_commodity,success,,device_response,6,128,,,,,0,success,
2026-08-15T03:05:29.164-07:00,,query_completed,outbound,get_commodity,ok,,periodic,6,0,,,,,0,success,
2026-08-15T03:05:29.164-07:00,,query_sent,outbound,query_operational_state,pending,,periodic,18,0,,,,,,,
2026-08-15T03:05:29.326-07:00,,link_ack,inbound,query_operational_state,ack,,link_layer,18,,,,,,,,
2026-08-15T03:05:29.450-07:00,,operational_state,inbound,query_operational_state,received,,device_response,19,4,,,4,Idle Curtailed,,,
2026-08-15T03:05:29.490-07:00,,query_completed,outbound,query_operational_state,ok,,periodic,18,0,,,,,,,
2026-08-15T03:05:58.509-07:00,,query_sent,outbound,query_operational_state,pending,,periodic,18,0,,,,,,,
2026-08-15T03:05:58.613-07:00,,link_ack,inbound,query_operational_state,ack,,link_layer,18,,,,,,,,
2026-08-15T03:05:58.736-07:00,,operational_state,inbound,query_operational_state,received,,device_response,19,4,,,4,Idle Curtailed,,,
2026-08-15T03:05:58.777-07:00,,query_completed,outbound,query_operational_state,ok,,periodic,18,0,,,,,,,
2026-08-15T03:06:28.796-07:00,,query_sent,outbound,get_commodity,pending,,periodic,6,0,,,,,,,
2026-08-15T03:06:28.901-07:00,,link_ack,inbound,get_commodity,ack,,link_layer,6,,,,,,,,
2026-08-15T03:06:29.070-07:00,,intermediate_response,inbound,get_commodity,success,,device_response,6,128,,,,,0,success,
2026-08-15T03:06:29.114-07:00,,query_completed,outbound,get_commodity,ok,,periodic,6,0,,,,,0,success,
2026-08-15T03:06:29.114-07:00,,query_sent,outbound,query_operational_state,pending,,periodic,18,0,,,,,,,
2026-08-15T03:06:29.277-07:00,,link_ack,inbound,query_operational_state,ack,,link_layer,18,,,,,,,,
2026-08-15T03:06:29.401-07:00,,operational_state,inbound,query_operational_state,received,,device_response,19,4,,,4,Idle Curtailed,,,
2026-08-15T03:06:29.442-07:00,,query_completed,outbound,query_operational_state,ok,,periodic,18,0,,,,,,,
2026-08-15T03:06:58.460-07:00,,query_sent,outbound,query_operational_state,pending,,periodic,18,0,,,,,,,
2026-08-15T03:06:58.561-07:00,,link_ack,inbound,query_operational_state,ack,,link_layer,18,,,,,,,,
2026-08-15T03:06:58.684-07:00,,operational_state,inbound,query_operational_state,received,,device_response,19,4,,,4,Idle Curtailed,,,
2026-08-15T03:06:58.725-07:00,,query_completed,outbound,query_operational_state,ok,,periodic,18,0,,,,,,,
2026-08-15T03:07:28.744-07:00,,query_sent,outbound,get_commodity,pending,,periodic,6,0,,,,,,,
2026-08-15T03:07:28.848-07:00,,link_ack,inbound,get_commodity,ack,,link_layer,6,,,,,,,,
2026-08-15T03:07:29.016-07:00,,intermediate_response,inbound,get_commodity,success,,device_response,6,128,,,,,0,success,
2026-08-15T03:07:29.059-07:00,,query_completed,outbound,get_commodity,ok,,periodic,6,0,,,,,0,success,
2026-08-15T03:07:29.060-07:00,,query_sent,outbound,query_operational_state,pending,,periodic,18,0,,,,,,,
2026-08-15T03:07:29.221-07:00,,link_ack,inbound,query_operational_state,ack,,link_layer,18,,,,,,,,
2026-08-15T03:07:29.346-07:00,,operational_state,inbound,query_operational_state,received,,device_response,19,4,,,4,Idle Curtailed,,,
2026-08-15T03:07:29.387-07:00,,query_completed,outbound,query_operational_state,ok,,periodic,18,0,,,,,,,
2026-08-15T03:07:58.405-07:00,,query_sent,outbound,query_operational_state,pending,,periodic,18,0,,,,,,,
2026-08-15T03:07:58.507-07:00,,link_ack,inbound,query_operational_state,ack,,link_layer,18,,,,,,,,
2026-08-15T03:07:58.632-07:00,,operational_state,inbound,query_operational_state,received,,device_response,19,4,,,4,Idle Curtailed,,,
2026-08-15T03:07:58.672-07:00,,query_completed,outbound,query_operational_state,ok,,periodic,18,0,,,,,,,
2026-08-15T03:08:28.691-07:00,,query_sent,outbound,get_commodity,pending,,periodic,6,0,,,,,,,
2026-08-15T03:08:28.794-07:00,,link_ack,inbound,get_commodity,ack,,link_layer,6,,,,,,,,
2026-08-15T03:08:28.963-07:00,,intermediate_response,inbound,get_commodity,success,,device_response,6,128,,,,,0,success,
2026-08-15T03:08:29.007-07:00,,query_completed,outbound,get_commodity,ok,,periodic,6,0,,,,,0,success,
2026-08-15T03:08:29.007-07:00,,query_sent,outbound,query_operational_state,pending,,periodic,18,0,,,,,,,
2026-08-15T03:08:29.169-07:00,,link_ack,inbound,query_operational_state,ack,,link_layer,18,,,,,,,,
2026-08-15T03:08:29.292-07:00,,operational_state,inbound,query_operational_state,received,,device_response,19,4,,,4,Idle Curtailed,,,
2026-08-15T03:08:29.333-07:00,,query_completed,outbound,query_operational_state,ok,,periodic,18,0,,,,,,,
2026-08-15T03:08:58.351-07:00,,query_sent,outbound,query_operational_state,pending,,periodic,18,0,,,,,,,
2026-08-15T03:08:58.450-07:00,,link_ack,inbound,query_operational_state,ack,,link_layer,18,,,,,,,,
2026-08-15T03:08:58.573-07:00,,operational_state,inbound,query_operational_state,received,,device_response,19,4,,,4,Idle Curtailed,,,
2026-08-15T03:08:58.614-07:00,,query_completed,outbound,query_operational_state,ok,,periodic,18,0,,,,,,,
2026-08-15T03:09:28.633-07:00,,query_sent,outbound,get_commodity,pending,,periodic,6,0,,,,,,,
2026-08-15T03:09:28.733-07:00,,link_ack,inbound,get_commodity,ack,,link_layer,6,,,,,,,,
2026-08-15T03:09:28.902-07:00,,intermediate_response,inbound,get_commodity,success,,device_response,6,128,,,,,0,success,
2026-08-15T03:09:28.945-07:00,,query_completed,outbound,get_commodity,ok,,periodic,6,0,,,,,0,success,
2026-08-15T03:09:28.945-07:00,,query_sent,outbound,query_operational_state,pending,,periodic,18,0,,,,,,,
2026-08-15T03:09:29.107-07:00,,link_ack,inbound,query_operational_state,ack,,link_layer,18,,,,,,,,
2026-08-15T03:09:29.231-07:00,,operational_state,inbound,query_operational_state,received,,device_response,19,4,,,4,Idle Curtailed,,,
2026-08-15T03:09:29.271-07:00,,query_completed,outbound,query_operational_state,ok,,periodic,18,0,,,,,,,
2026-08-15T03:09:59.290-07:00,,query_sent,outbound,query_operational_state,pending,,periodic,18,0,,,,,,,
2026-08-15T03:09:59.390-07:00,,link_ack,inbound,query_operational_state,ack,,link_layer,18,,,,,,,,
2026-08-15T03:09:59.514-07:00,,operational_state,inbound,query_operational_state,received,,device_response,19,4,,,4,Idle Curtailed,,,
2026-08-15T03:09:59.554-07:00,,query_completed,outbound,query_operational_state,ok,,periodic,18,0,,,,,,,
2026-08-15T03:10:28.572-07:00,,query_sent,outbound,get_commodity,pending,,periodic,6,0,,,,,,,
2026-08-15T03:10:28.674-07:00,,link_ack,inbound,get_commodity,ack,,link_layer,6,,,,,,,,
2026-08-15T03:10:28.842-07:00,,intermediate_response,inbound,get_commodity,success,,device_response,6,128,,,,,0,success,
2026-08-15T03:10:28.886-07:00,,query_completed,outbound,get_commodity,ok,,periodic,6,0,,,,,0,success,
2026-08-15T03:10:28.886-07:00,,query_sent,outbound,query_operational_state,pending,,periodic,18,0,,,,,,,
2026-08-15T03:10:29.048-07:00,,link_ack,inbound,query_operational_state,ack,,link_layer,18,,,,,,,,
2026-08-15T03:10:29.172-07:00,,operational_state,inbound,query_operational_state,received,,device_response,19,4,,,4,Idle Curtailed,,,
2026-08-15T03:10:29.212-07:00,,query_completed,outbound,query_operational_state,ok,,periodic,18,0,,,,,,,
2026-08-15T03:10:59.231-07:00,,query_sent,outbound,query_operational_state,pending,,periodic,18,0,,,,,,,
2026-08-15T03:10:59.332-07:00,,link_ack,inbound,query_operational_state,ack,,link_layer,18,,,,,,,,
2026-08-15T03:10:59.457-07:00,,operational_state,inbound,query_operational_state,received,,device_response,19,4,,,4,Idle Curtailed,,,
2026-08-15T03:10:59.498-07:00,,query_completed,outbound,query_operational_state,ok,,periodic,18,0,,,,,,,
2026-08-15T03:11:28.515-07:00,,query_sent,outbound,get_commodity,pending,,periodic,6,0,,,,,,,
2026-08-15T03:11:28.616-07:00,,link_ack,inbound,get_commodity,ack,,link_layer,6,,,,,,,,
2026-08-15T03:11:28.784-07:00,,intermediate_response,inbound,get_commodity,success,,device_response,6,128,,,,,0,success,
2026-08-15T03:11:28.828-07:00,,query_completed,outbound,get_commodity,ok,,periodic,6,0,,,,,0,success,
2026-08-15T03:11:28.828-07:00,,query_sent,outbound,query_operational_state,pending,,periodic,18,0,,,,,,,
2026-08-15T03:11:28.990-07:00,,link_ack,inbound,query_operational_state,ack,,link_layer,18,,,,,,,,
2026-08-15T03:11:29.113-07:00,,operational_state,inbound,query_operational_state,received,,device_response,19,4,,,4,Idle Curtailed,,,
2026-08-15T03:11:29.154-07:00,,query_completed,outbound,query_operational_state,ok,,periodic,18,0,,,,,,,
2026-08-15T03:11:59.172-07:00,,query_sent,outbound,query_operational_state,pending,,periodic,18,0,,,,,,,
2026-08-15T03:11:59.276-07:00,,link_ack,inbound,query_operational_state,ack,,link_layer,18,,,,,,,,
2026-08-15T03:11:59.400-07:00,,operational_state,inbound,query_operational_state,received,,device_response,19,4,,,4,Idle Curtailed,,,
2026-08-15T03:11:59.441-07:00,,query_completed,outbound,query_operational_state,ok,,periodic,18,0,,,,,,,
2026-08-15T03:12:28.459-07:00,,query_sent,outbound,get_commodity,pending,,periodic,6,0,,,,,,,
2026-08-15T03:12:28.559-07:00,,link_ack,inbound,get_commodity,ack,,link_layer,6,,,,,,,,
2026-08-15T03:12:28.728-07:00,,intermediate_response,inbound,get_commodity,success,,device_response,6,128,,,,,0,success,
2026-08-15T03:12:28.772-07:00,,query_completed,outbound,get_commodity,ok,,periodic,6,0,,,,,0,success,
2026-08-15T03:12:28.772-07:00,,query_sent,outbound,query_operational_state,pending,,periodic,18,0,,,,,,,
2026-08-15T03:12:28.934-07:00,,link_ack,inbound,query_operational_state,ack,,link_layer,18,,,,,,,,
2026-08-15T03:12:29.057-07:00,,operational_state,inbound,query_operational_state,received,,device_response,19,4,,,4,Idle Curtailed,,,
2026-08-15T03:12:29.098-07:00,,query_completed,outbound,query_operational_state,ok,,periodic,18,0,,,,,,,
2026-08-15T03:12:59.116-07:00,,query_sent,outbound,query_operational_state,pending,,periodic,18,0,,,,,,,
2026-08-15T03:12:59.217-07:00,,link_ack,inbound,query_operational_state,ack,,link_layer,18,,,,,,,,
2026-08-15T03:12:59.340-07:00,,operational_state,inbound,query_operational_state,received,,device_response,19,4,,,4,Idle Curtailed,,,
2026-08-15T03:12:59.381-07:00,,query_completed,outbound,query_operational_state,ok,,periodic,18,0,,,,,,,
2026-08-15T03:13:28.399-07:00,,query_sent,outbound,get_commodity,pending,,periodic,6,0,,,,,,,
2026-08-15T03:13:28.499-07:00,,link_ack,inbound,get_commodity,ack,,link_layer,6,,,,,,,,
2026-08-15T03:13:28.667-07:00,,intermediate_response,inbound,get_commodity,success,,device_response,6,128,,,,,0,success,
2026-08-15T03:13:28.710-07:00,,query_completed,outbound,get_commodity,ok,,periodic,6,0,,,,,0,success,
2026-08-15T03:13:28.710-07:00,,query_sent,outbound,query_operational_state,pending,,periodic,18,0,,,,,,,
2026-08-15T03:13:28.872-07:00,,link_ack,inbound,query_operational_state,ack,,link_layer,18,,,,,,,,
2026-08-15T03:13:28.996-07:00,,operational_state,inbound,query_operational_state,received,,device_response,19,4,,,4,Idle Curtailed,,,
2026-08-15T03:13:29.037-07:00,,query_completed,outbound,query_operational_state,ok,,periodic,18,0,,,,,,,
2026-08-15T03:13:59.055-07:00,,query_sent,outbound,query_operational_state,pending,,periodic,18,0,,,,,,,
2026-08-15T03:13:59.159-07:00,,link_ack,inbound,query_operational_state,ack,,link_layer,18,,,,,,,,
2026-08-15T03:13:59.283-07:00,,operational_state,inbound,query_operational_state,received,,device_response,19,4,,,4,Idle Curtailed,,,
2026-08-15T03:13:59.323-07:00,,query_completed,outbound,query_operational_state,ok,,periodic,18,0,,,,,,,
2026-08-15T03:14:29.341-07:00,,query_sent,outbound,get_commodity,pending,,periodic,6,0,,,,,,,
2026-08-15T03:14:29.443-07:00,,link_ack,inbound,get_commodity,ack,,link_layer,6,,,,,,,,
2026-08-15T03:14:29.613-07:00,,intermediate_response,inbound,get_commodity,success,,device_response,6,128,,,,,0,success,
2026-08-15T03:14:29.656-07:00,,query_completed,outbound,get_commodity,ok,,periodic,6,0,,,,,0,success,
2026-08-15T03:14:29.656-07:00,,query_sent,outbound,query_operational_state,pending,,periodic,18,0,,,,,,,
2026-08-15T03:14:29.820-07:00,,link_ack,inbound,query_operational_state,ack,,link_layer,18,,,,,,,,
2026-08-15T03:14:29.944-07:00,,operational_state,inbound,query_operational_state,received,,device_response,19,4,,,4,Idle Curtailed,,,
2026-08-15T03:14:29.985-07:00,,query_completed,outbound,query_operational_state,ok,,periodic,18,0,,,,,,,
2026-08-15T03:14:59.002-07:00,,query_sent,outbound,query_operational_state,pending,,periodic,18,0,,,,,,,
2026-08-15T03:14:59.105-07:00,,link_ack,inbound,query_operational_state,ack,,link_layer,18,,,,,,,,
2026-08-15T03:14:59.229-07:00,,operational_state,inbound,query_operational_state,received,,device_response,19,4,,,4,Idle Curtailed,,,
2026-08-15T03:14:59.270-07:00,,query_completed,outbound,query_operational_state,ok,,periodic,18,0,,,,,,,
2026-08-15T03:15:29.287-07:00,,query_sent,outbound,get_commodity,pending,,periodic,6,0,,,,,,,
2026-08-15T03:15:29.392-07:00,,link_ack,inbound,get_commodity,ack,,link_layer,6,,,,,,,,
2026-08-15T03:15:29.562-07:00,,intermediate_response,inbound,get_commodity,success,,device_response,6,128,,,,,0,success,
2026-08-15T03:15:29.605-07:00,,query_completed,outbound,get_commodity,ok,,periodic,6,0,,,,,0,success,
2026-08-15T03:15:29.605-07:00,,query_sent,outbound,query_operational_state,pending,,periodic,18,0,,,,,,,
2026-08-15T03:15:29.767-07:00,,link_ack,inbound,query_operational_state,ack,,link_layer,18,,,,,,,,
2026-08-15T03:15:29.891-07:00,,operational_state,inbound,query_operational_state,received,,device_response,19,4,,,4,Idle Curtailed,,,
2026-08-15T03:15:29.931-07:00,,query_completed,outbound,query_operational_state,ok,,periodic,18,0,,,,,,,
2026-08-15T03:15:58.948-07:00,,query_sent,outbound,query_operational_state,pending,,periodic,18,0,,,,,,,
2026-08-15T03:15:59.052-07:00,,link_ack,inbound,query_operational_state,ack,,link_layer,18,,,,,,,,
2026-08-15T03:15:59.175-07:00,,operational_state,inbound,query_operational_state,received,,device_response,19,4,,,4,Idle Curtailed,,,
2026-08-15T03:15:59.216-07:00,,query_completed,outbound,query_operational_state,ok,,periodic,18,0,,,,,,,
2026-08-15T03:16:29.233-07:00,,query_sent,outbound,get_commodity,pending,,periodic,6,0,,,,,,,
2026-08-15T03:16:29.338-07:00,,link_ack,inbound,get_commodity,ack,,link_layer,6,,,,,,,,
2026-08-15T03:16:29.507-07:00,,intermediate_response,inbound,get_commodity,success,,device_response,6,128,,,,,0,success,
2026-08-15T03:16:29.550-07:00,,query_completed,outbound,get_commodity,ok,,periodic,6,0,,,,,0,success,
2026-08-15T03:16:29.551-07:00,,query_sent,outbound,query_operational_state,pending,,periodic,18,0,,,,,,,
2026-08-15T03:16:29.712-07:00,,link_ack,inbound,query_operational_state,ack,,link_layer,18,,,,,,,,
2026-08-15T03:16:29.837-07:00,,operational_state,inbound,query_operational_state,received,,device_response,19,4,,,4,Idle Curtailed,,,
2026-08-15T03:16:29.878-07:00,,query_completed,outbound,query_operational_state,ok,,periodic,18,0,,,,,,,
2026-08-15T03:16:58.895-07:00,,query_sent,outbound,query_operational_state,pending,,periodic,18,0,,,,,,,
2026-08-15T03:16:58.997-07:00,,link_ack,inbound,query_operational_state,ack,,link_layer,18,,,,,,,,
2026-08-15T03:16:59.121-07:00,,operational_state,inbound,query_operational_state,received,,device_response,19,4,,,4,Idle Curtailed,,,
2026-08-15T03:16:59.161-07:00,,query_completed,outbound,query_operational_state,ok,,periodic,18,0,,,,,,,
2026-08-15T03:17:29.179-07:00,,query_sent,outbound,get_commodity,pending,,periodic,6,0,,,,,,,
2026-08-15T03:17:29.284-07:00,,link_ack,inbound,get_commodity,ack,,link_layer,6,,,,,,,,
2026-08-15T03:17:29.452-07:00,,intermediate_response,inbound,get_commodity,success,,device_response,6,128,,,,,0,success,
2026-08-15T03:17:29.496-07:00,,query_completed,outbound,get_commodity,ok,,periodic,6,0,,,,,0,success,
2026-08-15T03:17:29.496-07:00,,query_sent,outbound,query_operational_state,pending,,periodic,18,0,,,,,,,
2026-08-15T03:17:29.659-07:00,,link_ack,inbound,query_operational_state,ack,,link_layer,18,,,,,,,,
2026-08-15T03:17:29.782-07:00,,operational_state,inbound,query_operational_state,received,,device_response,19,4,,,4,Idle Curtailed,,,
2026-08-15T03:17:29.823-07:00,,query_completed,outbound,query_operational_state,ok,,periodic,18,0,,,,,,,
2026-08-15T03:17:58.841-07:00,,query_sent,outbound,query_operational_state,pending,,periodic,18,0,,,,,,,
2026-08-15T03:17:58.941-07:00,,link_ack,inbound,query_operational_state,ack,,link_layer,18,,,,,,,,
2026-08-15T03:17:59.065-07:00,,operational_state,inbound,query_operational_state,received,,device_response,19,4,,,4,Idle Curtailed,,,
2026-08-15T03:17:59.106-07:00,,query_completed,outbound,query_operational_state,ok,,periodic,18,0,,,,,,,
2026-08-15T03:18:28.123-07:00,auto_outside_comm_heartbeat_22,command_sent,outbound,outside_communication1,pending,0,schedule,14,0,,,,,,,
2026-08-15T03:18:28.226-07:00,,link_ack,inbound,outside_communication,ack,,link_layer,14,,,,,,,,
2026-08-15T03:18:28.351-07:00,,application_ack,inbound,outside_communication,ack,,application_layer,3,14,,,,,,,
2026-08-15T03:18:28.391-07:00,auto_outside_comm_heartbeat_22,command_completed,outbound,outside_communication1,ok,0,schedule,14,0,,,,,,,
2026-08-15T03:18:28.393-07:00,,query_sent,outbound,get_commodity,pending,,periodic,6,0,,,,,,,
2026-08-15T03:18:28.553-07:00,,link_ack,inbound,get_commodity,ack,,link_layer,6,,,,,,,,
2026-08-15T03:18:28.722-07:00,,intermediate_response,inbound,get_commodity,success,,device_response,6,128,,,,,0,success,
2026-08-15T03:18:28.766-07:00,,query_completed,outbound,get_commodity,ok,,periodic,6,0,,,,,0,success,
2026-08-15T03:18:28.766-07:00,,query_sent,outbound,query_operational_state,pending,,periodic,18,0,,,,,,,
2026-08-15T03:18:28.928-07:00,,link_ack,inbound,query_operational_state,ack,,link_layer,18,,,,,,,,
2026-08-15T03:18:29.052-07:00,,operational_state,inbound,query_operational_state,received,,device_response,19,4,,,4,Idle Curtailed,,,
2026-08-15T03:18:29.092-07:00,,query_completed,outbound,query_operational_state,ok,,periodic,18,0,,,,,,,
2026-08-15T03:18:59.110-07:00,,query_sent,outbound,query_operational_state,pending,,periodic,18,0,,,,,,,
2026-08-15T03:18:59.215-07:00,,link_ack,inbound,query_operational_state,ack,,link_layer,18,,,,,,,,
2026-08-15T03:18:59.339-07:00,,operational_state,inbound,query_operational_state,received,,device_response,19,4,,,4,Idle Curtailed,,,
2026-08-15T03:18:59.379-07:00,,query_completed,outbound,query_operational_state,ok,,periodic,18,0,,,,,,,
2026-08-15T03:19:28.396-07:00,,query_sent,outbound,get_commodity,pending,,periodic,6,0,,,,,,,
2026-08-15T03:19:28.497-07:00,,link_ack,inbound,get_commodity,ack,,link_layer,6,,,,,,,,
2026-08-15T03:19:28.666-07:00,,intermediate_response,inbound,get_commodity,success,,device_response,6,128,,,,,0,success,
2026-08-15T03:19:28.709-07:00,,query_completed,outbound,get_commodity,ok,,periodic,6,0,,,,,0,success,
2026-08-15T03:19:28.709-07:00,,query_sent,outbound,query_operational_state,pending,,periodic,18,0,,,,,,,
2026-08-15T03:19:28.874-07:00,,link_ack,inbound,query_operational_state,ack,,link_layer,18,,,,,,,,
2026-08-15T03:19:28.997-07:00,,operational_state,inbound,query_operational_state,received,,device_response,19,4,,,4,Idle Curtailed,,,
2026-08-15T03:19:29.037-07:00,,query_completed,outbound,query_operational_state,ok,,periodic,18,0,,,,,,,
2026-08-15T03:19:59.055-07:00,,query_sent,outbound,query_operational_state,pending,,periodic,18,0,,,,,,,
2026-08-15T03:19:59.158-07:00,,link_ack,inbound,query_operational_state,ack,,link_layer,18,,,,,,,,
2026-08-15T03:19:59.282-07:00,,operational_state,inbound,query_operational_state,received,,device_response,19,4,,,4,Idle Curtailed,,,
2026-08-15T03:19:59.323-07:00,,query_completed,outbound,query_operational_state,ok,,periodic,18,0,,,,,,,
2026-08-15T03:20:29.341-07:00,,query_sent,outbound,get_commodity,pending,,periodic,6,0,,,,,,,
2026-08-15T03:20:29.445-07:00,,link_ack,inbound,get_commodity,ack,,link_layer,6,,,,,,,,
2026-08-15T03:20:29.613-07:00,,intermediate_response,inbound,get_commodity,success,,device_response,6,128,,,,,0,success,
2026-08-15T03:20:29.656-07:00,,query_completed,outbound,get_commodity,ok,,periodic,6,0,,,,,0,success,
2026-08-15T03:20:29.657-07:00,,query_sent,outbound,query_operational_state,pending,,periodic,18,0,,,,,,,
2026-08-15T03:20:29.821-07:00,,link_ack,inbound,query_operational_state,ack,,link_layer,18,,,,,,,,
2026-08-15T03:20:29.944-07:00,,operational_state,inbound,query_operational_state,received,,device_response,19,4,,,4,Idle Curtailed,,,
2026-08-15T03:20:29.984-07:00,,query_completed,outbound,query_operational_state,ok,,periodic,18,0,,,,,,,
2026-08-15T03:20:59.002-07:00,,query_sent,outbound,query_operational_state,pending,,periodic,18,0,,,,,,,
2026-08-15T03:20:59.103-07:00,,link_ack,inbound,query_operational_state,ack,,link_layer,18,,,,,,,,
2026-08-15T03:20:59.226-07:00,,operational_state,inbound,query_operational_state,received,,device_response,19,4,,,4,Idle Curtailed,,,
2026-08-15T03:20:59.267-07:00,,query_completed,outbound,query_operational_state,ok,,periodic,18,0,,,,,,,
2026-08-15T03:21:29.285-07:00,,query_sent,outbound,get_commodity,pending,,periodic,6,0,,,,,,,
2026-08-15T03:21:29.390-07:00,,link_ack,inbound,get_commodity,ack,,link_layer,6,,,,,,,,
2026-08-15T03:21:29.558-07:00,,intermediate_response,inbound,get_commodity,success,,device_response,6,128,,,,,0,success,
2026-08-15T03:21:29.602-07:00,,query_completed,outbound,get_commodity,ok,,periodic,6,0,,,,,0,success,
2026-08-15T03:21:29.602-07:00,,query_sent,outbound,query_operational_state,pending,,periodic,18,0,,,,,,,
2026-08-15T03:21:29.764-07:00,,link_ack,inbound,query_operational_state,ack,,link_layer,18,,,,,,,,
2026-08-15T03:21:29.888-07:00,,operational_state,inbound,query_operational_state,received,,device_response,19,4,,,4,Idle Curtailed,,,
2026-08-15T03:21:29.928-07:00,,query_completed,outbound,query_operational_state,ok,,periodic,18,0,,,,,,,
2026-08-15T03:21:58.946-07:00,,query_sent,outbound,query_operational_state,pending,,periodic,18,0,,,,,,,
2026-08-15T03:21:59.047-07:00,,link_ack,inbound,query_operational_state,ack,,link_layer,18,,,,,,,,
2026-08-15T03:21:59.170-07:00,,operational_state,inbound,query_operational_state,received,,device_response,19,4,,,4,Idle Curtailed,,,
2026-08-15T03:21:59.211-07:00,,query_completed,outbound,query_operational_state,ok,,periodic,18,0,,,,,,,
2026-08-15T03:22:29.229-07:00,,query_sent,outbound,get_commodity,pending,,periodic,6,0,,,,,,,
2026-08-15T03:22:29.331-07:00,,link_ack,inbound,get_commodity,ack,,link_layer,6,,,,,,,,
2026-08-15T03:22:29.500-07:00,,intermediate_response,inbound,get_commodity,success,,device_response,6,128,,,,,0,success,
2026-08-15T03:22:29.543-07:00,,query_completed,outbound,get_commodity,ok,,periodic,6,0,,,,,0,success,
2026-08-15T03:22:29.543-07:00,,query_sent,outbound,query_operational_state,pending,,periodic,18,0,,,,,,,
2026-08-15T03:22:29.705-07:00,,link_ack,inbound,query_operational_state,ack,,link_layer,18,,,,,,,,
2026-08-15T03:22:29.829-07:00,,operational_state,inbound,query_operational_state,received,,device_response,19,4,,,4,Idle Curtailed,,,
2026-08-15T03:22:29.870-07:00,,query_completed,outbound,query_operational_state,ok,,periodic,18,0,,,,,,,
2026-08-15T03:22:58.887-07:00,,query_sent,outbound,query_operational_state,pending,,periodic,18,0,,,,,,,
2026-08-15T03:22:58.987-07:00,,link_ack,inbound,query_operational_state,ack,,link_layer,18,,,,,,,,
2026-08-15T03:22:59.111-07:00,,operational_state,inbound,query_operational_state,received,,device_response,19,4,,,4,Idle Curtailed,,,
2026-08-15T03:22:59.151-07:00,,query_completed,outbound,query_operational_state,ok,,periodic,18,0,,,,,,,
2026-08-15T03:23:29.169-07:00,,query_sent,outbound,get_commodity,pending,,periodic,6,0,,,,,,,
2026-08-15T03:23:29.273-07:00,,link_ack,inbound,get_commodity,ack,,link_layer,6,,,,,,,,
2026-08-15T03:23:29.443-07:00,,intermediate_response,inbound,get_commodity,success,,device_response,6,128,,,,,0,success,
2026-08-15T03:23:29.486-07:00,,query_completed,outbound,get_commodity,ok,,periodic,6,0,,,,,0,success,
2026-08-15T03:23:29.486-07:00,,query_sent,outbound,query_operational_state,pending,,periodic,18,0,,,,,,,
2026-08-15T03:23:29.648-07:00,,link_ack,inbound,query_operational_state,ack,,link_layer,18,,,,,,,,
2026-08-15T03:23:29.772-07:00,,operational_state,inbound,query_operational_state,received,,device_response,19,4,,,4,Idle Curtailed,,,
2026-08-15T03:23:29.813-07:00,,query_completed,outbound,query_operational_state,ok,,periodic,18,0,,,,,,,
2026-08-15T03:23:58.830-07:00,,query_sent,outbound,query_operational_state,pending,,periodic,18,0,,,,,,,
2026-08-15T03:23:58.933-07:00,,link_ack,inbound,query_operational_state,ack,,link_layer,18,,,,,,,,
2026-08-15T03:23:59.057-07:00,,operational_state,inbound,query_operational_state,received,,device_response,19,4,,,4,Idle Curtailed,,,
2026-08-15T03:23:59.097-07:00,,query_completed,outbound,query_operational_state,ok,,periodic,18,0,,,,,,,
2026-08-15T03:24:29.115-07:00,,query_sent,outbound,get_commodity,pending,,periodic,6,0,,,,,,,
2026-08-15T03:24:29.221-07:00,,link_ack,inbound,get_commodity,ack,,link_layer,6,,,,,,,,
2026-08-15T03:24:29.391-07:00,,intermediate_response,inbound,get_commodity,success,,device_response,6,128,,,,,0,success,
2026-08-15T03:24:29.435-07:00,,query_completed,outbound,get_commodity,ok,,periodic,6,0,,,,,0,success,
2026-08-15T03:24:29.435-07:00,,query_sent,outbound,query_operational_state,pending,,periodic,18,0,,,,,,,
2026-08-15T03:24:29.599-07:00,,link_ack,inbound,query_operational_state,ack,,link_layer,18,,,,,,,,
2026-08-15T03:24:29.722-07:00,,operational_state,inbound,query_operational_state,received,,device_response,19,4,,,4,Idle Curtailed,,,
2026-08-15T03:24:29.763-07:00,,query_completed,outbound,query_operational_state,ok,,periodic,18,0,,,,,,,
2026-08-15T03:24:58.781-07:00,,query_sent,outbound,query_operational_state,pending,,periodic,18,0,,,,,,,
2026-08-15T03:24:58.883-07:00,,link_ack,inbound,query_operational_state,ack,,link_layer,18,,,,,,,,
2026-08-15T03:24:59.007-07:00,,operational_state,inbound,query_operational_state,received,,device_response,19,4,,,4,Idle Curtailed,,,
2026-08-15T03:24:59.048-07:00,,query_completed,outbound,query_operational_state,ok,,periodic,18,0,,,,,,,
2026-08-15T03:25:29.066-07:00,,query_sent,outbound,get_commodity,pending,,periodic,6,0,,,,,,,
2026-08-15T03:25:29.171-07:00,,link_ack,inbound,get_commodity,ack,,link_layer,6,,,,,,,,
2026-08-15T03:25:29.340-07:00,,intermediate_response,inbound,get_commodity,success,,device_response,6,128,,,,,0,success,
2026-08-15T03:25:29.383-07:00,,query_completed,outbound,get_commodity,ok,,periodic,6,0,,,,,0,success,
2026-08-15T03:25:29.383-07:00,,query_sent,outbound,query_operational_state,pending,,periodic,18,0,,,,,,,
2026-08-15T03:25:29.548-07:00,,link_ack,inbound,query_operational_state,ack,,link_layer,18,,,,,,,,
2026-08-15T03:25:29.672-07:00,,operational_state,inbound,query_operational_state,received,,device_response,19,4,,,4,Idle Curtailed,,,
2026-08-15T03:25:29.712-07:00,,query_completed,outbound,query_operational_state,ok,,periodic,18,0,,,,,,,
2026-08-15T03:25:58.730-07:00,,query_sent,outbound,query_operational_state,pending,,periodic,18,0,,,,,,,
2026-08-15T03:25:58.832-07:00,,link_ack,inbound,query_operational_state,ack,,link_layer,18,,,,,,,,
2026-08-15T03:25:58.955-07:00,,operational_state,inbound,query_operational_state,received,,device_response,19,4,,,4,Idle Curtailed,,,
2026-08-15T03:25:58.996-07:00,,query_completed,outbound,query_operational_state,ok,,periodic,18,0,,,,,,,
2026-08-15T03:26:29.014-07:00,,query_sent,outbound,get_commodity,pending,,periodic,6,0,,,,,,,
2026-08-15T03:26:29.118-07:00,,link_ack,inbound,get_commodity,ack,,link_layer,6,,,,,,,,
2026-08-15T03:26:29.287-07:00,,intermediate_response,inbound,get_commodity,success,,device_response,6,128,,,,,0,success,
2026-08-15T03:26:29.331-07:00,,query_completed,outbound,get_commodity,ok,,periodic,6,0,,,,,0,success,
2026-08-15T03:26:29.331-07:00,,query_sent,outbound,query_operational_state,pending,,periodic,18,0,,,,,,,
2026-08-15T03:26:29.495-07:00,,link_ack,inbound,query_operational_state,ack,,link_layer,18,,,,,,,,
2026-08-15T03:26:29.617-07:00,,operational_state,inbound,query_operational_state,received,,device_response,19,4,,,4,Idle Curtailed,,,
2026-08-15T03:26:29.658-07:00,,query_completed,outbound,query_operational_state,ok,,periodic,18,0,,,,,,,
2026-08-15T03:26:58.675-07:00,,query_sent,outbound,query_operational_state,pending,,periodic,18,0,,,,,,,
2026-08-15T03:26:58.779-07:00,,link_ack,inbound,query_operational_state,ack,,link_layer,18,,,,,,,,
2026-08-15T03:26:58.902-07:00,,operational_state,inbound,query_operational_state,received,,device_response,19,4,,,4,Idle Curtailed,,,
2026-08-15T03:26:58.942-07:00,,query_completed,outbound,query_operational_state,ok,,periodic,18,0,,,,,,,
2026-08-15T03:27:28.960-07:00,,query_sent,outbound,get_commodity,pending,,periodic,6,0,,,,,,,
2026-08-15T03:27:29.065-07:00,,link_ack,inbound,get_commodity,ack,,link_layer,6,,,,,,,,
2026-08-15T03:27:29.234-07:00,,intermediate_response,inbound,get_commodity,success,,device_response,6,128,,,,,0,success,
2026-08-15T03:27:29.278-07:00,,query_completed,outbound,get_commodity,ok,,periodic,6,0,,,,,0,success,
2026-08-15T03:27:29.278-07:00,,query_sent,outbound,query_operational_state,pending,,periodic,18,0,,,,,,,
2026-08-15T03:27:29.440-07:00,,link_ack,inbound,query_operational_state,ack,,link_layer,18,,,,,,,,
2026-08-15T03:27:29.563-07:00,,operational_state,inbound,query_operational_state,received,,device_response,19,4,,,4,Idle Curtailed,,,
2026-08-15T03:27:29.604-07:00,,query_completed,outbound,query_operational_state,ok,,periodic,18,0,,,,,,,
2026-08-15T03:27:58.622-07:00,,query_sent,outbound,query_operational_state,pending,,periodic,18,0,,,,,,,
2026-08-15T03:27:58.720-07:00,,link_ack,inbound,query_operational_state,ack,,link_layer,18,,,,,,,,
2026-08-15T03:27:58.845-07:00,,operational_state,inbound,query_operational_state,received,,device_response,19,4,,,4,Idle Curtailed,,,
2026-08-15T03:27:58.886-07:00,,query_completed,outbound,query_operational_state,ok,,periodic,18,0,,,,,,,
2026-08-15T03:28:28.904-07:00,,query_sent,outbound,get_commodity,pending,,periodic,6,0,,,,,,,
2026-08-15T03:28:29.006-07:00,,link_ack,inbound,get_commodity,ack,,link_layer,6,,,,,,,,
2026-08-15T03:28:29.175-07:00,,intermediate_response,inbound,get_commodity,success,,device_response,6,128,,,,,0,success,
2026-08-15T03:28:29.219-07:00,,query_completed,outbound,get_commodity,ok,,periodic,6,0,,,,,0,success,
2026-08-15T03:28:29.219-07:00,,query_sent,outbound,query_operational_state,pending,,periodic,18,0,,,,,,,
2026-08-15T03:28:29.381-07:00,,link_ack,inbound,query_operational_state,ack,,link_layer,18,,,,,,,,
2026-08-15T03:28:29.505-07:00,,operational_state,inbound,query_operational_state,received,,device_response,19,4,,,4,Idle Curtailed,,,
2026-08-15T03:28:29.545-07:00,,query_completed,outbound,query_operational_state,ok,,periodic,18,0,,,,,,,
2026-08-15T03:28:58.563-07:00,,query_sent,outbound,query_operational_state,pending,,periodic,18,0,,,,,,,
2026-08-15T03:28:58.664-07:00,,link_ack,inbound,query_operational_state,ack,,link_layer,18,,,,,,,,
2026-08-15T03:28:58.787-07:00,,operational_state,inbound,query_operational_state,received,,device_response,19,4,,,4,Idle Curtailed,,,
2026-08-15T03:28:58.828-07:00,,query_completed,outbound,query_operational_state,ok,,periodic,18,0,,,,,,,
2026-08-15T03:29:28.846-07:00,,query_sent,outbound,get_commodity,pending,,periodic,6,0,,,,,,,
2026-08-15T03:29:28.950-07:00,,link_ack,inbound,get_commodity,ack,,link_layer,6,,,,,,,,
2026-08-15T03:29:29.119-07:00,,intermediate_response,inbound,get_commodity,success,,device_response,6,128,,,,,0,success,
2026-08-15T03:29:29.162-07:00,,query_completed,outbound,get_commodity,ok,,periodic,6,0,,,,,0,success,
2026-08-15T03:29:29.163-07:00,,query_sent,outbound,query_operational_state,pending,,periodic,18,0,,,,,,,
2026-08-15T03:29:29.324-07:00,,link_ack,inbound,query_operational_state,ack,,link_layer,18,,,,,,,,
2026-08-15T03:29:29.448-07:00,,operational_state,inbound,query_operational_state,received,,device_response,19,4,,,4,Idle Curtailed,,,
2026-08-15T03:29:29.489-07:00,,query_completed,outbound,query_operational_state,ok,,periodic,18,0,,,,,,,
2026-08-15T03:29:58.506-07:00,,query_sent,outbound,query_operational_state,pending,,periodic,18,0,,,,,,,
2026-08-15T03:29:58.609-07:00,,link_ack,inbound,query_operational_state,ack,,link_layer,18,,,,,,,,
2026-08-15T03:29:58.732-07:00,,operational_state,inbound,query_operational_state,received,,device_response,19,4,,,4,Idle Curtailed,,,
2026-08-15T03:29:58.773-07:00,,query_completed,outbound,query_operational_state,ok,,periodic,18,0,,,,,,,
2026-08-15T03:30:28.791-07:00,,query_sent,outbound,get_commodity,pending,,periodic,6,0,,,,,,,
2026-08-15T03:30:28.893-07:00,,link_ack,inbound,get_commodity,ack,,link_layer,6,,,,,,,,
2026-08-15T03:30:29.061-07:00,,intermediate_response,inbound,get_commodity,success,,device_response,6,128,,,,,0,success,
2026-08-15T03:30:29.105-07:00,,query_completed,outbound,get_commodity,ok,,periodic,6,0,,,,,0,success,
2026-08-15T03:30:29.105-07:00,,query_sent,outbound,query_operational_state,pending,,periodic,18,0,,,,,,,
2026-08-15T03:30:29.269-07:00,,link_ack,inbound,query_operational_state,ack,,link_layer,18,,,,,,,,
2026-08-15T03:30:29.393-07:00,,operational_state,inbound,query_operational_state,received,,device_response,19,4,,,4,Idle Curtailed,,,
2026-08-15T03:30:29.433-07:00,,query_completed,outbound,query_operational_state,ok,,periodic,18,0,,,,,,,
2026-08-15T03:30:58.451-07:00,,query_sent,outbound,query_operational_state,pending,,periodic,18,0,,,,,,,
2026-08-15T03:30:58.551-07:00,,link_ack,inbound,query_operational_state,ack,,link_layer,18,,,,,,,,
2026-08-15T03:30:58.674-07:00,,operational_state,inbound,query_operational_state,received,,device_response,19,4,,,4,Idle Curtailed,,,
2026-08-15T03:30:58.715-07:00,,query_completed,outbound,query_operational_state,ok,,periodic,18,0,,,,,,,
2026-08-15T03:31:28.733-07:00,,query_sent,outbound,get_commodity,pending,,periodic,6,0,,,,,,,
2026-08-15T03:31:28.837-07:00,,link_ack,inbound,get_commodity,ack,,link_layer,6,,,,,,,,
2026-08-15T03:31:29.006-07:00,,intermediate_response,inbound,get_commodity,success,,device_response,6,128,,,,,0,success,
2026-08-15T03:31:29.050-07:00,,query_completed,outbound,get_commodity,ok,,periodic,6,0,,,,,0,success,
2026-08-15T03:31:29.050-07:00,,query_sent,outbound,query_operational_state,pending,,periodic,18,0,,,,,,,
2026-08-15T03:31:29.212-07:00,,link_ack,inbound,query_operational_state,ack,,link_layer,18,,,,,,,,
2026-08-15T03:31:29.336-07:00,,operational_state,inbound,query_operational_state,received,,device_response,19,4,,,4,Idle Curtailed,,,
2026-08-15T03:31:29.377-07:00,,query_completed,outbound,query_operational_state,ok,,periodic,18,0,,,,,,,
2026-08-15T03:31:58.393-07:00,auto_outside_comm_heartbeat_23,command_sent,outbound,outside_communication1,pending,0,schedule,14,0,,,,,,,
2026-08-15T03:31:58.495-07:00,,link_ack,inbound,outside_communication,ack,,link_layer,14,,,,,,,,
2026-08-15T03:31:58.619-07:00,,application_ack,inbound,outside_communication,ack,,application_layer,3,14,,,,,,,
2026-08-15T03:31:58.660-07:00,auto_outside_comm_heartbeat_23,command_completed,outbound,outside_communication1,ok,0,schedule,14,0,,,,,,,
2026-08-15T03:31:58.661-07:00,,query_sent,outbound,query_operational_state,pending,,periodic,18,0,,,,,,,
2026-08-15T03:31:58.822-07:00,,link_ack,inbound,query_operational_state,ack,,link_layer,18,,,,,,,,
2026-08-15T03:31:58.946-07:00,,operational_state,inbound,query_operational_state,received,,device_response,19,4,,,4,Idle Curtailed,,,
2026-08-15T03:31:58.986-07:00,,query_completed,outbound,query_operational_state,ok,,periodic,18,0,,,,,,,
2026-08-15T03:32:29.004-07:00,,query_sent,outbound,get_commodity,pending,,periodic,6,0,,,,,,,
2026-08-15T03:32:29.105-07:00,,link_ack,inbound,get_commodity,ack,,link_layer,6,,,,,,,,
2026-08-15T03:32:29.273-07:00,,intermediate_response,inbound,get_commodity,success,,device_response,6,128,,,,,0,success,
2026-08-15T03:32:29.317-07:00,,query_completed,outbound,get_commodity,ok,,periodic,6,0,,,,,0,success,
2026-08-15T03:32:29.317-07:00,,query_sent,outbound,query_operational_state,pending,,periodic,18,0,,,,,,,
2026-08-15T03:32:29.479-07:00,,link_ack,inbound,query_operational_state,ack,,link_layer,18,,,,,,,,
2026-08-15T03:32:29.603-07:00,,operational_state,inbound,query_operational_state,received,,device_response,19,4,,,4,Idle Curtailed,,,
2026-08-15T03:32:29.643-07:00,,query_completed,outbound,query_operational_state,ok,,periodic,18,0,,,,,,,
2026-08-15T03:32:58.660-07:00,,query_sent,outbound,query_operational_state,pending,,periodic,18,0,,,,,,,
2026-08-15T03:32:58.764-07:00,,link_ack,inbound,query_operational_state,ack,,link_layer,18,,,,,,,,
2026-08-15T03:32:58.887-07:00,,operational_state,inbound,query_operational_state,received,,device_response,19,4,,,4,Idle Curtailed,,,
2026-08-15T03:32:58.928-07:00,,query_completed,outbound,query_operational_state,ok,,periodic,18,0,,,,,,,
2026-08-15T03:33:28.945-07:00,,query_sent,outbound,get_commodity,pending,,periodic,6,0,,,,,,,
2026-08-15T03:33:29.051-07:00,,link_ack,inbound,get_commodity,ack,,link_layer,6,,,,,,,,
2026-08-15T03:33:29.220-07:00,,intermediate_response,inbound,get_commodity,success,,device_response,6,128,,,,,0,success,
2026-08-15T03:33:29.263-07:00,,query_completed,outbound,get_commodity,ok,,periodic,6,0,,,,,0,success,
2026-08-15T03:33:29.263-07:00,,query_sent,outbound,query_operational_state,pending,,periodic,18,0,,,,,,,
2026-08-15T03:33:29.425-07:00,,link_ack,inbound,query_operational_state,ack,,link_layer,18,,,,,,,,
2026-08-15T03:33:29.549-07:00,,operational_state,inbound,query_operational_state,received,,device_response,19,4,,,4,Idle Curtailed,,,
2026-08-15T03:33:29.590-07:00,,query_completed,outbound,query_operational_state,ok,,periodic,18,0,,,,,,,
2026-08-15T03:33:58.606-07:00,,query_sent,outbound,query_operational_state,pending,,periodic,18,0,,,,,,,
2026-08-15T03:33:58.712-07:00,,link_ack,inbound,query_operational_state,ack,,link_layer,18,,,,,,,,
2026-08-15T03:33:58.835-07:00,,operational_state,inbound,query_operational_state,received,,device_response,19,4,,,4,Idle Curtailed,,,
2026-08-15T03:33:58.875-07:00,,query_completed,outbound,query_operational_state,ok,,periodic,18,0,,,,,,,
2026-08-15T03:34:28.893-07:00,,query_sent,outbound,get_commodity,pending,,periodic,6,0,,,,,,,
2026-08-15T03:34:28.996-07:00,,link_ack,inbound,get_commodity,ack,,link_layer,6,,,,,,,,
2026-08-15T03:34:29.164-07:00,,intermediate_response,inbound,get_commodity,success,,device_response,6,128,,,,,0,success,
2026-08-15T03:34:29.207-07:00,,query_completed,outbound,get_commodity,ok,,periodic,6,0,,,,,0,success,
2026-08-15T03:34:29.208-07:00,,query_sent,outbound,query_operational_state,pending,,periodic,18,0,,,,,,,
2026-08-15T03:34:29.372-07:00,,link_ack,inbound,query_operational_state,ack,,link_layer,18,,,,,,,,
2026-08-15T03:34:29.495-07:00,,operational_state,inbound,query_operational_state,received,,device_response,19,4,,,4,Idle Curtailed,,,
2026-08-15T03:34:29.536-07:00,,query_completed,outbound,query_operational_state,ok,,periodic,18,0,,,,,,,
2026-08-15T03:34:58.553-07:00,,query_sent,outbound,query_operational_state,pending,,periodic,18,0,,,,,,,
2026-08-15T03:34:58.655-07:00,,link_ack,inbound,query_operational_state,ack,,link_layer,18,,,,,,,,
2026-08-15T03:34:58.779-07:00,,operational_state,inbound,query_operational_state,received,,device_response,19,4,,,4,Idle Curtailed,,,
2026-08-15T03:34:58.820-07:00,,query_completed,outbound,query_operational_state,ok,,periodic,18,0,,,,,,,
2026-08-15T03:35:28.837-07:00,,query_sent,outbound,get_commodity,pending,,periodic,6,0,,,,,,,
2026-08-15T03:35:28.940-07:00,,link_ack,inbound,get_commodity,ack,,link_layer,6,,,,,,,,
2026-08-15T03:35:29.109-07:00,,intermediate_response,inbound,get_commodity,success,,device_response,6,128,,,,,0,success,
2026-08-15T03:35:29.153-07:00,,query_completed,outbound,get_commodity,ok,,periodic,6,0,,,,,0,success,
2026-08-15T03:35:29.153-07:00,,query_sent,outbound,query_operational_state,pending,,periodic,18,0,,,,,,,
2026-08-15T03:35:29.315-07:00,,link_ack,inbound,query_operational_state,ack,,link_layer,18,,,,,,,,
2026-08-15T03:35:29.439-07:00,,operational_state,inbound,query_operational_state,received,,device_response,19,4,,,4,Idle Curtailed,,,
2026-08-15T03:35:29.479-07:00,,query_completed,outbound,query_operational_state,ok,,periodic,18,0,,,,,,,
2026-08-15T03:35:58.496-07:00,,query_sent,outbound,query_operational_state,pending,,periodic,18,0,,,,,,,
2026-08-15T03:35:58.599-07:00,,link_ack,inbound,query_operational_state,ack,,link_layer,18,,,,,,,,
2026-08-15T03:35:58.722-07:00,,operational_state,inbound,query_operational_state,received,,device_response,19,4,,,4,Idle Curtailed,,,
2026-08-15T03:35:58.763-07:00,,query_completed,outbound,query_operational_state,ok,,periodic,18,0,,,,,,,
2026-08-15T03:36:28.780-07:00,,query_sent,outbound,get_commodity,pending,,periodic,6,0,,,,,,,
2026-08-15T03:36:28.884-07:00,,link_ack,inbound,get_commodity,ack,,link_layer,6,,,,,,,,
2026-08-15T03:36:29.052-07:00,,intermediate_response,inbound,get_commodity,success,,device_response,6,128,,,,,0,success,
2026-08-15T03:36:29.096-07:00,,query_completed,outbound,get_commodity,ok,,periodic,6,0,,,,,0,success,
2026-08-15T03:36:29.096-07:00,,query_sent,outbound,query_operational_state,pending,,periodic,18,0,,,,,,,
2026-08-15T03:36:29.257-07:00,,link_ack,inbound,query_operational_state,ack,,link_layer,18,,,,,,,,
2026-08-15T03:36:29.381-07:00,,operational_state,inbound,query_operational_state,received,,device_response,19,4,,,4,Idle Curtailed,,,
2026-08-15T03:36:29.422-07:00,,query_completed,outbound,query_operational_state,ok,,periodic,18,0,,,,,,,
2026-08-15T03:36:58.438-07:00,,query_sent,outbound,query_operational_state,pending,,periodic,18,0,,,,,,,
2026-08-15T03:36:58.540-07:00,,link_ack,inbound,query_operational_state,ack,,link_layer,18,,,,,,,,
2026-08-15T03:36:58.664-07:00,,operational_state,inbound,query_operational_state,received,,device_response,19,4,,,4,Idle Curtailed,,,
2026-08-15T03:36:58.704-07:00,,query_completed,outbound,query_operational_state,ok,,periodic,18,0,,,,,,,
2026-08-15T03:37:28.722-07:00,,query_sent,outbound,get_commodity,pending,,periodic,6,0,,,,,,,
2026-08-15T03:37:28.825-07:00,,link_ack,inbound,get_commodity,ack,,link_layer,6,,,,,,,,
2026-08-15T03:37:28.994-07:00,,intermediate_response,inbound,get_commodity,success,,device_response,6,128,,,,,0,success,
2026-08-15T03:37:29.038-07:00,,query_completed,outbound,get_commodity,ok,,periodic,6,0,,,,,0,success,
2026-08-15T03:37:29.038-07:00,,query_sent,outbound,query_operational_state,pending,,periodic,18,0,,,,,,,
2026-08-15T03:37:29.200-07:00,,link_ack,inbound,query_operational_state,ack,,link_layer,18,,,,,,,,
2026-08-15T03:37:29.323-07:00,,operational_state,inbound,query_operational_state,received,,device_response,19,4,,,4,Idle Curtailed,,,
2026-08-15T03:37:29.364-07:00,,query_completed,outbound,query_operational_state,ok,,periodic,18,0,,,,,,,
2026-08-15T03:37:58.381-07:00,,query_sent,outbound,query_operational_state,pending,,periodic,18,0,,,,,,,
2026-08-15T03:37:58.480-07:00,,link_ack,inbound,query_operational_state,ack,,link_layer,18,,,,,,,,
2026-08-15T03:37:58.605-07:00,,operational_state,inbound,query_operational_state,received,,device_response,19,4,,,4,Idle Curtailed,,,
2026-08-15T03:37:58.646-07:00,,query_completed,outbound,query_operational_state,ok,,periodic,18,0,,,,,,,
2026-08-15T03:38:28.663-07:00,,query_sent,outbound,get_commodity,pending,,periodic,6,0,,,,,,,
2026-08-15T03:38:28.764-07:00,,link_ack,inbound,get_commodity,ack,,link_layer,6,,,,,,,,
2026-08-15T03:38:28.933-07:00,,intermediate_response,inbound,get_commodity,success,,device_response,6,128,,,,,0,success,
2026-08-15T03:38:28.977-07:00,,query_completed,outbound,get_commodity,ok,,periodic,6,0,,,,,0,success,
2026-08-15T03:38:28.977-07:00,,query_sent,outbound,query_operational_state,pending,,periodic,18,0,,,,,,,
2026-08-15T03:38:29.139-07:00,,link_ack,inbound,query_operational_state,ack,,link_layer,18,,,,,,,,
2026-08-15T03:38:29.263-07:00,,operational_state,inbound,query_operational_state,received,,device_response,19,4,,,4,Idle Curtailed,,,
2026-08-15T03:38:29.303-07:00,,query_completed,outbound,query_operational_state,ok,,periodic,18,0,,,,,,,
2026-08-15T03:38:59.321-07:00,,query_sent,outbound,query_operational_state,pending,,periodic,18,0,,,,,,,
2026-08-15T03:38:59.424-07:00,,link_ack,inbound,query_operational_state,ack,,link_layer,18,,,,,,,,
2026-08-15T03:38:59.548-07:00,,operational_state,inbound,query_operational_state,received,,device_response,19,4,,,4,Idle Curtailed,,,
2026-08-15T03:38:59.588-07:00,,query_completed,outbound,query_operational_state,ok,,periodic,18,0,,,,,,,
2026-08-15T03:39:28.605-07:00,,query_sent,outbound,get_commodity,pending,,periodic,6,0,,,,,,,
2026-08-15T03:39:28.707-07:00,,link_ack,inbound,get_commodity,ack,,link_layer,6,,,,,,,,
2026-08-15T03:39:28.877-07:00,,intermediate_response,inbound,get_commodity,success,,device_response,6,128,,,,,0,success,
2026-08-15T03:39:28.920-07:00,,query_completed,outbound,get_commodity,ok,,periodic,6,0,,,,,0,success,
2026-08-15T03:39:28.920-07:00,,query_sent,outbound,query_operational_state,pending,,periodic,18,0,,,,,,,
2026-08-15T03:39:29.082-07:00,,link_ack,inbound,query_operational_state,ack,,link_layer,18,,,,,,,,
2026-08-15T03:39:29.206-07:00,,operational_state,inbound,query_operational_state,received,,device_response,19,4,,,4,Idle Curtailed,,,
2026-08-15T03:39:29.247-07:00,,query_completed,outbound,query_operational_state,ok,,periodic,18,0,,,,,,,
2026-08-15T03:39:59.264-07:00,,query_sent,outbound,query_operational_state,pending,,periodic,18,0,,,,,,,
2026-08-15T03:39:59.368-07:00,,link_ack,inbound,query_operational_state,ack,,link_layer,18,,,,,,,,
2026-08-15T03:39:59.491-07:00,,operational_state,inbound,query_operational_state,received,,device_response,19,4,,,4,Idle Curtailed,,,
2026-08-15T03:39:59.532-07:00,,query_completed,outbound,query_operational_state,ok,,periodic,18,0,,,,,,,
2026-08-15T03:40:28.548-07:00,,query_sent,outbound,get_commodity,pending,,periodic,6,0,,,,,,,
2026-08-15T03:40:28.650-07:00,,link_ack,inbound,get_commodity,ack,,link_layer,6,,,,,,,,
2026-08-15T03:40:28.818-07:00,,intermediate_response,inbound,get_commodity,success,,device_response,6,128,,,,,0,success,
2026-08-15T03:40:28.862-07:00,,query_completed,outbound,get_commodity,ok,,periodic,6,0,,,,,0,success,
2026-08-15T03:40:28.862-07:00,,query_sent,outbound,query_operational_state,pending,,periodic,18,0,,,,,,,
2026-08-15T03:40:29.025-07:00,,link_ack,inbound,query_operational_state,ack,,link_layer,18,,,,,,,,
2026-08-15T03:40:29.149-07:00,,operational_state,inbound,query_operational_state,received,,device_response,19,4,,,4,Idle Curtailed,,,
2026-08-15T03:40:29.190-07:00,,query_completed,outbound,query_operational_state,ok,,periodic,18,0,,,,,,,
2026-08-15T03:40:59.208-07:00,,query_sent,outbound,query_operational_state,pending,,periodic,18,0,,,,,,,
2026-08-15T03:40:59.308-07:00,,link_ack,inbound,query_operational_state,ack,,link_layer,18,,,,,,,,
2026-08-15T03:40:59.431-07:00,,operational_state,inbound,query_operational_state,received,,device_response,19,4,,,4,Idle Curtailed,,,
2026-08-15T03:40:59.472-07:00,,query_completed,outbound,query_operational_state,ok,,periodic,18,0,,,,,,,
2026-08-15T03:41:28.489-07:00,,query_sent,outbound,get_commodity,pending,,periodic,6,0,,,,,,,
2026-08-15T03:41:28.593-07:00,,link_ack,inbound,get_commodity,ack,,link_layer,6,,,,,,,,
2026-08-15T03:41:28.760-07:00,,intermediate_response,inbound,get_commodity,success,,device_response,6,128,,,,,0,success,
2026-08-15T03:41:28.804-07:00,,query_completed,outbound,get_commodity,ok,,periodic,6,0,,,,,0,success,
2026-08-15T03:41:28.804-07:00,,query_sent,outbound,query_operational_state,pending,,periodic,18,0,,,,,,,
2026-08-15T03:41:28.968-07:00,,link_ack,inbound,query_operational_state,ack,,link_layer,18,,,,,,,,
2026-08-15T03:41:29.091-07:00,,operational_state,inbound,query_operational_state,received,,device_response,19,4,,,4,Idle Curtailed,,,
2026-08-15T03:41:29.132-07:00,,query_completed,outbound,query_operational_state,ok,,periodic,18,0,,,,,,,
2026-08-15T03:41:59.148-07:00,,query_sent,outbound,query_operational_state,pending,,periodic,18,0,,,,,,,
2026-08-15T03:41:59.255-07:00,,link_ack,inbound,query_operational_state,ack,,link_layer,18,,,,,,,,
2026-08-15T03:41:59.378-07:00,,operational_state,inbound,query_operational_state,received,,device_response,19,4,,,4,Idle Curtailed,,,
2026-08-15T03:41:59.419-07:00,,query_completed,outbound,query_operational_state,ok,,periodic,18,0,,,,,,,
2026-08-15T03:42:28.435-07:00,,query_sent,outbound,get_commodity,pending,,periodic,6,0,,,,,,,
2026-08-15T03:42:28.538-07:00,,link_ack,inbound,get_commodity,ack,,link_layer,6,,,,,,,,
2026-08-15T03:42:28.708-07:00,,intermediate_response,inbound,get_commodity,success,,device_response,6,128,,,,,0,success,
2026-08-15T03:42:28.751-07:00,,query_completed,outbound,get_commodity,ok,,periodic,6,0,,,,,0,success,
2026-08-15T03:42:28.752-07:00,,query_sent,outbound,query_operational_state,pending,,periodic,18,0,,,,,,,
2026-08-15T03:42:28.913-07:00,,link_ack,inbound,query_operational_state,ack,,link_layer,18,,,,,,,,
2026-08-15T03:42:29.037-07:00,,operational_state,inbound,query_operational_state,received,,device_response,19,4,,,4,Idle Curtailed,,,
2026-08-15T03:42:29.078-07:00,,query_completed,outbound,query_operational_state,ok,,periodic,18,0,,,,,,,
2026-08-15T03:42:59.095-07:00,,query_sent,outbound,query_operational_state,pending,,periodic,18,0,,,,,,,
2026-08-15T03:42:59.198-07:00,,link_ack,inbound,query_operational_state,ack,,link_layer,18,,,,,,,,
2026-08-15T03:42:59.322-07:00,,operational_state,inbound,query_operational_state,received,,device_response,19,4,,,4,Idle Curtailed,,,
2026-08-15T03:42:59.363-07:00,,query_completed,outbound,query_operational_state,ok,,periodic,18,0,,,,,,,
2026-08-15T03:43:28.379-07:00,,query_sent,outbound,get_commodity,pending,,periodic,6,0,,,,,,,
2026-08-15T03:43:28.481-07:00,,link_ack,inbound,get_commodity,ack,,link_layer,6,,,,,,,,
2026-08-15T03:43:28.649-07:00,,intermediate_response,inbound,get_commodity,success,,device_response,6,128,,,,,0,success,
2026-08-15T03:43:28.693-07:00,,query_completed,outbound,get_commodity,ok,,periodic,6,0,,,,,0,success,
2026-08-15T03:43:28.693-07:00,,query_sent,outbound,query_operational_state,pending,,periodic,18,0,,,,,,,
2026-08-15T03:43:28.855-07:00,,link_ack,inbound,query_operational_state,ack,,link_layer,18,,,,,,,,
2026-08-15T03:43:28.979-07:00,,operational_state,inbound,query_operational_state,received,,device_response,19,4,,,4,Idle Curtailed,,,
2026-08-15T03:43:29.019-07:00,,query_completed,outbound,query_operational_state,ok,,periodic,18,0,,,,,,,
2026-08-15T03:43:59.036-07:00,,query_sent,outbound,query_operational_state,pending,,periodic,18,0,,,,,,,
2026-08-15T03:43:59.139-07:00,,link_ack,inbound,query_operational_state,ack,,link_layer,18,,,,,,,,
2026-08-15T03:43:59.264-07:00,,operational_state,inbound,query_operational_state,received,,device_response,19,4,,,4,Idle Curtailed,,,
2026-08-15T03:43:59.304-07:00,,query_completed,outbound,query_operational_state,ok,,periodic,18,0,,,,,,,
2026-08-15T03:44:29.322-07:00,,query_sent,outbound,get_commodity,pending,,periodic,6,0,,,,,,,
2026-08-15T03:44:29.428-07:00,,link_ack,inbound,get_commodity,ack,,link_layer,6,,,,,,,,
2026-08-15T03:44:29.596-07:00,,intermediate_response,inbound,get_commodity,success,,device_response,6,128,,,,,0,success,
2026-08-15T03:44:29.639-07:00,,query_completed,outbound,get_commodity,ok,,periodic,6,0,,,,,0,success,
2026-08-15T03:44:29.640-07:00,,query_sent,outbound,query_operational_state,pending,,periodic,18,0,,,,,,,
2026-08-15T03:44:29.803-07:00,,link_ack,inbound,query_operational_state,ack,,link_layer,18,,,,,,,,
2026-08-15T03:44:29.927-07:00,,operational_state,inbound,query_operational_state,received,,device_response,19,4,,,4,Idle Curtailed,,,
2026-08-15T03:44:29.968-07:00,,query_completed,outbound,query_operational_state,ok,,periodic,18,0,,,,,,,
2026-08-15T03:44:58.984-07:00,,query_sent,outbound,query_operational_state,pending,,periodic,18,0,,,,,,,
2026-08-15T03:44:59.086-07:00,,link_ack,inbound,query_operational_state,ack,,link_layer,18,,,,,,,,
2026-08-15T03:44:59.210-07:00,,operational_state,inbound,query_operational_state,received,,device_response,19,4,,,4,Idle Curtailed,,,
2026-08-15T03:44:59.251-07:00,,query_completed,outbound,query_operational_state,ok,,periodic,18,0,,,,,,,
2026-08-15T03:45:28.266-07:00,auto_outside_comm_heartbeat_24,command_sent,outbound,outside_communication1,pending,0,schedule,14,0,,,,,,,
2026-08-15T03:45:28.370-07:00,,link_ack,inbound,outside_communication,ack,,link_layer,14,,,,,,,,
2026-08-15T03:45:28.494-07:00,,application_ack,inbound,outside_communication,ack,,application_layer,3,14,,,,,,,
2026-08-15T03:45:28.534-07:00,auto_outside_comm_heartbeat_24,command_completed,outbound,outside_communication1,ok,0,schedule,14,0,,,,,,,
2026-08-15T03:45:28.535-07:00,,query_sent,outbound,get_commodity,pending,,periodic,6,0,,,,,,,
2026-08-15T03:45:28.698-07:00,,link_ack,inbound,get_commodity,ack,,link_layer,6,,,,,,,,
2026-08-15T03:45:28.866-07:00,,intermediate_response,inbound,get_commodity,success,,device_response,6,128,,,,,0,success,
2026-08-15T03:45:28.910-07:00,,query_completed,outbound,get_commodity,ok,,periodic,6,0,,,,,0,success,
2026-08-15T03:45:28.910-07:00,,query_sent,outbound,query_operational_state,pending,,periodic,18,0,,,,,,,
2026-08-15T03:45:29.072-07:00,,link_ack,inbound,query_operational_state,ack,,link_layer,18,,,,,,,,
2026-08-15T03:45:29.197-07:00,,operational_state,inbound,query_operational_state,received,,device_response,19,4,,,4,Idle Curtailed,,,
2026-08-15T03:45:29.237-07:00,,query_completed,outbound,query_operational_state,ok,,periodic,18,0,,,,,,,
2026-08-15T03:45:59.254-07:00,,query_sent,outbound,query_operational_state,pending,,periodic,18,0,,,,,,,
2026-08-15T03:45:59.358-07:00,,link_ack,inbound,query_operational_state,ack,,link_layer,18,,,,,,,,
2026-08-15T03:45:59.482-07:00,,operational_state,inbound,query_operational_state,received,,device_response,19,4,,,4,Idle Curtailed,,,
2026-08-15T03:45:59.522-07:00,,query_completed,outbound,query_operational_state,ok,,periodic,18,0,,,,,,,
2026-08-15T03:46:28.539-07:00,,query_sent,outbound,get_commodity,pending,,periodic,6,0,,,,,,,
2026-08-15T03:46:28.642-07:00,,link_ack,inbound,get_commodity,ack,,link_layer,6,,,,,,,,
2026-08-15T03:46:28.811-07:00,,intermediate_response,inbound,get_commodity,success,,device_response,6,128,,,,,0,success,
2026-08-15T03:46:28.854-07:00,,query_completed,outbound,get_commodity,ok,,periodic,6,0,,,,,0,success,
2026-08-15T03:46:28.854-07:00,,query_sent,outbound,query_operational_state,pending,,periodic,18,0,,,,,,,
2026-08-15T03:46:29.017-07:00,,link_ack,inbound,query_operational_state,ack,,link_layer,18,,,,,,,,
2026-08-15T03:46:29.140-07:00,,operational_state,inbound,query_operational_state,received,,device_response,19,4,,,4,Idle Curtailed,,,
2026-08-15T03:46:29.181-07:00,,query_completed,outbound,query_operational_state,ok,,periodic,18,0,,,,,,,
2026-08-15T03:46:59.198-07:00,,query_sent,outbound,query_operational_state,pending,,periodic,18,0,,,,,,,
2026-08-15T03:46:59.303-07:00,,link_ack,inbound,query_operational_state,ack,,link_layer,18,,,,,,,,
2026-08-15T03:46:59.426-07:00,,operational_state,inbound,query_operational_state,received,,device_response,19,4,,,4,Idle Curtailed,,,
2026-08-15T03:46:59.467-07:00,,query_completed,outbound,query_operational_state,ok,,periodic,18,0,,,,,,,
2026-08-15T03:47:28.483-07:00,,query_sent,outbound,get_commodity,pending,,periodic,6,0,,,,,,,
2026-08-15T03:47:28.585-07:00,,link_ack,inbound,get_commodity,ack,,link_layer,6,,,,,,,,
2026-08-15T03:47:28.753-07:00,,intermediate_response,inbound,get_commodity,success,,device_response,6,128,,,,,0,success,
2026-08-15T03:47:28.797-07:00,,query_completed,outbound,get_commodity,ok,,periodic,6,0,,,,,0,success,
2026-08-15T03:47:28.797-07:00,,query_sent,outbound,query_operational_state,pending,,periodic,18,0,,,,,,,
2026-08-15T03:47:28.961-07:00,,link_ack,inbound,query_operational_state,ack,,link_layer,18,,,,,,,,
2026-08-15T03:47:29.084-07:00,,operational_state,inbound,query_operational_state,received,,device_response,19,4,,,4,Idle Curtailed,,,
2026-08-15T03:47:29.125-07:00,,query_completed,outbound,query_operational_state,ok,,periodic,18,0,,,,,,,
2026-08-15T03:47:59.142-07:00,,query_sent,outbound,query_operational_state,pending,,periodic,18,0,,,,,,,
2026-08-15T03:47:59.245-07:00,,link_ack,inbound,query_operational_state,ack,,link_layer,18,,,,,,,,
2026-08-15T03:47:59.368-07:00,,operational_state,inbound,query_operational_state,received,,device_response,19,4,,,4,Idle Curtailed,,,
2026-08-15T03:47:59.409-07:00,,query_completed,outbound,query_operational_state,ok,,periodic,18,0,,,,,,,
2026-08-15T03:48:28.425-07:00,,query_sent,outbound,get_commodity,pending,,periodic,6,0,,,,,,,
2026-08-15T03:48:28.530-07:00,,link_ack,inbound,get_commodity,ack,,link_layer,6,,,,,,,,
2026-08-15T03:48:28.699-07:00,,intermediate_response,inbound,get_commodity,success,,device_response,6,128,,,,,0,success,
2026-08-15T03:48:28.742-07:00,,query_completed,outbound,get_commodity,ok,,periodic,6,0,,,,,0,success,
2026-08-15T03:48:28.742-07:00,,query_sent,outbound,query_operational_state,pending,,periodic,18,0,,,,,,,
2026-08-15T03:48:28.905-07:00,,link_ack,inbound,query_operational_state,ack,,link_layer,18,,,,,,,,
2026-08-15T03:48:29.029-07:00,,operational_state,inbound,query_operational_state,received,,device_response,19,4,,,4,Idle Curtailed,,,
2026-08-15T03:48:29.070-07:00,,query_completed,outbound,query_operational_state,ok,,periodic,18,0,,,,,,,
2026-08-15T03:48:59.087-07:00,,query_sent,outbound,query_operational_state,pending,,periodic,18,0,,,,,,,
2026-08-15T03:48:59.190-07:00,,link_ack,inbound,query_operational_state,ack,,link_layer,18,,,,,,,,
2026-08-15T03:48:59.315-07:00,,operational_state,inbound,query_operational_state,received,,device_response,19,4,,,4,Idle Curtailed,,,
2026-08-15T03:48:59.355-07:00,,query_completed,outbound,query_operational_state,ok,,periodic,18,0,,,,,,,
2026-08-15T03:49:28.372-07:00,,query_sent,outbound,get_commodity,pending,,periodic,6,0,,,,,,,
2026-08-15T03:49:28.474-07:00,,link_ack,inbound,get_commodity,ack,,link_layer,6,,,,,,,,
2026-08-15T03:49:28.642-07:00,,intermediate_response,inbound,get_commodity,success,,device_response,6,128,,,,,0,success,
2026-08-15T03:49:28.686-07:00,,query_completed,outbound,get_commodity,ok,,periodic,6,0,,,,,0,success,
2026-08-15T03:49:28.686-07:00,,query_sent,outbound,query_operational_state,pending,,periodic,18,0,,,,,,,
2026-08-15T03:49:28.849-07:00,,link_ack,inbound,query_operational_state,ack,,link_layer,18,,,,,,,,
2026-08-15T03:49:28.973-07:00,,operational_state,inbound,query_operational_state,received,,device_response,19,4,,,4,Idle Curtailed,,,
2026-08-15T03:49:29.014-07:00,,query_completed,outbound,query_operational_state,ok,,periodic,18,0,,,,,,,
2026-08-15T03:49:59.031-07:00,,query_sent,outbound,query_operational_state,pending,,periodic,18,0,,,,,,,
2026-08-15T03:49:59.137-07:00,,link_ack,inbound,query_operational_state,ack,,link_layer,18,,,,,,,,
2026-08-15T03:49:59.261-07:00,,operational_state,inbound,query_operational_state,received,,device_response,19,4,,,4,Idle Curtailed,,,
2026-08-15T03:49:59.301-07:00,,query_completed,outbound,query_operational_state,ok,,periodic,18,0,,,,,,,
2026-08-15T03:50:29.318-07:00,,query_sent,outbound,get_commodity,pending,,periodic,6,0,,,,,,,
2026-08-15T03:50:29.428-07:00,,link_ack,inbound,get_commodity,ack,,link_layer,6,,,,,,,,
2026-08-15T03:50:29.596-07:00,,intermediate_response,inbound,get_commodity,success,,device_response,6,128,,,,,0,success,
2026-08-15T03:50:29.639-07:00,,query_completed,outbound,get_commodity,ok,,periodic,6,0,,,,,0,success,
2026-08-15T03:50:29.639-07:00,,query_sent,outbound,query_operational_state,pending,,periodic,18,0,,,,,,,
2026-08-15T03:50:29.804-07:00,,link_ack,inbound,query_operational_state,ack,,link_layer,18,,,,,,,,
2026-08-15T03:50:29.927-07:00,,operational_state,inbound,query_operational_state,received,,device_response,19,4,,,4,Idle Curtailed,,,
2026-08-15T03:50:29.967-07:00,,query_completed,outbound,query_operational_state,ok,,periodic,18,0,,,,,,,
2026-08-15T03:50:58.983-07:00,,query_sent,outbound,query_operational_state,pending,,periodic,18,0,,,,,,,
2026-08-15T03:50:59.087-07:00,,link_ack,inbound,query_operational_state,ack,,link_layer,18,,,,,,,,
2026-08-15T03:50:59.211-07:00,,operational_state,inbound,query_operational_state,received,,device_response,19,4,,,4,Idle Curtailed,,,
2026-08-15T03:50:59.251-07:00,,query_completed,outbound,query_operational_state,ok,,periodic,18,0,,,,,,,
2026-08-15T03:51:29.268-07:00,,query_sent,outbound,get_commodity,pending,,periodic,6,0,,,,,,,
2026-08-15T03:51:29.373-07:00,,link_ack,inbound,get_commodity,ack,,link_layer,6,,,,,,,,
2026-08-15T03:51:29.542-07:00,,intermediate_response,inbound,get_commodity,success,,device_response,6,128,,,,,0,success,
2026-08-15T03:51:29.586-07:00,,query_completed,outbound,get_commodity,ok,,periodic,6,0,,,,,0,success,
2026-08-15T03:51:29.586-07:00,,query_sent,outbound,query_operational_state,pending,,periodic,18,0,,,,,,,
2026-08-15T03:51:29.749-07:00,,link_ack,inbound,query_operational_state,ack,,link_layer,18,,,,,,,,
2026-08-15T03:51:29.872-07:00,,operational_state,inbound,query_operational_state,received,,device_response,19,4,,,4,Idle Curtailed,,,
2026-08-15T03:51:29.913-07:00,,query_completed,outbound,query_operational_state,ok,,periodic,18,0,,,,,,,
2026-08-15T03:51:58.929-07:00,,query_sent,outbound,query_operational_state,pending,,periodic,18,0,,,,,,,
2026-08-15T03:51:59.034-07:00,,link_ack,inbound,query_operational_state,ack,,link_layer,18,,,,,,,,
2026-08-15T03:51:59.157-07:00,,operational_state,inbound,query_operational_state,received,,device_response,19,4,,,4,Idle Curtailed,,,
2026-08-15T03:51:59.198-07:00,,query_completed,outbound,query_operational_state,ok,,periodic,18,0,,,,,,,
2026-08-15T03:52:29.214-07:00,,query_sent,outbound,get_commodity,pending,,periodic,6,0,,,,,,,
2026-08-15T03:52:29.322-07:00,,link_ack,inbound,get_commodity,ack,,link_layer,6,,,,,,,,
2026-08-15T03:52:29.492-07:00,,intermediate_response,inbound,get_commodity,success,,device_response,6,128,,,,,0,success,
2026-08-15T03:52:29.536-07:00,,query_completed,outbound,get_commodity,ok,,periodic,6,0,,,,,0,success,
2026-08-15T03:52:29.536-07:00,,query_sent,outbound,query_operational_state,pending,,periodic,18,0,,,,,,,
2026-08-15T03:52:29.699-07:00,,link_ack,inbound,query_operational_state,ack,,link_layer,18,,,,,,,,
2026-08-15T03:52:29.823-07:00,,operational_state,inbound,query_operational_state,received,,device_response,19,4,,,4,Idle Curtailed,,,
2026-08-15T03:52:29.864-07:00,,query_completed,outbound,query_operational_state,ok,,periodic,18,0,,,,,,,
2026-08-15T03:52:58.880-07:00,,query_sent,outbound,query_operational_state,pending,,periodic,18,0,,,,,,,
2026-08-15T03:52:58.983-07:00,,link_ack,inbound,query_operational_state,ack,,link_layer,18,,,,,,,,
2026-08-15T03:52:59.106-07:00,,operational_state,inbound,query_operational_state,received,,device_response,19,4,,,4,Idle Curtailed,,,
2026-08-15T03:52:59.146-07:00,,query_completed,outbound,query_operational_state,ok,,periodic,18,0,,,,,,,
2026-08-15T03:53:29.162-07:00,,query_sent,outbound,get_commodity,pending,,periodic,6,0,,,,,,,
2026-08-15T03:53:29.265-07:00,,link_ack,inbound,get_commodity,ack,,link_layer,6,,,,,,,,
2026-08-15T03:53:29.434-07:00,,intermediate_response,inbound,get_commodity,success,,device_response,6,128,,,,,0,success,
2026-08-15T03:53:29.477-07:00,,query_completed,outbound,get_commodity,ok,,periodic,6,0,,,,,0,success,
2026-08-15T03:53:29.477-07:00,,query_sent,outbound,query_operational_state,pending,,periodic,18,0,,,,,,,
2026-08-15T03:53:29.639-07:00,,link_ack,inbound,query_operational_state,ack,,link_layer,18,,,,,,,,
2026-08-15T03:53:29.763-07:00,,operational_state,inbound,query_operational_state,received,,device_response,19,4,,,4,Idle Curtailed,,,
2026-08-15T03:53:29.804-07:00,,query_completed,outbound,query_operational_state,ok,,periodic,18,0,,,,,,,
2026-08-15T03:53:58.820-07:00,,query_sent,outbound,query_operational_state,pending,,periodic,18,0,,,,,,,
2026-08-15T03:53:58.920-07:00,,link_ack,inbound,query_operational_state,ack,,link_layer,18,,,,,,,,
2026-08-15T03:53:59.045-07:00,,operational_state,inbound,query_operational_state,received,,device_response,19,4,,,4,Idle Curtailed,,,
2026-08-15T03:53:59.085-07:00,,query_completed,outbound,query_operational_state,ok,,periodic,18,0,,,,,,,
2026-08-15T03:54:29.102-07:00,,query_sent,outbound,get_commodity,pending,,periodic,6,0,,,,,,,
2026-08-15T03:54:29.206-07:00,,link_ack,inbound,get_commodity,ack,,link_layer,6,,,,,,,,
2026-08-15T03:54:29.375-07:00,,intermediate_response,inbound,get_commodity,success,,device_response,6,128,,,,,0,success,
2026-08-15T03:54:29.419-07:00,,query_completed,outbound,get_commodity,ok,,periodic,6,0,,,,,0,success,
2026-08-15T03:54:29.419-07:00,,query_sent,outbound,query_operational_state,pending,,periodic,18,0,,,,,,,
2026-08-15T03:54:29.584-07:00,,link_ack,inbound,query_operational_state,ack,,link_layer,18,,,,,,,,
2026-08-15T03:54:29.707-07:00,,operational_state,inbound,query_operational_state,received,,device_response,19,4,,,4,Idle Curtailed,,,
2026-08-15T03:54:29.747-07:00,,query_completed,outbound,query_operational_state,ok,,periodic,18,0,,,,,,,
2026-08-15T03:54:58.764-07:00,,query_sent,outbound,query_operational_state,pending,,periodic,18,0,,,,,,,
2026-08-15T03:54:58.866-07:00,,link_ack,inbound,query_operational_state,ack,,link_layer,18,,,,,,,,
2026-08-15T03:54:58.989-07:00,,operational_state,inbound,query_operational_state,received,,device_response,19,4,,,4,Idle Curtailed,,,
2026-08-15T03:54:59.030-07:00,,query_completed,outbound,query_operational_state,ok,,periodic,18,0,,,,,,,
2026-08-15T03:55:29.047-07:00,,query_sent,outbound,get_commodity,pending,,periodic,6,0,,,,,,,
2026-08-15T03:55:29.153-07:00,,link_ack,inbound,get_commodity,ack,,link_layer,6,,,,,,,,
2026-08-15T03:55:29.321-07:00,,intermediate_response,inbound,get_commodity,success,,device_response,6,128,,,,,0,success,
2026-08-15T03:55:29.364-07:00,,query_completed,outbound,get_commodity,ok,,periodic,6,0,,,,,0,success,
2026-08-15T03:55:29.365-07:00,,query_sent,outbound,query_operational_state,pending,,periodic,18,0,,,,,,,
2026-08-15T03:55:29.526-07:00,,link_ack,inbound,query_operational_state,ack,,link_layer,18,,,,,,,,
2026-08-15T03:55:29.651-07:00,,operational_state,inbound,query_operational_state,received,,device_response,19,4,,,4,Idle Curtailed,,,
2026-08-15T03:55:29.692-07:00,,query_completed,outbound,query_operational_state,ok,,periodic,18,0,,,,,,,
2026-08-15T03:55:58.708-07:00,,query_sent,outbound,query_operational_state,pending,,periodic,18,0,,,,,,,
2026-08-15T03:55:58.814-07:00,,link_ack,inbound,query_operational_state,ack,,link_layer,18,,,,,,,,
2026-08-15T03:55:58.937-07:00,,operational_state,inbound,query_operational_state,received,,device_response,19,4,,,4,Idle Curtailed,,,
2026-08-15T03:55:58.977-07:00,,query_completed,outbound,query_operational_state,ok,,periodic,18,0,,,,,,,
2026-08-15T03:56:28.994-07:00,,query_sent,outbound,get_commodity,pending,,periodic,6,0,,,,,,,
2026-08-15T03:56:29.097-07:00,,link_ack,inbound,get_commodity,ack,,link_layer,6,,,,,,,,
2026-08-15T03:56:29.265-07:00,,intermediate_response,inbound,get_commodity,success,,device_response,6,128,,,,,0,success,
2026-08-15T03:56:29.309-07:00,,query_completed,outbound,get_commodity,ok,,periodic,6,0,,,,,0,success,
2026-08-15T03:56:29.309-07:00,,query_sent,outbound,query_operational_state,pending,,periodic,18,0,,,,,,,
2026-08-15T03:56:29.471-07:00,,link_ack,inbound,query_operational_state,ack,,link_layer,18,,,,,,,,
2026-08-15T03:56:29.595-07:00,,operational_state,inbound,query_operational_state,received,,device_response,19,4,,,4,Idle Curtailed,,,
2026-08-15T03:56:29.635-07:00,,query_completed,outbound,query_operational_state,ok,,periodic,18,0,,,,,,,
2026-08-15T03:56:58.651-07:00,,query_sent,outbound,query_operational_state,pending,,periodic,18,0,,,,,,,
2026-08-15T03:56:58.755-07:00,,link_ack,inbound,query_operational_state,ack,,link_layer,18,,,,,,,,
2026-08-15T03:56:58.878-07:00,,operational_state,inbound,query_operational_state,received,,device_response,19,4,,,4,Idle Curtailed,,,
2026-08-15T03:56:58.919-07:00,,query_completed,outbound,query_operational_state,ok,,periodic,18,0,,,,,,,
2026-08-15T03:57:28.935-07:00,,query_sent,outbound,get_commodity,pending,,periodic,6,0,,,,,,,
2026-08-15T03:57:29.039-07:00,,link_ack,inbound,get_commodity,ack,,link_layer,6,,,,,,,,
2026-08-15T03:57:29.207-07:00,,intermediate_response,inbound,get_commodity,success,,device_response,6,128,,,,,0,success,
2026-08-15T03:57:29.250-07:00,,query_completed,outbound,get_commodity,ok,,periodic,6,0,,,,,0,success,
2026-08-15T03:57:29.250-07:00,,query_sent,outbound,query_operational_state,pending,,periodic,18,0,,,,,,,
2026-08-15T03:57:29.412-07:00,,link_ack,inbound,query_operational_state,ack,,link_layer,18,,,,,,,,
2026-08-15T03:57:29.536-07:00,,operational_state,inbound,query_operational_state,received,,device_response,19,4,,,4,Idle Curtailed,,,
2026-08-15T03:57:29.576-07:00,,query_completed,outbound,query_operational_state,ok,,periodic,18,0,,,,,,,
2026-08-15T03:57:58.592-07:00,,query_sent,outbound,query_operational_state,pending,,periodic,18,0,,,,,,,
2026-08-15T03:57:58.697-07:00,,link_ack,inbound,query_operational_state,ack,,link_layer,18,,,,,,,,
2026-08-15T03:57:58.820-07:00,,operational_state,inbound,query_operational_state,received,,device_response,19,4,,,4,Idle Curtailed,,,
2026-08-15T03:57:58.860-07:00,,query_completed,outbound,query_operational_state,ok,,periodic,18,0,,,,,,,
2026-08-15T03:58:28.877-07:00,,query_sent,outbound,get_commodity,pending,,periodic,6,0,,,,,,,
2026-08-15T03:58:28.982-07:00,,link_ack,inbound,get_commodity,ack,,link_layer,6,,,,,,,,
2026-08-15T03:58:29.151-07:00,,intermediate_response,inbound,get_commodity,success,,device_response,6,128,,,,,0,success,
2026-08-15T03:58:29.195-07:00,,query_completed,outbound,get_commodity,ok,,periodic,6,0,,,,,0,success,
2026-08-15T03:58:29.195-07:00,,query_sent,outbound,query_operational_state,pending,,periodic,18,0,,,,,,,
2026-08-15T03:58:29.356-07:00,,link_ack,inbound,query_operational_state,ack,,link_layer,18,,,,,,,,
2026-08-15T03:58:29.480-07:00,,operational_state,inbound,query_operational_state,received,,device_response,19,4,,,4,Idle Curtailed,,,
2026-08-15T03:58:29.521-07:00,,query_completed,outbound,query_operational_state,ok,,periodic,18,0,,,,,,,
2026-08-15T03:58:58.537-07:00,auto_outside_comm_heartbeat_25,command_sent,outbound,outside_communication1,pending,0,schedule,14,0,,,,,,,
2026-08-15T03:58:58.639-07:00,,link_ack,inbound,outside_communication,ack,,link_layer,14,,,,,,,,
2026-08-15T03:58:58.764-07:00,,application_ack,inbound,outside_communication,ack,,application_layer,3,14,,,,,,,
2026-08-15T03:58:58.805-07:00,auto_outside_comm_heartbeat_25,command_completed,outbound,outside_communication1,ok,0,schedule,14,0,,,,,,,
2026-08-15T03:58:58.806-07:00,,query_sent,outbound,query_operational_state,pending,,periodic,18,0,,,,,,,
2026-08-15T03:58:58.968-07:00,,link_ack,inbound,query_operational_state,ack,,link_layer,18,,,,,,,,
2026-08-15T03:58:59.092-07:00,,operational_state,inbound,query_operational_state,received,,device_response,19,4,,,4,Idle Curtailed,,,
2026-08-15T03:58:59.132-07:00,,query_completed,outbound,query_operational_state,ok,,periodic,18,0,,,,,,,
2026-08-15T03:59:29.147-07:00,,query_sent,outbound,get_commodity,pending,,periodic,6,0,,,,,,,
2026-08-15T03:59:29.255-07:00,,link_ack,inbound,get_commodity,ack,,link_layer,6,,,,,,,,
2026-08-15T03:59:29.424-07:00,,intermediate_response,inbound,get_commodity,success,,device_response,6,128,,,,,0,success,
2026-08-15T03:59:29.467-07:00,,query_completed,outbound,get_commodity,ok,,periodic,6,0,,,,,0,success,
2026-08-15T03:59:29.467-07:00,,query_sent,outbound,query_operational_state,pending,,periodic,18,0,,,,,,,
2026-08-15T03:59:29.629-07:00,,link_ack,inbound,query_operational_state,ack,,link_layer,18,,,,,,,,
2026-08-15T03:59:29.754-07:00,,operational_state,inbound,query_operational_state,received,,device_response,19,4,,,4,Idle Curtailed,,,
2026-08-15T03:59:29.795-07:00,,query_completed,outbound,query_operational_state,ok,,periodic,18,0,,,,,,,
2026-08-15T03:59:58.810-07:00,,query_sent,outbound,query_operational_state,pending,,periodic,18,0,,,,,,,
2026-08-15T03:59:58.915-07:00,,link_ack,inbound,query_operational_state,ack,,link_layer,18,,,,,,,,
2026-08-15T03:59:59.040-07:00,,operational_state,inbound,query_operational_state,received,,device_response,19,4,,,4,Idle Curtailed,,,
2026-08-15T03:59:59.080-07:00,,query_completed,outbound,query_operational_state,ok,,periodic,18,0,,,,,,,
2026-08-15T04:00:29.096-07:00,,query_sent,outbound,get_commodity,pending,,periodic,6,0,,,,,,,
2026-08-15T04:00:29.197-07:00,,link_ack,inbound,get_commodity,ack,,link_layer,6,,,,,,,,
2026-08-15T04:00:29.366-07:00,,intermediate_response,inbound,get_commodity,success,,device_response,6,128,,,,,0,success,
2026-08-15T04:00:29.410-07:00,,query_completed,outbound,get_commodity,ok,,periodic,6,0,,,,,0,success,
2026-08-15T04:00:29.410-07:00,,query_sent,outbound,query_operational_state,pending,,periodic,18,0,,,,,,,
2026-08-15T04:00:29.572-07:00,,link_ack,inbound,query_operational_state,ack,,link_layer,18,,,,,,,,
2026-08-15T04:00:29.695-07:00,,operational_state,inbound,query_operational_state,received,,device_response,19,4,,,4,Idle Curtailed,,,
2026-08-15T04:00:29.736-07:00,,query_completed,outbound,query_operational_state,ok,,periodic,18,0,,,,,,,
2026-08-15T04:00:58.752-07:00,,query_sent,outbound,query_operational_state,pending,,periodic,18,0,,,,,,,
2026-08-15T04:00:58.852-07:00,,link_ack,inbound,query_operational_state,ack,,link_layer,18,,,,,,,,
2026-08-15T04:00:58.977-07:00,,operational_state,inbound,query_operational_state,received,,device_response,19,4,,,4,Idle Curtailed,,,
2026-08-15T04:00:59.018-07:00,,query_completed,outbound,query_operational_state,ok,,periodic,18,0,,,,,,,
2026-08-15T04:01:28.033-07:00,auto_outside_comm_for_advanced_load_up_2,command_sent,outbound,outside_communication1,pending,0,schedule,14,0,,,,,,,
2026-08-15T04:01:28.136-07:00,,link_ack,inbound,outside_communication,ack,,link_layer,14,,,,,,,,
2026-08-15T04:01:28.261-07:00,,application_ack,inbound,outside_communication,ack,,application_layer,3,14,,,,,,,
2026-08-15T04:01:28.302-07:00,auto_outside_comm_for_advanced_load_up_2,command_completed,outbound,outside_communication1,ok,0,schedule,14,0,,,,,,,
2026-08-15T04:01:29.303-07:00,,query_sent,outbound,get_commodity,pending,,periodic,6,0,,,,,,,
2026-08-15T04:01:29.368-07:00,,link_ack,inbound,get_commodity,ack,,link_layer,6,,,,,,,,
2026-08-15T04:01:29.535-07:00,,intermediate_response,inbound,get_commodity,success,,device_response,6,128,,,,,0,success,
2026-08-15T04:01:29.579-07:00,,query_completed,outbound,get_commodity,ok,,periodic,6,0,,,,,0,success,
2026-08-15T04:01:29.579-07:00,,query_sent,outbound,query_operational_state,pending,,periodic,18,0,,,,,,,
2026-08-15T04:01:29.743-07:00,,link_ack,inbound,query_operational_state,ack,,link_layer,18,,,,,,,,
2026-08-15T04:01:29.867-07:00,,operational_state,inbound,query_operational_state,received,,device_response,19,4,,,4,Idle Curtailed,,,
2026-08-15T04:01:29.907-07:00,,query_completed,outbound,query_operational_state,ok,,periodic,18,0,,,,,,,
2026-08-15T04:01:43.915-07:00,advanced_load_up_2,command_sent,outbound,advanced_load_up,pending,duration_minutes=0;value=100;units=2;efficiency=9,schedule,12,,,,,,,,
2026-08-15T04:01:44.002-07:00,,link_ack,inbound,advanced_load_up,ack,,link_layer,12,,,,,,,,
2026-08-15T04:01:44.126-07:00,,intermediate_response,inbound,advanced_load_up,success,,device_response,12,128,,,,,0,success,
2026-08-15T04:01:44.167-07:00,advanced_load_up_2,command_completed,outbound,advanced_load_up,ok,duration_minutes=0;value=100;units=2;efficiency=9,schedule,12,,,,,,0,success,
2026-08-15T04:01:54.173-07:00,advanced_load_up_2,verification_sent,outbound,get_advanced_load_up,pending,delay_seconds=10,automatic_delayed_readback,12,0,,,,,,,
2026-08-15T04:01:54.251-07:00,,link_ack,inbound,get_advanced_load_up,ack,,link_layer,12,,,,,,,,
2026-08-15T04:01:54.378-07:00,,advanced_load_up_readback,inbound,get_advanced_load_up,success,duration_minutes=0;value=100;units=2;efficiency=not_reported;efficiency_status=not_reported;payload_length=8,device_response,12,128,,,,,0,success,
2026-08-15T04:01:54.418-07:00,advanced_load_up_2,verification_completed,outbound,get_advanced_load_up,ok,delay_seconds=10,automatic_delayed_readback,12,0,,,,,0,success,
2026-08-15T04:01:58.421-07:00,,query_sent,outbound,query_operational_state,pending,,periodic,18,0,,,,,,,
2026-08-15T04:01:58.490-07:00,,link_ack,inbound,query_operational_state,ack,,link_layer,18,,,,,,,,
2026-08-15T04:01:58.613-07:00,,operational_state,inbound,query_operational_state,received,,device_response,19,1,,,1,Running Normal,,,
2026-08-15T04:01:58.654-07:00,,query_completed,outbound,query_operational_state,ok,,periodic,18,0,,,,,,,
2026-08-15T04:02:28.668-07:00,,query_sent,outbound,get_commodity,pending,,periodic,6,0,,,,,,,
2026-08-15T04:02:28.778-07:00,,link_ack,inbound,get_commodity,ack,,link_layer,6,,,,,,,,
2026-08-15T04:02:28.946-07:00,,intermediate_response,inbound,get_commodity,success,,device_response,6,128,,,,,0,success,
2026-08-15T04:02:28.990-07:00,,query_completed,outbound,get_commodity,ok,,periodic,6,0,,,,,0,success,
2026-08-15T04:02:28.990-07:00,,query_sent,outbound,query_operational_state,pending,,periodic,18,0,,,,,,,
2026-08-15T04:02:29.152-07:00,,link_ack,inbound,query_operational_state,ack,,link_layer,18,,,,,,,,
2026-08-15T04:02:29.276-07:00,,operational_state,inbound,query_operational_state,received,,device_response,19,1,,,1,Running Normal,,,
2026-08-15T04:02:29.316-07:00,,query_completed,outbound,query_operational_state,ok,,periodic,18,0,,,,,,,
2026-08-15T04:02:59.331-07:00,,query_sent,outbound,query_operational_state,pending,,periodic,18,0,,,,,,,
2026-08-15T04:02:59.437-07:00,,link_ack,inbound,query_operational_state,ack,,link_layer,18,,,,,,,,
2026-08-15T04:02:59.560-07:00,,operational_state,inbound,query_operational_state,received,,device_response,19,1,,,1,Running Normal,,,
2026-08-15T04:02:59.601-07:00,,query_completed,outbound,query_operational_state,ok,,periodic,18,0,,,,,,,
2026-08-15T04:03:28.614-07:00,,query_sent,outbound,get_commodity,pending,,periodic,6,0,,,,,,,
2026-08-15T04:03:28.719-07:00,,link_ack,inbound,get_commodity,ack,,link_layer,6,,,,,,,,
2026-08-15T04:03:28.889-07:00,,intermediate_response,inbound,get_commodity,success,,device_response,6,128,,,,,0,success,
2026-08-15T04:03:28.933-07:00,,query_completed,outbound,get_commodity,ok,,periodic,6,0,,,,,0,success,
2026-08-15T04:03:28.933-07:00,,query_sent,outbound,query_operational_state,pending,,periodic,18,0,,,,,,,
2026-08-15T04:03:29.095-07:00,,link_ack,inbound,query_operational_state,ack,,link_layer,18,,,,,,,,
2026-08-15T04:03:29.218-07:00,,operational_state,inbound,query_operational_state,received,,device_response,19,1,,,1,Running Normal,,,
2026-08-15T04:03:29.259-07:00,,query_completed,outbound,query_operational_state,ok,,periodic,18,0,,,,,,,
2026-08-15T04:03:59.273-07:00,,query_sent,outbound,query_operational_state,pending,,periodic,18,0,,,,,,,
2026-08-15T04:03:59.381-07:00,,link_ack,inbound,query_operational_state,ack,,link_layer,18,,,,,,,,
2026-08-15T04:03:59.505-07:00,,operational_state,inbound,query_operational_state,received,,device_response,19,1,,,1,Running Normal,,,
2026-08-15T04:03:59.545-07:00,,query_completed,outbound,query_operational_state,ok,,periodic,18,0,,,,,,,
2026-08-15T04:04:28.559-07:00,,query_sent,outbound,get_commodity,pending,,periodic,6,0,,,,,,,
2026-08-15T04:04:28.663-07:00,,link_ack,inbound,get_commodity,ack,,link_layer,6,,,,,,,,
2026-08-15T04:04:28.832-07:00,,intermediate_response,inbound,get_commodity,success,,device_response,6,128,,,,,0,success,
2026-08-15T04:04:28.875-07:00,,query_completed,outbound,get_commodity,ok,,periodic,6,0,,,,,0,success,
2026-08-15T04:04:28.875-07:00,,query_sent,outbound,query_operational_state,pending,,periodic,18,0,,,,,,,
2026-08-15T04:04:29.037-07:00,,link_ack,inbound,query_operational_state,ack,,link_layer,18,,,,,,,,
2026-08-15T04:04:29.161-07:00,,operational_state,inbound,query_operational_state,received,,device_response,19,1,,,1,Running Normal,,,
2026-08-15T04:04:29.202-07:00,,query_completed,outbound,query_operational_state,ok,,periodic,18,0,,,,,,,
2026-08-15T04:04:59.216-07:00,,query_sent,outbound,query_operational_state,pending,,periodic,18,0,,,,,,,
2026-08-15T04:04:59.321-07:00,,link_ack,inbound,query_operational_state,ack,,link_layer,18,,,,,,,,
2026-08-15T04:04:59.444-07:00,,operational_state,inbound,query_operational_state,received,,device_response,19,1,,,1,Running Normal,,,
2026-08-15T04:04:59.485-07:00,,query_completed,outbound,query_operational_state,ok,,periodic,18,0,,,,,,,
2026-08-15T04:05:28.499-07:00,,query_sent,outbound,get_commodity,pending,,periodic,6,0,,,,,,,
2026-08-15T04:05:28.603-07:00,,link_ack,inbound,get_commodity,ack,,link_layer,6,,,,,,,,
2026-08-15T04:05:28.772-07:00,,intermediate_response,inbound,get_commodity,success,,device_response,6,128,,,,,0,success,
2026-08-15T04:05:28.815-07:00,,query_completed,outbound,get_commodity,ok,,periodic,6,0,,,,,0,success,
2026-08-15T04:05:28.816-07:00,,query_sent,outbound,query_operational_state,pending,,periodic,18,0,,,,,,,
2026-08-15T04:05:28.977-07:00,,link_ack,inbound,query_operational_state,ack,,link_layer,18,,,,,,,,
2026-08-15T04:05:29.101-07:00,,operational_state,inbound,query_operational_state,received,,device_response,19,1,,,1,Running Normal,,,
2026-08-15T04:05:29.142-07:00,,query_completed,outbound,query_operational_state,ok,,periodic,18,0,,,,,,,
2026-08-15T04:05:59.156-07:00,,query_sent,outbound,query_operational_state,pending,,periodic,18,0,,,,,,,
2026-08-15T04:05:59.263-07:00,,link_ack,inbound,query_operational_state,ack,,link_layer,18,,,,,,,,
2026-08-15T04:05:59.386-07:00,,operational_state,inbound,query_operational_state,received,,device_response,19,1,,,1,Running Normal,,,
2026-08-15T04:05:59.427-07:00,,query_completed,outbound,query_operational_state,ok,,periodic,18,0,,,,,,,
2026-08-15T04:06:28.441-07:00,,query_sent,outbound,get_commodity,pending,,periodic,6,0,,,,,,,
2026-08-15T04:06:28.547-07:00,,link_ack,inbound,get_commodity,ack,,link_layer,6,,,,,,,,
2026-08-15T04:06:28.715-07:00,,intermediate_response,inbound,get_commodity,success,,device_response,6,128,,,,,0,success,
2026-08-15T04:06:28.759-07:00,,query_completed,outbound,get_commodity,ok,,periodic,6,0,,,,,0,success,
2026-08-15T04:06:28.759-07:00,,query_sent,outbound,query_operational_state,pending,,periodic,18,0,,,,,,,
2026-08-15T04:06:28.921-07:00,,link_ack,inbound,query_operational_state,ack,,link_layer,18,,,,,,,,
2026-08-15T04:06:29.045-07:00,,operational_state,inbound,query_operational_state,received,,device_response,19,1,,,1,Running Normal,,,
2026-08-15T04:06:29.086-07:00,,query_completed,outbound,query_operational_state,ok,,periodic,18,0,,,,,,,
2026-08-15T04:06:59.100-07:00,,query_sent,outbound,query_operational_state,pending,,periodic,18,0,,,,,,,
2026-08-15T04:06:59.207-07:00,,link_ack,inbound,query_operational_state,ack,,link_layer,18,,,,,,,,
2026-08-15T04:06:59.330-07:00,,operational_state,inbound,query_operational_state,received,,device_response,19,1,,,1,Running Normal,,,
2026-08-15T04:06:59.371-07:00,,query_completed,outbound,query_operational_state,ok,,periodic,18,0,,,,,,,
2026-08-15T04:07:28.385-07:00,,query_sent,outbound,get_commodity,pending,,periodic,6,0,,,,,,,
2026-08-15T04:07:28.494-07:00,,link_ack,inbound,get_commodity,ack,,link_layer,6,,,,,,,,
2026-08-15T04:07:28.663-07:00,,intermediate_response,inbound,get_commodity,success,,device_response,6,128,,,,,0,success,
2026-08-15T04:07:28.706-07:00,,query_completed,outbound,get_commodity,ok,,periodic,6,0,,,,,0,success,
2026-08-15T04:07:28.707-07:00,,query_sent,outbound,query_operational_state,pending,,periodic,18,0,,,,,,,
2026-08-15T04:07:28.869-07:00,,link_ack,inbound,query_operational_state,ack,,link_layer,18,,,,,,,,
2026-08-15T04:07:28.992-07:00,,operational_state,inbound,query_operational_state,received,,device_response,19,1,,,1,Running Normal,,,
2026-08-15T04:07:29.033-07:00,,query_completed,outbound,query_operational_state,ok,,periodic,18,0,,,,,,,
2026-08-15T04:07:59.047-07:00,,query_sent,outbound,query_operational_state,pending,,periodic,18,0,,,,,,,
2026-08-15T04:07:59.155-07:00,,link_ack,inbound,query_operational_state,ack,,link_layer,18,,,,,,,,
2026-08-15T04:07:59.280-07:00,,operational_state,inbound,query_operational_state,received,,device_response,19,1,,,1,Running Normal,,,
2026-08-15T04:07:59.320-07:00,,query_completed,outbound,query_operational_state,ok,,periodic,18,0,,,,,,,
2026-08-15T04:08:29.335-07:00,,query_sent,outbound,get_commodity,pending,,periodic,6,0,,,,,,,
2026-08-15T04:08:29.442-07:00,,link_ack,inbound,get_commodity,ack,,link_layer,6,,,,,,,,
2026-08-15T04:08:29.611-07:00,,intermediate_response,inbound,get_commodity,success,,device_response,6,128,,,,,0,success,
2026-08-15T04:08:29.654-07:00,,query_completed,outbound,get_commodity,ok,,periodic,6,0,,,,,0,success,
2026-08-15T04:08:29.655-07:00,,query_sent,outbound,query_operational_state,pending,,periodic,18,0,,,,,,,
2026-08-15T04:08:29.816-07:00,,link_ack,inbound,query_operational_state,ack,,link_layer,18,,,,,,,,
2026-08-15T04:08:29.940-07:00,,operational_state,inbound,query_operational_state,received,,device_response,19,1,,,1,Running Normal,,,
2026-08-15T04:08:29.981-07:00,,query_completed,outbound,query_operational_state,ok,,periodic,18,0,,,,,,,
2026-08-15T04:08:58.995-07:00,,query_sent,outbound,query_operational_state,pending,,periodic,18,0,,,,,,,
2026-08-15T04:08:59.104-07:00,,link_ack,inbound,query_operational_state,ack,,link_layer,18,,,,,,,,
2026-08-15T04:08:59.227-07:00,,operational_state,inbound,query_operational_state,received,,device_response,19,1,,,1,Running Normal,,,
2026-08-15T04:08:59.268-07:00,,query_completed,outbound,query_operational_state,ok,,periodic,18,0,,,,,,,
2026-08-15T04:09:29.282-07:00,,query_sent,outbound,get_commodity,pending,,periodic,6,0,,,,,,,
2026-08-15T04:09:29.385-07:00,,link_ack,inbound,get_commodity,ack,,link_layer,6,,,,,,,,
2026-08-15T04:09:29.555-07:00,,intermediate_response,inbound,get_commodity,success,,device_response,6,128,,,,,0,success,
2026-08-15T04:09:29.598-07:00,,query_completed,outbound,get_commodity,ok,,periodic,6,0,,,,,0,success,
2026-08-15T04:09:29.599-07:00,,query_sent,outbound,query_operational_state,pending,,periodic,18,0,,,,,,,
2026-08-15T04:09:29.762-07:00,,link_ack,inbound,query_operational_state,ack,,link_layer,18,,,,,,,,
2026-08-15T04:09:29.886-07:00,,operational_state,inbound,query_operational_state,received,,device_response,19,1,,,1,Running Normal,,,
2026-08-15T04:09:29.927-07:00,,query_completed,outbound,query_operational_state,ok,,periodic,18,0,,,,,,,
2026-08-15T04:09:58.941-07:00,,query_sent,outbound,query_operational_state,pending,,periodic,18,0,,,,,,,
2026-08-15T04:09:59.043-07:00,,link_ack,inbound,query_operational_state,ack,,link_layer,18,,,,,,,,
2026-08-15T04:09:59.167-07:00,,operational_state,inbound,query_operational_state,received,,device_response,19,1,,,1,Running Normal,,,
2026-08-15T04:09:59.208-07:00,,query_completed,outbound,query_operational_state,ok,,periodic,18,0,,,,,,,
2026-08-15T04:10:29.222-07:00,,query_sent,outbound,get_commodity,pending,,periodic,6,0,,,,,,,
2026-08-15T04:10:29.327-07:00,,link_ack,inbound,get_commodity,ack,,link_layer,6,,,,,,,,
2026-08-15T04:10:29.496-07:00,,intermediate_response,inbound,get_commodity,success,,device_response,6,128,,,,,0,success,
2026-08-15T04:10:29.540-07:00,,query_completed,outbound,get_commodity,ok,,periodic,6,0,,,,,0,success,
2026-08-15T04:10:29.540-07:00,,query_sent,outbound,query_operational_state,pending,,periodic,18,0,,,,,,,
2026-08-15T04:10:29.701-07:00,,link_ack,inbound,query_operational_state,ack,,link_layer,18,,,,,,,,
2026-08-15T04:10:29.825-07:00,,operational_state,inbound,query_operational_state,received,,device_response,19,1,,,1,Running Normal,,,
2026-08-15T04:10:29.866-07:00,,query_completed,outbound,query_operational_state,ok,,periodic,18,0,,,,,,,
2026-08-15T04:10:58.880-07:00,,query_sent,outbound,query_operational_state,pending,,periodic,18,0,,,,,,,
2026-08-15T04:10:58.985-07:00,,link_ack,inbound,query_operational_state,ack,,link_layer,18,,,,,,,,
2026-08-15T04:10:59.109-07:00,,operational_state,inbound,query_operational_state,received,,device_response,19,1,,,1,Running Normal,,,
2026-08-15T04:10:59.150-07:00,,query_completed,outbound,query_operational_state,ok,,periodic,18,0,,,,,,,
2026-08-15T04:11:29.164-07:00,,query_sent,outbound,get_commodity,pending,,periodic,6,0,,,,,,,
2026-08-15T04:11:29.271-07:00,,link_ack,inbound,get_commodity,ack,,link_layer,6,,,,,,,,
2026-08-15T04:11:29.440-07:00,,intermediate_response,inbound,get_commodity,success,,device_response,6,128,,,,,0,success,
2026-08-15T04:11:29.484-07:00,,query_completed,outbound,get_commodity,ok,,periodic,6,0,,,,,0,success,
2026-08-15T04:11:29.484-07:00,,query_sent,outbound,query_operational_state,pending,,periodic,18,0,,,,,,,
2026-08-15T04:11:29.647-07:00,,link_ack,inbound,query_operational_state,ack,,link_layer,18,,,,,,,,
2026-08-15T04:11:29.772-07:00,,operational_state,inbound,query_operational_state,received,,device_response,19,1,,,1,Running Normal,,,
2026-08-15T04:11:29.812-07:00,,query_completed,outbound,query_operational_state,ok,,periodic,18,0,,,,,,,
2026-08-15T04:11:58.826-07:00,,query_sent,outbound,query_operational_state,pending,,periodic,18,0,,,,,,,
2026-08-15T04:11:58.931-07:00,,link_ack,inbound,query_operational_state,ack,,link_layer,18,,,,,,,,
2026-08-15T04:11:59.054-07:00,,operational_state,inbound,query_operational_state,received,,device_response,19,1,,,1,Running Normal,,,
2026-08-15T04:11:59.095-07:00,,query_completed,outbound,query_operational_state,ok,,periodic,18,0,,,,,,,
2026-08-15T04:12:28.109-07:00,auto_outside_comm_heartbeat_26,command_sent,outbound,outside_communication1,pending,0,schedule,14,0,,,,,,,
2026-08-15T04:12:28.214-07:00,,link_ack,inbound,outside_communication,ack,,link_layer,14,,,,,,,,
2026-08-15T04:12:28.337-07:00,,application_ack,inbound,outside_communication,ack,,application_layer,3,14,,,,,,,
2026-08-15T04:12:28.377-07:00,auto_outside_comm_heartbeat_26,command_completed,outbound,outside_communication1,ok,0,schedule,14,0,,,,,,,
2026-08-15T04:12:28.379-07:00,,query_sent,outbound,get_commodity,pending,,periodic,6,0,,,,,,,
2026-08-15T04:12:28.539-07:00,,link_ack,inbound,get_commodity,ack,,link_layer,6,,,,,,,,
2026-08-15T04:12:28.708-07:00,,intermediate_response,inbound,get_commodity,success,,device_response,6,128,,,,,0,success,
2026-08-15T04:12:28.752-07:00,,query_completed,outbound,get_commodity,ok,,periodic,6,0,,,,,0,success,
2026-08-15T04:12:28.752-07:00,,query_sent,outbound,query_operational_state,pending,,periodic,18,0,,,,,,,
2026-08-15T04:12:28.914-07:00,,link_ack,inbound,query_operational_state,ack,,link_layer,18,,,,,,,,
2026-08-15T04:12:29.038-07:00,,operational_state,inbound,query_operational_state,received,,device_response,19,1,,,1,Running Normal,,,
2026-08-15T04:12:29.078-07:00,,query_completed,outbound,query_operational_state,ok,,periodic,18,0,,,,,,,
2026-08-15T04:12:59.093-07:00,,query_sent,outbound,query_operational_state,pending,,periodic,18,0,,,,,,,
2026-08-15T04:12:59.199-07:00,,link_ack,inbound,query_operational_state,ack,,link_layer,18,,,,,,,,
2026-08-15T04:12:59.324-07:00,,operational_state,inbound,query_operational_state,received,,device_response,19,1,,,1,Running Normal,,,
2026-08-15T04:12:59.364-07:00,,query_completed,outbound,query_operational_state,ok,,periodic,18,0,,,,,,,
2026-08-15T04:13:28.378-07:00,,query_sent,outbound,get_commodity,pending,,periodic,6,0,,,,,,,
2026-08-15T04:13:28.481-07:00,,link_ack,inbound,get_commodity,ack,,link_layer,6,,,,,,,,
2026-08-15T04:13:28.651-07:00,,intermediate_response,inbound,get_commodity,success,,device_response,6,128,,,,,0,success,
2026-08-15T04:13:28.695-07:00,,query_completed,outbound,get_commodity,ok,,periodic,6,0,,,,,0,success,
2026-08-15T04:13:28.695-07:00,,query_sent,outbound,query_operational_state,pending,,periodic,18,0,,,,,,,
2026-08-15T04:13:28.858-07:00,,link_ack,inbound,query_operational_state,ack,,link_layer,18,,,,,,,,
2026-08-15T04:13:28.982-07:00,,operational_state,inbound,query_operational_state,received,,device_response,19,1,,,1,Running Normal,,,
2026-08-15T04:13:29.023-07:00,,query_completed,outbound,query_operational_state,ok,,periodic,18,0,,,,,,,
2026-08-15T04:13:59.037-07:00,,query_sent,outbound,query_operational_state,pending,,periodic,18,0,,,,,,,
2026-08-15T04:13:59.144-07:00,,link_ack,inbound,query_operational_state,ack,,link_layer,18,,,,,,,,
2026-08-15T04:13:59.267-07:00,,operational_state,inbound,query_operational_state,received,,device_response,19,1,,,1,Running Normal,,,
2026-08-15T04:13:59.308-07:00,,query_completed,outbound,query_operational_state,ok,,periodic,18,0,,,,,,,
2026-08-15T04:14:29.322-07:00,,query_sent,outbound,get_commodity,pending,,periodic,6,0,,,,,,,
2026-08-15T04:14:29.429-07:00,,link_ack,inbound,get_commodity,ack,,link_layer,6,,,,,,,,
2026-08-15T04:14:29.598-07:00,,intermediate_response,inbound,get_commodity,success,,device_response,6,128,,,,,0,success,
2026-08-15T04:14:29.641-07:00,,query_completed,outbound,get_commodity,ok,,periodic,6,0,,,,,0,success,
2026-08-15T04:14:29.641-07:00,,query_sent,outbound,query_operational_state,pending,,periodic,18,0,,,,,,,
2026-08-15T04:14:29.803-07:00,,link_ack,inbound,query_operational_state,ack,,link_layer,18,,,,,,,,
2026-08-15T04:14:29.927-07:00,,operational_state,inbound,query_operational_state,received,,device_response,19,1,,,1,Running Normal,,,
2026-08-15T04:14:29.968-07:00,,query_completed,outbound,query_operational_state,ok,,periodic,18,0,,,,,,,
2026-08-15T04:14:58.981-07:00,,query_sent,outbound,query_operational_state,pending,,periodic,18,0,,,,,,,
2026-08-15T04:14:59.087-07:00,,link_ack,inbound,query_operational_state,ack,,link_layer,18,,,,,,,,
2026-08-15T04:14:59.211-07:00,,operational_state,inbound,query_operational_state,received,,device_response,19,1,,,1,Running Normal,,,
2026-08-15T04:14:59.251-07:00,,query_completed,outbound,query_operational_state,ok,,periodic,18,0,,,,,,,
2026-08-15T04:15:29.265-07:00,,query_sent,outbound,get_commodity,pending,,periodic,6,0,,,,,,,
2026-08-15T04:15:29.372-07:00,,link_ack,inbound,get_commodity,ack,,link_layer,6,,,,,,,,
2026-08-15T04:15:29.540-07:00,,intermediate_response,inbound,get_commodity,success,,device_response,6,128,,,,,0,success,
2026-08-15T04:15:29.583-07:00,,query_completed,outbound,get_commodity,ok,,periodic,6,0,,,,,0,success,
2026-08-15T04:15:29.584-07:00,,query_sent,outbound,query_operational_state,pending,,periodic,18,0,,,,,,,
2026-08-15T04:15:29.745-07:00,,link_ack,inbound,query_operational_state,ack,,link_layer,18,,,,,,,,
2026-08-15T04:15:29.870-07:00,,operational_state,inbound,query_operational_state,received,,device_response,19,1,,,1,Running Normal,,,
2026-08-15T04:15:29.911-07:00,,query_completed,outbound,query_operational_state,ok,,periodic,18,0,,,,,,,
2026-08-15T04:15:58.924-07:00,,query_sent,outbound,query_operational_state,pending,,periodic,18,0,,,,,,,
2026-08-15T04:15:59.027-07:00,,link_ack,inbound,query_operational_state,ack,,link_layer,18,,,,,,,,
2026-08-15T04:15:59.151-07:00,,operational_state,inbound,query_operational_state,received,,device_response,19,1,,,1,Running Normal,,,
2026-08-15T04:15:59.191-07:00,,query_completed,outbound,query_operational_state,ok,,periodic,18,0,,,,,,,
2026-08-15T04:16:29.205-07:00,,query_sent,outbound,get_commodity,pending,,periodic,6,0,,,,,,,
2026-08-15T04:16:29.311-07:00,,link_ack,inbound,get_commodity,ack,,link_layer,6,,,,,,,,
2026-08-15T04:16:29.479-07:00,,intermediate_response,inbound,get_commodity,success,,device_response,6,128,,,,,0,success,
2026-08-15T04:16:29.522-07:00,,query_completed,outbound,get_commodity,ok,,periodic,6,0,,,,,0,success,
2026-08-15T04:16:29.523-07:00,,query_sent,outbound,query_operational_state,pending,,periodic,18,0,,,,,,,
2026-08-15T04:16:29.686-07:00,,link_ack,inbound,query_operational_state,ack,,link_layer,18,,,,,,,,
2026-08-15T04:16:29.810-07:00,,operational_state,inbound,query_operational_state,received,,device_response,19,1,,,1,Running Normal,,,
2026-08-15T04:16:29.851-07:00,,query_completed,outbound,query_operational_state,ok,,periodic,18,0,,,,,,,
2026-08-15T04:16:58.864-07:00,,query_sent,outbound,query_operational_state,pending,,periodic,18,0,,,,,,,
2026-08-15T04:16:58.970-07:00,,link_ack,inbound,query_operational_state,ack,,link_layer,18,,,,,,,,
2026-08-15T04:16:59.093-07:00,,operational_state,inbound,query_operational_state,received,,device_response,19,1,,,1,Running Normal,,,
2026-08-15T04:16:59.133-07:00,,query_completed,outbound,query_operational_state,ok,,periodic,18,0,,,,,,,
2026-08-15T04:17:29.148-07:00,,query_sent,outbound,get_commodity,pending,,periodic,6,0,,,,,,,
2026-08-15T04:17:29.253-07:00,,link_ack,inbound,get_commodity,ack,,link_layer,6,,,,,,,,
2026-08-15T04:17:29.422-07:00,,intermediate_response,inbound,get_commodity,success,,device_response,6,128,,,,,0,success,
2026-08-15T04:17:29.466-07:00,,query_completed,outbound,get_commodity,ok,,periodic,6,0,,,,,0,success,
2026-08-15T04:17:29.466-07:00,,query_sent,outbound,query_operational_state,pending,,periodic,18,0,,,,,,,
2026-08-15T04:17:29.628-07:00,,link_ack,inbound,query_operational_state,ack,,link_layer,18,,,,,,,,
2026-08-15T04:17:29.751-07:00,,operational_state,inbound,query_operational_state,received,,device_response,19,1,,,1,Running Normal,,,
2026-08-15T04:17:29.792-07:00,,query_completed,outbound,query_operational_state,ok,,periodic,18,0,,,,,,,
2026-08-15T04:17:58.806-07:00,,query_sent,outbound,query_operational_state,pending,,periodic,18,0,,,,,,,
2026-08-15T04:17:58.911-07:00,,link_ack,inbound,query_operational_state,ack,,link_layer,18,,,,,,,,
2026-08-15T04:17:59.034-07:00,,operational_state,inbound,query_operational_state,received,,device_response,19,1,,,1,Running Normal,,,
2026-08-15T04:17:59.075-07:00,,query_completed,outbound,query_operational_state,ok,,periodic,18,0,,,,,,,
2026-08-15T04:18:29.089-07:00,,query_sent,outbound,get_commodity,pending,,periodic,6,0,,,,,,,
2026-08-15T04:18:29.194-07:00,,link_ack,inbound,get_commodity,ack,,link_layer,6,,,,,,,,
2026-08-15T04:18:29.364-07:00,,intermediate_response,inbound,get_commodity,success,,device_response,6,128,,,,,0,success,
2026-08-15T04:18:29.407-07:00,,query_completed,outbound,get_commodity,ok,,periodic,6,0,,,,,0,success,
2026-08-15T04:18:29.407-07:00,,query_sent,outbound,query_operational_state,pending,,periodic,18,0,,,,,,,
2026-08-15T04:18:29.569-07:00,,link_ack,inbound,query_operational_state,ack,,link_layer,18,,,,,,,,
2026-08-15T04:18:29.693-07:00,,operational_state,inbound,query_operational_state,received,,device_response,19,1,,,1,Running Normal,,,
2026-08-15T04:18:29.734-07:00,,query_completed,outbound,query_operational_state,ok,,periodic,18,0,,,,,,,
2026-08-15T04:18:58.747-07:00,,query_sent,outbound,query_operational_state,pending,,periodic,18,0,,,,,,,
2026-08-15T04:18:58.852-07:00,,link_ack,inbound,query_operational_state,ack,,link_layer,18,,,,,,,,
2026-08-15T04:18:58.975-07:00,,operational_state,inbound,query_operational_state,received,,device_response,19,1,,,1,Running Normal,,,
2026-08-15T04:18:59.016-07:00,,query_completed,outbound,query_operational_state,ok,,periodic,18,0,,,,,,,
2026-08-15T04:19:29.030-07:00,,query_sent,outbound,get_commodity,pending,,periodic,6,0,,,,,,,
2026-08-15T04:19:29.138-07:00,,link_ack,inbound,get_commodity,ack,,link_layer,6,,,,,,,,
2026-08-15T04:19:29.306-07:00,,intermediate_response,inbound,get_commodity,success,,device_response,6,128,,,,,0,success,
2026-08-15T04:19:29.349-07:00,,query_completed,outbound,get_commodity,ok,,periodic,6,0,,,,,0,success,
2026-08-15T04:19:29.350-07:00,,query_sent,outbound,query_operational_state,pending,,periodic,18,0,,,,,,,
2026-08-15T04:19:29.512-07:00,,link_ack,inbound,query_operational_state,ack,,link_layer,18,,,,,,,,
2026-08-15T04:19:29.636-07:00,,operational_state,inbound,query_operational_state,received,,device_response,19,1,,,1,Running Normal,,,
2026-08-15T04:19:29.677-07:00,,query_completed,outbound,query_operational_state,ok,,periodic,18,0,,,,,,,
2026-08-15T04:19:58.691-07:00,,query_sent,outbound,query_operational_state,pending,,periodic,18,0,,,,,,,
2026-08-15T04:19:58.795-07:00,,link_ack,inbound,query_operational_state,ack,,link_layer,18,,,,,,,,
2026-08-15T04:19:58.919-07:00,,operational_state,inbound,query_operational_state,received,,device_response,19,1,,,1,Running Normal,,,
2026-08-15T04:19:58.960-07:00,,query_completed,outbound,query_operational_state,ok,,periodic,18,0,,,,,,,
2026-08-15T04:20:28.974-07:00,,query_sent,outbound,get_commodity,pending,,periodic,6,0,,,,,,,
2026-08-15T04:20:29.081-07:00,,link_ack,inbound,get_commodity,ack,,link_layer,6,,,,,,,,
2026-08-15T04:20:29.250-07:00,,intermediate_response,inbound,get_commodity,success,,device_response,6,128,,,,,0,success,
2026-08-15T04:20:29.294-07:00,,query_completed,outbound,get_commodity,ok,,periodic,6,0,,,,,0,success,
2026-08-15T04:20:29.294-07:00,,query_sent,outbound,query_operational_state,pending,,periodic,18,0,,,,,,,
2026-08-15T04:20:29.456-07:00,,link_ack,inbound,query_operational_state,ack,,link_layer,18,,,,,,,,
2026-08-15T04:20:29.580-07:00,,operational_state,inbound,query_operational_state,received,,device_response,19,1,,,1,Running Normal,,,
2026-08-15T04:20:29.620-07:00,,query_completed,outbound,query_operational_state,ok,,periodic,18,0,,,,,,,
2026-08-15T04:20:58.634-07:00,,query_sent,outbound,query_operational_state,pending,,periodic,18,0,,,,,,,
2026-08-15T04:20:58.739-07:00,,link_ack,inbound,query_operational_state,ack,,link_layer,18,,,,,,,,
2026-08-15T04:20:58.862-07:00,,operational_state,inbound,query_operational_state,received,,device_response,19,1,,,1,Running Normal,,,
2026-08-15T04:20:58.903-07:00,,query_completed,outbound,query_operational_state,ok,,periodic,18,0,,,,,,,
2026-08-15T04:21:28.917-07:00,,query_sent,outbound,get_commodity,pending,,periodic,6,0,,,,,,,
2026-08-15T04:21:29.025-07:00,,link_ack,inbound,get_commodity,ack,,link_layer,6,,,,,,,,
2026-08-15T04:21:29.193-07:00,,intermediate_response,inbound,get_commodity,success,,device_response,6,128,,,,,0,success,
2026-08-15T04:21:29.236-07:00,,query_completed,outbound,get_commodity,ok,,periodic,6,0,,,,,0,success,
2026-08-15T04:21:29.237-07:00,,query_sent,outbound,query_operational_state,pending,,periodic,18,0,,,,,,,
2026-08-15T04:21:29.398-07:00,,link_ack,inbound,query_operational_state,ack,,link_layer,18,,,,,,,,
2026-08-15T04:21:29.523-07:00,,operational_state,inbound,query_operational_state,received,,device_response,19,1,,,1,Running Normal,,,
2026-08-15T04:21:29.564-07:00,,query_completed,outbound,query_operational_state,ok,,periodic,18,0,,,,,,,
2026-08-15T04:21:58.578-07:00,,query_sent,outbound,query_operational_state,pending,,periodic,18,0,,,,,,,
2026-08-15T04:21:58.681-07:00,,link_ack,inbound,query_operational_state,ack,,link_layer,18,,,,,,,,
2026-08-15T04:21:58.806-07:00,,operational_state,inbound,query_operational_state,received,,device_response,19,1,,,1,Running Normal,,,
2026-08-15T04:21:58.846-07:00,,query_completed,outbound,query_operational_state,ok,,periodic,18,0,,,,,,,
2026-08-15T04:22:28.861-07:00,,query_sent,outbound,get_commodity,pending,,periodic,6,0,,,,,,,
2026-08-15T04:22:28.966-07:00,,link_ack,inbound,get_commodity,ack,,link_layer,6,,,,,,,,
2026-08-15T04:22:29.133-07:00,,intermediate_response,inbound,get_commodity,success,,device_response,6,128,,,,,0,success,
2026-08-15T04:22:29.177-07:00,,query_completed,outbound,get_commodity,ok,,periodic,6,0,,,,,0,success,
2026-08-15T04:22:29.177-07:00,,query_sent,outbound,query_operational_state,pending,,periodic,18,0,,,,,,,
2026-08-15T04:22:29.341-07:00,,link_ack,inbound,query_operational_state,ack,,link_layer,18,,,,,,,,
2026-08-15T04:22:29.465-07:00,,operational_state,inbound,query_operational_state,received,,device_response,19,1,,,1,Running Normal,,,
2026-08-15T04:22:29.505-07:00,,query_completed,outbound,query_operational_state,ok,,periodic,18,0,,,,,,,
2026-08-15T04:22:58.519-07:00,,query_sent,outbound,query_operational_state,pending,,periodic,18,0,,,,,,,
2026-08-15T04:22:58.624-07:00,,link_ack,inbound,query_operational_state,ack,,link_layer,18,,,,,,,,
2026-08-15T04:22:58.747-07:00,,operational_state,inbound,query_operational_state,received,,device_response,19,1,,,1,Running Normal,,,
2026-08-15T04:22:58.788-07:00,,query_completed,outbound,query_operational_state,ok,,periodic,18,0,,,,,,,
2026-08-15T04:23:28.802-07:00,,query_sent,outbound,get_commodity,pending,,periodic,6,0,,,,,,,
2026-08-15T04:23:28.908-07:00,,link_ack,inbound,get_commodity,ack,,link_layer,6,,,,,,,,
2026-08-15T04:23:29.076-07:00,,intermediate_response,inbound,get_commodity,success,,device_response,6,128,,,,,0,success,
2026-08-15T04:23:29.119-07:00,,query_completed,outbound,get_commodity,ok,,periodic,6,0,,,,,0,success,
2026-08-15T04:23:29.120-07:00,,query_sent,outbound,query_operational_state,pending,,periodic,18,0,,,,,,,
2026-08-15T04:23:29.282-07:00,,link_ack,inbound,query_operational_state,ack,,link_layer,18,,,,,,,,
2026-08-15T04:23:29.405-07:00,,operational_state,inbound,query_operational_state,received,,device_response,19,1,,,1,Running Normal,,,
2026-08-15T04:23:29.446-07:00,,query_completed,outbound,query_operational_state,ok,,periodic,18,0,,,,,,,
2026-08-15T04:23:58.459-07:00,,query_sent,outbound,query_operational_state,pending,,periodic,18,0,,,,,,,
2026-08-15T04:23:58.564-07:00,,link_ack,inbound,query_operational_state,ack,,link_layer,18,,,,,,,,
2026-08-15T04:23:58.688-07:00,,operational_state,inbound,query_operational_state,received,,device_response,19,1,,,1,Running Normal,,,
2026-08-15T04:23:58.728-07:00,,query_completed,outbound,query_operational_state,ok,,periodic,18,0,,,,,,,
2026-08-15T04:24:28.743-07:00,,query_sent,outbound,get_commodity,pending,,periodic,6,0,,,,,,,
2026-08-15T04:24:28.849-07:00,,link_ack,inbound,get_commodity,ack,,link_layer,6,,,,,,,,
2026-08-15T04:24:29.017-07:00,,intermediate_response,inbound,get_commodity,success,,device_response,6,128,,,,,0,success,
2026-08-15T04:24:29.061-07:00,,query_completed,outbound,get_commodity,ok,,periodic,6,0,,,,,0,success,
2026-08-15T04:24:29.061-07:00,,query_sent,outbound,query_operational_state,pending,,periodic,18,0,,,,,,,
2026-08-15T04:24:29.223-07:00,,link_ack,inbound,query_operational_state,ack,,link_layer,18,,,,,,,,
2026-08-15T04:24:29.347-07:00,,operational_state,inbound,query_operational_state,received,,device_response,19,1,,,1,Running Normal,,,
2026-08-15T04:24:29.388-07:00,,query_completed,outbound,query_operational_state,ok,,periodic,18,0,,,,,,,
2026-08-15T04:24:58.401-07:00,,query_sent,outbound,query_operational_state,pending,,periodic,18,0,,,,,,,
2026-08-15T04:24:58.507-07:00,,link_ack,inbound,query_operational_state,ack,,link_layer,18,,,,,,,,
2026-08-15T04:24:58.630-07:00,,operational_state,inbound,query_operational_state,received,,device_response,19,1,,,1,Running Normal,,,
2026-08-15T04:24:58.671-07:00,,query_completed,outbound,query_operational_state,ok,,periodic,18,0,,,,,,,
2026-08-15T04:25:28.685-07:00,,query_sent,outbound,get_commodity,pending,,periodic,6,0,,,,,,,
2026-08-15T04:25:28.794-07:00,,link_ack,inbound,get_commodity,ack,,link_layer,6,,,,,,,,
2026-08-15T04:25:28.963-07:00,,intermediate_response,inbound,get_commodity,success,,device_response,6,128,,,,,0,success,
2026-08-15T04:25:29.006-07:00,,query_completed,outbound,get_commodity,ok,,periodic,6,0,,,,,0,success,
2026-08-15T04:25:29.006-07:00,,query_sent,outbound,query_operational_state,pending,,periodic,18,0,,,,,,,
2026-08-15T04:25:29.169-07:00,,link_ack,inbound,query_operational_state,ack,,link_layer,18,,,,,,,,
2026-08-15T04:25:29.292-07:00,,operational_state,inbound,query_operational_state,received,,device_response,19,1,,,1,Running Normal,,,
2026-08-15T04:25:29.333-07:00,,query_completed,outbound,query_operational_state,ok,,periodic,18,0,,,,,,,
2026-08-15T04:25:58.346-07:00,auto_outside_comm_heartbeat_27,command_sent,outbound,outside_communication1,pending,0,schedule,14,0,,,,,,,
2026-08-15T04:25:58.454-07:00,,link_ack,inbound,outside_communication,ack,,link_layer,14,,,,,,,,
2026-08-15T04:25:58.577-07:00,,application_ack,inbound,outside_communication,ack,,application_layer,3,14,,,,,,,
2026-08-15T04:25:58.617-07:00,auto_outside_comm_heartbeat_27,command_completed,outbound,outside_communication1,ok,0,schedule,14,0,,,,,,,
2026-08-15T04:25:58.618-07:00,,query_sent,outbound,query_operational_state,pending,,periodic,18,0,,,,,,,
2026-08-15T04:25:58.779-07:00,,link_ack,inbound,query_operational_state,ack,,link_layer,18,,,,,,,,
2026-08-15T04:25:58.904-07:00,,operational_state,inbound,query_operational_state,received,,device_response,19,1,,,1,Running Normal,,,
2026-08-15T04:25:58.944-07:00,,query_completed,outbound,query_operational_state,ok,,periodic,18,0,,,,,,,
2026-08-15T04:26:28.957-07:00,,query_sent,outbound,get_commodity,pending,,periodic,6,0,,,,,,,
2026-08-15T04:26:29.066-07:00,,link_ack,inbound,get_commodity,ack,,link_layer,6,,,,,,,,
2026-08-15T04:26:29.235-07:00,,intermediate_response,inbound,get_commodity,success,,device_response,6,128,,,,,0,success,
2026-08-15T04:26:29.279-07:00,,query_completed,outbound,get_commodity,ok,,periodic,6,0,,,,,0,success,
2026-08-15T04:26:29.279-07:00,,query_sent,outbound,query_operational_state,pending,,periodic,18,0,,,,,,,
2026-08-15T04:26:29.441-07:00,,link_ack,inbound,query_operational_state,ack,,link_layer,18,,,,,,,,
2026-08-15T04:26:29.565-07:00,,operational_state,inbound,query_operational_state,received,,device_response,19,1,,,1,Running Normal,,,
2026-08-15T04:26:29.605-07:00,,query_completed,outbound,query_operational_state,ok,,periodic,18,0,,,,,,,
2026-08-15T04:26:58.618-07:00,,query_sent,outbound,query_operational_state,pending,,periodic,18,0,,,,,,,
2026-08-15T04:26:58.725-07:00,,link_ack,inbound,query_operational_state,ack,,link_layer,18,,,,,,,,
2026-08-15T04:26:58.849-07:00,,operational_state,inbound,query_operational_state,received,,device_response,19,1,,,1,Running Normal,,,
2026-08-15T04:26:58.889-07:00,,query_completed,outbound,query_operational_state,ok,,periodic,18,0,,,,,,,
2026-08-15T04:27:28.902-07:00,,query_sent,outbound,get_commodity,pending,,periodic,6,0,,,,,,,
2026-08-15T04:27:29.012-07:00,,link_ack,inbound,get_commodity,ack,,link_layer,6,,,,,,,,
2026-08-15T04:27:29.181-07:00,,intermediate_response,inbound,get_commodity,success,,device_response,6,128,,,,,0,success,
2026-08-15T04:27:29.224-07:00,,query_completed,outbound,get_commodity,ok,,periodic,6,0,,,,,0,success,
2026-08-15T04:27:29.224-07:00,,query_sent,outbound,query_operational_state,pending,,periodic,18,0,,,,,,,
2026-08-15T04:27:29.388-07:00,,link_ack,inbound,query_operational_state,ack,,link_layer,18,,,,,,,,
2026-08-15T04:27:29.512-07:00,,operational_state,inbound,query_operational_state,received,,device_response,19,1,,,1,Running Normal,,,
2026-08-15T04:27:29.553-07:00,,query_completed,outbound,query_operational_state,ok,,periodic,18,0,,,,,,,
2026-08-15T04:27:58.566-07:00,,query_sent,outbound,query_operational_state,pending,,periodic,18,0,,,,,,,
2026-08-15T04:27:58.675-07:00,,link_ack,inbound,query_operational_state,ack,,link_layer,18,,,,,,,,
2026-08-15T04:27:58.799-07:00,,operational_state,inbound,query_operational_state,received,,device_response,19,1,,,1,Running Normal,,,
2026-08-15T04:27:58.839-07:00,,query_completed,outbound,query_operational_state,ok,,periodic,18,0,,,,,,,
2026-08-15T04:28:28.852-07:00,,query_sent,outbound,get_commodity,pending,,periodic,6,0,,,,,,,
2026-08-15T04:28:28.958-07:00,,link_ack,inbound,get_commodity,ack,,link_layer,6,,,,,,,,
2026-08-15T04:28:29.126-07:00,,intermediate_response,inbound,get_commodity,success,,device_response,6,128,,,,,0,success,
2026-08-15T04:28:29.169-07:00,,query_completed,outbound,get_commodity,ok,,periodic,6,0,,,,,0,success,
2026-08-15T04:28:29.170-07:00,,query_sent,outbound,query_operational_state,pending,,periodic,18,0,,,,,,,
2026-08-15T04:28:29.333-07:00,,link_ack,inbound,query_operational_state,ack,,link_layer,18,,,,,,,,
2026-08-15T04:28:29.456-07:00,,operational_state,inbound,query_operational_state,received,,device_response,19,1,,,1,Running Normal,,,
2026-08-15T04:28:29.497-07:00,,query_completed,outbound,query_operational_state,ok,,periodic,18,0,,,,,,,
2026-08-15T04:28:58.510-07:00,,query_sent,outbound,query_operational_state,pending,,periodic,18,0,,,,,,,
2026-08-15T04:28:58.617-07:00,,link_ack,inbound,query_operational_state,ack,,link_layer,18,,,,,,,,
2026-08-15T04:28:58.741-07:00,,operational_state,inbound,query_operational_state,received,,device_response,19,1,,,1,Running Normal,,,
2026-08-15T04:28:58.781-07:00,,query_completed,outbound,query_operational_state,ok,,periodic,18,0,,,,,,,
2026-08-15T04:29:28.795-07:00,,query_sent,outbound,get_commodity,pending,,periodic,6,0,,,,,,,
2026-08-15T04:29:28.901-07:00,,link_ack,inbound,get_commodity,ack,,link_layer,6,,,,,,,,
2026-08-15T04:29:29.069-07:00,,intermediate_response,inbound,get_commodity,success,,device_response,6,128,,,,,0,success,
2026-08-15T04:29:29.113-07:00,,query_completed,outbound,get_commodity,ok,,periodic,6,0,,,,,0,success,
2026-08-15T04:29:29.113-07:00,,query_sent,outbound,query_operational_state,pending,,periodic,18,0,,,,,,,
2026-08-15T04:29:29.277-07:00,,link_ack,inbound,query_operational_state,ack,,link_layer,18,,,,,,,,
2026-08-15T04:29:29.400-07:00,,operational_state,inbound,query_operational_state,received,,device_response,19,1,,,1,Running Normal,,,
2026-08-15T04:29:29.441-07:00,,query_completed,outbound,query_operational_state,ok,,periodic,18,0,,,,,,,
2026-08-15T04:29:58.454-07:00,,query_sent,outbound,query_operational_state,pending,,periodic,18,0,,,,,,,
2026-08-15T04:29:58.560-07:00,,link_ack,inbound,query_operational_state,ack,,link_layer,18,,,,,,,,
2026-08-15T04:29:58.683-07:00,,operational_state,inbound,query_operational_state,received,,device_response,19,1,,,1,Running Normal,,,
2026-08-15T04:29:58.724-07:00,,query_completed,outbound,query_operational_state,ok,,periodic,18,0,,,,,,,
2026-08-15T04:30:28.737-07:00,,query_sent,outbound,get_commodity,pending,,periodic,6,0,,,,,,,
2026-08-15T04:30:28.845-07:00,,link_ack,inbound,get_commodity,ack,,link_layer,6,,,,,,,,
2026-08-15T04:30:29.013-07:00,,intermediate_response,inbound,get_commodity,success,,device_response,6,128,,,,,0,success,
2026-08-15T04:30:29.056-07:00,,query_completed,outbound,get_commodity,ok,,periodic,6,0,,,,,0,success,
2026-08-15T04:30:29.057-07:00,,query_sent,outbound,query_operational_state,pending,,periodic,18,0,,,,,,,
2026-08-15T04:30:29.219-07:00,,link_ack,inbound,query_operational_state,ack,,link_layer,18,,,,,,,,
2026-08-15T04:30:29.344-07:00,,operational_state,inbound,query_operational_state,received,,device_response,19,1,,,1,Running Normal,,,
2026-08-15T04:30:29.385-07:00,,query_completed,outbound,query_operational_state,ok,,periodic,18,0,,,,,,,
2026-08-15T04:30:58.398-07:00,,query_sent,outbound,query_operational_state,pending,,periodic,18,0,,,,,,,
2026-08-15T04:30:58.506-07:00,,link_ack,inbound,query_operational_state,ack,,link_layer,18,,,,,,,,
2026-08-15T04:30:58.630-07:00,,operational_state,inbound,query_operational_state,received,,device_response,19,1,,,1,Running Normal,,,
2026-08-15T04:30:58.671-07:00,,query_completed,outbound,query_operational_state,ok,,periodic,18,0,,,,,,,
2026-08-15T04:31:28.684-07:00,,query_sent,outbound,get_commodity,pending,,periodic,6,0,,,,,,,
2026-08-15T04:31:28.790-07:00,,link_ack,inbound,get_commodity,ack,,link_layer,6,,,,,,,,
2026-08-15T04:31:28.958-07:00,,intermediate_response,inbound,get_commodity,success,,device_response,6,128,,,,,0,success,
2026-08-15T04:31:29.001-07:00,,query_completed,outbound,get_commodity,ok,,periodic,6,0,,,,,0,success,
2026-08-15T04:31:29.002-07:00,,query_sent,outbound,query_operational_state,pending,,periodic,18,0,,,,,,,
2026-08-15T04:31:29.165-07:00,,link_ack,inbound,query_operational_state,ack,,link_layer,18,,,,,,,,
2026-08-15T04:31:29.288-07:00,,operational_state,inbound,query_operational_state,received,,device_response,19,1,,,1,Running Normal,,,
2026-08-15T04:31:29.329-07:00,,query_completed,outbound,query_operational_state,ok,,periodic,18,0,,,,,,,
2026-08-15T04:31:59.341-07:00,,query_sent,outbound,query_operational_state,pending,,periodic,18,0,,,,,,,
2026-08-15T04:31:59.449-07:00,,link_ack,inbound,query_operational_state,ack,,link_layer,18,,,,,,,,
2026-08-15T04:31:59.572-07:00,,operational_state,inbound,query_operational_state,received,,device_response,19,1,,,1,Running Normal,,,
2026-08-15T04:31:59.613-07:00,,query_completed,outbound,query_operational_state,ok,,periodic,18,0,,,,,,,
2026-08-15T04:32:28.625-07:00,,query_sent,outbound,get_commodity,pending,,periodic,6,0,,,,,,,
2026-08-15T04:32:28.733-07:00,,link_ack,inbound,get_commodity,ack,,link_layer,6,,,,,,,,
2026-08-15T04:32:28.901-07:00,,intermediate_response,inbound,get_commodity,success,,device_response,6,128,,,,,0,success,
2026-08-15T04:32:28.944-07:00,,query_completed,outbound,get_commodity,ok,,periodic,6,0,,,,,0,success,
2026-08-15T04:32:28.944-07:00,,query_sent,outbound,query_operational_state,pending,,periodic,18,0,,,,,,,
2026-08-15T04:32:29.107-07:00,,link_ack,inbound,query_operational_state,ack,,link_layer,18,,,,,,,,
2026-08-15T04:32:29.230-07:00,,operational_state,inbound,query_operational_state,received,,device_response,19,1,,,1,Running Normal,,,
2026-08-15T04:32:29.271-07:00,,query_completed,outbound,query_operational_state,ok,,periodic,18,0,,,,,,,
2026-08-15T04:32:59.283-07:00,,query_sent,outbound,query_operational_state,pending,,periodic,18,0,,,,,,,
2026-08-15T04:32:59.391-07:00,,link_ack,inbound,query_operational_state,ack,,link_layer,18,,,,,,,,
2026-08-15T04:32:59.513-07:00,,operational_state,inbound,query_operational_state,received,,device_response,19,1,,,1,Running Normal,,,
2026-08-15T04:32:59.554-07:00,,query_completed,outbound,query_operational_state,ok,,periodic,18,0,,,,,,,
2026-08-15T04:33:28.566-07:00,,query_sent,outbound,get_commodity,pending,,periodic,6,0,,,,,,,
2026-08-15T04:33:28.671-07:00,,link_ack,inbound,get_commodity,ack,,link_layer,6,,,,,,,,
2026-08-15T04:33:28.839-07:00,,intermediate_response,inbound,get_commodity,success,,device_response,6,128,,,,,0,success,
2026-08-15T04:33:28.882-07:00,,query_completed,outbound,get_commodity,ok,,periodic,6,0,,,,,0,success,
2026-08-15T04:33:28.883-07:00,,query_sent,outbound,query_operational_state,pending,,periodic,18,0,,,,,,,
2026-08-15T04:33:29.047-07:00,,link_ack,inbound,query_operational_state,ack,,link_layer,18,,,,,,,,
2026-08-15T04:33:29.170-07:00,,operational_state,inbound,query_operational_state,received,,device_response,19,1,,,1,Running Normal,,,
2026-08-15T04:33:29.211-07:00,,query_completed,outbound,query_operational_state,ok,,periodic,18,0,,,,,,,
2026-08-15T04:33:59.223-07:00,,query_sent,outbound,query_operational_state,pending,,periodic,18,0,,,,,,,
2026-08-15T04:33:59.329-07:00,,link_ack,inbound,query_operational_state,ack,,link_layer,18,,,,,,,,
2026-08-15T04:33:59.453-07:00,,operational_state,inbound,query_operational_state,received,,device_response,19,1,,,1,Running Normal,,,
2026-08-15T04:33:59.494-07:00,,query_completed,outbound,query_operational_state,ok,,periodic,18,0,,,,,,,
2026-08-15T04:34:28.507-07:00,,query_sent,outbound,get_commodity,pending,,periodic,6,0,,,,,,,
2026-08-15T04:34:28.612-07:00,,link_ack,inbound,get_commodity,ack,,link_layer,6,,,,,,,,
2026-08-15T04:34:28.782-07:00,,intermediate_response,inbound,get_commodity,success,,device_response,6,128,,,,,0,success,
2026-08-15T04:34:28.825-07:00,,query_completed,outbound,get_commodity,ok,,periodic,6,0,,,,,0,success,
2026-08-15T04:34:28.825-07:00,,query_sent,outbound,query_operational_state,pending,,periodic,18,0,,,,,,,
2026-08-15T04:34:28.987-07:00,,link_ack,inbound,query_operational_state,ack,,link_layer,18,,,,,,,,
2026-08-15T04:34:29.111-07:00,,operational_state,inbound,query_operational_state,received,,device_response,19,1,,,1,Running Normal,,,
2026-08-15T04:34:29.152-07:00,,query_completed,outbound,query_operational_state,ok,,periodic,18,0,,,,,,,
2026-08-15T04:34:59.165-07:00,,query_sent,outbound,query_operational_state,pending,,periodic,18,0,,,,,,,
2026-08-15T04:34:59.275-07:00,,link_ack,inbound,query_operational_state,ack,,link_layer,18,,,,,,,,
2026-08-15T04:34:59.398-07:00,,operational_state,inbound,query_operational_state,received,,device_response,19,1,,,1,Running Normal,,,
2026-08-15T04:34:59.439-07:00,,query_completed,outbound,query_operational_state,ok,,periodic,18,0,,,,,,,
2026-08-15T04:35:28.452-07:00,,query_sent,outbound,get_commodity,pending,,periodic,6,0,,,,,,,
2026-08-15T04:35:28.559-07:00,,link_ack,inbound,get_commodity,ack,,link_layer,6,,,,,,,,
2026-08-15T04:35:28.727-07:00,,intermediate_response,inbound,get_commodity,success,,device_response,6,128,,,,,0,success,
2026-08-15T04:35:28.771-07:00,,query_completed,outbound,get_commodity,ok,,periodic,6,0,,,,,0,success,
2026-08-15T04:35:28.771-07:00,,query_sent,outbound,query_operational_state,pending,,periodic,18,0,,,,,,,
2026-08-15T04:35:28.935-07:00,,link_ack,inbound,query_operational_state,ack,,link_layer,18,,,,,,,,
2026-08-15T04:35:29.058-07:00,,operational_state,inbound,query_operational_state,received,,device_response,19,1,,,1,Running Normal,,,
2026-08-15T04:35:29.099-07:00,,query_completed,outbound,query_operational_state,ok,,periodic,18,0,,,,,,,
2026-08-15T04:35:59.111-07:00,,query_sent,outbound,query_operational_state,pending,,periodic,18,0,,,,,,,
2026-08-15T04:35:59.219-07:00,,link_ack,inbound,query_operational_state,ack,,link_layer,18,,,,,,,,
2026-08-15T04:35:59.344-07:00,,operational_state,inbound,query_operational_state,received,,device_response,19,1,,,1,Running Normal,,,
2026-08-15T04:35:59.384-07:00,,query_completed,outbound,query_operational_state,ok,,periodic,18,0,,,,,,,
2026-08-15T04:36:28.396-07:00,,query_sent,outbound,get_commodity,pending,,periodic,6,0,,,,,,,
2026-08-15T04:36:28.506-07:00,,link_ack,inbound,get_commodity,ack,,link_layer,6,,,,,,,,
2026-08-15T04:36:28.674-07:00,,intermediate_response,inbound,get_commodity,success,,device_response,6,128,,,,,0,success,
2026-08-15T04:36:28.717-07:00,,query_completed,outbound,get_commodity,ok,,periodic,6,0,,,,,0,success,
2026-08-15T04:36:28.718-07:00,,query_sent,outbound,query_operational_state,pending,,periodic,18,0,,,,,,,
2026-08-15T04:36:28.880-07:00,,link_ack,inbound,query_operational_state,ack,,link_layer,18,,,,,,,,
2026-08-15T04:36:29.004-07:00,,operational_state,inbound,query_operational_state,received,,device_response,19,1,,,1,Running Normal,,,
2026-08-15T04:36:29.045-07:00,,query_completed,outbound,query_operational_state,ok,,periodic,18,0,,,,,,,
2026-08-15T04:36:59.057-07:00,,query_sent,outbound,query_operational_state,pending,,periodic,18,0,,,,,,,
2026-08-15T04:36:59.167-07:00,,link_ack,inbound,query_operational_state,ack,,link_layer,18,,,,,,,,
2026-08-15T04:36:59.290-07:00,,operational_state,inbound,query_operational_state,received,,device_response,19,1,,,1,Running Normal,,,
2026-08-15T04:36:59.330-07:00,,query_completed,outbound,query_operational_state,ok,,periodic,18,0,,,,,,,
2026-08-15T04:37:29.342-07:00,,query_sent,outbound,get_commodity,pending,,periodic,6,0,,,,,,,
2026-08-15T04:37:29.451-07:00,,link_ack,inbound,get_commodity,ack,,link_layer,6,,,,,,,,
2026-08-15T04:37:29.619-07:00,,intermediate_response,inbound,get_commodity,success,,device_response,6,128,,,,,0,success,
2026-08-15T04:37:29.663-07:00,,query_completed,outbound,get_commodity,ok,,periodic,6,0,,,,,0,success,
2026-08-15T04:37:29.663-07:00,,query_sent,outbound,query_operational_state,pending,,periodic,18,0,,,,,,,
2026-08-15T04:37:29.825-07:00,,link_ack,inbound,query_operational_state,ack,,link_layer,18,,,,,,,,
2026-08-15T04:37:29.949-07:00,,operational_state,inbound,query_operational_state,received,,device_response,19,1,,,1,Running Normal,,,
2026-08-15T04:37:29.990-07:00,,query_completed,outbound,query_operational_state,ok,,periodic,18,0,,,,,,,
2026-08-15T04:37:59.002-07:00,,query_sent,outbound,query_operational_state,pending,,periodic,18,0,,,,,,,
2026-08-15T04:37:59.109-07:00,,link_ack,inbound,query_operational_state,ack,,link_layer,18,,,,,,,,
2026-08-15T04:37:59.233-07:00,,operational_state,inbound,query_operational_state,received,,device_response,19,1,,,1,Running Normal,,,
2026-08-15T04:37:59.274-07:00,,query_completed,outbound,query_operational_state,ok,,periodic,18,0,,,,,,,
2026-08-15T04:38:29.287-07:00,,query_sent,outbound,get_commodity,pending,,periodic,6,0,,,,,,,
2026-08-15T04:38:29.395-07:00,,link_ack,inbound,get_commodity,ack,,link_layer,6,,,,,,,,
2026-08-15T04:38:29.563-07:00,,intermediate_response,inbound,get_commodity,success,,device_response,6,128,,,,,0,success,
2026-08-15T04:38:29.607-07:00,,query_completed,outbound,get_commodity,ok,,periodic,6,0,,,,,0,success,
2026-08-15T04:38:29.607-07:00,,query_sent,outbound,query_operational_state,pending,,periodic,18,0,,,,,,,
2026-08-15T04:38:29.770-07:00,,link_ack,inbound,query_operational_state,ack,,link_layer,18,,,,,,,,
2026-08-15T04:38:29.894-07:00,,operational_state,inbound,query_operational_state,received,,device_response,19,1,,,1,Running Normal,,,
2026-08-15T04:38:29.935-07:00,,query_completed,outbound,query_operational_state,ok,,periodic,18,0,,,,,,,
2026-08-15T04:38:58.948-07:00,,query_sent,outbound,query_operational_state,pending,,periodic,18,0,,,,,,,
2026-08-15T04:38:59.055-07:00,,link_ack,inbound,query_operational_state,ack,,link_layer,18,,,,,,,,
2026-08-15T04:38:59.178-07:00,,operational_state,inbound,query_operational_state,received,,device_response,19,1,,,1,Running Normal,,,
2026-08-15T04:38:59.219-07:00,,query_completed,outbound,query_operational_state,ok,,periodic,18,0,,,,,,,
2026-08-15T04:39:28.231-07:00,auto_outside_comm_heartbeat_28,command_sent,outbound,outside_communication1,pending,0,schedule,14,0,,,,,,,
2026-08-15T04:39:28.335-07:00,,link_ack,inbound,outside_communication,ack,,link_layer,14,,,,,,,,
2026-08-15T04:39:28.459-07:00,,application_ack,inbound,outside_communication,ack,,application_layer,3,14,,,,,,,
2026-08-15T04:39:28.500-07:00,auto_outside_comm_heartbeat_28,command_completed,outbound,outside_communication1,ok,0,schedule,14,0,,,,,,,
2026-08-15T04:39:28.501-07:00,,query_sent,outbound,get_commodity,pending,,periodic,6,0,,,,,,,
2026-08-15T04:39:28.662-07:00,,link_ack,inbound,get_commodity,ack,,link_layer,6,,,,,,,,
2026-08-15T04:39:28.831-07:00,,intermediate_response,inbound,get_commodity,success,,device_response,6,128,,,,,0,success,
2026-08-15T04:39:28.874-07:00,,query_completed,outbound,get_commodity,ok,,periodic,6,0,,,,,0,success,
2026-08-15T04:39:28.874-07:00,,query_sent,outbound,query_operational_state,pending,,periodic,18,0,,,,,,,
2026-08-15T04:39:29.036-07:00,,link_ack,inbound,query_operational_state,ack,,link_layer,18,,,,,,,,
2026-08-15T04:39:29.160-07:00,,operational_state,inbound,query_operational_state,received,,device_response,19,1,,,1,Running Normal,,,
2026-08-15T04:39:29.201-07:00,,query_completed,outbound,query_operational_state,ok,,periodic,18,0,,,,,,,
2026-08-15T04:39:59.213-07:00,,query_sent,outbound,query_operational_state,pending,,periodic,18,0,,,,,,,
2026-08-15T04:39:59.323-07:00,,link_ack,inbound,query_operational_state,ack,,link_layer,18,,,,,,,,
2026-08-15T04:39:59.445-07:00,,operational_state,inbound,query_operational_state,received,,device_response,19,1,,,1,Running Normal,,,
2026-08-15T04:39:59.486-07:00,,query_completed,outbound,query_operational_state,ok,,periodic,18,0,,,,,,,
2026-08-15T04:40:28.497-07:00,,query_sent,outbound,get_commodity,pending,,periodic,6,0,,,,,,,
2026-08-15T04:40:28.606-07:00,,link_ack,inbound,get_commodity,ack,,link_layer,6,,,,,,,,
2026-08-15T04:40:28.777-07:00,,intermediate_response,inbound,get_commodity,success,,device_response,6,128,,,,,0,success,
2026-08-15T04:40:28.820-07:00,,query_completed,outbound,get_commodity,ok,,periodic,6,0,,,,,0,success,
2026-08-15T04:40:28.820-07:00,,query_sent,outbound,query_operational_state,pending,,periodic,18,0,,,,,,,
2026-08-15T04:40:28.983-07:00,,link_ack,inbound,query_operational_state,ack,,link_layer,18,,,,,,,,
2026-08-15T04:40:29.108-07:00,,operational_state,inbound,query_operational_state,received,,device_response,19,1,,,1,Running Normal,,,
2026-08-15T04:40:29.148-07:00,,query_completed,outbound,query_operational_state,ok,,periodic,18,0,,,,,,,
2026-08-15T04:40:59.160-07:00,,query_sent,outbound,query_operational_state,pending,,periodic,18,0,,,,,,,
2026-08-15T04:40:59.270-07:00,,link_ack,inbound,query_operational_state,ack,,link_layer,18,,,,,,,,
2026-08-15T04:40:59.394-07:00,,operational_state,inbound,query_operational_state,received,,device_response,19,1,,,1,Running Normal,,,
2026-08-15T04:40:59.434-07:00,,query_completed,outbound,query_operational_state,ok,,periodic,18,0,,,,,,,
2026-08-15T04:41:28.446-07:00,,query_sent,outbound,get_commodity,pending,,periodic,6,0,,,,,,,
2026-08-15T04:41:28.554-07:00,,link_ack,inbound,get_commodity,ack,,link_layer,6,,,,,,,,
2026-08-15T04:41:28.722-07:00,,intermediate_response,inbound,get_commodity,success,,device_response,6,128,,,,,0,success,
2026-08-15T04:41:28.765-07:00,,query_completed,outbound,get_commodity,ok,,periodic,6,0,,,,,0,success,
2026-08-15T04:41:28.766-07:00,,query_sent,outbound,query_operational_state,pending,,periodic,18,0,,,,,,,
2026-08-15T04:41:28.929-07:00,,link_ack,inbound,query_operational_state,ack,,link_layer,18,,,,,,,,
2026-08-15T04:41:29.052-07:00,,operational_state,inbound,query_operational_state,received,,device_response,19,1,,,1,Running Normal,,,
2026-08-15T04:41:29.093-07:00,,query_completed,outbound,query_operational_state,ok,,periodic,18,0,,,,,,,
2026-08-15T04:41:59.106-07:00,,query_sent,outbound,query_operational_state,pending,,periodic,18,0,,,,,,,
2026-08-15T04:41:59.214-07:00,,link_ack,inbound,query_operational_state,ack,,link_layer,18,,,,,,,,
2026-08-15T04:41:59.338-07:00,,operational_state,inbound,query_operational_state,received,,device_response,19,1,,,1,Running Normal,,,
2026-08-15T04:41:59.378-07:00,,query_completed,outbound,query_operational_state,ok,,periodic,18,0,,,,,,,
2026-08-15T04:42:28.391-07:00,,query_sent,outbound,get_commodity,pending,,periodic,6,0,,,,,,,
2026-08-15T04:42:28.498-07:00,,link_ack,inbound,get_commodity,ack,,link_layer,6,,,,,,,,
2026-08-15T04:42:28.666-07:00,,intermediate_response,inbound,get_commodity,success,,device_response,6,128,,,,,0,success,
2026-08-15T04:42:28.710-07:00,,query_completed,outbound,get_commodity,ok,,periodic,6,0,,,,,0,success,
2026-08-15T04:42:28.710-07:00,,query_sent,outbound,query_operational_state,pending,,periodic,18,0,,,,,,,
2026-08-15T04:42:28.873-07:00,,link_ack,inbound,query_operational_state,ack,,link_layer,18,,,,,,,,
2026-08-15T04:42:28.996-07:00,,operational_state,inbound,query_operational_state,received,,device_response,19,1,,,1,Running Normal,,,
2026-08-15T04:42:29.037-07:00,,query_completed,outbound,query_operational_state,ok,,periodic,18,0,,,,,,,
2026-08-15T04:42:59.050-07:00,,query_sent,outbound,query_operational_state,pending,,periodic,18,0,,,,,,,
2026-08-15T04:42:59.160-07:00,,link_ack,inbound,query_operational_state,ack,,link_layer,18,,,,,,,,
2026-08-15T04:42:59.284-07:00,,operational_state,inbound,query_operational_state,received,,device_response,19,1,,,1,Running Normal,,,
2026-08-15T04:42:59.325-07:00,,query_completed,outbound,query_operational_state,ok,,periodic,18,0,,,,,,,
2026-08-15T04:43:29.338-07:00,,query_sent,outbound,get_commodity,pending,,periodic,6,0,,,,,,,
2026-08-15T04:43:29.447-07:00,,link_ack,inbound,get_commodity,ack,,link_layer,6,,,,,,,,
2026-08-15T04:43:29.615-07:00,,intermediate_response,inbound,get_commodity,success,,device_response,6,128,,,,,0,success,
2026-08-15T04:43:29.658-07:00,,query_completed,outbound,get_commodity,ok,,periodic,6,0,,,,,0,success,
2026-08-15T04:43:29.658-07:00,,query_sent,outbound,query_operational_state,pending,,periodic,18,0,,,,,,,
2026-08-15T04:43:29.821-07:00,,link_ack,inbound,query_operational_state,ack,,link_layer,18,,,,,,,,
2026-08-15T04:43:29.944-07:00,,operational_state,inbound,query_operational_state,received,,device_response,19,1,,,1,Running Normal,,,
2026-08-15T04:43:29.985-07:00,,query_completed,outbound,query_operational_state,ok,,periodic,18,0,,,,,,,
2026-08-15T04:43:58.998-07:00,,query_sent,outbound,query_operational_state,pending,,periodic,18,0,,,,,,,
2026-08-15T04:43:59.106-07:00,,link_ack,inbound,query_operational_state,ack,,link_layer,18,,,,,,,,
2026-08-15T04:43:59.229-07:00,,operational_state,inbound,query_operational_state,received,,device_response,19,1,,,1,Running Normal,,,
2026-08-15T04:43:59.270-07:00,,query_completed,outbound,query_operational_state,ok,,periodic,18,0,,,,,,,
2026-08-15T04:44:29.283-07:00,,query_sent,outbound,get_commodity,pending,,periodic,6,0,,,,,,,
2026-08-15T04:44:29.395-07:00,,link_ack,inbound,get_commodity,ack,,link_layer,6,,,,,,,,
2026-08-15T04:44:29.564-07:00,,intermediate_response,inbound,get_commodity,success,,device_response,6,128,,,,,0,success,
2026-08-15T04:44:29.607-07:00,,query_completed,outbound,get_commodity,ok,,periodic,6,0,,,,,0,success,
2026-08-15T04:44:29.608-07:00,,query_sent,outbound,query_operational_state,pending,,periodic,18,0,,,,,,,
2026-08-15T04:44:29.770-07:00,,link_ack,inbound,query_operational_state,ack,,link_layer,18,,,,,,,,
2026-08-15T04:44:29.893-07:00,,operational_state,inbound,query_operational_state,received,,device_response,19,1,,,1,Running Normal,,,
2026-08-15T04:44:29.934-07:00,,query_completed,outbound,query_operational_state,ok,,periodic,18,0,,,,,,,
2026-08-15T04:44:58.946-07:00,,query_sent,outbound,query_operational_state,pending,,periodic,18,0,,,,,,,
2026-08-15T04:44:59.053-07:00,,link_ack,inbound,query_operational_state,ack,,link_layer,18,,,,,,,,
2026-08-15T04:44:59.176-07:00,,operational_state,inbound,query_operational_state,received,,device_response,19,1,,,1,Running Normal,,,
2026-08-15T04:44:59.217-07:00,,query_completed,outbound,query_operational_state,ok,,periodic,18,0,,,,,,,
2026-08-15T04:45:29.229-07:00,,query_sent,outbound,get_commodity,pending,,periodic,6,0,,,,,,,
2026-08-15T04:45:29.339-07:00,,link_ack,inbound,get_commodity,ack,,link_layer,6,,,,,,,,
2026-08-15T04:45:29.507-07:00,,intermediate_response,inbound,get_commodity,success,,device_response,6,128,,,,,0,success,
2026-08-15T04:45:29.551-07:00,,query_completed,outbound,get_commodity,ok,,periodic,6,0,,,,,0,success,
2026-08-15T04:45:29.551-07:00,,query_sent,outbound,query_operational_state,pending,,periodic,18,0,,,,,,,
2026-08-15T04:45:29.713-07:00,,link_ack,inbound,query_operational_state,ack,,link_layer,18,,,,,,,,
2026-08-15T04:45:29.837-07:00,,operational_state,inbound,query_operational_state,received,,device_response,19,1,,,1,Running Normal,,,
2026-08-15T04:45:29.878-07:00,,query_completed,outbound,query_operational_state,ok,,periodic,18,0,,,,,,,
2026-08-15T04:45:58.890-07:00,,query_sent,outbound,query_operational_state,pending,,periodic,18,0,,,,,,,
2026-08-15T04:45:58.997-07:00,,link_ack,inbound,query_operational_state,ack,,link_layer,18,,,,,,,,
2026-08-15T04:45:59.121-07:00,,operational_state,inbound,query_operational_state,received,,device_response,19,1,,,1,Running Normal,,,
2026-08-15T04:45:59.161-07:00,,query_completed,outbound,query_operational_state,ok,,periodic,18,0,,,,,,,
2026-08-15T04:46:29.174-07:00,,query_sent,outbound,get_commodity,pending,,periodic,6,0,,,,,,,
2026-08-15T04:46:29.283-07:00,,link_ack,inbound,get_commodity,ack,,link_layer,6,,,,,,,,
2026-08-15T04:46:29.452-07:00,,intermediate_response,inbound,get_commodity,success,,device_response,6,128,,,,,0,success,
2026-08-15T04:46:29.496-07:00,,query_completed,outbound,get_commodity,ok,,periodic,6,0,,,,,0,success,
2026-08-15T04:46:29.496-07:00,,query_sent,outbound,query_operational_state,pending,,periodic,18,0,,,,,,,
2026-08-15T04:46:29.658-07:00,,link_ack,inbound,query_operational_state,ack,,link_layer,18,,,,,,,,
2026-08-15T04:46:29.781-07:00,,operational_state,inbound,query_operational_state,received,,device_response,19,1,,,1,Running Normal,,,
2026-08-15T04:46:29.822-07:00,,query_completed,outbound,query_operational_state,ok,,periodic,18,0,,,,,,,
2026-08-15T04:46:58.834-07:00,,query_sent,outbound,query_operational_state,pending,,periodic,18,0,,,,,,,
2026-08-15T04:46:58.941-07:00,,link_ack,inbound,query_operational_state,ack,,link_layer,18,,,,,,,,
2026-08-15T04:46:59.065-07:00,,operational_state,inbound,query_operational_state,received,,device_response,19,1,,,1,Running Normal,,,
2026-08-15T04:46:59.105-07:00,,query_completed,outbound,query_operational_state,ok,,periodic,18,0,,,,,,,
2026-08-15T04:47:29.118-07:00,,query_sent,outbound,get_commodity,pending,,periodic,6,0,,,,,,,
2026-08-15T04:47:29.225-07:00,,link_ack,inbound,get_commodity,ack,,link_layer,6,,,,,,,,
2026-08-15T04:47:29.395-07:00,,intermediate_response,inbound,get_commodity,success,,device_response,6,128,,,,,0,success,
2026-08-15T04:47:29.438-07:00,,query_completed,outbound,get_commodity,ok,,periodic,6,0,,,,,0,success,
2026-08-15T04:47:29.438-07:00,,query_sent,outbound,query_operational_state,pending,,periodic,18,0,,,,,,,
2026-08-15T04:47:29.601-07:00,,link_ack,inbound,query_operational_state,ack,,link_layer,18,,,,,,,,
2026-08-15T04:47:29.726-07:00,,operational_state,inbound,query_operational_state,received,,device_response,19,1,,,1,Running Normal,,,
2026-08-15T04:47:29.766-07:00,,query_completed,outbound,query_operational_state,ok,,periodic,18,0,,,,,,,
2026-08-15T04:47:58.779-07:00,,query_sent,outbound,query_operational_state,pending,,periodic,18,0,,,,,,,
2026-08-15T04:47:58.886-07:00,,link_ack,inbound,query_operational_state,ack,,link_layer,18,,,,,,,,
2026-08-15T04:47:59.011-07:00,,operational_state,inbound,query_operational_state,received,,device_response,19,1,,,1,Running Normal,,,
2026-08-15T04:47:59.051-07:00,,query_completed,outbound,query_operational_state,ok,,periodic,18,0,,,,,,,
2026-08-15T04:48:29.066-07:00,,query_sent,outbound,get_commodity,pending,,periodic,6,0,,,,,,,
2026-08-15T04:48:29.173-07:00,,link_ack,inbound,get_commodity,ack,,link_layer,6,,,,,,,,
2026-08-15T04:48:29.343-07:00,,intermediate_response,inbound,get_commodity,success,,device_response,6,128,,,,,0,success,
2026-08-15T04:48:29.386-07:00,,query_completed,outbound,get_commodity,ok,,periodic,6,0,,,,,0,success,
2026-08-15T04:48:29.386-07:00,,query_sent,outbound,query_operational_state,pending,,periodic,18,0,,,,,,,
2026-08-15T04:48:29.549-07:00,,link_ack,inbound,query_operational_state,ack,,link_layer,18,,,,,,,,
2026-08-15T04:48:29.674-07:00,,operational_state,inbound,query_operational_state,received,,device_response,19,1,,,1,Running Normal,,,
2026-08-15T04:48:29.714-07:00,,query_completed,outbound,query_operational_state,ok,,periodic,18,0,,,,,,,
2026-08-15T04:48:58.727-07:00,,query_sent,outbound,query_operational_state,pending,,periodic,18,0,,,,,,,
2026-08-15T04:48:58.834-07:00,,link_ack,inbound,query_operational_state,ack,,link_layer,18,,,,,,,,
2026-08-15T04:48:58.957-07:00,,operational_state,inbound,query_operational_state,received,,device_response,19,1,,,1,Running Normal,,,
2026-08-15T04:48:58.998-07:00,,query_completed,outbound,query_operational_state,ok,,periodic,18,0,,,,,,,
2026-08-15T04:49:29.011-07:00,,query_sent,outbound,get_commodity,pending,,periodic,6,0,,,,,,,
2026-08-15T04:49:29.123-07:00,,link_ack,inbound,get_commodity,ack,,link_layer,6,,,,,,,,
2026-08-15T04:49:29.291-07:00,,intermediate_response,inbound,get_commodity,success,,device_response,6,128,,,,,0,success,
2026-08-15T04:49:29.334-07:00,,query_completed,outbound,get_commodity,ok,,periodic,6,0,,,,,0,success,
2026-08-15T04:49:29.335-07:00,,query_sent,outbound,query_operational_state,pending,,periodic,18,0,,,,,,,
2026-08-15T04:49:29.497-07:00,,link_ack,inbound,query_operational_state,ack,,link_layer,18,,,,,,,,
2026-08-15T04:49:29.621-07:00,,operational_state,inbound,query_operational_state,received,,device_response,19,1,,,1,Running Normal,,,
2026-08-15T04:49:29.662-07:00,,query_completed,outbound,query_operational_state,ok,,periodic,18,0,,,,,,,
2026-08-15T04:49:58.674-07:00,,query_sent,outbound,query_operational_state,pending,,periodic,18,0,,,,,,,
2026-08-15T04:49:58.784-07:00,,link_ack,inbound,query_operational_state,ack,,link_layer,18,,,,,,,,
2026-08-15T04:49:58.908-07:00,,operational_state,inbound,query_operational_state,received,,device_response,19,1,,,1,Running Normal,,,
2026-08-15T04:49:58.949-07:00,,query_completed,outbound,query_operational_state,ok,,periodic,18,0,,,,,,,
2026-08-15T04:50:28.961-07:00,,query_sent,outbound,get_commodity,pending,,periodic,6,0,,,,,,,
2026-08-15T04:50:29.074-07:00,,link_ack,inbound,get_commodity,ack,,link_layer,6,,,,,,,,
2026-08-15T04:50:29.242-07:00,,intermediate_response,inbound,get_commodity,success,,device_response,6,128,,,,,0,success,
2026-08-15T04:50:29.285-07:00,,query_completed,outbound,get_commodity,ok,,periodic,6,0,,,,,0,success,
2026-08-15T04:50:29.286-07:00,,query_sent,outbound,query_operational_state,pending,,periodic,18,0,,,,,,,
2026-08-15T04:50:29.449-07:00,,link_ack,inbound,query_operational_state,ack,,link_layer,18,,,,,,,,
2026-08-15T04:50:29.572-07:00,,operational_state,inbound,query_operational_state,received,,device_response,19,1,,,1,Running Normal,,,
2026-08-15T04:50:29.613-07:00,,query_completed,outbound,query_operational_state,ok,,periodic,18,0,,,,,,,
2026-08-15T04:50:58.625-07:00,,query_sent,outbound,query_operational_state,pending,,periodic,18,0,,,,,,,
2026-08-15T04:50:58.733-07:00,,link_ack,inbound,query_operational_state,ack,,link_layer,18,,,,,,,,
2026-08-15T04:50:58.858-07:00,,operational_state,inbound,query_operational_state,received,,device_response,19,1,,,1,Running Normal,,,
2026-08-15T04:50:58.898-07:00,,query_completed,outbound,query_operational_state,ok,,periodic,18,0,,,,,,,
2026-08-15T04:51:28.911-07:00,,query_sent,outbound,get_commodity,pending,,periodic,6,0,,,,,,,
2026-08-15T04:51:29.026-07:00,,link_ack,inbound,get_commodity,ack,,link_layer,6,,,,,,,,
2026-08-15T04:51:29.194-07:00,,intermediate_response,inbound,get_commodity,success,,device_response,6,128,,,,,0,success,
2026-08-15T04:51:29.238-07:00,,query_completed,outbound,get_commodity,ok,,periodic,6,0,,,,,0,success,
2026-08-15T04:51:29.238-07:00,,query_sent,outbound,query_operational_state,pending,,periodic,18,0,,,,,,,
2026-08-15T04:51:29.401-07:00,,link_ack,inbound,query_operational_state,ack,,link_layer,18,,,,,,,,
2026-08-15T04:51:29.525-07:00,,operational_state,inbound,query_operational_state,received,,device_response,19,1,,,1,Running Normal,,,
2026-08-15T04:51:29.565-07:00,,query_completed,outbound,query_operational_state,ok,,periodic,18,0,,,,,,,
2026-08-15T04:51:58.577-07:00,,query_sent,outbound,query_operational_state,pending,,periodic,18,0,,,,,,,
2026-08-15T04:51:58.688-07:00,,link_ack,inbound,query_operational_state,ack,,link_layer,18,,,,,,,,
2026-08-15T04:51:58.811-07:00,,operational_state,inbound,query_operational_state,received,,device_response,19,1,,,1,Running Normal,,,
2026-08-15T04:51:58.852-07:00,,query_completed,outbound,query_operational_state,ok,,periodic,18,0,,,,,,,
2026-08-15T04:52:28.865-07:00,,query_sent,outbound,get_commodity,pending,,periodic,6,0,,,,,,,
2026-08-15T04:52:28.977-07:00,,link_ack,inbound,get_commodity,ack,,link_layer,6,,,,,,,,
2026-08-15T04:52:29.146-07:00,,intermediate_response,inbound,get_commodity,success,,device_response,6,128,,,,,0,success,
2026-08-15T04:52:29.189-07:00,,query_completed,outbound,get_commodity,ok,,periodic,6,0,,,,,0,success,
2026-08-15T04:52:29.189-07:00,,query_sent,outbound,query_operational_state,pending,,periodic,18,0,,,,,,,
2026-08-15T04:52:29.351-07:00,,link_ack,inbound,query_operational_state,ack,,link_layer,18,,,,,,,,
2026-08-15T04:52:29.475-07:00,,operational_state,inbound,query_operational_state,received,,device_response,19,1,,,1,Running Normal,,,
2026-08-15T04:52:29.515-07:00,,query_completed,outbound,query_operational_state,ok,,periodic,18,0,,,,,,,
2026-08-15T04:52:58.528-07:00,auto_outside_comm_heartbeat_29,command_sent,outbound,outside_communication1,pending,0,schedule,14,0,,,,,,,
2026-08-15T04:52:58.635-07:00,,link_ack,inbound,outside_communication,ack,,link_layer,14,,,,,,,,
2026-08-15T04:52:58.759-07:00,,application_ack,inbound,outside_communication,ack,,application_layer,3,14,,,,,,,
2026-08-15T04:52:58.799-07:00,auto_outside_comm_heartbeat_29,command_completed,outbound,outside_communication1,ok,0,schedule,14,0,,,,,,,
2026-08-15T04:52:58.801-07:00,,query_sent,outbound,query_operational_state,pending,,periodic,18,0,,,,,,,
2026-08-15T04:52:58.963-07:00,,link_ack,inbound,query_operational_state,ack,,link_layer,18,,,,,,,,
2026-08-15T04:52:59.087-07:00,,operational_state,inbound,query_operational_state,received,,device_response,19,1,,,1,Running Normal,,,
2026-08-15T04:52:59.127-07:00,,query_completed,outbound,query_operational_state,ok,,periodic,18,0,,,,,,,
2026-08-15T04:53:29.139-07:00,,query_sent,outbound,get_commodity,pending,,periodic,6,0,,,,,,,
2026-08-15T04:53:29.248-07:00,,link_ack,inbound,get_commodity,ack,,link_layer,6,,,,,,,,
2026-08-15T04:53:29.416-07:00,,intermediate_response,inbound,get_commodity,success,,device_response,6,128,,,,,0,success,
2026-08-15T04:53:29.460-07:00,,query_completed,outbound,get_commodity,ok,,periodic,6,0,,,,,0,success,
2026-08-15T04:53:29.460-07:00,,query_sent,outbound,query_operational_state,pending,,periodic,18,0,,,,,,,
2026-08-15T04:53:29.623-07:00,,link_ack,inbound,query_operational_state,ack,,link_layer,18,,,,,,,,
2026-08-15T04:53:29.746-07:00,,operational_state,inbound,query_operational_state,received,,device_response,19,1,,,1,Running Normal,,,
2026-08-15T04:53:29.787-07:00,,query_completed,outbound,query_operational_state,ok,,periodic,18,0,,,,,,,
2026-08-15T04:53:58.799-07:00,,query_sent,outbound,query_operational_state,pending,,periodic,18,0,,,,,,,
2026-08-15T04:53:58.908-07:00,,link_ack,inbound,query_operational_state,ack,,link_layer,18,,,,,,,,
2026-08-15T04:53:59.033-07:00,,operational_state,inbound,query_operational_state,received,,device_response,19,1,,,1,Running Normal,,,
2026-08-15T04:53:59.073-07:00,,query_completed,outbound,query_operational_state,ok,,periodic,18,0,,,,,,,
2026-08-15T04:54:29.086-07:00,,query_sent,outbound,get_commodity,pending,,periodic,6,0,,,,,,,
2026-08-15T04:54:29.197-07:00,,link_ack,inbound,get_commodity,ack,,link_layer,6,,,,,,,,
2026-08-15T04:54:29.367-07:00,,intermediate_response,inbound,get_commodity,success,,device_response,6,128,,,,,0,success,
2026-08-15T04:54:29.410-07:00,,query_completed,outbound,get_commodity,ok,,periodic,6,0,,,,,0,success,
2026-08-15T04:54:29.411-07:00,,query_sent,outbound,query_operational_state,pending,,periodic,18,0,,,,,,,
2026-08-15T04:54:29.572-07:00,,link_ack,inbound,query_operational_state,ack,,link_layer,18,,,,,,,,
2026-08-15T04:54:29.696-07:00,,operational_state,inbound,query_operational_state,received,,device_response,19,1,,,1,Running Normal,,,
2026-08-15T04:54:29.737-07:00,,query_completed,outbound,query_operational_state,ok,,periodic,18,0,,,,,,,
2026-08-15T04:54:58.748-07:00,,query_sent,outbound,query_operational_state,pending,,periodic,18,0,,,,,,,
2026-08-15T04:54:58.854-07:00,,link_ack,inbound,query_operational_state,ack,,link_layer,18,,,,,,,,
2026-08-15T04:54:58.978-07:00,,operational_state,inbound,query_operational_state,received,,device_response,19,1,,,1,Running Normal,,,
2026-08-15T04:54:59.019-07:00,,query_completed,outbound,query_operational_state,ok,,periodic,18,0,,,,,,,
2026-08-15T04:55:29.033-07:00,,query_sent,outbound,get_commodity,pending,,periodic,6,0,,,,,,,
2026-08-15T04:55:29.140-07:00,,link_ack,inbound,get_commodity,ack,,link_layer,6,,,,,,,,
2026-08-15T04:55:29.309-07:00,,intermediate_response,inbound,get_commodity,success,,device_response,6,128,,,,,0,success,
2026-08-15T04:55:29.352-07:00,,query_completed,outbound,get_commodity,ok,,periodic,6,0,,,,,0,success,
2026-08-15T04:55:29.352-07:00,,query_sent,outbound,query_operational_state,pending,,periodic,18,0,,,,,,,
2026-08-15T04:55:29.514-07:00,,link_ack,inbound,query_operational_state,ack,,link_layer,18,,,,,,,,
2026-08-15T04:55:29.638-07:00,,operational_state,inbound,query_operational_state,received,,device_response,19,1,,,1,Running Normal,,,
2026-08-15T04:55:29.679-07:00,,query_completed,outbound,query_operational_state,ok,,periodic,18,0,,,,,,,
2026-08-15T04:55:58.690-07:00,,query_sent,outbound,query_operational_state,pending,,periodic,18,0,,,,,,,
2026-08-15T04:55:58.797-07:00,,link_ack,inbound,query_operational_state,ack,,link_layer,18,,,,,,,,
2026-08-15T04:55:58.921-07:00,,operational_state,inbound,query_operational_state,received,,device_response,19,1,,,1,Running Normal,,,
2026-08-15T04:55:58.962-07:00,,query_completed,outbound,query_operational_state,ok,,periodic,18,0,,,,,,,
2026-08-15T04:56:28.974-07:00,,query_sent,outbound,get_commodity,pending,,periodic,6,0,,,,,,,
2026-08-15T04:56:29.084-07:00,,link_ack,inbound,get_commodity,ack,,link_layer,6,,,,,,,,
2026-08-15T04:56:29.253-07:00,,intermediate_response,inbound,get_commodity,success,,device_response,6,128,,,,,0,success,
2026-08-15T04:56:29.297-07:00,,query_completed,outbound,get_commodity,ok,,periodic,6,0,,,,,0,success,
2026-08-15T04:56:29.297-07:00,,query_sent,outbound,query_operational_state,pending,,periodic,18,0,,,,,,,
2026-08-15T04:56:29.460-07:00,,link_ack,inbound,query_operational_state,ack,,link_layer,18,,,,,,,,
2026-08-15T04:56:29.584-07:00,,operational_state,inbound,query_operational_state,received,,device_response,19,1,,,1,Running Normal,,,
2026-08-15T04:56:29.625-07:00,,query_completed,outbound,query_operational_state,ok,,periodic,18,0,,,,,,,
2026-08-15T04:56:58.637-07:00,,query_sent,outbound,query_operational_state,pending,,periodic,18,0,,,,,,,
2026-08-15T04:56:58.745-07:00,,link_ack,inbound,query_operational_state,ack,,link_layer,18,,,,,,,,
2026-08-15T04:56:58.869-07:00,,operational_state,inbound,query_operational_state,received,,device_response,19,1,,,1,Running Normal,,,
2026-08-15T04:56:58.910-07:00,,query_completed,outbound,query_operational_state,ok,,periodic,18,0,,,,,,,
2026-08-15T04:57:28.922-07:00,,query_sent,outbound,get_commodity,pending,,periodic,6,0,,,,,,,
2026-08-15T04:57:29.031-07:00,,link_ack,inbound,get_commodity,ack,,link_layer,6,,,,,,,,
2026-08-15T04:57:29.199-07:00,,intermediate_response,inbound,get_commodity,success,,device_response,6,128,,,,,0,success,
2026-08-15T04:57:29.243-07:00,,query_completed,outbound,get_commodity,ok,,periodic,6,0,,,,,0,success,
2026-08-15T04:57:29.243-07:00,,query_sent,outbound,query_operational_state,pending,,periodic,18,0,,,,,,,
2026-08-15T04:57:29.407-07:00,,link_ack,inbound,query_operational_state,ack,,link_layer,18,,,,,,,,
2026-08-15T04:57:29.530-07:00,,operational_state,inbound,query_operational_state,received,,device_response,19,1,,,1,Running Normal,,,
2026-08-15T04:57:29.571-07:00,,query_completed,outbound,query_operational_state,ok,,periodic,18,0,,,,,,,
2026-08-15T04:57:58.583-07:00,,query_sent,outbound,query_operational_state,pending,,periodic,18,0,,,,,,,
2026-08-15T04:57:58.692-07:00,,link_ack,inbound,query_operational_state,ack,,link_layer,18,,,,,,,,
2026-08-15T04:57:58.817-07:00,,operational_state,inbound,query_operational_state,received,,device_response,19,1,,,1,Running Normal,,,
2026-08-15T04:57:58.857-07:00,,query_completed,outbound,query_operational_state,ok,,periodic,18,0,,,,,,,
2026-08-15T04:58:28.869-07:00,,query_sent,outbound,get_commodity,pending,,periodic,6,0,,,,,,,
2026-08-15T04:58:28.979-07:00,,link_ack,inbound,get_commodity,ack,,link_layer,6,,,,,,,,
2026-08-15T04:58:29.149-07:00,,intermediate_response,inbound,get_commodity,success,,device_response,6,128,,,,,0,success,
2026-08-15T04:58:29.192-07:00,,query_completed,outbound,get_commodity,ok,,periodic,6,0,,,,,0,success,
2026-08-15T04:58:29.192-07:00,,query_sent,outbound,query_operational_state,pending,,periodic,18,0,,,,,,,
2026-08-15T04:58:29.354-07:00,,link_ack,inbound,query_operational_state,ack,,link_layer,18,,,,,,,,
2026-08-15T04:58:29.478-07:00,,operational_state,inbound,query_operational_state,received,,device_response,19,1,,,1,Running Normal,,,
2026-08-15T04:58:29.518-07:00,,query_completed,outbound,query_operational_state,ok,,periodic,18,0,,,,,,,
2026-08-15T04:58:58.530-07:00,,query_sent,outbound,query_operational_state,pending,,periodic,18,0,,,,,,,
2026-08-15T04:58:58.638-07:00,,link_ack,inbound,query_operational_state,ack,,link_layer,18,,,,,,,,
2026-08-15T04:58:58.762-07:00,,operational_state,inbound,query_operational_state,received,,device_response,19,1,,,1,Running Normal,,,
2026-08-15T04:58:58.802-07:00,,query_completed,outbound,query_operational_state,ok,,periodic,18,0,,,,,,,
2026-08-15T04:59:28.815-07:00,,query_sent,outbound,get_commodity,pending,,periodic,6,0,,,,,,,
2026-08-15T04:59:28.923-07:00,,link_ack,inbound,get_commodity,ack,,link_layer,6,,,,,,,,
2026-08-15T04:59:29.092-07:00,,intermediate_response,inbound,get_commodity,success,,device_response,6,128,,,,,0,success,
2026-08-15T04:59:29.135-07:00,,query_completed,outbound,get_commodity,ok,,periodic,6,0,,,,,0,success,
2026-08-15T04:59:29.135-07:00,,query_sent,outbound,query_operational_state,pending,,periodic,18,0,,,,,,,
2026-08-15T04:59:29.297-07:00,,link_ack,inbound,query_operational_state,ack,,link_layer,18,,,,,,,,
2026-08-15T04:59:29.422-07:00,,operational_state,inbound,query_operational_state,received,,device_response,19,1,,,1,Running Normal,,,
2026-08-15T04:59:29.463-07:00,,query_completed,outbound,query_operational_state,ok,,periodic,18,0,,,,,,,
2026-08-15T04:59:58.474-07:00,,query_sent,outbound,query_operational_state,pending,,periodic,18,0,,,,,,,
2026-08-15T04:59:58.579-07:00,,link_ack,inbound,query_operational_state,ack,,link_layer,18,,,,,,,,
2026-08-15T04:59:58.703-07:00,,operational_state,inbound,query_operational_state,received,,device_response,19,1,,,1,Running Normal,,,
2026-08-15T04:59:58.743-07:00,,query_completed,outbound,query_operational_state,ok,,periodic,18,0,,,,,,,
2026-08-15T05:00:28.756-07:00,,query_sent,outbound,get_commodity,pending,,periodic,6,0,,,,,,,
2026-08-15T05:00:28.863-07:00,,link_ack,inbound,get_commodity,ack,,link_layer,6,,,,,,,,
2026-08-15T05:00:29.032-07:00,,intermediate_response,inbound,get_commodity,success,,device_response,6,128,,,,,0,success,
2026-08-15T05:00:29.076-07:00,,query_completed,outbound,get_commodity,ok,,periodic,6,0,,,,,0,success,
2026-08-15T05:00:29.076-07:00,,query_sent,outbound,query_operational_state,pending,,periodic,18,0,,,,,,,
2026-08-15T05:00:29.237-07:00,,link_ack,inbound,query_operational_state,ack,,link_layer,18,,,,,,,,
2026-08-15T05:00:29.361-07:00,,operational_state,inbound,query_operational_state,received,,device_response,19,1,,,1,Running Normal,,,
2026-08-15T05:00:29.402-07:00,,query_completed,outbound,query_operational_state,ok,,periodic,18,0,,,,,,,
2026-08-15T05:00:58.413-07:00,,query_sent,outbound,query_operational_state,pending,,periodic,18,0,,,,,,,
2026-08-15T05:00:58.518-07:00,,link_ack,inbound,query_operational_state,ack,,link_layer,18,,,,,,,,
2026-08-15T05:00:58.642-07:00,,operational_state,inbound,query_operational_state,received,,device_response,19,1,,,1,Running Normal,,,
2026-08-15T05:00:58.683-07:00,,query_completed,outbound,query_operational_state,ok,,periodic,18,0,,,,,,,
2026-08-15T05:01:28.695-07:00,auto_outside_comm_for_run_normal_1,command_sent,outbound,outside_communication1,pending,0,schedule,14,0,,,,,,,
2026-08-15T05:01:28.805-07:00,,link_ack,inbound,outside_communication,ack,,link_layer,14,,,,,,,,
2026-08-15T05:01:28.928-07:00,,application_ack,inbound,outside_communication,ack,,application_layer,3,14,,,,,,,
2026-08-15T05:01:28.969-07:00,auto_outside_comm_for_run_normal_1,command_completed,outbound,outside_communication1,ok,0,schedule,14,0,,,,,,,
2026-08-15T05:01:28.970-07:00,,query_sent,outbound,get_commodity,pending,,periodic,6,0,,,,,,,
2026-08-15T05:01:29.131-07:00,,link_ack,inbound,get_commodity,ack,,link_layer,6,,,,,,,,
2026-08-15T05:01:29.299-07:00,,intermediate_response,inbound,get_commodity,success,,device_response,6,128,,,,,0,success,
2026-08-15T05:01:29.343-07:00,,query_completed,outbound,get_commodity,ok,,periodic,6,0,,,,,0,success,
2026-08-15T05:01:29.343-07:00,,query_sent,outbound,query_operational_state,pending,,periodic,18,0,,,,,,,
2026-08-15T05:01:29.505-07:00,,link_ack,inbound,query_operational_state,ack,,link_layer,18,,,,,,,,
2026-08-15T05:01:29.628-07:00,,operational_state,inbound,query_operational_state,received,,device_response,19,1,,,1,Running Normal,,,
2026-08-15T05:01:29.669-07:00,,query_completed,outbound,query_operational_state,ok,,periodic,18,0,,,,,,,
2026-08-15T05:01:43.675-07:00,run_normal_1,command_sent,outbound,run_normal,pending,0,schedule,2,0,,,,,,,
2026-08-15T05:01:43.759-07:00,,link_ack,inbound,run_normal,ack,,link_layer,2,,,,,,,,
2026-08-15T05:01:43.882-07:00,,application_ack,inbound,run_normal,ack,,application_layer,3,2,,,,,,,
2026-08-15T05:01:43.922-07:00,run_normal_1,command_completed,outbound,run_normal,ok,0,schedule,2,0,,,,,,,
2026-08-15T05:01:58.929-07:00,,query_sent,outbound,query_operational_state,pending,,periodic,18,0,,,,,,,
2026-08-15T05:01:59.015-07:00,,link_ack,inbound,query_operational_state,ack,,link_layer,18,,,,,,,,
2026-08-15T05:01:59.138-07:00,,operational_state,inbound,query_operational_state,received,,device_response,19,1,,,1,Running Normal,,,
2026-08-15T05:01:59.179-07:00,,query_completed,outbound,query_operational_state,ok,,periodic,18,0,,,,,,,
2026-08-15T05:02:29.189-07:00,,query_sent,outbound,get_commodity,pending,,periodic,6,0,,,,,,,
2026-08-15T05:02:29.300-07:00,,link_ack,inbound,get_commodity,ack,,link_layer,6,,,,,,,,
2026-08-15T05:02:29.468-07:00,,intermediate_response,inbound,get_commodity,success,,device_response,6,128,,,,,0,success,
2026-08-15T05:02:29.512-07:00,,query_completed,outbound,get_commodity,ok,,periodic,6,0,,,,,0,success,
2026-08-15T05:02:29.512-07:00,,query_sent,outbound,query_operational_state,pending,,periodic,18,0,,,,,,,
2026-08-15T05:02:29.674-07:00,,link_ack,inbound,query_operational_state,ack,,link_layer,18,,,,,,,,
2026-08-15T05:02:29.797-07:00,,operational_state,inbound,query_operational_state,received,,device_response,19,1,,,1,Running Normal,,,
2026-08-15T05:02:29.838-07:00,,query_completed,outbound,query_operational_state,ok,,periodic,18,0,,,,,,,
2026-08-15T05:02:58.848-07:00,,query_sent,outbound,query_operational_state,pending,,periodic,18,0,,,,,,,
2026-08-15T05:02:58.957-07:00,,link_ack,inbound,query_operational_state,ack,,link_layer,18,,,,,,,,
2026-08-15T05:02:59.080-07:00,,operational_state,inbound,query_operational_state,received,,device_response,19,1,,,1,Running Normal,,,
2026-08-15T05:02:59.121-07:00,,query_completed,outbound,query_operational_state,ok,,periodic,18,0,,,,,,,
2026-08-15T05:03:29.131-07:00,,query_sent,outbound,get_commodity,pending,,periodic,6,0,,,,,,,
2026-08-15T05:03:29.243-07:00,,link_ack,inbound,get_commodity,ack,,link_layer,6,,,,,,,,
2026-08-15T05:03:29.412-07:00,,intermediate_response,inbound,get_commodity,success,,device_response,6,128,,,,,0,success,
2026-08-15T05:03:29.456-07:00,,query_completed,outbound,get_commodity,ok,,periodic,6,0,,,,,0,success,
2026-08-15T05:03:29.457-07:00,,query_sent,outbound,query_operational_state,pending,,periodic,18,0,,,,,,,
2026-08-15T05:03:29.621-07:00,,link_ack,inbound,query_operational_state,ack,,link_layer,18,,,,,,,,
2026-08-15T05:03:29.744-07:00,,operational_state,inbound,query_operational_state,received,,device_response,19,1,,,1,Running Normal,,,
2026-08-15T05:03:29.785-07:00,,query_completed,outbound,query_operational_state,ok,,periodic,18,0,,,,,,,
2026-08-15T05:03:58.795-07:00,,query_sent,outbound,query_operational_state,pending,,periodic,18,0,,,,,,,
2026-08-15T05:03:58.903-07:00,,link_ack,inbound,query_operational_state,ack,,link_layer,18,,,,,,,,
2026-08-15T05:03:59.026-07:00,,operational_state,inbound,query_operational_state,received,,device_response,19,1,,,1,Running Normal,,,
2026-08-15T05:03:59.067-07:00,,query_completed,outbound,query_operational_state,ok,,periodic,18,0,,,,,,,
2026-08-15T05:04:29.077-07:00,,query_sent,outbound,get_commodity,pending,,periodic,6,0,,,,,,,
2026-08-15T05:04:29.188-07:00,,link_ack,inbound,get_commodity,ack,,link_layer,6,,,,,,,,
2026-08-15T05:04:29.356-07:00,,intermediate_response,inbound,get_commodity,success,,device_response,6,128,,,,,0,success,
2026-08-15T05:04:29.399-07:00,,query_completed,outbound,get_commodity,ok,,periodic,6,0,,,,,0,success,
2026-08-15T05:04:29.400-07:00,,query_sent,outbound,query_operational_state,pending,,periodic,18,0,,,,,,,
2026-08-15T05:04:29.562-07:00,,link_ack,inbound,query_operational_state,ack,,link_layer,18,,,,,,,,
2026-08-15T05:04:29.685-07:00,,operational_state,inbound,query_operational_state,received,,device_response,19,1,,,1,Running Normal,,,
2026-08-15T05:04:29.726-07:00,,query_completed,outbound,query_operational_state,ok,,periodic,18,0,,,,,,,
2026-08-15T05:04:58.736-07:00,,query_sent,outbound,query_operational_state,pending,,periodic,18,0,,,,,,,
2026-08-15T05:04:58.840-07:00,,link_ack,inbound,query_operational_state,ack,,link_layer,18,,,,,,,,
2026-08-15T05:04:58.963-07:00,,operational_state,inbound,query_operational_state,received,,device_response,19,1,,,1,Running Normal,,,
2026-08-15T05:04:59.004-07:00,,query_completed,outbound,query_operational_state,ok,,periodic,18,0,,,,,,,
2026-08-15T05:05:29.015-07:00,,query_sent,outbound,get_commodity,pending,,periodic,6,0,,,,,,,
2026-08-15T05:05:29.124-07:00,,link_ack,inbound,get_commodity,ack,,link_layer,6,,,,,,,,
2026-08-15T05:05:29.293-07:00,,intermediate_response,inbound,get_commodity,success,,device_response,6,128,,,,,0,success,
2026-08-15T05:05:29.336-07:00,,query_completed,outbound,get_commodity,ok,,periodic,6,0,,,,,0,success,
2026-08-15T05:05:29.337-07:00,,query_sent,outbound,query_operational_state,pending,,periodic,18,0,,,,,,,
2026-08-15T05:05:29.499-07:00,,link_ack,inbound,query_operational_state,ack,,link_layer,18,,,,,,,,
2026-08-15T05:05:29.622-07:00,,operational_state,inbound,query_operational_state,received,,device_response,19,1,,,1,Running Normal,,,
2026-08-15T05:05:29.663-07:00,,query_completed,outbound,query_operational_state,ok,,periodic,18,0,,,,,,,
2026-08-15T05:05:58.674-07:00,,query_sent,outbound,query_operational_state,pending,,periodic,18,0,,,,,,,
2026-08-15T05:05:58.779-07:00,,link_ack,inbound,query_operational_state,ack,,link_layer,18,,,,,,,,
2026-08-15T05:05:58.903-07:00,,operational_state,inbound,query_operational_state,received,,device_response,19,1,,,1,Running Normal,,,
2026-08-15T05:05:58.944-07:00,,query_completed,outbound,query_operational_state,ok,,periodic,18,0,,,,,,,
2026-08-15T05:06:28.955-07:00,auto_outside_comm_heartbeat_30,command_sent,outbound,outside_communication1,pending,0,schedule,14,0,,,,,,,
2026-08-15T05:06:29.066-07:00,,link_ack,inbound,outside_communication,ack,,link_layer,14,,,,,,,,
2026-08-15T05:06:29.189-07:00,,application_ack,inbound,outside_communication,ack,,application_layer,3,14,,,,,,,
2026-08-15T05:06:29.229-07:00,auto_outside_comm_heartbeat_30,command_completed,outbound,outside_communication1,ok,0,schedule,14,0,,,,,,,
2026-08-15T05:06:29.230-07:00,,query_sent,outbound,get_commodity,pending,,periodic,6,0,,,,,,,
2026-08-15T05:06:29.391-07:00,,link_ack,inbound,get_commodity,ack,,link_layer,6,,,,,,,,
2026-08-15T05:06:29.560-07:00,,intermediate_response,inbound,get_commodity,success,,device_response,6,128,,,,,0,success,
2026-08-15T05:06:29.603-07:00,,query_completed,outbound,get_commodity,ok,,periodic,6,0,,,,,0,success,
2026-08-15T05:06:29.604-07:00,,query_sent,outbound,query_operational_state,pending,,periodic,18,0,,,,,,,
2026-08-15T05:06:29.766-07:00,,link_ack,inbound,query_operational_state,ack,,link_layer,18,,,,,,,,
2026-08-15T05:06:29.890-07:00,,operational_state,inbound,query_operational_state,received,,device_response,19,1,,,1,Running Normal,,,
2026-08-15T05:06:29.930-07:00,,query_completed,outbound,query_operational_state,ok,,periodic,18,0,,,,,,,
2026-08-15T05:06:58.940-07:00,,query_sent,outbound,query_operational_state,pending,,periodic,18,0,,,,,,,
2026-08-15T05:06:59.052-07:00,,link_ack,inbound,query_operational_state,ack,,link_layer,18,,,,,,,,
2026-08-15T05:06:59.176-07:00,,operational_state,inbound,query_operational_state,received,,device_response,19,1,,,1,Running Normal,,,
2026-08-15T05:06:59.216-07:00,,query_completed,outbound,query_operational_state,ok,,periodic,18,0,,,,,,,
2026-08-15T05:07:29.226-07:00,,query_sent,outbound,get_commodity,pending,,periodic,6,0,,,,,,,
2026-08-15T05:07:29.341-07:00,,link_ack,inbound,get_commodity,ack,,link_layer,6,,,,,,,,
2026-08-15T05:07:29.509-07:00,,intermediate_response,inbound,get_commodity,success,,device_response,6,128,,,,,0,success,
2026-08-15T05:07:29.553-07:00,,query_completed,outbound,get_commodity,ok,,periodic,6,0,,,,,0,success,
2026-08-15T05:07:29.553-07:00,,query_sent,outbound,query_operational_state,pending,,periodic,18,0,,,,,,,
2026-08-15T05:07:29.716-07:00,,link_ack,inbound,query_operational_state,ack,,link_layer,18,,,,,,,,
2026-08-15T05:07:29.840-07:00,,operational_state,inbound,query_operational_state,received,,device_response,19,1,,,1,Running Normal,,,
2026-08-15T05:07:29.880-07:00,,query_completed,outbound,query_operational_state,ok,,periodic,18,0,,,,,,,
2026-08-15T05:07:58.890-07:00,,query_sent,outbound,query_operational_state,pending,,periodic,18,0,,,,,,,
2026-08-15T05:07:58.996-07:00,,link_ack,inbound,query_operational_state,ack,,link_layer,18,,,,,,,,
2026-08-15T05:07:59.120-07:00,,operational_state,inbound,query_operational_state,received,,device_response,19,1,,,1,Running Normal,,,
2026-08-15T05:07:59.160-07:00,,query_completed,outbound,query_operational_state,ok,,periodic,18,0,,,,,,,
2026-08-15T05:08:29.170-07:00,,query_sent,outbound,get_commodity,pending,,periodic,6,0,,,,,,,
2026-08-15T05:08:29.280-07:00,,link_ack,inbound,get_commodity,ack,,link_layer,6,,,,,,,,
2026-08-15T05:08:29.448-07:00,,intermediate_response,inbound,get_commodity,success,,device_response,6,128,,,,,0,success,
2026-08-15T05:08:29.492-07:00,,query_completed,outbound,get_commodity,ok,,periodic,6,0,,,,,0,success,
2026-08-15T05:08:29.492-07:00,,query_sent,outbound,query_operational_state,pending,,periodic,18,0,,,,,,,
2026-08-15T05:08:29.654-07:00,,link_ack,inbound,query_operational_state,ack,,link_layer,18,,,,,,,,
2026-08-15T05:08:29.778-07:00,,operational_state,inbound,query_operational_state,received,,device_response,19,1,,,1,Running Normal,,,
2026-08-15T05:08:29.818-07:00,,query_completed,outbound,query_operational_state,ok,,periodic,18,0,,,,,,,
2026-08-15T05:08:58.828-07:00,,query_sent,outbound,query_operational_state,pending,,periodic,18,0,,,,,,,
2026-08-15T05:08:58.940-07:00,,link_ack,inbound,query_operational_state,ack,,link_layer,18,,,,,,,,
2026-08-15T05:08:59.064-07:00,,operational_state,inbound,query_operational_state,received,,device_response,19,1,,,1,Running Normal,,,
2026-08-15T05:08:59.104-07:00,,query_completed,outbound,query_operational_state,ok,,periodic,18,0,,,,,,,
2026-08-15T05:09:29.114-07:00,,query_sent,outbound,get_commodity,pending,,periodic,6,0,,,,,,,
2026-08-15T05:09:29.229-07:00,,link_ack,inbound,get_commodity,ack,,link_layer,6,,,,,,,,
2026-08-15T05:09:29.398-07:00,,intermediate_response,inbound,get_commodity,success,,device_response,6,128,,,,,0,success,
2026-08-15T05:09:29.441-07:00,,query_completed,outbound,get_commodity,ok,,periodic,6,0,,,,,0,success,
2026-08-15T05:09:29.441-07:00,,query_sent,outbound,query_operational_state,pending,,periodic,18,0,,,,,,,
2026-08-15T05:09:29.603-07:00,,link_ack,inbound,query_operational_state,ack,,link_layer,18,,,,,,,,
2026-08-15T05:09:29.727-07:00,,operational_state,inbound,query_operational_state,received,,device_response,19,1,,,1,Running Normal,,,
2026-08-15T05:09:29.767-07:00,,query_completed,outbound,query_operational_state,ok,,periodic,18,0,,,,,,,
2026-08-15T05:09:58.777-07:00,,query_sent,outbound,query_operational_state,pending,,periodic,18,0,,,,,,,
2026-08-15T05:09:58.884-07:00,,link_ack,inbound,query_operational_state,ack,,link_layer,18,,,,,,,,
2026-08-15T05:09:59.008-07:00,,operational_state,inbound,query_operational_state,received,,device_response,19,1,,,1,Running Normal,,,
2026-08-15T05:09:59.048-07:00,,query_completed,outbound,query_operational_state,ok,,periodic,18,0,,,,,,,
2026-08-15T05:10:29.059-07:00,,query_sent,outbound,get_commodity,pending,,periodic,6,0,,,,,,,
2026-08-15T05:10:29.170-07:00,,link_ack,inbound,get_commodity,ack,,link_layer,6,,,,,,,,
2026-08-15T05:10:29.338-07:00,,intermediate_response,inbound,get_commodity,success,,device_response,6,128,,,,,0,success,
2026-08-15T05:10:29.381-07:00,,query_completed,outbound,get_commodity,ok,,periodic,6,0,,,,,0,success,
2026-08-15T05:10:29.381-07:00,,query_sent,outbound,query_operational_state,pending,,periodic,18,0,,,,,,,
2026-08-15T05:10:29.545-07:00,,link_ack,inbound,query_operational_state,ack,,link_layer,18,,,,,,,,
2026-08-15T05:10:29.668-07:00,,operational_state,inbound,query_operational_state,received,,device_response,19,1,,,1,Running Normal,,,
2026-08-15T05:10:29.709-07:00,,query_completed,outbound,query_operational_state,ok,,periodic,18,0,,,,,,,
2026-08-15T05:10:58.718-07:00,,query_sent,outbound,query_operational_state,pending,,periodic,18,0,,,,,,,
2026-08-15T05:10:58.829-07:00,,link_ack,inbound,query_operational_state,ack,,link_layer,18,,,,,,,,
2026-08-15T05:10:58.952-07:00,,operational_state,inbound,query_operational_state,received,,device_response,19,1,,,1,Running Normal,,,
2026-08-15T05:10:58.992-07:00,,query_completed,outbound,query_operational_state,ok,,periodic,18,0,,,,,,,
2026-08-15T05:11:29.003-07:00,,query_sent,outbound,get_commodity,pending,,periodic,6,0,,,,,,,
2026-08-15T05:11:29.113-07:00,,link_ack,inbound,get_commodity,ack,,link_layer,6,,,,,,,,
2026-08-15T05:11:29.281-07:00,,intermediate_response,inbound,get_commodity,success,,device_response,6,128,,,,,0,success,
2026-08-15T05:11:29.324-07:00,,query_completed,outbound,get_commodity,ok,,periodic,6,0,,,,,0,success,
2026-08-15T05:11:29.324-07:00,,query_sent,outbound,query_operational_state,pending,,periodic,18,0,,,,,,,
2026-08-15T05:11:29.488-07:00,,link_ack,inbound,query_operational_state,ack,,link_layer,18,,,,,,,,
2026-08-15T05:11:29.612-07:00,,operational_state,inbound,query_operational_state,received,,device_response,19,1,,,1,Running Normal,,,
2026-08-15T05:11:29.653-07:00,,query_completed,outbound,query_operational_state,ok,,periodic,18,0,,,,,,,
2026-08-15T05:11:58.662-07:00,,query_sent,outbound,query_operational_state,pending,,periodic,18,0,,,,,,,
2026-08-15T05:11:58.770-07:00,,link_ack,inbound,query_operational_state,ack,,link_layer,18,,,,,,,,
2026-08-15T05:11:58.893-07:00,,operational_state,inbound,query_operational_state,received,,device_response,19,1,,,1,Running Normal,,,
2026-08-15T05:11:58.934-07:00,,query_completed,outbound,query_operational_state,ok,,periodic,18,0,,,,,,,
2026-08-15T05:12:28.944-07:00,,query_sent,outbound,get_commodity,pending,,periodic,6,0,,,,,,,
2026-08-15T05:12:29.056-07:00,,link_ack,inbound,get_commodity,ack,,link_layer,6,,,,,,,,
2026-08-15T05:12:29.225-07:00,,intermediate_response,inbound,get_commodity,success,,device_response,6,128,,,,,0,success,
2026-08-15T05:12:29.268-07:00,,query_completed,outbound,get_commodity,ok,,periodic,6,0,,,,,0,success,
2026-08-15T05:12:29.269-07:00,,query_sent,outbound,query_operational_state,pending,,periodic,18,0,,,,,,,
2026-08-15T05:12:29.430-07:00,,link_ack,inbound,query_operational_state,ack,,link_layer,18,,,,,,,,
2026-08-15T05:12:29.554-07:00,,operational_state,inbound,query_operational_state,received,,device_response,19,1,,,1,Running Normal,,,
2026-08-15T05:12:29.595-07:00,,query_completed,outbound,query_operational_state,ok,,periodic,18,0,,,,,,,
2026-08-15T05:12:58.605-07:00,,query_sent,outbound,query_operational_state,pending,,periodic,18,0,,,,,,,
2026-08-15T05:12:58.712-07:00,,link_ack,inbound,query_operational_state,ack,,link_layer,18,,,,,,,,
2026-08-15T05:12:58.835-07:00,,operational_state,inbound,query_operational_state,received,,device_response,19,1,,,1,Running Normal,,,
2026-08-15T05:12:58.876-07:00,,query_completed,outbound,query_operational_state,ok,,periodic,18,0,,,,,,,
2026-08-15T05:13:28.886-07:00,,query_sent,outbound,get_commodity,pending,,periodic,6,0,,,,,,,
2026-08-15T05:13:28.999-07:00,,link_ack,inbound,get_commodity,ack,,link_layer,6,,,,,,,,
2026-08-15T05:13:29.169-07:00,,intermediate_response,inbound,get_commodity,success,,device_response,6,128,,,,,0,success,
2026-08-15T05:13:29.212-07:00,,query_completed,outbound,get_commodity,ok,,periodic,6,0,,,,,0,success,
2026-08-15T05:13:29.212-07:00,,query_sent,outbound,query_operational_state,pending,,periodic,18,0,,,,,,,
2026-08-15T05:13:29.376-07:00,,link_ack,inbound,query_operational_state,ack,,link_layer,18,,,,,,,,
2026-08-15T05:13:29.500-07:00,,operational_state,inbound,query_operational_state,received,,device_response,19,1,,,1,Running Normal,,,
2026-08-15T05:13:29.541-07:00,,query_completed,outbound,query_operational_state,ok,,periodic,18,0,,,,,,,
2026-08-15T05:13:58.550-07:00,,query_sent,outbound,query_operational_state,pending,,periodic,18,0,,,,,,,
2026-08-15T05:13:58.661-07:00,,link_ack,inbound,query_operational_state,ack,,link_layer,18,,,,,,,,
2026-08-15T05:13:58.783-07:00,,operational_state,inbound,query_operational_state,received,,device_response,19,1,,,1,Running Normal,,,
2026-08-15T05:13:58.824-07:00,,query_completed,outbound,query_operational_state,ok,,periodic,18,0,,,,,,,
2026-08-15T05:14:28.834-07:00,,query_sent,outbound,get_commodity,pending,,periodic,6,0,,,,,,,
2026-08-15T05:14:28.946-07:00,,link_ack,inbound,get_commodity,ack,,link_layer,6,,,,,,,,
2026-08-15T05:14:29.114-07:00,,intermediate_response,inbound,get_commodity,success,,device_response,6,128,,,,,0,success,
2026-08-15T05:14:29.158-07:00,,query_completed,outbound,get_commodity,ok,,periodic,6,0,,,,,0,success,
2026-08-15T05:14:29.158-07:00,,query_sent,outbound,query_operational_state,pending,,periodic,18,0,,,,,,,
2026-08-15T05:14:29.322-07:00,,link_ack,inbound,query_operational_state,ack,,link_layer,18,,,,,,,,
2026-08-15T05:14:29.445-07:00,,operational_state,inbound,query_operational_state,received,,device_response,19,1,,,1,Running Normal,,,
2026-08-15T05:14:29.485-07:00,,query_completed,outbound,query_operational_state,ok,,periodic,18,0,,,,,,,
2026-08-15T05:14:58.495-07:00,,query_sent,outbound,query_operational_state,pending,,periodic,18,0,,,,,,,
2026-08-15T05:14:58.607-07:00,,link_ack,inbound,query_operational_state,ack,,link_layer,18,,,,,,,,
2026-08-15T05:14:58.731-07:00,,operational_state,inbound,query_operational_state,received,,device_response,19,1,,,1,Running Normal,,,
2026-08-15T05:14:58.771-07:00,,query_completed,outbound,query_operational_state,ok,,periodic,18,0,,,,,,,
2026-08-15T05:15:28.781-07:00,,query_sent,outbound,get_commodity,pending,,periodic,6,0,,,,,,,
2026-08-15T05:15:28.894-07:00,,link_ack,inbound,get_commodity,ack,,link_layer,6,,,,,,,,
2026-08-15T05:15:29.063-07:00,,intermediate_response,inbound,get_commodity,success,,device_response,6,128,,,,,0,success,
2026-08-15T05:15:29.106-07:00,,query_completed,outbound,get_commodity,ok,,periodic,6,0,,,,,0,success,
2026-08-15T05:15:29.107-07:00,,query_sent,outbound,query_operational_state,pending,,periodic,18,0,,,,,,,
2026-08-15T05:15:29.268-07:00,,link_ack,inbound,query_operational_state,ack,,link_layer,18,,,,,,,,
2026-08-15T05:15:29.392-07:00,,operational_state,inbound,query_operational_state,received,,device_response,19,1,,,1,Running Normal,,,
2026-08-15T05:15:29.432-07:00,,query_completed,outbound,query_operational_state,ok,,periodic,18,0,,,,,,,
2026-08-15T05:15:58.442-07:00,,query_sent,outbound,query_operational_state,pending,,periodic,18,0,,,,,,,
2026-08-15T05:15:58.552-07:00,,link_ack,inbound,query_operational_state,ack,,link_layer,18,,,,,,,,
2026-08-15T05:15:58.676-07:00,,operational_state,inbound,query_operational_state,received,,device_response,19,1,,,1,Running Normal,,,
2026-08-15T05:15:58.717-07:00,,query_completed,outbound,query_operational_state,ok,,periodic,18,0,,,,,,,
2026-08-15T05:16:28.727-07:00,,query_sent,outbound,get_commodity,pending,,periodic,6,0,,,,,,,
2026-08-15T05:16:28.839-07:00,,link_ack,inbound,get_commodity,ack,,link_layer,6,,,,,,,,
2026-08-15T05:16:29.009-07:00,,intermediate_response,inbound,get_commodity,success,,device_response,6,128,,,,,0,success,
2026-08-15T05:16:29.053-07:00,,query_completed,outbound,get_commodity,ok,,periodic,6,0,,,,,0,success,
2026-08-15T05:16:29.053-07:00,,query_sent,outbound,query_operational_state,pending,,periodic,18,0,,,,,,,
2026-08-15T05:16:29.215-07:00,,link_ack,inbound,query_operational_state,ack,,link_layer,18,,,,,,,,
2026-08-15T05:16:29.338-07:00,,operational_state,inbound,query_operational_state,received,,device_response,19,1,,,1,Running Normal,,,
2026-08-15T05:16:29.379-07:00,,query_completed,outbound,query_operational_state,ok,,periodic,18,0,,,,,,,
2026-08-15T05:16:58.389-07:00,,query_sent,outbound,query_operational_state,pending,,periodic,18,0,,,,,,,
2026-08-15T05:16:58.499-07:00,,link_ack,inbound,query_operational_state,ack,,link_layer,18,,,,,,,,
2026-08-15T05:16:58.623-07:00,,operational_state,inbound,query_operational_state,received,,device_response,19,1,,,1,Running Normal,,,
2026-08-15T05:16:58.664-07:00,,query_completed,outbound,query_operational_state,ok,,periodic,18,0,,,,,,,
2026-08-15T05:17:28.674-07:00,,query_sent,outbound,get_commodity,pending,,periodic,6,0,,,,,,,
2026-08-15T05:17:28.789-07:00,,link_ack,inbound,get_commodity,ack,,link_layer,6,,,,,,,,
2026-08-15T05:17:28.957-07:00,,intermediate_response,inbound,get_commodity,success,,device_response,6,128,,,,,0,success,
2026-08-15T05:17:29.001-07:00,,query_completed,outbound,get_commodity,ok,,periodic,6,0,,,,,0,success,
2026-08-15T05:17:29.001-07:00,,query_sent,outbound,query_operational_state,pending,,periodic,18,0,,,,,,,
2026-08-15T05:17:29.163-07:00,,link_ack,inbound,query_operational_state,ack,,link_layer,18,,,,,,,,
2026-08-15T05:17:29.288-07:00,,operational_state,inbound,query_operational_state,received,,device_response,19,1,,,1,Running Normal,,,
2026-08-15T05:17:29.328-07:00,,query_completed,outbound,query_operational_state,ok,,periodic,18,0,,,,,,,
2026-08-15T05:17:59.338-07:00,,query_sent,outbound,query_operational_state,pending,,periodic,18,0,,,,,,,
2026-08-15T05:17:59.450-07:00,,link_ack,inbound,query_operational_state,ack,,link_layer,18,,,,,,,,
2026-08-15T05:17:59.573-07:00,,operational_state,inbound,query_operational_state,received,,device_response,19,1,,,1,Running Normal,,,
2026-08-15T05:17:59.614-07:00,,query_completed,outbound,query_operational_state,ok,,periodic,18,0,,,,,,,
2026-08-15T05:18:28.623-07:00,,query_sent,outbound,get_commodity,pending,,periodic,6,0,,,,,,,
2026-08-15T05:18:28.734-07:00,,link_ack,inbound,get_commodity,ack,,link_layer,6,,,,,,,,
2026-08-15T05:18:28.904-07:00,,intermediate_response,inbound,get_commodity,success,,device_response,6,128,,,,,0,success,
2026-08-15T05:18:28.947-07:00,,query_completed,outbound,get_commodity,ok,,periodic,6,0,,,,,0,success,
2026-08-15T05:18:28.948-07:00,,query_sent,outbound,query_operational_state,pending,,periodic,18,0,,,,,,,
2026-08-15T05:18:29.111-07:00,,link_ack,inbound,query_operational_state,ack,,link_layer,18,,,,,,,,
2026-08-15T05:18:29.235-07:00,,operational_state,inbound,query_operational_state,received,,device_response,19,1,,,1,Running Normal,,,
2026-08-15T05:18:29.276-07:00,,query_completed,outbound,query_operational_state,ok,,periodic,18,0,,,,,,,
2026-08-15T05:18:59.287-07:00,,query_sent,outbound,query_operational_state,pending,,periodic,18,0,,,,,,,
2026-08-15T05:18:59.397-07:00,,link_ack,inbound,query_operational_state,ack,,link_layer,18,,,,,,,,
2026-08-15T05:18:59.520-07:00,,operational_state,inbound,query_operational_state,received,,device_response,19,1,,,1,Running Normal,,,
2026-08-15T05:18:59.561-07:00,,query_completed,outbound,query_operational_state,ok,,periodic,18,0,,,,,,,
2026-08-15T05:19:28.570-07:00,,query_sent,outbound,get_commodity,pending,,periodic,6,0,,,,,,,
2026-08-15T05:19:28.681-07:00,,link_ack,inbound,get_commodity,ack,,link_layer,6,,,,,,,,
2026-08-15T05:19:28.849-07:00,,intermediate_response,inbound,get_commodity,success,,device_response,6,128,,,,,0,success,
2026-08-15T05:19:28.892-07:00,,query_completed,outbound,get_commodity,ok,,periodic,6,0,,,,,0,success,
2026-08-15T05:19:28.892-07:00,,query_sent,outbound,query_operational_state,pending,,periodic,18,0,,,,,,,
2026-08-15T05:19:29.054-07:00,,link_ack,inbound,query_operational_state,ack,,link_layer,18,,,,,,,,
2026-08-15T05:19:29.178-07:00,,operational_state,inbound,query_operational_state,received,,device_response,19,1,,,1,Running Normal,,,
2026-08-15T05:19:29.219-07:00,,query_completed,outbound,query_operational_state,ok,,periodic,18,0,,,,,,,
2026-08-15T05:19:58.228-07:00,auto_outside_comm_heartbeat_31,command_sent,outbound,outside_communication1,pending,0,schedule,14,0,,,,,,,
2026-08-15T05:19:58.338-07:00,,link_ack,inbound,outside_communication,ack,,link_layer,14,,,,,,,,
2026-08-15T05:19:58.461-07:00,,application_ack,inbound,outside_communication,ack,,application_layer,3,14,,,,,,,
2026-08-15T05:19:58.502-07:00,auto_outside_comm_heartbeat_31,command_completed,outbound,outside_communication1,ok,0,schedule,14,0,,,,,,,
2026-08-15T05:19:58.503-07:00,,query_sent,outbound,query_operational_state,pending,,periodic,18,0,,,,,,,
2026-08-15T05:19:58.665-07:00,,link_ack,inbound,query_operational_state,ack,,link_layer,18,,,,,,,,
2026-08-15T05:19:58.790-07:00,,operational_state,inbound,query_operational_state,received,,device_response,19,1,,,1,Running Normal,,,
2026-08-15T05:19:58.830-07:00,,query_completed,outbound,query_operational_state,ok,,periodic,18,0,,,,,,,
2026-08-15T05:20:28.838-07:00,,query_sent,outbound,get_commodity,pending,,periodic,6,0,,,,,,,
2026-08-15T05:20:28.952-07:00,,link_ack,inbound,get_commodity,ack,,link_layer,6,,,,,,,,
2026-08-15T05:20:29.120-07:00,,intermediate_response,inbound,get_commodity,success,,device_response,6,128,,,,,0,success,
2026-08-15T05:20:29.164-07:00,,query_completed,outbound,get_commodity,ok,,periodic,6,0,,,,,0,success,
2026-08-15T05:20:29.164-07:00,,query_sent,outbound,query_operational_state,pending,,periodic,18,0,,,,,,,
2026-08-15T05:20:29.326-07:00,,link_ack,inbound,query_operational_state,ack,,link_layer,18,,,,,,,,
2026-08-15T05:20:29.451-07:00,,operational_state,inbound,query_operational_state,received,,device_response,19,1,,,1,Running Normal,,,
2026-08-15T05:20:29.491-07:00,,query_completed,outbound,query_operational_state,ok,,periodic,18,0,,,,,,,
2026-08-15T05:20:58.499-07:00,,query_sent,outbound,query_operational_state,pending,,periodic,18,0,,,,,,,
2026-08-15T05:20:58.610-07:00,,link_ack,inbound,query_operational_state,ack,,link_layer,18,,,,,,,,
2026-08-15T05:20:58.734-07:00,,operational_state,inbound,query_operational_state,received,,device_response,19,1,,,1,Running Normal,,,
2026-08-15T05:20:58.775-07:00,,query_completed,outbound,query_operational_state,ok,,periodic,18,0,,,,,,,
2026-08-15T05:21:28.782-07:00,,query_sent,outbound,get_commodity,pending,,periodic,6,0,,,,,,,
2026-08-15T05:21:28.897-07:00,,link_ack,inbound,get_commodity,ack,,link_layer,6,,,,,,,,
2026-08-15T05:21:29.066-07:00,,intermediate_response,inbound,get_commodity,success,,device_response,6,128,,,,,0,success,
2026-08-15T05:21:29.109-07:00,,query_completed,outbound,get_commodity,ok,,periodic,6,0,,,,,0,success,
2026-08-15T05:21:29.110-07:00,,query_sent,outbound,query_operational_state,pending,,periodic,18,0,,,,,,,
2026-08-15T05:21:29.271-07:00,,link_ack,inbound,query_operational_state,ack,,link_layer,18,,,,,,,,
2026-08-15T05:21:29.395-07:00,,operational_state,inbound,query_operational_state,received,,device_response,19,1,,,1,Running Normal,,,
2026-08-15T05:21:29.436-07:00,,query_completed,outbound,query_operational_state,ok,,periodic,18,0,,,,,,,
2026-08-15T05:21:43.026-07:00,,command_sent,outbound,run_normal,pending,0,shutdown,2,0,,,,,,,
2026-08-15T05:21:43.124-07:00,,link_ack,inbound,run_normal,ack,,link_layer,2,,,,,,,,
2026-08-15T05:21:43.248-07:00,,application_ack,inbound,run_normal,ack,,application_layer,3,2,,,,,,,
2026-08-15T05:21:43.288-07:00,,command_completed,outbound,run_normal,ok,0,shutdown,2,0,,,,,,,
2026-08-15T05:21:45.356-07:00,,link_ack,inbound,query_operational_state,ack,,link_layer,18,,,,,,,,
2026-08-15T05:21:45.478-07:00,,operational_state,inbound,query_operational_state,received,,device_response,19,1,,,1,Running Normal,,,
2026-08-15T05:21:45.620-07:00,,controller_stopped,internal,controller,stopped,,controller,,,,,,,,,
