event_id,timestamp_pacific,draw_elapsed_seconds,status,stop_reason,valve_state,target_volume_gal,accumulated_volume_gal,flow_gpm,hot_temp_c,hot_temp_f,cold_temp_c,cold_temp_f,ambient_temp_c,ambient_temp_f,hot_raw_counts,cold_raw_counts,flow_raw_counts,ambient_raw_counts,cold_source_station,cold_source_timestamp_pacific
water_draw_1,2026-08-02T12:04:44.236-07:00,1.434,drawing,,open,15.0,0.004902,0.20510416666666692,24.687500000000014,76.43750000000003,25.208333333333343,77.37500000000003,25.2,77.36,1197,1202,481,252,WH-station1,2026-08-02T12:04:44.210-07:00
water_draw_1,2026-08-02T12:04:44.746-07:00,2.434,drawing,,open,15.0,0.062421,3.4513541666666674,24.687500000000014,76.43750000000003,24.895833333333343,76.8125,25.2,77.36,1197,1199,1117,252,WH-station1,2026-08-02T12:04:44.712-07:00
water_draw_1,2026-08-02T12:04:45.255-07:00,2.943,drawing,,open,15.0,0.092491,3.5432291666666673,24.791666666666686,76.62500000000003,25.3125,77.5625,25.1,77.18,1198,1203,1135,251,WH-station1,2026-08-02T12:04:45.214-07:00
water_draw_1,2026-08-02T12:04:45.762-07:00,3.453,drawing,,open,15.0,0.122544,3.538125000000001,25.0,77.0,24.895833333333343,76.8125,25.1,77.18,1200,1199,1134,251,WH-station1,2026-08-02T12:04:45.716-07:00
water_draw_1,2026-08-02T12:04:46.264-07:00,3.960,drawing,,open,15.0,0.151406,3.4156250000000017,25.3125,77.5625,24.791666666666686,76.62500000000003,25.2,77.36,1203,1198,1110,252,WH-station1,2026-08-02T12:04:46.218-07:00
water_draw_1,2026-08-02T12:04:46.766-07:00,4.462,drawing,,open,15.0,0.179684,3.3798958333333338,25.72916666666667,78.3125,25.208333333333343,77.37500000000003,25.1,77.18,1207,1202,1103,251,WH-station1,2026-08-02T12:04:46.720-07:00
water_draw_1,2026-08-02T12:04:47.271-07:00,4.964,drawing,,open,15.0,0.207365,3.3084375,26.25,79.25,24.895833333333343,76.8125,25.1,77.18,1212,1199,1089,251,WH-station1,2026-08-02T12:04:47.222-07:00
water_draw_1,2026-08-02T12:04:47.775-07:00,5.468,drawing,,open,15.0,0.234767,3.257395833333334,26.874999999999986,80.37499999999997,25.3125,77.5625,25.1,77.18,1218,1203,1079,251,WH-station1,2026-08-02T12:04:47.726-07:00
water_draw_1,2026-08-02T12:04:48.280-07:00,5.973,drawing,,open,15.0,0.262043,3.2420833333333348,27.70833333333333,81.875,25.520833333333343,77.93750000000003,25.1,77.18,1226,1205,1076,251,WH-station1,2026-08-02T12:04:48.231-07:00
water_draw_1,2026-08-02T12:04:48.785-07:00,6.478,drawing,,open,15.0,0.289097,3.2165624999999998,28.229166666666686,82.81250000000003,25.104166666666686,77.18750000000003,25.1,77.18,1231,1201,1071,251,WH-station1,2026-08-02T12:04:48.736-07:00
water_draw_1,2026-08-02T12:04:49.289-07:00,6.983,drawing,,open,15.0,0.315983,3.196145833333333,28.85416666666667,83.9375,25.104166666666686,77.18750000000003,25.1,77.18,1237,1201,1067,251,WH-station1,2026-08-02T12:04:49.240-07:00
water_draw_1,2026-08-02T12:04:49.794-07:00,7.487,drawing,,open,15.0,0.342353,3.134895833333333,29.375,84.875,25.208333333333343,77.37500000000003,25.1,77.18,1242,1202,1055,251,WH-station1,2026-08-02T12:04:49.745-07:00
water_draw_1,2026-08-02T12:04:50.299-07:00,7.992,drawing,,open,15.0,0.368591,3.1195833333333343,29.895833333333343,85.81250000000003,24.687500000000014,76.43750000000003,25.0,77.0,1247,1197,1052,250,WH-station1,2026-08-02T12:04:50.250-07:00
water_draw_1,2026-08-02T12:04:50.803-07:00,8.497,drawing,,open,15.0,0.394657,3.0991666666666675,30.83333333333333,87.5,25.41666666666667,77.75,25.1,77.18,1256,1204,1048,251,WH-station1,2026-08-02T12:04:50.755-07:00
water_draw_1,2026-08-02T12:04:51.308-07:00,9.001,drawing,,open,15.0,0.420723,3.0991666666666675,31.25,88.25,25.208333333333343,77.37500000000003,25.0,77.0,1260,1202,1048,250,WH-station1,2026-08-02T12:04:51.260-07:00
water_draw_1,2026-08-02T12:04:51.813-07:00,9.506,drawing,,open,15.0,0.446748,3.0940625,31.875000000000014,89.37500000000003,25.104166666666686,77.18750000000003,25.0,77.0,1266,1201,1047,250,WH-station1,2026-08-02T12:04:51.765-07:00
water_draw_1,2026-08-02T12:04:52.318-07:00,10.011,drawing,,open,15.0,0.472733,3.088958333333335,32.187500000000014,89.93750000000003,25.0,77.0,25.0,77.0,1269,1200,1046,250,WH-station1,2026-08-02T12:04:52.270-07:00
water_draw_1,2026-08-02T12:04:52.822-07:00,10.515,drawing,,open,15.0,0.498378,3.0481250000000006,32.91666666666666,91.25,25.520833333333343,77.93750000000003,25.0,77.0,1276,1205,1038,250,WH-station1,2026-08-02T12:04:52.775-07:00
water_draw_1,2026-08-02T12:04:53.327-07:00,11.020,drawing,,open,15.0,0.523933,3.037916666666667,33.22916666666667,91.8125,25.208333333333343,77.37500000000003,25.1,77.18,1279,1202,1036,251,WH-station1,2026-08-02T12:04:53.279-07:00
water_draw_1,2026-08-02T12:04:53.832-07:00,11.525,drawing,,open,15.0,0.549400,3.027708333333334,33.95833333333336,93.12500000000006,25.41666666666667,77.75,25.1,77.18,1286,1204,1034,251,WH-station1,2026-08-02T12:04:53.784-07:00
water_draw_1,2026-08-02T12:04:54.336-07:00,12.030,drawing,,open,15.0,0.574865,3.027708333333334,34.0625,93.3125,25.41666666666667,77.75,25.1,77.18,1287,1204,1034,251,WH-station1,2026-08-02T12:04:54.289-07:00
water_draw_1,2026-08-02T12:04:54.841-07:00,12.534,drawing,,open,15.0,0.600287,3.0226041666666665,34.6875,94.4375,25.208333333333343,77.37500000000003,25.1,77.18,1293,1202,1033,251,WH-station1,2026-08-02T12:04:54.794-07:00
water_draw_1,2026-08-02T12:04:55.346-07:00,13.039,drawing,,open,15.0,0.625672,3.0175,35.10416666666667,95.1875,25.520833333333343,77.93750000000003,25.1,77.18,1297,1205,1032,251,WH-station1,2026-08-02T12:04:55.299-07:00
water_draw_1,2026-08-02T12:04:55.850-07:00,13.544,drawing,,open,15.0,0.650882,2.9970833333333338,35.41666666666667,95.75,25.0,77.0,25.1,77.18,1300,1200,1028,251,WH-station1,2026-08-02T12:04:55.804-07:00
water_draw_1,2026-08-02T12:04:56.355-07:00,14.048,drawing,,open,15.0,0.676132,3.0021875,35.9375,96.6875,25.625000000000014,78.12500000000003,25.2,77.36,1305,1206,1029,252,WH-station1,2026-08-02T12:04:56.309-07:00
water_draw_1,2026-08-02T12:04:56.860-07:00,14.553,drawing,,open,15.0,0.701339,2.9970833333333338,36.562499999999986,97.81249999999997,25.625000000000014,78.12500000000003,25.1,77.18,1311,1206,1028,251,WH-station1,2026-08-02T12:04:56.814-07:00
water_draw_1,2026-08-02T12:04:57.364-07:00,15.058,drawing,,open,15.0,0.726504,2.9919791666666673,36.66666666666667,98.0,25.41666666666667,77.75,25.1,77.18,1312,1204,1027,251,WH-station1,2026-08-02T12:04:57.319-07:00
water_draw_1,2026-08-02T12:04:57.869-07:00,15.562,drawing,,open,15.0,0.751798,3.0072916666666676,37.08333333333336,98.75000000000006,25.625000000000014,78.12500000000003,25.2,77.36,1316,1206,1030,252,WH-station1,2026-08-02T12:04:57.824-07:00
water_draw_1,2026-08-02T12:04:58.374-07:00,16.067,drawing,,open,15.0,0.776930,2.986875000000001,37.50000000000003,99.50000000000003,25.625000000000014,78.12500000000003,25.1,77.18,1320,1206,1026,251,WH-station1,2026-08-02T12:04:58.329-07:00
water_draw_1,2026-08-02T12:04:58.879-07:00,16.572,drawing,,open,15.0,0.802142,2.9970833333333338,37.916666666666686,100.25000000000003,25.3125,77.5625,25.1,77.18,1324,1203,1028,251,WH-station1,2026-08-02T12:04:58.833-07:00
water_draw_1,2026-08-02T12:04:59.383-07:00,17.076,drawing,,open,15.0,0.827226,2.9817708333333335,38.22916666666667,100.8125,25.625000000000014,78.12500000000003,25.1,77.18,1327,1206,1025,251,WH-station1,2026-08-02T12:04:59.338-07:00
water_draw_1,2026-08-02T12:04:59.888-07:00,17.581,drawing,,open,15.0,0.852477,3.0021875,38.437499999999986,101.18749999999997,25.208333333333343,77.37500000000003,25.0,77.0,1329,1202,1029,250,WH-station1,2026-08-02T12:04:59.843-07:00
water_draw_1,2026-08-02T12:05:00.393-07:00,18.086,drawing,,open,15.0,0.877599,2.986875000000001,38.85416666666666,101.93749999999997,25.41666666666667,77.75,25.0,77.0,1333,1204,1026,250,WH-station1,2026-08-02T12:05:00.348-07:00
water_draw_1,2026-08-02T12:05:00.897-07:00,18.590,drawing,,open,15.0,0.902681,2.9817708333333335,38.95833333333334,102.125,25.72916666666667,78.3125,25.1,77.18,1334,1207,1025,251,WH-station1,2026-08-02T12:05:00.853-07:00
water_draw_1,2026-08-02T12:05:01.402-07:00,19.095,drawing,,open,15.0,0.927847,2.9919791666666673,39.375,102.875,26.25,79.25,25.1,77.18,1338,1212,1027,251,WH-station1,2026-08-02T12:05:01.358-07:00
water_draw_1,2026-08-02T12:05:01.907-07:00,19.600,drawing,,open,15.0,0.952934,2.9817708333333335,39.58333333333333,103.25,25.625000000000014,78.12500000000003,25.0,77.0,1340,1206,1025,250,WH-station1,2026-08-02T12:05:01.863-07:00
water_draw_1,2026-08-02T12:05:02.412-07:00,20.105,drawing,,open,15.0,0.977930,2.971562500000002,39.58333333333333,103.25,25.625000000000014,78.12500000000003,25.0,77.0,1340,1206,1023,250,WH-station1,2026-08-02T12:05:02.368-07:00
water_draw_1,2026-08-02T12:05:02.916-07:00,20.609,drawing,,open,15.0,1.003141,2.9970833333333338,39.999999999999986,103.99999999999997,25.937500000000014,78.68750000000003,25.0,77.0,1344,1209,1028,250,WH-station1,2026-08-02T12:05:02.874-07:00
water_draw_1,2026-08-02T12:05:03.421-07:00,21.114,drawing,,open,15.0,1.028222,2.9817708333333335,40.312500000000014,104.56250000000003,25.520833333333343,77.93750000000003,25.2,77.36,1347,1205,1025,252,WH-station1,2026-08-02T12:05:03.379-07:00
water_draw_1,2026-08-02T12:05:03.926-07:00,21.619,drawing,,open,15.0,1.053268,2.976666666666667,40.9375,105.6875,25.937500000000014,78.68750000000003,25.0,77.0,1353,1209,1024,250,WH-station1,2026-08-02T12:05:03.884-07:00
water_draw_1,2026-08-02T12:05:04.431-07:00,22.124,drawing,,open,15.0,1.078224,2.966458333333334,40.83333333333334,105.50000000000003,25.625000000000014,78.12500000000003,25.2,77.36,1352,1206,1022,252,WH-station1,2026-08-02T12:05:04.388-07:00
water_draw_1,2026-08-02T12:05:04.935-07:00,22.628,drawing,,open,15.0,1.103350,2.986875000000001,41.250000000000014,106.25000000000003,25.937500000000014,78.68750000000003,25.2,77.36,1356,1209,1026,252,WH-station1,2026-08-02T12:05:04.894-07:00
water_draw_1,2026-08-02T12:05:05.440-07:00,23.133,drawing,,open,15.0,1.128473,2.986875000000001,41.14583333333333,106.0625,25.520833333333343,77.93750000000003,25.0,77.0,1355,1205,1026,250,WH-station1,2026-08-02T12:05:05.399-07:00
water_draw_1,2026-08-02T12:05:05.945-07:00,23.638,drawing,,open,15.0,1.153682,2.9970833333333338,41.66666666666667,107.0,25.72916666666667,78.3125,25.1,77.18,1360,1207,1028,251,WH-station1,2026-08-02T12:05:05.904-07:00
water_draw_1,2026-08-02T12:05:06.449-07:00,24.143,drawing,,open,15.0,1.178684,2.971562500000002,41.77083333333333,107.1875,25.520833333333343,77.93750000000003,25.2,77.36,1361,1205,1023,252,WH-station1,2026-08-02T12:05:06.409-07:00
water_draw_1,2026-08-02T12:05:06.954-07:00,24.647,drawing,,open,15.0,1.203726,2.976666666666667,41.77083333333333,107.1875,26.041666666666657,78.87499999999997,25.1,77.18,1361,1210,1024,251,WH-station1,2026-08-02T12:05:06.915-07:00
water_draw_1,2026-08-02T12:05:07.459-07:00,25.152,drawing,,open,15.0,1.228721,2.971562500000002,42.1875,107.9375,26.14583333333333,79.0625,25.0,77.0,1365,1211,1023,250,WH-station1,2026-08-02T12:05:07.419-07:00
water_draw_1,2026-08-02T12:05:07.964-07:00,25.657,drawing,,open,15.0,1.253842,2.986875000000001,42.395833333333314,108.31249999999997,26.25,79.25,25.1,77.18,1367,1212,1026,251,WH-station1,2026-08-02T12:05:07.924-07:00
water_draw_1,2026-08-02T12:05:08.468-07:00,26.161,drawing,,open,15.0,1.278925,2.9817708333333335,42.60416666666667,108.6875,25.937500000000014,78.68750000000003,25.2,77.36,1369,1209,1025,252,WH-station1,2026-08-02T12:05:08.429-07:00
water_draw_1,2026-08-02T12:05:08.973-07:00,26.666,drawing,,open,15.0,1.304091,2.9919791666666673,42.812499999999986,109.06249999999997,25.72916666666667,78.3125,25.1,77.18,1371,1207,1027,251,WH-station1,2026-08-02T12:05:08.934-07:00
water_draw_1,2026-08-02T12:05:09.478-07:00,27.171,drawing,,open,15.0,1.329221,2.986875000000001,42.91666666666667,109.25,25.83333333333333,78.5,25.1,77.18,1372,1208,1026,251,WH-station1,2026-08-02T12:05:09.439-07:00
water_draw_1,2026-08-02T12:05:09.982-07:00,27.676,drawing,,open,15.0,1.354260,2.976666666666667,43.02083333333333,109.4375,26.14583333333333,79.0625,25.1,77.18,1373,1211,1024,251,WH-station1,2026-08-02T12:05:09.948-07:00
water_draw_1,2026-08-02T12:05:10.487-07:00,28.180,drawing,,open,15.0,1.379429,2.9919791666666673,43.124999999999986,109.62499999999997,26.041666666666657,78.87499999999997,25.1,77.18,1374,1210,1027,251,WH-station1,2026-08-02T12:05:10.453-07:00
water_draw_1,2026-08-02T12:05:10.992-07:00,28.685,drawing,,open,15.0,1.404726,3.0072916666666676,43.64583333333334,110.5625,25.937500000000014,78.68750000000003,25.0,77.0,1379,1209,1030,250,WH-station1,2026-08-02T12:05:10.958-07:00
water_draw_1,2026-08-02T12:05:11.496-07:00,29.190,drawing,,open,15.0,1.429979,3.0021875,43.541666666666686,110.37500000000003,26.14583333333333,79.0625,25.1,77.18,1378,1211,1029,251,WH-station1,2026-08-02T12:05:11.463-07:00
water_draw_1,2026-08-02T12:05:12.001-07:00,29.694,drawing,,open,15.0,1.455487,3.0328124999999995,43.541666666666686,110.37500000000003,26.25,79.25,25.2,77.36,1378,1212,1035,252,WH-station1,2026-08-02T12:05:11.969-07:00
water_draw_1,2026-08-02T12:05:12.506-07:00,30.199,drawing,,open,15.0,1.480829,3.0123958333333327,43.854166666666686,110.93750000000003,25.937500000000014,78.68750000000003,25.1,77.18,1381,1209,1031,251,WH-station1,2026-08-02T12:05:12.474-07:00
water_draw_1,2026-08-02T12:05:13.011-07:00,30.704,drawing,,open,15.0,1.506044,2.9970833333333338,43.854166666666686,110.93750000000003,26.5625,79.8125,25.1,77.18,1381,1215,1028,251,WH-station1,2026-08-02T12:05:12.980-07:00
water_draw_1,2026-08-02T12:05:13.515-07:00,31.209,drawing,,open,15.0,1.531168,2.986875000000001,44.27083333333334,111.68750000000003,25.937500000000014,78.68750000000003,25.1,77.18,1385,1209,1026,251,WH-station1,2026-08-02T12:05:13.485-07:00
water_draw_1,2026-08-02T12:05:14.020-07:00,31.713,drawing,,open,15.0,1.556467,3.0072916666666676,44.47916666666667,112.0625,26.25,79.25,25.2,77.36,1387,1212,1030,252,WH-station1,2026-08-02T12:05:13.991-07:00
water_draw_1,2026-08-02T12:05:14.525-07:00,32.218,drawing,,open,15.0,1.581546,2.9817708333333335,44.47916666666667,112.0625,26.25,79.25,25.1,77.18,1387,1212,1025,251,WH-station1,2026-08-02T12:05:14.496-07:00
water_draw_1,2026-08-02T12:05:15.030-07:00,32.723,drawing,,open,15.0,1.606844,3.0072916666666676,44.47916666666667,112.0625,26.25,79.25,25.1,77.18,1387,1212,1030,251,WH-station1,2026-08-02T12:05:15.001-07:00
water_draw_1,2026-08-02T12:05:15.534-07:00,33.227,drawing,,open,15.0,1.632013,2.9919791666666673,44.687500000000014,112.43750000000003,26.041666666666657,78.87499999999997,25.1,77.18,1389,1210,1027,251,WH-station1,2026-08-02T12:05:15.506-07:00
water_draw_1,2026-08-02T12:05:16.039-07:00,33.732,drawing,,open,15.0,1.657224,2.9970833333333338,44.79166666666667,112.625,26.458333333333314,79.62499999999997,25.2,77.36,1390,1214,1028,252,WH-station1,2026-08-02T12:05:16.011-07:00
water_draw_1,2026-08-02T12:05:16.544-07:00,34.237,drawing,,open,15.0,1.682432,2.9970833333333338,44.89583333333333,112.8125,26.041666666666657,78.87499999999997,25.1,77.18,1391,1210,1028,251,WH-station1,2026-08-02T12:05:16.516-07:00
water_draw_1,2026-08-02T12:05:17.048-07:00,34.741,drawing,,open,15.0,1.707769,3.0123958333333327,45.10416666666666,113.18749999999997,26.354166666666686,79.43750000000003,25.1,77.18,1393,1213,1031,251,WH-station1,2026-08-02T12:05:17.021-07:00
water_draw_1,2026-08-02T12:05:17.553-07:00,35.246,drawing,,open,15.0,1.733235,3.027708333333334,45.10416666666666,113.18749999999997,26.666666666666657,80.0,25.2,77.36,1393,1216,1034,252,WH-station1,2026-08-02T12:05:17.526-07:00
water_draw_1,2026-08-02T12:05:18.058-07:00,35.751,drawing,,open,15.0,1.758794,3.037916666666667,45.3125,113.5625,26.14583333333333,79.0625,25.0,77.0,1395,1211,1036,250,WH-station1,2026-08-02T12:05:18.030-07:00
water_draw_1,2026-08-02T12:05:18.562-07:00,36.256,drawing,,open,15.0,1.784175,3.0175,45.20833333333334,113.375,26.666666666666657,80.0,25.1,77.18,1394,1216,1032,251,WH-station1,2026-08-02T12:05:18.535-07:00
water_draw_1,2026-08-02T12:05:19.067-07:00,36.760,drawing,,open,15.0,1.809771,3.0430208333333333,45.416666666666686,113.75000000000003,26.354166666666686,79.43750000000003,25.2,77.36,1396,1213,1037,252,WH-station1,2026-08-02T12:05:19.040-07:00
water_draw_1,2026-08-02T12:05:19.572-07:00,37.265,drawing,,open,15.0,1.835322,3.037916666666667,45.625,114.125,26.14583333333333,79.0625,25.0,77.0,1398,1211,1036,250,WH-station1,2026-08-02T12:05:19.545-07:00
water_draw_1,2026-08-02T12:05:20.076-07:00,37.770,drawing,,open,15.0,1.861007,3.0532291666666658,45.72916666666667,114.3125,26.354166666666686,79.43750000000003,25.1,77.18,1399,1213,1039,251,WH-station1,2026-08-02T12:05:20.050-07:00
water_draw_1,2026-08-02T12:05:20.581-07:00,38.274,drawing,,open,15.0,1.886474,3.027708333333334,45.83333333333334,114.50000000000003,26.666666666666657,80.0,25.2,77.36,1400,1216,1034,252,WH-station1,2026-08-02T12:05:20.555-07:00
water_draw_1,2026-08-02T12:05:21.086-07:00,38.779,drawing,,open,15.0,1.912116,3.0481250000000006,45.83333333333334,114.50000000000003,26.770833333333343,80.18750000000003,25.1,77.18,1400,1217,1038,251,WH-station1,2026-08-02T12:05:21.060-07:00
water_draw_1,2026-08-02T12:05:21.591-07:00,39.284,drawing,,open,15.0,1.937584,3.027708333333334,45.83333333333334,114.50000000000003,26.458333333333314,79.62499999999997,25.2,77.36,1400,1214,1034,252,WH-station1,2026-08-02T12:05:21.564-07:00
water_draw_1,2026-08-02T12:05:22.095-07:00,39.788,drawing,,open,15.0,1.963136,3.037916666666667,46.14583333333333,115.0625,26.874999999999986,80.37499999999997,25.1,77.18,1403,1218,1036,251,WH-station1,2026-08-02T12:05:22.069-07:00
water_draw_1,2026-08-02T12:05:22.600-07:00,40.293,drawing,,open,15.0,1.988862,3.0583333333333336,46.14583333333333,115.0625,26.5625,79.8125,25.1,77.18,1403,1215,1040,251,WH-station1,2026-08-02T12:05:22.574-07:00
water_draw_1,2026-08-02T12:05:23.105-07:00,40.798,drawing,,open,15.0,2.014372,3.0328124999999995,46.04166666666667,114.875,26.97916666666667,80.5625,25.1,77.18,1402,1219,1035,251,WH-station1,2026-08-02T12:05:23.079-07:00
water_draw_1,2026-08-02T12:05:23.609-07:00,41.303,drawing,,open,15.0,2.039886,3.0328124999999995,46.250000000000014,115.25000000000003,26.14583333333333,79.0625,25.1,77.18,1404,1211,1035,251,WH-station1,2026-08-02T12:05:23.584-07:00
water_draw_1,2026-08-02T12:05:24.114-07:00,41.807,drawing,,open,15.0,2.065272,3.0175,46.45833333333336,115.62500000000006,26.5625,79.8125,25.0,77.0,1406,1215,1032,250,WH-station1,2026-08-02T12:05:24.089-07:00
water_draw_1,2026-08-02T12:05:24.619-07:00,42.312,drawing,,open,15.0,2.090736,3.027708333333334,46.250000000000014,115.25000000000003,27.08333333333333,80.75,25.2,77.36,1404,1220,1034,252,WH-station1,2026-08-02T12:05:24.594-07:00
water_draw_1,2026-08-02T12:05:25.123-07:00,42.817,drawing,,open,15.0,2.116287,3.037916666666667,46.45833333333336,115.62500000000006,26.770833333333343,80.18750000000003,25.0,77.0,1406,1217,1036,250,WH-station1,2026-08-02T12:05:25.098-07:00
water_draw_1,2026-08-02T12:05:25.628-07:00,43.321,drawing,,open,15.0,2.141880,3.0430208333333333,46.562500000000014,115.81250000000003,26.874999999999986,80.37499999999997,25.0,77.0,1407,1218,1037,250,WH-station1,2026-08-02T12:05:25.603-07:00
water_draw_1,2026-08-02T12:05:26.133-07:00,43.826,drawing,,open,15.0,2.167517,3.0481250000000006,46.562500000000014,115.81250000000003,26.874999999999986,80.37499999999997,25.2,77.36,1407,1218,1038,252,WH-station1,2026-08-02T12:05:26.108-07:00
water_draw_1,2026-08-02T12:05:26.638-07:00,44.331,drawing,,open,15.0,2.193120,3.0430208333333333,46.562500000000014,115.81250000000003,26.874999999999986,80.37499999999997,25.2,77.36,1407,1218,1037,252,WH-station1,2026-08-02T12:05:26.613-07:00
water_draw_1,2026-08-02T12:05:27.142-07:00,44.836,drawing,,open,15.0,2.218765,3.0481250000000006,46.666666666666686,116.00000000000003,27.08333333333333,80.75,25.2,77.36,1408,1220,1038,252,WH-station1,2026-08-02T12:05:27.118-07:00
water_draw_1,2026-08-02T12:05:27.647-07:00,45.340,drawing,,open,15.0,2.244447,3.0532291666666658,46.77083333333334,116.1875,26.97916666666667,80.5625,25.0,77.0,1409,1219,1039,250,WH-station1,2026-08-02T12:05:27.623-07:00
water_draw_1,2026-08-02T12:05:28.152-07:00,45.845,drawing,,open,15.0,2.270347,3.078750000000001,46.979166666666686,116.56250000000003,26.770833333333343,80.18750000000003,25.1,77.18,1411,1217,1044,251,WH-station1,2026-08-02T12:05:28.127-07:00
water_draw_1,2026-08-02T12:05:28.656-07:00,46.350,drawing,,open,15.0,2.296159,3.0685416666666674,46.875,116.375,27.08333333333333,80.75,25.2,77.36,1410,1220,1042,252,WH-station1,2026-08-02T12:05:28.632-07:00
water_draw_1,2026-08-02T12:05:29.161-07:00,46.854,drawing,,open,15.0,2.321885,3.0583333333333336,47.083333333333314,116.74999999999997,27.187500000000014,80.93750000000003,25.2,77.36,1412,1221,1040,252,WH-station1,2026-08-02T12:05:29.137-07:00
water_draw_1,2026-08-02T12:05:29.666-07:00,47.359,drawing,,open,15.0,2.347742,3.0736458333333325,47.083333333333314,116.74999999999997,26.770833333333343,80.18750000000003,25.1,77.18,1412,1217,1043,251,WH-station1,2026-08-02T12:05:29.642-07:00
water_draw_1,2026-08-02T12:05:30.171-07:00,47.864,drawing,,open,15.0,2.373378,3.0481250000000006,47.29166666666667,117.125,27.08333333333333,80.75,25.0,77.0,1414,1220,1038,250,WH-station1,2026-08-02T12:05:30.147-07:00
water_draw_1,2026-08-02T12:05:30.675-07:00,48.368,drawing,,open,15.0,2.399147,3.0634374999999996,47.29166666666667,117.125,27.39583333333333,81.3125,25.1,77.18,1414,1223,1041,251,WH-station1,2026-08-02T12:05:30.652-07:00
water_draw_1,2026-08-02T12:05:31.180-07:00,48.873,drawing,,open,15.0,2.424956,3.0685416666666674,47.60416666666667,117.6875,27.187500000000014,80.93750000000003,25.1,77.18,1417,1221,1042,251,WH-station1,2026-08-02T12:05:31.156-07:00
water_draw_1,2026-08-02T12:05:31.685-07:00,49.378,drawing,,open,15.0,2.450895,3.0838541666666672,47.29166666666667,117.125,27.291666666666643,81.12499999999997,25.0,77.0,1414,1222,1045,250,WH-station1,2026-08-02T12:05:31.661-07:00
water_draw_1,2026-08-02T12:05:32.198-07:00,49.882,drawing,,open,15.0,2.476578,3.0532291666666658,47.29166666666667,117.125,27.499999999999986,81.49999999999997,25.1,77.18,1414,1224,1039,251,WH-station1,2026-08-02T12:05:32.166-07:00
water_draw_1,2026-08-02T12:05:32.705-07:00,50.396,drawing,,open,15.0,2.502902,3.078750000000001,47.39583333333334,117.31250000000003,27.39583333333333,81.3125,25.1,77.18,1415,1223,1044,251,WH-station1,2026-08-02T12:05:32.671-07:00
water_draw_1,2026-08-02T12:05:33.223-07:00,50.903,drawing,,open,15.0,2.528923,3.078750000000001,47.60416666666667,117.6875,27.291666666666643,81.12499999999997,25.1,77.18,1417,1222,1044,251,WH-station1,2026-08-02T12:05:33.176-07:00
water_draw_1,2026-08-02T12:05:33.742-07:00,51.421,drawing,,open,15.0,2.555464,3.0736458333333325,47.60416666666667,117.6875,27.39583333333333,81.3125,25.2,77.36,1417,1223,1043,252,WH-station1,2026-08-02T12:05:33.681-07:00
water_draw_1,2026-08-02T12:05:34.259-07:00,51.939,drawing,,open,15.0,2.581993,3.0685416666666674,47.60416666666667,117.6875,27.499999999999986,81.49999999999997,25.0,77.0,1417,1224,1042,250,WH-station1,2026-08-02T12:05:34.186-07:00
water_draw_1,2026-08-02T12:05:34.777-07:00,52.457,drawing,,open,15.0,2.608389,3.0583333333333336,47.70833333333333,117.875,28.020833333333343,82.4375,25.2,77.36,1418,1229,1040,252,WH-station1,2026-08-02T12:05:34.690-07:00
water_draw_1,2026-08-02T12:05:35.282-07:00,52.975,drawing,,open,15.0,2.634816,3.0634374999999996,47.70833333333333,117.875,28.020833333333343,82.4375,25.2,77.36,1418,1229,1041,252,WH-station1,2026-08-02T12:05:35.195-07:00
water_draw_1,2026-08-02T12:05:35.786-07:00,53.480,drawing,,open,15.0,2.660802,3.088958333333335,47.60416666666667,117.6875,27.6041666666667,81.68750000000006,25.1,77.18,1417,1225,1046,251,WH-station1,2026-08-02T12:05:35.698-07:00
water_draw_1,2026-08-02T12:05:36.291-07:00,53.984,drawing,,open,15.0,2.686784,3.088958333333335,47.70833333333333,117.875,27.08333333333333,80.75,25.2,77.36,1418,1220,1046,252,WH-station1,2026-08-02T12:05:36.200-07:00
water_draw_1,2026-08-02T12:05:36.796-07:00,54.489,drawing,,open,15.0,2.712769,3.088958333333335,47.70833333333333,117.875,27.6041666666667,81.68750000000006,25.0,77.0,1418,1225,1046,250,WH-station1,2026-08-02T12:05:36.702-07:00
water_draw_1,2026-08-02T12:05:37.301-07:00,54.994,drawing,,open,15.0,2.738623,3.0736458333333325,47.812500000000014,118.06250000000003,27.812500000000014,82.06250000000003,25.1,77.18,1419,1227,1043,251,WH-station1,2026-08-02T12:05:37.204-07:00
water_draw_1,2026-08-02T12:05:37.805-07:00,55.499,drawing,,open,15.0,2.764613,3.088958333333335,47.812500000000014,118.06250000000003,27.187500000000014,80.93750000000003,25.1,77.18,1419,1221,1046,251,WH-station1,2026-08-02T12:05:37.706-07:00
water_draw_1,2026-08-02T12:05:38.310-07:00,56.003,drawing,,open,15.0,2.790391,3.0634374999999996,47.91666666666666,118.24999999999997,27.812500000000014,82.06250000000003,25.2,77.36,1420,1227,1041,252,WH-station1,2026-08-02T12:05:38.208-07:00
water_draw_1,2026-08-02T12:05:38.815-07:00,56.508,drawing,,open,15.0,2.816289,3.078750000000001,48.02083333333333,118.4375,27.916666666666686,82.25000000000003,25.1,77.18,1421,1228,1044,251,WH-station1,2026-08-02T12:05:38.710-07:00
water_draw_1,2026-08-02T12:05:39.320-07:00,57.013,drawing,,open,15.0,2.842187,3.078750000000001,48.02083333333333,118.4375,28.020833333333343,82.4375,25.0,77.0,1421,1229,1044,250,WH-station1,2026-08-02T12:05:39.212-07:00
water_draw_1,2026-08-02T12:05:39.824-07:00,57.518,drawing,,open,15.0,2.868259,3.0991666666666675,48.125,118.625,28.125,82.625,25.1,77.18,1422,1230,1048,251,WH-station1,2026-08-02T12:05:39.714-07:00
water_draw_1,2026-08-02T12:05:40.329-07:00,58.022,drawing,,open,15.0,2.894245,3.088958333333335,47.91666666666666,118.24999999999997,28.125,82.625,25.2,77.36,1420,1230,1046,252,WH-station1,2026-08-02T12:05:40.216-07:00
water_draw_1,2026-08-02T12:05:40.834-07:00,58.527,drawing,,open,15.0,2.920102,3.0736458333333325,48.125,118.625,27.812500000000014,82.06250000000003,25.0,77.0,1422,1227,1043,250,WH-station1,2026-08-02T12:05:40.721-07:00
water_draw_1,2026-08-02T12:05:41.339-07:00,59.032,drawing,,open,15.0,2.946041,3.0838541666666672,48.125,118.625,27.916666666666686,82.25000000000003,25.1,77.18,1422,1228,1045,251,WH-station1,2026-08-02T12:05:41.225-07:00
water_draw_1,2026-08-02T12:05:41.843-07:00,59.536,drawing,,open,15.0,2.972023,3.088958333333335,48.333333333333314,118.99999999999997,28.125,82.625,25.1,77.18,1424,1230,1046,251,WH-station1,2026-08-02T12:05:41.730-07:00
water_draw_1,2026-08-02T12:05:42.348-07:00,60.041,drawing,,open,15.0,2.998133,3.104270833333334,48.229166666666686,118.81250000000003,28.125,82.625,25.1,77.18,1423,1230,1049,251,WH-station1,2026-08-02T12:05:42.235-07:00
water_draw_1,2026-08-02T12:05:42.853-07:00,60.546,drawing,,open,15.0,3.023903,3.0634374999999996,48.4375,119.1875,28.020833333333343,82.4375,25.0,77.0,1425,1229,1041,250,WH-station1,2026-08-02T12:05:42.740-07:00
water_draw_1,2026-08-02T12:05:43.358-07:00,61.051,drawing,,open,15.0,3.049848,3.0838541666666672,48.229166666666686,118.81250000000003,28.125,82.625,25.1,77.18,1423,1230,1045,251,WH-station1,2026-08-02T12:05:43.245-07:00
water_draw_1,2026-08-02T12:05:43.862-07:00,61.555,drawing,,open,15.0,3.075750,3.078750000000001,48.229166666666686,118.81250000000003,28.020833333333343,82.4375,25.1,77.18,1423,1229,1044,251,WH-station1,2026-08-02T12:05:43.750-07:00
water_draw_1,2026-08-02T12:05:44.367-07:00,62.060,drawing,,open,15.0,3.101823,3.0991666666666675,48.333333333333314,118.99999999999997,28.4375,83.1875,25.1,77.18,1424,1233,1048,251,WH-station1,2026-08-02T12:05:44.255-07:00
water_draw_1,2026-08-02T12:05:44.872-07:00,62.565,drawing,,open,15.0,3.127806,3.088958333333335,48.333333333333314,118.99999999999997,27.916666666666686,82.25000000000003,25.0,77.0,1424,1228,1046,250,WH-station1,2026-08-02T12:05:44.759-07:00
water_draw_1,2026-08-02T12:05:45.376-07:00,63.070,drawing,,open,15.0,3.153916,3.104270833333334,48.333333333333314,118.99999999999997,28.645833333333343,83.56250000000003,25.1,77.18,1424,1235,1049,251,WH-station1,2026-08-02T12:05:45.264-07:00
water_draw_1,2026-08-02T12:05:45.879-07:00,63.574,drawing,,open,15.0,3.180030,3.104270833333334,48.64583333333334,119.56250000000003,28.750000000000014,83.75000000000003,25.1,77.18,1427,1236,1049,251,WH-station1,2026-08-02T12:05:45.769-07:00
water_draw_1,2026-08-02T12:05:46.384-07:00,64.077,drawing,,open,15.0,3.205919,3.088958333333335,48.54166666666666,119.375,28.54166666666667,83.375,25.0,77.0,1426,1234,1046,250,WH-station1,2026-08-02T12:05:46.274-07:00
water_draw_1,2026-08-02T12:05:46.889-07:00,64.582,drawing,,open,15.0,3.231989,3.0991666666666675,48.333333333333314,118.99999999999997,28.54166666666667,83.375,25.2,77.36,1424,1234,1048,252,WH-station1,2026-08-02T12:05:46.779-07:00
water_draw_1,2026-08-02T12:05:47.394-07:00,65.087,drawing,,open,15.0,3.258107,3.104270833333334,48.4375,119.1875,28.750000000000014,83.75000000000003,25.0,77.0,1425,1236,1049,250,WH-station1,2026-08-02T12:05:47.283-07:00
water_draw_1,2026-08-02T12:05:47.898-07:00,65.591,drawing,,open,15.0,3.284050,3.0838541666666672,48.64583333333334,119.56250000000003,28.4375,83.1875,25.0,77.0,1427,1233,1045,250,WH-station1,2026-08-02T12:05:47.788-07:00
water_draw_1,2026-08-02T12:05:48.403-07:00,66.096,drawing,,open,15.0,3.310253,3.114479166666667,48.4375,119.1875,28.95833333333333,84.125,25.0,77.0,1425,1238,1051,250,WH-station1,2026-08-02T12:05:48.293-07:00
water_draw_1,2026-08-02T12:05:48.908-07:00,66.601,drawing,,open,15.0,3.336410,3.1093750000000004,48.54166666666666,119.375,28.95833333333333,84.125,25.2,77.36,1426,1238,1050,252,WH-station1,2026-08-02T12:05:48.798-07:00
water_draw_1,2026-08-02T12:05:49.413-07:00,67.106,drawing,,open,15.0,3.362568,3.1093750000000004,48.64583333333334,119.56250000000003,28.85416666666667,83.9375,25.1,77.18,1427,1237,1050,251,WH-station1,2026-08-02T12:05:49.303-07:00
water_draw_1,2026-08-02T12:05:49.917-07:00,67.610,drawing,,open,15.0,3.388511,3.0838541666666672,48.64583333333334,119.56250000000003,29.062500000000014,84.31250000000003,25.0,77.0,1427,1239,1045,250,WH-station1,2026-08-02T12:05:49.808-07:00
water_draw_1,2026-08-02T12:05:50.422-07:00,68.115,drawing,,open,15.0,3.414581,3.0991666666666675,48.64583333333334,119.56250000000003,28.750000000000014,83.75000000000003,25.1,77.18,1427,1236,1048,251,WH-station1,2026-08-02T12:05:50.312-07:00
water_draw_1,2026-08-02T12:05:50.927-07:00,68.620,drawing,,open,15.0,3.440392,3.0685416666666674,48.4375,119.1875,29.062500000000014,84.31250000000003,25.1,77.18,1425,1239,1042,251,WH-station1,2026-08-02T12:05:50.817-07:00
water_draw_1,2026-08-02T12:05:51.433-07:00,69.125,drawing,,open,15.0,3.466502,3.104270833333334,48.64583333333334,119.56250000000003,28.85416666666667,83.9375,25.1,77.18,1427,1237,1049,251,WH-station1,2026-08-02T12:05:51.322-07:00
water_draw_1,2026-08-02T12:05:51.938-07:00,69.631,drawing,,open,15.0,3.492647,3.0991666666666675,48.749999999999986,119.74999999999997,28.85416666666667,83.9375,25.0,77.0,1428,1237,1048,250,WH-station1,2026-08-02T12:05:51.827-07:00
water_draw_1,2026-08-02T12:05:52.443-07:00,70.135,drawing,,open,15.0,3.518718,3.0991666666666675,48.95833333333333,120.125,29.062500000000014,84.31250000000003,25.1,77.18,1430,1239,1048,251,WH-station1,2026-08-02T12:05:52.332-07:00
water_draw_1,2026-08-02T12:05:52.948-07:00,70.641,drawing,,open,15.0,3.545019,3.1195833333333343,48.749999999999986,119.74999999999997,29.375,84.875,25.1,77.18,1428,1242,1052,251,WH-station1,2026-08-02T12:05:52.837-07:00
water_draw_1,2026-08-02T12:05:53.454-07:00,71.146,drawing,,open,15.0,3.571219,3.114479166666667,48.749999999999986,119.74999999999997,29.375,84.875,25.0,77.0,1428,1242,1051,250,WH-station1,2026-08-02T12:05:53.341-07:00
water_draw_1,2026-08-02T12:05:53.959-07:00,71.652,drawing,,open,15.0,3.597524,3.1195833333333343,48.749999999999986,119.74999999999997,29.062500000000014,84.31250000000003,25.0,77.0,1428,1239,1052,250,WH-station1,2026-08-02T12:05:53.846-07:00
water_draw_1,2026-08-02T12:05:54.463-07:00,72.157,drawing,,open,15.0,3.623850,3.129791666666667,48.85416666666667,119.9375,29.375,84.875,25.2,77.36,1429,1242,1054,252,WH-station1,2026-08-02T12:05:54.351-07:00
water_draw_1,2026-08-02T12:05:54.968-07:00,72.661,drawing,,open,15.0,3.649961,3.104270833333334,48.85416666666667,119.9375,29.583333333333343,85.25,25.0,77.0,1429,1244,1049,250,WH-station1,2026-08-02T12:05:54.856-07:00
water_draw_1,2026-08-02T12:05:55.473-07:00,73.166,drawing,,open,15.0,3.676155,3.114479166666667,48.64583333333334,119.56250000000003,29.583333333333343,85.25,25.2,77.36,1427,1244,1051,252,WH-station1,2026-08-02T12:05:55.361-07:00
water_draw_1,2026-08-02T12:05:55.978-07:00,73.671,drawing,,open,15.0,3.702225,3.0991666666666675,48.749999999999986,119.74999999999997,29.895833333333343,85.81250000000003,25.1,77.18,1428,1247,1048,251,WH-station1,2026-08-02T12:05:55.866-07:00
water_draw_1,2026-08-02T12:05:56.482-07:00,74.175,drawing,,open,15.0,3.728642,3.140000000000001,48.749999999999986,119.74999999999997,29.6875,85.4375,25.1,77.18,1428,1245,1056,251,WH-station1,2026-08-02T12:05:56.370-07:00
water_draw_1,2026-08-02T12:05:56.987-07:00,74.680,drawing,,open,15.0,3.755012,3.134895833333333,48.85416666666667,119.9375,29.583333333333343,85.25,25.2,77.36,1429,1244,1055,252,WH-station1,2026-08-02T12:05:56.875-07:00
water_draw_1,2026-08-02T12:05:57.492-07:00,75.185,drawing,,open,15.0,3.781293,3.1246875000000007,48.85416666666667,119.9375,29.6875,85.4375,25.2,77.36,1429,1245,1053,252,WH-station1,2026-08-02T12:05:57.380-07:00
water_draw_1,2026-08-02T12:05:57.996-07:00,75.690,drawing,,open,15.0,3.807619,3.129791666666667,48.85416666666667,119.9375,29.791666666666657,85.625,25.0,77.0,1429,1246,1054,250,WH-station1,2026-08-02T12:05:57.885-07:00
water_draw_1,2026-08-02T12:05:58.501-07:00,76.194,drawing,,open,15.0,3.834119,3.1502083333333335,48.95833333333333,120.125,29.791666666666657,85.625,25.2,77.36,1430,1246,1058,252,WH-station1,2026-08-02T12:05:58.390-07:00
water_draw_1,2026-08-02T12:05:59.006-07:00,76.699,drawing,,open,15.0,3.860449,3.129791666666667,49.062500000000014,120.31250000000003,29.895833333333343,85.81250000000003,25.2,77.36,1431,1247,1054,252,WH-station1,2026-08-02T12:05:58.895-07:00
water_draw_1,2026-08-02T12:05:59.510-07:00,77.204,drawing,,open,15.0,3.886602,3.1093750000000004,48.95833333333333,120.125,29.583333333333343,85.25,25.1,77.18,1430,1244,1050,251,WH-station1,2026-08-02T12:05:59.399-07:00
water_draw_1,2026-08-02T12:06:00.015-07:00,77.708,drawing,,open,15.0,3.912845,3.1195833333333343,49.16666666666664,120.49999999999997,29.895833333333343,85.81250000000003,25.2,77.36,1432,1247,1052,252,WH-station1,2026-08-02T12:05:59.904-07:00
water_draw_1,2026-08-02T12:06:00.520-07:00,78.213,drawing,,open,15.0,3.939303,3.145104166666667,48.95833333333333,120.125,29.791666666666657,85.625,25.0,77.0,1430,1246,1057,250,WH-station1,2026-08-02T12:06:00.409-07:00
water_draw_1,2026-08-02T12:06:01.025-07:00,78.718,drawing,,open,15.0,3.965416,3.104270833333334,49.062500000000014,120.31250000000003,30.0,86.0,25.1,77.18,1431,1248,1049,251,WH-station1,2026-08-02T12:06:00.914-07:00
water_draw_1,2026-08-02T12:06:01.530-07:00,79.223,drawing,,open,15.0,3.991888,3.145104166666667,49.16666666666664,120.49999999999997,30.20833333333333,86.375,25.1,77.18,1432,1250,1057,251,WH-station1,2026-08-02T12:06:01.419-07:00
water_draw_1,2026-08-02T12:06:02.034-07:00,79.728,drawing,,open,15.0,4.018262,3.134895833333333,49.27083333333333,120.6875,29.791666666666657,85.625,25.1,77.18,1433,1246,1055,251,WH-station1,2026-08-02T12:06:01.923-07:00
water_draw_1,2026-08-02T12:06:02.539-07:00,80.232,drawing,,open,15.0,4.044503,3.1195833333333343,48.95833333333333,120.125,29.791666666666657,85.625,25.2,77.36,1430,1246,1052,252,WH-station1,2026-08-02T12:06:02.428-07:00
water_draw_1,2026-08-02T12:06:03.044-07:00,80.737,drawing,,open,15.0,4.070960,3.145104166666667,48.95833333333333,120.125,30.10416666666667,86.1875,25.0,77.0,1430,1249,1057,250,WH-station1,2026-08-02T12:06:02.933-07:00
water_draw_1,2026-08-02T12:06:03.549-07:00,81.242,drawing,,open,15.0,4.097586,3.165520833333334,49.16666666666664,120.49999999999997,30.10416666666667,86.1875,25.1,77.18,1432,1249,1061,251,WH-station1,2026-08-02T12:06:03.438-07:00
water_draw_1,2026-08-02T12:06:04.053-07:00,81.747,drawing,,open,15.0,4.124001,3.140000000000001,49.062500000000014,120.31250000000003,30.416666666666643,86.74999999999997,25.1,77.18,1431,1252,1056,251,WH-station1,2026-08-02T12:06:03.943-07:00
water_draw_1,2026-08-02T12:06:04.558-07:00,82.251,drawing,,open,15.0,4.150370,3.134895833333333,49.062500000000014,120.31250000000003,30.52083333333333,86.9375,25.0,77.0,1431,1253,1055,250,WH-station1,2026-08-02T12:06:04.448-07:00
water_draw_1,2026-08-02T12:06:05.063-07:00,82.756,drawing,,open,15.0,4.176823,3.145104166666667,49.16666666666664,120.49999999999997,30.52083333333333,86.9375,25.0,77.0,1432,1253,1057,250,WH-station1,2026-08-02T12:06:04.953-07:00
water_draw_1,2026-08-02T12:06:05.567-07:00,83.261,drawing,,open,15.0,4.203325,3.1502083333333335,49.16666666666664,120.49999999999997,30.312500000000014,86.56250000000003,25.1,77.18,1432,1251,1058,251,WH-station1,2026-08-02T12:06:05.457-07:00
water_draw_1,2026-08-02T12:06:06.072-07:00,83.765,drawing,,open,15.0,4.229610,3.1246875000000007,49.374999999999986,120.87499999999997,30.52083333333333,86.9375,25.1,77.18,1434,1253,1053,251,WH-station1,2026-08-02T12:06:05.962-07:00
water_draw_1,2026-08-02T12:06:06.577-07:00,84.270,drawing,,open,15.0,4.255892,3.1246875000000007,49.27083333333333,120.6875,30.624999999999986,87.12499999999997,25.1,77.18,1433,1254,1053,251,WH-station1,2026-08-02T12:06:06.467-07:00
water_draw_1,2026-08-02T12:06:07.082-07:00,84.775,drawing,,open,15.0,4.282348,3.145104166666667,49.062500000000014,120.31250000000003,30.52083333333333,86.9375,25.1,77.18,1431,1253,1057,251,WH-station1,2026-08-02T12:06:06.972-07:00
water_draw_1,2026-08-02T12:06:07.586-07:00,85.280,drawing,,open,15.0,4.308724,3.134895833333333,49.16666666666664,120.49999999999997,30.312500000000014,86.56250000000003,25.1,77.18,1432,1251,1055,251,WH-station1,2026-08-02T12:06:07.477-07:00
water_draw_1,2026-08-02T12:06:08.091-07:00,85.784,drawing,,open,15.0,4.335097,3.134895833333333,49.16666666666664,120.49999999999997,31.041666666666686,87.87500000000003,25.0,77.0,1432,1258,1055,250,WH-station1,2026-08-02T12:06:07.982-07:00
water_draw_1,2026-08-02T12:06:08.596-07:00,86.289,drawing,,open,15.0,4.361464,3.134895833333333,49.062500000000014,120.31250000000003,31.145833333333357,88.06250000000006,25.1,77.18,1431,1259,1055,251,WH-station1,2026-08-02T12:06:08.487-07:00
water_draw_1,2026-08-02T12:06:09.100-07:00,86.794,drawing,,open,15.0,4.387701,3.1195833333333343,49.16666666666664,120.49999999999997,30.624999999999986,87.12499999999997,25.1,77.18,1432,1254,1052,251,WH-station1,2026-08-02T12:06:08.991-07:00
water_draw_1,2026-08-02T12:06:09.605-07:00,87.298,drawing,,open,15.0,4.414158,3.145104166666667,49.374999999999986,120.87499999999997,30.7291666666667,87.31250000000006,25.2,77.36,1434,1255,1057,252,WH-station1,2026-08-02T12:06:09.496-07:00
water_draw_1,2026-08-02T12:06:10.110-07:00,87.803,drawing,,open,15.0,4.440699,3.1553125,49.27083333333333,120.6875,30.83333333333333,87.5,25.2,77.36,1433,1256,1059,252,WH-station1,2026-08-02T12:06:10.001-07:00
water_draw_1,2026-08-02T12:06:10.615-07:00,88.308,drawing,,open,15.0,4.467112,3.140000000000001,49.27083333333333,120.6875,30.52083333333333,86.9375,25.2,77.36,1433,1253,1056,252,WH-station1,2026-08-02T12:06:10.506-07:00
water_draw_1,2026-08-02T12:06:11.119-07:00,88.812,drawing,,open,15.0,4.493656,3.1553125,49.16666666666664,120.49999999999997,30.83333333333333,87.5,25.1,77.18,1432,1256,1059,251,WH-station1,2026-08-02T12:06:11.011-07:00
water_draw_1,2026-08-02T12:06:11.624-07:00,89.317,drawing,,open,15.0,4.520153,3.1502083333333335,49.16666666666664,120.49999999999997,30.937500000000014,87.68750000000003,25.1,77.18,1432,1257,1058,251,WH-station1,2026-08-02T12:06:11.516-07:00
water_draw_1,2026-08-02T12:06:12.129-07:00,89.822,drawing,,open,15.0,4.546562,3.140000000000001,49.16666666666664,120.49999999999997,31.041666666666686,87.87500000000003,25.1,77.18,1432,1258,1056,251,WH-station1,2026-08-02T12:06:12.020-07:00
water_draw_1,2026-08-02T12:06:12.633-07:00,90.327,drawing,,open,15.0,4.572765,3.114479166666667,49.374999999999986,120.87499999999997,31.145833333333357,88.06250000000006,25.1,77.18,1434,1259,1051,251,WH-station1,2026-08-02T12:06:12.525-07:00
water_draw_1,2026-08-02T12:06:13.138-07:00,90.831,drawing,,open,15.0,4.599140,3.134895833333333,49.47916666666666,121.06249999999997,31.041666666666686,87.87500000000003,25.1,77.18,1435,1258,1055,251,WH-station1,2026-08-02T12:06:13.030-07:00
water_draw_1,2026-08-02T12:06:13.643-07:00,91.336,drawing,,open,15.0,4.625639,3.1502083333333335,49.27083333333333,120.6875,31.145833333333357,88.06250000000006,25.0,77.0,1433,1259,1058,250,WH-station1,2026-08-02T12:06:13.535-07:00
water_draw_1,2026-08-02T12:06:14.148-07:00,91.841,drawing,,open,15.0,4.652141,3.1502083333333335,49.374999999999986,120.87499999999997,31.041666666666686,87.87500000000003,25.2,77.36,1434,1258,1058,252,WH-station1,2026-08-02T12:06:14.040-07:00
water_draw_1,2026-08-02T12:06:14.652-07:00,92.346,drawing,,open,15.0,4.678340,3.114479166666667,49.374999999999986,120.87499999999997,31.458333333333343,88.62500000000003,25.1,77.18,1434,1262,1051,251,WH-station1,2026-08-02T12:06:14.545-07:00
water_draw_1,2026-08-02T12:06:15.157-07:00,92.850,drawing,,open,15.0,4.704495,3.1093750000000004,49.47916666666666,121.06249999999997,31.458333333333343,88.62500000000003,25.1,77.18,1435,1262,1050,251,WH-station1,2026-08-02T12:06:15.050-07:00
water_draw_1,2026-08-02T12:06:15.662-07:00,93.355,drawing,,open,15.0,4.730827,3.129791666666667,49.374999999999986,120.87499999999997,31.56250000000003,88.81250000000006,25.0,77.0,1434,1263,1054,250,WH-station1,2026-08-02T12:06:15.555-07:00
water_draw_1,2026-08-02T12:06:16.167-07:00,93.860,drawing,,open,15.0,4.757281,3.145104166666667,49.374999999999986,120.87499999999997,31.145833333333357,88.06250000000006,25.1,77.18,1434,1259,1057,251,WH-station1,2026-08-02T12:06:16.060-07:00
water_draw_1,2026-08-02T12:06:16.671-07:00,94.364,drawing,,open,15.0,4.783653,3.134895833333333,49.27083333333333,120.6875,31.56250000000003,88.81250000000006,25.1,77.18,1433,1263,1055,251,WH-station1,2026-08-02T12:06:16.564-07:00
water_draw_1,2026-08-02T12:06:17.176-07:00,94.869,drawing,,open,15.0,4.810107,3.145104166666667,49.583333333333314,121.24999999999997,31.66666666666667,89.0,25.1,77.18,1436,1264,1057,251,WH-station1,2026-08-02T12:06:17.069-07:00
water_draw_1,2026-08-02T12:06:17.681-07:00,95.374,drawing,,open,15.0,4.836478,3.134895833333333,49.47916666666666,121.06249999999997,31.979166666666686,89.56250000000006,25.2,77.36,1435,1267,1055,252,WH-station1,2026-08-02T12:06:17.574-07:00
water_draw_1,2026-08-02T12:06:18.186-07:00,95.879,drawing,,open,15.0,4.862853,3.134895833333333,49.47916666666666,121.06249999999997,31.979166666666686,89.56250000000006,25.2,77.36,1435,1267,1055,252,WH-station1,2026-08-02T12:06:18.079-07:00
water_draw_1,2026-08-02T12:06:18.690-07:00,96.383,drawing,,open,15.0,4.889441,3.1604166666666673,49.374999999999986,120.87499999999997,32.187500000000014,89.93750000000003,25.2,77.36,1434,1269,1060,252,WH-station1,2026-08-02T12:06:18.584-07:00
water_draw_1,2026-08-02T12:06:19.195-07:00,96.888,drawing,,open,15.0,4.915852,3.140000000000001,49.47916666666666,121.06249999999997,32.187500000000014,89.93750000000003,25.0,77.0,1435,1269,1056,250,WH-station1,2026-08-02T12:06:19.089-07:00
water_draw_1,2026-08-02T12:06:19.700-07:00,97.393,drawing,,open,15.0,4.942395,3.1553125,49.47916666666666,121.06249999999997,31.979166666666686,89.56250000000006,25.1,77.18,1435,1267,1059,251,WH-station1,2026-08-02T12:06:19.593-07:00
water_draw_1,2026-08-02T12:06:20.205-07:00,97.898,drawing,,open,15.0,4.968732,3.129791666666667,49.374999999999986,120.87499999999997,32.187500000000014,89.93750000000003,25.1,77.18,1434,1269,1054,251,WH-station1,2026-08-02T12:06:20.098-07:00
water_draw_1,2026-08-02T12:06:20.710-07:00,98.403,drawing,,open,15.0,4.995203,3.145104166666667,49.583333333333314,121.24999999999997,31.979166666666686,89.56250000000006,25.2,77.36,1436,1267,1057,252,WH-station1,2026-08-02T12:06:20.603-07:00
water_draw_1,2026-08-02T12:06:21.214-07:00,98.907,drawing,,open,15.0,5.021660,3.145104166666667,49.374999999999986,120.87499999999997,32.5,90.5,25.1,77.18,1434,1272,1057,251,WH-station1,2026-08-02T12:06:21.108-07:00
water_draw_1,2026-08-02T12:06:21.719-07:00,99.412,drawing,,open,15.0,5.047987,3.129791666666667,49.583333333333314,121.24999999999997,31.979166666666686,89.56250000000006,25.1,77.18,1436,1267,1054,251,WH-station1,2026-08-02T12:06:21.613-07:00
water_draw_1,2026-08-02T12:06:22.224-07:00,99.917,drawing,,open,15.0,5.074314,3.129791666666667,49.583333333333314,121.24999999999997,32.5,90.5,25.0,77.0,1436,1272,1054,250,WH-station1,2026-08-02T12:06:22.118-07:00
water_draw_1,2026-08-02T12:06:22.728-07:00,100.422,drawing,,open,15.0,5.100773,3.145104166666667,49.374999999999986,120.87499999999997,32.604166666666686,90.68750000000003,25.1,77.18,1434,1273,1057,251,WH-station1,2026-08-02T12:06:22.623-07:00
water_draw_1,2026-08-02T12:06:23.233-07:00,100.926,drawing,,open,15.0,5.127058,3.1246875000000007,49.27083333333333,120.6875,32.70833333333334,90.875,25.0,77.0,1433,1274,1053,250,WH-station1,2026-08-02T12:06:23.128-07:00
water_draw_1,2026-08-02T12:06:23.738-07:00,101.431,drawing,,open,15.0,5.153430,3.134895833333333,49.47916666666666,121.06249999999997,32.29166666666667,90.125,25.2,77.36,1435,1270,1055,252,WH-station1,2026-08-02T12:06:23.633-07:00
water_draw_1,2026-08-02T12:06:24.243-07:00,101.936,drawing,,open,15.0,5.179758,3.129791666666667,49.27083333333333,120.6875,32.8125,91.0625,25.0,77.0,1433,1275,1054,250,WH-station1,2026-08-02T12:06:24.137-07:00
water_draw_1,2026-08-02T12:06:24.747-07:00,102.440,drawing,,open,15.0,5.206084,3.129791666666667,49.583333333333314,121.24999999999997,33.125,91.625,25.1,77.18,1436,1278,1054,251,WH-station1,2026-08-02T12:06:24.642-07:00
water_draw_1,2026-08-02T12:06:25.252-07:00,102.945,drawing,,open,15.0,5.232452,3.134895833333333,49.583333333333314,121.24999999999997,32.5,90.5,25.1,77.18,1436,1272,1055,251,WH-station1,2026-08-02T12:06:25.147-07:00
water_draw_1,2026-08-02T12:06:25.757-07:00,103.450,drawing,,open,15.0,5.259035,3.1604166666666673,49.583333333333314,121.24999999999997,32.70833333333334,90.875,25.1,77.18,1436,1274,1060,251,WH-station1,2026-08-02T12:06:25.652-07:00
water_draw_1,2026-08-02T12:06:26.261-07:00,103.955,drawing,,open,15.0,5.285406,3.134895833333333,49.47916666666666,121.06249999999997,33.125,91.625,25.1,77.18,1435,1278,1055,251,WH-station1,2026-08-02T12:06:26.157-07:00
water_draw_1,2026-08-02T12:06:26.766-07:00,104.459,drawing,,open,15.0,5.311692,3.1246875000000007,49.47916666666666,121.06249999999997,33.02083333333334,91.43750000000003,25.1,77.18,1435,1277,1053,251,WH-station1,2026-08-02T12:06:26.662-07:00
water_draw_1,2026-08-02T12:06:27.271-07:00,104.964,drawing,,open,15.0,5.338062,3.134895833333333,49.47916666666666,121.06249999999997,32.8125,91.0625,25.1,77.18,1435,1275,1055,251,WH-station1,2026-08-02T12:06:27.166-07:00
water_draw_1,2026-08-02T12:06:27.776-07:00,105.469,drawing,,open,15.0,5.364394,3.129791666666667,49.687500000000014,121.43750000000003,33.33333333333333,92.0,25.1,77.18,1437,1280,1054,251,WH-station1,2026-08-02T12:06:27.671-07:00
water_draw_1,2026-08-02T12:06:28.280-07:00,105.974,drawing,,open,15.0,5.390723,3.129791666666667,49.47916666666666,121.06249999999997,32.8125,91.0625,25.0,77.0,1435,1275,1054,250,WH-station1,2026-08-02T12:06:28.176-07:00
water_draw_1,2026-08-02T12:06:28.785-07:00,106.478,drawing,,open,15.0,5.417134,3.140000000000001,49.583333333333314,121.24999999999997,33.02083333333334,91.43750000000003,25.1,77.18,1436,1277,1056,251,WH-station1,2026-08-02T12:06:28.681-07:00
water_draw_1,2026-08-02T12:06:29.290-07:00,106.983,drawing,,open,15.0,5.443637,3.1502083333333335,49.687500000000014,121.43750000000003,33.02083333333334,91.43750000000003,25.1,77.18,1437,1277,1058,251,WH-station1,2026-08-02T12:06:29.186-07:00
water_draw_1,2026-08-02T12:06:29.795-07:00,107.488,drawing,,open,15.0,5.470178,3.1553125,49.791666666666686,121.62500000000003,33.125,91.625,25.2,77.36,1438,1278,1059,252,WH-station1,2026-08-02T12:06:29.691-07:00
water_draw_1,2026-08-02T12:06:30.299-07:00,107.992,drawing,,open,15.0,5.496718,3.1553125,49.583333333333314,121.24999999999997,33.22916666666667,91.8125,25.0,77.0,1436,1279,1059,250,WH-station1,2026-08-02T12:06:30.196-07:00
water_draw_1,2026-08-02T12:06:30.804-07:00,108.497,drawing,,open,15.0,5.523300,3.1604166666666673,49.583333333333314,121.24999999999997,33.54166666666667,92.375,25.2,77.36,1436,1282,1060,252,WH-station1,2026-08-02T12:06:30.700-07:00
water_draw_1,2026-08-02T12:06:31.309-07:00,109.002,drawing,,open,15.0,5.549755,3.145104166666667,49.687500000000014,121.43750000000003,33.645833333333314,92.56249999999994,25.2,77.36,1437,1283,1057,252,WH-station1,2026-08-02T12:06:31.205-07:00
water_draw_1,2026-08-02T12:06:31.813-07:00,109.507,drawing,,open,15.0,5.576516,3.180833333333334,49.583333333333314,121.24999999999997,33.645833333333314,92.56249999999994,25.2,77.36,1436,1283,1064,252,WH-station1,2026-08-02T12:06:31.710-07:00
water_draw_1,2026-08-02T12:06:32.318-07:00,110.011,drawing,,open,15.0,5.603233,3.1757291666666667,49.687500000000014,121.43750000000003,33.54166666666667,92.375,25.1,77.18,1437,1282,1063,251,WH-station1,2026-08-02T12:06:32.215-07:00
water_draw_1,2026-08-02T12:06:32.823-07:00,110.516,drawing,,open,15.0,5.629818,3.1604166666666673,49.583333333333314,121.24999999999997,33.33333333333333,92.0,25.0,77.0,1436,1280,1060,250,WH-station1,2026-08-02T12:06:32.720-07:00
water_draw_1,2026-08-02T12:06:33.328-07:00,111.021,drawing,,open,15.0,5.656362,3.1553125,49.583333333333314,121.24999999999997,33.749999999999986,92.74999999999997,25.1,77.18,1436,1284,1059,251,WH-station1,2026-08-02T12:06:33.225-07:00
water_draw_1,2026-08-02T12:06:33.832-07:00,111.525,drawing,,open,15.0,5.682820,3.145104166666667,49.687500000000014,121.43750000000003,33.54166666666667,92.375,25.1,77.18,1437,1282,1057,251,WH-station1,2026-08-02T12:06:33.730-07:00
water_draw_1,2026-08-02T12:06:34.337-07:00,112.030,drawing,,open,15.0,5.709404,3.1604166666666673,49.687500000000014,121.43750000000003,34.27083333333334,93.6875,25.0,77.0,1437,1289,1060,250,WH-station1,2026-08-02T12:06:34.234-07:00
water_draw_1,2026-08-02T12:06:34.842-07:00,112.535,drawing,,open,15.0,5.736038,3.165520833333334,49.687500000000014,121.43750000000003,33.85416666666666,92.93749999999997,25.0,77.0,1437,1285,1061,250,WH-station1,2026-08-02T12:06:34.739-07:00
water_draw_1,2026-08-02T12:06:35.346-07:00,113.040,drawing,,open,15.0,5.762576,3.1553125,49.583333333333314,121.24999999999997,33.85416666666666,92.93749999999997,25.1,77.18,1436,1285,1059,251,WH-station1,2026-08-02T12:06:35.243-07:00
water_draw_1,2026-08-02T12:06:35.851-07:00,113.544,drawing,,open,15.0,5.789073,3.1502083333333335,49.583333333333314,121.24999999999997,33.95833333333336,93.12500000000006,25.2,77.36,1436,1286,1058,252,WH-station1,2026-08-02T12:06:35.748-07:00
water_draw_1,2026-08-02T12:06:36.356-07:00,114.049,drawing,,open,15.0,5.815741,3.1706250000000002,49.687500000000014,121.43750000000003,34.375,93.875,25.1,77.18,1437,1290,1062,251,WH-station1,2026-08-02T12:06:36.253-07:00
water_draw_1,2026-08-02T12:06:36.860-07:00,114.554,drawing,,open,15.0,5.842195,3.145104166666667,49.791666666666686,121.62500000000003,33.95833333333336,93.12500000000006,25.1,77.18,1438,1286,1057,251,WH-station1,2026-08-02T12:06:36.758-07:00
water_draw_1,2026-08-02T12:06:37.365-07:00,115.058,drawing,,open,15.0,5.868522,3.129791666666667,49.583333333333314,121.24999999999997,34.0625,93.3125,25.1,77.18,1436,1287,1054,251,WH-station1,2026-08-02T12:06:37.263-07:00
water_draw_1,2026-08-02T12:06:37.870-07:00,115.563,drawing,,open,15.0,5.894895,3.134895833333333,49.687500000000014,121.43750000000003,33.95833333333336,93.12500000000006,25.1,77.18,1437,1286,1055,251,WH-station1,2026-08-02T12:06:37.767-07:00
water_draw_1,2026-08-02T12:06:38.375-07:00,116.068,drawing,,open,15.0,5.921353,3.145104166666667,49.47916666666666,121.06249999999997,34.375,93.875,25.1,77.18,1435,1290,1057,251,WH-station1,2026-08-02T12:06:38.272-07:00
water_draw_1,2026-08-02T12:06:38.879-07:00,116.573,drawing,,open,15.0,5.947895,3.1553125,49.583333333333314,121.24999999999997,34.27083333333334,93.6875,25.2,77.36,1436,1289,1059,252,WH-station1,2026-08-02T12:06:38.777-07:00
water_draw_1,2026-08-02T12:06:39.384-07:00,117.077,drawing,,open,15.0,5.974220,3.129791666666667,49.687500000000014,121.43750000000003,34.6875,94.4375,25.1,77.18,1437,1293,1054,251,WH-station1,2026-08-02T12:06:39.282-07:00
water_draw_1,2026-08-02T12:06:39.889-07:00,117.582,drawing,,open,15.0,6.000588,3.134895833333333,49.791666666666686,121.62500000000003,34.6875,94.4375,25.1,77.18,1438,1293,1055,251,WH-station1,2026-08-02T12:06:39.787-07:00
water_draw_1,2026-08-02T12:06:40.393-07:00,118.087,drawing,,open,15.0,6.026958,3.134895833333333,49.583333333333314,121.24999999999997,34.6875,94.4375,25.2,77.36,1436,1293,1055,252,WH-station1,2026-08-02T12:06:40.292-07:00
water_draw_1,2026-08-02T12:06:40.898-07:00,118.591,drawing,,open,15.0,6.053332,3.134895833333333,49.583333333333314,121.24999999999997,34.6875,94.4375,25.1,77.18,1436,1293,1055,251,WH-station1,2026-08-02T12:06:40.797-07:00
water_draw_1,2026-08-02T12:06:41.403-07:00,119.096,drawing,,open,15.0,6.079787,3.145104166666667,49.47916666666666,121.06249999999997,34.6875,94.4375,25.2,77.36,1435,1293,1057,252,WH-station1,2026-08-02T12:06:41.301-07:00
water_draw_1,2026-08-02T12:06:41.908-07:00,119.601,drawing,,open,15.0,6.106158,3.134895833333333,49.791666666666686,121.62500000000003,34.58333333333334,94.25000000000003,25.1,77.18,1438,1292,1055,251,WH-station1,2026-08-02T12:06:41.806-07:00
water_draw_1,2026-08-02T12:06:42.412-07:00,120.105,drawing,,open,15.0,6.132570,3.140000000000001,49.791666666666686,121.62500000000003,34.89583333333333,94.8125,25.1,77.18,1438,1295,1056,251,WH-station1,2026-08-02T12:06:42.311-07:00
water_draw_1,2026-08-02T12:06:42.917-07:00,120.610,drawing,,open,15.0,6.159024,3.145104166666667,49.687500000000014,121.43750000000003,34.79166666666667,94.625,25.2,77.36,1437,1294,1057,252,WH-station1,2026-08-02T12:06:42.816-07:00
water_draw_1,2026-08-02T12:06:43.422-07:00,121.115,drawing,,open,15.0,6.185486,3.145104166666667,49.791666666666686,121.62500000000003,34.58333333333334,94.25000000000003,25.1,77.18,1438,1292,1057,251,WH-station1,2026-08-02T12:06:43.321-07:00
water_draw_1,2026-08-02T12:06:43.927-07:00,121.620,drawing,,open,15.0,6.211856,3.134895833333333,49.89583333333334,121.8125,34.89583333333333,94.8125,25.1,77.18,1439,1295,1055,251,WH-station1,2026-08-02T12:06:43.826-07:00
water_draw_1,2026-08-02T12:06:44.431-07:00,122.124,drawing,,open,15.0,6.238312,3.145104166666667,49.791666666666686,121.62500000000003,34.6875,94.4375,25.1,77.18,1438,1293,1057,251,WH-station1,2026-08-02T12:06:44.331-07:00
water_draw_1,2026-08-02T12:06:44.936-07:00,122.629,drawing,,open,15.0,6.264638,3.129791666666667,49.89583333333334,121.8125,35.10416666666667,95.1875,25.1,77.18,1439,1297,1054,251,WH-station1,2026-08-02T12:06:44.835-07:00
water_draw_1,2026-08-02T12:06:45.441-07:00,123.134,drawing,,open,15.0,6.291136,3.1502083333333335,49.89583333333334,121.8125,34.89583333333333,94.8125,25.1,77.18,1439,1295,1058,251,WH-station1,2026-08-02T12:06:45.340-07:00
water_draw_1,2026-08-02T12:06:45.943-07:00,123.638,drawing,,open,15.0,6.317549,3.140000000000001,49.687500000000014,121.43750000000003,35.10416666666667,95.1875,25.2,77.36,1437,1297,1056,252,WH-station1,2026-08-02T12:06:45.845-07:00
water_draw_1,2026-08-02T12:06:46.445-07:00,124.140,drawing,,open,15.0,6.343949,3.1553125,49.583333333333314,121.24999999999997,35.10416666666667,95.1875,25.2,77.36,1436,1297,1059,252,WH-station1,2026-08-02T12:06:46.350-07:00
water_draw_1,2026-08-02T12:06:46.947-07:00,124.642,drawing,,open,15.0,6.370348,3.1553125,49.791666666666686,121.62500000000003,35.20833333333333,95.375,25.2,77.36,1438,1298,1059,252,WH-station1,2026-08-02T12:06:46.855-07:00
water_draw_1,2026-08-02T12:06:47.449-07:00,125.144,drawing,,open,15.0,6.396747,3.1553125,49.583333333333314,121.24999999999997,35.000000000000014,95.00000000000003,25.2,77.36,1436,1296,1059,252,WH-station1,2026-08-02T12:06:47.360-07:00
water_draw_1,2026-08-02T12:06:47.951-07:00,125.647,drawing,,open,15.0,6.423148,3.1553125,49.687500000000014,121.43750000000003,35.20833333333333,95.375,25.2,77.36,1437,1298,1059,252,WH-station1,2026-08-02T12:06:47.865-07:00
water_draw_1,2026-08-02T12:06:48.453-07:00,126.148,drawing,,open,15.0,6.449673,3.1706250000000002,49.791666666666686,121.62500000000003,35.20833333333333,95.375,25.2,77.36,1438,1298,1062,252,WH-station1,2026-08-02T12:06:48.369-07:00
water_draw_1,2026-08-02T12:06:48.955-07:00,126.650,drawing,,open,15.0,6.476202,3.1706250000000002,50.0,122.0,35.000000000000014,95.00000000000003,25.2,77.36,1440,1296,1062,252,WH-station1,2026-08-02T12:06:48.874-07:00
water_draw_1,2026-08-02T12:06:49.457-07:00,127.152,drawing,,open,15.0,6.502517,3.145104166666667,49.687500000000014,121.43750000000003,35.10416666666667,95.1875,25.1,77.18,1437,1297,1057,251,WH-station1,2026-08-02T12:06:49.379-07:00
water_draw_1,2026-08-02T12:06:49.959-07:00,127.655,drawing,,open,15.0,6.528834,3.145104166666667,49.791666666666686,121.62500000000003,35.312499999999986,95.56249999999997,25.2,77.36,1438,1299,1057,252,WH-station1,2026-08-02T12:06:49.884-07:00
water_draw_1,2026-08-02T12:06:50.461-07:00,128.157,drawing,,open,15.0,6.555231,3.1553125,49.583333333333314,121.24999999999997,35.52083333333333,95.9375,25.2,77.36,1436,1301,1059,252,WH-station1,2026-08-02T12:06:50.389-07:00
water_draw_1,2026-08-02T12:06:50.965-07:00,128.659,drawing,,open,15.0,6.581590,3.1502083333333335,49.791666666666686,121.62500000000003,35.10416666666667,95.1875,25.1,77.18,1438,1297,1058,251,WH-station1,2026-08-02T12:06:50.894-07:00
water_draw_1,2026-08-02T12:06:51.470-07:00,129.163,drawing,,open,15.0,6.608090,3.1502083333333335,49.687500000000014,121.43750000000003,35.312499999999986,95.56249999999997,25.2,77.36,1437,1299,1058,252,WH-station1,2026-08-02T12:06:51.399-07:00
water_draw_1,2026-08-02T12:06:51.975-07:00,129.668,drawing,,open,15.0,6.634804,3.1757291666666667,49.791666666666686,121.62500000000003,35.52083333333333,95.9375,25.1,77.18,1438,1301,1063,251,WH-station1,2026-08-02T12:06:51.903-07:00
water_draw_1,2026-08-02T12:06:52.479-07:00,130.173,drawing,,open,15.0,6.661559,3.180833333333334,49.687500000000014,121.43750000000003,35.312499999999986,95.56249999999997,25.1,77.18,1437,1299,1064,251,WH-station1,2026-08-02T12:06:52.408-07:00
water_draw_1,2026-08-02T12:06:52.984-07:00,130.677,drawing,,open,15.0,6.688186,3.165520833333334,49.583333333333314,121.24999999999997,35.72916666666666,96.31249999999997,25.1,77.18,1436,1303,1061,251,WH-station1,2026-08-02T12:06:52.913-07:00
water_draw_1,2026-08-02T12:06:53.489-07:00,131.182,drawing,,open,15.0,6.714858,3.1706250000000002,49.791666666666686,121.62500000000003,35.625,96.125,25.0,77.0,1438,1302,1062,250,WH-station1,2026-08-02T12:06:53.418-07:00
water_draw_1,2026-08-02T12:06:53.994-07:00,131.687,drawing,,open,15.0,6.741490,3.165520833333334,49.89583333333334,121.8125,35.52083333333333,95.9375,25.0,77.0,1439,1301,1061,250,WH-station1,2026-08-02T12:06:53.923-07:00
water_draw_1,2026-08-02T12:06:54.498-07:00,132.192,drawing,,open,15.0,6.768248,3.180833333333334,49.791666666666686,121.62500000000003,35.83333333333334,96.5,25.1,77.18,1438,1304,1064,251,WH-station1,2026-08-02T12:06:54.428-07:00
water_draw_1,2026-08-02T12:06:55.003-07:00,132.696,drawing,,open,15.0,6.794875,3.165520833333334,49.687500000000014,121.43750000000003,35.52083333333333,95.9375,25.0,77.0,1437,1301,1061,250,WH-station1,2026-08-02T12:06:54.933-07:00
water_draw_1,2026-08-02T12:06:55.508-07:00,133.201,drawing,,open,15.0,6.821500,3.165520833333334,49.791666666666686,121.62500000000003,36.04166666666666,96.875,25.2,77.36,1438,1306,1061,252,WH-station1,2026-08-02T12:06:55.437-07:00
water_draw_1,2026-08-02T12:06:56.012-07:00,133.706,drawing,,open,15.0,6.847911,3.140000000000001,49.687500000000014,121.43750000000003,35.625,96.125,25.1,77.18,1437,1302,1056,251,WH-station1,2026-08-02T12:06:55.942-07:00
water_draw_1,2026-08-02T12:06:56.517-07:00,134.210,drawing,,open,15.0,6.874367,3.145104166666667,49.791666666666686,121.62500000000003,35.83333333333334,96.5,25.1,77.18,1438,1304,1057,251,WH-station1,2026-08-02T12:06:56.447-07:00
water_draw_1,2026-08-02T12:06:57.022-07:00,134.715,drawing,,open,15.0,6.901083,3.1757291666666667,49.583333333333314,121.24999999999997,35.9375,96.6875,25.0,77.0,1436,1305,1063,250,WH-station1,2026-08-02T12:06:56.952-07:00
water_draw_1,2026-08-02T12:06:57.527-07:00,135.220,drawing,,open,15.0,6.927753,3.1706250000000002,49.791666666666686,121.62500000000003,35.83333333333334,96.5,25.1,77.18,1438,1304,1062,251,WH-station1,2026-08-02T12:06:57.457-07:00
water_draw_1,2026-08-02T12:06:58.031-07:00,135.725,drawing,,open,15.0,6.954381,3.165520833333334,49.89583333333334,121.8125,36.04166666666666,96.875,25.1,77.18,1439,1306,1061,251,WH-station1,2026-08-02T12:06:57.961-07:00
water_draw_1,2026-08-02T12:06:58.536-07:00,136.229,drawing,,open,15.0,6.981270,3.196145833333333,49.791666666666686,121.62500000000003,35.72916666666666,96.31249999999997,25.1,77.18,1438,1303,1067,251,WH-station1,2026-08-02T12:06:58.466-07:00
water_draw_1,2026-08-02T12:06:59.041-07:00,136.734,drawing,,open,15.0,7.008025,3.180833333333334,49.89583333333334,121.8125,36.145833333333314,97.06249999999997,25.2,77.36,1439,1307,1064,252,WH-station1,2026-08-02T12:06:58.971-07:00
water_draw_1,2026-08-02T12:06:59.546-07:00,137.239,drawing,,open,15.0,7.034782,3.180833333333334,49.687500000000014,121.43750000000003,36.04166666666666,96.875,25.2,77.36,1437,1306,1064,252,WH-station1,2026-08-02T12:06:59.476-07:00
water_draw_1,2026-08-02T12:07:00.050-07:00,137.743,drawing,,open,15.0,7.061326,3.1553125,49.89583333333334,121.8125,35.72916666666666,96.31249999999997,25.1,77.18,1439,1303,1059,251,WH-station1,2026-08-02T12:06:59.981-07:00
water_draw_1,2026-08-02T12:07:00.555-07:00,138.248,drawing,,open,15.0,7.088039,3.1757291666666667,49.89583333333334,121.8125,35.52083333333333,95.9375,25.2,77.36,1439,1301,1063,252,WH-station1,2026-08-02T12:07:00.486-07:00
water_draw_1,2026-08-02T12:07:01.060-07:00,138.753,drawing,,open,15.0,7.114539,3.1502083333333335,49.687500000000014,121.43750000000003,35.83333333333334,96.5,25.1,77.18,1437,1304,1058,251,WH-station1,2026-08-02T12:07:00.991-07:00
water_draw_1,2026-08-02T12:07:01.565-07:00,139.258,drawing,,open,15.0,7.141088,3.1553125,50.0,122.0,35.9375,96.6875,25.1,77.18,1440,1305,1059,251,WH-station1,2026-08-02T12:07:01.495-07:00
water_draw_1,2026-08-02T12:07:02.069-07:00,139.762,drawing,,open,15.0,7.167671,3.1604166666666673,49.89583333333334,121.8125,36.145833333333314,97.06249999999997,25.3,77.53999999999999,1439,1307,1060,253,WH-station1,2026-08-02T12:07:02.000-07:00
water_draw_1,2026-08-02T12:07:02.574-07:00,140.267,drawing,,open,15.0,7.194043,3.134895833333333,49.89583333333334,121.8125,36.04166666666666,96.875,25.2,77.36,1439,1306,1055,252,WH-station1,2026-08-02T12:07:02.505-07:00
water_draw_1,2026-08-02T12:07:03.079-07:00,140.772,drawing,,open,15.0,7.220542,3.1502083333333335,49.791666666666686,121.62500000000003,35.83333333333334,96.5,25.1,77.18,1438,1304,1058,251,WH-station1,2026-08-02T12:07:03.010-07:00
water_draw_1,2026-08-02T12:07:03.583-07:00,141.277,drawing,,open,15.0,7.247211,3.1706250000000002,49.791666666666686,121.62500000000003,35.83333333333334,96.5,25.2,77.36,1438,1304,1062,252,WH-station1,2026-08-02T12:07:03.515-07:00
water_draw_1,2026-08-02T12:07:04.088-07:00,141.781,drawing,,open,15.0,7.273623,3.140000000000001,49.89583333333334,121.8125,36.25,97.25,25.1,77.18,1439,1308,1056,251,WH-station1,2026-08-02T12:07:04.020-07:00
water_draw_1,2026-08-02T12:07:04.593-07:00,142.286,drawing,,open,15.0,7.300207,3.1604166666666673,49.791666666666686,121.62500000000003,36.45833333333333,97.625,25.0,77.0,1438,1310,1060,250,WH-station1,2026-08-02T12:07:04.525-07:00
water_draw_1,2026-08-02T12:07:05.097-07:00,142.791,drawing,,open,15.0,7.326794,3.1604166666666673,49.89583333333334,121.8125,36.04166666666666,96.875,25.2,77.36,1439,1306,1060,252,WH-station1,2026-08-02T12:07:05.030-07:00
water_draw_1,2026-08-02T12:07:05.602-07:00,143.295,drawing,,open,15.0,7.353122,3.129791666666667,49.791666666666686,121.62500000000003,36.145833333333314,97.06249999999997,25.1,77.18,1438,1307,1054,251,WH-station1,2026-08-02T12:07:05.535-07:00
water_draw_1,2026-08-02T12:07:06.107-07:00,143.800,drawing,,open,15.0,7.379664,3.1553125,49.687500000000014,121.43750000000003,35.83333333333334,96.5,25.2,77.36,1437,1304,1059,252,WH-station1,2026-08-02T12:07:06.039-07:00
water_draw_1,2026-08-02T12:07:06.612-07:00,144.305,drawing,,open,15.0,7.406332,3.1706250000000002,49.89583333333334,121.8125,36.25,97.25,25.1,77.18,1439,1308,1062,251,WH-station1,2026-08-02T12:07:06.544-07:00
water_draw_1,2026-08-02T12:07:07.116-07:00,144.809,drawing,,open,15.0,7.433087,3.180833333333334,49.89583333333334,121.8125,35.83333333333334,96.5,25.2,77.36,1439,1304,1064,252,WH-station1,2026-08-02T12:07:07.049-07:00
water_draw_1,2026-08-02T12:07:07.621-07:00,145.314,drawing,,open,15.0,7.459674,3.1604166666666673,49.89583333333334,121.8125,36.35416666666667,97.4375,25.1,77.18,1439,1309,1060,251,WH-station1,2026-08-02T12:07:07.554-07:00
water_draw_1,2026-08-02T12:07:08.126-07:00,145.819,drawing,,open,15.0,7.486139,3.145104166666667,49.89583333333334,121.8125,35.83333333333334,96.5,25.1,77.18,1439,1304,1057,251,WH-station1,2026-08-02T12:07:08.059-07:00
water_draw_1,2026-08-02T12:07:08.630-07:00,146.324,drawing,,open,15.0,7.512850,3.1757291666666667,50.104166666666686,122.18750000000003,36.145833333333314,97.06249999999997,25.2,77.36,1441,1307,1063,252,WH-station1,2026-08-02T12:07:08.564-07:00
water_draw_1,2026-08-02T12:07:09.135-07:00,146.828,drawing,,open,15.0,7.539388,3.1553125,49.89583333333334,121.8125,36.45833333333333,97.625,25.1,77.18,1439,1310,1059,251,WH-station1,2026-08-02T12:07:09.068-07:00
water_draw_1,2026-08-02T12:07:09.640-07:00,147.333,drawing,,open,15.0,7.565970,3.1604166666666673,50.0,122.0,36.770833333333314,98.18749999999994,25.1,77.18,1440,1313,1060,251,WH-station1,2026-08-02T12:07:09.573-07:00
water_draw_1,2026-08-02T12:07:10.144-07:00,147.838,drawing,,open,15.0,7.592637,3.1706250000000002,49.89583333333334,121.8125,36.25,97.25,25.2,77.36,1439,1308,1062,252,WH-station1,2026-08-02T12:07:10.078-07:00
water_draw_1,2026-08-02T12:07:10.649-07:00,148.342,drawing,,open,15.0,7.619481,3.1910416666666666,49.89583333333334,121.8125,36.145833333333314,97.06249999999997,25.0,77.0,1439,1307,1066,250,WH-station1,2026-08-02T12:07:10.583-07:00
water_draw_1,2026-08-02T12:07:11.154-07:00,148.847,drawing,,open,15.0,7.645980,3.1502083333333335,50.104166666666686,122.18750000000003,36.145833333333314,97.06249999999997,25.1,77.18,1441,1307,1058,251,WH-station1,2026-08-02T12:07:11.088-07:00
water_draw_1,2026-08-02T12:07:11.659-07:00,149.352,drawing,,open,15.0,7.672609,3.165520833333334,50.0,122.0,36.45833333333333,97.625,25.0,77.0,1440,1310,1061,250,WH-station1,2026-08-02T12:07:11.593-07:00
water_draw_1,2026-08-02T12:07:12.163-07:00,149.857,drawing,,open,15.0,7.699494,3.196145833333333,50.0,122.0,35.83333333333334,96.5,25.1,77.18,1440,1304,1067,251,WH-station1,2026-08-02T12:07:12.097-07:00
water_draw_1,2026-08-02T12:07:12.668-07:00,150.361,drawing,,open,15.0,7.726204,3.1757291666666667,49.89583333333334,121.8125,36.145833333333314,97.06249999999997,25.1,77.18,1439,1307,1063,251,WH-station1,2026-08-02T12:07:12.602-07:00
water_draw_1,2026-08-02T12:07:13.173-07:00,150.866,drawing,,open,15.0,7.752875,3.1706250000000002,49.89583333333334,121.8125,36.35416666666667,97.4375,25.2,77.36,1439,1309,1062,252,WH-station1,2026-08-02T12:07:13.107-07:00
water_draw_1,2026-08-02T12:07:13.678-07:00,151.371,drawing,,open,15.0,7.779503,3.165520833333334,50.0,122.0,36.145833333333314,97.06249999999997,25.2,77.36,1440,1307,1061,252,WH-station1,2026-08-02T12:07:13.612-07:00
water_draw_1,2026-08-02T12:07:14.182-07:00,151.875,drawing,,open,15.0,7.806137,3.165520833333334,50.0,122.0,36.25,97.25,25.2,77.36,1440,1308,1061,252,WH-station1,2026-08-02T12:07:14.117-07:00
water_draw_1,2026-08-02T12:07:14.687-07:00,152.380,drawing,,open,15.0,7.832719,3.1604166666666673,49.89583333333334,121.8125,36.145833333333314,97.06249999999997,25.2,77.36,1439,1307,1060,252,WH-station1,2026-08-02T12:07:14.622-07:00
water_draw_1,2026-08-02T12:07:15.192-07:00,152.885,drawing,,open,15.0,7.859302,3.1604166666666673,49.89583333333334,121.8125,36.04166666666666,96.875,25.2,77.36,1439,1306,1060,252,WH-station1,2026-08-02T12:07:15.126-07:00
water_draw_1,2026-08-02T12:07:15.696-07:00,153.389,drawing,,open,15.0,7.885971,3.1706250000000002,49.791666666666686,121.62500000000003,36.04166666666666,96.875,25.2,77.36,1438,1306,1062,252,WH-station1,2026-08-02T12:07:15.631-07:00
water_draw_1,2026-08-02T12:07:16.201-07:00,153.894,drawing,,open,15.0,7.912553,3.1604166666666673,50.0,122.0,36.25,97.25,25.1,77.18,1440,1308,1060,251,WH-station1,2026-08-02T12:07:16.136-07:00
water_draw_1,2026-08-02T12:07:16.709-07:00,154.402,drawing,,open,15.0,7.939239,3.1502083333333335,49.791666666666686,121.62500000000003,36.25,97.25,25.1,77.18,1438,1308,1058,251,WH-station1,2026-08-02T12:07:16.641-07:00
water_draw_1,2026-08-02T12:07:17.214-07:00,154.907,drawing,,open,15.0,7.965916,3.1706250000000002,50.20833333333334,122.37500000000003,36.04166666666666,96.875,25.1,77.18,1442,1306,1062,251,WH-station1,2026-08-02T12:07:17.146-07:00
water_draw_1,2026-08-02T12:07:17.719-07:00,155.412,drawing,,open,15.0,7.992456,3.1553125,49.89583333333334,121.8125,36.45833333333333,97.625,25.1,77.18,1439,1310,1059,251,WH-station1,2026-08-02T12:07:17.651-07:00
water_draw_1,2026-08-02T12:07:18.223-07:00,155.917,drawing,,open,15.0,8.019126,3.1706250000000002,49.89583333333334,121.8125,36.04166666666666,96.875,25.0,77.0,1439,1306,1062,250,WH-station1,2026-08-02T12:07:18.155-07:00
water_draw_1,2026-08-02T12:07:18.728-07:00,156.421,drawing,,open,15.0,8.045668,3.1553125,50.0,122.0,35.83333333333334,96.5,25.0,77.0,1440,1304,1059,250,WH-station1,2026-08-02T12:07:18.660-07:00
water_draw_1,2026-08-02T12:07:19.233-07:00,156.926,drawing,,open,15.0,8.072249,3.1604166666666673,49.89583333333334,121.8125,35.41666666666667,95.75,25.1,77.18,1439,1300,1060,251,WH-station1,2026-08-02T12:07:19.165-07:00
water_draw_1,2026-08-02T12:07:19.738-07:00,157.431,drawing,,open,15.0,8.098878,3.165520833333334,50.0,122.0,36.562499999999986,97.81249999999997,25.1,77.18,1440,1311,1061,251,WH-station1,2026-08-02T12:07:19.670-07:00
water_draw_1,2026-08-02T12:07:20.242-07:00,157.935,drawing,,open,15.0,8.125381,3.1502083333333335,50.0,122.0,35.9375,96.6875,25.1,77.18,1440,1305,1058,251,WH-station1,2026-08-02T12:07:20.175-07:00
water_draw_1,2026-08-02T12:07:20.747-07:00,158.440,drawing,,open,15.0,8.152050,3.1706250000000002,49.791666666666686,121.62500000000003,36.04166666666666,96.875,25.0,77.0,1438,1306,1062,250,WH-station1,2026-08-02T12:07:20.679-07:00
water_draw_1,2026-08-02T12:07:21.252-07:00,158.945,drawing,,open,15.0,8.178589,3.1553125,49.89583333333334,121.8125,35.9375,96.6875,25.1,77.18,1439,1305,1059,251,WH-station1,2026-08-02T12:07:21.184-07:00
water_draw_1,2026-08-02T12:07:21.756-07:00,159.449,drawing,,open,15.0,8.205431,3.1910416666666666,49.89583333333334,121.8125,36.25,97.25,25.2,77.36,1439,1308,1066,252,WH-station1,2026-08-02T12:07:21.689-07:00
water_draw_1,2026-08-02T12:07:22.261-07:00,159.954,drawing,,open,15.0,8.232018,3.1604166666666673,50.0,122.0,36.35416666666667,97.4375,25.1,77.18,1440,1309,1060,251,WH-station1,2026-08-02T12:07:22.194-07:00
water_draw_1,2026-08-02T12:07:22.766-07:00,160.459,drawing,,open,15.0,8.258692,3.1706250000000002,50.0,122.0,36.04166666666666,96.875,25.0,77.0,1440,1306,1062,250,WH-station1,2026-08-02T12:07:22.699-07:00
water_draw_1,2026-08-02T12:07:23.271-07:00,160.964,drawing,,open,15.0,8.285450,3.180833333333334,50.0,122.0,36.25,97.25,25.1,77.18,1440,1308,1064,251,WH-station1,2026-08-02T12:07:23.204-07:00
water_draw_1,2026-08-02T12:07:23.775-07:00,161.468,drawing,,open,15.0,8.312034,3.1604166666666673,50.104166666666686,122.18750000000003,36.35416666666667,97.4375,25.2,77.36,1441,1309,1060,252,WH-station1,2026-08-02T12:07:23.708-07:00
water_draw_1,2026-08-02T12:07:24.280-07:00,161.973,drawing,,open,15.0,8.338617,3.1604166666666673,50.0,122.0,36.04166666666666,96.875,25.1,77.18,1440,1306,1060,251,WH-station1,2026-08-02T12:07:24.213-07:00
water_draw_1,2026-08-02T12:07:24.785-07:00,162.478,drawing,,open,15.0,8.365243,3.165520833333334,49.791666666666686,121.62500000000003,35.72916666666666,96.31249999999997,25.2,77.36,1438,1303,1061,252,WH-station1,2026-08-02T12:07:24.718-07:00
water_draw_1,2026-08-02T12:07:25.289-07:00,162.982,drawing,,open,15.0,8.392041,3.1859375000000005,49.89583333333334,121.8125,35.83333333333334,96.5,25.1,77.18,1439,1304,1065,251,WH-station1,2026-08-02T12:07:25.223-07:00
water_draw_1,2026-08-02T12:07:25.794-07:00,163.487,drawing,,open,15.0,8.418628,3.1604166666666673,50.0,122.0,35.83333333333334,96.5,25.1,77.18,1440,1304,1060,251,WH-station1,2026-08-02T12:07:25.728-07:00
water_draw_1,2026-08-02T12:07:26.299-07:00,163.992,drawing,,open,15.0,8.445083,3.145104166666667,50.0,122.0,35.9375,96.6875,25.2,77.36,1440,1305,1057,252,WH-station1,2026-08-02T12:07:26.233-07:00
water_draw_1,2026-08-02T12:07:26.803-07:00,164.497,drawing,,open,15.0,8.471886,3.1859375000000005,49.89583333333334,121.8125,36.04166666666666,96.875,25.0,77.0,1439,1306,1065,250,WH-station1,2026-08-02T12:07:26.737-07:00
water_draw_1,2026-08-02T12:07:27.308-07:00,165.001,drawing,,open,15.0,8.498474,3.1604166666666673,50.104166666666686,122.18750000000003,35.9375,96.6875,25.1,77.18,1441,1305,1060,251,WH-station1,2026-08-02T12:07:27.242-07:00
water_draw_1,2026-08-02T12:07:27.813-07:00,165.506,drawing,,open,15.0,8.525146,3.1706250000000002,50.104166666666686,122.18750000000003,35.9375,96.6875,25.1,77.18,1441,1305,1062,251,WH-station1,2026-08-02T12:07:27.747-07:00
water_draw_1,2026-08-02T12:07:28.318-07:00,166.011,drawing,,open,15.0,8.551911,3.180833333333334,49.89583333333334,121.8125,35.9375,96.6875,25.2,77.36,1439,1305,1064,252,WH-station1,2026-08-02T12:07:28.252-07:00
water_draw_1,2026-08-02T12:07:28.822-07:00,166.516,drawing,,open,15.0,8.578753,3.1910416666666666,50.0,122.0,35.83333333333334,96.5,25.1,77.18,1440,1304,1066,251,WH-station1,2026-08-02T12:07:28.757-07:00
water_draw_1,2026-08-02T12:07:29.327-07:00,167.020,drawing,,open,15.0,8.605421,3.1706250000000002,49.89583333333334,121.8125,35.72916666666666,96.31249999999997,25.1,77.18,1439,1303,1062,251,WH-station1,2026-08-02T12:07:29.262-07:00
water_draw_1,2026-08-02T12:07:29.832-07:00,167.525,drawing,,open,15.0,8.632089,3.1706250000000002,50.0,122.0,36.145833333333314,97.06249999999997,25.1,77.18,1440,1307,1062,251,WH-station1,2026-08-02T12:07:29.768-07:00
water_draw_1,2026-08-02T12:07:30.337-07:00,168.030,drawing,,open,15.0,8.658811,3.1757291666666667,49.89583333333334,121.8125,35.83333333333334,96.5,25.0,77.0,1439,1304,1063,250,WH-station1,2026-08-02T12:07:30.273-07:00
water_draw_1,2026-08-02T12:07:30.842-07:00,168.535,drawing,,open,15.0,8.685408,3.1604166666666673,50.0,122.0,35.625,96.125,25.0,77.0,1440,1302,1060,250,WH-station1,2026-08-02T12:07:30.779-07:00
water_draw_1,2026-08-02T12:07:31.346-07:00,169.039,drawing,,open,15.0,8.711905,3.1502083333333335,49.791666666666686,121.62500000000003,35.72916666666666,96.31249999999997,25.1,77.18,1438,1303,1058,251,WH-station1,2026-08-02T12:07:31.284-07:00
water_draw_1,2026-08-02T12:07:31.851-07:00,169.544,drawing,,open,15.0,8.738360,3.145104166666667,50.104166666666686,122.18750000000003,35.52083333333333,95.9375,25.2,77.36,1441,1301,1057,252,WH-station1,2026-08-02T12:07:31.790-07:00
water_draw_1,2026-08-02T12:07:32.356-07:00,170.049,drawing,,open,15.0,8.764941,3.1604166666666673,50.0,122.0,35.625,96.125,25.1,77.18,1440,1302,1060,251,WH-station1,2026-08-02T12:07:32.295-07:00
water_draw_1,2026-08-02T12:07:32.892-07:00,170.554,drawing,,open,15.0,8.791487,3.1553125,50.0,122.0,35.72916666666666,96.31249999999997,25.1,77.18,1440,1303,1059,251,WH-station1,2026-08-02T12:07:32.800-07:00
water_draw_1,2026-08-02T12:07:33.412-07:00,171.090,drawing,,open,15.0,8.819763,3.165520833333334,50.104166666666686,122.18750000000003,35.72916666666666,96.31249999999997,25.0,77.0,1441,1303,1061,250,WH-station1,2026-08-02T12:07:33.304-07:00
water_draw_1,2026-08-02T12:07:33.930-07:00,171.610,drawing,,open,15.0,8.847134,3.1553125,50.0,122.0,35.312499999999986,95.56249999999997,25.2,77.36,1440,1299,1059,252,WH-station1,2026-08-02T12:07:33.809-07:00
water_draw_1,2026-08-02T12:07:34.435-07:00,172.128,drawing,,open,15.0,8.874448,3.165520833333334,50.104166666666686,122.18750000000003,35.000000000000014,95.00000000000003,25.2,77.36,1441,1296,1061,252,WH-station1,2026-08-02T12:07:34.314-07:00
water_draw_1,2026-08-02T12:07:34.939-07:00,172.632,drawing,,open,15.0,8.901076,3.165520833333334,50.0,122.0,35.52083333333333,95.9375,25.1,77.18,1440,1301,1061,251,WH-station1,2026-08-02T12:07:34.819-07:00
water_draw_1,2026-08-02T12:07:35.444-07:00,173.137,drawing,,open,15.0,8.927529,3.145104166666667,50.0,122.0,35.625,96.125,25.0,77.0,1440,1302,1057,250,WH-station1,2026-08-02T12:07:35.323-07:00
water_draw_1,2026-08-02T12:07:35.949-07:00,173.642,drawing,,open,15.0,8.954073,3.1553125,49.89583333333334,121.8125,35.41666666666667,95.75,25.2,77.36,1439,1300,1059,252,WH-station1,2026-08-02T12:07:35.828-07:00
water_draw_1,2026-08-02T12:07:36.454-07:00,174.147,drawing,,open,15.0,8.980792,3.1757291666666667,49.89583333333334,121.8125,35.312499999999986,95.56249999999997,25.2,77.36,1439,1299,1063,252,WH-station1,2026-08-02T12:07:36.333-07:00
water_draw_1,2026-08-02T12:07:36.958-07:00,174.651,drawing,,open,15.0,9.007464,3.1706250000000002,50.20833333333334,122.37500000000003,35.20833333333333,95.375,25.2,77.36,1442,1298,1062,252,WH-station1,2026-08-02T12:07:36.838-07:00
water_draw_1,2026-08-02T12:07:37.463-07:00,175.156,drawing,,open,15.0,9.034090,3.165520833333334,50.0,122.0,35.000000000000014,95.00000000000003,25.2,77.36,1440,1296,1061,252,WH-station1,2026-08-02T12:07:37.343-07:00
water_draw_1,2026-08-02T12:07:37.968-07:00,175.661,drawing,,open,15.0,9.060803,3.1757291666666667,50.104166666666686,122.18750000000003,35.10416666666667,95.1875,25.1,77.18,1441,1297,1063,251,WH-station1,2026-08-02T12:07:37.848-07:00
water_draw_1,2026-08-02T12:07:38.472-07:00,176.165,drawing,,open,15.0,9.087474,3.1706250000000002,49.791666666666686,121.62500000000003,34.89583333333333,94.8125,25.2,77.36,1438,1295,1062,252,WH-station1,2026-08-02T12:07:38.354-07:00
water_draw_1,2026-08-02T12:07:38.977-07:00,176.670,drawing,,open,15.0,9.114017,3.1553125,49.89583333333334,121.8125,35.10416666666667,95.1875,25.0,77.0,1439,1297,1059,250,WH-station1,2026-08-02T12:07:38.859-07:00
water_draw_1,2026-08-02T12:07:39.482-07:00,177.175,drawing,,open,15.0,9.140518,3.1502083333333335,49.89583333333334,121.8125,35.20833333333333,95.375,24.9,76.82,1439,1298,1058,249,WH-station1,2026-08-02T12:07:39.364-07:00
water_draw_1,2026-08-02T12:07:39.986-07:00,177.680,drawing,,open,15.0,9.167018,3.1502083333333335,50.104166666666686,122.18750000000003,34.6875,94.4375,25.1,77.18,1441,1293,1058,251,WH-station1,2026-08-02T12:07:39.869-07:00
water_draw_1,2026-08-02T12:07:40.491-07:00,178.184,drawing,,open,15.0,9.193598,3.1604166666666673,50.0,122.0,35.000000000000014,95.00000000000003,25.2,77.36,1440,1296,1060,252,WH-station1,2026-08-02T12:07:40.374-07:00
water_draw_1,2026-08-02T12:07:40.996-07:00,178.689,drawing,,open,15.0,9.220224,3.165520833333334,49.791666666666686,121.62500000000003,35.000000000000014,95.00000000000003,25.1,77.18,1438,1296,1061,251,WH-station1,2026-08-02T12:07:40.880-07:00
water_draw_1,2026-08-02T12:07:41.500-07:00,179.194,drawing,,open,15.0,9.246890,3.1706250000000002,50.0,122.0,34.79166666666667,94.625,25.2,77.36,1440,1294,1062,252,WH-station1,2026-08-02T12:07:41.385-07:00
water_draw_1,2026-08-02T12:07:42.005-07:00,179.698,drawing,,open,15.0,9.273390,3.1502083333333335,50.104166666666686,122.18750000000003,34.79166666666667,94.625,25.1,77.18,1441,1294,1058,251,WH-station1,2026-08-02T12:07:41.890-07:00
water_draw_1,2026-08-02T12:07:42.510-07:00,180.203,drawing,,open,15.0,9.300153,3.180833333333334,49.89583333333334,121.8125,34.6875,94.4375,25.2,77.36,1439,1293,1064,252,WH-station1,2026-08-02T12:07:42.395-07:00
water_draw_1,2026-08-02T12:07:43.015-07:00,180.708,drawing,,open,15.0,9.326868,3.1757291666666667,50.0,122.0,34.6875,94.4375,25.0,77.0,1440,1293,1063,250,WH-station1,2026-08-02T12:07:42.900-07:00
water_draw_1,2026-08-02T12:07:43.519-07:00,181.213,drawing,,open,15.0,9.353713,3.1910416666666666,50.20833333333334,122.37500000000003,34.58333333333334,94.25000000000003,25.1,77.18,1442,1292,1066,251,WH-station1,2026-08-02T12:07:43.405-07:00
water_draw_1,2026-08-02T12:07:44.024-07:00,181.717,drawing,,open,15.0,9.380470,3.180833333333334,50.104166666666686,122.18750000000003,35.000000000000014,95.00000000000003,25.1,77.18,1441,1296,1064,251,WH-station1,2026-08-02T12:07:43.909-07:00
water_draw_1,2026-08-02T12:07:44.529-07:00,182.222,drawing,,open,15.0,9.407222,3.180833333333334,50.104166666666686,122.18750000000003,34.89583333333333,94.8125,25.1,77.18,1441,1295,1064,251,WH-station1,2026-08-02T12:07:44.414-07:00
water_draw_1,2026-08-02T12:07:45.033-07:00,182.727,drawing,,open,15.0,9.433892,3.1706250000000002,49.89583333333334,121.8125,34.47916666666666,94.0625,25.2,77.36,1439,1291,1062,252,WH-station1,2026-08-02T12:07:44.919-07:00
water_draw_1,2026-08-02T12:07:45.538-07:00,183.231,drawing,,open,15.0,9.460522,3.165520833333334,50.20833333333334,122.37500000000003,34.6875,94.4375,25.2,77.36,1442,1293,1061,252,WH-station1,2026-08-02T12:07:45.424-07:00
water_draw_1,2026-08-02T12:07:46.043-07:00,183.736,drawing,,open,15.0,9.487065,3.1553125,49.89583333333334,121.8125,34.58333333333334,94.25000000000003,25.1,77.18,1439,1292,1059,251,WH-station1,2026-08-02T12:07:45.929-07:00
water_draw_1,2026-08-02T12:07:46.548-07:00,184.241,drawing,,open,15.0,9.513698,3.165520833333334,49.89583333333334,121.8125,34.58333333333334,94.25000000000003,25.1,77.18,1439,1292,1061,251,WH-station1,2026-08-02T12:07:46.434-07:00
water_draw_1,2026-08-02T12:07:47.053-07:00,184.746,drawing,,open,15.0,9.540328,3.165520833333334,50.104166666666686,122.18750000000003,34.58333333333334,94.25000000000003,24.9,76.82,1441,1292,1061,249,WH-station1,2026-08-02T12:07:46.938-07:00
water_draw_1,2026-08-02T12:07:47.557-07:00,185.250,drawing,,open,15.0,9.566959,3.165520833333334,50.0,122.0,34.27083333333334,93.6875,25.1,77.18,1440,1289,1061,251,WH-station1,2026-08-02T12:07:47.443-07:00
water_draw_1,2026-08-02T12:07:48.062-07:00,185.755,drawing,,open,15.0,9.593550,3.1604166666666673,50.0,122.0,34.47916666666666,94.0625,25.0,77.0,1440,1291,1060,250,WH-station1,2026-08-02T12:07:47.948-07:00
water_draw_1,2026-08-02T12:07:48.567-07:00,186.260,drawing,,open,15.0,9.620306,3.180833333333334,50.0,122.0,34.47916666666666,94.0625,25.2,77.36,1440,1291,1064,252,WH-station1,2026-08-02T12:07:48.453-07:00
water_draw_1,2026-08-02T12:07:49.072-07:00,186.765,drawing,,open,15.0,9.647191,3.196145833333333,49.89583333333334,121.8125,34.0625,93.3125,25.0,77.0,1439,1287,1067,250,WH-station1,2026-08-02T12:07:48.958-07:00
water_draw_1,2026-08-02T12:07:49.576-07:00,187.269,drawing,,open,15.0,9.673904,3.1757291666666667,50.0,122.0,33.95833333333336,93.12500000000006,25.0,77.0,1440,1286,1063,250,WH-station1,2026-08-02T12:07:49.463-07:00
water_draw_1,2026-08-02T12:07:50.081-07:00,187.774,drawing,,open,15.0,9.700574,3.1706250000000002,50.104166666666686,122.18750000000003,34.375,93.875,25.2,77.36,1441,1290,1062,252,WH-station1,2026-08-02T12:07:49.967-07:00
water_draw_1,2026-08-02T12:07:50.586-07:00,188.279,drawing,,open,15.0,9.727289,3.1757291666666667,50.20833333333334,122.37500000000003,34.0625,93.3125,25.2,77.36,1442,1287,1063,252,WH-station1,2026-08-02T12:07:50.472-07:00
water_draw_1,2026-08-02T12:07:51.090-07:00,188.784,drawing,,open,15.0,9.753746,3.145104166666667,50.104166666666686,122.18750000000003,33.95833333333336,93.12500000000006,25.1,77.18,1441,1286,1057,251,WH-station1,2026-08-02T12:07:50.977-07:00
water_draw_1,2026-08-02T12:07:51.595-07:00,189.288,drawing,,open,15.0,9.780413,3.1706250000000002,49.89583333333334,121.8125,33.749999999999986,92.74999999999997,25.1,77.18,1439,1284,1062,251,WH-station1,2026-08-02T12:07:51.482-07:00
water_draw_1,2026-08-02T12:07:52.100-07:00,189.793,drawing,,open,15.0,9.806869,3.145104166666667,50.20833333333334,122.37500000000003,34.0625,93.3125,25.1,77.18,1442,1287,1057,251,WH-station1,2026-08-02T12:07:51.987-07:00
water_draw_1,2026-08-02T12:07:52.605-07:00,190.298,drawing,,open,15.0,9.833584,3.1757291666666667,50.0,122.0,33.95833333333336,93.12500000000006,25.1,77.18,1440,1286,1063,251,WH-station1,2026-08-02T12:07:52.491-07:00
water_draw_1,2026-08-02T12:07:53.109-07:00,190.802,drawing,,open,15.0,9.860299,3.1757291666666667,50.0,122.0,34.27083333333334,93.6875,25.2,77.36,1440,1289,1063,252,WH-station1,2026-08-02T12:07:52.996-07:00
water_draw_1,2026-08-02T12:07:53.614-07:00,191.307,drawing,,open,15.0,9.886840,3.1553125,50.0,122.0,33.85416666666666,92.93749999999997,25.0,77.0,1440,1285,1059,250,WH-station1,2026-08-02T12:07:53.501-07:00
water_draw_1,2026-08-02T12:07:54.119-07:00,191.812,drawing,,open,15.0,9.913381,3.1553125,50.0,122.0,33.85416666666666,92.93749999999997,24.9,76.82,1440,1285,1059,249,WH-station1,2026-08-02T12:07:54.006-07:00
water_draw_1,2026-08-02T12:07:54.628-07:00,192.321,drawing,,open,15.0,9.940247,3.165520833333334,49.791666666666686,121.62500000000003,33.85416666666666,92.93749999999997,25.1,77.18,1438,1285,1061,251,WH-station1,2026-08-02T12:07:54.511-07:00
water_draw_1,2026-08-02T12:07:55.132-07:00,192.826,drawing,,open,15.0,9.966616,3.134895833333333,50.104166666666686,122.18750000000003,33.54166666666667,92.375,25.1,77.18,1441,1282,1055,251,WH-station1,2026-08-02T12:07:55.016-07:00
water_draw_1,2026-08-02T12:07:55.637-07:00,193.330,drawing,,open,15.0,9.993369,3.180833333333334,50.0,122.0,33.645833333333314,92.56249999999994,25.1,77.18,1440,1283,1064,251,WH-station1,2026-08-02T12:07:55.520-07:00
water_draw_1,2026-08-02T12:07:56.142-07:00,193.835,drawing,,open,15.0,10.019999,3.165520833333334,50.104166666666686,122.18750000000003,33.54166666666667,92.375,25.0,77.0,1441,1282,1061,250,WH-station1,2026-08-02T12:07:56.025-07:00
water_draw_1,2026-08-02T12:07:56.647-07:00,194.340,drawing,,open,15.0,10.046581,3.1604166666666673,49.89583333333334,121.8125,33.437499999999986,92.18749999999997,25.1,77.18,1439,1281,1060,251,WH-station1,2026-08-02T12:07:56.530-07:00
water_draw_1,2026-08-02T12:07:57.153-07:00,194.844,drawing,,open,15.0,10.073078,3.1502083333333335,50.104166666666686,122.18750000000003,33.54166666666667,92.375,25.2,77.36,1441,1282,1058,252,WH-station1,2026-08-02T12:07:57.035-07:00
water_draw_1,2026-08-02T12:07:57.657-07:00,195.351,drawing,,open,15.0,10.099783,3.165520833333334,50.20833333333334,122.37500000000003,33.437499999999986,92.18749999999997,25.2,77.36,1442,1281,1061,252,WH-station1,2026-08-02T12:07:57.540-07:00
water_draw_1,2026-08-02T12:07:58.163-07:00,195.855,drawing,,open,15.0,10.126588,3.1859375000000005,50.0,122.0,33.645833333333314,92.56249999999994,25.1,77.18,1440,1283,1065,251,WH-station1,2026-08-02T12:07:58.045-07:00
water_draw_1,2026-08-02T12:07:58.668-07:00,196.361,drawing,,open,15.0,10.153231,3.1604166666666673,50.20833333333334,122.37500000000003,33.33333333333333,92.0,25.1,77.18,1442,1280,1060,251,WH-station1,2026-08-02T12:07:58.549-07:00
water_draw_1,2026-08-02T12:07:59.174-07:00,196.866,drawing,,open,15.0,10.179773,3.1553125,50.0,122.0,32.91666666666666,91.25,25.1,77.18,1440,1276,1059,251,WH-station1,2026-08-02T12:07:59.054-07:00
water_draw_1,2026-08-02T12:07:59.679-07:00,197.372,drawing,,open,15.0,10.206511,3.1706250000000002,50.104166666666686,122.18750000000003,33.22916666666667,91.8125,25.2,77.36,1441,1279,1062,252,WH-station1,2026-08-02T12:07:59.559-07:00
water_draw_1,2026-08-02T12:08:00.183-07:00,197.877,drawing,,open,15.0,10.233225,3.1757291666666667,50.0,122.0,32.91666666666666,91.25,25.1,77.18,1440,1276,1063,251,WH-station1,2026-08-02T12:08:00.064-07:00
water_draw_1,2026-08-02T12:08:00.688-07:00,198.381,drawing,,open,15.0,10.259805,3.1604166666666673,50.0,122.0,33.02083333333334,91.43750000000003,25.1,77.18,1440,1277,1060,251,WH-station1,2026-08-02T12:08:00.569-07:00
water_draw_1,2026-08-02T12:08:01.192-07:00,198.886,drawing,,open,15.0,10.286432,3.165520833333334,50.20833333333334,122.37500000000003,33.437499999999986,92.18749999999997,25.1,77.18,1442,1281,1061,251,WH-station1,2026-08-02T12:08:01.073-07:00
water_draw_1,2026-08-02T12:08:01.697-07:00,199.390,drawing,,open,15.0,10.312969,3.1604166666666673,50.0,122.0,33.22916666666667,91.8125,25.2,77.36,1440,1279,1060,252,WH-station1,2026-08-02T12:08:01.578-07:00
water_draw_1,2026-08-02T12:08:02.201-07:00,199.895,drawing,,open,15.0,10.339602,3.165520833333334,50.20833333333334,122.37500000000003,32.91666666666666,91.25,25.1,77.18,1442,1276,1061,251,WH-station1,2026-08-02T12:08:02.083-07:00
water_draw_1,2026-08-02T12:08:02.706-07:00,200.399,drawing,,open,15.0,10.366190,3.1604166666666673,50.0,122.0,32.91666666666666,91.25,25.0,77.0,1440,1276,1060,250,WH-station1,2026-08-02T12:08:02.588-07:00
water_draw_1,2026-08-02T12:08:03.211-07:00,200.904,drawing,,open,15.0,10.392863,3.1706250000000002,50.0,122.0,33.02083333333334,91.43750000000003,25.1,77.18,1440,1277,1062,251,WH-station1,2026-08-02T12:08:03.092-07:00
water_draw_1,2026-08-02T12:08:03.716-07:00,201.409,drawing,,open,15.0,10.419319,3.145104166666667,49.89583333333334,121.8125,32.604166666666686,90.68750000000003,25.2,77.36,1439,1273,1057,252,WH-station1,2026-08-02T12:08:03.597-07:00
water_draw_1,2026-08-02T12:08:04.220-07:00,201.913,drawing,,open,15.0,10.445860,3.1553125,50.0,122.0,32.70833333333334,90.875,25.1,77.18,1440,1274,1059,251,WH-station1,2026-08-02T12:08:04.102-07:00
water_draw_1,2026-08-02T12:08:04.725-07:00,202.418,drawing,,open,15.0,10.472525,3.1706250000000002,50.104166666666686,122.18750000000003,32.604166666666686,90.68750000000003,25.1,77.18,1441,1273,1062,251,WH-station1,2026-08-02T12:08:04.607-07:00
water_draw_1,2026-08-02T12:08:05.230-07:00,202.923,drawing,,open,15.0,10.499203,3.1706250000000002,49.791666666666686,121.62500000000003,32.604166666666686,90.68750000000003,25.2,77.36,1438,1273,1062,252,WH-station1,2026-08-02T12:08:05.112-07:00
water_draw_1,2026-08-02T12:08:05.735-07:00,203.428,drawing,,open,15.0,10.525876,3.1706250000000002,50.0,122.0,32.91666666666666,91.25,25.1,77.18,1440,1276,1062,251,WH-station1,2026-08-02T12:08:05.617-07:00
water_draw_1,2026-08-02T12:08:06.239-07:00,203.932,drawing,,open,15.0,10.552633,3.180833333333334,50.104166666666686,122.18750000000003,32.604166666666686,90.68750000000003,25.2,77.36,1441,1273,1064,252,WH-station1,2026-08-02T12:08:06.121-07:00
water_draw_1,2026-08-02T12:08:06.744-07:00,204.437,drawing,,open,15.0,10.579385,3.180833333333334,50.104166666666686,122.18750000000003,32.604166666666686,90.68750000000003,25.1,77.18,1441,1273,1064,251,WH-station1,2026-08-02T12:08:06.626-07:00
water_draw_1,2026-08-02T12:08:07.248-07:00,204.942,drawing,,open,15.0,10.606183,3.1859375000000005,50.104166666666686,122.18750000000003,32.5,90.5,25.1,77.18,1441,1272,1065,251,WH-station1,2026-08-02T12:08:07.131-07:00
water_draw_1,2026-08-02T12:08:07.753-07:00,205.446,drawing,,open,15.0,10.632809,3.165520833333334,49.89583333333334,121.8125,32.70833333333334,90.875,25.2,77.36,1439,1274,1061,252,WH-station1,2026-08-02T12:08:07.636-07:00
water_draw_1,2026-08-02T12:08:08.258-07:00,205.951,drawing,,open,15.0,10.659355,3.1553125,50.104166666666686,122.18750000000003,32.39583333333333,90.3125,25.2,77.36,1441,1271,1059,252,WH-station1,2026-08-02T12:08:08.140-07:00
water_draw_1,2026-08-02T12:08:08.763-07:00,206.456,drawing,,open,15.0,10.686197,3.1910416666666666,50.104166666666686,122.18750000000003,32.187500000000014,89.93750000000003,25.1,77.18,1441,1269,1066,251,WH-station1,2026-08-02T12:08:08.645-07:00
water_draw_1,2026-08-02T12:08:09.267-07:00,206.961,drawing,,open,15.0,10.712996,3.1859375000000005,50.0,122.0,32.29166666666667,90.125,25.1,77.18,1440,1270,1065,251,WH-station1,2026-08-02T12:08:09.150-07:00
water_draw_1,2026-08-02T12:08:09.772-07:00,207.465,drawing,,open,15.0,10.740050,3.2165624999999998,50.104166666666686,122.18750000000003,31.979166666666686,89.56250000000006,25.0,77.0,1441,1267,1071,250,WH-station1,2026-08-02T12:08:09.655-07:00
water_draw_1,2026-08-02T12:08:10.277-07:00,207.970,drawing,,open,15.0,10.766890,3.1910416666666666,49.89583333333334,121.8125,32.08333333333333,89.75,25.2,77.36,1439,1268,1066,252,WH-station1,2026-08-02T12:08:10.160-07:00
water_draw_1,2026-08-02T12:08:10.781-07:00,208.475,drawing,,open,15.0,10.793430,3.1553125,50.20833333333334,122.37500000000003,32.29166666666667,90.125,25.1,77.18,1442,1270,1059,251,WH-station1,2026-08-02T12:08:10.664-07:00
water_draw_1,2026-08-02T12:08:11.286-07:00,208.979,drawing,,open,15.0,10.820059,3.165520833333334,49.89583333333334,121.8125,32.39583333333333,90.3125,25.1,77.18,1439,1271,1061,251,WH-station1,2026-08-02T12:08:11.169-07:00
water_draw_1,2026-08-02T12:08:11.791-07:00,209.484,drawing,,open,15.0,10.846638,3.1604166666666673,50.104166666666686,122.18750000000003,32.08333333333333,89.75,25.1,77.18,1441,1268,1060,251,WH-station1,2026-08-02T12:08:11.674-07:00
water_draw_1,2026-08-02T12:08:12.295-07:00,209.989,drawing,,open,15.0,10.873478,3.1910416666666666,50.104166666666686,122.18750000000003,31.979166666666686,89.56250000000006,25.1,77.18,1441,1267,1066,251,WH-station1,2026-08-02T12:08:12.179-07:00
water_draw_1,2026-08-02T12:08:12.800-07:00,210.493,drawing,,open,15.0,10.900238,3.180833333333334,50.0,122.0,31.66666666666667,89.0,25.1,77.18,1440,1264,1064,251,WH-station1,2026-08-02T12:08:12.684-07:00
water_draw_1,2026-08-02T12:08:13.305-07:00,210.998,drawing,,open,15.0,10.926996,3.180833333333334,50.0,122.0,32.187500000000014,89.93750000000003,25.0,77.0,1440,1269,1064,250,WH-station1,2026-08-02T12:08:13.189-07:00
water_draw_1,2026-08-02T12:08:13.810-07:00,211.503,drawing,,open,15.0,10.953706,3.1757291666666667,50.0,122.0,32.08333333333333,89.75,25.1,77.18,1440,1268,1063,251,WH-station1,2026-08-02T12:08:13.693-07:00
water_draw_1,2026-08-02T12:08:14.314-07:00,212.007,drawing,,open,15.0,10.980506,3.1859375000000005,50.0,122.0,31.66666666666667,89.0,25.1,77.18,1440,1264,1065,251,WH-station1,2026-08-02T12:08:14.198-07:00
water_draw_1,2026-08-02T12:08:14.819-07:00,212.512,drawing,,open,15.0,11.007215,3.1757291666666667,50.20833333333334,122.37500000000003,31.770833333333343,89.18750000000003,25.1,77.18,1442,1265,1063,251,WH-station1,2026-08-02T12:08:14.703-07:00
water_draw_1,2026-08-02T12:08:15.323-07:00,213.017,drawing,,open,15.0,11.033797,3.1604166666666673,50.104166666666686,122.18750000000003,31.770833333333343,89.18750000000003,25.0,77.0,1441,1265,1060,250,WH-station1,2026-08-02T12:08:15.208-07:00
water_draw_1,2026-08-02T12:08:15.828-07:00,213.521,drawing,,open,15.0,11.060465,3.1706250000000002,50.104166666666686,122.18750000000003,31.979166666666686,89.56250000000006,25.2,77.36,1441,1267,1062,252,WH-station1,2026-08-02T12:08:15.713-07:00
water_draw_1,2026-08-02T12:08:16.333-07:00,214.026,drawing,,open,15.0,11.087135,3.1706250000000002,50.104166666666686,122.18750000000003,31.770833333333343,89.18750000000003,25.1,77.18,1441,1265,1062,251,WH-station1,2026-08-02T12:08:16.218-07:00
water_draw_1,2026-08-02T12:08:16.838-07:00,214.531,drawing,,open,15.0,11.113678,3.1553125,50.104166666666686,122.18750000000003,31.145833333333357,88.06250000000006,25.1,77.18,1441,1259,1059,251,WH-station1,2026-08-02T12:08:16.723-07:00
water_draw_1,2026-08-02T12:08:17.342-07:00,215.035,drawing,,open,15.0,11.140050,3.134895833333333,50.104166666666686,122.18750000000003,31.770833333333343,89.18750000000003,25.1,77.18,1441,1265,1055,251,WH-station1,2026-08-02T12:08:17.227-07:00
water_draw_1,2026-08-02T12:08:17.847-07:00,215.540,drawing,,open,15.0,11.166588,3.1553125,50.0,122.0,31.875000000000014,89.37500000000003,25.1,77.18,1440,1266,1059,251,WH-station1,2026-08-02T12:08:17.732-07:00
water_draw_1,2026-08-02T12:08:18.352-07:00,216.045,drawing,,open,15.0,11.193087,3.1502083333333335,50.104166666666686,122.18750000000003,31.56250000000003,88.81250000000006,25.1,77.18,1441,1263,1058,251,WH-station1,2026-08-02T12:08:18.237-07:00
water_draw_1,2026-08-02T12:08:18.856-07:00,216.549,drawing,,open,15.0,11.219798,3.1757291666666667,50.0,122.0,31.56250000000003,88.81250000000006,25.2,77.36,1440,1263,1063,252,WH-station1,2026-08-02T12:08:18.742-07:00
water_draw_1,2026-08-02T12:08:19.361-07:00,217.054,drawing,,open,15.0,11.246297,3.1502083333333335,50.0,122.0,31.66666666666667,89.0,25.2,77.36,1440,1264,1058,252,WH-station1,2026-08-02T12:08:19.247-07:00
water_draw_1,2026-08-02T12:08:19.866-07:00,217.559,drawing,,open,15.0,11.272881,3.1604166666666673,50.104166666666686,122.18750000000003,31.354166666666686,88.43750000000003,25.1,77.18,1441,1261,1060,251,WH-station1,2026-08-02T12:08:19.751-07:00
water_draw_1,2026-08-02T12:08:20.370-07:00,218.064,drawing,,open,15.0,11.299511,3.165520833333334,50.0,122.0,31.25,88.25,25.1,77.18,1440,1260,1061,251,WH-station1,2026-08-02T12:08:20.256-07:00
water_draw_1,2026-08-02T12:08:20.875-07:00,218.568,drawing,,open,15.0,11.326092,3.1604166666666673,50.104166666666686,122.18750000000003,31.25,88.25,25.1,77.18,1441,1260,1060,251,WH-station1,2026-08-02T12:08:20.761-07:00
water_draw_1,2026-08-02T12:08:21.380-07:00,219.073,drawing,,open,15.0,11.352632,3.1553125,50.0,122.0,31.145833333333357,88.06250000000006,25.1,77.18,1440,1259,1059,251,WH-station1,2026-08-02T12:08:21.266-07:00
water_draw_1,2026-08-02T12:08:21.887-07:00,219.580,drawing,,open,15.0,11.379375,3.165520833333334,50.104166666666686,122.18750000000003,31.25,88.25,25.0,77.0,1441,1260,1061,250,WH-station1,2026-08-02T12:08:21.771-07:00
water_draw_1,2026-08-02T12:08:22.392-07:00,220.085,drawing,,open,15.0,11.406090,3.1757291666666667,50.104166666666686,122.18750000000003,30.937500000000014,87.68750000000003,25.2,77.36,1441,1257,1063,252,WH-station1,2026-08-02T12:08:22.275-07:00
water_draw_1,2026-08-02T12:08:22.897-07:00,220.590,drawing,,open,15.0,11.432741,3.165520833333334,50.20833333333334,122.37500000000003,30.937500000000014,87.68750000000003,25.1,77.18,1442,1257,1061,251,WH-station1,2026-08-02T12:08:22.780-07:00
water_draw_1,2026-08-02T12:08:23.402-07:00,221.095,drawing,,open,15.0,11.459506,3.180833333333334,50.104166666666686,122.18750000000003,30.7291666666667,87.31250000000006,25.1,77.18,1441,1255,1064,251,WH-station1,2026-08-02T12:08:23.285-07:00
water_draw_1,2026-08-02T12:08:23.906-07:00,221.599,drawing,,open,15.0,11.486053,3.1553125,50.104166666666686,122.18750000000003,30.937500000000014,87.68750000000003,25.1,77.18,1441,1257,1059,251,WH-station1,2026-08-02T12:08:23.790-07:00
water_draw_1,2026-08-02T12:08:24.411-07:00,222.104,drawing,,open,15.0,11.512681,3.165520833333334,50.0,122.0,30.83333333333333,87.5,25.2,77.36,1440,1256,1061,252,WH-station1,2026-08-02T12:08:24.295-07:00
water_draw_1,2026-08-02T12:08:24.916-07:00,222.609,drawing,,open,15.0,11.539220,3.1553125,50.20833333333334,122.37500000000003,30.83333333333333,87.5,25.0,77.0,1442,1256,1059,250,WH-station1,2026-08-02T12:08:24.800-07:00
water_draw_1,2026-08-02T12:08:25.420-07:00,223.113,drawing,,open,15.0,11.565932,3.1757291666666667,50.104166666666686,122.18750000000003,30.937500000000014,87.68750000000003,25.2,77.36,1441,1257,1063,252,WH-station1,2026-08-02T12:08:25.304-07:00
water_draw_1,2026-08-02T12:08:25.925-07:00,223.618,drawing,,open,15.0,11.592774,3.1910416666666666,50.0,122.0,30.937500000000014,87.68750000000003,25.0,77.0,1440,1257,1066,250,WH-station1,2026-08-02T12:08:25.809-07:00
water_draw_1,2026-08-02T12:08:26.430-07:00,224.123,drawing,,open,15.0,11.619489,3.1757291666666667,50.104166666666686,122.18750000000003,31.145833333333357,88.06250000000006,25.2,77.36,1441,1259,1063,252,WH-station1,2026-08-02T12:08:26.314-07:00
water_draw_1,2026-08-02T12:08:26.934-07:00,224.628,drawing,,open,15.0,11.646292,3.1859375000000005,50.3125,122.5625,31.041666666666686,87.87500000000003,25.2,77.36,1443,1258,1065,252,WH-station1,2026-08-02T12:08:26.819-07:00
water_draw_1,2026-08-02T12:08:27.439-07:00,225.132,drawing,,open,15.0,11.673049,3.180833333333334,50.104166666666686,122.18750000000003,30.937500000000014,87.68750000000003,25.1,77.18,1441,1257,1064,251,WH-station1,2026-08-02T12:08:27.324-07:00
water_draw_1,2026-08-02T12:08:27.944-07:00,225.637,drawing,,open,15.0,11.699507,3.145104166666667,50.20833333333334,122.37500000000003,30.7291666666667,87.31250000000006,25.0,77.0,1442,1255,1057,250,WH-station1,2026-08-02T12:08:27.828-07:00
water_draw_1,2026-08-02T12:08:28.449-07:00,226.142,drawing,,open,15.0,11.726266,3.180833333333334,50.3125,122.5625,30.7291666666667,87.31250000000006,25.1,77.18,1443,1255,1064,251,WH-station1,2026-08-02T12:08:28.333-07:00
water_draw_1,2026-08-02T12:08:28.954-07:00,226.647,drawing,,open,15.0,11.753118,3.1910416666666666,50.20833333333334,122.37500000000003,30.7291666666667,87.31250000000006,25.1,77.18,1442,1255,1066,251,WH-station1,2026-08-02T12:08:28.838-07:00
water_draw_1,2026-08-02T12:08:29.458-07:00,227.151,drawing,,open,15.0,11.779618,3.1502083333333335,50.20833333333334,122.37500000000003,30.937500000000014,87.68750000000003,25.1,77.18,1442,1257,1058,251,WH-station1,2026-08-02T12:08:29.343-07:00
water_draw_1,2026-08-02T12:08:29.963-07:00,227.656,drawing,,open,15.0,11.806289,3.1706250000000002,50.20833333333334,122.37500000000003,30.83333333333333,87.5,25.2,77.36,1442,1256,1062,252,WH-station1,2026-08-02T12:08:29.848-07:00
water_draw_1,2026-08-02T12:08:30.468-07:00,228.161,drawing,,open,15.0,11.832914,3.165520833333334,50.3125,122.5625,30.416666666666643,86.74999999999997,25.0,77.0,1443,1252,1061,250,WH-station1,2026-08-02T12:08:30.353-07:00
water_draw_1,2026-08-02T12:08:30.972-07:00,228.666,drawing,,open,15.0,11.859674,3.180833333333334,50.104166666666686,122.18750000000003,30.312500000000014,86.56250000000003,25.1,77.18,1441,1251,1064,251,WH-station1,2026-08-02T12:08:30.857-07:00
water_draw_1,2026-08-02T12:08:31.477-07:00,229.170,drawing,,open,15.0,11.886387,3.1757291666666667,50.104166666666686,122.18750000000003,30.7291666666667,87.31250000000006,25.0,77.0,1441,1255,1063,250,WH-station1,2026-08-02T12:08:31.362-07:00
water_draw_1,2026-08-02T12:08:31.982-07:00,229.675,drawing,,open,15.0,11.912943,3.1553125,50.104166666666686,122.18750000000003,30.20833333333333,86.375,25.1,77.18,1441,1250,1059,251,WH-station1,2026-08-02T12:08:31.867-07:00
water_draw_1,2026-08-02T12:08:32.487-07:00,230.180,drawing,,open,15.0,11.939486,3.1553125,50.104166666666686,122.18750000000003,30.312500000000014,86.56250000000003,25.2,77.36,1441,1251,1059,252,WH-station1,2026-08-02T12:08:32.372-07:00
water_draw_1,2026-08-02T12:08:32.992-07:00,230.685,drawing,,open,15.0,11.966158,3.1706250000000002,50.104166666666686,122.18750000000003,30.52083333333333,86.9375,25.1,77.18,1441,1253,1062,251,WH-station1,2026-08-02T12:08:32.877-07:00
water_draw_1,2026-08-02T12:08:33.496-07:00,231.190,drawing,,open,15.0,11.992959,3.1859375000000005,50.20833333333334,122.37500000000003,30.20833333333333,86.375,25.0,77.0,1442,1250,1065,250,WH-station1,2026-08-02T12:08:33.382-07:00
water_draw_1,2026-08-02T12:08:34.001-07:00,231.694,drawing,,open,15.0,12.019457,3.1502083333333335,50.3125,122.5625,30.312500000000014,86.56250000000003,25.0,77.0,1443,1251,1058,250,WH-station1,2026-08-02T12:08:33.887-07:00
water_draw_1,2026-08-02T12:08:34.506-07:00,232.199,drawing,,open,15.0,12.046087,3.165520833333334,50.0,122.0,30.7291666666667,87.31250000000006,25.1,77.18,1440,1255,1061,251,WH-station1,2026-08-02T12:08:34.392-07:00
water_draw_1,2026-08-02T12:08:35.010-07:00,232.704,drawing,,open,15.0,12.072800,3.1757291666666667,50.0,122.0,30.20833333333333,86.375,25.1,77.18,1440,1250,1063,251,WH-station1,2026-08-02T12:08:34.896-07:00
water_draw_1,2026-08-02T12:08:35.515-07:00,233.208,drawing,,open,15.0,12.099254,3.145104166666667,50.0,122.0,29.895833333333343,85.81250000000003,25.1,77.18,1440,1247,1057,251,WH-station1,2026-08-02T12:08:35.399-07:00
water_draw_1,2026-08-02T12:08:36.020-07:00,233.713,drawing,,open,15.0,12.125625,3.134895833333333,50.3125,122.5625,30.0,86.0,25.2,77.36,1443,1248,1055,252,WH-station1,2026-08-02T12:08:35.901-07:00
water_draw_1,2026-08-02T12:08:36.525-07:00,234.218,drawing,,open,15.0,12.152336,3.1757291666666667,50.0,122.0,29.6875,85.4375,25.1,77.18,1440,1245,1063,251,WH-station1,2026-08-02T12:08:36.403-07:00
water_draw_1,2026-08-02T12:08:37.029-07:00,234.722,drawing,,open,15.0,12.179134,3.1859375000000005,50.0,122.0,30.20833333333333,86.375,25.1,77.18,1440,1250,1065,251,WH-station1,2026-08-02T12:08:36.905-07:00
water_draw_1,2026-08-02T12:08:37.534-07:00,235.227,drawing,,open,15.0,12.205764,3.165520833333334,50.20833333333334,122.37500000000003,30.20833333333333,86.375,25.2,77.36,1442,1250,1061,252,WH-station1,2026-08-02T12:08:37.407-07:00
water_draw_1,2026-08-02T12:08:38.039-07:00,235.732,drawing,,open,15.0,12.232478,3.1757291666666667,50.20833333333334,122.37500000000003,30.0,86.0,25.1,77.18,1442,1248,1063,251,WH-station1,2026-08-02T12:08:37.909-07:00
water_draw_1,2026-08-02T12:08:38.543-07:00,236.237,drawing,,open,15.0,12.259282,3.1859375000000005,50.20833333333334,122.37500000000003,29.583333333333343,85.25,25.1,77.18,1442,1244,1065,251,WH-station1,2026-08-02T12:08:38.411-07:00
water_draw_1,2026-08-02T12:08:39.048-07:00,236.741,drawing,,open,15.0,12.285825,3.1553125,50.20833333333334,122.37500000000003,30.20833333333333,86.375,25.2,77.36,1442,1250,1059,252,WH-station1,2026-08-02T12:08:38.913-07:00
water_draw_1,2026-08-02T12:08:39.553-07:00,237.246,drawing,,open,15.0,12.312581,3.180833333333334,50.20833333333334,122.37500000000003,30.0,86.0,25.1,77.18,1442,1248,1064,251,WH-station1,2026-08-02T12:08:39.415-07:00
water_draw_1,2026-08-02T12:08:40.058-07:00,237.751,drawing,,open,15.0,12.339258,3.1706250000000002,50.3125,122.5625,29.791666666666657,85.625,25.2,77.36,1443,1246,1062,252,WH-station1,2026-08-02T12:08:39.917-07:00
water_draw_1,2026-08-02T12:08:40.562-07:00,238.256,drawing,,open,15.0,12.365843,3.1604166666666673,50.20833333333334,122.37500000000003,29.375,84.875,25.0,77.0,1442,1242,1060,250,WH-station1,2026-08-02T12:08:40.421-07:00
water_draw_1,2026-08-02T12:08:41.067-07:00,238.760,drawing,,open,15.0,12.392382,3.1553125,50.104166666666686,122.18750000000003,30.0,86.0,25.1,77.18,1441,1248,1059,251,WH-station1,2026-08-02T12:08:40.926-07:00
water_draw_1,2026-08-02T12:08:41.572-07:00,239.265,drawing,,open,15.0,12.419009,3.165520833333334,50.20833333333334,122.37500000000003,29.6875,85.4375,25.1,77.18,1442,1245,1061,251,WH-station1,2026-08-02T12:08:41.431-07:00
water_draw_1,2026-08-02T12:08:42.077-07:00,239.770,drawing,,open,15.0,12.445508,3.1502083333333335,50.0,122.0,30.10416666666667,86.1875,25.0,77.0,1440,1249,1058,250,WH-station1,2026-08-02T12:08:41.936-07:00
water_draw_1,2026-08-02T12:08:42.581-07:00,240.275,drawing,,open,15.0,12.472057,3.1553125,49.89583333333334,121.8125,29.375,84.875,25.1,77.18,1439,1242,1059,251,WH-station1,2026-08-02T12:08:42.441-07:00
water_draw_1,2026-08-02T12:08:43.086-07:00,240.779,drawing,,open,15.0,12.498773,3.1757291666666667,50.0,122.0,29.27083333333333,84.6875,25.2,77.36,1440,1241,1063,252,WH-station1,2026-08-02T12:08:42.946-07:00
water_draw_1,2026-08-02T12:08:43.591-07:00,241.284,drawing,,open,15.0,12.525531,3.180833333333334,50.104166666666686,122.18750000000003,29.375,84.875,25.1,77.18,1441,1242,1064,251,WH-station1,2026-08-02T12:08:43.451-07:00
water_draw_1,2026-08-02T12:08:44.095-07:00,241.789,drawing,,open,15.0,12.552073,3.1553125,50.104166666666686,122.18750000000003,29.791666666666657,85.625,25.1,77.18,1441,1246,1059,251,WH-station1,2026-08-02T12:08:43.955-07:00
water_draw_1,2026-08-02T12:08:44.600-07:00,242.293,drawing,,open,15.0,12.578870,3.1859375000000005,50.20833333333334,122.37500000000003,29.583333333333343,85.25,25.2,77.36,1442,1244,1065,252,WH-station1,2026-08-02T12:08:44.460-07:00
water_draw_1,2026-08-02T12:08:45.105-07:00,242.798,drawing,,open,15.0,12.605582,3.1757291666666667,50.104166666666686,122.18750000000003,28.95833333333333,84.125,25.1,77.18,1441,1238,1063,251,WH-station1,2026-08-02T12:08:44.965-07:00
water_draw_1,2026-08-02T12:08:45.610-07:00,243.303,drawing,,open,15.0,12.632255,3.1706250000000002,50.3125,122.5625,29.895833333333343,85.81250000000003,25.1,77.18,1443,1247,1062,251,WH-station1,2026-08-02T12:08:45.470-07:00
water_draw_1,2026-08-02T12:08:46.114-07:00,243.808,drawing,,open,15.0,12.658887,3.165520833333334,50.20833333333334,122.37500000000003,29.479166666666686,85.06250000000003,25.2,77.36,1442,1243,1061,252,WH-station1,2026-08-02T12:08:45.975-07:00
water_draw_1,2026-08-02T12:08:46.619-07:00,244.312,drawing,,open,15.0,12.685648,3.180833333333334,50.20833333333334,122.37500000000003,29.062500000000014,84.31250000000003,25.0,77.0,1442,1239,1064,250,WH-station1,2026-08-02T12:08:46.479-07:00
water_draw_1,2026-08-02T12:08:47.124-07:00,244.817,drawing,,open,15.0,12.712103,3.145104166666667,50.104166666666686,122.18750000000003,29.27083333333333,84.6875,25.1,77.18,1441,1241,1057,251,WH-station1,2026-08-02T12:08:46.984-07:00
water_draw_1,2026-08-02T12:08:47.629-07:00,245.322,drawing,,open,15.0,12.738730,3.165520833333334,50.3125,122.5625,29.062500000000014,84.31250000000003,25.1,77.18,1443,1239,1061,251,WH-station1,2026-08-02T12:08:47.489-07:00
water_draw_1,2026-08-02T12:08:48.133-07:00,245.827,drawing,,open,15.0,12.765403,3.1706250000000002,50.0,122.0,29.375,84.875,25.2,77.36,1440,1242,1062,252,WH-station1,2026-08-02T12:08:47.994-07:00
water_draw_1,2026-08-02T12:08:48.638-07:00,246.331,drawing,,open,15.0,12.792123,3.1757291666666667,50.3125,122.5625,28.95833333333333,84.125,25.1,77.18,1443,1238,1063,251,WH-station1,2026-08-02T12:08:48.499-07:00
water_draw_1,2026-08-02T12:08:49.143-07:00,246.836,drawing,,open,15.0,12.818709,3.1604166666666673,50.104166666666686,122.18750000000003,29.375,84.875,25.2,77.36,1441,1242,1060,252,WH-station1,2026-08-02T12:08:49.004-07:00
water_draw_1,2026-08-02T12:08:49.648-07:00,247.341,drawing,,open,15.0,12.845386,3.1706250000000002,50.20833333333334,122.37500000000003,29.062500000000014,84.31250000000003,25.1,77.18,1442,1239,1062,251,WH-station1,2026-08-02T12:08:49.508-07:00
water_draw_1,2026-08-02T12:08:50.152-07:00,247.846,drawing,,open,15.0,12.871969,3.1604166666666673,50.20833333333334,122.37500000000003,29.479166666666686,85.06250000000003,25.0,77.0,1442,1243,1060,250,WH-station1,2026-08-02T12:08:50.013-07:00
water_draw_1,2026-08-02T12:08:50.657-07:00,248.350,drawing,,open,15.0,12.898636,3.1706250000000002,50.20833333333334,122.37500000000003,28.85416666666667,83.9375,25.0,77.0,1442,1237,1062,250,WH-station1,2026-08-02T12:08:50.518-07:00
water_draw_1,2026-08-02T12:08:51.162-07:00,248.855,drawing,,open,15.0,12.925310,3.1706250000000002,50.104166666666686,122.18750000000003,29.062500000000014,84.31250000000003,25.0,77.0,1441,1239,1062,250,WH-station1,2026-08-02T12:08:51.023-07:00
water_draw_1,2026-08-02T12:08:51.666-07:00,249.360,drawing,,open,15.0,12.951807,3.1502083333333335,50.20833333333334,122.37500000000003,28.85416666666667,83.9375,25.0,77.0,1442,1237,1058,250,WH-station1,2026-08-02T12:08:51.528-07:00
water_draw_1,2026-08-02T12:08:52.171-07:00,249.864,drawing,,open,15.0,12.978435,3.165520833333334,50.0,122.0,28.85416666666667,83.9375,25.0,77.0,1440,1237,1061,250,WH-station1,2026-08-02T12:08:52.032-07:00
water_draw_1,2026-08-02T12:08:52.676-07:00,250.369,drawing,,open,15.0,13.005148,3.1757291666666667,50.0,122.0,28.95833333333333,84.125,25.1,77.18,1440,1238,1063,251,WH-station1,2026-08-02T12:08:52.537-07:00
water_draw_1,2026-08-02T12:08:53.181-07:00,250.874,drawing,,open,15.0,13.031778,3.165520833333334,50.20833333333334,122.37500000000003,28.750000000000014,83.75000000000003,25.0,77.0,1442,1236,1061,250,WH-station1,2026-08-02T12:08:53.042-07:00
water_draw_1,2026-08-02T12:08:53.685-07:00,251.379,drawing,,open,15.0,13.058492,3.1757291666666667,50.20833333333334,122.37500000000003,29.062500000000014,84.31250000000003,25.1,77.18,1442,1239,1063,251,WH-station1,2026-08-02T12:08:53.547-07:00
water_draw_1,2026-08-02T12:08:54.190-07:00,251.883,drawing,,open,15.0,13.085206,3.1757291666666667,50.20833333333334,122.37500000000003,28.645833333333343,83.56250000000003,25.2,77.36,1442,1235,1063,252,WH-station1,2026-08-02T12:08:54.052-07:00
water_draw_1,2026-08-02T12:08:54.695-07:00,252.388,drawing,,open,15.0,13.111960,3.180833333333334,50.104166666666686,122.18750000000003,28.95833333333333,84.125,25.0,77.0,1441,1238,1064,250,WH-station1,2026-08-02T12:08:54.557-07:00
water_draw_1,2026-08-02T12:08:55.199-07:00,252.893,drawing,,open,15.0,13.138630,3.1706250000000002,50.104166666666686,122.18750000000003,29.062500000000014,84.31250000000003,25.1,77.18,1441,1239,1062,251,WH-station1,2026-08-02T12:08:55.061-07:00
water_draw_1,2026-08-02T12:08:55.704-07:00,253.397,drawing,,open,15.0,13.165345,3.1757291666666667,50.20833333333334,122.37500000000003,28.95833333333333,84.125,25.2,77.36,1442,1238,1063,252,WH-station1,2026-08-02T12:08:55.566-07:00
water_draw_1,2026-08-02T12:08:56.209-07:00,253.902,drawing,,open,15.0,13.191971,3.165520833333334,50.0,122.0,28.54166666666667,83.375,25.1,77.18,1440,1234,1061,251,WH-station1,2026-08-02T12:08:56.071-07:00
water_draw_1,2026-08-02T12:08:56.714-07:00,254.407,drawing,,open,15.0,13.218558,3.1604166666666673,50.20833333333334,122.37500000000003,28.54166666666667,83.375,25.1,77.18,1442,1234,1060,251,WH-station1,2026-08-02T12:08:56.576-07:00
water_draw_1,2026-08-02T12:08:57.218-07:00,254.911,drawing,,open,15.0,13.245101,3.1553125,50.3125,122.5625,28.229166666666686,82.81250000000003,25.2,77.36,1443,1231,1059,252,WH-station1,2026-08-02T12:08:57.081-07:00
water_draw_1,2026-08-02T12:08:57.723-07:00,255.416,drawing,,open,15.0,13.271769,3.1706250000000002,50.3125,122.5625,28.645833333333343,83.56250000000003,25.1,77.18,1443,1235,1062,251,WH-station1,2026-08-02T12:08:57.586-07:00
water_draw_1,2026-08-02T12:08:58.228-07:00,255.921,drawing,,open,15.0,13.298187,3.140000000000001,50.0,122.0,28.54166666666667,83.375,25.0,77.0,1440,1234,1056,250,WH-station1,2026-08-02T12:08:58.090-07:00
water_draw_1,2026-08-02T12:08:58.732-07:00,256.426,drawing,,open,15.0,13.324769,3.1604166666666673,50.20833333333334,122.37500000000003,28.750000000000014,83.75000000000003,25.1,77.18,1442,1236,1060,251,WH-station1,2026-08-02T12:08:58.595-07:00
water_draw_1,2026-08-02T12:08:59.237-07:00,256.930,drawing,,open,15.0,13.351314,3.1553125,50.0,122.0,28.54166666666667,83.375,25.1,77.18,1440,1234,1059,251,WH-station1,2026-08-02T12:08:59.100-07:00
water_draw_1,2026-08-02T12:08:59.742-07:00,257.435,drawing,,open,15.0,13.378200,3.196145833333333,50.41666666666667,122.75,28.54166666666667,83.375,25.1,77.18,1444,1234,1067,251,WH-station1,2026-08-02T12:08:59.605-07:00
water_draw_1,2026-08-02T12:09:00.247-07:00,257.940,drawing,,open,15.0,13.404870,3.1706250000000002,50.20833333333334,122.37500000000003,28.125,82.625,25.0,77.0,1442,1230,1062,250,WH-station1,2026-08-02T12:09:00.110-07:00
water_draw_1,2026-08-02T12:09:00.751-07:00,258.444,drawing,,open,15.0,13.431539,3.1706250000000002,50.3125,122.5625,28.4375,83.1875,25.2,77.36,1443,1233,1062,252,WH-station1,2026-08-02T12:09:00.614-07:00
water_draw_1,2026-08-02T12:09:01.256-07:00,258.949,drawing,,open,15.0,13.458164,3.165520833333334,50.104166666666686,122.18750000000003,28.645833333333343,83.56250000000003,25.0,77.0,1441,1235,1061,250,WH-station1,2026-08-02T12:09:01.119-07:00
water_draw_1,2026-08-02T12:09:01.761-07:00,259.454,drawing,,open,15.0,13.484836,3.1706250000000002,50.20833333333334,122.37500000000003,28.4375,83.1875,25.2,77.36,1442,1233,1062,252,WH-station1,2026-08-02T12:09:01.623-07:00
water_draw_1,2026-08-02T12:09:02.266-07:00,259.959,drawing,,open,15.0,13.511596,3.180833333333334,50.104166666666686,122.18750000000003,28.333333333333343,83.00000000000003,25.0,77.0,1441,1232,1064,250,WH-station1,2026-08-02T12:09:02.128-07:00
water_draw_1,2026-08-02T12:09:02.770-07:00,260.463,drawing,,open,15.0,13.538226,3.165520833333334,50.3125,122.5625,28.020833333333343,82.4375,25.1,77.18,1443,1229,1061,251,WH-station1,2026-08-02T12:09:02.633-07:00
water_draw_1,2026-08-02T12:09:03.275-07:00,260.968,drawing,,open,15.0,13.564642,3.140000000000001,50.104166666666686,122.18750000000003,27.812500000000014,82.06250000000003,25.1,77.18,1441,1227,1056,251,WH-station1,2026-08-02T12:09:03.138-07:00
water_draw_1,2026-08-02T12:09:03.780-07:00,261.473,drawing,,open,15.0,13.591182,3.1553125,50.20833333333334,122.37500000000003,28.333333333333343,83.00000000000003,25.1,77.18,1442,1232,1059,251,WH-station1,2026-08-02T12:09:03.643-07:00
water_draw_1,2026-08-02T12:09:04.284-07:00,261.977,drawing,,open,15.0,13.617808,3.165520833333334,50.20833333333334,122.37500000000003,28.333333333333343,83.00000000000003,25.0,77.0,1442,1232,1061,250,WH-station1,2026-08-02T12:09:04.147-07:00
water_draw_1,2026-08-02T12:09:04.789-07:00,262.482,drawing,,open,15.0,13.644474,3.1706250000000002,50.20833333333334,122.37500000000003,28.333333333333343,83.00000000000003,25.0,77.0,1442,1232,1062,250,WH-station1,2026-08-02T12:09:04.652-07:00
water_draw_1,2026-08-02T12:09:05.294-07:00,262.987,drawing,,open,15.0,13.671103,3.165520833333334,50.104166666666686,122.18750000000003,28.020833333333343,82.4375,25.1,77.18,1441,1229,1061,251,WH-station1,2026-08-02T12:09:05.157-07:00
water_draw_1,2026-08-02T12:09:05.798-07:00,263.492,drawing,,open,15.0,13.697863,3.180833333333334,50.3125,122.5625,28.4375,83.1875,25.1,77.18,1443,1233,1064,251,WH-station1,2026-08-02T12:09:05.662-07:00
water_draw_1,2026-08-02T12:09:06.303-07:00,263.996,drawing,,open,15.0,13.724535,3.1706250000000002,50.104166666666686,122.18750000000003,28.020833333333343,82.4375,25.2,77.36,1441,1229,1062,252,WH-station1,2026-08-02T12:09:06.167-07:00
water_draw_1,2026-08-02T12:09:06.808-07:00,264.501,drawing,,open,15.0,13.751076,3.1553125,50.20833333333334,122.37500000000003,27.812500000000014,82.06250000000003,25.1,77.18,1442,1227,1059,251,WH-station1,2026-08-02T12:09:06.671-07:00
water_draw_1,2026-08-02T12:09:07.313-07:00,265.006,drawing,,open,15.0,13.777619,3.1553125,50.20833333333334,122.37500000000003,28.125,82.625,25.1,77.18,1442,1230,1059,251,WH-station1,2026-08-02T12:09:07.176-07:00
water_draw_1,2026-08-02T12:09:07.817-07:00,265.511,drawing,,open,15.0,13.804377,3.180833333333334,50.20833333333334,122.37500000000003,28.125,82.625,25.0,77.0,1442,1230,1064,250,WH-station1,2026-08-02T12:09:07.681-07:00
water_draw_1,2026-08-02T12:09:08.322-07:00,266.015,drawing,,open,15.0,13.831093,3.1757291666666667,50.0,122.0,28.020833333333343,82.4375,25.1,77.18,1440,1229,1063,251,WH-station1,2026-08-02T12:09:08.186-07:00
water_draw_1,2026-08-02T12:09:08.827-07:00,266.520,drawing,,open,15.0,13.857804,3.1757291666666667,50.20833333333334,122.37500000000003,27.916666666666686,82.25000000000003,25.1,77.18,1442,1228,1063,251,WH-station1,2026-08-02T12:09:08.691-07:00
water_draw_1,2026-08-02T12:09:09.331-07:00,267.025,drawing,,open,15.0,13.884601,3.1859375000000005,50.104166666666686,122.18750000000003,27.70833333333333,81.875,25.1,77.18,1441,1226,1065,251,WH-station1,2026-08-02T12:09:09.195-07:00
water_draw_1,2026-08-02T12:09:09.836-07:00,267.529,drawing,,open,15.0,13.911442,3.1910416666666666,50.20833333333334,122.37500000000003,27.812500000000014,82.06250000000003,25.2,77.36,1442,1227,1066,252,WH-station1,2026-08-02T12:09:09.700-07:00
water_draw_1,2026-08-02T12:09:10.341-07:00,268.034,drawing,,open,15.0,13.937982,3.1553125,50.104166666666686,122.18750000000003,27.6041666666667,81.68750000000006,25.0,77.0,1441,1225,1059,250,WH-station1,2026-08-02T12:09:10.205-07:00
water_draw_1,2026-08-02T12:09:10.845-07:00,268.539,drawing,,open,15.0,13.964697,3.1757291666666667,50.20833333333334,122.37500000000003,27.812500000000014,82.06250000000003,25.1,77.18,1442,1227,1063,251,WH-station1,2026-08-02T12:09:10.710-07:00
water_draw_1,2026-08-02T12:09:11.350-07:00,269.043,drawing,,open,15.0,13.991238,3.1553125,50.20833333333334,122.37500000000003,27.70833333333333,81.875,25.0,77.0,1442,1226,1059,250,WH-station1,2026-08-02T12:09:11.215-07:00
water_draw_1,2026-08-02T12:09:11.855-07:00,269.548,drawing,,open,15.0,14.018045,3.1859375000000005,50.0,122.0,27.916666666666686,82.25000000000003,25.1,77.18,1440,1228,1065,251,WH-station1,2026-08-02T12:09:11.719-07:00
water_draw_1,2026-08-02T12:09:12.360-07:00,270.053,drawing,,open,15.0,14.044756,3.1757291666666667,50.20833333333334,122.37500000000003,27.812500000000014,82.06250000000003,25.0,77.0,1442,1227,1063,250,WH-station1,2026-08-02T12:09:12.224-07:00
water_draw_1,2026-08-02T12:09:12.864-07:00,270.558,drawing,,open,15.0,14.071295,3.1553125,50.104166666666686,122.18750000000003,28.020833333333343,82.4375,25.0,77.0,1441,1229,1059,250,WH-station1,2026-08-02T12:09:12.729-07:00
water_draw_1,2026-08-02T12:09:13.369-07:00,271.062,drawing,,open,15.0,14.097929,3.165520833333334,49.89583333333334,121.8125,27.6041666666667,81.68750000000006,25.1,77.18,1439,1225,1061,251,WH-station1,2026-08-02T12:09:13.234-07:00
water_draw_1,2026-08-02T12:09:13.874-07:00,271.567,drawing,,open,15.0,14.124735,3.1859375000000005,50.20833333333334,122.37500000000003,27.6041666666667,81.68750000000006,25.2,77.36,1442,1225,1065,252,WH-station1,2026-08-02T12:09:13.739-07:00
water_draw_1,2026-08-02T12:09:14.379-07:00,272.072,drawing,,open,15.0,14.151448,3.1757291666666667,50.104166666666686,122.18750000000003,27.39583333333333,81.3125,25.0,77.0,1441,1223,1063,250,WH-station1,2026-08-02T12:09:14.244-07:00
water_draw_1,2026-08-02T12:09:14.883-07:00,272.577,drawing,,open,15.0,14.178159,3.1757291666666667,50.3125,122.5625,27.70833333333333,81.875,25.1,77.18,1443,1226,1063,251,WH-station1,2026-08-02T12:09:14.748-07:00
water_draw_1,2026-08-02T12:09:15.388-07:00,273.081,drawing,,open,15.0,14.204698,3.1553125,50.104166666666686,122.18750000000003,27.291666666666643,81.12499999999997,25.2,77.36,1441,1222,1059,252,WH-station1,2026-08-02T12:09:15.253-07:00
water_draw_1,2026-08-02T12:09:15.893-07:00,273.586,drawing,,open,15.0,14.231322,3.165520833333334,50.104166666666686,122.18750000000003,27.39583333333333,81.3125,25.0,77.0,1441,1223,1061,250,WH-station1,2026-08-02T12:09:15.758-07:00
water_draw_1,2026-08-02T12:09:16.397-07:00,274.091,drawing,,open,15.0,14.257870,3.1553125,50.104166666666686,122.18750000000003,27.6041666666667,81.68750000000006,25.1,77.18,1441,1225,1059,251,WH-station1,2026-08-02T12:09:16.263-07:00
water_draw_1,2026-08-02T12:09:16.902-07:00,274.595,drawing,,open,15.0,14.284456,3.1604166666666673,50.20833333333334,122.37500000000003,27.39583333333333,81.3125,24.9,76.82,1442,1223,1060,249,WH-station1,2026-08-02T12:09:16.767-07:00
water_draw_1,2026-08-02T12:09:17.407-07:00,275.100,drawing,,open,15.0,14.311213,3.180833333333334,50.20833333333334,122.37500000000003,27.08333333333333,80.75,25.0,77.0,1442,1220,1064,250,WH-station1,2026-08-02T12:09:17.272-07:00
water_draw_1,2026-08-02T12:09:17.912-07:00,275.605,drawing,,open,15.0,14.337969,3.180833333333334,50.20833333333334,122.37500000000003,27.70833333333333,81.875,25.1,77.18,1442,1226,1064,251,WH-station1,2026-08-02T12:09:17.777-07:00
water_draw_1,2026-08-02T12:09:18.416-07:00,276.110,drawing,,open,15.0,14.364811,3.1910416666666666,50.3125,122.5625,27.39583333333333,81.3125,25.0,77.0,1443,1223,1066,250,WH-station1,2026-08-02T12:09:18.282-07:00
water_draw_1,2026-08-02T12:09:18.921-07:00,276.614,drawing,,open,15.0,14.391435,3.165520833333334,50.20833333333334,122.37500000000003,26.97916666666667,80.5625,25.0,77.0,1442,1219,1061,250,WH-station1,2026-08-02T12:09:18.787-07:00
water_draw_1,2026-08-02T12:09:19.426-07:00,277.119,drawing,,open,15.0,14.418240,3.1859375000000005,50.20833333333334,122.37500000000003,27.499999999999986,81.49999999999997,25.1,77.18,1442,1224,1065,251,WH-station1,2026-08-02T12:09:19.291-07:00
water_draw_1,2026-08-02T12:09:19.930-07:00,277.624,drawing,,open,15.0,14.444867,3.165520833333334,50.0,122.0,27.499999999999986,81.49999999999997,25.2,77.36,1440,1224,1061,252,WH-station1,2026-08-02T12:09:19.796-07:00
water_draw_1,2026-08-02T12:09:20.435-07:00,278.128,drawing,,open,15.0,14.471320,3.145104166666667,50.20833333333334,122.37500000000003,27.187500000000014,80.93750000000003,25.1,77.18,1442,1221,1057,251,WH-station1,2026-08-02T12:09:20.301-07:00
water_draw_1,2026-08-02T12:09:20.940-07:00,278.633,drawing,,open,15.0,14.497906,3.1604166666666673,50.20833333333334,122.37500000000003,27.39583333333333,81.3125,25.0,77.0,1442,1223,1060,250,WH-station1,2026-08-02T12:09:20.804-07:00
water_draw_1,2026-08-02T12:09:21.444-07:00,279.138,drawing,,open,15.0,14.524576,3.1706250000000002,50.20833333333334,122.37500000000003,27.291666666666643,81.12499999999997,25.1,77.18,1442,1222,1062,251,WH-station1,2026-08-02T12:09:21.306-07:00
water_draw_1,2026-08-02T12:09:21.949-07:00,279.642,drawing,,open,15.0,14.550256,3.0532291666666658,50.20833333333334,122.37500000000003,27.499999999999986,81.49999999999997,25.0,77.0,1442,1224,1039,250,WH-station1,2026-08-02T12:09:21.808-07:00
water_draw_1,2026-08-02T12:09:22.454-07:00,280.147,drawing,,open,15.0,14.576032,3.0634374999999996,50.20833333333334,122.37500000000003,27.6041666666667,81.68750000000006,25.0,77.0,1442,1225,1041,250,WH-station1,2026-08-02T12:09:22.310-07:00
water_draw_1,2026-08-02T12:09:22.959-07:00,280.652,drawing,,open,15.0,14.602230,3.114479166666667,50.20833333333334,122.37500000000003,27.187500000000014,80.93750000000003,25.0,77.0,1442,1221,1051,250,WH-station1,2026-08-02T12:09:22.812-07:00
water_draw_1,2026-08-02T12:09:23.463-07:00,281.157,drawing,,open,15.0,14.628687,3.145104166666667,50.20833333333334,122.37500000000003,26.97916666666667,80.5625,25.0,77.0,1442,1219,1057,250,WH-station1,2026-08-02T12:09:23.314-07:00
water_draw_1,2026-08-02T12:09:23.968-07:00,281.661,drawing,,open,15.0,14.655098,3.140000000000001,50.3125,122.5625,26.770833333333343,80.18750000000003,25.1,77.18,1443,1217,1056,251,WH-station1,2026-08-02T12:09:23.816-07:00
water_draw_1,2026-08-02T12:09:24.473-07:00,282.166,drawing,,open,15.0,14.680954,3.0736458333333325,50.3125,122.5625,26.874999999999986,80.37499999999997,25.0,77.0,1443,1218,1043,250,WH-station1,2026-08-02T12:09:24.318-07:00
water_draw_1,2026-08-02T12:09:24.978-07:00,282.671,drawing,,open,15.0,14.706900,3.0838541666666672,50.104166666666686,122.18750000000003,27.08333333333333,80.75,24.9,76.82,1441,1220,1045,249,WH-station1,2026-08-02T12:09:24.820-07:00
water_draw_1,2026-08-02T12:09:25.482-07:00,283.176,drawing,,open,15.0,14.732842,3.0838541666666672,50.20833333333334,122.37500000000003,27.291666666666643,81.12499999999997,25.2,77.36,1442,1222,1045,252,WH-station1,2026-08-02T12:09:25.322-07:00
water_draw_1,2026-08-02T12:09:25.987-07:00,283.680,drawing,,open,15.0,14.758737,3.078750000000001,50.104166666666686,122.18750000000003,26.874999999999986,80.37499999999997,25.0,77.0,1441,1218,1044,250,WH-station1,2026-08-02T12:09:25.827-07:00
water_draw_1,2026-08-02T12:09:26.492-07:00,284.185,drawing,,open,15.0,14.785020,3.1246875000000007,50.20833333333334,122.37500000000003,26.874999999999986,80.37499999999997,25.2,77.36,1442,1218,1053,252,WH-station1,2026-08-02T12:09:26.332-07:00
water_draw_1,2026-08-02T12:09:26.996-07:00,284.690,drawing,,open,15.0,14.811260,3.1195833333333343,50.3125,122.5625,26.874999999999986,80.37499999999997,25.1,77.18,1443,1218,1052,251,WH-station1,2026-08-02T12:09:26.837-07:00
water_draw_1,2026-08-02T12:09:27.501-07:00,285.194,drawing,,open,15.0,14.837289,3.0940625,50.104166666666686,122.18750000000003,26.874999999999986,80.37499999999997,25.1,77.18,1441,1218,1047,251,WH-station1,2026-08-02T12:09:27.342-07:00
water_draw_1,2026-08-02T12:09:28.006-07:00,285.699,drawing,,open,15.0,14.863493,3.114479166666667,50.20833333333334,122.37500000000003,26.770833333333343,80.18750000000003,25.1,77.18,1442,1217,1051,251,WH-station1,2026-08-02T12:09:27.847-07:00
water_draw_1,2026-08-02T12:09:28.511-07:00,286.204,drawing,,open,15.0,14.889737,3.1195833333333343,50.104166666666686,122.18750000000003,27.187500000000014,80.93750000000003,25.0,77.0,1441,1221,1052,250,WH-station1,2026-08-02T12:09:28.352-07:00
water_draw_1,2026-08-02T12:09:29.015-07:00,286.709,drawing,,open,15.0,14.916148,3.140000000000001,50.20833333333334,122.37500000000003,26.770833333333343,80.18750000000003,25.1,77.18,1442,1217,1056,251,WH-station1,2026-08-02T12:09:28.857-07:00
water_draw_1,2026-08-02T12:09:29.520-07:00,287.213,drawing,,open,15.0,14.942431,3.1246875000000007,50.20833333333334,122.37500000000003,27.08333333333333,80.75,25.1,77.18,1442,1220,1053,251,WH-station1,2026-08-02T12:09:29.362-07:00
water_draw_1,2026-08-02T12:09:30.025-07:00,287.718,drawing,,open,15.0,14.968625,3.114479166666667,50.20833333333334,122.37500000000003,26.458333333333314,79.62499999999997,25.0,77.0,1442,1214,1051,250,WH-station1,2026-08-02T12:09:29.867-07:00
water_draw_1,2026-08-02T12:09:30.529-07:00,288.223,drawing,,open,15.0,14.994782,3.1093750000000004,50.104166666666686,122.18750000000003,26.874999999999986,80.37499999999997,25.0,77.0,1441,1218,1050,250,WH-station1,2026-08-02T12:09:30.372-07:00
water_draw_1,2026-08-02T12:09:31.034-07:00,288.727,drawing,,open,15.0,15.020933,3.1093750000000004,50.20833333333334,122.37500000000003,26.354166666666686,79.43750000000003,25.1,77.18,1442,1213,1050,251,WH-station1,2026-08-02T12:09:30.877-07:00
water_draw_1,2026-08-02T12:09:31.039-07:00,288.736,completed,target_reached,closed,15.0,15.020933,3.1093750000000004,50.20833333333334,122.37500000000003,26.354166666666686,79.43750000000003,25.1,77.18,1442,1213,1050,251,WH-station1,2026-08-02T12:09:30.877-07:00
