event_id,timestamp_pacific,draw_elapsed_seconds,status,stop_reason,valve_state,target_volume_gal,accumulated_volume_gal,flow_gpm,hot_temp_c,hot_temp_f,cold_temp_c,cold_temp_f,ambient_temp_c,ambient_temp_f,hot_raw_counts,cold_raw_counts,flow_raw_counts,ambient_raw_counts,cold_source_station,cold_source_timestamp_pacific
water_draw_1,2026-08-15T01:31:20.722-07:00,0.909,drawing,,open,15.0,0.003185,0.210208,24.79,76.63,31.56,88.81,25.30,77.54,1198,1263,482,253,WH-station1,2026-08-15T01:31:20.718-07:00
water_draw_1,2026-08-15T01:31:21.225-07:00,1.909,drawing,,open,15.0,0.063531,3.619792,24.79,76.63,30.94,87.69,25.30,77.54,1198,1257,1150,253,WH-station1,2026-08-15T01:31:21.220-07:00
water_draw_1,2026-08-15T01:31:21.727-07:00,2.413,drawing,,open,15.0,0.094461,3.686146,24.90,76.81,31.04,87.88,25.30,77.54,1199,1258,1163,253,WH-station1,2026-08-15T01:31:21.722-07:00
water_draw_1,2026-08-15T01:31:22.229-07:00,2.915,drawing,,open,15.0,0.124742,3.619792,25.00,77.00,31.15,88.06,25.30,77.54,1200,1259,1150,253,WH-station1,2026-08-15T01:31:22.224-07:00
water_draw_1,2026-08-15T01:31:22.731-07:00,3.417,drawing,,open,15.0,0.154174,3.517708,25.52,77.94,31.25,88.25,25.30,77.54,1205,1260,1130,253,WH-station1,2026-08-15T01:31:22.726-07:00
water_draw_1,2026-08-15T01:31:23.233-07:00,3.919,drawing,,open,15.0,0.182961,3.441146,26.15,79.06,31.04,87.88,25.30,77.54,1211,1258,1115,253,WH-station1,2026-08-15T01:31:23.228-07:00
water_draw_1,2026-08-15T01:31:23.735-07:00,4.421,drawing,,open,15.0,0.211324,3.390104,26.56,79.81,31.04,87.88,25.30,77.54,1215,1258,1105,253,WH-station1,2026-08-15T01:31:23.730-07:00
water_draw_1,2026-08-15T01:31:24.240-07:00,4.923,drawing,,open,15.0,0.239444,3.359479,27.29,81.12,30.62,87.12,25.20,77.36,1222,1254,1099,252,WH-station1,2026-08-15T01:31:24.232-07:00
water_draw_1,2026-08-15T01:31:24.746-07:00,5.430,drawing,,open,15.0,0.267602,3.333958,27.81,82.06,30.62,87.12,25.10,77.18,1227,1254,1094,251,WH-station1,2026-08-15T01:31:24.736-07:00
water_draw_1,2026-08-15T01:31:25.251-07:00,5.934,drawing,,open,15.0,0.295435,3.308438,28.44,83.19,31.04,87.88,25.20,77.36,1233,1258,1089,252,WH-station1,2026-08-15T01:31:25.241-07:00
water_draw_1,2026-08-15T01:31:25.756-07:00,6.439,drawing,,open,15.0,0.323012,3.277813,29.17,84.50,30.83,87.50,25.20,77.36,1240,1256,1083,252,WH-station1,2026-08-15T01:31:25.745-07:00
water_draw_1,2026-08-15T01:31:26.261-07:00,6.944,drawing,,open,15.0,0.350457,3.262500,29.58,85.25,30.73,87.31,25.30,77.54,1244,1255,1080,253,WH-station1,2026-08-15T01:31:26.250-07:00
water_draw_1,2026-08-15T01:31:26.766-07:00,7.449,drawing,,open,15.0,0.377563,3.221667,30.10,86.19,30.62,87.12,25.20,77.36,1249,1254,1072,252,WH-station1,2026-08-15T01:31:26.755-07:00
water_draw_1,2026-08-15T01:31:27.270-07:00,7.953,drawing,,open,15.0,0.404667,3.221667,30.73,87.31,30.52,86.94,25.30,77.54,1255,1253,1072,253,WH-station1,2026-08-15T01:31:27.260-07:00
water_draw_1,2026-08-15T01:31:27.775-07:00,8.458,drawing,,open,15.0,0.431767,3.221667,31.46,88.63,30.52,86.94,25.20,77.36,1262,1253,1072,252,WH-station1,2026-08-15T01:31:27.764-07:00
water_draw_1,2026-08-15T01:31:28.280-07:00,8.963,drawing,,open,15.0,0.458779,3.211458,31.98,89.56,30.42,86.75,25.20,77.36,1267,1252,1070,252,WH-station1,2026-08-15T01:31:28.269-07:00
water_draw_1,2026-08-15T01:31:28.784-07:00,9.468,drawing,,open,15.0,0.485707,3.201250,32.60,90.69,30.21,86.38,25.20,77.36,1273,1250,1068,252,WH-station1,2026-08-15T01:31:28.774-07:00
water_draw_1,2026-08-15T01:31:29.289-07:00,9.972,drawing,,open,15.0,0.512204,3.150208,32.81,91.06,30.42,86.75,25.20,77.36,1275,1252,1058,252,WH-station1,2026-08-15T01:31:29.279-07:00
water_draw_1,2026-08-15T01:31:29.794-07:00,10.477,drawing,,open,15.0,0.538754,3.155312,33.54,92.38,30.21,86.38,25.30,77.54,1282,1250,1059,253,WH-station1,2026-08-15T01:31:29.783-07:00
water_draw_1,2026-08-15T01:31:30.299-07:00,10.982,drawing,,open,15.0,0.565253,3.150208,33.85,92.94,30.42,86.75,25.30,77.54,1285,1252,1058,253,WH-station1,2026-08-15T01:31:30.288-07:00
water_draw_1,2026-08-15T01:31:30.803-07:00,11.487,drawing,,open,15.0,0.591881,3.165521,34.38,93.88,30.42,86.75,25.20,77.36,1290,1252,1061,252,WH-station1,2026-08-15T01:31:30.793-07:00
water_draw_1,2026-08-15T01:31:31.308-07:00,11.991,drawing,,open,15.0,0.618213,3.129792,34.79,94.62,30.21,86.38,25.20,77.36,1294,1250,1054,252,WH-station1,2026-08-15T01:31:31.297-07:00
water_draw_1,2026-08-15T01:31:31.813-07:00,12.496,drawing,,open,15.0,0.644669,3.145104,35.21,95.38,30.42,86.75,25.20,77.36,1298,1252,1057,252,WH-station1,2026-08-15T01:31:31.802-07:00
water_draw_1,2026-08-15T01:31:32.318-07:00,13.001,drawing,,open,15.0,0.670996,3.129792,35.62,96.12,30.00,86.00,25.30,77.54,1302,1248,1054,253,WH-station1,2026-08-15T01:31:32.307-07:00
water_draw_1,2026-08-15T01:31:32.823-07:00,13.506,drawing,,open,15.0,0.697429,3.140000,36.15,97.06,29.90,85.81,25.30,77.54,1307,1247,1056,253,WH-station1,2026-08-15T01:31:32.812-07:00
water_draw_1,2026-08-15T01:31:33.327-07:00,14.011,drawing,,open,15.0,0.723756,3.129792,36.77,98.19,29.69,85.44,25.20,77.36,1313,1245,1054,252,WH-station1,2026-08-15T01:31:33.316-07:00
water_draw_1,2026-08-15T01:31:33.832-07:00,14.515,drawing,,open,15.0,0.749954,3.114479,36.98,98.56,29.79,85.62,25.20,77.36,1315,1246,1051,252,WH-station1,2026-08-15T01:31:33.821-07:00
water_draw_1,2026-08-15T01:31:34.337-07:00,15.020,drawing,,open,15.0,0.776408,3.145104,37.08,98.75,29.58,85.25,25.30,77.54,1316,1244,1057,253,WH-station1,2026-08-15T01:31:34.326-07:00
water_draw_1,2026-08-15T01:31:34.841-07:00,15.525,drawing,,open,15.0,0.802782,3.134896,37.40,99.31,29.69,85.44,25.20,77.36,1319,1245,1055,252,WH-station1,2026-08-15T01:31:34.830-07:00
water_draw_1,2026-08-15T01:31:35.346-07:00,16.029,drawing,,open,15.0,0.829114,3.129792,37.81,100.06,29.58,85.25,25.30,77.54,1323,1244,1054,253,WH-station1,2026-08-15T01:31:35.335-07:00
water_draw_1,2026-08-15T01:31:35.875-07:00,16.534,drawing,,open,15.0,0.855445,3.129792,38.33,101.00,29.90,85.81,25.30,77.54,1328,1247,1054,253,WH-station1,2026-08-15T01:31:35.840-07:00
water_draw_1,2026-08-15T01:31:36.417-07:00,17.063,drawing,,open,15.0,0.882962,3.124688,38.54,101.38,29.69,85.44,25.20,77.36,1330,1245,1053,252,WH-station1,2026-08-15T01:31:36.345-07:00
water_draw_1,2026-08-15T01:31:36.922-07:00,17.605,drawing,,open,15.0,0.911334,3.140000,38.85,101.94,29.58,85.25,25.30,77.54,1333,1244,1056,253,WH-station1,2026-08-15T01:31:36.850-07:00
water_draw_1,2026-08-15T01:31:37.426-07:00,18.110,drawing,,open,15.0,0.937664,3.129792,38.96,102.12,29.38,84.88,25.30,77.54,1334,1242,1054,253,WH-station1,2026-08-15T01:31:37.354-07:00
water_draw_1,2026-08-15T01:31:37.931-07:00,18.614,drawing,,open,15.0,0.964037,3.134896,39.17,102.50,29.48,85.06,25.30,77.54,1336,1243,1055,253,WH-station1,2026-08-15T01:31:37.859-07:00
water_draw_1,2026-08-15T01:31:38.436-07:00,19.119,drawing,,open,15.0,0.990278,3.119583,39.58,103.25,29.38,84.88,25.20,77.36,1340,1242,1052,252,WH-station1,2026-08-15T01:31:38.364-07:00
water_draw_1,2026-08-15T01:31:38.940-07:00,19.624,drawing,,open,15.0,1.016648,3.134896,39.90,103.81,29.38,84.88,25.20,77.36,1343,1242,1055,252,WH-station1,2026-08-15T01:31:38.868-07:00
water_draw_1,2026-08-15T01:31:39.445-07:00,20.128,drawing,,open,15.0,1.042890,3.119583,40.10,104.19,29.06,84.31,25.20,77.36,1345,1239,1052,252,WH-station1,2026-08-15T01:31:39.373-07:00
water_draw_1,2026-08-15T01:31:39.950-07:00,20.633,drawing,,open,15.0,1.069219,3.129792,40.52,104.94,29.27,84.69,25.30,77.54,1349,1241,1054,253,WH-station1,2026-08-15T01:31:39.878-07:00
water_draw_1,2026-08-15T01:31:40.455-07:00,21.138,drawing,,open,15.0,1.095545,3.129792,40.83,105.50,29.27,84.69,25.30,77.54,1352,1241,1054,253,WH-station1,2026-08-15T01:31:40.383-07:00
water_draw_1,2026-08-15T01:31:40.959-07:00,21.643,drawing,,open,15.0,1.121748,3.114479,40.94,105.69,29.17,84.50,25.30,77.54,1353,1240,1051,253,WH-station1,2026-08-15T01:31:40.888-07:00
water_draw_1,2026-08-15T01:31:41.464-07:00,22.147,drawing,,open,15.0,1.147948,3.114479,41.04,105.88,28.85,83.94,25.10,77.18,1354,1237,1051,251,WH-station1,2026-08-15T01:31:41.392-07:00
water_draw_1,2026-08-15T01:31:41.969-07:00,22.652,drawing,,open,15.0,1.174322,3.134896,41.46,106.63,28.85,83.94,25.30,77.54,1358,1237,1055,253,WH-station1,2026-08-15T01:31:41.897-07:00
water_draw_1,2026-08-15T01:31:42.474-07:00,23.157,drawing,,open,15.0,1.200615,3.124688,41.56,106.81,28.85,83.94,25.20,77.36,1359,1237,1053,252,WH-station1,2026-08-15T01:31:42.402-07:00
water_draw_1,2026-08-15T01:31:42.979-07:00,23.662,drawing,,open,15.0,1.227030,3.140000,41.67,107.00,28.96,84.12,25.30,77.54,1360,1238,1056,253,WH-station1,2026-08-15T01:31:42.907-07:00
water_draw_1,2026-08-15T01:31:43.483-07:00,24.166,drawing,,open,15.0,1.253311,3.124688,41.88,107.38,28.65,83.56,25.20,77.36,1362,1235,1053,252,WH-station1,2026-08-15T01:31:43.411-07:00
water_draw_1,2026-08-15T01:31:43.988-07:00,24.671,drawing,,open,15.0,1.279640,3.129792,42.19,107.94,28.75,83.75,25.30,77.54,1365,1236,1054,253,WH-station1,2026-08-15T01:31:43.916-07:00
water_draw_1,2026-08-15T01:31:44.493-07:00,25.176,drawing,,open,15.0,1.306010,3.134896,42.40,108.31,28.96,84.12,25.30,77.54,1367,1238,1055,253,WH-station1,2026-08-15T01:31:44.421-07:00
water_draw_1,2026-08-15T01:31:44.998-07:00,25.681,drawing,,open,15.0,1.332343,3.129792,42.60,108.69,28.75,83.75,25.10,77.18,1369,1236,1054,251,WH-station1,2026-08-15T01:31:44.925-07:00
water_draw_1,2026-08-15T01:31:45.502-07:00,26.185,drawing,,open,15.0,1.358971,3.165521,42.71,108.88,28.75,83.75,25.30,77.54,1370,1236,1061,253,WH-station1,2026-08-15T01:31:45.430-07:00
water_draw_1,2026-08-15T01:31:46.007-07:00,26.690,drawing,,open,15.0,1.385388,3.140000,42.92,109.25,28.75,83.75,25.20,77.36,1372,1236,1056,252,WH-station1,2026-08-15T01:31:45.935-07:00
water_draw_1,2026-08-15T01:31:46.512-07:00,27.195,drawing,,open,15.0,1.411760,3.134896,43.44,110.19,28.65,83.56,25.30,77.54,1377,1235,1055,253,WH-station1,2026-08-15T01:31:46.440-07:00
water_draw_1,2026-08-15T01:31:47.016-07:00,27.700,drawing,,open,15.0,1.438046,3.124688,43.44,110.19,28.33,83.00,25.30,77.54,1377,1232,1053,253,WH-station1,2026-08-15T01:31:46.944-07:00
water_draw_1,2026-08-15T01:31:47.521-07:00,28.204,drawing,,open,15.0,1.464374,3.129792,43.33,110.00,28.54,83.38,25.20,77.36,1376,1234,1054,252,WH-station1,2026-08-15T01:31:47.449-07:00
water_draw_1,2026-08-15T01:31:48.026-07:00,28.709,drawing,,open,15.0,1.490835,3.145104,43.44,110.19,28.12,82.62,25.20,77.36,1377,1230,1057,252,WH-station1,2026-08-15T01:31:47.954-07:00
water_draw_1,2026-08-15T01:31:48.531-07:00,29.214,drawing,,open,15.0,1.516990,3.109375,43.85,110.94,28.54,83.38,25.20,77.36,1381,1234,1050,252,WH-station1,2026-08-15T01:31:48.459-07:00
water_draw_1,2026-08-15T01:31:49.035-07:00,29.719,drawing,,open,15.0,1.543318,3.129792,43.85,110.94,28.12,82.62,25.30,77.54,1381,1230,1054,253,WH-station1,2026-08-15T01:31:48.964-07:00
water_draw_1,2026-08-15T01:31:49.540-07:00,30.223,drawing,,open,15.0,1.569642,3.129792,43.96,111.13,28.33,83.00,25.20,77.36,1382,1232,1054,252,WH-station1,2026-08-15T01:31:49.468-07:00
water_draw_1,2026-08-15T01:31:50.045-07:00,30.728,drawing,,open,15.0,1.595927,3.124688,44.17,111.50,28.02,82.44,25.20,77.36,1384,1229,1053,252,WH-station1,2026-08-15T01:31:49.973-07:00
water_draw_1,2026-08-15T01:31:50.550-07:00,31.233,drawing,,open,15.0,1.622300,3.134896,44.17,111.50,28.12,82.62,25.20,77.36,1384,1230,1055,252,WH-station1,2026-08-15T01:31:50.478-07:00
water_draw_1,2026-08-15T01:31:51.054-07:00,31.738,drawing,,open,15.0,1.648677,3.134896,44.17,111.50,28.23,82.81,25.30,77.54,1384,1231,1055,253,WH-station1,2026-08-15T01:31:50.982-07:00
water_draw_1,2026-08-15T01:31:51.561-07:00,32.245,drawing,,open,15.0,1.675078,3.124688,44.38,111.88,28.12,82.62,25.20,77.36,1386,1230,1053,252,WH-station1,2026-08-15T01:31:51.487-07:00
water_draw_1,2026-08-15T01:31:52.066-07:00,32.749,drawing,,open,15.0,1.701368,3.124688,44.69,112.44,27.92,82.25,25.20,77.36,1389,1228,1053,252,WH-station1,2026-08-15T01:31:51.992-07:00
water_draw_1,2026-08-15T01:31:52.571-07:00,33.254,drawing,,open,15.0,1.727780,3.140000,44.79,112.62,28.33,83.00,25.30,77.54,1390,1232,1056,253,WH-station1,2026-08-15T01:31:52.497-07:00
water_draw_1,2026-08-15T01:31:53.076-07:00,33.759,drawing,,open,15.0,1.754238,3.145104,44.90,112.81,28.02,82.44,25.20,77.36,1391,1229,1057,252,WH-station1,2026-08-15T01:31:53.002-07:00
water_draw_1,2026-08-15T01:31:53.580-07:00,34.264,drawing,,open,15.0,1.780699,3.145104,45.00,113.00,27.92,82.25,25.20,77.36,1392,1228,1057,252,WH-station1,2026-08-15T01:31:53.506-07:00
water_draw_1,2026-08-15T01:31:54.085-07:00,34.768,drawing,,open,15.0,1.807243,3.155312,45.21,113.38,27.92,82.25,25.20,77.36,1394,1228,1059,252,WH-station1,2026-08-15T01:31:54.011-07:00
water_draw_1,2026-08-15T01:31:54.590-07:00,35.273,drawing,,open,15.0,1.833743,3.150208,45.21,113.38,27.92,82.25,25.30,77.54,1394,1228,1058,253,WH-station1,2026-08-15T01:31:54.516-07:00
water_draw_1,2026-08-15T01:31:55.095-07:00,35.778,drawing,,open,15.0,1.860286,3.155312,45.21,113.38,27.50,81.50,25.30,77.54,1394,1224,1059,253,WH-station1,2026-08-15T01:31:55.021-07:00
water_draw_1,2026-08-15T01:31:55.599-07:00,36.282,drawing,,open,15.0,1.886912,3.165521,45.42,113.75,27.81,82.06,25.20,77.36,1396,1227,1061,252,WH-station1,2026-08-15T01:31:55.525-07:00
water_draw_1,2026-08-15T01:31:56.104-07:00,36.787,drawing,,open,15.0,1.913329,3.140000,45.62,114.12,27.92,82.25,25.40,77.72,1398,1228,1056,254,WH-station1,2026-08-15T01:31:56.030-07:00
water_draw_1,2026-08-15T01:31:56.609-07:00,37.292,drawing,,open,15.0,1.940047,3.175729,45.42,113.75,27.50,81.50,25.20,77.36,1396,1224,1063,252,WH-station1,2026-08-15T01:31:56.535-07:00
water_draw_1,2026-08-15T01:31:57.114-07:00,37.797,drawing,,open,15.0,1.966597,3.155312,45.73,114.31,27.81,82.06,25.30,77.54,1399,1227,1059,253,WH-station1,2026-08-15T01:31:57.040-07:00
water_draw_1,2026-08-15T01:31:57.618-07:00,38.302,drawing,,open,15.0,1.993226,3.165521,45.83,114.50,27.40,81.31,25.20,77.36,1400,1223,1061,252,WH-station1,2026-08-15T01:31:57.544-07:00
water_draw_1,2026-08-15T01:31:58.123-07:00,38.806,drawing,,open,15.0,2.019812,3.160417,46.04,114.88,27.29,81.12,25.40,77.72,1402,1222,1060,254,WH-station1,2026-08-15T01:31:58.049-07:00
water_draw_1,2026-08-15T01:31:58.632-07:00,39.311,drawing,,open,15.0,2.046396,3.160417,46.04,114.88,27.19,80.94,25.30,77.54,1402,1221,1060,253,WH-station1,2026-08-15T01:31:58.554-07:00
water_draw_1,2026-08-15T01:31:59.137-07:00,39.820,drawing,,open,15.0,2.073068,3.145104,45.94,114.69,27.60,81.69,25.30,77.54,1401,1225,1057,253,WH-station1,2026-08-15T01:31:59.059-07:00
water_draw_1,2026-08-15T01:31:59.642-07:00,40.325,drawing,,open,15.0,2.099790,3.175729,45.94,114.69,27.50,81.50,25.30,77.54,1401,1224,1063,253,WH-station1,2026-08-15T01:31:59.563-07:00
water_draw_1,2026-08-15T01:32:00.146-07:00,40.830,drawing,,open,15.0,2.126378,3.160417,46.04,114.88,27.19,80.94,25.20,77.36,1402,1221,1060,252,WH-station1,2026-08-15T01:32:00.068-07:00
water_draw_1,2026-08-15T01:32:00.651-07:00,41.334,drawing,,open,15.0,2.153050,3.170625,46.25,115.25,27.71,81.88,25.30,77.54,1404,1226,1062,253,WH-station1,2026-08-15T01:32:00.573-07:00
water_draw_1,2026-08-15T01:32:01.155-07:00,41.839,drawing,,open,15.0,2.179593,3.155312,46.35,115.44,27.40,81.31,25.30,77.54,1405,1223,1059,253,WH-station1,2026-08-15T01:32:01.078-07:00
water_draw_1,2026-08-15T01:32:01.660-07:00,42.343,drawing,,open,15.0,2.206261,3.175729,46.46,115.63,27.19,80.94,25.30,77.54,1406,1221,1063,253,WH-station1,2026-08-15T01:32:01.582-07:00
water_draw_1,2026-08-15T01:32:02.164-07:00,42.848,drawing,,open,15.0,2.232847,3.160417,46.67,116.00,27.19,80.94,25.20,77.36,1408,1221,1060,252,WH-station1,2026-08-15T01:32:02.087-07:00
water_draw_1,2026-08-15T01:32:02.667-07:00,43.352,drawing,,open,15.0,2.259472,3.165521,46.67,116.00,27.19,80.94,25.30,77.54,1408,1221,1061,253,WH-station1,2026-08-15T01:32:02.592-07:00
water_draw_1,2026-08-15T01:32:03.169-07:00,43.854,drawing,,open,15.0,2.285873,3.155312,46.77,116.19,27.29,81.12,25.40,77.72,1409,1222,1059,254,WH-station1,2026-08-15T01:32:03.096-07:00
water_draw_1,2026-08-15T01:32:03.671-07:00,44.356,drawing,,open,15.0,2.312355,3.165521,46.77,116.19,27.19,80.94,25.30,77.54,1409,1221,1061,253,WH-station1,2026-08-15T01:32:03.601-07:00
water_draw_1,2026-08-15T01:32:04.173-07:00,44.858,drawing,,open,15.0,2.338755,3.155312,46.88,116.38,27.19,80.94,25.30,77.54,1410,1221,1059,253,WH-station1,2026-08-15T01:32:04.106-07:00
water_draw_1,2026-08-15T01:32:04.675-07:00,45.360,drawing,,open,15.0,2.365198,3.160417,46.77,116.19,27.19,80.94,25.40,77.72,1409,1221,1060,254,WH-station1,2026-08-15T01:32:04.611-07:00
water_draw_1,2026-08-15T01:32:05.177-07:00,45.862,drawing,,open,15.0,2.391812,3.180833,46.88,116.38,27.19,80.94,25.30,77.54,1410,1221,1064,253,WH-station1,2026-08-15T01:32:05.115-07:00
water_draw_1,2026-08-15T01:32:05.679-07:00,46.364,drawing,,open,15.0,2.418427,3.180833,47.08,116.75,26.77,80.19,25.40,77.72,1412,1217,1064,254,WH-station1,2026-08-15T01:32:05.620-07:00
water_draw_1,2026-08-15T01:32:06.181-07:00,46.866,drawing,,open,15.0,2.444956,3.170625,47.08,116.75,26.77,80.19,25.40,77.72,1412,1217,1062,254,WH-station1,2026-08-15T01:32:06.125-07:00
water_draw_1,2026-08-15T01:32:06.683-07:00,47.368,drawing,,open,15.0,2.471439,3.165521,47.08,116.75,27.19,80.94,25.30,77.54,1412,1221,1061,253,WH-station1,2026-08-15T01:32:06.629-07:00
water_draw_1,2026-08-15T01:32:07.185-07:00,47.870,drawing,,open,15.0,2.497882,3.160417,46.98,116.56,26.77,80.19,25.30,77.54,1411,1217,1060,253,WH-station1,2026-08-15T01:32:07.134-07:00
water_draw_1,2026-08-15T01:32:07.689-07:00,48.372,drawing,,open,15.0,2.524498,3.180833,47.29,117.12,26.87,80.37,25.30,77.54,1414,1218,1064,253,WH-station1,2026-08-15T01:32:07.639-07:00
water_draw_1,2026-08-15T01:32:08.194-07:00,48.877,drawing,,open,15.0,2.551344,3.191042,47.29,117.12,26.67,80.00,25.20,77.36,1414,1216,1066,252,WH-station1,2026-08-15T01:32:08.144-07:00
water_draw_1,2026-08-15T01:32:08.699-07:00,49.382,drawing,,open,15.0,2.577929,3.160417,47.19,116.94,26.77,80.19,25.30,77.54,1413,1217,1060,253,WH-station1,2026-08-15T01:32:08.648-07:00
water_draw_1,2026-08-15T01:32:09.204-07:00,49.887,drawing,,open,15.0,2.604779,3.191042,47.19,116.94,26.77,80.19,25.30,77.54,1413,1217,1066,253,WH-station1,2026-08-15T01:32:09.153-07:00
water_draw_1,2026-08-15T01:32:09.708-07:00,50.392,drawing,,open,15.0,2.631415,3.165521,47.50,117.50,26.56,79.81,25.20,77.36,1416,1215,1061,252,WH-station1,2026-08-15T01:32:09.658-07:00
water_draw_1,2026-08-15T01:32:10.213-07:00,50.896,drawing,,open,15.0,2.658133,3.175729,47.29,117.12,26.56,79.81,25.20,77.36,1414,1215,1063,252,WH-station1,2026-08-15T01:32:10.162-07:00
water_draw_1,2026-08-15T01:32:10.718-07:00,51.401,drawing,,open,15.0,2.684809,3.170625,47.50,117.50,26.46,79.62,25.30,77.54,1416,1214,1062,253,WH-station1,2026-08-15T01:32:10.667-07:00
water_draw_1,2026-08-15T01:32:11.223-07:00,51.906,drawing,,open,15.0,2.711567,3.180833,47.60,117.69,26.56,79.81,25.20,77.36,1417,1215,1064,252,WH-station1,2026-08-15T01:32:11.172-07:00
water_draw_1,2026-08-15T01:32:11.727-07:00,52.411,drawing,,open,15.0,2.738283,3.175729,47.71,117.88,26.25,79.25,25.20,77.36,1418,1212,1063,252,WH-station1,2026-08-15T01:32:11.677-07:00
water_draw_1,2026-08-15T01:32:12.232-07:00,52.915,drawing,,open,15.0,2.764952,3.170625,47.50,117.50,26.77,80.19,25.30,77.54,1416,1217,1062,253,WH-station1,2026-08-15T01:32:12.182-07:00
water_draw_1,2026-08-15T01:32:12.737-07:00,53.420,drawing,,open,15.0,2.791970,3.211458,47.60,117.69,26.56,79.81,25.20,77.36,1417,1215,1070,252,WH-station1,2026-08-15T01:32:12.686-07:00
water_draw_1,2026-08-15T01:32:13.242-07:00,53.925,drawing,,open,15.0,2.818774,3.185938,47.60,117.69,26.04,78.87,25.30,77.54,1417,1210,1065,253,WH-station1,2026-08-15T01:32:13.191-07:00
water_draw_1,2026-08-15T01:32:13.747-07:00,54.430,drawing,,open,15.0,2.845751,3.206354,47.71,117.88,26.25,79.25,25.20,77.36,1418,1212,1069,252,WH-station1,2026-08-15T01:32:13.696-07:00
water_draw_1,2026-08-15T01:32:14.251-07:00,54.934,drawing,,open,15.0,2.872465,3.175729,48.02,118.44,26.35,79.44,25.30,77.54,1421,1213,1063,253,WH-station1,2026-08-15T01:32:14.200-07:00
water_draw_1,2026-08-15T01:32:14.756-07:00,55.439,drawing,,open,15.0,2.899394,3.201250,47.71,117.88,26.15,79.06,25.30,77.54,1418,1211,1068,253,WH-station1,2026-08-15T01:32:14.705-07:00
water_draw_1,2026-08-15T01:32:15.261-07:00,55.944,drawing,,open,15.0,2.926491,3.221667,47.92,118.25,26.15,79.06,25.30,77.54,1420,1211,1072,253,WH-station1,2026-08-15T01:32:15.210-07:00
water_draw_1,2026-08-15T01:32:15.766-07:00,56.449,drawing,,open,15.0,2.953262,3.180833,47.92,118.25,26.35,79.44,25.30,77.54,1420,1213,1064,253,WH-station1,2026-08-15T01:32:15.714-07:00
water_draw_1,2026-08-15T01:32:16.270-07:00,56.954,drawing,,open,15.0,2.980110,3.191042,47.81,118.06,26.25,79.25,25.30,77.54,1419,1212,1066,253,WH-station1,2026-08-15T01:32:16.219-07:00
water_draw_1,2026-08-15T01:32:16.775-07:00,57.458,drawing,,open,15.0,3.006953,3.191042,48.02,118.44,25.94,78.69,25.20,77.36,1421,1209,1066,252,WH-station1,2026-08-15T01:32:16.724-07:00
water_draw_1,2026-08-15T01:32:17.280-07:00,57.963,drawing,,open,15.0,3.033963,3.211458,48.02,118.44,25.94,78.69,25.20,77.36,1421,1209,1070,252,WH-station1,2026-08-15T01:32:17.229-07:00
water_draw_1,2026-08-15T01:32:17.784-07:00,58.468,drawing,,open,15.0,3.061021,3.216562,48.02,118.44,25.94,78.69,25.30,77.54,1421,1209,1071,253,WH-station1,2026-08-15T01:32:17.733-07:00
water_draw_1,2026-08-15T01:32:18.289-07:00,58.972,drawing,,open,15.0,3.088034,3.211458,48.02,118.44,25.83,78.50,25.30,77.54,1421,1208,1070,253,WH-station1,2026-08-15T01:32:18.238-07:00
water_draw_1,2026-08-15T01:32:18.794-07:00,59.477,drawing,,open,15.0,3.115009,3.206354,48.12,118.62,26.04,78.87,25.30,77.54,1422,1210,1069,253,WH-station1,2026-08-15T01:32:18.743-07:00
water_draw_1,2026-08-15T01:32:19.299-07:00,59.982,drawing,,open,15.0,3.141978,3.206354,48.12,118.62,25.94,78.69,25.20,77.36,1422,1209,1069,252,WH-station1,2026-08-15T01:32:19.247-07:00
water_draw_1,2026-08-15T01:32:19.803-07:00,60.487,drawing,,open,15.0,3.168996,3.211458,48.12,118.62,25.94,78.69,25.30,77.54,1422,1209,1070,253,WH-station1,2026-08-15T01:32:19.752-07:00
water_draw_1,2026-08-15T01:32:20.308-07:00,60.991,drawing,,open,15.0,3.196007,3.211458,48.23,118.81,25.94,78.69,25.20,77.36,1423,1209,1070,252,WH-station1,2026-08-15T01:32:20.257-07:00
water_draw_1,2026-08-15T01:32:20.814-07:00,61.496,drawing,,open,15.0,3.222850,3.191042,48.23,118.81,25.63,78.13,25.20,77.36,1423,1206,1066,252,WH-station1,2026-08-15T01:32:20.761-07:00
water_draw_1,2026-08-15T01:32:21.319-07:00,62.002,drawing,,open,15.0,3.249864,3.201250,48.12,118.62,25.83,78.50,25.20,77.36,1422,1208,1068,252,WH-station1,2026-08-15T01:32:21.266-07:00
water_draw_1,2026-08-15T01:32:21.825-07:00,62.507,drawing,,open,15.0,3.276752,3.196146,48.33,119.00,25.83,78.50,25.20,77.36,1424,1208,1067,252,WH-station1,2026-08-15T01:32:21.771-07:00
water_draw_1,2026-08-15T01:32:22.330-07:00,63.013,drawing,,open,15.0,3.303752,3.201250,48.33,119.00,25.83,78.50,25.30,77.54,1424,1208,1068,253,WH-station1,2026-08-15T01:32:22.275-07:00
water_draw_1,2026-08-15T01:32:22.836-07:00,63.518,drawing,,open,15.0,3.330808,3.216562,48.33,119.00,25.63,78.13,25.30,77.54,1424,1206,1071,253,WH-station1,2026-08-15T01:32:22.780-07:00
water_draw_1,2026-08-15T01:32:23.341-07:00,64.024,drawing,,open,15.0,3.357854,3.206354,48.44,119.19,25.73,78.31,25.20,77.36,1425,1207,1069,252,WH-station1,2026-08-15T01:32:23.285-07:00
water_draw_1,2026-08-15T01:32:23.846-07:00,64.529,drawing,,open,15.0,3.384747,3.196146,48.33,119.00,25.63,78.13,25.20,77.36,1424,1206,1067,252,WH-station1,2026-08-15T01:32:23.789-07:00
water_draw_1,2026-08-15T01:32:24.350-07:00,65.033,drawing,,open,15.0,3.411591,3.191042,48.44,119.19,25.83,78.50,25.20,77.36,1425,1208,1066,252,WH-station1,2026-08-15T01:32:24.294-07:00
water_draw_1,2026-08-15T01:32:24.855-07:00,65.538,drawing,,open,15.0,3.438520,3.201250,48.44,119.19,25.63,78.13,25.30,77.54,1425,1206,1068,253,WH-station1,2026-08-15T01:32:24.799-07:00
water_draw_1,2026-08-15T01:32:25.360-07:00,66.043,drawing,,open,15.0,3.465529,3.211458,48.54,119.38,25.42,77.75,25.20,77.36,1426,1204,1070,252,WH-station1,2026-08-15T01:32:25.304-07:00
water_draw_1,2026-08-15T01:32:25.864-07:00,66.548,drawing,,open,15.0,3.492457,3.201250,48.54,119.38,25.73,78.31,25.20,77.36,1426,1207,1068,252,WH-station1,2026-08-15T01:32:25.808-07:00
water_draw_1,2026-08-15T01:32:26.369-07:00,67.052,drawing,,open,15.0,3.519258,3.185938,48.54,119.38,25.73,78.31,25.20,77.36,1426,1207,1065,252,WH-station1,2026-08-15T01:32:26.313-07:00
water_draw_1,2026-08-15T01:32:26.874-07:00,67.557,drawing,,open,15.0,3.546197,3.201250,48.65,119.56,25.63,78.13,25.40,77.72,1427,1206,1068,254,WH-station1,2026-08-15T01:32:26.818-07:00
water_draw_1,2026-08-15T01:32:27.379-07:00,68.062,drawing,,open,15.0,3.573169,3.206354,48.65,119.56,25.31,77.56,25.30,77.54,1427,1203,1069,253,WH-station1,2026-08-15T01:32:27.323-07:00
water_draw_1,2026-08-15T01:32:27.883-07:00,68.567,drawing,,open,15.0,3.600053,3.196146,48.54,119.38,25.42,77.75,25.30,77.54,1426,1204,1067,253,WH-station1,2026-08-15T01:32:27.827-07:00
water_draw_1,2026-08-15T01:32:28.388-07:00,69.071,drawing,,open,15.0,3.626978,3.201250,48.65,119.56,25.73,78.31,25.20,77.36,1427,1207,1068,252,WH-station1,2026-08-15T01:32:28.332-07:00
water_draw_1,2026-08-15T01:32:28.893-07:00,69.576,drawing,,open,15.0,3.654076,3.221667,48.65,119.56,25.31,77.56,25.30,77.54,1427,1203,1072,253,WH-station1,2026-08-15T01:32:28.837-07:00
water_draw_1,2026-08-15T01:32:29.397-07:00,70.081,drawing,,open,15.0,3.681002,3.201250,48.75,119.75,25.31,77.56,25.30,77.54,1428,1203,1068,253,WH-station1,2026-08-15T01:32:29.341-07:00
water_draw_1,2026-08-15T01:32:29.902-07:00,70.585,drawing,,open,15.0,3.708021,3.211458,48.75,119.75,25.00,77.00,25.30,77.54,1428,1200,1070,253,WH-station1,2026-08-15T01:32:29.846-07:00
water_draw_1,2026-08-15T01:32:30.407-07:00,71.090,drawing,,open,15.0,3.735118,3.221667,48.65,119.56,25.21,77.38,25.40,77.72,1427,1202,1072,254,WH-station1,2026-08-15T01:32:30.351-07:00
water_draw_1,2026-08-15T01:32:30.912-07:00,71.595,drawing,,open,15.0,3.762134,3.211458,48.65,119.56,25.42,77.75,25.30,77.54,1427,1204,1070,253,WH-station1,2026-08-15T01:32:30.855-07:00
water_draw_1,2026-08-15T01:32:31.416-07:00,72.099,drawing,,open,15.0,3.789018,3.196146,48.65,119.56,25.42,77.75,25.30,77.54,1427,1204,1067,253,WH-station1,2026-08-15T01:32:31.360-07:00
water_draw_1,2026-08-15T01:32:31.921-07:00,72.604,drawing,,open,15.0,3.816031,3.211458,48.75,119.75,25.21,77.38,25.30,77.54,1428,1202,1070,253,WH-station1,2026-08-15T01:32:31.865-07:00
water_draw_1,2026-08-15T01:32:32.426-07:00,73.109,drawing,,open,15.0,3.843088,3.216562,48.85,119.94,25.52,77.94,25.30,77.54,1429,1205,1071,253,WH-station1,2026-08-15T01:32:32.369-07:00
water_draw_1,2026-08-15T01:32:32.930-07:00,73.614,drawing,,open,15.0,3.870061,3.206354,49.17,120.50,25.52,77.94,25.30,77.54,1432,1205,1069,253,WH-station1,2026-08-15T01:32:32.874-07:00
water_draw_1,2026-08-15T01:32:33.435-07:00,74.118,drawing,,open,15.0,3.897029,3.206354,48.85,119.94,25.00,77.00,25.30,77.54,1429,1200,1069,253,WH-station1,2026-08-15T01:32:33.379-07:00
water_draw_1,2026-08-15T01:32:33.940-07:00,74.623,drawing,,open,15.0,3.924000,3.206354,48.85,119.94,25.42,77.75,25.30,77.54,1429,1204,1069,253,WH-station1,2026-08-15T01:32:33.884-07:00
water_draw_1,2026-08-15T01:32:34.444-07:00,75.128,drawing,,open,15.0,3.951183,3.231875,48.65,119.56,25.31,77.56,25.30,77.54,1427,1203,1074,253,WH-station1,2026-08-15T01:32:34.388-07:00
water_draw_1,2026-08-15T01:32:34.949-07:00,75.632,drawing,,open,15.0,3.978282,3.221667,48.75,119.75,25.00,77.00,25.20,77.36,1428,1200,1072,252,WH-station1,2026-08-15T01:32:34.893-07:00
water_draw_1,2026-08-15T01:32:35.478-07:00,76.137,drawing,,open,15.0,4.005344,3.216562,48.96,120.12,25.42,77.75,25.20,77.36,1430,1204,1071,252,WH-station1,2026-08-15T01:32:35.398-07:00
water_draw_1,2026-08-15T01:32:35.983-07:00,76.666,drawing,,open,15.0,4.033642,3.211458,48.75,119.75,24.90,76.81,25.30,77.54,1428,1199,1070,253,WH-station1,2026-08-15T01:32:35.903-07:00
water_draw_1,2026-08-15T01:32:36.487-07:00,77.170,drawing,,open,15.0,4.060698,3.216562,48.96,120.12,25.10,77.19,25.20,77.36,1430,1201,1071,252,WH-station1,2026-08-15T01:32:36.407-07:00
water_draw_1,2026-08-15T01:32:37.015-07:00,77.675,drawing,,open,15.0,4.087714,3.211458,49.06,120.31,25.10,77.19,25.30,77.54,1431,1201,1070,253,WH-station1,2026-08-15T01:32:36.912-07:00
water_draw_1,2026-08-15T01:32:37.522-07:00,78.203,drawing,,open,15.0,4.116140,3.231875,48.96,120.12,25.42,77.75,25.20,77.36,1430,1204,1074,252,WH-station1,2026-08-15T01:32:37.417-07:00
water_draw_1,2026-08-15T01:32:38.031-07:00,78.710,drawing,,open,15.0,4.143282,3.211458,49.27,120.69,24.79,76.63,25.30,77.54,1433,1198,1070,253,WH-station1,2026-08-15T01:32:37.921-07:00
water_draw_1,2026-08-15T01:32:38.540-07:00,79.219,drawing,,open,15.0,4.170652,3.226771,48.96,120.12,25.31,77.56,25.20,77.36,1430,1203,1073,252,WH-station1,2026-08-15T01:32:38.426-07:00
water_draw_1,2026-08-15T01:32:39.044-07:00,79.727,drawing,,open,15.0,4.197871,3.211458,48.96,120.12,24.90,76.81,25.20,77.36,1430,1199,1070,252,WH-station1,2026-08-15T01:32:38.931-07:00
water_draw_1,2026-08-15T01:32:39.549-07:00,80.232,drawing,,open,15.0,4.225095,3.236979,49.06,120.31,25.00,77.00,25.20,77.36,1431,1200,1075,252,WH-station1,2026-08-15T01:32:39.436-07:00
water_draw_1,2026-08-15T01:32:40.054-07:00,80.737,drawing,,open,15.0,4.252199,3.221667,49.17,120.50,24.79,76.63,25.30,77.54,1432,1198,1072,253,WH-station1,2026-08-15T01:32:39.941-07:00
water_draw_1,2026-08-15T01:32:40.558-07:00,81.242,drawing,,open,15.0,4.279434,3.236979,49.06,120.31,25.10,77.19,25.30,77.54,1431,1201,1075,253,WH-station1,2026-08-15T01:32:40.446-07:00
water_draw_1,2026-08-15T01:32:41.063-07:00,81.746,drawing,,open,15.0,4.306666,3.236979,48.85,119.94,25.10,77.19,25.30,77.54,1429,1201,1075,253,WH-station1,2026-08-15T01:32:40.950-07:00
water_draw_1,2026-08-15T01:32:41.568-07:00,82.251,drawing,,open,15.0,4.333895,3.236979,48.96,120.12,25.10,77.19,25.30,77.54,1430,1201,1075,253,WH-station1,2026-08-15T01:32:41.455-07:00
water_draw_1,2026-08-15T01:32:42.073-07:00,82.756,drawing,,open,15.0,4.360954,3.216562,49.17,120.50,25.31,77.56,25.30,77.54,1432,1203,1071,253,WH-station1,2026-08-15T01:32:41.960-07:00
water_draw_1,2026-08-15T01:32:42.577-07:00,83.261,drawing,,open,15.0,4.388142,3.231875,49.06,120.31,24.69,76.44,25.20,77.36,1431,1197,1074,252,WH-station1,2026-08-15T01:32:42.464-07:00
water_draw_1,2026-08-15T01:32:43.082-07:00,83.765,drawing,,open,15.0,4.415328,3.231875,49.06,120.31,24.90,76.81,25.30,77.54,1431,1199,1074,253,WH-station1,2026-08-15T01:32:42.969-07:00
water_draw_1,2026-08-15T01:32:43.587-07:00,84.270,drawing,,open,15.0,4.442597,3.242083,48.96,120.12,24.58,76.25,25.20,77.36,1430,1196,1076,252,WH-station1,2026-08-15T01:32:43.474-07:00
water_draw_1,2026-08-15T01:32:44.091-07:00,84.775,drawing,,open,15.0,4.469782,3.231875,49.17,120.50,24.90,76.81,25.20,77.36,1432,1199,1074,252,WH-station1,2026-08-15T01:32:43.978-07:00
water_draw_1,2026-08-15T01:32:44.596-07:00,85.279,drawing,,open,15.0,4.496967,3.231875,49.27,120.69,25.10,77.19,25.30,77.54,1433,1201,1074,253,WH-station1,2026-08-15T01:32:44.483-07:00
water_draw_1,2026-08-15T01:32:45.101-07:00,85.784,drawing,,open,15.0,4.524108,3.226771,49.17,120.50,25.10,77.19,25.30,77.54,1432,1201,1073,253,WH-station1,2026-08-15T01:32:44.988-07:00
water_draw_1,2026-08-15T01:32:45.606-07:00,86.289,drawing,,open,15.0,4.551341,3.236979,49.06,120.31,24.79,76.63,25.30,77.54,1431,1198,1075,253,WH-station1,2026-08-15T01:32:45.493-07:00
water_draw_1,2026-08-15T01:32:46.111-07:00,86.794,drawing,,open,15.0,4.578751,3.257396,49.17,120.50,24.90,76.81,25.20,77.36,1432,1199,1079,252,WH-station1,2026-08-15T01:32:45.997-07:00
water_draw_1,2026-08-15T01:32:46.615-07:00,87.298,drawing,,open,15.0,4.605938,3.231875,49.27,120.69,24.79,76.63,25.30,77.54,1433,1198,1074,253,WH-station1,2026-08-15T01:32:46.502-07:00
water_draw_1,2026-08-15T01:32:47.120-07:00,87.803,drawing,,open,15.0,4.633123,3.231875,49.27,120.69,24.79,76.63,25.30,77.54,1433,1198,1074,253,WH-station1,2026-08-15T01:32:47.007-07:00
water_draw_1,2026-08-15T01:32:47.625-07:00,88.308,drawing,,open,15.0,4.660307,3.231875,49.17,120.50,25.00,77.00,25.30,77.54,1432,1200,1074,253,WH-station1,2026-08-15T01:32:47.511-07:00
water_draw_1,2026-08-15T01:32:48.129-07:00,88.813,drawing,,open,15.0,4.687580,3.242083,49.17,120.50,24.79,76.63,25.40,77.72,1432,1198,1076,254,WH-station1,2026-08-15T01:32:48.016-07:00
water_draw_1,2026-08-15T01:32:48.634-07:00,89.317,drawing,,open,15.0,4.714637,3.216562,49.17,120.50,25.00,77.00,25.30,77.54,1432,1200,1071,253,WH-station1,2026-08-15T01:32:48.521-07:00
water_draw_1,2026-08-15T01:32:49.139-07:00,89.822,drawing,,open,15.0,4.742128,3.267604,49.17,120.50,24.79,76.63,25.20,77.36,1432,1198,1081,252,WH-station1,2026-08-15T01:32:49.026-07:00
water_draw_1,2026-08-15T01:32:49.644-07:00,90.327,drawing,,open,15.0,4.769397,3.242083,49.17,120.50,24.48,76.06,25.30,77.54,1432,1195,1076,253,WH-station1,2026-08-15T01:32:49.530-07:00
water_draw_1,2026-08-15T01:32:50.148-07:00,90.831,drawing,,open,15.0,4.796625,3.236979,49.17,120.50,24.79,76.63,25.40,77.72,1432,1198,1075,254,WH-station1,2026-08-15T01:32:50.035-07:00
water_draw_1,2026-08-15T01:32:50.653-07:00,91.336,drawing,,open,15.0,4.823854,3.236979,49.37,120.87,24.69,76.44,25.30,77.54,1434,1197,1075,253,WH-station1,2026-08-15T01:32:50.539-07:00
water_draw_1,2026-08-15T01:32:51.158-07:00,91.841,drawing,,open,15.0,4.851047,3.231875,49.17,120.50,24.37,75.87,25.20,77.36,1432,1194,1074,252,WH-station1,2026-08-15T01:32:51.044-07:00
water_draw_1,2026-08-15T01:32:51.662-07:00,92.346,drawing,,open,15.0,4.878492,3.262500,49.48,121.06,24.58,76.25,25.30,77.54,1435,1196,1080,253,WH-station1,2026-08-15T01:32:51.549-07:00
water_draw_1,2026-08-15T01:32:52.167-07:00,92.850,drawing,,open,15.0,4.905638,3.226771,49.17,120.50,24.90,76.81,25.30,77.54,1432,1199,1073,253,WH-station1,2026-08-15T01:32:52.053-07:00
water_draw_1,2026-08-15T01:32:52.672-07:00,93.355,drawing,,open,15.0,4.932955,3.247188,49.17,120.50,24.69,76.44,25.40,77.72,1432,1197,1077,254,WH-station1,2026-08-15T01:32:52.558-07:00
water_draw_1,2026-08-15T01:32:53.177-07:00,93.860,drawing,,open,15.0,4.960185,3.236979,49.27,120.69,24.90,76.81,25.30,77.54,1433,1199,1075,253,WH-station1,2026-08-15T01:32:53.063-07:00
water_draw_1,2026-08-15T01:32:53.682-07:00,94.365,drawing,,open,15.0,4.987457,3.242083,49.27,120.69,24.79,76.63,25.30,77.54,1433,1198,1076,253,WH-station1,2026-08-15T01:32:53.568-07:00
water_draw_1,2026-08-15T01:32:54.186-07:00,94.869,drawing,,open,15.0,5.014648,3.231875,49.37,120.87,24.58,76.25,25.40,77.72,1434,1196,1074,254,WH-station1,2026-08-15T01:32:54.072-07:00
water_draw_1,2026-08-15T01:32:54.691-07:00,95.374,drawing,,open,15.0,5.041875,3.236979,49.17,120.50,25.00,77.00,25.20,77.36,1432,1200,1075,252,WH-station1,2026-08-15T01:32:54.577-07:00
water_draw_1,2026-08-15T01:32:55.196-07:00,95.879,drawing,,open,15.0,5.069063,3.231875,49.58,121.25,24.90,76.81,25.40,77.72,1436,1199,1074,254,WH-station1,2026-08-15T01:32:55.082-07:00
water_draw_1,2026-08-15T01:32:55.700-07:00,96.384,drawing,,open,15.0,5.096291,3.236979,49.27,120.69,24.58,76.25,25.30,77.54,1433,1196,1075,253,WH-station1,2026-08-15T01:32:55.586-07:00
water_draw_1,2026-08-15T01:32:56.205-07:00,96.888,drawing,,open,15.0,5.123568,3.242083,49.37,120.87,24.37,75.87,25.30,77.54,1434,1194,1076,253,WH-station1,2026-08-15T01:32:56.091-07:00
water_draw_1,2026-08-15T01:32:56.710-07:00,97.393,drawing,,open,15.0,5.150757,3.231875,49.48,121.06,24.79,76.63,25.40,77.72,1435,1198,1074,254,WH-station1,2026-08-15T01:32:56.596-07:00
water_draw_1,2026-08-15T01:32:57.215-07:00,97.898,drawing,,open,15.0,5.177945,3.231875,49.27,120.69,24.48,76.06,25.20,77.36,1433,1195,1074,252,WH-station1,2026-08-15T01:32:57.100-07:00
water_draw_1,2026-08-15T01:32:57.723-07:00,98.406,drawing,,open,15.0,5.205355,3.236979,49.37,120.87,24.37,75.87,25.40,77.72,1434,1194,1075,254,WH-station1,2026-08-15T01:32:57.605-07:00
water_draw_1,2026-08-15T01:32:58.227-07:00,98.911,drawing,,open,15.0,5.232499,3.226771,49.48,121.06,24.37,75.87,25.20,77.36,1435,1194,1073,252,WH-station1,2026-08-15T01:32:58.110-07:00
water_draw_1,2026-08-15T01:32:58.732-07:00,99.415,drawing,,open,15.0,5.259984,3.267604,49.37,120.87,24.58,76.25,25.20,77.36,1434,1196,1081,252,WH-station1,2026-08-15T01:32:58.615-07:00
water_draw_1,2026-08-15T01:32:59.237-07:00,99.920,drawing,,open,15.0,5.287130,3.226771,49.48,121.06,24.27,75.69,25.20,77.36,1435,1193,1073,252,WH-station1,2026-08-15T01:32:59.119-07:00
water_draw_1,2026-08-15T01:32:59.742-07:00,100.425,drawing,,open,15.0,5.314534,3.257396,49.37,120.87,24.17,75.50,25.30,77.54,1434,1192,1079,253,WH-station1,2026-08-15T01:32:59.624-07:00
water_draw_1,2026-08-15T01:33:00.247-07:00,100.930,drawing,,open,15.0,5.341812,3.242083,49.37,120.87,24.27,75.69,25.30,77.54,1434,1193,1076,253,WH-station1,2026-08-15T01:33:00.129-07:00
water_draw_1,2026-08-15T01:33:00.761-07:00,101.434,drawing,,open,15.0,5.369170,3.252292,49.48,121.06,24.37,75.87,25.30,77.54,1435,1194,1078,253,WH-station1,2026-08-15T01:33:00.633-07:00
water_draw_1,2026-08-15T01:33:01.266-07:00,101.949,drawing,,open,15.0,5.396986,3.242083,49.48,121.06,24.27,75.69,25.40,77.72,1435,1193,1076,254,WH-station1,2026-08-15T01:33:01.138-07:00
water_draw_1,2026-08-15T01:33:01.771-07:00,102.454,drawing,,open,15.0,5.424260,3.242083,49.48,121.06,24.06,75.31,25.30,77.54,1435,1191,1076,253,WH-station1,2026-08-15T01:33:01.642-07:00
water_draw_1,2026-08-15T01:33:02.276-07:00,102.959,drawing,,open,15.0,5.451446,3.231875,49.48,121.06,24.17,75.50,25.30,77.54,1435,1192,1074,253,WH-station1,2026-08-15T01:33:02.147-07:00
water_draw_1,2026-08-15T01:33:02.778-07:00,103.463,drawing,,open,15.0,5.478802,3.252292,49.37,120.87,24.27,75.69,25.40,77.72,1434,1193,1078,254,WH-station1,2026-08-15T01:33:02.652-07:00
water_draw_1,2026-08-15T01:33:03.280-07:00,103.965,drawing,,open,15.0,5.505844,3.231875,49.48,121.06,24.06,75.31,25.30,77.54,1435,1191,1074,253,WH-station1,2026-08-15T01:33:03.157-07:00
water_draw_1,2026-08-15T01:33:03.782-07:00,104.467,drawing,,open,15.0,5.532884,3.231875,49.58,121.25,24.27,75.69,25.40,77.72,1436,1193,1074,254,WH-station1,2026-08-15T01:33:03.662-07:00
water_draw_1,2026-08-15T01:33:04.284-07:00,104.969,drawing,,open,15.0,5.560009,3.242083,49.58,121.25,24.27,75.69,25.30,77.54,1436,1193,1076,253,WH-station1,2026-08-15T01:33:04.166-07:00
water_draw_1,2026-08-15T01:33:04.786-07:00,105.471,drawing,,open,15.0,5.587261,3.257396,49.37,120.87,24.17,75.50,25.30,77.54,1434,1192,1079,253,WH-station1,2026-08-15T01:33:04.671-07:00
water_draw_1,2026-08-15T01:33:05.288-07:00,105.973,drawing,,open,15.0,5.614557,3.262500,49.48,121.06,24.37,75.87,25.30,77.54,1435,1194,1080,253,WH-station1,2026-08-15T01:33:05.176-07:00
water_draw_1,2026-08-15T01:33:05.790-07:00,106.475,drawing,,open,15.0,5.641684,3.242083,49.79,121.63,24.27,75.69,25.30,77.54,1438,1193,1076,253,WH-station1,2026-08-15T01:33:05.680-07:00
water_draw_1,2026-08-15T01:33:06.292-07:00,106.977,drawing,,open,15.0,5.668897,3.252292,49.69,121.44,24.17,75.50,25.30,77.54,1437,1192,1078,253,WH-station1,2026-08-15T01:33:06.185-07:00
water_draw_1,2026-08-15T01:33:06.794-07:00,107.479,drawing,,open,15.0,5.695979,3.236979,49.48,121.06,24.27,75.69,25.40,77.72,1435,1193,1075,254,WH-station1,2026-08-15T01:33:06.690-07:00
water_draw_1,2026-08-15T01:33:07.296-07:00,107.981,drawing,,open,15.0,5.723103,3.242083,49.58,121.25,24.48,76.06,25.40,77.72,1436,1195,1076,254,WH-station1,2026-08-15T01:33:07.194-07:00
water_draw_1,2026-08-15T01:33:07.800-07:00,108.483,drawing,,open,15.0,5.750145,3.231875,49.37,120.87,24.17,75.50,25.40,77.72,1434,1192,1074,254,WH-station1,2026-08-15T01:33:07.699-07:00
water_draw_1,2026-08-15T01:33:08.305-07:00,108.988,drawing,,open,15.0,5.777590,3.262500,49.58,121.25,24.17,75.50,25.30,77.54,1436,1192,1080,253,WH-station1,2026-08-15T01:33:08.204-07:00
water_draw_1,2026-08-15T01:33:08.810-07:00,109.493,drawing,,open,15.0,5.805044,3.262500,49.48,121.06,24.17,75.50,25.20,77.36,1435,1192,1080,252,WH-station1,2026-08-15T01:33:08.709-07:00
water_draw_1,2026-08-15T01:33:09.315-07:00,109.998,drawing,,open,15.0,5.832358,3.247188,49.48,121.06,24.17,75.50,25.40,77.72,1435,1192,1077,254,WH-station1,2026-08-15T01:33:09.213-07:00
water_draw_1,2026-08-15T01:33:09.819-07:00,110.502,drawing,,open,15.0,5.859541,3.231875,49.58,121.25,24.27,75.69,25.40,77.72,1436,1193,1074,254,WH-station1,2026-08-15T01:33:09.718-07:00
water_draw_1,2026-08-15T01:33:10.324-07:00,111.007,drawing,,open,15.0,5.886898,3.252292,49.58,121.25,24.37,75.87,25.30,77.54,1436,1194,1078,253,WH-station1,2026-08-15T01:33:10.223-07:00
water_draw_1,2026-08-15T01:33:10.829-07:00,111.512,drawing,,open,15.0,5.914123,3.236979,49.37,120.87,24.06,75.31,25.30,77.54,1434,1191,1075,253,WH-station1,2026-08-15T01:33:10.728-07:00
water_draw_1,2026-08-15T01:33:11.333-07:00,112.017,drawing,,open,15.0,5.941402,3.242083,49.48,121.06,24.37,75.87,25.30,77.54,1435,1194,1076,253,WH-station1,2026-08-15T01:33:11.233-07:00
water_draw_1,2026-08-15T01:33:11.838-07:00,112.521,drawing,,open,15.0,5.968632,3.236979,49.69,121.44,23.96,75.12,25.30,77.54,1437,1190,1075,253,WH-station1,2026-08-15T01:33:11.737-07:00
water_draw_1,2026-08-15T01:33:12.343-07:00,113.026,drawing,,open,15.0,5.995991,3.252292,49.48,121.06,24.17,75.50,25.30,77.54,1435,1192,1078,253,WH-station1,2026-08-15T01:33:12.242-07:00
water_draw_1,2026-08-15T01:33:12.847-07:00,113.531,drawing,,open,15.0,6.023387,3.257396,49.27,120.69,23.96,75.12,25.30,77.54,1433,1190,1079,253,WH-station1,2026-08-15T01:33:12.747-07:00
water_draw_1,2026-08-15T01:33:13.353-07:00,114.036,drawing,,open,15.0,6.050634,3.236979,49.48,121.06,24.37,75.87,25.20,77.36,1435,1194,1075,252,WH-station1,2026-08-15T01:33:13.251-07:00
water_draw_1,2026-08-15T01:33:13.858-07:00,114.541,drawing,,open,15.0,6.077926,3.242083,49.58,121.25,24.17,75.50,25.30,77.54,1436,1192,1076,253,WH-station1,2026-08-15T01:33:13.756-07:00
water_draw_1,2026-08-15T01:33:14.362-07:00,115.046,drawing,,open,15.0,6.105287,3.252292,49.58,121.25,24.06,75.31,25.30,77.54,1436,1191,1078,253,WH-station1,2026-08-15T01:33:14.261-07:00
water_draw_1,2026-08-15T01:33:14.867-07:00,115.550,drawing,,open,15.0,6.132607,3.247188,49.79,121.63,23.96,75.12,25.30,77.54,1438,1190,1077,253,WH-station1,2026-08-15T01:33:14.766-07:00
water_draw_1,2026-08-15T01:33:15.372-07:00,116.055,drawing,,open,15.0,6.159923,3.247188,49.79,121.63,23.85,74.94,25.40,77.72,1438,1189,1077,254,WH-station1,2026-08-15T01:33:15.270-07:00
water_draw_1,2026-08-15T01:33:15.877-07:00,116.560,drawing,,open,15.0,6.187284,3.252292,49.69,121.44,23.85,74.94,25.40,77.72,1437,1189,1078,254,WH-station1,2026-08-15T01:33:15.775-07:00
water_draw_1,2026-08-15T01:33:16.382-07:00,117.065,drawing,,open,15.0,6.214603,3.247188,49.69,121.44,24.06,75.31,25.20,77.36,1437,1191,1077,252,WH-station1,2026-08-15T01:33:16.279-07:00
water_draw_1,2026-08-15T01:33:16.886-07:00,117.569,drawing,,open,15.0,6.242008,3.257396,49.58,121.25,23.96,75.12,25.30,77.54,1436,1190,1079,253,WH-station1,2026-08-15T01:33:16.784-07:00
water_draw_1,2026-08-15T01:33:17.391-07:00,118.074,drawing,,open,15.0,6.269408,3.257396,49.48,121.06,24.06,75.31,25.20,77.36,1435,1191,1079,252,WH-station1,2026-08-15T01:33:17.289-07:00
water_draw_1,2026-08-15T01:33:17.896-07:00,118.579,drawing,,open,15.0,6.296726,3.247188,49.58,121.25,24.06,75.31,25.30,77.54,1436,1191,1077,253,WH-station1,2026-08-15T01:33:17.794-07:00
water_draw_1,2026-08-15T01:33:18.401-07:00,119.084,drawing,,open,15.0,6.324256,3.272708,49.79,121.63,24.17,75.50,25.30,77.54,1438,1192,1082,253,WH-station1,2026-08-15T01:33:18.298-07:00
water_draw_1,2026-08-15T01:33:18.905-07:00,119.588,drawing,,open,15.0,6.351406,3.226771,49.69,121.44,24.06,75.31,25.20,77.36,1437,1191,1073,252,WH-station1,2026-08-15T01:33:18.803-07:00
water_draw_1,2026-08-15T01:33:19.410-07:00,120.093,drawing,,open,15.0,6.378639,3.236979,49.69,121.44,24.06,75.31,25.30,77.54,1437,1191,1075,253,WH-station1,2026-08-15T01:33:19.308-07:00
water_draw_1,2026-08-15T01:33:19.915-07:00,120.598,drawing,,open,15.0,6.406000,3.252292,49.69,121.44,23.65,74.56,25.20,77.36,1437,1187,1078,252,WH-station1,2026-08-15T01:33:19.813-07:00
water_draw_1,2026-08-15T01:33:20.420-07:00,121.103,drawing,,open,15.0,6.433189,3.231875,49.58,121.25,24.17,75.50,25.30,77.54,1436,1192,1074,253,WH-station1,2026-08-15T01:33:20.317-07:00
water_draw_1,2026-08-15T01:33:20.924-07:00,121.608,drawing,,open,15.0,6.460678,3.267604,49.69,121.44,23.85,74.94,25.30,77.54,1437,1189,1081,253,WH-station1,2026-08-15T01:33:20.822-07:00
water_draw_1,2026-08-15T01:33:21.429-07:00,122.112,drawing,,open,15.0,6.488085,3.257396,49.69,121.44,23.96,75.12,25.30,77.54,1437,1190,1079,253,WH-station1,2026-08-15T01:33:21.327-07:00
water_draw_1,2026-08-15T01:33:21.934-07:00,122.617,drawing,,open,15.0,6.515492,3.257396,49.79,121.63,23.85,74.94,25.40,77.72,1438,1189,1079,254,WH-station1,2026-08-15T01:33:21.831-07:00
water_draw_1,2026-08-15T01:33:22.439-07:00,123.122,drawing,,open,15.0,6.542639,3.226771,49.79,121.63,24.17,75.50,25.30,77.54,1438,1192,1073,253,WH-station1,2026-08-15T01:33:22.336-07:00
water_draw_1,2026-08-15T01:33:22.944-07:00,123.627,drawing,,open,15.0,6.569913,3.242083,49.58,121.25,23.65,74.56,25.50,77.90,1436,1187,1076,255,WH-station1,2026-08-15T01:33:22.841-07:00
water_draw_1,2026-08-15T01:33:23.448-07:00,124.131,drawing,,open,15.0,6.597186,3.242083,49.48,121.06,23.75,74.75,25.40,77.72,1435,1188,1076,254,WH-station1,2026-08-15T01:33:23.345-07:00
water_draw_1,2026-08-15T01:33:23.953-07:00,124.636,drawing,,open,15.0,6.624547,3.252292,49.69,121.44,23.65,74.56,25.30,77.54,1437,1187,1078,253,WH-station1,2026-08-15T01:33:23.850-07:00
water_draw_1,2026-08-15T01:33:24.458-07:00,125.141,drawing,,open,15.0,6.651907,3.252292,49.79,121.63,24.17,75.50,25.30,77.54,1438,1192,1078,253,WH-station1,2026-08-15T01:33:24.355-07:00
water_draw_1,2026-08-15T01:33:24.963-07:00,125.646,drawing,,open,15.0,6.679447,3.272708,49.69,121.44,23.65,74.56,25.20,77.36,1437,1187,1082,252,WH-station1,2026-08-15T01:33:24.860-07:00
water_draw_1,2026-08-15T01:33:25.467-07:00,126.151,drawing,,open,15.0,6.706803,3.252292,49.69,121.44,23.85,74.94,25.30,77.54,1437,1189,1078,253,WH-station1,2026-08-15T01:33:25.364-07:00
water_draw_1,2026-08-15T01:33:25.972-07:00,126.655,drawing,,open,15.0,6.734249,3.262500,49.58,121.25,24.17,75.50,25.20,77.36,1436,1192,1080,252,WH-station1,2026-08-15T01:33:25.869-07:00
water_draw_1,2026-08-15T01:33:26.477-07:00,127.160,drawing,,open,15.0,6.761737,3.267604,49.90,121.81,24.17,75.50,25.20,77.36,1439,1192,1081,252,WH-station1,2026-08-15T01:33:26.374-07:00
water_draw_1,2026-08-15T01:33:26.982-07:00,127.665,drawing,,open,15.0,6.789060,3.247188,49.58,121.25,23.85,74.94,25.20,77.36,1436,1189,1077,252,WH-station1,2026-08-15T01:33:26.878-07:00
water_draw_1,2026-08-15T01:33:27.486-07:00,128.170,drawing,,open,15.0,6.816289,3.236979,49.90,121.81,23.96,75.12,25.20,77.36,1439,1190,1075,252,WH-station1,2026-08-15T01:33:27.383-07:00
water_draw_1,2026-08-15T01:33:27.991-07:00,128.674,drawing,,open,15.0,6.843477,3.231875,49.69,121.44,23.85,74.94,25.30,77.54,1437,1189,1074,253,WH-station1,2026-08-15T01:33:27.888-07:00
water_draw_1,2026-08-15T01:33:28.496-07:00,129.179,drawing,,open,15.0,6.870834,3.252292,49.79,121.63,23.44,74.19,25.20,77.36,1438,1185,1078,252,WH-station1,2026-08-15T01:33:28.393-07:00
water_draw_1,2026-08-15T01:33:29.001-07:00,129.684,drawing,,open,15.0,6.898235,3.257396,49.79,121.63,23.65,74.56,25.20,77.36,1438,1187,1079,252,WH-station1,2026-08-15T01:33:28.897-07:00
water_draw_1,2026-08-15T01:33:29.505-07:00,130.189,drawing,,open,15.0,6.925595,3.252292,49.69,121.44,23.33,74.00,25.40,77.72,1437,1184,1078,254,WH-station1,2026-08-15T01:33:29.402-07:00
water_draw_1,2026-08-15T01:33:30.010-07:00,130.693,drawing,,open,15.0,6.952913,3.247188,49.58,121.25,23.65,74.56,25.40,77.72,1436,1187,1077,254,WH-station1,2026-08-15T01:33:29.907-07:00
water_draw_1,2026-08-15T01:33:30.515-07:00,131.198,drawing,,open,15.0,6.980226,3.247188,49.79,121.63,23.85,74.94,25.20,77.36,1438,1189,1077,252,WH-station1,2026-08-15T01:33:30.411-07:00
water_draw_1,2026-08-15T01:33:31.020-07:00,131.703,drawing,,open,15.0,7.007501,3.242083,49.58,121.25,23.75,74.75,25.40,77.72,1436,1188,1076,254,WH-station1,2026-08-15T01:33:30.916-07:00
water_draw_1,2026-08-15T01:33:31.524-07:00,132.208,drawing,,open,15.0,7.034991,3.267604,50.00,122.00,23.85,74.94,25.40,77.72,1440,1189,1081,254,WH-station1,2026-08-15T01:33:31.421-07:00
water_draw_1,2026-08-15T01:33:32.029-07:00,132.712,drawing,,open,15.0,7.062351,3.252292,49.90,121.81,23.85,74.94,25.30,77.54,1439,1189,1078,253,WH-station1,2026-08-15T01:33:31.925-07:00
water_draw_1,2026-08-15T01:33:32.534-07:00,133.217,drawing,,open,15.0,7.089709,3.252292,49.69,121.44,23.96,75.12,25.40,77.72,1437,1190,1078,254,WH-station1,2026-08-15T01:33:32.430-07:00
water_draw_1,2026-08-15T01:33:33.038-07:00,133.722,drawing,,open,15.0,7.117152,3.262500,49.90,121.81,23.65,74.56,25.20,77.36,1439,1187,1080,252,WH-station1,2026-08-15T01:33:32.935-07:00
water_draw_1,2026-08-15T01:33:33.543-07:00,134.226,drawing,,open,15.0,7.144510,3.252292,49.90,121.81,23.85,74.94,25.20,77.36,1439,1189,1078,252,WH-station1,2026-08-15T01:33:33.440-07:00
water_draw_1,2026-08-15T01:33:34.048-07:00,134.731,drawing,,open,15.0,7.171954,3.262500,49.79,121.63,23.75,74.75,25.30,77.54,1438,1188,1080,253,WH-station1,2026-08-15T01:33:33.944-07:00
water_draw_1,2026-08-15T01:33:34.553-07:00,135.236,drawing,,open,15.0,7.199180,3.236979,49.69,121.44,23.75,74.75,25.40,77.72,1437,1188,1075,254,WH-station1,2026-08-15T01:33:34.449-07:00
water_draw_1,2026-08-15T01:33:35.058-07:00,135.741,drawing,,open,15.0,7.226500,3.247188,50.00,122.00,23.75,74.75,25.30,77.54,1440,1188,1077,253,WH-station1,2026-08-15T01:33:34.954-07:00
water_draw_1,2026-08-15T01:33:35.562-07:00,136.245,drawing,,open,15.0,7.254037,3.272708,49.90,121.81,23.65,74.56,25.30,77.54,1439,1187,1082,253,WH-station1,2026-08-15T01:33:35.458-07:00
water_draw_1,2026-08-15T01:33:36.067-07:00,136.750,drawing,,open,15.0,7.281440,3.257396,49.79,121.63,23.96,75.12,25.30,77.54,1438,1190,1079,253,WH-station1,2026-08-15T01:33:35.963-07:00
water_draw_1,2026-08-15T01:33:36.572-07:00,137.255,drawing,,open,15.0,7.308895,3.262500,50.00,122.00,23.85,74.94,25.40,77.72,1440,1189,1080,254,WH-station1,2026-08-15T01:33:36.468-07:00
water_draw_1,2026-08-15T01:33:37.077-07:00,137.760,drawing,,open,15.0,7.336166,3.242083,49.79,121.63,23.65,74.56,25.30,77.54,1438,1187,1076,253,WH-station1,2026-08-15T01:33:36.973-07:00
water_draw_1,2026-08-15T01:33:37.581-07:00,138.265,drawing,,open,15.0,7.363571,3.257396,49.69,121.44,23.75,74.75,25.20,77.36,1437,1188,1079,252,WH-station1,2026-08-15T01:33:37.478-07:00
water_draw_1,2026-08-15T01:33:38.086-07:00,138.769,drawing,,open,15.0,7.390974,3.257396,49.90,121.81,23.75,74.75,25.30,77.54,1439,1188,1079,253,WH-station1,2026-08-15T01:33:37.982-07:00
water_draw_1,2026-08-15T01:33:38.591-07:00,139.274,drawing,,open,15.0,7.418500,3.272708,49.79,121.63,23.33,74.00,25.30,77.54,1438,1184,1082,253,WH-station1,2026-08-15T01:33:38.487-07:00
water_draw_1,2026-08-15T01:33:39.095-07:00,139.779,drawing,,open,15.0,7.445900,3.257396,49.90,121.81,23.75,74.75,25.30,77.54,1439,1188,1079,253,WH-station1,2026-08-15T01:33:38.991-07:00
water_draw_1,2026-08-15T01:33:39.600-07:00,140.283,drawing,,open,15.0,7.473253,3.252292,49.79,121.63,23.75,74.75,25.20,77.36,1438,1188,1078,252,WH-station1,2026-08-15T01:33:39.496-07:00
water_draw_1,2026-08-15T01:33:40.105-07:00,140.788,drawing,,open,15.0,7.500567,3.247188,49.69,121.44,23.54,74.38,25.30,77.54,1437,1186,1077,253,WH-station1,2026-08-15T01:33:40.001-07:00
water_draw_1,2026-08-15T01:33:40.610-07:00,141.293,drawing,,open,15.0,7.528051,3.267604,49.90,121.81,23.75,74.75,25.30,77.54,1439,1188,1081,253,WH-station1,2026-08-15T01:33:40.505-07:00
water_draw_1,2026-08-15T01:33:41.114-07:00,141.797,drawing,,open,15.0,7.555499,3.262500,49.79,121.63,23.85,74.94,25.30,77.54,1438,1189,1080,253,WH-station1,2026-08-15T01:33:41.010-07:00
water_draw_1,2026-08-15T01:33:41.619-07:00,142.302,drawing,,open,15.0,7.583086,3.277813,50.00,122.00,23.75,74.75,25.40,77.72,1440,1188,1083,254,WH-station1,2026-08-15T01:33:41.515-07:00
water_draw_1,2026-08-15T01:33:42.124-07:00,142.807,drawing,,open,15.0,7.610274,3.231875,49.79,121.63,23.65,74.56,25.40,77.72,1438,1187,1074,254,WH-station1,2026-08-15T01:33:42.020-07:00
water_draw_1,2026-08-15T01:33:42.629-07:00,143.312,drawing,,open,15.0,7.637499,3.236979,49.79,121.63,23.65,74.56,25.30,77.54,1438,1187,1075,253,WH-station1,2026-08-15T01:33:42.524-07:00
water_draw_1,2026-08-15T01:33:43.133-07:00,143.817,drawing,,open,15.0,7.664860,3.252292,49.90,121.81,23.75,74.75,25.40,77.72,1439,1188,1078,254,WH-station1,2026-08-15T01:33:43.029-07:00
water_draw_1,2026-08-15T01:33:43.638-07:00,144.321,drawing,,open,15.0,7.692260,3.257396,50.00,122.00,23.44,74.19,25.40,77.72,1440,1185,1079,254,WH-station1,2026-08-15T01:33:43.534-07:00
water_draw_1,2026-08-15T01:33:44.143-07:00,144.826,drawing,,open,15.0,7.719447,3.231875,49.90,121.81,23.65,74.56,25.40,77.72,1439,1187,1074,254,WH-station1,2026-08-15T01:33:44.038-07:00
water_draw_1,2026-08-15T01:33:44.648-07:00,145.331,drawing,,open,15.0,7.746718,3.242083,50.00,122.00,23.65,74.56,25.20,77.36,1440,1187,1076,252,WH-station1,2026-08-15T01:33:44.543-07:00
water_draw_1,2026-08-15T01:33:45.152-07:00,145.835,drawing,,open,15.0,7.774119,3.257396,49.79,121.63,23.85,74.94,25.40,77.72,1438,1189,1079,254,WH-station1,2026-08-15T01:33:45.048-07:00
water_draw_1,2026-08-15T01:33:45.657-07:00,146.340,drawing,,open,15.0,7.801389,3.242083,49.79,121.63,23.85,74.94,25.30,77.54,1438,1189,1076,253,WH-station1,2026-08-15T01:33:45.553-07:00
water_draw_1,2026-08-15T01:33:46.162-07:00,146.845,drawing,,open,15.0,7.828623,3.236979,50.10,122.19,23.85,74.94,25.30,77.54,1441,1189,1075,253,WH-station1,2026-08-15T01:33:46.057-07:00
water_draw_1,2026-08-15T01:33:46.667-07:00,147.350,drawing,,open,15.0,7.855995,3.252292,50.21,122.38,23.65,74.56,25.20,77.36,1442,1187,1078,252,WH-station1,2026-08-15T01:33:46.562-07:00
water_draw_1,2026-08-15T01:33:47.171-07:00,147.855,drawing,,open,15.0,7.883354,3.252292,49.79,121.63,23.54,74.38,25.30,77.54,1438,1186,1078,253,WH-station1,2026-08-15T01:33:47.067-07:00
water_draw_1,2026-08-15T01:33:47.676-07:00,148.359,drawing,,open,15.0,7.910579,3.236979,49.79,121.63,23.54,74.38,25.30,77.54,1438,1186,1075,253,WH-station1,2026-08-15T01:33:47.571-07:00
water_draw_1,2026-08-15T01:33:48.181-07:00,148.864,drawing,,open,15.0,7.937981,3.257396,50.10,122.19,23.23,73.81,25.30,77.54,1441,1183,1079,253,WH-station1,2026-08-15T01:33:48.076-07:00
water_draw_1,2026-08-15T01:33:48.686-07:00,149.369,drawing,,open,15.0,7.965384,3.257396,50.00,122.00,23.54,74.38,25.30,77.54,1440,1186,1079,253,WH-station1,2026-08-15T01:33:48.581-07:00
water_draw_1,2026-08-15T01:33:49.190-07:00,149.873,drawing,,open,15.0,7.992614,3.236979,50.00,122.00,23.54,74.38,25.30,77.54,1440,1186,1075,253,WH-station1,2026-08-15T01:33:49.086-07:00
water_draw_1,2026-08-15T01:33:49.695-07:00,150.378,drawing,,open,15.0,8.019925,3.247188,49.90,121.81,23.65,74.56,25.40,77.72,1439,1187,1077,254,WH-station1,2026-08-15T01:33:49.590-07:00
water_draw_1,2026-08-15T01:33:50.200-07:00,150.883,drawing,,open,15.0,8.047498,3.277813,50.00,122.00,23.44,74.19,25.30,77.54,1440,1185,1083,253,WH-station1,2026-08-15T01:33:50.095-07:00
water_draw_1,2026-08-15T01:33:50.704-07:00,151.388,drawing,,open,15.0,8.074686,3.231875,49.90,121.81,23.33,74.00,25.50,77.90,1439,1184,1074,255,WH-station1,2026-08-15T01:33:50.600-07:00
water_draw_1,2026-08-15T01:33:51.209-07:00,151.892,drawing,,open,15.0,8.101919,3.236979,49.79,121.63,23.33,74.00,25.30,77.54,1438,1184,1075,253,WH-station1,2026-08-15T01:33:51.104-07:00
water_draw_1,2026-08-15T01:33:51.714-07:00,152.397,drawing,,open,15.0,8.129366,3.262500,49.90,121.81,23.75,74.75,25.20,77.36,1439,1188,1080,252,WH-station1,2026-08-15T01:33:51.609-07:00
water_draw_1,2026-08-15T01:33:52.219-07:00,152.902,drawing,,open,15.0,8.156737,3.252292,50.00,122.00,23.85,74.94,25.30,77.54,1440,1189,1078,253,WH-station1,2026-08-15T01:33:52.114-07:00
water_draw_1,2026-08-15T01:33:52.724-07:00,153.407,drawing,,open,15.0,8.184180,3.262500,49.90,121.81,23.65,74.56,25.40,77.72,1439,1187,1080,254,WH-station1,2026-08-15T01:33:52.619-07:00
water_draw_1,2026-08-15T01:33:53.228-07:00,153.912,drawing,,open,15.0,8.211537,3.252292,50.10,122.19,23.54,74.38,25.30,77.54,1441,1186,1078,253,WH-station1,2026-08-15T01:33:53.123-07:00
water_draw_1,2026-08-15T01:33:53.733-07:00,154.416,drawing,,open,15.0,8.239063,3.272708,50.00,122.00,23.65,74.56,25.30,77.54,1440,1187,1082,253,WH-station1,2026-08-15T01:33:53.628-07:00
water_draw_1,2026-08-15T01:33:54.238-07:00,154.921,drawing,,open,15.0,8.266383,3.247188,49.90,121.81,23.65,74.56,25.30,77.54,1439,1187,1077,253,WH-station1,2026-08-15T01:33:54.133-07:00
water_draw_1,2026-08-15T01:33:54.742-07:00,155.426,drawing,,open,15.0,8.293740,3.252292,49.90,121.81,23.65,74.56,25.40,77.72,1439,1187,1078,254,WH-station1,2026-08-15T01:33:54.638-07:00
water_draw_1,2026-08-15T01:33:55.247-07:00,155.930,drawing,,open,15.0,8.321141,3.257396,49.79,121.63,23.54,74.38,25.30,77.54,1438,1186,1079,253,WH-station1,2026-08-15T01:33:55.142-07:00
water_draw_1,2026-08-15T01:33:55.752-07:00,156.435,drawing,,open,15.0,8.348545,3.257396,50.31,122.56,23.65,74.56,25.40,77.72,1443,1187,1079,254,WH-station1,2026-08-15T01:33:55.647-07:00
water_draw_1,2026-08-15T01:33:56.257-07:00,156.940,drawing,,open,15.0,8.375906,3.252292,49.90,121.81,23.44,74.19,25.20,77.36,1439,1185,1078,252,WH-station1,2026-08-15T01:33:56.152-07:00
water_draw_1,2026-08-15T01:33:56.762-07:00,157.445,drawing,,open,15.0,8.403309,3.257396,49.79,121.63,23.85,74.94,25.40,77.72,1438,1189,1079,254,WH-station1,2026-08-15T01:33:56.656-07:00
water_draw_1,2026-08-15T01:33:57.266-07:00,157.949,drawing,,open,15.0,8.430756,3.262500,49.90,121.81,23.54,74.38,25.40,77.72,1439,1186,1080,254,WH-station1,2026-08-15T01:33:57.161-07:00
water_draw_1,2026-08-15T01:33:57.771-07:00,158.454,drawing,,open,15.0,8.458155,3.257396,49.90,121.81,23.44,74.19,25.40,77.72,1439,1185,1079,254,WH-station1,2026-08-15T01:33:57.666-07:00
water_draw_1,2026-08-15T01:33:58.276-07:00,158.959,drawing,,open,15.0,8.485730,3.277813,49.90,121.81,23.65,74.56,25.30,77.54,1439,1187,1083,253,WH-station1,2026-08-15T01:33:58.171-07:00
water_draw_1,2026-08-15T01:33:58.780-07:00,159.464,drawing,,open,15.0,8.513174,3.262500,49.79,121.63,23.33,74.00,25.30,77.54,1438,1184,1080,253,WH-station1,2026-08-15T01:33:58.675-07:00
water_draw_1,2026-08-15T01:33:59.285-07:00,159.968,drawing,,open,15.0,8.540751,3.277813,49.79,121.63,23.75,74.75,25.30,77.54,1438,1188,1083,253,WH-station1,2026-08-15T01:33:59.180-07:00
water_draw_1,2026-08-15T01:33:59.790-07:00,160.473,drawing,,open,15.0,8.568237,3.267604,49.90,121.81,23.33,74.00,25.30,77.54,1439,1184,1081,253,WH-station1,2026-08-15T01:33:59.685-07:00
water_draw_1,2026-08-15T01:34:00.316-07:00,160.978,drawing,,open,15.0,8.595811,3.277813,50.00,122.00,23.65,74.56,25.40,77.72,1440,1187,1083,254,WH-station1,2026-08-15T01:34:00.189-07:00
water_draw_1,2026-08-15T01:34:00.821-07:00,161.504,drawing,,open,15.0,8.624594,3.282917,49.90,121.81,23.33,74.00,25.40,77.72,1439,1184,1084,254,WH-station1,2026-08-15T01:34:00.694-07:00
water_draw_1,2026-08-15T01:34:01.326-07:00,162.009,drawing,,open,15.0,8.652089,3.267604,50.00,122.00,23.44,74.19,25.40,77.72,1440,1185,1081,254,WH-station1,2026-08-15T01:34:01.198-07:00
water_draw_1,2026-08-15T01:34:01.830-07:00,162.514,drawing,,open,15.0,8.679452,3.252292,50.00,122.00,23.65,74.56,25.30,77.54,1440,1187,1078,253,WH-station1,2026-08-15T01:34:01.703-07:00
water_draw_1,2026-08-15T01:34:02.335-07:00,163.018,drawing,,open,15.0,8.706940,3.267604,50.00,122.00,23.23,73.81,25.30,77.54,1440,1183,1081,253,WH-station1,2026-08-15T01:34:02.208-07:00
water_draw_1,2026-08-15T01:34:02.837-07:00,163.523,drawing,,open,15.0,8.734474,3.272708,49.90,121.81,23.44,74.19,25.40,77.72,1439,1185,1082,254,WH-station1,2026-08-15T01:34:02.713-07:00
water_draw_1,2026-08-15T01:34:03.339-07:00,164.025,drawing,,open,15.0,8.761900,3.277813,50.00,122.00,23.54,74.38,25.30,77.54,1440,1186,1083,253,WH-station1,2026-08-15T01:34:03.218-07:00
water_draw_1,2026-08-15T01:34:03.841-07:00,164.527,drawing,,open,15.0,8.789237,3.267604,50.00,122.00,23.44,74.19,25.40,77.72,1440,1185,1081,254,WH-station1,2026-08-15T01:34:03.722-07:00
water_draw_1,2026-08-15T01:34:04.343-07:00,165.029,drawing,,open,15.0,8.816447,3.252292,50.10,122.19,23.33,74.00,25.40,77.72,1441,1184,1078,254,WH-station1,2026-08-15T01:34:04.227-07:00
water_draw_1,2026-08-15T01:34:04.845-07:00,165.531,drawing,,open,15.0,8.843615,3.247188,49.90,121.81,23.65,74.56,25.40,77.72,1439,1187,1077,254,WH-station1,2026-08-15T01:34:04.731-07:00
water_draw_1,2026-08-15T01:34:05.347-07:00,166.033,drawing,,open,15.0,8.870911,3.262500,49.69,121.44,23.54,74.38,25.40,77.72,1437,1186,1080,254,WH-station1,2026-08-15T01:34:05.236-07:00
water_draw_1,2026-08-15T01:34:05.849-07:00,166.535,drawing,,open,15.0,8.898251,3.267604,50.00,122.00,23.54,74.38,25.40,77.72,1440,1186,1081,254,WH-station1,2026-08-15T01:34:05.741-07:00
water_draw_1,2026-08-15T01:34:06.351-07:00,167.037,drawing,,open,15.0,8.925377,3.242083,49.90,121.81,23.12,73.62,25.40,77.72,1439,1182,1076,254,WH-station1,2026-08-15T01:34:06.245-07:00
water_draw_1,2026-08-15T01:34:06.854-07:00,167.539,drawing,,open,15.0,8.952588,3.252292,50.00,122.00,23.44,74.19,25.30,77.54,1440,1185,1078,253,WH-station1,2026-08-15T01:34:06.750-07:00
water_draw_1,2026-08-15T01:34:07.355-07:00,168.041,drawing,,open,15.0,8.979758,3.247188,49.90,121.81,23.33,74.00,25.40,77.72,1439,1184,1077,254,WH-station1,2026-08-15T01:34:07.255-07:00
water_draw_1,2026-08-15T01:34:07.860-07:00,168.543,drawing,,open,15.0,9.006969,3.252292,50.00,122.00,23.23,73.81,25.40,77.72,1440,1183,1078,254,WH-station1,2026-08-15T01:34:07.760-07:00
water_draw_1,2026-08-15T01:34:08.365-07:00,169.048,drawing,,open,15.0,9.034285,3.247188,50.00,122.00,23.33,74.00,25.40,77.72,1440,1184,1077,254,WH-station1,2026-08-15T01:34:08.264-07:00
water_draw_1,2026-08-15T01:34:08.869-07:00,169.553,drawing,,open,15.0,9.061557,3.242083,50.00,122.00,23.54,74.38,25.40,77.72,1440,1186,1076,254,WH-station1,2026-08-15T01:34:08.769-07:00
water_draw_1,2026-08-15T01:34:09.374-07:00,170.057,drawing,,open,15.0,9.089007,3.262500,50.00,122.00,23.54,74.38,25.30,77.54,1440,1186,1080,253,WH-station1,2026-08-15T01:34:09.274-07:00
water_draw_1,2026-08-15T01:34:09.879-07:00,170.562,drawing,,open,15.0,9.116364,3.252292,49.90,121.81,23.44,74.19,25.30,77.54,1439,1185,1078,253,WH-station1,2026-08-15T01:34:09.778-07:00
water_draw_1,2026-08-15T01:34:10.384-07:00,171.067,drawing,,open,15.0,9.143721,3.252292,50.00,122.00,23.33,74.00,25.20,77.36,1440,1184,1078,252,WH-station1,2026-08-15T01:34:10.283-07:00
water_draw_1,2026-08-15T01:34:10.888-07:00,171.571,drawing,,open,15.0,9.171119,3.257396,50.00,122.00,23.23,73.81,25.30,77.54,1440,1183,1079,253,WH-station1,2026-08-15T01:34:10.788-07:00
water_draw_1,2026-08-15T01:34:11.393-07:00,172.076,drawing,,open,15.0,9.198649,3.272708,50.10,122.19,23.54,74.38,25.30,77.54,1441,1186,1082,253,WH-station1,2026-08-15T01:34:11.293-07:00
water_draw_1,2026-08-15T01:34:11.898-07:00,172.581,drawing,,open,15.0,9.225966,3.247188,49.90,121.81,23.54,74.38,25.40,77.72,1439,1186,1077,254,WH-station1,2026-08-15T01:34:11.797-07:00
water_draw_1,2026-08-15T01:34:12.402-07:00,173.086,drawing,,open,15.0,9.253370,3.257396,50.00,122.00,23.65,74.56,25.30,77.54,1440,1187,1079,253,WH-station1,2026-08-15T01:34:12.302-07:00
water_draw_1,2026-08-15T01:34:12.907-07:00,173.590,drawing,,open,15.0,9.280940,3.277813,49.90,121.81,23.23,73.81,25.30,77.54,1439,1183,1083,253,WH-station1,2026-08-15T01:34:12.807-07:00
water_draw_1,2026-08-15T01:34:13.412-07:00,174.095,drawing,,open,15.0,9.308171,3.236979,50.00,122.00,23.33,74.00,25.40,77.72,1440,1184,1075,254,WH-station1,2026-08-15T01:34:13.311-07:00
water_draw_1,2026-08-15T01:34:13.917-07:00,174.600,drawing,,open,15.0,9.335702,3.272708,50.10,122.19,23.44,74.19,25.30,77.54,1441,1185,1082,253,WH-station1,2026-08-15T01:34:13.816-07:00
water_draw_1,2026-08-15T01:34:14.421-07:00,175.105,drawing,,open,15.0,9.362935,3.236979,50.10,122.19,23.12,73.62,25.20,77.36,1441,1182,1075,252,WH-station1,2026-08-15T01:34:14.321-07:00
water_draw_1,2026-08-15T01:34:14.926-07:00,175.609,drawing,,open,15.0,9.390469,3.272708,50.00,122.00,23.23,73.81,25.40,77.72,1440,1183,1082,254,WH-station1,2026-08-15T01:34:14.826-07:00
water_draw_1,2026-08-15T01:34:15.431-07:00,176.114,drawing,,open,15.0,9.417956,3.267604,49.90,121.81,23.33,74.00,25.30,77.54,1439,1184,1081,253,WH-station1,2026-08-15T01:34:15.330-07:00
water_draw_1,2026-08-15T01:34:15.936-07:00,176.619,drawing,,open,15.0,9.445398,3.262500,50.21,122.38,23.23,73.81,25.30,77.54,1442,1183,1080,253,WH-station1,2026-08-15T01:34:15.835-07:00
water_draw_1,2026-08-15T01:34:16.440-07:00,177.124,drawing,,open,15.0,9.472887,3.267604,50.00,122.00,23.44,74.19,25.30,77.54,1440,1185,1081,253,WH-station1,2026-08-15T01:34:16.340-07:00
water_draw_1,2026-08-15T01:34:16.945-07:00,177.628,drawing,,open,15.0,9.500286,3.257396,50.00,122.00,23.44,74.19,25.40,77.72,1440,1185,1079,254,WH-station1,2026-08-15T01:34:16.844-07:00
water_draw_1,2026-08-15T01:34:17.450-07:00,178.133,drawing,,open,15.0,9.527735,3.262500,49.79,121.63,23.44,74.19,25.20,77.36,1438,1185,1080,252,WH-station1,2026-08-15T01:34:17.349-07:00
water_draw_1,2026-08-15T01:34:17.955-07:00,178.638,drawing,,open,15.0,9.555309,3.277813,49.79,121.63,23.33,74.00,25.30,77.54,1438,1184,1083,253,WH-station1,2026-08-15T01:34:17.854-07:00
water_draw_1,2026-08-15T01:34:18.459-07:00,179.143,drawing,,open,15.0,9.582667,3.252292,50.10,122.19,23.23,73.81,25.20,77.36,1441,1183,1078,252,WH-station1,2026-08-15T01:34:18.358-07:00
water_draw_1,2026-08-15T01:34:18.964-07:00,179.647,drawing,,open,15.0,9.610024,3.252292,50.00,122.00,23.12,73.62,25.40,77.72,1440,1182,1078,254,WH-station1,2026-08-15T01:34:18.863-07:00
water_draw_1,2026-08-15T01:34:19.469-07:00,180.152,drawing,,open,15.0,9.637398,3.252292,49.90,121.81,23.12,73.62,25.40,77.72,1439,1182,1078,254,WH-station1,2026-08-15T01:34:19.368-07:00
water_draw_1,2026-08-15T01:34:19.974-07:00,180.657,drawing,,open,15.0,9.664721,3.247188,50.10,122.19,23.54,74.38,25.40,77.72,1441,1186,1077,254,WH-station1,2026-08-15T01:34:19.873-07:00
water_draw_1,2026-08-15T01:34:20.479-07:00,181.162,drawing,,open,15.0,9.692126,3.257396,50.00,122.00,22.92,73.25,25.40,77.72,1440,1180,1079,254,WH-station1,2026-08-15T01:34:20.377-07:00
water_draw_1,2026-08-15T01:34:20.983-07:00,181.667,drawing,,open,15.0,9.719569,3.262500,50.00,122.00,23.33,74.00,25.40,77.72,1440,1184,1080,254,WH-station1,2026-08-15T01:34:20.882-07:00
water_draw_1,2026-08-15T01:34:21.489-07:00,182.171,drawing,,open,15.0,9.747143,3.277813,50.00,122.00,23.02,73.44,25.40,77.72,1440,1181,1083,254,WH-station1,2026-08-15T01:34:21.387-07:00
water_draw_1,2026-08-15T01:34:21.994-07:00,182.677,drawing,,open,15.0,9.774704,3.267604,50.00,122.00,23.23,73.81,25.40,77.72,1440,1183,1081,254,WH-station1,2026-08-15T01:34:21.891-07:00
water_draw_1,2026-08-15T01:34:22.500-07:00,183.182,drawing,,open,15.0,9.802363,3.288021,50.21,122.38,23.23,73.81,25.30,77.54,1442,1183,1085,253,WH-station1,2026-08-15T01:34:22.396-07:00
water_draw_1,2026-08-15T01:34:23.005-07:00,183.688,drawing,,open,15.0,9.829742,3.247188,50.21,122.38,23.44,74.19,25.30,77.54,1442,1185,1077,253,WH-station1,2026-08-15T01:34:22.901-07:00
water_draw_1,2026-08-15T01:34:23.511-07:00,184.193,drawing,,open,15.0,9.857144,3.257396,50.00,122.00,23.54,74.38,25.30,77.54,1440,1186,1079,253,WH-station1,2026-08-15T01:34:23.406-07:00
water_draw_1,2026-08-15T01:34:24.016-07:00,184.699,drawing,,open,15.0,9.884529,3.247188,50.10,122.19,23.44,74.19,25.30,77.54,1441,1185,1077,253,WH-station1,2026-08-15T01:34:23.910-07:00
water_draw_1,2026-08-15T01:34:24.520-07:00,185.203,drawing,,open,15.0,9.912015,3.267604,50.21,122.38,23.12,73.62,25.30,77.54,1442,1182,1081,253,WH-station1,2026-08-15T01:34:24.415-07:00
water_draw_1,2026-08-15T01:34:25.025-07:00,185.708,drawing,,open,15.0,9.939507,3.267604,50.21,122.38,23.44,74.19,25.20,77.36,1442,1185,1081,252,WH-station1,2026-08-15T01:34:24.920-07:00
water_draw_1,2026-08-15T01:34:25.530-07:00,186.213,drawing,,open,15.0,9.966870,3.252292,50.10,122.19,23.44,74.19,25.40,77.72,1441,1185,1078,254,WH-station1,2026-08-15T01:34:25.424-07:00
water_draw_1,2026-08-15T01:34:26.035-07:00,186.718,drawing,,open,15.0,9.994285,3.257396,50.21,122.38,23.33,74.00,25.40,77.72,1442,1184,1079,254,WH-station1,2026-08-15T01:34:25.929-07:00
water_draw_1,2026-08-15T01:34:26.540-07:00,187.223,drawing,,open,15.0,10.021646,3.252292,50.10,122.19,23.23,73.81,25.40,77.72,1441,1183,1078,254,WH-station1,2026-08-15T01:34:26.434-07:00
water_draw_1,2026-08-15T01:34:27.044-07:00,187.728,drawing,,open,15.0,10.049177,3.272708,50.00,122.00,23.23,73.81,25.30,77.54,1440,1183,1082,253,WH-station1,2026-08-15T01:34:26.938-07:00
water_draw_1,2026-08-15T01:34:27.549-07:00,188.232,drawing,,open,15.0,10.076575,3.257396,49.90,121.81,23.12,73.62,25.40,77.72,1439,1182,1079,254,WH-station1,2026-08-15T01:34:27.443-07:00
water_draw_1,2026-08-15T01:34:28.054-07:00,188.737,drawing,,open,15.0,10.104206,3.282917,49.79,121.63,23.33,74.00,25.30,77.54,1438,1184,1084,253,WH-station1,2026-08-15T01:34:27.948-07:00
water_draw_1,2026-08-15T01:34:28.559-07:00,189.242,drawing,,open,15.0,10.131825,3.282917,50.00,122.00,23.12,73.62,25.40,77.72,1440,1182,1084,254,WH-station1,2026-08-15T01:34:28.452-07:00
water_draw_1,2026-08-15T01:34:29.063-07:00,189.747,drawing,,open,15.0,10.159226,3.257396,49.90,121.81,23.23,73.81,25.30,77.54,1439,1183,1079,253,WH-station1,2026-08-15T01:34:28.957-07:00
water_draw_1,2026-08-15T01:34:29.568-07:00,190.251,drawing,,open,15.0,10.186625,3.257396,50.10,122.19,23.23,73.81,25.30,77.54,1441,1183,1079,253,WH-station1,2026-08-15T01:34:29.462-07:00
water_draw_1,2026-08-15T01:34:30.073-07:00,190.756,drawing,,open,15.0,10.214069,3.262500,50.00,122.00,23.12,73.62,25.30,77.54,1440,1182,1080,253,WH-station1,2026-08-15T01:34:29.966-07:00
water_draw_1,2026-08-15T01:34:30.578-07:00,191.261,drawing,,open,15.0,10.241685,3.282917,50.21,122.38,23.23,73.81,25.40,77.72,1442,1183,1084,254,WH-station1,2026-08-15T01:34:30.471-07:00
water_draw_1,2026-08-15T01:34:31.082-07:00,191.766,drawing,,open,15.0,10.269176,3.267604,50.00,122.00,23.12,73.62,25.30,77.54,1440,1182,1081,253,WH-station1,2026-08-15T01:34:30.976-07:00
water_draw_1,2026-08-15T01:34:31.587-07:00,192.270,drawing,,open,15.0,10.296751,3.277813,50.10,122.19,23.02,73.44,25.30,77.54,1441,1181,1083,253,WH-station1,2026-08-15T01:34:31.480-07:00
water_draw_1,2026-08-15T01:34:32.092-07:00,192.775,drawing,,open,15.0,10.324238,3.267604,50.10,122.19,23.02,73.44,25.40,77.72,1441,1181,1081,254,WH-station1,2026-08-15T01:34:31.985-07:00
water_draw_1,2026-08-15T01:34:32.596-07:00,193.280,drawing,,open,15.0,10.351763,3.272708,50.00,122.00,23.23,73.81,25.40,77.72,1440,1183,1082,254,WH-station1,2026-08-15T01:34:32.490-07:00
water_draw_1,2026-08-15T01:34:33.101-07:00,193.784,drawing,,open,15.0,10.379335,3.277813,50.31,122.56,23.33,74.00,25.30,77.54,1443,1184,1083,253,WH-station1,2026-08-15T01:34:32.994-07:00
water_draw_1,2026-08-15T01:34:33.606-07:00,194.289,drawing,,open,15.0,10.406781,3.262500,50.21,122.38,23.33,74.00,25.50,77.90,1442,1184,1080,255,WH-station1,2026-08-15T01:34:33.499-07:00
water_draw_1,2026-08-15T01:34:34.111-07:00,194.794,drawing,,open,15.0,10.434310,3.272708,50.00,122.00,23.12,73.62,25.40,77.72,1440,1182,1082,254,WH-station1,2026-08-15T01:34:34.004-07:00
water_draw_1,2026-08-15T01:34:34.616-07:00,195.299,drawing,,open,15.0,10.461750,3.262500,50.10,122.19,22.92,73.25,25.40,77.72,1441,1180,1080,254,WH-station1,2026-08-15T01:34:34.509-07:00
water_draw_1,2026-08-15T01:34:35.121-07:00,195.804,drawing,,open,15.0,10.489074,3.242083,50.10,122.19,23.33,74.00,25.20,77.36,1441,1184,1076,252,WH-station1,2026-08-15T01:34:35.013-07:00
water_draw_1,2026-08-15T01:34:35.626-07:00,196.309,drawing,,open,15.0,10.516655,3.277813,50.10,122.19,22.92,73.25,25.20,77.36,1441,1180,1083,252,WH-station1,2026-08-15T01:34:35.518-07:00
water_draw_1,2026-08-15T01:34:36.131-07:00,196.814,drawing,,open,15.0,10.544100,3.262500,50.10,122.19,23.12,73.62,25.30,77.54,1441,1182,1080,253,WH-station1,2026-08-15T01:34:36.023-07:00
water_draw_1,2026-08-15T01:34:36.635-07:00,197.319,drawing,,open,15.0,10.571677,3.277813,50.00,122.00,23.23,73.81,25.30,77.54,1440,1183,1083,253,WH-station1,2026-08-15T01:34:36.527-07:00
water_draw_1,2026-08-15T01:34:37.140-07:00,197.823,drawing,,open,15.0,10.599164,3.267604,50.00,122.00,23.23,73.81,25.30,77.54,1440,1183,1081,253,WH-station1,2026-08-15T01:34:37.032-07:00
water_draw_1,2026-08-15T01:34:37.645-07:00,198.328,drawing,,open,15.0,10.626650,3.267604,50.42,122.75,23.23,73.81,25.30,77.54,1444,1183,1081,253,WH-station1,2026-08-15T01:34:37.537-07:00
water_draw_1,2026-08-15T01:34:38.150-07:00,198.833,drawing,,open,15.0,10.654054,3.257396,50.10,122.19,23.02,73.44,25.30,77.54,1441,1181,1079,253,WH-station1,2026-08-15T01:34:38.042-07:00
water_draw_1,2026-08-15T01:34:38.654-07:00,199.338,drawing,,open,15.0,10.681541,3.267604,50.21,122.38,23.12,73.62,25.30,77.54,1442,1182,1081,253,WH-station1,2026-08-15T01:34:38.546-07:00
water_draw_1,2026-08-15T01:34:39.159-07:00,199.842,drawing,,open,15.0,10.709070,3.272708,50.10,122.19,23.02,73.44,25.30,77.54,1441,1181,1082,253,WH-station1,2026-08-15T01:34:39.050-07:00
water_draw_1,2026-08-15T01:34:39.664-07:00,200.347,drawing,,open,15.0,10.736431,3.252292,50.10,122.19,22.92,73.25,25.40,77.72,1441,1180,1078,254,WH-station1,2026-08-15T01:34:39.554-07:00
water_draw_1,2026-08-15T01:34:40.168-07:00,200.852,drawing,,open,15.0,10.763793,3.252292,49.90,121.81,23.12,73.62,25.40,77.72,1439,1182,1078,254,WH-station1,2026-08-15T01:34:40.059-07:00
water_draw_1,2026-08-15T01:34:40.673-07:00,201.356,drawing,,open,15.0,10.791062,3.242083,50.00,122.00,23.33,74.00,25.30,77.54,1440,1184,1076,253,WH-station1,2026-08-15T01:34:40.564-07:00
water_draw_1,2026-08-15T01:34:41.178-07:00,201.861,drawing,,open,15.0,10.818338,3.242083,50.21,122.38,23.02,73.44,25.40,77.72,1442,1181,1076,254,WH-station1,2026-08-15T01:34:41.069-07:00
water_draw_1,2026-08-15T01:34:41.683-07:00,202.366,drawing,,open,15.0,10.845867,3.272708,50.10,122.19,23.33,74.00,25.30,77.54,1441,1184,1082,253,WH-station1,2026-08-15T01:34:41.573-07:00
water_draw_1,2026-08-15T01:34:42.187-07:00,202.871,drawing,,open,15.0,10.873270,3.257396,50.10,122.19,23.02,73.44,25.40,77.72,1441,1181,1079,254,WH-station1,2026-08-15T01:34:42.078-07:00
water_draw_1,2026-08-15T01:34:42.692-07:00,203.375,drawing,,open,15.0,10.900712,3.262500,50.21,122.38,23.23,73.81,25.40,77.72,1442,1183,1080,254,WH-station1,2026-08-15T01:34:42.583-07:00
water_draw_1,2026-08-15T01:34:43.197-07:00,203.880,drawing,,open,15.0,10.928201,3.267604,50.10,122.19,23.12,73.62,25.30,77.54,1441,1182,1081,253,WH-station1,2026-08-15T01:34:43.087-07:00
water_draw_1,2026-08-15T01:34:43.702-07:00,204.385,drawing,,open,15.0,10.955604,3.257396,50.10,122.19,23.12,73.62,25.40,77.72,1441,1182,1079,254,WH-station1,2026-08-15T01:34:43.592-07:00
water_draw_1,2026-08-15T01:34:44.206-07:00,204.890,drawing,,open,15.0,10.982880,3.242083,50.00,122.00,23.33,74.00,25.30,77.54,1440,1184,1076,253,WH-station1,2026-08-15T01:34:44.097-07:00
water_draw_1,2026-08-15T01:34:44.711-07:00,205.394,drawing,,open,15.0,11.010364,3.267604,50.10,122.19,23.12,73.62,25.40,77.72,1441,1182,1081,254,WH-station1,2026-08-15T01:34:44.601-07:00
water_draw_1,2026-08-15T01:34:45.216-07:00,205.899,drawing,,open,15.0,11.037808,3.262500,50.21,122.38,23.33,74.00,25.30,77.54,1442,1184,1080,253,WH-station1,2026-08-15T01:34:45.106-07:00
water_draw_1,2026-08-15T01:34:45.720-07:00,206.404,drawing,,open,15.0,11.065164,3.252292,50.21,122.38,23.23,73.81,25.30,77.54,1442,1183,1078,253,WH-station1,2026-08-15T01:34:45.611-07:00
water_draw_1,2026-08-15T01:34:46.225-07:00,206.908,drawing,,open,15.0,11.092567,3.257396,50.21,122.38,23.12,73.62,25.40,77.72,1442,1182,1079,254,WH-station1,2026-08-15T01:34:46.115-07:00
water_draw_1,2026-08-15T01:34:46.730-07:00,207.413,drawing,,open,15.0,11.120017,3.262500,50.10,122.19,23.23,73.81,25.40,77.72,1441,1183,1080,254,WH-station1,2026-08-15T01:34:46.620-07:00
water_draw_1,2026-08-15T01:34:47.235-07:00,207.918,drawing,,open,15.0,11.147588,3.277813,49.90,121.81,23.12,73.62,25.30,77.54,1439,1182,1083,253,WH-station1,2026-08-15T01:34:47.125-07:00
water_draw_1,2026-08-15T01:34:47.739-07:00,208.423,drawing,,open,15.0,11.175115,3.272708,50.21,122.38,23.23,73.81,25.30,77.54,1442,1183,1082,253,WH-station1,2026-08-15T01:34:47.630-07:00
water_draw_1,2026-08-15T01:34:48.244-07:00,208.927,drawing,,open,15.0,11.202473,3.252292,50.10,122.19,23.12,73.62,25.30,77.54,1441,1182,1078,253,WH-station1,2026-08-15T01:34:48.134-07:00
water_draw_1,2026-08-15T01:34:48.749-07:00,209.432,drawing,,open,15.0,11.229914,3.262500,50.10,122.19,23.33,74.00,25.30,77.54,1441,1184,1080,253,WH-station1,2026-08-15T01:34:48.639-07:00
water_draw_1,2026-08-15T01:34:49.253-07:00,209.937,drawing,,open,15.0,11.257358,3.262500,50.10,122.19,23.23,73.81,25.30,77.54,1441,1183,1080,253,WH-station1,2026-08-15T01:34:49.144-07:00
water_draw_1,2026-08-15T01:34:49.758-07:00,210.441,drawing,,open,15.0,11.284761,3.257396,50.10,122.19,22.92,73.25,25.30,77.54,1441,1180,1079,253,WH-station1,2026-08-15T01:34:49.648-07:00
water_draw_1,2026-08-15T01:34:50.263-07:00,210.946,drawing,,open,15.0,11.312206,3.262500,50.10,122.19,23.23,73.81,25.40,77.72,1441,1183,1080,254,WH-station1,2026-08-15T01:34:50.153-07:00
water_draw_1,2026-08-15T01:34:50.768-07:00,211.451,drawing,,open,15.0,11.339612,3.257396,50.10,122.19,23.33,74.00,25.30,77.54,1441,1184,1079,253,WH-station1,2026-08-15T01:34:50.658-07:00
water_draw_1,2026-08-15T01:34:51.272-07:00,211.956,drawing,,open,15.0,11.366928,3.247188,50.00,122.00,22.92,73.25,25.30,77.54,1440,1180,1077,253,WH-station1,2026-08-15T01:34:51.162-07:00
water_draw_1,2026-08-15T01:34:51.777-07:00,212.460,drawing,,open,15.0,11.394412,3.267604,50.10,122.19,22.92,73.25,25.20,77.36,1441,1180,1081,252,WH-station1,2026-08-15T01:34:51.667-07:00
water_draw_1,2026-08-15T01:34:52.282-07:00,212.965,drawing,,open,15.0,11.421772,3.252292,50.10,122.19,23.33,74.00,25.30,77.54,1441,1184,1078,253,WH-station1,2026-08-15T01:34:52.172-07:00
water_draw_1,2026-08-15T01:34:52.787-07:00,213.470,drawing,,open,15.0,11.449086,3.247188,50.10,122.19,23.33,74.00,25.40,77.72,1441,1184,1077,254,WH-station1,2026-08-15T01:34:52.677-07:00
water_draw_1,2026-08-15T01:34:53.292-07:00,213.975,drawing,,open,15.0,11.476318,3.236979,50.10,122.19,23.12,73.62,25.30,77.54,1441,1182,1075,253,WH-station1,2026-08-15T01:34:53.181-07:00
water_draw_1,2026-08-15T01:34:53.796-07:00,214.480,drawing,,open,15.0,11.503687,3.252292,50.31,122.56,23.12,73.62,25.30,77.54,1443,1182,1078,253,WH-station1,2026-08-15T01:34:53.686-07:00
water_draw_1,2026-08-15T01:34:54.301-07:00,214.984,drawing,,open,15.0,11.531141,3.262500,50.21,122.38,23.02,73.44,25.40,77.72,1442,1181,1080,254,WH-station1,2026-08-15T01:34:54.191-07:00
water_draw_1,2026-08-15T01:34:54.806-07:00,215.489,drawing,,open,15.0,11.558411,3.242083,50.00,122.00,22.92,73.25,25.40,77.72,1440,1180,1076,254,WH-station1,2026-08-15T01:34:54.695-07:00
water_draw_1,2026-08-15T01:34:55.311-07:00,215.994,drawing,,open,15.0,11.585810,3.257396,50.21,122.38,23.02,73.44,25.40,77.72,1442,1181,1079,254,WH-station1,2026-08-15T01:34:55.200-07:00
water_draw_1,2026-08-15T01:34:55.815-07:00,216.499,drawing,,open,15.0,11.613211,3.257396,50.00,122.00,22.92,73.25,25.40,77.72,1440,1180,1079,254,WH-station1,2026-08-15T01:34:55.705-07:00
water_draw_1,2026-08-15T01:34:56.320-07:00,217.003,drawing,,open,15.0,11.640571,3.252292,50.31,122.56,23.12,73.62,25.40,77.72,1443,1182,1078,254,WH-station1,2026-08-15T01:34:56.210-07:00
water_draw_1,2026-08-15T01:34:56.825-07:00,217.508,drawing,,open,15.0,11.668143,3.277813,50.10,122.19,22.92,73.25,25.40,77.72,1441,1180,1083,254,WH-station1,2026-08-15T01:34:56.714-07:00
water_draw_1,2026-08-15T01:34:57.330-07:00,218.013,drawing,,open,15.0,11.695634,3.267604,50.10,122.19,23.33,74.00,25.30,77.54,1441,1184,1081,253,WH-station1,2026-08-15T01:34:57.219-07:00
water_draw_1,2026-08-15T01:34:57.834-07:00,218.517,drawing,,open,15.0,11.723077,3.262500,50.10,122.19,23.02,73.44,25.40,77.72,1441,1181,1080,254,WH-station1,2026-08-15T01:34:57.724-07:00
water_draw_1,2026-08-15T01:34:58.339-07:00,219.022,drawing,,open,15.0,11.750649,3.277813,50.10,122.19,23.12,73.62,25.40,77.72,1441,1182,1083,254,WH-station1,2026-08-15T01:34:58.228-07:00
water_draw_1,2026-08-15T01:34:58.844-07:00,219.527,drawing,,open,15.0,11.778004,3.252292,50.10,122.19,22.92,73.25,25.40,77.72,1441,1180,1078,254,WH-station1,2026-08-15T01:34:58.733-07:00
water_draw_1,2026-08-15T01:34:59.348-07:00,220.032,drawing,,open,15.0,11.805363,3.252292,50.21,122.38,23.23,73.81,25.30,77.54,1442,1183,1078,253,WH-station1,2026-08-15T01:34:59.238-07:00
water_draw_1,2026-08-15T01:34:59.853-07:00,220.536,drawing,,open,15.0,11.832676,3.247188,50.00,122.00,22.92,73.25,25.40,77.72,1440,1180,1077,254,WH-station1,2026-08-15T01:34:59.742-07:00
water_draw_1,2026-08-15T01:35:00.358-07:00,221.041,drawing,,open,15.0,11.860040,3.252292,49.90,121.81,23.23,73.81,25.40,77.72,1439,1183,1078,254,WH-station1,2026-08-15T01:35:00.247-07:00
water_draw_1,2026-08-15T01:35:00.862-07:00,221.546,drawing,,open,15.0,11.887481,3.262500,50.31,122.56,22.81,73.06,25.40,77.72,1443,1179,1080,254,WH-station1,2026-08-15T01:35:00.752-07:00
water_draw_1,2026-08-15T01:35:01.367-07:00,222.050,drawing,,open,15.0,11.914753,3.242083,50.21,122.38,23.02,73.44,25.20,77.36,1442,1181,1076,252,WH-station1,2026-08-15T01:35:01.256-07:00
water_draw_1,2026-08-15T01:35:01.872-07:00,222.555,drawing,,open,15.0,11.942033,3.242083,50.10,122.19,23.23,73.81,25.30,77.54,1441,1183,1076,253,WH-station1,2026-08-15T01:35:01.761-07:00
water_draw_1,2026-08-15T01:35:02.377-07:00,223.060,drawing,,open,15.0,11.969481,3.262500,50.31,122.56,22.92,73.25,25.30,77.54,1443,1180,1080,253,WH-station1,2026-08-15T01:35:02.266-07:00
water_draw_1,2026-08-15T01:35:02.880-07:00,223.565,drawing,,open,15.0,11.996952,3.262500,50.00,122.00,22.92,73.25,25.40,77.72,1440,1180,1080,254,WH-station1,2026-08-15T01:35:02.771-07:00
water_draw_1,2026-08-15T01:35:03.382-07:00,224.067,drawing,,open,15.0,12.023992,3.231875,50.10,122.19,23.23,73.81,25.40,77.72,1441,1183,1074,254,WH-station1,2026-08-15T01:35:03.276-07:00
water_draw_1,2026-08-15T01:35:03.884-07:00,224.569,drawing,,open,15.0,12.051284,3.262500,50.21,122.38,23.23,73.81,25.40,77.72,1442,1183,1080,254,WH-station1,2026-08-15T01:35:03.780-07:00
water_draw_1,2026-08-15T01:35:04.386-07:00,225.071,drawing,,open,15.0,12.078666,3.272708,50.21,122.38,23.12,73.62,25.40,77.72,1442,1182,1082,254,WH-station1,2026-08-15T01:35:04.285-07:00
water_draw_1,2026-08-15T01:35:04.888-07:00,225.573,drawing,,open,15.0,12.105964,3.262500,50.00,122.00,23.12,73.62,25.40,77.72,1440,1182,1080,254,WH-station1,2026-08-15T01:35:04.790-07:00
water_draw_1,2026-08-15T01:35:05.390-07:00,226.075,drawing,,open,15.0,12.133265,3.262500,50.21,122.38,23.44,74.19,25.40,77.72,1442,1185,1080,254,WH-station1,2026-08-15T01:35:05.294-07:00
water_draw_1,2026-08-15T01:35:05.892-07:00,226.577,drawing,,open,15.0,12.160605,3.267604,50.21,122.38,23.33,74.00,25.30,77.54,1442,1184,1081,253,WH-station1,2026-08-15T01:35:05.799-07:00
water_draw_1,2026-08-15T01:35:06.394-07:00,227.079,drawing,,open,15.0,12.187944,3.267604,50.10,122.19,23.44,74.19,25.40,77.72,1441,1185,1081,254,WH-station1,2026-08-15T01:35:06.304-07:00
water_draw_1,2026-08-15T01:35:06.896-07:00,227.581,drawing,,open,15.0,12.215153,3.252292,50.21,122.38,23.02,73.44,25.40,77.72,1442,1181,1078,254,WH-station1,2026-08-15T01:35:06.808-07:00
water_draw_1,2026-08-15T01:35:07.398-07:00,228.083,drawing,,open,15.0,12.242405,3.257396,50.31,122.56,23.02,73.44,25.50,77.90,1443,1181,1079,255,WH-station1,2026-08-15T01:35:07.313-07:00
water_draw_1,2026-08-15T01:35:07.902-07:00,228.585,drawing,,open,15.0,12.269830,3.277813,50.31,122.56,23.02,73.44,25.30,77.54,1443,1181,1083,253,WH-station1,2026-08-15T01:35:07.818-07:00
water_draw_1,2026-08-15T01:35:08.407-07:00,229.090,drawing,,open,15.0,12.297274,3.262500,50.31,122.56,22.92,73.25,25.40,77.72,1443,1180,1080,254,WH-station1,2026-08-15T01:35:08.322-07:00
water_draw_1,2026-08-15T01:35:08.911-07:00,229.595,drawing,,open,15.0,12.324759,3.267604,50.31,122.56,23.12,73.62,25.40,77.72,1443,1182,1081,254,WH-station1,2026-08-15T01:35:08.827-07:00
water_draw_1,2026-08-15T01:35:09.416-07:00,230.099,drawing,,open,15.0,12.352289,3.272708,50.42,122.75,23.33,74.00,25.30,77.54,1444,1184,1082,253,WH-station1,2026-08-15T01:35:09.332-07:00
water_draw_1,2026-08-15T01:35:09.921-07:00,230.604,drawing,,open,15.0,12.379815,3.272708,50.31,122.56,23.12,73.62,25.40,77.72,1443,1182,1082,254,WH-station1,2026-08-15T01:35:09.836-07:00
water_draw_1,2026-08-15T01:35:10.426-07:00,231.109,drawing,,open,15.0,12.407265,3.262500,50.10,122.19,22.92,73.25,25.40,77.72,1441,1180,1080,254,WH-station1,2026-08-15T01:35:10.341-07:00
water_draw_1,2026-08-15T01:35:10.930-07:00,231.614,drawing,,open,15.0,12.434753,3.267604,50.21,122.38,22.81,73.06,25.30,77.54,1442,1179,1081,253,WH-station1,2026-08-15T01:35:10.846-07:00
water_draw_1,2026-08-15T01:35:11.435-07:00,232.118,drawing,,open,15.0,12.462327,3.277813,50.21,122.38,23.23,73.81,25.30,77.54,1442,1183,1083,253,WH-station1,2026-08-15T01:35:11.351-07:00
water_draw_1,2026-08-15T01:35:11.940-07:00,232.623,drawing,,open,15.0,12.489770,3.262500,50.21,122.38,23.02,73.44,25.50,77.90,1442,1181,1080,255,WH-station1,2026-08-15T01:35:11.855-07:00
water_draw_1,2026-08-15T01:35:12.445-07:00,233.128,drawing,,open,15.0,12.517172,3.257396,50.10,122.19,23.33,74.00,25.40,77.72,1441,1184,1079,254,WH-station1,2026-08-15T01:35:12.360-07:00
water_draw_1,2026-08-15T01:35:12.949-07:00,233.633,drawing,,open,15.0,12.544666,3.267604,50.21,122.38,22.92,73.25,25.30,77.54,1442,1180,1081,253,WH-station1,2026-08-15T01:35:12.865-07:00
water_draw_1,2026-08-15T01:35:13.454-07:00,234.137,drawing,,open,15.0,12.571897,3.236979,50.10,122.19,22.81,73.06,25.40,77.72,1441,1179,1075,254,WH-station1,2026-08-15T01:35:13.370-07:00
water_draw_1,2026-08-15T01:35:13.959-07:00,234.642,drawing,,open,15.0,12.599383,3.267604,50.21,122.38,23.23,73.81,25.30,77.54,1442,1183,1081,253,WH-station1,2026-08-15T01:35:13.874-07:00
water_draw_1,2026-08-15T01:35:14.464-07:00,235.147,drawing,,open,15.0,12.626954,3.277813,50.21,122.38,23.23,73.81,25.40,77.72,1442,1183,1083,254,WH-station1,2026-08-15T01:35:14.379-07:00
water_draw_1,2026-08-15T01:35:14.968-07:00,235.651,drawing,,open,15.0,12.654395,3.262500,50.10,122.19,23.02,73.44,25.40,77.72,1441,1181,1080,254,WH-station1,2026-08-15T01:35:14.884-07:00
water_draw_1,2026-08-15T01:35:15.473-07:00,236.156,drawing,,open,15.0,12.681798,3.257396,50.00,122.00,23.02,73.44,25.30,77.54,1440,1181,1079,253,WH-station1,2026-08-15T01:35:15.388-07:00
water_draw_1,2026-08-15T01:35:15.978-07:00,236.661,drawing,,open,15.0,12.709332,3.272708,50.21,122.38,23.02,73.44,25.30,77.54,1442,1181,1082,253,WH-station1,2026-08-15T01:35:15.893-07:00
water_draw_1,2026-08-15T01:35:16.482-07:00,237.166,drawing,,open,15.0,12.736775,3.262500,50.21,122.38,23.33,74.00,25.30,77.54,1442,1184,1080,253,WH-station1,2026-08-15T01:35:16.398-07:00
water_draw_1,2026-08-15T01:35:16.987-07:00,237.670,drawing,,open,15.0,12.764045,3.242083,50.21,122.38,22.92,73.25,25.50,77.90,1442,1180,1076,255,WH-station1,2026-08-15T01:35:16.902-07:00
water_draw_1,2026-08-15T01:35:17.492-07:00,238.175,drawing,,open,15.0,12.791531,3.267604,50.21,122.38,23.02,73.44,25.30,77.54,1442,1181,1081,253,WH-station1,2026-08-15T01:35:17.407-07:00
water_draw_1,2026-08-15T01:35:17.996-07:00,238.680,drawing,,open,15.0,12.818885,3.252292,50.31,122.56,23.33,74.00,25.40,77.72,1443,1184,1078,254,WH-station1,2026-08-15T01:35:17.912-07:00
water_draw_1,2026-08-15T01:35:18.501-07:00,239.184,drawing,,open,15.0,12.846329,3.262500,50.21,122.38,23.12,73.62,25.30,77.54,1442,1182,1080,253,WH-station1,2026-08-15T01:35:18.417-07:00
water_draw_1,2026-08-15T01:35:19.006-07:00,239.689,drawing,,open,15.0,12.873902,3.277813,50.31,122.56,23.02,73.44,25.40,77.72,1443,1181,1083,254,WH-station1,2026-08-15T01:35:18.921-07:00
water_draw_1,2026-08-15T01:35:19.511-07:00,240.194,drawing,,open,15.0,12.901216,3.247188,50.10,122.19,22.92,73.25,25.40,77.72,1441,1180,1077,254,WH-station1,2026-08-15T01:35:19.426-07:00
water_draw_1,2026-08-15T01:35:20.015-07:00,240.699,drawing,,open,15.0,12.928786,3.277813,50.42,122.75,23.33,74.00,25.40,77.72,1444,1184,1083,254,WH-station1,2026-08-15T01:35:19.931-07:00
water_draw_1,2026-08-15T01:35:20.520-07:00,241.203,drawing,,open,15.0,12.956316,3.272708,50.21,122.38,22.60,72.69,25.30,77.54,1442,1177,1082,253,WH-station1,2026-08-15T01:35:20.435-07:00
water_draw_1,2026-08-15T01:35:21.025-07:00,241.708,drawing,,open,15.0,12.983886,3.277813,50.31,122.56,23.02,73.44,25.30,77.54,1443,1181,1083,253,WH-station1,2026-08-15T01:35:20.940-07:00
water_draw_1,2026-08-15T01:35:21.530-07:00,242.213,drawing,,open,15.0,13.011378,3.267604,50.10,122.19,23.02,73.44,25.30,77.54,1441,1181,1081,253,WH-station1,2026-08-15T01:35:21.445-07:00
water_draw_1,2026-08-15T01:35:22.034-07:00,242.717,drawing,,open,15.0,13.038821,3.262500,50.31,122.56,23.23,73.81,25.40,77.72,1443,1183,1080,254,WH-station1,2026-08-15T01:35:21.949-07:00
water_draw_1,2026-08-15T01:35:22.539-07:00,243.222,drawing,,open,15.0,13.066264,3.262500,50.42,122.75,22.92,73.25,25.40,77.72,1444,1180,1080,254,WH-station1,2026-08-15T01:35:22.454-07:00
water_draw_1,2026-08-15T01:35:23.044-07:00,243.727,drawing,,open,15.0,13.093748,3.267604,50.21,122.38,23.44,74.19,25.40,77.72,1442,1185,1081,254,WH-station1,2026-08-15T01:35:22.959-07:00
water_draw_1,2026-08-15T01:35:23.548-07:00,244.232,drawing,,open,15.0,13.121195,3.262500,50.21,122.38,23.12,73.62,25.30,77.54,1442,1182,1080,253,WH-station1,2026-08-15T01:35:23.463-07:00
water_draw_1,2026-08-15T01:35:24.053-07:00,244.736,drawing,,open,15.0,13.148551,3.252292,50.21,122.38,23.02,73.44,25.40,77.72,1442,1181,1078,254,WH-station1,2026-08-15T01:35:23.968-07:00
water_draw_1,2026-08-15T01:35:24.558-07:00,245.241,drawing,,open,15.0,13.175870,3.247188,50.21,122.38,23.12,73.62,25.40,77.72,1442,1182,1077,254,WH-station1,2026-08-15T01:35:24.473-07:00
water_draw_1,2026-08-15T01:35:25.062-07:00,245.746,drawing,,open,15.0,13.203224,3.252292,50.21,122.38,23.23,73.81,25.40,77.72,1442,1183,1078,254,WH-station1,2026-08-15T01:35:24.977-07:00
water_draw_1,2026-08-15T01:35:25.567-07:00,246.250,drawing,,open,15.0,13.230710,3.267604,50.31,122.56,23.23,73.81,25.30,77.54,1443,1183,1081,253,WH-station1,2026-08-15T01:35:25.482-07:00
water_draw_1,2026-08-15T01:35:26.072-07:00,246.755,drawing,,open,15.0,13.258151,3.262500,50.42,122.75,23.33,74.00,25.40,77.72,1444,1184,1080,254,WH-station1,2026-08-15T01:35:25.987-07:00
water_draw_1,2026-08-15T01:35:26.577-07:00,247.260,drawing,,open,15.0,13.285512,3.252292,50.42,122.75,23.33,74.00,25.30,77.54,1444,1184,1078,253,WH-station1,2026-08-15T01:35:26.491-07:00
water_draw_1,2026-08-15T01:35:27.081-07:00,247.765,drawing,,open,15.0,13.313001,3.267604,50.42,122.75,23.44,74.19,25.40,77.72,1444,1185,1081,254,WH-station1,2026-08-15T01:35:26.996-07:00
water_draw_1,2026-08-15T01:35:27.586-07:00,248.269,drawing,,open,15.0,13.340447,3.262500,50.42,122.75,23.33,74.00,25.40,77.72,1444,1184,1080,254,WH-station1,2026-08-15T01:35:27.501-07:00
water_draw_1,2026-08-15T01:35:28.091-07:00,248.774,drawing,,open,15.0,13.367931,3.267604,50.31,122.56,23.12,73.62,25.40,77.72,1443,1182,1081,254,WH-station1,2026-08-15T01:35:28.006-07:00
water_draw_1,2026-08-15T01:35:28.595-07:00,249.279,drawing,,open,15.0,13.395288,3.252292,50.42,122.75,23.02,73.44,25.40,77.72,1444,1181,1078,254,WH-station1,2026-08-15T01:35:28.510-07:00
water_draw_1,2026-08-15T01:35:29.100-07:00,249.783,drawing,,open,15.0,13.422641,3.252292,50.10,122.19,23.12,73.62,25.30,77.54,1441,1182,1078,253,WH-station1,2026-08-15T01:35:29.015-07:00
water_draw_1,2026-08-15T01:35:29.605-07:00,250.288,drawing,,open,15.0,13.450085,3.262500,50.21,122.38,23.12,73.62,25.30,77.54,1442,1182,1080,253,WH-station1,2026-08-15T01:35:29.520-07:00
water_draw_1,2026-08-15T01:35:30.110-07:00,250.793,drawing,,open,15.0,13.477445,3.252292,50.21,122.38,23.33,74.00,25.40,77.72,1442,1184,1078,254,WH-station1,2026-08-15T01:35:30.024-07:00
water_draw_1,2026-08-15T01:35:30.614-07:00,251.297,drawing,,open,15.0,13.505062,3.282917,50.52,122.94,23.23,73.81,25.30,77.54,1445,1183,1084,253,WH-station1,2026-08-15T01:35:30.529-07:00
water_draw_1,2026-08-15T01:35:31.119-07:00,251.802,drawing,,open,15.0,13.532503,3.262500,50.31,122.56,23.23,73.81,25.30,77.54,1443,1183,1080,253,WH-station1,2026-08-15T01:35:31.034-07:00
water_draw_1,2026-08-15T01:35:31.624-07:00,252.307,drawing,,open,15.0,13.559989,3.267604,50.10,122.19,23.33,74.00,25.40,77.72,1441,1184,1081,254,WH-station1,2026-08-15T01:35:31.538-07:00
water_draw_1,2026-08-15T01:35:32.128-07:00,252.812,drawing,,open,15.0,13.587260,3.242083,50.31,122.56,23.23,73.81,25.20,77.36,1443,1183,1076,252,WH-station1,2026-08-15T01:35:32.043-07:00
water_draw_1,2026-08-15T01:35:32.633-07:00,253.316,drawing,,open,15.0,13.614703,3.262500,50.31,122.56,23.12,73.62,25.30,77.54,1443,1182,1080,253,WH-station1,2026-08-15T01:35:32.548-07:00
water_draw_1,2026-08-15T01:35:33.138-07:00,253.821,drawing,,open,15.0,13.642279,3.277813,50.21,122.38,23.12,73.62,25.30,77.54,1442,1182,1083,253,WH-station1,2026-08-15T01:35:33.052-07:00
water_draw_1,2026-08-15T01:35:33.642-07:00,254.326,drawing,,open,15.0,13.669680,3.257396,50.31,122.56,23.23,73.81,25.30,77.54,1443,1183,1079,253,WH-station1,2026-08-15T01:35:33.557-07:00
water_draw_1,2026-08-15T01:35:34.147-07:00,254.830,drawing,,open,15.0,13.697035,3.252292,50.31,122.56,23.23,73.81,25.20,77.36,1443,1183,1078,252,WH-station1,2026-08-15T01:35:34.062-07:00
water_draw_1,2026-08-15T01:35:34.652-07:00,255.335,drawing,,open,15.0,13.724781,3.298229,50.42,122.75,23.12,73.62,25.30,77.54,1444,1182,1087,253,WH-station1,2026-08-15T01:35:34.566-07:00
water_draw_1,2026-08-15T01:35:35.157-07:00,255.840,drawing,,open,15.0,13.752268,3.267604,50.31,122.56,23.44,74.19,25.30,77.54,1443,1185,1081,253,WH-station1,2026-08-15T01:35:35.071-07:00
water_draw_1,2026-08-15T01:35:35.661-07:00,256.345,drawing,,open,15.0,13.779629,3.252292,50.21,122.38,23.44,74.19,25.30,77.54,1442,1185,1078,253,WH-station1,2026-08-15T01:35:35.576-07:00
water_draw_1,2026-08-15T01:35:36.166-07:00,256.849,drawing,,open,15.0,13.807075,3.262500,50.42,122.75,23.02,73.44,25.40,77.72,1444,1181,1080,254,WH-station1,2026-08-15T01:35:36.081-07:00
water_draw_1,2026-08-15T01:35:36.681-07:00,257.354,drawing,,open,15.0,13.834648,3.277813,50.31,122.56,23.23,73.81,25.30,77.54,1443,1183,1083,253,WH-station1,2026-08-15T01:35:36.586-07:00
water_draw_1,2026-08-15T01:35:37.187-07:00,257.868,drawing,,open,15.0,13.862659,3.267604,50.21,122.38,23.33,74.00,25.40,77.72,1442,1184,1081,254,WH-station1,2026-08-15T01:35:37.090-07:00
water_draw_1,2026-08-15T01:35:37.696-07:00,258.376,drawing,,open,15.0,13.890216,3.257396,50.21,122.38,23.33,74.00,25.40,77.72,1442,1184,1079,254,WH-station1,2026-08-15T01:35:37.595-07:00
water_draw_1,2026-08-15T01:35:38.203-07:00,258.884,drawing,,open,15.0,13.917880,3.267604,50.42,122.75,23.65,74.56,25.40,77.72,1444,1187,1081,254,WH-station1,2026-08-15T01:35:38.100-07:00
water_draw_1,2026-08-15T01:35:38.709-07:00,259.391,drawing,,open,15.0,13.945366,3.252292,50.21,122.38,23.23,73.81,25.30,77.54,1442,1183,1078,253,WH-station1,2026-08-15T01:35:38.604-07:00
water_draw_1,2026-08-15T01:35:39.214-07:00,259.897,drawing,,open,15.0,13.972868,3.262500,50.21,122.38,23.23,73.81,25.30,77.54,1442,1183,1080,253,WH-station1,2026-08-15T01:35:39.108-07:00
water_draw_1,2026-08-15T01:35:39.718-07:00,260.402,drawing,,open,15.0,14.000359,3.267604,50.21,122.38,23.02,73.44,25.30,77.54,1442,1181,1081,253,WH-station1,2026-08-15T01:35:39.613-07:00
water_draw_1,2026-08-15T01:35:40.223-07:00,260.906,drawing,,open,15.0,14.027720,3.252292,50.21,122.38,23.23,73.81,25.40,77.72,1442,1183,1078,254,WH-station1,2026-08-15T01:35:40.117-07:00
water_draw_1,2026-08-15T01:35:40.728-07:00,261.411,drawing,,open,15.0,14.054951,3.236979,50.21,122.38,23.33,74.00,25.40,77.72,1442,1184,1075,254,WH-station1,2026-08-15T01:35:40.622-07:00
water_draw_1,2026-08-15T01:35:41.233-07:00,261.916,drawing,,open,15.0,14.082266,3.247188,50.31,122.56,23.33,74.00,25.50,77.90,1443,1184,1077,255,WH-station1,2026-08-15T01:35:41.127-07:00
water_draw_1,2026-08-15T01:35:41.738-07:00,262.421,drawing,,open,15.0,14.109714,3.262500,50.31,122.56,23.65,74.56,25.30,77.54,1443,1187,1080,253,WH-station1,2026-08-15T01:35:41.631-07:00
water_draw_1,2026-08-15T01:35:42.242-07:00,262.925,drawing,,open,15.0,14.137075,3.252292,50.31,122.56,23.33,74.00,25.40,77.72,1443,1184,1078,254,WH-station1,2026-08-15T01:35:42.136-07:00
water_draw_1,2026-08-15T01:35:42.747-07:00,263.430,drawing,,open,15.0,14.164303,3.236979,50.21,122.38,23.23,73.81,25.30,77.54,1442,1183,1075,253,WH-station1,2026-08-15T01:35:42.641-07:00
water_draw_1,2026-08-15T01:35:43.252-07:00,263.935,drawing,,open,15.0,14.191749,3.262500,50.31,122.56,23.54,74.38,25.40,77.72,1443,1186,1080,254,WH-station1,2026-08-15T01:35:43.146-07:00
water_draw_1,2026-08-15T01:35:43.756-07:00,264.440,drawing,,open,15.0,14.219109,3.252292,50.21,122.38,23.75,74.75,25.40,77.72,1442,1188,1078,254,WH-station1,2026-08-15T01:35:43.650-07:00
water_draw_1,2026-08-15T01:35:44.261-07:00,264.944,drawing,,open,15.0,14.246342,3.236979,50.21,122.38,23.33,74.00,25.40,77.72,1442,1184,1075,254,WH-station1,2026-08-15T01:35:44.155-07:00
water_draw_1,2026-08-15T01:35:44.766-07:00,265.449,drawing,,open,15.0,14.273357,3.211458,50.21,122.38,23.33,74.00,25.30,77.54,1442,1184,1070,253,WH-station1,2026-08-15T01:35:44.660-07:00
water_draw_1,2026-08-15T01:35:45.271-07:00,265.954,drawing,,open,15.0,14.300588,3.236979,50.42,122.75,23.33,74.00,25.40,77.72,1444,1184,1075,254,WH-station1,2026-08-15T01:35:45.164-07:00
water_draw_1,2026-08-15T01:35:45.775-07:00,266.459,drawing,,open,15.0,14.327947,3.252292,50.21,122.38,23.44,74.19,25.40,77.72,1442,1185,1078,254,WH-station1,2026-08-15T01:35:45.669-07:00
water_draw_1,2026-08-15T01:35:46.280-07:00,266.963,drawing,,open,15.0,14.355437,3.267604,50.31,122.56,23.33,74.00,25.30,77.54,1443,1184,1081,253,WH-station1,2026-08-15T01:35:46.174-07:00
water_draw_1,2026-08-15T01:35:46.785-07:00,267.468,drawing,,open,15.0,14.382812,3.252292,50.21,122.38,23.33,74.00,25.40,77.72,1442,1184,1078,254,WH-station1,2026-08-15T01:35:46.678-07:00
water_draw_1,2026-08-15T01:35:47.290-07:00,267.973,drawing,,open,15.0,14.410305,3.267604,50.21,122.38,23.44,74.19,25.40,77.72,1442,1185,1081,254,WH-station1,2026-08-15T01:35:47.183-07:00
water_draw_1,2026-08-15T01:35:47.795-07:00,268.478,drawing,,open,15.0,14.437747,3.262500,50.21,122.38,23.44,74.19,25.30,77.54,1442,1185,1080,253,WH-station1,2026-08-15T01:35:47.688-07:00
water_draw_1,2026-08-15T01:35:48.299-07:00,268.983,drawing,,open,15.0,14.465235,3.267604,50.21,122.38,23.33,74.00,25.40,77.72,1442,1184,1081,254,WH-station1,2026-08-15T01:35:48.193-07:00
water_draw_1,2026-08-15T01:35:48.804-07:00,269.487,drawing,,open,15.0,14.492635,3.257396,50.21,122.38,23.23,73.81,25.40,77.72,1442,1183,1079,254,WH-station1,2026-08-15T01:35:48.697-07:00
water_draw_1,2026-08-15T01:35:49.309-07:00,269.992,drawing,,open,15.0,14.520081,3.262500,50.42,122.75,23.33,74.00,25.30,77.54,1444,1184,1080,253,WH-station1,2026-08-15T01:35:49.202-07:00
water_draw_1,2026-08-15T01:35:49.814-07:00,270.497,drawing,,open,15.0,14.547614,3.272708,50.31,122.56,23.33,74.00,25.40,77.72,1443,1184,1082,254,WH-station1,2026-08-15T01:35:49.707-07:00
water_draw_1,2026-08-15T01:35:50.318-07:00,271.002,drawing,,open,15.0,14.575107,3.267604,50.21,122.38,23.44,74.19,25.40,77.72,1442,1185,1081,254,WH-station1,2026-08-15T01:35:50.211-07:00
water_draw_1,2026-08-15T01:35:50.823-07:00,271.506,drawing,,open,15.0,14.602464,3.252292,50.21,122.38,23.33,74.00,25.30,77.54,1442,1184,1078,253,WH-station1,2026-08-15T01:35:50.716-07:00
water_draw_1,2026-08-15T01:35:51.328-07:00,272.011,drawing,,open,15.0,14.630168,3.293125,50.21,122.38,23.65,74.56,25.40,77.72,1442,1187,1086,254,WH-station1,2026-08-15T01:35:51.221-07:00
water_draw_1,2026-08-15T01:35:51.833-07:00,272.516,drawing,,open,15.0,14.657610,3.262500,50.21,122.38,23.33,74.00,25.40,77.72,1442,1184,1080,254,WH-station1,2026-08-15T01:35:51.725-07:00
water_draw_1,2026-08-15T01:35:52.337-07:00,273.021,drawing,,open,15.0,14.685099,3.267604,50.31,122.56,23.54,74.38,25.30,77.54,1443,1186,1081,253,WH-station1,2026-08-15T01:35:52.230-07:00
water_draw_1,2026-08-15T01:35:52.842-07:00,273.525,drawing,,open,15.0,14.712416,3.247188,50.10,122.19,23.54,74.38,25.30,77.54,1441,1186,1077,253,WH-station1,2026-08-15T01:35:52.735-07:00
water_draw_1,2026-08-15T01:35:53.347-07:00,274.030,drawing,,open,15.0,14.739989,3.277813,50.42,122.75,23.33,74.00,25.30,77.54,1444,1184,1083,253,WH-station1,2026-08-15T01:35:53.239-07:00
water_draw_1,2026-08-15T01:35:53.852-07:00,274.535,drawing,,open,15.0,14.767433,3.262500,50.31,122.56,23.44,74.19,25.40,77.72,1443,1185,1080,254,WH-station1,2026-08-15T01:35:53.744-07:00
water_draw_1,2026-08-15T01:35:54.356-07:00,275.040,drawing,,open,15.0,14.794834,3.257396,50.63,123.13,23.33,74.00,25.30,77.54,1446,1184,1079,253,WH-station1,2026-08-15T01:35:54.249-07:00
water_draw_1,2026-08-15T01:35:54.861-07:00,275.544,drawing,,open,15.0,14.822277,3.262500,50.31,122.56,23.12,73.62,25.30,77.54,1443,1182,1080,253,WH-station1,2026-08-15T01:35:54.754-07:00
water_draw_1,2026-08-15T01:35:55.366-07:00,276.049,drawing,,open,15.0,14.849810,3.272708,50.21,122.38,23.44,74.19,25.40,77.72,1442,1185,1082,254,WH-station1,2026-08-15T01:35:55.258-07:00
water_draw_1,2026-08-15T01:35:55.871-07:00,276.554,drawing,,open,15.0,14.877381,3.277813,50.31,122.56,23.54,74.38,25.40,77.72,1443,1186,1083,254,WH-station1,2026-08-15T01:35:55.763-07:00
water_draw_1,2026-08-15T01:35:56.375-07:00,277.058,drawing,,open,15.0,14.904915,3.272708,50.21,122.38,23.33,74.00,25.40,77.72,1442,1184,1082,254,WH-station1,2026-08-15T01:35:56.268-07:00
water_draw_1,2026-08-15T01:35:56.880-07:00,277.563,drawing,,open,15.0,14.932450,3.272708,50.52,122.94,23.33,74.00,25.30,77.54,1445,1184,1082,253,WH-station1,2026-08-15T01:35:56.772-07:00
water_draw_1,2026-08-15T01:35:57.385-07:00,278.068,drawing,,open,15.0,14.959940,3.267604,50.21,122.38,23.54,74.38,25.30,77.54,1442,1186,1081,253,WH-station1,2026-08-15T01:35:57.277-07:00
water_draw_1,2026-08-15T01:35:57.890-07:00,278.573,drawing,,open,15.0,14.987647,3.293125,50.52,122.94,23.33,74.00,25.50,77.90,1445,1184,1086,255,WH-station1,2026-08-15T01:35:57.782-07:00
water_draw_1,2026-08-15T01:35:58.394-07:00,279.078,drawing,,open,15.0,15.015093,3.262500,50.31,122.56,23.33,74.00,25.40,77.72,1443,1184,1080,254,WH-station1,2026-08-15T01:35:58.286-07:00
water_draw_1,2026-08-15T01:35:58.399-07:00,279.086,completed,target_reached,closed,15.0,15.015093,3.262500,50.31,122.56,23.33,74.00,25.40,77.72,1443,1184,1080,254,WH-station1,2026-08-15T01:35:58.286-07:00
