2026-08-02 10:13:34,411 INFO  [default] link ACK received: device_information
2026-08-02 10:13:34,565 INFO  [default] message type supported received: 2
2026-08-02 10:13:34,565 INFO  [default] device info response received. response code: 0 - success
2026-08-02 10:13:34,565 INFO  [default]   CTA-2045 version: B
2026-08-02 10:13:34,565 INFO  [default]   device type: 3 - Water Heater - Heat Pump
2026-08-02 10:13:34,565 INFO  [default]   vendor ID: 336
2026-08-02 10:13:34,606 INFO  [default] starting commodity service...
2026-08-02 10:13:34,769 INFO  [default] link ACK received: get_commodity
2026-08-02 10:13:34,923 INFO  [default] message type supported received: 2
2026-08-02 10:13:34,923 INFO  [default] commodity response received. response code: 0 - success; count: 4
2026-08-02 10:13:34,923 INFO  [default] commodity code: 0 - Electricity consumed (W & W-hr)
2026-08-02 10:13:34,923 INFO  [default]            source: Estimated
2026-08-02 10:13:34,923 INFO  [default]   cumulative: 120000
2026-08-02 10:13:34,923 INFO  [default]    inst rate: 0
2026-08-02 10:13:34,923 INFO  [default] commodity code 8 - Rated max consumption level electricity (W) is not recorded in the commodity CSV
2026-08-02 10:13:34,923 INFO  [default] commodity code: 6 - Total energy storage/take capacity (W-hr)
2026-08-02 10:13:34,923 INFO  [default]            source: Estimated
2026-08-02 10:13:34,923 INFO  [default]   cumulative: 9190
2026-08-02 10:13:34,923 INFO  [default]    inst rate: not used for this commodity code
2026-08-02 10:13:34,923 INFO  [default] commodity code: 7 - Present energy storage/take capacity (W-hr)
2026-08-02 10:13:34,923 INFO  [default]            source: Estimated
2026-08-02 10:13:34,923 INFO  [default]   cumulative: 1148
2026-08-02 10:13:34,923 INFO  [default]    inst rate: not used for this commodity code
2026-08-02 10:13:35,128 INFO  [default] link ACK received: query_operational_state
2026-08-02 10:13:35,251 INFO  [default] operational state received: 1

Press Enter for a list of commands
1785690815,o,0 (PASSED!)
outside communication found
2026-08-02 10:13:36,354 INFO  [default] link ACK received: outside_communication
2026-08-02 10:13:36,479 INFO  [default] app ack received
a- Advanced Loadup
c- Critical Peak Event
e- End shed/Normal
g- Grid Emergency
l- Loadup
o- Outside Communication
s- Shed
v- Enable advanced load up capability
x- Disable advanced load up capability
z- Quit and return operation to normal
q- Quit
enter choice: 1785690830,l,0 (PASSED!)
loading up
2026-08-02 10:13:50,609 INFO  [default] link ACK received: load_up
2026-08-02 10:13:50,732 INFO  [default] app ack received
2026-08-02 10:14:34,921 INFO  [default] link ACK received: get_commodity
2026-08-02 10:14:35,074 INFO  [default] message type supported received: 2
2026-08-02 10:14:35,075 INFO  [default] commodity response received. response code: 0 - success; count: 4
2026-08-02 10:14:35,075 INFO  [default] commodity code: 0 - Electricity consumed (W & W-hr)
2026-08-02 10:14:35,075 INFO  [default]            source: Estimated
2026-08-02 10:14:35,075 INFO  [default]   cumulative: 120000
2026-08-02 10:14:35,075 INFO  [default]    inst rate: 500
2026-08-02 10:14:35,076 INFO  [default] commodity code 8 - Rated max consumption level electricity (W) is not recorded in the commodity CSV
2026-08-02 10:14:35,076 INFO  [default] commodity code: 6 - Total energy storage/take capacity (W-hr)
2026-08-02 10:14:35,076 INFO  [default]            source: Estimated
2026-08-02 10:14:35,076 INFO  [default]   cumulative: 9190
2026-08-02 10:14:35,076 INFO  [default]    inst rate: not used for this commodity code
2026-08-02 10:14:35,076 INFO  [default] commodity code: 7 - Present energy storage/take capacity (W-hr)
2026-08-02 10:14:35,076 INFO  [default]            source: Estimated
2026-08-02 10:14:35,076 INFO  [default]   cumulative: 1170
2026-08-02 10:14:35,077 INFO  [default]    inst rate: not used for this commodity code
2026-08-02 10:14:35,279 INFO  [default] link ACK received: query_operational_state
2026-08-02 10:14:35,402 INFO  [default] operational state received: 3

Press Enter for a list of commands
2026-08-02 10:15:35,615 INFO  [default] link ACK received: get_commodity
2026-08-02 10:15:35,770 INFO  [default] message type supported received: 2
2026-08-02 10:15:35,770 INFO  [default] commodity response received. response code: 0 - success; count: 4
2026-08-02 10:15:35,770 INFO  [default] commodity code: 0 - Electricity consumed (W & W-hr)
2026-08-02 10:15:35,770 INFO  [default]            source: Estimated
2026-08-02 10:15:35,771 INFO  [default]   cumulative: 120000
2026-08-02 10:15:35,771 INFO  [default]    inst rate: 500
2026-08-02 10:15:35,771 INFO  [default] commodity code 8 - Rated max consumption level electricity (W) is not recorded in the commodity CSV
2026-08-02 10:15:35,771 INFO  [default] commodity code: 6 - Total energy storage/take capacity (W-hr)
2026-08-02 10:15:35,771 INFO  [default]            source: Estimated
2026-08-02 10:15:35,771 INFO  [default]   cumulative: 9190
2026-08-02 10:15:35,771 INFO  [default]    inst rate: not used for this commodity code
2026-08-02 10:15:35,771 INFO  [default] commodity code: 7 - Present energy storage/take capacity (W-hr)
2026-08-02 10:15:35,771 INFO  [default]            source: Estimated
2026-08-02 10:15:35,772 INFO  [default]   cumulative: 1170
2026-08-02 10:15:35,772 INFO  [default]    inst rate: not used for this commodity code
2026-08-02 10:15:35,974 INFO  [default] link ACK received: query_operational_state
2026-08-02 10:15:36,098 INFO  [default] operational state received: 3

Press Enter for a list of commands
2026-08-02 10:16:35,316 INFO  [default] link ACK received: get_commodity
2026-08-02 10:16:35,472 INFO  [default] message type supported received: 2
2026-08-02 10:16:35,472 INFO  [default] commodity response received. response code: 0 - success; count: 4
2026-08-02 10:16:35,472 INFO  [default] commodity code: 0 - Electricity consumed (W & W-hr)
2026-08-02 10:16:35,472 INFO  [default]            source: Estimated
2026-08-02 10:16:35,473 INFO  [default]   cumulative: 120000
2026-08-02 10:16:35,473 INFO  [default]    inst rate: 500
2026-08-02 10:16:35,473 INFO  [default] commodity code 8 - Rated max consumption level electricity (W) is not recorded in the commodity CSV
2026-08-02 10:16:35,473 INFO  [default] commodity code: 6 - Total energy storage/take capacity (W-hr)
2026-08-02 10:16:35,473 INFO  [default]            source: Estimated
2026-08-02 10:16:35,473 INFO  [default]   cumulative: 9190
2026-08-02 10:16:35,473 INFO  [default]    inst rate: not used for this commodity code
2026-08-02 10:16:35,474 INFO  [default] commodity code: 7 - Present energy storage/take capacity (W-hr)
2026-08-02 10:16:35,474 INFO  [default]            source: Estimated
2026-08-02 10:16:35,474 INFO  [default]   cumulative: 1170
2026-08-02 10:16:35,474 INFO  [default]    inst rate: not used for this commodity code
2026-08-02 10:16:35,677 INFO  [default] link ACK received: query_operational_state
2026-08-02 10:16:35,800 INFO  [default] operational state received: 3

Press Enter for a list of commands
2026-08-02 10:17:35,018 INFO  [default] link ACK received: get_commodity
2026-08-02 10:17:35,174 INFO  [default] message type supported received: 2
2026-08-02 10:17:35,174 INFO  [default] commodity response received. response code: 0 - success; count: 4
2026-08-02 10:17:35,174 INFO  [default] commodity code: 0 - Electricity consumed (W & W-hr)
2026-08-02 10:17:35,175 INFO  [default]            source: Estimated
2026-08-02 10:17:35,175 INFO  [default]   cumulative: 120000
2026-08-02 10:17:35,175 INFO  [default]    inst rate: 500
2026-08-02 10:17:35,175 INFO  [default] commodity code 8 - Rated max consumption level electricity (W) is not recorded in the commodity CSV
2026-08-02 10:17:35,175 INFO  [default] commodity code: 6 - Total energy storage/take capacity (W-hr)
2026-08-02 10:17:35,175 INFO  [default]            source: Estimated
2026-08-02 10:17:35,175 INFO  [default]   cumulative: 9190
2026-08-02 10:17:35,175 INFO  [default]    inst rate: not used for this commodity code
2026-08-02 10:17:35,176 INFO  [default] commodity code: 7 - Present energy storage/take capacity (W-hr)
2026-08-02 10:17:35,176 INFO  [default]            source: Estimated
2026-08-02 10:17:35,176 INFO  [default]   cumulative: 1193
2026-08-02 10:17:35,176 INFO  [default]    inst rate: not used for this commodity code
2026-08-02 10:17:35,378 INFO  [default] link ACK received: query_operational_state
2026-08-02 10:17:35,503 INFO  [default] operational state received: 3

Press Enter for a list of commands
2026-08-02 10:18:35,719 INFO  [default] link ACK received: get_commodity
2026-08-02 10:18:35,872 INFO  [default] message type supported received: 2
2026-08-02 10:18:35,873 INFO  [default] commodity response received. response code: 0 - success; count: 4
2026-08-02 10:18:35,873 INFO  [default] commodity code: 0 - Electricity consumed (W & W-hr)
2026-08-02 10:18:35,873 INFO  [default]            source: Estimated
2026-08-02 10:18:35,873 INFO  [default]   cumulative: 120000
2026-08-02 10:18:35,873 INFO  [default]    inst rate: 500
2026-08-02 10:18:35,874 INFO  [default] commodity code 8 - Rated max consumption level electricity (W) is not recorded in the commodity CSV
2026-08-02 10:18:35,874 INFO  [default] commodity code: 6 - Total energy storage/take capacity (W-hr)
2026-08-02 10:18:35,874 INFO  [default]            source: Estimated
2026-08-02 10:18:35,874 INFO  [default]   cumulative: 9190
2026-08-02 10:18:35,874 INFO  [default]    inst rate: not used for this commodity code
2026-08-02 10:18:35,874 INFO  [default] commodity code: 7 - Present energy storage/take capacity (W-hr)
2026-08-02 10:18:35,874 INFO  [default]            source: Estimated
2026-08-02 10:18:35,874 INFO  [default]   cumulative: 1170
2026-08-02 10:18:35,875 INFO  [default]    inst rate: not used for this commodity code
2026-08-02 10:18:36,078 INFO  [default] link ACK received: query_operational_state
2026-08-02 10:18:36,201 INFO  [default] operational state received: 3

Press Enter for a list of commands
2026-08-02 10:19:35,417 INFO  [default] link ACK received: get_commodity
2026-08-02 10:19:35,571 INFO  [default] message type supported received: 2
2026-08-02 10:19:35,572 INFO  [default] commodity response received. response code: 0 - success; count: 4
2026-08-02 10:19:35,572 INFO  [default] commodity code: 0 - Electricity consumed (W & W-hr)
2026-08-02 10:19:35,572 INFO  [default]            source: Estimated
2026-08-02 10:19:35,572 INFO  [default]   cumulative: 121000
2026-08-02 10:19:35,572 INFO  [default]    inst rate: 500
2026-08-02 10:19:35,573 INFO  [default] commodity code 8 - Rated max consumption level electricity (W) is not recorded in the commodity CSV
2026-08-02 10:19:35,573 INFO  [default] commodity code: 6 - Total energy storage/take capacity (W-hr)
2026-08-02 10:19:35,573 INFO  [default]            source: Estimated
2026-08-02 10:19:35,573 INFO  [default]   cumulative: 9190
2026-08-02 10:19:35,573 INFO  [default]    inst rate: not used for this commodity code
2026-08-02 10:19:35,573 INFO  [default] commodity code: 7 - Present energy storage/take capacity (W-hr)
2026-08-02 10:19:35,573 INFO  [default]            source: Estimated
2026-08-02 10:19:35,574 INFO  [default]   cumulative: 1193
2026-08-02 10:19:35,574 INFO  [default]    inst rate: not used for this commodity code
2026-08-02 10:19:35,776 INFO  [default] link ACK received: query_operational_state
2026-08-02 10:19:35,901 INFO  [default] operational state received: 3

Press Enter for a list of commands
2026-08-02 10:20:35,118 INFO  [default] link ACK received: get_commodity
2026-08-02 10:20:35,272 INFO  [default] message type supported received: 2
2026-08-02 10:20:35,273 INFO  [default] commodity response received. response code: 0 - success; count: 4
2026-08-02 10:20:35,273 INFO  [default] commodity code: 0 - Electricity consumed (W & W-hr)
2026-08-02 10:20:35,273 INFO  [default]            source: Estimated
2026-08-02 10:20:35,273 INFO  [default]   cumulative: 121000
2026-08-02 10:20:35,274 INFO  [default]    inst rate: 500
2026-08-02 10:20:35,274 INFO  [default] commodity code 8 - Rated max consumption level electricity (W) is not recorded in the commodity CSV
2026-08-02 10:20:35,274 INFO  [default] commodity code: 6 - Total energy storage/take capacity (W-hr)
2026-08-02 10:20:35,274 INFO  [default]            source: Estimated
2026-08-02 10:20:35,274 INFO  [default]   cumulative: 9190
2026-08-02 10:20:35,274 INFO  [default]    inst rate: not used for this commodity code
2026-08-02 10:20:35,274 INFO  [default] commodity code: 7 - Present energy storage/take capacity (W-hr)
2026-08-02 10:20:35,275 INFO  [default]            source: Estimated
2026-08-02 10:20:35,275 INFO  [default]   cumulative: 1193
2026-08-02 10:20:35,275 INFO  [default]    inst rate: not used for this commodity code
2026-08-02 10:20:35,477 INFO  [default] link ACK received: query_operational_state
2026-08-02 10:20:35,601 INFO  [default] operational state received: 3

Press Enter for a list of commands
2026-08-02 10:21:34,812 INFO  [default] link ACK received: get_commodity
2026-08-02 10:21:34,968 INFO  [default] message type supported received: 2
2026-08-02 10:21:34,968 INFO  [default] commodity response received. response code: 0 - success; count: 4
2026-08-02 10:21:34,969 INFO  [default] commodity code: 0 - Electricity consumed (W & W-hr)
2026-08-02 10:21:34,969 INFO  [default]            source: Estimated
2026-08-02 10:21:34,969 INFO  [default]   cumulative: 121000
2026-08-02 10:21:34,969 INFO  [default]    inst rate: 500
2026-08-02 10:21:34,969 INFO  [default] commodity code 8 - Rated max consumption level electricity (W) is not recorded in the commodity CSV
2026-08-02 10:21:34,969 INFO  [default] commodity code: 6 - Total energy storage/take capacity (W-hr)
2026-08-02 10:21:34,969 INFO  [default]            source: Estimated
2026-08-02 10:21:34,969 INFO  [default]   cumulative: 9190
2026-08-02 10:21:34,970 INFO  [default]    inst rate: not used for this commodity code
2026-08-02 10:21:34,970 INFO  [default] commodity code: 7 - Present energy storage/take capacity (W-hr)
2026-08-02 10:21:34,970 INFO  [default]            source: Estimated
2026-08-02 10:21:34,970 INFO  [default]   cumulative: 1170
2026-08-02 10:21:34,970 INFO  [default]    inst rate: not used for this commodity code
2026-08-02 10:21:35,173 INFO  [default] link ACK received: query_operational_state
2026-08-02 10:21:35,297 INFO  [default] operational state received: 3

Press Enter for a list of commands
2026-08-02 10:22:35,512 INFO  [default] link ACK received: get_commodity
2026-08-02 10:22:35,665 INFO  [default] message type supported received: 2
2026-08-02 10:22:35,665 INFO  [default] commodity response received. response code: 0 - success; count: 4
2026-08-02 10:22:35,666 INFO  [default] commodity code: 0 - Electricity consumed (W & W-hr)
2026-08-02 10:22:35,666 INFO  [default]            source: Estimated
2026-08-02 10:22:35,666 INFO  [default]   cumulative: 121000
2026-08-02 10:22:35,666 INFO  [default]    inst rate: 500
2026-08-02 10:22:35,666 INFO  [default] commodity code 8 - Rated max consumption level electricity (W) is not recorded in the commodity CSV
2026-08-02 10:22:35,666 INFO  [default] commodity code: 6 - Total energy storage/take capacity (W-hr)
2026-08-02 10:22:35,666 INFO  [default]            source: Estimated
2026-08-02 10:22:35,667 INFO  [default]   cumulative: 9190
2026-08-02 10:22:35,667 INFO  [default]    inst rate: not used for this commodity code
2026-08-02 10:22:35,667 INFO  [default] commodity code: 7 - Present energy storage/take capacity (W-hr)
2026-08-02 10:22:35,667 INFO  [default]            source: Estimated
2026-08-02 10:22:35,667 INFO  [default]   cumulative: 1148
2026-08-02 10:22:35,667 INFO  [default]    inst rate: not used for this commodity code
2026-08-02 10:22:35,872 INFO  [default] link ACK received: query_operational_state
2026-08-02 10:22:35,996 INFO  [default] operational state received: 3

Press Enter for a list of commands
2026-08-02 10:23:35,210 INFO  [default] link ACK received: get_commodity
2026-08-02 10:23:35,364 INFO  [default] message type supported received: 2
2026-08-02 10:23:35,364 INFO  [default] commodity response received. response code: 0 - success; count: 4
2026-08-02 10:23:35,364 INFO  [default] commodity code: 0 - Electricity consumed (W & W-hr)
2026-08-02 10:23:35,365 INFO  [default]            source: Estimated
2026-08-02 10:23:35,365 INFO  [default]   cumulative: 121000
2026-08-02 10:23:35,365 INFO  [default]    inst rate: 500
2026-08-02 10:23:35,365 INFO  [default] commodity code 8 - Rated max consumption level electricity (W) is not recorded in the commodity CSV
2026-08-02 10:23:35,365 INFO  [default] commodity code: 6 - Total energy storage/take capacity (W-hr)
2026-08-02 10:23:35,365 INFO  [default]            source: Estimated
2026-08-02 10:23:35,365 INFO  [default]   cumulative: 9190
2026-08-02 10:23:35,366 INFO  [default]    inst rate: not used for this commodity code
2026-08-02 10:23:35,366 INFO  [default] commodity code: 7 - Present energy storage/take capacity (W-hr)
2026-08-02 10:23:35,366 INFO  [default]            source: Estimated
2026-08-02 10:23:35,366 INFO  [default]   cumulative: 1126
2026-08-02 10:23:35,366 INFO  [default]    inst rate: not used for this commodity code
2026-08-02 10:23:35,568 INFO  [default] link ACK received: query_operational_state
2026-08-02 10:23:35,692 INFO  [default] operational state received: 3

Press Enter for a list of commands
2026-08-02 10:24:34,905 INFO  [default] link ACK received: get_commodity
2026-08-02 10:24:35,061 INFO  [default] message type supported received: 2
2026-08-02 10:24:35,061 INFO  [default] commodity response received. response code: 0 - success; count: 4
2026-08-02 10:24:35,061 INFO  [default] commodity code: 0 - Electricity consumed (W & W-hr)
2026-08-02 10:24:35,062 INFO  [default]            source: Estimated
2026-08-02 10:24:35,062 INFO  [default]   cumulative: 121000
2026-08-02 10:24:35,062 INFO  [default]    inst rate: 500
2026-08-02 10:24:35,062 INFO  [default] commodity code 8 - Rated max consumption level electricity (W) is not recorded in the commodity CSV
2026-08-02 10:24:35,062 INFO  [default] commodity code: 6 - Total energy storage/take capacity (W-hr)
2026-08-02 10:24:35,062 INFO  [default]            source: Estimated
2026-08-02 10:24:35,062 INFO  [default]   cumulative: 9190
2026-08-02 10:24:35,062 INFO  [default]    inst rate: not used for this commodity code
2026-08-02 10:24:35,063 INFO  [default] commodity code: 7 - Present energy storage/take capacity (W-hr)
2026-08-02 10:24:35,063 INFO  [default]            source: Estimated
2026-08-02 10:24:35,063 INFO  [default]   cumulative: 1126
2026-08-02 10:24:35,063 INFO  [default]    inst rate: not used for this commodity code
2026-08-02 10:24:35,266 INFO  [default] link ACK received: query_operational_state
2026-08-02 10:24:35,390 INFO  [default] operational state received: 3

Press Enter for a list of commands
2026-08-02 10:25:35,606 INFO  [default] link ACK received: get_commodity
2026-08-02 10:25:35,760 INFO  [default] message type supported received: 2
2026-08-02 10:25:35,760 INFO  [default] commodity response received. response code: 0 - success; count: 4
2026-08-02 10:25:35,761 INFO  [default] commodity code: 0 - Electricity consumed (W & W-hr)
2026-08-02 10:25:35,761 INFO  [default]            source: Estimated
2026-08-02 10:25:35,761 INFO  [default]   cumulative: 121000
2026-08-02 10:25:35,761 INFO  [default]    inst rate: 500
2026-08-02 10:25:35,761 INFO  [default] commodity code 8 - Rated max consumption level electricity (W) is not recorded in the commodity CSV
2026-08-02 10:25:35,762 INFO  [default] commodity code: 6 - Total energy storage/take capacity (W-hr)
2026-08-02 10:25:35,762 INFO  [default]            source: Estimated
2026-08-02 10:25:35,762 INFO  [default]   cumulative: 9190
2026-08-02 10:25:35,762 INFO  [default]    inst rate: not used for this commodity code
2026-08-02 10:25:35,762 INFO  [default] commodity code: 7 - Present energy storage/take capacity (W-hr)
2026-08-02 10:25:35,762 INFO  [default]            source: Estimated
2026-08-02 10:25:35,762 INFO  [default]   cumulative: 1082
2026-08-02 10:25:35,762 INFO  [default]    inst rate: not used for this commodity code
2026-08-02 10:25:35,965 INFO  [default] link ACK received: query_operational_state
2026-08-02 10:25:36,089 INFO  [default] operational state received: 3

Press Enter for a list of commands
2026-08-02 10:26:35,310 INFO  [default] link ACK received: get_commodity
2026-08-02 10:26:35,463 INFO  [default] message type supported received: 2
2026-08-02 10:26:35,463 INFO  [default] commodity response received. response code: 0 - success; count: 4
2026-08-02 10:26:35,464 INFO  [default] commodity code: 0 - Electricity consumed (W & W-hr)
2026-08-02 10:26:35,464 INFO  [default]            source: Estimated
2026-08-02 10:26:35,464 INFO  [default]   cumulative: 121000
2026-08-02 10:26:35,464 INFO  [default]    inst rate: 500
2026-08-02 10:26:35,464 INFO  [default] commodity code 8 - Rated max consumption level electricity (W) is not recorded in the commodity CSV
2026-08-02 10:26:35,465 INFO  [default] commodity code: 6 - Total energy storage/take capacity (W-hr)
2026-08-02 10:26:35,465 INFO  [default]            source: Estimated
2026-08-02 10:26:35,465 INFO  [default]   cumulative: 9190
2026-08-02 10:26:35,465 INFO  [default]    inst rate: not used for this commodity code
2026-08-02 10:26:35,465 INFO  [default] commodity code: 7 - Present energy storage/take capacity (W-hr)
2026-08-02 10:26:35,465 INFO  [default]            source: Estimated
2026-08-02 10:26:35,465 INFO  [default]   cumulative: 1060
2026-08-02 10:26:35,465 INFO  [default]    inst rate: not used for this commodity code
2026-08-02 10:26:35,669 INFO  [default] link ACK received: query_operational_state
2026-08-02 10:26:35,792 INFO  [default] operational state received: 3

Press Enter for a list of commands
2026-08-02 10:27:35,009 INFO  [default] link ACK received: get_commodity
2026-08-02 10:27:35,163 INFO  [default] message type supported received: 2
2026-08-02 10:27:35,163 INFO  [default] commodity response received. response code: 0 - success; count: 4
2026-08-02 10:27:35,164 INFO  [default] commodity code: 0 - Electricity consumed (W & W-hr)
2026-08-02 10:27:35,164 INFO  [default]            source: Estimated
2026-08-02 10:27:35,164 INFO  [default]   cumulative: 121000
2026-08-02 10:27:35,164 INFO  [default]    inst rate: 500
2026-08-02 10:27:35,165 INFO  [default] commodity code 8 - Rated max consumption level electricity (W) is not recorded in the commodity CSV
2026-08-02 10:27:35,165 INFO  [default] commodity code: 6 - Total energy storage/take capacity (W-hr)
2026-08-02 10:27:35,165 INFO  [default]            source: Estimated
2026-08-02 10:27:35,165 INFO  [default]   cumulative: 9190
2026-08-02 10:27:35,165 INFO  [default]    inst rate: not used for this commodity code
2026-08-02 10:27:35,165 INFO  [default] commodity code: 7 - Present energy storage/take capacity (W-hr)
2026-08-02 10:27:35,165 INFO  [default]            source: Estimated
2026-08-02 10:27:35,166 INFO  [default]   cumulative: 1038
2026-08-02 10:27:35,166 INFO  [default]    inst rate: not used for this commodity code
2026-08-02 10:27:35,369 INFO  [default] link ACK received: query_operational_state
2026-08-02 10:27:35,492 INFO  [default] operational state received: 3

Press Enter for a list of commands
2026-08-02 10:28:35,708 INFO  [default] link ACK received: get_commodity
2026-08-02 10:28:35,862 INFO  [default] message type supported received: 2
2026-08-02 10:28:35,862 INFO  [default] commodity response received. response code: 0 - success; count: 4
2026-08-02 10:28:35,863 INFO  [default] commodity code: 0 - Electricity consumed (W & W-hr)
2026-08-02 10:28:35,863 INFO  [default]            source: Estimated
2026-08-02 10:28:35,863 INFO  [default]   cumulative: 121000
2026-08-02 10:28:35,863 INFO  [default]    inst rate: 500
2026-08-02 10:28:35,863 INFO  [default] commodity code 8 - Rated max consumption level electricity (W) is not recorded in the commodity CSV
2026-08-02 10:28:35,863 INFO  [default] commodity code: 6 - Total energy storage/take capacity (W-hr)
2026-08-02 10:28:35,863 INFO  [default]            source: Estimated
2026-08-02 10:28:35,864 INFO  [default]   cumulative: 9190
2026-08-02 10:28:35,864 INFO  [default]    inst rate: not used for this commodity code
2026-08-02 10:28:35,864 INFO  [default] commodity code: 7 - Present energy storage/take capacity (W-hr)
2026-08-02 10:28:35,864 INFO  [default]            source: Estimated
2026-08-02 10:28:35,864 INFO  [default]   cumulative: 1038
2026-08-02 10:28:35,864 INFO  [default]    inst rate: not used for this commodity code
2026-08-02 10:28:36,067 INFO  [default] link ACK received: query_operational_state
2026-08-02 10:28:36,192 INFO  [default] operational state received: 3

Press Enter for a list of commands
2026-08-02 10:29:35,405 INFO  [default] link ACK received: get_commodity
2026-08-02 10:29:35,559 INFO  [default] message type supported received: 2
2026-08-02 10:29:35,560 INFO  [default] commodity response received. response code: 0 - success; count: 4
2026-08-02 10:29:35,560 INFO  [default] commodity code: 0 - Electricity consumed (W & W-hr)
2026-08-02 10:29:35,560 INFO  [default]            source: Estimated
2026-08-02 10:29:35,560 INFO  [default]   cumulative: 121000
2026-08-02 10:29:35,560 INFO  [default]    inst rate: 500
2026-08-02 10:29:35,561 INFO  [default] commodity code 8 - Rated max consumption level electricity (W) is not recorded in the commodity CSV
2026-08-02 10:29:35,561 INFO  [default] commodity code: 6 - Total energy storage/take capacity (W-hr)
2026-08-02 10:29:35,561 INFO  [default]            source: Estimated
2026-08-02 10:29:35,561 INFO  [default]   cumulative: 9190
2026-08-02 10:29:35,561 INFO  [default]    inst rate: not used for this commodity code
2026-08-02 10:29:35,561 INFO  [default] commodity code: 7 - Present energy storage/take capacity (W-hr)
2026-08-02 10:29:35,561 INFO  [default]            source: Estimated
2026-08-02 10:29:35,561 INFO  [default]   cumulative: 1016
2026-08-02 10:29:35,562 INFO  [default]    inst rate: not used for this commodity code
2026-08-02 10:29:35,765 INFO  [default] link ACK received: query_operational_state
2026-08-02 10:29:35,888 INFO  [default] operational state received: 3

Press Enter for a list of commands
2026-08-02 10:30:35,105 INFO  [default] link ACK received: get_commodity
2026-08-02 10:30:35,259 INFO  [default] message type supported received: 2
2026-08-02 10:30:35,259 INFO  [default] commodity response received. response code: 0 - success; count: 4
2026-08-02 10:30:35,259 INFO  [default] commodity code: 0 - Electricity consumed (W & W-hr)
2026-08-02 10:30:35,260 INFO  [default]            source: Estimated
2026-08-02 10:30:35,260 INFO  [default]   cumulative: 121000
2026-08-02 10:30:35,260 INFO  [default]    inst rate: 500
2026-08-02 10:30:35,260 INFO  [default] commodity code 8 - Rated max consumption level electricity (W) is not recorded in the commodity CSV
2026-08-02 10:30:35,260 INFO  [default] commodity code: 6 - Total energy storage/take capacity (W-hr)
2026-08-02 10:30:35,260 INFO  [default]            source: Estimated
2026-08-02 10:30:35,260 INFO  [default]   cumulative: 9190
2026-08-02 10:30:35,260 INFO  [default]    inst rate: not used for this commodity code
2026-08-02 10:30:35,261 INFO  [default] commodity code: 7 - Present energy storage/take capacity (W-hr)
2026-08-02 10:30:35,261 INFO  [default]            source: Estimated
2026-08-02 10:30:35,261 INFO  [default]   cumulative: 994
2026-08-02 10:30:35,261 INFO  [default]    inst rate: not used for this commodity code
2026-08-02 10:30:35,463 INFO  [default] link ACK received: query_operational_state
2026-08-02 10:30:35,587 INFO  [default] operational state received: 3

Press Enter for a list of commands
2026-08-02 10:31:34,801 INFO  [default] link ACK received: get_commodity
2026-08-02 10:31:34,954 INFO  [default] message type supported received: 2
2026-08-02 10:31:34,954 INFO  [default] commodity response received. response code: 0 - success; count: 4
2026-08-02 10:31:34,955 INFO  [default] commodity code: 0 - Electricity consumed (W & W-hr)
2026-08-02 10:31:34,955 INFO  [default]            source: Estimated
2026-08-02 10:31:34,955 INFO  [default]   cumulative: 121000
2026-08-02 10:31:34,955 INFO  [default]    inst rate: 500
2026-08-02 10:31:34,955 INFO  [default] commodity code 8 - Rated max consumption level electricity (W) is not recorded in the commodity CSV
2026-08-02 10:31:34,956 INFO  [default] commodity code: 6 - Total energy storage/take capacity (W-hr)
2026-08-02 10:31:34,956 INFO  [default]            source: Estimated
2026-08-02 10:31:34,956 INFO  [default]   cumulative: 9190
2026-08-02 10:31:34,956 INFO  [default]    inst rate: not used for this commodity code
2026-08-02 10:31:34,956 INFO  [default] commodity code: 7 - Present energy storage/take capacity (W-hr)
2026-08-02 10:31:34,956 INFO  [default]            source: Estimated
2026-08-02 10:31:34,956 INFO  [default]   cumulative: 994
2026-08-02 10:31:34,956 INFO  [default]    inst rate: not used for this commodity code
2026-08-02 10:31:35,158 INFO  [default] link ACK received: query_operational_state
2026-08-02 10:31:35,282 INFO  [default] operational state received: 3

Press Enter for a list of commands
2026-08-02 10:32:35,498 INFO  [default] link ACK received: get_commodity
2026-08-02 10:32:35,652 INFO  [default] message type supported received: 2
2026-08-02 10:32:35,652 INFO  [default] commodity response received. response code: 0 - success; count: 4
2026-08-02 10:32:35,653 INFO  [default] commodity code: 0 - Electricity consumed (W & W-hr)
2026-08-02 10:32:35,653 INFO  [default]            source: Estimated
2026-08-02 10:32:35,653 INFO  [default]   cumulative: 121000
2026-08-02 10:32:35,653 INFO  [default]    inst rate: 500
2026-08-02 10:32:35,653 INFO  [default] commodity code 8 - Rated max consumption level electricity (W) is not recorded in the commodity CSV
2026-08-02 10:32:35,654 INFO  [default] commodity code: 6 - Total energy storage/take capacity (W-hr)
2026-08-02 10:32:35,654 INFO  [default]            source: Estimated
2026-08-02 10:32:35,654 INFO  [default]   cumulative: 9190
2026-08-02 10:32:35,654 INFO  [default]    inst rate: not used for this commodity code
2026-08-02 10:32:35,654 INFO  [default] commodity code: 7 - Present energy storage/take capacity (W-hr)
2026-08-02 10:32:35,654 INFO  [default]            source: Estimated
2026-08-02 10:32:35,654 INFO  [default]   cumulative: 949
2026-08-02 10:32:35,654 INFO  [default]    inst rate: not used for this commodity code
2026-08-02 10:32:35,858 INFO  [default] link ACK received: query_operational_state
2026-08-02 10:32:35,981 INFO  [default] operational state received: 3

Press Enter for a list of commands
2026-08-02 10:33:35,198 INFO  [default] link ACK received: get_commodity
2026-08-02 10:33:35,352 INFO  [default] message type supported received: 2
2026-08-02 10:33:35,353 INFO  [default] commodity response received. response code: 0 - success; count: 4
2026-08-02 10:33:35,353 INFO  [default] commodity code: 0 - Electricity consumed (W & W-hr)
2026-08-02 10:33:35,353 INFO  [default]            source: Estimated
2026-08-02 10:33:35,354 INFO  [default]   cumulative: 121000
2026-08-02 10:33:35,354 INFO  [default]    inst rate: 500
2026-08-02 10:33:35,354 INFO  [default] commodity code 8 - Rated max consumption level electricity (W) is not recorded in the commodity CSV
2026-08-02 10:33:35,354 INFO  [default] commodity code: 6 - Total energy storage/take capacity (W-hr)
2026-08-02 10:33:35,354 INFO  [default]            source: Estimated
2026-08-02 10:33:35,354 INFO  [default]   cumulative: 9190
2026-08-02 10:33:35,354 INFO  [default]    inst rate: not used for this commodity code
2026-08-02 10:33:35,354 INFO  [default] commodity code: 7 - Present energy storage/take capacity (W-hr)
2026-08-02 10:33:35,355 INFO  [default]            source: Estimated
2026-08-02 10:33:35,355 INFO  [default]   cumulative: 927
2026-08-02 10:33:35,355 INFO  [default]    inst rate: not used for this commodity code
2026-08-02 10:33:35,557 INFO  [default] link ACK received: query_operational_state
2026-08-02 10:33:35,682 INFO  [default] operational state received: 3

Press Enter for a list of commands
2026-08-02 10:34:34,895 INFO  [default] link ACK received: get_commodity
2026-08-02 10:34:35,049 INFO  [default] message type supported received: 2
2026-08-02 10:34:35,049 INFO  [default] commodity response received. response code: 0 - success; count: 4
2026-08-02 10:34:35,050 INFO  [default] commodity code: 0 - Electricity consumed (W & W-hr)
2026-08-02 10:34:35,050 INFO  [default]            source: Estimated
2026-08-02 10:34:35,050 INFO  [default]   cumulative: 121000
2026-08-02 10:34:35,050 INFO  [default]    inst rate: 500
2026-08-02 10:34:35,050 INFO  [default] commodity code 8 - Rated max consumption level electricity (W) is not recorded in the commodity CSV
2026-08-02 10:34:35,050 INFO  [default] commodity code: 6 - Total energy storage/take capacity (W-hr)
2026-08-02 10:34:35,051 INFO  [default]            source: Estimated
2026-08-02 10:34:35,051 INFO  [default]   cumulative: 9190
2026-08-02 10:34:35,051 INFO  [default]    inst rate: not used for this commodity code
2026-08-02 10:34:35,051 INFO  [default] commodity code: 7 - Present energy storage/take capacity (W-hr)
2026-08-02 10:34:35,051 INFO  [default]            source: Estimated
2026-08-02 10:34:35,051 INFO  [default]   cumulative: 927
2026-08-02 10:34:35,051 INFO  [default]    inst rate: not used for this commodity code
2026-08-02 10:34:35,254 INFO  [default] link ACK received: query_operational_state
2026-08-02 10:34:35,378 INFO  [default] operational state received: 3

Press Enter for a list of commands
2026-08-02 10:35:35,594 INFO  [default] link ACK received: get_commodity
2026-08-02 10:35:35,747 INFO  [default] message type supported received: 2
2026-08-02 10:35:35,747 INFO  [default] commodity response received. response code: 0 - success; count: 4
2026-08-02 10:35:35,748 INFO  [default] commodity code: 0 - Electricity consumed (W & W-hr)
2026-08-02 10:35:35,748 INFO  [default]            source: Estimated
2026-08-02 10:35:35,748 INFO  [default]   cumulative: 121000
2026-08-02 10:35:35,748 INFO  [default]    inst rate: 500
2026-08-02 10:35:35,748 INFO  [default] commodity code 8 - Rated max consumption level electricity (W) is not recorded in the commodity CSV
2026-08-02 10:35:35,749 INFO  [default] commodity code: 6 - Total energy storage/take capacity (W-hr)
2026-08-02 10:35:35,749 INFO  [default]            source: Estimated
2026-08-02 10:35:35,749 INFO  [default]   cumulative: 9190
2026-08-02 10:35:35,749 INFO  [default]    inst rate: not used for this commodity code
2026-08-02 10:35:35,749 INFO  [default] commodity code: 7 - Present energy storage/take capacity (W-hr)
2026-08-02 10:35:35,749 INFO  [default]            source: Estimated
2026-08-02 10:35:35,749 INFO  [default]   cumulative: 883
2026-08-02 10:35:35,750 INFO  [default]    inst rate: not used for this commodity code
2026-08-02 10:35:35,953 INFO  [default] link ACK received: query_operational_state
2026-08-02 10:35:36,076 INFO  [default] operational state received: 3

Press Enter for a list of commands
2026-08-02 10:36:35,291 INFO  [default] link ACK received: get_commodity
2026-08-02 10:36:35,445 INFO  [default] message type supported received: 2
2026-08-02 10:36:35,445 INFO  [default] commodity response received. response code: 0 - success; count: 4
2026-08-02 10:36:35,446 INFO  [default] commodity code: 0 - Electricity consumed (W & W-hr)
2026-08-02 10:36:35,446 INFO  [default]            source: Estimated
2026-08-02 10:36:35,446 INFO  [default]   cumulative: 121000
2026-08-02 10:36:35,446 INFO  [default]    inst rate: 500
2026-08-02 10:36:35,446 INFO  [default] commodity code 8 - Rated max consumption level electricity (W) is not recorded in the commodity CSV
2026-08-02 10:36:35,446 INFO  [default] commodity code: 6 - Total energy storage/take capacity (W-hr)
2026-08-02 10:36:35,446 INFO  [default]            source: Estimated
2026-08-02 10:36:35,446 INFO  [default]   cumulative: 9190
2026-08-02 10:36:35,447 INFO  [default]    inst rate: not used for this commodity code
2026-08-02 10:36:35,447 INFO  [default] commodity code: 7 - Present energy storage/take capacity (W-hr)
2026-08-02 10:36:35,447 INFO  [default]            source: Estimated
2026-08-02 10:36:35,447 INFO  [default]   cumulative: 861
2026-08-02 10:36:35,447 INFO  [default]    inst rate: not used for this commodity code
2026-08-02 10:36:35,650 INFO  [default] link ACK received: query_operational_state
2026-08-02 10:36:35,775 INFO  [default] operational state received: 3

Press Enter for a list of commands
2026-08-02 10:37:34,987 INFO  [default] link ACK received: get_commodity
2026-08-02 10:37:35,143 INFO  [default] message type supported received: 2
2026-08-02 10:37:35,143 INFO  [default] commodity response received. response code: 0 - success; count: 4
2026-08-02 10:37:35,143 INFO  [default] commodity code: 0 - Electricity consumed (W & W-hr)
2026-08-02 10:37:35,143 INFO  [default]            source: Estimated
2026-08-02 10:37:35,143 INFO  [default]   cumulative: 121000
2026-08-02 10:37:35,144 INFO  [default]    inst rate: 500
2026-08-02 10:37:35,144 INFO  [default] commodity code 8 - Rated max consumption level electricity (W) is not recorded in the commodity CSV
2026-08-02 10:37:35,144 INFO  [default] commodity code: 6 - Total energy storage/take capacity (W-hr)
2026-08-02 10:37:35,144 INFO  [default]            source: Estimated
2026-08-02 10:37:35,144 INFO  [default]   cumulative: 9190
2026-08-02 10:37:35,144 INFO  [default]    inst rate: not used for this commodity code
2026-08-02 10:37:35,144 INFO  [default] commodity code: 7 - Present energy storage/take capacity (W-hr)
2026-08-02 10:37:35,144 INFO  [default]            source: Estimated
2026-08-02 10:37:35,145 INFO  [default]   cumulative: 817
2026-08-02 10:37:35,145 INFO  [default]    inst rate: not used for this commodity code
2026-08-02 10:37:35,347 INFO  [default] link ACK received: query_operational_state
2026-08-02 10:37:35,471 INFO  [default] operational state received: 3

Press Enter for a list of commands
2026-08-02 10:38:35,689 INFO  [default] link ACK received: get_commodity
2026-08-02 10:38:35,842 INFO  [default] message type supported received: 2
2026-08-02 10:38:35,843 INFO  [default] commodity response received. response code: 0 - success; count: 4
2026-08-02 10:38:35,843 INFO  [default] commodity code: 0 - Electricity consumed (W & W-hr)
2026-08-02 10:38:35,843 INFO  [default]            source: Estimated
2026-08-02 10:38:35,843 INFO  [default]   cumulative: 121000
2026-08-02 10:38:35,843 INFO  [default]    inst rate: 500
2026-08-02 10:38:35,844 INFO  [default] commodity code 8 - Rated max consumption level electricity (W) is not recorded in the commodity CSV
2026-08-02 10:38:35,844 INFO  [default] commodity code: 6 - Total energy storage/take capacity (W-hr)
2026-08-02 10:38:35,844 INFO  [default]            source: Estimated
2026-08-02 10:38:35,844 INFO  [default]   cumulative: 9190
2026-08-02 10:38:35,844 INFO  [default]    inst rate: not used for this commodity code
2026-08-02 10:38:35,844 INFO  [default] commodity code: 7 - Present energy storage/take capacity (W-hr)
2026-08-02 10:38:35,844 INFO  [default]            source: Estimated
2026-08-02 10:38:35,844 INFO  [default]   cumulative: 839
2026-08-02 10:38:35,845 INFO  [default]    inst rate: not used for this commodity code
2026-08-02 10:38:36,048 INFO  [default] link ACK received: query_operational_state
2026-08-02 10:38:36,171 INFO  [default] operational state received: 3

Press Enter for a list of commands
2026-08-02 10:39:35,391 INFO  [default] link ACK received: get_commodity
2026-08-02 10:39:35,544 INFO  [default] message type supported received: 2
2026-08-02 10:39:35,544 INFO  [default] commodity response received. response code: 0 - success; count: 4
2026-08-02 10:39:35,545 INFO  [default] commodity code: 0 - Electricity consumed (W & W-hr)
2026-08-02 10:39:35,545 INFO  [default]            source: Estimated
2026-08-02 10:39:35,545 INFO  [default]   cumulative: 121000
2026-08-02 10:39:35,545 INFO  [default]    inst rate: 500
2026-08-02 10:39:35,545 INFO  [default] commodity code 8 - Rated max consumption level electricity (W) is not recorded in the commodity CSV
2026-08-02 10:39:35,545 INFO  [default] commodity code: 6 - Total energy storage/take capacity (W-hr)
2026-08-02 10:39:35,546 INFO  [default]            source: Estimated
2026-08-02 10:39:35,546 INFO  [default]   cumulative: 9190
2026-08-02 10:39:35,546 INFO  [default]    inst rate: not used for this commodity code
2026-08-02 10:39:35,546 INFO  [default] commodity code: 7 - Present energy storage/take capacity (W-hr)
2026-08-02 10:39:35,546 INFO  [default]            source: Estimated
2026-08-02 10:39:35,546 INFO  [default]   cumulative: 751
2026-08-02 10:39:35,546 INFO  [default]    inst rate: not used for this commodity code
2026-08-02 10:39:35,752 INFO  [default] link ACK received: query_operational_state
2026-08-02 10:39:35,875 INFO  [default] operational state received: 3

Press Enter for a list of commands
2026-08-02 10:40:35,096 INFO  [default] link ACK received: get_commodity
2026-08-02 10:40:35,250 INFO  [default] message type supported received: 2
2026-08-02 10:40:35,250 INFO  [default] commodity response received. response code: 0 - success; count: 4
2026-08-02 10:40:35,250 INFO  [default] commodity code: 0 - Electricity consumed (W & W-hr)
2026-08-02 10:40:35,251 INFO  [default]            source: Estimated
2026-08-02 10:40:35,251 INFO  [default]   cumulative: 121000
2026-08-02 10:40:35,251 INFO  [default]    inst rate: 500
2026-08-02 10:40:35,251 INFO  [default] commodity code 8 - Rated max consumption level electricity (W) is not recorded in the commodity CSV
2026-08-02 10:40:35,251 INFO  [default] commodity code: 6 - Total energy storage/take capacity (W-hr)
2026-08-02 10:40:35,251 INFO  [default]            source: Estimated
2026-08-02 10:40:35,251 INFO  [default]   cumulative: 9190
2026-08-02 10:40:35,251 INFO  [default]    inst rate: not used for this commodity code
2026-08-02 10:40:35,251 INFO  [default] commodity code: 7 - Present energy storage/take capacity (W-hr)
2026-08-02 10:40:35,252 INFO  [default]            source: Estimated
2026-08-02 10:40:35,252 INFO  [default]   cumulative: 729
2026-08-02 10:40:35,252 INFO  [default]    inst rate: not used for this commodity code
2026-08-02 10:40:35,455 INFO  [default] link ACK received: query_operational_state
2026-08-02 10:40:35,579 INFO  [default] operational state received: 3

Press Enter for a list of commands
2026-08-02 10:41:34,796 INFO  [default] link ACK received: get_commodity
2026-08-02 10:41:34,950 INFO  [default] message type supported received: 2
2026-08-02 10:41:34,950 INFO  [default] commodity response received. response code: 0 - success; count: 4
2026-08-02 10:41:34,951 INFO  [default] commodity code: 0 - Electricity consumed (W & W-hr)
2026-08-02 10:41:34,951 INFO  [default]            source: Estimated
2026-08-02 10:41:34,951 INFO  [default]   cumulative: 121000
2026-08-02 10:41:34,951 INFO  [default]    inst rate: 500
2026-08-02 10:41:34,951 INFO  [default] commodity code 8 - Rated max consumption level electricity (W) is not recorded in the commodity CSV
2026-08-02 10:41:34,952 INFO  [default] commodity code: 6 - Total energy storage/take capacity (W-hr)
2026-08-02 10:41:34,952 INFO  [default]            source: Estimated
2026-08-02 10:41:34,952 INFO  [default]   cumulative: 9190
2026-08-02 10:41:34,952 INFO  [default]    inst rate: not used for this commodity code
2026-08-02 10:41:34,952 INFO  [default] commodity code: 7 - Present energy storage/take capacity (W-hr)
2026-08-02 10:41:34,952 INFO  [default]            source: Estimated
2026-08-02 10:41:34,952 INFO  [default]   cumulative: 706
2026-08-02 10:41:34,952 INFO  [default]    inst rate: not used for this commodity code
2026-08-02 10:41:35,155 INFO  [default] link ACK received: query_operational_state
2026-08-02 10:41:35,279 INFO  [default] operational state received: 3

Press Enter for a list of commands
2026-08-02 10:42:35,502 INFO  [default] link ACK received: get_commodity
2026-08-02 10:42:35,658 INFO  [default] message type supported received: 2
2026-08-02 10:42:35,658 INFO  [default] commodity response received. response code: 0 - success; count: 4
2026-08-02 10:42:35,658 INFO  [default] commodity code: 0 - Electricity consumed (W & W-hr)
2026-08-02 10:42:35,658 INFO  [default]            source: Estimated
2026-08-02 10:42:35,659 INFO  [default]   cumulative: 121000
2026-08-02 10:42:35,659 INFO  [default]    inst rate: 500
2026-08-02 10:42:35,659 INFO  [default] commodity code 8 - Rated max consumption level electricity (W) is not recorded in the commodity CSV
2026-08-02 10:42:35,659 INFO  [default] commodity code: 6 - Total energy storage/take capacity (W-hr)
2026-08-02 10:42:35,659 INFO  [default]            source: Estimated
2026-08-02 10:42:35,659 INFO  [default]   cumulative: 9190
2026-08-02 10:42:35,659 INFO  [default]    inst rate: not used for this commodity code
2026-08-02 10:42:35,660 INFO  [default] commodity code: 7 - Present energy storage/take capacity (W-hr)
2026-08-02 10:42:35,660 INFO  [default]            source: Estimated
2026-08-02 10:42:35,660 INFO  [default]   cumulative: 662
2026-08-02 10:42:35,660 INFO  [default]    inst rate: not used for this commodity code
2026-08-02 10:42:35,863 INFO  [default] link ACK received: query_operational_state
2026-08-02 10:42:35,987 INFO  [default] operational state received: 3

Press Enter for a list of commands
2026-08-02 10:43:35,208 INFO  [default] link ACK received: get_commodity
2026-08-02 10:43:35,361 INFO  [default] message type supported received: 2
2026-08-02 10:43:35,362 INFO  [default] commodity response received. response code: 0 - success; count: 4
2026-08-02 10:43:35,362 INFO  [default] commodity code: 0 - Electricity consumed (W & W-hr)
2026-08-02 10:43:35,362 INFO  [default]            source: Estimated
2026-08-02 10:43:35,362 INFO  [default]   cumulative: 121000
2026-08-02 10:43:35,363 INFO  [default]    inst rate: 500
2026-08-02 10:43:35,363 INFO  [default] commodity code 8 - Rated max consumption level electricity (W) is not recorded in the commodity CSV
2026-08-02 10:43:35,363 INFO  [default] commodity code: 6 - Total energy storage/take capacity (W-hr)
2026-08-02 10:43:35,363 INFO  [default]            source: Estimated
2026-08-02 10:43:35,363 INFO  [default]   cumulative: 9190
2026-08-02 10:43:35,363 INFO  [default]    inst rate: not used for this commodity code
2026-08-02 10:43:35,363 INFO  [default] commodity code: 7 - Present energy storage/take capacity (W-hr)
2026-08-02 10:43:35,363 INFO  [default]            source: Estimated
2026-08-02 10:43:35,364 INFO  [default]   cumulative: 640
2026-08-02 10:43:35,364 INFO  [default]    inst rate: not used for this commodity code
2026-08-02 10:43:35,567 INFO  [default] link ACK received: query_operational_state
2026-08-02 10:43:35,690 INFO  [default] operational state received: 3

Press Enter for a list of commands
2026-08-02 10:44:34,910 INFO  [default] link ACK received: get_commodity
2026-08-02 10:44:35,065 INFO  [default] message type supported received: 2
2026-08-02 10:44:35,065 INFO  [default] commodity response received. response code: 0 - success; count: 4
2026-08-02 10:44:35,066 INFO  [default] commodity code: 0 - Electricity consumed (W & W-hr)
2026-08-02 10:44:35,066 INFO  [default]            source: Estimated
2026-08-02 10:44:35,066 INFO  [default]   cumulative: 121000
2026-08-02 10:44:35,066 INFO  [default]    inst rate: 500
2026-08-02 10:44:35,066 INFO  [default] commodity code 8 - Rated max consumption level electricity (W) is not recorded in the commodity CSV
2026-08-02 10:44:35,067 INFO  [default] commodity code: 6 - Total energy storage/take capacity (W-hr)
2026-08-02 10:44:35,067 INFO  [default]            source: Estimated
2026-08-02 10:44:35,067 INFO  [default]   cumulative: 9190
2026-08-02 10:44:35,067 INFO  [default]    inst rate: not used for this commodity code
2026-08-02 10:44:35,067 INFO  [default] commodity code: 7 - Present energy storage/take capacity (W-hr)
2026-08-02 10:44:35,067 INFO  [default]            source: Estimated
2026-08-02 10:44:35,067 INFO  [default]   cumulative: 618
2026-08-02 10:44:35,067 INFO  [default]    inst rate: not used for this commodity code
2026-08-02 10:44:35,270 INFO  [default] link ACK received: query_operational_state
2026-08-02 10:44:35,394 INFO  [default] operational state received: 3

Press Enter for a list of commands
2026-08-02 10:45:35,612 INFO  [default] link ACK received: get_commodity
2026-08-02 10:45:35,766 INFO  [default] message type supported received: 2
2026-08-02 10:45:35,767 INFO  [default] commodity response received. response code: 0 - success; count: 4
2026-08-02 10:45:35,767 INFO  [default] commodity code: 0 - Electricity consumed (W & W-hr)
2026-08-02 10:45:35,767 INFO  [default]            source: Estimated
2026-08-02 10:45:35,767 INFO  [default]   cumulative: 121000
2026-08-02 10:45:35,768 INFO  [default]    inst rate: 500
2026-08-02 10:45:35,768 INFO  [default] commodity code 8 - Rated max consumption level electricity (W) is not recorded in the commodity CSV
2026-08-02 10:45:35,768 INFO  [default] commodity code: 6 - Total energy storage/take capacity (W-hr)
2026-08-02 10:45:35,768 INFO  [default]            source: Estimated
2026-08-02 10:45:35,768 INFO  [default]   cumulative: 9190
2026-08-02 10:45:35,768 INFO  [default]    inst rate: not used for this commodity code
2026-08-02 10:45:35,768 INFO  [default] commodity code: 7 - Present energy storage/take capacity (W-hr)
2026-08-02 10:45:35,768 INFO  [default]            source: Estimated
2026-08-02 10:45:35,769 INFO  [default]   cumulative: 596
2026-08-02 10:45:35,769 INFO  [default]    inst rate: not used for this commodity code
2026-08-02 10:45:35,971 INFO  [default] link ACK received: query_operational_state
2026-08-02 10:45:36,094 INFO  [default] operational state received: 3

Press Enter for a list of commands
2026-08-02 10:46:35,314 INFO  [default] link ACK received: get_commodity
2026-08-02 10:46:35,467 INFO  [default] message type supported received: 2
2026-08-02 10:46:35,468 INFO  [default] commodity response received. response code: 0 - success; count: 4
2026-08-02 10:46:35,468 INFO  [default] commodity code: 0 - Electricity consumed (W & W-hr)
2026-08-02 10:46:35,468 INFO  [default]            source: Estimated
2026-08-02 10:46:35,468 INFO  [default]   cumulative: 121000
2026-08-02 10:46:35,468 INFO  [default]    inst rate: 500
2026-08-02 10:46:35,469 INFO  [default] commodity code 8 - Rated max consumption level electricity (W) is not recorded in the commodity CSV
2026-08-02 10:46:35,469 INFO  [default] commodity code: 6 - Total energy storage/take capacity (W-hr)
2026-08-02 10:46:35,469 INFO  [default]            source: Estimated
2026-08-02 10:46:35,469 INFO  [default]   cumulative: 9190
2026-08-02 10:46:35,469 INFO  [default]    inst rate: not used for this commodity code
2026-08-02 10:46:35,469 INFO  [default] commodity code: 7 - Present energy storage/take capacity (W-hr)
2026-08-02 10:46:35,469 INFO  [default]            source: Estimated
2026-08-02 10:46:35,470 INFO  [default]   cumulative: 552
2026-08-02 10:46:35,470 INFO  [default]    inst rate: not used for this commodity code
2026-08-02 10:46:35,675 INFO  [default] link ACK received: query_operational_state
2026-08-02 10:46:35,798 INFO  [default] operational state received: 3

Press Enter for a list of commands
2026-08-02 10:47:35,014 INFO  [default] link ACK received: get_commodity
2026-08-02 10:47:35,168 INFO  [default] message type supported received: 2
2026-08-02 10:47:35,169 INFO  [default] commodity response received. response code: 0 - success; count: 4
2026-08-02 10:47:35,169 INFO  [default] commodity code: 0 - Electricity consumed (W & W-hr)
2026-08-02 10:47:35,169 INFO  [default]            source: Estimated
2026-08-02 10:47:35,169 INFO  [default]   cumulative: 121000
2026-08-02 10:47:35,169 INFO  [default]    inst rate: 500
2026-08-02 10:47:35,170 INFO  [default] commodity code 8 - Rated max consumption level electricity (W) is not recorded in the commodity CSV
2026-08-02 10:47:35,170 INFO  [default] commodity code: 6 - Total energy storage/take capacity (W-hr)
2026-08-02 10:47:35,170 INFO  [default]            source: Estimated
2026-08-02 10:47:35,170 INFO  [default]   cumulative: 9190
2026-08-02 10:47:35,170 INFO  [default]    inst rate: not used for this commodity code
2026-08-02 10:47:35,170 INFO  [default] commodity code: 7 - Present energy storage/take capacity (W-hr)
2026-08-02 10:47:35,170 INFO  [default]            source: Estimated
2026-08-02 10:47:35,170 INFO  [default]   cumulative: 530
2026-08-02 10:47:35,171 INFO  [default]    inst rate: not used for this commodity code
2026-08-02 10:47:35,374 INFO  [default] link ACK received: query_operational_state
2026-08-02 10:47:35,497 INFO  [default] operational state received: 3

Press Enter for a list of commands
2026-08-02 10:48:35,715 INFO  [default] link ACK received: get_commodity
2026-08-02 10:48:35,870 INFO  [default] message type supported received: 2
2026-08-02 10:48:35,870 INFO  [default] commodity response received. response code: 0 - success; count: 4
2026-08-02 10:48:35,870 INFO  [default] commodity code: 0 - Electricity consumed (W & W-hr)
2026-08-02 10:48:35,870 INFO  [default]            source: Estimated
2026-08-02 10:48:35,871 INFO  [default]   cumulative: 121000
2026-08-02 10:48:35,871 INFO  [default]    inst rate: 500
2026-08-02 10:48:35,871 INFO  [default] commodity code 8 - Rated max consumption level electricity (W) is not recorded in the commodity CSV
2026-08-02 10:48:35,871 INFO  [default] commodity code: 6 - Total energy storage/take capacity (W-hr)
2026-08-02 10:48:35,871 INFO  [default]            source: Estimated
2026-08-02 10:48:35,871 INFO  [default]   cumulative: 9190
2026-08-02 10:48:35,871 INFO  [default]    inst rate: not used for this commodity code
2026-08-02 10:48:35,871 INFO  [default] commodity code: 7 - Present energy storage/take capacity (W-hr)
2026-08-02 10:48:35,872 INFO  [default]            source: Estimated
2026-08-02 10:48:35,872 INFO  [default]   cumulative: 508
2026-08-02 10:48:35,872 INFO  [default]    inst rate: not used for this commodity code
2026-08-02 10:48:36,074 INFO  [default] link ACK received: query_operational_state
2026-08-02 10:48:36,197 INFO  [default] operational state received: 3

Press Enter for a list of commands
2026-08-02 10:49:35,414 INFO  [default] link ACK received: get_commodity
2026-08-02 10:49:35,568 INFO  [default] message type supported received: 2
2026-08-02 10:49:35,568 INFO  [default] commodity response received. response code: 0 - success; count: 4
2026-08-02 10:49:35,568 INFO  [default] commodity code: 0 - Electricity consumed (W & W-hr)
2026-08-02 10:49:35,568 INFO  [default]            source: Estimated
2026-08-02 10:49:35,569 INFO  [default]   cumulative: 121000
2026-08-02 10:49:35,569 INFO  [default]    inst rate: 500
2026-08-02 10:49:35,569 INFO  [default] commodity code 8 - Rated max consumption level electricity (W) is not recorded in the commodity CSV
2026-08-02 10:49:35,569 INFO  [default] commodity code: 6 - Total energy storage/take capacity (W-hr)
2026-08-02 10:49:35,569 INFO  [default]            source: Estimated
2026-08-02 10:49:35,569 INFO  [default]   cumulative: 9190
2026-08-02 10:49:35,569 INFO  [default]    inst rate: not used for this commodity code
2026-08-02 10:49:35,570 INFO  [default] commodity code: 7 - Present energy storage/take capacity (W-hr)
2026-08-02 10:49:35,570 INFO  [default]            source: Estimated
2026-08-02 10:49:35,570 INFO  [default]   cumulative: 486
2026-08-02 10:49:35,570 INFO  [default]    inst rate: not used for this commodity code
2026-08-02 10:49:35,773 INFO  [default] link ACK received: query_operational_state
2026-08-02 10:49:35,896 INFO  [default] operational state received: 3

Press Enter for a list of commands
2026-08-02 10:50:35,109 INFO  [default] link ACK received: get_commodity
2026-08-02 10:50:35,263 INFO  [default] message type supported received: 2
2026-08-02 10:50:35,264 INFO  [default] commodity response received. response code: 0 - success; count: 4
2026-08-02 10:50:35,264 INFO  [default] commodity code: 0 - Electricity consumed (W & W-hr)
2026-08-02 10:50:35,264 INFO  [default]            source: Estimated
2026-08-02 10:50:35,264 INFO  [default]   cumulative: 121000
2026-08-02 10:50:35,265 INFO  [default]    inst rate: 500
2026-08-02 10:50:35,265 INFO  [default] commodity code 8 - Rated max consumption level electricity (W) is not recorded in the commodity CSV
2026-08-02 10:50:35,265 INFO  [default] commodity code: 6 - Total energy storage/take capacity (W-hr)
2026-08-02 10:50:35,265 INFO  [default]            source: Estimated
2026-08-02 10:50:35,265 INFO  [default]   cumulative: 9190
2026-08-02 10:50:35,265 INFO  [default]    inst rate: not used for this commodity code
2026-08-02 10:50:35,265 INFO  [default] commodity code: 7 - Present energy storage/take capacity (W-hr)
2026-08-02 10:50:35,266 INFO  [default]            source: Estimated
2026-08-02 10:50:35,266 INFO  [default]   cumulative: 441
2026-08-02 10:50:35,266 INFO  [default]    inst rate: not used for this commodity code
2026-08-02 10:50:35,469 INFO  [default] link ACK received: query_operational_state
2026-08-02 10:50:35,593 INFO  [default] operational state received: 3

Press Enter for a list of commands
2026-08-02 10:51:34,806 INFO  [default] link ACK received: get_commodity
2026-08-02 10:51:34,961 INFO  [default] message type supported received: 2
2026-08-02 10:51:34,962 INFO  [default] commodity response received. response code: 0 - success; count: 4
2026-08-02 10:51:34,962 INFO  [default] commodity code: 0 - Electricity consumed (W & W-hr)
2026-08-02 10:51:34,962 INFO  [default]            source: Estimated
2026-08-02 10:51:34,962 INFO  [default]   cumulative: 121000
2026-08-02 10:51:34,962 INFO  [default]    inst rate: 500
2026-08-02 10:51:34,963 INFO  [default] commodity code 8 - Rated max consumption level electricity (W) is not recorded in the commodity CSV
2026-08-02 10:51:34,963 INFO  [default] commodity code: 6 - Total energy storage/take capacity (W-hr)
2026-08-02 10:51:34,963 INFO  [default]            source: Estimated
2026-08-02 10:51:34,963 INFO  [default]   cumulative: 9190
2026-08-02 10:51:34,963 INFO  [default]    inst rate: not used for this commodity code
2026-08-02 10:51:34,963 INFO  [default] commodity code: 7 - Present energy storage/take capacity (W-hr)
2026-08-02 10:51:34,963 INFO  [default]            source: Estimated
2026-08-02 10:51:34,963 INFO  [default]   cumulative: 441
2026-08-02 10:51:34,964 INFO  [default]    inst rate: not used for this commodity code
2026-08-02 10:51:35,166 INFO  [default] link ACK received: query_operational_state
2026-08-02 10:51:35,290 INFO  [default] operational state received: 3

Press Enter for a list of commands
2026-08-02 10:52:35,509 INFO  [default] link ACK received: get_commodity
2026-08-02 10:52:35,663 INFO  [default] message type supported received: 2
2026-08-02 10:52:35,663 INFO  [default] commodity response received. response code: 0 - success; count: 4
2026-08-02 10:52:35,663 INFO  [default] commodity code: 0 - Electricity consumed (W & W-hr)
2026-08-02 10:52:35,664 INFO  [default]            source: Estimated
2026-08-02 10:52:35,664 INFO  [default]   cumulative: 121000
2026-08-02 10:52:35,664 INFO  [default]    inst rate: 500
2026-08-02 10:52:35,664 INFO  [default] commodity code 8 - Rated max consumption level electricity (W) is not recorded in the commodity CSV
2026-08-02 10:52:35,664 INFO  [default] commodity code: 6 - Total energy storage/take capacity (W-hr)
2026-08-02 10:52:35,664 INFO  [default]            source: Estimated
2026-08-02 10:52:35,664 INFO  [default]   cumulative: 9190
2026-08-02 10:52:35,665 INFO  [default]    inst rate: not used for this commodity code
2026-08-02 10:52:35,665 INFO  [default] commodity code: 7 - Present energy storage/take capacity (W-hr)
2026-08-02 10:52:35,665 INFO  [default]            source: Estimated
2026-08-02 10:52:35,665 INFO  [default]   cumulative: 397
2026-08-02 10:52:35,665 INFO  [default]    inst rate: not used for this commodity code
2026-08-02 10:52:35,868 INFO  [default] link ACK received: query_operational_state
2026-08-02 10:52:35,992 INFO  [default] operational state received: 3

Press Enter for a list of commands
2026-08-02 10:53:35,206 INFO  [default] link ACK received: get_commodity
2026-08-02 10:53:35,360 INFO  [default] message type supported received: 2
2026-08-02 10:53:35,360 INFO  [default] commodity response received. response code: 0 - success; count: 4
2026-08-02 10:53:35,360 INFO  [default] commodity code: 0 - Electricity consumed (W & W-hr)
2026-08-02 10:53:35,361 INFO  [default]            source: Estimated
2026-08-02 10:53:35,361 INFO  [default]   cumulative: 121000
2026-08-02 10:53:35,361 INFO  [default]    inst rate: 500
2026-08-02 10:53:35,361 INFO  [default] commodity code 8 - Rated max consumption level electricity (W) is not recorded in the commodity CSV
2026-08-02 10:53:35,361 INFO  [default] commodity code: 6 - Total energy storage/take capacity (W-hr)
2026-08-02 10:53:35,361 INFO  [default]            source: Estimated
2026-08-02 10:53:35,361 INFO  [default]   cumulative: 9190
2026-08-02 10:53:35,362 INFO  [default]    inst rate: not used for this commodity code
2026-08-02 10:53:35,362 INFO  [default] commodity code: 7 - Present energy storage/take capacity (W-hr)
2026-08-02 10:53:35,362 INFO  [default]            source: Estimated
2026-08-02 10:53:35,362 INFO  [default]   cumulative: 375
2026-08-02 10:53:35,362 INFO  [default]    inst rate: not used for this commodity code
2026-08-02 10:53:35,565 INFO  [default] link ACK received: query_operational_state
2026-08-02 10:53:35,690 INFO  [default] operational state received: 3

Press Enter for a list of commands
2026-08-02 10:54:34,904 INFO  [default] link ACK received: get_commodity
2026-08-02 10:54:35,058 INFO  [default] message type supported received: 2
2026-08-02 10:54:35,058 INFO  [default] commodity response received. response code: 0 - success; count: 4
2026-08-02 10:54:35,058 INFO  [default] commodity code: 0 - Electricity consumed (W & W-hr)
2026-08-02 10:54:35,059 INFO  [default]            source: Estimated
2026-08-02 10:54:35,059 INFO  [default]   cumulative: 121000
2026-08-02 10:54:35,059 INFO  [default]    inst rate: 500
2026-08-02 10:54:35,059 INFO  [default] commodity code 8 - Rated max consumption level electricity (W) is not recorded in the commodity CSV
2026-08-02 10:54:35,059 INFO  [default] commodity code: 6 - Total energy storage/take capacity (W-hr)
2026-08-02 10:54:35,059 INFO  [default]            source: Estimated
2026-08-02 10:54:35,059 INFO  [default]   cumulative: 9190
2026-08-02 10:54:35,059 INFO  [default]    inst rate: not used for this commodity code
2026-08-02 10:54:35,060 INFO  [default] commodity code: 7 - Present energy storage/take capacity (W-hr)
2026-08-02 10:54:35,060 INFO  [default]            source: Estimated
2026-08-02 10:54:35,060 INFO  [default]   cumulative: 353
2026-08-02 10:54:35,060 INFO  [default]    inst rate: not used for this commodity code
2026-08-02 10:54:35,262 INFO  [default] link ACK received: query_operational_state
2026-08-02 10:54:35,387 INFO  [default] operational state received: 3

Press Enter for a list of commands
2026-08-02 10:55:35,604 INFO  [default] link ACK received: get_commodity
2026-08-02 10:55:35,758 INFO  [default] message type supported received: 2
2026-08-02 10:55:35,758 INFO  [default] commodity response received. response code: 0 - success; count: 4
2026-08-02 10:55:35,759 INFO  [default] commodity code: 0 - Electricity consumed (W & W-hr)
2026-08-02 10:55:35,759 INFO  [default]            source: Estimated
2026-08-02 10:55:35,759 INFO  [default]   cumulative: 121000
2026-08-02 10:55:35,759 INFO  [default]    inst rate: 500
2026-08-02 10:55:35,759 INFO  [default] commodity code 8 - Rated max consumption level electricity (W) is not recorded in the commodity CSV
2026-08-02 10:55:35,760 INFO  [default] commodity code: 6 - Total energy storage/take capacity (W-hr)
2026-08-02 10:55:35,760 INFO  [default]            source: Estimated
2026-08-02 10:55:35,760 INFO  [default]   cumulative: 9190
2026-08-02 10:55:35,760 INFO  [default]    inst rate: not used for this commodity code
2026-08-02 10:55:35,760 INFO  [default] commodity code: 7 - Present energy storage/take capacity (W-hr)
2026-08-02 10:55:35,760 INFO  [default]            source: Estimated
2026-08-02 10:55:35,760 INFO  [default]   cumulative: 331
2026-08-02 10:55:35,761 INFO  [default]    inst rate: not used for this commodity code
2026-08-02 10:55:35,964 INFO  [default] link ACK received: query_operational_state
2026-08-02 10:55:36,087 INFO  [default] operational state received: 3

Press Enter for a list of commands
2026-08-02 10:56:35,305 INFO  [default] link ACK received: get_commodity
2026-08-02 10:56:35,459 INFO  [default] message type supported received: 2
2026-08-02 10:56:35,459 INFO  [default] commodity response received. response code: 0 - success; count: 4
2026-08-02 10:56:35,460 INFO  [default] commodity code: 0 - Electricity consumed (W & W-hr)
2026-08-02 10:56:35,460 INFO  [default]            source: Estimated
2026-08-02 10:56:35,460 INFO  [default]   cumulative: 121000
2026-08-02 10:56:35,460 INFO  [default]    inst rate: 500
2026-08-02 10:56:35,460 INFO  [default] commodity code 8 - Rated max consumption level electricity (W) is not recorded in the commodity CSV
2026-08-02 10:56:35,460 INFO  [default] commodity code: 6 - Total energy storage/take capacity (W-hr)
2026-08-02 10:56:35,460 INFO  [default]            source: Estimated
2026-08-02 10:56:35,460 INFO  [default]   cumulative: 9190
2026-08-02 10:56:35,461 INFO  [default]    inst rate: not used for this commodity code
2026-08-02 10:56:35,461 INFO  [default] commodity code: 7 - Present energy storage/take capacity (W-hr)
2026-08-02 10:56:35,461 INFO  [default]            source: Estimated
2026-08-02 10:56:35,461 INFO  [default]   cumulative: 309
2026-08-02 10:56:35,461 INFO  [default]    inst rate: not used for this commodity code
2026-08-02 10:56:35,663 INFO  [default] link ACK received: query_operational_state
2026-08-02 10:56:35,788 INFO  [default] operational state received: 3

Press Enter for a list of commands
2026-08-02 10:57:35,002 INFO  [default] link ACK received: get_commodity
2026-08-02 10:57:35,156 INFO  [default] message type supported received: 2
2026-08-02 10:57:35,156 INFO  [default] commodity response received. response code: 0 - success; count: 4
2026-08-02 10:57:35,157 INFO  [default] commodity code: 0 - Electricity consumed (W & W-hr)
2026-08-02 10:57:35,157 INFO  [default]            source: Estimated
2026-08-02 10:57:35,157 INFO  [default]   cumulative: 121000
2026-08-02 10:57:35,157 INFO  [default]    inst rate: 500
2026-08-02 10:57:35,157 INFO  [default] commodity code 8 - Rated max consumption level electricity (W) is not recorded in the commodity CSV
2026-08-02 10:57:35,157 INFO  [default] commodity code: 6 - Total energy storage/take capacity (W-hr)
2026-08-02 10:57:35,157 INFO  [default]            source: Estimated
2026-08-02 10:57:35,158 INFO  [default]   cumulative: 9190
2026-08-02 10:57:35,158 INFO  [default]    inst rate: not used for this commodity code
2026-08-02 10:57:35,158 INFO  [default] commodity code: 7 - Present energy storage/take capacity (W-hr)
2026-08-02 10:57:35,158 INFO  [default]            source: Estimated
2026-08-02 10:57:35,158 INFO  [default]   cumulative: 265
2026-08-02 10:57:35,158 INFO  [default]    inst rate: not used for this commodity code
2026-08-02 10:57:35,360 INFO  [default] link ACK received: query_operational_state
2026-08-02 10:57:35,484 INFO  [default] operational state received: 3

Press Enter for a list of commands
2026-08-02 10:58:35,701 INFO  [default] link ACK received: get_commodity
2026-08-02 10:58:35,855 INFO  [default] message type supported received: 2
2026-08-02 10:58:35,855 INFO  [default] commodity response received. response code: 0 - success; count: 4
2026-08-02 10:58:35,855 INFO  [default] commodity code: 0 - Electricity consumed (W & W-hr)
2026-08-02 10:58:35,855 INFO  [default]            source: Estimated
2026-08-02 10:58:35,856 INFO  [default]   cumulative: 121000
2026-08-02 10:58:35,856 INFO  [default]    inst rate: 500
2026-08-02 10:58:35,856 INFO  [default] commodity code 8 - Rated max consumption level electricity (W) is not recorded in the commodity CSV
2026-08-02 10:58:35,856 INFO  [default] commodity code: 6 - Total energy storage/take capacity (W-hr)
2026-08-02 10:58:35,856 INFO  [default]            source: Estimated
2026-08-02 10:58:35,856 INFO  [default]   cumulative: 9190
2026-08-02 10:58:35,856 INFO  [default]    inst rate: not used for this commodity code
2026-08-02 10:58:35,856 INFO  [default] commodity code: 7 - Present energy storage/take capacity (W-hr)
2026-08-02 10:58:35,857 INFO  [default]            source: Estimated
2026-08-02 10:58:35,857 INFO  [default]   cumulative: 243
2026-08-02 10:58:35,857 INFO  [default]    inst rate: not used for this commodity code
2026-08-02 10:58:36,060 INFO  [default] link ACK received: query_operational_state
2026-08-02 10:58:36,183 INFO  [default] operational state received: 3

Press Enter for a list of commands
2026-08-02 10:59:35,401 INFO  [default] link ACK received: get_commodity
2026-08-02 10:59:35,555 INFO  [default] message type supported received: 2
2026-08-02 10:59:35,555 INFO  [default] commodity response received. response code: 0 - success; count: 4
2026-08-02 10:59:35,556 INFO  [default] commodity code: 0 - Electricity consumed (W & W-hr)
2026-08-02 10:59:35,556 INFO  [default]            source: Estimated
2026-08-02 10:59:35,556 INFO  [default]   cumulative: 121000
2026-08-02 10:59:35,556 INFO  [default]    inst rate: 500
2026-08-02 10:59:35,556 INFO  [default] commodity code 8 - Rated max consumption level electricity (W) is not recorded in the commodity CSV
2026-08-02 10:59:35,556 INFO  [default] commodity code: 6 - Total energy storage/take capacity (W-hr)
2026-08-02 10:59:35,557 INFO  [default]            source: Estimated
2026-08-02 10:59:35,557 INFO  [default]   cumulative: 9190
2026-08-02 10:59:35,557 INFO  [default]    inst rate: not used for this commodity code
2026-08-02 10:59:35,557 INFO  [default] commodity code: 7 - Present energy storage/take capacity (W-hr)
2026-08-02 10:59:35,557 INFO  [default]            source: Estimated
2026-08-02 10:59:35,557 INFO  [default]   cumulative: 220
2026-08-02 10:59:35,557 INFO  [default]    inst rate: not used for this commodity code
2026-08-02 10:59:35,760 INFO  [default] link ACK received: query_operational_state
2026-08-02 10:59:35,885 INFO  [default] operational state received: 3

Press Enter for a list of commands
2026-08-02 11:00:35,097 INFO  [default] link ACK received: get_commodity
2026-08-02 11:00:35,251 INFO  [default] message type supported received: 2
2026-08-02 11:00:35,251 INFO  [default] commodity response received. response code: 0 - success; count: 4
2026-08-02 11:00:35,251 INFO  [default] commodity code: 0 - Electricity consumed (W & W-hr)
2026-08-02 11:00:35,251 INFO  [default]            source: Estimated
2026-08-02 11:00:35,252 INFO  [default]   cumulative: 121000
2026-08-02 11:00:35,252 INFO  [default]    inst rate: 500
2026-08-02 11:00:35,252 INFO  [default] commodity code 8 - Rated max consumption level electricity (W) is not recorded in the commodity CSV
2026-08-02 11:00:35,252 INFO  [default] commodity code: 6 - Total energy storage/take capacity (W-hr)
2026-08-02 11:00:35,252 INFO  [default]            source: Estimated
2026-08-02 11:00:35,252 INFO  [default]   cumulative: 9190
2026-08-02 11:00:35,252 INFO  [default]    inst rate: not used for this commodity code
2026-08-02 11:00:35,252 INFO  [default] commodity code: 7 - Present energy storage/take capacity (W-hr)
2026-08-02 11:00:35,253 INFO  [default]            source: Estimated
2026-08-02 11:00:35,253 INFO  [default]   cumulative: 176
2026-08-02 11:00:35,253 INFO  [default]    inst rate: not used for this commodity code
2026-08-02 11:00:35,456 INFO  [default] link ACK received: query_operational_state
2026-08-02 11:00:35,579 INFO  [default] operational state received: 3

Press Enter for a list of commands
2026-08-02 11:01:34,799 INFO  [default] link ACK received: get_commodity
2026-08-02 11:01:34,955 INFO  [default] message type supported received: 2
2026-08-02 11:01:34,955 INFO  [default] commodity response received. response code: 0 - success; count: 4
2026-08-02 11:01:34,955 INFO  [default] commodity code: 0 - Electricity consumed (W & W-hr)
2026-08-02 11:01:34,955 INFO  [default]            source: Estimated
2026-08-02 11:01:34,956 INFO  [default]   cumulative: 121000
2026-08-02 11:01:34,956 INFO  [default]    inst rate: 500
2026-08-02 11:01:34,956 INFO  [default] commodity code 8 - Rated max consumption level electricity (W) is not recorded in the commodity CSV
2026-08-02 11:01:34,956 INFO  [default] commodity code: 6 - Total energy storage/take capacity (W-hr)
2026-08-02 11:01:34,956 INFO  [default]            source: Estimated
2026-08-02 11:01:34,956 INFO  [default]   cumulative: 9190
2026-08-02 11:01:34,956 INFO  [default]    inst rate: not used for this commodity code
2026-08-02 11:01:34,956 INFO  [default] commodity code: 7 - Present energy storage/take capacity (W-hr)
2026-08-02 11:01:34,957 INFO  [default]            source: Estimated
2026-08-02 11:01:34,957 INFO  [default]   cumulative: 176
2026-08-02 11:01:34,957 INFO  [default]    inst rate: not used for this commodity code
2026-08-02 11:01:35,159 INFO  [default] link ACK received: query_operational_state
2026-08-02 11:01:35,283 INFO  [default] operational state received: 3

Press Enter for a list of commands
2026-08-02 11:02:35,498 INFO  [default] link ACK received: get_commodity
2026-08-02 11:02:35,652 INFO  [default] message type supported received: 2
2026-08-02 11:02:35,652 INFO  [default] commodity response received. response code: 0 - success; count: 4
2026-08-02 11:02:35,653 INFO  [default] commodity code: 0 - Electricity consumed (W & W-hr)
2026-08-02 11:02:35,653 INFO  [default]            source: Estimated
2026-08-02 11:02:35,653 INFO  [default]   cumulative: 121000
2026-08-02 11:02:35,653 INFO  [default]    inst rate: 500
2026-08-02 11:02:35,653 INFO  [default] commodity code 8 - Rated max consumption level electricity (W) is not recorded in the commodity CSV
2026-08-02 11:02:35,653 INFO  [default] commodity code: 6 - Total energy storage/take capacity (W-hr)
2026-08-02 11:02:35,653 INFO  [default]            source: Estimated
2026-08-02 11:02:35,654 INFO  [default]   cumulative: 9190
2026-08-02 11:02:35,654 INFO  [default]    inst rate: not used for this commodity code
2026-08-02 11:02:35,654 INFO  [default] commodity code: 7 - Present energy storage/take capacity (W-hr)
2026-08-02 11:02:35,654 INFO  [default]            source: Estimated
2026-08-02 11:02:35,654 INFO  [default]   cumulative: 132
2026-08-02 11:02:35,654 INFO  [default]    inst rate: not used for this commodity code
2026-08-02 11:02:35,857 INFO  [default] link ACK received: query_operational_state
2026-08-02 11:02:35,981 INFO  [default] operational state received: 3

Press Enter for a list of commands
2026-08-02 11:03:35,195 INFO  [default] link ACK received: get_commodity
2026-08-02 11:03:35,349 INFO  [default] message type supported received: 2
2026-08-02 11:03:35,349 INFO  [default] commodity response received. response code: 0 - success; count: 4
2026-08-02 11:03:35,349 INFO  [default] commodity code: 0 - Electricity consumed (W & W-hr)
2026-08-02 11:03:35,350 INFO  [default]            source: Estimated
2026-08-02 11:03:35,350 INFO  [default]   cumulative: 121000
2026-08-02 11:03:35,350 INFO  [default]    inst rate: 500
2026-08-02 11:03:35,350 INFO  [default] commodity code 8 - Rated max consumption level electricity (W) is not recorded in the commodity CSV
2026-08-02 11:03:35,350 INFO  [default] commodity code: 6 - Total energy storage/take capacity (W-hr)
2026-08-02 11:03:35,350 INFO  [default]            source: Estimated
2026-08-02 11:03:35,350 INFO  [default]   cumulative: 9190
2026-08-02 11:03:35,350 INFO  [default]    inst rate: not used for this commodity code
2026-08-02 11:03:35,351 INFO  [default] commodity code: 7 - Present energy storage/take capacity (W-hr)
2026-08-02 11:03:35,351 INFO  [default]            source: Estimated
2026-08-02 11:03:35,351 INFO  [default]   cumulative: 110
2026-08-02 11:03:35,351 INFO  [default]    inst rate: not used for this commodity code
2026-08-02 11:03:35,553 INFO  [default] link ACK received: query_operational_state
2026-08-02 11:03:35,677 INFO  [default] operational state received: 3

Press Enter for a list of commands
2026-08-02 11:04:34,893 INFO  [default] link ACK received: get_commodity
2026-08-02 11:04:35,046 INFO  [default] message type supported received: 2
2026-08-02 11:04:35,046 INFO  [default] commodity response received. response code: 0 - success; count: 4
2026-08-02 11:04:35,047 INFO  [default] commodity code: 0 - Electricity consumed (W & W-hr)
2026-08-02 11:04:35,047 INFO  [default]            source: Estimated
2026-08-02 11:04:35,047 INFO  [default]   cumulative: 121000
2026-08-02 11:04:35,047 INFO  [default]    inst rate: 500
2026-08-02 11:04:35,048 INFO  [default] commodity code 8 - Rated max consumption level electricity (W) is not recorded in the commodity CSV
2026-08-02 11:04:35,048 INFO  [default] commodity code: 6 - Total energy storage/take capacity (W-hr)
2026-08-02 11:04:35,048 INFO  [default]            source: Estimated
2026-08-02 11:04:35,048 INFO  [default]   cumulative: 9190
2026-08-02 11:04:35,048 INFO  [default]    inst rate: not used for this commodity code
2026-08-02 11:04:35,048 INFO  [default] commodity code: 7 - Present energy storage/take capacity (W-hr)
2026-08-02 11:04:35,048 INFO  [default]            source: Estimated
2026-08-02 11:04:35,048 INFO  [default]   cumulative: 88
2026-08-02 11:04:35,048 INFO  [default]    inst rate: not used for this commodity code
2026-08-02 11:04:35,251 INFO  [default] link ACK received: query_operational_state
2026-08-02 11:04:35,375 INFO  [default] operational state received: 3

Press Enter for a list of commands
2026-08-02 11:05:35,593 INFO  [default] link ACK received: get_commodity
2026-08-02 11:05:35,746 INFO  [default] message type supported received: 2
2026-08-02 11:05:35,747 INFO  [default] commodity response received. response code: 0 - success; count: 4
2026-08-02 11:05:35,747 INFO  [default] commodity code: 0 - Electricity consumed (W & W-hr)
2026-08-02 11:05:35,747 INFO  [default]            source: Estimated
2026-08-02 11:05:35,747 INFO  [default]   cumulative: 121000
2026-08-02 11:05:35,747 INFO  [default]    inst rate: 500
2026-08-02 11:05:35,747 INFO  [default] commodity code 8 - Rated max consumption level electricity (W) is not recorded in the commodity CSV
2026-08-02 11:05:35,748 INFO  [default] commodity code: 6 - Total energy storage/take capacity (W-hr)
2026-08-02 11:05:35,748 INFO  [default]            source: Estimated
2026-08-02 11:05:35,748 INFO  [default]   cumulative: 9190
2026-08-02 11:05:35,748 INFO  [default]    inst rate: not used for this commodity code
2026-08-02 11:05:35,748 INFO  [default] commodity code: 7 - Present energy storage/take capacity (W-hr)
2026-08-02 11:05:35,748 INFO  [default]            source: Estimated
2026-08-02 11:05:35,748 INFO  [default]   cumulative: 66
2026-08-02 11:05:35,748 INFO  [default]    inst rate: not used for this commodity code
2026-08-02 11:05:35,951 INFO  [default] link ACK received: query_operational_state
2026-08-02 11:05:36,075 INFO  [default] operational state received: 3

Press Enter for a list of commands
2026-08-02 11:06:35,292 INFO  [default] link ACK received: get_commodity
2026-08-02 11:06:35,445 INFO  [default] message type supported received: 2
2026-08-02 11:06:35,446 INFO  [default] commodity response received. response code: 0 - success; count: 4
2026-08-02 11:06:35,448 INFO  [default] commodity code: 0 - Electricity consumed (W & W-hr)
2026-08-02 11:06:35,448 INFO  [default]            source: Estimated
2026-08-02 11:06:35,448 INFO  [default]   cumulative: 121000
2026-08-02 11:06:35,448 INFO  [default]    inst rate: 500
2026-08-02 11:06:35,448 INFO  [default] commodity code 8 - Rated max consumption level electricity (W) is not recorded in the commodity CSV
2026-08-02 11:06:35,448 INFO  [default] commodity code: 6 - Total energy storage/take capacity (W-hr)
2026-08-02 11:06:35,448 INFO  [default]            source: Estimated
2026-08-02 11:06:35,449 INFO  [default]   cumulative: 9190
2026-08-02 11:06:35,449 INFO  [default]    inst rate: not used for this commodity code
2026-08-02 11:06:35,449 INFO  [default] commodity code: 7 - Present energy storage/take capacity (W-hr)
2026-08-02 11:06:35,449 INFO  [default]            source: Estimated
2026-08-02 11:06:35,449 INFO  [default]   cumulative: 22
2026-08-02 11:06:35,449 INFO  [default]    inst rate: not used for this commodity code
2026-08-02 11:06:35,653 INFO  [default] link ACK received: query_operational_state
2026-08-02 11:06:35,776 INFO  [default] operational state received: 3

Press Enter for a list of commands
2026-08-02 11:07:34,992 INFO  [default] link ACK received: get_commodity
2026-08-02 11:07:35,147 INFO  [default] message type supported received: 2
2026-08-02 11:07:35,148 INFO  [default] commodity response received. response code: 0 - success; count: 4
2026-08-02 11:07:35,148 INFO  [default] commodity code: 0 - Electricity consumed (W & W-hr)
2026-08-02 11:07:35,148 INFO  [default]            source: Estimated
2026-08-02 11:07:35,148 INFO  [default]   cumulative: 121000
2026-08-02 11:07:35,148 INFO  [default]    inst rate: 500
2026-08-02 11:07:35,149 INFO  [default] commodity code 8 - Rated max consumption level electricity (W) is not recorded in the commodity CSV
2026-08-02 11:07:35,149 INFO  [default] commodity code: 6 - Total energy storage/take capacity (W-hr)
2026-08-02 11:07:35,149 INFO  [default]            source: Estimated
2026-08-02 11:07:35,149 INFO  [default]   cumulative: 9190
2026-08-02 11:07:35,149 INFO  [default]    inst rate: not used for this commodity code
2026-08-02 11:07:35,149 INFO  [default] commodity code: 7 - Present energy storage/take capacity (W-hr)
2026-08-02 11:07:35,149 INFO  [default]            source: Estimated
2026-08-02 11:07:35,149 INFO  [default]   cumulative: 0
2026-08-02 11:07:35,150 INFO  [default]    inst rate: not used for this commodity code
2026-08-02 11:07:35,352 INFO  [default] link ACK received: query_operational_state
2026-08-02 11:07:35,476 INFO  [default] operational state received: 6

Press Enter for a list of commands
2026-08-02 11:08:35,694 INFO  [default] link ACK received: get_commodity
2026-08-02 11:08:35,849 INFO  [default] message type supported received: 2
2026-08-02 11:08:35,849 INFO  [default] commodity response received. response code: 0 - success; count: 4
2026-08-02 11:08:35,849 INFO  [default] commodity code: 0 - Electricity consumed (W & W-hr)
2026-08-02 11:08:35,850 INFO  [default]            source: Estimated
2026-08-02 11:08:35,850 INFO  [default]   cumulative: 121000
2026-08-02 11:08:35,850 INFO  [default]    inst rate: 0
2026-08-02 11:08:35,850 INFO  [default] commodity code 8 - Rated max consumption level electricity (W) is not recorded in the commodity CSV
2026-08-02 11:08:35,850 INFO  [default] commodity code: 6 - Total energy storage/take capacity (W-hr)
2026-08-02 11:08:35,850 INFO  [default]            source: Estimated
2026-08-02 11:08:35,850 INFO  [default]   cumulative: 9190
2026-08-02 11:08:35,850 INFO  [default]    inst rate: not used for this commodity code
2026-08-02 11:08:35,851 INFO  [default] commodity code: 7 - Present energy storage/take capacity (W-hr)
2026-08-02 11:08:35,851 INFO  [default]            source: Estimated
2026-08-02 11:08:35,851 INFO  [default]   cumulative: 0
2026-08-02 11:08:35,851 INFO  [default]    inst rate: not used for this commodity code
2026-08-02 11:08:36,054 INFO  [default] link ACK received: query_operational_state
2026-08-02 11:08:36,179 INFO  [default] operational state received: 6

Press Enter for a list of commands
2026-08-02 11:09:35,398 INFO  [default] link ACK received: get_commodity
2026-08-02 11:09:35,552 INFO  [default] message type supported received: 2
2026-08-02 11:09:35,552 INFO  [default] commodity response received. response code: 0 - success; count: 4
2026-08-02 11:09:35,553 INFO  [default] commodity code: 0 - Electricity consumed (W & W-hr)
2026-08-02 11:09:35,553 INFO  [default]            source: Estimated
2026-08-02 11:09:35,553 INFO  [default]   cumulative: 121000
2026-08-02 11:09:35,553 INFO  [default]    inst rate: 0
2026-08-02 11:09:35,553 INFO  [default] commodity code 8 - Rated max consumption level electricity (W) is not recorded in the commodity CSV
2026-08-02 11:09:35,553 INFO  [default] commodity code: 6 - Total energy storage/take capacity (W-hr)
2026-08-02 11:09:35,554 INFO  [default]            source: Estimated
2026-08-02 11:09:35,554 INFO  [default]   cumulative: 9190
2026-08-02 11:09:35,554 INFO  [default]    inst rate: not used for this commodity code
2026-08-02 11:09:35,554 INFO  [default] commodity code: 7 - Present energy storage/take capacity (W-hr)
2026-08-02 11:09:35,554 INFO  [default]            source: Estimated
2026-08-02 11:09:35,554 INFO  [default]   cumulative: 0
2026-08-02 11:09:35,554 INFO  [default]    inst rate: not used for this commodity code
2026-08-02 11:09:35,757 INFO  [default] link ACK received: query_operational_state
2026-08-02 11:09:35,880 INFO  [default] operational state received: 6

Press Enter for a list of commands
2026-08-02 11:10:35,092 INFO  [default] link ACK received: get_commodity
2026-08-02 11:10:35,245 INFO  [default] message type supported received: 2
2026-08-02 11:10:35,246 INFO  [default] commodity response received. response code: 0 - success; count: 4
2026-08-02 11:10:35,246 INFO  [default] commodity code: 0 - Electricity consumed (W & W-hr)
2026-08-02 11:10:35,246 INFO  [default]            source: Estimated
2026-08-02 11:10:35,246 INFO  [default]   cumulative: 121000
2026-08-02 11:10:35,247 INFO  [default]    inst rate: 0
2026-08-02 11:10:35,247 INFO  [default] commodity code 8 - Rated max consumption level electricity (W) is not recorded in the commodity CSV
2026-08-02 11:10:35,247 INFO  [default] commodity code: 6 - Total energy storage/take capacity (W-hr)
2026-08-02 11:10:35,247 INFO  [default]            source: Estimated
2026-08-02 11:10:35,247 INFO  [default]   cumulative: 9190
2026-08-02 11:10:35,247 INFO  [default]    inst rate: not used for this commodity code
2026-08-02 11:10:35,247 INFO  [default] commodity code: 7 - Present energy storage/take capacity (W-hr)
2026-08-02 11:10:35,247 INFO  [default]            source: Estimated
2026-08-02 11:10:35,247 INFO  [default]   cumulative: 0
2026-08-02 11:10:35,248 INFO  [default]    inst rate: not used for this commodity code
2026-08-02 11:10:35,450 INFO  [default] link ACK received: query_operational_state
2026-08-02 11:10:35,573 INFO  [default] operational state received: 6

Press Enter for a list of commands
2026-08-02 11:11:34,792 INFO  [default] link ACK received: get_commodity
2026-08-02 11:11:34,947 INFO  [default] message type supported received: 2
2026-08-02 11:11:34,948 INFO  [default] commodity response received. response code: 0 - success; count: 4
2026-08-02 11:11:34,948 INFO  [default] commodity code: 0 - Electricity consumed (W & W-hr)
2026-08-02 11:11:34,948 INFO  [default]            source: Estimated
2026-08-02 11:11:34,948 INFO  [default]   cumulative: 121000
2026-08-02 11:11:34,948 INFO  [default]    inst rate: 0
2026-08-02 11:11:34,949 INFO  [default] commodity code 8 - Rated max consumption level electricity (W) is not recorded in the commodity CSV
2026-08-02 11:11:34,949 INFO  [default] commodity code: 6 - Total energy storage/take capacity (W-hr)
2026-08-02 11:11:34,949 INFO  [default]            source: Estimated
2026-08-02 11:11:34,949 INFO  [default]   cumulative: 9190
2026-08-02 11:11:34,949 INFO  [default]    inst rate: not used for this commodity code
2026-08-02 11:11:34,949 INFO  [default] commodity code: 7 - Present energy storage/take capacity (W-hr)
2026-08-02 11:11:34,949 INFO  [default]            source: Estimated
2026-08-02 11:11:34,950 INFO  [default]   cumulative: 0
2026-08-02 11:11:34,950 INFO  [default]    inst rate: not used for this commodity code
2026-08-02 11:11:35,152 INFO  [default] link ACK received: query_operational_state
2026-08-02 11:11:35,276 INFO  [default] operational state received: 6

Press Enter for a list of commands
2026-08-02 11:12:35,494 INFO  [default] link ACK received: get_commodity
2026-08-02 11:12:35,648 INFO  [default] message type supported received: 2
2026-08-02 11:12:35,648 INFO  [default] commodity response received. response code: 0 - success; count: 4
2026-08-02 11:12:35,648 INFO  [default] commodity code: 0 - Electricity consumed (W & W-hr)
2026-08-02 11:12:35,648 INFO  [default]            source: Estimated
2026-08-02 11:12:35,649 INFO  [default]   cumulative: 121000
2026-08-02 11:12:35,649 INFO  [default]    inst rate: 0
2026-08-02 11:12:35,649 INFO  [default] commodity code 8 - Rated max consumption level electricity (W) is not recorded in the commodity CSV
2026-08-02 11:12:35,649 INFO  [default] commodity code: 6 - Total energy storage/take capacity (W-hr)
2026-08-02 11:12:35,649 INFO  [default]            source: Estimated
2026-08-02 11:12:35,649 INFO  [default]   cumulative: 9190
2026-08-02 11:12:35,649 INFO  [default]    inst rate: not used for this commodity code
2026-08-02 11:12:35,650 INFO  [default] commodity code: 7 - Present energy storage/take capacity (W-hr)
2026-08-02 11:12:35,650 INFO  [default]            source: Estimated
2026-08-02 11:12:35,650 INFO  [default]   cumulative: 0
2026-08-02 11:12:35,650 INFO  [default]    inst rate: not used for this commodity code
2026-08-02 11:12:35,853 INFO  [default] link ACK received: query_operational_state
2026-08-02 11:12:35,976 INFO  [default] operational state received: 6

Press Enter for a list of commands
2026-08-02 11:13:35,193 INFO  [default] link ACK received: get_commodity
2026-08-02 11:13:35,346 INFO  [default] message type supported received: 2
2026-08-02 11:13:35,346 INFO  [default] commodity response received. response code: 0 - success; count: 4
2026-08-02 11:13:35,347 INFO  [default] commodity code: 0 - Electricity consumed (W & W-hr)
2026-08-02 11:13:35,347 INFO  [default]            source: Estimated
2026-08-02 11:13:35,347 INFO  [default]   cumulative: 121000
2026-08-02 11:13:35,347 INFO  [default]    inst rate: 0
2026-08-02 11:13:35,347 INFO  [default] commodity code 8 - Rated max consumption level electricity (W) is not recorded in the commodity CSV
2026-08-02 11:13:35,347 INFO  [default] commodity code: 6 - Total energy storage/take capacity (W-hr)
2026-08-02 11:13:35,348 INFO  [default]            source: Estimated
2026-08-02 11:13:35,348 INFO  [default]   cumulative: 9190
2026-08-02 11:13:35,348 INFO  [default]    inst rate: not used for this commodity code
2026-08-02 11:13:35,348 INFO  [default] commodity code: 7 - Present energy storage/take capacity (W-hr)
2026-08-02 11:13:35,348 INFO  [default]            source: Estimated
2026-08-02 11:13:35,348 INFO  [default]   cumulative: 0
2026-08-02 11:13:35,348 INFO  [default]    inst rate: not used for this commodity code
2026-08-02 11:13:35,550 INFO  [default] link ACK received: query_operational_state
2026-08-02 11:13:35,675 INFO  [default] operational state received: 6

Press Enter for a list of commands
2026-08-02 11:14:34,895 INFO  [default] link ACK received: get_commodity
2026-08-02 11:14:35,049 INFO  [default] message type supported received: 2
2026-08-02 11:14:35,049 INFO  [default] commodity response received. response code: 0 - success; count: 4
2026-08-02 11:14:35,049 INFO  [default] commodity code: 0 - Electricity consumed (W & W-hr)
2026-08-02 11:14:35,049 INFO  [default]            source: Estimated
2026-08-02 11:14:35,050 INFO  [default]   cumulative: 121000
2026-08-02 11:14:35,050 INFO  [default]    inst rate: 0
2026-08-02 11:14:35,050 INFO  [default] commodity code 8 - Rated max consumption level electricity (W) is not recorded in the commodity CSV
2026-08-02 11:14:35,050 INFO  [default] commodity code: 6 - Total energy storage/take capacity (W-hr)
2026-08-02 11:14:35,050 INFO  [default]            source: Estimated
2026-08-02 11:14:35,050 INFO  [default]   cumulative: 9190
2026-08-02 11:14:35,050 INFO  [default]    inst rate: not used for this commodity code
2026-08-02 11:14:35,050 INFO  [default] commodity code: 7 - Present energy storage/take capacity (W-hr)
2026-08-02 11:14:35,051 INFO  [default]            source: Estimated
2026-08-02 11:14:35,051 INFO  [default]   cumulative: 0
2026-08-02 11:14:35,051 INFO  [default]    inst rate: not used for this commodity code
2026-08-02 11:14:35,253 INFO  [default] link ACK received: query_operational_state
2026-08-02 11:14:35,376 INFO  [default] operational state received: 6

Press Enter for a list of commands
2026-08-02 11:15:35,592 INFO  [default] link ACK received: get_commodity
2026-08-02 11:15:35,746 INFO  [default] message type supported received: 2
2026-08-02 11:15:35,746 INFO  [default] commodity response received. response code: 0 - success; count: 4
2026-08-02 11:15:35,747 INFO  [default] commodity code: 0 - Electricity consumed (W & W-hr)
2026-08-02 11:15:35,747 INFO  [default]            source: Estimated
2026-08-02 11:15:35,747 INFO  [default]   cumulative: 121000
2026-08-02 11:15:35,747 INFO  [default]    inst rate: 0
2026-08-02 11:15:35,747 INFO  [default] commodity code 8 - Rated max consumption level electricity (W) is not recorded in the commodity CSV
2026-08-02 11:15:35,747 INFO  [default] commodity code: 6 - Total energy storage/take capacity (W-hr)
2026-08-02 11:15:35,748 INFO  [default]            source: Estimated
2026-08-02 11:15:35,748 INFO  [default]   cumulative: 9190
2026-08-02 11:15:35,748 INFO  [default]    inst rate: not used for this commodity code
2026-08-02 11:15:35,748 INFO  [default] commodity code: 7 - Present energy storage/take capacity (W-hr)
2026-08-02 11:15:35,748 INFO  [default]            source: Estimated
2026-08-02 11:15:35,748 INFO  [default]   cumulative: 0
2026-08-02 11:15:35,748 INFO  [default]    inst rate: not used for this commodity code
2026-08-02 11:15:35,951 INFO  [default] link ACK received: query_operational_state
2026-08-02 11:15:36,075 INFO  [default] operational state received: 6

Press Enter for a list of commands
2026-08-02 11:16:35,287 INFO  [default] link ACK received: get_commodity
2026-08-02 11:16:35,441 INFO  [default] message type supported received: 2
2026-08-02 11:16:35,441 INFO  [default] commodity response received. response code: 0 - success; count: 4
2026-08-02 11:16:35,441 INFO  [default] commodity code: 0 - Electricity consumed (W & W-hr)
2026-08-02 11:16:35,441 INFO  [default]            source: Estimated
2026-08-02 11:16:35,442 INFO  [default]   cumulative: 121000
2026-08-02 11:16:35,442 INFO  [default]    inst rate: 0
2026-08-02 11:16:35,442 INFO  [default] commodity code 8 - Rated max consumption level electricity (W) is not recorded in the commodity CSV
2026-08-02 11:16:35,442 INFO  [default] commodity code: 6 - Total energy storage/take capacity (W-hr)
2026-08-02 11:16:35,442 INFO  [default]            source: Estimated
2026-08-02 11:16:35,442 INFO  [default]   cumulative: 9190
2026-08-02 11:16:35,442 INFO  [default]    inst rate: not used for this commodity code
2026-08-02 11:16:35,442 INFO  [default] commodity code: 7 - Present energy storage/take capacity (W-hr)
2026-08-02 11:16:35,443 INFO  [default]            source: Estimated
2026-08-02 11:16:35,443 INFO  [default]   cumulative: 0
2026-08-02 11:16:35,443 INFO  [default]    inst rate: not used for this commodity code
2026-08-02 11:16:35,646 INFO  [default] link ACK received: query_operational_state
2026-08-02 11:16:35,769 INFO  [default] operational state received: 6

Press Enter for a list of commands
2026-08-02 11:17:34,989 INFO  [default] link ACK received: get_commodity
2026-08-02 11:17:35,143 INFO  [default] message type supported received: 2
2026-08-02 11:17:35,143 INFO  [default] commodity response received. response code: 0 - success; count: 4
2026-08-02 11:17:35,143 INFO  [default] commodity code: 0 - Electricity consumed (W & W-hr)
2026-08-02 11:17:35,143 INFO  [default]            source: Estimated
2026-08-02 11:17:35,143 INFO  [default]   cumulative: 121000
2026-08-02 11:17:35,144 INFO  [default]    inst rate: 0
2026-08-02 11:17:35,144 INFO  [default] commodity code 8 - Rated max consumption level electricity (W) is not recorded in the commodity CSV
2026-08-02 11:17:35,144 INFO  [default] commodity code: 6 - Total energy storage/take capacity (W-hr)
2026-08-02 11:17:35,144 INFO  [default]            source: Estimated
2026-08-02 11:17:35,144 INFO  [default]   cumulative: 9190
2026-08-02 11:17:35,144 INFO  [default]    inst rate: not used for this commodity code
2026-08-02 11:17:35,144 INFO  [default] commodity code: 7 - Present energy storage/take capacity (W-hr)
2026-08-02 11:17:35,144 INFO  [default]            source: Estimated
2026-08-02 11:17:35,145 INFO  [default]   cumulative: 0
2026-08-02 11:17:35,145 INFO  [default]    inst rate: not used for this commodity code
2026-08-02 11:17:35,347 INFO  [default] link ACK received: query_operational_state
2026-08-02 11:17:35,470 INFO  [default] operational state received: 6

Press Enter for a list of commands
2026-08-02 11:18:35,689 INFO  [default] link ACK received: get_commodity
2026-08-02 11:18:35,843 INFO  [default] message type supported received: 2
2026-08-02 11:18:35,843 INFO  [default] commodity response received. response code: 0 - success; count: 4
2026-08-02 11:18:35,844 INFO  [default] commodity code: 0 - Electricity consumed (W & W-hr)
2026-08-02 11:18:35,844 INFO  [default]            source: Estimated
2026-08-02 11:18:35,844 INFO  [default]   cumulative: 121000
2026-08-02 11:18:35,844 INFO  [default]    inst rate: 0
2026-08-02 11:18:35,844 INFO  [default] commodity code 8 - Rated max consumption level electricity (W) is not recorded in the commodity CSV
2026-08-02 11:18:35,844 INFO  [default] commodity code: 6 - Total energy storage/take capacity (W-hr)
2026-08-02 11:18:35,844 INFO  [default]            source: Estimated
2026-08-02 11:18:35,845 INFO  [default]   cumulative: 9190
2026-08-02 11:18:35,845 INFO  [default]    inst rate: not used for this commodity code
2026-08-02 11:18:35,845 INFO  [default] commodity code: 7 - Present energy storage/take capacity (W-hr)
2026-08-02 11:18:35,845 INFO  [default]            source: Estimated
2026-08-02 11:18:35,845 INFO  [default]   cumulative: 0
2026-08-02 11:18:35,845 INFO  [default]    inst rate: not used for this commodity code
2026-08-02 11:18:36,048 INFO  [default] link ACK received: query_operational_state
2026-08-02 11:18:36,172 INFO  [default] operational state received: 6

Press Enter for a list of commands
2026-08-02 11:19:35,387 INFO  [default] link ACK received: get_commodity
2026-08-02 11:19:35,541 INFO  [default] message type supported received: 2
2026-08-02 11:19:35,541 INFO  [default] commodity response received. response code: 0 - success; count: 4
2026-08-02 11:19:35,542 INFO  [default] commodity code: 0 - Electricity consumed (W & W-hr)
2026-08-02 11:19:35,542 INFO  [default]            source: Estimated
2026-08-02 11:19:35,542 INFO  [default]   cumulative: 121000
2026-08-02 11:19:35,542 INFO  [default]    inst rate: 0
2026-08-02 11:19:35,542 INFO  [default] commodity code 8 - Rated max consumption level electricity (W) is not recorded in the commodity CSV
2026-08-02 11:19:35,542 INFO  [default] commodity code: 6 - Total energy storage/take capacity (W-hr)
2026-08-02 11:19:35,542 INFO  [default]            source: Estimated
2026-08-02 11:19:35,542 INFO  [default]   cumulative: 9190
2026-08-02 11:19:35,543 INFO  [default]    inst rate: not used for this commodity code
2026-08-02 11:19:35,543 INFO  [default] commodity code: 7 - Present energy storage/take capacity (W-hr)
2026-08-02 11:19:35,543 INFO  [default]            source: Estimated
2026-08-02 11:19:35,543 INFO  [default]   cumulative: 0
2026-08-02 11:19:35,543 INFO  [default]    inst rate: not used for this commodity code
2026-08-02 11:19:35,745 INFO  [default] link ACK received: query_operational_state
2026-08-02 11:19:35,870 INFO  [default] operational state received: 6

Press Enter for a list of commands
2026-08-02 11:20:35,084 INFO  [default] link ACK received: get_commodity
2026-08-02 11:20:35,238 INFO  [default] message type supported received: 2
2026-08-02 11:20:35,238 INFO  [default] commodity response received. response code: 0 - success; count: 4
2026-08-02 11:20:35,239 INFO  [default] commodity code: 0 - Electricity consumed (W & W-hr)
2026-08-02 11:20:35,239 INFO  [default]            source: Estimated
2026-08-02 11:20:35,239 INFO  [default]   cumulative: 121000
2026-08-02 11:20:35,239 INFO  [default]    inst rate: 0
2026-08-02 11:20:35,239 INFO  [default] commodity code 8 - Rated max consumption level electricity (W) is not recorded in the commodity CSV
2026-08-02 11:20:35,240 INFO  [default] commodity code: 6 - Total energy storage/take capacity (W-hr)
2026-08-02 11:20:35,240 INFO  [default]            source: Estimated
2026-08-02 11:20:35,240 INFO  [default]   cumulative: 9190
2026-08-02 11:20:35,240 INFO  [default]    inst rate: not used for this commodity code
2026-08-02 11:20:35,240 INFO  [default] commodity code: 7 - Present energy storage/take capacity (W-hr)
2026-08-02 11:20:35,240 INFO  [default]            source: Estimated
2026-08-02 11:20:35,240 INFO  [default]   cumulative: 0
2026-08-02 11:20:35,241 INFO  [default]    inst rate: not used for this commodity code
2026-08-02 11:20:35,443 INFO  [default] link ACK received: query_operational_state
2026-08-02 11:20:35,567 INFO  [default] operational state received: 6

Press Enter for a list of commands
2026-08-02 11:21:34,786 INFO  [default] link ACK received: get_commodity
2026-08-02 11:21:34,939 INFO  [default] message type supported received: 2
2026-08-02 11:21:34,939 INFO  [default] commodity response received. response code: 0 - success; count: 4
2026-08-02 11:21:34,940 INFO  [default] commodity code: 0 - Electricity consumed (W & W-hr)
2026-08-02 11:21:34,940 INFO  [default]            source: Estimated
2026-08-02 11:21:34,940 INFO  [default]   cumulative: 121000
2026-08-02 11:21:34,940 INFO  [default]    inst rate: 0
2026-08-02 11:21:34,940 INFO  [default] commodity code 8 - Rated max consumption level electricity (W) is not recorded in the commodity CSV
2026-08-02 11:21:34,941 INFO  [default] commodity code: 6 - Total energy storage/take capacity (W-hr)
2026-08-02 11:21:34,941 INFO  [default]            source: Estimated
2026-08-02 11:21:34,941 INFO  [default]   cumulative: 9190
2026-08-02 11:21:34,941 INFO  [default]    inst rate: not used for this commodity code
2026-08-02 11:21:34,941 INFO  [default] commodity code: 7 - Present energy storage/take capacity (W-hr)
2026-08-02 11:21:34,941 INFO  [default]            source: Estimated
2026-08-02 11:21:34,941 INFO  [default]   cumulative: 0
2026-08-02 11:21:34,942 INFO  [default]    inst rate: not used for this commodity code
2026-08-02 11:21:35,144 INFO  [default] link ACK received: query_operational_state
2026-08-02 11:21:35,268 INFO  [default] operational state received: 6

Press Enter for a list of commands
2026-08-02 11:22:35,485 INFO  [default] link ACK received: get_commodity
2026-08-02 11:22:35,638 INFO  [default] message type supported received: 2
2026-08-02 11:22:35,639 INFO  [default] commodity response received. response code: 0 - success; count: 4
2026-08-02 11:22:35,639 INFO  [default] commodity code: 0 - Electricity consumed (W & W-hr)
2026-08-02 11:22:35,639 INFO  [default]            source: Estimated
2026-08-02 11:22:35,639 INFO  [default]   cumulative: 121000
2026-08-02 11:22:35,639 INFO  [default]    inst rate: 0
2026-08-02 11:22:35,640 INFO  [default] commodity code 8 - Rated max consumption level electricity (W) is not recorded in the commodity CSV
2026-08-02 11:22:35,640 INFO  [default] commodity code: 6 - Total energy storage/take capacity (W-hr)
2026-08-02 11:22:35,640 INFO  [default]            source: Estimated
2026-08-02 11:22:35,640 INFO  [default]   cumulative: 9190
2026-08-02 11:22:35,640 INFO  [default]    inst rate: not used for this commodity code
2026-08-02 11:22:35,640 INFO  [default] commodity code: 7 - Present energy storage/take capacity (W-hr)
2026-08-02 11:22:35,640 INFO  [default]            source: Estimated
2026-08-02 11:22:35,640 INFO  [default]   cumulative: 0
2026-08-02 11:22:35,640 INFO  [default]    inst rate: not used for this commodity code
2026-08-02 11:22:35,843 INFO  [default] link ACK received: query_operational_state
2026-08-02 11:22:35,966 INFO  [default] operational state received: 6

Press Enter for a list of commands
2026-08-02 11:23:35,182 INFO  [default] link ACK received: get_commodity
2026-08-02 11:23:35,336 INFO  [default] message type supported received: 2
2026-08-02 11:23:35,336 INFO  [default] commodity response received. response code: 0 - success; count: 4
2026-08-02 11:23:35,337 INFO  [default] commodity code: 0 - Electricity consumed (W & W-hr)
2026-08-02 11:23:35,337 INFO  [default]            source: Estimated
2026-08-02 11:23:35,337 INFO  [default]   cumulative: 121000
2026-08-02 11:23:35,337 INFO  [default]    inst rate: 0
2026-08-02 11:23:35,337 INFO  [default] commodity code 8 - Rated max consumption level electricity (W) is not recorded in the commodity CSV
2026-08-02 11:23:35,338 INFO  [default] commodity code: 6 - Total energy storage/take capacity (W-hr)
2026-08-02 11:23:35,338 INFO  [default]            source: Estimated
2026-08-02 11:23:35,338 INFO  [default]   cumulative: 9190
2026-08-02 11:23:35,338 INFO  [default]    inst rate: not used for this commodity code
2026-08-02 11:23:35,338 INFO  [default] commodity code: 7 - Present energy storage/take capacity (W-hr)
2026-08-02 11:23:35,338 INFO  [default]            source: Estimated
2026-08-02 11:23:35,338 INFO  [default]   cumulative: 0
2026-08-02 11:23:35,338 INFO  [default]    inst rate: not used for this commodity code
2026-08-02 11:23:35,541 INFO  [default] link ACK received: query_operational_state
2026-08-02 11:23:35,665 INFO  [default] operational state received: 6

Press Enter for a list of commands
2026-08-02 11:24:34,883 INFO  [default] link ACK received: get_commodity
2026-08-02 11:24:35,036 INFO  [default] message type supported received: 2
2026-08-02 11:24:35,037 INFO  [default] commodity response received. response code: 0 - success; count: 4
2026-08-02 11:24:35,037 INFO  [default] commodity code: 0 - Electricity consumed (W & W-hr)
2026-08-02 11:24:35,037 INFO  [default]            source: Estimated
2026-08-02 11:24:35,037 INFO  [default]   cumulative: 121000
2026-08-02 11:24:35,037 INFO  [default]    inst rate: 0
2026-08-02 11:24:35,038 INFO  [default] commodity code 8 - Rated max consumption level electricity (W) is not recorded in the commodity CSV
2026-08-02 11:24:35,038 INFO  [default] commodity code: 6 - Total energy storage/take capacity (W-hr)
2026-08-02 11:24:35,038 INFO  [default]            source: Estimated
2026-08-02 11:24:35,038 INFO  [default]   cumulative: 9190
2026-08-02 11:24:35,038 INFO  [default]    inst rate: not used for this commodity code
2026-08-02 11:24:35,038 INFO  [default] commodity code: 7 - Present energy storage/take capacity (W-hr)
2026-08-02 11:24:35,038 INFO  [default]            source: Estimated
2026-08-02 11:24:35,038 INFO  [default]   cumulative: 0
2026-08-02 11:24:35,039 INFO  [default]    inst rate: not used for this commodity code
2026-08-02 11:24:35,242 INFO  [default] link ACK received: query_operational_state
2026-08-02 11:24:35,365 INFO  [default] operational state received: 6

Press Enter for a list of commands
2026-08-02 11:25:35,580 INFO  [default] link ACK received: get_commodity
2026-08-02 11:25:35,734 INFO  [default] message type supported received: 2
2026-08-02 11:25:35,735 INFO  [default] commodity response received. response code: 0 - success; count: 4
2026-08-02 11:25:35,735 INFO  [default] commodity code: 0 - Electricity consumed (W & W-hr)
2026-08-02 11:25:35,735 INFO  [default]            source: Estimated
2026-08-02 11:25:35,735 INFO  [default]   cumulative: 121000
2026-08-02 11:25:35,735 INFO  [default]    inst rate: 0
2026-08-02 11:25:35,736 INFO  [default] commodity code 8 - Rated max consumption level electricity (W) is not recorded in the commodity CSV
2026-08-02 11:25:35,736 INFO  [default] commodity code: 6 - Total energy storage/take capacity (W-hr)
2026-08-02 11:25:35,736 INFO  [default]            source: Estimated
2026-08-02 11:25:35,736 INFO  [default]   cumulative: 9190
2026-08-02 11:25:35,736 INFO  [default]    inst rate: not used for this commodity code
2026-08-02 11:25:35,736 INFO  [default] commodity code: 7 - Present energy storage/take capacity (W-hr)
2026-08-02 11:25:35,736 INFO  [default]            source: Estimated
2026-08-02 11:25:35,736 INFO  [default]   cumulative: 0
2026-08-02 11:25:35,736 INFO  [default]    inst rate: not used for this commodity code
2026-08-02 11:25:35,939 INFO  [default] link ACK received: query_operational_state
2026-08-02 11:25:36,063 INFO  [default] operational state received: 6

Press Enter for a list of commands
2026-08-02 11:26:35,281 INFO  [default] link ACK received: get_commodity
2026-08-02 11:26:35,435 INFO  [default] message type supported received: 2
2026-08-02 11:26:35,435 INFO  [default] commodity response received. response code: 0 - success; count: 4
2026-08-02 11:26:35,435 INFO  [default] commodity code: 0 - Electricity consumed (W & W-hr)
2026-08-02 11:26:35,436 INFO  [default]            source: Estimated
2026-08-02 11:26:35,436 INFO  [default]   cumulative: 121000
2026-08-02 11:26:35,436 INFO  [default]    inst rate: 0
2026-08-02 11:26:35,436 INFO  [default] commodity code 8 - Rated max consumption level electricity (W) is not recorded in the commodity CSV
2026-08-02 11:26:35,436 INFO  [default] commodity code: 6 - Total energy storage/take capacity (W-hr)
2026-08-02 11:26:35,436 INFO  [default]            source: Estimated
2026-08-02 11:26:35,436 INFO  [default]   cumulative: 9190
2026-08-02 11:26:35,436 INFO  [default]    inst rate: not used for this commodity code
2026-08-02 11:26:35,437 INFO  [default] commodity code: 7 - Present energy storage/take capacity (W-hr)
2026-08-02 11:26:35,437 INFO  [default]            source: Estimated
2026-08-02 11:26:35,437 INFO  [default]   cumulative: 0
2026-08-02 11:26:35,437 INFO  [default]    inst rate: not used for this commodity code
2026-08-02 11:26:35,640 INFO  [default] link ACK received: query_operational_state
2026-08-02 11:26:35,763 INFO  [default] operational state received: 6

Press Enter for a list of commands
2026-08-02 11:27:34,978 INFO  [default] link ACK received: get_commodity
2026-08-02 11:27:35,132 INFO  [default] message type supported received: 2
2026-08-02 11:27:35,132 INFO  [default] commodity response received. response code: 0 - success; count: 4
2026-08-02 11:27:35,132 INFO  [default] commodity code: 0 - Electricity consumed (W & W-hr)
2026-08-02 11:27:35,132 INFO  [default]            source: Estimated
2026-08-02 11:27:35,133 INFO  [default]   cumulative: 121000
2026-08-02 11:27:35,133 INFO  [default]    inst rate: 0
2026-08-02 11:27:35,133 INFO  [default] commodity code 8 - Rated max consumption level electricity (W) is not recorded in the commodity CSV
2026-08-02 11:27:35,133 INFO  [default] commodity code: 6 - Total energy storage/take capacity (W-hr)
2026-08-02 11:27:35,133 INFO  [default]            source: Estimated
2026-08-02 11:27:35,133 INFO  [default]   cumulative: 9190
2026-08-02 11:27:35,133 INFO  [default]    inst rate: not used for this commodity code
2026-08-02 11:27:35,133 INFO  [default] commodity code: 7 - Present energy storage/take capacity (W-hr)
2026-08-02 11:27:35,134 INFO  [default]            source: Estimated
2026-08-02 11:27:35,134 INFO  [default]   cumulative: 0
2026-08-02 11:27:35,134 INFO  [default]    inst rate: not used for this commodity code
2026-08-02 11:27:35,336 INFO  [default] link ACK received: query_operational_state
2026-08-02 11:27:35,460 INFO  [default] operational state received: 6

Press Enter for a list of commands
2026-08-02 11:28:35,677 INFO  [default] link ACK received: get_commodity
2026-08-02 11:28:35,830 INFO  [default] message type supported received: 2
2026-08-02 11:28:35,831 INFO  [default] commodity response received. response code: 0 - success; count: 4
2026-08-02 11:28:35,831 INFO  [default] commodity code: 0 - Electricity consumed (W & W-hr)
2026-08-02 11:28:35,831 INFO  [default]            source: Estimated
2026-08-02 11:28:35,831 INFO  [default]   cumulative: 121000
2026-08-02 11:28:35,832 INFO  [default]    inst rate: 0
2026-08-02 11:28:35,832 INFO  [default] commodity code 8 - Rated max consumption level electricity (W) is not recorded in the commodity CSV
2026-08-02 11:28:35,832 INFO  [default] commodity code: 6 - Total energy storage/take capacity (W-hr)
2026-08-02 11:28:35,832 INFO  [default]            source: Estimated
2026-08-02 11:28:35,832 INFO  [default]   cumulative: 9190
2026-08-02 11:28:35,832 INFO  [default]    inst rate: not used for this commodity code
2026-08-02 11:28:35,832 INFO  [default] commodity code: 7 - Present energy storage/take capacity (W-hr)
2026-08-02 11:28:35,832 INFO  [default]            source: Estimated
2026-08-02 11:28:35,833 INFO  [default]   cumulative: 0
2026-08-02 11:28:35,833 INFO  [default]    inst rate: not used for this commodity code
2026-08-02 11:28:36,036 INFO  [default] link ACK received: query_operational_state
2026-08-02 11:28:36,159 INFO  [default] operational state received: 6

Press Enter for a list of commands
2026-08-02 11:29:35,373 INFO  [default] link ACK received: get_commodity
2026-08-02 11:29:35,528 INFO  [default] message type supported received: 2
2026-08-02 11:29:35,528 INFO  [default] commodity response received. response code: 0 - success; count: 4
2026-08-02 11:29:35,529 INFO  [default] commodity code: 0 - Electricity consumed (W & W-hr)
2026-08-02 11:29:35,529 INFO  [default]            source: Estimated
2026-08-02 11:29:35,529 INFO  [default]   cumulative: 121000
2026-08-02 11:29:35,529 INFO  [default]    inst rate: 0
2026-08-02 11:29:35,529 INFO  [default] commodity code 8 - Rated max consumption level electricity (W) is not recorded in the commodity CSV
2026-08-02 11:29:35,529 INFO  [default] commodity code: 6 - Total energy storage/take capacity (W-hr)
2026-08-02 11:29:35,530 INFO  [default]            source: Estimated
2026-08-02 11:29:35,530 INFO  [default]   cumulative: 9190
2026-08-02 11:29:35,530 INFO  [default]    inst rate: not used for this commodity code
2026-08-02 11:29:35,530 INFO  [default] commodity code: 7 - Present energy storage/take capacity (W-hr)
2026-08-02 11:29:35,530 INFO  [default]            source: Estimated
2026-08-02 11:29:35,530 INFO  [default]   cumulative: 0
2026-08-02 11:29:35,530 INFO  [default]    inst rate: not used for this commodity code
2026-08-02 11:29:35,732 INFO  [default] link ACK received: query_operational_state
2026-08-02 11:29:35,856 INFO  [default] operational state received: 6

Press Enter for a list of commands
2026-08-02 11:30:35,072 INFO  [default] link ACK received: get_commodity
2026-08-02 11:30:35,226 INFO  [default] message type supported received: 2
2026-08-02 11:30:35,226 INFO  [default] commodity response received. response code: 0 - success; count: 4
2026-08-02 11:30:35,227 INFO  [default] commodity code: 0 - Electricity consumed (W & W-hr)
2026-08-02 11:30:35,227 INFO  [default]            source: Estimated
2026-08-02 11:30:35,227 INFO  [default]   cumulative: 121000
2026-08-02 11:30:35,227 INFO  [default]    inst rate: 0
2026-08-02 11:30:35,227 INFO  [default] commodity code 8 - Rated max consumption level electricity (W) is not recorded in the commodity CSV
2026-08-02 11:30:35,227 INFO  [default] commodity code: 6 - Total energy storage/take capacity (W-hr)
2026-08-02 11:30:35,227 INFO  [default]            source: Estimated
2026-08-02 11:30:35,228 INFO  [default]   cumulative: 9190
2026-08-02 11:30:35,228 INFO  [default]    inst rate: not used for this commodity code
2026-08-02 11:30:35,228 INFO  [default] commodity code: 7 - Present energy storage/take capacity (W-hr)
2026-08-02 11:30:35,228 INFO  [default]            source: Estimated
2026-08-02 11:30:35,228 INFO  [default]   cumulative: 0
2026-08-02 11:30:35,228 INFO  [default]    inst rate: not used for this commodity code
2026-08-02 11:30:35,431 INFO  [default] link ACK received: query_operational_state
2026-08-02 11:30:35,555 INFO  [default] operational state received: 6

Press Enter for a list of commands
2026-08-02 11:31:34,768 INFO  [default] link ACK received: get_commodity
2026-08-02 11:31:34,922 INFO  [default] message type supported received: 2
2026-08-02 11:31:34,922 INFO  [default] commodity response received. response code: 0 - success; count: 4
2026-08-02 11:31:34,923 INFO  [default] commodity code: 0 - Electricity consumed (W & W-hr)
2026-08-02 11:31:34,923 INFO  [default]            source: Estimated
2026-08-02 11:31:34,923 INFO  [default]   cumulative: 121000
2026-08-02 11:31:34,923 INFO  [default]    inst rate: 0
2026-08-02 11:31:34,923 INFO  [default] commodity code 8 - Rated max consumption level electricity (W) is not recorded in the commodity CSV
2026-08-02 11:31:34,923 INFO  [default] commodity code: 6 - Total energy storage/take capacity (W-hr)
2026-08-02 11:31:34,923 INFO  [default]            source: Estimated
2026-08-02 11:31:34,924 INFO  [default]   cumulative: 9190
2026-08-02 11:31:34,924 INFO  [default]    inst rate: not used for this commodity code
2026-08-02 11:31:34,924 INFO  [default] commodity code: 7 - Present energy storage/take capacity (W-hr)
2026-08-02 11:31:34,924 INFO  [default]            source: Estimated
2026-08-02 11:31:34,924 INFO  [default]   cumulative: 0
2026-08-02 11:31:34,924 INFO  [default]    inst rate: not used for this commodity code
2026-08-02 11:31:35,127 INFO  [default] link ACK received: query_operational_state
2026-08-02 11:31:35,250 INFO  [default] operational state received: 6

Press Enter for a list of commands
2026-08-02 11:32:35,468 INFO  [default] link ACK received: get_commodity
2026-08-02 11:32:35,623 INFO  [default] message type supported received: 2
2026-08-02 11:32:35,624 INFO  [default] commodity response received. response code: 0 - success; count: 4
2026-08-02 11:32:35,624 INFO  [default] commodity code: 0 - Electricity consumed (W & W-hr)
2026-08-02 11:32:35,624 INFO  [default]            source: Estimated
2026-08-02 11:32:35,624 INFO  [default]   cumulative: 121000
2026-08-02 11:32:35,625 INFO  [default]    inst rate: 0
2026-08-02 11:32:35,625 INFO  [default] commodity code 8 - Rated max consumption level electricity (W) is not recorded in the commodity CSV
2026-08-02 11:32:35,625 INFO  [default] commodity code: 6 - Total energy storage/take capacity (W-hr)
2026-08-02 11:32:35,625 INFO  [default]            source: Estimated
2026-08-02 11:32:35,625 INFO  [default]   cumulative: 9190
2026-08-02 11:32:35,625 INFO  [default]    inst rate: not used for this commodity code
2026-08-02 11:32:35,625 INFO  [default] commodity code: 7 - Present energy storage/take capacity (W-hr)
2026-08-02 11:32:35,625 INFO  [default]            source: Estimated
2026-08-02 11:32:35,626 INFO  [default]   cumulative: 0
2026-08-02 11:32:35,626 INFO  [default]    inst rate: not used for this commodity code
2026-08-02 11:32:35,829 INFO  [default] link ACK received: query_operational_state
2026-08-02 11:32:35,952 INFO  [default] operational state received: 6

Press Enter for a list of commands
2026-08-02 11:33:35,170 INFO  [default] link ACK received: get_commodity
2026-08-02 11:33:35,326 INFO  [default] message type supported received: 2
2026-08-02 11:33:35,326 INFO  [default] commodity response received. response code: 0 - success; count: 4
2026-08-02 11:33:35,326 INFO  [default] commodity code: 0 - Electricity consumed (W & W-hr)
2026-08-02 11:33:35,326 INFO  [default]            source: Estimated
2026-08-02 11:33:35,326 INFO  [default]   cumulative: 121000
2026-08-02 11:33:35,327 INFO  [default]    inst rate: 0
2026-08-02 11:33:35,327 INFO  [default] commodity code 8 - Rated max consumption level electricity (W) is not recorded in the commodity CSV
2026-08-02 11:33:35,327 INFO  [default] commodity code: 6 - Total energy storage/take capacity (W-hr)
2026-08-02 11:33:35,327 INFO  [default]            source: Estimated
2026-08-02 11:33:35,327 INFO  [default]   cumulative: 9190
2026-08-02 11:33:35,327 INFO  [default]    inst rate: not used for this commodity code
2026-08-02 11:33:35,327 INFO  [default] commodity code: 7 - Present energy storage/take capacity (W-hr)
2026-08-02 11:33:35,327 INFO  [default]            source: Estimated
2026-08-02 11:33:35,328 INFO  [default]   cumulative: 0
2026-08-02 11:33:35,328 INFO  [default]    inst rate: not used for this commodity code
2026-08-02 11:33:35,530 INFO  [default] link ACK received: query_operational_state
2026-08-02 11:33:35,654 INFO  [default] operational state received: 6

Press Enter for a list of commands
2026-08-02 11:34:34,867 INFO  [default] link ACK received: get_commodity
2026-08-02 11:34:35,021 INFO  [default] message type supported received: 2
2026-08-02 11:34:35,021 INFO  [default] commodity response received. response code: 0 - success; count: 4
2026-08-02 11:34:35,021 INFO  [default] commodity code: 0 - Electricity consumed (W & W-hr)
2026-08-02 11:34:35,021 INFO  [default]            source: Estimated
2026-08-02 11:34:35,022 INFO  [default]   cumulative: 121000
2026-08-02 11:34:35,022 INFO  [default]    inst rate: 0
2026-08-02 11:34:35,022 INFO  [default] commodity code 8 - Rated max consumption level electricity (W) is not recorded in the commodity CSV
2026-08-02 11:34:35,022 INFO  [default] commodity code: 6 - Total energy storage/take capacity (W-hr)
2026-08-02 11:34:35,022 INFO  [default]            source: Estimated
2026-08-02 11:34:35,022 INFO  [default]   cumulative: 9190
2026-08-02 11:34:35,022 INFO  [default]    inst rate: not used for this commodity code
2026-08-02 11:34:35,023 INFO  [default] commodity code: 7 - Present energy storage/take capacity (W-hr)
2026-08-02 11:34:35,023 INFO  [default]            source: Estimated
2026-08-02 11:34:35,023 INFO  [default]   cumulative: 0
2026-08-02 11:34:35,023 INFO  [default]    inst rate: not used for this commodity code
2026-08-02 11:34:35,226 INFO  [default] link ACK received: query_operational_state
2026-08-02 11:34:35,349 INFO  [default] operational state received: 6

Press Enter for a list of commands
2026-08-02 11:35:35,561 INFO  [default] link ACK received: get_commodity
2026-08-02 11:35:35,715 INFO  [default] message type supported received: 2
2026-08-02 11:35:35,716 INFO  [default] commodity response received. response code: 0 - success; count: 4
2026-08-02 11:35:35,716 INFO  [default] commodity code: 0 - Electricity consumed (W & W-hr)
2026-08-02 11:35:35,716 INFO  [default]            source: Estimated
2026-08-02 11:35:35,716 INFO  [default]   cumulative: 121000
2026-08-02 11:35:35,716 INFO  [default]    inst rate: 0
2026-08-02 11:35:35,717 INFO  [default] commodity code 8 - Rated max consumption level electricity (W) is not recorded in the commodity CSV
2026-08-02 11:35:35,717 INFO  [default] commodity code: 6 - Total energy storage/take capacity (W-hr)
2026-08-02 11:35:35,717 INFO  [default]            source: Estimated
2026-08-02 11:35:35,717 INFO  [default]   cumulative: 9190
2026-08-02 11:35:35,717 INFO  [default]    inst rate: not used for this commodity code
2026-08-02 11:35:35,717 INFO  [default] commodity code: 7 - Present energy storage/take capacity (W-hr)
2026-08-02 11:35:35,717 INFO  [default]            source: Estimated
2026-08-02 11:35:35,717 INFO  [default]   cumulative: 0
2026-08-02 11:35:35,718 INFO  [default]    inst rate: not used for this commodity code
2026-08-02 11:35:35,920 INFO  [default] link ACK received: query_operational_state
2026-08-02 11:35:36,044 INFO  [default] operational state received: 6

Press Enter for a list of commands
2026-08-02 11:36:35,257 INFO  [default] link ACK received: get_commodity
2026-08-02 11:36:35,411 INFO  [default] message type supported received: 2
2026-08-02 11:36:35,411 INFO  [default] commodity response received. response code: 0 - success; count: 4
2026-08-02 11:36:35,412 INFO  [default] commodity code: 0 - Electricity consumed (W & W-hr)
2026-08-02 11:36:35,412 INFO  [default]            source: Estimated
2026-08-02 11:36:35,412 INFO  [default]   cumulative: 121000
2026-08-02 11:36:35,412 INFO  [default]    inst rate: 0
2026-08-02 11:36:35,412 INFO  [default] commodity code 8 - Rated max consumption level electricity (W) is not recorded in the commodity CSV
2026-08-02 11:36:35,412 INFO  [default] commodity code: 6 - Total energy storage/take capacity (W-hr)
2026-08-02 11:36:35,413 INFO  [default]            source: Estimated
2026-08-02 11:36:35,413 INFO  [default]   cumulative: 9190
2026-08-02 11:36:35,413 INFO  [default]    inst rate: not used for this commodity code
2026-08-02 11:36:35,413 INFO  [default] commodity code: 7 - Present energy storage/take capacity (W-hr)
2026-08-02 11:36:35,413 INFO  [default]            source: Estimated
2026-08-02 11:36:35,413 INFO  [default]   cumulative: 0
2026-08-02 11:36:35,413 INFO  [default]    inst rate: not used for this commodity code
2026-08-02 11:36:35,616 INFO  [default] link ACK received: query_operational_state
2026-08-02 11:36:35,740 INFO  [default] operational state received: 6

Press Enter for a list of commands
2026-08-02 11:37:34,952 INFO  [default] link ACK received: get_commodity
2026-08-02 11:37:35,106 INFO  [default] message type supported received: 2
2026-08-02 11:37:35,106 INFO  [default] commodity response received. response code: 0 - success; count: 4
2026-08-02 11:37:35,107 INFO  [default] commodity code: 0 - Electricity consumed (W & W-hr)
2026-08-02 11:37:35,107 INFO  [default]            source: Estimated
2026-08-02 11:37:35,107 INFO  [default]   cumulative: 121000
2026-08-02 11:37:35,107 INFO  [default]    inst rate: 0
2026-08-02 11:37:35,107 INFO  [default] commodity code 8 - Rated max consumption level electricity (W) is not recorded in the commodity CSV
2026-08-02 11:37:35,107 INFO  [default] commodity code: 6 - Total energy storage/take capacity (W-hr)
2026-08-02 11:37:35,107 INFO  [default]            source: Estimated
2026-08-02 11:37:35,108 INFO  [default]   cumulative: 9190
2026-08-02 11:37:35,108 INFO  [default]    inst rate: not used for this commodity code
2026-08-02 11:37:35,108 INFO  [default] commodity code: 7 - Present energy storage/take capacity (W-hr)
2026-08-02 11:37:35,108 INFO  [default]            source: Estimated
2026-08-02 11:37:35,108 INFO  [default]   cumulative: 0
2026-08-02 11:37:35,108 INFO  [default]    inst rate: not used for this commodity code
2026-08-02 11:37:35,312 INFO  [default] link ACK received: query_operational_state
2026-08-02 11:37:35,436 INFO  [default] operational state received: 6

Press Enter for a list of commands
2026-08-02 11:38:35,652 INFO  [default] link ACK received: get_commodity
2026-08-02 11:38:35,806 INFO  [default] message type supported received: 2
2026-08-02 11:38:35,806 INFO  [default] commodity response received. response code: 0 - success; count: 4
2026-08-02 11:38:35,806 INFO  [default] commodity code: 0 - Electricity consumed (W & W-hr)
2026-08-02 11:38:35,806 INFO  [default]            source: Estimated
2026-08-02 11:38:35,806 INFO  [default]   cumulative: 121000
2026-08-02 11:38:35,807 INFO  [default]    inst rate: 0
2026-08-02 11:38:35,807 INFO  [default] commodity code 8 - Rated max consumption level electricity (W) is not recorded in the commodity CSV
2026-08-02 11:38:35,807 INFO  [default] commodity code: 6 - Total energy storage/take capacity (W-hr)
2026-08-02 11:38:35,807 INFO  [default]            source: Estimated
2026-08-02 11:38:35,807 INFO  [default]   cumulative: 9190
2026-08-02 11:38:35,807 INFO  [default]    inst rate: not used for this commodity code
2026-08-02 11:38:35,807 INFO  [default] commodity code: 7 - Present energy storage/take capacity (W-hr)
2026-08-02 11:38:35,807 INFO  [default]            source: Estimated
2026-08-02 11:38:35,808 INFO  [default]   cumulative: 0
2026-08-02 11:38:35,808 INFO  [default]    inst rate: not used for this commodity code
2026-08-02 11:38:36,010 INFO  [default] link ACK received: query_operational_state
2026-08-02 11:38:36,134 INFO  [default] operational state received: 6

Press Enter for a list of commands
2026-08-02 11:39:35,347 INFO  [default] link ACK received: get_commodity
2026-08-02 11:39:35,501 INFO  [default] message type supported received: 2
2026-08-02 11:39:35,501 INFO  [default] commodity response received. response code: 0 - success; count: 4
2026-08-02 11:39:35,502 INFO  [default] commodity code: 0 - Electricity consumed (W & W-hr)
2026-08-02 11:39:35,502 INFO  [default]            source: Estimated
2026-08-02 11:39:35,502 INFO  [default]   cumulative: 121000
2026-08-02 11:39:35,502 INFO  [default]    inst rate: 0
2026-08-02 11:39:35,502 INFO  [default] commodity code 8 - Rated max consumption level electricity (W) is not recorded in the commodity CSV
2026-08-02 11:39:35,502 INFO  [default] commodity code: 6 - Total energy storage/take capacity (W-hr)
2026-08-02 11:39:35,503 INFO  [default]            source: Estimated
2026-08-02 11:39:35,503 INFO  [default]   cumulative: 9190
2026-08-02 11:39:35,503 INFO  [default]    inst rate: not used for this commodity code
2026-08-02 11:39:35,503 INFO  [default] commodity code: 7 - Present energy storage/take capacity (W-hr)
2026-08-02 11:39:35,503 INFO  [default]            source: Estimated
2026-08-02 11:39:35,503 INFO  [default]   cumulative: 0
2026-08-02 11:39:35,503 INFO  [default]    inst rate: not used for this commodity code
2026-08-02 11:39:35,706 INFO  [default] link ACK received: query_operational_state
2026-08-02 11:39:35,830 INFO  [default] operational state received: 6

Press Enter for a list of commands
2026-08-02 11:40:35,045 INFO  [default] link ACK received: get_commodity
2026-08-02 11:40:35,200 INFO  [default] message type supported received: 2
2026-08-02 11:40:35,200 INFO  [default] commodity response received. response code: 0 - success; count: 4
2026-08-02 11:40:35,200 INFO  [default] commodity code: 0 - Electricity consumed (W & W-hr)
2026-08-02 11:40:35,201 INFO  [default]            source: Estimated
2026-08-02 11:40:35,201 INFO  [default]   cumulative: 121000
2026-08-02 11:40:35,201 INFO  [default]    inst rate: 0
2026-08-02 11:40:35,201 INFO  [default] commodity code 8 - Rated max consumption level electricity (W) is not recorded in the commodity CSV
2026-08-02 11:40:35,201 INFO  [default] commodity code: 6 - Total energy storage/take capacity (W-hr)
2026-08-02 11:40:35,201 INFO  [default]            source: Estimated
2026-08-02 11:40:35,201 INFO  [default]   cumulative: 9190
2026-08-02 11:40:35,202 INFO  [default]    inst rate: not used for this commodity code
2026-08-02 11:40:35,202 INFO  [default] commodity code: 7 - Present energy storage/take capacity (W-hr)
2026-08-02 11:40:35,202 INFO  [default]            source: Estimated
2026-08-02 11:40:35,202 INFO  [default]   cumulative: 0
2026-08-02 11:40:35,202 INFO  [default]    inst rate: not used for this commodity code
2026-08-02 11:40:35,405 INFO  [default] link ACK received: query_operational_state
2026-08-02 11:40:35,530 INFO  [default] operational state received: 6

Press Enter for a list of commands
2026-08-02 11:41:35,746 INFO  [default] link ACK received: get_commodity
2026-08-02 11:41:35,900 INFO  [default] message type supported received: 2
2026-08-02 11:41:35,900 INFO  [default] commodity response received. response code: 0 - success; count: 4
2026-08-02 11:41:35,900 INFO  [default] commodity code: 0 - Electricity consumed (W & W-hr)
2026-08-02 11:41:35,901 INFO  [default]            source: Estimated
2026-08-02 11:41:35,901 INFO  [default]   cumulative: 121000
2026-08-02 11:41:35,901 INFO  [default]    inst rate: 0
2026-08-02 11:41:35,901 INFO  [default] commodity code 8 - Rated max consumption level electricity (W) is not recorded in the commodity CSV
2026-08-02 11:41:35,901 INFO  [default] commodity code: 6 - Total energy storage/take capacity (W-hr)
2026-08-02 11:41:35,901 INFO  [default]            source: Estimated
2026-08-02 11:41:35,901 INFO  [default]   cumulative: 9190
2026-08-02 11:41:35,902 INFO  [default]    inst rate: not used for this commodity code
2026-08-02 11:41:35,902 INFO  [default] commodity code: 7 - Present energy storage/take capacity (W-hr)
2026-08-02 11:41:35,902 INFO  [default]            source: Estimated
2026-08-02 11:41:35,902 INFO  [default]   cumulative: 0
2026-08-02 11:41:35,902 INFO  [default]    inst rate: not used for this commodity code
2026-08-02 11:41:36,105 INFO  [default] link ACK received: query_operational_state
2026-08-02 11:41:36,230 INFO  [default] operational state received: 6

Press Enter for a list of commands
2026-08-02 11:42:35,440 INFO  [default] link ACK received: get_commodity
2026-08-02 11:42:35,596 INFO  [default] message type supported received: 2
2026-08-02 11:42:35,596 INFO  [default] commodity response received. response code: 0 - success; count: 4
2026-08-02 11:42:35,596 INFO  [default] commodity code: 0 - Electricity consumed (W & W-hr)
2026-08-02 11:42:35,596 INFO  [default]            source: Estimated
2026-08-02 11:42:35,596 INFO  [default]   cumulative: 121000
2026-08-02 11:42:35,597 INFO  [default]    inst rate: 0
2026-08-02 11:42:35,597 INFO  [default] commodity code 8 - Rated max consumption level electricity (W) is not recorded in the commodity CSV
2026-08-02 11:42:35,597 INFO  [default] commodity code: 6 - Total energy storage/take capacity (W-hr)
2026-08-02 11:42:35,597 INFO  [default]            source: Estimated
2026-08-02 11:42:35,597 INFO  [default]   cumulative: 9190
2026-08-02 11:42:35,597 INFO  [default]    inst rate: not used for this commodity code
2026-08-02 11:42:35,597 INFO  [default] commodity code: 7 - Present energy storage/take capacity (W-hr)
2026-08-02 11:42:35,598 INFO  [default]            source: Estimated
2026-08-02 11:42:35,598 INFO  [default]   cumulative: 0
2026-08-02 11:42:35,598 INFO  [default]    inst rate: not used for this commodity code
2026-08-02 11:42:35,801 INFO  [default] link ACK received: query_operational_state
2026-08-02 11:42:35,924 INFO  [default] operational state received: 6

Press Enter for a list of commands
2026-08-02 11:43:35,138 INFO  [default] link ACK received: get_commodity
2026-08-02 11:43:35,293 INFO  [default] message type supported received: 2
2026-08-02 11:43:35,293 INFO  [default] commodity response received. response code: 0 - success; count: 4
2026-08-02 11:43:35,293 INFO  [default] commodity code: 0 - Electricity consumed (W & W-hr)
2026-08-02 11:43:35,294 INFO  [default]            source: Estimated
2026-08-02 11:43:35,294 INFO  [default]   cumulative: 121000
2026-08-02 11:43:35,294 INFO  [default]    inst rate: 0
2026-08-02 11:43:35,294 INFO  [default] commodity code 8 - Rated max consumption level electricity (W) is not recorded in the commodity CSV
2026-08-02 11:43:35,294 INFO  [default] commodity code: 6 - Total energy storage/take capacity (W-hr)
2026-08-02 11:43:35,294 INFO  [default]            source: Estimated
2026-08-02 11:43:35,294 INFO  [default]   cumulative: 9190
2026-08-02 11:43:35,294 INFO  [default]    inst rate: not used for this commodity code
2026-08-02 11:43:35,295 INFO  [default] commodity code: 7 - Present energy storage/take capacity (W-hr)
2026-08-02 11:43:35,295 INFO  [default]            source: Estimated
2026-08-02 11:43:35,295 INFO  [default]   cumulative: 0
2026-08-02 11:43:35,295 INFO  [default]    inst rate: not used for this commodity code
2026-08-02 11:43:35,498 INFO  [default] link ACK received: query_operational_state
2026-08-02 11:43:35,621 INFO  [default] operational state received: 6

Press Enter for a list of commands
1785696215,o,0 (PASSED!)
outside communication found
2026-08-02 11:43:36,726 INFO  [default] link ACK received: outside_communication
2026-08-02 11:43:36,850 INFO  [default] app ack received
1785696230,e,0 (PASSED!)
2026-08-02 11:43:50,982 INFO  [default] link ACK received: run_normal
2026-08-02 11:43:51,105 INFO  [default] app ack received
endshedding
2026-08-02 11:44:35,294 INFO  [default] link ACK received: get_commodity
2026-08-02 11:44:35,449 INFO  [default] message type supported received: 2
2026-08-02 11:44:35,449 INFO  [default] commodity response received. response code: 0 - success; count: 4
2026-08-02 11:44:35,450 INFO  [default] commodity code: 0 - Electricity consumed (W & W-hr)
2026-08-02 11:44:35,450 INFO  [default]            source: Estimated
2026-08-02 11:44:35,450 INFO  [default]   cumulative: 121000
2026-08-02 11:44:35,450 INFO  [default]    inst rate: 0
2026-08-02 11:44:35,450 INFO  [default] commodity code 8 - Rated max consumption level electricity (W) is not recorded in the commodity CSV
2026-08-02 11:44:35,451 INFO  [default] commodity code: 6 - Total energy storage/take capacity (W-hr)
2026-08-02 11:44:35,451 INFO  [default]            source: Estimated
2026-08-02 11:44:35,451 INFO  [default]   cumulative: 9190
2026-08-02 11:44:35,451 INFO  [default]    inst rate: not used for this commodity code
2026-08-02 11:44:35,451 INFO  [default] commodity code: 7 - Present energy storage/take capacity (W-hr)
2026-08-02 11:44:35,451 INFO  [default]            source: Estimated
2026-08-02 11:44:35,451 INFO  [default]   cumulative: 0
2026-08-02 11:44:35,451 INFO  [default]    inst rate: not used for this commodity code
2026-08-02 11:44:35,653 INFO  [default] link ACK received: query_operational_state
2026-08-02 11:44:35,778 INFO  [default] operational state received: 0

Press Enter for a list of commands
2026-08-02 11:45:34,993 INFO  [default] link ACK received: get_commodity
2026-08-02 11:45:35,146 INFO  [default] message type supported received: 2
2026-08-02 11:45:35,147 INFO  [default] commodity response received. response code: 0 - success; count: 4
2026-08-02 11:45:35,147 INFO  [default] commodity code: 0 - Electricity consumed (W & W-hr)
2026-08-02 11:45:35,147 INFO  [default]            source: Estimated
2026-08-02 11:45:35,147 INFO  [default]   cumulative: 121000
2026-08-02 11:45:35,148 INFO  [default]    inst rate: 0
2026-08-02 11:45:35,148 INFO  [default] commodity code 8 - Rated max consumption level electricity (W) is not recorded in the commodity CSV
2026-08-02 11:45:35,148 INFO  [default] commodity code: 6 - Total energy storage/take capacity (W-hr)
2026-08-02 11:45:35,148 INFO  [default]            source: Estimated
2026-08-02 11:45:35,148 INFO  [default]   cumulative: 9190
2026-08-02 11:45:35,148 INFO  [default]    inst rate: not used for this commodity code
2026-08-02 11:45:35,148 INFO  [default] commodity code: 7 - Present energy storage/take capacity (W-hr)
2026-08-02 11:45:35,148 INFO  [default]            source: Estimated
2026-08-02 11:45:35,149 INFO  [default]   cumulative: 0
2026-08-02 11:45:35,149 INFO  [default]    inst rate: not used for this commodity code
2026-08-02 11:45:35,351 INFO  [default] link ACK received: query_operational_state
2026-08-02 11:45:35,475 INFO  [default] operational state received: 0

Press Enter for a list of commands
2026-08-02 11:46:35,695 INFO  [default] link ACK received: get_commodity
2026-08-02 11:46:35,849 INFO  [default] message type supported received: 2
2026-08-02 11:46:35,849 INFO  [default] commodity response received. response code: 0 - success; count: 4
2026-08-02 11:46:35,850 INFO  [default] commodity code: 0 - Electricity consumed (W & W-hr)
2026-08-02 11:46:35,850 INFO  [default]            source: Estimated
2026-08-02 11:46:35,850 INFO  [default]   cumulative: 121000
2026-08-02 11:46:35,850 INFO  [default]    inst rate: 0
2026-08-02 11:46:35,850 INFO  [default] commodity code 8 - Rated max consumption level electricity (W) is not recorded in the commodity CSV
2026-08-02 11:46:35,850 INFO  [default] commodity code: 6 - Total energy storage/take capacity (W-hr)
2026-08-02 11:46:35,851 INFO  [default]            source: Estimated
2026-08-02 11:46:35,851 INFO  [default]   cumulative: 9190
2026-08-02 11:46:35,851 INFO  [default]    inst rate: not used for this commodity code
2026-08-02 11:46:35,851 INFO  [default] commodity code: 7 - Present energy storage/take capacity (W-hr)
2026-08-02 11:46:35,851 INFO  [default]            source: Estimated
2026-08-02 11:46:35,851 INFO  [default]   cumulative: 0
2026-08-02 11:46:35,851 INFO  [default]    inst rate: not used for this commodity code
2026-08-02 11:46:36,055 INFO  [default] link ACK received: query_operational_state
2026-08-02 11:46:36,178 INFO  [default] operational state received: 0

Press Enter for a list of commands
2026-08-02 11:47:35,394 INFO  [default] link ACK received: get_commodity
2026-08-02 11:47:35,548 INFO  [default] message type supported received: 2
2026-08-02 11:47:35,548 INFO  [default] commodity response received. response code: 0 - success; count: 4
2026-08-02 11:47:35,549 INFO  [default] commodity code: 0 - Electricity consumed (W & W-hr)
2026-08-02 11:47:35,549 INFO  [default]            source: Estimated
2026-08-02 11:47:35,549 INFO  [default]   cumulative: 121000
2026-08-02 11:47:35,549 INFO  [default]    inst rate: 0
2026-08-02 11:47:35,549 INFO  [default] commodity code 8 - Rated max consumption level electricity (W) is not recorded in the commodity CSV
2026-08-02 11:47:35,549 INFO  [default] commodity code: 6 - Total energy storage/take capacity (W-hr)
2026-08-02 11:47:35,549 INFO  [default]            source: Estimated
2026-08-02 11:47:35,550 INFO  [default]   cumulative: 9190
2026-08-02 11:47:35,550 INFO  [default]    inst rate: not used for this commodity code
2026-08-02 11:47:35,550 INFO  [default] commodity code: 7 - Present energy storage/take capacity (W-hr)
2026-08-02 11:47:35,550 INFO  [default]            source: Estimated
2026-08-02 11:47:35,550 INFO  [default]   cumulative: 0
2026-08-02 11:47:35,550 INFO  [default]    inst rate: not used for this commodity code
2026-08-02 11:47:35,752 INFO  [default] link ACK received: query_operational_state
2026-08-02 11:47:35,877 INFO  [default] operational state received: 0

Press Enter for a list of commands
2026-08-02 11:48:35,096 INFO  [default] link ACK received: get_commodity
2026-08-02 11:48:35,250 INFO  [default] message type supported received: 2
2026-08-02 11:48:35,250 INFO  [default] commodity response received. response code: 0 - success; count: 4
2026-08-02 11:48:35,250 INFO  [default] commodity code: 0 - Electricity consumed (W & W-hr)
2026-08-02 11:48:35,250 INFO  [default]            source: Estimated
2026-08-02 11:48:35,250 INFO  [default]   cumulative: 121000
2026-08-02 11:48:35,251 INFO  [default]    inst rate: 0
2026-08-02 11:48:35,251 INFO  [default] commodity code 8 - Rated max consumption level electricity (W) is not recorded in the commodity CSV
2026-08-02 11:48:35,251 INFO  [default] commodity code: 6 - Total energy storage/take capacity (W-hr)
2026-08-02 11:48:35,251 INFO  [default]            source: Estimated
2026-08-02 11:48:35,251 INFO  [default]   cumulative: 9190
2026-08-02 11:48:35,251 INFO  [default]    inst rate: not used for this commodity code
2026-08-02 11:48:35,251 INFO  [default] commodity code: 7 - Present energy storage/take capacity (W-hr)
2026-08-02 11:48:35,251 INFO  [default]            source: Estimated
2026-08-02 11:48:35,252 INFO  [default]   cumulative: 0
2026-08-02 11:48:35,252 INFO  [default]    inst rate: not used for this commodity code
2026-08-02 11:48:35,455 INFO  [default] link ACK received: query_operational_state
2026-08-02 11:48:35,579 INFO  [default] operational state received: 0

Press Enter for a list of commands
2026-08-02 11:49:34,795 INFO  [default] link ACK received: get_commodity
2026-08-02 11:49:34,950 INFO  [default] message type supported received: 2
2026-08-02 11:49:34,950 INFO  [default] commodity response received. response code: 0 - success; count: 4
2026-08-02 11:49:34,950 INFO  [default] commodity code: 0 - Electricity consumed (W & W-hr)
2026-08-02 11:49:34,950 INFO  [default]            source: Estimated
2026-08-02 11:49:34,951 INFO  [default]   cumulative: 121000
2026-08-02 11:49:34,951 INFO  [default]    inst rate: 0
2026-08-02 11:49:34,951 INFO  [default] commodity code 8 - Rated max consumption level electricity (W) is not recorded in the commodity CSV
2026-08-02 11:49:34,951 INFO  [default] commodity code: 6 - Total energy storage/take capacity (W-hr)
2026-08-02 11:49:34,951 INFO  [default]            source: Estimated
2026-08-02 11:49:34,951 INFO  [default]   cumulative: 9190
2026-08-02 11:49:34,951 INFO  [default]    inst rate: not used for this commodity code
2026-08-02 11:49:34,951 INFO  [default] commodity code: 7 - Present energy storage/take capacity (W-hr)
2026-08-02 11:49:34,952 INFO  [default]            source: Estimated
2026-08-02 11:49:34,952 INFO  [default]   cumulative: 0
2026-08-02 11:49:34,952 INFO  [default]    inst rate: not used for this commodity code
2026-08-02 11:49:35,154 INFO  [default] link ACK received: query_operational_state
2026-08-02 11:49:35,279 INFO  [default] operational state received: 0

Press Enter for a list of commands
2026-08-02 11:50:35,495 INFO  [default] link ACK received: get_commodity
2026-08-02 11:50:35,650 INFO  [default] message type supported received: 2
2026-08-02 11:50:35,650 INFO  [default] commodity response received. response code: 0 - success; count: 4
2026-08-02 11:50:35,650 INFO  [default] commodity code: 0 - Electricity consumed (W & W-hr)
2026-08-02 11:50:35,651 INFO  [default]            source: Estimated
2026-08-02 11:50:35,651 INFO  [default]   cumulative: 121000
2026-08-02 11:50:35,651 INFO  [default]    inst rate: 0
2026-08-02 11:50:35,651 INFO  [default] commodity code 8 - Rated max consumption level electricity (W) is not recorded in the commodity CSV
2026-08-02 11:50:35,651 INFO  [default] commodity code: 6 - Total energy storage/take capacity (W-hr)
2026-08-02 11:50:35,651 INFO  [default]            source: Estimated
2026-08-02 11:50:35,651 INFO  [default]   cumulative: 9190
2026-08-02 11:50:35,652 INFO  [default]    inst rate: not used for this commodity code
2026-08-02 11:50:35,652 INFO  [default] commodity code: 7 - Present energy storage/take capacity (W-hr)
2026-08-02 11:50:35,652 INFO  [default]            source: Estimated
2026-08-02 11:50:35,652 INFO  [default]   cumulative: 0
2026-08-02 11:50:35,652 INFO  [default]    inst rate: not used for this commodity code
2026-08-02 11:50:35,855 INFO  [default] link ACK received: query_operational_state
2026-08-02 11:50:35,979 INFO  [default] operational state received: 0

Press Enter for a list of commands
2026-08-02 11:51:35,196 INFO  [default] link ACK received: get_commodity
2026-08-02 11:51:35,350 INFO  [default] message type supported received: 2
2026-08-02 11:51:35,350 INFO  [default] commodity response received. response code: 0 - success; count: 4
2026-08-02 11:51:35,350 INFO  [default] commodity code: 0 - Electricity consumed (W & W-hr)
2026-08-02 11:51:35,350 INFO  [default]            source: Estimated
2026-08-02 11:51:35,350 INFO  [default]   cumulative: 121000
2026-08-02 11:51:35,351 INFO  [default]    inst rate: 0
2026-08-02 11:51:35,351 INFO  [default] commodity code 8 - Rated max consumption level electricity (W) is not recorded in the commodity CSV
2026-08-02 11:51:35,351 INFO  [default] commodity code: 6 - Total energy storage/take capacity (W-hr)
2026-08-02 11:51:35,351 INFO  [default]            source: Estimated
2026-08-02 11:51:35,351 INFO  [default]   cumulative: 9190
2026-08-02 11:51:35,351 INFO  [default]    inst rate: not used for this commodity code
2026-08-02 11:51:35,351 INFO  [default] commodity code: 7 - Present energy storage/take capacity (W-hr)
2026-08-02 11:51:35,352 INFO  [default]            source: Estimated
2026-08-02 11:51:35,352 INFO  [default]   cumulative: 0
2026-08-02 11:51:35,352 INFO  [default]    inst rate: not used for this commodity code
2026-08-02 11:51:35,555 INFO  [default] link ACK received: query_operational_state
2026-08-02 11:51:35,678 INFO  [default] operational state received: 0

Press Enter for a list of commands
2026-08-02 11:52:34,894 INFO  [default] link ACK received: get_commodity
2026-08-02 11:52:35,048 INFO  [default] message type supported received: 2
2026-08-02 11:52:35,048 INFO  [default] commodity response received. response code: 0 - success; count: 4
2026-08-02 11:52:35,049 INFO  [default] commodity code: 0 - Electricity consumed (W & W-hr)
2026-08-02 11:52:35,049 INFO  [default]            source: Estimated
2026-08-02 11:52:35,049 INFO  [default]   cumulative: 121000
2026-08-02 11:52:35,049 INFO  [default]    inst rate: 0
2026-08-02 11:52:35,049 INFO  [default] commodity code 8 - Rated max consumption level electricity (W) is not recorded in the commodity CSV
2026-08-02 11:52:35,050 INFO  [default] commodity code: 6 - Total energy storage/take capacity (W-hr)
2026-08-02 11:52:35,050 INFO  [default]            source: Estimated
2026-08-02 11:52:35,050 INFO  [default]   cumulative: 9190
2026-08-02 11:52:35,050 INFO  [default]    inst rate: not used for this commodity code
2026-08-02 11:52:35,050 INFO  [default] commodity code: 7 - Present energy storage/take capacity (W-hr)
2026-08-02 11:52:35,050 INFO  [default]            source: Estimated
2026-08-02 11:52:35,050 INFO  [default]   cumulative: 0
2026-08-02 11:52:35,050 INFO  [default]    inst rate: not used for this commodity code
2026-08-02 11:52:35,254 INFO  [default] link ACK received: query_operational_state
2026-08-02 11:52:35,379 INFO  [default] operational state received: 0

Press Enter for a list of commands
2026-08-02 11:53:35,598 INFO  [default] link ACK received: get_commodity
2026-08-02 11:53:35,752 INFO  [default] message type supported received: 2
2026-08-02 11:53:35,753 INFO  [default] commodity response received. response code: 0 - success; count: 4
2026-08-02 11:53:35,753 INFO  [default] commodity code: 0 - Electricity consumed (W & W-hr)
2026-08-02 11:53:35,753 INFO  [default]            source: Estimated
2026-08-02 11:53:35,753 INFO  [default]   cumulative: 121000
2026-08-02 11:53:35,754 INFO  [default]    inst rate: 0
2026-08-02 11:53:35,754 INFO  [default] commodity code 8 - Rated max consumption level electricity (W) is not recorded in the commodity CSV
2026-08-02 11:53:35,754 INFO  [default] commodity code: 6 - Total energy storage/take capacity (W-hr)
2026-08-02 11:53:35,754 INFO  [default]            source: Estimated
2026-08-02 11:53:35,754 INFO  [default]   cumulative: 9190
2026-08-02 11:53:35,754 INFO  [default]    inst rate: not used for this commodity code
2026-08-02 11:53:35,754 INFO  [default] commodity code: 7 - Present energy storage/take capacity (W-hr)
2026-08-02 11:53:35,754 INFO  [default]            source: Estimated
2026-08-02 11:53:35,755 INFO  [default]   cumulative: 0
2026-08-02 11:53:35,755 INFO  [default]    inst rate: not used for this commodity code
2026-08-02 11:53:35,957 INFO  [default] link ACK received: query_operational_state
2026-08-02 11:53:36,080 INFO  [default] operational state received: 0

Press Enter for a list of commands
2026-08-02 11:54:35,300 INFO  [default] link ACK received: get_commodity
2026-08-02 11:54:35,454 INFO  [default] message type supported received: 2
2026-08-02 11:54:35,454 INFO  [default] commodity response received. response code: 0 - success; count: 4
2026-08-02 11:54:35,455 INFO  [default] commodity code: 0 - Electricity consumed (W & W-hr)
2026-08-02 11:54:35,455 INFO  [default]            source: Estimated
2026-08-02 11:54:35,455 INFO  [default]   cumulative: 121000
2026-08-02 11:54:35,455 INFO  [default]    inst rate: 0
2026-08-02 11:54:35,455 INFO  [default] commodity code 8 - Rated max consumption level electricity (W) is not recorded in the commodity CSV
2026-08-02 11:54:35,455 INFO  [default] commodity code: 6 - Total energy storage/take capacity (W-hr)
2026-08-02 11:54:35,456 INFO  [default]            source: Estimated
2026-08-02 11:54:35,456 INFO  [default]   cumulative: 9190
2026-08-02 11:54:35,456 INFO  [default]    inst rate: not used for this commodity code
2026-08-02 11:54:35,456 INFO  [default] commodity code: 7 - Present energy storage/take capacity (W-hr)
2026-08-02 11:54:35,456 INFO  [default]            source: Estimated
2026-08-02 11:54:35,456 INFO  [default]   cumulative: 0
2026-08-02 11:54:35,456 INFO  [default]    inst rate: not used for this commodity code
2026-08-02 11:54:35,658 INFO  [default] link ACK received: query_operational_state
2026-08-02 11:54:35,782 INFO  [default] operational state received: 0

Press Enter for a list of commands
2026-08-02 11:55:35,002 INFO  [default] link ACK received: get_commodity
2026-08-02 11:55:35,156 INFO  [default] message type supported received: 2
2026-08-02 11:55:35,156 INFO  [default] commodity response received. response code: 0 - success; count: 4
2026-08-02 11:55:35,156 INFO  [default] commodity code: 0 - Electricity consumed (W & W-hr)
2026-08-02 11:55:35,157 INFO  [default]            source: Estimated
2026-08-02 11:55:35,157 INFO  [default]   cumulative: 121000
2026-08-02 11:55:35,157 INFO  [default]    inst rate: 0
2026-08-02 11:55:35,157 INFO  [default] commodity code 8 - Rated max consumption level electricity (W) is not recorded in the commodity CSV
2026-08-02 11:55:35,157 INFO  [default] commodity code: 6 - Total energy storage/take capacity (W-hr)
2026-08-02 11:55:35,157 INFO  [default]            source: Estimated
2026-08-02 11:55:35,157 INFO  [default]   cumulative: 9190
2026-08-02 11:55:35,158 INFO  [default]    inst rate: not used for this commodity code
2026-08-02 11:55:35,158 INFO  [default] commodity code: 7 - Present energy storage/take capacity (W-hr)
2026-08-02 11:55:35,158 INFO  [default]            source: Estimated
2026-08-02 11:55:35,158 INFO  [default]   cumulative: 0
2026-08-02 11:55:35,158 INFO  [default]    inst rate: not used for this commodity code
2026-08-02 11:55:35,360 INFO  [default] link ACK received: query_operational_state
2026-08-02 11:55:35,484 INFO  [default] operational state received: 0

Press Enter for a list of commands
2026-08-02 11:56:35,701 INFO  [default] link ACK received: get_commodity
2026-08-02 11:56:35,855 INFO  [default] message type supported received: 2
2026-08-02 11:56:35,855 INFO  [default] commodity response received. response code: 0 - success; count: 4
2026-08-02 11:56:35,855 INFO  [default] commodity code: 0 - Electricity consumed (W & W-hr)
2026-08-02 11:56:35,856 INFO  [default]            source: Estimated
2026-08-02 11:56:35,856 INFO  [default]   cumulative: 121000
2026-08-02 11:56:35,856 INFO  [default]    inst rate: 0
2026-08-02 11:56:35,856 INFO  [default] commodity code 8 - Rated max consumption level electricity (W) is not recorded in the commodity CSV
2026-08-02 11:56:35,856 INFO  [default] commodity code: 6 - Total energy storage/take capacity (W-hr)
2026-08-02 11:56:35,856 INFO  [default]            source: Estimated
2026-08-02 11:56:35,856 INFO  [default]   cumulative: 9190
2026-08-02 11:56:35,856 INFO  [default]    inst rate: not used for this commodity code
2026-08-02 11:56:35,856 INFO  [default] commodity code: 7 - Present energy storage/take capacity (W-hr)
2026-08-02 11:56:35,857 INFO  [default]            source: Estimated
2026-08-02 11:56:35,857 INFO  [default]   cumulative: 0
2026-08-02 11:56:35,857 INFO  [default]    inst rate: not used for this commodity code
2026-08-02 11:56:36,060 INFO  [default] link ACK received: query_operational_state
2026-08-02 11:56:36,183 INFO  [default] operational state received: 0

Press Enter for a list of commands
2026-08-02 11:57:35,397 INFO  [default] link ACK received: get_commodity
2026-08-02 11:57:35,551 INFO  [default] message type supported received: 2
2026-08-02 11:57:35,552 INFO  [default] commodity response received. response code: 0 - success; count: 4
2026-08-02 11:57:35,552 INFO  [default] commodity code: 0 - Electricity consumed (W & W-hr)
2026-08-02 11:57:35,552 INFO  [default]            source: Estimated
2026-08-02 11:57:35,552 INFO  [default]   cumulative: 121000
2026-08-02 11:57:35,552 INFO  [default]    inst rate: 0
2026-08-02 11:57:35,553 INFO  [default] commodity code 8 - Rated max consumption level electricity (W) is not recorded in the commodity CSV
2026-08-02 11:57:35,553 INFO  [default] commodity code: 6 - Total energy storage/take capacity (W-hr)
2026-08-02 11:57:35,553 INFO  [default]            source: Estimated
2026-08-02 11:57:35,553 INFO  [default]   cumulative: 9190
2026-08-02 11:57:35,553 INFO  [default]    inst rate: not used for this commodity code
2026-08-02 11:57:35,553 INFO  [default] commodity code: 7 - Present energy storage/take capacity (W-hr)
2026-08-02 11:57:35,553 INFO  [default]            source: Estimated
2026-08-02 11:57:35,553 INFO  [default]   cumulative: 0
2026-08-02 11:57:35,554 INFO  [default]    inst rate: not used for this commodity code
2026-08-02 11:57:35,756 INFO  [default] link ACK received: query_operational_state
2026-08-02 11:57:35,880 INFO  [default] operational state received: 0

Press Enter for a list of commands
2026-08-02 11:58:35,097 INFO  [default] link ACK received: get_commodity
2026-08-02 11:58:35,251 INFO  [default] message type supported received: 2
2026-08-02 11:58:35,251 INFO  [default] commodity response received. response code: 0 - success; count: 4
2026-08-02 11:58:35,252 INFO  [default] commodity code: 0 - Electricity consumed (W & W-hr)
2026-08-02 11:58:35,252 INFO  [default]            source: Estimated
2026-08-02 11:58:35,252 INFO  [default]   cumulative: 121000
2026-08-02 11:58:35,252 INFO  [default]    inst rate: 0
2026-08-02 11:58:35,252 INFO  [default] commodity code 8 - Rated max consumption level electricity (W) is not recorded in the commodity CSV
2026-08-02 11:58:35,252 INFO  [default] commodity code: 6 - Total energy storage/take capacity (W-hr)
2026-08-02 11:58:35,252 INFO  [default]            source: Estimated
2026-08-02 11:58:35,253 INFO  [default]   cumulative: 9190
2026-08-02 11:58:35,253 INFO  [default]    inst rate: not used for this commodity code
2026-08-02 11:58:35,253 INFO  [default] commodity code: 7 - Present energy storage/take capacity (W-hr)
2026-08-02 11:58:35,253 INFO  [default]            source: Estimated
2026-08-02 11:58:35,253 INFO  [default]   cumulative: 0
2026-08-02 11:58:35,253 INFO  [default]    inst rate: not used for this commodity code
2026-08-02 11:58:35,456 INFO  [default] link ACK received: query_operational_state
2026-08-02 11:58:35,580 INFO  [default] operational state received: 0

Press Enter for a list of commands
2026-08-02 11:59:34,794 INFO  [default] link ACK received: get_commodity
2026-08-02 11:59:34,948 INFO  [default] message type supported received: 2
2026-08-02 11:59:34,948 INFO  [default] commodity response received. response code: 0 - success; count: 4
2026-08-02 11:59:34,948 INFO  [default] commodity code: 0 - Electricity consumed (W & W-hr)
2026-08-02 11:59:34,949 INFO  [default]            source: Estimated
2026-08-02 11:59:34,949 INFO  [default]   cumulative: 121000
2026-08-02 11:59:34,949 INFO  [default]    inst rate: 0
2026-08-02 11:59:34,949 INFO  [default] commodity code 8 - Rated max consumption level electricity (W) is not recorded in the commodity CSV
2026-08-02 11:59:34,949 INFO  [default] commodity code: 6 - Total energy storage/take capacity (W-hr)
2026-08-02 11:59:34,949 INFO  [default]            source: Estimated
2026-08-02 11:59:34,949 INFO  [default]   cumulative: 9190
2026-08-02 11:59:34,950 INFO  [default]    inst rate: not used for this commodity code
2026-08-02 11:59:34,950 INFO  [default] commodity code: 7 - Present energy storage/take capacity (W-hr)
2026-08-02 11:59:34,950 INFO  [default]            source: Estimated
2026-08-02 11:59:34,950 INFO  [default]   cumulative: 0
2026-08-02 11:59:34,950 INFO  [default]    inst rate: not used for this commodity code
2026-08-02 11:59:35,153 INFO  [default] link ACK received: query_operational_state
2026-08-02 11:59:35,276 INFO  [default] operational state received: 0

Press Enter for a list of commands
2026-08-02 12:00:35,487 INFO  [default] link ACK received: get_commodity
2026-08-02 12:00:35,641 INFO  [default] message type supported received: 2
2026-08-02 12:00:35,641 INFO  [default] commodity response received. response code: 0 - success; count: 4
2026-08-02 12:00:35,641 INFO  [default] commodity code: 0 - Electricity consumed (W & W-hr)
2026-08-02 12:00:35,641 INFO  [default]            source: Estimated
2026-08-02 12:00:35,641 INFO  [default]   cumulative: 121000
2026-08-02 12:00:35,642 INFO  [default]    inst rate: 0
2026-08-02 12:00:35,642 INFO  [default] commodity code 8 - Rated max consumption level electricity (W) is not recorded in the commodity CSV
2026-08-02 12:00:35,642 INFO  [default] commodity code: 6 - Total energy storage/take capacity (W-hr)
2026-08-02 12:00:35,642 INFO  [default]            source: Estimated
2026-08-02 12:00:35,642 INFO  [default]   cumulative: 9190
2026-08-02 12:00:35,642 INFO  [default]    inst rate: not used for this commodity code
2026-08-02 12:00:35,642 INFO  [default] commodity code: 7 - Present energy storage/take capacity (W-hr)
2026-08-02 12:00:35,642 INFO  [default]            source: Estimated
2026-08-02 12:00:35,643 INFO  [default]   cumulative: 0
2026-08-02 12:00:35,643 INFO  [default]    inst rate: not used for this commodity code
2026-08-02 12:00:35,846 INFO  [default] link ACK received: query_operational_state
2026-08-02 12:00:35,969 INFO  [default] operational state received: 0

Press Enter for a list of commands
2026-08-02 12:01:35,182 INFO  [default] link ACK received: get_commodity
2026-08-02 12:01:35,335 INFO  [default] message type supported received: 2
2026-08-02 12:01:35,335 INFO  [default] commodity response received. response code: 0 - success; count: 4
2026-08-02 12:01:35,336 INFO  [default] commodity code: 0 - Electricity consumed (W & W-hr)
2026-08-02 12:01:35,336 INFO  [default]            source: Estimated
2026-08-02 12:01:35,336 INFO  [default]   cumulative: 121000
2026-08-02 12:01:35,336 INFO  [default]    inst rate: 0
2026-08-02 12:01:35,336 INFO  [default] commodity code 8 - Rated max consumption level electricity (W) is not recorded in the commodity CSV
2026-08-02 12:01:35,337 INFO  [default] commodity code: 6 - Total energy storage/take capacity (W-hr)
2026-08-02 12:01:35,337 INFO  [default]            source: Estimated
2026-08-02 12:01:35,337 INFO  [default]   cumulative: 9190
2026-08-02 12:01:35,337 INFO  [default]    inst rate: not used for this commodity code
2026-08-02 12:01:35,337 INFO  [default] commodity code: 7 - Present energy storage/take capacity (W-hr)
2026-08-02 12:01:35,337 INFO  [default]            source: Estimated
2026-08-02 12:01:35,337 INFO  [default]   cumulative: 0
2026-08-02 12:01:35,338 INFO  [default]    inst rate: not used for this commodity code
2026-08-02 12:01:35,540 INFO  [default] link ACK received: query_operational_state
2026-08-02 12:01:35,664 INFO  [default] operational state received: 0

Press Enter for a list of commands
2026-08-02 12:02:34,878 INFO  [default] link ACK received: get_commodity
2026-08-02 12:02:35,032 INFO  [default] message type supported received: 2
2026-08-02 12:02:35,032 INFO  [default] commodity response received. response code: 0 - success; count: 4
2026-08-02 12:02:35,032 INFO  [default] commodity code: 0 - Electricity consumed (W & W-hr)
2026-08-02 12:02:35,032 INFO  [default]            source: Estimated
2026-08-02 12:02:35,033 INFO  [default]   cumulative: 121000
2026-08-02 12:02:35,033 INFO  [default]    inst rate: 0
2026-08-02 12:02:35,033 INFO  [default] commodity code 8 - Rated max consumption level electricity (W) is not recorded in the commodity CSV
2026-08-02 12:02:35,033 INFO  [default] commodity code: 6 - Total energy storage/take capacity (W-hr)
2026-08-02 12:02:35,033 INFO  [default]            source: Estimated
2026-08-02 12:02:35,033 INFO  [default]   cumulative: 9190
2026-08-02 12:02:35,033 INFO  [default]    inst rate: not used for this commodity code
2026-08-02 12:02:35,034 INFO  [default] commodity code: 7 - Present energy storage/take capacity (W-hr)
2026-08-02 12:02:35,034 INFO  [default]            source: Estimated
2026-08-02 12:02:35,034 INFO  [default]   cumulative: 0
2026-08-02 12:02:35,034 INFO  [default]    inst rate: not used for this commodity code
2026-08-02 12:02:35,236 INFO  [default] link ACK received: query_operational_state
2026-08-02 12:02:35,360 INFO  [default] operational state received: 0

Press Enter for a list of commands
2026-08-02 12:03:35,577 INFO  [default] link ACK received: get_commodity
2026-08-02 12:03:35,731 INFO  [default] message type supported received: 2
2026-08-02 12:03:35,732 INFO  [default] commodity response received. response code: 0 - success; count: 4
2026-08-02 12:03:35,732 INFO  [default] commodity code: 0 - Electricity consumed (W & W-hr)
2026-08-02 12:03:35,732 INFO  [default]            source: Estimated
2026-08-02 12:03:35,732 INFO  [default]   cumulative: 121000
2026-08-02 12:03:35,732 INFO  [default]    inst rate: 0
2026-08-02 12:03:35,732 INFO  [default] commodity code 8 - Rated max consumption level electricity (W) is not recorded in the commodity CSV
2026-08-02 12:03:35,733 INFO  [default] commodity code: 6 - Total energy storage/take capacity (W-hr)
2026-08-02 12:03:35,733 INFO  [default]            source: Estimated
2026-08-02 12:03:35,733 INFO  [default]   cumulative: 9190
2026-08-02 12:03:35,733 INFO  [default]    inst rate: not used for this commodity code
2026-08-02 12:03:35,733 INFO  [default] commodity code: 7 - Present energy storage/take capacity (W-hr)
2026-08-02 12:03:35,733 INFO  [default]            source: Estimated
2026-08-02 12:03:35,733 INFO  [default]   cumulative: 0
2026-08-02 12:03:35,734 INFO  [default]    inst rate: not used for this commodity code
2026-08-02 12:03:35,936 INFO  [default] link ACK received: query_operational_state
2026-08-02 12:03:36,059 INFO  [default] operational state received: 0

Press Enter for a list of commands
2026-08-02 12:04:35,276 INFO  [default] link ACK received: get_commodity
2026-08-02 12:04:35,430 INFO  [default] message type supported received: 2
2026-08-02 12:04:35,430 INFO  [default] commodity response received. response code: 0 - success; count: 4
2026-08-02 12:04:35,431 INFO  [default] commodity code: 0 - Electricity consumed (W & W-hr)
2026-08-02 12:04:35,431 INFO  [default]            source: Estimated
2026-08-02 12:04:35,431 INFO  [default]   cumulative: 121000
2026-08-02 12:04:35,431 INFO  [default]    inst rate: 0
2026-08-02 12:04:35,431 INFO  [default] commodity code 8 - Rated max consumption level electricity (W) is not recorded in the commodity CSV
2026-08-02 12:04:35,431 INFO  [default] commodity code: 6 - Total energy storage/take capacity (W-hr)
2026-08-02 12:04:35,432 INFO  [default]            source: Estimated
2026-08-02 12:04:35,432 INFO  [default]   cumulative: 9190
2026-08-02 12:04:35,432 INFO  [default]    inst rate: not used for this commodity code
2026-08-02 12:04:35,432 INFO  [default] commodity code: 7 - Present energy storage/take capacity (W-hr)
2026-08-02 12:04:35,432 INFO  [default]            source: Estimated
2026-08-02 12:04:35,432 INFO  [default]   cumulative: 0
2026-08-02 12:04:35,432 INFO  [default]    inst rate: not used for this commodity code
2026-08-02 12:04:35,635 INFO  [default] link ACK received: query_operational_state
2026-08-02 12:04:35,758 INFO  [default] operational state received: 0

Press Enter for a list of commands
2026-08-02 12:05:34,965 INFO  [default] link ACK received: get_commodity
2026-08-02 12:05:35,119 INFO  [default] message type supported received: 2
2026-08-02 12:05:35,119 INFO  [default] commodity response received. response code: 0 - success; count: 4
2026-08-02 12:05:35,119 INFO  [default] commodity code: 0 - Electricity consumed (W & W-hr)
2026-08-02 12:05:35,119 INFO  [default]            source: Estimated
2026-08-02 12:05:35,120 INFO  [default]   cumulative: 121000
2026-08-02 12:05:35,120 INFO  [default]    inst rate: 0
2026-08-02 12:05:35,120 INFO  [default] commodity code 8 - Rated max consumption level electricity (W) is not recorded in the commodity CSV
2026-08-02 12:05:35,120 INFO  [default] commodity code: 6 - Total energy storage/take capacity (W-hr)
2026-08-02 12:05:35,120 INFO  [default]            source: Estimated
2026-08-02 12:05:35,120 INFO  [default]   cumulative: 9190
2026-08-02 12:05:35,120 INFO  [default]    inst rate: not used for this commodity code
2026-08-02 12:05:35,121 INFO  [default] commodity code: 7 - Present energy storage/take capacity (W-hr)
2026-08-02 12:05:35,121 INFO  [default]            source: Estimated
2026-08-02 12:05:35,121 INFO  [default]   cumulative: 0
2026-08-02 12:05:35,121 INFO  [default]    inst rate: not used for this commodity code
2026-08-02 12:05:35,324 INFO  [default] link ACK received: query_operational_state
2026-08-02 12:05:35,447 INFO  [default] operational state received: 0

Press Enter for a list of commands
2026-08-02 12:06:35,666 INFO  [default] link ACK received: get_commodity
2026-08-02 12:06:35,820 INFO  [default] message type supported received: 2
2026-08-02 12:06:35,821 INFO  [default] commodity response received. response code: 0 - success; count: 4
2026-08-02 12:06:35,821 INFO  [default] commodity code: 0 - Electricity consumed (W & W-hr)
2026-08-02 12:06:35,821 INFO  [default]            source: Estimated
2026-08-02 12:06:35,821 INFO  [default]   cumulative: 121000
2026-08-02 12:06:35,822 INFO  [default]    inst rate: 0
2026-08-02 12:06:35,822 INFO  [default] commodity code 8 - Rated max consumption level electricity (W) is not recorded in the commodity CSV
2026-08-02 12:06:35,822 INFO  [default] commodity code: 6 - Total energy storage/take capacity (W-hr)
2026-08-02 12:06:35,822 INFO  [default]            source: Estimated
2026-08-02 12:06:35,822 INFO  [default]   cumulative: 9190
2026-08-02 12:06:35,822 INFO  [default]    inst rate: not used for this commodity code
2026-08-02 12:06:35,822 INFO  [default] commodity code: 7 - Present energy storage/take capacity (W-hr)
2026-08-02 12:06:35,822 INFO  [default]            source: Estimated
2026-08-02 12:06:35,823 INFO  [default]   cumulative: 0
2026-08-02 12:06:35,823 INFO  [default]    inst rate: not used for this commodity code
2026-08-02 12:06:36,025 INFO  [default] link ACK received: query_operational_state
2026-08-02 12:06:36,148 INFO  [default] operational state received: 0

Press Enter for a list of commands
2026-08-02 12:07:35,365 INFO  [default] link ACK received: get_commodity
2026-08-02 12:07:35,519 INFO  [default] message type supported received: 2
2026-08-02 12:07:35,519 INFO  [default] commodity response received. response code: 0 - success; count: 4
2026-08-02 12:07:35,520 INFO  [default] commodity code: 0 - Electricity consumed (W & W-hr)
2026-08-02 12:07:35,520 INFO  [default]            source: Estimated
2026-08-02 12:07:35,520 INFO  [default]   cumulative: 121000
2026-08-02 12:07:35,520 INFO  [default]    inst rate: 0
2026-08-02 12:07:35,520 INFO  [default] commodity code 8 - Rated max consumption level electricity (W) is not recorded in the commodity CSV
2026-08-02 12:07:35,520 INFO  [default] commodity code: 6 - Total energy storage/take capacity (W-hr)
2026-08-02 12:07:35,521 INFO  [default]            source: Estimated
2026-08-02 12:07:35,521 INFO  [default]   cumulative: 9190
2026-08-02 12:07:35,521 INFO  [default]    inst rate: not used for this commodity code
2026-08-02 12:07:35,521 INFO  [default] commodity code: 7 - Present energy storage/take capacity (W-hr)
2026-08-02 12:07:35,521 INFO  [default]            source: Estimated
2026-08-02 12:07:35,521 INFO  [default]   cumulative: 0
2026-08-02 12:07:35,521 INFO  [default]    inst rate: not used for this commodity code
2026-08-02 12:07:35,724 INFO  [default] link ACK received: query_operational_state
2026-08-02 12:07:35,847 INFO  [default] operational state received: 0

Press Enter for a list of commands
2026-08-02 12:08:35,060 INFO  [default] link ACK received: get_commodity
2026-08-02 12:08:35,215 INFO  [default] message type supported received: 2
2026-08-02 12:08:35,215 INFO  [default] commodity response received. response code: 0 - success; count: 4
2026-08-02 12:08:35,215 INFO  [default] commodity code: 0 - Electricity consumed (W & W-hr)
2026-08-02 12:08:35,215 INFO  [default]            source: Estimated
2026-08-02 12:08:35,216 INFO  [default]   cumulative: 121000
2026-08-02 12:08:35,216 INFO  [default]    inst rate: 0
2026-08-02 12:08:35,216 INFO  [default] commodity code 8 - Rated max consumption level electricity (W) is not recorded in the commodity CSV
2026-08-02 12:08:35,216 INFO  [default] commodity code: 6 - Total energy storage/take capacity (W-hr)
2026-08-02 12:08:35,216 INFO  [default]            source: Estimated
2026-08-02 12:08:35,216 INFO  [default]   cumulative: 9190
2026-08-02 12:08:35,216 INFO  [default]    inst rate: not used for this commodity code
2026-08-02 12:08:35,216 INFO  [default] commodity code: 7 - Present energy storage/take capacity (W-hr)
2026-08-02 12:08:35,217 INFO  [default]            source: Estimated
2026-08-02 12:08:35,217 INFO  [default]   cumulative: 0
2026-08-02 12:08:35,217 INFO  [default]    inst rate: not used for this commodity code
2026-08-02 12:08:35,420 INFO  [default] link ACK received: query_operational_state
2026-08-02 12:08:35,543 INFO  [default] operational state received: 0

Press Enter for a list of commands
2026-08-02 12:09:34,758 INFO  [default] link ACK received: get_commodity
2026-08-02 12:09:34,911 INFO  [default] message type supported received: 2
2026-08-02 12:09:34,911 INFO  [default] commodity response received. response code: 0 - success; count: 4
2026-08-02 12:09:34,912 INFO  [default] commodity code: 0 - Electricity consumed (W & W-hr)
2026-08-02 12:09:34,912 INFO  [default]            source: Estimated
2026-08-02 12:09:34,912 INFO  [default]   cumulative: 121000
2026-08-02 12:09:34,912 INFO  [default]    inst rate: 0
2026-08-02 12:09:34,912 INFO  [default] commodity code 8 - Rated max consumption level electricity (W) is not recorded in the commodity CSV
2026-08-02 12:09:34,912 INFO  [default] commodity code: 6 - Total energy storage/take capacity (W-hr)
2026-08-02 12:09:34,913 INFO  [default]            source: Estimated
2026-08-02 12:09:34,913 INFO  [default]   cumulative: 9190
2026-08-02 12:09:34,913 INFO  [default]    inst rate: not used for this commodity code
2026-08-02 12:09:34,913 INFO  [default] commodity code: 7 - Present energy storage/take capacity (W-hr)
2026-08-02 12:09:34,913 INFO  [default]            source: Estimated
2026-08-02 12:09:34,913 INFO  [default]   cumulative: 0
2026-08-02 12:09:34,913 INFO  [default]    inst rate: not used for this commodity code
2026-08-02 12:09:35,116 INFO  [default] link ACK received: query_operational_state
2026-08-02 12:09:35,240 INFO  [default] operational state received: 0

Press Enter for a list of commands
2026-08-02 12:10:35,461 INFO  [default] link ACK received: get_commodity
2026-08-02 12:10:35,615 INFO  [default] message type supported received: 2
2026-08-02 12:10:35,615 INFO  [default] commodity response received. response code: 0 - success; count: 4
2026-08-02 12:10:35,616 INFO  [default] commodity code: 0 - Electricity consumed (W & W-hr)
2026-08-02 12:10:35,616 INFO  [default]            source: Estimated
2026-08-02 12:10:35,616 INFO  [default]   cumulative: 121000
2026-08-02 12:10:35,616 INFO  [default]    inst rate: 0
2026-08-02 12:10:35,616 INFO  [default] commodity code 8 - Rated max consumption level electricity (W) is not recorded in the commodity CSV
2026-08-02 12:10:35,616 INFO  [default] commodity code: 6 - Total energy storage/take capacity (W-hr)
2026-08-02 12:10:35,616 INFO  [default]            source: Estimated
2026-08-02 12:10:35,616 INFO  [default]   cumulative: 9190
2026-08-02 12:10:35,617 INFO  [default]    inst rate: not used for this commodity code
2026-08-02 12:10:35,617 INFO  [default] commodity code: 7 - Present energy storage/take capacity (W-hr)
2026-08-02 12:10:35,617 INFO  [default]            source: Estimated
2026-08-02 12:10:35,617 INFO  [default]   cumulative: 0
2026-08-02 12:10:35,617 INFO  [default]    inst rate: not used for this commodity code
2026-08-02 12:10:35,819 INFO  [default] link ACK received: query_operational_state
2026-08-02 12:10:35,943 INFO  [default] operational state received: 0

Press Enter for a list of commands
2026-08-02 12:11:35,162 INFO  [default] link ACK received: get_commodity
2026-08-02 12:11:35,317 INFO  [default] message type supported received: 2
2026-08-02 12:11:35,317 INFO  [default] commodity response received. response code: 0 - success; count: 4
2026-08-02 12:11:35,317 INFO  [default] commodity code: 0 - Electricity consumed (W & W-hr)
2026-08-02 12:11:35,317 INFO  [default]            source: Estimated
2026-08-02 12:11:35,318 INFO  [default]   cumulative: 121000
2026-08-02 12:11:35,318 INFO  [default]    inst rate: 0
2026-08-02 12:11:35,318 INFO  [default] commodity code 8 - Rated max consumption level electricity (W) is not recorded in the commodity CSV
2026-08-02 12:11:35,318 INFO  [default] commodity code: 6 - Total energy storage/take capacity (W-hr)
2026-08-02 12:11:35,318 INFO  [default]            source: Estimated
2026-08-02 12:11:35,318 INFO  [default]   cumulative: 9190
2026-08-02 12:11:35,318 INFO  [default]    inst rate: not used for this commodity code
2026-08-02 12:11:35,318 INFO  [default] commodity code: 7 - Present energy storage/take capacity (W-hr)
2026-08-02 12:11:35,319 INFO  [default]            source: Estimated
2026-08-02 12:11:35,319 INFO  [default]   cumulative: 0
2026-08-02 12:11:35,319 INFO  [default]    inst rate: not used for this commodity code
2026-08-02 12:11:35,522 INFO  [default] link ACK received: query_operational_state
2026-08-02 12:11:35,646 INFO  [default] operational state received: 0

Press Enter for a list of commands
2026-08-02 12:12:34,864 INFO  [default] link ACK received: get_commodity
2026-08-02 12:12:35,018 INFO  [default] message type supported received: 2
2026-08-02 12:12:35,018 INFO  [default] commodity response received. response code: 0 - success; count: 4
2026-08-02 12:12:35,019 INFO  [default] commodity code: 0 - Electricity consumed (W & W-hr)
2026-08-02 12:12:35,019 INFO  [default]            source: Estimated
2026-08-02 12:12:35,019 INFO  [default]   cumulative: 121000
2026-08-02 12:12:35,019 INFO  [default]    inst rate: 0
2026-08-02 12:12:35,019 INFO  [default] commodity code 8 - Rated max consumption level electricity (W) is not recorded in the commodity CSV
2026-08-02 12:12:35,019 INFO  [default] commodity code: 6 - Total energy storage/take capacity (W-hr)
2026-08-02 12:12:35,020 INFO  [default]            source: Estimated
2026-08-02 12:12:35,020 INFO  [default]   cumulative: 9190
2026-08-02 12:12:35,020 INFO  [default]    inst rate: not used for this commodity code
2026-08-02 12:12:35,020 INFO  [default] commodity code: 7 - Present energy storage/take capacity (W-hr)
2026-08-02 12:12:35,020 INFO  [default]            source: Estimated
2026-08-02 12:12:35,020 INFO  [default]   cumulative: 0
2026-08-02 12:12:35,020 INFO  [default]    inst rate: not used for this commodity code
2026-08-02 12:12:35,223 INFO  [default] link ACK received: query_operational_state
2026-08-02 12:12:35,348 INFO  [default] operational state received: 0

Press Enter for a list of commands
2026-08-02 12:13:35,559 INFO  [default] link ACK received: get_commodity
2026-08-02 12:13:35,714 INFO  [default] message type supported received: 2
2026-08-02 12:13:35,714 INFO  [default] commodity response received. response code: 0 - success; count: 4
2026-08-02 12:13:35,714 INFO  [default] commodity code: 0 - Electricity consumed (W & W-hr)
2026-08-02 12:13:35,715 INFO  [default]            source: Estimated
2026-08-02 12:13:35,715 INFO  [default]   cumulative: 121000
2026-08-02 12:13:35,715 INFO  [default]    inst rate: 0
2026-08-02 12:13:35,715 INFO  [default] commodity code 8 - Rated max consumption level electricity (W) is not recorded in the commodity CSV
2026-08-02 12:13:35,715 INFO  [default] commodity code: 6 - Total energy storage/take capacity (W-hr)
2026-08-02 12:13:35,715 INFO  [default]            source: Estimated
2026-08-02 12:13:35,715 INFO  [default]   cumulative: 9190
2026-08-02 12:13:35,715 INFO  [default]    inst rate: not used for this commodity code
2026-08-02 12:13:35,716 INFO  [default] commodity code: 7 - Present energy storage/take capacity (W-hr)
2026-08-02 12:13:35,716 INFO  [default]            source: Estimated
2026-08-02 12:13:35,716 INFO  [default]   cumulative: 0
2026-08-02 12:13:35,716 INFO  [default]    inst rate: not used for this commodity code
2026-08-02 12:13:35,918 INFO  [default] link ACK received: query_operational_state
2026-08-02 12:13:36,042 INFO  [default] operational state received: 0

Press Enter for a list of commands
2026-08-02 12:14:35,258 INFO  [default] link ACK received: get_commodity
2026-08-02 12:14:35,413 INFO  [default] message type supported received: 2
2026-08-02 12:14:35,414 INFO  [default] commodity response received. response code: 0 - success; count: 4
2026-08-02 12:14:35,414 INFO  [default] commodity code: 0 - Electricity consumed (W & W-hr)
2026-08-02 12:14:35,414 INFO  [default]            source: Estimated
2026-08-02 12:14:35,414 INFO  [default]   cumulative: 121000
2026-08-02 12:14:35,415 INFO  [default]    inst rate: 0
2026-08-02 12:14:35,415 INFO  [default] commodity code 8 - Rated max consumption level electricity (W) is not recorded in the commodity CSV
2026-08-02 12:14:35,415 INFO  [default] commodity code: 6 - Total energy storage/take capacity (W-hr)
2026-08-02 12:14:35,415 INFO  [default]            source: Estimated
2026-08-02 12:14:35,415 INFO  [default]   cumulative: 9190
2026-08-02 12:14:35,415 INFO  [default]    inst rate: not used for this commodity code
2026-08-02 12:14:35,415 INFO  [default] commodity code: 7 - Present energy storage/take capacity (W-hr)
2026-08-02 12:14:35,415 INFO  [default]            source: Estimated
2026-08-02 12:14:35,416 INFO  [default]   cumulative: 0
2026-08-02 12:14:35,416 INFO  [default]    inst rate: not used for this commodity code
2026-08-02 12:14:35,619 INFO  [default] link ACK received: query_operational_state
2026-08-02 12:14:35,742 INFO  [default] operational state received: 0

Press Enter for a list of commands
2026-08-02 12:15:34,961 INFO  [default] link ACK received: get_commodity
2026-08-02 12:15:35,115 INFO  [default] message type supported received: 2
2026-08-02 12:15:35,115 INFO  [default] commodity response received. response code: 0 - success; count: 4
2026-08-02 12:15:35,116 INFO  [default] commodity code: 0 - Electricity consumed (W & W-hr)
2026-08-02 12:15:35,116 INFO  [default]            source: Estimated
2026-08-02 12:15:35,116 INFO  [default]   cumulative: 121000
2026-08-02 12:15:35,116 INFO  [default]    inst rate: 0
2026-08-02 12:15:35,116 INFO  [default] commodity code 8 - Rated max consumption level electricity (W) is not recorded in the commodity CSV
2026-08-02 12:15:35,116 INFO  [default] commodity code: 6 - Total energy storage/take capacity (W-hr)
2026-08-02 12:15:35,116 INFO  [default]            source: Estimated
2026-08-02 12:15:35,117 INFO  [default]   cumulative: 9190
2026-08-02 12:15:35,117 INFO  [default]    inst rate: not used for this commodity code
2026-08-02 12:15:35,117 INFO  [default] commodity code: 7 - Present energy storage/take capacity (W-hr)
2026-08-02 12:15:35,117 INFO  [default]            source: Estimated
2026-08-02 12:15:35,117 INFO  [default]   cumulative: 0
2026-08-02 12:15:35,117 INFO  [default]    inst rate: not used for this commodity code
2026-08-02 12:15:35,320 INFO  [default] link ACK received: query_operational_state
2026-08-02 12:15:35,444 INFO  [default] operational state received: 0

Press Enter for a list of commands
2026-08-02 12:16:35,666 INFO  [default] link ACK received: get_commodity
2026-08-02 12:16:35,821 INFO  [default] message type supported received: 2
2026-08-02 12:16:35,821 INFO  [default] commodity response received. response code: 0 - success; count: 4
2026-08-02 12:16:35,821 INFO  [default] commodity code: 0 - Electricity consumed (W & W-hr)
2026-08-02 12:16:35,821 INFO  [default]            source: Estimated
2026-08-02 12:16:35,822 INFO  [default]   cumulative: 121000
2026-08-02 12:16:35,822 INFO  [default]    inst rate: 0
2026-08-02 12:16:35,822 INFO  [default] commodity code 8 - Rated max consumption level electricity (W) is not recorded in the commodity CSV
2026-08-02 12:16:35,822 INFO  [default] commodity code: 6 - Total energy storage/take capacity (W-hr)
2026-08-02 12:16:35,822 INFO  [default]            source: Estimated
2026-08-02 12:16:35,822 INFO  [default]   cumulative: 9190
2026-08-02 12:16:35,822 INFO  [default]    inst rate: not used for this commodity code
2026-08-02 12:16:35,823 INFO  [default] commodity code: 7 - Present energy storage/take capacity (W-hr)
2026-08-02 12:16:35,823 INFO  [default]            source: Estimated
2026-08-02 12:16:35,823 INFO  [default]   cumulative: 0
2026-08-02 12:16:35,823 INFO  [default]    inst rate: not used for this commodity code
2026-08-02 12:16:36,025 INFO  [default] link ACK received: query_operational_state
2026-08-02 12:16:36,149 INFO  [default] operational state received: 0

Press Enter for a list of commands
2026-08-02 12:17:35,370 INFO  [default] link ACK received: get_commodity
2026-08-02 12:17:35,523 INFO  [default] message type supported received: 2
2026-08-02 12:17:35,523 INFO  [default] commodity response received. response code: 0 - success; count: 4
2026-08-02 12:17:35,524 INFO  [default] commodity code: 0 - Electricity consumed (W & W-hr)
2026-08-02 12:17:35,524 INFO  [default]            source: Estimated
2026-08-02 12:17:35,524 INFO  [default]   cumulative: 121000
2026-08-02 12:17:35,524 INFO  [default]    inst rate: 0
2026-08-02 12:17:35,524 INFO  [default] commodity code 8 - Rated max consumption level electricity (W) is not recorded in the commodity CSV
2026-08-02 12:17:35,525 INFO  [default] commodity code: 6 - Total energy storage/take capacity (W-hr)
2026-08-02 12:17:35,525 INFO  [default]            source: Estimated
2026-08-02 12:17:35,525 INFO  [default]   cumulative: 9190
2026-08-02 12:17:35,525 INFO  [default]    inst rate: not used for this commodity code
2026-08-02 12:17:35,525 INFO  [default] commodity code: 7 - Present energy storage/take capacity (W-hr)
2026-08-02 12:17:35,525 INFO  [default]            source: Estimated
2026-08-02 12:17:35,525 INFO  [default]   cumulative: 0
2026-08-02 12:17:35,526 INFO  [default]    inst rate: not used for this commodity code
2026-08-02 12:17:35,728 INFO  [default] link ACK received: query_operational_state
2026-08-02 12:17:35,852 INFO  [default] operational state received: 0

Press Enter for a list of commands
2026-08-02 12:18:35,076 INFO  [default] link ACK received: get_commodity
2026-08-02 12:18:35,232 INFO  [default] message type supported received: 2
2026-08-02 12:18:35,232 INFO  [default] commodity response received. response code: 0 - success; count: 4
2026-08-02 12:18:35,233 INFO  [default] commodity code: 0 - Electricity consumed (W & W-hr)
2026-08-02 12:18:35,233 INFO  [default]            source: Estimated
2026-08-02 12:18:35,233 INFO  [default]   cumulative: 121000
2026-08-02 12:18:35,233 INFO  [default]    inst rate: 0
2026-08-02 12:18:35,233 INFO  [default] commodity code 8 - Rated max consumption level electricity (W) is not recorded in the commodity CSV
2026-08-02 12:18:35,233 INFO  [default] commodity code: 6 - Total energy storage/take capacity (W-hr)
2026-08-02 12:18:35,233 INFO  [default]            source: Estimated
2026-08-02 12:18:35,234 INFO  [default]   cumulative: 9190
2026-08-02 12:18:35,234 INFO  [default]    inst rate: not used for this commodity code
2026-08-02 12:18:35,234 INFO  [default] commodity code: 7 - Present energy storage/take capacity (W-hr)
2026-08-02 12:18:35,234 INFO  [default]            source: Estimated
2026-08-02 12:18:35,234 INFO  [default]   cumulative: 110
2026-08-02 12:18:35,234 INFO  [default]    inst rate: not used for this commodity code
2026-08-02 12:18:35,437 INFO  [default] link ACK received: query_operational_state
2026-08-02 12:18:35,561 INFO  [default] operational state received: 0

Press Enter for a list of commands
2026-08-02 12:19:34,780 INFO  [default] link ACK received: get_commodity
2026-08-02 12:19:34,933 INFO  [default] message type supported received: 2
2026-08-02 12:19:34,933 INFO  [default] commodity response received. response code: 0 - success; count: 4
2026-08-02 12:19:34,934 INFO  [default] commodity code: 0 - Electricity consumed (W & W-hr)
2026-08-02 12:19:34,934 INFO  [default]            source: Estimated
2026-08-02 12:19:34,934 INFO  [default]   cumulative: 121000
2026-08-02 12:19:34,934 INFO  [default]    inst rate: 0
2026-08-02 12:19:34,934 INFO  [default] commodity code 8 - Rated max consumption level electricity (W) is not recorded in the commodity CSV
2026-08-02 12:19:34,935 INFO  [default] commodity code: 6 - Total energy storage/take capacity (W-hr)
2026-08-02 12:19:34,935 INFO  [default]            source: Estimated
2026-08-02 12:19:34,935 INFO  [default]   cumulative: 9190
2026-08-02 12:19:34,935 INFO  [default]    inst rate: not used for this commodity code
2026-08-02 12:19:34,935 INFO  [default] commodity code: 7 - Present energy storage/take capacity (W-hr)
2026-08-02 12:19:34,935 INFO  [default]            source: Estimated
2026-08-02 12:19:34,935 INFO  [default]   cumulative: 397
2026-08-02 12:19:34,935 INFO  [default]    inst rate: not used for this commodity code
2026-08-02 12:19:35,138 INFO  [default] link ACK received: query_operational_state
2026-08-02 12:19:35,262 INFO  [default] operational state received: 0

Press Enter for a list of commands
2026-08-02 12:20:35,485 INFO  [default] link ACK received: get_commodity
2026-08-02 12:20:35,639 INFO  [default] message type supported received: 2
2026-08-02 12:20:35,639 INFO  [default] commodity response received. response code: 0 - success; count: 4
2026-08-02 12:20:35,640 INFO  [default] commodity code: 0 - Electricity consumed (W & W-hr)
2026-08-02 12:20:35,640 INFO  [default]            source: Estimated
2026-08-02 12:20:35,640 INFO  [default]   cumulative: 121000
2026-08-02 12:20:35,640 INFO  [default]    inst rate: 0
2026-08-02 12:20:35,640 INFO  [default] commodity code 8 - Rated max consumption level electricity (W) is not recorded in the commodity CSV
2026-08-02 12:20:35,640 INFO  [default] commodity code: 6 - Total energy storage/take capacity (W-hr)
2026-08-02 12:20:35,641 INFO  [default]            source: Estimated
2026-08-02 12:20:35,641 INFO  [default]   cumulative: 9190
2026-08-02 12:20:35,641 INFO  [default]    inst rate: not used for this commodity code
2026-08-02 12:20:35,641 INFO  [default] commodity code: 7 - Present energy storage/take capacity (W-hr)
2026-08-02 12:20:35,641 INFO  [default]            source: Estimated
2026-08-02 12:20:35,641 INFO  [default]   cumulative: 883
2026-08-02 12:20:35,641 INFO  [default]    inst rate: not used for this commodity code
2026-08-02 12:20:35,844 INFO  [default] link ACK received: query_operational_state
2026-08-02 12:20:35,969 INFO  [default] operational state received: 0

Press Enter for a list of commands
2026-08-02 12:21:35,186 INFO  [default] link ACK received: get_commodity
2026-08-02 12:21:35,340 INFO  [default] message type supported received: 2
2026-08-02 12:21:35,340 INFO  [default] commodity response received. response code: 0 - success; count: 4
2026-08-02 12:21:35,340 INFO  [default] commodity code: 0 - Electricity consumed (W & W-hr)
2026-08-02 12:21:35,340 INFO  [default]            source: Estimated
2026-08-02 12:21:35,341 INFO  [default]   cumulative: 121000
2026-08-02 12:21:35,341 INFO  [default]    inst rate: 0
2026-08-02 12:21:35,341 INFO  [default] commodity code 8 - Rated max consumption level electricity (W) is not recorded in the commodity CSV
2026-08-02 12:21:35,341 INFO  [default] commodity code: 6 - Total energy storage/take capacity (W-hr)
2026-08-02 12:21:35,341 INFO  [default]            source: Estimated
2026-08-02 12:21:35,341 INFO  [default]   cumulative: 9190
2026-08-02 12:21:35,341 INFO  [default]    inst rate: not used for this commodity code
2026-08-02 12:21:35,342 INFO  [default] commodity code: 7 - Present energy storage/take capacity (W-hr)
2026-08-02 12:21:35,342 INFO  [default]            source: Estimated
2026-08-02 12:21:35,342 INFO  [default]   cumulative: 1546
2026-08-02 12:21:35,342 INFO  [default]    inst rate: not used for this commodity code
2026-08-02 12:21:35,545 INFO  [default] link ACK received: query_operational_state
2026-08-02 12:21:35,668 INFO  [default] operational state received: 1

Press Enter for a list of commands
2026-08-02 12:22:34,882 INFO  [default] link ACK received: get_commodity
2026-08-02 12:22:35,036 INFO  [default] message type supported received: 2
2026-08-02 12:22:35,037 INFO  [default] commodity response received. response code: 0 - success; count: 4
2026-08-02 12:22:35,037 INFO  [default] commodity code: 0 - Electricity consumed (W & W-hr)
2026-08-02 12:22:35,037 INFO  [default]            source: Estimated
2026-08-02 12:22:35,038 INFO  [default]   cumulative: 121000
2026-08-02 12:22:35,038 INFO  [default]    inst rate: 0
2026-08-02 12:22:35,038 INFO  [default] commodity code 8 - Rated max consumption level electricity (W) is not recorded in the commodity CSV
2026-08-02 12:22:35,038 INFO  [default] commodity code: 6 - Total energy storage/take capacity (W-hr)
2026-08-02 12:22:35,038 INFO  [default]            source: Estimated
2026-08-02 12:22:35,038 INFO  [default]   cumulative: 9190
2026-08-02 12:22:35,038 INFO  [default]    inst rate: not used for this commodity code
2026-08-02 12:22:35,038 INFO  [default] commodity code: 7 - Present energy storage/take capacity (W-hr)
2026-08-02 12:22:35,039 INFO  [default]            source: Estimated
2026-08-02 12:22:35,039 INFO  [default]   cumulative: 1877
2026-08-02 12:22:35,039 INFO  [default]    inst rate: not used for this commodity code
2026-08-02 12:22:35,242 INFO  [default] link ACK received: query_operational_state
2026-08-02 12:22:35,365 INFO  [default] operational state received: 1

Press Enter for a list of commands
2026-08-02 12:23:35,583 INFO  [default] link ACK received: get_commodity
2026-08-02 12:23:35,737 INFO  [default] message type supported received: 2
2026-08-02 12:23:35,737 INFO  [default] commodity response received. response code: 0 - success; count: 4
2026-08-02 12:23:35,737 INFO  [default] commodity code: 0 - Electricity consumed (W & W-hr)
2026-08-02 12:23:35,737 INFO  [default]            source: Estimated
2026-08-02 12:23:35,738 INFO  [default]   cumulative: 121000
2026-08-02 12:23:35,738 INFO  [default]    inst rate: 500
2026-08-02 12:23:35,738 INFO  [default] commodity code 8 - Rated max consumption level electricity (W) is not recorded in the commodity CSV
2026-08-02 12:23:35,738 INFO  [default] commodity code: 6 - Total energy storage/take capacity (W-hr)
2026-08-02 12:23:35,738 INFO  [default]            source: Estimated
2026-08-02 12:23:35,738 INFO  [default]   cumulative: 9190
2026-08-02 12:23:35,738 INFO  [default]    inst rate: not used for this commodity code
2026-08-02 12:23:35,739 INFO  [default] commodity code: 7 - Present energy storage/take capacity (W-hr)
2026-08-02 12:23:35,739 INFO  [default]            source: Estimated
2026-08-02 12:23:35,739 INFO  [default]   cumulative: 2010
2026-08-02 12:23:35,739 INFO  [default]    inst rate: not used for this commodity code
2026-08-02 12:23:35,942 INFO  [default] link ACK received: query_operational_state
2026-08-02 12:23:36,066 INFO  [default] operational state received: 1

Press Enter for a list of commands
2026-08-02 12:24:35,280 INFO  [default] link ACK received: get_commodity
2026-08-02 12:24:35,434 INFO  [default] message type supported received: 2
2026-08-02 12:24:35,434 INFO  [default] commodity response received. response code: 0 - success; count: 4
2026-08-02 12:24:35,435 INFO  [default] commodity code: 0 - Electricity consumed (W & W-hr)
2026-08-02 12:24:35,435 INFO  [default]            source: Estimated
2026-08-02 12:24:35,435 INFO  [default]   cumulative: 121000
2026-08-02 12:24:35,435 INFO  [default]    inst rate: 500
2026-08-02 12:24:35,435 INFO  [default] commodity code 8 - Rated max consumption level electricity (W) is not recorded in the commodity CSV
2026-08-02 12:24:35,435 INFO  [default] commodity code: 6 - Total energy storage/take capacity (W-hr)
2026-08-02 12:24:35,435 INFO  [default]            source: Estimated
2026-08-02 12:24:35,436 INFO  [default]   cumulative: 9190
2026-08-02 12:24:35,436 INFO  [default]    inst rate: not used for this commodity code
2026-08-02 12:24:35,436 INFO  [default] commodity code: 7 - Present energy storage/take capacity (W-hr)
2026-08-02 12:24:35,436 INFO  [default]            source: Estimated
2026-08-02 12:24:35,436 INFO  [default]   cumulative: 2054
2026-08-02 12:24:35,436 INFO  [default]    inst rate: not used for this commodity code
2026-08-02 12:24:35,639 INFO  [default] link ACK received: query_operational_state
2026-08-02 12:24:35,762 INFO  [default] operational state received: 1

Press Enter for a list of commands
2026-08-02 12:25:34,978 INFO  [default] link ACK received: get_commodity
2026-08-02 12:25:35,132 INFO  [default] message type supported received: 2
2026-08-02 12:25:35,132 INFO  [default] commodity response received. response code: 0 - success; count: 4
2026-08-02 12:25:35,133 INFO  [default] commodity code: 0 - Electricity consumed (W & W-hr)
2026-08-02 12:25:35,133 INFO  [default]            source: Estimated
2026-08-02 12:25:35,133 INFO  [default]   cumulative: 121000
2026-08-02 12:25:35,133 INFO  [default]    inst rate: 500
2026-08-02 12:25:35,133 INFO  [default] commodity code 8 - Rated max consumption level electricity (W) is not recorded in the commodity CSV
2026-08-02 12:25:35,133 INFO  [default] commodity code: 6 - Total energy storage/take capacity (W-hr)
2026-08-02 12:25:35,134 INFO  [default]            source: Estimated
2026-08-02 12:25:35,134 INFO  [default]   cumulative: 9190
2026-08-02 12:25:35,134 INFO  [default]    inst rate: not used for this commodity code
2026-08-02 12:25:35,134 INFO  [default] commodity code: 7 - Present energy storage/take capacity (W-hr)
2026-08-02 12:25:35,134 INFO  [default]            source: Estimated
2026-08-02 12:25:35,134 INFO  [default]   cumulative: 2054
2026-08-02 12:25:35,134 INFO  [default]    inst rate: not used for this commodity code
2026-08-02 12:25:35,337 INFO  [default] link ACK received: query_operational_state
2026-08-02 12:25:35,461 INFO  [default] operational state received: 1

Press Enter for a list of commands
2026-08-02 12:26:35,680 INFO  [default] link ACK received: get_commodity
2026-08-02 12:26:35,834 INFO  [default] message type supported received: 2
2026-08-02 12:26:35,834 INFO  [default] commodity response received. response code: 0 - success; count: 4
2026-08-02 12:26:35,835 INFO  [default] commodity code: 0 - Electricity consumed (W & W-hr)
2026-08-02 12:26:35,835 INFO  [default]            source: Estimated
2026-08-02 12:26:35,835 INFO  [default]   cumulative: 121000
2026-08-02 12:26:35,835 INFO  [default]    inst rate: 500
2026-08-02 12:26:35,835 INFO  [default] commodity code 8 - Rated max consumption level electricity (W) is not recorded in the commodity CSV
2026-08-02 12:26:35,835 INFO  [default] commodity code: 6 - Total energy storage/take capacity (W-hr)
2026-08-02 12:26:35,835 INFO  [default]            source: Estimated
2026-08-02 12:26:35,836 INFO  [default]   cumulative: 9190
2026-08-02 12:26:35,836 INFO  [default]    inst rate: not used for this commodity code
2026-08-02 12:26:35,836 INFO  [default] commodity code: 7 - Present energy storage/take capacity (W-hr)
2026-08-02 12:26:35,836 INFO  [default]            source: Estimated
2026-08-02 12:26:35,836 INFO  [default]   cumulative: 2076
2026-08-02 12:26:35,836 INFO  [default]    inst rate: not used for this commodity code
2026-08-02 12:26:36,038 INFO  [default] link ACK received: query_operational_state
2026-08-02 12:26:36,162 INFO  [default] operational state received: 1

Press Enter for a list of commands
2026-08-02 12:27:35,376 INFO  [default] link ACK received: get_commodity
2026-08-02 12:27:35,531 INFO  [default] message type supported received: 2
2026-08-02 12:27:35,531 INFO  [default] commodity response received. response code: 0 - success; count: 4
2026-08-02 12:27:35,531 INFO  [default] commodity code: 0 - Electricity consumed (W & W-hr)
2026-08-02 12:27:35,532 INFO  [default]            source: Estimated
2026-08-02 12:27:35,532 INFO  [default]   cumulative: 121000
2026-08-02 12:27:35,532 INFO  [default]    inst rate: 500
2026-08-02 12:27:35,532 INFO  [default] commodity code 8 - Rated max consumption level electricity (W) is not recorded in the commodity CSV
2026-08-02 12:27:35,532 INFO  [default] commodity code: 6 - Total energy storage/take capacity (W-hr)
2026-08-02 12:27:35,532 INFO  [default]            source: Estimated
2026-08-02 12:27:35,532 INFO  [default]   cumulative: 9190
2026-08-02 12:27:35,532 INFO  [default]    inst rate: not used for this commodity code
2026-08-02 12:27:35,533 INFO  [default] commodity code: 7 - Present energy storage/take capacity (W-hr)
2026-08-02 12:27:35,533 INFO  [default]            source: Estimated
2026-08-02 12:27:35,533 INFO  [default]   cumulative: 2076
2026-08-02 12:27:35,533 INFO  [default]    inst rate: not used for this commodity code
2026-08-02 12:27:35,735 INFO  [default] link ACK received: query_operational_state
2026-08-02 12:27:35,860 INFO  [default] operational state received: 1

Press Enter for a list of commands
2026-08-02 12:28:35,078 INFO  [default] link ACK received: get_commodity
2026-08-02 12:28:35,234 INFO  [default] message type supported received: 2
2026-08-02 12:28:35,234 INFO  [default] commodity response received. response code: 0 - success; count: 4
2026-08-02 12:28:35,235 INFO  [default] commodity code: 0 - Electricity consumed (W & W-hr)
2026-08-02 12:28:35,235 INFO  [default]            source: Estimated
2026-08-02 12:28:35,235 INFO  [default]   cumulative: 121000
2026-08-02 12:28:35,235 INFO  [default]    inst rate: 500
2026-08-02 12:28:35,235 INFO  [default] commodity code 8 - Rated max consumption level electricity (W) is not recorded in the commodity CSV
2026-08-02 12:28:35,235 INFO  [default] commodity code: 6 - Total energy storage/take capacity (W-hr)
2026-08-02 12:28:35,235 INFO  [default]            source: Estimated
2026-08-02 12:28:35,235 INFO  [default]   cumulative: 9190
2026-08-02 12:28:35,236 INFO  [default]    inst rate: not used for this commodity code
2026-08-02 12:28:35,236 INFO  [default] commodity code: 7 - Present energy storage/take capacity (W-hr)
2026-08-02 12:28:35,236 INFO  [default]            source: Estimated
2026-08-02 12:28:35,236 INFO  [default]   cumulative: 2054
2026-08-02 12:28:35,236 INFO  [default]    inst rate: not used for this commodity code
2026-08-02 12:28:35,438 INFO  [default] link ACK received: query_operational_state
2026-08-02 12:28:35,563 INFO  [default] operational state received: 1

Press Enter for a list of commands
2026-08-02 12:29:34,777 INFO  [default] link ACK received: get_commodity
2026-08-02 12:29:34,930 INFO  [default] message type supported received: 2
2026-08-02 12:29:34,930 INFO  [default] commodity response received. response code: 0 - success; count: 4
2026-08-02 12:29:34,931 INFO  [default] commodity code: 0 - Electricity consumed (W & W-hr)
2026-08-02 12:29:34,931 INFO  [default]            source: Estimated
2026-08-02 12:29:34,931 INFO  [default]   cumulative: 121000
2026-08-02 12:29:34,931 INFO  [default]    inst rate: 500
2026-08-02 12:29:34,931 INFO  [default] commodity code 8 - Rated max consumption level electricity (W) is not recorded in the commodity CSV
2026-08-02 12:29:34,932 INFO  [default] commodity code: 6 - Total energy storage/take capacity (W-hr)
2026-08-02 12:29:34,932 INFO  [default]            source: Estimated
2026-08-02 12:29:34,932 INFO  [default]   cumulative: 9190
2026-08-02 12:29:34,932 INFO  [default]    inst rate: not used for this commodity code
2026-08-02 12:29:34,932 INFO  [default] commodity code: 7 - Present energy storage/take capacity (W-hr)
2026-08-02 12:29:34,932 INFO  [default]            source: Estimated
2026-08-02 12:29:34,932 INFO  [default]   cumulative: 2054
2026-08-02 12:29:34,932 INFO  [default]    inst rate: not used for this commodity code
2026-08-02 12:29:35,135 INFO  [default] link ACK received: query_operational_state
2026-08-02 12:29:35,259 INFO  [default] operational state received: 1

Press Enter for a list of commands
2026-08-02 12:30:35,477 INFO  [default] link ACK received: get_commodity
2026-08-02 12:30:35,631 INFO  [default] message type supported received: 2
2026-08-02 12:30:35,631 INFO  [default] commodity response received. response code: 0 - success; count: 4
2026-08-02 12:30:35,631 INFO  [default] commodity code: 0 - Electricity consumed (W & W-hr)
2026-08-02 12:30:35,632 INFO  [default]            source: Estimated
2026-08-02 12:30:35,632 INFO  [default]   cumulative: 121000
2026-08-02 12:30:35,632 INFO  [default]    inst rate: 500
2026-08-02 12:30:35,632 INFO  [default] commodity code 8 - Rated max consumption level electricity (W) is not recorded in the commodity CSV
2026-08-02 12:30:35,632 INFO  [default] commodity code: 6 - Total energy storage/take capacity (W-hr)
2026-08-02 12:30:35,632 INFO  [default]            source: Estimated
2026-08-02 12:30:35,632 INFO  [default]   cumulative: 9190
2026-08-02 12:30:35,632 INFO  [default]    inst rate: not used for this commodity code
2026-08-02 12:30:35,633 INFO  [default] commodity code: 7 - Present energy storage/take capacity (W-hr)
2026-08-02 12:30:35,633 INFO  [default]            source: Estimated
2026-08-02 12:30:35,633 INFO  [default]   cumulative: 2054
2026-08-02 12:30:35,633 INFO  [default]    inst rate: not used for this commodity code
2026-08-02 12:30:35,836 INFO  [default] link ACK received: query_operational_state
2026-08-02 12:30:35,961 INFO  [default] operational state received: 1

Press Enter for a list of commands
2026-08-02 12:31:35,177 INFO  [default] link ACK received: get_commodity
2026-08-02 12:31:35,330 INFO  [default] message type supported received: 2
2026-08-02 12:31:35,330 INFO  [default] commodity response received. response code: 0 - success; count: 4
2026-08-02 12:31:35,331 INFO  [default] commodity code: 0 - Electricity consumed (W & W-hr)
2026-08-02 12:31:35,331 INFO  [default]            source: Estimated
2026-08-02 12:31:35,331 INFO  [default]   cumulative: 121000
2026-08-02 12:31:35,331 INFO  [default]    inst rate: 500
2026-08-02 12:31:35,331 INFO  [default] commodity code 8 - Rated max consumption level electricity (W) is not recorded in the commodity CSV
2026-08-02 12:31:35,332 INFO  [default] commodity code: 6 - Total energy storage/take capacity (W-hr)
2026-08-02 12:31:35,332 INFO  [default]            source: Estimated
2026-08-02 12:31:35,332 INFO  [default]   cumulative: 9190
2026-08-02 12:31:35,332 INFO  [default]    inst rate: not used for this commodity code
2026-08-02 12:31:35,332 INFO  [default] commodity code: 7 - Present energy storage/take capacity (W-hr)
2026-08-02 12:31:35,332 INFO  [default]            source: Estimated
2026-08-02 12:31:35,332 INFO  [default]   cumulative: 2054
2026-08-02 12:31:35,332 INFO  [default]    inst rate: not used for this commodity code
2026-08-02 12:31:35,535 INFO  [default] link ACK received: query_operational_state
2026-08-02 12:31:35,659 INFO  [default] operational state received: 1

Press Enter for a list of commands
2026-08-02 12:32:34,873 INFO  [default] link ACK received: get_commodity
2026-08-02 12:32:35,027 INFO  [default] message type supported received: 2
2026-08-02 12:32:35,027 INFO  [default] commodity response received. response code: 0 - success; count: 4
2026-08-02 12:32:35,028 INFO  [default] commodity code: 0 - Electricity consumed (W & W-hr)
2026-08-02 12:32:35,028 INFO  [default]            source: Estimated
2026-08-02 12:32:35,028 INFO  [default]   cumulative: 121000
2026-08-02 12:32:35,028 INFO  [default]    inst rate: 500
2026-08-02 12:32:35,028 INFO  [default] commodity code 8 - Rated max consumption level electricity (W) is not recorded in the commodity CSV
2026-08-02 12:32:35,028 INFO  [default] commodity code: 6 - Total energy storage/take capacity (W-hr)
2026-08-02 12:32:35,029 INFO  [default]            source: Estimated
2026-08-02 12:32:35,029 INFO  [default]   cumulative: 9190
2026-08-02 12:32:35,029 INFO  [default]    inst rate: not used for this commodity code
2026-08-02 12:32:35,029 INFO  [default] commodity code: 7 - Present energy storage/take capacity (W-hr)
2026-08-02 12:32:35,029 INFO  [default]            source: Estimated
2026-08-02 12:32:35,029 INFO  [default]   cumulative: 2032
2026-08-02 12:32:35,029 INFO  [default]    inst rate: not used for this commodity code
2026-08-02 12:32:35,232 INFO  [default] link ACK received: query_operational_state
2026-08-02 12:32:35,356 INFO  [default] operational state received: 1

Press Enter for a list of commands
2026-08-02 12:33:35,565 INFO  [default] link ACK received: get_commodity
2026-08-02 12:33:35,720 INFO  [default] message type supported received: 2
2026-08-02 12:33:35,720 INFO  [default] commodity response received. response code: 0 - success; count: 4
2026-08-02 12:33:35,721 INFO  [default] commodity code: 0 - Electricity consumed (W & W-hr)
2026-08-02 12:33:35,721 INFO  [default]            source: Estimated
2026-08-02 12:33:35,721 INFO  [default]   cumulative: 121000
2026-08-02 12:33:35,721 INFO  [default]    inst rate: 500
2026-08-02 12:33:35,721 INFO  [default] commodity code 8 - Rated max consumption level electricity (W) is not recorded in the commodity CSV
2026-08-02 12:33:35,722 INFO  [default] commodity code: 6 - Total energy storage/take capacity (W-hr)
2026-08-02 12:33:35,722 INFO  [default]            source: Estimated
2026-08-02 12:33:35,722 INFO  [default]   cumulative: 9190
2026-08-02 12:33:35,722 INFO  [default]    inst rate: not used for this commodity code
2026-08-02 12:33:35,722 INFO  [default] commodity code: 7 - Present energy storage/take capacity (W-hr)
2026-08-02 12:33:35,722 INFO  [default]            source: Estimated
2026-08-02 12:33:35,722 INFO  [default]   cumulative: 2032
2026-08-02 12:33:35,722 INFO  [default]    inst rate: not used for this commodity code
2026-08-02 12:33:35,925 INFO  [default] link ACK received: query_operational_state
2026-08-02 12:33:36,049 INFO  [default] operational state received: 1

Press Enter for a list of commands
2026-08-02 12:34:35,268 INFO  [default] link ACK received: get_commodity
2026-08-02 12:34:35,424 INFO  [default] message type supported received: 2
2026-08-02 12:34:35,424 INFO  [default] commodity response received. response code: 0 - success; count: 4
2026-08-02 12:34:35,425 INFO  [default] commodity code: 0 - Electricity consumed (W & W-hr)
2026-08-02 12:34:35,425 INFO  [default]            source: Estimated
2026-08-02 12:34:35,425 INFO  [default]   cumulative: 121000
2026-08-02 12:34:35,425 INFO  [default]    inst rate: 500
2026-08-02 12:34:35,425 INFO  [default] commodity code 8 - Rated max consumption level electricity (W) is not recorded in the commodity CSV
2026-08-02 12:34:35,425 INFO  [default] commodity code: 6 - Total energy storage/take capacity (W-hr)
2026-08-02 12:34:35,425 INFO  [default]            source: Estimated
2026-08-02 12:34:35,426 INFO  [default]   cumulative: 9190
2026-08-02 12:34:35,426 INFO  [default]    inst rate: not used for this commodity code
2026-08-02 12:34:35,426 INFO  [default] commodity code: 7 - Present energy storage/take capacity (W-hr)
2026-08-02 12:34:35,426 INFO  [default]            source: Estimated
2026-08-02 12:34:35,426 INFO  [default]   cumulative: 2010
2026-08-02 12:34:35,426 INFO  [default]    inst rate: not used for this commodity code
2026-08-02 12:34:35,628 INFO  [default] link ACK received: query_operational_state
2026-08-02 12:34:35,753 INFO  [default] operational state received: 1

Press Enter for a list of commands
2026-08-02 12:35:34,969 INFO  [default] link ACK received: get_commodity
2026-08-02 12:35:35,123 INFO  [default] message type supported received: 2
2026-08-02 12:35:35,123 INFO  [default] commodity response received. response code: 0 - success; count: 4
2026-08-02 12:35:35,124 INFO  [default] commodity code: 0 - Electricity consumed (W & W-hr)
2026-08-02 12:35:35,124 INFO  [default]            source: Estimated
2026-08-02 12:35:35,124 INFO  [default]   cumulative: 121000
2026-08-02 12:35:35,124 INFO  [default]    inst rate: 500
2026-08-02 12:35:35,124 INFO  [default] commodity code 8 - Rated max consumption level electricity (W) is not recorded in the commodity CSV
2026-08-02 12:35:35,125 INFO  [default] commodity code: 6 - Total energy storage/take capacity (W-hr)
2026-08-02 12:35:35,125 INFO  [default]            source: Estimated
2026-08-02 12:35:35,125 INFO  [default]   cumulative: 9190
2026-08-02 12:35:35,125 INFO  [default]    inst rate: not used for this commodity code
2026-08-02 12:35:35,125 INFO  [default] commodity code: 7 - Present energy storage/take capacity (W-hr)
2026-08-02 12:35:35,125 INFO  [default]            source: Estimated
2026-08-02 12:35:35,125 INFO  [default]   cumulative: 1988
2026-08-02 12:35:35,125 INFO  [default]    inst rate: not used for this commodity code
2026-08-02 12:35:35,328 INFO  [default] link ACK received: query_operational_state
2026-08-02 12:35:35,452 INFO  [default] operational state received: 1

Press Enter for a list of commands
2026-08-02 12:36:35,671 INFO  [default] link ACK received: get_commodity
2026-08-02 12:36:35,825 INFO  [default] message type supported received: 2
2026-08-02 12:36:35,826 INFO  [default] commodity response received. response code: 0 - success; count: 4
2026-08-02 12:36:35,826 INFO  [default] commodity code: 0 - Electricity consumed (W & W-hr)
2026-08-02 12:36:35,826 INFO  [default]            source: Estimated
2026-08-02 12:36:35,826 INFO  [default]   cumulative: 121000
2026-08-02 12:36:35,827 INFO  [default]    inst rate: 500
2026-08-02 12:36:35,827 INFO  [default] commodity code 8 - Rated max consumption level electricity (W) is not recorded in the commodity CSV
2026-08-02 12:36:35,827 INFO  [default] commodity code: 6 - Total energy storage/take capacity (W-hr)
2026-08-02 12:36:35,827 INFO  [default]            source: Estimated
2026-08-02 12:36:35,827 INFO  [default]   cumulative: 9190
2026-08-02 12:36:35,827 INFO  [default]    inst rate: not used for this commodity code
2026-08-02 12:36:35,827 INFO  [default] commodity code: 7 - Present energy storage/take capacity (W-hr)
2026-08-02 12:36:35,827 INFO  [default]            source: Estimated
2026-08-02 12:36:35,828 INFO  [default]   cumulative: 1944
2026-08-02 12:36:35,828 INFO  [default]    inst rate: not used for this commodity code
2026-08-02 12:36:36,030 INFO  [default] link ACK received: query_operational_state
2026-08-02 12:36:36,154 INFO  [default] operational state received: 1

Press Enter for a list of commands
2026-08-02 12:37:35,373 INFO  [default] link ACK received: get_commodity
2026-08-02 12:37:35,528 INFO  [default] message type supported received: 2
2026-08-02 12:37:35,528 INFO  [default] commodity response received. response code: 0 - success; count: 4
2026-08-02 12:37:35,529 INFO  [default] commodity code: 0 - Electricity consumed (W & W-hr)
2026-08-02 12:37:35,529 INFO  [default]            source: Estimated
2026-08-02 12:37:35,529 INFO  [default]   cumulative: 121000
2026-08-02 12:37:35,529 INFO  [default]    inst rate: 500
2026-08-02 12:37:35,529 INFO  [default] commodity code 8 - Rated max consumption level electricity (W) is not recorded in the commodity CSV
2026-08-02 12:37:35,529 INFO  [default] commodity code: 6 - Total energy storage/take capacity (W-hr)
2026-08-02 12:37:35,529 INFO  [default]            source: Estimated
2026-08-02 12:37:35,529 INFO  [default]   cumulative: 9190
2026-08-02 12:37:35,530 INFO  [default]    inst rate: not used for this commodity code
2026-08-02 12:37:35,530 INFO  [default] commodity code: 7 - Present energy storage/take capacity (W-hr)
2026-08-02 12:37:35,530 INFO  [default]            source: Estimated
2026-08-02 12:37:35,530 INFO  [default]   cumulative: 1922
2026-08-02 12:37:35,530 INFO  [default]    inst rate: not used for this commodity code
2026-08-02 12:37:35,733 INFO  [default] link ACK received: query_operational_state
2026-08-02 12:37:35,857 INFO  [default] operational state received: 1

Press Enter for a list of commands
2026-08-02 12:38:35,073 INFO  [default] link ACK received: get_commodity
2026-08-02 12:38:35,227 INFO  [default] message type supported received: 2
2026-08-02 12:38:35,227 INFO  [default] commodity response received. response code: 0 - success; count: 4
2026-08-02 12:38:35,227 INFO  [default] commodity code: 0 - Electricity consumed (W & W-hr)
2026-08-02 12:38:35,228 INFO  [default]            source: Estimated
2026-08-02 12:38:35,228 INFO  [default]   cumulative: 121000
2026-08-02 12:38:35,228 INFO  [default]    inst rate: 500
2026-08-02 12:38:35,228 INFO  [default] commodity code 8 - Rated max consumption level electricity (W) is not recorded in the commodity CSV
2026-08-02 12:38:35,228 INFO  [default] commodity code: 6 - Total energy storage/take capacity (W-hr)
2026-08-02 12:38:35,228 INFO  [default]            source: Estimated
2026-08-02 12:38:35,228 INFO  [default]   cumulative: 9190
2026-08-02 12:38:35,228 INFO  [default]    inst rate: not used for this commodity code
2026-08-02 12:38:35,229 INFO  [default] commodity code: 7 - Present energy storage/take capacity (W-hr)
2026-08-02 12:38:35,229 INFO  [default]            source: Estimated
2026-08-02 12:38:35,229 INFO  [default]   cumulative: 1877
2026-08-02 12:38:35,229 INFO  [default]    inst rate: not used for this commodity code
2026-08-02 12:38:35,432 INFO  [default] link ACK received: query_operational_state
2026-08-02 12:38:35,556 INFO  [default] operational state received: 1

Press Enter for a list of commands
2026-08-02 12:39:34,774 INFO  [default] link ACK received: get_commodity
2026-08-02 12:39:34,930 INFO  [default] message type supported received: 2
2026-08-02 12:39:34,930 INFO  [default] commodity response received. response code: 0 - success; count: 4
2026-08-02 12:39:34,930 INFO  [default] commodity code: 0 - Electricity consumed (W & W-hr)
2026-08-02 12:39:34,930 INFO  [default]            source: Estimated
2026-08-02 12:39:34,930 INFO  [default]   cumulative: 121000
2026-08-02 12:39:34,931 INFO  [default]    inst rate: 500
2026-08-02 12:39:34,931 INFO  [default] commodity code 8 - Rated max consumption level electricity (W) is not recorded in the commodity CSV
2026-08-02 12:39:34,931 INFO  [default] commodity code: 6 - Total energy storage/take capacity (W-hr)
2026-08-02 12:39:34,931 INFO  [default]            source: Estimated
2026-08-02 12:39:34,931 INFO  [default]   cumulative: 9190
2026-08-02 12:39:34,931 INFO  [default]    inst rate: not used for this commodity code
2026-08-02 12:39:34,931 INFO  [default] commodity code: 7 - Present energy storage/take capacity (W-hr)
2026-08-02 12:39:34,931 INFO  [default]            source: Estimated
2026-08-02 12:39:34,932 INFO  [default]   cumulative: 1833
2026-08-02 12:39:34,932 INFO  [default]    inst rate: not used for this commodity code
2026-08-02 12:39:35,134 INFO  [default] link ACK received: query_operational_state
2026-08-02 12:39:35,258 INFO  [default] operational state received: 1

Press Enter for a list of commands
2026-08-02 12:40:35,479 INFO  [default] link ACK received: get_commodity
2026-08-02 12:40:35,632 INFO  [default] message type supported received: 2
2026-08-02 12:40:35,633 INFO  [default] commodity response received. response code: 0 - success; count: 4
2026-08-02 12:40:35,633 INFO  [default] commodity code: 0 - Electricity consumed (W & W-hr)
2026-08-02 12:40:35,633 INFO  [default]            source: Estimated
2026-08-02 12:40:35,633 INFO  [default]   cumulative: 121000
2026-08-02 12:40:35,634 INFO  [default]    inst rate: 500
2026-08-02 12:40:35,634 INFO  [default] commodity code 8 - Rated max consumption level electricity (W) is not recorded in the commodity CSV
2026-08-02 12:40:35,634 INFO  [default] commodity code: 6 - Total energy storage/take capacity (W-hr)
2026-08-02 12:40:35,634 INFO  [default]            source: Estimated
2026-08-02 12:40:35,634 INFO  [default]   cumulative: 9190
2026-08-02 12:40:35,634 INFO  [default]    inst rate: not used for this commodity code
2026-08-02 12:40:35,634 INFO  [default] commodity code: 7 - Present energy storage/take capacity (W-hr)
2026-08-02 12:40:35,634 INFO  [default]            source: Estimated
2026-08-02 12:40:35,635 INFO  [default]   cumulative: 1811
2026-08-02 12:40:35,635 INFO  [default]    inst rate: not used for this commodity code
2026-08-02 12:40:35,838 INFO  [default] link ACK received: query_operational_state
2026-08-02 12:40:35,961 INFO  [default] operational state received: 1

Press Enter for a list of commands
2026-08-02 12:41:35,181 INFO  [default] link ACK received: get_commodity
2026-08-02 12:41:35,335 INFO  [default] message type supported received: 2
2026-08-02 12:41:35,335 INFO  [default] commodity response received. response code: 0 - success; count: 4
2026-08-02 12:41:35,336 INFO  [default] commodity code: 0 - Electricity consumed (W & W-hr)
2026-08-02 12:41:35,336 INFO  [default]            source: Estimated
2026-08-02 12:41:35,336 INFO  [default]   cumulative: 121000
2026-08-02 12:41:35,336 INFO  [default]    inst rate: 500
2026-08-02 12:41:35,336 INFO  [default] commodity code 8 - Rated max consumption level electricity (W) is not recorded in the commodity CSV
2026-08-02 12:41:35,336 INFO  [default] commodity code: 6 - Total energy storage/take capacity (W-hr)
2026-08-02 12:41:35,337 INFO  [default]            source: Estimated
2026-08-02 12:41:35,337 INFO  [default]   cumulative: 9190
2026-08-02 12:41:35,337 INFO  [default]    inst rate: not used for this commodity code
2026-08-02 12:41:35,337 INFO  [default] commodity code: 7 - Present energy storage/take capacity (W-hr)
2026-08-02 12:41:35,337 INFO  [default]            source: Estimated
2026-08-02 12:41:35,337 INFO  [default]   cumulative: 1745
2026-08-02 12:41:35,337 INFO  [default]    inst rate: not used for this commodity code
2026-08-02 12:41:35,541 INFO  [default] link ACK received: query_operational_state
2026-08-02 12:41:35,664 INFO  [default] operational state received: 1

Press Enter for a list of commands
2026-08-02 12:42:34,884 INFO  [default] link ACK received: get_commodity
2026-08-02 12:42:35,038 INFO  [default] message type supported received: 2
2026-08-02 12:42:35,038 INFO  [default] commodity response received. response code: 0 - success; count: 4
2026-08-02 12:42:35,038 INFO  [default] commodity code: 0 - Electricity consumed (W & W-hr)
2026-08-02 12:42:35,039 INFO  [default]            source: Estimated
2026-08-02 12:42:35,039 INFO  [default]   cumulative: 121000
2026-08-02 12:42:35,039 INFO  [default]    inst rate: 500
2026-08-02 12:42:35,039 INFO  [default] commodity code 8 - Rated max consumption level electricity (W) is not recorded in the commodity CSV
2026-08-02 12:42:35,039 INFO  [default] commodity code: 6 - Total energy storage/take capacity (W-hr)
2026-08-02 12:42:35,039 INFO  [default]            source: Estimated
2026-08-02 12:42:35,039 INFO  [default]   cumulative: 9190
2026-08-02 12:42:35,040 INFO  [default]    inst rate: not used for this commodity code
2026-08-02 12:42:35,040 INFO  [default] commodity code: 7 - Present energy storage/take capacity (W-hr)
2026-08-02 12:42:35,040 INFO  [default]            source: Estimated
2026-08-02 12:42:35,040 INFO  [default]   cumulative: 1723
2026-08-02 12:42:35,040 INFO  [default]    inst rate: not used for this commodity code
2026-08-02 12:42:35,245 INFO  [default] link ACK received: query_operational_state
2026-08-02 12:42:35,369 INFO  [default] operational state received: 1

Press Enter for a list of commands
2026-08-02 12:43:35,589 INFO  [default] link ACK received: get_commodity
2026-08-02 12:43:35,745 INFO  [default] message type supported received: 2
2026-08-02 12:43:35,745 INFO  [default] commodity response received. response code: 0 - success; count: 4
2026-08-02 12:43:35,746 INFO  [default] commodity code: 0 - Electricity consumed (W & W-hr)
2026-08-02 12:43:35,746 INFO  [default]            source: Estimated
2026-08-02 12:43:35,746 INFO  [default]   cumulative: 121000
2026-08-02 12:43:35,746 INFO  [default]    inst rate: 500
2026-08-02 12:43:35,746 INFO  [default] commodity code 8 - Rated max consumption level electricity (W) is not recorded in the commodity CSV
2026-08-02 12:43:35,746 INFO  [default] commodity code: 6 - Total energy storage/take capacity (W-hr)
2026-08-02 12:43:35,747 INFO  [default]            source: Estimated
2026-08-02 12:43:35,747 INFO  [default]   cumulative: 9190
2026-08-02 12:43:35,747 INFO  [default]    inst rate: not used for this commodity code
2026-08-02 12:43:35,747 INFO  [default] commodity code: 7 - Present energy storage/take capacity (W-hr)
2026-08-02 12:43:35,747 INFO  [default]            source: Estimated
2026-08-02 12:43:35,747 INFO  [default]   cumulative: 1679
2026-08-02 12:43:35,747 INFO  [default]    inst rate: not used for this commodity code
2026-08-02 12:43:35,950 INFO  [default] link ACK received: query_operational_state
2026-08-02 12:43:36,074 INFO  [default] operational state received: 1

Press Enter for a list of commands
2026-08-02 12:44:35,289 INFO  [default] link ACK received: get_commodity
2026-08-02 12:44:35,443 INFO  [default] message type supported received: 2
2026-08-02 12:44:35,443 INFO  [default] commodity response received. response code: 0 - success; count: 4
2026-08-02 12:44:35,444 INFO  [default] commodity code: 0 - Electricity consumed (W & W-hr)
2026-08-02 12:44:35,444 INFO  [default]            source: Estimated
2026-08-02 12:44:35,444 INFO  [default]   cumulative: 121000
2026-08-02 12:44:35,444 INFO  [default]    inst rate: 500
2026-08-02 12:44:35,444 INFO  [default] commodity code 8 - Rated max consumption level electricity (W) is not recorded in the commodity CSV
2026-08-02 12:44:35,444 INFO  [default] commodity code: 6 - Total energy storage/take capacity (W-hr)
2026-08-02 12:44:35,444 INFO  [default]            source: Estimated
2026-08-02 12:44:35,445 INFO  [default]   cumulative: 9190
2026-08-02 12:44:35,445 INFO  [default]    inst rate: not used for this commodity code
2026-08-02 12:44:35,445 INFO  [default] commodity code: 7 - Present energy storage/take capacity (W-hr)
2026-08-02 12:44:35,445 INFO  [default]            source: Estimated
2026-08-02 12:44:35,445 INFO  [default]   cumulative: 1634
2026-08-02 12:44:35,445 INFO  [default]    inst rate: not used for this commodity code
2026-08-02 12:44:35,649 INFO  [default] link ACK received: query_operational_state
2026-08-02 12:44:35,773 INFO  [default] operational state received: 1

Press Enter for a list of commands
2026-08-02 12:45:34,989 INFO  [default] link ACK received: get_commodity
2026-08-02 12:45:35,143 INFO  [default] message type supported received: 2
2026-08-02 12:45:35,143 INFO  [default] commodity response received. response code: 0 - success; count: 4
2026-08-02 12:45:35,143 INFO  [default] commodity code: 0 - Electricity consumed (W & W-hr)
2026-08-02 12:45:35,144 INFO  [default]            source: Estimated
2026-08-02 12:45:35,144 INFO  [default]   cumulative: 121000
2026-08-02 12:45:35,144 INFO  [default]    inst rate: 500
2026-08-02 12:45:35,144 INFO  [default] commodity code 8 - Rated max consumption level electricity (W) is not recorded in the commodity CSV
2026-08-02 12:45:35,144 INFO  [default] commodity code: 6 - Total energy storage/take capacity (W-hr)
2026-08-02 12:45:35,144 INFO  [default]            source: Estimated
2026-08-02 12:45:35,144 INFO  [default]   cumulative: 9190
2026-08-02 12:45:35,145 INFO  [default]    inst rate: not used for this commodity code
2026-08-02 12:45:35,145 INFO  [default] commodity code: 7 - Present energy storage/take capacity (W-hr)
2026-08-02 12:45:35,145 INFO  [default]            source: Estimated
2026-08-02 12:45:35,145 INFO  [default]   cumulative: 1612
2026-08-02 12:45:35,145 INFO  [default]    inst rate: not used for this commodity code
2026-08-02 12:45:35,349 INFO  [default] link ACK received: query_operational_state
2026-08-02 12:45:35,473 INFO  [default] operational state received: 1

Press Enter for a list of commands
2026-08-02 12:46:35,693 INFO  [default] link ACK received: get_commodity
2026-08-02 12:46:35,846 INFO  [default] message type supported received: 2
2026-08-02 12:46:35,846 INFO  [default] commodity response received. response code: 0 - success; count: 4
2026-08-02 12:46:35,847 INFO  [default] commodity code: 0 - Electricity consumed (W & W-hr)
2026-08-02 12:46:35,847 INFO  [default]            source: Estimated
2026-08-02 12:46:35,847 INFO  [default]   cumulative: 121000
2026-08-02 12:46:35,847 INFO  [default]    inst rate: 500
2026-08-02 12:46:35,847 INFO  [default] commodity code 8 - Rated max consumption level electricity (W) is not recorded in the commodity CSV
2026-08-02 12:46:35,847 INFO  [default] commodity code: 6 - Total energy storage/take capacity (W-hr)
2026-08-02 12:46:35,847 INFO  [default]            source: Estimated
2026-08-02 12:46:35,848 INFO  [default]   cumulative: 9190
2026-08-02 12:46:35,848 INFO  [default]    inst rate: not used for this commodity code
2026-08-02 12:46:35,848 INFO  [default] commodity code: 7 - Present energy storage/take capacity (W-hr)
2026-08-02 12:46:35,848 INFO  [default]            source: Estimated
2026-08-02 12:46:35,848 INFO  [default]   cumulative: 1612
2026-08-02 12:46:35,848 INFO  [default]    inst rate: not used for this commodity code
2026-08-02 12:46:36,051 INFO  [default] link ACK received: query_operational_state
2026-08-02 12:46:36,175 INFO  [default] operational state received: 1

Press Enter for a list of commands
2026-08-02 12:47:35,394 INFO  [default] link ACK received: get_commodity
2026-08-02 12:47:35,549 INFO  [default] message type supported received: 2
2026-08-02 12:47:35,549 INFO  [default] commodity response received. response code: 0 - success; count: 4
2026-08-02 12:47:35,550 INFO  [default] commodity code: 0 - Electricity consumed (W & W-hr)
2026-08-02 12:47:35,550 INFO  [default]            source: Estimated
2026-08-02 12:47:35,550 INFO  [default]   cumulative: 121000
2026-08-02 12:47:35,550 INFO  [default]    inst rate: 500
2026-08-02 12:47:35,550 INFO  [default] commodity code 8 - Rated max consumption level electricity (W) is not recorded in the commodity CSV
2026-08-02 12:47:35,550 INFO  [default] commodity code: 6 - Total energy storage/take capacity (W-hr)
2026-08-02 12:47:35,551 INFO  [default]            source: Estimated
2026-08-02 12:47:35,551 INFO  [default]   cumulative: 9190
2026-08-02 12:47:35,551 INFO  [default]    inst rate: not used for this commodity code
2026-08-02 12:47:35,551 INFO  [default] commodity code: 7 - Present energy storage/take capacity (W-hr)
2026-08-02 12:47:35,551 INFO  [default]            source: Estimated
2026-08-02 12:47:35,551 INFO  [default]   cumulative: 1634
2026-08-02 12:47:35,551 INFO  [default]    inst rate: not used for this commodity code
2026-08-02 12:47:35,753 INFO  [default] link ACK received: query_operational_state
2026-08-02 12:47:35,878 INFO  [default] operational state received: 1

Press Enter for a list of commands
2026-08-02 12:48:35,094 INFO  [default] link ACK received: get_commodity
2026-08-02 12:48:35,247 INFO  [default] message type supported received: 2
2026-08-02 12:48:35,247 INFO  [default] commodity response received. response code: 0 - success; count: 4
2026-08-02 12:48:35,248 INFO  [default] commodity code: 0 - Electricity consumed (W & W-hr)
2026-08-02 12:48:35,248 INFO  [default]            source: Estimated
2026-08-02 12:48:35,248 INFO  [default]   cumulative: 121000
2026-08-02 12:48:35,248 INFO  [default]    inst rate: 500
2026-08-02 12:48:35,248 INFO  [default] commodity code 8 - Rated max consumption level electricity (W) is not recorded in the commodity CSV
2026-08-02 12:48:35,248 INFO  [default] commodity code: 6 - Total energy storage/take capacity (W-hr)
2026-08-02 12:48:35,249 INFO  [default]            source: Estimated
2026-08-02 12:48:35,249 INFO  [default]   cumulative: 9190
2026-08-02 12:48:35,249 INFO  [default]    inst rate: not used for this commodity code
2026-08-02 12:48:35,249 INFO  [default] commodity code: 7 - Present energy storage/take capacity (W-hr)
2026-08-02 12:48:35,249 INFO  [default]            source: Estimated
2026-08-02 12:48:35,249 INFO  [default]   cumulative: 1612
2026-08-02 12:48:35,249 INFO  [default]    inst rate: not used for this commodity code
2026-08-02 12:48:35,452 INFO  [default] link ACK received: query_operational_state
2026-08-02 12:48:35,576 INFO  [default] operational state received: 1

Press Enter for a list of commands
2026-08-02 12:49:34,791 INFO  [default] link ACK received: get_commodity
2026-08-02 12:49:34,945 INFO  [default] message type supported received: 2
2026-08-02 12:49:34,946 INFO  [default] commodity response received. response code: 0 - success; count: 4
2026-08-02 12:49:34,946 INFO  [default] commodity code: 0 - Electricity consumed (W & W-hr)
2026-08-02 12:49:34,946 INFO  [default]            source: Estimated
2026-08-02 12:49:34,946 INFO  [default]   cumulative: 121000
2026-08-02 12:49:34,946 INFO  [default]    inst rate: 500
2026-08-02 12:49:34,947 INFO  [default] commodity code 8 - Rated max consumption level electricity (W) is not recorded in the commodity CSV
2026-08-02 12:49:34,947 INFO  [default] commodity code: 6 - Total energy storage/take capacity (W-hr)
2026-08-02 12:49:34,947 INFO  [default]            source: Estimated
2026-08-02 12:49:34,947 INFO  [default]   cumulative: 9190
2026-08-02 12:49:34,947 INFO  [default]    inst rate: not used for this commodity code
2026-08-02 12:49:34,947 INFO  [default] commodity code: 7 - Present energy storage/take capacity (W-hr)
2026-08-02 12:49:34,947 INFO  [default]            source: Estimated
2026-08-02 12:49:34,947 INFO  [default]   cumulative: 1612
2026-08-02 12:49:34,947 INFO  [default]    inst rate: not used for this commodity code
2026-08-02 12:49:35,151 INFO  [default] link ACK received: query_operational_state
2026-08-02 12:49:35,274 INFO  [default] operational state received: 1

Press Enter for a list of commands
2026-08-02 12:50:35,491 INFO  [default] link ACK received: get_commodity
2026-08-02 12:50:35,644 INFO  [default] message type supported received: 2
2026-08-02 12:50:35,645 INFO  [default] commodity response received. response code: 0 - success; count: 4
2026-08-02 12:50:35,645 INFO  [default] commodity code: 0 - Electricity consumed (W & W-hr)
2026-08-02 12:50:35,645 INFO  [default]            source: Estimated
2026-08-02 12:50:35,645 INFO  [default]   cumulative: 121000
2026-08-02 12:50:35,646 INFO  [default]    inst rate: 500
2026-08-02 12:50:35,646 INFO  [default] commodity code 8 - Rated max consumption level electricity (W) is not recorded in the commodity CSV
2026-08-02 12:50:35,646 INFO  [default] commodity code: 6 - Total energy storage/take capacity (W-hr)
2026-08-02 12:50:35,646 INFO  [default]            source: Estimated
2026-08-02 12:50:35,646 INFO  [default]   cumulative: 9190
2026-08-02 12:50:35,646 INFO  [default]    inst rate: not used for this commodity code
2026-08-02 12:50:35,646 INFO  [default] commodity code: 7 - Present energy storage/take capacity (W-hr)
2026-08-02 12:50:35,646 INFO  [default]            source: Estimated
2026-08-02 12:50:35,647 INFO  [default]   cumulative: 1612
2026-08-02 12:50:35,647 INFO  [default]    inst rate: not used for this commodity code
2026-08-02 12:50:35,852 INFO  [default] link ACK received: query_operational_state
2026-08-02 12:50:35,975 INFO  [default] operational state received: 1

Press Enter for a list of commands
2026-08-02 12:51:35,194 INFO  [default] link ACK received: get_commodity
2026-08-02 12:51:35,347 INFO  [default] message type supported received: 2
2026-08-02 12:51:35,347 INFO  [default] commodity response received. response code: 0 - success; count: 4
2026-08-02 12:51:35,348 INFO  [default] commodity code: 0 - Electricity consumed (W & W-hr)
2026-08-02 12:51:35,348 INFO  [default]            source: Estimated
2026-08-02 12:51:35,348 INFO  [default]   cumulative: 121000
2026-08-02 12:51:35,348 INFO  [default]    inst rate: 500
2026-08-02 12:51:35,348 INFO  [default] commodity code 8 - Rated max consumption level electricity (W) is not recorded in the commodity CSV
2026-08-02 12:51:35,349 INFO  [default] commodity code: 6 - Total energy storage/take capacity (W-hr)
2026-08-02 12:51:35,349 INFO  [default]            source: Estimated
2026-08-02 12:51:35,349 INFO  [default]   cumulative: 9190
2026-08-02 12:51:35,349 INFO  [default]    inst rate: not used for this commodity code
2026-08-02 12:51:35,349 INFO  [default] commodity code: 7 - Present energy storage/take capacity (W-hr)
2026-08-02 12:51:35,349 INFO  [default]            source: Estimated
2026-08-02 12:51:35,349 INFO  [default]   cumulative: 1590
2026-08-02 12:51:35,349 INFO  [default]    inst rate: not used for this commodity code
2026-08-02 12:51:35,551 INFO  [default] link ACK received: query_operational_state
2026-08-02 12:51:35,676 INFO  [default] operational state received: 1

Press Enter for a list of commands
2026-08-02 12:52:34,891 INFO  [default] link ACK received: get_commodity
2026-08-02 12:52:35,046 INFO  [default] message type supported received: 2
2026-08-02 12:52:35,046 INFO  [default] commodity response received. response code: 0 - success; count: 4
2026-08-02 12:52:35,046 INFO  [default] commodity code: 0 - Electricity consumed (W & W-hr)
2026-08-02 12:52:35,046 INFO  [default]            source: Estimated
2026-08-02 12:52:35,047 INFO  [default]   cumulative: 121000
2026-08-02 12:52:35,047 INFO  [default]    inst rate: 500
2026-08-02 12:52:35,047 INFO  [default] commodity code 8 - Rated max consumption level electricity (W) is not recorded in the commodity CSV
2026-08-02 12:52:35,047 INFO  [default] commodity code: 6 - Total energy storage/take capacity (W-hr)
2026-08-02 12:52:35,047 INFO  [default]            source: Estimated
2026-08-02 12:52:35,047 INFO  [default]   cumulative: 9190
2026-08-02 12:52:35,047 INFO  [default]    inst rate: not used for this commodity code
2026-08-02 12:52:35,047 INFO  [default] commodity code: 7 - Present energy storage/take capacity (W-hr)
2026-08-02 12:52:35,048 INFO  [default]            source: Estimated
2026-08-02 12:52:35,048 INFO  [default]   cumulative: 1568
2026-08-02 12:52:35,048 INFO  [default]    inst rate: not used for this commodity code
2026-08-02 12:52:35,251 INFO  [default] link ACK received: query_operational_state
2026-08-02 12:52:35,374 INFO  [default] operational state received: 1

Press Enter for a list of commands
2026-08-02 12:53:35,594 INFO  [default] link ACK received: get_commodity
2026-08-02 12:53:35,749 INFO  [default] message type supported received: 2
2026-08-02 12:53:35,749 INFO  [default] commodity response received. response code: 0 - success; count: 4
2026-08-02 12:53:35,750 INFO  [default] commodity code: 0 - Electricity consumed (W & W-hr)
2026-08-02 12:53:35,750 INFO  [default]            source: Estimated
2026-08-02 12:53:35,750 INFO  [default]   cumulative: 121000
2026-08-02 12:53:35,750 INFO  [default]    inst rate: 500
2026-08-02 12:53:35,750 INFO  [default] commodity code 8 - Rated max consumption level electricity (W) is not recorded in the commodity CSV
2026-08-02 12:53:35,751 INFO  [default] commodity code: 6 - Total energy storage/take capacity (W-hr)
2026-08-02 12:53:35,751 INFO  [default]            source: Estimated
2026-08-02 12:53:35,751 INFO  [default]   cumulative: 9190
2026-08-02 12:53:35,751 INFO  [default]    inst rate: not used for this commodity code
2026-08-02 12:53:35,751 INFO  [default] commodity code: 7 - Present energy storage/take capacity (W-hr)
2026-08-02 12:53:35,751 INFO  [default]            source: Estimated
2026-08-02 12:53:35,751 INFO  [default]   cumulative: 1524
2026-08-02 12:53:35,752 INFO  [default]    inst rate: not used for this commodity code
2026-08-02 12:53:35,955 INFO  [default] link ACK received: query_operational_state
2026-08-02 12:53:36,078 INFO  [default] operational state received: 1

Press Enter for a list of commands
2026-08-02 12:54:35,294 INFO  [default] link ACK received: get_commodity
2026-08-02 12:54:35,448 INFO  [default] message type supported received: 2
2026-08-02 12:54:35,448 INFO  [default] commodity response received. response code: 0 - success; count: 4
2026-08-02 12:54:35,448 INFO  [default] commodity code: 0 - Electricity consumed (W & W-hr)
2026-08-02 12:54:35,449 INFO  [default]            source: Estimated
2026-08-02 12:54:35,449 INFO  [default]   cumulative: 121000
2026-08-02 12:54:35,449 INFO  [default]    inst rate: 500
2026-08-02 12:54:35,449 INFO  [default] commodity code 8 - Rated max consumption level electricity (W) is not recorded in the commodity CSV
2026-08-02 12:54:35,449 INFO  [default] commodity code: 6 - Total energy storage/take capacity (W-hr)
2026-08-02 12:54:35,449 INFO  [default]            source: Estimated
2026-08-02 12:54:35,449 INFO  [default]   cumulative: 9190
2026-08-02 12:54:35,450 INFO  [default]    inst rate: not used for this commodity code
2026-08-02 12:54:35,450 INFO  [default] commodity code: 7 - Present energy storage/take capacity (W-hr)
2026-08-02 12:54:35,450 INFO  [default]            source: Estimated
2026-08-02 12:54:35,450 INFO  [default]   cumulative: 1524
2026-08-02 12:54:35,450 INFO  [default]    inst rate: not used for this commodity code
2026-08-02 12:54:35,653 INFO  [default] link ACK received: query_operational_state
2026-08-02 12:54:35,777 INFO  [default] operational state received: 1

Press Enter for a list of commands
2026-08-02 12:55:34,997 INFO  [default] link ACK received: get_commodity
2026-08-02 12:55:35,151 INFO  [default] message type supported received: 2
2026-08-02 12:55:35,151 INFO  [default] commodity response received. response code: 0 - success; count: 4
2026-08-02 12:55:35,152 INFO  [default] commodity code: 0 - Electricity consumed (W & W-hr)
2026-08-02 12:55:35,152 INFO  [default]            source: Estimated
2026-08-02 12:55:35,152 INFO  [default]   cumulative: 121000
2026-08-02 12:55:35,152 INFO  [default]    inst rate: 500
2026-08-02 12:55:35,152 INFO  [default] commodity code 8 - Rated max consumption level electricity (W) is not recorded in the commodity CSV
2026-08-02 12:55:35,152 INFO  [default] commodity code: 6 - Total energy storage/take capacity (W-hr)
2026-08-02 12:55:35,153 INFO  [default]            source: Estimated
2026-08-02 12:55:35,153 INFO  [default]   cumulative: 9190
2026-08-02 12:55:35,153 INFO  [default]    inst rate: not used for this commodity code
2026-08-02 12:55:35,153 INFO  [default] commodity code: 7 - Present energy storage/take capacity (W-hr)
2026-08-02 12:55:35,153 INFO  [default]            source: Estimated
2026-08-02 12:55:35,153 INFO  [default]   cumulative: 1458
2026-08-02 12:55:35,153 INFO  [default]    inst rate: not used for this commodity code
2026-08-02 12:55:35,356 INFO  [default] link ACK received: query_operational_state
2026-08-02 12:55:35,479 INFO  [default] operational state received: 1

Press Enter for a list of commands
2026-08-02 12:56:35,702 INFO  [default] link ACK received: get_commodity
2026-08-02 12:56:35,856 INFO  [default] message type supported received: 2
2026-08-02 12:56:35,856 INFO  [default] commodity response received. response code: 0 - success; count: 4
2026-08-02 12:56:35,857 INFO  [default] commodity code: 0 - Electricity consumed (W & W-hr)
2026-08-02 12:56:35,857 INFO  [default]            source: Estimated
2026-08-02 12:56:35,857 INFO  [default]   cumulative: 121000
2026-08-02 12:56:35,857 INFO  [default]    inst rate: 500
2026-08-02 12:56:35,857 INFO  [default] commodity code 8 - Rated max consumption level electricity (W) is not recorded in the commodity CSV
2026-08-02 12:56:35,857 INFO  [default] commodity code: 6 - Total energy storage/take capacity (W-hr)
2026-08-02 12:56:35,858 INFO  [default]            source: Estimated
2026-08-02 12:56:35,858 INFO  [default]   cumulative: 9190
2026-08-02 12:56:35,858 INFO  [default]    inst rate: not used for this commodity code
2026-08-02 12:56:35,858 INFO  [default] commodity code: 7 - Present energy storage/take capacity (W-hr)
2026-08-02 12:56:35,858 INFO  [default]            source: Estimated
2026-08-02 12:56:35,858 INFO  [default]   cumulative: 1413
2026-08-02 12:56:35,858 INFO  [default]    inst rate: not used for this commodity code
2026-08-02 12:56:36,060 INFO  [default] link ACK received: query_operational_state
2026-08-02 12:56:36,184 INFO  [default] operational state received: 1

Press Enter for a list of commands
2026-08-02 12:57:35,401 INFO  [default] link ACK received: get_commodity
2026-08-02 12:57:35,556 INFO  [default] message type supported received: 2
2026-08-02 12:57:35,556 INFO  [default] commodity response received. response code: 0 - success; count: 4
2026-08-02 12:57:35,556 INFO  [default] commodity code: 0 - Electricity consumed (W & W-hr)
2026-08-02 12:57:35,556 INFO  [default]            source: Estimated
2026-08-02 12:57:35,557 INFO  [default]   cumulative: 121000
2026-08-02 12:57:35,557 INFO  [default]    inst rate: 500
2026-08-02 12:57:35,557 INFO  [default] commodity code 8 - Rated max consumption level electricity (W) is not recorded in the commodity CSV
2026-08-02 12:57:35,557 INFO  [default] commodity code: 6 - Total energy storage/take capacity (W-hr)
2026-08-02 12:57:35,557 INFO  [default]            source: Estimated
2026-08-02 12:57:35,557 INFO  [default]   cumulative: 9190
2026-08-02 12:57:35,557 INFO  [default]    inst rate: not used for this commodity code
2026-08-02 12:57:35,558 INFO  [default] commodity code: 7 - Present energy storage/take capacity (W-hr)
2026-08-02 12:57:35,558 INFO  [default]            source: Estimated
2026-08-02 12:57:35,558 INFO  [default]   cumulative: 1391
2026-08-02 12:57:35,558 INFO  [default]    inst rate: not used for this commodity code
2026-08-02 12:57:35,761 INFO  [default] link ACK received: query_operational_state
2026-08-02 12:57:35,884 INFO  [default] operational state received: 1

Press Enter for a list of commands
2026-08-02 12:58:35,099 INFO  [default] link ACK received: get_commodity
2026-08-02 12:58:35,253 INFO  [default] message type supported received: 2
2026-08-02 12:58:35,253 INFO  [default] commodity response received. response code: 0 - success; count: 4
2026-08-02 12:58:35,254 INFO  [default] commodity code: 0 - Electricity consumed (W & W-hr)
2026-08-02 12:58:35,254 INFO  [default]            source: Estimated
2026-08-02 12:58:35,254 INFO  [default]   cumulative: 121000
2026-08-02 12:58:35,254 INFO  [default]    inst rate: 500
2026-08-02 12:58:35,254 INFO  [default] commodity code 8 - Rated max consumption level electricity (W) is not recorded in the commodity CSV
2026-08-02 12:58:35,254 INFO  [default] commodity code: 6 - Total energy storage/take capacity (W-hr)
2026-08-02 12:58:35,255 INFO  [default]            source: Estimated
2026-08-02 12:58:35,255 INFO  [default]   cumulative: 9190
2026-08-02 12:58:35,255 INFO  [default]    inst rate: not used for this commodity code
2026-08-02 12:58:35,255 INFO  [default] commodity code: 7 - Present energy storage/take capacity (W-hr)
2026-08-02 12:58:35,255 INFO  [default]            source: Estimated
2026-08-02 12:58:35,255 INFO  [default]   cumulative: 1347
2026-08-02 12:58:35,255 INFO  [default]    inst rate: not used for this commodity code
2026-08-02 12:58:35,457 INFO  [default] link ACK received: query_operational_state
2026-08-02 12:58:35,581 INFO  [default] operational state received: 1

Press Enter for a list of commands
2026-08-02 12:59:34,799 INFO  [default] link ACK received: get_commodity
2026-08-02 12:59:34,953 INFO  [default] message type supported received: 2
2026-08-02 12:59:34,953 INFO  [default] commodity response received. response code: 0 - success; count: 4
2026-08-02 12:59:34,954 INFO  [default] commodity code: 0 - Electricity consumed (W & W-hr)
2026-08-02 12:59:34,954 INFO  [default]            source: Estimated
2026-08-02 12:59:34,954 INFO  [default]   cumulative: 121000
2026-08-02 12:59:34,954 INFO  [default]    inst rate: 500
2026-08-02 12:59:34,954 INFO  [default] commodity code 8 - Rated max consumption level electricity (W) is not recorded in the commodity CSV
2026-08-02 12:59:34,954 INFO  [default] commodity code: 6 - Total energy storage/take capacity (W-hr)
2026-08-02 12:59:34,954 INFO  [default]            source: Estimated
2026-08-02 12:59:34,954 INFO  [default]   cumulative: 9190
2026-08-02 12:59:34,955 INFO  [default]    inst rate: not used for this commodity code
2026-08-02 12:59:34,955 INFO  [default] commodity code: 7 - Present energy storage/take capacity (W-hr)
2026-08-02 12:59:34,955 INFO  [default]            source: Estimated
2026-08-02 12:59:34,955 INFO  [default]   cumulative: 1303
2026-08-02 12:59:34,955 INFO  [default]    inst rate: not used for this commodity code
2026-08-02 12:59:35,157 INFO  [default] link ACK received: query_operational_state
2026-08-02 12:59:35,282 INFO  [default] operational state received: 1

Press Enter for a list of commands
2026-08-02 13:00:35,503 INFO  [default] link ACK received: get_commodity
2026-08-02 13:00:35,657 INFO  [default] message type supported received: 2
2026-08-02 13:00:35,657 INFO  [default] commodity response received. response code: 0 - success; count: 4
2026-08-02 13:00:35,657 INFO  [default] commodity code: 0 - Electricity consumed (W & W-hr)
2026-08-02 13:00:35,658 INFO  [default]            source: Estimated
2026-08-02 13:00:35,658 INFO  [default]   cumulative: 121000
2026-08-02 13:00:35,658 INFO  [default]    inst rate: 500
2026-08-02 13:00:35,658 INFO  [default] commodity code 8 - Rated max consumption level electricity (W) is not recorded in the commodity CSV
2026-08-02 13:00:35,658 INFO  [default] commodity code: 6 - Total energy storage/take capacity (W-hr)
2026-08-02 13:00:35,658 INFO  [default]            source: Estimated
2026-08-02 13:00:35,658 INFO  [default]   cumulative: 9190
2026-08-02 13:00:35,658 INFO  [default]    inst rate: not used for this commodity code
2026-08-02 13:00:35,659 INFO  [default] commodity code: 7 - Present energy storage/take capacity (W-hr)
2026-08-02 13:00:35,659 INFO  [default]            source: Estimated
2026-08-02 13:00:35,659 INFO  [default]   cumulative: 1259
2026-08-02 13:00:35,659 INFO  [default]    inst rate: not used for this commodity code
2026-08-02 13:00:35,861 INFO  [default] link ACK received: query_operational_state
2026-08-02 13:00:35,986 INFO  [default] operational state received: 1

Press Enter for a list of commands
2026-08-02 13:01:35,200 INFO  [default] link ACK received: get_commodity
2026-08-02 13:01:35,353 INFO  [default] message type supported received: 2
2026-08-02 13:01:35,354 INFO  [default] commodity response received. response code: 0 - success; count: 4
2026-08-02 13:01:35,354 INFO  [default] commodity code: 0 - Electricity consumed (W & W-hr)
2026-08-02 13:01:35,354 INFO  [default]            source: Estimated
2026-08-02 13:01:35,354 INFO  [default]   cumulative: 121000
2026-08-02 13:01:35,355 INFO  [default]    inst rate: 500
2026-08-02 13:01:35,355 INFO  [default] commodity code 8 - Rated max consumption level electricity (W) is not recorded in the commodity CSV
2026-08-02 13:01:35,355 INFO  [default] commodity code: 6 - Total energy storage/take capacity (W-hr)
2026-08-02 13:01:35,355 INFO  [default]            source: Estimated
2026-08-02 13:01:35,355 INFO  [default]   cumulative: 9190
2026-08-02 13:01:35,355 INFO  [default]    inst rate: not used for this commodity code
2026-08-02 13:01:35,355 INFO  [default] commodity code: 7 - Present energy storage/take capacity (W-hr)
2026-08-02 13:01:35,356 INFO  [default]            source: Estimated
2026-08-02 13:01:35,356 INFO  [default]   cumulative: 1237
2026-08-02 13:01:35,356 INFO  [default]    inst rate: not used for this commodity code
2026-08-02 13:01:35,558 INFO  [default] link ACK received: query_operational_state
2026-08-02 13:01:35,681 INFO  [default] operational state received: 1

Press Enter for a list of commands
2026-08-02 13:02:34,897 INFO  [default] link ACK received: get_commodity
2026-08-02 13:02:35,050 INFO  [default] message type supported received: 2
2026-08-02 13:02:35,050 INFO  [default] commodity response received. response code: 0 - success; count: 4
2026-08-02 13:02:35,051 INFO  [default] commodity code: 0 - Electricity consumed (W & W-hr)
2026-08-02 13:02:35,051 INFO  [default]            source: Estimated
2026-08-02 13:02:35,051 INFO  [default]   cumulative: 121000
2026-08-02 13:02:35,051 INFO  [default]    inst rate: 500
2026-08-02 13:02:35,051 INFO  [default] commodity code 8 - Rated max consumption level electricity (W) is not recorded in the commodity CSV
2026-08-02 13:02:35,051 INFO  [default] commodity code: 6 - Total energy storage/take capacity (W-hr)
2026-08-02 13:02:35,052 INFO  [default]            source: Estimated
2026-08-02 13:02:35,052 INFO  [default]   cumulative: 9190
2026-08-02 13:02:35,052 INFO  [default]    inst rate: not used for this commodity code
2026-08-02 13:02:35,052 INFO  [default] commodity code: 7 - Present energy storage/take capacity (W-hr)
2026-08-02 13:02:35,052 INFO  [default]            source: Estimated
2026-08-02 13:02:35,052 INFO  [default]   cumulative: 1193
2026-08-02 13:02:35,052 INFO  [default]    inst rate: not used for this commodity code
2026-08-02 13:02:35,254 INFO  [default] link ACK received: query_operational_state
2026-08-02 13:02:35,378 INFO  [default] operational state received: 1

Press Enter for a list of commands
2026-08-02 13:03:35,597 INFO  [default] link ACK received: get_commodity
2026-08-02 13:03:35,751 INFO  [default] message type supported received: 2
2026-08-02 13:03:35,751 INFO  [default] commodity response received. response code: 0 - success; count: 4
2026-08-02 13:03:35,752 INFO  [default] commodity code: 0 - Electricity consumed (W & W-hr)
2026-08-02 13:03:35,752 INFO  [default]            source: Estimated
2026-08-02 13:03:35,752 INFO  [default]   cumulative: 121000
2026-08-02 13:03:35,752 INFO  [default]    inst rate: 500
2026-08-02 13:03:35,752 INFO  [default] commodity code 8 - Rated max consumption level electricity (W) is not recorded in the commodity CSV
2026-08-02 13:03:35,753 INFO  [default] commodity code: 6 - Total energy storage/take capacity (W-hr)
2026-08-02 13:03:35,753 INFO  [default]            source: Estimated
2026-08-02 13:03:35,753 INFO  [default]   cumulative: 9190
2026-08-02 13:03:35,753 INFO  [default]    inst rate: not used for this commodity code
2026-08-02 13:03:35,753 INFO  [default] commodity code: 7 - Present energy storage/take capacity (W-hr)
2026-08-02 13:03:35,753 INFO  [default]            source: Estimated
2026-08-02 13:03:35,753 INFO  [default]   cumulative: 1148
2026-08-02 13:03:35,754 INFO  [default]    inst rate: not used for this commodity code
2026-08-02 13:03:35,956 INFO  [default] link ACK received: query_operational_state
2026-08-02 13:03:36,080 INFO  [default] operational state received: 1

Press Enter for a list of commands
2026-08-02 13:04:35,294 INFO  [default] link ACK received: get_commodity
2026-08-02 13:04:35,448 INFO  [default] message type supported received: 2
2026-08-02 13:04:35,448 INFO  [default] commodity response received. response code: 0 - success; count: 4
2026-08-02 13:04:35,449 INFO  [default] commodity code: 0 - Electricity consumed (W & W-hr)
2026-08-02 13:04:35,449 INFO  [default]            source: Estimated
2026-08-02 13:04:35,449 INFO  [default]   cumulative: 121000
2026-08-02 13:04:35,449 INFO  [default]    inst rate: 500
2026-08-02 13:04:35,450 INFO  [default] commodity code 8 - Rated max consumption level electricity (W) is not recorded in the commodity CSV
2026-08-02 13:04:35,450 INFO  [default] commodity code: 6 - Total energy storage/take capacity (W-hr)
2026-08-02 13:04:35,450 INFO  [default]            source: Estimated
2026-08-02 13:04:35,450 INFO  [default]   cumulative: 9190
2026-08-02 13:04:35,450 INFO  [default]    inst rate: not used for this commodity code
2026-08-02 13:04:35,450 INFO  [default] commodity code: 7 - Present energy storage/take capacity (W-hr)
2026-08-02 13:04:35,450 INFO  [default]            source: Estimated
2026-08-02 13:04:35,450 INFO  [default]   cumulative: 1104
2026-08-02 13:04:35,451 INFO  [default]    inst rate: not used for this commodity code
2026-08-02 13:04:35,654 INFO  [default] link ACK received: query_operational_state
2026-08-02 13:04:35,777 INFO  [default] operational state received: 1

Press Enter for a list of commands
2026-08-02 13:05:34,994 INFO  [default] link ACK received: get_commodity
2026-08-02 13:05:35,148 INFO  [default] message type supported received: 2
2026-08-02 13:05:35,148 INFO  [default] commodity response received. response code: 0 - success; count: 4
2026-08-02 13:05:35,149 INFO  [default] commodity code: 0 - Electricity consumed (W & W-hr)
2026-08-02 13:05:35,149 INFO  [default]            source: Estimated
2026-08-02 13:05:35,149 INFO  [default]   cumulative: 121000
2026-08-02 13:05:35,149 INFO  [default]    inst rate: 500
2026-08-02 13:05:35,149 INFO  [default] commodity code 8 - Rated max consumption level electricity (W) is not recorded in the commodity CSV
2026-08-02 13:05:35,149 INFO  [default] commodity code: 6 - Total energy storage/take capacity (W-hr)
2026-08-02 13:05:35,149 INFO  [default]            source: Estimated
2026-08-02 13:05:35,150 INFO  [default]   cumulative: 9190
2026-08-02 13:05:35,150 INFO  [default]    inst rate: not used for this commodity code
2026-08-02 13:05:35,150 INFO  [default] commodity code: 7 - Present energy storage/take capacity (W-hr)
2026-08-02 13:05:35,150 INFO  [default]            source: Estimated
2026-08-02 13:05:35,150 INFO  [default]   cumulative: 1060
2026-08-02 13:05:35,150 INFO  [default]    inst rate: not used for this commodity code
2026-08-02 13:05:35,352 INFO  [default] link ACK received: query_operational_state
2026-08-02 13:05:35,476 INFO  [default] operational state received: 1

Press Enter for a list of commands
2026-08-02 13:06:35,691 INFO  [default] link ACK received: get_commodity
2026-08-02 13:06:35,845 INFO  [default] message type supported received: 2
2026-08-02 13:06:35,845 INFO  [default] commodity response received. response code: 0 - success; count: 4
2026-08-02 13:06:35,846 INFO  [default] commodity code: 0 - Electricity consumed (W & W-hr)
2026-08-02 13:06:35,846 INFO  [default]            source: Estimated
2026-08-02 13:06:35,846 INFO  [default]   cumulative: 121000
2026-08-02 13:06:35,846 INFO  [default]    inst rate: 500
2026-08-02 13:06:35,846 INFO  [default] commodity code 8 - Rated max consumption level electricity (W) is not recorded in the commodity CSV
2026-08-02 13:06:35,846 INFO  [default] commodity code: 6 - Total energy storage/take capacity (W-hr)
2026-08-02 13:06:35,847 INFO  [default]            source: Estimated
2026-08-02 13:06:35,847 INFO  [default]   cumulative: 9190
2026-08-02 13:06:35,847 INFO  [default]    inst rate: not used for this commodity code
2026-08-02 13:06:35,847 INFO  [default] commodity code: 7 - Present energy storage/take capacity (W-hr)
2026-08-02 13:06:35,847 INFO  [default]            source: Estimated
2026-08-02 13:06:35,847 INFO  [default]   cumulative: 1016
2026-08-02 13:06:35,847 INFO  [default]    inst rate: not used for this commodity code
2026-08-02 13:06:36,049 INFO  [default] link ACK received: query_operational_state
2026-08-02 13:06:36,173 INFO  [default] operational state received: 1

Press Enter for a list of commands
2026-08-02 13:07:35,386 INFO  [default] link ACK received: get_commodity
2026-08-02 13:07:35,540 INFO  [default] message type supported received: 2
2026-08-02 13:07:35,540 INFO  [default] commodity response received. response code: 0 - success; count: 4
2026-08-02 13:07:35,541 INFO  [default] commodity code: 0 - Electricity consumed (W & W-hr)
2026-08-02 13:07:35,541 INFO  [default]            source: Estimated
2026-08-02 13:07:35,541 INFO  [default]   cumulative: 121000
2026-08-02 13:07:35,541 INFO  [default]    inst rate: 500
2026-08-02 13:07:35,541 INFO  [default] commodity code 8 - Rated max consumption level electricity (W) is not recorded in the commodity CSV
2026-08-02 13:07:35,541 INFO  [default] commodity code: 6 - Total energy storage/take capacity (W-hr)
2026-08-02 13:07:35,541 INFO  [default]            source: Estimated
2026-08-02 13:07:35,541 INFO  [default]   cumulative: 9190
2026-08-02 13:07:35,542 INFO  [default]    inst rate: not used for this commodity code
2026-08-02 13:07:35,542 INFO  [default] commodity code: 7 - Present energy storage/take capacity (W-hr)
2026-08-02 13:07:35,542 INFO  [default]            source: Estimated
2026-08-02 13:07:35,542 INFO  [default]   cumulative: 994
2026-08-02 13:07:35,542 INFO  [default]    inst rate: not used for this commodity code
2026-08-02 13:07:35,744 INFO  [default] link ACK received: query_operational_state
2026-08-02 13:07:35,868 INFO  [default] operational state received: 1

Press Enter for a list of commands
2026-08-02 13:08:35,081 INFO  [default] link ACK received: get_commodity
2026-08-02 13:08:35,235 INFO  [default] message type supported received: 2
2026-08-02 13:08:35,235 INFO  [default] commodity response received. response code: 0 - success; count: 4
2026-08-02 13:08:35,235 INFO  [default] commodity code: 0 - Electricity consumed (W & W-hr)
2026-08-02 13:08:35,235 INFO  [default]            source: Estimated
2026-08-02 13:08:35,235 INFO  [default]   cumulative: 121000
2026-08-02 13:08:35,236 INFO  [default]    inst rate: 500
2026-08-02 13:08:35,236 INFO  [default] commodity code 8 - Rated max consumption level electricity (W) is not recorded in the commodity CSV
2026-08-02 13:08:35,236 INFO  [default] commodity code: 6 - Total energy storage/take capacity (W-hr)
2026-08-02 13:08:35,236 INFO  [default]            source: Estimated
2026-08-02 13:08:35,236 INFO  [default]   cumulative: 9190
2026-08-02 13:08:35,236 INFO  [default]    inst rate: not used for this commodity code
2026-08-02 13:08:35,236 INFO  [default] commodity code: 7 - Present energy storage/take capacity (W-hr)
2026-08-02 13:08:35,236 INFO  [default]            source: Estimated
2026-08-02 13:08:35,237 INFO  [default]   cumulative: 949
2026-08-02 13:08:35,237 INFO  [default]    inst rate: not used for this commodity code
2026-08-02 13:08:35,440 INFO  [default] link ACK received: query_operational_state
2026-08-02 13:08:35,563 INFO  [default] operational state received: 1

Press Enter for a list of commands
2026-08-02 13:09:34,775 INFO  [default] link ACK received: get_commodity
2026-08-02 13:09:34,928 INFO  [default] message type supported received: 2
2026-08-02 13:09:34,929 INFO  [default] commodity response received. response code: 0 - success; count: 4
2026-08-02 13:09:34,929 INFO  [default] commodity code: 0 - Electricity consumed (W & W-hr)
2026-08-02 13:09:34,929 INFO  [default]            source: Estimated
2026-08-02 13:09:34,929 INFO  [default]   cumulative: 121000
2026-08-02 13:09:34,930 INFO  [default]    inst rate: 500
2026-08-02 13:09:34,930 INFO  [default] commodity code 8 - Rated max consumption level electricity (W) is not recorded in the commodity CSV
2026-08-02 13:09:34,930 INFO  [default] commodity code: 6 - Total energy storage/take capacity (W-hr)
2026-08-02 13:09:34,930 INFO  [default]            source: Estimated
2026-08-02 13:09:34,930 INFO  [default]   cumulative: 9190
2026-08-02 13:09:34,930 INFO  [default]    inst rate: not used for this commodity code
2026-08-02 13:09:34,930 INFO  [default] commodity code: 7 - Present energy storage/take capacity (W-hr)
2026-08-02 13:09:34,930 INFO  [default]            source: Estimated
2026-08-02 13:09:34,930 INFO  [default]   cumulative: 905
2026-08-02 13:09:34,931 INFO  [default]    inst rate: not used for this commodity code
2026-08-02 13:09:35,134 INFO  [default] link ACK received: query_operational_state
2026-08-02 13:09:35,257 INFO  [default] operational state received: 1

Press Enter for a list of commands
2026-08-02 13:10:35,474 INFO  [default] link ACK received: get_commodity
2026-08-02 13:10:35,628 INFO  [default] message type supported received: 2
2026-08-02 13:10:35,628 INFO  [default] commodity response received. response code: 0 - success; count: 4
2026-08-02 13:10:35,628 INFO  [default] commodity code: 0 - Electricity consumed (W & W-hr)
2026-08-02 13:10:35,628 INFO  [default]            source: Estimated
2026-08-02 13:10:35,629 INFO  [default]   cumulative: 121000
2026-08-02 13:10:35,629 INFO  [default]    inst rate: 500
2026-08-02 13:10:35,629 INFO  [default] commodity code 8 - Rated max consumption level electricity (W) is not recorded in the commodity CSV
2026-08-02 13:10:35,629 INFO  [default] commodity code: 6 - Total energy storage/take capacity (W-hr)
2026-08-02 13:10:35,629 INFO  [default]            source: Estimated
2026-08-02 13:10:35,629 INFO  [default]   cumulative: 9190
2026-08-02 13:10:35,629 INFO  [default]    inst rate: not used for this commodity code
2026-08-02 13:10:35,629 INFO  [default] commodity code: 7 - Present energy storage/take capacity (W-hr)
2026-08-02 13:10:35,630 INFO  [default]            source: Estimated
2026-08-02 13:10:35,630 INFO  [default]   cumulative: 861
2026-08-02 13:10:35,630 INFO  [default]    inst rate: not used for this commodity code
2026-08-02 13:10:35,832 INFO  [default] link ACK received: query_operational_state
2026-08-02 13:10:35,955 INFO  [default] operational state received: 1

Press Enter for a list of commands
2026-08-02 13:11:35,171 INFO  [default] link ACK received: get_commodity
2026-08-02 13:11:35,324 INFO  [default] message type supported received: 2
2026-08-02 13:11:35,325 INFO  [default] commodity response received. response code: 0 - success; count: 4
2026-08-02 13:11:35,325 INFO  [default] commodity code: 0 - Electricity consumed (W & W-hr)
2026-08-02 13:11:35,325 INFO  [default]            source: Estimated
2026-08-02 13:11:35,325 INFO  [default]   cumulative: 121000
2026-08-02 13:11:35,326 INFO  [default]    inst rate: 500
2026-08-02 13:11:35,326 INFO  [default] commodity code 8 - Rated max consumption level electricity (W) is not recorded in the commodity CSV
2026-08-02 13:11:35,326 INFO  [default] commodity code: 6 - Total energy storage/take capacity (W-hr)
2026-08-02 13:11:35,326 INFO  [default]            source: Estimated
2026-08-02 13:11:35,326 INFO  [default]   cumulative: 9190
2026-08-02 13:11:35,326 INFO  [default]    inst rate: not used for this commodity code
2026-08-02 13:11:35,326 INFO  [default] commodity code: 7 - Present energy storage/take capacity (W-hr)
2026-08-02 13:11:35,326 INFO  [default]            source: Estimated
2026-08-02 13:11:35,327 INFO  [default]   cumulative: 839
2026-08-02 13:11:35,327 INFO  [default]    inst rate: not used for this commodity code
2026-08-02 13:11:35,529 INFO  [default] link ACK received: query_operational_state
2026-08-02 13:11:35,653 INFO  [default] operational state received: 1

Press Enter for a list of commands
2026-08-02 13:12:34,869 INFO  [default] link ACK received: get_commodity
2026-08-02 13:12:35,023 INFO  [default] message type supported received: 2
2026-08-02 13:12:35,023 INFO  [default] commodity response received. response code: 0 - success; count: 4
2026-08-02 13:12:35,024 INFO  [default] commodity code: 0 - Electricity consumed (W & W-hr)
2026-08-02 13:12:35,024 INFO  [default]            source: Estimated
2026-08-02 13:12:35,024 INFO  [default]   cumulative: 121000
2026-08-02 13:12:35,024 INFO  [default]    inst rate: 500
2026-08-02 13:12:35,024 INFO  [default] commodity code 8 - Rated max consumption level electricity (W) is not recorded in the commodity CSV
2026-08-02 13:12:35,024 INFO  [default] commodity code: 6 - Total energy storage/take capacity (W-hr)
2026-08-02 13:12:35,025 INFO  [default]            source: Estimated
2026-08-02 13:12:35,025 INFO  [default]   cumulative: 9190
2026-08-02 13:12:35,025 INFO  [default]    inst rate: not used for this commodity code
2026-08-02 13:12:35,025 INFO  [default] commodity code: 7 - Present energy storage/take capacity (W-hr)
2026-08-02 13:12:35,025 INFO  [default]            source: Estimated
2026-08-02 13:12:35,025 INFO  [default]   cumulative: 795
2026-08-02 13:12:35,026 INFO  [default]    inst rate: not used for this commodity code
2026-08-02 13:12:35,228 INFO  [default] link ACK received: query_operational_state
2026-08-02 13:12:35,352 INFO  [default] operational state received: 1

Press Enter for a list of commands
2026-08-02 13:13:35,572 INFO  [default] link ACK received: get_commodity
2026-08-02 13:13:35,725 INFO  [default] message type supported received: 2
2026-08-02 13:13:35,726 INFO  [default] commodity response received. response code: 0 - success; count: 4
2026-08-02 13:13:35,726 INFO  [default] commodity code: 0 - Electricity consumed (W & W-hr)
2026-08-02 13:13:35,726 INFO  [default]            source: Estimated
2026-08-02 13:13:35,726 INFO  [default]   cumulative: 121000
2026-08-02 13:13:35,727 INFO  [default]    inst rate: 500
2026-08-02 13:13:35,727 INFO  [default] commodity code 8 - Rated max consumption level electricity (W) is not recorded in the commodity CSV
2026-08-02 13:13:35,727 INFO  [default] commodity code: 6 - Total energy storage/take capacity (W-hr)
2026-08-02 13:13:35,727 INFO  [default]            source: Estimated
2026-08-02 13:13:35,727 INFO  [default]   cumulative: 9190
2026-08-02 13:13:35,727 INFO  [default]    inst rate: not used for this commodity code
2026-08-02 13:13:35,727 INFO  [default] commodity code: 7 - Present energy storage/take capacity (W-hr)
2026-08-02 13:13:35,727 INFO  [default]            source: Estimated
2026-08-02 13:13:35,727 INFO  [default]   cumulative: 773
2026-08-02 13:13:35,728 INFO  [default]    inst rate: not used for this commodity code
2026-08-02 13:13:35,931 INFO  [default] link ACK received: query_operational_state
2026-08-02 13:13:36,054 INFO  [default] operational state received: 1

Press Enter for a list of commands
2026-08-02 13:14:35,266 INFO  [default] link ACK received: get_commodity
2026-08-02 13:14:35,419 INFO  [default] message type supported received: 2
2026-08-02 13:14:35,419 INFO  [default] commodity response received. response code: 0 - success; count: 4
2026-08-02 13:14:35,420 INFO  [default] commodity code: 0 - Electricity consumed (W & W-hr)
2026-08-02 13:14:35,420 INFO  [default]            source: Estimated
2026-08-02 13:14:35,420 INFO  [default]   cumulative: 121000
2026-08-02 13:14:35,420 INFO  [default]    inst rate: 500
2026-08-02 13:14:35,420 INFO  [default] commodity code 8 - Rated max consumption level electricity (W) is not recorded in the commodity CSV
2026-08-02 13:14:35,420 INFO  [default] commodity code: 6 - Total energy storage/take capacity (W-hr)
2026-08-02 13:14:35,421 INFO  [default]            source: Estimated
2026-08-02 13:14:35,421 INFO  [default]   cumulative: 9190
2026-08-02 13:14:35,421 INFO  [default]    inst rate: not used for this commodity code
2026-08-02 13:14:35,421 INFO  [default] commodity code: 7 - Present energy storage/take capacity (W-hr)
2026-08-02 13:14:35,421 INFO  [default]            source: Estimated
2026-08-02 13:14:35,421 INFO  [default]   cumulative: 729
2026-08-02 13:14:35,421 INFO  [default]    inst rate: not used for this commodity code
2026-08-02 13:14:35,623 INFO  [default] link ACK received: query_operational_state
2026-08-02 13:14:35,748 INFO  [default] operational state received: 1

Press Enter for a list of commands
2026-08-02 13:15:34,959 INFO  [default] link ACK received: get_commodity
2026-08-02 13:15:35,113 INFO  [default] message type supported received: 2
2026-08-02 13:15:35,113 INFO  [default] commodity response received. response code: 0 - success; count: 4
2026-08-02 13:15:35,113 INFO  [default] commodity code: 0 - Electricity consumed (W & W-hr)
2026-08-02 13:15:35,113 INFO  [default]            source: Estimated
2026-08-02 13:15:35,114 INFO  [default]   cumulative: 121000
2026-08-02 13:15:35,114 INFO  [default]    inst rate: 500
2026-08-02 13:15:35,114 INFO  [default] commodity code 8 - Rated max consumption level electricity (W) is not recorded in the commodity CSV
2026-08-02 13:15:35,114 INFO  [default] commodity code: 6 - Total energy storage/take capacity (W-hr)
2026-08-02 13:15:35,114 INFO  [default]            source: Estimated
2026-08-02 13:15:35,114 INFO  [default]   cumulative: 9190
2026-08-02 13:15:35,114 INFO  [default]    inst rate: not used for this commodity code
2026-08-02 13:15:35,115 INFO  [default] commodity code: 7 - Present energy storage/take capacity (W-hr)
2026-08-02 13:15:35,115 INFO  [default]            source: Estimated
2026-08-02 13:15:35,115 INFO  [default]   cumulative: 684
2026-08-02 13:15:35,115 INFO  [default]    inst rate: not used for this commodity code
2026-08-02 13:15:35,317 INFO  [default] link ACK received: query_operational_state
2026-08-02 13:15:35,441 INFO  [default] operational state received: 1

Press Enter for a list of commands
2026-08-02 13:16:35,659 INFO  [default] link ACK received: get_commodity
2026-08-02 13:16:35,815 INFO  [default] message type supported received: 2
2026-08-02 13:16:35,815 INFO  [default] commodity response received. response code: 0 - success; count: 4
2026-08-02 13:16:35,816 INFO  [default] commodity code: 0 - Electricity consumed (W & W-hr)
2026-08-02 13:16:35,816 INFO  [default]            source: Estimated
2026-08-02 13:16:35,816 INFO  [default]   cumulative: 121000
2026-08-02 13:16:35,816 INFO  [default]    inst rate: 500
2026-08-02 13:16:35,816 INFO  [default] commodity code 8 - Rated max consumption level electricity (W) is not recorded in the commodity CSV
2026-08-02 13:16:35,816 INFO  [default] commodity code: 6 - Total energy storage/take capacity (W-hr)
2026-08-02 13:16:35,816 INFO  [default]            source: Estimated
2026-08-02 13:16:35,816 INFO  [default]   cumulative: 9190
2026-08-02 13:16:35,817 INFO  [default]    inst rate: not used for this commodity code
2026-08-02 13:16:35,817 INFO  [default] commodity code: 7 - Present energy storage/take capacity (W-hr)
2026-08-02 13:16:35,817 INFO  [default]            source: Estimated
2026-08-02 13:16:35,817 INFO  [default]   cumulative: 640
2026-08-02 13:16:35,817 INFO  [default]    inst rate: not used for this commodity code
2026-08-02 13:16:36,019 INFO  [default] link ACK received: query_operational_state
2026-08-02 13:16:36,144 INFO  [default] operational state received: 1

Press Enter for a list of commands
2026-08-02 13:17:35,358 INFO  [default] link ACK received: get_commodity
2026-08-02 13:17:35,512 INFO  [default] message type supported received: 2
2026-08-02 13:17:35,512 INFO  [default] commodity response received. response code: 0 - success; count: 4
2026-08-02 13:17:35,512 INFO  [default] commodity code: 0 - Electricity consumed (W & W-hr)
2026-08-02 13:17:35,512 INFO  [default]            source: Estimated
2026-08-02 13:17:35,513 INFO  [default]   cumulative: 121000
2026-08-02 13:17:35,513 INFO  [default]    inst rate: 500
2026-08-02 13:17:35,513 INFO  [default] commodity code 8 - Rated max consumption level electricity (W) is not recorded in the commodity CSV
2026-08-02 13:17:35,513 INFO  [default] commodity code: 6 - Total energy storage/take capacity (W-hr)
2026-08-02 13:17:35,513 INFO  [default]            source: Estimated
2026-08-02 13:17:35,513 INFO  [default]   cumulative: 9190
2026-08-02 13:17:35,513 INFO  [default]    inst rate: not used for this commodity code
2026-08-02 13:17:35,514 INFO  [default] commodity code: 7 - Present energy storage/take capacity (W-hr)
2026-08-02 13:17:35,514 INFO  [default]            source: Estimated
2026-08-02 13:17:35,514 INFO  [default]   cumulative: 596
2026-08-02 13:17:35,514 INFO  [default]    inst rate: not used for this commodity code
2026-08-02 13:17:35,717 INFO  [default] link ACK received: query_operational_state
2026-08-02 13:17:35,840 INFO  [default] operational state received: 1

Press Enter for a list of commands
2026-08-02 13:18:35,057 INFO  [default] link ACK received: get_commodity
2026-08-02 13:18:35,211 INFO  [default] message type supported received: 2
2026-08-02 13:18:35,212 INFO  [default] commodity response received. response code: 0 - success; count: 4
2026-08-02 13:18:35,212 INFO  [default] commodity code: 0 - Electricity consumed (W & W-hr)
2026-08-02 13:18:35,212 INFO  [default]            source: Estimated
2026-08-02 13:18:35,213 INFO  [default]   cumulative: 121000
2026-08-02 13:18:35,213 INFO  [default]    inst rate: 500
2026-08-02 13:18:35,213 INFO  [default] commodity code 8 - Rated max consumption level electricity (W) is not recorded in the commodity CSV
2026-08-02 13:18:35,213 INFO  [default] commodity code: 6 - Total energy storage/take capacity (W-hr)
2026-08-02 13:18:35,213 INFO  [default]            source: Estimated
2026-08-02 13:18:35,213 INFO  [default]   cumulative: 9190
2026-08-02 13:18:35,213 INFO  [default]    inst rate: not used for this commodity code
2026-08-02 13:18:35,214 INFO  [default] commodity code: 7 - Present energy storage/take capacity (W-hr)
2026-08-02 13:18:35,214 INFO  [default]            source: Estimated
2026-08-02 13:18:35,214 INFO  [default]   cumulative: 574
2026-08-02 13:18:35,214 INFO  [default]    inst rate: not used for this commodity code
2026-08-02 13:18:35,417 INFO  [default] link ACK received: query_operational_state
2026-08-02 13:18:35,540 INFO  [default] operational state received: 1

Press Enter for a list of commands
2026-08-02 13:19:35,755 INFO  [default] link ACK received: get_commodity
2026-08-02 13:19:35,909 INFO  [default] message type supported received: 2
2026-08-02 13:19:35,910 INFO  [default] commodity response received. response code: 0 - success; count: 4
2026-08-02 13:19:35,910 INFO  [default] commodity code: 0 - Electricity consumed (W & W-hr)
2026-08-02 13:19:35,910 INFO  [default]            source: Estimated
2026-08-02 13:19:35,910 INFO  [default]   cumulative: 121000
2026-08-02 13:19:35,911 INFO  [default]    inst rate: 500
2026-08-02 13:19:35,911 INFO  [default] commodity code 8 - Rated max consumption level electricity (W) is not recorded in the commodity CSV
2026-08-02 13:19:35,911 INFO  [default] commodity code: 6 - Total energy storage/take capacity (W-hr)
2026-08-02 13:19:35,911 INFO  [default]            source: Estimated
2026-08-02 13:19:35,911 INFO  [default]   cumulative: 9190
2026-08-02 13:19:35,911 INFO  [default]    inst rate: not used for this commodity code
2026-08-02 13:19:35,911 INFO  [default] commodity code: 7 - Present energy storage/take capacity (W-hr)
2026-08-02 13:19:35,911 INFO  [default]            source: Estimated
2026-08-02 13:19:35,912 INFO  [default]   cumulative: 530
2026-08-02 13:19:35,912 INFO  [default]    inst rate: not used for this commodity code
2026-08-02 13:19:36,114 INFO  [default] link ACK received: query_operational_state
2026-08-02 13:19:36,238 INFO  [default] operational state received: 1

Press Enter for a list of commands
2026-08-02 13:20:35,452 INFO  [default] link ACK received: get_commodity
2026-08-02 13:20:35,606 INFO  [default] message type supported received: 2
2026-08-02 13:20:35,606 INFO  [default] commodity response received. response code: 0 - success; count: 4
2026-08-02 13:20:35,607 INFO  [default] commodity code: 0 - Electricity consumed (W & W-hr)
2026-08-02 13:20:35,607 INFO  [default]            source: Estimated
2026-08-02 13:20:35,607 INFO  [default]   cumulative: 121000
2026-08-02 13:20:35,607 INFO  [default]    inst rate: 500
2026-08-02 13:20:35,607 INFO  [default] commodity code 8 - Rated max consumption level electricity (W) is not recorded in the commodity CSV
2026-08-02 13:20:35,607 INFO  [default] commodity code: 6 - Total energy storage/take capacity (W-hr)
2026-08-02 13:20:35,608 INFO  [default]            source: Estimated
2026-08-02 13:20:35,608 INFO  [default]   cumulative: 9190
2026-08-02 13:20:35,608 INFO  [default]    inst rate: not used for this commodity code
2026-08-02 13:20:35,608 INFO  [default] commodity code: 7 - Present energy storage/take capacity (W-hr)
2026-08-02 13:20:35,608 INFO  [default]            source: Estimated
2026-08-02 13:20:35,608 INFO  [default]   cumulative: 486
2026-08-02 13:20:35,608 INFO  [default]    inst rate: not used for this commodity code
2026-08-02 13:20:35,812 INFO  [default] link ACK received: query_operational_state
2026-08-02 13:20:35,935 INFO  [default] operational state received: 1

Press Enter for a list of commands
2026-08-02 13:21:35,146 INFO  [default] link ACK received: get_commodity
2026-08-02 13:21:35,300 INFO  [default] message type supported received: 2
2026-08-02 13:21:35,300 INFO  [default] commodity response received. response code: 0 - success; count: 4
2026-08-02 13:21:35,300 INFO  [default] commodity code: 0 - Electricity consumed (W & W-hr)
2026-08-02 13:21:35,300 INFO  [default]            source: Estimated
2026-08-02 13:21:35,301 INFO  [default]   cumulative: 121000
2026-08-02 13:21:35,301 INFO  [default]    inst rate: 500
2026-08-02 13:21:35,301 INFO  [default] commodity code 8 - Rated max consumption level electricity (W) is not recorded in the commodity CSV
2026-08-02 13:21:35,301 INFO  [default] commodity code: 6 - Total energy storage/take capacity (W-hr)
2026-08-02 13:21:35,301 INFO  [default]            source: Estimated
2026-08-02 13:21:35,301 INFO  [default]   cumulative: 9190
2026-08-02 13:21:35,301 INFO  [default]    inst rate: not used for this commodity code
2026-08-02 13:21:35,301 INFO  [default] commodity code: 7 - Present energy storage/take capacity (W-hr)
2026-08-02 13:21:35,302 INFO  [default]            source: Estimated
2026-08-02 13:21:35,302 INFO  [default]   cumulative: 463
2026-08-02 13:21:35,302 INFO  [default]    inst rate: not used for this commodity code
2026-08-02 13:21:35,504 INFO  [default] link ACK received: query_operational_state
2026-08-02 13:21:35,629 INFO  [default] operational state received: 1

Press Enter for a list of commands
2026-08-02 13:22:34,843 INFO  [default] link ACK received: get_commodity
2026-08-02 13:22:34,996 INFO  [default] message type supported received: 2
2026-08-02 13:22:34,996 INFO  [default] commodity response received. response code: 0 - success; count: 4
2026-08-02 13:22:34,997 INFO  [default] commodity code: 0 - Electricity consumed (W & W-hr)
2026-08-02 13:22:34,997 INFO  [default]            source: Estimated
2026-08-02 13:22:34,997 INFO  [default]   cumulative: 121000
2026-08-02 13:22:34,997 INFO  [default]    inst rate: 500
2026-08-02 13:22:34,997 INFO  [default] commodity code 8 - Rated max consumption level electricity (W) is not recorded in the commodity CSV
2026-08-02 13:22:34,998 INFO  [default] commodity code: 6 - Total energy storage/take capacity (W-hr)
2026-08-02 13:22:34,998 INFO  [default]            source: Estimated
2026-08-02 13:22:34,998 INFO  [default]   cumulative: 9190
2026-08-02 13:22:34,998 INFO  [default]    inst rate: not used for this commodity code
2026-08-02 13:22:34,998 INFO  [default] commodity code: 7 - Present energy storage/take capacity (W-hr)
2026-08-02 13:22:34,998 INFO  [default]            source: Estimated
2026-08-02 13:22:34,998 INFO  [default]   cumulative: 419
2026-08-02 13:22:34,998 INFO  [default]    inst rate: not used for this commodity code
2026-08-02 13:22:35,201 INFO  [default] link ACK received: query_operational_state
2026-08-02 13:22:35,325 INFO  [default] operational state received: 1

Press Enter for a list of commands
2026-08-02 13:23:35,547 INFO  [default] link ACK received: get_commodity
2026-08-02 13:23:35,701 INFO  [default] message type supported received: 2
2026-08-02 13:23:35,701 INFO  [default] commodity response received. response code: 0 - success; count: 4
2026-08-02 13:23:35,702 INFO  [default] commodity code: 0 - Electricity consumed (W & W-hr)
2026-08-02 13:23:35,702 INFO  [default]            source: Estimated
2026-08-02 13:23:35,702 INFO  [default]   cumulative: 121000
2026-08-02 13:23:35,702 INFO  [default]    inst rate: 500
2026-08-02 13:23:35,702 INFO  [default] commodity code 8 - Rated max consumption level electricity (W) is not recorded in the commodity CSV
2026-08-02 13:23:35,703 INFO  [default] commodity code: 6 - Total energy storage/take capacity (W-hr)
2026-08-02 13:23:35,703 INFO  [default]            source: Estimated
2026-08-02 13:23:35,703 INFO  [default]   cumulative: 9190
2026-08-02 13:23:35,703 INFO  [default]    inst rate: not used for this commodity code
2026-08-02 13:23:35,703 INFO  [default] commodity code: 7 - Present energy storage/take capacity (W-hr)
2026-08-02 13:23:35,703 INFO  [default]            source: Estimated
2026-08-02 13:23:35,703 INFO  [default]   cumulative: 375
2026-08-02 13:23:35,704 INFO  [default]    inst rate: not used for this commodity code
2026-08-02 13:23:35,907 INFO  [default] link ACK received: query_operational_state
2026-08-02 13:23:36,031 INFO  [default] operational state received: 1

Press Enter for a list of commands
2026-08-02 13:24:35,245 INFO  [default] link ACK received: get_commodity
2026-08-02 13:24:35,401 INFO  [default] message type supported received: 2
2026-08-02 13:24:35,401 INFO  [default] commodity response received. response code: 0 - success; count: 4
2026-08-02 13:24:35,402 INFO  [default] commodity code: 0 - Electricity consumed (W & W-hr)
2026-08-02 13:24:35,402 INFO  [default]            source: Estimated
2026-08-02 13:24:35,402 INFO  [default]   cumulative: 121000
2026-08-02 13:24:35,402 INFO  [default]    inst rate: 500
2026-08-02 13:24:35,402 INFO  [default] commodity code 8 - Rated max consumption level electricity (W) is not recorded in the commodity CSV
2026-08-02 13:24:35,402 INFO  [default] commodity code: 6 - Total energy storage/take capacity (W-hr)
2026-08-02 13:24:35,402 INFO  [default]            source: Estimated
2026-08-02 13:24:35,402 INFO  [default]   cumulative: 9190
2026-08-02 13:24:35,403 INFO  [default]    inst rate: not used for this commodity code
2026-08-02 13:24:35,403 INFO  [default] commodity code: 7 - Present energy storage/take capacity (W-hr)
2026-08-02 13:24:35,403 INFO  [default]            source: Estimated
2026-08-02 13:24:35,403 INFO  [default]   cumulative: 331
2026-08-02 13:24:35,403 INFO  [default]    inst rate: not used for this commodity code
2026-08-02 13:24:35,605 INFO  [default] link ACK received: query_operational_state
2026-08-02 13:24:35,730 INFO  [default] operational state received: 1

Press Enter for a list of commands
2026-08-02 13:25:34,944 INFO  [default] link ACK received: get_commodity
2026-08-02 13:25:35,098 INFO  [default] message type supported received: 2
2026-08-02 13:25:35,099 INFO  [default] commodity response received. response code: 0 - success; count: 4
2026-08-02 13:25:35,099 INFO  [default] commodity code: 0 - Electricity consumed (W & W-hr)
2026-08-02 13:25:35,099 INFO  [default]            source: Estimated
2026-08-02 13:25:35,099 INFO  [default]   cumulative: 121000
2026-08-02 13:25:35,100 INFO  [default]    inst rate: 500
2026-08-02 13:25:35,100 INFO  [default] commodity code 8 - Rated max consumption level electricity (W) is not recorded in the commodity CSV
2026-08-02 13:25:35,100 INFO  [default] commodity code: 6 - Total energy storage/take capacity (W-hr)
2026-08-02 13:25:35,100 INFO  [default]            source: Estimated
2026-08-02 13:25:35,100 INFO  [default]   cumulative: 9190
2026-08-02 13:25:35,100 INFO  [default]    inst rate: not used for this commodity code
2026-08-02 13:25:35,100 INFO  [default] commodity code: 7 - Present energy storage/take capacity (W-hr)
2026-08-02 13:25:35,100 INFO  [default]            source: Estimated
2026-08-02 13:25:35,101 INFO  [default]   cumulative: 309
2026-08-02 13:25:35,101 INFO  [default]    inst rate: not used for this commodity code
2026-08-02 13:25:35,304 INFO  [default] link ACK received: query_operational_state
2026-08-02 13:25:35,428 INFO  [default] operational state received: 1

Press Enter for a list of commands
2026-08-02 13:26:35,648 INFO  [default] link ACK received: get_commodity
2026-08-02 13:26:35,802 INFO  [default] message type supported received: 2
2026-08-02 13:26:35,802 INFO  [default] commodity response received. response code: 0 - success; count: 4
2026-08-02 13:26:35,803 INFO  [default] commodity code: 0 - Electricity consumed (W & W-hr)
2026-08-02 13:26:35,803 INFO  [default]            source: Estimated
2026-08-02 13:26:35,803 INFO  [default]   cumulative: 121000
2026-08-02 13:26:35,803 INFO  [default]    inst rate: 500
2026-08-02 13:26:35,803 INFO  [default] commodity code 8 - Rated max consumption level electricity (W) is not recorded in the commodity CSV
2026-08-02 13:26:35,804 INFO  [default] commodity code: 6 - Total energy storage/take capacity (W-hr)
2026-08-02 13:26:35,804 INFO  [default]            source: Estimated
2026-08-02 13:26:35,804 INFO  [default]   cumulative: 9190
2026-08-02 13:26:35,804 INFO  [default]    inst rate: not used for this commodity code
2026-08-02 13:26:35,804 INFO  [default] commodity code: 7 - Present energy storage/take capacity (W-hr)
2026-08-02 13:26:35,804 INFO  [default]            source: Estimated
2026-08-02 13:26:35,804 INFO  [default]   cumulative: 265
2026-08-02 13:26:35,805 INFO  [default]    inst rate: not used for this commodity code
2026-08-02 13:26:36,006 INFO  [default] link ACK received: query_operational_state
2026-08-02 13:26:36,130 INFO  [default] operational state received: 1

Press Enter for a list of commands
2026-08-02 13:27:35,346 INFO  [default] link ACK received: get_commodity
2026-08-02 13:27:35,502 INFO  [default] message type supported received: 2
2026-08-02 13:27:35,503 INFO  [default] commodity response received. response code: 0 - success; count: 4
2026-08-02 13:27:35,503 INFO  [default] commodity code: 0 - Electricity consumed (W & W-hr)
2026-08-02 13:27:35,503 INFO  [default]            source: Estimated
2026-08-02 13:27:35,503 INFO  [default]   cumulative: 121000
2026-08-02 13:27:35,504 INFO  [default]    inst rate: 500
2026-08-02 13:27:35,504 INFO  [default] commodity code 8 - Rated max consumption level electricity (W) is not recorded in the commodity CSV
2026-08-02 13:27:35,504 INFO  [default] commodity code: 6 - Total energy storage/take capacity (W-hr)
2026-08-02 13:27:35,504 INFO  [default]            source: Estimated
2026-08-02 13:27:35,504 INFO  [default]   cumulative: 9190
2026-08-02 13:27:35,504 INFO  [default]    inst rate: not used for this commodity code
2026-08-02 13:27:35,504 INFO  [default] commodity code: 7 - Present energy storage/take capacity (W-hr)
2026-08-02 13:27:35,504 INFO  [default]            source: Estimated
2026-08-02 13:27:35,505 INFO  [default]   cumulative: 243
2026-08-02 13:27:35,505 INFO  [default]    inst rate: not used for this commodity code
2026-08-02 13:27:35,707 INFO  [default] link ACK received: query_operational_state
2026-08-02 13:27:35,831 INFO  [default] operational state received: 1

Press Enter for a list of commands
2026-08-02 13:28:35,047 INFO  [default] link ACK received: get_commodity
2026-08-02 13:28:35,200 INFO  [default] message type supported received: 2
2026-08-02 13:28:35,200 INFO  [default] commodity response received. response code: 0 - success; count: 4
2026-08-02 13:28:35,201 INFO  [default] commodity code: 0 - Electricity consumed (W & W-hr)
2026-08-02 13:28:35,201 INFO  [default]            source: Estimated
2026-08-02 13:28:35,201 INFO  [default]   cumulative: 121000
2026-08-02 13:28:35,201 INFO  [default]    inst rate: 500
2026-08-02 13:28:35,201 INFO  [default] commodity code 8 - Rated max consumption level electricity (W) is not recorded in the commodity CSV
2026-08-02 13:28:35,202 INFO  [default] commodity code: 6 - Total energy storage/take capacity (W-hr)
2026-08-02 13:28:35,202 INFO  [default]            source: Estimated
2026-08-02 13:28:35,202 INFO  [default]   cumulative: 9190
2026-08-02 13:28:35,202 INFO  [default]    inst rate: not used for this commodity code
2026-08-02 13:28:35,202 INFO  [default] commodity code: 7 - Present energy storage/take capacity (W-hr)
2026-08-02 13:28:35,202 INFO  [default]            source: Estimated
2026-08-02 13:28:35,202 INFO  [default]   cumulative: 220
2026-08-02 13:28:35,202 INFO  [default]    inst rate: not used for this commodity code
2026-08-02 13:28:35,404 INFO  [default] link ACK received: query_operational_state
2026-08-02 13:28:35,529 INFO  [default] operational state received: 1

Press Enter for a list of commands
2026-08-02 13:29:35,749 INFO  [default] link ACK received: get_commodity
2026-08-02 13:29:35,903 INFO  [default] message type supported received: 2
2026-08-02 13:29:35,903 INFO  [default] commodity response received. response code: 0 - success; count: 4
2026-08-02 13:29:35,904 INFO  [default] commodity code: 0 - Electricity consumed (W & W-hr)
2026-08-02 13:29:35,904 INFO  [default]            source: Estimated
2026-08-02 13:29:35,904 INFO  [default]   cumulative: 121000
2026-08-02 13:29:35,904 INFO  [default]    inst rate: 500
2026-08-02 13:29:35,904 INFO  [default] commodity code 8 - Rated max consumption level electricity (W) is not recorded in the commodity CSV
2026-08-02 13:29:35,905 INFO  [default] commodity code: 6 - Total energy storage/take capacity (W-hr)
2026-08-02 13:29:35,905 INFO  [default]            source: Estimated
2026-08-02 13:29:35,905 INFO  [default]   cumulative: 9190
2026-08-02 13:29:35,905 INFO  [default]    inst rate: not used for this commodity code
2026-08-02 13:29:35,905 INFO  [default] commodity code: 7 - Present energy storage/take capacity (W-hr)
2026-08-02 13:29:35,905 INFO  [default]            source: Estimated
2026-08-02 13:29:35,905 INFO  [default]   cumulative: 176
2026-08-02 13:29:35,905 INFO  [default]    inst rate: not used for this commodity code
2026-08-02 13:29:36,108 INFO  [default] link ACK received: query_operational_state
2026-08-02 13:29:36,233 INFO  [default] operational state received: 1

Press Enter for a list of commands
2026-08-02 13:30:35,443 INFO  [default] link ACK received: get_commodity
2026-08-02 13:30:35,598 INFO  [default] message type supported received: 2
2026-08-02 13:30:35,598 INFO  [default] commodity response received. response code: 0 - success; count: 4
2026-08-02 13:30:35,598 INFO  [default] commodity code: 0 - Electricity consumed (W & W-hr)
2026-08-02 13:30:35,598 INFO  [default]            source: Estimated
2026-08-02 13:30:35,599 INFO  [default]   cumulative: 121000
2026-08-02 13:30:35,599 INFO  [default]    inst rate: 500
2026-08-02 13:30:35,599 INFO  [default] commodity code 8 - Rated max consumption level electricity (W) is not recorded in the commodity CSV
2026-08-02 13:30:35,599 INFO  [default] commodity code: 6 - Total energy storage/take capacity (W-hr)
2026-08-02 13:30:35,599 INFO  [default]            source: Estimated
2026-08-02 13:30:35,599 INFO  [default]   cumulative: 9190
2026-08-02 13:30:35,599 INFO  [default]    inst rate: not used for this commodity code
2026-08-02 13:30:35,599 INFO  [default] commodity code: 7 - Present energy storage/take capacity (W-hr)
2026-08-02 13:30:35,600 INFO  [default]            source: Estimated
2026-08-02 13:30:35,600 INFO  [default]   cumulative: 154
2026-08-02 13:30:35,600 INFO  [default]    inst rate: not used for this commodity code
2026-08-02 13:30:35,803 INFO  [default] link ACK received: query_operational_state
2026-08-02 13:30:35,926 INFO  [default] operational state received: 1

Press Enter for a list of commands
2026-08-02 13:31:35,138 INFO  [default] link ACK received: get_commodity
2026-08-02 13:31:35,292 INFO  [default] message type supported received: 2
2026-08-02 13:31:35,292 INFO  [default] commodity response received. response code: 0 - success; count: 4
2026-08-02 13:31:35,292 INFO  [default] commodity code: 0 - Electricity consumed (W & W-hr)
2026-08-02 13:31:35,293 INFO  [default]            source: Estimated
2026-08-02 13:31:35,293 INFO  [default]   cumulative: 121000
2026-08-02 13:31:35,293 INFO  [default]    inst rate: 500
2026-08-02 13:31:35,293 INFO  [default] commodity code 8 - Rated max consumption level electricity (W) is not recorded in the commodity CSV
2026-08-02 13:31:35,293 INFO  [default] commodity code: 6 - Total energy storage/take capacity (W-hr)
2026-08-02 13:31:35,293 INFO  [default]            source: Estimated
2026-08-02 13:31:35,293 INFO  [default]   cumulative: 9190
2026-08-02 13:31:35,294 INFO  [default]    inst rate: not used for this commodity code
2026-08-02 13:31:35,294 INFO  [default] commodity code: 7 - Present energy storage/take capacity (W-hr)
2026-08-02 13:31:35,294 INFO  [default]            source: Estimated
2026-08-02 13:31:35,294 INFO  [default]   cumulative: 110
2026-08-02 13:31:35,294 INFO  [default]    inst rate: not used for this commodity code
2026-08-02 13:31:35,497 INFO  [default] link ACK received: query_operational_state
2026-08-02 13:31:35,621 INFO  [default] operational state received: 1

Press Enter for a list of commands
2026-08-02 13:32:34,837 INFO  [default] link ACK received: get_commodity
2026-08-02 13:32:34,991 INFO  [default] message type supported received: 2
2026-08-02 13:32:34,991 INFO  [default] commodity response received. response code: 0 - success; count: 4
2026-08-02 13:32:34,992 INFO  [default] commodity code: 0 - Electricity consumed (W & W-hr)
2026-08-02 13:32:34,992 INFO  [default]            source: Estimated
2026-08-02 13:32:34,992 INFO  [default]   cumulative: 121000
2026-08-02 13:32:34,992 INFO  [default]    inst rate: 500
2026-08-02 13:32:34,993 INFO  [default] commodity code 8 - Rated max consumption level electricity (W) is not recorded in the commodity CSV
2026-08-02 13:32:34,993 INFO  [default] commodity code: 6 - Total energy storage/take capacity (W-hr)
2026-08-02 13:32:34,993 INFO  [default]            source: Estimated
2026-08-02 13:32:34,993 INFO  [default]   cumulative: 9190
2026-08-02 13:32:34,993 INFO  [default]    inst rate: not used for this commodity code
2026-08-02 13:32:34,993 INFO  [default] commodity code: 7 - Present energy storage/take capacity (W-hr)
2026-08-02 13:32:34,993 INFO  [default]            source: Estimated
2026-08-02 13:32:34,994 INFO  [default]   cumulative: 66
2026-08-02 13:32:34,994 INFO  [default]    inst rate: not used for this commodity code
2026-08-02 13:32:35,197 INFO  [default] link ACK received: query_operational_state
2026-08-02 13:32:35,321 INFO  [default] operational state received: 1

Press Enter for a list of commands
2026-08-02 13:33:35,541 INFO  [default] link ACK received: get_commodity
2026-08-02 13:33:35,696 INFO  [default] message type supported received: 2
2026-08-02 13:33:35,696 INFO  [default] commodity response received. response code: 0 - success; count: 4
2026-08-02 13:33:35,696 INFO  [default] commodity code: 0 - Electricity consumed (W & W-hr)
2026-08-02 13:33:35,697 INFO  [default]            source: Estimated
2026-08-02 13:33:35,697 INFO  [default]   cumulative: 121000
2026-08-02 13:33:35,697 INFO  [default]    inst rate: 500
2026-08-02 13:33:35,697 INFO  [default] commodity code 8 - Rated max consumption level electricity (W) is not recorded in the commodity CSV
2026-08-02 13:33:35,697 INFO  [default] commodity code: 6 - Total energy storage/take capacity (W-hr)
2026-08-02 13:33:35,697 INFO  [default]            source: Estimated
2026-08-02 13:33:35,697 INFO  [default]   cumulative: 9190
2026-08-02 13:33:35,697 INFO  [default]    inst rate: not used for this commodity code
2026-08-02 13:33:35,698 INFO  [default] commodity code: 7 - Present energy storage/take capacity (W-hr)
2026-08-02 13:33:35,698 INFO  [default]            source: Estimated
2026-08-02 13:33:35,698 INFO  [default]   cumulative: 22
2026-08-02 13:33:35,698 INFO  [default]    inst rate: not used for this commodity code
2026-08-02 13:33:35,900 INFO  [default] link ACK received: query_operational_state
2026-08-02 13:33:36,025 INFO  [default] operational state received: 1

Press Enter for a list of commands
2026-08-02 13:34:35,238 INFO  [default] link ACK received: get_commodity
2026-08-02 13:34:35,392 INFO  [default] message type supported received: 2
2026-08-02 13:34:35,392 INFO  [default] commodity response received. response code: 0 - success; count: 4
2026-08-02 13:34:35,393 INFO  [default] commodity code: 0 - Electricity consumed (W & W-hr)
2026-08-02 13:34:35,393 INFO  [default]            source: Estimated
2026-08-02 13:34:35,393 INFO  [default]   cumulative: 121000
2026-08-02 13:34:35,393 INFO  [default]    inst rate: 500
2026-08-02 13:34:35,393 INFO  [default] commodity code 8 - Rated max consumption level electricity (W) is not recorded in the commodity CSV
2026-08-02 13:34:35,393 INFO  [default] commodity code: 6 - Total energy storage/take capacity (W-hr)
2026-08-02 13:34:35,394 INFO  [default]            source: Estimated
2026-08-02 13:34:35,394 INFO  [default]   cumulative: 9190
2026-08-02 13:34:35,394 INFO  [default]    inst rate: not used for this commodity code
2026-08-02 13:34:35,394 INFO  [default] commodity code: 7 - Present energy storage/take capacity (W-hr)
2026-08-02 13:34:35,394 INFO  [default]            source: Estimated
2026-08-02 13:34:35,394 INFO  [default]   cumulative: 0
2026-08-02 13:34:35,394 INFO  [default]    inst rate: not used for this commodity code
2026-08-02 13:34:35,598 INFO  [default] link ACK received: query_operational_state
2026-08-02 13:34:35,721 INFO  [default] operational state received: 0

Press Enter for a list of commands
2026-08-02 13:35:34,938 INFO  [default] link ACK received: get_commodity
2026-08-02 13:35:35,092 INFO  [default] message type supported received: 2
2026-08-02 13:35:35,093 INFO  [default] commodity response received. response code: 0 - success; count: 4
2026-08-02 13:35:35,093 INFO  [default] commodity code: 0 - Electricity consumed (W & W-hr)
2026-08-02 13:35:35,093 INFO  [default]            source: Estimated
2026-08-02 13:35:35,094 INFO  [default]   cumulative: 122000
2026-08-02 13:35:35,094 INFO  [default]    inst rate: 0
2026-08-02 13:35:35,094 INFO  [default] commodity code 8 - Rated max consumption level electricity (W) is not recorded in the commodity CSV
2026-08-02 13:35:35,094 INFO  [default] commodity code: 6 - Total energy storage/take capacity (W-hr)
2026-08-02 13:35:35,094 INFO  [default]            source: Estimated
2026-08-02 13:35:35,094 INFO  [default]   cumulative: 9190
2026-08-02 13:35:35,094 INFO  [default]    inst rate: not used for this commodity code
2026-08-02 13:35:35,094 INFO  [default] commodity code: 7 - Present energy storage/take capacity (W-hr)
2026-08-02 13:35:35,095 INFO  [default]            source: Estimated
2026-08-02 13:35:35,095 INFO  [default]   cumulative: 0
2026-08-02 13:35:35,095 INFO  [default]    inst rate: not used for this commodity code
2026-08-02 13:35:35,298 INFO  [default] link ACK received: query_operational_state
2026-08-02 13:35:35,421 INFO  [default] operational state received: 0

Press Enter for a list of commands
2026-08-02 13:36:35,640 INFO  [default] link ACK received: get_commodity
2026-08-02 13:36:35,794 INFO  [default] message type supported received: 2
2026-08-02 13:36:35,794 INFO  [default] commodity response received. response code: 0 - success; count: 4
2026-08-02 13:36:35,795 INFO  [default] commodity code: 0 - Electricity consumed (W & W-hr)
2026-08-02 13:36:35,795 INFO  [default]            source: Estimated
2026-08-02 13:36:35,795 INFO  [default]   cumulative: 122000
2026-08-02 13:36:35,795 INFO  [default]    inst rate: 0
2026-08-02 13:36:35,795 INFO  [default] commodity code 8 - Rated max consumption level electricity (W) is not recorded in the commodity CSV
2026-08-02 13:36:35,795 INFO  [default] commodity code: 6 - Total energy storage/take capacity (W-hr)
2026-08-02 13:36:35,795 INFO  [default]            source: Estimated
2026-08-02 13:36:35,795 INFO  [default]   cumulative: 9190
2026-08-02 13:36:35,796 INFO  [default]    inst rate: not used for this commodity code
2026-08-02 13:36:35,796 INFO  [default] commodity code: 7 - Present energy storage/take capacity (W-hr)
2026-08-02 13:36:35,796 INFO  [default]            source: Estimated
2026-08-02 13:36:35,796 INFO  [default]   cumulative: 0
2026-08-02 13:36:35,796 INFO  [default]    inst rate: not used for this commodity code
2026-08-02 13:36:35,999 INFO  [default] link ACK received: query_operational_state
2026-08-02 13:36:36,122 INFO  [default] operational state received: 0

Press Enter for a list of commands
2026-08-02 13:37:35,333 INFO  [default] link ACK received: get_commodity
2026-08-02 13:37:35,487 INFO  [default] message type supported received: 2
2026-08-02 13:37:35,487 INFO  [default] commodity response received. response code: 0 - success; count: 4
2026-08-02 13:37:35,488 INFO  [default] commodity code: 0 - Electricity consumed (W & W-hr)
2026-08-02 13:37:35,488 INFO  [default]            source: Estimated
2026-08-02 13:37:35,488 INFO  [default]   cumulative: 122000
2026-08-02 13:37:35,488 INFO  [default]    inst rate: 0
2026-08-02 13:37:35,488 INFO  [default] commodity code 8 - Rated max consumption level electricity (W) is not recorded in the commodity CSV
2026-08-02 13:37:35,488 INFO  [default] commodity code: 6 - Total energy storage/take capacity (W-hr)
2026-08-02 13:37:35,489 INFO  [default]            source: Estimated
2026-08-02 13:37:35,489 INFO  [default]   cumulative: 9190
2026-08-02 13:37:35,489 INFO  [default]    inst rate: not used for this commodity code
2026-08-02 13:37:35,489 INFO  [default] commodity code: 7 - Present energy storage/take capacity (W-hr)
2026-08-02 13:37:35,489 INFO  [default]            source: Estimated
2026-08-02 13:37:35,489 INFO  [default]   cumulative: 0
2026-08-02 13:37:35,489 INFO  [default]    inst rate: not used for this commodity code
2026-08-02 13:37:35,692 INFO  [default] link ACK received: query_operational_state
2026-08-02 13:37:35,816 INFO  [default] operational state received: 0

Press Enter for a list of commands
2026-08-02 13:38:35,030 INFO  [default] link ACK received: get_commodity
2026-08-02 13:38:35,185 INFO  [default] message type supported received: 2
2026-08-02 13:38:35,185 INFO  [default] commodity response received. response code: 0 - success; count: 4
2026-08-02 13:38:35,186 INFO  [default] commodity code: 0 - Electricity consumed (W & W-hr)
2026-08-02 13:38:35,186 INFO  [default]            source: Estimated
2026-08-02 13:38:35,186 INFO  [default]   cumulative: 122000
2026-08-02 13:38:35,186 INFO  [default]    inst rate: 0
2026-08-02 13:38:35,186 INFO  [default] commodity code 8 - Rated max consumption level electricity (W) is not recorded in the commodity CSV
2026-08-02 13:38:35,186 INFO  [default] commodity code: 6 - Total energy storage/take capacity (W-hr)
2026-08-02 13:38:35,187 INFO  [default]            source: Estimated
2026-08-02 13:38:35,187 INFO  [default]   cumulative: 9190
2026-08-02 13:38:35,187 INFO  [default]    inst rate: not used for this commodity code
2026-08-02 13:38:35,187 INFO  [default] commodity code: 7 - Present energy storage/take capacity (W-hr)
2026-08-02 13:38:35,187 INFO  [default]            source: Estimated
2026-08-02 13:38:35,187 INFO  [default]   cumulative: 0
2026-08-02 13:38:35,187 INFO  [default]    inst rate: not used for this commodity code
2026-08-02 13:38:35,390 INFO  [default] link ACK received: query_operational_state
2026-08-02 13:38:35,514 INFO  [default] operational state received: 0

Press Enter for a list of commands
2026-08-02 13:39:35,734 INFO  [default] link ACK received: get_commodity
2026-08-02 13:39:35,888 INFO  [default] message type supported received: 2
2026-08-02 13:39:35,889 INFO  [default] commodity response received. response code: 0 - success; count: 4
2026-08-02 13:39:35,889 INFO  [default] commodity code: 0 - Electricity consumed (W & W-hr)
2026-08-02 13:39:35,889 INFO  [default]            source: Estimated
2026-08-02 13:39:35,889 INFO  [default]   cumulative: 122000
2026-08-02 13:39:35,890 INFO  [default]    inst rate: 0
2026-08-02 13:39:35,890 INFO  [default] commodity code 8 - Rated max consumption level electricity (W) is not recorded in the commodity CSV
2026-08-02 13:39:35,890 INFO  [default] commodity code: 6 - Total energy storage/take capacity (W-hr)
2026-08-02 13:39:35,890 INFO  [default]            source: Estimated
2026-08-02 13:39:35,890 INFO  [default]   cumulative: 9190
2026-08-02 13:39:35,890 INFO  [default]    inst rate: not used for this commodity code
2026-08-02 13:39:35,890 INFO  [default] commodity code: 7 - Present energy storage/take capacity (W-hr)
2026-08-02 13:39:35,890 INFO  [default]            source: Estimated
2026-08-02 13:39:35,891 INFO  [default]   cumulative: 0
2026-08-02 13:39:35,891 INFO  [default]    inst rate: not used for this commodity code
2026-08-02 13:39:36,093 INFO  [default] link ACK received: query_operational_state
2026-08-02 13:39:36,217 INFO  [default] operational state received: 0

Press Enter for a list of commands
2026-08-02 13:40:35,436 INFO  [default] link ACK received: get_commodity
2026-08-02 13:40:35,589 INFO  [default] message type supported received: 2
2026-08-02 13:40:35,589 INFO  [default] commodity response received. response code: 0 - success; count: 4
2026-08-02 13:40:35,590 INFO  [default] commodity code: 0 - Electricity consumed (W & W-hr)
2026-08-02 13:40:35,590 INFO  [default]            source: Estimated
2026-08-02 13:40:35,590 INFO  [default]   cumulative: 122000
2026-08-02 13:40:35,590 INFO  [default]    inst rate: 0
2026-08-02 13:40:35,590 INFO  [default] commodity code 8 - Rated max consumption level electricity (W) is not recorded in the commodity CSV
2026-08-02 13:40:35,590 INFO  [default] commodity code: 6 - Total energy storage/take capacity (W-hr)
2026-08-02 13:40:35,590 INFO  [default]            source: Estimated
2026-08-02 13:40:35,591 INFO  [default]   cumulative: 9190
2026-08-02 13:40:35,591 INFO  [default]    inst rate: not used for this commodity code
2026-08-02 13:40:35,591 INFO  [default] commodity code: 7 - Present energy storage/take capacity (W-hr)
2026-08-02 13:40:35,591 INFO  [default]            source: Estimated
2026-08-02 13:40:35,591 INFO  [default]   cumulative: 0
2026-08-02 13:40:35,591 INFO  [default]    inst rate: not used for this commodity code
2026-08-02 13:40:35,793 INFO  [default] link ACK received: query_operational_state
2026-08-02 13:40:35,917 INFO  [default] operational state received: 0

Press Enter for a list of commands
2026-08-02 13:41:35,140 INFO  [default] link ACK received: get_commodity
2026-08-02 13:41:35,294 INFO  [default] message type supported received: 2
2026-08-02 13:41:35,294 INFO  [default] commodity response received. response code: 0 - success; count: 4
2026-08-02 13:41:35,294 INFO  [default] commodity code: 0 - Electricity consumed (W & W-hr)
2026-08-02 13:41:35,295 INFO  [default]            source: Estimated
2026-08-02 13:41:35,295 INFO  [default]   cumulative: 122000
2026-08-02 13:41:35,295 INFO  [default]    inst rate: 0
2026-08-02 13:41:35,295 INFO  [default] commodity code 8 - Rated max consumption level electricity (W) is not recorded in the commodity CSV
2026-08-02 13:41:35,295 INFO  [default] commodity code: 6 - Total energy storage/take capacity (W-hr)
2026-08-02 13:41:35,295 INFO  [default]            source: Estimated
2026-08-02 13:41:35,295 INFO  [default]   cumulative: 9190
2026-08-02 13:41:35,295 INFO  [default]    inst rate: not used for this commodity code
2026-08-02 13:41:35,295 INFO  [default] commodity code: 7 - Present energy storage/take capacity (W-hr)
2026-08-02 13:41:35,296 INFO  [default]            source: Estimated
2026-08-02 13:41:35,296 INFO  [default]   cumulative: 0
2026-08-02 13:41:35,296 INFO  [default]    inst rate: not used for this commodity code
2026-08-02 13:41:35,501 INFO  [default] link ACK received: query_operational_state
2026-08-02 13:41:35,625 INFO  [default] operational state received: 0

Press Enter for a list of commands
2026-08-02 13:42:34,841 INFO  [default] link ACK received: get_commodity
2026-08-02 13:42:34,995 INFO  [default] message type supported received: 2
2026-08-02 13:42:34,995 INFO  [default] commodity response received. response code: 0 - success; count: 4
2026-08-02 13:42:34,996 INFO  [default] commodity code: 0 - Electricity consumed (W & W-hr)
2026-08-02 13:42:34,996 INFO  [default]            source: Estimated
2026-08-02 13:42:34,996 INFO  [default]   cumulative: 122000
2026-08-02 13:42:34,996 INFO  [default]    inst rate: 0
2026-08-02 13:42:34,996 INFO  [default] commodity code 8 - Rated max consumption level electricity (W) is not recorded in the commodity CSV
2026-08-02 13:42:34,996 INFO  [default] commodity code: 6 - Total energy storage/take capacity (W-hr)
2026-08-02 13:42:34,997 INFO  [default]            source: Estimated
2026-08-02 13:42:34,997 INFO  [default]   cumulative: 9190
2026-08-02 13:42:34,997 INFO  [default]    inst rate: not used for this commodity code
2026-08-02 13:42:34,997 INFO  [default] commodity code: 7 - Present energy storage/take capacity (W-hr)
2026-08-02 13:42:34,997 INFO  [default]            source: Estimated
2026-08-02 13:42:34,997 INFO  [default]   cumulative: 0
2026-08-02 13:42:34,997 INFO  [default]    inst rate: not used for this commodity code
2026-08-02 13:42:35,200 INFO  [default] link ACK received: query_operational_state
2026-08-02 13:42:35,324 INFO  [default] operational state received: 0

Press Enter for a list of commands
2026-08-02 13:43:35,537 INFO  [default] link ACK received: get_commodity
2026-08-02 13:43:35,691 INFO  [default] message type supported received: 2
2026-08-02 13:43:35,691 INFO  [default] commodity response received. response code: 0 - success; count: 4
2026-08-02 13:43:35,692 INFO  [default] commodity code: 0 - Electricity consumed (W & W-hr)
2026-08-02 13:43:35,692 INFO  [default]            source: Estimated
2026-08-02 13:43:35,692 INFO  [default]   cumulative: 122000
2026-08-02 13:43:35,692 INFO  [default]    inst rate: 0
2026-08-02 13:43:35,692 INFO  [default] commodity code 8 - Rated max consumption level electricity (W) is not recorded in the commodity CSV
2026-08-02 13:43:35,692 INFO  [default] commodity code: 6 - Total energy storage/take capacity (W-hr)
2026-08-02 13:43:35,692 INFO  [default]            source: Estimated
2026-08-02 13:43:35,692 INFO  [default]   cumulative: 9190
2026-08-02 13:43:35,693 INFO  [default]    inst rate: not used for this commodity code
2026-08-02 13:43:35,693 INFO  [default] commodity code: 7 - Present energy storage/take capacity (W-hr)
2026-08-02 13:43:35,693 INFO  [default]            source: Estimated
2026-08-02 13:43:35,693 INFO  [default]   cumulative: 0
2026-08-02 13:43:35,693 INFO  [default]    inst rate: not used for this commodity code
2026-08-02 13:43:35,896 INFO  [default] link ACK received: query_operational_state
2026-08-02 13:43:36,020 INFO  [default] operational state received: 0

Press Enter for a list of commands
2026-08-02 13:44:35,235 INFO  [default] link ACK received: get_commodity
2026-08-02 13:44:35,388 INFO  [default] message type supported received: 2
2026-08-02 13:44:35,388 INFO  [default] commodity response received. response code: 0 - success; count: 4
2026-08-02 13:44:35,389 INFO  [default] commodity code: 0 - Electricity consumed (W & W-hr)
2026-08-02 13:44:35,389 INFO  [default]            source: Estimated
2026-08-02 13:44:35,389 INFO  [default]   cumulative: 122000
2026-08-02 13:44:35,389 INFO  [default]    inst rate: 0
2026-08-02 13:44:35,389 INFO  [default] commodity code 8 - Rated max consumption level electricity (W) is not recorded in the commodity CSV
2026-08-02 13:44:35,389 INFO  [default] commodity code: 6 - Total energy storage/take capacity (W-hr)
2026-08-02 13:44:35,389 INFO  [default]            source: Estimated
2026-08-02 13:44:35,390 INFO  [default]   cumulative: 9190
2026-08-02 13:44:35,390 INFO  [default]    inst rate: not used for this commodity code
2026-08-02 13:44:35,390 INFO  [default] commodity code: 7 - Present energy storage/take capacity (W-hr)
2026-08-02 13:44:35,390 INFO  [default]            source: Estimated
2026-08-02 13:44:35,390 INFO  [default]   cumulative: 0
2026-08-02 13:44:35,390 INFO  [default]    inst rate: not used for this commodity code
2026-08-02 13:44:35,592 INFO  [default] link ACK received: query_operational_state
2026-08-02 13:44:35,717 INFO  [default] operational state received: 0

Press Enter for a list of commands
2026-08-02 13:45:34,937 INFO  [default] link ACK received: get_commodity
2026-08-02 13:45:35,091 INFO  [default] message type supported received: 2
2026-08-02 13:45:35,092 INFO  [default] commodity response received. response code: 0 - success; count: 4
2026-08-02 13:45:35,092 INFO  [default] commodity code: 0 - Electricity consumed (W & W-hr)
2026-08-02 13:45:35,092 INFO  [default]            source: Estimated
2026-08-02 13:45:35,092 INFO  [default]   cumulative: 122000
2026-08-02 13:45:35,092 INFO  [default]    inst rate: 0
2026-08-02 13:45:35,093 INFO  [default] commodity code 8 - Rated max consumption level electricity (W) is not recorded in the commodity CSV
2026-08-02 13:45:35,093 INFO  [default] commodity code: 6 - Total energy storage/take capacity (W-hr)
2026-08-02 13:45:35,093 INFO  [default]            source: Estimated
2026-08-02 13:45:35,093 INFO  [default]   cumulative: 9190
2026-08-02 13:45:35,093 INFO  [default]    inst rate: not used for this commodity code
2026-08-02 13:45:35,093 INFO  [default] commodity code: 7 - Present energy storage/take capacity (W-hr)
2026-08-02 13:45:35,093 INFO  [default]            source: Estimated
2026-08-02 13:45:35,094 INFO  [default]   cumulative: 0
2026-08-02 13:45:35,094 INFO  [default]    inst rate: not used for this commodity code
2026-08-02 13:45:35,296 INFO  [default] link ACK received: query_operational_state
2026-08-02 13:45:35,421 INFO  [default] operational state received: 0

Press Enter for a list of commands
2026-08-02 13:46:35,639 INFO  [default] link ACK received: get_commodity
2026-08-02 13:46:35,794 INFO  [default] message type supported received: 2
2026-08-02 13:46:35,794 INFO  [default] commodity response received. response code: 0 - success; count: 4
2026-08-02 13:46:35,794 INFO  [default] commodity code: 0 - Electricity consumed (W & W-hr)
2026-08-02 13:46:35,794 INFO  [default]            source: Estimated
2026-08-02 13:46:35,795 INFO  [default]   cumulative: 122000
2026-08-02 13:46:35,795 INFO  [default]    inst rate: 0
2026-08-02 13:46:35,795 INFO  [default] commodity code 8 - Rated max consumption level electricity (W) is not recorded in the commodity CSV
2026-08-02 13:46:35,795 INFO  [default] commodity code: 6 - Total energy storage/take capacity (W-hr)
2026-08-02 13:46:35,795 INFO  [default]            source: Estimated
2026-08-02 13:46:35,795 INFO  [default]   cumulative: 9190
2026-08-02 13:46:35,795 INFO  [default]    inst rate: not used for this commodity code
2026-08-02 13:46:35,796 INFO  [default] commodity code: 7 - Present energy storage/take capacity (W-hr)
2026-08-02 13:46:35,796 INFO  [default]            source: Estimated
2026-08-02 13:46:35,796 INFO  [default]   cumulative: 0
2026-08-02 13:46:35,796 INFO  [default]    inst rate: not used for this commodity code
2026-08-02 13:46:35,999 INFO  [default] link ACK received: query_operational_state
2026-08-02 13:46:36,123 INFO  [default] operational state received: 0

Press Enter for a list of commands
2026-08-02 13:47:35,336 INFO  [default] link ACK received: get_commodity
2026-08-02 13:47:35,489 INFO  [default] message type supported received: 2
2026-08-02 13:47:35,490 INFO  [default] commodity response received. response code: 0 - success; count: 4
2026-08-02 13:47:35,490 INFO  [default] commodity code: 0 - Electricity consumed (W & W-hr)
2026-08-02 13:47:35,490 INFO  [default]            source: Estimated
2026-08-02 13:47:35,490 INFO  [default]   cumulative: 122000
2026-08-02 13:47:35,490 INFO  [default]    inst rate: 0
2026-08-02 13:47:35,491 INFO  [default] commodity code 8 - Rated max consumption level electricity (W) is not recorded in the commodity CSV
2026-08-02 13:47:35,491 INFO  [default] commodity code: 6 - Total energy storage/take capacity (W-hr)
2026-08-02 13:47:35,491 INFO  [default]            source: Estimated
2026-08-02 13:47:35,491 INFO  [default]   cumulative: 9190
2026-08-02 13:47:35,491 INFO  [default]    inst rate: not used for this commodity code
2026-08-02 13:47:35,491 INFO  [default] commodity code: 7 - Present energy storage/take capacity (W-hr)
2026-08-02 13:47:35,491 INFO  [default]            source: Estimated
2026-08-02 13:47:35,491 INFO  [default]   cumulative: 0
2026-08-02 13:47:35,492 INFO  [default]    inst rate: not used for this commodity code
2026-08-02 13:47:35,695 INFO  [default] link ACK received: query_operational_state
2026-08-02 13:47:35,818 INFO  [default] operational state received: 0

Press Enter for a list of commands
2026-08-02 13:48:35,035 INFO  [default] link ACK received: get_commodity
2026-08-02 13:48:35,188 INFO  [default] message type supported received: 2
2026-08-02 13:48:35,189 INFO  [default] commodity response received. response code: 0 - success; count: 4
2026-08-02 13:48:35,189 INFO  [default] commodity code: 0 - Electricity consumed (W & W-hr)
2026-08-02 13:48:35,189 INFO  [default]            source: Estimated
2026-08-02 13:48:35,189 INFO  [default]   cumulative: 122000
2026-08-02 13:48:35,190 INFO  [default]    inst rate: 0
2026-08-02 13:48:35,190 INFO  [default] commodity code 8 - Rated max consumption level electricity (W) is not recorded in the commodity CSV
2026-08-02 13:48:35,190 INFO  [default] commodity code: 6 - Total energy storage/take capacity (W-hr)
2026-08-02 13:48:35,190 INFO  [default]            source: Estimated
2026-08-02 13:48:35,190 INFO  [default]   cumulative: 9190
2026-08-02 13:48:35,190 INFO  [default]    inst rate: not used for this commodity code
2026-08-02 13:48:35,190 INFO  [default] commodity code: 7 - Present energy storage/take capacity (W-hr)
2026-08-02 13:48:35,190 INFO  [default]            source: Estimated
2026-08-02 13:48:35,191 INFO  [default]   cumulative: 0
2026-08-02 13:48:35,191 INFO  [default]    inst rate: not used for this commodity code
2026-08-02 13:48:35,393 INFO  [default] link ACK received: query_operational_state
2026-08-02 13:48:35,517 INFO  [default] operational state received: 0

Press Enter for a list of commands
2026-08-02 13:49:35,735 INFO  [default] link ACK received: get_commodity
2026-08-02 13:49:35,889 INFO  [default] message type supported received: 2
2026-08-02 13:49:35,890 INFO  [default] commodity response received. response code: 0 - success; count: 4
2026-08-02 13:49:35,890 INFO  [default] commodity code: 0 - Electricity consumed (W & W-hr)
2026-08-02 13:49:35,890 INFO  [default]            source: Estimated
2026-08-02 13:49:35,890 INFO  [default]   cumulative: 122000
2026-08-02 13:49:35,891 INFO  [default]    inst rate: 0
2026-08-02 13:49:35,891 INFO  [default] commodity code 8 - Rated max consumption level electricity (W) is not recorded in the commodity CSV
2026-08-02 13:49:35,891 INFO  [default] commodity code: 6 - Total energy storage/take capacity (W-hr)
2026-08-02 13:49:35,891 INFO  [default]            source: Estimated
2026-08-02 13:49:35,891 INFO  [default]   cumulative: 9190
2026-08-02 13:49:35,891 INFO  [default]    inst rate: not used for this commodity code
2026-08-02 13:49:35,891 INFO  [default] commodity code: 7 - Present energy storage/take capacity (W-hr)
2026-08-02 13:49:35,891 INFO  [default]            source: Estimated
2026-08-02 13:49:35,892 INFO  [default]   cumulative: 0
2026-08-02 13:49:35,892 INFO  [default]    inst rate: not used for this commodity code
2026-08-02 13:49:36,094 INFO  [default] link ACK received: query_operational_state
2026-08-02 13:49:36,217 INFO  [default] operational state received: 0

Press Enter for a list of commands
2026-08-02 13:50:35,433 INFO  [default] link ACK received: get_commodity
2026-08-02 13:50:35,587 INFO  [default] message type supported received: 2
2026-08-02 13:50:35,587 INFO  [default] commodity response received. response code: 0 - success; count: 4
2026-08-02 13:50:35,588 INFO  [default] commodity code: 0 - Electricity consumed (W & W-hr)
2026-08-02 13:50:35,588 INFO  [default]            source: Estimated
2026-08-02 13:50:35,588 INFO  [default]   cumulative: 122000
2026-08-02 13:50:35,588 INFO  [default]    inst rate: 0
2026-08-02 13:50:35,588 INFO  [default] commodity code 8 - Rated max consumption level electricity (W) is not recorded in the commodity CSV
2026-08-02 13:50:35,588 INFO  [default] commodity code: 6 - Total energy storage/take capacity (W-hr)
2026-08-02 13:50:35,589 INFO  [default]            source: Estimated
2026-08-02 13:50:35,589 INFO  [default]   cumulative: 9190
2026-08-02 13:50:35,589 INFO  [default]    inst rate: not used for this commodity code
2026-08-02 13:50:35,589 INFO  [default] commodity code: 7 - Present energy storage/take capacity (W-hr)
2026-08-02 13:50:35,589 INFO  [default]            source: Estimated
2026-08-02 13:50:35,589 INFO  [default]   cumulative: 0
2026-08-02 13:50:35,589 INFO  [default]    inst rate: not used for this commodity code
2026-08-02 13:50:35,792 INFO  [default] link ACK received: query_operational_state
2026-08-02 13:50:35,915 INFO  [default] operational state received: 0

Press Enter for a list of commands
2026-08-02 13:51:35,131 INFO  [default] link ACK received: get_commodity
2026-08-02 13:51:35,285 INFO  [default] message type supported received: 2
2026-08-02 13:51:35,286 INFO  [default] commodity response received. response code: 0 - success; count: 4
2026-08-02 13:51:35,286 INFO  [default] commodity code: 0 - Electricity consumed (W & W-hr)
2026-08-02 13:51:35,286 INFO  [default]            source: Estimated
2026-08-02 13:51:35,286 INFO  [default]   cumulative: 122000
2026-08-02 13:51:35,286 INFO  [default]    inst rate: 0
2026-08-02 13:51:35,287 INFO  [default] commodity code 8 - Rated max consumption level electricity (W) is not recorded in the commodity CSV
2026-08-02 13:51:35,287 INFO  [default] commodity code: 6 - Total energy storage/take capacity (W-hr)
2026-08-02 13:51:35,287 INFO  [default]            source: Estimated
2026-08-02 13:51:35,287 INFO  [default]   cumulative: 9190
2026-08-02 13:51:35,287 INFO  [default]    inst rate: not used for this commodity code
2026-08-02 13:51:35,287 INFO  [default] commodity code: 7 - Present energy storage/take capacity (W-hr)
2026-08-02 13:51:35,287 INFO  [default]            source: Estimated
2026-08-02 13:51:35,287 INFO  [default]   cumulative: 0
2026-08-02 13:51:35,288 INFO  [default]    inst rate: not used for this commodity code
2026-08-02 13:51:35,490 INFO  [default] link ACK received: query_operational_state
2026-08-02 13:51:35,615 INFO  [default] operational state received: 0

Press Enter for a list of commands
2026-08-02 13:52:34,833 INFO  [default] link ACK received: get_commodity
2026-08-02 13:52:34,987 INFO  [default] message type supported received: 2
2026-08-02 13:52:34,988 INFO  [default] commodity response received. response code: 0 - success; count: 4
2026-08-02 13:52:34,988 INFO  [default] commodity code: 0 - Electricity consumed (W & W-hr)
2026-08-02 13:52:34,988 INFO  [default]            source: Estimated
2026-08-02 13:52:34,988 INFO  [default]   cumulative: 122000
2026-08-02 13:52:34,988 INFO  [default]    inst rate: 0
2026-08-02 13:52:34,989 INFO  [default] commodity code 8 - Rated max consumption level electricity (W) is not recorded in the commodity CSV
2026-08-02 13:52:34,989 INFO  [default] commodity code: 6 - Total energy storage/take capacity (W-hr)
2026-08-02 13:52:34,989 INFO  [default]            source: Estimated
2026-08-02 13:52:34,989 INFO  [default]   cumulative: 9190
2026-08-02 13:52:34,989 INFO  [default]    inst rate: not used for this commodity code
2026-08-02 13:52:34,989 INFO  [default] commodity code: 7 - Present energy storage/take capacity (W-hr)
2026-08-02 13:52:34,989 INFO  [default]            source: Estimated
2026-08-02 13:52:34,990 INFO  [default]   cumulative: 0
2026-08-02 13:52:34,990 INFO  [default]    inst rate: not used for this commodity code
2026-08-02 13:52:35,192 INFO  [default] link ACK received: query_operational_state
2026-08-02 13:52:35,316 INFO  [default] operational state received: 0

Press Enter for a list of commands
2026-08-02 13:53:35,534 INFO  [default] link ACK received: get_commodity
2026-08-02 13:53:35,688 INFO  [default] message type supported received: 2
2026-08-02 13:53:35,689 INFO  [default] commodity response received. response code: 0 - success; count: 4
2026-08-02 13:53:35,689 INFO  [default] commodity code: 0 - Electricity consumed (W & W-hr)
2026-08-02 13:53:35,689 INFO  [default]            source: Estimated
2026-08-02 13:53:35,689 INFO  [default]   cumulative: 122000
2026-08-02 13:53:35,690 INFO  [default]    inst rate: 0
2026-08-02 13:53:35,690 INFO  [default] commodity code 8 - Rated max consumption level electricity (W) is not recorded in the commodity CSV
2026-08-02 13:53:35,690 INFO  [default] commodity code: 6 - Total energy storage/take capacity (W-hr)
2026-08-02 13:53:35,690 INFO  [default]            source: Estimated
2026-08-02 13:53:35,690 INFO  [default]   cumulative: 9190
2026-08-02 13:53:35,690 INFO  [default]    inst rate: not used for this commodity code
2026-08-02 13:53:35,690 INFO  [default] commodity code: 7 - Present energy storage/take capacity (W-hr)
2026-08-02 13:53:35,690 INFO  [default]            source: Estimated
2026-08-02 13:53:35,691 INFO  [default]   cumulative: 0
2026-08-02 13:53:35,691 INFO  [default]    inst rate: not used for this commodity code
2026-08-02 13:53:35,893 INFO  [default] link ACK received: query_operational_state
2026-08-02 13:53:36,018 INFO  [default] operational state received: 0

Press Enter for a list of commands
2026-08-02 13:54:35,234 INFO  [default] link ACK received: get_commodity
2026-08-02 13:54:35,388 INFO  [default] message type supported received: 2
2026-08-02 13:54:35,388 INFO  [default] commodity response received. response code: 0 - success; count: 4
2026-08-02 13:54:35,389 INFO  [default] commodity code: 0 - Electricity consumed (W & W-hr)
2026-08-02 13:54:35,389 INFO  [default]            source: Estimated
2026-08-02 13:54:35,389 INFO  [default]   cumulative: 122000
2026-08-02 13:54:35,389 INFO  [default]    inst rate: 0
2026-08-02 13:54:35,389 INFO  [default] commodity code 8 - Rated max consumption level electricity (W) is not recorded in the commodity CSV
2026-08-02 13:54:35,389 INFO  [default] commodity code: 6 - Total energy storage/take capacity (W-hr)
2026-08-02 13:54:35,389 INFO  [default]            source: Estimated
2026-08-02 13:54:35,389 INFO  [default]   cumulative: 9190
2026-08-02 13:54:35,390 INFO  [default]    inst rate: not used for this commodity code
2026-08-02 13:54:35,390 INFO  [default] commodity code: 7 - Present energy storage/take capacity (W-hr)
2026-08-02 13:54:35,390 INFO  [default]            source: Estimated
2026-08-02 13:54:35,390 INFO  [default]   cumulative: 0
2026-08-02 13:54:35,390 INFO  [default]    inst rate: not used for this commodity code
2026-08-02 13:54:35,594 INFO  [default] link ACK received: query_operational_state
2026-08-02 13:54:35,718 INFO  [default] operational state received: 0

Press Enter for a list of commands
2026-08-02 13:55:34,938 INFO  [default] link ACK received: get_commodity
2026-08-02 13:55:35,091 INFO  [default] message type supported received: 2
2026-08-02 13:55:35,091 INFO  [default] commodity response received. response code: 0 - success; count: 4
2026-08-02 13:55:35,092 INFO  [default] commodity code: 0 - Electricity consumed (W & W-hr)
2026-08-02 13:55:35,092 INFO  [default]            source: Estimated
2026-08-02 13:55:35,092 INFO  [default]   cumulative: 122000
2026-08-02 13:55:35,092 INFO  [default]    inst rate: 0
2026-08-02 13:55:35,093 INFO  [default] commodity code 8 - Rated max consumption level electricity (W) is not recorded in the commodity CSV
2026-08-02 13:55:35,093 INFO  [default] commodity code: 6 - Total energy storage/take capacity (W-hr)
2026-08-02 13:55:35,093 INFO  [default]            source: Estimated
2026-08-02 13:55:35,093 INFO  [default]   cumulative: 9190
2026-08-02 13:55:35,093 INFO  [default]    inst rate: not used for this commodity code
2026-08-02 13:55:35,093 INFO  [default] commodity code: 7 - Present energy storage/take capacity (W-hr)
2026-08-02 13:55:35,093 INFO  [default]            source: Estimated
2026-08-02 13:55:35,094 INFO  [default]   cumulative: 0
2026-08-02 13:55:35,094 INFO  [default]    inst rate: not used for this commodity code
2026-08-02 13:55:35,297 INFO  [default] link ACK received: query_operational_state
2026-08-02 13:55:35,422 INFO  [default] operational state received: 0

Press Enter for a list of commands
2026-08-02 13:56:35,643 INFO  [default] link ACK received: get_commodity
2026-08-02 13:56:35,797 INFO  [default] message type supported received: 2
2026-08-02 13:56:35,797 INFO  [default] commodity response received. response code: 0 - success; count: 4
2026-08-02 13:56:35,798 INFO  [default] commodity code: 0 - Electricity consumed (W & W-hr)
2026-08-02 13:56:35,798 INFO  [default]            source: Estimated
2026-08-02 13:56:35,798 INFO  [default]   cumulative: 122000
2026-08-02 13:56:35,798 INFO  [default]    inst rate: 0
2026-08-02 13:56:35,798 INFO  [default] commodity code 8 - Rated max consumption level electricity (W) is not recorded in the commodity CSV
2026-08-02 13:56:35,798 INFO  [default] commodity code: 6 - Total energy storage/take capacity (W-hr)
2026-08-02 13:56:35,798 INFO  [default]            source: Estimated
2026-08-02 13:56:35,799 INFO  [default]   cumulative: 9190
2026-08-02 13:56:35,799 INFO  [default]    inst rate: not used for this commodity code
2026-08-02 13:56:35,799 INFO  [default] commodity code: 7 - Present energy storage/take capacity (W-hr)
2026-08-02 13:56:35,799 INFO  [default]            source: Estimated
2026-08-02 13:56:35,799 INFO  [default]   cumulative: 0
2026-08-02 13:56:35,799 INFO  [default]    inst rate: not used for this commodity code
2026-08-02 13:56:36,002 INFO  [default] link ACK received: query_operational_state
2026-08-02 13:56:36,127 INFO  [default] operational state received: 0

Press Enter for a list of commands
2026-08-02 13:57:35,347 INFO  [default] link ACK received: get_commodity
2026-08-02 13:57:35,501 INFO  [default] message type supported received: 2
2026-08-02 13:57:35,501 INFO  [default] commodity response received. response code: 0 - success; count: 4
2026-08-02 13:57:35,502 INFO  [default] commodity code: 0 - Electricity consumed (W & W-hr)
2026-08-02 13:57:35,502 INFO  [default]            source: Estimated
2026-08-02 13:57:35,502 INFO  [default]   cumulative: 122000
2026-08-02 13:57:35,502 INFO  [default]    inst rate: 0
2026-08-02 13:57:35,502 INFO  [default] commodity code 8 - Rated max consumption level electricity (W) is not recorded in the commodity CSV
2026-08-02 13:57:35,503 INFO  [default] commodity code: 6 - Total energy storage/take capacity (W-hr)
2026-08-02 13:57:35,503 INFO  [default]            source: Estimated
2026-08-02 13:57:35,503 INFO  [default]   cumulative: 9190
2026-08-02 13:57:35,503 INFO  [default]    inst rate: not used for this commodity code
2026-08-02 13:57:35,503 INFO  [default] commodity code: 7 - Present energy storage/take capacity (W-hr)
2026-08-02 13:57:35,503 INFO  [default]            source: Estimated
2026-08-02 13:57:35,503 INFO  [default]   cumulative: 0
2026-08-02 13:57:35,503 INFO  [default]    inst rate: not used for this commodity code
2026-08-02 13:57:35,706 INFO  [default] link ACK received: query_operational_state
2026-08-02 13:57:35,830 INFO  [default] operational state received: 0

Press Enter for a list of commands
2026-08-02 13:58:35,045 INFO  [default] link ACK received: get_commodity
2026-08-02 13:58:35,199 INFO  [default] message type supported received: 2
2026-08-02 13:58:35,199 INFO  [default] commodity response received. response code: 0 - success; count: 4
2026-08-02 13:58:35,200 INFO  [default] commodity code: 0 - Electricity consumed (W & W-hr)
2026-08-02 13:58:35,200 INFO  [default]            source: Estimated
2026-08-02 13:58:35,200 INFO  [default]   cumulative: 122000
2026-08-02 13:58:35,200 INFO  [default]    inst rate: 0
2026-08-02 13:58:35,200 INFO  [default] commodity code 8 - Rated max consumption level electricity (W) is not recorded in the commodity CSV
2026-08-02 13:58:35,201 INFO  [default] commodity code: 6 - Total energy storage/take capacity (W-hr)
2026-08-02 13:58:35,201 INFO  [default]            source: Estimated
2026-08-02 13:58:35,201 INFO  [default]   cumulative: 9190
2026-08-02 13:58:35,201 INFO  [default]    inst rate: not used for this commodity code
2026-08-02 13:58:35,201 INFO  [default] commodity code: 7 - Present energy storage/take capacity (W-hr)
2026-08-02 13:58:35,201 INFO  [default]            source: Estimated
2026-08-02 13:58:35,201 INFO  [default]   cumulative: 110
2026-08-02 13:58:35,201 INFO  [default]    inst rate: not used for this commodity code
2026-08-02 13:58:35,404 INFO  [default] link ACK received: query_operational_state
2026-08-02 13:58:35,527 INFO  [default] operational state received: 0

Press Enter for a list of commands
2026-08-02 13:59:35,747 INFO  [default] link ACK received: get_commodity
2026-08-02 13:59:35,901 INFO  [default] message type supported received: 2
2026-08-02 13:59:35,901 INFO  [default] commodity response received. response code: 0 - success; count: 4
2026-08-02 13:59:35,901 INFO  [default] commodity code: 0 - Electricity consumed (W & W-hr)
2026-08-02 13:59:35,902 INFO  [default]            source: Estimated
2026-08-02 13:59:35,902 INFO  [default]   cumulative: 122000
2026-08-02 13:59:35,902 INFO  [default]    inst rate: 0
2026-08-02 13:59:35,902 INFO  [default] commodity code 8 - Rated max consumption level electricity (W) is not recorded in the commodity CSV
2026-08-02 13:59:35,902 INFO  [default] commodity code: 6 - Total energy storage/take capacity (W-hr)
2026-08-02 13:59:35,902 INFO  [default]            source: Estimated
2026-08-02 13:59:35,902 INFO  [default]   cumulative: 9190
2026-08-02 13:59:35,903 INFO  [default]    inst rate: not used for this commodity code
2026-08-02 13:59:35,903 INFO  [default] commodity code: 7 - Present energy storage/take capacity (W-hr)
2026-08-02 13:59:35,903 INFO  [default]            source: Estimated
2026-08-02 13:59:35,903 INFO  [default]   cumulative: 243
2026-08-02 13:59:35,903 INFO  [default]    inst rate: not used for this commodity code
2026-08-02 13:59:36,105 INFO  [default] link ACK received: query_operational_state
2026-08-02 13:59:36,229 INFO  [default] operational state received: 0

Press Enter for a list of commands
2026-08-02 14:00:35,440 INFO  [default] link ACK received: get_commodity
2026-08-02 14:00:35,594 INFO  [default] message type supported received: 2
2026-08-02 14:00:35,595 INFO  [default] commodity response received. response code: 0 - success; count: 4
2026-08-02 14:00:35,595 INFO  [default] commodity code: 0 - Electricity consumed (W & W-hr)
2026-08-02 14:00:35,595 INFO  [default]            source: Estimated
2026-08-02 14:00:35,595 INFO  [default]   cumulative: 122000
2026-08-02 14:00:35,595 INFO  [default]    inst rate: 0
2026-08-02 14:00:35,596 INFO  [default] commodity code 8 - Rated max consumption level electricity (W) is not recorded in the commodity CSV
2026-08-02 14:00:35,596 INFO  [default] commodity code: 6 - Total energy storage/take capacity (W-hr)
2026-08-02 14:00:35,596 INFO  [default]            source: Estimated
2026-08-02 14:00:35,596 INFO  [default]   cumulative: 9190
2026-08-02 14:00:35,596 INFO  [default]    inst rate: not used for this commodity code
2026-08-02 14:00:35,596 INFO  [default] commodity code: 7 - Present energy storage/take capacity (W-hr)
2026-08-02 14:00:35,596 INFO  [default]            source: Estimated
2026-08-02 14:00:35,597 INFO  [default]   cumulative: 353
2026-08-02 14:00:35,597 INFO  [default]    inst rate: not used for this commodity code
2026-08-02 14:00:35,799 INFO  [default] link ACK received: query_operational_state
2026-08-02 14:00:35,924 INFO  [default] operational state received: 0

Press Enter for a list of commands
2026-08-02 14:01:35,140 INFO  [default] link ACK received: get_commodity
2026-08-02 14:01:35,293 INFO  [default] message type supported received: 2
2026-08-02 14:01:35,294 INFO  [default] commodity response received. response code: 0 - success; count: 4
2026-08-02 14:01:35,294 INFO  [default] commodity code: 0 - Electricity consumed (W & W-hr)
2026-08-02 14:01:35,294 INFO  [default]            source: Estimated
2026-08-02 14:01:35,294 INFO  [default]   cumulative: 122000
2026-08-02 14:01:35,295 INFO  [default]    inst rate: 0
2026-08-02 14:01:35,295 INFO  [default] commodity code 8 - Rated max consumption level electricity (W) is not recorded in the commodity CSV
2026-08-02 14:01:35,295 INFO  [default] commodity code: 6 - Total energy storage/take capacity (W-hr)
2026-08-02 14:01:35,295 INFO  [default]            source: Estimated
2026-08-02 14:01:35,295 INFO  [default]   cumulative: 9190
2026-08-02 14:01:35,295 INFO  [default]    inst rate: not used for this commodity code
2026-08-02 14:01:35,295 INFO  [default] commodity code: 7 - Present energy storage/take capacity (W-hr)
2026-08-02 14:01:35,295 INFO  [default]            source: Estimated
2026-08-02 14:01:35,296 INFO  [default]   cumulative: 375
2026-08-02 14:01:35,296 INFO  [default]    inst rate: not used for this commodity code
2026-08-02 14:01:35,498 INFO  [default] link ACK received: query_operational_state
2026-08-02 14:01:35,621 INFO  [default] operational state received: 0

Press Enter for a list of commands
2026-08-02 14:02:34,832 INFO  [default] link ACK received: get_commodity
2026-08-02 14:02:34,986 INFO  [default] message type supported received: 2
2026-08-02 14:02:34,986 INFO  [default] commodity response received. response code: 0 - success; count: 4
2026-08-02 14:02:34,986 INFO  [default] commodity code: 0 - Electricity consumed (W & W-hr)
2026-08-02 14:02:34,986 INFO  [default]            source: Estimated
2026-08-02 14:02:34,986 INFO  [default]   cumulative: 122000
2026-08-02 14:02:34,987 INFO  [default]    inst rate: 0
2026-08-02 14:02:34,987 INFO  [default] commodity code 8 - Rated max consumption level electricity (W) is not recorded in the commodity CSV
2026-08-02 14:02:34,987 INFO  [default] commodity code: 6 - Total energy storage/take capacity (W-hr)
2026-08-02 14:02:34,987 INFO  [default]            source: Estimated
2026-08-02 14:02:34,987 INFO  [default]   cumulative: 9190
2026-08-02 14:02:34,987 INFO  [default]    inst rate: not used for this commodity code
2026-08-02 14:02:34,987 INFO  [default] commodity code: 7 - Present energy storage/take capacity (W-hr)
2026-08-02 14:02:34,987 INFO  [default]            source: Estimated
2026-08-02 14:02:34,988 INFO  [default]   cumulative: 419
2026-08-02 14:02:34,988 INFO  [default]    inst rate: not used for this commodity code
2026-08-02 14:02:35,190 INFO  [default] link ACK received: query_operational_state
2026-08-02 14:02:35,313 INFO  [default] operational state received: 0

Press Enter for a list of commands
2026-08-02 14:03:35,534 INFO  [default] link ACK received: get_commodity
2026-08-02 14:03:35,688 INFO  [default] message type supported received: 2
2026-08-02 14:03:35,688 INFO  [default] commodity response received. response code: 0 - success; count: 4
2026-08-02 14:03:35,689 INFO  [default] commodity code: 0 - Electricity consumed (W & W-hr)
2026-08-02 14:03:35,689 INFO  [default]            source: Estimated
2026-08-02 14:03:35,689 INFO  [default]   cumulative: 122000
2026-08-02 14:03:35,689 INFO  [default]    inst rate: 0
2026-08-02 14:03:35,689 INFO  [default] commodity code 8 - Rated max consumption level electricity (W) is not recorded in the commodity CSV
2026-08-02 14:03:35,689 INFO  [default] commodity code: 6 - Total energy storage/take capacity (W-hr)
2026-08-02 14:03:35,690 INFO  [default]            source: Estimated
2026-08-02 14:03:35,690 INFO  [default]   cumulative: 9190
2026-08-02 14:03:35,690 INFO  [default]    inst rate: not used for this commodity code
2026-08-02 14:03:35,690 INFO  [default] commodity code: 7 - Present energy storage/take capacity (W-hr)
2026-08-02 14:03:35,690 INFO  [default]            source: Estimated
2026-08-02 14:03:35,690 INFO  [default]   cumulative: 397
2026-08-02 14:03:35,690 INFO  [default]    inst rate: not used for this commodity code
2026-08-02 14:03:35,893 INFO  [default] link ACK received: query_operational_state
2026-08-02 14:03:36,018 INFO  [default] operational state received: 0

Press Enter for a list of commands
2026-08-02 14:04:35,234 INFO  [default] link ACK received: get_commodity
2026-08-02 14:04:35,387 INFO  [default] message type supported received: 2
2026-08-02 14:04:35,387 INFO  [default] commodity response received. response code: 0 - success; count: 4
2026-08-02 14:04:35,388 INFO  [default] commodity code: 0 - Electricity consumed (W & W-hr)
2026-08-02 14:04:35,388 INFO  [default]            source: Estimated
2026-08-02 14:04:35,388 INFO  [default]   cumulative: 122000
2026-08-02 14:04:35,388 INFO  [default]    inst rate: 0
2026-08-02 14:04:35,388 INFO  [default] commodity code 8 - Rated max consumption level electricity (W) is not recorded in the commodity CSV
2026-08-02 14:04:35,388 INFO  [default] commodity code: 6 - Total energy storage/take capacity (W-hr)
2026-08-02 14:04:35,388 INFO  [default]            source: Estimated
2026-08-02 14:04:35,389 INFO  [default]   cumulative: 9190
2026-08-02 14:04:35,389 INFO  [default]    inst rate: not used for this commodity code
2026-08-02 14:04:35,389 INFO  [default] commodity code: 7 - Present energy storage/take capacity (W-hr)
2026-08-02 14:04:35,389 INFO  [default]            source: Estimated
2026-08-02 14:04:35,389 INFO  [default]   cumulative: 397
2026-08-02 14:04:35,389 INFO  [default]    inst rate: not used for this commodity code
2026-08-02 14:04:35,592 INFO  [default] link ACK received: query_operational_state
2026-08-02 14:04:35,716 INFO  [default] operational state received: 0

Press Enter for a list of commands
2026-08-02 14:05:34,932 INFO  [default] link ACK received: get_commodity
2026-08-02 14:05:35,088 INFO  [default] message type supported received: 2
2026-08-02 14:05:35,088 INFO  [default] commodity response received. response code: 0 - success; count: 4
2026-08-02 14:05:35,089 INFO  [default] commodity code: 0 - Electricity consumed (W & W-hr)
2026-08-02 14:05:35,089 INFO  [default]            source: Estimated
2026-08-02 14:05:35,089 INFO  [default]   cumulative: 122000
2026-08-02 14:05:35,089 INFO  [default]    inst rate: 0
2026-08-02 14:05:35,089 INFO  [default] commodity code 8 - Rated max consumption level electricity (W) is not recorded in the commodity CSV
2026-08-02 14:05:35,089 INFO  [default] commodity code: 6 - Total energy storage/take capacity (W-hr)
2026-08-02 14:05:35,089 INFO  [default]            source: Estimated
2026-08-02 14:05:35,090 INFO  [default]   cumulative: 9190
2026-08-02 14:05:35,090 INFO  [default]    inst rate: not used for this commodity code
2026-08-02 14:05:35,090 INFO  [default] commodity code: 7 - Present energy storage/take capacity (W-hr)
2026-08-02 14:05:35,090 INFO  [default]            source: Estimated
2026-08-02 14:05:35,090 INFO  [default]   cumulative: 419
2026-08-02 14:05:35,090 INFO  [default]    inst rate: not used for this commodity code
2026-08-02 14:05:35,293 INFO  [default] link ACK received: query_operational_state
2026-08-02 14:05:35,417 INFO  [default] operational state received: 0

Press Enter for a list of commands
2026-08-02 14:06:35,636 INFO  [default] link ACK received: get_commodity
2026-08-02 14:06:35,789 INFO  [default] message type supported received: 2
2026-08-02 14:06:35,790 INFO  [default] commodity response received. response code: 0 - success; count: 4
2026-08-02 14:06:35,790 INFO  [default] commodity code: 0 - Electricity consumed (W & W-hr)
2026-08-02 14:06:35,790 INFO  [default]            source: Estimated
2026-08-02 14:06:35,790 INFO  [default]   cumulative: 122000
2026-08-02 14:06:35,791 INFO  [default]    inst rate: 0
2026-08-02 14:06:35,791 INFO  [default] commodity code 8 - Rated max consumption level electricity (W) is not recorded in the commodity CSV
2026-08-02 14:06:35,791 INFO  [default] commodity code: 6 - Total energy storage/take capacity (W-hr)
2026-08-02 14:06:35,791 INFO  [default]            source: Estimated
2026-08-02 14:06:35,791 INFO  [default]   cumulative: 9190
2026-08-02 14:06:35,791 INFO  [default]    inst rate: not used for this commodity code
2026-08-02 14:06:35,791 INFO  [default] commodity code: 7 - Present energy storage/take capacity (W-hr)
2026-08-02 14:06:35,791 INFO  [default]            source: Estimated
2026-08-02 14:06:35,792 INFO  [default]   cumulative: 419
2026-08-02 14:06:35,792 INFO  [default]    inst rate: not used for this commodity code
2026-08-02 14:06:35,995 INFO  [default] link ACK received: query_operational_state
2026-08-02 14:06:36,118 INFO  [default] operational state received: 0

Press Enter for a list of commands
2026-08-02 14:07:35,338 INFO  [default] link ACK received: get_commodity
2026-08-02 14:07:35,492 INFO  [default] message type supported received: 2
2026-08-02 14:07:35,493 INFO  [default] commodity response received. response code: 0 - success; count: 4
2026-08-02 14:07:35,493 INFO  [default] commodity code: 0 - Electricity consumed (W & W-hr)
2026-08-02 14:07:35,493 INFO  [default]            source: Estimated
2026-08-02 14:07:35,493 INFO  [default]   cumulative: 122000
2026-08-02 14:07:35,494 INFO  [default]    inst rate: 0
2026-08-02 14:07:35,494 INFO  [default] commodity code 8 - Rated max consumption level electricity (W) is not recorded in the commodity CSV
2026-08-02 14:07:35,494 INFO  [default] commodity code: 6 - Total energy storage/take capacity (W-hr)
2026-08-02 14:07:35,494 INFO  [default]            source: Estimated
2026-08-02 14:07:35,494 INFO  [default]   cumulative: 9190
2026-08-02 14:07:35,494 INFO  [default]    inst rate: not used for this commodity code
2026-08-02 14:07:35,494 INFO  [default] commodity code: 7 - Present energy storage/take capacity (W-hr)
2026-08-02 14:07:35,495 INFO  [default]            source: Estimated
2026-08-02 14:07:35,495 INFO  [default]   cumulative: 419
2026-08-02 14:07:35,495 INFO  [default]    inst rate: not used for this commodity code
2026-08-02 14:07:35,698 INFO  [default] link ACK received: query_operational_state
2026-08-02 14:07:35,821 INFO  [default] operational state received: 0

Press Enter for a list of commands
2026-08-02 14:08:35,040 INFO  [default] link ACK received: get_commodity
2026-08-02 14:08:35,193 INFO  [default] message type supported received: 2
2026-08-02 14:08:35,194 INFO  [default] commodity response received. response code: 0 - success; count: 4
2026-08-02 14:08:35,194 INFO  [default] commodity code: 0 - Electricity consumed (W & W-hr)
2026-08-02 14:08:35,194 INFO  [default]            source: Estimated
2026-08-02 14:08:35,194 INFO  [default]   cumulative: 122000
2026-08-02 14:08:35,194 INFO  [default]    inst rate: 0
2026-08-02 14:08:35,195 INFO  [default] commodity code 8 - Rated max consumption level electricity (W) is not recorded in the commodity CSV
2026-08-02 14:08:35,195 INFO  [default] commodity code: 6 - Total energy storage/take capacity (W-hr)
2026-08-02 14:08:35,195 INFO  [default]            source: Estimated
2026-08-02 14:08:35,195 INFO  [default]   cumulative: 9190
2026-08-02 14:08:35,195 INFO  [default]    inst rate: not used for this commodity code
2026-08-02 14:08:35,195 INFO  [default] commodity code: 7 - Present energy storage/take capacity (W-hr)
2026-08-02 14:08:35,195 INFO  [default]            source: Estimated
2026-08-02 14:08:35,196 INFO  [default]   cumulative: 419
2026-08-02 14:08:35,196 INFO  [default]    inst rate: not used for this commodity code
2026-08-02 14:08:35,399 INFO  [default] link ACK received: query_operational_state
2026-08-02 14:08:35,522 INFO  [default] operational state received: 0

Press Enter for a list of commands
2026-08-02 14:09:35,737 INFO  [default] link ACK received: get_commodity
2026-08-02 14:09:35,892 INFO  [default] message type supported received: 2
2026-08-02 14:09:35,892 INFO  [default] commodity response received. response code: 0 - success; count: 4
2026-08-02 14:09:35,893 INFO  [default] commodity code: 0 - Electricity consumed (W & W-hr)
2026-08-02 14:09:35,893 INFO  [default]            source: Estimated
2026-08-02 14:09:35,893 INFO  [default]   cumulative: 122000
2026-08-02 14:09:35,893 INFO  [default]    inst rate: 0
2026-08-02 14:09:35,893 INFO  [default] commodity code 8 - Rated max consumption level electricity (W) is not recorded in the commodity CSV
2026-08-02 14:09:35,894 INFO  [default] commodity code: 6 - Total energy storage/take capacity (W-hr)
2026-08-02 14:09:35,894 INFO  [default]            source: Estimated
2026-08-02 14:09:35,894 INFO  [default]   cumulative: 9190
2026-08-02 14:09:35,894 INFO  [default]    inst rate: not used for this commodity code
2026-08-02 14:09:35,894 INFO  [default] commodity code: 7 - Present energy storage/take capacity (W-hr)
2026-08-02 14:09:35,894 INFO  [default]            source: Estimated
2026-08-02 14:09:35,894 INFO  [default]   cumulative: 441
2026-08-02 14:09:35,894 INFO  [default]    inst rate: not used for this commodity code
2026-08-02 14:09:36,100 INFO  [default] link ACK received: query_operational_state
2026-08-02 14:09:36,223 INFO  [default] operational state received: 0

Press Enter for a list of commands
2026-08-02 14:10:35,433 INFO  [default] link ACK received: get_commodity
2026-08-02 14:10:35,587 INFO  [default] message type supported received: 2
2026-08-02 14:10:35,588 INFO  [default] commodity response received. response code: 0 - success; count: 4
2026-08-02 14:10:35,588 INFO  [default] commodity code: 0 - Electricity consumed (W & W-hr)
2026-08-02 14:10:35,588 INFO  [default]            source: Estimated
2026-08-02 14:10:35,588 INFO  [default]   cumulative: 122000
2026-08-02 14:10:35,589 INFO  [default]    inst rate: 0
2026-08-02 14:10:35,589 INFO  [default] commodity code 8 - Rated max consumption level electricity (W) is not recorded in the commodity CSV
2026-08-02 14:10:35,589 INFO  [default] commodity code: 6 - Total energy storage/take capacity (W-hr)
2026-08-02 14:10:35,589 INFO  [default]            source: Estimated
2026-08-02 14:10:35,589 INFO  [default]   cumulative: 9190
2026-08-02 14:10:35,589 INFO  [default]    inst rate: not used for this commodity code
2026-08-02 14:10:35,589 INFO  [default] commodity code: 7 - Present energy storage/take capacity (W-hr)
2026-08-02 14:10:35,590 INFO  [default]            source: Estimated
2026-08-02 14:10:35,590 INFO  [default]   cumulative: 441
2026-08-02 14:10:35,590 INFO  [default]    inst rate: not used for this commodity code
2026-08-02 14:10:35,792 INFO  [default] link ACK received: query_operational_state
2026-08-02 14:10:35,916 INFO  [default] operational state received: 0

Press Enter for a list of commands
2026-08-02 14:11:35,133 INFO  [default] link ACK received: get_commodity
2026-08-02 14:11:35,288 INFO  [default] message type supported received: 2
2026-08-02 14:11:35,288 INFO  [default] commodity response received. response code: 0 - success; count: 4
2026-08-02 14:11:35,288 INFO  [default] commodity code: 0 - Electricity consumed (W & W-hr)
2026-08-02 14:11:35,289 INFO  [default]            source: Estimated
2026-08-02 14:11:35,289 INFO  [default]   cumulative: 122000
2026-08-02 14:11:35,289 INFO  [default]    inst rate: 0
2026-08-02 14:11:35,289 INFO  [default] commodity code 8 - Rated max consumption level electricity (W) is not recorded in the commodity CSV
2026-08-02 14:11:35,289 INFO  [default] commodity code: 6 - Total energy storage/take capacity (W-hr)
2026-08-02 14:11:35,289 INFO  [default]            source: Estimated
2026-08-02 14:11:35,289 INFO  [default]   cumulative: 9190
2026-08-02 14:11:35,290 INFO  [default]    inst rate: not used for this commodity code
2026-08-02 14:11:35,290 INFO  [default] commodity code: 7 - Present energy storage/take capacity (W-hr)
2026-08-02 14:11:35,290 INFO  [default]            source: Estimated
2026-08-02 14:11:35,290 INFO  [default]   cumulative: 441
2026-08-02 14:11:35,290 INFO  [default]    inst rate: not used for this commodity code
2026-08-02 14:11:35,493 INFO  [default] link ACK received: query_operational_state
2026-08-02 14:11:35,616 INFO  [default] operational state received: 0

Press Enter for a list of commands
2026-08-02 14:12:34,834 INFO  [default] link ACK received: get_commodity
2026-08-02 14:12:34,988 INFO  [default] message type supported received: 2
2026-08-02 14:12:34,988 INFO  [default] commodity response received. response code: 0 - success; count: 4
2026-08-02 14:12:34,988 INFO  [default] commodity code: 0 - Electricity consumed (W & W-hr)
2026-08-02 14:12:34,988 INFO  [default]            source: Estimated
2026-08-02 14:12:34,989 INFO  [default]   cumulative: 122000
2026-08-02 14:12:34,989 INFO  [default]    inst rate: 0
2026-08-02 14:12:34,989 INFO  [default] commodity code 8 - Rated max consumption level electricity (W) is not recorded in the commodity CSV
2026-08-02 14:12:34,989 INFO  [default] commodity code: 6 - Total energy storage/take capacity (W-hr)
2026-08-02 14:12:34,989 INFO  [default]            source: Estimated
2026-08-02 14:12:34,989 INFO  [default]   cumulative: 9190
2026-08-02 14:12:34,989 INFO  [default]    inst rate: not used for this commodity code
2026-08-02 14:12:34,990 INFO  [default] commodity code: 7 - Present energy storage/take capacity (W-hr)
2026-08-02 14:12:34,990 INFO  [default]            source: Estimated
2026-08-02 14:12:34,990 INFO  [default]   cumulative: 441
2026-08-02 14:12:34,990 INFO  [default]    inst rate: not used for this commodity code
2026-08-02 14:12:35,195 INFO  [default] link ACK received: query_operational_state
2026-08-02 14:12:35,318 INFO  [default] operational state received: 0

Press Enter for a list of commands
2026-08-02 14:13:35,537 INFO  [default] link ACK received: get_commodity
2026-08-02 14:13:35,693 INFO  [default] message type supported received: 2
2026-08-02 14:13:35,693 INFO  [default] commodity response received. response code: 0 - success; count: 4
2026-08-02 14:13:35,694 INFO  [default] commodity code: 0 - Electricity consumed (W & W-hr)
2026-08-02 14:13:35,694 INFO  [default]            source: Estimated
2026-08-02 14:13:35,694 INFO  [default]   cumulative: 122000
2026-08-02 14:13:35,694 INFO  [default]    inst rate: 0
2026-08-02 14:13:35,694 INFO  [default] commodity code 8 - Rated max consumption level electricity (W) is not recorded in the commodity CSV
2026-08-02 14:13:35,694 INFO  [default] commodity code: 6 - Total energy storage/take capacity (W-hr)
2026-08-02 14:13:35,694 INFO  [default]            source: Estimated
2026-08-02 14:13:35,694 INFO  [default]   cumulative: 9190
2026-08-02 14:13:35,695 INFO  [default]    inst rate: not used for this commodity code
2026-08-02 14:13:35,695 INFO  [default] commodity code: 7 - Present energy storage/take capacity (W-hr)
2026-08-02 14:13:35,695 INFO  [default]            source: Estimated
2026-08-02 14:13:35,695 INFO  [default]   cumulative: 441
2026-08-02 14:13:35,695 INFO  [default]    inst rate: not used for this commodity code
2026-08-02 14:13:35,897 INFO  [default] link ACK received: query_operational_state
2026-08-02 14:13:36,022 INFO  [default] operational state received: 0

Press Enter for a list of commands
2026-08-02 14:14:35,236 INFO  [default] link ACK received: get_commodity
2026-08-02 14:14:35,389 INFO  [default] message type supported received: 2
2026-08-02 14:14:35,389 INFO  [default] commodity response received. response code: 0 - success; count: 4
2026-08-02 14:14:35,390 INFO  [default] commodity code: 0 - Electricity consumed (W & W-hr)
2026-08-02 14:14:35,390 INFO  [default]            source: Estimated
2026-08-02 14:14:35,390 INFO  [default]   cumulative: 122000
2026-08-02 14:14:35,390 INFO  [default]    inst rate: 0
2026-08-02 14:14:35,390 INFO  [default] commodity code 8 - Rated max consumption level electricity (W) is not recorded in the commodity CSV
2026-08-02 14:14:35,390 INFO  [default] commodity code: 6 - Total energy storage/take capacity (W-hr)
2026-08-02 14:14:35,390 INFO  [default]            source: Estimated
2026-08-02 14:14:35,391 INFO  [default]   cumulative: 9190
2026-08-02 14:14:35,391 INFO  [default]    inst rate: not used for this commodity code
2026-08-02 14:14:35,391 INFO  [default] commodity code: 7 - Present energy storage/take capacity (W-hr)
2026-08-02 14:14:35,391 INFO  [default]            source: Estimated
2026-08-02 14:14:35,391 INFO  [default]   cumulative: 441
2026-08-02 14:14:35,391 INFO  [default]    inst rate: not used for this commodity code
2026-08-02 14:14:35,594 INFO  [default] link ACK received: query_operational_state
2026-08-02 14:14:35,718 INFO  [default] operational state received: 0

Press Enter for a list of commands
2026-08-02 14:15:34,933 INFO  [default] link ACK received: get_commodity
2026-08-02 14:15:35,087 INFO  [default] message type supported received: 2
2026-08-02 14:15:35,087 INFO  [default] commodity response received. response code: 0 - success; count: 4
2026-08-02 14:15:35,087 INFO  [default] commodity code: 0 - Electricity consumed (W & W-hr)
2026-08-02 14:15:35,087 INFO  [default]            source: Estimated
2026-08-02 14:15:35,088 INFO  [default]   cumulative: 122000
2026-08-02 14:15:35,088 INFO  [default]    inst rate: 0
2026-08-02 14:15:35,088 INFO  [default] commodity code 8 - Rated max consumption level electricity (W) is not recorded in the commodity CSV
2026-08-02 14:15:35,088 INFO  [default] commodity code: 6 - Total energy storage/take capacity (W-hr)
2026-08-02 14:15:35,088 INFO  [default]            source: Estimated
2026-08-02 14:15:35,088 INFO  [default]   cumulative: 9190
2026-08-02 14:15:35,088 INFO  [default]    inst rate: not used for this commodity code
2026-08-02 14:15:35,088 INFO  [default] commodity code: 7 - Present energy storage/take capacity (W-hr)
2026-08-02 14:15:35,089 INFO  [default]            source: Estimated
2026-08-02 14:15:35,089 INFO  [default]   cumulative: 463
2026-08-02 14:15:35,089 INFO  [default]    inst rate: not used for this commodity code
2026-08-02 14:15:35,291 INFO  [default] link ACK received: query_operational_state
2026-08-02 14:15:35,415 INFO  [default] operational state received: 0

Press Enter for a list of commands
2026-08-02 14:16:35,632 INFO  [default] link ACK received: get_commodity
2026-08-02 14:16:35,786 INFO  [default] message type supported received: 2
2026-08-02 14:16:35,786 INFO  [default] commodity response received. response code: 0 - success; count: 4
2026-08-02 14:16:35,787 INFO  [default] commodity code: 0 - Electricity consumed (W & W-hr)
2026-08-02 14:16:35,787 INFO  [default]            source: Estimated
2026-08-02 14:16:35,787 INFO  [default]   cumulative: 122000
2026-08-02 14:16:35,787 INFO  [default]    inst rate: 0
2026-08-02 14:16:35,787 INFO  [default] commodity code 8 - Rated max consumption level electricity (W) is not recorded in the commodity CSV
2026-08-02 14:16:35,787 INFO  [default] commodity code: 6 - Total energy storage/take capacity (W-hr)
2026-08-02 14:16:35,788 INFO  [default]            source: Estimated
2026-08-02 14:16:35,788 INFO  [default]   cumulative: 9190
2026-08-02 14:16:35,788 INFO  [default]    inst rate: not used for this commodity code
2026-08-02 14:16:35,788 INFO  [default] commodity code: 7 - Present energy storage/take capacity (W-hr)
2026-08-02 14:16:35,788 INFO  [default]            source: Estimated
2026-08-02 14:16:35,788 INFO  [default]   cumulative: 463
2026-08-02 14:16:35,788 INFO  [default]    inst rate: not used for this commodity code
2026-08-02 14:16:35,991 INFO  [default] link ACK received: query_operational_state
2026-08-02 14:16:36,115 INFO  [default] operational state received: 0

Press Enter for a list of commands
2026-08-02 14:17:35,331 INFO  [default] link ACK received: get_commodity
2026-08-02 14:17:35,484 INFO  [default] message type supported received: 2
2026-08-02 14:17:35,484 INFO  [default] commodity response received. response code: 0 - success; count: 4
2026-08-02 14:17:35,485 INFO  [default] commodity code: 0 - Electricity consumed (W & W-hr)
2026-08-02 14:17:35,485 INFO  [default]            source: Estimated
2026-08-02 14:17:35,485 INFO  [default]   cumulative: 122000
2026-08-02 14:17:35,485 INFO  [default]    inst rate: 0
2026-08-02 14:17:35,486 INFO  [default] commodity code 8 - Rated max consumption level electricity (W) is not recorded in the commodity CSV
2026-08-02 14:17:35,486 INFO  [default] commodity code: 6 - Total energy storage/take capacity (W-hr)
2026-08-02 14:17:35,486 INFO  [default]            source: Estimated
2026-08-02 14:17:35,486 INFO  [default]   cumulative: 9190
2026-08-02 14:17:35,486 INFO  [default]    inst rate: not used for this commodity code
2026-08-02 14:17:35,486 INFO  [default] commodity code: 7 - Present energy storage/take capacity (W-hr)
2026-08-02 14:17:35,486 INFO  [default]            source: Estimated
2026-08-02 14:17:35,486 INFO  [default]   cumulative: 463
2026-08-02 14:17:35,487 INFO  [default]    inst rate: not used for this commodity code
2026-08-02 14:17:35,689 INFO  [default] link ACK received: query_operational_state
2026-08-02 14:17:35,813 INFO  [default] operational state received: 0

Press Enter for a list of commands
2026-08-02 14:18:35,032 INFO  [default] link ACK received: get_commodity
2026-08-02 14:18:35,185 INFO  [default] message type supported received: 2
2026-08-02 14:18:35,185 INFO  [default] commodity response received. response code: 0 - success; count: 4
2026-08-02 14:18:35,186 INFO  [default] commodity code: 0 - Electricity consumed (W & W-hr)
2026-08-02 14:18:35,186 INFO  [default]            source: Estimated
2026-08-02 14:18:35,186 INFO  [default]   cumulative: 122000
2026-08-02 14:18:35,186 INFO  [default]    inst rate: 0
2026-08-02 14:18:35,186 INFO  [default] commodity code 8 - Rated max consumption level electricity (W) is not recorded in the commodity CSV
2026-08-02 14:18:35,187 INFO  [default] commodity code: 6 - Total energy storage/take capacity (W-hr)
2026-08-02 14:18:35,187 INFO  [default]            source: Estimated
2026-08-02 14:18:35,187 INFO  [default]   cumulative: 9190
2026-08-02 14:18:35,187 INFO  [default]    inst rate: not used for this commodity code
2026-08-02 14:18:35,187 INFO  [default] commodity code: 7 - Present energy storage/take capacity (W-hr)
2026-08-02 14:18:35,187 INFO  [default]            source: Estimated
2026-08-02 14:18:35,187 INFO  [default]   cumulative: 463
2026-08-02 14:18:35,187 INFO  [default]    inst rate: not used for this commodity code
2026-08-02 14:18:35,390 INFO  [default] link ACK received: query_operational_state
2026-08-02 14:18:35,514 INFO  [default] operational state received: 0

Press Enter for a list of commands
2026-08-02 14:19:35,727 INFO  [default] link ACK received: get_commodity
2026-08-02 14:19:35,881 INFO  [default] message type supported received: 2
2026-08-02 14:19:35,881 INFO  [default] commodity response received. response code: 0 - success; count: 4
2026-08-02 14:19:35,882 INFO  [default] commodity code: 0 - Electricity consumed (W & W-hr)
2026-08-02 14:19:35,882 INFO  [default]            source: Estimated
2026-08-02 14:19:35,882 INFO  [default]   cumulative: 122000
2026-08-02 14:19:35,882 INFO  [default]    inst rate: 0
2026-08-02 14:19:35,882 INFO  [default] commodity code 8 - Rated max consumption level electricity (W) is not recorded in the commodity CSV
2026-08-02 14:19:35,882 INFO  [default] commodity code: 6 - Total energy storage/take capacity (W-hr)
2026-08-02 14:19:35,882 INFO  [default]            source: Estimated
2026-08-02 14:19:35,883 INFO  [default]   cumulative: 9190
2026-08-02 14:19:35,883 INFO  [default]    inst rate: not used for this commodity code
2026-08-02 14:19:35,883 INFO  [default] commodity code: 7 - Present energy storage/take capacity (W-hr)
2026-08-02 14:19:35,883 INFO  [default]            source: Estimated
2026-08-02 14:19:35,883 INFO  [default]   cumulative: 463
2026-08-02 14:19:35,883 INFO  [default]    inst rate: not used for this commodity code
2026-08-02 14:19:36,086 INFO  [default] link ACK received: query_operational_state
2026-08-02 14:19:36,209 INFO  [default] operational state received: 0

Press Enter for a list of commands
2026-08-02 14:20:35,422 INFO  [default] link ACK received: get_commodity
2026-08-02 14:20:35,575 INFO  [default] message type supported received: 2
2026-08-02 14:20:35,575 INFO  [default] commodity response received. response code: 0 - success; count: 4
2026-08-02 14:20:35,576 INFO  [default] commodity code: 0 - Electricity consumed (W & W-hr)
2026-08-02 14:20:35,576 INFO  [default]            source: Estimated
2026-08-02 14:20:35,576 INFO  [default]   cumulative: 122000
2026-08-02 14:20:35,576 INFO  [default]    inst rate: 0
2026-08-02 14:20:35,577 INFO  [default] commodity code 8 - Rated max consumption level electricity (W) is not recorded in the commodity CSV
2026-08-02 14:20:35,577 INFO  [default] commodity code: 6 - Total energy storage/take capacity (W-hr)
2026-08-02 14:20:35,577 INFO  [default]            source: Estimated
2026-08-02 14:20:35,577 INFO  [default]   cumulative: 9190
2026-08-02 14:20:35,577 INFO  [default]    inst rate: not used for this commodity code
2026-08-02 14:20:35,577 INFO  [default] commodity code: 7 - Present energy storage/take capacity (W-hr)
2026-08-02 14:20:35,577 INFO  [default]            source: Estimated
2026-08-02 14:20:35,577 INFO  [default]   cumulative: 463
2026-08-02 14:20:35,578 INFO  [default]    inst rate: not used for this commodity code
2026-08-02 14:20:35,780 INFO  [default] link ACK received: query_operational_state
2026-08-02 14:20:35,904 INFO  [default] operational state received: 0

Press Enter for a list of commands
2026-08-02 14:21:35,119 INFO  [default] link ACK received: get_commodity
2026-08-02 14:21:35,273 INFO  [default] message type supported received: 2
2026-08-02 14:21:35,273 INFO  [default] commodity response received. response code: 0 - success; count: 4
2026-08-02 14:21:35,274 INFO  [default] commodity code: 0 - Electricity consumed (W & W-hr)
2026-08-02 14:21:35,274 INFO  [default]            source: Estimated
2026-08-02 14:21:35,274 INFO  [default]   cumulative: 122000
2026-08-02 14:21:35,274 INFO  [default]    inst rate: 0
2026-08-02 14:21:35,274 INFO  [default] commodity code 8 - Rated max consumption level electricity (W) is not recorded in the commodity CSV
2026-08-02 14:21:35,274 INFO  [default] commodity code: 6 - Total energy storage/take capacity (W-hr)
2026-08-02 14:21:35,275 INFO  [default]            source: Estimated
2026-08-02 14:21:35,275 INFO  [default]   cumulative: 9190
2026-08-02 14:21:35,275 INFO  [default]    inst rate: not used for this commodity code
2026-08-02 14:21:35,275 INFO  [default] commodity code: 7 - Present energy storage/take capacity (W-hr)
2026-08-02 14:21:35,275 INFO  [default]            source: Estimated
2026-08-02 14:21:35,275 INFO  [default]   cumulative: 463
2026-08-02 14:21:35,275 INFO  [default]    inst rate: not used for this commodity code
2026-08-02 14:21:35,477 INFO  [default] link ACK received: query_operational_state
2026-08-02 14:21:35,601 INFO  [default] operational state received: 0

Press Enter for a list of commands
2026-08-02 14:22:34,817 INFO  [default] link ACK received: get_commodity
2026-08-02 14:22:34,970 INFO  [default] message type supported received: 2
2026-08-02 14:22:34,970 INFO  [default] commodity response received. response code: 0 - success; count: 4
2026-08-02 14:22:34,971 INFO  [default] commodity code: 0 - Electricity consumed (W & W-hr)
2026-08-02 14:22:34,971 INFO  [default]            source: Estimated
2026-08-02 14:22:34,971 INFO  [default]   cumulative: 122000
2026-08-02 14:22:34,971 INFO  [default]    inst rate: 0
2026-08-02 14:22:34,971 INFO  [default] commodity code 8 - Rated max consumption level electricity (W) is not recorded in the commodity CSV
2026-08-02 14:22:34,971 INFO  [default] commodity code: 6 - Total energy storage/take capacity (W-hr)
2026-08-02 14:22:34,972 INFO  [default]            source: Estimated
2026-08-02 14:22:34,972 INFO  [default]   cumulative: 9190
2026-08-02 14:22:34,972 INFO  [default]    inst rate: not used for this commodity code
2026-08-02 14:22:34,972 INFO  [default] commodity code: 7 - Present energy storage/take capacity (W-hr)
2026-08-02 14:22:34,972 INFO  [default]            source: Estimated
2026-08-02 14:22:34,972 INFO  [default]   cumulative: 463
2026-08-02 14:22:34,972 INFO  [default]    inst rate: not used for this commodity code
2026-08-02 14:22:35,178 INFO  [default] link ACK received: query_operational_state
2026-08-02 14:22:35,301 INFO  [default] operational state received: 0

Press Enter for a list of commands
2026-08-02 14:23:35,520 INFO  [default] link ACK received: get_commodity
2026-08-02 14:23:35,675 INFO  [default] message type supported received: 2
2026-08-02 14:23:35,676 INFO  [default] commodity response received. response code: 0 - success; count: 4
2026-08-02 14:23:35,676 INFO  [default] commodity code: 0 - Electricity consumed (W & W-hr)
2026-08-02 14:23:35,676 INFO  [default]            source: Estimated
2026-08-02 14:23:35,676 INFO  [default]   cumulative: 122000
2026-08-02 14:23:35,677 INFO  [default]    inst rate: 0
2026-08-02 14:23:35,677 INFO  [default] commodity code 8 - Rated max consumption level electricity (W) is not recorded in the commodity CSV
2026-08-02 14:23:35,677 INFO  [default] commodity code: 6 - Total energy storage/take capacity (W-hr)
2026-08-02 14:23:35,677 INFO  [default]            source: Estimated
2026-08-02 14:23:35,677 INFO  [default]   cumulative: 9190
2026-08-02 14:23:35,677 INFO  [default]    inst rate: not used for this commodity code
2026-08-02 14:23:35,677 INFO  [default] commodity code: 7 - Present energy storage/take capacity (W-hr)
2026-08-02 14:23:35,678 INFO  [default]            source: Estimated
2026-08-02 14:23:35,678 INFO  [default]   cumulative: 486
2026-08-02 14:23:35,678 INFO  [default]    inst rate: not used for this commodity code
2026-08-02 14:23:35,881 INFO  [default] link ACK received: query_operational_state
2026-08-02 14:23:36,004 INFO  [default] operational state received: 0

Press Enter for a list of commands
2026-08-02 14:24:35,218 INFO  [default] link ACK received: get_commodity
2026-08-02 14:24:35,371 INFO  [default] message type supported received: 2
2026-08-02 14:24:35,371 INFO  [default] commodity response received. response code: 0 - success; count: 4
2026-08-02 14:24:35,372 INFO  [default] commodity code: 0 - Electricity consumed (W & W-hr)
2026-08-02 14:24:35,372 INFO  [default]            source: Estimated
2026-08-02 14:24:35,372 INFO  [default]   cumulative: 122000
2026-08-02 14:24:35,372 INFO  [default]    inst rate: 0
2026-08-02 14:24:35,372 INFO  [default] commodity code 8 - Rated max consumption level electricity (W) is not recorded in the commodity CSV
2026-08-02 14:24:35,373 INFO  [default] commodity code: 6 - Total energy storage/take capacity (W-hr)
2026-08-02 14:24:35,373 INFO  [default]            source: Estimated
2026-08-02 14:24:35,373 INFO  [default]   cumulative: 9190
2026-08-02 14:24:35,373 INFO  [default]    inst rate: not used for this commodity code
2026-08-02 14:24:35,373 INFO  [default] commodity code: 7 - Present energy storage/take capacity (W-hr)
2026-08-02 14:24:35,373 INFO  [default]            source: Estimated
2026-08-02 14:24:35,373 INFO  [default]   cumulative: 463
2026-08-02 14:24:35,373 INFO  [default]    inst rate: not used for this commodity code
2026-08-02 14:24:35,575 INFO  [default] link ACK received: query_operational_state
2026-08-02 14:24:35,700 INFO  [default] operational state received: 0

Press Enter for a list of commands
2026-08-02 14:25:34,914 INFO  [default] link ACK received: get_commodity
2026-08-02 14:25:35,067 INFO  [default] message type supported received: 2
2026-08-02 14:25:35,067 INFO  [default] commodity response received. response code: 0 - success; count: 4
2026-08-02 14:25:35,068 INFO  [default] commodity code: 0 - Electricity consumed (W & W-hr)
2026-08-02 14:25:35,068 INFO  [default]            source: Estimated
2026-08-02 14:25:35,068 INFO  [default]   cumulative: 122000
2026-08-02 14:25:35,068 INFO  [default]    inst rate: 0
2026-08-02 14:25:35,068 INFO  [default] commodity code 8 - Rated max consumption level electricity (W) is not recorded in the commodity CSV
2026-08-02 14:25:35,069 INFO  [default] commodity code: 6 - Total energy storage/take capacity (W-hr)
2026-08-02 14:25:35,069 INFO  [default]            source: Estimated
2026-08-02 14:25:35,069 INFO  [default]   cumulative: 9190
2026-08-02 14:25:35,069 INFO  [default]    inst rate: not used for this commodity code
2026-08-02 14:25:35,069 INFO  [default] commodity code: 7 - Present energy storage/take capacity (W-hr)
2026-08-02 14:25:35,069 INFO  [default]            source: Estimated
2026-08-02 14:25:35,069 INFO  [default]   cumulative: 486
2026-08-02 14:25:35,070 INFO  [default]    inst rate: not used for this commodity code
2026-08-02 14:25:35,272 INFO  [default] link ACK received: query_operational_state
2026-08-02 14:25:35,396 INFO  [default] operational state received: 0

Press Enter for a list of commands
2026-08-02 14:26:35,610 INFO  [default] link ACK received: get_commodity
2026-08-02 14:26:35,764 INFO  [default] message type supported received: 2
2026-08-02 14:26:35,764 INFO  [default] commodity response received. response code: 0 - success; count: 4
2026-08-02 14:26:35,764 INFO  [default] commodity code: 0 - Electricity consumed (W & W-hr)
2026-08-02 14:26:35,764 INFO  [default]            source: Estimated
2026-08-02 14:26:35,765 INFO  [default]   cumulative: 122000
2026-08-02 14:26:35,765 INFO  [default]    inst rate: 0
2026-08-02 14:26:35,765 INFO  [default] commodity code 8 - Rated max consumption level electricity (W) is not recorded in the commodity CSV
2026-08-02 14:26:35,765 INFO  [default] commodity code: 6 - Total energy storage/take capacity (W-hr)
2026-08-02 14:26:35,765 INFO  [default]            source: Estimated
2026-08-02 14:26:35,765 INFO  [default]   cumulative: 9190
2026-08-02 14:26:35,766 INFO  [default]    inst rate: not used for this commodity code
2026-08-02 14:26:35,766 INFO  [default] commodity code: 7 - Present energy storage/take capacity (W-hr)
2026-08-02 14:26:35,766 INFO  [default]            source: Estimated
2026-08-02 14:26:35,766 INFO  [default]   cumulative: 486
2026-08-02 14:26:35,766 INFO  [default]    inst rate: not used for this commodity code
2026-08-02 14:26:35,969 INFO  [default] link ACK received: query_operational_state
2026-08-02 14:26:36,092 INFO  [default] operational state received: 0

Press Enter for a list of commands
2026-08-02 14:27:35,306 INFO  [default] link ACK received: get_commodity
2026-08-02 14:27:35,459 INFO  [default] message type supported received: 2
2026-08-02 14:27:35,460 INFO  [default] commodity response received. response code: 0 - success; count: 4
2026-08-02 14:27:35,460 INFO  [default] commodity code: 0 - Electricity consumed (W & W-hr)
2026-08-02 14:27:35,460 INFO  [default]            source: Estimated
2026-08-02 14:27:35,460 INFO  [default]   cumulative: 122000
2026-08-02 14:27:35,461 INFO  [default]    inst rate: 0
2026-08-02 14:27:35,461 INFO  [default] commodity code 8 - Rated max consumption level electricity (W) is not recorded in the commodity CSV
2026-08-02 14:27:35,461 INFO  [default] commodity code: 6 - Total energy storage/take capacity (W-hr)
2026-08-02 14:27:35,461 INFO  [default]            source: Estimated
2026-08-02 14:27:35,461 INFO  [default]   cumulative: 9190
2026-08-02 14:27:35,461 INFO  [default]    inst rate: not used for this commodity code
2026-08-02 14:27:35,461 INFO  [default] commodity code: 7 - Present energy storage/take capacity (W-hr)
2026-08-02 14:27:35,461 INFO  [default]            source: Estimated
2026-08-02 14:27:35,462 INFO  [default]   cumulative: 486
2026-08-02 14:27:35,462 INFO  [default]    inst rate: not used for this commodity code
2026-08-02 14:27:35,664 INFO  [default] link ACK received: query_operational_state
2026-08-02 14:27:35,787 INFO  [default] operational state received: 0

Press Enter for a list of commands
2026-08-02 14:28:35,003 INFO  [default] link ACK received: get_commodity
2026-08-02 14:28:35,156 INFO  [default] message type supported received: 2
2026-08-02 14:28:35,157 INFO  [default] commodity response received. response code: 0 - success; count: 4
2026-08-02 14:28:35,157 INFO  [default] commodity code: 0 - Electricity consumed (W & W-hr)
2026-08-02 14:28:35,157 INFO  [default]            source: Estimated
2026-08-02 14:28:35,157 INFO  [default]   cumulative: 122000
2026-08-02 14:28:35,158 INFO  [default]    inst rate: 0
2026-08-02 14:28:35,158 INFO  [default] commodity code 8 - Rated max consumption level electricity (W) is not recorded in the commodity CSV
2026-08-02 14:28:35,158 INFO  [default] commodity code: 6 - Total energy storage/take capacity (W-hr)
2026-08-02 14:28:35,158 INFO  [default]            source: Estimated
2026-08-02 14:28:35,158 INFO  [default]   cumulative: 9190
2026-08-02 14:28:35,158 INFO  [default]    inst rate: not used for this commodity code
2026-08-02 14:28:35,158 INFO  [default] commodity code: 7 - Present energy storage/take capacity (W-hr)
2026-08-02 14:28:35,159 INFO  [default]            source: Estimated
2026-08-02 14:28:35,159 INFO  [default]   cumulative: 486
2026-08-02 14:28:35,159 INFO  [default]    inst rate: not used for this commodity code
2026-08-02 14:28:35,364 INFO  [default] link ACK received: query_operational_state
2026-08-02 14:28:35,487 INFO  [default] operational state received: 0

Press Enter for a list of commands
2026-08-02 14:29:35,703 INFO  [default] link ACK received: get_commodity
2026-08-02 14:29:35,857 INFO  [default] message type supported received: 2
2026-08-02 14:29:35,857 INFO  [default] commodity response received. response code: 0 - success; count: 4
2026-08-02 14:29:35,858 INFO  [default] commodity code: 0 - Electricity consumed (W & W-hr)
2026-08-02 14:29:35,858 INFO  [default]            source: Estimated
2026-08-02 14:29:35,858 INFO  [default]   cumulative: 122000
2026-08-02 14:29:35,858 INFO  [default]    inst rate: 0
2026-08-02 14:29:35,858 INFO  [default] commodity code 8 - Rated max consumption level electricity (W) is not recorded in the commodity CSV
2026-08-02 14:29:35,858 INFO  [default] commodity code: 6 - Total energy storage/take capacity (W-hr)
2026-08-02 14:29:35,858 INFO  [default]            source: Estimated
2026-08-02 14:29:35,859 INFO  [default]   cumulative: 9190
2026-08-02 14:29:35,859 INFO  [default]    inst rate: not used for this commodity code
2026-08-02 14:29:35,859 INFO  [default] commodity code: 7 - Present energy storage/take capacity (W-hr)
2026-08-02 14:29:35,859 INFO  [default]            source: Estimated
2026-08-02 14:29:35,859 INFO  [default]   cumulative: 486
2026-08-02 14:29:35,859 INFO  [default]    inst rate: not used for this commodity code
2026-08-02 14:29:36,062 INFO  [default] link ACK received: query_operational_state
2026-08-02 14:29:36,185 INFO  [default] operational state received: 0

Press Enter for a list of commands
2026-08-02 14:30:35,398 INFO  [default] link ACK received: get_commodity
2026-08-02 14:30:35,552 INFO  [default] message type supported received: 2
2026-08-02 14:30:35,552 INFO  [default] commodity response received. response code: 0 - success; count: 4
2026-08-02 14:30:35,553 INFO  [default] commodity code: 0 - Electricity consumed (W & W-hr)
2026-08-02 14:30:35,553 INFO  [default]            source: Estimated
2026-08-02 14:30:35,553 INFO  [default]   cumulative: 122000
2026-08-02 14:30:35,553 INFO  [default]    inst rate: 0
2026-08-02 14:30:35,554 INFO  [default] commodity code 8 - Rated max consumption level electricity (W) is not recorded in the commodity CSV
2026-08-02 14:30:35,554 INFO  [default] commodity code: 6 - Total energy storage/take capacity (W-hr)
2026-08-02 14:30:35,554 INFO  [default]            source: Estimated
2026-08-02 14:30:35,554 INFO  [default]   cumulative: 9190
2026-08-02 14:30:35,554 INFO  [default]    inst rate: not used for this commodity code
2026-08-02 14:30:35,554 INFO  [default] commodity code: 7 - Present energy storage/take capacity (W-hr)
2026-08-02 14:30:35,554 INFO  [default]            source: Estimated
2026-08-02 14:30:35,554 INFO  [default]   cumulative: 508
2026-08-02 14:30:35,555 INFO  [default]    inst rate: not used for this commodity code
2026-08-02 14:30:35,757 INFO  [default] link ACK received: query_operational_state
2026-08-02 14:30:35,880 INFO  [default] operational state received: 0

Press Enter for a list of commands
2026-08-02 14:31:35,098 INFO  [default] link ACK received: get_commodity
2026-08-02 14:31:35,251 INFO  [default] message type supported received: 2
2026-08-02 14:31:35,252 INFO  [default] commodity response received. response code: 0 - success; count: 4
2026-08-02 14:31:35,252 INFO  [default] commodity code: 0 - Electricity consumed (W & W-hr)
2026-08-02 14:31:35,252 INFO  [default]            source: Estimated
2026-08-02 14:31:35,252 INFO  [default]   cumulative: 122000
2026-08-02 14:31:35,253 INFO  [default]    inst rate: 0
2026-08-02 14:31:35,253 INFO  [default] commodity code 8 - Rated max consumption level electricity (W) is not recorded in the commodity CSV
2026-08-02 14:31:35,253 INFO  [default] commodity code: 6 - Total energy storage/take capacity (W-hr)
2026-08-02 14:31:35,253 INFO  [default]            source: Estimated
2026-08-02 14:31:35,253 INFO  [default]   cumulative: 9190
2026-08-02 14:31:35,253 INFO  [default]    inst rate: not used for this commodity code
2026-08-02 14:31:35,253 INFO  [default] commodity code: 7 - Present energy storage/take capacity (W-hr)
2026-08-02 14:31:35,254 INFO  [default]            source: Estimated
2026-08-02 14:31:35,254 INFO  [default]   cumulative: 508
2026-08-02 14:31:35,254 INFO  [default]    inst rate: not used for this commodity code
2026-08-02 14:31:35,457 INFO  [default] link ACK received: query_operational_state
2026-08-02 14:31:35,580 INFO  [default] operational state received: 0

Press Enter for a list of commands
2026-08-02 14:32:34,794 INFO  [default] link ACK received: get_commodity
2026-08-02 14:32:34,948 INFO  [default] message type supported received: 2
2026-08-02 14:32:34,948 INFO  [default] commodity response received. response code: 0 - success; count: 4
2026-08-02 14:32:34,949 INFO  [default] commodity code: 0 - Electricity consumed (W & W-hr)
2026-08-02 14:32:34,949 INFO  [default]            source: Estimated
2026-08-02 14:32:34,949 INFO  [default]   cumulative: 122000
2026-08-02 14:32:34,949 INFO  [default]    inst rate: 0
2026-08-02 14:32:34,949 INFO  [default] commodity code 8 - Rated max consumption level electricity (W) is not recorded in the commodity CSV
2026-08-02 14:32:34,950 INFO  [default] commodity code: 6 - Total energy storage/take capacity (W-hr)
2026-08-02 14:32:34,950 INFO  [default]            source: Estimated
2026-08-02 14:32:34,950 INFO  [default]   cumulative: 9190
2026-08-02 14:32:34,950 INFO  [default]    inst rate: not used for this commodity code
2026-08-02 14:32:34,950 INFO  [default] commodity code: 7 - Present energy storage/take capacity (W-hr)
2026-08-02 14:32:34,950 INFO  [default]            source: Estimated
2026-08-02 14:32:34,950 INFO  [default]   cumulative: 508
2026-08-02 14:32:34,950 INFO  [default]    inst rate: not used for this commodity code
2026-08-02 14:32:35,152 INFO  [default] link ACK received: query_operational_state
2026-08-02 14:32:35,276 INFO  [default] operational state received: 0

Press Enter for a list of commands
2026-08-02 14:33:35,490 INFO  [default] link ACK received: get_commodity
2026-08-02 14:33:35,644 INFO  [default] message type supported received: 2
2026-08-02 14:33:35,644 INFO  [default] commodity response received. response code: 0 - success; count: 4
2026-08-02 14:33:35,644 INFO  [default] commodity code: 0 - Electricity consumed (W & W-hr)
2026-08-02 14:33:35,644 INFO  [default]            source: Estimated
2026-08-02 14:33:35,644 INFO  [default]   cumulative: 122000
2026-08-02 14:33:35,645 INFO  [default]    inst rate: 0
2026-08-02 14:33:35,645 INFO  [default] commodity code 8 - Rated max consumption level electricity (W) is not recorded in the commodity CSV
2026-08-02 14:33:35,645 INFO  [default] commodity code: 6 - Total energy storage/take capacity (W-hr)
2026-08-02 14:33:35,645 INFO  [default]            source: Estimated
2026-08-02 14:33:35,645 INFO  [default]   cumulative: 9190
2026-08-02 14:33:35,645 INFO  [default]    inst rate: not used for this commodity code
2026-08-02 14:33:35,645 INFO  [default] commodity code: 7 - Present energy storage/take capacity (W-hr)
2026-08-02 14:33:35,645 INFO  [default]            source: Estimated
2026-08-02 14:33:35,646 INFO  [default]   cumulative: 508
2026-08-02 14:33:35,646 INFO  [default]    inst rate: not used for this commodity code
2026-08-02 14:33:35,848 INFO  [default] link ACK received: query_operational_state
2026-08-02 14:33:35,971 INFO  [default] operational state received: 0

Press Enter for a list of commands
2026-08-02 14:34:35,191 INFO  [default] link ACK received: get_commodity
2026-08-02 14:34:35,344 INFO  [default] message type supported received: 2
2026-08-02 14:34:35,345 INFO  [default] commodity response received. response code: 0 - success; count: 4
2026-08-02 14:34:35,345 INFO  [default] commodity code: 0 - Electricity consumed (W & W-hr)
2026-08-02 14:34:35,345 INFO  [default]            source: Estimated
2026-08-02 14:34:35,345 INFO  [default]   cumulative: 122000
2026-08-02 14:34:35,346 INFO  [default]    inst rate: 0
2026-08-02 14:34:35,346 INFO  [default] commodity code 8 - Rated max consumption level electricity (W) is not recorded in the commodity CSV
2026-08-02 14:34:35,346 INFO  [default] commodity code: 6 - Total energy storage/take capacity (W-hr)
2026-08-02 14:34:35,346 INFO  [default]            source: Estimated
2026-08-02 14:34:35,346 INFO  [default]   cumulative: 9190
2026-08-02 14:34:35,346 INFO  [default]    inst rate: not used for this commodity code
2026-08-02 14:34:35,346 INFO  [default] commodity code: 7 - Present energy storage/take capacity (W-hr)
2026-08-02 14:34:35,346 INFO  [default]            source: Estimated
2026-08-02 14:34:35,347 INFO  [default]   cumulative: 508
2026-08-02 14:34:35,347 INFO  [default]    inst rate: not used for this commodity code
2026-08-02 14:34:35,550 INFO  [default] link ACK received: query_operational_state
2026-08-02 14:34:35,673 INFO  [default] operational state received: 0

Press Enter for a list of commands
2026-08-02 14:35:34,887 INFO  [default] link ACK received: get_commodity
2026-08-02 14:35:35,041 INFO  [default] message type supported received: 2
2026-08-02 14:35:35,042 INFO  [default] commodity response received. response code: 0 - success; count: 4
2026-08-02 14:35:35,042 INFO  [default] commodity code: 0 - Electricity consumed (W & W-hr)
2026-08-02 14:35:35,042 INFO  [default]            source: Estimated
2026-08-02 14:35:35,042 INFO  [default]   cumulative: 122000
2026-08-02 14:35:35,042 INFO  [default]    inst rate: 0
2026-08-02 14:35:35,043 INFO  [default] commodity code 8 - Rated max consumption level electricity (W) is not recorded in the commodity CSV
2026-08-02 14:35:35,043 INFO  [default] commodity code: 6 - Total energy storage/take capacity (W-hr)
2026-08-02 14:35:35,043 INFO  [default]            source: Estimated
2026-08-02 14:35:35,043 INFO  [default]   cumulative: 9190
2026-08-02 14:35:35,043 INFO  [default]    inst rate: not used for this commodity code
2026-08-02 14:35:35,043 INFO  [default] commodity code: 7 - Present energy storage/take capacity (W-hr)
2026-08-02 14:35:35,043 INFO  [default]            source: Estimated
2026-08-02 14:35:35,043 INFO  [default]   cumulative: 508
2026-08-02 14:35:35,044 INFO  [default]    inst rate: not used for this commodity code
2026-08-02 14:35:35,246 INFO  [default] link ACK received: query_operational_state
2026-08-02 14:35:35,371 INFO  [default] operational state received: 0

Press Enter for a list of commands
2026-08-02 14:36:35,592 INFO  [default] link ACK received: get_commodity
2026-08-02 14:36:35,746 INFO  [default] message type supported received: 2
2026-08-02 14:36:35,746 INFO  [default] commodity response received. response code: 0 - success; count: 4
2026-08-02 14:36:35,746 INFO  [default] commodity code: 0 - Electricity consumed (W & W-hr)
2026-08-02 14:36:35,746 INFO  [default]            source: Estimated
2026-08-02 14:36:35,747 INFO  [default]   cumulative: 122000
2026-08-02 14:36:35,747 INFO  [default]    inst rate: 0
2026-08-02 14:36:35,747 INFO  [default] commodity code 8 - Rated max consumption level electricity (W) is not recorded in the commodity CSV
2026-08-02 14:36:35,747 INFO  [default] commodity code: 6 - Total energy storage/take capacity (W-hr)
2026-08-02 14:36:35,747 INFO  [default]            source: Estimated
2026-08-02 14:36:35,747 INFO  [default]   cumulative: 9190
2026-08-02 14:36:35,747 INFO  [default]    inst rate: not used for this commodity code
2026-08-02 14:36:35,747 INFO  [default] commodity code: 7 - Present energy storage/take capacity (W-hr)
2026-08-02 14:36:35,748 INFO  [default]            source: Estimated
2026-08-02 14:36:35,748 INFO  [default]   cumulative: 530
2026-08-02 14:36:35,748 INFO  [default]    inst rate: not used for this commodity code
2026-08-02 14:36:35,951 INFO  [default] link ACK received: query_operational_state
2026-08-02 14:36:36,074 INFO  [default] operational state received: 0

Press Enter for a list of commands
2026-08-02 14:37:35,291 INFO  [default] link ACK received: get_commodity
2026-08-02 14:37:35,445 INFO  [default] message type supported received: 2
2026-08-02 14:37:35,446 INFO  [default] commodity response received. response code: 0 - success; count: 4
2026-08-02 14:37:35,446 INFO  [default] commodity code: 0 - Electricity consumed (W & W-hr)
2026-08-02 14:37:35,446 INFO  [default]            source: Estimated
2026-08-02 14:37:35,446 INFO  [default]   cumulative: 122000
2026-08-02 14:37:35,446 INFO  [default]    inst rate: 0
2026-08-02 14:37:35,447 INFO  [default] commodity code 8 - Rated max consumption level electricity (W) is not recorded in the commodity CSV
2026-08-02 14:37:35,447 INFO  [default] commodity code: 6 - Total energy storage/take capacity (W-hr)
2026-08-02 14:37:35,447 INFO  [default]            source: Estimated
2026-08-02 14:37:35,447 INFO  [default]   cumulative: 9190
2026-08-02 14:37:35,447 INFO  [default]    inst rate: not used for this commodity code
2026-08-02 14:37:35,447 INFO  [default] commodity code: 7 - Present energy storage/take capacity (W-hr)
2026-08-02 14:37:35,447 INFO  [default]            source: Estimated
2026-08-02 14:37:35,447 INFO  [default]   cumulative: 530
2026-08-02 14:37:35,448 INFO  [default]    inst rate: not used for this commodity code
2026-08-02 14:37:35,651 INFO  [default] link ACK received: query_operational_state
2026-08-02 14:37:35,775 INFO  [default] operational state received: 0

Press Enter for a list of commands
2026-08-02 14:38:34,994 INFO  [default] link ACK received: get_commodity
2026-08-02 14:38:35,148 INFO  [default] message type supported received: 2
2026-08-02 14:38:35,148 INFO  [default] commodity response received. response code: 0 - success; count: 4
2026-08-02 14:38:35,149 INFO  [default] commodity code: 0 - Electricity consumed (W & W-hr)
2026-08-02 14:38:35,149 INFO  [default]            source: Estimated
2026-08-02 14:38:35,149 INFO  [default]   cumulative: 122000
2026-08-02 14:38:35,149 INFO  [default]    inst rate: 0
2026-08-02 14:38:35,149 INFO  [default] commodity code 8 - Rated max consumption level electricity (W) is not recorded in the commodity CSV
2026-08-02 14:38:35,149 INFO  [default] commodity code: 6 - Total energy storage/take capacity (W-hr)
2026-08-02 14:38:35,150 INFO  [default]            source: Estimated
2026-08-02 14:38:35,150 INFO  [default]   cumulative: 9190
2026-08-02 14:38:35,150 INFO  [default]    inst rate: not used for this commodity code
2026-08-02 14:38:35,150 INFO  [default] commodity code: 7 - Present energy storage/take capacity (W-hr)
2026-08-02 14:38:35,150 INFO  [default]            source: Estimated
2026-08-02 14:38:35,150 INFO  [default]   cumulative: 530
2026-08-02 14:38:35,150 INFO  [default]    inst rate: not used for this commodity code
2026-08-02 14:38:35,352 INFO  [default] link ACK received: query_operational_state
2026-08-02 14:38:35,476 INFO  [default] operational state received: 0

Press Enter for a list of commands
2026-08-02 14:39:35,689 INFO  [default] link ACK received: get_commodity
2026-08-02 14:39:35,843 INFO  [default] message type supported received: 2
2026-08-02 14:39:35,843 INFO  [default] commodity response received. response code: 0 - success; count: 4
2026-08-02 14:39:35,844 INFO  [default] commodity code: 0 - Electricity consumed (W & W-hr)
2026-08-02 14:39:35,844 INFO  [default]            source: Estimated
2026-08-02 14:39:35,844 INFO  [default]   cumulative: 122000
2026-08-02 14:39:35,844 INFO  [default]    inst rate: 0
2026-08-02 14:39:35,844 INFO  [default] commodity code 8 - Rated max consumption level electricity (W) is not recorded in the commodity CSV
2026-08-02 14:39:35,845 INFO  [default] commodity code: 6 - Total energy storage/take capacity (W-hr)
2026-08-02 14:39:35,845 INFO  [default]            source: Estimated
2026-08-02 14:39:35,845 INFO  [default]   cumulative: 9190
2026-08-02 14:39:35,845 INFO  [default]    inst rate: not used for this commodity code
2026-08-02 14:39:35,845 INFO  [default] commodity code: 7 - Present energy storage/take capacity (W-hr)
2026-08-02 14:39:35,845 INFO  [default]            source: Estimated
2026-08-02 14:39:35,845 INFO  [default]   cumulative: 530
2026-08-02 14:39:35,846 INFO  [default]    inst rate: not used for this commodity code
2026-08-02 14:39:36,048 INFO  [default] link ACK received: query_operational_state
2026-08-02 14:39:36,172 INFO  [default] operational state received: 0

Press Enter for a list of commands
2026-08-02 14:40:35,391 INFO  [default] link ACK received: get_commodity
2026-08-02 14:40:35,546 INFO  [default] message type supported received: 2
2026-08-02 14:40:35,546 INFO  [default] commodity response received. response code: 0 - success; count: 4
2026-08-02 14:40:35,547 INFO  [default] commodity code: 0 - Electricity consumed (W & W-hr)
2026-08-02 14:40:35,547 INFO  [default]            source: Estimated
2026-08-02 14:40:35,547 INFO  [default]   cumulative: 122000
2026-08-02 14:40:35,547 INFO  [default]    inst rate: 0
2026-08-02 14:40:35,547 INFO  [default] commodity code 8 - Rated max consumption level electricity (W) is not recorded in the commodity CSV
2026-08-02 14:40:35,548 INFO  [default] commodity code: 6 - Total energy storage/take capacity (W-hr)
2026-08-02 14:40:35,548 INFO  [default]            source: Estimated
2026-08-02 14:40:35,548 INFO  [default]   cumulative: 9190
2026-08-02 14:40:35,548 INFO  [default]    inst rate: not used for this commodity code
2026-08-02 14:40:35,548 INFO  [default] commodity code: 7 - Present energy storage/take capacity (W-hr)
2026-08-02 14:40:35,548 INFO  [default]            source: Estimated
2026-08-02 14:40:35,548 INFO  [default]   cumulative: 530
2026-08-02 14:40:35,548 INFO  [default]    inst rate: not used for this commodity code
2026-08-02 14:40:35,751 INFO  [default] link ACK received: query_operational_state
2026-08-02 14:40:35,875 INFO  [default] operational state received: 0

Press Enter for a list of commands
2026-08-02 14:41:35,091 INFO  [default] link ACK received: get_commodity
2026-08-02 14:41:35,244 INFO  [default] message type supported received: 2
2026-08-02 14:41:35,244 INFO  [default] commodity response received. response code: 0 - success; count: 4
2026-08-02 14:41:35,245 INFO  [default] commodity code: 0 - Electricity consumed (W & W-hr)
2026-08-02 14:41:35,245 INFO  [default]            source: Estimated
2026-08-02 14:41:35,245 INFO  [default]   cumulative: 122000
2026-08-02 14:41:35,245 INFO  [default]    inst rate: 0
2026-08-02 14:41:35,245 INFO  [default] commodity code 8 - Rated max consumption level electricity (W) is not recorded in the commodity CSV
2026-08-02 14:41:35,246 INFO  [default] commodity code: 6 - Total energy storage/take capacity (W-hr)
2026-08-02 14:41:35,246 INFO  [default]            source: Estimated
2026-08-02 14:41:35,246 INFO  [default]   cumulative: 9190
2026-08-02 14:41:35,246 INFO  [default]    inst rate: not used for this commodity code
2026-08-02 14:41:35,246 INFO  [default] commodity code: 7 - Present energy storage/take capacity (W-hr)
2026-08-02 14:41:35,246 INFO  [default]            source: Estimated
2026-08-02 14:41:35,246 INFO  [default]   cumulative: 530
2026-08-02 14:41:35,246 INFO  [default]    inst rate: not used for this commodity code
2026-08-02 14:41:35,449 INFO  [default] link ACK received: query_operational_state
2026-08-02 14:41:35,573 INFO  [default] operational state received: 0

Press Enter for a list of commands
2026-08-02 14:42:34,793 INFO  [default] link ACK received: get_commodity
2026-08-02 14:42:34,947 INFO  [default] message type supported received: 2
2026-08-02 14:42:34,947 INFO  [default] commodity response received. response code: 0 - success; count: 4
2026-08-02 14:42:34,948 INFO  [default] commodity code: 0 - Electricity consumed (W & W-hr)
2026-08-02 14:42:34,948 INFO  [default]            source: Estimated
2026-08-02 14:42:34,948 INFO  [default]   cumulative: 122000
2026-08-02 14:42:34,948 INFO  [default]    inst rate: 0
2026-08-02 14:42:34,948 INFO  [default] commodity code 8 - Rated max consumption level electricity (W) is not recorded in the commodity CSV
2026-08-02 14:42:34,949 INFO  [default] commodity code: 6 - Total energy storage/take capacity (W-hr)
2026-08-02 14:42:34,949 INFO  [default]            source: Estimated
2026-08-02 14:42:34,949 INFO  [default]   cumulative: 9190
2026-08-02 14:42:34,949 INFO  [default]    inst rate: not used for this commodity code
2026-08-02 14:42:34,949 INFO  [default] commodity code: 7 - Present energy storage/take capacity (W-hr)
2026-08-02 14:42:34,949 INFO  [default]            source: Estimated
2026-08-02 14:42:34,949 INFO  [default]   cumulative: 530
2026-08-02 14:42:34,950 INFO  [default]    inst rate: not used for this commodity code
2026-08-02 14:42:35,152 INFO  [default] link ACK received: query_operational_state
2026-08-02 14:42:35,276 INFO  [default] operational state received: 0

Press Enter for a list of commands
2026-08-02 14:43:35,499 INFO  [default] link ACK received: get_commodity
2026-08-02 14:43:35,653 INFO  [default] message type supported received: 2
2026-08-02 14:43:35,653 INFO  [default] commodity response received. response code: 0 - success; count: 4
2026-08-02 14:43:35,654 INFO  [default] commodity code: 0 - Electricity consumed (W & W-hr)
2026-08-02 14:43:35,654 INFO  [default]            source: Estimated
2026-08-02 14:43:35,654 INFO  [default]   cumulative: 122000
2026-08-02 14:43:35,654 INFO  [default]    inst rate: 0
2026-08-02 14:43:35,654 INFO  [default] commodity code 8 - Rated max consumption level electricity (W) is not recorded in the commodity CSV
2026-08-02 14:43:35,654 INFO  [default] commodity code: 6 - Total energy storage/take capacity (W-hr)
2026-08-02 14:43:35,654 INFO  [default]            source: Estimated
2026-08-02 14:43:35,654 INFO  [default]   cumulative: 9190
2026-08-02 14:43:35,655 INFO  [default]    inst rate: not used for this commodity code
2026-08-02 14:43:35,655 INFO  [default] commodity code: 7 - Present energy storage/take capacity (W-hr)
2026-08-02 14:43:35,655 INFO  [default]            source: Estimated
2026-08-02 14:43:35,655 INFO  [default]   cumulative: 552
2026-08-02 14:43:35,655 INFO  [default]    inst rate: not used for this commodity code
2026-08-02 14:43:35,857 INFO  [default] link ACK received: query_operational_state
2026-08-02 14:43:35,982 INFO  [default] operational state received: 0

Press Enter for a list of commands
2026-08-02 14:44:35,190 INFO  [default] link ACK received: get_commodity
2026-08-02 14:44:35,344 INFO  [default] message type supported received: 2
2026-08-02 14:44:35,344 INFO  [default] commodity response received. response code: 0 - success; count: 4
2026-08-02 14:44:35,344 INFO  [default] commodity code: 0 - Electricity consumed (W & W-hr)
2026-08-02 14:44:35,344 INFO  [default]            source: Estimated
2026-08-02 14:44:35,345 INFO  [default]   cumulative: 122000
2026-08-02 14:44:35,345 INFO  [default]    inst rate: 0
2026-08-02 14:44:35,345 INFO  [default] commodity code 8 - Rated max consumption level electricity (W) is not recorded in the commodity CSV
2026-08-02 14:44:35,345 INFO  [default] commodity code: 6 - Total energy storage/take capacity (W-hr)
2026-08-02 14:44:35,345 INFO  [default]            source: Estimated
2026-08-02 14:44:35,345 INFO  [default]   cumulative: 9190
2026-08-02 14:44:35,345 INFO  [default]    inst rate: not used for this commodity code
2026-08-02 14:44:35,345 INFO  [default] commodity code: 7 - Present energy storage/take capacity (W-hr)
2026-08-02 14:44:35,346 INFO  [default]            source: Estimated
2026-08-02 14:44:35,346 INFO  [default]   cumulative: 552
2026-08-02 14:44:35,346 INFO  [default]    inst rate: not used for this commodity code
2026-08-02 14:44:35,548 INFO  [default] link ACK received: query_operational_state
2026-08-02 14:44:35,672 INFO  [default] operational state received: 0

Press Enter for a list of commands
2026-08-02 14:45:34,889 INFO  [default] link ACK received: get_commodity
2026-08-02 14:45:35,045 INFO  [default] message type supported received: 2
2026-08-02 14:45:35,045 INFO  [default] commodity response received. response code: 0 - success; count: 4
2026-08-02 14:45:35,045 INFO  [default] commodity code: 0 - Electricity consumed (W & W-hr)
2026-08-02 14:45:35,046 INFO  [default]            source: Estimated
2026-08-02 14:45:35,046 INFO  [default]   cumulative: 122000
2026-08-02 14:45:35,046 INFO  [default]    inst rate: 0
2026-08-02 14:45:35,046 INFO  [default] commodity code 8 - Rated max consumption level electricity (W) is not recorded in the commodity CSV
2026-08-02 14:45:35,046 INFO  [default] commodity code: 6 - Total energy storage/take capacity (W-hr)
2026-08-02 14:45:35,046 INFO  [default]            source: Estimated
2026-08-02 14:45:35,046 INFO  [default]   cumulative: 9190
2026-08-02 14:45:35,046 INFO  [default]    inst rate: not used for this commodity code
2026-08-02 14:45:35,047 INFO  [default] commodity code: 7 - Present energy storage/take capacity (W-hr)
2026-08-02 14:45:35,047 INFO  [default]            source: Estimated
2026-08-02 14:45:35,047 INFO  [default]   cumulative: 552
2026-08-02 14:45:35,047 INFO  [default]    inst rate: not used for this commodity code
2026-08-02 14:45:35,250 INFO  [default] link ACK received: query_operational_state
2026-08-02 14:45:35,373 INFO  [default] operational state received: 0

Press Enter for a list of commands
2026-08-02 14:46:35,592 INFO  [default] link ACK received: get_commodity
2026-08-02 14:46:35,746 INFO  [default] message type supported received: 2
2026-08-02 14:46:35,746 INFO  [default] commodity response received. response code: 0 - success; count: 4
2026-08-02 14:46:35,746 INFO  [default] commodity code: 0 - Electricity consumed (W & W-hr)
2026-08-02 14:46:35,746 INFO  [default]            source: Estimated
2026-08-02 14:46:35,746 INFO  [default]   cumulative: 122000
2026-08-02 14:46:35,747 INFO  [default]    inst rate: 0
2026-08-02 14:46:35,747 INFO  [default] commodity code 8 - Rated max consumption level electricity (W) is not recorded in the commodity CSV
2026-08-02 14:46:35,747 INFO  [default] commodity code: 6 - Total energy storage/take capacity (W-hr)
2026-08-02 14:46:35,747 INFO  [default]            source: Estimated
2026-08-02 14:46:35,747 INFO  [default]   cumulative: 9190
2026-08-02 14:46:35,747 INFO  [default]    inst rate: not used for this commodity code
2026-08-02 14:46:35,747 INFO  [default] commodity code: 7 - Present energy storage/take capacity (W-hr)
2026-08-02 14:46:35,747 INFO  [default]            source: Estimated
2026-08-02 14:46:35,748 INFO  [default]   cumulative: 552
2026-08-02 14:46:35,748 INFO  [default]    inst rate: not used for this commodity code
2026-08-02 14:46:35,950 INFO  [default] link ACK received: query_operational_state
2026-08-02 14:46:36,073 INFO  [default] operational state received: 0

Press Enter for a list of commands
2026-08-02 14:47:35,280 INFO  [default] link ACK received: get_commodity
2026-08-02 14:47:35,434 INFO  [default] message type supported received: 2
2026-08-02 14:47:35,434 INFO  [default] commodity response received. response code: 0 - success; count: 4
2026-08-02 14:47:35,435 INFO  [default] commodity code: 0 - Electricity consumed (W & W-hr)
2026-08-02 14:47:35,435 INFO  [default]            source: Estimated
2026-08-02 14:47:35,435 INFO  [default]   cumulative: 122000
2026-08-02 14:47:35,435 INFO  [default]    inst rate: 0
2026-08-02 14:47:35,435 INFO  [default] commodity code 8 - Rated max consumption level electricity (W) is not recorded in the commodity CSV
2026-08-02 14:47:35,436 INFO  [default] commodity code: 6 - Total energy storage/take capacity (W-hr)
2026-08-02 14:47:35,436 INFO  [default]            source: Estimated
2026-08-02 14:47:35,436 INFO  [default]   cumulative: 9190
2026-08-02 14:47:35,436 INFO  [default]    inst rate: not used for this commodity code
2026-08-02 14:47:35,436 INFO  [default] commodity code: 7 - Present energy storage/take capacity (W-hr)
2026-08-02 14:47:35,436 INFO  [default]            source: Estimated
2026-08-02 14:47:35,436 INFO  [default]   cumulative: 552
2026-08-02 14:47:35,436 INFO  [default]    inst rate: not used for this commodity code
2026-08-02 14:47:35,639 INFO  [default] link ACK received: query_operational_state
2026-08-02 14:47:35,763 INFO  [default] operational state received: 0

Press Enter for a list of commands
2026-08-02 14:48:34,981 INFO  [default] link ACK received: get_commodity
2026-08-02 14:48:35,137 INFO  [default] message type supported received: 2
2026-08-02 14:48:35,137 INFO  [default] commodity response received. response code: 0 - success; count: 4
2026-08-02 14:48:35,138 INFO  [default] commodity code: 0 - Electricity consumed (W & W-hr)
2026-08-02 14:48:35,138 INFO  [default]            source: Estimated
2026-08-02 14:48:35,138 INFO  [default]   cumulative: 122000
2026-08-02 14:48:35,138 INFO  [default]    inst rate: 0
2026-08-02 14:48:35,138 INFO  [default] commodity code 8 - Rated max consumption level electricity (W) is not recorded in the commodity CSV
2026-08-02 14:48:35,138 INFO  [default] commodity code: 6 - Total energy storage/take capacity (W-hr)
2026-08-02 14:48:35,139 INFO  [default]            source: Estimated
2026-08-02 14:48:35,139 INFO  [default]   cumulative: 9190
2026-08-02 14:48:35,139 INFO  [default]    inst rate: not used for this commodity code
2026-08-02 14:48:35,139 INFO  [default] commodity code: 7 - Present energy storage/take capacity (W-hr)
2026-08-02 14:48:35,139 INFO  [default]            source: Estimated
2026-08-02 14:48:35,139 INFO  [default]   cumulative: 552
2026-08-02 14:48:35,139 INFO  [default]    inst rate: not used for this commodity code
2026-08-02 14:48:35,341 INFO  [default] link ACK received: query_operational_state
2026-08-02 14:48:35,466 INFO  [default] operational state received: 0

Press Enter for a list of commands
2026-08-02 14:49:35,687 INFO  [default] link ACK received: get_commodity
2026-08-02 14:49:35,840 INFO  [default] message type supported received: 2
2026-08-02 14:49:35,840 INFO  [default] commodity response received. response code: 0 - success; count: 4
2026-08-02 14:49:35,841 INFO  [default] commodity code: 0 - Electricity consumed (W & W-hr)
2026-08-02 14:49:35,841 INFO  [default]            source: Estimated
2026-08-02 14:49:35,841 INFO  [default]   cumulative: 122000
2026-08-02 14:49:35,841 INFO  [default]    inst rate: 0
2026-08-02 14:49:35,841 INFO  [default] commodity code 8 - Rated max consumption level electricity (W) is not recorded in the commodity CSV
2026-08-02 14:49:35,842 INFO  [default] commodity code: 6 - Total energy storage/take capacity (W-hr)
2026-08-02 14:49:35,842 INFO  [default]            source: Estimated
2026-08-02 14:49:35,842 INFO  [default]   cumulative: 9190
2026-08-02 14:49:35,842 INFO  [default]    inst rate: not used for this commodity code
2026-08-02 14:49:35,842 INFO  [default] commodity code: 7 - Present energy storage/take capacity (W-hr)
2026-08-02 14:49:35,842 INFO  [default]            source: Estimated
2026-08-02 14:49:35,842 INFO  [default]   cumulative: 574
2026-08-02 14:49:35,842 INFO  [default]    inst rate: not used for this commodity code
2026-08-02 14:49:36,046 INFO  [default] link ACK received: query_operational_state
2026-08-02 14:49:36,171 INFO  [default] operational state received: 0

Press Enter for a list of commands
2026-08-02 14:50:35,388 INFO  [default] link ACK received: get_commodity
2026-08-02 14:50:35,543 INFO  [default] message type supported received: 2
2026-08-02 14:50:35,543 INFO  [default] commodity response received. response code: 0 - success; count: 4
2026-08-02 14:50:35,543 INFO  [default] commodity code: 0 - Electricity consumed (W & W-hr)
2026-08-02 14:50:35,543 INFO  [default]            source: Estimated
2026-08-02 14:50:35,544 INFO  [default]   cumulative: 122000
2026-08-02 14:50:35,544 INFO  [default]    inst rate: 0
2026-08-02 14:50:35,544 INFO  [default] commodity code 8 - Rated max consumption level electricity (W) is not recorded in the commodity CSV
2026-08-02 14:50:35,544 INFO  [default] commodity code: 6 - Total energy storage/take capacity (W-hr)
2026-08-02 14:50:35,544 INFO  [default]            source: Estimated
2026-08-02 14:50:35,544 INFO  [default]   cumulative: 9190
2026-08-02 14:50:35,544 INFO  [default]    inst rate: not used for this commodity code
2026-08-02 14:50:35,544 INFO  [default] commodity code: 7 - Present energy storage/take capacity (W-hr)
2026-08-02 14:50:35,544 INFO  [default]            source: Estimated
2026-08-02 14:50:35,545 INFO  [default]   cumulative: 574
2026-08-02 14:50:35,545 INFO  [default]    inst rate: not used for this commodity code
2026-08-02 14:50:35,747 INFO  [default] link ACK received: query_operational_state
2026-08-02 14:50:35,871 INFO  [default] operational state received: 0

Press Enter for a list of commands
2026-08-02 14:51:35,088 INFO  [default] link ACK received: get_commodity
2026-08-02 14:51:35,242 INFO  [default] message type supported received: 2
2026-08-02 14:51:35,243 INFO  [default] commodity response received. response code: 0 - success; count: 4
2026-08-02 14:51:35,243 INFO  [default] commodity code: 0 - Electricity consumed (W & W-hr)
2026-08-02 14:51:35,243 INFO  [default]            source: Estimated
2026-08-02 14:51:35,243 INFO  [default]   cumulative: 122000
2026-08-02 14:51:35,244 INFO  [default]    inst rate: 0
2026-08-02 14:51:35,244 INFO  [default] commodity code 8 - Rated max consumption level electricity (W) is not recorded in the commodity CSV
2026-08-02 14:51:35,244 INFO  [default] commodity code: 6 - Total energy storage/take capacity (W-hr)
2026-08-02 14:51:35,244 INFO  [default]            source: Estimated
2026-08-02 14:51:35,244 INFO  [default]   cumulative: 9190
2026-08-02 14:51:35,244 INFO  [default]    inst rate: not used for this commodity code
2026-08-02 14:51:35,244 INFO  [default] commodity code: 7 - Present energy storage/take capacity (W-hr)
2026-08-02 14:51:35,244 INFO  [default]            source: Estimated
2026-08-02 14:51:35,245 INFO  [default]   cumulative: 574
2026-08-02 14:51:35,245 INFO  [default]    inst rate: not used for this commodity code
2026-08-02 14:51:35,448 INFO  [default] link ACK received: query_operational_state
2026-08-02 14:51:35,571 INFO  [default] operational state received: 0

Press Enter for a list of commands
2026-08-02 14:52:34,789 INFO  [default] link ACK received: get_commodity
2026-08-02 14:52:34,942 INFO  [default] message type supported received: 2
2026-08-02 14:52:34,942 INFO  [default] commodity response received. response code: 0 - success; count: 4
2026-08-02 14:52:34,943 INFO  [default] commodity code: 0 - Electricity consumed (W & W-hr)
2026-08-02 14:52:34,943 INFO  [default]            source: Estimated
2026-08-02 14:52:34,943 INFO  [default]   cumulative: 122000
2026-08-02 14:52:34,943 INFO  [default]    inst rate: 0
2026-08-02 14:52:34,943 INFO  [default] commodity code 8 - Rated max consumption level electricity (W) is not recorded in the commodity CSV
2026-08-02 14:52:34,943 INFO  [default] commodity code: 6 - Total energy storage/take capacity (W-hr)
2026-08-02 14:52:34,944 INFO  [default]            source: Estimated
2026-08-02 14:52:34,944 INFO  [default]   cumulative: 9190
2026-08-02 14:52:34,944 INFO  [default]    inst rate: not used for this commodity code
2026-08-02 14:52:34,944 INFO  [default] commodity code: 7 - Present energy storage/take capacity (W-hr)
2026-08-02 14:52:34,944 INFO  [default]            source: Estimated
2026-08-02 14:52:34,944 INFO  [default]   cumulative: 574
2026-08-02 14:52:34,944 INFO  [default]    inst rate: not used for this commodity code
2026-08-02 14:52:35,146 INFO  [default] link ACK received: query_operational_state
2026-08-02 14:52:35,270 INFO  [default] operational state received: 0

Press Enter for a list of commands
1785707615,o,0 (PASSED!)
outside communication found
2026-08-02 14:53:35,489 INFO  [default] link ACK received: outside_communication
2026-08-02 14:53:35,612 INFO  [default] app ack received
2026-08-02 14:53:35,815 INFO  [default] link ACK received: get_commodity
2026-08-02 14:53:35,970 INFO  [default] message type supported received: 2
2026-08-02 14:53:35,970 INFO  [default] commodity response received. response code: 0 - success; count: 4
2026-08-02 14:53:35,970 INFO  [default] commodity code: 0 - Electricity consumed (W & W-hr)
2026-08-02 14:53:35,970 INFO  [default]            source: Estimated
2026-08-02 14:53:35,971 INFO  [default]   cumulative: 122000
2026-08-02 14:53:35,971 INFO  [default]    inst rate: 0
2026-08-02 14:53:35,971 INFO  [default] commodity code 8 - Rated max consumption level electricity (W) is not recorded in the commodity CSV
2026-08-02 14:53:35,971 INFO  [default] commodity code: 6 - Total energy storage/take capacity (W-hr)
2026-08-02 14:53:35,971 INFO  [default]            source: Estimated
2026-08-02 14:53:35,971 INFO  [default]   cumulative: 9190
2026-08-02 14:53:35,971 INFO  [default]    inst rate: not used for this commodity code
2026-08-02 14:53:35,971 INFO  [default] commodity code: 7 - Present energy storage/take capacity (W-hr)
2026-08-02 14:53:35,972 INFO  [default]            source: Estimated
2026-08-02 14:53:35,972 INFO  [default]   cumulative: 574
2026-08-02 14:53:35,972 INFO  [default]    inst rate: not used for this commodity code
2026-08-02 14:53:36,174 INFO  [default] link ACK received: query_operational_state
2026-08-02 14:53:36,298 INFO  [default] operational state received: 0

Press Enter for a list of commands
1785707630,l,0 (PASSED!)
loading up
2026-08-02 14:53:50,428 INFO  [default] link ACK received: load_up
2026-08-02 14:53:50,552 INFO  [default] app ack received
2026-08-02 14:54:34,742 INFO  [default] link ACK received: get_commodity
2026-08-02 14:54:34,895 INFO  [default] message type supported received: 2
2026-08-02 14:54:34,895 INFO  [default] commodity response received. response code: 0 - success; count: 4
2026-08-02 14:54:34,896 INFO  [default] commodity code: 0 - Electricity consumed (W & W-hr)
2026-08-02 14:54:34,896 INFO  [default]            source: Estimated
2026-08-02 14:54:34,896 INFO  [default]   cumulative: 122000
2026-08-02 14:54:34,896 INFO  [default]    inst rate: 0
2026-08-02 14:54:34,896 INFO  [default] commodity code 8 - Rated max consumption level electricity (W) is not recorded in the commodity CSV
2026-08-02 14:54:34,897 INFO  [default] commodity code: 6 - Total energy storage/take capacity (W-hr)
2026-08-02 14:54:34,897 INFO  [default]            source: Estimated
2026-08-02 14:54:34,897 INFO  [default]   cumulative: 9190
2026-08-02 14:54:34,897 INFO  [default]    inst rate: not used for this commodity code
2026-08-02 14:54:34,897 INFO  [default] commodity code: 7 - Present energy storage/take capacity (W-hr)
2026-08-02 14:54:34,897 INFO  [default]            source: Estimated
2026-08-02 14:54:34,897 INFO  [default]   cumulative: 574
2026-08-02 14:54:34,897 INFO  [default]    inst rate: not used for this commodity code
2026-08-02 14:54:35,100 INFO  [default] link ACK received: query_operational_state
2026-08-02 14:54:35,224 INFO  [default] operational state received: 6

Press Enter for a list of commands
2026-08-02 14:55:35,442 INFO  [default] link ACK received: get_commodity
2026-08-02 14:55:35,596 INFO  [default] message type supported received: 2
2026-08-02 14:55:35,596 INFO  [default] commodity response received. response code: 0 - success; count: 4
2026-08-02 14:55:35,596 INFO  [default] commodity code: 0 - Electricity consumed (W & W-hr)
2026-08-02 14:55:35,597 INFO  [default]            source: Estimated
2026-08-02 14:55:35,597 INFO  [default]   cumulative: 122000
2026-08-02 14:55:35,597 INFO  [default]    inst rate: 0
2026-08-02 14:55:35,597 INFO  [default] commodity code 8 - Rated max consumption level electricity (W) is not recorded in the commodity CSV
2026-08-02 14:55:35,597 INFO  [default] commodity code: 6 - Total energy storage/take capacity (W-hr)
2026-08-02 14:55:35,597 INFO  [default]            source: Estimated
2026-08-02 14:55:35,597 INFO  [default]   cumulative: 9190
2026-08-02 14:55:35,598 INFO  [default]    inst rate: not used for this commodity code
2026-08-02 14:55:35,598 INFO  [default] commodity code: 7 - Present energy storage/take capacity (W-hr)
2026-08-02 14:55:35,598 INFO  [default]            source: Estimated
2026-08-02 14:55:35,598 INFO  [default]   cumulative: 574
2026-08-02 14:55:35,598 INFO  [default]    inst rate: not used for this commodity code
2026-08-02 14:55:35,800 INFO  [default] link ACK received: query_operational_state
2026-08-02 14:55:35,925 INFO  [default] operational state received: 6

Press Enter for a list of commands
2026-08-02 14:56:35,141 INFO  [default] link ACK received: get_commodity
2026-08-02 14:56:35,296 INFO  [default] message type supported received: 2
2026-08-02 14:56:35,296 INFO  [default] commodity response received. response code: 0 - success; count: 4
2026-08-02 14:56:35,296 INFO  [default] commodity code: 0 - Electricity consumed (W & W-hr)
2026-08-02 14:56:35,296 INFO  [default]            source: Estimated
2026-08-02 14:56:35,297 INFO  [default]   cumulative: 122000
2026-08-02 14:56:35,297 INFO  [default]    inst rate: 0
2026-08-02 14:56:35,297 INFO  [default] commodity code 8 - Rated max consumption level electricity (W) is not recorded in the commodity CSV
2026-08-02 14:56:35,297 INFO  [default] commodity code: 6 - Total energy storage/take capacity (W-hr)
2026-08-02 14:56:35,297 INFO  [default]            source: Estimated
2026-08-02 14:56:35,297 INFO  [default]   cumulative: 9190
2026-08-02 14:56:35,298 INFO  [default]    inst rate: not used for this commodity code
2026-08-02 14:56:35,298 INFO  [default] commodity code: 7 - Present energy storage/take capacity (W-hr)
2026-08-02 14:56:35,298 INFO  [default]            source: Estimated
2026-08-02 14:56:35,298 INFO  [default]   cumulative: 596
2026-08-02 14:56:35,298 INFO  [default]    inst rate: not used for this commodity code
2026-08-02 14:56:35,501 INFO  [default] link ACK received: query_operational_state
2026-08-02 14:56:35,625 INFO  [default] operational state received: 6

Press Enter for a list of commands
2026-08-02 14:57:34,839 INFO  [default] link ACK received: get_commodity
2026-08-02 14:57:34,992 INFO  [default] message type supported received: 2
2026-08-02 14:57:34,992 INFO  [default] commodity response received. response code: 0 - success; count: 4
2026-08-02 14:57:34,993 INFO  [default] commodity code: 0 - Electricity consumed (W & W-hr)
2026-08-02 14:57:34,993 INFO  [default]            source: Estimated
2026-08-02 14:57:34,993 INFO  [default]   cumulative: 122000
2026-08-02 14:57:34,993 INFO  [default]    inst rate: 0
2026-08-02 14:57:34,993 INFO  [default] commodity code 8 - Rated max consumption level electricity (W) is not recorded in the commodity CSV
2026-08-02 14:57:34,994 INFO  [default] commodity code: 6 - Total energy storage/take capacity (W-hr)
2026-08-02 14:57:34,994 INFO  [default]            source: Estimated
2026-08-02 14:57:34,994 INFO  [default]   cumulative: 9190
2026-08-02 14:57:34,994 INFO  [default]    inst rate: not used for this commodity code
2026-08-02 14:57:34,994 INFO  [default] commodity code: 7 - Present energy storage/take capacity (W-hr)
2026-08-02 14:57:34,994 INFO  [default]            source: Estimated
2026-08-02 14:57:34,994 INFO  [default]   cumulative: 596
2026-08-02 14:57:34,994 INFO  [default]    inst rate: not used for this commodity code
2026-08-02 14:57:35,197 INFO  [default] link ACK received: query_operational_state
2026-08-02 14:57:35,321 INFO  [default] operational state received: 6

Press Enter for a list of commands
2026-08-02 14:58:35,537 INFO  [default] link ACK received: get_commodity
2026-08-02 14:58:35,691 INFO  [default] message type supported received: 2
2026-08-02 14:58:35,691 INFO  [default] commodity response received. response code: 0 - success; count: 4
2026-08-02 14:58:35,692 INFO  [default] commodity code: 0 - Electricity consumed (W & W-hr)
2026-08-02 14:58:35,692 INFO  [default]            source: Estimated
2026-08-02 14:58:35,692 INFO  [default]   cumulative: 122000
2026-08-02 14:58:35,692 INFO  [default]    inst rate: 0
2026-08-02 14:58:35,692 INFO  [default] commodity code 8 - Rated max consumption level electricity (W) is not recorded in the commodity CSV
2026-08-02 14:58:35,692 INFO  [default] commodity code: 6 - Total energy storage/take capacity (W-hr)
2026-08-02 14:58:35,693 INFO  [default]            source: Estimated
2026-08-02 14:58:35,693 INFO  [default]   cumulative: 9190
2026-08-02 14:58:35,693 INFO  [default]    inst rate: not used for this commodity code
2026-08-02 14:58:35,693 INFO  [default] commodity code: 7 - Present energy storage/take capacity (W-hr)
2026-08-02 14:58:35,693 INFO  [default]            source: Estimated
2026-08-02 14:58:35,693 INFO  [default]   cumulative: 596
2026-08-02 14:58:35,693 INFO  [default]    inst rate: not used for this commodity code
2026-08-02 14:58:35,897 INFO  [default] link ACK received: query_operational_state
2026-08-02 14:58:36,020 INFO  [default] operational state received: 6

Press Enter for a list of commands
2026-08-02 14:59:35,238 INFO  [default] link ACK received: get_commodity
2026-08-02 14:59:35,392 INFO  [default] message type supported received: 2
2026-08-02 14:59:35,392 INFO  [default] commodity response received. response code: 0 - success; count: 4
2026-08-02 14:59:35,392 INFO  [default] commodity code: 0 - Electricity consumed (W & W-hr)
2026-08-02 14:59:35,393 INFO  [default]            source: Estimated
2026-08-02 14:59:35,393 INFO  [default]   cumulative: 122000
2026-08-02 14:59:35,393 INFO  [default]    inst rate: 0
2026-08-02 14:59:35,393 INFO  [default] commodity code 8 - Rated max consumption level electricity (W) is not recorded in the commodity CSV
2026-08-02 14:59:35,393 INFO  [default] commodity code: 6 - Total energy storage/take capacity (W-hr)
2026-08-02 14:59:35,393 INFO  [default]            source: Estimated
2026-08-02 14:59:35,394 INFO  [default]   cumulative: 9190
2026-08-02 14:59:35,394 INFO  [default]    inst rate: not used for this commodity code
2026-08-02 14:59:35,394 INFO  [default] commodity code: 7 - Present energy storage/take capacity (W-hr)
2026-08-02 14:59:35,394 INFO  [default]            source: Estimated
2026-08-02 14:59:35,394 INFO  [default]   cumulative: 596
2026-08-02 14:59:35,394 INFO  [default]    inst rate: not used for this commodity code
2026-08-02 14:59:35,596 INFO  [default] link ACK received: query_operational_state
2026-08-02 14:59:35,720 INFO  [default] operational state received: 6

Press Enter for a list of commands
2026-08-02 15:00:34,936 INFO  [default] link ACK received: get_commodity
2026-08-02 15:00:35,090 INFO  [default] message type supported received: 2
2026-08-02 15:00:35,091 INFO  [default] commodity response received. response code: 0 - success; count: 4
2026-08-02 15:00:35,091 INFO  [default] commodity code: 0 - Electricity consumed (W & W-hr)
2026-08-02 15:00:35,091 INFO  [default]            source: Estimated
2026-08-02 15:00:35,091 INFO  [default]   cumulative: 122000
2026-08-02 15:00:35,092 INFO  [default]    inst rate: 0
2026-08-02 15:00:35,092 INFO  [default] commodity code 8 - Rated max consumption level electricity (W) is not recorded in the commodity CSV
2026-08-02 15:00:35,092 INFO  [default] commodity code: 6 - Total energy storage/take capacity (W-hr)
2026-08-02 15:00:35,092 INFO  [default]            source: Estimated
2026-08-02 15:00:35,092 INFO  [default]   cumulative: 9190
2026-08-02 15:00:35,092 INFO  [default]    inst rate: not used for this commodity code
2026-08-02 15:00:35,092 INFO  [default] commodity code: 7 - Present energy storage/take capacity (W-hr)
2026-08-02 15:00:35,092 INFO  [default]            source: Estimated
2026-08-02 15:00:35,092 INFO  [default]   cumulative: 596
2026-08-02 15:00:35,093 INFO  [default]    inst rate: not used for this commodity code
2026-08-02 15:00:35,296 INFO  [default] link ACK received: query_operational_state
2026-08-02 15:00:35,420 INFO  [default] operational state received: 6

Press Enter for a list of commands
2026-08-02 15:01:35,637 INFO  [default] link ACK received: get_commodity
2026-08-02 15:01:35,790 INFO  [default] message type supported received: 2
2026-08-02 15:01:35,791 INFO  [default] commodity response received. response code: 0 - success; count: 4
2026-08-02 15:01:35,791 INFO  [default] commodity code: 0 - Electricity consumed (W & W-hr)
2026-08-02 15:01:35,791 INFO  [default]            source: Estimated
2026-08-02 15:01:35,791 INFO  [default]   cumulative: 122000
2026-08-02 15:01:35,791 INFO  [default]    inst rate: 0
2026-08-02 15:01:35,792 INFO  [default] commodity code 8 - Rated max consumption level electricity (W) is not recorded in the commodity CSV
2026-08-02 15:01:35,792 INFO  [default] commodity code: 6 - Total energy storage/take capacity (W-hr)
2026-08-02 15:01:35,792 INFO  [default]            source: Estimated
2026-08-02 15:01:35,792 INFO  [default]   cumulative: 9190
2026-08-02 15:01:35,792 INFO  [default]    inst rate: not used for this commodity code
2026-08-02 15:01:35,792 INFO  [default] commodity code: 7 - Present energy storage/take capacity (W-hr)
2026-08-02 15:01:35,792 INFO  [default]            source: Estimated
2026-08-02 15:01:35,792 INFO  [default]   cumulative: 596
2026-08-02 15:01:35,793 INFO  [default]    inst rate: not used for this commodity code
2026-08-02 15:01:35,996 INFO  [default] link ACK received: query_operational_state
2026-08-02 15:01:36,119 INFO  [default] operational state received: 6

Press Enter for a list of commands
2026-08-02 15:02:35,336 INFO  [default] link ACK received: get_commodity
2026-08-02 15:02:35,490 INFO  [default] message type supported received: 2
2026-08-02 15:02:35,490 INFO  [default] commodity response received. response code: 0 - success; count: 4
2026-08-02 15:02:35,491 INFO  [default] commodity code: 0 - Electricity consumed (W & W-hr)
2026-08-02 15:02:35,491 INFO  [default]            source: Estimated
2026-08-02 15:02:35,491 INFO  [default]   cumulative: 122000
2026-08-02 15:02:35,491 INFO  [default]    inst rate: 0
2026-08-02 15:02:35,491 INFO  [default] commodity code 8 - Rated max consumption level electricity (W) is not recorded in the commodity CSV
2026-08-02 15:02:35,491 INFO  [default] commodity code: 6 - Total energy storage/take capacity (W-hr)
2026-08-02 15:02:35,491 INFO  [default]            source: Estimated
2026-08-02 15:02:35,491 INFO  [default]   cumulative: 9190
2026-08-02 15:02:35,492 INFO  [default]    inst rate: not used for this commodity code
2026-08-02 15:02:35,492 INFO  [default] commodity code: 7 - Present energy storage/take capacity (W-hr)
2026-08-02 15:02:35,492 INFO  [default]            source: Estimated
2026-08-02 15:02:35,492 INFO  [default]   cumulative: 596
2026-08-02 15:02:35,492 INFO  [default]    inst rate: not used for this commodity code
2026-08-02 15:02:35,696 INFO  [default] link ACK received: query_operational_state
2026-08-02 15:02:35,821 INFO  [default] operational state received: 6

Press Enter for a list of commands
2026-08-02 15:03:35,035 INFO  [default] link ACK received: get_commodity
2026-08-02 15:03:35,190 INFO  [default] message type supported received: 2
2026-08-02 15:03:35,190 INFO  [default] commodity response received. response code: 0 - success; count: 4
2026-08-02 15:03:35,190 INFO  [default] commodity code: 0 - Electricity consumed (W & W-hr)
2026-08-02 15:03:35,191 INFO  [default]            source: Estimated
2026-08-02 15:03:35,191 INFO  [default]   cumulative: 122000
2026-08-02 15:03:35,191 INFO  [default]    inst rate: 0
2026-08-02 15:03:35,191 INFO  [default] commodity code 8 - Rated max consumption level electricity (W) is not recorded in the commodity CSV
2026-08-02 15:03:35,191 INFO  [default] commodity code: 6 - Total energy storage/take capacity (W-hr)
2026-08-02 15:03:35,191 INFO  [default]            source: Estimated
2026-08-02 15:03:35,191 INFO  [default]   cumulative: 9190
2026-08-02 15:03:35,191 INFO  [default]    inst rate: not used for this commodity code
2026-08-02 15:03:35,192 INFO  [default] commodity code: 7 - Present energy storage/take capacity (W-hr)
2026-08-02 15:03:35,192 INFO  [default]            source: Estimated
2026-08-02 15:03:35,192 INFO  [default]   cumulative: 596
2026-08-02 15:03:35,192 INFO  [default]    inst rate: not used for this commodity code
2026-08-02 15:03:35,395 INFO  [default] link ACK received: query_operational_state
2026-08-02 15:03:35,519 INFO  [default] operational state received: 6

Press Enter for a list of commands
2026-08-02 15:04:35,729 INFO  [default] link ACK received: get_commodity
2026-08-02 15:04:35,883 INFO  [default] message type supported received: 2
2026-08-02 15:04:35,883 INFO  [default] commodity response received. response code: 0 - success; count: 4
2026-08-02 15:04:35,883 INFO  [default] commodity code: 0 - Electricity consumed (W & W-hr)
2026-08-02 15:04:35,883 INFO  [default]            source: Estimated
2026-08-02 15:04:35,883 INFO  [default]   cumulative: 122000
2026-08-02 15:04:35,884 INFO  [default]    inst rate: 0
2026-08-02 15:04:35,884 INFO  [default] commodity code 8 - Rated max consumption level electricity (W) is not recorded in the commodity CSV
2026-08-02 15:04:35,884 INFO  [default] commodity code: 6 - Total energy storage/take capacity (W-hr)
2026-08-02 15:04:35,884 INFO  [default]            source: Estimated
2026-08-02 15:04:35,884 INFO  [default]   cumulative: 9190
2026-08-02 15:04:35,884 INFO  [default]    inst rate: not used for this commodity code
2026-08-02 15:04:35,884 INFO  [default] commodity code: 7 - Present energy storage/take capacity (W-hr)
2026-08-02 15:04:35,885 INFO  [default]            source: Estimated
2026-08-02 15:04:35,885 INFO  [default]   cumulative: 596
2026-08-02 15:04:35,885 INFO  [default]    inst rate: not used for this commodity code
2026-08-02 15:04:36,088 INFO  [default] link ACK received: query_operational_state
2026-08-02 15:04:36,211 INFO  [default] operational state received: 6

Press Enter for a list of commands
2026-08-02 15:05:35,427 INFO  [default] link ACK received: get_commodity
2026-08-02 15:05:35,580 INFO  [default] message type supported received: 2
2026-08-02 15:05:35,580 INFO  [default] commodity response received. response code: 0 - success; count: 4
2026-08-02 15:05:35,581 INFO  [default] commodity code: 0 - Electricity consumed (W & W-hr)
2026-08-02 15:05:35,581 INFO  [default]            source: Estimated
2026-08-02 15:05:35,581 INFO  [default]   cumulative: 122000
2026-08-02 15:05:35,581 INFO  [default]    inst rate: 0
2026-08-02 15:05:35,581 INFO  [default] commodity code 8 - Rated max consumption level electricity (W) is not recorded in the commodity CSV
2026-08-02 15:05:35,581 INFO  [default] commodity code: 6 - Total energy storage/take capacity (W-hr)
2026-08-02 15:05:35,582 INFO  [default]            source: Estimated
2026-08-02 15:05:35,582 INFO  [default]   cumulative: 9190
2026-08-02 15:05:35,582 INFO  [default]    inst rate: not used for this commodity code
2026-08-02 15:05:35,582 INFO  [default] commodity code: 7 - Present energy storage/take capacity (W-hr)
2026-08-02 15:05:35,582 INFO  [default]            source: Estimated
2026-08-02 15:05:35,582 INFO  [default]   cumulative: 596
2026-08-02 15:05:35,582 INFO  [default]    inst rate: not used for this commodity code
2026-08-02 15:05:35,785 INFO  [default] link ACK received: query_operational_state
2026-08-02 15:05:35,909 INFO  [default] operational state received: 6

Press Enter for a list of commands
2026-08-02 15:06:35,127 INFO  [default] link ACK received: get_commodity
2026-08-02 15:06:35,281 INFO  [default] message type supported received: 2
2026-08-02 15:06:35,281 INFO  [default] commodity response received. response code: 0 - success; count: 4
2026-08-02 15:06:35,281 INFO  [default] commodity code: 0 - Electricity consumed (W & W-hr)
2026-08-02 15:06:35,281 INFO  [default]            source: Estimated
2026-08-02 15:06:35,282 INFO  [default]   cumulative: 122000
2026-08-02 15:06:35,282 INFO  [default]    inst rate: 0
2026-08-02 15:06:35,282 INFO  [default] commodity code 8 - Rated max consumption level electricity (W) is not recorded in the commodity CSV
2026-08-02 15:06:35,282 INFO  [default] commodity code: 6 - Total energy storage/take capacity (W-hr)
2026-08-02 15:06:35,282 INFO  [default]            source: Estimated
2026-08-02 15:06:35,282 INFO  [default]   cumulative: 9190
2026-08-02 15:06:35,282 INFO  [default]    inst rate: not used for this commodity code
2026-08-02 15:06:35,282 INFO  [default] commodity code: 7 - Present energy storage/take capacity (W-hr)
2026-08-02 15:06:35,283 INFO  [default]            source: Estimated
2026-08-02 15:06:35,283 INFO  [default]   cumulative: 596
2026-08-02 15:06:35,283 INFO  [default]    inst rate: not used for this commodity code
2026-08-02 15:06:35,486 INFO  [default] link ACK received: query_operational_state
2026-08-02 15:06:35,609 INFO  [default] operational state received: 6

Press Enter for a list of commands
2026-08-02 15:07:34,824 INFO  [default] link ACK received: get_commodity
2026-08-02 15:07:34,978 INFO  [default] message type supported received: 2
2026-08-02 15:07:34,978 INFO  [default] commodity response received. response code: 0 - success; count: 4
2026-08-02 15:07:34,979 INFO  [default] commodity code: 0 - Electricity consumed (W & W-hr)
2026-08-02 15:07:34,979 INFO  [default]            source: Estimated
2026-08-02 15:07:34,979 INFO  [default]   cumulative: 122000
2026-08-02 15:07:34,979 INFO  [default]    inst rate: 0
2026-08-02 15:07:34,979 INFO  [default] commodity code 8 - Rated max consumption level electricity (W) is not recorded in the commodity CSV
2026-08-02 15:07:34,980 INFO  [default] commodity code: 6 - Total energy storage/take capacity (W-hr)
2026-08-02 15:07:34,980 INFO  [default]            source: Estimated
2026-08-02 15:07:34,980 INFO  [default]   cumulative: 9190
2026-08-02 15:07:34,980 INFO  [default]    inst rate: not used for this commodity code
2026-08-02 15:07:34,980 INFO  [default] commodity code: 7 - Present energy storage/take capacity (W-hr)
2026-08-02 15:07:34,980 INFO  [default]            source: Estimated
2026-08-02 15:07:34,980 INFO  [default]   cumulative: 596
2026-08-02 15:07:34,981 INFO  [default]    inst rate: not used for this commodity code
2026-08-02 15:07:35,184 INFO  [default] link ACK received: query_operational_state
2026-08-02 15:07:35,307 INFO  [default] operational state received: 6

Press Enter for a list of commands
2026-08-02 15:08:35,524 INFO  [default] link ACK received: get_commodity
2026-08-02 15:08:35,677 INFO  [default] message type supported received: 2
2026-08-02 15:08:35,677 INFO  [default] commodity response received. response code: 0 - success; count: 4
2026-08-02 15:08:35,678 INFO  [default] commodity code: 0 - Electricity consumed (W & W-hr)
2026-08-02 15:08:35,678 INFO  [default]            source: Estimated
2026-08-02 15:08:35,678 INFO  [default]   cumulative: 122000
2026-08-02 15:08:35,678 INFO  [default]    inst rate: 0
2026-08-02 15:08:35,678 INFO  [default] commodity code 8 - Rated max consumption level electricity (W) is not recorded in the commodity CSV
2026-08-02 15:08:35,678 INFO  [default] commodity code: 6 - Total energy storage/take capacity (W-hr)
2026-08-02 15:08:35,679 INFO  [default]            source: Estimated
2026-08-02 15:08:35,679 INFO  [default]   cumulative: 9190
2026-08-02 15:08:35,679 INFO  [default]    inst rate: not used for this commodity code
2026-08-02 15:08:35,679 INFO  [default] commodity code: 7 - Present energy storage/take capacity (W-hr)
2026-08-02 15:08:35,679 INFO  [default]            source: Estimated
2026-08-02 15:08:35,679 INFO  [default]   cumulative: 596
2026-08-02 15:08:35,679 INFO  [default]    inst rate: not used for this commodity code
2026-08-02 15:08:35,882 INFO  [default] link ACK received: query_operational_state
2026-08-02 15:08:36,005 INFO  [default] operational state received: 6

Press Enter for a list of commands
2026-08-02 15:09:35,222 INFO  [default] link ACK received: get_commodity
2026-08-02 15:09:35,376 INFO  [default] message type supported received: 2
2026-08-02 15:09:35,377 INFO  [default] commodity response received. response code: 0 - success; count: 4
2026-08-02 15:09:35,377 INFO  [default] commodity code: 0 - Electricity consumed (W & W-hr)
2026-08-02 15:09:35,377 INFO  [default]            source: Estimated
2026-08-02 15:09:35,378 INFO  [default]   cumulative: 122000
2026-08-02 15:09:35,378 INFO  [default]    inst rate: 0
2026-08-02 15:09:35,378 INFO  [default] commodity code 8 - Rated max consumption level electricity (W) is not recorded in the commodity CSV
2026-08-02 15:09:35,378 INFO  [default] commodity code: 6 - Total energy storage/take capacity (W-hr)
2026-08-02 15:09:35,378 INFO  [default]            source: Estimated
2026-08-02 15:09:35,378 INFO  [default]   cumulative: 9190
2026-08-02 15:09:35,378 INFO  [default]    inst rate: not used for this commodity code
2026-08-02 15:09:35,378 INFO  [default] commodity code: 7 - Present energy storage/take capacity (W-hr)
2026-08-02 15:09:35,379 INFO  [default]            source: Estimated
2026-08-02 15:09:35,379 INFO  [default]   cumulative: 596
2026-08-02 15:09:35,379 INFO  [default]    inst rate: not used for this commodity code
2026-08-02 15:09:35,583 INFO  [default] link ACK received: query_operational_state
2026-08-02 15:09:35,707 INFO  [default] operational state received: 6

Press Enter for a list of commands
2026-08-02 15:10:34,923 INFO  [default] link ACK received: get_commodity
2026-08-02 15:10:35,077 INFO  [default] message type supported received: 2
2026-08-02 15:10:35,077 INFO  [default] commodity response received. response code: 0 - success; count: 4
2026-08-02 15:10:35,078 INFO  [default] commodity code: 0 - Electricity consumed (W & W-hr)
2026-08-02 15:10:35,078 INFO  [default]            source: Estimated
2026-08-02 15:10:35,078 INFO  [default]   cumulative: 122000
2026-08-02 15:10:35,078 INFO  [default]    inst rate: 0
2026-08-02 15:10:35,079 INFO  [default] commodity code 8 - Rated max consumption level electricity (W) is not recorded in the commodity CSV
2026-08-02 15:10:35,079 INFO  [default] commodity code: 6 - Total energy storage/take capacity (W-hr)
2026-08-02 15:10:35,079 INFO  [default]            source: Estimated
2026-08-02 15:10:35,079 INFO  [default]   cumulative: 9190
2026-08-02 15:10:35,079 INFO  [default]    inst rate: not used for this commodity code
2026-08-02 15:10:35,079 INFO  [default] commodity code: 7 - Present energy storage/take capacity (W-hr)
2026-08-02 15:10:35,079 INFO  [default]            source: Estimated
2026-08-02 15:10:35,079 INFO  [default]   cumulative: 618
2026-08-02 15:10:35,079 INFO  [default]    inst rate: not used for this commodity code
2026-08-02 15:10:35,281 INFO  [default] link ACK received: query_operational_state
2026-08-02 15:10:35,406 INFO  [default] operational state received: 6

Press Enter for a list of commands
2026-08-02 15:11:35,627 INFO  [default] link ACK received: get_commodity
2026-08-02 15:11:35,780 INFO  [default] message type supported received: 2
2026-08-02 15:11:35,780 INFO  [default] commodity response received. response code: 0 - success; count: 4
2026-08-02 15:11:35,781 INFO  [default] commodity code: 0 - Electricity consumed (W & W-hr)
2026-08-02 15:11:35,781 INFO  [default]            source: Estimated
2026-08-02 15:11:35,781 INFO  [default]   cumulative: 122000
2026-08-02 15:11:35,781 INFO  [default]    inst rate: 0
2026-08-02 15:11:35,781 INFO  [default] commodity code 8 - Rated max consumption level electricity (W) is not recorded in the commodity CSV
2026-08-02 15:11:35,781 INFO  [default] commodity code: 6 - Total energy storage/take capacity (W-hr)
2026-08-02 15:11:35,782 INFO  [default]            source: Estimated
2026-08-02 15:11:35,782 INFO  [default]   cumulative: 9190
2026-08-02 15:11:35,782 INFO  [default]    inst rate: not used for this commodity code
2026-08-02 15:11:35,782 INFO  [default] commodity code: 7 - Present energy storage/take capacity (W-hr)
2026-08-02 15:11:35,782 INFO  [default]            source: Estimated
2026-08-02 15:11:35,782 INFO  [default]   cumulative: 618
2026-08-02 15:11:35,782 INFO  [default]    inst rate: not used for this commodity code
2026-08-02 15:11:35,984 INFO  [default] link ACK received: query_operational_state
2026-08-02 15:11:36,108 INFO  [default] operational state received: 6

Press Enter for a list of commands
2026-08-02 15:12:35,328 INFO  [default] link ACK received: get_commodity
2026-08-02 15:12:35,482 INFO  [default] message type supported received: 2
2026-08-02 15:12:35,482 INFO  [default] commodity response received. response code: 0 - success; count: 4
2026-08-02 15:12:35,483 INFO  [default] commodity code: 0 - Electricity consumed (W & W-hr)
2026-08-02 15:12:35,483 INFO  [default]            source: Estimated
2026-08-02 15:12:35,483 INFO  [default]   cumulative: 122000
2026-08-02 15:12:35,483 INFO  [default]    inst rate: 0
2026-08-02 15:12:35,483 INFO  [default] commodity code 8 - Rated max consumption level electricity (W) is not recorded in the commodity CSV
2026-08-02 15:12:35,484 INFO  [default] commodity code: 6 - Total energy storage/take capacity (W-hr)
2026-08-02 15:12:35,484 INFO  [default]            source: Estimated
2026-08-02 15:12:35,484 INFO  [default]   cumulative: 9190
2026-08-02 15:12:35,484 INFO  [default]    inst rate: not used for this commodity code
2026-08-02 15:12:35,484 INFO  [default] commodity code: 7 - Present energy storage/take capacity (W-hr)
2026-08-02 15:12:35,484 INFO  [default]            source: Estimated
2026-08-02 15:12:35,484 INFO  [default]   cumulative: 618
2026-08-02 15:12:35,484 INFO  [default]    inst rate: not used for this commodity code
2026-08-02 15:12:35,687 INFO  [default] link ACK received: query_operational_state
2026-08-02 15:12:35,810 INFO  [default] operational state received: 6

Press Enter for a list of commands
2026-08-02 15:13:35,030 INFO  [default] link ACK received: get_commodity
2026-08-02 15:13:35,183 INFO  [default] message type supported received: 2
2026-08-02 15:13:35,183 INFO  [default] commodity response received. response code: 0 - success; count: 4
2026-08-02 15:13:35,184 INFO  [default] commodity code: 0 - Electricity consumed (W & W-hr)
2026-08-02 15:13:35,184 INFO  [default]            source: Estimated
2026-08-02 15:13:35,184 INFO  [default]   cumulative: 122000
2026-08-02 15:13:35,184 INFO  [default]    inst rate: 0
2026-08-02 15:13:35,184 INFO  [default] commodity code 8 - Rated max consumption level electricity (W) is not recorded in the commodity CSV
2026-08-02 15:13:35,185 INFO  [default] commodity code: 6 - Total energy storage/take capacity (W-hr)
2026-08-02 15:13:35,185 INFO  [default]            source: Estimated
2026-08-02 15:13:35,185 INFO  [default]   cumulative: 9190
2026-08-02 15:13:35,185 INFO  [default]    inst rate: not used for this commodity code
2026-08-02 15:13:35,185 INFO  [default] commodity code: 7 - Present energy storage/take capacity (W-hr)
2026-08-02 15:13:35,185 INFO  [default]            source: Estimated
2026-08-02 15:13:35,185 INFO  [default]   cumulative: 618
2026-08-02 15:13:35,185 INFO  [default]    inst rate: not used for this commodity code
2026-08-02 15:13:35,388 INFO  [default] link ACK received: query_operational_state
2026-08-02 15:13:35,512 INFO  [default] operational state received: 6

Press Enter for a list of commands
2026-08-02 15:14:35,732 INFO  [default] link ACK received: get_commodity
2026-08-02 15:14:35,886 INFO  [default] message type supported received: 2
2026-08-02 15:14:35,886 INFO  [default] commodity response received. response code: 0 - success; count: 4
2026-08-02 15:14:35,887 INFO  [default] commodity code: 0 - Electricity consumed (W & W-hr)
2026-08-02 15:14:35,887 INFO  [default]            source: Estimated
2026-08-02 15:14:35,887 INFO  [default]   cumulative: 122000
2026-08-02 15:14:35,887 INFO  [default]    inst rate: 0
2026-08-02 15:14:35,887 INFO  [default] commodity code 8 - Rated max consumption level electricity (W) is not recorded in the commodity CSV
2026-08-02 15:14:35,887 INFO  [default] commodity code: 6 - Total energy storage/take capacity (W-hr)
2026-08-02 15:14:35,887 INFO  [default]            source: Estimated
2026-08-02 15:14:35,887 INFO  [default]   cumulative: 9190
2026-08-02 15:14:35,888 INFO  [default]    inst rate: not used for this commodity code
2026-08-02 15:14:35,888 INFO  [default] commodity code: 7 - Present energy storage/take capacity (W-hr)
2026-08-02 15:14:35,888 INFO  [default]            source: Estimated
2026-08-02 15:14:35,888 INFO  [default]   cumulative: 618
2026-08-02 15:14:35,888 INFO  [default]    inst rate: not used for this commodity code
2026-08-02 15:14:36,092 INFO  [default] link ACK received: query_operational_state
2026-08-02 15:14:36,217 INFO  [default] operational state received: 6

Press Enter for a list of commands
2026-08-02 15:15:35,435 INFO  [default] link ACK received: get_commodity
2026-08-02 15:15:35,589 INFO  [default] message type supported received: 2
2026-08-02 15:15:35,589 INFO  [default] commodity response received. response code: 0 - success; count: 4
2026-08-02 15:15:35,589 INFO  [default] commodity code: 0 - Electricity consumed (W & W-hr)
2026-08-02 15:15:35,589 INFO  [default]            source: Estimated
2026-08-02 15:15:35,589 INFO  [default]   cumulative: 122000
2026-08-02 15:15:35,590 INFO  [default]    inst rate: 0
2026-08-02 15:15:35,590 INFO  [default] commodity code 8 - Rated max consumption level electricity (W) is not recorded in the commodity CSV
2026-08-02 15:15:35,590 INFO  [default] commodity code: 6 - Total energy storage/take capacity (W-hr)
2026-08-02 15:15:35,590 INFO  [default]            source: Estimated
2026-08-02 15:15:35,590 INFO  [default]   cumulative: 9190
2026-08-02 15:15:35,590 INFO  [default]    inst rate: not used for this commodity code
2026-08-02 15:15:35,590 INFO  [default] commodity code: 7 - Present energy storage/take capacity (W-hr)
2026-08-02 15:15:35,591 INFO  [default]            source: Estimated
2026-08-02 15:15:35,591 INFO  [default]   cumulative: 618
2026-08-02 15:15:35,591 INFO  [default]    inst rate: not used for this commodity code
2026-08-02 15:15:35,795 INFO  [default] link ACK received: query_operational_state
2026-08-02 15:15:35,919 INFO  [default] operational state received: 6

Press Enter for a list of commands
2026-08-02 15:16:35,136 INFO  [default] link ACK received: get_commodity
2026-08-02 15:16:35,289 INFO  [default] message type supported received: 2
2026-08-02 15:16:35,289 INFO  [default] commodity response received. response code: 0 - success; count: 4
2026-08-02 15:16:35,290 INFO  [default] commodity code: 0 - Electricity consumed (W & W-hr)
2026-08-02 15:16:35,290 INFO  [default]            source: Estimated
2026-08-02 15:16:35,290 INFO  [default]   cumulative: 122000
2026-08-02 15:16:35,290 INFO  [default]    inst rate: 0
2026-08-02 15:16:35,290 INFO  [default] commodity code 8 - Rated max consumption level electricity (W) is not recorded in the commodity CSV
2026-08-02 15:16:35,290 INFO  [default] commodity code: 6 - Total energy storage/take capacity (W-hr)
2026-08-02 15:16:35,291 INFO  [default]            source: Estimated
2026-08-02 15:16:35,291 INFO  [default]   cumulative: 9190
2026-08-02 15:16:35,291 INFO  [default]    inst rate: not used for this commodity code
2026-08-02 15:16:35,291 INFO  [default] commodity code: 7 - Present energy storage/take capacity (W-hr)
2026-08-02 15:16:35,291 INFO  [default]            source: Estimated
2026-08-02 15:16:35,291 INFO  [default]   cumulative: 618
2026-08-02 15:16:35,291 INFO  [default]    inst rate: not used for this commodity code
2026-08-02 15:16:35,493 INFO  [default] link ACK received: query_operational_state
2026-08-02 15:16:35,618 INFO  [default] operational state received: 6

Press Enter for a list of commands
2026-08-02 15:17:34,830 INFO  [default] link ACK received: get_commodity
2026-08-02 15:17:34,985 INFO  [default] message type supported received: 2
2026-08-02 15:17:34,985 INFO  [default] commodity response received. response code: 0 - success; count: 4
2026-08-02 15:17:34,985 INFO  [default] commodity code: 0 - Electricity consumed (W & W-hr)
2026-08-02 15:17:34,985 INFO  [default]            source: Estimated
2026-08-02 15:17:34,986 INFO  [default]   cumulative: 122000
2026-08-02 15:17:34,986 INFO  [default]    inst rate: 0
2026-08-02 15:17:34,986 INFO  [default] commodity code 8 - Rated max consumption level electricity (W) is not recorded in the commodity CSV
2026-08-02 15:17:34,986 INFO  [default] commodity code: 6 - Total energy storage/take capacity (W-hr)
2026-08-02 15:17:34,986 INFO  [default]            source: Estimated
2026-08-02 15:17:34,986 INFO  [default]   cumulative: 9190
2026-08-02 15:17:34,986 INFO  [default]    inst rate: not used for this commodity code
2026-08-02 15:17:34,986 INFO  [default] commodity code: 7 - Present energy storage/take capacity (W-hr)
2026-08-02 15:17:34,987 INFO  [default]            source: Estimated
2026-08-02 15:17:34,987 INFO  [default]   cumulative: 640
2026-08-02 15:17:34,987 INFO  [default]    inst rate: not used for this commodity code
2026-08-02 15:17:35,190 INFO  [default] link ACK received: query_operational_state
2026-08-02 15:17:35,313 INFO  [default] operational state received: 6

Press Enter for a list of commands
2026-08-02 15:18:35,530 INFO  [default] link ACK received: get_commodity
2026-08-02 15:18:35,683 INFO  [default] message type supported received: 2
2026-08-02 15:18:35,684 INFO  [default] commodity response received. response code: 0 - success; count: 4
2026-08-02 15:18:35,684 INFO  [default] commodity code: 0 - Electricity consumed (W & W-hr)
2026-08-02 15:18:35,684 INFO  [default]            source: Estimated
2026-08-02 15:18:35,684 INFO  [default]   cumulative: 122000
2026-08-02 15:18:35,684 INFO  [default]    inst rate: 0
2026-08-02 15:18:35,685 INFO  [default] commodity code 8 - Rated max consumption level electricity (W) is not recorded in the commodity CSV
2026-08-02 15:18:35,685 INFO  [default] commodity code: 6 - Total energy storage/take capacity (W-hr)
2026-08-02 15:18:35,685 INFO  [default]            source: Estimated
2026-08-02 15:18:35,685 INFO  [default]   cumulative: 9190
2026-08-02 15:18:35,685 INFO  [default]    inst rate: not used for this commodity code
2026-08-02 15:18:35,686 INFO  [default] commodity code: 7 - Present energy storage/take capacity (W-hr)
2026-08-02 15:18:35,686 INFO  [default]            source: Estimated
2026-08-02 15:18:35,686 INFO  [default]   cumulative: 618
2026-08-02 15:18:35,686 INFO  [default]    inst rate: not used for this commodity code
2026-08-02 15:18:35,889 INFO  [default] link ACK received: query_operational_state
2026-08-02 15:18:36,012 INFO  [default] operational state received: 6

Press Enter for a list of commands
2026-08-02 15:19:35,227 INFO  [default] link ACK received: get_commodity
2026-08-02 15:19:35,381 INFO  [default] message type supported received: 2
2026-08-02 15:19:35,381 INFO  [default] commodity response received. response code: 0 - success; count: 4
2026-08-02 15:19:35,382 INFO  [default] commodity code: 0 - Electricity consumed (W & W-hr)
2026-08-02 15:19:35,382 INFO  [default]            source: Estimated
2026-08-02 15:19:35,382 INFO  [default]   cumulative: 122000
2026-08-02 15:19:35,382 INFO  [default]    inst rate: 0
2026-08-02 15:19:35,382 INFO  [default] commodity code 8 - Rated max consumption level electricity (W) is not recorded in the commodity CSV
2026-08-02 15:19:35,382 INFO  [default] commodity code: 6 - Total energy storage/take capacity (W-hr)
2026-08-02 15:19:35,382 INFO  [default]            source: Estimated
2026-08-02 15:19:35,382 INFO  [default]   cumulative: 9190
2026-08-02 15:19:35,383 INFO  [default]    inst rate: not used for this commodity code
2026-08-02 15:19:35,383 INFO  [default] commodity code: 7 - Present energy storage/take capacity (W-hr)
2026-08-02 15:19:35,383 INFO  [default]            source: Estimated
2026-08-02 15:19:35,383 INFO  [default]   cumulative: 618
2026-08-02 15:19:35,383 INFO  [default]    inst rate: not used for this commodity code
2026-08-02 15:19:35,585 INFO  [default] link ACK received: query_operational_state
2026-08-02 15:19:35,710 INFO  [default] operational state received: 6

Press Enter for a list of commands
2026-08-02 15:20:34,928 INFO  [default] link ACK received: get_commodity
2026-08-02 15:20:35,081 INFO  [default] message type supported received: 2
2026-08-02 15:20:35,082 INFO  [default] commodity response received. response code: 0 - success; count: 4
2026-08-02 15:20:35,082 INFO  [default] commodity code: 0 - Electricity consumed (W & W-hr)
2026-08-02 15:20:35,082 INFO  [default]            source: Estimated
2026-08-02 15:20:35,082 INFO  [default]   cumulative: 122000
2026-08-02 15:20:35,083 INFO  [default]    inst rate: 0
2026-08-02 15:20:35,083 INFO  [default] commodity code 8 - Rated max consumption level electricity (W) is not recorded in the commodity CSV
2026-08-02 15:20:35,083 INFO  [default] commodity code: 6 - Total energy storage/take capacity (W-hr)
2026-08-02 15:20:35,083 INFO  [default]            source: Estimated
2026-08-02 15:20:35,083 INFO  [default]   cumulative: 9190
2026-08-02 15:20:35,083 INFO  [default]    inst rate: not used for this commodity code
2026-08-02 15:20:35,083 INFO  [default] commodity code: 7 - Present energy storage/take capacity (W-hr)
2026-08-02 15:20:35,083 INFO  [default]            source: Estimated
2026-08-02 15:20:35,083 INFO  [default]   cumulative: 618
2026-08-02 15:20:35,084 INFO  [default]    inst rate: not used for this commodity code
2026-08-02 15:20:35,287 INFO  [default] link ACK received: query_operational_state
2026-08-02 15:20:35,410 INFO  [default] operational state received: 6

Press Enter for a list of commands
2026-08-02 15:21:35,630 INFO  [default] link ACK received: get_commodity
2026-08-02 15:21:35,784 INFO  [default] message type supported received: 2
2026-08-02 15:21:35,785 INFO  [default] commodity response received. response code: 0 - success; count: 4
2026-08-02 15:21:35,785 INFO  [default] commodity code: 0 - Electricity consumed (W & W-hr)
2026-08-02 15:21:35,785 INFO  [default]            source: Estimated
2026-08-02 15:21:35,785 INFO  [default]   cumulative: 122000
2026-08-02 15:21:35,785 INFO  [default]    inst rate: 0
2026-08-02 15:21:35,786 INFO  [default] commodity code 8 - Rated max consumption level electricity (W) is not recorded in the commodity CSV
2026-08-02 15:21:35,786 INFO  [default] commodity code: 6 - Total energy storage/take capacity (W-hr)
2026-08-02 15:21:35,786 INFO  [default]            source: Estimated
2026-08-02 15:21:35,786 INFO  [default]   cumulative: 9190
2026-08-02 15:21:35,786 INFO  [default]    inst rate: not used for this commodity code
2026-08-02 15:21:35,786 INFO  [default] commodity code: 7 - Present energy storage/take capacity (W-hr)
2026-08-02 15:21:35,786 INFO  [default]            source: Estimated
2026-08-02 15:21:35,786 INFO  [default]   cumulative: 618
2026-08-02 15:21:35,787 INFO  [default]    inst rate: not used for this commodity code
2026-08-02 15:21:35,989 INFO  [default] link ACK received: query_operational_state
2026-08-02 15:21:36,113 INFO  [default] operational state received: 6

Press Enter for a list of commands
2026-08-02 15:22:35,331 INFO  [default] link ACK received: get_commodity
2026-08-02 15:22:35,487 INFO  [default] message type supported received: 2
2026-08-02 15:22:35,487 INFO  [default] commodity response received. response code: 0 - success; count: 4
2026-08-02 15:22:35,487 INFO  [default] commodity code: 0 - Electricity consumed (W & W-hr)
2026-08-02 15:22:35,488 INFO  [default]            source: Estimated
2026-08-02 15:22:35,488 INFO  [default]   cumulative: 122000
2026-08-02 15:22:35,488 INFO  [default]    inst rate: 0
2026-08-02 15:22:35,488 INFO  [default] commodity code 8 - Rated max consumption level electricity (W) is not recorded in the commodity CSV
2026-08-02 15:22:35,488 INFO  [default] commodity code: 6 - Total energy storage/take capacity (W-hr)
2026-08-02 15:22:35,488 INFO  [default]            source: Estimated
2026-08-02 15:22:35,488 INFO  [default]   cumulative: 9190
2026-08-02 15:22:35,488 INFO  [default]    inst rate: not used for this commodity code
2026-08-02 15:22:35,489 INFO  [default] commodity code: 7 - Present energy storage/take capacity (W-hr)
2026-08-02 15:22:35,489 INFO  [default]            source: Estimated
2026-08-02 15:22:35,489 INFO  [default]   cumulative: 618
2026-08-02 15:22:35,489 INFO  [default]    inst rate: not used for this commodity code
2026-08-02 15:22:35,691 INFO  [default] link ACK received: query_operational_state
2026-08-02 15:22:35,816 INFO  [default] operational state received: 6

Press Enter for a list of commands
2026-08-02 15:23:35,034 INFO  [default] link ACK received: get_commodity
2026-08-02 15:23:35,189 INFO  [default] message type supported received: 2
2026-08-02 15:23:35,190 INFO  [default] commodity response received. response code: 0 - success; count: 4
2026-08-02 15:23:35,190 INFO  [default] commodity code: 0 - Electricity consumed (W & W-hr)
2026-08-02 15:23:35,190 INFO  [default]            source: Estimated
2026-08-02 15:23:35,190 INFO  [default]   cumulative: 122000
2026-08-02 15:23:35,191 INFO  [default]    inst rate: 0
2026-08-02 15:23:35,191 INFO  [default] commodity code 8 - Rated max consumption level electricity (W) is not recorded in the commodity CSV
2026-08-02 15:23:35,191 INFO  [default] commodity code: 6 - Total energy storage/take capacity (W-hr)
2026-08-02 15:23:35,191 INFO  [default]            source: Estimated
2026-08-02 15:23:35,191 INFO  [default]   cumulative: 9190
2026-08-02 15:23:35,191 INFO  [default]    inst rate: not used for this commodity code
2026-08-02 15:23:35,191 INFO  [default] commodity code: 7 - Present energy storage/take capacity (W-hr)
2026-08-02 15:23:35,191 INFO  [default]            source: Estimated
2026-08-02 15:23:35,192 INFO  [default]   cumulative: 640
2026-08-02 15:23:35,192 INFO  [default]    inst rate: not used for this commodity code
2026-08-02 15:23:35,394 INFO  [default] link ACK received: query_operational_state
2026-08-02 15:23:35,518 INFO  [default] operational state received: 6

Press Enter for a list of commands
2026-08-02 15:24:35,734 INFO  [default] link ACK received: get_commodity
2026-08-02 15:24:35,888 INFO  [default] message type supported received: 2
2026-08-02 15:24:35,888 INFO  [default] commodity response received. response code: 0 - success; count: 4
2026-08-02 15:24:35,889 INFO  [default] commodity code: 0 - Electricity consumed (W & W-hr)
2026-08-02 15:24:35,889 INFO  [default]            source: Estimated
2026-08-02 15:24:35,889 INFO  [default]   cumulative: 122000
2026-08-02 15:24:35,889 INFO  [default]    inst rate: 0
2026-08-02 15:24:35,889 INFO  [default] commodity code 8 - Rated max consumption level electricity (W) is not recorded in the commodity CSV
2026-08-02 15:24:35,889 INFO  [default] commodity code: 6 - Total energy storage/take capacity (W-hr)
2026-08-02 15:24:35,890 INFO  [default]            source: Estimated
2026-08-02 15:24:35,890 INFO  [default]   cumulative: 9190
2026-08-02 15:24:35,890 INFO  [default]    inst rate: not used for this commodity code
2026-08-02 15:24:35,890 INFO  [default] commodity code: 7 - Present energy storage/take capacity (W-hr)
2026-08-02 15:24:35,890 INFO  [default]            source: Estimated
2026-08-02 15:24:35,890 INFO  [default]   cumulative: 640
2026-08-02 15:24:35,890 INFO  [default]    inst rate: not used for this commodity code
2026-08-02 15:24:36,093 INFO  [default] link ACK received: query_operational_state
2026-08-02 15:24:36,217 INFO  [default] operational state received: 6

Press Enter for a list of commands
2026-08-02 15:25:35,437 INFO  [default] link ACK received: get_commodity
2026-08-02 15:25:35,591 INFO  [default] message type supported received: 2
2026-08-02 15:25:35,591 INFO  [default] commodity response received. response code: 0 - success; count: 4
2026-08-02 15:25:35,591 INFO  [default] commodity code: 0 - Electricity consumed (W & W-hr)
2026-08-02 15:25:35,591 INFO  [default]            source: Estimated
2026-08-02 15:25:35,592 INFO  [default]   cumulative: 122000
2026-08-02 15:25:35,592 INFO  [default]    inst rate: 0
2026-08-02 15:25:35,592 INFO  [default] commodity code 8 - Rated max consumption level electricity (W) is not recorded in the commodity CSV
2026-08-02 15:25:35,592 INFO  [default] commodity code: 6 - Total energy storage/take capacity (W-hr)
2026-08-02 15:25:35,592 INFO  [default]            source: Estimated
2026-08-02 15:25:35,592 INFO  [default]   cumulative: 9190
2026-08-02 15:25:35,592 INFO  [default]    inst rate: not used for this commodity code
2026-08-02 15:25:35,592 INFO  [default] commodity code: 7 - Present energy storage/take capacity (W-hr)
2026-08-02 15:25:35,593 INFO  [default]            source: Estimated
2026-08-02 15:25:35,593 INFO  [default]   cumulative: 640
2026-08-02 15:25:35,593 INFO  [default]    inst rate: not used for this commodity code
2026-08-02 15:25:35,796 INFO  [default] link ACK received: query_operational_state
2026-08-02 15:25:35,919 INFO  [default] operational state received: 6

Press Enter for a list of commands
2026-08-02 15:26:35,133 INFO  [default] link ACK received: get_commodity
2026-08-02 15:26:35,287 INFO  [default] message type supported received: 2
2026-08-02 15:26:35,287 INFO  [default] commodity response received. response code: 0 - success; count: 4
2026-08-02 15:26:35,288 INFO  [default] commodity code: 0 - Electricity consumed (W & W-hr)
2026-08-02 15:26:35,288 INFO  [default]            source: Estimated
2026-08-02 15:26:35,288 INFO  [default]   cumulative: 122000
2026-08-02 15:26:35,288 INFO  [default]    inst rate: 0
2026-08-02 15:26:35,288 INFO  [default] commodity code 8 - Rated max consumption level electricity (W) is not recorded in the commodity CSV
2026-08-02 15:26:35,289 INFO  [default] commodity code: 6 - Total energy storage/take capacity (W-hr)
2026-08-02 15:26:35,289 INFO  [default]            source: Estimated
2026-08-02 15:26:35,289 INFO  [default]   cumulative: 9190
2026-08-02 15:26:35,289 INFO  [default]    inst rate: not used for this commodity code
2026-08-02 15:26:35,289 INFO  [default] commodity code: 7 - Present energy storage/take capacity (W-hr)
2026-08-02 15:26:35,289 INFO  [default]            source: Estimated
2026-08-02 15:26:35,289 INFO  [default]   cumulative: 640
2026-08-02 15:26:35,290 INFO  [default]    inst rate: not used for this commodity code
2026-08-02 15:26:35,492 INFO  [default] link ACK received: query_operational_state
2026-08-02 15:26:35,617 INFO  [default] operational state received: 6

Press Enter for a list of commands
2026-08-02 15:27:34,836 INFO  [default] link ACK received: get_commodity
2026-08-02 15:27:34,990 INFO  [default] message type supported received: 2
2026-08-02 15:27:34,990 INFO  [default] commodity response received. response code: 0 - success; count: 4
2026-08-02 15:27:34,990 INFO  [default] commodity code: 0 - Electricity consumed (W & W-hr)
2026-08-02 15:27:34,991 INFO  [default]            source: Estimated
2026-08-02 15:27:34,991 INFO  [default]   cumulative: 122000
2026-08-02 15:27:34,991 INFO  [default]    inst rate: 0
2026-08-02 15:27:34,991 INFO  [default] commodity code 8 - Rated max consumption level electricity (W) is not recorded in the commodity CSV
2026-08-02 15:27:34,991 INFO  [default] commodity code: 6 - Total energy storage/take capacity (W-hr)
2026-08-02 15:27:34,991 INFO  [default]            source: Estimated
2026-08-02 15:27:34,991 INFO  [default]   cumulative: 9190
2026-08-02 15:27:34,991 INFO  [default]    inst rate: not used for this commodity code
2026-08-02 15:27:34,992 INFO  [default] commodity code: 7 - Present energy storage/take capacity (W-hr)
2026-08-02 15:27:34,992 INFO  [default]            source: Estimated
2026-08-02 15:27:34,992 INFO  [default]   cumulative: 640
2026-08-02 15:27:34,992 INFO  [default]    inst rate: not used for this commodity code
2026-08-02 15:27:35,194 INFO  [default] link ACK received: query_operational_state
2026-08-02 15:27:35,318 INFO  [default] operational state received: 6

Press Enter for a list of commands
2026-08-02 15:28:35,536 INFO  [default] link ACK received: get_commodity
2026-08-02 15:28:35,689 INFO  [default] message type supported received: 2
2026-08-02 15:28:35,690 INFO  [default] commodity response received. response code: 0 - success; count: 4
2026-08-02 15:28:35,690 INFO  [default] commodity code: 0 - Electricity consumed (W & W-hr)
2026-08-02 15:28:35,690 INFO  [default]            source: Estimated
2026-08-02 15:28:35,690 INFO  [default]   cumulative: 122000
2026-08-02 15:28:35,691 INFO  [default]    inst rate: 0
2026-08-02 15:28:35,691 INFO  [default] commodity code 8 - Rated max consumption level electricity (W) is not recorded in the commodity CSV
2026-08-02 15:28:35,691 INFO  [default] commodity code: 6 - Total energy storage/take capacity (W-hr)
2026-08-02 15:28:35,691 INFO  [default]            source: Estimated
2026-08-02 15:28:35,691 INFO  [default]   cumulative: 9190
2026-08-02 15:28:35,691 INFO  [default]    inst rate: not used for this commodity code
2026-08-02 15:28:35,691 INFO  [default] commodity code: 7 - Present energy storage/take capacity (W-hr)
2026-08-02 15:28:35,691 INFO  [default]            source: Estimated
2026-08-02 15:28:35,692 INFO  [default]   cumulative: 640
2026-08-02 15:28:35,692 INFO  [default]    inst rate: not used for this commodity code
2026-08-02 15:28:35,894 INFO  [default] link ACK received: query_operational_state
2026-08-02 15:28:36,017 INFO  [default] operational state received: 6

Press Enter for a list of commands
2026-08-02 15:29:35,234 INFO  [default] link ACK received: get_commodity
2026-08-02 15:29:35,387 INFO  [default] message type supported received: 2
2026-08-02 15:29:35,387 INFO  [default] commodity response received. response code: 0 - success; count: 4
2026-08-02 15:29:35,388 INFO  [default] commodity code: 0 - Electricity consumed (W & W-hr)
2026-08-02 15:29:35,388 INFO  [default]            source: Estimated
2026-08-02 15:29:35,388 INFO  [default]   cumulative: 122000
2026-08-02 15:29:35,388 INFO  [default]    inst rate: 0
2026-08-02 15:29:35,388 INFO  [default] commodity code 8 - Rated max consumption level electricity (W) is not recorded in the commodity CSV
2026-08-02 15:29:35,388 INFO  [default] commodity code: 6 - Total energy storage/take capacity (W-hr)
2026-08-02 15:29:35,388 INFO  [default]            source: Estimated
2026-08-02 15:29:35,389 INFO  [default]   cumulative: 9190
2026-08-02 15:29:35,389 INFO  [default]    inst rate: not used for this commodity code
2026-08-02 15:29:35,389 INFO  [default] commodity code: 7 - Present energy storage/take capacity (W-hr)
2026-08-02 15:29:35,389 INFO  [default]            source: Estimated
2026-08-02 15:29:35,389 INFO  [default]   cumulative: 640
2026-08-02 15:29:35,389 INFO  [default]    inst rate: not used for this commodity code
2026-08-02 15:29:35,591 INFO  [default] link ACK received: query_operational_state
2026-08-02 15:29:35,716 INFO  [default] operational state received: 6

Press Enter for a list of commands
2026-08-02 15:30:34,932 INFO  [default] link ACK received: get_commodity
2026-08-02 15:30:35,086 INFO  [default] message type supported received: 2
2026-08-02 15:30:35,086 INFO  [default] commodity response received. response code: 0 - success; count: 4
2026-08-02 15:30:35,086 INFO  [default] commodity code: 0 - Electricity consumed (W & W-hr)
2026-08-02 15:30:35,086 INFO  [default]            source: Estimated
2026-08-02 15:30:35,087 INFO  [default]   cumulative: 122000
2026-08-02 15:30:35,087 INFO  [default]    inst rate: 0
2026-08-02 15:30:35,087 INFO  [default] commodity code 8 - Rated max consumption level electricity (W) is not recorded in the commodity CSV
2026-08-02 15:30:35,087 INFO  [default] commodity code: 6 - Total energy storage/take capacity (W-hr)
2026-08-02 15:30:35,087 INFO  [default]            source: Estimated
2026-08-02 15:30:35,087 INFO  [default]   cumulative: 9190
2026-08-02 15:30:35,087 INFO  [default]    inst rate: not used for this commodity code
2026-08-02 15:30:35,087 INFO  [default] commodity code: 7 - Present energy storage/take capacity (W-hr)
2026-08-02 15:30:35,088 INFO  [default]            source: Estimated
2026-08-02 15:30:35,088 INFO  [default]   cumulative: 640
2026-08-02 15:30:35,088 INFO  [default]    inst rate: not used for this commodity code
2026-08-02 15:30:35,293 INFO  [default] link ACK received: query_operational_state
2026-08-02 15:30:35,416 INFO  [default] operational state received: 6

Press Enter for a list of commands
2026-08-02 15:31:35,635 INFO  [default] link ACK received: get_commodity
2026-08-02 15:31:35,790 INFO  [default] message type supported received: 2
2026-08-02 15:31:35,791 INFO  [default] commodity response received. response code: 0 - success; count: 4
2026-08-02 15:31:35,791 INFO  [default] commodity code: 0 - Electricity consumed (W & W-hr)
2026-08-02 15:31:35,791 INFO  [default]            source: Estimated
2026-08-02 15:31:35,791 INFO  [default]   cumulative: 122000
2026-08-02 15:31:35,792 INFO  [default]    inst rate: 0
2026-08-02 15:31:35,792 INFO  [default] commodity code 8 - Rated max consumption level electricity (W) is not recorded in the commodity CSV
2026-08-02 15:31:35,792 INFO  [default] commodity code: 6 - Total energy storage/take capacity (W-hr)
2026-08-02 15:31:35,792 INFO  [default]            source: Estimated
2026-08-02 15:31:35,792 INFO  [default]   cumulative: 9190
2026-08-02 15:31:35,792 INFO  [default]    inst rate: not used for this commodity code
2026-08-02 15:31:35,792 INFO  [default] commodity code: 7 - Present energy storage/take capacity (W-hr)
2026-08-02 15:31:35,792 INFO  [default]            source: Estimated
2026-08-02 15:31:35,793 INFO  [default]   cumulative: 662
2026-08-02 15:31:35,793 INFO  [default]    inst rate: not used for this commodity code
2026-08-02 15:31:35,995 INFO  [default] link ACK received: query_operational_state
2026-08-02 15:31:36,119 INFO  [default] operational state received: 6

Press Enter for a list of commands
2026-08-02 15:32:35,333 INFO  [default] link ACK received: get_commodity
2026-08-02 15:32:35,488 INFO  [default] message type supported received: 2
2026-08-02 15:32:35,488 INFO  [default] commodity response received. response code: 0 - success; count: 4
2026-08-02 15:32:35,489 INFO  [default] commodity code: 0 - Electricity consumed (W & W-hr)
2026-08-02 15:32:35,489 INFO  [default]            source: Estimated
2026-08-02 15:32:35,489 INFO  [default]   cumulative: 122000
2026-08-02 15:32:35,489 INFO  [default]    inst rate: 0
2026-08-02 15:32:35,489 INFO  [default] commodity code 8 - Rated max consumption level electricity (W) is not recorded in the commodity CSV
2026-08-02 15:32:35,489 INFO  [default] commodity code: 6 - Total energy storage/take capacity (W-hr)
2026-08-02 15:32:35,489 INFO  [default]            source: Estimated
2026-08-02 15:32:35,490 INFO  [default]   cumulative: 9190
2026-08-02 15:32:35,490 INFO  [default]    inst rate: not used for this commodity code
2026-08-02 15:32:35,490 INFO  [default] commodity code: 7 - Present energy storage/take capacity (W-hr)
2026-08-02 15:32:35,490 INFO  [default]            source: Estimated
2026-08-02 15:32:35,490 INFO  [default]   cumulative: 640
2026-08-02 15:32:35,490 INFO  [default]    inst rate: not used for this commodity code
2026-08-02 15:32:35,693 INFO  [default] link ACK received: query_operational_state
2026-08-02 15:32:35,817 INFO  [default] operational state received: 6

Press Enter for a list of commands
2026-08-02 15:33:35,033 INFO  [default] link ACK received: get_commodity
2026-08-02 15:33:35,186 INFO  [default] message type supported received: 2
2026-08-02 15:33:35,186 INFO  [default] commodity response received. response code: 0 - success; count: 4
2026-08-02 15:33:35,187 INFO  [default] commodity code: 0 - Electricity consumed (W & W-hr)
2026-08-02 15:33:35,187 INFO  [default]            source: Estimated
2026-08-02 15:33:35,187 INFO  [default]   cumulative: 122000
2026-08-02 15:33:35,187 INFO  [default]    inst rate: 0
2026-08-02 15:33:35,187 INFO  [default] commodity code 8 - Rated max consumption level electricity (W) is not recorded in the commodity CSV
2026-08-02 15:33:35,188 INFO  [default] commodity code: 6 - Total energy storage/take capacity (W-hr)
2026-08-02 15:33:35,188 INFO  [default]            source: Estimated
2026-08-02 15:33:35,188 INFO  [default]   cumulative: 9190
2026-08-02 15:33:35,188 INFO  [default]    inst rate: not used for this commodity code
2026-08-02 15:33:35,188 INFO  [default] commodity code: 7 - Present energy storage/take capacity (W-hr)
2026-08-02 15:33:35,188 INFO  [default]            source: Estimated
2026-08-02 15:33:35,188 INFO  [default]   cumulative: 640
2026-08-02 15:33:35,188 INFO  [default]    inst rate: not used for this commodity code
2026-08-02 15:33:35,391 INFO  [default] link ACK received: query_operational_state
2026-08-02 15:33:35,515 INFO  [default] operational state received: 6

Press Enter for a list of commands
2026-08-02 15:34:35,734 INFO  [default] link ACK received: get_commodity
2026-08-02 15:34:35,888 INFO  [default] message type supported received: 2
2026-08-02 15:34:35,888 INFO  [default] commodity response received. response code: 0 - success; count: 4
2026-08-02 15:34:35,889 INFO  [default] commodity code: 0 - Electricity consumed (W & W-hr)
2026-08-02 15:34:35,889 INFO  [default]            source: Estimated
2026-08-02 15:34:35,889 INFO  [default]   cumulative: 122000
2026-08-02 15:34:35,889 INFO  [default]    inst rate: 0
2026-08-02 15:34:35,889 INFO  [default] commodity code 8 - Rated max consumption level electricity (W) is not recorded in the commodity CSV
2026-08-02 15:34:35,889 INFO  [default] commodity code: 6 - Total energy storage/take capacity (W-hr)
2026-08-02 15:34:35,889 INFO  [default]            source: Estimated
2026-08-02 15:34:35,890 INFO  [default]   cumulative: 9190
2026-08-02 15:34:35,890 INFO  [default]    inst rate: not used for this commodity code
2026-08-02 15:34:35,890 INFO  [default] commodity code: 7 - Present energy storage/take capacity (W-hr)
2026-08-02 15:34:35,890 INFO  [default]            source: Estimated
2026-08-02 15:34:35,890 INFO  [default]   cumulative: 640
2026-08-02 15:34:35,890 INFO  [default]    inst rate: not used for this commodity code
2026-08-02 15:34:36,092 INFO  [default] link ACK received: query_operational_state
2026-08-02 15:34:36,216 INFO  [default] operational state received: 6

Press Enter for a list of commands
2026-08-02 15:35:35,433 INFO  [default] link ACK received: get_commodity
2026-08-02 15:35:35,587 INFO  [default] message type supported received: 2
2026-08-02 15:35:35,587 INFO  [default] commodity response received. response code: 0 - success; count: 4
2026-08-02 15:35:35,587 INFO  [default] commodity code: 0 - Electricity consumed (W & W-hr)
2026-08-02 15:35:35,587 INFO  [default]            source: Estimated
2026-08-02 15:35:35,587 INFO  [default]   cumulative: 122000
2026-08-02 15:35:35,588 INFO  [default]    inst rate: 0
2026-08-02 15:35:35,588 INFO  [default] commodity code 8 - Rated max consumption level electricity (W) is not recorded in the commodity CSV
2026-08-02 15:35:35,588 INFO  [default] commodity code: 6 - Total energy storage/take capacity (W-hr)
2026-08-02 15:35:35,588 INFO  [default]            source: Estimated
2026-08-02 15:35:35,588 INFO  [default]   cumulative: 9190
2026-08-02 15:35:35,588 INFO  [default]    inst rate: not used for this commodity code
2026-08-02 15:35:35,588 INFO  [default] commodity code: 7 - Present energy storage/take capacity (W-hr)
2026-08-02 15:35:35,588 INFO  [default]            source: Estimated
2026-08-02 15:35:35,589 INFO  [default]   cumulative: 662
2026-08-02 15:35:35,589 INFO  [default]    inst rate: not used for this commodity code
2026-08-02 15:35:35,792 INFO  [default] link ACK received: query_operational_state
2026-08-02 15:35:35,915 INFO  [default] operational state received: 6

Press Enter for a list of commands
2026-08-02 15:36:35,133 INFO  [default] link ACK received: get_commodity
2026-08-02 15:36:35,287 INFO  [default] message type supported received: 2
2026-08-02 15:36:35,287 INFO  [default] commodity response received. response code: 0 - success; count: 4
2026-08-02 15:36:35,288 INFO  [default] commodity code: 0 - Electricity consumed (W & W-hr)
2026-08-02 15:36:35,288 INFO  [default]            source: Estimated
2026-08-02 15:36:35,288 INFO  [default]   cumulative: 122000
2026-08-02 15:36:35,288 INFO  [default]    inst rate: 0
2026-08-02 15:36:35,288 INFO  [default] commodity code 8 - Rated max consumption level electricity (W) is not recorded in the commodity CSV
2026-08-02 15:36:35,288 INFO  [default] commodity code: 6 - Total energy storage/take capacity (W-hr)
2026-08-02 15:36:35,288 INFO  [default]            source: Estimated
2026-08-02 15:36:35,289 INFO  [default]   cumulative: 9190
2026-08-02 15:36:35,289 INFO  [default]    inst rate: not used for this commodity code
2026-08-02 15:36:35,289 INFO  [default] commodity code: 7 - Present energy storage/take capacity (W-hr)
2026-08-02 15:36:35,289 INFO  [default]            source: Estimated
2026-08-02 15:36:35,289 INFO  [default]   cumulative: 662
2026-08-02 15:36:35,289 INFO  [default]    inst rate: not used for this commodity code
2026-08-02 15:36:35,491 INFO  [default] link ACK received: query_operational_state
2026-08-02 15:36:35,616 INFO  [default] operational state received: 6

Press Enter for a list of commands
2026-08-02 15:37:34,834 INFO  [default] link ACK received: get_commodity
2026-08-02 15:37:34,990 INFO  [default] message type supported received: 2
2026-08-02 15:37:34,990 INFO  [default] commodity response received. response code: 0 - success; count: 4
2026-08-02 15:37:34,990 INFO  [default] commodity code: 0 - Electricity consumed (W & W-hr)
2026-08-02 15:37:34,991 INFO  [default]            source: Estimated
2026-08-02 15:37:34,991 INFO  [default]   cumulative: 122000
2026-08-02 15:37:34,991 INFO  [default]    inst rate: 0
2026-08-02 15:37:34,991 INFO  [default] commodity code 8 - Rated max consumption level electricity (W) is not recorded in the commodity CSV
2026-08-02 15:37:34,991 INFO  [default] commodity code: 6 - Total energy storage/take capacity (W-hr)
2026-08-02 15:37:34,991 INFO  [default]            source: Estimated
2026-08-02 15:37:34,991 INFO  [default]   cumulative: 9190
2026-08-02 15:37:34,991 INFO  [default]    inst rate: not used for this commodity code
2026-08-02 15:37:34,992 INFO  [default] commodity code: 7 - Present energy storage/take capacity (W-hr)
2026-08-02 15:37:34,992 INFO  [default]            source: Estimated
2026-08-02 15:37:34,992 INFO  [default]   cumulative: 662
2026-08-02 15:37:34,992 INFO  [default]    inst rate: not used for this commodity code
2026-08-02 15:37:35,195 INFO  [default] link ACK received: query_operational_state
2026-08-02 15:37:35,318 INFO  [default] operational state received: 6

Press Enter for a list of commands
2026-08-02 15:38:35,536 INFO  [default] link ACK received: get_commodity
2026-08-02 15:38:35,690 INFO  [default] message type supported received: 2
2026-08-02 15:38:35,691 INFO  [default] commodity response received. response code: 0 - success; count: 4
2026-08-02 15:38:35,691 INFO  [default] commodity code: 0 - Electricity consumed (W & W-hr)
2026-08-02 15:38:35,691 INFO  [default]            source: Estimated
2026-08-02 15:38:35,691 INFO  [default]   cumulative: 122000
2026-08-02 15:38:35,691 INFO  [default]    inst rate: 0
2026-08-02 15:38:35,692 INFO  [default] commodity code 8 - Rated max consumption level electricity (W) is not recorded in the commodity CSV
2026-08-02 15:38:35,692 INFO  [default] commodity code: 6 - Total energy storage/take capacity (W-hr)
2026-08-02 15:38:35,692 INFO  [default]            source: Estimated
2026-08-02 15:38:35,692 INFO  [default]   cumulative: 9190
2026-08-02 15:38:35,692 INFO  [default]    inst rate: not used for this commodity code
2026-08-02 15:38:35,692 INFO  [default] commodity code: 7 - Present energy storage/take capacity (W-hr)
2026-08-02 15:38:35,692 INFO  [default]            source: Estimated
2026-08-02 15:38:35,693 INFO  [default]   cumulative: 684
2026-08-02 15:38:35,693 INFO  [default]    inst rate: not used for this commodity code
2026-08-02 15:38:35,896 INFO  [default] link ACK received: query_operational_state
2026-08-02 15:38:36,019 INFO  [default] operational state received: 6

Press Enter for a list of commands
2026-08-02 15:39:35,231 INFO  [default] link ACK received: get_commodity
2026-08-02 15:39:35,385 INFO  [default] message type supported received: 2
2026-08-02 15:39:35,385 INFO  [default] commodity response received. response code: 0 - success; count: 4
2026-08-02 15:39:35,385 INFO  [default] commodity code: 0 - Electricity consumed (W & W-hr)
2026-08-02 15:39:35,386 INFO  [default]            source: Estimated
2026-08-02 15:39:35,386 INFO  [default]   cumulative: 122000
2026-08-02 15:39:35,386 INFO  [default]    inst rate: 0
2026-08-02 15:39:35,386 INFO  [default] commodity code 8 - Rated max consumption level electricity (W) is not recorded in the commodity CSV
2026-08-02 15:39:35,386 INFO  [default] commodity code: 6 - Total energy storage/take capacity (W-hr)
2026-08-02 15:39:35,386 INFO  [default]            source: Estimated
2026-08-02 15:39:35,386 INFO  [default]   cumulative: 9190
2026-08-02 15:39:35,386 INFO  [default]    inst rate: not used for this commodity code
2026-08-02 15:39:35,387 INFO  [default] commodity code: 7 - Present energy storage/take capacity (W-hr)
2026-08-02 15:39:35,387 INFO  [default]            source: Estimated
2026-08-02 15:39:35,387 INFO  [default]   cumulative: 662
2026-08-02 15:39:35,387 INFO  [default]    inst rate: not used for this commodity code
2026-08-02 15:39:35,589 INFO  [default] link ACK received: query_operational_state
2026-08-02 15:39:35,713 INFO  [default] operational state received: 6

Press Enter for a list of commands
2026-08-02 15:40:34,930 INFO  [default] link ACK received: get_commodity
2026-08-02 15:40:35,083 INFO  [default] message type supported received: 2
2026-08-02 15:40:35,083 INFO  [default] commodity response received. response code: 0 - success; count: 4
2026-08-02 15:40:35,084 INFO  [default] commodity code: 0 - Electricity consumed (W & W-hr)
2026-08-02 15:40:35,084 INFO  [default]            source: Estimated
2026-08-02 15:40:35,084 INFO  [default]   cumulative: 122000
2026-08-02 15:40:35,084 INFO  [default]    inst rate: 0
2026-08-02 15:40:35,084 INFO  [default] commodity code 8 - Rated max consumption level electricity (W) is not recorded in the commodity CSV
2026-08-02 15:40:35,085 INFO  [default] commodity code: 6 - Total energy storage/take capacity (W-hr)
2026-08-02 15:40:35,085 INFO  [default]            source: Estimated
2026-08-02 15:40:35,085 INFO  [default]   cumulative: 9190
2026-08-02 15:40:35,085 INFO  [default]    inst rate: not used for this commodity code
2026-08-02 15:40:35,085 INFO  [default] commodity code: 7 - Present energy storage/take capacity (W-hr)
2026-08-02 15:40:35,085 INFO  [default]            source: Estimated
2026-08-02 15:40:35,085 INFO  [default]   cumulative: 662
2026-08-02 15:40:35,085 INFO  [default]    inst rate: not used for this commodity code
2026-08-02 15:40:35,287 INFO  [default] link ACK received: query_operational_state
2026-08-02 15:40:35,411 INFO  [default] operational state received: 6

Press Enter for a list of commands
2026-08-02 15:41:35,627 INFO  [default] link ACK received: get_commodity
2026-08-02 15:41:35,781 INFO  [default] message type supported received: 2
2026-08-02 15:41:35,781 INFO  [default] commodity response received. response code: 0 - success; count: 4
2026-08-02 15:41:35,782 INFO  [default] commodity code: 0 - Electricity consumed (W & W-hr)
2026-08-02 15:41:35,782 INFO  [default]            source: Estimated
2026-08-02 15:41:35,782 INFO  [default]   cumulative: 122000
2026-08-02 15:41:35,782 INFO  [default]    inst rate: 0
2026-08-02 15:41:35,782 INFO  [default] commodity code 8 - Rated max consumption level electricity (W) is not recorded in the commodity CSV
2026-08-02 15:41:35,782 INFO  [default] commodity code: 6 - Total energy storage/take capacity (W-hr)
2026-08-02 15:41:35,782 INFO  [default]            source: Estimated
2026-08-02 15:41:35,783 INFO  [default]   cumulative: 9190
2026-08-02 15:41:35,783 INFO  [default]    inst rate: not used for this commodity code
2026-08-02 15:41:35,783 INFO  [default] commodity code: 7 - Present energy storage/take capacity (W-hr)
2026-08-02 15:41:35,783 INFO  [default]            source: Estimated
2026-08-02 15:41:35,783 INFO  [default]   cumulative: 662
2026-08-02 15:41:35,783 INFO  [default]    inst rate: not used for this commodity code
2026-08-02 15:41:35,986 INFO  [default] link ACK received: query_operational_state
2026-08-02 15:41:36,109 INFO  [default] operational state received: 6

Press Enter for a list of commands
2026-08-02 15:42:35,327 INFO  [default] link ACK received: get_commodity
2026-08-02 15:42:35,481 INFO  [default] message type supported received: 2
2026-08-02 15:42:35,481 INFO  [default] commodity response received. response code: 0 - success; count: 4
2026-08-02 15:42:35,481 INFO  [default] commodity code: 0 - Electricity consumed (W & W-hr)
2026-08-02 15:42:35,482 INFO  [default]            source: Estimated
2026-08-02 15:42:35,482 INFO  [default]   cumulative: 122000
2026-08-02 15:42:35,482 INFO  [default]    inst rate: 0
2026-08-02 15:42:35,482 INFO  [default] commodity code 8 - Rated max consumption level electricity (W) is not recorded in the commodity CSV
2026-08-02 15:42:35,482 INFO  [default] commodity code: 6 - Total energy storage/take capacity (W-hr)
2026-08-02 15:42:35,482 INFO  [default]            source: Estimated
2026-08-02 15:42:35,482 INFO  [default]   cumulative: 9190
2026-08-02 15:42:35,482 INFO  [default]    inst rate: not used for this commodity code
2026-08-02 15:42:35,483 INFO  [default] commodity code: 7 - Present energy storage/take capacity (W-hr)
2026-08-02 15:42:35,483 INFO  [default]            source: Estimated
2026-08-02 15:42:35,483 INFO  [default]   cumulative: 662
2026-08-02 15:42:35,483 INFO  [default]    inst rate: not used for this commodity code
2026-08-02 15:42:35,688 INFO  [default] link ACK received: query_operational_state
2026-08-02 15:42:35,811 INFO  [default] operational state received: 6

Press Enter for a list of commands
2026-08-02 15:43:35,028 INFO  [default] link ACK received: get_commodity
2026-08-02 15:43:35,182 INFO  [default] message type supported received: 2
2026-08-02 15:43:35,182 INFO  [default] commodity response received. response code: 0 - success; count: 4
2026-08-02 15:43:35,182 INFO  [default] commodity code: 0 - Electricity consumed (W & W-hr)
2026-08-02 15:43:35,182 INFO  [default]            source: Estimated
2026-08-02 15:43:35,183 INFO  [default]   cumulative: 122000
2026-08-02 15:43:35,183 INFO  [default]    inst rate: 0
2026-08-02 15:43:35,183 INFO  [default] commodity code 8 - Rated max consumption level electricity (W) is not recorded in the commodity CSV
2026-08-02 15:43:35,183 INFO  [default] commodity code: 6 - Total energy storage/take capacity (W-hr)
2026-08-02 15:43:35,183 INFO  [default]            source: Estimated
2026-08-02 15:43:35,183 INFO  [default]   cumulative: 9190
2026-08-02 15:43:35,183 INFO  [default]    inst rate: not used for this commodity code
2026-08-02 15:43:35,183 INFO  [default] commodity code: 7 - Present energy storage/take capacity (W-hr)
2026-08-02 15:43:35,184 INFO  [default]            source: Estimated
2026-08-02 15:43:35,184 INFO  [default]   cumulative: 662
2026-08-02 15:43:35,184 INFO  [default]    inst rate: not used for this commodity code
2026-08-02 15:43:35,386 INFO  [default] link ACK received: query_operational_state
2026-08-02 15:43:35,511 INFO  [default] operational state received: 6

Press Enter for a list of commands
2026-08-02 15:44:35,729 INFO  [default] link ACK received: get_commodity
2026-08-02 15:44:35,883 INFO  [default] message type supported received: 2
2026-08-02 15:44:35,883 INFO  [default] commodity response received. response code: 0 - success; count: 4
2026-08-02 15:44:35,884 INFO  [default] commodity code: 0 - Electricity consumed (W & W-hr)
2026-08-02 15:44:35,884 INFO  [default]            source: Estimated
2026-08-02 15:44:35,884 INFO  [default]   cumulative: 122000
2026-08-02 15:44:35,884 INFO  [default]    inst rate: 0
2026-08-02 15:44:35,884 INFO  [default] commodity code 8 - Rated max consumption level electricity (W) is not recorded in the commodity CSV
2026-08-02 15:44:35,884 INFO  [default] commodity code: 6 - Total energy storage/take capacity (W-hr)
2026-08-02 15:44:35,884 INFO  [default]            source: Estimated
2026-08-02 15:44:35,885 INFO  [default]   cumulative: 9190
2026-08-02 15:44:35,885 INFO  [default]    inst rate: not used for this commodity code
2026-08-02 15:44:35,885 INFO  [default] commodity code: 7 - Present energy storage/take capacity (W-hr)
2026-08-02 15:44:35,885 INFO  [default]            source: Estimated
2026-08-02 15:44:35,885 INFO  [default]   cumulative: 662
2026-08-02 15:44:35,885 INFO  [default]    inst rate: not used for this commodity code
2026-08-02 15:44:36,088 INFO  [default] link ACK received: query_operational_state
2026-08-02 15:44:36,212 INFO  [default] operational state received: 6

Press Enter for a list of commands
2026-08-02 15:45:35,429 INFO  [default] link ACK received: get_commodity
2026-08-02 15:45:35,584 INFO  [default] message type supported received: 2
2026-08-02 15:45:35,584 INFO  [default] commodity response received. response code: 0 - success; count: 4
2026-08-02 15:45:35,584 INFO  [default] commodity code: 0 - Electricity consumed (W & W-hr)
2026-08-02 15:45:35,584 INFO  [default]            source: Estimated
2026-08-02 15:45:35,585 INFO  [default]   cumulative: 122000
2026-08-02 15:45:35,585 INFO  [default]    inst rate: 0
2026-08-02 15:45:35,585 INFO  [default] commodity code 8 - Rated max consumption level electricity (W) is not recorded in the commodity CSV
2026-08-02 15:45:35,585 INFO  [default] commodity code: 6 - Total energy storage/take capacity (W-hr)
2026-08-02 15:45:35,585 INFO  [default]            source: Estimated
2026-08-02 15:45:35,585 INFO  [default]   cumulative: 9190
2026-08-02 15:45:35,586 INFO  [default]    inst rate: not used for this commodity code
2026-08-02 15:45:35,586 INFO  [default] commodity code: 7 - Present energy storage/take capacity (W-hr)
2026-08-02 15:45:35,586 INFO  [default]            source: Estimated
2026-08-02 15:45:35,586 INFO  [default]   cumulative: 684
2026-08-02 15:45:35,586 INFO  [default]    inst rate: not used for this commodity code
2026-08-02 15:45:35,789 INFO  [default] link ACK received: query_operational_state
2026-08-02 15:45:35,912 INFO  [default] operational state received: 6

Press Enter for a list of commands
2026-08-02 15:46:35,131 INFO  [default] link ACK received: get_commodity
2026-08-02 15:46:35,284 INFO  [default] message type supported received: 2
2026-08-02 15:46:35,284 INFO  [default] commodity response received. response code: 0 - success; count: 4
2026-08-02 15:46:35,285 INFO  [default] commodity code: 0 - Electricity consumed (W & W-hr)
2026-08-02 15:46:35,285 INFO  [default]            source: Estimated
2026-08-02 15:46:35,285 INFO  [default]   cumulative: 122000
2026-08-02 15:46:35,285 INFO  [default]    inst rate: 0
2026-08-02 15:46:35,285 INFO  [default] commodity code 8 - Rated max consumption level electricity (W) is not recorded in the commodity CSV
2026-08-02 15:46:35,286 INFO  [default] commodity code: 6 - Total energy storage/take capacity (W-hr)
2026-08-02 15:46:35,286 INFO  [default]            source: Estimated
2026-08-02 15:46:35,286 INFO  [default]   cumulative: 9190
2026-08-02 15:46:35,286 INFO  [default]    inst rate: not used for this commodity code
2026-08-02 15:46:35,286 INFO  [default] commodity code: 7 - Present energy storage/take capacity (W-hr)
2026-08-02 15:46:35,286 INFO  [default]            source: Estimated
2026-08-02 15:46:35,286 INFO  [default]   cumulative: 684
2026-08-02 15:46:35,286 INFO  [default]    inst rate: not used for this commodity code
2026-08-02 15:46:35,489 INFO  [default] link ACK received: query_operational_state
2026-08-02 15:46:35,612 INFO  [default] operational state received: 6

Press Enter for a list of commands
2026-08-02 15:47:34,829 INFO  [default] link ACK received: get_commodity
2026-08-02 15:47:34,982 INFO  [default] message type supported received: 2
2026-08-02 15:47:34,982 INFO  [default] commodity response received. response code: 0 - success; count: 4
2026-08-02 15:47:34,982 INFO  [default] commodity code: 0 - Electricity consumed (W & W-hr)
2026-08-02 15:47:34,983 INFO  [default]            source: Estimated
2026-08-02 15:47:34,983 INFO  [default]   cumulative: 122000
2026-08-02 15:47:34,983 INFO  [default]    inst rate: 0
2026-08-02 15:47:34,983 INFO  [default] commodity code 8 - Rated max consumption level electricity (W) is not recorded in the commodity CSV
2026-08-02 15:47:34,983 INFO  [default] commodity code: 6 - Total energy storage/take capacity (W-hr)
2026-08-02 15:47:34,983 INFO  [default]            source: Estimated
2026-08-02 15:47:34,983 INFO  [default]   cumulative: 9190
2026-08-02 15:47:34,983 INFO  [default]    inst rate: not used for this commodity code
2026-08-02 15:47:34,984 INFO  [default] commodity code: 7 - Present energy storage/take capacity (W-hr)
2026-08-02 15:47:34,984 INFO  [default]            source: Estimated
2026-08-02 15:47:34,984 INFO  [default]   cumulative: 684
2026-08-02 15:47:34,984 INFO  [default]    inst rate: not used for this commodity code
2026-08-02 15:47:35,186 INFO  [default] link ACK received: query_operational_state
2026-08-02 15:47:35,311 INFO  [default] operational state received: 6

Press Enter for a list of commands
2026-08-02 15:48:35,527 INFO  [default] link ACK received: get_commodity
2026-08-02 15:48:35,683 INFO  [default] message type supported received: 2
2026-08-02 15:48:35,683 INFO  [default] commodity response received. response code: 0 - success; count: 4
2026-08-02 15:48:35,684 INFO  [default] commodity code: 0 - Electricity consumed (W & W-hr)
2026-08-02 15:48:35,684 INFO  [default]            source: Estimated
2026-08-02 15:48:35,684 INFO  [default]   cumulative: 122000
2026-08-02 15:48:35,684 INFO  [default]    inst rate: 0
2026-08-02 15:48:35,684 INFO  [default] commodity code 8 - Rated max consumption level electricity (W) is not recorded in the commodity CSV
2026-08-02 15:48:35,684 INFO  [default] commodity code: 6 - Total energy storage/take capacity (W-hr)
2026-08-02 15:48:35,684 INFO  [default]            source: Estimated
2026-08-02 15:48:35,685 INFO  [default]   cumulative: 9190
2026-08-02 15:48:35,685 INFO  [default]    inst rate: not used for this commodity code
2026-08-02 15:48:35,685 INFO  [default] commodity code: 7 - Present energy storage/take capacity (W-hr)
2026-08-02 15:48:35,685 INFO  [default]            source: Estimated
2026-08-02 15:48:35,685 INFO  [default]   cumulative: 684
2026-08-02 15:48:35,685 INFO  [default]    inst rate: not used for this commodity code
2026-08-02 15:48:35,888 INFO  [default] link ACK received: query_operational_state
2026-08-02 15:48:36,012 INFO  [default] operational state received: 6

Press Enter for a list of commands
2026-08-02 15:49:35,227 INFO  [default] link ACK received: get_commodity
2026-08-02 15:49:35,381 INFO  [default] message type supported received: 2
2026-08-02 15:49:35,381 INFO  [default] commodity response received. response code: 0 - success; count: 4
2026-08-02 15:49:35,382 INFO  [default] commodity code: 0 - Electricity consumed (W & W-hr)
2026-08-02 15:49:35,382 INFO  [default]            source: Estimated
2026-08-02 15:49:35,382 INFO  [default]   cumulative: 122000
2026-08-02 15:49:35,382 INFO  [default]    inst rate: 0
2026-08-02 15:49:35,382 INFO  [default] commodity code 8 - Rated max consumption level electricity (W) is not recorded in the commodity CSV
2026-08-02 15:49:35,382 INFO  [default] commodity code: 6 - Total energy storage/take capacity (W-hr)
2026-08-02 15:49:35,382 INFO  [default]            source: Estimated
2026-08-02 15:49:35,383 INFO  [default]   cumulative: 9190
2026-08-02 15:49:35,383 INFO  [default]    inst rate: not used for this commodity code
2026-08-02 15:49:35,383 INFO  [default] commodity code: 7 - Present energy storage/take capacity (W-hr)
2026-08-02 15:49:35,383 INFO  [default]            source: Estimated
2026-08-02 15:49:35,383 INFO  [default]   cumulative: 684
2026-08-02 15:49:35,383 INFO  [default]    inst rate: not used for this commodity code
2026-08-02 15:49:35,586 INFO  [default] link ACK received: query_operational_state
2026-08-02 15:49:35,709 INFO  [default] operational state received: 6

Press Enter for a list of commands
2026-08-02 15:50:34,922 INFO  [default] link ACK received: get_commodity
2026-08-02 15:50:35,076 INFO  [default] message type supported received: 2
2026-08-02 15:50:35,076 INFO  [default] commodity response received. response code: 0 - success; count: 4
2026-08-02 15:50:35,076 INFO  [default] commodity code: 0 - Electricity consumed (W & W-hr)
2026-08-02 15:50:35,077 INFO  [default]            source: Estimated
2026-08-02 15:50:35,077 INFO  [default]   cumulative: 122000
2026-08-02 15:50:35,077 INFO  [default]    inst rate: 0
2026-08-02 15:50:35,077 INFO  [default] commodity code 8 - Rated max consumption level electricity (W) is not recorded in the commodity CSV
2026-08-02 15:50:35,077 INFO  [default] commodity code: 6 - Total energy storage/take capacity (W-hr)
2026-08-02 15:50:35,077 INFO  [default]            source: Estimated
2026-08-02 15:50:35,077 INFO  [default]   cumulative: 9190
2026-08-02 15:50:35,077 INFO  [default]    inst rate: not used for this commodity code
2026-08-02 15:50:35,078 INFO  [default] commodity code: 7 - Present energy storage/take capacity (W-hr)
2026-08-02 15:50:35,078 INFO  [default]            source: Estimated
2026-08-02 15:50:35,078 INFO  [default]   cumulative: 684
2026-08-02 15:50:35,078 INFO  [default]    inst rate: not used for this commodity code
2026-08-02 15:50:35,280 INFO  [default] link ACK received: query_operational_state
2026-08-02 15:50:35,404 INFO  [default] operational state received: 6

Press Enter for a list of commands
2026-08-02 15:51:35,623 INFO  [default] link ACK received: get_commodity
2026-08-02 15:51:35,777 INFO  [default] message type supported received: 2
2026-08-02 15:51:35,777 INFO  [default] commodity response received. response code: 0 - success; count: 4
2026-08-02 15:51:35,777 INFO  [default] commodity code: 0 - Electricity consumed (W & W-hr)
2026-08-02 15:51:35,778 INFO  [default]            source: Estimated
2026-08-02 15:51:35,778 INFO  [default]   cumulative: 122000
2026-08-02 15:51:35,778 INFO  [default]    inst rate: 0
2026-08-02 15:51:35,778 INFO  [default] commodity code 8 - Rated max consumption level electricity (W) is not recorded in the commodity CSV
2026-08-02 15:51:35,778 INFO  [default] commodity code: 6 - Total energy storage/take capacity (W-hr)
2026-08-02 15:51:35,778 INFO  [default]            source: Estimated
2026-08-02 15:51:35,778 INFO  [default]   cumulative: 9190
2026-08-02 15:51:35,778 INFO  [default]    inst rate: not used for this commodity code
2026-08-02 15:51:35,779 INFO  [default] commodity code: 7 - Present energy storage/take capacity (W-hr)
2026-08-02 15:51:35,779 INFO  [default]            source: Estimated
2026-08-02 15:51:35,779 INFO  [default]   cumulative: 706
2026-08-02 15:51:35,779 INFO  [default]    inst rate: not used for this commodity code
2026-08-02 15:51:35,981 INFO  [default] link ACK received: query_operational_state
2026-08-02 15:51:36,105 INFO  [default] operational state received: 6

Press Enter for a list of commands
2026-08-02 15:52:35,324 INFO  [default] link ACK received: get_commodity
2026-08-02 15:52:35,478 INFO  [default] message type supported received: 2
2026-08-02 15:52:35,478 INFO  [default] commodity response received. response code: 0 - success; count: 4
2026-08-02 15:52:35,478 INFO  [default] commodity code: 0 - Electricity consumed (W & W-hr)
2026-08-02 15:52:35,478 INFO  [default]            source: Estimated
2026-08-02 15:52:35,478 INFO  [default]   cumulative: 122000
2026-08-02 15:52:35,479 INFO  [default]    inst rate: 0
2026-08-02 15:52:35,479 INFO  [default] commodity code 8 - Rated max consumption level electricity (W) is not recorded in the commodity CSV
2026-08-02 15:52:35,479 INFO  [default] commodity code: 6 - Total energy storage/take capacity (W-hr)
2026-08-02 15:52:35,479 INFO  [default]            source: Estimated
2026-08-02 15:52:35,479 INFO  [default]   cumulative: 9190
2026-08-02 15:52:35,479 INFO  [default]    inst rate: not used for this commodity code
2026-08-02 15:52:35,479 INFO  [default] commodity code: 7 - Present energy storage/take capacity (W-hr)
2026-08-02 15:52:35,480 INFO  [default]            source: Estimated
2026-08-02 15:52:35,480 INFO  [default]   cumulative: 684
2026-08-02 15:52:35,480 INFO  [default]    inst rate: not used for this commodity code
2026-08-02 15:52:35,682 INFO  [default] link ACK received: query_operational_state
2026-08-02 15:52:35,806 INFO  [default] operational state received: 6

Press Enter for a list of commands
2026-08-02 15:53:35,025 INFO  [default] link ACK received: get_commodity
2026-08-02 15:53:35,180 INFO  [default] message type supported received: 2
2026-08-02 15:53:35,180 INFO  [default] commodity response received. response code: 0 - success; count: 4
2026-08-02 15:53:35,181 INFO  [default] commodity code: 0 - Electricity consumed (W & W-hr)
2026-08-02 15:53:35,181 INFO  [default]            source: Estimated
2026-08-02 15:53:35,181 INFO  [default]   cumulative: 122000
2026-08-02 15:53:35,181 INFO  [default]    inst rate: 0
2026-08-02 15:53:35,181 INFO  [default] commodity code 8 - Rated max consumption level electricity (W) is not recorded in the commodity CSV
2026-08-02 15:53:35,181 INFO  [default] commodity code: 6 - Total energy storage/take capacity (W-hr)
2026-08-02 15:53:35,182 INFO  [default]            source: Estimated
2026-08-02 15:53:35,182 INFO  [default]   cumulative: 9190
2026-08-02 15:53:35,182 INFO  [default]    inst rate: not used for this commodity code
2026-08-02 15:53:35,182 INFO  [default] commodity code: 7 - Present energy storage/take capacity (W-hr)
2026-08-02 15:53:35,182 INFO  [default]            source: Estimated
2026-08-02 15:53:35,182 INFO  [default]   cumulative: 684
2026-08-02 15:53:35,182 INFO  [default]    inst rate: not used for this commodity code
2026-08-02 15:53:35,385 INFO  [default] link ACK received: query_operational_state
2026-08-02 15:53:35,509 INFO  [default] operational state received: 6

Press Enter for a list of commands
1785711215,o,0 (PASSED!)
outside communication found
2026-08-02 15:53:36,614 INFO  [default] link ACK received: outside_communication
2026-08-02 15:53:36,737 INFO  [default] app ack received
1785711230,e,0 (PASSED!)
2026-08-02 15:53:50,867 INFO  [default] link ACK received: run_normal
2026-08-02 15:53:50,991 INFO  [default] app ack received
endshedding
2026-08-02 15:54:35,174 INFO  [default] link ACK received: get_commodity
2026-08-02 15:54:35,328 INFO  [default] message type supported received: 2
2026-08-02 15:54:35,328 INFO  [default] commodity response received. response code: 0 - success; count: 4
2026-08-02 15:54:35,329 INFO  [default] commodity code: 0 - Electricity consumed (W & W-hr)
2026-08-02 15:54:35,329 INFO  [default]            source: Estimated
2026-08-02 15:54:35,329 INFO  [default]   cumulative: 122000
2026-08-02 15:54:35,329 INFO  [default]    inst rate: 0
2026-08-02 15:54:35,329 INFO  [default] commodity code 8 - Rated max consumption level electricity (W) is not recorded in the commodity CSV
2026-08-02 15:54:35,329 INFO  [default] commodity code: 6 - Total energy storage/take capacity (W-hr)
2026-08-02 15:54:35,330 INFO  [default]            source: Estimated
2026-08-02 15:54:35,330 INFO  [default]   cumulative: 9190
2026-08-02 15:54:35,330 INFO  [default]    inst rate: not used for this commodity code
2026-08-02 15:54:35,330 INFO  [default] commodity code: 7 - Present energy storage/take capacity (W-hr)
2026-08-02 15:54:35,330 INFO  [default]            source: Estimated
2026-08-02 15:54:35,330 INFO  [default]   cumulative: 684
2026-08-02 15:54:35,330 INFO  [default]    inst rate: not used for this commodity code
2026-08-02 15:54:35,536 INFO  [default] link ACK received: query_operational_state
2026-08-02 15:54:35,658 INFO  [default] operational state received: 0

Press Enter for a list of commands
2026-08-02 15:55:34,869 INFO  [default] link ACK received: get_commodity
2026-08-02 15:55:35,023 INFO  [default] message type supported received: 2
2026-08-02 15:55:35,023 INFO  [default] commodity response received. response code: 0 - success; count: 4
2026-08-02 15:55:35,024 INFO  [default] commodity code: 0 - Electricity consumed (W & W-hr)
2026-08-02 15:55:35,024 INFO  [default]            source: Estimated
2026-08-02 15:55:35,024 INFO  [default]   cumulative: 122000
2026-08-02 15:55:35,024 INFO  [default]    inst rate: 0
2026-08-02 15:55:35,024 INFO  [default] commodity code 8 - Rated max consumption level electricity (W) is not recorded in the commodity CSV
2026-08-02 15:55:35,024 INFO  [default] commodity code: 6 - Total energy storage/take capacity (W-hr)
2026-08-02 15:55:35,024 INFO  [default]            source: Estimated
2026-08-02 15:55:35,024 INFO  [default]   cumulative: 9190
2026-08-02 15:55:35,025 INFO  [default]    inst rate: not used for this commodity code
2026-08-02 15:55:35,025 INFO  [default] commodity code: 7 - Present energy storage/take capacity (W-hr)
2026-08-02 15:55:35,025 INFO  [default]            source: Estimated
2026-08-02 15:55:35,025 INFO  [default]   cumulative: 684
2026-08-02 15:55:35,025 INFO  [default]    inst rate: not used for this commodity code
2026-08-02 15:55:35,229 INFO  [default] link ACK received: query_operational_state
2026-08-02 15:55:35,354 INFO  [default] operational state received: 0

Press Enter for a list of commands
2026-08-02 15:56:35,569 INFO  [default] link ACK received: get_commodity
2026-08-02 15:56:35,722 INFO  [default] message type supported received: 2
2026-08-02 15:56:35,722 INFO  [default] commodity response received. response code: 0 - success; count: 4
2026-08-02 15:56:35,723 INFO  [default] commodity code: 0 - Electricity consumed (W & W-hr)
2026-08-02 15:56:35,723 INFO  [default]            source: Estimated
2026-08-02 15:56:35,723 INFO  [default]   cumulative: 122000
2026-08-02 15:56:35,723 INFO  [default]    inst rate: 0
2026-08-02 15:56:35,723 INFO  [default] commodity code 8 - Rated max consumption level electricity (W) is not recorded in the commodity CSV
2026-08-02 15:56:35,723 INFO  [default] commodity code: 6 - Total energy storage/take capacity (W-hr)
2026-08-02 15:56:35,723 INFO  [default]            source: Estimated
2026-08-02 15:56:35,724 INFO  [default]   cumulative: 9190
2026-08-02 15:56:35,724 INFO  [default]    inst rate: not used for this commodity code
2026-08-02 15:56:35,724 INFO  [default] commodity code: 7 - Present energy storage/take capacity (W-hr)
2026-08-02 15:56:35,724 INFO  [default]            source: Estimated
2026-08-02 15:56:35,724 INFO  [default]   cumulative: 684
2026-08-02 15:56:35,724 INFO  [default]    inst rate: not used for this commodity code
2026-08-02 15:56:35,927 INFO  [default] link ACK received: query_operational_state
2026-08-02 15:56:36,051 INFO  [default] operational state received: 0

Press Enter for a list of commands
2026-08-02 15:57:35,269 INFO  [default] link ACK received: get_commodity
2026-08-02 15:57:35,425 INFO  [default] message type supported received: 2
2026-08-02 15:57:35,425 INFO  [default] commodity response received. response code: 0 - success; count: 4
2026-08-02 15:57:35,425 INFO  [default] commodity code: 0 - Electricity consumed (W & W-hr)
2026-08-02 15:57:35,426 INFO  [default]            source: Estimated
2026-08-02 15:57:35,426 INFO  [default]   cumulative: 122000
2026-08-02 15:57:35,426 INFO  [default]    inst rate: 0
2026-08-02 15:57:35,426 INFO  [default] commodity code 8 - Rated max consumption level electricity (W) is not recorded in the commodity CSV
2026-08-02 15:57:35,426 INFO  [default] commodity code: 6 - Total energy storage/take capacity (W-hr)
2026-08-02 15:57:35,426 INFO  [default]            source: Estimated
2026-08-02 15:57:35,426 INFO  [default]   cumulative: 9190
2026-08-02 15:57:35,426 INFO  [default]    inst rate: not used for this commodity code
2026-08-02 15:57:35,427 INFO  [default] commodity code: 7 - Present energy storage/take capacity (W-hr)
2026-08-02 15:57:35,427 INFO  [default]            source: Estimated
2026-08-02 15:57:35,427 INFO  [default]   cumulative: 684
2026-08-02 15:57:35,427 INFO  [default]    inst rate: not used for this commodity code
2026-08-02 15:57:35,630 INFO  [default] link ACK received: query_operational_state
2026-08-02 15:57:35,753 INFO  [default] operational state received: 0

Press Enter for a list of commands
2026-08-02 15:58:34,967 INFO  [default] link ACK received: get_commodity
2026-08-02 15:58:35,120 INFO  [default] message type supported received: 2
2026-08-02 15:58:35,120 INFO  [default] commodity response received. response code: 0 - success; count: 4
2026-08-02 15:58:35,121 INFO  [default] commodity code: 0 - Electricity consumed (W & W-hr)
2026-08-02 15:58:35,121 INFO  [default]            source: Estimated
2026-08-02 15:58:35,121 INFO  [default]   cumulative: 122000
2026-08-02 15:58:35,121 INFO  [default]    inst rate: 0
2026-08-02 15:58:35,122 INFO  [default] commodity code 8 - Rated max consumption level electricity (W) is not recorded in the commodity CSV
2026-08-02 15:58:35,122 INFO  [default] commodity code: 6 - Total energy storage/take capacity (W-hr)
2026-08-02 15:58:35,122 INFO  [default]            source: Estimated
2026-08-02 15:58:35,122 INFO  [default]   cumulative: 9190
2026-08-02 15:58:35,122 INFO  [default]    inst rate: not used for this commodity code
2026-08-02 15:58:35,122 INFO  [default] commodity code: 7 - Present energy storage/take capacity (W-hr)
2026-08-02 15:58:35,122 INFO  [default]            source: Estimated
2026-08-02 15:58:35,122 INFO  [default]   cumulative: 706
2026-08-02 15:58:35,123 INFO  [default]    inst rate: not used for this commodity code
2026-08-02 15:58:35,325 INFO  [default] link ACK received: query_operational_state
2026-08-02 15:58:35,449 INFO  [default] operational state received: 0

Press Enter for a list of commands
2026-08-02 15:59:35,567 INFO  [default] link ACK received: get_commodity
2026-08-02 15:59:35,721 INFO  [default] message type supported received: 2
2026-08-02 15:59:35,721 INFO  [default] commodity response received. response code: 0 - success; count: 4
2026-08-02 15:59:35,721 INFO  [default] commodity code: 0 - Electricity consumed (W & W-hr)
2026-08-02 15:59:35,722 INFO  [default]            source: Estimated
2026-08-02 15:59:35,722 INFO  [default]   cumulative: 122000
2026-08-02 15:59:35,722 INFO  [default]    inst rate: 0
2026-08-02 15:59:35,722 INFO  [default] commodity code 8 - Rated max consumption level electricity (W) is not recorded in the commodity CSV
2026-08-02 15:59:35,722 INFO  [default] commodity code: 6 - Total energy storage/take capacity (W-hr)
2026-08-02 15:59:35,722 INFO  [default]            source: Estimated
2026-08-02 15:59:35,722 INFO  [default]   cumulative: 9190
2026-08-02 15:59:35,722 INFO  [default]    inst rate: not used for this commodity code
2026-08-02 15:59:35,723 INFO  [default] commodity code: 7 - Present energy storage/take capacity (W-hr)
2026-08-02 15:59:35,723 INFO  [default]            source: Estimated
2026-08-02 15:59:35,723 INFO  [default]   cumulative: 706
2026-08-02 15:59:35,723 INFO  [default]    inst rate: not used for this commodity code
2026-08-02 15:59:35,926 INFO  [default] link ACK received: query_operational_state
2026-08-02 15:59:36,049 INFO  [default] operational state received: 0

Press Enter for a list of commands
2026-08-02 16:00:35,263 INFO  [default] link ACK received: get_commodity
2026-08-02 16:00:35,417 INFO  [default] message type supported received: 2
2026-08-02 16:00:35,417 INFO  [default] commodity response received. response code: 0 - success; count: 4
2026-08-02 16:00:35,418 INFO  [default] commodity code: 0 - Electricity consumed (W & W-hr)
2026-08-02 16:00:35,418 INFO  [default]            source: Estimated
2026-08-02 16:00:35,418 INFO  [default]   cumulative: 122000
2026-08-02 16:00:35,418 INFO  [default]    inst rate: 0
2026-08-02 16:00:35,418 INFO  [default] commodity code 8 - Rated max consumption level electricity (W) is not recorded in the commodity CSV
2026-08-02 16:00:35,418 INFO  [default] commodity code: 6 - Total energy storage/take capacity (W-hr)
2026-08-02 16:00:35,418 INFO  [default]            source: Estimated
2026-08-02 16:00:35,419 INFO  [default]   cumulative: 9190
2026-08-02 16:00:35,419 INFO  [default]    inst rate: not used for this commodity code
2026-08-02 16:00:35,419 INFO  [default] commodity code: 7 - Present energy storage/take capacity (W-hr)
2026-08-02 16:00:35,419 INFO  [default]            source: Estimated
2026-08-02 16:00:35,419 INFO  [default]   cumulative: 706
2026-08-02 16:00:35,419 INFO  [default]    inst rate: not used for this commodity code
2026-08-02 16:00:35,622 INFO  [default] link ACK received: query_operational_state
2026-08-02 16:00:35,745 INFO  [default] operational state received: 0

Press Enter for a list of commands
2026-08-02 16:01:34,961 INFO  [default] link ACK received: get_commodity
2026-08-02 16:01:35,115 INFO  [default] message type supported received: 2
2026-08-02 16:01:35,116 INFO  [default] commodity response received. response code: 0 - success; count: 4
2026-08-02 16:01:35,116 INFO  [default] commodity code: 0 - Electricity consumed (W & W-hr)
2026-08-02 16:01:35,116 INFO  [default]            source: Estimated
2026-08-02 16:01:35,116 INFO  [default]   cumulative: 122000
2026-08-02 16:01:35,117 INFO  [default]    inst rate: 0
2026-08-02 16:01:35,117 INFO  [default] commodity code 8 - Rated max consumption level electricity (W) is not recorded in the commodity CSV
2026-08-02 16:01:35,117 INFO  [default] commodity code: 6 - Total energy storage/take capacity (W-hr)
2026-08-02 16:01:35,117 INFO  [default]            source: Estimated
2026-08-02 16:01:35,117 INFO  [default]   cumulative: 9190
2026-08-02 16:01:35,117 INFO  [default]    inst rate: not used for this commodity code
2026-08-02 16:01:35,117 INFO  [default] commodity code: 7 - Present energy storage/take capacity (W-hr)
2026-08-02 16:01:35,118 INFO  [default]            source: Estimated
2026-08-02 16:01:35,118 INFO  [default]   cumulative: 706
2026-08-02 16:01:35,118 INFO  [default]    inst rate: not used for this commodity code
2026-08-02 16:01:35,321 INFO  [default] link ACK received: query_operational_state
2026-08-02 16:01:35,445 INFO  [default] operational state received: 0

Press Enter for a list of commands
2026-08-02 16:02:35,564 INFO  [default] link ACK received: get_commodity
2026-08-02 16:02:35,718 INFO  [default] message type supported received: 2
2026-08-02 16:02:35,718 INFO  [default] commodity response received. response code: 0 - success; count: 4
2026-08-02 16:02:35,719 INFO  [default] commodity code: 0 - Electricity consumed (W & W-hr)
2026-08-02 16:02:35,719 INFO  [default]            source: Estimated
2026-08-02 16:02:35,719 INFO  [default]   cumulative: 122000
2026-08-02 16:02:35,719 INFO  [default]    inst rate: 0
2026-08-02 16:02:35,719 INFO  [default] commodity code 8 - Rated max consumption level electricity (W) is not recorded in the commodity CSV
2026-08-02 16:02:35,719 INFO  [default] commodity code: 6 - Total energy storage/take capacity (W-hr)
2026-08-02 16:02:35,719 INFO  [default]            source: Estimated
2026-08-02 16:02:35,720 INFO  [default]   cumulative: 9190
2026-08-02 16:02:35,720 INFO  [default]    inst rate: not used for this commodity code
2026-08-02 16:02:35,720 INFO  [default] commodity code: 7 - Present energy storage/take capacity (W-hr)
2026-08-02 16:02:35,720 INFO  [default]            source: Estimated
2026-08-02 16:02:35,720 INFO  [default]   cumulative: 706
2026-08-02 16:02:35,720 INFO  [default]    inst rate: not used for this commodity code
2026-08-02 16:02:35,923 INFO  [default] link ACK received: query_operational_state
2026-08-02 16:02:36,047 INFO  [default] operational state received: 0

Press Enter for a list of commands
2026-08-02 16:03:35,257 INFO  [default] link ACK received: get_commodity
2026-08-02 16:03:35,413 INFO  [default] message type supported received: 2
2026-08-02 16:03:35,414 INFO  [default] commodity response received. response code: 0 - success; count: 4
2026-08-02 16:03:35,414 INFO  [default] commodity code: 0 - Electricity consumed (W & W-hr)
2026-08-02 16:03:35,414 INFO  [default]            source: Estimated
2026-08-02 16:03:35,414 INFO  [default]   cumulative: 122000
2026-08-02 16:03:35,414 INFO  [default]    inst rate: 0
2026-08-02 16:03:35,415 INFO  [default] commodity code 8 - Rated max consumption level electricity (W) is not recorded in the commodity CSV
2026-08-02 16:03:35,415 INFO  [default] commodity code: 6 - Total energy storage/take capacity (W-hr)
2026-08-02 16:03:35,415 INFO  [default]            source: Estimated
2026-08-02 16:03:35,415 INFO  [default]   cumulative: 9190
2026-08-02 16:03:35,415 INFO  [default]    inst rate: not used for this commodity code
2026-08-02 16:03:35,415 INFO  [default] commodity code: 7 - Present energy storage/take capacity (W-hr)
2026-08-02 16:03:35,415 INFO  [default]            source: Estimated
2026-08-02 16:03:35,415 INFO  [default]   cumulative: 706
2026-08-02 16:03:35,416 INFO  [default]    inst rate: not used for this commodity code
2026-08-02 16:03:35,618 INFO  [default] link ACK received: query_operational_state
2026-08-02 16:03:35,742 INFO  [default] operational state received: 0

Press Enter for a list of commands
2026-08-02 16:04:34,959 INFO  [default] link ACK received: get_commodity
2026-08-02 16:04:35,114 INFO  [default] message type supported received: 2
2026-08-02 16:04:35,115 INFO  [default] commodity response received. response code: 0 - success; count: 4
2026-08-02 16:04:35,115 INFO  [default] commodity code: 0 - Electricity consumed (W & W-hr)
2026-08-02 16:04:35,115 INFO  [default]            source: Estimated
2026-08-02 16:04:35,115 INFO  [default]   cumulative: 122000
2026-08-02 16:04:35,116 INFO  [default]    inst rate: 0
2026-08-02 16:04:35,116 INFO  [default] commodity code 8 - Rated max consumption level electricity (W) is not recorded in the commodity CSV
2026-08-02 16:04:35,116 INFO  [default] commodity code: 6 - Total energy storage/take capacity (W-hr)
2026-08-02 16:04:35,116 INFO  [default]            source: Estimated
2026-08-02 16:04:35,116 INFO  [default]   cumulative: 9190
2026-08-02 16:04:35,116 INFO  [default]    inst rate: not used for this commodity code
2026-08-02 16:04:35,116 INFO  [default] commodity code: 7 - Present energy storage/take capacity (W-hr)
2026-08-02 16:04:35,116 INFO  [default]            source: Estimated
2026-08-02 16:04:35,117 INFO  [default]   cumulative: 706
2026-08-02 16:04:35,117 INFO  [default]    inst rate: not used for this commodity code
2026-08-02 16:04:35,320 INFO  [default] link ACK received: query_operational_state
2026-08-02 16:04:35,443 INFO  [default] operational state received: 0

Press Enter for a list of commands
2026-08-02 16:05:35,661 INFO  [default] link ACK received: get_commodity
2026-08-02 16:05:35,815 INFO  [default] message type supported received: 2
2026-08-02 16:05:35,815 INFO  [default] commodity response received. response code: 0 - success; count: 4
2026-08-02 16:05:35,816 INFO  [default] commodity code: 0 - Electricity consumed (W & W-hr)
2026-08-02 16:05:35,816 INFO  [default]            source: Estimated
2026-08-02 16:05:35,816 INFO  [default]   cumulative: 122000
2026-08-02 16:05:35,816 INFO  [default]    inst rate: 0
2026-08-02 16:05:35,816 INFO  [default] commodity code 8 - Rated max consumption level electricity (W) is not recorded in the commodity CSV
2026-08-02 16:05:35,817 INFO  [default] commodity code: 6 - Total energy storage/take capacity (W-hr)
2026-08-02 16:05:35,817 INFO  [default]            source: Estimated
2026-08-02 16:05:35,817 INFO  [default]   cumulative: 9190
2026-08-02 16:05:35,817 INFO  [default]    inst rate: not used for this commodity code
2026-08-02 16:05:35,817 INFO  [default] commodity code: 7 - Present energy storage/take capacity (W-hr)
2026-08-02 16:05:35,817 INFO  [default]            source: Estimated
2026-08-02 16:05:35,817 INFO  [default]   cumulative: 729
2026-08-02 16:05:35,818 INFO  [default]    inst rate: not used for this commodity code
2026-08-02 16:05:36,020 INFO  [default] link ACK received: query_operational_state
2026-08-02 16:05:36,144 INFO  [default] operational state received: 0

Press Enter for a list of commands
2026-08-02 16:06:35,360 INFO  [default] link ACK received: get_commodity
2026-08-02 16:06:35,514 INFO  [default] message type supported received: 2
2026-08-02 16:06:35,514 INFO  [default] commodity response received. response code: 0 - success; count: 4
2026-08-02 16:06:35,514 INFO  [default] commodity code: 0 - Electricity consumed (W & W-hr)
2026-08-02 16:06:35,515 INFO  [default]            source: Estimated
2026-08-02 16:06:35,515 INFO  [default]   cumulative: 122000
2026-08-02 16:06:35,515 INFO  [default]    inst rate: 0
2026-08-02 16:06:35,515 INFO  [default] commodity code 8 - Rated max consumption level electricity (W) is not recorded in the commodity CSV
2026-08-02 16:06:35,515 INFO  [default] commodity code: 6 - Total energy storage/take capacity (W-hr)
2026-08-02 16:06:35,515 INFO  [default]            source: Estimated
2026-08-02 16:06:35,515 INFO  [default]   cumulative: 9190
2026-08-02 16:06:35,516 INFO  [default]    inst rate: not used for this commodity code
2026-08-02 16:06:35,516 INFO  [default] commodity code: 7 - Present energy storage/take capacity (W-hr)
2026-08-02 16:06:35,516 INFO  [default]            source: Estimated
2026-08-02 16:06:35,516 INFO  [default]   cumulative: 706
2026-08-02 16:06:35,516 INFO  [default]    inst rate: not used for this commodity code
2026-08-02 16:06:35,718 INFO  [default] link ACK received: query_operational_state
2026-08-02 16:06:35,842 INFO  [default] operational state received: 0

Press Enter for a list of commands
2026-08-02 16:07:35,055 INFO  [default] link ACK received: get_commodity
2026-08-02 16:07:35,208 INFO  [default] message type supported received: 2
2026-08-02 16:07:35,209 INFO  [default] commodity response received. response code: 0 - success; count: 4
2026-08-02 16:07:35,209 INFO  [default] commodity code: 0 - Electricity consumed (W & W-hr)
2026-08-02 16:07:35,209 INFO  [default]            source: Estimated
2026-08-02 16:07:35,209 INFO  [default]   cumulative: 122000
2026-08-02 16:07:35,210 INFO  [default]    inst rate: 0
2026-08-02 16:07:35,210 INFO  [default] commodity code 8 - Rated max consumption level electricity (W) is not recorded in the commodity CSV
2026-08-02 16:07:35,210 INFO  [default] commodity code: 6 - Total energy storage/take capacity (W-hr)
2026-08-02 16:07:35,210 INFO  [default]            source: Estimated
2026-08-02 16:07:35,210 INFO  [default]   cumulative: 9190
2026-08-02 16:07:35,210 INFO  [default]    inst rate: not used for this commodity code
2026-08-02 16:07:35,210 INFO  [default] commodity code: 7 - Present energy storage/take capacity (W-hr)
2026-08-02 16:07:35,211 INFO  [default]            source: Estimated
2026-08-02 16:07:35,211 INFO  [default]   cumulative: 706
2026-08-02 16:07:35,211 INFO  [default]    inst rate: not used for this commodity code
2026-08-02 16:07:35,414 INFO  [default] link ACK received: query_operational_state
2026-08-02 16:07:35,537 INFO  [default] operational state received: 0

Press Enter for a list of commands
2026-08-02 16:08:35,754 INFO  [default] link ACK received: get_commodity
2026-08-02 16:08:35,907 INFO  [default] message type supported received: 2
2026-08-02 16:08:35,908 INFO  [default] commodity response received. response code: 0 - success; count: 4
2026-08-02 16:08:35,908 INFO  [default] commodity code: 0 - Electricity consumed (W & W-hr)
2026-08-02 16:08:35,908 INFO  [default]            source: Estimated
2026-08-02 16:08:35,909 INFO  [default]   cumulative: 122000
2026-08-02 16:08:35,909 INFO  [default]    inst rate: 0
2026-08-02 16:08:35,909 INFO  [default] commodity code 8 - Rated max consumption level electricity (W) is not recorded in the commodity CSV
2026-08-02 16:08:35,909 INFO  [default] commodity code: 6 - Total energy storage/take capacity (W-hr)
2026-08-02 16:08:35,909 INFO  [default]            source: Estimated
2026-08-02 16:08:35,909 INFO  [default]   cumulative: 9190
2026-08-02 16:08:35,909 INFO  [default]    inst rate: not used for this commodity code
2026-08-02 16:08:35,909 INFO  [default] commodity code: 7 - Present energy storage/take capacity (W-hr)
2026-08-02 16:08:35,910 INFO  [default]            source: Estimated
2026-08-02 16:08:35,910 INFO  [default]   cumulative: 706
2026-08-02 16:08:35,910 INFO  [default]    inst rate: not used for this commodity code
2026-08-02 16:08:36,113 INFO  [default] link ACK received: query_operational_state
2026-08-02 16:08:36,236 INFO  [default] operational state received: 0

Press Enter for a list of commands
2026-08-02 16:09:35,454 INFO  [default] link ACK received: get_commodity
2026-08-02 16:09:35,608 INFO  [default] message type supported received: 2
2026-08-02 16:09:35,608 INFO  [default] commodity response received. response code: 0 - success; count: 4
2026-08-02 16:09:35,609 INFO  [default] commodity code: 0 - Electricity consumed (W & W-hr)
2026-08-02 16:09:35,609 INFO  [default]            source: Estimated
2026-08-02 16:09:35,609 INFO  [default]   cumulative: 122000
2026-08-02 16:09:35,609 INFO  [default]    inst rate: 0
2026-08-02 16:09:35,609 INFO  [default] commodity code 8 - Rated max consumption level electricity (W) is not recorded in the commodity CSV
2026-08-02 16:09:35,609 INFO  [default] commodity code: 6 - Total energy storage/take capacity (W-hr)
2026-08-02 16:09:35,609 INFO  [default]            source: Estimated
2026-08-02 16:09:35,610 INFO  [default]   cumulative: 9190
2026-08-02 16:09:35,610 INFO  [default]    inst rate: not used for this commodity code
2026-08-02 16:09:35,610 INFO  [default] commodity code: 7 - Present energy storage/take capacity (W-hr)
2026-08-02 16:09:35,610 INFO  [default]            source: Estimated
2026-08-02 16:09:35,610 INFO  [default]   cumulative: 706
2026-08-02 16:09:35,610 INFO  [default]    inst rate: not used for this commodity code
2026-08-02 16:09:35,813 INFO  [default] link ACK received: query_operational_state
2026-08-02 16:09:35,937 INFO  [default] operational state received: 0

Press Enter for a list of commands
2026-08-02 16:10:35,055 INFO  [default] link ACK received: get_commodity
2026-08-02 16:10:35,210 INFO  [default] message type supported received: 2
2026-08-02 16:10:35,210 INFO  [default] commodity response received. response code: 0 - success; count: 4
2026-08-02 16:10:35,210 INFO  [default] commodity code: 0 - Electricity consumed (W & W-hr)
2026-08-02 16:10:35,211 INFO  [default]            source: Estimated
2026-08-02 16:10:35,211 INFO  [default]   cumulative: 122000
2026-08-02 16:10:35,211 INFO  [default]    inst rate: 0
2026-08-02 16:10:35,211 INFO  [default] commodity code 8 - Rated max consumption level electricity (W) is not recorded in the commodity CSV
2026-08-02 16:10:35,211 INFO  [default] commodity code: 6 - Total energy storage/take capacity (W-hr)
2026-08-02 16:10:35,211 INFO  [default]            source: Estimated
2026-08-02 16:10:35,211 INFO  [default]   cumulative: 9190
2026-08-02 16:10:35,211 INFO  [default]    inst rate: not used for this commodity code
2026-08-02 16:10:35,211 INFO  [default] commodity code: 7 - Present energy storage/take capacity (W-hr)
2026-08-02 16:10:35,212 INFO  [default]            source: Estimated
2026-08-02 16:10:35,212 INFO  [default]   cumulative: 706
2026-08-02 16:10:35,212 INFO  [default]    inst rate: not used for this commodity code
2026-08-02 16:10:35,417 INFO  [default] link ACK received: query_operational_state
2026-08-02 16:10:35,540 INFO  [default] operational state received: 0

Press Enter for a list of commands
2026-08-02 16:11:35,661 INFO  [default] link ACK received: get_commodity
2026-08-02 16:11:35,817 INFO  [default] message type supported received: 2
2026-08-02 16:11:35,817 INFO  [default] commodity response received. response code: 0 - success; count: 4
2026-08-02 16:11:35,818 INFO  [default] commodity code: 0 - Electricity consumed (W & W-hr)
2026-08-02 16:11:35,818 INFO  [default]            source: Estimated
2026-08-02 16:11:35,818 INFO  [default]   cumulative: 122000
2026-08-02 16:11:35,818 INFO  [default]    inst rate: 0
2026-08-02 16:11:35,818 INFO  [default] commodity code 8 - Rated max consumption level electricity (W) is not recorded in the commodity CSV
2026-08-02 16:11:35,818 INFO  [default] commodity code: 6 - Total energy storage/take capacity (W-hr)
2026-08-02 16:11:35,818 INFO  [default]            source: Estimated
2026-08-02 16:11:35,818 INFO  [default]   cumulative: 9190
2026-08-02 16:11:35,819 INFO  [default]    inst rate: not used for this commodity code
2026-08-02 16:11:35,819 INFO  [default] commodity code: 7 - Present energy storage/take capacity (W-hr)
2026-08-02 16:11:35,819 INFO  [default]            source: Estimated
2026-08-02 16:11:35,819 INFO  [default]   cumulative: 706
2026-08-02 16:11:35,819 INFO  [default]    inst rate: not used for this commodity code
2026-08-02 16:11:36,021 INFO  [default] link ACK received: query_operational_state
2026-08-02 16:11:36,146 INFO  [default] operational state received: 0

Press Enter for a list of commands
2026-08-02 16:12:35,364 INFO  [default] link ACK received: get_commodity
2026-08-02 16:12:35,519 INFO  [default] message type supported received: 2
2026-08-02 16:12:35,520 INFO  [default] commodity response received. response code: 0 - success; count: 4
2026-08-02 16:12:35,520 INFO  [default] commodity code: 0 - Electricity consumed (W & W-hr)
2026-08-02 16:12:35,520 INFO  [default]            source: Estimated
2026-08-02 16:12:35,520 INFO  [default]   cumulative: 122000
2026-08-02 16:12:35,520 INFO  [default]    inst rate: 0
2026-08-02 16:12:35,521 INFO  [default] commodity code 8 - Rated max consumption level electricity (W) is not recorded in the commodity CSV
2026-08-02 16:12:35,521 INFO  [default] commodity code: 6 - Total energy storage/take capacity (W-hr)
2026-08-02 16:12:35,521 INFO  [default]            source: Estimated
2026-08-02 16:12:35,521 INFO  [default]   cumulative: 9190
2026-08-02 16:12:35,521 INFO  [default]    inst rate: not used for this commodity code
2026-08-02 16:12:35,521 INFO  [default] commodity code: 7 - Present energy storage/take capacity (W-hr)
2026-08-02 16:12:35,521 INFO  [default]            source: Estimated
2026-08-02 16:12:35,521 INFO  [default]   cumulative: 729
2026-08-02 16:12:35,522 INFO  [default]    inst rate: not used for this commodity code
2026-08-02 16:12:35,725 INFO  [default] link ACK received: query_operational_state
2026-08-02 16:12:35,848 INFO  [default] operational state received: 0

Press Enter for a list of commands
2026-08-02 16:13:35,067 INFO  [default] link ACK received: get_commodity
2026-08-02 16:13:35,222 INFO  [default] message type supported received: 2
2026-08-02 16:13:35,222 INFO  [default] commodity response received. response code: 0 - success; count: 4
2026-08-02 16:13:35,223 INFO  [default] commodity code: 0 - Electricity consumed (W & W-hr)
2026-08-02 16:13:35,223 INFO  [default]            source: Estimated
2026-08-02 16:13:35,223 INFO  [default]   cumulative: 122000
2026-08-02 16:13:35,223 INFO  [default]    inst rate: 0
2026-08-02 16:13:35,223 INFO  [default] commodity code 8 - Rated max consumption level electricity (W) is not recorded in the commodity CSV
2026-08-02 16:13:35,224 INFO  [default] commodity code: 6 - Total energy storage/take capacity (W-hr)
2026-08-02 16:13:35,224 INFO  [default]            source: Estimated
2026-08-02 16:13:35,224 INFO  [default]   cumulative: 9190
2026-08-02 16:13:35,224 INFO  [default]    inst rate: not used for this commodity code
2026-08-02 16:13:35,224 INFO  [default] commodity code: 7 - Present energy storage/take capacity (W-hr)
2026-08-02 16:13:35,224 INFO  [default]            source: Estimated
2026-08-02 16:13:35,224 INFO  [default]   cumulative: 729
2026-08-02 16:13:35,224 INFO  [default]    inst rate: not used for this commodity code
2026-08-02 16:13:35,427 INFO  [default] link ACK received: query_operational_state
2026-08-02 16:13:35,551 INFO  [default] operational state received: 0

Press Enter for a list of commands
Returning state to normal...
2026-08-02 16:13:50,182 INFO  [default] link ACK received: run_normal
2026-08-02 16:13:50,306 INFO  [default] app ack received
Loading...
Querying operational state after normal command...
2026-08-02 16:13:52,412 INFO  [default] link ACK received: query_operational_state
2026-08-02 16:13:52,537 INFO  [default] operational state received: 0

Press Enter for a list of commands
