timestamp_pacific,monitor_elapsed_seconds,status,record_reason,voltage_rms,current_rms,real_power,reactive_power,apparent_power,power_factor
2026-08-02T10:13:34.157-07:00,0.001,ok,initial_sample,244.322,0.137,2.134,36.284,36.817,0.058
2026-08-02T10:13:37.168-07:00,3.008,ok,current_change|heater_off,244.302,0.000,1.067,28.814,29.347,-0.018
2026-08-02T10:13:38.175-07:00,4.015,ok,current_change|heater_on,244.473,0.142,1.067,37.351,30.948,0.034
2026-08-02T10:13:42.199-07:00,8.039,ok,current_change,244.424,0.158,3.202,42.153,42.687,0.074
2026-08-02T10:13:43.205-07:00,9.045,ok,current_change|heater_off,244.194,0.000,2.134,28.280,28.814,-0.055
2026-08-02T10:13:44.212-07:00,10.052,ok,current_change|heater_on,244.170,0.145,1.067,30.948,31.481,0.033
2026-08-02T10:13:45.218-07:00,11.058,ok,current_change|heater_off,244.180,0.000,0.000,25.078,25.612,0.021
2026-08-02T10:13:47.231-07:00,13.071,ok,current_change|heater_on,244.067,0.137,4.269,36.284,36.817,0.115
2026-08-02T10:13:48.238-07:00,14.078,ok,current_change|heater_off,244.204,0.000,2.134,31.481,32.015,0.083
2026-08-02T10:13:49.245-07:00,15.085,ok,current_change|heater_on,244.434,0.150,3.202,40.019,26.679,-0.060
2026-08-02T10:13:52.263-07:00,18.103,ok,current_change|heater_off,244.209,0.000,1.067,34.683,35.217,0.030
2026-08-02T10:13:54.278-07:00,20.118,ok,current_change|heater_on,244.566,0.143,2.134,37.884,38.418,0.055
2026-08-02T10:13:56.290-07:00,22.130,ok,current_change|heater_off,244.556,0.000,8.537,34.149,35.217,0.242
2026-08-02T10:13:59.308-07:00,25.149,ok,current_change|heater_on,244.282,0.133,7.470,34.683,35.750,0.224
2026-08-02T10:14:00.315-07:00,26.155,ok,current_change|heater_off,244.410,0.000,7.470,34.149,35.217,0.227
2026-08-02T10:14:02.327-07:00,28.167,ok,current_change|heater_on,244.434,0.137,6.403,35.750,36.817,0.174
2026-08-02T10:14:04.340-07:00,30.180,ok,current_change,244.419,0.170,10.672,44.287,45.888,0.244
2026-08-02T10:14:05.347-07:00,31.187,ok,current_change|heater_off,244.390,0.000,6.403,29.347,40.019,0.199
2026-08-02T10:14:06.354-07:00,32.194,ok,current_change|heater_on,244.121,0.152,9.605,38.952,40.552,0.250
2026-08-02T10:14:07.360-07:00,33.200,ok,current_change|heater_off,244.258,0.000,8.537,32.549,34.149,0.266
2026-08-02T10:14:09.373-07:00,35.213,ok,current_change|heater_on,244.185,0.148,9.605,38.418,40.019,0.253
2026-08-02T10:14:10.379-07:00,36.220,ok,current_change|heater_off,244.131,0.000,10.672,33.082,35.217,0.303
2026-08-02T10:14:15.409-07:00,41.249,ok,current_change|heater_on,244.600,0.142,7.470,36.817,37.884,0.211
2026-08-02T10:14:17.421-07:00,43.261,ok,current_change|heater_off,244.483,0.000,8.537,32.015,33.616,0.254
2026-08-02T10:14:18.428-07:00,44.268,ok,current_change|heater_on,244.556,0.133,9.605,34.149,35.750,0.269
2026-08-02T10:14:19.434-07:00,45.274,ok,current_change|heater_off,244.278,0.000,9.605,33.616,38.952,0.273
2026-08-02T10:14:27.481-07:00,53.322,ok,current_change|power_change|heater_on,244.072,0.868,92.844,215.568,234.777,0.395
2026-08-02T10:14:29.494-07:00,55.334,ok,current_change,244.058,0.953,116.321,229.975,257.721,0.451
2026-08-02T10:14:30.500-07:00,56.340,ok,current_change,244.341,0.973,117.389,235.311,263.057,0.445
2026-08-02T10:14:31.507-07:00,57.347,ok,current_change,244.639,0.956,107.784,234.777,258.788,0.416
2026-08-02T10:14:32.513-07:00,58.354,ok,current_change,244.043,0.983,112.053,240.646,265.725,0.421
2026-08-02T10:14:33.521-07:00,59.361,ok,current_change,244.023,1.048,117.389,257.188,282.800,0.415
2026-08-02T10:14:34.527-07:00,60.368,ok,current_change,244.341,1.071,110.985,267.326,289.736,0.383
2026-08-02T10:14:35.534-07:00,61.374,ok,current_change,244.111,1.106,115.254,275.329,298.807,0.387
2026-08-02T10:14:37.546-07:00,63.387,ok,current_change,244.214,1.136,114.187,284.934,307.344,0.371
2026-08-02T10:14:39.560-07:00,65.400,ok,current_change,244.351,1.186,116.321,299.341,321.218,0.361
2026-08-02T10:14:40.567-07:00,66.407,ok,current_change,244.160,1.158,112.053,292.404,313.214,0.357
2026-08-02T10:14:41.574-07:00,67.414,ok,current_change,244.302,1.178,112.053,297.740,318.550,0.352
2026-08-02T10:14:43.586-07:00,69.426,ok,current_change,244.380,1.214,113.120,308.412,328.688,0.344
2026-08-02T10:14:48.616-07:00,74.456,ok,current_change,244.106,1.256,109.918,321.218,339.893,0.323
2026-08-02T10:14:49.623-07:00,75.464,ok,current_change,244.390,1.287,109.918,330.289,354.833,0.316
2026-08-02T10:14:50.630-07:00,76.470,ok,current_change,244.111,1.339,110.985,344.695,362.304,0.308
2026-08-02T10:14:51.636-07:00,77.477,ok,current_change,244.102,1.381,113.120,355.367,373.509,0.304
2026-08-02T10:14:54.655-07:00,80.495,ok,current_change,244.405,1.401,108.851,362.837,379.378,0.288
2026-08-02T10:14:55.661-07:00,81.501,ok,current_change,244.419,1.366,105.650,353.766,369.774,0.287
2026-08-02T10:14:56.668-07:00,82.508,ok,current_change,244.131,1.397,113.120,360.169,377.778,0.301
2026-08-02T10:15:00.692-07:00,86.532,ok,current_change,244.077,1.364,104.582,353.233,368.707,0.284
2026-08-02T10:15:01.698-07:00,87.538,ok,current_change,243.960,1.401,108.851,362.837,378.845,0.287
2026-08-02T10:15:06.728-07:00,92.568,ok,current_change,244.209,1.421,112.053,367.106,386.315,0.295
2026-08-02T10:15:07.735-07:00,93.575,ok,current_change,244.092,1.439,112.053,371.908,388.983,0.289
2026-08-02T10:15:08.741-07:00,94.582,ok,current_change,244.278,1.417,110.985,366.572,383.647,0.290
2026-08-02T10:15:15.783-07:00,101.623,ok,current_change,244.136,1.447,107.784,367.106,383.113,0.281
2026-08-02T10:15:17.795-07:00,103.635,ok,current_change,244.351,1.429,112.053,369.774,386.848,0.289
2026-08-02T10:15:19.808-07:00,105.648,ok,current_change,244.111,1.462,116.321,377.244,395.386,0.295
2026-08-02T10:15:20.814-07:00,106.654,ok,current_change,244.092,1.417,109.918,366.572,395.919,0.293
2026-08-02T10:15:22.828-07:00,108.668,ok,current_change,244.077,1.462,113.120,378.845,395.386,0.285
2026-08-02T10:15:25.846-07:00,111.686,ok,current_change,244.243,1.444,112.053,374.042,390.584,0.286
2026-08-02T10:15:27.860-07:00,113.700,ok,current_change,244.004,1.481,113.120,383.647,400.188,0.282
2026-08-02T10:15:30.878-07:00,116.718,ok,current_change,243.974,1.457,110.985,377.244,393.785,0.282
2026-08-02T10:15:31.886-07:00,117.726,ok,current_change,244.199,1.477,116.321,382.046,399.655,0.291
2026-08-02T10:15:34.904-07:00,120.744,ok,current_change,243.979,1.461,107.784,379.378,394.852,0.272
2026-08-02T10:15:35.910-07:00,121.750,ok,current_change,243.896,1.486,113.120,385.248,401.789,0.281
2026-08-02T10:15:45.971-07:00,131.811,ok,current_change,244.067,1.506,117.389,389.516,407.125,0.289
2026-08-02T10:15:46.977-07:00,132.817,ok,current_change,244.238,1.471,109.918,382.046,398.054,0.277
2026-08-02T10:15:52.007-07:00,137.847,ok,current_change,244.287,1.506,115.254,390.584,407.658,0.282
2026-08-02T10:15:54.019-07:00,139.860,ok,current_change,243.911,1.481,110.985,384.181,400.188,0.276
2026-08-02T10:15:55.026-07:00,140.866,ok,current_change,243.960,1.457,108.851,378.311,393.785,0.276
2026-08-02T10:15:56.032-07:00,141.872,ok,current_change,244.106,1.506,113.120,390.584,407.125,0.278
2026-08-02T10:15:57.039-07:00,142.879,ok,current_change,244.190,1.479,115.254,382.580,400.188,0.289
2026-08-02T10:16:01.064-07:00,146.904,ok,current_change,244.248,1.501,110.985,383.113,399.121,0.279
2026-08-02T10:16:06.094-07:00,151.934,ok,current_change,244.028,1.474,112.053,382.046,398.587,0.280
2026-08-02T10:16:08.107-07:00,153.947,ok,current_change,243.950,1.492,113.120,386.848,403.390,0.281
2026-08-02T10:16:12.131-07:00,157.971,ok,current_change,244.058,1.464,109.918,379.912,395.919,0.278
2026-08-02T10:16:13.139-07:00,158.979,ok,current_change,244.038,1.509,112.053,392.184,408.192,0.274
2026-08-02T10:16:14.146-07:00,159.986,ok,current_change,244.405,1.487,112.053,386.315,402.856,0.279
2026-08-02T10:16:25.210-07:00,171.050,ok,current_change,244.444,1.462,110.985,379.378,395.919,0.281
2026-08-02T10:16:38.286-07:00,184.127,ok,current_change,244.331,1.407,110.985,363.904,380.979,0.292
2026-08-02T10:16:40.299-07:00,186.139,ok,current_change,244.018,1.432,110.985,370.841,387.382,0.287
2026-08-02T10:16:41.307-07:00,187.147,ok,current_change,244.043,1.407,112.053,363.371,380.445,0.296
2026-08-02T10:16:43.319-07:00,189.159,ok,current_change,243.891,1.424,110.985,368.173,384.714,0.288
2026-08-02T10:16:53.378-07:00,199.218,ok,current_change,244.253,1.401,112.053,361.770,378.845,0.295
2026-08-02T10:16:56.396-07:00,202.236,ok,current_change,243.930,1.437,118.456,369.774,388.449,0.305
2026-08-02T10:16:59.415-07:00,205.255,ok,current_change,244.087,1.404,114.187,361.770,379.912,0.302
2026-08-02T10:17:00.421-07:00,206.261,ok,current_change,244.077,1.439,112.053,371.908,388.983,0.289
2026-08-02T10:17:05.451-07:00,211.291,ok,current_change,243.960,1.401,109.918,362.304,388.983,0.299
2026-08-02T10:17:06.458-07:00,212.298,ok,current_change,243.921,1.437,107.784,372.975,388.449,0.277
2026-08-02T10:17:13.499-07:00,219.339,ok,current_change,244.204,1.456,115.254,376.177,393.785,0.294
2026-08-02T10:17:15.512-07:00,221.352,ok,current_change,244.116,1.431,110.985,370.307,386.848,0.288
2026-08-02T10:17:16.518-07:00,222.358,ok,current_change,244.190,1.451,113.120,375.643,386.315,0.280
2026-08-02T10:17:18.530-07:00,224.370,ok,current_change,243.862,1.472,116.321,380.445,398.054,0.292
2026-08-02T10:17:21.548-07:00,227.389,ok,current_change,243.916,1.446,112.053,374.042,390.584,0.286
2026-08-02T10:17:22.555-07:00,228.395,ok,current_change,244.126,1.464,109.918,373.509,389.516,0.283
2026-08-02T10:17:26.579-07:00,232.419,ok,current_change,244.180,1.441,105.650,375.110,390.050,0.271
2026-08-02T10:17:27.587-07:00,233.427,ok,current_change,244.185,1.476,116.321,381.513,396.987,0.292
2026-08-02T10:17:31.611-07:00,237.451,ok,current_change,244.126,1.444,109.918,374.576,390.584,0.281
2026-08-02T10:17:34.629-07:00,240.469,ok,current_change,244.155,1.476,118.456,380.445,399.121,0.298
2026-08-02T10:17:36.642-07:00,242.482,ok,current_change,243.882,1.492,115.254,385.248,402.322,0.286
2026-08-02T10:17:37.648-07:00,243.488,ok,current_change,244.185,1.461,104.582,380.979,395.386,0.266
2026-08-02T10:17:40.666-07:00,246.506,ok,current_change,244.087,1.494,117.389,386.315,403.923,0.290
2026-08-02T10:17:50.725-07:00,256.565,ok,current_change,244.150,1.471,115.254,380.979,398.054,0.289
2026-08-02T10:17:52.737-07:00,258.578,ok,current_change,244.209,1.504,117.389,389.516,407.125,0.288
2026-08-02T10:17:53.744-07:00,259.584,ok,current_change,244.263,1.487,108.851,386.848,405.524,0.273
2026-08-02T10:17:58.774-07:00,264.614,ok,current_change,243.930,1.512,115.254,391.651,408.725,0.281
2026-08-02T10:18:08.833-07:00,274.673,ok,current_change,244.375,1.536,112.053,389.516,405.524,0.275
2026-08-02T10:18:09.839-07:00,275.680,ok,current_change,244.023,1.511,109.918,393.251,408.725,0.269
2026-08-02T10:18:10.846-07:00,276.686,ok,current_change,244.268,1.537,112.053,400.722,416.196,0.269
2026-08-02T10:18:11.852-07:00,277.693,ok,current_change,244.018,1.497,112.053,388.983,404.990,0.276
2026-08-02T10:18:12.859-07:00,278.699,ok,current_change,244.067,1.514,106.717,394.852,409.259,0.261
2026-08-02T10:18:13.865-07:00,279.705,ok,current_change,244.297,1.542,118.456,399.655,417.263,0.285
2026-08-02T10:18:21.914-07:00,287.754,ok,current_change,244.082,1.522,114.187,395.386,411.927,0.278
2026-08-02T10:18:22.920-07:00,288.761,ok,current_change,243.940,1.541,113.120,393.785,409.793,0.275
2026-08-02T10:18:25.939-07:00,291.779,ok,current_change,243.926,1.522,112.053,395.386,411.393,0.271
2026-08-02T10:18:26.945-07:00,292.785,ok,current_change,244.087,1.542,109.918,402.322,417.263,0.263
2026-08-02T10:18:33.988-07:00,299.828,ok,current_change,244.077,1.512,116.321,401.789,418.864,0.278
2026-08-02T10:18:34.995-07:00,300.835,ok,current_change,244.199,1.531,109.918,398.587,414.061,0.267
2026-08-02T10:18:38.013-07:00,303.853,ok,current_change,243.940,1.551,109.918,404.457,419.397,0.263
2026-08-02T10:18:39.020-07:00,304.860,ok,current_change,244.072,1.527,112.053,396.987,417.263,0.275
2026-08-02T10:18:41.034-07:00,306.874,ok,current_change,244.126,1.556,113.120,404.990,420.998,0.269
2026-08-02T10:18:45.058-07:00,310.898,ok,current_change,244.199,1.537,115.254,399.655,416.196,0.276
2026-08-02T10:18:48.076-07:00,313.916,ok,current_change,243.906,1.559,117.389,404.457,421.531,0.279
2026-08-02T10:18:52.100-07:00,317.941,ok,current_change,243.970,1.536,107.784,400.722,415.128,0.261
2026-08-02T10:18:54.113-07:00,319.953,ok,current_change,244.175,1.561,116.321,405.524,422.065,0.275
2026-08-02T10:18:58.137-07:00,323.977,ok,current_change,243.852,1.544,110.985,401.789,417.263,0.266
2026-08-02T10:19:02.152-07:00,327.995,ok,current_change,243.999,1.571,115.254,408.725,424.733,0.271
2026-08-02T10:19:03.154-07:00,328.998,ok,current_change,243.984,1.542,110.985,401.255,420.464,0.274
2026-08-02T10:19:06.169-07:00,332.009,ok,current_change,244.180,1.569,117.389,407.658,424.733,0.276
2026-08-02T10:19:07.175-07:00,333.015,ok,current_change,244.209,1.542,114.187,404.457,420.464,0.271
2026-08-02T10:19:08.182-07:00,334.022,ok,current_change,244.175,1.574,115.254,409.793,425.800,0.271
2026-08-02T10:19:15.223-07:00,341.063,ok,current_change,243.891,1.536,105.650,401.255,415.128,0.254
2026-08-02T10:19:16.229-07:00,342.069,ok,current_change,244.141,1.559,113.120,405.524,421.531,0.270
2026-08-02T10:19:17.236-07:00,343.076,ok,current_change,243.896,1.581,115.254,411.393,427.401,0.270
2026-08-02T10:19:23.271-07:00,349.111,ok,current_change,244.043,1.557,113.120,404.990,420.998,0.270
2026-08-02T10:19:25.283-07:00,351.124,ok,current_change,243.974,1.584,113.120,412.994,428.468,0.264
2026-08-02T10:19:26.290-07:00,352.130,ok,current_change,244.043,1.557,106.717,407.125,420.998,0.253
2026-08-02T10:19:28.302-07:00,354.142,ok,current_change,243.852,1.587,117.389,412.461,429.002,0.273
2026-08-02T10:19:32.328-07:00,358.168,ok,current_change,244.238,1.564,114.187,407.125,423.132,0.271
2026-08-02T10:19:33.334-07:00,359.174,ok,current_change,244.243,1.594,114.187,415.662,431.136,0.265
2026-08-02T10:19:34.384-07:00,360.224,ok,current_change,244.219,1.566,107.784,409.259,423.666,0.254
2026-08-02T10:19:35.391-07:00,361.231,ok,current_change,243.955,1.587,116.321,412.461,429.002,0.271
2026-08-02T10:19:36.397-07:00,362.237,ok,current_change,244.004,1.556,114.187,404.457,431.136,0.271
2026-08-02T10:19:37.404-07:00,363.244,ok,current_change,244.062,1.592,116.321,414.061,430.602,0.270
2026-08-02T10:19:40.422-07:00,366.262,ok,current_change,244.292,1.566,114.187,407.658,423.666,0.271
2026-08-02T10:19:43.440-07:00,369.280,ok,current_change,244.307,1.594,117.389,415.128,431.670,0.271
2026-08-02T10:19:45.452-07:00,371.292,ok,current_change,243.994,1.562,110.985,407.125,422.599,0.264
2026-08-02T10:19:46.461-07:00,372.301,ok,current_change,244.004,1.594,113.120,415.662,431.136,0.263
2026-08-02T10:19:47.467-07:00,373.308,ok,current_change,244.292,1.569,109.918,409.793,429.535,0.259
2026-08-02T10:19:49.480-07:00,375.320,ok,current_change,244.243,1.599,116.321,416.729,432.737,0.269
2026-08-02T10:19:50.486-07:00,376.326,ok,current_change,244.170,1.571,110.985,416.196,431.136,0.258
2026-08-02T10:19:51.494-07:00,377.334,ok,current_change,244.067,1.591,113.120,414.595,430.069,0.264
2026-08-02T10:20:01.553-07:00,387.393,ok,current_change,244.292,1.562,112.053,407.658,431.670,0.269
2026-08-02T10:20:02.560-07:00,388.400,ok,current_change,244.106,1.587,113.120,414.061,429.535,0.263
2026-08-02T10:20:04.572-07:00,390.412,ok,current_change,244.072,1.607,112.053,412.994,427.934,0.262
2026-08-02T10:20:08.596-07:00,394.436,ok,current_change,243.935,1.589,110.985,414.595,429.535,0.259
2026-08-02T10:20:14.631-07:00,400.471,ok,current_change,244.268,1.609,115.254,419.397,435.405,0.265
2026-08-02T10:20:19.661-07:00,405.501,ok,current_change,243.984,1.627,115.254,424.199,440.207,0.263
2026-08-02T10:20:20.669-07:00,406.509,ok,current_change,244.243,1.592,112.053,416.196,431.136,0.260
2026-08-02T10:20:22.681-07:00,408.521,ok,current_change,244.258,1.612,118.456,419.931,436.472,0.271
2026-08-02T10:20:27.711-07:00,413.551,ok,current_change,243.930,1.636,109.918,427.934,442.341,0.248
2026-08-02T10:20:28.717-07:00,414.557,ok,current_change,244.199,1.611,112.053,420.998,435.938,0.258
2026-08-02T10:20:29.724-07:00,415.564,ok,current_change,243.911,1.661,118.456,431.670,448.211,0.265
2026-08-02T10:20:30.730-07:00,416.571,ok,current_change,244.312,1.636,117.389,426.867,442.875,0.266
2026-08-02T10:20:31.737-07:00,417.577,ok,current_change,244.116,1.611,115.254,419.931,435.938,0.265
2026-08-02T10:20:33.749-07:00,419.589,ok,current_change,244.243,1.642,116.321,428.468,444.476,0.263
2026-08-02T10:20:38.779-07:00,424.619,ok,current_change,243.813,1.621,113.120,422.599,438.073,0.259
2026-08-02T10:20:40.793-07:00,426.634,ok,current_change,244.234,1.646,120.590,428.468,445.543,0.271
2026-08-02T10:20:44.817-07:00,430.657,ok,current_change,243.960,1.629,110.985,425.800,440.207,0.252
2026-08-02T10:20:45.824-07:00,431.664,ok,current_change,243.955,1.652,112.053,431.670,449.811,0.252
2026-08-02T10:20:46.831-07:00,432.671,ok,current_change,244.126,1.631,116.321,425.267,441.274,0.265
2026-08-02T10:20:56.889-07:00,442.729,ok,current_change,244.146,1.612,110.985,421.531,435.938,0.254
2026-08-02T10:20:59.904-07:00,445.747,ok,current_change,244.238,1.677,121.657,437.005,454.080,0.269
2026-08-02T10:21:00.906-07:00,446.750,ok,current_change,244.234,1.661,119.523,432.737,449.278,0.267
2026-08-02T10:21:01.909-07:00,447.753,ok,current_change,244.234,1.644,116.321,426.867,442.875,0.264
2026-08-02T10:21:08.943-07:00,454.783,ok,current_change,244.009,1.616,114.187,426.334,441.808,0.258
2026-08-02T10:21:09.950-07:00,455.790,ok,current_change,244.028,1.632,116.321,425.267,441.274,0.265
2026-08-02T10:21:11.962-07:00,457.802,ok,current_change,243.852,1.657,121.657,430.602,447.677,0.271
2026-08-02T10:21:15.988-07:00,461.829,ok,current_change,244.111,1.684,117.389,440.207,455.681,0.257
2026-08-02T10:21:16.995-07:00,462.835,ok,current_change,244.160,1.646,110.985,430.602,445.009,0.249
2026-08-02T10:21:19.009-07:00,464.849,ok,current_change,244.150,1.629,108.851,427.934,441.808,0.247
2026-08-02T10:21:20.015-07:00,465.855,ok,current_change,244.116,1.654,113.120,432.203,447.143,0.254
2026-08-02T10:21:24.039-07:00,469.879,ok,current_change,244.067,1.626,115.254,423.666,447.143,0.271
2026-08-02T10:21:28.063-07:00,473.903,ok,current_change,244.131,1.642,113.120,429.535,444.476,0.254
2026-08-02T10:21:30.075-07:00,475.915,ok,current_change,243.921,1.662,113.120,437.005,451.946,0.251
2026-08-02T10:21:31.082-07:00,476.922,ok,current_change,244.273,1.681,116.321,439.140,454.614,0.257
2026-08-02T10:21:32.088-07:00,477.928,ok,current_change,244.234,1.652,112.053,432.737,447.143,0.250
2026-08-02T10:21:34.100-07:00,479.940,ok,current_change,244.229,1.624,109.918,425.267,439.673,0.250
2026-08-02T10:21:35.107-07:00,480.947,ok,current_change,244.234,1.646,117.389,429.535,440.207,0.257
2026-08-02T10:21:36.116-07:00,481.956,ok,current_change,244.243,1.624,113.120,424.733,439.673,0.257
2026-08-02T10:21:38.128-07:00,483.968,ok,current_change,244.053,1.649,120.590,429.002,446.076,0.270
2026-08-02T10:21:41.146-07:00,486.986,ok,current_change,243.960,1.627,112.053,424.733,439.673,0.256
2026-08-02T10:21:42.155-07:00,487.995,ok,current_change,243.965,1.647,117.389,429.535,445.543,0.265
2026-08-02T10:21:44.167-07:00,490.007,ok,current_change,244.282,1.631,112.053,426.334,441.274,0.255
2026-08-02T10:21:45.174-07:00,491.014,ok,current_change,244.248,1.662,112.053,440.207,454.614,0.246
2026-08-02T10:21:47.186-07:00,493.026,ok,current_change,244.224,1.617,109.918,423.132,437.539,0.251
2026-08-02T10:21:48.192-07:00,494.033,ok,current_change,244.258,1.641,117.389,427.934,443.942,0.264
2026-08-02T10:21:50.205-07:00,496.045,ok,current_change,243.901,1.614,115.254,420.464,445.009,0.266
2026-08-02T10:21:52.217-07:00,498.057,ok,current_change,244.214,1.631,117.389,425.267,441.274,0.266
2026-08-02T10:21:54.231-07:00,500.071,ok,current_change,244.278,1.656,119.523,431.670,448.211,0.268
2026-08-02T10:21:56.243-07:00,502.083,ok,current_change,244.287,1.631,113.120,426.334,441.274,0.256
2026-08-02T10:22:00.265-07:00,506.105,ok,current_change,244.248,1.662,112.053,435.405,449.811,0.250
2026-08-02T10:22:03.283-07:00,509.123,ok,current_change,243.974,1.644,119.523,427.934,444.476,0.269
2026-08-02T10:22:16.360-07:00,522.200,ok,current_change,244.458,1.622,114.187,423.666,439.140,0.260
2026-08-02T10:22:18.372-07:00,524.212,ok,current_change,244.224,1.652,120.590,430.069,447.143,0.270
2026-08-02T10:22:20.384-07:00,526.225,ok,current_change,244.292,1.622,118.456,426.334,442.875,0.267
2026-08-02T10:22:21.391-07:00,527.231,ok,current_change,243.950,1.644,116.321,428.468,444.476,0.261
2026-08-02T10:22:22.397-07:00,528.238,ok,current_change,244.224,1.626,110.985,425.267,446.610,0.253
2026-08-02T10:22:23.404-07:00,529.244,ok,current_change,244.077,1.661,117.389,433.270,449.278,0.261
2026-08-02T10:22:24.411-07:00,530.251,ok,current_change,243.999,1.619,106.717,423.666,437.539,0.245
2026-08-02T10:22:25.417-07:00,531.257,ok,current_change,244.238,1.646,115.254,432.203,447.677,0.257
2026-08-02T10:22:26.423-07:00,532.264,ok,current_change,244.150,1.607,107.784,420.998,434.871,0.247
2026-08-02T10:22:27.430-07:00,533.270,ok,current_change,244.155,1.632,112.053,426.867,439.673,0.254
2026-08-02T10:22:29.443-07:00,535.283,ok,current_change,244.058,1.611,113.120,419.931,435.405,0.260
2026-08-02T10:22:30.449-07:00,536.289,ok,current_change,244.322,1.659,118.456,438.606,454.614,0.262
2026-08-02T10:22:31.456-07:00,537.296,ok,current_change,244.214,1.639,117.389,427.401,443.408,0.266
2026-08-02T10:22:36.485-07:00,542.325,ok,current_change,244.317,1.616,113.120,422.065,437.539,0.259
2026-08-02T10:22:38.497-07:00,544.337,ok,current_change,244.292,1.649,116.321,433.804,449.278,0.260
2026-08-02T10:22:44.533-07:00,550.373,ok,current_change,244.219,1.621,115.254,423.132,438.606,0.263
2026-08-02T10:22:45.539-07:00,551.379,ok,current_change,244.224,1.671,120.590,435.405,451.946,0.268
2026-08-02T10:22:46.546-07:00,552.386,ok,current_change,243.979,1.616,117.389,428.468,444.476,0.265
2026-08-02T10:22:47.552-07:00,553.392,ok,current_change,244.180,1.654,118.456,431.136,447.677,0.266
2026-08-02T10:22:48.559-07:00,554.399,ok,current_change,243.838,1.616,115.254,420.464,436.472,0.265
2026-08-02T10:22:49.565-07:00,555.405,ok,current_change,244.204,1.657,121.657,431.136,448.211,0.271
2026-08-02T10:22:50.573-07:00,556.414,ok,current_change,244.185,1.629,113.120,425.800,440.740,0.256
2026-08-02T10:22:51.580-07:00,557.420,ok,current_change,244.199,1.656,118.456,431.670,448.211,0.265
2026-08-02T10:22:56.610-07:00,562.450,ok,current_change,244.131,1.637,106.717,423.132,437.005,0.245
2026-08-02T10:22:57.616-07:00,563.456,ok,current_change,244.150,1.657,117.389,432.203,448.211,0.262
2026-08-02T10:22:58.623-07:00,564.463,ok,current_change,244.121,1.639,113.120,428.468,443.408,0.256
2026-08-02T10:23:00.628-07:00,566.471,ok,current_change,243.877,1.659,117.389,432.203,448.211,0.262
2026-08-02T10:23:01.631-07:00,567.474,ok,current_change,244.317,1.641,119.523,427.401,443.942,0.269
2026-08-02T10:23:02.635-07:00,568.478,ok,current_change,244.126,1.661,120.590,432.203,449.278,0.270
2026-08-02T10:23:08.667-07:00,574.507,ok,current_change,244.165,1.642,114.187,429.002,444.476,0.258
2026-08-02T10:23:20.736-07:00,586.577,ok,current_change,244.292,1.624,117.389,424.733,440.740,0.266
2026-08-02T10:23:22.749-07:00,588.589,ok,current_change,244.141,1.644,115.254,429.002,444.476,0.259
2026-08-02T10:23:27.778-07:00,593.618,ok,current_change,244.243,1.661,116.321,433.804,449.278,0.260
2026-08-02T10:23:28.785-07:00,594.625,ok,current_change,244.165,1.641,113.120,430.069,445.009,0.255
2026-08-02T10:23:30.797-07:00,596.637,ok,current_change,244.204,1.661,116.321,433.804,449.278,0.259
2026-08-02T10:23:31.803-07:00,597.644,ok,current_change,244.204,1.629,114.187,425.267,440.740,0.260
2026-08-02T10:23:33.816-07:00,599.656,ok,current_change,244.199,1.646,114.187,422.599,438.073,0.262
2026-08-02T10:23:37.839-07:00,603.680,ok,current_change,243.896,1.622,113.120,423.666,438.606,0.258
2026-08-02T10:23:38.846-07:00,604.686,ok,current_change,244.082,1.649,117.389,430.069,447.143,0.264
2026-08-02T10:23:39.854-07:00,605.695,ok,current_change,244.102,1.627,112.053,425.267,440.207,0.255
2026-08-02T10:23:41.867-07:00,607.707,ok,current_change,243.916,1.646,113.120,430.069,445.009,0.254
2026-08-02T10:23:42.873-07:00,608.713,ok,current_change,243.828,1.617,110.985,422.599,437.005,0.254
2026-08-02T10:23:43.880-07:00,609.720,ok,current_change,244.131,1.634,112.053,431.670,446.610,0.252
2026-08-02T10:23:44.888-07:00,610.729,ok,current_change,244.126,1.654,113.120,432.737,447.677,0.253
2026-08-02T10:23:45.895-07:00,611.735,ok,current_change,244.185,1.677,113.120,433.270,448.211,0.252
2026-08-02T10:23:46.901-07:00,612.742,ok,current_change,244.082,1.621,112.053,423.132,438.073,0.255
2026-08-02T10:23:47.908-07:00,613.748,ok,current_change,244.160,1.654,114.187,432.203,447.677,0.256
2026-08-02T10:23:49.920-07:00,615.760,ok,current_change,244.204,1.634,114.187,426.867,442.341,0.259
2026-08-02T10:23:50.927-07:00,616.767,ok,current_change,244.180,1.656,114.187,420.998,436.472,0.261
2026-08-02T10:23:51.933-07:00,617.773,ok,current_change,244.185,1.632,115.254,426.334,441.808,0.261
2026-08-02T10:24:00.979-07:00,626.822,ok,current_change,244.146,1.657,106.717,434.871,448.211,0.237
2026-08-02T10:24:01.982-07:00,627.825,ok,current_change,243.935,1.639,113.120,427.934,442.875,0.256
2026-08-02T10:24:02.984-07:00,628.828,ok,current_change,243.784,1.659,114.187,433.270,448.211,0.256
2026-08-02T10:24:05.999-07:00,631.839,ok,current_change,244.175,1.619,114.187,422.599,438.073,0.260
2026-08-02T10:24:07.007-07:00,632.847,ok,current_change,243.970,1.651,115.254,430.602,446.076,0.259
2026-08-02T10:24:22.095-07:00,647.935,ok,current_change,244.238,1.629,106.717,427.401,440.740,0.241
2026-08-02T10:24:24.107-07:00,649.947,ok,current_change,243.970,1.646,116.321,429.535,445.009,0.261
2026-08-02T10:24:31.149-07:00,656.989,ok,current_change,244.038,1.664,119.523,433.270,449.811,0.267
2026-08-02T10:24:33.161-07:00,659.001,ok,current_change,244.121,1.644,121.657,432.737,449.811,0.270
2026-08-02T10:24:37.185-07:00,663.025,ok,current_change,243.901,1.661,113.120,433.804,448.744,0.252
2026-08-02T10:24:39.197-07:00,665.037,ok,current_change,244.199,1.619,108.851,424.199,438.073,0.248
2026-08-02T10:24:40.204-07:00,666.044,ok,current_change,244.204,1.644,114.187,429.535,445.009,0.257
2026-08-02T10:24:46.239-07:00,672.079,ok,current_change,244.072,1.679,120.590,437.539,454.080,0.267
2026-08-02T10:24:47.246-07:00,673.086,ok,current_change,243.960,1.624,112.053,424.199,439.140,0.255
2026-08-02T10:24:48.252-07:00,674.093,ok,current_change,244.243,1.662,119.523,433.270,446.610,0.266
2026-08-02T10:24:54.288-07:00,680.128,ok,current_change,244.219,1.631,113.120,426.334,441.274,0.257
2026-08-02T10:24:55.295-07:00,681.135,ok,current_change,244.214,1.652,117.389,431.136,447.143,0.264
2026-08-02T10:24:57.307-07:00,683.147,ok,current_change,244.219,1.622,110.985,424.733,439.140,0.252
2026-08-02T10:24:59.316-07:00,685.159,ok,current_change,244.292,1.659,114.187,434.337,449.278,0.254
2026-08-02T10:25:03.326-07:00,689.169,ok,current_change,244.150,1.632,114.187,426.334,441.808,0.259
2026-08-02T10:25:05.338-07:00,691.178,ok,current_change,244.106,1.652,118.456,431.136,447.143,0.265
2026-08-02T10:25:07.350-07:00,693.190,ok,current_change,244.204,1.626,114.187,424.199,439.673,0.261
2026-08-02T10:25:09.363-07:00,695.203,ok,current_change,243.882,1.652,116.321,430.602,446.610,0.261
2026-08-02T10:25:13.387-07:00,699.227,ok,current_change,244.150,1.627,114.187,424.733,440.207,0.259
2026-08-02T10:25:14.393-07:00,700.233,ok,current_change,244.077,1.649,119.523,429.535,446.076,0.269
2026-08-02T10:25:16.405-07:00,702.245,ok,current_change,244.175,1.692,120.590,441.274,447.677,0.261
2026-08-02T10:25:17.412-07:00,703.252,ok,current_change,244.126,1.652,115.254,431.670,447.143,0.257
2026-08-02T10:25:31.493-07:00,717.334,ok,current_change,244.062,1.677,119.523,437.005,453.547,0.265
2026-08-02T10:25:32.500-07:00,718.340,ok,current_change,244.238,1.637,118.456,426.334,447.677,0.268
2026-08-02T10:25:35.518-07:00,721.358,ok,current_change,244.170,1.676,114.187,429.002,444.476,0.258
2026-08-02T10:25:36.525-07:00,722.365,ok,current_change,244.121,1.632,114.187,426.334,441.808,0.259
2026-08-02T10:25:37.531-07:00,723.371,ok,current_change,244.116,1.652,119.523,430.602,444.476,0.259
2026-08-02T10:25:46.584-07:00,732.424,ok,current_change,244.209,1.676,113.120,438.606,453.547,0.250
2026-08-02T10:25:47.591-07:00,733.431,ok,current_change,244.258,1.644,113.120,430.069,445.009,0.254
2026-08-02T10:25:48.597-07:00,734.437,ok,current_change,244.136,1.662,110.985,437.005,450.879,0.246
2026-08-02T10:25:51.615-07:00,737.455,ok,current_change,244.141,1.641,112.053,429.002,443.942,0.253
2026-08-02T10:25:57.652-07:00,743.493,ok,current_change,244.224,1.661,117.389,433.270,449.278,0.262
2026-08-02T10:26:01.677-07:00,747.517,ok,current_change,244.092,1.679,115.254,429.002,444.476,0.260
2026-08-02T10:26:03.689-07:00,749.529,ok,current_change,244.204,1.659,119.523,432.203,448.744,0.267
2026-08-02T10:26:05.701-07:00,751.541,ok,current_change,244.146,1.634,115.254,426.334,441.808,0.262
2026-08-02T10:26:09.725-07:00,755.565,ok,current_change,244.199,1.654,115.254,432.737,448.211,0.258
2026-08-02T10:26:10.732-07:00,756.572,ok,current_change,244.194,1.627,114.187,424.733,440.207,0.259
2026-08-02T10:26:11.738-07:00,757.578,ok,current_change,243.984,1.647,113.120,430.602,445.543,0.255
2026-08-02T10:26:12.744-07:00,758.585,ok,current_change,244.092,1.664,114.187,434.871,449.811,0.255
2026-08-02T10:26:15.763-07:00,761.603,ok,current_change,244.126,1.639,109.918,429.535,443.408,0.247
2026-08-02T10:26:16.769-07:00,762.609,ok,current_change,244.331,1.679,116.321,439.140,454.614,0.256
2026-08-02T10:26:17.776-07:00,763.616,ok,current_change,243.911,1.651,109.918,431.670,446.076,0.247
2026-08-02T10:26:23.811-07:00,769.651,ok,current_change,244.224,1.627,108.851,426.334,440.207,0.248
2026-08-02T10:26:24.818-07:00,770.658,ok,current_change,243.965,1.661,116.321,433.270,448.744,0.259
2026-08-02T10:26:32.865-07:00,778.705,ok,current_change,244.097,1.639,114.187,427.934,443.408,0.258
2026-08-02T10:26:33.871-07:00,779.711,ok,current_change,243.950,1.669,118.456,435.405,451.412,0.263
2026-08-02T10:26:36.889-07:00,782.729,ok,current_change,244.209,1.652,118.456,430.602,447.143,0.266
2026-08-02T10:26:39.907-07:00,785.747,ok,current_change,244.307,1.671,119.523,435.938,452.479,0.264
2026-08-02T10:26:40.914-07:00,786.754,ok,current_change,244.082,1.654,115.254,431.670,447.143,0.257
2026-08-02T10:26:43.932-07:00,789.772,ok,current_change,244.278,1.637,113.120,428.468,443.408,0.255
2026-08-02T10:26:45.944-07:00,791.784,ok,current_change,244.190,1.656,115.254,432.737,448.211,0.257
2026-08-02T10:26:49.968-07:00,795.808,ok,current_change,244.209,1.634,117.389,435.938,451.946,0.259
2026-08-02T10:26:51.980-07:00,797.820,ok,current_change,243.872,1.661,114.187,433.804,448.744,0.254
2026-08-02T10:26:53.993-07:00,799.833,ok,current_change,244.190,1.629,110.985,426.334,440.740,0.253
2026-08-02T10:26:54.999-07:00,800.839,ok,current_change,244.209,1.661,114.187,434.337,449.811,0.247
2026-08-02T10:26:57.012-07:00,802.852,ok,current_change,244.185,1.642,110.985,430.069,444.476,0.249
2026-08-02T10:27:00.036-07:00,805.876,ok,current_change,244.097,1.621,113.120,423.132,438.606,0.259
2026-08-02T10:27:01.043-07:00,806.883,ok,current_change,244.043,1.659,118.456,432.203,448.744,0.265
2026-08-02T10:27:02.049-07:00,807.889,ok,current_change,244.165,1.682,121.657,438.073,451.412,0.263
2026-08-02T10:27:03.057-07:00,808.898,ok,current_change,243.872,1.659,117.389,432.203,448.211,0.262
2026-08-02T10:27:06.075-07:00,811.916,ok,current_change,244.136,1.617,113.120,422.599,437.539,0.258
2026-08-02T10:27:07.082-07:00,812.922,ok,current_change,243.862,1.662,119.523,432.737,447.677,0.263
2026-08-02T10:27:09.094-07:00,814.934,ok,current_change,244.146,1.642,116.321,428.468,444.476,0.263
2026-08-02T10:27:15.130-07:00,820.970,ok,current_change,243.710,1.672,118.456,435.938,451.946,0.263
2026-08-02T10:27:17.144-07:00,822.984,ok,current_change,244.263,1.690,119.523,441.274,457.815,0.262
2026-08-02T10:27:18.150-07:00,823.990,ok,current_change,244.155,1.651,114.187,431.136,446.610,0.257
2026-08-02T10:27:21.168-07:00,827.009,ok,current_change,243.867,1.629,109.918,425.800,440.207,0.250
2026-08-02T10:27:22.177-07:00,828.017,ok,current_change,244.136,1.661,112.053,434.871,449.278,0.250
2026-08-02T10:27:24.189-07:00,830.029,ok,current_change,244.092,1.634,107.784,427.934,441.808,0.243
2026-08-02T10:27:26.202-07:00,832.042,ok,current_change,244.106,1.651,110.985,432.203,446.610,0.248
2026-08-02T10:27:27.210-07:00,833.050,ok,current_change,243.833,1.634,108.851,427.401,441.274,0.246
2026-08-02T10:27:28.216-07:00,834.056,ok,current_change,244.121,1.659,110.985,434.337,448.744,0.247
2026-08-02T10:27:30.228-07:00,836.069,ok,current_change,244.150,1.637,107.784,429.535,442.875,0.243
2026-08-02T10:27:32.241-07:00,838.081,ok,current_change,244.092,1.671,109.918,438.073,451.946,0.244
2026-08-02T10:27:35.259-07:00,841.099,ok,current_change,244.234,1.619,110.985,423.666,438.073,0.253
2026-08-02T10:27:36.265-07:00,842.105,ok,current_change,244.243,1.659,113.120,435.405,450.345,0.252
2026-08-02T10:27:37.272-07:00,843.112,ok,current_change,244.131,1.642,113.120,429.535,444.476,0.255
2026-08-02T10:27:40.292-07:00,846.132,ok,current_change,244.278,1.661,115.254,433.804,449.278,0.256
2026-08-02T10:27:48.339-07:00,854.179,ok,current_change,244.102,1.641,112.053,429.535,443.942,0.252
2026-08-02T10:27:49.345-07:00,855.185,ok,current_change,244.116,1.661,118.456,432.203,448.211,0.264
2026-08-02T10:27:50.352-07:00,856.192,ok,current_change,244.043,1.639,116.321,427.401,443.408,0.262
2026-08-02T10:27:52.364-07:00,858.204,ok,current_change,243.960,1.672,117.389,435.938,451.946,0.261
2026-08-02T10:27:53.370-07:00,859.210,ok,current_change,244.072,1.636,117.389,425.800,442.341,0.266
2026-08-02T10:27:54.379-07:00,860.220,ok,current_change,243.882,1.666,118.456,434.337,450.345,0.264
2026-08-02T10:27:55.386-07:00,861.226,ok,current_change,243.730,1.642,116.321,427.401,443.408,0.262
2026-08-02T10:27:56.392-07:00,862.233,ok,current_change,243.906,1.666,118.456,431.670,447.677,0.264
2026-08-02T10:28:04.440-07:00,870.280,ok,current_change,244.224,1.682,121.657,438.073,455.147,0.267
2026-08-02T10:28:05.446-07:00,871.286,ok,current_change,244.155,1.666,119.523,434.337,450.879,0.265
2026-08-02T10:28:06.453-07:00,872.293,ok,current_change,244.087,1.634,116.321,425.800,449.811,0.271
2026-08-02T10:28:07.459-07:00,873.299,ok,current_change,244.077,1.662,116.321,434.337,449.811,0.260
2026-08-02T10:28:10.477-07:00,876.317,ok,current_change,244.150,1.634,114.187,426.334,441.808,0.259
2026-08-02T10:28:11.484-07:00,877.324,ok,current_change,244.004,1.654,116.321,431.670,450.879,0.261
2026-08-02T10:28:13.496-07:00,879.336,ok,current_change,244.023,1.672,116.321,436.472,451.946,0.257
2026-08-02T10:28:14.502-07:00,880.343,ok,current_change,243.901,1.652,115.254,431.136,446.610,0.259
2026-08-02T10:28:17.520-07:00,883.361,ok,current_change,244.087,1.677,115.254,438.073,453.547,0.255
2026-08-02T10:28:18.527-07:00,884.367,ok,current_change,244.234,1.644,112.053,430.069,445.009,0.253
2026-08-02T10:28:21.545-07:00,887.385,ok,current_change,244.077,1.666,113.120,435.405,450.345,0.251
2026-08-02T10:28:25.569-07:00,891.409,ok,current_change,244.053,1.642,108.851,430.069,443.942,0.246
2026-08-02T10:28:28.587-07:00,894.427,ok,current_change,244.150,1.667,115.254,435.405,450.879,0.255
2026-08-02T10:28:29.593-07:00,895.433,ok,current_change,244.175,1.641,109.918,429.535,448.211,0.250
2026-08-02T10:28:30.600-07:00,896.440,ok,current_change,244.224,1.666,114.187,435.938,450.879,0.254
2026-08-02T10:28:31.607-07:00,897.448,ok,current_change,244.214,1.644,108.851,431.136,446.610,0.248
2026-08-02T10:28:33.620-07:00,899.460,ok,current_change,244.077,1.666,113.120,435.405,450.345,0.252
2026-08-02T10:28:37.644-07:00,903.484,ok,current_change,244.053,1.629,112.053,425.800,440.740,0.254
2026-08-02T10:28:39.656-07:00,905.496,ok,current_change,244.053,1.667,110.985,425.800,440.207,0.253
2026-08-02T10:28:40.662-07:00,906.502,ok,current_change,243.930,1.627,114.187,424.199,439.673,0.259
2026-08-02T10:28:41.669-07:00,907.509,ok,current_change,243.989,1.661,118.456,432.203,448.744,0.265
2026-08-02T10:28:43.681-07:00,909.521,ok,current_change,244.048,1.627,113.120,425.267,440.207,0.257
2026-08-02T10:28:45.693-07:00,911.534,ok,current_change,243.955,1.656,118.456,431.670,447.677,0.264
2026-08-02T10:28:46.700-07:00,912.540,ok,current_change,244.023,1.624,117.389,423.132,439.140,0.267
2026-08-02T10:28:47.712-07:00,913.552,ok,current_change,243.960,1.690,120.590,440.740,457.282,0.264
2026-08-02T10:28:48.719-07:00,914.559,ok,current_change,244.048,1.652,119.523,430.602,447.143,0.267
2026-08-02T10:28:53.748-07:00,919.588,ok,current_change,244.204,1.671,121.657,434.871,449.811,0.262
2026-08-02T10:28:54.755-07:00,920.595,ok,current_change,244.170,1.652,115.254,431.670,447.143,0.259
2026-08-02T10:28:59.784-07:00,925.624,ok,current_change,244.150,1.626,113.120,424.733,439.673,0.257
2026-08-02T10:29:00.791-07:00,926.631,ok,current_change,244.048,1.651,112.053,431.670,446.610,0.252
2026-08-02T10:29:02.803-07:00,928.644,ok,current_change,244.097,1.681,110.985,440.207,454.614,0.245
2026-08-02T10:29:03.810-07:00,929.650,ok,current_change,244.175,1.659,113.120,433.804,448.744,0.253
2026-08-02T10:29:05.822-07:00,931.662,ok,current_change,244.150,1.632,110.985,427.401,441.808,0.251
2026-08-02T10:29:06.829-07:00,932.669,ok,current_change,244.263,1.656,107.784,429.002,442.875,0.244
2026-08-02T10:29:12.864-07:00,938.704,ok,current_change,244.053,1.636,109.918,427.934,442.341,0.249
2026-08-02T10:29:14.876-07:00,940.717,ok,current_change,244.038,1.664,113.120,434.871,449.811,0.251
2026-08-02T10:29:16.889-07:00,942.729,ok,current_change,244.111,1.646,112.053,434.871,449.278,0.250
2026-08-02T10:29:17.895-07:00,943.735,ok,current_change,244.087,1.686,118.456,439.673,455.681,0.261
2026-08-02T10:29:18.903-07:00,944.744,ok,current_change,244.106,1.624,112.053,424.199,447.677,0.260
2026-08-02T10:29:19.910-07:00,945.750,ok,current_change,244.033,1.661,117.389,433.270,449.278,0.261
2026-08-02T10:29:23.934-07:00,949.774,ok,current_change,243.891,1.631,115.254,425.267,448.211,0.267
2026-08-02T10:29:24.940-07:00,950.780,ok,current_change,244.023,1.656,115.254,432.203,447.677,0.258
2026-08-02T10:29:25.947-07:00,951.787,ok,current_change,244.014,1.637,116.321,426.867,442.875,0.262
2026-08-02T10:29:27.959-07:00,953.799,ok,current_change,243.779,1.662,119.523,432.737,449.278,0.266
2026-08-02T10:29:31.983-07:00,957.823,ok,current_change,244.302,1.637,115.254,427.934,443.408,0.261
2026-08-02T10:29:32.989-07:00,958.829,ok,current_change,244.106,1.687,119.523,440.207,456.214,0.262
2026-08-02T10:29:33.996-07:00,959.836,ok,current_change,244.077,1.657,120.590,431.670,453.013,0.268
2026-08-02T10:29:35.002-07:00,960.842,ok,current_change,243.852,1.639,117.389,426.867,442.875,0.265
2026-08-02T10:29:36.009-07:00,961.849,ok,current_change,244.038,1.656,117.389,431.670,447.677,0.262
2026-08-02T10:29:37.015-07:00,962.855,ok,current_change,244.155,1.682,120.590,438.606,455.147,0.266
2026-08-02T10:29:38.023-07:00,963.863,ok,current_change,244.053,1.641,117.389,427.934,443.942,0.264
2026-08-02T10:29:39.030-07:00,964.870,ok,current_change,244.023,1.664,117.389,433.804,449.811,0.262
2026-08-02T10:29:45.065-07:00,970.905,ok,current_change,244.092,1.681,120.590,438.073,454.614,0.265
2026-08-02T10:29:47.077-07:00,972.917,ok,current_change,243.994,1.662,117.389,433.270,449.278,0.262
2026-08-02T10:29:54.118-07:00,979.959,ok,current_change,244.155,1.634,114.187,426.334,447.143,0.268
2026-08-02T10:29:55.125-07:00,980.965,ok,current_change,244.009,1.676,119.523,436.472,453.013,0.265
2026-08-02T10:30:00.155-07:00,985.995,ok,current_change,243.930,1.652,117.389,430.602,446.610,0.263
2026-08-02T10:30:02.167-07:00,988.007,ok,current_change,244.082,1.636,116.321,426.334,442.341,0.264
2026-08-02T10:30:03.174-07:00,989.014,ok,current_change,244.058,1.699,119.523,443.408,459.416,0.261
2026-08-02T10:30:04.180-07:00,990.020,ok,current_change,244.106,1.672,117.389,436.472,451.412,0.269
2026-08-02T10:30:06.193-07:00,992.033,ok,current_change,244.072,1.644,110.985,430.069,444.476,0.250
2026-08-02T10:30:10.217-07:00,996.057,ok,current_change,244.126,1.666,116.321,434.871,450.345,0.259
2026-08-02T10:30:11.223-07:00,997.063,ok,current_change,244.048,1.647,117.389,429.535,445.543,0.265
2026-08-02T10:30:12.232-07:00,998.072,ok,current_change,244.062,1.664,118.456,433.270,449.811,0.264
2026-08-02T10:30:18.267-07:00,1004.107,ok,current_change,244.028,1.692,119.523,441.274,457.815,0.262
2026-08-02T10:30:19.274-07:00,1005.114,ok,current_change,243.974,1.649,114.187,430.602,449.811,0.263
2026-08-02T10:30:30.339-07:00,1016.179,ok,current_change,244.165,1.632,110.985,433.270,447.677,0.249
2026-08-02T10:30:31.345-07:00,1017.185,ok,current_change,244.033,1.659,116.321,432.737,448.744,0.260
2026-08-02T10:30:32.352-07:00,1018.192,ok,current_change,244.121,1.679,117.389,438.606,452.479,0.259
2026-08-02T10:30:33.358-07:00,1019.198,ok,current_change,244.097,1.646,116.321,429.002,445.009,0.262
2026-08-02T10:30:36.376-07:00,1022.216,ok,current_change,243.965,1.627,114.187,424.199,439.673,0.259
2026-08-02T10:30:39.394-07:00,1025.234,ok,current_change,243.779,1.654,118.456,430.602,446.610,0.265
2026-08-02T10:30:40.401-07:00,1026.241,ok,current_change,244.067,1.632,117.389,430.069,446.076,0.264
2026-08-02T10:30:42.413-07:00,1028.253,ok,current_change,244.072,1.651,118.456,430.602,446.610,0.265
2026-08-02T10:30:45.431-07:00,1031.271,ok,current_change,244.087,1.617,110.985,422.599,443.942,0.259
2026-08-02T10:30:46.438-07:00,1032.278,ok,current_change,244.375,1.649,115.254,431.136,446.610,0.258
2026-08-02T10:30:57.502-07:00,1043.342,ok,current_change,244.131,1.626,112.053,424.733,439.673,0.254
2026-08-02T10:30:58.509-07:00,1044.349,ok,current_change,244.121,1.646,118.456,428.468,447.143,0.267
2026-08-02T10:30:59.515-07:00,1045.355,ok,current_change,244.018,1.626,113.120,424.199,439.673,0.258
2026-08-02T10:31:02.533-07:00,1048.374,ok,current_change,244.170,1.659,117.389,432.737,448.744,0.263
2026-08-02T10:31:04.547-07:00,1050.387,ok,current_change,244.087,1.634,115.254,426.334,441.808,0.262
2026-08-02T10:31:05.553-07:00,1051.393,ok,current_change,244.018,1.666,118.456,434.337,450.345,0.264
2026-08-02T10:31:09.577-07:00,1055.417,ok,current_change,244.126,1.641,115.254,428.468,443.942,0.259
2026-08-02T10:31:10.584-07:00,1056.424,ok,current_change,244.004,1.657,119.523,431.670,448.211,0.267
2026-08-02T10:31:11.590-07:00,1057.430,ok,current_change,244.023,1.674,121.657,435.405,452.479,0.270
2026-08-02T10:31:12.597-07:00,1058.437,ok,current_change,244.102,1.656,119.523,431.136,447.677,0.267
2026-08-02T10:31:17.626-07:00,1063.466,ok,current_change,244.297,1.690,123.792,440.740,457.815,0.270
2026-08-02T10:31:18.633-07:00,1064.473,ok,current_change,244.033,1.667,117.389,427.401,443.408,0.265
2026-08-02T10:31:22.657-07:00,1068.497,ok,current_change,244.048,1.646,114.187,430.069,445.009,0.256
2026-08-02T10:31:23.664-07:00,1069.504,ok,current_change,244.131,1.667,120.590,434.337,450.879,0.267
2026-08-02T10:31:31.711-07:00,1077.551,ok,current_change,244.434,1.651,116.321,431.670,447.143,0.260
2026-08-02T10:31:32.718-07:00,1078.558,ok,current_change,243.842,1.684,116.321,439.673,455.147,0.256
2026-08-02T10:31:34.730-07:00,1080.570,ok,current_change,244.194,1.629,109.918,426.334,440.740,0.250
2026-08-02T10:31:35.737-07:00,1081.577,ok,current_change,244.102,1.664,115.254,434.871,450.345,0.257
2026-08-02T10:31:37.749-07:00,1083.589,ok,current_change,244.111,1.646,114.187,430.069,445.009,0.256
2026-08-02T10:31:39.761-07:00,1085.602,ok,current_change,244.033,1.671,118.456,435.938,451.946,0.263
2026-08-02T10:31:40.768-07:00,1086.608,ok,current_change,244.067,1.654,114.187,432.203,450.879,0.256
2026-08-02T10:31:43.786-07:00,1089.626,ok,current_change,244.224,1.636,114.187,434.871,449.811,0.255
2026-08-02T10:31:44.792-07:00,1090.633,ok,current_change,244.512,1.661,114.187,434.871,449.811,0.255
2026-08-02T10:31:57.868-07:00,1103.708,ok,current_change,243.872,1.677,116.321,438.073,453.547,0.257
2026-08-02T10:32:01.892-07:00,1107.732,ok,current_change,243.872,1.631,115.254,434.871,450.345,0.256
2026-08-02T10:32:02.899-07:00,1108.739,ok,current_change,244.126,1.687,113.120,441.808,456.214,0.249
2026-08-02T10:32:03.907-07:00,1109.747,ok,current_change,243.906,1.647,110.985,430.602,443.942,0.256
2026-08-02T10:32:04.914-07:00,1110.754,ok,current_change,244.185,1.631,106.717,427.934,441.274,0.242
2026-08-02T10:32:05.920-07:00,1111.760,ok,current_change,244.155,1.662,115.254,434.337,449.811,0.256
2026-08-02T10:32:06.927-07:00,1112.767,ok,current_change,244.048,1.641,112.053,429.002,443.942,0.253
2026-08-02T10:32:07.933-07:00,1113.773,ok,current_change,244.053,1.666,113.120,435.405,450.345,0.252
2026-08-02T10:32:12.965-07:00,1118.805,ok,current_change,244.273,1.641,110.985,429.535,443.942,0.250
2026-08-02T10:32:14.977-07:00,1120.817,ok,current_change,244.185,1.661,115.254,433.804,449.278,0.257
2026-08-02T10:32:15.984-07:00,1121.824,ok,current_change,244.551,1.636,114.187,427.934,443.408,0.257
2026-08-02T10:32:16.990-07:00,1122.830,ok,current_change,243.955,1.657,114.187,433.270,448.211,0.254
2026-08-02T10:32:21.014-07:00,1126.854,ok,current_change,244.165,1.634,114.187,426.334,441.808,0.259
2026-08-02T10:32:23.027-07:00,1128.867,ok,current_change,243.989,1.657,116.321,432.203,448.211,0.260
2026-08-02T10:32:24.033-07:00,1129.873,ok,current_change,244.146,1.632,118.456,429.535,446.076,0.267
2026-08-02T10:32:29.063-07:00,1134.903,ok,current_change,244.165,1.651,121.657,430.602,447.677,0.271
2026-08-02T10:32:33.087-07:00,1138.927,ok,current_change,244.087,1.690,121.657,440.207,457.282,0.267
2026-08-02T10:32:34.093-07:00,1139.933,ok,current_change,244.121,1.634,120.590,430.602,447.677,0.269
2026-08-02T10:32:35.101-07:00,1140.941,ok,current_change,244.556,1.664,118.456,434.871,450.879,0.263
2026-08-02T10:32:36.107-07:00,1141.947,ok,current_change,243.838,1.626,112.053,424.199,447.143,0.265
2026-08-02T10:32:37.114-07:00,1142.954,ok,current_change,243.862,1.649,117.389,429.535,445.543,0.263
2026-08-02T10:32:39.126-07:00,1144.966,ok,current_change,244.175,1.632,113.120,426.867,441.808,0.257
2026-08-02T10:32:40.134-07:00,1145.974,ok,current_change,243.857,1.651,114.187,430.602,446.076,0.257
2026-08-02T10:32:45.164-07:00,1151.004,ok,current_change,244.150,1.634,115.254,426.334,441.808,0.262
2026-08-02T10:32:46.172-07:00,1152.012,ok,current_change,243.847,1.672,116.321,436.472,451.946,0.257
2026-08-02T10:32:49.190-07:00,1155.030,ok,current_change,244.170,1.641,115.254,428.468,443.942,0.259
2026-08-02T10:32:51.202-07:00,1157.042,ok,current_change,244.106,1.661,116.321,433.804,449.278,0.259
2026-08-02T10:33:01.259-07:00,1167.099,ok,current_change,244.106,1.681,119.523,438.606,454.614,0.263
2026-08-02T10:33:02.266-07:00,1168.106,ok,current_change,244.106,1.657,115.254,432.737,448.211,0.257
2026-08-02T10:33:05.284-07:00,1171.124,ok,current_change,244.072,1.679,116.321,438.606,454.080,0.256
2026-08-02T10:33:08.302-07:00,1174.142,ok,current_change,244.131,1.641,109.918,430.069,443.942,0.247
2026-08-02T10:33:09.308-07:00,1175.149,ok,current_change,244.102,1.674,115.254,438.073,447.143,0.255
2026-08-02T10:33:13.332-07:00,1179.173,ok,current_change,244.116,1.646,110.985,430.602,445.009,0.250
2026-08-02T10:33:14.341-07:00,1180.181,ok,current_change,244.097,1.662,113.120,435.405,450.345,0.251
2026-08-02T10:33:18.365-07:00,1184.205,ok,current_change,244.219,1.697,116.321,443.942,459.416,0.254
2026-08-02T10:33:19.373-07:00,1185.213,ok,current_change,244.165,1.652,116.321,434.871,450.345,0.259
2026-08-02T10:33:22.391-07:00,1188.231,ok,current_change,244.224,1.632,108.851,427.934,441.808,0.246
2026-08-02T10:33:23.398-07:00,1189.238,ok,current_change,243.833,1.669,115.254,435.405,450.879,0.255
2026-08-02T10:33:24.405-07:00,1190.245,ok,current_change,244.048,1.634,109.918,431.670,446.076,0.247
2026-08-02T10:33:25.412-07:00,1191.252,ok,current_change,244.067,1.666,113.120,435.405,450.345,0.252
2026-08-02T10:33:28.430-07:00,1194.270,ok,current_change,244.126,1.629,108.851,426.867,440.740,0.248
2026-08-02T10:33:29.438-07:00,1195.278,ok,current_change,244.106,1.667,109.918,424.199,438.606,0.250
2026-08-02T10:33:30.444-07:00,1196.284,ok,current_change,244.150,1.642,109.918,430.602,444.476,0.247
2026-08-02T10:33:34.468-07:00,1200.309,ok,current_change,244.165,1.661,110.985,431.670,446.076,0.248
2026-08-02T10:33:39.499-07:00,1205.339,ok,current_change,243.886,1.631,113.120,425.800,449.811,0.258
2026-08-02T10:33:40.507-07:00,1206.347,ok,current_change,244.150,1.662,113.120,434.871,449.811,0.251
2026-08-02T10:33:49.560-07:00,1215.400,ok,current_change,244.033,1.639,115.254,427.934,443.408,0.260
2026-08-02T10:33:52.578-07:00,1218.418,ok,current_change,244.170,1.659,119.523,432.203,446.076,0.261
2026-08-02T10:33:55.596-07:00,1221.436,ok,current_change,244.292,1.639,119.523,432.737,449.278,0.266
2026-08-02T10:34:00.619-07:00,1226.463,ok,current_change,244.243,1.666,117.389,434.871,450.879,0.261
2026-08-02T10:34:01.622-07:00,1227.465,ok,current_change,244.238,1.624,115.254,423.666,439.673,0.263
2026-08-02T10:34:02.625-07:00,1228.468,ok,current_change,244.048,1.657,117.389,432.203,448.211,0.263
2026-08-02T10:34:03.627-07:00,1229.471,ok,current_change,243.960,1.689,120.590,440.207,456.748,0.265
2026-08-02T10:34:04.633-07:00,1230.473,ok,current_change,244.150,1.654,118.456,431.670,447.677,0.264
2026-08-02T10:34:08.657-07:00,1234.497,ok,current_change,244.336,1.672,116.321,429.002,445.009,0.262
2026-08-02T10:34:09.664-07:00,1235.504,ok,current_change,244.282,1.649,116.321,430.069,446.076,0.262
2026-08-02T10:34:12.682-07:00,1238.522,ok,current_change,244.229,1.669,120.590,434.871,451.412,0.267
2026-08-02T10:34:14.694-07:00,1240.534,ok,current_change,244.033,1.649,116.321,430.069,446.076,0.262
2026-08-02T10:34:17.712-07:00,1243.553,ok,current_change,244.204,1.672,121.657,435.405,452.479,0.269
2026-08-02T10:34:25.760-07:00,1251.600,ok,current_change,244.082,1.634,115.254,426.334,441.808,0.262
2026-08-02T10:34:26.766-07:00,1252.606,ok,current_change,244.292,1.672,114.187,427.934,443.408,0.258
2026-08-02T10:34:27.773-07:00,1253.613,ok,current_change,244.209,1.654,117.389,431.670,447.677,0.263
2026-08-02T10:34:34.814-07:00,1260.654,ok,current_change,244.116,1.674,118.456,437.005,453.013,0.262
2026-08-02T10:34:35.821-07:00,1261.661,ok,current_change,244.131,1.641,117.389,427.934,443.942,0.266
2026-08-02T10:34:40.851-07:00,1266.691,ok,current_change,244.253,1.662,118.456,433.804,449.811,0.263
2026-08-02T10:34:43.869-07:00,1269.709,ok,current_change,244.209,1.634,116.321,426.334,442.341,0.263
2026-08-02T10:34:44.875-07:00,1270.715,ok,current_change,244.204,1.681,120.590,438.073,454.614,0.266
2026-08-02T10:34:45.882-07:00,1271.722,ok,current_change,244.410,1.642,118.456,427.934,444.476,0.268
2026-08-02T10:34:46.889-07:00,1272.729,ok,current_change,244.214,1.666,118.456,434.871,450.879,0.264
2026-08-02T10:34:48.901-07:00,1274.742,ok,current_change,243.945,1.684,119.523,438.606,455.147,0.264
2026-08-02T10:34:49.908-07:00,1275.748,ok,current_change,244.243,1.637,116.321,426.867,442.875,0.264
2026-08-02T10:34:50.915-07:00,1276.755,ok,current_change,244.165,1.671,119.523,435.405,451.946,0.264
2026-08-02T10:34:51.922-07:00,1277.762,ok,current_change,244.214,1.646,115.254,430.069,445.543,0.258
2026-08-02T10:34:53.935-07:00,1279.775,ok,current_change,244.155,1.674,120.590,436.472,442.341,0.262
2026-08-02T10:34:54.941-07:00,1280.781,ok,current_change,244.229,1.641,116.321,427.934,443.942,0.262
2026-08-02T10:34:55.948-07:00,1281.788,ok,current_change,243.921,1.661,117.389,432.737,448.744,0.261
2026-08-02T10:35:01.974-07:00,1287.818,ok,current_change,244.204,1.629,115.254,424.733,440.740,0.263
2026-08-02T10:35:02.977-07:00,1288.820,ok,current_change,244.224,1.661,118.456,433.270,449.278,0.263
2026-08-02T10:35:08.003-07:00,1293.843,ok,current_change,244.121,1.626,113.120,424.199,439.673,0.258
2026-08-02T10:35:09.009-07:00,1294.849,ok,current_change,244.131,1.667,119.523,434.337,450.879,0.265
2026-08-02T10:35:14.039-07:00,1299.879,ok,current_change,244.229,1.622,112.053,424.199,439.140,0.255
2026-08-02T10:35:15.045-07:00,1300.885,ok,current_change,243.906,1.662,118.456,432.737,449.278,0.265
2026-08-02T10:35:16.052-07:00,1301.892,ok,current_change,243.906,1.634,114.187,426.334,441.808,0.259
2026-08-02T10:35:19.070-07:00,1304.910,ok,current_change,244.194,1.689,122.724,439.673,456.748,0.270
2026-08-02T10:35:20.076-07:00,1305.917,ok,current_change,244.224,1.657,121.657,431.670,448.744,0.271
2026-08-02T10:35:22.089-07:00,1307.929,ok,current_change,244.199,1.632,116.321,425.800,441.808,0.263
2026-08-02T10:35:23.095-07:00,1308.935,ok,current_change,244.106,1.662,118.456,433.270,449.811,0.264
2026-08-02T10:35:30.136-07:00,1315.977,ok,current_change,244.263,1.636,114.187,427.401,442.875,0.258
2026-08-02T10:35:31.143-07:00,1316.983,ok,current_change,244.253,1.672,117.389,436.472,452.479,0.260
2026-08-02T10:35:36.173-07:00,1322.013,ok,current_change,244.146,1.632,113.120,426.867,441.808,0.257
2026-08-02T10:35:37.179-07:00,1323.019,ok,current_change,244.199,1.657,116.321,425.800,441.808,0.263
2026-08-02T10:35:40.197-07:00,1326.038,ok,current_change,243.740,1.631,113.120,425.800,440.740,0.258
2026-08-02T10:35:41.204-07:00,1327.044,ok,current_change,244.297,1.661,116.321,433.804,449.278,0.260
2026-08-02T10:35:44.222-07:00,1330.062,ok,current_change,244.150,1.642,112.053,429.535,444.476,0.253
2026-08-02T10:35:48.246-07:00,1334.086,ok,current_change,244.141,1.661,113.120,434.337,449.278,0.253
2026-08-02T10:35:52.270-07:00,1338.110,ok,current_change,244.136,1.626,106.717,426.334,449.278,0.251
2026-08-02T10:35:53.277-07:00,1339.117,ok,current_change,244.160,1.671,117.389,435.938,451.946,0.261
2026-08-02T10:35:55.291-07:00,1341.131,ok,current_change,244.180,1.637,110.985,428.468,442.875,0.251
2026-08-02T10:35:56.297-07:00,1342.137,ok,current_change,244.165,1.661,113.120,434.337,449.278,0.251
2026-08-02T10:35:57.304-07:00,1343.144,ok,current_change,244.180,1.641,115.254,432.737,448.211,0.257
2026-08-02T10:35:58.310-07:00,1344.150,ok,current_change,244.165,1.661,113.120,434.337,449.278,0.253
2026-08-02T10:36:00.317-07:00,1346.160,ok,current_change,244.136,1.622,106.717,425.267,438.606,0.244
2026-08-02T10:36:01.320-07:00,1347.163,ok,current_change,244.146,1.639,113.120,428.468,443.408,0.256
2026-08-02T10:36:04.331-07:00,1350.171,ok,current_change,244.190,1.667,112.053,436.472,450.879,0.249
2026-08-02T10:36:06.343-07:00,1352.183,ok,current_change,244.263,1.636,106.717,429.535,442.875,0.240
2026-08-02T10:36:08.355-07:00,1354.195,ok,current_change,244.160,1.652,112.053,432.737,447.143,0.250
2026-08-02T10:36:10.367-07:00,1356.208,ok,current_change,244.077,1.629,107.784,426.867,449.811,0.250
2026-08-02T10:36:11.374-07:00,1357.214,ok,current_change,244.317,1.659,114.187,434.337,449.278,0.255
2026-08-02T10:36:13.386-07:00,1359.226,ok,current_change,244.199,1.636,112.053,427.401,442.341,0.253
2026-08-02T10:36:14.393-07:00,1360.233,ok,current_change,244.253,1.661,113.120,434.337,449.278,0.253
2026-08-02T10:36:16.405-07:00,1362.245,ok,current_change,244.336,1.636,113.120,427.934,442.875,0.255
2026-08-02T10:36:19.423-07:00,1365.263,ok,current_change,244.204,1.676,118.456,437.539,453.547,0.261
2026-08-02T10:36:20.430-07:00,1366.270,ok,current_change,244.209,1.632,109.918,427.401,448.211,0.257
2026-08-02T10:36:23.448-07:00,1369.288,ok,current_change,244.194,1.667,112.053,426.867,441.808,0.253
2026-08-02T10:36:26.466-07:00,1372.306,ok,current_change,244.048,1.649,113.120,431.136,446.076,0.253
2026-08-02T10:36:33.507-07:00,1379.347,ok,current_change,244.131,1.629,114.187,425.267,449.278,0.260
2026-08-02T10:36:34.514-07:00,1380.354,ok,current_change,244.146,1.677,115.254,438.606,453.547,0.254
2026-08-02T10:36:35.520-07:00,1381.360,ok,current_change,244.092,1.637,113.120,427.934,442.875,0.255
2026-08-02T10:36:36.527-07:00,1382.367,ok,current_change,244.150,1.667,113.120,435.938,450.879,0.252
2026-08-02T10:36:37.533-07:00,1383.373,ok,current_change,244.092,1.637,114.187,427.401,442.875,0.259
2026-08-02T10:36:38.540-07:00,1384.380,ok,current_change,243.872,1.662,110.985,429.535,443.942,0.250
2026-08-02T10:36:39.548-07:00,1385.389,ok,current_change,244.121,1.637,112.053,427.934,442.875,0.253
2026-08-02T10:36:40.555-07:00,1386.395,ok,current_change,244.004,1.661,112.053,432.203,446.610,0.250
2026-08-02T10:36:43.573-07:00,1389.413,ok,current_change,244.146,1.632,113.120,426.867,441.808,0.257
2026-08-02T10:36:44.581-07:00,1390.421,ok,current_change,244.204,1.669,114.187,436.472,451.412,0.254
2026-08-02T10:36:45.588-07:00,1391.428,ok,current_change,244.410,1.632,112.053,426.867,441.808,0.254
2026-08-02T10:36:46.594-07:00,1392.434,ok,current_change,244.165,1.671,115.254,436.472,451.946,0.256
2026-08-02T10:36:47.601-07:00,1393.441,ok,current_change,244.190,1.621,109.918,424.199,448.211,0.254
2026-08-02T10:36:48.607-07:00,1394.447,ok,current_change,244.165,1.656,109.918,433.804,447.677,0.246
2026-08-02T10:36:51.627-07:00,1397.467,ok,current_change,243.950,1.639,110.985,428.468,442.875,0.251
2026-08-02T10:36:52.633-07:00,1398.473,ok,current_change,244.111,1.657,109.918,434.337,448.211,0.246
2026-08-02T10:36:53.640-07:00,1399.480,ok,current_change,244.209,1.636,110.985,427.934,442.341,0.250
2026-08-02T10:36:54.649-07:00,1400.489,ok,current_change,244.160,1.664,107.784,429.002,442.875,0.244
2026-08-02T10:36:57.667-07:00,1403.507,ok,current_change,244.102,1.647,112.053,431.136,445.543,0.251
2026-08-02T10:37:02.683-07:00,1408.526,ok,current_change,244.258,1.631,107.784,427.401,441.274,0.245
2026-08-02T10:37:03.686-07:00,1409.529,ok,current_change,244.194,1.647,114.187,430.069,445.543,0.257
2026-08-02T10:37:04.692-07:00,1410.532,ok,current_change,244.243,1.699,116.321,444.476,451.412,0.250
2026-08-02T10:37:05.698-07:00,1411.538,ok,current_change,244.111,1.646,113.120,430.069,445.009,0.255
2026-08-02T10:37:09.722-07:00,1415.562,ok,current_change,244.224,1.662,115.254,434.337,442.341,0.255
2026-08-02T10:37:19.781-07:00,1425.621,ok,current_change,244.234,1.682,116.321,439.673,455.147,0.256
2026-08-02T10:37:20.787-07:00,1426.627,ok,current_change,244.453,1.642,112.053,434.337,448.744,0.250
2026-08-02T10:37:22.800-07:00,1428.640,ok,current_change,244.082,1.667,112.053,436.472,450.879,0.249
2026-08-02T10:37:24.812-07:00,1430.652,ok,current_change,243.955,1.641,108.851,429.535,443.408,0.246
2026-08-02T10:37:25.820-07:00,1431.660,ok,current_change,244.234,1.674,115.254,437.539,453.013,0.255
2026-08-02T10:37:26.826-07:00,1432.666,ok,current_change,244.263,1.624,109.918,425.267,439.673,0.250
2026-08-02T10:37:27.833-07:00,1433.673,ok,current_change,244.194,1.661,115.254,433.804,453.547,0.262
2026-08-02T10:37:44.932-07:00,1450.772,ok,current_change,244.077,1.639,114.187,427.934,443.408,0.257
2026-08-02T10:37:46.944-07:00,1452.784,ok,current_change,243.950,1.667,116.321,435.405,443.942,0.263
2026-08-02T10:37:47.951-07:00,1453.791,ok,current_change,244.214,1.649,116.321,430.602,446.076,0.261
2026-08-02T10:37:49.963-07:00,1455.803,ok,current_change,244.160,1.681,122.724,437.539,454.614,0.271
2026-08-02T10:37:52.983-07:00,1458.823,ok,current_change,243.857,1.662,118.456,432.737,449.278,0.265
2026-08-02T10:37:59.019-07:00,1464.859,ok,current_change,244.111,1.629,115.254,424.733,440.740,0.263
2026-08-02T10:38:00.025-07:00,1465.865,ok,current_change,244.097,1.672,120.590,435.938,452.479,0.266
2026-08-02T10:38:04.049-07:00,1469.889,ok,current_change,244.077,1.639,113.120,428.468,443.408,0.256
2026-08-02T10:38:05.057-07:00,1470.897,ok,current_change,243.833,1.674,120.590,435.938,452.479,0.268
2026-08-02T10:38:06.064-07:00,1471.904,ok,current_change,243.818,1.652,116.321,431.136,446.610,0.260
2026-08-02T10:38:09.082-07:00,1474.922,ok,current_change,243.882,1.629,114.187,424.733,440.207,0.260
2026-08-02T10:38:11.096-07:00,1476.936,ok,current_change,244.180,1.661,119.523,433.270,449.811,0.266
2026-08-02T10:38:17.131-07:00,1482.971,ok,current_change,244.170,1.632,116.321,425.800,441.808,0.263
2026-08-02T10:38:18.138-07:00,1483.978,ok,current_change,244.155,1.661,117.389,433.270,449.278,0.261
2026-08-02T10:38:23.167-07:00,1489.007,ok,current_change,244.194,1.631,114.187,425.800,441.274,0.258
2026-08-02T10:38:24.176-07:00,1490.016,ok,current_change,244.092,1.656,117.389,431.670,447.143,0.257
2026-08-02T10:38:29.206-07:00,1495.046,ok,current_change,244.253,1.629,113.120,425.800,440.740,0.258
2026-08-02T10:38:31.218-07:00,1497.058,ok,current_change,244.111,1.651,115.254,431.136,446.610,0.259
2026-08-02T10:38:35.243-07:00,1501.083,ok,current_change,244.150,1.676,117.389,440.740,456.748,0.258
2026-08-02T10:38:37.255-07:00,1503.095,ok,current_change,244.150,1.637,114.187,427.401,442.875,0.258
2026-08-02T10:38:39.267-07:00,1505.107,ok,current_change,244.146,1.657,115.254,432.737,448.211,0.257
2026-08-02T10:38:40.274-07:00,1506.114,ok,current_change,244.072,1.632,113.120,432.203,447.143,0.254
2026-08-02T10:38:42.288-07:00,1508.128,ok,current_change,244.126,1.652,113.120,432.203,447.677,0.250
2026-08-02T10:38:49.329-07:00,1515.169,ok,current_change,243.823,1.669,115.254,435.405,450.879,0.255
2026-08-02T10:38:51.341-07:00,1517.181,ok,current_change,244.180,1.642,109.918,430.602,444.476,0.247
2026-08-02T10:38:52.348-07:00,1518.188,ok,current_change,244.092,1.659,112.053,434.337,448.744,0.249
2026-08-02T10:38:55.366-07:00,1521.206,ok,current_change,244.204,1.637,110.985,428.468,442.875,0.251
2026-08-02T10:38:56.372-07:00,1522.213,ok,current_change,244.146,1.669,114.187,436.472,451.412,0.253
2026-08-02T10:38:57.379-07:00,1523.219,ok,current_change,244.097,1.639,112.053,428.468,443.408,0.254
2026-08-02T10:38:58.385-07:00,1524.226,ok,current_change,244.077,1.656,115.254,433.804,449.278,0.257
2026-08-02T10:39:03.415-07:00,1529.255,ok,current_change,244.160,1.672,119.523,435.938,444.476,0.260
2026-08-02T10:39:08.445-07:00,1534.285,ok,current_change,244.146,1.652,117.389,431.136,447.143,0.262
2026-08-02T10:39:09.455-07:00,1535.295,ok,current_change,244.087,1.677,122.724,436.472,453.547,0.271
2026-08-02T10:39:10.461-07:00,1536.301,ok,current_change,244.136,1.661,118.456,433.270,449.278,0.263
2026-08-02T10:39:11.468-07:00,1537.308,ok,current_change,244.185,1.677,122.724,437.005,454.080,0.270
2026-08-02T10:39:12.474-07:00,1538.314,ok,current_change,244.214,1.639,117.389,427.401,443.408,0.265
2026-08-02T10:39:13.481-07:00,1539.321,ok,current_change,244.155,1.674,121.657,432.737,449.811,0.271
2026-08-02T10:39:17.509-07:00,1543.349,ok,current_change,243.960,1.646,117.389,429.002,445.009,0.265
2026-08-02T10:39:19.521-07:00,1545.361,ok,current_change,243.955,1.666,121.657,433.270,450.345,0.270
2026-08-02T10:39:22.539-07:00,1548.379,ok,current_change,244.175,1.649,118.456,429.535,446.076,0.267
2026-08-02T10:39:23.545-07:00,1549.386,ok,current_change,244.111,1.666,119.523,433.804,446.610,0.264
2026-08-02T10:39:30.587-07:00,1556.427,ok,current_change,244.199,1.649,118.456,429.535,446.076,0.267
2026-08-02T10:39:31.593-07:00,1557.433,ok,current_change,243.935,1.667,118.456,434.871,450.879,0.263
2026-08-02T10:39:34.611-07:00,1560.451,ok,current_change,244.199,1.647,117.389,429.535,445.543,0.265
2026-08-02T10:39:35.618-07:00,1561.458,ok,current_change,244.204,1.686,120.590,439.673,456.214,0.265
2026-08-02T10:39:36.624-07:00,1562.464,ok,current_change,243.955,1.666,118.456,434.337,450.345,0.263
2026-08-02T10:39:37.631-07:00,1563.471,ok,current_change,244.258,1.644,116.321,429.535,449.278,0.262
2026-08-02T10:39:38.637-07:00,1564.477,ok,current_change,243.979,1.664,118.456,433.804,449.811,0.263
2026-08-02T10:39:39.643-07:00,1565.484,ok,current_change,244.214,1.631,113.120,426.334,441.274,0.256
2026-08-02T10:39:40.650-07:00,1566.490,ok,current_change,244.229,1.657,115.254,433.270,448.744,0.258
2026-08-02T10:39:41.660-07:00,1567.500,ok,current_change,244.204,1.637,113.120,427.934,442.875,0.256
2026-08-02T10:39:42.667-07:00,1568.507,ok,current_change,243.896,1.664,116.321,434.337,449.811,0.260
2026-08-02T10:39:44.679-07:00,1570.519,ok,current_change,243.862,1.631,112.053,425.800,447.677,0.257
2026-08-02T10:39:46.691-07:00,1572.531,ok,current_change,244.238,1.666,114.187,435.938,450.879,0.254
2026-08-02T10:39:47.698-07:00,1573.538,ok,current_change,244.287,1.647,110.985,431.670,446.076,0.250
2026-08-02T10:39:50.716-07:00,1576.556,ok,current_change,244.180,1.689,119.523,440.207,456.748,0.263
2026-08-02T10:39:51.722-07:00,1577.562,ok,current_change,244.302,1.662,110.985,435.405,449.811,0.246
2026-08-02T10:39:52.732-07:00,1578.572,ok,current_change,244.141,1.646,110.985,430.602,445.009,0.249
2026-08-02T10:39:54.744-07:00,1580.584,ok,current_change,244.204,1.626,114.187,435.938,450.879,0.253
2026-08-02T10:39:55.751-07:00,1581.591,ok,current_change,244.116,1.646,114.187,430.069,445.009,0.256
2026-08-02T10:39:57.763-07:00,1583.603,ok,current_change,244.375,1.669,113.120,437.539,451.946,0.250
2026-08-02T10:40:01.787-07:00,1587.627,ok,current_change,244.160,1.626,107.784,425.800,439.673,0.245
2026-08-02T10:40:02.794-07:00,1588.634,ok,current_change,244.146,1.657,114.187,433.270,448.211,0.256
2026-08-02T10:40:05.812-07:00,1591.652,ok,current_change,244.033,1.689,115.254,441.808,456.748,0.253
2026-08-02T10:40:06.818-07:00,1592.658,ok,current_change,244.204,1.657,115.254,432.737,448.211,0.257
2026-08-02T10:40:08.830-07:00,1594.670,ok,current_change,244.307,1.639,115.254,427.934,443.408,0.261
2026-08-02T10:40:11.848-07:00,1597.688,ok,current_change,244.336,1.661,117.389,433.804,449.811,0.261
2026-08-02T10:40:13.861-07:00,1599.701,ok,current_change,244.312,1.631,110.985,426.867,441.274,0.252
2026-08-02T10:40:14.867-07:00,1600.707,ok,current_change,244.038,1.667,116.321,435.405,450.879,0.258
2026-08-02T10:40:16.879-07:00,1602.719,ok,current_change,244.102,1.651,118.456,430.602,446.610,0.265
2026-08-02T10:40:19.901-07:00,1605.741,ok,current_change,244.248,1.694,119.523,442.341,458.349,0.262
2026-08-02T10:40:20.908-07:00,1606.748,ok,current_change,244.224,1.674,119.523,436.472,453.013,0.264
2026-08-02T10:40:23.926-07:00,1609.766,ok,current_change,244.209,1.631,115.254,425.800,441.274,0.262
2026-08-02T10:40:24.932-07:00,1610.772,ok,current_change,244.234,1.657,119.523,432.203,448.744,0.266
2026-08-02T10:40:31.973-07:00,1617.813,ok,current_change,244.356,1.629,115.254,425.800,441.274,0.262
2026-08-02T10:40:32.980-07:00,1618.820,ok,current_change,244.004,1.659,119.523,432.203,448.744,0.267
2026-08-02T10:40:40.021-07:00,1625.861,ok,current_change,244.126,1.639,116.321,427.401,443.408,0.262
2026-08-02T10:40:42.033-07:00,1627.873,ok,current_change,244.067,1.656,118.456,431.670,447.677,0.264
2026-08-02T10:40:49.074-07:00,1634.914,ok,current_change,244.253,1.631,115.254,425.800,441.274,0.261
2026-08-02T10:40:50.080-07:00,1635.920,ok,current_change,244.282,1.661,120.590,432.737,449.278,0.268
2026-08-02T10:40:53.099-07:00,1638.939,ok,current_change,243.965,1.644,116.321,428.468,444.476,0.263
2026-08-02T10:40:55.111-07:00,1640.951,ok,current_change,243.906,1.662,117.389,433.270,449.278,0.262
2026-08-02T10:41:03.161-07:00,1649.001,ok,current_change,244.062,1.637,109.918,428.468,442.875,0.249
2026-08-02T10:41:04.168-07:00,1650.008,ok,current_change,244.058,1.656,113.120,432.737,447.677,0.253
2026-08-02T10:41:09.197-07:00,1655.037,ok,current_change,244.014,1.637,108.851,429.002,442.875,0.246
2026-08-02T10:41:11.210-07:00,1657.050,ok,current_change,244.106,1.667,113.120,435.938,450.879,0.250
2026-08-02T10:41:12.216-07:00,1658.056,ok,current_change,244.170,1.637,110.985,428.468,442.875,0.251
2026-08-02T10:41:14.228-07:00,1660.068,ok,current_change,244.185,1.669,115.254,435.938,451.412,0.255
2026-08-02T10:41:17.250-07:00,1663.090,ok,current_change,244.258,1.649,113.120,431.136,446.076,0.253
2026-08-02T10:41:19.262-07:00,1665.102,ok,current_change,244.268,1.627,110.985,425.800,440.207,0.252
2026-08-02T10:41:20.273-07:00,1666.113,ok,current_change,244.234,1.681,120.590,438.073,454.614,0.265
2026-08-02T10:41:21.279-07:00,1667.119,ok,current_change,244.126,1.627,110.985,425.800,440.207,0.253
2026-08-02T10:41:23.291-07:00,1669.132,ok,current_change,243.916,1.652,118.456,430.069,446.610,0.266
2026-08-02T10:41:24.298-07:00,1670.138,ok,current_change,244.199,1.634,116.321,426.334,442.341,0.264
2026-08-02T10:41:25.308-07:00,1671.148,ok,current_change,244.155,1.671,120.590,435.405,451.946,0.267
2026-08-02T10:41:27.320-07:00,1673.160,ok,current_change,243.935,1.649,119.523,429.002,445.543,0.268
2026-08-02T10:41:32.349-07:00,1678.189,ok,current_change,244.253,1.669,122.724,434.337,451.946,0.264
2026-08-02T10:41:35.367-07:00,1681.207,ok,current_change,244.033,1.651,122.724,432.737,449.811,0.272
2026-08-02T10:41:38.385-07:00,1684.225,ok,current_change,243.974,1.672,117.389,435.938,451.946,0.259
2026-08-02T10:41:39.392-07:00,1685.232,ok,current_change,244.170,1.656,119.523,431.136,447.677,0.268
2026-08-02T10:41:41.404-07:00,1687.244,ok,current_change,244.219,1.634,114.187,426.867,442.341,0.258
2026-08-02T10:41:42.411-07:00,1688.251,ok,current_change,244.155,1.667,117.389,434.871,450.879,0.261
2026-08-02T10:41:43.417-07:00,1689.257,ok,current_change,244.268,1.637,113.120,427.934,442.875,0.255
2026-08-02T10:41:44.427-07:00,1690.267,ok,current_change,244.253,1.656,110.985,433.804,448.211,0.247
2026-08-02T10:41:45.433-07:00,1691.274,ok,current_change,243.955,1.632,110.985,426.867,441.274,0.252
2026-08-02T10:41:47.446-07:00,1693.286,ok,current_change,244.209,1.664,116.321,434.871,451.412,0.253
2026-08-02T10:41:50.464-07:00,1696.304,ok,current_change,243.965,1.681,112.053,438.606,453.013,0.247
2026-08-02T10:41:52.476-07:00,1698.316,ok,current_change,244.214,1.642,110.985,430.069,444.476,0.249
2026-08-02T10:41:53.483-07:00,1699.323,ok,current_change,244.150,1.662,115.254,434.337,449.811,0.257
2026-08-02T10:42:00.524-07:00,1706.364,ok,current_change,244.009,1.641,115.254,427.934,443.408,0.260
2026-08-02T10:42:02.536-07:00,1708.376,ok,current_change,243.926,1.659,119.523,431.670,448.211,0.268
2026-08-02T10:42:04.548-07:00,1710.389,ok,current_change,244.248,1.641,119.523,427.401,443.942,0.269
2026-08-02T10:42:05.555-07:00,1711.395,ok,current_change,243.916,1.682,119.523,438.606,454.614,0.263
2026-08-02T10:42:06.561-07:00,1712.401,ok,current_change,244.126,1.644,120.590,433.804,450.345,0.268
2026-08-02T10:42:07.568-07:00,1713.408,ok,current_change,243.882,1.666,117.389,434.337,450.345,0.260
2026-08-02T10:42:08.574-07:00,1714.414,ok,current_change,244.190,1.634,116.321,426.334,442.341,0.264
2026-08-02T10:42:09.581-07:00,1715.421,ok,current_change,244.111,1.667,116.321,435.405,450.879,0.259
2026-08-02T10:42:10.591-07:00,1716.431,ok,current_change,244.234,1.646,118.456,429.002,445.543,0.267
2026-08-02T10:42:13.609-07:00,1719.449,ok,current_change,243.970,1.669,114.187,436.472,440.207,0.249
2026-08-02T10:42:14.615-07:00,1720.456,ok,current_change,244.136,1.627,114.187,424.733,440.207,0.260
2026-08-02T10:42:15.626-07:00,1721.466,ok,current_change,244.150,1.661,113.120,434.337,439.673,0.238
2026-08-02T10:42:17.638-07:00,1723.478,ok,current_change,244.204,1.642,110.985,430.069,444.476,0.249
2026-08-02T10:42:20.656-07:00,1726.496,ok,current_change,244.131,1.686,117.389,440.207,456.214,0.258
2026-08-02T10:42:21.663-07:00,1727.503,ok,current_change,244.121,1.662,114.187,434.871,449.811,0.255
2026-08-02T10:42:29.710-07:00,1735.550,ok,current_change,244.165,1.634,114.187,426.334,441.808,0.259
2026-08-02T10:42:30.716-07:00,1736.556,ok,current_change,244.312,1.662,119.523,433.270,449.811,0.266
2026-08-02T10:42:37.757-07:00,1743.597,ok,current_change,244.312,1.634,116.321,426.334,442.341,0.263
2026-08-02T10:42:38.764-07:00,1744.604,ok,current_change,244.043,1.669,116.321,435.938,451.412,0.257
2026-08-02T10:42:39.770-07:00,1745.610,ok,current_change,244.292,1.642,113.120,429.535,447.143,0.260
2026-08-02T10:42:41.782-07:00,1747.623,ok,current_change,244.297,1.666,115.254,435.405,450.879,0.256
2026-08-02T10:42:42.789-07:00,1748.629,ok,current_change,244.038,1.636,113.120,432.203,447.143,0.254
2026-08-02T10:42:43.795-07:00,1749.635,ok,current_change,244.361,1.669,114.187,437.005,451.946,0.252
2026-08-02T10:42:44.802-07:00,1750.642,ok,current_change,244.370,1.646,110.985,431.136,445.543,0.250
2026-08-02T10:42:45.808-07:00,1751.648,ok,current_change,244.072,1.676,115.254,438.073,453.013,0.254
2026-08-02T10:42:46.815-07:00,1752.655,ok,current_change,244.018,1.647,108.851,431.670,445.543,0.244
2026-08-02T10:42:48.831-07:00,1754.671,ok,current_change,244.106,1.676,115.254,437.539,453.013,0.255
2026-08-02T10:42:49.837-07:00,1755.677,ok,current_change,244.126,1.656,115.254,432.203,447.677,0.258
2026-08-02T10:42:50.844-07:00,1756.684,ok,current_change,244.263,1.672,117.389,436.472,452.479,0.260
2026-08-02T10:42:52.856-07:00,1758.696,ok,current_change,244.453,1.656,116.321,432.737,445.543,0.257
2026-08-02T10:42:53.863-07:00,1759.703,ok,current_change,244.282,1.682,118.456,439.140,455.147,0.261
2026-08-02T10:42:55.875-07:00,1761.715,ok,current_change,244.009,1.659,117.389,432.737,448.744,0.263
2026-08-02T10:42:57.887-07:00,1763.727,ok,current_change,244.258,1.642,115.254,429.002,444.476,0.260
2026-08-02T10:43:04.932-07:00,1770.772,ok,current_change,244.341,1.662,117.389,433.804,449.811,0.261
2026-08-02T10:43:05.938-07:00,1771.778,ok,current_change,244.136,1.679,112.053,439.673,454.080,0.247
2026-08-02T10:43:07.951-07:00,1773.791,ok,current_change,244.326,1.644,109.918,430.602,445.009,0.248
2026-08-02T10:43:10.969-07:00,1776.809,ok,current_change,244.370,1.672,117.389,437.005,453.013,0.260
2026-08-02T10:43:14.992-07:00,1780.832,ok,current_change,244.390,1.646,116.321,429.535,453.013,0.271
2026-08-02T10:43:17.005-07:00,1782.845,ok,current_change,244.106,1.667,120.590,434.337,450.879,0.267
2026-08-02T10:43:22.034-07:00,1787.874,ok,current_change,244.072,1.639,114.187,427.934,443.408,0.257
2026-08-02T10:43:24.050-07:00,1789.890,ok,current_change,244.297,1.667,116.321,435.938,451.412,0.259
2026-08-02T10:43:29.080-07:00,1794.920,ok,current_change,244.351,1.649,117.389,430.602,446.610,0.264
2026-08-02T10:43:30.086-07:00,1795.926,ok,current_change,244.366,1.677,120.590,437.539,454.080,0.265
2026-08-02T10:43:31.092-07:00,1796.933,ok,current_change,244.273,1.654,116.321,432.203,452.479,0.266
2026-08-02T10:43:32.099-07:00,1797.939,ok,current_change,243.950,1.679,120.590,437.539,454.080,0.267
2026-08-02T10:43:33.105-07:00,1798.946,ok,current_change,244.106,1.657,118.456,431.670,448.211,0.265
2026-08-02T10:43:34.112-07:00,1799.952,ok,current_change,244.410,1.674,118.456,440.207,456.214,0.261
2026-08-02T10:43:36.128-07:00,1801.968,ok,current_change,244.175,1.697,119.523,446.076,462.084,0.260
2026-08-02T10:43:37.134-07:00,1802.974,ok,current_change,244.331,1.677,118.456,438.073,454.080,0.261
2026-08-02T10:43:40.152-07:00,1805.993,ok,current_change,244.322,1.639,108.851,430.069,443.942,0.245
2026-08-02T10:43:42.165-07:00,1808.005,ok,current_change,244.297,1.679,116.321,439.140,454.614,0.256
2026-08-02T10:43:45.183-07:00,1811.023,ok,current_change,244.282,1.656,117.389,432.203,448.211,0.263
2026-08-02T10:43:47.198-07:00,1813.038,ok,current_change,244.043,1.674,120.590,435.938,452.479,0.266
2026-08-02T10:43:50.216-07:00,1816.057,ok,current_change,244.346,1.634,115.254,426.867,442.341,0.262
2026-08-02T10:43:51.227-07:00,1817.067,ok,current_change,244.336,1.657,117.389,440.740,456.748,0.258
2026-08-02T10:43:52.233-07:00,1818.073,ok,current_change,244.346,1.641,113.120,429.002,443.942,0.256
2026-08-02T10:43:53.239-07:00,1819.080,ok,current_change,244.229,1.674,113.120,438.073,453.013,0.250
2026-08-02T10:43:54.246-07:00,1820.086,ok,current_change,244.410,1.649,113.120,431.670,446.610,0.254
2026-08-02T10:43:56.258-07:00,1822.098,ok,current_change,244.312,1.681,117.389,439.673,445.543,0.252
2026-08-02T10:43:57.268-07:00,1823.109,ok,current_change,244.370,1.662,117.389,433.804,449.811,0.261
2026-08-02T10:43:59.279-07:00,1825.121,ok,current_change,244.410,1.639,114.187,428.468,443.942,0.258
2026-08-02T10:44:00.285-07:00,1826.125,ok,current_change,244.273,1.681,119.523,438.606,454.614,0.263
2026-08-02T10:44:01.292-07:00,1827.132,ok,current_change,244.322,1.657,122.724,433.804,451.412,0.272
2026-08-02T10:44:07.330-07:00,1833.170,ok,current_change,244.263,1.637,113.120,427.934,442.875,0.255
2026-08-02T10:44:09.343-07:00,1835.183,ok,current_change,244.322,1.669,116.321,436.472,451.946,0.258
2026-08-02T10:44:11.355-07:00,1837.195,ok,current_change,244.385,1.652,112.053,432.737,449.811,0.258
2026-08-02T10:44:13.367-07:00,1839.207,ok,current_change,244.214,1.672,120.590,435.938,452.479,0.266
2026-08-02T10:44:14.373-07:00,1840.214,ok,current_change,244.478,1.644,117.389,429.535,445.543,0.265
2026-08-02T10:44:15.380-07:00,1841.220,ok,current_change,244.111,1.686,121.657,439.673,456.214,0.267
2026-08-02T10:44:16.386-07:00,1842.227,ok,current_change,244.282,1.641,116.321,427.934,448.744,0.265
2026-08-02T10:44:17.393-07:00,1843.233,ok,current_change,244.297,1.666,117.389,434.871,450.879,0.261
2026-08-02T10:44:26.445-07:00,1852.285,ok,current_change,244.165,1.690,119.523,440.740,457.282,0.262
2026-08-02T10:44:27.452-07:00,1853.292,ok,current_change,244.312,1.652,113.120,432.203,447.143,0.254
2026-08-02T10:44:28.458-07:00,1854.298,ok,current_change,244.346,1.672,119.523,435.938,452.479,0.264
2026-08-02T10:44:31.476-07:00,1857.316,ok,current_change,244.326,1.651,118.456,430.069,446.610,0.266
2026-08-02T10:44:34.497-07:00,1860.338,ok,current_change,243.901,1.677,118.456,437.539,453.547,0.262
2026-08-02T10:44:35.504-07:00,1861.344,ok,current_change,244.248,1.661,117.389,433.270,449.278,0.262
2026-08-02T10:44:36.510-07:00,1862.350,ok,current_change,243.945,1.689,114.187,441.808,456.748,0.251
2026-08-02T10:44:37.520-07:00,1863.360,ok,current_change,244.053,1.659,114.187,433.804,448.744,0.254
2026-08-02T10:44:39.532-07:00,1865.372,ok,current_change,244.018,1.676,116.321,437.539,453.013,0.258
2026-08-02T10:44:41.545-07:00,1867.385,ok,current_change,244.126,1.642,113.120,429.535,444.476,0.255
2026-08-02T10:44:42.555-07:00,1868.395,ok,current_change,244.419,1.671,118.456,436.472,452.479,0.262
2026-08-02T10:44:44.567-07:00,1870.407,ok,current_change,244.043,1.642,116.321,427.934,443.942,0.263
2026-08-02T10:44:45.573-07:00,1871.413,ok,current_change,243.994,1.669,120.590,434.871,451.412,0.267
2026-08-02T10:44:46.580-07:00,1872.420,ok,current_change,244.356,1.641,118.456,427.401,443.942,0.267
2026-08-02T10:44:47.590-07:00,1873.430,ok,current_change,244.087,1.674,119.523,436.472,453.013,0.264
2026-08-02T10:44:50.608-07:00,1876.448,ok,current_change,244.366,1.651,112.053,432.737,447.143,0.251
2026-08-02T10:44:53.626-07:00,1879.466,ok,current_change,244.102,1.677,113.120,438.606,444.476,0.246
2026-08-02T10:44:58.656-07:00,1884.496,ok,current_change,244.414,1.656,118.456,432.203,448.211,0.264
2026-08-02T10:45:05.701-07:00,1891.541,ok,current_change,244.048,1.676,114.187,438.073,453.013,0.252
2026-08-02T10:45:08.719-07:00,1894.559,ok,current_change,244.106,1.639,112.053,428.468,443.408,0.254
2026-08-02T10:45:11.737-07:00,1897.577,ok,current_change,243.965,1.677,117.389,438.073,453.547,0.259
2026-08-02T10:45:13.749-07:00,1899.589,ok,current_change,244.238,1.642,118.456,435.938,451.946,0.262
2026-08-02T10:45:17.773-07:00,1903.613,ok,current_change,244.395,1.662,113.120,435.405,450.345,0.252
2026-08-02T10:45:19.785-07:00,1905.625,ok,current_change,244.146,1.681,114.187,439.673,454.614,0.252
2026-08-02T10:45:20.791-07:00,1906.632,ok,current_change,244.160,1.661,114.187,434.337,449.278,0.255
2026-08-02T10:45:21.798-07:00,1907.638,ok,current_change,244.463,1.686,119.523,445.543,461.550,0.259
2026-08-02T10:45:23.810-07:00,1909.650,ok,current_change,244.053,1.642,116.321,427.934,443.942,0.262
2026-08-02T10:45:24.817-07:00,1910.657,ok,current_change,244.576,1.661,118.456,433.270,449.811,0.264
2026-08-02T10:45:30.852-07:00,1916.692,ok,current_change,244.092,1.679,113.120,439.140,454.080,0.250
2026-08-02T10:45:32.864-07:00,1918.704,ok,current_change,243.950,1.647,116.321,436.472,451.946,0.258
2026-08-02T10:45:33.871-07:00,1919.711,ok,current_change,243.999,1.681,118.456,438.606,454.614,0.262
2026-08-02T10:45:37.895-07:00,1923.735,ok,current_change,244.018,1.642,115.254,428.468,453.547,0.266
2026-08-02T10:45:38.901-07:00,1924.741,ok,current_change,244.106,1.662,118.456,433.804,449.811,0.263
2026-08-02T10:45:42.925-07:00,1928.765,ok,current_change,244.009,1.681,116.321,439.140,454.614,0.257
2026-08-02T10:45:44.937-07:00,1930.777,ok,current_change,244.307,1.642,113.120,429.535,444.476,0.255
2026-08-02T10:45:46.949-07:00,1932.789,ok,current_change,244.214,1.676,120.590,437.005,453.547,0.266
2026-08-02T10:45:47.956-07:00,1933.796,ok,current_change,244.361,1.656,118.456,432.203,448.211,0.264
2026-08-02T10:45:48.965-07:00,1934.805,ok,current_change,244.273,1.684,119.523,439.140,455.681,0.263
2026-08-02T10:45:50.977-07:00,1936.818,ok,current_change,244.307,1.649,115.254,431.136,446.610,0.258
2026-08-02T10:45:51.984-07:00,1937.824,ok,current_change,243.984,1.671,115.254,436.472,451.946,0.255
2026-08-02T10:45:52.990-07:00,1938.831,ok,current_change,244.141,1.642,108.851,430.602,444.476,0.246
2026-08-02T10:45:55.006-07:00,1940.846,ok,current_change,244.043,1.672,112.053,438.073,452.479,0.247
2026-08-02T10:46:03.053-07:00,1948.893,ok,current_change,244.370,1.642,115.254,429.002,444.476,0.260
2026-08-02T10:46:06.071-07:00,1951.911,ok,current_change,243.984,1.679,114.187,439.140,454.080,0.252
2026-08-02T10:46:07.078-07:00,1952.918,ok,current_change,244.053,1.710,119.523,446.610,462.617,0.258
2026-08-02T10:46:08.084-07:00,1953.924,ok,current_change,244.273,1.657,115.254,433.270,448.744,0.258
2026-08-02T10:46:09.094-07:00,1954.934,ok,current_change,244.263,1.682,120.590,438.606,455.147,0.265
2026-08-02T10:46:14.124-07:00,1959.964,ok,current_change,244.058,1.662,118.456,433.804,449.811,0.263
2026-08-02T10:46:16.140-07:00,1961.980,ok,current_change,244.234,1.681,115.254,439.673,454.614,0.253
2026-08-02T10:46:17.146-07:00,1962.986,ok,current_change,244.317,1.649,113.120,431.670,446.610,0.254
2026-08-02T10:46:18.153-07:00,1963.993,ok,current_change,244.253,1.672,117.389,436.472,452.479,0.259
2026-08-02T10:46:19.159-07:00,1964.999,ok,current_change,244.278,1.641,113.120,429.002,443.942,0.254
2026-08-02T10:46:20.169-07:00,1966.009,ok,current_change,244.018,1.674,120.590,435.938,452.479,0.266
2026-08-02T10:46:21.176-07:00,1967.016,ok,current_change,244.238,1.656,117.389,432.203,448.211,0.262
2026-08-02T10:46:23.188-07:00,1969.028,ok,current_change,244.307,1.637,115.254,427.934,443.408,0.260
2026-08-02T10:46:24.195-07:00,1970.035,ok,current_change,244.248,1.666,118.456,434.871,450.879,0.263
2026-08-02T10:46:26.211-07:00,1972.051,ok,current_change,244.307,1.639,110.985,429.002,443.408,0.251
2026-08-02T10:46:27.217-07:00,1973.057,ok,current_change,244.370,1.666,115.254,437.539,453.013,0.255
2026-08-02T10:46:33.253-07:00,1979.093,ok,current_change,244.356,1.646,119.523,429.002,445.543,0.268
2026-08-02T10:46:34.259-07:00,1980.099,ok,current_change,244.375,1.667,121.657,434.337,451.412,0.269
2026-08-02T10:46:37.277-07:00,1983.117,ok,current_change,244.058,1.646,113.120,430.069,445.009,0.255
2026-08-02T10:46:38.284-07:00,1984.124,ok,current_change,244.097,1.671,118.456,435.938,451.946,0.263
2026-08-02T10:46:39.293-07:00,1985.133,ok,current_change,243.965,1.646,108.851,431.136,445.009,0.245
2026-08-02T10:46:40.300-07:00,1986.140,ok,current_change,244.243,1.667,116.321,435.938,451.412,0.259
2026-08-02T10:46:41.306-07:00,1987.146,ok,current_change,244.004,1.647,114.187,430.069,445.543,0.257
2026-08-02T10:46:43.319-07:00,1989.159,ok,current_change,244.336,1.674,122.724,435.405,453.013,0.271
2026-08-02T10:46:45.334-07:00,1991.174,ok,current_change,244.253,1.651,117.389,430.602,446.610,0.263
2026-08-02T10:46:49.358-07:00,1995.198,ok,current_change,244.346,1.679,115.254,439.140,454.614,0.254
2026-08-02T10:46:50.365-07:00,1996.205,ok,current_change,244.341,1.651,112.053,432.203,446.610,0.250
2026-08-02T10:46:52.377-07:00,1998.217,ok,current_change,244.287,1.677,117.389,438.073,448.744,0.257
2026-08-02T10:46:53.383-07:00,1999.224,ok,current_change,244.278,1.646,116.321,429.535,445.543,0.262
2026-08-02T10:46:55.396-07:00,2001.236,ok,current_change,244.375,1.679,117.389,429.535,445.543,0.265
2026-08-02T10:46:56.402-07:00,2002.242,ok,current_change,244.346,1.636,116.321,426.867,442.875,0.262
2026-08-02T10:46:57.409-07:00,2003.249,ok,current_change,244.405,1.659,116.321,433.804,449.278,0.260
2026-08-02T10:47:02.439-07:00,2008.279,ok,current_change,244.473,1.637,112.053,428.468,443.408,0.254
2026-08-02T10:47:03.445-07:00,2009.285,ok,current_change,244.126,1.654,114.187,432.203,450.879,0.260
2026-08-02T10:47:07.469-07:00,2013.309,ok,current_change,244.463,1.636,116.321,426.867,442.875,0.264
2026-08-02T10:47:08.480-07:00,2014.320,ok,current_change,244.106,1.679,113.120,433.270,448.211,0.252
2026-08-02T10:47:11.498-07:00,2017.338,ok,current_change,244.199,1.636,115.254,437.005,452.479,0.256
2026-08-02T10:47:13.510-07:00,2019.350,ok,current_change,244.370,1.656,115.254,432.737,448.211,0.258
2026-08-02T10:47:22.563-07:00,2028.403,ok,current_change,244.278,1.677,114.187,436.472,451.412,0.253
2026-08-02T10:47:23.569-07:00,2029.409,ok,current_change,244.282,1.642,112.053,429.535,444.476,0.253
2026-08-02T10:47:24.576-07:00,2030.416,ok,current_change,244.278,1.676,117.389,437.539,453.547,0.260
2026-08-02T10:47:25.582-07:00,2031.422,ok,current_change,244.102,1.646,116.321,429.002,445.009,0.262
2026-08-02T10:47:27.595-07:00,2033.435,ok,current_change,243.926,1.671,117.389,428.468,444.476,0.265
2026-08-02T10:47:28.604-07:00,2034.444,ok,current_change,244.048,1.649,116.321,430.602,446.076,0.261
2026-08-02T10:47:31.623-07:00,2037.463,ok,current_change,243.867,1.681,117.389,438.606,454.080,0.258
2026-08-02T10:47:32.629-07:00,2038.469,ok,current_change,244.072,1.662,113.120,434.871,449.811,0.251
2026-08-02T10:47:41.685-07:00,2047.525,ok,current_change,244.273,1.644,109.918,430.602,445.009,0.248
2026-08-02T10:47:42.692-07:00,2048.532,ok,current_change,244.253,1.662,115.254,434.337,449.811,0.257
2026-08-02T10:47:49.733-07:00,2055.573,ok,current_change,244.253,1.646,113.120,430.602,445.543,0.255
2026-08-02T10:47:50.740-07:00,2056.580,ok,current_change,243.984,1.666,112.053,435.938,450.345,0.248
2026-08-02T10:47:55.769-07:00,2061.609,ok,current_change,243.838,1.684,122.724,438.073,455.147,0.271
2026-08-02T10:47:56.776-07:00,2062.616,ok,current_change,243.979,1.636,115.254,426.867,442.341,0.262
2026-08-02T10:47:57.782-07:00,2063.622,ok,current_change,244.268,1.671,117.389,435.938,453.547,0.260
2026-08-02T10:47:58.789-07:00,2064.629,ok,current_change,244.312,1.649,114.187,431.670,446.610,0.255
2026-08-02T10:48:00.801-07:00,2066.641,ok,current_change,244.229,1.672,114.187,437.539,452.479,0.253
2026-08-02T10:48:05.831-07:00,2071.671,ok,current_change,244.224,1.642,118.456,427.934,450.879,0.265
2026-08-02T10:48:07.843-07:00,2073.683,ok,current_change,244.351,1.667,116.321,435.938,451.412,0.257
2026-08-02T10:48:08.850-07:00,2074.690,ok,current_change,244.361,1.644,109.918,430.602,445.009,0.248
2026-08-02T10:48:12.873-07:00,2078.714,ok,current_change,244.253,1.666,120.590,434.337,450.879,0.267
2026-08-02T10:48:19.915-07:00,2085.755,ok,current_change,244.219,1.641,112.053,429.535,443.942,0.252
2026-08-02T10:48:20.921-07:00,2086.761,ok,current_change,244.322,1.669,120.590,435.405,451.946,0.267
2026-08-02T10:48:25.951-07:00,2091.791,ok,current_change,244.278,1.652,112.053,432.737,447.143,0.251
2026-08-02T10:48:28.969-07:00,2094.809,ok,current_change,244.410,1.679,118.456,438.606,454.614,0.262
2026-08-02T10:48:30.981-07:00,2096.821,ok,current_change,244.326,1.652,118.456,430.602,447.143,0.266
2026-08-02T10:48:39.032-07:00,2104.872,ok,current_change,244.092,1.684,121.657,438.606,455.681,0.268
2026-08-02T10:48:40.038-07:00,2105.878,ok,current_change,244.282,1.659,118.456,433.270,449.278,0.263
2026-08-02T10:48:41.045-07:00,2106.885,ok,current_change,244.062,1.686,112.053,431.136,445.543,0.251
2026-08-02T10:48:42.051-07:00,2107.891,ok,current_change,244.263,1.661,115.254,433.804,449.278,0.256
2026-08-02T10:48:43.062-07:00,2108.902,ok,current_change,243.955,1.687,114.187,441.274,456.214,0.250
2026-08-02T10:48:45.074-07:00,2110.914,ok,current_change,244.062,1.657,115.254,432.737,452.479,0.266
2026-08-02T10:48:47.086-07:00,2112.926,ok,current_change,244.322,1.679,122.724,437.539,454.614,0.270
2026-08-02T10:48:48.093-07:00,2113.933,ok,current_change,244.273,1.646,115.254,430.069,445.543,0.258
2026-08-02T10:48:50.105-07:00,2115.945,ok,current_change,244.082,1.674,113.120,438.073,455.681,0.251
2026-08-02T10:48:52.117-07:00,2117.957,ok,current_change,244.282,1.692,118.456,441.808,457.815,0.260
2026-08-02T10:48:54.133-07:00,2119.973,ok,current_change,244.302,1.674,122.724,435.405,453.013,0.271
2026-08-02T10:48:59.165-07:00,2125.003,ok,current_change,244.282,1.654,116.321,432.203,447.677,0.260
2026-08-02T10:49:00.171-07:00,2126.012,ok,current_change,244.014,1.676,120.590,436.472,453.013,0.267
2026-08-02T10:49:07.212-07:00,2133.052,ok,current_change,244.053,1.704,120.590,444.476,461.017,0.263
2026-08-02T10:49:08.218-07:00,2134.058,ok,current_change,243.979,1.672,119.523,435.405,451.946,0.266
2026-08-02T10:49:09.225-07:00,2135.065,ok,current_change,244.009,1.651,114.187,430.602,446.076,0.257
2026-08-02T10:49:11.237-07:00,2137.077,ok,current_change,244.282,1.682,116.321,439.673,455.147,0.256
2026-08-02T10:49:18.278-07:00,2144.118,ok,current_change,244.258,1.664,113.120,435.405,453.013,0.248
2026-08-02T10:49:20.290-07:00,2146.131,ok,current_change,244.160,1.681,116.321,439.140,454.614,0.256
2026-08-02T10:49:23.309-07:00,2149.149,ok,current_change,244.238,1.656,116.321,432.203,456.214,0.270
2026-08-02T10:49:24.318-07:00,2150.158,ok,current_change,244.082,1.672,117.389,436.472,452.479,0.260
2026-08-02T10:49:29.348-07:00,2155.188,ok,current_change,244.312,1.656,116.321,432.203,448.211,0.260
2026-08-02T10:49:30.354-07:00,2156.194,ok,current_change,244.243,1.679,120.590,438.073,454.614,0.266
2026-08-02T10:49:31.361-07:00,2157.201,ok,current_change,244.258,1.646,116.321,430.069,445.543,0.261
2026-08-02T10:49:32.367-07:00,2158.207,ok,current_change,243.930,1.679,112.053,439.673,454.080,0.247
2026-08-02T10:49:37.397-07:00,2163.237,ok,current_change,244.160,1.695,122.724,441.808,458.882,0.267
2026-08-02T10:49:39.409-07:00,2165.249,ok,current_change,244.204,1.659,110.985,434.337,448.744,0.247
2026-08-02T10:49:41.421-07:00,2167.261,ok,current_change,244.258,1.681,120.590,439.673,456.214,0.264
2026-08-02T10:49:42.428-07:00,2168.268,ok,current_change,244.395,1.662,117.389,434.337,450.345,0.262
2026-08-02T10:49:43.434-07:00,2169.274,ok,current_change,244.307,1.684,121.657,439.140,455.681,0.267
2026-08-02T10:49:45.447-07:00,2171.287,ok,current_change,244.004,1.667,115.254,435.405,450.879,0.255
2026-08-02T10:49:48.465-07:00,2174.305,ok,current_change,244.097,1.686,120.590,439.140,455.681,0.266
2026-08-02T10:49:49.471-07:00,2175.311,ok,current_change,244.160,1.654,116.321,432.203,447.677,0.260
2026-08-02T10:49:51.483-07:00,2177.323,ok,current_change,244.126,1.677,117.389,437.539,454.614,0.258
2026-08-02T10:49:57.519-07:00,2183.359,ok,current_change,243.994,1.656,117.389,431.670,447.677,0.263
2026-08-02T10:49:58.525-07:00,2184.365,ok,current_change,244.297,1.686,115.254,441.274,456.214,0.253
2026-08-02T10:50:00.531-07:00,2186.374,ok,current_change,244.253,1.664,115.254,434.871,450.345,0.256
2026-08-02T10:50:05.550-07:00,2191.390,ok,current_change,244.263,1.681,114.187,439.673,454.614,0.251
2026-08-02T10:50:06.556-07:00,2192.396,ok,current_change,243.970,1.654,114.187,432.203,447.143,0.255
2026-08-02T10:50:07.563-07:00,2193.403,ok,current_change,244.287,1.681,115.254,439.673,455.147,0.254
2026-08-02T10:50:08.570-07:00,2194.410,ok,current_change,244.219,1.664,119.523,433.804,450.345,0.265
2026-08-02T10:50:10.582-07:00,2196.422,ok,current_change,244.121,1.687,118.456,440.207,456.214,0.259
2026-08-02T10:50:13.616-07:00,2199.456,ok,current_change,244.102,1.654,113.120,432.203,447.143,0.254
2026-08-02T10:50:14.622-07:00,2200.463,ok,current_change,244.160,1.677,117.389,437.539,453.547,0.260
2026-08-02T10:50:15.629-07:00,2201.469,ok,current_change,244.488,1.661,120.590,437.539,454.080,0.265
2026-08-02T10:50:18.650-07:00,2204.490,ok,current_change,243.940,1.686,117.389,439.673,455.681,0.258
2026-08-02T10:50:19.656-07:00,2205.497,ok,current_change,244.199,1.654,110.985,433.270,447.677,0.249
2026-08-02T10:50:20.663-07:00,2206.503,ok,current_change,243.940,1.677,119.523,437.005,453.547,0.265
2026-08-02T10:50:22.679-07:00,2208.519,ok,current_change,244.366,1.649,116.321,430.602,446.610,0.261
2026-08-02T10:50:25.697-07:00,2211.537,ok,current_change,244.023,1.690,115.254,442.341,457.282,0.252
2026-08-02T10:50:26.707-07:00,2212.547,ok,current_change,244.297,1.662,113.120,434.871,454.614,0.259
2026-08-02T10:50:27.713-07:00,2213.554,ok,current_change,244.317,1.690,121.657,440.740,457.815,0.267
2026-08-02T10:50:29.726-07:00,2215.566,ok,current_change,244.278,1.661,117.389,439.140,455.147,0.259
2026-08-02T10:50:31.738-07:00,2217.578,ok,current_change,243.935,1.679,116.321,438.606,454.080,0.256
2026-08-02T10:50:39.785-07:00,2225.625,ok,current_change,244.429,1.659,116.321,433.804,449.278,0.259
2026-08-02T10:50:42.804-07:00,2228.644,ok,current_change,244.248,1.676,121.657,436.472,452.479,0.270
2026-08-02T10:50:44.818-07:00,2230.658,ok,current_change,244.278,1.657,113.120,433.804,448.744,0.252
2026-08-02T10:50:46.830-07:00,2232.670,ok,current_change,243.940,1.684,120.590,438.606,455.147,0.266
2026-08-02T10:50:47.837-07:00,2233.677,ok,current_change,244.282,1.654,120.590,433.270,449.811,0.268
2026-08-02T10:50:48.845-07:00,2234.685,ok,current_change,244.390,1.694,124.859,441.274,458.882,0.272
2026-08-02T10:50:49.851-07:00,2235.692,ok,current_change,244.234,1.677,113.120,430.069,445.009,0.255
2026-08-02T10:50:54.881-07:00,2240.721,ok,current_change,244.190,1.652,116.321,431.670,453.013,0.266
2026-08-02T10:50:55.888-07:00,2241.728,ok,current_change,244.204,1.674,119.523,436.472,453.013,0.265
2026-08-02T10:50:56.895-07:00,2242.734,ok,current_change,244.297,1.646,115.254,430.069,445.543,0.260
2026-08-02T10:50:58.907-07:00,2244.747,ok,current_change,244.287,1.684,118.456,439.673,455.681,0.260
2026-08-02T10:50:59.910-07:00,2245.754,ok,current_change,244.038,1.657,115.254,432.737,448.211,0.258
2026-08-02T10:51:02.918-07:00,2248.761,ok,current_change,244.282,1.674,118.456,437.005,453.013,0.262
2026-08-02T10:51:05.932-07:00,2251.772,ok,current_change,244.258,1.654,113.120,432.737,447.677,0.252
2026-08-02T10:51:06.939-07:00,2252.779,ok,current_change,244.033,1.677,118.456,437.539,453.547,0.261
2026-08-02T10:51:09.957-07:00,2255.797,ok,current_change,243.994,1.647,113.120,430.602,445.543,0.253
2026-08-02T10:51:10.963-07:00,2256.803,ok,current_change,244.238,1.674,116.321,437.539,453.013,0.256
2026-08-02T10:51:11.971-07:00,2257.811,ok,current_change,244.341,1.656,110.985,433.804,448.211,0.247
2026-08-02T10:51:12.978-07:00,2258.818,ok,current_change,244.326,1.677,122.724,439.140,456.214,0.269
2026-08-02T10:51:18.008-07:00,2263.848,ok,current_change,243.994,1.649,110.985,431.670,452.479,0.256
2026-08-02T10:51:19.014-07:00,2264.854,ok,current_change,243.974,1.681,114.187,439.673,454.614,0.252
2026-08-02T10:51:20.021-07:00,2265.861,ok,current_change,244.155,1.661,119.523,432.737,449.278,0.266
2026-08-02T10:51:23.039-07:00,2268.879,ok,current_change,243.974,1.709,122.724,445.009,459.416,0.260
2026-08-02T10:51:24.049-07:00,2269.889,ok,current_change,244.150,1.661,112.053,434.871,449.278,0.250
2026-08-02T10:51:26.062-07:00,2271.902,ok,current_change,244.268,1.684,120.590,439.140,455.681,0.264
2026-08-02T10:51:27.068-07:00,2272.908,ok,current_change,244.361,1.704,124.859,443.942,461.550,0.271
2026-08-02T10:51:28.075-07:00,2273.915,ok,current_change,244.302,1.656,118.456,432.203,448.211,0.264
2026-08-02T10:51:31.094-07:00,2276.934,ok,current_change,243.921,1.684,114.187,440.207,455.147,0.252
2026-08-02T10:51:33.106-07:00,2278.946,ok,current_change,244.229,1.647,115.254,430.069,445.543,0.260
2026-08-02T10:51:34.114-07:00,2279.954,ok,current_change,244.023,1.677,119.523,437.005,453.547,0.265
2026-08-02T10:51:37.132-07:00,2282.972,ok,current_change,244.263,1.644,112.053,430.069,455.681,0.254
2026-08-02T10:51:38.139-07:00,2283.979,ok,current_change,244.238,1.677,117.389,438.606,454.080,0.258
2026-08-02T10:51:42.164-07:00,2288.004,ok,current_change,244.190,1.661,114.187,434.337,456.214,0.261
2026-08-02T10:51:43.171-07:00,2289.011,ok,current_change,244.234,1.686,114.187,441.274,456.214,0.251
2026-08-02T10:51:45.184-07:00,2291.025,ok,current_change,244.238,1.657,117.389,432.737,448.744,0.261
2026-08-02T10:51:46.191-07:00,2292.031,ok,current_change,244.312,1.676,120.590,437.005,453.547,0.266
2026-08-02T10:51:52.227-07:00,2298.067,ok,current_change,244.106,1.654,116.321,431.136,453.547,0.268
2026-08-02T10:51:53.233-07:00,2299.073,ok,current_change,244.136,1.704,118.456,445.009,461.017,0.258
2026-08-02T10:51:54.240-07:00,2300.080,ok,current_change,244.493,1.662,117.389,434.337,450.345,0.260
2026-08-02T10:51:55.246-07:00,2301.086,ok,current_change,244.556,1.690,116.321,442.341,457.815,0.254
2026-08-02T10:51:57.259-07:00,2303.099,ok,current_change,244.429,1.659,117.389,433.270,453.547,0.266
2026-08-02T10:52:00.275-07:00,2306.115,ok,current_change,244.243,1.692,112.053,443.408,458.349,0.252
2026-08-02T10:52:02.287-07:00,2308.127,ok,current_change,244.111,1.674,117.389,437.539,453.013,0.259
2026-08-02T10:52:06.311-07:00,2312.151,ok,current_change,244.346,1.695,120.590,442.341,458.882,0.264
2026-08-02T10:52:07.317-07:00,2313.158,ok,current_change,244.278,1.657,119.523,432.203,448.744,0.266
2026-08-02T10:52:08.324-07:00,2314.164,ok,current_change,244.014,1.684,121.657,438.073,458.882,0.266
2026-08-02T10:52:14.360-07:00,2320.200,ok,current_change,244.258,1.654,115.254,432.203,447.677,0.258
2026-08-02T10:52:15.366-07:00,2321.206,ok,current_change,244.346,1.687,113.120,442.341,456.748,0.248
2026-08-02T10:52:19.390-07:00,2325.230,ok,current_change,244.322,1.652,121.657,439.140,456.214,0.268
2026-08-02T10:52:22.410-07:00,2328.250,ok,current_change,244.297,1.686,119.523,440.207,456.214,0.262
2026-08-02T10:52:25.428-07:00,2331.268,ok,current_change,244.033,1.667,110.985,437.005,450.879,0.246
2026-08-02T10:52:26.434-07:00,2332.274,ok,current_change,244.292,1.689,116.321,441.808,457.282,0.255
2026-08-02T10:52:27.441-07:00,2333.281,ok,current_change,243.842,1.669,115.254,435.405,450.879,0.255
2026-08-02T10:52:29.453-07:00,2335.293,ok,current_change,244.102,1.697,121.657,441.808,454.080,0.261
2026-08-02T10:52:31.465-07:00,2337.306,ok,current_change,244.155,1.671,113.120,437.005,451.946,0.251
2026-08-02T10:52:32.472-07:00,2338.312,ok,current_change,243.950,1.695,119.523,442.341,458.349,0.261
2026-08-02T10:52:34.484-07:00,2340.324,ok,current_change,244.317,1.664,117.389,434.337,455.681,0.266
2026-08-02T10:52:35.491-07:00,2341.331,ok,current_change,244.258,1.681,113.120,439.673,454.614,0.250
2026-08-02T10:52:40.521-07:00,2346.361,ok,current_change,244.185,1.662,113.120,434.871,449.811,0.252
2026-08-02T10:52:41.527-07:00,2347.367,ok,current_change,244.380,1.695,118.456,442.875,458.882,0.258
2026-08-02T10:52:42.534-07:00,2348.374,ok,current_change,244.297,1.664,118.456,438.606,454.614,0.260
2026-08-02T10:52:43.540-07:00,2349.380,ok,current_change,244.238,1.682,120.590,438.606,455.147,0.265
2026-08-02T10:53:01.635-07:00,2367.478,ok,current_change,244.190,1.699,116.321,444.476,459.950,0.254
2026-08-02T10:53:02.638-07:00,2368.481,ok,current_change,244.048,1.659,113.120,433.804,448.744,0.252
2026-08-02T10:53:05.652-07:00,2371.492,ok,current_change,244.165,1.690,115.254,442.341,457.282,0.253
2026-08-02T10:53:18.728-07:00,2384.568,ok,current_change,243.984,1.671,116.321,436.472,451.946,0.258
2026-08-02T10:53:21.746-07:00,2387.586,ok,current_change,243.823,1.697,118.456,442.875,458.882,0.258
2026-08-02T10:53:24.764-07:00,2390.604,ok,current_change,244.087,1.674,121.657,435.938,453.013,0.268
2026-08-02T10:53:31.805-07:00,2397.645,ok,current_change,244.092,1.690,117.389,441.274,456.748,0.257
2026-08-02T10:53:32.812-07:00,2398.652,ok,current_change,244.028,1.671,115.254,436.472,451.946,0.256
2026-08-02T10:53:33.818-07:00,2399.658,ok,current_change,244.263,1.692,119.523,441.274,457.815,0.262
2026-08-02T10:53:39.853-07:00,2405.694,ok,current_change,244.136,1.654,120.590,438.606,455.147,0.265
2026-08-02T10:53:43.877-07:00,2409.717,ok,current_change,244.194,1.694,122.724,441.274,458.349,0.269
2026-08-02T10:53:46.895-07:00,2412.736,ok,current_change,244.180,1.662,113.120,434.871,449.811,0.252
2026-08-02T10:53:47.902-07:00,2413.742,ok,current_change,244.258,1.694,120.590,433.270,450.345,0.269
2026-08-02T10:53:50.920-07:00,2416.760,ok,current_change,244.175,1.676,113.120,438.606,453.547,0.250
2026-08-02T10:53:53.938-07:00,2419.778,ok,current_change,244.136,1.707,123.792,445.009,462.084,0.269
2026-08-02T10:53:55.951-07:00,2421.791,ok,current_change,244.087,1.686,115.254,440.207,455.681,0.254
2026-08-02T10:53:57.963-07:00,2423.803,ok,current_change,244.165,1.662,120.590,442.341,458.882,0.264
2026-08-02T10:53:58.969-07:00,2424.809,ok,current_change,244.082,1.704,121.657,444.476,461.017,0.265
2026-08-02T10:54:01.977-07:00,2427.821,ok,current_change,244.053,1.679,122.724,437.005,454.080,0.270
2026-08-02T10:54:02.980-07:00,2428.824,ok,current_change,244.219,1.661,118.456,433.270,449.278,0.263
2026-08-02T10:54:03.983-07:00,2429.826,ok,current_change,244.043,1.692,119.523,441.808,457.815,0.261
2026-08-02T10:54:04.990-07:00,2430.831,ok,current_change,243.896,1.657,114.187,432.737,447.677,0.255
2026-08-02T10:54:05.997-07:00,2431.837,ok,current_change,243.857,1.684,116.321,439.673,455.147,0.256
2026-08-02T10:54:14.044-07:00,2439.884,ok,current_change,244.229,1.666,112.053,436.472,450.879,0.248
2026-08-02T10:54:15.051-07:00,2440.891,ok,current_change,243.960,1.690,117.389,441.808,457.282,0.256
2026-08-02T10:54:22.092-07:00,2447.932,ok,current_change,243.945,1.672,116.321,436.472,451.946,0.258
2026-08-02T10:54:25.110-07:00,2450.950,ok,current_change,244.243,1.689,118.456,441.274,457.282,0.260
2026-08-02T10:54:26.116-07:00,2451.956,ok,current_change,244.038,1.667,117.389,434.871,450.879,0.260
2026-08-02T10:54:27.123-07:00,2452.963,ok,current_change,243.921,1.692,120.590,440.740,457.282,0.264
2026-08-02T10:54:32.154-07:00,2457.994,ok,current_change,244.199,1.676,118.456,437.539,453.547,0.262
2026-08-02T10:54:34.167-07:00,2460.007,ok,current_change,244.116,1.702,114.187,437.005,451.946,0.252
2026-08-02T10:54:36.180-07:00,2462.020,ok,current_change,244.302,1.677,120.590,437.539,454.080,0.265
2026-08-02T10:54:40.204-07:00,2466.044,ok,current_change,243.984,1.697,120.590,442.341,458.882,0.264
2026-08-02T10:54:47.245-07:00,2473.085,ok,current_change,244.370,1.679,114.187,439.673,457.815,0.248
2026-08-02T10:54:50.263-07:00,2476.103,ok,current_change,244.180,1.697,113.120,435.938,450.879,0.250
2026-08-02T10:54:51.270-07:00,2477.110,ok,current_change,244.268,1.677,114.187,439.140,454.080,0.252
2026-08-02T10:54:53.282-07:00,2479.122,ok,current_change,244.253,1.702,123.792,443.408,460.483,0.269
2026-08-02T10:54:54.289-07:00,2480.129,ok,current_change,244.170,1.671,118.456,435.938,451.946,0.262
2026-08-02T10:54:56.301-07:00,2482.141,ok,current_change,244.317,1.700,118.456,444.476,460.483,0.257
2026-08-02T10:54:58.313-07:00,2484.153,ok,current_change,244.380,1.666,115.254,435.405,450.879,0.255
2026-08-02T10:54:59.318-07:00,2485.161,ok,current_change,244.033,1.687,120.590,439.673,456.214,0.264
2026-08-02T10:55:00.320-07:00,2486.164,ok,current_change,244.278,1.664,110.985,435.938,450.345,0.246
2026-08-02T10:55:02.325-07:00,2488.169,ok,current_change,244.097,1.692,120.590,441.274,457.815,0.264
2026-08-02T10:55:07.351-07:00,2493.191,ok,current_change,243.769,1.709,122.724,444.476,461.550,0.267
2026-08-02T10:55:08.358-07:00,2494.198,ok,current_change,244.092,1.692,115.254,442.875,457.815,0.252
2026-08-02T10:55:10.370-07:00,2496.210,ok,current_change,244.180,1.672,115.254,437.539,458.349,0.256
2026-08-02T10:55:13.388-07:00,2499.228,ok,current_change,244.121,1.702,109.918,438.606,452.479,0.243
2026-08-02T10:55:14.395-07:00,2500.235,ok,current_change,244.136,1.669,115.254,435.938,451.412,0.255
2026-08-02T10:55:15.401-07:00,2501.241,ok,current_change,244.009,1.692,121.657,440.740,458.349,0.268
2026-08-02T10:55:19.425-07:00,2505.265,ok,current_change,243.989,1.717,123.792,447.143,464.218,0.267
2026-08-02T10:55:20.431-07:00,2506.272,ok,current_change,244.116,1.692,120.590,441.274,457.815,0.264
2026-08-02T10:55:26.467-07:00,2512.307,ok,current_change,244.282,1.671,110.985,437.539,451.946,0.246
2026-08-02T10:55:27.474-07:00,2513.314,ok,current_change,244.268,1.709,120.590,446.610,462.617,0.260
2026-08-02T10:55:29.486-07:00,2515.326,ok,current_change,244.185,1.687,121.657,439.673,456.748,0.267
2026-08-02T10:55:38.539-07:00,2524.379,ok,current_change,244.136,1.669,117.389,435.405,451.412,0.260
2026-08-02T10:55:40.551-07:00,2526.391,ok,current_change,244.126,1.686,115.254,441.274,456.214,0.253
2026-08-02T10:55:45.583-07:00,2531.423,ok,current_change,244.136,1.704,122.724,443.942,461.017,0.266
2026-08-02T10:55:47.596-07:00,2533.436,ok,current_change,244.190,1.687,114.187,441.808,456.748,0.250
2026-08-02T10:55:53.632-07:00,2539.472,ok,current_change,244.234,1.717,121.657,448.211,464.752,0.263
2026-08-02T10:55:54.639-07:00,2540.479,ok,current_change,244.248,1.674,121.657,435.938,453.013,0.268
2026-08-02T10:55:57.657-07:00,2543.497,ok,current_change,244.248,1.692,118.456,441.808,457.815,0.260
2026-08-02T10:56:04.698-07:00,2550.538,ok,current_change,244.214,1.674,117.389,444.476,459.950,0.256
2026-08-02T10:56:05.705-07:00,2551.545,ok,current_change,244.136,1.690,116.321,441.808,457.282,0.254
2026-08-02T10:56:06.711-07:00,2552.551,ok,current_change,244.219,1.707,123.792,445.009,461.550,0.263
2026-08-02T10:56:07.718-07:00,2553.558,ok,current_change,244.238,1.669,116.321,435.938,451.412,0.257
2026-08-02T10:56:08.724-07:00,2554.564,ok,current_change,243.945,1.699,113.120,445.009,459.416,0.247
2026-08-02T10:56:09.731-07:00,2555.571,ok,current_change,244.175,1.729,123.792,450.879,467.953,0.266
2026-08-02T10:56:10.737-07:00,2556.577,ok,current_change,244.204,1.690,120.590,440.740,457.282,0.264
2026-08-02T10:56:15.767-07:00,2561.607,ok,current_change,243.877,1.674,117.389,436.472,452.479,0.259
2026-08-02T10:56:16.774-07:00,2562.614,ok,current_change,243.847,1.692,114.187,442.341,450.879,0.243
2026-08-02T10:56:18.786-07:00,2564.626,ok,current_change,244.199,1.672,116.321,437.005,452.479,0.258
2026-08-02T10:56:19.793-07:00,2565.633,ok,current_change,244.102,1.695,120.590,442.341,458.882,0.263
2026-08-02T10:56:20.799-07:00,2566.639,ok,current_change,243.930,1.674,113.120,438.073,452.479,0.250
2026-08-02T10:56:21.806-07:00,2567.646,ok,current_change,244.111,1.710,117.389,447.143,453.547,0.254
2026-08-02T10:56:23.818-07:00,2569.658,ok,current_change,244.331,1.689,120.590,440.740,457.282,0.265
2026-08-02T10:56:25.832-07:00,2571.672,ok,current_change,243.818,1.709,117.389,446.076,461.550,0.254
2026-08-02T10:56:29.856-07:00,2575.696,ok,current_change,244.238,1.672,109.918,438.606,452.479,0.243
2026-08-02T10:56:30.862-07:00,2576.702,ok,current_change,244.141,1.722,122.724,448.744,465.819,0.264
2026-08-02T10:56:31.869-07:00,2577.709,ok,current_change,243.803,1.699,121.657,441.808,454.080,0.263
2026-08-02T10:56:32.875-07:00,2578.715,ok,current_change,244.483,1.674,113.120,439.140,453.547,0.249
2026-08-02T10:56:37.905-07:00,2583.745,ok,current_change,243.701,1.712,118.456,446.610,462.617,0.257
2026-08-02T10:56:40.923-07:00,2586.763,ok,current_change,243.794,1.689,110.985,442.341,456.214,0.244
2026-08-02T10:56:41.932-07:00,2587.772,ok,current_change,244.102,1.707,117.389,446.076,462.084,0.258
2026-08-02T10:56:48.966-07:00,2594.810,ok,current_change,243.994,1.689,114.187,441.808,456.748,0.250
2026-08-02T10:56:51.974-07:00,2597.818,ok,current_change,243.960,1.709,124.859,444.476,461.017,0.260
2026-08-02T10:56:53.980-07:00,2599.823,ok,current_change,244.111,1.686,112.053,441.808,456.214,0.246
2026-08-02T10:56:54.982-07:00,2600.826,ok,current_change,243.974,1.722,123.792,448.744,465.819,0.267
2026-08-02T10:56:55.985-07:00,2601.829,ok,current_change,243.960,1.699,122.724,442.341,459.416,0.268
2026-08-02T10:57:00.002-07:00,2605.846,ok,current_change,243.862,1.682,117.389,438.606,454.614,0.259
2026-08-02T10:57:01.005-07:00,2606.849,ok,current_change,243.926,1.704,120.590,443.942,460.483,0.262
2026-08-02T10:57:04.013-07:00,2609.856,ok,current_change,243.852,1.684,118.456,439.140,455.147,0.261
2026-08-02T10:57:06.025-07:00,2611.865,ok,current_change,243.984,1.709,119.523,446.076,462.084,0.258
2026-08-02T10:57:10.036-07:00,2615.879,ok,current_change,243.916,1.681,113.120,439.673,454.080,0.249
2026-08-02T10:57:11.038-07:00,2616.882,ok,current_change,244.199,1.697,120.590,442.875,459.416,0.262
2026-08-02T10:57:20.092-07:00,2625.932,ok,current_change,244.116,1.671,115.254,436.472,451.946,0.256
2026-08-02T10:57:21.098-07:00,2626.938,ok,current_change,244.077,1.700,115.254,445.009,459.950,0.250
2026-08-02T10:57:27.136-07:00,2632.976,ok,current_change,243.935,1.717,123.792,447.143,464.218,0.267
2026-08-02T10:57:28.143-07:00,2633.983,ok,current_change,243.813,1.681,114.187,439.140,454.080,0.251
2026-08-02T10:57:29.150-07:00,2634.990,ok,current_change,243.979,1.702,115.254,445.543,460.483,0.250
2026-08-02T10:57:31.162-07:00,2637.002,ok,current_change,243.784,1.684,121.657,438.073,455.147,0.267
2026-08-02T10:57:39.209-07:00,2645.049,ok,current_change,244.170,1.707,119.523,446.076,462.084,0.260
2026-08-02T10:57:46.250-07:00,2652.090,ok,current_change,243.779,1.687,121.657,443.408,459.950,0.264
2026-08-02T10:57:48.263-07:00,2654.103,ok,current_change,243.965,1.669,109.918,437.539,451.412,0.244
2026-08-02T10:57:49.269-07:00,2655.109,ok,current_change,244.043,1.709,120.590,445.543,462.084,0.262
2026-08-02T10:57:50.275-07:00,2656.116,ok,current_change,243.696,1.674,120.590,435.405,451.946,0.267
2026-08-02T10:57:51.282-07:00,2657.122,ok,current_change,244.263,1.694,118.456,442.341,455.147,0.247
2026-08-02T10:57:53.295-07:00,2659.135,ok,current_change,244.018,1.677,116.321,438.073,453.547,0.257
2026-08-02T10:57:54.301-07:00,2660.142,ok,current_change,243.725,1.702,120.590,443.408,459.950,0.262
2026-08-02T10:57:56.314-07:00,2662.154,ok,current_change,244.077,1.676,113.120,445.543,459.950,0.245
2026-08-02T10:57:57.321-07:00,2663.162,ok,current_change,244.048,1.717,126.993,446.076,464.218,0.273
2026-08-02T10:57:58.328-07:00,2664.168,ok,current_change,244.062,1.677,118.456,437.539,461.017,0.266
2026-08-02T10:58:00.333-07:00,2666.177,ok,current_change,244.111,1.697,116.321,443.408,458.882,0.253
2026-08-02T10:58:09.375-07:00,2675.215,ok,current_change,243.945,1.674,117.389,436.472,458.349,0.263
2026-08-02T10:58:11.388-07:00,2677.228,ok,current_change,244.038,1.704,118.456,445.009,461.017,0.257
2026-08-02T10:58:17.423-07:00,2683.263,ok,current_change,244.009,1.681,123.792,442.341,459.950,0.270
2026-08-02T10:58:20.441-07:00,2686.281,ok,current_change,244.038,1.697,120.590,442.341,458.882,0.264
2026-08-02T10:58:27.482-07:00,2693.322,ok,current_change,244.028,1.679,115.254,438.606,454.080,0.255
2026-08-02T10:58:28.488-07:00,2694.328,ok,current_change,244.023,1.702,120.590,443.942,460.483,0.263
2026-08-02T10:58:34.524-07:00,2700.364,ok,current_change,243.945,1.676,113.120,438.073,453.013,0.250
2026-08-02T10:58:35.530-07:00,2701.370,ok,current_change,243.740,1.712,124.859,445.009,453.013,0.260
2026-08-02T10:58:36.537-07:00,2702.377,ok,current_change,244.414,1.676,117.389,438.073,453.547,0.259
2026-08-02T10:58:37.543-07:00,2703.383,ok,current_change,243.960,1.702,115.254,445.009,459.950,0.250
2026-08-02T10:58:40.561-07:00,2706.401,ok,current_change,244.160,1.719,117.389,449.811,454.614,0.240
2026-08-02T10:58:41.568-07:00,2707.408,ok,current_change,244.082,1.687,115.254,441.274,456.214,0.253
2026-08-02T10:58:42.574-07:00,2708.414,ok,current_change,244.106,1.717,122.724,448.211,464.752,0.264
2026-08-02T10:58:44.586-07:00,2710.426,ok,current_change,243.979,1.684,116.321,439.673,455.147,0.255
2026-08-02T10:58:49.616-07:00,2715.456,ok,current_change,243.984,1.712,121.657,446.610,463.151,0.262
2026-08-02T10:58:50.623-07:00,2716.463,ok,current_change,244.058,1.671,117.389,435.938,451.946,0.261
2026-08-02T10:58:51.629-07:00,2717.469,ok,current_change,244.053,1.710,116.321,447.677,462.617,0.251
2026-08-02T10:58:55.653-07:00,2721.493,ok,current_change,243.891,1.694,115.254,442.875,457.815,0.251
2026-08-02T10:59:00.676-07:00,2726.519,ok,current_change,244.185,1.717,124.859,447.143,464.752,0.269
2026-08-02T10:59:02.681-07:00,2728.524,ok,current_change,244.087,1.686,114.187,440.740,455.681,0.251
2026-08-02T10:59:04.689-07:00,2730.529,ok,current_change,243.916,1.705,120.590,444.476,461.017,0.261
2026-08-02T10:59:07.707-07:00,2733.548,ok,current_change,244.014,1.679,112.053,439.673,454.080,0.246
2026-08-02T10:59:09.720-07:00,2735.560,ok,current_change,243.662,1.707,121.657,444.476,461.017,0.265
2026-08-02T10:59:13.744-07:00,2739.584,ok,current_change,244.009,1.684,112.053,440.740,455.147,0.246
2026-08-02T10:59:17.768-07:00,2743.608,ok,current_change,244.058,1.715,117.389,448.744,464.218,0.254
2026-08-02T10:59:20.786-07:00,2746.626,ok,current_change,244.410,1.686,116.321,440.740,456.214,0.256
2026-08-02T10:59:21.792-07:00,2747.632,ok,current_change,244.116,1.709,110.985,440.740,454.614,0.243
2026-08-02T10:59:23.805-07:00,2749.645,ok,current_change,244.111,1.681,118.456,438.606,454.614,0.260
2026-08-02T10:59:24.811-07:00,2750.651,ok,current_change,244.043,1.702,114.187,446.076,460.483,0.247
2026-08-02T10:59:29.841-07:00,2755.681,ok,current_change,244.004,1.679,118.456,438.073,454.080,0.261
2026-08-02T10:59:30.847-07:00,2756.688,ok,current_change,244.214,1.712,119.523,447.143,463.151,0.259
2026-08-02T10:59:32.860-07:00,2758.700,ok,current_change,244.238,1.684,115.254,440.207,455.681,0.254
2026-08-02T10:59:36.884-07:00,2762.724,ok,current_change,243.930,1.702,122.724,444.476,461.550,0.266
2026-08-02T10:59:37.890-07:00,2763.730,ok,current_change,243.999,1.684,118.456,439.140,455.147,0.260
2026-08-02T10:59:39.903-07:00,2765.743,ok,current_change,244.058,1.724,121.657,449.811,466.353,0.262
2026-08-02T10:59:40.909-07:00,2766.749,ok,current_change,244.033,1.677,118.456,437.539,453.547,0.261
2026-08-02T10:59:41.917-07:00,2767.757,ok,current_change,244.077,1.704,114.187,446.076,461.017,0.248
2026-08-02T10:59:46.947-07:00,2772.787,ok,current_change,244.190,1.684,115.254,440.740,455.681,0.252
2026-08-02T10:59:47.953-07:00,2773.794,ok,current_change,243.950,1.709,121.657,445.543,462.084,0.264
2026-08-02T10:59:51.977-07:00,2777.817,ok,current_change,244.317,1.672,117.389,436.472,452.479,0.259
2026-08-02T10:59:52.986-07:00,2778.826,ok,current_change,243.794,1.697,112.053,443.942,458.349,0.244
2026-08-02T10:59:56.004-07:00,2781.844,ok,current_change,244.204,1.719,117.389,449.811,465.285,0.252
2026-08-02T10:59:58.017-07:00,2783.857,ok,current_change,244.146,1.681,117.389,439.140,454.614,0.258
2026-08-02T10:59:59.020-07:00,2784.863,ok,current_change,244.351,1.705,119.523,448.744,464.752,0.257
2026-08-02T11:00:00.023-07:00,2785.866,ok,current_change,244.077,1.727,118.456,451.946,467.420,0.254
2026-08-02T11:00:01.025-07:00,2786.869,ok,current_change,244.190,1.705,119.523,445.543,461.550,0.259
2026-08-02T11:00:04.036-07:00,2789.876,ok,current_change,243.970,1.684,117.389,446.610,462.084,0.255
2026-08-02T11:00:05.043-07:00,2790.883,ok,current_change,244.004,1.707,121.657,445.009,461.550,0.263
2026-08-02T11:00:07.055-07:00,2792.895,ok,current_change,244.004,1.690,115.254,442.341,457.282,0.252
2026-08-02T11:00:08.062-07:00,2793.902,ok,current_change,244.058,1.720,123.792,448.211,465.285,0.266
2026-08-02T11:00:09.068-07:00,2794.908,ok,current_change,243.955,1.684,119.523,442.875,458.882,0.260
2026-08-02T11:00:10.076-07:00,2795.916,ok,current_change,244.194,1.712,115.254,448.211,463.151,0.250
2026-08-02T11:00:12.088-07:00,2797.928,ok,current_change,244.175,1.679,117.389,438.606,454.080,0.258
2026-08-02T11:00:13.095-07:00,2798.935,ok,current_change,244.111,1.709,114.187,447.143,462.084,0.248
2026-08-02T11:00:18.125-07:00,2803.965,ok,current_change,244.170,1.729,120.590,451.946,467.953,0.259
2026-08-02T11:00:20.137-07:00,2805.977,ok,current_change,244.102,1.686,116.321,440.207,455.681,0.255
2026-08-02T11:00:21.143-07:00,2806.984,ok,current_change,244.043,1.709,116.321,447.143,463.151,0.253
2026-08-02T11:00:23.156-07:00,2808.996,ok,current_change,244.116,1.689,117.389,441.274,456.748,0.257
2026-08-02T11:00:24.163-07:00,2810.004,ok,current_change,244.092,1.705,114.187,446.610,461.550,0.248
2026-08-02T11:00:26.176-07:00,2812.016,ok,current_change,244.102,1.681,118.456,438.606,464.218,0.262
2026-08-02T11:00:31.205-07:00,2817.045,ok,current_change,244.229,1.704,116.321,446.076,463.151,0.257
2026-08-02T11:00:37.241-07:00,2823.081,ok,current_change,244.087,1.720,119.523,449.278,465.285,0.257
2026-08-02T11:00:38.247-07:00,2824.088,ok,current_change,244.488,1.689,113.120,442.875,457.282,0.247
2026-08-02T11:00:40.260-07:00,2826.100,ok,current_change,243.979,1.715,118.456,447.677,463.685,0.256
2026-08-02T11:00:41.266-07:00,2827.106,ok,current_change,244.126,1.692,115.254,442.875,457.815,0.252
2026-08-02T11:00:42.273-07:00,2828.113,ok,current_change,244.561,1.717,123.792,448.211,465.285,0.266
2026-08-02T11:00:44.286-07:00,2830.126,ok,current_change,243.955,1.694,112.053,443.408,457.815,0.245
2026-08-02T11:00:45.293-07:00,2831.133,ok,current_change,244.155,1.722,121.657,449.278,465.819,0.261
2026-08-02T11:00:46.299-07:00,2832.139,ok,current_change,243.955,1.681,121.657,444.476,461.017,0.264
2026-08-02T11:00:47.306-07:00,2833.146,ok,current_change,244.268,1.704,115.254,446.076,461.017,0.251
2026-08-02T11:00:51.331-07:00,2837.171,ok,current_change,244.190,1.725,119.523,446.076,462.084,0.258
2026-08-02T11:00:52.338-07:00,2838.178,ok,current_change,244.131,1.700,119.523,443.942,459.950,0.261
2026-08-02T11:01:00.387-07:00,2846.227,ok,current_change,244.062,1.684,112.053,441.274,455.681,0.247
2026-08-02T11:01:01.393-07:00,2847.233,ok,current_change,244.219,1.719,115.254,442.341,457.282,0.252
2026-08-02T11:01:05.417-07:00,2851.257,ok,current_change,244.194,1.695,119.523,442.875,458.882,0.261
2026-08-02T11:01:06.425-07:00,2852.265,ok,current_change,244.341,1.715,119.523,448.211,464.218,0.257
2026-08-02T11:01:07.431-07:00,2853.271,ok,current_change,244.106,1.689,110.985,442.875,456.748,0.244
2026-08-02T11:01:08.438-07:00,2854.278,ok,current_change,244.209,1.705,120.590,445.009,462.617,0.260
2026-08-02T11:01:10.450-07:00,2856.290,ok,current_change,244.014,1.725,114.187,451.946,466.353,0.245
2026-08-02T11:01:19.505-07:00,2865.345,ok,current_change,243.906,1.689,115.254,441.808,456.748,0.253
2026-08-02T11:01:20.511-07:00,2866.351,ok,current_change,243.984,1.715,118.456,447.677,463.685,0.256
2026-08-02T11:01:22.523-07:00,2868.363,ok,current_change,244.087,1.699,119.523,443.408,459.416,0.261
2026-08-02T11:01:25.541-07:00,2871.381,ok,current_change,243.970,1.724,123.792,448.744,465.819,0.266
2026-08-02T11:01:26.548-07:00,2872.388,ok,current_change,243.867,1.687,116.321,440.740,456.214,0.256
2026-08-02T11:01:27.554-07:00,2873.394,ok,current_change,244.028,1.717,116.321,448.744,464.218,0.251
2026-08-02T11:01:29.567-07:00,2875.407,ok,current_change,244.048,1.686,116.321,440.207,455.681,0.255
2026-08-02T11:01:30.573-07:00,2876.413,ok,current_change,244.067,1.717,115.254,449.278,464.218,0.248
2026-08-02T11:01:35.603-07:00,2881.444,ok,current_change,244.111,1.697,119.523,442.875,458.882,0.261
2026-08-02T11:01:37.617-07:00,2883.457,ok,current_change,243.979,1.720,119.523,449.278,465.285,0.258
2026-08-02T11:01:38.624-07:00,2884.464,ok,current_change,243.960,1.694,119.523,441.274,457.815,0.262
2026-08-02T11:01:39.630-07:00,2885.470,ok,current_change,244.067,1.715,114.187,449.811,464.218,0.245
2026-08-02T11:01:40.636-07:00,2886.477,ok,current_change,243.745,1.737,116.321,441.808,457.282,0.255
2026-08-02T11:01:41.648-07:00,2887.488,ok,current_change,244.165,1.705,121.657,445.009,461.550,0.263
2026-08-02T11:01:47.684-07:00,2893.524,ok,current_change,244.048,1.725,120.590,439.673,456.214,0.264
2026-08-02T11:01:50.702-07:00,2896.542,ok,current_change,244.199,1.699,120.590,443.408,459.950,0.262
2026-08-02T11:01:51.708-07:00,2897.549,ok,current_change,244.111,1.717,121.657,448.211,464.752,0.262
2026-08-02T11:01:53.721-07:00,2899.561,ok,current_change,244.043,1.697,116.321,443.408,458.882,0.254
2026-08-02T11:01:55.733-07:00,2901.573,ok,current_change,244.258,1.715,118.456,448.744,464.218,0.255
2026-08-02T11:02:03.763-07:00,2909.606,ok,current_change,244.077,1.735,123.792,452.479,469.554,0.263
2026-08-02T11:02:04.769-07:00,2910.609,ok,current_change,244.136,1.717,120.590,448.744,464.752,0.259
2026-08-02T11:02:06.781-07:00,2912.621,ok,current_change,243.955,1.690,117.389,441.808,457.282,0.258
2026-08-02T11:02:08.793-07:00,2914.633,ok,current_change,244.004,1.714,113.120,449.278,463.685,0.244
2026-08-02T11:02:13.823-07:00,2919.663,ok,current_change,244.199,1.694,122.724,441.274,458.349,0.269
2026-08-02T11:02:14.829-07:00,2920.670,ok,current_change,243.701,1.722,119.523,449.278,465.285,0.257
2026-08-02T11:02:17.847-07:00,2923.688,ok,current_change,243.950,1.687,115.254,441.274,456.214,0.252
2026-08-02T11:02:18.854-07:00,2924.694,ok,current_change,244.004,1.707,113.120,447.143,461.550,0.246
2026-08-02T11:02:19.862-07:00,2925.702,ok,current_change,243.955,1.730,123.792,450.879,467.953,0.264
2026-08-02T11:02:20.868-07:00,2926.709,ok,current_change,243.950,1.704,116.321,445.009,460.483,0.253
2026-08-02T11:02:24.892-07:00,2930.732,ok,current_change,244.092,1.720,118.456,449.811,465.285,0.254
2026-08-02T11:02:25.899-07:00,2931.739,ok,current_change,244.136,1.695,116.321,443.408,458.882,0.253
2026-08-02T11:02:26.905-07:00,2932.745,ok,current_change,244.014,1.717,121.657,447.677,464.218,0.262
2026-08-02T11:02:36.963-07:00,2942.804,ok,current_change,244.072,1.687,116.321,440.740,456.214,0.256
2026-08-02T11:02:37.970-07:00,2943.810,ok,current_change,244.121,1.719,115.254,449.811,464.752,0.247
2026-08-02T11:02:46.017-07:00,2951.857,ok,current_change,243.960,1.686,117.389,439.673,463.685,0.265
2026-08-02T11:02:47.023-07:00,2952.863,ok,current_change,243.882,1.724,117.389,450.345,465.819,0.252
2026-08-02T11:02:51.047-07:00,2956.887,ok,current_change,244.346,1.686,116.321,440.740,456.214,0.255
2026-08-02T11:02:53.061-07:00,2958.901,ok,current_change,244.194,1.720,115.254,450.879,465.819,0.248
2026-08-02T11:02:54.067-07:00,2959.907,ok,current_change,244.053,1.692,117.389,442.341,457.815,0.256
2026-08-02T11:02:55.074-07:00,2960.914,ok,current_change,243.965,1.717,123.792,447.143,464.218,0.267
2026-08-02T11:02:57.086-07:00,2962.926,ok,current_change,243.862,1.694,114.187,442.875,457.815,0.249
2026-08-02T11:02:59.096-07:00,2964.939,ok,current_change,244.087,1.717,117.389,448.744,464.218,0.252
2026-08-02T11:03:00.098-07:00,2965.942,ok,current_change,244.048,1.694,114.187,443.408,458.349,0.250
2026-08-02T11:03:01.101-07:00,2966.945,ok,current_change,244.136,1.719,120.590,448.211,464.752,0.260
2026-08-02T11:03:02.104-07:00,2967.947,ok,current_change,244.062,1.695,117.389,442.875,458.349,0.256
2026-08-02T11:03:03.106-07:00,2968.950,ok,current_change,244.018,1.725,119.523,450.345,466.353,0.257
2026-08-02T11:03:08.136-07:00,2973.976,ok,current_change,244.121,1.697,119.523,442.875,458.882,0.261
2026-08-02T11:03:09.143-07:00,2974.983,ok,current_change,244.317,1.720,119.523,449.811,465.819,0.256
2026-08-02T11:03:12.161-07:00,2978.001,ok,current_change,244.097,1.690,114.187,442.341,457.282,0.250
2026-08-02T11:03:14.173-07:00,2980.014,ok,current_change,244.028,1.739,115.254,443.942,458.882,0.252
2026-08-02T11:03:15.180-07:00,2981.020,ok,current_change,244.121,1.720,119.523,449.278,465.285,0.258
2026-08-02T11:03:17.192-07:00,2983.032,ok,current_change,244.018,1.702,118.456,444.476,460.483,0.258
2026-08-02T11:03:18.199-07:00,2984.039,ok,current_change,244.097,1.725,119.523,450.879,466.886,0.256
2026-08-02T11:03:19.205-07:00,2985.045,ok,current_change,244.053,1.705,117.389,445.543,461.017,0.254
2026-08-02T11:03:22.224-07:00,2988.064,ok,current_change,244.048,1.722,117.389,450.345,465.819,0.253
2026-08-02T11:03:24.236-07:00,2990.076,ok,current_change,243.710,1.689,113.120,441.808,456.214,0.249
2026-08-02T11:03:25.244-07:00,2991.084,ok,current_change,244.018,1.709,110.985,448.211,462.084,0.241
2026-08-02T11:03:26.250-07:00,2992.091,ok,current_change,244.146,1.740,123.792,454.080,471.155,0.263
2026-08-02T11:03:27.257-07:00,2993.097,ok,current_change,243.823,1.704,117.389,445.009,460.483,0.256
2026-08-02T11:03:29.269-07:00,2995.109,ok,current_change,243.862,1.722,123.792,448.211,465.285,0.266
2026-08-02T11:03:33.294-07:00,2999.134,ok,current_change,244.194,1.694,115.254,443.408,464.218,0.251
2026-08-02T11:03:34.301-07:00,3000.141,ok,current_change,243.813,1.719,114.187,449.811,464.218,0.247
2026-08-02T11:03:38.326-07:00,3004.166,ok,current_change,243.911,1.699,123.792,448.744,465.819,0.266
2026-08-02T11:03:39.333-07:00,3005.173,ok,current_change,243.940,1.717,118.456,448.744,464.218,0.255
2026-08-02T11:03:42.353-07:00,3008.193,ok,current_change,244.009,1.692,116.321,442.341,457.815,0.255
2026-08-02T11:03:44.365-07:00,3010.205,ok,current_change,244.004,1.717,120.590,447.677,464.218,0.261
2026-08-02T11:03:46.377-07:00,3012.217,ok,current_change,243.999,1.697,112.053,444.476,458.882,0.245
2026-08-02T11:03:47.384-07:00,3013.224,ok,current_change,243.974,1.717,123.792,447.143,464.218,0.267
2026-08-02T11:03:56.436-07:00,3022.276,ok,current_change,244.062,1.737,124.859,453.013,470.088,0.265
2026-08-02T11:03:58.448-07:00,3024.288,ok,current_change,243.808,1.714,114.187,448.744,465.285,0.252
2026-08-02T11:03:59.452-07:00,3025.295,ok,current_change,243.930,1.734,123.792,451.412,468.487,0.265
2026-08-02T11:04:02.459-07:00,3028.302,ok,current_change,243.789,1.699,119.523,442.875,458.882,0.260
2026-08-02T11:04:05.473-07:00,3031.313,ok,current_change,244.062,1.740,125.926,453.013,470.621,0.267
2026-08-02T11:04:07.485-07:00,3033.326,ok,current_change,244.043,1.714,112.053,449.278,463.685,0.242
2026-08-02T11:04:11.509-07:00,3037.349,ok,current_change,243.984,1.739,121.657,453.547,471.688,0.261
2026-08-02T11:04:12.516-07:00,3038.356,ok,current_change,243.960,1.714,119.523,447.143,463.151,0.259
2026-08-02T11:04:15.536-07:00,3041.376,ok,current_change,244.048,1.697,114.187,443.942,458.882,0.250
2026-08-02T11:04:16.542-07:00,3042.383,ok,current_change,243.701,1.725,117.389,448.744,464.218,0.254
2026-08-02T11:04:18.555-07:00,3044.395,ok,current_change,244.058,1.705,115.254,446.076,461.017,0.250
2026-08-02T11:04:23.584-07:00,3049.424,ok,current_change,244.062,1.735,123.792,452.479,469.554,0.263
2026-08-02T11:04:24.591-07:00,3050.431,ok,current_change,244.077,1.714,116.321,448.211,463.685,0.252
2026-08-02T11:04:26.603-07:00,3052.443,ok,current_change,244.062,1.744,122.724,455.147,466.886,0.260
2026-08-02T11:04:27.609-07:00,3053.449,ok,current_change,243.798,1.727,115.254,451.946,466.886,0.247
2026-08-02T11:04:28.616-07:00,3054.456,ok,current_change,243.769,1.709,117.389,446.076,461.550,0.255
2026-08-02T11:04:29.628-07:00,3055.468,ok,current_change,244.082,1.730,122.724,451.412,467.953,0.262
2026-08-02T11:04:31.640-07:00,3057.480,ok,current_change,244.136,1.710,117.389,447.143,462.617,0.253
2026-08-02T11:04:37.676-07:00,3063.516,ok,current_change,243.857,1.727,121.657,450.345,466.886,0.261
2026-08-02T11:04:47.734-07:00,3073.574,ok,current_change,243.974,1.707,115.254,446.610,461.550,0.249
2026-08-02T11:04:49.747-07:00,3075.587,ok,current_change,243.652,1.730,123.792,450.345,467.420,0.266
2026-08-02T11:04:52.764-07:00,3078.605,ok,current_change,243.872,1.694,119.523,441.274,457.815,0.262
2026-08-02T11:04:53.772-07:00,3079.612,ok,current_change,243.901,1.724,113.120,451.412,465.819,0.243
2026-08-02T11:04:55.784-07:00,3081.625,ok,current_change,243.926,1.694,117.389,442.341,457.815,0.256
2026-08-02T11:04:56.791-07:00,3082.631,ok,current_change,244.023,1.722,115.254,451.946,466.886,0.247
2026-08-02T11:04:58.803-07:00,3084.643,ok,current_change,243.999,1.695,117.389,442.875,458.349,0.256
2026-08-02T11:04:59.810-07:00,3085.650,ok,current_change,243.784,1.719,114.187,449.811,464.218,0.247
2026-08-02T11:05:00.816-07:00,3086.656,ok,current_change,244.048,1.739,122.724,453.547,470.088,0.262
2026-08-02T11:05:02.829-07:00,3088.669,ok,current_change,244.009,1.705,110.985,447.143,461.017,0.240
2026-08-02T11:05:03.835-07:00,3089.675,ok,current_change,244.004,1.737,123.792,452.479,472.222,0.261
2026-08-02T11:05:06.855-07:00,3092.695,ok,current_change,244.077,1.720,121.657,448.744,465.285,0.262
2026-08-02T11:05:07.861-07:00,3093.701,ok,current_change,243.847,1.695,116.321,442.875,458.349,0.255
2026-08-02T11:05:08.868-07:00,3094.708,ok,current_change,243.989,1.734,116.321,454.080,465.819,0.250
2026-08-02T11:05:09.875-07:00,3095.715,ok,current_change,243.730,1.705,115.254,445.543,460.483,0.251
2026-08-02T11:05:10.882-07:00,3096.722,ok,current_change,243.999,1.729,121.657,450.879,466.886,0.251
2026-08-02T11:05:14.906-07:00,3100.746,ok,current_change,244.204,1.705,115.254,446.610,461.550,0.250
2026-08-02T11:05:15.912-07:00,3101.752,ok,current_change,243.867,1.734,120.590,452.479,468.487,0.257
2026-08-02T11:05:19.936-07:00,3105.776,ok,current_change,244.180,1.707,113.120,447.677,462.084,0.245
2026-08-02T11:05:22.955-07:00,3108.795,ok,current_change,244.067,1.732,115.254,454.080,468.487,0.245
2026-08-02T11:05:24.967-07:00,3110.808,ok,current_change,244.190,1.705,114.187,447.143,461.550,0.247
2026-08-02T11:05:25.974-07:00,3111.814,ok,current_change,244.209,1.735,117.389,454.080,469.554,0.251
2026-08-02T11:05:26.980-07:00,3112.821,ok,current_change,244.194,1.717,121.657,448.211,464.752,0.263
2026-08-02T11:05:28.993-07:00,3114.833,ok,current_change,244.199,1.735,119.523,450.879,466.886,0.257
2026-08-02T11:05:33.017-07:00,3118.857,ok,current_change,244.106,1.719,122.724,448.211,464.752,0.264
2026-08-02T11:05:34.023-07:00,3119.863,ok,current_change,244.087,1.702,116.321,455.147,470.088,0.247
2026-08-02T11:05:35.030-07:00,3120.870,ok,current_change,243.965,1.724,123.792,448.744,465.819,0.267
2026-08-02T11:05:37.042-07:00,3122.882,ok,current_change,244.053,1.707,112.053,447.677,461.550,0.242
2026-08-02T11:05:39.054-07:00,3124.894,ok,current_change,244.048,1.732,122.724,451.946,462.084,0.250
2026-08-02T11:05:40.061-07:00,3125.901,ok,current_change,244.004,1.705,112.053,446.610,461.017,0.244
2026-08-02T11:05:41.067-07:00,3126.907,ok,current_change,243.984,1.732,123.792,451.412,468.487,0.264
2026-08-02T11:05:45.092-07:00,3130.933,ok,current_change,244.155,1.705,114.187,446.610,461.550,0.248
2026-08-02T11:05:46.099-07:00,3131.939,ok,current_change,243.808,1.732,121.657,451.412,467.953,0.260
2026-08-02T11:05:55.153-07:00,3140.993,ok,current_change,244.219,1.710,119.523,447.143,463.151,0.258
2026-08-02T11:06:00.183-07:00,3146.023,ok,current_change,244.053,1.737,122.724,453.547,470.088,0.261
2026-08-02T11:06:01.191-07:00,3147.031,ok,current_change,244.023,1.720,120.590,448.744,465.285,0.260
2026-08-02T11:06:02.198-07:00,3148.038,ok,current_change,244.287,1.700,117.389,451.412,466.886,0.252
2026-08-02T11:06:03.204-07:00,3149.045,ok,current_change,244.121,1.740,122.724,454.080,470.621,0.261
2026-08-02T11:06:04.211-07:00,3150.051,ok,current_change,244.018,1.724,120.590,450.345,466.353,0.259
2026-08-02T11:06:07.229-07:00,3153.069,ok,current_change,243.784,1.744,121.657,455.147,460.483,0.253
2026-08-02T11:06:09.241-07:00,3155.081,ok,current_change,243.842,1.722,121.657,448.744,465.285,0.261
2026-08-02T11:06:12.259-07:00,3158.099,ok,current_change,244.219,1.740,124.859,454.080,471.155,0.265
2026-08-02T11:06:14.272-07:00,3160.112,ok,current_change,244.087,1.720,119.523,449.278,465.285,0.257
2026-08-02T11:06:16.284-07:00,3162.124,ok,current_change,244.058,1.739,119.523,454.080,470.088,0.255
2026-08-02T11:06:18.296-07:00,3164.137,ok,current_change,243.745,1.712,116.321,447.677,462.617,0.251
2026-08-02T11:06:24.332-07:00,3170.172,ok,current_change,244.038,1.732,115.254,454.080,468.487,0.245
2026-08-02T11:06:25.339-07:00,3171.179,ok,current_change,244.092,1.715,117.389,448.744,464.218,0.254
2026-08-02T11:06:27.351-07:00,3173.191,ok,current_change,244.209,1.742,116.321,456.748,471.688,0.246
2026-08-02T11:06:30.369-07:00,3176.209,ok,current_change,244.053,1.700,112.053,445.543,459.950,0.244
2026-08-02T11:06:31.375-07:00,3177.216,ok,current_change,244.033,1.729,121.657,450.879,467.420,0.260
2026-08-02T11:06:33.388-07:00,3179.228,ok,current_change,243.813,1.712,113.120,448.211,466.353,0.249
2026-08-02T11:06:36.406-07:00,3182.246,ok,current_change,243.955,1.735,121.657,452.479,469.020,0.259
2026-08-02T11:06:37.412-07:00,3183.252,ok,current_change,243.701,1.714,119.523,447.143,463.151,0.259
2026-08-02T11:06:38.419-07:00,3184.259,ok,current_change,243.769,1.734,116.321,453.547,469.020,0.251
2026-08-02T11:06:43.448-07:00,3189.289,ok,current_change,244.082,1.699,114.187,444.476,459.416,0.249
2026-08-02T11:06:44.455-07:00,3190.295,ok,current_change,244.146,1.724,119.523,450.345,466.353,0.257
2026-08-02T11:06:49.485-07:00,3195.325,ok,current_change,243.857,1.740,108.851,449.278,462.617,0.236
2026-08-02T11:06:52.503-07:00,3198.343,ok,current_change,244.097,1.712,115.254,448.211,463.151,0.250
2026-08-02T11:06:54.515-07:00,3200.355,ok,current_change,243.999,1.737,117.389,454.614,465.819,0.252
2026-08-02T11:06:55.524-07:00,3201.364,ok,current_change,243.838,1.715,117.389,448.211,463.685,0.254
2026-08-02T11:06:58.542-07:00,3204.382,ok,current_change,243.779,1.735,121.657,452.479,469.020,0.259
2026-08-02T11:06:59.545-07:00,3205.388,ok,current_change,243.994,1.712,115.254,448.211,463.151,0.248
2026-08-02T11:07:00.549-07:00,3206.392,ok,current_change,243.725,1.739,120.590,453.547,469.554,0.256
2026-08-02T11:07:07.579-07:00,3213.419,ok,current_change,244.067,1.720,120.590,449.278,467.953,0.257
2026-08-02T11:07:08.586-07:00,3214.426,ok,current_change,244.077,1.742,118.456,455.681,471.155,0.251
2026-08-02T11:07:09.592-07:00,3215.432,ok,current_change,243.872,1.705,116.321,446.076,461.017,0.252
2026-08-02T11:07:12.610-07:00,3218.450,ok,current_change,244.033,1.742,123.792,454.080,471.155,0.264
2026-08-02T11:07:16.636-07:00,3222.476,ok,current_change,244.038,1.709,115.254,447.143,462.084,0.250
2026-08-02T11:07:17.643-07:00,3223.483,ok,current_change,244.048,1.727,122.724,450.345,466.886,0.263
2026-08-02T11:07:19.656-07:00,3225.497,ok,current_change,243.838,1.750,121.657,457.282,473.289,0.257
2026-08-02T11:07:20.663-07:00,3226.503,ok,current_change,243.847,1.725,122.724,450.345,467.420,0.264
2026-08-02T11:07:21.669-07:00,3227.510,ok,current_change,244.087,1.700,114.187,445.543,459.950,0.248
2026-08-02T11:07:22.676-07:00,3228.516,ok,current_change,244.072,1.752,125.926,456.214,473.823,0.267
2026-08-02T11:07:23.685-07:00,3229.525,ok,current_change,243.779,1.712,118.456,447.143,462.617,0.256
2026-08-02T11:07:24.691-07:00,3230.531,ok,current_change,243.974,1.759,115.254,461.017,475.423,0.243
2026-08-02T11:07:28.715-07:00,3234.555,ok,current_change,244.072,1.735,117.389,454.614,469.554,0.250
2026-08-02T11:07:32.739-07:00,3238.579,ok,current_change,243.999,1.762,122.724,459.950,476.491,0.257
2026-08-02T11:07:34.751-07:00,3240.591,ok,current_change,244.004,1.745,115.254,457.282,472.222,0.245
2026-08-02T11:07:36.763-07:00,3242.603,ok,current_change,243.970,1.800,120.590,471.155,486.629,0.248
2026-08-02T11:07:37.770-07:00,3243.610,ok,current_change,243.960,1.772,117.389,464.218,479.159,0.246
2026-08-02T11:07:46.823-07:00,3252.663,ok,current_change,244.033,1.789,118.456,469.020,483.961,0.245
2026-08-02T11:07:48.835-07:00,3254.675,ok,current_change|power_change|heater_off,244.317,0.000,8.537,30.414,28.280,0.188
2026-08-02T11:07:49.841-07:00,3255.681,ok,current_change|heater_on,244.082,0.142,9.605,36.284,37.884,0.268
2026-08-02T11:07:52.859-07:00,3258.699,ok,current_change|heater_off,244.067,0.000,7.470,29.881,30.948,0.258
2026-08-02T11:07:54.872-07:00,3260.712,ok,current_change|heater_on,244.214,0.140,9.605,35.750,37.351,0.257
2026-08-02T11:07:55.878-07:00,3261.718,ok,current_change|heater_off,243.803,0.000,7.470,29.881,30.948,0.241
2026-08-02T11:07:57.891-07:00,3263.731,ok,current_change|heater_on,243.930,0.133,8.537,34.683,35.750,0.238
2026-08-02T11:07:58.899-07:00,3264.739,ok,current_change|heater_off,244.043,0.000,9.605,31.481,33.082,0.306
2026-08-02T11:08:00.911-07:00,3266.751,ok,current_change|heater_on,244.150,0.133,10.672,33.616,35.217,0.227
2026-08-02T11:08:01.918-07:00,3267.758,ok,current_change|heater_off,244.126,0.000,7.470,33.082,34.149,0.219
2026-08-02T11:08:03.930-07:00,3269.770,ok,current_change|heater_on,244.023,0.138,9.605,35.750,37.351,0.271
2026-08-02T11:08:04.936-07:00,3270.777,ok,current_change|heater_off,243.754,0.000,8.537,33.082,34.683,0.261
2026-08-02T11:08:05.943-07:00,3271.783,ok,current_change|heater_on,244.116,0.138,8.537,36.284,37.884,0.239
2026-08-02T11:08:06.949-07:00,3272.790,ok,current_change|heater_off,243.789,0.000,6.403,25.078,26.146,0.265
2026-08-02T11:08:07.956-07:00,3273.796,ok,current_change|heater_on,243.965,0.143,10.672,36.817,38.418,0.277
2026-08-02T11:08:10.974-07:00,3276.814,ok,current_change|heater_off,244.375,0.000,9.605,27.213,32.549,0.295
2026-08-02T11:08:12.986-07:00,3278.827,ok,current_change|heater_on,244.092,0.135,11.739,33.616,36.284,0.338
2026-08-02T11:08:14.999-07:00,3280.839,ok,current_change|heater_off,244.106,0.000,5.336,24.011,25.078,0.233
2026-08-02T11:08:17.011-07:00,3282.851,ok,current_change|heater_on,244.067,0.133,7.470,34.683,35.750,0.208
2026-08-02T11:08:18.018-07:00,3283.858,ok,current_change|heater_off,243.901,0.000,6.403,29.881,30.948,0.206
2026-08-02T11:08:22.041-07:00,3287.882,ok,current_change|heater_on,243.696,0.142,8.537,36.817,37.884,0.225
2026-08-02T11:08:24.055-07:00,3289.896,ok,current_change|heater_off,243.950,0.000,5.336,26.679,27.746,0.211
2026-08-02T11:08:26.068-07:00,3291.908,ok,current_change|heater_on,244.023,0.135,9.605,34.683,37.351,0.257
2026-08-02T11:08:27.074-07:00,3292.914,ok,current_change|heater_off,244.116,0.000,8.537,29.347,30.948,0.293
2026-08-02T11:08:30.093-07:00,3295.934,ok,current_change|heater_on,244.126,0.143,7.470,37.351,38.418,0.194
2026-08-02T11:08:32.106-07:00,3297.946,ok,current_change|heater_off,244.028,0.000,5.336,34.149,34.683,0.169
2026-08-02T11:08:34.120-07:00,3299.960,ok,current_change|heater_on,244.023,0.138,10.672,35.750,37.351,0.285
2026-08-02T11:08:36.133-07:00,3301.973,ok,current_change|heater_off,244.077,0.000,7.470,29.881,30.948,0.241
2026-08-02T11:08:39.151-07:00,3304.991,ok,current_change|heater_on,243.979,0.133,7.470,34.683,35.750,0.208
2026-08-02T11:08:41.163-07:00,3307.003,ok,current_change|heater_off,243.833,0.000,6.403,30.414,31.481,0.203
2026-08-02T11:08:52.228-07:00,3318.068,ok,current_change|heater_on,243.994,0.135,10.672,34.149,36.284,0.294
2026-08-02T11:08:53.234-07:00,3319.074,ok,current_change|heater_off,243.979,0.000,8.537,33.082,34.683,0.261
2026-08-02T11:08:56.252-07:00,3322.092,ok,current_change|heater_on,244.028,0.135,9.605,34.683,37.351,0.229
2026-08-02T11:08:57.259-07:00,3323.099,ok,current_change|heater_off,243.754,0.000,5.336,24.545,25.612,0.229
2026-08-02T11:09:05.308-07:00,3331.148,ok,current_change|heater_on,244.219,0.142,9.605,36.284,37.884,0.268
2026-08-02T11:09:07.320-07:00,3333.160,ok,current_change|heater_off,244.121,0.000,4.269,29.881,30.414,0.157
2026-08-02T11:09:09.332-07:00,3335.173,ok,current_change|heater_on,244.038,0.140,8.537,36.284,26.679,0.180
2026-08-02T11:09:10.339-07:00,3336.179,ok,current_change|heater_off,244.165,0.000,6.403,29.347,30.414,0.228
2026-08-02T11:09:12.352-07:00,3338.193,ok,current_change|heater_on,244.048,0.137,9.605,35.217,36.817,0.274
2026-08-02T11:09:13.359-07:00,3339.199,ok,current_change|heater_off,244.048,0.000,5.336,21.877,22.944,0.232
2026-08-02T11:09:19.394-07:00,3345.235,ok,current_change|heater_on,243.970,0.137,9.605,35.217,36.817,0.261
2026-08-02T11:09:20.401-07:00,3346.241,ok,current_change|heater_off,243.730,0.000,8.537,28.280,29.881,0.303
2026-08-02T11:09:22.413-07:00,3348.253,ok,current_change|heater_on,244.048,0.152,10.672,38.952,40.552,0.275
2026-08-02T11:09:23.420-07:00,3349.260,ok,current_change,243.911,0.135,9.605,34.683,36.284,0.279
2026-08-02T11:09:24.426-07:00,3350.266,ok,current_change|heater_off,243.940,0.000,7.470,30.414,31.481,0.236
2026-08-02T11:09:31.468-07:00,3357.309,ok,current_change|heater_on,244.023,0.140,9.605,35.750,37.351,0.257
2026-08-02T11:09:32.475-07:00,3358.315,ok,current_change|heater_off,244.038,0.000,4.269,25.612,26.146,0.163
2026-08-02T11:09:41.528-07:00,3367.368,ok,current_change|heater_on,243.838,0.145,10.672,37.351,22.411,0.262
2026-08-02T11:09:44.547-07:00,3370.387,ok,current_change|heater_off,244.248,0.000,7.470,30.414,31.481,0.254
2026-08-02T11:09:46.559-07:00,3372.399,ok,current_change|heater_on,244.077,0.137,6.403,35.750,36.817,0.188
2026-08-02T11:09:48.573-07:00,3374.413,ok,current_change|heater_off,244.229,0.000,2.134,8.004,8.537,0.250
2026-08-02T11:10:48.921-07:00,3434.761,ok,heartbeat,243.950,0.000,2.134,8.004,8.537,0.250
2026-08-02T11:11:49.267-07:00,3495.107,ok,heartbeat,244.018,0.000,2.134,9.605,10.138,0.263
2026-08-02T11:12:49.615-07:00,3555.455,ok,heartbeat,243.676,0.000,0.000,8.004,8.537,0.062
2026-08-02T11:13:49.963-07:00,3615.803,ok,heartbeat,244.346,0.000,1.067,7.470,8.004,0.199
2026-08-02T11:14:50.309-07:00,3676.149,ok,heartbeat,244.190,0.000,5.336,8.004,7.470,0.143
2026-08-02T11:15:50.640-07:00,3736.480,ok,heartbeat,244.199,0.000,0.000,9.071,9.071,0.000
2026-08-02T11:16:50.987-07:00,3796.828,ok,heartbeat,244.136,0.000,4.269,8.004,9.071,0.470
2026-08-02T11:17:51.334-07:00,3857.174,ok,heartbeat,243.691,0.000,1.067,8.004,8.537,0.188
2026-08-02T11:18:51.682-07:00,3917.523,ok,heartbeat,243.715,0.000,2.134,8.004,8.537,0.250
2026-08-02T11:19:52.030-07:00,3977.870,ok,heartbeat,243.921,0.000,1.067,7.470,8.004,0.199
2026-08-02T11:20:52.377-07:00,4038.217,ok,heartbeat,244.121,0.000,3.202,8.537,9.605,0.389
2026-08-02T11:21:52.725-07:00,4098.566,ok,heartbeat,244.199,0.000,0.000,10.138,10.138,0.000
2026-08-02T11:22:53.073-07:00,4158.913,ok,heartbeat,244.072,0.000,2.134,8.537,9.071,0.234
2026-08-02T11:23:53.419-07:00,4219.259,ok,heartbeat,243.979,0.000,2.134,9.071,9.605,0.110
2026-08-02T11:24:53.767-07:00,4279.607,ok,heartbeat,244.028,0.000,1.067,6.403,8.537,0.250
2026-08-02T11:25:54.115-07:00,4339.955,ok,heartbeat,243.759,0.000,1.067,8.537,9.071,0.176
2026-08-02T11:26:54.459-07:00,4400.299,ok,heartbeat,244.058,0.000,3.202,8.537,9.605,0.333
2026-08-02T11:27:54.807-07:00,4460.647,ok,heartbeat,244.238,0.000,2.134,9.071,9.605,0.222
2026-08-02T11:28:55.155-07:00,4520.995,ok,heartbeat,243.940,0.000,1.067,6.937,7.470,0.143
2026-08-02T11:29:55.503-07:00,4581.343,ok,heartbeat,244.028,0.000,3.202,8.004,9.071,0.411
2026-08-02T11:30:55.851-07:00,4641.691,ok,heartbeat,243.999,0.000,3.202,8.537,9.605,0.333
2026-08-02T11:31:56.184-07:00,4702.024,ok,heartbeat,243.926,0.000,3.202,7.470,8.537,0.438
2026-08-02T11:32:56.531-07:00,4762.372,ok,heartbeat,243.945,0.000,3.202,6.937,8.004,0.399
2026-08-02T11:33:56.879-07:00,4822.719,ok,heartbeat,243.916,0.000,2.134,7.470,8.004,0.333
2026-08-02T11:34:57.227-07:00,4883.067,ok,heartbeat,244.053,0.000,2.134,8.004,8.537,0.250
2026-08-02T11:35:57.557-07:00,4943.397,ok,heartbeat,243.852,0.000,0.000,8.004,8.537,0.062
2026-08-02T11:36:57.906-07:00,5003.746,ok,heartbeat,243.769,0.000,2.134,8.004,8.537,0.312
2026-08-02T11:37:58.237-07:00,5064.077,ok,heartbeat,243.833,0.000,3.202,6.937,8.004,0.466
2026-08-02T11:38:58.569-07:00,5124.409,ok,heartbeat,243.979,0.000,1.067,8.004,9.071,0.117
2026-08-02T11:39:58.899-07:00,5184.739,ok,heartbeat,243.979,0.000,0.000,8.004,8.537,0.062
2026-08-02T11:40:59.228-07:00,5245.071,ok,heartbeat,243.852,0.000,3.202,8.004,9.071,0.411
2026-08-02T11:41:59.560-07:00,5305.403,ok,heartbeat,244.175,0.000,2.134,8.004,8.537,0.312
2026-08-02T11:42:59.891-07:00,5365.735,ok,heartbeat,244.028,0.000,1.067,8.004,8.537,0.188
2026-08-02T11:44:00.227-07:00,5426.067,ok,heartbeat,243.984,0.000,1.067,10.672,11.205,0.143
2026-08-02T11:45:00.576-07:00,5486.416,ok,heartbeat,244.004,0.000,4.269,8.537,9.605,0.444
2026-08-02T11:46:00.926-07:00,5546.766,ok,heartbeat,243.803,0.000,2.134,6.937,7.470,0.285
2026-08-02T11:47:01.276-07:00,5607.116,ok,heartbeat,243.789,0.000,1.067,8.004,8.537,0.188
2026-08-02T11:48:01.625-07:00,5667.465,ok,heartbeat,243.974,0.000,3.202,8.004,9.071,0.411
2026-08-02T11:49:01.975-07:00,5727.815,ok,heartbeat,244.185,0.000,2.134,8.004,8.537,0.250
2026-08-02T11:50:02.325-07:00,5788.165,ok,heartbeat,244.072,0.000,4.269,8.537,9.605,0.444
2026-08-02T11:51:02.674-07:00,5848.514,ok,heartbeat,244.234,0.000,2.134,8.004,8.537,0.250
2026-08-02T11:52:03.022-07:00,5908.862,ok,heartbeat,244.062,0.000,3.202,7.470,8.537,0.438
2026-08-02T11:53:03.354-07:00,5969.197,ok,heartbeat,244.077,0.000,2.134,7.470,8.004,0.267
2026-08-02T11:54:03.703-07:00,6029.543,ok,heartbeat,243.921,0.000,2.134,6.937,7.470,0.285
2026-08-02T11:55:04.051-07:00,6089.891,ok,heartbeat,244.190,0.000,4.269,9.605,10.672,0.199
2026-08-02T11:56:04.401-07:00,6150.241,ok,heartbeat,244.072,0.000,1.067,8.537,9.071,0.117
2026-08-02T11:57:04.733-07:00,6210.573,ok,heartbeat,244.238,0.000,0.000,8.537,8.537,0.000
2026-08-02T11:58:05.062-07:00,6270.902,ok,heartbeat,243.970,0.000,1.067,8.004,8.537,0.125
2026-08-02T11:59:05.393-07:00,6331.233,ok,heartbeat,243.847,0.000,0.000,8.004,8.004,0.000
2026-08-02T12:00:05.724-07:00,6391.564,ok,heartbeat,244.062,0.000,1.067,8.004,8.537,0.188
2026-08-02T12:01:06.055-07:00,6451.896,ok,heartbeat,244.141,0.000,2.134,9.071,9.605,0.222
2026-08-02T12:02:06.403-07:00,6512.243,ok,heartbeat,244.581,0.000,1.067,9.071,9.605,0.166
2026-08-02T12:03:06.752-07:00,6572.592,ok,heartbeat,244.424,0.000,3.202,8.004,9.071,0.353
2026-08-02T12:04:07.097-07:00,6632.937,ok,heartbeat,244.610,0.000,2.134,9.605,10.138,0.210
2026-08-02T12:05:07.429-07:00,6693.269,ok,heartbeat,244.341,0.000,1.067,8.004,8.537,-0.125
2026-08-02T12:06:07.777-07:00,6753.618,ok,heartbeat,244.644,0.000,2.134,9.071,9.605,0.277
2026-08-02T12:07:08.123-07:00,6813.963,ok,heartbeat,244.493,0.000,3.202,7.470,8.537,0.375
2026-08-02T12:08:08.454-07:00,6874.294,ok,heartbeat,244.600,0.000,2.134,8.004,8.537,0.438
2026-08-02T12:09:08.802-07:00,6934.642,ok,heartbeat,244.209,0.000,3.202,8.004,9.071,0.353
2026-08-02T12:10:09.147-07:00,6994.987,ok,heartbeat,244.752,0.000,3.202,10.138,11.205,0.333
2026-08-02T12:11:09.495-07:00,7055.336,ok,heartbeat,244.801,0.000,1.067,8.004,8.537,0.188
2026-08-02T12:12:09.844-07:00,7115.684,ok,heartbeat,244.771,0.000,4.269,9.071,9.071,0.234
2026-08-02T12:13:10.175-07:00,7176.015,ok,heartbeat,244.629,0.000,3.202,8.537,9.605,0.333
2026-08-02T12:14:10.507-07:00,7236.347,ok,heartbeat,244.854,0.000,3.202,8.537,9.605,0.333
2026-08-02T12:15:10.839-07:00,7296.679,ok,heartbeat,244.585,0.000,2.134,9.605,10.138,0.263
2026-08-02T12:16:11.195-07:00,7357.036,ok,heartbeat,244.889,0.000,1.067,7.470,8.004,0.133
2026-08-02T12:17:11.545-07:00,7417.386,ok,heartbeat,244.864,0.000,3.202,7.470,8.537,0.375
2026-08-02T12:18:11.901-07:00,7477.742,ok,heartbeat,244.815,0.000,2.134,8.537,9.071,0.234
2026-08-02T12:19:12.234-07:00,7538.074,ok,heartbeat,244.522,0.000,2.134,8.004,8.537,0.312
2026-08-02T12:20:12.583-07:00,7598.423,ok,heartbeat,244.820,0.000,2.134,8.537,9.071,0.294
2026-08-02T12:21:08.899-07:00,7654.739,ok,current_change|heater_on,244.585,0.143,1.067,37.884,38.418,0.027
2026-08-02T12:21:09.905-07:00,7655.746,ok,current_change,244.830,0.180,5.336,48.023,48.556,0.120
2026-08-02T12:21:10.912-07:00,7656.752,ok,current_change,244.556,0.210,8.537,55.493,47.489,0.056
2026-08-02T12:21:11.918-07:00,7657.758,ok,current_change,244.585,0.193,6.403,51.758,52.291,0.122
2026-08-02T12:21:14.936-07:00,7660.776,ok,current_change,244.488,0.168,5.336,44.821,45.355,0.117
2026-08-02T12:21:15.945-07:00,7661.786,ok,current_change,244.845,0.185,4.269,49.623,50.157,0.085
2026-08-02T12:21:17.958-07:00,7663.798,ok,current_change,244.849,0.168,4.269,44.821,45.355,0.105
2026-08-02T12:21:18.964-07:00,7664.804,ok,current_change,244.590,0.187,5.336,49.623,34.683,0.015
2026-08-02T12:21:21.982-07:00,7667.822,ok,current_change,244.815,0.167,1.067,41.620,42.153,0.037
2026-08-02T12:21:23.994-07:00,7669.835,ok,current_change,244.776,0.187,3.202,49.623,50.157,0.074
2026-08-02T12:21:26.007-07:00,7671.847,ok,current_change,244.605,0.142,1.067,37.351,37.884,0.042
2026-08-02T12:21:28.019-07:00,7673.859,ok,current_change|heater_off,244.840,0.000,1.067,26.679,27.213,-0.039
2026-08-02T12:21:29.025-07:00,7674.865,ok,current_change|heater_on,244.869,0.142,2.134,37.884,38.418,0.069
2026-08-02T12:21:30.032-07:00,7675.872,ok,current_change|heater_off,244.625,0.000,0.000,29.347,41.086,0.104
2026-08-02T12:21:34.055-07:00,7679.896,ok,current_change|heater_on,244.639,0.152,4.269,40.552,41.086,0.104
2026-08-02T12:21:35.062-07:00,7680.902,ok,current_change|heater_off,244.497,0.000,1.067,33.616,34.149,0.047
2026-08-02T12:21:38.080-07:00,7683.920,ok,current_change|heater_on,244.507,0.138,4.269,36.817,37.351,0.114
2026-08-02T12:21:39.087-07:00,7684.927,ok,current_change|heater_off,244.541,0.000,2.134,33.082,33.616,0.063
2026-08-02T12:21:40.095-07:00,7685.935,ok,current_change|heater_on,244.507,0.155,2.134,41.086,41.620,0.063
2026-08-02T12:21:41.101-07:00,7686.941,ok,current_change|heater_off,244.502,0.000,1.067,29.347,35.217,0.000
2026-08-02T12:21:42.108-07:00,7687.948,ok,current_change|heater_on,244.840,0.138,3.202,36.817,37.351,0.100
2026-08-02T12:21:43.114-07:00,7688.954,ok,current_change|heater_off,244.820,0.000,1.067,29.347,29.881,0.053
2026-08-02T12:21:45.126-07:00,7690.967,ok,current_change|heater_on,244.590,0.143,1.067,37.884,38.418,0.041
2026-08-02T12:21:50.156-07:00,7695.996,ok,current_change|heater_off,244.889,0.000,1.067,37.884,38.418,0.041
2026-08-02T12:21:52.170-07:00,7698.010,ok,current_change|heater_on,244.859,0.138,3.202,36.817,37.351,0.085
2026-08-02T12:21:53.177-07:00,7699.017,ok,current_change|heater_off,244.600,0.000,1.067,26.146,26.679,-0.020
2026-08-02T12:21:54.183-07:00,7700.023,ok,current_change|heater_on,244.820,0.148,5.336,39.485,40.019,0.146
2026-08-02T12:21:58.207-07:00,7704.047,ok,current_change|heater_off,244.585,0.000,0.000,31.481,31.481,0.000
2026-08-02T12:21:59.210-07:00,7705.053,ok,current_change|heater_on,244.781,0.137,1.067,36.284,36.817,0.028
2026-08-02T12:22:05.231-07:00,7711.072,ok,current_change|heater_off,244.717,0.000,6.403,25.612,26.679,0.239
2026-08-02T12:22:07.244-07:00,7713.084,ok,current_change|heater_on,244.722,0.142,9.605,36.284,37.884,0.253
2026-08-02T12:22:08.250-07:00,7714.090,ok,current_change|heater_off,244.845,0.000,9.605,33.616,35.217,0.272
2026-08-02T12:22:09.257-07:00,7715.097,ok,current_change|heater_on,244.463,0.140,8.537,36.284,37.884,0.239
2026-08-02T12:22:10.263-07:00,7716.103,ok,current_change|heater_off,244.840,0.000,5.336,25.612,33.082,0.241
2026-08-02T12:22:11.271-07:00,7717.111,ok,current_change|heater_on,244.590,0.173,11.739,45.355,46.955,0.250
2026-08-02T12:22:12.278-07:00,7718.118,ok,current_change|heater_off,244.805,0.000,6.403,32.549,33.616,0.190
2026-08-02T12:22:14.290-07:00,7720.130,ok,current_change|heater_on,244.757,0.168,9.605,44.287,45.355,0.211
2026-08-02T12:22:15.296-07:00,7721.136,ok,current_change,244.512,0.137,8.537,35.217,36.817,0.246
2026-08-02T12:22:16.305-07:00,7722.146,ok,current_change|heater_off,244.747,0.000,8.537,33.616,35.217,0.257
2026-08-02T12:22:19.323-07:00,7725.164,ok,current_change|heater_on,244.815,0.135,8.537,34.683,36.284,0.250
2026-08-02T12:22:21.336-07:00,7727.176,ok,current_change|heater_off,244.786,0.000,5.336,28.814,29.881,0.196
2026-08-02T12:22:25.359-07:00,7731.200,ok,current_change|heater_on,244.673,0.133,7.470,34.683,35.750,0.208
2026-08-02T12:22:27.372-07:00,7733.212,ok,current_change|heater_off,244.752,0.000,8.537,32.549,34.149,0.250
2026-08-02T12:22:30.390-07:00,7736.230,ok,current_change|heater_on,244.458,0.137,10.672,35.217,36.817,0.289
2026-08-02T12:22:32.402-07:00,7738.242,ok,current_change|heater_off,244.869,0.000,8.537,32.549,34.149,0.250
2026-08-02T12:22:33.410-07:00,7739.250,ok,current_change|heater_on,244.845,0.147,10.672,37.884,39.485,0.270
2026-08-02T12:22:34.416-07:00,7740.256,ok,current_change|heater_off,244.747,0.000,8.537,30.414,37.884,0.281
2026-08-02T12:22:36.428-07:00,7742.268,ok,current_change|power_change|heater_on,244.727,0.909,112.053,219.303,246.516,0.456
2026-08-02T12:22:37.435-07:00,7743.275,ok,current_change,244.766,1.056,114.187,261.456,286.001,0.400
2026-08-02T12:22:38.443-07:00,7744.283,ok,current_change,244.732,1.133,110.985,286.001,306.811,0.361
2026-08-02T12:22:39.449-07:00,7745.289,ok,current_change,244.688,1.199,114.187,304.143,324.953,0.351
2026-08-02T12:22:41.461-07:00,7747.301,ok,current_change,244.585,1.257,114.187,321.218,340.960,0.334
2026-08-02T12:22:42.468-07:00,7748.308,ok,current_change,244.625,1.342,110.985,346.296,363.904,0.306
2026-08-02T12:22:43.474-07:00,7749.314,ok,current_change,244.879,1.287,108.851,331.356,348.964,0.312
2026-08-02T12:22:44.481-07:00,7750.321,ok,current_change,244.493,1.362,116.321,350.031,360.703,0.305
2026-08-02T12:22:46.493-07:00,7752.333,ok,current_change,244.874,1.389,112.053,359.636,376.710,0.297
2026-08-02T12:22:47.499-07:00,7753.340,ok,current_change,244.752,1.364,112.053,357.501,375.110,0.298
2026-08-02T12:22:48.507-07:00,7754.347,ok,current_change,244.771,1.322,110.985,340.427,358.569,0.311
2026-08-02T12:22:49.514-07:00,7755.354,ok,current_change,244.713,1.339,109.918,345.763,368.707,0.308
2026-08-02T12:22:51.526-07:00,7757.366,ok,current_change,244.752,1.371,115.254,352.699,371.375,0.312
2026-08-02T12:22:53.538-07:00,7759.378,ok,current_change,244.493,1.351,110.985,348.430,366.039,0.304
2026-08-02T12:22:54.545-07:00,7760.385,ok,current_change,244.669,1.372,110.985,354.833,371.908,0.298
2026-08-02T12:22:57.563-07:00,7763.403,ok,current_change,244.747,1.351,112.053,348.430,366.039,0.306
2026-08-02T12:23:02.579-07:00,7768.422,ok,current_change,244.512,1.371,109.918,354.300,371.375,0.296
2026-08-02T12:23:05.593-07:00,7771.433,ok,current_change,244.776,1.352,112.053,348.430,366.572,0.307
2026-08-02T12:23:06.599-07:00,7772.439,ok,current_change,244.517,1.377,108.851,356.434,372.975,0.291
2026-08-02T12:23:07.606-07:00,7773.446,ok,current_change,244.463,1.351,108.851,348.964,366.039,0.299
2026-08-02T12:23:09.620-07:00,7775.461,ok,current_change,244.757,1.384,110.985,358.035,375.110,0.295
2026-08-02T12:23:15.656-07:00,7781.496,ok,current_change,244.693,1.401,110.985,363.371,380.445,0.291
2026-08-02T12:23:17.668-07:00,7783.508,ok,current_change,244.688,1.379,110.985,356.968,374.042,0.296
2026-08-02T12:23:18.677-07:00,7784.517,ok,current_change,244.654,1.407,112.053,364.438,381.513,0.293
2026-08-02T12:23:31.752-07:00,7797.592,ok,current_change,244.810,1.427,109.918,363.904,380.445,0.290
2026-08-02T12:23:32.759-07:00,7798.599,ok,current_change,244.952,1.384,106.717,359.636,375.643,0.285
2026-08-02T12:23:33.765-07:00,7799.605,ok,current_change,245.162,1.426,112.053,370.307,387.382,0.290
2026-08-02T12:23:34.772-07:00,7800.612,ok,current_change,245.182,1.409,113.120,364.972,382.580,0.297
2026-08-02T12:23:37.790-07:00,7803.630,ok,current_change,244.669,1.427,114.187,369.240,386.848,0.295
2026-08-02T12:23:40.807-07:00,7806.648,ok,current_change,244.903,1.387,107.784,360.169,376.177,0.287
2026-08-02T12:23:41.814-07:00,7807.654,ok,current_change,244.722,1.431,115.254,370.307,381.513,0.292
2026-08-02T12:23:42.820-07:00,7808.661,ok,current_change,244.781,1.402,112.053,363.371,380.445,0.296
2026-08-02T12:23:43.828-07:00,7809.668,ok,current_change,244.717,1.421,108.851,369.240,385.781,0.286
2026-08-02T12:23:47.852-07:00,7813.692,ok,current_change,244.585,1.404,110.985,363.371,380.445,0.293
2026-08-02T12:23:49.866-07:00,7815.706,ok,current_change,244.541,1.431,113.120,370.307,387.382,0.292
2026-08-02T12:23:54.895-07:00,7820.736,ok,current_change,244.801,1.412,113.120,369.774,386.848,0.293
2026-08-02T12:23:56.908-07:00,7822.748,ok,current_change,244.737,1.436,113.120,371.908,388.983,0.292
2026-08-02T12:23:58.920-07:00,7824.760,ok,current_change,244.713,1.406,109.918,364.438,380.979,0.289
2026-08-02T12:23:59.923-07:00,7825.767,ok,current_change,244.703,1.431,110.985,371.375,387.916,0.285
2026-08-02T12:24:00.926-07:00,7826.769,ok,current_change,244.766,1.406,110.985,364.438,380.979,0.291
2026-08-02T12:24:01.929-07:00,7827.772,ok,current_change,244.820,1.429,112.053,370.307,387.382,0.290
2026-08-02T12:24:02.931-07:00,7828.775,ok,current_change,244.786,1.402,110.985,363.371,380.445,0.291
2026-08-02T12:24:03.934-07:00,7829.777,ok,current_change,244.507,1.427,113.120,369.774,386.848,0.292
2026-08-02T12:24:05.946-07:00,7831.786,ok,current_change,244.522,1.402,115.254,369.240,386.848,0.298
2026-08-02T12:24:06.952-07:00,7832.792,ok,current_change,244.825,1.427,112.053,369.774,386.848,0.289
2026-08-02T12:24:12.988-07:00,7838.828,ok,current_change,244.727,1.404,107.784,364.438,380.445,0.283
2026-08-02T12:24:13.994-07:00,7839.834,ok,current_change,244.747,1.432,116.321,370.307,388.449,0.301
2026-08-02T12:24:15.001-07:00,7840.841,ok,current_change,244.395,1.406,106.717,364.972,380.445,0.280
2026-08-02T12:24:17.013-07:00,7842.853,ok,current_change,244.659,1.439,115.254,372.442,383.647,0.277
2026-08-02T12:24:20.031-07:00,7845.871,ok,current_change,244.419,1.401,108.851,370.307,386.315,0.281
2026-08-02T12:24:21.037-07:00,7846.877,ok,current_change,244.561,1.437,113.120,372.442,389.516,0.291
2026-08-02T12:24:24.055-07:00,7849.895,ok,current_change,244.571,1.456,116.321,376.177,394.319,0.296
2026-08-02T12:24:25.062-07:00,7850.902,ok,current_change,244.634,1.424,107.784,370.307,389.516,0.277
2026-08-02T12:24:26.069-07:00,7851.909,ok,current_change,244.683,1.444,114.187,374.042,391.651,0.292
2026-08-02T12:24:31.099-07:00,7856.939,ok,current_change,244.414,1.422,112.053,368.173,385.248,0.290
2026-08-02T12:24:34.118-07:00,7859.958,ok,current_change,244.507,1.454,116.321,375.643,393.785,0.296
2026-08-02T12:24:35.125-07:00,7860.965,ok,current_change,244.483,1.412,107.784,366.572,382.580,0.281
2026-08-02T12:24:36.131-07:00,7861.971,ok,current_change,244.595,1.431,115.254,370.307,387.916,0.297
2026-08-02T12:24:38.145-07:00,7863.985,ok,current_change,244.659,1.449,108.851,366.572,382.580,0.285
2026-08-02T12:24:39.152-07:00,7864.992,ok,current_change,245.177,1.422,110.985,369.774,386.315,0.288
2026-08-02T12:24:41.164-07:00,7867.004,ok,current_change,244.576,1.451,118.456,374.576,393.251,0.301
2026-08-02T12:24:47.200-07:00,7873.041,ok,current_change,244.605,1.414,106.717,367.639,383.113,0.279
2026-08-02T12:24:48.207-07:00,7874.047,ok,current_change,244.659,1.457,114.187,377.778,394.852,0.290
2026-08-02T12:24:51.225-07:00,7877.065,ok,current_change,244.737,1.422,107.784,370.307,385.781,0.279
2026-08-02T12:24:53.237-07:00,7879.077,ok,current_change,244.703,1.449,115.254,375.110,392.718,0.293
2026-08-02T12:24:56.255-07:00,7882.095,ok,current_change,244.449,1.466,112.053,380.445,396.987,0.282
2026-08-02T12:24:57.261-07:00,7883.102,ok,current_change,244.766,1.436,116.321,375.643,393.785,0.296
2026-08-02T12:25:02.278-07:00,7888.121,ok,current_change,244.512,1.467,108.851,370.307,386.315,0.282
2026-08-02T12:25:03.280-07:00,7889.124,ok,current_change,244.512,1.431,105.650,372.442,387.382,0.272
2026-08-02T12:25:06.298-07:00,7892.138,ok,current_change,244.742,1.454,113.120,374.576,391.651,0.288
2026-08-02T12:25:10.322-07:00,7896.162,ok,current_change,244.879,1.474,114.187,382.580,399.655,0.285
2026-08-02T12:25:13.344-07:00,7899.184,ok,current_change,244.859,1.456,114.187,377.778,394.852,0.289
2026-08-02T12:25:15.356-07:00,7901.197,ok,current_change,244.957,1.472,116.321,382.046,399.655,0.292
2026-08-02T12:25:20.387-07:00,7906.227,ok,current_change,244.947,1.444,106.717,376.710,391.651,0.272
2026-08-02T12:25:21.395-07:00,7907.235,ok,current_change,244.972,1.461,110.985,379.912,396.453,0.281
2026-08-02T12:25:23.407-07:00,7909.247,ok,current_change,244.781,1.492,116.321,386.848,404.457,0.288
2026-08-02T12:25:24.413-07:00,7910.253,ok,current_change,244.918,1.459,107.784,380.445,395.919,0.271
2026-08-02T12:25:25.420-07:00,7911.260,ok,current_change,244.644,1.486,108.851,376.177,391.651,0.277
2026-08-02T12:25:26.428-07:00,7912.268,ok,current_change,244.869,1.454,110.985,378.311,394.319,0.281
2026-08-02T12:25:27.434-07:00,7913.274,ok,current_change,244.576,1.492,115.254,387.382,404.457,0.283
2026-08-02T12:25:30.452-07:00,7916.292,ok,current_change,244.766,1.472,114.187,382.046,400.722,0.280
2026-08-02T12:25:31.460-07:00,7917.300,ok,current_change,244.786,1.489,117.389,386.315,403.923,0.290
2026-08-02T12:25:32.467-07:00,7918.307,ok,current_change,244.796,1.459,106.717,380.445,395.386,0.271
2026-08-02T12:25:33.473-07:00,7919.313,ok,current_change,244.835,1.482,115.254,384.714,401.789,0.286
2026-08-02T12:25:34.479-07:00,7920.320,ok,current_change,244.497,1.457,107.784,379.378,394.852,0.272
2026-08-02T12:25:36.492-07:00,7922.332,ok,current_change,244.737,1.479,110.985,384.714,400.722,0.276
2026-08-02T12:25:40.516-07:00,7926.356,ok,current_change,244.781,1.496,109.918,390.050,405.524,0.271
2026-08-02T12:25:45.547-07:00,7931.387,ok,current_change,244.556,1.474,109.918,383.113,399.121,0.276
2026-08-02T12:25:48.567-07:00,7934.407,ok,current_change,244.766,1.506,114.187,391.651,408.192,0.280
2026-08-02T12:25:51.585-07:00,7937.425,ok,current_change,244.688,1.482,108.851,386.315,401.789,0.271
2026-08-02T12:25:52.591-07:00,7938.431,ok,current_change,244.478,1.502,117.389,389.516,404.457,0.287
2026-08-02T12:25:59.632-07:00,7945.473,ok,current_change,244.488,1.479,109.918,384.714,400.722,0.275
2026-08-02T12:26:00.639-07:00,7946.479,ok,current_change,244.595,1.502,113.120,390.584,407.125,0.278
2026-08-02T12:26:02.651-07:00,7948.491,ok,current_change,244.693,1.482,106.717,386.848,401.789,0.265
2026-08-02T12:26:04.664-07:00,7950.504,ok,current_change,244.737,1.519,113.120,395.919,411.927,0.275
2026-08-02T12:26:05.672-07:00,7951.512,ok,current_change,244.830,1.487,113.120,386.848,403.390,0.280
2026-08-02T12:26:07.684-07:00,7953.524,ok,current_change,244.698,1.509,115.254,392.184,409.259,0.282
2026-08-02T12:26:08.691-07:00,7954.531,ok,current_change,244.629,1.474,110.985,383.647,399.655,0.277
2026-08-02T12:26:09.697-07:00,7955.537,ok,current_change,244.703,1.504,109.918,392.184,407.658,0.271
2026-08-02T12:26:15.735-07:00,7961.575,ok,current_change,244.801,1.481,108.851,386.315,401.789,0.271
2026-08-02T12:26:16.741-07:00,7962.582,ok,current_change,244.859,1.502,114.187,391.117,407.658,0.279
2026-08-02T12:26:17.748-07:00,7963.588,ok,current_change,244.732,1.477,110.985,384.714,400.722,0.277
2026-08-02T12:26:18.754-07:00,7964.595,ok,current_change,244.488,1.499,113.120,389.516,406.058,0.278
2026-08-02T12:26:19.761-07:00,7965.601,ok,current_change,244.507,1.522,115.254,392.184,409.259,0.281
2026-08-02T12:26:20.767-07:00,7966.607,ok,current_change,244.854,1.492,108.851,389.516,404.990,0.270
2026-08-02T12:26:22.782-07:00,7968.622,ok,current_change,244.581,1.519,114.187,394.852,411.393,0.277
2026-08-02T12:26:24.794-07:00,7970.634,ok,current_change,244.678,1.491,108.851,388.449,408.192,0.278
2026-08-02T12:26:25.800-07:00,7971.641,ok,current_change,244.561,1.512,113.120,393.251,409.793,0.277
2026-08-02T12:26:27.815-07:00,7973.655,ok,current_change,244.796,1.487,104.582,388.983,403.390,0.260
2026-08-02T12:26:33.850-07:00,7979.690,ok,current_change,244.766,1.526,118.456,395.919,413.528,0.287
2026-08-02T12:26:34.857-07:00,7980.697,ok,current_change,244.537,1.487,105.650,388.449,402.856,0.263
2026-08-02T12:26:35.863-07:00,7981.703,ok,current_change,244.625,1.521,114.187,393.251,409.793,0.279
2026-08-02T12:26:38.881-07:00,7984.721,ok,current_change,244.752,1.502,113.120,394.852,410.860,0.274
2026-08-02T12:26:40.896-07:00,7986.736,ok,current_change,244.546,1.519,114.187,394.852,409.793,0.282
2026-08-02T12:26:41.902-07:00,7987.742,ok,current_change,244.576,1.481,105.650,386.848,401.255,0.264
2026-08-02T12:26:43.915-07:00,7989.755,ok,current_change,244.810,1.516,114.187,394.852,411.393,0.277
2026-08-02T12:26:46.935-07:00,7992.775,ok,current_change,244.585,1.489,108.851,387.916,403.390,0.270
2026-08-02T12:26:48.947-07:00,7994.787,ok,current_change,244.419,1.509,109.918,393.251,408.725,0.269
2026-08-02T12:26:53.978-07:00,7999.818,ok,current_change,244.810,1.526,112.053,398.054,413.528,0.271
2026-08-02T12:26:54.986-07:00,8000.826,ok,current_change,244.678,1.497,113.120,398.054,414.061,0.274
2026-08-02T12:26:56.998-07:00,8002.838,ok,current_change,244.527,1.517,108.851,395.919,410.860,0.265
2026-08-02T12:26:59.011-07:00,8004.851,ok,current_change,244.776,1.542,114.187,401.789,418.330,0.273
2026-08-02T12:27:02.020-07:00,8007.864,ok,current_change,244.854,1.517,107.784,396.453,411.393,0.263
2026-08-02T12:27:04.025-07:00,8009.869,ok,current_change,244.933,1.541,114.187,401.789,417.796,0.272
2026-08-02T12:27:06.037-07:00,8011.877,ok,current_change,244.669,1.516,113.120,394.319,417.263,0.281
2026-08-02T12:27:07.044-07:00,8012.884,ok,current_change,244.512,1.536,112.053,400.188,416.196,0.271
2026-08-02T12:27:10.062-07:00,8015.902,ok,current_change,244.410,1.552,112.053,404.990,420.464,0.268
2026-08-02T12:27:16.098-07:00,8021.938,ok,current_change,244.644,1.536,110.985,400.722,416.196,0.268
2026-08-02T12:27:23.139-07:00,8028.979,ok,current_change,244.761,1.556,117.389,404.990,422.065,0.279
2026-08-02T12:27:26.157-07:00,8031.997,ok,current_change,244.757,1.527,115.254,397.520,414.061,0.278
2026-08-02T12:27:27.163-07:00,8033.004,ok,current_change,244.678,1.557,110.985,406.591,422.065,0.264
2026-08-02T12:27:30.182-07:00,8036.022,ok,current_change,244.537,1.527,104.582,399.655,413.528,0.254
2026-08-02T12:27:31.188-07:00,8037.028,ok,current_change,244.541,1.551,115.254,403.390,419.931,0.274
2026-08-02T12:27:38.229-07:00,8044.070,ok,current_change,244.815,1.594,118.456,415.128,432.203,0.273
2026-08-02T12:27:40.242-07:00,8046.082,ok,current_change,244.512,1.524,108.851,398.054,412.994,0.265
2026-08-02T12:27:41.250-07:00,8047.090,ok,current_change,244.859,1.541,114.187,401.789,417.796,0.272
2026-08-02T12:27:43.262-07:00,8049.102,ok,current_change,244.903,1.557,109.918,401.255,416.196,0.265
2026-08-02T12:27:46.280-07:00,8052.121,ok,current_change,244.864,1.536,114.187,406.058,422.065,0.271
2026-08-02T12:27:49.299-07:00,8055.139,ok,current_change,244.708,1.519,113.120,404.457,420.464,0.270
2026-08-02T12:27:50.305-07:00,8056.145,ok,current_change,244.908,1.576,117.389,410.860,427.401,0.274
2026-08-02T12:27:51.312-07:00,8057.152,ok,current_change,244.776,1.556,114.187,406.058,422.065,0.271
2026-08-02T12:27:53.326-07:00,8059.166,ok,current_change,244.786,1.594,118.456,415.128,432.203,0.273
2026-08-02T12:27:54.332-07:00,8060.172,ok,current_change,244.791,1.534,115.254,404.990,421.531,0.272
2026-08-02T12:27:57.351-07:00,8063.191,ok,current_change,244.801,1.559,118.456,408.192,425.267,0.278
2026-08-02T12:27:59.363-07:00,8065.203,ok,current_change,244.766,1.534,108.851,401.255,416.196,0.261
2026-08-02T12:28:01.375-07:00,8067.215,ok,current_change,244.805,1.564,113.120,408.725,424.199,0.267
2026-08-02T12:28:11.434-07:00,8077.274,ok,current_change,244.737,1.534,104.582,401.789,415.662,0.251
2026-08-02T12:28:12.441-07:00,8078.281,ok,current_change,244.380,1.559,112.053,406.591,422.065,0.267
2026-08-02T12:28:23.505-07:00,8089.346,ok,current_change,244.761,1.592,115.254,405.524,422.065,0.273
2026-08-02T12:28:24.512-07:00,8090.352,ok,current_change,244.708,1.569,115.254,409.259,425.267,0.271
2026-08-02T12:28:27.530-07:00,8093.370,ok,current_change,244.717,1.551,116.321,403.390,420.464,0.277
2026-08-02T12:28:28.536-07:00,8094.377,ok,current_change,244.742,1.574,110.985,411.927,415.662,0.259
2026-08-02T12:28:29.545-07:00,8095.385,ok,current_change,244.825,1.549,109.918,404.990,419.931,0.263
2026-08-02T12:28:34.574-07:00,8100.415,ok,current_change,244.771,1.532,113.120,399.655,415.662,0.272
2026-08-02T12:28:35.581-07:00,8101.421,ok,current_change,244.639,1.556,114.187,405.524,421.531,0.271
2026-08-02T12:28:37.593-07:00,8103.433,ok,current_change,244.786,1.524,107.784,398.054,412.994,0.262
2026-08-02T12:28:38.600-07:00,8104.440,ok,current_change,244.835,1.541,110.985,402.322,417.796,0.266
2026-08-02T12:28:42.624-07:00,8108.464,ok,current_change,244.507,1.511,112.053,393.251,409.259,0.274
2026-08-02T12:28:43.630-07:00,8109.470,ok,current_change,244.571,1.537,110.985,401.255,416.729,0.268
2026-08-02T12:28:47.654-07:00,8113.494,ok,current_change,244.825,1.517,112.053,395.386,411.393,0.271
2026-08-02T12:28:51.679-07:00,8117.519,ok,current_change,244.483,1.536,115.254,399.655,416.196,0.277
2026-08-02T12:28:53.692-07:00,8119.532,ok,current_change,244.405,1.559,117.389,404.990,422.065,0.279
2026-08-02T12:28:54.698-07:00,8120.538,ok,current_change,244.717,1.516,112.053,394.852,410.860,0.273
2026-08-02T12:28:56.710-07:00,8122.550,ok,current_change,244.468,1.532,115.254,398.587,415.128,0.278
2026-08-02T12:28:57.717-07:00,8123.557,ok,current_change,244.703,1.514,112.053,394.319,410.326,0.272
2026-08-02T12:29:00.728-07:00,8126.572,ok,current_change,244.546,1.492,108.851,389.516,404.457,0.269
2026-08-02T12:29:01.731-07:00,8127.574,ok,current_change,244.507,1.517,116.321,393.785,410.860,0.284
2026-08-02T12:29:03.736-07:00,8129.579,ok,current_change,244.757,1.497,115.254,395.919,412.994,0.280
2026-08-02T12:29:05.748-07:00,8131.588,ok,current_change,244.766,1.522,113.120,396.987,412.994,0.273
2026-08-02T12:29:07.761-07:00,8133.601,ok,current_change,244.483,1.502,108.851,392.184,407.125,0.267
2026-08-02T12:29:14.803-07:00,8140.643,ok,current_change,244.644,1.521,114.187,395.386,411.927,0.278
2026-08-02T12:29:15.809-07:00,8141.649,ok,current_change,244.717,1.476,113.120,393.785,410.326,0.276
2026-08-02T12:29:16.816-07:00,8142.656,ok,current_change,244.796,1.499,109.918,391.117,406.591,0.271
2026-08-02T12:29:21.845-07:00,8147.685,ok,current_change,244.830,1.482,109.918,386.315,401.789,0.273
2026-08-02T12:29:22.852-07:00,8148.692,ok,current_change,244.546,1.526,118.456,395.919,413.528,0.287
2026-08-02T12:29:23.858-07:00,8149.698,ok,current_change,244.825,1.486,107.784,387.916,412.461,0.277
2026-08-02T12:29:24.865-07:00,8150.705,ok,current_change,244.590,1.506,115.254,391.117,408.192,0.282
2026-08-02T12:29:27.883-07:00,8153.723,ok,current_change,244.766,1.474,113.120,383.113,399.655,0.284
2026-08-02T12:29:32.913-07:00,8158.753,ok,current_change,244.786,1.514,115.254,393.251,410.326,0.281
2026-08-02T12:29:33.920-07:00,8159.761,ok,current_change,244.737,1.477,105.650,386.315,400.722,0.263
2026-08-02T12:29:34.927-07:00,8160.767,ok,current_change,244.571,1.507,118.456,390.584,401.789,0.279
2026-08-02T12:29:37.945-07:00,8163.785,ok,current_change,244.801,1.469,112.053,393.251,409.259,0.273
2026-08-02T12:29:38.953-07:00,8164.793,ok,current_change,244.546,1.529,119.523,395.919,414.061,0.288
2026-08-02T12:29:39.960-07:00,8165.800,ok,current_change,244.683,1.499,113.120,389.516,406.058,0.278
2026-08-02T12:29:43.983-07:00,8169.824,ok,current_change,244.845,1.481,112.053,385.248,401.789,0.279
2026-08-02T12:29:44.990-07:00,8170.830,ok,current_change,244.483,1.502,110.985,391.651,407.125,0.272
2026-08-02T12:29:49.014-07:00,8174.854,ok,current_change,244.796,1.472,108.851,383.647,407.658,0.278
2026-08-02T12:29:50.022-07:00,8175.862,ok,current_change,244.776,1.504,114.187,391.117,407.658,0.281
2026-08-02T12:29:51.029-07:00,8176.869,ok,current_change,244.781,1.476,113.120,383.647,400.188,0.282
2026-08-02T12:29:52.035-07:00,8177.875,ok,current_change,244.468,1.494,112.053,388.449,404.457,0.276
2026-08-02T12:29:54.047-07:00,8179.888,ok,current_change,244.717,1.467,108.851,382.580,405.524,0.275
2026-08-02T12:29:55.054-07:00,8180.894,ok,current_change,244.737,1.511,117.389,392.184,409.793,0.286
2026-08-02T12:30:01.086-07:00,8186.927,ok,current_change,244.859,1.492,114.187,387.916,404.990,0.283
2026-08-02T12:30:06.116-07:00,8191.956,ok,current_change,244.781,1.511,118.456,392.184,411.393,0.285
2026-08-02T12:30:10.141-07:00,8195.981,ok,current_change,244.752,1.471,107.784,383.647,398.587,0.270
2026-08-02T12:30:11.148-07:00,8196.988,ok,current_change,244.933,1.487,110.985,387.382,403.390,0.276
2026-08-02T12:30:13.162-07:00,8199.002,ok,current_change,244.810,1.504,117.389,390.050,407.658,0.289
2026-08-02T12:30:16.180-07:00,8202.020,ok,current_change,244.830,1.472,107.784,383.647,399.121,0.271
2026-08-02T12:30:17.187-07:00,8203.027,ok,current_change,244.884,1.506,112.053,384.714,400.722,0.279
2026-08-02T12:30:18.194-07:00,8204.034,ok,current_change,244.805,1.472,108.851,383.647,399.121,0.273
2026-08-02T12:30:19.200-07:00,8205.040,ok,current_change,244.771,1.492,114.187,387.916,404.457,0.282
2026-08-02T12:30:20.207-07:00,8206.047,ok,current_change,244.717,1.514,118.456,392.718,410.326,0.288
2026-08-02T12:30:23.225-07:00,8209.065,ok,current_change,244.757,1.492,113.120,387.916,404.457,0.279
2026-08-02T12:30:24.231-07:00,8210.071,ok,current_change,244.796,1.527,120.590,395.919,414.061,0.292
2026-08-02T12:30:25.238-07:00,8211.078,ok,current_change,244.708,1.494,106.717,385.781,400.722,0.266
2026-08-02T12:30:29.262-07:00,8215.102,ok,current_change,244.424,1.517,114.187,394.319,410.860,0.277
2026-08-02T12:30:32.280-07:00,8218.120,ok,current_change,244.268,1.476,108.851,383.647,399.121,0.272
2026-08-02T12:30:33.287-07:00,8219.127,ok,current_change,244.341,1.502,115.254,389.516,406.591,0.283
2026-08-02T12:30:34.293-07:00,8220.133,ok,current_change,244.683,1.469,107.784,382.580,398.054,0.271
2026-08-02T12:30:35.301-07:00,8221.141,ok,current_change,244.361,1.517,117.389,393.251,410.860,0.285
2026-08-02T12:30:36.307-07:00,8222.147,ok,current_change,244.458,1.471,109.918,391.117,406.591,0.271
2026-08-02T12:30:37.314-07:00,8223.154,ok,current_change,244.717,1.496,116.321,387.916,405.524,0.288
2026-08-02T12:30:39.326-07:00,8225.166,ok,current_change,244.791,1.536,117.389,399.121,416.196,0.281
2026-08-02T12:30:40.334-07:00,8226.174,ok,current_change,244.532,1.497,112.053,389.516,405.524,0.275
2026-08-02T12:30:43.352-07:00,8229.192,ok,current_change,244.923,1.476,106.717,385.248,400.188,0.267
2026-08-02T12:30:45.365-07:00,8231.205,ok,current_change,244.737,1.511,113.120,393.251,409.793,0.277
2026-08-02T12:30:49.389-07:00,8235.229,ok,current_change,244.488,1.484,107.784,386.848,401.789,0.270
2026-08-02T12:30:50.395-07:00,8236.235,ok,current_change,244.722,1.507,113.120,392.718,408.725,0.276
2026-08-02T12:30:52.410-07:00,8238.250,ok,current_change,244.502,1.491,110.985,387.916,407.125,0.274
2026-08-02T12:30:54.422-07:00,8240.262,ok,current_change,244.463,1.516,109.918,394.852,410.326,0.268
2026-08-02T12:30:56.434-07:00,8242.274,ok,current_change,244.683,1.492,110.985,388.449,404.457,0.273
2026-08-02T12:30:57.441-07:00,8243.281,ok,current_change,244.747,1.472,108.851,383.647,399.121,0.273
2026-08-02T12:30:58.447-07:00,8244.287,ok,current_change,244.522,1.492,112.053,390.584,406.591,0.275
2026-08-02T12:31:00.460-07:00,8246.300,ok,current_change,244.497,1.511,116.321,392.184,409.259,0.284
2026-08-02T12:31:03.478-07:00,8249.318,ok,current_change,244.605,1.484,106.717,387.382,402.322,0.266
2026-08-02T12:31:06.496-07:00,8252.336,ok,current_change,244.595,1.506,116.321,391.117,408.192,0.284
2026-08-02T12:31:09.515-07:00,8255.355,ok,current_change,244.693,1.549,116.321,403.390,419.931,0.276
2026-08-02T12:31:10.521-07:00,8256.361,ok,current_change,244.727,1.501,114.187,395.919,412.461,0.276
2026-08-02T12:31:12.533-07:00,8258.374,ok,current_change,244.752,1.526,113.120,397.520,413.528,0.273
2026-08-02T12:31:14.546-07:00,8260.386,ok,current_change,244.678,1.502,112.053,391.117,407.125,0.276
2026-08-02T12:31:15.554-07:00,8261.394,ok,current_change,244.708,1.529,109.918,399.655,414.595,0.265
2026-08-02T12:31:16.560-07:00,8262.400,ok,current_change,244.923,1.491,112.053,388.449,404.457,0.278
2026-08-02T12:31:17.567-07:00,8263.407,ok,current_change,244.996,1.532,116.321,398.587,415.662,0.279
2026-08-02T12:31:19.579-07:00,8265.419,ok,current_change,244.713,1.502,113.120,390.584,407.125,0.277
2026-08-02T12:31:24.609-07:00,8270.449,ok,current_change,244.610,1.546,115.254,402.322,418.864,0.276
2026-08-02T12:31:26.622-07:00,8272.462,ok,current_change,244.629,1.527,116.321,396.987,414.061,0.281
2026-08-02T12:31:31.652-07:00,8277.492,ok,current_change,244.581,1.507,106.717,393.785,408.192,0.263
2026-08-02T12:31:33.665-07:00,8279.505,ok,current_change,244.585,1.524,113.120,399.121,415.128,0.272
2026-08-02T12:31:36.683-07:00,8282.523,ok,current_change,244.869,1.497,110.985,398.587,414.061,0.268
2026-08-02T12:31:37.726-07:00,8283.566,ok,current_change,244.810,1.539,116.321,400.188,417.263,0.278
2026-08-02T12:31:40.744-07:00,8286.584,ok,current_change,244.595,1.512,112.053,393.785,409.793,0.274
2026-08-02T12:31:41.751-07:00,8287.591,ok,current_change,244.610,1.541,110.985,401.789,417.263,0.279
2026-08-02T12:31:42.759-07:00,8288.599,ok,current_change,244.600,1.516,112.053,394.852,410.860,0.272
2026-08-02T12:31:52.818-07:00,8298.658,ok,current_change,244.830,1.541,112.053,402.322,417.796,0.269
2026-08-02T12:31:54.830-07:00,8300.671,ok,current_change,244.835,1.521,109.918,396.987,412.461,0.268
2026-08-02T12:32:03.884-07:00,8309.724,ok,current_change,245.001,1.494,108.851,390.050,405.524,0.270
2026-08-02T12:32:04.890-07:00,8310.730,ok,current_change,244.561,1.532,114.187,398.587,415.128,0.275
2026-08-02T12:32:06.903-07:00,8312.743,ok,current_change,244.605,1.497,110.985,389.516,405.524,0.273
2026-08-02T12:32:07.909-07:00,8313.749,ok,current_change,244.678,1.526,112.053,397.520,413.528,0.271
2026-08-02T12:32:08.916-07:00,8314.756,ok,current_change,244.669,1.501,109.918,391.117,406.591,0.270
2026-08-02T12:32:09.923-07:00,8315.763,ok,current_change,244.605,1.562,118.456,405.524,423.132,0.280
2026-08-02T12:32:10.930-07:00,8316.770,ok,current_change,244.933,1.502,108.851,392.184,415.662,0.263
2026-08-02T12:32:11.936-07:00,8317.776,ok,current_change,244.708,1.527,116.321,396.987,414.061,0.281
2026-08-02T12:32:16.966-07:00,8322.806,ok,current_change,244.615,1.499,112.053,390.050,415.128,0.282
2026-08-02T12:32:18.979-07:00,8324.819,ok,current_change,244.625,1.531,113.120,398.587,414.595,0.272
2026-08-02T12:32:20.991-07:00,8326.831,ok,current_change,244.815,1.514,108.851,395.386,410.326,0.266
2026-08-02T12:32:23.003-07:00,8328.843,ok,current_change,244.688,1.536,113.120,392.184,408.725,0.277
2026-08-02T12:32:24.010-07:00,8329.850,ok,current_change,244.556,1.519,110.985,395.919,411.393,0.270
2026-08-02T12:32:30.045-07:00,8335.885,ok,current_change,244.820,1.537,116.321,399.655,416.729,0.280
2026-08-02T12:32:31.052-07:00,8336.892,ok,current_change,244.761,1.497,112.053,390.050,406.058,0.275
2026-08-02T12:32:32.058-07:00,8337.898,ok,current_change,244.835,1.527,112.053,398.587,414.061,0.271
2026-08-02T12:32:38.094-07:00,8343.934,ok,current_change,244.717,1.506,112.053,392.184,408.192,0.274
2026-08-02T12:32:39.100-07:00,8344.941,ok,current_change,244.869,1.554,115.254,404.990,421.531,0.274
2026-08-02T12:32:41.113-07:00,8346.953,ok,current_change,244.781,1.524,116.321,395.919,412.994,0.282
2026-08-02T12:32:42.120-07:00,8347.960,ok,current_change,244.410,1.501,107.784,391.651,406.591,0.265
2026-08-02T12:32:43.126-07:00,8348.966,ok,current_change,244.629,1.531,114.187,398.054,414.595,0.275
2026-08-02T12:32:48.156-07:00,8353.996,ok,current_change,244.625,1.494,110.985,388.983,404.990,0.273
2026-08-02T12:32:50.168-07:00,8356.009,ok,current_change,244.845,1.541,113.120,401.789,417.796,0.271
2026-08-02T12:32:52.181-07:00,8358.021,ok,current_change,244.874,1.514,113.120,394.852,410.860,0.274
2026-08-02T12:32:54.193-07:00,8360.033,ok,current_change,244.918,1.541,117.389,400.722,420.998,0.275
2026-08-02T12:33:04.252-07:00,8370.092,ok,current_change,244.879,1.524,114.187,396.987,413.528,0.275
2026-08-02T12:33:05.259-07:00,8371.099,ok,current_change,244.864,1.506,114.187,391.651,415.128,0.277
2026-08-02T12:33:06.265-07:00,8372.105,ok,current_change,244.566,1.524,110.985,397.520,412.994,0.269
2026-08-02T12:33:07.272-07:00,8373.112,ok,current_change,244.747,1.497,112.053,390.050,406.058,0.276
2026-08-02T12:33:08.278-07:00,8374.118,ok,current_change,244.815,1.537,117.389,399.655,416.729,0.281
2026-08-02T12:33:16.325-07:00,8382.165,ok,current_change,244.776,1.517,113.120,394.852,415.662,0.282
2026-08-02T12:33:19.343-07:00,8385.184,ok,current_change,244.805,1.501,110.985,399.121,414.595,0.269
2026-08-02T12:33:20.350-07:00,8386.190,ok,current_change,244.605,1.519,112.053,395.386,411.393,0.273
2026-08-02T12:33:21.356-07:00,8387.197,ok,current_change,244.468,1.544,118.456,400.722,418.330,0.284
2026-08-02T12:33:22.364-07:00,8388.204,ok,current_change,244.825,1.516,108.851,395.919,410.860,0.265
2026-08-02T12:33:24.376-07:00,8390.217,ok,current_change,244.830,1.559,119.523,404.990,420.464,0.274
2026-08-02T12:33:25.383-07:00,8391.223,ok,current_change,244.849,1.509,108.851,394.319,409.259,0.266
2026-08-02T12:33:26.389-07:00,8392.230,ok,current_change,244.791,1.531,113.120,399.121,415.128,0.273
2026-08-02T12:33:28.403-07:00,8394.243,ok,current_change,244.517,1.506,109.918,392.184,407.658,0.270
2026-08-02T12:33:30.415-07:00,8396.255,ok,current_change,244.576,1.524,109.918,392.718,408.192,0.271
2026-08-02T12:33:31.422-07:00,8397.262,ok,current_change,244.864,1.506,114.187,391.651,408.192,0.279
2026-08-02T12:33:33.435-07:00,8399.275,ok,current_change,244.585,1.526,112.053,397.520,413.528,0.271
2026-08-02T12:33:34.442-07:00,8400.282,ok,current_change,244.776,1.506,113.120,391.651,408.192,0.278
2026-08-02T12:33:35.448-07:00,8401.288,ok,current_change,244.854,1.529,113.120,398.587,408.192,0.264
2026-08-02T12:33:36.455-07:00,8402.295,ok,current_change,244.654,1.494,108.851,389.516,404.990,0.270
2026-08-02T12:33:37.463-07:00,8403.303,ok,current_change,244.576,1.521,115.254,394.852,411.927,0.280
2026-08-02T12:33:38.470-07:00,8404.310,ok,current_change,244.903,1.539,110.985,401.789,417.263,0.266
2026-08-02T12:33:39.476-07:00,8405.316,ok,current_change,244.654,1.521,113.120,395.919,411.927,0.274
2026-08-02T12:33:43.500-07:00,8409.340,ok,current_change,244.659,1.544,115.254,401.789,418.330,0.275
2026-08-02T12:33:45.513-07:00,8411.353,ok,current_change,244.893,1.526,116.321,396.987,414.061,0.280
2026-08-02T12:33:47.525-07:00,8413.365,ok,current_change,244.898,1.501,112.053,391.117,407.125,0.276
2026-08-02T12:33:50.543-07:00,8416.383,ok,current_change,244.942,1.521,114.187,395.919,412.461,0.276
2026-08-02T12:33:53.561-07:00,8419.402,ok,current_change,244.840,1.539,118.456,399.655,417.263,0.283
2026-08-02T12:33:55.574-07:00,8421.414,ok,current_change,244.512,1.506,115.254,395.386,411.927,0.279
2026-08-02T12:33:57.588-07:00,8423.428,ok,current_change,244.981,1.544,112.053,403.390,409.793,0.262
2026-08-02T12:33:59.600-07:00,8425.441,ok,current_change,245.055,1.507,109.918,393.785,409.259,0.269
2026-08-02T12:34:01.613-07:00,8427.453,ok,current_change,244.986,1.544,117.389,401.789,418.864,0.281
2026-08-02T12:34:02.620-07:00,8428.460,ok,current_change,244.835,1.524,113.120,397.520,413.528,0.273
2026-08-02T12:34:03.626-07:00,8429.466,ok,current_change,244.595,1.506,112.053,395.919,411.927,0.272
2026-08-02T12:34:04.632-07:00,8430.473,ok,current_change,244.502,1.546,114.187,402.856,418.864,0.272
2026-08-02T12:34:05.639-07:00,8431.479,ok,current_change,244.771,1.519,109.918,396.987,411.927,0.267
2026-08-02T12:34:11.675-07:00,8437.515,ok,current_change,244.380,1.537,116.321,399.121,416.196,0.279
2026-08-02T12:34:14.693-07:00,8440.533,ok,current_change,244.791,1.502,113.120,390.584,416.196,0.278
2026-08-02T12:34:15.699-07:00,8441.539,ok,current_change,244.566,1.539,116.321,399.655,416.729,0.278
2026-08-02T12:34:19.723-07:00,8445.563,ok,current_change,244.629,1.506,109.918,392.718,408.192,0.269
2026-08-02T12:34:22.741-07:00,8448.582,ok,current_change,244.849,1.529,115.254,398.054,414.595,0.278
2026-08-02T12:34:23.748-07:00,8449.588,ok,current_change,244.835,1.549,117.389,399.655,416.729,0.281
2026-08-02T12:34:24.754-07:00,8450.595,ok,current_change,244.805,1.521,110.985,396.987,412.461,0.270
2026-08-02T12:34:26.767-07:00,8452.607,ok,current_change,244.717,1.547,115.254,402.856,419.397,0.275
2026-08-02T12:34:30.791-07:00,8456.631,ok,current_change,244.742,1.511,109.918,394.319,409.793,0.268
2026-08-02T12:34:31.797-07:00,8457.637,ok,current_change,244.781,1.551,120.590,402.322,420.464,0.287
2026-08-02T12:34:33.809-07:00,8459.650,ok,current_change,244.820,1.511,109.918,394.319,409.793,0.270
2026-08-02T12:34:34.816-07:00,8460.656,ok,current_change,244.497,1.536,117.389,399.121,420.998,0.283
2026-08-02T12:34:38.840-07:00,8464.680,ok,current_change,244.791,1.516,106.717,396.453,410.860,0.261
2026-08-02T12:34:39.847-07:00,8465.687,ok,current_change,244.463,1.541,117.389,400.188,417.263,0.281
2026-08-02T12:34:51.917-07:00,8477.757,ok,current_change,244.468,1.512,109.918,394.319,409.793,0.268
2026-08-02T12:34:52.924-07:00,8478.764,ok,current_change,244.405,1.551,112.053,404.457,419.931,0.267
2026-08-02T12:34:58.959-07:00,8484.799,ok,current_change,244.678,1.522,109.918,397.520,412.461,0.266
2026-08-02T12:34:59.966-07:00,8485.806,ok,current_change,244.385,1.549,118.456,401.789,419.397,0.282
2026-08-02T12:35:01.978-07:00,8487.818,ok,current_change,244.581,1.521,107.784,397.520,411.927,0.261
2026-08-02T12:35:08.014-07:00,8493.854,ok,current_change,244.722,1.537,117.389,399.655,416.729,0.282
2026-08-02T12:35:13.043-07:00,8498.884,ok,current_change,244.830,1.521,107.784,399.121,414.061,0.261
2026-08-02T12:35:14.052-07:00,8499.892,ok,current_change,244.370,1.544,119.523,400.188,417.796,0.285
2026-08-02T12:35:15.059-07:00,8500.899,ok,current_change,244.659,1.524,112.053,396.987,417.796,0.276
2026-08-02T12:35:17.071-07:00,8502.911,ok,current_change,244.419,1.544,117.389,401.255,418.330,0.280
2026-08-02T12:35:19.083-07:00,8504.924,ok,current_change,244.453,1.519,108.851,396.453,411.393,0.264
2026-08-02T12:35:20.092-07:00,8505.932,ok,current_change,244.620,1.547,117.389,402.322,419.397,0.280
2026-08-02T12:35:24.116-07:00,8509.956,ok,current_change,244.659,1.522,113.120,396.453,412.461,0.275
2026-08-02T12:35:25.123-07:00,8510.963,ok,current_change,244.341,1.589,115.254,414.061,430.069,0.269
2026-08-02T12:35:26.130-07:00,8511.970,ok,current_change,244.629,1.524,119.523,399.655,417.796,0.287
2026-08-02T12:35:27.136-07:00,8512.976,ok,current_change,244.605,1.549,114.187,403.923,419.931,0.272
2026-08-02T12:35:28.143-07:00,8513.983,ok,current_change,244.629,1.526,112.053,398.054,413.528,0.271
2026-08-02T12:35:29.149-07:00,8514.989,ok,current_change,244.590,1.542,119.523,400.188,417.796,0.285
2026-08-02T12:35:30.157-07:00,8515.997,ok,current_change,244.268,1.516,107.784,395.386,410.326,0.264
2026-08-02T12:35:31.163-07:00,8517.003,ok,current_change,244.478,1.544,112.053,401.255,417.263,0.270
2026-08-02T12:35:32.170-07:00,8518.010,ok,current_change,244.517,1.516,113.120,394.319,410.326,0.275
2026-08-02T12:35:33.176-07:00,8519.017,ok,current_change,244.282,1.532,110.985,399.121,414.595,0.268
2026-08-02T12:35:40.218-07:00,8526.058,ok,current_change,244.610,1.571,120.590,408.192,425.800,0.284
2026-08-02T12:35:41.224-07:00,8527.065,ok,current_change,244.708,1.516,112.053,394.852,410.860,0.273
2026-08-02T12:35:42.231-07:00,8528.071,ok,current_change,244.453,1.559,109.918,401.789,416.729,0.265
2026-08-02T12:35:44.243-07:00,8530.083,ok,current_change,244.429,1.529,109.918,398.587,414.061,0.267
2026-08-02T12:35:48.267-07:00,8534.107,ok,current_change,244.610,1.549,112.053,404.457,419.931,0.268
2026-08-02T12:35:49.274-07:00,8535.114,ok,current_change,244.581,1.524,113.120,396.987,412.994,0.274
2026-08-02T12:35:50.280-07:00,8536.120,ok,current_change,244.683,1.557,116.321,405.524,422.065,0.276
2026-08-02T12:35:52.293-07:00,8538.133,ok,current_change,244.385,1.524,112.053,396.453,412.461,0.271
2026-08-02T12:35:54.305-07:00,8540.145,ok,current_change,244.346,1.541,113.120,401.255,417.263,0.271
2026-08-02T12:35:55.312-07:00,8541.152,ok,current_change,244.439,1.566,118.456,407.125,424.199,0.278
2026-08-02T12:35:56.318-07:00,8542.158,ok,current_change,244.644,1.532,114.187,400.188,416.196,0.273
2026-08-02T12:35:57.325-07:00,8543.165,ok,current_change,244.370,1.516,107.784,395.386,410.326,0.262
2026-08-02T12:35:58.331-07:00,8544.171,ok,current_change,244.366,1.542,116.321,401.255,417.796,0.278
2026-08-02T12:36:06.379-07:00,8552.219,ok,current_change,244.322,1.509,105.650,394.319,408.725,0.260
2026-08-02T12:36:07.385-07:00,8553.225,ok,current_change,244.400,1.561,119.523,404.990,412.994,0.272
2026-08-02T12:36:08.392-07:00,8554.232,ok,current_change,244.576,1.541,114.187,401.255,417.263,0.273
2026-08-02T12:36:14.427-07:00,8560.267,ok,current_change,244.747,1.521,109.918,396.987,412.461,0.268
2026-08-02T12:36:15.434-07:00,8561.274,ok,current_change,244.727,1.547,113.120,403.390,419.397,0.271
2026-08-02T12:36:16.440-07:00,8562.280,ok,current_change,244.698,1.516,118.456,403.923,420.998,0.281
2026-08-02T12:36:17.447-07:00,8563.287,ok,current_change,244.737,1.554,112.053,406.058,421.531,0.267
2026-08-02T12:36:19.459-07:00,8565.299,ok,current_change,244.659,1.529,115.254,398.054,414.595,0.277
2026-08-02T12:36:21.473-07:00,8567.313,ok,current_change,244.551,1.546,112.053,403.390,408.725,0.265
2026-08-02T12:36:22.480-07:00,8568.320,ok,current_change,244.488,1.562,117.389,406.058,423.132,0.278
2026-08-02T12:36:23.486-07:00,8569.326,ok,current_change,244.444,1.529,109.918,398.587,414.061,0.267
2026-08-02T12:36:25.498-07:00,8571.339,ok,current_change,244.791,1.549,116.321,403.390,419.931,0.276
2026-08-02T12:36:26.505-07:00,8572.345,ok,current_change,244.488,1.516,108.851,395.386,410.326,0.266
2026-08-02T12:36:27.511-07:00,8573.352,ok,current_change,244.815,1.541,112.053,402.322,417.796,0.269
2026-08-02T12:36:30.529-07:00,8576.370,ok,current_change,244.644,1.512,108.851,394.852,409.793,0.266
2026-08-02T12:36:31.537-07:00,8577.377,ok,current_change,244.805,1.549,116.321,403.390,419.931,0.276
2026-08-02T12:36:35.561-07:00,8581.401,ok,current_change,244.893,1.529,113.120,403.923,419.931,0.271
2026-08-02T12:36:36.569-07:00,8582.409,ok,current_change,244.722,1.549,114.187,403.923,419.931,0.272
2026-08-02T12:36:40.593-07:00,8586.433,ok,current_change,244.483,1.582,118.456,411.393,431.136,0.280
2026-08-02T12:36:41.601-07:00,8587.441,ok,current_change,244.815,1.564,116.321,407.658,424.199,0.273
2026-08-02T12:36:42.608-07:00,8588.448,ok,current_change,244.849,1.534,114.187,399.655,416.196,0.275
2026-08-02T12:36:43.614-07:00,8589.454,ok,current_change,244.532,1.562,117.389,406.058,423.132,0.277
2026-08-02T12:36:44.621-07:00,8590.461,ok,current_change,244.424,1.542,114.187,401.789,417.796,0.272
2026-08-02T12:36:47.639-07:00,8593.479,ok,current_change,244.507,1.521,109.918,396.987,411.927,0.267
2026-08-02T12:36:48.646-07:00,8594.486,ok,current_change,244.483,1.544,114.187,406.058,422.065,0.271
2026-08-02T12:36:54.681-07:00,8600.521,ok,current_change,244.532,1.524,110.985,397.520,412.994,0.269
2026-08-02T12:36:55.688-07:00,8601.528,ok,current_change,244.551,1.567,117.389,407.658,424.733,0.277
2026-08-02T12:36:58.706-07:00,8604.546,ok,current_change,244.390,1.549,115.254,402.856,419.397,0.274
2026-08-02T12:37:01.724-07:00,8607.564,ok,current_change,244.517,1.531,110.985,399.121,414.595,0.268
2026-08-02T12:37:02.731-07:00,8608.571,ok,current_change,244.326,1.549,117.389,402.322,419.397,0.279
2026-08-02T12:37:04.743-07:00,8610.583,ok,current_change,244.742,1.516,110.985,395.386,415.662,0.271
2026-08-02T12:37:05.750-07:00,8611.590,ok,current_change,244.449,1.556,117.389,404.457,421.531,0.279
2026-08-02T12:37:08.768-07:00,8614.608,ok,current_change,244.664,1.537,116.321,399.655,416.729,0.280
2026-08-02T12:37:09.774-07:00,8615.614,ok,current_change,244.678,1.564,116.321,407.658,424.199,0.273
2026-08-02T12:37:10.781-07:00,8616.621,ok,current_change,244.571,1.542,113.120,407.125,423.132,0.269
2026-08-02T12:37:13.799-07:00,8619.639,ok,current_change,245.021,1.522,108.851,398.054,412.994,0.265
2026-08-02T12:37:14.805-07:00,8620.645,ok,current_change,244.893,1.556,116.321,405.524,422.065,0.276
2026-08-02T12:37:20.841-07:00,8626.681,ok,current_change,244.400,1.527,113.120,397.520,413.528,0.273
2026-08-02T12:37:21.847-07:00,8627.688,ok,current_change,244.742,1.546,114.187,402.322,419.931,0.277
2026-08-02T12:37:23.860-07:00,8629.700,ok,current_change,244.713,1.529,116.321,397.520,414.595,0.280
2026-08-02T12:37:24.866-07:00,8630.706,ok,current_change,244.659,1.564,112.053,395.919,411.927,0.272
2026-08-02T12:37:25.873-07:00,8631.713,ok,current_change,244.727,1.587,115.254,414.595,430.602,0.268
2026-08-02T12:37:26.880-07:00,8632.720,ok,current_change,244.708,1.546,117.389,401.789,423.666,0.280
2026-08-02T12:37:32.916-07:00,8638.756,ok,current_change,244.649,1.519,117.389,402.322,419.397,0.279
2026-08-02T12:37:33.923-07:00,8639.763,ok,current_change,244.659,1.546,116.321,402.322,418.864,0.277
2026-08-02T12:37:39.958-07:00,8645.798,ok,current_change,244.390,1.564,119.523,406.058,423.666,0.281
2026-08-02T12:37:41.971-07:00,8647.811,ok,current_change,244.590,1.532,110.985,399.655,415.128,0.267
2026-08-02T12:37:42.977-07:00,8648.817,ok,current_change,244.703,1.551,117.389,403.390,420.464,0.280
2026-08-02T12:37:43.983-07:00,8649.824,ok,current_change,244.713,1.567,115.254,408.192,424.733,0.272
2026-08-02T12:37:45.996-07:00,8651.836,ok,current_change,244.815,1.539,117.389,406.058,423.132,0.277
2026-08-02T12:37:47.002-07:00,8652.842,ok,current_change,244.698,1.556,115.254,404.990,421.531,0.272
2026-08-02T12:37:55.049-07:00,8660.889,ok,current_change,244.791,1.534,110.985,400.722,416.196,0.267
2026-08-02T12:37:56.056-07:00,8661.896,ok,current_change,244.776,1.582,120.590,411.393,429.002,0.280
2026-08-02T12:37:57.062-07:00,8662.902,ok,current_change,244.517,1.559,110.985,398.054,413.528,0.268
2026-08-02T12:37:59.072-07:00,8664.915,ok,current_change,244.742,1.541,114.187,401.255,417.796,0.274
2026-08-02T12:38:00.079-07:00,8665.919,ok,current_change,244.483,1.574,112.053,400.188,415.662,0.270
2026-08-02T12:38:01.086-07:00,8666.927,ok,current_change,244.757,1.547,113.120,403.390,419.397,0.270
2026-08-02T12:38:06.115-07:00,8671.956,ok,current_change,244.776,1.566,116.321,408.192,424.733,0.273
2026-08-02T12:38:07.123-07:00,8672.963,ok,current_change,244.849,1.549,110.985,404.990,419.931,0.264
2026-08-02T12:38:11.147-07:00,8676.987,ok,current_change,244.722,1.577,120.590,411.393,429.002,0.280
2026-08-02T12:38:12.155-07:00,8677.995,ok,current_change,244.791,1.556,118.456,404.990,422.065,0.280
2026-08-02T12:38:16.179-07:00,8682.019,ok,current_change,244.752,1.522,107.784,398.587,419.397,0.264
2026-08-02T12:38:18.193-07:00,8684.033,ok,current_change,244.766,1.539,115.254,400.722,417.263,0.277
2026-08-02T12:38:21.211-07:00,8687.051,ok,current_change,244.473,1.559,117.389,404.990,422.065,0.279
2026-08-02T12:38:22.219-07:00,8688.059,ok,current_change,244.581,1.536,108.851,401.255,416.196,0.263
2026-08-02T12:38:23.225-07:00,8689.065,ok,current_change,244.771,1.561,113.120,407.125,423.132,0.269
2026-08-02T12:38:24.232-07:00,8690.072,ok,current_change,244.742,1.529,110.985,399.121,414.595,0.269
2026-08-02T12:38:26.244-07:00,8692.084,ok,current_change,244.493,1.567,114.187,408.725,424.733,0.269
2026-08-02T12:38:27.252-07:00,8693.092,ok,current_change,244.810,1.539,116.321,400.188,417.263,0.278
2026-08-02T12:38:30.270-07:00,8696.110,ok,current_change,244.473,1.557,116.321,405.524,422.065,0.276
2026-08-02T12:38:40.329-07:00,8706.169,ok,current_change,244.791,1.532,116.321,398.587,419.931,0.283
2026-08-02T12:38:41.336-07:00,8707.176,ok,current_change,244.713,1.559,115.254,406.058,422.599,0.272
2026-08-02T12:38:44.354-07:00,8710.194,ok,current_change,245.109,1.542,112.053,403.390,418.864,0.269
2026-08-02T12:38:45.360-07:00,8711.200,ok,current_change,244.453,1.566,112.053,408.725,424.199,0.264
2026-08-02T12:38:48.379-07:00,8714.219,ok,current_change,244.688,1.549,112.053,405.524,420.998,0.266
2026-08-02T12:38:53.409-07:00,8719.249,ok,current_change,244.644,1.576,120.590,409.259,426.867,0.282
2026-08-02T12:38:55.421-07:00,8721.261,ok,current_change,244.708,1.539,110.985,401.789,417.263,0.266
2026-08-02T12:38:56.428-07:00,8722.268,ok,current_change,244.644,1.571,117.389,409.259,426.334,0.277
2026-08-02T12:38:57.434-07:00,8723.274,ok,current_change,244.683,1.549,110.985,404.990,419.931,0.264
2026-08-02T12:38:59.447-07:00,8725.287,ok,current_change,244.444,1.566,114.187,402.322,418.330,0.272
2026-08-02T12:39:06.488-07:00,8732.328,ok,current_change,244.786,1.547,116.321,402.856,419.397,0.277
2026-08-02T12:39:09.506-07:00,8735.346,ok,current_change,244.713,1.564,119.523,406.591,424.199,0.282
2026-08-02T12:39:12.524-07:00,8738.365,ok,current_change,244.678,1.532,114.187,398.587,415.128,0.275
2026-08-02T12:39:14.537-07:00,8740.377,ok,current_change,244.410,1.574,114.187,410.326,426.334,0.269
2026-08-02T12:39:15.543-07:00,8741.383,ok,current_change,244.419,1.554,113.120,404.990,411.393,0.269
2026-08-02T12:39:22.585-07:00,8748.425,ok,current_change,244.771,1.526,109.918,398.054,413.528,0.267
2026-08-02T12:39:23.591-07:00,8749.431,ok,current_change,244.830,1.561,117.389,406.058,423.132,0.277
2026-08-02T12:39:27.615-07:00,8753.455,ok,current_change,244.781,1.537,113.120,400.722,416.729,0.271
2026-08-02T12:39:28.623-07:00,8754.464,ok,current_change,244.752,1.556,110.985,406.058,421.531,0.264
2026-08-02T12:39:31.641-07:00,8757.481,ok,current_change,244.605,1.574,114.187,410.326,426.334,0.269
2026-08-02T12:39:34.659-07:00,8760.500,ok,current_change,244.713,1.552,110.985,405.524,423.666,0.269
2026-08-02T12:39:36.672-07:00,8762.512,ok,current_change,244.713,1.569,118.456,408.192,425.267,0.278
2026-08-02T12:39:38.684-07:00,8764.524,ok,current_change,244.688,1.549,114.187,403.923,419.931,0.272
2026-08-02T12:39:41.702-07:00,8767.542,ok,current_change,244.713,1.589,117.389,414.061,430.602,0.273
2026-08-02T12:39:42.709-07:00,8768.549,ok,current_change,244.737,1.561,114.187,407.125,416.196,0.265
2026-08-02T12:39:48.744-07:00,8774.585,ok,current_change,244.713,1.532,108.851,400.722,415.662,0.262
2026-08-02T12:39:51.763-07:00,8777.603,ok,current_change,244.673,1.559,112.053,407.125,422.599,0.265
2026-08-02T12:39:52.769-07:00,8778.609,ok,current_change,244.713,1.541,108.851,402.856,417.796,0.262
2026-08-02T12:39:55.787-07:00,8781.627,ok,current_change,244.688,1.569,112.053,409.793,425.267,0.263
2026-08-02T12:39:56.794-07:00,8782.634,ok,current_change,244.278,1.589,117.389,413.528,430.069,0.272
2026-08-02T12:39:57.800-07:00,8783.640,ok,current_change,244.717,1.566,119.523,406.591,424.199,0.281
2026-08-02T12:39:59.813-07:00,8785.653,ok,current_change,244.722,1.542,107.784,403.923,418.330,0.259
2026-08-02T12:40:00.819-07:00,8786.659,ok,current_change,244.732,1.561,118.456,405.524,423.132,0.280
2026-08-02T12:40:06.855-07:00,8792.695,ok,current_change,244.781,1.541,110.985,402.322,417.796,0.267
2026-08-02T12:40:07.861-07:00,8793.701,ok,current_change,244.928,1.566,113.120,400.188,416.196,0.271
2026-08-02T12:40:10.879-07:00,8796.720,ok,current_change,244.585,1.532,117.389,406.058,423.132,0.277
2026-08-02T12:40:11.886-07:00,8797.726,ok,current_change,244.561,1.574,114.187,410.326,426.334,0.268
2026-08-02T12:40:14.907-07:00,8800.747,ok,current_change,244.898,1.551,116.321,403.390,420.464,0.277
2026-08-02T12:40:24.965-07:00,8810.805,ok,current_change,244.693,1.577,115.254,403.923,420.464,0.274
2026-08-02T12:40:28.989-07:00,8814.829,ok,current_change,244.776,1.552,116.321,404.457,420.998,0.275
2026-08-02T12:40:31.004-07:00,8816.844,ok,current_change,244.600,1.534,106.717,401.255,415.662,0.258
2026-08-02T12:40:32.010-07:00,8817.850,ok,current_change,244.546,1.572,118.456,408.725,425.800,0.277
2026-08-02T12:40:33.017-07:00,8818.857,ok,current_change,244.713,1.554,114.187,405.524,421.531,0.271
2026-08-02T12:40:37.041-07:00,8822.881,ok,current_change,244.776,1.579,114.187,411.927,427.934,0.267
2026-08-02T12:40:38.047-07:00,8823.887,ok,current_change,244.502,1.537,112.053,406.058,421.531,0.267
2026-08-02T12:40:39.054-07:00,8824.894,ok,current_change,244.742,1.569,118.456,408.192,425.267,0.278
2026-08-02T12:40:40.060-07:00,8825.900,ok,current_change,244.439,1.551,113.120,403.923,419.931,0.269
2026-08-02T12:40:42.072-07:00,8827.913,ok,current_change,244.444,1.584,115.254,412.994,429.002,0.269
2026-08-02T12:40:44.085-07:00,8829.925,ok,current_change,244.693,1.541,112.053,402.322,417.796,0.269
2026-08-02T12:40:49.115-07:00,8834.955,ok,current_change,244.405,1.576,110.985,402.322,417.796,0.267
2026-08-02T12:40:51.127-07:00,8836.967,ok,current_change,244.556,1.556,113.120,405.524,421.531,0.270
2026-08-02T12:40:55.151-07:00,8840.991,ok,current_change,244.923,1.572,113.120,410.860,426.334,0.265
2026-08-02T12:41:01.187-07:00,8847.027,ok,current_change,244.854,1.547,115.254,403.390,419.931,0.274
2026-08-02T12:41:04.205-07:00,8850.045,ok,current_change,244.835,1.572,117.389,409.259,426.334,0.276
2026-08-02T12:41:08.229-07:00,8854.069,ok,current_change,244.747,1.546,118.456,408.725,425.800,0.277
2026-08-02T12:41:09.235-07:00,8855.076,ok,current_change,244.678,1.572,116.321,409.793,426.334,0.272
2026-08-02T12:41:10.242-07:00,8856.082,ok,current_change,244.703,1.547,106.717,404.990,419.397,0.255
2026-08-02T12:41:11.248-07:00,8857.088,ok,current_change,244.649,1.567,116.321,408.192,424.733,0.273
2026-08-02T12:41:12.255-07:00,8858.095,ok,current_change,244.708,1.591,121.657,412.994,431.136,0.283
2026-08-02T12:41:13.261-07:00,8859.102,ok,current_change,244.761,1.536,113.120,408.192,423.666,0.267
2026-08-02T12:41:14.269-07:00,8860.109,ok,current_change,244.551,1.567,116.321,408.192,424.733,0.273
2026-08-02T12:41:15.275-07:00,8861.116,ok,current_change,244.761,1.586,119.523,412.461,421.531,0.271
2026-08-02T12:41:16.282-07:00,8862.122,ok,current_change,244.791,1.541,110.985,402.322,417.796,0.266
2026-08-02T12:41:17.288-07:00,8863.129,ok,current_change,244.717,1.564,114.187,408.192,424.199,0.270
2026-08-02T12:41:18.295-07:00,8864.135,ok,current_change,244.854,1.542,112.053,402.856,418.330,0.268
2026-08-02T12:41:19.303-07:00,8865.143,ok,current_change,244.825,1.579,120.590,410.860,428.468,0.282
2026-08-02T12:41:21.315-07:00,8867.155,ok,current_change,244.830,1.539,105.650,403.390,417.263,0.254
2026-08-02T12:41:23.327-07:00,8869.167,ok,current_change,244.424,1.577,119.523,410.326,427.401,0.279
2026-08-02T12:41:26.345-07:00,8872.185,ok,current_change,244.766,1.552,115.254,404.457,420.998,0.273
2026-08-02T12:41:27.352-07:00,8873.192,ok,current_change,244.522,1.597,118.456,416.196,432.737,0.273
2026-08-02T12:41:28.358-07:00,8874.199,ok,current_change,244.400,1.544,110.985,403.390,425.267,0.261
2026-08-02T12:41:30.372-07:00,8876.212,ok,current_change,244.473,1.561,116.321,406.058,422.599,0.274
2026-08-02T12:41:37.413-07:00,8883.253,ok,current_change,244.776,1.544,113.120,402.856,418.864,0.270
2026-08-02T12:41:38.420-07:00,8884.260,ok,current_change,244.434,1.581,117.389,410.860,427.934,0.275
2026-08-02T12:41:39.426-07:00,8885.266,ok,current_change,244.351,1.532,112.053,409.259,424.733,0.265
2026-08-02T12:41:40.433-07:00,8886.272,ok,current_change,244.693,1.557,114.187,406.058,422.065,0.271
2026-08-02T12:41:41.439-07:00,8887.279,ok,current_change,244.370,1.574,118.456,409.259,426.334,0.278
2026-08-02T12:41:44.457-07:00,8890.297,ok,current_change,244.326,1.557,115.254,404.990,421.531,0.270
2026-08-02T12:41:45.464-07:00,8891.304,ok,current_change,244.722,1.574,118.456,409.793,426.867,0.278
2026-08-02T12:41:55.529-07:00,8901.369,ok,current_change,245.084,1.554,116.321,405.524,422.065,0.276
2026-08-02T12:41:56.535-07:00,8902.375,ok,current_change,244.473,1.596,118.456,415.128,432.203,0.274
2026-08-02T12:41:58.547-07:00,8904.388,ok,current_change,244.708,1.574,114.187,410.860,426.867,0.267
2026-08-02T12:42:02.571-07:00,8908.412,ok,current_change,244.771,1.547,112.053,412.461,427.934,0.263
2026-08-02T12:42:04.584-07:00,8910.424,ok,current_change,244.830,1.581,117.389,411.393,428.468,0.274
2026-08-02T12:42:06.596-07:00,8912.436,ok,current_change,244.688,1.561,115.254,407.125,423.132,0.271
2026-08-02T12:42:11.627-07:00,8917.468,ok,current_change,244.761,1.601,119.523,416.729,433.804,0.276
2026-08-02T12:42:13.641-07:00,8919.482,ok,current_change,244.752,1.541,107.784,403.390,417.796,0.259
2026-08-02T12:42:14.648-07:00,8920.488,ok,current_change,244.737,1.564,115.254,407.658,427.401,0.272
2026-08-02T12:42:16.660-07:00,8922.500,ok,current_change,244.776,1.544,109.918,403.923,418.864,0.262
2026-08-02T12:42:17.668-07:00,8923.508,ok,current_change,244.810,1.582,114.187,412.994,429.002,0.267
2026-08-02T12:42:18.675-07:00,8924.515,ok,current_change,244.722,1.549,113.120,403.923,419.931,0.269
2026-08-02T12:42:19.681-07:00,8925.521,ok,current_change,244.473,1.584,118.456,411.927,418.864,0.274
2026-08-02T12:42:20.688-07:00,8926.528,ok,current_change,244.737,1.557,112.053,406.591,422.065,0.265
2026-08-02T12:42:21.694-07:00,8927.534,ok,current_change,244.683,1.581,112.053,412.994,428.468,0.263
2026-08-02T12:42:26.726-07:00,8932.566,ok,current_change,244.771,1.609,119.523,419.397,436.472,0.273
2026-08-02T12:42:27.734-07:00,8933.574,ok,current_change,244.678,1.564,113.120,408.192,424.199,0.268
2026-08-02T12:42:28.740-07:00,8934.580,ok,current_change,244.449,1.581,116.321,411.393,427.934,0.271
2026-08-02T12:42:35.781-07:00,8941.621,ok,current_change,244.771,1.561,115.254,409.259,425.800,0.271
2026-08-02T12:42:37.794-07:00,8943.634,ok,current_change,244.297,1.542,109.918,402.322,417.263,0.265
2026-08-02T12:42:38.800-07:00,8944.640,ok,current_change,244.453,1.566,115.254,407.658,424.199,0.272
2026-08-02T12:42:40.812-07:00,8946.653,ok,current_change,244.761,1.546,107.784,404.457,418.864,0.258
2026-08-02T12:42:41.819-07:00,8947.659,ok,current_change,244.781,1.599,118.456,417.263,433.804,0.272
2026-08-02T12:42:42.825-07:00,8948.666,ok,current_change,244.840,1.577,116.321,411.393,427.934,0.272
2026-08-02T12:42:43.832-07:00,8949.672,ok,current_change,244.889,1.552,114.187,408.192,424.199,0.270
2026-08-02T12:42:45.844-07:00,8951.684,ok,current_change,244.933,1.582,117.389,412.994,429.535,0.272
2026-08-02T12:42:49.870-07:00,8955.710,ok,current_change,244.776,1.564,117.389,407.125,424.199,0.276
2026-08-02T12:42:51.883-07:00,8957.723,ok,current_change,244.957,1.587,106.717,406.058,420.464,0.255
2026-08-02T12:42:52.889-07:00,8958.729,ok,current_change,244.937,1.569,113.120,410.326,425.800,0.267
2026-08-02T12:42:56.913-07:00,8962.753,ok,current_change,244.713,1.597,114.187,417.796,433.270,0.265
2026-08-02T12:42:57.921-07:00,8963.761,ok,current_change,244.522,1.579,117.389,411.393,427.934,0.273
2026-08-02T12:43:00.939-07:00,8966.779,ok,current_change,244.717,1.544,107.784,403.923,418.330,0.259
2026-08-02T12:43:01.946-07:00,8967.786,ok,current_change,244.854,1.581,117.389,411.393,428.468,0.274
2026-08-02T12:43:12.006-07:00,8977.846,ok,current_change,244.928,1.561,113.120,408.192,423.666,0.267
2026-08-02T12:43:13.012-07:00,8978.853,ok,current_change,244.864,1.542,112.053,402.856,418.330,0.268
2026-08-02T12:43:15.025-07:00,8980.865,ok,current_change,244.615,1.567,113.120,408.725,424.733,0.268
2026-08-02T12:43:17.037-07:00,8982.877,ok,current_change,244.781,1.539,114.187,400.722,417.263,0.274
2026-08-02T12:43:18.046-07:00,8983.886,ok,current_change,244.747,1.566,116.321,408.192,432.737,0.273
2026-08-02T12:43:20.058-07:00,8985.898,ok,current_change,244.810,1.534,108.851,401.255,416.196,0.263
2026-08-02T12:43:21.065-07:00,8986.905,ok,current_change,244.683,1.552,115.254,410.326,426.334,0.270
2026-08-02T12:43:22.071-07:00,8987.911,ok,current_change,244.928,1.577,115.254,411.927,427.934,0.269
2026-08-02T12:43:23.080-07:00,8988.920,ok,current_change,244.923,1.557,110.985,407.125,429.535,0.271
2026-08-02T12:43:25.092-07:00,8990.932,ok,current_change,244.967,1.574,115.254,410.860,426.867,0.271
2026-08-02T12:43:26.098-07:00,8991.938,ok,current_change,245.021,1.596,115.254,408.192,424.199,0.271
2026-08-02T12:43:27.105-07:00,8992.945,ok,current_change,244.786,1.552,113.120,404.990,420.998,0.269
2026-08-02T12:43:28.113-07:00,8993.953,ok,current_change,245.060,1.581,114.187,412.994,426.867,0.261
2026-08-02T12:43:31.131-07:00,8996.971,ok,current_change,244.903,1.561,116.321,411.927,428.468,0.271
2026-08-02T12:43:34.149-07:00,8999.989,ok,current_change,244.810,1.581,117.389,411.393,428.468,0.274
2026-08-02T12:43:36.161-07:00,9002.001,ok,current_change,244.884,1.537,106.717,402.856,417.263,0.255
2026-08-02T12:43:37.168-07:00,9003.008,ok,current_change,244.898,1.554,113.120,406.058,421.531,0.268
2026-08-02T12:43:39.180-07:00,9005.020,ok,current_change,244.810,1.599,113.120,410.326,425.800,0.266
2026-08-02T12:43:40.187-07:00,9006.027,ok,current_change,244.879,1.571,109.918,410.860,425.800,0.258
2026-08-02T12:43:42.199-07:00,9008.039,ok,current_change,244.742,1.616,121.657,420.464,438.073,0.277
2026-08-02T12:43:43.205-07:00,9009.046,ok,current_change,244.854,1.574,113.120,411.393,426.867,0.266
2026-08-02T12:43:45.218-07:00,9011.058,ok,current_change,244.585,1.592,118.456,414.595,431.670,0.273
2026-08-02T12:43:46.224-07:00,9012.064,ok,current_change,244.854,1.562,118.456,406.591,423.666,0.280
2026-08-02T12:43:48.237-07:00,9014.077,ok,current_change,244.791,1.582,112.053,414.061,429.002,0.261
2026-08-02T12:43:51.248-07:00,9017.092,ok,current_change,244.913,1.557,112.053,407.125,422.599,0.266
2026-08-02T12:43:52.251-07:00,9018.094,ok,current_change,244.962,1.581,113.120,413.528,429.002,0.265
2026-08-02T12:43:53.254-07:00,9019.097,ok,current_change,244.757,1.556,113.120,406.058,421.531,0.268
2026-08-02T12:43:55.262-07:00,9021.102,ok,current_change,244.859,1.589,115.254,415.128,426.334,0.272
2026-08-02T12:43:56.269-07:00,9022.109,ok,current_change,244.884,1.547,106.717,405.524,419.931,0.255
2026-08-02T12:43:57.275-07:00,9023.115,ok,current_change,244.874,1.604,121.657,417.263,434.871,0.280
2026-08-02T12:43:59.284-07:00,9025.127,ok,current_change,244.830,1.562,115.254,407.125,423.666,0.272
2026-08-02T12:44:03.294-07:00,9029.137,ok,current_change,244.752,1.587,119.523,413.528,430.602,0.277
2026-08-02T12:44:04.300-07:00,9030.140,ok,current_change,244.776,1.566,110.985,409.793,424.733,0.262
2026-08-02T12:44:05.306-07:00,9031.146,ok,current_change,244.478,1.584,117.389,412.461,429.002,0.274
2026-08-02T12:44:07.318-07:00,9033.159,ok,current_change,244.791,1.559,109.918,407.658,422.599,0.261
2026-08-02T12:44:15.365-07:00,9041.206,ok,current_change,244.864,1.529,105.650,400.722,414.595,0.256
2026-08-02T12:44:16.372-07:00,9042.212,ok,current_change,244.673,1.552,120.590,402.856,420.998,0.286
2026-08-02T12:44:19.390-07:00,9045.230,ok,current_change,244.766,1.521,110.985,396.987,412.461,0.270
2026-08-02T12:44:20.397-07:00,9046.237,ok,current_change,244.757,1.537,117.389,399.655,416.729,0.281
2026-08-02T12:44:31.461-07:00,9057.301,ok,current_change,244.801,1.521,116.321,395.386,412.461,0.283
2026-08-02T12:44:33.473-07:00,9059.313,ok,current_change,244.629,1.492,108.851,388.983,409.259,0.270
2026-08-02T12:44:34.480-07:00,9060.320,ok,current_change,244.869,1.526,119.523,395.919,414.061,0.289
2026-08-02T12:44:35.486-07:00,9061.326,ok,current_change,244.859,1.504,109.918,392.718,408.192,0.271
2026-08-02T12:44:38.504-07:00,9064.345,ok,current_change,244.864,1.524,116.321,396.453,400.722,0.269
2026-08-02T12:44:39.511-07:00,9065.351,ok,current_change,244.893,1.492,114.187,388.449,404.990,0.281
2026-08-02T12:44:40.519-07:00,9066.360,ok,current_change,244.933,1.517,114.187,395.386,411.927,0.276
2026-08-02T12:44:41.526-07:00,9067.366,ok,current_change,244.849,1.497,115.254,388.983,406.058,0.284
2026-08-02T12:44:45.550-07:00,9071.390,ok,current_change,244.678,1.471,109.918,383.113,398.587,0.275
2026-08-02T12:44:47.562-07:00,9073.402,ok,current_change,244.835,1.494,110.985,388.983,404.990,0.274
2026-08-02T12:44:48.569-07:00,9074.409,ok,current_change,244.717,1.469,110.985,382.046,403.390,0.281
2026-08-02T12:44:49.575-07:00,9075.415,ok,current_change,244.849,1.509,117.389,391.651,409.259,0.288
2026-08-02T12:44:50.582-07:00,9076.422,ok,current_change,244.669,1.492,110.985,388.449,404.457,0.275
2026-08-02T12:44:55.613-07:00,9081.453,ok,current_change,244.605,1.511,117.389,391.651,409.259,0.288
2026-08-02T12:44:57.626-07:00,9083.466,ok,current_change,244.590,1.486,112.053,385.781,402.322,0.279
2026-08-02T12:44:59.638-07:00,9085.478,ok,current_change,244.923,1.457,107.784,379.912,395.386,0.273
2026-08-02T12:45:00.645-07:00,9086.485,ok,current_change,244.889,1.474,115.254,382.580,399.655,0.288
2026-08-02T12:45:01.652-07:00,9087.493,ok,current_change,244.571,1.496,109.918,389.516,407.125,0.274
2026-08-02T12:45:02.659-07:00,9088.499,ok,current_change,244.566,1.474,114.187,382.046,399.121,0.285
2026-08-02T12:45:06.683-07:00,9092.523,ok,current_change,244.869,1.496,116.321,388.449,405.524,0.286
2026-08-02T12:45:11.713-07:00,9097.553,ok,current_change,244.551,1.466,115.254,379.378,396.987,0.290
2026-08-02T12:45:12.721-07:00,9098.561,ok,current_change,244.810,1.507,113.120,392.184,411.927,0.275
2026-08-02T12:45:13.728-07:00,9099.568,ok,current_change,244.585,1.491,116.321,386.315,403.923,0.289
2026-08-02T12:45:17.751-07:00,9103.591,ok,current_change,244.566,1.474,108.851,383.647,399.121,0.272
2026-08-02T12:45:18.758-07:00,9104.598,ok,current_change,244.752,1.512,115.254,392.718,409.793,0.282
2026-08-02T12:45:19.764-07:00,9105.604,ok,current_change,244.889,1.487,110.985,387.382,403.390,0.274
2026-08-02T12:45:21.776-07:00,9107.617,ok,current_change,244.757,1.507,117.389,391.117,408.725,0.287
2026-08-02T12:45:24.795-07:00,9110.635,ok,current_change,244.845,1.479,110.985,385.248,401.255,0.276
2026-08-02T12:45:26.807-07:00,9112.647,ok,current_change,244.444,1.496,109.918,388.449,403.923,0.271
2026-08-02T12:45:27.813-07:00,9113.653,ok,current_change,244.512,1.514,119.523,392.184,410.326,0.291
2026-08-02T12:45:28.820-07:00,9114.660,ok,current_change,244.581,1.487,112.053,386.848,402.856,0.277
2026-08-02T12:45:30.832-07:00,9116.672,ok,current_change,244.820,1.509,116.321,392.184,409.259,0.284
2026-08-02T12:45:34.856-07:00,9120.696,ok,current_change,244.913,1.484,118.456,391.651,409.793,0.290
2026-08-02T12:45:39.886-07:00,9125.726,ok,current_change,244.453,1.504,115.254,390.050,407.125,0.282
2026-08-02T12:45:50.950-07:00,9136.791,ok,current_change,244.825,1.482,108.851,386.315,401.789,0.271
2026-08-02T12:45:51.957-07:00,9137.797,ok,current_change,244.732,1.504,115.254,390.584,407.658,0.282
2026-08-02T12:45:52.963-07:00,9138.804,ok,current_change,244.859,1.484,109.918,386.848,402.322,0.272
2026-08-02T12:45:54.976-07:00,9140.816,ok,current_change,244.497,1.507,110.985,392.718,408.192,0.271
2026-08-02T12:45:57.994-07:00,9143.834,ok,current_change,244.869,1.491,109.918,388.983,404.457,0.272
2026-08-02T12:46:01.014-07:00,9146.854,ok,current_change,244.708,1.511,116.321,392.184,409.259,0.284
2026-08-02T12:46:09.062-07:00,9154.902,ok,current_change,244.581,1.484,110.985,386.315,402.322,0.276
2026-08-02T12:46:11.074-07:00,9156.914,ok,current_change,244.771,1.519,117.389,394.319,407.658,0.285
2026-08-02T12:46:17.110-07:00,9162.950,ok,current_change,244.703,1.479,108.851,385.248,411.393,0.271
2026-08-02T12:46:18.116-07:00,9163.956,ok,current_change,244.502,1.511,116.321,392.184,409.259,0.285
2026-08-02T12:46:28.175-07:00,9174.015,ok,current_change,244.786,1.537,120.590,398.587,416.729,0.289
2026-08-02T12:46:29.182-07:00,9175.022,ok,current_change,244.835,1.494,108.851,390.050,404.990,0.269
2026-08-02T12:46:30.188-07:00,9176.028,ok,current_change,244.585,1.522,117.389,394.852,412.461,0.285
2026-08-02T12:46:33.206-07:00,9179.046,ok,current_change,244.688,1.499,114.187,390.050,406.591,0.280
2026-08-02T12:46:35.219-07:00,9181.059,ok,current_change,244.693,1.529,117.389,396.987,414.595,0.284
2026-08-02T12:46:36.225-07:00,9182.065,ok,current_change,244.449,1.504,108.851,392.184,407.125,0.267
2026-08-02T12:46:38.237-07:00,9184.077,ok,current_change,244.801,1.529,119.523,396.987,414.595,0.288
2026-08-02T12:46:40.250-07:00,9186.090,ok,current_change,244.801,1.497,119.523,393.785,411.927,0.290
2026-08-02T12:46:43.269-07:00,9189.109,ok,current_change,244.566,1.531,116.321,397.520,414.595,0.281
2026-08-02T12:46:44.276-07:00,9190.116,ok,current_change,244.854,1.496,109.918,390.050,405.524,0.271
2026-08-02T12:46:45.282-07:00,9191.122,ok,current_change,244.620,1.522,117.389,394.852,414.595,0.280
2026-08-02T12:46:47.296-07:00,9193.136,ok,current_change,244.937,1.491,110.985,388.449,404.457,0.275
2026-08-02T12:46:48.302-07:00,9194.142,ok,current_change,244.507,1.524,117.389,395.919,412.994,0.284
2026-08-02T12:46:49.309-07:00,9195.149,ok,current_change,244.776,1.496,108.851,390.050,405.524,0.270
2026-08-02T12:46:50.315-07:00,9196.155,ok,current_change,244.849,1.517,116.321,394.319,411.393,0.282
2026-08-02T12:46:52.329-07:00,9198.169,ok,current_change,244.796,1.491,110.985,388.449,404.457,0.273
2026-08-02T12:46:53.336-07:00,9199.176,ok,current_change,244.497,1.516,115.254,393.251,412.994,0.288
2026-08-02T12:46:57.360-07:00,9203.200,ok,current_change,244.820,1.489,109.918,388.449,403.923,0.273
2026-08-02T12:46:58.366-07:00,9204.206,ok,current_change,244.463,1.524,117.389,395.919,412.994,0.284
2026-08-02T12:47:02.390-07:00,9208.230,ok,current_change,244.810,1.491,107.784,389.516,404.457,0.266
2026-08-02T12:47:04.404-07:00,9210.244,ok,current_change,244.747,1.509,110.985,393.785,414.061,0.271
2026-08-02T12:47:11.446-07:00,9217.286,ok,current_change,244.605,1.539,119.523,399.121,417.263,0.287
2026-08-02T12:47:17.481-07:00,9223.322,ok,current_change,244.566,1.514,112.053,394.319,410.326,0.272
2026-08-02T12:47:19.494-07:00,9225.334,ok,current_change,244.585,1.546,119.523,401.255,408.192,0.269
2026-08-02T12:47:20.500-07:00,9226.340,ok,current_change,244.576,1.524,114.187,396.453,412.994,0.276
2026-08-02T12:47:21.507-07:00,9227.347,ok,current_change,244.581,1.504,106.717,393.251,407.658,0.263
2026-08-02T12:47:22.513-07:00,9228.353,ok,current_change,244.576,1.537,117.389,398.054,415.128,0.282
2026-08-02T12:47:27.544-07:00,9233.384,ok,current_change,244.766,1.512,108.851,395.386,410.326,0.265
2026-08-02T12:47:28.551-07:00,9234.391,ok,current_change,244.791,1.564,117.389,407.125,424.199,0.276
2026-08-02T12:47:29.557-07:00,9235.397,ok,current_change,244.869,1.521,110.985,396.987,412.461,0.269
2026-08-02T12:47:30.564-07:00,9236.404,ok,current_change,244.893,1.546,112.053,403.923,413.528,0.263
2026-08-02T12:47:36.599-07:00,9242.439,ok,current_change,244.908,1.521,110.985,396.987,418.864,0.270
2026-08-02T12:47:37.606-07:00,9243.446,ok,current_change,244.864,1.547,117.389,402.856,419.931,0.280
2026-08-02T12:47:47.664-07:00,9253.504,ok,current_change,244.786,1.524,112.053,396.987,412.994,0.271
2026-08-02T12:47:48.671-07:00,9254.511,ok,current_change,244.766,1.544,108.851,396.987,411.927,0.264
2026-08-02T12:47:51.689-07:00,9257.529,ok,current_change,244.766,1.521,108.851,397.520,412.461,0.265
2026-08-02T12:47:52.695-07:00,9258.535,ok,current_change,244.527,1.566,120.590,406.058,424.199,0.285
2026-08-02T12:47:53.703-07:00,9259.543,ok,current_change,244.468,1.517,112.053,394.852,420.998,0.282
2026-08-02T12:47:58.732-07:00,9264.573,ok,current_change,244.458,1.552,118.456,402.856,420.464,0.282
2026-08-02T12:48:00.745-07:00,9266.585,ok,current_change,244.678,1.536,110.985,400.722,416.196,0.267
2026-08-02T12:48:03.763-07:00,9269.603,ok,current_change,244.502,1.519,107.784,396.987,411.393,0.262
2026-08-02T12:48:05.777-07:00,9271.617,ok,current_change,244.859,1.537,114.187,400.188,416.729,0.274
2026-08-02T12:48:07.790-07:00,9273.630,ok,current_change,244.977,1.519,113.120,395.919,411.927,0.275
2026-08-02T12:48:08.796-07:00,9274.636,ok,current_change,244.639,1.544,114.187,402.322,418.330,0.272
2026-08-02T12:48:12.821-07:00,9278.661,ok,current_change,244.673,1.522,110.985,396.987,413.528,0.268
2026-08-02T12:48:16.845-07:00,9282.685,ok,current_change,244.845,1.539,117.389,400.188,417.263,0.281
2026-08-02T12:48:19.863-07:00,9285.703,ok,current_change,244.585,1.504,112.053,391.651,407.658,0.274
2026-08-02T12:48:20.870-07:00,9286.710,ok,current_change,244.576,1.529,114.187,397.520,414.061,0.275
2026-08-02T12:48:26.905-07:00,9292.745,ok,current_change,244.801,1.509,113.120,392.718,409.259,0.277
2026-08-02T12:48:27.911-07:00,9293.752,ok,current_change,244.854,1.544,114.187,394.319,410.860,0.278
2026-08-02T12:48:28.918-07:00,9294.758,ok,current_change,244.561,1.516,109.918,395.386,410.860,0.267
2026-08-02T12:48:30.930-07:00,9296.770,ok,current_change,244.541,1.546,117.389,401.789,418.864,0.279
2026-08-02T12:48:31.937-07:00,9297.777,ok,current_change,244.761,1.529,109.918,399.121,414.595,0.266
2026-08-02T12:48:32.945-07:00,9298.785,ok,current_change,244.678,1.552,117.389,403.923,413.528,0.281
2026-08-02T12:48:33.951-07:00,9299.792,ok,current_change,245.050,1.534,117.389,399.121,416.196,0.281
2026-08-02T12:48:38.981-07:00,9304.821,ok,current_change,244.849,1.509,114.187,392.718,417.263,0.281
2026-08-02T12:48:39.988-07:00,9305.828,ok,current_change,244.893,1.551,117.389,403.390,420.464,0.278
2026-08-02T12:48:40.994-07:00,9306.834,ok,current_change,244.820,1.529,108.851,399.655,414.595,0.264
2026-08-02T12:48:43.006-07:00,9308.846,ok,current_change,244.732,1.546,116.321,402.322,418.864,0.277
2026-08-02T12:48:44.013-07:00,9309.853,ok,current_change,244.727,1.562,113.120,408.192,423.666,0.267
2026-08-02T12:48:45.019-07:00,9310.859,ok,current_change,244.620,1.541,116.321,400.188,417.263,0.279
2026-08-02T12:48:46.026-07:00,9311.866,ok,current_change,244.805,1.524,115.254,396.987,413.528,0.279
2026-08-02T12:48:51.055-07:00,9316.895,ok,current_change,244.761,1.542,117.389,401.255,418.330,0.281
2026-08-02T12:48:52.062-07:00,9317.902,ok,current_change,244.810,1.526,112.053,397.520,413.528,0.271
2026-08-02T12:48:53.068-07:00,9318.908,ok,current_change,244.757,1.549,106.717,396.453,410.860,0.259
2026-08-02T12:48:55.081-07:00,9320.921,ok,current_change,244.717,1.524,113.120,396.987,412.994,0.274
2026-08-02T12:48:59.101-07:00,9324.945,ok,current_change,244.786,1.566,113.120,408.725,424.733,0.268
2026-08-02T12:49:00.104-07:00,9325.947,ok,current_change,244.571,1.511,112.053,393.251,409.259,0.274
2026-08-02T12:49:01.107-07:00,9326.950,ok,current_change,244.566,1.527,113.120,398.054,414.061,0.272
2026-08-02T12:49:05.123-07:00,9330.964,ok,current_change,244.786,1.559,112.053,407.125,422.599,0.266
2026-08-02T12:49:07.137-07:00,9332.977,ok,current_change,244.805,1.521,116.321,403.923,420.998,0.277
2026-08-02T12:49:08.143-07:00,9333.984,ok,current_change,244.771,1.552,110.985,405.524,420.998,0.265
2026-08-02T12:49:11.161-07:00,9337.002,ok,current_change,244.776,1.522,107.784,398.054,412.994,0.262
2026-08-02T12:49:12.168-07:00,9338.008,ok,current_change,244.874,1.541,113.120,401.789,417.796,0.271
2026-08-02T12:49:14.180-07:00,9340.020,ok,current_change,244.483,1.574,115.254,410.326,426.334,0.270
2026-08-02T12:49:15.187-07:00,9341.027,ok,current_change,244.849,1.521,109.918,396.987,419.397,0.266
2026-08-02T12:49:16.193-07:00,9342.033,ok,current_change,244.537,1.554,117.389,403.923,420.998,0.279
2026-08-02T12:49:17.201-07:00,9343.042,ok,current_change,244.771,1.527,110.985,398.587,414.061,0.268
2026-08-02T12:49:19.214-07:00,9345.054,ok,current_change,244.796,1.557,116.321,405.524,422.065,0.275
2026-08-02T12:49:20.220-07:00,9346.060,ok,current_change,244.893,1.522,109.918,397.520,412.994,0.267
2026-08-02T12:49:22.233-07:00,9348.073,ok,current_change,244.517,1.544,116.321,401.789,418.330,0.277
2026-08-02T12:49:27.262-07:00,9353.102,ok,current_change,244.854,1.527,110.985,398.587,414.061,0.269
2026-08-02T12:49:28.269-07:00,9354.109,ok,current_change,244.737,1.562,118.456,406.591,423.666,0.279
2026-08-02T12:49:29.275-07:00,9355.115,ok,current_change,244.551,1.539,118.456,405.524,422.599,0.280
2026-08-02T12:49:32.293-07:00,9358.133,ok,current_change,244.796,1.516,113.120,394.852,410.860,0.274
2026-08-02T12:49:33.302-07:00,9359.142,ok,current_change,244.532,1.539,109.918,401.789,416.729,0.265
2026-08-02T12:49:34.309-07:00,9360.149,ok,current_change,244.708,1.517,113.120,399.121,415.128,0.273
2026-08-02T12:49:35.315-07:00,9361.155,ok,current_change,244.805,1.552,120.590,402.856,420.998,0.287
2026-08-02T12:49:37.327-07:00,9363.168,ok,current_change,244.703,1.524,110.985,397.520,412.994,0.269
2026-08-02T12:49:38.336-07:00,9364.176,ok,current_change,244.483,1.544,117.389,401.255,418.330,0.280
2026-08-02T12:49:40.348-07:00,9366.188,ok,current_change,244.747,1.521,109.918,397.520,412.461,0.266
2026-08-02T12:49:42.360-07:00,9368.201,ok,current_change,244.458,1.547,114.187,402.856,418.864,0.272
2026-08-02T12:49:43.369-07:00,9369.210,ok,current_change,244.747,1.511,109.918,394.319,409.793,0.268
2026-08-02T12:49:44.376-07:00,9370.216,ok,current_change,244.600,1.537,116.321,396.453,413.528,0.281
2026-08-02T12:49:45.382-07:00,9371.222,ok,current_change,244.757,1.554,114.187,405.524,421.531,0.271
2026-08-02T12:49:46.389-07:00,9372.229,ok,current_change,244.757,1.529,113.120,398.587,414.595,0.273
2026-08-02T12:49:51.418-07:00,9377.259,ok,current_change,244.390,1.551,113.120,403.923,419.931,0.269
2026-08-02T12:49:52.425-07:00,9378.265,ok,current_change,244.713,1.511,112.053,393.785,416.729,0.272
2026-08-02T12:49:54.437-07:00,9380.277,ok,current_change,244.429,1.527,109.918,398.587,413.528,0.266
2026-08-02T12:49:55.444-07:00,9381.284,ok,current_change,244.571,1.544,113.120,399.121,415.128,0.272
2026-08-02T12:49:59.464-07:00,9385.308,ok,current_change,244.664,1.574,118.456,409.793,426.867,0.277
2026-08-02T12:50:00.467-07:00,9386.311,ok,current_change,244.385,1.546,115.254,401.789,418.330,0.275
2026-08-02T12:50:01.470-07:00,9387.313,ok,current_change,244.737,1.512,112.053,393.785,409.793,0.273
2026-08-02T12:50:02.473-07:00,9388.316,ok,current_change,244.434,1.539,114.187,400.188,416.729,0.274
2026-08-02T12:50:04.481-07:00,9390.321,ok,current_change,244.664,1.556,118.456,404.457,421.531,0.280
2026-08-02T12:50:05.489-07:00,9391.329,ok,current_change,244.683,1.502,107.784,392.184,407.125,0.266
2026-08-02T12:50:06.495-07:00,9392.335,ok,current_change,244.766,1.524,112.053,396.987,414.595,0.268
2026-08-02T12:50:10.519-07:00,9396.359,ok,current_change,244.815,1.551,118.456,403.390,420.464,0.281
2026-08-02T12:50:12.531-07:00,9398.371,ok,current_change,244.566,1.521,114.187,398.054,414.595,0.275
2026-08-02T12:50:16.555-07:00,9402.395,ok,current_change,244.722,1.537,117.389,399.655,416.729,0.281
2026-08-02T12:50:19.573-07:00,9405.413,ok,current_change,244.825,1.519,110.985,396.453,411.927,0.271
2026-08-02T12:50:20.579-07:00,9406.420,ok,current_change,244.737,1.539,115.254,400.722,417.263,0.275
2026-08-02T12:50:22.592-07:00,9408.432,ok,current_change,244.581,1.522,115.254,395.919,412.461,0.279
2026-08-02T12:50:26.615-07:00,9412.456,ok,current_change,244.473,1.539,112.053,400.722,416.729,0.270
2026-08-02T12:50:32.651-07:00,9418.491,ok,current_change,244.747,1.512,109.918,394.319,420.998,0.273
2026-08-02T12:50:33.657-07:00,9419.497,ok,current_change,244.629,1.546,115.254,402.322,418.864,0.274
2026-08-02T12:50:38.687-07:00,9424.527,ok,current_change,244.879,1.512,114.187,400.188,416.729,0.274
2026-08-02T12:50:39.693-07:00,9425.533,ok,current_change,244.898,1.536,114.187,400.188,416.729,0.274
2026-08-02T12:50:40.700-07:00,9426.540,ok,current_change,244.874,1.559,118.456,406.058,423.132,0.279
2026-08-02T12:50:41.706-07:00,9427.546,ok,current_change,244.820,1.542,115.254,401.789,418.330,0.275
2026-08-02T12:50:42.713-07:00,9428.553,ok,current_change,244.805,1.512,109.918,394.852,410.326,0.269
2026-08-02T12:50:43.719-07:00,9429.559,ok,current_change,244.757,1.547,118.456,404.457,421.531,0.280
2026-08-02T12:50:44.727-07:00,9430.568,ok,current_change,244.590,1.574,116.321,409.793,426.334,0.272
2026-08-02T12:50:45.734-07:00,9431.574,ok,current_change,244.889,1.547,113.120,403.923,414.595,0.271
2026-08-02T12:50:48.752-07:00,9434.592,ok,current_change,245.011,1.524,110.985,398.054,413.528,0.268
2026-08-02T12:50:50.765-07:00,9436.606,ok,current_change,244.757,1.541,114.187,401.255,408.725,0.273
2026-08-02T12:50:51.772-07:00,9437.612,ok,current_change,244.952,1.499,108.851,391.117,406.591,0.269
2026-08-02T12:50:52.778-07:00,9438.618,ok,current_change,244.825,1.541,120.590,399.655,417.796,0.289
2026-08-02T12:50:54.791-07:00,9440.631,ok,current_change,244.713,1.521,109.918,396.987,412.461,0.268
2026-08-02T12:50:55.797-07:00,9441.637,ok,current_change,244.732,1.542,118.456,400.722,419.397,0.286
2026-08-02T12:50:58.815-07:00,9444.655,ok,current_change,244.879,1.524,115.254,396.987,413.528,0.278
2026-08-02T12:50:59.822-07:00,9445.662,ok,current_change,244.820,1.574,117.389,410.326,426.867,0.274
2026-08-02T12:51:00.829-07:00,9446.670,ok,current_change,244.776,1.511,116.321,401.255,417.796,0.278
2026-08-02T12:51:01.836-07:00,9447.676,ok,current_change,244.727,1.534,116.321,398.587,415.662,0.280
2026-08-02T12:51:06.866-07:00,9452.706,ok,current_change,245.001,1.516,109.918,395.919,411.393,0.267
2026-08-02T12:51:07.872-07:00,9453.712,ok,current_change,244.742,1.541,119.523,399.655,417.796,0.287
2026-08-02T12:51:12.902-07:00,9458.742,ok,current_change,244.737,1.516,110.985,395.386,410.860,0.271
2026-08-02T12:51:13.908-07:00,9459.748,ok,current_change,244.776,1.549,118.456,402.322,413.528,0.274
2026-08-02T12:51:17.932-07:00,9463.772,ok,current_change,244.761,1.532,113.120,399.655,415.662,0.271
2026-08-02T12:51:20.951-07:00,9466.791,ok,current_change,244.620,1.504,110.985,392.184,407.658,0.271
2026-08-02T12:51:23.969-07:00,9469.809,ok,current_change,244.556,1.524,113.120,396.987,412.994,0.273
2026-08-02T12:51:25.981-07:00,9471.822,ok,current_change,244.864,1.541,115.254,401.255,417.796,0.276
2026-08-02T12:51:32.017-07:00,9477.857,ok,current_change,244.879,1.514,108.851,395.919,410.860,0.266
2026-08-02T12:51:33.023-07:00,9478.863,ok,current_change,244.869,1.546,115.254,402.856,419.397,0.275
2026-08-02T12:51:36.041-07:00,9481.881,ok,current_change,244.791,1.516,113.120,394.319,410.860,0.276
2026-08-02T12:51:37.048-07:00,9482.888,ok,current_change,244.576,1.549,115.254,403.390,412.461,0.270
2026-08-02T12:51:39.062-07:00,9484.902,ok,current_change,244.600,1.529,116.321,396.987,414.061,0.280
2026-08-02T12:51:40.068-07:00,9485.909,ok,current_change,244.796,1.547,114.187,403.390,419.397,0.271
2026-08-02T12:51:42.081-07:00,9487.921,ok,current_change,244.708,1.519,117.389,394.319,411.927,0.284
2026-08-02T12:51:43.089-07:00,9488.929,ok,current_change,244.361,1.547,114.187,402.856,418.864,0.272
2026-08-02T12:51:47.113-07:00,9492.953,ok,current_change,244.517,1.516,109.918,394.852,410.326,0.268
2026-08-02T12:51:48.120-07:00,9493.960,ok,current_change,244.845,1.539,117.389,400.188,417.263,0.281
2026-08-02T12:51:57.173-07:00,9503.014,ok,current_change,244.439,1.511,117.389,400.188,417.263,0.281
2026-08-02T12:51:58.180-07:00,9504.020,ok,current_change,244.786,1.549,116.321,403.390,419.931,0.276
2026-08-02T12:52:03.209-07:00,9509.049,ok,current_change,244.439,1.526,117.389,395.919,412.994,0.284
2026-08-02T12:52:04.216-07:00,9510.056,ok,current_change,244.786,1.549,116.321,403.390,419.931,0.276
2026-08-02T12:52:05.222-07:00,9511.062,ok,current_change,244.776,1.517,107.784,396.987,411.393,0.262
2026-08-02T12:52:08.240-07:00,9514.081,ok,current_change,244.473,1.546,112.053,403.390,407.658,0.259
2026-08-02T12:52:09.249-07:00,9515.089,ok,current_change,244.727,1.512,113.120,393.785,409.793,0.275
2026-08-02T12:52:10.256-07:00,9516.096,ok,current_change,244.722,1.546,118.456,401.255,418.864,0.282
2026-08-02T12:52:17.297-07:00,9523.137,ok,current_change,244.688,1.562,113.120,408.192,423.666,0.267
2026-08-02T12:52:18.303-07:00,9524.144,ok,current_change,244.805,1.527,114.187,397.520,414.061,0.276
2026-08-02T12:52:22.327-07:00,9528.167,ok,current_change,244.859,1.544,116.321,397.520,414.595,0.280
2026-08-02T12:52:29.370-07:00,9535.210,ok,current_change,244.835,1.584,121.657,411.927,429.535,0.283
2026-08-02T12:52:30.376-07:00,9536.217,ok,current_change,244.859,1.562,115.254,408.725,425.267,0.271
2026-08-02T12:52:31.383-07:00,9537.223,ok,current_change,244.732,1.542,115.254,401.789,418.330,0.276
2026-08-02T12:52:35.407-07:00,9541.247,ok,current_change,244.483,1.524,115.254,396.453,412.994,0.278
2026-08-02T12:52:36.413-07:00,9542.253,ok,current_change,244.820,1.557,115.254,406.058,422.599,0.273
2026-08-02T12:52:37.420-07:00,9543.260,ok,current_change,244.766,1.516,113.120,394.852,410.860,0.274
2026-08-02T12:52:38.426-07:00,9544.266,ok,current_change,244.791,1.534,118.456,399.655,417.263,0.283
2026-08-02T12:52:44.462-07:00,9550.302,ok,current_change,244.801,1.566,118.456,407.658,424.733,0.279
2026-08-02T12:52:46.474-07:00,9552.314,ok,current_change,244.752,1.514,108.851,395.386,418.330,0.264
2026-08-02T12:52:47.480-07:00,9553.320,ok,current_change,244.693,1.541,117.389,400.722,417.796,0.280
2026-08-02T12:52:50.498-07:00,9556.339,ok,current_change,244.752,1.514,112.053,394.319,410.326,0.272
2026-08-02T12:52:51.505-07:00,9557.345,ok,current_change,244.825,1.531,114.187,398.587,415.128,0.275
2026-08-02T12:52:54.523-07:00,9560.363,ok,current_change,244.620,1.549,118.456,402.322,419.931,0.281
2026-08-02T12:52:57.541-07:00,9563.381,ok,current_change,244.884,1.532,115.254,399.121,417.263,0.279
2026-08-02T12:52:59.554-07:00,9565.394,ok,current_change,244.923,1.551,110.985,405.524,420.464,0.264
2026-08-02T12:53:02.572-07:00,9568.412,ok,current_change,244.732,1.531,109.918,399.655,415.128,0.266
2026-08-02T12:53:04.586-07:00,9570.426,ok,current_change,244.585,1.514,114.187,393.785,410.326,0.279
2026-08-02T12:53:05.592-07:00,9571.432,ok,current_change,244.869,1.551,110.985,396.453,411.927,0.271
2026-08-02T12:53:07.604-07:00,9573.445,ok,current_change,244.688,1.514,116.321,393.251,410.326,0.284
2026-08-02T12:53:10.624-07:00,9576.464,ok,current_change,244.693,1.556,120.590,403.390,420.998,0.277
2026-08-02T12:53:11.631-07:00,9577.471,ok,current_change,244.585,1.527,113.120,398.054,414.061,0.272
2026-08-02T12:53:18.672-07:00,9584.512,ok,current_change,245.079,1.544,112.053,403.923,419.397,0.268
2026-08-02T12:53:20.684-07:00,9586.524,ok,current_change,244.791,1.512,113.120,394.319,410.326,0.275
2026-08-02T12:53:21.691-07:00,9587.531,ok,current_change,244.781,1.549,114.187,403.923,409.793,0.271
2026-08-02T12:53:22.697-07:00,9588.537,ok,current_change,244.693,1.527,112.053,398.054,414.061,0.271
2026-08-02T12:53:23.704-07:00,9589.544,ok,current_change,244.879,1.549,116.321,403.390,419.931,0.276
2026-08-02T12:53:24.712-07:00,9590.553,ok,current_change,244.854,1.516,110.985,395.386,410.860,0.270
2026-08-02T12:53:25.719-07:00,9591.559,ok,current_change,244.747,1.549,115.254,403.390,419.931,0.275
2026-08-02T12:53:27.731-07:00,9593.571,ok,current_change,244.761,1.511,112.053,393.785,409.793,0.274
2026-08-02T12:53:28.738-07:00,9594.578,ok,current_change,244.737,1.546,114.187,402.322,418.864,0.273
2026-08-02T12:53:38.798-07:00,9604.638,ok,current_change,244.517,1.519,107.784,396.987,411.393,0.262
2026-08-02T12:53:39.804-07:00,9605.644,ok,current_change,244.820,1.547,118.456,401.789,419.397,0.283
2026-08-02T12:53:41.816-07:00,9607.656,ok,current_change,244.722,1.522,106.717,398.054,412.461,0.260
2026-08-02T12:53:43.829-07:00,9609.669,ok,current_change,244.918,1.544,117.389,401.789,418.864,0.281
2026-08-02T12:53:44.835-07:00,9610.675,ok,current_change,244.717,1.526,109.918,398.054,413.528,0.267
2026-08-02T12:53:45.842-07:00,9611.682,ok,current_change,244.737,1.556,116.321,404.990,421.531,0.275
2026-08-02T12:53:47.854-07:00,9613.694,ok,current_change,244.673,1.539,116.321,400.188,417.796,0.284
2026-08-02T12:54:00.930-07:00,9626.770,ok,current_change,244.791,1.559,121.657,404.457,422.599,0.289
2026-08-02T12:54:01.936-07:00,9627.776,ok,current_change,244.791,1.532,109.918,400.188,415.662,0.266
2026-08-02T12:54:03.949-07:00,9629.789,ok,current_change,244.727,1.552,119.523,403.390,412.994,0.277
2026-08-02T12:54:05.961-07:00,9631.801,ok,current_change,244.713,1.529,113.120,398.587,414.595,0.272
2026-08-02T12:54:06.969-07:00,9632.809,ok,current_change,244.747,1.547,117.389,402.322,419.397,0.279
2026-08-02T12:54:16.022-07:00,9641.862,ok,current_change,244.747,1.517,106.717,396.987,411.393,0.259
2026-08-02T12:54:17.028-07:00,9642.868,ok,current_change,244.722,1.546,117.389,401.789,418.864,0.281
2026-08-02T12:54:20.047-07:00,9645.887,ok,current_change,244.708,1.516,108.851,395.919,410.860,0.266
2026-08-02T12:54:21.053-07:00,9646.893,ok,current_change,244.468,1.542,119.523,404.457,422.065,0.282
2026-08-02T12:54:22.061-07:00,9647.902,ok,current_change,244.771,1.521,112.053,396.453,412.461,0.271
2026-08-02T12:54:24.074-07:00,9649.914,ok,current_change,244.546,1.549,114.187,403.923,419.931,0.271
2026-08-02T12:54:25.081-07:00,9650.921,ok,current_change,244.742,1.531,115.254,398.587,415.128,0.277
2026-08-02T12:54:27.093-07:00,9652.933,ok,current_change,244.801,1.547,110.985,403.923,419.397,0.266
2026-08-02T12:54:28.101-07:00,9653.942,ok,current_change,244.815,1.522,114.187,396.453,412.994,0.277
2026-08-02T12:54:29.108-07:00,9654.948,ok,current_change,244.864,1.557,119.523,404.990,422.599,0.282
2026-08-02T12:54:30.114-07:00,9655.955,ok,current_change,244.766,1.539,110.985,401.789,417.263,0.266
2026-08-02T12:54:36.150-07:00,9661.990,ok,current_change,244.595,1.519,109.918,395.919,411.393,0.268
2026-08-02T12:54:37.156-07:00,9662.996,ok,current_change,244.717,1.552,115.254,404.457,412.461,0.268
2026-08-02T12:54:40.175-07:00,9666.015,ok,current_change,244.830,1.529,116.321,403.923,420.998,0.277
2026-08-02T12:54:41.183-07:00,9667.023,ok,current_change,244.796,1.547,112.053,403.923,419.397,0.268
2026-08-02T12:54:43.196-07:00,9669.036,ok,current_change,244.541,1.521,113.120,395.919,411.927,0.274
2026-08-02T12:54:44.202-07:00,9670.042,ok,current_change,244.766,1.554,112.053,406.058,421.531,0.266
2026-08-02T12:54:45.209-07:00,9671.049,ok,current_change,244.727,1.532,113.120,399.121,415.128,0.272
2026-08-02T12:54:46.217-07:00,9672.057,ok,current_change,244.410,1.554,117.389,403.923,420.998,0.279
2026-08-02T12:54:47.224-07:00,9673.064,ok,current_change,244.742,1.531,113.120,399.121,418.330,0.276
2026-08-02T12:54:48.230-07:00,9674.070,ok,current_change,244.551,1.551,115.254,403.390,419.931,0.275
2026-08-02T12:54:50.243-07:00,9676.083,ok,current_change,244.497,1.534,115.254,398.587,415.128,0.278
2026-08-02T12:54:51.252-07:00,9677.092,ok,current_change,244.507,1.567,116.321,408.192,424.733,0.274
2026-08-02T12:54:53.264-07:00,9679.104,ok,current_change,244.561,1.549,118.456,402.856,419.931,0.281
2026-08-02T12:54:57.287-07:00,9683.127,ok,current_change,244.771,1.527,115.254,397.520,414.061,0.279
2026-08-02T12:54:58.294-07:00,9684.134,ok,current_change,244.669,1.547,115.254,402.856,419.397,0.275
2026-08-02T12:55:10.364-07:00,9696.204,ok,current_change,244.752,1.526,110.985,398.054,413.528,0.268
2026-08-02T12:55:13.382-07:00,9699.222,ok,current_change,244.669,1.552,117.389,403.923,420.998,0.278
2026-08-02T12:55:14.389-07:00,9700.229,ok,current_change,245.118,1.536,112.053,403.923,419.397,0.267
2026-08-02T12:55:15.395-07:00,9701.235,ok,current_change,244.781,1.557,120.590,403.923,422.065,0.286
2026-08-02T12:55:16.403-07:00,9702.243,ok,current_change,244.786,1.529,115.254,398.054,422.599,0.289
2026-08-02T12:55:19.421-07:00,9705.261,ok,current_change,244.747,1.551,120.590,403.390,421.531,0.285
2026-08-02T12:55:45.572-07:00,9731.412,ok,current_change,244.913,1.529,109.918,399.655,414.595,0.265
2026-08-02T12:55:46.578-07:00,9732.418,ok,current_change,244.634,1.566,117.389,407.125,424.199,0.276
2026-08-02T12:55:48.590-07:00,9734.431,ok,current_change,244.825,1.539,113.120,401.255,417.263,0.271
2026-08-02T12:55:50.603-07:00,9736.443,ok,current_change,244.923,1.557,118.456,404.990,422.065,0.285
2026-08-02T12:55:59.657-07:00,9745.498,ok,current_change,244.967,1.539,120.590,399.655,417.796,0.288
2026-08-02T12:56:00.664-07:00,9746.504,ok,current_change,244.849,1.569,115.254,409.793,425.800,0.271
2026-08-02T12:56:03.682-07:00,9749.522,ok,current_change,244.585,1.544,117.389,401.255,418.330,0.280
2026-08-02T12:56:07.706-07:00,9753.546,ok,current_change,244.361,1.566,115.254,402.856,419.397,0.275
2026-08-02T12:56:08.713-07:00,9754.553,ok,current_change,244.732,1.547,115.254,402.856,419.397,0.274
2026-08-02T12:56:15.754-07:00,9761.594,ok,current_change,244.766,1.594,120.590,415.128,432.737,0.278
2026-08-02T12:56:16.761-07:00,9762.601,ok,current_change,244.688,1.559,118.456,405.524,422.599,0.280
2026-08-02T12:56:19.779-07:00,9765.619,ok,current_change,244.585,1.539,116.321,400.188,417.263,0.278
2026-08-02T12:56:20.786-07:00,9766.626,ok,current_change,244.757,1.569,120.590,407.658,415.128,0.274
2026-08-02T12:56:21.792-07:00,9767.632,ok,current_change,244.849,1.529,110.985,399.121,414.595,0.268
2026-08-02T12:56:22.799-07:00,9768.639,ok,current_change,244.893,1.566,114.187,408.725,424.733,0.270
2026-08-02T12:56:29.840-07:00,9775.680,ok,current_change,244.830,1.536,113.120,400.722,416.729,0.272
2026-08-02T12:56:30.847-07:00,9776.687,ok,current_change,244.551,1.586,116.321,412.994,429.535,0.271
2026-08-02T12:56:31.854-07:00,9777.694,ok,current_change,244.898,1.559,113.120,407.125,423.132,0.269
2026-08-02T12:56:34.872-07:00,9780.712,ok,current_change,244.742,1.532,112.053,399.655,415.662,0.271
2026-08-02T12:56:35.880-07:00,9781.720,ok,current_change,244.693,1.566,115.254,408.192,416.729,0.265
2026-08-02T12:56:38.898-07:00,9784.738,ok,current_change,245.079,1.539,119.523,406.591,424.199,0.282
2026-08-02T12:56:40.910-07:00,9786.750,ok,current_change,244.805,1.564,117.389,407.125,424.199,0.276
2026-08-02T12:56:43.928-07:00,9789.768,ok,current_change,244.835,1.539,112.053,401.789,425.800,0.276
2026-08-02T12:56:44.935-07:00,9790.775,ok,current_change,244.879,1.556,112.053,406.591,422.065,0.265
2026-08-02T12:56:48.959-07:00,9794.799,ok,current_change,244.757,1.577,115.254,411.927,422.599,0.269
2026-08-02T12:56:49.965-07:00,9795.805,ok,current_change,244.659,1.557,113.120,406.591,422.065,0.268
2026-08-02T12:56:51.977-07:00,9797.817,ok,current_change,244.483,1.577,116.321,400.188,417.263,0.278
2026-08-02T12:56:52.984-07:00,9798.824,ok,current_change,244.673,1.537,113.120,400.722,416.729,0.272
2026-08-02T12:56:53.990-07:00,9799.830,ok,current_change,245.060,1.566,115.254,408.192,420.464,0.265
2026-08-02T12:56:57.008-07:00,9802.848,ok,current_change,244.820,1.549,118.456,408.725,425.800,0.279
2026-08-02T12:57:00.027-07:00,9805.867,ok,current_change,244.483,1.567,116.321,408.192,424.733,0.274
2026-08-02T12:57:01.033-07:00,9806.873,ok,current_change,244.727,1.589,120.590,412.994,430.602,0.281
2026-08-02T12:57:02.040-07:00,9807.880,ok,current_change,244.786,1.571,118.456,408.725,419.397,0.273
2026-08-02T12:57:03.047-07:00,9808.887,ok,current_change,244.820,1.546,109.918,404.457,419.397,0.262
2026-08-02T12:57:04.054-07:00,9809.894,ok,current_change,244.546,1.569,113.120,409.793,425.267,0.267
2026-08-02T12:57:06.066-07:00,9811.906,ok,current_change,244.703,1.537,116.321,399.655,416.729,0.280
2026-08-02T12:57:07.072-07:00,9812.912,ok,current_change,244.732,1.572,118.456,409.259,418.330,0.276
2026-08-02T12:57:08.079-07:00,9813.919,ok,current_change,244.815,1.554,112.053,406.058,421.531,0.267
2026-08-02T12:57:10.091-07:00,9815.931,ok,current_change,244.669,1.537,118.456,408.725,425.800,0.277
2026-08-02T12:57:14.115-07:00,9819.955,ok,current_change,244.805,1.574,117.389,409.793,426.867,0.275
2026-08-02T12:57:16.127-07:00,9821.967,ok,current_change,244.781,1.547,117.389,402.322,419.397,0.280
2026-08-02T12:57:20.151-07:00,9825.991,ok,current_change,244.708,1.577,119.523,410.326,427.401,0.279
2026-08-02T12:57:21.158-07:00,9826.998,ok,current_change,244.747,1.549,115.254,403.390,419.931,0.275
2026-08-02T12:57:22.164-07:00,9828.004,ok,current_change,244.659,1.569,116.321,408.725,425.267,0.274
2026-08-02T12:57:23.171-07:00,9829.011,ok,current_change,244.757,1.546,108.851,404.457,423.132,0.260
2026-08-02T12:57:28.200-07:00,9834.040,ok,current_change,244.620,1.566,112.053,408.725,424.199,0.265
2026-08-02T12:57:41.276-07:00,9847.116,ok,current_change,244.678,1.544,115.254,401.789,418.330,0.275
2026-08-02T12:57:42.282-07:00,9848.123,ok,current_change,244.659,1.561,114.187,407.658,423.666,0.271
2026-08-02T12:57:47.312-07:00,9853.152,ok,current_change,244.776,1.581,117.389,411.393,422.065,0.276
2026-08-02T12:57:49.324-07:00,9855.165,ok,current_change,244.732,1.546,112.053,403.390,418.864,0.269
2026-08-02T12:57:50.331-07:00,9856.171,ok,current_change,245.123,1.567,118.456,408.725,425.800,0.277
2026-08-02T12:57:52.343-07:00,9858.183,ok,current_change,244.673,1.544,112.053,402.856,418.330,0.268
2026-08-02T12:57:53.351-07:00,9859.191,ok,current_change,244.766,1.577,114.187,411.927,427.934,0.268
2026-08-02T12:57:57.375-07:00,9863.215,ok,current_change,244.781,1.557,115.254,405.524,422.065,0.272
2026-08-02T12:58:00.387-07:00,9866.231,ok,current_change,244.424,1.577,117.389,410.326,427.401,0.275
2026-08-02T12:58:02.393-07:00,9868.236,ok,current_change,244.722,1.556,118.456,409.793,426.867,0.278
2026-08-02T12:58:05.407-07:00,9871.247,ok,current_change,244.551,1.572,117.389,409.259,425.800,0.275
2026-08-02T12:58:12.448-07:00,9878.288,ok,current_change,244.512,1.547,119.523,408.725,426.334,0.281
2026-08-02T12:58:15.466-07:00,9881.306,ok,current_change,244.923,1.567,113.120,409.793,425.267,0.267
2026-08-02T12:58:16.473-07:00,9882.313,ok,current_change,244.722,1.546,114.187,402.322,418.864,0.273
2026-08-02T12:58:17.479-07:00,9883.319,ok,current_change,244.972,1.571,120.590,408.725,421.531,0.282
2026-08-02T12:58:20.498-07:00,9886.339,ok,current_change,244.942,1.549,110.985,406.058,420.998,0.263
2026-08-02T12:58:21.505-07:00,9887.345,ok,current_change,244.849,1.566,119.523,407.125,424.733,0.281
2026-08-02T12:58:24.523-07:00,9890.363,ok,current_change,244.854,1.582,116.321,412.461,429.002,0.271
2026-08-02T12:58:25.529-07:00,9891.370,ok,current_change,244.820,1.551,113.120,404.457,420.464,0.270
2026-08-02T12:58:27.542-07:00,9893.382,ok,current_change,244.742,1.577,119.523,409.793,427.401,0.280
2026-08-02T12:58:28.548-07:00,9894.388,ok,current_change,244.845,1.544,115.254,402.322,426.334,0.282
2026-08-02T12:58:29.555-07:00,9895.395,ok,current_change,244.854,1.564,117.389,407.125,424.199,0.276
2026-08-02T12:58:38.608-07:00,9904.448,ok,current_change,244.737,1.546,118.456,401.255,418.864,0.283
2026-08-02T12:58:39.615-07:00,9905.455,ok,current_change,244.698,1.581,119.523,411.393,422.065,0.276
2026-08-02T12:58:40.621-07:00,9906.461,ok,current_change,244.683,1.542,112.053,402.856,418.330,0.268
2026-08-02T12:58:41.628-07:00,9907.468,ok,current_change,244.732,1.572,116.321,409.793,426.334,0.273
2026-08-02T12:58:46.657-07:00,9912.498,ok,current_change,244.776,1.554,113.120,405.524,421.531,0.270
2026-08-02T12:58:47.664-07:00,9913.504,ok,current_change,244.727,1.576,112.053,411.927,427.401,0.262
2026-08-02T12:58:49.676-07:00,9915.516,ok,current_change,244.766,1.559,113.120,407.125,422.599,0.268
2026-08-02T12:58:50.683-07:00,9916.523,ok,current_change,244.654,1.537,114.187,400.188,423.132,0.279
2026-08-02T12:58:51.689-07:00,9917.529,ok,current_change,244.820,1.582,120.590,411.393,429.002,0.282
2026-08-02T12:58:53.703-07:00,9919.543,ok,current_change,244.771,1.551,114.187,409.259,425.267,0.270
2026-08-02T12:58:55.716-07:00,9921.556,ok,current_change,244.766,1.576,119.523,409.793,427.401,0.280
2026-08-02T12:59:00.745-07:00,9926.585,ok,current_change,244.845,1.539,113.120,401.255,417.263,0.271
2026-08-02T12:59:01.752-07:00,9927.592,ok,current_change,244.776,1.596,120.590,415.128,432.737,0.278
2026-08-02T12:59:02.758-07:00,9928.598,ok,current_change,244.937,1.576,119.523,409.793,427.401,0.280
2026-08-02T12:59:04.771-07:00,9930.611,ok,current_change,244.947,1.544,106.717,404.990,425.800,0.263
2026-08-02T12:59:05.777-07:00,9931.617,ok,current_change,244.644,1.572,115.254,409.793,426.334,0.271
2026-08-02T12:59:08.798-07:00,9934.638,ok,current_change,244.825,1.556,115.254,405.524,422.065,0.272
2026-08-02T12:59:09.804-07:00,9935.645,ok,current_change,244.532,1.574,114.187,410.326,426.334,0.268
2026-08-02T12:59:11.817-07:00,9937.657,ok,current_change,244.678,1.556,108.851,407.125,421.531,0.258
2026-08-02T12:59:13.829-07:00,9939.669,ok,current_change,244.615,1.582,117.389,412.461,429.002,0.273
2026-08-02T12:59:14.836-07:00,9940.676,ok,current_change,244.845,1.556,116.321,405.524,422.065,0.275
2026-08-02T12:59:16.848-07:00,9942.688,ok,current_change,244.874,1.579,110.985,413.528,428.468,0.260
2026-08-02T12:59:17.855-07:00,9943.696,ok,current_change,244.493,1.559,113.120,406.591,422.065,0.268
2026-08-02T12:59:18.862-07:00,9944.702,ok,current_change,244.405,1.577,110.985,407.658,423.132,0.263
2026-08-02T12:59:20.874-07:00,9946.714,ok,current_change,244.497,1.596,121.657,414.595,432.203,0.281
2026-08-02T12:59:21.881-07:00,9947.721,ok,current_change,244.732,1.552,117.389,413.528,430.069,0.272
2026-08-02T12:59:23.913-07:00,9949.753,ok,current_change,244.449,1.576,109.918,410.860,418.864,0.264
2026-08-02T12:59:24.919-07:00,9950.760,ok,current_change,244.776,1.554,112.053,406.058,421.531,0.267
2026-08-02T12:59:25.926-07:00,9951.766,ok,current_change,244.615,1.571,117.389,409.259,425.800,0.275
2026-08-02T12:59:30.956-07:00,9956.796,ok,current_change,244.757,1.554,108.851,406.591,421.531,0.259
2026-08-02T12:59:34.979-07:00,9960.819,ok,current_change,244.439,1.591,116.321,414.061,430.602,0.271
2026-08-02T12:59:42.021-07:00,9967.861,ok,current_change,244.717,1.572,115.254,410.326,426.334,0.270
2026-08-02T12:59:46.044-07:00,9971.885,ok,current_change,244.703,1.552,114.187,404.990,420.998,0.272
2026-08-02T12:59:47.051-07:00,9972.891,ok,current_change,244.502,1.596,119.523,415.128,435.938,0.278
2026-08-02T12:59:49.067-07:00,9974.907,ok,current_change,244.752,1.579,116.321,411.393,427.934,0.272
2026-08-02T12:59:51.079-07:00,9976.919,ok,current_change,244.434,1.562,112.053,407.658,423.132,0.266
2026-08-02T12:59:52.085-07:00,9977.925,ok,current_change,244.615,1.587,115.254,414.061,421.531,0.270
2026-08-02T12:59:53.095-07:00,9978.935,ok,current_change,244.933,1.562,116.321,407.125,423.666,0.275
2026-08-02T12:59:56.113-07:00,9981.953,ok,current_change,244.830,1.584,116.321,412.994,429.535,0.271
2026-08-02T12:59:57.119-07:00,9982.959,ok,current_change,244.810,1.567,108.851,410.860,425.267,0.257
2026-08-02T13:00:00.138-07:00,9985.978,ok,current_change,244.493,1.542,112.053,402.322,426.334,0.282
2026-08-02T13:00:01.143-07:00,9986.985,ok,current_change,244.517,1.567,117.389,407.658,424.733,0.277
2026-08-02T13:00:02.150-07:00,9987.990,ok,current_change,244.722,1.602,119.523,417.263,434.337,0.276
2026-08-02T13:00:04.165-07:00,9990.005,ok,current_change,244.742,1.567,110.985,409.793,424.733,0.261
2026-08-02T13:00:05.172-07:00,9991.012,ok,current_change,244.801,1.549,110.985,404.990,419.931,0.264
2026-08-02T13:00:08.190-07:00,9994.030,ok,current_change,244.737,1.586,118.456,412.994,430.069,0.276
2026-08-02T13:00:12.217-07:00,9998.057,ok,current_change,244.766,1.566,113.120,408.725,424.733,0.268
2026-08-02T13:00:15.235-07:00,10001.075,ok,current_change,244.732,1.589,118.456,413.528,430.602,0.274
2026-08-02T13:00:18.253-07:00,10004.093,ok,current_change,244.693,1.552,108.851,406.591,420.998,0.258
2026-08-02T13:00:20.266-07:00,10006.106,ok,current_change,244.771,1.572,115.254,409.793,426.334,0.271
2026-08-02T13:00:24.292-07:00,10010.133,ok,current_change,244.771,1.599,119.523,416.729,433.804,0.276
2026-08-02T13:00:25.299-07:00,10011.139,ok,current_change,245.006,1.562,110.985,409.259,424.199,0.261
2026-08-02T13:00:28.320-07:00,10014.160,ok,current_change,244.405,1.587,119.523,412.461,427.934,0.277
2026-08-02T13:00:30.333-07:00,10016.173,ok,current_change,244.610,1.569,116.321,408.725,425.267,0.274
2026-08-02T13:00:32.349-07:00,10018.189,ok,current_change,244.703,1.586,113.120,414.595,430.069,0.263
2026-08-02T13:00:33.355-07:00,10019.195,ok,current_change,244.727,1.549,113.120,411.393,426.867,0.266
2026-08-02T13:00:34.362-07:00,10020.202,ok,current_change,244.737,1.579,115.254,411.927,427.934,0.269
2026-08-02T13:00:35.368-07:00,10021.208,ok,current_change,244.805,1.557,116.321,405.524,427.401,0.281
2026-08-02T13:00:36.375-07:00,10022.215,ok,current_change,244.796,1.587,121.657,412.994,430.602,0.282
2026-08-02T13:00:40.399-07:00,10026.239,ok,current_change,244.722,1.567,113.120,409.259,424.733,0.266
2026-08-02T13:00:45.431-07:00,10031.271,ok,current_change,244.805,1.596,119.523,415.662,432.737,0.275
2026-08-02T13:00:46.441-07:00,10032.281,ok,current_change,244.840,1.579,114.187,412.461,428.468,0.266
2026-08-02T13:00:51.470-07:00,10037.311,ok,current_change,244.835,1.559,114.187,406.591,422.599,0.271
2026-08-02T13:00:52.477-07:00,10038.317,ok,current_change,244.845,1.592,120.590,414.061,431.670,0.279
2026-08-02T13:00:56.501-07:00,10042.341,ok,current_change,244.830,1.572,115.254,411.927,427.934,0.269
2026-08-02T13:00:59.523-07:00,10045.363,ok,current_change,244.786,1.552,117.389,403.923,420.998,0.279
2026-08-02T13:01:00.529-07:00,10046.369,ok,current_change,244.742,1.577,117.389,410.326,427.401,0.275
2026-08-02T13:01:02.541-07:00,10048.381,ok,current_change,244.722,1.597,112.053,418.330,433.270,0.260
2026-08-02T13:01:04.554-07:00,10050.394,ok,current_change,244.752,1.581,115.254,412.461,428.468,0.269
2026-08-02T13:01:19.641-07:00,10065.481,ok,current_change,244.752,1.551,112.053,404.990,420.464,0.268
2026-08-02T13:01:21.654-07:00,10067.494,ok,current_change,244.933,1.581,119.523,411.927,429.002,0.278
2026-08-02T13:01:22.660-07:00,10068.500,ok,current_change,244.801,1.562,115.254,407.125,423.666,0.272
2026-08-02T13:01:25.678-07:00,10071.518,ok,current_change,244.473,1.579,112.053,412.461,427.934,0.263
2026-08-02T13:01:33.726-07:00,10079.566,ok,current_change,244.497,1.561,113.120,407.125,422.599,0.268
2026-08-02T13:01:35.738-07:00,10081.578,ok,current_change,244.742,1.589,113.120,415.128,430.602,0.264
2026-08-02T13:01:38.756-07:00,10084.596,ok,current_change,244.996,1.572,117.389,409.793,426.867,0.275
2026-08-02T13:01:39.765-07:00,10085.605,ok,current_change,244.693,1.554,116.321,404.457,420.998,0.275
2026-08-02T13:01:40.772-07:00,10086.612,ok,current_change,244.644,1.597,119.523,415.662,432.737,0.277
2026-08-02T13:01:42.784-07:00,10088.624,ok,current_change,244.703,1.577,115.254,411.393,427.401,0.271
2026-08-02T13:01:50.831-07:00,10096.671,ok,current_change,244.752,1.547,113.120,403.390,419.397,0.270
2026-08-02T13:01:51.838-07:00,10097.678,ok,current_change,244.590,1.597,115.254,416.729,432.737,0.266
2026-08-02T13:01:53.850-07:00,10099.690,ok,current_change,244.693,1.567,112.053,409.259,424.733,0.264
2026-08-02T13:01:54.856-07:00,10100.696,ok,current_change,244.722,1.586,114.187,414.595,430.069,0.265
2026-08-02T13:01:57.875-07:00,10103.715,ok,current_change,244.776,1.566,120.590,407.125,424.733,0.283
2026-08-02T13:01:58.881-07:00,10104.721,ok,current_change,244.727,1.594,122.724,414.061,432.203,0.283
2026-08-02T13:01:59.888-07:00,10105.728,ok,current_change,244.507,1.566,110.985,409.259,424.199,0.261
2026-08-02T13:02:00.894-07:00,10106.734,ok,current_change,244.903,1.592,117.389,415.662,430.602,0.269
2026-08-02T13:02:10.953-07:00,10116.793,ok,current_change,245.001,1.559,108.851,408.725,423.132,0.258
2026-08-02T13:02:12.965-07:00,10118.805,ok,current_change,245.006,1.591,112.053,416.196,431.670,0.261
2026-08-02T13:02:13.972-07:00,10119.812,ok,current_change,244.967,1.567,114.187,409.259,425.267,0.270
2026-08-02T13:02:14.978-07:00,10120.818,ok,current_change,244.986,1.587,119.523,412.994,429.002,0.270
2026-08-02T13:02:20.008-07:00,10125.848,ok,current_change,244.952,1.562,109.918,408.725,423.666,0.259
2026-08-02T13:02:21.015-07:00,10126.855,ok,current_change,244.864,1.581,110.985,414.061,429.002,0.258
2026-08-02T13:02:24.033-07:00,10129.873,ok,current_change,244.957,1.556,114.187,406.058,422.065,0.271
2026-08-02T13:02:25.039-07:00,10130.879,ok,current_change,244.786,1.589,121.657,413.528,431.136,0.281
2026-08-02T13:02:29.066-07:00,10134.906,ok,current_change,244.805,1.561,109.918,408.192,423.132,0.261
2026-08-02T13:02:30.072-07:00,10135.912,ok,current_change,244.566,1.604,115.254,418.330,434.337,0.266
2026-08-02T13:02:33.093-07:00,10138.934,ok,current_change,244.835,1.586,116.321,413.528,430.069,0.271
2026-08-02T13:02:34.100-07:00,10139.940,ok,current_change,244.928,1.556,114.187,406.058,422.065,0.271
2026-08-02T13:02:35.106-07:00,10140.947,ok,current_change,244.879,1.594,119.523,415.128,432.203,0.276
2026-08-02T13:02:40.137-07:00,10145.977,ok,current_change,244.669,1.569,109.918,410.326,425.267,0.259
2026-08-02T13:02:45.170-07:00,10151.010,ok,current_change,244.854,1.592,123.792,413.528,431.670,0.286
2026-08-02T13:02:52.211-07:00,10158.051,ok,current_change,244.869,1.554,113.120,405.524,421.531,0.270
2026-08-02T13:02:53.218-07:00,10159.058,ok,current_change,244.859,1.577,116.321,411.393,427.934,0.272
2026-08-02T13:02:54.224-07:00,10160.064,ok,current_change,244.893,1.561,117.389,406.058,423.132,0.278
2026-08-02T13:02:55.231-07:00,10161.071,ok,current_change,244.620,1.596,118.456,415.128,432.203,0.274
2026-08-02T13:02:56.238-07:00,10162.078,ok,current_change,244.810,1.562,117.389,415.128,431.670,0.272
2026-08-02T13:02:59.256-07:00,10165.096,ok,current_change,244.942,1.596,112.053,407.658,423.132,0.266
2026-08-02T13:03:01.268-07:00,10167.108,ok,current_change,245.011,1.559,115.254,407.125,423.132,0.271
2026-08-02T13:03:02.275-07:00,10168.115,ok,current_change,245.495,1.581,115.254,413.528,429.535,0.268
2026-08-02T13:03:03.281-07:00,10169.121,ok,current_change,244.874,1.562,116.321,407.125,423.666,0.275
2026-08-02T13:03:04.287-07:00,10170.128,ok,current_change,244.825,1.592,119.523,414.595,431.670,0.276
2026-08-02T13:03:19.378-07:00,10185.218,ok,current_change,245.099,1.561,110.985,408.192,423.666,0.263
2026-08-02T13:03:22.396-07:00,10188.236,ok,current_change,244.717,1.594,117.389,415.662,432.203,0.272
2026-08-02T13:03:25.414-07:00,10191.254,ok,current_change,244.737,1.571,116.321,409.259,425.800,0.274
2026-08-02T13:03:26.421-07:00,10192.261,ok,current_change,244.957,1.591,118.456,414.595,431.670,0.275
2026-08-02T13:03:28.433-07:00,10194.273,ok,current_change,245.040,1.572,113.120,411.393,426.867,0.266
2026-08-02T13:03:29.439-07:00,10195.280,ok,current_change,244.923,1.592,114.187,416.729,432.203,0.264
2026-08-02T13:03:31.452-07:00,10197.292,ok,current_change,244.678,1.569,110.985,410.326,425.267,0.261
2026-08-02T13:03:32.458-07:00,10198.298,ok,current_change,244.180,1.587,117.389,412.994,426.334,0.271
2026-08-02T13:03:34.470-07:00,10200.311,ok,current_change,244.366,1.566,116.321,407.125,423.666,0.274
2026-08-02T13:03:35.477-07:00,10201.317,ok,current_change,244.639,1.601,118.456,411.393,428.468,0.277
2026-08-02T13:03:41.512-07:00,10207.352,ok,current_change,245.040,1.566,114.187,418.330,433.804,0.264
2026-08-02T13:03:43.524-07:00,10209.365,ok,current_change,244.786,1.596,116.321,416.729,432.737,0.269
2026-08-02T13:03:45.537-07:00,10211.377,ok,current_change,244.708,1.576,116.321,410.860,427.401,0.272
2026-08-02T13:03:47.549-07:00,10213.389,ok,current_change,245.245,1.594,118.456,415.662,432.737,0.274
2026-08-02T13:03:53.584-07:00,10219.424,ok,current_change,244.967,1.564,107.784,409.793,424.199,0.254
2026-08-02T13:03:54.591-07:00,10220.431,ok,current_change,244.732,1.587,112.053,415.128,430.602,0.261
2026-08-02T13:03:55.597-07:00,10221.437,ok,current_change,244.801,1.612,114.187,421.531,437.005,0.262
2026-08-02T13:03:57.610-07:00,10223.450,ok,current_change,244.893,1.587,115.254,414.595,423.666,0.258
2026-08-02T13:03:59.622-07:00,10225.462,ok,current_change,244.713,1.611,120.590,418.864,436.472,0.277
2026-08-02T13:04:00.628-07:00,10226.468,ok,current_change,244.561,1.567,119.523,415.662,432.737,0.275
2026-08-02T13:04:01.635-07:00,10227.475,ok,current_change,244.512,1.609,121.657,418.330,435.938,0.278
2026-08-02T13:04:02.641-07:00,10228.482,ok,current_change,244.957,1.592,119.523,415.128,432.203,0.276
2026-08-02T13:04:05.660-07:00,10231.500,ok,current_change,244.796,1.574,114.187,410.860,426.867,0.269
2026-08-02T13:04:06.666-07:00,10232.506,ok,current_change,244.634,1.594,113.120,416.729,432.203,0.262
2026-08-02T13:04:10.690-07:00,10236.530,ok,current_change,244.801,1.569,110.985,410.326,425.267,0.262
2026-08-02T13:04:11.711-07:00,10237.551,ok,current_change,244.874,1.592,118.456,414.595,431.670,0.273
2026-08-02T13:04:13.723-07:00,10239.563,ok,current_change,244.590,1.566,114.187,408.192,424.199,0.270
2026-08-02T13:04:14.729-07:00,10240.569,ok,current_change,244.869,1.619,123.792,420.998,425.267,0.265
2026-08-02T13:04:15.736-07:00,10241.576,ok,current_change,244.566,1.596,120.590,414.595,432.203,0.278
2026-08-02T13:04:17.751-07:00,10243.591,ok,current_change,245.123,1.576,116.321,411.393,427.934,0.272
2026-08-02T13:04:19.763-07:00,10245.603,ok,current_change,244.986,1.594,116.321,416.729,430.069,0.269
2026-08-02T13:04:20.770-07:00,10246.610,ok,current_change,245.030,1.611,116.321,420.998,437.005,0.266
2026-08-02T13:04:22.785-07:00,10248.625,ok,current_change,245.069,1.587,114.187,415.662,431.136,0.265
2026-08-02T13:04:28.821-07:00,10254.661,ok,current_change,244.957,1.562,116.321,407.125,423.666,0.274
2026-08-02T13:04:29.827-07:00,10255.667,ok,current_change,244.933,1.607,122.724,417.796,435.938,0.281
2026-08-02T13:04:30.834-07:00,10256.674,ok,current_change,244.566,1.591,119.523,414.061,431.136,0.278
2026-08-02T13:04:31.843-07:00,10257.683,ok,current_change,244.752,1.612,122.724,418.864,437.005,0.281
2026-08-02T13:04:32.849-07:00,10258.690,ok,current_change,245.035,1.596,118.456,416.729,433.270,0.272
2026-08-02T13:04:33.856-07:00,10259.696,ok,current_change,244.801,1.577,114.187,411.927,427.934,0.268
2026-08-02T13:04:34.863-07:00,10260.703,ok,current_change,244.913,1.594,115.254,416.196,431.670,0.269
2026-08-02T13:04:35.869-07:00,10261.709,ok,current_change,244.566,1.576,112.053,411.393,426.867,0.264
2026-08-02T13:04:36.878-07:00,10262.719,ok,current_change,244.874,1.601,112.053,419.397,435.938,0.262
2026-08-02T13:04:37.885-07:00,10263.725,ok,current_change,244.928,1.579,110.985,413.528,428.468,0.260
2026-08-02T13:04:38.891-07:00,10264.732,ok,current_change,244.722,1.601,112.053,418.864,433.804,0.259
2026-08-02T13:04:42.915-07:00,10268.755,ok,current_change,245.040,1.582,116.321,412.994,429.535,0.271
2026-08-02T13:04:44.927-07:00,10270.768,ok,current_change,245.353,1.599,121.657,416.729,431.136,0.273
2026-08-02T13:04:48.951-07:00,10274.791,ok,current_change,245.045,1.574,116.321,410.860,427.401,0.271
2026-08-02T13:04:50.964-07:00,10276.804,ok,current_change,244.981,1.606,120.590,418.864,435.938,0.276
2026-08-02T13:04:55.993-07:00,10281.833,ok,current_change,244.903,1.572,108.851,411.927,432.203,0.260
2026-08-02T13:04:57.000-07:00,10282.840,ok,current_change,244.986,1.589,114.187,415.662,431.136,0.265
2026-08-02T13:04:59.012-07:00,10284.852,ok,current_change,244.840,1.569,117.389,418.864,435.405,0.271
2026-08-02T13:05:02.031-07:00,10287.871,ok,current_change,244.977,1.606,119.523,418.864,435.938,0.273
2026-08-02T13:05:03.037-07:00,10288.877,ok,current_change,244.874,1.567,118.456,408.192,425.267,0.279
2026-08-02T13:05:04.044-07:00,10289.884,ok,current_change,244.590,1.597,119.523,415.662,432.737,0.275
2026-08-02T13:05:06.056-07:00,10291.896,ok,current_change,244.879,1.614,123.792,419.931,438.073,0.282
2026-08-02T13:05:07.062-07:00,10292.902,ok,current_change,244.893,1.576,115.254,411.393,435.405,0.274
2026-08-02T13:05:08.069-07:00,10293.909,ok,current_change,244.801,1.604,119.523,417.796,434.871,0.274
2026-08-02T13:05:11.087-07:00,10296.927,ok,current_change,244.923,1.581,113.120,413.528,429.002,0.264
2026-08-02T13:05:12.093-07:00,10297.933,ok,current_change,244.854,1.604,117.389,418.330,434.871,0.271
2026-08-02T13:05:13.103-07:00,10298.943,ok,current_change,244.937,1.582,109.918,415.128,429.535,0.256
2026-08-02T13:05:15.115-07:00,10300.955,ok,current_change,244.991,1.601,115.254,418.330,434.337,0.265
2026-08-02T13:05:17.128-07:00,10302.968,ok,current_change,244.991,1.582,114.187,414.061,429.535,0.266
2026-08-02T13:05:18.134-07:00,10303.974,ok,current_change,245.025,1.566,115.254,408.192,424.733,0.272
2026-08-02T13:05:19.141-07:00,10304.981,ok,current_change,244.967,1.607,121.657,418.330,435.938,0.278
2026-08-02T13:05:24.170-07:00,10310.010,ok,current_change,244.923,1.586,120.590,412.461,430.069,0.280
2026-08-02T13:05:28.194-07:00,10314.034,ok,current_change,244.889,1.612,116.321,421.531,431.670,0.269
2026-08-02T13:05:31.212-07:00,10317.052,ok,current_change,244.835,1.587,117.389,419.931,436.472,0.269
2026-08-02T13:05:32.219-07:00,10318.059,ok,current_change,244.771,1.617,117.389,422.599,438.606,0.268
2026-08-02T13:05:34.231-07:00,10320.071,ok,current_change,244.942,1.591,112.053,416.729,431.670,0.259
2026-08-02T13:05:45.296-07:00,10331.136,ok,current_change,244.869,1.616,121.657,420.464,423.132,0.274
2026-08-02T13:05:46.302-07:00,10332.142,ok,current_change,244.825,1.577,115.254,411.927,427.934,0.269
2026-08-02T13:05:48.314-07:00,10334.154,ok,current_change,244.620,1.621,115.254,414.595,430.602,0.268
2026-08-02T13:05:50.327-07:00,10336.167,ok,current_change,245.030,1.602,117.389,418.330,434.871,0.270
2026-08-02T13:05:53.348-07:00,10339.188,ok,current_change,244.908,1.572,113.120,417.263,432.737,0.262
2026-08-02T13:05:54.354-07:00,10340.194,ok,current_change,244.977,1.606,115.254,419.931,435.938,0.265
2026-08-02T13:05:55.361-07:00,10341.201,ok,current_change,244.991,1.581,108.851,414.595,429.002,0.255
2026-08-02T13:05:56.371-07:00,10342.211,ok,current_change,244.967,1.609,114.187,420.998,436.472,0.263
2026-08-02T13:05:57.377-07:00,10343.217,ok,current_change,244.981,1.587,110.985,415.662,430.602,0.257
2026-08-02T13:06:03.413-07:00,10349.253,ok,current_change,244.629,1.621,113.120,423.666,439.140,0.259
2026-08-02T13:06:04.419-07:00,10350.260,ok,current_change,244.581,1.602,116.321,417.796,434.337,0.269
2026-08-02T13:06:07.437-07:00,10353.278,ok,current_change,244.835,1.577,114.187,411.927,427.934,0.268
2026-08-02T13:06:10.456-07:00,10356.296,ok,current_change,244.874,1.599,117.389,417.263,433.804,0.271
2026-08-02T13:06:12.468-07:00,10358.308,ok,current_change,244.981,1.616,118.456,409.793,426.867,0.277
2026-08-02T13:06:14.480-07:00,10360.320,ok,current_change,245.074,1.589,118.456,414.061,431.136,0.274
2026-08-02T13:06:16.493-07:00,10362.333,ok,current_change,244.796,1.614,119.523,420.464,437.539,0.272
2026-08-02T13:06:18.505-07:00,10364.345,ok,current_change,244.937,1.581,113.120,413.528,429.002,0.265
2026-08-02T13:06:19.512-07:00,10365.352,ok,current_change,244.937,1.606,117.389,418.864,435.405,0.270
2026-08-02T13:06:20.518-07:00,10366.358,ok,current_change,244.952,1.569,108.851,411.393,433.270,0.265
2026-08-02T13:06:21.525-07:00,10367.365,ok,current_change,244.996,1.607,115.254,419.931,435.938,0.265
2026-08-02T13:06:23.540-07:00,10369.381,ok,current_change,244.874,1.579,113.120,412.994,428.468,0.264
2026-08-02T13:06:24.547-07:00,10370.387,ok,current_change,244.879,1.602,113.120,419.397,434.871,0.260
2026-08-02T13:06:28.571-07:00,10374.411,ok,current_change,244.854,1.577,109.918,412.994,434.337,0.256
2026-08-02T13:06:30.583-07:00,10376.423,ok,current_change,244.942,1.594,113.120,417.263,432.737,0.261
2026-08-02T13:06:37.624-07:00,10383.465,ok,current_change,244.810,1.576,119.523,420.464,437.539,0.272
2026-08-02T13:06:38.631-07:00,10384.471,ok,current_change,244.972,1.632,121.657,425.267,442.875,0.275
2026-08-02T13:06:39.637-07:00,10385.478,ok,current_change,244.747,1.587,117.389,414.061,430.602,0.272
2026-08-02T13:06:40.644-07:00,10386.484,ok,current_change,244.893,1.607,119.523,418.864,435.938,0.275
2026-08-02T13:06:41.654-07:00,10387.494,ok,current_change,244.620,1.579,113.120,412.461,427.934,0.265
2026-08-02T13:06:44.672-07:00,10390.512,ok,current_change,244.678,1.609,119.523,418.864,435.938,0.275
2026-08-02T13:06:45.679-07:00,10391.519,ok,current_change,244.928,1.587,116.321,414.061,430.602,0.270
2026-08-02T13:06:46.688-07:00,10392.528,ok,current_change,244.639,1.611,119.523,419.397,436.472,0.273
2026-08-02T13:06:49.706-07:00,10395.547,ok,current_change,245.001,1.579,114.187,412.461,428.468,0.268
2026-08-02T13:06:50.713-07:00,10396.553,ok,current_change,244.722,1.611,118.456,419.931,436.472,0.271
2026-08-02T13:06:57.762-07:00,10403.602,ok,current_change,244.947,1.591,114.187,420.464,435.938,0.263
2026-08-02T13:06:58.768-07:00,10404.609,ok,current_change,244.908,1.616,115.254,422.065,438.073,0.264
2026-08-02T13:07:00.781-07:00,10406.621,ok,current_change,244.933,1.581,112.053,413.528,429.002,0.262
2026-08-02T13:07:01.787-07:00,10407.627,ok,current_change,244.610,1.604,112.053,419.931,434.871,0.257
2026-08-02T13:07:04.805-07:00,10410.646,ok,current_change,244.986,1.622,116.321,424.199,440.207,0.265
2026-08-02T13:07:06.818-07:00,10412.658,ok,current_change,244.996,1.584,113.120,414.595,430.069,0.263
2026-08-02T13:07:09.836-07:00,10415.676,ok,current_change,244.849,1.602,112.053,419.397,434.337,0.259
2026-08-02T13:07:22.915-07:00,10428.755,ok,current_change,244.962,1.584,117.389,413.528,437.539,0.276
2026-08-02T13:07:23.922-07:00,10429.762,ok,current_change,244.610,1.622,121.657,422.065,439.673,0.277
2026-08-02T13:07:30.963-07:00,10436.803,ok,current_change,244.532,1.582,118.456,411.393,428.468,0.276
2026-08-02T13:07:31.969-07:00,10437.809,ok,current_change,244.893,1.604,120.590,420.998,438.073,0.274
2026-08-02T13:07:33.982-07:00,10439.822,ok,current_change,244.629,1.624,122.724,422.599,440.207,0.278
2026-08-02T13:07:34.988-07:00,10440.828,ok,current_change,244.556,1.592,117.389,415.128,431.670,0.271
2026-08-02T13:07:35.995-07:00,10441.835,ok,current_change,244.874,1.616,121.657,420.464,438.073,0.277
2026-08-02T13:07:37.004-07:00,10442.844,ok,current_change,244.801,1.596,119.523,417.796,434.871,0.274
2026-08-02T13:07:39.016-07:00,10444.856,ok,current_change,244.815,1.624,120.590,423.132,440.207,0.274
2026-08-02T13:07:41.029-07:00,10446.869,ok,current_change,244.590,1.602,117.389,417.796,434.337,0.271
2026-08-02T13:07:51.090-07:00,10456.930,ok,current_change,244.952,1.622,116.321,424.199,429.002,0.264
2026-08-02T13:07:55.114-07:00,10460.954,ok,current_change,244.825,1.577,114.187,411.927,427.934,0.268
2026-08-02T13:07:57.127-07:00,10462.967,ok,current_change,244.791,1.609,113.120,416.196,431.670,0.262
2026-08-02T13:08:00.144-07:00,10465.984,ok,current_change,244.825,1.582,117.389,420.464,437.005,0.269
2026-08-02T13:08:01.149-07:00,10466.990,ok,current_change,244.546,1.626,117.389,423.666,440.207,0.268
2026-08-02T13:08:02.156-07:00,10467.996,ok,current_change,244.854,1.592,115.254,415.662,431.670,0.267
2026-08-02T13:08:05.177-07:00,10471.017,ok,current_change,244.561,1.617,114.187,422.599,438.606,0.263
2026-08-02T13:08:06.183-07:00,10472.023,ok,current_change,244.830,1.591,115.254,415.662,431.670,0.267
2026-08-02T13:08:07.190-07:00,10473.030,ok,current_change,244.845,1.614,114.187,422.065,437.539,0.261
2026-08-02T13:08:08.199-07:00,10474.040,ok,current_change,244.884,1.579,113.120,412.994,428.468,0.264
2026-08-02T13:08:09.206-07:00,10475.046,ok,current_change,244.884,1.614,116.321,422.065,438.073,0.267
2026-08-02T13:08:10.212-07:00,10476.053,ok,current_change,244.913,1.631,117.389,425.800,442.341,0.266
2026-08-02T13:08:12.225-07:00,10478.065,ok,current_change,244.722,1.604,113.120,419.397,434.871,0.261
2026-08-02T13:08:13.234-07:00,10479.074,ok,current_change,244.669,1.626,116.321,424.733,440.740,0.264
2026-08-02T13:08:14.241-07:00,10480.081,ok,current_change,244.893,1.609,117.389,419.931,436.472,0.270
2026-08-02T13:08:17.259-07:00,10483.099,ok,current_change,244.830,1.591,109.918,417.263,439.140,0.263
2026-08-02T13:08:18.269-07:00,10484.109,ok,current_change,244.864,1.616,114.187,422.599,438.073,0.262
2026-08-02T13:08:20.281-07:00,10486.121,ok,current_change,244.801,1.584,112.053,414.595,429.535,0.261
2026-08-02T13:08:21.287-07:00,10487.127,ok,current_change,244.874,1.611,114.187,421.531,437.005,0.261
2026-08-02T13:08:31.346-07:00,10497.186,ok,current_change,244.889,1.631,118.456,425.800,442.341,0.268
2026-08-02T13:08:32.352-07:00,10498.192,ok,current_change,244.810,1.611,115.254,421.531,437.005,0.264
2026-08-02T13:08:34.365-07:00,10500.205,ok,current_change,244.928,1.592,113.120,416.729,432.203,0.262
2026-08-02T13:08:35.371-07:00,10501.211,ok,current_change,244.933,1.624,117.389,424.733,440.740,0.266
2026-08-02T13:08:38.389-07:00,10504.229,ok,current_change,244.947,1.601,115.254,418.330,434.337,0.265
2026-08-02T13:08:40.402-07:00,10506.242,ok,current_change,244.717,1.621,118.456,422.599,439.140,0.271
2026-08-02T13:08:41.408-07:00,10507.248,ok,current_change,244.766,1.587,112.053,415.128,430.602,0.261
2026-08-02T13:08:43.420-07:00,10509.261,ok,current_change,244.698,1.606,114.187,419.931,435.405,0.262
2026-08-02T13:08:45.436-07:00,10511.276,ok,current_change,244.908,1.624,118.456,424.199,440.740,0.269
2026-08-02T13:08:49.460-07:00,10515.300,ok,current_change,244.928,1.606,115.254,419.397,441.808,0.268
2026-08-02T13:08:50.467-07:00,10516.307,ok,current_change,244.957,1.631,120.590,425.267,442.341,0.272
2026-08-02T13:08:51.473-07:00,10517.313,ok,current_change,244.981,1.607,115.254,419.931,435.938,0.264
2026-08-02T13:08:56.503-07:00,10522.343,ok,current_change,244.942,1.629,121.657,424.199,441.808,0.274
2026-08-02T13:09:01.532-07:00,10527.372,ok,current_change,244.791,1.587,115.254,414.595,430.602,0.269
2026-08-02T13:09:02.539-07:00,10528.379,ok,current_change,244.801,1.616,119.523,420.998,438.073,0.272
2026-08-02T13:09:05.557-07:00,10531.397,ok,current_change,244.776,1.594,116.321,415.662,432.203,0.270
2026-08-02T13:09:07.569-07:00,10533.409,ok,current_change,244.801,1.622,120.590,423.132,440.207,0.274
2026-08-02T13:09:09.586-07:00,10535.426,ok,current_change,244.830,1.601,120.590,416.729,434.337,0.277
2026-08-02T13:09:12.604-07:00,10538.444,ok,current_change,244.810,1.619,120.590,422.065,439.140,0.275
2026-08-02T13:09:13.614-07:00,10539.454,ok,current_change,244.590,1.592,119.523,414.595,431.670,0.276
2026-08-02T13:09:14.620-07:00,10540.461,ok,current_change,244.561,1.624,120.590,423.132,440.207,0.274
2026-08-02T13:09:19.650-07:00,10545.490,ok,current_change,244.933,1.641,120.590,427.934,445.009,0.271
2026-08-02T13:09:20.657-07:00,10546.497,ok,current_change,244.889,1.617,118.456,422.065,433.270,0.267
2026-08-02T13:09:24.681-07:00,10550.521,ok,current_change,244.815,1.594,113.120,416.729,432.203,0.263
2026-08-02T13:09:26.697-07:00,10552.537,ok,current_change,244.859,1.619,115.254,423.132,439.140,0.263
2026-08-02T13:09:29.715-07:00,10555.555,ok,current_change,244.840,1.591,114.187,416.196,431.670,0.264
2026-08-02T13:09:30.725-07:00,10556.565,ok,current_change,244.458,1.617,114.187,423.666,439.140,0.260
2026-08-02T13:09:32.737-07:00,10558.578,ok,current_change,244.805,1.596,109.918,418.330,432.737,0.255
2026-08-02T13:09:33.744-07:00,10559.584,ok,current_change,244.791,1.619,116.321,423.132,439.140,0.265
2026-08-02T13:09:40.785-07:00,10566.625,ok,current_change,244.874,1.592,108.851,417.263,431.670,0.252
2026-08-02T13:09:41.792-07:00,10567.632,ok,current_change,244.874,1.634,118.456,426.867,443.408,0.268
2026-08-02T13:09:43.804-07:00,10569.644,ok,current_change,244.727,1.617,119.523,425.800,442.341,0.270
2026-08-02T13:09:48.834-07:00,10574.674,ok,current_change,244.879,1.642,121.657,427.934,437.539,0.268
2026-08-02T13:09:51.852-07:00,10577.692,ok,current_change,244.996,1.621,122.724,423.132,440.740,0.278
2026-08-02T13:09:57.888-07:00,10583.728,ok,current_change,245.025,1.602,117.389,418.330,434.871,0.271
2026-08-02T13:09:59.900-07:00,10585.740,ok,current_change,244.737,1.636,121.657,426.334,432.737,0.269
2026-08-02T13:10:00.907-07:00,10586.747,ok,current_change,245.079,1.599,116.321,417.796,433.804,0.268
2026-08-02T13:10:01.913-07:00,10587.753,ok,current_change,244.722,1.619,121.657,421.531,439.140,0.276
2026-08-02T13:10:04.931-07:00,10590.771,ok,current_change,244.918,1.601,117.389,417.796,434.337,0.270
2026-08-02T13:10:05.938-07:00,10591.778,ok,current_change,244.664,1.624,114.187,424.733,440.207,0.259
2026-08-02T13:10:06.944-07:00,10592.784,ok,current_change,244.849,1.599,114.187,418.330,433.804,0.263
2026-08-02T13:10:07.951-07:00,10593.791,ok,current_change,244.986,1.621,114.187,424.199,434.337,0.256
2026-08-02T13:10:10.969-07:00,10596.809,ok,current_change,245.011,1.589,117.389,423.132,439.140,0.267
2026-08-02T13:10:15.998-07:00,10601.839,ok,current_change,245.192,1.607,110.985,421.531,436.472,0.255
2026-08-02T13:10:17.011-07:00,10602.851,ok,current_change,245.006,1.636,118.456,427.401,443.942,0.268
2026-08-02T13:10:18.018-07:00,10603.858,ok,current_change,244.786,1.602,117.389,424.733,441.274,0.267
2026-08-02T13:10:19.024-07:00,10604.864,ok,current_change,244.977,1.632,118.456,426.334,442.875,0.267
2026-08-02T13:10:21.036-07:00,10606.877,ok,current_change,245.045,1.609,118.456,419.931,436.472,0.271
2026-08-02T13:10:22.046-07:00,10607.886,ok,current_change,244.913,1.627,120.590,424.199,441.274,0.274
2026-08-02T13:10:24.059-07:00,10609.899,ok,current_change,244.962,1.597,116.321,416.729,433.270,0.270
2026-08-02T13:10:25.065-07:00,10610.905,ok,current_change,244.937,1.634,122.724,425.800,443.408,0.276
2026-08-02T13:10:27.077-07:00,10612.917,ok,current_change,244.620,1.617,119.523,420.998,438.073,0.272
2026-08-02T13:10:31.101-07:00,10616.941,ok,current_change,244.634,1.636,115.254,417.263,433.270,0.266
2026-08-02T13:10:34.119-07:00,10619.959,ok,current_change,244.942,1.616,118.456,422.599,439.140,0.271
2026-08-02T13:10:40.155-07:00,10625.995,ok,current_change,244.884,1.632,117.389,426.867,442.875,0.266
2026-08-02T13:10:43.172-07:00,10629.013,ok,current_change,244.903,1.611,115.254,420.998,437.005,0.265
2026-08-02T13:10:50.214-07:00,10636.054,ok,current_change,244.898,1.627,120.590,424.199,441.274,0.274
2026-08-02T13:10:56.249-07:00,10642.089,ok,current_change,244.600,1.644,122.724,427.934,445.543,0.275
2026-08-02T13:10:57.256-07:00,10643.096,ok,current_change,244.908,1.624,117.389,418.330,434.871,0.271
2026-08-02T13:11:00.274-07:00,10646.114,ok,current_change,244.717,1.606,115.254,423.132,438.606,0.263
2026-08-02T13:11:07.315-07:00,10653.155,ok,current_change,244.879,1.632,117.389,426.867,442.875,0.266
2026-08-02T13:11:15.362-07:00,10661.202,ok,current_change,244.801,1.611,119.523,419.931,437.005,0.274
2026-08-02T13:11:16.369-07:00,10662.209,ok,current_change,244.937,1.634,120.590,426.334,443.408,0.271
2026-08-02T13:11:20.393-07:00,10666.233,ok,current_change,244.952,1.614,118.456,421.531,442.875,0.275
2026-08-02T13:11:23.413-07:00,10669.253,ok,current_change,244.678,1.632,116.321,426.334,442.341,0.263
2026-08-02T13:11:26.431-07:00,10672.271,ok,current_change,244.815,1.599,112.053,418.864,433.804,0.258
2026-08-02T13:11:27.437-07:00,10673.278,ok,current_change,244.864,1.639,115.254,429.002,444.476,0.259
2026-08-02T13:11:28.444-07:00,10674.284,ok,current_change,244.893,1.609,117.389,425.800,441.808,0.266
2026-08-02T13:11:32.468-07:00,10678.308,ok,current_change,244.639,1.636,119.523,426.334,443.408,0.271
2026-08-02T13:11:34.480-07:00,10680.320,ok,current_change,244.659,1.681,125.926,437.539,455.681,0.275
2026-08-02T13:11:35.487-07:00,10681.327,ok,current_change,244.830,1.617,118.456,422.065,438.606,0.271
2026-08-02T13:11:36.493-07:00,10682.333,ok,current_change,244.849,1.636,119.523,426.334,437.005,0.271
2026-08-02T13:11:41.523-07:00,10687.363,ok,current_change,244.928,1.619,117.389,422.599,439.140,0.268
2026-08-02T13:11:43.535-07:00,10689.376,ok,current_change,244.928,1.599,113.120,418.330,433.804,0.261
2026-08-02T13:11:46.554-07:00,10692.394,ok,current_change,244.693,1.637,115.254,428.468,443.942,0.261
2026-08-02T13:11:48.568-07:00,10694.408,ok,current_change,244.937,1.616,110.985,424.199,438.606,0.253
2026-08-02T13:11:50.580-07:00,10696.421,ok,current_change,244.972,1.637,118.456,427.934,444.476,0.266
2026-08-02T13:11:52.593-07:00,10698.433,ok,current_change,245.006,1.621,116.321,423.666,444.476,0.268
2026-08-02T13:11:53.599-07:00,10699.439,ok,current_change,244.957,1.642,121.657,428.468,445.543,0.272
2026-08-02T13:11:54.606-07:00,10700.446,ok,current_change,244.757,1.624,121.657,422.599,440.207,0.275
2026-08-02T13:11:59.635-07:00,10705.476,ok,current_change,244.825,1.601,113.120,418.864,434.337,0.261
2026-08-02T13:12:01.648-07:00,10707.488,ok,current_change,244.903,1.641,116.321,429.535,445.009,0.261
2026-08-02T13:12:02.655-07:00,10708.495,ok,current_change,244.571,1.609,113.120,420.998,435.938,0.259
2026-08-02T13:12:03.661-07:00,10709.501,ok,current_change,244.742,1.632,114.187,426.867,442.341,0.258
2026-08-02T13:12:15.731-07:00,10721.571,ok,current_change,244.737,1.607,114.187,420.464,435.938,0.262
2026-08-02T13:12:17.744-07:00,10723.584,ok,current_change,245.109,1.626,117.389,430.069,446.076,0.264
2026-08-02T13:12:18.750-07:00,10724.590,ok,current_change,245.074,1.609,110.985,422.065,437.005,0.255
2026-08-02T13:12:19.757-07:00,10725.597,ok,current_change,244.757,1.632,113.120,427.401,442.341,0.257
2026-08-02T13:12:20.763-07:00,10726.603,ok,current_change,245.006,1.614,112.053,423.132,438.073,0.255
2026-08-02T13:12:21.771-07:00,10727.611,ok,current_change,244.703,1.632,116.321,426.334,442.341,0.264
2026-08-02T13:12:34.847-07:00,10740.687,ok,current_change,244.942,1.652,117.389,432.203,448.211,0.262
2026-08-02T13:12:35.854-07:00,10741.694,ok,current_change,245.030,1.602,108.851,420.998,434.871,0.250
2026-08-02T13:12:36.860-07:00,10742.700,ok,current_change,245.138,1.632,117.389,427.401,443.408,0.265
2026-08-02T13:12:39.878-07:00,10745.718,ok,current_change,245.128,1.609,115.254,420.998,437.005,0.265
2026-08-02T13:12:40.885-07:00,10746.725,ok,current_change,245.153,1.651,121.657,431.136,448.211,0.272
2026-08-02T13:12:43.903-07:00,10749.743,ok,current_change,244.673,1.634,119.523,425.800,442.875,0.271
2026-08-02T13:12:50.944-07:00,10756.784,ok,current_change,244.933,1.612,114.187,422.065,437.539,0.262
2026-08-02T13:12:52.956-07:00,10758.797,ok,current_change,244.923,1.631,119.523,425.267,442.341,0.271
2026-08-02T13:13:05.027-07:00,10770.867,ok,current_change,244.722,1.681,123.792,438.073,455.681,0.271
2026-08-02T13:13:06.034-07:00,10771.874,ok,current_change,244.703,1.612,117.389,420.464,437.005,0.269
2026-08-02T13:13:07.040-07:00,10772.880,ok,current_change,245.040,1.646,120.590,429.535,446.610,0.271
2026-08-02T13:13:08.047-07:00,10773.887,ok,current_change,244.713,1.622,119.523,422.599,439.673,0.271
2026-08-02T13:13:09.053-07:00,10774.893,ok,current_change,244.928,1.642,119.523,429.002,442.341,0.262
2026-08-02T13:13:11.066-07:00,10776.906,ok,current_change,244.928,1.614,113.120,422.599,438.073,0.259
2026-08-02T13:13:13.078-07:00,10778.918,ok,current_change,244.972,1.637,115.254,429.002,444.476,0.259
2026-08-02T13:13:19.113-07:00,10784.954,ok,current_change,244.698,1.602,116.321,418.330,434.337,0.268
2026-08-02T13:13:21.126-07:00,10786.966,ok,current_change,244.996,1.619,120.590,422.065,437.539,0.269
2026-08-02T13:13:26.155-07:00,10791.996,ok,current_change,244.708,1.637,115.254,428.468,443.942,0.261
2026-08-02T13:13:30.179-07:00,10796.019,ok,current_change,245.050,1.621,115.254,424.733,440.207,0.262
2026-08-02T13:13:31.186-07:00,10797.026,ok,current_change,245.094,1.657,121.657,432.737,449.811,0.271
2026-08-02T13:13:34.204-07:00,10800.044,ok,current_change,244.986,1.621,118.456,423.132,439.673,0.269
2026-08-02T13:13:35.211-07:00,10801.051,ok,current_change,244.845,1.659,118.456,433.804,439.673,0.258
2026-08-02T13:13:36.217-07:00,10802.057,ok,current_change,244.776,1.637,118.456,427.401,443.942,0.268
2026-08-02T13:13:38.229-07:00,10804.070,ok,current_change,245.040,1.614,112.053,423.132,447.677,0.263
2026-08-02T13:13:39.236-07:00,10805.076,ok,current_change,244.967,1.637,114.187,429.535,444.476,0.257
2026-08-02T13:13:45.272-07:00,10811.112,ok,current_change,245.021,1.617,117.389,423.132,439.140,0.267
2026-08-02T13:13:52.313-07:00,10818.153,ok,current_change,245.006,1.646,118.456,430.602,446.610,0.265
2026-08-02T13:13:55.331-07:00,10821.171,ok,current_change,244.923,1.629,117.389,425.800,441.808,0.266
2026-08-02T13:13:59.352-07:00,10825.195,ok,current_change,244.903,1.647,114.187,431.670,447.143,0.256
2026-08-02T13:14:04.367-07:00,10830.207,ok,current_change,244.898,1.617,116.321,422.599,445.543,0.267
2026-08-02T13:14:05.374-07:00,10831.214,ok,current_change,244.639,1.666,122.724,434.337,451.412,0.271
2026-08-02T13:14:06.380-07:00,10832.221,ok,current_change,244.884,1.644,119.523,429.535,446.076,0.269
2026-08-02T13:14:07.387-07:00,10833.227,ok,current_change,244.566,1.619,117.389,422.065,438.606,0.269
2026-08-02T13:14:09.399-07:00,10835.240,ok,current_change,245.109,1.644,119.523,429.535,446.076,0.269
2026-08-02T13:14:12.419-07:00,10838.259,ok,current_change,244.771,1.617,110.985,423.666,446.610,0.263
2026-08-02T13:14:13.425-07:00,10839.265,ok,current_change,244.869,1.637,119.523,426.867,443.942,0.270
2026-08-02T13:14:14.432-07:00,10840.272,ok,current_change,244.918,1.617,116.321,422.599,438.606,0.266
2026-08-02T13:14:15.440-07:00,10841.280,ok,current_change,244.854,1.639,122.724,426.867,444.476,0.275
2026-08-02T13:14:21.476-07:00,10847.316,ok,current_change,244.937,1.614,112.053,423.132,438.073,0.255
2026-08-02T13:14:23.488-07:00,10849.328,ok,current_change,244.722,1.647,117.389,430.602,438.073,0.269
2026-08-02T13:14:25.500-07:00,10851.341,ok,current_change,244.742,1.617,116.321,422.599,438.606,0.266
2026-08-02T13:14:29.524-07:00,10855.365,ok,current_change,244.986,1.646,118.456,430.069,435.938,0.258
2026-08-02T13:14:37.572-07:00,10863.412,ok,current_change,244.952,1.629,116.321,425.800,441.808,0.264
2026-08-02T13:14:40.590-07:00,10866.430,ok,current_change,244.972,1.647,115.254,431.670,447.143,0.259
2026-08-02T13:14:42.604-07:00,10868.444,ok,current_change,244.918,1.631,118.456,425.800,442.341,0.269
2026-08-02T13:14:45.622-07:00,10871.462,ok,current_change,244.669,1.651,120.590,430.069,447.143,0.270
2026-08-02T13:14:47.636-07:00,10873.476,ok,current_change,244.977,1.621,115.254,424.199,439.673,0.262
2026-08-02T13:14:48.642-07:00,10874.482,ok,current_change,244.825,1.637,113.120,429.002,443.942,0.256
2026-08-02T13:14:55.683-07:00,10881.523,ok,current_change,244.639,1.659,119.523,433.270,439.673,0.261
2026-08-02T13:14:57.695-07:00,10883.536,ok,current_change,244.898,1.619,109.918,424.733,439.140,0.250
2026-08-02T13:14:58.702-07:00,10884.542,ok,current_change,244.952,1.637,116.321,432.737,448.744,0.260
2026-08-02T13:15:00.707-07:00,10886.551,ok,current_change,244.849,1.662,119.523,434.337,450.879,0.266
2026-08-02T13:15:03.715-07:00,10889.558,ok,current_change,244.610,1.642,121.657,427.934,445.009,0.272
2026-08-02T13:15:12.767-07:00,10898.607,ok,current_change,245.065,1.619,118.456,423.132,439.673,0.271
2026-08-02T13:15:13.774-07:00,10899.614,ok,current_change,244.874,1.651,119.523,431.136,444.476,0.264
2026-08-02T13:15:14.780-07:00,10900.620,ok,current_change,245.006,1.634,117.389,427.401,443.408,0.265
2026-08-02T13:15:15.787-07:00,10901.627,ok,current_change,244.849,1.652,114.187,433.270,448.211,0.254
2026-08-02T13:15:21.822-07:00,10907.662,ok,current_change,244.693,1.622,117.389,423.666,439.673,0.267
2026-08-02T13:15:22.829-07:00,10908.669,ok,current_change,244.835,1.652,118.456,432.203,448.211,0.264
2026-08-02T13:15:28.864-07:00,10914.704,ok,current_change,244.786,1.626,119.523,424.199,440.740,0.271
2026-08-02T13:15:29.871-07:00,10915.711,ok,current_change,244.801,1.661,121.657,433.270,450.345,0.270
2026-08-02T13:15:31.883-07:00,10917.723,ok,current_change,244.840,1.617,112.053,423.666,438.606,0.255
2026-08-02T13:15:32.889-07:00,10918.730,ok,current_change,244.693,1.639,114.187,429.002,444.476,0.258
2026-08-02T13:15:35.907-07:00,10921.748,ok,current_change,244.874,1.661,120.590,433.270,446.076,0.269
2026-08-02T13:15:37.920-07:00,10923.760,ok,current_change,244.698,1.644,120.590,428.468,445.543,0.271
2026-08-02T13:15:39.932-07:00,10925.772,ok,current_change,244.967,1.616,116.321,422.599,438.606,0.265
2026-08-02T13:15:40.940-07:00,10926.780,ok,current_change,244.942,1.651,115.254,432.203,441.274,0.251
2026-08-02T13:15:48.987-07:00,10934.827,ok,current_change,244.942,1.611,110.985,422.065,437.005,0.255
2026-08-02T13:15:49.993-07:00,10935.833,ok,current_change,244.977,1.656,116.321,433.804,449.278,0.259
2026-08-02T13:15:54.017-07:00,10939.857,ok,current_change,244.639,1.627,118.456,424.733,441.274,0.270
2026-08-02T13:15:56.031-07:00,10941.871,ok,current_change,244.683,1.656,118.456,432.737,448.744,0.264
2026-08-02T13:15:58.043-07:00,10943.883,ok,current_change,244.566,1.626,117.389,431.670,447.677,0.262
2026-08-02T13:15:59.050-07:00,10944.890,ok,current_change,244.830,1.651,118.456,431.136,447.677,0.266
2026-08-02T13:16:02.060-07:00,10947.904,ok,current_change,244.722,1.627,113.120,426.334,441.274,0.257
2026-08-02T13:16:03.063-07:00,10948.906,ok,current_change,244.884,1.652,118.456,431.670,448.211,0.265
2026-08-02T13:16:07.083-07:00,10952.923,ok,current_change,244.639,1.636,116.321,427.401,443.408,0.262
2026-08-02T13:16:08.089-07:00,10953.930,ok,current_change,244.928,1.652,119.523,431.670,448.211,0.268
2026-08-02T13:16:15.131-07:00,10960.971,ok,current_change,244.742,1.629,117.389,430.069,446.076,0.264
2026-08-02T13:16:17.143-07:00,10962.983,ok,current_change,244.625,1.654,119.523,431.670,448.211,0.268
2026-08-02T13:16:21.167-07:00,10967.007,ok,current_change,244.752,1.634,117.389,432.203,448.211,0.262
2026-08-02T13:16:22.173-07:00,10968.013,ok,current_change,244.791,1.654,116.321,432.737,448.744,0.260
2026-08-02T13:16:23.180-07:00,10969.020,ok,current_change,244.698,1.627,115.254,425.800,441.274,0.262
2026-08-02T13:16:24.186-07:00,10970.026,ok,current_change,244.693,1.661,121.657,433.270,450.345,0.271
2026-08-02T13:16:27.204-07:00,10973.044,ok,current_change,244.781,1.627,109.918,426.867,441.274,0.250
2026-08-02T13:16:30.224-07:00,10976.064,ok,current_change,244.752,1.647,119.523,430.069,446.610,0.269
2026-08-02T13:16:32.237-07:00,10978.077,ok,current_change,244.717,1.664,119.523,434.337,450.879,0.266
2026-08-02T13:16:37.268-07:00,10983.108,ok,current_change,244.458,1.644,117.389,429.002,450.879,0.269
2026-08-02T13:16:41.294-07:00,10987.134,ok,current_change,244.825,1.666,117.389,435.938,451.946,0.259
2026-08-02T13:16:43.307-07:00,10989.147,ok,current_change,244.869,1.624,109.918,426.334,440.740,0.249
2026-08-02T13:16:44.313-07:00,10990.153,ok,current_change,244.835,1.662,120.590,433.804,450.879,0.269
2026-08-02T13:16:46.326-07:00,10992.166,ok,current_change,244.664,1.632,116.321,426.334,442.341,0.264
2026-08-02T13:16:48.338-07:00,10994.178,ok,current_change,244.678,1.649,118.456,431.136,442.875,0.254
2026-08-02T13:16:51.357-07:00,10997.197,ok,current_change,244.370,1.666,121.657,437.539,454.614,0.269
2026-08-02T13:16:55.381-07:00,11001.221,ok,current_change,244.732,1.637,112.053,429.535,443.942,0.252
2026-08-02T13:16:58.399-07:00,11004.239,ok,current_change,244.849,1.667,118.456,436.472,452.479,0.263
2026-08-02T13:17:00.405-07:00,11006.248,ok,current_change,244.820,1.632,116.321,426.867,442.875,0.262
2026-08-02T13:17:03.412-07:00,11009.256,ok,current_change,244.483,1.652,116.321,432.203,447.677,0.260
2026-08-02T13:17:06.430-07:00,11012.270,ok,current_change,244.571,1.626,114.187,425.267,440.740,0.259
2026-08-02T13:17:09.448-07:00,11015.288,ok,current_change,244.913,1.654,114.187,433.804,448.744,0.255
2026-08-02T13:17:12.466-07:00,11018.306,ok,current_change,244.546,1.672,119.523,436.472,453.013,0.265
2026-08-02T13:17:15.484-07:00,11021.324,ok,current_change,244.625,1.646,118.456,429.535,446.076,0.265
2026-08-02T13:17:16.491-07:00,11022.331,ok,current_change,244.585,1.666,116.321,435.938,451.412,0.259
2026-08-02T13:17:18.503-07:00,11024.343,ok,current_change,244.849,1.629,113.120,426.867,441.808,0.256
2026-08-02T13:17:19.510-07:00,11025.350,ok,current_change,244.830,1.657,120.590,432.203,449.278,0.270
2026-08-02T13:17:22.528-07:00,11028.368,ok,current_change,244.889,1.624,117.389,424.733,440.740,0.266
2026-08-02T13:17:23.534-07:00,11029.374,ok,current_change,244.801,1.661,115.254,434.871,450.345,0.257
2026-08-02T13:17:25.547-07:00,11031.387,ok,current_change,244.615,1.644,109.918,431.136,445.543,0.247
2026-08-02T13:17:28.565-07:00,11034.405,ok,current_change,244.507,1.669,121.657,434.871,453.547,0.267
2026-08-02T13:17:29.571-07:00,11035.411,ok,current_change,244.444,1.647,115.254,430.602,446.076,0.259
2026-08-02T13:17:31.584-07:00,11037.424,ok,current_change,244.590,1.667,113.120,426.867,441.808,0.256
2026-08-02T13:17:34.602-07:00,11040.442,ok,current_change,244.502,1.632,120.590,431.670,448.744,0.270
2026-08-02T13:17:36.614-07:00,11042.454,ok,current_change,244.649,1.664,118.456,434.871,450.879,0.263
2026-08-02T13:17:37.621-07:00,11043.461,ok,current_change,244.825,1.631,107.784,429.002,442.341,0.243
2026-08-02T13:17:38.627-07:00,11044.467,ok,current_change,244.766,1.664,118.456,435.405,451.412,0.262
2026-08-02T13:17:41.645-07:00,11047.485,ok,current_change,244.537,1.636,119.523,426.334,442.875,0.270
2026-08-02T13:17:42.652-07:00,11048.492,ok,current_change,244.483,1.664,121.657,433.804,448.744,0.263
2026-08-02T13:17:43.658-07:00,11049.498,ok,current_change,244.933,1.644,115.254,430.602,446.076,0.259
2026-08-02T13:17:44.665-07:00,11050.505,ok,current_change,244.620,1.664,113.120,435.938,450.879,0.250
2026-08-02T13:17:48.689-07:00,11054.529,ok,current_change,244.801,1.627,119.523,430.069,446.610,0.269
2026-08-02T13:17:49.695-07:00,11055.535,ok,current_change,244.845,1.661,119.523,433.804,450.345,0.265
2026-08-02T13:17:57.742-07:00,11063.582,ok,current_change,244.849,1.641,114.187,431.670,447.143,0.256
2026-08-02T13:18:02.772-07:00,11068.612,ok,current_change,244.532,1.661,122.724,432.737,449.811,0.272
2026-08-02T13:18:03.780-07:00,11069.621,ok,current_change,244.585,1.641,110.985,430.069,444.476,0.250
2026-08-02T13:18:06.799-07:00,11072.639,ok,current_change,244.820,1.661,119.523,433.804,450.345,0.266
2026-08-02T13:18:07.805-07:00,11073.645,ok,current_change,244.830,1.631,116.321,426.334,442.341,0.263
2026-08-02T13:18:08.814-07:00,11074.654,ok,current_change,244.595,1.669,117.389,426.867,442.875,0.266
2026-08-02T13:18:13.843-07:00,11079.683,ok,current_change,244.610,1.629,117.389,425.267,441.274,0.266
2026-08-02T13:18:15.856-07:00,11081.696,ok,current_change,244.664,1.661,119.523,433.804,450.345,0.266
2026-08-02T13:18:22.897-07:00,11088.737,ok,current_change,244.541,1.642,114.187,430.069,445.009,0.256
2026-08-02T13:18:23.903-07:00,11089.743,ok,current_change,244.478,1.661,116.321,434.337,449.811,0.261
2026-08-02T13:18:24.910-07:00,11090.750,ok,current_change,244.722,1.644,110.985,431.136,445.543,0.249
2026-08-02T13:18:25.916-07:00,11091.756,ok,current_change,244.625,1.664,118.456,434.871,450.879,0.263
2026-08-02T13:18:26.923-07:00,11092.763,ok,current_change,244.439,1.647,118.456,429.535,446.076,0.265
2026-08-02T13:18:32.958-07:00,11098.798,ok,current_change,244.708,1.671,114.187,428.468,443.942,0.258
2026-08-02T13:18:33.965-07:00,11099.805,ok,current_change,244.708,1.652,123.792,430.069,447.677,0.276
2026-08-02T13:18:37.989-07:00,11103.829,ok,current_change,244.532,1.669,116.321,436.472,451.946,0.258
2026-08-02T13:18:42.013-07:00,11107.853,ok,current_change,244.576,1.649,116.321,430.602,446.610,0.261
2026-08-02T13:18:43.019-07:00,11108.860,ok,current_change,244.815,1.624,113.120,425.267,440.207,0.257
2026-08-02T13:18:45.033-07:00,11110.873,ok,current_change,244.507,1.669,120.590,435.405,451.946,0.267
2026-08-02T13:18:46.039-07:00,11111.879,ok,current_change,244.600,1.637,116.321,427.934,443.942,0.262
2026-08-02T13:18:49.057-07:00,11114.898,ok,current_change,244.649,1.657,114.187,434.337,449.278,0.255
2026-08-02T13:18:52.076-07:00,11117.916,ok,current_change,244.478,1.702,122.724,443.942,459.416,0.267
2026-08-02T13:18:53.082-07:00,11118.922,ok,current_change,244.654,1.636,117.389,427.401,443.408,0.265
2026-08-02T13:18:54.088-07:00,11119.929,ok,current_change,244.766,1.661,119.523,433.804,450.345,0.266
2026-08-02T13:18:55.097-07:00,11120.937,ok,current_change,244.918,1.636,113.120,429.002,443.942,0.254
2026-08-02T13:18:58.115-07:00,11123.955,ok,current_change|voltage_change,243.906,1.672,122.724,434.871,451.946,0.271
2026-08-02T13:18:59.121-07:00,11124.961,ok,current_change,244.551,1.647,116.321,430.069,446.076,0.262
2026-08-02T13:19:04.136-07:00,11129.979,ok,current_change,244.229,1.677,122.724,437.005,454.080,0.270
2026-08-02T13:19:05.144-07:00,11130.984,ok,current_change,244.830,1.646,119.523,431.670,448.211,0.267
2026-08-02T13:19:06.151-07:00,11131.991,ok,current_change|voltage_change,243.818,1.664,115.254,434.337,449.811,0.257
2026-08-02T13:19:07.157-07:00,11132.997,ok,current_change,244.209,1.634,112.053,427.401,442.341,0.254
2026-08-02T13:19:08.164-07:00,11134.004,ok,current_change,244.165,1.664,114.187,435.405,450.345,0.254
2026-08-02T13:19:10.176-07:00,11136.016,ok,current_change,244.776,1.642,119.523,429.002,449.278,0.270
2026-08-02T13:19:11.183-07:00,11137.023,ok,current_change,244.840,1.669,120.590,435.938,452.479,0.266
2026-08-02T13:19:13.195-07:00,11139.035,ok,current_change,244.805,1.627,114.187,438.073,453.013,0.253
2026-08-02T13:19:14.201-07:00,11140.042,ok,current_change,244.717,1.664,117.389,434.871,450.879,0.260
2026-08-02T13:19:17.219-07:00,11143.060,ok,current_change,244.581,1.637,116.321,427.401,443.408,0.262
2026-08-02T13:19:18.226-07:00,11144.066,ok,current_change,245.099,1.656,112.053,434.871,449.278,0.250
2026-08-02T13:19:21.244-07:00,11147.084,ok,voltage_change,244.077,1.652,118.456,431.136,447.143,0.265
2026-08-02T13:19:24.262-07:00,11150.102,ok,current_change,244.473,1.674,117.389,437.539,453.547,0.260
2026-08-02T13:19:25.269-07:00,11151.109,ok,current_change,244.717,1.642,114.187,429.535,445.009,0.257
2026-08-02T13:19:26.275-07:00,11152.115,ok,current_change,244.517,1.667,122.724,433.804,451.412,0.272
2026-08-02T13:19:30.299-07:00,11156.139,ok,current_change,244.791,1.641,109.918,430.602,452.479,0.248
2026-08-02T13:19:31.306-07:00,11157.146,ok,current_change,244.497,1.672,120.590,436.472,453.013,0.266
2026-08-02T13:19:33.318-07:00,11159.158,ok,current_change,244.439,1.644,116.321,429.535,450.879,0.270
2026-08-02T13:19:34.324-07:00,11160.164,ok,current_change,244.444,1.671,119.523,435.938,452.479,0.264
2026-08-02T13:19:36.336-07:00,11162.177,ok,current_change,244.933,1.639,116.321,437.005,452.479,0.258
2026-08-02T13:19:37.343-07:00,11163.183,ok,current_change,244.884,1.689,121.657,441.808,458.349,0.265
2026-08-02T13:19:39.355-07:00,11165.195,ok,current_change,244.551,1.646,117.389,430.069,446.076,0.263
2026-08-02T13:19:41.367-07:00,11167.208,ok,current_change,244.898,1.669,118.456,437.005,453.013,0.262
2026-08-02T13:19:44.385-07:00,11170.226,ok,current_change,244.952,1.642,117.389,429.535,451.412,0.271
2026-08-02T13:19:47.403-07:00,11173.244,ok,current_change,244.889,1.672,113.120,438.606,442.875,0.250
2026-08-02T13:19:49.416-07:00,11175.256,ok,current_change,244.610,1.629,117.389,425.267,441.274,0.266
2026-08-02T13:19:50.422-07:00,11176.262,ok,current_change,244.805,1.672,120.590,437.005,453.547,0.266
2026-08-02T13:19:53.440-07:00,11179.280,ok,current_change,244.576,1.642,118.456,437.539,453.547,0.262
2026-08-02T13:19:56.459-07:00,11182.299,ok,current_change,244.835,1.661,114.187,431.136,446.610,0.257
2026-08-02T13:19:57.465-07:00,11183.305,ok,current_change,244.849,1.634,107.784,429.535,443.408,0.244
2026-08-02T13:20:00.476-07:00,11186.320,ok,current_change,244.106,1.661,119.523,432.737,449.278,0.266
2026-08-02T13:20:03.484-07:00,11189.327,ok,voltage_change,245.182,1.664,116.321,436.472,451.946,0.257
2026-08-02T13:20:05.496-07:00,11191.336,ok,current_change,244.791,1.646,120.590,437.539,454.080,0.265
2026-08-02T13:20:07.509-07:00,11193.349,ok,current_change,245.016,1.667,119.523,435.938,452.479,0.264
2026-08-02T13:20:11.533-07:00,11197.373,ok,current_change,244.507,1.651,115.254,431.670,447.143,0.259
2026-08-02T13:20:14.551-07:00,11200.391,ok,current_change,244.268,1.676,115.254,438.073,453.547,0.255
2026-08-02T13:20:15.557-07:00,11201.397,ok,current_change,244.058,1.654,116.321,431.670,447.143,0.260
2026-08-02T13:20:16.564-07:00,11202.404,ok,current_change,244.038,1.676,121.657,435.938,453.013,0.268
2026-08-02T13:20:18.578-07:00,11204.418,ok,current_change,244.996,1.654,116.321,432.737,448.744,0.260
2026-08-02T13:20:20.590-07:00,11206.430,ok,current_change,244.781,1.679,120.590,438.606,455.147,0.265
2026-08-02T13:20:23.608-07:00,11209.448,ok,current_change,245.045,1.656,117.389,433.270,449.278,0.262
2026-08-02T13:20:27.632-07:00,11213.472,ok,current_change,244.669,1.679,119.523,438.606,455.147,0.264
2026-08-02T13:20:37.691-07:00,11223.531,ok,current_change,244.903,1.709,124.859,446.076,463.685,0.269
2026-08-02T13:20:38.697-07:00,11224.537,ok,current_change,244.581,1.676,120.590,437.539,454.080,0.267
2026-08-02T13:20:39.704-07:00,11225.544,ok,current_change,244.771,1.652,112.053,433.804,448.211,0.251
2026-08-02T13:20:41.716-07:00,11227.556,ok,current_change,244.620,1.684,116.321,440.740,456.214,0.256
2026-08-02T13:20:42.722-07:00,11228.563,ok,current_change,244.693,1.647,119.523,430.069,446.610,0.268
2026-08-02T13:20:43.729-07:00,11229.569,ok,current_change,244.532,1.676,117.389,429.535,445.543,0.263
2026-08-02T13:20:44.735-07:00,11230.575,ok,current_change,244.815,1.639,114.187,429.535,444.476,0.257
2026-08-02T13:20:45.742-07:00,11231.582,ok,current_change,244.527,1.671,117.389,436.472,452.479,0.259
2026-08-02T13:20:52.783-07:00,11238.623,ok,current_change,244.581,1.689,123.792,440.740,457.815,0.270
2026-08-02T13:20:53.789-07:00,11239.630,ok,current_change,244.546,1.642,117.389,429.002,445.009,0.265
2026-08-02T13:20:54.796-07:00,11240.636,ok,current_change,244.918,1.674,118.456,438.073,454.080,0.261
2026-08-02T13:20:55.802-07:00,11241.642,ok,current_change,244.952,1.651,113.120,432.737,447.677,0.252
2026-08-02T13:20:56.811-07:00,11242.651,ok,current_change,244.952,1.677,116.321,439.673,455.147,0.255
2026-08-02T13:20:59.825-07:00,11245.669,ok,current_change,244.571,1.656,117.389,432.737,448.744,0.263
2026-08-02T13:21:05.847-07:00,11251.687,ok,current_change,244.693,1.672,114.187,438.606,453.547,0.251
2026-08-02T13:21:08.865-07:00,11254.705,ok,current_change,244.854,1.631,116.321,426.334,442.341,0.264
2026-08-02T13:21:09.871-07:00,11255.712,ok,current_change,244.717,1.676,120.590,441.274,457.815,0.263
2026-08-02T13:21:19.930-07:00,11265.770,ok,current_change,244.566,1.652,114.187,432.203,447.677,0.256
2026-08-02T13:21:21.943-07:00,11267.783,ok,current_change,244.654,1.677,115.254,439.673,454.614,0.253
2026-08-02T13:21:23.955-07:00,11269.795,ok,current_change,244.727,1.661,119.523,433.804,450.345,0.265
2026-08-02T13:21:28.985-07:00,11274.825,ok,current_change,244.776,1.677,123.792,437.005,454.614,0.271
2026-08-02T13:21:36.026-07:00,11281.866,ok,current_change,244.410,1.649,113.120,431.670,453.547,0.253
2026-08-02T13:21:37.032-07:00,11282.873,ok,current_change,244.805,1.674,115.254,438.606,454.080,0.255
2026-08-02T13:21:39.045-07:00,11284.885,ok,current_change,244.585,1.651,120.590,433.804,450.345,0.268
2026-08-02T13:21:41.057-07:00,11286.897,ok,current_change,244.801,1.677,117.389,438.606,454.614,0.259
2026-08-02T13:21:42.063-07:00,11287.904,ok,current_change,244.732,1.652,114.187,438.606,453.547,0.251
2026-08-02T13:21:46.087-07:00,11291.927,ok,current_change,244.884,1.681,115.254,440.207,455.681,0.254
2026-08-02T13:21:47.097-07:00,11292.937,ok,current_change,244.864,1.659,115.254,439.673,455.147,0.254
2026-08-02T13:21:48.104-07:00,11293.944,ok,current_change,244.620,1.682,121.657,438.606,455.681,0.268
2026-08-02T13:21:49.110-07:00,11294.950,ok,current_change,244.566,1.649,118.456,430.602,446.610,0.265
2026-08-02T13:21:50.117-07:00,11295.957,ok,current_change,244.805,1.687,119.523,441.274,457.815,0.262
2026-08-02T13:21:52.129-07:00,11297.969,ok,current_change,244.620,1.666,115.254,435.938,451.412,0.255
2026-08-02T13:21:56.153-07:00,11301.993,ok,current_change,244.512,1.649,112.053,431.670,446.610,0.252
2026-08-02T13:21:57.159-07:00,11302.999,ok,current_change,244.571,1.676,117.389,438.073,454.080,0.259
2026-08-02T13:22:00.172-07:00,11306.015,ok,current_change,244.527,1.659,109.918,435.405,449.278,0.245
2026-08-02T13:22:01.175-07:00,11307.018,ok,current_change,244.766,1.687,118.456,441.274,457.282,0.259
2026-08-02T13:22:06.197-07:00,11312.037,ok,current_change,244.502,1.669,117.389,435.938,451.946,0.261
2026-08-02T13:22:09.215-07:00,11315.055,ok,current_change,244.581,1.651,117.389,431.136,447.143,0.264
2026-08-02T13:22:10.222-07:00,11316.062,ok,current_change,244.815,1.677,114.187,440.207,445.009,0.240
2026-08-02T13:22:20.280-07:00,11326.121,ok,current_change,244.693,1.642,108.851,431.136,445.009,0.245
2026-08-02T13:22:23.299-07:00,11329.139,ok,current_change,244.830,1.669,120.590,435.938,452.479,0.268
2026-08-02T13:22:28.328-07:00,11334.168,ok,current_change,244.761,1.686,117.389,440.740,456.748,0.258
2026-08-02T13:22:29.335-07:00,11335.175,ok,current_change,244.825,1.656,114.187,434.337,449.278,0.254
2026-08-02T13:22:30.341-07:00,11336.182,ok,current_change,244.825,1.676,113.120,439.673,454.614,0.250
2026-08-02T13:22:33.359-07:00,11339.200,ok,current_change,244.654,1.647,113.120,431.670,446.610,0.253
2026-08-02T13:22:34.377-07:00,11340.217,ok,current_change,244.918,1.677,116.321,439.673,455.147,0.256
2026-08-02T13:22:35.384-07:00,11341.224,ok,current_change,244.717,1.651,112.053,433.270,447.677,0.251
2026-08-02T13:22:36.390-07:00,11342.231,ok,current_change,244.893,1.684,122.724,439.673,456.748,0.269
2026-08-02T13:22:37.397-07:00,11343.237,ok,current_change,244.815,1.664,119.523,434.871,456.214,0.263
2026-08-02T13:22:38.403-07:00,11344.243,ok,current_change,244.889,1.641,109.918,431.136,445.009,0.246
2026-08-02T13:22:39.410-07:00,11345.250,ok,current_change,244.541,1.682,118.456,439.673,455.681,0.260
2026-08-02T13:22:40.416-07:00,11346.257,ok,current_change,244.786,1.664,119.523,440.740,456.748,0.261
2026-08-02T13:22:43.435-07:00,11349.275,ok,current_change,244.771,1.689,113.120,443.408,457.815,0.248
2026-08-02T13:22:45.449-07:00,11351.289,ok,current_change,244.458,1.667,118.456,435.405,454.614,0.263
2026-08-02T13:22:46.455-07:00,11352.295,ok,current_change,244.453,1.686,121.657,440.207,456.748,0.266
2026-08-02T13:22:50.479-07:00,11356.319,ok,current_change,244.717,1.656,116.321,432.737,448.744,0.260
2026-08-02T13:22:51.485-07:00,11357.326,ok,current_change,244.410,1.674,118.456,440.207,456.214,0.259
2026-08-02T13:22:58.527-07:00,11364.367,ok,current_change,244.507,1.657,115.254,433.270,448.744,0.257
2026-08-02T13:22:59.533-07:00,11365.373,ok,current_change,244.874,1.681,122.724,438.606,455.681,0.270
2026-08-02T13:23:02.552-07:00,11368.392,ok,current_change,244.757,1.664,113.120,436.472,451.412,0.251
2026-08-02T13:23:04.564-07:00,11370.404,ok,current_change,244.546,1.687,120.590,440.740,457.282,0.265
2026-08-02T13:23:06.576-07:00,11372.416,ok,current_change,244.458,1.664,113.120,435.938,450.879,0.250
2026-08-02T13:23:12.612-07:00,11378.452,ok,current_change,244.742,1.687,118.456,441.274,457.282,0.260
2026-08-02T13:23:15.630-07:00,11381.470,ok,current_change,244.776,1.661,114.187,435.405,450.345,0.254
2026-08-02T13:23:16.637-07:00,11382.477,ok,current_change,244.458,1.681,115.254,439.673,455.147,0.254
2026-08-02T13:23:20.661-07:00,11386.501,ok,current_change,244.693,1.657,117.389,442.875,458.349,0.257
2026-08-02T13:23:22.673-07:00,11388.513,ok,current_change,244.761,1.712,123.792,447.143,464.218,0.268
2026-08-02T13:23:23.680-07:00,11389.520,ok,current_change,244.757,1.679,117.389,439.673,455.681,0.258
2026-08-02T13:23:29.715-07:00,11395.555,ok,current_change,244.805,1.657,116.321,440.740,456.214,0.255
2026-08-02T13:23:30.722-07:00,11396.562,ok,current_change,244.507,1.687,122.724,440.207,457.282,0.270
2026-08-02T13:23:31.728-07:00,11397.568,ok,current_change,244.835,1.659,117.389,433.804,449.811,0.261
2026-08-02T13:23:33.740-07:00,11399.581,ok,current_change,244.796,1.695,117.389,444.476,459.950,0.256
2026-08-02T13:23:34.747-07:00,11400.587,ok,current_change,244.546,1.669,115.254,436.472,451.946,0.255
2026-08-02T13:23:37.766-07:00,11403.606,ok,current_change,244.766,1.687,113.120,442.875,446.610,0.249
2026-08-02T13:23:38.773-07:00,11404.613,ok,current_change,244.473,1.656,115.254,432.737,448.211,0.257
2026-08-02T13:23:39.779-07:00,11405.619,ok,current_change,244.488,1.674,119.523,437.005,453.547,0.265
2026-08-02T13:23:43.805-07:00,11409.645,ok,current_change,244.473,1.694,123.792,441.274,458.882,0.271
2026-08-02T13:23:44.811-07:00,11410.651,ok,current_change,244.497,1.676,121.657,437.005,454.080,0.268
2026-08-02T13:23:50.848-07:00,11416.688,ok,current_change,244.805,1.654,109.918,434.871,448.744,0.246
2026-08-02T13:23:51.855-07:00,11417.695,ok,current_change,244.571,1.672,115.254,437.539,453.013,0.255
2026-08-02T13:23:56.884-07:00,11422.725,ok,current_change,244.585,1.702,122.724,443.942,461.017,0.266
2026-08-02T13:23:57.891-07:00,11423.731,ok,current_change,244.346,1.657,116.321,432.737,448.744,0.260
2026-08-02T13:24:00.902-07:00,11426.746,ok,current_change,244.561,1.689,114.187,432.203,447.677,0.256
2026-08-02T13:24:01.905-07:00,11427.748,ok,current_change,244.419,1.669,118.456,435.938,451.946,0.262
2026-08-02T13:24:02.908-07:00,11428.751,ok,current_change,244.512,1.687,122.724,440.207,457.282,0.268
2026-08-02T13:24:07.934-07:00,11433.774,ok,current_change,244.532,1.664,115.254,435.405,450.879,0.255
2026-08-02T13:24:08.943-07:00,11434.783,ok,current_change,244.664,1.689,113.120,443.408,457.815,0.247
2026-08-02T13:24:09.949-07:00,11435.789,ok,current_change,244.757,1.661,118.456,434.337,450.345,0.263
2026-08-02T13:24:11.961-07:00,11437.801,ok,current_change,244.727,1.677,118.456,438.606,454.614,0.260
2026-08-02T13:24:12.968-07:00,11438.808,ok,current_change,244.757,1.654,112.053,433.804,448.211,0.250
2026-08-02T13:24:13.976-07:00,11439.816,ok,current_change,244.703,1.684,117.389,437.539,453.547,0.260
2026-08-02T13:24:26.046-07:00,11451.886,ok,current_change,244.796,1.662,117.389,443.408,458.882,0.257
2026-08-02T13:24:29.064-07:00,11454.904,ok,current_change,244.747,1.679,118.456,437.539,453.547,0.262
2026-08-02T13:24:41.135-07:00,11466.975,ok,current_change,244.683,1.661,120.590,442.341,458.882,0.264
2026-08-02T13:24:44.153-07:00,11469.993,ok,current_change,244.473,1.684,116.321,433.804,449.278,0.259
2026-08-02T13:24:50.188-07:00,11476.028,ok,current_change,244.453,1.661,122.724,436.472,453.547,0.271
2026-08-02T13:24:52.201-07:00,11478.041,ok,current_change,244.669,1.686,117.389,440.740,456.748,0.258
2026-08-02T13:24:53.207-07:00,11479.047,ok,current_change,244.776,1.657,122.724,439.140,456.214,0.269
2026-08-02T13:24:54.214-07:00,11480.054,ok,current_change,244.742,1.687,123.792,440.207,457.282,0.271
2026-08-02T13:24:57.232-07:00,11483.072,ok,current_change,244.434,1.709,121.657,446.076,462.617,0.264
2026-08-02T13:24:58.239-07:00,11484.079,ok,current_change,244.820,1.684,120.590,440.207,456.748,0.265
2026-08-02T13:25:03.251-07:00,11489.095,ok,current_change,244.757,1.659,119.523,433.270,449.811,0.267
2026-08-02T13:25:05.263-07:00,11491.103,ok,current_change,244.693,1.690,120.590,441.808,458.349,0.263
2026-08-02T13:25:10.293-07:00,11496.133,ok,current_change,244.522,1.666,119.523,434.871,459.950,0.269
2026-08-02T13:25:13.311-07:00,11499.151,ok,current_change,244.483,1.695,118.456,443.408,451.412,0.254
2026-08-02T13:25:16.329-07:00,11502.169,ok,current_change,244.356,1.677,117.389,439.673,455.681,0.258
2026-08-02T13:25:17.335-07:00,11503.176,ok,current_change,244.727,1.661,112.053,435.938,450.345,0.248
2026-08-02T13:25:19.348-07:00,11505.188,ok,current_change,244.722,1.679,124.859,439.673,457.282,0.273
2026-08-02T13:25:20.354-07:00,11506.194,ok,current_change,244.493,1.661,113.120,434.871,449.811,0.252
2026-08-02T13:25:21.361-07:00,11507.201,ok,current_change,244.708,1.687,116.321,441.808,457.282,0.254
2026-08-02T13:25:23.375-07:00,11509.215,ok,current_change,244.434,1.709,121.657,446.076,462.617,0.264
2026-08-02T13:25:24.381-07:00,11510.221,ok,current_change,244.449,1.686,121.657,440.207,456.748,0.261
2026-08-02T13:25:46.509-07:00,11532.350,ok,current_change,244.908,1.659,112.053,435.405,449.811,0.250
2026-08-02T13:25:47.516-07:00,11533.356,ok,current_change,244.874,1.689,122.724,441.274,458.349,0.269
2026-08-02T13:25:48.523-07:00,11534.363,ok,current_change,244.766,1.671,120.590,436.472,456.748,0.264
2026-08-02T13:25:50.535-07:00,11536.375,ok,current_change,244.502,1.689,117.389,441.808,457.282,0.256
2026-08-02T13:25:53.553-07:00,11539.393,ok,current_change,244.840,1.722,120.590,450.879,466.886,0.258
2026-08-02T13:25:54.560-07:00,11540.400,ok,current_change,244.713,1.684,114.187,437.005,451.946,0.252
2026-08-02T13:25:56.572-07:00,11542.412,ok,current_change,244.776,1.662,117.389,434.871,450.879,0.260
2026-08-02T13:25:57.578-07:00,11543.419,ok,current_change,244.713,1.687,109.918,434.871,448.744,0.244
2026-08-02T13:26:00.596-07:00,11546.437,ok,current_change,244.571,1.659,116.321,441.274,456.748,0.255
2026-08-02T13:26:01.603-07:00,11547.443,ok,current_change,244.571,1.692,116.321,442.875,458.349,0.253
2026-08-02T13:26:11.662-07:00,11557.502,ok,current_change,244.483,1.666,116.321,435.938,451.412,0.259
2026-08-02T13:26:15.686-07:00,11561.526,ok,current_change,244.522,1.692,122.724,441.274,458.349,0.268
2026-08-02T13:26:16.692-07:00,11562.533,ok,current_change,244.463,1.669,116.321,436.472,451.946,0.257
2026-08-02T13:26:18.707-07:00,11564.547,ok,current_change,244.713,1.694,118.456,443.408,459.416,0.259
2026-08-02T13:26:20.719-07:00,11566.559,ok,current_change,244.693,1.656,114.187,433.804,448.744,0.255
2026-08-02T13:26:21.725-07:00,11567.566,ok,current_change,244.434,1.687,112.053,442.341,456.748,0.246
2026-08-02T13:26:28.768-07:00,11574.609,ok,current_change,244.830,1.666,117.389,442.875,458.349,0.257
2026-08-02T13:26:29.775-07:00,11575.615,ok,current_change,244.566,1.694,115.254,443.942,458.882,0.251
2026-08-02T13:26:31.787-07:00,11577.627,ok,current_change,244.747,1.669,117.389,436.472,452.479,0.260
2026-08-02T13:26:32.794-07:00,11578.634,ok,current_change,244.722,1.694,117.389,443.942,459.416,0.255
2026-08-02T13:26:34.806-07:00,11580.646,ok,current_change,244.703,1.677,118.456,438.606,454.614,0.262
2026-08-02T13:26:35.812-07:00,11581.653,ok,current_change,244.488,1.694,121.657,442.341,458.882,0.265
2026-08-02T13:26:40.842-07:00,11586.682,ok,current_change,244.713,1.677,112.053,440.207,454.614,0.246
2026-08-02T13:26:44.866-07:00,11590.706,ok,current_change,244.605,1.695,116.321,443.942,459.416,0.254
2026-08-02T13:26:48.890-07:00,11594.730,ok,current_change,244.566,1.667,108.851,438.606,457.815,0.250
2026-08-02T13:26:49.897-07:00,11595.737,ok,current_change,244.551,1.697,120.590,443.408,459.950,0.263
2026-08-02T13:26:54.927-07:00,11600.767,ok,current_change,244.659,1.679,118.456,439.140,460.483,0.262
2026-08-02T13:26:55.933-07:00,11601.773,ok,current_change,244.610,1.662,110.985,435.938,450.345,0.246
2026-08-02T13:26:57.945-07:00,11603.785,ok,current_change,244.551,1.689,120.590,440.740,457.282,0.265
2026-08-02T13:27:05.975-07:00,11611.815,ok,current_change,244.854,1.672,120.590,437.005,453.547,0.267
2026-08-02T13:27:09.999-07:00,11615.839,ok,current_change,244.600,1.694,122.724,441.808,454.080,0.270
2026-08-02T13:27:12.011-07:00,11617.852,ok,current_change,244.468,1.662,115.254,434.871,450.345,0.256
2026-08-02T13:27:13.018-07:00,11618.858,ok,current_change,244.732,1.695,113.120,438.606,453.547,0.250
2026-08-02T13:27:14.025-07:00,11619.865,ok,current_change,244.859,1.674,120.590,437.539,454.080,0.265
2026-08-02T13:27:16.037-07:00,11621.877,ok,current_change,244.678,1.695,115.254,444.476,459.416,0.250
2026-08-02T13:27:17.043-07:00,11622.883,ok,current_change,244.493,1.679,117.389,438.606,454.614,0.259
2026-08-02T13:27:21.069-07:00,11626.909,ok,current_change,244.703,1.700,116.321,436.472,451.946,0.257
2026-08-02T13:27:29.116-07:00,11634.956,ok,current_change,244.791,1.682,119.523,439.673,456.214,0.263
2026-08-02T13:27:32.134-07:00,11637.974,ok,current_change,244.561,1.699,117.389,445.009,455.147,0.258
2026-08-02T13:27:35.152-07:00,11640.993,ok,current_change,244.854,1.672,112.053,439.140,455.147,0.252
2026-08-02T13:27:39.176-07:00,11645.017,ok,current_change,244.820,1.705,118.456,447.143,462.617,0.256
2026-08-02T13:27:41.189-07:00,11647.029,ok,current_change,244.805,1.687,118.456,441.808,457.815,0.258
2026-08-02T13:27:50.243-07:00,11656.083,ok,current_change,244.556,1.666,113.120,437.005,451.412,0.250
2026-08-02T13:27:51.249-07:00,11657.089,ok,current_change,244.581,1.697,119.523,443.942,459.950,0.260
2026-08-02T13:27:53.261-07:00,11659.102,ok,current_change,244.805,1.667,114.187,437.005,451.946,0.253
2026-08-02T13:27:54.268-07:00,11660.108,ok,current_change,244.820,1.690,113.120,443.942,458.349,0.247
2026-08-02T13:27:56.280-07:00,11662.120,ok,current_change,244.752,1.671,117.389,437.539,453.013,0.259
2026-08-02T13:27:57.287-07:00,11663.127,ok,current_change,244.566,1.694,114.187,443.942,458.882,0.250
2026-08-02T13:28:00.298-07:00,11666.142,ok,current_change,244.551,1.674,116.321,438.073,453.547,0.257
2026-08-02T13:28:01.301-07:00,11667.144,ok,current_change,244.527,1.690,117.389,442.341,457.815,0.256
2026-08-02T13:28:08.335-07:00,11674.175,ok,current_change,244.854,1.667,116.321,437.005,452.479,0.257
2026-08-02T13:28:09.342-07:00,11675.182,ok,current_change,244.805,1.695,116.321,444.476,459.950,0.252
2026-08-02T13:28:15.377-07:00,11681.217,ok,current_change,244.908,1.666,116.321,436.472,451.946,0.257
2026-08-02T13:28:16.384-07:00,11682.224,ok,current_change,244.986,1.692,110.985,445.543,459.416,0.242
2026-08-02T13:28:18.396-07:00,11684.236,ok,current_change,244.644,1.666,117.389,435.405,451.412,0.260
2026-08-02T13:28:19.403-07:00,11685.243,ok,current_change,244.815,1.682,117.389,440.207,456.214,0.258
2026-08-02T13:28:21.415-07:00,11687.255,ok,current_change,244.595,1.699,116.321,445.009,463.685,0.253
2026-08-02T13:28:23.427-07:00,11689.267,ok,current_change,244.473,1.669,116.321,436.472,451.946,0.257
2026-08-02T13:28:24.434-07:00,11690.274,ok,current_change,244.556,1.700,116.321,448.744,464.218,0.251
2026-08-02T13:28:25.440-07:00,11691.280,ok,current_change,244.781,1.677,117.389,439.140,454.614,0.258
2026-08-02T13:28:28.458-07:00,11694.298,ok,current_change,244.497,1.697,117.389,444.476,459.950,0.256
2026-08-02T13:28:38.517-07:00,11704.357,ok,current_change,244.923,1.677,116.321,439.673,455.147,0.255
2026-08-02T13:28:39.524-07:00,11705.364,ok,current_change,244.889,1.700,116.321,446.610,461.550,0.252
2026-08-02T13:28:43.548-07:00,11709.388,ok,current_change,244.884,1.666,109.918,438.073,461.017,0.250
2026-08-02T13:28:44.554-07:00,11710.394,ok,current_change,244.874,1.694,122.724,442.341,459.416,0.267
2026-08-02T13:28:47.572-07:00,11713.413,ok,current_change,244.815,1.677,114.187,440.207,455.147,0.252
2026-08-02T13:28:48.579-07:00,11714.419,ok,current_change,244.864,1.694,120.590,442.875,459.416,0.263
2026-08-02T13:28:50.593-07:00,11716.433,ok,current_change,244.913,1.677,114.187,440.207,455.147,0.252
2026-08-02T13:28:52.605-07:00,11718.445,ok,current_change,244.957,1.695,119.523,443.942,459.950,0.261
2026-08-02T13:28:54.617-07:00,11720.457,ok,current_change,244.620,1.679,113.120,440.740,457.282,0.243
2026-08-02T13:28:55.624-07:00,11721.464,ok,current_change,244.732,1.709,122.724,446.076,463.151,0.265
2026-08-02T13:28:56.630-07:00,11722.470,ok,current_change,244.928,1.661,117.389,434.337,450.345,0.262
2026-08-02T13:28:58.643-07:00,11724.483,ok,current_change,244.576,1.697,117.389,444.476,459.950,0.255
2026-08-02T13:28:59.649-07:00,11725.489,ok,current_change,244.634,1.672,117.389,437.005,453.013,0.260
2026-08-02T13:29:00.657-07:00,11726.497,ok,current_change,244.620,1.690,119.523,442.341,458.349,0.262
2026-08-02T13:29:04.681-07:00,11730.521,ok,current_change,244.722,1.709,118.456,447.677,463.151,0.255
2026-08-02T13:29:08.705-07:00,11734.545,ok,current_change,244.620,1.671,114.187,438.073,458.349,0.246
2026-08-02T13:29:09.711-07:00,11735.551,ok,current_change,244.796,1.697,118.456,444.476,460.483,0.257
2026-08-02T13:29:20.778-07:00,11746.618,ok,current_change,244.488,1.677,116.321,438.606,454.080,0.257
2026-08-02T13:29:22.790-07:00,11748.630,ok,current_change,244.884,1.704,122.724,445.009,462.084,0.265
2026-08-02T13:29:26.814-07:00,11752.654,ok,current_change,244.732,1.666,115.254,435.938,451.412,0.256
2026-08-02T13:29:27.821-07:00,11753.661,ok,current_change,244.497,1.697,113.120,445.543,459.950,0.247
2026-08-02T13:29:29.833-07:00,11755.673,ok,current_change,244.893,1.677,117.389,439.140,455.147,0.259
2026-08-02T13:29:30.840-07:00,11756.680,ok,current_change,244.937,1.704,117.389,446.610,462.084,0.254
2026-08-02T13:29:31.846-07:00,11757.686,ok,current_change,244.893,1.671,114.187,438.073,453.013,0.252
2026-08-02T13:29:32.854-07:00,11758.694,ok,current_change,244.879,1.707,121.657,446.610,463.151,0.264
2026-08-02T13:29:34.866-07:00,11760.706,ok,current_change,244.453,1.669,113.120,437.005,451.946,0.251
2026-08-02T13:29:35.872-07:00,11761.712,ok,current_change,244.556,1.702,120.590,444.476,461.017,0.261
2026-08-02T13:29:36.879-07:00,11762.719,ok,current_change,244.737,1.679,119.523,446.076,462.084,0.260
2026-08-02T13:29:39.898-07:00,11765.738,ok,current_change,244.512,1.707,123.792,445.543,462.617,0.268
2026-08-02T13:29:40.905-07:00,11766.745,ok,current_change,244.747,1.676,117.389,438.073,454.080,0.259
2026-08-02T13:29:41.911-07:00,11767.751,ok,current_change,244.791,1.695,114.187,445.009,459.950,0.249
2026-08-02T13:29:48.955-07:00,11774.795,ok,current_change,244.884,1.679,112.053,441.274,455.681,0.247
2026-08-02T13:29:49.961-07:00,11775.801,ok,current_change,244.585,1.699,116.321,445.543,460.483,0.252
2026-08-02T13:29:53.985-07:00,11779.825,ok,current_change,244.801,1.674,120.590,443.408,459.950,0.262
2026-08-02T13:29:54.993-07:00,11780.833,ok,current_change,244.786,1.695,122.724,442.875,459.950,0.267
2026-08-02T13:30:06.040-07:00,11791.880,ok,current_change,244.786,1.679,118.456,439.140,455.147,0.260
2026-08-02T13:30:09.058-07:00,11794.898,ok,current_change,244.786,1.702,121.657,445.009,461.550,0.265
2026-08-02T13:30:10.065-07:00,11795.905,ok,current_change,244.517,1.720,118.456,450.879,466.353,0.255
2026-08-02T13:30:11.071-07:00,11796.911,ok,current_change,244.884,1.699,115.254,446.076,461.017,0.250
2026-08-02T13:30:14.091-07:00,11799.932,ok,current_change,244.605,1.679,113.120,440.207,455.147,0.249
2026-08-02T13:30:18.115-07:00,11803.955,ok,current_change,244.410,1.699,113.120,445.543,459.950,0.247
2026-08-02T13:30:20.128-07:00,11805.968,ok,current_change,244.419,1.677,117.389,438.073,454.080,0.259
2026-08-02T13:30:21.134-07:00,11806.974,ok,current_change,244.879,1.702,117.389,446.076,461.550,0.254
2026-08-02T13:30:28.176-07:00,11814.016,ok,current_change,244.796,1.682,117.389,445.009,460.483,0.255
2026-08-02T13:30:31.194-07:00,11817.034,ok,current_change,244.923,1.699,119.523,445.009,461.017,0.259
2026-08-02T13:30:33.206-07:00,11819.046,ok,current_change,244.585,1.676,116.321,438.606,454.080,0.257
2026-08-02T13:30:35.220-07:00,11821.060,ok,current_change,244.869,1.700,114.187,447.143,461.550,0.247
2026-08-02T13:30:39.244-07:00,11825.084,ok,current_change,244.581,1.681,117.389,447.677,463.151,0.254
2026-08-02T13:30:40.250-07:00,11826.090,ok,current_change,244.727,1.700,120.590,444.476,461.017,0.261
2026-08-02T13:30:42.263-07:00,11828.103,ok,current_change,244.439,1.682,114.187,440.740,455.681,0.251
2026-08-02T13:30:44.275-07:00,11830.115,ok,current_change,244.786,1.707,121.657,446.610,463.151,0.264
2026-08-02T13:30:47.294-07:00,11833.134,ok,current_change,244.947,1.687,121.657,447.143,463.685,0.263
2026-08-02T13:30:49.307-07:00,11835.147,ok,current_change,245.021,1.715,115.254,450.879,465.819,0.247
2026-08-02T13:30:51.320-07:00,11837.160,ok,current_change,244.962,1.661,118.456,434.337,450.345,0.264
2026-08-02T13:30:52.327-07:00,11838.167,ok,current_change,244.898,1.707,112.053,448.744,453.013,0.240
2026-08-02T13:30:56.351-07:00,11842.191,ok,current_change,244.532,1.686,114.187,441.808,456.748,0.250
2026-08-02T13:31:03.392-07:00,11849.232,ok,current_change,244.483,1.704,116.321,446.610,456.214,0.251
2026-08-02T13:31:05.405-07:00,11851.245,ok,current_change,244.893,1.682,114.187,441.274,456.214,0.250
2026-08-02T13:31:07.417-07:00,11853.257,ok,current_change,244.864,1.709,124.859,446.076,463.685,0.269
2026-08-02T13:31:08.423-07:00,11854.263,ok,current_change,244.629,1.692,120.590,442.341,458.882,0.264
2026-08-02T13:31:12.449-07:00,11858.289,ok,current_change,244.928,1.710,115.254,449.278,464.218,0.249
2026-08-02T13:31:15.467-07:00,11861.307,ok,current_change,244.923,1.676,113.120,440.207,454.614,0.248
2026-08-02T13:31:16.473-07:00,11862.313,ok,current_change,244.629,1.722,119.523,450.879,466.886,0.256
2026-08-02T13:31:17.480-07:00,11863.320,ok,current_change,244.703,1.699,123.792,446.076,463.151,0.267
2026-08-02T13:31:23.515-07:00,11869.355,ok,current_change,244.571,1.715,118.456,448.744,464.752,0.256
2026-08-02T13:31:25.527-07:00,11871.367,ok,current_change,244.820,1.690,117.389,442.875,458.349,0.257
2026-08-02T13:31:26.534-07:00,11872.374,ok,current_change,244.659,1.715,116.321,449.811,464.752,0.250
2026-08-02T13:31:33.575-07:00,11879.415,ok,current_change,244.908,1.699,117.389,445.543,461.017,0.255
2026-08-02T13:31:36.593-07:00,11882.433,ok,current_change,244.815,1.717,119.523,449.811,466.353,0.254
2026-08-02T13:31:37.600-07:00,11883.440,ok,current_change,244.761,1.671,117.389,437.005,453.013,0.260
2026-08-02T13:31:38.606-07:00,11884.446,ok,current_change,244.962,1.710,119.523,448.211,464.218,0.258
2026-08-02T13:31:40.620-07:00,11886.460,ok,current_change,244.615,1.694,118.456,442.875,458.882,0.258
2026-08-02T13:31:44.644-07:00,11890.484,ok,current_change,244.634,1.722,123.792,450.879,467.953,0.264
2026-08-02T13:31:45.651-07:00,11891.491,ok,current_change,244.933,1.692,115.254,444.476,459.416,0.250
2026-08-02T13:31:46.657-07:00,11892.497,ok,current_change,244.913,1.715,119.523,449.278,465.285,0.257
2026-08-02T13:31:47.663-07:00,11893.504,ok,current_change,244.889,1.687,117.389,442.341,457.815,0.256
2026-08-02T13:31:48.670-07:00,11894.510,ok,current_change,244.874,1.707,118.456,447.143,463.151,0.257
2026-08-02T13:31:51.688-07:00,11897.528,ok,current_change,244.952,1.676,115.254,439.140,454.614,0.254
2026-08-02T13:31:54.706-07:00,11900.546,ok,current_change,244.864,1.692,120.590,442.341,458.882,0.264
2026-08-02T13:31:56.719-07:00,11902.559,ok,current_change,244.820,1.719,122.724,449.278,466.353,0.264
2026-08-02T13:31:57.726-07:00,11903.566,ok,current_change,244.629,1.687,120.590,440.740,462.084,0.263
2026-08-02T13:31:58.733-07:00,11904.573,ok,current_change,244.639,1.715,115.254,449.811,464.752,0.247
2026-08-02T13:32:01.751-07:00,11907.591,ok,current_change,244.752,1.679,112.053,440.740,455.147,0.246
2026-08-02T13:32:02.760-07:00,11908.600,ok,current_change,244.488,1.712,116.321,448.744,465.819,0.255
2026-08-02T13:32:06.783-07:00,11912.624,ok,current_change,244.937,1.677,117.389,439.140,455.147,0.259
2026-08-02T13:32:08.797-07:00,11914.637,ok,current_change,244.801,1.707,115.254,448.211,463.151,0.250
2026-08-02T13:32:17.850-07:00,11923.690,ok,current_change,244.458,1.679,115.254,439.673,454.614,0.253
2026-08-02T13:32:19.862-07:00,11925.702,ok,current_change,244.698,1.715,121.657,446.076,462.617,0.263
2026-08-02T13:32:20.869-07:00,11926.709,ok,current_change,244.678,1.694,118.456,443.408,459.416,0.259
2026-08-02T13:32:21.875-07:00,11927.715,ok,current_change,244.585,1.677,109.918,440.740,454.614,0.242
2026-08-02T13:32:22.882-07:00,11928.722,ok,current_change,245.006,1.714,120.590,449.278,465.285,0.259
2026-08-02T13:32:32.942-07:00,11938.782,ok,current_change,244.742,1.687,120.590,440.740,457.282,0.265
2026-08-02T13:32:37.972-07:00,11943.812,ok,current_change,244.673,1.719,116.321,450.879,465.819,0.250
2026-08-02T13:32:39.986-07:00,11945.826,ok,current_change,244.840,1.699,117.389,445.543,461.017,0.254
2026-08-02T13:32:41.999-07:00,11947.839,ok,current_change,244.796,1.715,120.590,448.744,465.285,0.260
2026-08-02T13:32:51.051-07:00,11956.892,ok,current_change,244.649,1.694,113.120,444.476,458.882,0.247
2026-08-02T13:32:52.058-07:00,11957.898,ok,current_change,244.693,1.710,121.657,447.143,463.685,0.263
2026-08-02T13:32:53.064-07:00,11958.904,ok,current_change,244.796,1.682,116.321,446.610,462.084,0.252
2026-08-02T13:32:57.088-07:00,11962.929,ok,current_change,244.566,1.707,113.120,448.211,462.617,0.245
2026-08-02T13:32:59.101-07:00,11964.941,ok,current_change,244.810,1.676,116.321,439.140,454.614,0.257
2026-08-02T13:33:00.108-07:00,11965.948,ok,current_change,244.615,1.715,113.120,450.345,464.752,0.244
2026-08-02T13:33:02.120-07:00,11967.960,ok,current_change,244.595,1.682,119.523,439.673,455.681,0.262
2026-08-02T13:33:03.127-07:00,11968.968,ok,current_change,244.820,1.712,115.254,449.278,464.218,0.249
2026-08-02T13:33:06.145-07:00,11971.986,ok,current_change,244.825,1.695,115.254,445.009,459.950,0.251
2026-08-02T13:33:10.169-07:00,11976.009,ok,current_change,244.546,1.740,120.590,455.681,471.688,0.255
2026-08-02T13:33:11.176-07:00,11977.016,ok,current_change,244.615,1.687,119.523,441.274,457.282,0.261
2026-08-02T13:33:12.182-07:00,11978.022,ok,current_change,244.805,1.712,117.389,448.744,458.882,0.248
2026-08-02T13:33:22.241-07:00,11988.081,ok,current_change,244.805,1.695,116.321,444.476,459.950,0.252
2026-08-02T13:33:25.259-07:00,11991.099,ok,current_change,244.590,1.712,118.456,448.744,464.218,0.255
2026-08-02T13:33:27.271-07:00,11993.111,ok,current_change,244.933,1.687,116.321,442.341,457.815,0.255
2026-08-02T13:33:28.279-07:00,11994.119,ok,current_change,244.654,1.712,116.321,448.744,464.218,0.251
2026-08-02T13:33:31.297-07:00,11997.137,ok,current_change,244.664,1.684,115.254,441.274,456.214,0.253
2026-08-02T13:33:32.303-07:00,11998.144,ok,current_change,244.722,1.710,112.053,444.476,458.882,0.245
2026-08-02T13:33:37.335-07:00,12003.175,ok,current_change,245.133,1.676,116.321,439.673,455.147,0.255
2026-08-02T13:33:38.343-07:00,12004.183,ok,current_change,245.001,1.709,117.389,448.211,463.685,0.254
2026-08-02T13:33:43.373-07:00,12009.213,ok,current_change,244.556,1.682,115.254,440.207,455.681,0.254
2026-08-02T13:33:45.385-07:00,12011.225,ok,current_change,244.717,1.727,124.859,450.879,461.017,0.260
2026-08-02T13:33:47.397-07:00,12013.238,ok,current_change,244.732,1.690,109.918,444.476,458.349,0.240
2026-08-02T13:33:48.404-07:00,12014.244,ok,current_change,244.537,1.709,121.657,452.479,469.020,0.260
2026-08-02T13:33:55.446-07:00,12021.286,ok,current_change,244.781,1.687,116.321,441.808,457.282,0.254
2026-08-02T13:33:57.459-07:00,12023.299,ok,current_change,244.673,1.725,123.792,450.879,467.953,0.266
2026-08-02T13:33:58.465-07:00,12024.305,ok,current_change,244.703,1.682,119.523,440.207,456.214,0.262
2026-08-02T13:33:59.468-07:00,12025.312,ok,current_change,244.693,1.715,114.187,450.879,465.285,0.245
2026-08-02T13:34:02.476-07:00,12028.319,ok,current_change,244.781,1.689,112.053,443.408,457.815,0.244
2026-08-02T13:34:04.484-07:00,12030.324,ok,current_change,244.864,1.707,123.792,446.076,463.151,0.267
2026-08-02T13:34:07.502-07:00,12033.342,ok,current_change,244.801,1.689,118.456,441.808,457.815,0.260
2026-08-02T13:34:10.521-07:00,12036.362,ok,current_change,244.849,1.709,121.657,447.143,463.685,0.262
2026-08-02T13:34:13.540-07:00,12039.380,ok,current_change,244.634,1.690,119.523,442.341,458.349,0.262
2026-08-02T13:34:15.552-07:00,12041.392,ok,current_change,244.820,1.712,118.456,448.744,464.218,0.255
2026-08-02T13:34:16.559-07:00,12042.399,ok,current_change,244.864,1.682,117.389,440.207,464.752,0.265
2026-08-02T13:34:18.571-07:00,12044.411,ok,current_change,244.820,1.722,117.389,451.412,466.886,0.252
2026-08-02T13:34:19.579-07:00,12045.419,ok,current_change,244.889,1.699,123.792,451.412,468.487,0.264
2026-08-02T13:34:20.585-07:00,12046.425,ok,current_change,244.796,1.727,118.456,453.013,468.487,0.252
2026-08-02T13:34:21.592-07:00,12047.432,ok,current_change,244.874,1.745,120.590,457.282,473.289,0.256
2026-08-02T13:34:28.633-07:00,12054.473,ok,current_change,244.541,1.707,119.523,446.610,462.617,0.259
2026-08-02T13:34:29.639-07:00,12055.479,ok,current_change,244.424,1.725,114.187,453.013,467.420,0.244
2026-08-02T13:34:30.646-07:00,12056.486,ok,current_change,244.737,1.745,122.724,456.748,472.756,0.260
2026-08-02T13:34:32.658-07:00,12058.498,ok,current_change,244.703,1.720,114.187,451.946,466.353,0.244
2026-08-02T13:34:33.664-07:00,12059.505,ok,current_change,244.488,1.764,120.590,461.550,478.625,0.250
2026-08-02T13:34:36.684-07:00,12062.524,ok,current_change,244.786,1.740,113.120,466.886,480.759,0.236
2026-08-02T13:34:37.690-07:00,12063.530,ok,current_change,244.766,1.767,123.792,462.617,479.159,0.258
2026-08-02T13:34:39.703-07:00,12065.543,ok,current_change,244.556,1.749,119.523,458.349,473.823,0.253
2026-08-02T13:34:41.715-07:00,12067.555,ok,current_change,244.952,1.765,119.523,463.685,474.356,0.253
2026-08-02T13:34:43.727-07:00,12069.567,ok,current_change,244.898,1.730,112.053,455.681,469.554,0.238
2026-08-02T13:34:44.734-07:00,12070.574,ok,current_change|power_change|heater_off,244.761,0.000,9.605,33.616,35.217,0.272
2026-08-02T13:34:45.742-07:00,12071.582,ok,current_change|heater_on,244.722,0.145,9.605,37.351,38.952,0.260
2026-08-02T13:34:47.755-07:00,12073.595,ok,current_change|heater_off,244.698,0.000,7.470,33.616,34.683,0.215
2026-08-02T13:34:48.761-07:00,12074.601,ok,current_change|heater_on,245.001,0.140,8.537,36.284,37.884,0.239
2026-08-02T13:34:49.768-07:00,12075.608,ok,current_change|heater_off,244.898,0.000,6.403,28.280,29.347,0.218
2026-08-02T13:34:50.776-07:00,12076.616,ok,current_change|heater_on,244.805,0.137,8.537,35.217,36.817,0.246
2026-08-02T13:34:51.782-07:00,12077.622,ok,current_change|heater_off,244.889,0.000,8.537,30.948,30.414,0.280
2026-08-02T13:34:55.806-07:00,12081.646,ok,current_change|heater_on,244.659,0.137,9.605,35.217,36.817,0.261
2026-08-02T13:34:56.812-07:00,12082.653,ok,current_change|heater_off,244.654,0.000,8.537,33.082,34.683,0.261
2026-08-02T13:34:57.819-07:00,12083.659,ok,current_change|heater_on,244.972,0.135,7.470,31.481,32.549,0.245
2026-08-02T13:34:59.831-07:00,12085.671,ok,current_change|heater_off,244.610,0.000,5.336,27.213,27.746,0.191
2026-08-02T13:35:00.838-07:00,12086.678,ok,current_change|heater_on,244.903,0.133,9.605,34.149,35.750,0.269
2026-08-02T13:35:01.845-07:00,12087.685,ok,current_change|heater_off,244.673,0.000,6.403,33.616,34.683,0.199
2026-08-02T13:35:02.851-07:00,12088.691,ok,current_change|heater_on,244.595,0.135,10.672,34.149,36.284,0.309
2026-08-02T13:35:03.858-07:00,12089.698,ok,current_change|heater_off,244.908,0.000,8.537,34.149,35.217,0.242
2026-08-02T13:35:06.876-07:00,12092.716,ok,current_change|heater_on,244.683,0.138,8.537,36.284,37.351,0.229
2026-08-02T13:35:07.882-07:00,12093.722,ok,current_change|heater_off,244.629,0.000,9.605,33.616,35.217,0.272
2026-08-02T13:35:09.894-07:00,12095.734,ok,current_change|heater_on,244.879,0.142,9.605,36.817,38.418,0.264
2026-08-02T13:35:12.912-07:00,12098.753,ok,current_change|heater_off,244.713,0.000,7.470,30.948,32.015,0.232
2026-08-02T13:35:15.931-07:00,12101.771,ok,current_change|heater_on,244.981,0.145,11.739,36.817,38.952,0.314
2026-08-02T13:35:16.937-07:00,12102.777,ok,current_change|heater_off,244.678,0.000,7.470,29.881,30.948,0.241
2026-08-02T13:35:18.949-07:00,12104.789,ok,current_change|heater_on,245.153,0.137,9.605,35.217,36.817,0.274
2026-08-02T13:35:19.956-07:00,12105.796,ok,current_change|heater_off,245.148,0.000,4.269,22.944,23.478,0.182
2026-08-02T13:35:21.968-07:00,12107.808,ok,current_change|heater_on,245.133,0.142,12.806,35.750,38.418,0.333
2026-08-02T13:35:32.027-07:00,12117.867,ok,current_change|heater_off,244.840,0.000,5.336,25.078,26.146,0.224
2026-08-02T13:35:33.033-07:00,12118.873,ok,current_change|heater_on,244.967,0.138,5.336,24.011,25.078,0.233
2026-08-02T13:35:35.046-07:00,12120.886,ok,current_change|heater_off,244.722,0.000,8.537,32.549,34.149,0.250
2026-08-02T13:35:37.058-07:00,12122.898,ok,current_change|heater_on,244.590,0.137,9.605,35.217,36.817,0.274
2026-08-02T13:35:38.066-07:00,12123.906,ok,current_change|heater_off,244.879,0.000,9.605,32.015,33.616,0.254
2026-08-02T13:35:41.084-07:00,12126.924,ok,current_change|heater_on,244.981,0.135,8.537,34.683,38.418,0.235
2026-08-02T13:35:42.091-07:00,12127.931,ok,current_change|heater_off,244.722,0.000,5.336,25.612,26.679,0.220
2026-08-02T13:35:46.116-07:00,12131.957,ok,current_change|heater_on,244.625,0.148,11.739,37.884,40.019,0.293
2026-08-02T13:35:47.123-07:00,12132.963,ok,current_change|heater_off,244.532,0.000,6.403,28.814,29.881,0.231
2026-08-02T13:35:48.131-07:00,12133.971,ok,current_change|heater_on,244.815,0.133,8.537,34.149,35.750,0.253
2026-08-02T13:35:50.143-07:00,12135.983,ok,current_change|heater_off,245.138,0.000,7.470,33.616,34.683,0.230
2026-08-02T13:35:51.149-07:00,12136.990,ok,current_change|heater_on,245.006,0.143,9.605,36.817,38.418,0.264
2026-08-02T13:35:52.156-07:00,12137.996,ok,current_change|heater_off,244.752,0.000,8.537,34.149,35.217,0.242
2026-08-02T13:36:00.202-07:00,12146.042,ok,current_change|heater_on,244.571,0.138,8.537,35.750,37.351,0.242
2026-08-02T13:36:01.208-07:00,12147.048,ok,current_change|heater_off,244.996,0.000,10.672,32.549,35.750,0.208
2026-08-02T13:36:02.215-07:00,12148.055,ok,current_change|heater_on,244.717,0.137,10.672,35.217,36.817,0.289
2026-08-02T13:36:04.227-07:00,12150.067,ok,current_change|heater_off,244.986,0.000,7.470,34.683,35.750,0.224
2026-08-02T13:36:06.240-07:00,12152.080,ok,current_change|heater_on,244.947,0.140,8.537,36.284,37.884,0.239
2026-08-02T13:36:07.246-07:00,12153.086,ok,current_change|heater_off,244.625,0.000,10.672,33.082,35.217,0.303
2026-08-02T13:36:09.259-07:00,12155.099,ok,current_change|heater_on,244.747,0.133,10.672,33.616,35.750,0.298
2026-08-02T13:36:10.265-07:00,12156.105,ok,current_change|heater_off,244.703,0.000,5.336,22.411,23.478,0.227
2026-08-02T13:36:11.272-07:00,12157.112,ok,current_change|heater_on,244.581,0.143,11.739,36.284,38.418,0.305
2026-08-02T13:36:12.280-07:00,12158.120,ok,current_change|heater_off,244.629,0.000,8.537,29.347,30.948,0.275
2026-08-02T13:36:14.293-07:00,12160.133,ok,current_change|heater_on,244.556,0.137,9.605,35.217,36.817,0.261
2026-08-02T13:36:16.306-07:00,12162.146,ok,current_change|heater_off,244.546,0.000,7.470,28.280,29.347,0.254
2026-08-02T13:36:17.313-07:00,12163.154,ok,current_change|heater_on,244.791,0.138,4.269,25.612,26.146,0.163
2026-08-02T13:36:20.332-07:00,12166.172,ok,current_change|heater_off,244.972,0.000,6.403,30.948,32.015,0.199
2026-08-02T13:36:21.338-07:00,12167.178,ok,current_change|heater_on,244.683,0.133,9.605,34.149,35.750,0.283
2026-08-02T13:36:23.352-07:00,12169.192,ok,current_change|heater_off,244.981,0.000,6.403,27.746,28.814,0.222
2026-08-02T13:36:24.359-07:00,12170.199,ok,current_change|heater_on,244.693,0.140,9.605,36.284,37.884,0.253
2026-08-02T13:36:25.365-07:00,12171.205,ok,current_change|heater_off,244.981,0.000,6.403,25.612,26.679,0.260
2026-08-02T13:36:28.383-07:00,12174.223,ok,current_change|heater_on,244.820,0.148,9.605,38.418,40.019,0.239
2026-08-02T13:36:29.390-07:00,12175.230,ok,current_change|heater_off,244.493,0.000,7.470,33.616,34.683,0.230
2026-08-02T13:36:31.402-07:00,12177.242,ok,current_change|heater_on,244.620,0.140,11.739,35.750,37.884,0.323
2026-08-02T13:36:32.408-07:00,12178.249,ok,current_change|heater_off,244.923,0.000,9.605,33.082,34.683,0.276
2026-08-02T13:36:33.415-07:00,12179.255,ok,current_change|heater_on,244.957,0.142,4.269,24.545,25.078,0.191
2026-08-02T13:36:34.423-07:00,12180.263,ok,current_change|heater_off,244.673,0.000,8.537,34.149,35.217,0.242
2026-08-02T13:36:35.429-07:00,12181.269,ok,current_change|heater_on,244.644,0.143,11.739,36.284,38.418,0.305
2026-08-02T13:36:36.436-07:00,12182.276,ok,current_change|heater_off,244.908,0.000,8.537,32.549,34.149,0.266
2026-08-02T13:36:37.442-07:00,12183.282,ok,current_change|heater_on,244.835,0.138,10.672,35.217,37.351,0.300
2026-08-02T13:36:39.455-07:00,12185.295,ok,current_change|heater_off,244.884,0.000,8.537,27.746,29.347,0.290
2026-08-02T13:36:40.461-07:00,12186.301,ok,current_change|heater_on,244.600,0.143,10.672,36.817,38.418,0.277
2026-08-02T13:36:41.468-07:00,12187.308,ok,current_change|heater_off,244.913,0.000,11.739,34.683,36.817,0.318
2026-08-02T13:37:41.798-07:00,12247.638,ok,heartbeat,244.859,0.000,2.134,8.537,9.071,0.234
2026-08-02T13:38:42.146-07:00,12307.986,ok,heartbeat,244.898,0.000,3.202,8.537,9.605,0.333
2026-08-02T13:39:42.493-07:00,12368.333,ok,heartbeat,244.757,0.000,2.134,8.004,8.537,0.250
2026-08-02T13:40:42.840-07:00,12428.681,ok,heartbeat,244.625,0.000,2.134,9.605,10.138,0.263
2026-08-02T13:41:43.188-07:00,12489.028,ok,heartbeat,244.449,0.000,1.067,6.937,7.470,0.143
2026-08-02T13:42:43.535-07:00,12549.376,ok,heartbeat,244.849,0.000,3.202,8.004,9.071,0.411
2026-08-02T13:43:43.866-07:00,12609.706,ok,heartbeat,244.903,0.000,2.134,7.470,8.004,0.267
2026-08-02T13:44:44.214-07:00,12670.054,ok,heartbeat,244.820,0.000,2.134,8.004,8.537,0.250
2026-08-02T13:45:44.562-07:00,12730.402,ok,heartbeat,244.825,0.000,3.202,8.537,9.605,0.389
2026-08-02T13:46:44.911-07:00,12790.751,ok,heartbeat,244.771,0.000,3.202,8.537,9.605,0.389
2026-08-02T13:47:45.262-07:00,12851.102,ok,heartbeat,244.815,0.000,2.134,8.004,8.537,0.250
2026-08-02T13:48:45.609-07:00,12911.450,ok,heartbeat,244.737,0.000,2.134,9.071,9.605,0.277
2026-08-02T13:49:45.957-07:00,12971.797,ok,heartbeat,244.776,0.000,1.067,8.004,8.004,0.533
2026-08-02T13:50:46.305-07:00,13032.146,ok,heartbeat,244.801,0.000,2.134,7.470,8.004,0.333
2026-08-02T13:51:46.655-07:00,13092.495,ok,heartbeat,244.600,0.000,4.269,9.071,10.672,0.449
2026-08-02T13:52:47.004-07:00,13152.844,ok,heartbeat,244.595,0.000,2.134,9.605,10.138,0.263
2026-08-02T13:53:47.352-07:00,13213.192,ok,heartbeat,244.629,0.000,3.202,8.004,9.071,0.353
2026-08-02T13:54:47.683-07:00,13273.523,ok,heartbeat,244.771,0.000,2.134,8.004,8.537,0.312
2026-08-02T13:55:48.041-07:00,13333.881,ok,heartbeat,244.600,0.000,0.000,8.004,9.605,0.389
2026-08-02T13:56:48.387-07:00,13394.227,ok,heartbeat,244.820,0.000,3.202,8.004,8.537,0.188
2026-08-02T13:57:48.741-07:00,13454.581,ok,heartbeat,244.713,0.000,3.202,8.004,9.071,0.411
2026-08-02T13:58:49.070-07:00,13514.910,ok,heartbeat,244.933,0.000,2.134,8.004,9.071,0.176
2026-08-02T13:59:49.415-07:00,13575.256,ok,heartbeat,244.791,0.000,2.134,9.605,10.138,0.263
2026-08-02T14:00:49.764-07:00,13635.604,ok,heartbeat,244.683,0.000,3.202,7.470,8.537,0.375
2026-08-02T14:01:50.112-07:00,13695.952,ok,heartbeat,244.830,0.000,3.202,8.537,9.605,0.389
2026-08-02T14:02:50.459-07:00,13756.299,ok,heartbeat,244.869,0.000,1.067,10.138,10.672,0.149
2026-08-02T14:03:50.807-07:00,13816.647,ok,heartbeat,244.820,0.000,1.067,8.537,9.605,0.444
2026-08-02T14:04:51.156-07:00,13876.996,ok,heartbeat,244.669,0.000,1.067,8.004,8.537,0.188
2026-08-02T14:05:51.502-07:00,13937.342,ok,heartbeat,245.021,0.000,2.134,9.605,10.138,0.210
2026-08-02T14:06:51.849-07:00,13997.689,ok,heartbeat,244.991,0.000,3.202,10.138,11.205,0.333
2026-08-02T14:07:52.195-07:00,14058.035,ok,heartbeat,244.889,0.000,1.067,8.004,8.537,0.125
2026-08-02T14:08:52.541-07:00,14118.381,ok,heartbeat,244.913,0.000,2.134,7.470,8.004,0.333
2026-08-02T14:09:52.888-07:00,14178.728,ok,heartbeat,244.805,0.000,1.067,5.869,6.403,0.250
2026-08-02T14:10:53.236-07:00,14239.076,ok,heartbeat,245.035,0.000,1.067,8.537,9.071,0.176
2026-08-02T14:11:53.580-07:00,14299.420,ok,heartbeat,244.561,0.000,2.134,8.004,8.537,0.250
2026-08-02T14:12:53.927-07:00,14359.767,ok,heartbeat,244.942,0.000,3.202,8.537,8.537,0.062
2026-08-02T14:13:54.275-07:00,14420.115,ok,heartbeat,244.864,0.000,5.336,9.605,9.071,0.234
2026-08-02T14:14:54.621-07:00,14480.461,ok,heartbeat,244.639,0.000,3.202,8.537,9.605,0.389
2026-08-02T14:15:54.969-07:00,14540.809,ok,heartbeat,244.849,0.000,2.134,9.071,9.605,0.222
2026-08-02T14:16:55.317-07:00,14601.157,ok,heartbeat,244.629,0.000,1.067,8.004,8.537,-0.062
2026-08-02T14:17:55.666-07:00,14661.506,ok,heartbeat,244.791,0.000,3.202,8.537,9.605,0.333
2026-08-02T14:18:56.014-07:00,14721.854,ok,heartbeat,244.791,0.000,3.202,7.470,8.537,0.438
2026-08-02T14:19:56.345-07:00,14782.185,ok,heartbeat,244.825,0.000,0.000,8.004,8.537,0.062
2026-08-02T14:20:56.676-07:00,14842.516,ok,heartbeat,244.664,0.000,1.067,8.537,9.071,0.117
2026-08-02T14:21:57.006-07:00,14902.846,ok,heartbeat,244.864,0.000,1.067,7.470,8.004,0.133
2026-08-02T14:22:57.337-07:00,14963.177,ok,heartbeat,244.879,0.000,2.134,8.537,9.071,0.294
2026-08-02T14:23:57.668-07:00,15023.508,ok,heartbeat,244.913,0.000,1.067,10.138,10.672,0.100
2026-08-02T14:24:57.996-07:00,15083.837,ok,heartbeat,244.840,0.000,3.202,8.537,9.605,0.389
2026-08-02T14:25:58.327-07:00,15144.167,ok,heartbeat,244.781,0.000,1.067,7.470,8.004,0.133
2026-08-02T14:26:58.657-07:00,15204.498,ok,heartbeat,244.742,0.000,1.067,7.470,8.004,0.133
2026-08-02T14:27:58.988-07:00,15264.828,ok,heartbeat,244.747,0.000,2.134,10.672,11.205,0.237
2026-08-02T14:28:59.319-07:00,15325.159,ok,heartbeat,244.805,0.000,3.202,10.138,9.071,0.588
2026-08-02T14:29:59.663-07:00,15385.506,ok,heartbeat,244.903,0.000,2.134,8.004,9.071,0.176
2026-08-02T14:30:59.993-07:00,15445.837,ok,heartbeat,244.957,0.000,3.202,8.537,9.605,0.389
2026-08-02T14:32:00.320-07:00,15506.164,ok,heartbeat,244.669,0.000,1.067,6.937,7.470,0.143
2026-08-02T14:33:00.651-07:00,15566.495,ok,heartbeat,244.761,0.000,1.067,9.071,9.605,0.110
2026-08-02T14:34:00.988-07:00,15626.828,ok,heartbeat,244.722,0.000,2.134,8.004,8.537,0.312
2026-08-02T14:35:01.335-07:00,15687.175,ok,heartbeat,244.879,0.000,0.000,8.537,9.071,0.176
2026-08-02T14:36:01.683-07:00,15747.523,ok,heartbeat,244.497,0.000,1.067,9.071,9.605,0.166
2026-08-02T14:37:02.031-07:00,15807.871,ok,heartbeat,244.693,0.000,3.202,9.605,10.138,0.315
2026-08-02T14:38:02.378-07:00,15868.218,ok,heartbeat,244.649,0.000,3.202,7.470,8.537,0.375
2026-08-02T14:39:02.711-07:00,15928.555,ok,heartbeat,244.673,0.000,1.067,7.470,8.004,0.133
2026-08-02T14:40:03.055-07:00,15988.895,ok,heartbeat,244.791,0.000,2.134,8.004,8.537,0.250
2026-08-02T14:41:03.386-07:00,16049.229,ok,heartbeat,244.527,0.000,0.000,8.004,8.537,0.062
2026-08-02T14:42:03.735-07:00,16109.575,ok,heartbeat,244.761,0.000,0.000,8.004,8.537,0.062
2026-08-02T14:43:04.084-07:00,16169.925,ok,heartbeat,244.493,0.000,4.269,9.605,8.537,0.312
2026-08-02T14:44:04.434-07:00,16230.274,ok,heartbeat,244.752,0.000,0.000,7.470,8.004,0.066
2026-08-02T14:45:04.783-07:00,16290.623,ok,heartbeat,244.757,0.000,2.134,8.004,8.537,0.312
2026-08-02T14:46:05.132-07:00,16350.972,ok,heartbeat,244.879,0.000,2.134,8.537,9.071,0.234
2026-08-02T14:47:05.481-07:00,16411.321,ok,heartbeat,244.830,0.000,1.067,8.004,8.537,0.188
2026-08-02T14:48:05.830-07:00,16471.670,ok,heartbeat,244.937,0.000,2.134,9.071,9.605,0.277
2026-08-02T14:49:06.180-07:00,16532.021,ok,heartbeat,244.835,0.000,2.134,9.071,9.605,0.277
2026-08-02T14:50:06.528-07:00,16592.368,ok,heartbeat,244.517,0.000,3.202,8.004,9.071,0.353
2026-08-02T14:51:06.876-07:00,16652.716,ok,heartbeat,244.263,0.000,2.134,9.605,10.138,0.263
2026-08-02T14:52:07.223-07:00,16713.063,ok,heartbeat,244.322,0.000,1.067,8.004,8.537,0.125
2026-08-02T14:53:07.571-07:00,16773.412,ok,heartbeat,244.517,0.000,5.336,9.605,11.205,0.476
2026-08-02T14:54:07.919-07:00,16833.760,ok,heartbeat,244.546,0.000,3.202,8.537,9.605,0.333
2026-08-02T14:55:08.253-07:00,16894.094,ok,heartbeat,244.546,0.000,3.202,9.605,10.138,0.315
2026-08-02T14:56:08.585-07:00,16954.425,ok,heartbeat,244.356,0.000,1.067,9.071,9.605,0.110
2026-08-02T14:57:08.916-07:00,17014.757,ok,heartbeat,244.453,0.000,2.134,8.537,9.071,0.234
2026-08-02T14:58:09.251-07:00,17075.091,ok,heartbeat,244.366,0.000,2.134,8.004,8.537,0.312
2026-08-02T14:59:09.599-07:00,17135.439,ok,heartbeat,244.527,0.000,1.067,9.605,10.138,-0.104
2026-08-02T15:00:09.947-07:00,17195.787,ok,heartbeat,244.287,0.000,2.134,8.004,8.537,0.250
2026-08-02T15:01:10.292-07:00,17256.132,ok,heartbeat,244.410,0.000,3.202,8.537,9.605,0.389
2026-08-02T15:02:10.640-07:00,17316.480,ok,heartbeat,244.585,0.000,3.202,8.537,9.605,0.389
2026-08-02T15:03:10.989-07:00,17376.829,ok,heartbeat,244.214,0.000,3.202,9.071,10.138,0.368
2026-08-02T15:04:11.320-07:00,17437.160,ok,heartbeat,244.326,0.000,3.202,10.138,11.205,0.333
2026-08-02T15:05:11.652-07:00,17497.492,ok,heartbeat,244.405,0.000,2.134,9.071,11.739,0.272
2026-08-02T15:06:12.000-07:00,17557.840,ok,heartbeat,244.537,0.000,3.202,10.138,11.205,0.333
2026-08-02T15:07:12.331-07:00,17618.171,ok,heartbeat,244.737,0.000,2.134,9.071,9.605,0.222
2026-08-02T15:08:12.661-07:00,17678.501,ok,heartbeat,244.737,0.000,2.134,5.869,6.403,0.333
2026-08-02T15:09:13.009-07:00,17738.849,ok,heartbeat,244.678,0.000,2.134,7.470,8.004,0.267
2026-08-02T15:10:13.339-07:00,17799.179,ok,heartbeat,244.654,0.000,1.067,9.071,9.605,0.166
2026-08-02T15:11:13.686-07:00,17859.527,ok,heartbeat,244.336,0.000,2.134,6.937,7.470,0.285
2026-08-02T15:12:14.034-07:00,17919.874,ok,heartbeat,244.752,0.000,1.067,8.004,8.537,0.125
2026-08-02T15:13:14.380-07:00,17980.220,ok,heartbeat,244.556,0.000,2.134,8.004,8.537,0.312
2026-08-02T15:14:14.728-07:00,18040.568,ok,heartbeat,244.600,0.000,3.202,10.672,11.205,0.285
2026-08-02T15:15:15.075-07:00,18100.915,ok,heartbeat,244.659,0.000,2.134,8.004,8.537,0.312
2026-08-02T15:16:15.422-07:00,18161.262,ok,heartbeat,244.737,0.000,3.202,7.470,8.537,0.438
2026-08-02T15:17:15.753-07:00,18221.593,ok,heartbeat,244.634,0.000,3.202,7.470,8.537,0.438
2026-08-02T15:18:16.101-07:00,18281.941,ok,heartbeat,244.747,0.000,2.134,7.470,8.004,0.267
2026-08-02T15:19:16.448-07:00,18342.288,ok,heartbeat,244.688,0.000,0.000,11.205,11.739,0.045
2026-08-02T15:20:16.796-07:00,18402.636,ok,heartbeat,244.747,0.000,3.202,8.537,9.605,0.389
2026-08-02T15:21:17.144-07:00,18462.985,ok,heartbeat,244.434,0.000,2.134,8.004,8.537,0.312
2026-08-02T15:22:17.492-07:00,18523.332,ok,heartbeat,244.556,0.000,2.134,6.403,6.937,0.384
2026-08-02T15:23:17.840-07:00,18583.680,ok,heartbeat,244.698,0.000,3.202,6.937,8.004,0.399
2026-08-02T15:24:18.170-07:00,18644.010,ok,heartbeat,244.585,0.000,4.269,8.537,9.605,0.444
2026-08-02T15:25:18.519-07:00,18704.359,ok,heartbeat,244.825,0.000,1.067,8.004,8.537,0.188
2026-08-02T15:26:18.867-07:00,18764.707,ok,heartbeat,244.810,0.000,1.067,7.470,8.004,0.133
2026-08-02T15:27:19.215-07:00,18825.055,ok,heartbeat,244.903,0.000,3.202,10.138,10.672,0.300
2026-08-02T15:28:19.563-07:00,18885.403,ok,heartbeat,244.942,0.000,1.067,8.004,8.537,0.188
2026-08-02T15:29:19.911-07:00,18945.751,ok,heartbeat,244.810,0.000,0.000,7.470,7.470,0.000
2026-08-02T15:30:20.257-07:00,19006.097,ok,heartbeat,244.497,0.000,1.067,9.605,10.138,0.157
2026-08-02T15:31:20.604-07:00,19066.445,ok,heartbeat,244.717,0.000,3.202,8.004,9.071,0.353
2026-08-02T15:32:20.952-07:00,19126.793,ok,heartbeat,244.717,0.000,3.202,8.004,9.071,0.353
2026-08-02T15:33:21.300-07:00,19187.140,ok,heartbeat,244.590,0.000,2.134,8.537,9.071,0.294
2026-08-02T15:34:21.649-07:00,19247.489,ok,heartbeat,244.747,0.000,3.202,10.138,11.205,0.333
2026-08-02T15:35:21.997-07:00,19307.837,ok,heartbeat,244.693,0.000,2.134,8.537,9.071,0.294
2026-08-02T15:36:22.344-07:00,19368.184,ok,heartbeat,244.664,0.000,2.134,8.537,9.071,0.234
2026-08-02T15:37:22.691-07:00,19428.531,ok,heartbeat,244.502,0.000,1.067,8.004,9.071,0.411
2026-08-02T15:38:23.039-07:00,19488.879,ok,heartbeat,244.717,0.000,1.067,8.004,8.537,0.188
2026-08-02T15:39:23.384-07:00,19549.224,ok,heartbeat,244.869,0.000,3.202,8.004,9.071,0.411
2026-08-02T15:40:23.730-07:00,19609.571,ok,heartbeat,244.326,0.000,4.269,8.537,9.605,0.444
2026-08-02T15:41:24.077-07:00,19669.917,ok,heartbeat,244.796,0.000,2.134,9.071,9.605,0.222
2026-08-02T15:42:24.423-07:00,19730.264,ok,heartbeat,244.752,0.000,2.134,7.470,8.004,0.267
2026-08-02T15:43:24.773-07:00,19790.613,ok,heartbeat,244.781,0.000,2.134,8.004,8.537,0.250
2026-08-02T15:44:25.121-07:00,19850.962,ok,heartbeat,244.708,0.000,1.067,8.004,8.537,0.188
2026-08-02T15:45:25.470-07:00,19911.310,ok,heartbeat,244.717,0.000,2.134,9.071,9.605,0.277
2026-08-02T15:46:25.819-07:00,19971.659,ok,heartbeat,244.488,0.000,1.067,9.071,9.605,0.110
2026-08-02T15:47:26.169-07:00,20032.009,ok,heartbeat,244.742,0.000,5.336,8.537,10.138,0.525
2026-08-02T15:48:26.516-07:00,20092.356,ok,heartbeat,244.727,0.000,3.202,8.004,9.071,0.353
2026-08-02T15:49:26.865-07:00,20152.705,ok,heartbeat,244.644,0.000,3.202,8.004,9.071,0.353
2026-08-02T15:50:27.213-07:00,20213.054,ok,heartbeat,244.801,0.000,1.067,7.470,10.672,0.250
2026-08-02T15:51:27.563-07:00,20273.403,ok,heartbeat,244.654,0.000,3.202,8.004,9.071,0.411
2026-08-02T15:52:27.912-07:00,20333.752,ok,heartbeat,244.571,0.000,2.134,8.537,9.071,0.294
2026-08-02T15:53:28.260-07:00,20394.100,ok,heartbeat,245.211,0.000,3.202,8.537,9.605,0.389
2026-08-02T15:54:28.590-07:00,20454.430,ok,heartbeat,244.796,0.000,0.000,6.403,6.937,0.076
2026-08-02T15:55:28.920-07:00,20514.761,ok,heartbeat,244.541,0.000,2.134,9.071,9.605,0.222
2026-08-02T15:56:29.251-07:00,20575.091,ok,heartbeat,244.590,0.000,1.067,8.004,8.537,0.188
2026-08-02T15:57:29.597-07:00,20635.437,ok,heartbeat,244.615,0.000,1.067,9.071,8.537,0.188
2026-08-02T15:58:29.945-07:00,20695.785,ok,heartbeat,244.771,0.000,2.134,8.537,8.537,0.312
2026-08-02T15:59:30.292-07:00,20756.132,ok,heartbeat,244.849,0.000,2.134,8.537,9.071,0.294
2026-08-02T16:00:30.640-07:00,20816.480,ok,heartbeat,244.889,0.000,2.134,8.004,8.537,0.250
2026-08-02T16:01:30.989-07:00,20876.829,ok,heartbeat,245.241,0.000,1.067,8.537,9.071,0.117
2026-08-02T16:02:31.338-07:00,20937.178,ok,heartbeat,244.678,0.000,2.134,9.605,10.138,0.210
2026-08-02T16:03:31.686-07:00,20997.526,ok,heartbeat,244.776,0.000,3.202,7.470,8.537,0.375
2026-08-02T16:04:32.035-07:00,21057.875,ok,heartbeat,244.776,0.000,4.269,9.605,10.672,0.399
2026-08-02T16:05:32.384-07:00,21118.224,ok,heartbeat,244.781,0.000,2.134,8.537,9.071,0.294
2026-08-02T16:06:32.731-07:00,21178.571,ok,heartbeat,244.752,0.000,3.202,8.537,9.605,0.389
2026-08-02T16:07:33.079-07:00,21238.919,ok,heartbeat,244.810,0.000,2.134,8.004,10.672,0.250
2026-08-02T16:08:33.426-07:00,21299.266,ok,heartbeat,244.869,0.000,3.202,10.138,10.672,0.300
2026-08-02T16:09:33.773-07:00,21359.613,ok,heartbeat,244.810,0.000,1.067,7.470,8.004,0.199
2026-08-02T16:10:34.122-07:00,21419.962,ok,heartbeat,244.805,0.000,2.134,8.537,9.071,0.234
2026-08-02T16:11:34.470-07:00,21480.310,ok,heartbeat,244.776,0.000,2.134,9.071,9.605,0.277
2026-08-02T16:12:34.819-07:00,21540.659,ok,heartbeat,244.605,0.000,3.202,7.470,8.537,0.375
2026-08-02T16:13:35.168-07:00,21601.008,ok,heartbeat,244.747,0.000,1.067,8.004,8.537,0.188
