2026-08-26 15:23:00,238 INFO  [default] link ACK received: device_information
2026-08-26 15:23:00,382 INFO  [default] message type supported received: 2
2026-08-26 15:23:00,382 INFO  [default] device info response received. response code: 0 - success
2026-08-26 15:23:00,382 INFO  [default]   CTA-2045 version: B
2026-08-26 15:23:00,382 INFO  [default]   device type: 3 - Water Heater - Heat Pump
2026-08-26 15:23:00,382 INFO  [default]   vendor ID: 280
2026-08-26 15:23:00,423 INFO  [default] starting commodity service...
2026-08-26 15:23:00,430 INFO  [default] app cust override received: 0
2026-08-26 15:23:00,622 INFO  [default] link ACK received: none
2026-08-26 15:23:00,782 INFO  [default] link ACK received: get_commodity
2026-08-26 15:23:00,910 INFO  [default] message type supported received: 2
2026-08-26 15:23:00,910 INFO  [default] commodity response received. response code: 0 - success; count: 5
2026-08-26 15:23:00,910 INFO  [default] commodity code: 0 - Electricity consumed (W & W-hr)
2026-08-26 15:23:00,910 INFO  [default]            source: Estimated
2026-08-26 15:23:00,910 INFO  [default]   cumulative: 378573
2026-08-26 15:23:00,910 INFO  [default]    inst rate: 0
2026-08-26 15:23:00,910 INFO  [default] commodity code: 6 - Total energy storage/take capacity (W-hr)
2026-08-26 15:23:00,910 INFO  [default]            source: Estimated
2026-08-26 15:23:00,910 INFO  [default]   cumulative: 2202
2026-08-26 15:23:00,910 INFO  [default]    inst rate: not used for this commodity code
2026-08-26 15:23:00,910 INFO  [default] commodity code: 7 - Present energy storage/take capacity (W-hr)
2026-08-26 15:23:00,910 INFO  [default]            source: Estimated
2026-08-26 15:23:00,910 INFO  [default]   cumulative: 270
2026-08-26 15:23:00,910 INFO  [default]    inst rate: not used for this commodity code
2026-08-26 15:23:00,911 INFO  [default] commodity code: 10 - Advanced load up total energy storage/take capacity (W-hr)
2026-08-26 15:23:00,911 INFO  [default]            source: Estimated
2026-08-26 15:23:00,911 INFO  [default]   cumulative: 2412
2026-08-26 15:23:00,911 INFO  [default]    inst rate: not used for this commodity code
2026-08-26 15:23:00,911 INFO  [default] commodity code: 11 - Advanced load up present energy storage/take capacity (W-hr)
2026-08-26 15:23:00,911 INFO  [default]            source: Estimated
2026-08-26 15:23:00,911 INFO  [default]   cumulative: 480
2026-08-26 15:23:00,911 INFO  [default]    inst rate: not used for this commodity code
2026-08-26 15:23:01,102 INFO  [default] link ACK received: query_operational_state
2026-08-26 15:23:01,214 INFO  [default] operational state received: 5

Press Enter for a list of commands
1787782981,o,0 (PASSED!)
outside communication found
2026-08-26 15:23:02,301 INFO  [default] link ACK received: outside_communication
2026-08-26 15:23:02,413 INFO  [default] app ack received
a- Advanced Loadup
c- Critical Peak Event
e- End shed/Normal
g- Grid Emergency
l- Loadup
o- Outside Communication
s- Shed
v- Enable advanced load up capability
x- Disable advanced load up capability
z- Quit and return operation to normal
q- Quit
enter choice: 1787782996,l,0 (PASSED!)
loading up
2026-08-26 15:23:16,523 INFO  [default] link ACK received: load_up
2026-08-26 15:23:16,635 INFO  [default] app ack received
2026-08-26 15:23:30,761 INFO  [default] link ACK received: query_operational_state
2026-08-26 15:23:30,857 INFO  [default] operational state received: 6

Press Enter for a list of commands
2026-08-26 15:24:00,995 INFO  [default] link ACK received: get_commodity
2026-08-26 15:24:01,139 INFO  [default] message type supported received: 2
2026-08-26 15:24:01,140 INFO  [default] commodity response received. response code: 0 - success; count: 5
2026-08-26 15:24:01,140 INFO  [default] commodity code: 0 - Electricity consumed (W & W-hr)
2026-08-26 15:24:01,140 INFO  [default]            source: Estimated
2026-08-26 15:24:01,140 INFO  [default]   cumulative: 378573
2026-08-26 15:24:01,140 INFO  [default]    inst rate: 0
2026-08-26 15:24:01,141 INFO  [default] commodity code: 6 - Total energy storage/take capacity (W-hr)
2026-08-26 15:24:01,141 INFO  [default]            source: Estimated
2026-08-26 15:24:01,141 INFO  [default]   cumulative: 2202
2026-08-26 15:24:01,141 INFO  [default]    inst rate: not used for this commodity code
2026-08-26 15:24:01,141 INFO  [default] commodity code: 7 - Present energy storage/take capacity (W-hr)
2026-08-26 15:24:01,141 INFO  [default]            source: Estimated
2026-08-26 15:24:01,141 INFO  [default]   cumulative: 270
2026-08-26 15:24:01,141 INFO  [default]    inst rate: not used for this commodity code
2026-08-26 15:24:01,142 INFO  [default] commodity code: 10 - Advanced load up total energy storage/take capacity (W-hr)
2026-08-26 15:24:01,142 INFO  [default]            source: Estimated
2026-08-26 15:24:01,142 INFO  [default]   cumulative: 2412
2026-08-26 15:24:01,142 INFO  [default]    inst rate: not used for this commodity code
2026-08-26 15:24:01,142 INFO  [default] commodity code: 11 - Advanced load up present energy storage/take capacity (W-hr)
2026-08-26 15:24:01,142 INFO  [default]            source: Estimated
2026-08-26 15:24:01,142 INFO  [default]   cumulative: 480
2026-08-26 15:24:01,142 INFO  [default]    inst rate: not used for this commodity code
2026-08-26 15:24:01,331 INFO  [default] link ACK received: query_operational_state
2026-08-26 15:24:01,427 INFO  [default] operational state received: 3

Press Enter for a list of commands
2026-08-26 15:24:30,574 INFO  [default] link ACK received: query_operational_state
2026-08-26 15:24:30,670 INFO  [default] operational state received: 3

Press Enter for a list of commands
2026-08-26 15:25:00,825 INFO  [default] link ACK received: get_commodity
2026-08-26 15:25:00,953 INFO  [default] message type supported received: 2
2026-08-26 15:25:00,953 INFO  [default] commodity response received. response code: 0 - success; count: 5
2026-08-26 15:25:00,954 INFO  [default] commodity code: 0 - Electricity consumed (W & W-hr)
2026-08-26 15:25:00,954 INFO  [default]            source: Estimated
2026-08-26 15:25:00,954 INFO  [default]   cumulative: 378579
2026-08-26 15:25:00,954 INFO  [default]    inst rate: 356
2026-08-26 15:25:00,954 INFO  [default] commodity code: 6 - Total energy storage/take capacity (W-hr)
2026-08-26 15:25:00,954 INFO  [default]            source: Estimated
2026-08-26 15:25:00,954 INFO  [default]   cumulative: 2202
2026-08-26 15:25:00,955 INFO  [default]    inst rate: not used for this commodity code
2026-08-26 15:25:00,955 INFO  [default] commodity code: 7 - Present energy storage/take capacity (W-hr)
2026-08-26 15:25:00,955 INFO  [default]            source: Estimated
2026-08-26 15:25:00,955 INFO  [default]   cumulative: 300
2026-08-26 15:25:00,955 INFO  [default]    inst rate: not used for this commodity code
2026-08-26 15:25:00,955 INFO  [default] commodity code: 10 - Advanced load up total energy storage/take capacity (W-hr)
2026-08-26 15:25:00,955 INFO  [default]            source: Estimated
2026-08-26 15:25:00,955 INFO  [default]   cumulative: 2412
2026-08-26 15:25:00,956 INFO  [default]    inst rate: not used for this commodity code
2026-08-26 15:25:00,956 INFO  [default] commodity code: 11 - Advanced load up present energy storage/take capacity (W-hr)
2026-08-26 15:25:00,956 INFO  [default]            source: Estimated
2026-08-26 15:25:00,956 INFO  [default]   cumulative: 510
2026-08-26 15:25:00,956 INFO  [default]    inst rate: not used for this commodity code
2026-08-26 15:25:01,145 INFO  [default] link ACK received: query_operational_state
2026-08-26 15:25:01,257 INFO  [default] operational state received: 3

Press Enter for a list of commands
2026-08-26 15:25:31,412 INFO  [default] link ACK received: query_operational_state
2026-08-26 15:25:31,508 INFO  [default] operational state received: 3

Press Enter for a list of commands
2026-08-26 15:26:00,655 INFO  [default] link ACK received: get_commodity
2026-08-26 15:26:00,798 INFO  [default] message type supported received: 2
2026-08-26 15:26:00,799 INFO  [default] commodity response received. response code: 0 - success; count: 5
2026-08-26 15:26:00,799 INFO  [default] commodity code: 0 - Electricity consumed (W & W-hr)
2026-08-26 15:26:00,799 INFO  [default]            source: Estimated
2026-08-26 15:26:00,799 INFO  [default]   cumulative: 378585
2026-08-26 15:26:00,800 INFO  [default]    inst rate: 356
2026-08-26 15:26:00,800 INFO  [default] commodity code: 6 - Total energy storage/take capacity (W-hr)
2026-08-26 15:26:00,800 INFO  [default]            source: Estimated
2026-08-26 15:26:00,800 INFO  [default]   cumulative: 2202
2026-08-26 15:26:00,800 INFO  [default]    inst rate: not used for this commodity code
2026-08-26 15:26:00,800 INFO  [default] commodity code: 7 - Present energy storage/take capacity (W-hr)
2026-08-26 15:26:00,800 INFO  [default]            source: Estimated
2026-08-26 15:26:00,800 INFO  [default]   cumulative: 300
2026-08-26 15:26:00,801 INFO  [default]    inst rate: not used for this commodity code
2026-08-26 15:26:00,801 INFO  [default] commodity code: 10 - Advanced load up total energy storage/take capacity (W-hr)
2026-08-26 15:26:00,801 INFO  [default]            source: Estimated
2026-08-26 15:26:00,801 INFO  [default]   cumulative: 2412
2026-08-26 15:26:00,801 INFO  [default]    inst rate: not used for this commodity code
2026-08-26 15:26:00,801 INFO  [default] commodity code: 11 - Advanced load up present energy storage/take capacity (W-hr)
2026-08-26 15:26:00,801 INFO  [default]            source: Estimated
2026-08-26 15:26:00,802 INFO  [default]   cumulative: 510
2026-08-26 15:26:00,802 INFO  [default]    inst rate: not used for this commodity code
2026-08-26 15:26:00,990 INFO  [default] link ACK received: query_operational_state
2026-08-26 15:26:01,103 INFO  [default] operational state received: 3

Press Enter for a list of commands
2026-08-26 15:26:31,257 INFO  [default] link ACK received: query_operational_state
2026-08-26 15:26:31,353 INFO  [default] operational state received: 3

Press Enter for a list of commands
2026-08-26 15:27:01,508 INFO  [default] link ACK received: get_commodity
2026-08-26 15:27:01,636 INFO  [default] message type supported received: 2
2026-08-26 15:27:01,636 INFO  [default] commodity response received. response code: 0 - success; count: 5
2026-08-26 15:27:01,637 INFO  [default] commodity code: 0 - Electricity consumed (W & W-hr)
2026-08-26 15:27:01,637 INFO  [default]            source: Estimated
2026-08-26 15:27:01,637 INFO  [default]   cumulative: 378591
2026-08-26 15:27:01,637 INFO  [default]    inst rate: 356
2026-08-26 15:27:01,637 INFO  [default] commodity code: 6 - Total energy storage/take capacity (W-hr)
2026-08-26 15:27:01,637 INFO  [default]            source: Estimated
2026-08-26 15:27:01,637 INFO  [default]   cumulative: 2202
2026-08-26 15:27:01,637 INFO  [default]    inst rate: not used for this commodity code
2026-08-26 15:27:01,638 INFO  [default] commodity code: 7 - Present energy storage/take capacity (W-hr)
2026-08-26 15:27:01,638 INFO  [default]            source: Estimated
2026-08-26 15:27:01,638 INFO  [default]   cumulative: 300
2026-08-26 15:27:01,638 INFO  [default]    inst rate: not used for this commodity code
2026-08-26 15:27:01,638 INFO  [default] commodity code: 10 - Advanced load up total energy storage/take capacity (W-hr)
2026-08-26 15:27:01,638 INFO  [default]            source: Estimated
2026-08-26 15:27:01,638 INFO  [default]   cumulative: 2412
2026-08-26 15:27:01,638 INFO  [default]    inst rate: not used for this commodity code
2026-08-26 15:27:01,639 INFO  [default] commodity code: 11 - Advanced load up present energy storage/take capacity (W-hr)
2026-08-26 15:27:01,639 INFO  [default]            source: Estimated
2026-08-26 15:27:01,639 INFO  [default]   cumulative: 510
2026-08-26 15:27:01,639 INFO  [default]    inst rate: not used for this commodity code
2026-08-26 15:27:01,828 INFO  [default] link ACK received: query_operational_state
2026-08-26 15:27:01,940 INFO  [default] operational state received: 3

Press Enter for a list of commands
2026-08-26 15:27:31,087 INFO  [default] link ACK received: query_operational_state
2026-08-26 15:27:31,199 INFO  [default] operational state received: 3

Press Enter for a list of commands
2026-08-26 15:28:01,353 INFO  [default] link ACK received: get_commodity
2026-08-26 15:28:01,497 INFO  [default] message type supported received: 2
2026-08-26 15:28:01,498 INFO  [default] commodity response received. response code: 0 - success; count: 5
2026-08-26 15:28:01,498 INFO  [default] commodity code: 0 - Electricity consumed (W & W-hr)
2026-08-26 15:28:01,498 INFO  [default]            source: Estimated
2026-08-26 15:28:01,498 INFO  [default]   cumulative: 378597
2026-08-26 15:28:01,498 INFO  [default]    inst rate: 356
2026-08-26 15:28:01,499 INFO  [default] commodity code: 6 - Total energy storage/take capacity (W-hr)
2026-08-26 15:28:01,499 INFO  [default]            source: Estimated
2026-08-26 15:28:01,499 INFO  [default]   cumulative: 2202
2026-08-26 15:28:01,499 INFO  [default]    inst rate: not used for this commodity code
2026-08-26 15:28:01,499 INFO  [default] commodity code: 7 - Present energy storage/take capacity (W-hr)
2026-08-26 15:28:01,499 INFO  [default]            source: Estimated
2026-08-26 15:28:01,499 INFO  [default]   cumulative: 330
2026-08-26 15:28:01,499 INFO  [default]    inst rate: not used for this commodity code
2026-08-26 15:28:01,500 INFO  [default] commodity code: 10 - Advanced load up total energy storage/take capacity (W-hr)
2026-08-26 15:28:01,500 INFO  [default]            source: Estimated
2026-08-26 15:28:01,500 INFO  [default]   cumulative: 2412
2026-08-26 15:28:01,500 INFO  [default]    inst rate: not used for this commodity code
2026-08-26 15:28:01,500 INFO  [default] commodity code: 11 - Advanced load up present energy storage/take capacity (W-hr)
2026-08-26 15:28:01,500 INFO  [default]            source: Estimated
2026-08-26 15:28:01,500 INFO  [default]   cumulative: 540
2026-08-26 15:28:01,500 INFO  [default]    inst rate: not used for this commodity code
2026-08-26 15:28:01,689 INFO  [default] link ACK received: query_operational_state
2026-08-26 15:28:01,785 INFO  [default] operational state received: 3

Press Enter for a list of commands
2026-08-26 15:28:30,932 INFO  [default] link ACK received: query_operational_state
2026-08-26 15:28:31,044 INFO  [default] operational state received: 3

Press Enter for a list of commands
2026-08-26 15:29:01,183 INFO  [default] link ACK received: get_commodity
2026-08-26 15:29:01,327 INFO  [default] message type supported received: 2
2026-08-26 15:29:01,327 INFO  [default] commodity response received. response code: 0 - success; count: 5
2026-08-26 15:29:01,328 INFO  [default] commodity code: 0 - Electricity consumed (W & W-hr)
2026-08-26 15:29:01,328 INFO  [default]            source: Estimated
2026-08-26 15:29:01,328 INFO  [default]   cumulative: 378603
2026-08-26 15:29:01,328 INFO  [default]    inst rate: 356
2026-08-26 15:29:01,328 INFO  [default] commodity code: 6 - Total energy storage/take capacity (W-hr)
2026-08-26 15:29:01,328 INFO  [default]            source: Estimated
2026-08-26 15:29:01,328 INFO  [default]   cumulative: 2202
2026-08-26 15:29:01,329 INFO  [default]    inst rate: not used for this commodity code
2026-08-26 15:29:01,329 INFO  [default] commodity code: 7 - Present energy storage/take capacity (W-hr)
2026-08-26 15:29:01,329 INFO  [default]            source: Estimated
2026-08-26 15:29:01,329 INFO  [default]   cumulative: 420
2026-08-26 15:29:01,329 INFO  [default]    inst rate: not used for this commodity code
2026-08-26 15:29:01,329 INFO  [default] commodity code: 10 - Advanced load up total energy storage/take capacity (W-hr)
2026-08-26 15:29:01,329 INFO  [default]            source: Estimated
2026-08-26 15:29:01,330 INFO  [default]   cumulative: 2412
2026-08-26 15:29:01,330 INFO  [default]    inst rate: not used for this commodity code
2026-08-26 15:29:01,330 INFO  [default] commodity code: 11 - Advanced load up present energy storage/take capacity (W-hr)
2026-08-26 15:29:01,330 INFO  [default]            source: Estimated
2026-08-26 15:29:01,330 INFO  [default]   cumulative: 636
2026-08-26 15:29:01,330 INFO  [default]    inst rate: not used for this commodity code
2026-08-26 15:29:01,519 INFO  [default] link ACK received: query_operational_state
2026-08-26 15:29:01,631 INFO  [default] operational state received: 3

Press Enter for a list of commands
2026-08-26 15:29:30,778 INFO  [default] link ACK received: query_operational_state
2026-08-26 15:29:30,874 INFO  [default] operational state received: 3

Press Enter for a list of commands
2026-08-26 15:30:01,029 INFO  [default] link ACK received: get_commodity
2026-08-26 15:30:01,157 INFO  [default] message type supported received: 2
2026-08-26 15:30:01,157 INFO  [default] commodity response received. response code: 0 - success; count: 5
2026-08-26 15:30:01,157 INFO  [default] commodity code: 0 - Electricity consumed (W & W-hr)
2026-08-26 15:30:01,157 INFO  [default]            source: Estimated
2026-08-26 15:30:01,157 INFO  [default]   cumulative: 378609
2026-08-26 15:30:01,157 INFO  [default]    inst rate: 356
2026-08-26 15:30:01,158 INFO  [default] commodity code: 6 - Total energy storage/take capacity (W-hr)
2026-08-26 15:30:01,158 INFO  [default]            source: Estimated
2026-08-26 15:30:01,158 INFO  [default]   cumulative: 2202
2026-08-26 15:30:01,158 INFO  [default]    inst rate: not used for this commodity code
2026-08-26 15:30:01,158 INFO  [default] commodity code: 7 - Present energy storage/take capacity (W-hr)
2026-08-26 15:30:01,158 INFO  [default]            source: Estimated
2026-08-26 15:30:01,158 INFO  [default]   cumulative: 420
2026-08-26 15:30:01,158 INFO  [default]    inst rate: not used for this commodity code
2026-08-26 15:30:01,158 INFO  [default] commodity code: 10 - Advanced load up total energy storage/take capacity (W-hr)
2026-08-26 15:30:01,158 INFO  [default]            source: Estimated
2026-08-26 15:30:01,158 INFO  [default]   cumulative: 2412
2026-08-26 15:30:01,159 INFO  [default]    inst rate: not used for this commodity code
2026-08-26 15:30:01,159 INFO  [default] commodity code: 11 - Advanced load up present energy storage/take capacity (W-hr)
2026-08-26 15:30:01,159 INFO  [default]            source: Estimated
2026-08-26 15:30:01,159 INFO  [default]   cumulative: 636
2026-08-26 15:30:01,159 INFO  [default]    inst rate: not used for this commodity code
2026-08-26 15:30:01,349 INFO  [default] link ACK received: query_operational_state
2026-08-26 15:30:01,461 INFO  [default] operational state received: 3

Press Enter for a list of commands
2026-08-26 15:30:30,607 INFO  [default] link ACK received: query_operational_state
2026-08-26 15:30:30,719 INFO  [default] operational state received: 3

Press Enter for a list of commands
2026-08-26 15:31:00,875 INFO  [default] link ACK received: get_commodity
2026-08-26 15:31:01,005 INFO  [default] message type supported received: 2
2026-08-26 15:31:01,005 INFO  [default] commodity response received. response code: 0 - success; count: 5
2026-08-26 15:31:01,006 INFO  [default] commodity code: 0 - Electricity consumed (W & W-hr)
2026-08-26 15:31:01,006 INFO  [default]            source: Estimated
2026-08-26 15:31:01,006 INFO  [default]   cumulative: 378615
2026-08-26 15:31:01,006 INFO  [default]    inst rate: 356
2026-08-26 15:31:01,006 INFO  [default] commodity code: 6 - Total energy storage/take capacity (W-hr)
2026-08-26 15:31:01,007 INFO  [default]            source: Estimated
2026-08-26 15:31:01,007 INFO  [default]   cumulative: 2202
2026-08-26 15:31:01,007 INFO  [default]    inst rate: not used for this commodity code
2026-08-26 15:31:01,007 INFO  [default] commodity code: 7 - Present energy storage/take capacity (W-hr)
2026-08-26 15:31:01,007 INFO  [default]            source: Estimated
2026-08-26 15:31:01,007 INFO  [default]   cumulative: 360
2026-08-26 15:31:01,007 INFO  [default]    inst rate: not used for this commodity code
2026-08-26 15:31:01,007 INFO  [default] commodity code: 10 - Advanced load up total energy storage/take capacity (W-hr)
2026-08-26 15:31:01,008 INFO  [default]            source: Estimated
2026-08-26 15:31:01,008 INFO  [default]   cumulative: 2412
2026-08-26 15:31:01,008 INFO  [default]    inst rate: not used for this commodity code
2026-08-26 15:31:01,008 INFO  [default] commodity code: 11 - Advanced load up present energy storage/take capacity (W-hr)
2026-08-26 15:31:01,008 INFO  [default]            source: Estimated
2026-08-26 15:31:01,008 INFO  [default]   cumulative: 570
2026-08-26 15:31:01,008 INFO  [default]    inst rate: not used for this commodity code
2026-08-26 15:31:01,194 INFO  [default] link ACK received: query_operational_state
2026-08-26 15:31:01,306 INFO  [default] operational state received: 3

Press Enter for a list of commands
2026-08-26 15:31:31,461 INFO  [default] link ACK received: query_operational_state
2026-08-26 15:31:31,557 INFO  [default] operational state received: 3

Press Enter for a list of commands
2026-08-26 15:32:00,704 INFO  [default] link ACK received: get_commodity
2026-08-26 15:32:00,848 INFO  [default] message type supported received: 2
2026-08-26 15:32:00,848 INFO  [default] commodity response received. response code: 0 - success; count: 5
2026-08-26 15:32:00,848 INFO  [default] commodity code: 0 - Electricity consumed (W & W-hr)
2026-08-26 15:32:00,849 INFO  [default]            source: Estimated
2026-08-26 15:32:00,849 INFO  [default]   cumulative: 378621
2026-08-26 15:32:00,849 INFO  [default]    inst rate: 356
2026-08-26 15:32:00,849 INFO  [default] commodity code: 6 - Total energy storage/take capacity (W-hr)
2026-08-26 15:32:00,849 INFO  [default]            source: Estimated
2026-08-26 15:32:00,849 INFO  [default]   cumulative: 2202
2026-08-26 15:32:00,849 INFO  [default]    inst rate: not used for this commodity code
2026-08-26 15:32:00,849 INFO  [default] commodity code: 7 - Present energy storage/take capacity (W-hr)
2026-08-26 15:32:00,850 INFO  [default]            source: Estimated
2026-08-26 15:32:00,850 INFO  [default]   cumulative: 300
2026-08-26 15:32:00,850 INFO  [default]    inst rate: not used for this commodity code
2026-08-26 15:32:00,850 INFO  [default] commodity code: 10 - Advanced load up total energy storage/take capacity (W-hr)
2026-08-26 15:32:00,850 INFO  [default]            source: Estimated
2026-08-26 15:32:00,850 INFO  [default]   cumulative: 2412
2026-08-26 15:32:00,850 INFO  [default]    inst rate: not used for this commodity code
2026-08-26 15:32:00,851 INFO  [default] commodity code: 11 - Advanced load up present energy storage/take capacity (W-hr)
2026-08-26 15:32:00,851 INFO  [default]            source: Estimated
2026-08-26 15:32:00,851 INFO  [default]   cumulative: 510
2026-08-26 15:32:00,851 INFO  [default]    inst rate: not used for this commodity code
2026-08-26 15:32:01,040 INFO  [default] link ACK received: query_operational_state
2026-08-26 15:32:01,152 INFO  [default] operational state received: 3

Press Enter for a list of commands
2026-08-26 15:32:31,306 INFO  [default] link ACK received: query_operational_state
2026-08-26 15:32:31,402 INFO  [default] operational state received: 3

Press Enter for a list of commands
2026-08-26 15:33:00,549 INFO  [default] link ACK received: get_commodity
2026-08-26 15:33:00,693 INFO  [default] message type supported received: 2
2026-08-26 15:33:00,694 INFO  [default] commodity response received. response code: 0 - success; count: 5
2026-08-26 15:33:00,694 INFO  [default] commodity code: 0 - Electricity consumed (W & W-hr)
2026-08-26 15:33:00,694 INFO  [default]            source: Estimated
2026-08-26 15:33:00,694 INFO  [default]   cumulative: 378627
2026-08-26 15:33:00,694 INFO  [default]    inst rate: 356
2026-08-26 15:33:00,695 INFO  [default] commodity code: 6 - Total energy storage/take capacity (W-hr)
2026-08-26 15:33:00,695 INFO  [default]            source: Estimated
2026-08-26 15:33:00,695 INFO  [default]   cumulative: 2202
2026-08-26 15:33:00,695 INFO  [default]    inst rate: not used for this commodity code
2026-08-26 15:33:00,695 INFO  [default] commodity code: 7 - Present energy storage/take capacity (W-hr)
2026-08-26 15:33:00,695 INFO  [default]            source: Estimated
2026-08-26 15:33:00,695 INFO  [default]   cumulative: 240
2026-08-26 15:33:00,695 INFO  [default]    inst rate: not used for this commodity code
2026-08-26 15:33:00,696 INFO  [default] commodity code: 10 - Advanced load up total energy storage/take capacity (W-hr)
2026-08-26 15:33:00,696 INFO  [default]            source: Estimated
2026-08-26 15:33:00,696 INFO  [default]   cumulative: 2412
2026-08-26 15:33:00,696 INFO  [default]    inst rate: not used for this commodity code
2026-08-26 15:33:00,696 INFO  [default] commodity code: 11 - Advanced load up present energy storage/take capacity (W-hr)
2026-08-26 15:33:00,696 INFO  [default]            source: Estimated
2026-08-26 15:33:00,696 INFO  [default]   cumulative: 450
2026-08-26 15:33:00,696 INFO  [default]    inst rate: not used for this commodity code
2026-08-26 15:33:00,885 INFO  [default] link ACK received: query_operational_state
2026-08-26 15:33:00,997 INFO  [default] operational state received: 3

Press Enter for a list of commands
2026-08-26 15:33:31,152 INFO  [default] link ACK received: query_operational_state
2026-08-26 15:33:31,248 INFO  [default] operational state received: 3

Press Enter for a list of commands
2026-08-26 15:34:01,403 INFO  [default] link ACK received: get_commodity
2026-08-26 15:34:01,547 INFO  [default] message type supported received: 2
2026-08-26 15:34:01,547 INFO  [default] commodity response received. response code: 0 - success; count: 5
2026-08-26 15:34:01,547 INFO  [default] commodity code: 0 - Electricity consumed (W & W-hr)
2026-08-26 15:34:01,547 INFO  [default]            source: Estimated
2026-08-26 15:34:01,548 INFO  [default]   cumulative: 378633
2026-08-26 15:34:01,548 INFO  [default]    inst rate: 356
2026-08-26 15:34:01,548 INFO  [default] commodity code: 6 - Total energy storage/take capacity (W-hr)
2026-08-26 15:34:01,548 INFO  [default]            source: Estimated
2026-08-26 15:34:01,548 INFO  [default]   cumulative: 2202
2026-08-26 15:34:01,548 INFO  [default]    inst rate: not used for this commodity code
2026-08-26 15:34:01,548 INFO  [default] commodity code: 7 - Present energy storage/take capacity (W-hr)
2026-08-26 15:34:01,548 INFO  [default]            source: Estimated
2026-08-26 15:34:01,549 INFO  [default]   cumulative: 180
2026-08-26 15:34:01,549 INFO  [default]    inst rate: not used for this commodity code
2026-08-26 15:34:01,549 INFO  [default] commodity code: 10 - Advanced load up total energy storage/take capacity (W-hr)
2026-08-26 15:34:01,549 INFO  [default]            source: Estimated
2026-08-26 15:34:01,549 INFO  [default]   cumulative: 2412
2026-08-26 15:34:01,549 INFO  [default]    inst rate: not used for this commodity code
2026-08-26 15:34:01,549 INFO  [default] commodity code: 11 - Advanced load up present energy storage/take capacity (W-hr)
2026-08-26 15:34:01,550 INFO  [default]            source: Estimated
2026-08-26 15:34:01,550 INFO  [default]   cumulative: 390
2026-08-26 15:34:01,550 INFO  [default]    inst rate: not used for this commodity code
2026-08-26 15:34:01,739 INFO  [default] link ACK received: query_operational_state
2026-08-26 15:34:01,835 INFO  [default] operational state received: 3

Press Enter for a list of commands
2026-08-26 15:34:30,982 INFO  [default] link ACK received: query_operational_state
2026-08-26 15:34:31,094 INFO  [default] operational state received: 3

Press Enter for a list of commands
2026-08-26 15:35:01,248 INFO  [default] link ACK received: get_commodity
2026-08-26 15:35:01,392 INFO  [default] message type supported received: 2
2026-08-26 15:35:01,393 INFO  [default] commodity response received. response code: 0 - success; count: 5
2026-08-26 15:35:01,393 INFO  [default] commodity code: 0 - Electricity consumed (W & W-hr)
2026-08-26 15:35:01,393 INFO  [default]            source: Estimated
2026-08-26 15:35:01,394 INFO  [default]   cumulative: 378639
2026-08-26 15:35:01,394 INFO  [default]    inst rate: 356
2026-08-26 15:35:01,394 INFO  [default] commodity code: 6 - Total energy storage/take capacity (W-hr)
2026-08-26 15:35:01,394 INFO  [default]            source: Estimated
2026-08-26 15:35:01,394 INFO  [default]   cumulative: 2202
2026-08-26 15:35:01,394 INFO  [default]    inst rate: not used for this commodity code
2026-08-26 15:35:01,394 INFO  [default] commodity code: 7 - Present energy storage/take capacity (W-hr)
2026-08-26 15:35:01,395 INFO  [default]            source: Estimated
2026-08-26 15:35:01,395 INFO  [default]   cumulative: 150
2026-08-26 15:35:01,395 INFO  [default]    inst rate: not used for this commodity code
2026-08-26 15:35:01,395 INFO  [default] commodity code: 10 - Advanced load up total energy storage/take capacity (W-hr)
2026-08-26 15:35:01,395 INFO  [default]            source: Estimated
2026-08-26 15:35:01,395 INFO  [default]   cumulative: 2412
2026-08-26 15:35:01,395 INFO  [default]    inst rate: not used for this commodity code
2026-08-26 15:35:01,395 INFO  [default] commodity code: 11 - Advanced load up present energy storage/take capacity (W-hr)
2026-08-26 15:35:01,395 INFO  [default]            source: Estimated
2026-08-26 15:35:01,396 INFO  [default]   cumulative: 360
2026-08-26 15:35:01,396 INFO  [default]    inst rate: not used for this commodity code
2026-08-26 15:35:01,584 INFO  [default] link ACK received: query_operational_state
2026-08-26 15:35:01,680 INFO  [default] operational state received: 3

Press Enter for a list of commands
2026-08-26 15:35:30,827 INFO  [default] link ACK received: query_operational_state
2026-08-26 15:35:30,939 INFO  [default] operational state received: 3

Press Enter for a list of commands
2026-08-26 15:36:01,078 INFO  [default] link ACK received: get_commodity
2026-08-26 15:36:01,222 INFO  [default] message type supported received: 2
2026-08-26 15:36:01,222 INFO  [default] commodity response received. response code: 0 - success; count: 5
2026-08-26 15:36:01,223 INFO  [default] commodity code: 0 - Electricity consumed (W & W-hr)
2026-08-26 15:36:01,223 INFO  [default]            source: Estimated
2026-08-26 15:36:01,223 INFO  [default]   cumulative: 378645
2026-08-26 15:36:01,223 INFO  [default]    inst rate: 356
2026-08-26 15:36:01,223 INFO  [default] commodity code: 6 - Total energy storage/take capacity (W-hr)
2026-08-26 15:36:01,223 INFO  [default]            source: Estimated
2026-08-26 15:36:01,223 INFO  [default]   cumulative: 2202
2026-08-26 15:36:01,223 INFO  [default]    inst rate: not used for this commodity code
2026-08-26 15:36:01,224 INFO  [default] commodity code: 7 - Present energy storage/take capacity (W-hr)
2026-08-26 15:36:01,224 INFO  [default]            source: Estimated
2026-08-26 15:36:01,224 INFO  [default]   cumulative: 120
2026-08-26 15:36:01,224 INFO  [default]    inst rate: not used for this commodity code
2026-08-26 15:36:01,224 INFO  [default] commodity code: 10 - Advanced load up total energy storage/take capacity (W-hr)
2026-08-26 15:36:01,224 INFO  [default]            source: Estimated
2026-08-26 15:36:01,224 INFO  [default]   cumulative: 2412
2026-08-26 15:36:01,224 INFO  [default]    inst rate: not used for this commodity code
2026-08-26 15:36:01,225 INFO  [default] commodity code: 11 - Advanced load up present energy storage/take capacity (W-hr)
2026-08-26 15:36:01,225 INFO  [default]            source: Estimated
2026-08-26 15:36:01,225 INFO  [default]   cumulative: 330
2026-08-26 15:36:01,225 INFO  [default]    inst rate: not used for this commodity code
2026-08-26 15:36:01,414 INFO  [default] link ACK received: query_operational_state
2026-08-26 15:36:01,510 INFO  [default] operational state received: 3

Press Enter for a list of commands
2026-08-26 15:36:30,657 INFO  [default] link ACK received: query_operational_state
2026-08-26 15:36:30,769 INFO  [default] operational state received: 5

Press Enter for a list of commands
1787783791,o,0 (PASSED!)
outside communication found
2026-08-26 15:36:31,857 INFO  [default] link ACK received: outside_communication
2026-08-26 15:36:31,968 INFO  [default] app ack received
2026-08-26 15:37:01,115 INFO  [default] link ACK received: get_commodity
2026-08-26 15:37:01,259 INFO  [default] message type supported received: 2
2026-08-26 15:37:01,260 INFO  [default] commodity response received. response code: 0 - success; count: 5
2026-08-26 15:37:01,260 INFO  [default] commodity code: 0 - Electricity consumed (W & W-hr)
2026-08-26 15:37:01,260 INFO  [default]            source: Estimated
2026-08-26 15:37:01,260 INFO  [default]   cumulative: 378651
2026-08-26 15:37:01,261 INFO  [default]    inst rate: 356
2026-08-26 15:37:01,261 INFO  [default] commodity code: 6 - Total energy storage/take capacity (W-hr)
2026-08-26 15:37:01,261 INFO  [default]            source: Estimated
2026-08-26 15:37:01,261 INFO  [default]   cumulative: 2202
2026-08-26 15:37:01,261 INFO  [default]    inst rate: not used for this commodity code
2026-08-26 15:37:01,261 INFO  [default] commodity code: 7 - Present energy storage/take capacity (W-hr)
2026-08-26 15:37:01,261 INFO  [default]            source: Estimated
2026-08-26 15:37:01,261 INFO  [default]   cumulative: 90
2026-08-26 15:37:01,262 INFO  [default]    inst rate: not used for this commodity code
2026-08-26 15:37:01,262 INFO  [default] commodity code: 10 - Advanced load up total energy storage/take capacity (W-hr)
2026-08-26 15:37:01,262 INFO  [default]            source: Estimated
2026-08-26 15:37:01,262 INFO  [default]   cumulative: 2412
2026-08-26 15:37:01,262 INFO  [default]    inst rate: not used for this commodity code
2026-08-26 15:37:01,262 INFO  [default] commodity code: 11 - Advanced load up present energy storage/take capacity (W-hr)
2026-08-26 15:37:01,262 INFO  [default]            source: Estimated
2026-08-26 15:37:01,262 INFO  [default]   cumulative: 300
2026-08-26 15:37:01,263 INFO  [default]    inst rate: not used for this commodity code
2026-08-26 15:37:01,451 INFO  [default] link ACK received: query_operational_state
2026-08-26 15:37:01,547 INFO  [default] operational state received: 3

Press Enter for a list of commands
2026-08-26 15:37:30,694 INFO  [default] link ACK received: query_operational_state
2026-08-26 15:37:30,806 INFO  [default] operational state received: 3

Press Enter for a list of commands
2026-08-26 15:38:00,945 INFO  [default] link ACK received: get_commodity
2026-08-26 15:38:01,089 INFO  [default] message type supported received: 2
2026-08-26 15:38:01,089 INFO  [default] commodity response received. response code: 0 - success; count: 5
2026-08-26 15:38:01,089 INFO  [default] commodity code: 0 - Electricity consumed (W & W-hr)
2026-08-26 15:38:01,089 INFO  [default]            source: Estimated
2026-08-26 15:38:01,089 INFO  [default]   cumulative: 378657
2026-08-26 15:38:01,089 INFO  [default]    inst rate: 356
2026-08-26 15:38:01,089 INFO  [default] commodity code: 6 - Total energy storage/take capacity (W-hr)
2026-08-26 15:38:01,089 INFO  [default]            source: Estimated
2026-08-26 15:38:01,090 INFO  [default]   cumulative: 2202
2026-08-26 15:38:01,090 INFO  [default]    inst rate: not used for this commodity code
2026-08-26 15:38:01,090 INFO  [default] commodity code: 7 - Present energy storage/take capacity (W-hr)
2026-08-26 15:38:01,090 INFO  [default]            source: Estimated
2026-08-26 15:38:01,090 INFO  [default]   cumulative: 90
2026-08-26 15:38:01,090 INFO  [default]    inst rate: not used for this commodity code
2026-08-26 15:38:01,090 INFO  [default] commodity code: 10 - Advanced load up total energy storage/take capacity (W-hr)
2026-08-26 15:38:01,090 INFO  [default]            source: Estimated
2026-08-26 15:38:01,090 INFO  [default]   cumulative: 2412
2026-08-26 15:38:01,090 INFO  [default]    inst rate: not used for this commodity code
2026-08-26 15:38:01,090 INFO  [default] commodity code: 11 - Advanced load up present energy storage/take capacity (W-hr)
2026-08-26 15:38:01,090 INFO  [default]            source: Estimated
2026-08-26 15:38:01,090 INFO  [default]   cumulative: 300
2026-08-26 15:38:01,090 INFO  [default]    inst rate: not used for this commodity code
2026-08-26 15:38:01,281 INFO  [default] link ACK received: query_operational_state
2026-08-26 15:38:01,393 INFO  [default] operational state received: 3

Press Enter for a list of commands
2026-08-26 15:38:30,540 INFO  [default] link ACK received: query_operational_state
2026-08-26 15:38:30,636 INFO  [default] operational state received: 3

Press Enter for a list of commands
2026-08-26 15:39:00,775 INFO  [default] link ACK received: get_commodity
2026-08-26 15:39:00,919 INFO  [default] message type supported received: 2
2026-08-26 15:39:00,919 INFO  [default] commodity response received. response code: 0 - success; count: 5
2026-08-26 15:39:00,919 INFO  [default] commodity code: 0 - Electricity consumed (W & W-hr)
2026-08-26 15:39:00,919 INFO  [default]            source: Estimated
2026-08-26 15:39:00,920 INFO  [default]   cumulative: 378663
2026-08-26 15:39:00,920 INFO  [default]    inst rate: 356
2026-08-26 15:39:00,920 INFO  [default] commodity code: 6 - Total energy storage/take capacity (W-hr)
2026-08-26 15:39:00,920 INFO  [default]            source: Estimated
2026-08-26 15:39:00,920 INFO  [default]   cumulative: 2202
2026-08-26 15:39:00,920 INFO  [default]    inst rate: not used for this commodity code
2026-08-26 15:39:00,920 INFO  [default] commodity code: 7 - Present energy storage/take capacity (W-hr)
2026-08-26 15:39:00,920 INFO  [default]            source: Estimated
2026-08-26 15:39:00,921 INFO  [default]   cumulative: 60
2026-08-26 15:39:00,921 INFO  [default]    inst rate: not used for this commodity code
2026-08-26 15:39:00,921 INFO  [default] commodity code: 10 - Advanced load up total energy storage/take capacity (W-hr)
2026-08-26 15:39:00,921 INFO  [default]            source: Estimated
2026-08-26 15:39:00,921 INFO  [default]   cumulative: 2412
2026-08-26 15:39:00,921 INFO  [default]    inst rate: not used for this commodity code
2026-08-26 15:39:00,921 INFO  [default] commodity code: 11 - Advanced load up present energy storage/take capacity (W-hr)
2026-08-26 15:39:00,922 INFO  [default]            source: Estimated
2026-08-26 15:39:00,922 INFO  [default]   cumulative: 270
2026-08-26 15:39:00,922 INFO  [default]    inst rate: not used for this commodity code
2026-08-26 15:39:01,111 INFO  [default] link ACK received: query_operational_state
2026-08-26 15:39:01,206 INFO  [default] operational state received: 3

Press Enter for a list of commands
2026-08-26 15:39:31,345 INFO  [default] link ACK received: query_operational_state
2026-08-26 15:39:31,457 INFO  [default] operational state received: 3

Press Enter for a list of commands
2026-08-26 15:40:00,604 INFO  [default] link ACK received: get_commodity
2026-08-26 15:40:00,732 INFO  [default] message type supported received: 2
2026-08-26 15:40:00,732 INFO  [default] commodity response received. response code: 0 - success; count: 5
2026-08-26 15:40:00,733 INFO  [default] commodity code: 0 - Electricity consumed (W & W-hr)
2026-08-26 15:40:00,733 INFO  [default]            source: Estimated
2026-08-26 15:40:00,733 INFO  [default]   cumulative: 378669
2026-08-26 15:40:00,733 INFO  [default]    inst rate: 356
2026-08-26 15:40:00,733 INFO  [default] commodity code: 6 - Total energy storage/take capacity (W-hr)
2026-08-26 15:40:00,734 INFO  [default]            source: Estimated
2026-08-26 15:40:00,734 INFO  [default]   cumulative: 2202
2026-08-26 15:40:00,734 INFO  [default]    inst rate: not used for this commodity code
2026-08-26 15:40:00,734 INFO  [default] commodity code: 7 - Present energy storage/take capacity (W-hr)
2026-08-26 15:40:00,734 INFO  [default]            source: Estimated
2026-08-26 15:40:00,734 INFO  [default]   cumulative: 0
2026-08-26 15:40:00,734 INFO  [default]    inst rate: not used for this commodity code
2026-08-26 15:40:00,734 INFO  [default] commodity code: 10 - Advanced load up total energy storage/take capacity (W-hr)
2026-08-26 15:40:00,735 INFO  [default]            source: Estimated
2026-08-26 15:40:00,735 INFO  [default]   cumulative: 2412
2026-08-26 15:40:00,735 INFO  [default]    inst rate: not used for this commodity code
2026-08-26 15:40:00,735 INFO  [default] commodity code: 11 - Advanced load up present energy storage/take capacity (W-hr)
2026-08-26 15:40:00,735 INFO  [default]            source: Estimated
2026-08-26 15:40:00,735 INFO  [default]   cumulative: 240
2026-08-26 15:40:00,735 INFO  [default]    inst rate: not used for this commodity code
2026-08-26 15:40:00,924 INFO  [default] link ACK received: query_operational_state
2026-08-26 15:40:01,036 INFO  [default] operational state received: 3

Press Enter for a list of commands
2026-08-26 15:40:31,191 INFO  [default] link ACK received: query_operational_state
2026-08-26 15:40:31,287 INFO  [default] operational state received: 3

Press Enter for a list of commands
2026-08-26 15:41:01,426 INFO  [default] link ACK received: get_commodity
2026-08-26 15:41:01,570 INFO  [default] message type supported received: 2
2026-08-26 15:41:01,570 INFO  [default] commodity response received. response code: 0 - success; count: 5
2026-08-26 15:41:01,570 INFO  [default] commodity code: 0 - Electricity consumed (W & W-hr)
2026-08-26 15:41:01,570 INFO  [default]            source: Estimated
2026-08-26 15:41:01,570 INFO  [default]   cumulative: 378675
2026-08-26 15:41:01,571 INFO  [default]    inst rate: 356
2026-08-26 15:41:01,571 INFO  [default] commodity code: 6 - Total energy storage/take capacity (W-hr)
2026-08-26 15:41:01,571 INFO  [default]            source: Estimated
2026-08-26 15:41:01,571 INFO  [default]   cumulative: 2202
2026-08-26 15:41:01,571 INFO  [default]    inst rate: not used for this commodity code
2026-08-26 15:41:01,571 INFO  [default] commodity code: 7 - Present energy storage/take capacity (W-hr)
2026-08-26 15:41:01,571 INFO  [default]            source: Estimated
2026-08-26 15:41:01,571 INFO  [default]   cumulative: 0
2026-08-26 15:41:01,572 INFO  [default]    inst rate: not used for this commodity code
2026-08-26 15:41:01,572 INFO  [default] commodity code: 10 - Advanced load up total energy storage/take capacity (W-hr)
2026-08-26 15:41:01,572 INFO  [default]            source: Estimated
2026-08-26 15:41:01,572 INFO  [default]   cumulative: 2412
2026-08-26 15:41:01,572 INFO  [default]    inst rate: not used for this commodity code
2026-08-26 15:41:01,572 INFO  [default] commodity code: 11 - Advanced load up present energy storage/take capacity (W-hr)
2026-08-26 15:41:01,572 INFO  [default]            source: Estimated
2026-08-26 15:41:01,572 INFO  [default]   cumulative: 240
2026-08-26 15:41:01,573 INFO  [default]    inst rate: not used for this commodity code
2026-08-26 15:41:01,761 INFO  [default] link ACK received: query_operational_state
2026-08-26 15:41:01,873 INFO  [default] operational state received: 3

Press Enter for a list of commands
2026-08-26 15:41:31,020 INFO  [default] link ACK received: query_operational_state
2026-08-26 15:41:31,132 INFO  [default] operational state received: 3

Press Enter for a list of commands
2026-08-26 15:42:01,287 INFO  [default] link ACK received: get_commodity
2026-08-26 15:42:01,415 INFO  [default] message type supported received: 2
2026-08-26 15:42:01,415 INFO  [default] commodity response received. response code: 0 - success; count: 5
2026-08-26 15:42:01,416 INFO  [default] commodity code: 0 - Electricity consumed (W & W-hr)
2026-08-26 15:42:01,416 INFO  [default]            source: Estimated
2026-08-26 15:42:01,416 INFO  [default]   cumulative: 378681
2026-08-26 15:42:01,416 INFO  [default]    inst rate: 356
2026-08-26 15:42:01,416 INFO  [default] commodity code: 6 - Total energy storage/take capacity (W-hr)
2026-08-26 15:42:01,417 INFO  [default]            source: Estimated
2026-08-26 15:42:01,417 INFO  [default]   cumulative: 2202
2026-08-26 15:42:01,417 INFO  [default]    inst rate: not used for this commodity code
2026-08-26 15:42:01,417 INFO  [default] commodity code: 7 - Present energy storage/take capacity (W-hr)
2026-08-26 15:42:01,417 INFO  [default]            source: Estimated
2026-08-26 15:42:01,417 INFO  [default]   cumulative: 0
2026-08-26 15:42:01,417 INFO  [default]    inst rate: not used for this commodity code
2026-08-26 15:42:01,417 INFO  [default] commodity code: 10 - Advanced load up total energy storage/take capacity (W-hr)
2026-08-26 15:42:01,418 INFO  [default]            source: Estimated
2026-08-26 15:42:01,418 INFO  [default]   cumulative: 2412
2026-08-26 15:42:01,418 INFO  [default]    inst rate: not used for this commodity code
2026-08-26 15:42:01,418 INFO  [default] commodity code: 11 - Advanced load up present energy storage/take capacity (W-hr)
2026-08-26 15:42:01,418 INFO  [default]            source: Estimated
2026-08-26 15:42:01,418 INFO  [default]   cumulative: 240
2026-08-26 15:42:01,418 INFO  [default]    inst rate: not used for this commodity code
2026-08-26 15:42:01,607 INFO  [default] link ACK received: query_operational_state
2026-08-26 15:42:01,719 INFO  [default] operational state received: 3

Press Enter for a list of commands
2026-08-26 15:42:30,866 INFO  [default] link ACK received: query_operational_state
2026-08-26 15:42:30,978 INFO  [default] operational state received: 3

Press Enter for a list of commands
2026-08-26 15:43:01,133 INFO  [default] link ACK received: get_commodity
2026-08-26 15:43:01,261 INFO  [default] message type supported received: 2
2026-08-26 15:43:01,261 INFO  [default] commodity response received. response code: 0 - success; count: 5
2026-08-26 15:43:01,261 INFO  [default] commodity code: 0 - Electricity consumed (W & W-hr)
2026-08-26 15:43:01,262 INFO  [default]            source: Estimated
2026-08-26 15:43:01,262 INFO  [default]   cumulative: 378687
2026-08-26 15:43:01,262 INFO  [default]    inst rate: 356
2026-08-26 15:43:01,262 INFO  [default] commodity code: 6 - Total energy storage/take capacity (W-hr)
2026-08-26 15:43:01,262 INFO  [default]            source: Estimated
2026-08-26 15:43:01,262 INFO  [default]   cumulative: 2202
2026-08-26 15:43:01,262 INFO  [default]    inst rate: not used for this commodity code
2026-08-26 15:43:01,262 INFO  [default] commodity code: 7 - Present energy storage/take capacity (W-hr)
2026-08-26 15:43:01,263 INFO  [default]            source: Estimated
2026-08-26 15:43:01,263 INFO  [default]   cumulative: 0
2026-08-26 15:43:01,263 INFO  [default]    inst rate: not used for this commodity code
2026-08-26 15:43:01,263 INFO  [default] commodity code: 10 - Advanced load up total energy storage/take capacity (W-hr)
2026-08-26 15:43:01,263 INFO  [default]            source: Estimated
2026-08-26 15:43:01,263 INFO  [default]   cumulative: 2412
2026-08-26 15:43:01,263 INFO  [default]    inst rate: not used for this commodity code
2026-08-26 15:43:01,263 INFO  [default] commodity code: 11 - Advanced load up present energy storage/take capacity (W-hr)
2026-08-26 15:43:01,264 INFO  [default]            source: Estimated
2026-08-26 15:43:01,264 INFO  [default]   cumulative: 240
2026-08-26 15:43:01,264 INFO  [default]    inst rate: not used for this commodity code
2026-08-26 15:43:01,453 INFO  [default] link ACK received: query_operational_state
2026-08-26 15:43:01,565 INFO  [default] operational state received: 3

Press Enter for a list of commands
2026-08-26 15:43:30,712 INFO  [default] link ACK received: query_operational_state
2026-08-26 15:43:30,823 INFO  [default] operational state received: 3

Press Enter for a list of commands
2026-08-26 15:44:00,978 INFO  [default] link ACK received: get_commodity
2026-08-26 15:44:01,122 INFO  [default] message type supported received: 2
2026-08-26 15:44:01,122 INFO  [default] commodity response received. response code: 0 - success; count: 5
2026-08-26 15:44:01,123 INFO  [default] commodity code: 0 - Electricity consumed (W & W-hr)
2026-08-26 15:44:01,123 INFO  [default]            source: Estimated
2026-08-26 15:44:01,123 INFO  [default]   cumulative: 378693
2026-08-26 15:44:01,123 INFO  [default]    inst rate: 356
2026-08-26 15:44:01,123 INFO  [default] commodity code: 6 - Total energy storage/take capacity (W-hr)
2026-08-26 15:44:01,124 INFO  [default]            source: Estimated
2026-08-26 15:44:01,124 INFO  [default]   cumulative: 2202
2026-08-26 15:44:01,124 INFO  [default]    inst rate: not used for this commodity code
2026-08-26 15:44:01,124 INFO  [default] commodity code: 7 - Present energy storage/take capacity (W-hr)
2026-08-26 15:44:01,124 INFO  [default]            source: Estimated
2026-08-26 15:44:01,124 INFO  [default]   cumulative: 0
2026-08-26 15:44:01,124 INFO  [default]    inst rate: not used for this commodity code
2026-08-26 15:44:01,124 INFO  [default] commodity code: 10 - Advanced load up total energy storage/take capacity (W-hr)
2026-08-26 15:44:01,124 INFO  [default]            source: Estimated
2026-08-26 15:44:01,125 INFO  [default]   cumulative: 2412
2026-08-26 15:44:01,125 INFO  [default]    inst rate: not used for this commodity code
2026-08-26 15:44:01,125 INFO  [default] commodity code: 11 - Advanced load up present energy storage/take capacity (W-hr)
2026-08-26 15:44:01,125 INFO  [default]            source: Estimated
2026-08-26 15:44:01,125 INFO  [default]   cumulative: 210
2026-08-26 15:44:01,125 INFO  [default]    inst rate: not used for this commodity code
2026-08-26 15:44:01,314 INFO  [default] link ACK received: query_operational_state
2026-08-26 15:44:01,410 INFO  [default] operational state received: 3

Press Enter for a list of commands
2026-08-26 15:44:30,557 INFO  [default] link ACK received: query_operational_state
2026-08-26 15:44:30,653 INFO  [default] operational state received: 3

Press Enter for a list of commands
2026-08-26 15:45:00,792 INFO  [default] link ACK received: get_commodity
2026-08-26 15:45:00,936 INFO  [default] message type supported received: 2
2026-08-26 15:45:00,936 INFO  [default] commodity response received. response code: 0 - success; count: 5
2026-08-26 15:45:00,936 INFO  [default] commodity code: 0 - Electricity consumed (W & W-hr)
2026-08-26 15:45:00,937 INFO  [default]            source: Estimated
2026-08-26 15:45:00,937 INFO  [default]   cumulative: 378699
2026-08-26 15:45:00,937 INFO  [default]    inst rate: 356
2026-08-26 15:45:00,937 INFO  [default] commodity code: 6 - Total energy storage/take capacity (W-hr)
2026-08-26 15:45:00,937 INFO  [default]            source: Estimated
2026-08-26 15:45:00,937 INFO  [default]   cumulative: 2202
2026-08-26 15:45:00,937 INFO  [default]    inst rate: not used for this commodity code
2026-08-26 15:45:00,938 INFO  [default] commodity code: 7 - Present energy storage/take capacity (W-hr)
2026-08-26 15:45:00,938 INFO  [default]            source: Estimated
2026-08-26 15:45:00,938 INFO  [default]   cumulative: 0
2026-08-26 15:45:00,938 INFO  [default]    inst rate: not used for this commodity code
2026-08-26 15:45:00,938 INFO  [default] commodity code: 10 - Advanced load up total energy storage/take capacity (W-hr)
2026-08-26 15:45:00,938 INFO  [default]            source: Estimated
2026-08-26 15:45:00,938 INFO  [default]   cumulative: 2412
2026-08-26 15:45:00,938 INFO  [default]    inst rate: not used for this commodity code
2026-08-26 15:45:00,938 INFO  [default] commodity code: 11 - Advanced load up present energy storage/take capacity (W-hr)
2026-08-26 15:45:00,939 INFO  [default]            source: Estimated
2026-08-26 15:45:00,939 INFO  [default]   cumulative: 210
2026-08-26 15:45:00,939 INFO  [default]    inst rate: not used for this commodity code
2026-08-26 15:45:01,128 INFO  [default] link ACK received: query_operational_state
2026-08-26 15:45:01,240 INFO  [default] operational state received: 3

Press Enter for a list of commands
2026-08-26 15:45:31,395 INFO  [default] link ACK received: query_operational_state
2026-08-26 15:45:31,490 INFO  [default] operational state received: 3

Press Enter for a list of commands
2026-08-26 15:46:00,637 INFO  [default] link ACK received: get_commodity
2026-08-26 15:46:00,781 INFO  [default] message type supported received: 2
2026-08-26 15:46:00,782 INFO  [default] commodity response received. response code: 0 - success; count: 5
2026-08-26 15:46:00,782 INFO  [default] commodity code: 0 - Electricity consumed (W & W-hr)
2026-08-26 15:46:00,782 INFO  [default]            source: Estimated
2026-08-26 15:46:00,782 INFO  [default]   cumulative: 378705
2026-08-26 15:46:00,782 INFO  [default]    inst rate: 356
2026-08-26 15:46:00,782 INFO  [default] commodity code: 6 - Total energy storage/take capacity (W-hr)
2026-08-26 15:46:00,783 INFO  [default]            source: Estimated
2026-08-26 15:46:00,783 INFO  [default]   cumulative: 2202
2026-08-26 15:46:00,783 INFO  [default]    inst rate: not used for this commodity code
2026-08-26 15:46:00,783 INFO  [default] commodity code: 7 - Present energy storage/take capacity (W-hr)
2026-08-26 15:46:00,783 INFO  [default]            source: Estimated
2026-08-26 15:46:00,783 INFO  [default]   cumulative: 0
2026-08-26 15:46:00,783 INFO  [default]    inst rate: not used for this commodity code
2026-08-26 15:46:00,784 INFO  [default] commodity code: 10 - Advanced load up total energy storage/take capacity (W-hr)
2026-08-26 15:46:00,784 INFO  [default]            source: Estimated
2026-08-26 15:46:00,784 INFO  [default]   cumulative: 2412
2026-08-26 15:46:00,784 INFO  [default]    inst rate: not used for this commodity code
2026-08-26 15:46:00,784 INFO  [default] commodity code: 11 - Advanced load up present energy storage/take capacity (W-hr)
2026-08-26 15:46:00,784 INFO  [default]            source: Estimated
2026-08-26 15:46:00,784 INFO  [default]   cumulative: 210
2026-08-26 15:46:00,784 INFO  [default]    inst rate: not used for this commodity code
2026-08-26 15:46:00,973 INFO  [default] link ACK received: query_operational_state
2026-08-26 15:46:01,085 INFO  [default] operational state received: 3

Press Enter for a list of commands
2026-08-26 15:46:31,240 INFO  [default] link ACK received: query_operational_state
2026-08-26 15:46:31,336 INFO  [default] operational state received: 3

Press Enter for a list of commands
2026-08-26 15:47:01,491 INFO  [default] link ACK received: get_commodity
2026-08-26 15:47:01,619 INFO  [default] message type supported received: 2
2026-08-26 15:47:01,619 INFO  [default] commodity response received. response code: 0 - success; count: 5
2026-08-26 15:47:01,619 INFO  [default] commodity code: 0 - Electricity consumed (W & W-hr)
2026-08-26 15:47:01,619 INFO  [default]            source: Estimated
2026-08-26 15:47:01,620 INFO  [default]   cumulative: 378711
2026-08-26 15:47:01,620 INFO  [default]    inst rate: 356
2026-08-26 15:47:01,620 INFO  [default] commodity code: 6 - Total energy storage/take capacity (W-hr)
2026-08-26 15:47:01,620 INFO  [default]            source: Estimated
2026-08-26 15:47:01,620 INFO  [default]   cumulative: 2202
2026-08-26 15:47:01,620 INFO  [default]    inst rate: not used for this commodity code
2026-08-26 15:47:01,620 INFO  [default] commodity code: 7 - Present energy storage/take capacity (W-hr)
2026-08-26 15:47:01,620 INFO  [default]            source: Estimated
2026-08-26 15:47:01,621 INFO  [default]   cumulative: 0
2026-08-26 15:47:01,621 INFO  [default]    inst rate: not used for this commodity code
2026-08-26 15:47:01,621 INFO  [default] commodity code: 10 - Advanced load up total energy storage/take capacity (W-hr)
2026-08-26 15:47:01,621 INFO  [default]            source: Estimated
2026-08-26 15:47:01,621 INFO  [default]   cumulative: 2412
2026-08-26 15:47:01,621 INFO  [default]    inst rate: not used for this commodity code
2026-08-26 15:47:01,621 INFO  [default] commodity code: 11 - Advanced load up present energy storage/take capacity (W-hr)
2026-08-26 15:47:01,622 INFO  [default]            source: Estimated
2026-08-26 15:47:01,622 INFO  [default]   cumulative: 210
2026-08-26 15:47:01,622 INFO  [default]    inst rate: not used for this commodity code
2026-08-26 15:47:01,811 INFO  [default] link ACK received: query_operational_state
2026-08-26 15:47:01,923 INFO  [default] operational state received: 3

Press Enter for a list of commands
2026-08-26 15:47:31,070 INFO  [default] link ACK received: query_operational_state
2026-08-26 15:47:31,182 INFO  [default] operational state received: 3

Press Enter for a list of commands
2026-08-26 15:48:01,336 INFO  [default] link ACK received: get_commodity
2026-08-26 15:48:01,464 INFO  [default] message type supported received: 2
2026-08-26 15:48:01,464 INFO  [default] commodity response received. response code: 0 - success; count: 5
2026-08-26 15:48:01,465 INFO  [default] commodity code: 0 - Electricity consumed (W & W-hr)
2026-08-26 15:48:01,465 INFO  [default]            source: Estimated
2026-08-26 15:48:01,465 INFO  [default]   cumulative: 378717
2026-08-26 15:48:01,466 INFO  [default]    inst rate: 356
2026-08-26 15:48:01,466 INFO  [default] commodity code: 6 - Total energy storage/take capacity (W-hr)
2026-08-26 15:48:01,466 INFO  [default]            source: Estimated
2026-08-26 15:48:01,466 INFO  [default]   cumulative: 2202
2026-08-26 15:48:01,466 INFO  [default]    inst rate: not used for this commodity code
2026-08-26 15:48:01,466 INFO  [default] commodity code: 7 - Present energy storage/take capacity (W-hr)
2026-08-26 15:48:01,466 INFO  [default]            source: Estimated
2026-08-26 15:48:01,466 INFO  [default]   cumulative: 0
2026-08-26 15:48:01,466 INFO  [default]    inst rate: not used for this commodity code
2026-08-26 15:48:01,467 INFO  [default] commodity code: 10 - Advanced load up total energy storage/take capacity (W-hr)
2026-08-26 15:48:01,467 INFO  [default]            source: Estimated
2026-08-26 15:48:01,467 INFO  [default]   cumulative: 2412
2026-08-26 15:48:01,467 INFO  [default]    inst rate: not used for this commodity code
2026-08-26 15:48:01,467 INFO  [default] commodity code: 11 - Advanced load up present energy storage/take capacity (W-hr)
2026-08-26 15:48:01,467 INFO  [default]            source: Estimated
2026-08-26 15:48:01,467 INFO  [default]   cumulative: 240
2026-08-26 15:48:01,467 INFO  [default]    inst rate: not used for this commodity code
2026-08-26 15:48:01,656 INFO  [default] link ACK received: query_operational_state
2026-08-26 15:48:01,768 INFO  [default] operational state received: 3

Press Enter for a list of commands
2026-08-26 15:48:30,915 INFO  [default] link ACK received: query_operational_state
2026-08-26 15:48:31,011 INFO  [default] operational state received: 3

Press Enter for a list of commands
2026-08-26 15:49:01,150 INFO  [default] link ACK received: get_commodity
2026-08-26 15:49:01,294 INFO  [default] message type supported received: 2
2026-08-26 15:49:01,294 INFO  [default] commodity response received. response code: 0 - success; count: 5
2026-08-26 15:49:01,295 INFO  [default] commodity code: 0 - Electricity consumed (W & W-hr)
2026-08-26 15:49:01,295 INFO  [default]            source: Estimated
2026-08-26 15:49:01,295 INFO  [default]   cumulative: 378723
2026-08-26 15:49:01,295 INFO  [default]    inst rate: 356
2026-08-26 15:49:01,295 INFO  [default] commodity code: 6 - Total energy storage/take capacity (W-hr)
2026-08-26 15:49:01,295 INFO  [default]            source: Estimated
2026-08-26 15:49:01,295 INFO  [default]   cumulative: 2202
2026-08-26 15:49:01,295 INFO  [default]    inst rate: not used for this commodity code
2026-08-26 15:49:01,296 INFO  [default] commodity code: 7 - Present energy storage/take capacity (W-hr)
2026-08-26 15:49:01,296 INFO  [default]            source: Estimated
2026-08-26 15:49:01,296 INFO  [default]   cumulative: 0
2026-08-26 15:49:01,296 INFO  [default]    inst rate: not used for this commodity code
2026-08-26 15:49:01,296 INFO  [default] commodity code: 10 - Advanced load up total energy storage/take capacity (W-hr)
2026-08-26 15:49:01,296 INFO  [default]            source: Estimated
2026-08-26 15:49:01,296 INFO  [default]   cumulative: 2412
2026-08-26 15:49:01,296 INFO  [default]    inst rate: not used for this commodity code
2026-08-26 15:49:01,297 INFO  [default] commodity code: 11 - Advanced load up present energy storage/take capacity (W-hr)
2026-08-26 15:49:01,297 INFO  [default]            source: Estimated
2026-08-26 15:49:01,297 INFO  [default]   cumulative: 240
2026-08-26 15:49:01,297 INFO  [default]    inst rate: not used for this commodity code
2026-08-26 15:49:01,486 INFO  [default] link ACK received: query_operational_state
2026-08-26 15:49:01,582 INFO  [default] operational state received: 3

Press Enter for a list of commands
2026-08-26 15:49:30,729 INFO  [default] link ACK received: query_operational_state
2026-08-26 15:49:30,825 INFO  [default] operational state received: 3

Press Enter for a list of commands
2026-08-26 15:50:00,979 INFO  [default] link ACK received: get_commodity
2026-08-26 15:50:01,107 INFO  [default] message type supported received: 2
2026-08-26 15:50:01,108 INFO  [default] commodity response received. response code: 0 - success; count: 5
2026-08-26 15:50:01,108 INFO  [default] commodity code: 0 - Electricity consumed (W & W-hr)
2026-08-26 15:50:01,108 INFO  [default]            source: Estimated
2026-08-26 15:50:01,108 INFO  [default]   cumulative: 378729
2026-08-26 15:50:01,108 INFO  [default]    inst rate: 356
2026-08-26 15:50:01,108 INFO  [default] commodity code: 6 - Total energy storage/take capacity (W-hr)
2026-08-26 15:50:01,109 INFO  [default]            source: Estimated
2026-08-26 15:50:01,109 INFO  [default]   cumulative: 2202
2026-08-26 15:50:01,109 INFO  [default]    inst rate: not used for this commodity code
2026-08-26 15:50:01,109 INFO  [default] commodity code: 7 - Present energy storage/take capacity (W-hr)
2026-08-26 15:50:01,109 INFO  [default]            source: Estimated
2026-08-26 15:50:01,109 INFO  [default]   cumulative: 0
2026-08-26 15:50:01,109 INFO  [default]    inst rate: not used for this commodity code
2026-08-26 15:50:01,109 INFO  [default] commodity code: 10 - Advanced load up total energy storage/take capacity (W-hr)
2026-08-26 15:50:01,109 INFO  [default]            source: Estimated
2026-08-26 15:50:01,109 INFO  [default]   cumulative: 2412
2026-08-26 15:50:01,110 INFO  [default]    inst rate: not used for this commodity code
2026-08-26 15:50:01,110 INFO  [default] commodity code: 11 - Advanced load up present energy storage/take capacity (W-hr)
2026-08-26 15:50:01,110 INFO  [default]            source: Estimated
2026-08-26 15:50:01,110 INFO  [default]   cumulative: 240
2026-08-26 15:50:01,110 INFO  [default]    inst rate: not used for this commodity code
2026-08-26 15:50:01,299 INFO  [default] link ACK received: query_operational_state
2026-08-26 15:50:01,411 INFO  [default] operational state received: 3

Press Enter for a list of commands
1787784601,o,0 (PASSED!)
outside communication found
2026-08-26 15:50:02,499 INFO  [default] link ACK received: outside_communication
2026-08-26 15:50:02,611 INFO  [default] app ack received
2026-08-26 15:50:30,750 INFO  [default] link ACK received: query_operational_state
2026-08-26 15:50:30,846 INFO  [default] operational state received: 3

Press Enter for a list of commands
2026-08-26 15:51:00,985 INFO  [default] link ACK received: get_commodity
2026-08-26 15:51:01,129 INFO  [default] message type supported received: 2
2026-08-26 15:51:01,129 INFO  [default] commodity response received. response code: 0 - success; count: 5
2026-08-26 15:51:01,130 INFO  [default] commodity code: 0 - Electricity consumed (W & W-hr)
2026-08-26 15:51:01,130 INFO  [default]            source: Estimated
2026-08-26 15:51:01,130 INFO  [default]   cumulative: 378735
2026-08-26 15:51:01,130 INFO  [default]    inst rate: 356
2026-08-26 15:51:01,130 INFO  [default] commodity code: 6 - Total energy storage/take capacity (W-hr)
2026-08-26 15:51:01,130 INFO  [default]            source: Estimated
2026-08-26 15:51:01,130 INFO  [default]   cumulative: 2202
2026-08-26 15:51:01,130 INFO  [default]    inst rate: not used for this commodity code
2026-08-26 15:51:01,130 INFO  [default] commodity code: 7 - Present energy storage/take capacity (W-hr)
2026-08-26 15:51:01,130 INFO  [default]            source: Estimated
2026-08-26 15:51:01,131 INFO  [default]   cumulative: 0
2026-08-26 15:51:01,131 INFO  [default]    inst rate: not used for this commodity code
2026-08-26 15:51:01,131 INFO  [default] commodity code: 10 - Advanced load up total energy storage/take capacity (W-hr)
2026-08-26 15:51:01,131 INFO  [default]            source: Estimated
2026-08-26 15:51:01,131 INFO  [default]   cumulative: 2412
2026-08-26 15:51:01,131 INFO  [default]    inst rate: not used for this commodity code
2026-08-26 15:51:01,131 INFO  [default] commodity code: 11 - Advanced load up present energy storage/take capacity (W-hr)
2026-08-26 15:51:01,131 INFO  [default]            source: Estimated
2026-08-26 15:51:01,131 INFO  [default]   cumulative: 210
2026-08-26 15:51:01,131 INFO  [default]    inst rate: not used for this commodity code
2026-08-26 15:51:01,321 INFO  [default] link ACK received: query_operational_state
2026-08-26 15:51:01,417 INFO  [default] operational state received: 3

Press Enter for a list of commands
2026-08-26 15:51:30,564 INFO  [default] link ACK received: query_operational_state
2026-08-26 15:51:30,660 INFO  [default] operational state received: 3

Press Enter for a list of commands
2026-08-26 15:52:00,799 INFO  [default] link ACK received: get_commodity
2026-08-26 15:52:00,942 INFO  [default] message type supported received: 2
2026-08-26 15:52:00,943 INFO  [default] commodity response received. response code: 0 - success; count: 5
2026-08-26 15:52:00,943 INFO  [default] commodity code: 0 - Electricity consumed (W & W-hr)
2026-08-26 15:52:00,943 INFO  [default]            source: Estimated
2026-08-26 15:52:00,943 INFO  [default]   cumulative: 378741
2026-08-26 15:52:00,944 INFO  [default]    inst rate: 356
2026-08-26 15:52:00,944 INFO  [default] commodity code: 6 - Total energy storage/take capacity (W-hr)
2026-08-26 15:52:00,944 INFO  [default]            source: Estimated
2026-08-26 15:52:00,944 INFO  [default]   cumulative: 2202
2026-08-26 15:52:00,944 INFO  [default]    inst rate: not used for this commodity code
2026-08-26 15:52:00,944 INFO  [default] commodity code: 7 - Present energy storage/take capacity (W-hr)
2026-08-26 15:52:00,944 INFO  [default]            source: Estimated
2026-08-26 15:52:00,944 INFO  [default]   cumulative: 0
2026-08-26 15:52:00,944 INFO  [default]    inst rate: not used for this commodity code
2026-08-26 15:52:00,945 INFO  [default] commodity code: 10 - Advanced load up total energy storage/take capacity (W-hr)
2026-08-26 15:52:00,945 INFO  [default]            source: Estimated
2026-08-26 15:52:00,945 INFO  [default]   cumulative: 2412
2026-08-26 15:52:00,945 INFO  [default]    inst rate: not used for this commodity code
2026-08-26 15:52:00,945 INFO  [default] commodity code: 11 - Advanced load up present energy storage/take capacity (W-hr)
2026-08-26 15:52:00,945 INFO  [default]            source: Estimated
2026-08-26 15:52:00,945 INFO  [default]   cumulative: 210
2026-08-26 15:52:00,946 INFO  [default]    inst rate: not used for this commodity code
2026-08-26 15:52:01,134 INFO  [default] link ACK received: query_operational_state
2026-08-26 15:52:01,246 INFO  [default] operational state received: 3

Press Enter for a list of commands
2026-08-26 15:52:31,401 INFO  [default] link ACK received: query_operational_state
2026-08-26 15:52:31,497 INFO  [default] operational state received: 3

Press Enter for a list of commands
2026-08-26 15:53:00,644 INFO  [default] link ACK received: get_commodity
2026-08-26 15:53:00,788 INFO  [default] message type supported received: 2
2026-08-26 15:53:00,788 INFO  [default] commodity response received. response code: 0 - success; count: 5
2026-08-26 15:53:00,789 INFO  [default] commodity code: 0 - Electricity consumed (W & W-hr)
2026-08-26 15:53:00,789 INFO  [default]            source: Estimated
2026-08-26 15:53:00,789 INFO  [default]   cumulative: 378747
2026-08-26 15:53:00,789 INFO  [default]    inst rate: 356
2026-08-26 15:53:00,789 INFO  [default] commodity code: 6 - Total energy storage/take capacity (W-hr)
2026-08-26 15:53:00,789 INFO  [default]            source: Estimated
2026-08-26 15:53:00,790 INFO  [default]   cumulative: 2202
2026-08-26 15:53:00,790 INFO  [default]    inst rate: not used for this commodity code
2026-08-26 15:53:00,790 INFO  [default] commodity code: 7 - Present energy storage/take capacity (W-hr)
2026-08-26 15:53:00,790 INFO  [default]            source: Estimated
2026-08-26 15:53:00,790 INFO  [default]   cumulative: 0
2026-08-26 15:53:00,790 INFO  [default]    inst rate: not used for this commodity code
2026-08-26 15:53:00,790 INFO  [default] commodity code: 10 - Advanced load up total energy storage/take capacity (W-hr)
2026-08-26 15:53:00,790 INFO  [default]            source: Estimated
2026-08-26 15:53:00,791 INFO  [default]   cumulative: 2412
2026-08-26 15:53:00,791 INFO  [default]    inst rate: not used for this commodity code
2026-08-26 15:53:00,791 INFO  [default] commodity code: 11 - Advanced load up present energy storage/take capacity (W-hr)
2026-08-26 15:53:00,791 INFO  [default]            source: Estimated
2026-08-26 15:53:00,791 INFO  [default]   cumulative: 210
2026-08-26 15:53:00,791 INFO  [default]    inst rate: not used for this commodity code
2026-08-26 15:53:00,980 INFO  [default] link ACK received: query_operational_state
2026-08-26 15:53:01,092 INFO  [default] operational state received: 3

Press Enter for a list of commands
2026-08-26 15:53:31,247 INFO  [default] link ACK received: query_operational_state
2026-08-26 15:53:31,343 INFO  [default] operational state received: 3

Press Enter for a list of commands
2026-08-26 15:54:01,482 INFO  [default] link ACK received: get_commodity
2026-08-26 15:54:01,625 INFO  [default] message type supported received: 2
2026-08-26 15:54:01,626 INFO  [default] commodity response received. response code: 0 - success; count: 5
2026-08-26 15:54:01,626 INFO  [default] commodity code: 0 - Electricity consumed (W & W-hr)
2026-08-26 15:54:01,626 INFO  [default]            source: Estimated
2026-08-26 15:54:01,626 INFO  [default]   cumulative: 378753
2026-08-26 15:54:01,627 INFO  [default]    inst rate: 356
2026-08-26 15:54:01,627 INFO  [default] commodity code: 6 - Total energy storage/take capacity (W-hr)
2026-08-26 15:54:01,627 INFO  [default]            source: Estimated
2026-08-26 15:54:01,627 INFO  [default]   cumulative: 2202
2026-08-26 15:54:01,627 INFO  [default]    inst rate: not used for this commodity code
2026-08-26 15:54:01,627 INFO  [default] commodity code: 7 - Present energy storage/take capacity (W-hr)
2026-08-26 15:54:01,627 INFO  [default]            source: Estimated
2026-08-26 15:54:01,627 INFO  [default]   cumulative: 0
2026-08-26 15:54:01,627 INFO  [default]    inst rate: not used for this commodity code
2026-08-26 15:54:01,628 INFO  [default] commodity code: 10 - Advanced load up total energy storage/take capacity (W-hr)
2026-08-26 15:54:01,628 INFO  [default]            source: Estimated
2026-08-26 15:54:01,628 INFO  [default]   cumulative: 2412
2026-08-26 15:54:01,628 INFO  [default]    inst rate: not used for this commodity code
2026-08-26 15:54:01,628 INFO  [default] commodity code: 11 - Advanced load up present energy storage/take capacity (W-hr)
2026-08-26 15:54:01,628 INFO  [default]            source: Estimated
2026-08-26 15:54:01,628 INFO  [default]   cumulative: 180
2026-08-26 15:54:01,628 INFO  [default]    inst rate: not used for this commodity code
2026-08-26 15:54:01,817 INFO  [default] link ACK received: query_operational_state
2026-08-26 15:54:01,929 INFO  [default] operational state received: 3

Press Enter for a list of commands
2026-08-26 15:54:31,076 INFO  [default] link ACK received: query_operational_state
2026-08-26 15:54:31,172 INFO  [default] operational state received: 3

Press Enter for a list of commands
2026-08-26 15:55:01,311 INFO  [default] link ACK received: get_commodity
2026-08-26 15:55:01,455 INFO  [default] message type supported received: 2
2026-08-26 15:55:01,455 INFO  [default] commodity response received. response code: 0 - success; count: 5
2026-08-26 15:55:01,456 INFO  [default] commodity code: 0 - Electricity consumed (W & W-hr)
2026-08-26 15:55:01,456 INFO  [default]            source: Estimated
2026-08-26 15:55:01,456 INFO  [default]   cumulative: 378759
2026-08-26 15:55:01,456 INFO  [default]    inst rate: 356
2026-08-26 15:55:01,456 INFO  [default] commodity code: 6 - Total energy storage/take capacity (W-hr)
2026-08-26 15:55:01,456 INFO  [default]            source: Estimated
2026-08-26 15:55:01,457 INFO  [default]   cumulative: 2202
2026-08-26 15:55:01,457 INFO  [default]    inst rate: not used for this commodity code
2026-08-26 15:55:01,457 INFO  [default] commodity code: 7 - Present energy storage/take capacity (W-hr)
2026-08-26 15:55:01,457 INFO  [default]            source: Estimated
2026-08-26 15:55:01,457 INFO  [default]   cumulative: 0
2026-08-26 15:55:01,457 INFO  [default]    inst rate: not used for this commodity code
2026-08-26 15:55:01,457 INFO  [default] commodity code: 10 - Advanced load up total energy storage/take capacity (W-hr)
2026-08-26 15:55:01,458 INFO  [default]            source: Estimated
2026-08-26 15:55:01,458 INFO  [default]   cumulative: 2412
2026-08-26 15:55:01,458 INFO  [default]    inst rate: not used for this commodity code
2026-08-26 15:55:01,458 INFO  [default] commodity code: 11 - Advanced load up present energy storage/take capacity (W-hr)
2026-08-26 15:55:01,458 INFO  [default]            source: Estimated
2026-08-26 15:55:01,458 INFO  [default]   cumulative: 180
2026-08-26 15:55:01,458 INFO  [default]    inst rate: not used for this commodity code
2026-08-26 15:55:01,647 INFO  [default] link ACK received: query_operational_state
2026-08-26 15:55:01,743 INFO  [default] operational state received: 3

Press Enter for a list of commands
2026-08-26 15:55:30,890 INFO  [default] link ACK received: query_operational_state
2026-08-26 15:55:31,002 INFO  [default] operational state received: 3

Press Enter for a list of commands
2026-08-26 15:56:01,157 INFO  [default] link ACK received: get_commodity
2026-08-26 15:56:01,301 INFO  [default] message type supported received: 2
2026-08-26 15:56:01,301 INFO  [default] commodity response received. response code: 0 - success; count: 5
2026-08-26 15:56:01,301 INFO  [default] commodity code: 0 - Electricity consumed (W & W-hr)
2026-08-26 15:56:01,301 INFO  [default]            source: Estimated
2026-08-26 15:56:01,302 INFO  [default]   cumulative: 378765
2026-08-26 15:56:01,302 INFO  [default]    inst rate: 356
2026-08-26 15:56:01,302 INFO  [default] commodity code: 6 - Total energy storage/take capacity (W-hr)
2026-08-26 15:56:01,302 INFO  [default]            source: Estimated
2026-08-26 15:56:01,302 INFO  [default]   cumulative: 2202
2026-08-26 15:56:01,302 INFO  [default]    inst rate: not used for this commodity code
2026-08-26 15:56:01,302 INFO  [default] commodity code: 7 - Present energy storage/take capacity (W-hr)
2026-08-26 15:56:01,302 INFO  [default]            source: Estimated
2026-08-26 15:56:01,303 INFO  [default]   cumulative: 0
2026-08-26 15:56:01,303 INFO  [default]    inst rate: not used for this commodity code
2026-08-26 15:56:01,303 INFO  [default] commodity code: 10 - Advanced load up total energy storage/take capacity (W-hr)
2026-08-26 15:56:01,303 INFO  [default]            source: Estimated
2026-08-26 15:56:01,303 INFO  [default]   cumulative: 2412
2026-08-26 15:56:01,303 INFO  [default]    inst rate: not used for this commodity code
2026-08-26 15:56:01,303 INFO  [default] commodity code: 11 - Advanced load up present energy storage/take capacity (W-hr)
2026-08-26 15:56:01,303 INFO  [default]            source: Estimated
2026-08-26 15:56:01,303 INFO  [default]   cumulative: 180
2026-08-26 15:56:01,304 INFO  [default]    inst rate: not used for this commodity code
2026-08-26 15:56:01,493 INFO  [default] link ACK received: query_operational_state
2026-08-26 15:56:01,589 INFO  [default] operational state received: 3

Press Enter for a list of commands
2026-08-26 15:56:30,735 INFO  [default] link ACK received: query_operational_state
2026-08-26 15:56:30,831 INFO  [default] operational state received: 3

Press Enter for a list of commands
2026-08-26 15:57:00,986 INFO  [default] link ACK received: get_commodity
2026-08-26 15:57:01,114 INFO  [default] message type supported received: 2
2026-08-26 15:57:01,114 INFO  [default] commodity response received. response code: 0 - success; count: 5
2026-08-26 15:57:01,115 INFO  [default] commodity code: 0 - Electricity consumed (W & W-hr)
2026-08-26 15:57:01,115 INFO  [default]            source: Estimated
2026-08-26 15:57:01,115 INFO  [default]   cumulative: 378771
2026-08-26 15:57:01,115 INFO  [default]    inst rate: 356
2026-08-26 15:57:01,115 INFO  [default] commodity code: 6 - Total energy storage/take capacity (W-hr)
2026-08-26 15:57:01,115 INFO  [default]            source: Estimated
2026-08-26 15:57:01,116 INFO  [default]   cumulative: 2202
2026-08-26 15:57:01,116 INFO  [default]    inst rate: not used for this commodity code
2026-08-26 15:57:01,116 INFO  [default] commodity code: 7 - Present energy storage/take capacity (W-hr)
2026-08-26 15:57:01,116 INFO  [default]            source: Estimated
2026-08-26 15:57:01,116 INFO  [default]   cumulative: 0
2026-08-26 15:57:01,116 INFO  [default]    inst rate: not used for this commodity code
2026-08-26 15:57:01,116 INFO  [default] commodity code: 10 - Advanced load up total energy storage/take capacity (W-hr)
2026-08-26 15:57:01,116 INFO  [default]            source: Estimated
2026-08-26 15:57:01,117 INFO  [default]   cumulative: 2412
2026-08-26 15:57:01,117 INFO  [default]    inst rate: not used for this commodity code
2026-08-26 15:57:01,117 INFO  [default] commodity code: 11 - Advanced load up present energy storage/take capacity (W-hr)
2026-08-26 15:57:01,117 INFO  [default]            source: Estimated
2026-08-26 15:57:01,117 INFO  [default]   cumulative: 180
2026-08-26 15:57:01,117 INFO  [default]    inst rate: not used for this commodity code
2026-08-26 15:57:01,306 INFO  [default] link ACK received: query_operational_state
2026-08-26 15:57:01,418 INFO  [default] operational state received: 3

Press Enter for a list of commands
2026-08-26 15:57:30,565 INFO  [default] link ACK received: query_operational_state
2026-08-26 15:57:30,677 INFO  [default] operational state received: 3

Press Enter for a list of commands
2026-08-26 15:58:00,832 INFO  [default] link ACK received: get_commodity
2026-08-26 15:58:00,960 INFO  [default] message type supported received: 2
2026-08-26 15:58:00,960 INFO  [default] commodity response received. response code: 0 - success; count: 5
2026-08-26 15:58:00,960 INFO  [default] commodity code: 0 - Electricity consumed (W & W-hr)
2026-08-26 15:58:00,960 INFO  [default]            source: Estimated
2026-08-26 15:58:00,961 INFO  [default]   cumulative: 378777
2026-08-26 15:58:00,961 INFO  [default]    inst rate: 356
2026-08-26 15:58:00,961 INFO  [default] commodity code: 6 - Total energy storage/take capacity (W-hr)
2026-08-26 15:58:00,961 INFO  [default]            source: Estimated
2026-08-26 15:58:00,961 INFO  [default]   cumulative: 2202
2026-08-26 15:58:00,961 INFO  [default]    inst rate: not used for this commodity code
2026-08-26 15:58:00,961 INFO  [default] commodity code: 7 - Present energy storage/take capacity (W-hr)
2026-08-26 15:58:00,962 INFO  [default]            source: Estimated
2026-08-26 15:58:00,962 INFO  [default]   cumulative: 0
2026-08-26 15:58:00,962 INFO  [default]    inst rate: not used for this commodity code
2026-08-26 15:58:00,962 INFO  [default] commodity code: 10 - Advanced load up total energy storage/take capacity (W-hr)
2026-08-26 15:58:00,962 INFO  [default]            source: Estimated
2026-08-26 15:58:00,962 INFO  [default]   cumulative: 2412
2026-08-26 15:58:00,962 INFO  [default]    inst rate: not used for this commodity code
2026-08-26 15:58:00,962 INFO  [default] commodity code: 11 - Advanced load up present energy storage/take capacity (W-hr)
2026-08-26 15:58:00,963 INFO  [default]            source: Estimated
2026-08-26 15:58:00,963 INFO  [default]   cumulative: 180
2026-08-26 15:58:00,963 INFO  [default]    inst rate: not used for this commodity code
2026-08-26 15:58:01,152 INFO  [default] link ACK received: query_operational_state
2026-08-26 15:58:01,264 INFO  [default] operational state received: 3

Press Enter for a list of commands
2026-08-26 15:58:31,418 INFO  [default] link ACK received: query_operational_state
2026-08-26 15:58:31,514 INFO  [default] operational state received: 3

Press Enter for a list of commands
2026-08-26 15:59:00,661 INFO  [default] link ACK received: get_commodity
2026-08-26 15:59:00,805 INFO  [default] message type supported received: 2
2026-08-26 15:59:00,805 INFO  [default] commodity response received. response code: 0 - success; count: 5
2026-08-26 15:59:00,806 INFO  [default] commodity code: 0 - Electricity consumed (W & W-hr)
2026-08-26 15:59:00,806 INFO  [default]            source: Estimated
2026-08-26 15:59:00,806 INFO  [default]   cumulative: 378783
2026-08-26 15:59:00,806 INFO  [default]    inst rate: 356
2026-08-26 15:59:00,807 INFO  [default] commodity code: 6 - Total energy storage/take capacity (W-hr)
2026-08-26 15:59:00,807 INFO  [default]            source: Estimated
2026-08-26 15:59:00,807 INFO  [default]   cumulative: 2202
2026-08-26 15:59:00,807 INFO  [default]    inst rate: not used for this commodity code
2026-08-26 15:59:00,807 INFO  [default] commodity code: 7 - Present energy storage/take capacity (W-hr)
2026-08-26 15:59:00,807 INFO  [default]            source: Estimated
2026-08-26 15:59:00,807 INFO  [default]   cumulative: 0
2026-08-26 15:59:00,807 INFO  [default]    inst rate: not used for this commodity code
2026-08-26 15:59:00,808 INFO  [default] commodity code: 10 - Advanced load up total energy storage/take capacity (W-hr)
2026-08-26 15:59:00,808 INFO  [default]            source: Estimated
2026-08-26 15:59:00,808 INFO  [default]   cumulative: 2412
2026-08-26 15:59:00,808 INFO  [default]    inst rate: not used for this commodity code
2026-08-26 15:59:00,808 INFO  [default] commodity code: 11 - Advanced load up present energy storage/take capacity (W-hr)
2026-08-26 15:59:00,808 INFO  [default]            source: Estimated
2026-08-26 15:59:00,808 INFO  [default]   cumulative: 180
2026-08-26 15:59:00,808 INFO  [default]    inst rate: not used for this commodity code
2026-08-26 15:59:00,997 INFO  [default] link ACK received: query_operational_state
2026-08-26 15:59:01,109 INFO  [default] operational state received: 3

Press Enter for a list of commands
2026-08-26 15:59:31,264 INFO  [default] link ACK received: query_operational_state
2026-08-26 15:59:31,360 INFO  [default] operational state received: 3

Press Enter for a list of commands
2026-08-26 16:00:01,515 INFO  [default] link ACK received: get_commodity
2026-08-26 16:00:01,643 INFO  [default] message type supported received: 2
2026-08-26 16:00:01,643 INFO  [default] commodity response received. response code: 0 - success; count: 5
2026-08-26 16:00:01,643 INFO  [default] commodity code: 0 - Electricity consumed (W & W-hr)
2026-08-26 16:00:01,644 INFO  [default]            source: Estimated
2026-08-26 16:00:01,644 INFO  [default]   cumulative: 378789
2026-08-26 16:00:01,644 INFO  [default]    inst rate: 356
2026-08-26 16:00:01,644 INFO  [default] commodity code: 6 - Total energy storage/take capacity (W-hr)
2026-08-26 16:00:01,644 INFO  [default]            source: Estimated
2026-08-26 16:00:01,644 INFO  [default]   cumulative: 2202
2026-08-26 16:00:01,644 INFO  [default]    inst rate: not used for this commodity code
2026-08-26 16:00:01,644 INFO  [default] commodity code: 7 - Present energy storage/take capacity (W-hr)
2026-08-26 16:00:01,645 INFO  [default]            source: Estimated
2026-08-26 16:00:01,645 INFO  [default]   cumulative: 0
2026-08-26 16:00:01,645 INFO  [default]    inst rate: not used for this commodity code
2026-08-26 16:00:01,645 INFO  [default] commodity code: 10 - Advanced load up total energy storage/take capacity (W-hr)
2026-08-26 16:00:01,645 INFO  [default]            source: Estimated
2026-08-26 16:00:01,645 INFO  [default]   cumulative: 2412
2026-08-26 16:00:01,645 INFO  [default]    inst rate: not used for this commodity code
2026-08-26 16:00:01,646 INFO  [default] commodity code: 11 - Advanced load up present energy storage/take capacity (W-hr)
2026-08-26 16:00:01,646 INFO  [default]            source: Estimated
2026-08-26 16:00:01,646 INFO  [default]   cumulative: 150
2026-08-26 16:00:01,646 INFO  [default]    inst rate: not used for this commodity code
2026-08-26 16:00:01,835 INFO  [default] link ACK received: query_operational_state
2026-08-26 16:00:01,947 INFO  [default] operational state received: 3

Press Enter for a list of commands
2026-08-26 16:00:31,094 INFO  [default] link ACK received: query_operational_state
2026-08-26 16:00:31,205 INFO  [default] operational state received: 3

Press Enter for a list of commands
2026-08-26 16:01:01,344 INFO  [default] link ACK received: get_commodity
2026-08-26 16:01:01,488 INFO  [default] message type supported received: 2
2026-08-26 16:01:01,488 INFO  [default] commodity response received. response code: 0 - success; count: 5
2026-08-26 16:01:01,488 INFO  [default] commodity code: 0 - Electricity consumed (W & W-hr)
2026-08-26 16:01:01,488 INFO  [default]            source: Estimated
2026-08-26 16:01:01,489 INFO  [default]   cumulative: 378795
2026-08-26 16:01:01,489 INFO  [default]    inst rate: 356
2026-08-26 16:01:01,489 INFO  [default] commodity code: 6 - Total energy storage/take capacity (W-hr)
2026-08-26 16:01:01,489 INFO  [default]            source: Estimated
2026-08-26 16:01:01,489 INFO  [default]   cumulative: 2202
2026-08-26 16:01:01,489 INFO  [default]    inst rate: not used for this commodity code
2026-08-26 16:01:01,489 INFO  [default] commodity code: 7 - Present energy storage/take capacity (W-hr)
2026-08-26 16:01:01,489 INFO  [default]            source: Estimated
2026-08-26 16:01:01,489 INFO  [default]   cumulative: 0
2026-08-26 16:01:01,489 INFO  [default]    inst rate: not used for this commodity code
2026-08-26 16:01:01,489 INFO  [default] commodity code: 10 - Advanced load up total energy storage/take capacity (W-hr)
2026-08-26 16:01:01,489 INFO  [default]            source: Estimated
2026-08-26 16:01:01,489 INFO  [default]   cumulative: 2412
2026-08-26 16:01:01,489 INFO  [default]    inst rate: not used for this commodity code
2026-08-26 16:01:01,489 INFO  [default] commodity code: 11 - Advanced load up present energy storage/take capacity (W-hr)
2026-08-26 16:01:01,489 INFO  [default]            source: Estimated
2026-08-26 16:01:01,489 INFO  [default]   cumulative: 150
2026-08-26 16:01:01,489 INFO  [default]    inst rate: not used for this commodity code
2026-08-26 16:01:01,680 INFO  [default] link ACK received: query_operational_state
2026-08-26 16:01:01,776 INFO  [default] operational state received: 3

Press Enter for a list of commands
2026-08-26 16:01:30,923 INFO  [default] link ACK received: query_operational_state
2026-08-26 16:01:31,019 INFO  [default] operational state received: 3

Press Enter for a list of commands
2026-08-26 16:02:01,158 INFO  [default] link ACK received: get_commodity
2026-08-26 16:02:01,302 INFO  [default] message type supported received: 2
2026-08-26 16:02:01,302 INFO  [default] commodity response received. response code: 0 - success; count: 5
2026-08-26 16:02:01,302 INFO  [default] commodity code: 0 - Electricity consumed (W & W-hr)
2026-08-26 16:02:01,303 INFO  [default]            source: Estimated
2026-08-26 16:02:01,303 INFO  [default]   cumulative: 378801
2026-08-26 16:02:01,303 INFO  [default]    inst rate: 356
2026-08-26 16:02:01,303 INFO  [default] commodity code: 6 - Total energy storage/take capacity (W-hr)
2026-08-26 16:02:01,303 INFO  [default]            source: Estimated
2026-08-26 16:02:01,303 INFO  [default]   cumulative: 2202
2026-08-26 16:02:01,303 INFO  [default]    inst rate: not used for this commodity code
2026-08-26 16:02:01,303 INFO  [default] commodity code: 7 - Present energy storage/take capacity (W-hr)
2026-08-26 16:02:01,304 INFO  [default]            source: Estimated
2026-08-26 16:02:01,304 INFO  [default]   cumulative: 0
2026-08-26 16:02:01,304 INFO  [default]    inst rate: not used for this commodity code
2026-08-26 16:02:01,304 INFO  [default] commodity code: 10 - Advanced load up total energy storage/take capacity (W-hr)
2026-08-26 16:02:01,304 INFO  [default]            source: Estimated
2026-08-26 16:02:01,304 INFO  [default]   cumulative: 2412
2026-08-26 16:02:01,304 INFO  [default]    inst rate: not used for this commodity code
2026-08-26 16:02:01,304 INFO  [default] commodity code: 11 - Advanced load up present energy storage/take capacity (W-hr)
2026-08-26 16:02:01,305 INFO  [default]            source: Estimated
2026-08-26 16:02:01,305 INFO  [default]   cumulative: 150
2026-08-26 16:02:01,305 INFO  [default]    inst rate: not used for this commodity code
2026-08-26 16:02:01,494 INFO  [default] link ACK received: query_operational_state
2026-08-26 16:02:01,590 INFO  [default] operational state received: 3

Press Enter for a list of commands
2026-08-26 16:02:30,737 INFO  [default] link ACK received: query_operational_state
2026-08-26 16:02:30,849 INFO  [default] operational state received: 3

Press Enter for a list of commands
2026-08-26 16:03:01,003 INFO  [default] link ACK received: get_commodity
2026-08-26 16:03:01,131 INFO  [default] message type supported received: 2
2026-08-26 16:03:01,132 INFO  [default] commodity response received. response code: 0 - success; count: 5
2026-08-26 16:03:01,132 INFO  [default] commodity code: 0 - Electricity consumed (W & W-hr)
2026-08-26 16:03:01,132 INFO  [default]            source: Estimated
2026-08-26 16:03:01,132 INFO  [default]   cumulative: 378807
2026-08-26 16:03:01,132 INFO  [default]    inst rate: 356
2026-08-26 16:03:01,132 INFO  [default] commodity code: 6 - Total energy storage/take capacity (W-hr)
2026-08-26 16:03:01,132 INFO  [default]            source: Estimated
2026-08-26 16:03:01,133 INFO  [default]   cumulative: 2202
2026-08-26 16:03:01,133 INFO  [default]    inst rate: not used for this commodity code
2026-08-26 16:03:01,133 INFO  [default] commodity code: 7 - Present energy storage/take capacity (W-hr)
2026-08-26 16:03:01,133 INFO  [default]            source: Estimated
2026-08-26 16:03:01,133 INFO  [default]   cumulative: 0
2026-08-26 16:03:01,133 INFO  [default]    inst rate: not used for this commodity code
2026-08-26 16:03:01,133 INFO  [default] commodity code: 10 - Advanced load up total energy storage/take capacity (W-hr)
2026-08-26 16:03:01,133 INFO  [default]            source: Estimated
2026-08-26 16:03:01,133 INFO  [default]   cumulative: 2412
2026-08-26 16:03:01,133 INFO  [default]    inst rate: not used for this commodity code
2026-08-26 16:03:01,133 INFO  [default] commodity code: 11 - Advanced load up present energy storage/take capacity (W-hr)
2026-08-26 16:03:01,133 INFO  [default]            source: Estimated
2026-08-26 16:03:01,134 INFO  [default]   cumulative: 150
2026-08-26 16:03:01,134 INFO  [default]    inst rate: not used for this commodity code
2026-08-26 16:03:01,323 INFO  [default] link ACK received: query_operational_state
2026-08-26 16:03:01,435 INFO  [default] operational state received: 3

Press Enter for a list of commands
2026-08-26 16:03:30,582 INFO  [default] link ACK received: query_operational_state
2026-08-26 16:03:30,694 INFO  [default] operational state received: 5

Press Enter for a list of commands
1787785411,o,0 (PASSED!)
outside communication found
2026-08-26 16:03:31,782 INFO  [default] link ACK received: outside_communication
2026-08-26 16:03:31,894 INFO  [default] app ack received
2026-08-26 16:04:01,041 INFO  [default] link ACK received: get_commodity
2026-08-26 16:04:01,169 INFO  [default] message type supported received: 2
2026-08-26 16:04:01,169 INFO  [default] commodity response received. response code: 0 - success; count: 5
2026-08-26 16:04:01,169 INFO  [default] commodity code: 0 - Electricity consumed (W & W-hr)
2026-08-26 16:04:01,169 INFO  [default]            source: Estimated
2026-08-26 16:04:01,170 INFO  [default]   cumulative: 378813
2026-08-26 16:04:01,170 INFO  [default]    inst rate: 356
2026-08-26 16:04:01,170 INFO  [default] commodity code: 6 - Total energy storage/take capacity (W-hr)
2026-08-26 16:04:01,170 INFO  [default]            source: Estimated
2026-08-26 16:04:01,170 INFO  [default]   cumulative: 2202
2026-08-26 16:04:01,170 INFO  [default]    inst rate: not used for this commodity code
2026-08-26 16:04:01,170 INFO  [default] commodity code: 7 - Present energy storage/take capacity (W-hr)
2026-08-26 16:04:01,170 INFO  [default]            source: Estimated
2026-08-26 16:04:01,170 INFO  [default]   cumulative: 0
2026-08-26 16:04:01,170 INFO  [default]    inst rate: not used for this commodity code
2026-08-26 16:04:01,171 INFO  [default] commodity code: 10 - Advanced load up total energy storage/take capacity (W-hr)
2026-08-26 16:04:01,171 INFO  [default]            source: Estimated
2026-08-26 16:04:01,171 INFO  [default]   cumulative: 2412
2026-08-26 16:04:01,171 INFO  [default]    inst rate: not used for this commodity code
2026-08-26 16:04:01,171 INFO  [default] commodity code: 11 - Advanced load up present energy storage/take capacity (W-hr)
2026-08-26 16:04:01,171 INFO  [default]            source: Estimated
2026-08-26 16:04:01,171 INFO  [default]   cumulative: 150
2026-08-26 16:04:01,171 INFO  [default]    inst rate: not used for this commodity code
2026-08-26 16:04:01,361 INFO  [default] link ACK received: query_operational_state
2026-08-26 16:04:01,473 INFO  [default] operational state received: 3

Press Enter for a list of commands
2026-08-26 16:04:30,620 INFO  [default] link ACK received: query_operational_state
2026-08-26 16:04:30,732 INFO  [default] operational state received: 3

Press Enter for a list of commands
2026-08-26 16:05:00,886 INFO  [default] link ACK received: get_commodity
2026-08-26 16:05:01,015 INFO  [default] message type supported received: 2
2026-08-26 16:05:01,015 INFO  [default] commodity response received. response code: 0 - success; count: 5
2026-08-26 16:05:01,015 INFO  [default] commodity code: 0 - Electricity consumed (W & W-hr)
2026-08-26 16:05:01,016 INFO  [default]            source: Estimated
2026-08-26 16:05:01,016 INFO  [default]   cumulative: 378819
2026-08-26 16:05:01,016 INFO  [default]    inst rate: 356
2026-08-26 16:05:01,016 INFO  [default] commodity code: 6 - Total energy storage/take capacity (W-hr)
2026-08-26 16:05:01,016 INFO  [default]            source: Estimated
2026-08-26 16:05:01,016 INFO  [default]   cumulative: 2202
2026-08-26 16:05:01,016 INFO  [default]    inst rate: not used for this commodity code
2026-08-26 16:05:01,016 INFO  [default] commodity code: 7 - Present energy storage/take capacity (W-hr)
2026-08-26 16:05:01,017 INFO  [default]            source: Estimated
2026-08-26 16:05:01,017 INFO  [default]   cumulative: 0
2026-08-26 16:05:01,017 INFO  [default]    inst rate: not used for this commodity code
2026-08-26 16:05:01,017 INFO  [default] commodity code: 10 - Advanced load up total energy storage/take capacity (W-hr)
2026-08-26 16:05:01,017 INFO  [default]            source: Estimated
2026-08-26 16:05:01,017 INFO  [default]   cumulative: 2412
2026-08-26 16:05:01,017 INFO  [default]    inst rate: not used for this commodity code
2026-08-26 16:05:01,018 INFO  [default] commodity code: 11 - Advanced load up present energy storage/take capacity (W-hr)
2026-08-26 16:05:01,018 INFO  [default]            source: Estimated
2026-08-26 16:05:01,018 INFO  [default]   cumulative: 150
2026-08-26 16:05:01,018 INFO  [default]    inst rate: not used for this commodity code
2026-08-26 16:05:01,206 INFO  [default] link ACK received: query_operational_state
2026-08-26 16:05:01,318 INFO  [default] operational state received: 3

Press Enter for a list of commands
2026-08-26 16:05:31,473 INFO  [default] link ACK received: query_operational_state
2026-08-26 16:05:31,569 INFO  [default] operational state received: 3

Press Enter for a list of commands
2026-08-26 16:06:00,700 INFO  [default] link ACK received: get_commodity
2026-08-26 16:06:00,844 INFO  [default] message type supported received: 2
2026-08-26 16:06:00,844 INFO  [default] commodity response received. response code: 0 - success; count: 5
2026-08-26 16:06:00,845 INFO  [default] commodity code: 0 - Electricity consumed (W & W-hr)
2026-08-26 16:06:00,845 INFO  [default]            source: Estimated
2026-08-26 16:06:00,845 INFO  [default]   cumulative: 378825
2026-08-26 16:06:00,845 INFO  [default]    inst rate: 356
2026-08-26 16:06:00,845 INFO  [default] commodity code: 6 - Total energy storage/take capacity (W-hr)
2026-08-26 16:06:00,845 INFO  [default]            source: Estimated
2026-08-26 16:06:00,846 INFO  [default]   cumulative: 2202
2026-08-26 16:06:00,846 INFO  [default]    inst rate: not used for this commodity code
2026-08-26 16:06:00,846 INFO  [default] commodity code: 7 - Present energy storage/take capacity (W-hr)
2026-08-26 16:06:00,846 INFO  [default]            source: Estimated
2026-08-26 16:06:00,846 INFO  [default]   cumulative: 0
2026-08-26 16:06:00,846 INFO  [default]    inst rate: not used for this commodity code
2026-08-26 16:06:00,846 INFO  [default] commodity code: 10 - Advanced load up total energy storage/take capacity (W-hr)
2026-08-26 16:06:00,847 INFO  [default]            source: Estimated
2026-08-26 16:06:00,847 INFO  [default]   cumulative: 2412
2026-08-26 16:06:00,847 INFO  [default]    inst rate: not used for this commodity code
2026-08-26 16:06:00,847 INFO  [default] commodity code: 11 - Advanced load up present energy storage/take capacity (W-hr)
2026-08-26 16:06:00,847 INFO  [default]            source: Estimated
2026-08-26 16:06:00,847 INFO  [default]   cumulative: 150
2026-08-26 16:06:00,847 INFO  [default]    inst rate: not used for this commodity code
2026-08-26 16:06:01,036 INFO  [default] link ACK received: query_operational_state
2026-08-26 16:06:01,148 INFO  [default] operational state received: 3

Press Enter for a list of commands
2026-08-26 16:06:31,303 INFO  [default] link ACK received: query_operational_state
2026-08-26 16:06:31,399 INFO  [default] operational state received: 3

Press Enter for a list of commands
2026-08-26 16:07:00,546 INFO  [default] link ACK received: get_commodity
2026-08-26 16:07:00,689 INFO  [default] message type supported received: 2
2026-08-26 16:07:00,690 INFO  [default] commodity response received. response code: 0 - success; count: 5
2026-08-26 16:07:00,690 INFO  [default] commodity code: 0 - Electricity consumed (W & W-hr)
2026-08-26 16:07:00,690 INFO  [default]            source: Estimated
2026-08-26 16:07:00,690 INFO  [default]   cumulative: 378831
2026-08-26 16:07:00,690 INFO  [default]    inst rate: 356
2026-08-26 16:07:00,690 INFO  [default] commodity code: 6 - Total energy storage/take capacity (W-hr)
2026-08-26 16:07:00,690 INFO  [default]            source: Estimated
2026-08-26 16:07:00,690 INFO  [default]   cumulative: 2202
2026-08-26 16:07:00,690 INFO  [default]    inst rate: not used for this commodity code
2026-08-26 16:07:00,690 INFO  [default] commodity code: 7 - Present energy storage/take capacity (W-hr)
2026-08-26 16:07:00,690 INFO  [default]            source: Estimated
2026-08-26 16:07:00,690 INFO  [default]   cumulative: 0
2026-08-26 16:07:00,690 INFO  [default]    inst rate: not used for this commodity code
2026-08-26 16:07:00,690 INFO  [default] commodity code: 10 - Advanced load up total energy storage/take capacity (W-hr)
2026-08-26 16:07:00,690 INFO  [default]            source: Estimated
2026-08-26 16:07:00,690 INFO  [default]   cumulative: 2412
2026-08-26 16:07:00,690 INFO  [default]    inst rate: not used for this commodity code
2026-08-26 16:07:00,690 INFO  [default] commodity code: 11 - Advanced load up present energy storage/take capacity (W-hr)
2026-08-26 16:07:00,690 INFO  [default]            source: Estimated
2026-08-26 16:07:00,690 INFO  [default]   cumulative: 150
2026-08-26 16:07:00,690 INFO  [default]    inst rate: not used for this commodity code
2026-08-26 16:07:00,881 INFO  [default] link ACK received: query_operational_state
2026-08-26 16:07:00,993 INFO  [default] operational state received: 3

Press Enter for a list of commands
2026-08-26 16:07:31,148 INFO  [default] link ACK received: query_operational_state
2026-08-26 16:07:31,244 INFO  [default] operational state received: 3

Press Enter for a list of commands
2026-08-26 16:08:01,383 INFO  [default] link ACK received: get_commodity
2026-08-26 16:08:01,527 INFO  [default] message type supported received: 2
2026-08-26 16:08:01,527 INFO  [default] commodity response received. response code: 0 - success; count: 5
2026-08-26 16:08:01,528 INFO  [default] commodity code: 0 - Electricity consumed (W & W-hr)
2026-08-26 16:08:01,528 INFO  [default]            source: Estimated
2026-08-26 16:08:01,528 INFO  [default]   cumulative: 378837
2026-08-26 16:08:01,528 INFO  [default]    inst rate: 356
2026-08-26 16:08:01,528 INFO  [default] commodity code: 6 - Total energy storage/take capacity (W-hr)
2026-08-26 16:08:01,528 INFO  [default]            source: Estimated
2026-08-26 16:08:01,528 INFO  [default]   cumulative: 2202
2026-08-26 16:08:01,529 INFO  [default]    inst rate: not used for this commodity code
2026-08-26 16:08:01,529 INFO  [default] commodity code: 7 - Present energy storage/take capacity (W-hr)
2026-08-26 16:08:01,529 INFO  [default]            source: Estimated
2026-08-26 16:08:01,529 INFO  [default]   cumulative: 0
2026-08-26 16:08:01,529 INFO  [default]    inst rate: not used for this commodity code
2026-08-26 16:08:01,529 INFO  [default] commodity code: 10 - Advanced load up total energy storage/take capacity (W-hr)
2026-08-26 16:08:01,529 INFO  [default]            source: Estimated
2026-08-26 16:08:01,530 INFO  [default]   cumulative: 2412
2026-08-26 16:08:01,530 INFO  [default]    inst rate: not used for this commodity code
2026-08-26 16:08:01,530 INFO  [default] commodity code: 11 - Advanced load up present energy storage/take capacity (W-hr)
2026-08-26 16:08:01,530 INFO  [default]            source: Estimated
2026-08-26 16:08:01,530 INFO  [default]   cumulative: 150
2026-08-26 16:08:01,530 INFO  [default]    inst rate: not used for this commodity code
2026-08-26 16:08:01,719 INFO  [default] link ACK received: query_operational_state
2026-08-26 16:08:01,831 INFO  [default] operational state received: 3

Press Enter for a list of commands
2026-08-26 16:08:30,978 INFO  [default] link ACK received: query_operational_state
2026-08-26 16:08:31,090 INFO  [default] operational state received: 3

Press Enter for a list of commands
2026-08-26 16:09:01,245 INFO  [default] link ACK received: get_commodity
2026-08-26 16:09:01,373 INFO  [default] message type supported received: 2
2026-08-26 16:09:01,373 INFO  [default] commodity response received. response code: 0 - success; count: 5
2026-08-26 16:09:01,373 INFO  [default] commodity code: 0 - Electricity consumed (W & W-hr)
2026-08-26 16:09:01,373 INFO  [default]            source: Estimated
2026-08-26 16:09:01,374 INFO  [default]   cumulative: 378843
2026-08-26 16:09:01,374 INFO  [default]    inst rate: 356
2026-08-26 16:09:01,374 INFO  [default] commodity code: 6 - Total energy storage/take capacity (W-hr)
2026-08-26 16:09:01,374 INFO  [default]            source: Estimated
2026-08-26 16:09:01,374 INFO  [default]   cumulative: 2202
2026-08-26 16:09:01,374 INFO  [default]    inst rate: not used for this commodity code
2026-08-26 16:09:01,374 INFO  [default] commodity code: 7 - Present energy storage/take capacity (W-hr)
2026-08-26 16:09:01,374 INFO  [default]            source: Estimated
2026-08-26 16:09:01,375 INFO  [default]   cumulative: 0
2026-08-26 16:09:01,375 INFO  [default]    inst rate: not used for this commodity code
2026-08-26 16:09:01,375 INFO  [default] commodity code: 10 - Advanced load up total energy storage/take capacity (W-hr)
2026-08-26 16:09:01,375 INFO  [default]            source: Estimated
2026-08-26 16:09:01,375 INFO  [default]   cumulative: 2412
2026-08-26 16:09:01,375 INFO  [default]    inst rate: not used for this commodity code
2026-08-26 16:09:01,375 INFO  [default] commodity code: 11 - Advanced load up present energy storage/take capacity (W-hr)
2026-08-26 16:09:01,375 INFO  [default]            source: Estimated
2026-08-26 16:09:01,376 INFO  [default]   cumulative: 150
2026-08-26 16:09:01,376 INFO  [default]    inst rate: not used for this commodity code
2026-08-26 16:09:01,564 INFO  [default] link ACK received: query_operational_state
2026-08-26 16:09:01,676 INFO  [default] operational state received: 3

Press Enter for a list of commands
2026-08-26 16:09:30,823 INFO  [default] link ACK received: query_operational_state
2026-08-26 16:09:30,935 INFO  [default] operational state received: 3

Press Enter for a list of commands
2026-08-26 16:10:01,090 INFO  [default] link ACK received: get_commodity
2026-08-26 16:10:01,218 INFO  [default] message type supported received: 2
2026-08-26 16:10:01,218 INFO  [default] commodity response received. response code: 0 - success; count: 5
2026-08-26 16:10:01,219 INFO  [default] commodity code: 0 - Electricity consumed (W & W-hr)
2026-08-26 16:10:01,219 INFO  [default]            source: Estimated
2026-08-26 16:10:01,219 INFO  [default]   cumulative: 378849
2026-08-26 16:10:01,219 INFO  [default]    inst rate: 356
2026-08-26 16:10:01,219 INFO  [default] commodity code: 6 - Total energy storage/take capacity (W-hr)
2026-08-26 16:10:01,219 INFO  [default]            source: Estimated
2026-08-26 16:10:01,220 INFO  [default]   cumulative: 2202
2026-08-26 16:10:01,220 INFO  [default]    inst rate: not used for this commodity code
2026-08-26 16:10:01,220 INFO  [default] commodity code: 7 - Present energy storage/take capacity (W-hr)
2026-08-26 16:10:01,220 INFO  [default]            source: Estimated
2026-08-26 16:10:01,220 INFO  [default]   cumulative: 0
2026-08-26 16:10:01,220 INFO  [default]    inst rate: not used for this commodity code
2026-08-26 16:10:01,220 INFO  [default] commodity code: 10 - Advanced load up total energy storage/take capacity (W-hr)
2026-08-26 16:10:01,220 INFO  [default]            source: Estimated
2026-08-26 16:10:01,221 INFO  [default]   cumulative: 2412
2026-08-26 16:10:01,221 INFO  [default]    inst rate: not used for this commodity code
2026-08-26 16:10:01,221 INFO  [default] commodity code: 11 - Advanced load up present energy storage/take capacity (W-hr)
2026-08-26 16:10:01,221 INFO  [default]            source: Estimated
2026-08-26 16:10:01,221 INFO  [default]   cumulative: 120
2026-08-26 16:10:01,221 INFO  [default]    inst rate: not used for this commodity code
2026-08-26 16:10:01,410 INFO  [default] link ACK received: query_operational_state
2026-08-26 16:10:01,522 INFO  [default] operational state received: 3

Press Enter for a list of commands
2026-08-26 16:10:30,669 INFO  [default] link ACK received: query_operational_state
2026-08-26 16:10:30,781 INFO  [default] operational state received: 3

Press Enter for a list of commands
2026-08-26 16:11:00,936 INFO  [default] link ACK received: get_commodity
2026-08-26 16:11:01,064 INFO  [default] message type supported received: 2
2026-08-26 16:11:01,064 INFO  [default] commodity response received. response code: 0 - success; count: 5
2026-08-26 16:11:01,064 INFO  [default] commodity code: 0 - Electricity consumed (W & W-hr)
2026-08-26 16:11:01,065 INFO  [default]            source: Estimated
2026-08-26 16:11:01,065 INFO  [default]   cumulative: 378855
2026-08-26 16:11:01,065 INFO  [default]    inst rate: 356
2026-08-26 16:11:01,065 INFO  [default] commodity code: 6 - Total energy storage/take capacity (W-hr)
2026-08-26 16:11:01,065 INFO  [default]            source: Estimated
2026-08-26 16:11:01,065 INFO  [default]   cumulative: 2202
2026-08-26 16:11:01,065 INFO  [default]    inst rate: not used for this commodity code
2026-08-26 16:11:01,065 INFO  [default] commodity code: 7 - Present energy storage/take capacity (W-hr)
2026-08-26 16:11:01,066 INFO  [default]            source: Estimated
2026-08-26 16:11:01,066 INFO  [default]   cumulative: 0
2026-08-26 16:11:01,066 INFO  [default]    inst rate: not used for this commodity code
2026-08-26 16:11:01,066 INFO  [default] commodity code: 10 - Advanced load up total energy storage/take capacity (W-hr)
2026-08-26 16:11:01,066 INFO  [default]            source: Estimated
2026-08-26 16:11:01,066 INFO  [default]   cumulative: 2412
2026-08-26 16:11:01,066 INFO  [default]    inst rate: not used for this commodity code
2026-08-26 16:11:01,066 INFO  [default] commodity code: 11 - Advanced load up present energy storage/take capacity (W-hr)
2026-08-26 16:11:01,066 INFO  [default]            source: Estimated
2026-08-26 16:11:01,066 INFO  [default]   cumulative: 120
2026-08-26 16:11:01,067 INFO  [default]    inst rate: not used for this commodity code
2026-08-26 16:11:01,256 INFO  [default] link ACK received: query_operational_state
2026-08-26 16:11:01,368 INFO  [default] operational state received: 3

Press Enter for a list of commands
2026-08-26 16:11:30,515 INFO  [default] link ACK received: query_operational_state
2026-08-26 16:11:30,626 INFO  [default] operational state received: 3

Press Enter for a list of commands
2026-08-26 16:12:00,765 INFO  [default] link ACK received: get_commodity
2026-08-26 16:12:00,909 INFO  [default] message type supported received: 2
2026-08-26 16:12:00,909 INFO  [default] commodity response received. response code: 0 - success; count: 5
2026-08-26 16:12:00,910 INFO  [default] commodity code: 0 - Electricity consumed (W & W-hr)
2026-08-26 16:12:00,910 INFO  [default]            source: Estimated
2026-08-26 16:12:00,910 INFO  [default]   cumulative: 378861
2026-08-26 16:12:00,910 INFO  [default]    inst rate: 356
2026-08-26 16:12:00,911 INFO  [default] commodity code: 6 - Total energy storage/take capacity (W-hr)
2026-08-26 16:12:00,911 INFO  [default]            source: Estimated
2026-08-26 16:12:00,911 INFO  [default]   cumulative: 2202
2026-08-26 16:12:00,911 INFO  [default]    inst rate: not used for this commodity code
2026-08-26 16:12:00,911 INFO  [default] commodity code: 7 - Present energy storage/take capacity (W-hr)
2026-08-26 16:12:00,911 INFO  [default]            source: Estimated
2026-08-26 16:12:00,911 INFO  [default]   cumulative: 0
2026-08-26 16:12:00,911 INFO  [default]    inst rate: not used for this commodity code
2026-08-26 16:12:00,911 INFO  [default] commodity code: 10 - Advanced load up total energy storage/take capacity (W-hr)
2026-08-26 16:12:00,912 INFO  [default]            source: Estimated
2026-08-26 16:12:00,912 INFO  [default]   cumulative: 2412
2026-08-26 16:12:00,912 INFO  [default]    inst rate: not used for this commodity code
2026-08-26 16:12:00,912 INFO  [default] commodity code: 11 - Advanced load up present energy storage/take capacity (W-hr)
2026-08-26 16:12:00,912 INFO  [default]            source: Estimated
2026-08-26 16:12:00,912 INFO  [default]   cumulative: 120
2026-08-26 16:12:00,912 INFO  [default]    inst rate: not used for this commodity code
2026-08-26 16:12:01,101 INFO  [default] link ACK received: query_operational_state
2026-08-26 16:12:01,213 INFO  [default] operational state received: 3

Press Enter for a list of commands
2026-08-26 16:12:31,368 INFO  [default] link ACK received: query_operational_state
2026-08-26 16:12:31,464 INFO  [default] operational state received: 3

Press Enter for a list of commands
2026-08-26 16:13:00,611 INFO  [default] link ACK received: get_commodity
2026-08-26 16:13:00,739 INFO  [default] message type supported received: 2
2026-08-26 16:13:00,739 INFO  [default] commodity response received. response code: 0 - success; count: 5
2026-08-26 16:13:00,739 INFO  [default] commodity code: 0 - Electricity consumed (W & W-hr)
2026-08-26 16:13:00,740 INFO  [default]            source: Estimated
2026-08-26 16:13:00,740 INFO  [default]   cumulative: 378867
2026-08-26 16:13:00,740 INFO  [default]    inst rate: 356
2026-08-26 16:13:00,740 INFO  [default] commodity code: 6 - Total energy storage/take capacity (W-hr)
2026-08-26 16:13:00,740 INFO  [default]            source: Estimated
2026-08-26 16:13:00,740 INFO  [default]   cumulative: 2202
2026-08-26 16:13:00,740 INFO  [default]    inst rate: not used for this commodity code
2026-08-26 16:13:00,740 INFO  [default] commodity code: 7 - Present energy storage/take capacity (W-hr)
2026-08-26 16:13:00,741 INFO  [default]            source: Estimated
2026-08-26 16:13:00,741 INFO  [default]   cumulative: 0
2026-08-26 16:13:00,741 INFO  [default]    inst rate: not used for this commodity code
2026-08-26 16:13:00,741 INFO  [default] commodity code: 10 - Advanced load up total energy storage/take capacity (W-hr)
2026-08-26 16:13:00,741 INFO  [default]            source: Estimated
2026-08-26 16:13:00,741 INFO  [default]   cumulative: 2412
2026-08-26 16:13:00,741 INFO  [default]    inst rate: not used for this commodity code
2026-08-26 16:13:00,741 INFO  [default] commodity code: 11 - Advanced load up present energy storage/take capacity (W-hr)
2026-08-26 16:13:00,742 INFO  [default]            source: Estimated
2026-08-26 16:13:00,742 INFO  [default]   cumulative: 120
2026-08-26 16:13:00,742 INFO  [default]    inst rate: not used for this commodity code
2026-08-26 16:13:00,931 INFO  [default] link ACK received: query_operational_state
2026-08-26 16:13:01,043 INFO  [default] operational state received: 3

Press Enter for a list of commands
2026-08-26 16:13:31,198 INFO  [default] link ACK received: query_operational_state
2026-08-26 16:13:31,294 INFO  [default] operational state received: 3

Press Enter for a list of commands
2026-08-26 16:14:01,432 INFO  [default] link ACK received: get_commodity
2026-08-26 16:14:01,576 INFO  [default] message type supported received: 2
2026-08-26 16:14:01,576 INFO  [default] commodity response received. response code: 0 - success; count: 5
2026-08-26 16:14:01,577 INFO  [default] commodity code: 0 - Electricity consumed (W & W-hr)
2026-08-26 16:14:01,577 INFO  [default]            source: Estimated
2026-08-26 16:14:01,577 INFO  [default]   cumulative: 378873
2026-08-26 16:14:01,577 INFO  [default]    inst rate: 356
2026-08-26 16:14:01,577 INFO  [default] commodity code: 6 - Total energy storage/take capacity (W-hr)
2026-08-26 16:14:01,578 INFO  [default]            source: Estimated
2026-08-26 16:14:01,578 INFO  [default]   cumulative: 2202
2026-08-26 16:14:01,578 INFO  [default]    inst rate: not used for this commodity code
2026-08-26 16:14:01,578 INFO  [default] commodity code: 7 - Present energy storage/take capacity (W-hr)
2026-08-26 16:14:01,578 INFO  [default]            source: Estimated
2026-08-26 16:14:01,578 INFO  [default]   cumulative: 0
2026-08-26 16:14:01,578 INFO  [default]    inst rate: not used for this commodity code
2026-08-26 16:14:01,579 INFO  [default] commodity code: 10 - Advanced load up total energy storage/take capacity (W-hr)
2026-08-26 16:14:01,579 INFO  [default]            source: Estimated
2026-08-26 16:14:01,579 INFO  [default]   cumulative: 2412
2026-08-26 16:14:01,579 INFO  [default]    inst rate: not used for this commodity code
2026-08-26 16:14:01,579 INFO  [default] commodity code: 11 - Advanced load up present energy storage/take capacity (W-hr)
2026-08-26 16:14:01,579 INFO  [default]            source: Estimated
2026-08-26 16:14:01,579 INFO  [default]   cumulative: 120
2026-08-26 16:14:01,579 INFO  [default]    inst rate: not used for this commodity code
2026-08-26 16:14:01,768 INFO  [default] link ACK received: query_operational_state
2026-08-26 16:14:01,880 INFO  [default] operational state received: 3

Press Enter for a list of commands
2026-08-26 16:14:31,027 INFO  [default] link ACK received: query_operational_state
2026-08-26 16:14:31,139 INFO  [default] operational state received: 3

Press Enter for a list of commands
2026-08-26 16:15:01,294 INFO  [default] link ACK received: get_commodity
2026-08-26 16:15:01,422 INFO  [default] message type supported received: 2
2026-08-26 16:15:01,422 INFO  [default] commodity response received. response code: 0 - success; count: 5
2026-08-26 16:15:01,429 INFO  [default] commodity code: 0 - Electricity consumed (W & W-hr)
2026-08-26 16:15:01,429 INFO  [default]            source: Estimated
2026-08-26 16:15:01,429 INFO  [default]   cumulative: 378879
2026-08-26 16:15:01,429 INFO  [default]    inst rate: 356
2026-08-26 16:15:01,429 INFO  [default] commodity code: 6 - Total energy storage/take capacity (W-hr)
2026-08-26 16:15:01,429 INFO  [default]            source: Estimated
2026-08-26 16:15:01,429 INFO  [default]   cumulative: 2202
2026-08-26 16:15:01,430 INFO  [default]    inst rate: not used for this commodity code
2026-08-26 16:15:01,430 INFO  [default] commodity code: 7 - Present energy storage/take capacity (W-hr)
2026-08-26 16:15:01,430 INFO  [default]            source: Estimated
2026-08-26 16:15:01,430 INFO  [default]   cumulative: 0
2026-08-26 16:15:01,430 INFO  [default]    inst rate: not used for this commodity code
2026-08-26 16:15:01,430 INFO  [default] commodity code: 10 - Advanced load up total energy storage/take capacity (W-hr)
2026-08-26 16:15:01,430 INFO  [default]            source: Estimated
2026-08-26 16:15:01,430 INFO  [default]   cumulative: 2412
2026-08-26 16:15:01,431 INFO  [default]    inst rate: not used for this commodity code
2026-08-26 16:15:01,431 INFO  [default] commodity code: 11 - Advanced load up present energy storage/take capacity (W-hr)
2026-08-26 16:15:01,431 INFO  [default]            source: Estimated
2026-08-26 16:15:01,431 INFO  [default]   cumulative: 90
2026-08-26 16:15:01,431 INFO  [default]    inst rate: not used for this commodity code
2026-08-26 16:15:01,630 INFO  [default] link ACK received: query_operational_state
2026-08-26 16:15:01,726 INFO  [default] operational state received: 3

Press Enter for a list of commands
2026-08-26 16:15:30,873 INFO  [default] link ACK received: query_operational_state
2026-08-26 16:15:30,985 INFO  [default] operational state received: 3

Press Enter for a list of commands
2026-08-26 16:16:01,139 INFO  [default] link ACK received: get_commodity
2026-08-26 16:16:01,267 INFO  [default] message type supported received: 2
2026-08-26 16:16:01,268 INFO  [default] commodity response received. response code: 0 - success; count: 5
2026-08-26 16:16:01,268 INFO  [default] commodity code: 0 - Electricity consumed (W & W-hr)
2026-08-26 16:16:01,268 INFO  [default]            source: Estimated
2026-08-26 16:16:01,268 INFO  [default]   cumulative: 378885
2026-08-26 16:16:01,268 INFO  [default]    inst rate: 356
2026-08-26 16:16:01,269 INFO  [default] commodity code: 6 - Total energy storage/take capacity (W-hr)
2026-08-26 16:16:01,269 INFO  [default]            source: Estimated
2026-08-26 16:16:01,269 INFO  [default]   cumulative: 2202
2026-08-26 16:16:01,269 INFO  [default]    inst rate: not used for this commodity code
2026-08-26 16:16:01,269 INFO  [default] commodity code: 7 - Present energy storage/take capacity (W-hr)
2026-08-26 16:16:01,269 INFO  [default]            source: Estimated
2026-08-26 16:16:01,269 INFO  [default]   cumulative: 0
2026-08-26 16:16:01,270 INFO  [default]    inst rate: not used for this commodity code
2026-08-26 16:16:01,270 INFO  [default] commodity code: 10 - Advanced load up total energy storage/take capacity (W-hr)
2026-08-26 16:16:01,270 INFO  [default]            source: Estimated
2026-08-26 16:16:01,270 INFO  [default]   cumulative: 2412
2026-08-26 16:16:01,270 INFO  [default]    inst rate: not used for this commodity code
2026-08-26 16:16:01,270 INFO  [default] commodity code: 11 - Advanced load up present energy storage/take capacity (W-hr)
2026-08-26 16:16:01,270 INFO  [default]            source: Estimated
2026-08-26 16:16:01,270 INFO  [default]   cumulative: 90
2026-08-26 16:16:01,271 INFO  [default]    inst rate: not used for this commodity code
2026-08-26 16:16:01,459 INFO  [default] link ACK received: query_operational_state
2026-08-26 16:16:01,571 INFO  [default] operational state received: 3

Press Enter for a list of commands
2026-08-26 16:16:30,718 INFO  [default] link ACK received: query_operational_state
2026-08-26 16:16:30,830 INFO  [default] operational state received: 3

Press Enter for a list of commands
2026-08-26 16:17:00,969 INFO  [default] link ACK received: get_commodity
2026-08-26 16:17:01,113 INFO  [default] message type supported received: 2
2026-08-26 16:17:01,113 INFO  [default] commodity response received. response code: 0 - success; count: 5
2026-08-26 16:17:01,114 INFO  [default] commodity code: 0 - Electricity consumed (W & W-hr)
2026-08-26 16:17:01,114 INFO  [default]            source: Estimated
2026-08-26 16:17:01,114 INFO  [default]   cumulative: 378891
2026-08-26 16:17:01,114 INFO  [default]    inst rate: 356
2026-08-26 16:17:01,114 INFO  [default] commodity code: 6 - Total energy storage/take capacity (W-hr)
2026-08-26 16:17:01,114 INFO  [default]            source: Estimated
2026-08-26 16:17:01,114 INFO  [default]   cumulative: 2202
2026-08-26 16:17:01,114 INFO  [default]    inst rate: not used for this commodity code
2026-08-26 16:17:01,114 INFO  [default] commodity code: 7 - Present energy storage/take capacity (W-hr)
2026-08-26 16:17:01,114 INFO  [default]            source: Estimated
2026-08-26 16:17:01,115 INFO  [default]   cumulative: 0
2026-08-26 16:17:01,115 INFO  [default]    inst rate: not used for this commodity code
2026-08-26 16:17:01,115 INFO  [default] commodity code: 10 - Advanced load up total energy storage/take capacity (W-hr)
2026-08-26 16:17:01,115 INFO  [default]            source: Estimated
2026-08-26 16:17:01,115 INFO  [default]   cumulative: 2412
2026-08-26 16:17:01,115 INFO  [default]    inst rate: not used for this commodity code
2026-08-26 16:17:01,115 INFO  [default] commodity code: 11 - Advanced load up present energy storage/take capacity (W-hr)
2026-08-26 16:17:01,115 INFO  [default]            source: Estimated
2026-08-26 16:17:01,115 INFO  [default]   cumulative: 90
2026-08-26 16:17:01,115 INFO  [default]    inst rate: not used for this commodity code
2026-08-26 16:17:01,305 INFO  [default] link ACK received: query_operational_state
2026-08-26 16:17:01,417 INFO  [default] operational state received: 3

Press Enter for a list of commands
1787786221,o,0 (PASSED!)
outside communication found
2026-08-26 16:17:02,505 INFO  [default] link ACK received: outside_communication
2026-08-26 16:17:02,617 INFO  [default] app ack received
2026-08-26 16:17:30,756 INFO  [default] link ACK received: query_operational_state
2026-08-26 16:17:30,868 INFO  [default] operational state received: 3

Press Enter for a list of commands
2026-08-26 16:18:01,007 INFO  [default] link ACK received: get_commodity
2026-08-26 16:18:01,150 INFO  [default] message type supported received: 2
2026-08-26 16:18:01,151 INFO  [default] commodity response received. response code: 0 - success; count: 5
2026-08-26 16:18:01,151 INFO  [default] commodity code: 0 - Electricity consumed (W & W-hr)
2026-08-26 16:18:01,151 INFO  [default]            source: Estimated
2026-08-26 16:18:01,151 INFO  [default]   cumulative: 378897
2026-08-26 16:18:01,152 INFO  [default]    inst rate: 356
2026-08-26 16:18:01,152 INFO  [default] commodity code: 6 - Total energy storage/take capacity (W-hr)
2026-08-26 16:18:01,152 INFO  [default]            source: Estimated
2026-08-26 16:18:01,152 INFO  [default]   cumulative: 2202
2026-08-26 16:18:01,152 INFO  [default]    inst rate: not used for this commodity code
2026-08-26 16:18:01,152 INFO  [default] commodity code: 7 - Present energy storage/take capacity (W-hr)
2026-08-26 16:18:01,152 INFO  [default]            source: Estimated
2026-08-26 16:18:01,152 INFO  [default]   cumulative: 0
2026-08-26 16:18:01,152 INFO  [default]    inst rate: not used for this commodity code
2026-08-26 16:18:01,153 INFO  [default] commodity code: 10 - Advanced load up total energy storage/take capacity (W-hr)
2026-08-26 16:18:01,153 INFO  [default]            source: Estimated
2026-08-26 16:18:01,153 INFO  [default]   cumulative: 2412
2026-08-26 16:18:01,153 INFO  [default]    inst rate: not used for this commodity code
2026-08-26 16:18:01,153 INFO  [default] commodity code: 11 - Advanced load up present energy storage/take capacity (W-hr)
2026-08-26 16:18:01,153 INFO  [default]            source: Estimated
2026-08-26 16:18:01,153 INFO  [default]   cumulative: 90
2026-08-26 16:18:01,153 INFO  [default]    inst rate: not used for this commodity code
2026-08-26 16:18:01,342 INFO  [default] link ACK received: query_operational_state
2026-08-26 16:18:01,454 INFO  [default] operational state received: 3

Press Enter for a list of commands
2026-08-26 16:18:30,601 INFO  [default] link ACK received: query_operational_state
2026-08-26 16:18:30,713 INFO  [default] operational state received: 3

Press Enter for a list of commands
2026-08-26 16:19:00,852 INFO  [default] link ACK received: get_commodity
2026-08-26 16:19:00,996 INFO  [default] message type supported received: 2
2026-08-26 16:19:00,996 INFO  [default] commodity response received. response code: 0 - success; count: 5
2026-08-26 16:19:00,997 INFO  [default] commodity code: 0 - Electricity consumed (W & W-hr)
2026-08-26 16:19:00,997 INFO  [default]            source: Estimated
2026-08-26 16:19:00,997 INFO  [default]   cumulative: 378903
2026-08-26 16:19:00,997 INFO  [default]    inst rate: 356
2026-08-26 16:19:00,997 INFO  [default] commodity code: 6 - Total energy storage/take capacity (W-hr)
2026-08-26 16:19:00,997 INFO  [default]            source: Estimated
2026-08-26 16:19:00,997 INFO  [default]   cumulative: 2202
2026-08-26 16:19:00,998 INFO  [default]    inst rate: not used for this commodity code
2026-08-26 16:19:00,998 INFO  [default] commodity code: 7 - Present energy storage/take capacity (W-hr)
2026-08-26 16:19:00,998 INFO  [default]            source: Estimated
2026-08-26 16:19:00,998 INFO  [default]   cumulative: 0
2026-08-26 16:19:00,998 INFO  [default]    inst rate: not used for this commodity code
2026-08-26 16:19:00,998 INFO  [default] commodity code: 10 - Advanced load up total energy storage/take capacity (W-hr)
2026-08-26 16:19:00,998 INFO  [default]            source: Estimated
2026-08-26 16:19:00,999 INFO  [default]   cumulative: 2412
2026-08-26 16:19:00,999 INFO  [default]    inst rate: not used for this commodity code
2026-08-26 16:19:00,999 INFO  [default] commodity code: 11 - Advanced load up present energy storage/take capacity (W-hr)
2026-08-26 16:19:00,999 INFO  [default]            source: Estimated
2026-08-26 16:19:00,999 INFO  [default]   cumulative: 90
2026-08-26 16:19:00,999 INFO  [default]    inst rate: not used for this commodity code
2026-08-26 16:19:01,188 INFO  [default] link ACK received: query_operational_state
2026-08-26 16:19:01,300 INFO  [default] operational state received: 3

Press Enter for a list of commands
2026-08-26 16:19:31,455 INFO  [default] link ACK received: query_operational_state
2026-08-26 16:19:31,551 INFO  [default] operational state received: 3

Press Enter for a list of commands
2026-08-26 16:20:00,682 INFO  [default] link ACK received: get_commodity
2026-08-26 16:20:00,826 INFO  [default] message type supported received: 2
2026-08-26 16:20:00,826 INFO  [default] commodity response received. response code: 0 - success; count: 5
2026-08-26 16:20:00,826 INFO  [default] commodity code: 0 - Electricity consumed (W & W-hr)
2026-08-26 16:20:00,826 INFO  [default]            source: Estimated
2026-08-26 16:20:00,827 INFO  [default]   cumulative: 378909
2026-08-26 16:20:00,827 INFO  [default]    inst rate: 356
2026-08-26 16:20:00,827 INFO  [default] commodity code: 6 - Total energy storage/take capacity (W-hr)
2026-08-26 16:20:00,827 INFO  [default]            source: Estimated
2026-08-26 16:20:00,827 INFO  [default]   cumulative: 2202
2026-08-26 16:20:00,827 INFO  [default]    inst rate: not used for this commodity code
2026-08-26 16:20:00,827 INFO  [default] commodity code: 7 - Present energy storage/take capacity (W-hr)
2026-08-26 16:20:00,827 INFO  [default]            source: Estimated
2026-08-26 16:20:00,828 INFO  [default]   cumulative: 0
2026-08-26 16:20:00,828 INFO  [default]    inst rate: not used for this commodity code
2026-08-26 16:20:00,828 INFO  [default] commodity code: 10 - Advanced load up total energy storage/take capacity (W-hr)
2026-08-26 16:20:00,828 INFO  [default]            source: Estimated
2026-08-26 16:20:00,828 INFO  [default]   cumulative: 2412
2026-08-26 16:20:00,828 INFO  [default]    inst rate: not used for this commodity code
2026-08-26 16:20:00,828 INFO  [default] commodity code: 11 - Advanced load up present energy storage/take capacity (W-hr)
2026-08-26 16:20:00,828 INFO  [default]            source: Estimated
2026-08-26 16:20:00,829 INFO  [default]   cumulative: 90
2026-08-26 16:20:00,829 INFO  [default]    inst rate: not used for this commodity code
2026-08-26 16:20:01,018 INFO  [default] link ACK received: query_operational_state
2026-08-26 16:20:01,129 INFO  [default] operational state received: 3

Press Enter for a list of commands
2026-08-26 16:20:31,284 INFO  [default] link ACK received: query_operational_state
2026-08-26 16:20:31,380 INFO  [default] operational state received: 3

Press Enter for a list of commands
2026-08-26 16:21:00,527 INFO  [default] link ACK received: get_commodity
2026-08-26 16:21:00,671 INFO  [default] message type supported received: 2
2026-08-26 16:21:00,671 INFO  [default] commodity response received. response code: 0 - success; count: 5
2026-08-26 16:21:00,672 INFO  [default] commodity code: 0 - Electricity consumed (W & W-hr)
2026-08-26 16:21:00,672 INFO  [default]            source: Estimated
2026-08-26 16:21:00,672 INFO  [default]   cumulative: 378915
2026-08-26 16:21:00,672 INFO  [default]    inst rate: 356
2026-08-26 16:21:00,672 INFO  [default] commodity code: 6 - Total energy storage/take capacity (W-hr)
2026-08-26 16:21:00,672 INFO  [default]            source: Estimated
2026-08-26 16:21:00,673 INFO  [default]   cumulative: 2202
2026-08-26 16:21:00,673 INFO  [default]    inst rate: not used for this commodity code
2026-08-26 16:21:00,673 INFO  [default] commodity code: 7 - Present energy storage/take capacity (W-hr)
2026-08-26 16:21:00,673 INFO  [default]            source: Estimated
2026-08-26 16:21:00,673 INFO  [default]   cumulative: 0
2026-08-26 16:21:00,673 INFO  [default]    inst rate: not used for this commodity code
2026-08-26 16:21:00,673 INFO  [default] commodity code: 10 - Advanced load up total energy storage/take capacity (W-hr)
2026-08-26 16:21:00,674 INFO  [default]            source: Estimated
2026-08-26 16:21:00,674 INFO  [default]   cumulative: 2412
2026-08-26 16:21:00,674 INFO  [default]    inst rate: not used for this commodity code
2026-08-26 16:21:00,674 INFO  [default] commodity code: 11 - Advanced load up present energy storage/take capacity (W-hr)
2026-08-26 16:21:00,674 INFO  [default]            source: Estimated
2026-08-26 16:21:00,674 INFO  [default]   cumulative: 60
2026-08-26 16:21:00,674 INFO  [default]    inst rate: not used for this commodity code
2026-08-26 16:21:00,863 INFO  [default] link ACK received: query_operational_state
2026-08-26 16:21:00,975 INFO  [default] operational state received: 3

Press Enter for a list of commands
2026-08-26 16:21:31,130 INFO  [default] link ACK received: query_operational_state
2026-08-26 16:21:31,226 INFO  [default] operational state received: 3

Press Enter for a list of commands
2026-08-26 16:22:01,380 INFO  [default] link ACK received: get_commodity
2026-08-26 16:22:01,508 INFO  [default] message type supported received: 2
2026-08-26 16:22:01,509 INFO  [default] commodity response received. response code: 0 - success; count: 5
2026-08-26 16:22:01,509 INFO  [default] commodity code: 0 - Electricity consumed (W & W-hr)
2026-08-26 16:22:01,509 INFO  [default]            source: Estimated
2026-08-26 16:22:01,509 INFO  [default]   cumulative: 378921
2026-08-26 16:22:01,510 INFO  [default]    inst rate: 356
2026-08-26 16:22:01,510 INFO  [default] commodity code: 6 - Total energy storage/take capacity (W-hr)
2026-08-26 16:22:01,510 INFO  [default]            source: Estimated
2026-08-26 16:22:01,510 INFO  [default]   cumulative: 2202
2026-08-26 16:22:01,510 INFO  [default]    inst rate: not used for this commodity code
2026-08-26 16:22:01,510 INFO  [default] commodity code: 7 - Present energy storage/take capacity (W-hr)
2026-08-26 16:22:01,510 INFO  [default]            source: Estimated
2026-08-26 16:22:01,510 INFO  [default]   cumulative: 0
2026-08-26 16:22:01,511 INFO  [default]    inst rate: not used for this commodity code
2026-08-26 16:22:01,511 INFO  [default] commodity code: 10 - Advanced load up total energy storage/take capacity (W-hr)
2026-08-26 16:22:01,511 INFO  [default]            source: Estimated
2026-08-26 16:22:01,511 INFO  [default]   cumulative: 2412
2026-08-26 16:22:01,511 INFO  [default]    inst rate: not used for this commodity code
2026-08-26 16:22:01,511 INFO  [default] commodity code: 11 - Advanced load up present energy storage/take capacity (W-hr)
2026-08-26 16:22:01,511 INFO  [default]            source: Estimated
2026-08-26 16:22:01,511 INFO  [default]   cumulative: 60
2026-08-26 16:22:01,512 INFO  [default]    inst rate: not used for this commodity code
2026-08-26 16:22:01,700 INFO  [default] link ACK received: query_operational_state
2026-08-26 16:22:01,812 INFO  [default] operational state received: 3

Press Enter for a list of commands
2026-08-26 16:22:30,959 INFO  [default] link ACK received: query_operational_state
2026-08-26 16:22:31,071 INFO  [default] operational state received: 3

Press Enter for a list of commands
2026-08-26 16:23:01,226 INFO  [default] link ACK received: get_commodity
2026-08-26 16:23:01,354 INFO  [default] message type supported received: 2
2026-08-26 16:23:01,354 INFO  [default] commodity response received. response code: 0 - success; count: 5
2026-08-26 16:23:01,355 INFO  [default] commodity code: 0 - Electricity consumed (W & W-hr)
2026-08-26 16:23:01,355 INFO  [default]            source: Estimated
2026-08-26 16:23:01,355 INFO  [default]   cumulative: 378927
2026-08-26 16:23:01,355 INFO  [default]    inst rate: 356
2026-08-26 16:23:01,355 INFO  [default] commodity code: 6 - Total energy storage/take capacity (W-hr)
2026-08-26 16:23:01,355 INFO  [default]            source: Estimated
2026-08-26 16:23:01,355 INFO  [default]   cumulative: 2202
2026-08-26 16:23:01,356 INFO  [default]    inst rate: not used for this commodity code
2026-08-26 16:23:01,356 INFO  [default] commodity code: 7 - Present energy storage/take capacity (W-hr)
2026-08-26 16:23:01,356 INFO  [default]            source: Estimated
2026-08-26 16:23:01,356 INFO  [default]   cumulative: 0
2026-08-26 16:23:01,356 INFO  [default]    inst rate: not used for this commodity code
2026-08-26 16:23:01,356 INFO  [default] commodity code: 10 - Advanced load up total energy storage/take capacity (W-hr)
2026-08-26 16:23:01,356 INFO  [default]            source: Estimated
2026-08-26 16:23:01,356 INFO  [default]   cumulative: 2412
2026-08-26 16:23:01,357 INFO  [default]    inst rate: not used for this commodity code
2026-08-26 16:23:01,357 INFO  [default] commodity code: 11 - Advanced load up present energy storage/take capacity (W-hr)
2026-08-26 16:23:01,357 INFO  [default]            source: Estimated
2026-08-26 16:23:01,357 INFO  [default]   cumulative: 60
2026-08-26 16:23:01,357 INFO  [default]    inst rate: not used for this commodity code
2026-08-26 16:23:01,546 INFO  [default] link ACK received: query_operational_state
2026-08-26 16:23:01,658 INFO  [default] operational state received: 3

Press Enter for a list of commands
2026-08-26 16:23:30,805 INFO  [default] link ACK received: query_operational_state
2026-08-26 16:23:30,917 INFO  [default] operational state received: 3

Press Enter for a list of commands
2026-08-26 16:24:01,056 INFO  [default] link ACK received: get_commodity
2026-08-26 16:24:01,199 INFO  [default] message type supported received: 2
2026-08-26 16:24:01,200 INFO  [default] commodity response received. response code: 0 - success; count: 5
2026-08-26 16:24:01,200 INFO  [default] commodity code: 0 - Electricity consumed (W & W-hr)
2026-08-26 16:24:01,200 INFO  [default]            source: Estimated
2026-08-26 16:24:01,200 INFO  [default]   cumulative: 378933
2026-08-26 16:24:01,200 INFO  [default]    inst rate: 356
2026-08-26 16:24:01,201 INFO  [default] commodity code: 6 - Total energy storage/take capacity (W-hr)
2026-08-26 16:24:01,201 INFO  [default]            source: Estimated
2026-08-26 16:24:01,201 INFO  [default]   cumulative: 2202
2026-08-26 16:24:01,201 INFO  [default]    inst rate: not used for this commodity code
2026-08-26 16:24:01,201 INFO  [default] commodity code: 7 - Present energy storage/take capacity (W-hr)
2026-08-26 16:24:01,201 INFO  [default]            source: Estimated
2026-08-26 16:24:01,201 INFO  [default]   cumulative: 0
2026-08-26 16:24:01,201 INFO  [default]    inst rate: not used for this commodity code
2026-08-26 16:24:01,201 INFO  [default] commodity code: 10 - Advanced load up total energy storage/take capacity (W-hr)
2026-08-26 16:24:01,202 INFO  [default]            source: Estimated
2026-08-26 16:24:01,202 INFO  [default]   cumulative: 2412
2026-08-26 16:24:01,202 INFO  [default]    inst rate: not used for this commodity code
2026-08-26 16:24:01,202 INFO  [default] commodity code: 11 - Advanced load up present energy storage/take capacity (W-hr)
2026-08-26 16:24:01,202 INFO  [default]            source: Estimated
2026-08-26 16:24:01,202 INFO  [default]   cumulative: 60
2026-08-26 16:24:01,202 INFO  [default]    inst rate: not used for this commodity code
2026-08-26 16:24:01,391 INFO  [default] link ACK received: query_operational_state
2026-08-26 16:24:01,503 INFO  [default] operational state received: 3

Press Enter for a list of commands
2026-08-26 16:24:30,650 INFO  [default] link ACK received: query_operational_state
2026-08-26 16:24:30,762 INFO  [default] operational state received: 3

Press Enter for a list of commands
2026-08-26 16:25:00,901 INFO  [default] link ACK received: get_commodity
2026-08-26 16:25:01,045 INFO  [default] message type supported received: 2
2026-08-26 16:25:01,045 INFO  [default] commodity response received. response code: 0 - success; count: 5
2026-08-26 16:25:01,046 INFO  [default] commodity code: 0 - Electricity consumed (W & W-hr)
2026-08-26 16:25:01,046 INFO  [default]            source: Estimated
2026-08-26 16:25:01,046 INFO  [default]   cumulative: 378939
2026-08-26 16:25:01,046 INFO  [default]    inst rate: 356
2026-08-26 16:25:01,047 INFO  [default] commodity code: 6 - Total energy storage/take capacity (W-hr)
2026-08-26 16:25:01,047 INFO  [default]            source: Estimated
2026-08-26 16:25:01,047 INFO  [default]   cumulative: 2202
2026-08-26 16:25:01,047 INFO  [default]    inst rate: not used for this commodity code
2026-08-26 16:25:01,047 INFO  [default] commodity code: 7 - Present energy storage/take capacity (W-hr)
2026-08-26 16:25:01,047 INFO  [default]            source: Estimated
2026-08-26 16:25:01,047 INFO  [default]   cumulative: 0
2026-08-26 16:25:01,047 INFO  [default]    inst rate: not used for this commodity code
2026-08-26 16:25:01,047 INFO  [default] commodity code: 10 - Advanced load up total energy storage/take capacity (W-hr)
2026-08-26 16:25:01,048 INFO  [default]            source: Estimated
2026-08-26 16:25:01,048 INFO  [default]   cumulative: 2412
2026-08-26 16:25:01,048 INFO  [default]    inst rate: not used for this commodity code
2026-08-26 16:25:01,048 INFO  [default] commodity code: 11 - Advanced load up present energy storage/take capacity (W-hr)
2026-08-26 16:25:01,048 INFO  [default]            source: Estimated
2026-08-26 16:25:01,048 INFO  [default]   cumulative: 60
2026-08-26 16:25:01,048 INFO  [default]    inst rate: not used for this commodity code
2026-08-26 16:25:01,237 INFO  [default] link ACK received: query_operational_state
2026-08-26 16:25:01,349 INFO  [default] operational state received: 3

Press Enter for a list of commands
2026-08-26 16:25:31,504 INFO  [default] link ACK received: query_operational_state
2026-08-26 16:25:31,600 INFO  [default] operational state received: 3

Press Enter for a list of commands
2026-08-26 16:26:00,747 INFO  [default] link ACK received: get_commodity
2026-08-26 16:26:00,875 INFO  [default] message type supported received: 2
2026-08-26 16:26:00,875 INFO  [default] commodity response received. response code: 0 - success; count: 5
2026-08-26 16:26:00,875 INFO  [default] commodity code: 0 - Electricity consumed (W & W-hr)
2026-08-26 16:26:00,875 INFO  [default]            source: Estimated
2026-08-26 16:26:00,876 INFO  [default]   cumulative: 378945
2026-08-26 16:26:00,876 INFO  [default]    inst rate: 356
2026-08-26 16:26:00,876 INFO  [default] commodity code: 6 - Total energy storage/take capacity (W-hr)
2026-08-26 16:26:00,876 INFO  [default]            source: Estimated
2026-08-26 16:26:00,876 INFO  [default]   cumulative: 2202
2026-08-26 16:26:00,876 INFO  [default]    inst rate: not used for this commodity code
2026-08-26 16:26:00,876 INFO  [default] commodity code: 7 - Present energy storage/take capacity (W-hr)
2026-08-26 16:26:00,876 INFO  [default]            source: Estimated
2026-08-26 16:26:00,877 INFO  [default]   cumulative: 0
2026-08-26 16:26:00,877 INFO  [default]    inst rate: not used for this commodity code
2026-08-26 16:26:00,877 INFO  [default] commodity code: 10 - Advanced load up total energy storage/take capacity (W-hr)
2026-08-26 16:26:00,877 INFO  [default]            source: Estimated
2026-08-26 16:26:00,877 INFO  [default]   cumulative: 2412
2026-08-26 16:26:00,877 INFO  [default]    inst rate: not used for this commodity code
2026-08-26 16:26:00,877 INFO  [default] commodity code: 11 - Advanced load up present energy storage/take capacity (W-hr)
2026-08-26 16:26:00,878 INFO  [default]            source: Estimated
2026-08-26 16:26:00,878 INFO  [default]   cumulative: 60
2026-08-26 16:26:00,878 INFO  [default]    inst rate: not used for this commodity code
2026-08-26 16:26:01,067 INFO  [default] link ACK received: query_operational_state
2026-08-26 16:26:01,178 INFO  [default] operational state received: 3

Press Enter for a list of commands
2026-08-26 16:26:31,333 INFO  [default] link ACK received: query_operational_state
2026-08-26 16:26:31,429 INFO  [default] operational state received: 3

Press Enter for a list of commands
2026-08-26 16:27:00,576 INFO  [default] link ACK received: get_commodity
2026-08-26 16:27:00,720 INFO  [default] message type supported received: 2
2026-08-26 16:27:00,720 INFO  [default] commodity response received. response code: 0 - success; count: 5
2026-08-26 16:27:00,721 INFO  [default] commodity code: 0 - Electricity consumed (W & W-hr)
2026-08-26 16:27:00,721 INFO  [default]            source: Estimated
2026-08-26 16:27:00,721 INFO  [default]   cumulative: 378951
2026-08-26 16:27:00,721 INFO  [default]    inst rate: 356
2026-08-26 16:27:00,721 INFO  [default] commodity code: 6 - Total energy storage/take capacity (W-hr)
2026-08-26 16:27:00,721 INFO  [default]            source: Estimated
2026-08-26 16:27:00,722 INFO  [default]   cumulative: 2202
2026-08-26 16:27:00,722 INFO  [default]    inst rate: not used for this commodity code
2026-08-26 16:27:00,722 INFO  [default] commodity code: 7 - Present energy storage/take capacity (W-hr)
2026-08-26 16:27:00,722 INFO  [default]            source: Estimated
2026-08-26 16:27:00,722 INFO  [default]   cumulative: 0
2026-08-26 16:27:00,722 INFO  [default]    inst rate: not used for this commodity code
2026-08-26 16:27:00,722 INFO  [default] commodity code: 10 - Advanced load up total energy storage/take capacity (W-hr)
2026-08-26 16:27:00,722 INFO  [default]            source: Estimated
2026-08-26 16:27:00,723 INFO  [default]   cumulative: 2412
2026-08-26 16:27:00,723 INFO  [default]    inst rate: not used for this commodity code
2026-08-26 16:27:00,723 INFO  [default] commodity code: 11 - Advanced load up present energy storage/take capacity (W-hr)
2026-08-26 16:27:00,723 INFO  [default]            source: Estimated
2026-08-26 16:27:00,723 INFO  [default]   cumulative: 60
2026-08-26 16:27:00,723 INFO  [default]    inst rate: not used for this commodity code
2026-08-26 16:27:00,912 INFO  [default] link ACK received: query_operational_state
2026-08-26 16:27:01,024 INFO  [default] operational state received: 3

Press Enter for a list of commands
2026-08-26 16:27:31,179 INFO  [default] link ACK received: query_operational_state
2026-08-26 16:27:31,275 INFO  [default] operational state received: 3

Press Enter for a list of commands
2026-08-26 16:28:01,430 INFO  [default] link ACK received: get_commodity
2026-08-26 16:28:01,557 INFO  [default] message type supported received: 2
2026-08-26 16:28:01,558 INFO  [default] commodity response received. response code: 0 - success; count: 5
2026-08-26 16:28:01,558 INFO  [default] commodity code: 0 - Electricity consumed (W & W-hr)
2026-08-26 16:28:01,558 INFO  [default]            source: Estimated
2026-08-26 16:28:01,558 INFO  [default]   cumulative: 378957
2026-08-26 16:28:01,558 INFO  [default]    inst rate: 356
2026-08-26 16:28:01,559 INFO  [default] commodity code: 6 - Total energy storage/take capacity (W-hr)
2026-08-26 16:28:01,559 INFO  [default]            source: Estimated
2026-08-26 16:28:01,559 INFO  [default]   cumulative: 2202
2026-08-26 16:28:01,559 INFO  [default]    inst rate: not used for this commodity code
2026-08-26 16:28:01,559 INFO  [default] commodity code: 7 - Present energy storage/take capacity (W-hr)
2026-08-26 16:28:01,559 INFO  [default]            source: Estimated
2026-08-26 16:28:01,559 INFO  [default]   cumulative: 0
2026-08-26 16:28:01,559 INFO  [default]    inst rate: not used for this commodity code
2026-08-26 16:28:01,560 INFO  [default] commodity code: 10 - Advanced load up total energy storage/take capacity (W-hr)
2026-08-26 16:28:01,560 INFO  [default]            source: Estimated
2026-08-26 16:28:01,560 INFO  [default]   cumulative: 2412
2026-08-26 16:28:01,560 INFO  [default]    inst rate: not used for this commodity code
2026-08-26 16:28:01,560 INFO  [default] commodity code: 11 - Advanced load up present energy storage/take capacity (W-hr)
2026-08-26 16:28:01,560 INFO  [default]            source: Estimated
2026-08-26 16:28:01,560 INFO  [default]   cumulative: 60
2026-08-26 16:28:01,561 INFO  [default]    inst rate: not used for this commodity code
2026-08-26 16:28:01,749 INFO  [default] link ACK received: query_operational_state
2026-08-26 16:28:01,861 INFO  [default] operational state received: 3

Press Enter for a list of commands
2026-08-26 16:28:31,008 INFO  [default] link ACK received: query_operational_state
2026-08-26 16:28:31,120 INFO  [default] operational state received: 3

Press Enter for a list of commands
2026-08-26 16:29:01,275 INFO  [default] link ACK received: get_commodity
2026-08-26 16:29:01,403 INFO  [default] message type supported received: 2
2026-08-26 16:29:01,403 INFO  [default] commodity response received. response code: 0 - success; count: 5
2026-08-26 16:29:01,404 INFO  [default] commodity code: 0 - Electricity consumed (W & W-hr)
2026-08-26 16:29:01,404 INFO  [default]            source: Estimated
2026-08-26 16:29:01,404 INFO  [default]   cumulative: 378963
2026-08-26 16:29:01,404 INFO  [default]    inst rate: 356
2026-08-26 16:29:01,404 INFO  [default] commodity code: 6 - Total energy storage/take capacity (W-hr)
2026-08-26 16:29:01,404 INFO  [default]            source: Estimated
2026-08-26 16:29:01,404 INFO  [default]   cumulative: 2202
2026-08-26 16:29:01,405 INFO  [default]    inst rate: not used for this commodity code
2026-08-26 16:29:01,405 INFO  [default] commodity code: 7 - Present energy storage/take capacity (W-hr)
2026-08-26 16:29:01,405 INFO  [default]            source: Estimated
2026-08-26 16:29:01,405 INFO  [default]   cumulative: 0
2026-08-26 16:29:01,405 INFO  [default]    inst rate: not used for this commodity code
2026-08-26 16:29:01,405 INFO  [default] commodity code: 10 - Advanced load up total energy storage/take capacity (W-hr)
2026-08-26 16:29:01,405 INFO  [default]            source: Estimated
2026-08-26 16:29:01,406 INFO  [default]   cumulative: 2412
2026-08-26 16:29:01,406 INFO  [default]    inst rate: not used for this commodity code
2026-08-26 16:29:01,406 INFO  [default] commodity code: 11 - Advanced load up present energy storage/take capacity (W-hr)
2026-08-26 16:29:01,406 INFO  [default]            source: Estimated
2026-08-26 16:29:01,406 INFO  [default]   cumulative: 60
2026-08-26 16:29:01,406 INFO  [default]    inst rate: not used for this commodity code
2026-08-26 16:29:01,595 INFO  [default] link ACK received: query_operational_state
2026-08-26 16:29:01,707 INFO  [default] operational state received: 3

Press Enter for a list of commands
2026-08-26 16:29:30,854 INFO  [default] link ACK received: query_operational_state
2026-08-26 16:29:30,966 INFO  [default] operational state received: 3

Press Enter for a list of commands
2026-08-26 16:30:01,121 INFO  [default] link ACK received: get_commodity
2026-08-26 16:30:01,249 INFO  [default] message type supported received: 2
2026-08-26 16:30:01,249 INFO  [default] commodity response received. response code: 0 - success; count: 5
2026-08-26 16:30:01,249 INFO  [default] commodity code: 0 - Electricity consumed (W & W-hr)
2026-08-26 16:30:01,249 INFO  [default]            source: Estimated
2026-08-26 16:30:01,250 INFO  [default]   cumulative: 378969
2026-08-26 16:30:01,250 INFO  [default]    inst rate: 356
2026-08-26 16:30:01,250 INFO  [default] commodity code: 6 - Total energy storage/take capacity (W-hr)
2026-08-26 16:30:01,250 INFO  [default]            source: Estimated
2026-08-26 16:30:01,250 INFO  [default]   cumulative: 2202
2026-08-26 16:30:01,250 INFO  [default]    inst rate: not used for this commodity code
2026-08-26 16:30:01,250 INFO  [default] commodity code: 7 - Present energy storage/take capacity (W-hr)
2026-08-26 16:30:01,251 INFO  [default]            source: Estimated
2026-08-26 16:30:01,251 INFO  [default]   cumulative: 0
2026-08-26 16:30:01,251 INFO  [default]    inst rate: not used for this commodity code
2026-08-26 16:30:01,251 INFO  [default] commodity code: 10 - Advanced load up total energy storage/take capacity (W-hr)
2026-08-26 16:30:01,251 INFO  [default]            source: Estimated
2026-08-26 16:30:01,251 INFO  [default]   cumulative: 2412
2026-08-26 16:30:01,251 INFO  [default]    inst rate: not used for this commodity code
2026-08-26 16:30:01,251 INFO  [default] commodity code: 11 - Advanced load up present energy storage/take capacity (W-hr)
2026-08-26 16:30:01,252 INFO  [default]            source: Estimated
2026-08-26 16:30:01,252 INFO  [default]   cumulative: 0
2026-08-26 16:30:01,252 INFO  [default]    inst rate: not used for this commodity code
2026-08-26 16:30:01,441 INFO  [default] link ACK received: query_operational_state
2026-08-26 16:30:01,553 INFO  [default] operational state received: 3

Press Enter for a list of commands
2026-08-26 16:30:30,699 INFO  [default] link ACK received: query_operational_state
2026-08-26 16:30:30,795 INFO  [default] operational state received: 5

Press Enter for a list of commands
1787787031,o,0 (PASSED!)
outside communication found
2026-08-26 16:30:31,883 INFO  [default] link ACK received: outside_communication
2026-08-26 16:30:31,979 INFO  [default] app ack received
2026-08-26 16:31:01,126 INFO  [default] link ACK received: get_commodity
2026-08-26 16:31:01,270 INFO  [default] message type supported received: 2
2026-08-26 16:31:01,270 INFO  [default] commodity response received. response code: 0 - success; count: 5
2026-08-26 16:31:01,271 INFO  [default] commodity code: 0 - Electricity consumed (W & W-hr)
2026-08-26 16:31:01,271 INFO  [default]            source: Estimated
2026-08-26 16:31:01,271 INFO  [default]   cumulative: 378975
2026-08-26 16:31:01,271 INFO  [default]    inst rate: 356
2026-08-26 16:31:01,271 INFO  [default] commodity code: 6 - Total energy storage/take capacity (W-hr)
2026-08-26 16:31:01,271 INFO  [default]            source: Estimated
2026-08-26 16:31:01,272 INFO  [default]   cumulative: 2202
2026-08-26 16:31:01,272 INFO  [default]    inst rate: not used for this commodity code
2026-08-26 16:31:01,272 INFO  [default] commodity code: 7 - Present energy storage/take capacity (W-hr)
2026-08-26 16:31:01,272 INFO  [default]            source: Estimated
2026-08-26 16:31:01,272 INFO  [default]   cumulative: 0
2026-08-26 16:31:01,272 INFO  [default]    inst rate: not used for this commodity code
2026-08-26 16:31:01,272 INFO  [default] commodity code: 10 - Advanced load up total energy storage/take capacity (W-hr)
2026-08-26 16:31:01,272 INFO  [default]            source: Estimated
2026-08-26 16:31:01,273 INFO  [default]   cumulative: 2412
2026-08-26 16:31:01,273 INFO  [default]    inst rate: not used for this commodity code
2026-08-26 16:31:01,273 INFO  [default] commodity code: 11 - Advanced load up present energy storage/take capacity (W-hr)
2026-08-26 16:31:01,273 INFO  [default]            source: Estimated
2026-08-26 16:31:01,273 INFO  [default]   cumulative: 0
2026-08-26 16:31:01,273 INFO  [default]    inst rate: not used for this commodity code
2026-08-26 16:31:01,462 INFO  [default] link ACK received: query_operational_state
2026-08-26 16:31:01,558 INFO  [default] operational state received: 3

Press Enter for a list of commands
2026-08-26 16:31:30,705 INFO  [default] link ACK received: query_operational_state
2026-08-26 16:31:30,801 INFO  [default] operational state received: 3

Press Enter for a list of commands
2026-08-26 16:32:00,956 INFO  [default] link ACK received: get_commodity
2026-08-26 16:32:01,084 INFO  [default] message type supported received: 2
2026-08-26 16:32:01,084 INFO  [default] commodity response received. response code: 0 - success; count: 5
2026-08-26 16:32:01,085 INFO  [default] commodity code: 0 - Electricity consumed (W & W-hr)
2026-08-26 16:32:01,085 INFO  [default]            source: Estimated
2026-08-26 16:32:01,085 INFO  [default]   cumulative: 378975
2026-08-26 16:32:01,085 INFO  [default]    inst rate: 0
2026-08-26 16:32:01,085 INFO  [default] commodity code: 6 - Total energy storage/take capacity (W-hr)
2026-08-26 16:32:01,085 INFO  [default]            source: Estimated
2026-08-26 16:32:01,086 INFO  [default]   cumulative: 2202
2026-08-26 16:32:01,086 INFO  [default]    inst rate: not used for this commodity code
2026-08-26 16:32:01,086 INFO  [default] commodity code: 7 - Present energy storage/take capacity (W-hr)
2026-08-26 16:32:01,086 INFO  [default]            source: Estimated
2026-08-26 16:32:01,086 INFO  [default]   cumulative: 0
2026-08-26 16:32:01,086 INFO  [default]    inst rate: not used for this commodity code
2026-08-26 16:32:01,086 INFO  [default] commodity code: 10 - Advanced load up total energy storage/take capacity (W-hr)
2026-08-26 16:32:01,086 INFO  [default]            source: Estimated
2026-08-26 16:32:01,086 INFO  [default]   cumulative: 2412
2026-08-26 16:32:01,087 INFO  [default]    inst rate: not used for this commodity code
2026-08-26 16:32:01,087 INFO  [default] commodity code: 11 - Advanced load up present energy storage/take capacity (W-hr)
2026-08-26 16:32:01,087 INFO  [default]            source: Estimated
2026-08-26 16:32:01,087 INFO  [default]   cumulative: 0
2026-08-26 16:32:01,087 INFO  [default]    inst rate: not used for this commodity code
2026-08-26 16:32:01,276 INFO  [default] link ACK received: query_operational_state
2026-08-26 16:32:01,388 INFO  [default] operational state received: 6

Press Enter for a list of commands
2026-08-26 16:32:30,535 INFO  [default] link ACK received: query_operational_state
2026-08-26 16:32:30,647 INFO  [default] operational state received: 6

Press Enter for a list of commands
2026-08-26 16:33:00,801 INFO  [default] link ACK received: get_commodity
2026-08-26 16:33:00,929 INFO  [default] message type supported received: 2
2026-08-26 16:33:00,929 INFO  [default] commodity response received. response code: 0 - success; count: 5
2026-08-26 16:33:00,930 INFO  [default] commodity code: 0 - Electricity consumed (W & W-hr)
2026-08-26 16:33:00,930 INFO  [default]            source: Estimated
2026-08-26 16:33:00,930 INFO  [default]   cumulative: 378975
2026-08-26 16:33:00,930 INFO  [default]    inst rate: 0
2026-08-26 16:33:00,930 INFO  [default] commodity code: 6 - Total energy storage/take capacity (W-hr)
2026-08-26 16:33:00,931 INFO  [default]            source: Estimated
2026-08-26 16:33:00,931 INFO  [default]   cumulative: 2202
2026-08-26 16:33:00,931 INFO  [default]    inst rate: not used for this commodity code
2026-08-26 16:33:00,931 INFO  [default] commodity code: 7 - Present energy storage/take capacity (W-hr)
2026-08-26 16:33:00,931 INFO  [default]            source: Estimated
2026-08-26 16:33:00,931 INFO  [default]   cumulative: 0
2026-08-26 16:33:00,931 INFO  [default]    inst rate: not used for this commodity code
2026-08-26 16:33:00,931 INFO  [default] commodity code: 10 - Advanced load up total energy storage/take capacity (W-hr)
2026-08-26 16:33:00,932 INFO  [default]            source: Estimated
2026-08-26 16:33:00,932 INFO  [default]   cumulative: 2412
2026-08-26 16:33:00,932 INFO  [default]    inst rate: not used for this commodity code
2026-08-26 16:33:00,932 INFO  [default] commodity code: 11 - Advanced load up present energy storage/take capacity (W-hr)
2026-08-26 16:33:00,932 INFO  [default]            source: Estimated
2026-08-26 16:33:00,932 INFO  [default]   cumulative: 60
2026-08-26 16:33:00,932 INFO  [default]    inst rate: not used for this commodity code
2026-08-26 16:33:01,121 INFO  [default] link ACK received: query_operational_state
2026-08-26 16:33:01,233 INFO  [default] operational state received: 6

Press Enter for a list of commands
2026-08-26 16:33:31,388 INFO  [default] link ACK received: query_operational_state
2026-08-26 16:33:31,484 INFO  [default] operational state received: 6

Press Enter for a list of commands
2026-08-26 16:34:00,631 INFO  [default] link ACK received: get_commodity
2026-08-26 16:34:00,775 INFO  [default] message type supported received: 2
2026-08-26 16:34:00,775 INFO  [default] commodity response received. response code: 0 - success; count: 5
2026-08-26 16:34:00,776 INFO  [default] commodity code: 0 - Electricity consumed (W & W-hr)
2026-08-26 16:34:00,776 INFO  [default]            source: Estimated
2026-08-26 16:34:00,776 INFO  [default]   cumulative: 378975
2026-08-26 16:34:00,776 INFO  [default]    inst rate: 0
2026-08-26 16:34:00,776 INFO  [default] commodity code: 6 - Total energy storage/take capacity (W-hr)
2026-08-26 16:34:00,776 INFO  [default]            source: Estimated
2026-08-26 16:34:00,776 INFO  [default]   cumulative: 2202
2026-08-26 16:34:00,776 INFO  [default]    inst rate: not used for this commodity code
2026-08-26 16:34:00,777 INFO  [default] commodity code: 7 - Present energy storage/take capacity (W-hr)
2026-08-26 16:34:00,777 INFO  [default]            source: Estimated
2026-08-26 16:34:00,777 INFO  [default]   cumulative: 0
2026-08-26 16:34:00,777 INFO  [default]    inst rate: not used for this commodity code
2026-08-26 16:34:00,777 INFO  [default] commodity code: 10 - Advanced load up total energy storage/take capacity (W-hr)
2026-08-26 16:34:00,777 INFO  [default]            source: Estimated
2026-08-26 16:34:00,777 INFO  [default]   cumulative: 2412
2026-08-26 16:34:00,777 INFO  [default]    inst rate: not used for this commodity code
2026-08-26 16:34:00,778 INFO  [default] commodity code: 11 - Advanced load up present energy storage/take capacity (W-hr)
2026-08-26 16:34:00,778 INFO  [default]            source: Estimated
2026-08-26 16:34:00,778 INFO  [default]   cumulative: 120
2026-08-26 16:34:00,778 INFO  [default]    inst rate: not used for this commodity code
2026-08-26 16:34:00,967 INFO  [default] link ACK received: query_operational_state
2026-08-26 16:34:01,079 INFO  [default] operational state received: 6

Press Enter for a list of commands
2026-08-26 16:34:31,234 INFO  [default] link ACK received: query_operational_state
2026-08-26 16:34:31,329 INFO  [default] operational state received: 6

Press Enter for a list of commands
2026-08-26 16:35:01,484 INFO  [default] link ACK received: get_commodity
2026-08-26 16:35:01,612 INFO  [default] message type supported received: 2
2026-08-26 16:35:01,612 INFO  [default] commodity response received. response code: 0 - success; count: 5
2026-08-26 16:35:01,613 INFO  [default] commodity code: 0 - Electricity consumed (W & W-hr)
2026-08-26 16:35:01,613 INFO  [default]            source: Estimated
2026-08-26 16:35:01,613 INFO  [default]   cumulative: 378975
2026-08-26 16:35:01,613 INFO  [default]    inst rate: 0
2026-08-26 16:35:01,613 INFO  [default] commodity code: 6 - Total energy storage/take capacity (W-hr)
2026-08-26 16:35:01,614 INFO  [default]            source: Estimated
2026-08-26 16:35:01,614 INFO  [default]   cumulative: 2202
2026-08-26 16:35:01,614 INFO  [default]    inst rate: not used for this commodity code
2026-08-26 16:35:01,614 INFO  [default] commodity code: 7 - Present energy storage/take capacity (W-hr)
2026-08-26 16:35:01,614 INFO  [default]            source: Estimated
2026-08-26 16:35:01,614 INFO  [default]   cumulative: 0
2026-08-26 16:35:01,614 INFO  [default]    inst rate: not used for this commodity code
2026-08-26 16:35:01,615 INFO  [default] commodity code: 10 - Advanced load up total energy storage/take capacity (W-hr)
2026-08-26 16:35:01,615 INFO  [default]            source: Estimated
2026-08-26 16:35:01,615 INFO  [default]   cumulative: 2412
2026-08-26 16:35:01,615 INFO  [default]    inst rate: not used for this commodity code
2026-08-26 16:35:01,615 INFO  [default] commodity code: 11 - Advanced load up present energy storage/take capacity (W-hr)
2026-08-26 16:35:01,615 INFO  [default]            source: Estimated
2026-08-26 16:35:01,615 INFO  [default]   cumulative: 150
2026-08-26 16:35:01,615 INFO  [default]    inst rate: not used for this commodity code
2026-08-26 16:35:01,804 INFO  [default] link ACK received: query_operational_state
2026-08-26 16:35:01,916 INFO  [default] operational state received: 6

Press Enter for a list of commands
2026-08-26 16:35:31,063 INFO  [default] link ACK received: query_operational_state
2026-08-26 16:35:31,175 INFO  [default] operational state received: 6

Press Enter for a list of commands
2026-08-26 16:36:01,314 INFO  [default] link ACK received: get_commodity
2026-08-26 16:36:01,458 INFO  [default] message type supported received: 2
2026-08-26 16:36:01,458 INFO  [default] commodity response received. response code: 0 - success; count: 5
2026-08-26 16:36:01,458 INFO  [default] commodity code: 0 - Electricity consumed (W & W-hr)
2026-08-26 16:36:01,459 INFO  [default]            source: Estimated
2026-08-26 16:36:01,459 INFO  [default]   cumulative: 378975
2026-08-26 16:36:01,459 INFO  [default]    inst rate: 0
2026-08-26 16:36:01,459 INFO  [default] commodity code: 6 - Total energy storage/take capacity (W-hr)
2026-08-26 16:36:01,459 INFO  [default]            source: Estimated
2026-08-26 16:36:01,459 INFO  [default]   cumulative: 2202
2026-08-26 16:36:01,459 INFO  [default]    inst rate: not used for this commodity code
2026-08-26 16:36:01,459 INFO  [default] commodity code: 7 - Present energy storage/take capacity (W-hr)
2026-08-26 16:36:01,460 INFO  [default]            source: Estimated
2026-08-26 16:36:01,460 INFO  [default]   cumulative: 0
2026-08-26 16:36:01,460 INFO  [default]    inst rate: not used for this commodity code
2026-08-26 16:36:01,460 INFO  [default] commodity code: 10 - Advanced load up total energy storage/take capacity (W-hr)
2026-08-26 16:36:01,460 INFO  [default]            source: Estimated
2026-08-26 16:36:01,460 INFO  [default]   cumulative: 2412
2026-08-26 16:36:01,460 INFO  [default]    inst rate: not used for this commodity code
2026-08-26 16:36:01,460 INFO  [default] commodity code: 11 - Advanced load up present energy storage/take capacity (W-hr)
2026-08-26 16:36:01,461 INFO  [default]            source: Estimated
2026-08-26 16:36:01,461 INFO  [default]   cumulative: 180
2026-08-26 16:36:01,461 INFO  [default]    inst rate: not used for this commodity code
2026-08-26 16:36:01,650 INFO  [default] link ACK received: query_operational_state
2026-08-26 16:36:01,762 INFO  [default] operational state received: 6

Press Enter for a list of commands
2026-08-26 16:36:30,909 INFO  [default] link ACK received: query_operational_state
2026-08-26 16:36:31,021 INFO  [default] operational state received: 6

Press Enter for a list of commands
2026-08-26 16:37:01,159 INFO  [default] link ACK received: get_commodity
2026-08-26 16:37:01,303 INFO  [default] message type supported received: 2
2026-08-26 16:37:01,304 INFO  [default] commodity response received. response code: 0 - success; count: 5
2026-08-26 16:37:01,304 INFO  [default] commodity code: 0 - Electricity consumed (W & W-hr)
2026-08-26 16:37:01,304 INFO  [default]            source: Estimated
2026-08-26 16:37:01,304 INFO  [default]   cumulative: 378975
2026-08-26 16:37:01,304 INFO  [default]    inst rate: 0
2026-08-26 16:37:01,305 INFO  [default] commodity code: 6 - Total energy storage/take capacity (W-hr)
2026-08-26 16:37:01,305 INFO  [default]            source: Estimated
2026-08-26 16:37:01,305 INFO  [default]   cumulative: 2202
2026-08-26 16:37:01,305 INFO  [default]    inst rate: not used for this commodity code
2026-08-26 16:37:01,305 INFO  [default] commodity code: 7 - Present energy storage/take capacity (W-hr)
2026-08-26 16:37:01,305 INFO  [default]            source: Estimated
2026-08-26 16:37:01,305 INFO  [default]   cumulative: 0
2026-08-26 16:37:01,306 INFO  [default]    inst rate: not used for this commodity code
2026-08-26 16:37:01,306 INFO  [default] commodity code: 10 - Advanced load up total energy storage/take capacity (W-hr)
2026-08-26 16:37:01,306 INFO  [default]            source: Estimated
2026-08-26 16:37:01,306 INFO  [default]   cumulative: 2412
2026-08-26 16:37:01,306 INFO  [default]    inst rate: not used for this commodity code
2026-08-26 16:37:01,306 INFO  [default] commodity code: 11 - Advanced load up present energy storage/take capacity (W-hr)
2026-08-26 16:37:01,306 INFO  [default]            source: Estimated
2026-08-26 16:37:01,306 INFO  [default]   cumulative: 180
2026-08-26 16:37:01,307 INFO  [default]    inst rate: not used for this commodity code
2026-08-26 16:37:01,495 INFO  [default] link ACK received: query_operational_state
2026-08-26 16:37:01,607 INFO  [default] operational state received: 6

Press Enter for a list of commands
2026-08-26 16:37:30,754 INFO  [default] link ACK received: query_operational_state
2026-08-26 16:37:30,850 INFO  [default] operational state received: 6

Press Enter for a list of commands
2026-08-26 16:38:01,005 INFO  [default] link ACK received: get_commodity
2026-08-26 16:38:01,133 INFO  [default] message type supported received: 2
2026-08-26 16:38:01,133 INFO  [default] commodity response received. response code: 0 - success; count: 5
2026-08-26 16:38:01,134 INFO  [default] commodity code: 0 - Electricity consumed (W & W-hr)
2026-08-26 16:38:01,134 INFO  [default]            source: Estimated
2026-08-26 16:38:01,134 INFO  [default]   cumulative: 378975
2026-08-26 16:38:01,134 INFO  [default]    inst rate: 0
2026-08-26 16:38:01,134 INFO  [default] commodity code: 6 - Total energy storage/take capacity (W-hr)
2026-08-26 16:38:01,134 INFO  [default]            source: Estimated
2026-08-26 16:38:01,134 INFO  [default]   cumulative: 2202
2026-08-26 16:38:01,134 INFO  [default]    inst rate: not used for this commodity code
2026-08-26 16:38:01,134 INFO  [default] commodity code: 7 - Present energy storage/take capacity (W-hr)
2026-08-26 16:38:01,134 INFO  [default]            source: Estimated
2026-08-26 16:38:01,135 INFO  [default]   cumulative: 0
2026-08-26 16:38:01,135 INFO  [default]    inst rate: not used for this commodity code
2026-08-26 16:38:01,135 INFO  [default] commodity code: 10 - Advanced load up total energy storage/take capacity (W-hr)
2026-08-26 16:38:01,135 INFO  [default]            source: Estimated
2026-08-26 16:38:01,135 INFO  [default]   cumulative: 2412
2026-08-26 16:38:01,135 INFO  [default]    inst rate: not used for this commodity code
2026-08-26 16:38:01,135 INFO  [default] commodity code: 11 - Advanced load up present energy storage/take capacity (W-hr)
2026-08-26 16:38:01,135 INFO  [default]            source: Estimated
2026-08-26 16:38:01,135 INFO  [default]   cumulative: 210
2026-08-26 16:38:01,135 INFO  [default]    inst rate: not used for this commodity code
2026-08-26 16:38:01,325 INFO  [default] link ACK received: query_operational_state
2026-08-26 16:38:01,437 INFO  [default] operational state received: 6

Press Enter for a list of commands
2026-08-26 16:38:30,584 INFO  [default] link ACK received: query_operational_state
2026-08-26 16:38:30,696 INFO  [default] operational state received: 6

Press Enter for a list of commands
2026-08-26 16:39:00,851 INFO  [default] link ACK received: get_commodity
2026-08-26 16:39:00,978 INFO  [default] message type supported received: 2
2026-08-26 16:39:00,979 INFO  [default] commodity response received. response code: 0 - success; count: 5
2026-08-26 16:39:00,979 INFO  [default] commodity code: 0 - Electricity consumed (W & W-hr)
2026-08-26 16:39:00,979 INFO  [default]            source: Estimated
2026-08-26 16:39:00,979 INFO  [default]   cumulative: 378975
2026-08-26 16:39:00,980 INFO  [default]    inst rate: 0
2026-08-26 16:39:00,980 INFO  [default] commodity code: 6 - Total energy storage/take capacity (W-hr)
2026-08-26 16:39:00,980 INFO  [default]            source: Estimated
2026-08-26 16:39:00,980 INFO  [default]   cumulative: 2202
2026-08-26 16:39:00,980 INFO  [default]    inst rate: not used for this commodity code
2026-08-26 16:39:00,980 INFO  [default] commodity code: 7 - Present energy storage/take capacity (W-hr)
2026-08-26 16:39:00,980 INFO  [default]            source: Estimated
2026-08-26 16:39:00,981 INFO  [default]   cumulative: 0
2026-08-26 16:39:00,981 INFO  [default]    inst rate: not used for this commodity code
2026-08-26 16:39:00,981 INFO  [default] commodity code: 10 - Advanced load up total energy storage/take capacity (W-hr)
2026-08-26 16:39:00,981 INFO  [default]            source: Estimated
2026-08-26 16:39:00,981 INFO  [default]   cumulative: 2412
2026-08-26 16:39:00,981 INFO  [default]    inst rate: not used for this commodity code
2026-08-26 16:39:00,981 INFO  [default] commodity code: 11 - Advanced load up present energy storage/take capacity (W-hr)
2026-08-26 16:39:00,982 INFO  [default]            source: Estimated
2026-08-26 16:39:00,982 INFO  [default]   cumulative: 210
2026-08-26 16:39:00,982 INFO  [default]    inst rate: not used for this commodity code
2026-08-26 16:39:01,170 INFO  [default] link ACK received: query_operational_state
2026-08-26 16:39:01,282 INFO  [default] operational state received: 6

Press Enter for a list of commands
2026-08-26 16:39:31,437 INFO  [default] link ACK received: query_operational_state
2026-08-26 16:39:31,533 INFO  [default] operational state received: 6

Press Enter for a list of commands
2026-08-26 16:40:00,680 INFO  [default] link ACK received: get_commodity
2026-08-26 16:40:00,824 INFO  [default] message type supported received: 2
2026-08-26 16:40:00,824 INFO  [default] commodity response received. response code: 0 - success; count: 5
2026-08-26 16:40:00,825 INFO  [default] commodity code: 0 - Electricity consumed (W & W-hr)
2026-08-26 16:40:00,825 INFO  [default]            source: Estimated
2026-08-26 16:40:00,825 INFO  [default]   cumulative: 378975
2026-08-26 16:40:00,825 INFO  [default]    inst rate: 0
2026-08-26 16:40:00,825 INFO  [default] commodity code: 6 - Total energy storage/take capacity (W-hr)
2026-08-26 16:40:00,825 INFO  [default]            source: Estimated
2026-08-26 16:40:00,826 INFO  [default]   cumulative: 2202
2026-08-26 16:40:00,826 INFO  [default]    inst rate: not used for this commodity code
2026-08-26 16:40:00,826 INFO  [default] commodity code: 7 - Present energy storage/take capacity (W-hr)
2026-08-26 16:40:00,826 INFO  [default]            source: Estimated
2026-08-26 16:40:00,826 INFO  [default]   cumulative: 0
2026-08-26 16:40:00,826 INFO  [default]    inst rate: not used for this commodity code
2026-08-26 16:40:00,826 INFO  [default] commodity code: 10 - Advanced load up total energy storage/take capacity (W-hr)
2026-08-26 16:40:00,826 INFO  [default]            source: Estimated
2026-08-26 16:40:00,827 INFO  [default]   cumulative: 2412
2026-08-26 16:40:00,827 INFO  [default]    inst rate: not used for this commodity code
2026-08-26 16:40:00,827 INFO  [default] commodity code: 11 - Advanced load up present energy storage/take capacity (W-hr)
2026-08-26 16:40:00,827 INFO  [default]            source: Estimated
2026-08-26 16:40:00,827 INFO  [default]   cumulative: 210
2026-08-26 16:40:00,827 INFO  [default]    inst rate: not used for this commodity code
2026-08-26 16:40:01,016 INFO  [default] link ACK received: query_operational_state
2026-08-26 16:40:01,128 INFO  [default] operational state received: 6

Press Enter for a list of commands
2026-08-26 16:40:31,283 INFO  [default] link ACK received: query_operational_state
2026-08-26 16:40:31,379 INFO  [default] operational state received: 6

Press Enter for a list of commands
2026-08-26 16:41:00,526 INFO  [default] link ACK received: get_commodity
2026-08-26 16:41:00,654 INFO  [default] message type supported received: 2
2026-08-26 16:41:00,654 INFO  [default] commodity response received. response code: 0 - success; count: 5
2026-08-26 16:41:00,654 INFO  [default] commodity code: 0 - Electricity consumed (W & W-hr)
2026-08-26 16:41:00,655 INFO  [default]            source: Estimated
2026-08-26 16:41:00,655 INFO  [default]   cumulative: 378975
2026-08-26 16:41:00,655 INFO  [default]    inst rate: 0
2026-08-26 16:41:00,655 INFO  [default] commodity code: 6 - Total energy storage/take capacity (W-hr)
2026-08-26 16:41:00,655 INFO  [default]            source: Estimated
2026-08-26 16:41:00,655 INFO  [default]   cumulative: 2202
2026-08-26 16:41:00,655 INFO  [default]    inst rate: not used for this commodity code
2026-08-26 16:41:00,655 INFO  [default] commodity code: 7 - Present energy storage/take capacity (W-hr)
2026-08-26 16:41:00,655 INFO  [default]            source: Estimated
2026-08-26 16:41:00,656 INFO  [default]   cumulative: 0
2026-08-26 16:41:00,656 INFO  [default]    inst rate: not used for this commodity code
2026-08-26 16:41:00,656 INFO  [default] commodity code: 10 - Advanced load up total energy storage/take capacity (W-hr)
2026-08-26 16:41:00,656 INFO  [default]            source: Estimated
2026-08-26 16:41:00,656 INFO  [default]   cumulative: 2412
2026-08-26 16:41:00,656 INFO  [default]    inst rate: not used for this commodity code
2026-08-26 16:41:00,656 INFO  [default] commodity code: 11 - Advanced load up present energy storage/take capacity (W-hr)
2026-08-26 16:41:00,657 INFO  [default]            source: Estimated
2026-08-26 16:41:00,657 INFO  [default]   cumulative: 210
2026-08-26 16:41:00,657 INFO  [default]    inst rate: not used for this commodity code
2026-08-26 16:41:00,846 INFO  [default] link ACK received: query_operational_state
2026-08-26 16:41:00,958 INFO  [default] operational state received: 6

Press Enter for a list of commands
2026-08-26 16:41:31,112 INFO  [default] link ACK received: query_operational_state
2026-08-26 16:41:31,208 INFO  [default] operational state received: 6

Press Enter for a list of commands
2026-08-26 16:42:01,347 INFO  [default] link ACK received: get_commodity
2026-08-26 16:42:01,491 INFO  [default] message type supported received: 2
2026-08-26 16:42:01,491 INFO  [default] commodity response received. response code: 0 - success; count: 5
2026-08-26 16:42:01,492 INFO  [default] commodity code: 0 - Electricity consumed (W & W-hr)
2026-08-26 16:42:01,492 INFO  [default]            source: Estimated
2026-08-26 16:42:01,492 INFO  [default]   cumulative: 378975
2026-08-26 16:42:01,492 INFO  [default]    inst rate: 0
2026-08-26 16:42:01,492 INFO  [default] commodity code: 6 - Total energy storage/take capacity (W-hr)
2026-08-26 16:42:01,492 INFO  [default]            source: Estimated
2026-08-26 16:42:01,492 INFO  [default]   cumulative: 2202
2026-08-26 16:42:01,492 INFO  [default]    inst rate: not used for this commodity code
2026-08-26 16:42:01,493 INFO  [default] commodity code: 7 - Present energy storage/take capacity (W-hr)
2026-08-26 16:42:01,493 INFO  [default]            source: Estimated
2026-08-26 16:42:01,493 INFO  [default]   cumulative: 0
2026-08-26 16:42:01,493 INFO  [default]    inst rate: not used for this commodity code
2026-08-26 16:42:01,493 INFO  [default] commodity code: 10 - Advanced load up total energy storage/take capacity (W-hr)
2026-08-26 16:42:01,493 INFO  [default]            source: Estimated
2026-08-26 16:42:01,493 INFO  [default]   cumulative: 2412
2026-08-26 16:42:01,494 INFO  [default]    inst rate: not used for this commodity code
2026-08-26 16:42:01,494 INFO  [default] commodity code: 11 - Advanced load up present energy storage/take capacity (W-hr)
2026-08-26 16:42:01,494 INFO  [default]            source: Estimated
2026-08-26 16:42:01,494 INFO  [default]   cumulative: 210
2026-08-26 16:42:01,494 INFO  [default]    inst rate: not used for this commodity code
2026-08-26 16:42:01,683 INFO  [default] link ACK received: query_operational_state
2026-08-26 16:42:01,795 INFO  [default] operational state received: 6

Press Enter for a list of commands
2026-08-26 16:42:30,942 INFO  [default] link ACK received: query_operational_state
2026-08-26 16:42:31,054 INFO  [default] operational state received: 6

Press Enter for a list of commands
2026-08-26 16:43:01,209 INFO  [default] link ACK received: get_commodity
2026-08-26 16:43:01,337 INFO  [default] message type supported received: 2
2026-08-26 16:43:01,337 INFO  [default] commodity response received. response code: 0 - success; count: 5
2026-08-26 16:43:01,337 INFO  [default] commodity code: 0 - Electricity consumed (W & W-hr)
2026-08-26 16:43:01,337 INFO  [default]            source: Estimated
2026-08-26 16:43:01,338 INFO  [default]   cumulative: 378975
2026-08-26 16:43:01,338 INFO  [default]    inst rate: 0
2026-08-26 16:43:01,338 INFO  [default] commodity code: 6 - Total energy storage/take capacity (W-hr)
2026-08-26 16:43:01,338 INFO  [default]            source: Estimated
2026-08-26 16:43:01,338 INFO  [default]   cumulative: 2202
2026-08-26 16:43:01,338 INFO  [default]    inst rate: not used for this commodity code
2026-08-26 16:43:01,338 INFO  [default] commodity code: 7 - Present energy storage/take capacity (W-hr)
2026-08-26 16:43:01,338 INFO  [default]            source: Estimated
2026-08-26 16:43:01,339 INFO  [default]   cumulative: 0
2026-08-26 16:43:01,339 INFO  [default]    inst rate: not used for this commodity code
2026-08-26 16:43:01,339 INFO  [default] commodity code: 10 - Advanced load up total energy storage/take capacity (W-hr)
2026-08-26 16:43:01,339 INFO  [default]            source: Estimated
2026-08-26 16:43:01,339 INFO  [default]   cumulative: 2412
2026-08-26 16:43:01,339 INFO  [default]    inst rate: not used for this commodity code
2026-08-26 16:43:01,339 INFO  [default] commodity code: 11 - Advanced load up present energy storage/take capacity (W-hr)
2026-08-26 16:43:01,339 INFO  [default]            source: Estimated
2026-08-26 16:43:01,340 INFO  [default]   cumulative: 210
2026-08-26 16:43:01,340 INFO  [default]    inst rate: not used for this commodity code
2026-08-26 16:43:01,528 INFO  [default] link ACK received: query_operational_state
2026-08-26 16:43:01,640 INFO  [default] operational state received: 6

Press Enter for a list of commands
2026-08-26 16:43:30,787 INFO  [default] link ACK received: query_operational_state
2026-08-26 16:43:30,899 INFO  [default] operational state received: 6

Press Enter for a list of commands
2026-08-26 16:44:01,054 INFO  [default] link ACK received: get_commodity
2026-08-26 16:44:01,182 INFO  [default] message type supported received: 2
2026-08-26 16:44:01,182 INFO  [default] commodity response received. response code: 0 - success; count: 5
2026-08-26 16:44:01,183 INFO  [default] commodity code: 0 - Electricity consumed (W & W-hr)
2026-08-26 16:44:01,183 INFO  [default]            source: Estimated
2026-08-26 16:44:01,183 INFO  [default]   cumulative: 378975
2026-08-26 16:44:01,183 INFO  [default]    inst rate: 0
2026-08-26 16:44:01,183 INFO  [default] commodity code: 6 - Total energy storage/take capacity (W-hr)
2026-08-26 16:44:01,183 INFO  [default]            source: Estimated
2026-08-26 16:44:01,183 INFO  [default]   cumulative: 2202
2026-08-26 16:44:01,183 INFO  [default]    inst rate: not used for this commodity code
2026-08-26 16:44:01,183 INFO  [default] commodity code: 7 - Present energy storage/take capacity (W-hr)
2026-08-26 16:44:01,183 INFO  [default]            source: Estimated
2026-08-26 16:44:01,184 INFO  [default]   cumulative: 0
2026-08-26 16:44:01,184 INFO  [default]    inst rate: not used for this commodity code
2026-08-26 16:44:01,184 INFO  [default] commodity code: 10 - Advanced load up total energy storage/take capacity (W-hr)
2026-08-26 16:44:01,184 INFO  [default]            source: Estimated
2026-08-26 16:44:01,184 INFO  [default]   cumulative: 2412
2026-08-26 16:44:01,184 INFO  [default]    inst rate: not used for this commodity code
2026-08-26 16:44:01,184 INFO  [default] commodity code: 11 - Advanced load up present energy storage/take capacity (W-hr)
2026-08-26 16:44:01,184 INFO  [default]            source: Estimated
2026-08-26 16:44:01,184 INFO  [default]   cumulative: 210
2026-08-26 16:44:01,184 INFO  [default]    inst rate: not used for this commodity code
2026-08-26 16:44:01,374 INFO  [default] link ACK received: query_operational_state
2026-08-26 16:44:01,486 INFO  [default] operational state received: 6

Press Enter for a list of commands
1787787841,o,0 (PASSED!)
outside communication found
2026-08-26 16:44:02,574 INFO  [default] link ACK received: outside_communication
2026-08-26 16:44:02,686 INFO  [default] app ack received
2026-08-26 16:44:30,841 INFO  [default] link ACK received: query_operational_state
2026-08-26 16:44:30,937 INFO  [default] operational state received: 6

Press Enter for a list of commands
2026-08-26 16:45:01,092 INFO  [default] link ACK received: get_commodity
2026-08-26 16:45:01,220 INFO  [default] message type supported received: 2
2026-08-26 16:45:01,220 INFO  [default] commodity response received. response code: 0 - success; count: 5
2026-08-26 16:45:01,220 INFO  [default] commodity code: 0 - Electricity consumed (W & W-hr)
2026-08-26 16:45:01,221 INFO  [default]            source: Estimated
2026-08-26 16:45:01,221 INFO  [default]   cumulative: 378975
2026-08-26 16:45:01,221 INFO  [default]    inst rate: 0
2026-08-26 16:45:01,221 INFO  [default] commodity code: 6 - Total energy storage/take capacity (W-hr)
2026-08-26 16:45:01,221 INFO  [default]            source: Estimated
2026-08-26 16:45:01,221 INFO  [default]   cumulative: 2202
2026-08-26 16:45:01,221 INFO  [default]    inst rate: not used for this commodity code
2026-08-26 16:45:01,222 INFO  [default] commodity code: 7 - Present energy storage/take capacity (W-hr)
2026-08-26 16:45:01,222 INFO  [default]            source: Estimated
2026-08-26 16:45:01,222 INFO  [default]   cumulative: 0
2026-08-26 16:45:01,222 INFO  [default]    inst rate: not used for this commodity code
2026-08-26 16:45:01,222 INFO  [default] commodity code: 10 - Advanced load up total energy storage/take capacity (W-hr)
2026-08-26 16:45:01,222 INFO  [default]            source: Estimated
2026-08-26 16:45:01,222 INFO  [default]   cumulative: 2412
2026-08-26 16:45:01,222 INFO  [default]    inst rate: not used for this commodity code
2026-08-26 16:45:01,222 INFO  [default] commodity code: 11 - Advanced load up present energy storage/take capacity (W-hr)
2026-08-26 16:45:01,223 INFO  [default]            source: Estimated
2026-08-26 16:45:01,223 INFO  [default]   cumulative: 240
2026-08-26 16:45:01,223 INFO  [default]    inst rate: not used for this commodity code
2026-08-26 16:45:01,412 INFO  [default] link ACK received: query_operational_state
2026-08-26 16:45:01,524 INFO  [default] operational state received: 6

Press Enter for a list of commands
2026-08-26 16:45:30,671 INFO  [default] link ACK received: query_operational_state
2026-08-26 16:45:30,782 INFO  [default] operational state received: 6

Press Enter for a list of commands
2026-08-26 16:46:00,937 INFO  [default] link ACK received: get_commodity
2026-08-26 16:46:01,065 INFO  [default] message type supported received: 2
2026-08-26 16:46:01,066 INFO  [default] commodity response received. response code: 0 - success; count: 5
2026-08-26 16:46:01,066 INFO  [default] commodity code: 0 - Electricity consumed (W & W-hr)
2026-08-26 16:46:01,066 INFO  [default]            source: Estimated
2026-08-26 16:46:01,066 INFO  [default]   cumulative: 378975
2026-08-26 16:46:01,066 INFO  [default]    inst rate: 0
2026-08-26 16:46:01,067 INFO  [default] commodity code: 6 - Total energy storage/take capacity (W-hr)
2026-08-26 16:46:01,067 INFO  [default]            source: Estimated
2026-08-26 16:46:01,067 INFO  [default]   cumulative: 2202
2026-08-26 16:46:01,067 INFO  [default]    inst rate: not used for this commodity code
2026-08-26 16:46:01,067 INFO  [default] commodity code: 7 - Present energy storage/take capacity (W-hr)
2026-08-26 16:46:01,067 INFO  [default]            source: Estimated
2026-08-26 16:46:01,067 INFO  [default]   cumulative: 0
2026-08-26 16:46:01,067 INFO  [default]    inst rate: not used for this commodity code
2026-08-26 16:46:01,068 INFO  [default] commodity code: 10 - Advanced load up total energy storage/take capacity (W-hr)
2026-08-26 16:46:01,068 INFO  [default]            source: Estimated
2026-08-26 16:46:01,068 INFO  [default]   cumulative: 2412
2026-08-26 16:46:01,068 INFO  [default]    inst rate: not used for this commodity code
2026-08-26 16:46:01,068 INFO  [default] commodity code: 11 - Advanced load up present energy storage/take capacity (W-hr)
2026-08-26 16:46:01,068 INFO  [default]            source: Estimated
2026-08-26 16:46:01,068 INFO  [default]   cumulative: 240
2026-08-26 16:46:01,069 INFO  [default]    inst rate: not used for this commodity code
2026-08-26 16:46:01,257 INFO  [default] link ACK received: query_operational_state
2026-08-26 16:46:01,369 INFO  [default] operational state received: 6

Press Enter for a list of commands
2026-08-26 16:46:30,516 INFO  [default] link ACK received: query_operational_state
2026-08-26 16:46:30,628 INFO  [default] operational state received: 6

Press Enter for a list of commands
2026-08-26 16:47:00,767 INFO  [default] link ACK received: get_commodity
2026-08-26 16:47:00,911 INFO  [default] message type supported received: 2
2026-08-26 16:47:00,911 INFO  [default] commodity response received. response code: 0 - success; count: 5
2026-08-26 16:47:00,911 INFO  [default] commodity code: 0 - Electricity consumed (W & W-hr)
2026-08-26 16:47:00,912 INFO  [default]            source: Estimated
2026-08-26 16:47:00,912 INFO  [default]   cumulative: 378975
2026-08-26 16:47:00,912 INFO  [default]    inst rate: 0
2026-08-26 16:47:00,912 INFO  [default] commodity code: 6 - Total energy storage/take capacity (W-hr)
2026-08-26 16:47:00,912 INFO  [default]            source: Estimated
2026-08-26 16:47:00,912 INFO  [default]   cumulative: 2202
2026-08-26 16:47:00,912 INFO  [default]    inst rate: not used for this commodity code
2026-08-26 16:47:00,912 INFO  [default] commodity code: 7 - Present energy storage/take capacity (W-hr)
2026-08-26 16:47:00,913 INFO  [default]            source: Estimated
2026-08-26 16:47:00,913 INFO  [default]   cumulative: 0
2026-08-26 16:47:00,913 INFO  [default]    inst rate: not used for this commodity code
2026-08-26 16:47:00,913 INFO  [default] commodity code: 10 - Advanced load up total energy storage/take capacity (W-hr)
2026-08-26 16:47:00,913 INFO  [default]            source: Estimated
2026-08-26 16:47:00,913 INFO  [default]   cumulative: 2412
2026-08-26 16:47:00,913 INFO  [default]    inst rate: not used for this commodity code
2026-08-26 16:47:00,913 INFO  [default] commodity code: 11 - Advanced load up present energy storage/take capacity (W-hr)
2026-08-26 16:47:00,914 INFO  [default]            source: Estimated
2026-08-26 16:47:00,914 INFO  [default]   cumulative: 210
2026-08-26 16:47:00,914 INFO  [default]    inst rate: not used for this commodity code
2026-08-26 16:47:01,103 INFO  [default] link ACK received: query_operational_state
2026-08-26 16:47:01,215 INFO  [default] operational state received: 6

Press Enter for a list of commands
2026-08-26 16:47:31,354 INFO  [default] link ACK received: query_operational_state
2026-08-26 16:47:31,465 INFO  [default] operational state received: 6

Press Enter for a list of commands
2026-08-26 16:48:00,612 INFO  [default] link ACK received: get_commodity
2026-08-26 16:48:00,740 INFO  [default] message type supported received: 2
2026-08-26 16:48:00,741 INFO  [default] commodity response received. response code: 0 - success; count: 5
2026-08-26 16:48:00,741 INFO  [default] commodity code: 0 - Electricity consumed (W & W-hr)
2026-08-26 16:48:00,741 INFO  [default]            source: Estimated
2026-08-26 16:48:00,741 INFO  [default]   cumulative: 378975
2026-08-26 16:48:00,742 INFO  [default]    inst rate: 0
2026-08-26 16:48:00,742 INFO  [default] commodity code: 6 - Total energy storage/take capacity (W-hr)
2026-08-26 16:48:00,742 INFO  [default]            source: Estimated
2026-08-26 16:48:00,742 INFO  [default]   cumulative: 2202
2026-08-26 16:48:00,742 INFO  [default]    inst rate: not used for this commodity code
2026-08-26 16:48:00,742 INFO  [default] commodity code: 7 - Present energy storage/take capacity (W-hr)
2026-08-26 16:48:00,742 INFO  [default]            source: Estimated
2026-08-26 16:48:00,742 INFO  [default]   cumulative: 0
2026-08-26 16:48:00,742 INFO  [default]    inst rate: not used for this commodity code
2026-08-26 16:48:00,743 INFO  [default] commodity code: 10 - Advanced load up total energy storage/take capacity (W-hr)
2026-08-26 16:48:00,743 INFO  [default]            source: Estimated
2026-08-26 16:48:00,743 INFO  [default]   cumulative: 2412
2026-08-26 16:48:00,743 INFO  [default]    inst rate: not used for this commodity code
2026-08-26 16:48:00,743 INFO  [default] commodity code: 11 - Advanced load up present energy storage/take capacity (W-hr)
2026-08-26 16:48:00,743 INFO  [default]            source: Estimated
2026-08-26 16:48:00,743 INFO  [default]   cumulative: 240
2026-08-26 16:48:00,744 INFO  [default]    inst rate: not used for this commodity code
2026-08-26 16:48:00,932 INFO  [default] link ACK received: query_operational_state
2026-08-26 16:48:01,044 INFO  [default] operational state received: 6

Press Enter for a list of commands
2026-08-26 16:48:31,199 INFO  [default] link ACK received: query_operational_state
2026-08-26 16:48:31,295 INFO  [default] operational state received: 6

Press Enter for a list of commands
2026-08-26 16:49:01,434 INFO  [default] link ACK received: get_commodity
2026-08-26 16:49:01,578 INFO  [default] message type supported received: 2
2026-08-26 16:49:01,578 INFO  [default] commodity response received. response code: 0 - success; count: 5
2026-08-26 16:49:01,578 INFO  [default] commodity code: 0 - Electricity consumed (W & W-hr)
2026-08-26 16:49:01,579 INFO  [default]            source: Estimated
2026-08-26 16:49:01,579 INFO  [default]   cumulative: 378975
2026-08-26 16:49:01,579 INFO  [default]    inst rate: 0
2026-08-26 16:49:01,579 INFO  [default] commodity code: 6 - Total energy storage/take capacity (W-hr)
2026-08-26 16:49:01,579 INFO  [default]            source: Estimated
2026-08-26 16:49:01,579 INFO  [default]   cumulative: 2202
2026-08-26 16:49:01,579 INFO  [default]    inst rate: not used for this commodity code
2026-08-26 16:49:01,579 INFO  [default] commodity code: 7 - Present energy storage/take capacity (W-hr)
2026-08-26 16:49:01,580 INFO  [default]            source: Estimated
2026-08-26 16:49:01,580 INFO  [default]   cumulative: 0
2026-08-26 16:49:01,580 INFO  [default]    inst rate: not used for this commodity code
2026-08-26 16:49:01,580 INFO  [default] commodity code: 10 - Advanced load up total energy storage/take capacity (W-hr)
2026-08-26 16:49:01,580 INFO  [default]            source: Estimated
2026-08-26 16:49:01,580 INFO  [default]   cumulative: 2412
2026-08-26 16:49:01,580 INFO  [default]    inst rate: not used for this commodity code
2026-08-26 16:49:01,580 INFO  [default] commodity code: 11 - Advanced load up present energy storage/take capacity (W-hr)
2026-08-26 16:49:01,581 INFO  [default]            source: Estimated
2026-08-26 16:49:01,581 INFO  [default]   cumulative: 240
2026-08-26 16:49:01,581 INFO  [default]    inst rate: not used for this commodity code
2026-08-26 16:49:01,770 INFO  [default] link ACK received: query_operational_state
2026-08-26 16:49:01,882 INFO  [default] operational state received: 6

Press Enter for a list of commands
2026-08-26 16:49:31,029 INFO  [default] link ACK received: query_operational_state
2026-08-26 16:49:31,141 INFO  [default] operational state received: 6

Press Enter for a list of commands
2026-08-26 16:50:01,295 INFO  [default] link ACK received: get_commodity
2026-08-26 16:50:01,423 INFO  [default] message type supported received: 2
2026-08-26 16:50:01,423 INFO  [default] commodity response received. response code: 0 - success; count: 5
2026-08-26 16:50:01,424 INFO  [default] commodity code: 0 - Electricity consumed (W & W-hr)
2026-08-26 16:50:01,424 INFO  [default]            source: Estimated
2026-08-26 16:50:01,424 INFO  [default]   cumulative: 378975
2026-08-26 16:50:01,424 INFO  [default]    inst rate: 0
2026-08-26 16:50:01,424 INFO  [default] commodity code: 6 - Total energy storage/take capacity (W-hr)
2026-08-26 16:50:01,425 INFO  [default]            source: Estimated
2026-08-26 16:50:01,425 INFO  [default]   cumulative: 2202
2026-08-26 16:50:01,425 INFO  [default]    inst rate: not used for this commodity code
2026-08-26 16:50:01,425 INFO  [default] commodity code: 7 - Present energy storage/take capacity (W-hr)
2026-08-26 16:50:01,425 INFO  [default]            source: Estimated
2026-08-26 16:50:01,425 INFO  [default]   cumulative: 0
2026-08-26 16:50:01,425 INFO  [default]    inst rate: not used for this commodity code
2026-08-26 16:50:01,426 INFO  [default] commodity code: 10 - Advanced load up total energy storage/take capacity (W-hr)
2026-08-26 16:50:01,426 INFO  [default]            source: Estimated
2026-08-26 16:50:01,426 INFO  [default]   cumulative: 2412
2026-08-26 16:50:01,426 INFO  [default]    inst rate: not used for this commodity code
2026-08-26 16:50:01,426 INFO  [default] commodity code: 11 - Advanced load up present energy storage/take capacity (W-hr)
2026-08-26 16:50:01,426 INFO  [default]            source: Estimated
2026-08-26 16:50:01,426 INFO  [default]   cumulative: 240
2026-08-26 16:50:01,426 INFO  [default]    inst rate: not used for this commodity code
2026-08-26 16:50:01,615 INFO  [default] link ACK received: query_operational_state
2026-08-26 16:50:01,727 INFO  [default] operational state received: 6

Press Enter for a list of commands
2026-08-26 16:50:30,874 INFO  [default] link ACK received: query_operational_state
2026-08-26 16:50:30,986 INFO  [default] operational state received: 6

Press Enter for a list of commands
2026-08-26 16:51:01,141 INFO  [default] link ACK received: get_commodity
2026-08-26 16:51:01,269 INFO  [default] message type supported received: 2
2026-08-26 16:51:01,269 INFO  [default] commodity response received. response code: 0 - success; count: 5
2026-08-26 16:51:01,270 INFO  [default] commodity code: 0 - Electricity consumed (W & W-hr)
2026-08-26 16:51:01,270 INFO  [default]            source: Estimated
2026-08-26 16:51:01,270 INFO  [default]   cumulative: 378975
2026-08-26 16:51:01,270 INFO  [default]    inst rate: 0
2026-08-26 16:51:01,270 INFO  [default] commodity code: 6 - Total energy storage/take capacity (W-hr)
2026-08-26 16:51:01,270 INFO  [default]            source: Estimated
2026-08-26 16:51:01,270 INFO  [default]   cumulative: 2202
2026-08-26 16:51:01,271 INFO  [default]    inst rate: not used for this commodity code
2026-08-26 16:51:01,271 INFO  [default] commodity code: 7 - Present energy storage/take capacity (W-hr)
2026-08-26 16:51:01,271 INFO  [default]            source: Estimated
2026-08-26 16:51:01,271 INFO  [default]   cumulative: 0
2026-08-26 16:51:01,271 INFO  [default]    inst rate: not used for this commodity code
2026-08-26 16:51:01,271 INFO  [default] commodity code: 10 - Advanced load up total energy storage/take capacity (W-hr)
2026-08-26 16:51:01,271 INFO  [default]            source: Estimated
2026-08-26 16:51:01,271 INFO  [default]   cumulative: 2412
2026-08-26 16:51:01,271 INFO  [default]    inst rate: not used for this commodity code
2026-08-26 16:51:01,272 INFO  [default] commodity code: 11 - Advanced load up present energy storage/take capacity (W-hr)
2026-08-26 16:51:01,272 INFO  [default]            source: Estimated
2026-08-26 16:51:01,272 INFO  [default]   cumulative: 240
2026-08-26 16:51:01,272 INFO  [default]    inst rate: not used for this commodity code
2026-08-26 16:51:01,461 INFO  [default] link ACK received: query_operational_state
2026-08-26 16:51:01,573 INFO  [default] operational state received: 6

Press Enter for a list of commands
2026-08-26 16:51:30,720 INFO  [default] link ACK received: query_operational_state
2026-08-26 16:51:30,832 INFO  [default] operational state received: 6

Press Enter for a list of commands
2026-08-26 16:52:00,987 INFO  [default] link ACK received: get_commodity
2026-08-26 16:52:01,131 INFO  [default] message type supported received: 2
2026-08-26 16:52:01,131 INFO  [default] commodity response received. response code: 0 - success; count: 5
2026-08-26 16:52:01,131 INFO  [default] commodity code: 0 - Electricity consumed (W & W-hr)
2026-08-26 16:52:01,131 INFO  [default]            source: Estimated
2026-08-26 16:52:01,131 INFO  [default]   cumulative: 378975
2026-08-26 16:52:01,132 INFO  [default]    inst rate: 0
2026-08-26 16:52:01,132 INFO  [default] commodity code: 6 - Total energy storage/take capacity (W-hr)
2026-08-26 16:52:01,132 INFO  [default]            source: Estimated
2026-08-26 16:52:01,132 INFO  [default]   cumulative: 2202
2026-08-26 16:52:01,132 INFO  [default]    inst rate: not used for this commodity code
2026-08-26 16:52:01,132 INFO  [default] commodity code: 7 - Present energy storage/take capacity (W-hr)
2026-08-26 16:52:01,132 INFO  [default]            source: Estimated
2026-08-26 16:52:01,132 INFO  [default]   cumulative: 0
2026-08-26 16:52:01,132 INFO  [default]    inst rate: not used for this commodity code
2026-08-26 16:52:01,132 INFO  [default] commodity code: 10 - Advanced load up total energy storage/take capacity (W-hr)
2026-08-26 16:52:01,133 INFO  [default]            source: Estimated
2026-08-26 16:52:01,133 INFO  [default]   cumulative: 2412
2026-08-26 16:52:01,133 INFO  [default]    inst rate: not used for this commodity code
2026-08-26 16:52:01,133 INFO  [default] commodity code: 11 - Advanced load up present energy storage/take capacity (W-hr)
2026-08-26 16:52:01,133 INFO  [default]            source: Estimated
2026-08-26 16:52:01,133 INFO  [default]   cumulative: 240
2026-08-26 16:52:01,133 INFO  [default]    inst rate: not used for this commodity code
2026-08-26 16:52:01,322 INFO  [default] link ACK received: query_operational_state
2026-08-26 16:52:01,418 INFO  [default] operational state received: 6

Press Enter for a list of commands
2026-08-26 16:52:30,565 INFO  [default] link ACK received: query_operational_state
2026-08-26 16:52:30,677 INFO  [default] operational state received: 6

Press Enter for a list of commands
2026-08-26 16:53:00,816 INFO  [default] link ACK received: get_commodity
2026-08-26 16:53:00,960 INFO  [default] message type supported received: 2
2026-08-26 16:53:00,960 INFO  [default] commodity response received. response code: 0 - success; count: 5
2026-08-26 16:53:00,961 INFO  [default] commodity code: 0 - Electricity consumed (W & W-hr)
2026-08-26 16:53:00,961 INFO  [default]            source: Estimated
2026-08-26 16:53:00,961 INFO  [default]   cumulative: 378975
2026-08-26 16:53:00,961 INFO  [default]    inst rate: 0
2026-08-26 16:53:00,961 INFO  [default] commodity code: 6 - Total energy storage/take capacity (W-hr)
2026-08-26 16:53:00,961 INFO  [default]            source: Estimated
2026-08-26 16:53:00,961 INFO  [default]   cumulative: 2202
2026-08-26 16:53:00,962 INFO  [default]    inst rate: not used for this commodity code
2026-08-26 16:53:00,962 INFO  [default] commodity code: 7 - Present energy storage/take capacity (W-hr)
2026-08-26 16:53:00,962 INFO  [default]            source: Estimated
2026-08-26 16:53:00,962 INFO  [default]   cumulative: 0
2026-08-26 16:53:00,962 INFO  [default]    inst rate: not used for this commodity code
2026-08-26 16:53:00,962 INFO  [default] commodity code: 10 - Advanced load up total energy storage/take capacity (W-hr)
2026-08-26 16:53:00,962 INFO  [default]            source: Estimated
2026-08-26 16:53:00,962 INFO  [default]   cumulative: 2412
2026-08-26 16:53:00,963 INFO  [default]    inst rate: not used for this commodity code
2026-08-26 16:53:00,963 INFO  [default] commodity code: 11 - Advanced load up present energy storage/take capacity (W-hr)
2026-08-26 16:53:00,963 INFO  [default]            source: Estimated
2026-08-26 16:53:00,963 INFO  [default]   cumulative: 240
2026-08-26 16:53:00,963 INFO  [default]    inst rate: not used for this commodity code
2026-08-26 16:53:01,168 INFO  [default] link ACK received: query_operational_state
2026-08-26 16:53:01,264 INFO  [default] operational state received: 6

Press Enter for a list of commands
1787788381,o,0 (PASSED!)
outside communication found
2026-08-26 16:53:02,352 INFO  [default] link ACK received: outside_communication
2026-08-26 16:53:02,464 INFO  [default] app ack received
1787788396,e,0 (PASSED!)
2026-08-26 16:53:16,573 INFO  [default] link ACK received: run_normal
2026-08-26 16:53:16,685 INFO  [default] app ack received
endshedding
2026-08-26 16:53:30,811 INFO  [default] link ACK received: query_operational_state
2026-08-26 16:53:30,907 INFO  [default] operational state received: 0

Press Enter for a list of commands
2026-08-26 16:54:01,062 INFO  [default] link ACK received: get_commodity
2026-08-26 16:54:01,189 INFO  [default] message type supported received: 2
2026-08-26 16:54:01,190 INFO  [default] commodity response received. response code: 0 - success; count: 5
2026-08-26 16:54:01,190 INFO  [default] commodity code: 0 - Electricity consumed (W & W-hr)
2026-08-26 16:54:01,190 INFO  [default]            source: Estimated
2026-08-26 16:54:01,190 INFO  [default]   cumulative: 378975
2026-08-26 16:54:01,190 INFO  [default]    inst rate: 0
2026-08-26 16:54:01,190 INFO  [default] commodity code: 6 - Total energy storage/take capacity (W-hr)
2026-08-26 16:54:01,191 INFO  [default]            source: Estimated
2026-08-26 16:54:01,191 INFO  [default]   cumulative: 2202
2026-08-26 16:54:01,191 INFO  [default]    inst rate: not used for this commodity code
2026-08-26 16:54:01,191 INFO  [default] commodity code: 7 - Present energy storage/take capacity (W-hr)
2026-08-26 16:54:01,191 INFO  [default]            source: Estimated
2026-08-26 16:54:01,191 INFO  [default]   cumulative: 0
2026-08-26 16:54:01,191 INFO  [default]    inst rate: not used for this commodity code
2026-08-26 16:54:01,191 INFO  [default] commodity code: 10 - Advanced load up total energy storage/take capacity (W-hr)
2026-08-26 16:54:01,191 INFO  [default]            source: Estimated
2026-08-26 16:54:01,191 INFO  [default]   cumulative: 2412
2026-08-26 16:54:01,192 INFO  [default]    inst rate: not used for this commodity code
2026-08-26 16:54:01,192 INFO  [default] commodity code: 11 - Advanced load up present energy storage/take capacity (W-hr)
2026-08-26 16:54:01,192 INFO  [default]            source: Estimated
2026-08-26 16:54:01,192 INFO  [default]   cumulative: 240
2026-08-26 16:54:01,192 INFO  [default]    inst rate: not used for this commodity code
2026-08-26 16:54:01,382 INFO  [default] link ACK received: query_operational_state
2026-08-26 16:54:01,493 INFO  [default] operational state received: 0

Press Enter for a list of commands
2026-08-26 16:54:30,640 INFO  [default] link ACK received: query_operational_state
2026-08-26 16:54:30,752 INFO  [default] operational state received: 0

Press Enter for a list of commands
2026-08-26 16:55:00,907 INFO  [default] link ACK received: get_commodity
2026-08-26 16:55:01,035 INFO  [default] message type supported received: 2
2026-08-26 16:55:01,035 INFO  [default] commodity response received. response code: 0 - success; count: 5
2026-08-26 16:55:01,036 INFO  [default] commodity code: 0 - Electricity consumed (W & W-hr)
2026-08-26 16:55:01,036 INFO  [default]            source: Estimated
2026-08-26 16:55:01,036 INFO  [default]   cumulative: 378975
2026-08-26 16:55:01,036 INFO  [default]    inst rate: 0
2026-08-26 16:55:01,037 INFO  [default] commodity code: 6 - Total energy storage/take capacity (W-hr)
2026-08-26 16:55:01,037 INFO  [default]            source: Estimated
2026-08-26 16:55:01,037 INFO  [default]   cumulative: 2202
2026-08-26 16:55:01,037 INFO  [default]    inst rate: not used for this commodity code
2026-08-26 16:55:01,037 INFO  [default] commodity code: 7 - Present energy storage/take capacity (W-hr)
2026-08-26 16:55:01,037 INFO  [default]            source: Estimated
2026-08-26 16:55:01,037 INFO  [default]   cumulative: 0
2026-08-26 16:55:01,037 INFO  [default]    inst rate: not used for this commodity code
2026-08-26 16:55:01,038 INFO  [default] commodity code: 10 - Advanced load up total energy storage/take capacity (W-hr)
2026-08-26 16:55:01,038 INFO  [default]            source: Estimated
2026-08-26 16:55:01,038 INFO  [default]   cumulative: 2412
2026-08-26 16:55:01,038 INFO  [default]    inst rate: not used for this commodity code
2026-08-26 16:55:01,038 INFO  [default] commodity code: 11 - Advanced load up present energy storage/take capacity (W-hr)
2026-08-26 16:55:01,038 INFO  [default]            source: Estimated
2026-08-26 16:55:01,038 INFO  [default]   cumulative: 240
2026-08-26 16:55:01,038 INFO  [default]    inst rate: not used for this commodity code
2026-08-26 16:55:01,227 INFO  [default] link ACK received: query_operational_state
2026-08-26 16:55:01,339 INFO  [default] operational state received: 0

Press Enter for a list of commands
2026-08-26 16:55:31,494 INFO  [default] link ACK received: query_operational_state
2026-08-26 16:55:31,590 INFO  [default] operational state received: 0

Press Enter for a list of commands
2026-08-26 16:56:00,721 INFO  [default] link ACK received: get_commodity
2026-08-26 16:56:00,865 INFO  [default] message type supported received: 2
2026-08-26 16:56:00,865 INFO  [default] commodity response received. response code: 0 - success; count: 5
2026-08-26 16:56:00,865 INFO  [default] commodity code: 0 - Electricity consumed (W & W-hr)
2026-08-26 16:56:00,866 INFO  [default]            source: Estimated
2026-08-26 16:56:00,866 INFO  [default]   cumulative: 378975
2026-08-26 16:56:00,866 INFO  [default]    inst rate: 0
2026-08-26 16:56:00,866 INFO  [default] commodity code: 6 - Total energy storage/take capacity (W-hr)
2026-08-26 16:56:00,866 INFO  [default]            source: Estimated
2026-08-26 16:56:00,866 INFO  [default]   cumulative: 2202
2026-08-26 16:56:00,866 INFO  [default]    inst rate: not used for this commodity code
2026-08-26 16:56:00,866 INFO  [default] commodity code: 7 - Present energy storage/take capacity (W-hr)
2026-08-26 16:56:00,867 INFO  [default]            source: Estimated
2026-08-26 16:56:00,867 INFO  [default]   cumulative: 0
2026-08-26 16:56:00,867 INFO  [default]    inst rate: not used for this commodity code
2026-08-26 16:56:00,867 INFO  [default] commodity code: 10 - Advanced load up total energy storage/take capacity (W-hr)
2026-08-26 16:56:00,867 INFO  [default]            source: Estimated
2026-08-26 16:56:00,867 INFO  [default]   cumulative: 2412
2026-08-26 16:56:00,867 INFO  [default]    inst rate: not used for this commodity code
2026-08-26 16:56:00,867 INFO  [default] commodity code: 11 - Advanced load up present energy storage/take capacity (W-hr)
2026-08-26 16:56:00,868 INFO  [default]            source: Estimated
2026-08-26 16:56:00,868 INFO  [default]   cumulative: 240
2026-08-26 16:56:00,868 INFO  [default]    inst rate: not used for this commodity code
2026-08-26 16:56:01,057 INFO  [default] link ACK received: query_operational_state
2026-08-26 16:56:01,169 INFO  [default] operational state received: 0

Press Enter for a list of commands
2026-08-26 16:56:31,323 INFO  [default] link ACK received: query_operational_state
2026-08-26 16:56:31,419 INFO  [default] operational state received: 0

Press Enter for a list of commands
2026-08-26 16:57:00,566 INFO  [default] link ACK received: get_commodity
2026-08-26 16:57:00,710 INFO  [default] message type supported received: 2
2026-08-26 16:57:00,710 INFO  [default] commodity response received. response code: 0 - success; count: 5
2026-08-26 16:57:00,711 INFO  [default] commodity code: 0 - Electricity consumed (W & W-hr)
2026-08-26 16:57:00,711 INFO  [default]            source: Estimated
2026-08-26 16:57:00,711 INFO  [default]   cumulative: 378975
2026-08-26 16:57:00,711 INFO  [default]    inst rate: 0
2026-08-26 16:57:00,711 INFO  [default] commodity code: 6 - Total energy storage/take capacity (W-hr)
2026-08-26 16:57:00,711 INFO  [default]            source: Estimated
2026-08-26 16:57:00,712 INFO  [default]   cumulative: 2202
2026-08-26 16:57:00,712 INFO  [default]    inst rate: not used for this commodity code
2026-08-26 16:57:00,712 INFO  [default] commodity code: 7 - Present energy storage/take capacity (W-hr)
2026-08-26 16:57:00,712 INFO  [default]            source: Estimated
2026-08-26 16:57:00,712 INFO  [default]   cumulative: 0
2026-08-26 16:57:00,712 INFO  [default]    inst rate: not used for this commodity code
2026-08-26 16:57:00,712 INFO  [default] commodity code: 10 - Advanced load up total energy storage/take capacity (W-hr)
2026-08-26 16:57:00,712 INFO  [default]            source: Estimated
2026-08-26 16:57:00,713 INFO  [default]   cumulative: 2412
2026-08-26 16:57:00,713 INFO  [default]    inst rate: not used for this commodity code
2026-08-26 16:57:00,713 INFO  [default] commodity code: 11 - Advanced load up present energy storage/take capacity (W-hr)
2026-08-26 16:57:00,713 INFO  [default]            source: Estimated
2026-08-26 16:57:00,713 INFO  [default]   cumulative: 240
2026-08-26 16:57:00,713 INFO  [default]    inst rate: not used for this commodity code
2026-08-26 16:57:00,902 INFO  [default] link ACK received: query_operational_state
2026-08-26 16:57:01,014 INFO  [default] operational state received: 0

Press Enter for a list of commands
1787788651,o,0 (PASSED!)
outside communication found
2026-08-26 16:57:31,169 INFO  [default] link ACK received: outside_communication
2026-08-26 16:57:31,265 INFO  [default] app ack received
2026-08-26 16:57:31,457 INFO  [default] link ACK received: query_operational_state
2026-08-26 16:57:31,553 INFO  [default] operational state received: 0

Press Enter for a list of commands
2026-08-26 16:58:00,684 INFO  [default] link ACK received: get_commodity
2026-08-26 16:58:00,828 INFO  [default] message type supported received: 2
2026-08-26 16:58:00,828 INFO  [default] commodity response received. response code: 0 - success; count: 5
2026-08-26 16:58:00,828 INFO  [default] commodity code: 0 - Electricity consumed (W & W-hr)
2026-08-26 16:58:00,829 INFO  [default]            source: Estimated
2026-08-26 16:58:00,829 INFO  [default]   cumulative: 378975
2026-08-26 16:58:00,829 INFO  [default]    inst rate: 0
2026-08-26 16:58:00,829 INFO  [default] commodity code: 6 - Total energy storage/take capacity (W-hr)
2026-08-26 16:58:00,829 INFO  [default]            source: Estimated
2026-08-26 16:58:00,829 INFO  [default]   cumulative: 2202
2026-08-26 16:58:00,829 INFO  [default]    inst rate: not used for this commodity code
2026-08-26 16:58:00,829 INFO  [default] commodity code: 7 - Present energy storage/take capacity (W-hr)
2026-08-26 16:58:00,830 INFO  [default]            source: Estimated
2026-08-26 16:58:00,830 INFO  [default]   cumulative: 0
2026-08-26 16:58:00,830 INFO  [default]    inst rate: not used for this commodity code
2026-08-26 16:58:00,830 INFO  [default] commodity code: 10 - Advanced load up total energy storage/take capacity (W-hr)
2026-08-26 16:58:00,830 INFO  [default]            source: Estimated
2026-08-26 16:58:00,830 INFO  [default]   cumulative: 2412
2026-08-26 16:58:00,830 INFO  [default]    inst rate: not used for this commodity code
2026-08-26 16:58:00,830 INFO  [default] commodity code: 11 - Advanced load up present energy storage/take capacity (W-hr)
2026-08-26 16:58:00,831 INFO  [default]            source: Estimated
2026-08-26 16:58:00,831 INFO  [default]   cumulative: 240
2026-08-26 16:58:00,831 INFO  [default]    inst rate: not used for this commodity code
2026-08-26 16:58:01,020 INFO  [default] link ACK received: query_operational_state
2026-08-26 16:58:01,132 INFO  [default] operational state received: 0

Press Enter for a list of commands
2026-08-26 16:58:31,286 INFO  [default] link ACK received: query_operational_state
2026-08-26 16:58:31,382 INFO  [default] operational state received: 0

Press Enter for a list of commands
2026-08-26 16:59:00,529 INFO  [default] link ACK received: get_commodity
2026-08-26 16:59:00,673 INFO  [default] message type supported received: 2
2026-08-26 16:59:00,674 INFO  [default] commodity response received. response code: 0 - success; count: 5
2026-08-26 16:59:00,674 INFO  [default] commodity code: 0 - Electricity consumed (W & W-hr)
2026-08-26 16:59:00,674 INFO  [default]            source: Estimated
2026-08-26 16:59:00,674 INFO  [default]   cumulative: 378975
2026-08-26 16:59:00,675 INFO  [default]    inst rate: 0
2026-08-26 16:59:00,675 INFO  [default] commodity code: 6 - Total energy storage/take capacity (W-hr)
2026-08-26 16:59:00,675 INFO  [default]            source: Estimated
2026-08-26 16:59:00,675 INFO  [default]   cumulative: 2202
2026-08-26 16:59:00,675 INFO  [default]    inst rate: not used for this commodity code
2026-08-26 16:59:00,675 INFO  [default] commodity code: 7 - Present energy storage/take capacity (W-hr)
2026-08-26 16:59:00,675 INFO  [default]            source: Estimated
2026-08-26 16:59:00,675 INFO  [default]   cumulative: 0
2026-08-26 16:59:00,675 INFO  [default]    inst rate: not used for this commodity code
2026-08-26 16:59:00,676 INFO  [default] commodity code: 10 - Advanced load up total energy storage/take capacity (W-hr)
2026-08-26 16:59:00,676 INFO  [default]            source: Estimated
2026-08-26 16:59:00,676 INFO  [default]   cumulative: 2412
2026-08-26 16:59:00,676 INFO  [default]    inst rate: not used for this commodity code
2026-08-26 16:59:00,676 INFO  [default] commodity code: 11 - Advanced load up present energy storage/take capacity (W-hr)
2026-08-26 16:59:00,676 INFO  [default]            source: Estimated
2026-08-26 16:59:00,676 INFO  [default]   cumulative: 240
2026-08-26 16:59:00,677 INFO  [default]    inst rate: not used for this commodity code
2026-08-26 16:59:00,865 INFO  [default] link ACK received: query_operational_state
2026-08-26 16:59:00,977 INFO  [default] operational state received: 0

Press Enter for a list of commands
2026-08-26 16:59:31,132 INFO  [default] link ACK received: query_operational_state
2026-08-26 16:59:31,228 INFO  [default] operational state received: 0

Press Enter for a list of commands
2026-08-26 17:00:01,367 INFO  [default] link ACK received: get_commodity
2026-08-26 17:00:01,511 INFO  [default] message type supported received: 2
2026-08-26 17:00:01,511 INFO  [default] commodity response received. response code: 0 - success; count: 5
2026-08-26 17:00:01,511 INFO  [default] commodity code: 0 - Electricity consumed (W & W-hr)
2026-08-26 17:00:01,511 INFO  [default]            source: Estimated
2026-08-26 17:00:01,512 INFO  [default]   cumulative: 378975
2026-08-26 17:00:01,512 INFO  [default]    inst rate: 0
2026-08-26 17:00:01,512 INFO  [default] commodity code: 6 - Total energy storage/take capacity (W-hr)
2026-08-26 17:00:01,512 INFO  [default]            source: Estimated
2026-08-26 17:00:01,512 INFO  [default]   cumulative: 2202
2026-08-26 17:00:01,512 INFO  [default]    inst rate: not used for this commodity code
2026-08-26 17:00:01,512 INFO  [default] commodity code: 7 - Present energy storage/take capacity (W-hr)
2026-08-26 17:00:01,512 INFO  [default]            source: Estimated
2026-08-26 17:00:01,512 INFO  [default]   cumulative: 0
2026-08-26 17:00:01,513 INFO  [default]    inst rate: not used for this commodity code
2026-08-26 17:00:01,513 INFO  [default] commodity code: 10 - Advanced load up total energy storage/take capacity (W-hr)
2026-08-26 17:00:01,513 INFO  [default]            source: Estimated
2026-08-26 17:00:01,513 INFO  [default]   cumulative: 2412
2026-08-26 17:00:01,513 INFO  [default]    inst rate: not used for this commodity code
2026-08-26 17:00:01,513 INFO  [default] commodity code: 11 - Advanced load up present energy storage/take capacity (W-hr)
2026-08-26 17:00:01,513 INFO  [default]            source: Estimated
2026-08-26 17:00:01,514 INFO  [default]   cumulative: 240
2026-08-26 17:00:01,514 INFO  [default]    inst rate: not used for this commodity code
2026-08-26 17:00:01,703 INFO  [default] link ACK received: query_operational_state
2026-08-26 17:00:01,815 INFO  [default] operational state received: 0

Press Enter for a list of commands
2026-08-26 17:00:30,961 INFO  [default] link ACK received: query_operational_state
2026-08-26 17:00:31,073 INFO  [default] operational state received: 0

Press Enter for a list of commands
2026-08-26 17:01:01,228 INFO  [default] link ACK received: get_commodity
2026-08-26 17:01:01,356 INFO  [default] message type supported received: 2
2026-08-26 17:01:01,356 INFO  [default] commodity response received. response code: 0 - success; count: 5
2026-08-26 17:01:01,356 INFO  [default] commodity code: 0 - Electricity consumed (W & W-hr)
2026-08-26 17:01:01,356 INFO  [default]            source: Estimated
2026-08-26 17:01:01,356 INFO  [default]   cumulative: 378975
2026-08-26 17:01:01,356 INFO  [default]    inst rate: 0
2026-08-26 17:01:01,356 INFO  [default] commodity code: 6 - Total energy storage/take capacity (W-hr)
2026-08-26 17:01:01,357 INFO  [default]            source: Estimated
2026-08-26 17:01:01,357 INFO  [default]   cumulative: 2202
2026-08-26 17:01:01,357 INFO  [default]    inst rate: not used for this commodity code
2026-08-26 17:01:01,357 INFO  [default] commodity code: 7 - Present energy storage/take capacity (W-hr)
2026-08-26 17:01:01,357 INFO  [default]            source: Estimated
2026-08-26 17:01:01,357 INFO  [default]   cumulative: 0
2026-08-26 17:01:01,357 INFO  [default]    inst rate: not used for this commodity code
2026-08-26 17:01:01,357 INFO  [default] commodity code: 10 - Advanced load up total energy storage/take capacity (W-hr)
2026-08-26 17:01:01,357 INFO  [default]            source: Estimated
2026-08-26 17:01:01,357 INFO  [default]   cumulative: 2412
2026-08-26 17:01:01,357 INFO  [default]    inst rate: not used for this commodity code
2026-08-26 17:01:01,357 INFO  [default] commodity code: 11 - Advanced load up present energy storage/take capacity (W-hr)
2026-08-26 17:01:01,357 INFO  [default]            source: Estimated
2026-08-26 17:01:01,357 INFO  [default]   cumulative: 240
2026-08-26 17:01:01,357 INFO  [default]    inst rate: not used for this commodity code
2026-08-26 17:01:01,548 INFO  [default] link ACK received: query_operational_state
2026-08-26 17:01:01,660 INFO  [default] operational state received: 0

Press Enter for a list of commands
2026-08-26 17:01:30,807 INFO  [default] link ACK received: query_operational_state
2026-08-26 17:01:30,919 INFO  [default] operational state received: 0

Press Enter for a list of commands
2026-08-26 17:02:01,074 INFO  [default] link ACK received: get_commodity
2026-08-26 17:02:01,202 INFO  [default] message type supported received: 2
2026-08-26 17:02:01,202 INFO  [default] commodity response received. response code: 0 - success; count: 5
2026-08-26 17:02:01,203 INFO  [default] commodity code: 0 - Electricity consumed (W & W-hr)
2026-08-26 17:02:01,203 INFO  [default]            source: Estimated
2026-08-26 17:02:01,203 INFO  [default]   cumulative: 378975
2026-08-26 17:02:01,203 INFO  [default]    inst rate: 0
2026-08-26 17:02:01,203 INFO  [default] commodity code: 6 - Total energy storage/take capacity (W-hr)
2026-08-26 17:02:01,203 INFO  [default]            source: Estimated
2026-08-26 17:02:01,203 INFO  [default]   cumulative: 2202
2026-08-26 17:02:01,203 INFO  [default]    inst rate: not used for this commodity code
2026-08-26 17:02:01,204 INFO  [default] commodity code: 7 - Present energy storage/take capacity (W-hr)
2026-08-26 17:02:01,204 INFO  [default]            source: Estimated
2026-08-26 17:02:01,204 INFO  [default]   cumulative: 0
2026-08-26 17:02:01,204 INFO  [default]    inst rate: not used for this commodity code
2026-08-26 17:02:01,204 INFO  [default] commodity code: 10 - Advanced load up total energy storage/take capacity (W-hr)
2026-08-26 17:02:01,204 INFO  [default]            source: Estimated
2026-08-26 17:02:01,204 INFO  [default]   cumulative: 2412
2026-08-26 17:02:01,204 INFO  [default]    inst rate: not used for this commodity code
2026-08-26 17:02:01,205 INFO  [default] commodity code: 11 - Advanced load up present energy storage/take capacity (W-hr)
2026-08-26 17:02:01,205 INFO  [default]            source: Estimated
2026-08-26 17:02:01,205 INFO  [default]   cumulative: 240
2026-08-26 17:02:01,205 INFO  [default]    inst rate: not used for this commodity code
2026-08-26 17:02:01,394 INFO  [default] link ACK received: query_operational_state
2026-08-26 17:02:01,506 INFO  [default] operational state received: 0

Press Enter for a list of commands
2026-08-26 17:02:30,653 INFO  [default] link ACK received: query_operational_state
2026-08-26 17:02:30,765 INFO  [default] operational state received: 0

Press Enter for a list of commands
2026-08-26 17:03:00,919 INFO  [default] link ACK received: get_commodity
2026-08-26 17:03:01,063 INFO  [default] message type supported received: 2
2026-08-26 17:03:01,064 INFO  [default] commodity response received. response code: 0 - success; count: 5
2026-08-26 17:03:01,064 INFO  [default] commodity code: 0 - Electricity consumed (W & W-hr)
2026-08-26 17:03:01,064 INFO  [default]            source: Estimated
2026-08-26 17:03:01,064 INFO  [default]   cumulative: 378975
2026-08-26 17:03:01,065 INFO  [default]    inst rate: 0
2026-08-26 17:03:01,065 INFO  [default] commodity code: 6 - Total energy storage/take capacity (W-hr)
2026-08-26 17:03:01,065 INFO  [default]            source: Estimated
2026-08-26 17:03:01,065 INFO  [default]   cumulative: 2202
2026-08-26 17:03:01,065 INFO  [default]    inst rate: not used for this commodity code
2026-08-26 17:03:01,065 INFO  [default] commodity code: 7 - Present energy storage/take capacity (W-hr)
2026-08-26 17:03:01,065 INFO  [default]            source: Estimated
2026-08-26 17:03:01,066 INFO  [default]   cumulative: 60
2026-08-26 17:03:01,066 INFO  [default]    inst rate: not used for this commodity code
2026-08-26 17:03:01,066 INFO  [default] commodity code: 10 - Advanced load up total energy storage/take capacity (W-hr)
2026-08-26 17:03:01,066 INFO  [default]            source: Estimated
2026-08-26 17:03:01,066 INFO  [default]   cumulative: 2412
2026-08-26 17:03:01,066 INFO  [default]    inst rate: not used for this commodity code
2026-08-26 17:03:01,066 INFO  [default] commodity code: 11 - Advanced load up present energy storage/take capacity (W-hr)
2026-08-26 17:03:01,066 INFO  [default]            source: Estimated
2026-08-26 17:03:01,066 INFO  [default]   cumulative: 270
2026-08-26 17:03:01,067 INFO  [default]    inst rate: not used for this commodity code
2026-08-26 17:03:01,255 INFO  [default] link ACK received: query_operational_state
2026-08-26 17:03:01,351 INFO  [default] operational state received: 0

Press Enter for a list of commands
2026-08-26 17:03:31,506 INFO  [default] link ACK received: query_operational_state
2026-08-26 17:03:31,602 INFO  [default] operational state received: 0

Press Enter for a list of commands
2026-08-26 17:04:00,749 INFO  [default] link ACK received: get_commodity
2026-08-26 17:04:00,893 INFO  [default] message type supported received: 2
2026-08-26 17:04:00,893 INFO  [default] commodity response received. response code: 0 - success; count: 5
2026-08-26 17:04:00,894 INFO  [default] commodity code: 0 - Electricity consumed (W & W-hr)
2026-08-26 17:04:00,894 INFO  [default]            source: Estimated
2026-08-26 17:04:00,894 INFO  [default]   cumulative: 378975
2026-08-26 17:04:00,894 INFO  [default]    inst rate: 0
2026-08-26 17:04:00,894 INFO  [default] commodity code: 6 - Total energy storage/take capacity (W-hr)
2026-08-26 17:04:00,894 INFO  [default]            source: Estimated
2026-08-26 17:04:00,894 INFO  [default]   cumulative: 2202
2026-08-26 17:04:00,894 INFO  [default]    inst rate: not used for this commodity code
2026-08-26 17:04:00,895 INFO  [default] commodity code: 7 - Present energy storage/take capacity (W-hr)
2026-08-26 17:04:00,895 INFO  [default]            source: Estimated
2026-08-26 17:04:00,895 INFO  [default]   cumulative: 270
2026-08-26 17:04:00,895 INFO  [default]    inst rate: not used for this commodity code
2026-08-26 17:04:00,895 INFO  [default] commodity code: 10 - Advanced load up total energy storage/take capacity (W-hr)
2026-08-26 17:04:00,895 INFO  [default]            source: Estimated
2026-08-26 17:04:00,895 INFO  [default]   cumulative: 2412
2026-08-26 17:04:00,895 INFO  [default]    inst rate: not used for this commodity code
2026-08-26 17:04:00,895 INFO  [default] commodity code: 11 - Advanced load up present energy storage/take capacity (W-hr)
2026-08-26 17:04:00,896 INFO  [default]            source: Estimated
2026-08-26 17:04:00,896 INFO  [default]   cumulative: 480
2026-08-26 17:04:00,896 INFO  [default]    inst rate: not used for this commodity code
2026-08-26 17:04:01,085 INFO  [default] link ACK received: query_operational_state
2026-08-26 17:04:01,181 INFO  [default] operational state received: 0

Press Enter for a list of commands
2026-08-26 17:04:31,336 INFO  [default] link ACK received: query_operational_state
2026-08-26 17:04:31,432 INFO  [default] operational state received: 0

Press Enter for a list of commands
2026-08-26 17:05:00,578 INFO  [default] link ACK received: get_commodity
2026-08-26 17:05:00,722 INFO  [default] message type supported received: 2
2026-08-26 17:05:00,723 INFO  [default] commodity response received. response code: 0 - success; count: 5
2026-08-26 17:05:00,723 INFO  [default] commodity code: 0 - Electricity consumed (W & W-hr)
2026-08-26 17:05:00,723 INFO  [default]            source: Estimated
2026-08-26 17:05:00,723 INFO  [default]   cumulative: 378975
2026-08-26 17:05:00,724 INFO  [default]    inst rate: 0
2026-08-26 17:05:00,724 INFO  [default] commodity code: 6 - Total energy storage/take capacity (W-hr)
2026-08-26 17:05:00,724 INFO  [default]            source: Estimated
2026-08-26 17:05:00,724 INFO  [default]   cumulative: 2202
2026-08-26 17:05:00,724 INFO  [default]    inst rate: not used for this commodity code
2026-08-26 17:05:00,724 INFO  [default] commodity code: 7 - Present energy storage/take capacity (W-hr)
2026-08-26 17:05:00,724 INFO  [default]            source: Estimated
2026-08-26 17:05:00,724 INFO  [default]   cumulative: 666
2026-08-26 17:05:00,724 INFO  [default]    inst rate: not used for this commodity code
2026-08-26 17:05:00,725 INFO  [default] commodity code: 10 - Advanced load up total energy storage/take capacity (W-hr)
2026-08-26 17:05:00,725 INFO  [default]            source: Estimated
2026-08-26 17:05:00,725 INFO  [default]   cumulative: 2412
2026-08-26 17:05:00,725 INFO  [default]    inst rate: not used for this commodity code
2026-08-26 17:05:00,725 INFO  [default] commodity code: 11 - Advanced load up present energy storage/take capacity (W-hr)
2026-08-26 17:05:00,725 INFO  [default]            source: Estimated
2026-08-26 17:05:00,725 INFO  [default]   cumulative: 876
2026-08-26 17:05:00,726 INFO  [default]    inst rate: not used for this commodity code
2026-08-26 17:05:00,914 INFO  [default] link ACK received: query_operational_state
2026-08-26 17:05:01,026 INFO  [default] operational state received: 0

Press Enter for a list of commands
2026-08-26 17:05:31,181 INFO  [default] link ACK received: query_operational_state
2026-08-26 17:05:31,277 INFO  [default] operational state received: 0

Press Enter for a list of commands
2026-08-26 17:06:01,432 INFO  [default] link ACK received: get_commodity
2026-08-26 17:06:01,560 INFO  [default] message type supported received: 2
2026-08-26 17:06:01,560 INFO  [default] commodity response received. response code: 0 - success; count: 5
2026-08-26 17:06:01,561 INFO  [default] commodity code: 0 - Electricity consumed (W & W-hr)
2026-08-26 17:06:01,561 INFO  [default]            source: Estimated
2026-08-26 17:06:01,561 INFO  [default]   cumulative: 378975
2026-08-26 17:06:01,561 INFO  [default]    inst rate: 0
2026-08-26 17:06:01,561 INFO  [default] commodity code: 6 - Total energy storage/take capacity (W-hr)
2026-08-26 17:06:01,561 INFO  [default]            source: Estimated
2026-08-26 17:06:01,561 INFO  [default]   cumulative: 2202
2026-08-26 17:06:01,562 INFO  [default]    inst rate: not used for this commodity code
2026-08-26 17:06:01,562 INFO  [default] commodity code: 7 - Present energy storage/take capacity (W-hr)
2026-08-26 17:06:01,562 INFO  [default]            source: Estimated
2026-08-26 17:06:01,562 INFO  [default]   cumulative: 1056
2026-08-26 17:06:01,562 INFO  [default]    inst rate: not used for this commodity code
2026-08-26 17:06:01,562 INFO  [default] commodity code: 10 - Advanced load up total energy storage/take capacity (W-hr)
2026-08-26 17:06:01,562 INFO  [default]            source: Estimated
2026-08-26 17:06:01,562 INFO  [default]   cumulative: 2412
2026-08-26 17:06:01,562 INFO  [default]    inst rate: not used for this commodity code
2026-08-26 17:06:01,563 INFO  [default] commodity code: 11 - Advanced load up present energy storage/take capacity (W-hr)
2026-08-26 17:06:01,563 INFO  [default]            source: Estimated
2026-08-26 17:06:01,563 INFO  [default]   cumulative: 1266
2026-08-26 17:06:01,563 INFO  [default]    inst rate: not used for this commodity code
2026-08-26 17:06:01,752 INFO  [default] link ACK received: query_operational_state
2026-08-26 17:06:01,864 INFO  [default] operational state received: 0

Press Enter for a list of commands
2026-08-26 17:06:31,011 INFO  [default] link ACK received: query_operational_state
2026-08-26 17:06:31,123 INFO  [default] operational state received: 1

Press Enter for a list of commands
2026-08-26 17:07:01,277 INFO  [default] link ACK received: get_commodity
2026-08-26 17:07:01,405 INFO  [default] message type supported received: 2
2026-08-26 17:07:01,406 INFO  [default] commodity response received. response code: 0 - success; count: 5
2026-08-26 17:07:01,406 INFO  [default] commodity code: 0 - Electricity consumed (W & W-hr)
2026-08-26 17:07:01,406 INFO  [default]            source: Estimated
2026-08-26 17:07:01,406 INFO  [default]   cumulative: 378975
2026-08-26 17:07:01,406 INFO  [default]    inst rate: 0
2026-08-26 17:07:01,407 INFO  [default] commodity code: 6 - Total energy storage/take capacity (W-hr)
2026-08-26 17:07:01,407 INFO  [default]            source: Estimated
2026-08-26 17:07:01,407 INFO  [default]   cumulative: 2052
2026-08-26 17:07:01,407 INFO  [default]    inst rate: not used for this commodity code
2026-08-26 17:07:01,407 INFO  [default] commodity code: 7 - Present energy storage/take capacity (W-hr)
2026-08-26 17:07:01,407 INFO  [default]            source: Estimated
2026-08-26 17:07:01,407 INFO  [default]   cumulative: 1176
2026-08-26 17:07:01,407 INFO  [default]    inst rate: not used for this commodity code
2026-08-26 17:07:01,408 INFO  [default] commodity code: 10 - Advanced load up total energy storage/take capacity (W-hr)
2026-08-26 17:07:01,408 INFO  [default]            source: Estimated
2026-08-26 17:07:01,408 INFO  [default]   cumulative: 2352
2026-08-26 17:07:01,408 INFO  [default]    inst rate: not used for this commodity code
2026-08-26 17:07:01,408 INFO  [default] commodity code: 11 - Advanced load up present energy storage/take capacity (W-hr)
2026-08-26 17:07:01,408 INFO  [default]            source: Estimated
2026-08-26 17:07:01,408 INFO  [default]   cumulative: 1476
2026-08-26 17:07:01,408 INFO  [default]    inst rate: not used for this commodity code
2026-08-26 17:07:01,597 INFO  [default] link ACK received: query_operational_state
2026-08-26 17:07:01,709 INFO  [default] operational state received: 1

Press Enter for a list of commands
2026-08-26 17:07:30,856 INFO  [default] link ACK received: query_operational_state
2026-08-26 17:07:30,968 INFO  [default] operational state received: 1

Press Enter for a list of commands
2026-08-26 17:08:01,123 INFO  [default] link ACK received: get_commodity
2026-08-26 17:08:01,267 INFO  [default] message type supported received: 2
2026-08-26 17:08:01,267 INFO  [default] commodity response received. response code: 0 - success; count: 5
2026-08-26 17:08:01,268 INFO  [default] commodity code: 0 - Electricity consumed (W & W-hr)
2026-08-26 17:08:01,268 INFO  [default]            source: Estimated
2026-08-26 17:08:01,268 INFO  [default]   cumulative: 378981
2026-08-26 17:08:01,268 INFO  [default]    inst rate: 356
2026-08-26 17:08:01,268 INFO  [default] commodity code: 6 - Total energy storage/take capacity (W-hr)
2026-08-26 17:08:01,268 INFO  [default]            source: Estimated
2026-08-26 17:08:01,268 INFO  [default]   cumulative: 2052
2026-08-26 17:08:01,268 INFO  [default]    inst rate: not used for this commodity code
2026-08-26 17:08:01,269 INFO  [default] commodity code: 7 - Present energy storage/take capacity (W-hr)
2026-08-26 17:08:01,269 INFO  [default]            source: Estimated
2026-08-26 17:08:01,269 INFO  [default]   cumulative: 1356
2026-08-26 17:08:01,269 INFO  [default]    inst rate: not used for this commodity code
2026-08-26 17:08:01,269 INFO  [default] commodity code: 10 - Advanced load up total energy storage/take capacity (W-hr)
2026-08-26 17:08:01,269 INFO  [default]            source: Estimated
2026-08-26 17:08:01,269 INFO  [default]   cumulative: 2352
2026-08-26 17:08:01,269 INFO  [default]    inst rate: not used for this commodity code
2026-08-26 17:08:01,270 INFO  [default] commodity code: 11 - Advanced load up present energy storage/take capacity (W-hr)
2026-08-26 17:08:01,270 INFO  [default]            source: Estimated
2026-08-26 17:08:01,270 INFO  [default]   cumulative: 1656
2026-08-26 17:08:01,270 INFO  [default]    inst rate: not used for this commodity code
2026-08-26 17:08:01,459 INFO  [default] link ACK received: query_operational_state
2026-08-26 17:08:01,555 INFO  [default] operational state received: 1

Press Enter for a list of commands
2026-08-26 17:08:30,702 INFO  [default] link ACK received: query_operational_state
2026-08-26 17:08:30,814 INFO  [default] operational state received: 1

Press Enter for a list of commands
2026-08-26 17:09:00,969 INFO  [default] link ACK received: get_commodity
2026-08-26 17:09:01,112 INFO  [default] message type supported received: 2
2026-08-26 17:09:01,113 INFO  [default] commodity response received. response code: 0 - success; count: 5
2026-08-26 17:09:01,113 INFO  [default] commodity code: 0 - Electricity consumed (W & W-hr)
2026-08-26 17:09:01,113 INFO  [default]            source: Estimated
2026-08-26 17:09:01,113 INFO  [default]   cumulative: 378987
2026-08-26 17:09:01,113 INFO  [default]    inst rate: 356
2026-08-26 17:09:01,114 INFO  [default] commodity code: 6 - Total energy storage/take capacity (W-hr)
2026-08-26 17:09:01,114 INFO  [default]            source: Estimated
2026-08-26 17:09:01,114 INFO  [default]   cumulative: 2052
2026-08-26 17:09:01,114 INFO  [default]    inst rate: not used for this commodity code
2026-08-26 17:09:01,114 INFO  [default] commodity code: 7 - Present energy storage/take capacity (W-hr)
2026-08-26 17:09:01,114 INFO  [default]            source: Estimated
2026-08-26 17:09:01,114 INFO  [default]   cumulative: 1386
2026-08-26 17:09:01,114 INFO  [default]    inst rate: not used for this commodity code
2026-08-26 17:09:01,114 INFO  [default] commodity code: 10 - Advanced load up total energy storage/take capacity (W-hr)
2026-08-26 17:09:01,114 INFO  [default]            source: Estimated
2026-08-26 17:09:01,115 INFO  [default]   cumulative: 2352
2026-08-26 17:09:01,115 INFO  [default]    inst rate: not used for this commodity code
2026-08-26 17:09:01,115 INFO  [default] commodity code: 11 - Advanced load up present energy storage/take capacity (W-hr)
2026-08-26 17:09:01,115 INFO  [default]            source: Estimated
2026-08-26 17:09:01,115 INFO  [default]   cumulative: 1686
2026-08-26 17:09:01,115 INFO  [default]    inst rate: not used for this commodity code
2026-08-26 17:09:01,304 INFO  [default] link ACK received: query_operational_state
2026-08-26 17:09:01,400 INFO  [default] operational state received: 1

Press Enter for a list of commands
2026-08-26 17:09:30,547 INFO  [default] link ACK received: query_operational_state
2026-08-26 17:09:30,659 INFO  [default] operational state received: 1

Press Enter for a list of commands
2026-08-26 17:10:00,814 INFO  [default] link ACK received: get_commodity
2026-08-26 17:10:00,958 INFO  [default] message type supported received: 2
2026-08-26 17:10:00,958 INFO  [default] commodity response received. response code: 0 - success; count: 5
2026-08-26 17:10:00,959 INFO  [default] commodity code: 0 - Electricity consumed (W & W-hr)
2026-08-26 17:10:00,959 INFO  [default]            source: Estimated
2026-08-26 17:10:00,959 INFO  [default]   cumulative: 378993
2026-08-26 17:10:00,959 INFO  [default]    inst rate: 356
2026-08-26 17:10:00,959 INFO  [default] commodity code: 6 - Total energy storage/take capacity (W-hr)
2026-08-26 17:10:00,959 INFO  [default]            source: Estimated
2026-08-26 17:10:00,959 INFO  [default]   cumulative: 2052
2026-08-26 17:10:00,960 INFO  [default]    inst rate: not used for this commodity code
2026-08-26 17:10:00,960 INFO  [default] commodity code: 7 - Present energy storage/take capacity (W-hr)
2026-08-26 17:10:00,960 INFO  [default]            source: Estimated
2026-08-26 17:10:00,960 INFO  [default]   cumulative: 1386
2026-08-26 17:10:00,960 INFO  [default]    inst rate: not used for this commodity code
2026-08-26 17:10:00,960 INFO  [default] commodity code: 10 - Advanced load up total energy storage/take capacity (W-hr)
2026-08-26 17:10:00,960 INFO  [default]            source: Estimated
2026-08-26 17:10:00,960 INFO  [default]   cumulative: 2352
2026-08-26 17:10:00,961 INFO  [default]    inst rate: not used for this commodity code
2026-08-26 17:10:00,961 INFO  [default] commodity code: 11 - Advanced load up present energy storage/take capacity (W-hr)
2026-08-26 17:10:00,961 INFO  [default]            source: Estimated
2026-08-26 17:10:00,961 INFO  [default]   cumulative: 1686
2026-08-26 17:10:00,961 INFO  [default]    inst rate: not used for this commodity code
2026-08-26 17:10:01,150 INFO  [default] link ACK received: query_operational_state
2026-08-26 17:10:01,262 INFO  [default] operational state received: 1

Press Enter for a list of commands
2026-08-26 17:10:31,417 INFO  [default] link ACK received: query_operational_state
2026-08-26 17:10:31,513 INFO  [default] operational state received: 1

Press Enter for a list of commands
2026-08-26 17:11:00,660 INFO  [default] link ACK received: get_commodity
2026-08-26 17:11:00,804 INFO  [default] message type supported received: 2
2026-08-26 17:11:00,804 INFO  [default] commodity response received. response code: 0 - success; count: 5
2026-08-26 17:11:00,804 INFO  [default] commodity code: 0 - Electricity consumed (W & W-hr)
2026-08-26 17:11:00,805 INFO  [default]            source: Estimated
2026-08-26 17:11:00,805 INFO  [default]   cumulative: 378999
2026-08-26 17:11:00,805 INFO  [default]    inst rate: 356
2026-08-26 17:11:00,805 INFO  [default] commodity code: 6 - Total energy storage/take capacity (W-hr)
2026-08-26 17:11:00,805 INFO  [default]            source: Estimated
2026-08-26 17:11:00,805 INFO  [default]   cumulative: 2052
2026-08-26 17:11:00,805 INFO  [default]    inst rate: not used for this commodity code
2026-08-26 17:11:00,805 INFO  [default] commodity code: 7 - Present energy storage/take capacity (W-hr)
2026-08-26 17:11:00,806 INFO  [default]            source: Estimated
2026-08-26 17:11:00,806 INFO  [default]   cumulative: 1416
2026-08-26 17:11:00,806 INFO  [default]    inst rate: not used for this commodity code
2026-08-26 17:11:00,806 INFO  [default] commodity code: 10 - Advanced load up total energy storage/take capacity (W-hr)
2026-08-26 17:11:00,806 INFO  [default]            source: Estimated
2026-08-26 17:11:00,806 INFO  [default]   cumulative: 2352
2026-08-26 17:11:00,806 INFO  [default]    inst rate: not used for this commodity code
2026-08-26 17:11:00,807 INFO  [default] commodity code: 11 - Advanced load up present energy storage/take capacity (W-hr)
2026-08-26 17:11:00,807 INFO  [default]            source: Estimated
2026-08-26 17:11:00,807 INFO  [default]   cumulative: 1716
2026-08-26 17:11:00,807 INFO  [default]    inst rate: not used for this commodity code
2026-08-26 17:11:00,996 INFO  [default] link ACK received: query_operational_state
2026-08-26 17:11:01,108 INFO  [default] operational state received: 1

Press Enter for a list of commands
1787789461,o,0 (PASSED!)
outside communication found
2026-08-26 17:11:02,195 INFO  [default] link ACK received: outside_communication
2026-08-26 17:11:02,307 INFO  [default] app ack received
2026-08-26 17:11:31,454 INFO  [default] link ACK received: query_operational_state
2026-08-26 17:11:31,566 INFO  [default] operational state received: 1

Press Enter for a list of commands
2026-08-26 17:12:00,713 INFO  [default] link ACK received: get_commodity
2026-08-26 17:12:00,857 INFO  [default] message type supported received: 2
2026-08-26 17:12:00,857 INFO  [default] commodity response received. response code: 0 - success; count: 5
2026-08-26 17:12:00,858 INFO  [default] commodity code: 0 - Electricity consumed (W & W-hr)
2026-08-26 17:12:00,858 INFO  [default]            source: Estimated
2026-08-26 17:12:00,858 INFO  [default]   cumulative: 379005
2026-08-26 17:12:00,858 INFO  [default]    inst rate: 356
2026-08-26 17:12:00,858 INFO  [default] commodity code: 6 - Total energy storage/take capacity (W-hr)
2026-08-26 17:12:00,859 INFO  [default]            source: Estimated
2026-08-26 17:12:00,859 INFO  [default]   cumulative: 2052
2026-08-26 17:12:00,859 INFO  [default]    inst rate: not used for this commodity code
2026-08-26 17:12:00,859 INFO  [default] commodity code: 7 - Present energy storage/take capacity (W-hr)
2026-08-26 17:12:00,859 INFO  [default]            source: Estimated
2026-08-26 17:12:00,859 INFO  [default]   cumulative: 1446
2026-08-26 17:12:00,859 INFO  [default]    inst rate: not used for this commodity code
2026-08-26 17:12:00,860 INFO  [default] commodity code: 10 - Advanced load up total energy storage/take capacity (W-hr)
2026-08-26 17:12:00,860 INFO  [default]            source: Estimated
2026-08-26 17:12:00,860 INFO  [default]   cumulative: 2352
2026-08-26 17:12:00,860 INFO  [default]    inst rate: not used for this commodity code
2026-08-26 17:12:00,860 INFO  [default] commodity code: 11 - Advanced load up present energy storage/take capacity (W-hr)
2026-08-26 17:12:00,860 INFO  [default]            source: Estimated
2026-08-26 17:12:00,860 INFO  [default]   cumulative: 1752
2026-08-26 17:12:00,860 INFO  [default]    inst rate: not used for this commodity code
2026-08-26 17:12:01,049 INFO  [default] link ACK received: query_operational_state
2026-08-26 17:12:01,161 INFO  [default] operational state received: 1

Press Enter for a list of commands
2026-08-26 17:12:31,316 INFO  [default] link ACK received: query_operational_state
2026-08-26 17:12:31,412 INFO  [default] operational state received: 1

Press Enter for a list of commands
2026-08-26 17:13:00,559 INFO  [default] link ACK received: get_commodity
2026-08-26 17:13:00,703 INFO  [default] message type supported received: 2
2026-08-26 17:13:00,703 INFO  [default] commodity response received. response code: 0 - success; count: 5
2026-08-26 17:13:00,703 INFO  [default] commodity code: 0 - Electricity consumed (W & W-hr)
2026-08-26 17:13:00,704 INFO  [default]            source: Estimated
2026-08-26 17:13:00,704 INFO  [default]   cumulative: 379011
2026-08-26 17:13:00,704 INFO  [default]    inst rate: 356
2026-08-26 17:13:00,704 INFO  [default] commodity code: 6 - Total energy storage/take capacity (W-hr)
2026-08-26 17:13:00,704 INFO  [default]            source: Estimated
2026-08-26 17:13:00,704 INFO  [default]   cumulative: 2052
2026-08-26 17:13:00,704 INFO  [default]    inst rate: not used for this commodity code
2026-08-26 17:13:00,705 INFO  [default] commodity code: 7 - Present energy storage/take capacity (W-hr)
2026-08-26 17:13:00,705 INFO  [default]            source: Estimated
2026-08-26 17:13:00,705 INFO  [default]   cumulative: 1446
2026-08-26 17:13:00,705 INFO  [default]    inst rate: not used for this commodity code
2026-08-26 17:13:00,705 INFO  [default] commodity code: 10 - Advanced load up total energy storage/take capacity (W-hr)
2026-08-26 17:13:00,705 INFO  [default]            source: Estimated
2026-08-26 17:13:00,705 INFO  [default]   cumulative: 2352
2026-08-26 17:13:00,706 INFO  [default]    inst rate: not used for this commodity code
2026-08-26 17:13:00,706 INFO  [default] commodity code: 11 - Advanced load up present energy storage/take capacity (W-hr)
2026-08-26 17:13:00,706 INFO  [default]            source: Estimated
2026-08-26 17:13:00,706 INFO  [default]   cumulative: 1752
2026-08-26 17:13:00,706 INFO  [default]    inst rate: not used for this commodity code
2026-08-26 17:13:00,895 INFO  [default] link ACK received: query_operational_state
2026-08-26 17:13:00,991 INFO  [default] operational state received: 1

Press Enter for a list of commands
2026-08-26 17:13:31,145 INFO  [default] link ACK received: query_operational_state
2026-08-26 17:13:31,241 INFO  [default] operational state received: 1

Press Enter for a list of commands
2026-08-26 17:14:01,380 INFO  [default] link ACK received: get_commodity
2026-08-26 17:14:01,524 INFO  [default] message type supported received: 2
2026-08-26 17:14:01,524 INFO  [default] commodity response received. response code: 0 - success; count: 5
2026-08-26 17:14:01,525 INFO  [default] commodity code: 0 - Electricity consumed (W & W-hr)
2026-08-26 17:14:01,525 INFO  [default]            source: Estimated
2026-08-26 17:14:01,525 INFO  [default]   cumulative: 379017
2026-08-26 17:14:01,525 INFO  [default]    inst rate: 356
2026-08-26 17:14:01,525 INFO  [default] commodity code: 6 - Total energy storage/take capacity (W-hr)
2026-08-26 17:14:01,525 INFO  [default]            source: Estimated
2026-08-26 17:14:01,526 INFO  [default]   cumulative: 2052
2026-08-26 17:14:01,526 INFO  [default]    inst rate: not used for this commodity code
2026-08-26 17:14:01,526 INFO  [default] commodity code: 7 - Present energy storage/take capacity (W-hr)
2026-08-26 17:14:01,526 INFO  [default]            source: Estimated
2026-08-26 17:14:01,526 INFO  [default]   cumulative: 1476
2026-08-26 17:14:01,526 INFO  [default]    inst rate: not used for this commodity code
2026-08-26 17:14:01,526 INFO  [default] commodity code: 10 - Advanced load up total energy storage/take capacity (W-hr)
2026-08-26 17:14:01,527 INFO  [default]            source: Estimated
2026-08-26 17:14:01,527 INFO  [default]   cumulative: 2352
2026-08-26 17:14:01,527 INFO  [default]    inst rate: not used for this commodity code
2026-08-26 17:14:01,527 INFO  [default] commodity code: 11 - Advanced load up present energy storage/take capacity (W-hr)
2026-08-26 17:14:01,527 INFO  [default]            source: Estimated
2026-08-26 17:14:01,527 INFO  [default]   cumulative: 1782
2026-08-26 17:14:01,527 INFO  [default]    inst rate: not used for this commodity code
2026-08-26 17:14:01,716 INFO  [default] link ACK received: query_operational_state
2026-08-26 17:14:01,828 INFO  [default] operational state received: 1

Press Enter for a list of commands
2026-08-26 17:14:30,975 INFO  [default] link ACK received: query_operational_state
2026-08-26 17:14:31,087 INFO  [default] operational state received: 1

Press Enter for a list of commands
2026-08-26 17:15:01,242 INFO  [default] link ACK received: get_commodity
2026-08-26 17:15:01,370 INFO  [default] message type supported received: 2
2026-08-26 17:15:01,370 INFO  [default] commodity response received. response code: 0 - success; count: 5
2026-08-26 17:15:01,370 INFO  [default] commodity code: 0 - Electricity consumed (W & W-hr)
2026-08-26 17:15:01,371 INFO  [default]            source: Estimated
2026-08-26 17:15:01,371 INFO  [default]   cumulative: 379023
2026-08-26 17:15:01,371 INFO  [default]    inst rate: 356
2026-08-26 17:15:01,371 INFO  [default] commodity code: 6 - Total energy storage/take capacity (W-hr)
2026-08-26 17:15:01,371 INFO  [default]            source: Estimated
2026-08-26 17:15:01,371 INFO  [default]   cumulative: 2052
2026-08-26 17:15:01,371 INFO  [default]    inst rate: not used for this commodity code
2026-08-26 17:15:01,372 INFO  [default] commodity code: 7 - Present energy storage/take capacity (W-hr)
2026-08-26 17:15:01,372 INFO  [default]            source: Estimated
2026-08-26 17:15:01,372 INFO  [default]   cumulative: 1506
2026-08-26 17:15:01,372 INFO  [default]    inst rate: not used for this commodity code
2026-08-26 17:15:01,372 INFO  [default] commodity code: 10 - Advanced load up total energy storage/take capacity (W-hr)
2026-08-26 17:15:01,372 INFO  [default]            source: Estimated
2026-08-26 17:15:01,372 INFO  [default]   cumulative: 2352
2026-08-26 17:15:01,372 INFO  [default]    inst rate: not used for this commodity code
2026-08-26 17:15:01,372 INFO  [default] commodity code: 11 - Advanced load up present energy storage/take capacity (W-hr)
2026-08-26 17:15:01,373 INFO  [default]            source: Estimated
2026-08-26 17:15:01,373 INFO  [default]   cumulative: 1812
2026-08-26 17:15:01,373 INFO  [default]    inst rate: not used for this commodity code
2026-08-26 17:15:01,562 INFO  [default] link ACK received: query_operational_state
2026-08-26 17:15:01,674 INFO  [default] operational state received: 1

Press Enter for a list of commands
2026-08-26 17:15:30,821 INFO  [default] link ACK received: query_operational_state
2026-08-26 17:15:30,932 INFO  [default] operational state received: 1

Press Enter for a list of commands
2026-08-26 17:16:01,087 INFO  [default] link ACK received: get_commodity
2026-08-26 17:16:01,215 INFO  [default] message type supported received: 2
2026-08-26 17:16:01,215 INFO  [default] commodity response received. response code: 0 - success; count: 5
2026-08-26 17:16:01,216 INFO  [default] commodity code: 0 - Electricity consumed (W & W-hr)
2026-08-26 17:16:01,216 INFO  [default]            source: Estimated
2026-08-26 17:16:01,216 INFO  [default]   cumulative: 379029
2026-08-26 17:16:01,216 INFO  [default]    inst rate: 356
2026-08-26 17:16:01,217 INFO  [default] commodity code: 6 - Total energy storage/take capacity (W-hr)
2026-08-26 17:16:01,217 INFO  [default]            source: Estimated
2026-08-26 17:16:01,217 INFO  [default]   cumulative: 2052
2026-08-26 17:16:01,217 INFO  [default]    inst rate: not used for this commodity code
2026-08-26 17:16:01,217 INFO  [default] commodity code: 7 - Present energy storage/take capacity (W-hr)
2026-08-26 17:16:01,217 INFO  [default]            source: Estimated
2026-08-26 17:16:01,218 INFO  [default]   cumulative: 1506
2026-08-26 17:16:01,218 INFO  [default]    inst rate: not used for this commodity code
2026-08-26 17:16:01,218 INFO  [default] commodity code: 10 - Advanced load up total energy storage/take capacity (W-hr)
2026-08-26 17:16:01,218 INFO  [default]            source: Estimated
2026-08-26 17:16:01,218 INFO  [default]   cumulative: 2352
2026-08-26 17:16:01,218 INFO  [default]    inst rate: not used for this commodity code
2026-08-26 17:16:01,218 INFO  [default] commodity code: 11 - Advanced load up present energy storage/take capacity (W-hr)
2026-08-26 17:16:01,218 INFO  [default]            source: Estimated
2026-08-26 17:16:01,218 INFO  [default]   cumulative: 1812
2026-08-26 17:16:01,219 INFO  [default]    inst rate: not used for this commodity code
2026-08-26 17:16:01,407 INFO  [default] link ACK received: query_operational_state
2026-08-26 17:16:01,519 INFO  [default] operational state received: 1

Press Enter for a list of commands
Returning state to normal...
2026-08-26 17:16:23,851 INFO  [default] link ACK received: run_normal
2026-08-26 17:16:23,947 INFO  [default] app ack received
Reporting outside communication disconnected...
2026-08-26 17:16:24,139 INFO  [default] link ACK received: outside_communication
2026-08-26 17:16:24,235 INFO  [default] app ack received
Loading...
Querying operational state after normal command...
2026-08-26 17:16:26,331 INFO  [default] link ACK received: query_operational_state
2026-08-26 17:16:26,427 INFO  [default] operational state received: 1

Press Enter for a list of commands
