event_id,timestamp_pacific,draw_elapsed_seconds,status,stop_reason,valve_state,target_volume_gal,accumulated_volume_gal,flow_gpm,hot_temp_c,hot_temp_f,cold_temp_c,cold_temp_f,ambient_temp_c,ambient_temp_f,hot_raw_counts,cold_raw_counts,flow_raw_counts,ambient_raw_counts,cold_source_station,cold_source_timestamp_pacific
water_draw_1,2026-08-26T16:58:18.106-07:00,0.000,drawing,,open,,0.000000,0.194896,21.98,71.56,22.40,72.31,22.80,73.04,1171,1175,479,228,WH-station1,2026-08-26T16:58:18.103-07:00
water_draw_1,2026-08-26T16:58:18.608-07:00,1.002,drawing,,open,,0.059102,3.538125,21.67,71.00,22.19,71.94,22.30,72.14,1168,1173,1134,223,WH-station1,2026-08-26T16:58:18.605-07:00
water_draw_1,2026-08-26T16:58:19.110-07:00,1.505,drawing,,open,,0.089141,3.589167,21.56,70.81,22.50,72.50,22.70,72.86,1167,1176,1144,227,WH-station1,2026-08-26T16:58:19.107-07:00
water_draw_1,2026-08-26T16:58:19.612-07:00,2.006,drawing,,open,,0.119554,3.635104,21.77,71.19,22.50,72.50,22.30,72.14,1169,1176,1153,223,WH-station1,2026-08-26T16:58:19.609-07:00
water_draw_1,2026-08-26T16:58:20.114-07:00,2.508,drawing,,open,,0.150263,3.670833,21.35,70.44,22.60,72.69,22.70,72.86,1165,1177,1160,227,WH-station1,2026-08-26T16:58:20.110-07:00
water_draw_1,2026-08-26T16:58:20.616-07:00,3.010,drawing,,open,,0.180589,3.624896,21.67,71.00,22.29,72.12,22.90,73.22,1168,1174,1151,229,WH-station1,2026-08-26T16:58:20.612-07:00
water_draw_1,2026-08-26T16:58:21.118-07:00,3.512,drawing,,open,,0.210148,3.533021,21.77,71.19,22.40,72.31,22.70,72.86,1169,1175,1133,227,WH-station1,2026-08-26T16:58:21.114-07:00
water_draw_1,2026-08-26T16:58:21.624-07:00,4.014,drawing,,open,,0.238895,3.436042,22.40,72.31,22.40,72.31,22.90,73.22,1175,1175,1114,229,WH-station1,2026-08-26T16:58:21.618-07:00
water_draw_1,2026-08-26T16:58:22.129-07:00,4.521,drawing,,open,,0.267193,3.354375,23.23,73.81,22.81,73.06,22.50,72.50,1183,1179,1098,225,WH-station1,2026-08-26T16:58:22.123-07:00
water_draw_1,2026-08-26T16:58:22.634-07:00,5.025,drawing,,open,,0.295372,3.349271,23.85,74.94,22.40,72.31,22.40,72.32,1189,1175,1097,224,WH-station1,2026-08-26T16:58:22.628-07:00
water_draw_1,2026-08-26T16:58:23.138-07:00,5.530,drawing,,open,,0.323212,3.308438,24.37,75.87,22.60,72.69,22.40,72.32,1194,1177,1089,224,WH-station1,2026-08-26T16:58:23.133-07:00
water_draw_1,2026-08-26T16:58:23.643-07:00,6.035,drawing,,open,,0.350563,3.252292,25.52,77.94,22.50,72.50,22.50,72.50,1205,1176,1078,225,WH-station1,2026-08-26T16:58:23.637-07:00
water_draw_1,2026-08-26T16:58:24.147-07:00,6.540,drawing,,open,,0.377670,3.221667,26.35,79.44,22.40,72.31,22.70,72.86,1213,1175,1072,227,WH-station1,2026-08-26T16:58:24.142-07:00
water_draw_1,2026-08-26T16:58:24.652-07:00,7.044,drawing,,open,,0.404358,3.175729,27.50,81.50,23.02,73.44,22.60,72.68,1224,1181,1063,226,WH-station1,2026-08-26T16:58:24.647-07:00
water_draw_1,2026-08-26T16:58:25.158-07:00,7.549,drawing,,open,,0.430924,3.155312,28.12,82.62,22.60,72.69,22.50,72.50,1230,1177,1059,225,WH-station1,2026-08-26T16:58:25.152-07:00
water_draw_1,2026-08-26T16:58:25.662-07:00,8.054,drawing,,open,,0.457409,3.145104,29.17,84.50,22.40,72.31,22.50,72.50,1240,1175,1057,225,WH-station1,2026-08-26T16:58:25.657-07:00
water_draw_1,2026-08-26T16:58:26.167-07:00,8.559,drawing,,open,,0.483830,3.140000,29.90,85.81,22.60,72.69,22.40,72.32,1247,1177,1056,224,WH-station1,2026-08-26T16:58:26.162-07:00
water_draw_1,2026-08-26T16:58:26.672-07:00,9.064,drawing,,open,,0.510201,3.134896,30.62,87.12,22.92,73.25,22.60,72.68,1254,1180,1055,226,WH-station1,2026-08-26T16:58:26.666-07:00
water_draw_1,2026-08-26T16:58:27.177-07:00,9.569,drawing,,open,,0.536053,3.073646,31.15,88.06,22.92,73.25,22.60,72.68,1259,1180,1043,226,WH-station1,2026-08-26T16:58:27.171-07:00
water_draw_1,2026-08-26T16:58:27.682-07:00,10.074,drawing,,open,,0.562063,3.088958,31.88,89.38,22.92,73.25,22.50,72.50,1266,1180,1046,225,WH-station1,2026-08-26T16:58:27.676-07:00
water_draw_1,2026-08-26T16:58:28.187-07:00,10.579,drawing,,open,,0.588049,3.088958,32.50,90.50,22.81,73.06,22.30,72.14,1272,1179,1046,223,WH-station1,2026-08-26T16:58:28.181-07:00
water_draw_1,2026-08-26T16:58:28.692-07:00,11.084,drawing,,open,,0.613843,3.063437,33.12,91.62,22.71,72.88,22.70,72.86,1278,1178,1041,227,WH-station1,2026-08-26T16:58:28.686-07:00
water_draw_1,2026-08-26T16:58:29.197-07:00,11.589,drawing,,open,,0.639630,3.063437,33.65,92.56,22.71,72.88,22.80,73.04,1283,1178,1041,228,WH-station1,2026-08-26T16:58:29.192-07:00
water_draw_1,2026-08-26T16:58:29.702-07:00,12.094,drawing,,open,,0.665204,3.037917,34.48,94.06,22.60,72.69,22.70,72.86,1291,1177,1036,227,WH-station1,2026-08-26T16:58:29.697-07:00
water_draw_1,2026-08-26T16:58:30.207-07:00,12.599,drawing,,open,,0.690606,3.017500,34.79,94.62,23.12,73.62,22.10,71.78,1294,1182,1032,221,WH-station1,2026-08-26T16:58:30.202-07:00
water_draw_1,2026-08-26T16:58:30.713-07:00,13.104,drawing,,open,,0.716141,3.032812,35.00,95.00,22.92,73.25,22.80,73.04,1296,1180,1035,228,WH-station1,2026-08-26T16:58:30.707-07:00
water_draw_1,2026-08-26T16:58:31.220-07:00,13.609,drawing,,open,,0.741508,3.012396,35.94,96.69,22.81,73.06,22.50,72.50,1305,1179,1031,225,WH-station1,2026-08-26T16:58:31.212-07:00
water_draw_1,2026-08-26T16:58:31.725-07:00,14.117,drawing,,open,,0.767025,3.017500,36.46,97.62,23.02,73.44,22.70,72.86,1310,1181,1032,227,WH-station1,2026-08-26T16:58:31.717-07:00
water_draw_1,2026-08-26T16:58:32.230-07:00,14.622,drawing,,open,,0.792330,3.007292,36.77,98.19,22.60,72.69,22.40,72.32,1313,1177,1030,224,WH-station1,2026-08-26T16:58:32.223-07:00
water_draw_1,2026-08-26T16:58:32.734-07:00,15.126,drawing,,open,,0.817586,3.002187,37.08,98.75,22.92,73.25,22.40,72.32,1316,1180,1029,224,WH-station1,2026-08-26T16:58:32.728-07:00
water_draw_1,2026-08-26T16:58:33.242-07:00,15.631,drawing,,open,,0.842884,3.007292,37.40,99.31,23.23,73.81,22.30,72.14,1319,1183,1030,223,WH-station1,2026-08-26T16:58:33.233-07:00
water_draw_1,2026-08-26T16:58:33.746-07:00,16.138,drawing,,open,,0.868212,2.997083,37.81,100.06,22.81,73.06,22.90,73.22,1323,1179,1028,229,WH-station1,2026-08-26T16:58:33.738-07:00
water_draw_1,2026-08-26T16:58:34.251-07:00,16.643,drawing,,open,,0.893595,3.017500,38.13,100.63,22.71,72.88,22.90,73.22,1326,1178,1032,229,WH-station1,2026-08-26T16:58:34.243-07:00
water_draw_1,2026-08-26T16:58:34.756-07:00,17.148,drawing,,open,,0.919275,3.053229,38.54,101.38,22.92,73.25,22.30,72.14,1330,1180,1039,223,WH-station1,2026-08-26T16:58:34.749-07:00
water_draw_1,2026-08-26T16:58:35.260-07:00,17.652,drawing,,open,,0.944571,3.007292,38.75,101.75,23.12,73.62,22.50,72.50,1332,1182,1030,225,WH-station1,2026-08-26T16:58:35.254-07:00
water_draw_1,2026-08-26T16:58:35.765-07:00,18.157,drawing,,open,,0.969999,3.022604,39.17,102.50,23.12,73.62,22.80,73.04,1336,1182,1033,228,WH-station1,2026-08-26T16:58:35.759-07:00
water_draw_1,2026-08-26T16:58:36.270-07:00,18.662,drawing,,open,,0.995342,3.012396,39.48,103.06,22.92,73.25,22.70,72.86,1339,1180,1031,227,WH-station1,2026-08-26T16:58:36.264-07:00
water_draw_1,2026-08-26T16:58:36.774-07:00,19.167,drawing,,open,,1.020686,3.012396,39.90,103.81,23.12,73.62,22.50,72.50,1343,1182,1031,225,WH-station1,2026-08-26T16:58:36.769-07:00
water_draw_1,2026-08-26T16:58:37.279-07:00,19.670,drawing,,open,,1.046008,3.017500,40.10,104.19,22.71,72.88,22.60,72.68,1345,1178,1032,226,WH-station1,2026-08-26T16:58:37.274-07:00
water_draw_1,2026-08-26T16:58:37.784-07:00,20.175,drawing,,open,,1.071452,3.022604,40.10,104.19,23.12,73.62,22.60,72.68,1345,1182,1033,226,WH-station1,2026-08-26T16:58:37.779-07:00
water_draw_1,2026-08-26T16:58:38.289-07:00,20.680,drawing,,open,,1.097110,3.048125,40.42,104.75,23.02,73.44,22.40,72.32,1348,1181,1038,224,WH-station1,2026-08-26T16:58:38.285-07:00
water_draw_1,2026-08-26T16:58:38.794-07:00,21.185,drawing,,open,,1.122553,3.022604,40.73,105.31,22.60,72.69,22.80,73.04,1351,1177,1033,228,WH-station1,2026-08-26T16:58:38.790-07:00
water_draw_1,2026-08-26T16:58:39.299-07:00,21.690,drawing,,open,,1.148042,3.027708,40.94,105.69,23.02,73.44,22.80,73.04,1353,1181,1034,228,WH-station1,2026-08-26T16:58:39.295-07:00
water_draw_1,2026-08-26T16:58:39.804-07:00,22.196,drawing,,open,,1.173412,3.012396,41.15,106.06,22.71,72.88,22.50,72.50,1355,1178,1031,225,WH-station1,2026-08-26T16:58:39.800-07:00
water_draw_1,2026-08-26T16:58:40.310-07:00,22.701,drawing,,open,,1.198859,3.022604,41.46,106.63,22.71,72.88,22.70,72.86,1358,1178,1033,227,WH-station1,2026-08-26T16:58:40.305-07:00
water_draw_1,2026-08-26T16:58:40.815-07:00,23.206,drawing,,open,,1.224364,3.027708,41.56,106.81,22.92,73.25,22.30,72.14,1359,1180,1034,223,WH-station1,2026-08-26T16:58:40.811-07:00
water_draw_1,2026-08-26T16:58:41.320-07:00,23.711,drawing,,open,,1.249976,3.043021,41.67,107.00,22.92,73.25,22.60,72.68,1360,1180,1037,226,WH-station1,2026-08-26T16:58:41.316-07:00
water_draw_1,2026-08-26T16:58:41.826-07:00,24.217,drawing,,open,,1.275650,3.048125,41.88,107.38,22.50,72.50,22.40,72.32,1362,1176,1038,224,WH-station1,2026-08-26T16:58:41.821-07:00
water_draw_1,2026-08-26T16:58:42.332-07:00,24.723,drawing,,open,,1.301453,3.058333,42.19,107.94,22.60,72.69,22.60,72.68,1365,1177,1040,226,WH-station1,2026-08-26T16:58:42.326-07:00
water_draw_1,2026-08-26T16:58:42.837-07:00,25.229,drawing,,open,,1.327148,3.048125,42.08,107.75,22.50,72.50,22.40,72.32,1364,1176,1038,224,WH-station1,2026-08-26T16:58:42.831-07:00
water_draw_1,2026-08-26T16:58:43.342-07:00,25.734,drawing,,open,,1.352989,3.068542,42.19,107.94,22.60,72.69,22.30,72.14,1365,1177,1042,223,WH-station1,2026-08-26T16:58:43.337-07:00
water_draw_1,2026-08-26T16:58:43.848-07:00,26.239,drawing,,open,,1.378778,3.063437,42.40,108.31,22.29,72.12,22.50,72.50,1367,1174,1041,225,WH-station1,2026-08-26T16:58:43.842-07:00
water_draw_1,2026-08-26T16:58:44.357-07:00,26.744,drawing,,open,,1.404227,3.022604,42.60,108.69,22.29,72.12,22.70,72.86,1369,1174,1033,227,WH-station1,2026-08-26T16:58:44.352-07:00
water_draw_1,2026-08-26T16:58:44.862-07:00,27.254,drawing,,open,,1.430290,3.068542,42.81,109.06,22.40,72.31,22.30,72.14,1371,1175,1042,223,WH-station1,2026-08-26T16:58:44.857-07:00
water_draw_1,2026-08-26T16:58:45.368-07:00,27.759,drawing,,open,,1.455872,3.037917,42.92,109.25,22.19,71.94,22.70,72.86,1372,1173,1036,227,WH-station1,2026-08-26T16:58:45.362-07:00
water_draw_1,2026-08-26T16:58:45.874-07:00,28.265,drawing,,open,,1.481866,3.083854,43.02,109.44,21.98,71.56,22.40,72.32,1373,1171,1045,224,WH-station1,2026-08-26T16:58:45.868-07:00
water_draw_1,2026-08-26T16:58:46.378-07:00,28.770,drawing,,open,,1.507626,3.058333,43.12,109.62,22.29,72.12,22.40,72.32,1374,1174,1040,224,WH-station1,2026-08-26T16:58:46.373-07:00
water_draw_1,2026-08-26T16:58:46.883-07:00,29.275,drawing,,open,,1.533480,3.073646,43.33,110.00,21.98,71.56,22.50,72.50,1376,1171,1043,225,WH-station1,2026-08-26T16:58:46.878-07:00
water_draw_1,2026-08-26T16:58:47.389-07:00,29.780,drawing,,open,,1.559447,3.083854,43.33,110.00,22.08,71.75,22.60,72.68,1376,1172,1045,226,WH-station1,2026-08-26T16:58:47.383-07:00
water_draw_1,2026-08-26T16:58:47.894-07:00,30.285,drawing,,open,,1.585419,3.083854,43.44,110.19,21.88,71.38,22.60,72.68,1377,1170,1045,226,WH-station1,2026-08-26T16:58:47.889-07:00
water_draw_1,2026-08-26T16:58:48.400-07:00,30.791,drawing,,open,,1.611412,3.083854,43.33,110.00,21.77,71.19,22.50,72.50,1376,1169,1045,225,WH-station1,2026-08-26T16:58:48.395-07:00
water_draw_1,2026-08-26T16:58:48.905-07:00,31.296,drawing,,open,,1.637339,3.078750,43.65,110.56,21.67,71.00,22.60,72.68,1379,1168,1044,226,WH-station1,2026-08-26T16:58:48.900-07:00
water_draw_1,2026-08-26T16:58:49.411-07:00,31.802,drawing,,open,,1.663458,3.099167,43.65,110.56,21.98,71.56,22.50,72.50,1379,1171,1048,225,WH-station1,2026-08-26T16:58:49.406-07:00
water_draw_1,2026-08-26T16:58:49.916-07:00,32.308,drawing,,open,,1.689394,3.078750,43.75,110.75,21.88,71.38,22.60,72.68,1380,1170,1044,226,WH-station1,2026-08-26T16:58:49.911-07:00
water_draw_1,2026-08-26T16:58:50.430-07:00,32.813,drawing,,open,,1.715577,3.109375,43.85,110.94,21.67,71.00,22.70,72.86,1381,1168,1050,227,WH-station1,2026-08-26T16:58:50.417-07:00
water_draw_1,2026-08-26T16:58:50.954-07:00,33.327,drawing,,open,,1.742172,3.104271,43.96,111.13,21.46,70.62,22.70,72.86,1382,1166,1049,227,WH-station1,2026-08-26T16:58:50.922-07:00
water_draw_1,2026-08-26T16:58:51.493-07:00,33.851,drawing,,open,,1.769316,3.109375,43.96,111.13,21.77,71.19,22.80,73.04,1382,1169,1050,228,WH-station1,2026-08-26T16:58:51.428-07:00
water_draw_1,2026-08-26T16:58:51.998-07:00,34.390,drawing,,open,,1.797320,3.114479,44.17,111.50,21.46,70.62,22.50,72.50,1384,1166,1051,225,WH-station1,2026-08-26T16:58:51.932-07:00
water_draw_1,2026-08-26T16:58:52.504-07:00,34.895,drawing,,open,,1.823309,3.088958,43.96,111.13,21.46,70.62,22.70,72.86,1382,1166,1046,227,WH-station1,2026-08-26T16:58:52.437-07:00
water_draw_1,2026-08-26T16:58:53.009-07:00,35.401,drawing,,open,,1.849300,3.083854,44.38,111.88,21.46,70.62,22.50,72.50,1386,1166,1045,225,WH-station1,2026-08-26T16:58:52.942-07:00
water_draw_1,2026-08-26T16:58:53.513-07:00,35.905,drawing,,open,,1.875414,3.104271,44.27,111.69,21.67,71.00,22.70,72.86,1385,1168,1049,227,WH-station1,2026-08-26T16:58:53.447-07:00
water_draw_1,2026-08-26T16:58:54.018-07:00,36.410,drawing,,open,,1.901611,3.114479,44.06,111.31,21.46,70.62,22.50,72.50,1383,1166,1051,225,WH-station1,2026-08-26T16:58:53.951-07:00
water_draw_1,2026-08-26T16:58:54.523-07:00,36.915,drawing,,open,,1.927764,3.109375,44.38,111.88,21.35,70.44,22.30,72.14,1386,1165,1050,223,WH-station1,2026-08-26T16:58:54.454-07:00
water_draw_1,2026-08-26T16:58:55.027-07:00,37.419,drawing,,open,,1.953876,3.104271,44.48,112.06,21.25,70.25,22.70,72.86,1387,1164,1049,227,WH-station1,2026-08-26T16:58:54.956-07:00
water_draw_1,2026-08-26T16:58:55.532-07:00,37.924,drawing,,open,,1.980031,3.109375,44.58,112.25,21.04,69.87,22.20,71.96,1388,1162,1050,222,WH-station1,2026-08-26T16:58:55.458-07:00
water_draw_1,2026-08-26T16:58:56.037-07:00,38.429,drawing,,open,,2.005928,3.078750,44.58,112.25,21.35,70.44,22.60,72.68,1388,1165,1044,226,WH-station1,2026-08-26T16:58:55.960-07:00
water_draw_1,2026-08-26T16:58:56.542-07:00,38.934,drawing,,open,,2.032006,3.099167,45.00,113.00,21.56,70.81,22.40,72.32,1392,1167,1048,224,WH-station1,2026-08-26T16:58:56.462-07:00
water_draw_1,2026-08-26T16:58:57.047-07:00,39.438,drawing,,open,,2.057999,3.088958,44.58,112.25,21.04,69.87,22.60,72.68,1388,1162,1046,226,WH-station1,2026-08-26T16:58:56.964-07:00
water_draw_1,2026-08-26T16:58:57.551-07:00,39.943,drawing,,open,,2.084245,3.119583,44.58,112.25,21.35,70.44,22.60,72.68,1388,1165,1052,226,WH-station1,2026-08-26T16:58:57.466-07:00
water_draw_1,2026-08-26T16:58:58.056-07:00,40.448,drawing,,open,,2.110401,3.109375,44.90,112.81,21.15,70.06,22.60,72.68,1391,1163,1050,226,WH-station1,2026-08-26T16:58:57.968-07:00
water_draw_1,2026-08-26T16:58:58.561-07:00,40.953,drawing,,open,,2.136601,3.114479,45.00,113.00,20.83,69.50,22.80,73.04,1392,1160,1051,228,WH-station1,2026-08-26T16:58:58.470-07:00
water_draw_1,2026-08-26T16:58:59.066-07:00,41.458,drawing,,open,,2.162717,3.104271,44.79,112.62,21.15,70.06,22.40,72.32,1390,1163,1049,224,WH-station1,2026-08-26T16:58:58.973-07:00
water_draw_1,2026-08-26T16:58:59.570-07:00,41.962,drawing,,open,,2.188873,3.109375,45.10,113.19,21.15,70.06,22.40,72.32,1393,1163,1050,224,WH-station1,2026-08-26T16:58:59.477-07:00
water_draw_1,2026-08-26T16:59:00.075-07:00,42.467,drawing,,open,,2.215241,3.134896,45.10,113.19,20.52,68.94,22.40,72.32,1393,1157,1055,224,WH-station1,2026-08-26T16:58:59.982-07:00
water_draw_1,2026-08-26T16:59:00.580-07:00,42.972,drawing,,open,,2.241395,3.109375,45.21,113.38,21.04,69.87,22.30,72.14,1394,1162,1050,223,WH-station1,2026-08-26T16:59:00.487-07:00
water_draw_1,2026-08-26T16:59:01.085-07:00,43.477,drawing,,open,,2.267691,3.124688,45.21,113.38,21.35,70.44,22.60,72.68,1394,1165,1053,226,WH-station1,2026-08-26T16:59:00.993-07:00
water_draw_1,2026-08-26T16:59:01.589-07:00,43.981,drawing,,open,,2.293848,3.109375,45.21,113.38,20.83,69.50,22.70,72.86,1394,1160,1050,227,WH-station1,2026-08-26T16:59:01.498-07:00
water_draw_1,2026-08-26T16:59:02.094-07:00,44.486,drawing,,open,,2.319877,3.094063,45.10,113.19,21.04,69.87,22.60,72.68,1393,1162,1047,226,WH-station1,2026-08-26T16:59:02.003-07:00
water_draw_1,2026-08-26T16:59:02.599-07:00,44.991,drawing,,open,,2.345907,3.094063,45.21,113.38,20.73,69.31,22.30,72.14,1394,1159,1047,223,WH-station1,2026-08-26T16:59:02.507-07:00
water_draw_1,2026-08-26T16:59:03.104-07:00,45.496,drawing,,open,,2.372150,3.119583,45.42,113.75,20.73,69.31,22.70,72.86,1396,1159,1052,227,WH-station1,2026-08-26T16:59:03.012-07:00
water_draw_1,2026-08-26T16:59:03.608-07:00,46.000,drawing,,open,,2.398347,3.114479,45.52,113.94,20.62,69.12,22.60,72.68,1397,1158,1051,226,WH-station1,2026-08-26T16:59:03.517-07:00
water_draw_1,2026-08-26T16:59:04.113-07:00,46.505,drawing,,open,,2.424542,3.114479,45.21,113.38,20.83,69.50,22.80,73.04,1394,1160,1051,228,WH-station1,2026-08-26T16:59:04.022-07:00
water_draw_1,2026-08-26T16:59:04.618-07:00,47.010,drawing,,open,,2.450657,3.104271,45.42,113.75,20.73,69.31,22.70,72.86,1396,1159,1049,227,WH-station1,2026-08-26T16:59:04.526-07:00
water_draw_1,2026-08-26T16:59:05.122-07:00,47.514,drawing,,open,,2.476684,3.094063,45.52,113.94,20.83,69.50,22.70,72.86,1397,1160,1047,227,WH-station1,2026-08-26T16:59:05.031-07:00
water_draw_1,2026-08-26T16:59:05.627-07:00,48.019,drawing,,open,,2.502753,3.099167,45.52,113.94,20.94,69.69,22.70,72.86,1397,1161,1048,227,WH-station1,2026-08-26T16:59:05.536-07:00
water_draw_1,2026-08-26T16:59:06.132-07:00,48.524,drawing,,open,,2.528918,3.109375,45.73,114.31,20.52,68.94,22.80,73.04,1399,1157,1050,228,WH-station1,2026-08-26T16:59:06.041-07:00
water_draw_1,2026-08-26T16:59:06.637-07:00,49.029,drawing,,open,,2.555124,3.114479,45.42,113.75,20.52,68.94,22.60,72.68,1396,1157,1051,226,WH-station1,2026-08-26T16:59:06.545-07:00
water_draw_1,2026-08-26T16:59:07.142-07:00,49.533,drawing,,open,,2.581065,3.083854,45.62,114.12,20.62,69.12,22.80,73.04,1398,1158,1045,228,WH-station1,2026-08-26T16:59:07.050-07:00
water_draw_1,2026-08-26T16:59:07.646-07:00,50.038,drawing,,open,,2.607099,3.094063,45.62,114.12,20.62,69.12,22.60,72.68,1398,1158,1047,226,WH-station1,2026-08-26T16:59:07.555-07:00
water_draw_1,2026-08-26T16:59:08.151-07:00,50.543,drawing,,open,,2.633254,3.109375,45.83,114.50,20.42,68.75,22.70,72.86,1400,1156,1050,227,WH-station1,2026-08-26T16:59:08.060-07:00
water_draw_1,2026-08-26T16:59:08.656-07:00,51.048,drawing,,open,,2.659367,3.104271,45.62,114.12,20.73,69.31,22.50,72.50,1398,1159,1049,225,WH-station1,2026-08-26T16:59:08.564-07:00
water_draw_1,2026-08-26T16:59:09.160-07:00,51.552,drawing,,open,,2.685435,3.099167,45.94,114.69,20.42,68.75,22.60,72.68,1401,1156,1048,226,WH-station1,2026-08-26T16:59:09.069-07:00
water_draw_1,2026-08-26T16:59:09.665-07:00,52.057,drawing,,open,,2.711589,3.109375,45.62,114.12,20.83,69.50,22.60,72.68,1398,1160,1050,226,WH-station1,2026-08-26T16:59:09.574-07:00
water_draw_1,2026-08-26T16:59:10.170-07:00,52.562,drawing,,open,,2.737875,3.124688,46.04,114.88,20.62,69.12,22.60,72.68,1402,1158,1053,226,WH-station1,2026-08-26T16:59:10.079-07:00
water_draw_1,2026-08-26T16:59:10.675-07:00,53.067,drawing,,open,,2.764252,3.134896,45.83,114.50,20.21,68.37,22.90,73.22,1400,1154,1055,229,WH-station1,2026-08-26T16:59:10.584-07:00
water_draw_1,2026-08-26T16:59:11.180-07:00,53.571,drawing,,open,,2.790885,3.165521,45.94,114.69,20.42,68.75,22.80,73.04,1401,1156,1061,228,WH-station1,2026-08-26T16:59:11.089-07:00
water_draw_1,2026-08-26T16:59:11.684-07:00,54.076,drawing,,open,,2.817256,3.134896,46.04,114.88,20.52,68.94,22.70,72.86,1402,1157,1055,227,WH-station1,2026-08-26T16:59:11.593-07:00
water_draw_1,2026-08-26T16:59:12.189-07:00,54.581,drawing,,open,,2.843497,3.119583,45.83,114.50,20.42,68.75,22.90,73.22,1400,1156,1052,229,WH-station1,2026-08-26T16:59:12.098-07:00
water_draw_1,2026-08-26T16:59:12.694-07:00,55.086,drawing,,open,,2.869917,3.140000,45.94,114.69,20.42,68.75,22.80,73.04,1401,1156,1056,228,WH-station1,2026-08-26T16:59:12.603-07:00
water_draw_1,2026-08-26T16:59:13.198-07:00,55.590,drawing,,open,,2.896115,3.114479,45.83,114.50,20.10,68.19,22.70,72.86,1400,1153,1051,227,WH-station1,2026-08-26T16:59:13.107-07:00
water_draw_1,2026-08-26T16:59:13.703-07:00,56.095,drawing,,open,,2.922526,3.140000,46.15,115.06,20.21,68.37,22.50,72.50,1403,1154,1056,225,WH-station1,2026-08-26T16:59:13.612-07:00
water_draw_1,2026-08-26T16:59:14.208-07:00,56.600,drawing,,open,,2.948992,3.145104,45.94,114.69,20.21,68.37,22.30,72.14,1401,1154,1057,223,WH-station1,2026-08-26T16:59:14.117-07:00
water_draw_1,2026-08-26T16:59:14.713-07:00,57.105,drawing,,open,,2.975452,3.145104,46.04,114.88,20.42,68.75,22.30,72.14,1402,1156,1057,223,WH-station1,2026-08-26T16:59:14.622-07:00
water_draw_1,2026-08-26T16:59:15.218-07:00,57.610,drawing,,open,,3.001789,3.129792,46.25,115.25,20.31,68.56,22.70,72.86,1404,1155,1054,227,WH-station1,2026-08-26T16:59:15.126-07:00
water_draw_1,2026-08-26T16:59:15.722-07:00,58.114,drawing,,open,,3.028247,3.145104,46.04,114.88,20.10,68.19,22.70,72.86,1402,1153,1057,227,WH-station1,2026-08-26T16:59:15.631-07:00
water_draw_1,2026-08-26T16:59:16.227-07:00,58.619,drawing,,open,,3.054617,3.134896,46.04,114.88,19.90,67.81,22.70,72.86,1402,1151,1055,227,WH-station1,2026-08-26T16:59:16.136-07:00
water_draw_1,2026-08-26T16:59:16.732-07:00,59.124,drawing,,open,,3.080984,3.134896,46.04,114.88,20.42,68.75,22.70,72.86,1402,1156,1055,227,WH-station1,2026-08-26T16:59:16.641-07:00
water_draw_1,2026-08-26T16:59:17.237-07:00,59.629,drawing,,open,,3.107398,3.140000,46.15,115.06,20.10,68.19,22.30,72.14,1403,1153,1056,223,WH-station1,2026-08-26T16:59:17.145-07:00
water_draw_1,2026-08-26T16:59:17.741-07:00,60.133,drawing,,open,,3.133858,3.145104,46.35,115.44,20.00,68.00,22.60,72.68,1405,1152,1057,226,WH-station1,2026-08-26T16:59:17.650-07:00
water_draw_1,2026-08-26T16:59:18.246-07:00,60.638,drawing,,open,,3.160490,3.165521,46.15,115.06,20.21,68.37,22.70,72.86,1403,1154,1061,227,WH-station1,2026-08-26T16:59:18.155-07:00
water_draw_1,2026-08-26T16:59:18.751-07:00,61.143,drawing,,open,,3.186602,3.104271,46.15,115.06,20.00,68.00,22.70,72.86,1403,1152,1049,227,WH-station1,2026-08-26T16:59:18.660-07:00
water_draw_1,2026-08-26T16:59:19.255-07:00,61.647,drawing,,open,,3.212884,3.124688,46.35,115.44,20.31,68.56,22.40,72.32,1405,1155,1053,224,WH-station1,2026-08-26T16:59:19.164-07:00
water_draw_1,2026-08-26T16:59:19.760-07:00,62.152,drawing,,open,,3.239296,3.140000,46.35,115.44,20.10,68.19,22.80,73.04,1405,1153,1056,228,WH-station1,2026-08-26T16:59:19.669-07:00
water_draw_1,2026-08-26T16:59:20.265-07:00,62.657,drawing,,open,,3.265621,3.129792,46.25,115.25,20.10,68.19,22.50,72.50,1404,1153,1054,225,WH-station1,2026-08-26T16:59:20.174-07:00
water_draw_1,2026-08-26T16:59:20.770-07:00,63.162,drawing,,open,,3.292255,3.165521,46.35,115.44,20.21,68.37,22.50,72.50,1405,1154,1061,225,WH-station1,2026-08-26T16:59:20.679-07:00
water_draw_1,2026-08-26T16:59:21.274-07:00,63.666,drawing,,open,,3.318710,3.145104,46.15,115.06,20.42,68.75,22.60,72.68,1403,1156,1057,226,WH-station1,2026-08-26T16:59:21.183-07:00
water_draw_1,2026-08-26T16:59:21.779-07:00,64.171,drawing,,open,,3.345120,3.140000,46.25,115.25,20.21,68.37,22.50,72.50,1404,1154,1056,225,WH-station1,2026-08-26T16:59:21.688-07:00
water_draw_1,2026-08-26T16:59:22.284-07:00,64.676,drawing,,open,,3.371404,3.124688,46.35,115.44,20.10,68.19,22.50,72.50,1405,1153,1053,225,WH-station1,2026-08-26T16:59:22.193-07:00
water_draw_1,2026-08-26T16:59:22.788-07:00,65.180,drawing,,open,,3.397906,3.150208,46.46,115.63,20.00,68.00,22.70,72.86,1406,1152,1058,227,WH-station1,2026-08-26T16:59:22.698-07:00
water_draw_1,2026-08-26T16:59:23.293-07:00,65.685,drawing,,open,,3.424449,3.155312,46.25,115.25,20.21,68.37,22.60,72.68,1404,1154,1059,226,WH-station1,2026-08-26T16:59:23.202-07:00
water_draw_1,2026-08-26T16:59:23.798-07:00,66.190,drawing,,open,,3.450949,3.150208,46.35,115.44,20.31,68.56,22.90,73.22,1405,1155,1058,229,WH-station1,2026-08-26T16:59:23.707-07:00
water_draw_1,2026-08-26T16:59:24.303-07:00,66.695,drawing,,open,,3.477489,3.155312,46.56,115.81,20.21,68.37,22.80,73.04,1407,1154,1059,228,WH-station1,2026-08-26T16:59:24.212-07:00
water_draw_1,2026-08-26T16:59:24.807-07:00,67.199,drawing,,open,,3.504030,3.155312,46.35,115.44,20.00,68.00,22.70,72.86,1405,1152,1059,227,WH-station1,2026-08-26T16:59:24.717-07:00
water_draw_1,2026-08-26T16:59:25.312-07:00,67.704,drawing,,open,,3.530485,3.145104,46.35,115.44,20.10,68.19,22.70,72.86,1405,1153,1057,227,WH-station1,2026-08-26T16:59:25.221-07:00
water_draw_1,2026-08-26T16:59:25.816-07:00,68.208,drawing,,open,,3.556836,3.134896,46.56,115.81,20.00,68.00,22.50,72.50,1407,1152,1055,225,WH-station1,2026-08-26T16:59:25.726-07:00
water_draw_1,2026-08-26T16:59:26.321-07:00,68.713,drawing,,open,,3.583422,3.160417,46.35,115.44,19.79,67.63,22.30,72.14,1405,1150,1060,223,WH-station1,2026-08-26T16:59:26.231-07:00
water_draw_1,2026-08-26T16:59:26.826-07:00,69.218,drawing,,open,,3.610011,3.160417,46.56,115.81,19.90,67.81,22.60,72.68,1407,1151,1060,226,WH-station1,2026-08-26T16:59:26.736-07:00
water_draw_1,2026-08-26T16:59:27.331-07:00,69.722,drawing,,open,,3.636593,3.160417,46.56,115.81,20.00,68.00,22.70,72.86,1407,1152,1060,227,WH-station1,2026-08-26T16:59:27.240-07:00
water_draw_1,2026-08-26T16:59:27.835-07:00,70.227,drawing,,open,,3.662878,3.124688,46.56,115.81,20.10,68.19,22.70,72.86,1407,1153,1053,227,WH-station1,2026-08-26T16:59:27.745-07:00
water_draw_1,2026-08-26T16:59:28.340-07:00,70.732,drawing,,open,,3.689593,3.175729,46.35,115.44,20.00,68.00,22.70,72.86,1405,1152,1063,227,WH-station1,2026-08-26T16:59:28.250-07:00
water_draw_1,2026-08-26T16:59:28.845-07:00,71.237,drawing,,open,,3.716135,3.155312,46.35,115.44,19.79,67.63,22.70,72.86,1405,1150,1059,227,WH-station1,2026-08-26T16:59:28.754-07:00
water_draw_1,2026-08-26T16:59:29.349-07:00,71.741,drawing,,open,,3.742635,3.150208,46.77,116.19,20.00,68.00,22.30,72.14,1409,1152,1058,223,WH-station1,2026-08-26T16:59:29.259-07:00
water_draw_1,2026-08-26T16:59:29.854-07:00,72.246,drawing,,open,,3.768919,3.124688,46.67,116.00,20.21,68.37,22.60,72.68,1408,1154,1053,226,WH-station1,2026-08-26T16:59:29.764-07:00
water_draw_1,2026-08-26T16:59:30.359-07:00,72.751,drawing,,open,,3.795331,3.140000,46.56,115.81,20.21,68.37,22.40,72.32,1407,1154,1056,224,WH-station1,2026-08-26T16:59:30.269-07:00
water_draw_1,2026-08-26T16:59:30.863-07:00,73.255,drawing,,open,,3.821829,3.150208,46.35,115.44,19.79,67.63,22.50,72.50,1405,1150,1058,225,WH-station1,2026-08-26T16:59:30.773-07:00
water_draw_1,2026-08-26T16:59:31.368-07:00,73.760,drawing,,open,,3.848156,3.129792,46.46,115.63,20.10,68.19,22.80,73.04,1406,1153,1054,228,WH-station1,2026-08-26T16:59:31.278-07:00
water_draw_1,2026-08-26T16:59:31.873-07:00,74.265,drawing,,open,,3.874484,3.129792,46.67,116.00,20.00,68.00,22.60,72.68,1408,1152,1054,226,WH-station1,2026-08-26T16:59:31.783-07:00
water_draw_1,2026-08-26T16:59:32.378-07:00,74.770,drawing,,open,,3.901029,3.155312,46.56,115.81,19.79,67.63,22.60,72.68,1407,1150,1059,226,WH-station1,2026-08-26T16:59:32.287-07:00
water_draw_1,2026-08-26T16:59:32.882-07:00,75.274,drawing,,open,,3.927444,3.140000,46.56,115.81,20.00,68.00,22.30,72.14,1407,1152,1056,223,WH-station1,2026-08-26T16:59:32.792-07:00
water_draw_1,2026-08-26T16:59:33.387-07:00,75.779,drawing,,open,,3.953986,3.155312,46.88,116.38,19.90,67.81,22.70,72.86,1410,1151,1059,227,WH-station1,2026-08-26T16:59:33.297-07:00
water_draw_1,2026-08-26T16:59:33.901-07:00,76.284,drawing,,open,,3.980440,3.145104,46.77,116.19,20.00,68.00,22.60,72.68,1409,1152,1057,226,WH-station1,2026-08-26T16:59:33.802-07:00
water_draw_1,2026-08-26T16:59:34.408-07:00,76.798,drawing,,open,,4.007557,3.165521,46.77,116.19,20.21,68.37,22.60,72.68,1409,1154,1061,226,WH-station1,2026-08-26T16:59:34.306-07:00
water_draw_1,2026-08-26T16:59:34.914-07:00,77.304,drawing,,open,,4.034285,3.165521,46.46,115.63,20.21,68.37,22.70,72.86,1406,1154,1061,227,WH-station1,2026-08-26T16:59:34.811-07:00
water_draw_1,2026-08-26T16:59:35.422-07:00,77.810,drawing,,open,,4.061111,3.180833,46.67,116.00,19.90,67.81,22.20,71.96,1408,1151,1064,222,WH-station1,2026-08-26T16:59:35.316-07:00
water_draw_1,2026-08-26T16:59:35.929-07:00,78.319,drawing,,open,,4.088063,3.180833,46.77,116.19,20.10,68.19,22.60,72.68,1409,1153,1064,226,WH-station1,2026-08-26T16:59:35.821-07:00
water_draw_1,2026-08-26T16:59:36.433-07:00,78.825,drawing,,open,,4.114741,3.160417,46.67,116.00,19.90,67.81,22.40,72.32,1408,1151,1060,224,WH-station1,2026-08-26T16:59:36.325-07:00
water_draw_1,2026-08-26T16:59:36.936-07:00,79.330,drawing,,open,,4.141368,3.165521,46.88,116.38,19.90,67.81,22.70,72.86,1410,1151,1061,227,WH-station1,2026-08-26T16:59:36.830-07:00
water_draw_1,2026-08-26T16:59:37.438-07:00,79.832,drawing,,open,,4.167812,3.160417,46.77,116.19,20.00,68.00,22.50,72.50,1409,1152,1060,225,WH-station1,2026-08-26T16:59:37.335-07:00
water_draw_1,2026-08-26T16:59:37.940-07:00,80.334,drawing,,open,,4.194297,3.165521,46.56,115.81,19.79,67.63,22.60,72.68,1407,1150,1061,226,WH-station1,2026-08-26T16:59:37.840-07:00
water_draw_1,2026-08-26T16:59:38.442-07:00,80.836,drawing,,open,,4.220951,3.185938,46.56,115.81,20.21,68.37,22.30,72.14,1407,1154,1065,223,WH-station1,2026-08-26T16:59:38.344-07:00
water_draw_1,2026-08-26T16:59:38.944-07:00,81.338,drawing,,open,,4.247393,3.160417,46.88,116.38,20.21,68.37,22.80,73.04,1410,1154,1060,228,WH-station1,2026-08-26T16:59:38.849-07:00
water_draw_1,2026-08-26T16:59:39.445-07:00,81.840,drawing,,open,,4.274089,3.191042,46.77,116.19,19.90,67.81,22.90,73.22,1409,1151,1066,229,WH-station1,2026-08-26T16:59:39.354-07:00
water_draw_1,2026-08-26T16:59:39.947-07:00,82.342,drawing,,open,,4.300528,3.160417,46.77,116.19,19.79,67.63,22.90,73.22,1409,1150,1060,229,WH-station1,2026-08-26T16:59:39.858-07:00
water_draw_1,2026-08-26T16:59:40.449-07:00,82.844,drawing,,open,,4.326967,3.160417,46.77,116.19,19.79,67.63,22.70,72.86,1409,1150,1060,227,WH-station1,2026-08-26T16:59:40.363-07:00
water_draw_1,2026-08-26T16:59:40.951-07:00,83.346,drawing,,open,,4.353665,3.191042,46.77,116.19,19.90,67.81,22.50,72.50,1409,1151,1066,225,WH-station1,2026-08-26T16:59:40.868-07:00
water_draw_1,2026-08-26T16:59:41.453-07:00,83.848,drawing,,open,,4.380234,3.175729,46.88,116.38,20.10,68.19,22.70,72.86,1410,1153,1063,227,WH-station1,2026-08-26T16:59:41.373-07:00
water_draw_1,2026-08-26T16:59:41.958-07:00,84.350,drawing,,open,,4.406679,3.160417,46.67,116.00,19.79,67.63,22.50,72.50,1408,1150,1060,225,WH-station1,2026-08-26T16:59:41.878-07:00
water_draw_1,2026-08-26T16:59:42.463-07:00,84.855,drawing,,open,,4.431634,2.966458,46.77,116.19,19.90,67.81,22.20,71.96,1409,1151,1022,222,WH-station1,2026-08-26T16:59:42.382-07:00
water_draw_1,2026-08-26T16:59:42.967-07:00,85.359,drawing,,open,,4.456202,2.920521,46.67,116.00,19.90,67.81,22.30,72.14,1408,1151,1013,223,WH-station1,2026-08-26T16:59:42.887-07:00
water_draw_1,2026-08-26T16:59:43.472-07:00,85.864,drawing,,open,,4.482228,3.094063,46.77,116.19,19.90,67.81,22.80,73.04,1409,1151,1047,228,WH-station1,2026-08-26T16:59:43.392-07:00
water_draw_1,2026-08-26T16:59:43.977-07:00,86.369,drawing,,open,,4.508467,3.119583,46.77,116.19,19.79,67.63,22.50,72.50,1409,1150,1052,225,WH-station1,2026-08-26T16:59:43.896-07:00
water_draw_1,2026-08-26T16:59:44.481-07:00,86.873,drawing,,open,,4.534106,3.048125,46.88,116.38,20.21,68.37,22.70,72.86,1410,1154,1038,227,WH-station1,2026-08-26T16:59:44.401-07:00
water_draw_1,2026-08-26T16:59:44.986-07:00,87.378,drawing,,open,,4.559188,2.981771,47.08,116.75,19.79,67.63,22.50,72.50,1412,1150,1025,225,WH-station1,2026-08-26T16:59:44.906-07:00
water_draw_1,2026-08-26T16:59:45.491-07:00,87.883,drawing,,open,,4.584481,3.007292,46.98,116.56,20.10,68.19,22.70,72.86,1411,1153,1030,227,WH-station1,2026-08-26T16:59:45.411-07:00
water_draw_1,2026-08-26T16:59:45.995-07:00,88.387,drawing,,open,,4.610593,3.104271,46.67,116.00,19.79,67.63,22.40,72.32,1408,1150,1049,224,WH-station1,2026-08-26T16:59:45.915-07:00
water_draw_1,2026-08-26T16:59:46.500-07:00,88.892,drawing,,open,,4.636660,3.099167,46.46,115.63,19.79,67.63,22.80,73.04,1406,1150,1048,228,WH-station1,2026-08-26T16:59:46.420-07:00
water_draw_1,2026-08-26T16:59:47.005-07:00,89.397,drawing,,open,,4.662471,3.068542,47.08,116.75,20.00,68.00,22.50,72.50,1412,1152,1042,225,WH-station1,2026-08-26T16:59:46.925-07:00
water_draw_1,2026-08-26T16:59:47.510-07:00,89.902,drawing,,open,,4.688589,3.104271,47.08,116.75,20.00,68.00,22.40,72.32,1412,1152,1049,224,WH-station1,2026-08-26T16:59:47.430-07:00
water_draw_1,2026-08-26T16:59:48.014-07:00,90.406,drawing,,open,,4.715132,3.155312,47.08,116.75,20.10,68.19,22.40,72.32,1412,1153,1059,224,WH-station1,2026-08-26T16:59:47.934-07:00
water_draw_1,2026-08-26T16:59:48.519-07:00,90.911,drawing,,open,,4.741634,3.150208,46.98,116.56,19.79,67.63,23.00,73.40,1411,1150,1058,230,WH-station1,2026-08-26T16:59:48.439-07:00
water_draw_1,2026-08-26T16:59:49.024-07:00,91.416,drawing,,open,,4.768306,3.170625,46.98,116.56,20.10,68.19,22.60,72.68,1411,1153,1062,226,WH-station1,2026-08-26T16:59:48.944-07:00
water_draw_1,2026-08-26T16:59:49.529-07:00,91.920,drawing,,open,,4.794675,3.134896,46.77,116.19,20.21,68.37,22.60,72.68,1409,1154,1055,226,WH-station1,2026-08-26T16:59:49.448-07:00
water_draw_1,2026-08-26T16:59:50.033-07:00,92.425,drawing,,open,,4.821134,3.145104,47.08,116.75,19.79,67.63,22.40,72.32,1412,1150,1057,224,WH-station1,2026-08-26T16:59:49.953-07:00
water_draw_1,2026-08-26T16:59:50.538-07:00,92.930,drawing,,open,,4.847762,3.165521,46.88,116.38,20.00,68.00,22.70,72.86,1410,1152,1061,227,WH-station1,2026-08-26T16:59:50.458-07:00
water_draw_1,2026-08-26T16:59:51.043-07:00,93.435,drawing,,open,,4.874390,3.165521,46.88,116.38,19.90,67.81,22.90,73.22,1410,1151,1061,229,WH-station1,2026-08-26T16:59:50.963-07:00
water_draw_1,2026-08-26T16:59:51.547-07:00,93.939,drawing,,open,,4.901185,3.185938,46.98,116.56,20.21,68.37,22.50,72.50,1411,1154,1065,225,WH-station1,2026-08-26T16:59:51.468-07:00
water_draw_1,2026-08-26T16:59:52.075-07:00,94.444,drawing,,open,,4.927983,3.185938,46.98,116.56,20.00,68.00,22.80,73.04,1411,1152,1065,228,WH-station1,2026-08-26T16:59:51.972-07:00
water_draw_1,2026-08-26T16:59:52.593-07:00,94.972,drawing,,open,,4.955878,3.170625,47.08,116.75,20.00,68.00,22.40,72.32,1412,1152,1062,224,WH-station1,2026-08-26T16:59:52.477-07:00
water_draw_1,2026-08-26T16:59:53.111-07:00,95.490,drawing,,open,,4.983221,3.165521,47.08,116.75,20.00,68.00,22.70,72.86,1412,1152,1061,227,WH-station1,2026-08-26T16:59:52.982-07:00
water_draw_1,2026-08-26T16:59:53.616-07:00,96.008,drawing,,open,,5.010714,3.185938,46.88,116.38,19.90,67.81,22.60,72.68,1410,1151,1065,226,WH-station1,2026-08-26T16:59:53.487-07:00
water_draw_1,2026-08-26T16:59:54.121-07:00,96.513,drawing,,open,,5.037513,3.185938,46.77,116.19,19.90,67.81,22.60,72.68,1409,1151,1065,226,WH-station1,2026-08-26T16:59:53.991-07:00
water_draw_1,2026-08-26T16:59:54.625-07:00,97.017,drawing,,open,,5.064098,3.160417,46.67,116.00,19.90,67.81,22.80,73.04,1408,1151,1060,228,WH-station1,2026-08-26T16:59:54.494-07:00
water_draw_1,2026-08-26T16:59:55.130-07:00,97.522,drawing,,open,,5.090898,3.185938,46.98,116.56,19.90,67.81,22.50,72.50,1411,1151,1065,225,WH-station1,2026-08-26T16:59:54.996-07:00
water_draw_1,2026-08-26T16:59:55.635-07:00,98.027,drawing,,open,,5.117613,3.175729,47.19,116.94,19.90,67.81,22.80,73.04,1413,1151,1063,228,WH-station1,2026-08-26T16:59:55.498-07:00
water_draw_1,2026-08-26T16:59:56.140-07:00,98.532,drawing,,open,,5.144288,3.170625,46.98,116.56,20.00,68.00,22.70,72.86,1411,1152,1062,227,WH-station1,2026-08-26T16:59:56.000-07:00
water_draw_1,2026-08-26T16:59:56.644-07:00,99.036,drawing,,open,,5.171094,3.185938,46.88,116.38,20.00,68.00,22.40,72.32,1410,1152,1065,224,WH-station1,2026-08-26T16:59:56.502-07:00
water_draw_1,2026-08-26T16:59:57.149-07:00,99.541,drawing,,open,,5.197979,3.196146,47.19,116.94,19.79,67.63,22.80,73.04,1413,1150,1067,228,WH-station1,2026-08-26T16:59:57.004-07:00
water_draw_1,2026-08-26T16:59:57.654-07:00,100.046,drawing,,open,,5.224784,3.185938,46.98,116.56,19.90,67.81,22.90,73.22,1411,1151,1065,229,WH-station1,2026-08-26T16:59:57.506-07:00
water_draw_1,2026-08-26T16:59:58.159-07:00,100.551,drawing,,open,,5.251626,3.191042,47.08,116.75,19.79,67.63,22.60,72.68,1412,1150,1066,226,WH-station1,2026-08-26T16:59:58.008-07:00
water_draw_1,2026-08-26T16:59:58.663-07:00,101.055,drawing,,open,,5.278426,3.185938,47.08,116.75,20.10,68.19,22.30,72.14,1412,1153,1065,223,WH-station1,2026-08-26T16:59:58.510-07:00
water_draw_1,2026-08-26T16:59:59.168-07:00,101.560,drawing,,open,,5.305139,3.175729,47.08,116.75,19.79,67.63,22.50,72.50,1412,1150,1063,225,WH-station1,2026-08-26T16:59:59.012-07:00
water_draw_1,2026-08-26T16:59:59.673-07:00,102.065,drawing,,open,,5.331980,3.191042,47.29,117.12,20.00,68.00,22.70,72.86,1414,1152,1066,227,WH-station1,2026-08-26T16:59:59.517-07:00
water_draw_1,2026-08-26T17:00:00.178-07:00,102.569,drawing,,open,,5.358786,3.185938,47.08,116.75,19.90,67.81,22.70,72.86,1412,1151,1065,227,WH-station1,2026-08-26T17:00:00.022-07:00
water_draw_1,2026-08-26T17:00:00.682-07:00,103.074,drawing,,open,,5.385586,3.185938,47.08,116.75,19.69,67.44,22.40,72.32,1412,1149,1065,224,WH-station1,2026-08-26T17:00:00.527-07:00
water_draw_1,2026-08-26T17:00:01.187-07:00,103.579,drawing,,open,,5.412472,3.196146,47.08,116.75,19.69,67.44,22.60,72.68,1412,1149,1067,226,WH-station1,2026-08-26T17:00:01.032-07:00
water_draw_1,2026-08-26T17:00:01.692-07:00,104.084,drawing,,open,,5.439190,3.175729,47.19,116.94,20.00,68.00,22.80,73.04,1413,1152,1063,228,WH-station1,2026-08-26T17:00:01.538-07:00
water_draw_1,2026-08-26T17:00:02.197-07:00,104.588,drawing,,open,,5.465949,3.180833,46.88,116.38,19.90,67.81,22.40,72.32,1410,1151,1064,224,WH-station1,2026-08-26T17:00:02.043-07:00
water_draw_1,2026-08-26T17:00:02.701-07:00,105.093,drawing,,open,,5.492884,3.201250,47.08,116.75,20.00,68.00,22.40,72.32,1412,1152,1068,224,WH-station1,2026-08-26T17:00:02.548-07:00
water_draw_1,2026-08-26T17:00:03.206-07:00,105.598,drawing,,open,,5.519773,3.196146,47.08,116.75,20.00,68.00,22.50,72.50,1412,1152,1067,225,WH-station1,2026-08-26T17:00:03.053-07:00
water_draw_1,2026-08-26T17:00:03.711-07:00,106.103,drawing,,open,,5.546185,3.140000,47.08,116.75,20.00,68.00,22.50,72.50,1412,1152,1056,225,WH-station1,2026-08-26T17:00:03.558-07:00
water_draw_1,2026-08-26T17:00:04.215-07:00,106.607,drawing,,open,,5.572983,3.185938,47.08,116.75,20.00,68.00,22.60,72.68,1412,1152,1065,226,WH-station1,2026-08-26T17:00:04.063-07:00
water_draw_1,2026-08-26T17:00:04.720-07:00,107.112,drawing,,open,,5.599395,3.140000,46.88,116.38,19.79,67.63,22.30,72.14,1410,1150,1056,223,WH-station1,2026-08-26T17:00:04.568-07:00
water_draw_1,2026-08-26T17:00:05.225-07:00,107.617,drawing,,open,,5.626021,3.165521,46.98,116.56,20.21,68.37,22.50,72.50,1411,1154,1061,225,WH-station1,2026-08-26T17:00:05.074-07:00
water_draw_1,2026-08-26T17:00:05.730-07:00,108.122,drawing,,open,,5.652620,3.160417,47.29,117.12,19.90,67.81,22.80,73.04,1414,1151,1060,228,WH-station1,2026-08-26T17:00:05.579-07:00
water_draw_1,2026-08-26T17:00:06.235-07:00,108.627,drawing,,open,,5.679293,3.170625,46.88,116.38,20.00,68.00,22.40,72.32,1410,1152,1062,224,WH-station1,2026-08-26T17:00:06.084-07:00
water_draw_1,2026-08-26T17:00:06.739-07:00,109.131,drawing,,open,,5.706010,3.175729,47.19,116.94,20.10,68.19,22.80,73.04,1413,1153,1063,228,WH-station1,2026-08-26T17:00:06.588-07:00
water_draw_1,2026-08-26T17:00:07.244-07:00,109.636,drawing,,open,,5.732634,3.165521,46.98,116.56,19.69,67.44,22.60,72.68,1411,1149,1061,226,WH-station1,2026-08-26T17:00:07.093-07:00
water_draw_1,2026-08-26T17:00:07.749-07:00,110.141,drawing,,open,,5.759349,3.175729,46.98,116.56,20.00,68.00,22.60,72.68,1411,1152,1063,226,WH-station1,2026-08-26T17:00:07.598-07:00
water_draw_1,2026-08-26T17:00:08.253-07:00,110.645,drawing,,open,,5.785847,3.150208,47.08,116.75,19.79,67.63,22.80,73.04,1412,1150,1058,228,WH-station1,2026-08-26T17:00:08.102-07:00
water_draw_1,2026-08-26T17:00:08.758-07:00,111.150,drawing,,open,,5.812650,3.185938,47.19,116.94,19.79,67.63,22.70,72.86,1413,1150,1065,227,WH-station1,2026-08-26T17:00:08.607-07:00
water_draw_1,2026-08-26T17:00:09.263-07:00,111.655,drawing,,open,,5.839361,3.175729,47.08,116.75,19.48,67.06,22.60,72.68,1412,1147,1063,226,WH-station1,2026-08-26T17:00:09.112-07:00
water_draw_1,2026-08-26T17:00:09.768-07:00,112.160,drawing,,open,,5.866032,3.170625,46.98,116.56,20.00,68.00,22.80,73.04,1411,1152,1062,228,WH-station1,2026-08-26T17:00:09.617-07:00
water_draw_1,2026-08-26T17:00:10.272-07:00,112.664,drawing,,open,,5.892703,3.170625,46.98,116.56,19.90,67.81,22.80,73.04,1411,1151,1062,228,WH-station1,2026-08-26T17:00:10.122-07:00
water_draw_1,2026-08-26T17:00:10.777-07:00,113.169,drawing,,open,,5.919593,3.196146,47.08,116.75,19.58,67.25,22.30,72.14,1412,1148,1067,223,WH-station1,2026-08-26T17:00:10.626-07:00
water_draw_1,2026-08-26T17:00:11.282-07:00,113.674,drawing,,open,,5.946398,3.185938,47.08,116.75,19.90,67.81,22.50,72.50,1412,1151,1065,225,WH-station1,2026-08-26T17:00:11.131-07:00
water_draw_1,2026-08-26T17:00:11.787-07:00,114.179,drawing,,open,,5.973028,3.165521,47.08,116.75,19.79,67.63,22.50,72.50,1412,1150,1061,225,WH-station1,2026-08-26T17:00:11.636-07:00
water_draw_1,2026-08-26T17:00:12.291-07:00,114.683,drawing,,open,,5.999869,3.191042,47.08,116.75,20.10,68.19,22.70,72.86,1412,1153,1066,227,WH-station1,2026-08-26T17:00:12.141-07:00
water_draw_1,2026-08-26T17:00:12.796-07:00,115.188,drawing,,open,,6.026670,3.185938,47.08,116.75,19.69,67.44,22.80,73.04,1412,1149,1065,228,WH-station1,2026-08-26T17:00:12.646-07:00
water_draw_1,2026-08-26T17:00:13.301-07:00,115.693,drawing,,open,,6.053344,3.170625,47.08,116.75,20.00,68.00,22.50,72.50,1412,1152,1062,225,WH-station1,2026-08-26T17:00:13.150-07:00
water_draw_1,2026-08-26T17:00:13.806-07:00,116.198,drawing,,open,,6.080104,3.180833,47.29,117.12,19.90,67.81,22.40,72.32,1414,1151,1064,224,WH-station1,2026-08-26T17:00:13.655-07:00
water_draw_1,2026-08-26T17:00:14.310-07:00,116.702,drawing,,open,,6.106645,3.155312,47.29,117.12,19.90,67.81,22.80,73.04,1414,1151,1059,228,WH-station1,2026-08-26T17:00:14.160-07:00
water_draw_1,2026-08-26T17:00:14.815-07:00,117.207,drawing,,open,,6.133401,3.180833,47.40,117.31,19.79,67.63,22.60,72.68,1415,1150,1064,226,WH-station1,2026-08-26T17:00:14.665-07:00
water_draw_1,2026-08-26T17:00:15.320-07:00,117.712,drawing,,open,,6.160112,3.175729,47.19,116.94,19.79,67.63,22.50,72.50,1413,1150,1063,225,WH-station1,2026-08-26T17:00:15.169-07:00
water_draw_1,2026-08-26T17:00:15.824-07:00,118.216,drawing,,open,,6.186744,3.165521,47.19,116.94,19.90,67.81,22.60,72.68,1413,1151,1061,226,WH-station1,2026-08-26T17:00:15.674-07:00
water_draw_1,2026-08-26T17:00:16.329-07:00,118.721,drawing,,open,,6.213584,3.191042,47.19,116.94,20.00,68.00,22.80,73.04,1413,1152,1066,228,WH-station1,2026-08-26T17:00:16.179-07:00
water_draw_1,2026-08-26T17:00:16.834-07:00,119.226,drawing,,open,,6.240388,3.185938,46.88,116.38,19.79,67.63,22.40,72.32,1410,1150,1065,224,WH-station1,2026-08-26T17:00:16.684-07:00
water_draw_1,2026-08-26T17:00:17.339-07:00,119.730,drawing,,open,,6.267097,3.175729,47.40,117.31,20.10,68.19,22.70,72.86,1415,1153,1063,227,WH-station1,2026-08-26T17:00:17.188-07:00
water_draw_1,2026-08-26T17:00:17.843-07:00,120.235,drawing,,open,,6.293512,3.140000,46.98,116.56,20.00,68.00,22.70,72.86,1411,1152,1056,227,WH-station1,2026-08-26T17:00:17.693-07:00
water_draw_1,2026-08-26T17:00:18.348-07:00,120.740,drawing,,open,,6.320265,3.180833,46.98,116.56,19.69,67.44,22.50,72.50,1411,1149,1064,225,WH-station1,2026-08-26T17:00:18.198-07:00
water_draw_1,2026-08-26T17:00:18.853-07:00,121.245,drawing,,open,,6.346721,3.145104,47.08,116.75,19.58,67.25,22.70,72.86,1412,1148,1057,227,WH-station1,2026-08-26T17:00:18.703-07:00
water_draw_1,2026-08-26T17:00:19.358-07:00,121.749,drawing,,open,,6.373393,3.170625,47.19,116.94,20.00,68.00,22.70,72.86,1413,1152,1062,227,WH-station1,2026-08-26T17:00:19.207-07:00
water_draw_1,2026-08-26T17:00:19.862-07:00,122.254,drawing,,open,,6.399990,3.160417,47.08,116.75,19.58,67.25,22.40,72.32,1412,1148,1060,224,WH-station1,2026-08-26T17:00:19.712-07:00
water_draw_1,2026-08-26T17:00:20.367-07:00,122.759,drawing,,open,,6.426660,3.170625,47.19,116.94,20.00,68.00,22.90,73.22,1413,1152,1062,229,WH-station1,2026-08-26T17:00:20.217-07:00
water_draw_1,2026-08-26T17:00:20.872-07:00,123.264,drawing,,open,,6.453420,3.180833,47.29,117.12,19.79,67.63,22.50,72.50,1414,1150,1064,225,WH-station1,2026-08-26T17:00:20.722-07:00
water_draw_1,2026-08-26T17:00:21.376-07:00,123.768,drawing,,open,,6.480131,3.175729,47.29,117.12,20.10,68.19,22.40,72.32,1414,1153,1063,224,WH-station1,2026-08-26T17:00:21.226-07:00
water_draw_1,2026-08-26T17:00:21.881-07:00,124.273,drawing,,open,,6.506629,3.150208,47.29,117.12,19.90,67.81,22.80,73.04,1414,1151,1058,228,WH-station1,2026-08-26T17:00:21.731-07:00
water_draw_1,2026-08-26T17:00:22.386-07:00,124.778,drawing,,open,,6.533349,3.175729,47.08,116.75,20.10,68.19,22.40,72.32,1412,1153,1063,224,WH-station1,2026-08-26T17:00:22.236-07:00
water_draw_1,2026-08-26T17:00:22.891-07:00,125.283,drawing,,open,,6.559851,3.150208,47.08,116.75,19.69,67.44,22.50,72.50,1412,1149,1058,225,WH-station1,2026-08-26T17:00:22.741-07:00
water_draw_1,2026-08-26T17:00:23.395-07:00,125.787,drawing,,open,,6.586563,3.175729,47.50,117.50,20.10,68.19,22.80,73.04,1416,1153,1063,228,WH-station1,2026-08-26T17:00:23.245-07:00
water_draw_1,2026-08-26T17:00:23.900-07:00,126.292,drawing,,open,,6.613191,3.165521,47.29,117.12,19.38,66.88,22.50,72.50,1414,1146,1061,225,WH-station1,2026-08-26T17:00:23.750-07:00
water_draw_1,2026-08-26T17:00:24.405-07:00,126.797,drawing,,open,,6.639691,3.150208,47.29,117.12,19.79,67.63,22.50,72.50,1414,1150,1058,225,WH-station1,2026-08-26T17:00:24.255-07:00
water_draw_1,2026-08-26T17:00:24.910-07:00,127.302,drawing,,open,,6.666322,3.165521,47.29,117.12,19.79,67.63,22.80,73.04,1414,1150,1061,228,WH-station1,2026-08-26T17:00:24.760-07:00
water_draw_1,2026-08-26T17:00:25.414-07:00,127.806,drawing,,open,,6.693124,3.185938,47.29,117.12,20.10,68.19,22.80,73.04,1414,1153,1065,228,WH-station1,2026-08-26T17:00:25.265-07:00
water_draw_1,2026-08-26T17:00:25.919-07:00,128.311,drawing,,open,,6.719883,3.180833,47.08,116.75,19.69,67.44,22.80,73.04,1412,1149,1064,228,WH-station1,2026-08-26T17:00:25.770-07:00
water_draw_1,2026-08-26T17:00:26.424-07:00,128.816,drawing,,open,,6.746465,3.160417,47.29,117.12,19.69,67.44,22.50,72.50,1414,1149,1060,225,WH-station1,2026-08-26T17:00:26.274-07:00
water_draw_1,2026-08-26T17:00:26.929-07:00,129.320,drawing,,open,,6.772967,3.150208,47.40,117.31,20.00,68.00,22.60,72.68,1415,1152,1058,226,WH-station1,2026-08-26T17:00:26.779-07:00
water_draw_1,2026-08-26T17:00:27.433-07:00,129.825,drawing,,open,,6.799558,3.160417,47.19,116.94,20.10,68.19,22.50,72.50,1413,1153,1060,225,WH-station1,2026-08-26T17:00:27.284-07:00
water_draw_1,2026-08-26T17:00:27.938-07:00,130.330,drawing,,open,,6.826061,3.150208,47.29,117.12,19.79,67.63,22.20,71.96,1414,1150,1058,222,WH-station1,2026-08-26T17:00:27.789-07:00
water_draw_1,2026-08-26T17:00:28.443-07:00,130.835,drawing,,open,,6.852690,3.165521,47.40,117.31,20.10,68.19,22.80,73.04,1415,1153,1061,228,WH-station1,2026-08-26T17:00:28.293-07:00
water_draw_1,2026-08-26T17:00:28.948-07:00,131.339,drawing,,open,,6.879315,3.165521,47.19,116.94,19.90,67.81,22.60,72.68,1413,1151,1061,226,WH-station1,2026-08-26T17:00:28.798-07:00
water_draw_1,2026-08-26T17:00:29.452-07:00,131.844,drawing,,open,,6.905986,3.170625,47.29,117.12,20.10,68.19,22.40,72.32,1414,1153,1062,224,WH-station1,2026-08-26T17:00:29.303-07:00
water_draw_1,2026-08-26T17:00:29.957-07:00,132.349,drawing,,open,,6.932827,3.191042,47.40,117.31,20.10,68.19,22.50,72.50,1415,1153,1066,225,WH-station1,2026-08-26T17:00:29.808-07:00
water_draw_1,2026-08-26T17:00:30.462-07:00,132.854,drawing,,open,,6.959459,3.165521,47.40,117.31,19.90,67.81,22.60,72.68,1415,1151,1061,226,WH-station1,2026-08-26T17:00:30.312-07:00
water_draw_1,2026-08-26T17:00:30.966-07:00,133.358,drawing,,open,,6.985960,3.150208,47.29,117.12,19.79,67.63,22.50,72.50,1414,1150,1058,225,WH-station1,2026-08-26T17:00:30.817-07:00
water_draw_1,2026-08-26T17:00:31.471-07:00,133.863,drawing,,open,,7.012416,3.145104,47.19,116.94,19.58,67.25,22.40,72.32,1413,1148,1057,224,WH-station1,2026-08-26T17:00:31.322-07:00
water_draw_1,2026-08-26T17:00:31.976-07:00,134.368,drawing,,open,,7.038914,3.150208,47.50,117.50,19.79,67.63,22.90,73.22,1416,1150,1058,229,WH-station1,2026-08-26T17:00:31.827-07:00
water_draw_1,2026-08-26T17:00:32.480-07:00,134.872,drawing,,open,,7.065537,3.165521,47.60,117.69,19.79,67.63,22.40,72.32,1417,1150,1061,224,WH-station1,2026-08-26T17:00:32.332-07:00
water_draw_1,2026-08-26T17:00:32.985-07:00,135.377,drawing,,open,,7.092084,3.155312,47.29,117.12,20.31,68.56,22.80,73.04,1414,1155,1059,228,WH-station1,2026-08-26T17:00:32.836-07:00
water_draw_1,2026-08-26T17:00:33.490-07:00,135.882,drawing,,open,,7.118675,3.160417,47.40,117.31,20.10,68.19,22.80,73.04,1415,1153,1060,228,WH-station1,2026-08-26T17:00:33.341-07:00
water_draw_1,2026-08-26T17:00:33.995-07:00,136.387,drawing,,open,,7.145180,3.150208,47.19,116.94,20.10,68.19,22.70,72.86,1413,1153,1058,227,WH-station1,2026-08-26T17:00:33.846-07:00
water_draw_1,2026-08-26T17:00:34.500-07:00,136.892,drawing,,open,,7.171976,3.185938,47.29,117.12,20.10,68.19,22.50,72.50,1414,1153,1065,225,WH-station1,2026-08-26T17:00:34.350-07:00
water_draw_1,2026-08-26T17:00:35.004-07:00,137.396,drawing,,open,,7.198733,3.180833,47.40,117.31,20.21,68.37,22.60,72.68,1415,1154,1064,226,WH-station1,2026-08-26T17:00:34.855-07:00
water_draw_1,2026-08-26T17:00:35.509-07:00,137.901,drawing,,open,,7.225056,3.129792,47.19,116.94,19.90,67.81,22.60,72.68,1413,1151,1054,226,WH-station1,2026-08-26T17:00:35.360-07:00
water_draw_1,2026-08-26T17:00:36.014-07:00,138.406,drawing,,open,,7.251861,3.185938,47.29,117.12,20.00,68.00,22.80,73.04,1414,1152,1065,228,WH-station1,2026-08-26T17:00:35.865-07:00
water_draw_1,2026-08-26T17:00:36.519-07:00,138.910,drawing,,open,,7.278535,3.170625,47.19,116.94,20.10,68.19,22.90,73.22,1413,1153,1062,229,WH-station1,2026-08-26T17:00:36.369-07:00
water_draw_1,2026-08-26T17:00:37.021-07:00,139.416,drawing,,open,,7.305355,3.185938,47.29,117.12,19.69,67.44,22.50,72.50,1414,1149,1065,225,WH-station1,2026-08-26T17:00:36.874-07:00
water_draw_1,2026-08-26T17:00:37.523-07:00,139.918,drawing,,open,,7.332014,3.185938,47.40,117.31,20.31,68.56,22.80,73.04,1415,1155,1065,228,WH-station1,2026-08-26T17:00:37.379-07:00
water_draw_1,2026-08-26T17:00:38.025-07:00,140.420,drawing,,open,,7.358584,3.175729,47.19,116.94,20.10,68.19,22.40,72.32,1413,1153,1063,224,WH-station1,2026-08-26T17:00:37.884-07:00
water_draw_1,2026-08-26T17:00:38.527-07:00,140.922,drawing,,open,,7.385195,3.180833,47.40,117.31,20.10,68.19,22.60,72.68,1415,1153,1064,226,WH-station1,2026-08-26T17:00:38.388-07:00
water_draw_1,2026-08-26T17:00:39.029-07:00,141.424,drawing,,open,,7.411763,3.175729,47.50,117.50,20.31,68.56,22.60,72.68,1416,1155,1063,226,WH-station1,2026-08-26T17:00:38.893-07:00
water_draw_1,2026-08-26T17:00:39.531-07:00,141.925,drawing,,open,,7.438332,3.175729,47.40,117.31,19.79,67.63,22.90,73.22,1415,1150,1063,229,WH-station1,2026-08-26T17:00:39.398-07:00
water_draw_1,2026-08-26T17:00:40.033-07:00,142.427,drawing,,open,,7.464858,3.170625,47.40,117.31,20.21,68.37,23.00,73.40,1415,1154,1062,230,WH-station1,2026-08-26T17:00:39.903-07:00
water_draw_1,2026-08-26T17:00:40.535-07:00,142.929,drawing,,open,,7.491341,3.165521,47.29,117.12,19.69,67.44,22.70,72.86,1414,1149,1061,227,WH-station1,2026-08-26T17:00:40.407-07:00
water_draw_1,2026-08-26T17:00:41.037-07:00,143.431,drawing,,open,,7.517739,3.155312,47.40,117.31,20.10,68.19,22.50,72.50,1415,1153,1059,225,WH-station1,2026-08-26T17:00:40.912-07:00
water_draw_1,2026-08-26T17:00:41.542-07:00,143.933,drawing,,open,,7.544353,3.180833,47.50,117.50,20.00,68.00,22.60,72.68,1416,1152,1064,226,WH-station1,2026-08-26T17:00:41.417-07:00
water_draw_1,2026-08-26T17:00:42.046-07:00,144.438,drawing,,open,,7.571070,3.175729,47.71,117.88,20.10,68.19,22.50,72.50,1418,1153,1063,225,WH-station1,2026-08-26T17:00:41.922-07:00
water_draw_1,2026-08-26T17:00:42.551-07:00,144.943,drawing,,open,,7.597910,3.191042,47.29,117.12,20.21,68.37,22.70,72.86,1414,1154,1066,227,WH-station1,2026-08-26T17:00:42.426-07:00
water_draw_1,2026-08-26T17:00:43.056-07:00,145.448,drawing,,open,,7.624625,3.175729,47.40,117.31,20.52,68.94,22.80,73.04,1415,1157,1063,228,WH-station1,2026-08-26T17:00:42.931-07:00
water_draw_1,2026-08-26T17:00:43.560-07:00,145.952,drawing,,open,,7.651420,3.185938,47.29,117.12,20.00,68.00,22.60,72.68,1414,1152,1065,226,WH-station1,2026-08-26T17:00:43.436-07:00
water_draw_1,2026-08-26T17:00:44.065-07:00,146.457,drawing,,open,,7.678132,3.175729,47.29,117.12,20.21,68.37,22.50,72.50,1414,1154,1063,225,WH-station1,2026-08-26T17:00:43.941-07:00
water_draw_1,2026-08-26T17:00:44.570-07:00,146.962,drawing,,open,,7.705018,3.196146,47.40,117.31,19.79,67.63,22.30,72.14,1415,1150,1067,223,WH-station1,2026-08-26T17:00:44.445-07:00
water_draw_1,2026-08-26T17:00:45.074-07:00,147.466,drawing,,open,,7.731863,3.191042,47.08,116.75,20.21,68.37,22.40,72.32,1412,1154,1066,224,WH-station1,2026-08-26T17:00:44.950-07:00
water_draw_1,2026-08-26T17:00:45.579-07:00,147.971,drawing,,open,,7.758486,3.165521,47.40,117.31,20.10,68.19,22.40,72.32,1415,1153,1061,224,WH-station1,2026-08-26T17:00:45.455-07:00
water_draw_1,2026-08-26T17:00:46.084-07:00,148.476,drawing,,open,,7.785285,3.185938,47.50,117.50,20.00,68.00,22.70,72.86,1416,1152,1065,227,WH-station1,2026-08-26T17:00:45.960-07:00
water_draw_1,2026-08-26T17:00:46.588-07:00,148.980,drawing,,open,,7.811995,3.175729,47.29,117.12,19.90,67.81,22.80,73.04,1414,1151,1063,228,WH-station1,2026-08-26T17:00:46.464-07:00
water_draw_1,2026-08-26T17:00:47.093-07:00,149.485,drawing,,open,,7.838709,3.175729,47.29,117.12,20.10,68.19,22.80,73.04,1414,1153,1063,228,WH-station1,2026-08-26T17:00:46.969-07:00
water_draw_1,2026-08-26T17:00:47.599-07:00,149.991,drawing,,open,,7.865467,3.175729,47.29,117.12,20.42,68.75,22.90,73.22,1414,1156,1063,229,WH-station1,2026-08-26T17:00:47.474-07:00
water_draw_1,2026-08-26T17:00:48.103-07:00,150.495,drawing,,open,,7.892225,3.180833,47.50,117.50,20.31,68.56,22.80,73.04,1416,1155,1064,228,WH-station1,2026-08-26T17:00:47.978-07:00
water_draw_1,2026-08-26T17:00:48.608-07:00,151.000,drawing,,open,,7.918933,3.175729,47.40,117.31,20.21,68.37,22.60,72.68,1415,1154,1063,226,WH-station1,2026-08-26T17:00:48.483-07:00
water_draw_1,2026-08-26T17:00:49.113-07:00,151.505,drawing,,open,,7.945774,3.191042,47.50,117.50,20.00,68.00,22.80,73.04,1416,1152,1066,228,WH-station1,2026-08-26T17:00:48.988-07:00
water_draw_1,2026-08-26T17:00:49.617-07:00,152.009,drawing,,open,,7.972744,3.206354,47.50,117.50,20.21,68.37,22.50,72.50,1416,1154,1069,225,WH-station1,2026-08-26T17:00:49.493-07:00
water_draw_1,2026-08-26T17:00:50.122-07:00,152.514,drawing,,open,,7.999675,3.201250,47.40,117.31,20.31,68.56,22.60,72.68,1415,1155,1068,226,WH-station1,2026-08-26T17:00:49.997-07:00
water_draw_1,2026-08-26T17:00:50.627-07:00,153.019,drawing,,open,,8.026258,3.160417,47.40,117.31,20.31,68.56,22.40,72.32,1415,1155,1060,224,WH-station1,2026-08-26T17:00:50.502-07:00
water_draw_1,2026-08-26T17:00:51.131-07:00,153.523,drawing,,open,,8.053017,3.180833,47.40,117.31,20.00,68.00,22.60,72.68,1415,1152,1064,226,WH-station1,2026-08-26T17:00:51.007-07:00
water_draw_1,2026-08-26T17:00:51.636-07:00,154.028,drawing,,open,,8.079769,3.180833,47.81,118.06,20.21,68.37,22.70,72.86,1419,1154,1064,227,WH-station1,2026-08-26T17:00:51.512-07:00
water_draw_1,2026-08-26T17:00:52.141-07:00,154.533,drawing,,open,,8.106371,3.160417,47.29,117.12,20.10,68.19,22.40,72.32,1414,1153,1060,224,WH-station1,2026-08-26T17:00:52.017-07:00
water_draw_1,2026-08-26T17:00:52.646-07:00,155.038,drawing,,open,,8.133006,3.165521,47.60,117.69,20.31,68.56,22.50,72.50,1417,1155,1061,225,WH-station1,2026-08-26T17:00:52.521-07:00
water_draw_1,2026-08-26T17:00:53.151-07:00,155.543,drawing,,open,,8.159592,3.160417,47.40,117.31,20.42,68.75,22.70,72.86,1415,1156,1060,227,WH-station1,2026-08-26T17:00:53.026-07:00
water_draw_1,2026-08-26T17:00:53.655-07:00,156.047,drawing,,open,,8.186134,3.155312,47.50,117.50,20.10,68.19,22.40,72.32,1416,1153,1059,224,WH-station1,2026-08-26T17:00:53.531-07:00
water_draw_1,2026-08-26T17:00:54.160-07:00,156.552,drawing,,open,,8.212856,3.175729,47.40,117.31,20.10,68.19,22.50,72.50,1415,1153,1063,225,WH-station1,2026-08-26T17:00:54.035-07:00
water_draw_1,2026-08-26T17:00:54.665-07:00,157.057,drawing,,open,,8.239485,3.165521,47.40,117.31,20.42,68.75,22.70,72.86,1415,1156,1061,227,WH-station1,2026-08-26T17:00:54.538-07:00
water_draw_1,2026-08-26T17:00:55.170-07:00,157.562,drawing,,open,,8.266156,3.170625,47.71,117.88,20.52,68.94,22.50,72.50,1418,1157,1062,225,WH-station1,2026-08-26T17:00:55.040-07:00
water_draw_1,2026-08-26T17:00:55.674-07:00,158.066,drawing,,open,,8.292997,3.191042,47.60,117.69,20.42,68.75,22.70,72.86,1417,1156,1066,227,WH-station1,2026-08-26T17:00:55.542-07:00
water_draw_1,2026-08-26T17:00:56.179-07:00,158.571,drawing,,open,,8.319674,3.170625,47.50,117.50,20.42,68.75,22.60,72.68,1416,1156,1062,226,WH-station1,2026-08-26T17:00:56.044-07:00
water_draw_1,2026-08-26T17:00:56.684-07:00,159.076,drawing,,open,,8.346236,3.160417,47.29,117.12,20.52,68.94,22.40,72.32,1414,1157,1060,224,WH-station1,2026-08-26T17:00:56.546-07:00
water_draw_1,2026-08-26T17:00:57.189-07:00,159.580,drawing,,open,,8.372780,3.155312,47.40,117.31,20.21,68.37,22.30,72.14,1415,1154,1059,223,WH-station1,2026-08-26T17:00:57.048-07:00
water_draw_1,2026-08-26T17:00:57.694-07:00,160.086,drawing,,open,,8.399455,3.165521,47.50,117.50,20.52,68.94,22.70,72.86,1416,1157,1061,227,WH-station1,2026-08-26T17:00:57.550-07:00
water_draw_1,2026-08-26T17:00:58.199-07:00,160.591,drawing,,open,,8.426040,3.160417,47.81,118.06,20.31,68.56,22.60,72.68,1419,1155,1060,226,WH-station1,2026-08-26T17:00:58.052-07:00
water_draw_1,2026-08-26T17:00:58.701-07:00,161.095,drawing,,open,,8.452451,3.140000,47.29,117.12,20.73,69.31,22.70,72.86,1414,1159,1056,227,WH-station1,2026-08-26T17:00:58.554-07:00
water_draw_1,2026-08-26T17:00:59.203-07:00,161.597,drawing,,open,,8.478815,3.150208,47.50,117.50,20.42,68.75,22.60,72.68,1416,1156,1058,226,WH-station1,2026-08-26T17:00:59.056-07:00
water_draw_1,2026-08-26T17:00:59.705-07:00,162.099,drawing,,open,,8.505129,3.145104,47.60,117.69,20.31,68.56,22.80,73.04,1417,1155,1057,228,WH-station1,2026-08-26T17:00:59.560-07:00
water_draw_1,2026-08-26T17:01:00.207-07:00,162.601,drawing,,open,,8.531699,3.175729,47.50,117.50,20.31,68.56,22.80,73.04,1416,1155,1063,228,WH-station1,2026-08-26T17:01:00.065-07:00
water_draw_1,2026-08-26T17:01:00.709-07:00,163.104,drawing,,open,,8.558376,3.185938,47.60,117.69,20.42,68.75,22.70,72.86,1417,1156,1065,227,WH-station1,2026-08-26T17:01:00.570-07:00
water_draw_1,2026-08-26T17:01:01.212-07:00,163.606,drawing,,open,,8.584476,3.119583,47.60,117.69,20.42,68.75,22.70,72.86,1417,1156,1052,227,WH-station1,2026-08-26T17:01:01.074-07:00
water_draw_1,2026-08-26T17:01:01.714-07:00,164.108,drawing,,open,,8.611149,3.185938,47.71,117.88,20.52,68.94,22.90,73.22,1418,1157,1065,229,WH-station1,2026-08-26T17:01:01.579-07:00
water_draw_1,2026-08-26T17:01:02.216-07:00,164.610,drawing,,open,,8.637635,3.165521,47.50,117.50,20.42,68.75,22.80,73.04,1416,1156,1061,228,WH-station1,2026-08-26T17:01:02.084-07:00
water_draw_1,2026-08-26T17:01:02.718-07:00,165.112,drawing,,open,,8.664392,3.196146,47.40,117.31,20.62,69.12,22.50,72.50,1415,1158,1067,225,WH-station1,2026-08-26T17:01:02.589-07:00
water_draw_1,2026-08-26T17:01:03.220-07:00,165.614,drawing,,open,,8.690961,3.175729,47.71,117.88,20.52,68.94,22.50,72.50,1418,1157,1063,225,WH-station1,2026-08-26T17:01:03.094-07:00
water_draw_1,2026-08-26T17:01:03.724-07:00,166.116,drawing,,open,,8.717489,3.170625,47.60,117.69,20.62,69.12,22.50,72.50,1417,1158,1062,225,WH-station1,2026-08-26T17:01:03.598-07:00
water_draw_1,2026-08-26T17:01:04.229-07:00,166.621,drawing,,open,,8.744078,3.160417,47.71,117.88,20.31,68.56,22.40,72.32,1418,1155,1060,224,WH-station1,2026-08-26T17:01:04.103-07:00
water_draw_1,2026-08-26T17:01:04.734-07:00,167.126,drawing,,open,,8.770580,3.150208,47.81,118.06,20.21,68.37,22.50,72.50,1419,1154,1058,225,WH-station1,2026-08-26T17:01:04.608-07:00
water_draw_1,2026-08-26T17:01:05.239-07:00,167.631,drawing,,open,,8.796909,3.129792,47.60,117.69,20.62,69.12,22.50,72.50,1417,1158,1054,225,WH-station1,2026-08-26T17:01:05.113-07:00
water_draw_1,2026-08-26T17:01:05.743-07:00,168.135,drawing,,open,,8.823450,3.155312,47.40,117.31,20.52,68.94,22.80,73.04,1415,1157,1059,228,WH-station1,2026-08-26T17:01:05.617-07:00
water_draw_1,2026-08-26T17:01:06.248-07:00,168.640,drawing,,open,,8.849994,3.155312,47.81,118.06,20.73,69.31,22.60,72.68,1419,1159,1059,226,WH-station1,2026-08-26T17:01:06.122-07:00
water_draw_1,2026-08-26T17:01:06.753-07:00,169.145,drawing,,open,,8.876620,3.165521,47.81,118.06,20.62,69.12,22.70,72.86,1419,1158,1061,227,WH-station1,2026-08-26T17:01:06.627-07:00
water_draw_1,2026-08-26T17:01:07.257-07:00,169.650,drawing,,open,,8.903081,3.145104,47.71,117.88,20.52,68.94,22.60,72.68,1418,1157,1057,226,WH-station1,2026-08-26T17:01:07.132-07:00
water_draw_1,2026-08-26T17:01:07.762-07:00,170.154,drawing,,open,,8.929905,3.191042,47.71,117.88,20.62,69.12,22.50,72.50,1418,1158,1066,225,WH-station1,2026-08-26T17:01:07.637-07:00
water_draw_1,2026-08-26T17:01:08.267-07:00,170.659,drawing,,open,,8.956406,3.150208,47.60,117.69,20.62,69.12,22.60,72.68,1417,1158,1058,226,WH-station1,2026-08-26T17:01:08.141-07:00
water_draw_1,2026-08-26T17:01:08.771-07:00,171.163,drawing,,open,,8.982862,3.145104,47.29,117.12,20.52,68.94,22.60,72.68,1414,1157,1057,226,WH-station1,2026-08-26T17:01:08.646-07:00
water_draw_1,2026-08-26T17:01:09.276-07:00,171.668,drawing,,open,,9.009445,3.160417,47.92,118.25,20.42,68.75,22.90,73.22,1420,1156,1060,229,WH-station1,2026-08-26T17:01:09.151-07:00
water_draw_1,2026-08-26T17:01:09.781-07:00,172.173,drawing,,open,,9.036156,3.175729,47.71,117.88,20.52,68.94,22.80,73.04,1418,1157,1063,228,WH-station1,2026-08-26T17:01:09.656-07:00
water_draw_1,2026-08-26T17:01:10.286-07:00,172.678,drawing,,open,,9.062787,3.165521,47.71,117.88,20.62,69.12,22.60,72.68,1418,1158,1061,226,WH-station1,2026-08-26T17:01:10.161-07:00
water_draw_1,2026-08-26T17:01:10.790-07:00,173.182,drawing,,open,,9.089674,3.196146,47.60,117.69,20.83,69.50,22.80,73.04,1417,1160,1067,228,WH-station1,2026-08-26T17:01:10.665-07:00
water_draw_1,2026-08-26T17:01:11.295-07:00,173.687,drawing,,open,,9.116175,3.150208,47.50,117.50,20.42,68.75,22.80,73.04,1416,1156,1058,228,WH-station1,2026-08-26T17:01:11.170-07:00
water_draw_1,2026-08-26T17:01:11.799-07:00,174.191,drawing,,open,,9.142733,3.160417,47.40,117.31,20.52,68.94,22.70,72.86,1415,1157,1060,227,WH-station1,2026-08-26T17:01:11.675-07:00
water_draw_1,2026-08-26T17:01:12.304-07:00,174.696,drawing,,open,,9.169363,3.165521,47.40,117.31,20.52,68.94,22.80,73.04,1415,1157,1061,228,WH-station1,2026-08-26T17:01:12.180-07:00
water_draw_1,2026-08-26T17:01:12.809-07:00,175.201,drawing,,open,,9.196124,3.180833,47.92,118.25,20.73,69.31,22.50,72.50,1420,1159,1064,225,WH-station1,2026-08-26T17:01:12.684-07:00
water_draw_1,2026-08-26T17:01:13.314-07:00,175.706,drawing,,open,,9.222976,3.191042,47.71,117.88,20.42,68.75,22.40,72.32,1418,1156,1066,224,WH-station1,2026-08-26T17:01:13.189-07:00
water_draw_1,2026-08-26T17:01:13.818-07:00,176.210,drawing,,open,,9.249731,3.180833,47.92,118.25,21.04,69.87,22.50,72.50,1420,1162,1064,225,WH-station1,2026-08-26T17:01:13.694-07:00
water_draw_1,2026-08-26T17:01:14.323-07:00,176.715,drawing,,open,,9.276485,3.180833,47.60,117.69,20.73,69.31,22.60,72.68,1417,1159,1064,226,WH-station1,2026-08-26T17:01:14.199-07:00
water_draw_1,2026-08-26T17:01:14.828-07:00,177.220,drawing,,open,,9.303196,3.175729,47.71,117.88,20.73,69.31,22.50,72.50,1418,1159,1063,225,WH-station1,2026-08-26T17:01:14.703-07:00
water_draw_1,2026-08-26T17:01:15.332-07:00,177.724,drawing,,open,,9.329779,3.160417,47.60,117.69,20.62,69.12,22.80,73.04,1417,1158,1060,228,WH-station1,2026-08-26T17:01:15.208-07:00
water_draw_1,2026-08-26T17:01:15.837-07:00,178.229,drawing,,open,,9.356674,3.196146,47.71,117.88,20.83,69.50,22.80,73.04,1418,1160,1067,228,WH-station1,2026-08-26T17:01:15.713-07:00
water_draw_1,2026-08-26T17:01:16.342-07:00,178.734,drawing,,open,,9.383178,3.150208,47.50,117.50,20.83,69.50,22.60,72.68,1416,1160,1058,226,WH-station1,2026-08-26T17:01:16.218-07:00
water_draw_1,2026-08-26T17:01:16.847-07:00,179.239,drawing,,open,,9.410104,3.201250,47.60,117.69,20.73,69.31,22.50,72.50,1417,1159,1068,225,WH-station1,2026-08-26T17:01:16.723-07:00
water_draw_1,2026-08-26T17:01:17.351-07:00,179.743,drawing,,open,,9.436685,3.160417,47.71,117.88,20.83,69.50,22.50,72.50,1418,1160,1060,225,WH-station1,2026-08-26T17:01:17.227-07:00
water_draw_1,2026-08-26T17:01:17.856-07:00,180.248,drawing,,open,,9.463314,3.165521,47.71,117.88,20.83,69.50,22.60,72.68,1418,1160,1061,226,WH-station1,2026-08-26T17:01:17.732-07:00
water_draw_1,2026-08-26T17:01:18.361-07:00,180.753,drawing,,open,,9.490112,3.185938,47.71,117.88,20.83,69.50,22.80,73.04,1418,1160,1065,228,WH-station1,2026-08-26T17:01:18.237-07:00
water_draw_1,2026-08-26T17:01:18.866-07:00,181.258,drawing,,open,,9.516923,3.185938,47.81,118.06,20.83,69.50,22.40,72.32,1419,1160,1065,224,WH-station1,2026-08-26T17:01:18.742-07:00
water_draw_1,2026-08-26T17:01:19.370-07:00,181.762,drawing,,open,,9.543594,3.170625,47.71,117.88,20.94,69.69,22.80,73.04,1418,1161,1062,228,WH-station1,2026-08-26T17:01:19.246-07:00
water_draw_1,2026-08-26T17:01:19.875-07:00,182.267,drawing,,open,,9.570175,3.160417,47.92,118.25,20.73,69.31,22.40,72.32,1420,1159,1060,224,WH-station1,2026-08-26T17:01:19.751-07:00
water_draw_1,2026-08-26T17:01:20.380-07:00,182.772,drawing,,open,,9.596758,3.160417,47.92,118.25,20.94,69.69,22.40,72.32,1420,1161,1060,224,WH-station1,2026-08-26T17:01:20.256-07:00
water_draw_1,2026-08-26T17:01:20.884-07:00,183.276,drawing,,open,,9.623345,3.160417,47.71,117.88,21.04,69.87,22.70,72.86,1418,1162,1060,227,WH-station1,2026-08-26T17:01:20.761-07:00
water_draw_1,2026-08-26T17:01:21.389-07:00,183.781,drawing,,open,,9.650145,3.185938,47.71,117.88,20.73,69.31,22.80,73.04,1418,1159,1065,228,WH-station1,2026-08-26T17:01:21.265-07:00
water_draw_1,2026-08-26T17:01:21.894-07:00,184.286,drawing,,open,,9.676732,3.160417,47.81,118.06,21.04,69.87,22.40,72.32,1419,1162,1060,224,WH-station1,2026-08-26T17:01:21.770-07:00
water_draw_1,2026-08-26T17:01:22.399-07:00,184.791,drawing,,open,,9.703361,3.165521,47.71,117.88,21.04,69.87,22.80,73.04,1418,1162,1061,228,WH-station1,2026-08-26T17:01:22.275-07:00
water_draw_1,2026-08-26T17:01:22.903-07:00,185.295,drawing,,open,,9.729991,3.165521,47.81,118.06,20.94,69.69,22.50,72.50,1419,1161,1061,225,WH-station1,2026-08-26T17:01:22.780-07:00
water_draw_1,2026-08-26T17:01:23.408-07:00,185.800,drawing,,open,,9.756487,3.150208,48.02,118.44,21.35,70.44,22.50,72.50,1421,1165,1058,225,WH-station1,2026-08-26T17:01:23.285-07:00
water_draw_1,2026-08-26T17:01:23.913-07:00,186.305,drawing,,open,,9.782897,3.140000,47.81,118.06,20.94,69.69,22.70,72.86,1419,1161,1056,227,WH-station1,2026-08-26T17:01:23.789-07:00
water_draw_1,2026-08-26T17:01:24.418-07:00,186.809,drawing,,open,,9.809571,3.170625,47.81,118.06,21.04,69.87,22.60,72.68,1419,1162,1062,226,WH-station1,2026-08-26T17:01:24.294-07:00
water_draw_1,2026-08-26T17:01:24.922-07:00,187.314,drawing,,open,,9.836070,3.150208,47.71,117.88,20.94,69.69,22.80,73.04,1418,1161,1058,228,WH-station1,2026-08-26T17:01:24.799-07:00
water_draw_1,2026-08-26T17:01:25.427-07:00,187.819,drawing,,open,,9.862655,3.160417,47.81,118.06,21.04,69.87,22.80,73.04,1419,1162,1060,228,WH-station1,2026-08-26T17:01:25.303-07:00
water_draw_1,2026-08-26T17:01:25.932-07:00,188.324,drawing,,open,,9.889251,3.160417,47.81,118.06,21.15,70.06,22.60,72.68,1419,1163,1060,226,WH-station1,2026-08-26T17:01:25.808-07:00
water_draw_1,2026-08-26T17:01:26.437-07:00,188.829,drawing,,open,,9.915965,3.175729,47.81,118.06,20.94,69.69,22.70,72.86,1419,1161,1063,227,WH-station1,2026-08-26T17:01:26.313-07:00
water_draw_1,2026-08-26T17:01:26.941-07:00,189.333,drawing,,open,,9.942852,3.196146,47.92,118.25,21.04,69.87,22.50,72.50,1420,1162,1067,225,WH-station1,2026-08-26T17:01:26.818-07:00
water_draw_1,2026-08-26T17:01:27.446-07:00,189.838,drawing,,open,,9.969525,3.170625,47.60,117.69,21.04,69.87,22.80,73.04,1417,1162,1062,228,WH-station1,2026-08-26T17:01:27.322-07:00
water_draw_1,2026-08-26T17:01:27.951-07:00,190.343,drawing,,open,,9.996067,3.155312,47.60,117.69,21.15,70.06,22.70,72.86,1417,1163,1059,227,WH-station1,2026-08-26T17:01:27.827-07:00
water_draw_1,2026-08-26T17:01:28.455-07:00,190.847,drawing,,open,,10.022480,3.140000,47.60,117.69,21.04,69.87,22.80,73.04,1417,1162,1056,228,WH-station1,2026-08-26T17:01:28.332-07:00
water_draw_1,2026-08-26T17:01:28.960-07:00,191.352,drawing,,open,,10.048806,3.129792,47.92,118.25,21.46,70.62,22.50,72.50,1420,1166,1054,225,WH-station1,2026-08-26T17:01:28.837-07:00
water_draw_1,2026-08-26T17:01:29.465-07:00,191.857,drawing,,open,,10.075262,3.145104,47.81,118.06,21.04,69.87,22.80,73.04,1419,1162,1057,228,WH-station1,2026-08-26T17:01:29.341-07:00
water_draw_1,2026-08-26T17:01:29.970-07:00,192.362,drawing,,open,,10.101723,3.145104,47.71,117.88,21.15,70.06,22.90,73.22,1418,1163,1057,229,WH-station1,2026-08-26T17:01:29.846-07:00
water_draw_1,2026-08-26T17:01:30.475-07:00,192.866,drawing,,open,,10.128441,3.175729,47.92,118.25,21.35,70.44,22.70,72.86,1420,1165,1063,227,WH-station1,2026-08-26T17:01:30.351-07:00
water_draw_1,2026-08-26T17:01:30.979-07:00,193.371,drawing,,open,,10.154942,3.150208,47.71,117.88,21.15,70.06,22.90,73.22,1418,1163,1058,229,WH-station1,2026-08-26T17:01:30.856-07:00
water_draw_1,2026-08-26T17:01:31.484-07:00,193.876,drawing,,open,,10.181486,3.155312,48.12,118.62,20.83,69.50,22.70,72.86,1422,1160,1059,227,WH-station1,2026-08-26T17:01:31.361-07:00
water_draw_1,2026-08-26T17:01:31.989-07:00,194.381,drawing,,open,,10.207982,3.150208,47.92,118.25,21.35,70.44,22.40,72.32,1420,1165,1058,224,WH-station1,2026-08-26T17:01:31.865-07:00
water_draw_1,2026-08-26T17:01:32.493-07:00,194.885,drawing,,open,,10.234653,3.170625,47.92,118.25,20.94,69.69,23.00,73.40,1420,1161,1062,230,WH-station1,2026-08-26T17:01:32.370-07:00
water_draw_1,2026-08-26T17:01:32.998-07:00,195.390,drawing,,open,,10.261287,3.165521,47.92,118.25,20.94,69.69,23.00,73.40,1420,1161,1061,230,WH-station1,2026-08-26T17:01:32.875-07:00
water_draw_1,2026-08-26T17:01:33.503-07:00,195.895,drawing,,open,,10.287830,3.155312,47.92,118.25,20.94,69.69,22.70,72.86,1420,1161,1059,227,WH-station1,2026-08-26T17:01:33.380-07:00
water_draw_1,2026-08-26T17:01:34.008-07:00,196.400,drawing,,open,,10.314327,3.150208,47.60,117.69,21.15,70.06,22.70,72.86,1417,1163,1058,227,WH-station1,2026-08-26T17:01:33.884-07:00
water_draw_1,2026-08-26T17:01:34.512-07:00,196.904,drawing,,open,,10.340995,3.170625,47.81,118.06,21.04,69.87,22.50,72.50,1419,1162,1062,225,WH-station1,2026-08-26T17:01:34.389-07:00
water_draw_1,2026-08-26T17:01:35.017-07:00,197.409,drawing,,open,,10.367365,3.134896,47.71,117.88,21.25,70.25,22.60,72.68,1418,1164,1055,226,WH-station1,2026-08-26T17:01:34.894-07:00
water_draw_1,2026-08-26T17:01:35.522-07:00,197.914,drawing,,open,,10.393785,3.140000,47.81,118.06,21.25,70.25,22.70,72.86,1419,1164,1056,227,WH-station1,2026-08-26T17:01:35.399-07:00
water_draw_1,2026-08-26T17:01:36.027-07:00,198.418,drawing,,open,,10.420287,3.150208,47.92,118.25,21.35,70.44,22.40,72.32,1420,1165,1058,224,WH-station1,2026-08-26T17:01:35.903-07:00
water_draw_1,2026-08-26T17:01:36.531-07:00,198.923,drawing,,open,,10.446576,3.124688,47.81,118.06,21.35,70.44,22.70,72.86,1419,1165,1053,227,WH-station1,2026-08-26T17:01:36.408-07:00
water_draw_1,2026-08-26T17:01:37.033-07:00,199.428,drawing,,open,,10.472852,3.124688,47.71,117.88,21.04,69.87,22.80,73.04,1418,1162,1053,228,WH-station1,2026-08-26T17:01:36.913-07:00
water_draw_1,2026-08-26T17:01:37.536-07:00,199.930,drawing,,open,,10.499168,3.145104,47.81,118.06,21.25,70.25,22.70,72.86,1419,1164,1057,227,WH-station1,2026-08-26T17:01:37.418-07:00
water_draw_1,2026-08-26T17:01:38.038-07:00,200.432,drawing,,open,,10.525696,3.170625,48.02,118.44,21.35,70.44,22.40,72.32,1421,1165,1062,224,WH-station1,2026-08-26T17:01:37.922-07:00
water_draw_1,2026-08-26T17:01:38.540-07:00,200.934,drawing,,open,,10.551798,3.119583,48.02,118.44,20.94,69.69,22.90,73.22,1421,1161,1052,229,WH-station1,2026-08-26T17:01:38.427-07:00
water_draw_1,2026-08-26T17:01:39.041-07:00,201.436,drawing,,open,,10.578067,3.140000,47.81,118.06,21.15,70.06,22.50,72.50,1419,1163,1056,225,WH-station1,2026-08-26T17:01:38.932-07:00
water_draw_1,2026-08-26T17:01:39.543-07:00,201.938,drawing,,open,,10.604294,3.134896,47.92,118.25,21.35,70.44,22.80,73.04,1420,1165,1055,228,WH-station1,2026-08-26T17:01:39.437-07:00
water_draw_1,2026-08-26T17:01:40.045-07:00,202.440,drawing,,open,,10.630649,3.150208,47.81,118.06,21.46,70.62,23.00,73.40,1419,1166,1058,230,WH-station1,2026-08-26T17:01:39.942-07:00
water_draw_1,2026-08-26T17:01:40.550-07:00,202.944,drawing,,open,,10.657135,3.150208,47.71,117.88,21.67,71.00,22.60,72.68,1418,1168,1058,226,WH-station1,2026-08-26T17:01:40.446-07:00
water_draw_1,2026-08-26T17:01:41.052-07:00,203.446,drawing,,open,,10.683662,3.170625,47.92,118.25,21.15,70.06,22.90,73.22,1420,1163,1062,229,WH-station1,2026-08-26T17:01:40.951-07:00
water_draw_1,2026-08-26T17:01:41.554-07:00,203.948,drawing,,open,,10.710063,3.155312,48.02,118.44,21.46,70.62,23.00,73.40,1421,1166,1059,230,WH-station1,2026-08-26T17:01:41.456-07:00
water_draw_1,2026-08-26T17:01:42.058-07:00,204.450,drawing,,open,,10.736551,3.165521,47.81,118.06,21.35,70.44,22.70,72.86,1419,1165,1061,227,WH-station1,2026-08-26T17:01:41.961-07:00
water_draw_1,2026-08-26T17:01:42.563-07:00,204.955,drawing,,open,,10.763050,3.150208,47.81,118.06,21.15,70.06,22.90,73.22,1419,1163,1058,229,WH-station1,2026-08-26T17:01:42.465-07:00
water_draw_1,2026-08-26T17:01:43.068-07:00,205.460,drawing,,open,,10.789812,3.180833,48.12,118.62,21.35,70.44,22.80,73.04,1422,1165,1064,228,WH-station1,2026-08-26T17:01:42.970-07:00
water_draw_1,2026-08-26T17:01:43.573-07:00,205.965,drawing,,open,,10.816526,3.175729,47.92,118.25,21.67,71.00,22.40,72.32,1420,1168,1063,224,WH-station1,2026-08-26T17:01:43.475-07:00
water_draw_1,2026-08-26T17:01:44.077-07:00,206.469,drawing,,open,,10.843159,3.165521,48.02,118.44,21.25,70.25,22.50,72.50,1421,1164,1061,225,WH-station1,2026-08-26T17:01:43.980-07:00
water_draw_1,2026-08-26T17:01:44.582-07:00,206.974,drawing,,open,,10.869658,3.150208,47.81,118.06,21.35,70.44,22.80,73.04,1419,1165,1058,228,WH-station1,2026-08-26T17:01:44.485-07:00
water_draw_1,2026-08-26T17:01:45.087-07:00,207.479,drawing,,open,,10.896369,3.175729,47.81,118.06,21.56,70.81,22.70,72.86,1419,1167,1063,227,WH-station1,2026-08-26T17:01:44.989-07:00
water_draw_1,2026-08-26T17:01:45.605-07:00,207.997,drawing,,open,,10.923890,3.185938,48.23,118.81,21.35,70.44,22.50,72.50,1423,1165,1065,225,WH-station1,2026-08-26T17:01:45.494-07:00
water_draw_1,2026-08-26T17:01:46.110-07:00,208.502,drawing,,open,,10.950392,3.150208,47.92,118.25,21.46,70.62,22.80,73.04,1420,1166,1058,228,WH-station1,2026-08-26T17:01:45.999-07:00
water_draw_1,2026-08-26T17:01:46.615-07:00,209.007,drawing,,open,,10.976848,3.145104,48.02,118.44,21.56,70.81,22.70,72.86,1421,1167,1057,227,WH-station1,2026-08-26T17:01:46.504-07:00
water_draw_1,2026-08-26T17:01:47.119-07:00,209.511,drawing,,open,,11.003431,3.160417,48.02,118.44,21.46,70.62,22.80,73.04,1421,1166,1060,228,WH-station1,2026-08-26T17:01:47.009-07:00
water_draw_1,2026-08-26T17:01:47.624-07:00,210.016,drawing,,open,,11.030279,3.191042,48.02,118.44,21.67,71.00,22.30,72.14,1421,1168,1066,223,WH-station1,2026-08-26T17:01:47.513-07:00
water_draw_1,2026-08-26T17:01:48.129-07:00,210.521,drawing,,open,,11.056993,3.175729,48.12,118.62,21.35,70.44,22.70,72.86,1422,1165,1063,227,WH-station1,2026-08-26T17:01:48.018-07:00
water_draw_1,2026-08-26T17:01:48.634-07:00,211.026,drawing,,open,,11.083754,3.180833,48.12,118.62,21.35,70.44,22.80,73.04,1422,1165,1064,228,WH-station1,2026-08-26T17:01:48.523-07:00
water_draw_1,2026-08-26T17:01:49.138-07:00,211.530,drawing,,open,,11.110640,3.196146,48.12,118.62,21.46,70.62,22.60,72.68,1422,1166,1067,226,WH-station1,2026-08-26T17:01:49.028-07:00
water_draw_1,2026-08-26T17:01:49.643-07:00,212.035,drawing,,open,,11.137396,3.180833,47.81,118.06,21.67,71.00,22.80,73.04,1419,1168,1064,228,WH-station1,2026-08-26T17:01:49.532-07:00
water_draw_1,2026-08-26T17:01:50.148-07:00,212.540,drawing,,open,,11.163935,3.155312,47.81,118.06,21.67,71.00,22.70,72.86,1419,1168,1059,227,WH-station1,2026-08-26T17:01:50.037-07:00
water_draw_1,2026-08-26T17:01:50.655-07:00,213.047,drawing,,open,,11.190642,3.155312,48.23,118.81,21.67,71.00,22.80,73.04,1423,1168,1059,228,WH-station1,2026-08-26T17:01:50.542-07:00
water_draw_1,2026-08-26T17:01:51.160-07:00,213.552,drawing,,open,,11.217443,3.185938,48.23,118.81,21.46,70.62,22.80,73.04,1423,1166,1065,228,WH-station1,2026-08-26T17:01:51.047-07:00
water_draw_1,2026-08-26T17:01:51.665-07:00,214.057,drawing,,open,,11.244160,3.175729,47.81,118.06,21.56,70.81,22.50,72.50,1419,1167,1063,225,WH-station1,2026-08-26T17:01:51.552-07:00
water_draw_1,2026-08-26T17:01:52.170-07:00,214.562,drawing,,open,,11.270577,3.140000,48.02,118.44,21.46,70.62,22.90,73.22,1421,1166,1056,229,WH-station1,2026-08-26T17:01:52.056-07:00
water_draw_1,2026-08-26T17:01:52.675-07:00,215.067,drawing,,open,,11.297432,3.191042,48.02,118.44,21.25,70.25,22.80,73.04,1421,1164,1066,228,WH-station1,2026-08-26T17:01:52.561-07:00
water_draw_1,2026-08-26T17:01:53.179-07:00,215.571,drawing,,open,,11.324106,3.170625,48.12,118.62,21.77,71.19,22.60,72.68,1422,1169,1062,226,WH-station1,2026-08-26T17:01:53.066-07:00
water_draw_1,2026-08-26T17:01:53.684-07:00,216.076,drawing,,open,,11.351076,3.206354,48.23,118.81,21.67,71.00,22.90,73.22,1423,1168,1069,229,WH-station1,2026-08-26T17:01:53.571-07:00
water_draw_1,2026-08-26T17:01:54.189-07:00,216.581,drawing,,open,,11.377786,3.175729,48.12,118.62,21.67,71.00,22.50,72.50,1422,1168,1063,225,WH-station1,2026-08-26T17:01:54.075-07:00
water_draw_1,2026-08-26T17:01:54.694-07:00,217.086,drawing,,open,,11.404332,3.155312,48.12,118.62,21.67,71.00,23.00,73.40,1422,1168,1059,230,WH-station1,2026-08-26T17:01:54.578-07:00
water_draw_1,2026-08-26T17:01:55.198-07:00,217.590,drawing,,open,,11.430792,3.145104,48.44,119.19,21.25,70.25,22.70,72.86,1425,1164,1057,227,WH-station1,2026-08-26T17:01:55.080-07:00
water_draw_1,2026-08-26T17:01:55.706-07:00,218.098,drawing,,open,,11.457425,3.145104,48.02,118.44,21.67,71.00,22.80,73.04,1421,1168,1057,228,WH-station1,2026-08-26T17:01:55.582-07:00
water_draw_1,2026-08-26T17:01:56.211-07:00,218.603,drawing,,open,,11.484098,3.170625,48.12,118.62,21.46,70.62,22.70,72.86,1422,1166,1062,227,WH-station1,2026-08-26T17:01:56.084-07:00
water_draw_1,2026-08-26T17:01:56.716-07:00,219.108,drawing,,open,,11.510643,3.155312,48.02,118.44,21.56,70.81,22.40,72.32,1421,1167,1059,224,WH-station1,2026-08-26T17:01:56.586-07:00
water_draw_1,2026-08-26T17:01:57.221-07:00,219.613,drawing,,open,,11.537186,3.155312,48.02,118.44,21.56,70.81,22.90,73.22,1421,1167,1059,229,WH-station1,2026-08-26T17:01:57.088-07:00
water_draw_1,2026-08-26T17:01:57.726-07:00,220.118,drawing,,open,,11.563693,3.150208,48.12,118.62,21.25,70.25,22.70,72.86,1422,1164,1058,227,WH-station1,2026-08-26T17:01:57.590-07:00
water_draw_1,2026-08-26T17:01:58.230-07:00,220.622,drawing,,open,,11.590239,3.155312,48.23,118.81,21.56,70.81,22.60,72.68,1423,1167,1059,226,WH-station1,2026-08-26T17:01:58.092-07:00
water_draw_1,2026-08-26T17:01:58.735-07:00,221.127,drawing,,open,,11.616996,3.180833,48.12,118.62,21.77,71.19,22.80,73.04,1422,1169,1064,228,WH-station1,2026-08-26T17:01:58.594-07:00
water_draw_1,2026-08-26T17:01:59.240-07:00,221.632,drawing,,open,,11.643711,3.175729,48.02,118.44,21.56,70.81,22.50,72.50,1421,1167,1063,225,WH-station1,2026-08-26T17:01:59.096-07:00
water_draw_1,2026-08-26T17:01:59.745-07:00,222.137,drawing,,open,,11.670522,3.185938,48.33,119.00,21.35,70.44,22.40,72.32,1424,1165,1065,224,WH-station1,2026-08-26T17:01:59.601-07:00
water_draw_1,2026-08-26T17:02:00.250-07:00,222.642,drawing,,open,,11.697026,3.150208,47.92,118.25,21.46,70.62,22.60,72.68,1420,1166,1058,226,WH-station1,2026-08-26T17:02:00.106-07:00
water_draw_1,2026-08-26T17:02:00.757-07:00,223.149,drawing,,open,,11.723763,3.160417,48.23,118.81,21.56,70.81,22.40,72.32,1423,1167,1060,224,WH-station1,2026-08-26T17:02:00.611-07:00
water_draw_1,2026-08-26T17:02:01.262-07:00,223.654,drawing,,open,,11.750440,3.170625,48.02,118.44,21.67,71.00,22.50,72.50,1421,1168,1062,225,WH-station1,2026-08-26T17:02:01.117-07:00
water_draw_1,2026-08-26T17:02:01.767-07:00,224.159,drawing,,open,,11.776814,3.134896,48.12,118.62,21.88,71.38,22.80,73.04,1422,1170,1055,228,WH-station1,2026-08-26T17:02:01.622-07:00
water_draw_1,2026-08-26T17:02:02.271-07:00,224.663,drawing,,open,,11.803529,3.175729,48.23,118.81,21.67,71.00,22.40,72.32,1423,1168,1063,224,WH-station1,2026-08-26T17:02:02.127-07:00
water_draw_1,2026-08-26T17:02:02.776-07:00,225.168,drawing,,open,,11.830131,3.165521,48.12,118.62,21.67,71.00,22.40,72.32,1422,1168,1061,224,WH-station1,2026-08-26T17:02:02.632-07:00
water_draw_1,2026-08-26T17:02:03.280-07:00,225.672,drawing,,open,,11.856674,3.155312,47.81,118.06,21.67,71.00,22.90,73.22,1419,1168,1059,229,WH-station1,2026-08-26T17:02:03.137-07:00
water_draw_1,2026-08-26T17:02:03.785-07:00,226.177,drawing,,open,,11.883264,3.160417,48.33,119.00,21.67,71.00,22.80,73.04,1424,1168,1060,228,WH-station1,2026-08-26T17:02:03.642-07:00
water_draw_1,2026-08-26T17:02:04.290-07:00,226.682,drawing,,open,,11.909809,3.155312,47.92,118.25,22.08,71.75,22.40,72.32,1420,1172,1059,224,WH-station1,2026-08-26T17:02:04.147-07:00
water_draw_1,2026-08-26T17:02:04.795-07:00,227.187,drawing,,open,,11.936436,3.165521,48.12,118.62,21.88,71.38,22.60,72.68,1422,1170,1061,226,WH-station1,2026-08-26T17:02:04.653-07:00
water_draw_1,2026-08-26T17:02:05.299-07:00,227.691,drawing,,open,,11.963021,3.160417,48.02,118.44,21.67,71.00,22.30,72.14,1421,1168,1060,223,WH-station1,2026-08-26T17:02:05.158-07:00
water_draw_1,2026-08-26T17:02:05.807-07:00,228.199,drawing,,open,,11.989569,3.140000,48.33,119.00,21.67,71.00,22.60,72.68,1424,1168,1056,226,WH-station1,2026-08-26T17:02:05.663-07:00
water_draw_1,2026-08-26T17:02:06.311-07:00,228.703,drawing,,open,,12.015813,3.119583,48.23,118.81,21.98,71.56,22.60,72.68,1423,1171,1052,226,WH-station1,2026-08-26T17:02:06.168-07:00
water_draw_1,2026-08-26T17:02:06.816-07:00,229.208,drawing,,open,,12.042183,3.134896,48.02,118.44,21.56,70.81,22.60,72.68,1421,1167,1055,226,WH-station1,2026-08-26T17:02:06.673-07:00
water_draw_1,2026-08-26T17:02:07.321-07:00,229.713,drawing,,open,,12.068555,3.134896,48.23,118.81,21.98,71.56,22.80,73.04,1423,1171,1055,228,WH-station1,2026-08-26T17:02:07.178-07:00
water_draw_1,2026-08-26T17:02:07.826-07:00,230.218,drawing,,open,,12.094853,3.124688,48.33,119.00,21.35,70.44,22.80,73.04,1424,1165,1053,228,WH-station1,2026-08-26T17:02:07.683-07:00
water_draw_1,2026-08-26T17:02:08.331-07:00,230.723,drawing,,open,,12.121309,3.145104,48.02,118.44,21.67,71.00,22.40,72.32,1421,1168,1057,224,WH-station1,2026-08-26T17:02:08.189-07:00
water_draw_1,2026-08-26T17:02:08.835-07:00,231.227,drawing,,open,,12.147676,3.134896,48.23,118.81,21.67,71.00,22.80,73.04,1423,1168,1055,228,WH-station1,2026-08-26T17:02:08.694-07:00
water_draw_1,2026-08-26T17:02:09.340-07:00,231.732,drawing,,open,,12.173916,3.119583,48.02,118.44,21.77,71.19,22.40,72.32,1421,1169,1052,224,WH-station1,2026-08-26T17:02:09.199-07:00
water_draw_1,2026-08-26T17:02:09.845-07:00,232.237,drawing,,open,,12.200243,3.129792,48.12,118.62,21.77,71.19,22.80,73.04,1422,1169,1054,228,WH-station1,2026-08-26T17:02:09.704-07:00
water_draw_1,2026-08-26T17:02:10.349-07:00,232.741,drawing,,open,,12.226702,3.145104,48.23,118.81,21.46,70.62,22.60,72.68,1423,1166,1057,226,WH-station1,2026-08-26T17:02:10.210-07:00
water_draw_1,2026-08-26T17:02:10.857-07:00,233.249,drawing,,open,,12.253359,3.150208,48.12,118.62,21.88,71.38,22.70,72.86,1422,1170,1058,227,WH-station1,2026-08-26T17:02:10.715-07:00
water_draw_1,2026-08-26T17:02:11.362-07:00,233.754,drawing,,open,,12.279953,3.160417,48.23,118.81,21.98,71.56,22.80,73.04,1423,1171,1060,228,WH-station1,2026-08-26T17:02:11.220-07:00
water_draw_1,2026-08-26T17:02:11.867-07:00,234.259,drawing,,open,,12.306326,3.134896,48.23,118.81,21.98,71.56,22.50,72.50,1423,1171,1055,225,WH-station1,2026-08-26T17:02:11.725-07:00
water_draw_1,2026-08-26T17:02:12.372-07:00,234.763,drawing,,open,,12.333083,3.180833,48.44,119.19,21.67,71.00,22.80,73.04,1425,1168,1064,228,WH-station1,2026-08-26T17:02:12.230-07:00
water_draw_1,2026-08-26T17:02:12.876-07:00,235.268,drawing,,open,,12.359544,3.145104,48.23,118.81,21.77,71.19,22.50,72.50,1423,1169,1057,225,WH-station1,2026-08-26T17:02:12.735-07:00
water_draw_1,2026-08-26T17:02:13.381-07:00,235.773,drawing,,open,,12.385960,3.140000,48.23,118.81,22.19,71.94,22.80,73.04,1423,1173,1056,228,WH-station1,2026-08-26T17:02:13.241-07:00
water_draw_1,2026-08-26T17:02:13.886-07:00,236.278,drawing,,open,,12.412330,3.134896,48.23,118.81,21.56,70.81,22.90,73.22,1423,1167,1055,229,WH-station1,2026-08-26T17:02:13.746-07:00
water_draw_1,2026-08-26T17:02:14.390-07:00,236.782,drawing,,open,,12.438873,3.155312,48.02,118.44,21.88,71.38,22.50,72.50,1421,1170,1059,225,WH-station1,2026-08-26T17:02:14.251-07:00
water_draw_1,2026-08-26T17:02:14.895-07:00,237.287,drawing,,open,,12.465283,3.140000,48.23,118.81,21.98,71.56,22.60,72.68,1423,1171,1056,226,WH-station1,2026-08-26T17:02:14.756-07:00
water_draw_1,2026-08-26T17:02:15.400-07:00,237.792,drawing,,open,,12.491831,3.155312,48.02,118.44,21.98,71.56,22.60,72.68,1421,1171,1059,226,WH-station1,2026-08-26T17:02:15.260-07:00
water_draw_1,2026-08-26T17:02:15.910-07:00,238.302,drawing,,open,,12.518462,3.134896,48.23,118.81,22.08,71.75,22.60,72.68,1423,1172,1055,226,WH-station1,2026-08-26T17:02:15.765-07:00
water_draw_1,2026-08-26T17:02:16.414-07:00,238.806,drawing,,open,,12.544963,3.150208,48.02,118.44,21.46,70.62,22.80,73.04,1421,1166,1058,228,WH-station1,2026-08-26T17:02:16.270-07:00
water_draw_1,2026-08-26T17:02:16.919-07:00,239.311,drawing,,open,,12.571333,3.134896,48.12,118.62,21.77,71.19,22.50,72.50,1422,1169,1055,225,WH-station1,2026-08-26T17:02:16.775-07:00
water_draw_1,2026-08-26T17:02:17.424-07:00,239.816,drawing,,open,,12.597833,3.150208,48.02,118.44,21.88,71.38,22.40,72.32,1421,1170,1058,224,WH-station1,2026-08-26T17:02:17.279-07:00
water_draw_1,2026-08-26T17:02:17.929-07:00,240.321,drawing,,open,,12.624163,3.129792,48.33,119.00,21.88,71.38,22.90,73.22,1424,1170,1054,229,WH-station1,2026-08-26T17:02:17.784-07:00
water_draw_1,2026-08-26T17:02:18.433-07:00,240.825,drawing,,open,,12.650622,3.145104,48.12,118.62,22.19,71.94,23.00,73.40,1422,1173,1057,230,WH-station1,2026-08-26T17:02:18.289-07:00
water_draw_1,2026-08-26T17:02:18.938-07:00,241.330,drawing,,open,,12.677121,3.150208,48.23,118.81,21.56,70.81,22.60,72.68,1423,1167,1058,226,WH-station1,2026-08-26T17:02:18.794-07:00
water_draw_1,2026-08-26T17:02:19.443-07:00,241.835,drawing,,open,,12.703748,3.165521,48.12,118.62,22.19,71.94,22.90,73.22,1422,1173,1061,229,WH-station1,2026-08-26T17:02:19.298-07:00
water_draw_1,2026-08-26T17:02:19.947-07:00,242.339,drawing,,open,,12.730200,3.145104,48.12,118.62,21.77,71.19,22.80,73.04,1422,1169,1057,228,WH-station1,2026-08-26T17:02:19.803-07:00
water_draw_1,2026-08-26T17:02:20.452-07:00,242.844,drawing,,open,,12.756657,3.145104,48.33,119.00,21.88,71.38,22.90,73.22,1424,1170,1057,229,WH-station1,2026-08-26T17:02:20.308-07:00
water_draw_1,2026-08-26T17:02:20.960-07:00,243.352,drawing,,open,,12.783449,3.165521,48.23,118.81,21.98,71.56,22.70,72.86,1423,1171,1061,227,WH-station1,2026-08-26T17:02:20.813-07:00
water_draw_1,2026-08-26T17:02:21.465-07:00,243.857,drawing,,open,,12.810078,3.165521,48.23,118.81,21.67,71.00,22.70,72.86,1423,1168,1061,227,WH-station1,2026-08-26T17:02:21.317-07:00
water_draw_1,2026-08-26T17:02:21.969-07:00,244.361,drawing,,open,,12.836576,3.150208,48.23,118.81,21.98,71.56,22.80,73.04,1423,1171,1058,228,WH-station1,2026-08-26T17:02:21.822-07:00
water_draw_1,2026-08-26T17:02:22.474-07:00,244.866,drawing,,open,,12.863123,3.155312,48.12,118.62,21.98,71.56,22.70,72.86,1422,1171,1059,227,WH-station1,2026-08-26T17:02:22.327-07:00
water_draw_1,2026-08-26T17:02:22.979-07:00,245.371,drawing,,open,,12.889495,3.134896,48.23,118.81,21.98,71.56,22.80,73.04,1423,1171,1055,228,WH-station1,2026-08-26T17:02:22.832-07:00
water_draw_1,2026-08-26T17:02:23.484-07:00,245.876,drawing,,open,,12.916120,3.165521,48.44,119.19,21.77,71.19,22.60,72.68,1425,1169,1061,226,WH-station1,2026-08-26T17:02:23.336-07:00
water_draw_1,2026-08-26T17:02:23.988-07:00,246.380,drawing,,open,,12.942487,3.134896,48.44,119.19,21.77,71.19,22.80,73.04,1425,1169,1055,228,WH-station1,2026-08-26T17:02:23.841-07:00
water_draw_1,2026-08-26T17:02:24.493-07:00,246.885,drawing,,open,,12.968984,3.150208,48.33,119.00,22.40,72.31,22.70,72.86,1424,1175,1058,227,WH-station1,2026-08-26T17:02:24.346-07:00
water_draw_1,2026-08-26T17:02:24.998-07:00,247.390,drawing,,open,,12.995314,3.129792,48.44,119.19,22.08,71.75,22.60,72.68,1425,1172,1054,226,WH-station1,2026-08-26T17:02:24.851-07:00
water_draw_1,2026-08-26T17:02:25.503-07:00,247.894,drawing,,open,,13.021986,3.170625,48.44,119.19,21.98,71.56,22.90,73.22,1425,1171,1062,229,WH-station1,2026-08-26T17:02:25.355-07:00
water_draw_1,2026-08-26T17:02:26.011-07:00,248.403,drawing,,open,,13.048669,3.150208,48.23,118.81,22.08,71.75,22.60,72.68,1423,1172,1058,226,WH-station1,2026-08-26T17:02:25.860-07:00
water_draw_1,2026-08-26T17:02:26.515-07:00,248.907,drawing,,open,,13.075129,3.145104,48.23,118.81,21.56,70.81,22.70,72.86,1423,1167,1057,227,WH-station1,2026-08-26T17:02:26.365-07:00
water_draw_1,2026-08-26T17:02:27.020-07:00,249.412,drawing,,open,,13.101675,3.155312,48.12,118.62,21.77,71.19,22.80,73.04,1422,1169,1059,228,WH-station1,2026-08-26T17:02:26.870-07:00
water_draw_1,2026-08-26T17:02:27.525-07:00,249.917,drawing,,open,,13.128175,3.150208,48.12,118.62,22.08,71.75,22.80,73.04,1422,1172,1058,228,WH-station1,2026-08-26T17:02:27.375-07:00
water_draw_1,2026-08-26T17:02:28.030-07:00,250.422,drawing,,open,,13.154637,3.145104,48.33,119.00,21.88,71.38,22.30,72.14,1424,1170,1057,223,WH-station1,2026-08-26T17:02:27.879-07:00
water_draw_1,2026-08-26T17:02:28.534-07:00,250.926,drawing,,open,,13.181183,3.155312,48.33,119.00,22.29,72.12,23.00,73.40,1424,1174,1059,230,WH-station1,2026-08-26T17:02:28.384-07:00
water_draw_1,2026-08-26T17:02:29.039-07:00,251.431,drawing,,open,,13.207594,3.140000,48.23,118.81,21.88,71.38,22.70,72.86,1423,1170,1056,227,WH-station1,2026-08-26T17:02:28.889-07:00
water_draw_1,2026-08-26T17:02:29.544-07:00,251.936,drawing,,open,,13.234396,3.185938,48.33,119.00,22.29,72.12,22.90,73.22,1424,1174,1065,229,WH-station1,2026-08-26T17:02:29.394-07:00
water_draw_1,2026-08-26T17:02:30.049-07:00,252.441,drawing,,open,,13.261069,3.170625,48.12,118.62,21.98,71.56,22.60,72.68,1422,1171,1062,226,WH-station1,2026-08-26T17:02:29.898-07:00
water_draw_1,2026-08-26T17:02:30.554-07:00,252.945,drawing,,open,,13.287488,3.140000,48.12,118.62,21.98,71.56,22.60,72.68,1422,1171,1056,226,WH-station1,2026-08-26T17:02:30.403-07:00
water_draw_1,2026-08-26T17:02:31.061-07:00,253.453,drawing,,open,,13.314269,3.165521,48.12,118.62,22.29,72.12,22.70,72.86,1422,1174,1061,227,WH-station1,2026-08-26T17:02:30.908-07:00
water_draw_1,2026-08-26T17:02:31.566-07:00,253.958,drawing,,open,,13.340902,3.165521,48.12,118.62,21.77,71.19,22.90,73.22,1422,1169,1061,229,WH-station1,2026-08-26T17:02:31.413-07:00
water_draw_1,2026-08-26T17:02:32.071-07:00,254.463,drawing,,open,,13.367487,3.160417,48.44,119.19,22.08,71.75,22.80,73.04,1425,1172,1060,228,WH-station1,2026-08-26T17:02:31.919-07:00
water_draw_1,2026-08-26T17:02:32.575-07:00,254.967,drawing,,open,,13.394201,3.175729,48.23,118.81,22.08,71.75,22.60,72.68,1423,1172,1063,226,WH-station1,2026-08-26T17:02:32.424-07:00
water_draw_1,2026-08-26T17:02:33.080-07:00,255.472,drawing,,open,,13.420700,3.150208,48.12,118.62,21.98,71.56,22.40,72.32,1422,1171,1058,224,WH-station1,2026-08-26T17:02:32.929-07:00
water_draw_1,2026-08-26T17:02:33.585-07:00,255.977,drawing,,open,,13.447157,3.145104,48.54,119.38,21.98,71.56,22.50,72.50,1426,1171,1057,225,WH-station1,2026-08-26T17:02:33.434-07:00
water_draw_1,2026-08-26T17:02:34.090-07:00,256.482,drawing,,open,,13.474004,3.191042,48.44,119.19,21.77,71.19,22.60,72.68,1425,1169,1066,226,WH-station1,2026-08-26T17:02:33.938-07:00
water_draw_1,2026-08-26T17:02:34.594-07:00,256.986,drawing,,open,,13.500847,3.191042,48.44,119.19,21.98,71.56,22.60,72.68,1425,1171,1066,226,WH-station1,2026-08-26T17:02:34.443-07:00
water_draw_1,2026-08-26T17:02:35.099-07:00,257.491,drawing,,open,,13.527604,3.180833,48.44,119.19,21.98,71.56,22.40,72.32,1425,1171,1064,224,WH-station1,2026-08-26T17:02:34.948-07:00
water_draw_1,2026-08-26T17:02:35.604-07:00,257.996,drawing,,open,,13.554016,3.140000,48.23,118.81,22.19,71.94,22.70,72.86,1423,1173,1056,227,WH-station1,2026-08-26T17:02:35.453-07:00
water_draw_1,2026-08-26T17:02:36.112-07:00,258.504,drawing,,open,,13.580956,3.180833,48.23,118.81,22.19,71.94,22.80,73.04,1423,1173,1064,228,WH-station1,2026-08-26T17:02:35.958-07:00
water_draw_1,2026-08-26T17:02:36.615-07:00,259.009,drawing,,open,,13.607542,3.160417,48.23,118.81,21.98,71.56,22.70,72.86,1423,1171,1060,227,WH-station1,2026-08-26T17:02:36.462-07:00
water_draw_1,2026-08-26T17:02:37.118-07:00,259.512,drawing,,open,,13.634014,3.155312,47.92,118.25,21.77,71.19,22.60,72.68,1420,1169,1059,226,WH-station1,2026-08-26T17:02:36.968-07:00
water_draw_1,2026-08-26T17:02:37.620-07:00,260.014,drawing,,open,,13.660458,3.160417,48.44,119.19,21.77,71.19,22.90,73.22,1425,1169,1060,229,WH-station1,2026-08-26T17:02:37.472-07:00
water_draw_1,2026-08-26T17:02:38.122-07:00,260.516,drawing,,open,,13.686730,3.140000,48.44,119.19,22.29,72.12,22.70,72.86,1425,1174,1056,227,WH-station1,2026-08-26T17:02:37.977-07:00
water_draw_1,2026-08-26T17:02:38.624-07:00,261.018,drawing,,open,,13.713341,3.180833,48.44,119.19,22.19,71.94,22.90,73.22,1425,1173,1064,229,WH-station1,2026-08-26T17:02:38.482-07:00
water_draw_1,2026-08-26T17:02:39.126-07:00,261.520,drawing,,open,,13.739780,3.160417,48.33,119.00,21.88,71.38,22.50,72.50,1424,1170,1060,225,WH-station1,2026-08-26T17:02:38.986-07:00
water_draw_1,2026-08-26T17:02:39.628-07:00,262.022,drawing,,open,,13.765454,3.068542,48.54,119.38,21.98,71.56,22.60,72.68,1426,1171,1042,226,WH-station1,2026-08-26T17:02:39.491-07:00
water_draw_1,2026-08-26T17:02:40.129-07:00,262.524,drawing,,open,,13.789716,2.900104,48.54,119.38,21.98,71.56,23.00,73.40,1426,1171,1009,230,WH-station1,2026-08-26T17:02:39.996-07:00
water_draw_1,2026-08-26T17:02:40.631-07:00,263.026,drawing,,open,,13.814491,2.961354,48.44,119.19,22.08,71.75,22.60,72.68,1425,1172,1021,226,WH-station1,2026-08-26T17:02:40.501-07:00
water_draw_1,2026-08-26T17:02:41.142-07:00,263.537,drawing,,open,,13.840698,3.078750,48.23,118.81,22.19,71.94,22.90,73.22,1423,1173,1044,229,WH-station1,2026-08-26T17:02:41.006-07:00
water_draw_1,2026-08-26T17:02:41.647-07:00,264.039,drawing,,open,,13.866164,3.043021,48.44,119.19,21.88,71.38,22.50,72.50,1425,1170,1037,225,WH-station1,2026-08-26T17:02:41.510-07:00
water_draw_1,2026-08-26T17:02:42.151-07:00,264.543,drawing,,open,,13.889788,2.808229,48.12,118.62,22.19,71.94,22.90,73.22,1422,1173,991,229,WH-station1,2026-08-26T17:02:42.015-07:00
water_draw_1,2026-08-26T17:02:42.656-07:00,265.048,drawing,,open,,13.914054,2.884792,48.44,119.19,22.50,72.50,22.50,72.50,1425,1176,1006,225,WH-station1,2026-08-26T17:02:42.520-07:00
water_draw_1,2026-08-26T17:02:43.161-07:00,265.553,drawing,,open,,13.939526,3.027708,48.33,119.00,22.60,72.69,22.60,72.68,1424,1177,1034,226,WH-station1,2026-08-26T17:02:43.025-07:00
water_draw_1,2026-08-26T17:02:43.666-07:00,266.058,drawing,,open,,13.965857,3.129792,48.33,119.00,22.50,72.50,22.80,73.04,1424,1176,1054,228,WH-station1,2026-08-26T17:02:43.529-07:00
water_draw_1,2026-08-26T17:02:44.170-07:00,266.562,drawing,,open,,13.991323,3.027708,48.33,119.00,22.08,71.75,22.80,73.04,1424,1172,1034,228,WH-station1,2026-08-26T17:02:44.034-07:00
water_draw_1,2026-08-26T17:02:44.675-07:00,267.067,drawing,,open,,14.016923,3.043021,48.23,118.81,22.19,71.94,22.50,72.50,1423,1173,1037,225,WH-station1,2026-08-26T17:02:44.539-07:00
water_draw_1,2026-08-26T17:02:45.180-07:00,267.572,drawing,,open,,14.042946,3.094063,48.44,119.19,22.29,72.12,22.50,72.50,1425,1174,1047,225,WH-station1,2026-08-26T17:02:45.043-07:00
water_draw_1,2026-08-26T17:02:45.684-07:00,268.076,drawing,,open,,14.069272,3.129792,48.44,119.19,22.29,72.12,22.40,72.32,1425,1174,1054,224,WH-station1,2026-08-26T17:02:45.548-07:00
water_draw_1,2026-08-26T17:02:46.192-07:00,268.584,drawing,,open,,14.095669,3.119583,48.23,118.81,22.40,72.31,22.90,73.22,1423,1175,1052,229,WH-station1,2026-08-26T17:02:46.053-07:00
water_draw_1,2026-08-26T17:02:46.697-07:00,269.089,drawing,,open,,14.122210,3.155312,48.44,119.19,22.40,72.31,22.80,73.04,1425,1175,1059,228,WH-station1,2026-08-26T17:02:46.558-07:00
water_draw_1,2026-08-26T17:02:47.202-07:00,269.594,drawing,,open,,14.148883,3.170625,48.12,118.62,22.19,71.94,22.90,73.22,1422,1173,1062,229,WH-station1,2026-08-26T17:02:47.062-07:00
water_draw_1,2026-08-26T17:02:47.706-07:00,270.098,drawing,,open,,14.175427,3.155312,48.23,118.81,22.19,71.94,23.00,73.40,1423,1173,1059,230,WH-station1,2026-08-26T17:02:47.567-07:00
water_draw_1,2026-08-26T17:02:48.211-07:00,270.603,drawing,,open,,14.201883,3.145104,48.44,119.19,22.19,71.94,23.10,73.58,1425,1173,1057,231,WH-station1,2026-08-26T17:02:48.072-07:00
water_draw_1,2026-08-26T17:02:48.716-07:00,271.108,drawing,,open,,14.228473,3.160417,48.23,118.81,22.29,72.12,22.90,73.22,1423,1174,1060,229,WH-station1,2026-08-26T17:02:48.577-07:00
water_draw_1,2026-08-26T17:02:49.221-07:00,271.613,drawing,,open,,14.255059,3.160417,48.44,119.19,22.19,71.94,22.80,73.04,1425,1173,1060,228,WH-station1,2026-08-26T17:02:49.081-07:00
water_draw_1,2026-08-26T17:02:49.725-07:00,272.117,drawing,,open,,14.281605,3.155312,48.44,119.19,21.98,71.56,22.50,72.50,1425,1171,1059,225,WH-station1,2026-08-26T17:02:49.586-07:00
water_draw_1,2026-08-26T17:02:50.230-07:00,272.622,drawing,,open,,14.307933,3.129792,48.33,119.00,22.60,72.69,22.90,73.22,1424,1177,1054,229,WH-station1,2026-08-26T17:02:50.091-07:00
water_draw_1,2026-08-26T17:02:50.735-07:00,273.127,drawing,,open,,14.334472,3.155312,48.44,119.19,22.19,71.94,22.80,73.04,1425,1173,1059,228,WH-station1,2026-08-26T17:02:50.596-07:00
water_draw_1,2026-08-26T17:02:51.242-07:00,273.634,drawing,,open,,14.360933,3.129792,48.44,119.19,22.29,72.12,22.70,72.86,1425,1174,1054,227,WH-station1,2026-08-26T17:02:51.100-07:00
water_draw_1,2026-08-26T17:02:51.747-07:00,274.139,drawing,,open,,14.387132,3.114479,48.54,119.38,22.19,71.94,22.70,72.86,1426,1173,1051,227,WH-station1,2026-08-26T17:02:51.605-07:00
water_draw_1,2026-08-26T17:02:52.251-07:00,274.643,drawing,,open,,14.413499,3.134896,48.54,119.38,22.19,71.94,22.80,73.04,1426,1173,1055,228,WH-station1,2026-08-26T17:02:52.110-07:00
water_draw_1,2026-08-26T17:02:52.756-07:00,275.148,drawing,,open,,14.439826,3.129792,48.23,118.81,22.08,71.75,22.50,72.50,1423,1172,1054,225,WH-station1,2026-08-26T17:02:52.615-07:00
water_draw_1,2026-08-26T17:02:53.261-07:00,275.653,drawing,,open,,14.466069,3.119583,48.33,119.00,21.77,71.19,22.60,72.68,1424,1169,1052,226,WH-station1,2026-08-26T17:02:53.119-07:00
water_draw_1,2026-08-26T17:02:53.766-07:00,276.158,drawing,,open,,14.492400,3.129792,48.44,119.19,21.98,71.56,23.00,73.40,1425,1171,1054,230,WH-station1,2026-08-26T17:02:53.624-07:00
water_draw_1,2026-08-26T17:02:54.270-07:00,276.662,drawing,,open,,14.518688,3.124688,48.33,119.00,22.60,72.69,22.60,72.68,1424,1177,1053,226,WH-station1,2026-08-26T17:02:54.129-07:00
water_draw_1,2026-08-26T17:02:54.775-07:00,277.167,drawing,,open,,14.545101,3.140000,48.54,119.38,22.71,72.88,22.60,72.68,1426,1178,1056,226,WH-station1,2026-08-26T17:02:54.631-07:00
water_draw_1,2026-08-26T17:02:55.280-07:00,277.672,drawing,,open,,14.571641,3.155312,48.44,119.19,22.29,72.12,22.50,72.50,1425,1174,1059,225,WH-station1,2026-08-26T17:02:55.133-07:00
water_draw_1,2026-08-26T17:02:55.785-07:00,278.176,drawing,,open,,14.598224,3.160417,48.23,118.81,22.50,72.50,22.90,73.22,1423,1176,1060,229,WH-station1,2026-08-26T17:02:55.635-07:00
water_draw_1,2026-08-26T17:02:56.293-07:00,278.685,drawing,,open,,14.624698,3.124688,48.23,118.81,22.40,72.31,22.70,72.86,1423,1175,1053,227,WH-station1,2026-08-26T17:02:56.137-07:00
water_draw_1,2026-08-26T17:02:56.798-07:00,279.190,drawing,,open,,14.651122,3.140000,48.33,119.00,22.60,72.69,22.90,73.22,1424,1177,1056,229,WH-station1,2026-08-26T17:02:56.639-07:00
water_draw_1,2026-08-26T17:02:57.302-07:00,279.694,drawing,,open,,14.677535,3.140000,48.54,119.38,22.50,72.50,22.70,72.86,1426,1176,1056,227,WH-station1,2026-08-26T17:02:57.141-07:00
water_draw_1,2026-08-26T17:02:57.807-07:00,280.199,drawing,,open,,14.703951,3.140000,48.54,119.38,22.50,72.50,22.80,73.04,1426,1176,1056,228,WH-station1,2026-08-26T17:02:57.643-07:00
water_draw_1,2026-08-26T17:02:58.312-07:00,280.704,drawing,,open,,14.730537,3.160417,48.44,119.19,22.19,71.94,22.40,72.32,1425,1173,1060,224,WH-station1,2026-08-26T17:02:58.145-07:00
water_draw_1,2026-08-26T17:02:58.817-07:00,281.209,drawing,,open,,14.757082,3.155312,48.44,119.19,22.29,72.12,22.60,72.68,1425,1174,1059,226,WH-station1,2026-08-26T17:02:58.647-07:00
water_draw_1,2026-08-26T17:02:59.322-07:00,281.714,drawing,,open,,14.783509,3.140000,48.23,118.81,22.29,72.12,22.50,72.50,1423,1174,1056,225,WH-station1,2026-08-26T17:02:59.149-07:00
water_draw_1,2026-08-26T17:02:59.826-07:00,282.218,drawing,,open,,14.810007,3.150208,48.44,119.19,22.50,72.50,22.70,72.86,1425,1176,1058,227,WH-station1,2026-08-26T17:02:59.653-07:00
water_draw_1,2026-08-26T17:03:00.331-07:00,282.723,drawing,,open,,14.836465,3.145104,48.44,119.19,22.40,72.31,22.60,72.68,1425,1175,1057,226,WH-station1,2026-08-26T17:03:00.158-07:00
water_draw_1,2026-08-26T17:03:00.836-07:00,283.228,drawing,,open,,14.863094,3.165521,48.33,119.00,22.19,71.94,23.00,73.40,1424,1173,1061,230,WH-station1,2026-08-26T17:03:00.663-07:00
water_draw_1,2026-08-26T17:03:01.341-07:00,283.733,drawing,,open,,14.889730,3.165521,48.65,119.56,22.71,72.88,22.60,72.68,1427,1178,1061,226,WH-station1,2026-08-26T17:03:01.167-07:00
water_draw_1,2026-08-26T17:03:01.846-07:00,284.238,drawing,,open,,14.916282,3.155312,48.54,119.38,22.19,71.94,22.90,73.22,1426,1173,1059,229,WH-station1,2026-08-26T17:03:01.672-07:00
water_draw_1,2026-08-26T17:03:02.351-07:00,284.742,drawing,,open,,14.943090,3.185938,48.33,119.00,22.60,72.69,22.70,72.86,1424,1177,1065,227,WH-station1,2026-08-26T17:03:02.177-07:00
water_draw_1,2026-08-26T17:03:02.855-07:00,285.247,drawing,,open,,14.969762,3.170625,48.65,119.56,22.50,72.50,22.70,72.86,1427,1176,1062,227,WH-station1,2026-08-26T17:03:02.681-07:00
water_draw_1,2026-08-26T17:03:03.360-07:00,285.752,drawing,,open,,14.996263,3.150208,48.54,119.38,22.71,72.88,22.90,73.22,1426,1178,1058,229,WH-station1,2026-08-26T17:03:03.186-07:00
water_draw_1,2026-08-26T17:03:03.865-07:00,286.257,drawing,,open,,15.022760,3.150208,48.54,119.38,22.71,72.88,22.90,73.22,1426,1178,1058,229,WH-station1,2026-08-26T17:03:03.691-07:00
water_draw_1,2026-08-26T17:03:04.369-07:00,286.761,drawing,,open,,15.049346,3.160417,48.54,119.38,22.60,72.69,22.90,73.22,1426,1177,1060,229,WH-station1,2026-08-26T17:03:04.195-07:00
water_draw_1,2026-08-26T17:03:04.874-07:00,287.266,drawing,,open,,15.076146,3.185938,48.44,119.19,22.60,72.69,22.90,73.22,1425,1177,1065,229,WH-station1,2026-08-26T17:03:04.700-07:00
water_draw_1,2026-08-26T17:03:05.379-07:00,287.771,drawing,,open,,15.102775,3.165521,48.54,119.38,22.60,72.69,22.80,73.04,1426,1177,1061,228,WH-station1,2026-08-26T17:03:05.205-07:00
water_draw_1,2026-08-26T17:03:05.884-07:00,288.276,drawing,,open,,15.129188,3.140000,48.33,119.00,22.50,72.50,22.70,72.86,1424,1176,1056,227,WH-station1,2026-08-26T17:03:05.710-07:00
water_draw_1,2026-08-26T17:03:06.391-07:00,288.783,drawing,,open,,15.156013,3.170625,48.65,119.56,22.60,72.69,22.80,73.04,1427,1177,1062,228,WH-station1,2026-08-26T17:03:06.215-07:00
water_draw_1,2026-08-26T17:03:06.896-07:00,289.288,drawing,,open,,15.182556,3.155312,48.54,119.38,22.40,72.31,22.80,73.04,1426,1175,1059,228,WH-station1,2026-08-26T17:03:06.719-07:00
water_draw_1,2026-08-26T17:03:07.401-07:00,289.793,drawing,,open,,15.209185,3.165521,48.75,119.75,22.29,72.12,22.60,72.68,1428,1174,1061,226,WH-station1,2026-08-26T17:03:07.224-07:00
water_draw_1,2026-08-26T17:03:07.907-07:00,290.297,drawing,,open,,15.235818,3.165521,48.65,119.56,22.60,72.69,22.60,72.68,1427,1177,1061,226,WH-station1,2026-08-26T17:03:07.729-07:00
water_draw_1,2026-08-26T17:03:08.411-07:00,290.803,drawing,,open,,15.262381,3.150208,48.44,119.19,22.40,72.31,22.60,72.68,1425,1175,1058,226,WH-station1,2026-08-26T17:03:08.234-07:00
water_draw_1,2026-08-26T17:03:08.917-07:00,291.308,drawing,,open,,15.288924,3.155312,48.75,119.75,22.60,72.69,23.00,73.40,1428,1177,1059,230,WH-station1,2026-08-26T17:03:08.738-07:00
water_draw_1,2026-08-26T17:03:09.422-07:00,291.814,drawing,,open,,15.315542,3.155312,48.54,119.38,22.81,73.06,22.40,72.32,1426,1179,1059,224,WH-station1,2026-08-26T17:03:09.243-07:00
water_draw_1,2026-08-26T17:03:09.928-07:00,292.319,drawing,,open,,15.342126,3.160417,48.54,119.38,22.50,72.50,22.90,73.22,1426,1176,1060,229,WH-station1,2026-08-26T17:03:09.748-07:00
water_draw_1,2026-08-26T17:03:10.433-07:00,292.825,drawing,,open,,15.368386,3.114479,48.44,119.19,22.71,72.88,22.60,72.68,1425,1178,1051,226,WH-station1,2026-08-26T17:03:10.253-07:00
water_draw_1,2026-08-26T17:03:10.938-07:00,293.330,drawing,,open,,15.395020,3.165521,48.65,119.56,22.71,72.88,22.60,72.68,1427,1178,1061,226,WH-station1,2026-08-26T17:03:10.758-07:00
water_draw_1,2026-08-26T17:03:11.445-07:00,293.837,drawing,,open,,15.421654,3.150208,48.54,119.38,22.40,72.31,22.80,73.04,1426,1175,1058,228,WH-station1,2026-08-26T17:03:11.262-07:00
water_draw_1,2026-08-26T17:03:11.950-07:00,294.342,drawing,,open,,15.448081,3.140000,48.65,119.56,22.19,71.94,22.50,72.50,1427,1173,1056,225,WH-station1,2026-08-26T17:03:11.767-07:00
water_draw_1,2026-08-26T17:03:12.455-07:00,294.847,drawing,,open,,15.474408,3.129792,48.54,119.38,22.60,72.69,22.50,72.50,1426,1177,1054,225,WH-station1,2026-08-26T17:03:12.272-07:00
water_draw_1,2026-08-26T17:03:12.959-07:00,295.351,drawing,,open,,15.500953,3.155312,48.65,119.56,22.71,72.88,22.70,72.86,1427,1178,1059,227,WH-station1,2026-08-26T17:03:12.777-07:00
water_draw_1,2026-08-26T17:03:13.464-07:00,295.856,drawing,,open,,15.527452,3.150208,48.44,119.19,22.60,72.69,22.60,72.68,1425,1177,1058,226,WH-station1,2026-08-26T17:03:13.281-07:00
water_draw_1,2026-08-26T17:03:13.969-07:00,296.361,drawing,,open,,15.553735,3.124688,48.44,119.19,22.40,72.31,22.80,73.04,1425,1175,1053,228,WH-station1,2026-08-26T17:03:13.786-07:00
water_draw_1,2026-08-26T17:03:14.474-07:00,296.865,drawing,,open,,15.580321,3.160417,48.54,119.38,22.92,73.25,22.80,73.04,1426,1180,1060,228,WH-station1,2026-08-26T17:03:14.291-07:00
water_draw_1,2026-08-26T17:03:14.978-07:00,297.370,drawing,,open,,15.606995,3.170625,48.54,119.38,22.81,73.06,22.60,72.68,1426,1179,1062,226,WH-station1,2026-08-26T17:03:14.796-07:00
water_draw_1,2026-08-26T17:03:15.483-07:00,297.875,drawing,,open,,15.633665,3.170625,48.75,119.75,22.40,72.31,22.70,72.86,1428,1175,1062,227,WH-station1,2026-08-26T17:03:15.300-07:00
water_draw_1,2026-08-26T17:03:15.988-07:00,298.380,drawing,,open,,15.660253,3.160417,48.44,119.19,22.81,73.06,22.80,73.04,1425,1179,1060,228,WH-station1,2026-08-26T17:03:15.805-07:00
water_draw_1,2026-08-26T17:03:16.496-07:00,298.887,drawing,,open,,15.686911,3.150208,48.44,119.19,22.71,72.88,22.90,73.22,1425,1178,1058,229,WH-station1,2026-08-26T17:03:16.310-07:00
water_draw_1,2026-08-26T17:03:17.000-07:00,299.392,drawing,,open,,15.713240,3.129792,48.54,119.38,22.81,73.06,22.40,72.32,1426,1179,1054,224,WH-station1,2026-08-26T17:03:16.815-07:00
water_draw_1,2026-08-26T17:03:17.505-07:00,299.897,drawing,,open,,15.740040,3.185938,48.54,119.38,22.60,72.69,22.90,73.22,1426,1177,1065,229,WH-station1,2026-08-26T17:03:17.320-07:00
water_draw_1,2026-08-26T17:03:18.010-07:00,300.402,drawing,,open,,15.766803,3.180833,48.75,119.75,22.60,72.69,22.70,72.86,1428,1177,1064,227,WH-station1,2026-08-26T17:03:17.824-07:00
water_draw_1,2026-08-26T17:03:18.514-07:00,300.906,drawing,,open,,15.793600,3.185938,48.75,119.75,22.71,72.88,22.50,72.50,1428,1178,1065,225,WH-station1,2026-08-26T17:03:18.329-07:00
water_draw_1,2026-08-26T17:03:19.019-07:00,301.411,drawing,,open,,15.820313,3.175729,48.23,118.81,22.92,73.25,22.70,72.86,1423,1180,1063,227,WH-station1,2026-08-26T17:03:18.834-07:00
water_draw_1,2026-08-26T17:03:19.524-07:00,301.916,drawing,,open,,15.846851,3.155312,48.54,119.38,22.71,72.88,22.80,73.04,1426,1178,1059,228,WH-station1,2026-08-26T17:03:19.339-07:00
water_draw_1,2026-08-26T17:03:20.029-07:00,302.421,drawing,,open,,15.873266,3.140000,48.75,119.75,22.50,72.50,22.60,72.68,1428,1176,1056,226,WH-station1,2026-08-26T17:03:19.843-07:00
water_draw_1,2026-08-26T17:03:20.533-07:00,302.925,drawing,,open,,15.899854,3.160417,48.65,119.56,22.71,72.88,22.90,73.22,1427,1178,1060,229,WH-station1,2026-08-26T17:03:20.348-07:00
water_draw_1,2026-08-26T17:03:21.038-07:00,303.430,drawing,,open,,15.926700,3.191042,48.65,119.56,22.60,72.69,22.60,72.68,1427,1177,1066,226,WH-station1,2026-08-26T17:03:20.853-07:00
water_draw_1,2026-08-26T17:03:21.545-07:00,303.937,drawing,,open,,15.953285,3.145104,48.54,119.38,22.60,72.69,22.70,72.86,1426,1177,1057,227,WH-station1,2026-08-26T17:03:21.358-07:00
water_draw_1,2026-08-26T17:03:22.050-07:00,304.442,drawing,,open,,15.979876,3.160417,48.65,119.56,22.50,72.50,22.80,73.04,1427,1176,1060,228,WH-station1,2026-08-26T17:03:21.862-07:00
water_draw_1,2026-08-26T17:03:22.555-07:00,304.947,drawing,,open,,16.006420,3.155312,48.75,119.75,22.92,73.25,22.90,73.22,1428,1180,1059,229,WH-station1,2026-08-26T17:03:22.367-07:00
water_draw_1,2026-08-26T17:03:23.060-07:00,305.452,drawing,,open,,16.033006,3.160417,48.75,119.75,22.60,72.69,23.00,73.40,1428,1177,1060,230,WH-station1,2026-08-26T17:03:22.872-07:00
water_draw_1,2026-08-26T17:03:23.564-07:00,305.956,drawing,,open,,16.059766,3.180833,48.65,119.56,22.81,73.06,22.60,72.68,1427,1179,1064,226,WH-station1,2026-08-26T17:03:23.377-07:00
water_draw_1,2026-08-26T17:03:24.069-07:00,306.461,drawing,,open,,16.086223,3.145104,48.75,119.75,22.60,72.69,23.00,73.40,1428,1177,1057,230,WH-station1,2026-08-26T17:03:23.881-07:00
water_draw_1,2026-08-26T17:03:24.574-07:00,306.966,drawing,,open,,16.112763,3.155312,48.65,119.56,22.40,72.31,22.70,72.86,1427,1175,1059,227,WH-station1,2026-08-26T17:03:24.386-07:00
water_draw_1,2026-08-26T17:03:25.078-07:00,307.470,drawing,,open,,16.139347,3.160417,48.44,119.19,23.02,73.44,22.60,72.68,1425,1181,1060,226,WH-station1,2026-08-26T17:03:24.891-07:00
water_draw_1,2026-08-26T17:03:25.583-07:00,307.975,drawing,,open,,16.165716,3.134896,48.65,119.56,22.81,73.06,22.90,73.22,1427,1179,1055,229,WH-station1,2026-08-26T17:03:25.396-07:00
water_draw_1,2026-08-26T17:03:26.088-07:00,308.480,drawing,,open,,16.192304,3.160417,48.75,119.75,22.50,72.50,22.70,72.86,1428,1176,1060,227,WH-station1,2026-08-26T17:03:25.901-07:00
water_draw_1,2026-08-26T17:03:26.596-07:00,308.988,drawing,,open,,16.219069,3.160417,48.44,119.19,22.60,72.69,22.70,72.86,1425,1177,1060,227,WH-station1,2026-08-26T17:03:26.405-07:00
water_draw_1,2026-08-26T17:03:27.101-07:00,309.493,drawing,,open,,16.245443,3.134896,48.44,119.19,22.60,72.69,22.60,72.68,1425,1177,1055,226,WH-station1,2026-08-26T17:03:26.910-07:00
water_draw_1,2026-08-26T17:03:27.606-07:00,309.998,drawing,,open,,16.271863,3.140000,48.65,119.56,22.81,73.06,22.80,73.04,1427,1179,1056,228,WH-station1,2026-08-26T17:03:27.415-07:00
water_draw_1,2026-08-26T17:03:28.110-07:00,310.502,drawing,,open,,16.298410,3.155312,48.65,119.56,22.81,73.06,22.50,72.50,1427,1179,1059,225,WH-station1,2026-08-26T17:03:27.919-07:00
water_draw_1,2026-08-26T17:03:28.615-07:00,311.007,drawing,,open,,16.324950,3.155312,48.65,119.56,22.50,72.50,22.50,72.50,1427,1176,1059,225,WH-station1,2026-08-26T17:03:28.424-07:00
water_draw_1,2026-08-26T17:03:29.120-07:00,311.512,drawing,,open,,16.351717,3.180833,48.23,118.81,22.60,72.69,22.70,72.86,1423,1177,1064,227,WH-station1,2026-08-26T17:03:28.929-07:00
water_draw_1,2026-08-26T17:03:29.625-07:00,312.017,drawing,,open,,16.378257,3.155312,48.54,119.38,22.92,73.25,22.80,73.04,1426,1180,1059,228,WH-station1,2026-08-26T17:03:29.434-07:00
water_draw_1,2026-08-26T17:03:30.130-07:00,312.521,drawing,,open,,16.404930,3.170625,48.75,119.75,22.81,73.06,22.50,72.50,1428,1179,1062,225,WH-station1,2026-08-26T17:03:29.938-07:00
water_draw_1,2026-08-26T17:03:30.634-07:00,313.026,drawing,,open,,16.431434,3.150208,48.65,119.56,22.71,72.88,22.80,73.04,1427,1178,1058,228,WH-station1,2026-08-26T17:03:30.443-07:00
water_draw_1,2026-08-26T17:03:31.139-07:00,313.531,drawing,,open,,16.457848,3.140000,48.54,119.38,22.92,73.25,22.80,73.04,1426,1180,1056,228,WH-station1,2026-08-26T17:03:30.948-07:00
water_draw_1,2026-08-26T17:03:31.647-07:00,314.039,drawing,,open,,16.484630,3.165521,48.65,119.56,22.71,72.88,22.90,73.22,1427,1178,1061,229,WH-station1,2026-08-26T17:03:31.453-07:00
water_draw_1,2026-08-26T17:03:32.151-07:00,314.543,drawing,,open,,16.511222,3.160417,48.65,119.56,22.81,73.06,22.90,73.22,1427,1179,1060,229,WH-station1,2026-08-26T17:03:31.958-07:00
water_draw_1,2026-08-26T17:03:32.656-07:00,315.048,drawing,,open,,16.537764,3.155312,48.75,119.75,22.81,73.06,22.90,73.22,1428,1179,1059,229,WH-station1,2026-08-26T17:03:32.462-07:00
water_draw_1,2026-08-26T17:03:33.161-07:00,315.553,drawing,,open,,16.564290,3.150208,48.85,119.94,23.12,73.62,22.90,73.22,1429,1182,1058,229,WH-station1,2026-08-26T17:03:32.967-07:00
water_draw_1,2026-08-26T17:03:33.666-07:00,316.058,drawing,,open,,16.590709,3.140000,48.54,119.38,22.92,73.25,22.70,72.86,1426,1180,1056,227,WH-station1,2026-08-26T17:03:33.472-07:00
water_draw_1,2026-08-26T17:03:34.171-07:00,316.563,drawing,,open,,16.617299,3.160417,48.54,119.38,22.81,73.06,22.70,72.86,1426,1179,1060,227,WH-station1,2026-08-26T17:03:33.977-07:00
water_draw_1,2026-08-26T17:03:34.676-07:00,317.068,drawing,,open,,16.644011,3.175729,48.75,119.75,22.81,73.06,22.80,73.04,1428,1179,1063,228,WH-station1,2026-08-26T17:03:34.481-07:00
water_draw_1,2026-08-26T17:03:35.180-07:00,317.572,drawing,,open,,16.670853,3.191042,48.75,119.75,22.60,72.69,22.90,73.22,1428,1177,1066,229,WH-station1,2026-08-26T17:03:34.986-07:00
water_draw_1,2026-08-26T17:03:35.685-07:00,318.077,drawing,,open,,16.697523,3.170625,48.54,119.38,22.60,72.69,22.80,73.04,1426,1177,1062,228,WH-station1,2026-08-26T17:03:35.491-07:00
water_draw_1,2026-08-26T17:03:36.190-07:00,318.582,drawing,,open,,16.723986,3.145104,48.65,119.56,22.81,73.06,22.60,72.68,1427,1179,1057,226,WH-station1,2026-08-26T17:03:35.996-07:00
water_draw_1,2026-08-26T17:03:36.696-07:00,319.090,drawing,,open,,16.751002,3.191042,48.75,119.75,22.81,73.06,22.70,72.86,1428,1179,1066,227,WH-station1,2026-08-26T17:03:36.501-07:00
water_draw_1,2026-08-26T17:03:37.197-07:00,319.592,drawing,,open,,16.777447,3.160417,48.75,119.75,22.50,72.50,22.90,73.22,1428,1176,1060,229,WH-station1,2026-08-26T17:03:37.005-07:00
water_draw_1,2026-08-26T17:03:37.700-07:00,320.094,drawing,,open,,16.804143,3.191042,48.75,119.75,23.12,73.62,22.50,72.50,1428,1182,1066,225,WH-station1,2026-08-26T17:03:37.510-07:00
water_draw_1,2026-08-26T17:03:38.201-07:00,320.596,drawing,,open,,16.830672,3.170625,48.75,119.75,22.71,72.88,22.80,73.04,1428,1178,1062,228,WH-station1,2026-08-26T17:03:38.015-07:00
water_draw_1,2026-08-26T17:03:38.703-07:00,321.098,drawing,,open,,16.856984,3.145104,48.65,119.56,22.92,73.25,23.00,73.40,1427,1180,1057,230,WH-station1,2026-08-26T17:03:38.519-07:00
water_draw_1,2026-08-26T17:03:39.205-07:00,321.600,drawing,,open,,16.883381,3.155312,48.65,119.56,22.60,72.69,22.80,73.04,1427,1177,1059,228,WH-station1,2026-08-26T17:03:39.024-07:00
water_draw_1,2026-08-26T17:03:39.707-07:00,322.102,drawing,,open,,16.909951,3.175729,48.75,119.75,22.81,73.06,22.90,73.22,1428,1179,1063,229,WH-station1,2026-08-26T17:03:39.529-07:00
water_draw_1,2026-08-26T17:03:40.209-07:00,322.604,drawing,,open,,16.936434,3.165521,48.85,119.94,23.02,73.44,22.70,72.86,1429,1181,1061,227,WH-station1,2026-08-26T17:03:40.034-07:00
water_draw_1,2026-08-26T17:03:40.711-07:00,323.106,drawing,,open,,16.962576,3.124688,48.75,119.75,22.81,73.06,22.90,73.22,1428,1179,1053,229,WH-station1,2026-08-26T17:03:40.539-07:00
water_draw_1,2026-08-26T17:03:41.213-07:00,323.608,drawing,,open,,16.989019,3.160417,48.75,119.75,22.81,73.06,23.00,73.40,1428,1179,1060,230,WH-station1,2026-08-26T17:03:41.043-07:00
water_draw_1,2026-08-26T17:03:41.721-07:00,324.112,drawing,,open,,17.015430,3.140000,48.75,119.75,23.02,73.44,22.90,73.22,1428,1181,1056,229,WH-station1,2026-08-26T17:03:41.548-07:00
water_draw_1,2026-08-26T17:03:42.225-07:00,324.617,drawing,,open,,17.042020,3.160417,48.85,119.94,22.60,72.69,22.90,73.22,1429,1177,1060,229,WH-station1,2026-08-26T17:03:42.053-07:00
water_draw_1,2026-08-26T17:03:42.730-07:00,325.122,drawing,,open,,17.068654,3.165521,48.85,119.94,22.50,72.50,22.60,72.68,1429,1176,1061,226,WH-station1,2026-08-26T17:03:42.558-07:00
water_draw_1,2026-08-26T17:03:43.235-07:00,325.627,drawing,,open,,17.095155,3.150208,48.54,119.38,22.60,72.69,22.80,73.04,1426,1177,1058,228,WH-station1,2026-08-26T17:03:43.062-07:00
water_draw_1,2026-08-26T17:03:43.740-07:00,326.132,drawing,,open,,17.121611,3.145104,48.65,119.56,23.02,73.44,22.50,72.50,1427,1181,1057,225,WH-station1,2026-08-26T17:03:43.567-07:00
water_draw_1,2026-08-26T17:03:44.244-07:00,326.636,drawing,,open,,17.148109,3.150208,48.65,119.56,22.92,73.25,22.80,73.04,1427,1180,1058,228,WH-station1,2026-08-26T17:03:44.072-07:00
water_draw_1,2026-08-26T17:03:44.749-07:00,327.141,drawing,,open,,17.174564,3.145104,48.54,119.38,22.60,72.69,22.60,72.68,1426,1177,1057,226,WH-station1,2026-08-26T17:03:44.577-07:00
water_draw_1,2026-08-26T17:03:45.254-07:00,327.646,drawing,,open,,17.200985,3.140000,48.85,119.94,22.60,72.69,22.70,72.86,1429,1177,1056,227,WH-station1,2026-08-26T17:03:45.081-07:00
water_draw_1,2026-08-26T17:03:45.759-07:00,328.150,drawing,,open,,17.227399,3.140000,48.75,119.75,22.81,73.06,22.60,72.68,1428,1179,1056,226,WH-station1,2026-08-26T17:03:45.586-07:00
water_draw_1,2026-08-26T17:03:46.263-07:00,328.655,drawing,,open,,17.253726,3.129792,48.54,119.38,22.71,72.88,22.90,73.22,1426,1178,1054,229,WH-station1,2026-08-26T17:03:46.091-07:00
water_draw_1,2026-08-26T17:03:46.771-07:00,329.163,drawing,,open,,17.280199,3.129792,48.75,119.75,22.60,72.69,22.80,73.04,1428,1177,1054,228,WH-station1,2026-08-26T17:03:46.596-07:00
water_draw_1,2026-08-26T17:03:47.275-07:00,329.667,drawing,,open,,17.306528,3.129792,48.65,119.56,22.81,73.06,22.70,72.86,1427,1179,1054,227,WH-station1,2026-08-26T17:03:47.100-07:00
water_draw_1,2026-08-26T17:03:47.780-07:00,330.172,drawing,,open,,17.333154,3.165521,48.54,119.38,22.71,72.88,22.50,72.50,1426,1178,1061,225,WH-station1,2026-08-26T17:03:47.605-07:00
water_draw_1,2026-08-26T17:03:48.285-07:00,330.677,drawing,,open,,17.359568,3.140000,48.54,119.38,22.81,73.06,22.90,73.22,1426,1179,1056,229,WH-station1,2026-08-26T17:03:48.110-07:00
water_draw_1,2026-08-26T17:03:48.790-07:00,331.182,drawing,,open,,17.385899,3.129792,48.65,119.56,22.71,72.88,22.70,72.86,1427,1178,1054,227,WH-station1,2026-08-26T17:03:48.614-07:00
water_draw_1,2026-08-26T17:03:49.294-07:00,331.686,drawing,,open,,17.412312,3.140000,48.65,119.56,22.50,72.50,22.60,72.68,1427,1176,1056,226,WH-station1,2026-08-26T17:03:49.119-07:00
water_draw_1,2026-08-26T17:03:49.799-07:00,332.191,drawing,,open,,17.438690,3.134896,48.54,119.38,22.50,72.50,22.70,72.86,1426,1176,1055,227,WH-station1,2026-08-26T17:03:49.624-07:00
water_draw_1,2026-08-26T17:03:50.304-07:00,332.696,drawing,,open,,17.464976,3.124688,48.85,119.94,22.60,72.69,22.90,73.22,1429,1177,1053,229,WH-station1,2026-08-26T17:03:50.129-07:00
water_draw_1,2026-08-26T17:03:50.809-07:00,333.201,drawing,,open,,17.491262,3.124688,48.96,120.12,22.50,72.50,22.90,73.22,1430,1176,1053,229,WH-station1,2026-08-26T17:03:50.634-07:00
water_draw_1,2026-08-26T17:03:51.314-07:00,333.705,drawing,,open,,17.517808,3.155312,48.75,119.75,22.81,73.06,22.60,72.68,1428,1179,1059,226,WH-station1,2026-08-26T17:03:51.138-07:00
water_draw_1,2026-08-26T17:03:51.821-07:00,334.213,drawing,,open,,17.544375,3.140000,48.65,119.56,22.50,72.50,22.80,73.04,1427,1176,1056,228,WH-station1,2026-08-26T17:03:51.643-07:00
water_draw_1,2026-08-26T17:03:52.326-07:00,334.718,drawing,,open,,17.570704,3.129792,48.85,119.94,22.19,71.94,22.70,72.86,1429,1173,1054,227,WH-station1,2026-08-26T17:03:52.148-07:00
water_draw_1,2026-08-26T17:03:52.831-07:00,335.223,drawing,,open,,17.597287,3.160417,48.75,119.75,22.50,72.50,23.00,73.40,1428,1176,1060,230,WH-station1,2026-08-26T17:03:52.652-07:00
water_draw_1,2026-08-26T17:03:53.335-07:00,335.727,drawing,,open,,17.623832,3.155312,48.85,119.94,22.40,72.31,22.70,72.86,1429,1175,1059,227,WH-station1,2026-08-26T17:03:53.157-07:00
water_draw_1,2026-08-26T17:03:53.840-07:00,336.232,drawing,,open,,17.650158,3.129792,48.75,119.75,22.50,72.50,22.70,72.86,1428,1176,1054,227,WH-station1,2026-08-26T17:03:53.662-07:00
water_draw_1,2026-08-26T17:03:54.345-07:00,336.737,drawing,,open,,17.676528,3.134896,48.75,119.75,22.40,72.31,22.80,73.04,1428,1175,1055,228,WH-station1,2026-08-26T17:03:54.166-07:00
water_draw_1,2026-08-26T17:03:54.850-07:00,337.241,drawing,,open,,17.703327,3.185938,48.65,119.56,22.60,72.69,22.70,72.86,1427,1177,1065,227,WH-station1,2026-08-26T17:03:54.669-07:00
water_draw_1,2026-08-26T17:03:55.354-07:00,337.746,drawing,,open,,17.729703,3.134896,48.75,119.75,22.50,72.50,23.00,73.40,1428,1176,1055,230,WH-station1,2026-08-26T17:03:55.171-07:00
water_draw_1,2026-08-26T17:03:55.859-07:00,338.251,drawing,,open,,17.756370,3.170625,48.85,119.94,22.08,71.75,22.50,72.50,1429,1172,1062,225,WH-station1,2026-08-26T17:03:55.673-07:00
water_draw_1,2026-08-26T17:03:56.364-07:00,338.756,drawing,,open,,17.782873,3.150208,48.96,120.12,22.19,71.94,22.80,73.04,1430,1173,1058,228,WH-station1,2026-08-26T17:03:56.175-07:00
water_draw_1,2026-08-26T17:03:56.871-07:00,339.263,drawing,,open,,17.809615,3.160417,48.54,119.38,22.71,72.88,22.60,72.68,1426,1178,1060,226,WH-station1,2026-08-26T17:03:56.677-07:00
water_draw_1,2026-08-26T17:03:57.376-07:00,339.768,drawing,,open,,17.836157,3.155312,48.54,119.38,22.29,72.12,22.90,73.22,1426,1174,1059,229,WH-station1,2026-08-26T17:03:57.179-07:00
water_draw_1,2026-08-26T17:03:57.881-07:00,340.273,drawing,,open,,17.862698,3.155312,48.54,119.38,22.08,71.75,22.70,72.86,1426,1172,1059,227,WH-station1,2026-08-26T17:03:57.681-07:00
water_draw_1,2026-08-26T17:03:58.386-07:00,340.778,drawing,,open,,17.889034,3.129792,48.23,118.81,22.40,72.31,22.90,73.22,1423,1175,1054,229,WH-station1,2026-08-26T17:03:58.183-07:00
water_draw_1,2026-08-26T17:03:58.890-07:00,341.282,drawing,,open,,17.915449,3.140000,48.65,119.56,22.50,72.50,23.10,73.58,1427,1176,1056,231,WH-station1,2026-08-26T17:03:58.685-07:00
water_draw_1,2026-08-26T17:03:59.395-07:00,341.787,drawing,,open,,17.942034,3.160417,48.44,119.19,22.08,71.75,22.50,72.50,1425,1172,1060,225,WH-station1,2026-08-26T17:03:59.187-07:00
water_draw_1,2026-08-26T17:03:59.900-07:00,342.292,drawing,,open,,17.968619,3.160417,48.85,119.94,22.19,71.94,22.80,73.04,1429,1173,1060,228,WH-station1,2026-08-26T17:03:59.692-07:00
water_draw_1,2026-08-26T17:04:00.404-07:00,342.796,drawing,,open,,17.995202,3.160417,48.75,119.75,21.88,71.38,22.70,72.86,1428,1170,1060,227,WH-station1,2026-08-26T17:04:00.197-07:00
water_draw_1,2026-08-26T17:04:00.909-07:00,343.301,drawing,,open,,18.021790,3.160417,48.44,119.19,22.19,71.94,22.90,73.22,1425,1173,1060,229,WH-station1,2026-08-26T17:04:00.702-07:00
water_draw_1,2026-08-26T17:04:01.414-07:00,343.806,drawing,,open,,18.048169,3.134896,48.65,119.56,22.29,72.12,22.80,73.04,1427,1174,1055,228,WH-station1,2026-08-26T17:04:01.207-07:00
water_draw_1,2026-08-26T17:04:01.922-07:00,344.314,drawing,,open,,18.074872,3.155312,48.54,119.38,22.19,71.94,22.90,73.22,1426,1173,1059,229,WH-station1,2026-08-26T17:04:01.712-07:00
water_draw_1,2026-08-26T17:04:02.427-07:00,344.819,drawing,,open,,18.101458,3.160417,48.85,119.94,21.98,71.56,22.50,72.50,1429,1171,1060,225,WH-station1,2026-08-26T17:04:02.218-07:00
water_draw_1,2026-08-26T17:04:02.931-07:00,345.323,drawing,,open,,18.128172,3.175729,48.65,119.56,22.40,72.31,22.50,72.50,1427,1175,1063,225,WH-station1,2026-08-26T17:04:02.723-07:00
water_draw_1,2026-08-26T17:04:03.436-07:00,345.828,drawing,,open,,18.154839,3.170625,48.85,119.94,22.40,72.31,22.80,73.04,1429,1175,1062,228,WH-station1,2026-08-26T17:04:03.228-07:00
water_draw_1,2026-08-26T17:04:03.941-07:00,346.333,drawing,,open,,18.181471,3.165521,48.85,119.94,21.98,71.56,22.90,73.22,1429,1171,1061,229,WH-station1,2026-08-26T17:04:03.733-07:00
water_draw_1,2026-08-26T17:04:04.446-07:00,346.837,drawing,,open,,18.208102,3.165521,48.54,119.38,22.19,71.94,23.00,73.40,1426,1173,1061,230,WH-station1,2026-08-26T17:04:04.238-07:00
water_draw_1,2026-08-26T17:04:04.950-07:00,347.342,drawing,,open,,18.234734,3.165521,48.75,119.75,22.29,72.12,22.80,73.04,1428,1174,1061,228,WH-station1,2026-08-26T17:04:04.743-07:00
water_draw_1,2026-08-26T17:04:05.455-07:00,347.847,drawing,,open,,18.261358,3.165521,48.54,119.38,22.40,72.31,22.50,72.50,1426,1175,1061,225,WH-station1,2026-08-26T17:04:05.248-07:00
water_draw_1,2026-08-26T17:04:05.960-07:00,348.352,drawing,,open,,18.287772,3.140000,48.65,119.56,22.08,71.75,22.80,73.04,1427,1172,1056,228,WH-station1,2026-08-26T17:04:05.754-07:00
water_draw_1,2026-08-26T17:04:06.464-07:00,348.856,drawing,,open,,18.314228,3.145104,48.54,119.38,22.19,71.94,22.50,72.50,1426,1173,1057,225,WH-station1,2026-08-26T17:04:06.259-07:00
water_draw_1,2026-08-26T17:04:06.972-07:00,349.364,drawing,,open,,18.340833,3.145104,48.65,119.56,22.19,71.94,22.60,72.68,1427,1173,1057,226,WH-station1,2026-08-26T17:04:06.764-07:00
water_draw_1,2026-08-26T17:04:07.477-07:00,349.869,drawing,,open,,18.367336,3.150208,48.75,119.75,21.98,71.56,22.90,73.22,1428,1171,1058,229,WH-station1,2026-08-26T17:04:07.269-07:00
water_draw_1,2026-08-26T17:04:07.982-07:00,350.374,drawing,,open,,18.393714,3.134896,48.44,119.19,21.98,71.56,22.70,72.86,1425,1171,1055,227,WH-station1,2026-08-26T17:04:07.774-07:00
water_draw_1,2026-08-26T17:04:08.486-07:00,350.878,drawing,,open,,18.420169,3.145104,48.75,119.75,21.98,71.56,22.70,72.86,1428,1171,1057,227,WH-station1,2026-08-26T17:04:08.279-07:00
water_draw_1,2026-08-26T17:04:08.991-07:00,351.383,drawing,,open,,18.446624,3.145104,48.65,119.56,22.19,71.94,22.60,72.68,1427,1173,1057,226,WH-station1,2026-08-26T17:04:08.784-07:00
water_draw_1,2026-08-26T17:04:09.496-07:00,351.888,drawing,,open,,18.473078,3.145104,48.65,119.56,21.98,71.56,22.80,73.04,1427,1171,1057,228,WH-station1,2026-08-26T17:04:09.289-07:00
water_draw_1,2026-08-26T17:04:10.000-07:00,352.392,drawing,,open,,18.499492,3.140000,48.54,119.38,21.77,71.19,23.00,73.40,1426,1169,1056,230,WH-station1,2026-08-26T17:04:09.794-07:00
water_draw_1,2026-08-26T17:04:10.505-07:00,352.897,drawing,,open,,18.526034,3.155312,48.75,119.75,22.08,71.75,22.90,73.22,1428,1172,1059,229,WH-station1,2026-08-26T17:04:10.299-07:00
water_draw_1,2026-08-26T17:04:11.010-07:00,353.402,drawing,,open,,18.552537,3.150208,48.54,119.38,22.08,71.75,22.80,73.04,1426,1172,1058,228,WH-station1,2026-08-26T17:04:10.805-07:00
water_draw_1,2026-08-26T17:04:11.515-07:00,353.906,drawing,,open,,18.579205,3.170625,48.65,119.56,21.56,70.81,22.80,73.04,1427,1167,1062,228,WH-station1,2026-08-26T17:04:11.310-07:00
water_draw_1,2026-08-26T17:04:12.022-07:00,354.414,drawing,,open,,18.605689,3.129792,48.65,119.56,21.67,71.00,22.90,73.22,1427,1168,1054,229,WH-station1,2026-08-26T17:04:11.815-07:00
water_draw_1,2026-08-26T17:04:12.527-07:00,354.919,drawing,,open,,18.632316,3.165521,48.65,119.56,21.77,71.19,22.70,72.86,1427,1169,1061,227,WH-station1,2026-08-26T17:04:12.320-07:00
water_draw_1,2026-08-26T17:04:13.032-07:00,355.424,drawing,,open,,18.658775,3.145104,48.33,119.00,21.56,70.81,23.00,73.40,1424,1167,1057,230,WH-station1,2026-08-26T17:04:12.825-07:00
water_draw_1,2026-08-26T17:04:13.536-07:00,355.928,drawing,,open,,18.685147,3.134896,48.65,119.56,21.88,71.38,22.50,72.50,1427,1170,1055,225,WH-station1,2026-08-26T17:04:13.330-07:00
water_draw_1,2026-08-26T17:04:14.041-07:00,356.433,drawing,,open,,18.711608,3.145104,48.54,119.38,21.98,71.56,22.90,73.22,1426,1171,1057,229,WH-station1,2026-08-26T17:04:13.836-07:00
water_draw_1,2026-08-26T17:04:14.546-07:00,356.938,drawing,,open,,18.738282,3.170625,48.44,119.19,21.77,71.19,22.70,72.86,1425,1169,1062,227,WH-station1,2026-08-26T17:04:14.341-07:00
water_draw_1,2026-08-26T17:04:15.051-07:00,357.443,drawing,,open,,18.764909,3.165521,48.54,119.38,21.77,71.19,22.90,73.22,1426,1169,1061,229,WH-station1,2026-08-26T17:04:14.846-07:00
water_draw_1,2026-08-26T17:04:15.555-07:00,357.947,drawing,,open,,18.791666,3.180833,48.44,119.19,21.88,71.38,22.80,73.04,1425,1170,1064,228,WH-station1,2026-08-26T17:04:15.351-07:00
water_draw_1,2026-08-26T17:04:16.060-07:00,358.452,drawing,,open,,18.818468,3.185938,48.65,119.56,21.88,71.38,22.70,72.86,1427,1170,1065,227,WH-station1,2026-08-26T17:04:15.856-07:00
water_draw_1,2026-08-26T17:04:16.565-07:00,358.957,drawing,,open,,18.845008,3.155312,48.54,119.38,21.67,71.00,22.50,72.50,1426,1168,1059,225,WH-station1,2026-08-26T17:04:16.361-07:00
water_draw_1,2026-08-26T17:04:17.073-07:00,359.464,drawing,,open,,18.871705,3.155312,48.44,119.19,21.77,71.19,22.60,72.68,1425,1169,1059,226,WH-station1,2026-08-26T17:04:16.867-07:00
water_draw_1,2026-08-26T17:04:17.577-07:00,359.969,drawing,,open,,18.898251,3.155312,48.44,119.19,21.56,70.81,22.70,72.86,1425,1167,1059,227,WH-station1,2026-08-26T17:04:17.372-07:00
water_draw_1,2026-08-26T17:04:18.082-07:00,360.474,drawing,,open,,18.924801,3.155312,48.65,119.56,21.25,70.25,22.40,72.32,1427,1164,1059,224,WH-station1,2026-08-26T17:04:17.877-07:00
water_draw_1,2026-08-26T17:04:18.587-07:00,360.979,drawing,,open,,18.951683,3.196146,48.65,119.56,21.67,71.00,22.90,73.22,1427,1168,1067,229,WH-station1,2026-08-26T17:04:18.382-07:00
water_draw_1,2026-08-26T17:04:19.092-07:00,361.484,drawing,,open,,18.978229,3.155312,48.44,119.19,21.67,71.00,23.00,73.40,1425,1168,1059,230,WH-station1,2026-08-26T17:04:18.887-07:00
water_draw_1,2026-08-26T17:04:19.596-07:00,361.988,drawing,,open,,19.004810,3.160417,48.54,119.38,21.15,70.06,22.70,72.86,1426,1163,1060,227,WH-station1,2026-08-26T17:04:19.392-07:00
water_draw_1,2026-08-26T17:04:20.101-07:00,362.493,drawing,,open,,19.031222,3.140000,48.75,119.75,21.56,70.81,22.90,73.22,1428,1167,1056,229,WH-station1,2026-08-26T17:04:19.897-07:00
water_draw_1,2026-08-26T17:04:20.606-07:00,362.998,drawing,,open,,19.057894,3.170625,48.65,119.56,21.56,70.81,23.10,73.58,1427,1167,1062,231,WH-station1,2026-08-26T17:04:20.402-07:00
water_draw_1,2026-08-26T17:04:21.110-07:00,363.502,drawing,,open,,19.084608,3.175729,48.33,119.00,21.25,70.25,22.60,72.68,1424,1164,1063,226,WH-station1,2026-08-26T17:04:20.907-07:00
water_draw_1,2026-08-26T17:04:21.615-07:00,364.007,drawing,,open,,19.111404,3.185938,48.44,119.19,21.25,70.25,22.60,72.68,1425,1164,1065,226,WH-station1,2026-08-26T17:04:21.413-07:00
water_draw_1,2026-08-26T17:04:22.123-07:00,364.515,drawing,,open,,19.138142,3.160417,48.54,119.38,21.35,70.44,22.80,73.04,1426,1165,1060,228,WH-station1,2026-08-26T17:04:21.918-07:00
water_draw_1,2026-08-26T17:04:22.627-07:00,365.019,drawing,,open,,19.164728,3.160417,48.54,119.38,21.46,70.62,22.90,73.22,1426,1166,1060,229,WH-station1,2026-08-26T17:04:22.423-07:00
water_draw_1,2026-08-26T17:04:23.132-07:00,365.524,drawing,,open,,19.191316,3.160417,48.44,119.19,21.46,70.62,23.00,73.40,1425,1166,1060,230,WH-station1,2026-08-26T17:04:22.928-07:00
water_draw_1,2026-08-26T17:04:23.637-07:00,366.029,drawing,,open,,19.217857,3.155312,48.54,119.38,21.56,70.81,22.60,72.68,1426,1167,1059,226,WH-station1,2026-08-26T17:04:23.433-07:00
water_draw_1,2026-08-26T17:04:24.142-07:00,366.534,drawing,,open,,19.244321,3.145104,48.54,119.38,21.46,70.62,23.10,73.58,1426,1166,1057,231,WH-station1,2026-08-26T17:04:23.938-07:00
water_draw_1,2026-08-26T17:04:24.646-07:00,367.038,drawing,,open,,19.270735,3.140000,48.54,119.38,21.04,69.87,22.70,72.86,1426,1162,1056,227,WH-station1,2026-08-26T17:04:24.443-07:00
water_draw_1,2026-08-26T17:04:25.151-07:00,367.543,drawing,,open,,19.297323,3.160417,48.65,119.56,21.04,69.87,22.70,72.86,1427,1162,1060,227,WH-station1,2026-08-26T17:04:24.948-07:00
water_draw_1,2026-08-26T17:04:25.656-07:00,368.048,drawing,,open,,19.323906,3.160417,48.75,119.75,21.15,70.06,22.90,73.22,1428,1163,1060,229,WH-station1,2026-08-26T17:04:25.454-07:00
water_draw_1,2026-08-26T17:04:26.161-07:00,368.553,drawing,,open,,19.350325,3.140000,48.54,119.38,21.15,70.06,22.60,72.68,1426,1163,1056,226,WH-station1,2026-08-26T17:04:25.959-07:00
water_draw_1,2026-08-26T17:04:26.666-07:00,369.058,drawing,,open,,19.377010,3.170625,48.44,119.19,21.35,70.44,23.00,73.40,1425,1165,1062,230,WH-station1,2026-08-26T17:04:26.464-07:00
water_draw_1,2026-08-26T17:04:27.170-07:00,369.562,drawing,,open,,19.403644,3.165521,48.44,119.19,21.25,70.25,23.00,73.40,1425,1164,1061,230,WH-station1,2026-08-26T17:04:26.969-07:00
water_draw_1,2026-08-26T17:04:27.675-07:00,370.067,drawing,,open,,19.430273,3.165521,48.54,119.38,21.15,70.06,22.60,72.68,1426,1163,1061,226,WH-station1,2026-08-26T17:04:27.474-07:00
water_draw_1,2026-08-26T17:04:28.180-07:00,370.572,drawing,,open,,19.456991,3.175729,48.44,119.19,21.15,70.06,23.10,73.58,1425,1163,1063,231,WH-station1,2026-08-26T17:04:27.980-07:00
water_draw_1,2026-08-26T17:04:28.685-07:00,371.077,drawing,,open,,19.483874,3.196146,48.33,119.00,21.35,70.44,22.70,72.86,1424,1165,1067,227,WH-station1,2026-08-26T17:04:28.484-07:00
water_draw_1,2026-08-26T17:04:29.189-07:00,371.581,drawing,,open,,19.510590,3.175729,48.44,119.19,21.15,70.06,22.60,72.68,1425,1163,1063,226,WH-station1,2026-08-26T17:04:28.989-07:00
water_draw_1,2026-08-26T17:04:29.694-07:00,372.086,drawing,,open,,19.537476,3.196146,48.44,119.19,21.04,69.87,23.10,73.58,1425,1162,1067,231,WH-station1,2026-08-26T17:04:29.494-07:00
water_draw_1,2026-08-26T17:04:30.199-07:00,372.591,drawing,,open,,19.564241,3.180833,48.54,119.38,21.25,70.25,22.40,72.32,1426,1164,1064,224,WH-station1,2026-08-26T17:04:29.998-07:00
water_draw_1,2026-08-26T17:04:30.704-07:00,373.096,drawing,,open,,19.590911,3.170625,48.23,118.81,21.46,70.62,22.90,73.22,1423,1166,1062,229,WH-station1,2026-08-26T17:04:30.503-07:00
water_draw_1,2026-08-26T17:04:31.208-07:00,373.600,drawing,,open,,19.617712,3.185938,48.65,119.56,21.04,69.87,22.90,73.22,1427,1162,1065,229,WH-station1,2026-08-26T17:04:31.008-07:00
water_draw_1,2026-08-26T17:04:31.713-07:00,374.105,drawing,,open,,19.644509,3.185938,48.54,119.38,21.15,70.06,22.90,73.22,1426,1163,1065,229,WH-station1,2026-08-26T17:04:31.514-07:00
water_draw_1,2026-08-26T17:04:32.218-07:00,374.610,drawing,,open,,19.671227,3.175729,48.44,119.19,21.35,70.44,22.80,73.04,1425,1165,1063,228,WH-station1,2026-08-26T17:04:32.019-07:00
water_draw_1,2026-08-26T17:04:32.723-07:00,375.115,drawing,,open,,19.697938,3.175729,48.33,119.00,20.94,69.69,22.50,72.50,1424,1161,1063,225,WH-station1,2026-08-26T17:04:32.524-07:00
water_draw_1,2026-08-26T17:04:33.227-07:00,375.619,drawing,,open,,19.724485,3.155312,48.54,119.38,21.25,70.25,22.80,73.04,1426,1164,1059,228,WH-station1,2026-08-26T17:04:33.030-07:00
water_draw_1,2026-08-26T17:04:33.732-07:00,376.124,drawing,,open,,19.751242,3.180833,48.44,119.19,20.73,69.31,22.90,73.22,1425,1159,1064,229,WH-station1,2026-08-26T17:04:33.535-07:00
water_draw_1,2026-08-26T17:04:34.237-07:00,376.629,drawing,,open,,19.777914,3.170625,48.44,119.19,21.04,69.87,22.50,72.50,1425,1162,1062,225,WH-station1,2026-08-26T17:04:34.041-07:00
water_draw_1,2026-08-26T17:04:34.742-07:00,377.134,drawing,,open,,19.804458,3.155312,48.33,119.00,20.73,69.31,22.90,73.22,1424,1159,1059,229,WH-station1,2026-08-26T17:04:34.546-07:00
water_draw_1,2026-08-26T17:04:35.246-07:00,377.638,drawing,,open,,19.831262,3.185938,48.44,119.19,21.04,69.87,22.70,72.86,1425,1162,1065,227,WH-station1,2026-08-26T17:04:35.052-07:00
water_draw_1,2026-08-26T17:04:35.751-07:00,378.143,drawing,,open,,19.857673,3.140000,48.23,118.81,20.94,69.69,22.70,72.86,1423,1161,1056,227,WH-station1,2026-08-26T17:04:35.557-07:00
water_draw_1,2026-08-26T17:04:36.256-07:00,378.648,drawing,,open,,19.883786,3.104271,48.23,118.81,21.35,70.44,23.00,73.40,1423,1165,1049,230,WH-station1,2026-08-26T17:04:36.063-07:00
water_draw_1,2026-08-26T17:04:36.758-07:00,379.152,drawing,,open,,19.909636,3.073646,48.44,119.19,20.94,69.69,23.00,73.40,1425,1161,1043,230,WH-station1,2026-08-26T17:04:36.568-07:00
water_draw_1,2026-08-26T17:04:37.260-07:00,379.654,drawing,,open,,19.935056,3.037917,48.44,119.19,20.94,69.69,22.60,72.68,1425,1161,1036,226,WH-station1,2026-08-26T17:04:37.073-07:00
water_draw_1,2026-08-26T17:04:37.762-07:00,380.156,drawing,,open,,19.960386,3.027708,48.12,118.62,20.52,68.94,22.90,73.22,1422,1157,1034,229,WH-station1,2026-08-26T17:04:37.579-07:00
water_draw_1,2026-08-26T17:04:38.264-07:00,380.658,drawing,,open,,19.985504,3.002187,48.54,119.38,20.73,69.31,22.80,73.04,1426,1159,1029,228,WH-station1,2026-08-26T17:04:38.084-07:00
water_draw_1,2026-08-26T17:04:38.766-07:00,381.160,drawing,,open,,20.010664,3.007292,48.33,119.00,20.83,69.50,22.60,72.68,1424,1160,1030,226,WH-station1,2026-08-26T17:04:38.590-07:00
water_draw_1,2026-08-26T17:04:39.268-07:00,381.662,drawing,,open,,20.035567,2.976667,48.44,119.19,21.04,69.87,22.80,73.04,1425,1162,1024,228,WH-station1,2026-08-26T17:04:39.095-07:00
water_draw_1,2026-08-26T17:04:39.770-07:00,382.164,drawing,,open,,20.060298,2.956250,48.65,119.56,20.83,69.50,23.00,73.40,1427,1160,1020,230,WH-station1,2026-08-26T17:04:39.600-07:00
water_draw_1,2026-08-26T17:04:40.272-07:00,382.666,drawing,,open,,20.084860,2.935833,48.44,119.19,20.52,68.94,22.80,73.04,1425,1157,1016,228,WH-station1,2026-08-26T17:04:40.106-07:00
water_draw_1,2026-08-26T17:04:40.774-07:00,383.168,drawing,,open,,20.109677,2.966458,48.23,118.81,20.73,69.31,22.60,72.68,1423,1159,1022,226,WH-station1,2026-08-26T17:04:40.611-07:00
water_draw_1,2026-08-26T17:04:41.276-07:00,383.670,drawing,,open,,20.134668,2.986875,48.33,119.00,20.62,69.12,23.10,73.58,1424,1158,1026,231,WH-station1,2026-08-26T17:04:41.117-07:00
water_draw_1,2026-08-26T17:04:41.780-07:00,384.172,drawing,,open,,20.159532,2.971563,48.12,118.62,20.83,69.50,23.00,73.40,1422,1160,1023,230,WH-station1,2026-08-26T17:04:41.622-07:00
water_draw_1,2026-08-26T17:04:42.285-07:00,384.677,drawing,,open,,20.184871,3.012396,48.23,118.81,20.83,69.50,22.70,72.86,1423,1160,1031,227,WH-station1,2026-08-26T17:04:42.128-07:00
water_draw_1,2026-08-26T17:04:42.790-07:00,385.182,drawing,,open,,20.210128,3.002187,48.44,119.19,20.83,69.50,22.70,72.86,1425,1160,1029,227,WH-station1,2026-08-26T17:04:42.632-07:00
water_draw_1,2026-08-26T17:04:43.294-07:00,385.686,drawing,,open,,20.235473,3.012396,48.75,119.75,20.83,69.50,22.50,72.50,1428,1160,1031,225,WH-station1,2026-08-26T17:04:43.137-07:00
water_draw_1,2026-08-26T17:04:43.799-07:00,386.191,drawing,,open,,20.260722,3.002187,48.54,119.38,20.31,68.56,22.50,72.50,1426,1155,1029,225,WH-station1,2026-08-26T17:04:43.642-07:00
water_draw_1,2026-08-26T17:04:44.304-07:00,386.696,drawing,,open,,20.286016,3.007292,48.23,118.81,20.21,68.37,22.60,72.68,1423,1154,1030,226,WH-station1,2026-08-26T17:04:44.147-07:00
water_draw_1,2026-08-26T17:04:44.808-07:00,387.200,drawing,,open,,20.311481,3.027708,48.54,119.38,20.31,68.56,22.80,73.04,1426,1155,1034,228,WH-station1,2026-08-26T17:04:44.651-07:00
water_draw_1,2026-08-26T17:04:45.313-07:00,387.705,drawing,,open,,20.336823,3.012396,48.23,118.81,20.42,68.75,22.70,72.86,1423,1156,1031,227,WH-station1,2026-08-26T17:04:45.156-07:00
water_draw_1,2026-08-26T17:04:45.818-07:00,388.210,drawing,,open,,20.362164,3.012396,48.33,119.00,20.62,69.12,22.70,72.86,1424,1158,1031,227,WH-station1,2026-08-26T17:04:45.661-07:00
water_draw_1,2026-08-26T17:04:46.323-07:00,388.715,drawing,,open,,20.387292,2.986875,48.44,119.19,20.73,69.31,22.60,72.68,1425,1159,1026,226,WH-station1,2026-08-26T17:04:46.166-07:00
water_draw_1,2026-08-26T17:04:46.827-07:00,389.219,drawing,,open,,20.412544,3.002187,48.33,119.00,20.62,69.12,23.00,73.40,1424,1158,1029,230,WH-station1,2026-08-26T17:04:46.670-07:00
water_draw_1,2026-08-26T17:04:47.332-07:00,389.724,drawing,,open,,20.437623,2.981771,48.23,118.81,20.62,69.12,22.70,72.86,1423,1158,1025,227,WH-station1,2026-08-26T17:04:47.175-07:00
water_draw_1,2026-08-26T17:04:47.837-07:00,390.229,drawing,,open,,20.462616,2.971563,48.12,118.62,20.42,68.75,23.00,73.40,1422,1156,1023,230,WH-station1,2026-08-26T17:04:47.680-07:00
water_draw_1,2026-08-26T17:04:48.341-07:00,390.733,drawing,,open,,20.487531,2.961354,48.12,118.62,20.52,68.94,22.90,73.22,1422,1157,1021,229,WH-station1,2026-08-26T17:04:48.185-07:00
water_draw_1,2026-08-26T17:04:48.846-07:00,391.238,drawing,,open,,20.512271,2.940938,48.23,118.81,20.42,68.75,23.00,73.40,1423,1156,1017,230,WH-station1,2026-08-26T17:04:48.690-07:00
water_draw_1,2026-08-26T17:04:49.351-07:00,391.743,drawing,,open,,20.537051,2.946042,48.33,119.00,20.21,68.37,22.90,73.22,1424,1154,1018,229,WH-station1,2026-08-26T17:04:49.194-07:00
water_draw_1,2026-08-26T17:04:49.856-07:00,392.248,drawing,,open,,20.562090,2.976667,48.12,118.62,20.31,68.56,22.80,73.04,1422,1155,1024,228,WH-station1,2026-08-26T17:04:49.699-07:00
water_draw_1,2026-08-26T17:04:50.360-07:00,392.752,drawing,,open,,20.587086,2.971563,47.92,118.25,20.52,68.94,22.90,73.22,1420,1157,1023,229,WH-station1,2026-08-26T17:04:50.204-07:00
water_draw_1,2026-08-26T17:04:50.865-07:00,393.257,drawing,,open,,20.612125,2.976667,48.23,118.81,20.31,68.56,23.00,73.40,1423,1155,1024,230,WH-station1,2026-08-26T17:04:50.709-07:00
water_draw_1,2026-08-26T17:04:51.370-07:00,393.762,drawing,,open,,20.636868,2.940938,48.02,118.44,20.21,68.37,22.60,72.68,1421,1154,1017,226,WH-station1,2026-08-26T17:04:51.214-07:00
water_draw_1,2026-08-26T17:04:51.874-07:00,394.266,drawing,,open,,20.661692,2.951146,48.33,119.00,20.52,68.94,22.60,72.68,1424,1157,1019,226,WH-station1,2026-08-26T17:04:51.718-07:00
water_draw_1,2026-08-26T17:04:52.379-07:00,394.771,drawing,,open,,20.686819,2.986875,48.33,119.00,19.90,67.81,22.60,72.68,1424,1151,1026,226,WH-station1,2026-08-26T17:04:52.223-07:00
water_draw_1,2026-08-26T17:04:52.884-07:00,395.276,drawing,,open,,20.711813,2.971563,48.23,118.81,20.42,68.75,22.90,73.22,1423,1156,1023,229,WH-station1,2026-08-26T17:04:52.728-07:00
water_draw_1,2026-08-26T17:04:53.389-07:00,395.781,drawing,,open,,20.736769,2.966458,48.23,118.81,20.42,68.75,22.80,73.04,1423,1156,1022,228,WH-station1,2026-08-26T17:04:53.233-07:00
water_draw_1,2026-08-26T17:04:53.893-07:00,396.285,drawing,,open,,20.761636,2.956250,48.33,119.00,20.10,68.19,22.70,72.86,1424,1153,1020,227,WH-station1,2026-08-26T17:04:53.738-07:00
water_draw_1,2026-08-26T17:04:54.398-07:00,396.790,drawing,,open,,20.786764,2.986875,48.12,118.62,20.10,68.19,22.70,72.86,1422,1153,1026,227,WH-station1,2026-08-26T17:04:54.242-07:00
water_draw_1,2026-08-26T17:04:54.903-07:00,397.295,drawing,,open,,20.811671,2.961354,47.92,118.25,20.10,68.19,23.00,73.40,1420,1153,1021,230,WH-station1,2026-08-26T17:04:54.745-07:00
water_draw_1,2026-08-26T17:04:55.407-07:00,397.799,drawing,,open,,20.836493,2.951146,48.02,118.44,20.42,68.75,22.70,72.86,1421,1156,1019,227,WH-station1,2026-08-26T17:04:55.247-07:00
water_draw_1,2026-08-26T17:04:55.912-07:00,398.304,drawing,,open,,20.861404,2.961354,48.12,118.62,20.42,68.75,22.60,72.68,1422,1156,1021,226,WH-station1,2026-08-26T17:04:55.749-07:00
water_draw_1,2026-08-26T17:04:56.417-07:00,398.809,drawing,,open,,20.886315,2.961354,47.92,118.25,19.79,67.63,22.90,73.22,1420,1150,1021,229,WH-station1,2026-08-26T17:04:56.251-07:00
water_draw_1,2026-08-26T17:04:56.922-07:00,399.314,drawing,,open,,20.911190,2.956250,48.12,118.62,19.90,67.81,22.60,72.68,1422,1151,1020,226,WH-station1,2026-08-26T17:04:56.753-07:00
water_draw_1,2026-08-26T17:04:57.426-07:00,399.818,drawing,,open,,20.936098,2.961354,48.23,118.81,19.79,67.63,23.00,73.40,1423,1150,1021,230,WH-station1,2026-08-26T17:04:57.255-07:00
water_draw_1,2026-08-26T17:04:57.931-07:00,400.323,drawing,,open,,20.960963,2.956250,47.92,118.25,19.90,67.81,22.50,72.50,1420,1151,1020,225,WH-station1,2026-08-26T17:04:57.757-07:00
water_draw_1,2026-08-26T17:04:58.436-07:00,400.828,drawing,,open,,20.985876,2.961354,48.12,118.62,20.21,68.37,22.50,72.50,1422,1154,1021,225,WH-station1,2026-08-26T17:04:58.259-07:00
water_draw_1,2026-08-26T17:04:58.940-07:00,401.332,drawing,,open,,21.010870,2.971563,48.02,118.44,20.42,68.75,22.70,72.86,1421,1156,1023,227,WH-station1,2026-08-26T17:04:58.762-07:00
water_draw_1,2026-08-26T17:04:59.445-07:00,401.837,drawing,,open,,21.035957,2.981771,48.23,118.81,20.10,68.19,22.60,72.68,1423,1153,1025,226,WH-station1,2026-08-26T17:04:59.264-07:00
water_draw_1,2026-08-26T17:04:59.950-07:00,402.342,drawing,,open,,21.061037,2.981771,48.33,119.00,20.42,68.75,22.70,72.86,1424,1156,1025,227,WH-station1,2026-08-26T17:04:59.768-07:00
water_draw_1,2026-08-26T17:05:00.455-07:00,402.847,drawing,,open,,21.086248,2.997083,48.02,118.44,20.00,68.00,22.80,73.04,1421,1152,1028,228,WH-station1,2026-08-26T17:05:00.274-07:00
water_draw_1,2026-08-26T17:05:00.959-07:00,403.351,drawing,,open,,21.111499,3.002187,48.12,118.62,20.10,68.19,22.80,73.04,1422,1153,1029,228,WH-station1,2026-08-26T17:05:00.779-07:00
water_draw_1,2026-08-26T17:05:01.464-07:00,403.856,drawing,,open,,21.136669,2.991979,48.23,118.81,19.90,67.81,22.90,73.22,1423,1151,1027,229,WH-station1,2026-08-26T17:05:01.285-07:00
water_draw_1,2026-08-26T17:05:01.969-07:00,404.361,drawing,,open,,21.161840,2.991979,48.23,118.81,20.10,68.19,22.80,73.04,1423,1153,1027,228,WH-station1,2026-08-26T17:05:01.790-07:00
water_draw_1,2026-08-26T17:05:02.474-07:00,404.866,drawing,,open,,21.187014,2.991979,48.12,118.62,20.00,68.00,23.00,73.40,1422,1152,1027,230,WH-station1,2026-08-26T17:05:02.296-07:00
water_draw_1,2026-08-26T17:05:02.978-07:00,405.370,drawing,,open,,21.212183,2.991979,48.12,118.62,19.90,67.81,22.70,72.86,1422,1151,1027,227,WH-station1,2026-08-26T17:05:02.800-07:00
water_draw_1,2026-08-26T17:05:03.483-07:00,405.875,drawing,,open,,21.237224,2.976667,47.92,118.25,19.90,67.81,22.90,73.22,1420,1151,1024,229,WH-station1,2026-08-26T17:05:03.305-07:00
water_draw_1,2026-08-26T17:05:03.988-07:00,406.380,drawing,,open,,21.262439,2.997083,48.12,118.62,19.90,67.81,22.90,73.22,1422,1151,1028,229,WH-station1,2026-08-26T17:05:03.810-07:00
water_draw_1,2026-08-26T17:05:04.493-07:00,406.885,drawing,,open,,21.287476,2.976667,48.12,118.62,19.79,67.63,23.00,73.40,1422,1150,1024,230,WH-station1,2026-08-26T17:05:04.315-07:00
water_draw_1,2026-08-26T17:05:04.997-07:00,407.389,drawing,,open,,21.312563,2.981771,48.23,118.81,20.10,68.19,22.70,72.86,1423,1153,1025,227,WH-station1,2026-08-26T17:05:04.819-07:00
water_draw_1,2026-08-26T17:05:05.502-07:00,407.894,drawing,,open,,21.337690,2.986875,48.02,118.44,19.90,67.81,22.90,73.22,1421,1151,1026,229,WH-station1,2026-08-26T17:05:05.324-07:00
water_draw_1,2026-08-26T17:05:06.007-07:00,408.399,drawing,,open,,21.362730,2.976667,47.92,118.25,19.90,67.81,22.60,72.68,1420,1151,1024,226,WH-station1,2026-08-26T17:05:05.829-07:00
water_draw_1,2026-08-26T17:05:06.512-07:00,408.904,drawing,,open,,21.387855,2.986875,48.02,118.44,20.00,68.00,23.00,73.40,1421,1152,1026,230,WH-station1,2026-08-26T17:05:06.334-07:00
water_draw_1,2026-08-26T17:05:07.016-07:00,409.408,drawing,,open,,21.413107,3.002187,48.02,118.44,19.79,67.63,23.00,73.40,1421,1150,1029,230,WH-station1,2026-08-26T17:05:06.838-07:00
water_draw_1,2026-08-26T17:05:07.521-07:00,409.913,drawing,,open,,21.438189,2.981771,48.02,118.44,19.69,67.44,22.80,73.04,1421,1149,1025,228,WH-station1,2026-08-26T17:05:07.343-07:00
water_draw_1,2026-08-26T17:05:08.026-07:00,410.418,drawing,,open,,21.463194,2.971563,47.92,118.25,19.90,67.81,22.90,73.22,1420,1151,1023,229,WH-station1,2026-08-26T17:05:07.848-07:00
water_draw_1,2026-08-26T17:05:08.531-07:00,410.922,drawing,,open,,21.488233,2.976667,47.81,118.06,19.69,67.44,22.50,72.50,1419,1149,1024,225,WH-station1,2026-08-26T17:05:08.353-07:00
water_draw_1,2026-08-26T17:05:09.035-07:00,411.427,drawing,,open,,21.513012,2.946042,48.02,118.44,19.48,67.06,22.70,72.86,1421,1147,1018,227,WH-station1,2026-08-26T17:05:08.857-07:00
water_draw_1,2026-08-26T17:05:09.540-07:00,411.932,drawing,,open,,21.537834,2.951146,48.02,118.44,19.69,67.44,22.70,72.86,1421,1149,1019,227,WH-station1,2026-08-26T17:05:09.362-07:00
water_draw_1,2026-08-26T17:05:10.045-07:00,412.436,drawing,,open,,21.562743,2.961354,47.81,118.06,19.90,67.81,22.80,73.04,1419,1151,1021,228,WH-station1,2026-08-26T17:05:09.867-07:00
water_draw_1,2026-08-26T17:05:10.549-07:00,412.941,drawing,,open,,21.587784,2.976667,48.23,118.81,20.10,68.19,23.00,73.40,1423,1153,1024,230,WH-station1,2026-08-26T17:05:10.372-07:00
water_draw_1,2026-08-26T17:05:11.054-07:00,413.446,drawing,,open,,21.612700,2.961354,48.23,118.81,19.90,67.81,22.90,73.22,1423,1151,1021,229,WH-station1,2026-08-26T17:05:10.877-07:00
water_draw_1,2026-08-26T17:05:11.559-07:00,413.951,drawing,,open,,21.637737,2.976667,48.12,118.62,19.48,67.06,22.80,73.04,1422,1147,1024,228,WH-station1,2026-08-26T17:05:11.381-07:00
water_draw_1,2026-08-26T17:05:12.063-07:00,414.455,drawing,,open,,21.662557,2.951146,48.02,118.44,19.69,67.44,22.80,73.04,1421,1149,1019,228,WH-station1,2026-08-26T17:05:11.886-07:00
water_draw_1,2026-08-26T17:05:12.568-07:00,414.960,drawing,,open,,21.687378,2.951146,47.92,118.25,19.69,67.44,22.90,73.22,1420,1149,1019,229,WH-station1,2026-08-26T17:05:12.391-07:00
water_draw_1,2026-08-26T17:05:13.073-07:00,415.465,drawing,,open,,21.712290,2.961354,48.02,118.44,19.69,67.44,22.70,72.86,1421,1149,1021,227,WH-station1,2026-08-26T17:05:12.896-07:00
water_draw_1,2026-08-26T17:05:13.578-07:00,415.970,drawing,,open,,21.737339,2.976667,48.02,118.44,19.69,67.44,22.90,73.22,1421,1149,1024,229,WH-station1,2026-08-26T17:05:13.400-07:00
water_draw_1,2026-08-26T17:05:14.082-07:00,416.474,drawing,,open,,21.762380,2.976667,48.02,118.44,19.79,67.63,22.80,73.04,1421,1150,1024,228,WH-station1,2026-08-26T17:05:13.905-07:00
water_draw_1,2026-08-26T17:05:14.587-07:00,416.979,drawing,,open,,21.787376,2.971563,48.02,118.44,19.38,66.88,23.00,73.40,1421,1146,1023,230,WH-station1,2026-08-26T17:05:14.410-07:00
water_draw_1,2026-08-26T17:05:15.092-07:00,417.484,drawing,,open,,21.812546,2.991979,48.12,118.62,19.79,67.63,22.80,73.04,1422,1150,1027,228,WH-station1,2026-08-26T17:05:14.915-07:00
water_draw_1,2026-08-26T17:05:15.597-07:00,417.989,drawing,,open,,21.837586,2.976667,48.12,118.62,19.48,67.06,23.00,73.40,1422,1147,1024,230,WH-station1,2026-08-26T17:05:15.419-07:00
water_draw_1,2026-08-26T17:05:16.102-07:00,418.493,drawing,,open,,21.862761,2.991979,47.81,118.06,19.48,67.06,22.90,73.22,1419,1147,1027,229,WH-station1,2026-08-26T17:05:15.924-07:00
water_draw_1,2026-08-26T17:05:16.606-07:00,418.998,drawing,,open,,21.887717,2.966458,47.92,118.25,19.90,67.81,22.60,72.68,1420,1151,1022,226,WH-station1,2026-08-26T17:05:16.429-07:00
water_draw_1,2026-08-26T17:05:17.111-07:00,419.503,drawing,,open,,21.912799,2.981771,48.12,118.62,19.38,66.88,22.60,72.68,1422,1146,1025,226,WH-station1,2026-08-26T17:05:16.934-07:00
water_draw_1,2026-08-26T17:05:17.616-07:00,420.008,drawing,,open,,21.937926,2.986875,47.92,118.25,19.69,67.44,22.70,72.86,1420,1149,1026,227,WH-station1,2026-08-26T17:05:17.438-07:00
water_draw_1,2026-08-26T17:05:18.120-07:00,420.512,drawing,,open,,21.963224,3.007292,47.92,118.25,19.58,67.25,22.80,73.04,1420,1148,1030,228,WH-station1,2026-08-26T17:05:17.943-07:00
water_draw_1,2026-08-26T17:05:18.625-07:00,421.017,drawing,,open,,21.988434,2.997083,48.02,118.44,19.79,67.63,22.80,73.04,1421,1150,1028,228,WH-station1,2026-08-26T17:05:18.448-07:00
water_draw_1,2026-08-26T17:05:19.130-07:00,421.522,drawing,,open,,22.013516,2.981771,47.81,118.06,19.79,67.63,22.60,72.68,1419,1150,1025,226,WH-station1,2026-08-26T17:05:18.953-07:00
water_draw_1,2026-08-26T17:05:19.634-07:00,422.026,drawing,,open,,22.038641,2.986875,47.81,118.06,19.38,66.88,22.90,73.22,1419,1146,1026,229,WH-station1,2026-08-26T17:05:19.457-07:00
water_draw_1,2026-08-26T17:05:20.139-07:00,422.531,drawing,,open,,22.063679,2.976667,47.92,118.25,19.58,67.25,22.90,73.22,1420,1148,1024,229,WH-station1,2026-08-26T17:05:19.962-07:00
water_draw_1,2026-08-26T17:05:20.644-07:00,423.036,drawing,,open,,22.088719,2.976667,47.71,117.88,19.38,66.88,22.80,73.04,1418,1146,1024,228,WH-station1,2026-08-26T17:05:20.467-07:00
water_draw_1,2026-08-26T17:05:21.149-07:00,423.541,drawing,,open,,22.114107,3.017500,47.92,118.25,19.58,67.25,23.00,73.40,1420,1148,1032,230,WH-station1,2026-08-26T17:05:20.972-07:00
water_draw_1,2026-08-26T17:05:21.655-07:00,424.045,drawing,,open,,22.138977,2.956250,47.71,117.88,19.58,67.25,23.00,73.40,1418,1148,1020,230,WH-station1,2026-08-26T17:05:21.476-07:00
water_draw_1,2026-08-26T17:05:22.159-07:00,424.551,drawing,,open,,22.164117,2.981771,47.92,118.25,19.58,67.25,22.90,73.22,1420,1148,1025,229,WH-station1,2026-08-26T17:05:21.981-07:00
water_draw_1,2026-08-26T17:05:22.665-07:00,425.056,drawing,,open,,22.189069,2.966458,48.02,118.44,19.58,67.25,22.80,73.04,1421,1148,1022,228,WH-station1,2026-08-26T17:05:22.486-07:00
water_draw_1,2026-08-26T17:05:23.170-07:00,425.562,drawing,,open,,22.214135,2.971563,48.02,118.44,19.69,67.44,22.90,73.22,1421,1149,1023,229,WH-station1,2026-08-26T17:05:22.990-07:00
water_draw_1,2026-08-26T17:05:23.676-07:00,426.067,drawing,,open,,22.239131,2.971563,47.92,118.25,19.38,66.88,23.00,73.40,1420,1146,1023,230,WH-station1,2026-08-26T17:05:23.495-07:00
water_draw_1,2026-08-26T17:05:24.181-07:00,426.573,drawing,,open,,22.264142,2.966458,47.81,118.06,19.27,66.69,22.70,72.86,1419,1145,1022,227,WH-station1,2026-08-26T17:05:24.000-07:00
water_draw_1,2026-08-26T17:05:24.686-07:00,427.077,drawing,,open,,22.289183,2.976667,47.92,118.25,19.38,66.88,22.90,73.22,1420,1146,1024,229,WH-station1,2026-08-26T17:05:24.505-07:00
water_draw_1,2026-08-26T17:05:25.190-07:00,427.582,drawing,,open,,22.314139,2.966458,48.02,118.44,19.79,67.63,22.80,73.04,1421,1150,1022,228,WH-station1,2026-08-26T17:05:25.009-07:00
water_draw_1,2026-08-26T17:05:25.695-07:00,428.087,drawing,,open,,22.339269,2.986875,48.02,118.44,19.58,67.25,22.60,72.68,1421,1148,1026,226,WH-station1,2026-08-26T17:05:25.514-07:00
water_draw_1,2026-08-26T17:05:26.200-07:00,428.592,drawing,,open,,22.364095,2.951146,48.12,118.62,19.27,66.69,22.50,72.50,1422,1145,1019,225,WH-station1,2026-08-26T17:05:26.019-07:00
water_draw_1,2026-08-26T17:05:26.704-07:00,429.096,drawing,,open,,22.388964,2.956250,47.92,118.25,19.90,67.81,22.80,73.04,1420,1151,1020,228,WH-station1,2026-08-26T17:05:26.524-07:00
water_draw_1,2026-08-26T17:05:27.209-07:00,429.601,drawing,,open,,22.414003,2.976667,47.92,118.25,19.58,67.25,22.80,73.04,1420,1148,1024,228,WH-station1,2026-08-26T17:05:27.029-07:00
water_draw_1,2026-08-26T17:05:27.714-07:00,430.106,drawing,,open,,22.438959,2.966458,47.81,118.06,19.27,66.69,22.70,72.86,1419,1145,1022,227,WH-station1,2026-08-26T17:05:27.533-07:00
water_draw_1,2026-08-26T17:05:28.219-07:00,430.611,drawing,,open,,22.463788,2.951146,47.81,118.06,19.58,67.25,23.00,73.40,1419,1148,1019,230,WH-station1,2026-08-26T17:05:28.038-07:00
water_draw_1,2026-08-26T17:05:28.724-07:00,431.116,drawing,,open,,22.488747,2.966458,48.12,118.62,19.38,66.88,22.90,73.22,1422,1146,1022,229,WH-station1,2026-08-26T17:05:28.543-07:00
water_draw_1,2026-08-26T17:05:29.228-07:00,431.620,drawing,,open,,22.513784,2.976667,47.81,118.06,19.48,67.06,22.90,73.22,1419,1147,1024,229,WH-station1,2026-08-26T17:05:29.048-07:00
water_draw_1,2026-08-26T17:05:29.733-07:00,432.125,drawing,,open,,22.538777,2.971563,48.02,118.44,19.38,66.88,22.90,73.22,1421,1146,1023,229,WH-station1,2026-08-26T17:05:29.552-07:00
water_draw_1,2026-08-26T17:05:30.238-07:00,432.630,drawing,,open,,22.563692,2.961354,47.71,117.88,19.48,67.06,23.00,73.40,1418,1147,1021,230,WH-station1,2026-08-26T17:05:30.057-07:00
water_draw_1,2026-08-26T17:05:30.742-07:00,433.134,drawing,,open,,22.588686,2.971563,47.50,117.50,19.48,67.06,22.60,72.68,1416,1147,1023,226,WH-station1,2026-08-26T17:05:30.562-07:00
water_draw_1,2026-08-26T17:05:31.247-07:00,433.639,drawing,,open,,22.613514,2.951146,47.81,118.06,19.06,66.31,22.60,72.68,1419,1143,1019,226,WH-station1,2026-08-26T17:05:31.067-07:00
water_draw_1,2026-08-26T17:05:31.752-07:00,434.144,drawing,,open,,22.638468,2.966458,48.02,118.44,19.27,66.69,22.60,72.68,1421,1145,1022,226,WH-station1,2026-08-26T17:05:31.571-07:00
water_draw_1,2026-08-26T17:05:32.257-07:00,434.649,drawing,,open,,22.663464,2.971563,48.02,118.44,19.27,66.69,22.60,72.68,1421,1145,1023,226,WH-station1,2026-08-26T17:05:32.076-07:00
water_draw_1,2026-08-26T17:05:32.761-07:00,435.153,drawing,,open,,22.688589,2.986875,47.81,118.06,19.27,66.69,22.90,73.22,1419,1145,1026,229,WH-station1,2026-08-26T17:05:32.581-07:00
water_draw_1,2026-08-26T17:05:33.266-07:00,435.658,drawing,,open,,22.713677,2.981771,48.02,118.44,19.27,66.69,22.60,72.68,1421,1145,1025,226,WH-station1,2026-08-26T17:05:33.085-07:00
water_draw_1,2026-08-26T17:05:33.771-07:00,436.163,drawing,,open,,22.738628,2.966458,47.60,117.69,19.38,66.88,22.80,73.04,1417,1146,1022,228,WH-station1,2026-08-26T17:05:33.590-07:00
water_draw_1,2026-08-26T17:05:34.275-07:00,436.667,drawing,,open,,22.763494,2.956250,47.81,118.06,19.17,66.50,22.70,72.86,1419,1144,1020,227,WH-station1,2026-08-26T17:05:34.095-07:00
water_draw_1,2026-08-26T17:05:34.780-07:00,437.172,drawing,,open,,22.788574,2.981771,47.81,118.06,19.38,66.88,22.90,73.22,1419,1146,1025,229,WH-station1,2026-08-26T17:05:34.599-07:00
water_draw_1,2026-08-26T17:05:35.285-07:00,437.677,drawing,,open,,22.813699,2.986875,47.81,118.06,19.17,66.50,22.70,72.86,1419,1144,1026,227,WH-station1,2026-08-26T17:05:35.104-07:00
water_draw_1,2026-08-26T17:05:35.790-07:00,438.182,drawing,,open,,22.838787,2.981771,47.92,118.25,19.17,66.50,22.80,73.04,1420,1144,1025,228,WH-station1,2026-08-26T17:05:35.609-07:00
water_draw_1,2026-08-26T17:05:36.294-07:00,438.686,drawing,,open,,22.864082,3.007292,47.71,117.88,19.58,67.25,23.00,73.40,1418,1148,1030,230,WH-station1,2026-08-26T17:05:36.114-07:00
water_draw_1,2026-08-26T17:05:36.797-07:00,439.191,drawing,,open,,22.888945,2.956250,47.92,118.25,19.17,66.50,22.80,73.04,1420,1144,1020,228,WH-station1,2026-08-26T17:05:36.618-07:00
water_draw_1,2026-08-26T17:05:37.299-07:00,439.693,drawing,,open,,22.914025,2.997083,47.92,118.25,19.58,67.25,22.60,72.68,1420,1148,1028,226,WH-station1,2026-08-26T17:05:37.123-07:00
water_draw_1,2026-08-26T17:05:37.801-07:00,440.195,drawing,,open,,22.938799,2.961354,47.92,118.25,19.17,66.50,22.90,73.22,1420,1144,1021,229,WH-station1,2026-08-26T17:05:37.628-07:00
water_draw_1,2026-08-26T17:05:38.303-07:00,440.697,drawing,,open,,22.963704,2.976667,48.02,118.44,19.38,66.88,22.80,73.04,1421,1146,1024,228,WH-station1,2026-08-26T17:05:38.133-07:00
water_draw_1,2026-08-26T17:05:38.805-07:00,441.199,drawing,,open,,22.988649,2.981771,47.81,118.06,19.38,66.88,22.60,72.68,1419,1146,1025,226,WH-station1,2026-08-26T17:05:38.637-07:00
water_draw_1,2026-08-26T17:05:39.306-07:00,441.701,drawing,,open,,23.013594,2.981771,47.81,118.06,19.27,66.69,23.10,73.58,1419,1145,1025,231,WH-station1,2026-08-26T17:05:39.142-07:00
water_draw_1,2026-08-26T17:05:39.808-07:00,442.203,drawing,,open,,23.038627,2.991979,47.92,118.25,19.06,66.31,22.70,72.86,1420,1143,1027,227,WH-station1,2026-08-26T17:05:39.647-07:00
water_draw_1,2026-08-26T17:05:40.310-07:00,442.705,drawing,,open,,23.063444,2.966458,47.92,118.25,19.48,67.06,22.80,73.04,1420,1147,1022,228,WH-station1,2026-08-26T17:05:40.152-07:00
water_draw_1,2026-08-26T17:05:40.812-07:00,443.207,drawing,,open,,23.088348,2.976667,48.02,118.44,19.38,66.88,22.90,73.22,1421,1146,1024,229,WH-station1,2026-08-26T17:05:40.657-07:00
water_draw_1,2026-08-26T17:05:41.314-07:00,443.709,drawing,,open,,23.113294,2.981771,47.81,118.06,18.75,65.75,22.90,73.22,1419,1140,1025,229,WH-station1,2026-08-26T17:05:41.161-07:00
water_draw_1,2026-08-26T17:05:41.819-07:00,444.211,drawing,,open,,23.138198,2.976667,47.81,118.06,19.38,66.88,22.70,72.86,1419,1146,1024,227,WH-station1,2026-08-26T17:05:41.666-07:00
water_draw_1,2026-08-26T17:05:42.323-07:00,444.715,drawing,,open,,23.163407,2.997083,48.02,118.44,18.96,66.13,23.00,73.40,1421,1142,1028,230,WH-station1,2026-08-26T17:05:42.171-07:00
water_draw_1,2026-08-26T17:05:42.828-07:00,445.220,drawing,,open,,23.188358,2.966458,47.71,117.88,19.27,66.69,23.10,73.58,1418,1145,1022,231,WH-station1,2026-08-26T17:05:42.675-07:00
water_draw_1,2026-08-26T17:05:43.333-07:00,445.725,drawing,,open,,23.213356,2.971563,47.92,118.25,19.17,66.50,22.90,73.22,1420,1144,1023,229,WH-station1,2026-08-26T17:05:43.180-07:00
water_draw_1,2026-08-26T17:05:43.838-07:00,446.230,drawing,,open,,23.238272,2.961354,47.71,117.88,18.85,65.94,22.70,72.86,1418,1141,1021,227,WH-station1,2026-08-26T17:05:43.685-07:00
water_draw_1,2026-08-26T17:05:44.342-07:00,446.734,drawing,,open,,23.263180,2.961354,47.60,117.69,19.06,66.31,22.80,73.04,1417,1143,1021,228,WH-station1,2026-08-26T17:05:44.190-07:00
water_draw_1,2026-08-26T17:05:44.847-07:00,447.239,drawing,,open,,23.288261,2.981771,47.92,118.25,19.17,66.50,23.00,73.40,1420,1144,1025,230,WH-station1,2026-08-26T17:05:44.694-07:00
water_draw_1,2026-08-26T17:05:45.352-07:00,447.744,drawing,,open,,23.313210,2.966458,47.81,118.06,19.27,66.69,22.60,72.68,1419,1145,1022,226,WH-station1,2026-08-26T17:05:45.199-07:00
water_draw_1,2026-08-26T17:05:45.856-07:00,448.248,drawing,,open,,23.338204,2.971563,47.92,118.25,19.17,66.50,22.40,72.32,1420,1144,1023,224,WH-station1,2026-08-26T17:05:45.704-07:00
water_draw_1,2026-08-26T17:05:46.361-07:00,448.753,drawing,,open,,23.363159,2.966458,47.60,117.69,18.96,66.13,22.90,73.22,1417,1142,1022,229,WH-station1,2026-08-26T17:05:46.209-07:00
water_draw_1,2026-08-26T17:05:46.866-07:00,449.258,drawing,,open,,23.388026,2.956250,47.92,118.25,19.06,66.31,22.90,73.22,1420,1143,1020,229,WH-station1,2026-08-26T17:05:46.713-07:00
water_draw_1,2026-08-26T17:05:47.370-07:00,449.762,drawing,,open,,23.412934,2.961354,47.71,117.88,19.27,66.69,22.80,73.04,1418,1145,1021,228,WH-station1,2026-08-26T17:05:47.218-07:00
water_draw_1,2026-08-26T17:05:47.875-07:00,450.267,drawing,,open,,23.437973,2.976667,47.71,117.88,19.17,66.50,22.60,72.68,1418,1144,1024,226,WH-station1,2026-08-26T17:05:47.723-07:00
water_draw_1,2026-08-26T17:05:48.380-07:00,450.772,drawing,,open,,23.463015,2.976667,47.92,118.25,19.27,66.69,22.80,73.04,1420,1145,1024,228,WH-station1,2026-08-26T17:05:48.227-07:00
water_draw_1,2026-08-26T17:05:48.885-07:00,451.277,drawing,,open,,23.488014,2.971563,47.92,118.25,19.38,66.88,22.80,73.04,1420,1146,1023,228,WH-station1,2026-08-26T17:05:48.732-07:00
water_draw_1,2026-08-26T17:05:49.389-07:00,451.781,drawing,,open,,23.512797,2.946042,47.81,118.06,18.96,66.13,22.80,73.04,1419,1142,1018,228,WH-station1,2026-08-26T17:05:49.237-07:00
water_draw_1,2026-08-26T17:05:49.894-07:00,452.286,drawing,,open,,23.538009,2.997083,47.92,118.25,19.27,66.69,23.10,73.58,1420,1145,1028,231,WH-station1,2026-08-26T17:05:49.742-07:00
water_draw_1,2026-08-26T17:05:50.399-07:00,452.791,drawing,,open,,23.563217,2.997083,47.60,117.69,18.85,65.94,22.80,73.04,1417,1141,1028,228,WH-station1,2026-08-26T17:05:50.246-07:00
water_draw_1,2026-08-26T17:05:50.904-07:00,453.296,drawing,,open,,23.588429,2.997083,47.81,118.06,19.06,66.31,22.60,72.68,1419,1143,1028,226,WH-station1,2026-08-26T17:05:50.751-07:00
water_draw_1,2026-08-26T17:05:51.408-07:00,453.800,drawing,,open,,23.613339,2.961354,47.92,118.25,18.85,65.94,22.90,73.22,1420,1141,1021,229,WH-station1,2026-08-26T17:05:51.256-07:00
water_draw_1,2026-08-26T17:05:51.913-07:00,454.305,drawing,,open,,23.638507,2.991979,47.81,118.06,19.17,66.50,22.70,72.86,1419,1144,1027,227,WH-station1,2026-08-26T17:05:51.761-07:00
water_draw_1,2026-08-26T17:05:52.418-07:00,454.810,drawing,,open,,23.663504,2.971563,47.71,117.88,18.96,66.13,22.90,73.22,1418,1142,1023,229,WH-station1,2026-08-26T17:05:52.266-07:00
water_draw_1,2026-08-26T17:05:52.922-07:00,455.314,drawing,,open,,23.688799,3.007292,47.50,117.50,19.17,66.50,22.80,73.04,1416,1144,1030,228,WH-station1,2026-08-26T17:05:52.770-07:00
water_draw_1,2026-08-26T17:05:53.427-07:00,455.819,drawing,,open,,23.713881,2.981771,47.92,118.25,18.96,66.13,22.60,72.68,1420,1142,1025,226,WH-station1,2026-08-26T17:05:53.275-07:00
water_draw_1,2026-08-26T17:05:53.932-07:00,456.324,drawing,,open,,23.739134,3.002187,47.92,118.25,18.85,65.94,22.80,73.04,1420,1141,1029,228,WH-station1,2026-08-26T17:05:53.780-07:00
water_draw_1,2026-08-26T17:05:54.436-07:00,456.828,drawing,,open,,23.764129,2.971563,47.81,118.06,18.85,65.94,23.10,73.58,1419,1141,1023,231,WH-station1,2026-08-26T17:05:54.285-07:00
water_draw_1,2026-08-26T17:05:54.941-07:00,457.333,drawing,,open,,23.789430,3.007292,47.81,118.06,19.17,66.50,22.60,72.68,1419,1144,1030,226,WH-station1,2026-08-26T17:05:54.789-07:00
water_draw_1,2026-08-26T17:05:55.446-07:00,457.838,drawing,,open,,23.814470,2.976667,47.71,117.88,19.06,66.31,22.70,72.86,1418,1143,1024,227,WH-station1,2026-08-26T17:05:55.294-07:00
water_draw_1,2026-08-26T17:05:55.951-07:00,458.343,drawing,,open,,23.839424,2.966458,47.81,118.06,19.17,66.50,22.70,72.86,1419,1144,1022,227,WH-station1,2026-08-26T17:05:55.799-07:00
water_draw_1,2026-08-26T17:05:56.455-07:00,458.847,drawing,,open,,23.864290,2.956250,47.60,117.69,18.96,66.13,22.60,72.68,1417,1142,1020,226,WH-station1,2026-08-26T17:05:56.304-07:00
water_draw_1,2026-08-26T17:05:56.960-07:00,459.352,drawing,,open,,23.889329,2.976667,47.71,117.88,18.96,66.13,22.90,73.22,1418,1142,1024,229,WH-station1,2026-08-26T17:05:56.809-07:00
water_draw_1,2026-08-26T17:05:57.465-07:00,459.857,drawing,,open,,23.914454,2.986875,47.81,118.06,18.85,65.94,22.70,72.86,1419,1141,1026,227,WH-station1,2026-08-26T17:05:57.313-07:00
water_draw_1,2026-08-26T17:05:57.970-07:00,460.362,drawing,,open,,23.939715,3.002187,47.71,117.88,18.96,66.13,22.60,72.68,1418,1142,1029,226,WH-station1,2026-08-26T17:05:57.818-07:00
water_draw_1,2026-08-26T17:05:58.475-07:00,460.866,drawing,,open,,23.964977,3.002187,47.60,117.69,19.06,66.31,23.00,73.40,1417,1143,1029,230,WH-station1,2026-08-26T17:05:58.323-07:00
water_draw_1,2026-08-26T17:05:58.979-07:00,461.371,drawing,,open,,23.990061,2.981771,47.71,117.88,18.65,65.56,22.80,73.04,1418,1139,1025,228,WH-station1,2026-08-26T17:05:58.828-07:00
water_draw_1,2026-08-26T17:05:59.484-07:00,461.876,drawing,,open,,24.015228,2.991979,47.81,118.06,18.75,65.75,23.10,73.58,1419,1140,1027,231,WH-station1,2026-08-26T17:05:59.332-07:00
water_draw_1,2026-08-26T17:05:59.989-07:00,462.381,drawing,,open,,24.040313,2.981771,48.02,118.44,19.27,66.69,22.90,73.22,1421,1145,1025,229,WH-station1,2026-08-26T17:05:59.837-07:00
water_draw_1,2026-08-26T17:06:00.493-07:00,462.885,drawing,,open,,24.065438,2.986875,47.50,117.50,18.96,66.13,23.20,73.76,1416,1142,1026,232,WH-station1,2026-08-26T17:06:00.342-07:00
water_draw_1,2026-08-26T17:06:00.998-07:00,463.390,drawing,,open,,24.090350,2.961354,47.50,117.50,18.96,66.13,22.80,73.04,1416,1142,1021,228,WH-station1,2026-08-26T17:06:00.847-07:00
water_draw_1,2026-08-26T17:06:01.503-07:00,463.895,drawing,,open,,24.115563,2.997083,47.60,117.69,18.96,66.13,22.50,72.50,1417,1142,1028,225,WH-station1,2026-08-26T17:06:01.351-07:00
water_draw_1,2026-08-26T17:06:02.008-07:00,464.400,drawing,,open,,24.140479,2.961354,47.60,117.69,18.96,66.13,22.80,73.04,1417,1142,1021,228,WH-station1,2026-08-26T17:06:01.856-07:00
water_draw_1,2026-08-26T17:06:02.512-07:00,464.904,drawing,,open,,24.165607,2.986875,47.71,117.88,18.85,65.94,22.90,73.22,1418,1141,1026,229,WH-station1,2026-08-26T17:06:02.361-07:00
water_draw_1,2026-08-26T17:06:03.017-07:00,465.409,drawing,,open,,24.190949,3.012396,47.92,118.25,19.17,66.50,23.00,73.40,1420,1144,1031,230,WH-station1,2026-08-26T17:06:02.866-07:00
water_draw_1,2026-08-26T17:06:03.522-07:00,465.914,drawing,,open,,24.216206,3.002187,47.71,117.88,18.75,65.75,22.70,72.86,1418,1140,1029,227,WH-station1,2026-08-26T17:06:03.370-07:00
water_draw_1,2026-08-26T17:06:04.027-07:00,466.419,drawing,,open,,24.241460,3.002187,47.50,117.50,19.17,66.50,22.80,73.04,1416,1144,1029,228,WH-station1,2026-08-26T17:06:03.875-07:00
water_draw_1,2026-08-26T17:06:04.531-07:00,466.923,drawing,,open,,24.266586,2.986875,47.60,117.69,19.06,66.31,23.10,73.58,1417,1143,1026,231,WH-station1,2026-08-26T17:06:04.380-07:00
water_draw_1,2026-08-26T17:06:05.036-07:00,467.428,drawing,,open,,24.291796,2.997083,47.81,118.06,18.85,65.94,23.00,73.40,1419,1141,1028,230,WH-station1,2026-08-26T17:06:04.885-07:00
water_draw_1,2026-08-26T17:06:05.541-07:00,467.933,drawing,,open,,24.316976,2.991979,47.81,118.06,18.75,65.75,22.70,72.86,1419,1140,1027,227,WH-station1,2026-08-26T17:06:05.389-07:00
water_draw_1,2026-08-26T17:06:06.046-07:00,468.438,drawing,,open,,24.342019,2.976667,47.81,118.06,18.96,66.13,22.60,72.68,1419,1142,1024,226,WH-station1,2026-08-26T17:06:05.894-07:00
water_draw_1,2026-08-26T17:06:06.551-07:00,468.943,drawing,,open,,24.367228,2.997083,47.81,118.06,18.96,66.13,23.10,73.58,1419,1142,1028,231,WH-station1,2026-08-26T17:06:06.399-07:00
water_draw_1,2026-08-26T17:06:07.055-07:00,469.447,drawing,,open,,24.392438,2.997083,47.71,117.88,18.96,66.13,22.90,73.22,1418,1142,1028,229,WH-station1,2026-08-26T17:06:06.904-07:00
water_draw_1,2026-08-26T17:06:07.560-07:00,469.952,drawing,,open,,24.417648,2.997083,47.81,118.06,18.75,65.75,22.70,72.86,1419,1140,1028,227,WH-station1,2026-08-26T17:06:07.408-07:00
water_draw_1,2026-08-26T17:06:08.065-07:00,470.457,drawing,,open,,24.442813,2.991979,47.71,117.88,19.06,66.31,22.70,72.86,1418,1143,1027,227,WH-station1,2026-08-26T17:06:07.913-07:00
water_draw_1,2026-08-26T17:06:08.569-07:00,470.961,drawing,,open,,24.467600,2.946042,47.81,118.06,19.06,66.31,22.60,72.68,1419,1143,1018,226,WH-station1,2026-08-26T17:06:08.418-07:00
water_draw_1,2026-08-26T17:06:09.074-07:00,471.466,drawing,,open,,24.492727,2.986875,47.71,117.88,18.65,65.56,23.00,73.40,1418,1139,1026,230,WH-station1,2026-08-26T17:06:08.923-07:00
water_draw_1,2026-08-26T17:06:09.579-07:00,471.971,drawing,,open,,24.517592,2.956250,47.71,117.88,19.27,66.69,23.10,73.58,1418,1145,1020,231,WH-station1,2026-08-26T17:06:09.427-07:00
water_draw_1,2026-08-26T17:06:10.083-07:00,472.475,drawing,,open,,24.542671,2.981771,47.81,118.06,18.75,65.75,22.60,72.68,1419,1140,1025,226,WH-station1,2026-08-26T17:06:09.932-07:00
water_draw_1,2026-08-26T17:06:10.588-07:00,472.980,drawing,,open,,24.567838,2.991979,47.71,117.88,19.17,66.50,23.00,73.40,1418,1144,1027,230,WH-station1,2026-08-26T17:06:10.437-07:00
water_draw_1,2026-08-26T17:06:11.093-07:00,473.485,drawing,,open,,24.592839,2.971563,47.71,117.88,18.85,65.94,22.80,73.04,1418,1141,1023,228,WH-station1,2026-08-26T17:06:10.942-07:00
water_draw_1,2026-08-26T17:06:11.598-07:00,473.990,drawing,,open,,24.617926,2.981771,47.81,118.06,18.54,65.38,22.60,72.68,1419,1138,1025,226,WH-station1,2026-08-26T17:06:11.447-07:00
water_draw_1,2026-08-26T17:06:12.102-07:00,474.494,drawing,,open,,24.643178,3.002187,47.71,117.88,19.06,66.31,23.10,73.58,1418,1143,1029,231,WH-station1,2026-08-26T17:06:11.951-07:00
water_draw_1,2026-08-26T17:06:12.607-07:00,474.999,drawing,,open,,24.668130,2.966458,47.81,118.06,18.54,65.38,23.00,73.40,1419,1138,1022,230,WH-station1,2026-08-26T17:06:12.456-07:00
water_draw_1,2026-08-26T17:06:13.112-07:00,475.504,drawing,,open,,24.693080,2.966458,47.92,118.25,19.06,66.31,23.10,73.58,1420,1143,1022,231,WH-station1,2026-08-26T17:06:12.961-07:00
water_draw_1,2026-08-26T17:06:13.617-07:00,476.008,drawing,,open,,24.717864,2.946042,47.81,118.06,18.75,65.75,22.90,73.22,1419,1140,1018,229,WH-station1,2026-08-26T17:06:13.465-07:00
water_draw_1,2026-08-26T17:06:14.121-07:00,476.513,drawing,,open,,24.743077,2.997083,47.60,117.69,18.75,65.75,23.10,73.58,1417,1140,1028,231,WH-station1,2026-08-26T17:06:13.970-07:00
water_draw_1,2026-08-26T17:06:14.626-07:00,477.018,drawing,,open,,24.768078,2.971563,47.81,118.06,18.65,65.56,23.10,73.58,1419,1139,1023,231,WH-station1,2026-08-26T17:06:14.475-07:00
water_draw_1,2026-08-26T17:06:15.131-07:00,477.523,drawing,,open,,24.793116,2.976667,47.60,117.69,19.06,66.31,22.80,73.04,1417,1143,1024,228,WH-station1,2026-08-26T17:06:14.980-07:00
water_draw_1,2026-08-26T17:06:15.636-07:00,478.027,drawing,,open,,24.818114,2.971563,48.02,118.44,18.85,65.94,22.70,72.86,1421,1141,1023,227,WH-station1,2026-08-26T17:06:15.484-07:00
water_draw_1,2026-08-26T17:06:16.140-07:00,478.532,drawing,,open,,24.842983,2.956250,48.02,118.44,18.96,66.13,22.80,73.04,1421,1142,1020,228,WH-station1,2026-08-26T17:06:15.989-07:00
water_draw_1,2026-08-26T17:06:16.645-07:00,479.037,drawing,,open,,24.867763,2.946042,47.92,118.25,18.96,66.13,22.90,73.22,1420,1142,1018,229,WH-station1,2026-08-26T17:06:16.494-07:00
water_draw_1,2026-08-26T17:06:17.150-07:00,479.542,drawing,,open,,24.892374,2.925625,47.81,118.06,18.96,66.13,23.10,73.58,1419,1142,1014,231,WH-station1,2026-08-26T17:06:16.999-07:00
water_draw_1,2026-08-26T17:06:17.654-07:00,480.046,drawing,,open,,24.917414,2.976667,48.02,118.44,18.54,65.38,22.70,72.86,1421,1138,1024,227,WH-station1,2026-08-26T17:06:17.503-07:00
water_draw_1,2026-08-26T17:06:18.159-07:00,480.551,drawing,,open,,24.942324,2.961354,47.92,118.25,19.38,66.88,22.50,72.50,1420,1146,1021,225,WH-station1,2026-08-26T17:06:18.008-07:00
water_draw_1,2026-08-26T17:06:18.664-07:00,481.056,drawing,,open,,24.967366,2.976667,48.02,118.44,18.85,65.94,22.80,73.04,1421,1141,1024,228,WH-station1,2026-08-26T17:06:18.513-07:00
water_draw_1,2026-08-26T17:06:19.169-07:00,481.561,drawing,,open,,24.992534,2.991979,47.92,118.25,18.85,65.94,22.50,72.50,1420,1141,1027,225,WH-station1,2026-08-26T17:06:19.018-07:00
water_draw_1,2026-08-26T17:06:19.673-07:00,482.065,drawing,,open,,25.017662,2.986875,47.71,117.88,18.54,65.38,22.60,72.68,1418,1138,1026,226,WH-station1,2026-08-26T17:06:19.522-07:00
water_draw_1,2026-08-26T17:06:20.178-07:00,482.570,drawing,,open,,25.042615,2.966458,47.71,117.88,18.96,66.13,22.90,73.22,1418,1142,1022,229,WH-station1,2026-08-26T17:06:20.027-07:00
water_draw_1,2026-08-26T17:06:20.683-07:00,483.075,drawing,,open,,25.067523,2.961354,47.60,117.69,18.75,65.75,22.70,72.86,1417,1140,1021,227,WH-station1,2026-08-26T17:06:20.532-07:00
water_draw_1,2026-08-26T17:06:21.187-07:00,483.579,drawing,,open,,25.092606,2.981771,47.71,117.88,18.75,65.75,22.70,72.86,1418,1140,1025,227,WH-station1,2026-08-26T17:06:21.037-07:00
water_draw_1,2026-08-26T17:06:21.692-07:00,484.084,drawing,,open,,25.117689,2.981771,47.81,118.06,19.06,66.31,22.70,72.86,1419,1143,1025,227,WH-station1,2026-08-26T17:06:21.541-07:00
water_draw_1,2026-08-26T17:06:22.197-07:00,484.589,drawing,,open,,25.142557,2.956250,47.81,118.06,18.85,65.94,22.60,72.68,1419,1141,1020,226,WH-station1,2026-08-26T17:06:22.046-07:00
water_draw_1,2026-08-26T17:06:22.702-07:00,485.094,drawing,,open,,25.167600,2.976667,47.92,118.25,18.96,66.13,22.60,72.68,1420,1142,1024,226,WH-station1,2026-08-26T17:06:22.551-07:00
water_draw_1,2026-08-26T17:06:23.206-07:00,485.598,drawing,,open,,25.192426,2.951146,47.71,117.88,18.54,65.38,22.80,73.04,1418,1138,1019,228,WH-station1,2026-08-26T17:06:23.056-07:00
water_draw_1,2026-08-26T17:06:23.711-07:00,486.103,drawing,,open,,25.217592,2.991979,47.71,117.88,18.65,65.56,22.90,73.22,1418,1139,1027,229,WH-station1,2026-08-26T17:06:23.560-07:00
water_draw_1,2026-08-26T17:06:24.216-07:00,486.608,drawing,,open,,25.242629,2.976667,47.92,118.25,18.85,65.94,22.60,72.68,1420,1141,1024,226,WH-station1,2026-08-26T17:06:24.065-07:00
water_draw_1,2026-08-26T17:06:24.720-07:00,487.112,drawing,,open,,25.267708,2.981771,47.81,118.06,18.85,65.94,22.60,72.68,1419,1141,1025,226,WH-station1,2026-08-26T17:06:24.570-07:00
water_draw_1,2026-08-26T17:06:25.225-07:00,487.617,drawing,,open,,25.292875,2.991979,47.71,117.88,18.65,65.56,22.40,72.32,1418,1139,1027,224,WH-station1,2026-08-26T17:06:25.075-07:00
water_draw_1,2026-08-26T17:06:25.730-07:00,488.122,drawing,,open,,25.317967,2.981771,47.71,117.88,18.96,66.13,23.00,73.40,1418,1142,1025,230,WH-station1,2026-08-26T17:06:25.580-07:00
water_draw_1,2026-08-26T17:06:26.235-07:00,488.627,drawing,,open,,25.343180,2.997083,47.71,117.88,18.65,65.56,22.60,72.68,1418,1139,1028,226,WH-station1,2026-08-26T17:06:26.085-07:00
water_draw_1,2026-08-26T17:06:26.739-07:00,489.131,drawing,,open,,25.368348,2.991979,47.81,118.06,19.17,66.50,23.00,73.40,1419,1144,1027,230,WH-station1,2026-08-26T17:06:26.589-07:00
water_draw_1,2026-08-26T17:06:27.244-07:00,489.636,drawing,,open,,25.393427,2.981771,47.81,118.06,18.75,65.75,22.80,73.04,1419,1140,1025,228,WH-station1,2026-08-26T17:06:27.094-07:00
water_draw_1,2026-08-26T17:06:27.749-07:00,490.141,drawing,,open,,25.418552,2.986875,47.71,117.88,19.06,66.31,22.90,73.22,1418,1143,1026,229,WH-station1,2026-08-26T17:06:27.599-07:00
water_draw_1,2026-08-26T17:06:28.254-07:00,490.646,drawing,,open,,25.443691,2.986875,47.71,117.88,18.54,65.38,22.90,73.22,1418,1138,1026,229,WH-station1,2026-08-26T17:06:28.103-07:00
water_draw_1,2026-08-26T17:06:28.759-07:00,491.151,drawing,,open,,25.468607,2.961354,47.71,117.88,18.65,65.56,23.10,73.58,1418,1139,1021,231,WH-station1,2026-08-26T17:06:28.608-07:00
water_draw_1,2026-08-26T17:06:29.263-07:00,491.655,drawing,,open,,25.493860,3.002187,47.71,117.88,18.65,65.56,23.00,73.40,1418,1139,1029,230,WH-station1,2026-08-26T17:06:29.113-07:00
water_draw_1,2026-08-26T17:06:29.768-07:00,492.160,drawing,,open,,25.519070,2.997083,47.60,117.69,18.96,66.13,22.70,72.86,1417,1142,1028,227,WH-station1,2026-08-26T17:06:29.618-07:00
water_draw_1,2026-08-26T17:06:30.273-07:00,492.665,drawing,,open,,25.544192,2.986875,47.92,118.25,18.85,65.94,23.10,73.58,1420,1141,1026,231,WH-station1,2026-08-26T17:06:30.122-07:00
water_draw_1,2026-08-26T17:06:30.777-07:00,493.169,drawing,,open,,25.569493,3.007292,47.50,117.50,18.75,65.75,22.90,73.22,1416,1140,1030,229,WH-station1,2026-08-26T17:06:30.627-07:00
water_draw_1,2026-08-26T17:06:31.282-07:00,493.674,drawing,,open,,25.594450,2.966458,48.02,118.44,18.85,65.94,22.70,72.86,1421,1141,1022,227,WH-station1,2026-08-26T17:06:31.132-07:00
water_draw_1,2026-08-26T17:06:31.787-07:00,494.179,drawing,,open,,25.619489,2.976667,47.71,117.88,18.65,65.56,22.70,72.86,1418,1139,1024,227,WH-station1,2026-08-26T17:06:31.637-07:00
water_draw_1,2026-08-26T17:06:32.292-07:00,494.684,drawing,,open,,25.644697,2.997083,47.71,117.88,18.54,65.38,22.60,72.68,1418,1138,1028,226,WH-station1,2026-08-26T17:06:32.142-07:00
water_draw_1,2026-08-26T17:06:32.796-07:00,495.188,drawing,,open,,25.669866,2.991979,48.02,118.44,18.96,66.13,22.80,73.04,1421,1142,1027,228,WH-station1,2026-08-26T17:06:32.646-07:00
water_draw_1,2026-08-26T17:06:33.301-07:00,495.693,drawing,,open,,25.695083,2.997083,47.92,118.25,18.96,66.13,23.00,73.40,1420,1142,1028,230,WH-station1,2026-08-26T17:06:33.151-07:00
water_draw_1,2026-08-26T17:06:33.806-07:00,496.198,drawing,,open,,25.720128,2.976667,47.81,118.06,18.75,65.75,22.80,73.04,1419,1140,1024,228,WH-station1,2026-08-26T17:06:33.656-07:00
water_draw_1,2026-08-26T17:06:34.311-07:00,496.703,drawing,,open,,25.745294,2.991979,47.71,117.88,18.96,66.13,23.00,73.40,1418,1142,1027,230,WH-station1,2026-08-26T17:06:34.161-07:00
water_draw_1,2026-08-26T17:06:34.815-07:00,497.207,drawing,,open,,25.770373,2.981771,47.71,117.88,18.44,65.19,22.70,72.86,1418,1137,1025,227,WH-station1,2026-08-26T17:06:34.665-07:00
water_draw_1,2026-08-26T17:06:35.320-07:00,497.712,drawing,,open,,25.795240,2.956250,47.60,117.69,18.44,65.19,22.80,73.04,1417,1137,1020,228,WH-station1,2026-08-26T17:06:35.170-07:00
water_draw_1,2026-08-26T17:06:35.825-07:00,498.217,drawing,,open,,25.820409,2.991979,47.60,117.69,18.65,65.56,22.80,73.04,1417,1139,1027,228,WH-station1,2026-08-26T17:06:35.675-07:00
water_draw_1,2026-08-26T17:06:36.330-07:00,498.722,drawing,,open,,25.845507,2.981771,47.71,117.88,18.54,65.38,22.70,72.86,1418,1138,1025,227,WH-station1,2026-08-26T17:06:36.180-07:00
water_draw_1,2026-08-26T17:06:36.832-07:00,499.226,drawing,,open,,25.870457,2.966458,47.71,117.88,18.85,65.94,23.00,73.40,1418,1141,1022,230,WH-station1,2026-08-26T17:06:36.684-07:00
water_draw_1,2026-08-26T17:06:37.334-07:00,499.728,drawing,,open,,25.895406,2.981771,47.92,118.25,18.75,65.75,22.90,73.22,1420,1140,1025,229,WH-station1,2026-08-26T17:06:37.189-07:00
water_draw_1,2026-08-26T17:06:37.836-07:00,500.230,drawing,,open,,25.920183,2.961354,47.71,117.88,18.96,66.13,22.90,73.22,1418,1142,1021,229,WH-station1,2026-08-26T17:06:37.694-07:00
water_draw_1,2026-08-26T17:06:38.338-07:00,500.732,drawing,,open,,25.945089,2.976667,48.02,118.44,18.85,65.94,22.80,73.04,1421,1141,1024,228,WH-station1,2026-08-26T17:06:38.199-07:00
water_draw_1,2026-08-26T17:06:38.840-07:00,501.234,drawing,,open,,25.970078,2.986875,47.71,117.88,19.17,66.50,23.10,73.58,1418,1144,1026,231,WH-station1,2026-08-26T17:06:38.703-07:00
water_draw_1,2026-08-26T17:06:39.342-07:00,501.736,drawing,,open,,25.994937,2.971563,47.71,117.88,18.75,65.75,22.80,73.04,1418,1140,1023,228,WH-station1,2026-08-26T17:06:39.208-07:00
water_draw_1,2026-08-26T17:06:39.844-07:00,502.238,drawing,,open,,26.019927,2.986875,47.71,117.88,18.75,65.75,22.70,72.86,1418,1140,1026,227,WH-station1,2026-08-26T17:06:39.713-07:00
water_draw_1,2026-08-26T17:06:40.346-07:00,502.740,drawing,,open,,26.044701,2.961354,47.92,118.25,18.75,65.75,23.00,73.40,1420,1140,1021,230,WH-station1,2026-08-26T17:06:40.218-07:00
water_draw_1,2026-08-26T17:06:40.848-07:00,503.242,drawing,,open,,26.069606,2.976667,47.60,117.69,18.85,65.94,22.70,72.86,1417,1141,1024,227,WH-station1,2026-08-26T17:06:40.722-07:00
water_draw_1,2026-08-26T17:06:41.350-07:00,503.744,drawing,,open,,26.094510,2.976667,47.71,117.88,18.75,65.75,23.00,73.40,1418,1140,1024,230,WH-station1,2026-08-26T17:06:41.227-07:00
water_draw_1,2026-08-26T17:06:41.854-07:00,504.246,drawing,,open,,26.119544,2.991979,47.71,117.88,18.44,65.19,22.70,72.86,1418,1137,1027,227,WH-station1,2026-08-26T17:06:41.732-07:00
water_draw_1,2026-08-26T17:06:42.359-07:00,504.751,drawing,,open,,26.144579,2.976667,47.50,117.50,18.75,65.75,22.90,73.22,1416,1140,1024,229,WH-station1,2026-08-26T17:06:42.237-07:00
water_draw_1,2026-08-26T17:06:42.864-07:00,505.256,drawing,,open,,26.169661,2.981771,47.71,117.88,18.65,65.56,23.00,73.40,1418,1139,1025,230,WH-station1,2026-08-26T17:06:42.741-07:00
water_draw_1,2026-08-26T17:06:43.368-07:00,505.760,drawing,,open,,26.194788,2.986875,47.92,118.25,18.85,65.94,23.00,73.40,1420,1141,1026,230,WH-station1,2026-08-26T17:06:43.246-07:00
water_draw_1,2026-08-26T17:06:43.873-07:00,506.265,drawing,,open,,26.219787,2.971563,47.81,118.06,18.65,65.56,22.70,72.86,1419,1139,1023,227,WH-station1,2026-08-26T17:06:43.751-07:00
water_draw_1,2026-08-26T17:06:44.378-07:00,506.770,drawing,,open,,26.245039,3.002187,47.60,117.69,18.96,66.13,23.00,73.40,1417,1142,1029,230,WH-station1,2026-08-26T17:06:44.256-07:00
water_draw_1,2026-08-26T17:06:44.883-07:00,507.275,drawing,,open,,26.270254,2.997083,47.81,118.06,18.54,65.38,23.10,73.58,1419,1138,1028,231,WH-station1,2026-08-26T17:06:44.761-07:00
water_draw_1,2026-08-26T17:06:45.387-07:00,507.779,drawing,,open,,26.295334,2.981771,47.81,118.06,18.65,65.56,22.80,73.04,1419,1139,1025,228,WH-station1,2026-08-26T17:06:45.265-07:00
water_draw_1,2026-08-26T17:06:45.892-07:00,508.284,drawing,,open,,26.320501,2.991979,47.92,118.25,18.33,65.00,22.30,72.14,1420,1136,1027,223,WH-station1,2026-08-26T17:06:45.770-07:00
water_draw_1,2026-08-26T17:06:46.397-07:00,508.789,drawing,,open,,26.345756,3.002187,48.02,118.44,18.33,65.00,22.50,72.50,1421,1136,1029,225,WH-station1,2026-08-26T17:06:46.275-07:00
water_draw_1,2026-08-26T17:06:46.901-07:00,509.293,drawing,,open,,26.370883,2.986875,47.81,118.06,18.96,66.13,22.60,72.68,1419,1142,1026,226,WH-station1,2026-08-26T17:06:46.780-07:00
water_draw_1,2026-08-26T17:06:47.406-07:00,509.798,drawing,,open,,26.396136,3.002187,47.81,118.06,18.75,65.75,23.00,73.40,1419,1140,1029,230,WH-station1,2026-08-26T17:06:47.284-07:00
water_draw_1,2026-08-26T17:06:47.911-07:00,510.303,drawing,,open,,26.421173,2.976667,47.92,118.25,18.13,64.63,22.90,73.22,1420,1134,1024,229,WH-station1,2026-08-26T17:06:47.789-07:00
water_draw_1,2026-08-26T17:06:48.416-07:00,510.808,drawing,,open,,26.446303,2.986875,47.60,117.69,18.75,65.75,23.10,73.58,1417,1140,1026,231,WH-station1,2026-08-26T17:06:48.294-07:00
water_draw_1,2026-08-26T17:06:48.920-07:00,511.312,drawing,,open,,26.471599,3.007292,47.81,118.06,18.44,65.19,22.80,73.04,1419,1137,1030,228,WH-station1,2026-08-26T17:06:48.798-07:00
water_draw_1,2026-08-26T17:06:49.425-07:00,511.817,drawing,,open,,26.496849,3.002187,48.02,118.44,18.85,65.94,22.90,73.22,1421,1141,1029,229,WH-station1,2026-08-26T17:06:49.303-07:00
water_draw_1,2026-08-26T17:06:49.930-07:00,512.322,drawing,,open,,26.522236,3.017500,47.92,118.25,18.65,65.56,22.80,73.04,1420,1139,1032,228,WH-station1,2026-08-26T17:06:49.808-07:00
water_draw_1,2026-08-26T17:06:50.434-07:00,512.826,drawing,,open,,26.547314,2.981771,47.71,117.88,18.65,65.56,22.70,72.86,1418,1139,1025,227,WH-station1,2026-08-26T17:06:50.313-07:00
water_draw_1,2026-08-26T17:06:50.939-07:00,513.331,drawing,,open,,26.572568,3.002187,47.60,117.69,18.75,65.75,22.80,73.04,1417,1140,1029,228,WH-station1,2026-08-26T17:06:50.818-07:00
water_draw_1,2026-08-26T17:06:51.444-07:00,513.836,drawing,,open,,26.597520,2.966458,47.92,118.25,18.54,65.38,23.00,73.40,1420,1138,1022,230,WH-station1,2026-08-26T17:06:51.323-07:00
water_draw_1,2026-08-26T17:06:51.948-07:00,514.340,drawing,,open,,26.622645,2.986875,47.81,118.06,18.75,65.75,22.90,73.22,1419,1140,1026,229,WH-station1,2026-08-26T17:06:51.827-07:00
water_draw_1,2026-08-26T17:06:52.453-07:00,514.845,drawing,,open,,26.647809,2.991979,47.50,117.50,18.85,65.94,22.70,72.86,1416,1141,1027,227,WH-station1,2026-08-26T17:06:52.332-07:00
water_draw_1,2026-08-26T17:06:52.958-07:00,515.350,drawing,,open,,26.672849,2.976667,47.81,118.06,18.85,65.94,22.70,72.86,1419,1141,1024,227,WH-station1,2026-08-26T17:06:52.837-07:00
water_draw_1,2026-08-26T17:06:53.462-07:00,515.854,drawing,,open,,26.697801,2.966458,47.71,117.88,18.75,65.75,22.60,72.68,1418,1140,1022,226,WH-station1,2026-08-26T17:06:53.342-07:00
water_draw_1,2026-08-26T17:06:53.967-07:00,516.359,drawing,,open,,26.722753,2.966458,47.60,117.69,18.65,65.56,22.90,73.22,1417,1139,1022,229,WH-station1,2026-08-26T17:06:53.846-07:00
water_draw_1,2026-08-26T17:06:54.472-07:00,516.864,drawing,,open,,26.747746,2.971563,47.71,117.88,18.65,65.56,22.80,73.04,1418,1139,1023,228,WH-station1,2026-08-26T17:06:54.351-07:00
water_draw_1,2026-08-26T17:06:54.976-07:00,517.369,drawing,,open,,26.772915,2.991979,48.02,118.44,18.75,65.75,22.70,72.86,1421,1140,1027,227,WH-station1,2026-08-26T17:06:54.856-07:00
water_draw_1,2026-08-26T17:06:55.481-07:00,517.873,drawing,,open,,26.797997,2.981771,47.60,117.69,18.44,65.19,22.60,72.68,1417,1137,1025,226,WH-station1,2026-08-26T17:06:55.361-07:00
water_draw_1,2026-08-26T17:06:55.986-07:00,518.378,drawing,,open,,26.823086,2.981771,47.50,117.50,18.85,65.94,23.10,73.58,1416,1141,1025,231,WH-station1,2026-08-26T17:06:55.866-07:00
water_draw_1,2026-08-26T17:06:56.491-07:00,518.883,drawing,,open,,26.848208,2.986875,47.40,117.31,18.75,65.75,22.70,72.86,1415,1140,1026,227,WH-station1,2026-08-26T17:06:56.371-07:00
water_draw_1,2026-08-26T17:06:56.995-07:00,519.387,drawing,,open,,26.873331,2.986875,47.92,118.25,18.33,65.00,22.70,72.86,1420,1136,1026,227,WH-station1,2026-08-26T17:06:56.876-07:00
water_draw_1,2026-08-26T17:06:57.500-07:00,519.892,drawing,,open,,26.898106,2.946042,47.81,118.06,18.65,65.56,23.00,73.40,1419,1139,1018,230,WH-station1,2026-08-26T17:06:57.381-07:00
water_draw_1,2026-08-26T17:06:58.005-07:00,520.397,drawing,,open,,26.923272,2.991979,47.71,117.88,18.65,65.56,22.90,73.22,1418,1139,1027,229,WH-station1,2026-08-26T17:06:57.887-07:00
water_draw_1,2026-08-26T17:06:58.510-07:00,520.901,drawing,,open,,26.948316,2.976667,47.71,117.88,18.33,65.00,22.70,72.86,1418,1136,1024,227,WH-station1,2026-08-26T17:06:58.392-07:00
water_draw_1,2026-08-26T17:06:59.014-07:00,521.406,drawing,,open,,26.973362,2.976667,47.60,117.69,18.54,65.38,23.00,73.40,1417,1138,1024,230,WH-station1,2026-08-26T17:06:58.896-07:00
water_draw_1,2026-08-26T17:06:59.519-07:00,521.911,drawing,,open,,26.998314,2.966458,48.02,118.44,18.33,65.00,22.50,72.50,1421,1136,1022,225,WH-station1,2026-08-26T17:06:59.401-07:00
water_draw_1,2026-08-26T17:07:00.024-07:00,522.416,drawing,,open,,27.023265,2.966458,47.81,118.06,18.85,65.94,22.90,73.22,1419,1141,1022,229,WH-station1,2026-08-26T17:06:59.906-07:00
water_draw_1,2026-08-26T17:07:00.528-07:00,522.920,drawing,,open,,27.048299,2.976667,47.81,118.06,18.85,65.94,22.50,72.50,1419,1141,1024,225,WH-station1,2026-08-26T17:07:00.411-07:00
water_draw_1,2026-08-26T17:07:01.033-07:00,523.425,drawing,,open,,27.073301,2.971563,47.71,117.88,18.54,65.38,22.90,73.22,1418,1138,1023,229,WH-station1,2026-08-26T17:07:00.915-07:00
water_draw_1,2026-08-26T17:07:01.538-07:00,523.929,drawing,,open,,27.098023,2.940938,48.12,118.62,18.85,65.94,22.90,73.22,1422,1141,1017,229,WH-station1,2026-08-26T17:07:01.420-07:00
water_draw_1,2026-08-26T17:07:02.042-07:00,524.434,drawing,,open,,27.122981,2.966458,48.12,118.62,18.44,65.19,22.90,73.22,1422,1137,1022,229,WH-station1,2026-08-26T17:07:01.925-07:00
water_draw_1,2026-08-26T17:07:02.547-07:00,524.939,drawing,,open,,27.148063,2.981771,47.81,118.06,18.65,65.56,23.10,73.58,1419,1139,1025,231,WH-station1,2026-08-26T17:07:02.430-07:00
water_draw_1,2026-08-26T17:07:03.052-07:00,525.444,drawing,,open,,27.173057,2.971563,47.60,117.69,18.54,65.38,23.10,73.58,1417,1138,1023,231,WH-station1,2026-08-26T17:07:02.935-07:00
water_draw_1,2026-08-26T17:07:03.556-07:00,525.948,drawing,,open,,27.198052,2.971563,47.60,117.69,18.54,65.38,22.80,73.04,1417,1138,1023,228,WH-station1,2026-08-26T17:07:03.440-07:00
water_draw_1,2026-08-26T17:07:04.061-07:00,526.453,drawing,,open,,27.222745,2.935833,47.71,117.88,18.44,65.19,22.80,73.04,1418,1137,1016,228,WH-station1,2026-08-26T17:07:03.946-07:00
water_draw_1,2026-08-26T17:07:04.566-07:00,526.958,drawing,,open,,27.247527,2.946042,47.92,118.25,18.75,65.75,23.00,73.40,1420,1140,1018,230,WH-station1,2026-08-26T17:07:04.451-07:00
water_draw_1,2026-08-26T17:07:05.070-07:00,527.462,drawing,,open,,27.272349,2.951146,47.81,118.06,18.75,65.75,22.80,73.04,1419,1140,1019,228,WH-station1,2026-08-26T17:07:04.956-07:00
water_draw_1,2026-08-26T17:07:05.575-07:00,527.967,drawing,,open,,27.297257,2.961354,47.92,118.25,18.85,65.94,22.90,73.22,1420,1141,1021,229,WH-station1,2026-08-26T17:07:05.461-07:00
water_draw_1,2026-08-26T17:07:06.080-07:00,528.472,drawing,,open,,27.322211,2.966458,47.71,117.88,18.23,64.81,22.70,72.86,1418,1135,1022,227,WH-station1,2026-08-26T17:07:05.966-07:00
water_draw_1,2026-08-26T17:07:06.584-07:00,528.976,drawing,,open,,27.347077,2.956250,47.71,117.88,18.54,65.38,22.80,73.04,1418,1138,1020,228,WH-station1,2026-08-26T17:07:06.471-07:00
water_draw_1,2026-08-26T17:07:07.089-07:00,529.481,drawing,,open,,27.371821,2.940938,47.81,118.06,18.54,65.38,23.00,73.40,1419,1138,1017,230,WH-station1,2026-08-26T17:07:06.976-07:00
water_draw_1,2026-08-26T17:07:07.594-07:00,529.986,drawing,,open,,27.396600,2.946042,47.60,117.69,18.54,65.38,22.90,73.22,1417,1138,1018,229,WH-station1,2026-08-26T17:07:07.481-07:00
water_draw_1,2026-08-26T17:07:08.099-07:00,530.491,drawing,,open,,27.421380,2.946042,47.92,118.25,18.44,65.19,22.80,73.04,1420,1137,1018,228,WH-station1,2026-08-26T17:07:07.987-07:00
water_draw_1,2026-08-26T17:07:08.603-07:00,530.995,drawing,,open,,27.446246,2.956250,47.92,118.25,19.06,66.31,22.70,72.86,1420,1143,1020,227,WH-station1,2026-08-26T17:07:08.492-07:00
water_draw_1,2026-08-26T17:07:09.108-07:00,531.500,drawing,,open,,27.471283,2.976667,47.92,118.25,18.54,65.38,23.00,73.40,1420,1138,1024,230,WH-station1,2026-08-26T17:07:08.996-07:00
water_draw_1,2026-08-26T17:07:09.613-07:00,532.004,drawing,,open,,27.496232,2.966458,47.71,117.88,18.54,65.38,22.70,72.86,1418,1138,1022,227,WH-station1,2026-08-26T17:07:09.501-07:00
water_draw_1,2026-08-26T17:07:10.117-07:00,532.509,drawing,,open,,27.521187,2.966458,47.81,118.06,18.33,65.00,22.60,72.68,1419,1136,1022,226,WH-station1,2026-08-26T17:07:10.006-07:00
water_draw_1,2026-08-26T17:07:10.622-07:00,533.014,drawing,,open,,27.546099,2.961354,47.81,118.06,18.65,65.56,22.90,73.22,1419,1139,1021,229,WH-station1,2026-08-26T17:07:10.511-07:00
water_draw_1,2026-08-26T17:07:11.127-07:00,533.519,drawing,,open,,27.571138,2.976667,47.81,118.06,18.44,65.19,22.80,73.04,1419,1137,1024,228,WH-station1,2026-08-26T17:07:11.016-07:00
water_draw_1,2026-08-26T17:07:11.631-07:00,534.023,drawing,,open,,27.596302,2.991979,47.81,118.06,18.75,65.75,23.10,73.58,1419,1140,1027,231,WH-station1,2026-08-26T17:07:11.520-07:00
water_draw_1,2026-08-26T17:07:12.136-07:00,534.528,drawing,,open,,27.621381,2.981771,47.92,118.25,18.13,64.63,22.90,73.22,1420,1134,1025,229,WH-station1,2026-08-26T17:07:12.025-07:00
water_draw_1,2026-08-26T17:07:12.641-07:00,535.033,drawing,,open,,27.646674,3.007292,47.81,118.06,18.54,65.38,23.00,73.40,1419,1138,1030,230,WH-station1,2026-08-26T17:07:12.530-07:00
water_draw_1,2026-08-26T17:07:13.145-07:00,535.537,drawing,,open,,27.671757,2.981771,48.12,118.62,18.65,65.56,22.60,72.68,1422,1139,1025,226,WH-station1,2026-08-26T17:07:13.035-07:00
water_draw_1,2026-08-26T17:07:13.650-07:00,536.042,drawing,,open,,27.696888,2.986875,47.81,118.06,18.65,65.56,22.60,72.68,1419,1139,1026,226,WH-station1,2026-08-26T17:07:13.539-07:00
water_draw_1,2026-08-26T17:07:14.155-07:00,536.547,drawing,,open,,27.722055,2.991979,47.60,117.69,18.85,65.94,22.70,72.86,1417,1141,1027,227,WH-station1,2026-08-26T17:07:14.044-07:00
water_draw_1,2026-08-26T17:07:14.659-07:00,537.051,drawing,,open,,27.747220,2.991979,47.60,117.69,18.44,65.19,22.80,73.04,1417,1137,1027,228,WH-station1,2026-08-26T17:07:14.549-07:00
water_draw_1,2026-08-26T17:07:15.164-07:00,537.556,drawing,,open,,27.772169,2.966458,47.81,118.06,18.54,65.38,22.60,72.68,1419,1138,1022,226,WH-station1,2026-08-26T17:07:15.054-07:00
water_draw_1,2026-08-26T17:07:15.669-07:00,538.061,drawing,,open,,27.797247,2.981771,47.71,117.88,18.23,64.81,22.70,72.86,1418,1135,1025,227,WH-station1,2026-08-26T17:07:15.558-07:00
water_draw_1,2026-08-26T17:07:16.174-07:00,538.566,drawing,,open,,27.822290,2.976667,47.71,117.88,18.54,65.38,23.00,73.40,1418,1138,1024,230,WH-station1,2026-08-26T17:07:16.063-07:00
water_draw_1,2026-08-26T17:07:16.678-07:00,539.070,drawing,,open,,27.847245,2.966458,48.02,118.44,18.54,65.38,23.00,73.40,1421,1138,1022,230,WH-station1,2026-08-26T17:07:16.568-07:00
water_draw_1,2026-08-26T17:07:17.183-07:00,539.575,drawing,,open,,27.872412,2.991979,48.33,119.00,18.96,66.13,22.70,72.86,1424,1142,1027,227,WH-station1,2026-08-26T17:07:17.073-07:00
water_draw_1,2026-08-26T17:07:17.688-07:00,540.080,drawing,,open,,27.897449,2.976667,47.60,117.69,18.85,65.94,22.80,73.04,1417,1141,1024,228,WH-station1,2026-08-26T17:07:17.577-07:00
water_draw_1,2026-08-26T17:07:18.192-07:00,540.584,drawing,,open,,27.922614,2.991979,47.92,118.25,18.54,65.38,22.70,72.86,1420,1138,1027,227,WH-station1,2026-08-26T17:07:18.082-07:00
water_draw_1,2026-08-26T17:07:18.697-07:00,541.089,drawing,,open,,27.947614,2.971563,47.81,118.06,18.44,65.19,22.90,73.22,1419,1137,1023,229,WH-station1,2026-08-26T17:07:18.587-07:00
water_draw_1,2026-08-26T17:07:19.202-07:00,541.594,drawing,,open,,27.972753,2.986875,47.71,117.88,18.85,65.94,22.80,73.04,1418,1141,1026,228,WH-station1,2026-08-26T17:07:19.091-07:00
water_draw_1,2026-08-26T17:07:19.707-07:00,542.099,drawing,,open,,27.997959,2.997083,47.60,117.69,18.65,65.56,23.00,73.40,1417,1139,1028,230,WH-station1,2026-08-26T17:07:19.596-07:00
water_draw_1,2026-08-26T17:07:20.211-07:00,542.603,drawing,,open,,28.023296,3.012396,47.81,118.06,18.54,65.38,22.60,72.68,1419,1138,1031,226,WH-station1,2026-08-26T17:07:20.101-07:00
water_draw_1,2026-08-26T17:07:20.716-07:00,543.108,drawing,,open,,28.048892,3.043021,47.71,117.88,18.75,65.75,22.60,72.68,1418,1140,1037,226,WH-station1,2026-08-26T17:07:20.606-07:00
water_draw_1,2026-08-26T17:07:21.221-07:00,543.613,drawing,,open,,28.073932,2.976667,47.71,117.88,18.65,65.56,22.80,73.04,1418,1139,1024,228,WH-station1,2026-08-26T17:07:21.111-07:00
water_draw_1,2026-08-26T17:07:21.725-07:00,544.117,drawing,,open,,28.099182,3.002187,47.60,117.69,18.44,65.19,23.00,73.40,1417,1137,1029,230,WH-station1,2026-08-26T17:07:21.615-07:00
water_draw_1,2026-08-26T17:07:22.230-07:00,544.622,drawing,,open,,28.124477,3.007292,47.81,118.06,18.85,65.94,22.70,72.86,1419,1141,1030,227,WH-station1,2026-08-26T17:07:22.120-07:00
water_draw_1,2026-08-26T17:07:22.735-07:00,545.127,drawing,,open,,28.149940,3.027708,47.40,117.31,18.44,65.19,23.10,73.58,1415,1137,1034,231,WH-station1,2026-08-26T17:07:22.625-07:00
water_draw_1,2026-08-26T17:07:23.239-07:00,545.631,drawing,,open,,28.175189,3.002187,47.92,118.25,18.85,65.94,22.70,72.86,1420,1141,1029,227,WH-station1,2026-08-26T17:07:23.129-07:00
water_draw_1,2026-08-26T17:07:23.744-07:00,546.136,drawing,,open,,28.200398,2.997083,47.71,117.88,18.65,65.56,23.00,73.40,1418,1139,1028,230,WH-station1,2026-08-26T17:07:23.634-07:00
water_draw_1,2026-08-26T17:07:24.249-07:00,546.641,drawing,,open,,28.225777,3.017500,47.81,118.06,18.33,65.00,22.90,73.22,1419,1136,1032,229,WH-station1,2026-08-26T17:07:24.139-07:00
water_draw_1,2026-08-26T17:07:24.753-07:00,547.145,drawing,,open,,28.251074,3.007292,47.40,117.31,18.65,65.56,23.00,73.40,1415,1139,1030,230,WH-station1,2026-08-26T17:07:24.643-07:00
water_draw_1,2026-08-26T17:07:25.258-07:00,547.650,drawing,,open,,28.276414,3.012396,47.81,118.06,18.33,65.00,22.90,73.22,1419,1136,1031,229,WH-station1,2026-08-26T17:07:25.148-07:00
water_draw_1,2026-08-26T17:07:25.762-07:00,548.154,drawing,,open,,28.301774,3.017500,47.81,118.06,18.54,65.38,22.80,73.04,1419,1138,1032,228,WH-station1,2026-08-26T17:07:25.653-07:00
water_draw_1,2026-08-26T17:07:26.267-07:00,548.659,drawing,,open,,28.327241,3.027708,47.81,118.06,18.75,65.75,22.70,72.86,1419,1140,1034,227,WH-station1,2026-08-26T17:07:26.158-07:00
water_draw_1,2026-08-26T17:07:26.772-07:00,549.164,drawing,,open,,28.352620,3.017500,47.60,117.69,18.75,65.75,23.00,73.40,1417,1140,1032,230,WH-station1,2026-08-26T17:07:26.663-07:00
water_draw_1,2026-08-26T17:07:27.276-07:00,549.668,drawing,,open,,28.377784,2.991979,47.50,117.50,18.85,65.94,22.80,73.04,1416,1141,1027,228,WH-station1,2026-08-26T17:07:27.167-07:00
water_draw_1,2026-08-26T17:07:27.781-07:00,550.173,drawing,,open,,28.402948,2.991979,47.71,117.88,18.54,65.38,22.80,73.04,1418,1138,1027,228,WH-station1,2026-08-26T17:07:27.672-07:00
water_draw_1,2026-08-26T17:07:28.285-07:00,550.678,drawing,,open,,28.427949,2.971563,47.71,117.88,18.54,65.38,23.00,73.40,1418,1138,1023,230,WH-station1,2026-08-26T17:07:28.177-07:00
water_draw_1,2026-08-26T17:07:28.790-07:00,551.182,drawing,,open,,28.452882,2.966458,48.02,118.44,18.65,65.56,22.70,72.86,1421,1139,1022,227,WH-station1,2026-08-26T17:07:28.682-07:00
water_draw_1,2026-08-26T17:07:29.295-07:00,551.687,drawing,,open,,28.477966,2.981771,47.40,117.31,18.65,65.56,22.70,72.86,1415,1139,1025,227,WH-station1,2026-08-26T17:07:29.186-07:00
water_draw_1,2026-08-26T17:07:29.799-07:00,552.191,drawing,,open,,28.503177,2.997083,47.92,118.25,18.75,65.75,22.90,73.22,1420,1140,1028,229,WH-station1,2026-08-26T17:07:29.691-07:00
water_draw_1,2026-08-26T17:07:30.304-07:00,552.696,drawing,,open,,28.528170,2.971563,47.81,118.06,18.44,65.19,22.80,73.04,1419,1137,1023,228,WH-station1,2026-08-26T17:07:30.196-07:00
water_draw_1,2026-08-26T17:07:30.809-07:00,553.201,drawing,,open,,28.553335,2.991979,47.71,117.88,18.54,65.38,23.10,73.58,1418,1138,1027,231,WH-station1,2026-08-26T17:07:30.701-07:00
water_draw_1,2026-08-26T17:07:31.314-07:00,553.705,drawing,,open,,28.578419,2.981771,47.71,117.88,18.33,65.00,23.00,73.40,1418,1136,1025,230,WH-station1,2026-08-26T17:07:31.205-07:00
water_draw_1,2026-08-26T17:07:31.818-07:00,554.210,drawing,,open,,28.603376,2.966458,47.60,117.69,18.33,65.00,23.00,73.40,1417,1136,1022,230,WH-station1,2026-08-26T17:07:31.710-07:00
water_draw_1,2026-08-26T17:07:32.323-07:00,554.715,drawing,,open,,28.628547,2.991979,47.71,117.88,18.33,65.00,22.90,73.22,1418,1136,1027,229,WH-station1,2026-08-26T17:07:32.215-07:00
water_draw_1,2026-08-26T17:07:32.828-07:00,555.220,drawing,,open,,28.653671,2.986875,47.81,118.06,18.13,64.63,22.90,73.22,1419,1134,1026,229,WH-station1,2026-08-26T17:07:32.720-07:00
water_draw_1,2026-08-26T17:07:33.332-07:00,555.724,drawing,,open,,28.678539,2.956250,47.92,118.25,18.85,65.94,23.10,73.58,1420,1141,1020,231,WH-station1,2026-08-26T17:07:33.224-07:00
water_draw_1,2026-08-26T17:07:33.837-07:00,556.229,drawing,,open,,28.703577,2.976667,47.92,118.25,18.44,65.19,22.80,73.04,1420,1137,1024,228,WH-station1,2026-08-26T17:07:33.729-07:00
water_draw_1,2026-08-26T17:07:34.342-07:00,556.734,drawing,,open,,28.728440,2.956250,47.81,118.06,18.75,65.75,22.60,72.68,1419,1140,1020,226,WH-station1,2026-08-26T17:07:34.234-07:00
water_draw_1,2026-08-26T17:07:34.846-07:00,557.238,drawing,,open,,28.753390,2.966458,47.81,118.06,18.33,65.00,22.80,73.04,1419,1136,1022,228,WH-station1,2026-08-26T17:07:34.738-07:00
water_draw_1,2026-08-26T17:07:35.351-07:00,557.743,drawing,,open,,28.778166,2.946042,47.71,117.88,18.65,65.56,22.70,72.86,1418,1139,1018,227,WH-station1,2026-08-26T17:07:35.243-07:00
water_draw_1,2026-08-26T17:07:35.856-07:00,558.248,drawing,,open,,28.803245,2.981771,47.92,118.25,18.44,65.19,22.80,73.04,1420,1137,1025,228,WH-station1,2026-08-26T17:07:35.748-07:00
water_draw_1,2026-08-26T17:07:36.360-07:00,558.752,drawing,,open,,28.828198,2.966458,47.71,117.88,18.23,64.81,22.60,72.68,1418,1135,1022,226,WH-station1,2026-08-26T17:07:36.253-07:00
water_draw_1,2026-08-26T17:07:36.863-07:00,559.257,drawing,,open,,28.853274,2.981771,47.60,117.69,18.65,65.56,22.90,73.22,1417,1139,1025,229,WH-station1,2026-08-26T17:07:36.757-07:00
water_draw_1,2026-08-26T17:07:37.364-07:00,559.759,drawing,,open,,28.878010,2.956250,47.60,117.69,18.54,65.38,22.90,73.22,1417,1138,1020,229,WH-station1,2026-08-26T17:07:37.262-07:00
water_draw_1,2026-08-26T17:07:37.866-07:00,560.261,drawing,,open,,28.902912,2.976667,47.71,117.88,18.65,65.56,22.80,73.04,1418,1139,1024,228,WH-station1,2026-08-26T17:07:37.767-07:00
water_draw_1,2026-08-26T17:07:38.368-07:00,560.763,drawing,,open,,28.927735,2.966458,48.02,118.44,18.54,65.38,22.60,72.68,1421,1138,1022,226,WH-station1,2026-08-26T17:07:38.271-07:00
water_draw_1,2026-08-26T17:07:38.870-07:00,561.265,drawing,,open,,28.952467,2.956250,47.71,117.88,18.75,65.75,22.80,73.04,1418,1140,1020,228,WH-station1,2026-08-26T17:07:38.776-07:00
water_draw_1,2026-08-26T17:07:39.372-07:00,561.767,drawing,,open,,28.977285,2.966458,47.92,118.25,18.44,65.19,22.80,73.04,1420,1137,1022,228,WH-station1,2026-08-26T17:07:39.281-07:00
water_draw_1,2026-08-26T17:07:39.874-07:00,562.269,drawing,,open,,29.002273,2.986875,47.92,118.25,18.54,65.38,23.00,73.40,1420,1138,1026,230,WH-station1,2026-08-26T17:07:39.785-07:00
water_draw_1,2026-08-26T17:07:40.376-07:00,562.771,drawing,,open,,29.027308,2.991979,47.60,117.69,18.85,65.94,22.90,73.22,1417,1141,1027,229,WH-station1,2026-08-26T17:07:40.290-07:00
water_draw_1,2026-08-26T17:07:40.878-07:00,563.273,drawing,,open,,29.052297,2.986875,48.02,118.44,18.54,65.38,23.00,73.40,1421,1138,1026,230,WH-station1,2026-08-26T17:07:40.795-07:00
water_draw_1,2026-08-26T17:07:41.380-07:00,563.775,drawing,,open,,29.077286,2.986875,48.02,118.44,18.65,65.56,23.00,73.40,1421,1139,1026,230,WH-station1,2026-08-26T17:07:41.300-07:00
water_draw_1,2026-08-26T17:07:41.885-07:00,564.277,drawing,,open,,29.102275,2.986875,47.71,117.88,18.65,65.56,22.90,73.22,1418,1139,1026,229,WH-station1,2026-08-26T17:07:41.805-07:00
water_draw_1,2026-08-26T17:07:42.389-07:00,564.781,drawing,,open,,29.127486,2.997083,48.02,118.44,18.65,65.56,23.00,73.40,1421,1139,1028,230,WH-station1,2026-08-26T17:07:42.309-07:00
water_draw_1,2026-08-26T17:07:42.894-07:00,565.286,drawing,,open,,29.152568,2.981771,47.81,118.06,18.44,65.19,22.90,73.22,1419,1137,1025,229,WH-station1,2026-08-26T17:07:42.814-07:00
water_draw_1,2026-08-26T17:07:43.399-07:00,565.791,drawing,,open,,29.177823,3.002187,47.71,117.88,18.54,65.38,22.90,73.22,1418,1138,1029,229,WH-station1,2026-08-26T17:07:43.319-07:00
water_draw_1,2026-08-26T17:07:43.904-07:00,566.296,drawing,,open,,29.202774,2.966458,47.81,118.06,18.85,65.94,22.90,73.22,1419,1141,1022,229,WH-station1,2026-08-26T17:07:43.823-07:00
water_draw_1,2026-08-26T17:07:44.408-07:00,566.800,drawing,,open,,29.227852,2.981771,47.71,117.88,18.75,65.75,22.70,72.86,1418,1140,1025,227,WH-station1,2026-08-26T17:07:44.328-07:00
water_draw_1,2026-08-26T17:07:44.913-07:00,567.305,drawing,,open,,29.253018,2.991979,47.71,117.88,18.65,65.56,22.50,72.50,1418,1139,1027,225,WH-station1,2026-08-26T17:07:44.833-07:00
water_draw_1,2026-08-26T17:07:45.418-07:00,567.810,drawing,,open,,29.278144,2.986875,47.81,118.06,18.65,65.56,22.80,73.04,1419,1139,1026,228,WH-station1,2026-08-26T17:07:45.337-07:00
water_draw_1,2026-08-26T17:07:45.922-07:00,568.314,drawing,,open,,29.303227,2.981771,47.81,118.06,18.85,65.94,23.10,73.58,1419,1141,1025,231,WH-station1,2026-08-26T17:07:45.842-07:00
water_draw_1,2026-08-26T17:07:46.427-07:00,568.819,drawing,,open,,29.328350,2.986875,47.60,117.69,18.65,65.56,22.80,73.04,1417,1139,1026,228,WH-station1,2026-08-26T17:07:46.347-07:00
water_draw_1,2026-08-26T17:07:46.932-07:00,569.324,drawing,,open,,29.353300,2.966458,47.81,118.06,18.44,65.19,22.90,73.22,1419,1137,1022,229,WH-station1,2026-08-26T17:07:46.852-07:00
water_draw_1,2026-08-26T17:07:47.436-07:00,569.828,drawing,,open,,29.378247,2.966458,47.81,118.06,18.54,65.38,23.20,73.76,1419,1138,1022,232,WH-station1,2026-08-26T17:07:47.357-07:00
water_draw_1,2026-08-26T17:07:47.941-07:00,570.333,drawing,,open,,29.403197,2.966458,47.81,118.06,18.54,65.38,22.60,72.68,1419,1138,1022,226,WH-station1,2026-08-26T17:07:47.861-07:00
water_draw_1,2026-08-26T17:07:48.446-07:00,570.838,drawing,,open,,29.428285,2.981771,47.60,117.69,18.65,65.56,22.70,72.86,1417,1139,1025,227,WH-station1,2026-08-26T17:07:48.366-07:00
water_draw_1,2026-08-26T17:07:48.950-07:00,571.342,drawing,,open,,29.453493,2.997083,47.81,118.06,18.54,65.38,22.70,72.86,1419,1138,1028,227,WH-station1,2026-08-26T17:07:48.871-07:00
water_draw_1,2026-08-26T17:07:49.455-07:00,571.847,drawing,,open,,29.478615,2.986875,47.71,117.88,18.23,64.81,22.80,73.04,1418,1135,1026,228,WH-station1,2026-08-26T17:07:49.375-07:00
water_draw_1,2026-08-26T17:07:49.960-07:00,572.352,drawing,,open,,29.503950,3.012396,47.92,118.25,18.75,65.75,22.70,72.86,1420,1140,1031,227,WH-station1,2026-08-26T17:07:49.880-07:00
water_draw_1,2026-08-26T17:07:50.464-07:00,572.856,drawing,,open,,29.529158,2.997083,47.71,117.88,18.13,64.63,23.00,73.40,1418,1134,1028,230,WH-station1,2026-08-26T17:07:50.385-07:00
water_draw_1,2026-08-26T17:07:50.970-07:00,573.361,drawing,,open,,29.554424,3.002187,47.92,118.25,18.75,65.75,22.90,73.22,1420,1140,1029,229,WH-station1,2026-08-26T17:07:50.890-07:00
water_draw_1,2026-08-26T17:07:51.474-07:00,573.866,drawing,,open,,29.579785,3.012396,47.60,117.69,18.65,65.56,23.10,73.58,1417,1139,1031,231,WH-station1,2026-08-26T17:07:51.395-07:00
water_draw_1,2026-08-26T17:07:51.979-07:00,574.371,drawing,,open,,29.605255,3.027708,47.71,117.88,18.44,65.19,23.00,73.40,1418,1137,1034,230,WH-station1,2026-08-26T17:07:51.899-07:00
water_draw_1,2026-08-26T17:07:52.484-07:00,574.876,drawing,,open,,29.630508,3.002187,47.92,118.25,18.75,65.75,22.60,72.68,1420,1140,1029,226,WH-station1,2026-08-26T17:07:52.404-07:00
water_draw_1,2026-08-26T17:07:52.988-07:00,575.380,drawing,,open,,29.655672,2.991979,47.71,117.88,18.54,65.38,23.00,73.40,1418,1138,1027,230,WH-station1,2026-08-26T17:07:52.909-07:00
water_draw_1,2026-08-26T17:07:53.495-07:00,575.885,drawing,,open,,29.680882,2.997083,48.02,118.44,18.44,65.19,22.90,73.22,1421,1137,1028,229,WH-station1,2026-08-26T17:07:53.413-07:00
water_draw_1,2026-08-26T17:07:54.010-07:00,576.391,drawing,,open,,29.705948,2.971563,47.71,117.88,18.23,64.81,22.60,72.68,1418,1135,1023,226,WH-station1,2026-08-26T17:07:53.918-07:00
water_draw_1,2026-08-26T17:07:54.514-07:00,576.906,drawing,,open,,29.731598,2.986875,48.02,118.44,18.44,65.19,22.80,73.04,1421,1137,1026,228,WH-station1,2026-08-26T17:07:54.423-07:00
water_draw_1,2026-08-26T17:07:55.019-07:00,577.411,drawing,,open,,29.756847,3.002187,47.81,118.06,18.75,65.75,22.80,73.04,1419,1140,1029,228,WH-station1,2026-08-26T17:07:54.927-07:00
water_draw_1,2026-08-26T17:07:55.524-07:00,577.916,drawing,,open,,29.782097,3.002187,47.71,117.88,18.33,65.00,22.90,73.22,1418,1136,1029,229,WH-station1,2026-08-26T17:07:55.429-07:00
water_draw_1,2026-08-26T17:07:56.028-07:00,578.420,drawing,,open,,29.807304,2.997083,47.71,117.88,18.44,65.19,23.00,73.40,1418,1137,1028,230,WH-station1,2026-08-26T17:07:55.931-07:00
water_draw_1,2026-08-26T17:07:56.533-07:00,578.925,drawing,,open,,29.832558,3.002187,47.71,117.88,18.54,65.38,23.00,73.40,1418,1138,1029,230,WH-station1,2026-08-26T17:07:56.433-07:00
water_draw_1,2026-08-26T17:07:57.038-07:00,579.430,drawing,,open,,29.857897,3.012396,48.02,118.44,18.75,65.75,23.00,73.40,1421,1140,1031,230,WH-station1,2026-08-26T17:07:56.935-07:00
water_draw_1,2026-08-26T17:07:57.542-07:00,579.934,drawing,,open,,29.883448,3.037917,47.92,118.25,18.54,65.38,23.00,73.40,1420,1138,1036,230,WH-station1,2026-08-26T17:07:57.437-07:00
water_draw_1,2026-08-26T17:07:58.047-07:00,580.439,drawing,,open,,29.908955,3.032812,47.50,117.50,18.54,65.38,22.90,73.22,1416,1138,1035,229,WH-station1,2026-08-26T17:07:57.939-07:00
water_draw_1,2026-08-26T17:07:58.552-07:00,580.944,drawing,,open,,29.934296,3.012396,47.92,118.25,18.33,65.00,22.50,72.50,1420,1136,1031,225,WH-station1,2026-08-26T17:07:58.441-07:00
water_draw_1,2026-08-26T17:07:59.056-07:00,581.448,drawing,,open,,29.959633,3.012396,47.71,117.88,18.75,65.75,22.60,72.68,1418,1140,1031,226,WH-station1,2026-08-26T17:07:58.943-07:00
water_draw_1,2026-08-26T17:07:59.561-07:00,581.953,drawing,,open,,29.984842,2.997083,47.60,117.69,18.13,64.63,22.80,73.04,1417,1134,1028,228,WH-station1,2026-08-26T17:07:59.445-07:00
water_draw_1,2026-08-26T17:08:00.066-07:00,582.458,drawing,,open,,30.010055,2.997083,47.40,117.31,18.33,65.00,22.70,72.86,1415,1136,1028,227,WH-station1,2026-08-26T17:07:59.950-07:00
water_draw_1,2026-08-26T17:08:00.571-07:00,582.962,drawing,,open,,30.035264,2.997083,47.71,117.88,18.23,64.81,22.70,72.86,1418,1135,1028,227,WH-station1,2026-08-26T17:08:00.455-07:00
water_draw_1,2026-08-26T17:08:01.074-07:00,583.467,drawing,,open,,30.060435,2.991979,47.92,118.25,18.65,65.56,22.90,73.22,1420,1139,1027,229,WH-station1,2026-08-26T17:08:00.959-07:00
water_draw_1,2026-08-26T17:08:01.579-07:00,583.971,drawing,,open,,30.085630,3.002187,47.71,117.88,18.54,65.38,23.00,73.40,1418,1138,1029,230,WH-station1,2026-08-26T17:08:01.464-07:00
water_draw_1,2026-08-26T17:08:02.084-07:00,584.475,drawing,,open,,30.110798,2.991979,48.02,118.44,18.65,65.56,22.70,72.86,1421,1139,1027,227,WH-station1,2026-08-26T17:08:01.969-07:00
water_draw_1,2026-08-26T17:08:02.588-07:00,584.980,drawing,,open,,30.136095,3.007292,47.81,118.06,18.75,65.75,23.00,73.40,1419,1140,1030,230,WH-station1,2026-08-26T17:08:02.474-07:00
water_draw_1,2026-08-26T17:08:03.093-07:00,585.485,drawing,,open,,30.161258,2.991979,47.71,117.88,18.54,65.38,22.80,73.04,1418,1138,1027,228,WH-station1,2026-08-26T17:08:02.979-07:00
water_draw_1,2026-08-26T17:08:03.598-07:00,585.990,drawing,,open,,30.186519,3.002187,47.81,118.06,18.85,65.94,22.90,73.22,1419,1141,1029,229,WH-station1,2026-08-26T17:08:03.483-07:00
water_draw_1,2026-08-26T17:08:04.102-07:00,586.494,drawing,,open,,30.211726,2.997083,47.81,118.06,18.44,65.19,22.80,73.04,1419,1137,1028,228,WH-station1,2026-08-26T17:08:03.988-07:00
water_draw_1,2026-08-26T17:08:04.607-07:00,586.999,drawing,,open,,30.236975,3.002187,47.81,118.06,18.44,65.19,22.80,73.04,1419,1137,1029,228,WH-station1,2026-08-26T17:08:04.493-07:00
water_draw_1,2026-08-26T17:08:05.112-07:00,587.504,drawing,,open,,30.261967,2.971563,47.92,118.25,18.54,65.38,23.10,73.58,1420,1138,1023,231,WH-station1,2026-08-26T17:08:04.997-07:00
water_draw_1,2026-08-26T17:08:05.616-07:00,588.008,drawing,,open,,30.287348,3.017500,47.81,118.06,18.44,65.19,23.10,73.58,1419,1137,1032,231,WH-station1,2026-08-26T17:08:05.502-07:00
water_draw_1,2026-08-26T17:08:06.121-07:00,588.513,drawing,,open,,30.312602,3.002187,47.50,117.50,18.23,64.81,23.00,73.40,1416,1135,1029,230,WH-station1,2026-08-26T17:08:06.007-07:00
water_draw_1,2026-08-26T17:08:06.626-07:00,589.018,drawing,,open,,30.337945,3.012396,47.60,117.69,18.44,65.19,22.90,73.22,1417,1137,1031,229,WH-station1,2026-08-26T17:08:06.512-07:00
water_draw_1,2026-08-26T17:08:07.130-07:00,589.522,drawing,,open,,30.363410,3.027708,47.71,117.88,18.44,65.19,22.80,73.04,1418,1137,1034,228,WH-station1,2026-08-26T17:08:07.017-07:00
water_draw_1,2026-08-26T17:08:07.635-07:00,590.027,drawing,,open,,30.388745,3.012396,47.81,118.06,18.65,65.56,22.60,72.68,1419,1139,1031,226,WH-station1,2026-08-26T17:08:07.521-07:00
water_draw_1,2026-08-26T17:08:08.140-07:00,590.532,drawing,,open,,30.414166,3.022604,47.81,118.06,18.13,64.63,23.10,73.58,1419,1134,1033,231,WH-station1,2026-08-26T17:08:08.026-07:00
water_draw_1,2026-08-26T17:08:08.644-07:00,591.036,drawing,,open,,30.439464,3.007292,47.81,118.06,18.33,65.00,22.90,73.22,1419,1136,1030,229,WH-station1,2026-08-26T17:08:08.531-07:00
water_draw_1,2026-08-26T17:08:09.149-07:00,591.541,drawing,,open,,30.464504,2.976667,47.92,118.25,18.65,65.56,22.60,72.68,1420,1139,1024,226,WH-station1,2026-08-26T17:08:09.035-07:00
water_draw_1,2026-08-26T17:08:09.654-07:00,592.046,drawing,,open,,30.490056,3.037917,47.92,118.25,18.65,65.56,22.90,73.22,1420,1139,1036,229,WH-station1,2026-08-26T17:08:09.540-07:00
water_draw_1,2026-08-26T17:08:10.158-07:00,592.550,drawing,,open,,30.515438,3.017500,47.71,117.88,18.65,65.56,22.90,73.22,1418,1139,1032,229,WH-station1,2026-08-26T17:08:10.045-07:00
water_draw_1,2026-08-26T17:08:10.663-07:00,593.055,drawing,,open,,30.540775,3.012396,48.02,118.44,18.44,65.19,22.40,72.32,1421,1137,1031,224,WH-station1,2026-08-26T17:08:10.550-07:00
water_draw_1,2026-08-26T17:08:11.168-07:00,593.560,drawing,,open,,30.565989,2.997083,47.60,117.69,18.44,65.19,22.90,73.22,1417,1137,1028,229,WH-station1,2026-08-26T17:08:11.054-07:00
water_draw_1,2026-08-26T17:08:11.673-07:00,594.065,drawing,,open,,30.591286,3.007292,47.71,117.88,18.85,65.94,22.70,72.86,1418,1141,1030,227,WH-station1,2026-08-26T17:08:11.559-07:00
water_draw_1,2026-08-26T17:08:12.177-07:00,594.569,drawing,,open,,30.616455,2.991979,47.81,118.06,18.54,65.38,22.80,73.04,1419,1138,1027,228,WH-station1,2026-08-26T17:08:12.064-07:00
water_draw_1,2026-08-26T17:08:12.682-07:00,595.074,drawing,,open,,30.641708,3.002187,47.60,117.69,18.54,65.38,23.10,73.58,1417,1138,1029,231,WH-station1,2026-08-26T17:08:12.569-07:00
water_draw_1,2026-08-26T17:08:13.187-07:00,595.579,drawing,,open,,30.667260,3.037917,47.81,118.06,18.75,65.75,23.00,73.40,1419,1140,1036,230,WH-station1,2026-08-26T17:08:13.073-07:00
water_draw_1,2026-08-26T17:08:13.691-07:00,596.083,drawing,,open,,30.692643,3.017500,47.60,117.69,18.65,65.56,22.70,72.86,1417,1139,1032,227,WH-station1,2026-08-26T17:08:13.578-07:00
water_draw_1,2026-08-26T17:08:14.196-07:00,596.588,drawing,,open,,30.718238,3.043021,47.92,118.25,18.54,65.38,22.90,73.22,1420,1138,1037,229,WH-station1,2026-08-26T17:08:14.083-07:00
water_draw_1,2026-08-26T17:08:14.701-07:00,597.093,drawing,,open,,30.743834,3.043021,47.60,117.69,18.75,65.75,22.90,73.22,1417,1140,1037,229,WH-station1,2026-08-26T17:08:14.588-07:00
water_draw_1,2026-08-26T17:08:15.205-07:00,597.597,drawing,,open,,30.769258,3.022604,47.71,117.88,18.23,64.81,23.00,73.40,1418,1135,1033,230,WH-station1,2026-08-26T17:08:15.092-07:00
water_draw_1,2026-08-26T17:08:15.710-07:00,598.102,drawing,,open,,30.794984,3.058333,47.81,118.06,18.23,64.81,23.00,73.40,1419,1135,1040,230,WH-station1,2026-08-26T17:08:15.597-07:00
water_draw_1,2026-08-26T17:08:16.215-07:00,598.607,drawing,,open,,30.820708,3.058333,47.60,117.69,18.33,65.00,22.70,72.86,1417,1136,1040,227,WH-station1,2026-08-26T17:08:16.102-07:00
water_draw_1,2026-08-26T17:08:16.719-07:00,599.111,drawing,,open,,30.846217,3.032812,47.71,117.88,18.33,65.00,22.70,72.86,1418,1136,1035,227,WH-station1,2026-08-26T17:08:16.607-07:00
water_draw_1,2026-08-26T17:08:17.224-07:00,599.616,drawing,,open,,30.871598,3.017500,47.92,118.25,18.44,65.19,22.90,73.22,1420,1137,1032,229,WH-station1,2026-08-26T17:08:17.111-07:00
water_draw_1,2026-08-26T17:08:17.729-07:00,600.121,drawing,,open,,30.897366,3.063437,48.02,118.44,18.75,65.75,22.60,72.68,1421,1140,1041,226,WH-station1,2026-08-26T17:08:17.616-07:00
water_draw_1,2026-08-26T17:08:18.234-07:00,600.626,drawing,,open,,30.922975,3.043021,48.02,118.44,18.23,64.81,22.70,72.86,1421,1135,1037,227,WH-station1,2026-08-26T17:08:18.121-07:00
water_draw_1,2026-08-26T17:08:18.738-07:00,601.130,drawing,,open,,30.948615,3.048125,47.92,118.25,18.44,65.19,23.00,73.40,1420,1137,1038,230,WH-station1,2026-08-26T17:08:18.625-07:00
water_draw_1,2026-08-26T17:08:19.243-07:00,601.635,drawing,,open,,30.974295,3.053229,47.81,118.06,18.33,65.00,22.50,72.50,1419,1136,1039,225,WH-station1,2026-08-26T17:08:19.130-07:00
water_draw_1,2026-08-26T17:08:19.748-07:00,602.140,drawing,,open,,31.000061,3.063437,47.71,117.88,18.54,65.38,22.80,73.04,1418,1138,1041,228,WH-station1,2026-08-26T17:08:19.635-07:00
water_draw_1,2026-08-26T17:08:20.252-07:00,602.644,drawing,,open,,31.025955,3.078750,47.81,118.06,18.44,65.19,22.90,73.22,1419,1137,1044,229,WH-station1,2026-08-26T17:08:20.139-07:00
water_draw_1,2026-08-26T17:08:20.757-07:00,603.149,drawing,,open,,31.051812,3.073646,47.71,117.88,18.33,65.00,22.90,73.22,1418,1136,1043,229,WH-station1,2026-08-26T17:08:20.644-07:00
water_draw_1,2026-08-26T17:08:21.262-07:00,603.654,drawing,,open,,31.077371,3.037917,47.92,118.25,18.75,65.75,22.90,73.22,1420,1140,1036,229,WH-station1,2026-08-26T17:08:21.149-07:00
water_draw_1,2026-08-26T17:08:21.767-07:00,604.159,drawing,,open,,31.103225,3.073646,47.92,118.25,18.75,65.75,22.90,73.22,1420,1140,1043,229,WH-station1,2026-08-26T17:08:21.654-07:00
water_draw_1,2026-08-26T17:08:22.271-07:00,604.663,drawing,,open,,31.129421,3.114479,47.81,118.06,18.96,66.13,23.20,73.76,1419,1142,1051,232,WH-station1,2026-08-26T17:08:22.158-07:00
water_draw_1,2026-08-26T17:08:22.776-07:00,605.168,drawing,,open,,31.155874,3.145104,48.02,118.44,18.54,65.38,22.90,73.22,1421,1138,1057,229,WH-station1,2026-08-26T17:08:22.663-07:00
water_draw_1,2026-08-26T17:08:23.281-07:00,605.673,drawing,,open,,31.182160,3.124688,47.71,117.88,18.65,65.56,22.70,72.86,1418,1139,1053,227,WH-station1,2026-08-26T17:08:23.168-07:00
water_draw_1,2026-08-26T17:08:23.786-07:00,606.177,drawing,,open,,31.208579,3.140000,48.02,118.44,18.75,65.75,22.70,72.86,1421,1140,1056,227,WH-station1,2026-08-26T17:08:23.672-07:00
water_draw_1,2026-08-26T17:08:24.290-07:00,606.682,drawing,,open,,31.235166,3.160417,47.71,117.88,18.33,65.00,23.10,73.58,1418,1136,1060,231,WH-station1,2026-08-26T17:08:24.177-07:00
water_draw_1,2026-08-26T17:08:24.795-07:00,607.187,drawing,,open,,31.261747,3.160417,47.71,117.88,18.65,65.56,23.00,73.40,1418,1139,1060,230,WH-station1,2026-08-26T17:08:24.682-07:00
water_draw_1,2026-08-26T17:08:25.299-07:00,607.691,drawing,,open,,31.288371,3.165521,47.81,118.06,18.54,65.38,22.70,72.86,1419,1138,1061,227,WH-station1,2026-08-26T17:08:25.187-07:00
water_draw_1,2026-08-26T17:08:25.803-07:00,608.196,drawing,,open,,31.315320,3.206354,47.81,118.06,18.44,65.19,22.80,73.04,1419,1137,1069,228,WH-station1,2026-08-26T17:08:25.692-07:00
water_draw_1,2026-08-26T17:08:26.308-07:00,608.700,drawing,,open,,31.342179,3.196146,47.81,118.06,18.54,65.38,23.00,73.40,1419,1138,1067,230,WH-station1,2026-08-26T17:08:26.196-07:00
water_draw_1,2026-08-26T17:08:26.813-07:00,609.205,drawing,,open,,31.369235,3.216562,48.12,118.62,18.54,65.38,23.10,73.58,1422,1138,1071,231,WH-station1,2026-08-26T17:08:26.701-07:00
water_draw_1,2026-08-26T17:08:27.318-07:00,609.709,drawing,,open,,31.395993,3.180833,47.81,118.06,18.65,65.56,23.00,73.40,1419,1139,1064,230,WH-station1,2026-08-26T17:08:27.206-07:00
water_draw_1,2026-08-26T17:08:27.822-07:00,610.214,drawing,,open,,31.422972,3.206354,47.71,117.88,18.54,65.38,23.00,73.40,1418,1138,1069,230,WH-station1,2026-08-26T17:08:27.710-07:00
water_draw_1,2026-08-26T17:08:28.327-07:00,610.719,drawing,,open,,31.449859,3.196146,47.92,118.25,18.33,65.00,23.20,73.76,1420,1136,1067,232,WH-station1,2026-08-26T17:08:28.215-07:00
water_draw_1,2026-08-26T17:08:28.832-07:00,611.224,drawing,,open,,31.476446,3.160417,47.92,118.25,18.33,65.00,23.10,73.58,1420,1136,1060,231,WH-station1,2026-08-26T17:08:28.720-07:00
water_draw_1,2026-08-26T17:08:29.336-07:00,611.728,drawing,,open,,31.503200,3.180833,47.71,117.88,18.33,65.00,22.70,72.86,1418,1136,1064,227,WH-station1,2026-08-26T17:08:29.225-07:00
water_draw_1,2026-08-26T17:08:29.841-07:00,612.233,drawing,,open,,31.529782,3.160417,47.71,117.88,18.33,65.00,22.90,73.22,1418,1136,1060,229,WH-station1,2026-08-26T17:08:29.729-07:00
water_draw_1,2026-08-26T17:08:30.346-07:00,612.738,drawing,,open,,31.555212,3.022604,47.81,118.06,18.44,65.19,23.00,73.40,1419,1137,1033,230,WH-station1,2026-08-26T17:08:30.234-07:00
water_draw_1,2026-08-26T17:08:30.851-07:00,613.243,drawing,,open,,31.579566,2.895000,47.81,118.06,18.65,65.56,23.00,73.40,1419,1139,1008,230,WH-station1,2026-08-26T17:08:30.739-07:00
water_draw_1,2026-08-26T17:08:31.355-07:00,613.747,drawing,,open,,31.605207,3.048125,48.02,118.44,18.54,65.38,22.90,73.22,1421,1138,1038,229,WH-station1,2026-08-26T17:08:31.244-07:00
water_draw_1,2026-08-26T17:08:31.860-07:00,614.252,drawing,,open,,31.631450,3.119583,47.81,118.06,18.44,65.19,22.80,73.04,1419,1137,1052,228,WH-station1,2026-08-26T17:08:31.748-07:00
water_draw_1,2026-08-26T17:08:32.365-07:00,614.757,drawing,,open,,31.657178,3.058333,48.12,118.62,18.23,64.81,22.70,72.86,1422,1135,1040,227,WH-station1,2026-08-26T17:08:32.253-07:00
water_draw_1,2026-08-26T17:08:32.870-07:00,615.262,drawing,,open,,31.682137,2.966458,47.81,118.06,18.65,65.56,22.80,73.04,1419,1139,1022,228,WH-station1,2026-08-26T17:08:32.758-07:00
water_draw_1,2026-08-26T17:08:33.374-07:00,615.766,drawing,,open,,31.706961,2.951146,47.81,118.06,18.75,65.75,23.00,73.40,1419,1140,1019,230,WH-station1,2026-08-26T17:08:33.262-07:00
water_draw_1,2026-08-26T17:08:33.879-07:00,616.270,drawing,,open,,31.732660,3.058333,47.81,118.06,18.02,64.44,22.60,72.68,1419,1133,1040,226,WH-station1,2026-08-26T17:08:33.767-07:00
water_draw_1,2026-08-26T17:08:34.383-07:00,616.775,drawing,,open,,31.758513,3.073646,47.92,118.25,18.54,65.38,23.00,73.40,1420,1138,1043,230,WH-station1,2026-08-26T17:08:34.272-07:00
water_draw_1,2026-08-26T17:08:34.888-07:00,617.280,drawing,,open,,31.784324,3.068542,47.92,118.25,18.44,65.19,23.00,73.40,1420,1137,1042,230,WH-station1,2026-08-26T17:08:34.777-07:00
water_draw_1,2026-08-26T17:08:35.393-07:00,617.785,drawing,,open,,31.810399,3.099167,47.81,118.06,18.33,65.00,23.00,73.40,1419,1136,1048,230,WH-station1,2026-08-26T17:08:35.281-07:00
water_draw_1,2026-08-26T17:08:35.898-07:00,618.289,drawing,,open,,31.836558,3.109375,47.71,117.88,18.75,65.75,22.90,73.22,1418,1140,1050,229,WH-station1,2026-08-26T17:08:35.786-07:00
water_draw_1,2026-08-26T17:08:36.402-07:00,618.794,drawing,,open,,31.862247,3.053229,47.71,117.88,18.65,65.56,23.30,73.94,1418,1139,1039,233,WH-station1,2026-08-26T17:08:36.291-07:00
water_draw_1,2026-08-26T17:08:36.905-07:00,619.299,drawing,,open,,31.886638,2.900104,47.92,118.25,18.23,64.81,23.00,73.40,1420,1135,1009,230,WH-station1,2026-08-26T17:08:36.796-07:00
water_draw_1,2026-08-26T17:08:37.407-07:00,619.801,drawing,,open,,31.912189,3.053229,47.60,117.69,18.65,65.56,23.00,73.40,1417,1139,1039,230,WH-station1,2026-08-26T17:08:37.300-07:00
water_draw_1,2026-08-26T17:08:37.909-07:00,620.303,drawing,,open,,31.938203,3.109375,47.60,117.69,18.65,65.56,22.70,72.86,1417,1139,1050,227,WH-station1,2026-08-26T17:08:37.805-07:00
water_draw_1,2026-08-26T17:08:38.411-07:00,620.805,drawing,,open,,31.964134,3.099167,48.12,118.62,18.54,65.38,23.00,73.40,1422,1138,1048,230,WH-station1,2026-08-26T17:08:38.310-07:00
water_draw_1,2026-08-26T17:08:38.913-07:00,621.307,drawing,,open,,31.989254,3.002187,47.71,117.88,18.65,65.56,22.90,73.22,1418,1139,1029,229,WH-station1,2026-08-26T17:08:38.814-07:00
water_draw_1,2026-08-26T17:08:39.415-07:00,621.809,drawing,,open,,32.014117,2.971563,48.02,118.44,18.23,64.81,23.10,73.58,1421,1135,1023,231,WH-station1,2026-08-26T17:08:39.319-07:00
water_draw_1,2026-08-26T17:08:39.917-07:00,622.311,drawing,,open,,32.039238,3.002187,48.02,118.44,18.33,65.00,23.10,73.58,1421,1136,1029,231,WH-station1,2026-08-26T17:08:39.824-07:00
water_draw_1,2026-08-26T17:08:40.419-07:00,622.813,drawing,,open,,32.064912,3.068542,47.81,118.06,18.54,65.38,23.10,73.58,1419,1138,1042,231,WH-station1,2026-08-26T17:08:40.329-07:00
water_draw_1,2026-08-26T17:08:40.921-07:00,623.315,drawing,,open,,32.090585,3.068542,47.81,118.06,18.44,65.19,22.80,73.04,1419,1137,1042,228,WH-station1,2026-08-26T17:08:40.833-07:00
water_draw_1,2026-08-26T17:08:41.423-07:00,623.817,drawing,,open,,32.116473,3.094063,48.02,118.44,18.33,65.00,22.70,72.86,1421,1136,1047,227,WH-station1,2026-08-26T17:08:41.338-07:00
water_draw_1,2026-08-26T17:08:41.927-07:00,624.319,drawing,,open,,32.142615,3.124688,47.71,117.88,18.23,64.81,23.00,73.40,1418,1135,1053,230,WH-station1,2026-08-26T17:08:41.843-07:00
water_draw_1,2026-08-26T17:08:42.432-07:00,624.824,drawing,,open,,32.168554,3.083854,48.02,118.44,18.23,64.81,23.00,73.40,1421,1135,1045,230,WH-station1,2026-08-26T17:08:42.347-07:00
water_draw_1,2026-08-26T17:08:42.936-07:00,625.328,drawing,,open,,32.194702,3.109375,48.12,118.62,18.23,64.81,23.00,73.40,1422,1135,1050,230,WH-station1,2026-08-26T17:08:42.852-07:00
water_draw_1,2026-08-26T17:08:43.441-07:00,625.833,drawing,,open,,32.221201,3.150208,47.81,118.06,18.44,65.19,22.90,73.22,1419,1137,1058,229,WH-station1,2026-08-26T17:08:43.357-07:00
water_draw_1,2026-08-26T17:08:43.946-07:00,626.338,drawing,,open,,32.247830,3.165521,47.92,118.25,18.33,65.00,22.90,73.22,1420,1136,1061,229,WH-station1,2026-08-26T17:08:43.862-07:00
water_draw_1,2026-08-26T17:08:44.451-07:00,626.842,drawing,,open,,32.274415,3.160417,47.92,118.25,18.23,64.81,23.00,73.40,1420,1135,1060,230,WH-station1,2026-08-26T17:08:44.366-07:00
water_draw_1,2026-08-26T17:08:44.955-07:00,627.347,drawing,,open,,32.300868,3.145104,47.71,117.88,18.33,65.00,22.70,72.86,1418,1136,1057,227,WH-station1,2026-08-26T17:08:44.871-07:00
water_draw_1,2026-08-26T17:08:45.461-07:00,627.853,drawing,,open,,32.327376,3.145104,47.81,118.06,18.44,65.19,22.90,73.22,1419,1137,1057,229,WH-station1,2026-08-26T17:08:45.376-07:00
water_draw_1,2026-08-26T17:08:45.966-07:00,628.358,drawing,,open,,32.353983,3.160417,48.02,118.44,18.23,64.81,22.70,72.86,1421,1135,1060,227,WH-station1,2026-08-26T17:08:45.881-07:00
water_draw_1,2026-08-26T17:08:46.471-07:00,628.863,drawing,,open,,32.380699,3.175729,47.81,118.06,18.23,64.81,23.00,73.40,1419,1135,1063,230,WH-station1,2026-08-26T17:08:46.385-07:00
water_draw_1,2026-08-26T17:08:46.976-07:00,629.367,drawing,,open,,32.407240,3.155312,47.81,118.06,18.44,65.19,22.90,73.22,1419,1137,1059,229,WH-station1,2026-08-26T17:08:46.890-07:00
water_draw_1,2026-08-26T17:08:47.480-07:00,629.872,drawing,,open,,32.433955,3.175729,47.60,117.69,18.54,65.38,22.90,73.22,1417,1138,1063,229,WH-station1,2026-08-26T17:08:47.395-07:00
water_draw_1,2026-08-26T17:08:47.985-07:00,630.377,drawing,,open,,32.460449,3.150208,48.12,118.62,18.23,64.81,23.20,73.76,1422,1135,1058,232,WH-station1,2026-08-26T17:08:47.900-07:00
water_draw_1,2026-08-26T17:08:48.490-07:00,630.882,drawing,,open,,32.487259,3.185938,47.92,118.25,18.33,65.00,23.10,73.58,1420,1136,1065,231,WH-station1,2026-08-26T17:08:48.404-07:00
water_draw_1,2026-08-26T17:08:48.994-07:00,631.386,drawing,,open,,32.514011,3.180833,47.81,118.06,18.65,65.56,23.00,73.40,1419,1139,1064,230,WH-station1,2026-08-26T17:08:48.909-07:00
water_draw_1,2026-08-26T17:08:49.499-07:00,631.891,drawing,,open,,32.540810,3.185938,47.92,118.25,18.54,65.38,23.10,73.58,1420,1138,1065,231,WH-station1,2026-08-26T17:08:49.414-07:00
water_draw_1,2026-08-26T17:08:50.004-07:00,632.396,drawing,,open,,32.567392,3.160417,47.81,118.06,18.75,65.75,23.10,73.58,1419,1140,1060,231,WH-station1,2026-08-26T17:08:49.918-07:00
water_draw_1,2026-08-26T17:08:50.508-07:00,632.900,drawing,,open,,32.594149,3.180833,47.71,117.88,18.54,65.38,22.70,72.86,1418,1138,1064,227,WH-station1,2026-08-26T17:08:50.423-07:00
water_draw_1,2026-08-26T17:08:51.013-07:00,633.405,drawing,,open,,32.620734,3.160417,48.02,118.44,18.75,65.75,23.00,73.40,1421,1140,1060,230,WH-station1,2026-08-26T17:08:50.928-07:00
water_draw_1,2026-08-26T17:08:51.518-07:00,633.910,drawing,,open,,32.647322,3.160417,47.71,117.88,18.54,65.38,22.90,73.22,1418,1138,1060,229,WH-station1,2026-08-26T17:08:51.433-07:00
water_draw_1,2026-08-26T17:08:52.023-07:00,634.414,drawing,,open,,32.674031,3.175729,48.12,118.62,18.33,65.00,23.00,73.40,1422,1136,1063,230,WH-station1,2026-08-26T17:08:51.938-07:00
water_draw_1,2026-08-26T17:08:52.527-07:00,634.919,drawing,,open,,32.700572,3.155312,47.92,118.25,18.75,65.75,22.80,73.04,1420,1140,1059,228,WH-station1,2026-08-26T17:08:52.442-07:00
water_draw_1,2026-08-26T17:08:53.032-07:00,635.424,drawing,,open,,32.727321,3.180833,47.71,117.88,18.65,65.56,23.00,73.40,1418,1139,1064,230,WH-station1,2026-08-26T17:08:52.947-07:00
water_draw_1,2026-08-26T17:08:53.536-07:00,635.928,drawing,,open,,32.753908,3.160417,47.92,118.25,18.65,65.56,22.70,72.86,1420,1139,1060,227,WH-station1,2026-08-26T17:08:53.452-07:00
water_draw_1,2026-08-26T17:08:54.041-07:00,636.433,drawing,,open,,32.780581,3.170625,47.71,117.88,18.02,64.44,22.70,72.86,1418,1133,1062,227,WH-station1,2026-08-26T17:08:53.956-07:00
water_draw_1,2026-08-26T17:08:54.546-07:00,636.938,drawing,,open,,32.807126,3.155312,47.81,118.06,18.75,65.75,22.60,72.68,1419,1140,1059,226,WH-station1,2026-08-26T17:08:54.460-07:00
water_draw_1,2026-08-26T17:08:55.051-07:00,637.443,drawing,,open,,32.833877,3.180833,48.02,118.44,18.23,64.81,22.90,73.22,1421,1135,1064,229,WH-station1,2026-08-26T17:08:54.964-07:00
water_draw_1,2026-08-26T17:08:55.555-07:00,637.947,drawing,,open,,32.860546,3.170625,48.12,118.62,18.44,65.19,23.10,73.58,1422,1137,1062,231,WH-station1,2026-08-26T17:08:55.469-07:00
water_draw_1,2026-08-26T17:08:56.060-07:00,638.452,drawing,,open,,32.887125,3.160417,47.92,118.25,18.33,65.00,22.80,73.04,1420,1136,1060,228,WH-station1,2026-08-26T17:08:55.974-07:00
water_draw_1,2026-08-26T17:08:56.565-07:00,638.957,drawing,,open,,32.913752,3.165521,48.02,118.44,18.44,65.19,22.90,73.22,1421,1137,1061,229,WH-station1,2026-08-26T17:08:56.480-07:00
water_draw_1,2026-08-26T17:08:57.069-07:00,639.461,drawing,,open,,32.940465,3.175729,47.81,118.06,18.33,65.00,23.10,73.58,1419,1136,1063,231,WH-station1,2026-08-26T17:08:56.984-07:00
water_draw_1,2026-08-26T17:08:57.574-07:00,639.966,drawing,,open,,32.967056,3.160417,47.81,118.06,18.44,65.19,22.90,73.22,1419,1137,1060,229,WH-station1,2026-08-26T17:08:57.489-07:00
water_draw_1,2026-08-26T17:08:58.079-07:00,640.471,drawing,,open,,32.993686,3.165521,48.12,118.62,18.23,64.81,22.60,72.68,1422,1135,1061,226,WH-station1,2026-08-26T17:08:57.994-07:00
water_draw_1,2026-08-26T17:08:58.584-07:00,640.976,drawing,,open,,33.020228,3.155312,47.71,117.88,18.33,65.00,23.10,73.58,1418,1136,1059,231,WH-station1,2026-08-26T17:08:58.499-07:00
water_draw_1,2026-08-26T17:08:59.088-07:00,641.480,drawing,,open,,33.046727,3.150208,48.02,118.44,18.44,65.19,23.20,73.76,1421,1137,1058,232,WH-station1,2026-08-26T17:08:59.004-07:00
water_draw_1,2026-08-26T17:08:59.593-07:00,641.985,drawing,,open,,33.073310,3.160417,47.81,118.06,18.65,65.56,23.00,73.40,1419,1139,1060,230,WH-station1,2026-08-26T17:08:59.509-07:00
water_draw_1,2026-08-26T17:09:00.098-07:00,642.490,drawing,,open,,33.099980,3.170625,47.81,118.06,18.23,64.81,22.70,72.86,1419,1135,1062,227,WH-station1,2026-08-26T17:09:00.015-07:00
water_draw_1,2026-08-26T17:09:00.602-07:00,642.994,drawing,,open,,33.126478,3.150208,48.02,118.44,18.33,65.00,23.00,73.40,1421,1136,1058,230,WH-station1,2026-08-26T17:09:00.520-07:00
water_draw_1,2026-08-26T17:09:01.106-07:00,643.499,drawing,,open,,33.153149,3.170625,47.71,117.88,18.23,64.81,23.00,73.40,1418,1135,1062,230,WH-station1,2026-08-26T17:09:01.025-07:00
water_draw_1,2026-08-26T17:09:01.611-07:00,644.003,drawing,,open,,33.179604,3.150208,48.02,118.44,17.81,64.06,23.10,73.58,1421,1131,1058,231,WH-station1,2026-08-26T17:09:01.530-07:00
water_draw_1,2026-08-26T17:09:02.116-07:00,644.508,drawing,,open,,33.205504,3.078750,48.02,118.44,18.23,64.81,23.10,73.58,1421,1135,1044,231,WH-station1,2026-08-26T17:09:02.035-07:00
water_draw_1,2026-08-26T17:09:02.620-07:00,645.012,drawing,,open,,33.229551,2.859271,47.60,117.69,18.65,65.56,22.90,73.22,1417,1139,1001,229,WH-station1,2026-08-26T17:09:02.540-07:00
water_draw_1,2026-08-26T17:09:03.125-07:00,645.517,drawing,,open,,33.254885,3.012396,47.81,118.06,18.33,65.00,22.90,73.22,1419,1136,1031,229,WH-station1,2026-08-26T17:09:03.045-07:00
water_draw_1,2026-08-26T17:09:03.630-07:00,646.022,drawing,,open,,33.280786,3.078750,47.81,118.06,18.44,65.19,23.00,73.40,1419,1137,1044,230,WH-station1,2026-08-26T17:09:03.550-07:00
water_draw_1,2026-08-26T17:09:04.134-07:00,646.526,drawing,,open,,33.306941,3.109375,48.12,118.62,18.33,65.00,22.60,72.68,1422,1136,1050,226,WH-station1,2026-08-26T17:09:04.055-07:00
water_draw_1,2026-08-26T17:09:04.639-07:00,647.031,drawing,,open,,33.332234,3.007292,48.02,118.44,18.13,64.63,22.90,73.22,1421,1134,1030,229,WH-station1,2026-08-26T17:09:04.560-07:00
water_draw_1,2026-08-26T17:09:05.144-07:00,647.536,drawing,,open,,33.357226,2.971563,47.81,118.06,18.54,65.38,22.60,72.68,1419,1138,1023,226,WH-station1,2026-08-26T17:09:05.065-07:00
water_draw_1,2026-08-26T17:09:05.648-07:00,648.040,drawing,,open,,33.382478,3.002187,47.81,118.06,18.54,65.38,22.70,72.86,1419,1138,1029,227,WH-station1,2026-08-26T17:09:05.570-07:00
water_draw_1,2026-08-26T17:09:06.153-07:00,648.545,drawing,,open,,33.408933,3.145104,48.02,118.44,18.44,65.19,22.80,73.04,1421,1137,1057,228,WH-station1,2026-08-26T17:09:06.076-07:00
water_draw_1,2026-08-26T17:09:06.658-07:00,649.050,drawing,,open,,33.435046,3.104271,47.92,118.25,18.23,64.81,23.10,73.58,1420,1135,1049,231,WH-station1,2026-08-26T17:09:06.581-07:00
water_draw_1,2026-08-26T17:09:07.162-07:00,649.554,drawing,,open,,33.460981,3.083854,48.02,118.44,18.44,65.19,23.00,73.40,1421,1137,1045,230,WH-station1,2026-08-26T17:09:07.086-07:00
water_draw_1,2026-08-26T17:09:07.667-07:00,650.059,drawing,,open,,33.486745,3.063437,47.92,118.25,18.13,64.63,22.90,73.22,1420,1134,1041,229,WH-station1,2026-08-26T17:09:07.591-07:00
water_draw_1,2026-08-26T17:09:08.172-07:00,650.563,drawing,,open,,33.513068,3.129792,47.92,118.25,18.44,65.19,22.90,73.22,1420,1137,1054,229,WH-station1,2026-08-26T17:09:08.096-07:00
water_draw_1,2026-08-26T17:09:08.676-07:00,651.068,drawing,,open,,33.539781,3.175729,47.92,118.25,18.65,65.56,22.70,72.86,1420,1139,1063,227,WH-station1,2026-08-26T17:09:08.601-07:00
water_draw_1,2026-08-26T17:09:09.181-07:00,651.573,drawing,,open,,33.566707,3.201250,47.92,118.25,18.33,65.00,23.10,73.58,1420,1136,1068,231,WH-station1,2026-08-26T17:09:09.106-07:00
water_draw_1,2026-08-26T17:09:09.686-07:00,652.078,drawing,,open,,33.593210,3.150208,47.81,118.06,18.33,65.00,22.80,73.04,1419,1136,1058,228,WH-station1,2026-08-26T17:09:09.611-07:00
water_draw_1,2026-08-26T17:09:10.190-07:00,652.582,drawing,,open,,33.619791,3.160417,47.60,117.69,18.33,65.00,23.10,73.58,1417,1136,1060,231,WH-station1,2026-08-26T17:09:10.117-07:00
water_draw_1,2026-08-26T17:09:10.695-07:00,653.087,drawing,,open,,33.646248,3.145104,47.71,117.88,18.13,64.63,23.00,73.40,1418,1134,1057,230,WH-station1,2026-08-26T17:09:10.622-07:00
water_draw_1,2026-08-26T17:09:11.200-07:00,653.592,drawing,,open,,33.673137,3.196146,47.71,117.88,18.44,65.19,22.90,73.22,1418,1137,1067,229,WH-station1,2026-08-26T17:09:11.127-07:00
water_draw_1,2026-08-26T17:09:11.704-07:00,654.096,drawing,,open,,33.699977,3.191042,47.71,117.88,18.54,65.38,22.80,73.04,1418,1138,1066,228,WH-station1,2026-08-26T17:09:11.632-07:00
water_draw_1,2026-08-26T17:09:12.209-07:00,654.601,drawing,,open,,33.726526,3.155312,47.81,118.06,18.54,65.38,23.00,73.40,1419,1138,1059,230,WH-station1,2026-08-26T17:09:12.137-07:00
water_draw_1,2026-08-26T17:09:12.714-07:00,655.106,drawing,,open,,33.753284,3.180833,47.92,118.25,18.33,65.00,22.90,73.22,1420,1136,1064,229,WH-station1,2026-08-26T17:09:12.642-07:00
water_draw_1,2026-08-26T17:09:13.219-07:00,655.611,drawing,,open,,33.779952,3.170625,48.02,118.44,18.54,65.38,22.80,73.04,1421,1138,1062,228,WH-station1,2026-08-26T17:09:13.147-07:00
water_draw_1,2026-08-26T17:09:13.723-07:00,656.115,drawing,,open,,33.806666,3.175729,47.92,118.25,18.65,65.56,23.00,73.40,1420,1139,1063,230,WH-station1,2026-08-26T17:09:13.653-07:00
water_draw_1,2026-08-26T17:09:14.228-07:00,656.620,drawing,,open,,33.833332,3.170625,47.71,117.88,18.33,65.00,22.70,72.86,1418,1136,1062,227,WH-station1,2026-08-26T17:09:14.158-07:00
water_draw_1,2026-08-26T17:09:14.733-07:00,657.125,drawing,,open,,33.860171,3.191042,48.02,118.44,18.54,65.38,23.20,73.76,1421,1138,1066,232,WH-station1,2026-08-26T17:09:14.663-07:00
water_draw_1,2026-08-26T17:09:15.237-07:00,657.629,drawing,,open,,33.886968,3.185938,47.81,118.06,18.33,65.00,23.00,73.40,1419,1136,1065,230,WH-station1,2026-08-26T17:09:15.168-07:00
water_draw_1,2026-08-26T17:09:15.742-07:00,658.134,drawing,,open,,33.913681,3.175729,47.81,118.06,18.33,65.00,22.80,73.04,1419,1136,1063,228,WH-station1,2026-08-26T17:09:15.672-07:00
water_draw_1,2026-08-26T17:09:16.247-07:00,658.639,drawing,,open,,33.940521,3.191042,47.81,118.06,18.54,65.38,22.90,73.22,1419,1138,1066,229,WH-station1,2026-08-26T17:09:16.177-07:00
water_draw_1,2026-08-26T17:09:16.751-07:00,659.143,drawing,,open,,33.967147,3.165521,47.71,117.88,18.23,64.81,22.80,73.04,1418,1135,1061,228,WH-station1,2026-08-26T17:09:16.682-07:00
water_draw_1,2026-08-26T17:09:17.256-07:00,659.648,drawing,,open,,33.993984,3.191042,47.60,117.69,18.65,65.56,23.00,73.40,1417,1139,1066,230,WH-station1,2026-08-26T17:09:17.187-07:00
water_draw_1,2026-08-26T17:09:17.761-07:00,660.153,drawing,,open,,34.020564,3.160417,47.71,117.88,18.54,65.38,23.10,73.58,1418,1138,1060,231,WH-station1,2026-08-26T17:09:17.691-07:00
water_draw_1,2026-08-26T17:09:18.265-07:00,660.657,drawing,,open,,34.047190,3.165521,47.71,117.88,18.23,64.81,22.80,73.04,1418,1135,1061,228,WH-station1,2026-08-26T17:09:18.196-07:00
water_draw_1,2026-08-26T17:09:18.770-07:00,661.162,drawing,,open,,34.073990,3.185938,47.81,118.06,18.75,65.75,22.80,73.04,1419,1140,1065,228,WH-station1,2026-08-26T17:09:18.701-07:00
water_draw_1,2026-08-26T17:09:19.275-07:00,661.667,drawing,,open,,34.100614,3.165521,47.81,118.06,18.65,65.56,23.00,73.40,1419,1139,1061,230,WH-station1,2026-08-26T17:09:19.205-07:00
water_draw_1,2026-08-26T17:09:19.779-07:00,662.171,drawing,,open,,34.127280,3.170625,47.81,118.06,18.23,64.81,23.10,73.58,1419,1135,1062,231,WH-station1,2026-08-26T17:09:19.710-07:00
water_draw_1,2026-08-26T17:09:20.284-07:00,662.676,drawing,,open,,34.154076,3.185938,47.71,117.88,18.23,64.81,23.00,73.40,1418,1135,1065,230,WH-station1,2026-08-26T17:09:20.215-07:00
water_draw_1,2026-08-26T17:09:20.789-07:00,663.181,drawing,,open,,34.180875,3.185938,48.02,118.44,18.33,65.00,22.80,73.04,1421,1136,1065,228,WH-station1,2026-08-26T17:09:20.720-07:00
water_draw_1,2026-08-26T17:09:21.293-07:00,663.685,drawing,,open,,34.207589,3.175729,48.12,118.62,18.33,65.00,23.10,73.58,1422,1136,1063,231,WH-station1,2026-08-26T17:09:21.224-07:00
water_draw_1,2026-08-26T17:09:21.798-07:00,664.190,drawing,,open,,34.234300,3.175729,47.92,118.25,18.54,65.38,22.90,73.22,1420,1138,1063,229,WH-station1,2026-08-26T17:09:21.729-07:00
water_draw_1,2026-08-26T17:09:22.303-07:00,664.695,drawing,,open,,34.261142,3.191042,47.71,117.88,18.33,65.00,22.80,73.04,1418,1136,1066,228,WH-station1,2026-08-26T17:09:22.234-07:00
water_draw_1,2026-08-26T17:09:22.807-07:00,665.199,drawing,,open,,34.287935,3.185938,47.81,118.06,18.54,65.38,23.00,73.40,1419,1138,1065,230,WH-station1,2026-08-26T17:09:22.738-07:00
water_draw_1,2026-08-26T17:09:23.312-07:00,665.704,drawing,,open,,34.314644,3.175729,47.92,118.25,18.44,65.19,22.80,73.04,1420,1137,1063,228,WH-station1,2026-08-26T17:09:23.243-07:00
water_draw_1,2026-08-26T17:09:23.817-07:00,666.209,drawing,,open,,34.341484,3.191042,47.71,117.88,18.44,65.19,22.70,72.86,1418,1137,1066,227,WH-station1,2026-08-26T17:09:23.748-07:00
water_draw_1,2026-08-26T17:09:24.321-07:00,666.713,drawing,,open,,34.368244,3.180833,48.02,118.44,18.65,65.56,22.70,72.86,1421,1139,1064,227,WH-station1,2026-08-26T17:09:24.252-07:00
water_draw_1,2026-08-26T17:09:24.826-07:00,667.218,drawing,,open,,34.395126,3.196146,48.02,118.44,18.33,65.00,23.10,73.58,1421,1136,1067,231,WH-station1,2026-08-26T17:09:24.757-07:00
water_draw_1,2026-08-26T17:09:25.330-07:00,667.723,drawing,,open,,34.421922,3.185938,47.60,117.69,18.65,65.56,22.90,73.22,1417,1139,1065,229,WH-station1,2026-08-26T17:09:25.262-07:00
water_draw_1,2026-08-26T17:09:25.834-07:00,668.227,drawing,,open,,34.448523,3.165521,47.81,118.06,18.44,65.19,23.10,73.58,1419,1137,1061,231,WH-station1,2026-08-26T17:09:25.767-07:00
water_draw_1,2026-08-26T17:09:26.339-07:00,668.731,drawing,,open,,34.475125,3.165521,47.71,117.88,18.65,65.56,22.90,73.22,1418,1139,1061,229,WH-station1,2026-08-26T17:09:26.272-07:00
water_draw_1,2026-08-26T17:09:26.844-07:00,669.236,drawing,,open,,34.501837,3.175729,47.92,118.25,18.54,65.38,23.10,73.58,1420,1138,1063,231,WH-station1,2026-08-26T17:09:26.777-07:00
water_draw_1,2026-08-26T17:09:27.348-07:00,669.740,drawing,,open,,34.528590,3.180833,47.92,118.25,18.75,65.75,22.70,72.86,1420,1140,1064,227,WH-station1,2026-08-26T17:09:27.281-07:00
water_draw_1,2026-08-26T17:09:27.853-07:00,670.245,drawing,,open,,34.555169,3.160417,48.02,118.44,18.23,64.81,23.20,73.76,1421,1135,1060,232,WH-station1,2026-08-26T17:09:27.786-07:00
water_draw_1,2026-08-26T17:09:28.358-07:00,670.750,drawing,,open,,34.581843,3.170625,47.81,118.06,18.44,65.19,23.00,73.40,1419,1137,1062,230,WH-station1,2026-08-26T17:09:28.291-07:00
water_draw_1,2026-08-26T17:09:28.862-07:00,671.254,drawing,,open,,34.608685,3.191042,47.92,118.25,18.44,65.19,22.90,73.22,1420,1137,1066,229,WH-station1,2026-08-26T17:09:28.795-07:00
water_draw_1,2026-08-26T17:09:29.367-07:00,671.759,drawing,,open,,34.635481,3.185938,48.02,118.44,18.13,64.63,23.10,73.58,1421,1134,1065,231,WH-station1,2026-08-26T17:09:29.300-07:00
water_draw_1,2026-08-26T17:09:29.872-07:00,672.264,drawing,,open,,34.662318,3.191042,47.92,118.25,18.23,64.81,23.00,73.40,1420,1135,1066,230,WH-station1,2026-08-26T17:09:29.805-07:00
water_draw_1,2026-08-26T17:09:30.376-07:00,672.768,drawing,,open,,34.689284,3.206354,47.71,117.88,18.33,65.00,22.70,72.86,1418,1136,1069,227,WH-station1,2026-08-26T17:09:30.309-07:00
water_draw_1,2026-08-26T17:09:30.881-07:00,673.273,drawing,,open,,34.715778,3.150208,47.60,117.69,18.44,65.19,22.70,72.86,1417,1137,1058,227,WH-station1,2026-08-26T17:09:30.814-07:00
water_draw_1,2026-08-26T17:09:31.386-07:00,673.778,drawing,,open,,34.742752,3.206354,47.71,117.88,18.33,65.00,23.10,73.58,1418,1136,1069,231,WH-station1,2026-08-26T17:09:31.319-07:00
water_draw_1,2026-08-26T17:09:31.890-07:00,674.282,drawing,,open,,34.769504,3.180833,47.81,118.06,18.85,65.94,22.90,73.22,1419,1141,1064,229,WH-station1,2026-08-26T17:09:31.824-07:00
water_draw_1,2026-08-26T17:09:32.395-07:00,674.787,drawing,,open,,34.796346,3.191042,47.60,117.69,18.75,65.75,22.70,72.86,1417,1140,1066,227,WH-station1,2026-08-26T17:09:32.328-07:00
water_draw_1,2026-08-26T17:09:32.900-07:00,675.292,drawing,,open,,34.822927,3.160417,47.81,118.06,18.54,65.38,22.80,73.04,1419,1138,1060,228,WH-station1,2026-08-26T17:09:32.833-07:00
water_draw_1,2026-08-26T17:09:33.404-07:00,675.796,drawing,,open,,34.849686,3.180833,47.81,118.06,18.23,64.81,22.80,73.04,1419,1135,1064,228,WH-station1,2026-08-26T17:09:33.338-07:00
water_draw_1,2026-08-26T17:09:33.909-07:00,676.301,drawing,,open,,34.876617,3.201250,47.81,118.06,18.44,65.19,22.70,72.86,1419,1137,1068,227,WH-station1,2026-08-26T17:09:33.842-07:00
water_draw_1,2026-08-26T17:09:34.415-07:00,676.806,drawing,,open,,34.903256,3.165521,47.81,118.06,18.54,65.38,23.10,73.58,1419,1138,1061,231,WH-station1,2026-08-26T17:09:34.347-07:00
water_draw_1,2026-08-26T17:09:34.922-07:00,677.312,drawing,,open,,34.929968,3.170625,47.81,118.06,18.33,65.00,22.80,73.04,1419,1136,1062,228,WH-station1,2026-08-26T17:09:34.852-07:00
water_draw_1,2026-08-26T17:09:35.431-07:00,677.819,drawing,,open,,34.956629,3.155312,47.81,118.06,18.44,65.19,22.80,73.04,1419,1137,1059,228,WH-station1,2026-08-26T17:09:35.356-07:00
water_draw_1,2026-08-26T17:09:35.941-07:00,678.328,drawing,,open,,34.983489,3.165521,47.92,118.25,18.33,65.00,22.80,73.04,1420,1136,1061,228,WH-station1,2026-08-26T17:09:35.861-07:00
water_draw_1,2026-08-26T17:09:36.446-07:00,678.838,drawing,,open,,35.010397,3.165521,47.60,117.69,18.54,65.38,22.70,72.86,1417,1138,1061,227,WH-station1,2026-08-26T17:09:36.366-07:00
water_draw_1,2026-08-26T17:09:36.948-07:00,679.342,drawing,,open,,35.036895,3.150208,47.81,118.06,18.54,65.38,22.90,73.22,1419,1138,1058,229,WH-station1,2026-08-26T17:09:36.871-07:00
water_draw_1,2026-08-26T17:09:37.450-07:00,679.844,drawing,,open,,35.063294,3.155312,47.92,118.25,18.02,64.44,22.80,73.04,1420,1133,1059,228,WH-station1,2026-08-26T17:09:37.375-07:00
water_draw_1,2026-08-26T17:09:37.952-07:00,680.346,drawing,,open,,35.089776,3.165521,47.81,118.06,18.33,65.00,22.80,73.04,1419,1136,1061,228,WH-station1,2026-08-26T17:09:37.880-07:00
water_draw_1,2026-08-26T17:09:38.454-07:00,680.848,drawing,,open,,35.116130,3.150208,48.12,118.62,18.54,65.38,23.00,73.40,1422,1138,1058,230,WH-station1,2026-08-26T17:09:38.385-07:00
water_draw_1,2026-08-26T17:09:38.956-07:00,681.350,drawing,,open,,35.142528,3.155312,47.81,118.06,18.75,65.75,23.00,73.40,1419,1140,1059,230,WH-station1,2026-08-26T17:09:38.889-07:00
water_draw_1,2026-08-26T17:09:39.458-07:00,681.852,drawing,,open,,35.168797,3.140000,48.02,118.44,18.23,64.81,22.90,73.22,1421,1135,1056,229,WH-station1,2026-08-26T17:09:39.394-07:00
water_draw_1,2026-08-26T17:09:39.960-07:00,682.354,drawing,,open,,35.195194,3.155312,47.81,118.06,18.65,65.56,22.90,73.22,1419,1139,1059,229,WH-station1,2026-08-26T17:09:39.899-07:00
water_draw_1,2026-08-26T17:09:40.462-07:00,682.856,drawing,,open,,35.221678,3.165521,48.02,118.44,18.44,65.19,23.00,73.40,1421,1137,1061,230,WH-station1,2026-08-26T17:09:40.404-07:00
water_draw_1,2026-08-26T17:09:40.964-07:00,683.358,drawing,,open,,35.248246,3.175729,47.71,117.88,18.33,65.00,23.00,73.40,1418,1136,1063,230,WH-station1,2026-08-26T17:09:40.908-07:00
water_draw_1,2026-08-26T17:09:41.466-07:00,683.860,drawing,,open,,35.274731,3.165521,47.81,118.06,18.54,65.38,23.00,73.40,1419,1138,1061,230,WH-station1,2026-08-26T17:09:41.413-07:00
water_draw_1,2026-08-26T17:09:41.970-07:00,684.362,drawing,,open,,35.301003,3.140000,47.81,118.06,18.33,65.00,22.70,72.86,1419,1136,1056,227,WH-station1,2026-08-26T17:09:41.918-07:00
water_draw_1,2026-08-26T17:09:42.475-07:00,684.867,drawing,,open,,35.327584,3.160417,47.71,117.88,18.54,65.38,22.80,73.04,1418,1138,1060,228,WH-station1,2026-08-26T17:09:42.423-07:00
water_draw_1,2026-08-26T17:09:42.979-07:00,685.371,drawing,,open,,35.354423,3.191042,48.02,118.44,18.33,65.00,22.90,73.22,1421,1136,1066,229,WH-station1,2026-08-26T17:09:42.928-07:00
water_draw_1,2026-08-26T17:09:43.484-07:00,685.876,drawing,,open,,35.381137,3.175729,47.92,118.25,18.23,64.81,23.10,73.58,1420,1135,1063,231,WH-station1,2026-08-26T17:09:43.433-07:00
water_draw_1,2026-08-26T17:09:43.989-07:00,686.381,drawing,,open,,35.407719,3.160417,47.81,118.06,18.23,64.81,23.00,73.40,1419,1135,1060,230,WH-station1,2026-08-26T17:09:43.938-07:00
water_draw_1,2026-08-26T17:09:44.493-07:00,686.885,drawing,,open,,35.434435,3.175729,47.81,118.06,18.44,65.19,22.90,73.22,1419,1137,1063,229,WH-station1,2026-08-26T17:09:44.443-07:00
water_draw_1,2026-08-26T17:09:44.998-07:00,687.390,drawing,,open,,35.461232,3.185938,47.92,118.25,18.23,64.81,22.80,73.04,1420,1135,1065,228,WH-station1,2026-08-26T17:09:44.949-07:00
water_draw_1,2026-08-26T17:09:45.503-07:00,687.895,drawing,,open,,35.487728,3.150208,47.92,118.25,18.85,65.94,22.70,72.86,1420,1141,1058,227,WH-station1,2026-08-26T17:09:45.454-07:00
water_draw_1,2026-08-26T17:09:46.007-07:00,688.399,drawing,,open,,35.514095,3.134896,47.81,118.06,18.13,64.63,23.00,73.40,1419,1134,1055,230,WH-station1,2026-08-26T17:09:45.959-07:00
water_draw_1,2026-08-26T17:09:46.512-07:00,688.904,drawing,,open,,35.540723,3.165521,48.02,118.44,18.65,65.56,23.00,73.40,1421,1139,1061,230,WH-station1,2026-08-26T17:09:46.464-07:00
water_draw_1,2026-08-26T17:09:47.017-07:00,689.409,drawing,,open,,35.567262,3.155312,48.02,118.44,18.02,64.44,22.90,73.22,1421,1133,1059,229,WH-station1,2026-08-26T17:09:46.968-07:00
water_draw_1,2026-08-26T17:09:47.522-07:00,689.913,drawing,,open,,35.593804,3.155312,47.92,118.25,18.65,65.56,22.80,73.04,1420,1139,1059,228,WH-station1,2026-08-26T17:09:47.473-07:00
water_draw_1,2026-08-26T17:09:48.026-07:00,690.418,drawing,,open,,35.620561,3.180833,47.71,117.88,18.75,65.75,22.80,73.04,1418,1140,1064,228,WH-station1,2026-08-26T17:09:47.978-07:00
water_draw_1,2026-08-26T17:09:48.531-07:00,690.923,drawing,,open,,35.647315,3.180833,48.02,118.44,18.65,65.56,22.80,73.04,1421,1139,1064,228,WH-station1,2026-08-26T17:09:48.482-07:00
water_draw_1,2026-08-26T17:09:49.036-07:00,691.428,drawing,,open,,35.673856,3.155312,47.92,118.25,18.23,64.81,22.90,73.22,1420,1135,1059,229,WH-station1,2026-08-26T17:09:48.987-07:00
water_draw_1,2026-08-26T17:09:49.540-07:00,691.932,drawing,,open,,35.700400,3.155312,47.71,117.88,18.54,65.38,23.20,73.76,1418,1138,1059,232,WH-station1,2026-08-26T17:09:49.492-07:00
water_draw_1,2026-08-26T17:09:50.045-07:00,692.437,drawing,,open,,35.726944,3.155312,47.92,118.25,18.33,65.00,23.10,73.58,1420,1136,1059,231,WH-station1,2026-08-26T17:09:49.996-07:00
water_draw_1,2026-08-26T17:09:50.574-07:00,692.942,drawing,,open,,35.753576,3.165521,47.92,118.25,18.33,65.00,23.00,73.40,1420,1136,1061,230,WH-station1,2026-08-26T17:09:50.501-07:00
water_draw_1,2026-08-26T17:09:51.079-07:00,693.471,drawing,,open,,35.781315,3.145104,47.50,117.50,18.33,65.00,22.90,73.22,1416,1136,1057,229,WH-station1,2026-08-26T17:09:51.005-07:00
water_draw_1,2026-08-26T17:09:51.584-07:00,693.976,drawing,,open,,35.807813,3.150208,47.81,118.06,18.65,65.56,23.00,73.40,1419,1139,1058,230,WH-station1,2026-08-26T17:09:51.510-07:00
water_draw_1,2026-08-26T17:09:52.088-07:00,694.480,drawing,,open,,35.834439,3.165521,48.02,118.44,18.44,65.19,22.60,72.68,1421,1137,1061,226,WH-station1,2026-08-26T17:09:52.015-07:00
water_draw_1,2026-08-26T17:09:52.593-07:00,694.985,drawing,,open,,35.860849,3.140000,47.81,118.06,18.44,65.19,23.10,73.58,1419,1137,1056,231,WH-station1,2026-08-26T17:09:52.519-07:00
water_draw_1,2026-08-26T17:09:53.098-07:00,695.490,drawing,,open,,35.887180,3.129792,47.81,118.06,18.54,65.38,22.70,72.86,1419,1138,1054,227,WH-station1,2026-08-26T17:09:53.024-07:00
water_draw_1,2026-08-26T17:09:53.603-07:00,695.995,drawing,,open,,35.913552,3.134896,48.02,118.44,18.33,65.00,22.70,72.86,1421,1136,1055,227,WH-station1,2026-08-26T17:09:53.529-07:00
water_draw_1,2026-08-26T17:09:54.113-07:00,696.499,drawing,,open,,35.940178,3.165521,47.92,118.25,18.33,65.00,23.20,73.76,1420,1136,1061,232,WH-station1,2026-08-26T17:09:54.034-07:00
water_draw_1,2026-08-26T17:09:54.617-07:00,697.009,drawing,,open,,35.967092,3.165521,47.71,117.88,18.54,65.38,23.00,73.40,1418,1138,1061,230,WH-station1,2026-08-26T17:09:54.536-07:00
water_draw_1,2026-08-26T17:09:55.122-07:00,697.514,drawing,,open,,35.993676,3.160417,47.71,117.88,18.54,65.38,23.10,73.58,1418,1138,1060,231,WH-station1,2026-08-26T17:09:55.038-07:00
water_draw_1,2026-08-26T17:09:55.627-07:00,698.019,drawing,,open,,36.020132,3.145104,48.02,118.44,18.44,65.19,22.90,73.22,1421,1137,1057,229,WH-station1,2026-08-26T17:09:55.540-07:00
water_draw_1,2026-08-26T17:09:56.134-07:00,698.524,drawing,,open,,36.046806,3.170625,48.02,118.44,18.33,65.00,22.90,73.22,1421,1136,1062,229,WH-station1,2026-08-26T17:09:56.042-07:00
water_draw_1,2026-08-26T17:09:56.639-07:00,699.031,drawing,,open,,36.073562,3.165521,47.81,118.06,18.23,64.81,23.00,73.40,1419,1135,1061,230,WH-station1,2026-08-26T17:09:56.544-07:00
water_draw_1,2026-08-26T17:09:57.143-07:00,699.535,drawing,,open,,36.100189,3.165521,47.60,117.69,18.23,64.81,23.00,73.40,1417,1135,1061,230,WH-station1,2026-08-26T17:09:57.046-07:00
water_draw_1,2026-08-26T17:09:57.648-07:00,700.040,drawing,,open,,36.126772,3.160417,47.81,118.06,18.23,64.81,23.20,73.76,1419,1135,1060,232,WH-station1,2026-08-26T17:09:57.548-07:00
water_draw_1,2026-08-26T17:09:58.153-07:00,700.545,drawing,,open,,36.153569,3.185938,47.60,117.69,18.33,65.00,22.70,72.86,1417,1136,1065,227,WH-station1,2026-08-26T17:09:58.050-07:00
water_draw_1,2026-08-26T17:09:58.658-07:00,701.050,drawing,,open,,36.180464,3.196146,47.81,118.06,18.13,64.63,22.90,73.22,1419,1134,1067,229,WH-station1,2026-08-26T17:09:58.552-07:00
water_draw_1,2026-08-26T17:09:59.162-07:00,701.554,drawing,,open,,36.207095,3.165521,47.81,118.06,18.54,65.38,22.90,73.22,1419,1138,1061,229,WH-station1,2026-08-26T17:09:59.054-07:00
water_draw_1,2026-08-26T17:09:59.667-07:00,702.059,drawing,,open,,36.233720,3.165521,47.92,118.25,18.54,65.38,23.00,73.40,1420,1138,1061,230,WH-station1,2026-08-26T17:09:59.558-07:00
water_draw_1,2026-08-26T17:10:00.172-07:00,702.564,drawing,,open,,36.260473,3.180833,47.71,117.88,18.65,65.56,22.90,73.22,1418,1139,1064,229,WH-station1,2026-08-26T17:10:00.063-07:00
water_draw_1,2026-08-26T17:10:00.676-07:00,703.068,drawing,,open,,36.287184,3.175729,48.12,118.62,18.23,64.81,23.20,73.76,1422,1135,1063,232,WH-station1,2026-08-26T17:10:00.567-07:00
water_draw_1,2026-08-26T17:10:01.181-07:00,703.573,drawing,,open,,36.313731,3.155312,47.81,118.06,18.44,65.19,22.90,73.22,1419,1137,1059,229,WH-station1,2026-08-26T17:10:01.072-07:00
water_draw_1,2026-08-26T17:10:01.685-07:00,704.077,drawing,,open,,36.340506,3.185938,47.71,117.88,18.44,65.19,23.00,73.40,1418,1137,1065,230,WH-station1,2026-08-26T17:10:01.577-07:00
water_draw_1,2026-08-26T17:10:02.190-07:00,704.582,drawing,,open,,36.367010,3.150208,47.81,118.06,18.65,65.56,22.70,72.86,1419,1139,1058,227,WH-station1,2026-08-26T17:10:02.082-07:00
water_draw_1,2026-08-26T17:10:02.695-07:00,705.087,drawing,,open,,36.393632,3.165521,47.81,118.06,18.13,64.63,23.00,73.40,1419,1134,1061,230,WH-station1,2026-08-26T17:10:02.586-07:00
water_draw_1,2026-08-26T17:10:03.200-07:00,705.592,drawing,,open,,36.420261,3.165521,48.02,118.44,18.44,65.19,22.60,72.68,1421,1137,1061,226,WH-station1,2026-08-26T17:10:03.091-07:00
water_draw_1,2026-08-26T17:10:03.704-07:00,706.096,drawing,,open,,36.446934,3.170625,47.71,117.88,18.33,65.00,23.00,73.40,1418,1136,1062,230,WH-station1,2026-08-26T17:10:03.596-07:00
water_draw_1,2026-08-26T17:10:04.209-07:00,706.601,drawing,,open,,36.473431,3.150208,48.23,118.81,18.44,65.19,23.00,73.40,1423,1137,1058,230,WH-station1,2026-08-26T17:10:04.100-07:00
water_draw_1,2026-08-26T17:10:04.714-07:00,707.106,drawing,,open,,36.500104,3.170625,47.92,118.25,18.44,65.19,22.70,72.86,1420,1137,1062,227,WH-station1,2026-08-26T17:10:04.605-07:00
water_draw_1,2026-08-26T17:10:05.218-07:00,707.610,drawing,,open,,36.526773,3.170625,48.12,118.62,18.54,65.38,22.80,73.04,1422,1138,1062,228,WH-station1,2026-08-26T17:10:05.110-07:00
water_draw_1,2026-08-26T17:10:05.723-07:00,708.115,drawing,,open,,36.553309,3.155312,48.02,118.44,18.65,65.56,22.60,72.68,1421,1139,1059,226,WH-station1,2026-08-26T17:10:05.614-07:00
water_draw_1,2026-08-26T17:10:06.228-07:00,708.620,drawing,,open,,36.579853,3.155312,47.92,118.25,18.23,64.81,22.70,72.86,1420,1135,1059,227,WH-station1,2026-08-26T17:10:06.119-07:00
water_draw_1,2026-08-26T17:10:06.732-07:00,709.124,drawing,,open,,36.606523,3.170625,47.71,117.88,18.33,65.00,22.80,73.04,1418,1136,1062,228,WH-station1,2026-08-26T17:10:06.624-07:00
water_draw_1,2026-08-26T17:10:07.238-07:00,709.629,drawing,,open,,36.633287,3.180833,47.81,118.06,18.33,65.00,22.60,72.68,1419,1136,1064,226,WH-station1,2026-08-26T17:10:07.129-07:00
water_draw_1,2026-08-26T17:10:07.743-07:00,710.135,drawing,,open,,36.659928,3.160417,47.81,118.06,18.44,65.19,23.20,73.76,1419,1137,1060,232,WH-station1,2026-08-26T17:10:07.633-07:00
water_draw_1,2026-08-26T17:10:08.249-07:00,710.640,drawing,,open,,36.686596,3.170625,47.81,118.06,18.44,65.19,23.00,73.40,1419,1137,1062,230,WH-station1,2026-08-26T17:10:08.138-07:00
water_draw_1,2026-08-26T17:10:08.754-07:00,711.146,drawing,,open,,36.713087,3.140000,47.81,118.06,18.75,65.75,22.80,73.04,1419,1140,1056,228,WH-station1,2026-08-26T17:10:08.643-07:00
water_draw_1,2026-08-26T17:10:09.260-07:00,711.651,drawing,,open,,36.739583,3.150208,47.71,117.88,18.75,65.75,22.60,72.68,1418,1140,1058,226,WH-station1,2026-08-26T17:10:09.147-07:00
water_draw_1,2026-08-26T17:10:09.764-07:00,712.156,drawing,,open,,36.766187,3.155312,48.02,118.44,18.54,65.38,23.10,73.58,1421,1138,1059,231,WH-station1,2026-08-26T17:10:09.652-07:00
water_draw_1,2026-08-26T17:10:10.269-07:00,712.661,drawing,,open,,36.792770,3.160417,48.02,118.44,18.65,65.56,22.70,72.86,1421,1139,1060,227,WH-station1,2026-08-26T17:10:10.157-07:00
water_draw_1,2026-08-26T17:10:10.774-07:00,713.166,drawing,,open,,36.819186,3.140000,48.02,118.44,18.44,65.19,22.90,73.22,1421,1137,1056,229,WH-station1,2026-08-26T17:10:10.662-07:00
water_draw_1,2026-08-26T17:10:11.278-07:00,713.671,drawing,,open,,36.845770,3.160417,47.81,118.06,18.23,64.81,22.70,72.86,1419,1135,1060,227,WH-station1,2026-08-26T17:10:11.167-07:00
water_draw_1,2026-08-26T17:10:11.783-07:00,714.175,drawing,,open,,36.872325,3.160417,47.81,118.06,18.54,65.38,22.90,73.22,1419,1138,1060,229,WH-station1,2026-08-26T17:10:11.671-07:00
water_draw_1,2026-08-26T17:10:12.287-07:00,714.679,drawing,,open,,36.898776,3.145104,48.23,118.81,18.02,64.44,23.00,73.40,1423,1133,1057,230,WH-station1,2026-08-26T17:10:12.176-07:00
water_draw_1,2026-08-26T17:10:12.792-07:00,715.184,drawing,,open,,36.925186,3.140000,47.92,118.25,18.23,64.81,22.70,72.86,1420,1135,1056,227,WH-station1,2026-08-26T17:10:12.681-07:00
water_draw_1,2026-08-26T17:10:13.297-07:00,715.689,drawing,,open,,36.951687,3.150208,47.71,117.88,18.33,65.00,23.10,73.58,1418,1136,1058,231,WH-station1,2026-08-26T17:10:13.185-07:00
water_draw_1,2026-08-26T17:10:13.802-07:00,716.194,drawing,,open,,36.978363,3.170625,48.12,118.62,18.33,65.00,23.00,73.40,1422,1136,1062,230,WH-station1,2026-08-26T17:10:13.690-07:00
water_draw_1,2026-08-26T17:10:14.306-07:00,716.698,drawing,,open,,37.005208,3.191042,48.02,118.44,18.33,65.00,23.10,73.58,1421,1136,1066,231,WH-station1,2026-08-26T17:10:14.195-07:00
water_draw_1,2026-08-26T17:10:14.811-07:00,717.203,drawing,,open,,37.031747,3.155312,47.92,118.25,18.33,65.00,23.10,73.58,1420,1136,1059,231,WH-station1,2026-08-26T17:10:14.700-07:00
water_draw_1,2026-08-26T17:10:15.316-07:00,717.708,drawing,,open,,37.058242,3.150208,47.92,118.25,18.54,65.38,22.80,73.04,1420,1138,1058,228,WH-station1,2026-08-26T17:10:15.205-07:00
water_draw_1,2026-08-26T17:10:15.820-07:00,718.212,drawing,,open,,37.084952,3.175729,47.92,118.25,18.54,65.38,22.60,72.68,1420,1138,1063,226,WH-station1,2026-08-26T17:10:15.710-07:00
water_draw_1,2026-08-26T17:10:16.325-07:00,718.717,drawing,,open,,37.111580,3.165521,47.92,118.25,18.33,65.00,22.60,72.68,1420,1136,1061,226,WH-station1,2026-08-26T17:10:16.214-07:00
water_draw_1,2026-08-26T17:10:16.830-07:00,719.222,drawing,,open,,37.137910,3.129792,47.71,117.88,18.54,65.38,22.70,72.86,1418,1138,1054,227,WH-station1,2026-08-26T17:10:16.719-07:00
water_draw_1,2026-08-26T17:10:17.334-07:00,719.726,drawing,,open,,37.164666,3.180833,48.02,118.44,18.13,64.63,23.00,73.40,1421,1134,1064,230,WH-station1,2026-08-26T17:10:17.224-07:00
water_draw_1,2026-08-26T17:10:17.839-07:00,720.231,drawing,,open,,37.191421,3.180833,47.81,118.06,18.44,65.19,22.80,73.04,1419,1137,1064,228,WH-station1,2026-08-26T17:10:17.729-07:00
water_draw_1,2026-08-26T17:10:18.344-07:00,720.736,drawing,,open,,37.217795,3.134896,47.92,118.25,18.23,64.81,23.10,73.58,1420,1135,1055,231,WH-station1,2026-08-26T17:10:18.233-07:00
water_draw_1,2026-08-26T17:10:18.849-07:00,721.241,drawing,,open,,37.244551,3.180833,47.92,118.25,18.54,65.38,22.90,73.22,1420,1138,1064,229,WH-station1,2026-08-26T17:10:18.738-07:00
water_draw_1,2026-08-26T17:10:19.353-07:00,721.745,drawing,,open,,37.271310,3.180833,47.81,118.06,18.65,65.56,23.20,73.76,1419,1139,1064,232,WH-station1,2026-08-26T17:10:19.243-07:00
water_draw_1,2026-08-26T17:10:19.858-07:00,722.250,drawing,,open,,37.297939,3.165521,48.02,118.44,18.33,65.00,22.70,72.86,1421,1136,1061,227,WH-station1,2026-08-26T17:10:19.747-07:00
water_draw_1,2026-08-26T17:10:20.363-07:00,722.755,drawing,,open,,37.324475,3.155312,47.81,118.06,18.75,65.75,23.10,73.58,1419,1140,1059,231,WH-station1,2026-08-26T17:10:20.252-07:00
water_draw_1,2026-08-26T17:10:20.867-07:00,723.259,drawing,,open,,37.351189,3.175729,47.81,118.06,18.65,65.56,23.00,73.40,1419,1139,1063,230,WH-station1,2026-08-26T17:10:20.757-07:00
water_draw_1,2026-08-26T17:10:21.372-07:00,723.764,drawing,,open,,37.378031,3.191042,47.92,118.25,18.44,65.19,23.00,73.40,1420,1137,1066,230,WH-station1,2026-08-26T17:10:21.262-07:00
water_draw_1,2026-08-26T17:10:21.877-07:00,724.269,drawing,,open,,37.404700,3.170625,47.71,117.88,18.44,65.19,22.90,73.22,1418,1137,1062,229,WH-station1,2026-08-26T17:10:21.766-07:00
water_draw_1,2026-08-26T17:10:22.382-07:00,724.773,drawing,,open,,37.431286,3.160417,47.92,118.25,18.23,64.81,23.10,73.58,1420,1135,1060,231,WH-station1,2026-08-26T17:10:22.271-07:00
water_draw_1,2026-08-26T17:10:22.886-07:00,725.278,drawing,,open,,37.457871,3.160417,47.71,117.88,18.54,65.38,22.90,73.22,1418,1138,1060,229,WH-station1,2026-08-26T17:10:22.776-07:00
water_draw_1,2026-08-26T17:10:23.391-07:00,725.783,drawing,,open,,37.484581,3.175729,47.92,118.25,18.54,65.38,22.70,72.86,1420,1138,1063,227,WH-station1,2026-08-26T17:10:23.280-07:00
water_draw_1,2026-08-26T17:10:23.896-07:00,726.288,drawing,,open,,37.511510,3.201250,48.02,118.44,18.65,65.56,22.50,72.50,1421,1139,1068,225,WH-station1,2026-08-26T17:10:23.785-07:00
water_draw_1,2026-08-26T17:10:24.400-07:00,726.792,drawing,,open,,37.538221,3.175729,47.81,118.06,18.65,65.56,22.90,73.22,1419,1139,1063,229,WH-station1,2026-08-26T17:10:24.290-07:00
water_draw_1,2026-08-26T17:10:24.905-07:00,727.297,drawing,,open,,37.564762,3.155312,47.92,118.25,18.23,64.81,22.60,72.68,1420,1135,1059,226,WH-station1,2026-08-26T17:10:24.795-07:00
water_draw_1,2026-08-26T17:10:25.410-07:00,727.802,drawing,,open,,37.591480,3.175729,48.02,118.44,18.54,65.38,23.00,73.40,1421,1138,1063,230,WH-station1,2026-08-26T17:10:25.299-07:00
water_draw_1,2026-08-26T17:10:25.914-07:00,728.306,drawing,,open,,37.617935,3.145104,47.71,117.88,18.54,65.38,22.90,73.22,1418,1138,1057,229,WH-station1,2026-08-26T17:10:25.804-07:00
water_draw_1,2026-08-26T17:10:26.419-07:00,728.811,drawing,,open,,37.644565,3.165521,47.81,118.06,18.13,64.63,22.80,73.04,1419,1134,1061,228,WH-station1,2026-08-26T17:10:26.309-07:00
water_draw_1,2026-08-26T17:10:26.924-07:00,729.316,drawing,,open,,37.670935,3.134896,47.71,117.88,18.44,65.19,22.90,73.22,1418,1137,1055,229,WH-station1,2026-08-26T17:10:26.814-07:00
water_draw_1,2026-08-26T17:10:27.428-07:00,729.820,drawing,,open,,37.697559,3.165521,47.92,118.25,18.54,65.38,22.80,73.04,1420,1138,1061,228,WH-station1,2026-08-26T17:10:27.318-07:00
water_draw_1,2026-08-26T17:10:27.933-07:00,730.325,drawing,,open,,37.724190,3.165521,47.92,118.25,18.54,65.38,22.90,73.22,1420,1138,1061,229,WH-station1,2026-08-26T17:10:27.823-07:00
water_draw_1,2026-08-26T17:10:28.438-07:00,730.830,drawing,,open,,37.750821,3.165521,47.92,118.25,18.75,65.75,23.10,73.58,1420,1140,1061,231,WH-station1,2026-08-26T17:10:28.328-07:00
water_draw_1,2026-08-26T17:10:28.943-07:00,731.335,drawing,,open,,37.777622,3.185938,47.71,117.88,18.44,65.19,22.60,72.68,1418,1137,1065,226,WH-station1,2026-08-26T17:10:28.833-07:00
water_draw_1,2026-08-26T17:10:29.447-07:00,731.839,drawing,,open,,37.804207,3.160417,47.60,117.69,18.33,65.00,23.00,73.40,1417,1136,1060,230,WH-station1,2026-08-26T17:10:29.337-07:00
water_draw_1,2026-08-26T17:10:29.952-07:00,732.344,drawing,,open,,37.830703,3.150208,47.71,117.88,18.33,65.00,22.70,72.86,1418,1136,1058,227,WH-station1,2026-08-26T17:10:29.842-07:00
water_draw_1,2026-08-26T17:10:30.457-07:00,732.849,drawing,,open,,37.857369,3.170625,48.02,118.44,18.54,65.38,23.10,73.58,1421,1138,1062,231,WH-station1,2026-08-26T17:10:30.347-07:00
water_draw_1,2026-08-26T17:10:30.962-07:00,733.353,drawing,,open,,37.883824,3.145104,48.02,118.44,18.44,65.19,22.60,72.68,1421,1137,1057,226,WH-station1,2026-08-26T17:10:30.852-07:00
water_draw_1,2026-08-26T17:10:31.466-07:00,733.858,drawing,,open,,37.910202,3.134896,48.12,118.62,18.44,65.19,22.90,73.22,1422,1137,1055,229,WH-station1,2026-08-26T17:10:31.356-07:00
water_draw_1,2026-08-26T17:10:31.971-07:00,734.363,drawing,,open,,37.936876,3.170625,48.02,118.44,18.54,65.38,23.10,73.58,1421,1138,1062,231,WH-station1,2026-08-26T17:10:31.861-07:00
water_draw_1,2026-08-26T17:10:32.476-07:00,734.868,drawing,,open,,37.963462,3.160417,47.92,118.25,18.44,65.19,22.80,73.04,1420,1137,1060,228,WH-station1,2026-08-26T17:10:32.366-07:00
water_draw_1,2026-08-26T17:10:32.980-07:00,735.372,drawing,,open,,37.989870,3.140000,48.02,118.44,18.54,65.38,22.80,73.04,1421,1138,1056,228,WH-station1,2026-08-26T17:10:32.870-07:00
water_draw_1,2026-08-26T17:10:33.485-07:00,735.877,drawing,,open,,38.015252,3.017500,48.02,118.44,18.65,65.56,22.80,73.04,1421,1139,1032,228,WH-station1,2026-08-26T17:10:33.375-07:00
water_draw_1,2026-08-26T17:10:33.989-07:00,736.381,drawing,,open,,38.039926,2.935833,48.02,118.44,18.54,65.38,23.00,73.40,1421,1138,1016,230,WH-station1,2026-08-26T17:10:33.880-07:00
water_draw_1,2026-08-26T17:10:34.494-07:00,736.886,drawing,,open,,38.065142,2.997083,47.92,118.25,18.54,65.38,22.80,73.04,1420,1138,1028,228,WH-station1,2026-08-26T17:10:34.385-07:00
water_draw_1,2026-08-26T17:10:34.999-07:00,737.391,drawing,,open,,38.090652,3.032812,47.81,118.06,18.54,65.38,22.80,73.04,1419,1138,1035,228,WH-station1,2026-08-26T17:10:34.889-07:00
water_draw_1,2026-08-26T17:10:35.503-07:00,737.895,drawing,,open,,38.115903,3.002187,48.12,118.62,18.44,65.19,23.00,73.40,1422,1137,1029,230,WH-station1,2026-08-26T17:10:35.394-07:00
water_draw_1,2026-08-26T17:10:36.008-07:00,738.400,drawing,,open,,38.141028,2.986875,47.92,118.25,18.44,65.19,23.00,73.40,1420,1137,1026,230,WH-station1,2026-08-26T17:10:35.899-07:00
water_draw_1,2026-08-26T17:10:36.513-07:00,738.905,drawing,,open,,38.166117,2.981771,48.02,118.44,18.54,65.38,22.70,72.86,1421,1138,1025,227,WH-station1,2026-08-26T17:10:36.404-07:00
water_draw_1,2026-08-26T17:10:37.016-07:00,739.410,drawing,,open,,38.191904,3.063437,47.92,118.25,18.75,65.75,23.10,73.58,1420,1140,1041,231,WH-station1,2026-08-26T17:10:36.908-07:00
water_draw_1,2026-08-26T17:10:37.518-07:00,739.912,drawing,,open,,38.217708,3.083854,47.81,118.06,18.44,65.19,23.00,73.40,1419,1137,1045,230,WH-station1,2026-08-26T17:10:37.413-07:00
water_draw_1,2026-08-26T17:10:38.020-07:00,740.414,drawing,,open,,38.243934,3.134896,47.81,118.06,18.13,64.63,22.90,73.22,1419,1134,1055,229,WH-station1,2026-08-26T17:10:37.918-07:00
water_draw_1,2026-08-26T17:10:38.522-07:00,740.916,drawing,,open,,38.270117,3.129792,48.02,118.44,18.65,65.56,23.10,73.58,1421,1139,1054,231,WH-station1,2026-08-26T17:10:38.422-07:00
water_draw_1,2026-08-26T17:10:39.024-07:00,741.418,drawing,,open,,38.296559,3.160417,47.81,118.06,18.44,65.19,22.70,72.86,1419,1137,1060,227,WH-station1,2026-08-26T17:10:38.927-07:00
water_draw_1,2026-08-26T17:10:39.526-07:00,741.920,drawing,,open,,38.323297,3.196146,47.92,118.25,18.33,65.00,22.90,73.22,1420,1136,1067,229,WH-station1,2026-08-26T17:10:39.432-07:00
water_draw_1,2026-08-26T17:10:40.028-07:00,742.422,drawing,,open,,38.350252,3.221667,48.02,118.44,18.54,65.38,23.00,73.40,1421,1138,1072,230,WH-station1,2026-08-26T17:10:39.937-07:00
water_draw_1,2026-08-26T17:10:40.530-07:00,742.924,drawing,,open,,38.376864,3.180833,48.12,118.62,18.23,64.81,22.70,72.86,1422,1135,1064,227,WH-station1,2026-08-26T17:10:40.441-07:00
water_draw_1,2026-08-26T17:10:41.032-07:00,743.426,drawing,,open,,38.403432,3.175729,48.12,118.62,18.44,65.19,22.70,72.86,1422,1137,1063,227,WH-station1,2026-08-26T17:10:40.946-07:00
water_draw_1,2026-08-26T17:10:41.534-07:00,743.928,drawing,,open,,38.429959,3.170625,47.81,118.06,18.44,65.19,23.00,73.40,1419,1137,1062,230,WH-station1,2026-08-26T17:10:41.451-07:00
water_draw_1,2026-08-26T17:10:42.038-07:00,744.430,drawing,,open,,38.456406,3.160417,47.81,118.06,18.23,64.81,22.70,72.86,1419,1135,1060,227,WH-station1,2026-08-26T17:10:41.956-07:00
water_draw_1,2026-08-26T17:10:42.543-07:00,744.935,drawing,,open,,38.483031,3.165521,48.02,118.44,18.65,65.56,23.10,73.58,1421,1139,1061,231,WH-station1,2026-08-26T17:10:42.460-07:00
water_draw_1,2026-08-26T17:10:43.047-07:00,745.439,drawing,,open,,38.509745,3.175729,47.71,117.88,18.54,65.38,22.60,72.68,1418,1138,1063,226,WH-station1,2026-08-26T17:10:42.965-07:00
water_draw_1,2026-08-26T17:10:43.552-07:00,745.944,drawing,,open,,38.536544,3.185938,47.71,117.88,18.13,64.63,23.00,73.40,1418,1134,1065,230,WH-station1,2026-08-26T17:10:43.470-07:00
water_draw_1,2026-08-26T17:10:44.057-07:00,746.449,drawing,,open,,38.563217,3.170625,47.92,118.25,18.54,65.38,22.80,73.04,1420,1138,1062,228,WH-station1,2026-08-26T17:10:43.974-07:00
water_draw_1,2026-08-26T17:10:44.562-07:00,746.954,drawing,,open,,38.589763,3.155312,47.92,118.25,18.44,65.19,22.70,72.86,1420,1137,1059,227,WH-station1,2026-08-26T17:10:44.479-07:00
water_draw_1,2026-08-26T17:10:45.066-07:00,747.458,drawing,,open,,38.616135,3.134896,47.81,118.06,18.54,65.38,22.90,73.22,1419,1138,1055,229,WH-station1,2026-08-26T17:10:44.984-07:00
water_draw_1,2026-08-26T17:10:45.571-07:00,747.963,drawing,,open,,38.642630,3.150208,47.71,117.88,18.13,64.63,22.70,72.86,1418,1134,1058,227,WH-station1,2026-08-26T17:10:45.488-07:00
water_draw_1,2026-08-26T17:10:46.076-07:00,748.468,drawing,,open,,38.669298,3.170625,48.02,118.44,18.44,65.19,22.90,73.22,1421,1137,1062,229,WH-station1,2026-08-26T17:10:45.993-07:00
water_draw_1,2026-08-26T17:10:46.580-07:00,748.972,drawing,,open,,38.695881,3.160417,48.02,118.44,18.44,65.19,22.90,73.22,1421,1137,1060,229,WH-station1,2026-08-26T17:10:46.498-07:00
water_draw_1,2026-08-26T17:10:47.085-07:00,749.477,drawing,,open,,38.722290,3.140000,47.92,118.25,18.33,65.00,23.20,73.76,1420,1136,1056,232,WH-station1,2026-08-26T17:10:47.003-07:00
water_draw_1,2026-08-26T17:10:47.590-07:00,749.982,drawing,,open,,38.748880,3.160417,47.92,118.25,18.44,65.19,22.90,73.22,1420,1137,1060,229,WH-station1,2026-08-26T17:10:47.507-07:00
water_draw_1,2026-08-26T17:10:48.094-07:00,750.486,drawing,,open,,38.775506,3.165521,47.71,117.88,18.85,65.94,22.70,72.86,1418,1141,1061,227,WH-station1,2026-08-26T17:10:48.012-07:00
water_draw_1,2026-08-26T17:10:48.599-07:00,750.991,drawing,,open,,38.801959,3.145104,47.81,118.06,18.33,65.00,23.00,73.40,1419,1136,1057,230,WH-station1,2026-08-26T17:10:48.517-07:00
water_draw_1,2026-08-26T17:10:49.104-07:00,751.496,drawing,,open,,38.828544,3.160417,47.60,117.69,18.33,65.00,22.90,73.22,1417,1136,1060,229,WH-station1,2026-08-26T17:10:49.021-07:00
water_draw_1,2026-08-26T17:10:49.608-07:00,752.000,drawing,,open,,38.854996,3.145104,48.02,118.44,18.33,65.00,22.90,73.22,1421,1136,1057,229,WH-station1,2026-08-26T17:10:49.526-07:00
water_draw_1,2026-08-26T17:10:50.113-07:00,752.505,drawing,,open,,38.881449,3.145104,47.81,118.06,18.23,64.81,22.90,73.22,1419,1135,1057,229,WH-station1,2026-08-26T17:10:50.031-07:00
water_draw_1,2026-08-26T17:10:50.618-07:00,753.010,drawing,,open,,38.907819,3.134896,48.02,118.44,18.54,65.38,22.80,73.04,1421,1138,1055,228,WH-station1,2026-08-26T17:10:50.536-07:00
water_draw_1,2026-08-26T17:10:51.123-07:00,753.514,drawing,,open,,38.934489,3.170625,47.81,118.06,18.65,65.56,22.90,73.22,1419,1139,1062,229,WH-station1,2026-08-26T17:10:51.040-07:00
water_draw_1,2026-08-26T17:10:51.627-07:00,754.019,drawing,,open,,38.961075,3.160417,48.02,118.44,18.54,65.38,22.90,73.22,1421,1138,1060,229,WH-station1,2026-08-26T17:10:51.545-07:00
water_draw_1,2026-08-26T17:10:52.132-07:00,754.524,drawing,,open,,38.987748,3.170625,48.02,118.44,18.23,64.81,23.20,73.76,1421,1135,1062,232,WH-station1,2026-08-26T17:10:52.050-07:00
water_draw_1,2026-08-26T17:10:52.637-07:00,755.029,drawing,,open,,39.014500,3.180833,47.92,118.25,18.54,65.38,22.80,73.04,1420,1138,1064,228,WH-station1,2026-08-26T17:10:52.554-07:00
water_draw_1,2026-08-26T17:10:53.141-07:00,755.533,drawing,,open,,39.041088,3.160417,47.71,117.88,18.54,65.38,22.90,73.22,1418,1138,1060,229,WH-station1,2026-08-26T17:10:53.059-07:00
water_draw_1,2026-08-26T17:10:53.646-07:00,756.038,drawing,,open,,39.067542,3.145104,48.02,118.44,18.33,65.00,23.00,73.40,1421,1136,1057,230,WH-station1,2026-08-26T17:10:53.564-07:00
water_draw_1,2026-08-26T17:10:54.151-07:00,756.543,drawing,,open,,39.094341,3.185938,47.92,118.25,18.13,64.63,22.80,73.04,1420,1134,1065,228,WH-station1,2026-08-26T17:10:54.069-07:00
water_draw_1,2026-08-26T17:10:54.655-07:00,757.047,drawing,,open,,39.120963,3.165521,48.02,118.44,18.23,64.81,23.10,73.58,1421,1135,1061,231,WH-station1,2026-08-26T17:10:54.571-07:00
water_draw_1,2026-08-26T17:10:55.160-07:00,757.552,drawing,,open,,39.147587,3.165521,48.02,118.44,18.44,65.19,22.90,73.22,1421,1137,1061,229,WH-station1,2026-08-26T17:10:55.073-07:00
water_draw_1,2026-08-26T17:10:55.665-07:00,758.057,drawing,,open,,39.174253,3.170625,48.02,118.44,18.54,65.38,22.70,72.86,1421,1138,1062,227,WH-station1,2026-08-26T17:10:55.575-07:00
water_draw_1,2026-08-26T17:10:56.170-07:00,758.561,drawing,,open,,39.200803,3.155312,47.60,117.69,18.33,65.00,22.90,73.22,1417,1136,1059,229,WH-station1,2026-08-26T17:10:56.077-07:00
water_draw_1,2026-08-26T17:10:56.674-07:00,759.066,drawing,,open,,39.227439,3.165521,48.02,118.44,18.54,65.38,22.80,73.04,1421,1138,1061,228,WH-station1,2026-08-26T17:10:56.579-07:00
water_draw_1,2026-08-26T17:10:57.179-07:00,759.571,drawing,,open,,39.254022,3.160417,47.81,118.06,18.33,65.00,22.90,73.22,1419,1136,1060,229,WH-station1,2026-08-26T17:10:57.081-07:00
water_draw_1,2026-08-26T17:10:57.684-07:00,760.076,drawing,,open,,39.280516,3.150208,48.12,118.62,18.33,65.00,22.90,73.22,1422,1136,1058,229,WH-station1,2026-08-26T17:10:57.583-07:00
water_draw_1,2026-08-26T17:10:58.188-07:00,760.580,drawing,,open,,39.307055,3.155312,47.60,117.69,18.44,65.19,22.80,73.04,1417,1137,1059,228,WH-station1,2026-08-26T17:10:58.085-07:00
water_draw_1,2026-08-26T17:10:58.693-07:00,761.085,drawing,,open,,39.333724,3.170625,47.71,117.88,18.75,65.75,23.00,73.40,1418,1140,1062,230,WH-station1,2026-08-26T17:10:58.587-07:00
water_draw_1,2026-08-26T17:10:59.198-07:00,761.590,drawing,,open,,39.360362,3.165521,47.81,118.06,18.23,64.81,22.70,72.86,1419,1135,1061,227,WH-station1,2026-08-26T17:10:59.089-07:00
water_draw_1,2026-08-26T17:10:59.702-07:00,762.094,drawing,,open,,39.387029,3.170625,48.12,118.62,18.44,65.19,22.70,72.86,1422,1137,1062,227,WH-station1,2026-08-26T17:10:59.593-07:00
water_draw_1,2026-08-26T17:11:00.207-07:00,762.599,drawing,,open,,39.413696,3.170625,48.02,118.44,18.33,65.00,22.90,73.22,1421,1136,1062,229,WH-station1,2026-08-26T17:11:00.098-07:00
water_draw_1,2026-08-26T17:11:00.712-07:00,763.104,drawing,,open,,39.440535,3.191042,48.02,118.44,18.44,65.19,23.10,73.58,1421,1137,1066,231,WH-station1,2026-08-26T17:11:00.602-07:00
water_draw_1,2026-08-26T17:11:01.216-07:00,763.609,drawing,,open,,39.467252,3.175729,47.92,118.25,18.33,65.00,22.80,73.04,1420,1136,1063,228,WH-station1,2026-08-26T17:11:01.107-07:00
water_draw_1,2026-08-26T17:11:01.721-07:00,764.113,drawing,,open,,39.493680,3.145104,47.92,118.25,18.54,65.38,22.90,73.22,1420,1138,1057,229,WH-station1,2026-08-26T17:11:01.611-07:00
water_draw_1,2026-08-26T17:11:02.226-07:00,764.618,drawing,,open,,39.520186,3.150208,47.81,118.06,18.54,65.38,23.10,73.58,1419,1138,1058,231,WH-station1,2026-08-26T17:11:02.116-07:00
water_draw_1,2026-08-26T17:11:02.730-07:00,765.122,drawing,,open,,39.546689,3.150208,48.02,118.44,18.44,65.19,22.80,73.04,1421,1137,1058,228,WH-station1,2026-08-26T17:11:02.621-07:00
water_draw_1,2026-08-26T17:11:03.235-07:00,765.627,drawing,,open,,39.573494,3.185938,47.71,117.88,18.44,65.19,22.90,73.22,1418,1137,1065,229,WH-station1,2026-08-26T17:11:03.126-07:00
water_draw_1,2026-08-26T17:11:03.740-07:00,766.132,drawing,,open,,39.599824,3.129792,48.02,118.44,18.13,64.63,22.70,72.86,1421,1134,1054,227,WH-station1,2026-08-26T17:11:03.630-07:00
water_draw_1,2026-08-26T17:11:04.245-07:00,766.637,drawing,,open,,39.626363,3.155312,48.02,118.44,18.33,65.00,22.90,73.22,1421,1136,1059,229,WH-station1,2026-08-26T17:11:04.135-07:00
water_draw_1,2026-08-26T17:11:04.749-07:00,767.141,drawing,,open,,39.652739,3.134896,48.12,118.62,18.13,64.63,23.10,73.58,1422,1134,1055,231,WH-station1,2026-08-26T17:11:04.640-07:00
water_draw_1,2026-08-26T17:11:05.254-07:00,767.646,drawing,,open,,39.679237,3.150208,47.81,118.06,18.65,65.56,22.60,72.68,1419,1139,1058,226,WH-station1,2026-08-26T17:11:05.144-07:00
water_draw_1,2026-08-26T17:11:05.759-07:00,768.151,drawing,,open,,39.705776,3.155312,47.81,118.06,18.23,64.81,22.70,72.86,1419,1135,1059,227,WH-station1,2026-08-26T17:11:05.649-07:00
water_draw_1,2026-08-26T17:11:06.263-07:00,768.655,drawing,,open,,39.732319,3.155312,47.92,118.25,18.54,65.38,22.90,73.22,1420,1138,1059,229,WH-station1,2026-08-26T17:11:06.154-07:00
water_draw_1,2026-08-26T17:11:06.768-07:00,769.160,drawing,,open,,39.758946,3.165521,47.92,118.25,18.65,65.56,22.90,73.22,1420,1139,1061,229,WH-station1,2026-08-26T17:11:06.659-07:00
water_draw_1,2026-08-26T17:11:07.273-07:00,769.665,drawing,,open,,39.785441,3.150208,47.81,118.06,18.33,65.00,22.70,72.86,1419,1136,1058,227,WH-station1,2026-08-26T17:11:07.163-07:00
water_draw_1,2026-08-26T17:11:07.778-07:00,770.170,drawing,,open,,39.812116,3.170625,47.71,117.88,18.65,65.56,22.80,73.04,1418,1139,1062,228,WH-station1,2026-08-26T17:11:07.668-07:00
water_draw_1,2026-08-26T17:11:08.282-07:00,770.674,drawing,,open,,39.838831,3.175729,48.02,118.44,18.54,65.38,23.00,73.40,1421,1138,1063,230,WH-station1,2026-08-26T17:11:08.173-07:00
water_draw_1,2026-08-26T17:11:08.787-07:00,771.179,drawing,,open,,39.865375,3.155312,47.92,118.25,18.23,64.81,22.90,73.22,1420,1135,1059,229,WH-station1,2026-08-26T17:11:08.677-07:00
water_draw_1,2026-08-26T17:11:09.292-07:00,771.684,drawing,,open,,39.891913,3.155312,47.71,117.88,18.65,65.56,22.80,73.04,1418,1139,1059,228,WH-station1,2026-08-26T17:11:09.182-07:00
water_draw_1,2026-08-26T17:11:09.796-07:00,772.188,drawing,,open,,39.918625,3.175729,48.02,118.44,18.44,65.19,22.70,72.86,1421,1137,1063,227,WH-station1,2026-08-26T17:11:09.687-07:00
water_draw_1,2026-08-26T17:11:10.301-07:00,772.693,drawing,,open,,39.945295,3.170625,47.81,118.06,18.44,65.19,23.00,73.40,1419,1137,1062,230,WH-station1,2026-08-26T17:11:10.191-07:00
water_draw_1,2026-08-26T17:11:10.806-07:00,773.198,drawing,,open,,39.972098,3.185938,47.71,117.88,18.54,65.38,22.80,73.04,1418,1138,1065,228,WH-station1,2026-08-26T17:11:10.696-07:00
water_draw_1,2026-08-26T17:11:11.310-07:00,773.703,drawing,,open,,39.998856,3.180833,47.92,118.25,18.54,65.38,22.90,73.22,1420,1138,1064,229,WH-station1,2026-08-26T17:11:11.201-07:00
water_draw_1,2026-08-26T17:11:11.815-07:00,774.207,drawing,,open,,40.025373,3.155312,48.02,118.44,18.44,65.19,22.70,72.86,1421,1137,1059,227,WH-station1,2026-08-26T17:11:11.706-07:00
water_draw_1,2026-08-26T17:11:12.319-07:00,774.711,drawing,,open,,40.052343,3.206354,48.02,118.44,18.33,65.00,22.90,73.22,1421,1136,1069,229,WH-station1,2026-08-26T17:11:12.211-07:00
water_draw_1,2026-08-26T17:11:12.824-07:00,775.216,drawing,,open,,40.078967,3.165521,47.92,118.25,18.54,65.38,23.00,73.40,1420,1138,1061,230,WH-station1,2026-08-26T17:11:12.715-07:00
water_draw_1,2026-08-26T17:11:13.329-07:00,775.721,drawing,,open,,40.105682,3.175729,47.92,118.25,18.54,65.38,22.70,72.86,1420,1138,1063,227,WH-station1,2026-08-26T17:11:13.220-07:00
water_draw_1,2026-08-26T17:11:13.834-07:00,776.226,drawing,,open,,40.132362,3.170625,48.02,118.44,18.65,65.56,23.20,73.76,1421,1139,1062,232,WH-station1,2026-08-26T17:11:13.725-07:00
water_draw_1,2026-08-26T17:11:14.338-07:00,776.730,drawing,,open,,40.159034,3.170625,48.12,118.62,18.33,65.00,22.60,72.68,1422,1136,1062,226,WH-station1,2026-08-26T17:11:14.229-07:00
water_draw_1,2026-08-26T17:11:14.843-07:00,777.235,drawing,,open,,40.185742,3.175729,48.12,118.62,18.44,65.19,22.70,72.86,1422,1137,1063,227,WH-station1,2026-08-26T17:11:14.734-07:00
water_draw_1,2026-08-26T17:11:15.348-07:00,777.740,drawing,,open,,40.212582,3.191042,47.81,118.06,18.65,65.56,23.00,73.40,1419,1139,1066,230,WH-station1,2026-08-26T17:11:15.239-07:00
water_draw_1,2026-08-26T17:11:15.852-07:00,778.244,drawing,,open,,40.239078,3.150208,48.02,118.44,18.23,64.81,22.70,72.86,1421,1135,1058,227,WH-station1,2026-08-26T17:11:15.744-07:00
water_draw_1,2026-08-26T17:11:16.357-07:00,778.749,drawing,,open,,40.265748,3.170625,47.81,118.06,18.54,65.38,22.90,73.22,1419,1138,1062,229,WH-station1,2026-08-26T17:11:16.248-07:00
water_draw_1,2026-08-26T17:11:16.862-07:00,779.254,drawing,,open,,40.292291,3.155312,47.81,118.06,18.54,65.38,22.50,72.50,1419,1138,1059,225,WH-station1,2026-08-26T17:11:16.753-07:00
water_draw_1,2026-08-26T17:11:17.367-07:00,779.759,drawing,,open,,40.318789,3.150208,47.92,118.25,18.65,65.56,22.90,73.22,1420,1139,1058,229,WH-station1,2026-08-26T17:11:17.258-07:00
water_draw_1,2026-08-26T17:11:17.871-07:00,780.263,drawing,,open,,40.345627,3.191042,47.71,117.88,18.75,65.75,22.60,72.68,1418,1140,1066,226,WH-station1,2026-08-26T17:11:17.762-07:00
water_draw_1,2026-08-26T17:11:18.376-07:00,780.768,drawing,,open,,40.372380,3.180833,48.02,118.44,18.65,65.56,22.60,72.68,1421,1139,1064,226,WH-station1,2026-08-26T17:11:18.267-07:00
water_draw_1,2026-08-26T17:11:18.880-07:00,781.272,drawing,,open,,40.398750,3.134896,48.12,118.62,18.23,64.81,22.70,72.86,1422,1135,1055,227,WH-station1,2026-08-26T17:11:18.772-07:00
water_draw_1,2026-08-26T17:11:19.385-07:00,781.777,drawing,,open,,40.425383,3.165521,47.71,117.88,18.65,65.56,22.90,73.22,1418,1139,1061,229,WH-station1,2026-08-26T17:11:19.276-07:00
water_draw_1,2026-08-26T17:11:19.890-07:00,782.282,drawing,,open,,40.451925,3.155312,47.92,118.25,18.54,65.38,22.80,73.04,1420,1138,1059,228,WH-station1,2026-08-26T17:11:19.781-07:00
water_draw_1,2026-08-26T17:11:20.395-07:00,782.787,drawing,,open,,40.478378,3.145104,47.81,118.06,18.54,65.38,22.70,72.86,1419,1138,1057,227,WH-station1,2026-08-26T17:11:20.286-07:00
water_draw_1,2026-08-26T17:11:20.899-07:00,783.291,drawing,,open,,40.504790,3.140000,47.40,117.31,18.13,64.63,22.80,73.04,1415,1134,1056,228,WH-station1,2026-08-26T17:11:20.790-07:00
water_draw_1,2026-08-26T17:11:21.404-07:00,783.796,drawing,,open,,40.531333,3.155312,47.81,118.06,17.92,64.25,22.80,73.04,1419,1132,1059,228,WH-station1,2026-08-26T17:11:21.295-07:00
water_draw_1,2026-08-26T17:11:21.909-07:00,784.301,drawing,,open,,40.557829,3.150208,47.81,118.06,18.33,65.00,22.80,73.04,1419,1136,1058,228,WH-station1,2026-08-26T17:11:21.800-07:00
water_draw_1,2026-08-26T17:11:22.414-07:00,784.805,drawing,,open,,40.584287,3.145104,47.92,118.25,18.54,65.38,22.60,72.68,1420,1138,1057,226,WH-station1,2026-08-26T17:11:22.305-07:00
water_draw_1,2026-08-26T17:11:22.918-07:00,785.310,drawing,,open,,40.611002,3.175729,47.92,118.25,18.44,65.19,23.00,73.40,1420,1137,1063,230,WH-station1,2026-08-26T17:11:22.809-07:00
water_draw_1,2026-08-26T17:11:23.423-07:00,785.815,drawing,,open,,40.637584,3.160417,47.81,118.06,18.33,65.00,22.60,72.68,1419,1136,1060,226,WH-station1,2026-08-26T17:11:23.314-07:00
water_draw_1,2026-08-26T17:11:23.928-07:00,786.320,drawing,,open,,40.664129,3.155312,47.71,117.88,18.54,65.38,22.80,73.04,1418,1138,1059,228,WH-station1,2026-08-26T17:11:23.818-07:00
water_draw_1,2026-08-26T17:11:24.432-07:00,786.824,drawing,,open,,40.690627,3.150208,47.81,118.06,18.44,65.19,22.70,72.86,1419,1137,1058,227,WH-station1,2026-08-26T17:11:24.323-07:00
water_draw_1,2026-08-26T17:11:24.937-07:00,787.329,drawing,,open,,40.717516,3.196146,47.92,118.25,18.44,65.19,22.50,72.50,1420,1137,1067,225,WH-station1,2026-08-26T17:11:24.828-07:00
water_draw_1,2026-08-26T17:11:25.442-07:00,787.834,drawing,,open,,40.744403,3.196146,47.81,118.06,18.44,65.19,22.70,72.86,1419,1137,1067,227,WH-station1,2026-08-26T17:11:25.333-07:00
water_draw_1,2026-08-26T17:11:25.947-07:00,788.339,drawing,,open,,40.770989,3.160417,48.02,118.44,18.54,65.38,23.10,73.58,1421,1138,1060,231,WH-station1,2026-08-26T17:11:25.838-07:00
water_draw_1,2026-08-26T17:11:26.451-07:00,788.843,drawing,,open,,40.797703,3.175729,48.02,118.44,18.54,65.38,22.70,72.86,1421,1138,1063,227,WH-station1,2026-08-26T17:11:26.342-07:00
water_draw_1,2026-08-26T17:11:26.956-07:00,789.348,drawing,,open,,40.824245,3.155312,47.81,118.06,18.44,65.19,22.90,73.22,1419,1137,1059,229,WH-station1,2026-08-26T17:11:26.847-07:00
water_draw_1,2026-08-26T17:11:27.461-07:00,789.853,drawing,,open,,40.850999,3.180833,48.02,118.44,18.02,64.44,22.80,73.04,1421,1133,1064,228,WH-station1,2026-08-26T17:11:27.352-07:00
water_draw_1,2026-08-26T17:11:27.965-07:00,790.357,drawing,,open,,40.877802,3.185938,47.92,118.25,18.44,65.19,22.80,73.04,1420,1137,1065,228,WH-station1,2026-08-26T17:11:27.857-07:00
water_draw_1,2026-08-26T17:11:28.470-07:00,790.862,drawing,,open,,40.904518,3.175729,47.71,117.88,18.44,65.19,23.00,73.40,1418,1137,1063,230,WH-station1,2026-08-26T17:11:28.361-07:00
water_draw_1,2026-08-26T17:11:28.975-07:00,791.367,drawing,,open,,40.931190,3.170625,47.92,118.25,18.33,65.00,22.90,73.22,1420,1136,1062,229,WH-station1,2026-08-26T17:11:28.866-07:00
water_draw_1,2026-08-26T17:11:29.480-07:00,791.872,drawing,,open,,40.957815,3.165521,48.12,118.62,18.65,65.56,22.60,72.68,1422,1139,1061,226,WH-station1,2026-08-26T17:11:29.371-07:00
water_draw_1,2026-08-26T17:11:29.984-07:00,792.376,drawing,,open,,40.984441,3.165521,47.60,117.69,18.02,64.44,22.70,72.86,1417,1133,1061,227,WH-station1,2026-08-26T17:11:29.875-07:00
water_draw_1,2026-08-26T17:11:30.489-07:00,792.881,drawing,,open,,41.010980,3.155312,48.12,118.62,18.33,65.00,22.90,73.22,1422,1136,1059,229,WH-station1,2026-08-26T17:11:30.380-07:00
water_draw_1,2026-08-26T17:11:30.994-07:00,793.386,drawing,,open,,41.037568,3.160417,47.60,117.69,18.23,64.81,22.70,72.86,1417,1135,1060,227,WH-station1,2026-08-26T17:11:30.885-07:00
water_draw_1,2026-08-26T17:11:31.498-07:00,793.890,drawing,,open,,41.064282,3.175729,47.92,118.25,18.54,65.38,22.60,72.68,1420,1138,1063,226,WH-station1,2026-08-26T17:11:31.390-07:00
water_draw_1,2026-08-26T17:11:32.003-07:00,794.395,drawing,,open,,41.090867,3.160417,47.92,118.25,18.23,64.81,22.50,72.50,1420,1135,1060,225,WH-station1,2026-08-26T17:11:31.894-07:00
water_draw_1,2026-08-26T17:11:32.508-07:00,794.900,drawing,,open,,41.117536,3.170625,48.02,118.44,18.33,65.00,23.00,73.40,1421,1136,1062,230,WH-station1,2026-08-26T17:11:32.399-07:00
water_draw_1,2026-08-26T17:11:33.012-07:00,795.404,drawing,,open,,41.144202,3.170625,48.12,118.62,18.44,65.19,23.00,73.40,1422,1137,1062,230,WH-station1,2026-08-26T17:11:32.904-07:00
water_draw_1,2026-08-26T17:11:33.517-07:00,795.909,drawing,,open,,41.170744,3.155312,47.92,118.25,18.44,65.19,22.80,73.04,1420,1137,1059,228,WH-station1,2026-08-26T17:11:33.408-07:00
water_draw_1,2026-08-26T17:11:34.022-07:00,796.414,drawing,,open,,41.197378,3.165521,48.02,118.44,18.44,65.19,23.00,73.40,1421,1137,1061,230,WH-station1,2026-08-26T17:11:33.913-07:00
water_draw_1,2026-08-26T17:11:34.527-07:00,796.919,drawing,,open,,41.223874,3.150208,47.92,118.25,18.33,65.00,23.10,73.58,1420,1136,1058,231,WH-station1,2026-08-26T17:11:34.418-07:00
water_draw_1,2026-08-26T17:11:35.031-07:00,797.423,drawing,,open,,41.250455,3.160417,47.71,117.88,18.44,65.19,23.00,73.40,1418,1137,1060,230,WH-station1,2026-08-26T17:11:34.922-07:00
water_draw_1,2026-08-26T17:11:35.536-07:00,797.928,drawing,,open,,41.277127,3.170625,47.92,118.25,18.44,65.19,22.70,72.86,1420,1137,1062,227,WH-station1,2026-08-26T17:11:35.427-07:00
water_draw_1,2026-08-26T17:11:36.041-07:00,798.433,drawing,,open,,41.303666,3.155312,47.81,118.06,18.33,65.00,22.80,73.04,1419,1136,1059,228,WH-station1,2026-08-26T17:11:35.932-07:00
water_draw_1,2026-08-26T17:11:36.544-07:00,798.937,drawing,,open,,41.330299,3.165521,47.92,118.25,18.44,65.19,22.90,73.22,1420,1137,1061,229,WH-station1,2026-08-26T17:11:36.437-07:00
water_draw_1,2026-08-26T17:11:37.046-07:00,799.441,drawing,,open,,41.356720,3.150208,47.92,118.25,18.44,65.19,23.00,73.40,1420,1137,1058,230,WH-station1,2026-08-26T17:11:36.941-07:00
water_draw_1,2026-08-26T17:11:37.548-07:00,799.943,drawing,,open,,41.383161,3.160417,47.81,118.06,18.44,65.19,23.00,73.40,1419,1137,1060,230,WH-station1,2026-08-26T17:11:37.446-07:00
water_draw_1,2026-08-26T17:11:38.050-07:00,800.445,drawing,,open,,41.409557,3.155312,47.81,118.06,18.23,64.81,22.80,73.04,1419,1135,1059,228,WH-station1,2026-08-26T17:11:37.951-07:00
water_draw_1,2026-08-26T17:11:38.552-07:00,800.947,drawing,,open,,41.436125,3.175729,47.71,117.88,18.33,65.00,23.00,73.40,1418,1136,1063,230,WH-station1,2026-08-26T17:11:38.455-07:00
water_draw_1,2026-08-26T17:11:39.054-07:00,801.449,drawing,,open,,41.462568,3.160417,48.12,118.62,18.33,65.00,22.70,72.86,1422,1136,1060,227,WH-station1,2026-08-26T17:11:38.960-07:00
water_draw_1,2026-08-26T17:11:39.556-07:00,801.950,drawing,,open,,41.489051,3.165521,47.92,118.25,18.33,65.00,22.70,72.86,1420,1136,1061,227,WH-station1,2026-08-26T17:11:39.465-07:00
water_draw_1,2026-08-26T17:11:40.058-07:00,802.452,drawing,,open,,41.515361,3.145104,47.81,118.06,18.65,65.56,22.80,73.04,1419,1139,1057,228,WH-station1,2026-08-26T17:11:39.969-07:00
water_draw_1,2026-08-26T17:11:40.560-07:00,802.954,drawing,,open,,41.541673,3.145104,47.92,118.25,18.23,64.81,22.60,72.68,1420,1135,1057,226,WH-station1,2026-08-26T17:11:40.474-07:00
water_draw_1,2026-08-26T17:11:41.062-07:00,803.456,drawing,,open,,41.568200,3.170625,47.81,118.06,18.65,65.56,23.00,73.40,1419,1139,1062,230,WH-station1,2026-08-26T17:11:40.979-07:00
water_draw_1,2026-08-26T17:11:41.564-07:00,803.958,drawing,,open,,41.594555,3.150208,47.92,118.25,18.65,65.56,22.80,73.04,1420,1139,1058,228,WH-station1,2026-08-26T17:11:41.484-07:00
water_draw_1,2026-08-26T17:11:42.068-07:00,804.460,drawing,,open,,41.621043,3.165521,47.92,118.25,18.65,65.56,23.00,73.40,1420,1139,1061,230,WH-station1,2026-08-26T17:11:41.988-07:00
water_draw_1,2026-08-26T17:11:42.573-07:00,804.965,drawing,,open,,41.647454,3.140000,48.02,118.44,18.23,64.81,23.00,73.40,1421,1135,1056,230,WH-station1,2026-08-26T17:11:42.493-07:00
water_draw_1,2026-08-26T17:11:43.078-07:00,805.470,drawing,,open,,41.674038,3.160417,47.71,117.88,18.65,65.56,22.90,73.22,1418,1139,1060,229,WH-station1,2026-08-26T17:11:42.998-07:00
water_draw_1,2026-08-26T17:11:43.582-07:00,805.974,drawing,,open,,41.700709,3.170625,48.02,118.44,18.33,65.00,22.80,73.04,1421,1136,1062,228,WH-station1,2026-08-26T17:11:43.502-07:00
water_draw_1,2026-08-26T17:11:44.087-07:00,806.479,drawing,,open,,41.727124,3.140000,47.71,117.88,18.85,65.94,23.10,73.58,1418,1141,1056,231,WH-station1,2026-08-26T17:11:44.007-07:00
water_draw_1,2026-08-26T17:11:44.592-07:00,806.984,drawing,,open,,41.753664,3.155312,47.71,117.88,18.44,65.19,22.70,72.86,1418,1137,1059,227,WH-station1,2026-08-26T17:11:44.512-07:00
water_draw_1,2026-08-26T17:11:45.097-07:00,807.489,drawing,,open,,41.780417,3.180833,48.02,118.44,18.33,65.00,22.60,72.68,1421,1136,1064,226,WH-station1,2026-08-26T17:11:45.017-07:00
water_draw_1,2026-08-26T17:11:45.601-07:00,807.993,drawing,,open,,41.806922,3.150208,48.12,118.62,18.33,65.00,22.70,72.86,1422,1136,1058,227,WH-station1,2026-08-26T17:11:45.521-07:00
water_draw_1,2026-08-26T17:11:46.106-07:00,808.498,drawing,,open,,41.833467,3.155312,47.92,118.25,18.65,65.56,22.90,73.22,1420,1139,1059,229,WH-station1,2026-08-26T17:11:46.026-07:00
water_draw_1,2026-08-26T17:11:46.611-07:00,809.003,drawing,,open,,41.859965,3.150208,47.92,118.25,18.44,65.19,22.90,73.22,1420,1137,1058,229,WH-station1,2026-08-26T17:11:46.531-07:00
water_draw_1,2026-08-26T17:11:47.115-07:00,809.507,drawing,,open,,41.886415,3.145104,47.92,118.25,18.33,65.00,22.80,73.04,1420,1136,1057,228,WH-station1,2026-08-26T17:11:47.036-07:00
water_draw_1,2026-08-26T17:11:47.620-07:00,810.012,drawing,,open,,41.913039,3.165521,48.02,118.44,18.33,65.00,22.50,72.50,1421,1136,1061,225,WH-station1,2026-08-26T17:11:47.540-07:00
water_draw_1,2026-08-26T17:11:48.125-07:00,810.517,drawing,,open,,41.939583,3.155312,48.02,118.44,18.13,64.63,22.90,73.22,1421,1134,1059,229,WH-station1,2026-08-26T17:11:48.045-07:00
water_draw_1,2026-08-26T17:11:48.630-07:00,811.022,drawing,,open,,41.966173,3.160417,47.81,118.06,18.54,65.38,23.10,73.58,1419,1138,1060,231,WH-station1,2026-08-26T17:11:48.550-07:00
water_draw_1,2026-08-26T17:11:49.134-07:00,811.526,drawing,,open,,41.992892,3.175729,47.92,118.25,18.54,65.38,23.10,73.58,1420,1138,1063,231,WH-station1,2026-08-26T17:11:49.054-07:00
water_draw_1,2026-08-26T17:11:49.639-07:00,812.031,drawing,,open,,42.019774,3.196146,48.02,118.44,18.54,65.38,22.60,72.68,1421,1138,1067,226,WH-station1,2026-08-26T17:11:49.559-07:00
water_draw_1,2026-08-26T17:11:50.144-07:00,812.536,drawing,,open,,42.046228,3.145104,48.12,118.62,18.02,64.44,23.00,73.40,1422,1133,1057,230,WH-station1,2026-08-26T17:11:50.064-07:00
water_draw_1,2026-08-26T17:11:50.648-07:00,813.040,drawing,,open,,42.072939,3.175729,48.33,119.00,18.44,65.19,22.80,73.04,1424,1137,1063,228,WH-station1,2026-08-26T17:11:50.568-07:00
water_draw_1,2026-08-26T17:11:51.153-07:00,813.545,drawing,,open,,42.099696,3.180833,48.02,118.44,18.54,65.38,22.90,73.22,1421,1138,1064,229,WH-station1,2026-08-26T17:11:51.073-07:00
water_draw_1,2026-08-26T17:11:51.658-07:00,814.050,drawing,,open,,42.126413,3.175729,48.12,118.62,18.23,64.81,22.80,73.04,1422,1135,1063,228,WH-station1,2026-08-26T17:11:51.578-07:00
water_draw_1,2026-08-26T17:11:52.163-07:00,814.555,drawing,,open,,42.153083,3.170625,48.02,118.44,18.33,65.00,23.00,73.40,1421,1136,1062,230,WH-station1,2026-08-26T17:11:52.083-07:00
water_draw_1,2026-08-26T17:11:52.667-07:00,815.059,drawing,,open,,42.179794,3.175729,47.60,117.69,18.44,65.19,22.90,73.22,1417,1137,1063,229,WH-station1,2026-08-26T17:11:52.588-07:00
water_draw_1,2026-08-26T17:11:53.172-07:00,815.564,drawing,,open,,42.206676,3.196146,48.02,118.44,18.23,64.81,22.90,73.22,1421,1135,1067,229,WH-station1,2026-08-26T17:11:53.092-07:00
water_draw_1,2026-08-26T17:11:53.677-07:00,816.068,drawing,,open,,42.233213,3.155312,47.81,118.06,18.33,65.00,22.70,72.86,1419,1136,1059,227,WH-station1,2026-08-26T17:11:53.597-07:00
water_draw_1,2026-08-26T17:11:54.181-07:00,816.573,drawing,,open,,42.259758,3.155312,47.81,118.06,18.23,64.81,23.10,73.58,1419,1135,1059,231,WH-station1,2026-08-26T17:11:54.102-07:00
water_draw_1,2026-08-26T17:11:54.686-07:00,817.078,drawing,,open,,42.286386,3.165521,48.02,118.44,18.33,65.00,22.80,73.04,1421,1136,1061,228,WH-station1,2026-08-26T17:11:54.604-07:00
water_draw_1,2026-08-26T17:11:55.191-07:00,817.583,drawing,,open,,42.312884,3.150208,47.92,118.25,18.23,64.81,22.80,73.04,1420,1135,1058,228,WH-station1,2026-08-26T17:11:55.106-07:00
water_draw_1,2026-08-26T17:11:55.695-07:00,818.087,drawing,,open,,42.339339,3.145104,48.02,118.44,18.65,65.56,22.90,73.22,1421,1139,1057,229,WH-station1,2026-08-26T17:11:55.608-07:00
water_draw_1,2026-08-26T17:11:56.200-07:00,818.592,drawing,,open,,42.365841,3.150208,48.12,118.62,18.65,65.56,23.00,73.40,1422,1139,1058,230,WH-station1,2026-08-26T17:11:56.110-07:00
water_draw_1,2026-08-26T17:11:56.704-07:00,819.096,drawing,,open,,42.392274,3.145104,47.92,118.25,18.44,65.19,22.60,72.68,1420,1137,1057,226,WH-station1,2026-08-26T17:11:56.612-07:00
water_draw_1,2026-08-26T17:11:57.209-07:00,819.601,drawing,,open,,42.418642,3.134896,47.81,118.06,18.33,65.00,22.70,72.86,1419,1136,1055,227,WH-station1,2026-08-26T17:11:57.114-07:00
water_draw_1,2026-08-26T17:11:57.714-07:00,820.106,drawing,,open,,42.445227,3.160417,47.71,117.88,18.54,65.38,22.60,72.68,1418,1138,1060,226,WH-station1,2026-08-26T17:11:57.616-07:00
water_draw_1,2026-08-26T17:11:58.218-07:00,820.610,drawing,,open,,42.471894,3.170625,47.81,118.06,18.44,65.19,22.70,72.86,1419,1137,1062,227,WH-station1,2026-08-26T17:11:58.118-07:00
water_draw_1,2026-08-26T17:11:58.723-07:00,821.115,drawing,,open,,42.498605,3.175729,47.92,118.25,17.92,64.25,22.80,73.04,1420,1132,1063,228,WH-station1,2026-08-26T17:11:58.620-07:00
water_draw_1,2026-08-26T17:11:59.228-07:00,821.620,drawing,,open,,42.525197,3.160417,47.92,118.25,18.33,65.00,22.90,73.22,1420,1136,1060,229,WH-station1,2026-08-26T17:11:59.122-07:00
water_draw_1,2026-08-26T17:11:59.733-07:00,822.125,drawing,,open,,42.551522,3.129792,48.12,118.62,18.65,65.56,23.00,73.40,1422,1139,1054,230,WH-station1,2026-08-26T17:11:59.626-07:00
water_draw_1,2026-08-26T17:12:00.237-07:00,822.629,drawing,,open,,42.578023,3.150208,47.92,118.25,18.33,65.00,22.90,73.22,1420,1136,1058,229,WH-station1,2026-08-26T17:12:00.131-07:00
water_draw_1,2026-08-26T17:12:00.742-07:00,823.134,drawing,,open,,42.604523,3.150208,47.92,118.25,18.33,65.00,22.80,73.04,1420,1136,1058,228,WH-station1,2026-08-26T17:12:00.635-07:00
water_draw_1,2026-08-26T17:12:01.247-07:00,823.639,drawing,,open,,42.630985,3.145104,47.92,118.25,18.33,65.00,23.00,73.40,1420,1136,1057,230,WH-station1,2026-08-26T17:12:01.140-07:00
water_draw_1,2026-08-26T17:12:01.751-07:00,824.143,drawing,,open,,42.657519,3.155312,47.92,118.25,18.54,65.38,22.90,73.22,1420,1138,1059,229,WH-station1,2026-08-26T17:12:01.645-07:00
water_draw_1,2026-08-26T17:12:02.256-07:00,824.648,drawing,,open,,42.684146,3.165521,48.33,119.00,18.33,65.00,22.50,72.50,1424,1136,1061,225,WH-station1,2026-08-26T17:12:02.149-07:00
water_draw_1,2026-08-26T17:12:02.761-07:00,825.153,drawing,,open,,42.710558,3.140000,47.81,118.06,18.54,65.38,22.80,73.04,1419,1138,1056,228,WH-station1,2026-08-26T17:12:02.654-07:00
water_draw_1,2026-08-26T17:12:03.266-07:00,825.658,drawing,,open,,42.737060,3.150208,47.71,117.88,18.23,64.81,23.00,73.40,1418,1135,1058,230,WH-station1,2026-08-26T17:12:03.159-07:00
water_draw_1,2026-08-26T17:12:03.770-07:00,826.162,drawing,,open,,42.763476,3.140000,48.12,118.62,18.33,65.00,23.00,73.40,1422,1136,1056,230,WH-station1,2026-08-26T17:12:03.663-07:00
water_draw_1,2026-08-26T17:12:04.275-07:00,826.667,drawing,,open,,42.790106,3.165521,48.02,118.44,18.65,65.56,22.60,72.68,1421,1139,1061,226,WH-station1,2026-08-26T17:12:04.168-07:00
water_draw_1,2026-08-26T17:12:04.780-07:00,827.172,drawing,,open,,42.816861,3.180833,47.92,118.25,18.33,65.00,22.90,73.22,1420,1136,1064,229,WH-station1,2026-08-26T17:12:04.673-07:00
water_draw_1,2026-08-26T17:12:05.284-07:00,827.676,drawing,,open,,42.843485,3.165521,48.12,118.62,18.54,65.38,23.00,73.40,1422,1138,1061,230,WH-station1,2026-08-26T17:12:05.178-07:00
water_draw_1,2026-08-26T17:12:05.789-07:00,828.181,drawing,,open,,42.870118,3.165521,47.92,118.25,18.54,65.38,22.80,73.04,1420,1138,1061,228,WH-station1,2026-08-26T17:12:05.682-07:00
water_draw_1,2026-08-26T17:12:06.294-07:00,828.686,drawing,,open,,42.896752,3.165521,48.12,118.62,18.54,65.38,23.00,73.40,1422,1138,1061,230,WH-station1,2026-08-26T17:12:06.187-07:00
water_draw_1,2026-08-26T17:12:06.799-07:00,829.191,drawing,,open,,42.923296,3.155312,47.92,118.25,18.44,65.19,22.80,73.04,1420,1137,1059,228,WH-station1,2026-08-26T17:12:06.692-07:00
water_draw_1,2026-08-26T17:12:07.303-07:00,829.695,drawing,,open,,42.949705,3.140000,48.12,118.62,18.33,65.00,22.80,73.04,1422,1136,1056,228,WH-station1,2026-08-26T17:12:07.197-07:00
water_draw_1,2026-08-26T17:12:07.808-07:00,830.200,drawing,,open,,42.976030,3.129792,48.02,118.44,18.44,65.19,22.70,72.86,1421,1137,1054,227,WH-station1,2026-08-26T17:12:07.701-07:00
water_draw_1,2026-08-26T17:12:08.313-07:00,830.705,drawing,,open,,43.002523,3.150208,48.02,118.44,18.54,65.38,22.80,73.04,1421,1138,1058,228,WH-station1,2026-08-26T17:12:08.206-07:00
water_draw_1,2026-08-26T17:12:08.818-07:00,831.209,drawing,,open,,43.029025,3.150208,48.02,118.44,18.44,65.19,22.80,73.04,1421,1137,1058,228,WH-station1,2026-08-26T17:12:08.711-07:00
water_draw_1,2026-08-26T17:12:09.322-07:00,831.714,drawing,,open,,43.055657,3.165521,47.92,118.25,18.33,65.00,23.00,73.40,1420,1136,1061,230,WH-station1,2026-08-26T17:12:09.215-07:00
water_draw_1,2026-08-26T17:12:09.827-07:00,832.219,drawing,,open,,43.082239,3.160417,48.12,118.62,18.44,65.19,22.90,73.22,1422,1137,1060,229,WH-station1,2026-08-26T17:12:09.720-07:00
water_draw_1,2026-08-26T17:12:10.332-07:00,832.724,drawing,,open,,43.108738,3.150208,47.92,118.25,18.44,65.19,23.00,73.40,1420,1137,1058,230,WH-station1,2026-08-26T17:12:10.225-07:00
water_draw_1,2026-08-26T17:12:10.836-07:00,833.228,drawing,,open,,43.135192,3.145104,47.92,118.25,18.33,65.00,22.80,73.04,1420,1136,1057,228,WH-station1,2026-08-26T17:12:10.730-07:00
water_draw_1,2026-08-26T17:12:11.341-07:00,833.733,drawing,,open,,43.161862,3.170625,47.92,118.25,18.54,65.38,22.80,73.04,1420,1138,1062,228,WH-station1,2026-08-26T17:12:11.234-07:00
water_draw_1,2026-08-26T17:12:11.846-07:00,834.238,drawing,,open,,43.188409,3.155312,48.12,118.62,18.33,65.00,22.60,72.68,1422,1136,1059,226,WH-station1,2026-08-26T17:12:11.739-07:00
water_draw_1,2026-08-26T17:12:12.350-07:00,834.742,drawing,,open,,43.215034,3.165521,47.92,118.25,18.54,65.38,22.60,72.68,1420,1138,1061,226,WH-station1,2026-08-26T17:12:12.244-07:00
water_draw_1,2026-08-26T17:12:12.855-07:00,835.247,drawing,,open,,43.241661,3.165521,48.33,119.00,18.65,65.56,22.60,72.68,1424,1139,1061,226,WH-station1,2026-08-26T17:12:12.749-07:00
water_draw_1,2026-08-26T17:12:13.360-07:00,835.752,drawing,,open,,43.267991,3.129792,48.02,118.44,18.23,64.81,23.00,73.40,1421,1135,1054,230,WH-station1,2026-08-26T17:12:13.253-07:00
water_draw_1,2026-08-26T17:12:13.865-07:00,836.257,drawing,,open,,43.294663,3.170625,48.23,118.81,18.44,65.19,22.90,73.22,1423,1137,1062,229,WH-station1,2026-08-26T17:12:13.758-07:00
water_draw_1,2026-08-26T17:12:14.369-07:00,836.761,drawing,,open,,43.321249,3.160417,48.12,118.62,18.33,65.00,22.60,72.68,1422,1136,1060,226,WH-station1,2026-08-26T17:12:14.263-07:00
water_draw_1,2026-08-26T17:12:14.874-07:00,837.266,drawing,,open,,43.348007,3.180833,48.02,118.44,18.44,65.19,22.50,72.50,1421,1137,1064,225,WH-station1,2026-08-26T17:12:14.767-07:00
water_draw_1,2026-08-26T17:12:15.379-07:00,837.771,drawing,,open,,43.374587,3.160417,47.81,118.06,18.23,64.81,22.90,73.22,1419,1135,1060,229,WH-station1,2026-08-26T17:12:15.272-07:00
water_draw_1,2026-08-26T17:12:15.883-07:00,838.275,drawing,,open,,43.401169,3.160417,48.02,118.44,18.65,65.56,23.00,73.40,1421,1139,1060,230,WH-station1,2026-08-26T17:12:15.777-07:00
water_draw_1,2026-08-26T17:12:16.388-07:00,838.780,drawing,,open,,43.427712,3.155312,48.12,118.62,18.23,64.81,23.00,73.40,1422,1135,1059,230,WH-station1,2026-08-26T17:12:16.282-07:00
water_draw_1,2026-08-26T17:12:16.893-07:00,839.285,drawing,,open,,43.454338,3.165521,47.81,118.06,18.23,64.81,22.80,73.04,1419,1135,1061,228,WH-station1,2026-08-26T17:12:16.786-07:00
water_draw_1,2026-08-26T17:12:17.398-07:00,839.790,drawing,,open,,43.480925,3.160417,47.92,118.25,18.13,64.63,22.70,72.86,1420,1134,1060,227,WH-station1,2026-08-26T17:12:17.291-07:00
water_draw_1,2026-08-26T17:12:17.902-07:00,840.294,drawing,,open,,43.507726,3.185938,48.02,118.44,18.23,64.81,22.90,73.22,1421,1135,1065,229,WH-station1,2026-08-26T17:12:17.796-07:00
water_draw_1,2026-08-26T17:12:18.407-07:00,840.799,drawing,,open,,43.534179,3.145104,47.92,118.25,18.54,65.38,22.60,72.68,1420,1138,1057,226,WH-station1,2026-08-26T17:12:18.300-07:00
water_draw_1,2026-08-26T17:12:18.912-07:00,841.304,drawing,,open,,43.560852,3.170625,47.92,118.25,18.54,65.38,22.50,72.50,1420,1138,1062,225,WH-station1,2026-08-26T17:12:18.805-07:00
water_draw_1,2026-08-26T17:12:19.416-07:00,841.808,drawing,,open,,43.587478,3.165521,47.92,118.25,18.54,65.38,22.80,73.04,1420,1138,1061,228,WH-station1,2026-08-26T17:12:19.310-07:00
water_draw_1,2026-08-26T17:12:19.921-07:00,842.313,drawing,,open,,43.614278,3.185938,47.92,118.25,17.92,64.25,22.70,72.86,1420,1132,1065,227,WH-station1,2026-08-26T17:12:19.814-07:00
water_draw_1,2026-08-26T17:12:20.426-07:00,842.818,drawing,,open,,43.640741,3.145104,48.23,118.81,18.44,65.19,22.70,72.86,1423,1137,1057,227,WH-station1,2026-08-26T17:12:20.319-07:00
water_draw_1,2026-08-26T17:12:20.931-07:00,843.323,drawing,,open,,43.667370,3.165521,47.92,118.25,18.44,65.19,22.60,72.68,1420,1137,1061,226,WH-station1,2026-08-26T17:12:20.824-07:00
water_draw_1,2026-08-26T17:12:21.435-07:00,843.827,drawing,,open,,43.694211,3.191042,47.81,118.06,18.33,65.00,23.00,73.40,1419,1136,1066,230,WH-station1,2026-08-26T17:12:21.329-07:00
water_draw_1,2026-08-26T17:12:21.940-07:00,844.332,drawing,,open,,43.720712,3.150208,48.02,118.44,18.23,64.81,22.80,73.04,1421,1135,1058,228,WH-station1,2026-08-26T17:12:21.833-07:00
water_draw_1,2026-08-26T17:12:22.445-07:00,844.837,drawing,,open,,43.747119,3.140000,47.81,118.06,18.13,64.63,22.80,73.04,1419,1134,1056,228,WH-station1,2026-08-26T17:12:22.338-07:00
water_draw_1,2026-08-26T17:12:22.949-07:00,845.341,drawing,,open,,43.773791,3.170625,47.81,118.06,18.33,65.00,22.70,72.86,1419,1136,1062,227,WH-station1,2026-08-26T17:12:22.843-07:00
water_draw_1,2026-08-26T17:12:23.454-07:00,845.846,drawing,,open,,43.800375,3.160417,47.81,118.06,18.54,65.38,23.00,73.40,1419,1138,1060,230,WH-station1,2026-08-26T17:12:23.347-07:00
water_draw_1,2026-08-26T17:12:23.958-07:00,846.350,drawing,,open,,43.826771,3.140000,48.23,118.81,18.65,65.56,22.70,72.86,1423,1139,1056,227,WH-station1,2026-08-26T17:12:23.852-07:00
water_draw_1,2026-08-26T17:12:24.463-07:00,846.855,drawing,,open,,43.853098,3.129792,48.02,118.44,18.33,65.00,23.00,73.40,1421,1136,1054,230,WH-station1,2026-08-26T17:12:24.357-07:00
water_draw_1,2026-08-26T17:12:24.968-07:00,847.360,drawing,,open,,43.879682,3.160417,48.12,118.62,18.02,64.44,22.40,72.32,1422,1133,1060,224,WH-station1,2026-08-26T17:12:24.861-07:00
water_draw_1,2026-08-26T17:12:25.473-07:00,847.864,drawing,,open,,43.906135,3.145104,48.23,118.81,18.23,64.81,23.00,73.40,1423,1135,1057,230,WH-station1,2026-08-26T17:12:25.366-07:00
water_draw_1,2026-08-26T17:12:25.977-07:00,848.369,drawing,,open,,43.932768,3.165521,48.02,118.44,18.44,65.19,22.50,72.50,1421,1137,1061,225,WH-station1,2026-08-26T17:12:25.871-07:00
water_draw_1,2026-08-26T17:12:26.482-07:00,848.874,drawing,,open,,43.959271,3.150208,48.02,118.44,18.75,65.75,22.50,72.50,1421,1140,1058,225,WH-station1,2026-08-26T17:12:26.376-07:00
water_draw_1,2026-08-26T17:12:26.987-07:00,849.379,drawing,,open,,43.985558,3.124688,48.02,118.44,18.44,65.19,22.90,73.22,1421,1137,1053,229,WH-station1,2026-08-26T17:12:26.881-07:00
water_draw_1,2026-08-26T17:12:27.491-07:00,849.883,drawing,,open,,44.012182,3.165521,48.02,118.44,18.33,65.00,22.90,73.22,1421,1136,1061,229,WH-station1,2026-08-26T17:12:27.385-07:00
water_draw_1,2026-08-26T17:12:27.996-07:00,850.388,drawing,,open,,44.038895,3.175729,47.92,118.25,18.13,64.63,22.70,72.86,1420,1134,1063,227,WH-station1,2026-08-26T17:12:27.890-07:00
water_draw_1,2026-08-26T17:12:28.501-07:00,850.893,drawing,,open,,44.065393,3.150208,47.81,118.06,18.13,64.63,22.80,73.04,1419,1134,1058,228,WH-station1,2026-08-26T17:12:28.395-07:00
water_draw_1,2026-08-26T17:12:29.005-07:00,851.397,drawing,,open,,44.091700,3.129792,47.71,117.88,18.33,65.00,22.70,72.86,1418,1136,1054,227,WH-station1,2026-08-26T17:12:28.899-07:00
water_draw_1,2026-08-26T17:12:29.510-07:00,851.902,drawing,,open,,44.118328,3.165521,47.81,118.06,18.23,64.81,22.90,73.22,1419,1135,1061,229,WH-station1,2026-08-26T17:12:29.404-07:00
water_draw_1,2026-08-26T17:12:30.015-07:00,852.407,drawing,,open,,44.144610,3.124688,48.02,118.44,18.13,64.63,22.90,73.22,1421,1134,1053,229,WH-station1,2026-08-26T17:12:29.909-07:00
water_draw_1,2026-08-26T17:12:30.519-07:00,852.911,drawing,,open,,44.171234,3.165521,48.12,118.62,18.65,65.56,23.00,73.40,1422,1139,1061,230,WH-station1,2026-08-26T17:12:30.414-07:00
water_draw_1,2026-08-26T17:12:31.024-07:00,853.416,drawing,,open,,44.197690,3.145104,47.92,118.25,18.44,65.19,23.00,73.40,1420,1137,1057,230,WH-station1,2026-08-26T17:12:30.918-07:00
water_draw_1,2026-08-26T17:12:31.529-07:00,853.921,drawing,,open,,44.224019,3.129792,47.92,118.25,18.23,64.81,22.60,72.68,1420,1135,1054,226,WH-station1,2026-08-26T17:12:31.423-07:00
water_draw_1,2026-08-26T17:12:32.033-07:00,854.425,drawing,,open,,44.250735,3.175729,47.71,117.88,18.02,64.44,22.90,73.22,1418,1133,1063,229,WH-station1,2026-08-26T17:12:31.928-07:00
water_draw_1,2026-08-26T17:12:32.538-07:00,854.930,drawing,,open,,44.277105,3.134896,47.92,118.25,18.13,64.63,22.50,72.50,1420,1134,1055,225,WH-station1,2026-08-26T17:12:32.433-07:00
water_draw_1,2026-08-26T17:12:33.043-07:00,855.435,drawing,,open,,44.303734,3.165521,48.02,118.44,17.92,64.25,22.80,73.04,1421,1132,1061,228,WH-station1,2026-08-26T17:12:32.937-07:00
water_draw_1,2026-08-26T17:12:33.547-07:00,855.940,drawing,,open,,44.330274,3.155312,48.02,118.44,18.33,65.00,23.00,73.40,1421,1136,1059,230,WH-station1,2026-08-26T17:12:33.442-07:00
water_draw_1,2026-08-26T17:12:34.052-07:00,856.444,drawing,,open,,44.356877,3.165521,48.02,118.44,18.54,65.38,22.90,73.22,1421,1138,1061,229,WH-station1,2026-08-26T17:12:33.947-07:00
water_draw_1,2026-08-26T17:12:34.556-07:00,856.948,drawing,,open,,44.383674,3.185938,48.02,118.44,18.13,64.63,22.90,73.22,1421,1134,1065,229,WH-station1,2026-08-26T17:12:34.451-07:00
water_draw_1,2026-08-26T17:12:35.061-07:00,857.453,drawing,,open,,44.410260,3.160417,48.12,118.62,18.23,64.81,23.00,73.40,1422,1135,1060,230,WH-station1,2026-08-26T17:12:34.956-07:00
water_draw_1,2026-08-26T17:12:35.566-07:00,857.958,drawing,,open,,44.436987,3.175729,47.81,118.06,18.33,65.00,23.00,73.40,1419,1136,1063,230,WH-station1,2026-08-26T17:12:35.461-07:00
water_draw_1,2026-08-26T17:12:36.072-07:00,858.463,drawing,,open,,44.463743,3.180833,47.92,118.25,18.33,65.00,22.90,73.22,1420,1136,1064,229,WH-station1,2026-08-26T17:12:35.965-07:00
water_draw_1,2026-08-26T17:12:36.574-07:00,858.969,drawing,,open,,44.490298,3.150208,47.71,117.88,18.65,65.56,23.00,73.40,1418,1139,1058,230,WH-station1,2026-08-26T17:12:36.470-07:00
water_draw_1,2026-08-26T17:12:37.076-07:00,859.471,drawing,,open,,44.516623,3.145104,47.92,118.25,18.33,65.00,22.60,72.68,1420,1136,1057,226,WH-station1,2026-08-26T17:12:36.975-07:00
water_draw_1,2026-08-26T17:12:37.578-07:00,859.973,drawing,,open,,44.542897,3.140000,47.81,118.06,18.23,64.81,22.90,73.22,1419,1135,1056,229,WH-station1,2026-08-26T17:12:37.480-07:00
water_draw_1,2026-08-26T17:12:38.081-07:00,860.475,drawing,,open,,44.569338,3.160417,48.02,118.44,18.13,64.63,22.60,72.68,1421,1134,1060,226,WH-station1,2026-08-26T17:12:37.984-07:00
water_draw_1,2026-08-26T17:12:38.583-07:00,860.977,drawing,,open,,44.595797,3.160417,47.92,118.25,18.33,65.00,23.00,73.40,1420,1136,1060,230,WH-station1,2026-08-26T17:12:38.489-07:00
water_draw_1,2026-08-26T17:12:39.085-07:00,861.479,drawing,,open,,44.622197,3.155312,47.92,118.25,17.92,64.25,22.60,72.68,1420,1132,1059,226,WH-station1,2026-08-26T17:12:38.994-07:00
water_draw_1,2026-08-26T17:12:39.587-07:00,861.981,drawing,,open,,44.648398,3.129792,47.71,117.88,18.23,64.81,22.70,72.86,1418,1135,1054,227,WH-station1,2026-08-26T17:12:39.498-07:00
water_draw_1,2026-08-26T17:12:40.089-07:00,862.483,drawing,,open,,44.674795,3.155312,48.02,118.44,18.33,65.00,22.70,72.86,1421,1136,1059,227,WH-station1,2026-08-26T17:12:40.003-07:00
water_draw_1,2026-08-26T17:12:40.591-07:00,862.986,drawing,,open,,44.701254,3.160417,47.81,118.06,18.23,64.81,22.80,73.04,1419,1135,1060,228,WH-station1,2026-08-26T17:12:40.508-07:00
water_draw_1,2026-08-26T17:12:41.093-07:00,863.488,drawing,,open,,44.727654,3.155312,48.02,118.44,18.44,65.19,22.90,73.22,1421,1137,1059,229,WH-station1,2026-08-26T17:12:41.013-07:00
water_draw_1,2026-08-26T17:12:41.598-07:00,863.990,drawing,,open,,44.754182,3.170625,47.92,118.25,18.54,65.38,22.70,72.86,1420,1138,1062,227,WH-station1,2026-08-26T17:12:41.517-07:00
water_draw_1,2026-08-26T17:12:42.102-07:00,864.494,drawing,,open,,44.780596,3.140000,48.12,118.62,18.44,65.19,22.90,73.22,1422,1137,1056,229,WH-station1,2026-08-26T17:12:42.022-07:00
water_draw_1,2026-08-26T17:12:42.607-07:00,864.999,drawing,,open,,44.807090,3.150208,47.92,118.25,18.54,65.38,23.10,73.58,1420,1138,1058,231,WH-station1,2026-08-26T17:12:42.527-07:00
water_draw_1,2026-08-26T17:12:43.112-07:00,865.504,drawing,,open,,44.833675,3.160417,48.02,118.44,18.33,65.00,22.60,72.68,1421,1136,1060,226,WH-station1,2026-08-26T17:12:43.032-07:00
water_draw_1,2026-08-26T17:12:43.617-07:00,866.008,drawing,,open,,44.860473,3.185938,48.02,118.44,18.54,65.38,22.70,72.86,1421,1138,1065,227,WH-station1,2026-08-26T17:12:43.536-07:00
water_draw_1,2026-08-26T17:12:44.121-07:00,866.513,drawing,,open,,44.886893,3.140000,47.71,117.88,18.23,64.81,22.70,72.86,1418,1135,1056,227,WH-station1,2026-08-26T17:12:44.041-07:00
water_draw_1,2026-08-26T17:12:44.626-07:00,867.018,drawing,,open,,44.913605,3.175729,47.92,118.25,18.23,64.81,22.70,72.86,1420,1135,1063,227,WH-station1,2026-08-26T17:12:44.546-07:00
water_draw_1,2026-08-26T17:12:45.131-07:00,867.523,drawing,,open,,44.940186,3.160417,48.02,118.44,18.65,65.56,22.50,72.50,1421,1139,1060,225,WH-station1,2026-08-26T17:12:45.050-07:00
water_draw_1,2026-08-26T17:12:45.635-07:00,868.027,drawing,,open,,44.966723,3.155312,47.92,118.25,18.23,64.81,22.60,72.68,1420,1135,1059,226,WH-station1,2026-08-26T17:12:45.555-07:00
water_draw_1,2026-08-26T17:12:46.140-07:00,868.532,drawing,,open,,44.993220,3.150208,47.81,118.06,18.54,65.38,23.00,73.40,1419,1138,1058,230,WH-station1,2026-08-26T17:12:46.060-07:00
water_draw_1,2026-08-26T17:12:46.645-07:00,869.037,drawing,,open,,45.020020,3.185938,48.02,118.44,18.02,64.44,23.00,73.40,1421,1133,1065,230,WH-station1,2026-08-26T17:12:46.565-07:00
water_draw_1,2026-08-26T17:12:47.149-07:00,869.541,drawing,,open,,45.046738,3.175729,48.12,118.62,18.33,65.00,22.80,73.04,1422,1136,1063,228,WH-station1,2026-08-26T17:12:47.069-07:00
water_draw_1,2026-08-26T17:12:47.654-07:00,870.046,drawing,,open,,45.073149,3.140000,47.92,118.25,18.54,65.38,23.00,73.40,1420,1138,1056,230,WH-station1,2026-08-26T17:12:47.574-07:00
water_draw_1,2026-08-26T17:12:48.159-07:00,870.551,drawing,,open,,45.099688,3.155312,47.92,118.25,18.44,65.19,22.80,73.04,1420,1137,1059,228,WH-station1,2026-08-26T17:12:48.079-07:00
water_draw_1,2026-08-26T17:12:48.663-07:00,871.055,drawing,,open,,45.126268,3.160417,47.92,118.25,18.23,64.81,22.80,73.04,1420,1135,1060,228,WH-station1,2026-08-26T17:12:48.583-07:00
water_draw_1,2026-08-26T17:12:49.168-07:00,871.560,drawing,,open,,45.152727,3.145104,47.92,118.25,18.44,65.19,22.90,73.22,1420,1137,1057,229,WH-station1,2026-08-26T17:12:49.088-07:00
water_draw_1,2026-08-26T17:12:49.673-07:00,872.065,drawing,,open,,45.179310,3.160417,48.02,118.44,18.54,65.38,22.60,72.68,1421,1138,1060,226,WH-station1,2026-08-26T17:12:49.593-07:00
water_draw_1,2026-08-26T17:12:50.178-07:00,872.570,drawing,,open,,45.206071,3.180833,48.02,118.44,18.44,65.19,22.70,72.86,1421,1137,1064,227,WH-station1,2026-08-26T17:12:50.098-07:00
water_draw_1,2026-08-26T17:12:50.682-07:00,873.074,drawing,,open,,45.232526,3.145104,48.02,118.44,18.75,65.75,22.80,73.04,1421,1140,1057,228,WH-station1,2026-08-26T17:12:50.602-07:00
water_draw_1,2026-08-26T17:12:51.187-07:00,873.579,drawing,,open,,45.259066,3.155312,47.92,118.25,17.92,64.25,22.60,72.68,1420,1132,1059,226,WH-station1,2026-08-26T17:12:51.107-07:00
water_draw_1,2026-08-26T17:12:51.692-07:00,874.084,drawing,,open,,45.285905,3.191042,47.92,118.25,18.54,65.38,22.60,72.68,1420,1138,1066,226,WH-station1,2026-08-26T17:12:51.612-07:00
water_draw_1,2026-08-26T17:12:52.232-07:00,874.588,drawing,,open,,45.312369,3.145104,47.71,117.88,18.44,65.19,22.80,73.04,1418,1137,1057,228,WH-station1,2026-08-26T17:12:52.117-07:00
water_draw_1,2026-08-26T17:12:52.751-07:00,875.128,drawing,,open,,45.340760,3.155312,48.02,118.44,18.23,64.81,22.70,72.86,1421,1135,1059,227,WH-station1,2026-08-26T17:12:52.621-07:00
water_draw_1,2026-08-26T17:12:53.256-07:00,875.648,drawing,,open,,45.368182,3.165521,48.12,118.62,18.23,64.81,22.80,73.04,1422,1135,1061,228,WH-station1,2026-08-26T17:12:53.126-07:00
water_draw_1,2026-08-26T17:12:53.761-07:00,876.153,drawing,,open,,45.394721,3.155312,48.02,118.44,18.33,65.00,22.80,73.04,1421,1136,1059,228,WH-station1,2026-08-26T17:12:53.631-07:00
water_draw_1,2026-08-26T17:12:54.266-07:00,876.658,drawing,,open,,45.421186,3.145104,47.60,117.69,18.65,65.56,22.70,72.86,1417,1139,1057,227,WH-station1,2026-08-26T17:12:54.135-07:00
water_draw_1,2026-08-26T17:12:54.770-07:00,877.162,drawing,,open,,45.447858,3.170625,48.12,118.62,18.33,65.00,22.60,72.68,1422,1136,1062,226,WH-station1,2026-08-26T17:12:54.638-07:00
water_draw_1,2026-08-26T17:12:55.275-07:00,877.667,drawing,,open,,45.474483,3.165521,47.92,118.25,18.54,65.38,22.90,73.22,1420,1138,1061,229,WH-station1,2026-08-26T17:12:55.140-07:00
water_draw_1,2026-08-26T17:12:55.780-07:00,878.172,drawing,,open,,45.501284,3.185938,47.81,118.06,18.33,65.00,22.90,73.22,1419,1136,1065,229,WH-station1,2026-08-26T17:12:55.642-07:00
water_draw_1,2026-08-26T17:12:56.284-07:00,878.677,drawing,,open,,45.528087,3.185938,47.81,118.06,18.13,64.63,22.40,72.32,1419,1134,1065,224,WH-station1,2026-08-26T17:12:56.144-07:00
water_draw_1,2026-08-26T17:12:56.789-07:00,879.181,drawing,,open,,45.554820,3.180833,47.92,118.25,18.33,65.00,23.00,73.40,1420,1136,1064,230,WH-station1,2026-08-26T17:12:56.646-07:00
water_draw_1,2026-08-26T17:12:57.294-07:00,879.686,drawing,,open,,45.581494,3.170625,47.92,118.25,18.13,64.63,23.00,73.40,1420,1134,1062,230,WH-station1,2026-08-26T17:12:57.148-07:00
water_draw_1,2026-08-26T17:12:57.798-07:00,880.190,drawing,,open,,45.608293,3.185938,47.81,118.06,18.44,65.19,22.90,73.22,1419,1137,1065,229,WH-station1,2026-08-26T17:12:57.650-07:00
water_draw_1,2026-08-26T17:12:58.303-07:00,880.695,drawing,,open,,45.634875,3.160417,47.92,118.25,18.23,64.81,22.90,73.22,1420,1135,1060,229,WH-station1,2026-08-26T17:12:58.152-07:00
water_draw_1,2026-08-26T17:12:58.808-07:00,881.200,drawing,,open,,45.661629,3.180833,47.81,118.06,18.54,65.38,22.90,73.22,1419,1138,1064,229,WH-station1,2026-08-26T17:12:58.654-07:00
water_draw_1,2026-08-26T17:12:59.312-07:00,881.704,drawing,,open,,45.688475,3.191042,48.12,118.62,18.54,65.38,22.50,72.50,1422,1138,1066,225,WH-station1,2026-08-26T17:12:59.156-07:00
water_draw_1,2026-08-26T17:12:59.817-07:00,882.209,drawing,,open,,45.715060,3.160417,47.81,118.06,18.44,65.19,22.90,73.22,1419,1137,1060,229,WH-station1,2026-08-26T17:12:59.660-07:00
water_draw_1,2026-08-26T17:13:00.322-07:00,882.714,drawing,,open,,45.741819,3.180833,47.71,117.88,18.33,65.00,22.70,72.86,1418,1136,1064,227,WH-station1,2026-08-26T17:13:00.165-07:00
water_draw_1,2026-08-26T17:13:00.827-07:00,883.219,drawing,,open,,45.768361,3.155312,48.02,118.44,18.33,65.00,22.50,72.50,1421,1136,1059,225,WH-station1,2026-08-26T17:13:00.669-07:00
water_draw_1,2026-08-26T17:13:01.331-07:00,883.723,drawing,,open,,45.795034,3.170625,48.12,118.62,18.13,64.63,22.80,73.04,1422,1134,1062,228,WH-station1,2026-08-26T17:13:01.174-07:00
water_draw_1,2026-08-26T17:13:01.836-07:00,884.228,drawing,,open,,45.821662,3.165521,47.71,117.88,18.54,65.38,22.90,73.22,1418,1138,1061,229,WH-station1,2026-08-26T17:13:01.678-07:00
water_draw_1,2026-08-26T17:13:02.341-07:00,884.733,drawing,,open,,45.848246,3.160417,48.12,118.62,18.65,65.56,23.00,73.40,1422,1139,1060,230,WH-station1,2026-08-26T17:13:02.183-07:00
water_draw_1,2026-08-26T17:13:02.845-07:00,885.237,drawing,,open,,45.874790,3.155312,48.02,118.44,18.33,65.00,22.60,72.68,1421,1136,1059,226,WH-station1,2026-08-26T17:13:02.688-07:00
water_draw_1,2026-08-26T17:13:03.350-07:00,885.742,drawing,,open,,45.901292,3.150208,48.12,118.62,18.23,64.81,22.70,72.86,1422,1135,1058,227,WH-station1,2026-08-26T17:13:03.193-07:00
water_draw_1,2026-08-26T17:13:03.855-07:00,886.247,drawing,,open,,45.928220,3.201250,47.92,118.25,18.23,64.81,23.00,73.40,1420,1135,1068,230,WH-station1,2026-08-26T17:13:03.697-07:00
water_draw_1,2026-08-26T17:13:04.360-07:00,886.752,drawing,,open,,45.954893,3.170625,48.12,118.62,18.44,65.19,22.90,73.22,1422,1137,1062,229,WH-station1,2026-08-26T17:13:04.202-07:00
water_draw_1,2026-08-26T17:13:04.864-07:00,887.256,drawing,,open,,45.981604,3.175729,47.81,118.06,18.44,65.19,23.00,73.40,1419,1137,1063,230,WH-station1,2026-08-26T17:13:04.707-07:00
water_draw_1,2026-08-26T17:13:05.369-07:00,887.761,drawing,,open,,46.008270,3.170625,47.92,118.25,18.44,65.19,22.80,73.04,1420,1137,1062,228,WH-station1,2026-08-26T17:13:05.211-07:00
water_draw_1,2026-08-26T17:13:05.874-07:00,888.266,drawing,,open,,46.035203,3.201250,48.02,118.44,18.44,65.19,22.90,73.22,1421,1137,1068,229,WH-station1,2026-08-26T17:13:05.716-07:00
water_draw_1,2026-08-26T17:13:06.378-07:00,888.770,drawing,,open,,46.061876,3.170625,47.81,118.06,18.13,64.63,22.90,73.22,1419,1134,1062,229,WH-station1,2026-08-26T17:13:06.221-07:00
water_draw_1,2026-08-26T17:13:06.883-07:00,889.275,drawing,,open,,46.088635,3.180833,48.12,118.62,17.92,64.25,22.50,72.50,1422,1132,1064,225,WH-station1,2026-08-26T17:13:06.726-07:00
water_draw_1,2026-08-26T17:13:07.388-07:00,889.780,drawing,,open,,46.115222,3.160417,48.02,118.44,18.33,65.00,22.90,73.22,1421,1136,1060,229,WH-station1,2026-08-26T17:13:07.230-07:00
water_draw_1,2026-08-26T17:13:07.893-07:00,890.285,drawing,,open,,46.141975,3.180833,48.02,118.44,18.33,65.00,22.60,72.68,1421,1136,1064,226,WH-station1,2026-08-26T17:13:07.735-07:00
water_draw_1,2026-08-26T17:13:08.397-07:00,890.789,drawing,,open,,46.168944,3.206354,48.02,118.44,18.33,65.00,22.60,72.68,1421,1136,1069,226,WH-station1,2026-08-26T17:13:08.240-07:00
water_draw_1,2026-08-26T17:13:08.902-07:00,891.294,drawing,,open,,46.195656,3.175729,47.92,118.25,18.44,65.19,22.80,73.04,1420,1137,1063,228,WH-station1,2026-08-26T17:13:08.744-07:00
water_draw_1,2026-08-26T17:13:09.407-07:00,891.799,drawing,,open,,46.222586,3.201250,48.12,118.62,18.44,65.19,22.70,72.86,1422,1137,1068,227,WH-station1,2026-08-26T17:13:09.249-07:00
water_draw_1,2026-08-26T17:13:09.911-07:00,892.303,drawing,,open,,46.249170,3.160417,47.71,117.88,18.13,64.63,22.60,72.68,1418,1134,1060,226,WH-station1,2026-08-26T17:13:09.754-07:00
water_draw_1,2026-08-26T17:13:10.416-07:00,892.808,drawing,,open,,46.275796,3.165521,47.92,118.25,18.44,65.19,22.50,72.50,1420,1137,1061,225,WH-station1,2026-08-26T17:13:10.258-07:00
water_draw_1,2026-08-26T17:13:10.921-07:00,893.313,drawing,,open,,46.302638,3.191042,48.12,118.62,18.33,65.00,22.60,72.68,1422,1136,1066,226,WH-station1,2026-08-26T17:13:10.763-07:00
water_draw_1,2026-08-26T17:13:11.426-07:00,893.818,drawing,,open,,46.329357,3.175729,48.02,118.44,18.02,64.44,23.10,73.58,1421,1133,1063,231,WH-station1,2026-08-26T17:13:11.268-07:00
water_draw_1,2026-08-26T17:13:11.930-07:00,894.322,drawing,,open,,46.356073,3.175729,47.81,118.06,18.65,65.56,22.60,72.68,1419,1139,1063,226,WH-station1,2026-08-26T17:13:11.773-07:00
water_draw_1,2026-08-26T17:13:12.435-07:00,894.827,drawing,,open,,46.382825,3.180833,48.02,118.44,18.23,64.81,22.70,72.86,1421,1135,1064,227,WH-station1,2026-08-26T17:13:12.277-07:00
water_draw_1,2026-08-26T17:13:12.940-07:00,895.332,drawing,,open,,46.409622,3.185938,47.92,118.25,17.92,64.25,23.00,73.40,1420,1132,1065,230,WH-station1,2026-08-26T17:13:12.782-07:00
water_draw_1,2026-08-26T17:13:13.444-07:00,895.836,drawing,,open,,46.436340,3.175729,47.81,118.06,18.23,64.81,22.80,73.04,1419,1135,1063,228,WH-station1,2026-08-26T17:13:13.287-07:00
water_draw_1,2026-08-26T17:13:13.949-07:00,896.341,drawing,,open,,46.463100,3.180833,47.92,118.25,18.44,65.19,22.70,72.86,1420,1137,1064,227,WH-station1,2026-08-26T17:13:13.792-07:00
water_draw_1,2026-08-26T17:13:14.454-07:00,896.846,drawing,,open,,46.489820,3.175729,47.92,118.25,18.33,65.00,22.80,73.04,1420,1136,1063,228,WH-station1,2026-08-26T17:13:14.296-07:00
water_draw_1,2026-08-26T17:13:14.959-07:00,897.351,drawing,,open,,46.516316,3.150208,47.92,118.25,18.33,65.00,22.70,72.86,1420,1136,1058,227,WH-station1,2026-08-26T17:13:14.801-07:00
water_draw_1,2026-08-26T17:13:15.463-07:00,897.855,drawing,,open,,46.543023,3.175729,47.81,118.06,18.54,65.38,23.00,73.40,1419,1138,1063,230,WH-station1,2026-08-26T17:13:15.306-07:00
water_draw_1,2026-08-26T17:13:15.968-07:00,898.360,drawing,,open,,46.569780,3.180833,47.60,117.69,18.13,64.63,22.80,73.04,1417,1134,1064,228,WH-station1,2026-08-26T17:13:15.811-07:00
water_draw_1,2026-08-26T17:13:16.473-07:00,898.865,drawing,,open,,46.596409,3.165521,47.81,118.06,18.33,65.00,22.60,72.68,1419,1136,1061,226,WH-station1,2026-08-26T17:13:16.315-07:00
water_draw_1,2026-08-26T17:13:16.978-07:00,899.370,drawing,,open,,46.622956,3.155312,47.81,118.06,18.44,65.19,22.90,73.22,1419,1137,1059,229,WH-station1,2026-08-26T17:13:16.820-07:00
water_draw_1,2026-08-26T17:13:17.482-07:00,899.874,drawing,,open,,46.649462,3.150208,47.81,118.06,18.44,65.19,22.70,72.86,1419,1137,1058,227,WH-station1,2026-08-26T17:13:17.325-07:00
water_draw_1,2026-08-26T17:13:17.987-07:00,900.379,drawing,,open,,46.675750,3.124688,48.02,118.44,18.33,65.00,23.00,73.40,1421,1136,1053,230,WH-station1,2026-08-26T17:13:17.829-07:00
water_draw_1,2026-08-26T17:13:18.492-07:00,900.884,drawing,,open,,46.702211,3.145104,47.81,118.06,18.54,65.38,22.80,73.04,1419,1138,1057,228,WH-station1,2026-08-26T17:13:18.334-07:00
water_draw_1,2026-08-26T17:13:18.997-07:00,901.389,drawing,,open,,46.728758,3.155312,48.12,118.62,18.02,64.44,22.70,72.86,1422,1133,1059,227,WH-station1,2026-08-26T17:13:18.839-07:00
water_draw_1,2026-08-26T17:13:19.502-07:00,901.893,drawing,,open,,46.755345,3.160417,48.12,118.62,18.02,64.44,22.40,72.32,1422,1133,1060,224,WH-station1,2026-08-26T17:13:19.343-07:00
water_draw_1,2026-08-26T17:13:20.006-07:00,902.398,drawing,,open,,46.781973,3.165521,47.81,118.06,18.44,65.19,22.90,73.22,1419,1137,1061,229,WH-station1,2026-08-26T17:13:19.848-07:00
water_draw_1,2026-08-26T17:13:20.511-07:00,902.903,drawing,,open,,46.808550,3.160417,47.81,118.06,18.44,65.19,22.70,72.86,1419,1137,1060,227,WH-station1,2026-08-26T17:13:20.353-07:00
water_draw_1,2026-08-26T17:13:21.016-07:00,903.407,drawing,,open,,46.835136,3.160417,48.12,118.62,18.33,65.00,22.80,73.04,1422,1136,1060,228,WH-station1,2026-08-26T17:13:20.858-07:00
water_draw_1,2026-08-26T17:13:21.520-07:00,903.912,drawing,,open,,46.861803,3.170625,47.60,117.69,18.54,65.38,22.90,73.22,1417,1138,1062,229,WH-station1,2026-08-26T17:13:21.362-07:00
water_draw_1,2026-08-26T17:13:22.025-07:00,904.417,drawing,,open,,46.888427,3.165521,48.02,118.44,18.13,64.63,22.50,72.50,1421,1134,1061,225,WH-station1,2026-08-26T17:13:21.867-07:00
water_draw_1,2026-08-26T17:13:22.529-07:00,904.921,drawing,,open,,46.914967,3.155312,47.71,117.88,18.65,65.56,23.00,73.40,1418,1139,1059,230,WH-station1,2026-08-26T17:13:22.372-07:00
water_draw_1,2026-08-26T17:13:23.034-07:00,905.426,drawing,,open,,46.941808,3.191042,47.81,118.06,17.92,64.25,22.60,72.68,1419,1132,1066,226,WH-station1,2026-08-26T17:13:22.877-07:00
water_draw_1,2026-08-26T17:13:23.539-07:00,905.931,drawing,,open,,46.968470,3.170625,47.92,118.25,18.13,64.63,22.70,72.86,1420,1134,1062,227,WH-station1,2026-08-26T17:13:23.381-07:00
water_draw_1,2026-08-26T17:13:24.043-07:00,906.435,drawing,,open,,46.995014,3.155312,48.02,118.44,18.65,65.56,22.70,72.86,1421,1139,1059,227,WH-station1,2026-08-26T17:13:23.886-07:00
water_draw_1,2026-08-26T17:13:24.548-07:00,906.940,drawing,,open,,47.021510,3.150208,48.12,118.62,18.44,65.19,22.90,73.22,1422,1137,1058,229,WH-station1,2026-08-26T17:13:24.391-07:00
water_draw_1,2026-08-26T17:13:25.053-07:00,907.445,drawing,,open,,47.048221,3.175729,47.92,118.25,18.13,64.63,22.90,73.22,1420,1134,1063,229,WH-station1,2026-08-26T17:13:24.895-07:00
water_draw_1,2026-08-26T17:13:25.558-07:00,907.949,drawing,,open,,47.074849,3.165521,48.02,118.44,18.13,64.63,23.00,73.40,1421,1134,1061,230,WH-station1,2026-08-26T17:13:25.400-07:00
water_draw_1,2026-08-26T17:13:26.062-07:00,908.454,drawing,,open,,47.101395,3.155312,47.81,118.06,18.44,65.19,22.50,72.50,1419,1137,1059,225,WH-station1,2026-08-26T17:13:25.905-07:00
water_draw_1,2026-08-26T17:13:26.567-07:00,908.959,drawing,,open,,47.128023,3.165521,47.81,118.06,18.02,64.44,22.90,73.22,1419,1133,1061,229,WH-station1,2026-08-26T17:13:26.410-07:00
water_draw_1,2026-08-26T17:13:27.072-07:00,909.464,drawing,,open,,47.154693,3.170625,48.12,118.62,18.44,65.19,23.00,73.40,1422,1137,1062,230,WH-station1,2026-08-26T17:13:26.915-07:00
water_draw_1,2026-08-26T17:13:27.576-07:00,909.968,drawing,,open,,47.181233,3.155312,48.23,118.81,18.23,64.81,22.90,73.22,1423,1135,1059,229,WH-station1,2026-08-26T17:13:27.420-07:00
water_draw_1,2026-08-26T17:13:28.081-07:00,910.473,drawing,,open,,47.207815,3.160417,48.02,118.44,18.23,64.81,22.70,72.86,1421,1135,1060,227,WH-station1,2026-08-26T17:13:27.925-07:00
water_draw_1,2026-08-26T17:13:28.586-07:00,910.978,drawing,,open,,47.234705,3.196146,47.81,118.06,18.13,64.63,22.70,72.86,1419,1134,1067,227,WH-station1,2026-08-26T17:13:28.430-07:00
water_draw_1,2026-08-26T17:13:29.091-07:00,911.483,drawing,,open,,47.261208,3.150208,48.12,118.62,18.02,64.44,23.00,73.40,1422,1133,1058,230,WH-station1,2026-08-26T17:13:28.935-07:00
water_draw_1,2026-08-26T17:13:29.595-07:00,911.987,drawing,,open,,47.287618,3.140000,47.81,118.06,18.13,64.63,22.60,72.68,1419,1134,1056,226,WH-station1,2026-08-26T17:13:29.440-07:00
water_draw_1,2026-08-26T17:13:30.100-07:00,912.492,drawing,,open,,47.313941,3.129792,48.02,118.44,18.23,64.81,22.70,72.86,1421,1135,1054,227,WH-station1,2026-08-26T17:13:29.945-07:00
water_draw_1,2026-08-26T17:13:30.604-07:00,912.996,drawing,,open,,47.340563,3.165521,47.81,118.06,18.33,65.00,22.80,73.04,1419,1136,1061,228,WH-station1,2026-08-26T17:13:30.450-07:00
water_draw_1,2026-08-26T17:13:31.109-07:00,913.501,drawing,,open,,47.367015,3.145104,47.92,118.25,18.13,64.63,22.40,72.32,1420,1134,1057,224,WH-station1,2026-08-26T17:13:30.956-07:00
water_draw_1,2026-08-26T17:13:31.614-07:00,914.006,drawing,,open,,47.393520,3.150208,47.81,118.06,18.33,65.00,22.90,73.22,1419,1136,1058,229,WH-station1,2026-08-26T17:13:31.461-07:00
water_draw_1,2026-08-26T17:13:32.119-07:00,914.511,drawing,,open,,47.420061,3.155312,48.02,118.44,18.44,65.19,22.90,73.22,1421,1137,1059,229,WH-station1,2026-08-26T17:13:31.966-07:00
water_draw_1,2026-08-26T17:13:32.623-07:00,915.015,drawing,,open,,47.446424,3.134896,48.02,118.44,18.54,65.38,22.50,72.50,1421,1138,1055,225,WH-station1,2026-08-26T17:13:32.471-07:00
water_draw_1,2026-08-26T17:13:33.128-07:00,915.520,drawing,,open,,47.472967,3.155312,47.92,118.25,18.02,64.44,22.90,73.22,1420,1133,1059,229,WH-station1,2026-08-26T17:13:32.976-07:00
water_draw_1,2026-08-26T17:13:33.632-07:00,916.024,drawing,,open,,47.499332,3.134896,48.33,119.00,18.33,65.00,22.80,73.04,1424,1136,1055,228,WH-station1,2026-08-26T17:13:33.481-07:00
water_draw_1,2026-08-26T17:13:34.137-07:00,916.529,drawing,,open,,47.525846,3.155312,48.23,118.81,18.23,64.81,22.90,73.22,1423,1135,1059,229,WH-station1,2026-08-26T17:13:33.986-07:00
water_draw_1,2026-08-26T17:13:34.641-07:00,917.033,drawing,,open,,47.552343,3.150208,47.81,118.06,18.33,65.00,22.90,73.22,1419,1136,1058,229,WH-station1,2026-08-26T17:13:34.492-07:00
water_draw_1,2026-08-26T17:13:35.146-07:00,917.538,drawing,,open,,47.578753,3.140000,48.02,118.44,18.13,64.63,22.70,72.86,1421,1134,1056,227,WH-station1,2026-08-26T17:13:34.996-07:00
water_draw_1,2026-08-26T17:13:35.651-07:00,918.043,drawing,,open,,47.605332,3.160417,47.81,118.06,18.23,64.81,22.80,73.04,1419,1135,1060,228,WH-station1,2026-08-26T17:13:35.501-07:00
water_draw_1,2026-08-26T17:13:36.155-07:00,918.547,drawing,,open,,47.632000,3.170625,47.92,118.25,18.13,64.63,22.70,72.86,1420,1134,1062,227,WH-station1,2026-08-26T17:13:36.006-07:00
water_draw_1,2026-08-26T17:13:36.658-07:00,919.052,drawing,,open,,47.658581,3.160417,48.23,118.81,18.44,65.19,22.90,73.22,1423,1137,1060,229,WH-station1,2026-08-26T17:13:36.511-07:00
water_draw_1,2026-08-26T17:13:37.160-07:00,919.554,drawing,,open,,47.685111,3.170625,48.12,118.62,18.23,64.81,22.90,73.22,1422,1135,1062,229,WH-station1,2026-08-26T17:13:37.015-07:00
water_draw_1,2026-08-26T17:13:37.661-07:00,920.056,drawing,,open,,47.711678,3.175729,47.60,117.69,18.44,65.19,22.80,73.04,1417,1137,1063,228,WH-station1,2026-08-26T17:13:37.520-07:00
water_draw_1,2026-08-26T17:13:38.163-07:00,920.558,drawing,,open,,47.738077,3.155312,48.23,118.81,18.44,65.19,22.90,73.22,1423,1137,1059,229,WH-station1,2026-08-26T17:13:38.025-07:00
water_draw_1,2026-08-26T17:13:38.665-07:00,921.060,drawing,,open,,47.764558,3.165521,48.02,118.44,18.33,65.00,23.10,73.58,1421,1136,1061,231,WH-station1,2026-08-26T17:13:38.529-07:00
water_draw_1,2026-08-26T17:13:39.167-07:00,921.562,drawing,,open,,47.790872,3.145104,47.92,118.25,18.23,64.81,23.00,73.40,1420,1135,1057,230,WH-station1,2026-08-26T17:13:39.034-07:00
water_draw_1,2026-08-26T17:13:39.669-07:00,922.064,drawing,,open,,47.817268,3.155312,47.81,118.06,18.54,65.38,22.60,72.68,1419,1138,1059,226,WH-station1,2026-08-26T17:13:39.539-07:00
water_draw_1,2026-08-26T17:13:40.171-07:00,922.566,drawing,,open,,47.843792,3.170625,47.92,118.25,18.44,65.19,23.10,73.58,1420,1137,1062,231,WH-station1,2026-08-26T17:13:40.044-07:00
water_draw_1,2026-08-26T17:13:40.673-07:00,923.068,drawing,,open,,47.870104,3.145104,48.12,118.62,18.23,64.81,22.90,73.22,1422,1135,1057,229,WH-station1,2026-08-26T17:13:40.548-07:00
water_draw_1,2026-08-26T17:13:41.175-07:00,923.570,drawing,,open,,47.896503,3.155312,48.02,118.44,18.54,65.38,22.90,73.22,1421,1138,1059,229,WH-station1,2026-08-26T17:13:41.053-07:00
water_draw_1,2026-08-26T17:13:41.680-07:00,924.072,drawing,,open,,47.923038,3.170625,47.71,117.88,18.23,64.81,22.60,72.68,1418,1135,1062,226,WH-station1,2026-08-26T17:13:41.558-07:00
water_draw_1,2026-08-26T17:13:42.184-07:00,924.576,drawing,,open,,47.949664,3.165521,47.81,118.06,18.23,64.81,22.60,72.68,1419,1135,1061,226,WH-station1,2026-08-26T17:13:42.063-07:00
water_draw_1,2026-08-26T17:13:42.689-07:00,925.081,drawing,,open,,47.976416,3.180833,47.81,118.06,18.44,65.19,22.90,73.22,1419,1137,1064,229,WH-station1,2026-08-26T17:13:42.567-07:00
water_draw_1,2026-08-26T17:13:43.194-07:00,925.586,drawing,,open,,48.002957,3.155312,48.12,118.62,18.23,64.81,23.00,73.40,1422,1135,1059,230,WH-station1,2026-08-26T17:13:43.072-07:00
water_draw_1,2026-08-26T17:13:43.698-07:00,926.090,drawing,,open,,48.029581,3.165521,48.02,118.44,18.54,65.38,23.10,73.58,1421,1138,1061,231,WH-station1,2026-08-26T17:13:43.577-07:00
water_draw_1,2026-08-26T17:13:44.203-07:00,926.595,drawing,,open,,48.055993,3.140000,47.81,118.06,18.33,65.00,22.80,73.04,1419,1136,1056,228,WH-station1,2026-08-26T17:13:44.081-07:00
water_draw_1,2026-08-26T17:13:44.708-07:00,927.100,drawing,,open,,48.082575,3.160417,47.71,117.88,18.33,65.00,22.90,73.22,1418,1136,1060,229,WH-station1,2026-08-26T17:13:44.586-07:00
water_draw_1,2026-08-26T17:13:45.212-07:00,927.604,drawing,,open,,48.109200,3.165521,48.12,118.62,18.65,65.56,22.90,73.22,1422,1139,1061,229,WH-station1,2026-08-26T17:13:45.091-07:00
water_draw_1,2026-08-26T17:13:45.717-07:00,928.109,drawing,,open,,48.135654,3.145104,48.02,118.44,18.44,65.19,22.70,72.86,1421,1137,1057,227,WH-station1,2026-08-26T17:13:45.595-07:00
water_draw_1,2026-08-26T17:13:46.222-07:00,928.614,drawing,,open,,48.162237,3.160417,48.12,118.62,18.33,65.00,22.90,73.22,1422,1136,1060,229,WH-station1,2026-08-26T17:13:46.100-07:00
water_draw_1,2026-08-26T17:13:46.726-07:00,929.118,drawing,,open,,48.188818,3.160417,48.23,118.81,18.33,65.00,23.00,73.40,1423,1136,1060,230,WH-station1,2026-08-26T17:13:46.605-07:00
water_draw_1,2026-08-26T17:13:47.231-07:00,929.623,drawing,,open,,48.215484,3.170625,48.02,118.44,18.23,64.81,22.60,72.68,1421,1135,1062,226,WH-station1,2026-08-26T17:13:47.110-07:00
water_draw_1,2026-08-26T17:13:47.736-07:00,930.128,drawing,,open,,48.242061,3.160417,48.02,118.44,18.33,65.00,22.40,72.32,1421,1136,1060,224,WH-station1,2026-08-26T17:13:47.614-07:00
water_draw_1,2026-08-26T17:13:48.240-07:00,930.632,drawing,,open,,48.268814,3.180833,47.81,118.06,18.44,65.19,22.80,73.04,1419,1137,1064,228,WH-station1,2026-08-26T17:13:48.119-07:00
water_draw_1,2026-08-26T17:13:48.745-07:00,931.137,drawing,,open,,48.295393,3.160417,47.71,117.88,18.33,65.00,22.90,73.22,1418,1136,1060,229,WH-station1,2026-08-26T17:13:48.623-07:00
water_draw_1,2026-08-26T17:13:49.250-07:00,931.642,drawing,,open,,48.322242,3.191042,47.81,118.06,18.23,64.81,22.70,72.86,1419,1135,1066,227,WH-station1,2026-08-26T17:13:49.128-07:00
water_draw_1,2026-08-26T17:13:49.754-07:00,932.146,drawing,,open,,48.348783,3.155312,47.92,118.25,18.02,64.44,22.90,73.22,1420,1133,1059,229,WH-station1,2026-08-26T17:13:49.633-07:00
water_draw_1,2026-08-26T17:13:50.259-07:00,932.651,drawing,,open,,48.375449,3.170625,48.02,118.44,18.02,64.44,23.00,73.40,1421,1133,1062,230,WH-station1,2026-08-26T17:13:50.138-07:00
water_draw_1,2026-08-26T17:13:50.764-07:00,933.156,drawing,,open,,48.401987,3.155312,47.81,118.06,18.44,65.19,22.90,73.22,1419,1137,1059,229,WH-station1,2026-08-26T17:13:50.642-07:00
water_draw_1,2026-08-26T17:13:51.268-07:00,933.660,drawing,,open,,48.428400,3.140000,47.71,117.88,18.75,65.75,22.60,72.68,1418,1140,1056,226,WH-station1,2026-08-26T17:13:51.147-07:00
water_draw_1,2026-08-26T17:13:51.773-07:00,934.165,drawing,,open,,48.454768,3.134896,47.92,118.25,18.54,65.38,22.40,72.32,1420,1138,1055,224,WH-station1,2026-08-26T17:13:51.652-07:00
water_draw_1,2026-08-26T17:13:52.278-07:00,934.670,drawing,,open,,48.481357,3.160417,47.92,118.25,18.44,65.19,22.70,72.86,1420,1137,1060,227,WH-station1,2026-08-26T17:13:52.157-07:00
water_draw_1,2026-08-26T17:13:52.782-07:00,935.174,drawing,,open,,48.507939,3.160417,47.81,118.06,18.13,64.63,23.00,73.40,1419,1134,1060,230,WH-station1,2026-08-26T17:13:52.662-07:00
water_draw_1,2026-08-26T17:13:53.287-07:00,935.679,drawing,,open,,48.534607,3.170625,48.02,118.44,18.23,64.81,23.10,73.58,1421,1135,1062,231,WH-station1,2026-08-26T17:13:53.166-07:00
water_draw_1,2026-08-26T17:13:53.792-07:00,936.184,drawing,,open,,48.561102,3.150208,47.81,118.06,18.13,64.63,23.00,73.40,1419,1134,1058,230,WH-station1,2026-08-26T17:13:53.671-07:00
water_draw_1,2026-08-26T17:13:54.296-07:00,936.688,drawing,,open,,48.587688,3.160417,47.92,118.25,18.44,65.19,22.80,73.04,1420,1137,1060,228,WH-station1,2026-08-26T17:13:54.176-07:00
water_draw_1,2026-08-26T17:13:54.801-07:00,937.193,drawing,,open,,48.614057,3.134896,47.81,118.06,18.23,64.81,22.80,73.04,1419,1135,1055,228,WH-station1,2026-08-26T17:13:54.678-07:00
water_draw_1,2026-08-26T17:13:55.306-07:00,937.698,drawing,,open,,48.640813,3.180833,47.81,118.06,18.44,65.19,22.60,72.68,1419,1137,1064,226,WH-station1,2026-08-26T17:13:55.180-07:00
water_draw_1,2026-08-26T17:13:55.810-07:00,938.202,drawing,,open,,48.667395,3.160417,48.02,118.44,18.65,65.56,23.00,73.40,1421,1139,1060,230,WH-station1,2026-08-26T17:13:55.682-07:00
water_draw_1,2026-08-26T17:13:56.315-07:00,938.707,drawing,,open,,48.693936,3.155312,47.92,118.25,18.44,65.19,22.80,73.04,1420,1137,1059,228,WH-station1,2026-08-26T17:13:56.184-07:00
water_draw_1,2026-08-26T17:13:56.819-07:00,939.211,drawing,,open,,48.720541,3.165521,47.81,118.06,18.33,65.00,22.50,72.50,1419,1136,1061,225,WH-station1,2026-08-26T17:13:56.686-07:00
water_draw_1,2026-08-26T17:13:57.324-07:00,939.716,drawing,,open,,48.747124,3.160417,47.92,118.25,18.54,65.38,22.90,73.22,1420,1138,1060,229,WH-station1,2026-08-26T17:13:57.188-07:00
water_draw_1,2026-08-26T17:13:57.829-07:00,940.221,drawing,,open,,48.773621,3.150208,48.12,118.62,18.44,65.19,22.80,73.04,1422,1137,1058,228,WH-station1,2026-08-26T17:13:57.690-07:00
water_draw_1,2026-08-26T17:13:58.334-07:00,940.725,drawing,,open,,48.800162,3.155312,47.92,118.25,18.23,64.81,22.60,72.68,1420,1135,1059,226,WH-station1,2026-08-26T17:13:58.192-07:00
water_draw_1,2026-08-26T17:13:58.838-07:00,941.230,drawing,,open,,48.826845,3.170625,47.71,117.88,18.33,65.00,22.60,72.68,1418,1136,1062,226,WH-station1,2026-08-26T17:13:58.694-07:00
water_draw_1,2026-08-26T17:13:59.343-07:00,941.735,drawing,,open,,48.853476,3.165521,47.71,117.88,18.44,65.19,22.60,72.68,1418,1137,1061,226,WH-station1,2026-08-26T17:13:59.196-07:00
water_draw_1,2026-08-26T17:13:59.848-07:00,942.240,drawing,,open,,48.880101,3.165521,47.71,117.88,18.33,65.00,22.60,72.68,1418,1136,1061,226,WH-station1,2026-08-26T17:13:59.700-07:00
water_draw_1,2026-08-26T17:14:00.352-07:00,942.744,drawing,,open,,48.906683,3.160417,47.81,118.06,18.33,65.00,22.50,72.50,1419,1136,1060,225,WH-station1,2026-08-26T17:14:00.205-07:00
water_draw_1,2026-08-26T17:14:00.857-07:00,943.249,drawing,,open,,48.933442,3.180833,47.71,117.88,18.02,64.44,22.90,73.22,1418,1133,1064,229,WH-station1,2026-08-26T17:14:00.710-07:00
water_draw_1,2026-08-26T17:14:01.362-07:00,943.754,drawing,,open,,48.960160,3.175729,47.81,118.06,18.33,65.00,22.50,72.50,1419,1136,1063,225,WH-station1,2026-08-26T17:14:01.214-07:00
water_draw_1,2026-08-26T17:14:01.867-07:00,944.259,drawing,,open,,48.986832,3.170625,47.81,118.06,18.33,65.00,22.80,73.04,1419,1136,1062,228,WH-station1,2026-08-26T17:14:01.719-07:00
water_draw_1,2026-08-26T17:14:02.371-07:00,944.763,drawing,,open,,49.013588,3.180833,48.12,118.62,18.23,64.81,22.60,72.68,1422,1135,1064,226,WH-station1,2026-08-26T17:14:02.224-07:00
water_draw_1,2026-08-26T17:14:02.876-07:00,945.268,drawing,,open,,49.040262,3.170625,47.81,118.06,18.44,65.19,22.80,73.04,1419,1137,1062,228,WH-station1,2026-08-26T17:14:02.729-07:00
water_draw_1,2026-08-26T17:14:03.381-07:00,945.773,drawing,,open,,49.066845,3.160417,48.23,118.81,18.44,65.19,22.60,72.68,1423,1137,1060,226,WH-station1,2026-08-26T17:14:03.234-07:00
water_draw_1,2026-08-26T17:14:03.886-07:00,946.278,drawing,,open,,49.093520,3.170625,47.71,117.88,18.33,65.00,22.70,72.86,1418,1136,1062,227,WH-station1,2026-08-26T17:14:03.738-07:00
water_draw_1,2026-08-26T17:14:04.390-07:00,946.782,drawing,,open,,49.120021,3.150208,47.92,118.25,18.33,65.00,22.60,72.68,1420,1136,1058,226,WH-station1,2026-08-26T17:14:04.243-07:00
water_draw_1,2026-08-26T17:14:04.895-07:00,947.287,drawing,,open,,49.146773,3.180833,47.92,118.25,18.13,64.63,22.70,72.86,1420,1134,1064,227,WH-station1,2026-08-26T17:14:04.748-07:00
water_draw_1,2026-08-26T17:14:05.400-07:00,947.792,drawing,,open,,49.173269,3.150208,47.92,118.25,18.54,65.38,22.60,72.68,1420,1138,1058,226,WH-station1,2026-08-26T17:14:05.252-07:00
water_draw_1,2026-08-26T17:14:05.904-07:00,948.296,drawing,,open,,49.199851,3.160417,48.02,118.44,18.23,64.81,22.80,73.04,1421,1135,1060,228,WH-station1,2026-08-26T17:14:05.757-07:00
water_draw_1,2026-08-26T17:14:06.409-07:00,948.801,drawing,,open,,49.226309,3.145104,47.92,118.25,18.33,65.00,22.70,72.86,1420,1136,1057,227,WH-station1,2026-08-26T17:14:06.262-07:00
water_draw_1,2026-08-26T17:14:06.914-07:00,949.306,drawing,,open,,49.253106,3.185938,47.81,118.06,18.33,65.00,22.80,73.04,1419,1136,1065,228,WH-station1,2026-08-26T17:14:06.767-07:00
water_draw_1,2026-08-26T17:14:07.418-07:00,949.810,drawing,,open,,49.279904,3.185938,48.02,118.44,18.44,65.19,22.50,72.50,1421,1137,1065,225,WH-station1,2026-08-26T17:14:07.271-07:00
water_draw_1,2026-08-26T17:14:07.923-07:00,950.315,drawing,,open,,49.306612,3.175729,47.92,118.25,18.23,64.81,22.50,72.50,1420,1135,1063,225,WH-station1,2026-08-26T17:14:07.776-07:00
water_draw_1,2026-08-26T17:14:08.428-07:00,950.820,drawing,,open,,49.333106,3.150208,47.81,118.06,18.13,64.63,22.60,72.68,1419,1134,1058,226,WH-station1,2026-08-26T17:14:08.281-07:00
water_draw_1,2026-08-26T17:14:08.932-07:00,951.324,drawing,,open,,49.359518,3.140000,47.81,118.06,18.33,65.00,22.40,72.32,1419,1136,1056,224,WH-station1,2026-08-26T17:14:08.786-07:00
water_draw_1,2026-08-26T17:14:09.437-07:00,951.829,drawing,,open,,49.385933,3.140000,47.71,117.88,18.54,65.38,23.00,73.40,1418,1138,1056,230,WH-station1,2026-08-26T17:14:09.290-07:00
water_draw_1,2026-08-26T17:14:09.942-07:00,952.334,drawing,,open,,49.412603,3.170625,47.81,118.06,18.02,64.44,22.70,72.86,1419,1133,1062,227,WH-station1,2026-08-26T17:14:09.795-07:00
water_draw_1,2026-08-26T17:14:10.446-07:00,952.838,drawing,,open,,49.439057,3.145104,48.02,118.44,18.33,65.00,22.80,73.04,1421,1136,1057,228,WH-station1,2026-08-26T17:14:10.300-07:00
water_draw_1,2026-08-26T17:14:10.951-07:00,953.343,drawing,,open,,49.465596,3.155312,47.92,118.25,18.23,64.81,22.70,72.86,1420,1135,1059,227,WH-station1,2026-08-26T17:14:10.805-07:00
water_draw_1,2026-08-26T17:14:11.456-07:00,953.848,drawing,,open,,49.492310,3.175729,48.02,118.44,18.02,64.44,22.60,72.68,1421,1133,1063,226,WH-station1,2026-08-26T17:14:11.309-07:00
water_draw_1,2026-08-26T17:14:11.961-07:00,954.353,drawing,,open,,49.518810,3.150208,47.92,118.25,18.54,65.38,22.70,72.86,1420,1138,1058,227,WH-station1,2026-08-26T17:14:11.814-07:00
water_draw_1,2026-08-26T17:14:12.465-07:00,954.857,drawing,,open,,49.545610,3.185938,47.92,118.25,18.65,65.56,22.80,73.04,1420,1139,1065,228,WH-station1,2026-08-26T17:14:12.319-07:00
water_draw_1,2026-08-26T17:14:12.970-07:00,955.362,drawing,,open,,49.572236,3.165521,48.02,118.44,18.65,65.56,22.60,72.68,1421,1139,1061,226,WH-station1,2026-08-26T17:14:12.824-07:00
water_draw_1,2026-08-26T17:14:13.475-07:00,955.867,drawing,,open,,49.598863,3.165521,47.92,118.25,18.23,64.81,22.90,73.22,1420,1135,1061,229,WH-station1,2026-08-26T17:14:13.328-07:00
water_draw_1,2026-08-26T17:14:13.979-07:00,956.371,drawing,,open,,49.625318,3.145104,47.92,118.25,18.54,65.38,22.70,72.86,1420,1138,1057,227,WH-station1,2026-08-26T17:14:13.833-07:00
water_draw_1,2026-08-26T17:14:14.484-07:00,956.876,drawing,,open,,49.651818,3.150208,48.02,118.44,18.54,65.38,22.80,73.04,1421,1138,1058,228,WH-station1,2026-08-26T17:14:14.338-07:00
water_draw_1,2026-08-26T17:14:14.989-07:00,957.381,drawing,,open,,49.678270,3.145104,47.81,118.06,18.13,64.63,22.80,73.04,1419,1134,1057,228,WH-station1,2026-08-26T17:14:14.842-07:00
water_draw_1,2026-08-26T17:14:15.493-07:00,957.885,drawing,,open,,49.704855,3.160417,47.81,118.06,18.33,65.00,22.80,73.04,1419,1136,1060,228,WH-station1,2026-08-26T17:14:15.347-07:00
water_draw_1,2026-08-26T17:14:15.998-07:00,958.390,drawing,,open,,49.731524,3.170625,47.81,118.06,18.02,64.44,22.50,72.50,1419,1133,1062,225,WH-station1,2026-08-26T17:14:15.852-07:00
water_draw_1,2026-08-26T17:14:16.503-07:00,958.895,drawing,,open,,49.758023,3.150208,48.02,118.44,18.54,65.38,22.90,73.22,1421,1138,1058,229,WH-station1,2026-08-26T17:14:16.357-07:00
water_draw_1,2026-08-26T17:14:17.007-07:00,959.399,drawing,,open,,49.784516,3.150208,48.23,118.81,18.44,65.19,22.60,72.68,1423,1137,1058,226,WH-station1,2026-08-26T17:14:16.862-07:00
water_draw_1,2026-08-26T17:14:17.512-07:00,959.904,drawing,,open,,49.810968,3.145104,48.02,118.44,18.44,65.19,22.90,73.22,1421,1137,1057,229,WH-station1,2026-08-26T17:14:17.366-07:00
water_draw_1,2026-08-26T17:14:18.017-07:00,960.409,drawing,,open,,49.837416,3.145104,48.12,118.62,18.44,65.19,22.50,72.50,1422,1137,1057,225,WH-station1,2026-08-26T17:14:17.871-07:00
water_draw_1,2026-08-26T17:14:18.521-07:00,960.913,drawing,,open,,49.863916,3.150208,47.71,117.88,18.44,65.19,22.80,73.04,1418,1137,1058,228,WH-station1,2026-08-26T17:14:18.376-07:00
water_draw_1,2026-08-26T17:14:19.026-07:00,961.418,drawing,,open,,49.890456,3.155312,47.81,118.06,18.33,65.00,22.80,73.04,1419,1136,1059,228,WH-station1,2026-08-26T17:14:18.880-07:00
water_draw_1,2026-08-26T17:14:19.531-07:00,961.923,drawing,,open,,49.916955,3.150208,48.02,118.44,18.13,64.63,22.90,73.22,1421,1134,1058,229,WH-station1,2026-08-26T17:14:19.385-07:00
water_draw_1,2026-08-26T17:14:20.035-07:00,962.427,drawing,,open,,49.943490,3.155312,48.12,118.62,18.23,64.81,22.80,73.04,1422,1135,1059,228,WH-station1,2026-08-26T17:14:19.890-07:00
water_draw_1,2026-08-26T17:14:20.540-07:00,962.932,drawing,,open,,49.969814,3.129792,47.92,118.25,18.54,65.38,22.80,73.04,1420,1138,1054,228,WH-station1,2026-08-26T17:14:20.394-07:00
water_draw_1,2026-08-26T17:14:21.045-07:00,963.437,drawing,,open,,49.996095,3.124688,48.12,118.62,18.44,65.19,22.90,73.22,1422,1137,1053,229,WH-station1,2026-08-26T17:14:20.899-07:00
water_draw_1,2026-08-26T17:14:21.549-07:00,963.941,drawing,,open,,50.022553,3.145104,47.92,118.25,18.44,65.19,23.00,73.40,1420,1137,1057,230,WH-station1,2026-08-26T17:14:21.404-07:00
water_draw_1,2026-08-26T17:14:22.054-07:00,964.446,drawing,,open,,50.049047,3.150208,48.02,118.44,18.02,64.44,23.00,73.40,1421,1133,1058,230,WH-station1,2026-08-26T17:14:21.909-07:00
water_draw_1,2026-08-26T17:14:22.558-07:00,964.951,drawing,,open,,50.075499,3.145104,48.12,118.62,18.02,64.44,22.80,73.04,1422,1133,1057,228,WH-station1,2026-08-26T17:14:22.414-07:00
water_draw_1,2026-08-26T17:14:23.063-07:00,965.455,drawing,,open,,50.102164,3.170625,47.81,118.06,17.81,64.06,22.80,73.04,1419,1131,1062,228,WH-station1,2026-08-26T17:14:22.918-07:00
water_draw_1,2026-08-26T17:14:23.568-07:00,965.960,drawing,,open,,50.128657,3.150208,48.12,118.62,18.33,65.00,22.90,73.22,1422,1136,1058,229,WH-station1,2026-08-26T17:14:23.423-07:00
water_draw_1,2026-08-26T17:14:24.072-07:00,966.464,drawing,,open,,50.155107,3.145104,47.92,118.25,18.44,65.19,22.90,73.22,1420,1137,1057,229,WH-station1,2026-08-26T17:14:23.928-07:00
water_draw_1,2026-08-26T17:14:24.577-07:00,966.969,drawing,,open,,50.181734,3.165521,47.71,117.88,18.44,65.19,22.70,72.86,1418,1137,1061,227,WH-station1,2026-08-26T17:14:24.432-07:00
water_draw_1,2026-08-26T17:14:25.082-07:00,967.474,drawing,,open,,50.208102,3.134896,47.81,118.06,18.13,64.63,22.90,73.22,1419,1134,1055,229,WH-station1,2026-08-26T17:14:24.937-07:00
water_draw_1,2026-08-26T17:14:25.586-07:00,967.978,drawing,,open,,50.234517,3.140000,47.92,118.25,18.33,65.00,22.60,72.68,1420,1136,1056,226,WH-station1,2026-08-26T17:14:25.442-07:00
water_draw_1,2026-08-26T17:14:26.091-07:00,968.483,drawing,,open,,50.261016,3.150208,48.12,118.62,18.54,65.38,22.60,72.68,1422,1138,1058,226,WH-station1,2026-08-26T17:14:25.947-07:00
water_draw_1,2026-08-26T17:14:26.596-07:00,968.988,drawing,,open,,50.287472,3.145104,47.92,118.25,18.54,65.38,22.50,72.50,1420,1138,1057,225,WH-station1,2026-08-26T17:14:26.452-07:00
water_draw_1,2026-08-26T17:14:27.101-07:00,969.493,drawing,,open,,50.314098,3.165521,48.02,118.44,18.13,64.63,22.90,73.22,1421,1134,1061,229,WH-station1,2026-08-26T17:14:26.957-07:00
water_draw_1,2026-08-26T17:14:27.605-07:00,969.997,drawing,,open,,50.340638,3.155312,47.81,118.06,18.33,65.00,22.90,73.22,1419,1136,1059,229,WH-station1,2026-08-26T17:14:27.461-07:00
water_draw_1,2026-08-26T17:14:28.110-07:00,970.502,drawing,,open,,50.367305,3.170625,48.12,118.62,18.02,64.44,22.40,72.32,1422,1133,1062,224,WH-station1,2026-08-26T17:14:27.966-07:00
water_draw_1,2026-08-26T17:14:28.614-07:00,971.006,drawing,,open,,50.393714,3.140000,48.02,118.44,18.33,65.00,22.60,72.68,1421,1136,1056,226,WH-station1,2026-08-26T17:14:28.471-07:00
water_draw_1,2026-08-26T17:14:29.122-07:00,971.514,drawing,,open,,50.420314,3.145104,48.12,118.62,18.54,65.38,22.60,72.68,1422,1138,1057,226,WH-station1,2026-08-26T17:14:28.975-07:00
water_draw_1,2026-08-26T17:14:29.627-07:00,972.019,drawing,,open,,50.446944,3.165521,47.92,118.25,18.13,64.63,22.50,72.50,1420,1134,1061,225,WH-station1,2026-08-26T17:14:29.480-07:00
water_draw_1,2026-08-26T17:14:30.131-07:00,972.523,drawing,,open,,50.473568,3.165521,48.02,118.44,18.65,65.56,22.80,73.04,1421,1139,1061,228,WH-station1,2026-08-26T17:14:29.985-07:00
water_draw_1,2026-08-26T17:14:30.636-07:00,973.028,drawing,,open,,50.500109,3.155312,47.92,118.25,17.92,64.25,22.90,73.22,1420,1132,1059,229,WH-station1,2026-08-26T17:14:30.490-07:00
water_draw_1,2026-08-26T17:14:31.141-07:00,973.533,drawing,,open,,50.526648,3.155312,48.02,118.44,18.44,65.19,22.60,72.68,1421,1137,1059,226,WH-station1,2026-08-26T17:14:30.994-07:00
water_draw_1,2026-08-26T17:14:31.646-07:00,974.037,drawing,,open,,50.553153,3.150208,48.02,118.44,18.44,65.19,22.70,72.86,1421,1137,1058,227,WH-station1,2026-08-26T17:14:31.499-07:00
water_draw_1,2026-08-26T17:14:32.150-07:00,974.542,drawing,,open,,50.579737,3.160417,48.02,118.44,18.23,64.81,22.50,72.50,1421,1135,1060,225,WH-station1,2026-08-26T17:14:32.004-07:00
water_draw_1,2026-08-26T17:14:32.655-07:00,975.047,drawing,,open,,50.606149,3.140000,48.02,118.44,18.23,64.81,22.80,73.04,1421,1135,1056,228,WH-station1,2026-08-26T17:14:32.509-07:00
water_draw_1,2026-08-26T17:14:33.160-07:00,975.552,drawing,,open,,50.632822,3.170625,47.92,118.25,18.13,64.63,22.80,73.04,1420,1134,1062,228,WH-station1,2026-08-26T17:14:33.013-07:00
water_draw_1,2026-08-26T17:14:33.664-07:00,976.056,drawing,,open,,50.659492,3.170625,48.33,119.00,18.44,65.19,22.80,73.04,1424,1137,1062,228,WH-station1,2026-08-26T17:14:33.518-07:00
water_draw_1,2026-08-26T17:14:34.169-07:00,976.561,drawing,,open,,50.685951,3.145104,48.02,118.44,18.23,64.81,22.90,73.22,1421,1135,1057,229,WH-station1,2026-08-26T17:14:34.023-07:00
water_draw_1,2026-08-26T17:14:34.674-07:00,977.066,drawing,,open,,50.712411,3.145104,48.02,118.44,18.13,64.63,22.40,72.32,1421,1134,1057,224,WH-station1,2026-08-26T17:14:34.527-07:00
water_draw_1,2026-08-26T17:14:35.179-07:00,977.571,drawing,,open,,50.738908,3.150208,47.92,118.25,18.13,64.63,23.10,73.58,1420,1134,1058,231,WH-station1,2026-08-26T17:14:35.032-07:00
water_draw_1,2026-08-26T17:14:35.683-07:00,978.075,drawing,,open,,50.765147,3.119583,48.23,118.81,18.44,65.19,22.40,72.32,1423,1137,1052,224,WH-station1,2026-08-26T17:14:35.537-07:00
water_draw_1,2026-08-26T17:14:36.188-07:00,978.580,drawing,,open,,50.791728,3.160417,47.81,118.06,18.13,64.63,22.90,73.22,1419,1134,1060,229,WH-station1,2026-08-26T17:14:36.042-07:00
water_draw_1,2026-08-26T17:14:36.690-07:00,979.085,drawing,,open,,50.818487,3.180833,47.92,118.25,18.13,64.63,22.70,72.86,1420,1134,1064,227,WH-station1,2026-08-26T17:14:36.547-07:00
water_draw_1,2026-08-26T17:14:37.192-07:00,979.587,drawing,,open,,50.844975,3.165521,47.92,118.25,18.13,64.63,23.00,73.40,1420,1134,1061,230,WH-station1,2026-08-26T17:14:37.051-07:00
water_draw_1,2026-08-26T17:14:37.694-07:00,980.089,drawing,,open,,50.871458,3.165521,47.71,117.88,18.44,65.19,22.90,73.22,1418,1137,1061,229,WH-station1,2026-08-26T17:14:37.556-07:00
water_draw_1,2026-08-26T17:14:38.196-07:00,980.591,drawing,,open,,50.897897,3.160417,47.81,118.06,18.23,64.81,22.80,73.04,1419,1135,1060,228,WH-station1,2026-08-26T17:14:38.061-07:00
water_draw_1,2026-08-26T17:14:38.698-07:00,981.093,drawing,,open,,50.924465,3.175729,48.02,118.44,18.54,65.38,23.00,73.40,1421,1138,1063,230,WH-station1,2026-08-26T17:14:38.565-07:00
water_draw_1,2026-08-26T17:14:39.200-07:00,981.595,drawing,,open,,50.951164,3.191042,47.92,118.25,18.13,64.63,22.90,73.22,1420,1134,1066,229,WH-station1,2026-08-26T17:14:39.070-07:00
water_draw_1,2026-08-26T17:14:39.702-07:00,982.097,drawing,,open,,50.977651,3.165521,47.81,118.06,18.33,65.00,22.70,72.86,1419,1136,1061,227,WH-station1,2026-08-26T17:14:39.575-07:00
water_draw_1,2026-08-26T17:14:40.204-07:00,982.598,drawing,,open,,51.004047,3.155312,47.92,118.25,18.23,64.81,22.90,73.22,1420,1135,1059,229,WH-station1,2026-08-26T17:14:40.079-07:00
water_draw_1,2026-08-26T17:14:40.706-07:00,983.100,drawing,,open,,51.030445,3.155312,47.81,118.06,18.44,65.19,22.90,73.22,1419,1137,1059,229,WH-station1,2026-08-26T17:14:40.584-07:00
water_draw_1,2026-08-26T17:14:41.208-07:00,983.602,drawing,,open,,51.056628,3.129792,47.81,118.06,18.13,64.63,22.70,72.86,1419,1134,1054,227,WH-station1,2026-08-26T17:14:41.089-07:00
water_draw_1,2026-08-26T17:14:41.712-07:00,984.104,drawing,,open,,51.083201,3.175729,48.02,118.44,18.23,64.81,22.60,72.68,1421,1135,1063,226,WH-station1,2026-08-26T17:14:41.594-07:00
water_draw_1,2026-08-26T17:14:42.217-07:00,984.609,drawing,,open,,51.109918,3.175729,47.92,118.25,18.65,65.56,22.60,72.68,1420,1139,1063,226,WH-station1,2026-08-26T17:14:42.099-07:00
water_draw_1,2026-08-26T17:14:42.722-07:00,985.114,drawing,,open,,51.136547,3.165521,47.81,118.06,18.54,65.38,22.80,73.04,1419,1138,1061,228,WH-station1,2026-08-26T17:14:42.603-07:00
water_draw_1,2026-08-26T17:14:43.227-07:00,985.619,drawing,,open,,51.163300,3.180833,48.02,118.44,18.33,65.00,22.50,72.50,1421,1136,1064,225,WH-station1,2026-08-26T17:14:43.108-07:00
water_draw_1,2026-08-26T17:14:43.731-07:00,986.123,drawing,,open,,51.189973,3.170625,47.92,118.25,18.23,64.81,22.50,72.50,1420,1135,1062,225,WH-station1,2026-08-26T17:14:43.613-07:00
water_draw_1,2026-08-26T17:14:44.236-07:00,986.628,drawing,,open,,51.216517,3.155312,47.81,118.06,18.54,65.38,22.60,72.68,1419,1138,1059,226,WH-station1,2026-08-26T17:14:44.117-07:00
water_draw_1,2026-08-26T17:14:44.741-07:00,987.133,drawing,,open,,51.243061,3.155312,47.81,118.06,17.81,64.06,22.70,72.86,1419,1131,1059,227,WH-station1,2026-08-26T17:14:44.622-07:00
water_draw_1,2026-08-26T17:14:45.246-07:00,987.638,drawing,,open,,51.269603,3.155312,48.02,118.44,18.33,65.00,23.00,73.40,1421,1136,1059,230,WH-station1,2026-08-26T17:14:45.127-07:00
water_draw_1,2026-08-26T17:14:45.750-07:00,988.142,drawing,,open,,51.296361,3.180833,47.71,117.88,18.44,65.19,22.80,73.04,1418,1137,1064,228,WH-station1,2026-08-26T17:14:45.631-07:00
water_draw_1,2026-08-26T17:14:46.255-07:00,988.647,drawing,,open,,51.323200,3.191042,47.81,118.06,18.44,65.19,22.80,73.04,1419,1137,1066,228,WH-station1,2026-08-26T17:14:46.136-07:00
water_draw_1,2026-08-26T17:14:46.760-07:00,989.152,drawing,,open,,51.349912,3.175729,47.81,118.06,18.23,64.81,22.60,72.68,1419,1135,1063,226,WH-station1,2026-08-26T17:14:46.641-07:00
water_draw_1,2026-08-26T17:14:47.264-07:00,989.656,drawing,,open,,51.376621,3.175729,48.02,118.44,18.33,65.00,22.40,72.32,1421,1136,1063,224,WH-station1,2026-08-26T17:14:47.146-07:00
water_draw_1,2026-08-26T17:14:47.769-07:00,990.161,drawing,,open,,51.403430,3.185938,47.81,118.06,18.44,65.19,22.80,73.04,1419,1137,1065,228,WH-station1,2026-08-26T17:14:47.650-07:00
water_draw_1,2026-08-26T17:14:48.274-07:00,990.666,drawing,,open,,51.430185,3.180833,47.81,118.06,18.02,64.44,22.80,73.04,1419,1133,1064,228,WH-station1,2026-08-26T17:14:48.155-07:00
water_draw_1,2026-08-26T17:14:48.778-07:00,991.170,drawing,,open,,51.456638,3.145104,48.23,118.81,18.44,65.19,23.00,73.40,1423,1137,1057,230,WH-station1,2026-08-26T17:14:48.660-07:00
water_draw_1,2026-08-26T17:14:49.283-07:00,991.675,drawing,,open,,51.483224,3.160417,48.12,118.62,18.33,65.00,22.90,73.22,1422,1136,1060,229,WH-station1,2026-08-26T17:14:49.165-07:00
water_draw_1,2026-08-26T17:14:49.788-07:00,992.180,drawing,,open,,51.509807,3.160417,48.02,118.44,18.23,64.81,22.80,73.04,1421,1135,1060,228,WH-station1,2026-08-26T17:14:49.669-07:00
water_draw_1,2026-08-26T17:14:50.293-07:00,992.685,drawing,,open,,51.536308,3.150208,48.02,118.44,18.54,65.38,22.60,72.68,1421,1138,1058,226,WH-station1,2026-08-26T17:14:50.174-07:00
water_draw_1,2026-08-26T17:14:50.798-07:00,993.190,drawing,,open,,51.562916,3.160417,47.92,118.25,18.13,64.63,22.80,73.04,1420,1134,1060,228,WH-station1,2026-08-26T17:14:50.679-07:00
water_draw_1,2026-08-26T17:14:51.303-07:00,993.695,drawing,,open,,51.589589,3.170625,47.81,118.06,18.23,64.81,22.80,73.04,1419,1135,1062,228,WH-station1,2026-08-26T17:14:51.184-07:00
water_draw_1,2026-08-26T17:14:51.807-07:00,994.199,drawing,,open,,51.615956,3.134896,47.60,117.69,18.54,65.38,22.80,73.04,1417,1138,1055,228,WH-station1,2026-08-26T17:14:51.689-07:00
water_draw_1,2026-08-26T17:14:52.312-07:00,994.704,drawing,,open,,51.642588,3.165521,48.02,118.44,18.23,64.81,22.60,72.68,1421,1135,1061,226,WH-station1,2026-08-26T17:14:52.193-07:00
water_draw_1,2026-08-26T17:14:52.818-07:00,995.209,drawing,,open,,51.668955,3.134896,47.81,118.06,18.54,65.38,22.90,73.22,1419,1138,1055,229,WH-station1,2026-08-26T17:14:52.698-07:00
water_draw_1,2026-08-26T17:14:53.323-07:00,995.715,drawing,,open,,51.695489,3.145104,47.92,118.25,17.92,64.25,22.80,73.04,1420,1132,1057,228,WH-station1,2026-08-26T17:14:53.203-07:00
water_draw_1,2026-08-26T17:14:53.829-07:00,996.219,drawing,,open,,51.721945,3.145104,48.12,118.62,18.33,65.00,22.70,72.86,1422,1136,1057,227,WH-station1,2026-08-26T17:14:53.707-07:00
water_draw_1,2026-08-26T17:14:54.334-07:00,996.726,drawing,,open,,51.748617,3.160417,47.92,118.25,18.44,65.19,22.70,72.86,1420,1137,1060,227,WH-station1,2026-08-26T17:14:54.212-07:00
water_draw_1,2026-08-26T17:14:54.840-07:00,997.231,drawing,,open,,51.775289,3.170625,47.81,118.06,18.54,65.38,22.50,72.50,1419,1138,1062,225,WH-station1,2026-08-26T17:14:54.715-07:00
water_draw_1,2026-08-26T17:14:55.345-07:00,997.737,drawing,,open,,51.801851,3.150208,47.71,117.88,18.23,64.81,23.00,73.40,1418,1135,1058,230,WH-station1,2026-08-26T17:14:55.217-07:00
water_draw_1,2026-08-26T17:14:55.849-07:00,998.241,drawing,,open,,51.828526,3.170625,48.02,118.44,17.92,64.25,22.90,73.22,1421,1132,1062,229,WH-station1,2026-08-26T17:14:55.719-07:00
water_draw_1,2026-08-26T17:14:56.354-07:00,998.746,drawing,,open,,51.854812,3.124688,47.92,118.25,18.44,65.19,22.80,73.04,1420,1137,1053,228,WH-station1,2026-08-26T17:14:56.221-07:00
water_draw_1,2026-08-26T17:14:56.859-07:00,999.251,drawing,,open,,51.881097,3.124688,47.81,118.06,18.23,64.81,22.80,73.04,1419,1135,1053,228,WH-station1,2026-08-26T17:14:56.723-07:00
water_draw_1,2026-08-26T17:14:57.363-07:00,999.755,drawing,,open,,51.907466,3.134896,48.02,118.44,18.44,65.19,22.70,72.86,1421,1137,1055,227,WH-station1,2026-08-26T17:14:57.225-07:00
water_draw_1,2026-08-26T17:14:57.868-07:00,1000.260,drawing,,open,,51.933965,3.150208,47.81,118.06,18.23,64.81,22.70,72.86,1419,1135,1058,227,WH-station1,2026-08-26T17:14:57.727-07:00
water_draw_1,2026-08-26T17:14:58.373-07:00,1000.765,drawing,,open,,51.960378,3.140000,48.12,118.62,18.44,65.19,22.80,73.04,1422,1137,1056,228,WH-station1,2026-08-26T17:14:58.229-07:00
water_draw_1,2026-08-26T17:14:58.878-07:00,1001.270,drawing,,open,,51.986928,3.155312,48.12,118.62,18.13,64.63,22.90,73.22,1422,1134,1059,229,WH-station1,2026-08-26T17:14:58.731-07:00
water_draw_1,2026-08-26T17:14:59.382-07:00,1001.774,drawing,,open,,52.013341,3.140000,48.02,118.44,18.23,64.81,22.70,72.86,1421,1135,1056,227,WH-station1,2026-08-26T17:14:59.233-07:00
water_draw_1,2026-08-26T17:14:59.887-07:00,1002.279,drawing,,open,,52.039883,3.155312,48.02,118.44,18.23,64.81,22.80,73.04,1421,1135,1059,228,WH-station1,2026-08-26T17:14:59.737-07:00
water_draw_1,2026-08-26T17:15:00.392-07:00,1002.784,drawing,,open,,52.066292,3.140000,47.92,118.25,18.44,65.19,22.80,73.04,1420,1137,1056,228,WH-station1,2026-08-26T17:15:00.242-07:00
water_draw_1,2026-08-26T17:15:00.896-07:00,1003.288,drawing,,open,,52.092919,3.165521,47.81,118.06,18.13,64.63,23.10,73.58,1419,1134,1061,231,WH-station1,2026-08-26T17:15:00.748-07:00
water_draw_1,2026-08-26T17:15:01.402-07:00,1003.793,drawing,,open,,52.119423,3.150208,48.02,118.44,18.02,64.44,22.60,72.68,1421,1133,1058,226,WH-station1,2026-08-26T17:15:01.253-07:00
water_draw_1,2026-08-26T17:15:01.906-07:00,1004.298,drawing,,open,,52.145848,3.140000,47.92,118.25,18.33,65.00,22.80,73.04,1420,1136,1056,228,WH-station1,2026-08-26T17:15:01.757-07:00
water_draw_1,2026-08-26T17:15:02.411-07:00,1004.803,drawing,,open,,52.172559,3.175729,47.81,118.06,18.44,65.19,22.80,73.04,1419,1137,1063,228,WH-station1,2026-08-26T17:15:02.263-07:00
water_draw_1,2026-08-26T17:15:02.915-07:00,1005.308,drawing,,open,,52.199054,3.150208,48.12,118.62,18.54,65.38,22.50,72.50,1422,1138,1058,225,WH-station1,2026-08-26T17:15:02.768-07:00
water_draw_1,2026-08-26T17:15:03.420-07:00,1005.812,drawing,,open,,52.225808,3.180833,47.92,118.25,18.13,64.63,23.00,73.40,1420,1134,1064,230,WH-station1,2026-08-26T17:15:03.273-07:00
water_draw_1,2026-08-26T17:15:03.925-07:00,1006.317,drawing,,open,,52.252389,3.160417,48.12,118.62,18.13,64.63,22.80,73.04,1422,1134,1060,228,WH-station1,2026-08-26T17:15:03.778-07:00
water_draw_1,2026-08-26T17:15:04.430-07:00,1006.822,drawing,,open,,52.278895,3.150208,47.71,117.88,18.23,64.81,22.70,72.86,1418,1135,1058,227,WH-station1,2026-08-26T17:15:04.283-07:00
water_draw_1,2026-08-26T17:15:04.934-07:00,1007.326,drawing,,open,,52.305437,3.155312,47.92,118.25,18.54,65.38,22.50,72.50,1420,1138,1059,225,WH-station1,2026-08-26T17:15:04.788-07:00
water_draw_1,2026-08-26T17:15:05.439-07:00,1007.831,drawing,,open,,52.332109,3.170625,48.02,118.44,18.54,65.38,22.60,72.68,1421,1138,1062,226,WH-station1,2026-08-26T17:15:05.293-07:00
water_draw_1,2026-08-26T17:15:05.944-07:00,1008.336,drawing,,open,,52.358779,3.170625,47.71,117.88,18.33,65.00,22.80,73.04,1418,1136,1062,228,WH-station1,2026-08-26T17:15:05.798-07:00
water_draw_1,2026-08-26T17:15:06.448-07:00,1008.840,drawing,,open,,52.385234,3.145104,47.81,118.06,18.13,64.63,22.50,72.50,1419,1134,1057,225,WH-station1,2026-08-26T17:15:06.303-07:00
water_draw_1,2026-08-26T17:15:06.953-07:00,1009.345,drawing,,open,,52.411906,3.170625,47.92,118.25,18.65,65.56,22.70,72.86,1420,1139,1062,227,WH-station1,2026-08-26T17:15:06.809-07:00
water_draw_1,2026-08-26T17:15:07.458-07:00,1009.850,drawing,,open,,52.438408,3.150208,48.23,118.81,18.23,64.81,22.50,72.50,1423,1135,1058,225,WH-station1,2026-08-26T17:15:07.314-07:00
water_draw_1,2026-08-26T17:15:07.963-07:00,1010.355,drawing,,open,,52.464859,3.145104,48.02,118.44,18.33,65.00,23.10,73.58,1421,1136,1057,231,WH-station1,2026-08-26T17:15:07.819-07:00
water_draw_1,2026-08-26T17:15:08.467-07:00,1010.859,drawing,,open,,52.491528,3.170625,47.92,118.25,18.13,64.63,22.80,73.04,1420,1134,1062,228,WH-station1,2026-08-26T17:15:08.324-07:00
water_draw_1,2026-08-26T17:15:08.972-07:00,1011.364,drawing,,open,,52.517853,3.129792,48.12,118.62,18.33,65.00,22.80,73.04,1422,1136,1054,228,WH-station1,2026-08-26T17:15:08.829-07:00
water_draw_1,2026-08-26T17:15:09.477-07:00,1011.869,drawing,,open,,52.544395,3.155312,47.92,118.25,18.23,64.81,22.90,73.22,1420,1135,1059,229,WH-station1,2026-08-26T17:15:09.334-07:00
water_draw_1,2026-08-26T17:15:09.981-07:00,1012.373,drawing,,open,,52.570721,3.129792,48.02,118.44,18.65,65.56,22.80,73.04,1421,1139,1054,228,WH-station1,2026-08-26T17:15:09.839-07:00
water_draw_1,2026-08-26T17:15:10.486-07:00,1012.878,drawing,,open,,52.597007,3.124688,48.02,118.44,18.33,65.00,22.70,72.86,1421,1136,1053,227,WH-station1,2026-08-26T17:15:10.344-07:00
water_draw_1,2026-08-26T17:15:10.991-07:00,1013.383,drawing,,open,,52.623634,3.165521,48.02,118.44,18.65,65.56,22.70,72.86,1421,1139,1061,227,WH-station1,2026-08-26T17:15:10.849-07:00
water_draw_1,2026-08-26T17:15:11.495-07:00,1013.887,drawing,,open,,52.650175,3.155312,48.12,118.62,18.44,65.19,23.00,73.40,1422,1137,1059,230,WH-station1,2026-08-26T17:15:11.355-07:00
water_draw_1,2026-08-26T17:15:12.000-07:00,1014.392,drawing,,open,,52.676981,3.185938,48.02,118.44,18.23,64.81,22.80,73.04,1421,1135,1065,228,WH-station1,2026-08-26T17:15:11.859-07:00
water_draw_1,2026-08-26T17:15:12.505-07:00,1014.897,drawing,,open,,52.703478,3.150208,47.92,118.25,18.23,64.81,23.00,73.40,1420,1135,1058,230,WH-station1,2026-08-26T17:15:12.365-07:00
water_draw_1,2026-08-26T17:15:13.010-07:00,1015.402,drawing,,open,,52.729893,3.140000,47.92,118.25,18.33,65.00,22.60,72.68,1420,1136,1056,226,WH-station1,2026-08-26T17:15:12.870-07:00
water_draw_1,2026-08-26T17:15:13.514-07:00,1015.906,drawing,,open,,52.756304,3.140000,47.92,118.25,18.33,65.00,22.40,72.32,1420,1136,1056,224,WH-station1,2026-08-26T17:15:13.375-07:00
water_draw_1,2026-08-26T17:15:14.019-07:00,1016.411,drawing,,open,,52.782583,3.124688,48.02,118.44,18.02,64.44,22.80,73.04,1421,1133,1053,228,WH-station1,2026-08-26T17:15:13.880-07:00
water_draw_1,2026-08-26T17:15:14.524-07:00,1016.916,drawing,,open,,52.808952,3.134896,48.23,118.81,18.33,65.00,22.50,72.50,1423,1136,1055,225,WH-station1,2026-08-26T17:15:14.385-07:00
water_draw_1,2026-08-26T17:15:15.028-07:00,1017.420,drawing,,open,,52.835320,3.134896,48.12,118.62,18.13,64.63,22.60,72.68,1422,1134,1055,226,WH-station1,2026-08-26T17:15:14.890-07:00
water_draw_1,2026-08-26T17:15:15.533-07:00,1017.925,drawing,,open,,52.861947,3.165521,47.81,118.06,18.23,64.81,23.00,73.40,1419,1135,1061,230,WH-station1,2026-08-26T17:15:15.394-07:00
water_draw_1,2026-08-26T17:15:16.038-07:00,1018.430,drawing,,open,,52.888363,3.140000,48.02,118.44,18.33,65.00,22.80,73.04,1421,1136,1056,228,WH-station1,2026-08-26T17:15:15.899-07:00
water_draw_1,2026-08-26T17:15:16.542-07:00,1018.934,drawing,,open,,52.914947,3.160417,48.23,118.81,18.33,65.00,22.70,72.86,1423,1136,1060,227,WH-station1,2026-08-26T17:15:16.404-07:00
water_draw_1,2026-08-26T17:15:17.047-07:00,1019.439,drawing,,open,,52.941356,3.140000,47.81,118.06,18.44,65.19,22.90,73.22,1419,1137,1056,229,WH-station1,2026-08-26T17:15:16.909-07:00
water_draw_1,2026-08-26T17:15:17.552-07:00,1019.944,drawing,,open,,52.967639,3.124688,47.92,118.25,18.44,65.19,22.80,73.04,1420,1137,1053,228,WH-station1,2026-08-26T17:15:17.414-07:00
water_draw_1,2026-08-26T17:15:18.056-07:00,1020.448,drawing,,open,,52.993876,3.119583,48.23,118.81,18.54,65.38,22.70,72.86,1423,1138,1052,227,WH-station1,2026-08-26T17:15:17.918-07:00
water_draw_1,2026-08-26T17:15:18.561-07:00,1020.953,drawing,,open,,53.020242,3.134896,48.12,118.62,18.23,64.81,22.90,73.22,1422,1135,1055,229,WH-station1,2026-08-26T17:15:18.423-07:00
water_draw_1,2026-08-26T17:15:19.066-07:00,1021.458,drawing,,open,,53.046611,3.134896,48.23,118.81,18.54,65.38,22.70,72.86,1423,1138,1055,227,WH-station1,2026-08-26T17:15:18.928-07:00
water_draw_1,2026-08-26T17:15:19.570-07:00,1021.962,drawing,,open,,53.073110,3.150208,48.12,118.62,18.23,64.81,22.90,73.22,1422,1135,1058,229,WH-station1,2026-08-26T17:15:19.433-07:00
water_draw_1,2026-08-26T17:15:20.075-07:00,1022.467,drawing,,open,,53.099606,3.150208,47.71,117.88,18.13,64.63,22.70,72.86,1418,1134,1058,227,WH-station1,2026-08-26T17:15:19.937-07:00
water_draw_1,2026-08-26T17:15:20.580-07:00,1022.972,drawing,,open,,53.126015,3.140000,48.12,118.62,18.33,65.00,22.60,72.68,1422,1136,1056,226,WH-station1,2026-08-26T17:15:20.442-07:00
water_draw_1,2026-08-26T17:15:21.084-07:00,1023.476,drawing,,open,,53.152554,3.155312,48.12,118.62,18.02,64.44,22.90,73.22,1422,1133,1059,229,WH-station1,2026-08-26T17:15:20.947-07:00
water_draw_1,2026-08-26T17:15:21.589-07:00,1023.981,drawing,,open,,53.178931,3.134896,48.02,118.44,18.44,65.19,22.80,73.04,1421,1137,1055,228,WH-station1,2026-08-26T17:15:21.452-07:00
water_draw_1,2026-08-26T17:15:22.094-07:00,1024.486,drawing,,open,,53.205345,3.140000,48.23,118.81,18.33,65.00,22.80,73.04,1423,1136,1056,228,WH-station1,2026-08-26T17:15:21.957-07:00
water_draw_1,2026-08-26T17:15:22.599-07:00,1024.991,drawing,,open,,53.231840,3.150208,48.23,118.81,18.23,64.81,22.80,73.04,1423,1135,1058,228,WH-station1,2026-08-26T17:15:22.461-07:00
water_draw_1,2026-08-26T17:15:23.103-07:00,1025.495,drawing,,open,,53.258208,3.134896,48.02,118.44,18.23,64.81,22.70,72.86,1421,1135,1055,227,WH-station1,2026-08-26T17:15:22.966-07:00
water_draw_1,2026-08-26T17:15:23.608-07:00,1026.000,drawing,,open,,53.284619,3.140000,48.12,118.62,18.23,64.81,22.60,72.68,1422,1135,1056,226,WH-station1,2026-08-26T17:15:23.471-07:00
water_draw_1,2026-08-26T17:15:24.113-07:00,1026.505,drawing,,open,,53.311114,3.150208,48.23,118.81,18.33,65.00,22.80,73.04,1423,1136,1058,228,WH-station1,2026-08-26T17:15:23.975-07:00
water_draw_1,2026-08-26T17:15:24.617-07:00,1027.009,drawing,,open,,53.337787,3.170625,48.02,118.44,18.44,65.19,22.60,72.68,1421,1137,1062,226,WH-station1,2026-08-26T17:15:24.480-07:00
water_draw_1,2026-08-26T17:15:25.122-07:00,1027.514,drawing,,open,,53.364416,3.165521,48.02,118.44,18.33,65.00,22.90,73.22,1421,1136,1061,229,WH-station1,2026-08-26T17:15:24.985-07:00
water_draw_1,2026-08-26T17:15:25.627-07:00,1028.019,drawing,,open,,53.390740,3.129792,47.81,118.06,18.44,65.19,22.40,72.32,1419,1137,1054,224,WH-station1,2026-08-26T17:15:25.490-07:00
water_draw_1,2026-08-26T17:15:26.131-07:00,1028.523,drawing,,open,,53.417285,3.155312,47.92,118.25,18.23,64.81,22.70,72.86,1420,1135,1059,227,WH-station1,2026-08-26T17:15:25.994-07:00
water_draw_1,2026-08-26T17:15:26.636-07:00,1029.028,drawing,,open,,53.443827,3.155312,48.02,118.44,18.13,64.63,22.70,72.86,1421,1134,1059,227,WH-station1,2026-08-26T17:15:26.499-07:00
water_draw_1,2026-08-26T17:15:27.141-07:00,1029.533,drawing,,open,,53.470239,3.140000,47.71,117.88,18.54,65.38,22.90,73.22,1418,1138,1056,229,WH-station1,2026-08-26T17:15:27.004-07:00
water_draw_1,2026-08-26T17:15:27.646-07:00,1030.038,drawing,,open,,53.496745,3.150208,48.23,118.81,18.23,64.81,22.80,73.04,1423,1135,1058,228,WH-station1,2026-08-26T17:15:27.509-07:00
water_draw_1,2026-08-26T17:15:28.150-07:00,1030.542,drawing,,open,,53.522983,3.119583,48.23,118.81,18.23,64.81,22.50,72.50,1423,1135,1052,225,WH-station1,2026-08-26T17:15:28.013-07:00
water_draw_1,2026-08-26T17:15:28.655-07:00,1031.047,drawing,,open,,53.549485,3.150208,48.23,118.81,18.33,65.00,22.70,72.86,1423,1136,1058,227,WH-station1,2026-08-26T17:15:28.518-07:00
water_draw_1,2026-08-26T17:15:29.160-07:00,1031.552,drawing,,open,,53.575725,3.119583,47.92,118.25,18.23,64.81,22.90,73.22,1420,1135,1052,229,WH-station1,2026-08-26T17:15:29.023-07:00
water_draw_1,2026-08-26T17:15:29.664-07:00,1032.056,drawing,,open,,53.602094,3.134896,48.12,118.62,17.92,64.25,22.90,73.22,1422,1132,1055,229,WH-station1,2026-08-26T17:15:29.528-07:00
water_draw_1,2026-08-26T17:15:30.169-07:00,1032.561,drawing,,open,,53.628379,3.124688,47.92,118.25,17.92,64.25,22.70,72.86,1420,1132,1053,227,WH-station1,2026-08-26T17:15:30.032-07:00
water_draw_1,2026-08-26T17:15:30.674-07:00,1033.066,drawing,,open,,53.654708,3.129792,48.12,118.62,18.33,65.00,22.60,72.68,1422,1136,1054,226,WH-station1,2026-08-26T17:15:30.537-07:00
water_draw_1,2026-08-26T17:15:31.179-07:00,1033.571,drawing,,open,,53.681117,3.140000,47.81,118.06,18.44,65.19,22.90,73.22,1419,1137,1056,229,WH-station1,2026-08-26T17:15:31.042-07:00
water_draw_1,2026-08-26T17:15:31.683-07:00,1034.075,drawing,,open,,53.707571,3.145104,47.92,118.25,18.44,65.19,22.90,73.22,1420,1137,1057,229,WH-station1,2026-08-26T17:15:31.547-07:00
water_draw_1,2026-08-26T17:15:32.188-07:00,1034.580,drawing,,open,,53.734152,3.160417,47.71,117.88,18.54,65.38,22.60,72.68,1418,1138,1060,226,WH-station1,2026-08-26T17:15:32.051-07:00
water_draw_1,2026-08-26T17:15:32.693-07:00,1035.085,drawing,,open,,53.760739,3.160417,47.81,118.06,18.33,65.00,22.90,73.22,1419,1136,1060,229,WH-station1,2026-08-26T17:15:32.556-07:00
water_draw_1,2026-08-26T17:15:33.198-07:00,1035.589,drawing,,open,,53.787333,3.160417,47.71,117.88,18.23,64.81,22.90,73.22,1418,1135,1060,229,WH-station1,2026-08-26T17:15:33.061-07:00
water_draw_1,2026-08-26T17:15:33.702-07:00,1036.094,drawing,,open,,53.813964,3.165521,47.71,117.88,18.23,64.81,22.60,72.68,1418,1135,1061,226,WH-station1,2026-08-26T17:15:33.565-07:00
water_draw_1,2026-08-26T17:15:34.207-07:00,1036.599,drawing,,open,,53.840419,3.145104,47.71,117.88,18.23,64.81,22.80,73.04,1418,1135,1057,228,WH-station1,2026-08-26T17:15:34.070-07:00
water_draw_1,2026-08-26T17:15:34.712-07:00,1037.104,drawing,,open,,53.867131,3.175729,47.81,118.06,18.33,65.00,22.40,72.32,1419,1136,1063,224,WH-station1,2026-08-26T17:15:34.575-07:00
water_draw_1,2026-08-26T17:15:35.217-07:00,1037.608,drawing,,open,,53.893715,3.160417,47.92,118.25,18.33,65.00,22.90,73.22,1420,1136,1060,229,WH-station1,2026-08-26T17:15:35.079-07:00
water_draw_1,2026-08-26T17:15:35.721-07:00,1038.113,drawing,,open,,53.920189,3.145104,47.60,117.69,18.23,64.81,22.90,73.22,1417,1135,1057,229,WH-station1,2026-08-26T17:15:35.584-07:00
water_draw_1,2026-08-26T17:15:36.226-07:00,1038.618,drawing,,open,,53.946819,3.165521,47.50,117.50,18.23,64.81,22.90,73.22,1416,1135,1061,229,WH-station1,2026-08-26T17:15:36.089-07:00
water_draw_1,2026-08-26T17:15:36.728-07:00,1039.123,drawing,,open,,53.973574,3.180833,47.71,117.88,18.33,65.00,22.50,72.50,1418,1136,1064,225,WH-station1,2026-08-26T17:15:36.594-07:00
water_draw_1,2026-08-26T17:15:37.230-07:00,1039.625,drawing,,open,,54.000104,3.170625,47.71,117.88,18.33,65.00,22.70,72.86,1418,1136,1062,227,WH-station1,2026-08-26T17:15:37.098-07:00
water_draw_1,2026-08-26T17:15:37.732-07:00,1040.127,drawing,,open,,54.026717,3.180833,47.60,117.69,18.23,64.81,22.80,73.04,1417,1135,1064,228,WH-station1,2026-08-26T17:15:37.603-07:00
water_draw_1,2026-08-26T17:15:38.234-07:00,1040.629,drawing,,open,,54.053157,3.160417,47.71,117.88,18.44,65.19,22.80,73.04,1418,1137,1060,228,WH-station1,2026-08-26T17:15:38.108-07:00
water_draw_1,2026-08-26T17:15:38.736-07:00,1041.131,drawing,,open,,54.079472,3.145104,47.40,117.31,18.13,64.63,22.70,72.86,1415,1134,1057,227,WH-station1,2026-08-26T17:15:38.613-07:00
water_draw_1,2026-08-26T17:15:39.238-07:00,1041.633,drawing,,open,,54.106039,3.175729,47.50,117.50,18.65,65.56,22.70,72.86,1416,1139,1063,227,WH-station1,2026-08-26T17:15:39.117-07:00
water_draw_1,2026-08-26T17:15:39.740-07:00,1042.135,drawing,,open,,54.132651,3.180833,47.29,117.12,18.33,65.00,22.90,73.22,1414,1136,1064,229,WH-station1,2026-08-26T17:15:39.622-07:00
water_draw_1,2026-08-26T17:15:40.242-07:00,1042.637,drawing,,open,,54.159261,3.180833,47.40,117.31,18.02,64.44,22.60,72.68,1415,1133,1064,226,WH-station1,2026-08-26T17:15:40.127-07:00
water_draw_1,2026-08-26T17:15:40.744-07:00,1043.139,drawing,,open,,54.185743,3.165521,47.40,117.31,18.33,65.00,22.60,72.68,1415,1136,1061,226,WH-station1,2026-08-26T17:15:40.632-07:00
water_draw_1,2026-08-26T17:15:41.246-07:00,1043.641,drawing,,open,,54.212310,3.175729,47.29,117.12,18.23,64.81,22.70,72.86,1414,1135,1063,227,WH-station1,2026-08-26T17:15:41.136-07:00
water_draw_1,2026-08-26T17:15:41.751-07:00,1044.143,drawing,,open,,54.238882,3.175729,47.19,116.94,18.23,64.81,22.80,73.04,1413,1135,1063,228,WH-station1,2026-08-26T17:15:41.641-07:00
water_draw_1,2026-08-26T17:15:42.255-07:00,1044.647,drawing,,open,,54.265506,3.165521,47.40,117.31,18.33,65.00,22.70,72.86,1415,1136,1061,227,WH-station1,2026-08-26T17:15:42.146-07:00
water_draw_1,2026-08-26T17:15:42.760-07:00,1045.152,drawing,,open,,54.292175,3.170625,47.08,116.75,18.33,65.00,22.80,73.04,1412,1136,1062,228,WH-station1,2026-08-26T17:15:42.651-07:00
water_draw_1,2026-08-26T17:15:43.265-07:00,1045.657,drawing,,open,,54.318969,3.185938,46.98,116.56,18.13,64.63,22.60,72.68,1411,1134,1065,226,WH-station1,2026-08-26T17:15:43.155-07:00
water_draw_1,2026-08-26T17:15:43.769-07:00,1046.161,drawing,,open,,54.345816,3.191042,46.88,116.38,18.54,65.38,22.80,73.04,1410,1138,1066,228,WH-station1,2026-08-26T17:15:43.660-07:00
water_draw_1,2026-08-26T17:15:44.274-07:00,1046.666,drawing,,open,,54.372584,3.180833,47.08,116.75,17.81,64.06,22.80,73.04,1412,1131,1064,228,WH-station1,2026-08-26T17:15:44.165-07:00
water_draw_1,2026-08-26T17:15:44.779-07:00,1047.171,drawing,,open,,54.399430,3.191042,46.98,116.56,18.13,64.63,22.70,72.86,1411,1134,1066,227,WH-station1,2026-08-26T17:15:44.670-07:00
water_draw_1,2026-08-26T17:15:45.284-07:00,1047.676,drawing,,open,,54.426227,3.185938,46.77,116.19,18.13,64.63,22.50,72.50,1409,1134,1065,225,WH-station1,2026-08-26T17:15:45.174-07:00
water_draw_1,2026-08-26T17:15:45.788-07:00,1048.180,drawing,,open,,54.453369,3.226771,46.88,116.38,18.44,65.19,22.90,73.22,1410,1137,1073,229,WH-station1,2026-08-26T17:15:45.679-07:00
water_draw_1,2026-08-26T17:15:46.293-07:00,1048.685,drawing,,open,,54.480338,3.206354,46.98,116.56,18.44,65.19,22.70,72.86,1411,1137,1069,227,WH-station1,2026-08-26T17:15:46.184-07:00
water_draw_1,2026-08-26T17:15:46.798-07:00,1049.190,drawing,,open,,54.507311,3.206354,46.77,116.19,18.13,64.63,22.90,73.22,1409,1134,1069,229,WH-station1,2026-08-26T17:15:46.689-07:00
water_draw_1,2026-08-26T17:15:47.302-07:00,1049.694,drawing,,open,,54.534406,3.221667,46.88,116.38,18.02,64.44,22.90,73.22,1410,1133,1072,229,WH-station1,2026-08-26T17:15:47.193-07:00
water_draw_1,2026-08-26T17:15:47.807-07:00,1050.199,drawing,,open,,54.561461,3.216562,46.67,116.00,18.02,64.44,22.70,72.86,1408,1133,1071,227,WH-station1,2026-08-26T17:15:47.698-07:00
water_draw_1,2026-08-26T17:15:48.312-07:00,1050.704,drawing,,open,,54.588513,3.216562,46.35,115.44,18.33,65.00,22.60,72.68,1405,1136,1071,226,WH-station1,2026-08-26T17:15:48.203-07:00
water_draw_1,2026-08-26T17:15:48.816-07:00,1051.208,drawing,,open,,54.615611,3.221667,46.25,115.25,18.13,64.63,22.60,72.68,1404,1134,1072,226,WH-station1,2026-08-26T17:15:48.708-07:00
water_draw_1,2026-08-26T17:15:49.321-07:00,1051.713,drawing,,open,,54.642411,3.185938,46.35,115.44,18.23,64.81,22.80,73.04,1405,1135,1065,228,WH-station1,2026-08-26T17:15:49.212-07:00
water_draw_1,2026-08-26T17:15:49.826-07:00,1052.218,drawing,,open,,54.669429,3.211458,46.46,115.63,18.44,65.19,22.80,73.04,1406,1137,1070,228,WH-station1,2026-08-26T17:15:49.717-07:00
water_draw_1,2026-08-26T17:15:50.331-07:00,1052.722,drawing,,open,,54.696181,3.180833,46.46,115.63,18.23,64.81,22.60,72.68,1406,1135,1064,226,WH-station1,2026-08-26T17:15:50.222-07:00
water_draw_1,2026-08-26T17:15:50.835-07:00,1053.227,drawing,,open,,54.723153,3.206354,46.35,115.44,18.23,64.81,22.80,73.04,1405,1135,1069,228,WH-station1,2026-08-26T17:15:50.726-07:00
water_draw_1,2026-08-26T17:15:51.340-07:00,1053.732,drawing,,open,,54.750253,3.221667,46.25,115.25,18.23,64.81,22.70,72.86,1404,1135,1072,227,WH-station1,2026-08-26T17:15:51.231-07:00
water_draw_1,2026-08-26T17:15:51.845-07:00,1054.237,drawing,,open,,54.777179,3.201250,46.04,114.88,18.54,65.38,22.60,72.68,1402,1138,1068,226,WH-station1,2026-08-26T17:15:51.736-07:00
water_draw_1,2026-08-26T17:15:52.349-07:00,1054.741,drawing,,open,,54.804197,3.211458,46.15,115.06,18.23,64.81,22.70,72.86,1403,1135,1070,227,WH-station1,2026-08-26T17:15:52.240-07:00
water_draw_1,2026-08-26T17:15:52.854-07:00,1055.246,drawing,,open,,54.831125,3.201250,46.15,115.06,18.13,64.63,22.90,73.22,1403,1134,1068,229,WH-station1,2026-08-26T17:15:52.745-07:00
water_draw_1,2026-08-26T17:15:53.359-07:00,1055.751,drawing,,open,,54.858177,3.216562,45.94,114.69,18.13,64.63,23.10,73.58,1401,1134,1071,231,WH-station1,2026-08-26T17:15:53.250-07:00
water_draw_1,2026-08-26T17:15:53.863-07:00,1056.255,drawing,,open,,54.885062,3.196146,45.94,114.69,18.33,65.00,22.90,73.22,1401,1136,1067,229,WH-station1,2026-08-26T17:15:53.754-07:00
water_draw_1,2026-08-26T17:15:54.368-07:00,1056.760,drawing,,open,,54.911990,3.201250,46.04,114.88,18.33,65.00,22.60,72.68,1402,1136,1068,226,WH-station1,2026-08-26T17:15:54.259-07:00
water_draw_1,2026-08-26T17:15:54.873-07:00,1057.265,drawing,,open,,54.939095,3.221667,45.94,114.69,18.44,65.19,22.50,72.50,1401,1137,1072,225,WH-station1,2026-08-26T17:15:54.764-07:00
water_draw_1,2026-08-26T17:15:55.378-07:00,1057.770,drawing,,open,,54.966070,3.206354,45.83,114.50,18.33,65.00,22.70,72.86,1400,1136,1069,227,WH-station1,2026-08-26T17:15:55.269-07:00
water_draw_1,2026-08-26T17:15:55.882-07:00,1058.274,drawing,,open,,54.993168,3.221667,45.73,114.31,18.33,65.00,22.80,73.04,1399,1136,1072,228,WH-station1,2026-08-26T17:15:55.774-07:00
water_draw_1,2026-08-26T17:15:56.387-07:00,1058.779,drawing,,open,,55.020355,3.231875,45.52,113.94,18.13,64.63,22.70,72.86,1397,1134,1074,227,WH-station1,2026-08-26T17:15:56.280-07:00
water_draw_1,2026-08-26T17:15:56.892-07:00,1059.284,drawing,,open,,55.047068,3.175729,45.73,114.31,18.23,64.81,22.40,72.32,1399,1135,1063,224,WH-station1,2026-08-26T17:15:56.785-07:00
water_draw_1,2026-08-26T17:15:57.396-07:00,1059.788,drawing,,open,,55.074248,3.231875,45.52,113.94,18.02,64.44,22.80,73.04,1397,1133,1074,228,WH-station1,2026-08-26T17:15:57.290-07:00
water_draw_1,2026-08-26T17:15:57.901-07:00,1060.293,drawing,,open,,55.101348,3.221667,45.62,114.12,18.13,64.63,22.60,72.68,1398,1134,1072,226,WH-station1,2026-08-26T17:15:57.795-07:00
water_draw_1,2026-08-26T17:15:58.406-07:00,1060.798,drawing,,open,,55.128493,3.226771,45.42,113.75,18.65,65.56,23.00,73.40,1396,1139,1073,230,WH-station1,2026-08-26T17:15:58.300-07:00
water_draw_1,2026-08-26T17:15:58.911-07:00,1061.302,drawing,,open,,55.155461,3.206354,45.21,113.38,18.23,64.81,22.90,73.22,1394,1135,1069,229,WH-station1,2026-08-26T17:15:58.805-07:00
water_draw_1,2026-08-26T17:15:59.415-07:00,1061.807,drawing,,open,,55.182735,3.242083,45.21,113.38,18.44,65.19,22.90,73.22,1394,1137,1076,229,WH-station1,2026-08-26T17:15:59.310-07:00
water_draw_1,2026-08-26T17:15:59.920-07:00,1062.312,drawing,,open,,55.209875,3.226771,45.21,113.38,18.75,65.75,23.00,73.40,1394,1140,1073,230,WH-station1,2026-08-26T17:15:59.815-07:00
water_draw_1,2026-08-26T17:16:00.425-07:00,1062.817,drawing,,open,,55.236888,3.211458,45.21,113.38,18.75,65.75,22.80,73.04,1394,1140,1070,228,WH-station1,2026-08-26T17:16:00.320-07:00
water_draw_1,2026-08-26T17:16:00.929-07:00,1063.321,drawing,,open,,55.264423,3.272708,45.10,113.19,18.44,65.19,22.90,73.22,1393,1137,1082,229,WH-station1,2026-08-26T17:16:00.825-07:00
water_draw_1,2026-08-26T17:16:01.434-07:00,1063.826,drawing,,open,,55.291653,3.236979,45.00,113.00,18.23,64.81,22.60,72.68,1392,1135,1075,226,WH-station1,2026-08-26T17:16:01.330-07:00
water_draw_1,2026-08-26T17:16:01.939-07:00,1064.331,drawing,,open,,55.318884,3.236979,44.90,112.81,18.44,65.19,22.60,72.68,1391,1137,1075,226,WH-station1,2026-08-26T17:16:01.836-07:00
water_draw_1,2026-08-26T17:16:02.444-07:00,1064.836,drawing,,open,,55.345900,3.211458,45.10,113.19,18.13,64.63,22.50,72.50,1393,1134,1070,225,WH-station1,2026-08-26T17:16:02.341-07:00
water_draw_1,2026-08-26T17:16:02.948-07:00,1065.340,drawing,,open,,55.372997,3.221667,45.00,113.00,18.23,64.81,22.70,72.86,1392,1135,1072,227,WH-station1,2026-08-26T17:16:02.846-07:00
water_draw_1,2026-08-26T17:16:03.453-07:00,1065.845,drawing,,open,,55.399964,3.206354,44.90,112.81,18.54,65.38,22.50,72.50,1391,1138,1069,225,WH-station1,2026-08-26T17:16:03.351-07:00
water_draw_1,2026-08-26T17:16:03.958-07:00,1066.350,drawing,,open,,55.426981,3.211458,44.90,112.81,18.44,65.19,22.90,73.22,1391,1137,1070,229,WH-station1,2026-08-26T17:16:03.856-07:00
water_draw_1,2026-08-26T17:16:04.462-07:00,1066.854,drawing,,open,,55.454082,3.221667,44.58,112.25,18.23,64.81,23.00,73.40,1388,1135,1072,230,WH-station1,2026-08-26T17:16:04.362-07:00
water_draw_1,2026-08-26T17:16:04.967-07:00,1067.359,drawing,,open,,55.481354,3.242083,44.58,112.25,18.23,64.81,22.70,72.86,1388,1135,1076,227,WH-station1,2026-08-26T17:16:04.867-07:00
water_draw_1,2026-08-26T17:16:05.472-07:00,1067.864,drawing,,open,,55.508578,3.236979,44.58,112.25,18.54,65.38,22.90,73.22,1388,1138,1075,229,WH-station1,2026-08-26T17:16:05.372-07:00
water_draw_1,2026-08-26T17:16:05.976-07:00,1068.368,drawing,,open,,55.535939,3.252292,44.38,111.88,18.23,64.81,22.80,73.04,1386,1135,1078,228,WH-station1,2026-08-26T17:16:05.877-07:00
water_draw_1,2026-08-26T17:16:06.481-07:00,1068.873,drawing,,open,,55.563087,3.226771,44.38,111.88,18.13,64.63,22.80,73.04,1386,1134,1073,228,WH-station1,2026-08-26T17:16:06.382-07:00
water_draw_1,2026-08-26T17:16:06.986-07:00,1069.378,drawing,,open,,55.590146,3.216562,44.27,111.69,18.23,64.81,22.60,72.68,1385,1135,1071,226,WH-station1,2026-08-26T17:16:06.887-07:00
water_draw_1,2026-08-26T17:16:07.491-07:00,1069.883,drawing,,open,,55.617328,3.231875,44.38,111.88,18.75,65.75,22.60,72.68,1386,1140,1074,226,WH-station1,2026-08-26T17:16:07.392-07:00
water_draw_1,2026-08-26T17:16:07.995-07:00,1070.387,drawing,,open,,55.644597,3.242083,44.27,111.69,18.13,64.63,22.50,72.50,1385,1134,1076,225,WH-station1,2026-08-26T17:16:07.897-07:00
water_draw_1,2026-08-26T17:16:08.500-07:00,1070.892,drawing,,open,,55.672121,3.272708,44.06,111.31,18.13,64.63,22.70,72.86,1383,1134,1082,227,WH-station1,2026-08-26T17:16:08.402-07:00
water_draw_1,2026-08-26T17:16:09.005-07:00,1071.397,drawing,,open,,55.699304,3.231875,44.06,111.31,18.44,65.19,22.60,72.68,1383,1137,1074,226,WH-station1,2026-08-26T17:16:08.908-07:00
water_draw_1,2026-08-26T17:16:09.510-07:00,1071.901,drawing,,open,,55.726792,3.267604,43.96,111.13,18.44,65.19,22.50,72.50,1382,1137,1081,225,WH-station1,2026-08-26T17:16:09.412-07:00
water_draw_1,2026-08-26T17:16:10.014-07:00,1072.406,drawing,,open,,55.754161,3.252292,43.85,110.94,18.23,64.81,22.90,73.22,1381,1135,1078,229,WH-station1,2026-08-26T17:16:09.917-07:00
water_draw_1,2026-08-26T17:16:10.519-07:00,1072.911,drawing,,open,,55.781087,3.201250,43.85,110.94,18.33,65.00,22.80,73.04,1381,1136,1068,228,WH-station1,2026-08-26T17:16:10.422-07:00
water_draw_1,2026-08-26T17:16:11.024-07:00,1073.416,drawing,,open,,55.807755,3.170625,43.44,110.19,18.23,64.81,22.80,73.04,1377,1135,1062,228,WH-station1,2026-08-26T17:16:10.927-07:00
water_draw_1,2026-08-26T17:16:11.528-07:00,1073.920,drawing,,open,,55.834726,3.206354,43.75,110.75,18.02,64.44,22.80,73.04,1380,1133,1069,228,WH-station1,2026-08-26T17:16:11.432-07:00
water_draw_1,2026-08-26T17:16:12.033-07:00,1074.425,drawing,,open,,55.861696,3.206354,43.54,110.38,18.23,64.81,22.90,73.22,1378,1135,1069,229,WH-station1,2026-08-26T17:16:11.936-07:00
water_draw_1,2026-08-26T17:16:12.538-07:00,1074.930,drawing,,open,,55.888756,3.216562,43.33,110.00,18.23,64.81,22.60,72.68,1376,1135,1071,226,WH-station1,2026-08-26T17:16:12.441-07:00
water_draw_1,2026-08-26T17:16:13.042-07:00,1075.434,drawing,,open,,55.915766,3.211458,43.54,110.38,18.44,65.19,22.50,72.50,1378,1137,1070,225,WH-station1,2026-08-26T17:16:12.946-07:00
water_draw_1,2026-08-26T17:16:13.547-07:00,1075.939,drawing,,open,,55.942567,3.185938,43.44,110.19,18.44,65.19,22.70,72.86,1377,1137,1065,227,WH-station1,2026-08-26T17:16:13.450-07:00
water_draw_1,2026-08-26T17:16:14.052-07:00,1076.444,drawing,,open,,55.969192,3.165521,43.33,110.00,18.33,65.00,22.90,73.22,1376,1136,1061,229,WH-station1,2026-08-26T17:16:13.955-07:00
water_draw_1,2026-08-26T17:16:14.556-07:00,1076.948,drawing,,open,,55.995993,3.185938,43.12,109.62,18.44,65.19,22.60,72.68,1374,1137,1065,226,WH-station1,2026-08-26T17:16:14.460-07:00
water_draw_1,2026-08-26T17:16:15.061-07:00,1077.453,drawing,,open,,56.022926,3.201250,43.23,109.81,18.23,64.81,22.50,72.50,1375,1135,1068,225,WH-station1,2026-08-26T17:16:14.965-07:00
water_draw_1,2026-08-26T17:16:15.566-07:00,1077.958,drawing,,open,,56.049518,3.160417,43.33,110.00,18.44,65.19,22.70,72.86,1376,1137,1060,227,WH-station1,2026-08-26T17:16:15.469-07:00
water_draw_1,2026-08-26T17:16:16.071-07:00,1078.463,drawing,,open,,56.076015,3.150208,42.71,108.88,18.02,64.44,22.80,73.04,1370,1133,1058,228,WH-station1,2026-08-26T17:16:15.974-07:00
water_draw_1,2026-08-26T17:16:16.576-07:00,1078.968,drawing,,open,,56.102571,3.155312,43.12,109.62,18.54,65.38,22.40,72.32,1374,1138,1059,224,WH-station1,2026-08-26T17:16:16.479-07:00
water_draw_1,2026-08-26T17:16:17.081-07:00,1079.473,drawing,,open,,56.129118,3.155312,42.92,109.25,18.23,64.81,22.80,73.04,1372,1135,1059,228,WH-station1,2026-08-26T17:16:16.983-07:00
water_draw_1,2026-08-26T17:16:17.585-07:00,1079.977,drawing,,open,,56.155581,3.145104,42.92,109.25,18.33,65.00,23.00,73.40,1372,1136,1057,230,WH-station1,2026-08-26T17:16:17.488-07:00
water_draw_1,2026-08-26T17:16:18.090-07:00,1080.482,drawing,,open,,56.182340,3.180833,42.81,109.06,18.44,65.19,22.40,72.32,1371,1137,1064,224,WH-station1,2026-08-26T17:16:17.993-07:00
water_draw_1,2026-08-26T17:16:18.595-07:00,1080.987,drawing,,open,,56.208920,3.160417,42.50,108.50,18.33,65.00,22.50,72.50,1368,1136,1060,225,WH-station1,2026-08-26T17:16:18.498-07:00
water_draw_1,2026-08-26T17:16:19.099-07:00,1081.491,drawing,,open,,56.235631,3.175729,42.50,108.50,18.44,65.19,22.50,72.50,1368,1137,1063,225,WH-station1,2026-08-26T17:16:19.002-07:00
water_draw_1,2026-08-26T17:16:19.604-07:00,1081.996,drawing,,open,,56.262560,3.201250,42.40,108.31,18.44,65.19,22.60,72.68,1367,1137,1068,226,WH-station1,2026-08-26T17:16:19.507-07:00
water_draw_1,2026-08-26T17:16:20.109-07:00,1082.501,drawing,,open,,56.289486,3.201250,42.50,108.50,18.13,64.63,22.80,73.04,1368,1134,1068,228,WH-station1,2026-08-26T17:16:20.012-07:00
water_draw_1,2026-08-26T17:16:20.614-07:00,1083.006,drawing,,open,,56.316459,3.206354,42.29,108.13,18.33,65.00,22.70,72.86,1366,1136,1069,227,WH-station1,2026-08-26T17:16:20.516-07:00
water_draw_1,2026-08-26T17:16:21.118-07:00,1083.510,drawing,,open,,56.343607,3.226771,42.40,108.31,18.33,65.00,22.60,72.68,1367,1136,1073,226,WH-station1,2026-08-26T17:16:21.021-07:00
water_draw_1,2026-08-26T17:16:21.623-07:00,1084.015,drawing,,open,,56.370965,3.252292,42.19,107.94,18.23,64.81,22.40,72.32,1365,1135,1078,224,WH-station1,2026-08-26T17:16:21.526-07:00
water_draw_1,2026-08-26T17:16:22.128-07:00,1084.520,drawing,,open,,56.398236,3.242083,42.40,108.31,18.33,65.00,22.50,72.50,1367,1136,1076,225,WH-station1,2026-08-26T17:16:22.031-07:00
water_draw_1,2026-08-26T17:16:22.632-07:00,1085.024,drawing,,open,,56.425545,3.247188,42.08,107.75,18.65,65.56,22.80,73.04,1364,1139,1077,228,WH-station1,2026-08-26T17:16:22.535-07:00
water_draw_1,2026-08-26T17:16:23.137-07:00,1085.529,drawing,,open,,56.453031,3.267604,42.40,108.31,18.44,65.19,22.90,73.22,1367,1137,1081,229,WH-station1,2026-08-26T17:16:23.040-07:00
water_draw_1,2026-08-26T17:16:23.642-07:00,1086.034,drawing,,open,,56.480299,3.242083,42.29,108.13,18.23,64.81,22.90,73.22,1366,1135,1076,229,WH-station1,2026-08-26T17:16:23.545-07:00
water_draw_1,2026-08-26T17:16:23.647-07:00,1086.043,completed,temperature_threshold_reached,closed,,56.480299,3.242083,42.29,108.13,18.23,64.81,22.90,73.22,1366,1135,1076,229,WH-station1,2026-08-26T17:16:23.545-07:00
