event_id,timestamp_pacific,draw_elapsed_seconds,status,stop_reason,valve_state,target_volume_gal,accumulated_volume_gal,flow_gpm,hot_temp_c,hot_temp_f,cold_temp_c,cold_temp_f,ambient_temp_c,ambient_temp_f,hot_raw_counts,cold_raw_counts,flow_raw_counts,ambient_raw_counts,cold_source_station,cold_source_timestamp_pacific
water_draw_3,2026-08-03T22:10:33.118-07:00,1.256,drawing,,open,9.0,0.004294,0.20510416666666692,19.47916666666667,67.0625,29.479166666666686,85.06250000000003,23.5,74.30000000000001,1147,1243,481,235,WH-station1,2026-08-03T22:10:33.067-07:00
water_draw_3,2026-08-03T22:10:33.643-07:00,2.309,drawing,,open,9.0,0.048799,2.5377083333333346,19.47916666666667,67.0625,29.583333333333343,85.25,23.5,74.30000000000001,1147,1244,938,235,WH-station1,2026-08-03T22:10:33.569-07:00
water_draw_3,2026-08-03T22:10:34.145-07:00,2.834,drawing,,open,9.0,0.069770,2.394791666666667,19.583333333333357,67.25000000000003,29.791666666666657,85.625,23.5,74.30000000000001,1148,1246,910,235,WH-station1,2026-08-03T22:10:34.071-07:00
water_draw_3,2026-08-03T22:10:34.647-07:00,3.336,drawing,,open,9.0,0.089718,2.3845833333333335,19.583333333333357,67.25000000000003,29.583333333333343,85.25,23.5,74.30000000000001,1148,1244,908,235,WH-station1,2026-08-03T22:10:34.573-07:00
water_draw_3,2026-08-03T22:10:35.149-07:00,3.838,drawing,,open,9.0,0.109412,2.3539583333333343,19.47916666666667,67.0625,29.895833333333343,85.81250000000003,23.5,74.30000000000001,1147,1247,902,235,WH-station1,2026-08-03T22:10:35.075-07:00
water_draw_3,2026-08-03T22:10:35.660-07:00,4.340,drawing,,open,9.0,0.128979,2.3386458333333335,19.270833333333343,66.68750000000003,29.6875,85.4375,23.5,74.30000000000001,1145,1245,899,235,WH-station1,2026-08-03T22:10:35.577-07:00
water_draw_3,2026-08-03T22:10:36.179-07:00,4.851,drawing,,open,9.0,0.149117,2.3641666666666676,19.270833333333343,66.68750000000003,29.791666666666657,85.625,23.5,74.30000000000001,1145,1246,904,235,WH-station1,2026-08-03T22:10:36.079-07:00
water_draw_3,2026-08-03T22:10:36.696-07:00,5.370,drawing,,open,9.0,0.169626,2.3692708333333337,19.687499999999986,67.43749999999999,29.895833333333343,85.81250000000003,23.400000000000002,74.12,1149,1247,905,234,WH-station1,2026-08-03T22:10:36.581-07:00
water_draw_3,2026-08-03T22:10:37.201-07:00,5.887,drawing,,open,9.0,0.189595,2.318229166666667,19.583333333333357,67.25000000000003,29.895833333333343,85.81250000000003,23.5,74.30000000000001,1148,1247,895,235,WH-station1,2026-08-03T22:10:37.085-07:00
water_draw_3,2026-08-03T22:10:37.705-07:00,6.392,drawing,,open,9.0,0.209269,2.3386458333333335,19.47916666666667,67.0625,29.791666666666657,85.625,23.3,73.94,1147,1246,899,233,WH-station1,2026-08-03T22:10:37.590-07:00
water_draw_3,2026-08-03T22:10:38.210-07:00,6.897,drawing,,open,9.0,0.228984,2.343750000000001,19.47916666666667,67.0625,29.375,84.875,23.400000000000002,74.12,1147,1242,900,234,WH-station1,2026-08-03T22:10:38.095-07:00
water_draw_3,2026-08-03T22:10:38.715-07:00,7.401,drawing,,open,9.0,0.248695,2.343750000000001,19.583333333333357,67.25000000000003,29.583333333333343,85.25,23.5,74.30000000000001,1148,1244,900,235,WH-station1,2026-08-03T22:10:38.601-07:00
water_draw_3,2026-08-03T22:10:39.219-07:00,7.906,drawing,,open,9.0,0.268237,2.3233333333333337,19.583333333333357,67.25000000000003,29.6875,85.4375,23.400000000000002,74.12,1148,1245,896,234,WH-station1,2026-08-03T22:10:39.107-07:00
water_draw_3,2026-08-03T22:10:39.724-07:00,8.410,drawing,,open,9.0,0.287777,2.3233333333333337,19.89583333333333,67.8125,29.479166666666686,85.06250000000003,23.400000000000002,74.12,1151,1243,896,234,WH-station1,2026-08-03T22:10:39.612-07:00
water_draw_3,2026-08-03T22:10:40.229-07:00,8.915,drawing,,open,9.0,0.307491,2.343750000000001,19.687499999999986,67.43749999999999,29.6875,85.4375,23.400000000000002,74.12,1149,1245,900,234,WH-station1,2026-08-03T22:10:40.118-07:00
water_draw_3,2026-08-03T22:10:40.733-07:00,9.420,drawing,,open,9.0,0.327127,2.333541666666667,20.3125,68.5625,30.0,86.0,23.400000000000002,74.12,1155,1248,898,234,WH-station1,2026-08-03T22:10:40.624-07:00
water_draw_3,2026-08-03T22:10:41.238-07:00,9.925,drawing,,open,9.0,0.346668,2.3233333333333337,20.416666666666657,68.74999999999999,30.10416666666667,86.1875,23.5,74.30000000000001,1156,1249,896,235,WH-station1,2026-08-03T22:10:41.129-07:00
water_draw_3,2026-08-03T22:10:41.743-07:00,10.429,drawing,,open,9.0,0.366343,2.3386458333333335,20.72916666666667,69.3125,29.895833333333343,85.81250000000003,23.5,74.30000000000001,1159,1247,899,235,WH-station1,2026-08-03T22:10:41.635-07:00
water_draw_3,2026-08-03T22:10:42.248-07:00,10.934,drawing,,open,9.0,0.385801,2.3131250000000003,21.249999999999986,70.24999999999997,30.10416666666667,86.1875,23.5,74.30000000000001,1164,1249,894,235,WH-station1,2026-08-03T22:10:42.141-07:00
water_draw_3,2026-08-03T22:10:42.752-07:00,11.439,drawing,,open,9.0,0.405086,2.292708333333334,21.770833333333343,71.1875,29.895833333333343,85.81250000000003,23.5,74.30000000000001,1169,1247,890,235,WH-station1,2026-08-03T22:10:42.646-07:00
water_draw_3,2026-08-03T22:10:43.257-07:00,11.944,drawing,,open,9.0,0.424674,2.3284375,22.29166666666667,72.125,29.791666666666657,85.625,23.400000000000002,74.12,1174,1246,897,234,WH-station1,2026-08-03T22:10:43.153-07:00
water_draw_3,2026-08-03T22:10:43.762-07:00,12.448,drawing,,open,9.0,0.444261,2.3284375,22.70833333333333,72.875,29.895833333333343,85.81250000000003,23.400000000000002,74.12,1178,1247,897,234,WH-station1,2026-08-03T22:10:43.658-07:00
water_draw_3,2026-08-03T22:10:44.266-07:00,12.953,drawing,,open,9.0,0.463674,2.3080208333333334,23.4375,74.1875,29.375,84.875,23.5,74.30000000000001,1185,1242,893,235,WH-station1,2026-08-03T22:10:44.164-07:00
water_draw_3,2026-08-03T22:10:44.771-07:00,13.458,drawing,,open,9.0,0.482956,2.292708333333334,24.062499999999986,75.31249999999997,29.6875,85.4375,23.400000000000002,74.12,1191,1245,890,234,WH-station1,2026-08-03T22:10:44.669-07:00
water_draw_3,2026-08-03T22:10:45.276-07:00,13.962,drawing,,open,9.0,0.502155,2.2825000000000006,24.687500000000014,76.43750000000003,29.791666666666657,85.625,23.400000000000002,74.12,1197,1246,888,234,WH-station1,2026-08-03T22:10:45.175-07:00
water_draw_3,2026-08-03T22:10:45.781-07:00,14.467,drawing,,open,9.0,0.521483,2.2978125,25.208333333333343,77.37500000000003,29.479166666666686,85.06250000000003,23.400000000000002,74.12,1202,1243,891,234,WH-station1,2026-08-03T22:10:45.680-07:00
water_draw_3,2026-08-03T22:10:46.285-07:00,14.972,drawing,,open,9.0,0.540429,2.251875,25.83333333333333,78.5,29.895833333333343,85.81250000000003,23.400000000000002,74.12,1208,1247,882,234,WH-station1,2026-08-03T22:10:46.185-07:00
water_draw_3,2026-08-03T22:10:46.790-07:00,15.477,drawing,,open,9.0,0.559372,2.251875,26.458333333333314,79.62499999999997,29.479166666666686,85.06250000000003,23.3,73.94,1214,1243,882,233,WH-station1,2026-08-03T22:10:46.690-07:00
water_draw_3,2026-08-03T22:10:47.295-07:00,15.981,drawing,,open,9.0,0.578228,2.2416666666666667,26.97916666666667,80.5625,30.0,86.0,23.400000000000002,74.12,1219,1248,880,234,WH-station1,2026-08-03T22:10:47.195-07:00
water_draw_3,2026-08-03T22:10:47.799-07:00,16.486,drawing,,open,9.0,0.597084,2.2416666666666667,27.499999999999986,81.49999999999997,29.895833333333343,85.81250000000003,23.5,74.30000000000001,1224,1247,880,235,WH-station1,2026-08-03T22:10:47.700-07:00
water_draw_3,2026-08-03T22:10:48.304-07:00,16.991,drawing,,open,9.0,0.615725,2.216145833333334,28.125,82.625,29.27083333333333,84.6875,23.400000000000002,74.12,1230,1241,875,234,WH-station1,2026-08-03T22:10:48.206-07:00
water_draw_3,2026-08-03T22:10:48.809-07:00,17.495,drawing,,open,9.0,0.634581,2.2416666666666667,28.645833333333343,83.56250000000003,30.0,86.0,23.5,74.30000000000001,1235,1248,880,235,WH-station1,2026-08-03T22:10:48.711-07:00
water_draw_3,2026-08-03T22:10:49.313-07:00,18.000,drawing,,open,9.0,0.653225,2.216145833333334,29.16666666666667,84.5,29.791666666666657,85.625,23.400000000000002,74.12,1240,1246,875,234,WH-station1,2026-08-03T22:10:49.216-07:00
water_draw_3,2026-08-03T22:10:49.818-07:00,18.505,drawing,,open,9.0,0.671905,2.2212500000000004,29.791666666666657,85.625,29.479166666666686,85.06250000000003,23.5,74.30000000000001,1246,1243,876,235,WH-station1,2026-08-03T22:10:49.721-07:00
water_draw_3,2026-08-03T22:10:50.323-07:00,19.009,drawing,,open,9.0,0.690463,2.2059375000000006,30.10416666666667,86.1875,30.0,86.0,23.400000000000002,74.12,1249,1248,873,234,WH-station1,2026-08-03T22:10:50.226-07:00
water_draw_3,2026-08-03T22:10:50.827-07:00,19.514,drawing,,open,9.0,0.708930,2.195729166666667,30.624999999999986,87.12499999999997,29.791666666666657,85.625,23.5,74.30000000000001,1254,1246,871,235,WH-station1,2026-08-03T22:10:50.731-07:00
water_draw_3,2026-08-03T22:10:51.332-07:00,20.019,drawing,,open,9.0,0.727355,2.1906250000000003,31.145833333333357,88.06250000000006,30.10416666666667,86.1875,23.400000000000002,74.12,1259,1249,870,234,WH-station1,2026-08-03T22:10:51.237-07:00
water_draw_3,2026-08-03T22:10:51.837-07:00,20.524,drawing,,open,9.0,0.745657,2.1753125,31.354166666666686,88.43750000000003,30.0,86.0,23.400000000000002,74.12,1261,1248,867,234,WH-station1,2026-08-03T22:10:51.742-07:00
water_draw_3,2026-08-03T22:10:52.342-07:00,21.028,drawing,,open,9.0,0.763665,2.139583333333334,31.979166666666686,89.56250000000006,29.895833333333343,85.81250000000003,23.5,74.30000000000001,1267,1247,860,235,WH-station1,2026-08-03T22:10:52.247-07:00
water_draw_3,2026-08-03T22:10:52.847-07:00,21.533,drawing,,open,9.0,0.782006,2.1804166666666664,32.29166666666667,90.125,29.583333333333343,85.25,23.5,74.30000000000001,1270,1244,868,235,WH-station1,2026-08-03T22:10:52.752-07:00
water_draw_3,2026-08-03T22:10:53.351-07:00,22.038,drawing,,open,9.0,0.800431,2.1906250000000003,32.5,90.5,30.0,86.0,23.5,74.30000000000001,1272,1248,870,235,WH-station1,2026-08-03T22:10:53.257-07:00
water_draw_3,2026-08-03T22:10:53.856-07:00,22.542,drawing,,open,9.0,0.818554,2.1548958333333332,33.22916666666667,91.8125,29.895833333333343,85.81250000000003,23.5,74.30000000000001,1279,1247,863,235,WH-station1,2026-08-03T22:10:53.762-07:00
water_draw_3,2026-08-03T22:10:54.361-07:00,23.047,drawing,,open,9.0,0.836635,2.149791666666667,33.54166666666667,92.375,29.479166666666686,85.06250000000003,23.400000000000002,74.12,1282,1243,862,234,WH-station1,2026-08-03T22:10:54.266-07:00
water_draw_3,2026-08-03T22:10:54.865-07:00,23.552,drawing,,open,9.0,0.854935,2.1753125,33.54166666666667,92.375,29.583333333333343,85.25,23.400000000000002,74.12,1282,1244,867,234,WH-station1,2026-08-03T22:10:54.771-07:00
water_draw_3,2026-08-03T22:10:55.370-07:00,24.057,drawing,,open,9.0,0.873062,2.1548958333333332,34.166666666666686,93.50000000000003,29.6875,85.4375,23.400000000000002,74.12,1288,1245,863,234,WH-station1,2026-08-03T22:10:55.276-07:00
water_draw_3,2026-08-03T22:10:55.875-07:00,24.561,drawing,,open,9.0,0.891018,2.134479166666667,34.47916666666666,94.0625,29.895833333333343,85.81250000000003,23.5,74.30000000000001,1291,1247,859,235,WH-station1,2026-08-03T22:10:55.781-07:00
water_draw_3,2026-08-03T22:10:56.379-07:00,25.066,drawing,,open,9.0,0.909101,2.149791666666667,34.79166666666667,94.625,29.479166666666686,85.06250000000003,23.400000000000002,74.12,1294,1243,862,234,WH-station1,2026-08-03T22:10:56.286-07:00
water_draw_3,2026-08-03T22:10:56.884-07:00,25.571,drawing,,open,9.0,0.927143,2.1446875000000003,35.312499999999986,95.56249999999997,30.10416666666667,86.1875,23.400000000000002,74.12,1299,1249,861,234,WH-station1,2026-08-03T22:10:56.791-07:00
water_draw_3,2026-08-03T22:10:57.389-07:00,26.075,drawing,,open,9.0,0.945099,2.134479166666667,35.41666666666667,95.75,30.20833333333333,86.375,23.5,74.30000000000001,1300,1250,859,235,WH-station1,2026-08-03T22:10:57.295-07:00
water_draw_3,2026-08-03T22:10:57.894-07:00,26.581,drawing,,open,9.0,0.963065,2.134479166666667,35.625,96.125,30.10416666666667,86.1875,23.400000000000002,74.12,1302,1249,859,234,WH-station1,2026-08-03T22:10:57.800-07:00
water_draw_3,2026-08-03T22:10:58.399-07:00,27.085,drawing,,open,9.0,0.980979,2.1293750000000005,35.9375,96.6875,30.0,86.0,23.400000000000002,74.12,1305,1248,858,234,WH-station1,2026-08-03T22:10:58.305-07:00
water_draw_3,2026-08-03T22:10:58.903-07:00,27.590,drawing,,open,9.0,0.999064,2.149791666666667,36.35416666666667,97.4375,29.895833333333343,85.81250000000003,23.3,73.94,1309,1247,862,233,WH-station1,2026-08-03T22:10:58.810-07:00
water_draw_3,2026-08-03T22:10:59.408-07:00,28.095,drawing,,open,9.0,1.017193,2.1548958333333332,36.562499999999986,97.81249999999997,30.10416666666667,86.1875,23.400000000000002,74.12,1311,1249,863,234,WH-station1,2026-08-03T22:10:59.319-07:00
water_draw_3,2026-08-03T22:10:59.913-07:00,28.600,drawing,,open,9.0,1.034592,2.068125,36.66666666666667,98.0,29.895833333333343,85.81250000000003,23.400000000000002,74.12,1312,1247,846,234,WH-station1,2026-08-03T22:10:59.824-07:00
water_draw_3,2026-08-03T22:11:00.418-07:00,29.104,drawing,,open,9.0,1.052419,2.119166666666667,37.08333333333336,98.75000000000006,30.10416666666667,86.1875,23.400000000000002,74.12,1316,1249,856,234,WH-station1,2026-08-03T22:11:00.329-07:00
water_draw_3,2026-08-03T22:11:00.922-07:00,29.609,drawing,,open,9.0,1.070159,2.1089583333333333,37.291666666666686,99.12500000000003,30.20833333333333,86.375,23.5,74.30000000000001,1318,1250,854,235,WH-station1,2026-08-03T22:11:00.834-07:00
water_draw_3,2026-08-03T22:11:01.425-07:00,30.114,drawing,,open,9.0,1.088110,2.134479166666667,37.50000000000003,99.50000000000003,30.20833333333333,86.375,23.6,74.48,1320,1250,859,236,WH-station1,2026-08-03T22:11:01.339-07:00
water_draw_3,2026-08-03T22:11:01.927-07:00,30.616,drawing,,open,9.0,1.105801,2.1140625,37.8125,100.0625,30.10416666666667,86.1875,23.5,74.30000000000001,1323,1249,855,235,WH-station1,2026-08-03T22:11:01.844-07:00
water_draw_3,2026-08-03T22:11:02.429-07:00,31.118,drawing,,open,9.0,1.123616,2.1293750000000005,38.125000000000014,100.62500000000003,30.20833333333333,86.375,23.5,74.30000000000001,1326,1250,858,235,WH-station1,2026-08-03T22:11:02.349-07:00
water_draw_3,2026-08-03T22:11:02.931-07:00,31.620,drawing,,open,9.0,1.141434,2.1293750000000005,38.33333333333336,101.00000000000003,29.895833333333343,85.81250000000003,23.400000000000002,74.12,1328,1247,858,234,WH-station1,2026-08-03T22:11:02.853-07:00
water_draw_3,2026-08-03T22:11:03.433-07:00,32.122,drawing,,open,9.0,1.158992,2.09875,38.64583333333333,101.5625,30.0,86.0,23.400000000000002,74.12,1331,1248,852,234,WH-station1,2026-08-03T22:11:03.358-07:00
water_draw_3,2026-08-03T22:11:03.935-07:00,32.624,drawing,,open,9.0,1.176937,2.1446875000000003,38.54166666666667,101.375,29.583333333333343,85.25,23.5,74.30000000000001,1330,1244,861,235,WH-station1,2026-08-03T22:11:03.863-07:00
water_draw_3,2026-08-03T22:11:04.437-07:00,33.126,drawing,,open,9.0,1.194794,2.134479166666667,38.75,101.75,29.791666666666657,85.625,23.5,74.30000000000001,1332,1246,859,235,WH-station1,2026-08-03T22:11:04.368-07:00
water_draw_3,2026-08-03T22:11:04.939-07:00,33.628,drawing,,open,9.0,1.212696,2.139583333333334,39.0625,102.3125,30.312500000000014,86.56250000000003,23.400000000000002,74.12,1335,1251,860,234,WH-station1,2026-08-03T22:11:04.873-07:00
water_draw_3,2026-08-03T22:11:05.441-07:00,34.130,drawing,,open,9.0,1.230040,2.073229166666667,39.270833333333314,102.68749999999997,29.479166666666686,85.06250000000003,23.400000000000002,74.12,1337,1243,847,234,WH-station1,2026-08-03T22:11:05.378-07:00
water_draw_3,2026-08-03T22:11:05.943-07:00,34.632,drawing,,open,9.0,1.247731,2.1140625,39.375,102.875,29.6875,85.4375,23.5,74.30000000000001,1338,1245,855,235,WH-station1,2026-08-03T22:11:05.883-07:00
water_draw_3,2026-08-03T22:11:06.447-07:00,35.134,drawing,,open,9.0,1.265332,2.1038541666666664,39.58333333333333,103.25,29.895833333333343,85.81250000000003,23.5,74.30000000000001,1340,1247,853,235,WH-station1,2026-08-03T22:11:06.388-07:00
water_draw_3,2026-08-03T22:11:06.952-07:00,35.638,drawing,,open,9.0,1.283028,2.1038541666666664,39.89583333333333,103.8125,29.895833333333343,85.81250000000003,23.400000000000002,74.12,1343,1247,853,234,WH-station1,2026-08-03T22:11:06.893-07:00
water_draw_3,2026-08-03T22:11:07.457-07:00,36.143,drawing,,open,9.0,1.300851,2.119166666666667,39.999999999999986,103.99999999999997,30.0,86.0,23.400000000000002,74.12,1344,1248,856,234,WH-station1,2026-08-03T22:11:07.397-07:00
water_draw_3,2026-08-03T22:11:07.961-07:00,36.648,drawing,,open,9.0,1.317096,1.9303125,40.20833333333336,104.37500000000006,30.312500000000014,86.56250000000003,23.5,74.30000000000001,1346,1251,819,235,WH-station1,2026-08-03T22:11:07.902-07:00
water_draw_3,2026-08-03T22:11:08.466-07:00,37.153,drawing,,open,9.0,1.334490,2.068125,40.52083333333334,104.9375,29.791666666666657,85.625,23.400000000000002,74.12,1349,1246,846,234,WH-station1,2026-08-03T22:11:08.407-07:00
water_draw_3,2026-08-03T22:11:08.971-07:00,37.657,drawing,,open,9.0,1.352315,2.119166666666667,40.52083333333334,104.9375,30.20833333333333,86.375,23.5,74.30000000000001,1349,1250,856,235,WH-station1,2026-08-03T22:11:08.912-07:00
water_draw_3,2026-08-03T22:11:09.475-07:00,38.162,drawing,,open,9.0,1.369667,2.0630208333333337,40.72916666666666,105.3125,30.416666666666643,86.74999999999997,23.400000000000002,74.12,1351,1252,845,234,WH-station1,2026-08-03T22:11:09.417-07:00
water_draw_3,2026-08-03T22:11:09.980-07:00,38.667,drawing,,open,9.0,1.387492,2.119166666666667,40.83333333333334,105.50000000000003,29.895833333333343,85.81250000000003,23.400000000000002,74.12,1352,1247,856,234,WH-station1,2026-08-03T22:11:09.922-07:00
water_draw_3,2026-08-03T22:11:10.485-07:00,39.171,drawing,,open,9.0,1.405232,2.1089583333333333,40.9375,105.6875,30.20833333333333,86.375,23.3,73.94,1353,1250,854,233,WH-station1,2026-08-03T22:11:10.427-07:00
water_draw_3,2026-08-03T22:11:10.989-07:00,39.676,drawing,,open,9.0,1.422844,2.093645833333333,41.041666666666686,105.87500000000003,30.312500000000014,86.56250000000003,23.400000000000002,74.12,1354,1251,851,234,WH-station1,2026-08-03T22:11:10.932-07:00
water_draw_3,2026-08-03T22:11:11.494-07:00,40.181,drawing,,open,9.0,1.440626,2.1140625,41.041666666666686,105.87500000000003,30.20833333333333,86.375,23.3,73.94,1354,1250,855,233,WH-station1,2026-08-03T22:11:11.437-07:00
water_draw_3,2026-08-03T22:11:11.999-07:00,40.685,drawing,,open,9.0,1.458366,2.1089583333333333,41.35416666666667,106.4375,30.20833333333333,86.375,23.5,74.30000000000001,1357,1250,854,235,WH-station1,2026-08-03T22:11:11.942-07:00
water_draw_3,2026-08-03T22:11:12.504-07:00,41.190,drawing,,open,9.0,1.475974,2.093645833333333,41.45833333333336,106.62500000000003,30.416666666666643,86.74999999999997,23.3,73.94,1358,1252,851,233,WH-station1,2026-08-03T22:11:12.447-07:00
water_draw_3,2026-08-03T22:11:13.008-07:00,41.695,drawing,,open,9.0,1.493800,2.119166666666667,41.35416666666667,106.4375,30.20833333333333,86.375,23.3,73.94,1357,1250,856,233,WH-station1,2026-08-03T22:11:12.952-07:00
water_draw_3,2026-08-03T22:11:13.513-07:00,42.200,drawing,,open,9.0,1.511500,2.1038541666666664,41.97916666666666,107.56249999999997,30.0,86.0,23.400000000000002,74.12,1363,1248,853,234,WH-station1,2026-08-03T22:11:13.457-07:00
water_draw_3,2026-08-03T22:11:14.018-07:00,42.704,drawing,,open,9.0,1.528254,1.9915625000000006,41.875000000000014,107.37500000000003,30.20833333333333,86.375,23.400000000000002,74.12,1362,1250,831,234,WH-station1,2026-08-03T22:11:13.962-07:00
water_draw_3,2026-08-03T22:11:14.522-07:00,43.209,drawing,,open,9.0,1.545906,2.09875,41.97916666666666,107.56249999999997,30.416666666666643,86.74999999999997,23.5,74.30000000000001,1363,1252,852,235,WH-station1,2026-08-03T22:11:14.468-07:00
water_draw_3,2026-08-03T22:11:15.027-07:00,43.714,drawing,,open,9.0,1.563648,2.1089583333333333,42.08333333333334,107.75,30.20833333333333,86.375,23.400000000000002,74.12,1364,1250,854,234,WH-station1,2026-08-03T22:11:14.973-07:00
water_draw_3,2026-08-03T22:11:15.532-07:00,44.218,drawing,,open,9.0,1.581388,2.1089583333333333,42.291666666666686,108.12500000000003,30.312500000000014,86.56250000000003,23.5,74.30000000000001,1366,1251,854,235,WH-station1,2026-08-03T22:11:15.479-07:00
water_draw_3,2026-08-03T22:11:16.037-07:00,44.723,drawing,,open,9.0,1.597882,1.9609375000000007,42.5,108.5,30.20833333333333,86.375,23.400000000000002,74.12,1368,1250,825,234,WH-station1,2026-08-03T22:11:15.984-07:00
water_draw_3,2026-08-03T22:11:16.541-07:00,45.228,drawing,,open,9.0,1.615797,2.1293750000000005,42.60416666666667,108.6875,30.10416666666667,86.1875,23.400000000000002,74.12,1369,1249,858,234,WH-station1,2026-08-03T22:11:16.489-07:00
water_draw_3,2026-08-03T22:11:17.046-07:00,45.733,drawing,,open,9.0,1.633497,2.1038541666666664,42.60416666666667,108.6875,30.20833333333333,86.375,23.400000000000002,74.12,1369,1250,853,234,WH-station1,2026-08-03T22:11:16.994-07:00
water_draw_3,2026-08-03T22:11:17.551-07:00,46.237,drawing,,open,9.0,1.651192,2.1038541666666664,42.60416666666667,108.6875,30.312500000000014,86.56250000000003,23.400000000000002,74.12,1369,1251,853,234,WH-station1,2026-08-03T22:11:17.498-07:00
water_draw_3,2026-08-03T22:11:18.055-07:00,46.742,drawing,,open,9.0,1.668760,2.0885416666666665,42.812499999999986,109.06249999999997,30.10416666666667,86.1875,23.5,74.30000000000001,1371,1249,850,235,WH-station1,2026-08-03T22:11:18.003-07:00
water_draw_3,2026-08-03T22:11:18.560-07:00,47.247,drawing,,open,9.0,1.686585,2.119166666666667,42.91666666666667,109.25,30.312500000000014,86.56250000000003,23.5,74.30000000000001,1372,1251,856,235,WH-station1,2026-08-03T22:11:18.508-07:00
water_draw_3,2026-08-03T22:11:19.065-07:00,47.751,drawing,,open,9.0,1.704457,2.1242708333333336,42.91666666666667,109.25,30.0,86.0,23.5,74.30000000000001,1372,1248,857,235,WH-station1,2026-08-03T22:11:19.013-07:00
water_draw_3,2026-08-03T22:11:19.570-07:00,48.256,drawing,,open,9.0,1.722197,2.1089583333333333,43.02083333333333,109.4375,30.52083333333333,86.9375,23.5,74.30000000000001,1373,1253,854,235,WH-station1,2026-08-03T22:11:19.518-07:00
water_draw_3,2026-08-03T22:11:20.074-07:00,48.761,drawing,,open,9.0,1.739851,2.09875,43.22916666666666,109.81249999999997,30.312500000000014,86.56250000000003,23.3,73.94,1375,1251,852,233,WH-station1,2026-08-03T22:11:20.023-07:00
water_draw_3,2026-08-03T22:11:20.579-07:00,49.266,drawing,,open,9.0,1.757291,2.073229166666667,43.22916666666666,109.81249999999997,30.312500000000014,86.56250000000003,23.5,74.30000000000001,1375,1251,847,235,WH-station1,2026-08-03T22:11:20.528-07:00
water_draw_3,2026-08-03T22:11:21.084-07:00,49.770,drawing,,open,9.0,1.774385,2.032395833333333,43.33333333333336,110.00000000000006,30.416666666666643,86.74999999999997,23.400000000000002,74.12,1376,1252,839,234,WH-station1,2026-08-03T22:11:21.033-07:00
water_draw_3,2026-08-03T22:11:21.588-07:00,50.275,drawing,,open,9.0,1.792210,2.119166666666667,43.541666666666686,110.37500000000003,30.83333333333333,87.5,23.400000000000002,74.12,1378,1256,856,234,WH-station1,2026-08-03T22:11:21.537-07:00
water_draw_3,2026-08-03T22:11:22.093-07:00,50.780,drawing,,open,9.0,1.809782,2.0885416666666665,43.64583333333334,110.5625,30.7291666666667,87.31250000000006,23.400000000000002,74.12,1379,1255,850,234,WH-station1,2026-08-03T22:11:22.042-07:00
water_draw_3,2026-08-03T22:11:22.598-07:00,51.285,drawing,,open,9.0,1.827354,2.0885416666666665,43.75000000000003,110.75000000000003,30.20833333333333,86.375,23.400000000000002,74.12,1380,1250,850,234,WH-station1,2026-08-03T22:11:22.547-07:00
water_draw_3,2026-08-03T22:11:23.103-07:00,51.789,drawing,,open,9.0,1.844963,2.093645833333333,43.75000000000003,110.75000000000003,30.416666666666643,86.74999999999997,23.5,74.30000000000001,1380,1252,851,235,WH-station1,2026-08-03T22:11:23.052-07:00
water_draw_3,2026-08-03T22:11:23.607-07:00,52.294,drawing,,open,9.0,1.862874,2.1293750000000005,43.854166666666686,110.93750000000003,30.416666666666643,86.74999999999997,23.400000000000002,74.12,1381,1252,858,234,WH-station1,2026-08-03T22:11:23.557-07:00
water_draw_3,2026-08-03T22:11:24.112-07:00,52.799,drawing,,open,9.0,1.880400,2.0834374999999996,44.0625,111.3125,30.312500000000014,86.56250000000003,23.400000000000002,74.12,1383,1251,849,234,WH-station1,2026-08-03T22:11:24.062-07:00
water_draw_3,2026-08-03T22:11:24.617-07:00,53.303,drawing,,open,9.0,1.897839,2.073229166666667,44.0625,111.3125,30.7291666666667,87.31250000000006,23.400000000000002,74.12,1383,1255,847,234,WH-station1,2026-08-03T22:11:24.567-07:00
water_draw_3,2026-08-03T22:11:25.121-07:00,53.808,drawing,,open,9.0,1.915323,2.0783333333333336,44.0625,111.3125,30.52083333333333,86.9375,23.400000000000002,74.12,1383,1253,848,234,WH-station1,2026-08-03T22:11:25.072-07:00
water_draw_3,2026-08-03T22:11:25.626-07:00,54.313,drawing,,open,9.0,1.933067,2.1089583333333333,44.0625,111.3125,30.7291666666667,87.31250000000006,23.400000000000002,74.12,1383,1255,854,234,WH-station1,2026-08-03T22:11:25.576-07:00
water_draw_3,2026-08-03T22:11:26.131-07:00,54.818,drawing,,open,9.0,1.950549,2.0783333333333336,44.27083333333334,111.68750000000003,30.52083333333333,86.9375,23.6,74.48,1385,1253,848,236,WH-station1,2026-08-03T22:11:26.081-07:00
water_draw_3,2026-08-03T22:11:26.636-07:00,55.322,drawing,,open,9.0,1.968287,2.1089583333333333,44.58333333333336,112.25000000000003,30.7291666666667,87.31250000000006,23.400000000000002,74.12,1388,1255,854,234,WH-station1,2026-08-03T22:11:26.586-07:00
water_draw_3,2026-08-03T22:11:27.140-07:00,55.827,drawing,,open,9.0,1.986242,2.134479166666667,44.375000000000014,111.87500000000003,30.624999999999986,87.12499999999997,23.5,74.30000000000001,1386,1254,859,235,WH-station1,2026-08-03T22:11:27.091-07:00
water_draw_3,2026-08-03T22:11:27.645-07:00,56.332,drawing,,open,9.0,2.004075,2.119166666666667,44.375000000000014,111.87500000000003,30.416666666666643,86.74999999999997,23.400000000000002,74.12,1386,1252,856,234,WH-station1,2026-08-03T22:11:27.596-07:00
water_draw_3,2026-08-03T22:11:28.150-07:00,56.837,drawing,,open,9.0,2.021777,2.1038541666666664,44.375000000000014,111.87500000000003,30.937500000000014,87.68750000000003,23.5,74.30000000000001,1386,1257,853,235,WH-station1,2026-08-03T22:11:28.101-07:00
water_draw_3,2026-08-03T22:11:28.655-07:00,57.341,drawing,,open,9.0,2.039431,2.09875,44.79166666666667,112.625,30.312500000000014,86.56250000000003,23.400000000000002,74.12,1390,1251,852,234,WH-station1,2026-08-03T22:11:28.606-07:00
water_draw_3,2026-08-03T22:11:29.160-07:00,57.846,drawing,,open,9.0,2.057259,2.119166666666667,44.79166666666667,112.625,30.83333333333333,87.5,23.5,74.30000000000001,1390,1256,856,235,WH-station1,2026-08-03T22:11:29.111-07:00
water_draw_3,2026-08-03T22:11:29.664-07:00,58.351,drawing,,open,9.0,2.075041,2.1140625,44.687500000000014,112.43750000000003,30.416666666666643,86.74999999999997,23.400000000000002,74.12,1389,1252,855,234,WH-station1,2026-08-03T22:11:29.615-07:00
water_draw_3,2026-08-03T22:11:30.169-07:00,58.856,drawing,,open,9.0,2.092829,2.1140625,44.79166666666667,112.625,30.937500000000014,87.68750000000003,23.5,74.30000000000001,1390,1257,855,235,WH-station1,2026-08-03T22:11:30.120-07:00
water_draw_3,2026-08-03T22:11:30.674-07:00,59.360,drawing,,open,9.0,2.110441,2.093645833333333,45.10416666666666,113.18749999999997,30.7291666666667,87.31250000000006,23.400000000000002,74.12,1393,1255,851,234,WH-station1,2026-08-03T22:11:30.625-07:00
water_draw_3,2026-08-03T22:11:31.179-07:00,59.865,drawing,,open,9.0,2.128183,2.1089583333333333,44.89583333333333,112.8125,30.937500000000014,87.68750000000003,23.5,74.30000000000001,1391,1257,854,235,WH-station1,2026-08-03T22:11:31.130-07:00
water_draw_3,2026-08-03T22:11:31.683-07:00,60.370,drawing,,open,9.0,2.145964,2.1140625,45.20833333333334,113.375,30.624999999999986,87.12499999999997,23.400000000000002,74.12,1394,1254,855,234,WH-station1,2026-08-03T22:11:31.635-07:00
water_draw_3,2026-08-03T22:11:32.188-07:00,60.875,drawing,,open,9.0,2.163792,2.119166666666667,45.10416666666666,113.18749999999997,30.624999999999986,87.12499999999997,23.3,73.94,1393,1254,856,233,WH-station1,2026-08-03T22:11:32.140-07:00
water_draw_3,2026-08-03T22:11:32.693-07:00,61.379,drawing,,open,9.0,2.181620,2.119166666666667,45.10416666666666,113.18749999999997,30.83333333333333,87.5,23.400000000000002,74.12,1393,1256,856,234,WH-station1,2026-08-03T22:11:32.645-07:00
water_draw_3,2026-08-03T22:11:33.197-07:00,61.884,drawing,,open,9.0,2.198976,2.0630208333333337,45.3125,113.5625,30.83333333333333,87.5,23.5,74.30000000000001,1395,1256,845,235,WH-station1,2026-08-03T22:11:33.150-07:00
water_draw_3,2026-08-03T22:11:33.702-07:00,62.389,drawing,,open,9.0,2.216543,2.0885416666666665,45.520833333333314,113.93749999999997,30.624999999999986,87.12499999999997,23.400000000000002,74.12,1397,1254,850,234,WH-station1,2026-08-03T22:11:33.655-07:00
water_draw_3,2026-08-03T22:11:34.207-07:00,62.894,drawing,,open,9.0,2.234071,2.0834374999999996,45.3125,113.5625,31.041666666666686,87.87500000000003,23.5,74.30000000000001,1395,1258,849,235,WH-station1,2026-08-03T22:11:34.159-07:00
water_draw_3,2026-08-03T22:11:34.719-07:00,63.398,drawing,,open,9.0,2.251767,2.1038541666666664,45.20833333333334,113.375,31.041666666666686,87.87500000000003,23.400000000000002,74.12,1394,1258,853,234,WH-station1,2026-08-03T22:11:34.664-07:00
water_draw_3,2026-08-03T22:11:35.237-07:00,63.911,drawing,,open,9.0,2.269870,2.119166666666667,45.520833333333314,113.93749999999997,30.624999999999986,87.12499999999997,23.3,73.94,1397,1254,856,233,WH-station1,2026-08-03T22:11:35.169-07:00
water_draw_3,2026-08-03T22:11:35.755-07:00,64.429,drawing,,open,9.0,2.288029,2.1038541666666664,45.416666666666686,113.75000000000003,31.041666666666686,87.87500000000003,23.5,74.30000000000001,1396,1258,853,235,WH-station1,2026-08-03T22:11:35.674-07:00
water_draw_3,2026-08-03T22:11:36.273-07:00,64.946,drawing,,open,9.0,2.306089,2.093645833333333,45.625,114.125,30.83333333333333,87.5,23.5,74.30000000000001,1398,1256,851,235,WH-station1,2026-08-03T22:11:36.179-07:00
water_draw_3,2026-08-03T22:11:36.792-07:00,65.464,drawing,,open,9.0,2.324348,2.1140625,45.625,114.125,31.354166666666686,88.43750000000003,23.5,74.30000000000001,1398,1261,855,235,WH-station1,2026-08-03T22:11:36.684-07:00
water_draw_3,2026-08-03T22:11:37.297-07:00,65.983,drawing,,open,9.0,2.341130,1.9405208333333335,46.04166666666667,114.875,31.145833333333357,88.06250000000006,23.5,74.30000000000001,1402,1259,821,235,WH-station1,2026-08-03T22:11:37.187-07:00
water_draw_3,2026-08-03T22:11:37.801-07:00,66.488,drawing,,open,9.0,2.359000,2.1242708333333336,45.83333333333334,114.50000000000003,31.041666666666686,87.87500000000003,23.400000000000002,74.12,1400,1258,857,234,WH-station1,2026-08-03T22:11:37.689-07:00
water_draw_3,2026-08-03T22:11:38.306-07:00,66.993,drawing,,open,9.0,2.376740,2.1089583333333333,45.72916666666667,114.3125,31.041666666666686,87.87500000000003,23.5,74.30000000000001,1399,1258,854,235,WH-station1,2026-08-03T22:11:38.191-07:00
water_draw_3,2026-08-03T22:11:38.811-07:00,67.497,drawing,,open,9.0,2.394392,2.09875,45.83333333333334,114.50000000000003,30.937500000000014,87.68750000000003,23.400000000000002,74.12,1400,1257,852,234,WH-station1,2026-08-03T22:11:38.693-07:00
water_draw_3,2026-08-03T22:11:39.315-07:00,68.002,drawing,,open,9.0,2.411832,2.073229166666667,45.83333333333334,114.50000000000003,30.7291666666667,87.31250000000006,23.400000000000002,74.12,1400,1255,847,234,WH-station1,2026-08-03T22:11:39.195-07:00
water_draw_3,2026-08-03T22:11:39.820-07:00,68.507,drawing,,open,9.0,2.429784,2.134479166666667,45.937499999999986,114.68749999999997,31.25,88.25,23.6,74.48,1401,1260,859,236,WH-station1,2026-08-03T22:11:39.697-07:00
water_draw_3,2026-08-03T22:11:40.325-07:00,69.012,drawing,,open,9.0,2.447571,2.1140625,46.14583333333333,115.0625,31.145833333333357,88.06250000000006,23.5,74.30000000000001,1403,1259,855,235,WH-station1,2026-08-03T22:11:40.199-07:00
water_draw_3,2026-08-03T22:11:40.830-07:00,69.516,drawing,,open,9.0,2.465313,2.1089583333333333,45.83333333333334,114.50000000000003,31.041666666666686,87.87500000000003,23.5,74.30000000000001,1400,1258,854,235,WH-station1,2026-08-03T22:11:40.701-07:00
water_draw_3,2026-08-03T22:11:41.334-07:00,70.021,drawing,,open,9.0,2.483139,2.119166666666667,46.04166666666667,114.875,31.041666666666686,87.87500000000003,23.5,74.30000000000001,1402,1258,856,235,WH-station1,2026-08-03T22:11:41.203-07:00
water_draw_3,2026-08-03T22:11:41.839-07:00,70.526,drawing,,open,9.0,2.501007,2.1242708333333336,46.04166666666667,114.875,31.041666666666686,87.87500000000003,23.5,74.30000000000001,1402,1258,857,235,WH-station1,2026-08-03T22:11:41.705-07:00
water_draw_3,2026-08-03T22:11:42.344-07:00,71.030,drawing,,open,9.0,2.519006,2.139583333333334,46.250000000000014,115.25000000000003,31.145833333333357,88.06250000000006,23.5,74.30000000000001,1404,1259,860,235,WH-station1,2026-08-03T22:11:42.209-07:00
water_draw_3,2026-08-03T22:11:42.849-07:00,71.535,drawing,,open,9.0,2.536493,2.0783333333333336,46.35416666666666,115.43749999999997,30.937500000000014,87.68750000000003,23.400000000000002,74.12,1405,1257,848,234,WH-station1,2026-08-03T22:11:42.714-07:00
water_draw_3,2026-08-03T22:11:43.354-07:00,72.040,drawing,,open,9.0,2.554450,2.134479166666667,46.250000000000014,115.25000000000003,31.25,88.25,23.400000000000002,74.12,1404,1260,859,234,WH-station1,2026-08-03T22:11:43.219-07:00
water_draw_3,2026-08-03T22:11:43.858-07:00,72.545,drawing,,open,9.0,2.572192,2.1089583333333333,46.45833333333336,115.62500000000006,30.7291666666667,87.31250000000006,23.5,74.30000000000001,1406,1255,854,235,WH-station1,2026-08-03T22:11:43.724-07:00
water_draw_3,2026-08-03T22:11:44.363-07:00,73.050,drawing,,open,9.0,2.589805,2.093645833333333,46.250000000000014,115.25000000000003,31.145833333333357,88.06250000000006,23.5,74.30000000000001,1404,1259,851,235,WH-station1,2026-08-03T22:11:44.229-07:00
water_draw_3,2026-08-03T22:11:44.868-07:00,73.554,drawing,,open,9.0,2.607500,2.1038541666666664,46.35416666666666,115.43749999999997,30.937500000000014,87.68750000000003,23.400000000000002,74.12,1405,1257,853,234,WH-station1,2026-08-03T22:11:44.733-07:00
water_draw_3,2026-08-03T22:11:45.372-07:00,74.059,drawing,,open,9.0,2.625369,2.1242708333333336,46.45833333333336,115.62500000000006,31.041666666666686,87.87500000000003,23.5,74.30000000000001,1406,1258,857,235,WH-station1,2026-08-03T22:11:45.238-07:00
water_draw_3,2026-08-03T22:11:45.877-07:00,74.564,drawing,,open,9.0,2.643282,2.1293750000000005,46.45833333333336,115.62500000000006,31.458333333333343,88.62500000000003,23.5,74.30000000000001,1406,1262,858,235,WH-station1,2026-08-03T22:11:45.743-07:00
water_draw_3,2026-08-03T22:11:46.382-07:00,75.068,drawing,,open,9.0,2.661155,2.1242708333333336,46.562500000000014,115.81250000000003,31.354166666666686,88.43750000000003,23.6,74.48,1407,1261,857,236,WH-station1,2026-08-03T22:11:46.248-07:00
water_draw_3,2026-08-03T22:11:46.887-07:00,75.573,drawing,,open,9.0,2.679194,2.1446875000000003,46.562500000000014,115.81250000000003,31.25,88.25,23.400000000000002,74.12,1407,1260,861,234,WH-station1,2026-08-03T22:11:46.753-07:00
water_draw_3,2026-08-03T22:11:47.391-07:00,76.078,drawing,,open,9.0,2.696807,2.093645833333333,46.666666666666686,116.00000000000003,30.83333333333333,87.5,23.400000000000002,74.12,1408,1256,851,234,WH-station1,2026-08-03T22:11:47.258-07:00
water_draw_3,2026-08-03T22:11:47.896-07:00,76.583,drawing,,open,9.0,2.714593,2.1140625,46.562500000000014,115.81250000000003,31.354166666666686,88.43750000000003,23.400000000000002,74.12,1407,1261,855,234,WH-station1,2026-08-03T22:11:47.763-07:00
water_draw_3,2026-08-03T22:11:48.401-07:00,77.087,drawing,,open,9.0,2.732465,2.1242708333333336,46.666666666666686,116.00000000000003,31.66666666666667,89.0,23.5,74.30000000000001,1408,1264,857,235,WH-station1,2026-08-03T22:11:48.268-07:00
water_draw_3,2026-08-03T22:11:48.906-07:00,77.592,drawing,,open,9.0,2.750296,2.119166666666667,46.562500000000014,115.81250000000003,31.770833333333343,89.18750000000003,23.400000000000002,74.12,1407,1265,856,234,WH-station1,2026-08-03T22:11:48.773-07:00
water_draw_3,2026-08-03T22:11:49.410-07:00,78.097,drawing,,open,9.0,2.768079,2.1140625,46.979166666666686,116.56250000000003,31.145833333333357,88.06250000000006,23.5,74.30000000000001,1411,1259,855,235,WH-station1,2026-08-03T22:11:49.277-07:00
water_draw_3,2026-08-03T22:11:49.915-07:00,78.602,drawing,,open,9.0,2.785817,2.1089583333333333,46.875,116.375,31.458333333333343,88.62500000000003,23.400000000000002,74.12,1410,1262,854,234,WH-station1,2026-08-03T22:11:49.782-07:00
water_draw_3,2026-08-03T22:11:50.420-07:00,79.106,drawing,,open,9.0,2.803515,2.1038541666666664,46.77083333333334,116.1875,31.458333333333343,88.62500000000003,23.5,74.30000000000001,1409,1262,853,235,WH-station1,2026-08-03T22:11:50.287-07:00
water_draw_3,2026-08-03T22:11:50.925-07:00,79.611,drawing,,open,9.0,2.821256,2.1089583333333333,46.666666666666686,116.00000000000003,31.458333333333343,88.62500000000003,23.400000000000002,74.12,1408,1262,854,234,WH-station1,2026-08-03T22:11:50.792-07:00
water_draw_3,2026-08-03T22:11:51.429-07:00,80.116,drawing,,open,9.0,2.839130,2.1242708333333336,46.979166666666686,116.56250000000003,31.354166666666686,88.43750000000003,23.5,74.30000000000001,1411,1261,857,235,WH-station1,2026-08-03T22:11:51.297-07:00
water_draw_3,2026-08-03T22:11:51.934-07:00,80.621,drawing,,open,9.0,2.856954,2.119166666666667,46.979166666666686,116.56250000000003,31.25,88.25,23.5,74.30000000000001,1411,1260,856,235,WH-station1,2026-08-03T22:11:51.802-07:00
water_draw_3,2026-08-03T22:11:52.439-07:00,81.125,drawing,,open,9.0,2.874695,2.1089583333333333,47.29166666666667,117.125,30.83333333333333,87.5,23.5,74.30000000000001,1414,1256,854,235,WH-station1,2026-08-03T22:11:52.307-07:00
water_draw_3,2026-08-03T22:11:52.944-07:00,81.630,drawing,,open,9.0,2.892563,2.1242708333333336,47.083333333333314,116.74999999999997,31.66666666666667,89.0,23.400000000000002,74.12,1412,1264,857,234,WH-station1,2026-08-03T22:11:52.812-07:00
water_draw_3,2026-08-03T22:11:53.448-07:00,82.135,drawing,,open,9.0,2.910433,2.1242708333333336,46.875,116.375,31.458333333333343,88.62500000000003,23.6,74.48,1410,1262,857,236,WH-station1,2026-08-03T22:11:53.316-07:00
water_draw_3,2026-08-03T22:11:53.953-07:00,82.640,drawing,,open,9.0,2.928349,2.1293750000000005,47.083333333333314,116.74999999999997,31.458333333333343,88.62500000000003,23.5,74.30000000000001,1412,1262,858,235,WH-station1,2026-08-03T22:11:53.821-07:00
water_draw_3,2026-08-03T22:11:54.458-07:00,83.144,drawing,,open,9.0,2.946180,2.119166666666667,46.979166666666686,116.56250000000003,31.458333333333343,88.62500000000003,23.5,74.30000000000001,1411,1262,856,235,WH-station1,2026-08-03T22:11:54.326-07:00
water_draw_3,2026-08-03T22:11:54.963-07:00,83.649,drawing,,open,9.0,2.964091,2.1293750000000005,47.083333333333314,116.74999999999997,31.770833333333343,89.18750000000003,23.400000000000002,74.12,1412,1265,858,234,WH-station1,2026-08-03T22:11:54.831-07:00
water_draw_3,2026-08-03T22:11:55.467-07:00,84.154,drawing,,open,9.0,2.981788,2.1038541666666664,47.29166666666667,117.125,31.354166666666686,88.43750000000003,23.5,74.30000000000001,1414,1261,853,235,WH-station1,2026-08-03T22:11:55.336-07:00
water_draw_3,2026-08-03T22:11:55.972-07:00,84.659,drawing,,open,9.0,2.999741,2.134479166666667,47.083333333333314,116.74999999999997,31.56250000000003,88.81250000000006,23.400000000000002,74.12,1412,1263,859,234,WH-station1,2026-08-03T22:11:55.841-07:00
water_draw_3,2026-08-03T22:11:56.477-07:00,85.163,drawing,,open,9.0,3.017655,2.1293750000000005,47.39583333333334,117.31250000000003,31.56250000000003,88.81250000000006,23.5,74.30000000000001,1415,1263,858,235,WH-station1,2026-08-03T22:11:56.346-07:00
water_draw_3,2026-08-03T22:11:56.981-07:00,85.668,drawing,,open,9.0,3.035482,2.119166666666667,47.083333333333314,116.74999999999997,31.56250000000003,88.81250000000006,23.3,73.94,1412,1263,856,233,WH-station1,2026-08-03T22:11:56.850-07:00
water_draw_3,2026-08-03T22:11:57.486-07:00,86.173,drawing,,open,9.0,3.053225,2.1089583333333333,47.39583333333334,117.31250000000003,31.354166666666686,88.43750000000003,23.5,74.30000000000001,1415,1261,854,235,WH-station1,2026-08-03T22:11:57.355-07:00
water_draw_3,2026-08-03T22:11:57.992-07:00,86.678,drawing,,open,9.0,3.071053,2.119166666666667,47.29166666666667,117.125,31.145833333333357,88.06250000000006,23.5,74.30000000000001,1414,1259,856,235,WH-station1,2026-08-03T22:11:57.860-07:00
water_draw_3,2026-08-03T22:11:58.497-07:00,87.184,drawing,,open,9.0,3.088795,2.1038541666666664,47.39583333333334,117.31250000000003,31.458333333333343,88.62500000000003,23.3,73.94,1415,1262,853,233,WH-station1,2026-08-03T22:11:58.365-07:00
water_draw_3,2026-08-03T22:11:59.003-07:00,87.688,drawing,,open,9.0,3.106582,2.1140625,47.1875,116.9375,31.66666666666667,89.0,23.5,74.30000000000001,1413,1264,855,235,WH-station1,2026-08-03T22:11:58.870-07:00
water_draw_3,2026-08-03T22:11:59.508-07:00,88.194,drawing,,open,9.0,3.124022,2.068125,47.39583333333334,117.31250000000003,31.458333333333343,88.62500000000003,23.5,74.30000000000001,1415,1262,846,235,WH-station1,2026-08-03T22:11:59.375-07:00
water_draw_3,2026-08-03T22:12:00.014-07:00,88.699,drawing,,open,9.0,3.141932,2.1293750000000005,47.39583333333334,117.31250000000003,31.66666666666667,89.0,23.5,74.30000000000001,1415,1264,858,235,WH-station1,2026-08-03T22:11:59.880-07:00
water_draw_3,2026-08-03T22:12:00.518-07:00,89.205,drawing,,open,9.0,3.159844,2.1242708333333336,47.60416666666667,117.6875,31.354166666666686,88.43750000000003,23.6,74.48,1417,1261,857,236,WH-station1,2026-08-03T22:12:00.385-07:00
water_draw_3,2026-08-03T22:12:01.023-07:00,89.710,drawing,,open,9.0,3.177713,2.1242708333333336,47.39583333333334,117.31250000000003,31.875000000000014,89.37500000000003,23.5,74.30000000000001,1415,1266,857,235,WH-station1,2026-08-03T22:12:00.889-07:00
water_draw_3,2026-08-03T22:12:01.528-07:00,90.215,drawing,,open,9.0,3.195857,2.1548958333333332,47.39583333333334,117.31250000000003,31.770833333333343,89.18750000000003,23.400000000000002,74.12,1415,1265,863,234,WH-station1,2026-08-03T22:12:01.394-07:00
water_draw_3,2026-08-03T22:12:02.033-07:00,90.720,drawing,,open,9.0,3.213387,2.0834374999999996,47.39583333333334,117.31250000000003,31.875000000000014,89.37500000000003,23.6,74.48,1415,1266,849,236,WH-station1,2026-08-03T22:12:01.899-07:00
water_draw_3,2026-08-03T22:12:02.538-07:00,91.224,drawing,,open,9.0,3.231128,2.1089583333333333,47.812500000000014,118.06250000000003,31.56250000000003,88.81250000000006,23.400000000000002,74.12,1419,1263,854,234,WH-station1,2026-08-03T22:12:02.404-07:00
water_draw_3,2026-08-03T22:12:03.043-07:00,91.729,drawing,,open,9.0,3.248783,2.09875,47.499999999999986,117.49999999999997,31.770833333333343,89.18750000000003,23.400000000000002,74.12,1416,1265,852,234,WH-station1,2026-08-03T22:12:02.909-07:00
water_draw_3,2026-08-03T22:12:03.547-07:00,92.234,drawing,,open,9.0,3.266651,2.1242708333333336,47.39583333333334,117.31250000000003,31.875000000000014,89.37500000000003,23.5,74.30000000000001,1415,1266,857,235,WH-station1,2026-08-03T22:12:03.414-07:00
water_draw_3,2026-08-03T22:12:04.052-07:00,92.739,drawing,,open,9.0,3.284264,2.093645833333333,47.39583333333334,117.31250000000003,31.354166666666686,88.43750000000003,23.5,74.30000000000001,1415,1261,851,235,WH-station1,2026-08-03T22:12:03.919-07:00
water_draw_3,2026-08-03T22:12:04.557-07:00,93.243,drawing,,open,9.0,3.302222,2.134479166666667,47.70833333333333,117.875,31.875000000000014,89.37500000000003,23.5,74.30000000000001,1418,1266,859,235,WH-station1,2026-08-03T22:12:04.424-07:00
water_draw_3,2026-08-03T22:12:05.062-07:00,93.748,drawing,,open,9.0,3.319968,2.1089583333333333,47.70833333333333,117.875,31.770833333333343,89.18750000000003,23.6,74.48,1418,1265,854,236,WH-station1,2026-08-03T22:12:04.929-07:00
water_draw_3,2026-08-03T22:12:05.566-07:00,94.253,drawing,,open,9.0,3.337880,2.1293750000000005,47.70833333333333,117.875,31.66666666666667,89.0,23.400000000000002,74.12,1418,1264,858,234,WH-station1,2026-08-03T22:12:05.434-07:00
water_draw_3,2026-08-03T22:12:06.071-07:00,94.758,drawing,,open,9.0,3.355535,2.09875,47.499999999999986,117.49999999999997,31.56250000000003,88.81250000000006,23.6,74.48,1416,1263,852,236,WH-station1,2026-08-03T22:12:05.938-07:00
water_draw_3,2026-08-03T22:12:06.576-07:00,95.262,drawing,,open,9.0,3.373060,2.0834374999999996,47.812500000000014,118.06250000000003,31.770833333333343,89.18750000000003,23.6,74.48,1419,1265,849,236,WH-station1,2026-08-03T22:12:06.443-07:00
water_draw_3,2026-08-03T22:12:07.081-07:00,95.767,drawing,,open,9.0,3.390801,2.1089583333333333,47.812500000000014,118.06250000000003,31.66666666666667,89.0,23.5,74.30000000000001,1419,1264,854,235,WH-station1,2026-08-03T22:12:06.948-07:00
water_draw_3,2026-08-03T22:12:07.585-07:00,96.272,drawing,,open,9.0,3.408587,2.1140625,47.70833333333333,117.875,31.66666666666667,89.0,23.5,74.30000000000001,1418,1264,855,235,WH-station1,2026-08-03T22:12:07.453-07:00
water_draw_3,2026-08-03T22:12:08.090-07:00,96.777,drawing,,open,9.0,3.426074,2.0783333333333336,47.91666666666666,118.24999999999997,31.770833333333343,89.18750000000003,23.5,74.30000000000001,1420,1265,848,235,WH-station1,2026-08-03T22:12:07.958-07:00
water_draw_3,2026-08-03T22:12:08.595-07:00,97.281,drawing,,open,9.0,3.443598,2.0834374999999996,47.91666666666666,118.24999999999997,31.458333333333343,88.62500000000003,23.5,74.30000000000001,1420,1262,849,235,WH-station1,2026-08-03T22:12:08.463-07:00
water_draw_3,2026-08-03T22:12:09.100-07:00,97.786,drawing,,open,9.0,3.461296,2.1038541666666664,47.812500000000014,118.06250000000003,31.770833333333343,89.18750000000003,23.6,74.48,1419,1265,853,236,WH-station1,2026-08-03T22:12:08.968-07:00
water_draw_3,2026-08-03T22:12:09.604-07:00,98.291,drawing,,open,9.0,3.479079,2.1140625,47.70833333333333,117.875,31.770833333333343,89.18750000000003,23.5,74.30000000000001,1418,1265,855,235,WH-station1,2026-08-03T22:12:09.473-07:00
water_draw_3,2026-08-03T22:12:10.109-07:00,98.796,drawing,,open,9.0,3.496909,2.119166666666667,48.02083333333333,118.4375,31.66666666666667,89.0,23.6,74.48,1421,1264,856,236,WH-station1,2026-08-03T22:12:09.978-07:00
water_draw_3,2026-08-03T22:12:10.614-07:00,99.300,drawing,,open,9.0,3.514350,2.073229166666667,47.812500000000014,118.06250000000003,31.770833333333343,89.18750000000003,23.5,74.30000000000001,1419,1265,847,235,WH-station1,2026-08-03T22:12:10.483-07:00
water_draw_3,2026-08-03T22:12:11.119-07:00,99.805,drawing,,open,9.0,3.532393,2.1446875000000003,47.91666666666666,118.24999999999997,31.875000000000014,89.37500000000003,23.5,74.30000000000001,1420,1266,861,235,WH-station1,2026-08-03T22:12:10.989-07:00
water_draw_3,2026-08-03T22:12:11.623-07:00,100.310,drawing,,open,9.0,3.550091,2.1038541666666664,47.91666666666666,118.24999999999997,31.458333333333343,88.62500000000003,23.5,74.30000000000001,1420,1262,853,235,WH-station1,2026-08-03T22:12:11.494-07:00
water_draw_3,2026-08-03T22:12:12.128-07:00,100.815,drawing,,open,9.0,3.568004,2.1293750000000005,47.70833333333333,117.875,31.770833333333343,89.18750000000003,23.400000000000002,74.12,1418,1265,858,234,WH-station1,2026-08-03T22:12:11.999-07:00
water_draw_3,2026-08-03T22:12:12.633-07:00,101.319,drawing,,open,9.0,3.585490,2.0783333333333336,48.125,118.625,31.354166666666686,88.43750000000003,23.6,74.48,1422,1261,848,236,WH-station1,2026-08-03T22:12:12.504-07:00
water_draw_3,2026-08-03T22:12:13.138-07:00,101.824,drawing,,open,9.0,3.603276,2.1140625,47.70833333333333,117.875,31.770833333333343,89.18750000000003,23.400000000000002,74.12,1418,1265,855,234,WH-station1,2026-08-03T22:12:13.010-07:00
water_draw_3,2026-08-03T22:12:13.642-07:00,102.329,drawing,,open,9.0,3.620586,2.057916666666667,47.91666666666666,118.24999999999997,31.979166666666686,89.56250000000006,23.400000000000002,74.12,1420,1267,844,234,WH-station1,2026-08-03T22:12:13.515-07:00
water_draw_3,2026-08-03T22:12:14.147-07:00,102.834,drawing,,open,9.0,3.638415,2.119166666666667,48.02083333333333,118.4375,31.56250000000003,88.81250000000006,23.6,74.48,1421,1263,856,236,WH-station1,2026-08-03T22:12:14.020-07:00
water_draw_3,2026-08-03T22:12:14.652-07:00,103.338,drawing,,open,9.0,3.656286,2.1242708333333336,48.125,118.625,31.875000000000014,89.37500000000003,23.5,74.30000000000001,1422,1266,857,235,WH-station1,2026-08-03T22:12:14.525-07:00
water_draw_3,2026-08-03T22:12:15.157-07:00,103.843,drawing,,open,9.0,3.673771,2.0783333333333336,47.91666666666666,118.24999999999997,31.458333333333343,88.62500000000003,23.5,74.30000000000001,1420,1262,848,235,WH-station1,2026-08-03T22:12:15.030-07:00
water_draw_3,2026-08-03T22:12:15.662-07:00,104.348,drawing,,open,9.0,3.691644,2.1242708333333336,48.02083333333333,118.4375,31.770833333333343,89.18750000000003,23.5,74.30000000000001,1421,1265,857,235,WH-station1,2026-08-03T22:12:15.536-07:00
water_draw_3,2026-08-03T22:12:16.166-07:00,104.853,drawing,,open,9.0,3.708484,2.0017708333333335,48.229166666666686,118.81250000000003,31.979166666666686,89.56250000000006,23.5,74.30000000000001,1423,1267,833,235,WH-station1,2026-08-03T22:12:16.041-07:00
water_draw_3,2026-08-03T22:12:16.671-07:00,105.358,drawing,,open,9.0,3.726355,2.1242708333333336,47.91666666666666,118.24999999999997,31.979166666666686,89.56250000000006,23.400000000000002,74.12,1420,1267,857,234,WH-station1,2026-08-03T22:12:16.546-07:00
water_draw_3,2026-08-03T22:12:17.176-07:00,105.862,drawing,,open,9.0,3.744012,2.09875,48.02083333333333,118.4375,31.25,88.25,23.5,74.30000000000001,1421,1260,852,235,WH-station1,2026-08-03T22:12:17.051-07:00
water_draw_3,2026-08-03T22:12:17.681-07:00,106.367,drawing,,open,9.0,3.761454,2.073229166666667,48.229166666666686,118.81250000000003,31.875000000000014,89.37500000000003,23.5,74.30000000000001,1423,1266,847,235,WH-station1,2026-08-03T22:12:17.557-07:00
water_draw_3,2026-08-03T22:12:18.186-07:00,106.872,drawing,,open,9.0,3.778864,2.068125,48.125,118.625,31.979166666666686,89.56250000000006,23.6,74.48,1422,1267,846,236,WH-station1,2026-08-03T22:12:18.062-07:00
water_draw_3,2026-08-03T22:12:18.690-07:00,107.377,drawing,,open,9.0,3.796603,2.1089583333333333,48.125,118.625,31.66666666666667,89.0,23.6,74.48,1422,1264,854,236,WH-station1,2026-08-03T22:12:18.567-07:00
water_draw_3,2026-08-03T22:12:19.195-07:00,107.882,drawing,,open,9.0,3.814302,2.1038541666666664,48.229166666666686,118.81250000000003,31.66666666666667,89.0,23.5,74.30000000000001,1423,1264,853,235,WH-station1,2026-08-03T22:12:19.072-07:00
water_draw_3,2026-08-03T22:12:19.700-07:00,108.386,drawing,,open,9.0,3.832083,2.1140625,48.125,118.625,32.29166666666667,90.125,23.5,74.30000000000001,1422,1270,855,235,WH-station1,2026-08-03T22:12:19.578-07:00
water_draw_3,2026-08-03T22:12:20.205-07:00,108.891,drawing,,open,9.0,3.849867,2.1140625,48.02083333333333,118.4375,31.770833333333343,89.18750000000003,23.6,74.48,1421,1265,855,236,WH-station1,2026-08-03T22:12:20.083-07:00
water_draw_3,2026-08-03T22:12:20.709-07:00,109.396,drawing,,open,9.0,3.867695,2.119166666666667,48.333333333333314,118.99999999999997,31.979166666666686,89.56250000000006,23.400000000000002,74.12,1424,1267,856,234,WH-station1,2026-08-03T22:12:20.588-07:00
water_draw_3,2026-08-03T22:12:21.214-07:00,109.901,drawing,,open,9.0,3.885524,2.119166666666667,48.02083333333333,118.4375,31.25,88.25,23.5,74.30000000000001,1421,1260,856,235,WH-station1,2026-08-03T22:12:21.093-07:00
water_draw_3,2026-08-03T22:12:21.719-07:00,110.405,drawing,,open,9.0,3.903476,2.134479166666667,48.333333333333314,118.99999999999997,31.979166666666686,89.56250000000006,23.400000000000002,74.12,1424,1267,859,234,WH-station1,2026-08-03T22:12:21.598-07:00
water_draw_3,2026-08-03T22:12:22.223-07:00,110.910,drawing,,open,9.0,3.921173,2.1038541666666664,48.229166666666686,118.81250000000003,31.458333333333343,88.62500000000003,23.6,74.48,1423,1262,853,236,WH-station1,2026-08-03T22:12:22.103-07:00
water_draw_3,2026-08-03T22:12:22.728-07:00,111.415,drawing,,open,9.0,3.938740,2.0885416666666665,48.333333333333314,118.99999999999997,31.770833333333343,89.18750000000003,23.5,74.30000000000001,1424,1265,850,235,WH-station1,2026-08-03T22:12:22.607-07:00
water_draw_3,2026-08-03T22:12:23.233-07:00,111.920,drawing,,open,9.0,3.956786,2.1446875000000003,48.229166666666686,118.81250000000003,31.66666666666667,89.0,23.5,74.30000000000001,1423,1264,861,235,WH-station1,2026-08-03T22:12:23.112-07:00
water_draw_3,2026-08-03T22:12:23.738-07:00,112.424,drawing,,open,9.0,3.974484,2.1038541666666664,48.125,118.625,31.770833333333343,89.18750000000003,23.5,74.30000000000001,1422,1265,853,235,WH-station1,2026-08-03T22:12:23.617-07:00
water_draw_3,2026-08-03T22:12:24.242-07:00,112.929,drawing,,open,9.0,3.992096,2.093645833333333,48.229166666666686,118.81250000000003,31.56250000000003,88.81250000000006,23.6,74.48,1423,1263,851,236,WH-station1,2026-08-03T22:12:24.122-07:00
water_draw_3,2026-08-03T22:12:24.747-07:00,113.434,drawing,,open,9.0,4.009404,2.057916666666667,48.229166666666686,118.81250000000003,31.66666666666667,89.0,23.400000000000002,74.12,1423,1264,844,234,WH-station1,2026-08-03T22:12:24.627-07:00
water_draw_3,2026-08-03T22:12:25.252-07:00,113.938,drawing,,open,9.0,4.027104,2.1038541666666664,48.229166666666686,118.81250000000003,32.187500000000014,89.93750000000003,23.5,74.30000000000001,1423,1269,853,235,WH-station1,2026-08-03T22:12:25.132-07:00
water_draw_3,2026-08-03T22:12:25.757-07:00,114.443,drawing,,open,9.0,4.044972,2.1242708333333336,48.125,118.625,31.354166666666686,88.43750000000003,23.5,74.30000000000001,1422,1261,857,235,WH-station1,2026-08-03T22:12:25.637-07:00
water_draw_3,2026-08-03T22:12:26.261-07:00,114.948,drawing,,open,9.0,4.062844,2.1242708333333336,48.333333333333314,118.99999999999997,31.875000000000014,89.37500000000003,23.5,74.30000000000001,1424,1266,857,235,WH-station1,2026-08-03T22:12:26.141-07:00
water_draw_3,2026-08-03T22:12:26.766-07:00,115.453,drawing,,open,9.0,4.080845,2.139583333333334,48.333333333333314,118.99999999999997,31.25,88.25,23.400000000000002,74.12,1424,1260,860,234,WH-station1,2026-08-03T22:12:26.646-07:00
water_draw_3,2026-08-03T22:12:27.271-07:00,115.957,drawing,,open,9.0,4.098715,2.1242708333333336,48.4375,119.1875,31.875000000000014,89.37500000000003,23.6,74.48,1425,1266,857,236,WH-station1,2026-08-03T22:12:27.151-07:00
water_draw_3,2026-08-03T22:12:27.776-07:00,116.462,drawing,,open,9.0,4.116584,2.1242708333333336,48.4375,119.1875,31.56250000000003,88.81250000000006,23.5,74.30000000000001,1425,1263,857,235,WH-station1,2026-08-03T22:12:27.656-07:00
water_draw_3,2026-08-03T22:12:28.280-07:00,116.967,drawing,,open,9.0,4.134154,2.0885416666666665,48.54166666666666,119.375,31.875000000000014,89.37500000000003,23.6,74.48,1426,1266,850,236,WH-station1,2026-08-03T22:12:28.161-07:00
water_draw_3,2026-08-03T22:12:28.785-07:00,117.472,drawing,,open,9.0,4.151937,2.1140625,48.229166666666686,118.81250000000003,31.56250000000003,88.81250000000006,23.5,74.30000000000001,1423,1263,855,235,WH-station1,2026-08-03T22:12:28.666-07:00
water_draw_3,2026-08-03T22:12:29.290-07:00,117.976,drawing,,open,9.0,4.169766,2.119166666666667,48.4375,119.1875,31.66666666666667,89.0,23.6,74.48,1425,1264,856,236,WH-station1,2026-08-03T22:12:29.171-07:00
water_draw_3,2026-08-03T22:12:29.795-07:00,118.481,drawing,,open,9.0,4.187511,2.1089583333333333,48.4375,119.1875,31.770833333333343,89.18750000000003,23.5,74.30000000000001,1425,1265,854,235,WH-station1,2026-08-03T22:12:29.675-07:00
water_draw_3,2026-08-03T22:12:30.299-07:00,118.986,drawing,,open,9.0,4.205252,2.1089583333333333,48.333333333333314,118.99999999999997,31.875000000000014,89.37500000000003,23.5,74.30000000000001,1424,1266,854,235,WH-station1,2026-08-03T22:12:30.180-07:00
water_draw_3,2026-08-03T22:12:30.804-07:00,119.491,drawing,,open,9.0,4.222990,2.1089583333333333,48.54166666666666,119.375,31.770833333333343,89.18750000000003,23.400000000000002,74.12,1426,1265,854,234,WH-station1,2026-08-03T22:12:30.685-07:00
water_draw_3,2026-08-03T22:12:31.309-07:00,119.995,drawing,,open,9.0,4.240777,2.1140625,48.54166666666666,119.375,31.875000000000014,89.37500000000003,23.6,74.48,1426,1266,855,236,WH-station1,2026-08-03T22:12:31.190-07:00
water_draw_3,2026-08-03T22:12:31.814-07:00,120.500,drawing,,open,9.0,4.258392,2.093645833333333,48.4375,119.1875,31.875000000000014,89.37500000000003,23.5,74.30000000000001,1425,1266,851,235,WH-station1,2026-08-03T22:12:31.695-07:00
water_draw_3,2026-08-03T22:12:32.318-07:00,121.005,drawing,,open,9.0,4.276176,2.1140625,48.4375,119.1875,31.770833333333343,89.18750000000003,23.5,74.30000000000001,1425,1265,855,235,WH-station1,2026-08-03T22:12:32.200-07:00
water_draw_3,2026-08-03T22:12:32.823-07:00,121.510,drawing,,open,9.0,4.293786,2.093645833333333,48.54166666666666,119.375,31.875000000000014,89.37500000000003,23.6,74.48,1426,1266,851,236,WH-station1,2026-08-03T22:12:32.705-07:00
water_draw_3,2026-08-03T22:12:33.328-07:00,122.014,drawing,,open,9.0,4.311613,2.119166666666667,48.4375,119.1875,31.56250000000003,88.81250000000006,23.6,74.48,1425,1263,856,236,WH-station1,2026-08-03T22:12:33.210-07:00
water_draw_3,2026-08-03T22:12:33.833-07:00,122.519,drawing,,open,9.0,4.329181,2.0885416666666665,48.4375,119.1875,31.66666666666667,89.0,23.400000000000002,74.12,1425,1264,850,234,WH-station1,2026-08-03T22:12:33.715-07:00
water_draw_3,2026-08-03T22:12:34.337-07:00,123.024,drawing,,open,9.0,4.346754,2.0885416666666665,48.4375,119.1875,31.770833333333343,89.18750000000003,23.6,74.48,1425,1265,850,236,WH-station1,2026-08-03T22:12:34.219-07:00
water_draw_3,2026-08-03T22:12:34.842-07:00,123.529,drawing,,open,9.0,4.364279,2.0834374999999996,48.64583333333334,119.56250000000003,31.875000000000014,89.37500000000003,23.400000000000002,74.12,1427,1266,849,234,WH-station1,2026-08-03T22:12:34.724-07:00
water_draw_3,2026-08-03T22:12:35.347-07:00,124.033,drawing,,open,9.0,4.382235,2.134479166666667,48.4375,119.1875,31.56250000000003,88.81250000000006,23.6,74.48,1425,1263,859,236,WH-station1,2026-08-03T22:12:35.229-07:00
water_draw_3,2026-08-03T22:12:35.851-07:00,124.538,drawing,,open,9.0,4.399930,2.1038541666666664,48.333333333333314,118.99999999999997,31.875000000000014,89.37500000000003,23.6,74.48,1424,1266,853,236,WH-station1,2026-08-03T22:12:35.734-07:00
water_draw_3,2026-08-03T22:12:36.356-07:00,125.043,drawing,,open,9.0,4.417756,2.119166666666667,48.54166666666666,119.375,31.354166666666686,88.43750000000003,23.6,74.48,1426,1261,856,236,WH-station1,2026-08-03T22:12:36.239-07:00
water_draw_3,2026-08-03T22:12:36.861-07:00,125.548,drawing,,open,9.0,4.435028,2.0528125000000004,48.54166666666666,119.375,31.875000000000014,89.37500000000003,23.5,74.30000000000001,1426,1266,843,235,WH-station1,2026-08-03T22:12:36.745-07:00
water_draw_3,2026-08-03T22:12:37.366-07:00,126.052,drawing,,open,9.0,4.452772,2.1089583333333333,48.54166666666666,119.375,31.979166666666686,89.56250000000006,23.5,74.30000000000001,1426,1267,854,235,WH-station1,2026-08-03T22:12:37.247-07:00
water_draw_3,2026-08-03T22:12:37.871-07:00,126.557,drawing,,open,9.0,4.470556,2.1140625,48.64583333333334,119.56250000000003,31.56250000000003,88.81250000000006,23.400000000000002,74.12,1427,1263,855,234,WH-station1,2026-08-03T22:12:37.749-07:00
water_draw_3,2026-08-03T22:12:38.375-07:00,127.062,drawing,,open,9.0,4.488297,2.1089583333333333,48.64583333333334,119.56250000000003,31.458333333333343,88.62500000000003,23.5,74.30000000000001,1427,1262,854,235,WH-station1,2026-08-03T22:12:38.251-07:00
water_draw_3,2026-08-03T22:12:38.880-07:00,127.566,drawing,,open,9.0,4.506164,2.1242708333333336,48.64583333333334,119.56250000000003,31.354166666666686,88.43750000000003,23.400000000000002,74.12,1427,1261,857,234,WH-station1,2026-08-03T22:12:38.754-07:00
water_draw_3,2026-08-03T22:12:39.385-07:00,128.071,drawing,,open,9.0,4.523818,2.09875,48.54166666666666,119.375,31.770833333333343,89.18750000000003,23.6,74.48,1426,1265,852,236,WH-station1,2026-08-03T22:12:39.256-07:00
water_draw_3,2026-08-03T22:12:39.889-07:00,128.576,drawing,,open,9.0,4.541517,2.1038541666666664,48.4375,119.1875,31.145833333333357,88.06250000000006,23.5,74.30000000000001,1425,1259,853,235,WH-station1,2026-08-03T22:12:39.758-07:00
water_draw_3,2026-08-03T22:12:40.394-07:00,129.081,drawing,,open,9.0,4.559000,2.0783333333333336,48.54166666666666,119.375,31.458333333333343,88.62500000000003,23.5,74.30000000000001,1426,1262,848,235,WH-station1,2026-08-03T22:12:40.260-07:00
water_draw_3,2026-08-03T22:12:40.899-07:00,129.585,drawing,,open,9.0,4.576827,2.119166666666667,48.54166666666666,119.375,31.354166666666686,88.43750000000003,23.5,74.30000000000001,1426,1261,856,235,WH-station1,2026-08-03T22:12:40.763-07:00
water_draw_3,2026-08-03T22:12:41.404-07:00,130.090,drawing,,open,9.0,4.593537,1.9864583333333337,48.54166666666666,119.375,31.66666666666667,89.0,23.5,74.30000000000001,1426,1264,830,235,WH-station1,2026-08-03T22:12:41.265-07:00
water_draw_3,2026-08-03T22:12:41.908-07:00,130.595,drawing,,open,9.0,4.611191,2.09875,48.85416666666667,119.9375,32.08333333333333,89.75,23.400000000000002,74.12,1429,1268,852,234,WH-station1,2026-08-03T22:12:41.767-07:00
water_draw_3,2026-08-03T22:12:42.413-07:00,131.100,drawing,,open,9.0,4.628807,2.093645833333333,48.64583333333334,119.56250000000003,31.979166666666686,89.56250000000006,23.5,74.30000000000001,1427,1267,851,235,WH-station1,2026-08-03T22:12:42.271-07:00
water_draw_3,2026-08-03T22:12:42.918-07:00,131.605,drawing,,open,9.0,4.646728,2.1293750000000005,48.749999999999986,119.74999999999997,31.875000000000014,89.37500000000003,23.5,74.30000000000001,1428,1266,858,235,WH-station1,2026-08-03T22:12:42.777-07:00
water_draw_3,2026-08-03T22:12:43.423-07:00,132.109,drawing,,open,9.0,4.664511,2.1140625,48.54166666666666,119.375,31.56250000000003,88.81250000000006,23.6,74.48,1426,1263,855,236,WH-station1,2026-08-03T22:12:43.282-07:00
water_draw_3,2026-08-03T22:12:43.927-07:00,132.614,drawing,,open,9.0,4.682421,2.1293750000000005,48.64583333333334,119.56250000000003,31.56250000000003,88.81250000000006,23.400000000000002,74.12,1427,1263,858,234,WH-station1,2026-08-03T22:12:43.787-07:00
water_draw_3,2026-08-03T22:12:44.432-07:00,133.119,drawing,,open,9.0,4.700075,2.09875,48.749999999999986,119.74999999999997,31.56250000000003,88.81250000000006,23.5,74.30000000000001,1428,1263,852,235,WH-station1,2026-08-03T22:12:44.292-07:00
water_draw_3,2026-08-03T22:12:44.937-07:00,133.623,drawing,,open,9.0,4.717819,2.1089583333333333,48.749999999999986,119.74999999999997,31.354166666666686,88.43750000000003,23.5,74.30000000000001,1428,1261,854,235,WH-station1,2026-08-03T22:12:44.797-07:00
water_draw_3,2026-08-03T22:12:45.442-07:00,134.128,drawing,,open,9.0,4.735391,2.0885416666666665,48.54166666666666,119.375,31.354166666666686,88.43750000000003,23.400000000000002,74.12,1426,1261,850,234,WH-station1,2026-08-03T22:12:45.303-07:00
water_draw_3,2026-08-03T22:12:45.946-07:00,134.633,drawing,,open,9.0,4.753130,2.1089583333333333,48.54166666666666,119.375,31.875000000000014,89.37500000000003,23.5,74.30000000000001,1426,1266,854,235,WH-station1,2026-08-03T22:12:45.808-07:00
water_draw_3,2026-08-03T22:12:46.451-07:00,135.138,drawing,,open,9.0,4.770741,2.093645833333333,48.64583333333334,119.56250000000003,31.458333333333343,88.62500000000003,23.400000000000002,74.12,1427,1262,851,234,WH-station1,2026-08-03T22:12:46.313-07:00
water_draw_3,2026-08-03T22:12:46.956-07:00,135.642,drawing,,open,9.0,4.788522,2.1140625,48.54166666666666,119.375,31.770833333333343,89.18750000000003,23.400000000000002,74.12,1426,1265,855,234,WH-station1,2026-08-03T22:12:46.819-07:00
water_draw_3,2026-08-03T22:12:47.461-07:00,136.147,drawing,,open,9.0,4.806433,2.1293750000000005,48.64583333333334,119.56250000000003,31.25,88.25,23.5,74.30000000000001,1427,1260,858,235,WH-station1,2026-08-03T22:12:47.324-07:00
water_draw_3,2026-08-03T22:12:47.965-07:00,136.652,drawing,,open,9.0,4.824052,2.093645833333333,48.749999999999986,119.74999999999997,31.56250000000003,88.81250000000006,23.400000000000002,74.12,1428,1263,851,234,WH-station1,2026-08-03T22:12:47.829-07:00
water_draw_3,2026-08-03T22:12:48.470-07:00,137.157,drawing,,open,9.0,4.841622,2.0885416666666665,48.54166666666666,119.375,31.25,88.25,23.6,74.48,1426,1260,850,236,WH-station1,2026-08-03T22:12:48.334-07:00
water_draw_3,2026-08-03T22:12:48.975-07:00,137.661,drawing,,open,9.0,4.859447,2.119166666666667,48.85416666666667,119.9375,31.56250000000003,88.81250000000006,23.5,74.30000000000001,1429,1263,856,235,WH-station1,2026-08-03T22:12:48.840-07:00
water_draw_3,2026-08-03T22:12:49.479-07:00,138.166,drawing,,open,9.0,4.877015,2.0885416666666665,48.749999999999986,119.74999999999997,31.66666666666667,89.0,23.6,74.48,1428,1264,850,236,WH-station1,2026-08-03T22:12:49.345-07:00
water_draw_3,2026-08-03T22:12:49.984-07:00,138.671,drawing,,open,9.0,4.894667,2.09875,48.749999999999986,119.74999999999997,31.458333333333343,88.62500000000003,23.6,74.48,1428,1262,852,236,WH-station1,2026-08-03T22:12:49.850-07:00
water_draw_3,2026-08-03T22:12:50.489-07:00,139.175,drawing,,open,9.0,4.912238,2.0885416666666665,48.95833333333333,120.125,31.354166666666686,88.43750000000003,23.6,74.48,1430,1261,850,236,WH-station1,2026-08-03T22:12:50.355-07:00
water_draw_3,2026-08-03T22:12:50.994-07:00,139.680,drawing,,open,9.0,4.929122,2.006875,48.85416666666667,119.9375,31.25,88.25,23.5,74.30000000000001,1429,1260,834,235,WH-station1,2026-08-03T22:12:50.860-07:00
water_draw_3,2026-08-03T22:12:51.499-07:00,140.185,drawing,,open,9.0,4.946865,2.1089583333333333,48.64583333333334,119.56250000000003,31.56250000000003,88.81250000000006,23.6,74.48,1427,1263,854,236,WH-station1,2026-08-03T22:12:51.365-07:00
water_draw_3,2026-08-03T22:12:52.003-07:00,140.690,drawing,,open,9.0,4.964519,2.09875,48.749999999999986,119.74999999999997,31.458333333333343,88.62500000000003,23.5,74.30000000000001,1428,1262,852,235,WH-station1,2026-08-03T22:12:51.869-07:00
water_draw_3,2026-08-03T22:12:52.508-07:00,141.194,drawing,,open,9.0,4.982344,2.119166666666667,48.64583333333334,119.56250000000003,31.56250000000003,88.81250000000006,23.5,74.30000000000001,1427,1263,856,235,WH-station1,2026-08-03T22:12:52.374-07:00
water_draw_3,2026-08-03T22:12:53.013-07:00,141.699,drawing,,open,9.0,5.000040,2.1038541666666664,48.749999999999986,119.74999999999997,31.25,88.25,23.5,74.30000000000001,1428,1260,853,235,WH-station1,2026-08-03T22:12:52.879-07:00
water_draw_3,2026-08-03T22:12:53.517-07:00,142.204,drawing,,open,9.0,5.017783,2.1089583333333333,48.85416666666667,119.9375,31.25,88.25,23.5,74.30000000000001,1429,1260,854,235,WH-station1,2026-08-03T22:12:53.384-07:00
water_draw_3,2026-08-03T22:12:54.022-07:00,142.709,drawing,,open,9.0,5.035310,2.0834374999999996,48.749999999999986,119.74999999999997,31.458333333333343,88.62500000000003,23.6,74.48,1428,1262,849,236,WH-station1,2026-08-03T22:12:53.889-07:00
water_draw_3,2026-08-03T22:12:54.527-07:00,143.213,drawing,,open,9.0,5.052921,2.093645833333333,48.85416666666667,119.9375,31.458333333333343,88.62500000000003,23.5,74.30000000000001,1429,1262,851,235,WH-station1,2026-08-03T22:12:54.394-07:00
water_draw_3,2026-08-03T22:12:55.032-07:00,143.718,drawing,,open,9.0,5.070576,2.09875,49.062500000000014,120.31250000000003,31.458333333333343,88.62500000000003,23.5,74.30000000000001,1431,1262,852,235,WH-station1,2026-08-03T22:12:54.898-07:00
water_draw_3,2026-08-03T22:12:55.536-07:00,144.223,drawing,,open,9.0,5.087930,2.0630208333333337,48.85416666666667,119.9375,31.56250000000003,88.81250000000006,23.6,74.48,1429,1263,845,236,WH-station1,2026-08-03T22:12:55.403-07:00
water_draw_3,2026-08-03T22:12:56.041-07:00,144.728,drawing,,open,9.0,5.105413,2.0783333333333336,48.85416666666667,119.9375,31.145833333333357,88.06250000000006,23.400000000000002,74.12,1429,1259,848,234,WH-station1,2026-08-03T22:12:55.908-07:00
water_draw_3,2026-08-03T22:12:56.546-07:00,145.232,drawing,,open,9.0,5.122898,2.0783333333333336,48.54166666666666,119.375,31.458333333333343,88.62500000000003,23.5,74.30000000000001,1426,1262,848,235,WH-station1,2026-08-03T22:12:56.413-07:00
water_draw_3,2026-08-03T22:12:57.050-07:00,145.737,drawing,,open,9.0,5.140636,2.1089583333333333,49.062500000000014,120.31250000000003,31.458333333333343,88.62500000000003,23.6,74.48,1431,1262,854,236,WH-station1,2026-08-03T22:12:56.918-07:00
water_draw_3,2026-08-03T22:12:57.555-07:00,146.242,drawing,,open,9.0,5.156918,1.935416666666667,48.749999999999986,119.74999999999997,31.25,88.25,23.5,74.30000000000001,1428,1260,820,235,WH-station1,2026-08-03T22:12:57.423-07:00
water_draw_3,2026-08-03T22:12:58.060-07:00,146.746,drawing,,open,9.0,5.174359,2.073229166666667,48.95833333333333,120.125,31.25,88.25,23.6,74.48,1430,1260,847,236,WH-station1,2026-08-03T22:12:57.928-07:00
water_draw_3,2026-08-03T22:12:58.565-07:00,147.251,drawing,,open,9.0,5.191841,2.0783333333333336,48.749999999999986,119.74999999999997,31.25,88.25,23.3,73.94,1428,1260,848,233,WH-station1,2026-08-03T22:12:58.433-07:00
water_draw_3,2026-08-03T22:12:59.069-07:00,147.756,drawing,,open,9.0,5.209414,2.0885416666666665,48.85416666666667,119.9375,31.041666666666686,87.87500000000003,23.400000000000002,74.12,1429,1258,850,234,WH-station1,2026-08-03T22:12:58.938-07:00
water_draw_3,2026-08-03T22:12:59.574-07:00,148.261,drawing,,open,9.0,5.226939,2.0834374999999996,48.85416666666667,119.9375,31.041666666666686,87.87500000000003,23.6,74.48,1429,1258,849,236,WH-station1,2026-08-03T22:12:59.443-07:00
water_draw_3,2026-08-03T22:13:00.079-07:00,148.765,drawing,,open,9.0,5.244723,2.1140625,49.062500000000014,120.31250000000003,30.937500000000014,87.68750000000003,23.5,74.30000000000001,1431,1257,855,235,WH-station1,2026-08-03T22:12:59.947-07:00
water_draw_3,2026-08-03T22:13:00.584-07:00,149.270,drawing,,open,9.0,5.262205,2.0783333333333336,48.85416666666667,119.9375,31.041666666666686,87.87500000000003,23.6,74.48,1429,1258,848,236,WH-station1,2026-08-03T22:13:00.452-07:00
water_draw_3,2026-08-03T22:13:01.087-07:00,149.775,drawing,,open,9.0,5.279858,2.09875,48.64583333333334,119.56250000000003,30.83333333333333,87.5,23.5,74.30000000000001,1427,1256,852,235,WH-station1,2026-08-03T22:13:00.957-07:00
water_draw_3,2026-08-03T22:13:01.592-07:00,150.279,drawing,,open,9.0,5.297527,2.1038541666666664,48.95833333333333,120.125,31.145833333333357,88.06250000000006,23.6,74.48,1430,1259,853,236,WH-station1,2026-08-03T22:13:01.462-07:00
water_draw_3,2026-08-03T22:13:02.097-07:00,150.784,drawing,,open,9.0,5.315057,2.0834374999999996,48.85416666666667,119.9375,31.041666666666686,87.87500000000003,23.6,74.48,1429,1258,849,236,WH-station1,2026-08-03T22:13:01.967-07:00
water_draw_3,2026-08-03T22:13:02.602-07:00,151.288,drawing,,open,9.0,5.332933,2.1242708333333336,48.64583333333334,119.56250000000003,31.354166666666686,88.43750000000003,23.6,74.48,1427,1261,857,236,WH-station1,2026-08-03T22:13:02.472-07:00
water_draw_3,2026-08-03T22:13:03.107-07:00,151.793,drawing,,open,9.0,5.350544,2.093645833333333,48.85416666666667,119.9375,30.83333333333333,87.5,23.5,74.30000000000001,1429,1256,851,235,WH-station1,2026-08-03T22:13:02.977-07:00
water_draw_3,2026-08-03T22:13:03.611-07:00,152.298,drawing,,open,9.0,5.368155,2.093645833333333,48.95833333333333,120.125,31.354166666666686,88.43750000000003,23.6,74.48,1430,1261,851,236,WH-station1,2026-08-03T22:13:03.481-07:00
water_draw_3,2026-08-03T22:13:04.116-07:00,152.802,drawing,,open,9.0,5.385764,2.093645833333333,49.062500000000014,120.31250000000003,31.041666666666686,87.87500000000003,23.5,74.30000000000001,1431,1258,851,235,WH-station1,2026-08-03T22:13:03.986-07:00
water_draw_3,2026-08-03T22:13:04.621-07:00,153.307,drawing,,open,9.0,5.403590,2.119166666666667,48.85416666666667,119.9375,31.25,88.25,23.6,74.48,1429,1260,856,236,WH-station1,2026-08-03T22:13:04.491-07:00
water_draw_3,2026-08-03T22:13:05.126-07:00,153.812,drawing,,open,9.0,5.420862,2.0528125000000004,48.749999999999986,119.74999999999997,31.354166666666686,88.43750000000003,23.5,74.30000000000001,1428,1261,843,235,WH-station1,2026-08-03T22:13:04.996-07:00
water_draw_3,2026-08-03T22:13:05.631-07:00,154.317,drawing,,open,9.0,5.438366,2.0783333333333336,48.95833333333333,120.125,31.041666666666686,87.87500000000003,23.400000000000002,74.12,1430,1258,848,234,WH-station1,2026-08-03T22:13:05.501-07:00
water_draw_3,2026-08-03T22:13:06.135-07:00,154.822,drawing,,open,9.0,5.455762,2.068125,48.85416666666667,119.9375,31.041666666666686,87.87500000000003,23.5,74.30000000000001,1429,1258,846,235,WH-station1,2026-08-03T22:13:06.006-07:00
water_draw_3,2026-08-03T22:13:06.640-07:00,155.327,drawing,,open,9.0,5.472944,2.042604166666667,48.749999999999986,119.74999999999997,30.83333333333333,87.5,23.400000000000002,74.12,1428,1256,841,234,WH-station1,2026-08-03T22:13:06.511-07:00
water_draw_3,2026-08-03T22:13:07.145-07:00,155.832,drawing,,open,9.0,5.489873,2.011979166666667,48.95833333333333,120.125,31.354166666666686,88.43750000000003,23.5,74.30000000000001,1430,1261,835,235,WH-station1,2026-08-03T22:13:07.016-07:00
water_draw_3,2026-08-03T22:13:07.650-07:00,156.336,drawing,,open,9.0,5.507273,2.068125,48.749999999999986,119.74999999999997,30.624999999999986,87.12499999999997,23.5,74.30000000000001,1428,1254,846,235,WH-station1,2026-08-03T22:13:07.520-07:00
water_draw_3,2026-08-03T22:13:08.155-07:00,156.841,drawing,,open,9.0,5.525014,2.1089583333333333,48.85416666666667,119.9375,31.25,88.25,23.5,74.30000000000001,1429,1260,854,235,WH-station1,2026-08-03T22:13:08.025-07:00
water_draw_3,2026-08-03T22:13:08.659-07:00,157.346,drawing,,open,9.0,5.542671,2.09875,48.95833333333333,120.125,30.624999999999986,87.12499999999997,23.6,74.48,1430,1254,852,236,WH-station1,2026-08-03T22:13:08.530-07:00
water_draw_3,2026-08-03T22:13:09.164-07:00,157.851,drawing,,open,9.0,5.560110,2.073229166666667,48.85416666666667,119.9375,31.25,88.25,23.5,74.30000000000001,1429,1260,847,235,WH-station1,2026-08-03T22:13:09.035-07:00
water_draw_3,2026-08-03T22:13:09.669-07:00,158.355,drawing,,open,9.0,5.577463,2.0630208333333337,48.749999999999986,119.74999999999997,30.7291666666667,87.31250000000006,23.6,74.48,1428,1255,845,236,WH-station1,2026-08-03T22:13:09.540-07:00
water_draw_3,2026-08-03T22:13:10.173-07:00,158.860,drawing,,open,9.0,5.595247,2.1140625,48.95833333333333,120.125,31.458333333333343,88.62500000000003,23.5,74.30000000000001,1430,1262,855,235,WH-station1,2026-08-03T22:13:10.045-07:00
water_draw_3,2026-08-03T22:13:10.678-07:00,159.365,drawing,,open,9.0,5.612988,2.1089583333333333,48.95833333333333,120.125,30.937500000000014,87.68750000000003,23.5,74.30000000000001,1430,1257,854,235,WH-station1,2026-08-03T22:13:10.550-07:00
water_draw_3,2026-08-03T22:13:11.183-07:00,159.869,drawing,,open,9.0,5.630170,2.042604166666667,49.062500000000014,120.31250000000003,31.145833333333357,88.06250000000006,23.5,74.30000000000001,1431,1259,841,235,WH-station1,2026-08-03T22:13:11.055-07:00
water_draw_3,2026-08-03T22:13:11.688-07:00,160.374,drawing,,open,9.0,5.647180,2.0221875,49.16666666666664,120.49999999999997,30.937500000000014,87.68750000000003,23.5,74.30000000000001,1432,1257,837,235,WH-station1,2026-08-03T22:13:11.559-07:00
water_draw_3,2026-08-03T22:13:12.192-07:00,160.879,drawing,,open,9.0,5.664835,2.09875,48.95833333333333,120.125,31.041666666666686,87.87500000000003,23.6,74.48,1430,1258,852,236,WH-station1,2026-08-03T22:13:12.064-07:00
water_draw_3,2026-08-03T22:13:12.697-07:00,161.384,drawing,,open,9.0,5.682580,2.1089583333333333,48.95833333333333,120.125,31.041666666666686,87.87500000000003,23.6,74.48,1430,1258,854,236,WH-station1,2026-08-03T22:13:12.569-07:00
water_draw_3,2026-08-03T22:13:13.202-07:00,161.889,drawing,,open,9.0,5.700280,2.1038541666666664,48.95833333333333,120.125,31.041666666666686,87.87500000000003,23.5,74.30000000000001,1430,1258,853,235,WH-station1,2026-08-03T22:13:13.074-07:00
water_draw_3,2026-08-03T22:13:13.708-07:00,162.393,drawing,,open,9.0,5.717806,2.0834374999999996,48.85416666666667,119.9375,30.83333333333333,87.5,23.5,74.30000000000001,1429,1256,849,235,WH-station1,2026-08-03T22:13:13.579-07:00
water_draw_3,2026-08-03T22:13:14.213-07:00,162.899,drawing,,open,9.0,5.735587,2.1089583333333333,48.85416666666667,119.9375,30.937500000000014,87.68750000000003,23.6,74.48,1429,1257,854,236,WH-station1,2026-08-03T22:13:14.084-07:00
water_draw_3,2026-08-03T22:13:14.717-07:00,163.404,drawing,,open,9.0,5.753204,2.093645833333333,48.85416666666667,119.9375,31.145833333333357,88.06250000000006,23.5,74.30000000000001,1429,1259,851,235,WH-station1,2026-08-03T22:13:14.589-07:00
water_draw_3,2026-08-03T22:13:15.222-07:00,163.909,drawing,,open,9.0,5.770173,2.017083333333333,48.95833333333333,120.125,30.7291666666667,87.31250000000006,23.5,74.30000000000001,1430,1255,836,235,WH-station1,2026-08-03T22:13:15.093-07:00
water_draw_3,2026-08-03T22:13:15.727-07:00,164.413,drawing,,open,9.0,5.787741,2.0885416666666665,48.85416666666667,119.9375,31.041666666666686,87.87500000000003,23.5,74.30000000000001,1429,1258,850,235,WH-station1,2026-08-03T22:13:15.598-07:00
water_draw_3,2026-08-03T22:13:16.232-07:00,164.918,drawing,,open,9.0,5.805098,2.0630208333333337,48.749999999999986,119.74999999999997,30.52083333333333,86.9375,23.6,74.48,1428,1253,845,236,WH-station1,2026-08-03T22:13:16.103-07:00
water_draw_3,2026-08-03T22:13:16.737-07:00,165.423,drawing,,open,9.0,5.822710,2.093645833333333,48.749999999999986,119.74999999999997,30.7291666666667,87.31250000000006,23.400000000000002,74.12,1428,1255,851,234,WH-station1,2026-08-03T22:13:16.608-07:00
water_draw_3,2026-08-03T22:13:17.241-07:00,165.928,drawing,,open,9.0,5.840373,2.09875,48.85416666666667,119.9375,30.7291666666667,87.31250000000006,23.400000000000002,74.12,1429,1255,852,234,WH-station1,2026-08-03T22:13:17.113-07:00
water_draw_3,2026-08-03T22:13:17.746-07:00,166.433,drawing,,open,9.0,5.858164,2.1140625,49.16666666666664,120.49999999999997,30.624999999999986,87.12499999999997,23.6,74.48,1432,1254,855,236,WH-station1,2026-08-03T22:13:17.618-07:00
water_draw_3,2026-08-03T22:13:18.251-07:00,166.938,drawing,,open,9.0,5.875863,2.1038541666666664,48.85416666666667,119.9375,30.312500000000014,86.56250000000003,23.5,74.30000000000001,1429,1251,853,235,WH-station1,2026-08-03T22:13:18.123-07:00
water_draw_3,2026-08-03T22:13:18.756-07:00,167.442,drawing,,open,9.0,5.893433,2.0885416666666665,48.85416666666667,119.9375,30.7291666666667,87.31250000000006,23.6,74.48,1429,1255,850,236,WH-station1,2026-08-03T22:13:18.628-07:00
water_draw_3,2026-08-03T22:13:19.261-07:00,167.947,drawing,,open,9.0,5.910917,2.0783333333333336,48.95833333333333,120.125,30.416666666666643,86.74999999999997,23.400000000000002,74.12,1430,1252,848,234,WH-station1,2026-08-03T22:13:19.132-07:00
water_draw_3,2026-08-03T22:13:19.766-07:00,168.452,drawing,,open,9.0,5.928580,2.09875,48.85416666666667,119.9375,30.83333333333333,87.5,23.5,74.30000000000001,1429,1256,852,235,WH-station1,2026-08-03T22:13:19.637-07:00
water_draw_3,2026-08-03T22:13:20.270-07:00,168.957,drawing,,open,9.0,5.945207,1.9762500000000003,48.95833333333333,120.125,30.312500000000014,86.56250000000003,23.5,74.30000000000001,1430,1251,828,235,WH-station1,2026-08-03T22:13:20.142-07:00
water_draw_3,2026-08-03T22:13:20.775-07:00,169.462,drawing,,open,9.0,5.962820,2.093645833333333,48.85416666666667,119.9375,30.312500000000014,86.56250000000003,23.6,74.48,1429,1251,851,236,WH-station1,2026-08-03T22:13:20.647-07:00
water_draw_3,2026-08-03T22:13:21.280-07:00,169.966,drawing,,open,9.0,5.979449,1.9762500000000003,48.95833333333333,120.125,30.624999999999986,87.12499999999997,23.5,74.30000000000001,1430,1254,828,235,WH-station1,2026-08-03T22:13:21.152-07:00
water_draw_3,2026-08-03T22:13:21.785-07:00,170.471,drawing,,open,9.0,5.997149,2.1038541666666664,48.95833333333333,120.125,30.7291666666667,87.31250000000006,23.400000000000002,74.12,1430,1255,853,234,WH-station1,2026-08-03T22:13:21.657-07:00
water_draw_3,2026-08-03T22:13:22.290-07:00,170.976,drawing,,open,9.0,6.014163,2.0221875,48.95833333333333,120.125,31.041666666666686,87.87500000000003,23.6,74.48,1430,1258,837,236,WH-station1,2026-08-03T22:13:22.161-07:00
water_draw_3,2026-08-03T22:13:22.794-07:00,171.481,drawing,,open,9.0,6.031775,2.093645833333333,48.95833333333333,120.125,30.624999999999986,87.12499999999997,23.6,74.48,1430,1254,851,236,WH-station1,2026-08-03T22:13:22.666-07:00
water_draw_3,2026-08-03T22:13:23.299-07:00,171.986,drawing,,open,9.0,6.048616,2.0017708333333335,49.062500000000014,120.31250000000003,30.52083333333333,86.9375,23.400000000000002,74.12,1431,1253,833,234,WH-station1,2026-08-03T22:13:23.171-07:00
water_draw_3,2026-08-03T22:13:23.804-07:00,172.490,drawing,,open,9.0,6.066443,2.119166666666667,49.16666666666664,120.49999999999997,30.0,86.0,23.6,74.48,1432,1248,856,236,WH-station1,2026-08-03T22:13:23.676-07:00
water_draw_3,2026-08-03T22:13:24.309-07:00,172.995,drawing,,open,9.0,6.083886,2.073229166666667,49.27083333333333,120.6875,30.7291666666667,87.31250000000006,23.5,74.30000000000001,1433,1255,847,235,WH-station1,2026-08-03T22:13:24.181-07:00
water_draw_3,2026-08-03T22:13:24.813-07:00,173.500,drawing,,open,9.0,6.101457,2.0885416666666665,48.95833333333333,120.125,30.937500000000014,87.68750000000003,23.6,74.48,1430,1257,850,236,WH-station1,2026-08-03T22:13:24.686-07:00
water_draw_3,2026-08-03T22:13:25.318-07:00,174.005,drawing,,open,9.0,6.119070,2.093645833333333,49.062500000000014,120.31250000000003,30.7291666666667,87.31250000000006,23.5,74.30000000000001,1431,1255,851,235,WH-station1,2026-08-03T22:13:25.190-07:00
water_draw_3,2026-08-03T22:13:25.823-07:00,174.509,drawing,,open,9.0,6.136595,2.0834374999999996,49.27083333333333,120.6875,30.312500000000014,86.56250000000003,23.6,74.48,1433,1251,849,236,WH-station1,2026-08-03T22:13:25.695-07:00
water_draw_3,2026-08-03T22:13:26.328-07:00,175.014,drawing,,open,9.0,6.154297,2.1038541666666664,48.95833333333333,120.125,30.7291666666667,87.31250000000006,23.5,74.30000000000001,1430,1255,853,235,WH-station1,2026-08-03T22:13:26.200-07:00
water_draw_3,2026-08-03T22:13:26.833-07:00,175.519,drawing,,open,9.0,6.171867,2.0885416666666665,49.062500000000014,120.31250000000003,30.7291666666667,87.31250000000006,23.5,74.30000000000001,1431,1255,850,235,WH-station1,2026-08-03T22:13:26.705-07:00
water_draw_3,2026-08-03T22:13:27.337-07:00,176.024,drawing,,open,9.0,6.189573,2.1038541666666664,48.85416666666667,119.9375,30.624999999999986,87.12499999999997,23.6,74.48,1429,1254,853,236,WH-station1,2026-08-03T22:13:27.210-07:00
water_draw_3,2026-08-03T22:13:27.842-07:00,176.529,drawing,,open,9.0,6.207014,2.073229166666667,48.85416666666667,119.9375,30.20833333333333,86.375,23.5,74.30000000000001,1429,1250,847,235,WH-station1,2026-08-03T22:13:27.715-07:00
water_draw_3,2026-08-03T22:13:28.347-07:00,177.033,drawing,,open,9.0,6.224326,2.057916666666667,48.95833333333333,120.125,30.416666666666643,86.74999999999997,23.6,74.48,1430,1252,844,236,WH-station1,2026-08-03T22:13:28.220-07:00
water_draw_3,2026-08-03T22:13:28.852-07:00,177.538,drawing,,open,9.0,6.241680,2.0630208333333337,48.749999999999986,119.74999999999997,30.416666666666643,86.74999999999997,23.5,74.30000000000001,1428,1252,845,235,WH-station1,2026-08-03T22:13:28.724-07:00
water_draw_3,2026-08-03T22:13:29.357-07:00,178.043,drawing,,open,9.0,6.259551,2.1242708333333336,49.16666666666664,120.49999999999997,30.0,86.0,23.5,74.30000000000001,1432,1248,857,235,WH-station1,2026-08-03T22:13:29.229-07:00
water_draw_3,2026-08-03T22:13:29.861-07:00,178.548,drawing,,open,9.0,6.277297,2.1089583333333333,49.062500000000014,120.31250000000003,30.7291666666667,87.31250000000006,23.6,74.48,1431,1255,854,236,WH-station1,2026-08-03T22:13:29.734-07:00
water_draw_3,2026-08-03T22:13:30.366-07:00,179.053,drawing,,open,9.0,6.294742,2.073229166666667,49.062500000000014,120.31250000000003,30.416666666666643,86.74999999999997,23.6,74.48,1431,1252,847,236,WH-station1,2026-08-03T22:13:30.239-07:00
water_draw_3,2026-08-03T22:13:30.871-07:00,179.557,drawing,,open,9.0,6.312268,2.0834374999999996,49.062500000000014,120.31250000000003,29.895833333333343,85.81250000000003,23.5,74.30000000000001,1431,1247,849,235,WH-station1,2026-08-03T22:13:30.744-07:00
water_draw_3,2026-08-03T22:13:31.376-07:00,180.062,drawing,,open,9.0,6.329881,2.093645833333333,49.062500000000014,120.31250000000003,30.52083333333333,86.9375,23.5,74.30000000000001,1431,1253,851,235,WH-station1,2026-08-03T22:13:31.248-07:00
water_draw_3,2026-08-03T22:13:31.880-07:00,180.567,drawing,,open,9.0,6.347749,2.1242708333333336,49.062500000000014,120.31250000000003,30.10416666666667,86.1875,23.5,74.30000000000001,1431,1249,857,235,WH-station1,2026-08-03T22:13:31.754-07:00
water_draw_3,2026-08-03T22:13:32.385-07:00,181.072,drawing,,open,9.0,6.365450,2.1038541666666664,48.95833333333333,120.125,29.895833333333343,85.81250000000003,23.5,74.30000000000001,1430,1247,853,235,WH-station1,2026-08-03T22:13:32.259-07:00
water_draw_3,2026-08-03T22:13:32.890-07:00,181.576,drawing,,open,9.0,6.383022,2.0885416666666665,48.95833333333333,120.125,30.52083333333333,86.9375,23.6,74.48,1430,1253,850,236,WH-station1,2026-08-03T22:13:32.764-07:00
water_draw_3,2026-08-03T22:13:33.395-07:00,182.081,drawing,,open,9.0,6.400507,2.0783333333333336,48.95833333333333,120.125,30.0,86.0,23.6,74.48,1430,1248,848,236,WH-station1,2026-08-03T22:13:33.269-07:00
water_draw_3,2026-08-03T22:13:33.899-07:00,182.586,drawing,,open,9.0,6.418333,2.119166666666667,48.95833333333333,120.125,30.416666666666643,86.74999999999997,23.5,74.30000000000001,1430,1252,856,235,WH-station1,2026-08-03T22:13:33.773-07:00
water_draw_3,2026-08-03T22:13:34.404-07:00,183.091,drawing,,open,9.0,6.436030,2.1038541666666664,49.062500000000014,120.31250000000003,30.10416666666667,86.1875,23.5,74.30000000000001,1431,1249,853,235,WH-station1,2026-08-03T22:13:34.278-07:00
water_draw_3,2026-08-03T22:13:34.909-07:00,183.596,drawing,,open,9.0,6.453562,2.0834374999999996,49.062500000000014,120.31250000000003,30.20833333333333,86.375,23.6,74.48,1431,1250,849,236,WH-station1,2026-08-03T22:13:34.783-07:00
water_draw_3,2026-08-03T22:13:35.414-07:00,184.100,drawing,,open,9.0,6.471177,2.093645833333333,49.062500000000014,120.31250000000003,30.0,86.0,23.5,74.30000000000001,1431,1248,851,235,WH-station1,2026-08-03T22:13:35.288-07:00
water_draw_3,2026-08-03T22:13:35.919-07:00,184.605,drawing,,open,9.0,6.488916,2.1089583333333333,48.85416666666667,119.9375,29.895833333333343,85.81250000000003,23.5,74.30000000000001,1429,1247,854,235,WH-station1,2026-08-03T22:13:35.793-07:00
water_draw_3,2026-08-03T22:13:36.423-07:00,185.110,drawing,,open,9.0,6.506402,2.0783333333333336,48.95833333333333,120.125,29.6875,85.4375,23.400000000000002,74.12,1430,1245,848,234,WH-station1,2026-08-03T22:13:36.298-07:00
water_draw_3,2026-08-03T22:13:36.928-07:00,185.615,drawing,,open,9.0,6.523842,2.073229166666667,49.062500000000014,120.31250000000003,30.10416666666667,86.1875,23.6,74.48,1431,1249,847,236,WH-station1,2026-08-03T22:13:36.802-07:00
water_draw_3,2026-08-03T22:13:37.433-07:00,186.119,drawing,,open,9.0,6.541542,2.1038541666666664,49.062500000000014,120.31250000000003,29.791666666666657,85.625,23.6,74.48,1431,1246,853,236,WH-station1,2026-08-03T22:13:37.305-07:00
water_draw_3,2026-08-03T22:13:37.938-07:00,186.624,drawing,,open,9.0,6.559156,2.093645833333333,48.95833333333333,120.125,29.6875,85.4375,23.5,74.30000000000001,1430,1245,851,235,WH-station1,2026-08-03T22:13:37.807-07:00
water_draw_3,2026-08-03T22:13:38.442-07:00,187.129,drawing,,open,9.0,6.576855,2.1038541666666664,48.85416666666667,119.9375,30.10416666666667,86.1875,23.6,74.48,1429,1249,853,236,WH-station1,2026-08-03T22:13:38.309-07:00
water_draw_3,2026-08-03T22:13:38.947-07:00,187.634,drawing,,open,9.0,6.594379,2.0834374999999996,49.062500000000014,120.31250000000003,29.791666666666657,85.625,23.6,74.48,1431,1246,849,236,WH-station1,2026-08-03T22:13:38.811-07:00
water_draw_3,2026-08-03T22:13:39.452-07:00,188.138,drawing,,open,9.0,6.611648,2.0528125000000004,49.062500000000014,120.31250000000003,29.791666666666657,85.625,23.400000000000002,74.12,1431,1246,843,234,WH-station1,2026-08-03T22:13:39.313-07:00
water_draw_3,2026-08-03T22:13:39.957-07:00,188.643,drawing,,open,9.0,6.629258,2.093645833333333,49.062500000000014,120.31250000000003,29.479166666666686,85.06250000000003,23.6,74.48,1431,1243,851,236,WH-station1,2026-08-03T22:13:39.815-07:00
water_draw_3,2026-08-03T22:13:40.461-07:00,189.148,drawing,,open,9.0,6.646918,2.09875,49.062500000000014,120.31250000000003,30.0,86.0,23.5,74.30000000000001,1431,1248,852,235,WH-station1,2026-08-03T22:13:40.318-07:00
water_draw_3,2026-08-03T22:13:40.966-07:00,189.653,drawing,,open,9.0,6.664702,2.1140625,48.95833333333333,120.125,29.895833333333343,85.81250000000003,23.5,74.30000000000001,1430,1247,855,235,WH-station1,2026-08-03T22:13:40.820-07:00
water_draw_3,2026-08-03T22:13:41.471-07:00,190.157,drawing,,open,9.0,6.681413,1.9864583333333337,49.062500000000014,120.31250000000003,29.791666666666657,85.625,23.5,74.30000000000001,1431,1246,830,235,WH-station1,2026-08-03T22:13:41.322-07:00
water_draw_3,2026-08-03T22:13:41.975-07:00,190.662,drawing,,open,9.0,6.699110,2.1038541666666664,49.16666666666664,120.49999999999997,30.0,86.0,23.400000000000002,74.12,1432,1248,853,234,WH-station1,2026-08-03T22:13:41.824-07:00
water_draw_3,2026-08-03T22:13:42.480-07:00,191.167,drawing,,open,9.0,6.716980,2.1242708333333336,49.27083333333333,120.6875,29.791666666666657,85.625,23.6,74.48,1433,1246,857,236,WH-station1,2026-08-03T22:13:42.329-07:00
water_draw_3,2026-08-03T22:13:42.985-07:00,191.672,drawing,,open,9.0,6.734640,2.09875,49.062500000000014,120.31250000000003,29.791666666666657,85.625,23.6,74.48,1431,1246,852,236,WH-station1,2026-08-03T22:13:42.834-07:00
water_draw_3,2026-08-03T22:13:43.490-07:00,192.176,drawing,,open,9.0,6.752255,2.093645833333333,48.95833333333333,120.125,29.6875,85.4375,23.6,74.48,1430,1245,851,236,WH-station1,2026-08-03T22:13:43.339-07:00
water_draw_3,2026-08-03T22:13:43.995-07:00,192.681,drawing,,open,9.0,6.769999,2.1089583333333333,49.062500000000014,120.31250000000003,29.895833333333343,85.81250000000003,23.5,74.30000000000001,1431,1247,854,235,WH-station1,2026-08-03T22:13:43.844-07:00
water_draw_3,2026-08-03T22:13:44.499-07:00,193.186,drawing,,open,9.0,6.786795,1.9966666666666668,49.062500000000014,120.31250000000003,29.6875,85.4375,23.6,74.48,1431,1245,832,236,WH-station1,2026-08-03T22:13:44.349-07:00
water_draw_3,2026-08-03T22:13:45.004-07:00,193.691,drawing,,open,9.0,6.804362,2.0885416666666665,49.27083333333333,120.6875,29.583333333333343,85.25,23.5,74.30000000000001,1433,1244,850,235,WH-station1,2026-08-03T22:13:44.854-07:00
water_draw_3,2026-08-03T22:13:45.509-07:00,194.196,drawing,,open,9.0,6.822022,2.09875,48.95833333333333,120.125,29.791666666666657,85.625,23.6,74.48,1430,1246,852,236,WH-station1,2026-08-03T22:13:45.359-07:00
water_draw_3,2026-08-03T22:13:46.014-07:00,194.700,drawing,,open,9.0,6.839851,2.119166666666667,48.95833333333333,120.125,29.479166666666686,85.06250000000003,23.5,74.30000000000001,1430,1243,856,235,WH-station1,2026-08-03T22:13:45.863-07:00
water_draw_3,2026-08-03T22:13:46.519-07:00,195.205,drawing,,open,9.0,6.857635,2.1140625,49.16666666666664,120.49999999999997,29.791666666666657,85.625,23.5,74.30000000000001,1432,1246,855,235,WH-station1,2026-08-03T22:13:46.368-07:00
water_draw_3,2026-08-03T22:13:47.023-07:00,195.710,drawing,,open,9.0,6.875464,2.119166666666667,49.16666666666664,120.49999999999997,30.0,86.0,23.5,74.30000000000001,1432,1248,856,235,WH-station1,2026-08-03T22:13:46.873-07:00
water_draw_3,2026-08-03T22:13:47.528-07:00,196.215,drawing,,open,9.0,6.893204,2.1089583333333333,48.95833333333333,120.125,29.479166666666686,85.06250000000003,23.400000000000002,74.12,1430,1243,854,234,WH-station1,2026-08-03T22:13:47.378-07:00
water_draw_3,2026-08-03T22:13:48.033-07:00,196.719,drawing,,open,9.0,6.910860,2.09875,49.16666666666664,120.49999999999997,29.895833333333343,85.81250000000003,23.6,74.48,1432,1247,852,236,WH-station1,2026-08-03T22:13:47.883-07:00
water_draw_3,2026-08-03T22:13:48.537-07:00,197.224,drawing,,open,9.0,6.928301,2.073229166666667,49.16666666666664,120.49999999999997,29.895833333333343,85.81250000000003,23.6,74.48,1432,1247,847,236,WH-station1,2026-08-03T22:13:48.388-07:00
water_draw_3,2026-08-03T22:13:49.042-07:00,197.729,drawing,,open,9.0,6.945654,2.0630208333333337,49.16666666666664,120.49999999999997,29.479166666666686,85.06250000000003,23.6,74.48,1432,1243,845,236,WH-station1,2026-08-03T22:13:48.893-07:00
water_draw_3,2026-08-03T22:13:49.547-07:00,198.234,drawing,,open,9.0,6.962882,2.0477083333333335,49.27083333333333,120.6875,29.479166666666686,85.06250000000003,23.6,74.48,1433,1243,842,236,WH-station1,2026-08-03T22:13:49.398-07:00
water_draw_3,2026-08-03T22:13:50.052-07:00,198.738,drawing,,open,9.0,6.980364,2.0783333333333336,49.16666666666664,120.49999999999997,30.0,86.0,23.5,74.30000000000001,1432,1248,848,235,WH-station1,2026-08-03T22:13:49.903-07:00
water_draw_3,2026-08-03T22:13:50.557-07:00,199.243,drawing,,open,9.0,6.998192,2.119166666666667,48.85416666666667,119.9375,29.791666666666657,85.625,23.700000000000003,74.66,1429,1246,856,237,WH-station1,2026-08-03T22:13:50.408-07:00
water_draw_3,2026-08-03T22:13:51.061-07:00,199.748,drawing,,open,9.0,7.016064,2.1242708333333336,49.062500000000014,120.31250000000003,29.27083333333333,84.6875,23.6,74.48,1431,1241,857,236,WH-station1,2026-08-03T22:13:50.912-07:00
water_draw_3,2026-08-03T22:13:51.566-07:00,200.253,drawing,,open,9.0,7.033807,2.1089583333333333,48.95833333333333,120.125,29.375,84.875,23.5,74.30000000000001,1430,1242,854,235,WH-station1,2026-08-03T22:13:51.417-07:00
water_draw_3,2026-08-03T22:13:52.071-07:00,200.757,drawing,,open,9.0,7.051246,2.073229166666667,49.062500000000014,120.31250000000003,29.27083333333333,84.6875,23.5,74.30000000000001,1431,1241,847,235,WH-station1,2026-08-03T22:13:51.922-07:00
water_draw_3,2026-08-03T22:13:52.576-07:00,201.262,drawing,,open,9.0,7.069034,2.1140625,48.85416666666667,119.9375,29.6875,85.4375,23.5,74.30000000000001,1429,1245,855,235,WH-station1,2026-08-03T22:13:52.427-07:00
water_draw_3,2026-08-03T22:13:53.080-07:00,201.767,drawing,,open,9.0,7.086730,2.1038541666666664,49.062500000000014,120.31250000000003,29.062500000000014,84.31250000000003,23.5,74.30000000000001,1431,1239,853,235,WH-station1,2026-08-03T22:13:52.932-07:00
water_draw_3,2026-08-03T22:13:53.585-07:00,202.272,drawing,,open,9.0,7.104002,2.0528125000000004,49.27083333333333,120.6875,29.375,84.875,23.5,74.30000000000001,1433,1242,843,235,WH-station1,2026-08-03T22:13:53.437-07:00
water_draw_3,2026-08-03T22:13:54.090-07:00,202.776,drawing,,open,9.0,7.121656,2.09875,49.16666666666664,120.49999999999997,29.895833333333343,85.81250000000003,23.6,74.48,1432,1247,852,236,WH-station1,2026-08-03T22:13:53.941-07:00
water_draw_3,2026-08-03T22:13:54.595-07:00,203.281,drawing,,open,9.0,7.139269,2.093645833333333,49.062500000000014,120.31250000000003,29.062500000000014,84.31250000000003,23.400000000000002,74.12,1431,1239,851,234,WH-station1,2026-08-03T22:13:54.446-07:00
water_draw_3,2026-08-03T22:13:55.099-07:00,203.786,drawing,,open,9.0,7.157009,2.1089583333333333,49.062500000000014,120.31250000000003,29.16666666666667,84.5,23.5,74.30000000000001,1431,1240,854,235,WH-station1,2026-08-03T22:13:54.951-07:00
water_draw_3,2026-08-03T22:13:55.604-07:00,204.291,drawing,,open,9.0,7.174665,2.09875,49.27083333333333,120.6875,29.791666666666657,85.625,23.6,74.48,1433,1246,852,236,WH-station1,2026-08-03T22:13:55.456-07:00
water_draw_3,2026-08-03T22:13:56.109-07:00,204.795,drawing,,open,9.0,7.190298,1.8588541666666671,49.16666666666664,120.49999999999997,29.479166666666686,85.06250000000003,23.6,74.48,1432,1243,805,236,WH-station1,2026-08-03T22:13:55.961-07:00
water_draw_3,2026-08-03T22:13:56.614-07:00,205.300,drawing,,open,9.0,7.208050,2.1089583333333333,49.16666666666664,120.49999999999997,29.062500000000014,84.31250000000003,23.5,74.30000000000001,1432,1239,854,235,WH-station1,2026-08-03T22:13:56.466-07:00
water_draw_3,2026-08-03T22:13:57.118-07:00,205.805,drawing,,open,9.0,7.225534,2.0783333333333336,49.16666666666664,120.49999999999997,29.479166666666686,85.06250000000003,23.5,74.30000000000001,1432,1243,848,235,WH-station1,2026-08-03T22:13:56.971-07:00
water_draw_3,2026-08-03T22:13:57.623-07:00,206.310,drawing,,open,9.0,7.242890,2.0630208333333337,49.27083333333333,120.6875,29.479166666666686,85.06250000000003,23.5,74.30000000000001,1433,1243,845,235,WH-station1,2026-08-03T22:13:57.476-07:00
water_draw_3,2026-08-03T22:13:58.128-07:00,206.814,drawing,,open,9.0,7.260588,2.1038541666666664,48.95833333333333,120.125,29.375,84.875,23.6,74.48,1430,1242,853,236,WH-station1,2026-08-03T22:13:57.981-07:00
water_draw_3,2026-08-03T22:13:58.633-07:00,207.319,drawing,,open,9.0,7.278243,2.09875,49.27083333333333,120.6875,28.95833333333333,84.125,23.6,74.48,1433,1238,852,236,WH-station1,2026-08-03T22:13:58.486-07:00
water_draw_3,2026-08-03T22:13:59.137-07:00,207.824,drawing,,open,9.0,7.295987,2.1089583333333333,49.062500000000014,120.31250000000003,28.750000000000014,83.75000000000003,23.6,74.48,1431,1236,854,236,WH-station1,2026-08-03T22:13:58.991-07:00
water_draw_3,2026-08-03T22:13:59.642-07:00,208.329,drawing,,open,9.0,7.313770,2.1140625,48.95833333333333,120.125,28.95833333333333,84.125,23.700000000000003,74.66,1430,1238,855,237,WH-station1,2026-08-03T22:13:59.495-07:00
water_draw_3,2026-08-03T22:14:00.147-07:00,208.833,drawing,,open,9.0,7.331167,2.068125,49.062500000000014,120.31250000000003,29.479166666666686,85.06250000000003,23.6,74.48,1431,1243,846,236,WH-station1,2026-08-03T22:14:00.000-07:00
water_draw_3,2026-08-03T22:14:00.652-07:00,209.338,drawing,,open,9.0,7.349038,2.1242708333333336,49.16666666666664,120.49999999999997,28.85416666666667,83.9375,23.6,74.48,1432,1237,857,236,WH-station1,2026-08-03T22:14:00.505-07:00
water_draw_3,2026-08-03T22:14:01.155-07:00,209.843,drawing,,open,9.0,7.366390,2.0630208333333337,49.27083333333333,120.6875,29.16666666666667,84.5,23.5,74.30000000000001,1433,1240,845,235,WH-station1,2026-08-03T22:14:01.011-07:00
water_draw_3,2026-08-03T22:14:01.659-07:00,210.346,drawing,,open,9.0,7.384031,2.1038541666666664,49.16666666666664,120.49999999999997,29.375,84.875,23.6,74.48,1432,1242,853,236,WH-station1,2026-08-03T22:14:01.516-07:00
water_draw_3,2026-08-03T22:14:02.164-07:00,210.851,drawing,,open,9.0,7.401770,2.1089583333333333,49.16666666666664,120.49999999999997,28.95833333333333,84.125,23.5,74.30000000000001,1432,1238,854,235,WH-station1,2026-08-03T22:14:02.021-07:00
water_draw_3,2026-08-03T22:14:02.669-07:00,211.356,drawing,,open,9.0,7.418960,2.042604166666667,49.062500000000014,120.31250000000003,28.95833333333333,84.125,23.5,74.30000000000001,1431,1238,841,235,WH-station1,2026-08-03T22:14:02.526-07:00
water_draw_3,2026-08-03T22:14:03.174-07:00,211.860,drawing,,open,9.0,7.436744,2.1140625,49.16666666666664,120.49999999999997,29.27083333333333,84.6875,23.400000000000002,74.12,1432,1241,855,234,WH-station1,2026-08-03T22:14:03.032-07:00
water_draw_3,2026-08-03T22:14:03.678-07:00,212.365,drawing,,open,9.0,7.454356,2.093645833333333,49.27083333333333,120.6875,29.062500000000014,84.31250000000003,23.5,74.30000000000001,1433,1239,851,235,WH-station1,2026-08-03T22:14:03.537-07:00
water_draw_3,2026-08-03T22:14:04.183-07:00,212.870,drawing,,open,9.0,7.472008,2.09875,49.062500000000014,120.31250000000003,29.062500000000014,84.31250000000003,23.5,74.30000000000001,1431,1239,852,235,WH-station1,2026-08-03T22:14:04.042-07:00
water_draw_3,2026-08-03T22:14:04.688-07:00,213.374,drawing,,open,9.0,7.489751,2.1089583333333333,49.062500000000014,120.31250000000003,29.16666666666667,84.5,23.5,74.30000000000001,1431,1240,854,235,WH-station1,2026-08-03T22:14:04.548-07:00
water_draw_3,2026-08-03T22:14:05.193-07:00,213.879,drawing,,open,9.0,7.507574,2.119166666666667,49.27083333333333,120.6875,28.85416666666667,83.9375,23.5,74.30000000000001,1433,1237,856,235,WH-station1,2026-08-03T22:14:05.053-07:00
water_draw_3,2026-08-03T22:14:05.697-07:00,214.384,drawing,,open,9.0,7.525189,2.093645833333333,49.062500000000014,120.31250000000003,29.27083333333333,84.6875,23.6,74.48,1431,1241,851,236,WH-station1,2026-08-03T22:14:05.558-07:00
water_draw_3,2026-08-03T22:14:06.202-07:00,214.889,drawing,,open,9.0,7.542628,2.073229166666667,49.16666666666664,120.49999999999997,29.16666666666667,84.5,23.6,74.48,1432,1240,847,236,WH-station1,2026-08-03T22:14:06.063-07:00
water_draw_3,2026-08-03T22:14:06.707-07:00,215.393,drawing,,open,9.0,7.560326,2.1038541666666664,49.062500000000014,120.31250000000003,29.27083333333333,84.6875,23.6,74.48,1431,1241,853,236,WH-station1,2026-08-03T22:14:06.569-07:00
water_draw_3,2026-08-03T22:14:07.212-07:00,215.898,drawing,,open,9.0,7.578109,2.1140625,49.16666666666664,120.49999999999997,28.85416666666667,83.9375,23.6,74.48,1432,1237,855,236,WH-station1,2026-08-03T22:14:07.074-07:00
water_draw_3,2026-08-03T22:14:07.716-07:00,216.403,drawing,,open,9.0,7.595681,2.0885416666666665,49.062500000000014,120.31250000000003,29.583333333333343,85.25,23.700000000000003,74.66,1431,1244,850,237,WH-station1,2026-08-03T22:14:07.579-07:00
water_draw_3,2026-08-03T22:14:08.221-07:00,216.908,drawing,,open,9.0,7.613211,2.0834374999999996,49.16666666666664,120.49999999999997,29.375,84.875,23.6,74.48,1432,1242,849,236,WH-station1,2026-08-03T22:14:08.084-07:00
water_draw_3,2026-08-03T22:14:08.726-07:00,217.412,drawing,,open,9.0,7.630867,2.09875,49.062500000000014,120.31250000000003,29.062500000000014,84.31250000000003,23.5,74.30000000000001,1431,1239,852,235,WH-station1,2026-08-03T22:14:08.590-07:00
water_draw_3,2026-08-03T22:14:09.231-07:00,217.917,drawing,,open,9.0,7.648391,2.0834374999999996,49.16666666666664,120.49999999999997,28.95833333333333,84.125,23.400000000000002,74.12,1432,1238,849,234,WH-station1,2026-08-03T22:14:09.095-07:00
water_draw_3,2026-08-03T22:14:09.735-07:00,218.422,drawing,,open,9.0,7.666093,2.1038541666666664,49.27083333333333,120.6875,29.062500000000014,84.31250000000003,23.6,74.48,1433,1239,853,236,WH-station1,2026-08-03T22:14:09.600-07:00
water_draw_3,2026-08-03T22:14:10.240-07:00,218.927,drawing,,open,9.0,7.683919,2.119166666666667,49.374999999999986,120.87499999999997,29.16666666666667,84.5,23.5,74.30000000000001,1434,1240,856,235,WH-station1,2026-08-03T22:14:10.106-07:00
water_draw_3,2026-08-03T22:14:10.745-07:00,219.431,drawing,,open,9.0,7.701749,2.119166666666667,49.16666666666664,120.49999999999997,29.16666666666667,84.5,23.5,74.30000000000001,1432,1240,856,235,WH-station1,2026-08-03T22:14:10.611-07:00
water_draw_3,2026-08-03T22:14:11.250-07:00,219.936,drawing,,open,9.0,7.719361,2.093645833333333,49.16666666666664,120.49999999999997,28.85416666666667,83.9375,23.5,74.30000000000001,1432,1237,851,235,WH-station1,2026-08-03T22:14:11.116-07:00
water_draw_3,2026-08-03T22:14:11.754-07:00,220.441,drawing,,open,9.0,7.736331,2.017083333333333,49.16666666666664,120.49999999999997,28.4375,83.1875,23.700000000000003,74.66,1432,1233,836,237,WH-station1,2026-08-03T22:14:11.621-07:00
water_draw_3,2026-08-03T22:14:12.259-07:00,220.946,drawing,,open,9.0,7.753984,2.09875,49.27083333333333,120.6875,28.750000000000014,83.75000000000003,23.6,74.48,1433,1236,852,236,WH-station1,2026-08-03T22:14:12.127-07:00
water_draw_3,2026-08-03T22:14:12.764-07:00,221.450,drawing,,open,9.0,7.771426,2.073229166666667,49.16666666666664,120.49999999999997,28.750000000000014,83.75000000000003,23.5,74.30000000000001,1432,1236,847,235,WH-station1,2026-08-03T22:14:12.632-07:00
water_draw_3,2026-08-03T22:14:13.269-07:00,221.955,drawing,,open,9.0,7.789081,2.09875,49.062500000000014,120.31250000000003,29.16666666666667,84.5,23.5,74.30000000000001,1431,1240,852,235,WH-station1,2026-08-03T22:14:13.137-07:00
water_draw_3,2026-08-03T22:14:13.773-07:00,222.460,drawing,,open,9.0,7.806870,2.1140625,49.27083333333333,120.6875,28.645833333333343,83.56250000000003,23.5,74.30000000000001,1433,1235,855,235,WH-station1,2026-08-03T22:14:13.642-07:00
water_draw_3,2026-08-03T22:14:14.278-07:00,222.965,drawing,,open,9.0,7.824481,2.093645833333333,49.16666666666664,120.49999999999997,28.54166666666667,83.375,23.700000000000003,74.66,1432,1234,851,237,WH-station1,2026-08-03T22:14:14.148-07:00
water_draw_3,2026-08-03T22:14:14.783-07:00,223.470,drawing,,open,9.0,7.842138,2.09875,49.374999999999986,120.87499999999997,28.645833333333343,83.56250000000003,23.700000000000003,74.66,1434,1235,852,237,WH-station1,2026-08-03T22:14:14.653-07:00
water_draw_3,2026-08-03T22:14:15.288-07:00,223.974,drawing,,open,9.0,7.859832,2.1038541666666664,49.27083333333333,120.6875,28.750000000000014,83.75000000000003,23.5,74.30000000000001,1433,1236,853,235,WH-station1,2026-08-03T22:14:15.158-07:00
water_draw_3,2026-08-03T22:14:15.792-07:00,224.479,drawing,,open,9.0,7.877444,2.093645833333333,49.16666666666664,120.49999999999997,29.062500000000014,84.31250000000003,23.6,74.48,1432,1239,851,236,WH-station1,2026-08-03T22:14:15.664-07:00
water_draw_3,2026-08-03T22:14:16.297-07:00,224.984,drawing,,open,9.0,7.895315,2.1242708333333336,49.27083333333333,120.6875,28.95833333333333,84.125,23.5,74.30000000000001,1433,1238,857,235,WH-station1,2026-08-03T22:14:16.169-07:00
water_draw_3,2026-08-03T22:14:16.803-07:00,225.488,drawing,,open,9.0,7.912801,2.0783333333333336,49.27083333333333,120.6875,29.062500000000014,84.31250000000003,23.6,74.48,1433,1239,848,236,WH-station1,2026-08-03T22:14:16.674-07:00
water_draw_3,2026-08-03T22:14:17.308-07:00,225.994,drawing,,open,9.0,7.930540,2.1038541666666664,49.374999999999986,120.87499999999997,28.645833333333343,83.56250000000003,23.5,74.30000000000001,1434,1235,853,235,WH-station1,2026-08-03T22:14:17.179-07:00
water_draw_3,2026-08-03T22:14:17.814-07:00,226.499,drawing,,open,9.0,7.948281,2.1089583333333333,49.16666666666664,120.49999999999997,29.16666666666667,84.5,23.700000000000003,74.66,1432,1240,854,237,WH-station1,2026-08-03T22:14:17.685-07:00
water_draw_3,2026-08-03T22:14:18.318-07:00,227.005,drawing,,open,9.0,7.965160,2.0017708333333335,49.374999999999986,120.87499999999997,29.062500000000014,84.31250000000003,23.6,74.48,1434,1239,833,236,WH-station1,2026-08-03T22:14:18.190-07:00
water_draw_3,2026-08-03T22:14:18.824-07:00,227.510,drawing,,open,9.0,7.982860,2.1038541666666664,49.16666666666664,120.49999999999997,28.750000000000014,83.75000000000003,23.6,74.48,1432,1236,853,236,WH-station1,2026-08-03T22:14:18.695-07:00
water_draw_3,2026-08-03T22:14:19.329-07:00,228.016,drawing,,open,9.0,8.000606,2.1038541666666664,49.27083333333333,120.6875,28.95833333333333,84.125,23.6,74.48,1433,1238,853,236,WH-station1,2026-08-03T22:14:19.201-07:00
water_draw_3,2026-08-03T22:14:19.834-07:00,228.521,drawing,,open,9.0,8.018346,2.1089583333333333,49.16666666666664,120.49999999999997,28.645833333333343,83.56250000000003,23.400000000000002,74.12,1432,1235,854,234,WH-station1,2026-08-03T22:14:19.706-07:00
water_draw_3,2026-08-03T22:14:20.339-07:00,229.025,drawing,,open,9.0,8.036257,2.1293750000000005,49.16666666666664,120.49999999999997,28.645833333333343,83.56250000000003,23.5,74.30000000000001,1432,1235,858,235,WH-station1,2026-08-03T22:14:20.211-07:00
water_draw_3,2026-08-03T22:14:20.843-07:00,229.530,drawing,,open,9.0,8.053825,2.0885416666666665,49.16666666666664,120.49999999999997,28.750000000000014,83.75000000000003,23.6,74.48,1432,1236,850,236,WH-station1,2026-08-03T22:14:20.716-07:00
water_draw_3,2026-08-03T22:14:21.348-07:00,230.035,drawing,,open,9.0,8.071435,2.093645833333333,49.27083333333333,120.6875,28.54166666666667,83.375,23.6,74.48,1433,1234,851,236,WH-station1,2026-08-03T22:14:21.222-07:00
water_draw_3,2026-08-03T22:14:21.853-07:00,230.539,drawing,,open,9.0,8.088917,2.0783333333333336,49.16666666666664,120.49999999999997,28.4375,83.1875,23.5,74.30000000000001,1432,1233,848,235,WH-station1,2026-08-03T22:14:21.727-07:00
water_draw_3,2026-08-03T22:14:22.358-07:00,231.044,drawing,,open,9.0,8.106530,2.093645833333333,49.27083333333333,120.6875,28.4375,83.1875,23.5,74.30000000000001,1433,1233,851,235,WH-station1,2026-08-03T22:14:22.232-07:00
water_draw_3,2026-08-03T22:14:22.862-07:00,231.549,drawing,,open,9.0,8.124272,2.1089583333333333,49.27083333333333,120.6875,28.4375,83.1875,23.6,74.48,1433,1233,854,236,WH-station1,2026-08-03T22:14:22.737-07:00
water_draw_3,2026-08-03T22:14:23.367-07:00,232.053,drawing,,open,9.0,8.141881,2.093645833333333,49.16666666666664,120.49999999999997,28.229166666666686,82.81250000000003,23.6,74.48,1432,1231,851,236,WH-station1,2026-08-03T22:14:23.242-07:00
water_draw_3,2026-08-03T22:14:23.872-07:00,232.558,drawing,,open,9.0,8.158591,1.9864583333333337,49.374999999999986,120.87499999999997,28.333333333333343,83.00000000000003,23.5,74.30000000000001,1434,1232,830,235,WH-station1,2026-08-03T22:14:23.747-07:00
water_draw_3,2026-08-03T22:14:24.376-07:00,233.063,drawing,,open,9.0,8.176157,2.0885416666666665,49.374999999999986,120.87499999999997,28.750000000000014,83.75000000000003,23.5,74.30000000000001,1434,1236,850,235,WH-station1,2026-08-03T22:14:24.251-07:00
water_draw_3,2026-08-03T22:14:24.881-07:00,233.568,drawing,,open,9.0,8.193645,2.0783333333333336,49.16666666666664,120.49999999999997,28.54166666666667,83.375,23.5,74.30000000000001,1432,1234,848,235,WH-station1,2026-08-03T22:14:24.756-07:00
water_draw_3,2026-08-03T22:14:25.386-07:00,234.073,drawing,,open,9.0,8.211478,2.119166666666667,49.27083333333333,120.6875,28.4375,83.1875,23.700000000000003,74.66,1433,1233,856,237,WH-station1,2026-08-03T22:14:25.261-07:00
water_draw_3,2026-08-03T22:14:25.891-07:00,234.577,drawing,,open,9.0,8.229176,2.1038541666666664,49.062500000000014,120.31250000000003,28.645833333333343,83.56250000000003,23.5,74.30000000000001,1431,1235,853,235,WH-station1,2026-08-03T22:14:25.766-07:00
water_draw_3,2026-08-03T22:14:26.396-07:00,235.082,drawing,,open,9.0,8.246617,2.073229166666667,48.95833333333333,120.125,28.645833333333343,83.56250000000003,23.6,74.48,1430,1235,847,236,WH-station1,2026-08-03T22:14:26.271-07:00
water_draw_3,2026-08-03T22:14:26.900-07:00,235.587,drawing,,open,9.0,8.264356,2.1089583333333333,49.16666666666664,120.49999999999997,28.333333333333343,83.00000000000003,23.5,74.30000000000001,1432,1232,854,235,WH-station1,2026-08-03T22:14:26.776-07:00
water_draw_3,2026-08-03T22:14:27.405-07:00,236.092,drawing,,open,9.0,8.281931,2.0885416666666665,49.374999999999986,120.87499999999997,28.750000000000014,83.75000000000003,23.5,74.30000000000001,1434,1236,850,235,WH-station1,2026-08-03T22:14:27.281-07:00
water_draw_3,2026-08-03T22:14:27.910-07:00,236.597,drawing,,open,9.0,8.299291,2.0630208333333337,49.16666666666664,120.49999999999997,28.333333333333343,83.00000000000003,23.400000000000002,74.12,1432,1232,845,234,WH-station1,2026-08-03T22:14:27.786-07:00
water_draw_3,2026-08-03T22:14:28.415-07:00,237.101,drawing,,open,9.0,8.316861,2.0885416666666665,49.27083333333333,120.6875,28.229166666666686,82.81250000000003,23.6,74.48,1433,1231,850,236,WH-station1,2026-08-03T22:14:28.290-07:00
water_draw_3,2026-08-03T22:14:28.920-07:00,237.606,drawing,,open,9.0,8.334429,2.0885416666666665,49.27083333333333,120.6875,28.85416666666667,83.9375,23.5,74.30000000000001,1433,1237,850,235,WH-station1,2026-08-03T22:14:28.795-07:00
water_draw_3,2026-08-03T22:14:29.424-07:00,238.111,drawing,,open,9.0,8.351999,2.0885416666666665,49.27083333333333,120.6875,28.229166666666686,82.81250000000003,23.6,74.48,1433,1231,850,236,WH-station1,2026-08-03T22:14:29.300-07:00
water_draw_3,2026-08-03T22:14:29.929-07:00,238.616,drawing,,open,9.0,8.369741,2.1089583333333333,49.374999999999986,120.87499999999997,28.4375,83.1875,23.5,74.30000000000001,1434,1233,854,235,WH-station1,2026-08-03T22:14:29.805-07:00
water_draw_3,2026-08-03T22:14:30.434-07:00,239.120,drawing,,open,9.0,8.387055,2.057916666666667,49.27083333333333,120.6875,28.54166666666667,83.375,23.6,74.48,1433,1234,844,236,WH-station1,2026-08-03T22:14:30.310-07:00
water_draw_3,2026-08-03T22:14:30.938-07:00,239.625,drawing,,open,9.0,8.404321,2.0528125000000004,49.27083333333333,120.6875,28.229166666666686,82.81250000000003,23.6,74.48,1433,1231,843,236,WH-station1,2026-08-03T22:14:30.815-07:00
water_draw_3,2026-08-03T22:14:31.443-07:00,240.130,drawing,,open,9.0,8.422106,2.1140625,49.16666666666664,120.49999999999997,28.645833333333343,83.56250000000003,23.400000000000002,74.12,1432,1235,855,234,WH-station1,2026-08-03T22:14:31.320-07:00
water_draw_3,2026-08-03T22:14:31.948-07:00,240.634,drawing,,open,9.0,8.439718,2.093645833333333,49.27083333333333,120.6875,28.4375,83.1875,23.6,74.48,1433,1233,851,236,WH-station1,2026-08-03T22:14:31.825-07:00
water_draw_3,2026-08-03T22:14:32.453-07:00,241.139,drawing,,open,9.0,8.456688,2.017083333333333,49.27083333333333,120.6875,28.333333333333343,83.00000000000003,23.5,74.30000000000001,1433,1232,836,235,WH-station1,2026-08-03T22:14:32.329-07:00
water_draw_3,2026-08-03T22:14:32.957-07:00,241.644,drawing,,open,9.0,8.474301,2.093645833333333,49.16666666666664,120.49999999999997,28.4375,83.1875,23.5,74.30000000000001,1432,1233,851,235,WH-station1,2026-08-03T22:14:32.835-07:00
water_draw_3,2026-08-03T22:14:33.462-07:00,242.149,drawing,,open,9.0,8.492171,2.1242708333333336,49.374999999999986,120.87499999999997,28.125,82.625,23.6,74.48,1434,1230,857,236,WH-station1,2026-08-03T22:14:33.339-07:00
water_draw_3,2026-08-03T22:14:33.967-07:00,242.653,drawing,,open,9.0,8.509695,2.0834374999999996,49.27083333333333,120.6875,28.54166666666667,83.375,23.6,74.48,1433,1234,849,236,WH-station1,2026-08-03T22:14:33.844-07:00
water_draw_3,2026-08-03T22:14:34.472-07:00,243.158,drawing,,open,9.0,8.527305,2.093645833333333,49.27083333333333,120.6875,28.229166666666686,82.81250000000003,23.5,74.30000000000001,1433,1231,851,235,WH-station1,2026-08-03T22:14:34.349-07:00
water_draw_3,2026-08-03T22:14:34.976-07:00,243.663,drawing,,open,9.0,8.544915,2.093645833333333,49.27083333333333,120.6875,28.54166666666667,83.375,23.6,74.48,1433,1234,851,236,WH-station1,2026-08-03T22:14:34.854-07:00
water_draw_3,2026-08-03T22:14:35.481-07:00,244.168,drawing,,open,9.0,8.562485,2.0885416666666665,49.374999999999986,120.87499999999997,28.333333333333343,83.00000000000003,23.5,74.30000000000001,1434,1232,850,235,WH-station1,2026-08-03T22:14:35.359-07:00
water_draw_3,2026-08-03T22:14:35.986-07:00,244.672,drawing,,open,9.0,8.580011,2.0834374999999996,49.27083333333333,120.6875,28.4375,83.1875,23.6,74.48,1433,1233,849,236,WH-station1,2026-08-03T22:14:35.864-07:00
water_draw_3,2026-08-03T22:14:36.490-07:00,245.177,drawing,,open,9.0,8.597537,2.0834374999999996,49.27083333333333,120.6875,27.916666666666686,82.25000000000003,23.6,74.48,1433,1228,849,236,WH-station1,2026-08-03T22:14:36.369-07:00
water_draw_3,2026-08-03T22:14:36.995-07:00,245.682,drawing,,open,9.0,8.615147,2.093645833333333,49.27083333333333,120.6875,28.645833333333343,83.56250000000003,23.6,74.48,1433,1235,851,236,WH-station1,2026-08-03T22:14:36.874-07:00
water_draw_3,2026-08-03T22:14:37.500-07:00,246.186,drawing,,open,9.0,8.632758,2.093645833333333,49.16666666666664,120.49999999999997,28.125,82.625,23.5,74.30000000000001,1432,1230,851,235,WH-station1,2026-08-03T22:14:37.378-07:00
water_draw_3,2026-08-03T22:14:38.005-07:00,246.691,drawing,,open,9.0,8.650412,2.09875,49.374999999999986,120.87499999999997,28.54166666666667,83.375,23.700000000000003,74.66,1434,1234,852,237,WH-station1,2026-08-03T22:14:37.883-07:00
water_draw_3,2026-08-03T22:14:38.509-07:00,247.196,drawing,,open,9.0,8.667857,2.073229166666667,49.062500000000014,120.31250000000003,28.229166666666686,82.81250000000003,23.6,74.48,1431,1231,847,236,WH-station1,2026-08-03T22:14:38.388-07:00
water_draw_3,2026-08-03T22:14:39.014-07:00,247.701,drawing,,open,9.0,8.685468,2.093645833333333,49.27083333333333,120.6875,28.645833333333343,83.56250000000003,23.6,74.48,1433,1235,851,236,WH-station1,2026-08-03T22:14:38.894-07:00
water_draw_3,2026-08-03T22:14:39.519-07:00,248.205,drawing,,open,9.0,8.702996,2.0834374999999996,49.27083333333333,120.6875,28.229166666666686,82.81250000000003,23.5,74.30000000000001,1433,1231,849,235,WH-station1,2026-08-03T22:14:39.399-07:00
water_draw_3,2026-08-03T22:14:40.023-07:00,248.710,drawing,,open,9.0,8.720647,2.09875,49.27083333333333,120.6875,28.229166666666686,82.81250000000003,23.6,74.48,1433,1231,852,236,WH-station1,2026-08-03T22:14:39.904-07:00
water_draw_3,2026-08-03T22:14:40.528-07:00,249.215,drawing,,open,9.0,8.738345,2.1038541666666664,49.16666666666664,120.49999999999997,28.125,82.625,23.5,74.30000000000001,1432,1230,853,235,WH-station1,2026-08-03T22:14:40.410-07:00
water_draw_3,2026-08-03T22:14:41.033-07:00,249.719,drawing,,open,9.0,8.756041,2.1038541666666664,49.27083333333333,120.6875,28.4375,83.1875,23.6,74.48,1433,1233,853,236,WH-station1,2026-08-03T22:14:40.915-07:00
water_draw_3,2026-08-03T22:14:41.538-07:00,250.224,drawing,,open,9.0,8.773825,2.1140625,49.27083333333333,120.6875,28.54166666666667,83.375,23.6,74.48,1433,1234,855,236,WH-station1,2026-08-03T22:14:41.420-07:00
water_draw_3,2026-08-03T22:14:42.042-07:00,250.729,drawing,,open,9.0,8.791395,2.0885416666666665,49.27083333333333,120.6875,28.125,82.625,23.6,74.48,1433,1230,850,236,WH-station1,2026-08-03T22:14:41.925-07:00
water_draw_3,2026-08-03T22:14:42.547-07:00,251.234,drawing,,open,9.0,8.809135,2.1089583333333333,49.16666666666664,120.49999999999997,28.229166666666686,82.81250000000003,23.5,74.30000000000001,1432,1231,854,235,WH-station1,2026-08-03T22:14:42.431-07:00
water_draw_3,2026-08-03T22:14:43.052-07:00,251.738,drawing,,open,9.0,8.826878,2.1089583333333333,49.16666666666664,120.49999999999997,28.229166666666686,82.81250000000003,23.5,74.30000000000001,1432,1231,854,235,WH-station1,2026-08-03T22:14:42.936-07:00
water_draw_3,2026-08-03T22:14:43.556-07:00,252.243,drawing,,open,9.0,8.844402,2.0834374999999996,49.062500000000014,120.31250000000003,28.020833333333343,82.4375,23.6,74.48,1431,1229,849,236,WH-station1,2026-08-03T22:14:43.441-07:00
water_draw_3,2026-08-03T22:14:44.061-07:00,252.748,drawing,,open,9.0,8.861970,2.0885416666666665,49.062500000000014,120.31250000000003,27.812500000000014,82.06250000000003,23.6,74.48,1431,1227,850,236,WH-station1,2026-08-03T22:14:43.946-07:00
water_draw_3,2026-08-03T22:14:44.566-07:00,253.253,drawing,,open,9.0,8.879626,2.09875,49.27083333333333,120.6875,28.020833333333343,82.4375,23.6,74.48,1433,1229,852,236,WH-station1,2026-08-03T22:14:44.452-07:00
water_draw_3,2026-08-03T22:14:45.071-07:00,253.757,drawing,,open,9.0,8.897111,2.0783333333333336,49.27083333333333,120.6875,28.125,82.625,23.5,74.30000000000001,1433,1230,848,235,WH-station1,2026-08-03T22:14:44.957-07:00
water_draw_3,2026-08-03T22:14:45.575-07:00,254.262,drawing,,open,9.0,8.914807,2.1038541666666664,49.27083333333333,120.6875,28.333333333333343,83.00000000000003,23.6,74.48,1433,1232,853,236,WH-station1,2026-08-03T22:14:45.462-07:00
water_draw_3,2026-08-03T22:14:46.080-07:00,254.767,drawing,,open,9.0,8.932503,2.1038541666666664,49.062500000000014,120.31250000000003,28.229166666666686,82.81250000000003,23.6,74.48,1431,1231,853,236,WH-station1,2026-08-03T22:14:45.967-07:00
water_draw_3,2026-08-03T22:14:46.585-07:00,255.271,drawing,,open,9.0,8.950162,2.09875,49.062500000000014,120.31250000000003,28.4375,83.1875,23.5,74.30000000000001,1431,1233,852,235,WH-station1,2026-08-03T22:14:46.472-07:00
water_draw_3,2026-08-03T22:14:47.090-07:00,255.776,drawing,,open,9.0,8.967600,2.073229166666667,49.16666666666664,120.49999999999997,28.125,82.625,23.5,74.30000000000001,1432,1230,847,235,WH-station1,2026-08-03T22:14:46.977-07:00
water_draw_3,2026-08-03T22:14:47.594-07:00,256.281,drawing,,open,9.0,8.985296,2.1038541666666664,49.27083333333333,120.6875,28.54166666666667,83.375,23.6,74.48,1433,1234,853,236,WH-station1,2026-08-03T22:14:47.481-07:00
water_draw_3,2026-08-03T22:14:48.099-07:00,256.786,drawing,,open,9.0,9.003038,2.1089583333333333,49.27083333333333,120.6875,28.229166666666686,82.81250000000003,23.6,74.48,1433,1231,854,236,WH-station1,2026-08-03T22:14:47.986-07:00
water_draw_3,2026-08-03T22:14:48.104-07:00,256.794,completed,target_reached,closed,9.0,9.003038,2.1089583333333333,49.27083333333333,120.6875,28.229166666666686,82.81250000000003,23.6,74.48,1433,1231,854,236,WH-station1,2026-08-03T22:14:47.986-07:00
