2026-08-30 19:40:24,572 INFO  [default] link ACK received: device_information
2026-08-30 19:40:24,725 INFO  [default] message type supported received: 2
2026-08-30 19:40:24,725 INFO  [default] device info response received. response code: 0 - success
2026-08-30 19:40:24,725 INFO  [default]   CTA-2045 version: B
2026-08-30 19:40:24,725 INFO  [default]   device type: 3 - Water Heater - Heat Pump
2026-08-30 19:40:24,725 INFO  [default]   vendor ID: 336
2026-08-30 19:40:24,766 INFO  [default] starting commodity service...
2026-08-30 19:40:24,929 INFO  [default] link ACK received: get_commodity
2026-08-30 19:40:25,097 INFO  [default] message type supported received: 2
2026-08-30 19:40:25,097 INFO  [default] commodity response received. response code: 0 - success; count: 6
2026-08-30 19:40:25,097 INFO  [default] commodity code: 0 - Electricity consumed (W & W-hr)
2026-08-30 19:40:25,097 INFO  [default]            source: Estimated
2026-08-30 19:40:25,097 INFO  [default]   cumulative: 142000
2026-08-30 19:40:25,097 INFO  [default]    inst rate: 0
2026-08-30 19:40:25,097 INFO  [default] commodity code 8 - Rated max consumption level electricity (W) is not recorded in the commodity CSV
2026-08-30 19:40:25,098 INFO  [default] commodity code: 6 - Total energy storage/take capacity (W-hr)
2026-08-30 19:40:25,098 INFO  [default]            source: Estimated
2026-08-30 19:40:25,098 INFO  [default]   cumulative: 9190
2026-08-30 19:40:25,098 INFO  [default]    inst rate: not used for this commodity code
2026-08-30 19:40:25,098 INFO  [default] commodity code: 7 - Present energy storage/take capacity (W-hr)
2026-08-30 19:40:25,098 INFO  [default]            source: Estimated
2026-08-30 19:40:25,098 INFO  [default]   cumulative: 596
2026-08-30 19:40:25,098 INFO  [default]    inst rate: not used for this commodity code
2026-08-30 19:40:25,098 INFO  [default] commodity code: 10 - Advanced load up total energy storage/take capacity (W-hr)
2026-08-30 19:40:25,098 INFO  [default]            source: Estimated
2026-08-30 19:40:25,098 INFO  [default]   cumulative: 12371
2026-08-30 19:40:25,098 INFO  [default]    inst rate: not used for this commodity code
2026-08-30 19:40:25,098 INFO  [default] commodity code: 11 - Advanced load up present energy storage/take capacity (W-hr)
2026-08-30 19:40:25,098 INFO  [default]            source: Estimated
2026-08-30 19:40:25,098 INFO  [default]   cumulative: 3777
2026-08-30 19:40:25,098 INFO  [default]    inst rate: not used for this commodity code
2026-08-30 19:40:25,301 INFO  [default] link ACK received: query_operational_state
2026-08-30 19:40:25,424 INFO  [default] operational state received: 0

Press Enter for a list of commands
1788144025,o,0 (PASSED!)
outside communication found
2026-08-30 19:40:26,528 INFO  [default] link ACK received: outside_communication
2026-08-30 19:40:26,651 INFO  [default] app ack received
a- Advanced Loadup
c- Critical Peak Event
e- End shed/Normal
g- Grid Emergency
l- Loadup
o- Outside Communication
s- Shed
v- Enable advanced load up capability
x- Disable advanced load up capability
z- Quit and return operation to normal
q- Quit
enter choice: 1788144040,s,0 (PASSED!)
shedding
2026-08-30 19:40:40,881 INFO  [default] link ACK received: shed
2026-08-30 19:40:41,004 INFO  [default] app ack received
2026-08-30 19:40:43,944 INFO  [default] app cust override received: 0
2026-08-30 19:40:44,146 INFO  [default] link ACK received: none
2026-08-30 19:40:55,231 INFO  [default] link ACK received: query_operational_state
2026-08-30 19:40:55,354 INFO  [default] operational state received: 4

Press Enter for a list of commands
2026-08-30 19:41:25,616 INFO  [default] link ACK received: get_commodity
2026-08-30 19:41:25,784 INFO  [default] message type supported received: 2
2026-08-30 19:41:25,784 INFO  [default] commodity response received. response code: 0 - success; count: 6
2026-08-30 19:41:25,785 INFO  [default] commodity code: 0 - Electricity consumed (W & W-hr)
2026-08-30 19:41:25,785 INFO  [default]            source: Estimated
2026-08-30 19:41:25,785 INFO  [default]   cumulative: 142000
2026-08-30 19:41:25,785 INFO  [default]    inst rate: 0
2026-08-30 19:41:25,785 INFO  [default] commodity code 8 - Rated max consumption level electricity (W) is not recorded in the commodity CSV
2026-08-30 19:41:25,785 INFO  [default] commodity code: 6 - Total energy storage/take capacity (W-hr)
2026-08-30 19:41:25,786 INFO  [default]            source: Estimated
2026-08-30 19:41:25,786 INFO  [default]   cumulative: 9190
2026-08-30 19:41:25,786 INFO  [default]    inst rate: not used for this commodity code
2026-08-30 19:41:25,786 INFO  [default] commodity code: 7 - Present energy storage/take capacity (W-hr)
2026-08-30 19:41:25,786 INFO  [default]            source: Estimated
2026-08-30 19:41:25,786 INFO  [default]   cumulative: 596
2026-08-30 19:41:25,786 INFO  [default]    inst rate: not used for this commodity code
2026-08-30 19:41:25,786 INFO  [default] commodity code: 10 - Advanced load up total energy storage/take capacity (W-hr)
2026-08-30 19:41:25,787 INFO  [default]            source: Estimated
2026-08-30 19:41:25,787 INFO  [default]   cumulative: 12371
2026-08-30 19:41:25,787 INFO  [default]    inst rate: not used for this commodity code
2026-08-30 19:41:25,787 INFO  [default] commodity code: 11 - Advanced load up present energy storage/take capacity (W-hr)
2026-08-30 19:41:25,787 INFO  [default]            source: Estimated
2026-08-30 19:41:25,787 INFO  [default]   cumulative: 3777
2026-08-30 19:41:25,787 INFO  [default]    inst rate: not used for this commodity code
2026-08-30 19:41:25,990 INFO  [default] link ACK received: query_operational_state
2026-08-30 19:41:26,114 INFO  [default] operational state received: 4

Press Enter for a list of commands
2026-08-30 19:41:55,376 INFO  [default] link ACK received: query_operational_state
2026-08-30 19:41:55,499 INFO  [default] operational state received: 4

Press Enter for a list of commands
2026-08-30 19:42:25,764 INFO  [default] link ACK received: get_commodity
2026-08-30 19:42:25,932 INFO  [default] message type supported received: 2
2026-08-30 19:42:25,933 INFO  [default] commodity response received. response code: 0 - success; count: 6
2026-08-30 19:42:25,933 INFO  [default] commodity code: 0 - Electricity consumed (W & W-hr)
2026-08-30 19:42:25,933 INFO  [default]            source: Estimated
2026-08-30 19:42:25,933 INFO  [default]   cumulative: 142000
2026-08-30 19:42:25,933 INFO  [default]    inst rate: 0
2026-08-30 19:42:25,934 INFO  [default] commodity code 8 - Rated max consumption level electricity (W) is not recorded in the commodity CSV
2026-08-30 19:42:25,934 INFO  [default] commodity code: 6 - Total energy storage/take capacity (W-hr)
2026-08-30 19:42:25,934 INFO  [default]            source: Estimated
2026-08-30 19:42:25,934 INFO  [default]   cumulative: 9190
2026-08-30 19:42:25,934 INFO  [default]    inst rate: not used for this commodity code
2026-08-30 19:42:25,934 INFO  [default] commodity code: 7 - Present energy storage/take capacity (W-hr)
2026-08-30 19:42:25,934 INFO  [default]            source: Estimated
2026-08-30 19:42:25,934 INFO  [default]   cumulative: 596
2026-08-30 19:42:25,935 INFO  [default]    inst rate: not used for this commodity code
2026-08-30 19:42:25,935 INFO  [default] commodity code: 10 - Advanced load up total energy storage/take capacity (W-hr)
2026-08-30 19:42:25,935 INFO  [default]            source: Estimated
2026-08-30 19:42:25,935 INFO  [default]   cumulative: 12371
2026-08-30 19:42:25,935 INFO  [default]    inst rate: not used for this commodity code
2026-08-30 19:42:25,935 INFO  [default] commodity code: 11 - Advanced load up present energy storage/take capacity (W-hr)
2026-08-30 19:42:25,935 INFO  [default]            source: Estimated
2026-08-30 19:42:25,935 INFO  [default]   cumulative: 3777
2026-08-30 19:42:25,936 INFO  [default]    inst rate: not used for this commodity code
2026-08-30 19:42:26,138 INFO  [default] link ACK received: query_operational_state
2026-08-30 19:42:26,262 INFO  [default] operational state received: 4

Press Enter for a list of commands
2026-08-30 19:42:55,521 INFO  [default] link ACK received: query_operational_state
2026-08-30 19:42:55,644 INFO  [default] operational state received: 4

Press Enter for a list of commands
2026-08-30 19:43:25,908 INFO  [default] link ACK received: get_commodity
2026-08-30 19:43:26,078 INFO  [default] message type supported received: 2
2026-08-30 19:43:26,078 INFO  [default] commodity response received. response code: 0 - success; count: 6
2026-08-30 19:43:26,078 INFO  [default] commodity code: 0 - Electricity consumed (W & W-hr)
2026-08-30 19:43:26,078 INFO  [default]            source: Estimated
2026-08-30 19:43:26,079 INFO  [default]   cumulative: 142000
2026-08-30 19:43:26,079 INFO  [default]    inst rate: 0
2026-08-30 19:43:26,079 INFO  [default] commodity code 8 - Rated max consumption level electricity (W) is not recorded in the commodity CSV
2026-08-30 19:43:26,079 INFO  [default] commodity code: 6 - Total energy storage/take capacity (W-hr)
2026-08-30 19:43:26,079 INFO  [default]            source: Estimated
2026-08-30 19:43:26,079 INFO  [default]   cumulative: 9190
2026-08-30 19:43:26,079 INFO  [default]    inst rate: not used for this commodity code
2026-08-30 19:43:26,079 INFO  [default] commodity code: 7 - Present energy storage/take capacity (W-hr)
2026-08-30 19:43:26,080 INFO  [default]            source: Estimated
2026-08-30 19:43:26,080 INFO  [default]   cumulative: 640
2026-08-30 19:43:26,080 INFO  [default]    inst rate: not used for this commodity code
2026-08-30 19:43:26,080 INFO  [default] commodity code: 10 - Advanced load up total energy storage/take capacity (W-hr)
2026-08-30 19:43:26,080 INFO  [default]            source: Estimated
2026-08-30 19:43:26,080 INFO  [default]   cumulative: 12371
2026-08-30 19:43:26,080 INFO  [default]    inst rate: not used for this commodity code
2026-08-30 19:43:26,080 INFO  [default] commodity code: 11 - Advanced load up present energy storage/take capacity (W-hr)
2026-08-30 19:43:26,081 INFO  [default]            source: Estimated
2026-08-30 19:43:26,081 INFO  [default]   cumulative: 3822
2026-08-30 19:43:26,081 INFO  [default]    inst rate: not used for this commodity code
2026-08-30 19:43:26,284 INFO  [default] link ACK received: query_operational_state
2026-08-30 19:43:26,407 INFO  [default] operational state received: 4

Press Enter for a list of commands
2026-08-30 19:43:55,667 INFO  [default] link ACK received: query_operational_state
2026-08-30 19:43:55,791 INFO  [default] operational state received: 4

Press Enter for a list of commands
2026-08-30 19:44:25,054 INFO  [default] link ACK received: get_commodity
2026-08-30 19:44:25,223 INFO  [default] message type supported received: 2
2026-08-30 19:44:25,224 INFO  [default] commodity response received. response code: 0 - success; count: 6
2026-08-30 19:44:25,224 INFO  [default] commodity code: 0 - Electricity consumed (W & W-hr)
2026-08-30 19:44:25,224 INFO  [default]            source: Estimated
2026-08-30 19:44:25,224 INFO  [default]   cumulative: 142000
2026-08-30 19:44:25,224 INFO  [default]    inst rate: 0
2026-08-30 19:44:25,225 INFO  [default] commodity code 8 - Rated max consumption level electricity (W) is not recorded in the commodity CSV
2026-08-30 19:44:25,225 INFO  [default] commodity code: 6 - Total energy storage/take capacity (W-hr)
2026-08-30 19:44:25,225 INFO  [default]            source: Estimated
2026-08-30 19:44:25,225 INFO  [default]   cumulative: 9190
2026-08-30 19:44:25,225 INFO  [default]    inst rate: not used for this commodity code
2026-08-30 19:44:25,225 INFO  [default] commodity code: 7 - Present energy storage/take capacity (W-hr)
2026-08-30 19:44:25,225 INFO  [default]            source: Estimated
2026-08-30 19:44:25,226 INFO  [default]   cumulative: 706
2026-08-30 19:44:25,226 INFO  [default]    inst rate: not used for this commodity code
2026-08-30 19:44:25,226 INFO  [default] commodity code: 10 - Advanced load up total energy storage/take capacity (W-hr)
2026-08-30 19:44:25,226 INFO  [default]            source: Estimated
2026-08-30 19:44:25,226 INFO  [default]   cumulative: 12371
2026-08-30 19:44:25,226 INFO  [default]    inst rate: not used for this commodity code
2026-08-30 19:44:25,226 INFO  [default] commodity code: 11 - Advanced load up present energy storage/take capacity (W-hr)
2026-08-30 19:44:25,226 INFO  [default]            source: Estimated
2026-08-30 19:44:25,227 INFO  [default]   cumulative: 3888
2026-08-30 19:44:25,227 INFO  [default]    inst rate: not used for this commodity code
2026-08-30 19:44:25,429 INFO  [default] link ACK received: query_operational_state
2026-08-30 19:44:25,553 INFO  [default] operational state received: 4

Press Enter for a list of commands
2026-08-30 19:44:55,813 INFO  [default] link ACK received: query_operational_state
2026-08-30 19:44:55,936 INFO  [default] operational state received: 4

Press Enter for a list of commands
2026-08-30 19:45:25,200 INFO  [default] link ACK received: get_commodity
2026-08-30 19:45:25,369 INFO  [default] message type supported received: 2
2026-08-30 19:45:25,369 INFO  [default] commodity response received. response code: 0 - success; count: 6
2026-08-30 19:45:25,370 INFO  [default] commodity code: 0 - Electricity consumed (W & W-hr)
2026-08-30 19:45:25,370 INFO  [default]            source: Estimated
2026-08-30 19:45:25,370 INFO  [default]   cumulative: 142000
2026-08-30 19:45:25,370 INFO  [default]    inst rate: 0
2026-08-30 19:45:25,370 INFO  [default] commodity code 8 - Rated max consumption level electricity (W) is not recorded in the commodity CSV
2026-08-30 19:45:25,370 INFO  [default] commodity code: 6 - Total energy storage/take capacity (W-hr)
2026-08-30 19:45:25,370 INFO  [default]            source: Estimated
2026-08-30 19:45:25,370 INFO  [default]   cumulative: 9190
2026-08-30 19:45:25,371 INFO  [default]    inst rate: not used for this commodity code
2026-08-30 19:45:25,371 INFO  [default] commodity code: 7 - Present energy storage/take capacity (W-hr)
2026-08-30 19:45:25,371 INFO  [default]            source: Estimated
2026-08-30 19:45:25,371 INFO  [default]   cumulative: 773
2026-08-30 19:45:25,371 INFO  [default]    inst rate: not used for this commodity code
2026-08-30 19:45:25,371 INFO  [default] commodity code: 10 - Advanced load up total energy storage/take capacity (W-hr)
2026-08-30 19:45:25,371 INFO  [default]            source: Estimated
2026-08-30 19:45:25,371 INFO  [default]   cumulative: 12371
2026-08-30 19:45:25,372 INFO  [default]    inst rate: not used for this commodity code
2026-08-30 19:45:25,372 INFO  [default] commodity code: 11 - Advanced load up present energy storage/take capacity (W-hr)
2026-08-30 19:45:25,372 INFO  [default]            source: Estimated
2026-08-30 19:45:25,372 INFO  [default]   cumulative: 3954
2026-08-30 19:45:25,372 INFO  [default]    inst rate: not used for this commodity code
2026-08-30 19:45:25,575 INFO  [default] link ACK received: query_operational_state
2026-08-30 19:45:25,698 INFO  [default] operational state received: 4

Press Enter for a list of commands
2026-08-30 19:45:54,958 INFO  [default] link ACK received: query_operational_state
2026-08-30 19:45:55,082 INFO  [default] operational state received: 4

Press Enter for a list of commands
2026-08-30 19:46:25,346 INFO  [default] link ACK received: get_commodity
2026-08-30 19:46:25,516 INFO  [default] message type supported received: 2
2026-08-30 19:46:25,516 INFO  [default] commodity response received. response code: 0 - success; count: 6
2026-08-30 19:46:25,517 INFO  [default] commodity code: 0 - Electricity consumed (W & W-hr)
2026-08-30 19:46:25,517 INFO  [default]            source: Estimated
2026-08-30 19:46:25,517 INFO  [default]   cumulative: 142000
2026-08-30 19:46:25,517 INFO  [default]    inst rate: 0
2026-08-30 19:46:25,518 INFO  [default] commodity code 8 - Rated max consumption level electricity (W) is not recorded in the commodity CSV
2026-08-30 19:46:25,518 INFO  [default] commodity code: 6 - Total energy storage/take capacity (W-hr)
2026-08-30 19:46:25,518 INFO  [default]            source: Estimated
2026-08-30 19:46:25,518 INFO  [default]   cumulative: 9190
2026-08-30 19:46:25,518 INFO  [default]    inst rate: not used for this commodity code
2026-08-30 19:46:25,518 INFO  [default] commodity code: 7 - Present energy storage/take capacity (W-hr)
2026-08-30 19:46:25,518 INFO  [default]            source: Estimated
2026-08-30 19:46:25,518 INFO  [default]   cumulative: 927
2026-08-30 19:46:25,519 INFO  [default]    inst rate: not used for this commodity code
2026-08-30 19:46:25,519 INFO  [default] commodity code: 10 - Advanced load up total energy storage/take capacity (W-hr)
2026-08-30 19:46:25,519 INFO  [default]            source: Estimated
2026-08-30 19:46:25,519 INFO  [default]   cumulative: 12371
2026-08-30 19:46:25,519 INFO  [default]    inst rate: not used for this commodity code
2026-08-30 19:46:25,519 INFO  [default] commodity code: 11 - Advanced load up present energy storage/take capacity (W-hr)
2026-08-30 19:46:25,519 INFO  [default]            source: Estimated
2026-08-30 19:46:25,519 INFO  [default]   cumulative: 4109
2026-08-30 19:46:25,520 INFO  [default]    inst rate: not used for this commodity code
2026-08-30 19:46:25,723 INFO  [default] link ACK received: query_operational_state
2026-08-30 19:46:25,847 INFO  [default] operational state received: 4

Press Enter for a list of commands
2026-08-30 19:46:55,106 INFO  [default] link ACK received: query_operational_state
2026-08-30 19:46:55,231 INFO  [default] operational state received: 4

Press Enter for a list of commands
2026-08-30 19:47:25,498 INFO  [default] link ACK received: get_commodity
2026-08-30 19:47:25,667 INFO  [default] message type supported received: 2
2026-08-30 19:47:25,667 INFO  [default] commodity response received. response code: 0 - success; count: 6
2026-08-30 19:47:25,668 INFO  [default] commodity code: 0 - Electricity consumed (W & W-hr)
2026-08-30 19:47:25,668 INFO  [default]            source: Estimated
2026-08-30 19:47:25,668 INFO  [default]   cumulative: 142000
2026-08-30 19:47:25,668 INFO  [default]    inst rate: 0
2026-08-30 19:47:25,668 INFO  [default] commodity code 8 - Rated max consumption level electricity (W) is not recorded in the commodity CSV
2026-08-30 19:47:25,668 INFO  [default] commodity code: 6 - Total energy storage/take capacity (W-hr)
2026-08-30 19:47:25,668 INFO  [default]            source: Estimated
2026-08-30 19:47:25,668 INFO  [default]   cumulative: 9190
2026-08-30 19:47:25,669 INFO  [default]    inst rate: not used for this commodity code
2026-08-30 19:47:25,669 INFO  [default] commodity code: 7 - Present energy storage/take capacity (W-hr)
2026-08-30 19:47:25,669 INFO  [default]            source: Estimated
2026-08-30 19:47:25,669 INFO  [default]   cumulative: 1215
2026-08-30 19:47:25,669 INFO  [default]    inst rate: not used for this commodity code
2026-08-30 19:47:25,669 INFO  [default] commodity code: 10 - Advanced load up total energy storage/take capacity (W-hr)
2026-08-30 19:47:25,669 INFO  [default]            source: Estimated
2026-08-30 19:47:25,669 INFO  [default]   cumulative: 12371
2026-08-30 19:47:25,670 INFO  [default]    inst rate: not used for this commodity code
2026-08-30 19:47:25,670 INFO  [default] commodity code: 11 - Advanced load up present energy storage/take capacity (W-hr)
2026-08-30 19:47:25,670 INFO  [default]            source: Estimated
2026-08-30 19:47:25,670 INFO  [default]   cumulative: 4396
2026-08-30 19:47:25,670 INFO  [default]    inst rate: not used for this commodity code
2026-08-30 19:47:25,872 INFO  [default] link ACK received: query_operational_state
2026-08-30 19:47:25,996 INFO  [default] operational state received: 4

Press Enter for a list of commands
2026-08-30 19:47:55,258 INFO  [default] link ACK received: query_operational_state
2026-08-30 19:47:55,381 INFO  [default] operational state received: 4

Press Enter for a list of commands
2026-08-30 19:48:25,650 INFO  [default] link ACK received: get_commodity
2026-08-30 19:48:25,819 INFO  [default] message type supported received: 2
2026-08-30 19:48:25,820 INFO  [default] commodity response received. response code: 0 - success; count: 6
2026-08-30 19:48:25,820 INFO  [default] commodity code: 0 - Electricity consumed (W & W-hr)
2026-08-30 19:48:25,820 INFO  [default]            source: Estimated
2026-08-30 19:48:25,820 INFO  [default]   cumulative: 142000
2026-08-30 19:48:25,821 INFO  [default]    inst rate: 0
2026-08-30 19:48:25,821 INFO  [default] commodity code 8 - Rated max consumption level electricity (W) is not recorded in the commodity CSV
2026-08-30 19:48:25,821 INFO  [default] commodity code: 6 - Total energy storage/take capacity (W-hr)
2026-08-30 19:48:25,821 INFO  [default]            source: Estimated
2026-08-30 19:48:25,821 INFO  [default]   cumulative: 9190
2026-08-30 19:48:25,821 INFO  [default]    inst rate: not used for this commodity code
2026-08-30 19:48:25,821 INFO  [default] commodity code: 7 - Present energy storage/take capacity (W-hr)
2026-08-30 19:48:25,822 INFO  [default]            source: Estimated
2026-08-30 19:48:25,822 INFO  [default]   cumulative: 1656
2026-08-30 19:48:25,822 INFO  [default]    inst rate: not used for this commodity code
2026-08-30 19:48:25,822 INFO  [default] commodity code: 10 - Advanced load up total energy storage/take capacity (W-hr)
2026-08-30 19:48:25,822 INFO  [default]            source: Estimated
2026-08-30 19:48:25,822 INFO  [default]   cumulative: 12371
2026-08-30 19:48:25,822 INFO  [default]    inst rate: not used for this commodity code
2026-08-30 19:48:25,822 INFO  [default] commodity code: 11 - Advanced load up present energy storage/take capacity (W-hr)
2026-08-30 19:48:25,822 INFO  [default]            source: Estimated
2026-08-30 19:48:25,823 INFO  [default]   cumulative: 4838
2026-08-30 19:48:25,823 INFO  [default]    inst rate: not used for this commodity code
2026-08-30 19:48:26,025 INFO  [default] link ACK received: query_operational_state
2026-08-30 19:48:26,149 INFO  [default] operational state received: 4

Press Enter for a list of commands
2026-08-30 19:48:55,406 INFO  [default] link ACK received: query_operational_state
2026-08-30 19:48:55,531 INFO  [default] operational state received: 4

Press Enter for a list of commands
2026-08-30 19:49:25,796 INFO  [default] link ACK received: get_commodity
2026-08-30 19:49:25,964 INFO  [default] message type supported received: 2
2026-08-30 19:49:25,964 INFO  [default] commodity response received. response code: 0 - success; count: 6
2026-08-30 19:49:25,965 INFO  [default] commodity code: 0 - Electricity consumed (W & W-hr)
2026-08-30 19:49:25,965 INFO  [default]            source: Estimated
2026-08-30 19:49:25,965 INFO  [default]   cumulative: 142000
2026-08-30 19:49:25,965 INFO  [default]    inst rate: 0
2026-08-30 19:49:25,965 INFO  [default] commodity code 8 - Rated max consumption level electricity (W) is not recorded in the commodity CSV
2026-08-30 19:49:25,965 INFO  [default] commodity code: 6 - Total energy storage/take capacity (W-hr)
2026-08-30 19:49:25,966 INFO  [default]            source: Estimated
2026-08-30 19:49:25,966 INFO  [default]   cumulative: 9190
2026-08-30 19:49:25,966 INFO  [default]    inst rate: not used for this commodity code
2026-08-30 19:49:25,966 INFO  [default] commodity code: 7 - Present energy storage/take capacity (W-hr)
2026-08-30 19:49:25,966 INFO  [default]            source: Estimated
2026-08-30 19:49:25,966 INFO  [default]   cumulative: 2297
2026-08-30 19:49:25,966 INFO  [default]    inst rate: not used for this commodity code
2026-08-30 19:49:25,966 INFO  [default] commodity code: 10 - Advanced load up total energy storage/take capacity (W-hr)
2026-08-30 19:49:25,967 INFO  [default]            source: Estimated
2026-08-30 19:49:25,967 INFO  [default]   cumulative: 12371
2026-08-30 19:49:25,967 INFO  [default]    inst rate: not used for this commodity code
2026-08-30 19:49:25,967 INFO  [default] commodity code: 11 - Advanced load up present energy storage/take capacity (W-hr)
2026-08-30 19:49:25,967 INFO  [default]            source: Estimated
2026-08-30 19:49:25,967 INFO  [default]   cumulative: 5479
2026-08-30 19:49:25,967 INFO  [default]    inst rate: not used for this commodity code
2026-08-30 19:49:26,170 INFO  [default] link ACK received: query_operational_state
2026-08-30 19:49:26,294 INFO  [default] operational state received: 4

Press Enter for a list of commands
2026-08-30 19:49:55,556 INFO  [default] link ACK received: query_operational_state
2026-08-30 19:49:55,679 INFO  [default] operational state received: 4

Press Enter for a list of commands
2026-08-30 19:50:24,945 INFO  [default] link ACK received: get_commodity
2026-08-30 19:50:25,114 INFO  [default] message type supported received: 2
2026-08-30 19:50:25,114 INFO  [default] commodity response received. response code: 0 - success; count: 6
2026-08-30 19:50:25,115 INFO  [default] commodity code: 0 - Electricity consumed (W & W-hr)
2026-08-30 19:50:25,115 INFO  [default]            source: Estimated
2026-08-30 19:50:25,115 INFO  [default]   cumulative: 142000
2026-08-30 19:50:25,115 INFO  [default]    inst rate: 0
2026-08-30 19:50:25,115 INFO  [default] commodity code 8 - Rated max consumption level electricity (W) is not recorded in the commodity CSV
2026-08-30 19:50:25,115 INFO  [default] commodity code: 6 - Total energy storage/take capacity (W-hr)
2026-08-30 19:50:25,115 INFO  [default]            source: Estimated
2026-08-30 19:50:25,116 INFO  [default]   cumulative: 9190
2026-08-30 19:50:25,116 INFO  [default]    inst rate: not used for this commodity code
2026-08-30 19:50:25,116 INFO  [default] commodity code: 7 - Present energy storage/take capacity (W-hr)
2026-08-30 19:50:25,116 INFO  [default]            source: Estimated
2026-08-30 19:50:25,116 INFO  [default]   cumulative: 2982
2026-08-30 19:50:25,116 INFO  [default]    inst rate: not used for this commodity code
2026-08-30 19:50:25,116 INFO  [default] commodity code: 10 - Advanced load up total energy storage/take capacity (W-hr)
2026-08-30 19:50:25,116 INFO  [default]            source: Estimated
2026-08-30 19:50:25,117 INFO  [default]   cumulative: 12371
2026-08-30 19:50:25,117 INFO  [default]    inst rate: not used for this commodity code
2026-08-30 19:50:25,117 INFO  [default] commodity code: 11 - Advanced load up present energy storage/take capacity (W-hr)
2026-08-30 19:50:25,117 INFO  [default]            source: Estimated
2026-08-30 19:50:25,117 INFO  [default]   cumulative: 6163
2026-08-30 19:50:25,117 INFO  [default]    inst rate: not used for this commodity code
2026-08-30 19:50:25,321 INFO  [default] link ACK received: query_operational_state
2026-08-30 19:50:25,445 INFO  [default] operational state received: 4

Press Enter for a list of commands
1788144625,o,0 (PASSED!)
outside communication found
2026-08-30 19:50:26,550 INFO  [default] link ACK received: outside_communication
2026-08-30 19:50:26,674 INFO  [default] app ack received
2026-08-30 19:50:54,930 INFO  [default] link ACK received: query_operational_state
2026-08-30 19:50:55,054 INFO  [default] operational state received: 4

Press Enter for a list of commands
2026-08-30 19:51:25,320 INFO  [default] link ACK received: get_commodity
2026-08-30 19:51:25,490 INFO  [default] message type supported received: 2
2026-08-30 19:51:25,490 INFO  [default] commodity response received. response code: 0 - success; count: 6
2026-08-30 19:51:25,490 INFO  [default] commodity code: 0 - Electricity consumed (W & W-hr)
2026-08-30 19:51:25,491 INFO  [default]            source: Estimated
2026-08-30 19:51:25,491 INFO  [default]   cumulative: 142000
2026-08-30 19:51:25,491 INFO  [default]    inst rate: 0
2026-08-30 19:51:25,491 INFO  [default] commodity code 8 - Rated max consumption level electricity (W) is not recorded in the commodity CSV
2026-08-30 19:51:25,491 INFO  [default] commodity code: 6 - Total energy storage/take capacity (W-hr)
2026-08-30 19:51:25,491 INFO  [default]            source: Estimated
2026-08-30 19:51:25,491 INFO  [default]   cumulative: 9190
2026-08-30 19:51:25,491 INFO  [default]    inst rate: not used for this commodity code
2026-08-30 19:51:25,492 INFO  [default] commodity code: 7 - Present energy storage/take capacity (W-hr)
2026-08-30 19:51:25,492 INFO  [default]            source: Estimated
2026-08-30 19:51:25,492 INFO  [default]   cumulative: 3534
2026-08-30 19:51:25,492 INFO  [default]    inst rate: not used for this commodity code
2026-08-30 19:51:25,492 INFO  [default] commodity code: 10 - Advanced load up total energy storage/take capacity (W-hr)
2026-08-30 19:51:25,492 INFO  [default]            source: Estimated
2026-08-30 19:51:25,492 INFO  [default]   cumulative: 12371
2026-08-30 19:51:25,493 INFO  [default]    inst rate: not used for this commodity code
2026-08-30 19:51:25,493 INFO  [default] commodity code: 11 - Advanced load up present energy storage/take capacity (W-hr)
2026-08-30 19:51:25,493 INFO  [default]            source: Estimated
2026-08-30 19:51:25,493 INFO  [default]   cumulative: 6716
2026-08-30 19:51:25,493 INFO  [default]    inst rate: not used for this commodity code
2026-08-30 19:51:25,695 INFO  [default] link ACK received: query_operational_state
2026-08-30 19:51:25,819 INFO  [default] operational state received: 4

Press Enter for a list of commands
2026-08-30 19:51:55,081 INFO  [default] link ACK received: query_operational_state
2026-08-30 19:51:55,204 INFO  [default] operational state received: 4

Press Enter for a list of commands
2026-08-30 19:52:25,470 INFO  [default] link ACK received: get_commodity
2026-08-30 19:52:25,638 INFO  [default] message type supported received: 2
2026-08-30 19:52:25,638 INFO  [default] commodity response received. response code: 0 - success; count: 6
2026-08-30 19:52:25,639 INFO  [default] commodity code: 0 - Electricity consumed (W & W-hr)
2026-08-30 19:52:25,639 INFO  [default]            source: Estimated
2026-08-30 19:52:25,639 INFO  [default]   cumulative: 142000
2026-08-30 19:52:25,639 INFO  [default]    inst rate: 0
2026-08-30 19:52:25,639 INFO  [default] commodity code 8 - Rated max consumption level electricity (W) is not recorded in the commodity CSV
2026-08-30 19:52:25,639 INFO  [default] commodity code: 6 - Total energy storage/take capacity (W-hr)
2026-08-30 19:52:25,640 INFO  [default]            source: Estimated
2026-08-30 19:52:25,640 INFO  [default]   cumulative: 9190
2026-08-30 19:52:25,640 INFO  [default]    inst rate: not used for this commodity code
2026-08-30 19:52:25,640 INFO  [default] commodity code: 7 - Present energy storage/take capacity (W-hr)
2026-08-30 19:52:25,640 INFO  [default]            source: Estimated
2026-08-30 19:52:25,640 INFO  [default]   cumulative: 3910
2026-08-30 19:52:25,640 INFO  [default]    inst rate: not used for this commodity code
2026-08-30 19:52:25,640 INFO  [default] commodity code: 10 - Advanced load up total energy storage/take capacity (W-hr)
2026-08-30 19:52:25,640 INFO  [default]            source: Estimated
2026-08-30 19:52:25,641 INFO  [default]   cumulative: 12371
2026-08-30 19:52:25,641 INFO  [default]    inst rate: not used for this commodity code
2026-08-30 19:52:25,641 INFO  [default] commodity code: 11 - Advanced load up present energy storage/take capacity (W-hr)
2026-08-30 19:52:25,641 INFO  [default]            source: Estimated
2026-08-30 19:52:25,641 INFO  [default]   cumulative: 7091
2026-08-30 19:52:25,641 INFO  [default]    inst rate: not used for this commodity code
2026-08-30 19:52:25,846 INFO  [default] link ACK received: query_operational_state
2026-08-30 19:52:25,969 INFO  [default] operational state received: 4

Press Enter for a list of commands
2026-08-30 19:52:55,233 INFO  [default] link ACK received: query_operational_state
2026-08-30 19:52:55,357 INFO  [default] operational state received: 4

Press Enter for a list of commands
2026-08-30 19:53:25,622 INFO  [default] link ACK received: get_commodity
2026-08-30 19:53:25,790 INFO  [default] message type supported received: 2
2026-08-30 19:53:25,790 INFO  [default] commodity response received. response code: 0 - success; count: 6
2026-08-30 19:53:25,791 INFO  [default] commodity code: 0 - Electricity consumed (W & W-hr)
2026-08-30 19:53:25,791 INFO  [default]            source: Estimated
2026-08-30 19:53:25,791 INFO  [default]   cumulative: 142000
2026-08-30 19:53:25,791 INFO  [default]    inst rate: 0
2026-08-30 19:53:25,791 INFO  [default] commodity code 8 - Rated max consumption level electricity (W) is not recorded in the commodity CSV
2026-08-30 19:53:25,792 INFO  [default] commodity code: 6 - Total energy storage/take capacity (W-hr)
2026-08-30 19:53:25,792 INFO  [default]            source: Estimated
2026-08-30 19:53:25,792 INFO  [default]   cumulative: 9190
2026-08-30 19:53:25,792 INFO  [default]    inst rate: not used for this commodity code
2026-08-30 19:53:25,792 INFO  [default] commodity code: 7 - Present energy storage/take capacity (W-hr)
2026-08-30 19:53:25,792 INFO  [default]            source: Estimated
2026-08-30 19:53:25,792 INFO  [default]   cumulative: 4175
2026-08-30 19:53:25,793 INFO  [default]    inst rate: not used for this commodity code
2026-08-30 19:53:25,793 INFO  [default] commodity code: 10 - Advanced load up total energy storage/take capacity (W-hr)
2026-08-30 19:53:25,793 INFO  [default]            source: Estimated
2026-08-30 19:53:25,793 INFO  [default]   cumulative: 12371
2026-08-30 19:53:25,793 INFO  [default]    inst rate: not used for this commodity code
2026-08-30 19:53:25,793 INFO  [default] commodity code: 11 - Advanced load up present energy storage/take capacity (W-hr)
2026-08-30 19:53:25,793 INFO  [default]            source: Estimated
2026-08-30 19:53:25,793 INFO  [default]   cumulative: 7356
2026-08-30 19:53:25,794 INFO  [default]    inst rate: not used for this commodity code
2026-08-30 19:53:25,999 INFO  [default] link ACK received: query_operational_state
2026-08-30 19:53:26,122 INFO  [default] operational state received: 4

Press Enter for a list of commands
2026-08-30 19:53:55,386 INFO  [default] link ACK received: query_operational_state
2026-08-30 19:53:55,509 INFO  [default] operational state received: 4

Press Enter for a list of commands
2026-08-30 19:54:25,774 INFO  [default] link ACK received: get_commodity
2026-08-30 19:54:25,942 INFO  [default] message type supported received: 2
2026-08-30 19:54:25,943 INFO  [default] commodity response received. response code: 0 - success; count: 6
2026-08-30 19:54:25,943 INFO  [default] commodity code: 0 - Electricity consumed (W & W-hr)
2026-08-30 19:54:25,943 INFO  [default]            source: Estimated
2026-08-30 19:54:25,944 INFO  [default]   cumulative: 142000
2026-08-30 19:54:25,944 INFO  [default]    inst rate: 0
2026-08-30 19:54:25,944 INFO  [default] commodity code 8 - Rated max consumption level electricity (W) is not recorded in the commodity CSV
2026-08-30 19:54:25,944 INFO  [default] commodity code: 6 - Total energy storage/take capacity (W-hr)
2026-08-30 19:54:25,944 INFO  [default]            source: Estimated
2026-08-30 19:54:25,944 INFO  [default]   cumulative: 9190
2026-08-30 19:54:25,944 INFO  [default]    inst rate: not used for this commodity code
2026-08-30 19:54:25,944 INFO  [default] commodity code: 7 - Present energy storage/take capacity (W-hr)
2026-08-30 19:54:25,944 INFO  [default]            source: Estimated
2026-08-30 19:54:25,945 INFO  [default]   cumulative: 4352
2026-08-30 19:54:25,945 INFO  [default]    inst rate: not used for this commodity code
2026-08-30 19:54:25,945 INFO  [default] commodity code: 10 - Advanced load up total energy storage/take capacity (W-hr)
2026-08-30 19:54:25,945 INFO  [default]            source: Estimated
2026-08-30 19:54:25,945 INFO  [default]   cumulative: 12371
2026-08-30 19:54:25,945 INFO  [default]    inst rate: not used for this commodity code
2026-08-30 19:54:25,945 INFO  [default] commodity code: 11 - Advanced load up present energy storage/take capacity (W-hr)
2026-08-30 19:54:25,946 INFO  [default]            source: Estimated
2026-08-30 19:54:25,946 INFO  [default]   cumulative: 7533
2026-08-30 19:54:25,946 INFO  [default]    inst rate: not used for this commodity code
2026-08-30 19:54:26,148 INFO  [default] link ACK received: query_operational_state
2026-08-30 19:54:26,272 INFO  [default] operational state received: 4

Press Enter for a list of commands
2026-08-30 19:54:55,531 INFO  [default] link ACK received: query_operational_state
2026-08-30 19:54:55,654 INFO  [default] operational state received: 4

Press Enter for a list of commands
2026-08-30 19:55:25,919 INFO  [default] link ACK received: get_commodity
2026-08-30 19:55:26,087 INFO  [default] message type supported received: 2
2026-08-30 19:55:26,088 INFO  [default] commodity response received. response code: 0 - success; count: 6
2026-08-30 19:55:26,088 INFO  [default] commodity code: 0 - Electricity consumed (W & W-hr)
2026-08-30 19:55:26,088 INFO  [default]            source: Estimated
2026-08-30 19:55:26,088 INFO  [default]   cumulative: 142000
2026-08-30 19:55:26,088 INFO  [default]    inst rate: 0
2026-08-30 19:55:26,089 INFO  [default] commodity code 8 - Rated max consumption level electricity (W) is not recorded in the commodity CSV
2026-08-30 19:55:26,089 INFO  [default] commodity code: 6 - Total energy storage/take capacity (W-hr)
2026-08-30 19:55:26,089 INFO  [default]            source: Estimated
2026-08-30 19:55:26,089 INFO  [default]   cumulative: 9190
2026-08-30 19:55:26,089 INFO  [default]    inst rate: not used for this commodity code
2026-08-30 19:55:26,089 INFO  [default] commodity code: 7 - Present energy storage/take capacity (W-hr)
2026-08-30 19:55:26,089 INFO  [default]            source: Estimated
2026-08-30 19:55:26,090 INFO  [default]   cumulative: 4484
2026-08-30 19:55:26,090 INFO  [default]    inst rate: not used for this commodity code
2026-08-30 19:55:26,090 INFO  [default] commodity code: 10 - Advanced load up total energy storage/take capacity (W-hr)
2026-08-30 19:55:26,090 INFO  [default]            source: Estimated
2026-08-30 19:55:26,090 INFO  [default]   cumulative: 12371
2026-08-30 19:55:26,090 INFO  [default]    inst rate: not used for this commodity code
2026-08-30 19:55:26,090 INFO  [default] commodity code: 11 - Advanced load up present energy storage/take capacity (W-hr)
2026-08-30 19:55:26,090 INFO  [default]            source: Estimated
2026-08-30 19:55:26,090 INFO  [default]   cumulative: 7666
2026-08-30 19:55:26,091 INFO  [default]    inst rate: not used for this commodity code
2026-08-30 19:55:26,293 INFO  [default] link ACK received: query_operational_state
2026-08-30 19:55:26,417 INFO  [default] operational state received: 4

Press Enter for a list of commands
2026-08-30 19:55:55,677 INFO  [default] link ACK received: query_operational_state
2026-08-30 19:55:55,800 INFO  [default] operational state received: 4

Press Enter for a list of commands
2026-08-30 19:56:25,064 INFO  [default] link ACK received: get_commodity
2026-08-30 19:56:25,232 INFO  [default] message type supported received: 2
2026-08-30 19:56:25,232 INFO  [default] commodity response received. response code: 0 - success; count: 6
2026-08-30 19:56:25,233 INFO  [default] commodity code: 0 - Electricity consumed (W & W-hr)
2026-08-30 19:56:25,233 INFO  [default]            source: Estimated
2026-08-30 19:56:25,233 INFO  [default]   cumulative: 142000
2026-08-30 19:56:25,233 INFO  [default]    inst rate: 0
2026-08-30 19:56:25,233 INFO  [default] commodity code 8 - Rated max consumption level electricity (W) is not recorded in the commodity CSV
2026-08-30 19:56:25,233 INFO  [default] commodity code: 6 - Total energy storage/take capacity (W-hr)
2026-08-30 19:56:25,233 INFO  [default]            source: Estimated
2026-08-30 19:56:25,234 INFO  [default]   cumulative: 9190
2026-08-30 19:56:25,234 INFO  [default]    inst rate: not used for this commodity code
2026-08-30 19:56:25,234 INFO  [default] commodity code: 7 - Present energy storage/take capacity (W-hr)
2026-08-30 19:56:25,234 INFO  [default]            source: Estimated
2026-08-30 19:56:25,234 INFO  [default]   cumulative: 4529
2026-08-30 19:56:25,234 INFO  [default]    inst rate: not used for this commodity code
2026-08-30 19:56:25,234 INFO  [default] commodity code: 10 - Advanced load up total energy storage/take capacity (W-hr)
2026-08-30 19:56:25,234 INFO  [default]            source: Estimated
2026-08-30 19:56:25,234 INFO  [default]   cumulative: 12371
2026-08-30 19:56:25,234 INFO  [default]    inst rate: not used for this commodity code
2026-08-30 19:56:25,235 INFO  [default] commodity code: 11 - Advanced load up present energy storage/take capacity (W-hr)
2026-08-30 19:56:25,235 INFO  [default]            source: Estimated
2026-08-30 19:56:25,235 INFO  [default]   cumulative: 7710
2026-08-30 19:56:25,235 INFO  [default]    inst rate: not used for this commodity code
2026-08-30 19:56:25,438 INFO  [default] link ACK received: query_operational_state
2026-08-30 19:56:25,562 INFO  [default] operational state received: 4

Press Enter for a list of commands
2026-08-30 19:56:55,823 INFO  [default] link ACK received: query_operational_state
2026-08-30 19:56:55,948 INFO  [default] operational state received: 4

Press Enter for a list of commands
2026-08-30 19:57:25,210 INFO  [default] link ACK received: get_commodity
2026-08-30 19:57:25,380 INFO  [default] message type supported received: 2
2026-08-30 19:57:25,380 INFO  [default] commodity response received. response code: 0 - success; count: 6
2026-08-30 19:57:25,381 INFO  [default] commodity code: 0 - Electricity consumed (W & W-hr)
2026-08-30 19:57:25,381 INFO  [default]            source: Estimated
2026-08-30 19:57:25,381 INFO  [default]   cumulative: 142000
2026-08-30 19:57:25,382 INFO  [default]    inst rate: 0
2026-08-30 19:57:25,382 INFO  [default] commodity code 8 - Rated max consumption level electricity (W) is not recorded in the commodity CSV
2026-08-30 19:57:25,382 INFO  [default] commodity code: 6 - Total energy storage/take capacity (W-hr)
2026-08-30 19:57:25,382 INFO  [default]            source: Estimated
2026-08-30 19:57:25,382 INFO  [default]   cumulative: 9190
2026-08-30 19:57:25,382 INFO  [default]    inst rate: not used for this commodity code
2026-08-30 19:57:25,382 INFO  [default] commodity code: 7 - Present energy storage/take capacity (W-hr)
2026-08-30 19:57:25,382 INFO  [default]            source: Estimated
2026-08-30 19:57:25,383 INFO  [default]   cumulative: 4617
2026-08-30 19:57:25,383 INFO  [default]    inst rate: not used for this commodity code
2026-08-30 19:57:25,383 INFO  [default] commodity code: 10 - Advanced load up total energy storage/take capacity (W-hr)
2026-08-30 19:57:25,383 INFO  [default]            source: Estimated
2026-08-30 19:57:25,383 INFO  [default]   cumulative: 12371
2026-08-30 19:57:25,383 INFO  [default]    inst rate: not used for this commodity code
2026-08-30 19:57:25,383 INFO  [default] commodity code: 11 - Advanced load up present energy storage/take capacity (W-hr)
2026-08-30 19:57:25,383 INFO  [default]            source: Estimated
2026-08-30 19:57:25,383 INFO  [default]   cumulative: 7798
2026-08-30 19:57:25,384 INFO  [default]    inst rate: not used for this commodity code
2026-08-30 19:57:25,586 INFO  [default] link ACK received: query_operational_state
2026-08-30 19:57:25,710 INFO  [default] operational state received: 4

Press Enter for a list of commands
2026-08-30 19:57:54,972 INFO  [default] link ACK received: query_operational_state
2026-08-30 19:57:55,096 INFO  [default] operational state received: 4

Press Enter for a list of commands
2026-08-30 19:58:25,362 INFO  [default] link ACK received: get_commodity
2026-08-30 19:58:25,530 INFO  [default] message type supported received: 2
2026-08-30 19:58:25,530 INFO  [default] commodity response received. response code: 0 - success; count: 6
2026-08-30 19:58:25,531 INFO  [default] commodity code: 0 - Electricity consumed (W & W-hr)
2026-08-30 19:58:25,531 INFO  [default]            source: Estimated
2026-08-30 19:58:25,531 INFO  [default]   cumulative: 142000
2026-08-30 19:58:25,531 INFO  [default]    inst rate: 0
2026-08-30 19:58:25,531 INFO  [default] commodity code 8 - Rated max consumption level electricity (W) is not recorded in the commodity CSV
2026-08-30 19:58:25,531 INFO  [default] commodity code: 6 - Total energy storage/take capacity (W-hr)
2026-08-30 19:58:25,531 INFO  [default]            source: Estimated
2026-08-30 19:58:25,532 INFO  [default]   cumulative: 9190
2026-08-30 19:58:25,532 INFO  [default]    inst rate: not used for this commodity code
2026-08-30 19:58:25,532 INFO  [default] commodity code: 7 - Present energy storage/take capacity (W-hr)
2026-08-30 19:58:25,532 INFO  [default]            source: Estimated
2026-08-30 19:58:25,532 INFO  [default]   cumulative: 4683
2026-08-30 19:58:25,532 INFO  [default]    inst rate: not used for this commodity code
2026-08-30 19:58:25,532 INFO  [default] commodity code: 10 - Advanced load up total energy storage/take capacity (W-hr)
2026-08-30 19:58:25,532 INFO  [default]            source: Estimated
2026-08-30 19:58:25,532 INFO  [default]   cumulative: 12371
2026-08-30 19:58:25,533 INFO  [default]    inst rate: not used for this commodity code
2026-08-30 19:58:25,533 INFO  [default] commodity code: 11 - Advanced load up present energy storage/take capacity (W-hr)
2026-08-30 19:58:25,533 INFO  [default]            source: Estimated
2026-08-30 19:58:25,533 INFO  [default]   cumulative: 7865
2026-08-30 19:58:25,533 INFO  [default]    inst rate: not used for this commodity code
2026-08-30 19:58:25,736 INFO  [default] link ACK received: query_operational_state
2026-08-30 19:58:25,860 INFO  [default] operational state received: 4

Press Enter for a list of commands
2026-08-30 19:58:55,119 INFO  [default] link ACK received: query_operational_state
2026-08-30 19:58:55,243 INFO  [default] operational state received: 4

Press Enter for a list of commands
2026-08-30 19:59:25,508 INFO  [default] link ACK received: get_commodity
2026-08-30 19:59:25,677 INFO  [default] message type supported received: 2
2026-08-30 19:59:25,677 INFO  [default] commodity response received. response code: 0 - success; count: 6
2026-08-30 19:59:25,678 INFO  [default] commodity code: 0 - Electricity consumed (W & W-hr)
2026-08-30 19:59:25,678 INFO  [default]            source: Estimated
2026-08-30 19:59:25,678 INFO  [default]   cumulative: 142000
2026-08-30 19:59:25,678 INFO  [default]    inst rate: 0
2026-08-30 19:59:25,678 INFO  [default] commodity code 8 - Rated max consumption level electricity (W) is not recorded in the commodity CSV
2026-08-30 19:59:25,678 INFO  [default] commodity code: 6 - Total energy storage/take capacity (W-hr)
2026-08-30 19:59:25,678 INFO  [default]            source: Estimated
2026-08-30 19:59:25,678 INFO  [default]   cumulative: 9190
2026-08-30 19:59:25,679 INFO  [default]    inst rate: not used for this commodity code
2026-08-30 19:59:25,679 INFO  [default] commodity code: 7 - Present energy storage/take capacity (W-hr)
2026-08-30 19:59:25,679 INFO  [default]            source: Estimated
2026-08-30 19:59:25,679 INFO  [default]   cumulative: 4749
2026-08-30 19:59:25,679 INFO  [default]    inst rate: not used for this commodity code
2026-08-30 19:59:25,679 INFO  [default] commodity code: 10 - Advanced load up total energy storage/take capacity (W-hr)
2026-08-30 19:59:25,679 INFO  [default]            source: Estimated
2026-08-30 19:59:25,679 INFO  [default]   cumulative: 12371
2026-08-30 19:59:25,680 INFO  [default]    inst rate: not used for this commodity code
2026-08-30 19:59:25,680 INFO  [default] commodity code: 11 - Advanced load up present energy storage/take capacity (W-hr)
2026-08-30 19:59:25,680 INFO  [default]            source: Estimated
2026-08-30 19:59:25,680 INFO  [default]   cumulative: 7931
2026-08-30 19:59:25,680 INFO  [default]    inst rate: not used for this commodity code
2026-08-30 19:59:25,883 INFO  [default] link ACK received: query_operational_state
2026-08-30 19:59:26,006 INFO  [default] operational state received: 4

Press Enter for a list of commands
2026-08-30 19:59:55,264 INFO  [default] link ACK received: query_operational_state
2026-08-30 19:59:55,387 INFO  [default] operational state received: 4

Press Enter for a list of commands
1788145225,o,0 (PASSED!)
outside communication found
2026-08-30 20:00:25,653 INFO  [default] link ACK received: outside_communication
2026-08-30 20:00:25,776 INFO  [default] app ack received
2026-08-30 20:00:25,980 INFO  [default] link ACK received: get_commodity
2026-08-30 20:00:26,148 INFO  [default] message type supported received: 2
2026-08-30 20:00:26,148 INFO  [default] commodity response received. response code: 0 - success; count: 6
2026-08-30 20:00:26,148 INFO  [default] commodity code: 0 - Electricity consumed (W & W-hr)
2026-08-30 20:00:26,149 INFO  [default]            source: Estimated
2026-08-30 20:00:26,149 INFO  [default]   cumulative: 142000
2026-08-30 20:00:26,149 INFO  [default]    inst rate: 0
2026-08-30 20:00:26,149 INFO  [default] commodity code 8 - Rated max consumption level electricity (W) is not recorded in the commodity CSV
2026-08-30 20:00:26,149 INFO  [default] commodity code: 6 - Total energy storage/take capacity (W-hr)
2026-08-30 20:00:26,149 INFO  [default]            source: Estimated
2026-08-30 20:00:26,149 INFO  [default]   cumulative: 9190
2026-08-30 20:00:26,149 INFO  [default]    inst rate: not used for this commodity code
2026-08-30 20:00:26,150 INFO  [default] commodity code: 7 - Present energy storage/take capacity (W-hr)
2026-08-30 20:00:26,150 INFO  [default]            source: Estimated
2026-08-30 20:00:26,150 INFO  [default]   cumulative: 4816
2026-08-30 20:00:26,150 INFO  [default]    inst rate: not used for this commodity code
2026-08-30 20:00:26,150 INFO  [default] commodity code: 10 - Advanced load up total energy storage/take capacity (W-hr)
2026-08-30 20:00:26,150 INFO  [default]            source: Estimated
2026-08-30 20:00:26,150 INFO  [default]   cumulative: 12371
2026-08-30 20:00:26,150 INFO  [default]    inst rate: not used for this commodity code
2026-08-30 20:00:26,150 INFO  [default] commodity code: 11 - Advanced load up present energy storage/take capacity (W-hr)
2026-08-30 20:00:26,150 INFO  [default]            source: Estimated
2026-08-30 20:00:26,151 INFO  [default]   cumulative: 7997
2026-08-30 20:00:26,151 INFO  [default]    inst rate: not used for this commodity code
2026-08-30 20:00:26,354 INFO  [default] link ACK received: query_operational_state
2026-08-30 20:00:26,477 INFO  [default] operational state received: 4

Press Enter for a list of commands
2026-08-30 20:00:55,737 INFO  [default] link ACK received: query_operational_state
2026-08-30 20:00:55,860 INFO  [default] operational state received: 4

Press Enter for a list of commands
2026-08-30 20:01:25,124 INFO  [default] link ACK received: get_commodity
2026-08-30 20:01:25,292 INFO  [default] message type supported received: 2
2026-08-30 20:01:25,292 INFO  [default] commodity response received. response code: 0 - success; count: 6
2026-08-30 20:01:25,293 INFO  [default] commodity code: 0 - Electricity consumed (W & W-hr)
2026-08-30 20:01:25,293 INFO  [default]            source: Estimated
2026-08-30 20:01:25,293 INFO  [default]   cumulative: 142000
2026-08-30 20:01:25,293 INFO  [default]    inst rate: 0
2026-08-30 20:01:25,294 INFO  [default] commodity code 8 - Rated max consumption level electricity (W) is not recorded in the commodity CSV
2026-08-30 20:01:25,294 INFO  [default] commodity code: 6 - Total energy storage/take capacity (W-hr)
2026-08-30 20:01:25,294 INFO  [default]            source: Estimated
2026-08-30 20:01:25,294 INFO  [default]   cumulative: 9190
2026-08-30 20:01:25,294 INFO  [default]    inst rate: not used for this commodity code
2026-08-30 20:01:25,294 INFO  [default] commodity code: 7 - Present energy storage/take capacity (W-hr)
2026-08-30 20:01:25,294 INFO  [default]            source: Estimated
2026-08-30 20:01:25,294 INFO  [default]   cumulative: 4882
2026-08-30 20:01:25,295 INFO  [default]    inst rate: not used for this commodity code
2026-08-30 20:01:25,295 INFO  [default] commodity code: 10 - Advanced load up total energy storage/take capacity (W-hr)
2026-08-30 20:01:25,295 INFO  [default]            source: Estimated
2026-08-30 20:01:25,295 INFO  [default]   cumulative: 12371
2026-08-30 20:01:25,295 INFO  [default]    inst rate: not used for this commodity code
2026-08-30 20:01:25,295 INFO  [default] commodity code: 11 - Advanced load up present energy storage/take capacity (W-hr)
2026-08-30 20:01:25,295 INFO  [default]            source: Estimated
2026-08-30 20:01:25,295 INFO  [default]   cumulative: 8063
2026-08-30 20:01:25,295 INFO  [default]    inst rate: not used for this commodity code
2026-08-30 20:01:25,498 INFO  [default] link ACK received: query_operational_state
2026-08-30 20:01:25,623 INFO  [default] operational state received: 4

Press Enter for a list of commands
2026-08-30 20:01:55,887 INFO  [default] link ACK received: query_operational_state
2026-08-30 20:01:56,010 INFO  [default] operational state received: 4

Press Enter for a list of commands
2026-08-30 20:02:25,273 INFO  [default] link ACK received: get_commodity
2026-08-30 20:02:25,441 INFO  [default] message type supported received: 2
2026-08-30 20:02:25,441 INFO  [default] commodity response received. response code: 0 - success; count: 6
2026-08-30 20:02:25,442 INFO  [default] commodity code: 0 - Electricity consumed (W & W-hr)
2026-08-30 20:02:25,442 INFO  [default]            source: Estimated
2026-08-30 20:02:25,442 INFO  [default]   cumulative: 142000
2026-08-30 20:02:25,442 INFO  [default]    inst rate: 0
2026-08-30 20:02:25,442 INFO  [default] commodity code 8 - Rated max consumption level electricity (W) is not recorded in the commodity CSV
2026-08-30 20:02:25,443 INFO  [default] commodity code: 6 - Total energy storage/take capacity (W-hr)
2026-08-30 20:02:25,443 INFO  [default]            source: Estimated
2026-08-30 20:02:25,443 INFO  [default]   cumulative: 9190
2026-08-30 20:02:25,443 INFO  [default]    inst rate: not used for this commodity code
2026-08-30 20:02:25,443 INFO  [default] commodity code: 7 - Present energy storage/take capacity (W-hr)
2026-08-30 20:02:25,443 INFO  [default]            source: Estimated
2026-08-30 20:02:25,443 INFO  [default]   cumulative: 5015
2026-08-30 20:02:25,443 INFO  [default]    inst rate: not used for this commodity code
2026-08-30 20:02:25,444 INFO  [default] commodity code: 10 - Advanced load up total energy storage/take capacity (W-hr)
2026-08-30 20:02:25,444 INFO  [default]            source: Estimated
2026-08-30 20:02:25,444 INFO  [default]   cumulative: 12371
2026-08-30 20:02:25,444 INFO  [default]    inst rate: not used for this commodity code
2026-08-30 20:02:25,444 INFO  [default] commodity code: 11 - Advanced load up present energy storage/take capacity (W-hr)
2026-08-30 20:02:25,444 INFO  [default]            source: Estimated
2026-08-30 20:02:25,444 INFO  [default]   cumulative: 8196
2026-08-30 20:02:25,444 INFO  [default]    inst rate: not used for this commodity code
2026-08-30 20:02:25,647 INFO  [default] link ACK received: query_operational_state
2026-08-30 20:02:25,770 INFO  [default] operational state received: 4

Press Enter for a list of commands
2026-08-30 20:02:55,030 INFO  [default] link ACK received: query_operational_state
2026-08-30 20:02:55,153 INFO  [default] operational state received: 4

Press Enter for a list of commands
2026-08-30 20:03:25,418 INFO  [default] link ACK received: get_commodity
2026-08-30 20:03:25,586 INFO  [default] message type supported received: 2
2026-08-30 20:03:25,587 INFO  [default] commodity response received. response code: 0 - success; count: 6
2026-08-30 20:03:25,587 INFO  [default] commodity code: 0 - Electricity consumed (W & W-hr)
2026-08-30 20:03:25,587 INFO  [default]            source: Estimated
2026-08-30 20:03:25,587 INFO  [default]   cumulative: 142000
2026-08-30 20:03:25,587 INFO  [default]    inst rate: 0
2026-08-30 20:03:25,587 INFO  [default] commodity code 8 - Rated max consumption level electricity (W) is not recorded in the commodity CSV
2026-08-30 20:03:25,588 INFO  [default] commodity code: 6 - Total energy storage/take capacity (W-hr)
2026-08-30 20:03:25,588 INFO  [default]            source: Estimated
2026-08-30 20:03:25,588 INFO  [default]   cumulative: 9190
2026-08-30 20:03:25,588 INFO  [default]    inst rate: not used for this commodity code
2026-08-30 20:03:25,588 INFO  [default] commodity code: 7 - Present energy storage/take capacity (W-hr)
2026-08-30 20:03:25,588 INFO  [default]            source: Estimated
2026-08-30 20:03:25,588 INFO  [default]   cumulative: 5258
2026-08-30 20:03:25,588 INFO  [default]    inst rate: not used for this commodity code
2026-08-30 20:03:25,588 INFO  [default] commodity code: 10 - Advanced load up total energy storage/take capacity (W-hr)
2026-08-30 20:03:25,589 INFO  [default]            source: Estimated
2026-08-30 20:03:25,589 INFO  [default]   cumulative: 12371
2026-08-30 20:03:25,589 INFO  [default]    inst rate: not used for this commodity code
2026-08-30 20:03:25,589 INFO  [default] commodity code: 11 - Advanced load up present energy storage/take capacity (W-hr)
2026-08-30 20:03:25,589 INFO  [default]            source: Estimated
2026-08-30 20:03:25,589 INFO  [default]   cumulative: 8439
2026-08-30 20:03:25,589 INFO  [default]    inst rate: not used for this commodity code
2026-08-30 20:03:25,792 INFO  [default] link ACK received: query_operational_state
2026-08-30 20:03:25,916 INFO  [default] operational state received: 2

Press Enter for a list of commands
2026-08-30 20:03:55,174 INFO  [default] link ACK received: query_operational_state
2026-08-30 20:03:55,298 INFO  [default] operational state received: 2

Press Enter for a list of commands
2026-08-30 20:04:25,561 INFO  [default] link ACK received: get_commodity
2026-08-30 20:04:25,732 INFO  [default] message type supported received: 2
2026-08-30 20:04:25,732 INFO  [default] commodity response received. response code: 0 - success; count: 6
2026-08-30 20:04:25,733 INFO  [default] commodity code: 0 - Electricity consumed (W & W-hr)
2026-08-30 20:04:25,733 INFO  [default]            source: Estimated
2026-08-30 20:04:25,733 INFO  [default]   cumulative: 142000
2026-08-30 20:04:25,733 INFO  [default]    inst rate: 0
2026-08-30 20:04:25,733 INFO  [default] commodity code 8 - Rated max consumption level electricity (W) is not recorded in the commodity CSV
2026-08-30 20:04:25,734 INFO  [default] commodity code: 6 - Total energy storage/take capacity (W-hr)
2026-08-30 20:04:25,734 INFO  [default]            source: Estimated
2026-08-30 20:04:25,734 INFO  [default]   cumulative: 9190
2026-08-30 20:04:25,734 INFO  [default]    inst rate: not used for this commodity code
2026-08-30 20:04:25,734 INFO  [default] commodity code: 7 - Present energy storage/take capacity (W-hr)
2026-08-30 20:04:25,734 INFO  [default]            source: Estimated
2026-08-30 20:04:25,734 INFO  [default]   cumulative: 5390
2026-08-30 20:04:25,734 INFO  [default]    inst rate: not used for this commodity code
2026-08-30 20:04:25,734 INFO  [default] commodity code: 10 - Advanced load up total energy storage/take capacity (W-hr)
2026-08-30 20:04:25,735 INFO  [default]            source: Estimated
2026-08-30 20:04:25,735 INFO  [default]   cumulative: 12371
2026-08-30 20:04:25,735 INFO  [default]    inst rate: not used for this commodity code
2026-08-30 20:04:25,735 INFO  [default] commodity code: 11 - Advanced load up present energy storage/take capacity (W-hr)
2026-08-30 20:04:25,735 INFO  [default]            source: Estimated
2026-08-30 20:04:25,735 INFO  [default]   cumulative: 8571
2026-08-30 20:04:25,735 INFO  [default]    inst rate: not used for this commodity code
2026-08-30 20:04:25,939 INFO  [default] link ACK received: query_operational_state
2026-08-30 20:04:26,063 INFO  [default] operational state received: 2

Press Enter for a list of commands
2026-08-30 20:04:55,328 INFO  [default] link ACK received: query_operational_state
2026-08-30 20:04:55,451 INFO  [default] operational state received: 2

Press Enter for a list of commands
2026-08-30 20:05:25,714 INFO  [default] link ACK received: get_commodity
2026-08-30 20:05:25,883 INFO  [default] message type supported received: 2
2026-08-30 20:05:25,883 INFO  [default] commodity response received. response code: 0 - success; count: 6
2026-08-30 20:05:25,884 INFO  [default] commodity code: 0 - Electricity consumed (W & W-hr)
2026-08-30 20:05:25,884 INFO  [default]            source: Estimated
2026-08-30 20:05:25,884 INFO  [default]   cumulative: 142000
2026-08-30 20:05:25,884 INFO  [default]    inst rate: 500
2026-08-30 20:05:25,884 INFO  [default] commodity code 8 - Rated max consumption level electricity (W) is not recorded in the commodity CSV
2026-08-30 20:05:25,885 INFO  [default] commodity code: 6 - Total energy storage/take capacity (W-hr)
2026-08-30 20:05:25,885 INFO  [default]            source: Estimated
2026-08-30 20:05:25,885 INFO  [default]   cumulative: 9190
2026-08-30 20:05:25,885 INFO  [default]    inst rate: not used for this commodity code
2026-08-30 20:05:25,885 INFO  [default] commodity code: 7 - Present energy storage/take capacity (W-hr)
2026-08-30 20:05:25,885 INFO  [default]            source: Estimated
2026-08-30 20:05:25,885 INFO  [default]   cumulative: 5545
2026-08-30 20:05:25,885 INFO  [default]    inst rate: not used for this commodity code
2026-08-30 20:05:25,885 INFO  [default] commodity code: 10 - Advanced load up total energy storage/take capacity (W-hr)
2026-08-30 20:05:25,886 INFO  [default]            source: Estimated
2026-08-30 20:05:25,886 INFO  [default]   cumulative: 12371
2026-08-30 20:05:25,886 INFO  [default]    inst rate: not used for this commodity code
2026-08-30 20:05:25,886 INFO  [default] commodity code: 11 - Advanced load up present energy storage/take capacity (W-hr)
2026-08-30 20:05:25,886 INFO  [default]            source: Estimated
2026-08-30 20:05:25,886 INFO  [default]   cumulative: 8726
2026-08-30 20:05:25,886 INFO  [default]    inst rate: not used for this commodity code
2026-08-30 20:05:26,089 INFO  [default] link ACK received: query_operational_state
2026-08-30 20:05:26,213 INFO  [default] operational state received: 2

Press Enter for a list of commands
2026-08-30 20:05:55,475 INFO  [default] link ACK received: query_operational_state
2026-08-30 20:05:55,598 INFO  [default] operational state received: 2

Press Enter for a list of commands
2026-08-30 20:06:25,861 INFO  [default] link ACK received: get_commodity
2026-08-30 20:06:26,032 INFO  [default] message type supported received: 2
2026-08-30 20:06:26,032 INFO  [default] commodity response received. response code: 0 - success; count: 6
2026-08-30 20:06:26,033 INFO  [default] commodity code: 0 - Electricity consumed (W & W-hr)
2026-08-30 20:06:26,033 INFO  [default]            source: Estimated
2026-08-30 20:06:26,033 INFO  [default]   cumulative: 142000
2026-08-30 20:06:26,033 INFO  [default]    inst rate: 500
2026-08-30 20:06:26,033 INFO  [default] commodity code 8 - Rated max consumption level electricity (W) is not recorded in the commodity CSV
2026-08-30 20:06:26,033 INFO  [default] commodity code: 6 - Total energy storage/take capacity (W-hr)
2026-08-30 20:06:26,033 INFO  [default]            source: Estimated
2026-08-30 20:06:26,034 INFO  [default]   cumulative: 9190
2026-08-30 20:06:26,034 INFO  [default]    inst rate: not used for this commodity code
2026-08-30 20:06:26,034 INFO  [default] commodity code: 7 - Present energy storage/take capacity (W-hr)
2026-08-30 20:06:26,034 INFO  [default]            source: Estimated
2026-08-30 20:06:26,034 INFO  [default]   cumulative: 5545
2026-08-30 20:06:26,034 INFO  [default]    inst rate: not used for this commodity code
2026-08-30 20:06:26,034 INFO  [default] commodity code: 10 - Advanced load up total energy storage/take capacity (W-hr)
2026-08-30 20:06:26,034 INFO  [default]            source: Estimated
2026-08-30 20:06:26,034 INFO  [default]   cumulative: 12371
2026-08-30 20:06:26,035 INFO  [default]    inst rate: not used for this commodity code
2026-08-30 20:06:26,035 INFO  [default] commodity code: 11 - Advanced load up present energy storage/take capacity (W-hr)
2026-08-30 20:06:26,035 INFO  [default]            source: Estimated
2026-08-30 20:06:26,035 INFO  [default]   cumulative: 8726
2026-08-30 20:06:26,035 INFO  [default]    inst rate: not used for this commodity code
2026-08-30 20:06:26,237 INFO  [default] link ACK received: query_operational_state
2026-08-30 20:06:26,361 INFO  [default] operational state received: 2

Press Enter for a list of commands
2026-08-30 20:06:55,618 INFO  [default] link ACK received: query_operational_state
2026-08-30 20:06:55,741 INFO  [default] operational state received: 2

Press Enter for a list of commands
2026-08-30 20:07:25,001 INFO  [default] link ACK received: get_commodity
2026-08-30 20:07:25,170 INFO  [default] message type supported received: 2
2026-08-30 20:07:25,170 INFO  [default] commodity response received. response code: 0 - success; count: 6
2026-08-30 20:07:25,171 INFO  [default] commodity code: 0 - Electricity consumed (W & W-hr)
2026-08-30 20:07:25,171 INFO  [default]            source: Estimated
2026-08-30 20:07:25,171 INFO  [default]   cumulative: 142000
2026-08-30 20:07:25,171 INFO  [default]    inst rate: 500
2026-08-30 20:07:25,172 INFO  [default] commodity code 8 - Rated max consumption level electricity (W) is not recorded in the commodity CSV
2026-08-30 20:07:25,172 INFO  [default] commodity code: 6 - Total energy storage/take capacity (W-hr)
2026-08-30 20:07:25,172 INFO  [default]            source: Estimated
2026-08-30 20:07:25,172 INFO  [default]   cumulative: 9190
2026-08-30 20:07:25,172 INFO  [default]    inst rate: not used for this commodity code
2026-08-30 20:07:25,172 INFO  [default] commodity code: 7 - Present energy storage/take capacity (W-hr)
2026-08-30 20:07:25,172 INFO  [default]            source: Estimated
2026-08-30 20:07:25,172 INFO  [default]   cumulative: 5545
2026-08-30 20:07:25,172 INFO  [default]    inst rate: not used for this commodity code
2026-08-30 20:07:25,173 INFO  [default] commodity code: 10 - Advanced load up total energy storage/take capacity (W-hr)
2026-08-30 20:07:25,173 INFO  [default]            source: Estimated
2026-08-30 20:07:25,173 INFO  [default]   cumulative: 12371
2026-08-30 20:07:25,173 INFO  [default]    inst rate: not used for this commodity code
2026-08-30 20:07:25,173 INFO  [default] commodity code: 11 - Advanced load up present energy storage/take capacity (W-hr)
2026-08-30 20:07:25,173 INFO  [default]            source: Estimated
2026-08-30 20:07:25,173 INFO  [default]   cumulative: 8726
2026-08-30 20:07:25,173 INFO  [default]    inst rate: not used for this commodity code
2026-08-30 20:07:25,376 INFO  [default] link ACK received: query_operational_state
2026-08-30 20:07:25,500 INFO  [default] operational state received: 2

Press Enter for a list of commands
2026-08-30 20:07:55,760 INFO  [default] link ACK received: query_operational_state
2026-08-30 20:07:55,883 INFO  [default] operational state received: 2

Press Enter for a list of commands
2026-08-30 20:08:25,142 INFO  [default] link ACK received: get_commodity
2026-08-30 20:08:25,311 INFO  [default] message type supported received: 2
2026-08-30 20:08:25,312 INFO  [default] commodity response received. response code: 0 - success; count: 6
2026-08-30 20:08:25,312 INFO  [default] commodity code: 0 - Electricity consumed (W & W-hr)
2026-08-30 20:08:25,312 INFO  [default]            source: Estimated
2026-08-30 20:08:25,312 INFO  [default]   cumulative: 142000
2026-08-30 20:08:25,312 INFO  [default]    inst rate: 500
2026-08-30 20:08:25,313 INFO  [default] commodity code 8 - Rated max consumption level electricity (W) is not recorded in the commodity CSV
2026-08-30 20:08:25,313 INFO  [default] commodity code: 6 - Total energy storage/take capacity (W-hr)
2026-08-30 20:08:25,313 INFO  [default]            source: Estimated
2026-08-30 20:08:25,313 INFO  [default]   cumulative: 9190
2026-08-30 20:08:25,313 INFO  [default]    inst rate: not used for this commodity code
2026-08-30 20:08:25,313 INFO  [default] commodity code: 7 - Present energy storage/take capacity (W-hr)
2026-08-30 20:08:25,313 INFO  [default]            source: Estimated
2026-08-30 20:08:25,313 INFO  [default]   cumulative: 5523
2026-08-30 20:08:25,313 INFO  [default]    inst rate: not used for this commodity code
2026-08-30 20:08:25,314 INFO  [default] commodity code: 10 - Advanced load up total energy storage/take capacity (W-hr)
2026-08-30 20:08:25,314 INFO  [default]            source: Estimated
2026-08-30 20:08:25,314 INFO  [default]   cumulative: 12371
2026-08-30 20:08:25,314 INFO  [default]    inst rate: not used for this commodity code
2026-08-30 20:08:25,314 INFO  [default] commodity code: 11 - Advanced load up present energy storage/take capacity (W-hr)
2026-08-30 20:08:25,314 INFO  [default]            source: Estimated
2026-08-30 20:08:25,314 INFO  [default]   cumulative: 8704
2026-08-30 20:08:25,314 INFO  [default]    inst rate: not used for this commodity code
2026-08-30 20:08:25,516 INFO  [default] link ACK received: query_operational_state
2026-08-30 20:08:25,640 INFO  [default] operational state received: 2

Press Enter for a list of commands
2026-08-30 20:08:55,900 INFO  [default] link ACK received: query_operational_state
2026-08-30 20:08:56,023 INFO  [default] operational state received: 2

Press Enter for a list of commands
2026-08-30 20:09:25,283 INFO  [default] link ACK received: get_commodity
2026-08-30 20:09:25,452 INFO  [default] message type supported received: 2
2026-08-30 20:09:25,452 INFO  [default] commodity response received. response code: 0 - success; count: 6
2026-08-30 20:09:25,452 INFO  [default] commodity code: 0 - Electricity consumed (W & W-hr)
2026-08-30 20:09:25,452 INFO  [default]            source: Estimated
2026-08-30 20:09:25,452 INFO  [default]   cumulative: 142000
2026-08-30 20:09:25,453 INFO  [default]    inst rate: 500
2026-08-30 20:09:25,453 INFO  [default] commodity code 8 - Rated max consumption level electricity (W) is not recorded in the commodity CSV
2026-08-30 20:09:25,453 INFO  [default] commodity code: 6 - Total energy storage/take capacity (W-hr)
2026-08-30 20:09:25,453 INFO  [default]            source: Estimated
2026-08-30 20:09:25,453 INFO  [default]   cumulative: 9190
2026-08-30 20:09:25,453 INFO  [default]    inst rate: not used for this commodity code
2026-08-30 20:09:25,453 INFO  [default] commodity code: 7 - Present energy storage/take capacity (W-hr)
2026-08-30 20:09:25,454 INFO  [default]            source: Estimated
2026-08-30 20:09:25,454 INFO  [default]   cumulative: 5523
2026-08-30 20:09:25,454 INFO  [default]    inst rate: not used for this commodity code
2026-08-30 20:09:25,454 INFO  [default] commodity code: 10 - Advanced load up total energy storage/take capacity (W-hr)
2026-08-30 20:09:25,454 INFO  [default]            source: Estimated
2026-08-30 20:09:25,454 INFO  [default]   cumulative: 12371
2026-08-30 20:09:25,454 INFO  [default]    inst rate: not used for this commodity code
2026-08-30 20:09:25,454 INFO  [default] commodity code: 11 - Advanced load up present energy storage/take capacity (W-hr)
2026-08-30 20:09:25,454 INFO  [default]            source: Estimated
2026-08-30 20:09:25,454 INFO  [default]   cumulative: 8704
2026-08-30 20:09:25,455 INFO  [default]    inst rate: not used for this commodity code
2026-08-30 20:09:25,657 INFO  [default] link ACK received: query_operational_state
2026-08-30 20:09:25,781 INFO  [default] operational state received: 2

Press Enter for a list of commands
2026-08-30 20:09:55,038 INFO  [default] link ACK received: query_operational_state
2026-08-30 20:09:55,161 INFO  [default] operational state received: 2

Press Enter for a list of commands
1788145825,o,0 (PASSED!)
outside communication found
2026-08-30 20:10:25,425 INFO  [default] link ACK received: outside_communication
2026-08-30 20:10:25,549 INFO  [default] app ack received
2026-08-30 20:10:25,752 INFO  [default] link ACK received: get_commodity
2026-08-30 20:10:25,921 INFO  [default] message type supported received: 2
2026-08-30 20:10:25,921 INFO  [default] commodity response received. response code: 0 - success; count: 6
2026-08-30 20:10:25,922 INFO  [default] commodity code: 0 - Electricity consumed (W & W-hr)
2026-08-30 20:10:25,922 INFO  [default]            source: Estimated
2026-08-30 20:10:25,922 INFO  [default]   cumulative: 142000
2026-08-30 20:10:25,922 INFO  [default]    inst rate: 500
2026-08-30 20:10:25,922 INFO  [default] commodity code 8 - Rated max consumption level electricity (W) is not recorded in the commodity CSV
2026-08-30 20:10:25,922 INFO  [default] commodity code: 6 - Total energy storage/take capacity (W-hr)
2026-08-30 20:10:25,922 INFO  [default]            source: Estimated
2026-08-30 20:10:25,923 INFO  [default]   cumulative: 9190
2026-08-30 20:10:25,923 INFO  [default]    inst rate: not used for this commodity code
2026-08-30 20:10:25,923 INFO  [default] commodity code: 7 - Present energy storage/take capacity (W-hr)
2026-08-30 20:10:25,923 INFO  [default]            source: Estimated
2026-08-30 20:10:25,923 INFO  [default]   cumulative: 5479
2026-08-30 20:10:25,923 INFO  [default]    inst rate: not used for this commodity code
2026-08-30 20:10:25,923 INFO  [default] commodity code: 10 - Advanced load up total energy storage/take capacity (W-hr)
2026-08-30 20:10:25,923 INFO  [default]            source: Estimated
2026-08-30 20:10:25,923 INFO  [default]   cumulative: 12371
2026-08-30 20:10:25,923 INFO  [default]    inst rate: not used for this commodity code
2026-08-30 20:10:25,924 INFO  [default] commodity code: 11 - Advanced load up present energy storage/take capacity (W-hr)
2026-08-30 20:10:25,924 INFO  [default]            source: Estimated
2026-08-30 20:10:25,924 INFO  [default]   cumulative: 8660
2026-08-30 20:10:25,924 INFO  [default]    inst rate: not used for this commodity code
2026-08-30 20:10:26,126 INFO  [default] link ACK received: query_operational_state
2026-08-30 20:10:26,250 INFO  [default] operational state received: 2

Press Enter for a list of commands
2026-08-30 20:10:55,505 INFO  [default] link ACK received: query_operational_state
2026-08-30 20:10:55,630 INFO  [default] operational state received: 2

Press Enter for a list of commands
2026-08-30 20:11:25,892 INFO  [default] link ACK received: get_commodity
2026-08-30 20:11:26,061 INFO  [default] message type supported received: 2
2026-08-30 20:11:26,061 INFO  [default] commodity response received. response code: 0 - success; count: 6
2026-08-30 20:11:26,062 INFO  [default] commodity code: 0 - Electricity consumed (W & W-hr)
2026-08-30 20:11:26,062 INFO  [default]            source: Estimated
2026-08-30 20:11:26,062 INFO  [default]   cumulative: 142000
2026-08-30 20:11:26,062 INFO  [default]    inst rate: 500
2026-08-30 20:11:26,062 INFO  [default] commodity code 8 - Rated max consumption level electricity (W) is not recorded in the commodity CSV
2026-08-30 20:11:26,062 INFO  [default] commodity code: 6 - Total energy storage/take capacity (W-hr)
2026-08-30 20:11:26,062 INFO  [default]            source: Estimated
2026-08-30 20:11:26,063 INFO  [default]   cumulative: 9190
2026-08-30 20:11:26,063 INFO  [default]    inst rate: not used for this commodity code
2026-08-30 20:11:26,063 INFO  [default] commodity code: 7 - Present energy storage/take capacity (W-hr)
2026-08-30 20:11:26,063 INFO  [default]            source: Estimated
2026-08-30 20:11:26,063 INFO  [default]   cumulative: 5479
2026-08-30 20:11:26,063 INFO  [default]    inst rate: not used for this commodity code
2026-08-30 20:11:26,063 INFO  [default] commodity code: 10 - Advanced load up total energy storage/take capacity (W-hr)
2026-08-30 20:11:26,063 INFO  [default]            source: Estimated
2026-08-30 20:11:26,063 INFO  [default]   cumulative: 12371
2026-08-30 20:11:26,063 INFO  [default]    inst rate: not used for this commodity code
2026-08-30 20:11:26,064 INFO  [default] commodity code: 11 - Advanced load up present energy storage/take capacity (W-hr)
2026-08-30 20:11:26,064 INFO  [default]            source: Estimated
2026-08-30 20:11:26,064 INFO  [default]   cumulative: 8660
2026-08-30 20:11:26,064 INFO  [default]    inst rate: not used for this commodity code
2026-08-30 20:11:26,267 INFO  [default] link ACK received: query_operational_state
2026-08-30 20:11:26,391 INFO  [default] operational state received: 2

Press Enter for a list of commands
2026-08-30 20:11:55,648 INFO  [default] link ACK received: query_operational_state
2026-08-30 20:11:55,771 INFO  [default] operational state received: 2

Press Enter for a list of commands
2026-08-30 20:12:25,035 INFO  [default] link ACK received: get_commodity
2026-08-30 20:12:25,203 INFO  [default] message type supported received: 2
2026-08-30 20:12:25,203 INFO  [default] commodity response received. response code: 0 - success; count: 6
2026-08-30 20:12:25,204 INFO  [default] commodity code: 0 - Electricity consumed (W & W-hr)
2026-08-30 20:12:25,204 INFO  [default]            source: Estimated
2026-08-30 20:12:25,204 INFO  [default]   cumulative: 142000
2026-08-30 20:12:25,204 INFO  [default]    inst rate: 500
2026-08-30 20:12:25,204 INFO  [default] commodity code 8 - Rated max consumption level electricity (W) is not recorded in the commodity CSV
2026-08-30 20:12:25,204 INFO  [default] commodity code: 6 - Total energy storage/take capacity (W-hr)
2026-08-30 20:12:25,204 INFO  [default]            source: Estimated
2026-08-30 20:12:25,205 INFO  [default]   cumulative: 9190
2026-08-30 20:12:25,205 INFO  [default]    inst rate: not used for this commodity code
2026-08-30 20:12:25,205 INFO  [default] commodity code: 7 - Present energy storage/take capacity (W-hr)
2026-08-30 20:12:25,205 INFO  [default]            source: Estimated
2026-08-30 20:12:25,205 INFO  [default]   cumulative: 5456
2026-08-30 20:12:25,205 INFO  [default]    inst rate: not used for this commodity code
2026-08-30 20:12:25,205 INFO  [default] commodity code: 10 - Advanced load up total energy storage/take capacity (W-hr)
2026-08-30 20:12:25,205 INFO  [default]            source: Estimated
2026-08-30 20:12:25,206 INFO  [default]   cumulative: 12371
2026-08-30 20:12:25,206 INFO  [default]    inst rate: not used for this commodity code
2026-08-30 20:12:25,206 INFO  [default] commodity code: 11 - Advanced load up present energy storage/take capacity (W-hr)
2026-08-30 20:12:25,206 INFO  [default]            source: Estimated
2026-08-30 20:12:25,206 INFO  [default]   cumulative: 8638
2026-08-30 20:12:25,206 INFO  [default]    inst rate: not used for this commodity code
2026-08-30 20:12:25,408 INFO  [default] link ACK received: query_operational_state
2026-08-30 20:12:25,532 INFO  [default] operational state received: 2

Press Enter for a list of commands
2026-08-30 20:12:55,796 INFO  [default] link ACK received: query_operational_state
2026-08-30 20:12:55,920 INFO  [default] operational state received: 2

Press Enter for a list of commands
2026-08-30 20:13:25,181 INFO  [default] link ACK received: get_commodity
2026-08-30 20:13:25,349 INFO  [default] message type supported received: 2
2026-08-30 20:13:25,350 INFO  [default] commodity response received. response code: 0 - success; count: 6
2026-08-30 20:13:25,350 INFO  [default] commodity code: 0 - Electricity consumed (W & W-hr)
2026-08-30 20:13:25,350 INFO  [default]            source: Estimated
2026-08-30 20:13:25,351 INFO  [default]   cumulative: 142000
2026-08-30 20:13:25,351 INFO  [default]    inst rate: 500
2026-08-30 20:13:25,351 INFO  [default] commodity code 8 - Rated max consumption level electricity (W) is not recorded in the commodity CSV
2026-08-30 20:13:25,351 INFO  [default] commodity code: 6 - Total energy storage/take capacity (W-hr)
2026-08-30 20:13:25,351 INFO  [default]            source: Estimated
2026-08-30 20:13:25,351 INFO  [default]   cumulative: 9190
2026-08-30 20:13:25,351 INFO  [default]    inst rate: not used for this commodity code
2026-08-30 20:13:25,351 INFO  [default] commodity code: 7 - Present energy storage/take capacity (W-hr)
2026-08-30 20:13:25,351 INFO  [default]            source: Estimated
2026-08-30 20:13:25,352 INFO  [default]   cumulative: 5456
2026-08-30 20:13:25,352 INFO  [default]    inst rate: not used for this commodity code
2026-08-30 20:13:25,352 INFO  [default] commodity code: 10 - Advanced load up total energy storage/take capacity (W-hr)
2026-08-30 20:13:25,352 INFO  [default]            source: Estimated
2026-08-30 20:13:25,352 INFO  [default]   cumulative: 12371
2026-08-30 20:13:25,352 INFO  [default]    inst rate: not used for this commodity code
2026-08-30 20:13:25,352 INFO  [default] commodity code: 11 - Advanced load up present energy storage/take capacity (W-hr)
2026-08-30 20:13:25,352 INFO  [default]            source: Estimated
2026-08-30 20:13:25,353 INFO  [default]   cumulative: 8638
2026-08-30 20:13:25,353 INFO  [default]    inst rate: not used for this commodity code
2026-08-30 20:13:25,555 INFO  [default] link ACK received: query_operational_state
2026-08-30 20:13:25,679 INFO  [default] operational state received: 2

Press Enter for a list of commands
2026-08-30 20:13:54,941 INFO  [default] link ACK received: query_operational_state
2026-08-30 20:13:55,065 INFO  [default] operational state received: 2

Press Enter for a list of commands
2026-08-30 20:14:25,330 INFO  [default] link ACK received: get_commodity
2026-08-30 20:14:25,498 INFO  [default] message type supported received: 2
2026-08-30 20:14:25,498 INFO  [default] commodity response received. response code: 0 - success; count: 6
2026-08-30 20:14:25,498 INFO  [default] commodity code: 0 - Electricity consumed (W & W-hr)
2026-08-30 20:14:25,499 INFO  [default]            source: Estimated
2026-08-30 20:14:25,499 INFO  [default]   cumulative: 142000
2026-08-30 20:14:25,499 INFO  [default]    inst rate: 500
2026-08-30 20:14:25,499 INFO  [default] commodity code 8 - Rated max consumption level electricity (W) is not recorded in the commodity CSV
2026-08-30 20:14:25,499 INFO  [default] commodity code: 6 - Total energy storage/take capacity (W-hr)
2026-08-30 20:14:25,499 INFO  [default]            source: Estimated
2026-08-30 20:14:25,499 INFO  [default]   cumulative: 9190
2026-08-30 20:14:25,499 INFO  [default]    inst rate: not used for this commodity code
2026-08-30 20:14:25,499 INFO  [default] commodity code: 7 - Present energy storage/take capacity (W-hr)
2026-08-30 20:14:25,499 INFO  [default]            source: Estimated
2026-08-30 20:14:25,499 INFO  [default]   cumulative: 5412
2026-08-30 20:14:25,500 INFO  [default]    inst rate: not used for this commodity code
2026-08-30 20:14:25,500 INFO  [default] commodity code: 10 - Advanced load up total energy storage/take capacity (W-hr)
2026-08-30 20:14:25,500 INFO  [default]            source: Estimated
2026-08-30 20:14:25,500 INFO  [default]   cumulative: 12371
2026-08-30 20:14:25,500 INFO  [default]    inst rate: not used for this commodity code
2026-08-30 20:14:25,500 INFO  [default] commodity code: 11 - Advanced load up present energy storage/take capacity (W-hr)
2026-08-30 20:14:25,500 INFO  [default]            source: Estimated
2026-08-30 20:14:25,500 INFO  [default]   cumulative: 8594
2026-08-30 20:14:25,500 INFO  [default]    inst rate: not used for this commodity code
2026-08-30 20:14:25,704 INFO  [default] link ACK received: query_operational_state
2026-08-30 20:14:25,828 INFO  [default] operational state received: 2

Press Enter for a list of commands
2026-08-30 20:14:55,087 INFO  [default] link ACK received: query_operational_state
2026-08-30 20:14:55,210 INFO  [default] operational state received: 2

Press Enter for a list of commands
2026-08-30 20:15:25,473 INFO  [default] link ACK received: get_commodity
2026-08-30 20:15:25,641 INFO  [default] message type supported received: 2
2026-08-30 20:15:25,641 INFO  [default] commodity response received. response code: 0 - success; count: 6
2026-08-30 20:15:25,642 INFO  [default] commodity code: 0 - Electricity consumed (W & W-hr)
2026-08-30 20:15:25,642 INFO  [default]            source: Estimated
2026-08-30 20:15:25,642 INFO  [default]   cumulative: 142000
2026-08-30 20:15:25,642 INFO  [default]    inst rate: 500
2026-08-30 20:15:25,642 INFO  [default] commodity code 8 - Rated max consumption level electricity (W) is not recorded in the commodity CSV
2026-08-30 20:15:25,642 INFO  [default] commodity code: 6 - Total energy storage/take capacity (W-hr)
2026-08-30 20:15:25,643 INFO  [default]            source: Estimated
2026-08-30 20:15:25,643 INFO  [default]   cumulative: 9190
2026-08-30 20:15:25,643 INFO  [default]    inst rate: not used for this commodity code
2026-08-30 20:15:25,643 INFO  [default] commodity code: 7 - Present energy storage/take capacity (W-hr)
2026-08-30 20:15:25,643 INFO  [default]            source: Estimated
2026-08-30 20:15:25,643 INFO  [default]   cumulative: 5390
2026-08-30 20:15:25,643 INFO  [default]    inst rate: not used for this commodity code
2026-08-30 20:15:25,643 INFO  [default] commodity code: 10 - Advanced load up total energy storage/take capacity (W-hr)
2026-08-30 20:15:25,644 INFO  [default]            source: Estimated
2026-08-30 20:15:25,644 INFO  [default]   cumulative: 12371
2026-08-30 20:15:25,644 INFO  [default]    inst rate: not used for this commodity code
2026-08-30 20:15:25,644 INFO  [default] commodity code: 11 - Advanced load up present energy storage/take capacity (W-hr)
2026-08-30 20:15:25,644 INFO  [default]            source: Estimated
2026-08-30 20:15:25,644 INFO  [default]   cumulative: 8571
2026-08-30 20:15:25,644 INFO  [default]    inst rate: not used for this commodity code
2026-08-30 20:15:25,847 INFO  [default] link ACK received: query_operational_state
2026-08-30 20:15:25,971 INFO  [default] operational state received: 2

Press Enter for a list of commands
2026-08-30 20:15:55,228 INFO  [default] link ACK received: query_operational_state
2026-08-30 20:15:55,353 INFO  [default] operational state received: 2

Press Enter for a list of commands
2026-08-30 20:16:25,614 INFO  [default] link ACK received: get_commodity
2026-08-30 20:16:25,784 INFO  [default] message type supported received: 2
2026-08-30 20:16:25,784 INFO  [default] commodity response received. response code: 0 - success; count: 6
2026-08-30 20:16:25,785 INFO  [default] commodity code: 0 - Electricity consumed (W & W-hr)
2026-08-30 20:16:25,785 INFO  [default]            source: Estimated
2026-08-30 20:16:25,785 INFO  [default]   cumulative: 142000
2026-08-30 20:16:25,785 INFO  [default]    inst rate: 500
2026-08-30 20:16:25,785 INFO  [default] commodity code 8 - Rated max consumption level electricity (W) is not recorded in the commodity CSV
2026-08-30 20:16:25,785 INFO  [default] commodity code: 6 - Total energy storage/take capacity (W-hr)
2026-08-30 20:16:25,785 INFO  [default]            source: Estimated
2026-08-30 20:16:25,786 INFO  [default]   cumulative: 9190
2026-08-30 20:16:25,786 INFO  [default]    inst rate: not used for this commodity code
2026-08-30 20:16:25,786 INFO  [default] commodity code: 7 - Present energy storage/take capacity (W-hr)
2026-08-30 20:16:25,786 INFO  [default]            source: Estimated
2026-08-30 20:16:25,786 INFO  [default]   cumulative: 5346
2026-08-30 20:16:25,786 INFO  [default]    inst rate: not used for this commodity code
2026-08-30 20:16:25,786 INFO  [default] commodity code: 10 - Advanced load up total energy storage/take capacity (W-hr)
2026-08-30 20:16:25,786 INFO  [default]            source: Estimated
2026-08-30 20:16:25,786 INFO  [default]   cumulative: 12371
2026-08-30 20:16:25,787 INFO  [default]    inst rate: not used for this commodity code
2026-08-30 20:16:25,787 INFO  [default] commodity code: 11 - Advanced load up present energy storage/take capacity (W-hr)
2026-08-30 20:16:25,787 INFO  [default]            source: Estimated
2026-08-30 20:16:25,787 INFO  [default]   cumulative: 8527
2026-08-30 20:16:25,787 INFO  [default]    inst rate: not used for this commodity code
2026-08-30 20:16:25,989 INFO  [default] link ACK received: query_operational_state
2026-08-30 20:16:26,113 INFO  [default] operational state received: 2

Press Enter for a list of commands
2026-08-30 20:16:55,368 INFO  [default] link ACK received: query_operational_state
2026-08-30 20:16:55,493 INFO  [default] operational state received: 2

Press Enter for a list of commands
2026-08-30 20:17:25,757 INFO  [default] link ACK received: get_commodity
2026-08-30 20:17:25,925 INFO  [default] message type supported received: 2
2026-08-30 20:17:25,925 INFO  [default] commodity response received. response code: 0 - success; count: 6
2026-08-30 20:17:25,926 INFO  [default] commodity code: 0 - Electricity consumed (W & W-hr)
2026-08-30 20:17:25,926 INFO  [default]            source: Estimated
2026-08-30 20:17:25,926 INFO  [default]   cumulative: 142000
2026-08-30 20:17:25,926 INFO  [default]    inst rate: 500
2026-08-30 20:17:25,926 INFO  [default] commodity code 8 - Rated max consumption level electricity (W) is not recorded in the commodity CSV
2026-08-30 20:17:25,927 INFO  [default] commodity code: 6 - Total energy storage/take capacity (W-hr)
2026-08-30 20:17:25,927 INFO  [default]            source: Estimated
2026-08-30 20:17:25,927 INFO  [default]   cumulative: 9190
2026-08-30 20:17:25,927 INFO  [default]    inst rate: not used for this commodity code
2026-08-30 20:17:25,927 INFO  [default] commodity code: 7 - Present energy storage/take capacity (W-hr)
2026-08-30 20:17:25,927 INFO  [default]            source: Estimated
2026-08-30 20:17:25,927 INFO  [default]   cumulative: 5324
2026-08-30 20:17:25,927 INFO  [default]    inst rate: not used for this commodity code
2026-08-30 20:17:25,928 INFO  [default] commodity code: 10 - Advanced load up total energy storage/take capacity (W-hr)
2026-08-30 20:17:25,928 INFO  [default]            source: Estimated
2026-08-30 20:17:25,928 INFO  [default]   cumulative: 12371
2026-08-30 20:17:25,928 INFO  [default]    inst rate: not used for this commodity code
2026-08-30 20:17:25,928 INFO  [default] commodity code: 11 - Advanced load up present energy storage/take capacity (W-hr)
2026-08-30 20:17:25,928 INFO  [default]            source: Estimated
2026-08-30 20:17:25,928 INFO  [default]   cumulative: 8505
2026-08-30 20:17:25,928 INFO  [default]    inst rate: not used for this commodity code
2026-08-30 20:17:26,134 INFO  [default] link ACK received: query_operational_state
2026-08-30 20:17:26,257 INFO  [default] operational state received: 2

Press Enter for a list of commands
2026-08-30 20:17:55,518 INFO  [default] link ACK received: query_operational_state
2026-08-30 20:17:55,642 INFO  [default] operational state received: 2

Press Enter for a list of commands
2026-08-30 20:18:25,908 INFO  [default] link ACK received: get_commodity
2026-08-30 20:18:26,076 INFO  [default] message type supported received: 2
2026-08-30 20:18:26,076 INFO  [default] commodity response received. response code: 0 - success; count: 6
2026-08-30 20:18:26,077 INFO  [default] commodity code: 0 - Electricity consumed (W & W-hr)
2026-08-30 20:18:26,077 INFO  [default]            source: Estimated
2026-08-30 20:18:26,077 INFO  [default]   cumulative: 142000
2026-08-30 20:18:26,077 INFO  [default]    inst rate: 500
2026-08-30 20:18:26,078 INFO  [default] commodity code 8 - Rated max consumption level electricity (W) is not recorded in the commodity CSV
2026-08-30 20:18:26,078 INFO  [default] commodity code: 6 - Total energy storage/take capacity (W-hr)
2026-08-30 20:18:26,078 INFO  [default]            source: Estimated
2026-08-30 20:18:26,078 INFO  [default]   cumulative: 9190
2026-08-30 20:18:26,078 INFO  [default]    inst rate: not used for this commodity code
2026-08-30 20:18:26,078 INFO  [default] commodity code: 7 - Present energy storage/take capacity (W-hr)
2026-08-30 20:18:26,078 INFO  [default]            source: Estimated
2026-08-30 20:18:26,078 INFO  [default]   cumulative: 5324
2026-08-30 20:18:26,078 INFO  [default]    inst rate: not used for this commodity code
2026-08-30 20:18:26,079 INFO  [default] commodity code: 10 - Advanced load up total energy storage/take capacity (W-hr)
2026-08-30 20:18:26,079 INFO  [default]            source: Estimated
2026-08-30 20:18:26,079 INFO  [default]   cumulative: 12371
2026-08-30 20:18:26,079 INFO  [default]    inst rate: not used for this commodity code
2026-08-30 20:18:26,079 INFO  [default] commodity code: 11 - Advanced load up present energy storage/take capacity (W-hr)
2026-08-30 20:18:26,079 INFO  [default]            source: Estimated
2026-08-30 20:18:26,079 INFO  [default]   cumulative: 8505
2026-08-30 20:18:26,079 INFO  [default]    inst rate: not used for this commodity code
2026-08-30 20:18:26,282 INFO  [default] link ACK received: query_operational_state
2026-08-30 20:18:26,407 INFO  [default] operational state received: 2

Press Enter for a list of commands
2026-08-30 20:18:55,663 INFO  [default] link ACK received: query_operational_state
2026-08-30 20:18:55,788 INFO  [default] operational state received: 2

Press Enter for a list of commands
2026-08-30 20:19:25,050 INFO  [default] link ACK received: get_commodity
2026-08-30 20:19:25,218 INFO  [default] message type supported received: 2
2026-08-30 20:19:25,219 INFO  [default] commodity response received. response code: 0 - success; count: 6
2026-08-30 20:19:25,219 INFO  [default] commodity code: 0 - Electricity consumed (W & W-hr)
2026-08-30 20:19:25,219 INFO  [default]            source: Estimated
2026-08-30 20:19:25,220 INFO  [default]   cumulative: 142000
2026-08-30 20:19:25,220 INFO  [default]    inst rate: 500
2026-08-30 20:19:25,220 INFO  [default] commodity code 8 - Rated max consumption level electricity (W) is not recorded in the commodity CSV
2026-08-30 20:19:25,220 INFO  [default] commodity code: 6 - Total energy storage/take capacity (W-hr)
2026-08-30 20:19:25,220 INFO  [default]            source: Estimated
2026-08-30 20:19:25,220 INFO  [default]   cumulative: 9190
2026-08-30 20:19:25,220 INFO  [default]    inst rate: not used for this commodity code
2026-08-30 20:19:25,221 INFO  [default] commodity code: 7 - Present energy storage/take capacity (W-hr)
2026-08-30 20:19:25,221 INFO  [default]            source: Estimated
2026-08-30 20:19:25,221 INFO  [default]   cumulative: 5280
2026-08-30 20:19:25,221 INFO  [default]    inst rate: not used for this commodity code
2026-08-30 20:19:25,221 INFO  [default] commodity code: 10 - Advanced load up total energy storage/take capacity (W-hr)
2026-08-30 20:19:25,221 INFO  [default]            source: Estimated
2026-08-30 20:19:25,221 INFO  [default]   cumulative: 12371
2026-08-30 20:19:25,221 INFO  [default]    inst rate: not used for this commodity code
2026-08-30 20:19:25,222 INFO  [default] commodity code: 11 - Advanced load up present energy storage/take capacity (W-hr)
2026-08-30 20:19:25,222 INFO  [default]            source: Estimated
2026-08-30 20:19:25,222 INFO  [default]   cumulative: 8461
2026-08-30 20:19:25,222 INFO  [default]    inst rate: not used for this commodity code
2026-08-30 20:19:25,424 INFO  [default] link ACK received: query_operational_state
2026-08-30 20:19:25,549 INFO  [default] operational state received: 2

Press Enter for a list of commands
2026-08-30 20:19:55,808 INFO  [default] link ACK received: query_operational_state
2026-08-30 20:19:55,932 INFO  [default] operational state received: 2

Press Enter for a list of commands
1788146425,o,0 (PASSED!)
outside communication found
2026-08-30 20:20:25,192 INFO  [default] link ACK received: outside_communication
2026-08-30 20:20:25,317 INFO  [default] app ack received
2026-08-30 20:20:25,521 INFO  [default] link ACK received: get_commodity
2026-08-30 20:20:25,690 INFO  [default] message type supported received: 2
2026-08-30 20:20:25,691 INFO  [default] commodity response received. response code: 0 - success; count: 6
2026-08-30 20:20:25,691 INFO  [default] commodity code: 0 - Electricity consumed (W & W-hr)
2026-08-30 20:20:25,691 INFO  [default]            source: Estimated
2026-08-30 20:20:25,691 INFO  [default]   cumulative: 142000
2026-08-30 20:20:25,692 INFO  [default]    inst rate: 500
2026-08-30 20:20:25,692 INFO  [default] commodity code 8 - Rated max consumption level electricity (W) is not recorded in the commodity CSV
2026-08-30 20:20:25,692 INFO  [default] commodity code: 6 - Total energy storage/take capacity (W-hr)
2026-08-30 20:20:25,692 INFO  [default]            source: Estimated
2026-08-30 20:20:25,692 INFO  [default]   cumulative: 9190
2026-08-30 20:20:25,692 INFO  [default]    inst rate: not used for this commodity code
2026-08-30 20:20:25,692 INFO  [default] commodity code: 7 - Present energy storage/take capacity (W-hr)
2026-08-30 20:20:25,692 INFO  [default]            source: Estimated
2026-08-30 20:20:25,693 INFO  [default]   cumulative: 5258
2026-08-30 20:20:25,693 INFO  [default]    inst rate: not used for this commodity code
2026-08-30 20:20:25,693 INFO  [default] commodity code: 10 - Advanced load up total energy storage/take capacity (W-hr)
2026-08-30 20:20:25,693 INFO  [default]            source: Estimated
2026-08-30 20:20:25,693 INFO  [default]   cumulative: 12371
2026-08-30 20:20:25,693 INFO  [default]    inst rate: not used for this commodity code
2026-08-30 20:20:25,693 INFO  [default] commodity code: 11 - Advanced load up present energy storage/take capacity (W-hr)
2026-08-30 20:20:25,694 INFO  [default]            source: Estimated
2026-08-30 20:20:25,694 INFO  [default]   cumulative: 8439
2026-08-30 20:20:25,694 INFO  [default]    inst rate: not used for this commodity code
2026-08-30 20:20:25,896 INFO  [default] link ACK received: query_operational_state
2026-08-30 20:20:26,020 INFO  [default] operational state received: 2

Press Enter for a list of commands
2026-08-30 20:20:55,276 INFO  [default] link ACK received: query_operational_state
2026-08-30 20:20:55,401 INFO  [default] operational state received: 2

Press Enter for a list of commands
2026-08-30 20:21:25,663 INFO  [default] link ACK received: get_commodity
2026-08-30 20:21:25,833 INFO  [default] message type supported received: 2
2026-08-30 20:21:25,833 INFO  [default] commodity response received. response code: 0 - success; count: 6
2026-08-30 20:21:25,834 INFO  [default] commodity code: 0 - Electricity consumed (W & W-hr)
2026-08-30 20:21:25,834 INFO  [default]            source: Estimated
2026-08-30 20:21:25,834 INFO  [default]   cumulative: 142000
2026-08-30 20:21:25,834 INFO  [default]    inst rate: 500
2026-08-30 20:21:25,834 INFO  [default] commodity code 8 - Rated max consumption level electricity (W) is not recorded in the commodity CSV
2026-08-30 20:21:25,834 INFO  [default] commodity code: 6 - Total energy storage/take capacity (W-hr)
2026-08-30 20:21:25,834 INFO  [default]            source: Estimated
2026-08-30 20:21:25,835 INFO  [default]   cumulative: 9190
2026-08-30 20:21:25,835 INFO  [default]    inst rate: not used for this commodity code
2026-08-30 20:21:25,835 INFO  [default] commodity code: 7 - Present energy storage/take capacity (W-hr)
2026-08-30 20:21:25,835 INFO  [default]            source: Estimated
2026-08-30 20:21:25,835 INFO  [default]   cumulative: 5213
2026-08-30 20:21:25,835 INFO  [default]    inst rate: not used for this commodity code
2026-08-30 20:21:25,835 INFO  [default] commodity code: 10 - Advanced load up total energy storage/take capacity (W-hr)
2026-08-30 20:21:25,835 INFO  [default]            source: Estimated
2026-08-30 20:21:25,836 INFO  [default]   cumulative: 12371
2026-08-30 20:21:25,836 INFO  [default]    inst rate: not used for this commodity code
2026-08-30 20:21:25,836 INFO  [default] commodity code: 11 - Advanced load up present energy storage/take capacity (W-hr)
2026-08-30 20:21:25,836 INFO  [default]            source: Estimated
2026-08-30 20:21:25,836 INFO  [default]   cumulative: 8395
2026-08-30 20:21:25,836 INFO  [default]    inst rate: not used for this commodity code
2026-08-30 20:21:26,039 INFO  [default] link ACK received: query_operational_state
2026-08-30 20:21:26,162 INFO  [default] operational state received: 2

Press Enter for a list of commands
2026-08-30 20:21:55,418 INFO  [default] link ACK received: query_operational_state
2026-08-30 20:21:55,542 INFO  [default] operational state received: 2

Press Enter for a list of commands
2026-08-30 20:22:25,804 INFO  [default] link ACK received: get_commodity
2026-08-30 20:22:25,974 INFO  [default] message type supported received: 2
2026-08-30 20:22:25,974 INFO  [default] commodity response received. response code: 0 - success; count: 6
2026-08-30 20:22:25,975 INFO  [default] commodity code: 0 - Electricity consumed (W & W-hr)
2026-08-30 20:22:25,975 INFO  [default]            source: Estimated
2026-08-30 20:22:25,975 INFO  [default]   cumulative: 142000
2026-08-30 20:22:25,975 INFO  [default]    inst rate: 500
2026-08-30 20:22:25,975 INFO  [default] commodity code 8 - Rated max consumption level electricity (W) is not recorded in the commodity CSV
2026-08-30 20:22:25,975 INFO  [default] commodity code: 6 - Total energy storage/take capacity (W-hr)
2026-08-30 20:22:25,975 INFO  [default]            source: Estimated
2026-08-30 20:22:25,975 INFO  [default]   cumulative: 9190
2026-08-30 20:22:25,976 INFO  [default]    inst rate: not used for this commodity code
2026-08-30 20:22:25,976 INFO  [default] commodity code: 7 - Present energy storage/take capacity (W-hr)
2026-08-30 20:22:25,976 INFO  [default]            source: Estimated
2026-08-30 20:22:25,976 INFO  [default]   cumulative: 5191
2026-08-30 20:22:25,976 INFO  [default]    inst rate: not used for this commodity code
2026-08-30 20:22:25,976 INFO  [default] commodity code: 10 - Advanced load up total energy storage/take capacity (W-hr)
2026-08-30 20:22:25,976 INFO  [default]            source: Estimated
2026-08-30 20:22:25,977 INFO  [default]   cumulative: 12371
2026-08-30 20:22:25,977 INFO  [default]    inst rate: not used for this commodity code
2026-08-30 20:22:25,977 INFO  [default] commodity code: 11 - Advanced load up present energy storage/take capacity (W-hr)
2026-08-30 20:22:25,977 INFO  [default]            source: Estimated
2026-08-30 20:22:25,977 INFO  [default]   cumulative: 8373
2026-08-30 20:22:25,977 INFO  [default]    inst rate: not used for this commodity code
2026-08-30 20:22:26,181 INFO  [default] link ACK received: query_operational_state
2026-08-30 20:22:26,305 INFO  [default] operational state received: 2

Press Enter for a list of commands
2026-08-30 20:22:55,564 INFO  [default] link ACK received: query_operational_state
2026-08-30 20:22:55,688 INFO  [default] operational state received: 2

Press Enter for a list of commands
2026-08-30 20:23:24,948 INFO  [default] link ACK received: get_commodity
2026-08-30 20:23:25,116 INFO  [default] message type supported received: 2
2026-08-30 20:23:25,116 INFO  [default] commodity response received. response code: 0 - success; count: 6
2026-08-30 20:23:25,117 INFO  [default] commodity code: 0 - Electricity consumed (W & W-hr)
2026-08-30 20:23:25,117 INFO  [default]            source: Estimated
2026-08-30 20:23:25,117 INFO  [default]   cumulative: 142000
2026-08-30 20:23:25,117 INFO  [default]    inst rate: 500
2026-08-30 20:23:25,117 INFO  [default] commodity code 8 - Rated max consumption level electricity (W) is not recorded in the commodity CSV
2026-08-30 20:23:25,117 INFO  [default] commodity code: 6 - Total energy storage/take capacity (W-hr)
2026-08-30 20:23:25,117 INFO  [default]            source: Estimated
2026-08-30 20:23:25,118 INFO  [default]   cumulative: 9190
2026-08-30 20:23:25,118 INFO  [default]    inst rate: not used for this commodity code
2026-08-30 20:23:25,118 INFO  [default] commodity code: 7 - Present energy storage/take capacity (W-hr)
2026-08-30 20:23:25,118 INFO  [default]            source: Estimated
2026-08-30 20:23:25,118 INFO  [default]   cumulative: 5169
2026-08-30 20:23:25,118 INFO  [default]    inst rate: not used for this commodity code
2026-08-30 20:23:25,118 INFO  [default] commodity code: 10 - Advanced load up total energy storage/take capacity (W-hr)
2026-08-30 20:23:25,118 INFO  [default]            source: Estimated
2026-08-30 20:23:25,118 INFO  [default]   cumulative: 12371
2026-08-30 20:23:25,119 INFO  [default]    inst rate: not used for this commodity code
2026-08-30 20:23:25,119 INFO  [default] commodity code: 11 - Advanced load up present energy storage/take capacity (W-hr)
2026-08-30 20:23:25,119 INFO  [default]            source: Estimated
2026-08-30 20:23:25,119 INFO  [default]   cumulative: 8351
2026-08-30 20:23:25,119 INFO  [default]    inst rate: not used for this commodity code
2026-08-30 20:23:25,323 INFO  [default] link ACK received: query_operational_state
2026-08-30 20:23:25,447 INFO  [default] operational state received: 2

Press Enter for a list of commands
2026-08-30 20:23:55,707 INFO  [default] link ACK received: query_operational_state
2026-08-30 20:23:55,830 INFO  [default] operational state received: 2

Press Enter for a list of commands
2026-08-30 20:24:25,093 INFO  [default] link ACK received: get_commodity
2026-08-30 20:24:25,261 INFO  [default] message type supported received: 2
2026-08-30 20:24:25,261 INFO  [default] commodity response received. response code: 0 - success; count: 6
2026-08-30 20:24:25,262 INFO  [default] commodity code: 0 - Electricity consumed (W & W-hr)
2026-08-30 20:24:25,262 INFO  [default]            source: Estimated
2026-08-30 20:24:25,262 INFO  [default]   cumulative: 142000
2026-08-30 20:24:25,262 INFO  [default]    inst rate: 500
2026-08-30 20:24:25,262 INFO  [default] commodity code 8 - Rated max consumption level electricity (W) is not recorded in the commodity CSV
2026-08-30 20:24:25,263 INFO  [default] commodity code: 6 - Total energy storage/take capacity (W-hr)
2026-08-30 20:24:25,263 INFO  [default]            source: Estimated
2026-08-30 20:24:25,263 INFO  [default]   cumulative: 9190
2026-08-30 20:24:25,263 INFO  [default]    inst rate: not used for this commodity code
2026-08-30 20:24:25,263 INFO  [default] commodity code: 7 - Present energy storage/take capacity (W-hr)
2026-08-30 20:24:25,263 INFO  [default]            source: Estimated
2026-08-30 20:24:25,263 INFO  [default]   cumulative: 5125
2026-08-30 20:24:25,263 INFO  [default]    inst rate: not used for this commodity code
2026-08-30 20:24:25,264 INFO  [default] commodity code: 10 - Advanced load up total energy storage/take capacity (W-hr)
2026-08-30 20:24:25,264 INFO  [default]            source: Estimated
2026-08-30 20:24:25,264 INFO  [default]   cumulative: 12371
2026-08-30 20:24:25,264 INFO  [default]    inst rate: not used for this commodity code
2026-08-30 20:24:25,264 INFO  [default] commodity code: 11 - Advanced load up present energy storage/take capacity (W-hr)
2026-08-30 20:24:25,264 INFO  [default]            source: Estimated
2026-08-30 20:24:25,264 INFO  [default]   cumulative: 8306
2026-08-30 20:24:25,264 INFO  [default]    inst rate: not used for this commodity code
2026-08-30 20:24:25,467 INFO  [default] link ACK received: query_operational_state
2026-08-30 20:24:25,591 INFO  [default] operational state received: 2

Press Enter for a list of commands
2026-08-30 20:24:55,853 INFO  [default] link ACK received: query_operational_state
2026-08-30 20:24:55,978 INFO  [default] operational state received: 2

Press Enter for a list of commands
2026-08-30 20:25:25,241 INFO  [default] link ACK received: get_commodity
2026-08-30 20:25:25,409 INFO  [default] message type supported received: 2
2026-08-30 20:25:25,409 INFO  [default] commodity response received. response code: 0 - success; count: 6
2026-08-30 20:25:25,409 INFO  [default] commodity code: 0 - Electricity consumed (W & W-hr)
2026-08-30 20:25:25,410 INFO  [default]            source: Estimated
2026-08-30 20:25:25,410 INFO  [default]   cumulative: 142000
2026-08-30 20:25:25,410 INFO  [default]    inst rate: 500
2026-08-30 20:25:25,410 INFO  [default] commodity code 8 - Rated max consumption level electricity (W) is not recorded in the commodity CSV
2026-08-30 20:25:25,410 INFO  [default] commodity code: 6 - Total energy storage/take capacity (W-hr)
2026-08-30 20:25:25,410 INFO  [default]            source: Estimated
2026-08-30 20:25:25,410 INFO  [default]   cumulative: 9190
2026-08-30 20:25:25,410 INFO  [default]    inst rate: not used for this commodity code
2026-08-30 20:25:25,410 INFO  [default] commodity code: 7 - Present energy storage/take capacity (W-hr)
2026-08-30 20:25:25,410 INFO  [default]            source: Estimated
2026-08-30 20:25:25,410 INFO  [default]   cumulative: 5125
2026-08-30 20:25:25,411 INFO  [default]    inst rate: not used for this commodity code
2026-08-30 20:25:25,411 INFO  [default] commodity code: 10 - Advanced load up total energy storage/take capacity (W-hr)
2026-08-30 20:25:25,411 INFO  [default]            source: Estimated
2026-08-30 20:25:25,411 INFO  [default]   cumulative: 12371
2026-08-30 20:25:25,411 INFO  [default]    inst rate: not used for this commodity code
2026-08-30 20:25:25,411 INFO  [default] commodity code: 11 - Advanced load up present energy storage/take capacity (W-hr)
2026-08-30 20:25:25,411 INFO  [default]            source: Estimated
2026-08-30 20:25:25,411 INFO  [default]   cumulative: 8306
2026-08-30 20:25:25,411 INFO  [default]    inst rate: not used for this commodity code
2026-08-30 20:25:25,613 INFO  [default] link ACK received: query_operational_state
2026-08-30 20:25:25,737 INFO  [default] operational state received: 2

Press Enter for a list of commands
2026-08-30 20:25:54,995 INFO  [default] link ACK received: query_operational_state
2026-08-30 20:25:55,118 INFO  [default] operational state received: 2

Press Enter for a list of commands
2026-08-30 20:26:25,382 INFO  [default] link ACK received: get_commodity
2026-08-30 20:26:25,551 INFO  [default] message type supported received: 2
2026-08-30 20:26:25,551 INFO  [default] commodity response received. response code: 0 - success; count: 6
2026-08-30 20:26:25,552 INFO  [default] commodity code: 0 - Electricity consumed (W & W-hr)
2026-08-30 20:26:25,552 INFO  [default]            source: Estimated
2026-08-30 20:26:25,552 INFO  [default]   cumulative: 142000
2026-08-30 20:26:25,552 INFO  [default]    inst rate: 500
2026-08-30 20:26:25,552 INFO  [default] commodity code 8 - Rated max consumption level electricity (W) is not recorded in the commodity CSV
2026-08-30 20:26:25,552 INFO  [default] commodity code: 6 - Total energy storage/take capacity (W-hr)
2026-08-30 20:26:25,552 INFO  [default]            source: Estimated
2026-08-30 20:26:25,552 INFO  [default]   cumulative: 9190
2026-08-30 20:26:25,553 INFO  [default]    inst rate: not used for this commodity code
2026-08-30 20:26:25,553 INFO  [default] commodity code: 7 - Present energy storage/take capacity (W-hr)
2026-08-30 20:26:25,553 INFO  [default]            source: Estimated
2026-08-30 20:26:25,553 INFO  [default]   cumulative: 5081
2026-08-30 20:26:25,553 INFO  [default]    inst rate: not used for this commodity code
2026-08-30 20:26:25,553 INFO  [default] commodity code: 10 - Advanced load up total energy storage/take capacity (W-hr)
2026-08-30 20:26:25,553 INFO  [default]            source: Estimated
2026-08-30 20:26:25,554 INFO  [default]   cumulative: 12371
2026-08-30 20:26:25,554 INFO  [default]    inst rate: not used for this commodity code
2026-08-30 20:26:25,554 INFO  [default] commodity code: 11 - Advanced load up present energy storage/take capacity (W-hr)
2026-08-30 20:26:25,554 INFO  [default]            source: Estimated
2026-08-30 20:26:25,554 INFO  [default]   cumulative: 8262
2026-08-30 20:26:25,554 INFO  [default]    inst rate: not used for this commodity code
2026-08-30 20:26:25,756 INFO  [default] link ACK received: query_operational_state
2026-08-30 20:26:25,880 INFO  [default] operational state received: 2

Press Enter for a list of commands
2026-08-30 20:26:55,138 INFO  [default] link ACK received: query_operational_state
2026-08-30 20:26:55,261 INFO  [default] operational state received: 2

Press Enter for a list of commands
2026-08-30 20:27:25,523 INFO  [default] link ACK received: get_commodity
2026-08-30 20:27:25,691 INFO  [default] message type supported received: 2
2026-08-30 20:27:25,692 INFO  [default] commodity response received. response code: 0 - success; count: 6
2026-08-30 20:27:25,692 INFO  [default] commodity code: 0 - Electricity consumed (W & W-hr)
2026-08-30 20:27:25,692 INFO  [default]            source: Estimated
2026-08-30 20:27:25,692 INFO  [default]   cumulative: 142000
2026-08-30 20:27:25,693 INFO  [default]    inst rate: 500
2026-08-30 20:27:25,693 INFO  [default] commodity code 8 - Rated max consumption level electricity (W) is not recorded in the commodity CSV
2026-08-30 20:27:25,693 INFO  [default] commodity code: 6 - Total energy storage/take capacity (W-hr)
2026-08-30 20:27:25,693 INFO  [default]            source: Estimated
2026-08-30 20:27:25,693 INFO  [default]   cumulative: 9190
2026-08-30 20:27:25,693 INFO  [default]    inst rate: not used for this commodity code
2026-08-30 20:27:25,693 INFO  [default] commodity code: 7 - Present energy storage/take capacity (W-hr)
2026-08-30 20:27:25,693 INFO  [default]            source: Estimated
2026-08-30 20:27:25,693 INFO  [default]   cumulative: 5037
2026-08-30 20:27:25,693 INFO  [default]    inst rate: not used for this commodity code
2026-08-30 20:27:25,693 INFO  [default] commodity code: 10 - Advanced load up total energy storage/take capacity (W-hr)
2026-08-30 20:27:25,694 INFO  [default]            source: Estimated
2026-08-30 20:27:25,694 INFO  [default]   cumulative: 12371
2026-08-30 20:27:25,694 INFO  [default]    inst rate: not used for this commodity code
2026-08-30 20:27:25,694 INFO  [default] commodity code: 11 - Advanced load up present energy storage/take capacity (W-hr)
2026-08-30 20:27:25,694 INFO  [default]            source: Estimated
2026-08-30 20:27:25,694 INFO  [default]   cumulative: 8218
2026-08-30 20:27:25,694 INFO  [default]    inst rate: not used for this commodity code
2026-08-30 20:27:25,896 INFO  [default] link ACK received: query_operational_state
2026-08-30 20:27:26,021 INFO  [default] operational state received: 2

Press Enter for a list of commands
2026-08-30 20:27:55,276 INFO  [default] link ACK received: query_operational_state
2026-08-30 20:27:55,399 INFO  [default] operational state received: 2

Press Enter for a list of commands
2026-08-30 20:28:25,665 INFO  [default] link ACK received: get_commodity
2026-08-30 20:28:25,835 INFO  [default] message type supported received: 2
2026-08-30 20:28:25,835 INFO  [default] commodity response received. response code: 0 - success; count: 6
2026-08-30 20:28:25,835 INFO  [default] commodity code: 0 - Electricity consumed (W & W-hr)
2026-08-30 20:28:25,835 INFO  [default]            source: Estimated
2026-08-30 20:28:25,836 INFO  [default]   cumulative: 142000
2026-08-30 20:28:25,836 INFO  [default]    inst rate: 500
2026-08-30 20:28:25,836 INFO  [default] commodity code 8 - Rated max consumption level electricity (W) is not recorded in the commodity CSV
2026-08-30 20:28:25,836 INFO  [default] commodity code: 6 - Total energy storage/take capacity (W-hr)
2026-08-30 20:28:25,836 INFO  [default]            source: Estimated
2026-08-30 20:28:25,836 INFO  [default]   cumulative: 9190
2026-08-30 20:28:25,836 INFO  [default]    inst rate: not used for this commodity code
2026-08-30 20:28:25,836 INFO  [default] commodity code: 7 - Present energy storage/take capacity (W-hr)
2026-08-30 20:28:25,836 INFO  [default]            source: Estimated
2026-08-30 20:28:25,836 INFO  [default]   cumulative: 4992
2026-08-30 20:28:25,837 INFO  [default]    inst rate: not used for this commodity code
2026-08-30 20:28:25,837 INFO  [default] commodity code: 10 - Advanced load up total energy storage/take capacity (W-hr)
2026-08-30 20:28:25,837 INFO  [default]            source: Estimated
2026-08-30 20:28:25,837 INFO  [default]   cumulative: 12371
2026-08-30 20:28:25,837 INFO  [default]    inst rate: not used for this commodity code
2026-08-30 20:28:25,837 INFO  [default] commodity code: 11 - Advanced load up present energy storage/take capacity (W-hr)
2026-08-30 20:28:25,837 INFO  [default]            source: Estimated
2026-08-30 20:28:25,837 INFO  [default]   cumulative: 8174
2026-08-30 20:28:25,837 INFO  [default]    inst rate: not used for this commodity code
2026-08-30 20:28:26,041 INFO  [default] link ACK received: query_operational_state
2026-08-30 20:28:26,166 INFO  [default] operational state received: 2

Press Enter for a list of commands
2026-08-30 20:28:55,423 INFO  [default] link ACK received: query_operational_state
2026-08-30 20:28:55,547 INFO  [default] operational state received: 2

Press Enter for a list of commands
2026-08-30 20:29:25,811 INFO  [default] link ACK received: get_commodity
2026-08-30 20:29:25,980 INFO  [default] message type supported received: 2
2026-08-30 20:29:25,980 INFO  [default] commodity response received. response code: 0 - success; count: 6
2026-08-30 20:29:25,980 INFO  [default] commodity code: 0 - Electricity consumed (W & W-hr)
2026-08-30 20:29:25,980 INFO  [default]            source: Estimated
2026-08-30 20:29:25,981 INFO  [default]   cumulative: 142000
2026-08-30 20:29:25,981 INFO  [default]    inst rate: 500
2026-08-30 20:29:25,981 INFO  [default] commodity code 8 - Rated max consumption level electricity (W) is not recorded in the commodity CSV
2026-08-30 20:29:25,981 INFO  [default] commodity code: 6 - Total energy storage/take capacity (W-hr)
2026-08-30 20:29:25,981 INFO  [default]            source: Estimated
2026-08-30 20:29:25,981 INFO  [default]   cumulative: 9190
2026-08-30 20:29:25,981 INFO  [default]    inst rate: not used for this commodity code
2026-08-30 20:29:25,981 INFO  [default] commodity code: 7 - Present energy storage/take capacity (W-hr)
2026-08-30 20:29:25,981 INFO  [default]            source: Estimated
2026-08-30 20:29:25,982 INFO  [default]   cumulative: 4970
2026-08-30 20:29:25,982 INFO  [default]    inst rate: not used for this commodity code
2026-08-30 20:29:25,982 INFO  [default] commodity code: 10 - Advanced load up total energy storage/take capacity (W-hr)
2026-08-30 20:29:25,982 INFO  [default]            source: Estimated
2026-08-30 20:29:25,982 INFO  [default]   cumulative: 12371
2026-08-30 20:29:25,982 INFO  [default]    inst rate: not used for this commodity code
2026-08-30 20:29:25,982 INFO  [default] commodity code: 11 - Advanced load up present energy storage/take capacity (W-hr)
2026-08-30 20:29:25,982 INFO  [default]            source: Estimated
2026-08-30 20:29:25,982 INFO  [default]   cumulative: 8152
2026-08-30 20:29:25,982 INFO  [default]    inst rate: not used for this commodity code
2026-08-30 20:29:26,184 INFO  [default] link ACK received: query_operational_state
2026-08-30 20:29:26,308 INFO  [default] operational state received: 2

Press Enter for a list of commands
2026-08-30 20:29:55,566 INFO  [default] link ACK received: query_operational_state
2026-08-30 20:29:55,689 INFO  [default] operational state received: 2

Press Enter for a list of commands
2026-08-30 20:30:24,948 INFO  [default] link ACK received: get_commodity
2026-08-30 20:30:25,118 INFO  [default] message type supported received: 2
2026-08-30 20:30:25,118 INFO  [default] commodity response received. response code: 0 - success; count: 6
2026-08-30 20:30:25,119 INFO  [default] commodity code: 0 - Electricity consumed (W & W-hr)
2026-08-30 20:30:25,119 INFO  [default]            source: Estimated
2026-08-30 20:30:25,119 INFO  [default]   cumulative: 142000
2026-08-30 20:30:25,119 INFO  [default]    inst rate: 500
2026-08-30 20:30:25,119 INFO  [default] commodity code 8 - Rated max consumption level electricity (W) is not recorded in the commodity CSV
2026-08-30 20:30:25,119 INFO  [default] commodity code: 6 - Total energy storage/take capacity (W-hr)
2026-08-30 20:30:25,119 INFO  [default]            source: Estimated
2026-08-30 20:30:25,119 INFO  [default]   cumulative: 9190
2026-08-30 20:30:25,120 INFO  [default]    inst rate: not used for this commodity code
2026-08-30 20:30:25,120 INFO  [default] commodity code: 7 - Present energy storage/take capacity (W-hr)
2026-08-30 20:30:25,120 INFO  [default]            source: Estimated
2026-08-30 20:30:25,120 INFO  [default]   cumulative: 4926
2026-08-30 20:30:25,120 INFO  [default]    inst rate: not used for this commodity code
2026-08-30 20:30:25,120 INFO  [default] commodity code: 10 - Advanced load up total energy storage/take capacity (W-hr)
2026-08-30 20:30:25,120 INFO  [default]            source: Estimated
2026-08-30 20:30:25,120 INFO  [default]   cumulative: 12371
2026-08-30 20:30:25,120 INFO  [default]    inst rate: not used for this commodity code
2026-08-30 20:30:25,120 INFO  [default] commodity code: 11 - Advanced load up present energy storage/take capacity (W-hr)
2026-08-30 20:30:25,120 INFO  [default]            source: Estimated
2026-08-30 20:30:25,121 INFO  [default]   cumulative: 8108
2026-08-30 20:30:25,121 INFO  [default]    inst rate: not used for this commodity code
2026-08-30 20:30:25,323 INFO  [default] link ACK received: query_operational_state
2026-08-30 20:30:25,447 INFO  [default] operational state received: 2

Press Enter for a list of commands
1788147025,o,0 (PASSED!)
outside communication found
2026-08-30 20:30:26,551 INFO  [default] link ACK received: outside_communication
2026-08-30 20:30:26,675 INFO  [default] app ack received
2026-08-30 20:30:54,928 INFO  [default] link ACK received: query_operational_state
2026-08-30 20:30:55,052 INFO  [default] operational state received: 2

Press Enter for a list of commands
2026-08-30 20:31:25,315 INFO  [default] link ACK received: get_commodity
2026-08-30 20:31:25,484 INFO  [default] message type supported received: 2
2026-08-30 20:31:25,484 INFO  [default] commodity response received. response code: 0 - success; count: 6
2026-08-30 20:31:25,485 INFO  [default] commodity code: 0 - Electricity consumed (W & W-hr)
2026-08-30 20:31:25,485 INFO  [default]            source: Estimated
2026-08-30 20:31:25,485 INFO  [default]   cumulative: 142000
2026-08-30 20:31:25,485 INFO  [default]    inst rate: 500
2026-08-30 20:31:25,485 INFO  [default] commodity code 8 - Rated max consumption level electricity (W) is not recorded in the commodity CSV
2026-08-30 20:31:25,485 INFO  [default] commodity code: 6 - Total energy storage/take capacity (W-hr)
2026-08-30 20:31:25,485 INFO  [default]            source: Estimated
2026-08-30 20:31:25,485 INFO  [default]   cumulative: 9190
2026-08-30 20:31:25,485 INFO  [default]    inst rate: not used for this commodity code
2026-08-30 20:31:25,486 INFO  [default] commodity code: 7 - Present energy storage/take capacity (W-hr)
2026-08-30 20:31:25,486 INFO  [default]            source: Estimated
2026-08-30 20:31:25,486 INFO  [default]   cumulative: 4904
2026-08-30 20:31:25,486 INFO  [default]    inst rate: not used for this commodity code
2026-08-30 20:31:25,486 INFO  [default] commodity code: 10 - Advanced load up total energy storage/take capacity (W-hr)
2026-08-30 20:31:25,486 INFO  [default]            source: Estimated
2026-08-30 20:31:25,486 INFO  [default]   cumulative: 12371
2026-08-30 20:31:25,486 INFO  [default]    inst rate: not used for this commodity code
2026-08-30 20:31:25,486 INFO  [default] commodity code: 11 - Advanced load up present energy storage/take capacity (W-hr)
2026-08-30 20:31:25,486 INFO  [default]            source: Estimated
2026-08-30 20:31:25,487 INFO  [default]   cumulative: 8085
2026-08-30 20:31:25,487 INFO  [default]    inst rate: not used for this commodity code
2026-08-30 20:31:25,689 INFO  [default] link ACK received: query_operational_state
2026-08-30 20:31:25,813 INFO  [default] operational state received: 2

Press Enter for a list of commands
2026-08-30 20:31:55,070 INFO  [default] link ACK received: query_operational_state
2026-08-30 20:31:55,193 INFO  [default] operational state received: 2

Press Enter for a list of commands
2026-08-30 20:32:25,454 INFO  [default] link ACK received: get_commodity
2026-08-30 20:32:25,622 INFO  [default] message type supported received: 2
2026-08-30 20:32:25,623 INFO  [default] commodity response received. response code: 0 - success; count: 6
2026-08-30 20:32:25,623 INFO  [default] commodity code: 0 - Electricity consumed (W & W-hr)
2026-08-30 20:32:25,623 INFO  [default]            source: Estimated
2026-08-30 20:32:25,623 INFO  [default]   cumulative: 142000
2026-08-30 20:32:25,623 INFO  [default]    inst rate: 500
2026-08-30 20:32:25,624 INFO  [default] commodity code 8 - Rated max consumption level electricity (W) is not recorded in the commodity CSV
2026-08-30 20:32:25,624 INFO  [default] commodity code: 6 - Total energy storage/take capacity (W-hr)
2026-08-30 20:32:25,624 INFO  [default]            source: Estimated
2026-08-30 20:32:25,624 INFO  [default]   cumulative: 9190
2026-08-30 20:32:25,624 INFO  [default]    inst rate: not used for this commodity code
2026-08-30 20:32:25,624 INFO  [default] commodity code: 7 - Present energy storage/take capacity (W-hr)
2026-08-30 20:32:25,624 INFO  [default]            source: Estimated
2026-08-30 20:32:25,624 INFO  [default]   cumulative: 4904
2026-08-30 20:32:25,624 INFO  [default]    inst rate: not used for this commodity code
2026-08-30 20:32:25,624 INFO  [default] commodity code: 10 - Advanced load up total energy storage/take capacity (W-hr)
2026-08-30 20:32:25,625 INFO  [default]            source: Estimated
2026-08-30 20:32:25,625 INFO  [default]   cumulative: 12371
2026-08-30 20:32:25,625 INFO  [default]    inst rate: not used for this commodity code
2026-08-30 20:32:25,625 INFO  [default] commodity code: 11 - Advanced load up present energy storage/take capacity (W-hr)
2026-08-30 20:32:25,625 INFO  [default]            source: Estimated
2026-08-30 20:32:25,625 INFO  [default]   cumulative: 8085
2026-08-30 20:32:25,625 INFO  [default]    inst rate: not used for this commodity code
2026-08-30 20:32:25,827 INFO  [default] link ACK received: query_operational_state
2026-08-30 20:32:25,951 INFO  [default] operational state received: 2

Press Enter for a list of commands
2026-08-30 20:32:55,209 INFO  [default] link ACK received: query_operational_state
2026-08-30 20:32:55,333 INFO  [default] operational state received: 2

Press Enter for a list of commands
2026-08-30 20:33:25,591 INFO  [default] link ACK received: get_commodity
2026-08-30 20:33:25,760 INFO  [default] message type supported received: 2
2026-08-30 20:33:25,763 INFO  [default] commodity response received. response code: 0 - success; count: 6
2026-08-30 20:33:25,763 INFO  [default] commodity code: 0 - Electricity consumed (W & W-hr)
2026-08-30 20:33:25,763 INFO  [default]            source: Estimated
2026-08-30 20:33:25,764 INFO  [default]   cumulative: 142000
2026-08-30 20:33:25,764 INFO  [default]    inst rate: 500
2026-08-30 20:33:25,764 INFO  [default] commodity code 8 - Rated max consumption level electricity (W) is not recorded in the commodity CSV
2026-08-30 20:33:25,764 INFO  [default] commodity code: 6 - Total energy storage/take capacity (W-hr)
2026-08-30 20:33:25,764 INFO  [default]            source: Estimated
2026-08-30 20:33:25,764 INFO  [default]   cumulative: 9190
2026-08-30 20:33:25,764 INFO  [default]    inst rate: not used for this commodity code
2026-08-30 20:33:25,764 INFO  [default] commodity code: 7 - Present energy storage/take capacity (W-hr)
2026-08-30 20:33:25,764 INFO  [default]            source: Estimated
2026-08-30 20:33:25,765 INFO  [default]   cumulative: 4838
2026-08-30 20:33:25,765 INFO  [default]    inst rate: not used for this commodity code
2026-08-30 20:33:25,765 INFO  [default] commodity code: 10 - Advanced load up total energy storage/take capacity (W-hr)
2026-08-30 20:33:25,765 INFO  [default]            source: Estimated
2026-08-30 20:33:25,765 INFO  [default]   cumulative: 12371
2026-08-30 20:33:25,765 INFO  [default]    inst rate: not used for this commodity code
2026-08-30 20:33:25,765 INFO  [default] commodity code: 11 - Advanced load up present energy storage/take capacity (W-hr)
2026-08-30 20:33:25,765 INFO  [default]            source: Estimated
2026-08-30 20:33:25,766 INFO  [default]   cumulative: 8019
2026-08-30 20:33:25,766 INFO  [default]    inst rate: not used for this commodity code
2026-08-30 20:33:25,969 INFO  [default] link ACK received: query_operational_state
2026-08-30 20:33:26,093 INFO  [default] operational state received: 2

Press Enter for a list of commands
2026-08-30 20:33:55,350 INFO  [default] link ACK received: query_operational_state
2026-08-30 20:33:55,473 INFO  [default] operational state received: 2

Press Enter for a list of commands
2026-08-30 20:34:25,735 INFO  [default] link ACK received: get_commodity
2026-08-30 20:34:25,903 INFO  [default] message type supported received: 2
2026-08-30 20:34:25,904 INFO  [default] commodity response received. response code: 0 - success; count: 6
2026-08-30 20:34:25,904 INFO  [default] commodity code: 0 - Electricity consumed (W & W-hr)
2026-08-30 20:34:25,904 INFO  [default]            source: Estimated
2026-08-30 20:34:25,904 INFO  [default]   cumulative: 142000
2026-08-30 20:34:25,905 INFO  [default]    inst rate: 500
2026-08-30 20:34:25,905 INFO  [default] commodity code 8 - Rated max consumption level electricity (W) is not recorded in the commodity CSV
2026-08-30 20:34:25,905 INFO  [default] commodity code: 6 - Total energy storage/take capacity (W-hr)
2026-08-30 20:34:25,905 INFO  [default]            source: Estimated
2026-08-30 20:34:25,905 INFO  [default]   cumulative: 9190
2026-08-30 20:34:25,905 INFO  [default]    inst rate: not used for this commodity code
2026-08-30 20:34:25,905 INFO  [default] commodity code: 7 - Present energy storage/take capacity (W-hr)
2026-08-30 20:34:25,905 INFO  [default]            source: Estimated
2026-08-30 20:34:25,905 INFO  [default]   cumulative: 4794
2026-08-30 20:34:25,906 INFO  [default]    inst rate: not used for this commodity code
2026-08-30 20:34:25,906 INFO  [default] commodity code: 10 - Advanced load up total energy storage/take capacity (W-hr)
2026-08-30 20:34:25,906 INFO  [default]            source: Estimated
2026-08-30 20:34:25,906 INFO  [default]   cumulative: 12371
2026-08-30 20:34:25,906 INFO  [default]    inst rate: not used for this commodity code
2026-08-30 20:34:25,906 INFO  [default] commodity code: 11 - Advanced load up present energy storage/take capacity (W-hr)
2026-08-30 20:34:25,906 INFO  [default]            source: Estimated
2026-08-30 20:34:25,906 INFO  [default]   cumulative: 7975
2026-08-30 20:34:25,906 INFO  [default]    inst rate: not used for this commodity code
2026-08-30 20:34:26,109 INFO  [default] link ACK received: query_operational_state
2026-08-30 20:34:26,233 INFO  [default] operational state received: 2

Press Enter for a list of commands
2026-08-30 20:34:55,489 INFO  [default] link ACK received: query_operational_state
2026-08-30 20:34:55,613 INFO  [default] operational state received: 2

Press Enter for a list of commands
2026-08-30 20:35:25,877 INFO  [default] link ACK received: get_commodity
2026-08-30 20:35:26,046 INFO  [default] message type supported received: 2
2026-08-30 20:35:26,047 INFO  [default] commodity response received. response code: 0 - success; count: 6
2026-08-30 20:35:26,047 INFO  [default] commodity code: 0 - Electricity consumed (W & W-hr)
2026-08-30 20:35:26,047 INFO  [default]            source: Estimated
2026-08-30 20:35:26,047 INFO  [default]   cumulative: 142000
2026-08-30 20:35:26,047 INFO  [default]    inst rate: 500
2026-08-30 20:35:26,047 INFO  [default] commodity code 8 - Rated max consumption level electricity (W) is not recorded in the commodity CSV
2026-08-30 20:35:26,047 INFO  [default] commodity code: 6 - Total energy storage/take capacity (W-hr)
2026-08-30 20:35:26,048 INFO  [default]            source: Estimated
2026-08-30 20:35:26,048 INFO  [default]   cumulative: 9190
2026-08-30 20:35:26,048 INFO  [default]    inst rate: not used for this commodity code
2026-08-30 20:35:26,048 INFO  [default] commodity code: 7 - Present energy storage/take capacity (W-hr)
2026-08-30 20:35:26,048 INFO  [default]            source: Estimated
2026-08-30 20:35:26,048 INFO  [default]   cumulative: 4772
2026-08-30 20:35:26,048 INFO  [default]    inst rate: not used for this commodity code
2026-08-30 20:35:26,048 INFO  [default] commodity code: 10 - Advanced load up total energy storage/take capacity (W-hr)
2026-08-30 20:35:26,048 INFO  [default]            source: Estimated
2026-08-30 20:35:26,048 INFO  [default]   cumulative: 12371
2026-08-30 20:35:26,048 INFO  [default]    inst rate: not used for this commodity code
2026-08-30 20:35:26,048 INFO  [default] commodity code: 11 - Advanced load up present energy storage/take capacity (W-hr)
2026-08-30 20:35:26,049 INFO  [default]            source: Estimated
2026-08-30 20:35:26,049 INFO  [default]   cumulative: 7953
2026-08-30 20:35:26,049 INFO  [default]    inst rate: not used for this commodity code
2026-08-30 20:35:26,251 INFO  [default] link ACK received: query_operational_state
2026-08-30 20:35:26,376 INFO  [default] operational state received: 2

Press Enter for a list of commands
2026-08-30 20:35:55,633 INFO  [default] link ACK received: query_operational_state
2026-08-30 20:35:55,757 INFO  [default] operational state received: 2

Press Enter for a list of commands
2026-08-30 20:36:25,017 INFO  [default] link ACK received: get_commodity
2026-08-30 20:36:25,185 INFO  [default] message type supported received: 2
2026-08-30 20:36:25,185 INFO  [default] commodity response received. response code: 0 - success; count: 6
2026-08-30 20:36:25,186 INFO  [default] commodity code: 0 - Electricity consumed (W & W-hr)
2026-08-30 20:36:25,186 INFO  [default]            source: Estimated
2026-08-30 20:36:25,186 INFO  [default]   cumulative: 142000
2026-08-30 20:36:25,186 INFO  [default]    inst rate: 500
2026-08-30 20:36:25,186 INFO  [default] commodity code 8 - Rated max consumption level electricity (W) is not recorded in the commodity CSV
2026-08-30 20:36:25,186 INFO  [default] commodity code: 6 - Total energy storage/take capacity (W-hr)
2026-08-30 20:36:25,186 INFO  [default]            source: Estimated
2026-08-30 20:36:25,187 INFO  [default]   cumulative: 9190
2026-08-30 20:36:25,187 INFO  [default]    inst rate: not used for this commodity code
2026-08-30 20:36:25,187 INFO  [default] commodity code: 7 - Present energy storage/take capacity (W-hr)
2026-08-30 20:36:25,187 INFO  [default]            source: Estimated
2026-08-30 20:36:25,187 INFO  [default]   cumulative: 4749
2026-08-30 20:36:25,187 INFO  [default]    inst rate: not used for this commodity code
2026-08-30 20:36:25,187 INFO  [default] commodity code: 10 - Advanced load up total energy storage/take capacity (W-hr)
2026-08-30 20:36:25,187 INFO  [default]            source: Estimated
2026-08-30 20:36:25,187 INFO  [default]   cumulative: 12371
2026-08-30 20:36:25,187 INFO  [default]    inst rate: not used for this commodity code
2026-08-30 20:36:25,188 INFO  [default] commodity code: 11 - Advanced load up present energy storage/take capacity (W-hr)
2026-08-30 20:36:25,188 INFO  [default]            source: Estimated
2026-08-30 20:36:25,188 INFO  [default]   cumulative: 7931
2026-08-30 20:36:25,188 INFO  [default]    inst rate: not used for this commodity code
2026-08-30 20:36:25,391 INFO  [default] link ACK received: query_operational_state
2026-08-30 20:36:25,515 INFO  [default] operational state received: 2

Press Enter for a list of commands
2026-08-30 20:36:55,774 INFO  [default] link ACK received: query_operational_state
2026-08-30 20:36:55,899 INFO  [default] operational state received: 2

Press Enter for a list of commands
2026-08-30 20:37:25,161 INFO  [default] link ACK received: get_commodity
2026-08-30 20:37:25,329 INFO  [default] message type supported received: 2
2026-08-30 20:37:25,329 INFO  [default] commodity response received. response code: 0 - success; count: 6
2026-08-30 20:37:25,330 INFO  [default] commodity code: 0 - Electricity consumed (W & W-hr)
2026-08-30 20:37:25,330 INFO  [default]            source: Estimated
2026-08-30 20:37:25,330 INFO  [default]   cumulative: 142000
2026-08-30 20:37:25,330 INFO  [default]    inst rate: 500
2026-08-30 20:37:25,330 INFO  [default] commodity code 8 - Rated max consumption level electricity (W) is not recorded in the commodity CSV
2026-08-30 20:37:25,330 INFO  [default] commodity code: 6 - Total energy storage/take capacity (W-hr)
2026-08-30 20:37:25,330 INFO  [default]            source: Estimated
2026-08-30 20:37:25,330 INFO  [default]   cumulative: 9190
2026-08-30 20:37:25,330 INFO  [default]    inst rate: not used for this commodity code
2026-08-30 20:37:25,331 INFO  [default] commodity code: 7 - Present energy storage/take capacity (W-hr)
2026-08-30 20:37:25,331 INFO  [default]            source: Estimated
2026-08-30 20:37:25,331 INFO  [default]   cumulative: 4705
2026-08-30 20:37:25,331 INFO  [default]    inst rate: not used for this commodity code
2026-08-30 20:37:25,331 INFO  [default] commodity code: 10 - Advanced load up total energy storage/take capacity (W-hr)
2026-08-30 20:37:25,331 INFO  [default]            source: Estimated
2026-08-30 20:37:25,331 INFO  [default]   cumulative: 12371
2026-08-30 20:37:25,331 INFO  [default]    inst rate: not used for this commodity code
2026-08-30 20:37:25,331 INFO  [default] commodity code: 11 - Advanced load up present energy storage/take capacity (W-hr)
2026-08-30 20:37:25,331 INFO  [default]            source: Estimated
2026-08-30 20:37:25,332 INFO  [default]   cumulative: 7887
2026-08-30 20:37:25,332 INFO  [default]    inst rate: not used for this commodity code
2026-08-30 20:37:25,534 INFO  [default] link ACK received: query_operational_state
2026-08-30 20:37:25,658 INFO  [default] operational state received: 2

Press Enter for a list of commands
2026-08-30 20:37:55,917 INFO  [default] link ACK received: query_operational_state
2026-08-30 20:37:56,042 INFO  [default] operational state received: 2

Press Enter for a list of commands
2026-08-30 20:38:25,298 INFO  [default] link ACK received: get_commodity
2026-08-30 20:38:25,467 INFO  [default] message type supported received: 2
2026-08-30 20:38:25,467 INFO  [default] commodity response received. response code: 0 - success; count: 6
2026-08-30 20:38:25,468 INFO  [default] commodity code: 0 - Electricity consumed (W & W-hr)
2026-08-30 20:38:25,468 INFO  [default]            source: Estimated
2026-08-30 20:38:25,468 INFO  [default]   cumulative: 142000
2026-08-30 20:38:25,468 INFO  [default]    inst rate: 500
2026-08-30 20:38:25,468 INFO  [default] commodity code 8 - Rated max consumption level electricity (W) is not recorded in the commodity CSV
2026-08-30 20:38:25,468 INFO  [default] commodity code: 6 - Total energy storage/take capacity (W-hr)
2026-08-30 20:38:25,468 INFO  [default]            source: Estimated
2026-08-30 20:38:25,468 INFO  [default]   cumulative: 9190
2026-08-30 20:38:25,469 INFO  [default]    inst rate: not used for this commodity code
2026-08-30 20:38:25,469 INFO  [default] commodity code: 7 - Present energy storage/take capacity (W-hr)
2026-08-30 20:38:25,469 INFO  [default]            source: Estimated
2026-08-30 20:38:25,469 INFO  [default]   cumulative: 4683
2026-08-30 20:38:25,469 INFO  [default]    inst rate: not used for this commodity code
2026-08-30 20:38:25,469 INFO  [default] commodity code: 10 - Advanced load up total energy storage/take capacity (W-hr)
2026-08-30 20:38:25,469 INFO  [default]            source: Estimated
2026-08-30 20:38:25,470 INFO  [default]   cumulative: 12371
2026-08-30 20:38:25,470 INFO  [default]    inst rate: not used for this commodity code
2026-08-30 20:38:25,470 INFO  [default] commodity code: 11 - Advanced load up present energy storage/take capacity (W-hr)
2026-08-30 20:38:25,470 INFO  [default]            source: Estimated
2026-08-30 20:38:25,470 INFO  [default]   cumulative: 7865
2026-08-30 20:38:25,470 INFO  [default]    inst rate: not used for this commodity code
2026-08-30 20:38:25,672 INFO  [default] link ACK received: query_operational_state
2026-08-30 20:38:25,796 INFO  [default] operational state received: 2

Press Enter for a list of commands
2026-08-30 20:38:55,052 INFO  [default] link ACK received: query_operational_state
2026-08-30 20:38:55,175 INFO  [default] operational state received: 2

Press Enter for a list of commands
2026-08-30 20:39:25,438 INFO  [default] link ACK received: get_commodity
2026-08-30 20:39:25,607 INFO  [default] message type supported received: 2
2026-08-30 20:39:25,608 INFO  [default] commodity response received. response code: 0 - success; count: 6
2026-08-30 20:39:25,608 INFO  [default] commodity code: 0 - Electricity consumed (W & W-hr)
2026-08-30 20:39:25,608 INFO  [default]            source: Estimated
2026-08-30 20:39:25,608 INFO  [default]   cumulative: 142000
2026-08-30 20:39:25,609 INFO  [default]    inst rate: 500
2026-08-30 20:39:25,609 INFO  [default] commodity code 8 - Rated max consumption level electricity (W) is not recorded in the commodity CSV
2026-08-30 20:39:25,609 INFO  [default] commodity code: 6 - Total energy storage/take capacity (W-hr)
2026-08-30 20:39:25,609 INFO  [default]            source: Estimated
2026-08-30 20:39:25,609 INFO  [default]   cumulative: 9190
2026-08-30 20:39:25,609 INFO  [default]    inst rate: not used for this commodity code
2026-08-30 20:39:25,609 INFO  [default] commodity code: 7 - Present energy storage/take capacity (W-hr)
2026-08-30 20:39:25,609 INFO  [default]            source: Estimated
2026-08-30 20:39:25,610 INFO  [default]   cumulative: 4661
2026-08-30 20:39:25,610 INFO  [default]    inst rate: not used for this commodity code
2026-08-30 20:39:25,610 INFO  [default] commodity code: 10 - Advanced load up total energy storage/take capacity (W-hr)
2026-08-30 20:39:25,610 INFO  [default]            source: Estimated
2026-08-30 20:39:25,610 INFO  [default]   cumulative: 12371
2026-08-30 20:39:25,610 INFO  [default]    inst rate: not used for this commodity code
2026-08-30 20:39:25,610 INFO  [default] commodity code: 11 - Advanced load up present energy storage/take capacity (W-hr)
2026-08-30 20:39:25,610 INFO  [default]            source: Estimated
2026-08-30 20:39:25,611 INFO  [default]   cumulative: 7842
2026-08-30 20:39:25,611 INFO  [default]    inst rate: not used for this commodity code
2026-08-30 20:39:25,813 INFO  [default] link ACK received: query_operational_state
2026-08-30 20:39:25,937 INFO  [default] operational state received: 2

Press Enter for a list of commands
2026-08-30 20:39:55,193 INFO  [default] link ACK received: query_operational_state
2026-08-30 20:39:55,317 INFO  [default] operational state received: 2

Press Enter for a list of commands
1788147625,o,0 (PASSED!)
outside communication found
2026-08-30 20:40:25,575 INFO  [default] link ACK received: outside_communication
2026-08-30 20:40:25,699 INFO  [default] app ack received
2026-08-30 20:40:25,902 INFO  [default] link ACK received: get_commodity
2026-08-30 20:40:26,070 INFO  [default] message type supported received: 2
2026-08-30 20:40:26,070 INFO  [default] commodity response received. response code: 0 - success; count: 6
2026-08-30 20:40:26,071 INFO  [default] commodity code: 0 - Electricity consumed (W & W-hr)
2026-08-30 20:40:26,071 INFO  [default]            source: Estimated
2026-08-30 20:40:26,071 INFO  [default]   cumulative: 142000
2026-08-30 20:40:26,071 INFO  [default]    inst rate: 500
2026-08-30 20:40:26,072 INFO  [default] commodity code 8 - Rated max consumption level electricity (W) is not recorded in the commodity CSV
2026-08-30 20:40:26,072 INFO  [default] commodity code: 6 - Total energy storage/take capacity (W-hr)
2026-08-30 20:40:26,072 INFO  [default]            source: Estimated
2026-08-30 20:40:26,072 INFO  [default]   cumulative: 9190
2026-08-30 20:40:26,072 INFO  [default]    inst rate: not used for this commodity code
2026-08-30 20:40:26,072 INFO  [default] commodity code: 7 - Present energy storage/take capacity (W-hr)
2026-08-30 20:40:26,072 INFO  [default]            source: Estimated
2026-08-30 20:40:26,072 INFO  [default]   cumulative: 4617
2026-08-30 20:40:26,072 INFO  [default]    inst rate: not used for this commodity code
2026-08-30 20:40:26,073 INFO  [default] commodity code: 10 - Advanced load up total energy storage/take capacity (W-hr)
2026-08-30 20:40:26,073 INFO  [default]            source: Estimated
2026-08-30 20:40:26,073 INFO  [default]   cumulative: 12371
2026-08-30 20:40:26,073 INFO  [default]    inst rate: not used for this commodity code
2026-08-30 20:40:26,073 INFO  [default] commodity code: 11 - Advanced load up present energy storage/take capacity (W-hr)
2026-08-30 20:40:26,073 INFO  [default]            source: Estimated
2026-08-30 20:40:26,073 INFO  [default]   cumulative: 7798
2026-08-30 20:40:26,074 INFO  [default]    inst rate: not used for this commodity code
2026-08-30 20:40:26,276 INFO  [default] link ACK received: query_operational_state
2026-08-30 20:40:26,400 INFO  [default] operational state received: 2

Press Enter for a list of commands
2026-08-30 20:40:55,656 INFO  [default] link ACK received: query_operational_state
2026-08-30 20:40:55,779 INFO  [default] operational state received: 2

Press Enter for a list of commands
2026-08-30 20:41:25,038 INFO  [default] link ACK received: get_commodity
2026-08-30 20:41:25,208 INFO  [default] message type supported received: 2
2026-08-30 20:41:25,208 INFO  [default] commodity response received. response code: 0 - success; count: 6
2026-08-30 20:41:25,208 INFO  [default] commodity code: 0 - Electricity consumed (W & W-hr)
2026-08-30 20:41:25,208 INFO  [default]            source: Estimated
2026-08-30 20:41:25,208 INFO  [default]   cumulative: 142000
2026-08-30 20:41:25,209 INFO  [default]    inst rate: 500
2026-08-30 20:41:25,209 INFO  [default] commodity code 8 - Rated max consumption level electricity (W) is not recorded in the commodity CSV
2026-08-30 20:41:25,209 INFO  [default] commodity code: 6 - Total energy storage/take capacity (W-hr)
2026-08-30 20:41:25,209 INFO  [default]            source: Estimated
2026-08-30 20:41:25,209 INFO  [default]   cumulative: 9190
2026-08-30 20:41:25,209 INFO  [default]    inst rate: not used for this commodity code
2026-08-30 20:41:25,209 INFO  [default] commodity code: 7 - Present energy storage/take capacity (W-hr)
2026-08-30 20:41:25,209 INFO  [default]            source: Estimated
2026-08-30 20:41:25,209 INFO  [default]   cumulative: 4595
2026-08-30 20:41:25,209 INFO  [default]    inst rate: not used for this commodity code
2026-08-30 20:41:25,210 INFO  [default] commodity code: 10 - Advanced load up total energy storage/take capacity (W-hr)
2026-08-30 20:41:25,210 INFO  [default]            source: Estimated
2026-08-30 20:41:25,210 INFO  [default]   cumulative: 12371
2026-08-30 20:41:25,210 INFO  [default]    inst rate: not used for this commodity code
2026-08-30 20:41:25,210 INFO  [default] commodity code: 11 - Advanced load up present energy storage/take capacity (W-hr)
2026-08-30 20:41:25,210 INFO  [default]            source: Estimated
2026-08-30 20:41:25,210 INFO  [default]   cumulative: 7776
2026-08-30 20:41:25,210 INFO  [default]    inst rate: not used for this commodity code
2026-08-30 20:41:25,413 INFO  [default] link ACK received: query_operational_state
2026-08-30 20:41:25,536 INFO  [default] operational state received: 2

Press Enter for a list of commands
2026-08-30 20:41:55,796 INFO  [default] link ACK received: query_operational_state
2026-08-30 20:41:55,920 INFO  [default] operational state received: 2

Press Enter for a list of commands
2026-08-30 20:42:25,180 INFO  [default] link ACK received: get_commodity
2026-08-30 20:42:25,349 INFO  [default] message type supported received: 2
2026-08-30 20:42:25,349 INFO  [default] commodity response received. response code: 0 - success; count: 6
2026-08-30 20:42:25,350 INFO  [default] commodity code: 0 - Electricity consumed (W & W-hr)
2026-08-30 20:42:25,350 INFO  [default]            source: Estimated
2026-08-30 20:42:25,350 INFO  [default]   cumulative: 142000
2026-08-30 20:42:25,350 INFO  [default]    inst rate: 500
2026-08-30 20:42:25,350 INFO  [default] commodity code 8 - Rated max consumption level electricity (W) is not recorded in the commodity CSV
2026-08-30 20:42:25,350 INFO  [default] commodity code: 6 - Total energy storage/take capacity (W-hr)
2026-08-30 20:42:25,350 INFO  [default]            source: Estimated
2026-08-30 20:42:25,350 INFO  [default]   cumulative: 9190
2026-08-30 20:42:25,350 INFO  [default]    inst rate: not used for this commodity code
2026-08-30 20:42:25,350 INFO  [default] commodity code: 7 - Present energy storage/take capacity (W-hr)
2026-08-30 20:42:25,350 INFO  [default]            source: Estimated
2026-08-30 20:42:25,351 INFO  [default]   cumulative: 4551
2026-08-30 20:42:25,351 INFO  [default]    inst rate: not used for this commodity code
2026-08-30 20:42:25,351 INFO  [default] commodity code: 10 - Advanced load up total energy storage/take capacity (W-hr)
2026-08-30 20:42:25,351 INFO  [default]            source: Estimated
2026-08-30 20:42:25,351 INFO  [default]   cumulative: 12371
2026-08-30 20:42:25,351 INFO  [default]    inst rate: not used for this commodity code
2026-08-30 20:42:25,351 INFO  [default] commodity code: 11 - Advanced load up present energy storage/take capacity (W-hr)
2026-08-30 20:42:25,351 INFO  [default]            source: Estimated
2026-08-30 20:42:25,351 INFO  [default]   cumulative: 7732
2026-08-30 20:42:25,351 INFO  [default]    inst rate: not used for this commodity code
2026-08-30 20:42:25,554 INFO  [default] link ACK received: query_operational_state
2026-08-30 20:42:25,678 INFO  [default] operational state received: 2

Press Enter for a list of commands
2026-08-30 20:42:54,935 INFO  [default] link ACK received: query_operational_state
2026-08-30 20:42:55,058 INFO  [default] operational state received: 2

Press Enter for a list of commands
2026-08-30 20:43:25,320 INFO  [default] link ACK received: get_commodity
2026-08-30 20:43:25,490 INFO  [default] message type supported received: 2
2026-08-30 20:43:25,491 INFO  [default] commodity response received. response code: 0 - success; count: 6
2026-08-30 20:43:25,491 INFO  [default] commodity code: 0 - Electricity consumed (W & W-hr)
2026-08-30 20:43:25,491 INFO  [default]            source: Estimated
2026-08-30 20:43:25,492 INFO  [default]   cumulative: 142000
2026-08-30 20:43:25,492 INFO  [default]    inst rate: 500
2026-08-30 20:43:25,492 INFO  [default] commodity code 8 - Rated max consumption level electricity (W) is not recorded in the commodity CSV
2026-08-30 20:43:25,492 INFO  [default] commodity code: 6 - Total energy storage/take capacity (W-hr)
2026-08-30 20:43:25,492 INFO  [default]            source: Estimated
2026-08-30 20:43:25,492 INFO  [default]   cumulative: 9190
2026-08-30 20:43:25,492 INFO  [default]    inst rate: not used for this commodity code
2026-08-30 20:43:25,492 INFO  [default] commodity code: 7 - Present energy storage/take capacity (W-hr)
2026-08-30 20:43:25,493 INFO  [default]            source: Estimated
2026-08-30 20:43:25,493 INFO  [default]   cumulative: 4529
2026-08-30 20:43:25,493 INFO  [default]    inst rate: not used for this commodity code
2026-08-30 20:43:25,493 INFO  [default] commodity code: 10 - Advanced load up total energy storage/take capacity (W-hr)
2026-08-30 20:43:25,493 INFO  [default]            source: Estimated
2026-08-30 20:43:25,493 INFO  [default]   cumulative: 12371
2026-08-30 20:43:25,493 INFO  [default]    inst rate: not used for this commodity code
2026-08-30 20:43:25,494 INFO  [default] commodity code: 11 - Advanced load up present energy storage/take capacity (W-hr)
2026-08-30 20:43:25,494 INFO  [default]            source: Estimated
2026-08-30 20:43:25,494 INFO  [default]   cumulative: 7710
2026-08-30 20:43:25,494 INFO  [default]    inst rate: not used for this commodity code
2026-08-30 20:43:25,697 INFO  [default] link ACK received: query_operational_state
2026-08-30 20:43:25,822 INFO  [default] operational state received: 2

Press Enter for a list of commands
2026-08-30 20:43:55,077 INFO  [default] link ACK received: query_operational_state
2026-08-30 20:43:55,202 INFO  [default] operational state received: 2

Press Enter for a list of commands
2026-08-30 20:44:25,464 INFO  [default] link ACK received: get_commodity
2026-08-30 20:44:25,632 INFO  [default] message type supported received: 2
2026-08-30 20:44:25,632 INFO  [default] commodity response received. response code: 0 - success; count: 6
2026-08-30 20:44:25,632 INFO  [default] commodity code: 0 - Electricity consumed (W & W-hr)
2026-08-30 20:44:25,633 INFO  [default]            source: Estimated
2026-08-30 20:44:25,633 INFO  [default]   cumulative: 142000
2026-08-30 20:44:25,633 INFO  [default]    inst rate: 500
2026-08-30 20:44:25,633 INFO  [default] commodity code 8 - Rated max consumption level electricity (W) is not recorded in the commodity CSV
2026-08-30 20:44:25,633 INFO  [default] commodity code: 6 - Total energy storage/take capacity (W-hr)
2026-08-30 20:44:25,633 INFO  [default]            source: Estimated
2026-08-30 20:44:25,633 INFO  [default]   cumulative: 9190
2026-08-30 20:44:25,633 INFO  [default]    inst rate: not used for this commodity code
2026-08-30 20:44:25,633 INFO  [default] commodity code: 7 - Present energy storage/take capacity (W-hr)
2026-08-30 20:44:25,633 INFO  [default]            source: Estimated
2026-08-30 20:44:25,633 INFO  [default]   cumulative: 4506
2026-08-30 20:44:25,634 INFO  [default]    inst rate: not used for this commodity code
2026-08-30 20:44:25,634 INFO  [default] commodity code: 10 - Advanced load up total energy storage/take capacity (W-hr)
2026-08-30 20:44:25,634 INFO  [default]            source: Estimated
2026-08-30 20:44:25,634 INFO  [default]   cumulative: 12371
2026-08-30 20:44:25,634 INFO  [default]    inst rate: not used for this commodity code
2026-08-30 20:44:25,634 INFO  [default] commodity code: 11 - Advanced load up present energy storage/take capacity (W-hr)
2026-08-30 20:44:25,634 INFO  [default]            source: Estimated
2026-08-30 20:44:25,634 INFO  [default]   cumulative: 7688
2026-08-30 20:44:25,634 INFO  [default]    inst rate: not used for this commodity code
2026-08-30 20:44:25,837 INFO  [default] link ACK received: query_operational_state
2026-08-30 20:44:25,960 INFO  [default] operational state received: 2

Press Enter for a list of commands
2026-08-30 20:44:55,218 INFO  [default] link ACK received: query_operational_state
2026-08-30 20:44:55,342 INFO  [default] operational state received: 2

Press Enter for a list of commands
2026-08-30 20:45:25,605 INFO  [default] link ACK received: get_commodity
2026-08-30 20:45:25,773 INFO  [default] message type supported received: 2
2026-08-30 20:45:25,773 INFO  [default] commodity response received. response code: 0 - success; count: 6
2026-08-30 20:45:25,774 INFO  [default] commodity code: 0 - Electricity consumed (W & W-hr)
2026-08-30 20:45:25,774 INFO  [default]            source: Estimated
2026-08-30 20:45:25,774 INFO  [default]   cumulative: 142000
2026-08-30 20:45:25,774 INFO  [default]    inst rate: 500
2026-08-30 20:45:25,774 INFO  [default] commodity code 8 - Rated max consumption level electricity (W) is not recorded in the commodity CSV
2026-08-30 20:45:25,774 INFO  [default] commodity code: 6 - Total energy storage/take capacity (W-hr)
2026-08-30 20:45:25,774 INFO  [default]            source: Estimated
2026-08-30 20:45:25,774 INFO  [default]   cumulative: 9190
2026-08-30 20:45:25,774 INFO  [default]    inst rate: not used for this commodity code
2026-08-30 20:45:25,774 INFO  [default] commodity code: 7 - Present energy storage/take capacity (W-hr)
2026-08-30 20:45:25,775 INFO  [default]            source: Estimated
2026-08-30 20:45:25,775 INFO  [default]   cumulative: 4462
2026-08-30 20:45:25,775 INFO  [default]    inst rate: not used for this commodity code
2026-08-30 20:45:25,775 INFO  [default] commodity code: 10 - Advanced load up total energy storage/take capacity (W-hr)
2026-08-30 20:45:25,775 INFO  [default]            source: Estimated
2026-08-30 20:45:25,775 INFO  [default]   cumulative: 12371
2026-08-30 20:45:25,775 INFO  [default]    inst rate: not used for this commodity code
2026-08-30 20:45:25,775 INFO  [default] commodity code: 11 - Advanced load up present energy storage/take capacity (W-hr)
2026-08-30 20:45:25,775 INFO  [default]            source: Estimated
2026-08-30 20:45:25,775 INFO  [default]   cumulative: 7644
2026-08-30 20:45:25,775 INFO  [default]    inst rate: not used for this commodity code
2026-08-30 20:45:25,978 INFO  [default] link ACK received: query_operational_state
2026-08-30 20:45:26,102 INFO  [default] operational state received: 2

Press Enter for a list of commands
2026-08-30 20:45:55,359 INFO  [default] link ACK received: query_operational_state
2026-08-30 20:45:55,482 INFO  [default] operational state received: 2

Press Enter for a list of commands
2026-08-30 20:46:25,744 INFO  [default] link ACK received: get_commodity
2026-08-30 20:46:25,913 INFO  [default] message type supported received: 2
2026-08-30 20:46:25,913 INFO  [default] commodity response received. response code: 0 - success; count: 6
2026-08-30 20:46:25,913 INFO  [default] commodity code: 0 - Electricity consumed (W & W-hr)
2026-08-30 20:46:25,914 INFO  [default]            source: Estimated
2026-08-30 20:46:25,914 INFO  [default]   cumulative: 142000
2026-08-30 20:46:25,914 INFO  [default]    inst rate: 500
2026-08-30 20:46:25,914 INFO  [default] commodity code 8 - Rated max consumption level electricity (W) is not recorded in the commodity CSV
2026-08-30 20:46:25,914 INFO  [default] commodity code: 6 - Total energy storage/take capacity (W-hr)
2026-08-30 20:46:25,914 INFO  [default]            source: Estimated
2026-08-30 20:46:25,914 INFO  [default]   cumulative: 9190
2026-08-30 20:46:25,914 INFO  [default]    inst rate: not used for this commodity code
2026-08-30 20:46:25,914 INFO  [default] commodity code: 7 - Present energy storage/take capacity (W-hr)
2026-08-30 20:46:25,915 INFO  [default]            source: Estimated
2026-08-30 20:46:25,915 INFO  [default]   cumulative: 4462
2026-08-30 20:46:25,915 INFO  [default]    inst rate: not used for this commodity code
2026-08-30 20:46:25,915 INFO  [default] commodity code: 10 - Advanced load up total energy storage/take capacity (W-hr)
2026-08-30 20:46:25,915 INFO  [default]            source: Estimated
2026-08-30 20:46:25,915 INFO  [default]   cumulative: 12371
2026-08-30 20:46:25,915 INFO  [default]    inst rate: not used for this commodity code
2026-08-30 20:46:25,915 INFO  [default] commodity code: 11 - Advanced load up present energy storage/take capacity (W-hr)
2026-08-30 20:46:25,916 INFO  [default]            source: Estimated
2026-08-30 20:46:25,916 INFO  [default]   cumulative: 7644
2026-08-30 20:46:25,916 INFO  [default]    inst rate: not used for this commodity code
2026-08-30 20:46:26,118 INFO  [default] link ACK received: query_operational_state
2026-08-30 20:46:26,242 INFO  [default] operational state received: 2

Press Enter for a list of commands
2026-08-30 20:46:55,505 INFO  [default] link ACK received: query_operational_state
2026-08-30 20:46:55,628 INFO  [default] operational state received: 2

Press Enter for a list of commands
2026-08-30 20:47:25,892 INFO  [default] link ACK received: get_commodity
2026-08-30 20:47:26,061 INFO  [default] message type supported received: 2
2026-08-30 20:47:26,061 INFO  [default] commodity response received. response code: 0 - success; count: 6
2026-08-30 20:47:26,062 INFO  [default] commodity code: 0 - Electricity consumed (W & W-hr)
2026-08-30 20:47:26,062 INFO  [default]            source: Estimated
2026-08-30 20:47:26,062 INFO  [default]   cumulative: 142000
2026-08-30 20:47:26,062 INFO  [default]    inst rate: 500
2026-08-30 20:47:26,062 INFO  [default] commodity code 8 - Rated max consumption level electricity (W) is not recorded in the commodity CSV
2026-08-30 20:47:26,063 INFO  [default] commodity code: 6 - Total energy storage/take capacity (W-hr)
2026-08-30 20:47:26,063 INFO  [default]            source: Estimated
2026-08-30 20:47:26,063 INFO  [default]   cumulative: 9190
2026-08-30 20:47:26,063 INFO  [default]    inst rate: not used for this commodity code
2026-08-30 20:47:26,063 INFO  [default] commodity code: 7 - Present energy storage/take capacity (W-hr)
2026-08-30 20:47:26,063 INFO  [default]            source: Estimated
2026-08-30 20:47:26,063 INFO  [default]   cumulative: 4396
2026-08-30 20:47:26,063 INFO  [default]    inst rate: not used for this commodity code
2026-08-30 20:47:26,064 INFO  [default] commodity code: 10 - Advanced load up total energy storage/take capacity (W-hr)
2026-08-30 20:47:26,064 INFO  [default]            source: Estimated
2026-08-30 20:47:26,064 INFO  [default]   cumulative: 12371
2026-08-30 20:47:26,064 INFO  [default]    inst rate: not used for this commodity code
2026-08-30 20:47:26,064 INFO  [default] commodity code: 11 - Advanced load up present energy storage/take capacity (W-hr)
2026-08-30 20:47:26,064 INFO  [default]            source: Estimated
2026-08-30 20:47:26,064 INFO  [default]   cumulative: 7577
2026-08-30 20:47:26,064 INFO  [default]    inst rate: not used for this commodity code
2026-08-30 20:47:26,267 INFO  [default] link ACK received: query_operational_state
2026-08-30 20:47:26,390 INFO  [default] operational state received: 2

Press Enter for a list of commands
2026-08-30 20:47:55,649 INFO  [default] link ACK received: query_operational_state
2026-08-30 20:47:55,773 INFO  [default] operational state received: 2

Press Enter for a list of commands
2026-08-30 20:48:25,030 INFO  [default] link ACK received: get_commodity
2026-08-30 20:48:25,199 INFO  [default] message type supported received: 2
2026-08-30 20:48:25,199 INFO  [default] commodity response received. response code: 0 - success; count: 6
2026-08-30 20:48:25,200 INFO  [default] commodity code: 0 - Electricity consumed (W & W-hr)
2026-08-30 20:48:25,200 INFO  [default]            source: Estimated
2026-08-30 20:48:25,200 INFO  [default]   cumulative: 142000
2026-08-30 20:48:25,200 INFO  [default]    inst rate: 500
2026-08-30 20:48:25,200 INFO  [default] commodity code 8 - Rated max consumption level electricity (W) is not recorded in the commodity CSV
2026-08-30 20:48:25,200 INFO  [default] commodity code: 6 - Total energy storage/take capacity (W-hr)
2026-08-30 20:48:25,200 INFO  [default]            source: Estimated
2026-08-30 20:48:25,200 INFO  [default]   cumulative: 9190
2026-08-30 20:48:25,201 INFO  [default]    inst rate: not used for this commodity code
2026-08-30 20:48:25,201 INFO  [default] commodity code: 7 - Present energy storage/take capacity (W-hr)
2026-08-30 20:48:25,201 INFO  [default]            source: Estimated
2026-08-30 20:48:25,201 INFO  [default]   cumulative: 4374
2026-08-30 20:48:25,201 INFO  [default]    inst rate: not used for this commodity code
2026-08-30 20:48:25,202 INFO  [default] commodity code: 10 - Advanced load up total energy storage/take capacity (W-hr)
2026-08-30 20:48:25,202 INFO  [default]            source: Estimated
2026-08-30 20:48:25,202 INFO  [default]   cumulative: 12371
2026-08-30 20:48:25,202 INFO  [default]    inst rate: not used for this commodity code
2026-08-30 20:48:25,202 INFO  [default] commodity code: 11 - Advanced load up present energy storage/take capacity (W-hr)
2026-08-30 20:48:25,202 INFO  [default]            source: Estimated
2026-08-30 20:48:25,202 INFO  [default]   cumulative: 7555
2026-08-30 20:48:25,202 INFO  [default]    inst rate: not used for this commodity code
2026-08-30 20:48:25,406 INFO  [default] link ACK received: query_operational_state
2026-08-30 20:48:25,530 INFO  [default] operational state received: 2

Press Enter for a list of commands
2026-08-30 20:48:55,792 INFO  [default] link ACK received: query_operational_state
2026-08-30 20:48:55,915 INFO  [default] operational state received: 2

Press Enter for a list of commands
2026-08-30 20:49:25,176 INFO  [default] link ACK received: get_commodity
2026-08-30 20:49:25,346 INFO  [default] message type supported received: 2
2026-08-30 20:49:25,346 INFO  [default] commodity response received. response code: 0 - success; count: 6
2026-08-30 20:49:25,346 INFO  [default] commodity code: 0 - Electricity consumed (W & W-hr)
2026-08-30 20:49:25,347 INFO  [default]            source: Estimated
2026-08-30 20:49:25,347 INFO  [default]   cumulative: 142000
2026-08-30 20:49:25,347 INFO  [default]    inst rate: 500
2026-08-30 20:49:25,347 INFO  [default] commodity code 8 - Rated max consumption level electricity (W) is not recorded in the commodity CSV
2026-08-30 20:49:25,347 INFO  [default] commodity code: 6 - Total energy storage/take capacity (W-hr)
2026-08-30 20:49:25,347 INFO  [default]            source: Estimated
2026-08-30 20:49:25,347 INFO  [default]   cumulative: 9190
2026-08-30 20:49:25,347 INFO  [default]    inst rate: not used for this commodity code
2026-08-30 20:49:25,348 INFO  [default] commodity code: 7 - Present energy storage/take capacity (W-hr)
2026-08-30 20:49:25,348 INFO  [default]            source: Estimated
2026-08-30 20:49:25,348 INFO  [default]   cumulative: 4352
2026-08-30 20:49:25,348 INFO  [default]    inst rate: not used for this commodity code
2026-08-30 20:49:25,348 INFO  [default] commodity code: 10 - Advanced load up total energy storage/take capacity (W-hr)
2026-08-30 20:49:25,348 INFO  [default]            source: Estimated
2026-08-30 20:49:25,348 INFO  [default]   cumulative: 12371
2026-08-30 20:49:25,348 INFO  [default]    inst rate: not used for this commodity code
2026-08-30 20:49:25,348 INFO  [default] commodity code: 11 - Advanced load up present energy storage/take capacity (W-hr)
2026-08-30 20:49:25,349 INFO  [default]            source: Estimated
2026-08-30 20:49:25,349 INFO  [default]   cumulative: 7533
2026-08-30 20:49:25,349 INFO  [default]    inst rate: not used for this commodity code
2026-08-30 20:49:25,551 INFO  [default] link ACK received: query_operational_state
2026-08-30 20:49:25,675 INFO  [default] operational state received: 2

Press Enter for a list of commands
2026-08-30 20:49:54,932 INFO  [default] link ACK received: query_operational_state
2026-08-30 20:49:55,056 INFO  [default] operational state received: 2

Press Enter for a list of commands
1788148225,o,0 (PASSED!)
outside communication found
2026-08-30 20:50:25,318 INFO  [default] link ACK received: outside_communication
2026-08-30 20:50:25,442 INFO  [default] app ack received
2026-08-30 20:50:25,644 INFO  [default] link ACK received: get_commodity
2026-08-30 20:50:25,813 INFO  [default] message type supported received: 2
2026-08-30 20:50:25,813 INFO  [default] commodity response received. response code: 0 - success; count: 6
2026-08-30 20:50:25,813 INFO  [default] commodity code: 0 - Electricity consumed (W & W-hr)
2026-08-30 20:50:25,813 INFO  [default]            source: Estimated
2026-08-30 20:50:25,813 INFO  [default]   cumulative: 142000
2026-08-30 20:50:25,814 INFO  [default]    inst rate: 500
2026-08-30 20:50:25,814 INFO  [default] commodity code 8 - Rated max consumption level electricity (W) is not recorded in the commodity CSV
2026-08-30 20:50:25,814 INFO  [default] commodity code: 6 - Total energy storage/take capacity (W-hr)
2026-08-30 20:50:25,814 INFO  [default]            source: Estimated
2026-08-30 20:50:25,814 INFO  [default]   cumulative: 9190
2026-08-30 20:50:25,814 INFO  [default]    inst rate: not used for this commodity code
2026-08-30 20:50:25,814 INFO  [default] commodity code: 7 - Present energy storage/take capacity (W-hr)
2026-08-30 20:50:25,814 INFO  [default]            source: Estimated
2026-08-30 20:50:25,814 INFO  [default]   cumulative: 4330
2026-08-30 20:50:25,814 INFO  [default]    inst rate: not used for this commodity code
2026-08-30 20:50:25,814 INFO  [default] commodity code: 10 - Advanced load up total energy storage/take capacity (W-hr)
2026-08-30 20:50:25,814 INFO  [default]            source: Estimated
2026-08-30 20:50:25,815 INFO  [default]   cumulative: 12371
2026-08-30 20:50:25,815 INFO  [default]    inst rate: not used for this commodity code
2026-08-30 20:50:25,815 INFO  [default] commodity code: 11 - Advanced load up present energy storage/take capacity (W-hr)
2026-08-30 20:50:25,815 INFO  [default]            source: Estimated
2026-08-30 20:50:25,815 INFO  [default]   cumulative: 7511
2026-08-30 20:50:25,815 INFO  [default]    inst rate: not used for this commodity code
2026-08-30 20:50:26,017 INFO  [default] link ACK received: query_operational_state
2026-08-30 20:50:26,142 INFO  [default] operational state received: 2

Press Enter for a list of commands
2026-08-30 20:50:55,400 INFO  [default] link ACK received: query_operational_state
2026-08-30 20:50:55,523 INFO  [default] operational state received: 2

Press Enter for a list of commands
2026-08-30 20:51:25,785 INFO  [default] link ACK received: get_commodity
2026-08-30 20:51:25,953 INFO  [default] message type supported received: 2
2026-08-30 20:51:25,954 INFO  [default] commodity response received. response code: 0 - success; count: 6
2026-08-30 20:51:25,954 INFO  [default] commodity code: 0 - Electricity consumed (W & W-hr)
2026-08-30 20:51:25,954 INFO  [default]            source: Estimated
2026-08-30 20:51:25,954 INFO  [default]   cumulative: 142000
2026-08-30 20:51:25,954 INFO  [default]    inst rate: 500
2026-08-30 20:51:25,954 INFO  [default] commodity code 8 - Rated max consumption level electricity (W) is not recorded in the commodity CSV
2026-08-30 20:51:25,955 INFO  [default] commodity code: 6 - Total energy storage/take capacity (W-hr)
2026-08-30 20:51:25,955 INFO  [default]            source: Estimated
2026-08-30 20:51:25,955 INFO  [default]   cumulative: 9190
2026-08-30 20:51:25,955 INFO  [default]    inst rate: not used for this commodity code
2026-08-30 20:51:25,955 INFO  [default] commodity code: 7 - Present energy storage/take capacity (W-hr)
2026-08-30 20:51:25,955 INFO  [default]            source: Estimated
2026-08-30 20:51:25,955 INFO  [default]   cumulative: 4308
2026-08-30 20:51:25,955 INFO  [default]    inst rate: not used for this commodity code
2026-08-30 20:51:25,955 INFO  [default] commodity code: 10 - Advanced load up total energy storage/take capacity (W-hr)
2026-08-30 20:51:25,955 INFO  [default]            source: Estimated
2026-08-30 20:51:25,955 INFO  [default]   cumulative: 12371
2026-08-30 20:51:25,955 INFO  [default]    inst rate: not used for this commodity code
2026-08-30 20:51:25,956 INFO  [default] commodity code: 11 - Advanced load up present energy storage/take capacity (W-hr)
2026-08-30 20:51:25,956 INFO  [default]            source: Estimated
2026-08-30 20:51:25,956 INFO  [default]   cumulative: 7489
2026-08-30 20:51:25,956 INFO  [default]    inst rate: not used for this commodity code
2026-08-30 20:51:26,158 INFO  [default] link ACK received: query_operational_state
2026-08-30 20:51:26,282 INFO  [default] operational state received: 2

Press Enter for a list of commands
2026-08-30 20:51:55,539 INFO  [default] link ACK received: query_operational_state
2026-08-30 20:51:55,663 INFO  [default] operational state received: 2

Press Enter for a list of commands
2026-08-30 20:52:24,923 INFO  [default] link ACK received: get_commodity
2026-08-30 20:52:25,091 INFO  [default] message type supported received: 2
2026-08-30 20:52:25,091 INFO  [default] commodity response received. response code: 0 - success; count: 6
2026-08-30 20:52:25,091 INFO  [default] commodity code: 0 - Electricity consumed (W & W-hr)
2026-08-30 20:52:25,091 INFO  [default]            source: Estimated
2026-08-30 20:52:25,091 INFO  [default]   cumulative: 142000
2026-08-30 20:52:25,091 INFO  [default]    inst rate: 500
2026-08-30 20:52:25,092 INFO  [default] commodity code 8 - Rated max consumption level electricity (W) is not recorded in the commodity CSV
2026-08-30 20:52:25,092 INFO  [default] commodity code: 6 - Total energy storage/take capacity (W-hr)
2026-08-30 20:52:25,092 INFO  [default]            source: Estimated
2026-08-30 20:52:25,092 INFO  [default]   cumulative: 9190
2026-08-30 20:52:25,092 INFO  [default]    inst rate: not used for this commodity code
2026-08-30 20:52:25,092 INFO  [default] commodity code: 7 - Present energy storage/take capacity (W-hr)
2026-08-30 20:52:25,092 INFO  [default]            source: Estimated
2026-08-30 20:52:25,092 INFO  [default]   cumulative: 4285
2026-08-30 20:52:25,092 INFO  [default]    inst rate: not used for this commodity code
2026-08-30 20:52:25,092 INFO  [default] commodity code: 10 - Advanced load up total energy storage/take capacity (W-hr)
2026-08-30 20:52:25,092 INFO  [default]            source: Estimated
2026-08-30 20:52:25,093 INFO  [default]   cumulative: 12371
2026-08-30 20:52:25,093 INFO  [default]    inst rate: not used for this commodity code
2026-08-30 20:52:25,093 INFO  [default] commodity code: 11 - Advanced load up present energy storage/take capacity (W-hr)
2026-08-30 20:52:25,093 INFO  [default]            source: Estimated
2026-08-30 20:52:25,093 INFO  [default]   cumulative: 7467
2026-08-30 20:52:25,093 INFO  [default]    inst rate: not used for this commodity code
2026-08-30 20:52:25,296 INFO  [default] link ACK received: query_operational_state
2026-08-30 20:52:25,421 INFO  [default] operational state received: 2

Press Enter for a list of commands
2026-08-30 20:52:55,681 INFO  [default] link ACK received: query_operational_state
2026-08-30 20:52:55,804 INFO  [default] operational state received: 2

Press Enter for a list of commands
2026-08-30 20:53:25,067 INFO  [default] link ACK received: get_commodity
2026-08-30 20:53:25,235 INFO  [default] message type supported received: 2
2026-08-30 20:53:25,235 INFO  [default] commodity response received. response code: 0 - success; count: 6
2026-08-30 20:53:25,236 INFO  [default] commodity code: 0 - Electricity consumed (W & W-hr)
2026-08-30 20:53:25,236 INFO  [default]            source: Estimated
2026-08-30 20:53:25,236 INFO  [default]   cumulative: 142000
2026-08-30 20:53:25,236 INFO  [default]    inst rate: 500
2026-08-30 20:53:25,237 INFO  [default] commodity code 8 - Rated max consumption level electricity (W) is not recorded in the commodity CSV
2026-08-30 20:53:25,237 INFO  [default] commodity code: 6 - Total energy storage/take capacity (W-hr)
2026-08-30 20:53:25,237 INFO  [default]            source: Estimated
2026-08-30 20:53:25,237 INFO  [default]   cumulative: 9190
2026-08-30 20:53:25,237 INFO  [default]    inst rate: not used for this commodity code
2026-08-30 20:53:25,237 INFO  [default] commodity code: 7 - Present energy storage/take capacity (W-hr)
2026-08-30 20:53:25,237 INFO  [default]            source: Estimated
2026-08-30 20:53:25,238 INFO  [default]   cumulative: 4241
2026-08-30 20:53:25,238 INFO  [default]    inst rate: not used for this commodity code
2026-08-30 20:53:25,238 INFO  [default] commodity code: 10 - Advanced load up total energy storage/take capacity (W-hr)
2026-08-30 20:53:25,238 INFO  [default]            source: Estimated
2026-08-30 20:53:25,238 INFO  [default]   cumulative: 12371
2026-08-30 20:53:25,238 INFO  [default]    inst rate: not used for this commodity code
2026-08-30 20:53:25,238 INFO  [default] commodity code: 11 - Advanced load up present energy storage/take capacity (W-hr)
2026-08-30 20:53:25,239 INFO  [default]            source: Estimated
2026-08-30 20:53:25,239 INFO  [default]   cumulative: 7423
2026-08-30 20:53:25,239 INFO  [default]    inst rate: not used for this commodity code
2026-08-30 20:53:25,441 INFO  [default] link ACK received: query_operational_state
2026-08-30 20:53:25,566 INFO  [default] operational state received: 2

Press Enter for a list of commands
2026-08-30 20:53:55,825 INFO  [default] link ACK received: query_operational_state
2026-08-30 20:53:55,949 INFO  [default] operational state received: 2

Press Enter for a list of commands
2026-08-30 20:54:25,209 INFO  [default] link ACK received: get_commodity
2026-08-30 20:54:25,378 INFO  [default] message type supported received: 2
2026-08-30 20:54:25,378 INFO  [default] commodity response received. response code: 0 - success; count: 6
2026-08-30 20:54:25,379 INFO  [default] commodity code: 0 - Electricity consumed (W & W-hr)
2026-08-30 20:54:25,379 INFO  [default]            source: Estimated
2026-08-30 20:54:25,379 INFO  [default]   cumulative: 142000
2026-08-30 20:54:25,379 INFO  [default]    inst rate: 500
2026-08-30 20:54:25,379 INFO  [default] commodity code 8 - Rated max consumption level electricity (W) is not recorded in the commodity CSV
2026-08-30 20:54:25,379 INFO  [default] commodity code: 6 - Total energy storage/take capacity (W-hr)
2026-08-30 20:54:25,379 INFO  [default]            source: Estimated
2026-08-30 20:54:25,379 INFO  [default]   cumulative: 9190
2026-08-30 20:54:25,380 INFO  [default]    inst rate: not used for this commodity code
2026-08-30 20:54:25,380 INFO  [default] commodity code: 7 - Present energy storage/take capacity (W-hr)
2026-08-30 20:54:25,380 INFO  [default]            source: Estimated
2026-08-30 20:54:25,380 INFO  [default]   cumulative: 4241
2026-08-30 20:54:25,380 INFO  [default]    inst rate: not used for this commodity code
2026-08-30 20:54:25,380 INFO  [default] commodity code: 10 - Advanced load up total energy storage/take capacity (W-hr)
2026-08-30 20:54:25,380 INFO  [default]            source: Estimated
2026-08-30 20:54:25,380 INFO  [default]   cumulative: 12371
2026-08-30 20:54:25,381 INFO  [default]    inst rate: not used for this commodity code
2026-08-30 20:54:25,381 INFO  [default] commodity code: 11 - Advanced load up present energy storage/take capacity (W-hr)
2026-08-30 20:54:25,381 INFO  [default]            source: Estimated
2026-08-30 20:54:25,381 INFO  [default]   cumulative: 7423
2026-08-30 20:54:25,381 INFO  [default]    inst rate: not used for this commodity code
2026-08-30 20:54:25,583 INFO  [default] link ACK received: query_operational_state
2026-08-30 20:54:25,707 INFO  [default] operational state received: 2

Press Enter for a list of commands
2026-08-30 20:54:54,963 INFO  [default] link ACK received: query_operational_state
2026-08-30 20:54:55,087 INFO  [default] operational state received: 2

Press Enter for a list of commands
2026-08-30 20:55:25,350 INFO  [default] link ACK received: get_commodity
2026-08-30 20:55:25,518 INFO  [default] message type supported received: 2
2026-08-30 20:55:25,518 INFO  [default] commodity response received. response code: 0 - success; count: 6
2026-08-30 20:55:25,519 INFO  [default] commodity code: 0 - Electricity consumed (W & W-hr)
2026-08-30 20:55:25,519 INFO  [default]            source: Estimated
2026-08-30 20:55:25,519 INFO  [default]   cumulative: 142000
2026-08-30 20:55:25,519 INFO  [default]    inst rate: 500
2026-08-30 20:55:25,520 INFO  [default] commodity code 8 - Rated max consumption level electricity (W) is not recorded in the commodity CSV
2026-08-30 20:55:25,520 INFO  [default] commodity code: 6 - Total energy storage/take capacity (W-hr)
2026-08-30 20:55:25,520 INFO  [default]            source: Estimated
2026-08-30 20:55:25,520 INFO  [default]   cumulative: 9190
2026-08-30 20:55:25,520 INFO  [default]    inst rate: not used for this commodity code
2026-08-30 20:55:25,520 INFO  [default] commodity code: 7 - Present energy storage/take capacity (W-hr)
2026-08-30 20:55:25,520 INFO  [default]            source: Estimated
2026-08-30 20:55:25,520 INFO  [default]   cumulative: 4175
2026-08-30 20:55:25,521 INFO  [default]    inst rate: not used for this commodity code
2026-08-30 20:55:25,521 INFO  [default] commodity code: 10 - Advanced load up total energy storage/take capacity (W-hr)
2026-08-30 20:55:25,521 INFO  [default]            source: Estimated
2026-08-30 20:55:25,521 INFO  [default]   cumulative: 12371
2026-08-30 20:55:25,521 INFO  [default]    inst rate: not used for this commodity code
2026-08-30 20:55:25,521 INFO  [default] commodity code: 11 - Advanced load up present energy storage/take capacity (W-hr)
2026-08-30 20:55:25,521 INFO  [default]            source: Estimated
2026-08-30 20:55:25,522 INFO  [default]   cumulative: 7356
2026-08-30 20:55:25,522 INFO  [default]    inst rate: not used for this commodity code
2026-08-30 20:55:25,724 INFO  [default] link ACK received: query_operational_state
2026-08-30 20:55:25,849 INFO  [default] operational state received: 2

Press Enter for a list of commands
2026-08-30 20:55:55,105 INFO  [default] link ACK received: query_operational_state
2026-08-30 20:55:55,228 INFO  [default] operational state received: 2

Press Enter for a list of commands
2026-08-30 20:56:25,492 INFO  [default] link ACK received: get_commodity
2026-08-30 20:56:25,661 INFO  [default] message type supported received: 2
2026-08-30 20:56:25,661 INFO  [default] commodity response received. response code: 0 - success; count: 6
2026-08-30 20:56:25,661 INFO  [default] commodity code: 0 - Electricity consumed (W & W-hr)
2026-08-30 20:56:25,662 INFO  [default]            source: Estimated
2026-08-30 20:56:25,662 INFO  [default]   cumulative: 142000
2026-08-30 20:56:25,662 INFO  [default]    inst rate: 500
2026-08-30 20:56:25,662 INFO  [default] commodity code 8 - Rated max consumption level electricity (W) is not recorded in the commodity CSV
2026-08-30 20:56:25,662 INFO  [default] commodity code: 6 - Total energy storage/take capacity (W-hr)
2026-08-30 20:56:25,662 INFO  [default]            source: Estimated
2026-08-30 20:56:25,662 INFO  [default]   cumulative: 9190
2026-08-30 20:56:25,662 INFO  [default]    inst rate: not used for this commodity code
2026-08-30 20:56:25,662 INFO  [default] commodity code: 7 - Present energy storage/take capacity (W-hr)
2026-08-30 20:56:25,662 INFO  [default]            source: Estimated
2026-08-30 20:56:25,662 INFO  [default]   cumulative: 4153
2026-08-30 20:56:25,663 INFO  [default]    inst rate: not used for this commodity code
2026-08-30 20:56:25,663 INFO  [default] commodity code: 10 - Advanced load up total energy storage/take capacity (W-hr)
2026-08-30 20:56:25,663 INFO  [default]            source: Estimated
2026-08-30 20:56:25,663 INFO  [default]   cumulative: 12371
2026-08-30 20:56:25,663 INFO  [default]    inst rate: not used for this commodity code
2026-08-30 20:56:25,663 INFO  [default] commodity code: 11 - Advanced load up present energy storage/take capacity (W-hr)
2026-08-30 20:56:25,663 INFO  [default]            source: Estimated
2026-08-30 20:56:25,663 INFO  [default]   cumulative: 7334
2026-08-30 20:56:25,663 INFO  [default]    inst rate: not used for this commodity code
2026-08-30 20:56:25,865 INFO  [default] link ACK received: query_operational_state
2026-08-30 20:56:25,990 INFO  [default] operational state received: 2

Press Enter for a list of commands
2026-08-30 20:56:55,246 INFO  [default] link ACK received: query_operational_state
2026-08-30 20:56:55,370 INFO  [default] operational state received: 2

Press Enter for a list of commands
2026-08-30 20:57:25,633 INFO  [default] link ACK received: get_commodity
2026-08-30 20:57:25,801 INFO  [default] message type supported received: 2
2026-08-30 20:57:25,801 INFO  [default] commodity response received. response code: 0 - success; count: 6
2026-08-30 20:57:25,802 INFO  [default] commodity code: 0 - Electricity consumed (W & W-hr)
2026-08-30 20:57:25,802 INFO  [default]            source: Estimated
2026-08-30 20:57:25,802 INFO  [default]   cumulative: 142000
2026-08-30 20:57:25,802 INFO  [default]    inst rate: 500
2026-08-30 20:57:25,802 INFO  [default] commodity code 8 - Rated max consumption level electricity (W) is not recorded in the commodity CSV
2026-08-30 20:57:25,803 INFO  [default] commodity code: 6 - Total energy storage/take capacity (W-hr)
2026-08-30 20:57:25,803 INFO  [default]            source: Estimated
2026-08-30 20:57:25,803 INFO  [default]   cumulative: 9190
2026-08-30 20:57:25,803 INFO  [default]    inst rate: not used for this commodity code
2026-08-30 20:57:25,803 INFO  [default] commodity code: 7 - Present energy storage/take capacity (W-hr)
2026-08-30 20:57:25,803 INFO  [default]            source: Estimated
2026-08-30 20:57:25,803 INFO  [default]   cumulative: 4131
2026-08-30 20:57:25,804 INFO  [default]    inst rate: not used for this commodity code
2026-08-30 20:57:25,804 INFO  [default] commodity code: 10 - Advanced load up total energy storage/take capacity (W-hr)
2026-08-30 20:57:25,804 INFO  [default]            source: Estimated
2026-08-30 20:57:25,804 INFO  [default]   cumulative: 12371
2026-08-30 20:57:25,804 INFO  [default]    inst rate: not used for this commodity code
2026-08-30 20:57:25,804 INFO  [default] commodity code: 11 - Advanced load up present energy storage/take capacity (W-hr)
2026-08-30 20:57:25,804 INFO  [default]            source: Estimated
2026-08-30 20:57:25,804 INFO  [default]   cumulative: 7312
2026-08-30 20:57:25,804 INFO  [default]    inst rate: not used for this commodity code
2026-08-30 20:57:26,007 INFO  [default] link ACK received: query_operational_state
2026-08-30 20:57:26,131 INFO  [default] operational state received: 2

Press Enter for a list of commands
2026-08-30 20:57:55,387 INFO  [default] link ACK received: query_operational_state
2026-08-30 20:57:55,510 INFO  [default] operational state received: 2

Press Enter for a list of commands
2026-08-30 20:58:25,772 INFO  [default] link ACK received: get_commodity
2026-08-30 20:58:25,940 INFO  [default] message type supported received: 2
2026-08-30 20:58:25,940 INFO  [default] commodity response received. response code: 0 - success; count: 6
2026-08-30 20:58:25,940 INFO  [default] commodity code: 0 - Electricity consumed (W & W-hr)
2026-08-30 20:58:25,941 INFO  [default]            source: Estimated
2026-08-30 20:58:25,941 INFO  [default]   cumulative: 142000
2026-08-30 20:58:25,941 INFO  [default]    inst rate: 500
2026-08-30 20:58:25,941 INFO  [default] commodity code 8 - Rated max consumption level electricity (W) is not recorded in the commodity CSV
2026-08-30 20:58:25,941 INFO  [default] commodity code: 6 - Total energy storage/take capacity (W-hr)
2026-08-30 20:58:25,941 INFO  [default]            source: Estimated
2026-08-30 20:58:25,942 INFO  [default]   cumulative: 9190
2026-08-30 20:58:25,942 INFO  [default]    inst rate: not used for this commodity code
2026-08-30 20:58:25,942 INFO  [default] commodity code: 7 - Present energy storage/take capacity (W-hr)
2026-08-30 20:58:25,942 INFO  [default]            source: Estimated
2026-08-30 20:58:25,942 INFO  [default]   cumulative: 4109
2026-08-30 20:58:25,942 INFO  [default]    inst rate: not used for this commodity code
2026-08-30 20:58:25,942 INFO  [default] commodity code: 10 - Advanced load up total energy storage/take capacity (W-hr)
2026-08-30 20:58:25,942 INFO  [default]            source: Estimated
2026-08-30 20:58:25,943 INFO  [default]   cumulative: 12371
2026-08-30 20:58:25,943 INFO  [default]    inst rate: not used for this commodity code
2026-08-30 20:58:25,943 INFO  [default] commodity code: 11 - Advanced load up present energy storage/take capacity (W-hr)
2026-08-30 20:58:25,943 INFO  [default]            source: Estimated
2026-08-30 20:58:25,943 INFO  [default]   cumulative: 7290
2026-08-30 20:58:25,943 INFO  [default]    inst rate: not used for this commodity code
2026-08-30 20:58:26,147 INFO  [default] link ACK received: query_operational_state
2026-08-30 20:58:26,270 INFO  [default] operational state received: 2

Press Enter for a list of commands
2026-08-30 20:58:55,525 INFO  [default] link ACK received: query_operational_state
2026-08-30 20:58:55,650 INFO  [default] operational state received: 2

Press Enter for a list of commands
2026-08-30 20:59:25,910 INFO  [default] link ACK received: get_commodity
2026-08-30 20:59:26,080 INFO  [default] message type supported received: 2
2026-08-30 20:59:26,080 INFO  [default] commodity response received. response code: 0 - success; count: 6
2026-08-30 20:59:26,081 INFO  [default] commodity code: 0 - Electricity consumed (W & W-hr)
2026-08-30 20:59:26,081 INFO  [default]            source: Estimated
2026-08-30 20:59:26,081 INFO  [default]   cumulative: 142000
2026-08-30 20:59:26,081 INFO  [default]    inst rate: 500
2026-08-30 20:59:26,081 INFO  [default] commodity code 8 - Rated max consumption level electricity (W) is not recorded in the commodity CSV
2026-08-30 20:59:26,081 INFO  [default] commodity code: 6 - Total energy storage/take capacity (W-hr)
2026-08-30 20:59:26,081 INFO  [default]            source: Estimated
2026-08-30 20:59:26,082 INFO  [default]   cumulative: 9190
2026-08-30 20:59:26,082 INFO  [default]    inst rate: not used for this commodity code
2026-08-30 20:59:26,082 INFO  [default] commodity code: 7 - Present energy storage/take capacity (W-hr)
2026-08-30 20:59:26,082 INFO  [default]            source: Estimated
2026-08-30 20:59:26,082 INFO  [default]   cumulative: 4109
2026-08-30 20:59:26,082 INFO  [default]    inst rate: not used for this commodity code
2026-08-30 20:59:26,082 INFO  [default] commodity code: 10 - Advanced load up total energy storage/take capacity (W-hr)
2026-08-30 20:59:26,082 INFO  [default]            source: Estimated
2026-08-30 20:59:26,082 INFO  [default]   cumulative: 12371
2026-08-30 20:59:26,082 INFO  [default]    inst rate: not used for this commodity code
2026-08-30 20:59:26,083 INFO  [default] commodity code: 11 - Advanced load up present energy storage/take capacity (W-hr)
2026-08-30 20:59:26,083 INFO  [default]            source: Estimated
2026-08-30 20:59:26,083 INFO  [default]   cumulative: 7290
2026-08-30 20:59:26,083 INFO  [default]    inst rate: not used for this commodity code
2026-08-30 20:59:26,286 INFO  [default] link ACK received: query_operational_state
2026-08-30 20:59:26,409 INFO  [default] operational state received: 2

Press Enter for a list of commands
2026-08-30 20:59:55,666 INFO  [default] link ACK received: query_operational_state
2026-08-30 20:59:55,790 INFO  [default] operational state received: 2

Press Enter for a list of commands
2026-08-30 21:00:25,050 INFO  [default] link ACK received: get_commodity
2026-08-30 21:00:25,219 INFO  [default] message type supported received: 2
2026-08-30 21:00:25,219 INFO  [default] commodity response received. response code: 0 - success; count: 6
2026-08-30 21:00:25,220 INFO  [default] commodity code: 0 - Electricity consumed (W & W-hr)
2026-08-30 21:00:25,220 INFO  [default]            source: Estimated
2026-08-30 21:00:25,220 INFO  [default]   cumulative: 142000
2026-08-30 21:00:25,220 INFO  [default]    inst rate: 500
2026-08-30 21:00:25,221 INFO  [default] commodity code 8 - Rated max consumption level electricity (W) is not recorded in the commodity CSV
2026-08-30 21:00:25,221 INFO  [default] commodity code: 6 - Total energy storage/take capacity (W-hr)
2026-08-30 21:00:25,221 INFO  [default]            source: Estimated
2026-08-30 21:00:25,221 INFO  [default]   cumulative: 9190
2026-08-30 21:00:25,221 INFO  [default]    inst rate: not used for this commodity code
2026-08-30 21:00:25,221 INFO  [default] commodity code: 7 - Present energy storage/take capacity (W-hr)
2026-08-30 21:00:25,221 INFO  [default]            source: Estimated
2026-08-30 21:00:25,222 INFO  [default]   cumulative: 4065
2026-08-30 21:00:25,222 INFO  [default]    inst rate: not used for this commodity code
2026-08-30 21:00:25,222 INFO  [default] commodity code: 10 - Advanced load up total energy storage/take capacity (W-hr)
2026-08-30 21:00:25,222 INFO  [default]            source: Estimated
2026-08-30 21:00:25,222 INFO  [default]   cumulative: 12371
2026-08-30 21:00:25,222 INFO  [default]    inst rate: not used for this commodity code
2026-08-30 21:00:25,222 INFO  [default] commodity code: 11 - Advanced load up present energy storage/take capacity (W-hr)
2026-08-30 21:00:25,222 INFO  [default]            source: Estimated
2026-08-30 21:00:25,223 INFO  [default]   cumulative: 7246
2026-08-30 21:00:25,223 INFO  [default]    inst rate: not used for this commodity code
2026-08-30 21:00:25,425 INFO  [default] link ACK received: query_operational_state
2026-08-30 21:00:25,549 INFO  [default] operational state received: 2

Press Enter for a list of commands
1788148825,o,0 (PASSED!)
outside communication found
2026-08-30 21:00:26,655 INFO  [default] link ACK received: outside_communication
2026-08-30 21:00:26,778 INFO  [default] app ack received
2026-08-30 21:00:55,031 INFO  [default] link ACK received: query_operational_state
2026-08-30 21:00:55,154 INFO  [default] operational state received: 2

Press Enter for a list of commands
2026-08-30 21:01:25,415 INFO  [default] link ACK received: get_commodity
2026-08-30 21:01:25,583 INFO  [default] message type supported received: 2
2026-08-30 21:01:25,583 INFO  [default] commodity response received. response code: 0 - success; count: 6
2026-08-30 21:01:25,583 INFO  [default] commodity code: 0 - Electricity consumed (W & W-hr)
2026-08-30 21:01:25,584 INFO  [default]            source: Estimated
2026-08-30 21:01:25,584 INFO  [default]   cumulative: 142000
2026-08-30 21:01:25,584 INFO  [default]    inst rate: 500
2026-08-30 21:01:25,584 INFO  [default] commodity code 8 - Rated max consumption level electricity (W) is not recorded in the commodity CSV
2026-08-30 21:01:25,584 INFO  [default] commodity code: 6 - Total energy storage/take capacity (W-hr)
2026-08-30 21:01:25,584 INFO  [default]            source: Estimated
2026-08-30 21:01:25,584 INFO  [default]   cumulative: 9190
2026-08-30 21:01:25,584 INFO  [default]    inst rate: not used for this commodity code
2026-08-30 21:01:25,584 INFO  [default] commodity code: 7 - Present energy storage/take capacity (W-hr)
2026-08-30 21:01:25,584 INFO  [default]            source: Estimated
2026-08-30 21:01:25,584 INFO  [default]   cumulative: 4042
2026-08-30 21:01:25,584 INFO  [default]    inst rate: not used for this commodity code
2026-08-30 21:01:25,585 INFO  [default] commodity code: 10 - Advanced load up total energy storage/take capacity (W-hr)
2026-08-30 21:01:25,585 INFO  [default]            source: Estimated
2026-08-30 21:01:25,585 INFO  [default]   cumulative: 12371
2026-08-30 21:01:25,585 INFO  [default]    inst rate: not used for this commodity code
2026-08-30 21:01:25,585 INFO  [default] commodity code: 11 - Advanced load up present energy storage/take capacity (W-hr)
2026-08-30 21:01:25,585 INFO  [default]            source: Estimated
2026-08-30 21:01:25,585 INFO  [default]   cumulative: 7224
2026-08-30 21:01:25,585 INFO  [default]    inst rate: not used for this commodity code
2026-08-30 21:01:25,787 INFO  [default] link ACK received: query_operational_state
2026-08-30 21:01:25,912 INFO  [default] operational state received: 2

Press Enter for a list of commands
2026-08-30 21:01:55,168 INFO  [default] link ACK received: query_operational_state
2026-08-30 21:01:55,292 INFO  [default] operational state received: 2

Press Enter for a list of commands
2026-08-30 21:02:25,553 INFO  [default] link ACK received: get_commodity
2026-08-30 21:02:25,722 INFO  [default] message type supported received: 2
2026-08-30 21:02:25,722 INFO  [default] commodity response received. response code: 0 - success; count: 6
2026-08-30 21:02:25,723 INFO  [default] commodity code: 0 - Electricity consumed (W & W-hr)
2026-08-30 21:02:25,723 INFO  [default]            source: Estimated
2026-08-30 21:02:25,723 INFO  [default]   cumulative: 142000
2026-08-30 21:02:25,723 INFO  [default]    inst rate: 500
2026-08-30 21:02:25,723 INFO  [default] commodity code 8 - Rated max consumption level electricity (W) is not recorded in the commodity CSV
2026-08-30 21:02:25,723 INFO  [default] commodity code: 6 - Total energy storage/take capacity (W-hr)
2026-08-30 21:02:25,723 INFO  [default]            source: Estimated
2026-08-30 21:02:25,723 INFO  [default]   cumulative: 9190
2026-08-30 21:02:25,723 INFO  [default]    inst rate: not used for this commodity code
2026-08-30 21:02:25,724 INFO  [default] commodity code: 7 - Present energy storage/take capacity (W-hr)
2026-08-30 21:02:25,724 INFO  [default]            source: Estimated
2026-08-30 21:02:25,724 INFO  [default]   cumulative: 3998
2026-08-30 21:02:25,724 INFO  [default]    inst rate: not used for this commodity code
2026-08-30 21:02:25,724 INFO  [default] commodity code: 10 - Advanced load up total energy storage/take capacity (W-hr)
2026-08-30 21:02:25,724 INFO  [default]            source: Estimated
2026-08-30 21:02:25,724 INFO  [default]   cumulative: 12371
2026-08-30 21:02:25,724 INFO  [default]    inst rate: not used for this commodity code
2026-08-30 21:02:25,724 INFO  [default] commodity code: 11 - Advanced load up present energy storage/take capacity (W-hr)
2026-08-30 21:02:25,724 INFO  [default]            source: Estimated
2026-08-30 21:02:25,724 INFO  [default]   cumulative: 7180
2026-08-30 21:02:25,724 INFO  [default]    inst rate: not used for this commodity code
2026-08-30 21:02:25,927 INFO  [default] link ACK received: query_operational_state
2026-08-30 21:02:26,052 INFO  [default] operational state received: 2

Press Enter for a list of commands
2026-08-30 21:02:55,310 INFO  [default] link ACK received: query_operational_state
2026-08-30 21:02:55,433 INFO  [default] operational state received: 2

Press Enter for a list of commands
2026-08-30 21:03:25,694 INFO  [default] link ACK received: get_commodity
2026-08-30 21:03:25,864 INFO  [default] message type supported received: 2
2026-08-30 21:03:25,864 INFO  [default] commodity response received. response code: 0 - success; count: 6
2026-08-30 21:03:25,864 INFO  [default] commodity code: 0 - Electricity consumed (W & W-hr)
2026-08-30 21:03:25,865 INFO  [default]            source: Estimated
2026-08-30 21:03:25,865 INFO  [default]   cumulative: 142000
2026-08-30 21:03:25,865 INFO  [default]    inst rate: 500
2026-08-30 21:03:25,865 INFO  [default] commodity code 8 - Rated max consumption level electricity (W) is not recorded in the commodity CSV
2026-08-30 21:03:25,865 INFO  [default] commodity code: 6 - Total energy storage/take capacity (W-hr)
2026-08-30 21:03:25,865 INFO  [default]            source: Estimated
2026-08-30 21:03:25,865 INFO  [default]   cumulative: 9190
2026-08-30 21:03:25,866 INFO  [default]    inst rate: not used for this commodity code
2026-08-30 21:03:25,866 INFO  [default] commodity code: 7 - Present energy storage/take capacity (W-hr)
2026-08-30 21:03:25,866 INFO  [default]            source: Estimated
2026-08-30 21:03:25,866 INFO  [default]   cumulative: 3976
2026-08-30 21:03:25,866 INFO  [default]    inst rate: not used for this commodity code
2026-08-30 21:03:25,866 INFO  [default] commodity code: 10 - Advanced load up total energy storage/take capacity (W-hr)
2026-08-30 21:03:25,866 INFO  [default]            source: Estimated
2026-08-30 21:03:25,866 INFO  [default]   cumulative: 12371
2026-08-30 21:03:25,867 INFO  [default]    inst rate: not used for this commodity code
2026-08-30 21:03:25,867 INFO  [default] commodity code: 11 - Advanced load up present energy storage/take capacity (W-hr)
2026-08-30 21:03:25,867 INFO  [default]            source: Estimated
2026-08-30 21:03:25,867 INFO  [default]   cumulative: 7158
2026-08-30 21:03:25,867 INFO  [default]    inst rate: not used for this commodity code
2026-08-30 21:03:26,069 INFO  [default] link ACK received: query_operational_state
2026-08-30 21:03:26,193 INFO  [default] operational state received: 2

Press Enter for a list of commands
2026-08-30 21:03:55,449 INFO  [default] link ACK received: query_operational_state
2026-08-30 21:03:55,572 INFO  [default] operational state received: 2

Press Enter for a list of commands
2026-08-30 21:04:25,833 INFO  [default] link ACK received: get_commodity
2026-08-30 21:04:26,001 INFO  [default] message type supported received: 2
2026-08-30 21:04:26,001 INFO  [default] commodity response received. response code: 0 - success; count: 6
2026-08-30 21:04:26,002 INFO  [default] commodity code: 0 - Electricity consumed (W & W-hr)
2026-08-30 21:04:26,002 INFO  [default]            source: Estimated
2026-08-30 21:04:26,002 INFO  [default]   cumulative: 142000
2026-08-30 21:04:26,002 INFO  [default]    inst rate: 500
2026-08-30 21:04:26,002 INFO  [default] commodity code 8 - Rated max consumption level electricity (W) is not recorded in the commodity CSV
2026-08-30 21:04:26,002 INFO  [default] commodity code: 6 - Total energy storage/take capacity (W-hr)
2026-08-30 21:04:26,002 INFO  [default]            source: Estimated
2026-08-30 21:04:26,002 INFO  [default]   cumulative: 9190
2026-08-30 21:04:26,002 INFO  [default]    inst rate: not used for this commodity code
2026-08-30 21:04:26,003 INFO  [default] commodity code: 7 - Present energy storage/take capacity (W-hr)
2026-08-30 21:04:26,003 INFO  [default]            source: Estimated
2026-08-30 21:04:26,003 INFO  [default]   cumulative: 3932
2026-08-30 21:04:26,003 INFO  [default]    inst rate: not used for this commodity code
2026-08-30 21:04:26,003 INFO  [default] commodity code: 10 - Advanced load up total energy storage/take capacity (W-hr)
2026-08-30 21:04:26,003 INFO  [default]            source: Estimated
2026-08-30 21:04:26,003 INFO  [default]   cumulative: 12371
2026-08-30 21:04:26,003 INFO  [default]    inst rate: not used for this commodity code
2026-08-30 21:04:26,003 INFO  [default] commodity code: 11 - Advanced load up present energy storage/take capacity (W-hr)
2026-08-30 21:04:26,003 INFO  [default]            source: Estimated
2026-08-30 21:04:26,004 INFO  [default]   cumulative: 7113
2026-08-30 21:04:26,004 INFO  [default]    inst rate: not used for this commodity code
2026-08-30 21:04:26,207 INFO  [default] link ACK received: query_operational_state
2026-08-30 21:04:26,331 INFO  [default] operational state received: 2

Press Enter for a list of commands
2026-08-30 21:04:55,586 INFO  [default] link ACK received: query_operational_state
2026-08-30 21:04:55,711 INFO  [default] operational state received: 2

Press Enter for a list of commands
2026-08-30 21:05:24,972 INFO  [default] link ACK received: get_commodity
2026-08-30 21:05:25,141 INFO  [default] message type supported received: 2
2026-08-30 21:05:25,141 INFO  [default] commodity response received. response code: 0 - success; count: 6
2026-08-30 21:05:25,142 INFO  [default] commodity code: 0 - Electricity consumed (W & W-hr)
2026-08-30 21:05:25,142 INFO  [default]            source: Estimated
2026-08-30 21:05:25,142 INFO  [default]   cumulative: 142000
2026-08-30 21:05:25,142 INFO  [default]    inst rate: 500
2026-08-30 21:05:25,143 INFO  [default] commodity code 8 - Rated max consumption level electricity (W) is not recorded in the commodity CSV
2026-08-30 21:05:25,143 INFO  [default] commodity code: 6 - Total energy storage/take capacity (W-hr)
2026-08-30 21:05:25,143 INFO  [default]            source: Estimated
2026-08-30 21:05:25,143 INFO  [default]   cumulative: 9190
2026-08-30 21:05:25,143 INFO  [default]    inst rate: not used for this commodity code
2026-08-30 21:05:25,143 INFO  [default] commodity code: 7 - Present energy storage/take capacity (W-hr)
2026-08-30 21:05:25,143 INFO  [default]            source: Estimated
2026-08-30 21:05:25,143 INFO  [default]   cumulative: 3932
2026-08-30 21:05:25,144 INFO  [default]    inst rate: not used for this commodity code
2026-08-30 21:05:25,144 INFO  [default] commodity code: 10 - Advanced load up total energy storage/take capacity (W-hr)
2026-08-30 21:05:25,144 INFO  [default]            source: Estimated
2026-08-30 21:05:25,144 INFO  [default]   cumulative: 12371
2026-08-30 21:05:25,144 INFO  [default]    inst rate: not used for this commodity code
2026-08-30 21:05:25,144 INFO  [default] commodity code: 11 - Advanced load up present energy storage/take capacity (W-hr)
2026-08-30 21:05:25,144 INFO  [default]            source: Estimated
2026-08-30 21:05:25,144 INFO  [default]   cumulative: 7113
2026-08-30 21:05:25,145 INFO  [default]    inst rate: not used for this commodity code
2026-08-30 21:05:25,347 INFO  [default] link ACK received: query_operational_state
2026-08-30 21:05:25,470 INFO  [default] operational state received: 2

Press Enter for a list of commands
2026-08-30 21:05:55,732 INFO  [default] link ACK received: query_operational_state
2026-08-30 21:05:55,854 INFO  [default] operational state received: 2

Press Enter for a list of commands
2026-08-30 21:06:25,114 INFO  [default] link ACK received: get_commodity
2026-08-30 21:06:25,283 INFO  [default] message type supported received: 2
2026-08-30 21:06:25,283 INFO  [default] commodity response received. response code: 0 - success; count: 6
2026-08-30 21:06:25,283 INFO  [default] commodity code: 0 - Electricity consumed (W & W-hr)
2026-08-30 21:06:25,283 INFO  [default]            source: Estimated
2026-08-30 21:06:25,283 INFO  [default]   cumulative: 142000
2026-08-30 21:06:25,283 INFO  [default]    inst rate: 500
2026-08-30 21:06:25,283 INFO  [default] commodity code 8 - Rated max consumption level electricity (W) is not recorded in the commodity CSV
2026-08-30 21:06:25,284 INFO  [default] commodity code: 6 - Total energy storage/take capacity (W-hr)
2026-08-30 21:06:25,284 INFO  [default]            source: Estimated
2026-08-30 21:06:25,284 INFO  [default]   cumulative: 9190
2026-08-30 21:06:25,284 INFO  [default]    inst rate: not used for this commodity code
2026-08-30 21:06:25,284 INFO  [default] commodity code: 7 - Present energy storage/take capacity (W-hr)
2026-08-30 21:06:25,284 INFO  [default]            source: Estimated
2026-08-30 21:06:25,284 INFO  [default]   cumulative: 3910
2026-08-30 21:06:25,284 INFO  [default]    inst rate: not used for this commodity code
2026-08-30 21:06:25,284 INFO  [default] commodity code: 10 - Advanced load up total energy storage/take capacity (W-hr)
2026-08-30 21:06:25,284 INFO  [default]            source: Estimated
2026-08-30 21:06:25,284 INFO  [default]   cumulative: 12371
2026-08-30 21:06:25,284 INFO  [default]    inst rate: not used for this commodity code
2026-08-30 21:06:25,284 INFO  [default] commodity code: 11 - Advanced load up present energy storage/take capacity (W-hr)
2026-08-30 21:06:25,284 INFO  [default]            source: Estimated
2026-08-30 21:06:25,285 INFO  [default]   cumulative: 7091
2026-08-30 21:06:25,285 INFO  [default]    inst rate: not used for this commodity code
2026-08-30 21:06:25,487 INFO  [default] link ACK received: query_operational_state
2026-08-30 21:06:25,612 INFO  [default] operational state received: 2

Press Enter for a list of commands
2026-08-30 21:06:55,869 INFO  [default] link ACK received: query_operational_state
2026-08-30 21:06:55,994 INFO  [default] operational state received: 2

Press Enter for a list of commands
2026-08-30 21:07:25,255 INFO  [default] link ACK received: get_commodity
2026-08-30 21:07:25,424 INFO  [default] message type supported received: 2
2026-08-30 21:07:25,424 INFO  [default] commodity response received. response code: 0 - success; count: 6
2026-08-30 21:07:25,425 INFO  [default] commodity code: 0 - Electricity consumed (W & W-hr)
2026-08-30 21:07:25,425 INFO  [default]            source: Estimated
2026-08-30 21:07:25,425 INFO  [default]   cumulative: 142000
2026-08-30 21:07:25,425 INFO  [default]    inst rate: 500
2026-08-30 21:07:25,425 INFO  [default] commodity code 8 - Rated max consumption level electricity (W) is not recorded in the commodity CSV
2026-08-30 21:07:25,425 INFO  [default] commodity code: 6 - Total energy storage/take capacity (W-hr)
2026-08-30 21:07:25,426 INFO  [default]            source: Estimated
2026-08-30 21:07:25,426 INFO  [default]   cumulative: 9190
2026-08-30 21:07:25,426 INFO  [default]    inst rate: not used for this commodity code
2026-08-30 21:07:25,426 INFO  [default] commodity code: 7 - Present energy storage/take capacity (W-hr)
2026-08-30 21:07:25,426 INFO  [default]            source: Estimated
2026-08-30 21:07:25,426 INFO  [default]   cumulative: 3844
2026-08-30 21:07:25,426 INFO  [default]    inst rate: not used for this commodity code
2026-08-30 21:07:25,426 INFO  [default] commodity code: 10 - Advanced load up total energy storage/take capacity (W-hr)
2026-08-30 21:07:25,426 INFO  [default]            source: Estimated
2026-08-30 21:07:25,426 INFO  [default]   cumulative: 12371
2026-08-30 21:07:25,426 INFO  [default]    inst rate: not used for this commodity code
2026-08-30 21:07:25,427 INFO  [default] commodity code: 11 - Advanced load up present energy storage/take capacity (W-hr)
2026-08-30 21:07:25,427 INFO  [default]            source: Estimated
2026-08-30 21:07:25,427 INFO  [default]   cumulative: 7025
2026-08-30 21:07:25,427 INFO  [default]    inst rate: not used for this commodity code
2026-08-30 21:07:25,629 INFO  [default] link ACK received: query_operational_state
2026-08-30 21:07:25,753 INFO  [default] operational state received: 2

Press Enter for a list of commands
2026-08-30 21:07:55,010 INFO  [default] link ACK received: query_operational_state
2026-08-30 21:07:55,133 INFO  [default] operational state received: 2

Press Enter for a list of commands
2026-08-30 21:08:25,393 INFO  [default] link ACK received: get_commodity
2026-08-30 21:08:25,561 INFO  [default] message type supported received: 2
2026-08-30 21:08:25,561 INFO  [default] commodity response received. response code: 0 - success; count: 6
2026-08-30 21:08:25,562 INFO  [default] commodity code: 0 - Electricity consumed (W & W-hr)
2026-08-30 21:08:25,562 INFO  [default]            source: Estimated
2026-08-30 21:08:25,562 INFO  [default]   cumulative: 142000
2026-08-30 21:08:25,562 INFO  [default]    inst rate: 500
2026-08-30 21:08:25,562 INFO  [default] commodity code 8 - Rated max consumption level electricity (W) is not recorded in the commodity CSV
2026-08-30 21:08:25,562 INFO  [default] commodity code: 6 - Total energy storage/take capacity (W-hr)
2026-08-30 21:08:25,563 INFO  [default]            source: Estimated
2026-08-30 21:08:25,563 INFO  [default]   cumulative: 9190
2026-08-30 21:08:25,563 INFO  [default]    inst rate: not used for this commodity code
2026-08-30 21:08:25,563 INFO  [default] commodity code: 7 - Present energy storage/take capacity (W-hr)
2026-08-30 21:08:25,563 INFO  [default]            source: Estimated
2026-08-30 21:08:25,563 INFO  [default]   cumulative: 3799
2026-08-30 21:08:25,563 INFO  [default]    inst rate: not used for this commodity code
2026-08-30 21:08:25,563 INFO  [default] commodity code: 10 - Advanced load up total energy storage/take capacity (W-hr)
2026-08-30 21:08:25,564 INFO  [default]            source: Estimated
2026-08-30 21:08:25,564 INFO  [default]   cumulative: 12371
2026-08-30 21:08:25,564 INFO  [default]    inst rate: not used for this commodity code
2026-08-30 21:08:25,564 INFO  [default] commodity code: 11 - Advanced load up present energy storage/take capacity (W-hr)
2026-08-30 21:08:25,564 INFO  [default]            source: Estimated
2026-08-30 21:08:25,564 INFO  [default]   cumulative: 6981
2026-08-30 21:08:25,564 INFO  [default]    inst rate: not used for this commodity code
2026-08-30 21:08:25,767 INFO  [default] link ACK received: query_operational_state
2026-08-30 21:08:25,890 INFO  [default] operational state received: 2

Press Enter for a list of commands
2026-08-30 21:08:55,146 INFO  [default] link ACK received: query_operational_state
2026-08-30 21:08:55,270 INFO  [default] operational state received: 2

Press Enter for a list of commands
2026-08-30 21:09:25,534 INFO  [default] link ACK received: get_commodity
2026-08-30 21:09:25,703 INFO  [default] message type supported received: 2
2026-08-30 21:09:25,703 INFO  [default] commodity response received. response code: 0 - success; count: 6
2026-08-30 21:09:25,704 INFO  [default] commodity code: 0 - Electricity consumed (W & W-hr)
2026-08-30 21:09:25,704 INFO  [default]            source: Estimated
2026-08-30 21:09:25,704 INFO  [default]   cumulative: 142000
2026-08-30 21:09:25,704 INFO  [default]    inst rate: 500
2026-08-30 21:09:25,704 INFO  [default] commodity code 8 - Rated max consumption level electricity (W) is not recorded in the commodity CSV
2026-08-30 21:09:25,704 INFO  [default] commodity code: 6 - Total energy storage/take capacity (W-hr)
2026-08-30 21:09:25,704 INFO  [default]            source: Estimated
2026-08-30 21:09:25,704 INFO  [default]   cumulative: 9190
2026-08-30 21:09:25,704 INFO  [default]    inst rate: not used for this commodity code
2026-08-30 21:09:25,704 INFO  [default] commodity code: 7 - Present energy storage/take capacity (W-hr)
2026-08-30 21:09:25,705 INFO  [default]            source: Estimated
2026-08-30 21:09:25,705 INFO  [default]   cumulative: 3755
2026-08-30 21:09:25,705 INFO  [default]    inst rate: not used for this commodity code
2026-08-30 21:09:25,705 INFO  [default] commodity code: 10 - Advanced load up total energy storage/take capacity (W-hr)
2026-08-30 21:09:25,705 INFO  [default]            source: Estimated
2026-08-30 21:09:25,705 INFO  [default]   cumulative: 12371
2026-08-30 21:09:25,705 INFO  [default]    inst rate: not used for this commodity code
2026-08-30 21:09:25,705 INFO  [default] commodity code: 11 - Advanced load up present energy storage/take capacity (W-hr)
2026-08-30 21:09:25,705 INFO  [default]            source: Estimated
2026-08-30 21:09:25,705 INFO  [default]   cumulative: 6937
2026-08-30 21:09:25,706 INFO  [default]    inst rate: not used for this commodity code
2026-08-30 21:09:25,908 INFO  [default] link ACK received: query_operational_state
2026-08-30 21:09:26,032 INFO  [default] operational state received: 2

Press Enter for a list of commands
2026-08-30 21:09:55,288 INFO  [default] link ACK received: query_operational_state
2026-08-30 21:09:55,412 INFO  [default] operational state received: 2

Press Enter for a list of commands
1788149425,o,0 (PASSED!)
outside communication found
2026-08-30 21:10:25,674 INFO  [default] link ACK received: outside_communication
2026-08-30 21:10:25,798 INFO  [default] app ack received
2026-08-30 21:10:26,001 INFO  [default] link ACK received: get_commodity
2026-08-30 21:10:26,169 INFO  [default] message type supported received: 2
2026-08-30 21:10:26,169 INFO  [default] commodity response received. response code: 0 - success; count: 6
2026-08-30 21:10:26,170 INFO  [default] commodity code: 0 - Electricity consumed (W & W-hr)
2026-08-30 21:10:26,170 INFO  [default]            source: Estimated
2026-08-30 21:10:26,170 INFO  [default]   cumulative: 142000
2026-08-30 21:10:26,170 INFO  [default]    inst rate: 500
2026-08-30 21:10:26,170 INFO  [default] commodity code 8 - Rated max consumption level electricity (W) is not recorded in the commodity CSV
2026-08-30 21:10:26,170 INFO  [default] commodity code: 6 - Total energy storage/take capacity (W-hr)
2026-08-30 21:10:26,170 INFO  [default]            source: Estimated
2026-08-30 21:10:26,170 INFO  [default]   cumulative: 9190
2026-08-30 21:10:26,171 INFO  [default]    inst rate: not used for this commodity code
2026-08-30 21:10:26,171 INFO  [default] commodity code: 7 - Present energy storage/take capacity (W-hr)
2026-08-30 21:10:26,171 INFO  [default]            source: Estimated
2026-08-30 21:10:26,171 INFO  [default]   cumulative: 3711
2026-08-30 21:10:26,171 INFO  [default]    inst rate: not used for this commodity code
2026-08-30 21:10:26,171 INFO  [default] commodity code: 10 - Advanced load up total energy storage/take capacity (W-hr)
2026-08-30 21:10:26,171 INFO  [default]            source: Estimated
2026-08-30 21:10:26,171 INFO  [default]   cumulative: 12371
2026-08-30 21:10:26,172 INFO  [default]    inst rate: not used for this commodity code
2026-08-30 21:10:26,172 INFO  [default] commodity code: 11 - Advanced load up present energy storage/take capacity (W-hr)
2026-08-30 21:10:26,172 INFO  [default]            source: Estimated
2026-08-30 21:10:26,172 INFO  [default]   cumulative: 6892
2026-08-30 21:10:26,172 INFO  [default]    inst rate: not used for this commodity code
2026-08-30 21:10:26,377 INFO  [default] link ACK received: query_operational_state
2026-08-30 21:10:26,500 INFO  [default] operational state received: 2

Press Enter for a list of commands
2026-08-30 21:10:55,759 INFO  [default] link ACK received: query_operational_state
2026-08-30 21:10:55,884 INFO  [default] operational state received: 2

Press Enter for a list of commands
2026-08-30 21:11:25,144 INFO  [default] link ACK received: get_commodity
2026-08-30 21:11:25,312 INFO  [default] message type supported received: 2
2026-08-30 21:11:25,312 INFO  [default] commodity response received. response code: 0 - success; count: 6
2026-08-30 21:11:25,313 INFO  [default] commodity code: 0 - Electricity consumed (W & W-hr)
2026-08-30 21:11:25,313 INFO  [default]            source: Estimated
2026-08-30 21:11:25,313 INFO  [default]   cumulative: 143000
2026-08-30 21:11:25,314 INFO  [default]    inst rate: 500
2026-08-30 21:11:25,314 INFO  [default] commodity code 8 - Rated max consumption level electricity (W) is not recorded in the commodity CSV
2026-08-30 21:11:25,314 INFO  [default] commodity code: 6 - Total energy storage/take capacity (W-hr)
2026-08-30 21:11:25,314 INFO  [default]            source: Estimated
2026-08-30 21:11:25,314 INFO  [default]   cumulative: 9190
2026-08-30 21:11:25,314 INFO  [default]    inst rate: not used for this commodity code
2026-08-30 21:11:25,314 INFO  [default] commodity code: 7 - Present energy storage/take capacity (W-hr)
2026-08-30 21:11:25,314 INFO  [default]            source: Estimated
2026-08-30 21:11:25,314 INFO  [default]   cumulative: 3667
2026-08-30 21:11:25,315 INFO  [default]    inst rate: not used for this commodity code
2026-08-30 21:11:25,315 INFO  [default] commodity code: 10 - Advanced load up total energy storage/take capacity (W-hr)
2026-08-30 21:11:25,315 INFO  [default]            source: Estimated
2026-08-30 21:11:25,315 INFO  [default]   cumulative: 12371
2026-08-30 21:11:25,315 INFO  [default]    inst rate: not used for this commodity code
2026-08-30 21:11:25,315 INFO  [default] commodity code: 11 - Advanced load up present energy storage/take capacity (W-hr)
2026-08-30 21:11:25,315 INFO  [default]            source: Estimated
2026-08-30 21:11:25,316 INFO  [default]   cumulative: 6848
2026-08-30 21:11:25,316 INFO  [default]    inst rate: not used for this commodity code
2026-08-30 21:11:25,520 INFO  [default] link ACK received: query_operational_state
2026-08-30 21:11:25,643 INFO  [default] operational state received: 2

Press Enter for a list of commands
2026-08-30 21:11:55,902 INFO  [default] link ACK received: query_operational_state
2026-08-30 21:11:56,026 INFO  [default] operational state received: 2

Press Enter for a list of commands
2026-08-30 21:12:25,285 INFO  [default] link ACK received: get_commodity
2026-08-30 21:12:25,453 INFO  [default] message type supported received: 2
2026-08-30 21:12:25,453 INFO  [default] commodity response received. response code: 0 - success; count: 6
2026-08-30 21:12:25,454 INFO  [default] commodity code: 0 - Electricity consumed (W & W-hr)
2026-08-30 21:12:25,454 INFO  [default]            source: Estimated
2026-08-30 21:12:25,454 INFO  [default]   cumulative: 143000
2026-08-30 21:12:25,454 INFO  [default]    inst rate: 500
2026-08-30 21:12:25,454 INFO  [default] commodity code 8 - Rated max consumption level electricity (W) is not recorded in the commodity CSV
2026-08-30 21:12:25,454 INFO  [default] commodity code: 6 - Total energy storage/take capacity (W-hr)
2026-08-30 21:12:25,454 INFO  [default]            source: Estimated
2026-08-30 21:12:25,455 INFO  [default]   cumulative: 9190
2026-08-30 21:12:25,455 INFO  [default]    inst rate: not used for this commodity code
2026-08-30 21:12:25,455 INFO  [default] commodity code: 7 - Present energy storage/take capacity (W-hr)
2026-08-30 21:12:25,455 INFO  [default]            source: Estimated
2026-08-30 21:12:25,455 INFO  [default]   cumulative: 3623
2026-08-30 21:12:25,455 INFO  [default]    inst rate: not used for this commodity code
2026-08-30 21:12:25,455 INFO  [default] commodity code: 10 - Advanced load up total energy storage/take capacity (W-hr)
2026-08-30 21:12:25,455 INFO  [default]            source: Estimated
2026-08-30 21:12:25,456 INFO  [default]   cumulative: 12371
2026-08-30 21:12:25,456 INFO  [default]    inst rate: not used for this commodity code
2026-08-30 21:12:25,456 INFO  [default] commodity code: 11 - Advanced load up present energy storage/take capacity (W-hr)
2026-08-30 21:12:25,456 INFO  [default]            source: Estimated
2026-08-30 21:12:25,456 INFO  [default]   cumulative: 6804
2026-08-30 21:12:25,456 INFO  [default]    inst rate: not used for this commodity code
2026-08-30 21:12:25,658 INFO  [default] link ACK received: query_operational_state
2026-08-30 21:12:25,782 INFO  [default] operational state received: 2

Press Enter for a list of commands
2026-08-30 21:12:55,037 INFO  [default] link ACK received: query_operational_state
2026-08-30 21:12:55,160 INFO  [default] operational state received: 2

Press Enter for a list of commands
2026-08-30 21:13:25,420 INFO  [default] link ACK received: get_commodity
2026-08-30 21:13:25,588 INFO  [default] message type supported received: 2
2026-08-30 21:13:25,591 INFO  [default] commodity response received. response code: 0 - success; count: 6
2026-08-30 21:13:25,592 INFO  [default] commodity code: 0 - Electricity consumed (W & W-hr)
2026-08-30 21:13:25,592 INFO  [default]            source: Estimated
2026-08-30 21:13:25,592 INFO  [default]   cumulative: 143000
2026-08-30 21:13:25,592 INFO  [default]    inst rate: 500
2026-08-30 21:13:25,593 INFO  [default] commodity code 8 - Rated max consumption level electricity (W) is not recorded in the commodity CSV
2026-08-30 21:13:25,593 INFO  [default] commodity code: 6 - Total energy storage/take capacity (W-hr)
2026-08-30 21:13:25,593 INFO  [default]            source: Estimated
2026-08-30 21:13:25,593 INFO  [default]   cumulative: 9190
2026-08-30 21:13:25,593 INFO  [default]    inst rate: not used for this commodity code
2026-08-30 21:13:25,593 INFO  [default] commodity code: 7 - Present energy storage/take capacity (W-hr)
2026-08-30 21:13:25,593 INFO  [default]            source: Estimated
2026-08-30 21:13:25,594 INFO  [default]   cumulative: 3601
2026-08-30 21:13:25,594 INFO  [default]    inst rate: not used for this commodity code
2026-08-30 21:13:25,594 INFO  [default] commodity code: 10 - Advanced load up total energy storage/take capacity (W-hr)
2026-08-30 21:13:25,594 INFO  [default]            source: Estimated
2026-08-30 21:13:25,594 INFO  [default]   cumulative: 12371
2026-08-30 21:13:25,594 INFO  [default]    inst rate: not used for this commodity code
2026-08-30 21:13:25,594 INFO  [default] commodity code: 11 - Advanced load up present energy storage/take capacity (W-hr)
2026-08-30 21:13:25,594 INFO  [default]            source: Estimated
2026-08-30 21:13:25,595 INFO  [default]   cumulative: 6782
2026-08-30 21:13:25,595 INFO  [default]    inst rate: not used for this commodity code
2026-08-30 21:13:25,797 INFO  [default] link ACK received: query_operational_state
2026-08-30 21:13:25,922 INFO  [default] operational state received: 2

Press Enter for a list of commands
2026-08-30 21:13:55,177 INFO  [default] link ACK received: query_operational_state
2026-08-30 21:13:55,300 INFO  [default] operational state received: 2

Press Enter for a list of commands
2026-08-30 21:14:25,562 INFO  [default] link ACK received: get_commodity
2026-08-30 21:14:25,730 INFO  [default] message type supported received: 2
2026-08-30 21:14:25,730 INFO  [default] commodity response received. response code: 0 - success; count: 6
2026-08-30 21:14:25,730 INFO  [default] commodity code: 0 - Electricity consumed (W & W-hr)
2026-08-30 21:14:25,731 INFO  [default]            source: Estimated
2026-08-30 21:14:25,731 INFO  [default]   cumulative: 143000
2026-08-30 21:14:25,731 INFO  [default]    inst rate: 500
2026-08-30 21:14:25,731 INFO  [default] commodity code 8 - Rated max consumption level electricity (W) is not recorded in the commodity CSV
2026-08-30 21:14:25,731 INFO  [default] commodity code: 6 - Total energy storage/take capacity (W-hr)
2026-08-30 21:14:25,731 INFO  [default]            source: Estimated
2026-08-30 21:14:25,731 INFO  [default]   cumulative: 9190
2026-08-30 21:14:25,731 INFO  [default]    inst rate: not used for this commodity code
2026-08-30 21:14:25,731 INFO  [default] commodity code: 7 - Present energy storage/take capacity (W-hr)
2026-08-30 21:14:25,731 INFO  [default]            source: Estimated
2026-08-30 21:14:25,731 INFO  [default]   cumulative: 3556
2026-08-30 21:14:25,731 INFO  [default]    inst rate: not used for this commodity code
2026-08-30 21:14:25,731 INFO  [default] commodity code: 10 - Advanced load up total energy storage/take capacity (W-hr)
2026-08-30 21:14:25,732 INFO  [default]            source: Estimated
2026-08-30 21:14:25,732 INFO  [default]   cumulative: 12371
2026-08-30 21:14:25,732 INFO  [default]    inst rate: not used for this commodity code
2026-08-30 21:14:25,732 INFO  [default] commodity code: 11 - Advanced load up present energy storage/take capacity (W-hr)
2026-08-30 21:14:25,732 INFO  [default]            source: Estimated
2026-08-30 21:14:25,732 INFO  [default]   cumulative: 6738
2026-08-30 21:14:25,732 INFO  [default]    inst rate: not used for this commodity code
2026-08-30 21:14:25,936 INFO  [default] link ACK received: query_operational_state
2026-08-30 21:14:26,060 INFO  [default] operational state received: 2

Press Enter for a list of commands
2026-08-30 21:14:55,315 INFO  [default] link ACK received: query_operational_state
2026-08-30 21:14:55,440 INFO  [default] operational state received: 2

Press Enter for a list of commands
2026-08-30 21:15:25,700 INFO  [default] link ACK received: get_commodity
2026-08-30 21:15:25,870 INFO  [default] message type supported received: 2
2026-08-30 21:15:25,871 INFO  [default] commodity response received. response code: 0 - success; count: 6
2026-08-30 21:15:25,871 INFO  [default] commodity code: 0 - Electricity consumed (W & W-hr)
2026-08-30 21:15:25,871 INFO  [default]            source: Estimated
2026-08-30 21:15:25,872 INFO  [default]   cumulative: 143000
2026-08-30 21:15:25,872 INFO  [default]    inst rate: 500
2026-08-30 21:15:25,872 INFO  [default] commodity code 8 - Rated max consumption level electricity (W) is not recorded in the commodity CSV
2026-08-30 21:15:25,872 INFO  [default] commodity code: 6 - Total energy storage/take capacity (W-hr)
2026-08-30 21:15:25,872 INFO  [default]            source: Estimated
2026-08-30 21:15:25,872 INFO  [default]   cumulative: 9190
2026-08-30 21:15:25,872 INFO  [default]    inst rate: not used for this commodity code
2026-08-30 21:15:25,872 INFO  [default] commodity code: 7 - Present energy storage/take capacity (W-hr)
2026-08-30 21:15:25,873 INFO  [default]            source: Estimated
2026-08-30 21:15:25,873 INFO  [default]   cumulative: 3512
2026-08-30 21:15:25,873 INFO  [default]    inst rate: not used for this commodity code
2026-08-30 21:15:25,873 INFO  [default] commodity code: 10 - Advanced load up total energy storage/take capacity (W-hr)
2026-08-30 21:15:25,873 INFO  [default]            source: Estimated
2026-08-30 21:15:25,873 INFO  [default]   cumulative: 12371
2026-08-30 21:15:25,873 INFO  [default]    inst rate: not used for this commodity code
2026-08-30 21:15:25,873 INFO  [default] commodity code: 11 - Advanced load up present energy storage/take capacity (W-hr)
2026-08-30 21:15:25,874 INFO  [default]            source: Estimated
2026-08-30 21:15:25,874 INFO  [default]   cumulative: 6694
2026-08-30 21:15:25,874 INFO  [default]    inst rate: not used for this commodity code
2026-08-30 21:15:26,076 INFO  [default] link ACK received: query_operational_state
2026-08-30 21:15:26,200 INFO  [default] operational state received: 2

Press Enter for a list of commands
2026-08-30 21:15:55,458 INFO  [default] link ACK received: query_operational_state
2026-08-30 21:15:55,582 INFO  [default] operational state received: 2

Press Enter for a list of commands
2026-08-30 21:16:25,841 INFO  [default] link ACK received: get_commodity
2026-08-30 21:16:26,012 INFO  [default] message type supported received: 2
2026-08-30 21:16:26,012 INFO  [default] commodity response received. response code: 0 - success; count: 6
2026-08-30 21:16:26,013 INFO  [default] commodity code: 0 - Electricity consumed (W & W-hr)
2026-08-30 21:16:26,013 INFO  [default]            source: Estimated
2026-08-30 21:16:26,013 INFO  [default]   cumulative: 143000
2026-08-30 21:16:26,013 INFO  [default]    inst rate: 500
2026-08-30 21:16:26,013 INFO  [default] commodity code 8 - Rated max consumption level electricity (W) is not recorded in the commodity CSV
2026-08-30 21:16:26,013 INFO  [default] commodity code: 6 - Total energy storage/take capacity (W-hr)
2026-08-30 21:16:26,013 INFO  [default]            source: Estimated
2026-08-30 21:16:26,013 INFO  [default]   cumulative: 9190
2026-08-30 21:16:26,014 INFO  [default]    inst rate: not used for this commodity code
2026-08-30 21:16:26,014 INFO  [default] commodity code: 7 - Present energy storage/take capacity (W-hr)
2026-08-30 21:16:26,014 INFO  [default]            source: Estimated
2026-08-30 21:16:26,014 INFO  [default]   cumulative: 3468
2026-08-30 21:16:26,014 INFO  [default]    inst rate: not used for this commodity code
2026-08-30 21:16:26,014 INFO  [default] commodity code: 10 - Advanced load up total energy storage/take capacity (W-hr)
2026-08-30 21:16:26,014 INFO  [default]            source: Estimated
2026-08-30 21:16:26,014 INFO  [default]   cumulative: 12371
2026-08-30 21:16:26,014 INFO  [default]    inst rate: not used for this commodity code
2026-08-30 21:16:26,014 INFO  [default] commodity code: 11 - Advanced load up present energy storage/take capacity (W-hr)
2026-08-30 21:16:26,015 INFO  [default]            source: Estimated
2026-08-30 21:16:26,015 INFO  [default]   cumulative: 6649
2026-08-30 21:16:26,015 INFO  [default]    inst rate: not used for this commodity code
2026-08-30 21:16:26,217 INFO  [default] link ACK received: query_operational_state
2026-08-30 21:16:26,341 INFO  [default] operational state received: 2

Press Enter for a list of commands
2026-08-30 21:16:55,596 INFO  [default] link ACK received: query_operational_state
2026-08-30 21:16:55,720 INFO  [default] operational state received: 2

Press Enter for a list of commands
2026-08-30 21:17:24,979 INFO  [default] link ACK received: get_commodity
2026-08-30 21:17:25,148 INFO  [default] message type supported received: 2
2026-08-30 21:17:25,149 INFO  [default] commodity response received. response code: 0 - success; count: 6
2026-08-30 21:17:25,149 INFO  [default] commodity code: 0 - Electricity consumed (W & W-hr)
2026-08-30 21:17:25,149 INFO  [default]            source: Estimated
2026-08-30 21:17:25,149 INFO  [default]   cumulative: 143000
2026-08-30 21:17:25,149 INFO  [default]    inst rate: 500
2026-08-30 21:17:25,149 INFO  [default] commodity code 8 - Rated max consumption level electricity (W) is not recorded in the commodity CSV
2026-08-30 21:17:25,150 INFO  [default] commodity code: 6 - Total energy storage/take capacity (W-hr)
2026-08-30 21:17:25,150 INFO  [default]            source: Estimated
2026-08-30 21:17:25,150 INFO  [default]   cumulative: 9190
2026-08-30 21:17:25,150 INFO  [default]    inst rate: not used for this commodity code
2026-08-30 21:17:25,150 INFO  [default] commodity code: 7 - Present energy storage/take capacity (W-hr)
2026-08-30 21:17:25,150 INFO  [default]            source: Estimated
2026-08-30 21:17:25,150 INFO  [default]   cumulative: 3424
2026-08-30 21:17:25,150 INFO  [default]    inst rate: not used for this commodity code
2026-08-30 21:17:25,150 INFO  [default] commodity code: 10 - Advanced load up total energy storage/take capacity (W-hr)
2026-08-30 21:17:25,150 INFO  [default]            source: Estimated
2026-08-30 21:17:25,150 INFO  [default]   cumulative: 12371
2026-08-30 21:17:25,151 INFO  [default]    inst rate: not used for this commodity code
2026-08-30 21:17:25,151 INFO  [default] commodity code: 11 - Advanced load up present energy storage/take capacity (W-hr)
2026-08-30 21:17:25,151 INFO  [default]            source: Estimated
2026-08-30 21:17:25,151 INFO  [default]   cumulative: 6605
2026-08-30 21:17:25,151 INFO  [default]    inst rate: not used for this commodity code
2026-08-30 21:17:25,353 INFO  [default] link ACK received: query_operational_state
2026-08-30 21:17:25,478 INFO  [default] operational state received: 2

Press Enter for a list of commands
2026-08-30 21:17:55,737 INFO  [default] link ACK received: query_operational_state
2026-08-30 21:17:55,860 INFO  [default] operational state received: 2

Press Enter for a list of commands
2026-08-30 21:18:25,119 INFO  [default] link ACK received: get_commodity
2026-08-30 21:18:25,288 INFO  [default] message type supported received: 2
2026-08-30 21:18:25,288 INFO  [default] commodity response received. response code: 0 - success; count: 6
2026-08-30 21:18:25,288 INFO  [default] commodity code: 0 - Electricity consumed (W & W-hr)
2026-08-30 21:18:25,289 INFO  [default]            source: Estimated
2026-08-30 21:18:25,289 INFO  [default]   cumulative: 143000
2026-08-30 21:18:25,289 INFO  [default]    inst rate: 500
2026-08-30 21:18:25,289 INFO  [default] commodity code 8 - Rated max consumption level electricity (W) is not recorded in the commodity CSV
2026-08-30 21:18:25,289 INFO  [default] commodity code: 6 - Total energy storage/take capacity (W-hr)
2026-08-30 21:18:25,289 INFO  [default]            source: Estimated
2026-08-30 21:18:25,289 INFO  [default]   cumulative: 9190
2026-08-30 21:18:25,289 INFO  [default]    inst rate: not used for this commodity code
2026-08-30 21:18:25,289 INFO  [default] commodity code: 7 - Present energy storage/take capacity (W-hr)
2026-08-30 21:18:25,289 INFO  [default]            source: Estimated
2026-08-30 21:18:25,289 INFO  [default]   cumulative: 3380
2026-08-30 21:18:25,290 INFO  [default]    inst rate: not used for this commodity code
2026-08-30 21:18:25,290 INFO  [default] commodity code: 10 - Advanced load up total energy storage/take capacity (W-hr)
2026-08-30 21:18:25,290 INFO  [default]            source: Estimated
2026-08-30 21:18:25,290 INFO  [default]   cumulative: 12371
2026-08-30 21:18:25,290 INFO  [default]    inst rate: not used for this commodity code
2026-08-30 21:18:25,290 INFO  [default] commodity code: 11 - Advanced load up present energy storage/take capacity (W-hr)
2026-08-30 21:18:25,290 INFO  [default]            source: Estimated
2026-08-30 21:18:25,290 INFO  [default]   cumulative: 6561
2026-08-30 21:18:25,290 INFO  [default]    inst rate: not used for this commodity code
2026-08-30 21:18:25,495 INFO  [default] link ACK received: query_operational_state
2026-08-30 21:18:25,619 INFO  [default] operational state received: 2

Press Enter for a list of commands
2026-08-30 21:18:55,879 INFO  [default] link ACK received: query_operational_state
2026-08-30 21:18:56,002 INFO  [default] operational state received: 2

Press Enter for a list of commands
2026-08-30 21:19:25,263 INFO  [default] link ACK received: get_commodity
2026-08-30 21:19:25,432 INFO  [default] message type supported received: 2
2026-08-30 21:19:25,432 INFO  [default] commodity response received. response code: 0 - success; count: 6
2026-08-30 21:19:25,433 INFO  [default] commodity code: 0 - Electricity consumed (W & W-hr)
2026-08-30 21:19:25,433 INFO  [default]            source: Estimated
2026-08-30 21:19:25,433 INFO  [default]   cumulative: 143000
2026-08-30 21:19:25,433 INFO  [default]    inst rate: 500
2026-08-30 21:19:25,433 INFO  [default] commodity code 8 - Rated max consumption level electricity (W) is not recorded in the commodity CSV
2026-08-30 21:19:25,433 INFO  [default] commodity code: 6 - Total energy storage/take capacity (W-hr)
2026-08-30 21:19:25,433 INFO  [default]            source: Estimated
2026-08-30 21:19:25,433 INFO  [default]   cumulative: 9190
2026-08-30 21:19:25,434 INFO  [default]    inst rate: not used for this commodity code
2026-08-30 21:19:25,434 INFO  [default] commodity code: 7 - Present energy storage/take capacity (W-hr)
2026-08-30 21:19:25,434 INFO  [default]            source: Estimated
2026-08-30 21:19:25,434 INFO  [default]   cumulative: 3358
2026-08-30 21:19:25,434 INFO  [default]    inst rate: not used for this commodity code
2026-08-30 21:19:25,434 INFO  [default] commodity code: 10 - Advanced load up total energy storage/take capacity (W-hr)
2026-08-30 21:19:25,434 INFO  [default]            source: Estimated
2026-08-30 21:19:25,435 INFO  [default]   cumulative: 12371
2026-08-30 21:19:25,435 INFO  [default]    inst rate: not used for this commodity code
2026-08-30 21:19:25,435 INFO  [default] commodity code: 11 - Advanced load up present energy storage/take capacity (W-hr)
2026-08-30 21:19:25,435 INFO  [default]            source: Estimated
2026-08-30 21:19:25,435 INFO  [default]   cumulative: 6539
2026-08-30 21:19:25,435 INFO  [default]    inst rate: not used for this commodity code
2026-08-30 21:19:25,637 INFO  [default] link ACK received: query_operational_state
2026-08-30 21:19:25,761 INFO  [default] operational state received: 2

Press Enter for a list of commands
2026-08-30 21:19:55,018 INFO  [default] link ACK received: query_operational_state
2026-08-30 21:19:55,142 INFO  [default] operational state received: 2

Press Enter for a list of commands
1788150025,o,0 (PASSED!)
outside communication found
2026-08-30 21:20:25,403 INFO  [default] link ACK received: outside_communication
2026-08-30 21:20:25,527 INFO  [default] app ack received
2026-08-30 21:20:25,729 INFO  [default] link ACK received: get_commodity
2026-08-30 21:20:25,898 INFO  [default] message type supported received: 2
2026-08-30 21:20:25,898 INFO  [default] commodity response received. response code: 0 - success; count: 6
2026-08-30 21:20:25,898 INFO  [default] commodity code: 0 - Electricity consumed (W & W-hr)
2026-08-30 21:20:25,899 INFO  [default]            source: Estimated
2026-08-30 21:20:25,899 INFO  [default]   cumulative: 143000
2026-08-30 21:20:25,899 INFO  [default]    inst rate: 500
2026-08-30 21:20:25,899 INFO  [default] commodity code 8 - Rated max consumption level electricity (W) is not recorded in the commodity CSV
2026-08-30 21:20:25,899 INFO  [default] commodity code: 6 - Total energy storage/take capacity (W-hr)
2026-08-30 21:20:25,899 INFO  [default]            source: Estimated
2026-08-30 21:20:25,899 INFO  [default]   cumulative: 9190
2026-08-30 21:20:25,899 INFO  [default]    inst rate: not used for this commodity code
2026-08-30 21:20:25,900 INFO  [default] commodity code: 7 - Present energy storage/take capacity (W-hr)
2026-08-30 21:20:25,900 INFO  [default]            source: Estimated
2026-08-30 21:20:25,900 INFO  [default]   cumulative: 3336
2026-08-30 21:20:25,900 INFO  [default]    inst rate: not used for this commodity code
2026-08-30 21:20:25,900 INFO  [default] commodity code: 10 - Advanced load up total energy storage/take capacity (W-hr)
2026-08-30 21:20:25,900 INFO  [default]            source: Estimated
2026-08-30 21:20:25,900 INFO  [default]   cumulative: 12371
2026-08-30 21:20:25,900 INFO  [default]    inst rate: not used for this commodity code
2026-08-30 21:20:25,901 INFO  [default] commodity code: 11 - Advanced load up present energy storage/take capacity (W-hr)
2026-08-30 21:20:25,901 INFO  [default]            source: Estimated
2026-08-30 21:20:25,901 INFO  [default]   cumulative: 6517
2026-08-30 21:20:25,901 INFO  [default]    inst rate: not used for this commodity code
2026-08-30 21:20:26,105 INFO  [default] link ACK received: query_operational_state
2026-08-30 21:20:26,229 INFO  [default] operational state received: 2

Press Enter for a list of commands
2026-08-30 21:20:55,487 INFO  [default] link ACK received: query_operational_state
2026-08-30 21:20:55,610 INFO  [default] operational state received: 2

Press Enter for a list of commands
2026-08-30 21:21:25,874 INFO  [default] link ACK received: get_commodity
2026-08-30 21:21:26,042 INFO  [default] message type supported received: 2
2026-08-30 21:21:26,042 INFO  [default] commodity response received. response code: 0 - success; count: 6
2026-08-30 21:21:26,043 INFO  [default] commodity code: 0 - Electricity consumed (W & W-hr)
2026-08-30 21:21:26,043 INFO  [default]            source: Estimated
2026-08-30 21:21:26,043 INFO  [default]   cumulative: 143000
2026-08-30 21:21:26,043 INFO  [default]    inst rate: 500
2026-08-30 21:21:26,044 INFO  [default] commodity code 8 - Rated max consumption level electricity (W) is not recorded in the commodity CSV
2026-08-30 21:21:26,044 INFO  [default] commodity code: 6 - Total energy storage/take capacity (W-hr)
2026-08-30 21:21:26,044 INFO  [default]            source: Estimated
2026-08-30 21:21:26,044 INFO  [default]   cumulative: 9190
2026-08-30 21:21:26,044 INFO  [default]    inst rate: not used for this commodity code
2026-08-30 21:21:26,044 INFO  [default] commodity code: 7 - Present energy storage/take capacity (W-hr)
2026-08-30 21:21:26,044 INFO  [default]            source: Estimated
2026-08-30 21:21:26,044 INFO  [default]   cumulative: 3269
2026-08-30 21:21:26,045 INFO  [default]    inst rate: not used for this commodity code
2026-08-30 21:21:26,045 INFO  [default] commodity code: 10 - Advanced load up total energy storage/take capacity (W-hr)
2026-08-30 21:21:26,045 INFO  [default]            source: Estimated
2026-08-30 21:21:26,045 INFO  [default]   cumulative: 12371
2026-08-30 21:21:26,045 INFO  [default]    inst rate: not used for this commodity code
2026-08-30 21:21:26,045 INFO  [default] commodity code: 11 - Advanced load up present energy storage/take capacity (W-hr)
2026-08-30 21:21:26,045 INFO  [default]            source: Estimated
2026-08-30 21:21:26,045 INFO  [default]   cumulative: 6451
2026-08-30 21:21:26,046 INFO  [default]    inst rate: not used for this commodity code
2026-08-30 21:21:26,249 INFO  [default] link ACK received: query_operational_state
2026-08-30 21:21:26,373 INFO  [default] operational state received: 2

Press Enter for a list of commands
2026-08-30 21:21:55,632 INFO  [default] link ACK received: query_operational_state
2026-08-30 21:21:55,755 INFO  [default] operational state received: 2

Press Enter for a list of commands
2026-08-30 21:22:25,015 INFO  [default] link ACK received: get_commodity
2026-08-30 21:22:25,184 INFO  [default] message type supported received: 2
2026-08-30 21:22:25,184 INFO  [default] commodity response received. response code: 0 - success; count: 6
2026-08-30 21:22:25,185 INFO  [default] commodity code: 0 - Electricity consumed (W & W-hr)
2026-08-30 21:22:25,185 INFO  [default]            source: Estimated
2026-08-30 21:22:25,185 INFO  [default]   cumulative: 143000
2026-08-30 21:22:25,185 INFO  [default]    inst rate: 500
2026-08-30 21:22:25,185 INFO  [default] commodity code 8 - Rated max consumption level electricity (W) is not recorded in the commodity CSV
2026-08-30 21:22:25,185 INFO  [default] commodity code: 6 - Total energy storage/take capacity (W-hr)
2026-08-30 21:22:25,185 INFO  [default]            source: Estimated
2026-08-30 21:22:25,185 INFO  [default]   cumulative: 9190
2026-08-30 21:22:25,185 INFO  [default]    inst rate: not used for this commodity code
2026-08-30 21:22:25,185 INFO  [default] commodity code: 7 - Present energy storage/take capacity (W-hr)
2026-08-30 21:22:25,185 INFO  [default]            source: Estimated
2026-08-30 21:22:25,186 INFO  [default]   cumulative: 3225
2026-08-30 21:22:25,186 INFO  [default]    inst rate: not used for this commodity code
2026-08-30 21:22:25,186 INFO  [default] commodity code: 10 - Advanced load up total energy storage/take capacity (W-hr)
2026-08-30 21:22:25,186 INFO  [default]            source: Estimated
2026-08-30 21:22:25,186 INFO  [default]   cumulative: 12371
2026-08-30 21:22:25,186 INFO  [default]    inst rate: not used for this commodity code
2026-08-30 21:22:25,186 INFO  [default] commodity code: 11 - Advanced load up present energy storage/take capacity (W-hr)
2026-08-30 21:22:25,186 INFO  [default]            source: Estimated
2026-08-30 21:22:25,186 INFO  [default]   cumulative: 6406
2026-08-30 21:22:25,186 INFO  [default]    inst rate: not used for this commodity code
2026-08-30 21:22:25,390 INFO  [default] link ACK received: query_operational_state
2026-08-30 21:22:25,513 INFO  [default] operational state received: 2

Press Enter for a list of commands
2026-08-30 21:22:55,771 INFO  [default] link ACK received: query_operational_state
2026-08-30 21:22:55,896 INFO  [default] operational state received: 2

Press Enter for a list of commands
2026-08-30 21:23:25,156 INFO  [default] link ACK received: get_commodity
2026-08-30 21:23:25,324 INFO  [default] message type supported received: 2
2026-08-30 21:23:25,324 INFO  [default] commodity response received. response code: 0 - success; count: 6
2026-08-30 21:23:25,324 INFO  [default] commodity code: 0 - Electricity consumed (W & W-hr)
2026-08-30 21:23:25,324 INFO  [default]            source: Estimated
2026-08-30 21:23:25,324 INFO  [default]   cumulative: 143000
2026-08-30 21:23:25,324 INFO  [default]    inst rate: 500
2026-08-30 21:23:25,324 INFO  [default] commodity code 8 - Rated max consumption level electricity (W) is not recorded in the commodity CSV
2026-08-30 21:23:25,325 INFO  [default] commodity code: 6 - Total energy storage/take capacity (W-hr)
2026-08-30 21:23:25,325 INFO  [default]            source: Estimated
2026-08-30 21:23:25,325 INFO  [default]   cumulative: 9190
2026-08-30 21:23:25,325 INFO  [default]    inst rate: not used for this commodity code
2026-08-30 21:23:25,325 INFO  [default] commodity code: 7 - Present energy storage/take capacity (W-hr)
2026-08-30 21:23:25,325 INFO  [default]            source: Estimated
2026-08-30 21:23:25,325 INFO  [default]   cumulative: 3181
2026-08-30 21:23:25,325 INFO  [default]    inst rate: not used for this commodity code
2026-08-30 21:23:25,325 INFO  [default] commodity code: 10 - Advanced load up total energy storage/take capacity (W-hr)
2026-08-30 21:23:25,325 INFO  [default]            source: Estimated
2026-08-30 21:23:25,325 INFO  [default]   cumulative: 12371
2026-08-30 21:23:25,325 INFO  [default]    inst rate: not used for this commodity code
2026-08-30 21:23:25,325 INFO  [default] commodity code: 11 - Advanced load up present energy storage/take capacity (W-hr)
2026-08-30 21:23:25,325 INFO  [default]            source: Estimated
2026-08-30 21:23:25,326 INFO  [default]   cumulative: 6362
2026-08-30 21:23:25,326 INFO  [default]    inst rate: not used for this commodity code
2026-08-30 21:23:25,528 INFO  [default] link ACK received: query_operational_state
2026-08-30 21:23:25,652 INFO  [default] operational state received: 2

Press Enter for a list of commands
2026-08-30 21:23:55,911 INFO  [default] link ACK received: query_operational_state
2026-08-30 21:23:56,034 INFO  [default] operational state received: 2

Press Enter for a list of commands
2026-08-30 21:24:25,295 INFO  [default] link ACK received: get_commodity
2026-08-30 21:24:25,464 INFO  [default] message type supported received: 2
2026-08-30 21:24:25,464 INFO  [default] commodity response received. response code: 0 - success; count: 6
2026-08-30 21:24:25,465 INFO  [default] commodity code: 0 - Electricity consumed (W & W-hr)
2026-08-30 21:24:25,465 INFO  [default]            source: Estimated
2026-08-30 21:24:25,465 INFO  [default]   cumulative: 143000
2026-08-30 21:24:25,465 INFO  [default]    inst rate: 500
2026-08-30 21:24:25,466 INFO  [default] commodity code 8 - Rated max consumption level electricity (W) is not recorded in the commodity CSV
2026-08-30 21:24:25,466 INFO  [default] commodity code: 6 - Total energy storage/take capacity (W-hr)
2026-08-30 21:24:25,466 INFO  [default]            source: Estimated
2026-08-30 21:24:25,466 INFO  [default]   cumulative: 9190
2026-08-30 21:24:25,466 INFO  [default]    inst rate: not used for this commodity code
2026-08-30 21:24:25,466 INFO  [default] commodity code: 7 - Present energy storage/take capacity (W-hr)
2026-08-30 21:24:25,466 INFO  [default]            source: Estimated
2026-08-30 21:24:25,466 INFO  [default]   cumulative: 3137
2026-08-30 21:24:25,467 INFO  [default]    inst rate: not used for this commodity code
2026-08-30 21:24:25,467 INFO  [default] commodity code: 10 - Advanced load up total energy storage/take capacity (W-hr)
2026-08-30 21:24:25,467 INFO  [default]            source: Estimated
2026-08-30 21:24:25,467 INFO  [default]   cumulative: 12371
2026-08-30 21:24:25,467 INFO  [default]    inst rate: not used for this commodity code
2026-08-30 21:24:25,467 INFO  [default] commodity code: 11 - Advanced load up present energy storage/take capacity (W-hr)
2026-08-30 21:24:25,467 INFO  [default]            source: Estimated
2026-08-30 21:24:25,467 INFO  [default]   cumulative: 6318
2026-08-30 21:24:25,468 INFO  [default]    inst rate: not used for this commodity code
2026-08-30 21:24:25,670 INFO  [default] link ACK received: query_operational_state
2026-08-30 21:24:25,794 INFO  [default] operational state received: 2

Press Enter for a list of commands
2026-08-30 21:24:55,050 INFO  [default] link ACK received: query_operational_state
2026-08-30 21:24:55,173 INFO  [default] operational state received: 2

Press Enter for a list of commands
2026-08-30 21:25:25,436 INFO  [default] link ACK received: get_commodity
2026-08-30 21:25:25,606 INFO  [default] message type supported received: 2
2026-08-30 21:25:25,606 INFO  [default] commodity response received. response code: 0 - success; count: 6
2026-08-30 21:25:25,607 INFO  [default] commodity code: 0 - Electricity consumed (W & W-hr)
2026-08-30 21:25:25,607 INFO  [default]            source: Estimated
2026-08-30 21:25:25,607 INFO  [default]   cumulative: 143000
2026-08-30 21:25:25,607 INFO  [default]    inst rate: 500
2026-08-30 21:25:25,607 INFO  [default] commodity code 8 - Rated max consumption level electricity (W) is not recorded in the commodity CSV
2026-08-30 21:25:25,607 INFO  [default] commodity code: 6 - Total energy storage/take capacity (W-hr)
2026-08-30 21:25:25,607 INFO  [default]            source: Estimated
2026-08-30 21:25:25,608 INFO  [default]   cumulative: 9190
2026-08-30 21:25:25,608 INFO  [default]    inst rate: not used for this commodity code
2026-08-30 21:25:25,608 INFO  [default] commodity code: 7 - Present energy storage/take capacity (W-hr)
2026-08-30 21:25:25,608 INFO  [default]            source: Estimated
2026-08-30 21:25:25,608 INFO  [default]   cumulative: 3115
2026-08-30 21:25:25,608 INFO  [default]    inst rate: not used for this commodity code
2026-08-30 21:25:25,608 INFO  [default] commodity code: 10 - Advanced load up total energy storage/take capacity (W-hr)
2026-08-30 21:25:25,608 INFO  [default]            source: Estimated
2026-08-30 21:25:25,609 INFO  [default]   cumulative: 12371
2026-08-30 21:25:25,609 INFO  [default]    inst rate: not used for this commodity code
2026-08-30 21:25:25,609 INFO  [default] commodity code: 11 - Advanced load up present energy storage/take capacity (W-hr)
2026-08-30 21:25:25,609 INFO  [default]            source: Estimated
2026-08-30 21:25:25,609 INFO  [default]   cumulative: 6296
2026-08-30 21:25:25,609 INFO  [default]    inst rate: not used for this commodity code
2026-08-30 21:25:25,810 INFO  [default] link ACK received: query_operational_state
2026-08-30 21:25:25,935 INFO  [default] operational state received: 2

Press Enter for a list of commands
2026-08-30 21:25:55,191 INFO  [default] link ACK received: query_operational_state
2026-08-30 21:25:55,315 INFO  [default] operational state received: 2

Press Enter for a list of commands
2026-08-30 21:26:25,577 INFO  [default] link ACK received: get_commodity
2026-08-30 21:26:25,747 INFO  [default] message type supported received: 2
2026-08-30 21:26:25,747 INFO  [default] commodity response received. response code: 0 - success; count: 6
2026-08-30 21:26:25,748 INFO  [default] commodity code: 0 - Electricity consumed (W & W-hr)
2026-08-30 21:26:25,748 INFO  [default]            source: Estimated
2026-08-30 21:26:25,748 INFO  [default]   cumulative: 143000
2026-08-30 21:26:25,748 INFO  [default]    inst rate: 500
2026-08-30 21:26:25,748 INFO  [default] commodity code 8 - Rated max consumption level electricity (W) is not recorded in the commodity CSV
2026-08-30 21:26:25,749 INFO  [default] commodity code: 6 - Total energy storage/take capacity (W-hr)
2026-08-30 21:26:25,749 INFO  [default]            source: Estimated
2026-08-30 21:26:25,749 INFO  [default]   cumulative: 9190
2026-08-30 21:26:25,749 INFO  [default]    inst rate: not used for this commodity code
2026-08-30 21:26:25,749 INFO  [default] commodity code: 7 - Present energy storage/take capacity (W-hr)
2026-08-30 21:26:25,749 INFO  [default]            source: Estimated
2026-08-30 21:26:25,749 INFO  [default]   cumulative: 3070
2026-08-30 21:26:25,749 INFO  [default]    inst rate: not used for this commodity code
2026-08-30 21:26:25,750 INFO  [default] commodity code: 10 - Advanced load up total energy storage/take capacity (W-hr)
2026-08-30 21:26:25,750 INFO  [default]            source: Estimated
2026-08-30 21:26:25,750 INFO  [default]   cumulative: 12371
2026-08-30 21:26:25,750 INFO  [default]    inst rate: not used for this commodity code
2026-08-30 21:26:25,750 INFO  [default] commodity code: 11 - Advanced load up present energy storage/take capacity (W-hr)
2026-08-30 21:26:25,750 INFO  [default]            source: Estimated
2026-08-30 21:26:25,750 INFO  [default]   cumulative: 6252
2026-08-30 21:26:25,750 INFO  [default]    inst rate: not used for this commodity code
2026-08-30 21:26:25,953 INFO  [default] link ACK received: query_operational_state
2026-08-30 21:26:26,077 INFO  [default] operational state received: 2

Press Enter for a list of commands
2026-08-30 21:26:55,333 INFO  [default] link ACK received: query_operational_state
2026-08-30 21:26:55,456 INFO  [default] operational state received: 2

Press Enter for a list of commands
2026-08-30 21:27:25,718 INFO  [default] link ACK received: get_commodity
2026-08-30 21:27:25,886 INFO  [default] message type supported received: 2
2026-08-30 21:27:25,886 INFO  [default] commodity response received. response code: 0 - success; count: 6
2026-08-30 21:27:25,887 INFO  [default] commodity code: 0 - Electricity consumed (W & W-hr)
2026-08-30 21:27:25,887 INFO  [default]            source: Estimated
2026-08-30 21:27:25,887 INFO  [default]   cumulative: 143000
2026-08-30 21:27:25,887 INFO  [default]    inst rate: 500
2026-08-30 21:27:25,887 INFO  [default] commodity code 8 - Rated max consumption level electricity (W) is not recorded in the commodity CSV
2026-08-30 21:27:25,887 INFO  [default] commodity code: 6 - Total energy storage/take capacity (W-hr)
2026-08-30 21:27:25,887 INFO  [default]            source: Estimated
2026-08-30 21:27:25,888 INFO  [default]   cumulative: 9190
2026-08-30 21:27:25,888 INFO  [default]    inst rate: not used for this commodity code
2026-08-30 21:27:25,888 INFO  [default] commodity code: 7 - Present energy storage/take capacity (W-hr)
2026-08-30 21:27:25,888 INFO  [default]            source: Estimated
2026-08-30 21:27:25,888 INFO  [default]   cumulative: 3048
2026-08-30 21:27:25,888 INFO  [default]    inst rate: not used for this commodity code
2026-08-30 21:27:25,888 INFO  [default] commodity code: 10 - Advanced load up total energy storage/take capacity (W-hr)
2026-08-30 21:27:25,888 INFO  [default]            source: Estimated
2026-08-30 21:27:25,889 INFO  [default]   cumulative: 12371
2026-08-30 21:27:25,889 INFO  [default]    inst rate: not used for this commodity code
2026-08-30 21:27:25,889 INFO  [default] commodity code: 11 - Advanced load up present energy storage/take capacity (W-hr)
2026-08-30 21:27:25,889 INFO  [default]            source: Estimated
2026-08-30 21:27:25,889 INFO  [default]   cumulative: 6230
2026-08-30 21:27:25,889 INFO  [default]    inst rate: not used for this commodity code
2026-08-30 21:27:26,092 INFO  [default] link ACK received: query_operational_state
2026-08-30 21:27:26,216 INFO  [default] operational state received: 2

Press Enter for a list of commands
2026-08-30 21:27:55,472 INFO  [default] link ACK received: query_operational_state
2026-08-30 21:27:55,595 INFO  [default] operational state received: 2

Press Enter for a list of commands
2026-08-30 21:28:25,860 INFO  [default] link ACK received: get_commodity
2026-08-30 21:28:26,028 INFO  [default] message type supported received: 2
2026-08-30 21:28:26,029 INFO  [default] commodity response received. response code: 0 - success; count: 6
2026-08-30 21:28:26,029 INFO  [default] commodity code: 0 - Electricity consumed (W & W-hr)
2026-08-30 21:28:26,029 INFO  [default]            source: Estimated
2026-08-30 21:28:26,029 INFO  [default]   cumulative: 143000
2026-08-30 21:28:26,030 INFO  [default]    inst rate: 500
2026-08-30 21:28:26,030 INFO  [default] commodity code 8 - Rated max consumption level electricity (W) is not recorded in the commodity CSV
2026-08-30 21:28:26,030 INFO  [default] commodity code: 6 - Total energy storage/take capacity (W-hr)
2026-08-30 21:28:26,030 INFO  [default]            source: Estimated
2026-08-30 21:28:26,030 INFO  [default]   cumulative: 9190
2026-08-30 21:28:26,030 INFO  [default]    inst rate: not used for this commodity code
2026-08-30 21:28:26,030 INFO  [default] commodity code: 7 - Present energy storage/take capacity (W-hr)
2026-08-30 21:28:26,030 INFO  [default]            source: Estimated
2026-08-30 21:28:26,030 INFO  [default]   cumulative: 3004
2026-08-30 21:28:26,031 INFO  [default]    inst rate: not used for this commodity code
2026-08-30 21:28:26,031 INFO  [default] commodity code: 10 - Advanced load up total energy storage/take capacity (W-hr)
2026-08-30 21:28:26,031 INFO  [default]            source: Estimated
2026-08-30 21:28:26,031 INFO  [default]   cumulative: 12371
2026-08-30 21:28:26,031 INFO  [default]    inst rate: not used for this commodity code
2026-08-30 21:28:26,031 INFO  [default] commodity code: 11 - Advanced load up present energy storage/take capacity (W-hr)
2026-08-30 21:28:26,031 INFO  [default]            source: Estimated
2026-08-30 21:28:26,031 INFO  [default]   cumulative: 6185
2026-08-30 21:28:26,032 INFO  [default]    inst rate: not used for this commodity code
2026-08-30 21:28:26,234 INFO  [default] link ACK received: query_operational_state
2026-08-30 21:28:26,358 INFO  [default] operational state received: 2

Press Enter for a list of commands
2026-08-30 21:28:55,614 INFO  [default] link ACK received: query_operational_state
2026-08-30 21:28:55,738 INFO  [default] operational state received: 2

Press Enter for a list of commands
2026-08-30 21:29:24,997 INFO  [default] link ACK received: get_commodity
2026-08-30 21:29:25,166 INFO  [default] message type supported received: 2
2026-08-30 21:29:25,166 INFO  [default] commodity response received. response code: 0 - success; count: 6
2026-08-30 21:29:25,167 INFO  [default] commodity code: 0 - Electricity consumed (W & W-hr)
2026-08-30 21:29:25,167 INFO  [default]            source: Estimated
2026-08-30 21:29:25,167 INFO  [default]   cumulative: 143000
2026-08-30 21:29:25,167 INFO  [default]    inst rate: 500
2026-08-30 21:29:25,167 INFO  [default] commodity code 8 - Rated max consumption level electricity (W) is not recorded in the commodity CSV
2026-08-30 21:29:25,167 INFO  [default] commodity code: 6 - Total energy storage/take capacity (W-hr)
2026-08-30 21:29:25,167 INFO  [default]            source: Estimated
2026-08-30 21:29:25,167 INFO  [default]   cumulative: 9190
2026-08-30 21:29:25,167 INFO  [default]    inst rate: not used for this commodity code
2026-08-30 21:29:25,167 INFO  [default] commodity code: 7 - Present energy storage/take capacity (W-hr)
2026-08-30 21:29:25,167 INFO  [default]            source: Estimated
2026-08-30 21:29:25,167 INFO  [default]   cumulative: 2960
2026-08-30 21:29:25,167 INFO  [default]    inst rate: not used for this commodity code
2026-08-30 21:29:25,168 INFO  [default] commodity code: 10 - Advanced load up total energy storage/take capacity (W-hr)
2026-08-30 21:29:25,168 INFO  [default]            source: Estimated
2026-08-30 21:29:25,168 INFO  [default]   cumulative: 12371
2026-08-30 21:29:25,168 INFO  [default]    inst rate: not used for this commodity code
2026-08-30 21:29:25,168 INFO  [default] commodity code: 11 - Advanced load up present energy storage/take capacity (W-hr)
2026-08-30 21:29:25,168 INFO  [default]            source: Estimated
2026-08-30 21:29:25,168 INFO  [default]   cumulative: 6141
2026-08-30 21:29:25,168 INFO  [default]    inst rate: not used for this commodity code
2026-08-30 21:29:25,371 INFO  [default] link ACK received: query_operational_state
2026-08-30 21:29:25,495 INFO  [default] operational state received: 2

Press Enter for a list of commands
2026-08-30 21:29:55,755 INFO  [default] link ACK received: query_operational_state
2026-08-30 21:29:55,878 INFO  [default] operational state received: 2

Press Enter for a list of commands
2026-08-30 21:30:25,138 INFO  [default] link ACK received: get_commodity
2026-08-30 21:30:25,308 INFO  [default] message type supported received: 2
2026-08-30 21:30:25,308 INFO  [default] commodity response received. response code: 0 - success; count: 6
2026-08-30 21:30:25,308 INFO  [default] commodity code: 0 - Electricity consumed (W & W-hr)
2026-08-30 21:30:25,309 INFO  [default]            source: Estimated
2026-08-30 21:30:25,309 INFO  [default]   cumulative: 143000
2026-08-30 21:30:25,309 INFO  [default]    inst rate: 500
2026-08-30 21:30:25,309 INFO  [default] commodity code 8 - Rated max consumption level electricity (W) is not recorded in the commodity CSV
2026-08-30 21:30:25,309 INFO  [default] commodity code: 6 - Total energy storage/take capacity (W-hr)
2026-08-30 21:30:25,309 INFO  [default]            source: Estimated
2026-08-30 21:30:25,309 INFO  [default]   cumulative: 9190
2026-08-30 21:30:25,309 INFO  [default]    inst rate: not used for this commodity code
2026-08-30 21:30:25,309 INFO  [default] commodity code: 7 - Present energy storage/take capacity (W-hr)
2026-08-30 21:30:25,309 INFO  [default]            source: Estimated
2026-08-30 21:30:25,310 INFO  [default]   cumulative: 2916
2026-08-30 21:30:25,310 INFO  [default]    inst rate: not used for this commodity code
2026-08-30 21:30:25,310 INFO  [default] commodity code: 10 - Advanced load up total energy storage/take capacity (W-hr)
2026-08-30 21:30:25,310 INFO  [default]            source: Estimated
2026-08-30 21:30:25,310 INFO  [default]   cumulative: 12371
2026-08-30 21:30:25,310 INFO  [default]    inst rate: not used for this commodity code
2026-08-30 21:30:25,310 INFO  [default] commodity code: 11 - Advanced load up present energy storage/take capacity (W-hr)
2026-08-30 21:30:25,310 INFO  [default]            source: Estimated
2026-08-30 21:30:25,310 INFO  [default]   cumulative: 6097
2026-08-30 21:30:25,310 INFO  [default]    inst rate: not used for this commodity code
2026-08-30 21:30:25,513 INFO  [default] link ACK received: query_operational_state
2026-08-30 21:30:25,636 INFO  [default] operational state received: 2

Press Enter for a list of commands
1788150625,o,0 (PASSED!)
outside communication found
2026-08-30 21:30:26,741 INFO  [default] link ACK received: outside_communication
2026-08-30 21:30:26,866 INFO  [default] app ack received
2026-08-30 21:30:55,120 INFO  [default] link ACK received: query_operational_state
2026-08-30 21:30:55,244 INFO  [default] operational state received: 2

Press Enter for a list of commands
2026-08-30 21:31:25,507 INFO  [default] link ACK received: get_commodity
2026-08-30 21:31:25,674 INFO  [default] message type supported received: 2
2026-08-30 21:31:25,675 INFO  [default] commodity response received. response code: 0 - success; count: 6
2026-08-30 21:31:25,675 INFO  [default] commodity code: 0 - Electricity consumed (W & W-hr)
2026-08-30 21:31:25,675 INFO  [default]            source: Estimated
2026-08-30 21:31:25,675 INFO  [default]   cumulative: 143000
2026-08-30 21:31:25,675 INFO  [default]    inst rate: 500
2026-08-30 21:31:25,675 INFO  [default] commodity code 8 - Rated max consumption level electricity (W) is not recorded in the commodity CSV
2026-08-30 21:31:25,675 INFO  [default] commodity code: 6 - Total energy storage/take capacity (W-hr)
2026-08-30 21:31:25,676 INFO  [default]            source: Estimated
2026-08-30 21:31:25,676 INFO  [default]   cumulative: 9190
2026-08-30 21:31:25,676 INFO  [default]    inst rate: not used for this commodity code
2026-08-30 21:31:25,676 INFO  [default] commodity code: 7 - Present energy storage/take capacity (W-hr)
2026-08-30 21:31:25,676 INFO  [default]            source: Estimated
2026-08-30 21:31:25,676 INFO  [default]   cumulative: 2872
2026-08-30 21:31:25,676 INFO  [default]    inst rate: not used for this commodity code
2026-08-30 21:31:25,676 INFO  [default] commodity code: 10 - Advanced load up total energy storage/take capacity (W-hr)
2026-08-30 21:31:25,676 INFO  [default]            source: Estimated
2026-08-30 21:31:25,676 INFO  [default]   cumulative: 12371
2026-08-30 21:31:25,676 INFO  [default]    inst rate: not used for this commodity code
2026-08-30 21:31:25,676 INFO  [default] commodity code: 11 - Advanced load up present energy storage/take capacity (W-hr)
2026-08-30 21:31:25,677 INFO  [default]            source: Estimated
2026-08-30 21:31:25,677 INFO  [default]   cumulative: 6053
2026-08-30 21:31:25,677 INFO  [default]    inst rate: not used for this commodity code
2026-08-30 21:31:25,879 INFO  [default] link ACK received: query_operational_state
2026-08-30 21:31:26,003 INFO  [default] operational state received: 2

Press Enter for a list of commands
2026-08-30 21:31:55,259 INFO  [default] link ACK received: query_operational_state
2026-08-30 21:31:55,384 INFO  [default] operational state received: 2

Press Enter for a list of commands
2026-08-30 21:32:25,645 INFO  [default] link ACK received: get_commodity
2026-08-30 21:32:25,814 INFO  [default] message type supported received: 2
2026-08-30 21:32:25,814 INFO  [default] commodity response received. response code: 0 - success; count: 6
2026-08-30 21:32:25,815 INFO  [default] commodity code: 0 - Electricity consumed (W & W-hr)
2026-08-30 21:32:25,815 INFO  [default]            source: Estimated
2026-08-30 21:32:25,815 INFO  [default]   cumulative: 143000
2026-08-30 21:32:25,815 INFO  [default]    inst rate: 500
2026-08-30 21:32:25,815 INFO  [default] commodity code 8 - Rated max consumption level electricity (W) is not recorded in the commodity CSV
2026-08-30 21:32:25,815 INFO  [default] commodity code: 6 - Total energy storage/take capacity (W-hr)
2026-08-30 21:32:25,816 INFO  [default]            source: Estimated
2026-08-30 21:32:25,816 INFO  [default]   cumulative: 9190
2026-08-30 21:32:25,816 INFO  [default]    inst rate: not used for this commodity code
2026-08-30 21:32:25,816 INFO  [default] commodity code: 7 - Present energy storage/take capacity (W-hr)
2026-08-30 21:32:25,816 INFO  [default]            source: Estimated
2026-08-30 21:32:25,816 INFO  [default]   cumulative: 2827
2026-08-30 21:32:25,816 INFO  [default]    inst rate: not used for this commodity code
2026-08-30 21:32:25,816 INFO  [default] commodity code: 10 - Advanced load up total energy storage/take capacity (W-hr)
2026-08-30 21:32:25,817 INFO  [default]            source: Estimated
2026-08-30 21:32:25,817 INFO  [default]   cumulative: 12371
2026-08-30 21:32:25,817 INFO  [default]    inst rate: not used for this commodity code
2026-08-30 21:32:25,817 INFO  [default] commodity code: 11 - Advanced load up present energy storage/take capacity (W-hr)
2026-08-30 21:32:25,817 INFO  [default]            source: Estimated
2026-08-30 21:32:25,817 INFO  [default]   cumulative: 6009
2026-08-30 21:32:25,818 INFO  [default]    inst rate: not used for this commodity code
2026-08-30 21:32:26,020 INFO  [default] link ACK received: query_operational_state
2026-08-30 21:32:26,143 INFO  [default] operational state received: 2

Press Enter for a list of commands
2026-08-30 21:32:55,402 INFO  [default] link ACK received: query_operational_state
2026-08-30 21:32:55,526 INFO  [default] operational state received: 2

Press Enter for a list of commands
2026-08-30 21:33:25,789 INFO  [default] link ACK received: get_commodity
2026-08-30 21:33:25,957 INFO  [default] message type supported received: 2
2026-08-30 21:33:25,957 INFO  [default] commodity response received. response code: 0 - success; count: 6
2026-08-30 21:33:25,958 INFO  [default] commodity code: 0 - Electricity consumed (W & W-hr)
2026-08-30 21:33:25,958 INFO  [default]            source: Estimated
2026-08-30 21:33:25,958 INFO  [default]   cumulative: 143000
2026-08-30 21:33:25,958 INFO  [default]    inst rate: 500
2026-08-30 21:33:25,958 INFO  [default] commodity code 8 - Rated max consumption level electricity (W) is not recorded in the commodity CSV
2026-08-30 21:33:25,958 INFO  [default] commodity code: 6 - Total energy storage/take capacity (W-hr)
2026-08-30 21:33:25,958 INFO  [default]            source: Estimated
2026-08-30 21:33:25,958 INFO  [default]   cumulative: 9190
2026-08-30 21:33:25,958 INFO  [default]    inst rate: not used for this commodity code
2026-08-30 21:33:25,958 INFO  [default] commodity code: 7 - Present energy storage/take capacity (W-hr)
2026-08-30 21:33:25,958 INFO  [default]            source: Estimated
2026-08-30 21:33:25,959 INFO  [default]   cumulative: 2805
2026-08-30 21:33:25,959 INFO  [default]    inst rate: not used for this commodity code
2026-08-30 21:33:25,959 INFO  [default] commodity code: 10 - Advanced load up total energy storage/take capacity (W-hr)
2026-08-30 21:33:25,959 INFO  [default]            source: Estimated
2026-08-30 21:33:25,959 INFO  [default]   cumulative: 12371
2026-08-30 21:33:25,959 INFO  [default]    inst rate: not used for this commodity code
2026-08-30 21:33:25,959 INFO  [default] commodity code: 11 - Advanced load up present energy storage/take capacity (W-hr)
2026-08-30 21:33:25,959 INFO  [default]            source: Estimated
2026-08-30 21:33:25,959 INFO  [default]   cumulative: 5987
2026-08-30 21:33:25,959 INFO  [default]    inst rate: not used for this commodity code
2026-08-30 21:33:26,162 INFO  [default] link ACK received: query_operational_state
2026-08-30 21:33:26,286 INFO  [default] operational state received: 2

Press Enter for a list of commands
2026-08-30 21:33:55,544 INFO  [default] link ACK received: query_operational_state
2026-08-30 21:33:55,669 INFO  [default] operational state received: 2

Press Enter for a list of commands
2026-08-30 21:34:24,929 INFO  [default] link ACK received: get_commodity
2026-08-30 21:34:25,099 INFO  [default] message type supported received: 2
2026-08-30 21:34:25,099 INFO  [default] commodity response received. response code: 0 - success; count: 6
2026-08-30 21:34:25,099 INFO  [default] commodity code: 0 - Electricity consumed (W & W-hr)
2026-08-30 21:34:25,099 INFO  [default]            source: Estimated
2026-08-30 21:34:25,099 INFO  [default]   cumulative: 143000
2026-08-30 21:34:25,099 INFO  [default]    inst rate: 500
2026-08-30 21:34:25,099 INFO  [default] commodity code 8 - Rated max consumption level electricity (W) is not recorded in the commodity CSV
2026-08-30 21:34:25,100 INFO  [default] commodity code: 6 - Total energy storage/take capacity (W-hr)
2026-08-30 21:34:25,100 INFO  [default]            source: Estimated
2026-08-30 21:34:25,100 INFO  [default]   cumulative: 9190
2026-08-30 21:34:25,100 INFO  [default]    inst rate: not used for this commodity code
2026-08-30 21:34:25,100 INFO  [default] commodity code: 7 - Present energy storage/take capacity (W-hr)
2026-08-30 21:34:25,100 INFO  [default]            source: Estimated
2026-08-30 21:34:25,100 INFO  [default]   cumulative: 2761
2026-08-30 21:34:25,100 INFO  [default]    inst rate: not used for this commodity code
2026-08-30 21:34:25,100 INFO  [default] commodity code: 10 - Advanced load up total energy storage/take capacity (W-hr)
2026-08-30 21:34:25,100 INFO  [default]            source: Estimated
2026-08-30 21:34:25,100 INFO  [default]   cumulative: 12371
2026-08-30 21:34:25,100 INFO  [default]    inst rate: not used for this commodity code
2026-08-30 21:34:25,100 INFO  [default] commodity code: 11 - Advanced load up present energy storage/take capacity (W-hr)
2026-08-30 21:34:25,101 INFO  [default]            source: Estimated
2026-08-30 21:34:25,101 INFO  [default]   cumulative: 5942
2026-08-30 21:34:25,101 INFO  [default]    inst rate: not used for this commodity code
2026-08-30 21:34:25,303 INFO  [default] link ACK received: query_operational_state
2026-08-30 21:34:25,427 INFO  [default] operational state received: 2

Press Enter for a list of commands
2026-08-30 21:34:55,684 INFO  [default] link ACK received: query_operational_state
2026-08-30 21:34:55,808 INFO  [default] operational state received: 2

Press Enter for a list of commands
2026-08-30 21:35:25,066 INFO  [default] link ACK received: get_commodity
2026-08-30 21:35:25,235 INFO  [default] message type supported received: 2
2026-08-30 21:35:25,235 INFO  [default] commodity response received. response code: 0 - success; count: 6
2026-08-30 21:35:25,236 INFO  [default] commodity code: 0 - Electricity consumed (W & W-hr)
2026-08-30 21:35:25,236 INFO  [default]            source: Estimated
2026-08-30 21:35:25,236 INFO  [default]   cumulative: 143000
2026-08-30 21:35:25,236 INFO  [default]    inst rate: 500
2026-08-30 21:35:25,236 INFO  [default] commodity code 8 - Rated max consumption level electricity (W) is not recorded in the commodity CSV
2026-08-30 21:35:25,236 INFO  [default] commodity code: 6 - Total energy storage/take capacity (W-hr)
2026-08-30 21:35:25,236 INFO  [default]            source: Estimated
2026-08-30 21:35:25,237 INFO  [default]   cumulative: 9190
2026-08-30 21:35:25,237 INFO  [default]    inst rate: not used for this commodity code
2026-08-30 21:35:25,237 INFO  [default] commodity code: 7 - Present energy storage/take capacity (W-hr)
2026-08-30 21:35:25,237 INFO  [default]            source: Estimated
2026-08-30 21:35:25,237 INFO  [default]   cumulative: 2717
2026-08-30 21:35:25,237 INFO  [default]    inst rate: not used for this commodity code
2026-08-30 21:35:25,237 INFO  [default] commodity code: 10 - Advanced load up total energy storage/take capacity (W-hr)
2026-08-30 21:35:25,237 INFO  [default]            source: Estimated
2026-08-30 21:35:25,238 INFO  [default]   cumulative: 12371
2026-08-30 21:35:25,238 INFO  [default]    inst rate: not used for this commodity code
2026-08-30 21:35:25,238 INFO  [default] commodity code: 11 - Advanced load up present energy storage/take capacity (W-hr)
2026-08-30 21:35:25,238 INFO  [default]            source: Estimated
2026-08-30 21:35:25,238 INFO  [default]   cumulative: 5898
2026-08-30 21:35:25,238 INFO  [default]    inst rate: not used for this commodity code
2026-08-30 21:35:25,441 INFO  [default] link ACK received: query_operational_state
2026-08-30 21:35:25,565 INFO  [default] operational state received: 2

Press Enter for a list of commands
2026-08-30 21:35:55,824 INFO  [default] link ACK received: query_operational_state
2026-08-30 21:35:55,947 INFO  [default] operational state received: 2

Press Enter for a list of commands
2026-08-30 21:36:25,208 INFO  [default] link ACK received: get_commodity
2026-08-30 21:36:25,377 INFO  [default] message type supported received: 2
2026-08-30 21:36:25,377 INFO  [default] commodity response received. response code: 0 - success; count: 6
2026-08-30 21:36:25,378 INFO  [default] commodity code: 0 - Electricity consumed (W & W-hr)
2026-08-30 21:36:25,378 INFO  [default]            source: Estimated
2026-08-30 21:36:25,378 INFO  [default]   cumulative: 143000
2026-08-30 21:36:25,378 INFO  [default]    inst rate: 500
2026-08-30 21:36:25,378 INFO  [default] commodity code 8 - Rated max consumption level electricity (W) is not recorded in the commodity CSV
2026-08-30 21:36:25,378 INFO  [default] commodity code: 6 - Total energy storage/take capacity (W-hr)
2026-08-30 21:36:25,378 INFO  [default]            source: Estimated
2026-08-30 21:36:25,378 INFO  [default]   cumulative: 9190
2026-08-30 21:36:25,379 INFO  [default]    inst rate: not used for this commodity code
2026-08-30 21:36:25,379 INFO  [default] commodity code: 7 - Present energy storage/take capacity (W-hr)
2026-08-30 21:36:25,379 INFO  [default]            source: Estimated
2026-08-30 21:36:25,379 INFO  [default]   cumulative: 2695
2026-08-30 21:36:25,379 INFO  [default]    inst rate: not used for this commodity code
2026-08-30 21:36:25,379 INFO  [default] commodity code: 10 - Advanced load up total energy storage/take capacity (W-hr)
2026-08-30 21:36:25,379 INFO  [default]            source: Estimated
2026-08-30 21:36:25,379 INFO  [default]   cumulative: 12371
2026-08-30 21:36:25,379 INFO  [default]    inst rate: not used for this commodity code
2026-08-30 21:36:25,380 INFO  [default] commodity code: 11 - Advanced load up present energy storage/take capacity (W-hr)
2026-08-30 21:36:25,380 INFO  [default]            source: Estimated
2026-08-30 21:36:25,380 INFO  [default]   cumulative: 5876
2026-08-30 21:36:25,380 INFO  [default]    inst rate: not used for this commodity code
2026-08-30 21:36:25,582 INFO  [default] link ACK received: query_operational_state
2026-08-30 21:36:25,706 INFO  [default] operational state received: 2

Press Enter for a list of commands
2026-08-30 21:36:54,963 INFO  [default] link ACK received: query_operational_state
2026-08-30 21:36:55,087 INFO  [default] operational state received: 2

Press Enter for a list of commands
2026-08-30 21:37:25,350 INFO  [default] link ACK received: get_commodity
2026-08-30 21:37:25,518 INFO  [default] message type supported received: 2
2026-08-30 21:37:25,518 INFO  [default] commodity response received. response code: 0 - success; count: 6
2026-08-30 21:37:25,519 INFO  [default] commodity code: 0 - Electricity consumed (W & W-hr)
2026-08-30 21:37:25,519 INFO  [default]            source: Estimated
2026-08-30 21:37:25,519 INFO  [default]   cumulative: 143000
2026-08-30 21:37:25,519 INFO  [default]    inst rate: 500
2026-08-30 21:37:25,519 INFO  [default] commodity code 8 - Rated max consumption level electricity (W) is not recorded in the commodity CSV
2026-08-30 21:37:25,519 INFO  [default] commodity code: 6 - Total energy storage/take capacity (W-hr)
2026-08-30 21:37:25,520 INFO  [default]            source: Estimated
2026-08-30 21:37:25,520 INFO  [default]   cumulative: 9190
2026-08-30 21:37:25,520 INFO  [default]    inst rate: not used for this commodity code
2026-08-30 21:37:25,520 INFO  [default] commodity code: 7 - Present energy storage/take capacity (W-hr)
2026-08-30 21:37:25,520 INFO  [default]            source: Estimated
2026-08-30 21:37:25,520 INFO  [default]   cumulative: 2651
2026-08-30 21:37:25,520 INFO  [default]    inst rate: not used for this commodity code
2026-08-30 21:37:25,520 INFO  [default] commodity code: 10 - Advanced load up total energy storage/take capacity (W-hr)
2026-08-30 21:37:25,521 INFO  [default]            source: Estimated
2026-08-30 21:37:25,521 INFO  [default]   cumulative: 12371
2026-08-30 21:37:25,521 INFO  [default]    inst rate: not used for this commodity code
2026-08-30 21:37:25,521 INFO  [default] commodity code: 11 - Advanced load up present energy storage/take capacity (W-hr)
2026-08-30 21:37:25,521 INFO  [default]            source: Estimated
2026-08-30 21:37:25,521 INFO  [default]   cumulative: 5832
2026-08-30 21:37:25,521 INFO  [default]    inst rate: not used for this commodity code
2026-08-30 21:37:25,724 INFO  [default] link ACK received: query_operational_state
2026-08-30 21:37:25,847 INFO  [default] operational state received: 2

Press Enter for a list of commands
2026-08-30 21:37:55,104 INFO  [default] link ACK received: query_operational_state
2026-08-30 21:37:55,228 INFO  [default] operational state received: 2

Press Enter for a list of commands
2026-08-30 21:38:25,492 INFO  [default] link ACK received: get_commodity
2026-08-30 21:38:25,660 INFO  [default] message type supported received: 2
2026-08-30 21:38:25,660 INFO  [default] commodity response received. response code: 0 - success; count: 6
2026-08-30 21:38:25,660 INFO  [default] commodity code: 0 - Electricity consumed (W & W-hr)
2026-08-30 21:38:25,661 INFO  [default]            source: Estimated
2026-08-30 21:38:25,661 INFO  [default]   cumulative: 143000
2026-08-30 21:38:25,661 INFO  [default]    inst rate: 500
2026-08-30 21:38:25,661 INFO  [default] commodity code 8 - Rated max consumption level electricity (W) is not recorded in the commodity CSV
2026-08-30 21:38:25,661 INFO  [default] commodity code: 6 - Total energy storage/take capacity (W-hr)
2026-08-30 21:38:25,661 INFO  [default]            source: Estimated
2026-08-30 21:38:25,661 INFO  [default]   cumulative: 9190
2026-08-30 21:38:25,661 INFO  [default]    inst rate: not used for this commodity code
2026-08-30 21:38:25,662 INFO  [default] commodity code: 7 - Present energy storage/take capacity (W-hr)
2026-08-30 21:38:25,662 INFO  [default]            source: Estimated
2026-08-30 21:38:25,662 INFO  [default]   cumulative: 2606
2026-08-30 21:38:25,662 INFO  [default]    inst rate: not used for this commodity code
2026-08-30 21:38:25,662 INFO  [default] commodity code: 10 - Advanced load up total energy storage/take capacity (W-hr)
2026-08-30 21:38:25,662 INFO  [default]            source: Estimated
2026-08-30 21:38:25,662 INFO  [default]   cumulative: 12371
2026-08-30 21:38:25,662 INFO  [default]    inst rate: not used for this commodity code
2026-08-30 21:38:25,662 INFO  [default] commodity code: 11 - Advanced load up present energy storage/take capacity (W-hr)
2026-08-30 21:38:25,663 INFO  [default]            source: Estimated
2026-08-30 21:38:25,663 INFO  [default]   cumulative: 5788
2026-08-30 21:38:25,663 INFO  [default]    inst rate: not used for this commodity code
2026-08-30 21:38:25,865 INFO  [default] link ACK received: query_operational_state
2026-08-30 21:38:25,989 INFO  [default] operational state received: 2

Press Enter for a list of commands
2026-08-30 21:38:55,247 INFO  [default] link ACK received: query_operational_state
2026-08-30 21:38:55,370 INFO  [default] operational state received: 2

Press Enter for a list of commands
2026-08-30 21:39:25,635 INFO  [default] link ACK received: get_commodity
2026-08-30 21:39:25,804 INFO  [default] message type supported received: 2
2026-08-30 21:39:25,804 INFO  [default] commodity response received. response code: 0 - success; count: 6
2026-08-30 21:39:25,805 INFO  [default] commodity code: 0 - Electricity consumed (W & W-hr)
2026-08-30 21:39:25,805 INFO  [default]            source: Estimated
2026-08-30 21:39:25,805 INFO  [default]   cumulative: 143000
2026-08-30 21:39:25,805 INFO  [default]    inst rate: 500
2026-08-30 21:39:25,805 INFO  [default] commodity code 8 - Rated max consumption level electricity (W) is not recorded in the commodity CSV
2026-08-30 21:39:25,805 INFO  [default] commodity code: 6 - Total energy storage/take capacity (W-hr)
2026-08-30 21:39:25,805 INFO  [default]            source: Estimated
2026-08-30 21:39:25,805 INFO  [default]   cumulative: 9190
2026-08-30 21:39:25,805 INFO  [default]    inst rate: not used for this commodity code
2026-08-30 21:39:25,805 INFO  [default] commodity code: 7 - Present energy storage/take capacity (W-hr)
2026-08-30 21:39:25,806 INFO  [default]            source: Estimated
2026-08-30 21:39:25,806 INFO  [default]   cumulative: 2562
2026-08-30 21:39:25,806 INFO  [default]    inst rate: not used for this commodity code
2026-08-30 21:39:25,806 INFO  [default] commodity code: 10 - Advanced load up total energy storage/take capacity (W-hr)
2026-08-30 21:39:25,806 INFO  [default]            source: Estimated
2026-08-30 21:39:25,806 INFO  [default]   cumulative: 12371
2026-08-30 21:39:25,806 INFO  [default]    inst rate: not used for this commodity code
2026-08-30 21:39:25,806 INFO  [default] commodity code: 11 - Advanced load up present energy storage/take capacity (W-hr)
2026-08-30 21:39:25,806 INFO  [default]            source: Estimated
2026-08-30 21:39:25,806 INFO  [default]   cumulative: 5744
2026-08-30 21:39:25,807 INFO  [default]    inst rate: not used for this commodity code
2026-08-30 21:39:26,009 INFO  [default] link ACK received: query_operational_state
2026-08-30 21:39:26,132 INFO  [default] operational state received: 2

Press Enter for a list of commands
2026-08-30 21:39:55,389 INFO  [default] link ACK received: query_operational_state
2026-08-30 21:39:55,514 INFO  [default] operational state received: 2

Press Enter for a list of commands
1788151225,o,0 (PASSED!)
outside communication found
2026-08-30 21:40:25,776 INFO  [default] link ACK received: outside_communication
2026-08-30 21:40:25,899 INFO  [default] app ack received
2026-08-30 21:40:26,102 INFO  [default] link ACK received: get_commodity
2026-08-30 21:40:26,271 INFO  [default] message type supported received: 2
2026-08-30 21:40:26,271 INFO  [default] commodity response received. response code: 0 - success; count: 6
2026-08-30 21:40:26,272 INFO  [default] commodity code: 0 - Electricity consumed (W & W-hr)
2026-08-30 21:40:26,272 INFO  [default]            source: Estimated
2026-08-30 21:40:26,272 INFO  [default]   cumulative: 143000
2026-08-30 21:40:26,272 INFO  [default]    inst rate: 500
2026-08-30 21:40:26,272 INFO  [default] commodity code 8 - Rated max consumption level electricity (W) is not recorded in the commodity CSV
2026-08-30 21:40:26,272 INFO  [default] commodity code: 6 - Total energy storage/take capacity (W-hr)
2026-08-30 21:40:26,273 INFO  [default]            source: Estimated
2026-08-30 21:40:26,273 INFO  [default]   cumulative: 9190
2026-08-30 21:40:26,273 INFO  [default]    inst rate: not used for this commodity code
2026-08-30 21:40:26,273 INFO  [default] commodity code: 7 - Present energy storage/take capacity (W-hr)
2026-08-30 21:40:26,273 INFO  [default]            source: Estimated
2026-08-30 21:40:26,273 INFO  [default]   cumulative: 2540
2026-08-30 21:40:26,273 INFO  [default]    inst rate: not used for this commodity code
2026-08-30 21:40:26,274 INFO  [default] commodity code: 10 - Advanced load up total energy storage/take capacity (W-hr)
2026-08-30 21:40:26,274 INFO  [default]            source: Estimated
2026-08-30 21:40:26,274 INFO  [default]   cumulative: 12371
2026-08-30 21:40:26,274 INFO  [default]    inst rate: not used for this commodity code
2026-08-30 21:40:26,274 INFO  [default] commodity code: 11 - Advanced load up present energy storage/take capacity (W-hr)
2026-08-30 21:40:26,274 INFO  [default]            source: Estimated
2026-08-30 21:40:26,274 INFO  [default]   cumulative: 5722
2026-08-30 21:40:26,274 INFO  [default]    inst rate: not used for this commodity code
2026-08-30 21:40:26,477 INFO  [default] link ACK received: query_operational_state
2026-08-30 21:40:26,601 INFO  [default] operational state received: 2

Press Enter for a list of commands
2026-08-30 21:40:55,857 INFO  [default] link ACK received: query_operational_state
2026-08-30 21:40:55,982 INFO  [default] operational state received: 2

Press Enter for a list of commands
2026-08-30 21:41:25,243 INFO  [default] link ACK received: get_commodity
2026-08-30 21:41:25,412 INFO  [default] message type supported received: 2
2026-08-30 21:41:25,412 INFO  [default] commodity response received. response code: 0 - success; count: 6
2026-08-30 21:41:25,412 INFO  [default] commodity code: 0 - Electricity consumed (W & W-hr)
2026-08-30 21:41:25,412 INFO  [default]            source: Estimated
2026-08-30 21:41:25,412 INFO  [default]   cumulative: 143000
2026-08-30 21:41:25,412 INFO  [default]    inst rate: 500
2026-08-30 21:41:25,412 INFO  [default] commodity code 8 - Rated max consumption level electricity (W) is not recorded in the commodity CSV
2026-08-30 21:41:25,412 INFO  [default] commodity code: 6 - Total energy storage/take capacity (W-hr)
2026-08-30 21:41:25,413 INFO  [default]            source: Estimated
2026-08-30 21:41:25,413 INFO  [default]   cumulative: 9190
2026-08-30 21:41:25,413 INFO  [default]    inst rate: not used for this commodity code
2026-08-30 21:41:25,413 INFO  [default] commodity code: 7 - Present energy storage/take capacity (W-hr)
2026-08-30 21:41:25,413 INFO  [default]            source: Estimated
2026-08-30 21:41:25,413 INFO  [default]   cumulative: 2496
2026-08-30 21:41:25,413 INFO  [default]    inst rate: not used for this commodity code
2026-08-30 21:41:25,413 INFO  [default] commodity code: 10 - Advanced load up total energy storage/take capacity (W-hr)
2026-08-30 21:41:25,413 INFO  [default]            source: Estimated
2026-08-30 21:41:25,413 INFO  [default]   cumulative: 12371
2026-08-30 21:41:25,413 INFO  [default]    inst rate: not used for this commodity code
2026-08-30 21:41:25,413 INFO  [default] commodity code: 11 - Advanced load up present energy storage/take capacity (W-hr)
2026-08-30 21:41:25,414 INFO  [default]            source: Estimated
2026-08-30 21:41:25,414 INFO  [default]   cumulative: 5677
2026-08-30 21:41:25,414 INFO  [default]    inst rate: not used for this commodity code
2026-08-30 21:41:25,617 INFO  [default] link ACK received: query_operational_state
2026-08-30 21:41:25,740 INFO  [default] operational state received: 2

Press Enter for a list of commands
2026-08-30 21:41:54,999 INFO  [default] link ACK received: query_operational_state
2026-08-30 21:41:55,121 INFO  [default] operational state received: 2

Press Enter for a list of commands
2026-08-30 21:42:25,281 INFO  [default] link ACK received: get_commodity
2026-08-30 21:42:25,451 INFO  [default] message type supported received: 2
2026-08-30 21:42:25,451 INFO  [default] commodity response received. response code: 0 - success; count: 6
2026-08-30 21:42:25,451 INFO  [default] commodity code: 0 - Electricity consumed (W & W-hr)
2026-08-30 21:42:25,451 INFO  [default]            source: Estimated
2026-08-30 21:42:25,451 INFO  [default]   cumulative: 143000
2026-08-30 21:42:25,452 INFO  [default]    inst rate: 500
2026-08-30 21:42:25,452 INFO  [default] commodity code 8 - Rated max consumption level electricity (W) is not recorded in the commodity CSV
2026-08-30 21:42:25,452 INFO  [default] commodity code: 6 - Total energy storage/take capacity (W-hr)
2026-08-30 21:42:25,452 INFO  [default]            source: Estimated
2026-08-30 21:42:25,452 INFO  [default]   cumulative: 9190
2026-08-30 21:42:25,452 INFO  [default]    inst rate: not used for this commodity code
2026-08-30 21:42:25,452 INFO  [default] commodity code: 7 - Present energy storage/take capacity (W-hr)
2026-08-30 21:42:25,452 INFO  [default]            source: Estimated
2026-08-30 21:42:25,452 INFO  [default]   cumulative: 2452
2026-08-30 21:42:25,452 INFO  [default]    inst rate: not used for this commodity code
2026-08-30 21:42:25,452 INFO  [default] commodity code: 10 - Advanced load up total energy storage/take capacity (W-hr)
2026-08-30 21:42:25,452 INFO  [default]            source: Estimated
2026-08-30 21:42:25,452 INFO  [default]   cumulative: 12371
2026-08-30 21:42:25,452 INFO  [default]    inst rate: not used for this commodity code
2026-08-30 21:42:25,452 INFO  [default] commodity code: 11 - Advanced load up present energy storage/take capacity (W-hr)
2026-08-30 21:42:25,453 INFO  [default]            source: Estimated
2026-08-30 21:42:25,453 INFO  [default]   cumulative: 5633
2026-08-30 21:42:25,453 INFO  [default]    inst rate: not used for this commodity code
2026-08-30 21:42:25,655 INFO  [default] link ACK received: query_operational_state
2026-08-30 21:42:25,778 INFO  [default] operational state received: 2

Press Enter for a list of commands
2026-08-30 21:42:55,034 INFO  [default] link ACK received: query_operational_state
2026-08-30 21:42:55,158 INFO  [default] operational state received: 2

Press Enter for a list of commands
2026-08-30 21:43:25,416 INFO  [default] link ACK received: get_commodity
2026-08-30 21:43:25,585 INFO  [default] message type supported received: 2
2026-08-30 21:43:25,585 INFO  [default] commodity response received. response code: 0 - success; count: 6
2026-08-30 21:43:25,585 INFO  [default] commodity code: 0 - Electricity consumed (W & W-hr)
2026-08-30 21:43:25,585 INFO  [default]            source: Estimated
2026-08-30 21:43:25,585 INFO  [default]   cumulative: 143000
2026-08-30 21:43:25,585 INFO  [default]    inst rate: 500
2026-08-30 21:43:25,585 INFO  [default] commodity code 8 - Rated max consumption level electricity (W) is not recorded in the commodity CSV
2026-08-30 21:43:25,585 INFO  [default] commodity code: 6 - Total energy storage/take capacity (W-hr)
2026-08-30 21:43:25,585 INFO  [default]            source: Estimated
2026-08-30 21:43:25,586 INFO  [default]   cumulative: 9190
2026-08-30 21:43:25,586 INFO  [default]    inst rate: not used for this commodity code
2026-08-30 21:43:25,586 INFO  [default] commodity code: 7 - Present energy storage/take capacity (W-hr)
2026-08-30 21:43:25,586 INFO  [default]            source: Estimated
2026-08-30 21:43:25,586 INFO  [default]   cumulative: 2430
2026-08-30 21:43:25,586 INFO  [default]    inst rate: not used for this commodity code
2026-08-30 21:43:25,586 INFO  [default] commodity code: 10 - Advanced load up total energy storage/take capacity (W-hr)
2026-08-30 21:43:25,586 INFO  [default]            source: Estimated
2026-08-30 21:43:25,586 INFO  [default]   cumulative: 12371
2026-08-30 21:43:25,586 INFO  [default]    inst rate: not used for this commodity code
2026-08-30 21:43:25,586 INFO  [default] commodity code: 11 - Advanced load up present energy storage/take capacity (W-hr)
2026-08-30 21:43:25,586 INFO  [default]            source: Estimated
2026-08-30 21:43:25,586 INFO  [default]   cumulative: 5611
2026-08-30 21:43:25,586 INFO  [default]    inst rate: not used for this commodity code
2026-08-30 21:43:25,788 INFO  [default] link ACK received: query_operational_state
2026-08-30 21:43:25,912 INFO  [default] operational state received: 2

Press Enter for a list of commands
2026-08-30 21:43:55,169 INFO  [default] link ACK received: query_operational_state
2026-08-30 21:43:55,294 INFO  [default] operational state received: 2

Press Enter for a list of commands
2026-08-30 21:44:25,555 INFO  [default] link ACK received: get_commodity
2026-08-30 21:44:25,724 INFO  [default] message type supported received: 2
2026-08-30 21:44:25,724 INFO  [default] commodity response received. response code: 0 - success; count: 6
2026-08-30 21:44:25,724 INFO  [default] commodity code: 0 - Electricity consumed (W & W-hr)
2026-08-30 21:44:25,724 INFO  [default]            source: Estimated
2026-08-30 21:44:25,724 INFO  [default]   cumulative: 143000
2026-08-30 21:44:25,724 INFO  [default]    inst rate: 500
2026-08-30 21:44:25,725 INFO  [default] commodity code 8 - Rated max consumption level electricity (W) is not recorded in the commodity CSV
2026-08-30 21:44:25,725 INFO  [default] commodity code: 6 - Total energy storage/take capacity (W-hr)
2026-08-30 21:44:25,725 INFO  [default]            source: Estimated
2026-08-30 21:44:25,725 INFO  [default]   cumulative: 9190
2026-08-30 21:44:25,725 INFO  [default]    inst rate: not used for this commodity code
2026-08-30 21:44:25,725 INFO  [default] commodity code: 7 - Present energy storage/take capacity (W-hr)
2026-08-30 21:44:25,725 INFO  [default]            source: Estimated
2026-08-30 21:44:25,725 INFO  [default]   cumulative: 2386
2026-08-30 21:44:25,725 INFO  [default]    inst rate: not used for this commodity code
2026-08-30 21:44:25,725 INFO  [default] commodity code: 10 - Advanced load up total energy storage/take capacity (W-hr)
2026-08-30 21:44:25,725 INFO  [default]            source: Estimated
2026-08-30 21:44:25,725 INFO  [default]   cumulative: 12371
2026-08-30 21:44:25,725 INFO  [default]    inst rate: not used for this commodity code
2026-08-30 21:44:25,725 INFO  [default] commodity code: 11 - Advanced load up present energy storage/take capacity (W-hr)
2026-08-30 21:44:25,725 INFO  [default]            source: Estimated
2026-08-30 21:44:25,725 INFO  [default]   cumulative: 5567
2026-08-30 21:44:25,725 INFO  [default]    inst rate: not used for this commodity code
2026-08-30 21:44:25,928 INFO  [default] link ACK received: query_operational_state
2026-08-30 21:44:26,051 INFO  [default] operational state received: 2

Press Enter for a list of commands
2026-08-30 21:44:55,309 INFO  [default] link ACK received: query_operational_state
2026-08-30 21:44:55,432 INFO  [default] operational state received: 2

Press Enter for a list of commands
2026-08-30 21:45:25,689 INFO  [default] link ACK received: get_commodity
2026-08-30 21:45:25,858 INFO  [default] message type supported received: 2
2026-08-30 21:45:25,858 INFO  [default] commodity response received. response code: 0 - success; count: 6
2026-08-30 21:45:25,858 INFO  [default] commodity code: 0 - Electricity consumed (W & W-hr)
2026-08-30 21:45:25,858 INFO  [default]            source: Estimated
2026-08-30 21:45:25,859 INFO  [default]   cumulative: 143000
2026-08-30 21:45:25,859 INFO  [default]    inst rate: 500
2026-08-30 21:45:25,859 INFO  [default] commodity code 8 - Rated max consumption level electricity (W) is not recorded in the commodity CSV
2026-08-30 21:45:25,859 INFO  [default] commodity code: 6 - Total energy storage/take capacity (W-hr)
2026-08-30 21:45:25,859 INFO  [default]            source: Estimated
2026-08-30 21:45:25,859 INFO  [default]   cumulative: 9190
2026-08-30 21:45:25,859 INFO  [default]    inst rate: not used for this commodity code
2026-08-30 21:45:25,859 INFO  [default] commodity code: 7 - Present energy storage/take capacity (W-hr)
2026-08-30 21:45:25,859 INFO  [default]            source: Estimated
2026-08-30 21:45:25,859 INFO  [default]   cumulative: 2341
2026-08-30 21:45:25,859 INFO  [default]    inst rate: not used for this commodity code
2026-08-30 21:45:25,859 INFO  [default] commodity code: 10 - Advanced load up total energy storage/take capacity (W-hr)
2026-08-30 21:45:25,859 INFO  [default]            source: Estimated
2026-08-30 21:45:25,859 INFO  [default]   cumulative: 12371
2026-08-30 21:45:25,859 INFO  [default]    inst rate: not used for this commodity code
2026-08-30 21:45:25,859 INFO  [default] commodity code: 11 - Advanced load up present energy storage/take capacity (W-hr)
2026-08-30 21:45:25,859 INFO  [default]            source: Estimated
2026-08-30 21:45:25,859 INFO  [default]   cumulative: 5523
2026-08-30 21:45:25,859 INFO  [default]    inst rate: not used for this commodity code
2026-08-30 21:45:26,062 INFO  [default] link ACK received: query_operational_state
2026-08-30 21:45:26,185 INFO  [default] operational state received: 2

Press Enter for a list of commands
2026-08-30 21:45:55,444 INFO  [default] link ACK received: query_operational_state
2026-08-30 21:45:55,567 INFO  [default] operational state received: 2

Press Enter for a list of commands
2026-08-30 21:46:25,827 INFO  [default] link ACK received: get_commodity
2026-08-30 21:46:25,995 INFO  [default] message type supported received: 2
2026-08-30 21:46:25,995 INFO  [default] commodity response received. response code: 0 - success; count: 6
2026-08-30 21:46:25,996 INFO  [default] commodity code: 0 - Electricity consumed (W & W-hr)
2026-08-30 21:46:25,996 INFO  [default]            source: Estimated
2026-08-30 21:46:25,996 INFO  [default]   cumulative: 143000
2026-08-30 21:46:25,996 INFO  [default]    inst rate: 500
2026-08-30 21:46:25,996 INFO  [default] commodity code 8 - Rated max consumption level electricity (W) is not recorded in the commodity CSV
2026-08-30 21:46:25,996 INFO  [default] commodity code: 6 - Total energy storage/take capacity (W-hr)
2026-08-30 21:46:25,996 INFO  [default]            source: Estimated
2026-08-30 21:46:25,996 INFO  [default]   cumulative: 9190
2026-08-30 21:46:25,996 INFO  [default]    inst rate: not used for this commodity code
2026-08-30 21:46:25,996 INFO  [default] commodity code: 7 - Present energy storage/take capacity (W-hr)
2026-08-30 21:46:25,996 INFO  [default]            source: Estimated
2026-08-30 21:46:25,996 INFO  [default]   cumulative: 2297
2026-08-30 21:46:25,996 INFO  [default]    inst rate: not used for this commodity code
2026-08-30 21:46:25,996 INFO  [default] commodity code: 10 - Advanced load up total energy storage/take capacity (W-hr)
2026-08-30 21:46:25,996 INFO  [default]            source: Estimated
2026-08-30 21:46:25,996 INFO  [default]   cumulative: 12371
2026-08-30 21:46:25,996 INFO  [default]    inst rate: not used for this commodity code
2026-08-30 21:46:25,996 INFO  [default] commodity code: 11 - Advanced load up present energy storage/take capacity (W-hr)
2026-08-30 21:46:25,996 INFO  [default]            source: Estimated
2026-08-30 21:46:25,996 INFO  [default]   cumulative: 5479
2026-08-30 21:46:25,996 INFO  [default]    inst rate: not used for this commodity code
2026-08-30 21:46:26,199 INFO  [default] link ACK received: query_operational_state
2026-08-30 21:46:26,323 INFO  [default] operational state received: 2

Press Enter for a list of commands
2026-08-30 21:46:55,578 INFO  [default] link ACK received: query_operational_state
2026-08-30 21:46:55,703 INFO  [default] operational state received: 2

Press Enter for a list of commands
2026-08-30 21:47:24,961 INFO  [default] link ACK received: get_commodity
2026-08-30 21:47:25,130 INFO  [default] message type supported received: 2
2026-08-30 21:47:25,130 INFO  [default] commodity response received. response code: 0 - success; count: 6
2026-08-30 21:47:25,130 INFO  [default] commodity code: 0 - Electricity consumed (W & W-hr)
2026-08-30 21:47:25,130 INFO  [default]            source: Estimated
2026-08-30 21:47:25,130 INFO  [default]   cumulative: 143000
2026-08-30 21:47:25,130 INFO  [default]    inst rate: 500
2026-08-30 21:47:25,130 INFO  [default] commodity code 8 - Rated max consumption level electricity (W) is not recorded in the commodity CSV
2026-08-30 21:47:25,130 INFO  [default] commodity code: 6 - Total energy storage/take capacity (W-hr)
2026-08-30 21:47:25,130 INFO  [default]            source: Estimated
2026-08-30 21:47:25,130 INFO  [default]   cumulative: 9190
2026-08-30 21:47:25,130 INFO  [default]    inst rate: not used for this commodity code
2026-08-30 21:47:25,130 INFO  [default] commodity code: 7 - Present energy storage/take capacity (W-hr)
2026-08-30 21:47:25,130 INFO  [default]            source: Estimated
2026-08-30 21:47:25,130 INFO  [default]   cumulative: 2297
2026-08-30 21:47:25,131 INFO  [default]    inst rate: not used for this commodity code
2026-08-30 21:47:25,131 INFO  [default] commodity code: 10 - Advanced load up total energy storage/take capacity (W-hr)
2026-08-30 21:47:25,131 INFO  [default]            source: Estimated
2026-08-30 21:47:25,131 INFO  [default]   cumulative: 12371
2026-08-30 21:47:25,131 INFO  [default]    inst rate: not used for this commodity code
2026-08-30 21:47:25,131 INFO  [default] commodity code: 11 - Advanced load up present energy storage/take capacity (W-hr)
2026-08-30 21:47:25,131 INFO  [default]            source: Estimated
2026-08-30 21:47:25,131 INFO  [default]   cumulative: 5479
2026-08-30 21:47:25,131 INFO  [default]    inst rate: not used for this commodity code
2026-08-30 21:47:25,333 INFO  [default] link ACK received: query_operational_state
2026-08-30 21:47:25,457 INFO  [default] operational state received: 2

Press Enter for a list of commands
2026-08-30 21:47:55,712 INFO  [default] link ACK received: query_operational_state
2026-08-30 21:47:55,835 INFO  [default] operational state received: 2

Press Enter for a list of commands
2026-08-30 21:48:25,093 INFO  [default] link ACK received: get_commodity
2026-08-30 21:48:25,261 INFO  [default] message type supported received: 2
2026-08-30 21:48:25,261 INFO  [default] commodity response received. response code: 0 - success; count: 6
2026-08-30 21:48:25,261 INFO  [default] commodity code: 0 - Electricity consumed (W & W-hr)
2026-08-30 21:48:25,262 INFO  [default]            source: Estimated
2026-08-30 21:48:25,262 INFO  [default]   cumulative: 143000
2026-08-30 21:48:25,262 INFO  [default]    inst rate: 500
2026-08-30 21:48:25,262 INFO  [default] commodity code 8 - Rated max consumption level electricity (W) is not recorded in the commodity CSV
2026-08-30 21:48:25,262 INFO  [default] commodity code: 6 - Total energy storage/take capacity (W-hr)
2026-08-30 21:48:25,262 INFO  [default]            source: Estimated
2026-08-30 21:48:25,262 INFO  [default]   cumulative: 9190
2026-08-30 21:48:25,262 INFO  [default]    inst rate: not used for this commodity code
2026-08-30 21:48:25,262 INFO  [default] commodity code: 7 - Present energy storage/take capacity (W-hr)
2026-08-30 21:48:25,262 INFO  [default]            source: Estimated
2026-08-30 21:48:25,262 INFO  [default]   cumulative: 2275
2026-08-30 21:48:25,262 INFO  [default]    inst rate: not used for this commodity code
2026-08-30 21:48:25,262 INFO  [default] commodity code: 10 - Advanced load up total energy storage/take capacity (W-hr)
2026-08-30 21:48:25,262 INFO  [default]            source: Estimated
2026-08-30 21:48:25,262 INFO  [default]   cumulative: 12371
2026-08-30 21:48:25,262 INFO  [default]    inst rate: not used for this commodity code
2026-08-30 21:48:25,262 INFO  [default] commodity code: 11 - Advanced load up present energy storage/take capacity (W-hr)
2026-08-30 21:48:25,262 INFO  [default]            source: Estimated
2026-08-30 21:48:25,262 INFO  [default]   cumulative: 5456
2026-08-30 21:48:25,262 INFO  [default]    inst rate: not used for this commodity code
2026-08-30 21:48:25,465 INFO  [default] link ACK received: query_operational_state
2026-08-30 21:48:25,588 INFO  [default] operational state received: 2

Press Enter for a list of commands
2026-08-30 21:48:55,845 INFO  [default] link ACK received: query_operational_state
2026-08-30 21:48:55,968 INFO  [default] operational state received: 2

Press Enter for a list of commands
2026-08-30 21:49:25,224 INFO  [default] link ACK received: get_commodity
2026-08-30 21:49:25,392 INFO  [default] message type supported received: 2
2026-08-30 21:49:25,392 INFO  [default] commodity response received. response code: 0 - success; count: 6
2026-08-30 21:49:25,392 INFO  [default] commodity code: 0 - Electricity consumed (W & W-hr)
2026-08-30 21:49:25,392 INFO  [default]            source: Estimated
2026-08-30 21:49:25,393 INFO  [default]   cumulative: 143000
2026-08-30 21:49:25,393 INFO  [default]    inst rate: 500
2026-08-30 21:49:25,393 INFO  [default] commodity code 8 - Rated max consumption level electricity (W) is not recorded in the commodity CSV
2026-08-30 21:49:25,393 INFO  [default] commodity code: 6 - Total energy storage/take capacity (W-hr)
2026-08-30 21:49:25,393 INFO  [default]            source: Estimated
2026-08-30 21:49:25,393 INFO  [default]   cumulative: 9190
2026-08-30 21:49:25,393 INFO  [default]    inst rate: not used for this commodity code
2026-08-30 21:49:25,393 INFO  [default] commodity code: 7 - Present energy storage/take capacity (W-hr)
2026-08-30 21:49:25,393 INFO  [default]            source: Estimated
2026-08-30 21:49:25,393 INFO  [default]   cumulative: 2231
2026-08-30 21:49:25,393 INFO  [default]    inst rate: not used for this commodity code
2026-08-30 21:49:25,393 INFO  [default] commodity code: 10 - Advanced load up total energy storage/take capacity (W-hr)
2026-08-30 21:49:25,393 INFO  [default]            source: Estimated
2026-08-30 21:49:25,393 INFO  [default]   cumulative: 12371
2026-08-30 21:49:25,393 INFO  [default]    inst rate: not used for this commodity code
2026-08-30 21:49:25,393 INFO  [default] commodity code: 11 - Advanced load up present energy storage/take capacity (W-hr)
2026-08-30 21:49:25,393 INFO  [default]            source: Estimated
2026-08-30 21:49:25,393 INFO  [default]   cumulative: 5412
2026-08-30 21:49:25,393 INFO  [default]    inst rate: not used for this commodity code
2026-08-30 21:49:25,596 INFO  [default] link ACK received: query_operational_state
2026-08-30 21:49:25,719 INFO  [default] operational state received: 2

Press Enter for a list of commands
2026-08-30 21:49:54,975 INFO  [default] link ACK received: query_operational_state
2026-08-30 21:49:55,100 INFO  [default] operational state received: 2

Press Enter for a list of commands
1788151825,o,0 (PASSED!)
outside communication found
2026-08-30 21:50:25,358 INFO  [default] link ACK received: outside_communication
2026-08-30 21:50:25,482 INFO  [default] app ack received
2026-08-30 21:50:25,685 INFO  [default] link ACK received: get_commodity
2026-08-30 21:50:25,854 INFO  [default] message type supported received: 2
2026-08-30 21:50:25,854 INFO  [default] commodity response received. response code: 0 - success; count: 6
2026-08-30 21:50:25,854 INFO  [default] commodity code: 0 - Electricity consumed (W & W-hr)
2026-08-30 21:50:25,854 INFO  [default]            source: Estimated
2026-08-30 21:50:25,854 INFO  [default]   cumulative: 143000
2026-08-30 21:50:25,854 INFO  [default]    inst rate: 500
2026-08-30 21:50:25,854 INFO  [default] commodity code 8 - Rated max consumption level electricity (W) is not recorded in the commodity CSV
2026-08-30 21:50:25,854 INFO  [default] commodity code: 6 - Total energy storage/take capacity (W-hr)
2026-08-30 21:50:25,854 INFO  [default]            source: Estimated
2026-08-30 21:50:25,854 INFO  [default]   cumulative: 9190
2026-08-30 21:50:25,854 INFO  [default]    inst rate: not used for this commodity code
2026-08-30 21:50:25,855 INFO  [default] commodity code: 7 - Present energy storage/take capacity (W-hr)
2026-08-30 21:50:25,855 INFO  [default]            source: Estimated
2026-08-30 21:50:25,855 INFO  [default]   cumulative: 2187
2026-08-30 21:50:25,855 INFO  [default]    inst rate: not used for this commodity code
2026-08-30 21:50:25,855 INFO  [default] commodity code: 10 - Advanced load up total energy storage/take capacity (W-hr)
2026-08-30 21:50:25,855 INFO  [default]            source: Estimated
2026-08-30 21:50:25,855 INFO  [default]   cumulative: 12371
2026-08-30 21:50:25,855 INFO  [default]    inst rate: not used for this commodity code
2026-08-30 21:50:25,855 INFO  [default] commodity code: 11 - Advanced load up present energy storage/take capacity (W-hr)
2026-08-30 21:50:25,855 INFO  [default]            source: Estimated
2026-08-30 21:50:25,855 INFO  [default]   cumulative: 5368
2026-08-30 21:50:25,855 INFO  [default]    inst rate: not used for this commodity code
2026-08-30 21:50:26,057 INFO  [default] link ACK received: query_operational_state
2026-08-30 21:50:26,181 INFO  [default] operational state received: 2

Press Enter for a list of commands
2026-08-30 21:50:55,439 INFO  [default] link ACK received: query_operational_state
2026-08-30 21:50:55,562 INFO  [default] operational state received: 2

Press Enter for a list of commands
2026-08-30 21:51:25,826 INFO  [default] link ACK received: get_commodity
2026-08-30 21:51:25,995 INFO  [default] message type supported received: 2
2026-08-30 21:51:25,995 INFO  [default] commodity response received. response code: 0 - success; count: 6
2026-08-30 21:51:25,995 INFO  [default] commodity code: 0 - Electricity consumed (W & W-hr)
2026-08-30 21:51:25,996 INFO  [default]            source: Estimated
2026-08-30 21:51:25,996 INFO  [default]   cumulative: 143000
2026-08-30 21:51:25,996 INFO  [default]    inst rate: 500
2026-08-30 21:51:25,996 INFO  [default] commodity code 8 - Rated max consumption level electricity (W) is not recorded in the commodity CSV
2026-08-30 21:51:25,996 INFO  [default] commodity code: 6 - Total energy storage/take capacity (W-hr)
2026-08-30 21:51:25,996 INFO  [default]            source: Estimated
2026-08-30 21:51:25,996 INFO  [default]   cumulative: 9190
2026-08-30 21:51:25,996 INFO  [default]    inst rate: not used for this commodity code
2026-08-30 21:51:25,996 INFO  [default] commodity code: 7 - Present energy storage/take capacity (W-hr)
2026-08-30 21:51:25,996 INFO  [default]            source: Estimated
2026-08-30 21:51:25,996 INFO  [default]   cumulative: 2165
2026-08-30 21:51:25,996 INFO  [default]    inst rate: not used for this commodity code
2026-08-30 21:51:25,996 INFO  [default] commodity code: 10 - Advanced load up total energy storage/take capacity (W-hr)
2026-08-30 21:51:25,996 INFO  [default]            source: Estimated
2026-08-30 21:51:25,996 INFO  [default]   cumulative: 12371
2026-08-30 21:51:25,997 INFO  [default]    inst rate: not used for this commodity code
2026-08-30 21:51:25,997 INFO  [default] commodity code: 11 - Advanced load up present energy storage/take capacity (W-hr)
2026-08-30 21:51:25,997 INFO  [default]            source: Estimated
2026-08-30 21:51:25,997 INFO  [default]   cumulative: 5346
2026-08-30 21:51:25,997 INFO  [default]    inst rate: not used for this commodity code
2026-08-30 21:51:26,200 INFO  [default] link ACK received: query_operational_state
2026-08-30 21:51:26,323 INFO  [default] operational state received: 4

Press Enter for a list of commands
2026-08-30 21:51:55,582 INFO  [default] link ACK received: query_operational_state
2026-08-30 21:51:55,706 INFO  [default] operational state received: 4

Press Enter for a list of commands
2026-08-30 21:52:24,966 INFO  [default] link ACK received: get_commodity
2026-08-30 21:52:25,134 INFO  [default] message type supported received: 2
2026-08-30 21:52:25,134 INFO  [default] commodity response received. response code: 0 - success; count: 6
2026-08-30 21:52:25,134 INFO  [default] commodity code: 0 - Electricity consumed (W & W-hr)
2026-08-30 21:52:25,134 INFO  [default]            source: Estimated
2026-08-30 21:52:25,134 INFO  [default]   cumulative: 143000
2026-08-30 21:52:25,134 INFO  [default]    inst rate: 0
2026-08-30 21:52:25,134 INFO  [default] commodity code 8 - Rated max consumption level electricity (W) is not recorded in the commodity CSV
2026-08-30 21:52:25,134 INFO  [default] commodity code: 6 - Total energy storage/take capacity (W-hr)
2026-08-30 21:52:25,134 INFO  [default]            source: Estimated
2026-08-30 21:52:25,134 INFO  [default]   cumulative: 9190
2026-08-30 21:52:25,134 INFO  [default]    inst rate: not used for this commodity code
2026-08-30 21:52:25,134 INFO  [default] commodity code: 7 - Present energy storage/take capacity (W-hr)
2026-08-30 21:52:25,135 INFO  [default]            source: Estimated
2026-08-30 21:52:25,135 INFO  [default]   cumulative: 2076
2026-08-30 21:52:25,135 INFO  [default]    inst rate: not used for this commodity code
2026-08-30 21:52:25,135 INFO  [default] commodity code: 10 - Advanced load up total energy storage/take capacity (W-hr)
2026-08-30 21:52:25,135 INFO  [default]            source: Estimated
2026-08-30 21:52:25,135 INFO  [default]   cumulative: 12371
2026-08-30 21:52:25,135 INFO  [default]    inst rate: not used for this commodity code
2026-08-30 21:52:25,135 INFO  [default] commodity code: 11 - Advanced load up present energy storage/take capacity (W-hr)
2026-08-30 21:52:25,135 INFO  [default]            source: Estimated
2026-08-30 21:52:25,135 INFO  [default]   cumulative: 5258
2026-08-30 21:52:25,135 INFO  [default]    inst rate: not used for this commodity code
2026-08-30 21:52:25,337 INFO  [default] link ACK received: query_operational_state
2026-08-30 21:52:25,462 INFO  [default] operational state received: 4

Press Enter for a list of commands
2026-08-30 21:52:55,625 INFO  [default] link ACK received: query_operational_state
2026-08-30 21:52:55,749 INFO  [default] operational state received: 4

Press Enter for a list of commands
2026-08-30 21:53:25,009 INFO  [default] link ACK received: get_commodity
2026-08-30 21:53:25,176 INFO  [default] message type supported received: 2
2026-08-30 21:53:25,177 INFO  [default] commodity response received. response code: 0 - success; count: 6
2026-08-30 21:53:25,177 INFO  [default] commodity code: 0 - Electricity consumed (W & W-hr)
2026-08-30 21:53:25,177 INFO  [default]            source: Estimated
2026-08-30 21:53:25,177 INFO  [default]   cumulative: 143000
2026-08-30 21:53:25,177 INFO  [default]    inst rate: 0
2026-08-30 21:53:25,177 INFO  [default] commodity code 8 - Rated max consumption level electricity (W) is not recorded in the commodity CSV
2026-08-30 21:53:25,177 INFO  [default] commodity code: 6 - Total energy storage/take capacity (W-hr)
2026-08-30 21:53:25,177 INFO  [default]            source: Estimated
2026-08-30 21:53:25,178 INFO  [default]   cumulative: 9190
2026-08-30 21:53:25,178 INFO  [default]    inst rate: not used for this commodity code
2026-08-30 21:53:25,178 INFO  [default] commodity code: 7 - Present energy storage/take capacity (W-hr)
2026-08-30 21:53:25,178 INFO  [default]            source: Estimated
2026-08-30 21:53:25,178 INFO  [default]   cumulative: 2076
2026-08-30 21:53:25,178 INFO  [default]    inst rate: not used for this commodity code
2026-08-30 21:53:25,178 INFO  [default] commodity code: 10 - Advanced load up total energy storage/take capacity (W-hr)
2026-08-30 21:53:25,178 INFO  [default]            source: Estimated
2026-08-30 21:53:25,178 INFO  [default]   cumulative: 12371
2026-08-30 21:53:25,178 INFO  [default]    inst rate: not used for this commodity code
2026-08-30 21:53:25,178 INFO  [default] commodity code: 11 - Advanced load up present energy storage/take capacity (W-hr)
2026-08-30 21:53:25,178 INFO  [default]            source: Estimated
2026-08-30 21:53:25,178 INFO  [default]   cumulative: 5258
2026-08-30 21:53:25,179 INFO  [default]    inst rate: not used for this commodity code
2026-08-30 21:53:25,381 INFO  [default] link ACK received: query_operational_state
2026-08-30 21:53:25,505 INFO  [default] operational state received: 4

Press Enter for a list of commands
2026-08-30 21:53:55,765 INFO  [default] link ACK received: query_operational_state
2026-08-30 21:53:55,890 INFO  [default] operational state received: 4

Press Enter for a list of commands
2026-08-30 21:54:25,049 INFO  [default] link ACK received: get_commodity
2026-08-30 21:54:25,218 INFO  [default] message type supported received: 2
2026-08-30 21:54:25,219 INFO  [default] commodity response received. response code: 0 - success; count: 6
2026-08-30 21:54:25,219 INFO  [default] commodity code: 0 - Electricity consumed (W & W-hr)
2026-08-30 21:54:25,219 INFO  [default]            source: Estimated
2026-08-30 21:54:25,219 INFO  [default]   cumulative: 143000
2026-08-30 21:54:25,219 INFO  [default]    inst rate: 0
2026-08-30 21:54:25,219 INFO  [default] commodity code 8 - Rated max consumption level electricity (W) is not recorded in the commodity CSV
2026-08-30 21:54:25,220 INFO  [default] commodity code: 6 - Total energy storage/take capacity (W-hr)
2026-08-30 21:54:25,220 INFO  [default]            source: Estimated
2026-08-30 21:54:25,220 INFO  [default]   cumulative: 9190
2026-08-30 21:54:25,220 INFO  [default]    inst rate: not used for this commodity code
2026-08-30 21:54:25,220 INFO  [default] commodity code: 7 - Present energy storage/take capacity (W-hr)
2026-08-30 21:54:25,220 INFO  [default]            source: Estimated
2026-08-30 21:54:25,220 INFO  [default]   cumulative: 2054
2026-08-30 21:54:25,220 INFO  [default]    inst rate: not used for this commodity code
2026-08-30 21:54:25,220 INFO  [default] commodity code: 10 - Advanced load up total energy storage/take capacity (W-hr)
2026-08-30 21:54:25,220 INFO  [default]            source: Estimated
2026-08-30 21:54:25,220 INFO  [default]   cumulative: 12371
2026-08-30 21:54:25,220 INFO  [default]    inst rate: not used for this commodity code
2026-08-30 21:54:25,221 INFO  [default] commodity code: 11 - Advanced load up present energy storage/take capacity (W-hr)
2026-08-30 21:54:25,221 INFO  [default]            source: Estimated
2026-08-30 21:54:25,221 INFO  [default]   cumulative: 5235
2026-08-30 21:54:25,221 INFO  [default]    inst rate: not used for this commodity code
2026-08-30 21:54:25,424 INFO  [default] link ACK received: query_operational_state
2026-08-30 21:54:25,548 INFO  [default] operational state received: 4

Press Enter for a list of commands
2026-08-30 21:54:55,807 INFO  [default] link ACK received: query_operational_state
2026-08-30 21:54:55,931 INFO  [default] operational state received: 4

Press Enter for a list of commands
2026-08-30 21:55:25,189 INFO  [default] link ACK received: get_commodity
2026-08-30 21:55:25,357 INFO  [default] message type supported received: 2
2026-08-30 21:55:25,357 INFO  [default] commodity response received. response code: 0 - success; count: 6
2026-08-30 21:55:25,358 INFO  [default] commodity code: 0 - Electricity consumed (W & W-hr)
2026-08-30 21:55:25,358 INFO  [default]            source: Estimated
2026-08-30 21:55:25,358 INFO  [default]   cumulative: 143000
2026-08-30 21:55:25,358 INFO  [default]    inst rate: 0
2026-08-30 21:55:25,358 INFO  [default] commodity code 8 - Rated max consumption level electricity (W) is not recorded in the commodity CSV
2026-08-30 21:55:25,358 INFO  [default] commodity code: 6 - Total energy storage/take capacity (W-hr)
2026-08-30 21:55:25,358 INFO  [default]            source: Estimated
2026-08-30 21:55:25,358 INFO  [default]   cumulative: 9190
2026-08-30 21:55:25,358 INFO  [default]    inst rate: not used for this commodity code
2026-08-30 21:55:25,358 INFO  [default] commodity code: 7 - Present energy storage/take capacity (W-hr)
2026-08-30 21:55:25,358 INFO  [default]            source: Estimated
2026-08-30 21:55:25,358 INFO  [default]   cumulative: 2098
2026-08-30 21:55:25,359 INFO  [default]    inst rate: not used for this commodity code
2026-08-30 21:55:25,359 INFO  [default] commodity code: 10 - Advanced load up total energy storage/take capacity (W-hr)
2026-08-30 21:55:25,359 INFO  [default]            source: Estimated
2026-08-30 21:55:25,359 INFO  [default]   cumulative: 12371
2026-08-30 21:55:25,359 INFO  [default]    inst rate: not used for this commodity code
2026-08-30 21:55:25,359 INFO  [default] commodity code: 11 - Advanced load up present energy storage/take capacity (W-hr)
2026-08-30 21:55:25,359 INFO  [default]            source: Estimated
2026-08-30 21:55:25,359 INFO  [default]   cumulative: 5280
2026-08-30 21:55:25,359 INFO  [default]    inst rate: not used for this commodity code
2026-08-30 21:55:25,562 INFO  [default] link ACK received: query_operational_state
2026-08-30 21:55:25,687 INFO  [default] operational state received: 4

Press Enter for a list of commands
2026-08-30 21:55:54,847 INFO  [default] link ACK received: query_operational_state
2026-08-30 21:55:54,971 INFO  [default] operational state received: 4

Press Enter for a list of commands
2026-08-30 21:56:25,231 INFO  [default] link ACK received: get_commodity
2026-08-30 21:56:25,400 INFO  [default] message type supported received: 2
2026-08-30 21:56:25,400 INFO  [default] commodity response received. response code: 0 - success; count: 6
2026-08-30 21:56:25,401 INFO  [default] commodity code: 0 - Electricity consumed (W & W-hr)
2026-08-30 21:56:25,401 INFO  [default]            source: Estimated
2026-08-30 21:56:25,401 INFO  [default]   cumulative: 143000
2026-08-30 21:56:25,401 INFO  [default]    inst rate: 0
2026-08-30 21:56:25,401 INFO  [default] commodity code 8 - Rated max consumption level electricity (W) is not recorded in the commodity CSV
2026-08-30 21:56:25,401 INFO  [default] commodity code: 6 - Total energy storage/take capacity (W-hr)
2026-08-30 21:56:25,402 INFO  [default]            source: Estimated
2026-08-30 21:56:25,402 INFO  [default]   cumulative: 9190
2026-08-30 21:56:25,402 INFO  [default]    inst rate: not used for this commodity code
2026-08-30 21:56:25,402 INFO  [default] commodity code: 7 - Present energy storage/take capacity (W-hr)
2026-08-30 21:56:25,402 INFO  [default]            source: Estimated
2026-08-30 21:56:25,402 INFO  [default]   cumulative: 2165
2026-08-30 21:56:25,402 INFO  [default]    inst rate: not used for this commodity code
2026-08-30 21:56:25,402 INFO  [default] commodity code: 10 - Advanced load up total energy storage/take capacity (W-hr)
2026-08-30 21:56:25,403 INFO  [default]            source: Estimated
2026-08-30 21:56:25,403 INFO  [default]   cumulative: 12371
2026-08-30 21:56:25,403 INFO  [default]    inst rate: not used for this commodity code
2026-08-30 21:56:25,403 INFO  [default] commodity code: 11 - Advanced load up present energy storage/take capacity (W-hr)
2026-08-30 21:56:25,403 INFO  [default]            source: Estimated
2026-08-30 21:56:25,403 INFO  [default]   cumulative: 5346
2026-08-30 21:56:25,403 INFO  [default]    inst rate: not used for this commodity code
2026-08-30 21:56:25,606 INFO  [default] link ACK received: query_operational_state
2026-08-30 21:56:25,730 INFO  [default] operational state received: 4

Press Enter for a list of commands
2026-08-30 21:56:54,990 INFO  [default] link ACK received: query_operational_state
2026-08-30 21:56:55,114 INFO  [default] operational state received: 4

Press Enter for a list of commands
2026-08-30 21:57:25,276 INFO  [default] link ACK received: get_commodity
2026-08-30 21:57:25,444 INFO  [default] message type supported received: 2
2026-08-30 21:57:25,444 INFO  [default] commodity response received. response code: 0 - success; count: 6
2026-08-30 21:57:25,444 INFO  [default] commodity code: 0 - Electricity consumed (W & W-hr)
2026-08-30 21:57:25,445 INFO  [default]            source: Estimated
2026-08-30 21:57:25,445 INFO  [default]   cumulative: 143000
2026-08-30 21:57:25,445 INFO  [default]    inst rate: 0
2026-08-30 21:57:25,445 INFO  [default] commodity code 8 - Rated max consumption level electricity (W) is not recorded in the commodity CSV
2026-08-30 21:57:25,445 INFO  [default] commodity code: 6 - Total energy storage/take capacity (W-hr)
2026-08-30 21:57:25,445 INFO  [default]            source: Estimated
2026-08-30 21:57:25,445 INFO  [default]   cumulative: 9190
2026-08-30 21:57:25,445 INFO  [default]    inst rate: not used for this commodity code
2026-08-30 21:57:25,445 INFO  [default] commodity code: 7 - Present energy storage/take capacity (W-hr)
2026-08-30 21:57:25,445 INFO  [default]            source: Estimated
2026-08-30 21:57:25,445 INFO  [default]   cumulative: 2408
2026-08-30 21:57:25,445 INFO  [default]    inst rate: not used for this commodity code
2026-08-30 21:57:25,445 INFO  [default] commodity code: 10 - Advanced load up total energy storage/take capacity (W-hr)
2026-08-30 21:57:25,445 INFO  [default]            source: Estimated
2026-08-30 21:57:25,445 INFO  [default]   cumulative: 12371
2026-08-30 21:57:25,445 INFO  [default]    inst rate: not used for this commodity code
2026-08-30 21:57:25,445 INFO  [default] commodity code: 11 - Advanced load up present energy storage/take capacity (W-hr)
2026-08-30 21:57:25,445 INFO  [default]            source: Estimated
2026-08-30 21:57:25,445 INFO  [default]   cumulative: 5589
2026-08-30 21:57:25,445 INFO  [default]    inst rate: not used for this commodity code
2026-08-30 21:57:25,648 INFO  [default] link ACK received: query_operational_state
2026-08-30 21:57:25,772 INFO  [default] operational state received: 4

Press Enter for a list of commands
2026-08-30 21:57:54,932 INFO  [default] link ACK received: query_operational_state
2026-08-30 21:57:55,056 INFO  [default] operational state received: 4

Press Enter for a list of commands
2026-08-30 21:58:25,317 INFO  [default] link ACK received: get_commodity
2026-08-30 21:58:25,486 INFO  [default] message type supported received: 2
2026-08-30 21:58:25,486 INFO  [default] commodity response received. response code: 0 - success; count: 6
2026-08-30 21:58:25,486 INFO  [default] commodity code: 0 - Electricity consumed (W & W-hr)
2026-08-30 21:58:25,486 INFO  [default]            source: Estimated
2026-08-30 21:58:25,486 INFO  [default]   cumulative: 143000
2026-08-30 21:58:25,487 INFO  [default]    inst rate: 0
2026-08-30 21:58:25,487 INFO  [default] commodity code 8 - Rated max consumption level electricity (W) is not recorded in the commodity CSV
2026-08-30 21:58:25,487 INFO  [default] commodity code: 6 - Total energy storage/take capacity (W-hr)
2026-08-30 21:58:25,487 INFO  [default]            source: Estimated
2026-08-30 21:58:25,487 INFO  [default]   cumulative: 9190
2026-08-30 21:58:25,487 INFO  [default]    inst rate: not used for this commodity code
2026-08-30 21:58:25,487 INFO  [default] commodity code: 7 - Present energy storage/take capacity (W-hr)
2026-08-30 21:58:25,487 INFO  [default]            source: Estimated
2026-08-30 21:58:25,487 INFO  [default]   cumulative: 2849
2026-08-30 21:58:25,487 INFO  [default]    inst rate: not used for this commodity code
2026-08-30 21:58:25,487 INFO  [default] commodity code: 10 - Advanced load up total energy storage/take capacity (W-hr)
2026-08-30 21:58:25,487 INFO  [default]            source: Estimated
2026-08-30 21:58:25,487 INFO  [default]   cumulative: 12371
2026-08-30 21:58:25,487 INFO  [default]    inst rate: not used for this commodity code
2026-08-30 21:58:25,487 INFO  [default] commodity code: 11 - Advanced load up present energy storage/take capacity (W-hr)
2026-08-30 21:58:25,487 INFO  [default]            source: Estimated
2026-08-30 21:58:25,487 INFO  [default]   cumulative: 6031
2026-08-30 21:58:25,487 INFO  [default]    inst rate: not used for this commodity code
2026-08-30 21:58:25,689 INFO  [default] link ACK received: query_operational_state
2026-08-30 21:58:25,814 INFO  [default] operational state received: 4

Press Enter for a list of commands
2026-08-30 21:58:55,076 INFO  [default] link ACK received: query_operational_state
2026-08-30 21:58:55,199 INFO  [default] operational state received: 4

Press Enter for a list of commands
2026-08-30 21:59:25,459 INFO  [default] link ACK received: get_commodity
2026-08-30 21:59:25,627 INFO  [default] message type supported received: 2
2026-08-30 21:59:25,628 INFO  [default] commodity response received. response code: 0 - success; count: 6
2026-08-30 21:59:25,628 INFO  [default] commodity code: 0 - Electricity consumed (W & W-hr)
2026-08-30 21:59:25,628 INFO  [default]            source: Estimated
2026-08-30 21:59:25,628 INFO  [default]   cumulative: 143000
2026-08-30 21:59:25,629 INFO  [default]    inst rate: 0
2026-08-30 21:59:25,629 INFO  [default] commodity code 8 - Rated max consumption level electricity (W) is not recorded in the commodity CSV
2026-08-30 21:59:25,629 INFO  [default] commodity code: 6 - Total energy storage/take capacity (W-hr)
2026-08-30 21:59:25,629 INFO  [default]            source: Estimated
2026-08-30 21:59:25,629 INFO  [default]   cumulative: 9190
2026-08-30 21:59:25,629 INFO  [default]    inst rate: not used for this commodity code
2026-08-30 21:59:25,629 INFO  [default] commodity code: 7 - Present energy storage/take capacity (W-hr)
2026-08-30 21:59:25,630 INFO  [default]            source: Estimated
2026-08-30 21:59:25,630 INFO  [default]   cumulative: 3380
2026-08-30 21:59:25,630 INFO  [default]    inst rate: not used for this commodity code
2026-08-30 21:59:25,630 INFO  [default] commodity code: 10 - Advanced load up total energy storage/take capacity (W-hr)
2026-08-30 21:59:25,630 INFO  [default]            source: Estimated
2026-08-30 21:59:25,630 INFO  [default]   cumulative: 12371
2026-08-30 21:59:25,630 INFO  [default]    inst rate: not used for this commodity code
2026-08-30 21:59:25,630 INFO  [default] commodity code: 11 - Advanced load up present energy storage/take capacity (W-hr)
2026-08-30 21:59:25,631 INFO  [default]            source: Estimated
2026-08-30 21:59:25,631 INFO  [default]   cumulative: 6561
2026-08-30 21:59:25,631 INFO  [default]    inst rate: not used for this commodity code
2026-08-30 21:59:25,836 INFO  [default] link ACK received: query_operational_state
2026-08-30 21:59:25,959 INFO  [default] operational state received: 4

Press Enter for a list of commands
2026-08-30 21:59:55,218 INFO  [default] link ACK received: query_operational_state
2026-08-30 21:59:55,343 INFO  [default] operational state received: 4

Press Enter for a list of commands
1788152425,o,0 (PASSED!)
outside communication found
2026-08-30 22:00:25,505 INFO  [default] link ACK received: outside_communication
2026-08-30 22:00:25,628 INFO  [default] app ack received
2026-08-30 22:00:25,832 INFO  [default] link ACK received: get_commodity
2026-08-30 22:00:25,999 INFO  [default] message type supported received: 2
2026-08-30 22:00:26,000 INFO  [default] commodity response received. response code: 0 - success; count: 6
2026-08-30 22:00:26,000 INFO  [default] commodity code: 0 - Electricity consumed (W & W-hr)
2026-08-30 22:00:26,000 INFO  [default]            source: Estimated
2026-08-30 22:00:26,000 INFO  [default]   cumulative: 143000
2026-08-30 22:00:26,000 INFO  [default]    inst rate: 0
2026-08-30 22:00:26,000 INFO  [default] commodity code 8 - Rated max consumption level electricity (W) is not recorded in the commodity CSV
2026-08-30 22:00:26,000 INFO  [default] commodity code: 6 - Total energy storage/take capacity (W-hr)
2026-08-30 22:00:26,001 INFO  [default]            source: Estimated
2026-08-30 22:00:26,001 INFO  [default]   cumulative: 9190
2026-08-30 22:00:26,001 INFO  [default]    inst rate: not used for this commodity code
2026-08-30 22:00:26,001 INFO  [default] commodity code: 7 - Present energy storage/take capacity (W-hr)
2026-08-30 22:00:26,001 INFO  [default]            source: Estimated
2026-08-30 22:00:26,001 INFO  [default]   cumulative: 3844
2026-08-30 22:00:26,001 INFO  [default]    inst rate: not used for this commodity code
2026-08-30 22:00:26,001 INFO  [default] commodity code: 10 - Advanced load up total energy storage/take capacity (W-hr)
2026-08-30 22:00:26,001 INFO  [default]            source: Estimated
2026-08-30 22:00:26,001 INFO  [default]   cumulative: 12371
2026-08-30 22:00:26,001 INFO  [default]    inst rate: not used for this commodity code
2026-08-30 22:00:26,001 INFO  [default] commodity code: 11 - Advanced load up present energy storage/take capacity (W-hr)
2026-08-30 22:00:26,001 INFO  [default]            source: Estimated
2026-08-30 22:00:26,002 INFO  [default]   cumulative: 7025
2026-08-30 22:00:26,002 INFO  [default]    inst rate: not used for this commodity code
2026-08-30 22:00:26,204 INFO  [default] link ACK received: query_operational_state
2026-08-30 22:00:26,328 INFO  [default] operational state received: 4

Press Enter for a list of commands
2026-08-30 22:00:55,586 INFO  [default] link ACK received: query_operational_state
2026-08-30 22:00:55,710 INFO  [default] operational state received: 4

Press Enter for a list of commands
2026-08-30 22:01:24,872 INFO  [default] link ACK received: get_commodity
2026-08-30 22:01:25,041 INFO  [default] message type supported received: 2
2026-08-30 22:01:25,041 INFO  [default] commodity response received. response code: 0 - success; count: 6
2026-08-30 22:01:25,042 INFO  [default] commodity code: 0 - Electricity consumed (W & W-hr)
2026-08-30 22:01:25,042 INFO  [default]            source: Estimated
2026-08-30 22:01:25,042 INFO  [default]   cumulative: 143000
2026-08-30 22:01:25,042 INFO  [default]    inst rate: 0
2026-08-30 22:01:25,042 INFO  [default] commodity code 8 - Rated max consumption level electricity (W) is not recorded in the commodity CSV
2026-08-30 22:01:25,042 INFO  [default] commodity code: 6 - Total energy storage/take capacity (W-hr)
2026-08-30 22:01:25,042 INFO  [default]            source: Estimated
2026-08-30 22:01:25,042 INFO  [default]   cumulative: 9190
2026-08-30 22:01:25,042 INFO  [default]    inst rate: not used for this commodity code
2026-08-30 22:01:25,042 INFO  [default] commodity code: 7 - Present energy storage/take capacity (W-hr)
2026-08-30 22:01:25,042 INFO  [default]            source: Estimated
2026-08-30 22:01:25,042 INFO  [default]   cumulative: 4219
2026-08-30 22:01:25,042 INFO  [default]    inst rate: not used for this commodity code
2026-08-30 22:01:25,042 INFO  [default] commodity code: 10 - Advanced load up total energy storage/take capacity (W-hr)
2026-08-30 22:01:25,043 INFO  [default]            source: Estimated
2026-08-30 22:01:25,043 INFO  [default]   cumulative: 12371
2026-08-30 22:01:25,043 INFO  [default]    inst rate: not used for this commodity code
2026-08-30 22:01:25,043 INFO  [default] commodity code: 11 - Advanced load up present energy storage/take capacity (W-hr)
2026-08-30 22:01:25,043 INFO  [default]            source: Estimated
2026-08-30 22:01:25,043 INFO  [default]   cumulative: 7401
2026-08-30 22:01:25,043 INFO  [default]    inst rate: not used for this commodity code
2026-08-30 22:01:25,245 INFO  [default] link ACK received: query_operational_state
2026-08-30 22:01:25,368 INFO  [default] operational state received: 4

Press Enter for a list of commands
2026-08-30 22:01:55,627 INFO  [default] link ACK received: query_operational_state
2026-08-30 22:01:55,751 INFO  [default] operational state received: 4

Press Enter for a list of commands
2026-08-30 22:02:25,011 INFO  [default] link ACK received: get_commodity
2026-08-30 22:02:25,179 INFO  [default] message type supported received: 2
2026-08-30 22:02:25,180 INFO  [default] commodity response received. response code: 0 - success; count: 6
2026-08-30 22:02:25,180 INFO  [default] commodity code: 0 - Electricity consumed (W & W-hr)
2026-08-30 22:02:25,180 INFO  [default]            source: Estimated
2026-08-30 22:02:25,180 INFO  [default]   cumulative: 143000
2026-08-30 22:02:25,180 INFO  [default]    inst rate: 0
2026-08-30 22:02:25,180 INFO  [default] commodity code 8 - Rated max consumption level electricity (W) is not recorded in the commodity CSV
2026-08-30 22:02:25,180 INFO  [default] commodity code: 6 - Total energy storage/take capacity (W-hr)
2026-08-30 22:02:25,180 INFO  [default]            source: Estimated
2026-08-30 22:02:25,180 INFO  [default]   cumulative: 9190
2026-08-30 22:02:25,180 INFO  [default]    inst rate: not used for this commodity code
2026-08-30 22:02:25,181 INFO  [default] commodity code: 7 - Present energy storage/take capacity (W-hr)
2026-08-30 22:02:25,181 INFO  [default]            source: Estimated
2026-08-30 22:02:25,181 INFO  [default]   cumulative: 4418
2026-08-30 22:02:25,181 INFO  [default]    inst rate: not used for this commodity code
2026-08-30 22:02:25,181 INFO  [default] commodity code: 10 - Advanced load up total energy storage/take capacity (W-hr)
2026-08-30 22:02:25,181 INFO  [default]            source: Estimated
2026-08-30 22:02:25,181 INFO  [default]   cumulative: 12371
2026-08-30 22:02:25,181 INFO  [default]    inst rate: not used for this commodity code
2026-08-30 22:02:25,181 INFO  [default] commodity code: 11 - Advanced load up present energy storage/take capacity (W-hr)
2026-08-30 22:02:25,181 INFO  [default]            source: Estimated
2026-08-30 22:02:25,181 INFO  [default]   cumulative: 7599
2026-08-30 22:02:25,181 INFO  [default]    inst rate: not used for this commodity code
2026-08-30 22:02:25,385 INFO  [default] link ACK received: query_operational_state
2026-08-30 22:02:25,508 INFO  [default] operational state received: 4

Press Enter for a list of commands
2026-08-30 22:02:55,669 INFO  [default] link ACK received: query_operational_state
2026-08-30 22:02:55,793 INFO  [default] operational state received: 4

Press Enter for a list of commands
2026-08-30 22:03:25,052 INFO  [default] link ACK received: get_commodity
2026-08-30 22:03:25,221 INFO  [default] message type supported received: 2
2026-08-30 22:03:25,221 INFO  [default] commodity response received. response code: 0 - success; count: 6
2026-08-30 22:03:25,221 INFO  [default] commodity code: 0 - Electricity consumed (W & W-hr)
2026-08-30 22:03:25,221 INFO  [default]            source: Estimated
2026-08-30 22:03:25,221 INFO  [default]   cumulative: 143000
2026-08-30 22:03:25,221 INFO  [default]    inst rate: 0
2026-08-30 22:03:25,221 INFO  [default] commodity code 8 - Rated max consumption level electricity (W) is not recorded in the commodity CSV
2026-08-30 22:03:25,222 INFO  [default] commodity code: 6 - Total energy storage/take capacity (W-hr)
2026-08-30 22:03:25,222 INFO  [default]            source: Estimated
2026-08-30 22:03:25,222 INFO  [default]   cumulative: 9190
2026-08-30 22:03:25,222 INFO  [default]    inst rate: not used for this commodity code
2026-08-30 22:03:25,222 INFO  [default] commodity code: 7 - Present energy storage/take capacity (W-hr)
2026-08-30 22:03:25,222 INFO  [default]            source: Estimated
2026-08-30 22:03:25,222 INFO  [default]   cumulative: 4683
2026-08-30 22:03:25,222 INFO  [default]    inst rate: not used for this commodity code
2026-08-30 22:03:25,222 INFO  [default] commodity code: 10 - Advanced load up total energy storage/take capacity (W-hr)
2026-08-30 22:03:25,222 INFO  [default]            source: Estimated
2026-08-30 22:03:25,222 INFO  [default]   cumulative: 12371
2026-08-30 22:03:25,222 INFO  [default]    inst rate: not used for this commodity code
2026-08-30 22:03:25,222 INFO  [default] commodity code: 11 - Advanced load up present energy storage/take capacity (W-hr)
2026-08-30 22:03:25,222 INFO  [default]            source: Estimated
2026-08-30 22:03:25,222 INFO  [default]   cumulative: 7865
2026-08-30 22:03:25,222 INFO  [default]    inst rate: not used for this commodity code
2026-08-30 22:03:25,424 INFO  [default] link ACK received: query_operational_state
2026-08-30 22:03:25,547 INFO  [default] operational state received: 2

Press Enter for a list of commands
2026-08-30 22:03:55,708 INFO  [default] link ACK received: query_operational_state
2026-08-30 22:03:55,832 INFO  [default] operational state received: 2

Press Enter for a list of commands
2026-08-30 22:04:25,096 INFO  [default] link ACK received: get_commodity
2026-08-30 22:04:25,265 INFO  [default] message type supported received: 2
2026-08-30 22:04:25,265 INFO  [default] commodity response received. response code: 0 - success; count: 6
2026-08-30 22:04:25,265 INFO  [default] commodity code: 0 - Electricity consumed (W & W-hr)
2026-08-30 22:04:25,265 INFO  [default]            source: Estimated
2026-08-30 22:04:25,265 INFO  [default]   cumulative: 143000
2026-08-30 22:04:25,266 INFO  [default]    inst rate: 0
2026-08-30 22:04:25,266 INFO  [default] commodity code 8 - Rated max consumption level electricity (W) is not recorded in the commodity CSV
2026-08-30 22:04:25,266 INFO  [default] commodity code: 6 - Total energy storage/take capacity (W-hr)
2026-08-30 22:04:25,266 INFO  [default]            source: Estimated
2026-08-30 22:04:25,266 INFO  [default]   cumulative: 9190
2026-08-30 22:04:25,266 INFO  [default]    inst rate: not used for this commodity code
2026-08-30 22:04:25,266 INFO  [default] commodity code: 7 - Present energy storage/take capacity (W-hr)
2026-08-30 22:04:25,266 INFO  [default]            source: Estimated
2026-08-30 22:04:25,266 INFO  [default]   cumulative: 4794
2026-08-30 22:04:25,266 INFO  [default]    inst rate: not used for this commodity code
2026-08-30 22:04:25,266 INFO  [default] commodity code: 10 - Advanced load up total energy storage/take capacity (W-hr)
2026-08-30 22:04:25,266 INFO  [default]            source: Estimated
2026-08-30 22:04:25,266 INFO  [default]   cumulative: 12371
2026-08-30 22:04:25,266 INFO  [default]    inst rate: not used for this commodity code
2026-08-30 22:04:25,266 INFO  [default] commodity code: 11 - Advanced load up present energy storage/take capacity (W-hr)
2026-08-30 22:04:25,266 INFO  [default]            source: Estimated
2026-08-30 22:04:25,266 INFO  [default]   cumulative: 7975
2026-08-30 22:04:25,266 INFO  [default]    inst rate: not used for this commodity code
2026-08-30 22:04:25,469 INFO  [default] link ACK received: query_operational_state
2026-08-30 22:04:25,592 INFO  [default] operational state received: 2

Press Enter for a list of commands
2026-08-30 22:04:55,754 INFO  [default] link ACK received: query_operational_state
2026-08-30 22:04:55,877 INFO  [default] operational state received: 2

Press Enter for a list of commands
2026-08-30 22:05:25,139 INFO  [default] link ACK received: get_commodity
2026-08-30 22:05:25,309 INFO  [default] message type supported received: 2
2026-08-30 22:05:25,309 INFO  [default] commodity response received. response code: 0 - success; count: 6
2026-08-30 22:05:25,310 INFO  [default] commodity code: 0 - Electricity consumed (W & W-hr)
2026-08-30 22:05:25,310 INFO  [default]            source: Estimated
2026-08-30 22:05:25,310 INFO  [default]   cumulative: 143000
2026-08-30 22:05:25,310 INFO  [default]    inst rate: 500
2026-08-30 22:05:25,310 INFO  [default] commodity code 8 - Rated max consumption level electricity (W) is not recorded in the commodity CSV
2026-08-30 22:05:25,310 INFO  [default] commodity code: 6 - Total energy storage/take capacity (W-hr)
2026-08-30 22:05:25,310 INFO  [default]            source: Estimated
2026-08-30 22:05:25,310 INFO  [default]   cumulative: 9190
2026-08-30 22:05:25,310 INFO  [default]    inst rate: not used for this commodity code
2026-08-30 22:05:25,311 INFO  [default] commodity code: 7 - Present energy storage/take capacity (W-hr)
2026-08-30 22:05:25,311 INFO  [default]            source: Estimated
2026-08-30 22:05:25,311 INFO  [default]   cumulative: 4904
2026-08-30 22:05:25,311 INFO  [default]    inst rate: not used for this commodity code
2026-08-30 22:05:25,311 INFO  [default] commodity code: 10 - Advanced load up total energy storage/take capacity (W-hr)
2026-08-30 22:05:25,311 INFO  [default]            source: Estimated
2026-08-30 22:05:25,311 INFO  [default]   cumulative: 12371
2026-08-30 22:05:25,311 INFO  [default]    inst rate: not used for this commodity code
2026-08-30 22:05:25,311 INFO  [default] commodity code: 11 - Advanced load up present energy storage/take capacity (W-hr)
2026-08-30 22:05:25,312 INFO  [default]            source: Estimated
2026-08-30 22:05:25,312 INFO  [default]   cumulative: 8085
2026-08-30 22:05:25,312 INFO  [default]    inst rate: not used for this commodity code
2026-08-30 22:05:25,515 INFO  [default] link ACK received: query_operational_state
2026-08-30 22:05:25,638 INFO  [default] operational state received: 2

Press Enter for a list of commands
2026-08-30 22:05:55,798 INFO  [default] link ACK received: query_operational_state
2026-08-30 22:05:55,922 INFO  [default] operational state received: 2

Press Enter for a list of commands
2026-08-30 22:06:25,180 INFO  [default] link ACK received: get_commodity
2026-08-30 22:06:25,349 INFO  [default] message type supported received: 2
2026-08-30 22:06:25,349 INFO  [default] commodity response received. response code: 0 - success; count: 6
2026-08-30 22:06:25,349 INFO  [default] commodity code: 0 - Electricity consumed (W & W-hr)
2026-08-30 22:06:25,349 INFO  [default]            source: Estimated
2026-08-30 22:06:25,349 INFO  [default]   cumulative: 143000
2026-08-30 22:06:25,349 INFO  [default]    inst rate: 500
2026-08-30 22:06:25,349 INFO  [default] commodity code 8 - Rated max consumption level electricity (W) is not recorded in the commodity CSV
2026-08-30 22:06:25,349 INFO  [default] commodity code: 6 - Total energy storage/take capacity (W-hr)
2026-08-30 22:06:25,349 INFO  [default]            source: Estimated
2026-08-30 22:06:25,349 INFO  [default]   cumulative: 9190
2026-08-30 22:06:25,349 INFO  [default]    inst rate: not used for this commodity code
2026-08-30 22:06:25,350 INFO  [default] commodity code: 7 - Present energy storage/take capacity (W-hr)
2026-08-30 22:06:25,350 INFO  [default]            source: Estimated
2026-08-30 22:06:25,350 INFO  [default]   cumulative: 4992
2026-08-30 22:06:25,350 INFO  [default]    inst rate: not used for this commodity code
2026-08-30 22:06:25,350 INFO  [default] commodity code: 10 - Advanced load up total energy storage/take capacity (W-hr)
2026-08-30 22:06:25,350 INFO  [default]            source: Estimated
2026-08-30 22:06:25,350 INFO  [default]   cumulative: 12371
2026-08-30 22:06:25,350 INFO  [default]    inst rate: not used for this commodity code
2026-08-30 22:06:25,350 INFO  [default] commodity code: 11 - Advanced load up present energy storage/take capacity (W-hr)
2026-08-30 22:06:25,350 INFO  [default]            source: Estimated
2026-08-30 22:06:25,350 INFO  [default]   cumulative: 8174
2026-08-30 22:06:25,350 INFO  [default]    inst rate: not used for this commodity code
2026-08-30 22:06:25,552 INFO  [default] link ACK received: query_operational_state
2026-08-30 22:06:25,676 INFO  [default] operational state received: 2

Press Enter for a list of commands
2026-08-30 22:06:54,835 INFO  [default] link ACK received: query_operational_state
2026-08-30 22:06:54,959 INFO  [default] operational state received: 2

Press Enter for a list of commands
2026-08-30 22:07:25,224 INFO  [default] link ACK received: get_commodity
2026-08-30 22:07:25,393 INFO  [default] message type supported received: 2
2026-08-30 22:07:25,393 INFO  [default] commodity response received. response code: 0 - success; count: 6
2026-08-30 22:07:25,394 INFO  [default] commodity code: 0 - Electricity consumed (W & W-hr)
2026-08-30 22:07:25,394 INFO  [default]            source: Estimated
2026-08-30 22:07:25,394 INFO  [default]   cumulative: 143000
2026-08-30 22:07:25,394 INFO  [default]    inst rate: 500
2026-08-30 22:07:25,394 INFO  [default] commodity code 8 - Rated max consumption level electricity (W) is not recorded in the commodity CSV
2026-08-30 22:07:25,394 INFO  [default] commodity code: 6 - Total energy storage/take capacity (W-hr)
2026-08-30 22:07:25,394 INFO  [default]            source: Estimated
2026-08-30 22:07:25,394 INFO  [default]   cumulative: 9190
2026-08-30 22:07:25,394 INFO  [default]    inst rate: not used for this commodity code
2026-08-30 22:07:25,394 INFO  [default] commodity code: 7 - Present energy storage/take capacity (W-hr)
2026-08-30 22:07:25,395 INFO  [default]            source: Estimated
2026-08-30 22:07:25,395 INFO  [default]   cumulative: 5037
2026-08-30 22:07:25,395 INFO  [default]    inst rate: not used for this commodity code
2026-08-30 22:07:25,395 INFO  [default] commodity code: 10 - Advanced load up total energy storage/take capacity (W-hr)
2026-08-30 22:07:25,395 INFO  [default]            source: Estimated
2026-08-30 22:07:25,395 INFO  [default]   cumulative: 12371
2026-08-30 22:07:25,395 INFO  [default]    inst rate: not used for this commodity code
2026-08-30 22:07:25,395 INFO  [default] commodity code: 11 - Advanced load up present energy storage/take capacity (W-hr)
2026-08-30 22:07:25,396 INFO  [default]            source: Estimated
2026-08-30 22:07:25,396 INFO  [default]   cumulative: 8218
2026-08-30 22:07:25,396 INFO  [default]    inst rate: not used for this commodity code
2026-08-30 22:07:25,599 INFO  [default] link ACK received: query_operational_state
2026-08-30 22:07:25,722 INFO  [default] operational state received: 2

Press Enter for a list of commands
2026-08-30 22:07:54,880 INFO  [default] link ACK received: query_operational_state
2026-08-30 22:07:55,005 INFO  [default] operational state received: 2

Press Enter for a list of commands
2026-08-30 22:08:25,166 INFO  [default] link ACK received: get_commodity
2026-08-30 22:08:25,336 INFO  [default] message type supported received: 2
2026-08-30 22:08:25,337 INFO  [default] commodity response received. response code: 0 - success; count: 6
2026-08-30 22:08:25,337 INFO  [default] commodity code: 0 - Electricity consumed (W & W-hr)
2026-08-30 22:08:25,337 INFO  [default]            source: Estimated
2026-08-30 22:08:25,338 INFO  [default]   cumulative: 143000
2026-08-30 22:08:25,338 INFO  [default]    inst rate: 500
2026-08-30 22:08:25,338 INFO  [default] commodity code 8 - Rated max consumption level electricity (W) is not recorded in the commodity CSV
2026-08-30 22:08:25,338 INFO  [default] commodity code: 6 - Total energy storage/take capacity (W-hr)
2026-08-30 22:08:25,338 INFO  [default]            source: Estimated
2026-08-30 22:08:25,338 INFO  [default]   cumulative: 9190
2026-08-30 22:08:25,338 INFO  [default]    inst rate: not used for this commodity code
2026-08-30 22:08:25,338 INFO  [default] commodity code: 7 - Present energy storage/take capacity (W-hr)
2026-08-30 22:08:25,339 INFO  [default]            source: Estimated
2026-08-30 22:08:25,339 INFO  [default]   cumulative: 5059
2026-08-30 22:08:25,339 INFO  [default]    inst rate: not used for this commodity code
2026-08-30 22:08:25,339 INFO  [default] commodity code: 10 - Advanced load up total energy storage/take capacity (W-hr)
2026-08-30 22:08:25,339 INFO  [default]            source: Estimated
2026-08-30 22:08:25,339 INFO  [default]   cumulative: 12371
2026-08-30 22:08:25,339 INFO  [default]    inst rate: not used for this commodity code
2026-08-30 22:08:25,339 INFO  [default] commodity code: 11 - Advanced load up present energy storage/take capacity (W-hr)
2026-08-30 22:08:25,340 INFO  [default]            source: Estimated
2026-08-30 22:08:25,340 INFO  [default]   cumulative: 8240
2026-08-30 22:08:25,340 INFO  [default]    inst rate: not used for this commodity code
2026-08-30 22:08:25,543 INFO  [default] link ACK received: query_operational_state
2026-08-30 22:08:25,668 INFO  [default] operational state received: 2

Press Enter for a list of commands
2026-08-30 22:08:55,928 INFO  [default] link ACK received: query_operational_state
2026-08-30 22:08:56,052 INFO  [default] operational state received: 2

Press Enter for a list of commands
2026-08-30 22:09:25,313 INFO  [default] link ACK received: get_commodity
2026-08-30 22:09:25,484 INFO  [default] message type supported received: 2
2026-08-30 22:09:25,485 INFO  [default] commodity response received. response code: 0 - success; count: 6
2026-08-30 22:09:25,485 INFO  [default] commodity code: 0 - Electricity consumed (W & W-hr)
2026-08-30 22:09:25,485 INFO  [default]            source: Estimated
2026-08-30 22:09:25,485 INFO  [default]   cumulative: 143000
2026-08-30 22:09:25,485 INFO  [default]    inst rate: 500
2026-08-30 22:09:25,485 INFO  [default] commodity code 8 - Rated max consumption level electricity (W) is not recorded in the commodity CSV
2026-08-30 22:09:25,485 INFO  [default] commodity code: 6 - Total energy storage/take capacity (W-hr)
2026-08-30 22:09:25,486 INFO  [default]            source: Estimated
2026-08-30 22:09:25,486 INFO  [default]   cumulative: 9190
2026-08-30 22:09:25,486 INFO  [default]    inst rate: not used for this commodity code
2026-08-30 22:09:25,486 INFO  [default] commodity code: 7 - Present energy storage/take capacity (W-hr)
2026-08-30 22:09:25,486 INFO  [default]            source: Estimated
2026-08-30 22:09:25,486 INFO  [default]   cumulative: 5081
2026-08-30 22:09:25,486 INFO  [default]    inst rate: not used for this commodity code
2026-08-30 22:09:25,486 INFO  [default] commodity code: 10 - Advanced load up total energy storage/take capacity (W-hr)
2026-08-30 22:09:25,486 INFO  [default]            source: Estimated
2026-08-30 22:09:25,486 INFO  [default]   cumulative: 12371
2026-08-30 22:09:25,486 INFO  [default]    inst rate: not used for this commodity code
2026-08-30 22:09:25,486 INFO  [default] commodity code: 11 - Advanced load up present energy storage/take capacity (W-hr)
2026-08-30 22:09:25,486 INFO  [default]            source: Estimated
2026-08-30 22:09:25,487 INFO  [default]   cumulative: 8262
2026-08-30 22:09:25,487 INFO  [default]    inst rate: not used for this commodity code
2026-08-30 22:09:25,689 INFO  [default] link ACK received: query_operational_state
2026-08-30 22:09:25,814 INFO  [default] operational state received: 2

Press Enter for a list of commands
2026-08-30 22:09:55,074 INFO  [default] link ACK received: query_operational_state
2026-08-30 22:09:55,197 INFO  [default] operational state received: 2

Press Enter for a list of commands
1788153025,o,0 (PASSED!)
outside communication found
2026-08-30 22:10:25,360 INFO  [default] link ACK received: outside_communication
2026-08-30 22:10:25,483 INFO  [default] app ack received
2026-08-30 22:10:25,686 INFO  [default] link ACK received: get_commodity
2026-08-30 22:10:25,855 INFO  [default] message type supported received: 2
2026-08-30 22:10:25,855 INFO  [default] commodity response received. response code: 0 - success; count: 6
2026-08-30 22:10:25,855 INFO  [default] commodity code: 0 - Electricity consumed (W & W-hr)
2026-08-30 22:10:25,855 INFO  [default]            source: Estimated
2026-08-30 22:10:25,855 INFO  [default]   cumulative: 143000
2026-08-30 22:10:25,856 INFO  [default]    inst rate: 500
2026-08-30 22:10:25,856 INFO  [default] commodity code 8 - Rated max consumption level electricity (W) is not recorded in the commodity CSV
2026-08-30 22:10:25,856 INFO  [default] commodity code: 6 - Total energy storage/take capacity (W-hr)
2026-08-30 22:10:25,856 INFO  [default]            source: Estimated
2026-08-30 22:10:25,856 INFO  [default]   cumulative: 9190
2026-08-30 22:10:25,856 INFO  [default]    inst rate: not used for this commodity code
2026-08-30 22:10:25,856 INFO  [default] commodity code: 7 - Present energy storage/take capacity (W-hr)
2026-08-30 22:10:25,856 INFO  [default]            source: Estimated
2026-08-30 22:10:25,856 INFO  [default]   cumulative: 5103
2026-08-30 22:10:25,856 INFO  [default]    inst rate: not used for this commodity code
2026-08-30 22:10:25,856 INFO  [default] commodity code: 10 - Advanced load up total energy storage/take capacity (W-hr)
2026-08-30 22:10:25,856 INFO  [default]            source: Estimated
2026-08-30 22:10:25,856 INFO  [default]   cumulative: 12371
2026-08-30 22:10:25,856 INFO  [default]    inst rate: not used for this commodity code
2026-08-30 22:10:25,856 INFO  [default] commodity code: 11 - Advanced load up present energy storage/take capacity (W-hr)
2026-08-30 22:10:25,856 INFO  [default]            source: Estimated
2026-08-30 22:10:25,856 INFO  [default]   cumulative: 8284
2026-08-30 22:10:25,856 INFO  [default]    inst rate: not used for this commodity code
2026-08-30 22:10:26,059 INFO  [default] link ACK received: query_operational_state
2026-08-30 22:10:26,182 INFO  [default] operational state received: 2

Press Enter for a list of commands
2026-08-30 22:10:55,342 INFO  [default] link ACK received: query_operational_state
2026-08-30 22:10:55,465 INFO  [default] operational state received: 2

Press Enter for a list of commands
2026-08-30 22:11:25,626 INFO  [default] link ACK received: get_commodity
2026-08-30 22:11:25,794 INFO  [default] message type supported received: 2
2026-08-30 22:11:25,794 INFO  [default] commodity response received. response code: 0 - success; count: 6
2026-08-30 22:11:25,795 INFO  [default] commodity code: 0 - Electricity consumed (W & W-hr)
2026-08-30 22:11:25,795 INFO  [default]            source: Estimated
2026-08-30 22:11:25,795 INFO  [default]   cumulative: 143000
2026-08-30 22:11:25,795 INFO  [default]    inst rate: 500
2026-08-30 22:11:25,795 INFO  [default] commodity code 8 - Rated max consumption level electricity (W) is not recorded in the commodity CSV
2026-08-30 22:11:25,795 INFO  [default] commodity code: 6 - Total energy storage/take capacity (W-hr)
2026-08-30 22:11:25,795 INFO  [default]            source: Estimated
2026-08-30 22:11:25,795 INFO  [default]   cumulative: 9190
2026-08-30 22:11:25,795 INFO  [default]    inst rate: not used for this commodity code
2026-08-30 22:11:25,795 INFO  [default] commodity code: 7 - Present energy storage/take capacity (W-hr)
2026-08-30 22:11:25,795 INFO  [default]            source: Estimated
2026-08-30 22:11:25,796 INFO  [default]   cumulative: 5125
2026-08-30 22:11:25,796 INFO  [default]    inst rate: not used for this commodity code
2026-08-30 22:11:25,796 INFO  [default] commodity code: 10 - Advanced load up total energy storage/take capacity (W-hr)
2026-08-30 22:11:25,796 INFO  [default]            source: Estimated
2026-08-30 22:11:25,796 INFO  [default]   cumulative: 12371
2026-08-30 22:11:25,796 INFO  [default]    inst rate: not used for this commodity code
2026-08-30 22:11:25,796 INFO  [default] commodity code: 11 - Advanced load up present energy storage/take capacity (W-hr)
2026-08-30 22:11:25,796 INFO  [default]            source: Estimated
2026-08-30 22:11:25,796 INFO  [default]   cumulative: 8306
2026-08-30 22:11:25,796 INFO  [default]    inst rate: not used for this commodity code
2026-08-30 22:11:25,999 INFO  [default] link ACK received: query_operational_state
2026-08-30 22:11:26,123 INFO  [default] operational state received: 2

Press Enter for a list of commands
2026-08-30 22:11:55,381 INFO  [default] link ACK received: query_operational_state
2026-08-30 22:11:55,505 INFO  [default] operational state received: 2

Press Enter for a list of commands
2026-08-30 22:12:25,769 INFO  [default] link ACK received: get_commodity
2026-08-30 22:12:25,938 INFO  [default] message type supported received: 2
2026-08-30 22:12:25,938 INFO  [default] commodity response received. response code: 0 - success; count: 6
2026-08-30 22:12:25,939 INFO  [default] commodity code: 0 - Electricity consumed (W & W-hr)
2026-08-30 22:12:25,939 INFO  [default]            source: Estimated
2026-08-30 22:12:25,939 INFO  [default]   cumulative: 143000
2026-08-30 22:12:25,939 INFO  [default]    inst rate: 500
2026-08-30 22:12:25,939 INFO  [default] commodity code 8 - Rated max consumption level electricity (W) is not recorded in the commodity CSV
2026-08-30 22:12:25,939 INFO  [default] commodity code: 6 - Total energy storage/take capacity (W-hr)
2026-08-30 22:12:25,939 INFO  [default]            source: Estimated
2026-08-30 22:12:25,940 INFO  [default]   cumulative: 9190
2026-08-30 22:12:25,940 INFO  [default]    inst rate: not used for this commodity code
2026-08-30 22:12:25,940 INFO  [default] commodity code: 7 - Present energy storage/take capacity (W-hr)
2026-08-30 22:12:25,940 INFO  [default]            source: Estimated
2026-08-30 22:12:25,940 INFO  [default]   cumulative: 5169
2026-08-30 22:12:25,940 INFO  [default]    inst rate: not used for this commodity code
2026-08-30 22:12:25,940 INFO  [default] commodity code: 10 - Advanced load up total energy storage/take capacity (W-hr)
2026-08-30 22:12:25,940 INFO  [default]            source: Estimated
2026-08-30 22:12:25,940 INFO  [default]   cumulative: 12371
2026-08-30 22:12:25,941 INFO  [default]    inst rate: not used for this commodity code
2026-08-30 22:12:25,941 INFO  [default] commodity code: 11 - Advanced load up present energy storage/take capacity (W-hr)
2026-08-30 22:12:25,941 INFO  [default]            source: Estimated
2026-08-30 22:12:25,941 INFO  [default]   cumulative: 8351
2026-08-30 22:12:25,941 INFO  [default]    inst rate: not used for this commodity code
2026-08-30 22:12:26,143 INFO  [default] link ACK received: query_operational_state
2026-08-30 22:12:26,267 INFO  [default] operational state received: 2

Press Enter for a list of commands
2026-08-30 22:12:55,426 INFO  [default] link ACK received: query_operational_state
2026-08-30 22:12:55,550 INFO  [default] operational state received: 2

Press Enter for a list of commands
2026-08-30 22:13:25,814 INFO  [default] link ACK received: get_commodity
2026-08-30 22:13:25,984 INFO  [default] message type supported received: 2
2026-08-30 22:13:25,984 INFO  [default] commodity response received. response code: 0 - success; count: 6
2026-08-30 22:13:25,984 INFO  [default] commodity code: 0 - Electricity consumed (W & W-hr)
2026-08-30 22:13:25,984 INFO  [default]            source: Estimated
2026-08-30 22:13:25,984 INFO  [default]   cumulative: 143000
2026-08-30 22:13:25,985 INFO  [default]    inst rate: 500
2026-08-30 22:13:25,985 INFO  [default] commodity code 8 - Rated max consumption level electricity (W) is not recorded in the commodity CSV
2026-08-30 22:13:25,985 INFO  [default] commodity code: 6 - Total energy storage/take capacity (W-hr)
2026-08-30 22:13:25,985 INFO  [default]            source: Estimated
2026-08-30 22:13:25,985 INFO  [default]   cumulative: 9190
2026-08-30 22:13:25,985 INFO  [default]    inst rate: not used for this commodity code
2026-08-30 22:13:25,985 INFO  [default] commodity code: 7 - Present energy storage/take capacity (W-hr)
2026-08-30 22:13:25,985 INFO  [default]            source: Estimated
2026-08-30 22:13:25,985 INFO  [default]   cumulative: 5280
2026-08-30 22:13:25,985 INFO  [default]    inst rate: not used for this commodity code
2026-08-30 22:13:25,985 INFO  [default] commodity code: 10 - Advanced load up total energy storage/take capacity (W-hr)
2026-08-30 22:13:25,985 INFO  [default]            source: Estimated
2026-08-30 22:13:25,986 INFO  [default]   cumulative: 12371
2026-08-30 22:13:25,986 INFO  [default]    inst rate: not used for this commodity code
2026-08-30 22:13:25,986 INFO  [default] commodity code: 11 - Advanced load up present energy storage/take capacity (W-hr)
2026-08-30 22:13:25,986 INFO  [default]            source: Estimated
2026-08-30 22:13:25,986 INFO  [default]   cumulative: 8461
2026-08-30 22:13:25,986 INFO  [default]    inst rate: not used for this commodity code
2026-08-30 22:13:26,188 INFO  [default] link ACK received: query_operational_state
2026-08-30 22:13:26,312 INFO  [default] operational state received: 2

Press Enter for a list of commands
2026-08-30 22:13:55,471 INFO  [default] link ACK received: query_operational_state
2026-08-30 22:13:55,595 INFO  [default] operational state received: 2

Press Enter for a list of commands
2026-08-30 22:14:25,757 INFO  [default] link ACK received: get_commodity
2026-08-30 22:14:25,926 INFO  [default] message type supported received: 2
2026-08-30 22:14:25,926 INFO  [default] commodity response received. response code: 0 - success; count: 6
2026-08-30 22:14:25,927 INFO  [default] commodity code: 0 - Electricity consumed (W & W-hr)
2026-08-30 22:14:25,927 INFO  [default]            source: Estimated
2026-08-30 22:14:25,927 INFO  [default]   cumulative: 143000
2026-08-30 22:14:25,927 INFO  [default]    inst rate: 500
2026-08-30 22:14:25,927 INFO  [default] commodity code 8 - Rated max consumption level electricity (W) is not recorded in the commodity CSV
2026-08-30 22:14:25,927 INFO  [default] commodity code: 6 - Total energy storage/take capacity (W-hr)
2026-08-30 22:14:25,927 INFO  [default]            source: Estimated
2026-08-30 22:14:25,927 INFO  [default]   cumulative: 9190
2026-08-30 22:14:25,927 INFO  [default]    inst rate: not used for this commodity code
2026-08-30 22:14:25,927 INFO  [default] commodity code: 7 - Present energy storage/take capacity (W-hr)
2026-08-30 22:14:25,927 INFO  [default]            source: Estimated
2026-08-30 22:14:25,927 INFO  [default]   cumulative: 5456
2026-08-30 22:14:25,928 INFO  [default]    inst rate: not used for this commodity code
2026-08-30 22:14:25,928 INFO  [default] commodity code: 10 - Advanced load up total energy storage/take capacity (W-hr)
2026-08-30 22:14:25,928 INFO  [default]            source: Estimated
2026-08-30 22:14:25,928 INFO  [default]   cumulative: 12371
2026-08-30 22:14:25,928 INFO  [default]    inst rate: not used for this commodity code
2026-08-30 22:14:25,928 INFO  [default] commodity code: 11 - Advanced load up present energy storage/take capacity (W-hr)
2026-08-30 22:14:25,928 INFO  [default]            source: Estimated
2026-08-30 22:14:25,928 INFO  [default]   cumulative: 8638
2026-08-30 22:14:25,928 INFO  [default]    inst rate: not used for this commodity code
2026-08-30 22:14:26,130 INFO  [default] link ACK received: query_operational_state
2026-08-30 22:14:26,253 INFO  [default] operational state received: 2

Press Enter for a list of commands
2026-08-30 22:14:55,511 INFO  [default] link ACK received: query_operational_state
2026-08-30 22:14:55,635 INFO  [default] operational state received: 2

Press Enter for a list of commands
2026-08-30 22:15:25,795 INFO  [default] link ACK received: get_commodity
2026-08-30 22:15:25,964 INFO  [default] message type supported received: 2
2026-08-30 22:15:25,964 INFO  [default] commodity response received. response code: 0 - success; count: 6
2026-08-30 22:15:25,964 INFO  [default] commodity code: 0 - Electricity consumed (W & W-hr)
2026-08-30 22:15:25,964 INFO  [default]            source: Estimated
2026-08-30 22:15:25,965 INFO  [default]   cumulative: 143000
2026-08-30 22:15:25,965 INFO  [default]    inst rate: 500
2026-08-30 22:15:25,965 INFO  [default] commodity code 8 - Rated max consumption level electricity (W) is not recorded in the commodity CSV
2026-08-30 22:15:25,965 INFO  [default] commodity code: 6 - Total energy storage/take capacity (W-hr)
2026-08-30 22:15:25,965 INFO  [default]            source: Estimated
2026-08-30 22:15:25,965 INFO  [default]   cumulative: 9190
2026-08-30 22:15:25,965 INFO  [default]    inst rate: not used for this commodity code
2026-08-30 22:15:25,965 INFO  [default] commodity code: 7 - Present energy storage/take capacity (W-hr)
2026-08-30 22:15:25,965 INFO  [default]            source: Estimated
2026-08-30 22:15:25,965 INFO  [default]   cumulative: 5611
2026-08-30 22:15:25,965 INFO  [default]    inst rate: not used for this commodity code
2026-08-30 22:15:25,965 INFO  [default] commodity code: 10 - Advanced load up total energy storage/take capacity (W-hr)
2026-08-30 22:15:25,965 INFO  [default]            source: Estimated
2026-08-30 22:15:25,965 INFO  [default]   cumulative: 12371
2026-08-30 22:15:25,965 INFO  [default]    inst rate: not used for this commodity code
2026-08-30 22:15:25,965 INFO  [default] commodity code: 11 - Advanced load up present energy storage/take capacity (W-hr)
2026-08-30 22:15:25,965 INFO  [default]            source: Estimated
2026-08-30 22:15:25,965 INFO  [default]   cumulative: 8792
2026-08-30 22:15:25,965 INFO  [default]    inst rate: not used for this commodity code
2026-08-30 22:15:26,168 INFO  [default] link ACK received: query_operational_state
2026-08-30 22:15:26,291 INFO  [default] operational state received: 2

Press Enter for a list of commands
2026-08-30 22:15:55,549 INFO  [default] link ACK received: query_operational_state
2026-08-30 22:15:55,673 INFO  [default] operational state received: 2

Press Enter for a list of commands
2026-08-30 22:16:24,932 INFO  [default] link ACK received: get_commodity
2026-08-30 22:16:25,100 INFO  [default] message type supported received: 2
2026-08-30 22:16:25,100 INFO  [default] commodity response received. response code: 0 - success; count: 6
2026-08-30 22:16:25,101 INFO  [default] commodity code: 0 - Electricity consumed (W & W-hr)
2026-08-30 22:16:25,101 INFO  [default]            source: Estimated
2026-08-30 22:16:25,101 INFO  [default]   cumulative: 143000
2026-08-30 22:16:25,101 INFO  [default]    inst rate: 500
2026-08-30 22:16:25,101 INFO  [default] commodity code 8 - Rated max consumption level electricity (W) is not recorded in the commodity CSV
2026-08-30 22:16:25,101 INFO  [default] commodity code: 6 - Total energy storage/take capacity (W-hr)
2026-08-30 22:16:25,101 INFO  [default]            source: Estimated
2026-08-30 22:16:25,101 INFO  [default]   cumulative: 9190
2026-08-30 22:16:25,101 INFO  [default]    inst rate: not used for this commodity code
2026-08-30 22:16:25,101 INFO  [default] commodity code: 7 - Present energy storage/take capacity (W-hr)
2026-08-30 22:16:25,101 INFO  [default]            source: Estimated
2026-08-30 22:16:25,101 INFO  [default]   cumulative: 5766
2026-08-30 22:16:25,101 INFO  [default]    inst rate: not used for this commodity code
2026-08-30 22:16:25,101 INFO  [default] commodity code: 10 - Advanced load up total energy storage/take capacity (W-hr)
2026-08-30 22:16:25,101 INFO  [default]            source: Estimated
2026-08-30 22:16:25,101 INFO  [default]   cumulative: 12371
2026-08-30 22:16:25,101 INFO  [default]    inst rate: not used for this commodity code
2026-08-30 22:16:25,101 INFO  [default] commodity code: 11 - Advanced load up present energy storage/take capacity (W-hr)
2026-08-30 22:16:25,101 INFO  [default]            source: Estimated
2026-08-30 22:16:25,101 INFO  [default]   cumulative: 8947
2026-08-30 22:16:25,101 INFO  [default]    inst rate: not used for this commodity code
2026-08-30 22:16:25,304 INFO  [default] link ACK received: query_operational_state
2026-08-30 22:16:25,428 INFO  [default] operational state received: 2

Press Enter for a list of commands
2026-08-30 22:16:55,590 INFO  [default] link ACK received: query_operational_state
2026-08-30 22:16:55,713 INFO  [default] operational state received: 2

Press Enter for a list of commands
2026-08-30 22:17:24,874 INFO  [default] link ACK received: get_commodity
2026-08-30 22:17:25,043 INFO  [default] message type supported received: 2
2026-08-30 22:17:25,043 INFO  [default] commodity response received. response code: 0 - success; count: 6
2026-08-30 22:17:25,043 INFO  [default] commodity code: 0 - Electricity consumed (W & W-hr)
2026-08-30 22:17:25,043 INFO  [default]            source: Estimated
2026-08-30 22:17:25,043 INFO  [default]   cumulative: 143000
2026-08-30 22:17:25,044 INFO  [default]    inst rate: 500
2026-08-30 22:17:25,044 INFO  [default] commodity code 8 - Rated max consumption level electricity (W) is not recorded in the commodity CSV
2026-08-30 22:17:25,044 INFO  [default] commodity code: 6 - Total energy storage/take capacity (W-hr)
2026-08-30 22:17:25,044 INFO  [default]            source: Estimated
2026-08-30 22:17:25,044 INFO  [default]   cumulative: 9190
2026-08-30 22:17:25,044 INFO  [default]    inst rate: not used for this commodity code
2026-08-30 22:17:25,044 INFO  [default] commodity code: 7 - Present energy storage/take capacity (W-hr)
2026-08-30 22:17:25,044 INFO  [default]            source: Estimated
2026-08-30 22:17:25,044 INFO  [default]   cumulative: 5898
2026-08-30 22:17:25,044 INFO  [default]    inst rate: not used for this commodity code
2026-08-30 22:17:25,044 INFO  [default] commodity code: 10 - Advanced load up total energy storage/take capacity (W-hr)
2026-08-30 22:17:25,044 INFO  [default]            source: Estimated
2026-08-30 22:17:25,044 INFO  [default]   cumulative: 12371
2026-08-30 22:17:25,044 INFO  [default]    inst rate: not used for this commodity code
2026-08-30 22:17:25,044 INFO  [default] commodity code: 11 - Advanced load up present energy storage/take capacity (W-hr)
2026-08-30 22:17:25,045 INFO  [default]            source: Estimated
2026-08-30 22:17:25,045 INFO  [default]   cumulative: 9080
2026-08-30 22:17:25,045 INFO  [default]    inst rate: not used for this commodity code
2026-08-30 22:17:25,248 INFO  [default] link ACK received: query_operational_state
2026-08-30 22:17:25,372 INFO  [default] operational state received: 2

Press Enter for a list of commands
2026-08-30 22:17:55,532 INFO  [default] link ACK received: query_operational_state
2026-08-30 22:17:55,656 INFO  [default] operational state received: 2

Press Enter for a list of commands
2026-08-30 22:18:25,817 INFO  [default] link ACK received: get_commodity
2026-08-30 22:18:25,988 INFO  [default] message type supported received: 2
2026-08-30 22:18:25,988 INFO  [default] commodity response received. response code: 0 - success; count: 6
2026-08-30 22:18:25,989 INFO  [default] commodity code: 0 - Electricity consumed (W & W-hr)
2026-08-30 22:18:25,989 INFO  [default]            source: Estimated
2026-08-30 22:18:25,989 INFO  [default]   cumulative: 143000
2026-08-30 22:18:25,989 INFO  [default]    inst rate: 500
2026-08-30 22:18:25,989 INFO  [default] commodity code 8 - Rated max consumption level electricity (W) is not recorded in the commodity CSV
2026-08-30 22:18:25,989 INFO  [default] commodity code: 6 - Total energy storage/take capacity (W-hr)
2026-08-30 22:18:25,989 INFO  [default]            source: Estimated
2026-08-30 22:18:25,989 INFO  [default]   cumulative: 9190
2026-08-30 22:18:25,989 INFO  [default]    inst rate: not used for this commodity code
2026-08-30 22:18:25,989 INFO  [default] commodity code: 7 - Present energy storage/take capacity (W-hr)
2026-08-30 22:18:25,990 INFO  [default]            source: Estimated
2026-08-30 22:18:25,990 INFO  [default]   cumulative: 5987
2026-08-30 22:18:25,990 INFO  [default]    inst rate: not used for this commodity code
2026-08-30 22:18:25,990 INFO  [default] commodity code: 10 - Advanced load up total energy storage/take capacity (W-hr)
2026-08-30 22:18:25,990 INFO  [default]            source: Estimated
2026-08-30 22:18:25,990 INFO  [default]   cumulative: 12371
2026-08-30 22:18:25,990 INFO  [default]    inst rate: not used for this commodity code
2026-08-30 22:18:25,990 INFO  [default] commodity code: 11 - Advanced load up present energy storage/take capacity (W-hr)
2026-08-30 22:18:25,990 INFO  [default]            source: Estimated
2026-08-30 22:18:25,990 INFO  [default]   cumulative: 9168
2026-08-30 22:18:25,990 INFO  [default]    inst rate: not used for this commodity code
2026-08-30 22:18:26,193 INFO  [default] link ACK received: query_operational_state
2026-08-30 22:18:26,317 INFO  [default] operational state received: 2

Press Enter for a list of commands
2026-08-30 22:18:55,475 INFO  [default] link ACK received: query_operational_state
2026-08-30 22:18:55,599 INFO  [default] operational state received: 2

Press Enter for a list of commands
2026-08-30 22:19:25,762 INFO  [default] link ACK received: get_commodity
2026-08-30 22:19:25,930 INFO  [default] message type supported received: 2
2026-08-30 22:19:25,930 INFO  [default] commodity response received. response code: 0 - success; count: 6
2026-08-30 22:19:25,931 INFO  [default] commodity code: 0 - Electricity consumed (W & W-hr)
2026-08-30 22:19:25,931 INFO  [default]            source: Estimated
2026-08-30 22:19:25,931 INFO  [default]   cumulative: 143000
2026-08-30 22:19:25,931 INFO  [default]    inst rate: 500
2026-08-30 22:19:25,931 INFO  [default] commodity code 8 - Rated max consumption level electricity (W) is not recorded in the commodity CSV
2026-08-30 22:19:25,931 INFO  [default] commodity code: 6 - Total energy storage/take capacity (W-hr)
2026-08-30 22:19:25,931 INFO  [default]            source: Estimated
2026-08-30 22:19:25,931 INFO  [default]   cumulative: 9190
2026-08-30 22:19:25,931 INFO  [default]    inst rate: not used for this commodity code
2026-08-30 22:19:25,932 INFO  [default] commodity code: 7 - Present energy storage/take capacity (W-hr)
2026-08-30 22:19:25,932 INFO  [default]            source: Estimated
2026-08-30 22:19:25,932 INFO  [default]   cumulative: 6053
2026-08-30 22:19:25,932 INFO  [default]    inst rate: not used for this commodity code
2026-08-30 22:19:25,932 INFO  [default] commodity code: 10 - Advanced load up total energy storage/take capacity (W-hr)
2026-08-30 22:19:25,932 INFO  [default]            source: Estimated
2026-08-30 22:19:25,932 INFO  [default]   cumulative: 12371
2026-08-30 22:19:25,932 INFO  [default]    inst rate: not used for this commodity code
2026-08-30 22:19:25,932 INFO  [default] commodity code: 11 - Advanced load up present energy storage/take capacity (W-hr)
2026-08-30 22:19:25,932 INFO  [default]            source: Estimated
2026-08-30 22:19:25,932 INFO  [default]   cumulative: 9234
2026-08-30 22:19:25,932 INFO  [default]    inst rate: not used for this commodity code
2026-08-30 22:19:26,135 INFO  [default] link ACK received: query_operational_state
2026-08-30 22:19:26,258 INFO  [default] operational state received: 2

Press Enter for a list of commands
2026-08-30 22:19:55,419 INFO  [default] link ACK received: query_operational_state
2026-08-30 22:19:55,544 INFO  [default] operational state received: 2

Press Enter for a list of commands
1788153625,o,0 (PASSED!)
outside communication found
2026-08-30 22:20:25,707 INFO  [default] link ACK received: outside_communication
2026-08-30 22:20:25,831 INFO  [default] app ack received
2026-08-30 22:20:26,034 INFO  [default] link ACK received: get_commodity
2026-08-30 22:20:26,202 INFO  [default] message type supported received: 2
2026-08-30 22:20:26,202 INFO  [default] commodity response received. response code: 0 - success; count: 6
2026-08-30 22:20:26,202 INFO  [default] commodity code: 0 - Electricity consumed (W & W-hr)
2026-08-30 22:20:26,202 INFO  [default]            source: Estimated
2026-08-30 22:20:26,202 INFO  [default]   cumulative: 143000
2026-08-30 22:20:26,202 INFO  [default]    inst rate: 500
2026-08-30 22:20:26,202 INFO  [default] commodity code 8 - Rated max consumption level electricity (W) is not recorded in the commodity CSV
2026-08-30 22:20:26,203 INFO  [default] commodity code: 6 - Total energy storage/take capacity (W-hr)
2026-08-30 22:20:26,203 INFO  [default]            source: Estimated
2026-08-30 22:20:26,203 INFO  [default]   cumulative: 9190
2026-08-30 22:20:26,203 INFO  [default]    inst rate: not used for this commodity code
2026-08-30 22:20:26,203 INFO  [default] commodity code: 7 - Present energy storage/take capacity (W-hr)
2026-08-30 22:20:26,203 INFO  [default]            source: Estimated
2026-08-30 22:20:26,203 INFO  [default]   cumulative: 6097
2026-08-30 22:20:26,203 INFO  [default]    inst rate: not used for this commodity code
2026-08-30 22:20:26,203 INFO  [default] commodity code: 10 - Advanced load up total energy storage/take capacity (W-hr)
2026-08-30 22:20:26,203 INFO  [default]            source: Estimated
2026-08-30 22:20:26,203 INFO  [default]   cumulative: 12371
2026-08-30 22:20:26,203 INFO  [default]    inst rate: not used for this commodity code
2026-08-30 22:20:26,203 INFO  [default] commodity code: 11 - Advanced load up present energy storage/take capacity (W-hr)
2026-08-30 22:20:26,203 INFO  [default]            source: Estimated
2026-08-30 22:20:26,203 INFO  [default]   cumulative: 9278
2026-08-30 22:20:26,203 INFO  [default]    inst rate: not used for this commodity code
2026-08-30 22:20:26,406 INFO  [default] link ACK received: query_operational_state
2026-08-30 22:20:26,529 INFO  [default] operational state received: 2

Press Enter for a list of commands
2026-08-30 22:20:55,688 INFO  [default] link ACK received: query_operational_state
2026-08-30 22:20:55,812 INFO  [default] operational state received: 2

Press Enter for a list of commands
2026-08-30 22:21:24,970 INFO  [default] link ACK received: get_commodity
2026-08-30 22:21:25,140 INFO  [default] message type supported received: 2
2026-08-30 22:21:25,140 INFO  [default] commodity response received. response code: 0 - success; count: 6
2026-08-30 22:21:25,141 INFO  [default] commodity code: 0 - Electricity consumed (W & W-hr)
2026-08-30 22:21:25,141 INFO  [default]            source: Estimated
2026-08-30 22:21:25,141 INFO  [default]   cumulative: 143000
2026-08-30 22:21:25,141 INFO  [default]    inst rate: 500
2026-08-30 22:21:25,141 INFO  [default] commodity code 8 - Rated max consumption level electricity (W) is not recorded in the commodity CSV
2026-08-30 22:21:25,141 INFO  [default] commodity code: 6 - Total energy storage/take capacity (W-hr)
2026-08-30 22:21:25,141 INFO  [default]            source: Estimated
2026-08-30 22:21:25,142 INFO  [default]   cumulative: 9190
2026-08-30 22:21:25,142 INFO  [default]    inst rate: not used for this commodity code
2026-08-30 22:21:25,142 INFO  [default] commodity code: 7 - Present energy storage/take capacity (W-hr)
2026-08-30 22:21:25,142 INFO  [default]            source: Estimated
2026-08-30 22:21:25,142 INFO  [default]   cumulative: 6163
2026-08-30 22:21:25,142 INFO  [default]    inst rate: not used for this commodity code
2026-08-30 22:21:25,142 INFO  [default] commodity code: 10 - Advanced load up total energy storage/take capacity (W-hr)
2026-08-30 22:21:25,142 INFO  [default]            source: Estimated
2026-08-30 22:21:25,142 INFO  [default]   cumulative: 12371
2026-08-30 22:21:25,142 INFO  [default]    inst rate: not used for this commodity code
2026-08-30 22:21:25,142 INFO  [default] commodity code: 11 - Advanced load up present energy storage/take capacity (W-hr)
2026-08-30 22:21:25,143 INFO  [default]            source: Estimated
2026-08-30 22:21:25,143 INFO  [default]   cumulative: 9345
2026-08-30 22:21:25,143 INFO  [default]    inst rate: not used for this commodity code
2026-08-30 22:21:25,345 INFO  [default] link ACK received: query_operational_state
2026-08-30 22:21:25,469 INFO  [default] operational state received: 2

Press Enter for a list of commands
2026-08-30 22:21:55,631 INFO  [default] link ACK received: query_operational_state
2026-08-30 22:21:55,754 INFO  [default] operational state received: 2

Press Enter for a list of commands
2026-08-30 22:22:24,914 INFO  [default] link ACK received: get_commodity
2026-08-30 22:22:25,083 INFO  [default] message type supported received: 2
2026-08-30 22:22:25,083 INFO  [default] commodity response received. response code: 0 - success; count: 6
2026-08-30 22:22:25,084 INFO  [default] commodity code: 0 - Electricity consumed (W & W-hr)
2026-08-30 22:22:25,084 INFO  [default]            source: Estimated
2026-08-30 22:22:25,084 INFO  [default]   cumulative: 143000
2026-08-30 22:22:25,084 INFO  [default]    inst rate: 500
2026-08-30 22:22:25,084 INFO  [default] commodity code 8 - Rated max consumption level electricity (W) is not recorded in the commodity CSV
2026-08-30 22:22:25,084 INFO  [default] commodity code: 6 - Total energy storage/take capacity (W-hr)
2026-08-30 22:22:25,084 INFO  [default]            source: Estimated
2026-08-30 22:22:25,084 INFO  [default]   cumulative: 9190
2026-08-30 22:22:25,084 INFO  [default]    inst rate: not used for this commodity code
2026-08-30 22:22:25,084 INFO  [default] commodity code: 7 - Present energy storage/take capacity (W-hr)
2026-08-30 22:22:25,084 INFO  [default]            source: Estimated
2026-08-30 22:22:25,084 INFO  [default]   cumulative: 6163
2026-08-30 22:22:25,084 INFO  [default]    inst rate: not used for this commodity code
2026-08-30 22:22:25,084 INFO  [default] commodity code: 10 - Advanced load up total energy storage/take capacity (W-hr)
2026-08-30 22:22:25,085 INFO  [default]            source: Estimated
2026-08-30 22:22:25,085 INFO  [default]   cumulative: 12371
2026-08-30 22:22:25,085 INFO  [default]    inst rate: not used for this commodity code
2026-08-30 22:22:25,085 INFO  [default] commodity code: 11 - Advanced load up present energy storage/take capacity (W-hr)
2026-08-30 22:22:25,085 INFO  [default]            source: Estimated
2026-08-30 22:22:25,085 INFO  [default]   cumulative: 9345
2026-08-30 22:22:25,085 INFO  [default]    inst rate: not used for this commodity code
2026-08-30 22:22:25,287 INFO  [default] link ACK received: query_operational_state
2026-08-30 22:22:25,411 INFO  [default] operational state received: 2

Press Enter for a list of commands
2026-08-30 22:22:55,572 INFO  [default] link ACK received: query_operational_state
2026-08-30 22:22:55,695 INFO  [default] operational state received: 2

Press Enter for a list of commands
2026-08-30 22:23:24,855 INFO  [default] link ACK received: get_commodity
2026-08-30 22:23:25,023 INFO  [default] message type supported received: 2
2026-08-30 22:23:25,023 INFO  [default] commodity response received. response code: 0 - success; count: 6
2026-08-30 22:23:25,023 INFO  [default] commodity code: 0 - Electricity consumed (W & W-hr)
2026-08-30 22:23:25,023 INFO  [default]            source: Estimated
2026-08-30 22:23:25,023 INFO  [default]   cumulative: 143000
2026-08-30 22:23:25,023 INFO  [default]    inst rate: 500
2026-08-30 22:23:25,023 INFO  [default] commodity code 8 - Rated max consumption level electricity (W) is not recorded in the commodity CSV
2026-08-30 22:23:25,023 INFO  [default] commodity code: 6 - Total energy storage/take capacity (W-hr)
2026-08-30 22:23:25,023 INFO  [default]            source: Estimated
2026-08-30 22:23:25,023 INFO  [default]   cumulative: 9190
2026-08-30 22:23:25,024 INFO  [default]    inst rate: not used for this commodity code
2026-08-30 22:23:25,024 INFO  [default] commodity code: 7 - Present energy storage/take capacity (W-hr)
2026-08-30 22:23:25,024 INFO  [default]            source: Estimated
2026-08-30 22:23:25,024 INFO  [default]   cumulative: 6185
2026-08-30 22:23:25,024 INFO  [default]    inst rate: not used for this commodity code
2026-08-30 22:23:25,024 INFO  [default] commodity code: 10 - Advanced load up total energy storage/take capacity (W-hr)
2026-08-30 22:23:25,024 INFO  [default]            source: Estimated
2026-08-30 22:23:25,024 INFO  [default]   cumulative: 12371
2026-08-30 22:23:25,024 INFO  [default]    inst rate: not used for this commodity code
2026-08-30 22:23:25,024 INFO  [default] commodity code: 11 - Advanced load up present energy storage/take capacity (W-hr)
2026-08-30 22:23:25,024 INFO  [default]            source: Estimated
2026-08-30 22:23:25,024 INFO  [default]   cumulative: 9367
2026-08-30 22:23:25,024 INFO  [default]    inst rate: not used for this commodity code
2026-08-30 22:23:25,226 INFO  [default] link ACK received: query_operational_state
2026-08-30 22:23:25,350 INFO  [default] operational state received: 2

Press Enter for a list of commands
2026-08-30 22:23:55,514 INFO  [default] link ACK received: query_operational_state
2026-08-30 22:23:55,637 INFO  [default] operational state received: 2

Press Enter for a list of commands
2026-08-30 22:24:25,902 INFO  [default] link ACK received: get_commodity
2026-08-30 22:24:26,072 INFO  [default] message type supported received: 2
2026-08-30 22:24:26,072 INFO  [default] commodity response received. response code: 0 - success; count: 6
2026-08-30 22:24:26,072 INFO  [default] commodity code: 0 - Electricity consumed (W & W-hr)
2026-08-30 22:24:26,072 INFO  [default]            source: Estimated
2026-08-30 22:24:26,072 INFO  [default]   cumulative: 143000
2026-08-30 22:24:26,072 INFO  [default]    inst rate: 500
2026-08-30 22:24:26,072 INFO  [default] commodity code 8 - Rated max consumption level electricity (W) is not recorded in the commodity CSV
2026-08-30 22:24:26,073 INFO  [default] commodity code: 6 - Total energy storage/take capacity (W-hr)
2026-08-30 22:24:26,073 INFO  [default]            source: Estimated
2026-08-30 22:24:26,073 INFO  [default]   cumulative: 9190
2026-08-30 22:24:26,073 INFO  [default]    inst rate: not used for this commodity code
2026-08-30 22:24:26,073 INFO  [default] commodity code: 7 - Present energy storage/take capacity (W-hr)
2026-08-30 22:24:26,073 INFO  [default]            source: Estimated
2026-08-30 22:24:26,073 INFO  [default]   cumulative: 6208
2026-08-30 22:24:26,073 INFO  [default]    inst rate: not used for this commodity code
2026-08-30 22:24:26,073 INFO  [default] commodity code: 10 - Advanced load up total energy storage/take capacity (W-hr)
2026-08-30 22:24:26,073 INFO  [default]            source: Estimated
2026-08-30 22:24:26,073 INFO  [default]   cumulative: 12371
2026-08-30 22:24:26,073 INFO  [default]    inst rate: not used for this commodity code
2026-08-30 22:24:26,073 INFO  [default] commodity code: 11 - Advanced load up present energy storage/take capacity (W-hr)
2026-08-30 22:24:26,073 INFO  [default]            source: Estimated
2026-08-30 22:24:26,074 INFO  [default]   cumulative: 9389
2026-08-30 22:24:26,074 INFO  [default]    inst rate: not used for this commodity code
2026-08-30 22:24:26,276 INFO  [default] link ACK received: query_operational_state
2026-08-30 22:24:26,401 INFO  [default] operational state received: 2

Press Enter for a list of commands
2026-08-30 22:24:55,563 INFO  [default] link ACK received: query_operational_state
2026-08-30 22:24:55,686 INFO  [default] operational state received: 2

Press Enter for a list of commands
2026-08-30 22:25:24,847 INFO  [default] link ACK received: get_commodity
2026-08-30 22:25:25,015 INFO  [default] message type supported received: 2
2026-08-30 22:25:25,015 INFO  [default] commodity response received. response code: 0 - success; count: 6
2026-08-30 22:25:25,015 INFO  [default] commodity code: 0 - Electricity consumed (W & W-hr)
2026-08-30 22:25:25,015 INFO  [default]            source: Estimated
2026-08-30 22:25:25,015 INFO  [default]   cumulative: 143000
2026-08-30 22:25:25,015 INFO  [default]    inst rate: 500
2026-08-30 22:25:25,015 INFO  [default] commodity code 8 - Rated max consumption level electricity (W) is not recorded in the commodity CSV
2026-08-30 22:25:25,015 INFO  [default] commodity code: 6 - Total energy storage/take capacity (W-hr)
2026-08-30 22:25:25,015 INFO  [default]            source: Estimated
2026-08-30 22:25:25,015 INFO  [default]   cumulative: 9190
2026-08-30 22:25:25,015 INFO  [default]    inst rate: not used for this commodity code
2026-08-30 22:25:25,016 INFO  [default] commodity code: 7 - Present energy storage/take capacity (W-hr)
2026-08-30 22:25:25,016 INFO  [default]            source: Estimated
2026-08-30 22:25:25,016 INFO  [default]   cumulative: 6208
2026-08-30 22:25:25,016 INFO  [default]    inst rate: not used for this commodity code
2026-08-30 22:25:25,016 INFO  [default] commodity code: 10 - Advanced load up total energy storage/take capacity (W-hr)
2026-08-30 22:25:25,016 INFO  [default]            source: Estimated
2026-08-30 22:25:25,016 INFO  [default]   cumulative: 12371
2026-08-30 22:25:25,016 INFO  [default]    inst rate: not used for this commodity code
2026-08-30 22:25:25,016 INFO  [default] commodity code: 11 - Advanced load up present energy storage/take capacity (W-hr)
2026-08-30 22:25:25,016 INFO  [default]            source: Estimated
2026-08-30 22:25:25,016 INFO  [default]   cumulative: 9389
2026-08-30 22:25:25,016 INFO  [default]    inst rate: not used for this commodity code
2026-08-30 22:25:25,219 INFO  [default] link ACK received: query_operational_state
2026-08-30 22:25:25,342 INFO  [default] operational state received: 2

Press Enter for a list of commands
2026-08-30 22:25:55,503 INFO  [default] link ACK received: query_operational_state
2026-08-30 22:25:55,627 INFO  [default] operational state received: 2

Press Enter for a list of commands
2026-08-30 22:26:25,790 INFO  [default] link ACK received: get_commodity
2026-08-30 22:26:25,958 INFO  [default] message type supported received: 2
2026-08-30 22:26:25,959 INFO  [default] commodity response received. response code: 0 - success; count: 6
2026-08-30 22:26:25,959 INFO  [default] commodity code: 0 - Electricity consumed (W & W-hr)
2026-08-30 22:26:25,959 INFO  [default]            source: Estimated
2026-08-30 22:26:25,959 INFO  [default]   cumulative: 143000
2026-08-30 22:26:25,959 INFO  [default]    inst rate: 500
2026-08-30 22:26:25,960 INFO  [default] commodity code 8 - Rated max consumption level electricity (W) is not recorded in the commodity CSV
2026-08-30 22:26:25,960 INFO  [default] commodity code: 6 - Total energy storage/take capacity (W-hr)
2026-08-30 22:26:25,960 INFO  [default]            source: Estimated
2026-08-30 22:26:25,960 INFO  [default]   cumulative: 9190
2026-08-30 22:26:25,960 INFO  [default]    inst rate: not used for this commodity code
2026-08-30 22:26:25,960 INFO  [default] commodity code: 7 - Present energy storage/take capacity (W-hr)
2026-08-30 22:26:25,960 INFO  [default]            source: Estimated
2026-08-30 22:26:25,961 INFO  [default]   cumulative: 6208
2026-08-30 22:26:25,961 INFO  [default]    inst rate: not used for this commodity code
2026-08-30 22:26:25,961 INFO  [default] commodity code: 10 - Advanced load up total energy storage/take capacity (W-hr)
2026-08-30 22:26:25,961 INFO  [default]            source: Estimated
2026-08-30 22:26:25,961 INFO  [default]   cumulative: 12371
2026-08-30 22:26:25,961 INFO  [default]    inst rate: not used for this commodity code
2026-08-30 22:26:25,961 INFO  [default] commodity code: 11 - Advanced load up present energy storage/take capacity (W-hr)
2026-08-30 22:26:25,962 INFO  [default]            source: Estimated
2026-08-30 22:26:25,962 INFO  [default]   cumulative: 9389
2026-08-30 22:26:25,962 INFO  [default]    inst rate: not used for this commodity code
2026-08-30 22:26:26,164 INFO  [default] link ACK received: query_operational_state
2026-08-30 22:26:26,288 INFO  [default] operational state received: 2

Press Enter for a list of commands
2026-08-30 22:26:55,448 INFO  [default] link ACK received: query_operational_state
2026-08-30 22:26:55,572 INFO  [default] operational state received: 2

Press Enter for a list of commands
2026-08-30 22:27:25,732 INFO  [default] link ACK received: get_commodity
2026-08-30 22:27:25,900 INFO  [default] message type supported received: 2
2026-08-30 22:27:25,900 INFO  [default] commodity response received. response code: 0 - success; count: 6
2026-08-30 22:27:25,901 INFO  [default] commodity code: 0 - Electricity consumed (W & W-hr)
2026-08-30 22:27:25,901 INFO  [default]            source: Estimated
2026-08-30 22:27:25,901 INFO  [default]   cumulative: 143000
2026-08-30 22:27:25,901 INFO  [default]    inst rate: 500
2026-08-30 22:27:25,901 INFO  [default] commodity code 8 - Rated max consumption level electricity (W) is not recorded in the commodity CSV
2026-08-30 22:27:25,902 INFO  [default] commodity code: 6 - Total energy storage/take capacity (W-hr)
2026-08-30 22:27:25,902 INFO  [default]            source: Estimated
2026-08-30 22:27:25,902 INFO  [default]   cumulative: 9190
2026-08-30 22:27:25,902 INFO  [default]    inst rate: not used for this commodity code
2026-08-30 22:27:25,902 INFO  [default] commodity code: 7 - Present energy storage/take capacity (W-hr)
2026-08-30 22:27:25,902 INFO  [default]            source: Estimated
2026-08-30 22:27:25,902 INFO  [default]   cumulative: 6230
2026-08-30 22:27:25,902 INFO  [default]    inst rate: not used for this commodity code
2026-08-30 22:27:25,903 INFO  [default] commodity code: 10 - Advanced load up total energy storage/take capacity (W-hr)
2026-08-30 22:27:25,903 INFO  [default]            source: Estimated
2026-08-30 22:27:25,903 INFO  [default]   cumulative: 12371
2026-08-30 22:27:25,903 INFO  [default]    inst rate: not used for this commodity code
2026-08-30 22:27:25,903 INFO  [default] commodity code: 11 - Advanced load up present energy storage/take capacity (W-hr)
2026-08-30 22:27:25,903 INFO  [default]            source: Estimated
2026-08-30 22:27:25,903 INFO  [default]   cumulative: 9411
2026-08-30 22:27:25,903 INFO  [default]    inst rate: not used for this commodity code
2026-08-30 22:27:26,107 INFO  [default] link ACK received: query_operational_state
2026-08-30 22:27:26,230 INFO  [default] operational state received: 2

Press Enter for a list of commands
2026-08-30 22:27:55,391 INFO  [default] link ACK received: query_operational_state
2026-08-30 22:27:55,514 INFO  [default] operational state received: 2

Press Enter for a list of commands
2026-08-30 22:28:25,675 INFO  [default] link ACK received: get_commodity
2026-08-30 22:28:25,843 INFO  [default] message type supported received: 2
2026-08-30 22:28:25,844 INFO  [default] commodity response received. response code: 0 - success; count: 6
2026-08-30 22:28:25,844 INFO  [default] commodity code: 0 - Electricity consumed (W & W-hr)
2026-08-30 22:28:25,844 INFO  [default]            source: Estimated
2026-08-30 22:28:25,844 INFO  [default]   cumulative: 143000
2026-08-30 22:28:25,844 INFO  [default]    inst rate: 500
2026-08-30 22:28:25,844 INFO  [default] commodity code 8 - Rated max consumption level electricity (W) is not recorded in the commodity CSV
2026-08-30 22:28:25,845 INFO  [default] commodity code: 6 - Total energy storage/take capacity (W-hr)
2026-08-30 22:28:25,845 INFO  [default]            source: Estimated
2026-08-30 22:28:25,845 INFO  [default]   cumulative: 9190
2026-08-30 22:28:25,845 INFO  [default]    inst rate: not used for this commodity code
2026-08-30 22:28:25,845 INFO  [default] commodity code: 7 - Present energy storage/take capacity (W-hr)
2026-08-30 22:28:25,845 INFO  [default]            source: Estimated
2026-08-30 22:28:25,845 INFO  [default]   cumulative: 6274
2026-08-30 22:28:25,845 INFO  [default]    inst rate: not used for this commodity code
2026-08-30 22:28:25,845 INFO  [default] commodity code: 10 - Advanced load up total energy storage/take capacity (W-hr)
2026-08-30 22:28:25,845 INFO  [default]            source: Estimated
2026-08-30 22:28:25,845 INFO  [default]   cumulative: 12371
2026-08-30 22:28:25,845 INFO  [default]    inst rate: not used for this commodity code
2026-08-30 22:28:25,846 INFO  [default] commodity code: 11 - Advanced load up present energy storage/take capacity (W-hr)
2026-08-30 22:28:25,846 INFO  [default]            source: Estimated
2026-08-30 22:28:25,846 INFO  [default]   cumulative: 9455
2026-08-30 22:28:25,846 INFO  [default]    inst rate: not used for this commodity code
2026-08-30 22:28:26,048 INFO  [default] link ACK received: query_operational_state
2026-08-30 22:28:26,172 INFO  [default] operational state received: 2

Press Enter for a list of commands
2026-08-30 22:28:55,429 INFO  [default] link ACK received: query_operational_state
2026-08-30 22:28:55,553 INFO  [default] operational state received: 2

Press Enter for a list of commands
2026-08-30 22:29:25,712 INFO  [default] link ACK received: get_commodity
2026-08-30 22:29:25,880 INFO  [default] message type supported received: 2
2026-08-30 22:29:25,880 INFO  [default] commodity response received. response code: 0 - success; count: 6
2026-08-30 22:29:25,881 INFO  [default] commodity code: 0 - Electricity consumed (W & W-hr)
2026-08-30 22:29:25,881 INFO  [default]            source: Estimated
2026-08-30 22:29:25,881 INFO  [default]   cumulative: 143000
2026-08-30 22:29:25,881 INFO  [default]    inst rate: 500
2026-08-30 22:29:25,881 INFO  [default] commodity code 8 - Rated max consumption level electricity (W) is not recorded in the commodity CSV
2026-08-30 22:29:25,881 INFO  [default] commodity code: 6 - Total energy storage/take capacity (W-hr)
2026-08-30 22:29:25,881 INFO  [default]            source: Estimated
2026-08-30 22:29:25,881 INFO  [default]   cumulative: 9190
2026-08-30 22:29:25,881 INFO  [default]    inst rate: not used for this commodity code
2026-08-30 22:29:25,882 INFO  [default] commodity code: 7 - Present energy storage/take capacity (W-hr)
2026-08-30 22:29:25,882 INFO  [default]            source: Estimated
2026-08-30 22:29:25,882 INFO  [default]   cumulative: 6252
2026-08-30 22:29:25,882 INFO  [default]    inst rate: not used for this commodity code
2026-08-30 22:29:25,882 INFO  [default] commodity code: 10 - Advanced load up total energy storage/take capacity (W-hr)
2026-08-30 22:29:25,882 INFO  [default]            source: Estimated
2026-08-30 22:29:25,882 INFO  [default]   cumulative: 12371
2026-08-30 22:29:25,882 INFO  [default]    inst rate: not used for this commodity code
2026-08-30 22:29:25,882 INFO  [default] commodity code: 11 - Advanced load up present energy storage/take capacity (W-hr)
2026-08-30 22:29:25,882 INFO  [default]            source: Estimated
2026-08-30 22:29:25,882 INFO  [default]   cumulative: 9433
2026-08-30 22:29:25,883 INFO  [default]    inst rate: not used for this commodity code
2026-08-30 22:29:26,084 INFO  [default] link ACK received: query_operational_state
2026-08-30 22:29:26,208 INFO  [default] operational state received: 2

Press Enter for a list of commands
2026-08-30 22:29:55,366 INFO  [default] link ACK received: query_operational_state
2026-08-30 22:29:55,491 INFO  [default] operational state received: 2

Press Enter for a list of commands
1788154225,o,0 (PASSED!)
outside communication found
2026-08-30 22:30:25,651 INFO  [default] link ACK received: outside_communication
2026-08-30 22:30:25,774 INFO  [default] app ack received
2026-08-30 22:30:25,977 INFO  [default] link ACK received: get_commodity
2026-08-30 22:30:26,146 INFO  [default] message type supported received: 2
2026-08-30 22:30:26,146 INFO  [default] commodity response received. response code: 0 - success; count: 6
2026-08-30 22:30:26,146 INFO  [default] commodity code: 0 - Electricity consumed (W & W-hr)
2026-08-30 22:30:26,146 INFO  [default]            source: Estimated
2026-08-30 22:30:26,147 INFO  [default]   cumulative: 143000
2026-08-30 22:30:26,147 INFO  [default]    inst rate: 500
2026-08-30 22:30:26,147 INFO  [default] commodity code 8 - Rated max consumption level electricity (W) is not recorded in the commodity CSV
2026-08-30 22:30:26,147 INFO  [default] commodity code: 6 - Total energy storage/take capacity (W-hr)
2026-08-30 22:30:26,147 INFO  [default]            source: Estimated
2026-08-30 22:30:26,147 INFO  [default]   cumulative: 9190
2026-08-30 22:30:26,147 INFO  [default]    inst rate: not used for this commodity code
2026-08-30 22:30:26,147 INFO  [default] commodity code: 7 - Present energy storage/take capacity (W-hr)
2026-08-30 22:30:26,147 INFO  [default]            source: Estimated
2026-08-30 22:30:26,147 INFO  [default]   cumulative: 6252
2026-08-30 22:30:26,147 INFO  [default]    inst rate: not used for this commodity code
2026-08-30 22:30:26,147 INFO  [default] commodity code: 10 - Advanced load up total energy storage/take capacity (W-hr)
2026-08-30 22:30:26,147 INFO  [default]            source: Estimated
2026-08-30 22:30:26,147 INFO  [default]   cumulative: 12371
2026-08-30 22:30:26,147 INFO  [default]    inst rate: not used for this commodity code
2026-08-30 22:30:26,147 INFO  [default] commodity code: 11 - Advanced load up present energy storage/take capacity (W-hr)
2026-08-30 22:30:26,147 INFO  [default]            source: Estimated
2026-08-30 22:30:26,147 INFO  [default]   cumulative: 9433
2026-08-30 22:30:26,147 INFO  [default]    inst rate: not used for this commodity code
2026-08-30 22:30:26,350 INFO  [default] link ACK received: query_operational_state
2026-08-30 22:30:26,473 INFO  [default] operational state received: 2

Press Enter for a list of commands
2026-08-30 22:30:55,633 INFO  [default] link ACK received: query_operational_state
2026-08-30 22:30:55,756 INFO  [default] operational state received: 2

Press Enter for a list of commands
2026-08-30 22:31:24,916 INFO  [default] link ACK received: get_commodity
2026-08-30 22:31:25,086 INFO  [default] message type supported received: 2
2026-08-30 22:31:25,086 INFO  [default] commodity response received. response code: 0 - success; count: 6
2026-08-30 22:31:25,086 INFO  [default] commodity code: 0 - Electricity consumed (W & W-hr)
2026-08-30 22:31:25,086 INFO  [default]            source: Estimated
2026-08-30 22:31:25,087 INFO  [default]   cumulative: 143000
2026-08-30 22:31:25,087 INFO  [default]    inst rate: 500
2026-08-30 22:31:25,087 INFO  [default] commodity code 8 - Rated max consumption level electricity (W) is not recorded in the commodity CSV
2026-08-30 22:31:25,087 INFO  [default] commodity code: 6 - Total energy storage/take capacity (W-hr)
2026-08-30 22:31:25,087 INFO  [default]            source: Estimated
2026-08-30 22:31:25,087 INFO  [default]   cumulative: 9190
2026-08-30 22:31:25,087 INFO  [default]    inst rate: not used for this commodity code
2026-08-30 22:31:25,087 INFO  [default] commodity code: 7 - Present energy storage/take capacity (W-hr)
2026-08-30 22:31:25,087 INFO  [default]            source: Estimated
2026-08-30 22:31:25,087 INFO  [default]   cumulative: 6274
2026-08-30 22:31:25,087 INFO  [default]    inst rate: not used for this commodity code
2026-08-30 22:31:25,088 INFO  [default] commodity code: 10 - Advanced load up total energy storage/take capacity (W-hr)
2026-08-30 22:31:25,088 INFO  [default]            source: Estimated
2026-08-30 22:31:25,088 INFO  [default]   cumulative: 12371
2026-08-30 22:31:25,088 INFO  [default]    inst rate: not used for this commodity code
2026-08-30 22:31:25,088 INFO  [default] commodity code: 11 - Advanced load up present energy storage/take capacity (W-hr)
2026-08-30 22:31:25,088 INFO  [default]            source: Estimated
2026-08-30 22:31:25,088 INFO  [default]   cumulative: 9455
2026-08-30 22:31:25,088 INFO  [default]    inst rate: not used for this commodity code
2026-08-30 22:31:25,290 INFO  [default] link ACK received: query_operational_state
2026-08-30 22:31:25,414 INFO  [default] operational state received: 2

Press Enter for a list of commands
2026-08-30 22:31:55,672 INFO  [default] link ACK received: query_operational_state
2026-08-30 22:31:55,796 INFO  [default] operational state received: 2

Press Enter for a list of commands
2026-08-30 22:32:24,954 INFO  [default] link ACK received: get_commodity
2026-08-30 22:32:25,124 INFO  [default] message type supported received: 2
2026-08-30 22:32:25,124 INFO  [default] commodity response received. response code: 0 - success; count: 6
2026-08-30 22:32:25,125 INFO  [default] commodity code: 0 - Electricity consumed (W & W-hr)
2026-08-30 22:32:25,125 INFO  [default]            source: Estimated
2026-08-30 22:32:25,125 INFO  [default]   cumulative: 143000
2026-08-30 22:32:25,125 INFO  [default]    inst rate: 500
2026-08-30 22:32:25,125 INFO  [default] commodity code 8 - Rated max consumption level electricity (W) is not recorded in the commodity CSV
2026-08-30 22:32:25,125 INFO  [default] commodity code: 6 - Total energy storage/take capacity (W-hr)
2026-08-30 22:32:25,125 INFO  [default]            source: Estimated
2026-08-30 22:32:25,126 INFO  [default]   cumulative: 9190
2026-08-30 22:32:25,126 INFO  [default]    inst rate: not used for this commodity code
2026-08-30 22:32:25,126 INFO  [default] commodity code: 7 - Present energy storage/take capacity (W-hr)
2026-08-30 22:32:25,126 INFO  [default]            source: Estimated
2026-08-30 22:32:25,126 INFO  [default]   cumulative: 6296
2026-08-30 22:32:25,126 INFO  [default]    inst rate: not used for this commodity code
2026-08-30 22:32:25,126 INFO  [default] commodity code: 10 - Advanced load up total energy storage/take capacity (W-hr)
2026-08-30 22:32:25,126 INFO  [default]            source: Estimated
2026-08-30 22:32:25,126 INFO  [default]   cumulative: 12371
2026-08-30 22:32:25,126 INFO  [default]    inst rate: not used for this commodity code
2026-08-30 22:32:25,126 INFO  [default] commodity code: 11 - Advanced load up present energy storage/take capacity (W-hr)
2026-08-30 22:32:25,127 INFO  [default]            source: Estimated
2026-08-30 22:32:25,127 INFO  [default]   cumulative: 9477
2026-08-30 22:32:25,127 INFO  [default]    inst rate: not used for this commodity code
2026-08-30 22:32:25,329 INFO  [default] link ACK received: query_operational_state
2026-08-30 22:32:25,453 INFO  [default] operational state received: 2

Press Enter for a list of commands
2026-08-30 22:32:55,614 INFO  [default] link ACK received: query_operational_state
2026-08-30 22:32:55,738 INFO  [default] operational state received: 2

Press Enter for a list of commands
2026-08-30 22:33:24,898 INFO  [default] link ACK received: get_commodity
2026-08-30 22:33:25,067 INFO  [default] message type supported received: 2
2026-08-30 22:33:25,067 INFO  [default] commodity response received. response code: 0 - success; count: 6
2026-08-30 22:33:25,067 INFO  [default] commodity code: 0 - Electricity consumed (W & W-hr)
2026-08-30 22:33:25,067 INFO  [default]            source: Estimated
2026-08-30 22:33:25,067 INFO  [default]   cumulative: 143000
2026-08-30 22:33:25,067 INFO  [default]    inst rate: 500
2026-08-30 22:33:25,068 INFO  [default] commodity code 8 - Rated max consumption level electricity (W) is not recorded in the commodity CSV
2026-08-30 22:33:25,068 INFO  [default] commodity code: 6 - Total energy storage/take capacity (W-hr)
2026-08-30 22:33:25,068 INFO  [default]            source: Estimated
2026-08-30 22:33:25,068 INFO  [default]   cumulative: 9190
2026-08-30 22:33:25,068 INFO  [default]    inst rate: not used for this commodity code
2026-08-30 22:33:25,068 INFO  [default] commodity code: 7 - Present energy storage/take capacity (W-hr)
2026-08-30 22:33:25,068 INFO  [default]            source: Estimated
2026-08-30 22:33:25,068 INFO  [default]   cumulative: 6296
2026-08-30 22:33:25,068 INFO  [default]    inst rate: not used for this commodity code
2026-08-30 22:33:25,068 INFO  [default] commodity code: 10 - Advanced load up total energy storage/take capacity (W-hr)
2026-08-30 22:33:25,069 INFO  [default]            source: Estimated
2026-08-30 22:33:25,069 INFO  [default]   cumulative: 12371
2026-08-30 22:33:25,069 INFO  [default]    inst rate: not used for this commodity code
2026-08-30 22:33:25,069 INFO  [default] commodity code: 11 - Advanced load up present energy storage/take capacity (W-hr)
2026-08-30 22:33:25,069 INFO  [default]            source: Estimated
2026-08-30 22:33:25,069 INFO  [default]   cumulative: 9477
2026-08-30 22:33:25,069 INFO  [default]    inst rate: not used for this commodity code
2026-08-30 22:33:25,272 INFO  [default] link ACK received: query_operational_state
2026-08-30 22:33:25,396 INFO  [default] operational state received: 2

Press Enter for a list of commands
2026-08-30 22:33:55,657 INFO  [default] link ACK received: query_operational_state
2026-08-30 22:33:55,781 INFO  [default] operational state received: 2

Press Enter for a list of commands
2026-08-30 22:34:25,043 INFO  [default] link ACK received: get_commodity
2026-08-30 22:34:25,211 INFO  [default] message type supported received: 2
2026-08-30 22:34:25,211 INFO  [default] commodity response received. response code: 0 - success; count: 6
2026-08-30 22:34:25,211 INFO  [default] commodity code: 0 - Electricity consumed (W & W-hr)
2026-08-30 22:34:25,211 INFO  [default]            source: Estimated
2026-08-30 22:34:25,211 INFO  [default]   cumulative: 143000
2026-08-30 22:34:25,211 INFO  [default]    inst rate: 500
2026-08-30 22:34:25,211 INFO  [default] commodity code 8 - Rated max consumption level electricity (W) is not recorded in the commodity CSV
2026-08-30 22:34:25,211 INFO  [default] commodity code: 6 - Total energy storage/take capacity (W-hr)
2026-08-30 22:34:25,211 INFO  [default]            source: Estimated
2026-08-30 22:34:25,211 INFO  [default]   cumulative: 9190
2026-08-30 22:34:25,211 INFO  [default]    inst rate: not used for this commodity code
2026-08-30 22:34:25,211 INFO  [default] commodity code: 7 - Present energy storage/take capacity (W-hr)
2026-08-30 22:34:25,211 INFO  [default]            source: Estimated
2026-08-30 22:34:25,211 INFO  [default]   cumulative: 6340
2026-08-30 22:34:25,211 INFO  [default]    inst rate: not used for this commodity code
2026-08-30 22:34:25,211 INFO  [default] commodity code: 10 - Advanced load up total energy storage/take capacity (W-hr)
2026-08-30 22:34:25,211 INFO  [default]            source: Estimated
2026-08-30 22:34:25,212 INFO  [default]   cumulative: 12371
2026-08-30 22:34:25,212 INFO  [default]    inst rate: not used for this commodity code
2026-08-30 22:34:25,212 INFO  [default] commodity code: 11 - Advanced load up present energy storage/take capacity (W-hr)
2026-08-30 22:34:25,212 INFO  [default]            source: Estimated
2026-08-30 22:34:25,212 INFO  [default]   cumulative: 9521
2026-08-30 22:34:25,212 INFO  [default]    inst rate: not used for this commodity code
2026-08-30 22:34:25,414 INFO  [default] link ACK received: query_operational_state
2026-08-30 22:34:25,538 INFO  [default] operational state received: 2

Press Enter for a list of commands
2026-08-30 22:34:55,697 INFO  [default] link ACK received: query_operational_state
2026-08-30 22:34:55,821 INFO  [default] operational state received: 2

Press Enter for a list of commands
2026-08-30 22:35:25,076 INFO  [default] link ACK received: get_commodity
2026-08-30 22:35:25,245 INFO  [default] message type supported received: 2
2026-08-30 22:35:25,245 INFO  [default] commodity response received. response code: 0 - success; count: 6
2026-08-30 22:35:25,245 INFO  [default] commodity code: 0 - Electricity consumed (W & W-hr)
2026-08-30 22:35:25,245 INFO  [default]            source: Estimated
2026-08-30 22:35:25,245 INFO  [default]   cumulative: 143000
2026-08-30 22:35:25,245 INFO  [default]    inst rate: 500
2026-08-30 22:35:25,245 INFO  [default] commodity code 8 - Rated max consumption level electricity (W) is not recorded in the commodity CSV
2026-08-30 22:35:25,245 INFO  [default] commodity code: 6 - Total energy storage/take capacity (W-hr)
2026-08-30 22:35:25,245 INFO  [default]            source: Estimated
2026-08-30 22:35:25,245 INFO  [default]   cumulative: 9190
2026-08-30 22:35:25,245 INFO  [default]    inst rate: not used for this commodity code
2026-08-30 22:35:25,246 INFO  [default] commodity code: 7 - Present energy storage/take capacity (W-hr)
2026-08-30 22:35:25,246 INFO  [default]            source: Estimated
2026-08-30 22:35:25,246 INFO  [default]   cumulative: 6318
2026-08-30 22:35:25,246 INFO  [default]    inst rate: not used for this commodity code
2026-08-30 22:35:25,246 INFO  [default] commodity code: 10 - Advanced load up total energy storage/take capacity (W-hr)
2026-08-30 22:35:25,246 INFO  [default]            source: Estimated
2026-08-30 22:35:25,246 INFO  [default]   cumulative: 12371
2026-08-30 22:35:25,246 INFO  [default]    inst rate: not used for this commodity code
2026-08-30 22:35:25,246 INFO  [default] commodity code: 11 - Advanced load up present energy storage/take capacity (W-hr)
2026-08-30 22:35:25,246 INFO  [default]            source: Estimated
2026-08-30 22:35:25,246 INFO  [default]   cumulative: 9499
2026-08-30 22:35:25,246 INFO  [default]    inst rate: not used for this commodity code
2026-08-30 22:35:25,448 INFO  [default] link ACK received: query_operational_state
2026-08-30 22:35:25,572 INFO  [default] operational state received: 2

Press Enter for a list of commands
2026-08-30 22:35:55,830 INFO  [default] link ACK received: query_operational_state
2026-08-30 22:35:55,955 INFO  [default] operational state received: 2

Press Enter for a list of commands
2026-08-30 22:36:25,114 INFO  [default] link ACK received: get_commodity
2026-08-30 22:36:25,283 INFO  [default] message type supported received: 2
2026-08-30 22:36:25,283 INFO  [default] commodity response received. response code: 0 - success; count: 6
2026-08-30 22:36:25,284 INFO  [default] commodity code: 0 - Electricity consumed (W & W-hr)
2026-08-30 22:36:25,284 INFO  [default]            source: Estimated
2026-08-30 22:36:25,284 INFO  [default]   cumulative: 143000
2026-08-30 22:36:25,284 INFO  [default]    inst rate: 500
2026-08-30 22:36:25,284 INFO  [default] commodity code 8 - Rated max consumption level electricity (W) is not recorded in the commodity CSV
2026-08-30 22:36:25,284 INFO  [default] commodity code: 6 - Total energy storage/take capacity (W-hr)
2026-08-30 22:36:25,284 INFO  [default]            source: Estimated
2026-08-30 22:36:25,284 INFO  [default]   cumulative: 9190
2026-08-30 22:36:25,284 INFO  [default]    inst rate: not used for this commodity code
2026-08-30 22:36:25,284 INFO  [default] commodity code: 7 - Present energy storage/take capacity (W-hr)
2026-08-30 22:36:25,285 INFO  [default]            source: Estimated
2026-08-30 22:36:25,285 INFO  [default]   cumulative: 6318
2026-08-30 22:36:25,285 INFO  [default]    inst rate: not used for this commodity code
2026-08-30 22:36:25,285 INFO  [default] commodity code: 10 - Advanced load up total energy storage/take capacity (W-hr)
2026-08-30 22:36:25,285 INFO  [default]            source: Estimated
2026-08-30 22:36:25,285 INFO  [default]   cumulative: 12371
2026-08-30 22:36:25,285 INFO  [default]    inst rate: not used for this commodity code
2026-08-30 22:36:25,285 INFO  [default] commodity code: 11 - Advanced load up present energy storage/take capacity (W-hr)
2026-08-30 22:36:25,285 INFO  [default]            source: Estimated
2026-08-30 22:36:25,285 INFO  [default]   cumulative: 9499
2026-08-30 22:36:25,286 INFO  [default]    inst rate: not used for this commodity code
2026-08-30 22:36:25,488 INFO  [default] link ACK received: query_operational_state
2026-08-30 22:36:25,612 INFO  [default] operational state received: 2

Press Enter for a list of commands
2026-08-30 22:36:55,773 INFO  [default] link ACK received: query_operational_state
2026-08-30 22:36:55,897 INFO  [default] operational state received: 2

Press Enter for a list of commands
2026-08-30 22:37:25,152 INFO  [default] link ACK received: get_commodity
2026-08-30 22:37:25,319 INFO  [default] message type supported received: 2
2026-08-30 22:37:25,320 INFO  [default] commodity response received. response code: 0 - success; count: 6
2026-08-30 22:37:25,320 INFO  [default] commodity code: 0 - Electricity consumed (W & W-hr)
2026-08-30 22:37:25,320 INFO  [default]            source: Estimated
2026-08-30 22:37:25,320 INFO  [default]   cumulative: 143000
2026-08-30 22:37:25,320 INFO  [default]    inst rate: 500
2026-08-30 22:37:25,320 INFO  [default] commodity code 8 - Rated max consumption level electricity (W) is not recorded in the commodity CSV
2026-08-30 22:37:25,320 INFO  [default] commodity code: 6 - Total energy storage/take capacity (W-hr)
2026-08-30 22:37:25,320 INFO  [default]            source: Estimated
2026-08-30 22:37:25,320 INFO  [default]   cumulative: 9190
2026-08-30 22:37:25,320 INFO  [default]    inst rate: not used for this commodity code
2026-08-30 22:37:25,320 INFO  [default] commodity code: 7 - Present energy storage/take capacity (W-hr)
2026-08-30 22:37:25,321 INFO  [default]            source: Estimated
2026-08-30 22:37:25,321 INFO  [default]   cumulative: 6318
2026-08-30 22:37:25,321 INFO  [default]    inst rate: not used for this commodity code
2026-08-30 22:37:25,321 INFO  [default] commodity code: 10 - Advanced load up total energy storage/take capacity (W-hr)
2026-08-30 22:37:25,321 INFO  [default]            source: Estimated
2026-08-30 22:37:25,321 INFO  [default]   cumulative: 12371
2026-08-30 22:37:25,321 INFO  [default]    inst rate: not used for this commodity code
2026-08-30 22:37:25,321 INFO  [default] commodity code: 11 - Advanced load up present energy storage/take capacity (W-hr)
2026-08-30 22:37:25,321 INFO  [default]            source: Estimated
2026-08-30 22:37:25,321 INFO  [default]   cumulative: 9499
2026-08-30 22:37:25,321 INFO  [default]    inst rate: not used for this commodity code
2026-08-30 22:37:25,523 INFO  [default] link ACK received: query_operational_state
2026-08-30 22:37:25,647 INFO  [default] operational state received: 2

Press Enter for a list of commands
2026-08-30 22:37:55,806 INFO  [default] link ACK received: query_operational_state
2026-08-30 22:37:55,931 INFO  [default] operational state received: 2

Press Enter for a list of commands
2026-08-30 22:38:25,090 INFO  [default] link ACK received: get_commodity
2026-08-30 22:38:25,258 INFO  [default] message type supported received: 2
2026-08-30 22:38:25,258 INFO  [default] commodity response received. response code: 0 - success; count: 6
2026-08-30 22:38:25,258 INFO  [default] commodity code: 0 - Electricity consumed (W & W-hr)
2026-08-30 22:38:25,259 INFO  [default]            source: Estimated
2026-08-30 22:38:25,259 INFO  [default]   cumulative: 143000
2026-08-30 22:38:25,259 INFO  [default]    inst rate: 500
2026-08-30 22:38:25,259 INFO  [default] commodity code 8 - Rated max consumption level electricity (W) is not recorded in the commodity CSV
2026-08-30 22:38:25,259 INFO  [default] commodity code: 6 - Total energy storage/take capacity (W-hr)
2026-08-30 22:38:25,259 INFO  [default]            source: Estimated
2026-08-30 22:38:25,259 INFO  [default]   cumulative: 9190
2026-08-30 22:38:25,259 INFO  [default]    inst rate: not used for this commodity code
2026-08-30 22:38:25,260 INFO  [default] commodity code: 7 - Present energy storage/take capacity (W-hr)
2026-08-30 22:38:25,260 INFO  [default]            source: Estimated
2026-08-30 22:38:25,260 INFO  [default]   cumulative: 6340
2026-08-30 22:38:25,260 INFO  [default]    inst rate: not used for this commodity code
2026-08-30 22:38:25,260 INFO  [default] commodity code: 10 - Advanced load up total energy storage/take capacity (W-hr)
2026-08-30 22:38:25,260 INFO  [default]            source: Estimated
2026-08-30 22:38:25,260 INFO  [default]   cumulative: 12371
2026-08-30 22:38:25,261 INFO  [default]    inst rate: not used for this commodity code
2026-08-30 22:38:25,261 INFO  [default] commodity code: 11 - Advanced load up present energy storage/take capacity (W-hr)
2026-08-30 22:38:25,261 INFO  [default]            source: Estimated
2026-08-30 22:38:25,261 INFO  [default]   cumulative: 9521
2026-08-30 22:38:25,261 INFO  [default]    inst rate: not used for this commodity code
2026-08-30 22:38:25,463 INFO  [default] link ACK received: query_operational_state
2026-08-30 22:38:25,587 INFO  [default] operational state received: 2

Press Enter for a list of commands
2026-08-30 22:38:55,748 INFO  [default] link ACK received: query_operational_state
2026-08-30 22:38:55,871 INFO  [default] operational state received: 2

Press Enter for a list of commands
2026-08-30 22:39:25,031 INFO  [default] link ACK received: get_commodity
2026-08-30 22:39:25,200 INFO  [default] message type supported received: 2
2026-08-30 22:39:25,200 INFO  [default] commodity response received. response code: 0 - success; count: 6
2026-08-30 22:39:25,200 INFO  [default] commodity code: 0 - Electricity consumed (W & W-hr)
2026-08-30 22:39:25,201 INFO  [default]            source: Estimated
2026-08-30 22:39:25,201 INFO  [default]   cumulative: 143000
2026-08-30 22:39:25,201 INFO  [default]    inst rate: 500
2026-08-30 22:39:25,201 INFO  [default] commodity code 8 - Rated max consumption level electricity (W) is not recorded in the commodity CSV
2026-08-30 22:39:25,201 INFO  [default] commodity code: 6 - Total energy storage/take capacity (W-hr)
2026-08-30 22:39:25,201 INFO  [default]            source: Estimated
2026-08-30 22:39:25,201 INFO  [default]   cumulative: 9190
2026-08-30 22:39:25,202 INFO  [default]    inst rate: not used for this commodity code
2026-08-30 22:39:25,202 INFO  [default] commodity code: 7 - Present energy storage/take capacity (W-hr)
2026-08-30 22:39:25,202 INFO  [default]            source: Estimated
2026-08-30 22:39:25,202 INFO  [default]   cumulative: 6318
2026-08-30 22:39:25,202 INFO  [default]    inst rate: not used for this commodity code
2026-08-30 22:39:25,202 INFO  [default] commodity code: 10 - Advanced load up total energy storage/take capacity (W-hr)
2026-08-30 22:39:25,202 INFO  [default]            source: Estimated
2026-08-30 22:39:25,202 INFO  [default]   cumulative: 12371
2026-08-30 22:39:25,203 INFO  [default]    inst rate: not used for this commodity code
2026-08-30 22:39:25,203 INFO  [default] commodity code: 11 - Advanced load up present energy storage/take capacity (W-hr)
2026-08-30 22:39:25,203 INFO  [default]            source: Estimated
2026-08-30 22:39:25,203 INFO  [default]   cumulative: 9499
2026-08-30 22:39:25,203 INFO  [default]    inst rate: not used for this commodity code
2026-08-30 22:39:25,405 INFO  [default] link ACK received: query_operational_state
2026-08-30 22:39:25,530 INFO  [default] operational state received: 2

Press Enter for a list of commands
2026-08-30 22:39:55,689 INFO  [default] link ACK received: query_operational_state
2026-08-30 22:39:55,813 INFO  [default] operational state received: 2

Press Enter for a list of commands
2026-08-30 22:40:24,972 INFO  [default] link ACK received: get_commodity
2026-08-30 22:40:25,140 INFO  [default] message type supported received: 2
2026-08-30 22:40:25,140 INFO  [default] commodity response received. response code: 0 - success; count: 6
2026-08-30 22:40:25,141 INFO  [default] commodity code: 0 - Electricity consumed (W & W-hr)
2026-08-30 22:40:25,141 INFO  [default]            source: Estimated
2026-08-30 22:40:25,141 INFO  [default]   cumulative: 143000
2026-08-30 22:40:25,141 INFO  [default]    inst rate: 500
2026-08-30 22:40:25,142 INFO  [default] commodity code 8 - Rated max consumption level electricity (W) is not recorded in the commodity CSV
2026-08-30 22:40:25,142 INFO  [default] commodity code: 6 - Total energy storage/take capacity (W-hr)
2026-08-30 22:40:25,142 INFO  [default]            source: Estimated
2026-08-30 22:40:25,142 INFO  [default]   cumulative: 9190
2026-08-30 22:40:25,142 INFO  [default]    inst rate: not used for this commodity code
2026-08-30 22:40:25,142 INFO  [default] commodity code: 7 - Present energy storage/take capacity (W-hr)
2026-08-30 22:40:25,142 INFO  [default]            source: Estimated
2026-08-30 22:40:25,142 INFO  [default]   cumulative: 6318
2026-08-30 22:40:25,142 INFO  [default]    inst rate: not used for this commodity code
2026-08-30 22:40:25,143 INFO  [default] commodity code: 10 - Advanced load up total energy storage/take capacity (W-hr)
2026-08-30 22:40:25,143 INFO  [default]            source: Estimated
2026-08-30 22:40:25,143 INFO  [default]   cumulative: 12371
2026-08-30 22:40:25,143 INFO  [default]    inst rate: not used for this commodity code
2026-08-30 22:40:25,143 INFO  [default] commodity code: 11 - Advanced load up present energy storage/take capacity (W-hr)
2026-08-30 22:40:25,143 INFO  [default]            source: Estimated
2026-08-30 22:40:25,143 INFO  [default]   cumulative: 9499
2026-08-30 22:40:25,143 INFO  [default]    inst rate: not used for this commodity code
2026-08-30 22:40:25,347 INFO  [default] link ACK received: query_operational_state
2026-08-30 22:40:25,472 INFO  [default] operational state received: 2

Press Enter for a list of commands
1788154825,o,0 (PASSED!)
outside communication found
2026-08-30 22:40:26,576 INFO  [default] link ACK received: outside_communication
2026-08-30 22:40:26,700 INFO  [default] app ack received
2026-08-30 22:40:54,956 INFO  [default] link ACK received: query_operational_state
2026-08-30 22:40:55,080 INFO  [default] operational state received: 2

Press Enter for a list of commands
2026-08-30 22:41:25,337 INFO  [default] link ACK received: get_commodity
2026-08-30 22:41:25,507 INFO  [default] message type supported received: 2
2026-08-30 22:41:25,507 INFO  [default] commodity response received. response code: 0 - success; count: 6
2026-08-30 22:41:25,507 INFO  [default] commodity code: 0 - Electricity consumed (W & W-hr)
2026-08-30 22:41:25,508 INFO  [default]            source: Estimated
2026-08-30 22:41:25,508 INFO  [default]   cumulative: 143000
2026-08-30 22:41:25,508 INFO  [default]    inst rate: 500
2026-08-30 22:41:25,508 INFO  [default] commodity code 8 - Rated max consumption level electricity (W) is not recorded in the commodity CSV
2026-08-30 22:41:25,508 INFO  [default] commodity code: 6 - Total energy storage/take capacity (W-hr)
2026-08-30 22:41:25,508 INFO  [default]            source: Estimated
2026-08-30 22:41:25,508 INFO  [default]   cumulative: 9190
2026-08-30 22:41:25,508 INFO  [default]    inst rate: not used for this commodity code
2026-08-30 22:41:25,508 INFO  [default] commodity code: 7 - Present energy storage/take capacity (W-hr)
2026-08-30 22:41:25,508 INFO  [default]            source: Estimated
2026-08-30 22:41:25,508 INFO  [default]   cumulative: 6318
2026-08-30 22:41:25,508 INFO  [default]    inst rate: not used for this commodity code
2026-08-30 22:41:25,508 INFO  [default] commodity code: 10 - Advanced load up total energy storage/take capacity (W-hr)
2026-08-30 22:41:25,508 INFO  [default]            source: Estimated
2026-08-30 22:41:25,508 INFO  [default]   cumulative: 12371
2026-08-30 22:41:25,508 INFO  [default]    inst rate: not used for this commodity code
2026-08-30 22:41:25,508 INFO  [default] commodity code: 11 - Advanced load up present energy storage/take capacity (W-hr)
2026-08-30 22:41:25,508 INFO  [default]            source: Estimated
2026-08-30 22:41:25,508 INFO  [default]   cumulative: 9499
2026-08-30 22:41:25,508 INFO  [default]    inst rate: not used for this commodity code
2026-08-30 22:41:25,710 INFO  [default] link ACK received: query_operational_state
2026-08-30 22:41:25,835 INFO  [default] operational state received: 2

Press Enter for a list of commands
2026-08-30 22:41:54,992 INFO  [default] link ACK received: query_operational_state
2026-08-30 22:41:55,116 INFO  [default] operational state received: 2

Press Enter for a list of commands
2026-08-30 22:42:25,277 INFO  [default] link ACK received: get_commodity
2026-08-30 22:42:25,446 INFO  [default] message type supported received: 2
2026-08-30 22:42:25,446 INFO  [default] commodity response received. response code: 0 - success; count: 6
2026-08-30 22:42:25,446 INFO  [default] commodity code: 0 - Electricity consumed (W & W-hr)
2026-08-30 22:42:25,446 INFO  [default]            source: Estimated
2026-08-30 22:42:25,446 INFO  [default]   cumulative: 143000
2026-08-30 22:42:25,446 INFO  [default]    inst rate: 500
2026-08-30 22:42:25,446 INFO  [default] commodity code 8 - Rated max consumption level electricity (W) is not recorded in the commodity CSV
2026-08-30 22:42:25,447 INFO  [default] commodity code: 6 - Total energy storage/take capacity (W-hr)
2026-08-30 22:42:25,447 INFO  [default]            source: Estimated
2026-08-30 22:42:25,447 INFO  [default]   cumulative: 9190
2026-08-30 22:42:25,447 INFO  [default]    inst rate: not used for this commodity code
2026-08-30 22:42:25,447 INFO  [default] commodity code: 7 - Present energy storage/take capacity (W-hr)
2026-08-30 22:42:25,447 INFO  [default]            source: Estimated
2026-08-30 22:42:25,447 INFO  [default]   cumulative: 6362
2026-08-30 22:42:25,447 INFO  [default]    inst rate: not used for this commodity code
2026-08-30 22:42:25,447 INFO  [default] commodity code: 10 - Advanced load up total energy storage/take capacity (W-hr)
2026-08-30 22:42:25,447 INFO  [default]            source: Estimated
2026-08-30 22:42:25,447 INFO  [default]   cumulative: 12371
2026-08-30 22:42:25,447 INFO  [default]    inst rate: not used for this commodity code
2026-08-30 22:42:25,447 INFO  [default] commodity code: 11 - Advanced load up present energy storage/take capacity (W-hr)
2026-08-30 22:42:25,447 INFO  [default]            source: Estimated
2026-08-30 22:42:25,447 INFO  [default]   cumulative: 9544
2026-08-30 22:42:25,447 INFO  [default]    inst rate: not used for this commodity code
2026-08-30 22:42:25,650 INFO  [default] link ACK received: query_operational_state
2026-08-30 22:42:25,775 INFO  [default] operational state received: 2

Press Enter for a list of commands
2026-08-30 22:42:54,934 INFO  [default] link ACK received: query_operational_state
2026-08-30 22:42:55,057 INFO  [default] operational state received: 2

Press Enter for a list of commands
2026-08-30 22:43:25,220 INFO  [default] link ACK received: get_commodity
2026-08-30 22:43:25,388 INFO  [default] message type supported received: 2
2026-08-30 22:43:25,389 INFO  [default] commodity response received. response code: 0 - success; count: 6
2026-08-30 22:43:25,389 INFO  [default] commodity code: 0 - Electricity consumed (W & W-hr)
2026-08-30 22:43:25,389 INFO  [default]            source: Estimated
2026-08-30 22:43:25,389 INFO  [default]   cumulative: 143000
2026-08-30 22:43:25,389 INFO  [default]    inst rate: 500
2026-08-30 22:43:25,390 INFO  [default] commodity code 8 - Rated max consumption level electricity (W) is not recorded in the commodity CSV
2026-08-30 22:43:25,390 INFO  [default] commodity code: 6 - Total energy storage/take capacity (W-hr)
2026-08-30 22:43:25,390 INFO  [default]            source: Estimated
2026-08-30 22:43:25,390 INFO  [default]   cumulative: 9190
2026-08-30 22:43:25,390 INFO  [default]    inst rate: not used for this commodity code
2026-08-30 22:43:25,390 INFO  [default] commodity code: 7 - Present energy storage/take capacity (W-hr)
2026-08-30 22:43:25,390 INFO  [default]            source: Estimated
2026-08-30 22:43:25,390 INFO  [default]   cumulative: 6340
2026-08-30 22:43:25,390 INFO  [default]    inst rate: not used for this commodity code
2026-08-30 22:43:25,390 INFO  [default] commodity code: 10 - Advanced load up total energy storage/take capacity (W-hr)
2026-08-30 22:43:25,390 INFO  [default]            source: Estimated
2026-08-30 22:43:25,390 INFO  [default]   cumulative: 12371
2026-08-30 22:43:25,391 INFO  [default]    inst rate: not used for this commodity code
2026-08-30 22:43:25,391 INFO  [default] commodity code: 11 - Advanced load up present energy storage/take capacity (W-hr)
2026-08-30 22:43:25,391 INFO  [default]            source: Estimated
2026-08-30 22:43:25,391 INFO  [default]   cumulative: 9521
2026-08-30 22:43:25,391 INFO  [default]    inst rate: not used for this commodity code
2026-08-30 22:43:25,593 INFO  [default] link ACK received: query_operational_state
2026-08-30 22:43:25,718 INFO  [default] operational state received: 2

Press Enter for a list of commands
2026-08-30 22:43:54,875 INFO  [default] link ACK received: query_operational_state
2026-08-30 22:43:54,999 INFO  [default] operational state received: 2

Press Enter for a list of commands
2026-08-30 22:44:25,158 INFO  [default] link ACK received: get_commodity
2026-08-30 22:44:25,327 INFO  [default] message type supported received: 2
2026-08-30 22:44:25,327 INFO  [default] commodity response received. response code: 0 - success; count: 6
2026-08-30 22:44:25,327 INFO  [default] commodity code: 0 - Electricity consumed (W & W-hr)
2026-08-30 22:44:25,327 INFO  [default]            source: Estimated
2026-08-30 22:44:25,327 INFO  [default]   cumulative: 143000
2026-08-30 22:44:25,328 INFO  [default]    inst rate: 500
2026-08-30 22:44:25,328 INFO  [default] commodity code 8 - Rated max consumption level electricity (W) is not recorded in the commodity CSV
2026-08-30 22:44:25,328 INFO  [default] commodity code: 6 - Total energy storage/take capacity (W-hr)
2026-08-30 22:44:25,328 INFO  [default]            source: Estimated
2026-08-30 22:44:25,328 INFO  [default]   cumulative: 9190
2026-08-30 22:44:25,328 INFO  [default]    inst rate: not used for this commodity code
2026-08-30 22:44:25,328 INFO  [default] commodity code: 7 - Present energy storage/take capacity (W-hr)
2026-08-30 22:44:25,328 INFO  [default]            source: Estimated
2026-08-30 22:44:25,328 INFO  [default]   cumulative: 6340
2026-08-30 22:44:25,328 INFO  [default]    inst rate: not used for this commodity code
2026-08-30 22:44:25,328 INFO  [default] commodity code: 10 - Advanced load up total energy storage/take capacity (W-hr)
2026-08-30 22:44:25,329 INFO  [default]            source: Estimated
2026-08-30 22:44:25,329 INFO  [default]   cumulative: 12371
2026-08-30 22:44:25,329 INFO  [default]    inst rate: not used for this commodity code
2026-08-30 22:44:25,329 INFO  [default] commodity code: 11 - Advanced load up present energy storage/take capacity (W-hr)
2026-08-30 22:44:25,329 INFO  [default]            source: Estimated
2026-08-30 22:44:25,329 INFO  [default]   cumulative: 9521
2026-08-30 22:44:25,329 INFO  [default]    inst rate: not used for this commodity code
2026-08-30 22:44:25,531 INFO  [default] link ACK received: query_operational_state
2026-08-30 22:44:25,656 INFO  [default] operational state received: 2

Press Enter for a list of commands
2026-08-30 22:44:55,816 INFO  [default] link ACK received: query_operational_state
2026-08-30 22:44:55,940 INFO  [default] operational state received: 2

Press Enter for a list of commands
2026-08-30 22:45:25,099 INFO  [default] link ACK received: get_commodity
2026-08-30 22:45:25,267 INFO  [default] message type supported received: 2
2026-08-30 22:45:25,267 INFO  [default] commodity response received. response code: 0 - success; count: 6
2026-08-30 22:45:25,268 INFO  [default] commodity code: 0 - Electricity consumed (W & W-hr)
2026-08-30 22:45:25,268 INFO  [default]            source: Estimated
2026-08-30 22:45:25,268 INFO  [default]   cumulative: 143000
2026-08-30 22:45:25,268 INFO  [default]    inst rate: 500
2026-08-30 22:45:25,268 INFO  [default] commodity code 8 - Rated max consumption level electricity (W) is not recorded in the commodity CSV
2026-08-30 22:45:25,268 INFO  [default] commodity code: 6 - Total energy storage/take capacity (W-hr)
2026-08-30 22:45:25,269 INFO  [default]            source: Estimated
2026-08-30 22:45:25,269 INFO  [default]   cumulative: 9190
2026-08-30 22:45:25,269 INFO  [default]    inst rate: not used for this commodity code
2026-08-30 22:45:25,269 INFO  [default] commodity code: 7 - Present energy storage/take capacity (W-hr)
2026-08-30 22:45:25,269 INFO  [default]            source: Estimated
2026-08-30 22:45:25,269 INFO  [default]   cumulative: 6340
2026-08-30 22:45:25,270 INFO  [default]    inst rate: not used for this commodity code
2026-08-30 22:45:25,270 INFO  [default] commodity code: 10 - Advanced load up total energy storage/take capacity (W-hr)
2026-08-30 22:45:25,270 INFO  [default]            source: Estimated
2026-08-30 22:45:25,270 INFO  [default]   cumulative: 12371
2026-08-30 22:45:25,270 INFO  [default]    inst rate: not used for this commodity code
2026-08-30 22:45:25,270 INFO  [default] commodity code: 11 - Advanced load up present energy storage/take capacity (W-hr)
2026-08-30 22:45:25,270 INFO  [default]            source: Estimated
2026-08-30 22:45:25,270 INFO  [default]   cumulative: 9521
2026-08-30 22:45:25,271 INFO  [default]    inst rate: not used for this commodity code
2026-08-30 22:45:25,476 INFO  [default] link ACK received: query_operational_state
2026-08-30 22:45:25,599 INFO  [default] operational state received: 2

Press Enter for a list of commands
2026-08-30 22:45:55,761 INFO  [default] link ACK received: query_operational_state
2026-08-30 22:45:55,885 INFO  [default] operational state received: 2

Press Enter for a list of commands
2026-08-30 22:46:25,146 INFO  [default] link ACK received: get_commodity
2026-08-30 22:46:25,315 INFO  [default] message type supported received: 2
2026-08-30 22:46:25,315 INFO  [default] commodity response received. response code: 0 - success; count: 6
2026-08-30 22:46:25,316 INFO  [default] commodity code: 0 - Electricity consumed (W & W-hr)
2026-08-30 22:46:25,316 INFO  [default]            source: Estimated
2026-08-30 22:46:25,316 INFO  [default]   cumulative: 143000
2026-08-30 22:46:25,316 INFO  [default]    inst rate: 500
2026-08-30 22:46:25,316 INFO  [default] commodity code 8 - Rated max consumption level electricity (W) is not recorded in the commodity CSV
2026-08-30 22:46:25,316 INFO  [default] commodity code: 6 - Total energy storage/take capacity (W-hr)
2026-08-30 22:46:25,316 INFO  [default]            source: Estimated
2026-08-30 22:46:25,316 INFO  [default]   cumulative: 9190
2026-08-30 22:46:25,316 INFO  [default]    inst rate: not used for this commodity code
2026-08-30 22:46:25,316 INFO  [default] commodity code: 7 - Present energy storage/take capacity (W-hr)
2026-08-30 22:46:25,316 INFO  [default]            source: Estimated
2026-08-30 22:46:25,316 INFO  [default]   cumulative: 6340
2026-08-30 22:46:25,316 INFO  [default]    inst rate: not used for this commodity code
2026-08-30 22:46:25,316 INFO  [default] commodity code: 10 - Advanced load up total energy storage/take capacity (W-hr)
2026-08-30 22:46:25,316 INFO  [default]            source: Estimated
2026-08-30 22:46:25,316 INFO  [default]   cumulative: 12371
2026-08-30 22:46:25,316 INFO  [default]    inst rate: not used for this commodity code
2026-08-30 22:46:25,316 INFO  [default] commodity code: 11 - Advanced load up present energy storage/take capacity (W-hr)
2026-08-30 22:46:25,316 INFO  [default]            source: Estimated
2026-08-30 22:46:25,316 INFO  [default]   cumulative: 9521
2026-08-30 22:46:25,316 INFO  [default]    inst rate: not used for this commodity code
2026-08-30 22:46:25,519 INFO  [default] link ACK received: query_operational_state
2026-08-30 22:46:25,643 INFO  [default] operational state received: 2

Press Enter for a list of commands
2026-08-30 22:46:55,805 INFO  [default] link ACK received: query_operational_state
2026-08-30 22:46:55,929 INFO  [default] operational state received: 2

Press Enter for a list of commands
2026-08-30 22:47:25,090 INFO  [default] link ACK received: get_commodity
2026-08-30 22:47:25,258 INFO  [default] message type supported received: 2
2026-08-30 22:47:25,258 INFO  [default] commodity response received. response code: 0 - success; count: 6
2026-08-30 22:47:25,259 INFO  [default] commodity code: 0 - Electricity consumed (W & W-hr)
2026-08-30 22:47:25,259 INFO  [default]            source: Estimated
2026-08-30 22:47:25,259 INFO  [default]   cumulative: 143000
2026-08-30 22:47:25,259 INFO  [default]    inst rate: 500
2026-08-30 22:47:25,259 INFO  [default] commodity code 8 - Rated max consumption level electricity (W) is not recorded in the commodity CSV
2026-08-30 22:47:25,259 INFO  [default] commodity code: 6 - Total energy storage/take capacity (W-hr)
2026-08-30 22:47:25,259 INFO  [default]            source: Estimated
2026-08-30 22:47:25,259 INFO  [default]   cumulative: 9190
2026-08-30 22:47:25,259 INFO  [default]    inst rate: not used for this commodity code
2026-08-30 22:47:25,259 INFO  [default] commodity code: 7 - Present energy storage/take capacity (W-hr)
2026-08-30 22:47:25,259 INFO  [default]            source: Estimated
2026-08-30 22:47:25,259 INFO  [default]   cumulative: 6340
2026-08-30 22:47:25,259 INFO  [default]    inst rate: not used for this commodity code
2026-08-30 22:47:25,259 INFO  [default] commodity code: 10 - Advanced load up total energy storage/take capacity (W-hr)
2026-08-30 22:47:25,259 INFO  [default]            source: Estimated
2026-08-30 22:47:25,259 INFO  [default]   cumulative: 12371
2026-08-30 22:47:25,259 INFO  [default]    inst rate: not used for this commodity code
2026-08-30 22:47:25,259 INFO  [default] commodity code: 11 - Advanced load up present energy storage/take capacity (W-hr)
2026-08-30 22:47:25,259 INFO  [default]            source: Estimated
2026-08-30 22:47:25,259 INFO  [default]   cumulative: 9521
2026-08-30 22:47:25,260 INFO  [default]    inst rate: not used for this commodity code
2026-08-30 22:47:25,464 INFO  [default] link ACK received: query_operational_state
2026-08-30 22:47:25,587 INFO  [default] operational state received: 2

Press Enter for a list of commands
2026-08-30 22:47:55,746 INFO  [default] link ACK received: query_operational_state
2026-08-30 22:47:55,870 INFO  [default] operational state received: 2

Press Enter for a list of commands
2026-08-30 22:48:25,029 INFO  [default] link ACK received: get_commodity
2026-08-30 22:48:25,198 INFO  [default] message type supported received: 2
2026-08-30 22:48:25,198 INFO  [default] commodity response received. response code: 0 - success; count: 6
2026-08-30 22:48:25,199 INFO  [default] commodity code: 0 - Electricity consumed (W & W-hr)
2026-08-30 22:48:25,199 INFO  [default]            source: Estimated
2026-08-30 22:48:25,199 INFO  [default]   cumulative: 143000
2026-08-30 22:48:25,199 INFO  [default]    inst rate: 500
2026-08-30 22:48:25,199 INFO  [default] commodity code 8 - Rated max consumption level electricity (W) is not recorded in the commodity CSV
2026-08-30 22:48:25,199 INFO  [default] commodity code: 6 - Total energy storage/take capacity (W-hr)
2026-08-30 22:48:25,199 INFO  [default]            source: Estimated
2026-08-30 22:48:25,199 INFO  [default]   cumulative: 9190
2026-08-30 22:48:25,199 INFO  [default]    inst rate: not used for this commodity code
2026-08-30 22:48:25,199 INFO  [default] commodity code: 7 - Present energy storage/take capacity (W-hr)
2026-08-30 22:48:25,199 INFO  [default]            source: Estimated
2026-08-30 22:48:25,200 INFO  [default]   cumulative: 6362
2026-08-30 22:48:25,200 INFO  [default]    inst rate: not used for this commodity code
2026-08-30 22:48:25,200 INFO  [default] commodity code: 10 - Advanced load up total energy storage/take capacity (W-hr)
2026-08-30 22:48:25,200 INFO  [default]            source: Estimated
2026-08-30 22:48:25,200 INFO  [default]   cumulative: 12371
2026-08-30 22:48:25,200 INFO  [default]    inst rate: not used for this commodity code
2026-08-30 22:48:25,200 INFO  [default] commodity code: 11 - Advanced load up present energy storage/take capacity (W-hr)
2026-08-30 22:48:25,200 INFO  [default]            source: Estimated
2026-08-30 22:48:25,200 INFO  [default]   cumulative: 9544
2026-08-30 22:48:25,200 INFO  [default]    inst rate: not used for this commodity code
2026-08-30 22:48:25,402 INFO  [default] link ACK received: query_operational_state
2026-08-30 22:48:25,526 INFO  [default] operational state received: 2

Press Enter for a list of commands
2026-08-30 22:48:55,686 INFO  [default] link ACK received: query_operational_state
2026-08-30 22:48:55,810 INFO  [default] operational state received: 2

Press Enter for a list of commands
2026-08-30 22:49:24,970 INFO  [default] link ACK received: get_commodity
2026-08-30 22:49:25,139 INFO  [default] message type supported received: 2
2026-08-30 22:49:25,139 INFO  [default] commodity response received. response code: 0 - success; count: 6
2026-08-30 22:49:25,139 INFO  [default] commodity code: 0 - Electricity consumed (W & W-hr)
2026-08-30 22:49:25,139 INFO  [default]            source: Estimated
2026-08-30 22:49:25,140 INFO  [default]   cumulative: 143000
2026-08-30 22:49:25,140 INFO  [default]    inst rate: 500
2026-08-30 22:49:25,140 INFO  [default] commodity code 8 - Rated max consumption level electricity (W) is not recorded in the commodity CSV
2026-08-30 22:49:25,140 INFO  [default] commodity code: 6 - Total energy storage/take capacity (W-hr)
2026-08-30 22:49:25,140 INFO  [default]            source: Estimated
2026-08-30 22:49:25,140 INFO  [default]   cumulative: 9190
2026-08-30 22:49:25,140 INFO  [default]    inst rate: not used for this commodity code
2026-08-30 22:49:25,140 INFO  [default] commodity code: 7 - Present energy storage/take capacity (W-hr)
2026-08-30 22:49:25,141 INFO  [default]            source: Estimated
2026-08-30 22:49:25,141 INFO  [default]   cumulative: 6340
2026-08-30 22:49:25,141 INFO  [default]    inst rate: not used for this commodity code
2026-08-30 22:49:25,141 INFO  [default] commodity code: 10 - Advanced load up total energy storage/take capacity (W-hr)
2026-08-30 22:49:25,141 INFO  [default]            source: Estimated
2026-08-30 22:49:25,141 INFO  [default]   cumulative: 12371
2026-08-30 22:49:25,141 INFO  [default]    inst rate: not used for this commodity code
2026-08-30 22:49:25,141 INFO  [default] commodity code: 11 - Advanced load up present energy storage/take capacity (W-hr)
2026-08-30 22:49:25,141 INFO  [default]            source: Estimated
2026-08-30 22:49:25,142 INFO  [default]   cumulative: 9521
2026-08-30 22:49:25,142 INFO  [default]    inst rate: not used for this commodity code
2026-08-30 22:49:25,346 INFO  [default] link ACK received: query_operational_state
2026-08-30 22:49:25,470 INFO  [default] operational state received: 2

Press Enter for a list of commands
2026-08-30 22:49:55,633 INFO  [default] link ACK received: query_operational_state
2026-08-30 22:49:55,756 INFO  [default] operational state received: 2

Press Enter for a list of commands
2026-08-30 22:50:24,917 INFO  [default] link ACK received: get_commodity
2026-08-30 22:50:25,085 INFO  [default] message type supported received: 2
2026-08-30 22:50:25,085 INFO  [default] commodity response received. response code: 0 - success; count: 6
2026-08-30 22:50:25,086 INFO  [default] commodity code: 0 - Electricity consumed (W & W-hr)
2026-08-30 22:50:25,086 INFO  [default]            source: Estimated
2026-08-30 22:50:25,086 INFO  [default]   cumulative: 143000
2026-08-30 22:50:25,086 INFO  [default]    inst rate: 500
2026-08-30 22:50:25,087 INFO  [default] commodity code 8 - Rated max consumption level electricity (W) is not recorded in the commodity CSV
2026-08-30 22:50:25,087 INFO  [default] commodity code: 6 - Total energy storage/take capacity (W-hr)
2026-08-30 22:50:25,087 INFO  [default]            source: Estimated
2026-08-30 22:50:25,087 INFO  [default]   cumulative: 9190
2026-08-30 22:50:25,087 INFO  [default]    inst rate: not used for this commodity code
2026-08-30 22:50:25,087 INFO  [default] commodity code: 7 - Present energy storage/take capacity (W-hr)
2026-08-30 22:50:25,087 INFO  [default]            source: Estimated
2026-08-30 22:50:25,087 INFO  [default]   cumulative: 6340
2026-08-30 22:50:25,088 INFO  [default]    inst rate: not used for this commodity code
2026-08-30 22:50:25,088 INFO  [default] commodity code: 10 - Advanced load up total energy storage/take capacity (W-hr)
2026-08-30 22:50:25,088 INFO  [default]            source: Estimated
2026-08-30 22:50:25,088 INFO  [default]   cumulative: 12371
2026-08-30 22:50:25,088 INFO  [default]    inst rate: not used for this commodity code
2026-08-30 22:50:25,088 INFO  [default] commodity code: 11 - Advanced load up present energy storage/take capacity (W-hr)
2026-08-30 22:50:25,088 INFO  [default]            source: Estimated
2026-08-30 22:50:25,089 INFO  [default]   cumulative: 9521
2026-08-30 22:50:25,089 INFO  [default]    inst rate: not used for this commodity code
2026-08-30 22:50:25,292 INFO  [default] link ACK received: query_operational_state
2026-08-30 22:50:25,416 INFO  [default] operational state received: 2

Press Enter for a list of commands
1788155425,o,0 (PASSED!)
outside communication found
2026-08-30 22:50:26,519 INFO  [default] link ACK received: outside_communication
2026-08-30 22:50:26,643 INFO  [default] app ack received
2026-08-30 22:50:55,802 INFO  [default] link ACK received: query_operational_state
2026-08-30 22:50:55,925 INFO  [default] operational state received: 2

Press Enter for a list of commands
2026-08-30 22:51:25,084 INFO  [default] link ACK received: get_commodity
2026-08-30 22:51:25,254 INFO  [default] message type supported received: 2
2026-08-30 22:51:25,254 INFO  [default] commodity response received. response code: 0 - success; count: 6
2026-08-30 22:51:25,255 INFO  [default] commodity code: 0 - Electricity consumed (W & W-hr)
2026-08-30 22:51:25,255 INFO  [default]            source: Estimated
2026-08-30 22:51:25,255 INFO  [default]   cumulative: 143000
2026-08-30 22:51:25,255 INFO  [default]    inst rate: 500
2026-08-30 22:51:25,256 INFO  [default] commodity code 8 - Rated max consumption level electricity (W) is not recorded in the commodity CSV
2026-08-30 22:51:25,256 INFO  [default] commodity code: 6 - Total energy storage/take capacity (W-hr)
2026-08-30 22:51:25,256 INFO  [default]            source: Estimated
2026-08-30 22:51:25,256 INFO  [default]   cumulative: 9190
2026-08-30 22:51:25,256 INFO  [default]    inst rate: not used for this commodity code
2026-08-30 22:51:25,256 INFO  [default] commodity code: 7 - Present energy storage/take capacity (W-hr)
2026-08-30 22:51:25,256 INFO  [default]            source: Estimated
2026-08-30 22:51:25,256 INFO  [default]   cumulative: 6340
2026-08-30 22:51:25,257 INFO  [default]    inst rate: not used for this commodity code
2026-08-30 22:51:25,257 INFO  [default] commodity code: 10 - Advanced load up total energy storage/take capacity (W-hr)
2026-08-30 22:51:25,257 INFO  [default]            source: Estimated
2026-08-30 22:51:25,257 INFO  [default]   cumulative: 12371
2026-08-30 22:51:25,257 INFO  [default]    inst rate: not used for this commodity code
2026-08-30 22:51:25,257 INFO  [default] commodity code: 11 - Advanced load up present energy storage/take capacity (W-hr)
2026-08-30 22:51:25,257 INFO  [default]            source: Estimated
2026-08-30 22:51:25,258 INFO  [default]   cumulative: 9521
2026-08-30 22:51:25,258 INFO  [default]    inst rate: not used for this commodity code
2026-08-30 22:51:25,461 INFO  [default] link ACK received: query_operational_state
2026-08-30 22:51:25,585 INFO  [default] operational state received: 2

Press Enter for a list of commands
Returning state to normal...
2026-08-30 22:51:28,893 INFO  [default] link ACK received: run_normal
2026-08-30 22:51:29,016 INFO  [default] app ack received
Reporting outside communication disconnected...
2026-08-30 22:51:29,218 INFO  [default] link ACK received: outside_communication
2026-08-30 22:51:29,343 INFO  [default] app ack received
Loading...
Querying operational state after normal command...
2026-08-30 22:51:31,448 INFO  [default] link ACK received: query_operational_state
2026-08-30 22:51:31,572 INFO  [default] operational state received: 1

Press Enter for a list of commands
