timestamp_pacific,event_id,event,direction,command,result,argument,source,opcode1,opcode2,nak_code,nak_reason,operational_state,operational_state_name,intermediate_response_code,intermediate_response_name,details
2026-08-30T19:40:24.404-07:00,,controller_started,internal,controller,started,,controller,,,,,,,,,
2026-08-30T19:40:24.409-07:00,,serial_open,internal,serial_port,ok,/dev/ttyUSB0,controller,,,,,,,,,
2026-08-30T19:40:24.410-07:00,,communication_started,internal,cta2045,started,,controller,,,,,,,,,
2026-08-30T19:40:24.410-07:00,,query_sent,outbound,device_information,pending,,startup,1,1,,,,,,,
2026-08-30T19:40:24.573-07:00,,link_ack,inbound,device_information,ack,,link_layer,,,,,,,,,
2026-08-30T19:40:24.725-07:00,,intermediate_response,inbound,device_information,success,,device_response,1,129,,,,,0,success,
2026-08-30T19:40:24.766-07:00,,query_completed,outbound,device_information,ok,,startup,1,1,,,,,0,success,
2026-08-30T19:40:24.767-07:00,,query_sent,outbound,get_commodity,pending,,periodic,6,0,,,,,,,
2026-08-30T19:40:24.929-07:00,,link_ack,inbound,get_commodity,ack,,link_layer,6,,,,,,,,
2026-08-30T19:40:25.097-07:00,,intermediate_response,inbound,get_commodity,success,,device_response,6,128,,,,,0,success,
2026-08-30T19:40:25.138-07:00,,query_completed,outbound,get_commodity,ok,,periodic,6,0,,,,,0,success,
2026-08-30T19:40:25.139-07:00,,query_sent,outbound,query_operational_state,pending,,periodic,18,0,,,,,,,
2026-08-30T19:40:25.302-07:00,,link_ack,inbound,query_operational_state,ack,,link_layer,18,,,,,,,,
2026-08-30T19:40:25.425-07:00,,operational_state,inbound,query_operational_state,received,,device_response,19,0,,,0,Idle Normal,,,
2026-08-30T19:40:25.465-07:00,,query_completed,outbound,query_operational_state,ok,,periodic,18,0,,,,,,,
2026-08-30T19:40:26.465-07:00,auto_outside_comm_for_shed_1,command_sent,outbound,outside_communication1,pending,0,schedule,14,0,,,,,,,
2026-08-30T19:40:26.528-07:00,,link_ack,inbound,outside_communication,ack,,link_layer,14,,,,,,,,
2026-08-30T19:40:26.652-07:00,,application_ack,inbound,outside_communication,ack,,application_layer,3,14,,,,,,,
2026-08-30T19:40:26.692-07:00,auto_outside_comm_for_shed_1,command_completed,outbound,outside_communication1,ok,0,schedule,14,0,,,,,,,
2026-08-30T19:40:40.723-07:00,shed_1,command_sent,outbound,shed,pending,0,schedule,1,0,,,,,,,
2026-08-30T19:40:40.881-07:00,,link_ack,inbound,shed,ack,,link_layer,1,,,,,,,,
2026-08-30T19:40:41.004-07:00,,application_ack,inbound,shed,ack,,application_layer,3,1,,,,,,,
2026-08-30T19:40:41.045-07:00,shed_1,command_completed,outbound,shed,ok,0,schedule,1,0,,,,,,,
2026-08-30T19:40:43.944-07:00,,customer_override,inbound,customer_override,received,,application_layer,17,0,,,,,,,
2026-08-30T19:40:44.147-07:00,,link_ack,inbound,none,ack,,link_layer,,,,,,,,,
2026-08-30T19:40:55.082-07:00,,query_sent,outbound,query_operational_state,pending,,periodic,18,0,,,,,,,
2026-08-30T19:40:55.231-07:00,,link_ack,inbound,query_operational_state,ack,,link_layer,18,,,,,,,,
2026-08-30T19:40:55.354-07:00,,operational_state,inbound,query_operational_state,received,,device_response,19,4,,,4,Idle Curtailed,,,
2026-08-30T19:40:55.395-07:00,,query_completed,outbound,query_operational_state,ok,,periodic,18,0,,,,,,,
2026-08-30T19:41:25.460-07:00,,query_sent,outbound,get_commodity,pending,,periodic,6,0,,,,,,,
2026-08-30T19:41:25.616-07:00,,link_ack,inbound,get_commodity,ack,,link_layer,6,,,,,,,,
2026-08-30T19:41:25.784-07:00,,intermediate_response,inbound,get_commodity,success,,device_response,6,128,,,,,0,success,
2026-08-30T19:41:25.828-07:00,,query_completed,outbound,get_commodity,ok,,periodic,6,0,,,,,0,success,
2026-08-30T19:41:25.828-07:00,,query_sent,outbound,query_operational_state,pending,,periodic,18,0,,,,,,,
2026-08-30T19:41:25.990-07:00,,link_ack,inbound,query_operational_state,ack,,link_layer,18,,,,,,,,
2026-08-30T19:41:26.115-07:00,,operational_state,inbound,query_operational_state,received,,device_response,19,4,,,4,Idle Curtailed,,,
2026-08-30T19:41:26.155-07:00,,query_completed,outbound,query_operational_state,ok,,periodic,18,0,,,,,,,
2026-08-30T19:41:55.218-07:00,,query_sent,outbound,query_operational_state,pending,,periodic,18,0,,,,,,,
2026-08-30T19:41:55.376-07:00,,link_ack,inbound,query_operational_state,ack,,link_layer,18,,,,,,,,
2026-08-30T19:41:55.499-07:00,,operational_state,inbound,query_operational_state,received,,device_response,19,4,,,4,Idle Curtailed,,,
2026-08-30T19:41:55.540-07:00,,query_completed,outbound,query_operational_state,ok,,periodic,18,0,,,,,,,
2026-08-30T19:42:25.610-07:00,,query_sent,outbound,get_commodity,pending,,periodic,6,0,,,,,,,
2026-08-30T19:42:25.765-07:00,,link_ack,inbound,get_commodity,ack,,link_layer,6,,,,,,,,
2026-08-30T19:42:25.933-07:00,,intermediate_response,inbound,get_commodity,success,,device_response,6,128,,,,,0,success,
2026-08-30T19:42:25.976-07:00,,query_completed,outbound,get_commodity,ok,,periodic,6,0,,,,,0,success,
2026-08-30T19:42:25.977-07:00,,query_sent,outbound,query_operational_state,pending,,periodic,18,0,,,,,,,
2026-08-30T19:42:26.138-07:00,,link_ack,inbound,query_operational_state,ack,,link_layer,18,,,,,,,,
2026-08-30T19:42:26.262-07:00,,operational_state,inbound,query_operational_state,received,,device_response,19,4,,,4,Idle Curtailed,,,
2026-08-30T19:42:26.303-07:00,,query_completed,outbound,query_operational_state,ok,,periodic,18,0,,,,,,,
2026-08-30T19:42:55.366-07:00,,query_sent,outbound,query_operational_state,pending,,periodic,18,0,,,,,,,
2026-08-30T19:42:55.521-07:00,,link_ack,inbound,query_operational_state,ack,,link_layer,18,,,,,,,,
2026-08-30T19:42:55.644-07:00,,operational_state,inbound,query_operational_state,received,,device_response,19,4,,,4,Idle Curtailed,,,
2026-08-30T19:42:55.685-07:00,,query_completed,outbound,query_operational_state,ok,,periodic,18,0,,,,,,,
2026-08-30T19:43:25.758-07:00,,query_sent,outbound,get_commodity,pending,,periodic,6,0,,,,,,,
2026-08-30T19:43:25.909-07:00,,link_ack,inbound,get_commodity,ack,,link_layer,6,,,,,,,,
2026-08-30T19:43:26.078-07:00,,intermediate_response,inbound,get_commodity,success,,device_response,6,128,,,,,0,success,
2026-08-30T19:43:26.122-07:00,,query_completed,outbound,get_commodity,ok,,periodic,6,0,,,,,0,success,
2026-08-30T19:43:26.122-07:00,,query_sent,outbound,query_operational_state,pending,,periodic,18,0,,,,,,,
2026-08-30T19:43:26.284-07:00,,link_ack,inbound,query_operational_state,ack,,link_layer,18,,,,,,,,
2026-08-30T19:43:26.408-07:00,,operational_state,inbound,query_operational_state,received,,device_response,19,4,,,4,Idle Curtailed,,,
2026-08-30T19:43:26.448-07:00,,query_completed,outbound,query_operational_state,ok,,periodic,18,0,,,,,,,
2026-08-30T19:43:55.511-07:00,,query_sent,outbound,query_operational_state,pending,,periodic,18,0,,,,,,,
2026-08-30T19:43:55.667-07:00,,link_ack,inbound,query_operational_state,ack,,link_layer,18,,,,,,,,
2026-08-30T19:43:55.791-07:00,,operational_state,inbound,query_operational_state,received,,device_response,19,4,,,4,Idle Curtailed,,,
2026-08-30T19:43:55.832-07:00,,query_completed,outbound,query_operational_state,ok,,periodic,18,0,,,,,,,
2026-08-30T19:44:24.903-07:00,,query_sent,outbound,get_commodity,pending,,periodic,6,0,,,,,,,
2026-08-30T19:44:25.055-07:00,,link_ack,inbound,get_commodity,ack,,link_layer,6,,,,,,,,
2026-08-30T19:44:25.224-07:00,,intermediate_response,inbound,get_commodity,success,,device_response,6,128,,,,,0,success,
2026-08-30T19:44:25.267-07:00,,query_completed,outbound,get_commodity,ok,,periodic,6,0,,,,,0,success,
2026-08-30T19:44:25.268-07:00,,query_sent,outbound,query_operational_state,pending,,periodic,18,0,,,,,,,
2026-08-30T19:44:25.429-07:00,,link_ack,inbound,query_operational_state,ack,,link_layer,18,,,,,,,,
2026-08-30T19:44:25.553-07:00,,operational_state,inbound,query_operational_state,received,,device_response,19,4,,,4,Idle Curtailed,,,
2026-08-30T19:44:25.594-07:00,,query_completed,outbound,query_operational_state,ok,,periodic,18,0,,,,,,,
2026-08-30T19:44:55.659-07:00,,query_sent,outbound,query_operational_state,pending,,periodic,18,0,,,,,,,
2026-08-30T19:44:55.813-07:00,,link_ack,inbound,query_operational_state,ack,,link_layer,18,,,,,,,,
2026-08-30T19:44:55.937-07:00,,operational_state,inbound,query_operational_state,received,,device_response,19,4,,,4,Idle Curtailed,,,
2026-08-30T19:44:55.977-07:00,,query_completed,outbound,query_operational_state,ok,,periodic,18,0,,,,,,,
2026-08-30T19:45:25.048-07:00,,query_sent,outbound,get_commodity,pending,,periodic,6,0,,,,,,,
2026-08-30T19:45:25.201-07:00,,link_ack,inbound,get_commodity,ack,,link_layer,6,,,,,,,,
2026-08-30T19:45:25.369-07:00,,intermediate_response,inbound,get_commodity,success,,device_response,6,128,,,,,0,success,
2026-08-30T19:45:25.413-07:00,,query_completed,outbound,get_commodity,ok,,periodic,6,0,,,,,0,success,
2026-08-30T19:45:25.413-07:00,,query_sent,outbound,query_operational_state,pending,,periodic,18,0,,,,,,,
2026-08-30T19:45:25.575-07:00,,link_ack,inbound,query_operational_state,ack,,link_layer,18,,,,,,,,
2026-08-30T19:45:25.699-07:00,,operational_state,inbound,query_operational_state,received,,device_response,19,4,,,4,Idle Curtailed,,,
2026-08-30T19:45:25.739-07:00,,query_completed,outbound,query_operational_state,ok,,periodic,18,0,,,,,,,
2026-08-30T19:45:54.803-07:00,,query_sent,outbound,query_operational_state,pending,,periodic,18,0,,,,,,,
2026-08-30T19:45:54.958-07:00,,link_ack,inbound,query_operational_state,ack,,link_layer,18,,,,,,,,
2026-08-30T19:45:55.082-07:00,,operational_state,inbound,query_operational_state,received,,device_response,19,4,,,4,Idle Curtailed,,,
2026-08-30T19:45:55.123-07:00,,query_completed,outbound,query_operational_state,ok,,periodic,18,0,,,,,,,
2026-08-30T19:46:25.195-07:00,,query_sent,outbound,get_commodity,pending,,periodic,6,0,,,,,,,
2026-08-30T19:46:25.347-07:00,,link_ack,inbound,get_commodity,ack,,link_layer,6,,,,,,,,
2026-08-30T19:46:25.517-07:00,,intermediate_response,inbound,get_commodity,success,,device_response,6,128,,,,,0,success,
2026-08-30T19:46:25.560-07:00,,query_completed,outbound,get_commodity,ok,,periodic,6,0,,,,,0,success,
2026-08-30T19:46:25.561-07:00,,query_sent,outbound,query_operational_state,pending,,periodic,18,0,,,,,,,
2026-08-30T19:46:25.723-07:00,,link_ack,inbound,query_operational_state,ack,,link_layer,18,,,,,,,,
2026-08-30T19:46:25.848-07:00,,operational_state,inbound,query_operational_state,received,,device_response,19,4,,,4,Idle Curtailed,,,
2026-08-30T19:46:25.888-07:00,,query_completed,outbound,query_operational_state,ok,,periodic,18,0,,,,,,,
2026-08-30T19:46:54.949-07:00,,query_sent,outbound,query_operational_state,pending,,periodic,18,0,,,,,,,
2026-08-30T19:46:55.107-07:00,,link_ack,inbound,query_operational_state,ack,,link_layer,18,,,,,,,,
2026-08-30T19:46:55.231-07:00,,operational_state,inbound,query_operational_state,received,,device_response,19,4,,,4,Idle Curtailed,,,
2026-08-30T19:46:55.272-07:00,,query_completed,outbound,query_operational_state,ok,,periodic,18,0,,,,,,,
2026-08-30T19:47:25.345-07:00,,query_sent,outbound,get_commodity,pending,,periodic,6,0,,,,,,,
2026-08-30T19:47:25.498-07:00,,link_ack,inbound,get_commodity,ack,,link_layer,6,,,,,,,,
2026-08-30T19:47:25.667-07:00,,intermediate_response,inbound,get_commodity,success,,device_response,6,128,,,,,0,success,
2026-08-30T19:47:25.711-07:00,,query_completed,outbound,get_commodity,ok,,periodic,6,0,,,,,0,success,
2026-08-30T19:47:25.711-07:00,,query_sent,outbound,query_operational_state,pending,,periodic,18,0,,,,,,,
2026-08-30T19:47:25.873-07:00,,link_ack,inbound,query_operational_state,ack,,link_layer,18,,,,,,,,
2026-08-30T19:47:25.996-07:00,,operational_state,inbound,query_operational_state,received,,device_response,19,4,,,4,Idle Curtailed,,,
2026-08-30T19:47:26.037-07:00,,query_completed,outbound,query_operational_state,ok,,periodic,18,0,,,,,,,
2026-08-30T19:47:55.100-07:00,,query_sent,outbound,query_operational_state,pending,,periodic,18,0,,,,,,,
2026-08-30T19:47:55.258-07:00,,link_ack,inbound,query_operational_state,ack,,link_layer,18,,,,,,,,
2026-08-30T19:47:55.382-07:00,,operational_state,inbound,query_operational_state,received,,device_response,19,4,,,4,Idle Curtailed,,,
2026-08-30T19:47:55.422-07:00,,query_completed,outbound,query_operational_state,ok,,periodic,18,0,,,,,,,
2026-08-30T19:48:25.495-07:00,,query_sent,outbound,get_commodity,pending,,periodic,6,0,,,,,,,
2026-08-30T19:48:25.651-07:00,,link_ack,inbound,get_commodity,ack,,link_layer,6,,,,,,,,
2026-08-30T19:48:25.820-07:00,,intermediate_response,inbound,get_commodity,success,,device_response,6,128,,,,,0,success,
2026-08-30T19:48:25.863-07:00,,query_completed,outbound,get_commodity,ok,,periodic,6,0,,,,,0,success,
2026-08-30T19:48:25.864-07:00,,query_sent,outbound,query_operational_state,pending,,periodic,18,0,,,,,,,
2026-08-30T19:48:26.026-07:00,,link_ack,inbound,query_operational_state,ack,,link_layer,18,,,,,,,,
2026-08-30T19:48:26.149-07:00,,operational_state,inbound,query_operational_state,received,,device_response,19,4,,,4,Idle Curtailed,,,
2026-08-30T19:48:26.190-07:00,,query_completed,outbound,query_operational_state,ok,,periodic,18,0,,,,,,,
2026-08-30T19:48:55.252-07:00,,query_sent,outbound,query_operational_state,pending,,periodic,18,0,,,,,,,
2026-08-30T19:48:55.407-07:00,,link_ack,inbound,query_operational_state,ack,,link_layer,18,,,,,,,,
2026-08-30T19:48:55.531-07:00,,operational_state,inbound,query_operational_state,received,,device_response,19,4,,,4,Idle Curtailed,,,
2026-08-30T19:48:55.572-07:00,,query_completed,outbound,query_operational_state,ok,,periodic,18,0,,,,,,,
2026-08-30T19:49:25.644-07:00,,query_sent,outbound,get_commodity,pending,,periodic,6,0,,,,,,,
2026-08-30T19:49:25.796-07:00,,link_ack,inbound,get_commodity,ack,,link_layer,6,,,,,,,,
2026-08-30T19:49:25.964-07:00,,intermediate_response,inbound,get_commodity,success,,device_response,6,128,,,,,0,success,
2026-08-30T19:49:26.008-07:00,,query_completed,outbound,get_commodity,ok,,periodic,6,0,,,,,0,success,
2026-08-30T19:49:26.008-07:00,,query_sent,outbound,query_operational_state,pending,,periodic,18,0,,,,,,,
2026-08-30T19:49:26.170-07:00,,link_ack,inbound,query_operational_state,ack,,link_layer,18,,,,,,,,
2026-08-30T19:49:26.294-07:00,,operational_state,inbound,query_operational_state,received,,device_response,19,4,,,4,Idle Curtailed,,,
2026-08-30T19:49:26.335-07:00,,query_completed,outbound,query_operational_state,ok,,periodic,18,0,,,,,,,
2026-08-30T19:49:55.398-07:00,,query_sent,outbound,query_operational_state,pending,,periodic,18,0,,,,,,,
2026-08-30T19:49:55.556-07:00,,link_ack,inbound,query_operational_state,ack,,link_layer,18,,,,,,,,
2026-08-30T19:49:55.679-07:00,,operational_state,inbound,query_operational_state,received,,device_response,19,4,,,4,Idle Curtailed,,,
2026-08-30T19:49:55.720-07:00,,query_completed,outbound,query_operational_state,ok,,periodic,18,0,,,,,,,
2026-08-30T19:50:24.791-07:00,,query_sent,outbound,get_commodity,pending,,periodic,6,0,,,,,,,
2026-08-30T19:50:24.946-07:00,,link_ack,inbound,get_commodity,ack,,link_layer,6,,,,,,,,
2026-08-30T19:50:25.114-07:00,,intermediate_response,inbound,get_commodity,success,,device_response,6,128,,,,,0,success,
2026-08-30T19:50:25.158-07:00,,query_completed,outbound,get_commodity,ok,,periodic,6,0,,,,,0,success,
2026-08-30T19:50:25.158-07:00,,query_sent,outbound,query_operational_state,pending,,periodic,18,0,,,,,,,
2026-08-30T19:50:25.321-07:00,,link_ack,inbound,query_operational_state,ack,,link_layer,18,,,,,,,,
2026-08-30T19:50:25.445-07:00,,operational_state,inbound,query_operational_state,received,,device_response,19,4,,,4,Idle Curtailed,,,
2026-08-30T19:50:25.486-07:00,,query_completed,outbound,query_operational_state,ok,,periodic,18,0,,,,,,,
2026-08-30T19:50:26.487-07:00,auto_outside_comm_heartbeat_01,command_sent,outbound,outside_communication1,pending,0,schedule,14,0,,,,,,,
2026-08-30T19:50:26.551-07:00,,link_ack,inbound,outside_communication,ack,,link_layer,14,,,,,,,,
2026-08-30T19:50:26.674-07:00,,application_ack,inbound,outside_communication,ack,,application_layer,3,14,,,,,,,
2026-08-30T19:50:26.715-07:00,auto_outside_comm_heartbeat_01,command_completed,outbound,outside_communication1,ok,0,schedule,14,0,,,,,,,
2026-08-30T19:50:54.779-07:00,,query_sent,outbound,query_operational_state,pending,,periodic,18,0,,,,,,,
2026-08-30T19:50:54.930-07:00,,link_ack,inbound,query_operational_state,ack,,link_layer,18,,,,,,,,
2026-08-30T19:50:55.054-07:00,,operational_state,inbound,query_operational_state,received,,device_response,19,4,,,4,Idle Curtailed,,,
2026-08-30T19:50:55.095-07:00,,query_completed,outbound,query_operational_state,ok,,periodic,18,0,,,,,,,
2026-08-30T19:51:25.168-07:00,,query_sent,outbound,get_commodity,pending,,periodic,6,0,,,,,,,
2026-08-30T19:51:25.321-07:00,,link_ack,inbound,get_commodity,ack,,link_layer,6,,,,,,,,
2026-08-30T19:51:25.490-07:00,,intermediate_response,inbound,get_commodity,success,,device_response,6,128,,,,,0,success,
2026-08-30T19:51:25.534-07:00,,query_completed,outbound,get_commodity,ok,,periodic,6,0,,,,,0,success,
2026-08-30T19:51:25.534-07:00,,query_sent,outbound,query_operational_state,pending,,periodic,18,0,,,,,,,
2026-08-30T19:51:25.696-07:00,,link_ack,inbound,query_operational_state,ack,,link_layer,18,,,,,,,,
2026-08-30T19:51:25.819-07:00,,operational_state,inbound,query_operational_state,received,,device_response,19,4,,,4,Idle Curtailed,,,
2026-08-30T19:51:25.860-07:00,,query_completed,outbound,query_operational_state,ok,,periodic,18,0,,,,,,,
2026-08-30T19:51:54.922-07:00,,query_sent,outbound,query_operational_state,pending,,periodic,18,0,,,,,,,
2026-08-30T19:51:55.081-07:00,,link_ack,inbound,query_operational_state,ack,,link_layer,18,,,,,,,,
2026-08-30T19:51:55.205-07:00,,operational_state,inbound,query_operational_state,received,,device_response,19,4,,,4,Idle Curtailed,,,
2026-08-30T19:51:55.245-07:00,,query_completed,outbound,query_operational_state,ok,,periodic,18,0,,,,,,,
2026-08-30T19:52:25.317-07:00,,query_sent,outbound,get_commodity,pending,,periodic,6,0,,,,,,,
2026-08-30T19:52:25.471-07:00,,link_ack,inbound,get_commodity,ack,,link_layer,6,,,,,,,,
2026-08-30T19:52:25.639-07:00,,intermediate_response,inbound,get_commodity,success,,device_response,6,128,,,,,0,success,
2026-08-30T19:52:25.682-07:00,,query_completed,outbound,get_commodity,ok,,periodic,6,0,,,,,0,success,
2026-08-30T19:52:25.682-07:00,,query_sent,outbound,query_operational_state,pending,,periodic,18,0,,,,,,,
2026-08-30T19:52:25.846-07:00,,link_ack,inbound,query_operational_state,ack,,link_layer,18,,,,,,,,
2026-08-30T19:52:25.970-07:00,,operational_state,inbound,query_operational_state,received,,device_response,19,4,,,4,Idle Curtailed,,,
2026-08-30T19:52:26.010-07:00,,query_completed,outbound,query_operational_state,ok,,periodic,18,0,,,,,,,
2026-08-30T19:52:55.073-07:00,,query_sent,outbound,query_operational_state,pending,,periodic,18,0,,,,,,,
2026-08-30T19:52:55.234-07:00,,link_ack,inbound,query_operational_state,ack,,link_layer,18,,,,,,,,
2026-08-30T19:52:55.357-07:00,,operational_state,inbound,query_operational_state,received,,device_response,19,4,,,4,Idle Curtailed,,,
2026-08-30T19:52:55.398-07:00,,query_completed,outbound,query_operational_state,ok,,periodic,18,0,,,,,,,
2026-08-30T19:53:25.470-07:00,,query_sent,outbound,get_commodity,pending,,periodic,6,0,,,,,,,
2026-08-30T19:53:25.622-07:00,,link_ack,inbound,get_commodity,ack,,link_layer,6,,,,,,,,
2026-08-30T19:53:25.791-07:00,,intermediate_response,inbound,get_commodity,success,,device_response,6,128,,,,,0,success,
2026-08-30T19:53:25.834-07:00,,query_completed,outbound,get_commodity,ok,,periodic,6,0,,,,,0,success,
2026-08-30T19:53:25.835-07:00,,query_sent,outbound,query_operational_state,pending,,periodic,18,0,,,,,,,
2026-08-30T19:53:25.999-07:00,,link_ack,inbound,query_operational_state,ack,,link_layer,18,,,,,,,,
2026-08-30T19:53:26.122-07:00,,operational_state,inbound,query_operational_state,received,,device_response,19,4,,,4,Idle Curtailed,,,
2026-08-30T19:53:26.163-07:00,,query_completed,outbound,query_operational_state,ok,,periodic,18,0,,,,,,,
2026-08-30T19:53:55.224-07:00,,query_sent,outbound,query_operational_state,pending,,periodic,18,0,,,,,,,
2026-08-30T19:53:55.386-07:00,,link_ack,inbound,query_operational_state,ack,,link_layer,18,,,,,,,,
2026-08-30T19:53:55.510-07:00,,operational_state,inbound,query_operational_state,received,,device_response,19,4,,,4,Idle Curtailed,,,
2026-08-30T19:53:55.550-07:00,,query_completed,outbound,query_operational_state,ok,,periodic,18,0,,,,,,,
2026-08-30T19:54:25.622-07:00,,query_sent,outbound,get_commodity,pending,,periodic,6,0,,,,,,,
2026-08-30T19:54:25.775-07:00,,link_ack,inbound,get_commodity,ack,,link_layer,6,,,,,,,,
2026-08-30T19:54:25.943-07:00,,intermediate_response,inbound,get_commodity,success,,device_response,6,128,,,,,0,success,
2026-08-30T19:54:25.987-07:00,,query_completed,outbound,get_commodity,ok,,periodic,6,0,,,,,0,success,
2026-08-30T19:54:25.987-07:00,,query_sent,outbound,query_operational_state,pending,,periodic,18,0,,,,,,,
2026-08-30T19:54:26.148-07:00,,link_ack,inbound,query_operational_state,ack,,link_layer,18,,,,,,,,
2026-08-30T19:54:26.272-07:00,,operational_state,inbound,query_operational_state,received,,device_response,19,4,,,4,Idle Curtailed,,,
2026-08-30T19:54:26.313-07:00,,query_completed,outbound,query_operational_state,ok,,periodic,18,0,,,,,,,
2026-08-30T19:54:55.375-07:00,,query_sent,outbound,query_operational_state,pending,,periodic,18,0,,,,,,,
2026-08-30T19:54:55.531-07:00,,link_ack,inbound,query_operational_state,ack,,link_layer,18,,,,,,,,
2026-08-30T19:54:55.655-07:00,,operational_state,inbound,query_operational_state,received,,device_response,19,4,,,4,Idle Curtailed,,,
2026-08-30T19:54:55.695-07:00,,query_completed,outbound,query_operational_state,ok,,periodic,18,0,,,,,,,
2026-08-30T19:55:25.767-07:00,,query_sent,outbound,get_commodity,pending,,periodic,6,0,,,,,,,
2026-08-30T19:55:25.919-07:00,,link_ack,inbound,get_commodity,ack,,link_layer,6,,,,,,,,
2026-08-30T19:55:26.088-07:00,,intermediate_response,inbound,get_commodity,success,,device_response,6,128,,,,,0,success,
2026-08-30T19:55:26.131-07:00,,query_completed,outbound,get_commodity,ok,,periodic,6,0,,,,,0,success,
2026-08-30T19:55:26.132-07:00,,query_sent,outbound,query_operational_state,pending,,periodic,18,0,,,,,,,
2026-08-30T19:55:26.294-07:00,,link_ack,inbound,query_operational_state,ack,,link_layer,18,,,,,,,,
2026-08-30T19:55:26.418-07:00,,operational_state,inbound,query_operational_state,received,,device_response,19,4,,,4,Idle Curtailed,,,
2026-08-30T19:55:26.458-07:00,,query_completed,outbound,query_operational_state,ok,,periodic,18,0,,,,,,,
2026-08-30T19:55:55.520-07:00,,query_sent,outbound,query_operational_state,pending,,periodic,18,0,,,,,,,
2026-08-30T19:55:55.677-07:00,,link_ack,inbound,query_operational_state,ack,,link_layer,18,,,,,,,,
2026-08-30T19:55:55.801-07:00,,operational_state,inbound,query_operational_state,received,,device_response,19,4,,,4,Idle Curtailed,,,
2026-08-30T19:55:55.841-07:00,,query_completed,outbound,query_operational_state,ok,,periodic,18,0,,,,,,,
2026-08-30T19:56:24.911-07:00,,query_sent,outbound,get_commodity,pending,,periodic,6,0,,,,,,,
2026-08-30T19:56:25.064-07:00,,link_ack,inbound,get_commodity,ack,,link_layer,6,,,,,,,,
2026-08-30T19:56:25.232-07:00,,intermediate_response,inbound,get_commodity,success,,device_response,6,128,,,,,0,success,
2026-08-30T19:56:25.276-07:00,,query_completed,outbound,get_commodity,ok,,periodic,6,0,,,,,0,success,
2026-08-30T19:56:25.276-07:00,,query_sent,outbound,query_operational_state,pending,,periodic,18,0,,,,,,,
2026-08-30T19:56:25.438-07:00,,link_ack,inbound,query_operational_state,ack,,link_layer,18,,,,,,,,
2026-08-30T19:56:25.563-07:00,,operational_state,inbound,query_operational_state,received,,device_response,19,4,,,4,Idle Curtailed,,,
2026-08-30T19:56:25.603-07:00,,query_completed,outbound,query_operational_state,ok,,periodic,18,0,,,,,,,
2026-08-30T19:56:55.668-07:00,,query_sent,outbound,query_operational_state,pending,,periodic,18,0,,,,,,,
2026-08-30T19:56:55.824-07:00,,link_ack,inbound,query_operational_state,ack,,link_layer,18,,,,,,,,
2026-08-30T19:56:55.948-07:00,,operational_state,inbound,query_operational_state,received,,device_response,19,4,,,4,Idle Curtailed,,,
2026-08-30T19:56:55.989-07:00,,query_completed,outbound,query_operational_state,ok,,periodic,18,0,,,,,,,
2026-08-30T19:57:25.059-07:00,,query_sent,outbound,get_commodity,pending,,periodic,6,0,,,,,,,
2026-08-30T19:57:25.211-07:00,,link_ack,inbound,get_commodity,ack,,link_layer,6,,,,,,,,
2026-08-30T19:57:25.381-07:00,,intermediate_response,inbound,get_commodity,success,,device_response,6,128,,,,,0,success,
2026-08-30T19:57:25.424-07:00,,query_completed,outbound,get_commodity,ok,,periodic,6,0,,,,,0,success,
2026-08-30T19:57:25.424-07:00,,query_sent,outbound,query_operational_state,pending,,periodic,18,0,,,,,,,
2026-08-30T19:57:25.587-07:00,,link_ack,inbound,query_operational_state,ack,,link_layer,18,,,,,,,,
2026-08-30T19:57:25.710-07:00,,operational_state,inbound,query_operational_state,received,,device_response,19,4,,,4,Idle Curtailed,,,
2026-08-30T19:57:25.751-07:00,,query_completed,outbound,query_operational_state,ok,,periodic,18,0,,,,,,,
2026-08-30T19:57:54.821-07:00,,query_sent,outbound,query_operational_state,pending,,periodic,18,0,,,,,,,
2026-08-30T19:57:54.973-07:00,,link_ack,inbound,query_operational_state,ack,,link_layer,18,,,,,,,,
2026-08-30T19:57:55.097-07:00,,operational_state,inbound,query_operational_state,received,,device_response,19,4,,,4,Idle Curtailed,,,
2026-08-30T19:57:55.137-07:00,,query_completed,outbound,query_operational_state,ok,,periodic,18,0,,,,,,,
2026-08-30T19:58:25.208-07:00,,query_sent,outbound,get_commodity,pending,,periodic,6,0,,,,,,,
2026-08-30T19:58:25.362-07:00,,link_ack,inbound,get_commodity,ack,,link_layer,6,,,,,,,,
2026-08-30T19:58:25.531-07:00,,intermediate_response,inbound,get_commodity,success,,device_response,6,128,,,,,0,success,
2026-08-30T19:58:25.574-07:00,,query_completed,outbound,get_commodity,ok,,periodic,6,0,,,,,0,success,
2026-08-30T19:58:25.574-07:00,,query_sent,outbound,query_operational_state,pending,,periodic,18,0,,,,,,,
2026-08-30T19:58:25.736-07:00,,link_ack,inbound,query_operational_state,ack,,link_layer,18,,,,,,,,
2026-08-30T19:58:25.861-07:00,,operational_state,inbound,query_operational_state,received,,device_response,19,4,,,4,Idle Curtailed,,,
2026-08-30T19:58:25.901-07:00,,query_completed,outbound,query_operational_state,ok,,periodic,18,0,,,,,,,
2026-08-30T19:58:54.964-07:00,,query_sent,outbound,query_operational_state,pending,,periodic,18,0,,,,,,,
2026-08-30T19:58:55.119-07:00,,link_ack,inbound,query_operational_state,ack,,link_layer,18,,,,,,,,
2026-08-30T19:58:55.243-07:00,,operational_state,inbound,query_operational_state,received,,device_response,19,4,,,4,Idle Curtailed,,,
2026-08-30T19:58:55.284-07:00,,query_completed,outbound,query_operational_state,ok,,periodic,18,0,,,,,,,
2026-08-30T19:59:25.356-07:00,,query_sent,outbound,get_commodity,pending,,periodic,6,0,,,,,,,
2026-08-30T19:59:25.509-07:00,,link_ack,inbound,get_commodity,ack,,link_layer,6,,,,,,,,
2026-08-30T19:59:25.677-07:00,,intermediate_response,inbound,get_commodity,success,,device_response,6,128,,,,,0,success,
2026-08-30T19:59:25.721-07:00,,query_completed,outbound,get_commodity,ok,,periodic,6,0,,,,,0,success,
2026-08-30T19:59:25.721-07:00,,query_sent,outbound,query_operational_state,pending,,periodic,18,0,,,,,,,
2026-08-30T19:59:25.883-07:00,,link_ack,inbound,query_operational_state,ack,,link_layer,18,,,,,,,,
2026-08-30T19:59:26.007-07:00,,operational_state,inbound,query_operational_state,received,,device_response,19,4,,,4,Idle Curtailed,,,
2026-08-30T19:59:26.047-07:00,,query_completed,outbound,query_operational_state,ok,,periodic,18,0,,,,,,,
2026-08-30T19:59:55.109-07:00,,query_sent,outbound,query_operational_state,pending,,periodic,18,0,,,,,,,
2026-08-30T19:59:55.264-07:00,,link_ack,inbound,query_operational_state,ack,,link_layer,18,,,,,,,,
2026-08-30T19:59:55.388-07:00,,operational_state,inbound,query_operational_state,received,,device_response,19,4,,,4,Idle Curtailed,,,
2026-08-30T19:59:55.428-07:00,,query_completed,outbound,query_operational_state,ok,,periodic,18,0,,,,,,,
2026-08-30T20:00:25.498-07:00,auto_outside_comm_heartbeat_02,command_sent,outbound,outside_communication1,pending,0,schedule,14,0,,,,,,,
2026-08-30T20:00:25.654-07:00,,link_ack,inbound,outside_communication,ack,,link_layer,14,,,,,,,,
2026-08-30T20:00:25.777-07:00,,application_ack,inbound,outside_communication,ack,,application_layer,3,14,,,,,,,
2026-08-30T20:00:25.818-07:00,auto_outside_comm_heartbeat_02,command_completed,outbound,outside_communication1,ok,0,schedule,14,0,,,,,,,
2026-08-30T20:00:25.821-07:00,,query_sent,outbound,get_commodity,pending,,periodic,6,0,,,,,,,
2026-08-30T20:00:25.981-07:00,,link_ack,inbound,get_commodity,ack,,link_layer,6,,,,,,,,
2026-08-30T20:00:26.148-07:00,,intermediate_response,inbound,get_commodity,success,,device_response,6,128,,,,,0,success,
2026-08-30T20:00:26.192-07:00,,query_completed,outbound,get_commodity,ok,,periodic,6,0,,,,,0,success,
2026-08-30T20:00:26.192-07:00,,query_sent,outbound,query_operational_state,pending,,periodic,18,0,,,,,,,
2026-08-30T20:00:26.354-07:00,,link_ack,inbound,query_operational_state,ack,,link_layer,18,,,,,,,,
2026-08-30T20:00:26.478-07:00,,operational_state,inbound,query_operational_state,received,,device_response,19,4,,,4,Idle Curtailed,,,
2026-08-30T20:00:26.518-07:00,,query_completed,outbound,query_operational_state,ok,,periodic,18,0,,,,,,,
2026-08-30T20:00:55.580-07:00,,query_sent,outbound,query_operational_state,pending,,periodic,18,0,,,,,,,
2026-08-30T20:00:55.737-07:00,,link_ack,inbound,query_operational_state,ack,,link_layer,18,,,,,,,,
2026-08-30T20:00:55.860-07:00,,operational_state,inbound,query_operational_state,received,,device_response,19,4,,,4,Idle Curtailed,,,
2026-08-30T20:00:55.900-07:00,,query_completed,outbound,query_operational_state,ok,,periodic,18,0,,,,,,,
2026-08-30T20:01:24.970-07:00,,query_sent,outbound,get_commodity,pending,,periodic,6,0,,,,,,,
2026-08-30T20:01:25.124-07:00,,link_ack,inbound,get_commodity,ack,,link_layer,6,,,,,,,,
2026-08-30T20:01:25.293-07:00,,intermediate_response,inbound,get_commodity,success,,device_response,6,128,,,,,0,success,
2026-08-30T20:01:25.336-07:00,,query_completed,outbound,get_commodity,ok,,periodic,6,0,,,,,0,success,
2026-08-30T20:01:25.336-07:00,,query_sent,outbound,query_operational_state,pending,,periodic,18,0,,,,,,,
2026-08-30T20:01:25.498-07:00,,link_ack,inbound,query_operational_state,ack,,link_layer,18,,,,,,,,
2026-08-30T20:01:25.623-07:00,,operational_state,inbound,query_operational_state,received,,device_response,19,4,,,4,Idle Curtailed,,,
2026-08-30T20:01:25.664-07:00,,query_completed,outbound,query_operational_state,ok,,periodic,18,0,,,,,,,
2026-08-30T20:01:55.728-07:00,,query_sent,outbound,query_operational_state,pending,,periodic,18,0,,,,,,,
2026-08-30T20:01:55.887-07:00,,link_ack,inbound,query_operational_state,ack,,link_layer,18,,,,,,,,
2026-08-30T20:01:56.011-07:00,,operational_state,inbound,query_operational_state,received,,device_response,19,4,,,4,Idle Curtailed,,,
2026-08-30T20:01:56.051-07:00,,query_completed,outbound,query_operational_state,ok,,periodic,18,0,,,,,,,
2026-08-30T20:02:25.120-07:00,,query_sent,outbound,get_commodity,pending,,periodic,6,0,,,,,,,
2026-08-30T20:02:25.273-07:00,,link_ack,inbound,get_commodity,ack,,link_layer,6,,,,,,,,
2026-08-30T20:02:25.442-07:00,,intermediate_response,inbound,get_commodity,success,,device_response,6,128,,,,,0,success,
2026-08-30T20:02:25.485-07:00,,query_completed,outbound,get_commodity,ok,,periodic,6,0,,,,,0,success,
2026-08-30T20:02:25.485-07:00,,query_sent,outbound,query_operational_state,pending,,periodic,18,0,,,,,,,
2026-08-30T20:02:25.647-07:00,,link_ack,inbound,query_operational_state,ack,,link_layer,18,,,,,,,,
2026-08-30T20:02:25.771-07:00,,operational_state,inbound,query_operational_state,received,,device_response,19,4,,,4,Idle Curtailed,,,
2026-08-30T20:02:25.811-07:00,,query_completed,outbound,query_operational_state,ok,,periodic,18,0,,,,,,,
2026-08-30T20:02:54.872-07:00,,query_sent,outbound,query_operational_state,pending,,periodic,18,0,,,,,,,
2026-08-30T20:02:55.030-07:00,,link_ack,inbound,query_operational_state,ack,,link_layer,18,,,,,,,,
2026-08-30T20:02:55.153-07:00,,operational_state,inbound,query_operational_state,received,,device_response,19,4,,,4,Idle Curtailed,,,
2026-08-30T20:02:55.194-07:00,,query_completed,outbound,query_operational_state,ok,,periodic,18,0,,,,,,,
2026-08-30T20:03:25.265-07:00,,query_sent,outbound,get_commodity,pending,,periodic,6,0,,,,,,,
2026-08-30T20:03:25.418-07:00,,link_ack,inbound,get_commodity,ack,,link_layer,6,,,,,,,,
2026-08-30T20:03:25.587-07:00,,intermediate_response,inbound,get_commodity,success,,device_response,6,128,,,,,0,success,
2026-08-30T20:03:25.630-07:00,,query_completed,outbound,get_commodity,ok,,periodic,6,0,,,,,0,success,
2026-08-30T20:03:25.630-07:00,,query_sent,outbound,query_operational_state,pending,,periodic,18,0,,,,,,,
2026-08-30T20:03:25.793-07:00,,link_ack,inbound,query_operational_state,ack,,link_layer,18,,,,,,,,
2026-08-30T20:03:25.917-07:00,,operational_state,inbound,query_operational_state,received,,device_response,19,2,,,2,Running Curtailed,,,
2026-08-30T20:03:25.957-07:00,,query_completed,outbound,query_operational_state,ok,,periodic,18,0,,,,,,,
2026-08-30T20:03:55.018-07:00,,query_sent,outbound,query_operational_state,pending,,periodic,18,0,,,,,,,
2026-08-30T20:03:55.174-07:00,,link_ack,inbound,query_operational_state,ack,,link_layer,18,,,,,,,,
2026-08-30T20:03:55.299-07:00,,operational_state,inbound,query_operational_state,received,,device_response,19,2,,,2,Running Curtailed,,,
2026-08-30T20:03:55.339-07:00,,query_completed,outbound,query_operational_state,ok,,periodic,18,0,,,,,,,
2026-08-30T20:04:25.411-07:00,,query_sent,outbound,get_commodity,pending,,periodic,6,0,,,,,,,
2026-08-30T20:04:25.562-07:00,,link_ack,inbound,get_commodity,ack,,link_layer,6,,,,,,,,
2026-08-30T20:04:25.733-07:00,,intermediate_response,inbound,get_commodity,success,,device_response,6,128,,,,,0,success,
2026-08-30T20:04:25.776-07:00,,query_completed,outbound,get_commodity,ok,,periodic,6,0,,,,,0,success,
2026-08-30T20:04:25.776-07:00,,query_sent,outbound,query_operational_state,pending,,periodic,18,0,,,,,,,
2026-08-30T20:04:25.939-07:00,,link_ack,inbound,query_operational_state,ack,,link_layer,18,,,,,,,,
2026-08-30T20:04:26.064-07:00,,operational_state,inbound,query_operational_state,received,,device_response,19,2,,,2,Running Curtailed,,,
2026-08-30T20:04:26.104-07:00,,query_completed,outbound,query_operational_state,ok,,periodic,18,0,,,,,,,
2026-08-30T20:04:55.174-07:00,,query_sent,outbound,query_operational_state,pending,,periodic,18,0,,,,,,,
2026-08-30T20:04:55.329-07:00,,link_ack,inbound,query_operational_state,ack,,link_layer,18,,,,,,,,
2026-08-30T20:04:55.452-07:00,,operational_state,inbound,query_operational_state,received,,device_response,19,2,,,2,Running Curtailed,,,
2026-08-30T20:04:55.492-07:00,,query_completed,outbound,query_operational_state,ok,,periodic,18,0,,,,,,,
2026-08-30T20:05:25.563-07:00,,query_sent,outbound,get_commodity,pending,,periodic,6,0,,,,,,,
2026-08-30T20:05:25.715-07:00,,link_ack,inbound,get_commodity,ack,,link_layer,6,,,,,,,,
2026-08-30T20:05:25.884-07:00,,intermediate_response,inbound,get_commodity,success,,device_response,6,128,,,,,0,success,
2026-08-30T20:05:25.927-07:00,,query_completed,outbound,get_commodity,ok,,periodic,6,0,,,,,0,success,
2026-08-30T20:05:25.927-07:00,,query_sent,outbound,query_operational_state,pending,,periodic,18,0,,,,,,,
2026-08-30T20:05:26.089-07:00,,link_ack,inbound,query_operational_state,ack,,link_layer,18,,,,,,,,
2026-08-30T20:05:26.213-07:00,,operational_state,inbound,query_operational_state,received,,device_response,19,2,,,2,Running Curtailed,,,
2026-08-30T20:05:26.254-07:00,,query_completed,outbound,query_operational_state,ok,,periodic,18,0,,,,,,,
2026-08-30T20:05:55.323-07:00,,query_sent,outbound,query_operational_state,pending,,periodic,18,0,,,,,,,
2026-08-30T20:05:55.475-07:00,,link_ack,inbound,query_operational_state,ack,,link_layer,18,,,,,,,,
2026-08-30T20:05:55.599-07:00,,operational_state,inbound,query_operational_state,received,,device_response,19,2,,,2,Running Curtailed,,,
2026-08-30T20:05:55.639-07:00,,query_completed,outbound,query_operational_state,ok,,periodic,18,0,,,,,,,
2026-08-30T20:06:25.711-07:00,,query_sent,outbound,get_commodity,pending,,periodic,6,0,,,,,,,
2026-08-30T20:06:25.862-07:00,,link_ack,inbound,get_commodity,ack,,link_layer,6,,,,,,,,
2026-08-30T20:06:26.032-07:00,,intermediate_response,inbound,get_commodity,success,,device_response,6,128,,,,,0,success,
2026-08-30T20:06:26.076-07:00,,query_completed,outbound,get_commodity,ok,,periodic,6,0,,,,,0,success,
2026-08-30T20:06:26.076-07:00,,query_sent,outbound,query_operational_state,pending,,periodic,18,0,,,,,,,
2026-08-30T20:06:26.238-07:00,,link_ack,inbound,query_operational_state,ack,,link_layer,18,,,,,,,,
2026-08-30T20:06:26.361-07:00,,operational_state,inbound,query_operational_state,received,,device_response,19,2,,,2,Running Curtailed,,,
2026-08-30T20:06:26.402-07:00,,query_completed,outbound,query_operational_state,ok,,periodic,18,0,,,,,,,
2026-08-30T20:06:55.464-07:00,,query_sent,outbound,query_operational_state,pending,,periodic,18,0,,,,,,,
2026-08-30T20:06:55.618-07:00,,link_ack,inbound,query_operational_state,ack,,link_layer,18,,,,,,,,
2026-08-30T20:06:55.742-07:00,,operational_state,inbound,query_operational_state,received,,device_response,19,2,,,2,Running Curtailed,,,
2026-08-30T20:06:55.782-07:00,,query_completed,outbound,query_operational_state,ok,,periodic,18,0,,,,,,,
2026-08-30T20:07:24.851-07:00,,query_sent,outbound,get_commodity,pending,,periodic,6,0,,,,,,,
2026-08-30T20:07:25.002-07:00,,link_ack,inbound,get_commodity,ack,,link_layer,6,,,,,,,,
2026-08-30T20:07:25.171-07:00,,intermediate_response,inbound,get_commodity,success,,device_response,6,128,,,,,0,success,
2026-08-30T20:07:25.214-07:00,,query_completed,outbound,get_commodity,ok,,periodic,6,0,,,,,0,success,
2026-08-30T20:07:25.214-07:00,,query_sent,outbound,query_operational_state,pending,,periodic,18,0,,,,,,,
2026-08-30T20:07:25.377-07:00,,link_ack,inbound,query_operational_state,ack,,link_layer,18,,,,,,,,
2026-08-30T20:07:25.500-07:00,,operational_state,inbound,query_operational_state,received,,device_response,19,2,,,2,Running Curtailed,,,
2026-08-30T20:07:25.540-07:00,,query_completed,outbound,query_operational_state,ok,,periodic,18,0,,,,,,,
2026-08-30T20:07:55.604-07:00,,query_sent,outbound,query_operational_state,pending,,periodic,18,0,,,,,,,
2026-08-30T20:07:55.760-07:00,,link_ack,inbound,query_operational_state,ack,,link_layer,18,,,,,,,,
2026-08-30T20:07:55.883-07:00,,operational_state,inbound,query_operational_state,received,,device_response,19,2,,,2,Running Curtailed,,,
2026-08-30T20:07:55.924-07:00,,query_completed,outbound,query_operational_state,ok,,periodic,18,0,,,,,,,
2026-08-30T20:08:24.993-07:00,,query_sent,outbound,get_commodity,pending,,periodic,6,0,,,,,,,
2026-08-30T20:08:25.142-07:00,,link_ack,inbound,get_commodity,ack,,link_layer,6,,,,,,,,
2026-08-30T20:08:25.312-07:00,,intermediate_response,inbound,get_commodity,success,,device_response,6,128,,,,,0,success,
2026-08-30T20:08:25.355-07:00,,query_completed,outbound,get_commodity,ok,,periodic,6,0,,,,,0,success,
2026-08-30T20:08:25.355-07:00,,query_sent,outbound,query_operational_state,pending,,periodic,18,0,,,,,,,
2026-08-30T20:08:25.517-07:00,,link_ack,inbound,query_operational_state,ack,,link_layer,18,,,,,,,,
2026-08-30T20:08:25.640-07:00,,operational_state,inbound,query_operational_state,received,,device_response,19,2,,,2,Running Curtailed,,,
2026-08-30T20:08:25.681-07:00,,query_completed,outbound,query_operational_state,ok,,periodic,18,0,,,,,,,
2026-08-30T20:08:55.745-07:00,,query_sent,outbound,query_operational_state,pending,,periodic,18,0,,,,,,,
2026-08-30T20:08:55.900-07:00,,link_ack,inbound,query_operational_state,ack,,link_layer,18,,,,,,,,
2026-08-30T20:08:56.023-07:00,,operational_state,inbound,query_operational_state,received,,device_response,19,2,,,2,Running Curtailed,,,
2026-08-30T20:08:56.064-07:00,,query_completed,outbound,query_operational_state,ok,,periodic,18,0,,,,,,,
2026-08-30T20:09:25.133-07:00,,query_sent,outbound,get_commodity,pending,,periodic,6,0,,,,,,,
2026-08-30T20:09:25.284-07:00,,link_ack,inbound,get_commodity,ack,,link_layer,6,,,,,,,,
2026-08-30T20:09:25.452-07:00,,intermediate_response,inbound,get_commodity,success,,device_response,6,128,,,,,0,success,
2026-08-30T20:09:25.495-07:00,,query_completed,outbound,get_commodity,ok,,periodic,6,0,,,,,0,success,
2026-08-30T20:09:25.495-07:00,,query_sent,outbound,query_operational_state,pending,,periodic,18,0,,,,,,,
2026-08-30T20:09:25.657-07:00,,link_ack,inbound,query_operational_state,ack,,link_layer,18,,,,,,,,
2026-08-30T20:09:25.781-07:00,,operational_state,inbound,query_operational_state,received,,device_response,19,2,,,2,Running Curtailed,,,
2026-08-30T20:09:25.822-07:00,,query_completed,outbound,query_operational_state,ok,,periodic,18,0,,,,,,,
2026-08-30T20:09:54.883-07:00,,query_sent,outbound,query_operational_state,pending,,periodic,18,0,,,,,,,
2026-08-30T20:09:55.038-07:00,,link_ack,inbound,query_operational_state,ack,,link_layer,18,,,,,,,,
2026-08-30T20:09:55.162-07:00,,operational_state,inbound,query_operational_state,received,,device_response,19,2,,,2,Running Curtailed,,,
2026-08-30T20:09:55.203-07:00,,query_completed,outbound,query_operational_state,ok,,periodic,18,0,,,,,,,
2026-08-30T20:10:25.272-07:00,auto_outside_comm_heartbeat_03,command_sent,outbound,outside_communication1,pending,0,schedule,14,0,,,,,,,
2026-08-30T20:10:25.426-07:00,,link_ack,inbound,outside_communication,ack,,link_layer,14,,,,,,,,
2026-08-30T20:10:25.550-07:00,,application_ack,inbound,outside_communication,ack,,application_layer,3,14,,,,,,,
2026-08-30T20:10:25.590-07:00,auto_outside_comm_heartbeat_03,command_completed,outbound,outside_communication1,ok,0,schedule,14,0,,,,,,,
2026-08-30T20:10:25.593-07:00,,query_sent,outbound,get_commodity,pending,,periodic,6,0,,,,,,,
2026-08-30T20:10:25.753-07:00,,link_ack,inbound,get_commodity,ack,,link_layer,6,,,,,,,,
2026-08-30T20:10:25.922-07:00,,intermediate_response,inbound,get_commodity,success,,device_response,6,128,,,,,0,success,
2026-08-30T20:10:25.964-07:00,,query_completed,outbound,get_commodity,ok,,periodic,6,0,,,,,0,success,
2026-08-30T20:10:25.965-07:00,,query_sent,outbound,query_operational_state,pending,,periodic,18,0,,,,,,,
2026-08-30T20:10:26.126-07:00,,link_ack,inbound,query_operational_state,ack,,link_layer,18,,,,,,,,
2026-08-30T20:10:26.250-07:00,,operational_state,inbound,query_operational_state,received,,device_response,19,2,,,2,Running Curtailed,,,
2026-08-30T20:10:26.291-07:00,,query_completed,outbound,query_operational_state,ok,,periodic,18,0,,,,,,,
2026-08-30T20:10:55.352-07:00,,query_sent,outbound,query_operational_state,pending,,periodic,18,0,,,,,,,
2026-08-30T20:10:55.505-07:00,,link_ack,inbound,query_operational_state,ack,,link_layer,18,,,,,,,,
2026-08-30T20:10:55.630-07:00,,operational_state,inbound,query_operational_state,received,,device_response,19,2,,,2,Running Curtailed,,,
2026-08-30T20:10:55.670-07:00,,query_completed,outbound,query_operational_state,ok,,periodic,18,0,,,,,,,
2026-08-30T20:11:25.741-07:00,,query_sent,outbound,get_commodity,pending,,periodic,6,0,,,,,,,
2026-08-30T20:11:25.893-07:00,,link_ack,inbound,get_commodity,ack,,link_layer,6,,,,,,,,
2026-08-30T20:11:26.061-07:00,,intermediate_response,inbound,get_commodity,success,,device_response,6,128,,,,,0,success,
2026-08-30T20:11:26.105-07:00,,query_completed,outbound,get_commodity,ok,,periodic,6,0,,,,,0,success,
2026-08-30T20:11:26.105-07:00,,query_sent,outbound,query_operational_state,pending,,periodic,18,0,,,,,,,
2026-08-30T20:11:26.267-07:00,,link_ack,inbound,query_operational_state,ack,,link_layer,18,,,,,,,,
2026-08-30T20:11:26.391-07:00,,operational_state,inbound,query_operational_state,received,,device_response,19,2,,,2,Running Curtailed,,,
2026-08-30T20:11:26.432-07:00,,query_completed,outbound,query_operational_state,ok,,periodic,18,0,,,,,,,
2026-08-30T20:11:55.492-07:00,,query_sent,outbound,query_operational_state,pending,,periodic,18,0,,,,,,,
2026-08-30T20:11:55.648-07:00,,link_ack,inbound,query_operational_state,ack,,link_layer,18,,,,,,,,
2026-08-30T20:11:55.772-07:00,,operational_state,inbound,query_operational_state,received,,device_response,19,2,,,2,Running Curtailed,,,
2026-08-30T20:11:55.813-07:00,,query_completed,outbound,query_operational_state,ok,,periodic,18,0,,,,,,,
2026-08-30T20:12:24.881-07:00,,query_sent,outbound,get_commodity,pending,,periodic,6,0,,,,,,,
2026-08-30T20:12:25.035-07:00,,link_ack,inbound,get_commodity,ack,,link_layer,6,,,,,,,,
2026-08-30T20:12:25.203-07:00,,intermediate_response,inbound,get_commodity,success,,device_response,6,128,,,,,0,success,
2026-08-30T20:12:25.247-07:00,,query_completed,outbound,get_commodity,ok,,periodic,6,0,,,,,0,success,
2026-08-30T20:12:25.247-07:00,,query_sent,outbound,query_operational_state,pending,,periodic,18,0,,,,,,,
2026-08-30T20:12:25.409-07:00,,link_ack,inbound,query_operational_state,ack,,link_layer,18,,,,,,,,
2026-08-30T20:12:25.533-07:00,,operational_state,inbound,query_operational_state,received,,device_response,19,2,,,2,Running Curtailed,,,
2026-08-30T20:12:25.573-07:00,,query_completed,outbound,query_operational_state,ok,,periodic,18,0,,,,,,,
2026-08-30T20:12:55.643-07:00,,query_sent,outbound,query_operational_state,pending,,periodic,18,0,,,,,,,
2026-08-30T20:12:55.796-07:00,,link_ack,inbound,query_operational_state,ack,,link_layer,18,,,,,,,,
2026-08-30T20:12:55.920-07:00,,operational_state,inbound,query_operational_state,received,,device_response,19,2,,,2,Running Curtailed,,,
2026-08-30T20:12:55.961-07:00,,query_completed,outbound,query_operational_state,ok,,periodic,18,0,,,,,,,
2026-08-30T20:13:25.028-07:00,,query_sent,outbound,get_commodity,pending,,periodic,6,0,,,,,,,
2026-08-30T20:13:25.181-07:00,,link_ack,inbound,get_commodity,ack,,link_layer,6,,,,,,,,
2026-08-30T20:13:25.350-07:00,,intermediate_response,inbound,get_commodity,success,,device_response,6,128,,,,,0,success,
2026-08-30T20:13:25.394-07:00,,query_completed,outbound,get_commodity,ok,,periodic,6,0,,,,,0,success,
2026-08-30T20:13:25.394-07:00,,query_sent,outbound,query_operational_state,pending,,periodic,18,0,,,,,,,
2026-08-30T20:13:25.556-07:00,,link_ack,inbound,query_operational_state,ack,,link_layer,18,,,,,,,,
2026-08-30T20:13:25.680-07:00,,operational_state,inbound,query_operational_state,received,,device_response,19,2,,,2,Running Curtailed,,,
2026-08-30T20:13:25.720-07:00,,query_completed,outbound,query_operational_state,ok,,periodic,18,0,,,,,,,
2026-08-30T20:13:54.782-07:00,,query_sent,outbound,query_operational_state,pending,,periodic,18,0,,,,,,,
2026-08-30T20:13:54.942-07:00,,link_ack,inbound,query_operational_state,ack,,link_layer,18,,,,,,,,
2026-08-30T20:13:55.066-07:00,,operational_state,inbound,query_operational_state,received,,device_response,19,2,,,2,Running Curtailed,,,
2026-08-30T20:13:55.106-07:00,,query_completed,outbound,query_operational_state,ok,,periodic,18,0,,,,,,,
2026-08-30T20:14:25.175-07:00,,query_sent,outbound,get_commodity,pending,,periodic,6,0,,,,,,,
2026-08-30T20:14:25.330-07:00,,link_ack,inbound,get_commodity,ack,,link_layer,6,,,,,,,,
2026-08-30T20:14:25.498-07:00,,intermediate_response,inbound,get_commodity,success,,device_response,6,128,,,,,0,success,
2026-08-30T20:14:25.541-07:00,,query_completed,outbound,get_commodity,ok,,periodic,6,0,,,,,0,success,
2026-08-30T20:14:25.541-07:00,,query_sent,outbound,query_operational_state,pending,,periodic,18,0,,,,,,,
2026-08-30T20:14:25.704-07:00,,link_ack,inbound,query_operational_state,ack,,link_layer,18,,,,,,,,
2026-08-30T20:14:25.829-07:00,,operational_state,inbound,query_operational_state,received,,device_response,19,2,,,2,Running Curtailed,,,
2026-08-30T20:14:25.869-07:00,,query_completed,outbound,query_operational_state,ok,,periodic,18,0,,,,,,,
2026-08-30T20:14:54.929-07:00,,query_sent,outbound,query_operational_state,pending,,periodic,18,0,,,,,,,
2026-08-30T20:14:55.087-07:00,,link_ack,inbound,query_operational_state,ack,,link_layer,18,,,,,,,,
2026-08-30T20:14:55.211-07:00,,operational_state,inbound,query_operational_state,received,,device_response,19,2,,,2,Running Curtailed,,,
2026-08-30T20:14:55.251-07:00,,query_completed,outbound,query_operational_state,ok,,periodic,18,0,,,,,,,
2026-08-30T20:15:25.322-07:00,,query_sent,outbound,get_commodity,pending,,periodic,6,0,,,,,,,
2026-08-30T20:15:25.473-07:00,,link_ack,inbound,get_commodity,ack,,link_layer,6,,,,,,,,
2026-08-30T20:15:25.642-07:00,,intermediate_response,inbound,get_commodity,success,,device_response,6,128,,,,,0,success,
2026-08-30T20:15:25.685-07:00,,query_completed,outbound,get_commodity,ok,,periodic,6,0,,,,,0,success,
2026-08-30T20:15:25.685-07:00,,query_sent,outbound,query_operational_state,pending,,periodic,18,0,,,,,,,
2026-08-30T20:15:25.847-07:00,,link_ack,inbound,query_operational_state,ack,,link_layer,18,,,,,,,,
2026-08-30T20:15:25.972-07:00,,operational_state,inbound,query_operational_state,received,,device_response,19,2,,,2,Running Curtailed,,,
2026-08-30T20:15:26.012-07:00,,query_completed,outbound,query_operational_state,ok,,periodic,18,0,,,,,,,
2026-08-30T20:15:55.073-07:00,,query_sent,outbound,query_operational_state,pending,,periodic,18,0,,,,,,,
2026-08-30T20:15:55.228-07:00,,link_ack,inbound,query_operational_state,ack,,link_layer,18,,,,,,,,
2026-08-30T20:15:55.353-07:00,,operational_state,inbound,query_operational_state,received,,device_response,19,2,,,2,Running Curtailed,,,
2026-08-30T20:15:55.394-07:00,,query_completed,outbound,query_operational_state,ok,,periodic,18,0,,,,,,,
2026-08-30T20:16:25.465-07:00,,query_sent,outbound,get_commodity,pending,,periodic,6,0,,,,,,,
2026-08-30T20:16:25.615-07:00,,link_ack,inbound,get_commodity,ack,,link_layer,6,,,,,,,,
2026-08-30T20:16:25.785-07:00,,intermediate_response,inbound,get_commodity,success,,device_response,6,128,,,,,0,success,
2026-08-30T20:16:25.828-07:00,,query_completed,outbound,get_commodity,ok,,periodic,6,0,,,,,0,success,
2026-08-30T20:16:25.828-07:00,,query_sent,outbound,query_operational_state,pending,,periodic,18,0,,,,,,,
2026-08-30T20:16:25.989-07:00,,link_ack,inbound,query_operational_state,ack,,link_layer,18,,,,,,,,
2026-08-30T20:16:26.113-07:00,,operational_state,inbound,query_operational_state,received,,device_response,19,2,,,2,Running Curtailed,,,
2026-08-30T20:16:26.154-07:00,,query_completed,outbound,query_operational_state,ok,,periodic,18,0,,,,,,,
2026-08-30T20:16:55.214-07:00,,query_sent,outbound,query_operational_state,pending,,periodic,18,0,,,,,,,
2026-08-30T20:16:55.369-07:00,,link_ack,inbound,query_operational_state,ack,,link_layer,18,,,,,,,,
2026-08-30T20:16:55.493-07:00,,operational_state,inbound,query_operational_state,received,,device_response,19,2,,,2,Running Curtailed,,,
2026-08-30T20:16:55.534-07:00,,query_completed,outbound,query_operational_state,ok,,periodic,18,0,,,,,,,
2026-08-30T20:17:25.606-07:00,,query_sent,outbound,get_commodity,pending,,periodic,6,0,,,,,,,
2026-08-30T20:17:25.757-07:00,,link_ack,inbound,get_commodity,ack,,link_layer,6,,,,,,,,
2026-08-30T20:17:25.926-07:00,,intermediate_response,inbound,get_commodity,success,,device_response,6,128,,,,,0,success,
2026-08-30T20:17:25.969-07:00,,query_completed,outbound,get_commodity,ok,,periodic,6,0,,,,,0,success,
2026-08-30T20:17:25.969-07:00,,query_sent,outbound,query_operational_state,pending,,periodic,18,0,,,,,,,
2026-08-30T20:17:26.134-07:00,,link_ack,inbound,query_operational_state,ack,,link_layer,18,,,,,,,,
2026-08-30T20:17:26.257-07:00,,operational_state,inbound,query_operational_state,received,,device_response,19,2,,,2,Running Curtailed,,,
2026-08-30T20:17:26.298-07:00,,query_completed,outbound,query_operational_state,ok,,periodic,18,0,,,,,,,
2026-08-30T20:17:55.366-07:00,,query_sent,outbound,query_operational_state,pending,,periodic,18,0,,,,,,,
2026-08-30T20:17:55.518-07:00,,link_ack,inbound,query_operational_state,ack,,link_layer,18,,,,,,,,
2026-08-30T20:17:55.643-07:00,,operational_state,inbound,query_operational_state,received,,device_response,19,2,,,2,Running Curtailed,,,
2026-08-30T20:17:55.684-07:00,,query_completed,outbound,query_operational_state,ok,,periodic,18,0,,,,,,,
2026-08-30T20:18:25.754-07:00,,query_sent,outbound,get_commodity,pending,,periodic,6,0,,,,,,,
2026-08-30T20:18:25.909-07:00,,link_ack,inbound,get_commodity,ack,,link_layer,6,,,,,,,,
2026-08-30T20:18:26.077-07:00,,intermediate_response,inbound,get_commodity,success,,device_response,6,128,,,,,0,success,
2026-08-30T20:18:26.120-07:00,,query_completed,outbound,get_commodity,ok,,periodic,6,0,,,,,0,success,
2026-08-30T20:18:26.120-07:00,,query_sent,outbound,query_operational_state,pending,,periodic,18,0,,,,,,,
2026-08-30T20:18:26.282-07:00,,link_ack,inbound,query_operational_state,ack,,link_layer,18,,,,,,,,
2026-08-30T20:18:26.407-07:00,,operational_state,inbound,query_operational_state,received,,device_response,19,2,,,2,Running Curtailed,,,
2026-08-30T20:18:26.448-07:00,,query_completed,outbound,query_operational_state,ok,,periodic,18,0,,,,,,,
2026-08-30T20:18:55.508-07:00,,query_sent,outbound,query_operational_state,pending,,periodic,18,0,,,,,,,
2026-08-30T20:18:55.664-07:00,,link_ack,inbound,query_operational_state,ack,,link_layer,18,,,,,,,,
2026-08-30T20:18:55.788-07:00,,operational_state,inbound,query_operational_state,received,,device_response,19,2,,,2,Running Curtailed,,,
2026-08-30T20:18:55.828-07:00,,query_completed,outbound,query_operational_state,ok,,periodic,18,0,,,,,,,
2026-08-30T20:19:24.897-07:00,,query_sent,outbound,get_commodity,pending,,periodic,6,0,,,,,,,
2026-08-30T20:19:25.051-07:00,,link_ack,inbound,get_commodity,ack,,link_layer,6,,,,,,,,
2026-08-30T20:19:25.219-07:00,,intermediate_response,inbound,get_commodity,success,,device_response,6,128,,,,,0,success,
2026-08-30T20:19:25.262-07:00,,query_completed,outbound,get_commodity,ok,,periodic,6,0,,,,,0,success,
2026-08-30T20:19:25.263-07:00,,query_sent,outbound,query_operational_state,pending,,periodic,18,0,,,,,,,
2026-08-30T20:19:25.425-07:00,,link_ack,inbound,query_operational_state,ack,,link_layer,18,,,,,,,,
2026-08-30T20:19:25.549-07:00,,operational_state,inbound,query_operational_state,received,,device_response,19,2,,,2,Running Curtailed,,,
2026-08-30T20:19:25.590-07:00,,query_completed,outbound,query_operational_state,ok,,periodic,18,0,,,,,,,
2026-08-30T20:19:55.653-07:00,,query_sent,outbound,query_operational_state,pending,,periodic,18,0,,,,,,,
2026-08-30T20:19:55.808-07:00,,link_ack,inbound,query_operational_state,ack,,link_layer,18,,,,,,,,
2026-08-30T20:19:55.933-07:00,,operational_state,inbound,query_operational_state,received,,device_response,19,2,,,2,Running Curtailed,,,
2026-08-30T20:19:55.973-07:00,,query_completed,outbound,query_operational_state,ok,,periodic,18,0,,,,,,,
2026-08-30T20:20:25.039-07:00,auto_outside_comm_heartbeat_04,command_sent,outbound,outside_communication1,pending,0,schedule,14,0,,,,,,,
2026-08-30T20:20:25.192-07:00,,link_ack,inbound,outside_communication,ack,,link_layer,14,,,,,,,,
2026-08-30T20:20:25.317-07:00,,application_ack,inbound,outside_communication,ack,,application_layer,3,14,,,,,,,
2026-08-30T20:20:25.358-07:00,auto_outside_comm_heartbeat_04,command_completed,outbound,outside_communication1,ok,0,schedule,14,0,,,,,,,
2026-08-30T20:20:25.360-07:00,,query_sent,outbound,get_commodity,pending,,periodic,6,0,,,,,,,
2026-08-30T20:20:25.522-07:00,,link_ack,inbound,get_commodity,ack,,link_layer,6,,,,,,,,
2026-08-30T20:20:25.691-07:00,,intermediate_response,inbound,get_commodity,success,,device_response,6,128,,,,,0,success,
2026-08-30T20:20:25.735-07:00,,query_completed,outbound,get_commodity,ok,,periodic,6,0,,,,,0,success,
2026-08-30T20:20:25.735-07:00,,query_sent,outbound,query_operational_state,pending,,periodic,18,0,,,,,,,
2026-08-30T20:20:25.897-07:00,,link_ack,inbound,query_operational_state,ack,,link_layer,18,,,,,,,,
2026-08-30T20:20:26.020-07:00,,operational_state,inbound,query_operational_state,received,,device_response,19,2,,,2,Running Curtailed,,,
2026-08-30T20:20:26.060-07:00,,query_completed,outbound,query_operational_state,ok,,periodic,18,0,,,,,,,
2026-08-30T20:20:55.120-07:00,,query_sent,outbound,query_operational_state,pending,,periodic,18,0,,,,,,,
2026-08-30T20:20:55.277-07:00,,link_ack,inbound,query_operational_state,ack,,link_layer,18,,,,,,,,
2026-08-30T20:20:55.402-07:00,,operational_state,inbound,query_operational_state,received,,device_response,19,2,,,2,Running Curtailed,,,
2026-08-30T20:20:55.442-07:00,,query_completed,outbound,query_operational_state,ok,,periodic,18,0,,,,,,,
2026-08-30T20:21:25.512-07:00,,query_sent,outbound,get_commodity,pending,,periodic,6,0,,,,,,,
2026-08-30T20:21:25.663-07:00,,link_ack,inbound,get_commodity,ack,,link_layer,6,,,,,,,,
2026-08-30T20:21:25.833-07:00,,intermediate_response,inbound,get_commodity,success,,device_response,6,128,,,,,0,success,
2026-08-30T20:21:25.877-07:00,,query_completed,outbound,get_commodity,ok,,periodic,6,0,,,,,0,success,
2026-08-30T20:21:25.877-07:00,,query_sent,outbound,query_operational_state,pending,,periodic,18,0,,,,,,,
2026-08-30T20:21:26.039-07:00,,link_ack,inbound,query_operational_state,ack,,link_layer,18,,,,,,,,
2026-08-30T20:21:26.163-07:00,,operational_state,inbound,query_operational_state,received,,device_response,19,2,,,2,Running Curtailed,,,
2026-08-30T20:21:26.203-07:00,,query_completed,outbound,query_operational_state,ok,,periodic,18,0,,,,,,,
2026-08-30T20:21:55.264-07:00,,query_sent,outbound,query_operational_state,pending,,periodic,18,0,,,,,,,
2026-08-30T20:21:55.419-07:00,,link_ack,inbound,query_operational_state,ack,,link_layer,18,,,,,,,,
2026-08-30T20:21:55.542-07:00,,operational_state,inbound,query_operational_state,received,,device_response,19,2,,,2,Running Curtailed,,,
2026-08-30T20:21:55.582-07:00,,query_completed,outbound,query_operational_state,ok,,periodic,18,0,,,,,,,
2026-08-30T20:22:25.652-07:00,,query_sent,outbound,get_commodity,pending,,periodic,6,0,,,,,,,
2026-08-30T20:22:25.804-07:00,,link_ack,inbound,get_commodity,ack,,link_layer,6,,,,,,,,
2026-08-30T20:22:25.974-07:00,,intermediate_response,inbound,get_commodity,success,,device_response,6,128,,,,,0,success,
2026-08-30T20:22:26.018-07:00,,query_completed,outbound,get_commodity,ok,,periodic,6,0,,,,,0,success,
2026-08-30T20:22:26.018-07:00,,query_sent,outbound,query_operational_state,pending,,periodic,18,0,,,,,,,
2026-08-30T20:22:26.181-07:00,,link_ack,inbound,query_operational_state,ack,,link_layer,18,,,,,,,,
2026-08-30T20:22:26.305-07:00,,operational_state,inbound,query_operational_state,received,,device_response,19,2,,,2,Running Curtailed,,,
2026-08-30T20:22:26.346-07:00,,query_completed,outbound,query_operational_state,ok,,periodic,18,0,,,,,,,
2026-08-30T20:22:55.406-07:00,,query_sent,outbound,query_operational_state,pending,,periodic,18,0,,,,,,,
2026-08-30T20:22:55.564-07:00,,link_ack,inbound,query_operational_state,ack,,link_layer,18,,,,,,,,
2026-08-30T20:22:55.688-07:00,,operational_state,inbound,query_operational_state,received,,device_response,19,2,,,2,Running Curtailed,,,
2026-08-30T20:22:55.729-07:00,,query_completed,outbound,query_operational_state,ok,,periodic,18,0,,,,,,,
2026-08-30T20:23:24.796-07:00,,query_sent,outbound,get_commodity,pending,,periodic,6,0,,,,,,,
2026-08-30T20:23:24.949-07:00,,link_ack,inbound,get_commodity,ack,,link_layer,6,,,,,,,,
2026-08-30T20:23:25.117-07:00,,intermediate_response,inbound,get_commodity,success,,device_response,6,128,,,,,0,success,
2026-08-30T20:23:25.160-07:00,,query_completed,outbound,get_commodity,ok,,periodic,6,0,,,,,0,success,
2026-08-30T20:23:25.160-07:00,,query_sent,outbound,query_operational_state,pending,,periodic,18,0,,,,,,,
2026-08-30T20:23:25.323-07:00,,link_ack,inbound,query_operational_state,ack,,link_layer,18,,,,,,,,
2026-08-30T20:23:25.448-07:00,,operational_state,inbound,query_operational_state,received,,device_response,19,2,,,2,Running Curtailed,,,
2026-08-30T20:23:25.488-07:00,,query_completed,outbound,query_operational_state,ok,,periodic,18,0,,,,,,,
2026-08-30T20:23:55.552-07:00,,query_sent,outbound,query_operational_state,pending,,periodic,18,0,,,,,,,
2026-08-30T20:23:55.707-07:00,,link_ack,inbound,query_operational_state,ack,,link_layer,18,,,,,,,,
2026-08-30T20:23:55.831-07:00,,operational_state,inbound,query_operational_state,received,,device_response,19,2,,,2,Running Curtailed,,,
2026-08-30T20:23:55.871-07:00,,query_completed,outbound,query_operational_state,ok,,periodic,18,0,,,,,,,
2026-08-30T20:24:24.939-07:00,,query_sent,outbound,get_commodity,pending,,periodic,6,0,,,,,,,
2026-08-30T20:24:25.093-07:00,,link_ack,inbound,get_commodity,ack,,link_layer,6,,,,,,,,
2026-08-30T20:24:25.262-07:00,,intermediate_response,inbound,get_commodity,success,,device_response,6,128,,,,,0,success,
2026-08-30T20:24:25.305-07:00,,query_completed,outbound,get_commodity,ok,,periodic,6,0,,,,,0,success,
2026-08-30T20:24:25.305-07:00,,query_sent,outbound,query_operational_state,pending,,periodic,18,0,,,,,,,
2026-08-30T20:24:25.467-07:00,,link_ack,inbound,query_operational_state,ack,,link_layer,18,,,,,,,,
2026-08-30T20:24:25.591-07:00,,operational_state,inbound,query_operational_state,received,,device_response,19,2,,,2,Running Curtailed,,,
2026-08-30T20:24:25.632-07:00,,query_completed,outbound,query_operational_state,ok,,periodic,18,0,,,,,,,
2026-08-30T20:24:55.701-07:00,,query_sent,outbound,query_operational_state,pending,,periodic,18,0,,,,,,,
2026-08-30T20:24:55.854-07:00,,link_ack,inbound,query_operational_state,ack,,link_layer,18,,,,,,,,
2026-08-30T20:24:55.979-07:00,,operational_state,inbound,query_operational_state,received,,device_response,19,2,,,2,Running Curtailed,,,
2026-08-30T20:24:56.019-07:00,,query_completed,outbound,query_operational_state,ok,,periodic,18,0,,,,,,,
2026-08-30T20:25:25.087-07:00,,query_sent,outbound,get_commodity,pending,,periodic,6,0,,,,,,,
2026-08-30T20:25:25.241-07:00,,link_ack,inbound,get_commodity,ack,,link_layer,6,,,,,,,,
2026-08-30T20:25:25.409-07:00,,intermediate_response,inbound,get_commodity,success,,device_response,6,128,,,,,0,success,
2026-08-30T20:25:25.452-07:00,,query_completed,outbound,get_commodity,ok,,periodic,6,0,,,,,0,success,
2026-08-30T20:25:25.452-07:00,,query_sent,outbound,query_operational_state,pending,,periodic,18,0,,,,,,,
2026-08-30T20:25:25.614-07:00,,link_ack,inbound,query_operational_state,ack,,link_layer,18,,,,,,,,
2026-08-30T20:25:25.738-07:00,,operational_state,inbound,query_operational_state,received,,device_response,19,2,,,2,Running Curtailed,,,
2026-08-30T20:25:25.778-07:00,,query_completed,outbound,query_operational_state,ok,,periodic,18,0,,,,,,,
2026-08-30T20:25:54.838-07:00,,query_sent,outbound,query_operational_state,pending,,periodic,18,0,,,,,,,
2026-08-30T20:25:54.995-07:00,,link_ack,inbound,query_operational_state,ack,,link_layer,18,,,,,,,,
2026-08-30T20:25:55.119-07:00,,operational_state,inbound,query_operational_state,received,,device_response,19,2,,,2,Running Curtailed,,,
2026-08-30T20:25:55.159-07:00,,query_completed,outbound,query_operational_state,ok,,periodic,18,0,,,,,,,
2026-08-30T20:26:25.229-07:00,,query_sent,outbound,get_commodity,pending,,periodic,6,0,,,,,,,
2026-08-30T20:26:25.382-07:00,,link_ack,inbound,get_commodity,ack,,link_layer,6,,,,,,,,
2026-08-30T20:26:25.551-07:00,,intermediate_response,inbound,get_commodity,success,,device_response,6,128,,,,,0,success,
2026-08-30T20:26:25.595-07:00,,query_completed,outbound,get_commodity,ok,,periodic,6,0,,,,,0,success,
2026-08-30T20:26:25.595-07:00,,query_sent,outbound,query_operational_state,pending,,periodic,18,0,,,,,,,
2026-08-30T20:26:25.757-07:00,,link_ack,inbound,query_operational_state,ack,,link_layer,18,,,,,,,,
2026-08-30T20:26:25.880-07:00,,operational_state,inbound,query_operational_state,received,,device_response,19,2,,,2,Running Curtailed,,,
2026-08-30T20:26:25.921-07:00,,query_completed,outbound,query_operational_state,ok,,periodic,18,0,,,,,,,
2026-08-30T20:26:54.981-07:00,,query_sent,outbound,query_operational_state,pending,,periodic,18,0,,,,,,,
2026-08-30T20:26:55.138-07:00,,link_ack,inbound,query_operational_state,ack,,link_layer,18,,,,,,,,
2026-08-30T20:26:55.262-07:00,,operational_state,inbound,query_operational_state,received,,device_response,19,2,,,2,Running Curtailed,,,
2026-08-30T20:26:55.302-07:00,,query_completed,outbound,query_operational_state,ok,,periodic,18,0,,,,,,,
2026-08-30T20:27:25.372-07:00,,query_sent,outbound,get_commodity,pending,,periodic,6,0,,,,,,,
2026-08-30T20:27:25.523-07:00,,link_ack,inbound,get_commodity,ack,,link_layer,6,,,,,,,,
2026-08-30T20:27:25.692-07:00,,intermediate_response,inbound,get_commodity,success,,device_response,6,128,,,,,0,success,
2026-08-30T20:27:25.735-07:00,,query_completed,outbound,get_commodity,ok,,periodic,6,0,,,,,0,success,
2026-08-30T20:27:25.735-07:00,,query_sent,outbound,query_operational_state,pending,,periodic,18,0,,,,,,,
2026-08-30T20:27:25.897-07:00,,link_ack,inbound,query_operational_state,ack,,link_layer,18,,,,,,,,
2026-08-30T20:27:26.021-07:00,,operational_state,inbound,query_operational_state,received,,device_response,19,2,,,2,Running Curtailed,,,
2026-08-30T20:27:26.062-07:00,,query_completed,outbound,query_operational_state,ok,,periodic,18,0,,,,,,,
2026-08-30T20:27:55.122-07:00,,query_sent,outbound,query_operational_state,pending,,periodic,18,0,,,,,,,
2026-08-30T20:27:55.277-07:00,,link_ack,inbound,query_operational_state,ack,,link_layer,18,,,,,,,,
2026-08-30T20:27:55.400-07:00,,operational_state,inbound,query_operational_state,received,,device_response,19,2,,,2,Running Curtailed,,,
2026-08-30T20:27:55.441-07:00,,query_completed,outbound,query_operational_state,ok,,periodic,18,0,,,,,,,
2026-08-30T20:28:25.510-07:00,,query_sent,outbound,get_commodity,pending,,periodic,6,0,,,,,,,
2026-08-30T20:28:25.665-07:00,,link_ack,inbound,get_commodity,ack,,link_layer,6,,,,,,,,
2026-08-30T20:28:25.835-07:00,,intermediate_response,inbound,get_commodity,success,,device_response,6,128,,,,,0,success,
2026-08-30T20:28:25.878-07:00,,query_completed,outbound,get_commodity,ok,,periodic,6,0,,,,,0,success,
2026-08-30T20:28:25.879-07:00,,query_sent,outbound,query_operational_state,pending,,periodic,18,0,,,,,,,
2026-08-30T20:28:26.042-07:00,,link_ack,inbound,query_operational_state,ack,,link_layer,18,,,,,,,,
2026-08-30T20:28:26.166-07:00,,operational_state,inbound,query_operational_state,received,,device_response,19,2,,,2,Running Curtailed,,,
2026-08-30T20:28:26.207-07:00,,query_completed,outbound,query_operational_state,ok,,periodic,18,0,,,,,,,
2026-08-30T20:28:55.266-07:00,,query_sent,outbound,query_operational_state,pending,,periodic,18,0,,,,,,,
2026-08-30T20:28:55.423-07:00,,link_ack,inbound,query_operational_state,ack,,link_layer,18,,,,,,,,
2026-08-30T20:28:55.547-07:00,,operational_state,inbound,query_operational_state,received,,device_response,19,2,,,2,Running Curtailed,,,
2026-08-30T20:28:55.588-07:00,,query_completed,outbound,query_operational_state,ok,,periodic,18,0,,,,,,,
2026-08-30T20:29:25.657-07:00,,query_sent,outbound,get_commodity,pending,,periodic,6,0,,,,,,,
2026-08-30T20:29:25.812-07:00,,link_ack,inbound,get_commodity,ack,,link_layer,6,,,,,,,,
2026-08-30T20:29:25.980-07:00,,intermediate_response,inbound,get_commodity,success,,device_response,6,128,,,,,0,success,
2026-08-30T20:29:26.023-07:00,,query_completed,outbound,get_commodity,ok,,periodic,6,0,,,,,0,success,
2026-08-30T20:29:26.023-07:00,,query_sent,outbound,query_operational_state,pending,,periodic,18,0,,,,,,,
2026-08-30T20:29:26.185-07:00,,link_ack,inbound,query_operational_state,ack,,link_layer,18,,,,,,,,
2026-08-30T20:29:26.308-07:00,,operational_state,inbound,query_operational_state,received,,device_response,19,2,,,2,Running Curtailed,,,
2026-08-30T20:29:26.349-07:00,,query_completed,outbound,query_operational_state,ok,,periodic,18,0,,,,,,,
2026-08-30T20:29:55.408-07:00,,query_sent,outbound,query_operational_state,pending,,periodic,18,0,,,,,,,
2026-08-30T20:29:55.566-07:00,,link_ack,inbound,query_operational_state,ack,,link_layer,18,,,,,,,,
2026-08-30T20:29:55.689-07:00,,operational_state,inbound,query_operational_state,received,,device_response,19,2,,,2,Running Curtailed,,,
2026-08-30T20:29:55.730-07:00,,query_completed,outbound,query_operational_state,ok,,periodic,18,0,,,,,,,
2026-08-30T20:30:24.798-07:00,,query_sent,outbound,get_commodity,pending,,periodic,6,0,,,,,,,
2026-08-30T20:30:24.949-07:00,,link_ack,inbound,get_commodity,ack,,link_layer,6,,,,,,,,
2026-08-30T20:30:25.119-07:00,,intermediate_response,inbound,get_commodity,success,,device_response,6,128,,,,,0,success,
2026-08-30T20:30:25.161-07:00,,query_completed,outbound,get_commodity,ok,,periodic,6,0,,,,,0,success,
2026-08-30T20:30:25.162-07:00,,query_sent,outbound,query_operational_state,pending,,periodic,18,0,,,,,,,
2026-08-30T20:30:25.323-07:00,,link_ack,inbound,query_operational_state,ack,,link_layer,18,,,,,,,,
2026-08-30T20:30:25.447-07:00,,operational_state,inbound,query_operational_state,received,,device_response,19,2,,,2,Running Curtailed,,,
2026-08-30T20:30:25.488-07:00,,query_completed,outbound,query_operational_state,ok,,periodic,18,0,,,,,,,
2026-08-30T20:30:26.489-07:00,auto_outside_comm_heartbeat_05,command_sent,outbound,outside_communication1,pending,0,schedule,14,0,,,,,,,
2026-08-30T20:30:26.552-07:00,,link_ack,inbound,outside_communication,ack,,link_layer,14,,,,,,,,
2026-08-30T20:30:26.675-07:00,,application_ack,inbound,outside_communication,ack,,application_layer,3,14,,,,,,,
2026-08-30T20:30:26.716-07:00,auto_outside_comm_heartbeat_05,command_completed,outbound,outside_communication1,ok,0,schedule,14,0,,,,,,,
2026-08-30T20:30:54.777-07:00,,query_sent,outbound,query_operational_state,pending,,periodic,18,0,,,,,,,
2026-08-30T20:30:54.929-07:00,,link_ack,inbound,query_operational_state,ack,,link_layer,18,,,,,,,,
2026-08-30T20:30:55.053-07:00,,operational_state,inbound,query_operational_state,received,,device_response,19,2,,,2,Running Curtailed,,,
2026-08-30T20:30:55.093-07:00,,query_completed,outbound,query_operational_state,ok,,periodic,18,0,,,,,,,
2026-08-30T20:31:25.162-07:00,,query_sent,outbound,get_commodity,pending,,periodic,6,0,,,,,,,
2026-08-30T20:31:25.315-07:00,,link_ack,inbound,get_commodity,ack,,link_layer,6,,,,,,,,
2026-08-30T20:31:25.484-07:00,,intermediate_response,inbound,get_commodity,success,,device_response,6,128,,,,,0,success,
2026-08-30T20:31:25.527-07:00,,query_completed,outbound,get_commodity,ok,,periodic,6,0,,,,,0,success,
2026-08-30T20:31:25.528-07:00,,query_sent,outbound,query_operational_state,pending,,periodic,18,0,,,,,,,
2026-08-30T20:31:25.689-07:00,,link_ack,inbound,query_operational_state,ack,,link_layer,18,,,,,,,,
2026-08-30T20:31:25.813-07:00,,operational_state,inbound,query_operational_state,received,,device_response,19,2,,,2,Running Curtailed,,,
2026-08-30T20:31:25.854-07:00,,query_completed,outbound,query_operational_state,ok,,periodic,18,0,,,,,,,
2026-08-30T20:31:54.913-07:00,,query_sent,outbound,query_operational_state,pending,,periodic,18,0,,,,,,,
2026-08-30T20:31:55.070-07:00,,link_ack,inbound,query_operational_state,ack,,link_layer,18,,,,,,,,
2026-08-30T20:31:55.194-07:00,,operational_state,inbound,query_operational_state,received,,device_response,19,2,,,2,Running Curtailed,,,
2026-08-30T20:31:55.234-07:00,,query_completed,outbound,query_operational_state,ok,,periodic,18,0,,,,,,,
2026-08-30T20:32:25.303-07:00,,query_sent,outbound,get_commodity,pending,,periodic,6,0,,,,,,,
2026-08-30T20:32:25.455-07:00,,link_ack,inbound,get_commodity,ack,,link_layer,6,,,,,,,,
2026-08-30T20:32:25.623-07:00,,intermediate_response,inbound,get_commodity,success,,device_response,6,128,,,,,0,success,
2026-08-30T20:32:25.666-07:00,,query_completed,outbound,get_commodity,ok,,periodic,6,0,,,,,0,success,
2026-08-30T20:32:25.666-07:00,,query_sent,outbound,query_operational_state,pending,,periodic,18,0,,,,,,,
2026-08-30T20:32:25.828-07:00,,link_ack,inbound,query_operational_state,ack,,link_layer,18,,,,,,,,
2026-08-30T20:32:25.951-07:00,,operational_state,inbound,query_operational_state,received,,device_response,19,2,,,2,Running Curtailed,,,
2026-08-30T20:32:25.992-07:00,,query_completed,outbound,query_operational_state,ok,,periodic,18,0,,,,,,,
2026-08-30T20:32:55.051-07:00,,query_sent,outbound,query_operational_state,pending,,periodic,18,0,,,,,,,
2026-08-30T20:32:55.209-07:00,,link_ack,inbound,query_operational_state,ack,,link_layer,18,,,,,,,,
2026-08-30T20:32:55.333-07:00,,operational_state,inbound,query_operational_state,received,,device_response,19,2,,,2,Running Curtailed,,,
2026-08-30T20:32:55.374-07:00,,query_completed,outbound,query_operational_state,ok,,periodic,18,0,,,,,,,
2026-08-30T20:33:25.443-07:00,,query_sent,outbound,get_commodity,pending,,periodic,6,0,,,,,,,
2026-08-30T20:33:25.591-07:00,,link_ack,inbound,get_commodity,ack,,link_layer,6,,,,,,,,
2026-08-30T20:33:25.763-07:00,,intermediate_response,inbound,get_commodity,success,,device_response,6,128,,,,,0,success,
2026-08-30T20:33:25.806-07:00,,query_completed,outbound,get_commodity,ok,,periodic,6,0,,,,,0,success,
2026-08-30T20:33:25.807-07:00,,query_sent,outbound,query_operational_state,pending,,periodic,18,0,,,,,,,
2026-08-30T20:33:25.970-07:00,,link_ack,inbound,query_operational_state,ack,,link_layer,18,,,,,,,,
2026-08-30T20:33:26.093-07:00,,operational_state,inbound,query_operational_state,received,,device_response,19,2,,,2,Running Curtailed,,,
2026-08-30T20:33:26.134-07:00,,query_completed,outbound,query_operational_state,ok,,periodic,18,0,,,,,,,
2026-08-30T20:33:55.193-07:00,,query_sent,outbound,query_operational_state,pending,,periodic,18,0,,,,,,,
2026-08-30T20:33:55.350-07:00,,link_ack,inbound,query_operational_state,ack,,link_layer,18,,,,,,,,
2026-08-30T20:33:55.473-07:00,,operational_state,inbound,query_operational_state,received,,device_response,19,2,,,2,Running Curtailed,,,
2026-08-30T20:33:55.514-07:00,,query_completed,outbound,query_operational_state,ok,,periodic,18,0,,,,,,,
2026-08-30T20:34:25.583-07:00,,query_sent,outbound,get_commodity,pending,,periodic,6,0,,,,,,,
2026-08-30T20:34:25.735-07:00,,link_ack,inbound,get_commodity,ack,,link_layer,6,,,,,,,,
2026-08-30T20:34:25.904-07:00,,intermediate_response,inbound,get_commodity,success,,device_response,6,128,,,,,0,success,
2026-08-30T20:34:25.947-07:00,,query_completed,outbound,get_commodity,ok,,periodic,6,0,,,,,0,success,
2026-08-30T20:34:25.947-07:00,,query_sent,outbound,query_operational_state,pending,,periodic,18,0,,,,,,,
2026-08-30T20:34:26.110-07:00,,link_ack,inbound,query_operational_state,ack,,link_layer,18,,,,,,,,
2026-08-30T20:34:26.233-07:00,,operational_state,inbound,query_operational_state,received,,device_response,19,2,,,2,Running Curtailed,,,
2026-08-30T20:34:26.274-07:00,,query_completed,outbound,query_operational_state,ok,,periodic,18,0,,,,,,,
2026-08-30T20:34:55.334-07:00,,query_sent,outbound,query_operational_state,pending,,periodic,18,0,,,,,,,
2026-08-30T20:34:55.489-07:00,,link_ack,inbound,query_operational_state,ack,,link_layer,18,,,,,,,,
2026-08-30T20:34:55.613-07:00,,operational_state,inbound,query_operational_state,received,,device_response,19,2,,,2,Running Curtailed,,,
2026-08-30T20:34:55.654-07:00,,query_completed,outbound,query_operational_state,ok,,periodic,18,0,,,,,,,
2026-08-30T20:35:25.724-07:00,,query_sent,outbound,get_commodity,pending,,periodic,6,0,,,,,,,
2026-08-30T20:35:25.878-07:00,,link_ack,inbound,get_commodity,ack,,link_layer,6,,,,,,,,
2026-08-30T20:35:26.047-07:00,,intermediate_response,inbound,get_commodity,success,,device_response,6,128,,,,,0,success,
2026-08-30T20:35:26.089-07:00,,query_completed,outbound,get_commodity,ok,,periodic,6,0,,,,,0,success,
2026-08-30T20:35:26.089-07:00,,query_sent,outbound,query_operational_state,pending,,periodic,18,0,,,,,,,
2026-08-30T20:35:26.252-07:00,,link_ack,inbound,query_operational_state,ack,,link_layer,18,,,,,,,,
2026-08-30T20:35:26.376-07:00,,operational_state,inbound,query_operational_state,received,,device_response,19,2,,,2,Running Curtailed,,,
2026-08-30T20:35:26.417-07:00,,query_completed,outbound,query_operational_state,ok,,periodic,18,0,,,,,,,
2026-08-30T20:35:55.476-07:00,,query_sent,outbound,query_operational_state,pending,,periodic,18,0,,,,,,,
2026-08-30T20:35:55.633-07:00,,link_ack,inbound,query_operational_state,ack,,link_layer,18,,,,,,,,
2026-08-30T20:35:55.758-07:00,,operational_state,inbound,query_operational_state,received,,device_response,19,2,,,2,Running Curtailed,,,
2026-08-30T20:35:55.799-07:00,,query_completed,outbound,query_operational_state,ok,,periodic,18,0,,,,,,,
2026-08-30T20:36:24.865-07:00,,query_sent,outbound,get_commodity,pending,,periodic,6,0,,,,,,,
2026-08-30T20:36:25.018-07:00,,link_ack,inbound,get_commodity,ack,,link_layer,6,,,,,,,,
2026-08-30T20:36:25.186-07:00,,intermediate_response,inbound,get_commodity,success,,device_response,6,128,,,,,0,success,
2026-08-30T20:36:25.228-07:00,,query_completed,outbound,get_commodity,ok,,periodic,6,0,,,,,0,success,
2026-08-30T20:36:25.229-07:00,,query_sent,outbound,query_operational_state,pending,,periodic,18,0,,,,,,,
2026-08-30T20:36:25.391-07:00,,link_ack,inbound,query_operational_state,ack,,link_layer,18,,,,,,,,
2026-08-30T20:36:25.516-07:00,,operational_state,inbound,query_operational_state,received,,device_response,19,2,,,2,Running Curtailed,,,
2026-08-30T20:36:25.557-07:00,,query_completed,outbound,query_operational_state,ok,,periodic,18,0,,,,,,,
2026-08-30T20:36:55.619-07:00,,query_sent,outbound,query_operational_state,pending,,periodic,18,0,,,,,,,
2026-08-30T20:36:55.774-07:00,,link_ack,inbound,query_operational_state,ack,,link_layer,18,,,,,,,,
2026-08-30T20:36:55.899-07:00,,operational_state,inbound,query_operational_state,received,,device_response,19,2,,,2,Running Curtailed,,,
2026-08-30T20:36:55.940-07:00,,query_completed,outbound,query_operational_state,ok,,periodic,18,0,,,,,,,
2026-08-30T20:37:25.007-07:00,,query_sent,outbound,get_commodity,pending,,periodic,6,0,,,,,,,
2026-08-30T20:37:25.162-07:00,,link_ack,inbound,get_commodity,ack,,link_layer,6,,,,,,,,
2026-08-30T20:37:25.330-07:00,,intermediate_response,inbound,get_commodity,success,,device_response,6,128,,,,,0,success,
2026-08-30T20:37:25.372-07:00,,query_completed,outbound,get_commodity,ok,,periodic,6,0,,,,,0,success,
2026-08-30T20:37:25.373-07:00,,query_sent,outbound,query_operational_state,pending,,periodic,18,0,,,,,,,
2026-08-30T20:37:25.535-07:00,,link_ack,inbound,query_operational_state,ack,,link_layer,18,,,,,,,,
2026-08-30T20:37:25.658-07:00,,operational_state,inbound,query_operational_state,received,,device_response,19,2,,,2,Running Curtailed,,,
2026-08-30T20:37:25.699-07:00,,query_completed,outbound,query_operational_state,ok,,periodic,18,0,,,,,,,
2026-08-30T20:37:55.762-07:00,,query_sent,outbound,query_operational_state,pending,,periodic,18,0,,,,,,,
2026-08-30T20:37:55.918-07:00,,link_ack,inbound,query_operational_state,ack,,link_layer,18,,,,,,,,
2026-08-30T20:37:56.042-07:00,,operational_state,inbound,query_operational_state,received,,device_response,19,2,,,2,Running Curtailed,,,
2026-08-30T20:37:56.082-07:00,,query_completed,outbound,query_operational_state,ok,,periodic,18,0,,,,,,,
2026-08-30T20:38:25.150-07:00,,query_sent,outbound,get_commodity,pending,,periodic,6,0,,,,,,,
2026-08-30T20:38:25.299-07:00,,link_ack,inbound,get_commodity,ack,,link_layer,6,,,,,,,,
2026-08-30T20:38:25.467-07:00,,intermediate_response,inbound,get_commodity,success,,device_response,6,128,,,,,0,success,
2026-08-30T20:38:25.511-07:00,,query_completed,outbound,get_commodity,ok,,periodic,6,0,,,,,0,success,
2026-08-30T20:38:25.511-07:00,,query_sent,outbound,query_operational_state,pending,,periodic,18,0,,,,,,,
2026-08-30T20:38:25.673-07:00,,link_ack,inbound,query_operational_state,ack,,link_layer,18,,,,,,,,
2026-08-30T20:38:25.796-07:00,,operational_state,inbound,query_operational_state,received,,device_response,19,2,,,2,Running Curtailed,,,
2026-08-30T20:38:25.837-07:00,,query_completed,outbound,query_operational_state,ok,,periodic,18,0,,,,,,,
2026-08-30T20:38:54.897-07:00,,query_sent,outbound,query_operational_state,pending,,periodic,18,0,,,,,,,
2026-08-30T20:38:55.052-07:00,,link_ack,inbound,query_operational_state,ack,,link_layer,18,,,,,,,,
2026-08-30T20:38:55.176-07:00,,operational_state,inbound,query_operational_state,received,,device_response,19,2,,,2,Running Curtailed,,,
2026-08-30T20:38:55.217-07:00,,query_completed,outbound,query_operational_state,ok,,periodic,18,0,,,,,,,
2026-08-30T20:39:25.286-07:00,,query_sent,outbound,get_commodity,pending,,periodic,6,0,,,,,,,
2026-08-30T20:39:25.438-07:00,,link_ack,inbound,get_commodity,ack,,link_layer,6,,,,,,,,
2026-08-30T20:39:25.608-07:00,,intermediate_response,inbound,get_commodity,success,,device_response,6,128,,,,,0,success,
2026-08-30T20:39:25.651-07:00,,query_completed,outbound,get_commodity,ok,,periodic,6,0,,,,,0,success,
2026-08-30T20:39:25.651-07:00,,query_sent,outbound,query_operational_state,pending,,periodic,18,0,,,,,,,
2026-08-30T20:39:25.814-07:00,,link_ack,inbound,query_operational_state,ack,,link_layer,18,,,,,,,,
2026-08-30T20:39:25.937-07:00,,operational_state,inbound,query_operational_state,received,,device_response,19,2,,,2,Running Curtailed,,,
2026-08-30T20:39:25.978-07:00,,query_completed,outbound,query_operational_state,ok,,periodic,18,0,,,,,,,
2026-08-30T20:39:55.036-07:00,,query_sent,outbound,query_operational_state,pending,,periodic,18,0,,,,,,,
2026-08-30T20:39:55.193-07:00,,link_ack,inbound,query_operational_state,ack,,link_layer,18,,,,,,,,
2026-08-30T20:39:55.317-07:00,,operational_state,inbound,query_operational_state,received,,device_response,19,2,,,2,Running Curtailed,,,
2026-08-30T20:39:55.358-07:00,,query_completed,outbound,query_operational_state,ok,,periodic,18,0,,,,,,,
2026-08-30T20:40:25.424-07:00,auto_outside_comm_heartbeat_06,command_sent,outbound,outside_communication1,pending,0,schedule,14,0,,,,,,,
2026-08-30T20:40:25.575-07:00,,link_ack,inbound,outside_communication,ack,,link_layer,14,,,,,,,,
2026-08-30T20:40:25.699-07:00,,application_ack,inbound,outside_communication,ack,,application_layer,3,14,,,,,,,
2026-08-30T20:40:25.740-07:00,auto_outside_comm_heartbeat_06,command_completed,outbound,outside_communication1,ok,0,schedule,14,0,,,,,,,
2026-08-30T20:40:25.742-07:00,,query_sent,outbound,get_commodity,pending,,periodic,6,0,,,,,,,
2026-08-30T20:40:25.902-07:00,,link_ack,inbound,get_commodity,ack,,link_layer,6,,,,,,,,
2026-08-30T20:40:26.071-07:00,,intermediate_response,inbound,get_commodity,success,,device_response,6,128,,,,,0,success,
2026-08-30T20:40:26.114-07:00,,query_completed,outbound,get_commodity,ok,,periodic,6,0,,,,,0,success,
2026-08-30T20:40:26.115-07:00,,query_sent,outbound,query_operational_state,pending,,periodic,18,0,,,,,,,
2026-08-30T20:40:26.276-07:00,,link_ack,inbound,query_operational_state,ack,,link_layer,18,,,,,,,,
2026-08-30T20:40:26.400-07:00,,operational_state,inbound,query_operational_state,received,,device_response,19,2,,,2,Running Curtailed,,,
2026-08-30T20:40:26.440-07:00,,query_completed,outbound,query_operational_state,ok,,periodic,18,0,,,,,,,
2026-08-30T20:40:55.499-07:00,,query_sent,outbound,query_operational_state,pending,,periodic,18,0,,,,,,,
2026-08-30T20:40:55.656-07:00,,link_ack,inbound,query_operational_state,ack,,link_layer,18,,,,,,,,
2026-08-30T20:40:55.779-07:00,,operational_state,inbound,query_operational_state,received,,device_response,19,2,,,2,Running Curtailed,,,
2026-08-30T20:40:55.820-07:00,,query_completed,outbound,query_operational_state,ok,,periodic,18,0,,,,,,,
2026-08-30T20:41:24.886-07:00,,query_sent,outbound,get_commodity,pending,,periodic,6,0,,,,,,,
2026-08-30T20:41:25.038-07:00,,link_ack,inbound,get_commodity,ack,,link_layer,6,,,,,,,,
2026-08-30T20:41:25.208-07:00,,intermediate_response,inbound,get_commodity,success,,device_response,6,128,,,,,0,success,
2026-08-30T20:41:25.251-07:00,,query_completed,outbound,get_commodity,ok,,periodic,6,0,,,,,0,success,
2026-08-30T20:41:25.251-07:00,,query_sent,outbound,query_operational_state,pending,,periodic,18,0,,,,,,,
2026-08-30T20:41:25.413-07:00,,link_ack,inbound,query_operational_state,ack,,link_layer,18,,,,,,,,
2026-08-30T20:41:25.537-07:00,,operational_state,inbound,query_operational_state,received,,device_response,19,2,,,2,Running Curtailed,,,
2026-08-30T20:41:25.578-07:00,,query_completed,outbound,query_operational_state,ok,,periodic,18,0,,,,,,,
2026-08-30T20:41:55.639-07:00,,query_sent,outbound,query_operational_state,pending,,periodic,18,0,,,,,,,
2026-08-30T20:41:55.797-07:00,,link_ack,inbound,query_operational_state,ack,,link_layer,18,,,,,,,,
2026-08-30T20:41:55.920-07:00,,operational_state,inbound,query_operational_state,received,,device_response,19,2,,,2,Running Curtailed,,,
2026-08-30T20:41:55.961-07:00,,query_completed,outbound,query_operational_state,ok,,periodic,18,0,,,,,,,
2026-08-30T20:42:25.027-07:00,,query_sent,outbound,get_commodity,pending,,periodic,6,0,,,,,,,
2026-08-30T20:42:25.181-07:00,,link_ack,inbound,get_commodity,ack,,link_layer,6,,,,,,,,
2026-08-30T20:42:25.349-07:00,,intermediate_response,inbound,get_commodity,success,,device_response,6,128,,,,,0,success,
2026-08-30T20:42:25.392-07:00,,query_completed,outbound,get_commodity,ok,,periodic,6,0,,,,,0,success,
2026-08-30T20:42:25.392-07:00,,query_sent,outbound,query_operational_state,pending,,periodic,18,0,,,,,,,
2026-08-30T20:42:25.555-07:00,,link_ack,inbound,query_operational_state,ack,,link_layer,18,,,,,,,,
2026-08-30T20:42:25.678-07:00,,operational_state,inbound,query_operational_state,received,,device_response,19,2,,,2,Running Curtailed,,,
2026-08-30T20:42:25.719-07:00,,query_completed,outbound,query_operational_state,ok,,periodic,18,0,,,,,,,
2026-08-30T20:42:54.778-07:00,,query_sent,outbound,query_operational_state,pending,,periodic,18,0,,,,,,,
2026-08-30T20:42:54.935-07:00,,link_ack,inbound,query_operational_state,ack,,link_layer,18,,,,,,,,
2026-08-30T20:42:55.059-07:00,,operational_state,inbound,query_operational_state,received,,device_response,19,2,,,2,Running Curtailed,,,
2026-08-30T20:42:55.100-07:00,,query_completed,outbound,query_operational_state,ok,,periodic,18,0,,,,,,,
2026-08-30T20:43:25.168-07:00,,query_sent,outbound,get_commodity,pending,,periodic,6,0,,,,,,,
2026-08-30T20:43:25.320-07:00,,link_ack,inbound,get_commodity,ack,,link_layer,6,,,,,,,,
2026-08-30T20:43:25.491-07:00,,intermediate_response,inbound,get_commodity,success,,device_response,6,128,,,,,0,success,
2026-08-30T20:43:25.534-07:00,,query_completed,outbound,get_commodity,ok,,periodic,6,0,,,,,0,success,
2026-08-30T20:43:25.535-07:00,,query_sent,outbound,query_operational_state,pending,,periodic,18,0,,,,,,,
2026-08-30T20:43:25.698-07:00,,link_ack,inbound,query_operational_state,ack,,link_layer,18,,,,,,,,
2026-08-30T20:43:25.822-07:00,,operational_state,inbound,query_operational_state,received,,device_response,19,2,,,2,Running Curtailed,,,
2026-08-30T20:43:25.862-07:00,,query_completed,outbound,query_operational_state,ok,,periodic,18,0,,,,,,,
2026-08-30T20:43:54.922-07:00,,query_sent,outbound,query_operational_state,pending,,periodic,18,0,,,,,,,
2026-08-30T20:43:55.077-07:00,,link_ack,inbound,query_operational_state,ack,,link_layer,18,,,,,,,,
2026-08-30T20:43:55.202-07:00,,operational_state,inbound,query_operational_state,received,,device_response,19,2,,,2,Running Curtailed,,,
2026-08-30T20:43:55.243-07:00,,query_completed,outbound,query_operational_state,ok,,periodic,18,0,,,,,,,
2026-08-30T20:44:25.311-07:00,,query_sent,outbound,get_commodity,pending,,periodic,6,0,,,,,,,
2026-08-30T20:44:25.464-07:00,,link_ack,inbound,get_commodity,ack,,link_layer,6,,,,,,,,
2026-08-30T20:44:25.632-07:00,,intermediate_response,inbound,get_commodity,success,,device_response,6,128,,,,,0,success,
2026-08-30T20:44:25.675-07:00,,query_completed,outbound,get_commodity,ok,,periodic,6,0,,,,,0,success,
2026-08-30T20:44:25.675-07:00,,query_sent,outbound,query_operational_state,pending,,periodic,18,0,,,,,,,
2026-08-30T20:44:25.837-07:00,,link_ack,inbound,query_operational_state,ack,,link_layer,18,,,,,,,,
2026-08-30T20:44:25.961-07:00,,operational_state,inbound,query_operational_state,received,,device_response,19,2,,,2,Running Curtailed,,,
2026-08-30T20:44:26.002-07:00,,query_completed,outbound,query_operational_state,ok,,periodic,18,0,,,,,,,
2026-08-30T20:44:55.061-07:00,,query_sent,outbound,query_operational_state,pending,,periodic,18,0,,,,,,,
2026-08-30T20:44:55.219-07:00,,link_ack,inbound,query_operational_state,ack,,link_layer,18,,,,,,,,
2026-08-30T20:44:55.342-07:00,,operational_state,inbound,query_operational_state,received,,device_response,19,2,,,2,Running Curtailed,,,
2026-08-30T20:44:55.383-07:00,,query_completed,outbound,query_operational_state,ok,,periodic,18,0,,,,,,,
2026-08-30T20:45:25.451-07:00,,query_sent,outbound,get_commodity,pending,,periodic,6,0,,,,,,,
2026-08-30T20:45:25.606-07:00,,link_ack,inbound,get_commodity,ack,,link_layer,6,,,,,,,,
2026-08-30T20:45:25.773-07:00,,intermediate_response,inbound,get_commodity,success,,device_response,6,128,,,,,0,success,
2026-08-30T20:45:25.816-07:00,,query_completed,outbound,get_commodity,ok,,periodic,6,0,,,,,0,success,
2026-08-30T20:45:25.816-07:00,,query_sent,outbound,query_operational_state,pending,,periodic,18,0,,,,,,,
2026-08-30T20:45:25.978-07:00,,link_ack,inbound,query_operational_state,ack,,link_layer,18,,,,,,,,
2026-08-30T20:45:26.102-07:00,,operational_state,inbound,query_operational_state,received,,device_response,19,2,,,2,Running Curtailed,,,
2026-08-30T20:45:26.143-07:00,,query_completed,outbound,query_operational_state,ok,,periodic,18,0,,,,,,,
2026-08-30T20:45:55.202-07:00,,query_sent,outbound,query_operational_state,pending,,periodic,18,0,,,,,,,
2026-08-30T20:45:55.359-07:00,,link_ack,inbound,query_operational_state,ack,,link_layer,18,,,,,,,,
2026-08-30T20:45:55.483-07:00,,operational_state,inbound,query_operational_state,received,,device_response,19,2,,,2,Running Curtailed,,,
2026-08-30T20:45:55.523-07:00,,query_completed,outbound,query_operational_state,ok,,periodic,18,0,,,,,,,
2026-08-30T20:46:25.591-07:00,,query_sent,outbound,get_commodity,pending,,periodic,6,0,,,,,,,
2026-08-30T20:46:25.744-07:00,,link_ack,inbound,get_commodity,ack,,link_layer,6,,,,,,,,
2026-08-30T20:46:25.913-07:00,,intermediate_response,inbound,get_commodity,success,,device_response,6,128,,,,,0,success,
2026-08-30T20:46:25.957-07:00,,query_completed,outbound,get_commodity,ok,,periodic,6,0,,,,,0,success,
2026-08-30T20:46:25.957-07:00,,query_sent,outbound,query_operational_state,pending,,periodic,18,0,,,,,,,
2026-08-30T20:46:26.119-07:00,,link_ack,inbound,query_operational_state,ack,,link_layer,18,,,,,,,,
2026-08-30T20:46:26.242-07:00,,operational_state,inbound,query_operational_state,received,,device_response,19,2,,,2,Running Curtailed,,,
2026-08-30T20:46:26.283-07:00,,query_completed,outbound,query_operational_state,ok,,periodic,18,0,,,,,,,
2026-08-30T20:46:55.342-07:00,,query_sent,outbound,query_operational_state,pending,,periodic,18,0,,,,,,,
2026-08-30T20:46:55.505-07:00,,link_ack,inbound,query_operational_state,ack,,link_layer,18,,,,,,,,
2026-08-30T20:46:55.628-07:00,,operational_state,inbound,query_operational_state,received,,device_response,19,2,,,2,Running Curtailed,,,
2026-08-30T20:46:55.668-07:00,,query_completed,outbound,query_operational_state,ok,,periodic,18,0,,,,,,,
2026-08-30T20:47:25.737-07:00,,query_sent,outbound,get_commodity,pending,,periodic,6,0,,,,,,,
2026-08-30T20:47:25.893-07:00,,link_ack,inbound,get_commodity,ack,,link_layer,6,,,,,,,,
2026-08-30T20:47:26.062-07:00,,intermediate_response,inbound,get_commodity,success,,device_response,6,128,,,,,0,success,
2026-08-30T20:47:26.105-07:00,,query_completed,outbound,get_commodity,ok,,periodic,6,0,,,,,0,success,
2026-08-30T20:47:26.106-07:00,,query_sent,outbound,query_operational_state,pending,,periodic,18,0,,,,,,,
2026-08-30T20:47:26.267-07:00,,link_ack,inbound,query_operational_state,ack,,link_layer,18,,,,,,,,
2026-08-30T20:47:26.391-07:00,,operational_state,inbound,query_operational_state,received,,device_response,19,2,,,2,Running Curtailed,,,
2026-08-30T20:47:26.432-07:00,,query_completed,outbound,query_operational_state,ok,,periodic,18,0,,,,,,,
2026-08-30T20:47:55.498-07:00,,query_sent,outbound,query_operational_state,pending,,periodic,18,0,,,,,,,
2026-08-30T20:47:55.650-07:00,,link_ack,inbound,query_operational_state,ack,,link_layer,18,,,,,,,,
2026-08-30T20:47:55.773-07:00,,operational_state,inbound,query_operational_state,received,,device_response,19,2,,,2,Running Curtailed,,,
2026-08-30T20:47:55.814-07:00,,query_completed,outbound,query_operational_state,ok,,periodic,18,0,,,,,,,
2026-08-30T20:48:24.880-07:00,,query_sent,outbound,get_commodity,pending,,periodic,6,0,,,,,,,
2026-08-30T20:48:25.030-07:00,,link_ack,inbound,get_commodity,ack,,link_layer,6,,,,,,,,
2026-08-30T20:48:25.199-07:00,,intermediate_response,inbound,get_commodity,success,,device_response,6,128,,,,,0,success,
2026-08-30T20:48:25.243-07:00,,query_completed,outbound,get_commodity,ok,,periodic,6,0,,,,,0,success,
2026-08-30T20:48:25.243-07:00,,query_sent,outbound,query_operational_state,pending,,periodic,18,0,,,,,,,
2026-08-30T20:48:25.406-07:00,,link_ack,inbound,query_operational_state,ack,,link_layer,18,,,,,,,,
2026-08-30T20:48:25.531-07:00,,operational_state,inbound,query_operational_state,received,,device_response,19,2,,,2,Running Curtailed,,,
2026-08-30T20:48:25.571-07:00,,query_completed,outbound,query_operational_state,ok,,periodic,18,0,,,,,,,
2026-08-30T20:48:55.640-07:00,,query_sent,outbound,query_operational_state,pending,,periodic,18,0,,,,,,,
2026-08-30T20:48:55.792-07:00,,link_ack,inbound,query_operational_state,ack,,link_layer,18,,,,,,,,
2026-08-30T20:48:55.916-07:00,,operational_state,inbound,query_operational_state,received,,device_response,19,2,,,2,Running Curtailed,,,
2026-08-30T20:48:55.956-07:00,,query_completed,outbound,query_operational_state,ok,,periodic,18,0,,,,,,,
2026-08-30T20:49:25.023-07:00,,query_sent,outbound,get_commodity,pending,,periodic,6,0,,,,,,,
2026-08-30T20:49:25.177-07:00,,link_ack,inbound,get_commodity,ack,,link_layer,6,,,,,,,,
2026-08-30T20:49:25.346-07:00,,intermediate_response,inbound,get_commodity,success,,device_response,6,128,,,,,0,success,
2026-08-30T20:49:25.390-07:00,,query_completed,outbound,get_commodity,ok,,periodic,6,0,,,,,0,success,
2026-08-30T20:49:25.390-07:00,,query_sent,outbound,query_operational_state,pending,,periodic,18,0,,,,,,,
2026-08-30T20:49:25.552-07:00,,link_ack,inbound,query_operational_state,ack,,link_layer,18,,,,,,,,
2026-08-30T20:49:25.675-07:00,,operational_state,inbound,query_operational_state,received,,device_response,19,2,,,2,Running Curtailed,,,
2026-08-30T20:49:25.716-07:00,,query_completed,outbound,query_operational_state,ok,,periodic,18,0,,,,,,,
2026-08-30T20:49:54.776-07:00,,query_sent,outbound,query_operational_state,pending,,periodic,18,0,,,,,,,
2026-08-30T20:49:54.932-07:00,,link_ack,inbound,query_operational_state,ack,,link_layer,18,,,,,,,,
2026-08-30T20:49:55.057-07:00,,operational_state,inbound,query_operational_state,received,,device_response,19,2,,,2,Running Curtailed,,,
2026-08-30T20:49:55.098-07:00,,query_completed,outbound,query_operational_state,ok,,periodic,18,0,,,,,,,
2026-08-30T20:50:25.164-07:00,auto_outside_comm_heartbeat_07,command_sent,outbound,outside_communication1,pending,0,schedule,14,0,,,,,,,
2026-08-30T20:50:25.319-07:00,,link_ack,inbound,outside_communication,ack,,link_layer,14,,,,,,,,
2026-08-30T20:50:25.442-07:00,,application_ack,inbound,outside_communication,ack,,application_layer,3,14,,,,,,,
2026-08-30T20:50:25.483-07:00,auto_outside_comm_heartbeat_07,command_completed,outbound,outside_communication1,ok,0,schedule,14,0,,,,,,,
2026-08-30T20:50:25.486-07:00,,query_sent,outbound,get_commodity,pending,,periodic,6,0,,,,,,,
2026-08-30T20:50:25.645-07:00,,link_ack,inbound,get_commodity,ack,,link_layer,6,,,,,,,,
2026-08-30T20:50:25.813-07:00,,intermediate_response,inbound,get_commodity,success,,device_response,6,128,,,,,0,success,
2026-08-30T20:50:25.856-07:00,,query_completed,outbound,get_commodity,ok,,periodic,6,0,,,,,0,success,
2026-08-30T20:50:25.856-07:00,,query_sent,outbound,query_operational_state,pending,,periodic,18,0,,,,,,,
2026-08-30T20:50:26.017-07:00,,link_ack,inbound,query_operational_state,ack,,link_layer,18,,,,,,,,
2026-08-30T20:50:26.142-07:00,,operational_state,inbound,query_operational_state,received,,device_response,19,2,,,2,Running Curtailed,,,
2026-08-30T20:50:26.183-07:00,,query_completed,outbound,query_operational_state,ok,,periodic,18,0,,,,,,,
2026-08-30T20:50:55.242-07:00,,query_sent,outbound,query_operational_state,pending,,periodic,18,0,,,,,,,
2026-08-30T20:50:55.400-07:00,,link_ack,inbound,query_operational_state,ack,,link_layer,18,,,,,,,,
2026-08-30T20:50:55.524-07:00,,operational_state,inbound,query_operational_state,received,,device_response,19,2,,,2,Running Curtailed,,,
2026-08-30T20:50:55.565-07:00,,query_completed,outbound,query_operational_state,ok,,periodic,18,0,,,,,,,
2026-08-30T20:51:25.632-07:00,,query_sent,outbound,get_commodity,pending,,periodic,6,0,,,,,,,
2026-08-30T20:51:25.785-07:00,,link_ack,inbound,get_commodity,ack,,link_layer,6,,,,,,,,
2026-08-30T20:51:25.954-07:00,,intermediate_response,inbound,get_commodity,success,,device_response,6,128,,,,,0,success,
2026-08-30T20:51:25.997-07:00,,query_completed,outbound,get_commodity,ok,,periodic,6,0,,,,,0,success,
2026-08-30T20:51:25.997-07:00,,query_sent,outbound,query_operational_state,pending,,periodic,18,0,,,,,,,
2026-08-30T20:51:26.159-07:00,,link_ack,inbound,query_operational_state,ack,,link_layer,18,,,,,,,,
2026-08-30T20:51:26.283-07:00,,operational_state,inbound,query_operational_state,received,,device_response,19,2,,,2,Running Curtailed,,,
2026-08-30T20:51:26.323-07:00,,query_completed,outbound,query_operational_state,ok,,periodic,18,0,,,,,,,
2026-08-30T20:51:55.382-07:00,,query_sent,outbound,query_operational_state,pending,,periodic,18,0,,,,,,,
2026-08-30T20:51:55.540-07:00,,link_ack,inbound,query_operational_state,ack,,link_layer,18,,,,,,,,
2026-08-30T20:51:55.663-07:00,,operational_state,inbound,query_operational_state,received,,device_response,19,2,,,2,Running Curtailed,,,
2026-08-30T20:51:55.704-07:00,,query_completed,outbound,query_operational_state,ok,,periodic,18,0,,,,,,,
2026-08-30T20:52:24.770-07:00,,query_sent,outbound,get_commodity,pending,,periodic,6,0,,,,,,,
2026-08-30T20:52:24.923-07:00,,link_ack,inbound,get_commodity,ack,,link_layer,6,,,,,,,,
2026-08-30T20:52:25.091-07:00,,intermediate_response,inbound,get_commodity,success,,device_response,6,128,,,,,0,success,
2026-08-30T20:52:25.134-07:00,,query_completed,outbound,get_commodity,ok,,periodic,6,0,,,,,0,success,
2026-08-30T20:52:25.134-07:00,,query_sent,outbound,query_operational_state,pending,,periodic,18,0,,,,,,,
2026-08-30T20:52:25.297-07:00,,link_ack,inbound,query_operational_state,ack,,link_layer,18,,,,,,,,
2026-08-30T20:52:25.421-07:00,,operational_state,inbound,query_operational_state,received,,device_response,19,2,,,2,Running Curtailed,,,
2026-08-30T20:52:25.462-07:00,,query_completed,outbound,query_operational_state,ok,,periodic,18,0,,,,,,,
2026-08-30T20:52:55.523-07:00,,query_sent,outbound,query_operational_state,pending,,periodic,18,0,,,,,,,
2026-08-30T20:52:55.681-07:00,,link_ack,inbound,query_operational_state,ack,,link_layer,18,,,,,,,,
2026-08-30T20:52:55.805-07:00,,operational_state,inbound,query_operational_state,received,,device_response,19,2,,,2,Running Curtailed,,,
2026-08-30T20:52:55.845-07:00,,query_completed,outbound,query_operational_state,ok,,periodic,18,0,,,,,,,
2026-08-30T20:53:24.912-07:00,,query_sent,outbound,get_commodity,pending,,periodic,6,0,,,,,,,
2026-08-30T20:53:25.067-07:00,,link_ack,inbound,get_commodity,ack,,link_layer,6,,,,,,,,
2026-08-30T20:53:25.236-07:00,,intermediate_response,inbound,get_commodity,success,,device_response,6,128,,,,,0,success,
2026-08-30T20:53:25.280-07:00,,query_completed,outbound,get_commodity,ok,,periodic,6,0,,,,,0,success,
2026-08-30T20:53:25.280-07:00,,query_sent,outbound,query_operational_state,pending,,periodic,18,0,,,,,,,
2026-08-30T20:53:25.441-07:00,,link_ack,inbound,query_operational_state,ack,,link_layer,18,,,,,,,,
2026-08-30T20:53:25.566-07:00,,operational_state,inbound,query_operational_state,received,,device_response,19,2,,,2,Running Curtailed,,,
2026-08-30T20:53:25.607-07:00,,query_completed,outbound,query_operational_state,ok,,periodic,18,0,,,,,,,
2026-08-30T20:53:55.667-07:00,,query_sent,outbound,query_operational_state,pending,,periodic,18,0,,,,,,,
2026-08-30T20:53:55.826-07:00,,link_ack,inbound,query_operational_state,ack,,link_layer,18,,,,,,,,
2026-08-30T20:53:55.950-07:00,,operational_state,inbound,query_operational_state,received,,device_response,19,2,,,2,Running Curtailed,,,
2026-08-30T20:53:55.990-07:00,,query_completed,outbound,query_operational_state,ok,,periodic,18,0,,,,,,,
2026-08-30T20:54:25.055-07:00,,query_sent,outbound,get_commodity,pending,,periodic,6,0,,,,,,,
2026-08-30T20:54:25.209-07:00,,link_ack,inbound,get_commodity,ack,,link_layer,6,,,,,,,,
2026-08-30T20:54:25.378-07:00,,intermediate_response,inbound,get_commodity,success,,device_response,6,128,,,,,0,success,
2026-08-30T20:54:25.422-07:00,,query_completed,outbound,get_commodity,ok,,periodic,6,0,,,,,0,success,
2026-08-30T20:54:25.422-07:00,,query_sent,outbound,query_operational_state,pending,,periodic,18,0,,,,,,,
2026-08-30T20:54:25.584-07:00,,link_ack,inbound,query_operational_state,ack,,link_layer,18,,,,,,,,
2026-08-30T20:54:25.707-07:00,,operational_state,inbound,query_operational_state,received,,device_response,19,2,,,2,Running Curtailed,,,
2026-08-30T20:54:25.747-07:00,,query_completed,outbound,query_operational_state,ok,,periodic,18,0,,,,,,,
2026-08-30T20:54:54.806-07:00,,query_sent,outbound,query_operational_state,pending,,periodic,18,0,,,,,,,
2026-08-30T20:54:54.964-07:00,,link_ack,inbound,query_operational_state,ack,,link_layer,18,,,,,,,,
2026-08-30T20:54:55.087-07:00,,operational_state,inbound,query_operational_state,received,,device_response,19,2,,,2,Running Curtailed,,,
2026-08-30T20:54:55.128-07:00,,query_completed,outbound,query_operational_state,ok,,periodic,18,0,,,,,,,
2026-08-30T20:55:25.195-07:00,,query_sent,outbound,get_commodity,pending,,periodic,6,0,,,,,,,
2026-08-30T20:55:25.350-07:00,,link_ack,inbound,get_commodity,ack,,link_layer,6,,,,,,,,
2026-08-30T20:55:25.519-07:00,,intermediate_response,inbound,get_commodity,success,,device_response,6,128,,,,,0,success,
2026-08-30T20:55:25.562-07:00,,query_completed,outbound,get_commodity,ok,,periodic,6,0,,,,,0,success,
2026-08-30T20:55:25.562-07:00,,query_sent,outbound,query_operational_state,pending,,periodic,18,0,,,,,,,
2026-08-30T20:55:25.724-07:00,,link_ack,inbound,query_operational_state,ack,,link_layer,18,,,,,,,,
2026-08-30T20:55:25.849-07:00,,operational_state,inbound,query_operational_state,received,,device_response,19,2,,,2,Running Curtailed,,,
2026-08-30T20:55:25.890-07:00,,query_completed,outbound,query_operational_state,ok,,periodic,18,0,,,,,,,
2026-08-30T20:55:54.950-07:00,,query_sent,outbound,query_operational_state,pending,,periodic,18,0,,,,,,,
2026-08-30T20:55:55.105-07:00,,link_ack,inbound,query_operational_state,ack,,link_layer,18,,,,,,,,
2026-08-30T20:55:55.228-07:00,,operational_state,inbound,query_operational_state,received,,device_response,19,2,,,2,Running Curtailed,,,
2026-08-30T20:55:55.269-07:00,,query_completed,outbound,query_operational_state,ok,,periodic,18,0,,,,,,,
2026-08-30T20:56:25.337-07:00,,query_sent,outbound,get_commodity,pending,,periodic,6,0,,,,,,,
2026-08-30T20:56:25.492-07:00,,link_ack,inbound,get_commodity,ack,,link_layer,6,,,,,,,,
2026-08-30T20:56:25.661-07:00,,intermediate_response,inbound,get_commodity,success,,device_response,6,128,,,,,0,success,
2026-08-30T20:56:25.704-07:00,,query_completed,outbound,get_commodity,ok,,periodic,6,0,,,,,0,success,
2026-08-30T20:56:25.704-07:00,,query_sent,outbound,query_operational_state,pending,,periodic,18,0,,,,,,,
2026-08-30T20:56:25.866-07:00,,link_ack,inbound,query_operational_state,ack,,link_layer,18,,,,,,,,
2026-08-30T20:56:25.990-07:00,,operational_state,inbound,query_operational_state,received,,device_response,19,2,,,2,Running Curtailed,,,
2026-08-30T20:56:26.031-07:00,,query_completed,outbound,query_operational_state,ok,,periodic,18,0,,,,,,,
2026-08-30T20:56:55.090-07:00,,query_sent,outbound,query_operational_state,pending,,periodic,18,0,,,,,,,
2026-08-30T20:56:55.247-07:00,,link_ack,inbound,query_operational_state,ack,,link_layer,18,,,,,,,,
2026-08-30T20:56:55.370-07:00,,operational_state,inbound,query_operational_state,received,,device_response,19,2,,,2,Running Curtailed,,,
2026-08-30T20:56:55.410-07:00,,query_completed,outbound,query_operational_state,ok,,periodic,18,0,,,,,,,
2026-08-30T20:57:25.478-07:00,,query_sent,outbound,get_commodity,pending,,periodic,6,0,,,,,,,
2026-08-30T20:57:25.633-07:00,,link_ack,inbound,get_commodity,ack,,link_layer,6,,,,,,,,
2026-08-30T20:57:25.802-07:00,,intermediate_response,inbound,get_commodity,success,,device_response,6,128,,,,,0,success,
2026-08-30T20:57:25.845-07:00,,query_completed,outbound,get_commodity,ok,,periodic,6,0,,,,,0,success,
2026-08-30T20:57:25.846-07:00,,query_sent,outbound,query_operational_state,pending,,periodic,18,0,,,,,,,
2026-08-30T20:57:26.007-07:00,,link_ack,inbound,query_operational_state,ack,,link_layer,18,,,,,,,,
2026-08-30T20:57:26.132-07:00,,operational_state,inbound,query_operational_state,received,,device_response,19,2,,,2,Running Curtailed,,,
2026-08-30T20:57:26.172-07:00,,query_completed,outbound,query_operational_state,ok,,periodic,18,0,,,,,,,
2026-08-30T20:57:55.231-07:00,,query_sent,outbound,query_operational_state,pending,,periodic,18,0,,,,,,,
2026-08-30T20:57:55.388-07:00,,link_ack,inbound,query_operational_state,ack,,link_layer,18,,,,,,,,
2026-08-30T20:57:55.510-07:00,,operational_state,inbound,query_operational_state,received,,device_response,19,2,,,2,Running Curtailed,,,
2026-08-30T20:57:55.551-07:00,,query_completed,outbound,query_operational_state,ok,,periodic,18,0,,,,,,,
2026-08-30T20:58:25.619-07:00,,query_sent,outbound,get_commodity,pending,,periodic,6,0,,,,,,,
2026-08-30T20:58:25.772-07:00,,link_ack,inbound,get_commodity,ack,,link_layer,6,,,,,,,,
2026-08-30T20:58:25.940-07:00,,intermediate_response,inbound,get_commodity,success,,device_response,6,128,,,,,0,success,
2026-08-30T20:58:25.984-07:00,,query_completed,outbound,get_commodity,ok,,periodic,6,0,,,,,0,success,
2026-08-30T20:58:25.984-07:00,,query_sent,outbound,query_operational_state,pending,,periodic,18,0,,,,,,,
2026-08-30T20:58:26.148-07:00,,link_ack,inbound,query_operational_state,ack,,link_layer,18,,,,,,,,
2026-08-30T20:58:26.270-07:00,,operational_state,inbound,query_operational_state,received,,device_response,19,2,,,2,Running Curtailed,,,
2026-08-30T20:58:26.311-07:00,,query_completed,outbound,query_operational_state,ok,,periodic,18,0,,,,,,,
2026-08-30T20:58:55.370-07:00,,query_sent,outbound,query_operational_state,pending,,periodic,18,0,,,,,,,
2026-08-30T20:58:55.526-07:00,,link_ack,inbound,query_operational_state,ack,,link_layer,18,,,,,,,,
2026-08-30T20:58:55.650-07:00,,operational_state,inbound,query_operational_state,received,,device_response,19,2,,,2,Running Curtailed,,,
2026-08-30T20:58:55.690-07:00,,query_completed,outbound,query_operational_state,ok,,periodic,18,0,,,,,,,
2026-08-30T20:59:25.759-07:00,,query_sent,outbound,get_commodity,pending,,periodic,6,0,,,,,,,
2026-08-30T20:59:25.910-07:00,,link_ack,inbound,get_commodity,ack,,link_layer,6,,,,,,,,
2026-08-30T20:59:26.080-07:00,,intermediate_response,inbound,get_commodity,success,,device_response,6,128,,,,,0,success,
2026-08-30T20:59:26.124-07:00,,query_completed,outbound,get_commodity,ok,,periodic,6,0,,,,,0,success,
2026-08-30T20:59:26.124-07:00,,query_sent,outbound,query_operational_state,pending,,periodic,18,0,,,,,,,
2026-08-30T20:59:26.286-07:00,,link_ack,inbound,query_operational_state,ack,,link_layer,18,,,,,,,,
2026-08-30T20:59:26.410-07:00,,operational_state,inbound,query_operational_state,received,,device_response,19,2,,,2,Running Curtailed,,,
2026-08-30T20:59:26.450-07:00,,query_completed,outbound,query_operational_state,ok,,periodic,18,0,,,,,,,
2026-08-30T20:59:55.510-07:00,,query_sent,outbound,query_operational_state,pending,,periodic,18,0,,,,,,,
2026-08-30T20:59:55.667-07:00,,link_ack,inbound,query_operational_state,ack,,link_layer,18,,,,,,,,
2026-08-30T20:59:55.790-07:00,,operational_state,inbound,query_operational_state,received,,device_response,19,2,,,2,Running Curtailed,,,
2026-08-30T20:59:55.831-07:00,,query_completed,outbound,query_operational_state,ok,,periodic,18,0,,,,,,,
2026-08-30T21:00:24.898-07:00,,query_sent,outbound,get_commodity,pending,,periodic,6,0,,,,,,,
2026-08-30T21:00:25.050-07:00,,link_ack,inbound,get_commodity,ack,,link_layer,6,,,,,,,,
2026-08-30T21:00:25.220-07:00,,intermediate_response,inbound,get_commodity,success,,device_response,6,128,,,,,0,success,
2026-08-30T21:00:25.264-07:00,,query_completed,outbound,get_commodity,ok,,periodic,6,0,,,,,0,success,
2026-08-30T21:00:25.264-07:00,,query_sent,outbound,query_operational_state,pending,,periodic,18,0,,,,,,,
2026-08-30T21:00:25.426-07:00,,link_ack,inbound,query_operational_state,ack,,link_layer,18,,,,,,,,
2026-08-30T21:00:25.549-07:00,,operational_state,inbound,query_operational_state,received,,device_response,19,2,,,2,Running Curtailed,,,
2026-08-30T21:00:25.589-07:00,,query_completed,outbound,query_operational_state,ok,,periodic,18,0,,,,,,,
2026-08-30T21:00:26.590-07:00,auto_outside_comm_heartbeat_08,command_sent,outbound,outside_communication1,pending,0,schedule,14,0,,,,,,,
2026-08-30T21:00:26.655-07:00,,link_ack,inbound,outside_communication,ack,,link_layer,14,,,,,,,,
2026-08-30T21:00:26.778-07:00,,application_ack,inbound,outside_communication,ack,,application_layer,3,14,,,,,,,
2026-08-30T21:00:26.819-07:00,auto_outside_comm_heartbeat_08,command_completed,outbound,outside_communication1,ok,0,schedule,14,0,,,,,,,
2026-08-30T21:00:54.877-07:00,,query_sent,outbound,query_operational_state,pending,,periodic,18,0,,,,,,,
2026-08-30T21:00:55.032-07:00,,link_ack,inbound,query_operational_state,ack,,link_layer,18,,,,,,,,
2026-08-30T21:00:55.154-07:00,,operational_state,inbound,query_operational_state,received,,device_response,19,2,,,2,Running Curtailed,,,
2026-08-30T21:00:55.195-07:00,,query_completed,outbound,query_operational_state,ok,,periodic,18,0,,,,,,,
2026-08-30T21:01:25.263-07:00,,query_sent,outbound,get_commodity,pending,,periodic,6,0,,,,,,,
2026-08-30T21:01:25.415-07:00,,link_ack,inbound,get_commodity,ack,,link_layer,6,,,,,,,,
2026-08-30T21:01:25.583-07:00,,intermediate_response,inbound,get_commodity,success,,device_response,6,128,,,,,0,success,
2026-08-30T21:01:25.626-07:00,,query_completed,outbound,get_commodity,ok,,periodic,6,0,,,,,0,success,
2026-08-30T21:01:25.626-07:00,,query_sent,outbound,query_operational_state,pending,,periodic,18,0,,,,,,,
2026-08-30T21:01:25.788-07:00,,link_ack,inbound,query_operational_state,ack,,link_layer,18,,,,,,,,
2026-08-30T21:01:25.912-07:00,,operational_state,inbound,query_operational_state,received,,device_response,19,2,,,2,Running Curtailed,,,
2026-08-30T21:01:25.953-07:00,,query_completed,outbound,query_operational_state,ok,,periodic,18,0,,,,,,,
2026-08-30T21:01:55.011-07:00,,query_sent,outbound,query_operational_state,pending,,periodic,18,0,,,,,,,
2026-08-30T21:01:55.168-07:00,,link_ack,inbound,query_operational_state,ack,,link_layer,18,,,,,,,,
2026-08-30T21:01:55.292-07:00,,operational_state,inbound,query_operational_state,received,,device_response,19,2,,,2,Running Curtailed,,,
2026-08-30T21:01:55.332-07:00,,query_completed,outbound,query_operational_state,ok,,periodic,18,0,,,,,,,
2026-08-30T21:02:25.399-07:00,,query_sent,outbound,get_commodity,pending,,periodic,6,0,,,,,,,
2026-08-30T21:02:25.554-07:00,,link_ack,inbound,get_commodity,ack,,link_layer,6,,,,,,,,
2026-08-30T21:02:25.723-07:00,,intermediate_response,inbound,get_commodity,success,,device_response,6,128,,,,,0,success,
2026-08-30T21:02:25.765-07:00,,query_completed,outbound,get_commodity,ok,,periodic,6,0,,,,,0,success,
2026-08-30T21:02:25.765-07:00,,query_sent,outbound,query_operational_state,pending,,periodic,18,0,,,,,,,
2026-08-30T21:02:25.927-07:00,,link_ack,inbound,query_operational_state,ack,,link_layer,18,,,,,,,,
2026-08-30T21:02:26.052-07:00,,operational_state,inbound,query_operational_state,received,,device_response,19,2,,,2,Running Curtailed,,,
2026-08-30T21:02:26.093-07:00,,query_completed,outbound,query_operational_state,ok,,periodic,18,0,,,,,,,
2026-08-30T21:02:55.151-07:00,,query_sent,outbound,query_operational_state,pending,,periodic,18,0,,,,,,,
2026-08-30T21:02:55.310-07:00,,link_ack,inbound,query_operational_state,ack,,link_layer,18,,,,,,,,
2026-08-30T21:02:55.433-07:00,,operational_state,inbound,query_operational_state,received,,device_response,19,2,,,2,Running Curtailed,,,
2026-08-30T21:02:55.474-07:00,,query_completed,outbound,query_operational_state,ok,,periodic,18,0,,,,,,,
2026-08-30T21:03:25.542-07:00,,query_sent,outbound,get_commodity,pending,,periodic,6,0,,,,,,,
2026-08-30T21:03:25.695-07:00,,link_ack,inbound,get_commodity,ack,,link_layer,6,,,,,,,,
2026-08-30T21:03:25.864-07:00,,intermediate_response,inbound,get_commodity,success,,device_response,6,128,,,,,0,success,
2026-08-30T21:03:25.908-07:00,,query_completed,outbound,get_commodity,ok,,periodic,6,0,,,,,0,success,
2026-08-30T21:03:25.908-07:00,,query_sent,outbound,query_operational_state,pending,,periodic,18,0,,,,,,,
2026-08-30T21:03:26.070-07:00,,link_ack,inbound,query_operational_state,ack,,link_layer,18,,,,,,,,
2026-08-30T21:03:26.193-07:00,,operational_state,inbound,query_operational_state,received,,device_response,19,2,,,2,Running Curtailed,,,
2026-08-30T21:03:26.234-07:00,,query_completed,outbound,query_operational_state,ok,,periodic,18,0,,,,,,,
2026-08-30T21:03:55.292-07:00,,query_sent,outbound,query_operational_state,pending,,periodic,18,0,,,,,,,
2026-08-30T21:03:55.449-07:00,,link_ack,inbound,query_operational_state,ack,,link_layer,18,,,,,,,,
2026-08-30T21:03:55.572-07:00,,operational_state,inbound,query_operational_state,received,,device_response,19,2,,,2,Running Curtailed,,,
2026-08-30T21:03:55.613-07:00,,query_completed,outbound,query_operational_state,ok,,periodic,18,0,,,,,,,
2026-08-30T21:04:25.680-07:00,,query_sent,outbound,get_commodity,pending,,periodic,6,0,,,,,,,
2026-08-30T21:04:25.833-07:00,,link_ack,inbound,get_commodity,ack,,link_layer,6,,,,,,,,
2026-08-30T21:04:26.002-07:00,,intermediate_response,inbound,get_commodity,success,,device_response,6,128,,,,,0,success,
2026-08-30T21:04:26.044-07:00,,query_completed,outbound,get_commodity,ok,,periodic,6,0,,,,,0,success,
2026-08-30T21:04:26.044-07:00,,query_sent,outbound,query_operational_state,pending,,periodic,18,0,,,,,,,
2026-08-30T21:04:26.207-07:00,,link_ack,inbound,query_operational_state,ack,,link_layer,18,,,,,,,,
2026-08-30T21:04:26.331-07:00,,operational_state,inbound,query_operational_state,received,,device_response,19,2,,,2,Running Curtailed,,,
2026-08-30T21:04:26.372-07:00,,query_completed,outbound,query_operational_state,ok,,periodic,18,0,,,,,,,
2026-08-30T21:04:55.431-07:00,,query_sent,outbound,query_operational_state,pending,,periodic,18,0,,,,,,,
2026-08-30T21:04:55.587-07:00,,link_ack,inbound,query_operational_state,ack,,link_layer,18,,,,,,,,
2026-08-30T21:04:55.711-07:00,,operational_state,inbound,query_operational_state,received,,device_response,19,2,,,2,Running Curtailed,,,
2026-08-30T21:04:55.752-07:00,,query_completed,outbound,query_operational_state,ok,,periodic,18,0,,,,,,,
2026-08-30T21:05:24.817-07:00,,query_sent,outbound,get_commodity,pending,,periodic,6,0,,,,,,,
2026-08-30T21:05:24.972-07:00,,link_ack,inbound,get_commodity,ack,,link_layer,6,,,,,,,,
2026-08-30T21:05:25.142-07:00,,intermediate_response,inbound,get_commodity,success,,device_response,6,128,,,,,0,success,
2026-08-30T21:05:25.185-07:00,,query_completed,outbound,get_commodity,ok,,periodic,6,0,,,,,0,success,
2026-08-30T21:05:25.186-07:00,,query_sent,outbound,query_operational_state,pending,,periodic,18,0,,,,,,,
2026-08-30T21:05:25.347-07:00,,link_ack,inbound,query_operational_state,ack,,link_layer,18,,,,,,,,
2026-08-30T21:05:25.471-07:00,,operational_state,inbound,query_operational_state,received,,device_response,19,2,,,2,Running Curtailed,,,
2026-08-30T21:05:25.511-07:00,,query_completed,outbound,query_operational_state,ok,,periodic,18,0,,,,,,,
2026-08-30T21:05:55.578-07:00,,query_sent,outbound,query_operational_state,pending,,periodic,18,0,,,,,,,
2026-08-30T21:05:55.732-07:00,,link_ack,inbound,query_operational_state,ack,,link_layer,18,,,,,,,,
2026-08-30T21:05:55.855-07:00,,operational_state,inbound,query_operational_state,received,,device_response,19,2,,,2,Running Curtailed,,,
2026-08-30T21:05:55.895-07:00,,query_completed,outbound,query_operational_state,ok,,periodic,18,0,,,,,,,
2026-08-30T21:06:24.960-07:00,,query_sent,outbound,get_commodity,pending,,periodic,6,0,,,,,,,
2026-08-30T21:06:25.114-07:00,,link_ack,inbound,get_commodity,ack,,link_layer,6,,,,,,,,
2026-08-30T21:06:25.283-07:00,,intermediate_response,inbound,get_commodity,success,,device_response,6,128,,,,,0,success,
2026-08-30T21:06:25.325-07:00,,query_completed,outbound,get_commodity,ok,,periodic,6,0,,,,,0,success,
2026-08-30T21:06:25.325-07:00,,query_sent,outbound,query_operational_state,pending,,periodic,18,0,,,,,,,
2026-08-30T21:06:25.488-07:00,,link_ack,inbound,query_operational_state,ack,,link_layer,18,,,,,,,,
2026-08-30T21:06:25.612-07:00,,operational_state,inbound,query_operational_state,received,,device_response,19,2,,,2,Running Curtailed,,,
2026-08-30T21:06:25.653-07:00,,query_completed,outbound,query_operational_state,ok,,periodic,18,0,,,,,,,
2026-08-30T21:06:55.712-07:00,,query_sent,outbound,query_operational_state,pending,,periodic,18,0,,,,,,,
2026-08-30T21:06:55.870-07:00,,link_ack,inbound,query_operational_state,ack,,link_layer,18,,,,,,,,
2026-08-30T21:06:55.994-07:00,,operational_state,inbound,query_operational_state,received,,device_response,19,2,,,2,Running Curtailed,,,
2026-08-30T21:06:56.035-07:00,,query_completed,outbound,query_operational_state,ok,,periodic,18,0,,,,,,,
2026-08-30T21:07:25.099-07:00,,query_sent,outbound,get_commodity,pending,,periodic,6,0,,,,,,,
2026-08-30T21:07:25.255-07:00,,link_ack,inbound,get_commodity,ack,,link_layer,6,,,,,,,,
2026-08-30T21:07:25.425-07:00,,intermediate_response,inbound,get_commodity,success,,device_response,6,128,,,,,0,success,
2026-08-30T21:07:25.467-07:00,,query_completed,outbound,get_commodity,ok,,periodic,6,0,,,,,0,success,
2026-08-30T21:07:25.468-07:00,,query_sent,outbound,query_operational_state,pending,,periodic,18,0,,,,,,,
2026-08-30T21:07:25.629-07:00,,link_ack,inbound,query_operational_state,ack,,link_layer,18,,,,,,,,
2026-08-30T21:07:25.753-07:00,,operational_state,inbound,query_operational_state,received,,device_response,19,2,,,2,Running Curtailed,,,
2026-08-30T21:07:25.794-07:00,,query_completed,outbound,query_operational_state,ok,,periodic,18,0,,,,,,,
2026-08-30T21:07:54.851-07:00,,query_sent,outbound,query_operational_state,pending,,periodic,18,0,,,,,,,
2026-08-30T21:07:55.010-07:00,,link_ack,inbound,query_operational_state,ack,,link_layer,18,,,,,,,,
2026-08-30T21:07:55.133-07:00,,operational_state,inbound,query_operational_state,received,,device_response,19,2,,,2,Running Curtailed,,,
2026-08-30T21:07:55.173-07:00,,query_completed,outbound,query_operational_state,ok,,periodic,18,0,,,,,,,
2026-08-30T21:08:25.239-07:00,,query_sent,outbound,get_commodity,pending,,periodic,6,0,,,,,,,
2026-08-30T21:08:25.393-07:00,,link_ack,inbound,get_commodity,ack,,link_layer,6,,,,,,,,
2026-08-30T21:08:25.562-07:00,,intermediate_response,inbound,get_commodity,success,,device_response,6,128,,,,,0,success,
2026-08-30T21:08:25.605-07:00,,query_completed,outbound,get_commodity,ok,,periodic,6,0,,,,,0,success,
2026-08-30T21:08:25.605-07:00,,query_sent,outbound,query_operational_state,pending,,periodic,18,0,,,,,,,
2026-08-30T21:08:25.767-07:00,,link_ack,inbound,query_operational_state,ack,,link_layer,18,,,,,,,,
2026-08-30T21:08:25.891-07:00,,operational_state,inbound,query_operational_state,received,,device_response,19,2,,,2,Running Curtailed,,,
2026-08-30T21:08:25.932-07:00,,query_completed,outbound,query_operational_state,ok,,periodic,18,0,,,,,,,
2026-08-30T21:08:54.988-07:00,,query_sent,outbound,query_operational_state,pending,,periodic,18,0,,,,,,,
2026-08-30T21:08:55.146-07:00,,link_ack,inbound,query_operational_state,ack,,link_layer,18,,,,,,,,
2026-08-30T21:08:55.270-07:00,,operational_state,inbound,query_operational_state,received,,device_response,19,2,,,2,Running Curtailed,,,
2026-08-30T21:08:55.311-07:00,,query_completed,outbound,query_operational_state,ok,,periodic,18,0,,,,,,,
2026-08-30T21:09:25.377-07:00,,query_sent,outbound,get_commodity,pending,,periodic,6,0,,,,,,,
2026-08-30T21:09:25.534-07:00,,link_ack,inbound,get_commodity,ack,,link_layer,6,,,,,,,,
2026-08-30T21:09:25.703-07:00,,intermediate_response,inbound,get_commodity,success,,device_response,6,128,,,,,0,success,
2026-08-30T21:09:25.746-07:00,,query_completed,outbound,get_commodity,ok,,periodic,6,0,,,,,0,success,
2026-08-30T21:09:25.747-07:00,,query_sent,outbound,query_operational_state,pending,,periodic,18,0,,,,,,,
2026-08-30T21:09:25.909-07:00,,link_ack,inbound,query_operational_state,ack,,link_layer,18,,,,,,,,
2026-08-30T21:09:26.033-07:00,,operational_state,inbound,query_operational_state,received,,device_response,19,2,,,2,Running Curtailed,,,
2026-08-30T21:09:26.073-07:00,,query_completed,outbound,query_operational_state,ok,,periodic,18,0,,,,,,,
2026-08-30T21:09:55.131-07:00,,query_sent,outbound,query_operational_state,pending,,periodic,18,0,,,,,,,
2026-08-30T21:09:55.289-07:00,,link_ack,inbound,query_operational_state,ack,,link_layer,18,,,,,,,,
2026-08-30T21:09:55.412-07:00,,operational_state,inbound,query_operational_state,received,,device_response,19,2,,,2,Running Curtailed,,,
2026-08-30T21:09:55.453-07:00,,query_completed,outbound,query_operational_state,ok,,periodic,18,0,,,,,,,
2026-08-30T21:10:25.518-07:00,auto_outside_comm_heartbeat_09,command_sent,outbound,outside_communication1,pending,0,schedule,14,0,,,,,,,
2026-08-30T21:10:25.675-07:00,,link_ack,inbound,outside_communication,ack,,link_layer,14,,,,,,,,
2026-08-30T21:10:25.798-07:00,,application_ack,inbound,outside_communication,ack,,application_layer,3,14,,,,,,,
2026-08-30T21:10:25.839-07:00,auto_outside_comm_heartbeat_09,command_completed,outbound,outside_communication1,ok,0,schedule,14,0,,,,,,,
2026-08-30T21:10:25.842-07:00,,query_sent,outbound,get_commodity,pending,,periodic,6,0,,,,,,,
2026-08-30T21:10:26.001-07:00,,link_ack,inbound,get_commodity,ack,,link_layer,6,,,,,,,,
2026-08-30T21:10:26.169-07:00,,intermediate_response,inbound,get_commodity,success,,device_response,6,128,,,,,0,success,
2026-08-30T21:10:26.213-07:00,,query_completed,outbound,get_commodity,ok,,periodic,6,0,,,,,0,success,
2026-08-30T21:10:26.213-07:00,,query_sent,outbound,query_operational_state,pending,,periodic,18,0,,,,,,,
2026-08-30T21:10:26.377-07:00,,link_ack,inbound,query_operational_state,ack,,link_layer,18,,,,,,,,
2026-08-30T21:10:26.500-07:00,,operational_state,inbound,query_operational_state,received,,device_response,19,2,,,2,Running Curtailed,,,
2026-08-30T21:10:26.541-07:00,,query_completed,outbound,query_operational_state,ok,,periodic,18,0,,,,,,,
2026-08-30T21:10:55.605-07:00,,query_sent,outbound,query_operational_state,pending,,periodic,18,0,,,,,,,
2026-08-30T21:10:55.760-07:00,,link_ack,inbound,query_operational_state,ack,,link_layer,18,,,,,,,,
2026-08-30T21:10:55.884-07:00,,operational_state,inbound,query_operational_state,received,,device_response,19,2,,,2,Running Curtailed,,,
2026-08-30T21:10:55.925-07:00,,query_completed,outbound,query_operational_state,ok,,periodic,18,0,,,,,,,
2026-08-30T21:11:24.990-07:00,,query_sent,outbound,get_commodity,pending,,periodic,6,0,,,,,,,
2026-08-30T21:11:25.144-07:00,,link_ack,inbound,get_commodity,ack,,link_layer,6,,,,,,,,
2026-08-30T21:11:25.313-07:00,,intermediate_response,inbound,get_commodity,success,,device_response,6,128,,,,,0,success,
2026-08-30T21:11:25.356-07:00,,query_completed,outbound,get_commodity,ok,,periodic,6,0,,,,,0,success,
2026-08-30T21:11:25.357-07:00,,query_sent,outbound,query_operational_state,pending,,periodic,18,0,,,,,,,
2026-08-30T21:11:25.520-07:00,,link_ack,inbound,query_operational_state,ack,,link_layer,18,,,,,,,,
2026-08-30T21:11:25.644-07:00,,operational_state,inbound,query_operational_state,received,,device_response,19,2,,,2,Running Curtailed,,,
2026-08-30T21:11:25.684-07:00,,query_completed,outbound,query_operational_state,ok,,periodic,18,0,,,,,,,
2026-08-30T21:11:55.743-07:00,,query_sent,outbound,query_operational_state,pending,,periodic,18,0,,,,,,,
2026-08-30T21:11:55.903-07:00,,link_ack,inbound,query_operational_state,ack,,link_layer,18,,,,,,,,
2026-08-30T21:11:56.026-07:00,,operational_state,inbound,query_operational_state,received,,device_response,19,2,,,2,Running Curtailed,,,
2026-08-30T21:11:56.066-07:00,,query_completed,outbound,query_operational_state,ok,,periodic,18,0,,,,,,,
2026-08-30T21:12:25.131-07:00,,query_sent,outbound,get_commodity,pending,,periodic,6,0,,,,,,,
2026-08-30T21:12:25.288-07:00,,link_ack,inbound,get_commodity,ack,,link_layer,6,,,,,,,,
2026-08-30T21:12:25.453-07:00,,intermediate_response,inbound,get_commodity,success,,device_response,6,128,,,,,0,success,
2026-08-30T21:12:25.497-07:00,,query_completed,outbound,get_commodity,ok,,periodic,6,0,,,,,0,success,
2026-08-30T21:12:25.497-07:00,,query_sent,outbound,query_operational_state,pending,,periodic,18,0,,,,,,,
2026-08-30T21:12:25.659-07:00,,link_ack,inbound,query_operational_state,ack,,link_layer,18,,,,,,,,
2026-08-30T21:12:25.783-07:00,,operational_state,inbound,query_operational_state,received,,device_response,19,2,,,2,Running Curtailed,,,
2026-08-30T21:12:25.823-07:00,,query_completed,outbound,query_operational_state,ok,,periodic,18,0,,,,,,,
2026-08-30T21:12:54.881-07:00,,query_sent,outbound,query_operational_state,pending,,periodic,18,0,,,,,,,
2026-08-30T21:12:55.037-07:00,,link_ack,inbound,query_operational_state,ack,,link_layer,18,,,,,,,,
2026-08-30T21:12:55.160-07:00,,operational_state,inbound,query_operational_state,received,,device_response,19,2,,,2,Running Curtailed,,,
2026-08-30T21:12:55.201-07:00,,query_completed,outbound,query_operational_state,ok,,periodic,18,0,,,,,,,
2026-08-30T21:13:25.268-07:00,,query_sent,outbound,get_commodity,pending,,periodic,6,0,,,,,,,
2026-08-30T21:13:25.421-07:00,,link_ack,inbound,get_commodity,ack,,link_layer,6,,,,,,,,
2026-08-30T21:13:25.592-07:00,,intermediate_response,inbound,get_commodity,success,,device_response,6,128,,,,,0,success,
2026-08-30T21:13:25.636-07:00,,query_completed,outbound,get_commodity,ok,,periodic,6,0,,,,,0,success,
2026-08-30T21:13:25.636-07:00,,query_sent,outbound,query_operational_state,pending,,periodic,18,0,,,,,,,
2026-08-30T21:13:25.797-07:00,,link_ack,inbound,query_operational_state,ack,,link_layer,18,,,,,,,,
2026-08-30T21:13:25.922-07:00,,operational_state,inbound,query_operational_state,received,,device_response,19,2,,,2,Running Curtailed,,,
2026-08-30T21:13:25.963-07:00,,query_completed,outbound,query_operational_state,ok,,periodic,18,0,,,,,,,
2026-08-30T21:13:55.020-07:00,,query_sent,outbound,query_operational_state,pending,,periodic,18,0,,,,,,,
2026-08-30T21:13:55.178-07:00,,link_ack,inbound,query_operational_state,ack,,link_layer,18,,,,,,,,
2026-08-30T21:13:55.301-07:00,,operational_state,inbound,query_operational_state,received,,device_response,19,2,,,2,Running Curtailed,,,
2026-08-30T21:13:55.341-07:00,,query_completed,outbound,query_operational_state,ok,,periodic,18,0,,,,,,,
2026-08-30T21:14:25.408-07:00,,query_sent,outbound,get_commodity,pending,,periodic,6,0,,,,,,,
2026-08-30T21:14:25.563-07:00,,link_ack,inbound,get_commodity,ack,,link_layer,6,,,,,,,,
2026-08-30T21:14:25.730-07:00,,intermediate_response,inbound,get_commodity,success,,device_response,6,128,,,,,0,success,
2026-08-30T21:14:25.773-07:00,,query_completed,outbound,get_commodity,ok,,periodic,6,0,,,,,0,success,
2026-08-30T21:14:25.773-07:00,,query_sent,outbound,query_operational_state,pending,,periodic,18,0,,,,,,,
2026-08-30T21:14:25.936-07:00,,link_ack,inbound,query_operational_state,ack,,link_layer,18,,,,,,,,
2026-08-30T21:14:26.061-07:00,,operational_state,inbound,query_operational_state,received,,device_response,19,2,,,2,Running Curtailed,,,
2026-08-30T21:14:26.101-07:00,,query_completed,outbound,query_operational_state,ok,,periodic,18,0,,,,,,,
2026-08-30T21:14:55.158-07:00,,query_sent,outbound,query_operational_state,pending,,periodic,18,0,,,,,,,
2026-08-30T21:14:55.316-07:00,,link_ack,inbound,query_operational_state,ack,,link_layer,18,,,,,,,,
2026-08-30T21:14:55.441-07:00,,operational_state,inbound,query_operational_state,received,,device_response,19,2,,,2,Running Curtailed,,,
2026-08-30T21:14:55.481-07:00,,query_completed,outbound,query_operational_state,ok,,periodic,18,0,,,,,,,
2026-08-30T21:15:25.548-07:00,,query_sent,outbound,get_commodity,pending,,periodic,6,0,,,,,,,
2026-08-30T21:15:25.701-07:00,,link_ack,inbound,get_commodity,ack,,link_layer,6,,,,,,,,
2026-08-30T21:15:25.871-07:00,,intermediate_response,inbound,get_commodity,success,,device_response,6,128,,,,,0,success,
2026-08-30T21:15:25.914-07:00,,query_completed,outbound,get_commodity,ok,,periodic,6,0,,,,,0,success,
2026-08-30T21:15:25.914-07:00,,query_sent,outbound,query_operational_state,pending,,periodic,18,0,,,,,,,
2026-08-30T21:15:26.077-07:00,,link_ack,inbound,query_operational_state,ack,,link_layer,18,,,,,,,,
2026-08-30T21:15:26.200-07:00,,operational_state,inbound,query_operational_state,received,,device_response,19,2,,,2,Running Curtailed,,,
2026-08-30T21:15:26.241-07:00,,query_completed,outbound,query_operational_state,ok,,periodic,18,0,,,,,,,
2026-08-30T21:15:55.298-07:00,,query_sent,outbound,query_operational_state,pending,,periodic,18,0,,,,,,,
2026-08-30T21:15:55.458-07:00,,link_ack,inbound,query_operational_state,ack,,link_layer,18,,,,,,,,
2026-08-30T21:15:55.582-07:00,,operational_state,inbound,query_operational_state,received,,device_response,19,2,,,2,Running Curtailed,,,
2026-08-30T21:15:55.622-07:00,,query_completed,outbound,query_operational_state,ok,,periodic,18,0,,,,,,,
2026-08-30T21:16:25.689-07:00,,query_sent,outbound,get_commodity,pending,,periodic,6,0,,,,,,,
2026-08-30T21:16:25.842-07:00,,link_ack,inbound,get_commodity,ack,,link_layer,6,,,,,,,,
2026-08-30T21:16:26.012-07:00,,intermediate_response,inbound,get_commodity,success,,device_response,6,128,,,,,0,success,
2026-08-30T21:16:26.056-07:00,,query_completed,outbound,get_commodity,ok,,periodic,6,0,,,,,0,success,
2026-08-30T21:16:26.056-07:00,,query_sent,outbound,query_operational_state,pending,,periodic,18,0,,,,,,,
2026-08-30T21:16:26.217-07:00,,link_ack,inbound,query_operational_state,ack,,link_layer,18,,,,,,,,
2026-08-30T21:16:26.341-07:00,,operational_state,inbound,query_operational_state,received,,device_response,19,2,,,2,Running Curtailed,,,
2026-08-30T21:16:26.382-07:00,,query_completed,outbound,query_operational_state,ok,,periodic,18,0,,,,,,,
2026-08-30T21:16:55.439-07:00,,query_sent,outbound,query_operational_state,pending,,periodic,18,0,,,,,,,
2026-08-30T21:16:55.596-07:00,,link_ack,inbound,query_operational_state,ack,,link_layer,18,,,,,,,,
2026-08-30T21:16:55.720-07:00,,operational_state,inbound,query_operational_state,received,,device_response,19,2,,,2,Running Curtailed,,,
2026-08-30T21:16:55.761-07:00,,query_completed,outbound,query_operational_state,ok,,periodic,18,0,,,,,,,
2026-08-30T21:17:24.824-07:00,,query_sent,outbound,get_commodity,pending,,periodic,6,0,,,,,,,
2026-08-30T21:17:24.980-07:00,,link_ack,inbound,get_commodity,ack,,link_layer,6,,,,,,,,
2026-08-30T21:17:25.149-07:00,,intermediate_response,inbound,get_commodity,success,,device_response,6,128,,,,,0,success,
2026-08-30T21:17:25.192-07:00,,query_completed,outbound,get_commodity,ok,,periodic,6,0,,,,,0,success,
2026-08-30T21:17:25.192-07:00,,query_sent,outbound,query_operational_state,pending,,periodic,18,0,,,,,,,
2026-08-30T21:17:25.353-07:00,,link_ack,inbound,query_operational_state,ack,,link_layer,18,,,,,,,,
2026-08-30T21:17:25.478-07:00,,operational_state,inbound,query_operational_state,received,,device_response,19,2,,,2,Running Curtailed,,,
2026-08-30T21:17:25.519-07:00,,query_completed,outbound,query_operational_state,ok,,periodic,18,0,,,,,,,
2026-08-30T21:17:55.578-07:00,,query_sent,outbound,query_operational_state,pending,,periodic,18,0,,,,,,,
2026-08-30T21:17:55.737-07:00,,link_ack,inbound,query_operational_state,ack,,link_layer,18,,,,,,,,
2026-08-30T21:17:55.860-07:00,,operational_state,inbound,query_operational_state,received,,device_response,19,2,,,2,Running Curtailed,,,
2026-08-30T21:17:55.901-07:00,,query_completed,outbound,query_operational_state,ok,,periodic,18,0,,,,,,,
2026-08-30T21:18:24.965-07:00,,query_sent,outbound,get_commodity,pending,,periodic,6,0,,,,,,,
2026-08-30T21:18:25.120-07:00,,link_ack,inbound,get_commodity,ack,,link_layer,6,,,,,,,,
2026-08-30T21:18:25.288-07:00,,intermediate_response,inbound,get_commodity,success,,device_response,6,128,,,,,0,success,
2026-08-30T21:18:25.333-07:00,,query_completed,outbound,get_commodity,ok,,periodic,6,0,,,,,0,success,
2026-08-30T21:18:25.334-07:00,,query_sent,outbound,query_operational_state,pending,,periodic,18,0,,,,,,,
2026-08-30T21:18:25.496-07:00,,link_ack,inbound,query_operational_state,ack,,link_layer,18,,,,,,,,
2026-08-30T21:18:25.620-07:00,,operational_state,inbound,query_operational_state,received,,device_response,19,2,,,2,Running Curtailed,,,
2026-08-30T21:18:25.660-07:00,,query_completed,outbound,query_operational_state,ok,,periodic,18,0,,,,,,,
2026-08-30T21:18:55.719-07:00,,query_sent,outbound,query_operational_state,pending,,periodic,18,0,,,,,,,
2026-08-30T21:18:55.879-07:00,,link_ack,inbound,query_operational_state,ack,,link_layer,18,,,,,,,,
2026-08-30T21:18:56.002-07:00,,operational_state,inbound,query_operational_state,received,,device_response,19,2,,,2,Running Curtailed,,,
2026-08-30T21:18:56.043-07:00,,query_completed,outbound,query_operational_state,ok,,periodic,18,0,,,,,,,
2026-08-30T21:19:25.106-07:00,,query_sent,outbound,get_commodity,pending,,periodic,6,0,,,,,,,
2026-08-30T21:19:25.263-07:00,,link_ack,inbound,get_commodity,ack,,link_layer,6,,,,,,,,
2026-08-30T21:19:25.432-07:00,,intermediate_response,inbound,get_commodity,success,,device_response,6,128,,,,,0,success,
2026-08-30T21:19:25.476-07:00,,query_completed,outbound,get_commodity,ok,,periodic,6,0,,,,,0,success,
2026-08-30T21:19:25.476-07:00,,query_sent,outbound,query_operational_state,pending,,periodic,18,0,,,,,,,
2026-08-30T21:19:25.637-07:00,,link_ack,inbound,query_operational_state,ack,,link_layer,18,,,,,,,,
2026-08-30T21:19:25.761-07:00,,operational_state,inbound,query_operational_state,received,,device_response,19,2,,,2,Running Curtailed,,,
2026-08-30T21:19:25.802-07:00,,query_completed,outbound,query_operational_state,ok,,periodic,18,0,,,,,,,
2026-08-30T21:19:54.859-07:00,,query_sent,outbound,query_operational_state,pending,,periodic,18,0,,,,,,,
2026-08-30T21:19:55.018-07:00,,link_ack,inbound,query_operational_state,ack,,link_layer,18,,,,,,,,
2026-08-30T21:19:55.142-07:00,,operational_state,inbound,query_operational_state,received,,device_response,19,2,,,2,Running Curtailed,,,
2026-08-30T21:19:55.183-07:00,,query_completed,outbound,query_operational_state,ok,,periodic,18,0,,,,,,,
2026-08-30T21:20:25.247-07:00,auto_outside_comm_heartbeat_10,command_sent,outbound,outside_communication1,pending,0,schedule,14,0,,,,,,,
2026-08-30T21:20:25.403-07:00,,link_ack,inbound,outside_communication,ack,,link_layer,14,,,,,,,,
2026-08-30T21:20:25.527-07:00,,application_ack,inbound,outside_communication,ack,,application_layer,3,14,,,,,,,
2026-08-30T21:20:25.568-07:00,auto_outside_comm_heartbeat_10,command_completed,outbound,outside_communication1,ok,0,schedule,14,0,,,,,,,
2026-08-30T21:20:25.571-07:00,,query_sent,outbound,get_commodity,pending,,periodic,6,0,,,,,,,
2026-08-30T21:20:25.730-07:00,,link_ack,inbound,get_commodity,ack,,link_layer,6,,,,,,,,
2026-08-30T21:20:25.898-07:00,,intermediate_response,inbound,get_commodity,success,,device_response,6,128,,,,,0,success,
2026-08-30T21:20:25.941-07:00,,query_completed,outbound,get_commodity,ok,,periodic,6,0,,,,,0,success,
2026-08-30T21:20:25.942-07:00,,query_sent,outbound,query_operational_state,pending,,periodic,18,0,,,,,,,
2026-08-30T21:20:26.106-07:00,,link_ack,inbound,query_operational_state,ack,,link_layer,18,,,,,,,,
2026-08-30T21:20:26.229-07:00,,operational_state,inbound,query_operational_state,received,,device_response,19,2,,,2,Running Curtailed,,,
2026-08-30T21:20:26.270-07:00,,query_completed,outbound,query_operational_state,ok,,periodic,18,0,,,,,,,
2026-08-30T21:20:55.326-07:00,,query_sent,outbound,query_operational_state,pending,,periodic,18,0,,,,,,,
2026-08-30T21:20:55.487-07:00,,link_ack,inbound,query_operational_state,ack,,link_layer,18,,,,,,,,
2026-08-30T21:20:55.610-07:00,,operational_state,inbound,query_operational_state,received,,device_response,19,2,,,2,Running Curtailed,,,
2026-08-30T21:20:55.651-07:00,,query_completed,outbound,query_operational_state,ok,,periodic,18,0,,,,,,,
2026-08-30T21:21:25.716-07:00,,query_sent,outbound,get_commodity,pending,,periodic,6,0,,,,,,,
2026-08-30T21:21:25.874-07:00,,link_ack,inbound,get_commodity,ack,,link_layer,6,,,,,,,,
2026-08-30T21:21:26.043-07:00,,intermediate_response,inbound,get_commodity,success,,device_response,6,128,,,,,0,success,
2026-08-30T21:21:26.087-07:00,,query_completed,outbound,get_commodity,ok,,periodic,6,0,,,,,0,success,
2026-08-30T21:21:26.087-07:00,,query_sent,outbound,query_operational_state,pending,,periodic,18,0,,,,,,,
2026-08-30T21:21:26.249-07:00,,link_ack,inbound,query_operational_state,ack,,link_layer,18,,,,,,,,
2026-08-30T21:21:26.373-07:00,,operational_state,inbound,query_operational_state,received,,device_response,19,2,,,2,Running Curtailed,,,
2026-08-30T21:21:26.414-07:00,,query_completed,outbound,query_operational_state,ok,,periodic,18,0,,,,,,,
2026-08-30T21:21:55.476-07:00,,query_sent,outbound,query_operational_state,pending,,periodic,18,0,,,,,,,
2026-08-30T21:21:55.632-07:00,,link_ack,inbound,query_operational_state,ack,,link_layer,18,,,,,,,,
2026-08-30T21:21:55.755-07:00,,operational_state,inbound,query_operational_state,received,,device_response,19,2,,,2,Running Curtailed,,,
2026-08-30T21:21:55.796-07:00,,query_completed,outbound,query_operational_state,ok,,periodic,18,0,,,,,,,
2026-08-30T21:22:24.859-07:00,,query_sent,outbound,get_commodity,pending,,periodic,6,0,,,,,,,
2026-08-30T21:22:25.016-07:00,,link_ack,inbound,get_commodity,ack,,link_layer,6,,,,,,,,
2026-08-30T21:22:25.184-07:00,,intermediate_response,inbound,get_commodity,success,,device_response,6,128,,,,,0,success,
2026-08-30T21:22:25.226-07:00,,query_completed,outbound,get_commodity,ok,,periodic,6,0,,,,,0,success,
2026-08-30T21:22:25.227-07:00,,query_sent,outbound,query_operational_state,pending,,periodic,18,0,,,,,,,
2026-08-30T21:22:25.390-07:00,,link_ack,inbound,query_operational_state,ack,,link_layer,18,,,,,,,,
2026-08-30T21:22:25.513-07:00,,operational_state,inbound,query_operational_state,received,,device_response,19,2,,,2,Running Curtailed,,,
2026-08-30T21:22:25.554-07:00,,query_completed,outbound,query_operational_state,ok,,periodic,18,0,,,,,,,
2026-08-30T21:22:55.612-07:00,,query_sent,outbound,query_operational_state,pending,,periodic,18,0,,,,,,,
2026-08-30T21:22:55.771-07:00,,link_ack,inbound,query_operational_state,ack,,link_layer,18,,,,,,,,
2026-08-30T21:22:55.896-07:00,,operational_state,inbound,query_operational_state,received,,device_response,19,2,,,2,Running Curtailed,,,
2026-08-30T21:22:55.937-07:00,,query_completed,outbound,query_operational_state,ok,,periodic,18,0,,,,,,,
2026-08-30T21:23:25.000-07:00,,query_sent,outbound,get_commodity,pending,,periodic,6,0,,,,,,,
2026-08-30T21:23:25.156-07:00,,link_ack,inbound,get_commodity,ack,,link_layer,6,,,,,,,,
2026-08-30T21:23:25.324-07:00,,intermediate_response,inbound,get_commodity,success,,device_response,6,128,,,,,0,success,
2026-08-30T21:23:25.366-07:00,,query_completed,outbound,get_commodity,ok,,periodic,6,0,,,,,0,success,
2026-08-30T21:23:25.367-07:00,,query_sent,outbound,query_operational_state,pending,,periodic,18,0,,,,,,,
2026-08-30T21:23:25.529-07:00,,link_ack,inbound,query_operational_state,ack,,link_layer,18,,,,,,,,
2026-08-30T21:23:25.653-07:00,,operational_state,inbound,query_operational_state,received,,device_response,19,2,,,2,Running Curtailed,,,
2026-08-30T21:23:25.694-07:00,,query_completed,outbound,query_operational_state,ok,,periodic,18,0,,,,,,,
2026-08-30T21:23:55.753-07:00,,query_sent,outbound,query_operational_state,pending,,periodic,18,0,,,,,,,
2026-08-30T21:23:55.911-07:00,,link_ack,inbound,query_operational_state,ack,,link_layer,18,,,,,,,,
2026-08-30T21:23:56.035-07:00,,operational_state,inbound,query_operational_state,received,,device_response,19,2,,,2,Running Curtailed,,,
2026-08-30T21:23:56.076-07:00,,query_completed,outbound,query_operational_state,ok,,periodic,18,0,,,,,,,
2026-08-30T21:24:25.139-07:00,,query_sent,outbound,get_commodity,pending,,periodic,6,0,,,,,,,
2026-08-30T21:24:25.296-07:00,,link_ack,inbound,get_commodity,ack,,link_layer,6,,,,,,,,
2026-08-30T21:24:25.465-07:00,,intermediate_response,inbound,get_commodity,success,,device_response,6,128,,,,,0,success,
2026-08-30T21:24:25.508-07:00,,query_completed,outbound,get_commodity,ok,,periodic,6,0,,,,,0,success,
2026-08-30T21:24:25.509-07:00,,query_sent,outbound,query_operational_state,pending,,periodic,18,0,,,,,,,
2026-08-30T21:24:25.670-07:00,,link_ack,inbound,query_operational_state,ack,,link_layer,18,,,,,,,,
2026-08-30T21:24:25.794-07:00,,operational_state,inbound,query_operational_state,received,,device_response,19,2,,,2,Running Curtailed,,,
2026-08-30T21:24:25.834-07:00,,query_completed,outbound,query_operational_state,ok,,periodic,18,0,,,,,,,
2026-08-30T21:24:54.891-07:00,,query_sent,outbound,query_operational_state,pending,,periodic,18,0,,,,,,,
2026-08-30T21:24:55.050-07:00,,link_ack,inbound,query_operational_state,ack,,link_layer,18,,,,,,,,
2026-08-30T21:24:55.174-07:00,,operational_state,inbound,query_operational_state,received,,device_response,19,2,,,2,Running Curtailed,,,
2026-08-30T21:24:55.214-07:00,,query_completed,outbound,query_operational_state,ok,,periodic,18,0,,,,,,,
2026-08-30T21:25:25.280-07:00,,query_sent,outbound,get_commodity,pending,,periodic,6,0,,,,,,,
2026-08-30T21:25:25.437-07:00,,link_ack,inbound,get_commodity,ack,,link_layer,6,,,,,,,,
2026-08-30T21:25:25.607-07:00,,intermediate_response,inbound,get_commodity,success,,device_response,6,128,,,,,0,success,
2026-08-30T21:25:25.649-07:00,,query_completed,outbound,get_commodity,ok,,periodic,6,0,,,,,0,success,
2026-08-30T21:25:25.649-07:00,,query_sent,outbound,query_operational_state,pending,,periodic,18,0,,,,,,,
2026-08-30T21:25:25.811-07:00,,link_ack,inbound,query_operational_state,ack,,link_layer,18,,,,,,,,
2026-08-30T21:25:25.936-07:00,,operational_state,inbound,query_operational_state,received,,device_response,19,2,,,2,Running Curtailed,,,
2026-08-30T21:25:25.976-07:00,,query_completed,outbound,query_operational_state,ok,,periodic,18,0,,,,,,,
2026-08-30T21:25:55.033-07:00,,query_sent,outbound,query_operational_state,pending,,periodic,18,0,,,,,,,
2026-08-30T21:25:55.192-07:00,,link_ack,inbound,query_operational_state,ack,,link_layer,18,,,,,,,,
2026-08-30T21:25:55.315-07:00,,operational_state,inbound,query_operational_state,received,,device_response,19,2,,,2,Running Curtailed,,,
2026-08-30T21:25:55.356-07:00,,query_completed,outbound,query_operational_state,ok,,periodic,18,0,,,,,,,
2026-08-30T21:26:25.422-07:00,,query_sent,outbound,get_commodity,pending,,periodic,6,0,,,,,,,
2026-08-30T21:26:25.578-07:00,,link_ack,inbound,get_commodity,ack,,link_layer,6,,,,,,,,
2026-08-30T21:26:25.748-07:00,,intermediate_response,inbound,get_commodity,success,,device_response,6,128,,,,,0,success,
2026-08-30T21:26:25.791-07:00,,query_completed,outbound,get_commodity,ok,,periodic,6,0,,,,,0,success,
2026-08-30T21:26:25.791-07:00,,query_sent,outbound,query_operational_state,pending,,periodic,18,0,,,,,,,
2026-08-30T21:26:25.953-07:00,,link_ack,inbound,query_operational_state,ack,,link_layer,18,,,,,,,,
2026-08-30T21:26:26.077-07:00,,operational_state,inbound,query_operational_state,received,,device_response,19,2,,,2,Running Curtailed,,,
2026-08-30T21:26:26.118-07:00,,query_completed,outbound,query_operational_state,ok,,periodic,18,0,,,,,,,
2026-08-30T21:26:55.175-07:00,,query_sent,outbound,query_operational_state,pending,,periodic,18,0,,,,,,,
2026-08-30T21:26:55.333-07:00,,link_ack,inbound,query_operational_state,ack,,link_layer,18,,,,,,,,
2026-08-30T21:26:55.457-07:00,,operational_state,inbound,query_operational_state,received,,device_response,19,2,,,2,Running Curtailed,,,
2026-08-30T21:26:55.498-07:00,,query_completed,outbound,query_operational_state,ok,,periodic,18,0,,,,,,,
2026-08-30T21:27:25.564-07:00,,query_sent,outbound,get_commodity,pending,,periodic,6,0,,,,,,,
2026-08-30T21:27:25.718-07:00,,link_ack,inbound,get_commodity,ack,,link_layer,6,,,,,,,,
2026-08-30T21:27:25.886-07:00,,intermediate_response,inbound,get_commodity,success,,device_response,6,128,,,,,0,success,
2026-08-30T21:27:25.930-07:00,,query_completed,outbound,get_commodity,ok,,periodic,6,0,,,,,0,success,
2026-08-30T21:27:25.930-07:00,,query_sent,outbound,query_operational_state,pending,,periodic,18,0,,,,,,,
2026-08-30T21:27:26.092-07:00,,link_ack,inbound,query_operational_state,ack,,link_layer,18,,,,,,,,
2026-08-30T21:27:26.217-07:00,,operational_state,inbound,query_operational_state,received,,device_response,19,2,,,2,Running Curtailed,,,
2026-08-30T21:27:26.257-07:00,,query_completed,outbound,query_operational_state,ok,,periodic,18,0,,,,,,,
2026-08-30T21:27:55.314-07:00,,query_sent,outbound,query_operational_state,pending,,periodic,18,0,,,,,,,
2026-08-30T21:27:55.473-07:00,,link_ack,inbound,query_operational_state,ack,,link_layer,18,,,,,,,,
2026-08-30T21:27:55.595-07:00,,operational_state,inbound,query_operational_state,received,,device_response,19,2,,,2,Running Curtailed,,,
2026-08-30T21:27:55.636-07:00,,query_completed,outbound,query_operational_state,ok,,periodic,18,0,,,,,,,
2026-08-30T21:28:25.702-07:00,,query_sent,outbound,get_commodity,pending,,periodic,6,0,,,,,,,
2026-08-30T21:28:25.860-07:00,,link_ack,inbound,get_commodity,ack,,link_layer,6,,,,,,,,
2026-08-30T21:28:26.029-07:00,,intermediate_response,inbound,get_commodity,success,,device_response,6,128,,,,,0,success,
2026-08-30T21:28:26.072-07:00,,query_completed,outbound,get_commodity,ok,,periodic,6,0,,,,,0,success,
2026-08-30T21:28:26.073-07:00,,query_sent,outbound,query_operational_state,pending,,periodic,18,0,,,,,,,
2026-08-30T21:28:26.234-07:00,,link_ack,inbound,query_operational_state,ack,,link_layer,18,,,,,,,,
2026-08-30T21:28:26.358-07:00,,operational_state,inbound,query_operational_state,received,,device_response,19,2,,,2,Running Curtailed,,,
2026-08-30T21:28:26.399-07:00,,query_completed,outbound,query_operational_state,ok,,periodic,18,0,,,,,,,
2026-08-30T21:28:55.456-07:00,,query_sent,outbound,query_operational_state,pending,,periodic,18,0,,,,,,,
2026-08-30T21:28:55.614-07:00,,link_ack,inbound,query_operational_state,ack,,link_layer,18,,,,,,,,
2026-08-30T21:28:55.738-07:00,,operational_state,inbound,query_operational_state,received,,device_response,19,2,,,2,Running Curtailed,,,
2026-08-30T21:28:55.778-07:00,,query_completed,outbound,query_operational_state,ok,,periodic,18,0,,,,,,,
2026-08-30T21:29:24.843-07:00,,query_sent,outbound,get_commodity,pending,,periodic,6,0,,,,,,,
2026-08-30T21:29:24.997-07:00,,link_ack,inbound,get_commodity,ack,,link_layer,6,,,,,,,,
2026-08-30T21:29:25.166-07:00,,intermediate_response,inbound,get_commodity,success,,device_response,6,128,,,,,0,success,
2026-08-30T21:29:25.209-07:00,,query_completed,outbound,get_commodity,ok,,periodic,6,0,,,,,0,success,
2026-08-30T21:29:25.209-07:00,,query_sent,outbound,query_operational_state,pending,,periodic,18,0,,,,,,,
2026-08-30T21:29:25.371-07:00,,link_ack,inbound,query_operational_state,ack,,link_layer,18,,,,,,,,
2026-08-30T21:29:25.495-07:00,,operational_state,inbound,query_operational_state,received,,device_response,19,2,,,2,Running Curtailed,,,
2026-08-30T21:29:25.536-07:00,,query_completed,outbound,query_operational_state,ok,,periodic,18,0,,,,,,,
2026-08-30T21:29:55.595-07:00,,query_sent,outbound,query_operational_state,pending,,periodic,18,0,,,,,,,
2026-08-30T21:29:55.755-07:00,,link_ack,inbound,query_operational_state,ack,,link_layer,18,,,,,,,,
2026-08-30T21:29:55.878-07:00,,operational_state,inbound,query_operational_state,received,,device_response,19,2,,,2,Running Curtailed,,,
2026-08-30T21:29:55.919-07:00,,query_completed,outbound,query_operational_state,ok,,periodic,18,0,,,,,,,
2026-08-30T21:30:24.983-07:00,,query_sent,outbound,get_commodity,pending,,periodic,6,0,,,,,,,
2026-08-30T21:30:25.138-07:00,,link_ack,inbound,get_commodity,ack,,link_layer,6,,,,,,,,
2026-08-30T21:30:25.308-07:00,,intermediate_response,inbound,get_commodity,success,,device_response,6,128,,,,,0,success,
2026-08-30T21:30:25.351-07:00,,query_completed,outbound,get_commodity,ok,,periodic,6,0,,,,,0,success,
2026-08-30T21:30:25.351-07:00,,query_sent,outbound,query_operational_state,pending,,periodic,18,0,,,,,,,
2026-08-30T21:30:25.513-07:00,,link_ack,inbound,query_operational_state,ack,,link_layer,18,,,,,,,,
2026-08-30T21:30:25.637-07:00,,operational_state,inbound,query_operational_state,received,,device_response,19,2,,,2,Running Curtailed,,,
2026-08-30T21:30:25.677-07:00,,query_completed,outbound,query_operational_state,ok,,periodic,18,0,,,,,,,
2026-08-30T21:30:26.678-07:00,auto_outside_comm_heartbeat_11,command_sent,outbound,outside_communication1,pending,0,schedule,14,0,,,,,,,
2026-08-30T21:30:26.741-07:00,,link_ack,inbound,outside_communication,ack,,link_layer,14,,,,,,,,
2026-08-30T21:30:26.866-07:00,,application_ack,inbound,outside_communication,ack,,application_layer,3,14,,,,,,,
2026-08-30T21:30:26.907-07:00,auto_outside_comm_heartbeat_11,command_completed,outbound,outside_communication1,ok,0,schedule,14,0,,,,,,,
2026-08-30T21:30:54.965-07:00,,query_sent,outbound,query_operational_state,pending,,periodic,18,0,,,,,,,
2026-08-30T21:30:55.121-07:00,,link_ack,inbound,query_operational_state,ack,,link_layer,18,,,,,,,,
2026-08-30T21:30:55.244-07:00,,operational_state,inbound,query_operational_state,received,,device_response,19,2,,,2,Running Curtailed,,,
2026-08-30T21:30:55.285-07:00,,query_completed,outbound,query_operational_state,ok,,periodic,18,0,,,,,,,
2026-08-30T21:31:25.351-07:00,,query_sent,outbound,get_commodity,pending,,periodic,6,0,,,,,,,
2026-08-30T21:31:25.507-07:00,,link_ack,inbound,get_commodity,ack,,link_layer,6,,,,,,,,
2026-08-30T21:31:25.675-07:00,,intermediate_response,inbound,get_commodity,success,,device_response,6,128,,,,,0,success,
2026-08-30T21:31:25.717-07:00,,query_completed,outbound,get_commodity,ok,,periodic,6,0,,,,,0,success,
2026-08-30T21:31:25.718-07:00,,query_sent,outbound,query_operational_state,pending,,periodic,18,0,,,,,,,
2026-08-30T21:31:25.880-07:00,,link_ack,inbound,query_operational_state,ack,,link_layer,18,,,,,,,,
2026-08-30T21:31:26.003-07:00,,operational_state,inbound,query_operational_state,received,,device_response,19,2,,,2,Running Curtailed,,,
2026-08-30T21:31:26.044-07:00,,query_completed,outbound,query_operational_state,ok,,periodic,18,0,,,,,,,
2026-08-30T21:31:55.100-07:00,,query_sent,outbound,query_operational_state,pending,,periodic,18,0,,,,,,,
2026-08-30T21:31:55.259-07:00,,link_ack,inbound,query_operational_state,ack,,link_layer,18,,,,,,,,
2026-08-30T21:31:55.384-07:00,,operational_state,inbound,query_operational_state,received,,device_response,19,2,,,2,Running Curtailed,,,
2026-08-30T21:31:55.425-07:00,,query_completed,outbound,query_operational_state,ok,,periodic,18,0,,,,,,,
2026-08-30T21:32:25.490-07:00,,query_sent,outbound,get_commodity,pending,,periodic,6,0,,,,,,,
2026-08-30T21:32:25.645-07:00,,link_ack,inbound,get_commodity,ack,,link_layer,6,,,,,,,,
2026-08-30T21:32:25.815-07:00,,intermediate_response,inbound,get_commodity,success,,device_response,6,128,,,,,0,success,
2026-08-30T21:32:25.858-07:00,,query_completed,outbound,get_commodity,ok,,periodic,6,0,,,,,0,success,
2026-08-30T21:32:25.858-07:00,,query_sent,outbound,query_operational_state,pending,,periodic,18,0,,,,,,,
2026-08-30T21:32:26.020-07:00,,link_ack,inbound,query_operational_state,ack,,link_layer,18,,,,,,,,
2026-08-30T21:32:26.144-07:00,,operational_state,inbound,query_operational_state,received,,device_response,19,2,,,2,Running Curtailed,,,
2026-08-30T21:32:26.184-07:00,,query_completed,outbound,query_operational_state,ok,,periodic,18,0,,,,,,,
2026-08-30T21:32:55.246-07:00,,query_sent,outbound,query_operational_state,pending,,periodic,18,0,,,,,,,
2026-08-30T21:32:55.403-07:00,,link_ack,inbound,query_operational_state,ack,,link_layer,18,,,,,,,,
2026-08-30T21:32:55.526-07:00,,operational_state,inbound,query_operational_state,received,,device_response,19,2,,,2,Running Curtailed,,,
2026-08-30T21:32:55.567-07:00,,query_completed,outbound,query_operational_state,ok,,periodic,18,0,,,,,,,
2026-08-30T21:33:25.631-07:00,,query_sent,outbound,get_commodity,pending,,periodic,6,0,,,,,,,
2026-08-30T21:33:25.789-07:00,,link_ack,inbound,get_commodity,ack,,link_layer,6,,,,,,,,
2026-08-30T21:33:25.957-07:00,,intermediate_response,inbound,get_commodity,success,,device_response,6,128,,,,,0,success,
2026-08-30T21:33:26.000-07:00,,query_completed,outbound,get_commodity,ok,,periodic,6,0,,,,,0,success,
2026-08-30T21:33:26.000-07:00,,query_sent,outbound,query_operational_state,pending,,periodic,18,0,,,,,,,
2026-08-30T21:33:26.162-07:00,,link_ack,inbound,query_operational_state,ack,,link_layer,18,,,,,,,,
2026-08-30T21:33:26.286-07:00,,operational_state,inbound,query_operational_state,received,,device_response,19,2,,,2,Running Curtailed,,,
2026-08-30T21:33:26.327-07:00,,query_completed,outbound,query_operational_state,ok,,periodic,18,0,,,,,,,
2026-08-30T21:33:55.382-07:00,,query_sent,outbound,query_operational_state,pending,,periodic,18,0,,,,,,,
2026-08-30T21:33:55.544-07:00,,link_ack,inbound,query_operational_state,ack,,link_layer,18,,,,,,,,
2026-08-30T21:33:55.669-07:00,,operational_state,inbound,query_operational_state,received,,device_response,19,2,,,2,Running Curtailed,,,
2026-08-30T21:33:55.710-07:00,,query_completed,outbound,query_operational_state,ok,,periodic,18,0,,,,,,,
2026-08-30T21:34:24.773-07:00,,query_sent,outbound,get_commodity,pending,,periodic,6,0,,,,,,,
2026-08-30T21:34:24.930-07:00,,link_ack,inbound,get_commodity,ack,,link_layer,6,,,,,,,,
2026-08-30T21:34:25.099-07:00,,intermediate_response,inbound,get_commodity,success,,device_response,6,128,,,,,0,success,
2026-08-30T21:34:25.141-07:00,,query_completed,outbound,get_commodity,ok,,periodic,6,0,,,,,0,success,
2026-08-30T21:34:25.142-07:00,,query_sent,outbound,query_operational_state,pending,,periodic,18,0,,,,,,,
2026-08-30T21:34:25.304-07:00,,link_ack,inbound,query_operational_state,ack,,link_layer,18,,,,,,,,
2026-08-30T21:34:25.428-07:00,,operational_state,inbound,query_operational_state,received,,device_response,19,2,,,2,Running Curtailed,,,
2026-08-30T21:34:25.469-07:00,,query_completed,outbound,query_operational_state,ok,,periodic,18,0,,,,,,,
2026-08-30T21:34:55.527-07:00,,query_sent,outbound,query_operational_state,pending,,periodic,18,0,,,,,,,
2026-08-30T21:34:55.685-07:00,,link_ack,inbound,query_operational_state,ack,,link_layer,18,,,,,,,,
2026-08-30T21:34:55.808-07:00,,operational_state,inbound,query_operational_state,received,,device_response,19,2,,,2,Running Curtailed,,,
2026-08-30T21:34:55.849-07:00,,query_completed,outbound,query_operational_state,ok,,periodic,18,0,,,,,,,
2026-08-30T21:35:24.912-07:00,,query_sent,outbound,get_commodity,pending,,periodic,6,0,,,,,,,
2026-08-30T21:35:25.067-07:00,,link_ack,inbound,get_commodity,ack,,link_layer,6,,,,,,,,
2026-08-30T21:35:25.235-07:00,,intermediate_response,inbound,get_commodity,success,,device_response,6,128,,,,,0,success,
2026-08-30T21:35:25.279-07:00,,query_completed,outbound,get_commodity,ok,,periodic,6,0,,,,,0,success,
2026-08-30T21:35:25.280-07:00,,query_sent,outbound,query_operational_state,pending,,periodic,18,0,,,,,,,
2026-08-30T21:35:25.441-07:00,,link_ack,inbound,query_operational_state,ack,,link_layer,18,,,,,,,,
2026-08-30T21:35:25.565-07:00,,operational_state,inbound,query_operational_state,received,,device_response,19,2,,,2,Running Curtailed,,,
2026-08-30T21:35:25.606-07:00,,query_completed,outbound,query_operational_state,ok,,periodic,18,0,,,,,,,
2026-08-30T21:35:55.663-07:00,,query_sent,outbound,query_operational_state,pending,,periodic,18,0,,,,,,,
2026-08-30T21:35:55.824-07:00,,link_ack,inbound,query_operational_state,ack,,link_layer,18,,,,,,,,
2026-08-30T21:35:55.948-07:00,,operational_state,inbound,query_operational_state,received,,device_response,19,2,,,2,Running Curtailed,,,
2026-08-30T21:35:55.988-07:00,,query_completed,outbound,query_operational_state,ok,,periodic,18,0,,,,,,,
2026-08-30T21:36:25.051-07:00,,query_sent,outbound,get_commodity,pending,,periodic,6,0,,,,,,,
2026-08-30T21:36:25.208-07:00,,link_ack,inbound,get_commodity,ack,,link_layer,6,,,,,,,,
2026-08-30T21:36:25.377-07:00,,intermediate_response,inbound,get_commodity,success,,device_response,6,128,,,,,0,success,
2026-08-30T21:36:25.421-07:00,,query_completed,outbound,get_commodity,ok,,periodic,6,0,,,,,0,success,
2026-08-30T21:36:25.421-07:00,,query_sent,outbound,query_operational_state,pending,,periodic,18,0,,,,,,,
2026-08-30T21:36:25.583-07:00,,link_ack,inbound,query_operational_state,ack,,link_layer,18,,,,,,,,
2026-08-30T21:36:25.706-07:00,,operational_state,inbound,query_operational_state,received,,device_response,19,2,,,2,Running Curtailed,,,
2026-08-30T21:36:25.747-07:00,,query_completed,outbound,query_operational_state,ok,,periodic,18,0,,,,,,,
2026-08-30T21:36:54.804-07:00,,query_sent,outbound,query_operational_state,pending,,periodic,18,0,,,,,,,
2026-08-30T21:36:54.963-07:00,,link_ack,inbound,query_operational_state,ack,,link_layer,18,,,,,,,,
2026-08-30T21:36:55.087-07:00,,operational_state,inbound,query_operational_state,received,,device_response,19,2,,,2,Running Curtailed,,,
2026-08-30T21:36:55.128-07:00,,query_completed,outbound,query_operational_state,ok,,periodic,18,0,,,,,,,
2026-08-30T21:37:25.192-07:00,,query_sent,outbound,get_commodity,pending,,periodic,6,0,,,,,,,
2026-08-30T21:37:25.351-07:00,,link_ack,inbound,get_commodity,ack,,link_layer,6,,,,,,,,
2026-08-30T21:37:25.519-07:00,,intermediate_response,inbound,get_commodity,success,,device_response,6,128,,,,,0,success,
2026-08-30T21:37:25.562-07:00,,query_completed,outbound,get_commodity,ok,,periodic,6,0,,,,,0,success,
2026-08-30T21:37:25.563-07:00,,query_sent,outbound,query_operational_state,pending,,periodic,18,0,,,,,,,
2026-08-30T21:37:25.724-07:00,,link_ack,inbound,query_operational_state,ack,,link_layer,18,,,,,,,,
2026-08-30T21:37:25.848-07:00,,operational_state,inbound,query_operational_state,received,,device_response,19,2,,,2,Running Curtailed,,,
2026-08-30T21:37:25.889-07:00,,query_completed,outbound,query_operational_state,ok,,periodic,18,0,,,,,,,
2026-08-30T21:37:54.944-07:00,,query_sent,outbound,query_operational_state,pending,,periodic,18,0,,,,,,,
2026-08-30T21:37:55.105-07:00,,link_ack,inbound,query_operational_state,ack,,link_layer,18,,,,,,,,
2026-08-30T21:37:55.229-07:00,,operational_state,inbound,query_operational_state,received,,device_response,19,2,,,2,Running Curtailed,,,
2026-08-30T21:37:55.269-07:00,,query_completed,outbound,query_operational_state,ok,,periodic,18,0,,,,,,,
2026-08-30T21:38:25.334-07:00,,query_sent,outbound,get_commodity,pending,,periodic,6,0,,,,,,,
2026-08-30T21:38:25.492-07:00,,link_ack,inbound,get_commodity,ack,,link_layer,6,,,,,,,,
2026-08-30T21:38:25.660-07:00,,intermediate_response,inbound,get_commodity,success,,device_response,6,128,,,,,0,success,
2026-08-30T21:38:25.703-07:00,,query_completed,outbound,get_commodity,ok,,periodic,6,0,,,,,0,success,
2026-08-30T21:38:25.704-07:00,,query_sent,outbound,query_operational_state,pending,,periodic,18,0,,,,,,,
2026-08-30T21:38:25.866-07:00,,link_ack,inbound,query_operational_state,ack,,link_layer,18,,,,,,,,
2026-08-30T21:38:25.989-07:00,,operational_state,inbound,query_operational_state,received,,device_response,19,2,,,2,Running Curtailed,,,
2026-08-30T21:38:26.030-07:00,,query_completed,outbound,query_operational_state,ok,,periodic,18,0,,,,,,,
2026-08-30T21:38:55.087-07:00,,query_sent,outbound,query_operational_state,pending,,periodic,18,0,,,,,,,
2026-08-30T21:38:55.247-07:00,,link_ack,inbound,query_operational_state,ack,,link_layer,18,,,,,,,,
2026-08-30T21:38:55.371-07:00,,operational_state,inbound,query_operational_state,received,,device_response,19,2,,,2,Running Curtailed,,,
2026-08-30T21:38:55.411-07:00,,query_completed,outbound,query_operational_state,ok,,periodic,18,0,,,,,,,
2026-08-30T21:39:25.477-07:00,,query_sent,outbound,get_commodity,pending,,periodic,6,0,,,,,,,
2026-08-30T21:39:25.635-07:00,,link_ack,inbound,get_commodity,ack,,link_layer,6,,,,,,,,
2026-08-30T21:39:25.804-07:00,,intermediate_response,inbound,get_commodity,success,,device_response,6,128,,,,,0,success,
2026-08-30T21:39:25.847-07:00,,query_completed,outbound,get_commodity,ok,,periodic,6,0,,,,,0,success,
2026-08-30T21:39:25.848-07:00,,query_sent,outbound,query_operational_state,pending,,periodic,18,0,,,,,,,
2026-08-30T21:39:26.010-07:00,,link_ack,inbound,query_operational_state,ack,,link_layer,18,,,,,,,,
2026-08-30T21:39:26.133-07:00,,operational_state,inbound,query_operational_state,received,,device_response,19,2,,,2,Running Curtailed,,,
2026-08-30T21:39:26.173-07:00,,query_completed,outbound,query_operational_state,ok,,periodic,18,0,,,,,,,
2026-08-30T21:39:55.229-07:00,,query_sent,outbound,query_operational_state,pending,,periodic,18,0,,,,,,,
2026-08-30T21:39:55.390-07:00,,link_ack,inbound,query_operational_state,ack,,link_layer,18,,,,,,,,
2026-08-30T21:39:55.514-07:00,,operational_state,inbound,query_operational_state,received,,device_response,19,2,,,2,Running Curtailed,,,
2026-08-30T21:39:55.555-07:00,,query_completed,outbound,query_operational_state,ok,,periodic,18,0,,,,,,,
2026-08-30T21:40:25.618-07:00,auto_outside_comm_heartbeat_12,command_sent,outbound,outside_communication1,pending,0,schedule,14,0,,,,,,,
2026-08-30T21:40:25.776-07:00,,link_ack,inbound,outside_communication,ack,,link_layer,14,,,,,,,,
2026-08-30T21:40:25.899-07:00,,application_ack,inbound,outside_communication,ack,,application_layer,3,14,,,,,,,
2026-08-30T21:40:25.940-07:00,auto_outside_comm_heartbeat_12,command_completed,outbound,outside_communication1,ok,0,schedule,14,0,,,,,,,
2026-08-30T21:40:25.943-07:00,,query_sent,outbound,get_commodity,pending,,periodic,6,0,,,,,,,
2026-08-30T21:40:26.102-07:00,,link_ack,inbound,get_commodity,ack,,link_layer,6,,,,,,,,
2026-08-30T21:40:26.272-07:00,,intermediate_response,inbound,get_commodity,success,,device_response,6,128,,,,,0,success,
2026-08-30T21:40:26.315-07:00,,query_completed,outbound,get_commodity,ok,,periodic,6,0,,,,,0,success,
2026-08-30T21:40:26.316-07:00,,query_sent,outbound,query_operational_state,pending,,periodic,18,0,,,,,,,
2026-08-30T21:40:26.478-07:00,,link_ack,inbound,query_operational_state,ack,,link_layer,18,,,,,,,,
2026-08-30T21:40:26.602-07:00,,operational_state,inbound,query_operational_state,received,,device_response,19,2,,,2,Running Curtailed,,,
2026-08-30T21:40:26.643-07:00,,query_completed,outbound,query_operational_state,ok,,periodic,18,0,,,,,,,
2026-08-30T21:40:55.698-07:00,,query_sent,outbound,query_operational_state,pending,,periodic,18,0,,,,,,,
2026-08-30T21:40:55.858-07:00,,link_ack,inbound,query_operational_state,ack,,link_layer,18,,,,,,,,
2026-08-30T21:40:55.982-07:00,,operational_state,inbound,query_operational_state,received,,device_response,19,2,,,2,Running Curtailed,,,
2026-08-30T21:40:56.023-07:00,,query_completed,outbound,query_operational_state,ok,,periodic,18,0,,,,,,,
2026-08-30T21:41:25.085-07:00,,query_sent,outbound,get_commodity,pending,,periodic,6,0,,,,,,,
2026-08-30T21:41:25.243-07:00,,link_ack,inbound,get_commodity,ack,,link_layer,6,,,,,,,,
2026-08-30T21:41:25.412-07:00,,intermediate_response,inbound,get_commodity,success,,device_response,6,128,,,,,0,success,
2026-08-30T21:41:25.454-07:00,,query_completed,outbound,get_commodity,ok,,periodic,6,0,,,,,0,success,
2026-08-30T21:41:25.455-07:00,,query_sent,outbound,query_operational_state,pending,,periodic,18,0,,,,,,,
2026-08-30T21:41:25.617-07:00,,link_ack,inbound,query_operational_state,ack,,link_layer,18,,,,,,,,
2026-08-30T21:41:25.741-07:00,,operational_state,inbound,query_operational_state,received,,device_response,19,2,,,2,Running Curtailed,,,
2026-08-30T21:41:25.782-07:00,,query_completed,outbound,query_operational_state,ok,,periodic,18,0,,,,,,,
2026-08-30T21:41:54.838-07:00,,query_sent,outbound,query_operational_state,pending,,periodic,18,0,,,,,,,
2026-08-30T21:41:54.999-07:00,,link_ack,inbound,query_operational_state,ack,,link_layer,18,,,,,,,,
2026-08-30T21:41:55.122-07:00,,operational_state,inbound,query_operational_state,received,,device_response,19,2,,,2,Running Curtailed,,,
2026-08-30T21:41:55.162-07:00,,query_completed,outbound,query_operational_state,ok,,periodic,18,0,,,,,,,
2026-08-30T21:42:25.219-07:00,,query_sent,outbound,get_commodity,pending,,periodic,6,0,,,,,,,
2026-08-30T21:42:25.282-07:00,,link_ack,inbound,get_commodity,ack,,link_layer,6,,,,,,,,
2026-08-30T21:42:25.451-07:00,,intermediate_response,inbound,get_commodity,success,,device_response,6,128,,,,,0,success,
2026-08-30T21:42:25.493-07:00,,query_completed,outbound,get_commodity,ok,,periodic,6,0,,,,,0,success,
2026-08-30T21:42:25.493-07:00,,query_sent,outbound,query_operational_state,pending,,periodic,18,0,,,,,,,
2026-08-30T21:42:25.655-07:00,,link_ack,inbound,query_operational_state,ack,,link_layer,18,,,,,,,,
2026-08-30T21:42:25.779-07:00,,operational_state,inbound,query_operational_state,received,,device_response,19,2,,,2,Running Curtailed,,,
2026-08-30T21:42:25.819-07:00,,query_completed,outbound,query_operational_state,ok,,periodic,18,0,,,,,,,
2026-08-30T21:42:54.875-07:00,,query_sent,outbound,query_operational_state,pending,,periodic,18,0,,,,,,,
2026-08-30T21:42:55.035-07:00,,link_ack,inbound,query_operational_state,ack,,link_layer,18,,,,,,,,
2026-08-30T21:42:55.158-07:00,,operational_state,inbound,query_operational_state,received,,device_response,19,2,,,2,Running Curtailed,,,
2026-08-30T21:42:55.198-07:00,,query_completed,outbound,query_operational_state,ok,,periodic,18,0,,,,,,,
2026-08-30T21:43:25.257-07:00,,query_sent,outbound,get_commodity,pending,,periodic,6,0,,,,,,,
2026-08-30T21:43:25.416-07:00,,link_ack,inbound,get_commodity,ack,,link_layer,6,,,,,,,,
2026-08-30T21:43:25.585-07:00,,intermediate_response,inbound,get_commodity,success,,device_response,6,128,,,,,0,success,
2026-08-30T21:43:25.626-07:00,,query_completed,outbound,get_commodity,ok,,periodic,6,0,,,,,0,success,
2026-08-30T21:43:25.627-07:00,,query_sent,outbound,query_operational_state,pending,,periodic,18,0,,,,,,,
2026-08-30T21:43:25.788-07:00,,link_ack,inbound,query_operational_state,ack,,link_layer,18,,,,,,,,
2026-08-30T21:43:25.912-07:00,,operational_state,inbound,query_operational_state,received,,device_response,19,2,,,2,Running Curtailed,,,
2026-08-30T21:43:25.953-07:00,,query_completed,outbound,query_operational_state,ok,,periodic,18,0,,,,,,,
2026-08-30T21:43:55.010-07:00,,query_sent,outbound,query_operational_state,pending,,periodic,18,0,,,,,,,
2026-08-30T21:43:55.169-07:00,,link_ack,inbound,query_operational_state,ack,,link_layer,18,,,,,,,,
2026-08-30T21:43:55.294-07:00,,operational_state,inbound,query_operational_state,received,,device_response,19,2,,,2,Running Curtailed,,,
2026-08-30T21:43:55.334-07:00,,query_completed,outbound,query_operational_state,ok,,periodic,18,0,,,,,,,
2026-08-30T21:44:25.393-07:00,,query_sent,outbound,get_commodity,pending,,periodic,6,0,,,,,,,
2026-08-30T21:44:25.555-07:00,,link_ack,inbound,get_commodity,ack,,link_layer,6,,,,,,,,
2026-08-30T21:44:25.724-07:00,,intermediate_response,inbound,get_commodity,success,,device_response,6,128,,,,,0,success,
2026-08-30T21:44:25.766-07:00,,query_completed,outbound,get_commodity,ok,,periodic,6,0,,,,,0,success,
2026-08-30T21:44:25.766-07:00,,query_sent,outbound,query_operational_state,pending,,periodic,18,0,,,,,,,
2026-08-30T21:44:25.928-07:00,,link_ack,inbound,query_operational_state,ack,,link_layer,18,,,,,,,,
2026-08-30T21:44:26.052-07:00,,operational_state,inbound,query_operational_state,received,,device_response,19,2,,,2,Running Curtailed,,,
2026-08-30T21:44:26.092-07:00,,query_completed,outbound,query_operational_state,ok,,periodic,18,0,,,,,,,
2026-08-30T21:44:55.148-07:00,,query_sent,outbound,query_operational_state,pending,,periodic,18,0,,,,,,,
2026-08-30T21:44:55.309-07:00,,link_ack,inbound,query_operational_state,ack,,link_layer,18,,,,,,,,
2026-08-30T21:44:55.432-07:00,,operational_state,inbound,query_operational_state,received,,device_response,19,2,,,2,Running Curtailed,,,
2026-08-30T21:44:55.473-07:00,,query_completed,outbound,query_operational_state,ok,,periodic,18,0,,,,,,,
2026-08-30T21:45:25.531-07:00,,query_sent,outbound,get_commodity,pending,,periodic,6,0,,,,,,,
2026-08-30T21:45:25.690-07:00,,link_ack,inbound,get_commodity,ack,,link_layer,6,,,,,,,,
2026-08-30T21:45:25.858-07:00,,intermediate_response,inbound,get_commodity,success,,device_response,6,128,,,,,0,success,
2026-08-30T21:45:25.900-07:00,,query_completed,outbound,get_commodity,ok,,periodic,6,0,,,,,0,success,
2026-08-30T21:45:25.900-07:00,,query_sent,outbound,query_operational_state,pending,,periodic,18,0,,,,,,,
2026-08-30T21:45:26.062-07:00,,link_ack,inbound,query_operational_state,ack,,link_layer,18,,,,,,,,
2026-08-30T21:45:26.185-07:00,,operational_state,inbound,query_operational_state,received,,device_response,19,2,,,2,Running Curtailed,,,
2026-08-30T21:45:26.226-07:00,,query_completed,outbound,query_operational_state,ok,,periodic,18,0,,,,,,,
2026-08-30T21:45:55.283-07:00,,query_sent,outbound,query_operational_state,pending,,periodic,18,0,,,,,,,
2026-08-30T21:45:55.444-07:00,,link_ack,inbound,query_operational_state,ack,,link_layer,18,,,,,,,,
2026-08-30T21:45:55.567-07:00,,operational_state,inbound,query_operational_state,received,,device_response,19,2,,,2,Running Curtailed,,,
2026-08-30T21:45:55.608-07:00,,query_completed,outbound,query_operational_state,ok,,periodic,18,0,,,,,,,
2026-08-30T21:46:25.667-07:00,,query_sent,outbound,get_commodity,pending,,periodic,6,0,,,,,,,
2026-08-30T21:46:25.828-07:00,,link_ack,inbound,get_commodity,ack,,link_layer,6,,,,,,,,
2026-08-30T21:46:25.995-07:00,,intermediate_response,inbound,get_commodity,success,,device_response,6,128,,,,,0,success,
2026-08-30T21:46:26.037-07:00,,query_completed,outbound,get_commodity,ok,,periodic,6,0,,,,,0,success,
2026-08-30T21:46:26.037-07:00,,query_sent,outbound,query_operational_state,pending,,periodic,18,0,,,,,,,
2026-08-30T21:46:26.199-07:00,,link_ack,inbound,query_operational_state,ack,,link_layer,18,,,,,,,,
2026-08-30T21:46:26.323-07:00,,operational_state,inbound,query_operational_state,received,,device_response,19,2,,,2,Running Curtailed,,,
2026-08-30T21:46:26.363-07:00,,query_completed,outbound,query_operational_state,ok,,periodic,18,0,,,,,,,
2026-08-30T21:46:55.420-07:00,,query_sent,outbound,query_operational_state,pending,,periodic,18,0,,,,,,,
2026-08-30T21:46:55.579-07:00,,link_ack,inbound,query_operational_state,ack,,link_layer,18,,,,,,,,
2026-08-30T21:46:55.703-07:00,,operational_state,inbound,query_operational_state,received,,device_response,19,2,,,2,Running Curtailed,,,
2026-08-30T21:46:55.744-07:00,,query_completed,outbound,query_operational_state,ok,,periodic,18,0,,,,,,,
2026-08-30T21:47:24.802-07:00,,query_sent,outbound,get_commodity,pending,,periodic,6,0,,,,,,,
2026-08-30T21:47:24.961-07:00,,link_ack,inbound,get_commodity,ack,,link_layer,6,,,,,,,,
2026-08-30T21:47:25.130-07:00,,intermediate_response,inbound,get_commodity,success,,device_response,6,128,,,,,0,success,
2026-08-30T21:47:25.171-07:00,,query_completed,outbound,get_commodity,ok,,periodic,6,0,,,,,0,success,
2026-08-30T21:47:25.171-07:00,,query_sent,outbound,query_operational_state,pending,,periodic,18,0,,,,,,,
2026-08-30T21:47:25.333-07:00,,link_ack,inbound,query_operational_state,ack,,link_layer,18,,,,,,,,
2026-08-30T21:47:25.457-07:00,,operational_state,inbound,query_operational_state,received,,device_response,19,2,,,2,Running Curtailed,,,
2026-08-30T21:47:25.498-07:00,,query_completed,outbound,query_operational_state,ok,,periodic,18,0,,,,,,,
2026-08-30T21:47:55.557-07:00,,query_sent,outbound,query_operational_state,pending,,periodic,18,0,,,,,,,
2026-08-30T21:47:55.712-07:00,,link_ack,inbound,query_operational_state,ack,,link_layer,18,,,,,,,,
2026-08-30T21:47:55.835-07:00,,operational_state,inbound,query_operational_state,received,,device_response,19,2,,,2,Running Curtailed,,,
2026-08-30T21:47:55.876-07:00,,query_completed,outbound,query_operational_state,ok,,periodic,18,0,,,,,,,
2026-08-30T21:48:24.934-07:00,,query_sent,outbound,get_commodity,pending,,periodic,6,0,,,,,,,
2026-08-30T21:48:25.093-07:00,,link_ack,inbound,get_commodity,ack,,link_layer,6,,,,,,,,
2026-08-30T21:48:25.261-07:00,,intermediate_response,inbound,get_commodity,success,,device_response,6,128,,,,,0,success,
2026-08-30T21:48:25.303-07:00,,query_completed,outbound,get_commodity,ok,,periodic,6,0,,,,,0,success,
2026-08-30T21:48:25.303-07:00,,query_sent,outbound,query_operational_state,pending,,periodic,18,0,,,,,,,
2026-08-30T21:48:25.466-07:00,,link_ack,inbound,query_operational_state,ack,,link_layer,18,,,,,,,,
2026-08-30T21:48:25.588-07:00,,operational_state,inbound,query_operational_state,received,,device_response,19,2,,,2,Running Curtailed,,,
2026-08-30T21:48:25.629-07:00,,query_completed,outbound,query_operational_state,ok,,periodic,18,0,,,,,,,
2026-08-30T21:48:55.688-07:00,,query_sent,outbound,query_operational_state,pending,,periodic,18,0,,,,,,,
2026-08-30T21:48:55.846-07:00,,link_ack,inbound,query_operational_state,ack,,link_layer,18,,,,,,,,
2026-08-30T21:48:55.969-07:00,,operational_state,inbound,query_operational_state,received,,device_response,19,2,,,2,Running Curtailed,,,
2026-08-30T21:48:56.009-07:00,,query_completed,outbound,query_operational_state,ok,,periodic,18,0,,,,,,,
2026-08-30T21:49:25.067-07:00,,query_sent,outbound,get_commodity,pending,,periodic,6,0,,,,,,,
2026-08-30T21:49:25.224-07:00,,link_ack,inbound,get_commodity,ack,,link_layer,6,,,,,,,,
2026-08-30T21:49:25.392-07:00,,intermediate_response,inbound,get_commodity,success,,device_response,6,128,,,,,0,success,
2026-08-30T21:49:25.434-07:00,,query_completed,outbound,get_commodity,ok,,periodic,6,0,,,,,0,success,
2026-08-30T21:49:25.434-07:00,,query_sent,outbound,query_operational_state,pending,,periodic,18,0,,,,,,,
2026-08-30T21:49:25.596-07:00,,link_ack,inbound,query_operational_state,ack,,link_layer,18,,,,,,,,
2026-08-30T21:49:25.720-07:00,,operational_state,inbound,query_operational_state,received,,device_response,19,2,,,2,Running Curtailed,,,
2026-08-30T21:49:25.760-07:00,,query_completed,outbound,query_operational_state,ok,,periodic,18,0,,,,,,,
2026-08-30T21:49:54.817-07:00,,query_sent,outbound,query_operational_state,pending,,periodic,18,0,,,,,,,
2026-08-30T21:49:54.976-07:00,,link_ack,inbound,query_operational_state,ack,,link_layer,18,,,,,,,,
2026-08-30T21:49:55.100-07:00,,operational_state,inbound,query_operational_state,received,,device_response,19,2,,,2,Running Curtailed,,,
2026-08-30T21:49:55.140-07:00,,query_completed,outbound,query_operational_state,ok,,periodic,18,0,,,,,,,
2026-08-30T21:50:25.198-07:00,auto_outside_comm_heartbeat_13,command_sent,outbound,outside_communication1,pending,0,schedule,14,0,,,,,,,
2026-08-30T21:50:25.359-07:00,,link_ack,inbound,outside_communication,ack,,link_layer,14,,,,,,,,
2026-08-30T21:50:25.482-07:00,,application_ack,inbound,outside_communication,ack,,application_layer,3,14,,,,,,,
2026-08-30T21:50:25.523-07:00,auto_outside_comm_heartbeat_13,command_completed,outbound,outside_communication1,ok,0,schedule,14,0,,,,,,,
2026-08-30T21:50:25.524-07:00,,query_sent,outbound,get_commodity,pending,,periodic,6,0,,,,,,,
2026-08-30T21:50:25.685-07:00,,link_ack,inbound,get_commodity,ack,,link_layer,6,,,,,,,,
2026-08-30T21:50:25.854-07:00,,intermediate_response,inbound,get_commodity,success,,device_response,6,128,,,,,0,success,
2026-08-30T21:50:25.895-07:00,,query_completed,outbound,get_commodity,ok,,periodic,6,0,,,,,0,success,
2026-08-30T21:50:25.895-07:00,,query_sent,outbound,query_operational_state,pending,,periodic,18,0,,,,,,,
2026-08-30T21:50:26.058-07:00,,link_ack,inbound,query_operational_state,ack,,link_layer,18,,,,,,,,
2026-08-30T21:50:26.181-07:00,,operational_state,inbound,query_operational_state,received,,device_response,19,2,,,2,Running Curtailed,,,
2026-08-30T21:50:26.222-07:00,,query_completed,outbound,query_operational_state,ok,,periodic,18,0,,,,,,,
2026-08-30T21:50:55.278-07:00,,query_sent,outbound,query_operational_state,pending,,periodic,18,0,,,,,,,
2026-08-30T21:50:55.439-07:00,,link_ack,inbound,query_operational_state,ack,,link_layer,18,,,,,,,,
2026-08-30T21:50:55.562-07:00,,operational_state,inbound,query_operational_state,received,,device_response,19,2,,,2,Running Curtailed,,,
2026-08-30T21:50:55.603-07:00,,query_completed,outbound,query_operational_state,ok,,periodic,18,0,,,,,,,
2026-08-30T21:51:25.668-07:00,,query_sent,outbound,get_commodity,pending,,periodic,6,0,,,,,,,
2026-08-30T21:51:25.826-07:00,,link_ack,inbound,get_commodity,ack,,link_layer,6,,,,,,,,
2026-08-30T21:51:25.995-07:00,,intermediate_response,inbound,get_commodity,success,,device_response,6,128,,,,,0,success,
2026-08-30T21:51:26.038-07:00,,query_completed,outbound,get_commodity,ok,,periodic,6,0,,,,,0,success,
2026-08-30T21:51:26.038-07:00,,query_sent,outbound,query_operational_state,pending,,periodic,18,0,,,,,,,
2026-08-30T21:51:26.200-07:00,,link_ack,inbound,query_operational_state,ack,,link_layer,18,,,,,,,,
2026-08-30T21:51:26.324-07:00,,operational_state,inbound,query_operational_state,received,,device_response,19,4,,,4,Idle Curtailed,,,
2026-08-30T21:51:26.365-07:00,,query_completed,outbound,query_operational_state,ok,,periodic,18,0,,,,,,,
2026-08-30T21:51:55.421-07:00,,query_sent,outbound,query_operational_state,pending,,periodic,18,0,,,,,,,
2026-08-30T21:51:55.582-07:00,,link_ack,inbound,query_operational_state,ack,,link_layer,18,,,,,,,,
2026-08-30T21:51:55.706-07:00,,operational_state,inbound,query_operational_state,received,,device_response,19,4,,,4,Idle Curtailed,,,
2026-08-30T21:51:55.746-07:00,,query_completed,outbound,query_operational_state,ok,,periodic,18,0,,,,,,,
2026-08-30T21:52:24.804-07:00,,query_sent,outbound,get_commodity,pending,,periodic,6,0,,,,,,,
2026-08-30T21:52:24.966-07:00,,link_ack,inbound,get_commodity,ack,,link_layer,6,,,,,,,,
2026-08-30T21:52:25.134-07:00,,intermediate_response,inbound,get_commodity,success,,device_response,6,128,,,,,0,success,
2026-08-30T21:52:25.175-07:00,,query_completed,outbound,get_commodity,ok,,periodic,6,0,,,,,0,success,
2026-08-30T21:52:25.175-07:00,,query_sent,outbound,query_operational_state,pending,,periodic,18,0,,,,,,,
2026-08-30T21:52:25.338-07:00,,link_ack,inbound,query_operational_state,ack,,link_layer,18,,,,,,,,
2026-08-30T21:52:25.462-07:00,,operational_state,inbound,query_operational_state,received,,device_response,19,4,,,4,Idle Curtailed,,,
2026-08-30T21:52:25.502-07:00,,query_completed,outbound,query_operational_state,ok,,periodic,18,0,,,,,,,
2026-08-30T21:52:55.562-07:00,,query_sent,outbound,query_operational_state,pending,,periodic,18,0,,,,,,,
2026-08-30T21:52:55.626-07:00,,link_ack,inbound,query_operational_state,ack,,link_layer,18,,,,,,,,
2026-08-30T21:52:55.750-07:00,,operational_state,inbound,query_operational_state,received,,device_response,19,4,,,4,Idle Curtailed,,,
2026-08-30T21:52:55.790-07:00,,query_completed,outbound,query_operational_state,ok,,periodic,18,0,,,,,,,
2026-08-30T21:53:24.846-07:00,,query_sent,outbound,get_commodity,pending,,periodic,6,0,,,,,,,
2026-08-30T21:53:25.009-07:00,,link_ack,inbound,get_commodity,ack,,link_layer,6,,,,,,,,
2026-08-30T21:53:25.177-07:00,,intermediate_response,inbound,get_commodity,success,,device_response,6,128,,,,,0,success,
2026-08-30T21:53:25.219-07:00,,query_completed,outbound,get_commodity,ok,,periodic,6,0,,,,,0,success,
2026-08-30T21:53:25.220-07:00,,query_sent,outbound,query_operational_state,pending,,periodic,18,0,,,,,,,
2026-08-30T21:53:25.381-07:00,,link_ack,inbound,query_operational_state,ack,,link_layer,18,,,,,,,,
2026-08-30T21:53:25.505-07:00,,operational_state,inbound,query_operational_state,received,,device_response,19,4,,,4,Idle Curtailed,,,
2026-08-30T21:53:25.546-07:00,,query_completed,outbound,query_operational_state,ok,,periodic,18,0,,,,,,,
2026-08-30T21:53:55.604-07:00,,query_sent,outbound,query_operational_state,pending,,periodic,18,0,,,,,,,
2026-08-30T21:53:55.766-07:00,,link_ack,inbound,query_operational_state,ack,,link_layer,18,,,,,,,,
2026-08-30T21:53:55.890-07:00,,operational_state,inbound,query_operational_state,received,,device_response,19,4,,,4,Idle Curtailed,,,
2026-08-30T21:53:55.931-07:00,,query_completed,outbound,query_operational_state,ok,,periodic,18,0,,,,,,,
2026-08-30T21:54:24.986-07:00,,query_sent,outbound,get_commodity,pending,,periodic,6,0,,,,,,,
2026-08-30T21:54:25.050-07:00,,link_ack,inbound,get_commodity,ack,,link_layer,6,,,,,,,,
2026-08-30T21:54:25.219-07:00,,intermediate_response,inbound,get_commodity,success,,device_response,6,128,,,,,0,success,
2026-08-30T21:54:25.261-07:00,,query_completed,outbound,get_commodity,ok,,periodic,6,0,,,,,0,success,
2026-08-30T21:54:25.262-07:00,,query_sent,outbound,query_operational_state,pending,,periodic,18,0,,,,,,,
2026-08-30T21:54:25.424-07:00,,link_ack,inbound,query_operational_state,ack,,link_layer,18,,,,,,,,
2026-08-30T21:54:25.548-07:00,,operational_state,inbound,query_operational_state,received,,device_response,19,4,,,4,Idle Curtailed,,,
2026-08-30T21:54:25.589-07:00,,query_completed,outbound,query_operational_state,ok,,periodic,18,0,,,,,,,
2026-08-30T21:54:55.647-07:00,,query_sent,outbound,query_operational_state,pending,,periodic,18,0,,,,,,,
2026-08-30T21:54:55.807-07:00,,link_ack,inbound,query_operational_state,ack,,link_layer,18,,,,,,,,
2026-08-30T21:54:55.931-07:00,,operational_state,inbound,query_operational_state,received,,device_response,19,4,,,4,Idle Curtailed,,,
2026-08-30T21:54:55.971-07:00,,query_completed,outbound,query_operational_state,ok,,periodic,18,0,,,,,,,
2026-08-30T21:55:25.027-07:00,,query_sent,outbound,get_commodity,pending,,periodic,6,0,,,,,,,
2026-08-30T21:55:25.189-07:00,,link_ack,inbound,get_commodity,ack,,link_layer,6,,,,,,,,
2026-08-30T21:55:25.358-07:00,,intermediate_response,inbound,get_commodity,success,,device_response,6,128,,,,,0,success,
2026-08-30T21:55:25.400-07:00,,query_completed,outbound,get_commodity,ok,,periodic,6,0,,,,,0,success,
2026-08-30T21:55:25.400-07:00,,query_sent,outbound,query_operational_state,pending,,periodic,18,0,,,,,,,
2026-08-30T21:55:25.562-07:00,,link_ack,inbound,query_operational_state,ack,,link_layer,18,,,,,,,,
2026-08-30T21:55:25.687-07:00,,operational_state,inbound,query_operational_state,received,,device_response,19,4,,,4,Idle Curtailed,,,
2026-08-30T21:55:25.727-07:00,,query_completed,outbound,query_operational_state,ok,,periodic,18,0,,,,,,,
2026-08-30T21:55:54.784-07:00,,query_sent,outbound,query_operational_state,pending,,periodic,18,0,,,,,,,
2026-08-30T21:55:54.848-07:00,,link_ack,inbound,query_operational_state,ack,,link_layer,18,,,,,,,,
2026-08-30T21:55:54.971-07:00,,operational_state,inbound,query_operational_state,received,,device_response,19,4,,,4,Idle Curtailed,,,
2026-08-30T21:55:55.012-07:00,,query_completed,outbound,query_operational_state,ok,,periodic,18,0,,,,,,,
2026-08-30T21:56:25.070-07:00,,query_sent,outbound,get_commodity,pending,,periodic,6,0,,,,,,,
2026-08-30T21:56:25.232-07:00,,link_ack,inbound,get_commodity,ack,,link_layer,6,,,,,,,,
2026-08-30T21:56:25.400-07:00,,intermediate_response,inbound,get_commodity,success,,device_response,6,128,,,,,0,success,
2026-08-30T21:56:25.444-07:00,,query_completed,outbound,get_commodity,ok,,periodic,6,0,,,,,0,success,
2026-08-30T21:56:25.445-07:00,,query_sent,outbound,query_operational_state,pending,,periodic,18,0,,,,,,,
2026-08-30T21:56:25.607-07:00,,link_ack,inbound,query_operational_state,ack,,link_layer,18,,,,,,,,
2026-08-30T21:56:25.731-07:00,,operational_state,inbound,query_operational_state,received,,device_response,19,4,,,4,Idle Curtailed,,,
2026-08-30T21:56:25.772-07:00,,query_completed,outbound,query_operational_state,ok,,periodic,18,0,,,,,,,
2026-08-30T21:56:54.828-07:00,,query_sent,outbound,query_operational_state,pending,,periodic,18,0,,,,,,,
2026-08-30T21:56:54.990-07:00,,link_ack,inbound,query_operational_state,ack,,link_layer,18,,,,,,,,
2026-08-30T21:56:55.115-07:00,,operational_state,inbound,query_operational_state,received,,device_response,19,4,,,4,Idle Curtailed,,,
2026-08-30T21:56:55.156-07:00,,query_completed,outbound,query_operational_state,ok,,periodic,18,0,,,,,,,
2026-08-30T21:57:25.213-07:00,,query_sent,outbound,get_commodity,pending,,periodic,6,0,,,,,,,
2026-08-30T21:57:25.277-07:00,,link_ack,inbound,get_commodity,ack,,link_layer,6,,,,,,,,
2026-08-30T21:57:25.444-07:00,,intermediate_response,inbound,get_commodity,success,,device_response,6,128,,,,,0,success,
2026-08-30T21:57:25.486-07:00,,query_completed,outbound,get_commodity,ok,,periodic,6,0,,,,,0,success,
2026-08-30T21:57:25.486-07:00,,query_sent,outbound,query_operational_state,pending,,periodic,18,0,,,,,,,
2026-08-30T21:57:25.648-07:00,,link_ack,inbound,query_operational_state,ack,,link_layer,18,,,,,,,,
2026-08-30T21:57:25.772-07:00,,operational_state,inbound,query_operational_state,received,,device_response,19,4,,,4,Idle Curtailed,,,
2026-08-30T21:57:25.812-07:00,,query_completed,outbound,query_operational_state,ok,,periodic,18,0,,,,,,,
2026-08-30T21:57:54.868-07:00,,query_sent,outbound,query_operational_state,pending,,periodic,18,0,,,,,,,
2026-08-30T21:57:54.932-07:00,,link_ack,inbound,query_operational_state,ack,,link_layer,18,,,,,,,,
2026-08-30T21:57:55.056-07:00,,operational_state,inbound,query_operational_state,received,,device_response,19,4,,,4,Idle Curtailed,,,
2026-08-30T21:57:55.097-07:00,,query_completed,outbound,query_operational_state,ok,,periodic,18,0,,,,,,,
2026-08-30T21:58:25.156-07:00,,query_sent,outbound,get_commodity,pending,,periodic,6,0,,,,,,,
2026-08-30T21:58:25.317-07:00,,link_ack,inbound,get_commodity,ack,,link_layer,6,,,,,,,,
2026-08-30T21:58:25.486-07:00,,intermediate_response,inbound,get_commodity,success,,device_response,6,128,,,,,0,success,
2026-08-30T21:58:25.528-07:00,,query_completed,outbound,get_commodity,ok,,periodic,6,0,,,,,0,success,
2026-08-30T21:58:25.528-07:00,,query_sent,outbound,query_operational_state,pending,,periodic,18,0,,,,,,,
2026-08-30T21:58:25.689-07:00,,link_ack,inbound,query_operational_state,ack,,link_layer,18,,,,,,,,
2026-08-30T21:58:25.814-07:00,,operational_state,inbound,query_operational_state,received,,device_response,19,4,,,4,Idle Curtailed,,,
2026-08-30T21:58:25.857-07:00,,query_completed,outbound,query_operational_state,ok,,periodic,18,0,,,,,,,
2026-08-30T21:58:54.914-07:00,,query_sent,outbound,query_operational_state,pending,,periodic,18,0,,,,,,,
2026-08-30T21:58:55.076-07:00,,link_ack,inbound,query_operational_state,ack,,link_layer,18,,,,,,,,
2026-08-30T21:58:55.199-07:00,,operational_state,inbound,query_operational_state,received,,device_response,19,4,,,4,Idle Curtailed,,,
2026-08-30T21:58:55.240-07:00,,query_completed,outbound,query_operational_state,ok,,periodic,18,0,,,,,,,
2026-08-30T21:59:25.298-07:00,,query_sent,outbound,get_commodity,pending,,periodic,6,0,,,,,,,
2026-08-30T21:59:25.460-07:00,,link_ack,inbound,get_commodity,ack,,link_layer,6,,,,,,,,
2026-08-30T21:59:25.628-07:00,,intermediate_response,inbound,get_commodity,success,,device_response,6,128,,,,,0,success,
2026-08-30T21:59:25.672-07:00,,query_completed,outbound,get_commodity,ok,,periodic,6,0,,,,,0,success,
2026-08-30T21:59:25.672-07:00,,query_sent,outbound,query_operational_state,pending,,periodic,18,0,,,,,,,
2026-08-30T21:59:25.836-07:00,,link_ack,inbound,query_operational_state,ack,,link_layer,18,,,,,,,,
2026-08-30T21:59:25.960-07:00,,operational_state,inbound,query_operational_state,received,,device_response,19,4,,,4,Idle Curtailed,,,
2026-08-30T21:59:26.000-07:00,,query_completed,outbound,query_operational_state,ok,,periodic,18,0,,,,,,,
2026-08-30T21:59:55.057-07:00,,query_sent,outbound,query_operational_state,pending,,periodic,18,0,,,,,,,
2026-08-30T21:59:55.218-07:00,,link_ack,inbound,query_operational_state,ack,,link_layer,18,,,,,,,,
2026-08-30T21:59:55.343-07:00,,operational_state,inbound,query_operational_state,received,,device_response,19,4,,,4,Idle Curtailed,,,
2026-08-30T21:59:55.384-07:00,,query_completed,outbound,query_operational_state,ok,,periodic,18,0,,,,,,,
2026-08-30T22:00:25.439-07:00,auto_outside_comm_heartbeat_14,command_sent,outbound,outside_communication1,pending,0,schedule,14,0,,,,,,,
2026-08-30T22:00:25.505-07:00,,link_ack,inbound,outside_communication,ack,,link_layer,14,,,,,,,,
2026-08-30T22:00:25.629-07:00,,application_ack,inbound,outside_communication,ack,,application_layer,3,14,,,,,,,
2026-08-30T22:00:25.669-07:00,auto_outside_comm_heartbeat_14,command_completed,outbound,outside_communication1,ok,0,schedule,14,0,,,,,,,
2026-08-30T22:00:25.671-07:00,,query_sent,outbound,get_commodity,pending,,periodic,6,0,,,,,,,
2026-08-30T22:00:25.832-07:00,,link_ack,inbound,get_commodity,ack,,link_layer,6,,,,,,,,
2026-08-30T22:00:26.000-07:00,,intermediate_response,inbound,get_commodity,success,,device_response,6,128,,,,,0,success,
2026-08-30T22:00:26.042-07:00,,query_completed,outbound,get_commodity,ok,,periodic,6,0,,,,,0,success,
2026-08-30T22:00:26.042-07:00,,query_sent,outbound,query_operational_state,pending,,periodic,18,0,,,,,,,
2026-08-30T22:00:26.205-07:00,,link_ack,inbound,query_operational_state,ack,,link_layer,18,,,,,,,,
2026-08-30T22:00:26.328-07:00,,operational_state,inbound,query_operational_state,received,,device_response,19,4,,,4,Idle Curtailed,,,
2026-08-30T22:00:26.368-07:00,,query_completed,outbound,query_operational_state,ok,,periodic,18,0,,,,,,,
2026-08-30T22:00:55.424-07:00,,query_sent,outbound,query_operational_state,pending,,periodic,18,0,,,,,,,
2026-08-30T22:00:55.587-07:00,,link_ack,inbound,query_operational_state,ack,,link_layer,18,,,,,,,,
2026-08-30T22:00:55.710-07:00,,operational_state,inbound,query_operational_state,received,,device_response,19,4,,,4,Idle Curtailed,,,
2026-08-30T22:00:55.751-07:00,,query_completed,outbound,query_operational_state,ok,,periodic,18,0,,,,,,,
2026-08-30T22:01:24.804-07:00,,query_sent,outbound,get_commodity,pending,,periodic,6,0,,,,,,,
2026-08-30T22:01:24.873-07:00,,link_ack,inbound,get_commodity,ack,,link_layer,6,,,,,,,,
2026-08-30T22:01:25.041-07:00,,intermediate_response,inbound,get_commodity,success,,device_response,6,128,,,,,0,success,
2026-08-30T22:01:25.083-07:00,,query_completed,outbound,get_commodity,ok,,periodic,6,0,,,,,0,success,
2026-08-30T22:01:25.083-07:00,,query_sent,outbound,query_operational_state,pending,,periodic,18,0,,,,,,,
2026-08-30T22:01:25.245-07:00,,link_ack,inbound,query_operational_state,ack,,link_layer,18,,,,,,,,
2026-08-30T22:01:25.368-07:00,,operational_state,inbound,query_operational_state,received,,device_response,19,4,,,4,Idle Curtailed,,,
2026-08-30T22:01:25.409-07:00,,query_completed,outbound,query_operational_state,ok,,periodic,18,0,,,,,,,
2026-08-30T22:01:55.467-07:00,,query_sent,outbound,query_operational_state,pending,,periodic,18,0,,,,,,,
2026-08-30T22:01:55.628-07:00,,link_ack,inbound,query_operational_state,ack,,link_layer,18,,,,,,,,
2026-08-30T22:01:55.751-07:00,,operational_state,inbound,query_operational_state,received,,device_response,19,4,,,4,Idle Curtailed,,,
2026-08-30T22:01:55.792-07:00,,query_completed,outbound,query_operational_state,ok,,periodic,18,0,,,,,,,
2026-08-30T22:02:24.847-07:00,,query_sent,outbound,get_commodity,pending,,periodic,6,0,,,,,,,
2026-08-30T22:02:25.011-07:00,,link_ack,inbound,get_commodity,ack,,link_layer,6,,,,,,,,
2026-08-30T22:02:25.180-07:00,,intermediate_response,inbound,get_commodity,success,,device_response,6,128,,,,,0,success,
2026-08-30T22:02:25.222-07:00,,query_completed,outbound,get_commodity,ok,,periodic,6,0,,,,,0,success,
2026-08-30T22:02:25.222-07:00,,query_sent,outbound,query_operational_state,pending,,periodic,18,0,,,,,,,
2026-08-30T22:02:25.385-07:00,,link_ack,inbound,query_operational_state,ack,,link_layer,18,,,,,,,,
2026-08-30T22:02:25.508-07:00,,operational_state,inbound,query_operational_state,received,,device_response,19,4,,,4,Idle Curtailed,,,
2026-08-30T22:02:25.549-07:00,,query_completed,outbound,query_operational_state,ok,,periodic,18,0,,,,,,,
2026-08-30T22:02:55.606-07:00,,query_sent,outbound,query_operational_state,pending,,periodic,18,0,,,,,,,
2026-08-30T22:02:55.670-07:00,,link_ack,inbound,query_operational_state,ack,,link_layer,18,,,,,,,,
2026-08-30T22:02:55.793-07:00,,operational_state,inbound,query_operational_state,received,,device_response,19,4,,,4,Idle Curtailed,,,
2026-08-30T22:02:55.834-07:00,,query_completed,outbound,query_operational_state,ok,,periodic,18,0,,,,,,,
2026-08-30T22:03:24.889-07:00,,query_sent,outbound,get_commodity,pending,,periodic,6,0,,,,,,,
2026-08-30T22:03:25.053-07:00,,link_ack,inbound,get_commodity,ack,,link_layer,6,,,,,,,,
2026-08-30T22:03:25.221-07:00,,intermediate_response,inbound,get_commodity,success,,device_response,6,128,,,,,0,success,
2026-08-30T22:03:25.263-07:00,,query_completed,outbound,get_commodity,ok,,periodic,6,0,,,,,0,success,
2026-08-30T22:03:25.263-07:00,,query_sent,outbound,query_operational_state,pending,,periodic,18,0,,,,,,,
2026-08-30T22:03:25.424-07:00,,link_ack,inbound,query_operational_state,ack,,link_layer,18,,,,,,,,
2026-08-30T22:03:25.548-07:00,,operational_state,inbound,query_operational_state,received,,device_response,19,2,,,2,Running Curtailed,,,
2026-08-30T22:03:25.588-07:00,,query_completed,outbound,query_operational_state,ok,,periodic,18,0,,,,,,,
2026-08-30T22:03:55.646-07:00,,query_sent,outbound,query_operational_state,pending,,periodic,18,0,,,,,,,
2026-08-30T22:03:55.708-07:00,,link_ack,inbound,query_operational_state,ack,,link_layer,18,,,,,,,,
2026-08-30T22:03:55.832-07:00,,operational_state,inbound,query_operational_state,received,,device_response,19,2,,,2,Running Curtailed,,,
2026-08-30T22:03:55.873-07:00,,query_completed,outbound,query_operational_state,ok,,periodic,18,0,,,,,,,
2026-08-30T22:04:24.934-07:00,,query_sent,outbound,get_commodity,pending,,periodic,6,0,,,,,,,
2026-08-30T22:04:25.096-07:00,,link_ack,inbound,get_commodity,ack,,link_layer,6,,,,,,,,
2026-08-30T22:04:25.265-07:00,,intermediate_response,inbound,get_commodity,success,,device_response,6,128,,,,,0,success,
2026-08-30T22:04:25.307-07:00,,query_completed,outbound,get_commodity,ok,,periodic,6,0,,,,,0,success,
2026-08-30T22:04:25.307-07:00,,query_sent,outbound,query_operational_state,pending,,periodic,18,0,,,,,,,
2026-08-30T22:04:25.469-07:00,,link_ack,inbound,query_operational_state,ack,,link_layer,18,,,,,,,,
2026-08-30T22:04:25.592-07:00,,operational_state,inbound,query_operational_state,received,,device_response,19,2,,,2,Running Curtailed,,,
2026-08-30T22:04:25.633-07:00,,query_completed,outbound,query_operational_state,ok,,periodic,18,0,,,,,,,
2026-08-30T22:04:55.690-07:00,,query_sent,outbound,query_operational_state,pending,,periodic,18,0,,,,,,,
2026-08-30T22:04:55.754-07:00,,link_ack,inbound,query_operational_state,ack,,link_layer,18,,,,,,,,
2026-08-30T22:04:55.878-07:00,,operational_state,inbound,query_operational_state,received,,device_response,19,2,,,2,Running Curtailed,,,
2026-08-30T22:04:55.918-07:00,,query_completed,outbound,query_operational_state,ok,,periodic,18,0,,,,,,,
2026-08-30T22:05:24.977-07:00,,query_sent,outbound,get_commodity,pending,,periodic,6,0,,,,,,,
2026-08-30T22:05:25.140-07:00,,link_ack,inbound,get_commodity,ack,,link_layer,6,,,,,,,,
2026-08-30T22:05:25.309-07:00,,intermediate_response,inbound,get_commodity,success,,device_response,6,128,,,,,0,success,
2026-08-30T22:05:25.352-07:00,,query_completed,outbound,get_commodity,ok,,periodic,6,0,,,,,0,success,
2026-08-30T22:05:25.353-07:00,,query_sent,outbound,query_operational_state,pending,,periodic,18,0,,,,,,,
2026-08-30T22:05:25.515-07:00,,link_ack,inbound,query_operational_state,ack,,link_layer,18,,,,,,,,
2026-08-30T22:05:25.638-07:00,,operational_state,inbound,query_operational_state,received,,device_response,19,2,,,2,Running Curtailed,,,
2026-08-30T22:05:25.679-07:00,,query_completed,outbound,query_operational_state,ok,,periodic,18,0,,,,,,,
2026-08-30T22:05:55.736-07:00,,query_sent,outbound,query_operational_state,pending,,periodic,18,0,,,,,,,
2026-08-30T22:05:55.799-07:00,,link_ack,inbound,query_operational_state,ack,,link_layer,18,,,,,,,,
2026-08-30T22:05:55.922-07:00,,operational_state,inbound,query_operational_state,received,,device_response,19,2,,,2,Running Curtailed,,,
2026-08-30T22:05:55.963-07:00,,query_completed,outbound,query_operational_state,ok,,periodic,18,0,,,,,,,
2026-08-30T22:06:25.018-07:00,,query_sent,outbound,get_commodity,pending,,periodic,6,0,,,,,,,
2026-08-30T22:06:25.180-07:00,,link_ack,inbound,get_commodity,ack,,link_layer,6,,,,,,,,
2026-08-30T22:06:25.349-07:00,,intermediate_response,inbound,get_commodity,success,,device_response,6,128,,,,,0,success,
2026-08-30T22:06:25.390-07:00,,query_completed,outbound,get_commodity,ok,,periodic,6,0,,,,,0,success,
2026-08-30T22:06:25.390-07:00,,query_sent,outbound,query_operational_state,pending,,periodic,18,0,,,,,,,
2026-08-30T22:06:25.553-07:00,,link_ack,inbound,query_operational_state,ack,,link_layer,18,,,,,,,,
2026-08-30T22:06:25.676-07:00,,operational_state,inbound,query_operational_state,received,,device_response,19,2,,,2,Running Curtailed,,,
2026-08-30T22:06:25.716-07:00,,query_completed,outbound,query_operational_state,ok,,periodic,18,0,,,,,,,
2026-08-30T22:06:54.772-07:00,,query_sent,outbound,query_operational_state,pending,,periodic,18,0,,,,,,,
2026-08-30T22:06:54.836-07:00,,link_ack,inbound,query_operational_state,ack,,link_layer,18,,,,,,,,
2026-08-30T22:06:54.959-07:00,,operational_state,inbound,query_operational_state,received,,device_response,19,2,,,2,Running Curtailed,,,
2026-08-30T22:06:55.000-07:00,,query_completed,outbound,query_operational_state,ok,,periodic,18,0,,,,,,,
2026-08-30T22:07:25.064-07:00,,query_sent,outbound,get_commodity,pending,,periodic,6,0,,,,,,,
2026-08-30T22:07:25.224-07:00,,link_ack,inbound,get_commodity,ack,,link_layer,6,,,,,,,,
2026-08-30T22:07:25.393-07:00,,intermediate_response,inbound,get_commodity,success,,device_response,6,128,,,,,0,success,
2026-08-30T22:07:25.436-07:00,,query_completed,outbound,get_commodity,ok,,periodic,6,0,,,,,0,success,
2026-08-30T22:07:25.437-07:00,,query_sent,outbound,query_operational_state,pending,,periodic,18,0,,,,,,,
2026-08-30T22:07:25.599-07:00,,link_ack,inbound,query_operational_state,ack,,link_layer,18,,,,,,,,
2026-08-30T22:07:25.722-07:00,,operational_state,inbound,query_operational_state,received,,device_response,19,2,,,2,Running Curtailed,,,
2026-08-30T22:07:25.763-07:00,,query_completed,outbound,query_operational_state,ok,,periodic,18,0,,,,,,,
2026-08-30T22:07:54.818-07:00,,query_sent,outbound,query_operational_state,pending,,periodic,18,0,,,,,,,
2026-08-30T22:07:54.881-07:00,,link_ack,inbound,query_operational_state,ack,,link_layer,18,,,,,,,,
2026-08-30T22:07:55.006-07:00,,operational_state,inbound,query_operational_state,received,,device_response,19,2,,,2,Running Curtailed,,,
2026-08-30T22:07:55.047-07:00,,query_completed,outbound,query_operational_state,ok,,periodic,18,0,,,,,,,
2026-08-30T22:08:25.104-07:00,,query_sent,outbound,get_commodity,pending,,periodic,6,0,,,,,,,
2026-08-30T22:08:25.166-07:00,,link_ack,inbound,get_commodity,ack,,link_layer,6,,,,,,,,
2026-08-30T22:08:25.337-07:00,,intermediate_response,inbound,get_commodity,success,,device_response,6,128,,,,,0,success,
2026-08-30T22:08:25.381-07:00,,query_completed,outbound,get_commodity,ok,,periodic,6,0,,,,,0,success,
2026-08-30T22:08:25.381-07:00,,query_sent,outbound,query_operational_state,pending,,periodic,18,0,,,,,,,
2026-08-30T22:08:25.543-07:00,,link_ack,inbound,query_operational_state,ack,,link_layer,18,,,,,,,,
2026-08-30T22:08:25.668-07:00,,operational_state,inbound,query_operational_state,received,,device_response,19,2,,,2,Running Curtailed,,,
2026-08-30T22:08:25.708-07:00,,query_completed,outbound,query_operational_state,ok,,periodic,18,0,,,,,,,
2026-08-30T22:08:55.767-07:00,,query_sent,outbound,query_operational_state,pending,,periodic,18,0,,,,,,,
2026-08-30T22:08:55.929-07:00,,link_ack,inbound,query_operational_state,ack,,link_layer,18,,,,,,,,
2026-08-30T22:08:56.052-07:00,,operational_state,inbound,query_operational_state,received,,device_response,19,2,,,2,Running Curtailed,,,
2026-08-30T22:08:56.092-07:00,,query_completed,outbound,query_operational_state,ok,,periodic,18,0,,,,,,,
2026-08-30T22:09:25.154-07:00,,query_sent,outbound,get_commodity,pending,,periodic,6,0,,,,,,,
2026-08-30T22:09:25.314-07:00,,link_ack,inbound,get_commodity,ack,,link_layer,6,,,,,,,,
2026-08-30T22:09:25.485-07:00,,intermediate_response,inbound,get_commodity,success,,device_response,6,128,,,,,0,success,
2026-08-30T22:09:25.527-07:00,,query_completed,outbound,get_commodity,ok,,periodic,6,0,,,,,0,success,
2026-08-30T22:09:25.527-07:00,,query_sent,outbound,query_operational_state,pending,,periodic,18,0,,,,,,,
2026-08-30T22:09:25.689-07:00,,link_ack,inbound,query_operational_state,ack,,link_layer,18,,,,,,,,
2026-08-30T22:09:25.814-07:00,,operational_state,inbound,query_operational_state,received,,device_response,19,2,,,2,Running Curtailed,,,
2026-08-30T22:09:25.855-07:00,,query_completed,outbound,query_operational_state,ok,,periodic,18,0,,,,,,,
2026-08-30T22:09:54.910-07:00,,query_sent,outbound,query_operational_state,pending,,periodic,18,0,,,,,,,
2026-08-30T22:09:55.074-07:00,,link_ack,inbound,query_operational_state,ack,,link_layer,18,,,,,,,,
2026-08-30T22:09:55.198-07:00,,operational_state,inbound,query_operational_state,received,,device_response,19,2,,,2,Running Curtailed,,,
2026-08-30T22:09:55.239-07:00,,query_completed,outbound,query_operational_state,ok,,periodic,18,0,,,,,,,
2026-08-30T22:10:25.293-07:00,auto_outside_comm_heartbeat_15,command_sent,outbound,outside_communication1,pending,0,schedule,14,0,,,,,,,
2026-08-30T22:10:25.360-07:00,,link_ack,inbound,outside_communication,ack,,link_layer,14,,,,,,,,
2026-08-30T22:10:25.484-07:00,,application_ack,inbound,outside_communication,ack,,application_layer,3,14,,,,,,,
2026-08-30T22:10:25.524-07:00,auto_outside_comm_heartbeat_15,command_completed,outbound,outside_communication1,ok,0,schedule,14,0,,,,,,,
2026-08-30T22:10:25.526-07:00,,query_sent,outbound,get_commodity,pending,,periodic,6,0,,,,,,,
2026-08-30T22:10:25.687-07:00,,link_ack,inbound,get_commodity,ack,,link_layer,6,,,,,,,,
2026-08-30T22:10:25.855-07:00,,intermediate_response,inbound,get_commodity,success,,device_response,6,128,,,,,0,success,
2026-08-30T22:10:25.897-07:00,,query_completed,outbound,get_commodity,ok,,periodic,6,0,,,,,0,success,
2026-08-30T22:10:25.897-07:00,,query_sent,outbound,query_operational_state,pending,,periodic,18,0,,,,,,,
2026-08-30T22:10:26.059-07:00,,link_ack,inbound,query_operational_state,ack,,link_layer,18,,,,,,,,
2026-08-30T22:10:26.183-07:00,,operational_state,inbound,query_operational_state,received,,device_response,19,2,,,2,Running Curtailed,,,
2026-08-30T22:10:26.223-07:00,,query_completed,outbound,query_operational_state,ok,,periodic,18,0,,,,,,,
2026-08-30T22:10:55.279-07:00,,query_sent,outbound,query_operational_state,pending,,periodic,18,0,,,,,,,
2026-08-30T22:10:55.342-07:00,,link_ack,inbound,query_operational_state,ack,,link_layer,18,,,,,,,,
2026-08-30T22:10:55.466-07:00,,operational_state,inbound,query_operational_state,received,,device_response,19,2,,,2,Running Curtailed,,,
2026-08-30T22:10:55.507-07:00,,query_completed,outbound,query_operational_state,ok,,periodic,18,0,,,,,,,
2026-08-30T22:11:25.563-07:00,,query_sent,outbound,get_commodity,pending,,periodic,6,0,,,,,,,
2026-08-30T22:11:25.626-07:00,,link_ack,inbound,get_commodity,ack,,link_layer,6,,,,,,,,
2026-08-30T22:11:25.795-07:00,,intermediate_response,inbound,get_commodity,success,,device_response,6,128,,,,,0,success,
2026-08-30T22:11:25.837-07:00,,query_completed,outbound,get_commodity,ok,,periodic,6,0,,,,,0,success,
2026-08-30T22:11:25.837-07:00,,query_sent,outbound,query_operational_state,pending,,periodic,18,0,,,,,,,
2026-08-30T22:11:25.999-07:00,,link_ack,inbound,query_operational_state,ack,,link_layer,18,,,,,,,,
2026-08-30T22:11:26.124-07:00,,operational_state,inbound,query_operational_state,received,,device_response,19,2,,,2,Running Curtailed,,,
2026-08-30T22:11:26.165-07:00,,query_completed,outbound,query_operational_state,ok,,periodic,18,0,,,,,,,
2026-08-30T22:11:55.220-07:00,,query_sent,outbound,query_operational_state,pending,,periodic,18,0,,,,,,,
2026-08-30T22:11:55.381-07:00,,link_ack,inbound,query_operational_state,ack,,link_layer,18,,,,,,,,
2026-08-30T22:11:55.505-07:00,,operational_state,inbound,query_operational_state,received,,device_response,19,2,,,2,Running Curtailed,,,
2026-08-30T22:11:55.545-07:00,,query_completed,outbound,query_operational_state,ok,,periodic,18,0,,,,,,,
2026-08-30T22:12:25.608-07:00,,query_sent,outbound,get_commodity,pending,,periodic,6,0,,,,,,,
2026-08-30T22:12:25.769-07:00,,link_ack,inbound,get_commodity,ack,,link_layer,6,,,,,,,,
2026-08-30T22:12:25.938-07:00,,intermediate_response,inbound,get_commodity,success,,device_response,6,128,,,,,0,success,
2026-08-30T22:12:25.982-07:00,,query_completed,outbound,get_commodity,ok,,periodic,6,0,,,,,0,success,
2026-08-30T22:12:25.982-07:00,,query_sent,outbound,query_operational_state,pending,,periodic,18,0,,,,,,,
2026-08-30T22:12:26.144-07:00,,link_ack,inbound,query_operational_state,ack,,link_layer,18,,,,,,,,
2026-08-30T22:12:26.268-07:00,,operational_state,inbound,query_operational_state,received,,device_response,19,2,,,2,Running Curtailed,,,
2026-08-30T22:12:26.309-07:00,,query_completed,outbound,query_operational_state,ok,,periodic,18,0,,,,,,,
2026-08-30T22:12:55.363-07:00,,query_sent,outbound,query_operational_state,pending,,periodic,18,0,,,,,,,
2026-08-30T22:12:55.427-07:00,,link_ack,inbound,query_operational_state,ack,,link_layer,18,,,,,,,,
2026-08-30T22:12:55.550-07:00,,operational_state,inbound,query_operational_state,received,,device_response,19,2,,,2,Running Curtailed,,,
2026-08-30T22:12:55.591-07:00,,query_completed,outbound,query_operational_state,ok,,periodic,18,0,,,,,,,
2026-08-30T22:13:25.655-07:00,,query_sent,outbound,get_commodity,pending,,periodic,6,0,,,,,,,
2026-08-30T22:13:25.815-07:00,,link_ack,inbound,get_commodity,ack,,link_layer,6,,,,,,,,
2026-08-30T22:13:25.984-07:00,,intermediate_response,inbound,get_commodity,success,,device_response,6,128,,,,,0,success,
2026-08-30T22:13:26.027-07:00,,query_completed,outbound,get_commodity,ok,,periodic,6,0,,,,,0,success,
2026-08-30T22:13:26.027-07:00,,query_sent,outbound,query_operational_state,pending,,periodic,18,0,,,,,,,
2026-08-30T22:13:26.188-07:00,,link_ack,inbound,query_operational_state,ack,,link_layer,18,,,,,,,,
2026-08-30T22:13:26.312-07:00,,operational_state,inbound,query_operational_state,received,,device_response,19,2,,,2,Running Curtailed,,,
2026-08-30T22:13:26.353-07:00,,query_completed,outbound,query_operational_state,ok,,periodic,18,0,,,,,,,
2026-08-30T22:13:55.408-07:00,,query_sent,outbound,query_operational_state,pending,,periodic,18,0,,,,,,,
2026-08-30T22:13:55.471-07:00,,link_ack,inbound,query_operational_state,ack,,link_layer,18,,,,,,,,
2026-08-30T22:13:55.595-07:00,,operational_state,inbound,query_operational_state,received,,device_response,19,2,,,2,Running Curtailed,,,
2026-08-30T22:13:55.636-07:00,,query_completed,outbound,query_operational_state,ok,,periodic,18,0,,,,,,,
2026-08-30T22:14:25.692-07:00,,query_sent,outbound,get_commodity,pending,,periodic,6,0,,,,,,,
2026-08-30T22:14:25.758-07:00,,link_ack,inbound,get_commodity,ack,,link_layer,6,,,,,,,,
2026-08-30T22:14:25.927-07:00,,intermediate_response,inbound,get_commodity,success,,device_response,6,128,,,,,0,success,
2026-08-30T22:14:25.968-07:00,,query_completed,outbound,get_commodity,ok,,periodic,6,0,,,,,0,success,
2026-08-30T22:14:25.969-07:00,,query_sent,outbound,query_operational_state,pending,,periodic,18,0,,,,,,,
2026-08-30T22:14:26.131-07:00,,link_ack,inbound,query_operational_state,ack,,link_layer,18,,,,,,,,
2026-08-30T22:14:26.254-07:00,,operational_state,inbound,query_operational_state,received,,device_response,19,2,,,2,Running Curtailed,,,
2026-08-30T22:14:26.294-07:00,,query_completed,outbound,query_operational_state,ok,,periodic,18,0,,,,,,,
2026-08-30T22:14:55.350-07:00,,query_sent,outbound,query_operational_state,pending,,periodic,18,0,,,,,,,
2026-08-30T22:14:55.512-07:00,,link_ack,inbound,query_operational_state,ack,,link_layer,18,,,,,,,,
2026-08-30T22:14:55.635-07:00,,operational_state,inbound,query_operational_state,received,,device_response,19,2,,,2,Running Curtailed,,,
2026-08-30T22:14:55.676-07:00,,query_completed,outbound,query_operational_state,ok,,periodic,18,0,,,,,,,
2026-08-30T22:15:25.733-07:00,,query_sent,outbound,get_commodity,pending,,periodic,6,0,,,,,,,
2026-08-30T22:15:25.796-07:00,,link_ack,inbound,get_commodity,ack,,link_layer,6,,,,,,,,
2026-08-30T22:15:25.964-07:00,,intermediate_response,inbound,get_commodity,success,,device_response,6,128,,,,,0,success,
2026-08-30T22:15:26.006-07:00,,query_completed,outbound,get_commodity,ok,,periodic,6,0,,,,,0,success,
2026-08-30T22:15:26.006-07:00,,query_sent,outbound,query_operational_state,pending,,periodic,18,0,,,,,,,
2026-08-30T22:15:26.168-07:00,,link_ack,inbound,query_operational_state,ack,,link_layer,18,,,,,,,,
2026-08-30T22:15:26.291-07:00,,operational_state,inbound,query_operational_state,received,,device_response,19,2,,,2,Running Curtailed,,,
2026-08-30T22:15:26.332-07:00,,query_completed,outbound,query_operational_state,ok,,periodic,18,0,,,,,,,
2026-08-30T22:15:55.387-07:00,,query_sent,outbound,query_operational_state,pending,,periodic,18,0,,,,,,,
2026-08-30T22:15:55.550-07:00,,link_ack,inbound,query_operational_state,ack,,link_layer,18,,,,,,,,
2026-08-30T22:15:55.673-07:00,,operational_state,inbound,query_operational_state,received,,device_response,19,2,,,2,Running Curtailed,,,
2026-08-30T22:15:55.714-07:00,,query_completed,outbound,query_operational_state,ok,,periodic,18,0,,,,,,,
2026-08-30T22:16:24.770-07:00,,query_sent,outbound,get_commodity,pending,,periodic,6,0,,,,,,,
2026-08-30T22:16:24.933-07:00,,link_ack,inbound,get_commodity,ack,,link_layer,6,,,,,,,,
2026-08-30T22:16:25.100-07:00,,intermediate_response,inbound,get_commodity,success,,device_response,6,128,,,,,0,success,
2026-08-30T22:16:25.142-07:00,,query_completed,outbound,get_commodity,ok,,periodic,6,0,,,,,0,success,
2026-08-30T22:16:25.142-07:00,,query_sent,outbound,query_operational_state,pending,,periodic,18,0,,,,,,,
2026-08-30T22:16:25.304-07:00,,link_ack,inbound,query_operational_state,ack,,link_layer,18,,,,,,,,
2026-08-30T22:16:25.428-07:00,,operational_state,inbound,query_operational_state,received,,device_response,19,2,,,2,Running Curtailed,,,
2026-08-30T22:16:25.468-07:00,,query_completed,outbound,query_operational_state,ok,,periodic,18,0,,,,,,,
2026-08-30T22:16:55.526-07:00,,query_sent,outbound,query_operational_state,pending,,periodic,18,0,,,,,,,
2026-08-30T22:16:55.591-07:00,,link_ack,inbound,query_operational_state,ack,,link_layer,18,,,,,,,,
2026-08-30T22:16:55.714-07:00,,operational_state,inbound,query_operational_state,received,,device_response,19,2,,,2,Running Curtailed,,,
2026-08-30T22:16:55.754-07:00,,query_completed,outbound,query_operational_state,ok,,periodic,18,0,,,,,,,
2026-08-30T22:17:24.809-07:00,,query_sent,outbound,get_commodity,pending,,periodic,6,0,,,,,,,
2026-08-30T22:17:24.874-07:00,,link_ack,inbound,get_commodity,ack,,link_layer,6,,,,,,,,
2026-08-30T22:17:25.043-07:00,,intermediate_response,inbound,get_commodity,success,,device_response,6,128,,,,,0,success,
2026-08-30T22:17:25.086-07:00,,query_completed,outbound,get_commodity,ok,,periodic,6,0,,,,,0,success,
2026-08-30T22:17:25.086-07:00,,query_sent,outbound,query_operational_state,pending,,periodic,18,0,,,,,,,
2026-08-30T22:17:25.248-07:00,,link_ack,inbound,query_operational_state,ack,,link_layer,18,,,,,,,,
2026-08-30T22:17:25.372-07:00,,operational_state,inbound,query_operational_state,received,,device_response,19,2,,,2,Running Curtailed,,,
2026-08-30T22:17:25.413-07:00,,query_completed,outbound,query_operational_state,ok,,periodic,18,0,,,,,,,
2026-08-30T22:17:55.470-07:00,,query_sent,outbound,query_operational_state,pending,,periodic,18,0,,,,,,,
2026-08-30T22:17:55.533-07:00,,link_ack,inbound,query_operational_state,ack,,link_layer,18,,,,,,,,
2026-08-30T22:17:55.657-07:00,,operational_state,inbound,query_operational_state,received,,device_response,19,2,,,2,Running Curtailed,,,
2026-08-30T22:17:55.697-07:00,,query_completed,outbound,query_operational_state,ok,,periodic,18,0,,,,,,,
2026-08-30T22:18:25.754-07:00,,query_sent,outbound,get_commodity,pending,,periodic,6,0,,,,,,,
2026-08-30T22:18:25.818-07:00,,link_ack,inbound,get_commodity,ack,,link_layer,6,,,,,,,,
2026-08-30T22:18:25.988-07:00,,intermediate_response,inbound,get_commodity,success,,device_response,6,128,,,,,0,success,
2026-08-30T22:18:26.031-07:00,,query_completed,outbound,get_commodity,ok,,periodic,6,0,,,,,0,success,
2026-08-30T22:18:26.031-07:00,,query_sent,outbound,query_operational_state,pending,,periodic,18,0,,,,,,,
2026-08-30T22:18:26.193-07:00,,link_ack,inbound,query_operational_state,ack,,link_layer,18,,,,,,,,
2026-08-30T22:18:26.317-07:00,,operational_state,inbound,query_operational_state,received,,device_response,19,2,,,2,Running Curtailed,,,
2026-08-30T22:18:26.358-07:00,,query_completed,outbound,query_operational_state,ok,,periodic,18,0,,,,,,,
2026-08-30T22:18:55.412-07:00,,query_sent,outbound,query_operational_state,pending,,periodic,18,0,,,,,,,
2026-08-30T22:18:55.476-07:00,,link_ack,inbound,query_operational_state,ack,,link_layer,18,,,,,,,,
2026-08-30T22:18:55.599-07:00,,operational_state,inbound,query_operational_state,received,,device_response,19,2,,,2,Running Curtailed,,,
2026-08-30T22:18:55.640-07:00,,query_completed,outbound,query_operational_state,ok,,periodic,18,0,,,,,,,
2026-08-30T22:19:25.697-07:00,,query_sent,outbound,get_commodity,pending,,periodic,6,0,,,,,,,
2026-08-30T22:19:25.762-07:00,,link_ack,inbound,get_commodity,ack,,link_layer,6,,,,,,,,
2026-08-30T22:19:25.930-07:00,,intermediate_response,inbound,get_commodity,success,,device_response,6,128,,,,,0,success,
2026-08-30T22:19:25.973-07:00,,query_completed,outbound,get_commodity,ok,,periodic,6,0,,,,,0,success,
2026-08-30T22:19:25.973-07:00,,query_sent,outbound,query_operational_state,pending,,periodic,18,0,,,,,,,
2026-08-30T22:19:26.135-07:00,,link_ack,inbound,query_operational_state,ack,,link_layer,18,,,,,,,,
2026-08-30T22:19:26.258-07:00,,operational_state,inbound,query_operational_state,received,,device_response,19,2,,,2,Running Curtailed,,,
2026-08-30T22:19:26.299-07:00,,query_completed,outbound,query_operational_state,ok,,periodic,18,0,,,,,,,
2026-08-30T22:19:55.354-07:00,,query_sent,outbound,query_operational_state,pending,,periodic,18,0,,,,,,,
2026-08-30T22:19:55.420-07:00,,link_ack,inbound,query_operational_state,ack,,link_layer,18,,,,,,,,
2026-08-30T22:19:55.544-07:00,,operational_state,inbound,query_operational_state,received,,device_response,19,2,,,2,Running Curtailed,,,
2026-08-30T22:19:55.584-07:00,,query_completed,outbound,query_operational_state,ok,,periodic,18,0,,,,,,,
2026-08-30T22:20:25.640-07:00,auto_outside_comm_heartbeat_16,command_sent,outbound,outside_communication1,pending,0,schedule,14,0,,,,,,,
2026-08-30T22:20:25.707-07:00,,link_ack,inbound,outside_communication,ack,,link_layer,14,,,,,,,,
2026-08-30T22:20:25.831-07:00,,application_ack,inbound,outside_communication,ack,,application_layer,3,14,,,,,,,
2026-08-30T22:20:25.872-07:00,auto_outside_comm_heartbeat_16,command_completed,outbound,outside_communication1,ok,0,schedule,14,0,,,,,,,
2026-08-30T22:20:25.875-07:00,,query_sent,outbound,get_commodity,pending,,periodic,6,0,,,,,,,
2026-08-30T22:20:26.034-07:00,,link_ack,inbound,get_commodity,ack,,link_layer,6,,,,,,,,
2026-08-30T22:20:26.202-07:00,,intermediate_response,inbound,get_commodity,success,,device_response,6,128,,,,,0,success,
2026-08-30T22:20:26.243-07:00,,query_completed,outbound,get_commodity,ok,,periodic,6,0,,,,,0,success,
2026-08-30T22:20:26.244-07:00,,query_sent,outbound,query_operational_state,pending,,periodic,18,0,,,,,,,
2026-08-30T22:20:26.406-07:00,,link_ack,inbound,query_operational_state,ack,,link_layer,18,,,,,,,,
2026-08-30T22:20:26.530-07:00,,operational_state,inbound,query_operational_state,received,,device_response,19,2,,,2,Running Curtailed,,,
2026-08-30T22:20:26.570-07:00,,query_completed,outbound,query_operational_state,ok,,periodic,18,0,,,,,,,
2026-08-30T22:20:55.625-07:00,,query_sent,outbound,query_operational_state,pending,,periodic,18,0,,,,,,,
2026-08-30T22:20:55.689-07:00,,link_ack,inbound,query_operational_state,ack,,link_layer,18,,,,,,,,
2026-08-30T22:20:55.813-07:00,,operational_state,inbound,query_operational_state,received,,device_response,19,2,,,2,Running Curtailed,,,
2026-08-30T22:20:55.853-07:00,,query_completed,outbound,query_operational_state,ok,,periodic,18,0,,,,,,,
2026-08-30T22:21:24.906-07:00,,query_sent,outbound,get_commodity,pending,,periodic,6,0,,,,,,,
2026-08-30T22:21:24.971-07:00,,link_ack,inbound,get_commodity,ack,,link_layer,6,,,,,,,,
2026-08-30T22:21:25.141-07:00,,intermediate_response,inbound,get_commodity,success,,device_response,6,128,,,,,0,success,
2026-08-30T22:21:25.183-07:00,,query_completed,outbound,get_commodity,ok,,periodic,6,0,,,,,0,success,
2026-08-30T22:21:25.183-07:00,,query_sent,outbound,query_operational_state,pending,,periodic,18,0,,,,,,,
2026-08-30T22:21:25.346-07:00,,link_ack,inbound,query_operational_state,ack,,link_layer,18,,,,,,,,
2026-08-30T22:21:25.469-07:00,,operational_state,inbound,query_operational_state,received,,device_response,19,2,,,2,Running Curtailed,,,
2026-08-30T22:21:25.509-07:00,,query_completed,outbound,query_operational_state,ok,,periodic,18,0,,,,,,,
2026-08-30T22:21:55.566-07:00,,query_sent,outbound,query_operational_state,pending,,periodic,18,0,,,,,,,
2026-08-30T22:21:55.631-07:00,,link_ack,inbound,query_operational_state,ack,,link_layer,18,,,,,,,,
2026-08-30T22:21:55.754-07:00,,operational_state,inbound,query_operational_state,received,,device_response,19,2,,,2,Running Curtailed,,,
2026-08-30T22:21:55.794-07:00,,query_completed,outbound,query_operational_state,ok,,periodic,18,0,,,,,,,
2026-08-30T22:22:24.849-07:00,,query_sent,outbound,get_commodity,pending,,periodic,6,0,,,,,,,
2026-08-30T22:22:24.915-07:00,,link_ack,inbound,get_commodity,ack,,link_layer,6,,,,,,,,
2026-08-30T22:22:25.084-07:00,,intermediate_response,inbound,get_commodity,success,,device_response,6,128,,,,,0,success,
2026-08-30T22:22:25.125-07:00,,query_completed,outbound,get_commodity,ok,,periodic,6,0,,,,,0,success,
2026-08-30T22:22:25.126-07:00,,query_sent,outbound,query_operational_state,pending,,periodic,18,0,,,,,,,
2026-08-30T22:22:25.287-07:00,,link_ack,inbound,query_operational_state,ack,,link_layer,18,,,,,,,,
2026-08-30T22:22:25.411-07:00,,operational_state,inbound,query_operational_state,received,,device_response,19,2,,,2,Running Curtailed,,,
2026-08-30T22:22:25.451-07:00,,query_completed,outbound,query_operational_state,ok,,periodic,18,0,,,,,,,
2026-08-30T22:22:55.507-07:00,,query_sent,outbound,query_operational_state,pending,,periodic,18,0,,,,,,,
2026-08-30T22:22:55.572-07:00,,link_ack,inbound,query_operational_state,ack,,link_layer,18,,,,,,,,
2026-08-30T22:22:55.696-07:00,,operational_state,inbound,query_operational_state,received,,device_response,19,2,,,2,Running Curtailed,,,
2026-08-30T22:22:55.737-07:00,,query_completed,outbound,query_operational_state,ok,,periodic,18,0,,,,,,,
2026-08-30T22:23:24.791-07:00,,query_sent,outbound,get_commodity,pending,,periodic,6,0,,,,,,,
2026-08-30T22:23:24.856-07:00,,link_ack,inbound,get_commodity,ack,,link_layer,6,,,,,,,,
2026-08-30T22:23:25.023-07:00,,intermediate_response,inbound,get_commodity,success,,device_response,6,128,,,,,0,success,
2026-08-30T22:23:25.064-07:00,,query_completed,outbound,get_commodity,ok,,periodic,6,0,,,,,0,success,
2026-08-30T22:23:25.064-07:00,,query_sent,outbound,query_operational_state,pending,,periodic,18,0,,,,,,,
2026-08-30T22:23:25.227-07:00,,link_ack,inbound,query_operational_state,ack,,link_layer,18,,,,,,,,
2026-08-30T22:23:25.351-07:00,,operational_state,inbound,query_operational_state,received,,device_response,19,2,,,2,Running Curtailed,,,
2026-08-30T22:23:25.391-07:00,,query_completed,outbound,query_operational_state,ok,,periodic,18,0,,,,,,,
2026-08-30T22:23:55.448-07:00,,query_sent,outbound,query_operational_state,pending,,periodic,18,0,,,,,,,
2026-08-30T22:23:55.514-07:00,,link_ack,inbound,query_operational_state,ack,,link_layer,18,,,,,,,,
2026-08-30T22:23:55.637-07:00,,operational_state,inbound,query_operational_state,received,,device_response,19,2,,,2,Running Curtailed,,,
2026-08-30T22:23:55.678-07:00,,query_completed,outbound,query_operational_state,ok,,periodic,18,0,,,,,,,
2026-08-30T22:24:25.742-07:00,,query_sent,outbound,get_commodity,pending,,periodic,6,0,,,,,,,
2026-08-30T22:24:25.902-07:00,,link_ack,inbound,get_commodity,ack,,link_layer,6,,,,,,,,
2026-08-30T22:24:26.072-07:00,,intermediate_response,inbound,get_commodity,success,,device_response,6,128,,,,,0,success,
2026-08-30T22:24:26.114-07:00,,query_completed,outbound,get_commodity,ok,,periodic,6,0,,,,,0,success,
2026-08-30T22:24:26.114-07:00,,query_sent,outbound,query_operational_state,pending,,periodic,18,0,,,,,,,
2026-08-30T22:24:26.276-07:00,,link_ack,inbound,query_operational_state,ack,,link_layer,18,,,,,,,,
2026-08-30T22:24:26.401-07:00,,operational_state,inbound,query_operational_state,received,,device_response,19,2,,,2,Running Curtailed,,,
2026-08-30T22:24:26.442-07:00,,query_completed,outbound,query_operational_state,ok,,periodic,18,0,,,,,,,
2026-08-30T22:24:55.497-07:00,,query_sent,outbound,query_operational_state,pending,,periodic,18,0,,,,,,,
2026-08-30T22:24:55.564-07:00,,link_ack,inbound,query_operational_state,ack,,link_layer,18,,,,,,,,
2026-08-30T22:24:55.686-07:00,,operational_state,inbound,query_operational_state,received,,device_response,19,2,,,2,Running Curtailed,,,
2026-08-30T22:24:55.727-07:00,,query_completed,outbound,query_operational_state,ok,,periodic,18,0,,,,,,,
2026-08-30T22:25:24.783-07:00,,query_sent,outbound,get_commodity,pending,,periodic,6,0,,,,,,,
2026-08-30T22:25:24.847-07:00,,link_ack,inbound,get_commodity,ack,,link_layer,6,,,,,,,,
2026-08-30T22:25:25.015-07:00,,intermediate_response,inbound,get_commodity,success,,device_response,6,128,,,,,0,success,
2026-08-30T22:25:25.056-07:00,,query_completed,outbound,get_commodity,ok,,periodic,6,0,,,,,0,success,
2026-08-30T22:25:25.056-07:00,,query_sent,outbound,query_operational_state,pending,,periodic,18,0,,,,,,,
2026-08-30T22:25:25.220-07:00,,link_ack,inbound,query_operational_state,ack,,link_layer,18,,,,,,,,
2026-08-30T22:25:25.343-07:00,,operational_state,inbound,query_operational_state,received,,device_response,19,2,,,2,Running Curtailed,,,
2026-08-30T22:25:25.383-07:00,,query_completed,outbound,query_operational_state,ok,,periodic,18,0,,,,,,,
2026-08-30T22:25:55.441-07:00,,query_sent,outbound,query_operational_state,pending,,periodic,18,0,,,,,,,
2026-08-30T22:25:55.504-07:00,,link_ack,inbound,query_operational_state,ack,,link_layer,18,,,,,,,,
2026-08-30T22:25:55.627-07:00,,operational_state,inbound,query_operational_state,received,,device_response,19,2,,,2,Running Curtailed,,,
2026-08-30T22:25:55.668-07:00,,query_completed,outbound,query_operational_state,ok,,periodic,18,0,,,,,,,
2026-08-30T22:26:25.724-07:00,,query_sent,outbound,get_commodity,pending,,periodic,6,0,,,,,,,
2026-08-30T22:26:25.790-07:00,,link_ack,inbound,get_commodity,ack,,link_layer,6,,,,,,,,
2026-08-30T22:26:25.959-07:00,,intermediate_response,inbound,get_commodity,success,,device_response,6,128,,,,,0,success,
2026-08-30T22:26:26.002-07:00,,query_completed,outbound,get_commodity,ok,,periodic,6,0,,,,,0,success,
2026-08-30T22:26:26.002-07:00,,query_sent,outbound,query_operational_state,pending,,periodic,18,0,,,,,,,
2026-08-30T22:26:26.164-07:00,,link_ack,inbound,query_operational_state,ack,,link_layer,18,,,,,,,,
2026-08-30T22:26:26.288-07:00,,operational_state,inbound,query_operational_state,received,,device_response,19,2,,,2,Running Curtailed,,,
2026-08-30T22:26:26.329-07:00,,query_completed,outbound,query_operational_state,ok,,periodic,18,0,,,,,,,
2026-08-30T22:26:55.383-07:00,,query_sent,outbound,query_operational_state,pending,,periodic,18,0,,,,,,,
2026-08-30T22:26:55.449-07:00,,link_ack,inbound,query_operational_state,ack,,link_layer,18,,,,,,,,
2026-08-30T22:26:55.572-07:00,,operational_state,inbound,query_operational_state,received,,device_response,19,2,,,2,Running Curtailed,,,
2026-08-30T22:26:55.613-07:00,,query_completed,outbound,query_operational_state,ok,,periodic,18,0,,,,,,,
2026-08-30T22:27:25.667-07:00,,query_sent,outbound,get_commodity,pending,,periodic,6,0,,,,,,,
2026-08-30T22:27:25.732-07:00,,link_ack,inbound,get_commodity,ack,,link_layer,6,,,,,,,,
2026-08-30T22:27:25.901-07:00,,intermediate_response,inbound,get_commodity,success,,device_response,6,128,,,,,0,success,
2026-08-30T22:27:25.944-07:00,,query_completed,outbound,get_commodity,ok,,periodic,6,0,,,,,0,success,
2026-08-30T22:27:25.944-07:00,,query_sent,outbound,query_operational_state,pending,,periodic,18,0,,,,,,,
2026-08-30T22:27:26.107-07:00,,link_ack,inbound,query_operational_state,ack,,link_layer,18,,,,,,,,
2026-08-30T22:27:26.230-07:00,,operational_state,inbound,query_operational_state,received,,device_response,19,2,,,2,Running Curtailed,,,
2026-08-30T22:27:26.271-07:00,,query_completed,outbound,query_operational_state,ok,,periodic,18,0,,,,,,,
2026-08-30T22:27:55.326-07:00,,query_sent,outbound,query_operational_state,pending,,periodic,18,0,,,,,,,
2026-08-30T22:27:55.391-07:00,,link_ack,inbound,query_operational_state,ack,,link_layer,18,,,,,,,,
2026-08-30T22:27:55.514-07:00,,operational_state,inbound,query_operational_state,received,,device_response,19,2,,,2,Running Curtailed,,,
2026-08-30T22:27:55.555-07:00,,query_completed,outbound,query_operational_state,ok,,periodic,18,0,,,,,,,
2026-08-30T22:28:25.612-07:00,,query_sent,outbound,get_commodity,pending,,periodic,6,0,,,,,,,
2026-08-30T22:28:25.675-07:00,,link_ack,inbound,get_commodity,ack,,link_layer,6,,,,,,,,
2026-08-30T22:28:25.844-07:00,,intermediate_response,inbound,get_commodity,success,,device_response,6,128,,,,,0,success,
2026-08-30T22:28:25.887-07:00,,query_completed,outbound,get_commodity,ok,,periodic,6,0,,,,,0,success,
2026-08-30T22:28:25.887-07:00,,query_sent,outbound,query_operational_state,pending,,periodic,18,0,,,,,,,
2026-08-30T22:28:26.049-07:00,,link_ack,inbound,query_operational_state,ack,,link_layer,18,,,,,,,,
2026-08-30T22:28:26.172-07:00,,operational_state,inbound,query_operational_state,received,,device_response,19,2,,,2,Running Curtailed,,,
2026-08-30T22:28:26.213-07:00,,query_completed,outbound,query_operational_state,ok,,periodic,18,0,,,,,,,
2026-08-30T22:28:55.268-07:00,,query_sent,outbound,query_operational_state,pending,,periodic,18,0,,,,,,,
2026-08-30T22:28:55.430-07:00,,link_ack,inbound,query_operational_state,ack,,link_layer,18,,,,,,,,
2026-08-30T22:28:55.553-07:00,,operational_state,inbound,query_operational_state,received,,device_response,19,2,,,2,Running Curtailed,,,
2026-08-30T22:28:55.594-07:00,,query_completed,outbound,query_operational_state,ok,,periodic,18,0,,,,,,,
2026-08-30T22:29:25.649-07:00,,query_sent,outbound,get_commodity,pending,,periodic,6,0,,,,,,,
2026-08-30T22:29:25.712-07:00,,link_ack,inbound,get_commodity,ack,,link_layer,6,,,,,,,,
2026-08-30T22:29:25.880-07:00,,intermediate_response,inbound,get_commodity,success,,device_response,6,128,,,,,0,success,
2026-08-30T22:29:25.923-07:00,,query_completed,outbound,get_commodity,ok,,periodic,6,0,,,,,0,success,
2026-08-30T22:29:25.924-07:00,,query_sent,outbound,query_operational_state,pending,,periodic,18,0,,,,,,,
2026-08-30T22:29:26.085-07:00,,link_ack,inbound,query_operational_state,ack,,link_layer,18,,,,,,,,
2026-08-30T22:29:26.208-07:00,,operational_state,inbound,query_operational_state,received,,device_response,19,2,,,2,Running Curtailed,,,
2026-08-30T22:29:26.249-07:00,,query_completed,outbound,query_operational_state,ok,,periodic,18,0,,,,,,,
2026-08-30T22:29:55.303-07:00,,query_sent,outbound,query_operational_state,pending,,periodic,18,0,,,,,,,
2026-08-30T22:29:55.366-07:00,,link_ack,inbound,query_operational_state,ack,,link_layer,18,,,,,,,,
2026-08-30T22:29:55.491-07:00,,operational_state,inbound,query_operational_state,received,,device_response,19,2,,,2,Running Curtailed,,,
2026-08-30T22:29:55.532-07:00,,query_completed,outbound,query_operational_state,ok,,periodic,18,0,,,,,,,
2026-08-30T22:30:25.587-07:00,auto_outside_comm_heartbeat_17,command_sent,outbound,outside_communication1,pending,0,schedule,14,0,,,,,,,
2026-08-30T22:30:25.651-07:00,,link_ack,inbound,outside_communication,ack,,link_layer,14,,,,,,,,
2026-08-30T22:30:25.775-07:00,,application_ack,inbound,outside_communication,ack,,application_layer,3,14,,,,,,,
2026-08-30T22:30:25.815-07:00,auto_outside_comm_heartbeat_17,command_completed,outbound,outside_communication1,ok,0,schedule,14,0,,,,,,,
2026-08-30T22:30:25.816-07:00,,query_sent,outbound,get_commodity,pending,,periodic,6,0,,,,,,,
2026-08-30T22:30:25.978-07:00,,link_ack,inbound,get_commodity,ack,,link_layer,6,,,,,,,,
2026-08-30T22:30:26.146-07:00,,intermediate_response,inbound,get_commodity,success,,device_response,6,128,,,,,0,success,
2026-08-30T22:30:26.188-07:00,,query_completed,outbound,get_commodity,ok,,periodic,6,0,,,,,0,success,
2026-08-30T22:30:26.188-07:00,,query_sent,outbound,query_operational_state,pending,,periodic,18,0,,,,,,,
2026-08-30T22:30:26.350-07:00,,link_ack,inbound,query_operational_state,ack,,link_layer,18,,,,,,,,
2026-08-30T22:30:26.474-07:00,,operational_state,inbound,query_operational_state,received,,device_response,19,2,,,2,Running Curtailed,,,
2026-08-30T22:30:26.514-07:00,,query_completed,outbound,query_operational_state,ok,,periodic,18,0,,,,,,,
2026-08-30T22:30:55.568-07:00,,query_sent,outbound,query_operational_state,pending,,periodic,18,0,,,,,,,
2026-08-30T22:30:55.633-07:00,,link_ack,inbound,query_operational_state,ack,,link_layer,18,,,,,,,,
2026-08-30T22:30:55.756-07:00,,operational_state,inbound,query_operational_state,received,,device_response,19,2,,,2,Running Curtailed,,,
2026-08-30T22:30:55.797-07:00,,query_completed,outbound,query_operational_state,ok,,periodic,18,0,,,,,,,
2026-08-30T22:31:24.850-07:00,,query_sent,outbound,get_commodity,pending,,periodic,6,0,,,,,,,
2026-08-30T22:31:24.917-07:00,,link_ack,inbound,get_commodity,ack,,link_layer,6,,,,,,,,
2026-08-30T22:31:25.086-07:00,,intermediate_response,inbound,get_commodity,success,,device_response,6,128,,,,,0,success,
2026-08-30T22:31:25.129-07:00,,query_completed,outbound,get_commodity,ok,,periodic,6,0,,,,,0,success,
2026-08-30T22:31:25.129-07:00,,query_sent,outbound,query_operational_state,pending,,periodic,18,0,,,,,,,
2026-08-30T22:31:25.291-07:00,,link_ack,inbound,query_operational_state,ack,,link_layer,18,,,,,,,,
2026-08-30T22:31:25.414-07:00,,operational_state,inbound,query_operational_state,received,,device_response,19,2,,,2,Running Curtailed,,,
2026-08-30T22:31:25.455-07:00,,query_completed,outbound,query_operational_state,ok,,periodic,18,0,,,,,,,
2026-08-30T22:31:55.510-07:00,,query_sent,outbound,query_operational_state,pending,,periodic,18,0,,,,,,,
2026-08-30T22:31:55.673-07:00,,link_ack,inbound,query_operational_state,ack,,link_layer,18,,,,,,,,
2026-08-30T22:31:55.796-07:00,,operational_state,inbound,query_operational_state,received,,device_response,19,2,,,2,Running Curtailed,,,
2026-08-30T22:31:55.837-07:00,,query_completed,outbound,query_operational_state,ok,,periodic,18,0,,,,,,,
2026-08-30T22:32:24.890-07:00,,query_sent,outbound,get_commodity,pending,,periodic,6,0,,,,,,,
2026-08-30T22:32:24.954-07:00,,link_ack,inbound,get_commodity,ack,,link_layer,6,,,,,,,,
2026-08-30T22:32:25.125-07:00,,intermediate_response,inbound,get_commodity,success,,device_response,6,128,,,,,0,success,
2026-08-30T22:32:25.167-07:00,,query_completed,outbound,get_commodity,ok,,periodic,6,0,,,,,0,success,
2026-08-30T22:32:25.168-07:00,,query_sent,outbound,query_operational_state,pending,,periodic,18,0,,,,,,,
2026-08-30T22:32:25.330-07:00,,link_ack,inbound,query_operational_state,ack,,link_layer,18,,,,,,,,
2026-08-30T22:32:25.453-07:00,,operational_state,inbound,query_operational_state,received,,device_response,19,2,,,2,Running Curtailed,,,
2026-08-30T22:32:25.494-07:00,,query_completed,outbound,query_operational_state,ok,,periodic,18,0,,,,,,,
2026-08-30T22:32:55.549-07:00,,query_sent,outbound,query_operational_state,pending,,periodic,18,0,,,,,,,
2026-08-30T22:32:55.615-07:00,,link_ack,inbound,query_operational_state,ack,,link_layer,18,,,,,,,,
2026-08-30T22:32:55.739-07:00,,operational_state,inbound,query_operational_state,received,,device_response,19,2,,,2,Running Curtailed,,,
2026-08-30T22:32:55.779-07:00,,query_completed,outbound,query_operational_state,ok,,periodic,18,0,,,,,,,
2026-08-30T22:33:24.833-07:00,,query_sent,outbound,get_commodity,pending,,periodic,6,0,,,,,,,
2026-08-30T22:33:24.898-07:00,,link_ack,inbound,get_commodity,ack,,link_layer,6,,,,,,,,
2026-08-30T22:33:25.067-07:00,,intermediate_response,inbound,get_commodity,success,,device_response,6,128,,,,,0,success,
2026-08-30T22:33:25.110-07:00,,query_completed,outbound,get_commodity,ok,,periodic,6,0,,,,,0,success,
2026-08-30T22:33:25.110-07:00,,query_sent,outbound,query_operational_state,pending,,periodic,18,0,,,,,,,
2026-08-30T22:33:25.272-07:00,,link_ack,inbound,query_operational_state,ack,,link_layer,18,,,,,,,,
2026-08-30T22:33:25.396-07:00,,operational_state,inbound,query_operational_state,received,,device_response,19,2,,,2,Running Curtailed,,,
2026-08-30T22:33:25.436-07:00,,query_completed,outbound,query_operational_state,ok,,periodic,18,0,,,,,,,
2026-08-30T22:33:55.493-07:00,,query_sent,outbound,query_operational_state,pending,,periodic,18,0,,,,,,,
2026-08-30T22:33:55.658-07:00,,link_ack,inbound,query_operational_state,ack,,link_layer,18,,,,,,,,
2026-08-30T22:33:55.781-07:00,,operational_state,inbound,query_operational_state,received,,device_response,19,2,,,2,Running Curtailed,,,
2026-08-30T22:33:55.822-07:00,,query_completed,outbound,query_operational_state,ok,,periodic,18,0,,,,,,,
2026-08-30T22:34:24.882-07:00,,query_sent,outbound,get_commodity,pending,,periodic,6,0,,,,,,,
2026-08-30T22:34:25.043-07:00,,link_ack,inbound,get_commodity,ack,,link_layer,6,,,,,,,,
2026-08-30T22:34:25.211-07:00,,intermediate_response,inbound,get_commodity,success,,device_response,6,128,,,,,0,success,
2026-08-30T22:34:25.252-07:00,,query_completed,outbound,get_commodity,ok,,periodic,6,0,,,,,0,success,
2026-08-30T22:34:25.252-07:00,,query_sent,outbound,query_operational_state,pending,,periodic,18,0,,,,,,,
2026-08-30T22:34:25.414-07:00,,link_ack,inbound,query_operational_state,ack,,link_layer,18,,,,,,,,
2026-08-30T22:34:25.538-07:00,,operational_state,inbound,query_operational_state,received,,device_response,19,2,,,2,Running Curtailed,,,
2026-08-30T22:34:25.578-07:00,,query_completed,outbound,query_operational_state,ok,,periodic,18,0,,,,,,,
2026-08-30T22:34:55.635-07:00,,query_sent,outbound,query_operational_state,pending,,periodic,18,0,,,,,,,
2026-08-30T22:34:55.697-07:00,,link_ack,inbound,query_operational_state,ack,,link_layer,18,,,,,,,,
2026-08-30T22:34:55.821-07:00,,operational_state,inbound,query_operational_state,received,,device_response,19,2,,,2,Running Curtailed,,,
2026-08-30T22:34:55.862-07:00,,query_completed,outbound,query_operational_state,ok,,periodic,18,0,,,,,,,
2026-08-30T22:35:24.915-07:00,,query_sent,outbound,get_commodity,pending,,periodic,6,0,,,,,,,
2026-08-30T22:35:25.077-07:00,,link_ack,inbound,get_commodity,ack,,link_layer,6,,,,,,,,
2026-08-30T22:35:25.245-07:00,,intermediate_response,inbound,get_commodity,success,,device_response,6,128,,,,,0,success,
2026-08-30T22:35:25.286-07:00,,query_completed,outbound,get_commodity,ok,,periodic,6,0,,,,,0,success,
2026-08-30T22:35:25.286-07:00,,query_sent,outbound,query_operational_state,pending,,periodic,18,0,,,,,,,
2026-08-30T22:35:25.449-07:00,,link_ack,inbound,query_operational_state,ack,,link_layer,18,,,,,,,,
2026-08-30T22:35:25.572-07:00,,operational_state,inbound,query_operational_state,received,,device_response,19,2,,,2,Running Curtailed,,,
2026-08-30T22:35:25.613-07:00,,query_completed,outbound,query_operational_state,ok,,periodic,18,0,,,,,,,
2026-08-30T22:35:55.669-07:00,,query_sent,outbound,query_operational_state,pending,,periodic,18,0,,,,,,,
2026-08-30T22:35:55.830-07:00,,link_ack,inbound,query_operational_state,ack,,link_layer,18,,,,,,,,
2026-08-30T22:35:55.955-07:00,,operational_state,inbound,query_operational_state,received,,device_response,19,2,,,2,Running Curtailed,,,
2026-08-30T22:35:55.995-07:00,,query_completed,outbound,query_operational_state,ok,,periodic,18,0,,,,,,,
2026-08-30T22:36:25.049-07:00,,query_sent,outbound,get_commodity,pending,,periodic,6,0,,,,,,,
2026-08-30T22:36:25.115-07:00,,link_ack,inbound,get_commodity,ack,,link_layer,6,,,,,,,,
2026-08-30T22:36:25.283-07:00,,intermediate_response,inbound,get_commodity,success,,device_response,6,128,,,,,0,success,
2026-08-30T22:36:25.326-07:00,,query_completed,outbound,get_commodity,ok,,periodic,6,0,,,,,0,success,
2026-08-30T22:36:25.327-07:00,,query_sent,outbound,query_operational_state,pending,,periodic,18,0,,,,,,,
2026-08-30T22:36:25.488-07:00,,link_ack,inbound,query_operational_state,ack,,link_layer,18,,,,,,,,
2026-08-30T22:36:25.612-07:00,,operational_state,inbound,query_operational_state,received,,device_response,19,2,,,2,Running Curtailed,,,
2026-08-30T22:36:25.653-07:00,,query_completed,outbound,query_operational_state,ok,,periodic,18,0,,,,,,,
2026-08-30T22:36:55.707-07:00,,query_sent,outbound,query_operational_state,pending,,periodic,18,0,,,,,,,
2026-08-30T22:36:55.774-07:00,,link_ack,inbound,query_operational_state,ack,,link_layer,18,,,,,,,,
2026-08-30T22:36:55.897-07:00,,operational_state,inbound,query_operational_state,received,,device_response,19,2,,,2,Running Curtailed,,,
2026-08-30T22:36:55.938-07:00,,query_completed,outbound,query_operational_state,ok,,periodic,18,0,,,,,,,
2026-08-30T22:37:24.993-07:00,,query_sent,outbound,get_commodity,pending,,periodic,6,0,,,,,,,
2026-08-30T22:37:25.152-07:00,,link_ack,inbound,get_commodity,ack,,link_layer,6,,,,,,,,
2026-08-30T22:37:25.320-07:00,,intermediate_response,inbound,get_commodity,success,,device_response,6,128,,,,,0,success,
2026-08-30T22:37:25.362-07:00,,query_completed,outbound,get_commodity,ok,,periodic,6,0,,,,,0,success,
2026-08-30T22:37:25.362-07:00,,query_sent,outbound,query_operational_state,pending,,periodic,18,0,,,,,,,
2026-08-30T22:37:25.523-07:00,,link_ack,inbound,query_operational_state,ack,,link_layer,18,,,,,,,,
2026-08-30T22:37:25.647-07:00,,operational_state,inbound,query_operational_state,received,,device_response,19,2,,,2,Running Curtailed,,,
2026-08-30T22:37:25.687-07:00,,query_completed,outbound,query_operational_state,ok,,periodic,18,0,,,,,,,
2026-08-30T22:37:55.744-07:00,,query_sent,outbound,query_operational_state,pending,,periodic,18,0,,,,,,,
2026-08-30T22:37:55.807-07:00,,link_ack,inbound,query_operational_state,ack,,link_layer,18,,,,,,,,
2026-08-30T22:37:55.931-07:00,,operational_state,inbound,query_operational_state,received,,device_response,19,2,,,2,Running Curtailed,,,
2026-08-30T22:37:55.971-07:00,,query_completed,outbound,query_operational_state,ok,,periodic,18,0,,,,,,,
2026-08-30T22:38:25.026-07:00,,query_sent,outbound,get_commodity,pending,,periodic,6,0,,,,,,,
2026-08-30T22:38:25.090-07:00,,link_ack,inbound,get_commodity,ack,,link_layer,6,,,,,,,,
2026-08-30T22:38:25.258-07:00,,intermediate_response,inbound,get_commodity,success,,device_response,6,128,,,,,0,success,
2026-08-30T22:38:25.302-07:00,,query_completed,outbound,get_commodity,ok,,periodic,6,0,,,,,0,success,
2026-08-30T22:38:25.302-07:00,,query_sent,outbound,query_operational_state,pending,,periodic,18,0,,,,,,,
2026-08-30T22:38:25.463-07:00,,link_ack,inbound,query_operational_state,ack,,link_layer,18,,,,,,,,
2026-08-30T22:38:25.587-07:00,,operational_state,inbound,query_operational_state,received,,device_response,19,2,,,2,Running Curtailed,,,
2026-08-30T22:38:25.627-07:00,,query_completed,outbound,query_operational_state,ok,,periodic,18,0,,,,,,,
2026-08-30T22:38:55.683-07:00,,query_sent,outbound,query_operational_state,pending,,periodic,18,0,,,,,,,
2026-08-30T22:38:55.748-07:00,,link_ack,inbound,query_operational_state,ack,,link_layer,18,,,,,,,,
2026-08-30T22:38:55.871-07:00,,operational_state,inbound,query_operational_state,received,,device_response,19,2,,,2,Running Curtailed,,,
2026-08-30T22:38:55.912-07:00,,query_completed,outbound,query_operational_state,ok,,periodic,18,0,,,,,,,
2026-08-30T22:39:24.964-07:00,,query_sent,outbound,get_commodity,pending,,periodic,6,0,,,,,,,
2026-08-30T22:39:25.032-07:00,,link_ack,inbound,get_commodity,ack,,link_layer,6,,,,,,,,
2026-08-30T22:39:25.200-07:00,,intermediate_response,inbound,get_commodity,success,,device_response,6,128,,,,,0,success,
2026-08-30T22:39:25.244-07:00,,query_completed,outbound,get_commodity,ok,,periodic,6,0,,,,,0,success,
2026-08-30T22:39:25.244-07:00,,query_sent,outbound,query_operational_state,pending,,periodic,18,0,,,,,,,
2026-08-30T22:39:25.405-07:00,,link_ack,inbound,query_operational_state,ack,,link_layer,18,,,,,,,,
2026-08-30T22:39:25.530-07:00,,operational_state,inbound,query_operational_state,received,,device_response,19,2,,,2,Running Curtailed,,,
2026-08-30T22:39:25.570-07:00,,query_completed,outbound,query_operational_state,ok,,periodic,18,0,,,,,,,
2026-08-30T22:39:55.627-07:00,,query_sent,outbound,query_operational_state,pending,,periodic,18,0,,,,,,,
2026-08-30T22:39:55.689-07:00,,link_ack,inbound,query_operational_state,ack,,link_layer,18,,,,,,,,
2026-08-30T22:39:55.813-07:00,,operational_state,inbound,query_operational_state,received,,device_response,19,2,,,2,Running Curtailed,,,
2026-08-30T22:39:55.854-07:00,,query_completed,outbound,query_operational_state,ok,,periodic,18,0,,,,,,,
2026-08-30T22:40:24.907-07:00,,query_sent,outbound,get_commodity,pending,,periodic,6,0,,,,,,,
2026-08-30T22:40:24.972-07:00,,link_ack,inbound,get_commodity,ack,,link_layer,6,,,,,,,,
2026-08-30T22:40:25.141-07:00,,intermediate_response,inbound,get_commodity,success,,device_response,6,128,,,,,0,success,
2026-08-30T22:40:25.184-07:00,,query_completed,outbound,get_commodity,ok,,periodic,6,0,,,,,0,success,
2026-08-30T22:40:25.184-07:00,,query_sent,outbound,query_operational_state,pending,,periodic,18,0,,,,,,,
2026-08-30T22:40:25.348-07:00,,link_ack,inbound,query_operational_state,ack,,link_layer,18,,,,,,,,
2026-08-30T22:40:25.472-07:00,,operational_state,inbound,query_operational_state,received,,device_response,19,2,,,2,Running Curtailed,,,
2026-08-30T22:40:25.513-07:00,,query_completed,outbound,query_operational_state,ok,,periodic,18,0,,,,,,,
2026-08-30T22:40:26.513-07:00,auto_outside_comm_heartbeat_18,command_sent,outbound,outside_communication1,pending,0,schedule,14,0,,,,,,,
2026-08-30T22:40:26.577-07:00,,link_ack,inbound,outside_communication,ack,,link_layer,14,,,,,,,,
2026-08-30T22:40:26.700-07:00,,application_ack,inbound,outside_communication,ack,,application_layer,3,14,,,,,,,
2026-08-30T22:40:26.741-07:00,auto_outside_comm_heartbeat_18,command_completed,outbound,outside_communication1,ok,0,schedule,14,0,,,,,,,
2026-08-30T22:40:54.795-07:00,,query_sent,outbound,query_operational_state,pending,,periodic,18,0,,,,,,,
2026-08-30T22:40:54.957-07:00,,link_ack,inbound,query_operational_state,ack,,link_layer,18,,,,,,,,
2026-08-30T22:40:55.080-07:00,,operational_state,inbound,query_operational_state,received,,device_response,19,2,,,2,Running Curtailed,,,
2026-08-30T22:40:55.120-07:00,,query_completed,outbound,query_operational_state,ok,,periodic,18,0,,,,,,,
2026-08-30T22:41:25.176-07:00,,query_sent,outbound,get_commodity,pending,,periodic,6,0,,,,,,,
2026-08-30T22:41:25.338-07:00,,link_ack,inbound,get_commodity,ack,,link_layer,6,,,,,,,,
2026-08-30T22:41:25.507-07:00,,intermediate_response,inbound,get_commodity,success,,device_response,6,128,,,,,0,success,
2026-08-30T22:41:25.549-07:00,,query_completed,outbound,get_commodity,ok,,periodic,6,0,,,,,0,success,
2026-08-30T22:41:25.549-07:00,,query_sent,outbound,query_operational_state,pending,,periodic,18,0,,,,,,,
2026-08-30T22:41:25.710-07:00,,link_ack,inbound,query_operational_state,ack,,link_layer,18,,,,,,,,
2026-08-30T22:41:25.835-07:00,,operational_state,inbound,query_operational_state,received,,device_response,19,2,,,2,Running Curtailed,,,
2026-08-30T22:41:25.875-07:00,,query_completed,outbound,query_operational_state,ok,,periodic,18,0,,,,,,,
2026-08-30T22:41:54.929-07:00,,query_sent,outbound,query_operational_state,pending,,periodic,18,0,,,,,,,
2026-08-30T22:41:54.993-07:00,,link_ack,inbound,query_operational_state,ack,,link_layer,18,,,,,,,,
2026-08-30T22:41:55.116-07:00,,operational_state,inbound,query_operational_state,received,,device_response,19,2,,,2,Running Curtailed,,,
2026-08-30T22:41:55.157-07:00,,query_completed,outbound,query_operational_state,ok,,periodic,18,0,,,,,,,
2026-08-30T22:42:25.211-07:00,,query_sent,outbound,get_commodity,pending,,periodic,6,0,,,,,,,
2026-08-30T22:42:25.277-07:00,,link_ack,inbound,get_commodity,ack,,link_layer,6,,,,,,,,
2026-08-30T22:42:25.446-07:00,,intermediate_response,inbound,get_commodity,success,,device_response,6,128,,,,,0,success,
2026-08-30T22:42:25.488-07:00,,query_completed,outbound,get_commodity,ok,,periodic,6,0,,,,,0,success,
2026-08-30T22:42:25.488-07:00,,query_sent,outbound,query_operational_state,pending,,periodic,18,0,,,,,,,
2026-08-30T22:42:25.651-07:00,,link_ack,inbound,query_operational_state,ack,,link_layer,18,,,,,,,,
2026-08-30T22:42:25.775-07:00,,operational_state,inbound,query_operational_state,received,,device_response,19,2,,,2,Running Curtailed,,,
2026-08-30T22:42:25.816-07:00,,query_completed,outbound,query_operational_state,ok,,periodic,18,0,,,,,,,
2026-08-30T22:42:54.867-07:00,,query_sent,outbound,query_operational_state,pending,,periodic,18,0,,,,,,,
2026-08-30T22:42:54.934-07:00,,link_ack,inbound,query_operational_state,ack,,link_layer,18,,,,,,,,
2026-08-30T22:42:55.058-07:00,,operational_state,inbound,query_operational_state,received,,device_response,19,2,,,2,Running Curtailed,,,
2026-08-30T22:42:55.098-07:00,,query_completed,outbound,query_operational_state,ok,,periodic,18,0,,,,,,,
2026-08-30T22:43:25.152-07:00,,query_sent,outbound,get_commodity,pending,,periodic,6,0,,,,,,,
2026-08-30T22:43:25.220-07:00,,link_ack,inbound,get_commodity,ack,,link_layer,6,,,,,,,,
2026-08-30T22:43:25.389-07:00,,intermediate_response,inbound,get_commodity,success,,device_response,6,128,,,,,0,success,
2026-08-30T22:43:25.432-07:00,,query_completed,outbound,get_commodity,ok,,periodic,6,0,,,,,0,success,
2026-08-30T22:43:25.432-07:00,,query_sent,outbound,query_operational_state,pending,,periodic,18,0,,,,,,,
2026-08-30T22:43:25.594-07:00,,link_ack,inbound,query_operational_state,ack,,link_layer,18,,,,,,,,
2026-08-30T22:43:25.718-07:00,,operational_state,inbound,query_operational_state,received,,device_response,19,2,,,2,Running Curtailed,,,
2026-08-30T22:43:25.759-07:00,,query_completed,outbound,query_operational_state,ok,,periodic,18,0,,,,,,,
2026-08-30T22:43:54.811-07:00,,query_sent,outbound,query_operational_state,pending,,periodic,18,0,,,,,,,
2026-08-30T22:43:54.876-07:00,,link_ack,inbound,query_operational_state,ack,,link_layer,18,,,,,,,,
2026-08-30T22:43:54.999-07:00,,operational_state,inbound,query_operational_state,received,,device_response,19,2,,,2,Running Curtailed,,,
2026-08-30T22:43:55.040-07:00,,query_completed,outbound,query_operational_state,ok,,periodic,18,0,,,,,,,
2026-08-30T22:44:25.095-07:00,,query_sent,outbound,get_commodity,pending,,periodic,6,0,,,,,,,
2026-08-30T22:44:25.158-07:00,,link_ack,inbound,get_commodity,ack,,link_layer,6,,,,,,,,
2026-08-30T22:44:25.327-07:00,,intermediate_response,inbound,get_commodity,success,,device_response,6,128,,,,,0,success,
2026-08-30T22:44:25.370-07:00,,query_completed,outbound,get_commodity,ok,,periodic,6,0,,,,,0,success,
2026-08-30T22:44:25.370-07:00,,query_sent,outbound,query_operational_state,pending,,periodic,18,0,,,,,,,
2026-08-30T22:44:25.532-07:00,,link_ack,inbound,query_operational_state,ack,,link_layer,18,,,,,,,,
2026-08-30T22:44:25.656-07:00,,operational_state,inbound,query_operational_state,received,,device_response,19,2,,,2,Running Curtailed,,,
2026-08-30T22:44:25.696-07:00,,query_completed,outbound,query_operational_state,ok,,periodic,18,0,,,,,,,
2026-08-30T22:44:55.753-07:00,,query_sent,outbound,query_operational_state,pending,,periodic,18,0,,,,,,,
2026-08-30T22:44:55.817-07:00,,link_ack,inbound,query_operational_state,ack,,link_layer,18,,,,,,,,
2026-08-30T22:44:55.940-07:00,,operational_state,inbound,query_operational_state,received,,device_response,19,2,,,2,Running Curtailed,,,
2026-08-30T22:44:55.981-07:00,,query_completed,outbound,query_operational_state,ok,,periodic,18,0,,,,,,,
2026-08-30T22:45:25.033-07:00,,query_sent,outbound,get_commodity,pending,,periodic,6,0,,,,,,,
2026-08-30T22:45:25.099-07:00,,link_ack,inbound,get_commodity,ack,,link_layer,6,,,,,,,,
2026-08-30T22:45:25.268-07:00,,intermediate_response,inbound,get_commodity,success,,device_response,6,128,,,,,0,success,
2026-08-30T22:45:25.311-07:00,,query_completed,outbound,get_commodity,ok,,periodic,6,0,,,,,0,success,
2026-08-30T22:45:25.312-07:00,,query_sent,outbound,query_operational_state,pending,,periodic,18,0,,,,,,,
2026-08-30T22:45:25.476-07:00,,link_ack,inbound,query_operational_state,ack,,link_layer,18,,,,,,,,
2026-08-30T22:45:25.599-07:00,,operational_state,inbound,query_operational_state,received,,device_response,19,2,,,2,Running Curtailed,,,
2026-08-30T22:45:25.640-07:00,,query_completed,outbound,query_operational_state,ok,,periodic,18,0,,,,,,,
2026-08-30T22:45:55.695-07:00,,query_sent,outbound,query_operational_state,pending,,periodic,18,0,,,,,,,
2026-08-30T22:45:55.762-07:00,,link_ack,inbound,query_operational_state,ack,,link_layer,18,,,,,,,,
2026-08-30T22:45:55.886-07:00,,operational_state,inbound,query_operational_state,received,,device_response,19,2,,,2,Running Curtailed,,,
2026-08-30T22:45:55.926-07:00,,query_completed,outbound,query_operational_state,ok,,periodic,18,0,,,,,,,
2026-08-30T22:46:24.984-07:00,,query_sent,outbound,get_commodity,pending,,periodic,6,0,,,,,,,
2026-08-30T22:46:25.146-07:00,,link_ack,inbound,get_commodity,ack,,link_layer,6,,,,,,,,
2026-08-30T22:46:25.315-07:00,,intermediate_response,inbound,get_commodity,success,,device_response,6,128,,,,,0,success,
2026-08-30T22:46:25.357-07:00,,query_completed,outbound,get_commodity,ok,,periodic,6,0,,,,,0,success,
2026-08-30T22:46:25.357-07:00,,query_sent,outbound,query_operational_state,pending,,periodic,18,0,,,,,,,
2026-08-30T22:46:25.520-07:00,,link_ack,inbound,query_operational_state,ack,,link_layer,18,,,,,,,,
2026-08-30T22:46:25.643-07:00,,operational_state,inbound,query_operational_state,received,,device_response,19,2,,,2,Running Curtailed,,,
2026-08-30T22:46:25.683-07:00,,query_completed,outbound,query_operational_state,ok,,periodic,18,0,,,,,,,
2026-08-30T22:46:55.739-07:00,,query_sent,outbound,query_operational_state,pending,,periodic,18,0,,,,,,,
2026-08-30T22:46:55.805-07:00,,link_ack,inbound,query_operational_state,ack,,link_layer,18,,,,,,,,
2026-08-30T22:46:55.929-07:00,,operational_state,inbound,query_operational_state,received,,device_response,19,2,,,2,Running Curtailed,,,
2026-08-30T22:46:55.970-07:00,,query_completed,outbound,query_operational_state,ok,,periodic,18,0,,,,,,,
2026-08-30T22:47:25.022-07:00,,query_sent,outbound,get_commodity,pending,,periodic,6,0,,,,,,,
2026-08-30T22:47:25.090-07:00,,link_ack,inbound,get_commodity,ack,,link_layer,6,,,,,,,,
2026-08-30T22:47:25.259-07:00,,intermediate_response,inbound,get_commodity,success,,device_response,6,128,,,,,0,success,
2026-08-30T22:47:25.300-07:00,,query_completed,outbound,get_commodity,ok,,periodic,6,0,,,,,0,success,
2026-08-30T22:47:25.300-07:00,,query_sent,outbound,query_operational_state,pending,,periodic,18,0,,,,,,,
2026-08-30T22:47:25.464-07:00,,link_ack,inbound,query_operational_state,ack,,link_layer,18,,,,,,,,
2026-08-30T22:47:25.587-07:00,,operational_state,inbound,query_operational_state,received,,device_response,19,2,,,2,Running Curtailed,,,
2026-08-30T22:47:25.627-07:00,,query_completed,outbound,query_operational_state,ok,,periodic,18,0,,,,,,,
2026-08-30T22:47:55.683-07:00,,query_sent,outbound,query_operational_state,pending,,periodic,18,0,,,,,,,
2026-08-30T22:47:55.747-07:00,,link_ack,inbound,query_operational_state,ack,,link_layer,18,,,,,,,,
2026-08-30T22:47:55.870-07:00,,operational_state,inbound,query_operational_state,received,,device_response,19,2,,,2,Running Curtailed,,,
2026-08-30T22:47:55.911-07:00,,query_completed,outbound,query_operational_state,ok,,periodic,18,0,,,,,,,
2026-08-30T22:48:24.964-07:00,,query_sent,outbound,get_commodity,pending,,periodic,6,0,,,,,,,
2026-08-30T22:48:25.030-07:00,,link_ack,inbound,get_commodity,ack,,link_layer,6,,,,,,,,
2026-08-30T22:48:25.198-07:00,,intermediate_response,inbound,get_commodity,success,,device_response,6,128,,,,,0,success,
2026-08-30T22:48:25.241-07:00,,query_completed,outbound,get_commodity,ok,,periodic,6,0,,,,,0,success,
2026-08-30T22:48:25.241-07:00,,query_sent,outbound,query_operational_state,pending,,periodic,18,0,,,,,,,
2026-08-30T22:48:25.403-07:00,,link_ack,inbound,query_operational_state,ack,,link_layer,18,,,,,,,,
2026-08-30T22:48:25.526-07:00,,operational_state,inbound,query_operational_state,received,,device_response,19,2,,,2,Running Curtailed,,,
2026-08-30T22:48:25.566-07:00,,query_completed,outbound,query_operational_state,ok,,periodic,18,0,,,,,,,
2026-08-30T22:48:55.622-07:00,,query_sent,outbound,query_operational_state,pending,,periodic,18,0,,,,,,,
2026-08-30T22:48:55.687-07:00,,link_ack,inbound,query_operational_state,ack,,link_layer,18,,,,,,,,
2026-08-30T22:48:55.810-07:00,,operational_state,inbound,query_operational_state,received,,device_response,19,2,,,2,Running Curtailed,,,
2026-08-30T22:48:55.851-07:00,,query_completed,outbound,query_operational_state,ok,,periodic,18,0,,,,,,,
2026-08-30T22:49:24.903-07:00,,query_sent,outbound,get_commodity,pending,,periodic,6,0,,,,,,,
2026-08-30T22:49:24.970-07:00,,link_ack,inbound,get_commodity,ack,,link_layer,6,,,,,,,,
2026-08-30T22:49:25.139-07:00,,intermediate_response,inbound,get_commodity,success,,device_response,6,128,,,,,0,success,
2026-08-30T22:49:25.183-07:00,,query_completed,outbound,get_commodity,ok,,periodic,6,0,,,,,0,success,
2026-08-30T22:49:25.183-07:00,,query_sent,outbound,query_operational_state,pending,,periodic,18,0,,,,,,,
2026-08-30T22:49:25.346-07:00,,link_ack,inbound,query_operational_state,ack,,link_layer,18,,,,,,,,
2026-08-30T22:49:25.471-07:00,,operational_state,inbound,query_operational_state,received,,device_response,19,2,,,2,Running Curtailed,,,
2026-08-30T22:49:25.511-07:00,,query_completed,outbound,query_operational_state,ok,,periodic,18,0,,,,,,,
2026-08-30T22:49:55.567-07:00,,query_sent,outbound,query_operational_state,pending,,periodic,18,0,,,,,,,
2026-08-30T22:49:55.633-07:00,,link_ack,inbound,query_operational_state,ack,,link_layer,18,,,,,,,,
2026-08-30T22:49:55.757-07:00,,operational_state,inbound,query_operational_state,received,,device_response,19,2,,,2,Running Curtailed,,,
2026-08-30T22:49:55.798-07:00,,query_completed,outbound,query_operational_state,ok,,periodic,18,0,,,,,,,
2026-08-30T22:50:24.851-07:00,,query_sent,outbound,get_commodity,pending,,periodic,6,0,,,,,,,
2026-08-30T22:50:24.917-07:00,,link_ack,inbound,get_commodity,ack,,link_layer,6,,,,,,,,
2026-08-30T22:50:25.086-07:00,,intermediate_response,inbound,get_commodity,success,,device_response,6,128,,,,,0,success,
2026-08-30T22:50:25.129-07:00,,query_completed,outbound,get_commodity,ok,,periodic,6,0,,,,,0,success,
2026-08-30T22:50:25.129-07:00,,query_sent,outbound,query_operational_state,pending,,periodic,18,0,,,,,,,
2026-08-30T22:50:25.293-07:00,,link_ack,inbound,query_operational_state,ack,,link_layer,18,,,,,,,,
2026-08-30T22:50:25.416-07:00,,operational_state,inbound,query_operational_state,received,,device_response,19,2,,,2,Running Curtailed,,,
2026-08-30T22:50:25.456-07:00,,query_completed,outbound,query_operational_state,ok,,periodic,18,0,,,,,,,
2026-08-30T22:50:26.456-07:00,auto_outside_comm_heartbeat_19,command_sent,outbound,outside_communication1,pending,0,schedule,14,0,,,,,,,
2026-08-30T22:50:26.519-07:00,,link_ack,inbound,outside_communication,ack,,link_layer,14,,,,,,,,
2026-08-30T22:50:26.643-07:00,,application_ack,inbound,outside_communication,ack,,application_layer,3,14,,,,,,,
2026-08-30T22:50:26.683-07:00,auto_outside_comm_heartbeat_19,command_completed,outbound,outside_communication1,ok,0,schedule,14,0,,,,,,,
2026-08-30T22:50:55.739-07:00,,query_sent,outbound,query_operational_state,pending,,periodic,18,0,,,,,,,
2026-08-30T22:50:55.802-07:00,,link_ack,inbound,query_operational_state,ack,,link_layer,18,,,,,,,,
2026-08-30T22:50:55.926-07:00,,operational_state,inbound,query_operational_state,received,,device_response,19,2,,,2,Running Curtailed,,,
2026-08-30T22:50:55.966-07:00,,query_completed,outbound,query_operational_state,ok,,periodic,18,0,,,,,,,
2026-08-30T22:51:25.018-07:00,,query_sent,outbound,get_commodity,pending,,periodic,6,0,,,,,,,
2026-08-30T22:51:25.085-07:00,,link_ack,inbound,get_commodity,ack,,link_layer,6,,,,,,,,
2026-08-30T22:51:25.255-07:00,,intermediate_response,inbound,get_commodity,success,,device_response,6,128,,,,,0,success,
2026-08-30T22:51:25.298-07:00,,query_completed,outbound,get_commodity,ok,,periodic,6,0,,,,,0,success,
2026-08-30T22:51:25.299-07:00,,query_sent,outbound,query_operational_state,pending,,periodic,18,0,,,,,,,
2026-08-30T22:51:25.461-07:00,,link_ack,inbound,query_operational_state,ack,,link_layer,18,,,,,,,,
2026-08-30T22:51:25.585-07:00,,operational_state,inbound,query_operational_state,received,,device_response,19,2,,,2,Running Curtailed,,,
2026-08-30T22:51:25.626-07:00,,query_completed,outbound,query_operational_state,ok,,periodic,18,0,,,,,,,
2026-08-30T22:51:28.820-07:00,,command_sent,outbound,run_normal,pending,0,shutdown,2,0,,,,,,,
2026-08-30T22:51:28.894-07:00,,link_ack,inbound,run_normal,ack,,link_layer,2,,,,,,,,
2026-08-30T22:51:29.016-07:00,,application_ack,inbound,run_normal,ack,,application_layer,3,2,,,,,,,
2026-08-30T22:51:29.057-07:00,,command_completed,outbound,run_normal,ok,0,shutdown,2,0,,,,,,,
2026-08-30T22:51:29.057-07:00,,command_sent,outbound,outside_communication,pending,0,shutdown,14,0,,,,,,,
2026-08-30T22:51:29.218-07:00,,link_ack,inbound,outside_communication,ack,,link_layer,14,,,,,,,,
2026-08-30T22:51:29.343-07:00,,application_ack,inbound,outside_communication,ack,,application_layer,3,14,,,,,,,
2026-08-30T22:51:29.383-07:00,,command_completed,outbound,outside_communication,ok,0,shutdown,14,0,,,,,,,
2026-08-30T22:51:31.448-07:00,,link_ack,inbound,query_operational_state,ack,,link_layer,18,,,,,,,,
2026-08-30T22:51:31.572-07:00,,operational_state,inbound,query_operational_state,received,,device_response,19,1,,,1,Running Normal,,,
2026-08-30T22:51:31.713-07:00,,controller_stopped,internal,controller,stopped,,controller,,,,,,,,,
