POWER_MONITOR_READY {"output_csv": "/home/pi/conformance_testing_team/saved_data/conformance_runs/WH-3/run_2026_08_04_163018_PDT/power.csv", "timestamp_pacific": "2026-08-04T16:30:19.025-07:00"}
POWER_MONITOR_RECORD {"timestamp_pacific": "2026-08-04T16:30:19.028-07:00", "status": "ok", "reasons": ["initial_sample"]}
POWER_MONITOR_RECORD {"timestamp_pacific": "2026-08-04T16:31:00.257-07:00", "status": "ok", "reasons": ["current_change", "heater_on"]}
POWER_MONITOR_RECORD {"timestamp_pacific": "2026-08-04T16:31:02.270-07:00", "status": "ok", "reasons": ["current_change"]}
POWER_MONITOR_RECORD {"timestamp_pacific": "2026-08-04T16:31:03.276-07:00", "status": "ok", "reasons": ["current_change"]}
POWER_MONITOR_RECORD {"timestamp_pacific": "2026-08-04T16:31:06.295-07:00", "status": "ok", "reasons": ["current_change"]}
POWER_MONITOR_RECORD {"timestamp_pacific": "2026-08-04T16:31:08.307-07:00", "status": "ok", "reasons": ["current_change"]}
POWER_MONITOR_RECORD {"timestamp_pacific": "2026-08-04T16:31:11.329-07:00", "status": "ok", "reasons": ["current_change"]}
POWER_MONITOR_RECORD {"timestamp_pacific": "2026-08-04T16:31:12.336-07:00", "status": "ok", "reasons": ["current_change"]}
POWER_MONITOR_RECORD {"timestamp_pacific": "2026-08-04T16:31:13.342-07:00", "status": "ok", "reasons": ["current_change"]}
POWER_MONITOR_RECORD {"timestamp_pacific": "2026-08-04T16:31:16.361-07:00", "status": "ok", "reasons": ["current_change"]}
POWER_MONITOR_RECORD {"timestamp_pacific": "2026-08-04T16:31:18.376-07:00", "status": "ok", "reasons": ["current_change"]}
POWER_MONITOR_RECORD {"timestamp_pacific": "2026-08-04T16:31:19.383-07:00", "status": "ok", "reasons": ["current_change"]}
POWER_MONITOR_RECORD {"timestamp_pacific": "2026-08-04T16:31:21.395-07:00", "status": "ok", "reasons": ["current_change"]}
POWER_MONITOR_RECORD {"timestamp_pacific": "2026-08-04T16:31:23.411-07:00", "status": "ok", "reasons": ["current_change"]}
POWER_MONITOR_RECORD {"timestamp_pacific": "2026-08-04T16:31:24.418-07:00", "status": "ok", "reasons": ["current_change"]}
POWER_MONITOR_RECORD {"timestamp_pacific": "2026-08-04T16:31:26.431-07:00", "status": "ok", "reasons": ["current_change"]}
POWER_MONITOR_RECORD {"timestamp_pacific": "2026-08-04T16:31:27.440-07:00", "status": "ok", "reasons": ["current_change"]}
POWER_MONITOR_RECORD {"timestamp_pacific": "2026-08-04T16:31:29.452-07:00", "status": "ok", "reasons": ["current_change"]}
POWER_MONITOR_RECORD {"timestamp_pacific": "2026-08-04T16:31:32.471-07:00", "status": "ok", "reasons": ["current_change"]}
POWER_MONITOR_RECORD {"timestamp_pacific": "2026-08-04T16:31:34.483-07:00", "status": "ok", "reasons": ["current_change"]}
POWER_MONITOR_RECORD {"timestamp_pacific": "2026-08-04T16:31:37.502-07:00", "status": "ok", "reasons": ["current_change", "power_change", "voltage_change"]}
POWER_MONITOR_RECORD {"timestamp_pacific": "2026-08-04T16:31:38.508-07:00", "status": "ok", "reasons": ["current_change", "power_change", "voltage_change"]}
POWER_MONITOR_RECORD {"timestamp_pacific": "2026-08-04T16:31:39.515-07:00", "status": "ok", "reasons": ["current_change", "power_change"]}
POWER_MONITOR_RECORD {"timestamp_pacific": "2026-08-04T16:31:40.521-07:00", "status": "ok", "reasons": ["current_change"]}
POWER_MONITOR_RECORD {"timestamp_pacific": "2026-08-04T16:31:41.528-07:00", "status": "ok", "reasons": ["current_change"]}
POWER_MONITOR_RECORD {"timestamp_pacific": "2026-08-04T16:31:42.534-07:00", "status": "ok", "reasons": ["current_change"]}
POWER_MONITOR_RECORD {"timestamp_pacific": "2026-08-04T16:31:43.545-07:00", "status": "ok", "reasons": ["current_change"]}
POWER_MONITOR_RECORD {"timestamp_pacific": "2026-08-04T16:31:44.551-07:00", "status": "ok", "reasons": ["current_change"]}
POWER_MONITOR_RECORD {"timestamp_pacific": "2026-08-04T16:31:45.558-07:00", "status": "ok", "reasons": ["current_change"]}
POWER_MONITOR_RECORD {"timestamp_pacific": "2026-08-04T16:31:46.564-07:00", "status": "ok", "reasons": ["current_change"]}
POWER_MONITOR_RECORD {"timestamp_pacific": "2026-08-04T16:31:47.571-07:00", "status": "ok", "reasons": ["current_change"]}
POWER_MONITOR_RECORD {"timestamp_pacific": "2026-08-04T16:31:48.580-07:00", "status": "ok", "reasons": ["current_change"]}
POWER_MONITOR_RECORD {"timestamp_pacific": "2026-08-04T16:31:49.587-07:00", "status": "ok", "reasons": ["current_change"]}
POWER_MONITOR_RECORD {"timestamp_pacific": "2026-08-04T16:31:50.593-07:00", "status": "ok", "reasons": ["current_change"]}
POWER_MONITOR_RECORD {"timestamp_pacific": "2026-08-04T16:31:51.600-07:00", "status": "ok", "reasons": ["current_change"]}
POWER_MONITOR_RECORD {"timestamp_pacific": "2026-08-04T16:31:52.606-07:00", "status": "ok", "reasons": ["current_change"]}
POWER_MONITOR_RECORD {"timestamp_pacific": "2026-08-04T16:31:53.616-07:00", "status": "ok", "reasons": ["current_change"]}
POWER_MONITOR_RECORD {"timestamp_pacific": "2026-08-04T16:31:54.623-07:00", "status": "ok", "reasons": ["current_change"]}
POWER_MONITOR_RECORD {"timestamp_pacific": "2026-08-04T16:31:55.629-07:00", "status": "ok", "reasons": ["current_change"]}
POWER_MONITOR_RECORD {"timestamp_pacific": "2026-08-04T16:31:56.636-07:00", "status": "ok", "reasons": ["current_change"]}
POWER_MONITOR_RECORD {"timestamp_pacific": "2026-08-04T16:31:57.642-07:00", "status": "ok", "reasons": ["current_change"]}
POWER_MONITOR_RECORD {"timestamp_pacific": "2026-08-04T16:31:59.658-07:00", "status": "ok", "reasons": ["current_change"]}
POWER_MONITOR_RECORD {"timestamp_pacific": "2026-08-04T16:32:01.670-07:00", "status": "ok", "reasons": ["current_change"]}
POWER_MONITOR_RECORD {"timestamp_pacific": "2026-08-04T16:32:03.683-07:00", "status": "ok", "reasons": ["current_change"]}
POWER_MONITOR_RECORD {"timestamp_pacific": "2026-08-04T16:32:04.689-07:00", "status": "ok", "reasons": ["current_change"]}
POWER_MONITOR_RECORD {"timestamp_pacific": "2026-08-04T16:32:05.696-07:00", "status": "ok", "reasons": ["current_change"]}
POWER_MONITOR_RECORD {"timestamp_pacific": "2026-08-04T16:32:06.702-07:00", "status": "ok", "reasons": ["current_change"]}
POWER_MONITOR_RECORD {"timestamp_pacific": "2026-08-04T16:32:07.709-07:00", "status": "ok", "reasons": ["current_change"]}
POWER_MONITOR_RECORD {"timestamp_pacific": "2026-08-04T16:32:08.716-07:00", "status": "ok", "reasons": ["current_change"]}
POWER_MONITOR_RECORD {"timestamp_pacific": "2026-08-04T16:32:09.726-07:00", "status": "ok", "reasons": ["current_change"]}
POWER_MONITOR_RECORD {"timestamp_pacific": "2026-08-04T16:32:12.744-07:00", "status": "ok", "reasons": ["current_change"]}
POWER_MONITOR_RECORD {"timestamp_pacific": "2026-08-04T16:32:13.751-07:00", "status": "ok", "reasons": ["current_change"]}
POWER_MONITOR_RECORD {"timestamp_pacific": "2026-08-04T16:32:14.761-07:00", "status": "ok", "reasons": ["current_change"]}
POWER_MONITOR_RECORD {"timestamp_pacific": "2026-08-04T16:32:15.767-07:00", "status": "ok", "reasons": ["current_change"]}
POWER_MONITOR_RECORD {"timestamp_pacific": "2026-08-04T16:32:16.774-07:00", "status": "ok", "reasons": ["current_change"]}
POWER_MONITOR_RECORD {"timestamp_pacific": "2026-08-04T16:32:18.786-07:00", "status": "ok", "reasons": ["current_change"]}
POWER_MONITOR_RECORD {"timestamp_pacific": "2026-08-04T16:32:19.796-07:00", "status": "ok", "reasons": ["current_change"]}
POWER_MONITOR_RECORD {"timestamp_pacific": "2026-08-04T16:32:23.820-07:00", "status": "ok", "reasons": ["current_change"]}
POWER_MONITOR_RECORD {"timestamp_pacific": "2026-08-04T16:32:24.831-07:00", "status": "ok", "reasons": ["current_change"]}
POWER_MONITOR_RECORD {"timestamp_pacific": "2026-08-04T16:32:25.837-07:00", "status": "ok", "reasons": ["current_change"]}
POWER_MONITOR_RECORD {"timestamp_pacific": "2026-08-04T16:32:27.850-07:00", "status": "ok", "reasons": ["current_change"]}
POWER_MONITOR_RECORD {"timestamp_pacific": "2026-08-04T16:32:28.856-07:00", "status": "ok", "reasons": ["current_change"]}
POWER_MONITOR_RECORD {"timestamp_pacific": "2026-08-04T16:32:29.866-07:00", "status": "ok", "reasons": ["current_change"]}
POWER_MONITOR_RECORD {"timestamp_pacific": "2026-08-04T16:32:31.879-07:00", "status": "ok", "reasons": ["current_change"]}
POWER_MONITOR_RECORD {"timestamp_pacific": "2026-08-04T16:32:32.885-07:00", "status": "ok", "reasons": ["current_change"]}
POWER_MONITOR_RECORD {"timestamp_pacific": "2026-08-04T16:32:33.892-07:00", "status": "ok", "reasons": ["current_change"]}
POWER_MONITOR_RECORD {"timestamp_pacific": "2026-08-04T16:32:35.907-07:00", "status": "ok", "reasons": ["current_change"]}
POWER_MONITOR_RECORD {"timestamp_pacific": "2026-08-04T16:32:37.919-07:00", "status": "ok", "reasons": ["current_change"]}
POWER_MONITOR_RECORD {"timestamp_pacific": "2026-08-04T16:32:39.932-07:00", "status": "ok", "reasons": ["current_change"]}
POWER_MONITOR_RECORD {"timestamp_pacific": "2026-08-04T16:32:40.938-07:00", "status": "ok", "reasons": ["current_change"]}
POWER_MONITOR_RECORD {"timestamp_pacific": "2026-08-04T16:32:41.945-07:00", "status": "ok", "reasons": ["current_change"]}
POWER_MONITOR_RECORD {"timestamp_pacific": "2026-08-04T16:32:42.951-07:00", "status": "ok", "reasons": ["current_change"]}
POWER_MONITOR_RECORD {"timestamp_pacific": "2026-08-04T16:32:43.958-07:00", "status": "ok", "reasons": ["current_change"]}
POWER_MONITOR_RECORD {"timestamp_pacific": "2026-08-04T16:32:44.965-07:00", "status": "ok", "reasons": ["current_change"]}
POWER_MONITOR_RECORD {"timestamp_pacific": "2026-08-04T16:32:45.974-07:00", "status": "ok", "reasons": ["current_change"]}
POWER_MONITOR_RECORD {"timestamp_pacific": "2026-08-04T16:32:47.986-07:00", "status": "ok", "reasons": ["current_change"]}
POWER_MONITOR_RECORD {"timestamp_pacific": "2026-08-04T16:32:51.004-07:00", "status": "ok", "reasons": ["current_change"]}
POWER_MONITOR_RECORD {"timestamp_pacific": "2026-08-04T16:32:53.017-07:00", "status": "ok", "reasons": ["current_change"]}
POWER_MONITOR_RECORD {"timestamp_pacific": "2026-08-04T16:32:54.023-07:00", "status": "ok", "reasons": ["current_change"]}
POWER_MONITOR_RECORD {"timestamp_pacific": "2026-08-04T16:32:55.030-07:00", "status": "ok", "reasons": ["current_change"]}
POWER_MONITOR_RECORD {"timestamp_pacific": "2026-08-04T16:32:57.042-07:00", "status": "ok", "reasons": ["current_change"]}
POWER_MONITOR_RECORD {"timestamp_pacific": "2026-08-04T16:33:00.061-07:00", "status": "ok", "reasons": ["current_change"]}
POWER_MONITOR_RECORD {"timestamp_pacific": "2026-08-04T16:33:01.066-07:00", "status": "ok", "reasons": ["current_change"]}
POWER_MONITOR_RECORD {"timestamp_pacific": "2026-08-04T16:33:03.078-07:00", "status": "ok", "reasons": ["current_change"]}
POWER_MONITOR_RECORD {"timestamp_pacific": "2026-08-04T16:33:07.102-07:00", "status": "ok", "reasons": ["current_change"]}
POWER_MONITOR_RECORD {"timestamp_pacific": "2026-08-04T16:33:08.105-07:00", "status": "ok", "reasons": ["current_change"]}
POWER_MONITOR_RECORD {"timestamp_pacific": "2026-08-04T16:33:09.111-07:00", "status": "ok", "reasons": ["current_change"]}
POWER_MONITOR_RECORD {"timestamp_pacific": "2026-08-04T16:33:10.114-07:00", "status": "ok", "reasons": ["current_change"]}
POWER_MONITOR_RECORD {"timestamp_pacific": "2026-08-04T16:33:11.117-07:00", "status": "ok", "reasons": ["current_change"]}
POWER_MONITOR_RECORD {"timestamp_pacific": "2026-08-04T16:33:12.119-07:00", "status": "ok", "reasons": ["current_change"]}
POWER_MONITOR_RECORD {"timestamp_pacific": "2026-08-04T16:33:13.126-07:00", "status": "ok", "reasons": ["current_change"]}
POWER_MONITOR_RECORD {"timestamp_pacific": "2026-08-04T16:33:14.136-07:00", "status": "ok", "reasons": ["current_change"]}
POWER_MONITOR_RECORD {"timestamp_pacific": "2026-08-04T16:33:15.142-07:00", "status": "ok", "reasons": ["current_change"]}
POWER_MONITOR_RECORD {"timestamp_pacific": "2026-08-04T16:33:16.149-07:00", "status": "ok", "reasons": ["current_change"]}
POWER_MONITOR_RECORD {"timestamp_pacific": "2026-08-04T16:33:17.155-07:00", "status": "ok", "reasons": ["current_change"]}
POWER_MONITOR_RECORD {"timestamp_pacific": "2026-08-04T16:33:18.162-07:00", "status": "ok", "reasons": ["current_change"]}
POWER_MONITOR_RECORD {"timestamp_pacific": "2026-08-04T16:33:20.178-07:00", "status": "ok", "reasons": ["current_change"]}
POWER_MONITOR_RECORD {"timestamp_pacific": "2026-08-04T16:33:21.185-07:00", "status": "ok", "reasons": ["current_change"]}
POWER_MONITOR_RECORD {"timestamp_pacific": "2026-08-04T16:33:22.191-07:00", "status": "ok", "reasons": ["current_change"]}
POWER_MONITOR_RECORD {"timestamp_pacific": "2026-08-04T16:33:24.204-07:00", "status": "ok", "reasons": ["current_change"]}
POWER_MONITOR_RECORD {"timestamp_pacific": "2026-08-04T16:33:26.216-07:00", "status": "ok", "reasons": ["current_change"]}
POWER_MONITOR_RECORD {"timestamp_pacific": "2026-08-04T16:33:32.252-07:00", "status": "ok", "reasons": ["current_change"]}
POWER_MONITOR_RECORD {"timestamp_pacific": "2026-08-04T16:33:33.258-07:00", "status": "ok", "reasons": ["current_change"]}
POWER_MONITOR_RECORD {"timestamp_pacific": "2026-08-04T16:33:34.265-07:00", "status": "ok", "reasons": ["current_change"]}
POWER_MONITOR_RECORD {"timestamp_pacific": "2026-08-04T16:33:35.271-07:00", "status": "ok", "reasons": ["current_change"]}
POWER_MONITOR_RECORD {"timestamp_pacific": "2026-08-04T16:33:37.284-07:00", "status": "ok", "reasons": ["current_change"]}
POWER_MONITOR_RECORD {"timestamp_pacific": "2026-08-04T16:33:40.305-07:00", "status": "ok", "reasons": ["current_change"]}
POWER_MONITOR_RECORD {"timestamp_pacific": "2026-08-04T16:33:41.312-07:00", "status": "ok", "reasons": ["current_change"]}
POWER_MONITOR_RECORD {"timestamp_pacific": "2026-08-04T16:33:42.318-07:00", "status": "ok", "reasons": ["current_change"]}
POWER_MONITOR_RECORD {"timestamp_pacific": "2026-08-04T16:33:45.340-07:00", "status": "ok", "reasons": ["current_change"]}
POWER_MONITOR_RECORD {"timestamp_pacific": "2026-08-04T16:33:48.358-07:00", "status": "ok", "reasons": ["current_change"]}
POWER_MONITOR_RECORD {"timestamp_pacific": "2026-08-04T16:33:49.364-07:00", "status": "ok", "reasons": ["current_change"]}
POWER_MONITOR_RECORD {"timestamp_pacific": "2026-08-04T16:33:50.371-07:00", "status": "ok", "reasons": ["current_change"]}
POWER_MONITOR_RECORD {"timestamp_pacific": "2026-08-04T16:33:51.377-07:00", "status": "ok", "reasons": ["current_change"]}
POWER_MONITOR_RECORD {"timestamp_pacific": "2026-08-04T16:33:52.384-07:00", "status": "ok", "reasons": ["current_change"]}
POWER_MONITOR_RECORD {"timestamp_pacific": "2026-08-04T16:33:53.390-07:00", "status": "ok", "reasons": ["current_change"]}
POWER_MONITOR_RECORD {"timestamp_pacific": "2026-08-04T16:33:54.403-07:00", "status": "ok", "reasons": ["current_change"]}
POWER_MONITOR_RECORD {"timestamp_pacific": "2026-08-04T16:33:55.409-07:00", "status": "ok", "reasons": ["current_change"]}
POWER_MONITOR_RECORD {"timestamp_pacific": "2026-08-04T16:33:56.416-07:00", "status": "ok", "reasons": ["current_change"]}
POWER_MONITOR_RECORD {"timestamp_pacific": "2026-08-04T16:33:57.422-07:00", "status": "ok", "reasons": ["current_change"]}
POWER_MONITOR_RECORD {"timestamp_pacific": "2026-08-04T16:33:59.435-07:00", "status": "ok", "reasons": ["current_change"]}
POWER_MONITOR_RECORD {"timestamp_pacific": "2026-08-04T16:34:02.453-07:00", "status": "ok", "reasons": ["current_change"]}
POWER_MONITOR_RECORD {"timestamp_pacific": "2026-08-04T16:34:03.460-07:00", "status": "ok", "reasons": ["current_change"]}
POWER_MONITOR_RECORD {"timestamp_pacific": "2026-08-04T16:34:04.470-07:00", "status": "ok", "reasons": ["current_change"]}
POWER_MONITOR_RECORD {"timestamp_pacific": "2026-08-04T16:34:06.482-07:00", "status": "ok", "reasons": ["current_change"]}
POWER_MONITOR_RECORD {"timestamp_pacific": "2026-08-04T16:34:07.489-07:00", "status": "ok", "reasons": ["current_change"]}
POWER_MONITOR_RECORD {"timestamp_pacific": "2026-08-04T16:34:09.505-07:00", "status": "ok", "reasons": ["current_change"]}
POWER_MONITOR_RECORD {"timestamp_pacific": "2026-08-04T16:34:11.517-07:00", "status": "ok", "reasons": ["current_change"]}
POWER_MONITOR_RECORD {"timestamp_pacific": "2026-08-04T16:34:14.540-07:00", "status": "ok", "reasons": ["current_change"]}
POWER_MONITOR_RECORD {"timestamp_pacific": "2026-08-04T16:34:16.552-07:00", "status": "ok", "reasons": ["current_change"]}
POWER_MONITOR_RECORD {"timestamp_pacific": "2026-08-04T16:34:19.574-07:00", "status": "ok", "reasons": ["current_change"]}
POWER_MONITOR_RECORD {"timestamp_pacific": "2026-08-04T16:34:20.581-07:00", "status": "ok", "reasons": ["current_change"]}
POWER_MONITOR_RECORD {"timestamp_pacific": "2026-08-04T16:34:22.594-07:00", "status": "ok", "reasons": ["current_change"]}
POWER_MONITOR_RECORD {"timestamp_pacific": "2026-08-04T16:34:23.600-07:00", "status": "ok", "reasons": ["current_change"]}
POWER_MONITOR_RECORD {"timestamp_pacific": "2026-08-04T16:34:24.611-07:00", "status": "ok", "reasons": ["current_change"]}
POWER_MONITOR_RECORD {"timestamp_pacific": "2026-08-04T16:34:25.617-07:00", "status": "ok", "reasons": ["current_change"]}
POWER_MONITOR_RECORD {"timestamp_pacific": "2026-08-04T16:34:27.630-07:00", "status": "ok", "reasons": ["current_change"]}
POWER_MONITOR_RECORD {"timestamp_pacific": "2026-08-04T16:34:29.646-07:00", "status": "ok", "reasons": ["current_change"]}
POWER_MONITOR_RECORD {"timestamp_pacific": "2026-08-04T16:34:30.652-07:00", "status": "ok", "reasons": ["current_change"]}
POWER_MONITOR_RECORD {"timestamp_pacific": "2026-08-04T16:34:32.664-07:00", "status": "ok", "reasons": ["current_change"]}
POWER_MONITOR_RECORD {"timestamp_pacific": "2026-08-04T16:34:33.671-07:00", "status": "ok", "reasons": ["current_change"]}
POWER_MONITOR_RECORD {"timestamp_pacific": "2026-08-04T16:34:35.683-07:00", "status": "ok", "reasons": ["current_change"]}
POWER_MONITOR_RECORD {"timestamp_pacific": "2026-08-04T16:34:37.696-07:00", "status": "ok", "reasons": ["current_change"]}
POWER_MONITOR_RECORD {"timestamp_pacific": "2026-08-04T16:34:38.702-07:00", "status": "ok", "reasons": ["current_change"]}
POWER_MONITOR_RECORD {"timestamp_pacific": "2026-08-04T16:34:39.709-07:00", "status": "ok", "reasons": ["current_change"]}
POWER_MONITOR_RECORD {"timestamp_pacific": "2026-08-04T16:34:40.719-07:00", "status": "ok", "reasons": ["current_change"]}
POWER_MONITOR_RECORD {"timestamp_pacific": "2026-08-04T16:34:41.725-07:00", "status": "ok", "reasons": ["current_change"]}
POWER_MONITOR_RECORD {"timestamp_pacific": "2026-08-04T16:34:43.738-07:00", "status": "ok", "reasons": ["current_change"]}
POWER_MONITOR_RECORD {"timestamp_pacific": "2026-08-04T16:34:46.756-07:00", "status": "ok", "reasons": ["current_change"]}
POWER_MONITOR_RECORD {"timestamp_pacific": "2026-08-04T16:34:49.774-07:00", "status": "ok", "reasons": ["current_change"]}
POWER_MONITOR_RECORD {"timestamp_pacific": "2026-08-04T16:34:50.781-07:00", "status": "ok", "reasons": ["current_change"]}
POWER_MONITOR_RECORD {"timestamp_pacific": "2026-08-04T16:34:52.797-07:00", "status": "ok", "reasons": ["current_change"]}
POWER_MONITOR_RECORD {"timestamp_pacific": "2026-08-04T16:34:55.816-07:00", "status": "ok", "reasons": ["current_change"]}
POWER_MONITOR_RECORD {"timestamp_pacific": "2026-08-04T16:34:56.822-07:00", "status": "ok", "reasons": ["current_change"]}
POWER_MONITOR_RECORD {"timestamp_pacific": "2026-08-04T16:34:57.833-07:00", "status": "ok", "reasons": ["current_change"]}
POWER_MONITOR_RECORD {"timestamp_pacific": "2026-08-04T16:34:59.845-07:00", "status": "ok", "reasons": ["current_change"]}
POWER_MONITOR_RECORD {"timestamp_pacific": "2026-08-04T16:35:00.852-07:00", "status": "ok", "reasons": ["current_change"]}
POWER_MONITOR_RECORD {"timestamp_pacific": "2026-08-04T16:35:01.858-07:00", "status": "ok", "reasons": ["current_change"]}
POWER_MONITOR_RECORD {"timestamp_pacific": "2026-08-04T16:35:02.868-07:00", "status": "ok", "reasons": ["current_change"]}
POWER_MONITOR_RECORD {"timestamp_pacific": "2026-08-04T16:35:03.875-07:00", "status": "ok", "reasons": ["current_change"]}
POWER_MONITOR_RECORD {"timestamp_pacific": "2026-08-04T16:35:04.881-07:00", "status": "ok", "reasons": ["current_change"]}
POWER_MONITOR_RECORD {"timestamp_pacific": "2026-08-04T16:35:05.888-07:00", "status": "ok", "reasons": ["current_change"]}
POWER_MONITOR_RECORD {"timestamp_pacific": "2026-08-04T16:35:06.894-07:00", "status": "ok", "reasons": ["current_change"]}
POWER_MONITOR_RECORD {"timestamp_pacific": "2026-08-04T16:35:07.900-07:00", "status": "ok", "reasons": ["current_change"]}
POWER_MONITOR_RECORD {"timestamp_pacific": "2026-08-04T16:35:08.903-07:00", "status": "ok", "reasons": ["current_change"]}
POWER_MONITOR_RECORD {"timestamp_pacific": "2026-08-04T16:35:09.906-07:00", "status": "ok", "reasons": ["current_change"]}
POWER_MONITOR_RECORD {"timestamp_pacific": "2026-08-04T16:35:10.909-07:00", "status": "ok", "reasons": ["current_change"]}
POWER_MONITOR_RECORD {"timestamp_pacific": "2026-08-04T16:35:11.911-07:00", "status": "ok", "reasons": ["current_change"]}
POWER_MONITOR_RECORD {"timestamp_pacific": "2026-08-04T16:35:12.921-07:00", "status": "ok", "reasons": ["current_change"]}
POWER_MONITOR_RECORD {"timestamp_pacific": "2026-08-04T16:35:13.928-07:00", "status": "ok", "reasons": ["current_change"]}
POWER_MONITOR_RECORD {"timestamp_pacific": "2026-08-04T16:35:14.934-07:00", "status": "ok", "reasons": ["current_change"]}
POWER_MONITOR_RECORD {"timestamp_pacific": "2026-08-04T16:35:16.947-07:00", "status": "ok", "reasons": ["current_change"]}
POWER_MONITOR_RECORD {"timestamp_pacific": "2026-08-04T16:35:18.959-07:00", "status": "ok", "reasons": ["current_change"]}
POWER_MONITOR_RECORD {"timestamp_pacific": "2026-08-04T16:35:20.972-07:00", "status": "ok", "reasons": ["current_change"]}
POWER_MONITOR_RECORD {"timestamp_pacific": "2026-08-04T16:35:21.978-07:00", "status": "ok", "reasons": ["current_change"]}
POWER_MONITOR_RECORD {"timestamp_pacific": "2026-08-04T16:35:22.985-07:00", "status": "ok", "reasons": ["current_change"]}
POWER_MONITOR_RECORD {"timestamp_pacific": "2026-08-04T16:35:24.003-07:00", "status": "ok", "reasons": ["current_change"]}
POWER_MONITOR_RECORD {"timestamp_pacific": "2026-08-04T16:35:26.015-07:00", "status": "ok", "reasons": ["current_change"]}
POWER_MONITOR_RECORD {"timestamp_pacific": "2026-08-04T16:35:27.022-07:00", "status": "ok", "reasons": ["current_change"]}
POWER_MONITOR_RECORD {"timestamp_pacific": "2026-08-04T16:35:28.028-07:00", "status": "ok", "reasons": ["current_change"]}
POWER_MONITOR_RECORD {"timestamp_pacific": "2026-08-04T16:35:29.038-07:00", "status": "ok", "reasons": ["current_change"]}
POWER_MONITOR_RECORD {"timestamp_pacific": "2026-08-04T16:35:31.051-07:00", "status": "ok", "reasons": ["current_change"]}
POWER_MONITOR_RECORD {"timestamp_pacific": "2026-08-04T16:35:32.058-07:00", "status": "ok", "reasons": ["current_change"]}
POWER_MONITOR_RECORD {"timestamp_pacific": "2026-08-04T16:35:35.076-07:00", "status": "ok", "reasons": ["current_change"]}
POWER_MONITOR_RECORD {"timestamp_pacific": "2026-08-04T16:35:36.082-07:00", "status": "ok", "reasons": ["current_change"]}
POWER_MONITOR_RECORD {"timestamp_pacific": "2026-08-04T16:35:37.089-07:00", "status": "ok", "reasons": ["current_change"]}
POWER_MONITOR_RECORD {"timestamp_pacific": "2026-08-04T16:35:38.095-07:00", "status": "ok", "reasons": ["current_change"]}
POWER_MONITOR_RECORD {"timestamp_pacific": "2026-08-04T16:35:39.102-07:00", "status": "ok", "reasons": ["current_change"]}
POWER_MONITOR_RECORD {"timestamp_pacific": "2026-08-04T16:35:40.112-07:00", "status": "ok", "reasons": ["current_change"]}
POWER_MONITOR_RECORD {"timestamp_pacific": "2026-08-04T16:35:42.124-07:00", "status": "ok", "reasons": ["current_change"]}
POWER_MONITOR_RECORD {"timestamp_pacific": "2026-08-04T16:35:44.136-07:00", "status": "ok", "reasons": ["current_change"]}
POWER_MONITOR_RECORD {"timestamp_pacific": "2026-08-04T16:35:45.146-07:00", "status": "ok", "reasons": ["current_change"]}
POWER_MONITOR_RECORD {"timestamp_pacific": "2026-08-04T16:35:47.159-07:00", "status": "ok", "reasons": ["current_change"]}
POWER_MONITOR_RECORD {"timestamp_pacific": "2026-08-04T16:35:48.165-07:00", "status": "ok", "reasons": ["current_change"]}
POWER_MONITOR_RECORD {"timestamp_pacific": "2026-08-04T16:35:49.172-07:00", "status": "ok", "reasons": ["current_change"]}
POWER_MONITOR_RECORD {"timestamp_pacific": "2026-08-04T16:35:50.178-07:00", "status": "ok", "reasons": ["current_change"]}
POWER_MONITOR_RECORD {"timestamp_pacific": "2026-08-04T16:35:51.188-07:00", "status": "ok", "reasons": ["current_change"]}
POWER_MONITOR_RECORD {"timestamp_pacific": "2026-08-04T16:35:54.206-07:00", "status": "ok", "reasons": ["current_change"]}
POWER_MONITOR_RECORD {"timestamp_pacific": "2026-08-04T16:35:55.213-07:00", "status": "ok", "reasons": ["current_change"]}
POWER_MONITOR_RECORD {"timestamp_pacific": "2026-08-04T16:35:56.226-07:00", "status": "ok", "reasons": ["current_change"]}
POWER_MONITOR_RECORD {"timestamp_pacific": "2026-08-04T16:35:58.238-07:00", "status": "ok", "reasons": ["current_change"]}
POWER_MONITOR_RECORD {"timestamp_pacific": "2026-08-04T16:35:59.244-07:00", "status": "ok", "reasons": ["current_change"]}
POWER_MONITOR_RECORD {"timestamp_pacific": "2026-08-04T16:36:00.251-07:00", "status": "ok", "reasons": ["current_change"]}
POWER_MONITOR_RECORD {"timestamp_pacific": "2026-08-04T16:36:01.258-07:00", "status": "ok", "reasons": ["current_change"]}
POWER_MONITOR_RECORD {"timestamp_pacific": "2026-08-04T16:36:02.264-07:00", "status": "ok", "reasons": ["current_change"]}
POWER_MONITOR_RECORD {"timestamp_pacific": "2026-08-04T16:36:03.271-07:00", "status": "ok", "reasons": ["current_change"]}
POWER_MONITOR_RECORD {"timestamp_pacific": "2026-08-04T16:36:05.283-07:00", "status": "ok", "reasons": ["current_change"]}
POWER_MONITOR_RECORD {"timestamp_pacific": "2026-08-04T16:36:06.291-07:00", "status": "ok", "reasons": ["current_change"]}
POWER_MONITOR_RECORD {"timestamp_pacific": "2026-08-04T16:36:07.297-07:00", "status": "ok", "reasons": ["current_change"]}
POWER_MONITOR_RECORD {"timestamp_pacific": "2026-08-04T16:36:08.304-07:00", "status": "ok", "reasons": ["current_change"]}
POWER_MONITOR_RECORD {"timestamp_pacific": "2026-08-04T16:36:09.310-07:00", "status": "ok", "reasons": ["current_change"]}
POWER_MONITOR_RECORD {"timestamp_pacific": "2026-08-04T16:36:10.317-07:00", "status": "ok", "reasons": ["current_change"]}
POWER_MONITOR_RECORD {"timestamp_pacific": "2026-08-04T16:36:12.331-07:00", "status": "ok", "reasons": ["current_change"]}
POWER_MONITOR_RECORD {"timestamp_pacific": "2026-08-04T16:36:13.337-07:00", "status": "ok", "reasons": ["current_change"]}
POWER_MONITOR_RECORD {"timestamp_pacific": "2026-08-04T16:36:15.350-07:00", "status": "ok", "reasons": ["current_change"]}
POWER_MONITOR_RECORD {"timestamp_pacific": "2026-08-04T16:36:16.358-07:00", "status": "ok", "reasons": ["current_change"]}
POWER_MONITOR_RECORD {"timestamp_pacific": "2026-08-04T16:36:21.388-07:00", "status": "ok", "reasons": ["current_change"]}
POWER_MONITOR_RECORD {"timestamp_pacific": "2026-08-04T16:36:23.400-07:00", "status": "ok", "reasons": ["current_change"]}
POWER_MONITOR_RECORD {"timestamp_pacific": "2026-08-04T16:36:24.407-07:00", "status": "ok", "reasons": ["current_change"]}
POWER_MONITOR_RECORD {"timestamp_pacific": "2026-08-04T16:36:25.413-07:00", "status": "ok", "reasons": ["current_change"]}
POWER_MONITOR_RECORD {"timestamp_pacific": "2026-08-04T16:36:27.426-07:00", "status": "ok", "reasons": ["current_change"]}
POWER_MONITOR_RECORD {"timestamp_pacific": "2026-08-04T16:36:28.432-07:00", "status": "ok", "reasons": ["current_change"]}
POWER_MONITOR_RECORD {"timestamp_pacific": "2026-08-04T16:36:31.450-07:00", "status": "ok", "reasons": ["current_change"]}
POWER_MONITOR_RECORD {"timestamp_pacific": "2026-08-04T16:36:32.457-07:00", "status": "ok", "reasons": ["current_change"]}
POWER_MONITOR_RECORD {"timestamp_pacific": "2026-08-04T16:36:33.466-07:00", "status": "ok", "reasons": ["current_change"]}
POWER_MONITOR_RECORD {"timestamp_pacific": "2026-08-04T16:36:34.472-07:00", "status": "ok", "reasons": ["current_change"]}
POWER_MONITOR_RECORD {"timestamp_pacific": "2026-08-04T16:36:37.490-07:00", "status": "ok", "reasons": ["current_change"]}
POWER_MONITOR_RECORD {"timestamp_pacific": "2026-08-04T16:36:39.504-07:00", "status": "ok", "reasons": ["current_change"]}
POWER_MONITOR_RECORD {"timestamp_pacific": "2026-08-04T16:36:41.516-07:00", "status": "ok", "reasons": ["current_change"]}
POWER_MONITOR_RECORD {"timestamp_pacific": "2026-08-04T16:36:42.523-07:00", "status": "ok", "reasons": ["current_change"]}
POWER_MONITOR_RECORD {"timestamp_pacific": "2026-08-04T16:36:43.531-07:00", "status": "ok", "reasons": ["current_change"]}
POWER_MONITOR_RECORD {"timestamp_pacific": "2026-08-04T16:36:49.567-07:00", "status": "ok", "reasons": ["current_change"]}
POWER_MONITOR_RECORD {"timestamp_pacific": "2026-08-04T16:36:50.574-07:00", "status": "ok", "reasons": ["current_change"]}
POWER_MONITOR_RECORD {"timestamp_pacific": "2026-08-04T16:36:54.598-07:00", "status": "ok", "reasons": ["current_change"]}
POWER_MONITOR_RECORD {"timestamp_pacific": "2026-08-04T16:36:55.613-07:00", "status": "ok", "reasons": ["current_change"]}
POWER_MONITOR_RECORD {"timestamp_pacific": "2026-08-04T16:36:57.625-07:00", "status": "ok", "reasons": ["current_change"]}
POWER_MONITOR_RECORD {"timestamp_pacific": "2026-08-04T16:36:58.631-07:00", "status": "ok", "reasons": ["current_change"]}
POWER_MONITOR_RECORD {"timestamp_pacific": "2026-08-04T16:36:59.638-07:00", "status": "ok", "reasons": ["current_change"]}
POWER_MONITOR_RECORD {"timestamp_pacific": "2026-08-04T16:37:01.652-07:00", "status": "ok", "reasons": ["current_change"]}
POWER_MONITOR_RECORD {"timestamp_pacific": "2026-08-04T16:37:03.664-07:00", "status": "ok", "reasons": ["current_change"]}
POWER_MONITOR_RECORD {"timestamp_pacific": "2026-08-04T16:37:05.677-07:00", "status": "ok", "reasons": ["current_change"]}
POWER_MONITOR_RECORD {"timestamp_pacific": "2026-08-04T16:37:06.683-07:00", "status": "ok", "reasons": ["current_change"]}
POWER_MONITOR_RECORD {"timestamp_pacific": "2026-08-04T16:37:07.690-07:00", "status": "ok", "reasons": ["current_change"]}
POWER_MONITOR_RECORD {"timestamp_pacific": "2026-08-04T16:37:09.695-07:00", "status": "ok", "reasons": ["current_change"]}
POWER_MONITOR_RECORD {"timestamp_pacific": "2026-08-04T16:37:10.698-07:00", "status": "ok", "reasons": ["current_change"]}
POWER_MONITOR_RECORD {"timestamp_pacific": "2026-08-04T16:37:13.711-07:00", "status": "ok", "reasons": ["current_change"]}
POWER_MONITOR_RECORD {"timestamp_pacific": "2026-08-04T16:37:14.717-07:00", "status": "ok", "reasons": ["current_change"]}
POWER_MONITOR_RECORD {"timestamp_pacific": "2026-08-04T16:37:15.724-07:00", "status": "ok", "reasons": ["current_change"]}
POWER_MONITOR_RECORD {"timestamp_pacific": "2026-08-04T16:37:16.732-07:00", "status": "ok", "reasons": ["current_change"]}
POWER_MONITOR_RECORD {"timestamp_pacific": "2026-08-04T16:37:17.738-07:00", "status": "ok", "reasons": ["current_change"]}
POWER_MONITOR_RECORD {"timestamp_pacific": "2026-08-04T16:37:20.756-07:00", "status": "ok", "reasons": ["current_change"]}
POWER_MONITOR_RECORD {"timestamp_pacific": "2026-08-04T16:37:22.771-07:00", "status": "ok", "reasons": ["current_change"]}
POWER_MONITOR_RECORD {"timestamp_pacific": "2026-08-04T16:37:23.777-07:00", "status": "ok", "reasons": ["current_change"]}
POWER_MONITOR_RECORD {"timestamp_pacific": "2026-08-04T16:37:24.784-07:00", "status": "ok", "reasons": ["current_change"]}
POWER_MONITOR_RECORD {"timestamp_pacific": "2026-08-04T16:37:28.808-07:00", "status": "ok", "reasons": ["current_change"]}
POWER_MONITOR_RECORD {"timestamp_pacific": "2026-08-04T16:37:29.814-07:00", "status": "ok", "reasons": ["current_change"]}
POWER_MONITOR_RECORD {"timestamp_pacific": "2026-08-04T16:37:30.821-07:00", "status": "ok", "reasons": ["current_change"]}
POWER_MONITOR_RECORD {"timestamp_pacific": "2026-08-04T16:37:31.827-07:00", "status": "ok", "reasons": ["current_change"]}
POWER_MONITOR_RECORD {"timestamp_pacific": "2026-08-04T16:37:32.834-07:00", "status": "ok", "reasons": ["current_change"]}
POWER_MONITOR_RECORD {"timestamp_pacific": "2026-08-04T16:37:33.840-07:00", "status": "ok", "reasons": ["current_change"]}
POWER_MONITOR_RECORD {"timestamp_pacific": "2026-08-04T16:37:34.848-07:00", "status": "ok", "reasons": ["current_change"]}
POWER_MONITOR_RECORD {"timestamp_pacific": "2026-08-04T16:37:35.855-07:00", "status": "ok", "reasons": ["current_change"]}
POWER_MONITOR_RECORD {"timestamp_pacific": "2026-08-04T16:37:36.861-07:00", "status": "ok", "reasons": ["current_change"]}
POWER_MONITOR_RECORD {"timestamp_pacific": "2026-08-04T16:37:37.868-07:00", "status": "ok", "reasons": ["current_change"]}
POWER_MONITOR_RECORD {"timestamp_pacific": "2026-08-04T16:37:38.874-07:00", "status": "ok", "reasons": ["current_change"]}
POWER_MONITOR_RECORD {"timestamp_pacific": "2026-08-04T16:37:40.888-07:00", "status": "ok", "reasons": ["current_change"]}
POWER_MONITOR_RECORD {"timestamp_pacific": "2026-08-04T16:37:41.895-07:00", "status": "ok", "reasons": ["current_change"]}
POWER_MONITOR_RECORD {"timestamp_pacific": "2026-08-04T16:37:43.907-07:00", "status": "ok", "reasons": ["current_change"]}
POWER_MONITOR_RECORD {"timestamp_pacific": "2026-08-04T16:37:44.916-07:00", "status": "ok", "reasons": ["current_change"]}
POWER_MONITOR_RECORD {"timestamp_pacific": "2026-08-04T16:37:45.922-07:00", "status": "ok", "reasons": ["current_change"]}
POWER_MONITOR_RECORD {"timestamp_pacific": "2026-08-04T16:37:46.929-07:00", "status": "ok", "reasons": ["current_change"]}
POWER_MONITOR_RECORD {"timestamp_pacific": "2026-08-04T16:37:47.935-07:00", "status": "ok", "reasons": ["current_change"]}
POWER_MONITOR_RECORD {"timestamp_pacific": "2026-08-04T16:37:52.965-07:00", "status": "ok", "reasons": ["current_change"]}
POWER_MONITOR_RECORD {"timestamp_pacific": "2026-08-04T16:37:53.972-07:00", "status": "ok", "reasons": ["current_change"]}
POWER_MONITOR_RECORD {"timestamp_pacific": "2026-08-04T16:37:54.978-07:00", "status": "ok", "reasons": ["current_change"]}
POWER_MONITOR_RECORD {"timestamp_pacific": "2026-08-04T16:37:56.991-07:00", "status": "ok", "reasons": ["current_change"]}
POWER_MONITOR_RECORD {"timestamp_pacific": "2026-08-04T16:37:57.999-07:00", "status": "ok", "reasons": ["current_change"]}
POWER_MONITOR_RECORD {"timestamp_pacific": "2026-08-04T16:38:00.011-07:00", "status": "ok", "reasons": ["current_change"]}
POWER_MONITOR_RECORD {"timestamp_pacific": "2026-08-04T16:38:01.019-07:00", "status": "ok", "reasons": ["current_change"]}
POWER_MONITOR_RECORD {"timestamp_pacific": "2026-08-04T16:38:02.026-07:00", "status": "ok", "reasons": ["current_change"]}
POWER_MONITOR_RECORD {"timestamp_pacific": "2026-08-04T16:38:03.033-07:00", "status": "ok", "reasons": ["current_change"]}
POWER_MONITOR_RECORD {"timestamp_pacific": "2026-08-04T16:38:04.040-07:00", "status": "ok", "reasons": ["current_change"]}
POWER_MONITOR_RECORD {"timestamp_pacific": "2026-08-04T16:38:05.046-07:00", "status": "ok", "reasons": ["current_change"]}
POWER_MONITOR_RECORD {"timestamp_pacific": "2026-08-04T16:38:06.053-07:00", "status": "ok", "reasons": ["current_change"]}
POWER_MONITOR_RECORD {"timestamp_pacific": "2026-08-04T16:38:09.064-07:00", "status": "ok", "reasons": ["current_change"]}
POWER_MONITOR_RECORD {"timestamp_pacific": "2026-08-04T16:38:15.090-07:00", "status": "ok", "reasons": ["current_change"]}
POWER_MONITOR_RECORD {"timestamp_pacific": "2026-08-04T16:38:19.114-07:00", "status": "ok", "reasons": ["current_change"]}
POWER_MONITOR_RECORD {"timestamp_pacific": "2026-08-04T16:38:20.120-07:00", "status": "ok", "reasons": ["current_change"]}
POWER_MONITOR_RECORD {"timestamp_pacific": "2026-08-04T16:38:24.145-07:00", "status": "ok", "reasons": ["current_change"]}
POWER_MONITOR_RECORD {"timestamp_pacific": "2026-08-04T16:38:25.152-07:00", "status": "ok", "reasons": ["current_change"]}
POWER_MONITOR_RECORD {"timestamp_pacific": "2026-08-04T16:38:27.165-07:00", "status": "ok", "reasons": ["current_change"]}
POWER_MONITOR_RECORD {"timestamp_pacific": "2026-08-04T16:38:30.183-07:00", "status": "ok", "reasons": ["current_change"]}
POWER_MONITOR_RECORD {"timestamp_pacific": "2026-08-04T16:38:36.220-07:00", "status": "ok", "reasons": ["current_change"]}
POWER_MONITOR_RECORD {"timestamp_pacific": "2026-08-04T16:38:37.227-07:00", "status": "ok", "reasons": ["current_change"]}
POWER_MONITOR_RECORD {"timestamp_pacific": "2026-08-04T16:38:38.234-07:00", "status": "ok", "reasons": ["current_change"]}
POWER_MONITOR_RECORD {"timestamp_pacific": "2026-08-04T16:38:41.252-07:00", "status": "ok", "reasons": ["current_change"]}
POWER_MONITOR_RECORD {"timestamp_pacific": "2026-08-04T16:38:42.260-07:00", "status": "ok", "reasons": ["current_change"]}
POWER_MONITOR_RECORD {"timestamp_pacific": "2026-08-04T16:38:43.266-07:00", "status": "ok", "reasons": ["current_change"]}
POWER_MONITOR_RECORD {"timestamp_pacific": "2026-08-04T16:38:45.279-07:00", "status": "ok", "reasons": ["current_change"]}
POWER_MONITOR_RECORD {"timestamp_pacific": "2026-08-04T16:38:49.304-07:00", "status": "ok", "reasons": ["current_change"]}
POWER_MONITOR_RECORD {"timestamp_pacific": "2026-08-04T16:38:50.310-07:00", "status": "ok", "reasons": ["current_change"]}
POWER_MONITOR_RECORD {"timestamp_pacific": "2026-08-04T16:38:51.317-07:00", "status": "ok", "reasons": ["current_change"]}
POWER_MONITOR_RECORD {"timestamp_pacific": "2026-08-04T16:38:52.323-07:00", "status": "ok", "reasons": ["current_change"]}
POWER_MONITOR_RECORD {"timestamp_pacific": "2026-08-04T16:38:53.330-07:00", "status": "ok", "reasons": ["current_change"]}
POWER_MONITOR_RECORD {"timestamp_pacific": "2026-08-04T16:38:55.347-07:00", "status": "ok", "reasons": ["current_change"]}
POWER_MONITOR_RECORD {"timestamp_pacific": "2026-08-04T16:38:56.354-07:00", "status": "ok", "reasons": ["current_change"]}
POWER_MONITOR_RECORD {"timestamp_pacific": "2026-08-04T16:38:57.360-07:00", "status": "ok", "reasons": ["current_change"]}
POWER_MONITOR_RECORD {"timestamp_pacific": "2026-08-04T16:38:59.372-07:00", "status": "ok", "reasons": ["current_change"]}
POWER_MONITOR_RECORD {"timestamp_pacific": "2026-08-04T16:39:00.379-07:00", "status": "ok", "reasons": ["current_change"]}
POWER_MONITOR_RECORD {"timestamp_pacific": "2026-08-04T16:39:01.386-07:00", "status": "ok", "reasons": ["current_change"]}
POWER_MONITOR_RECORD {"timestamp_pacific": "2026-08-04T16:39:02.392-07:00", "status": "ok", "reasons": ["current_change"]}
POWER_MONITOR_RECORD {"timestamp_pacific": "2026-08-04T16:39:03.399-07:00", "status": "ok", "reasons": ["current_change"]}
POWER_MONITOR_RECORD {"timestamp_pacific": "2026-08-04T16:39:04.405-07:00", "status": "ok", "reasons": ["current_change"]}
POWER_MONITOR_RECORD {"timestamp_pacific": "2026-08-04T16:39:06.419-07:00", "status": "ok", "reasons": ["current_change"]}
POWER_MONITOR_RECORD {"timestamp_pacific": "2026-08-04T16:39:08.431-07:00", "status": "ok", "reasons": ["current_change"]}
POWER_MONITOR_RECORD {"timestamp_pacific": "2026-08-04T16:39:09.438-07:00", "status": "ok", "reasons": ["current_change"]}
POWER_MONITOR_RECORD {"timestamp_pacific": "2026-08-04T16:39:10.446-07:00", "status": "ok", "reasons": ["current_change"]}
POWER_MONITOR_RECORD {"timestamp_pacific": "2026-08-04T16:39:12.458-07:00", "status": "ok", "reasons": ["current_change"]}
POWER_MONITOR_RECORD {"timestamp_pacific": "2026-08-04T16:39:14.470-07:00", "status": "ok", "reasons": ["current_change"]}
POWER_MONITOR_RECORD {"timestamp_pacific": "2026-08-04T16:39:15.478-07:00", "status": "ok", "reasons": ["current_change"]}
POWER_MONITOR_RECORD {"timestamp_pacific": "2026-08-04T16:39:17.491-07:00", "status": "ok", "reasons": ["current_change"]}
POWER_MONITOR_RECORD {"timestamp_pacific": "2026-08-04T16:39:18.497-07:00", "status": "ok", "reasons": ["current_change"]}
POWER_MONITOR_RECORD {"timestamp_pacific": "2026-08-04T16:39:19.504-07:00", "status": "ok", "reasons": ["current_change"]}
POWER_MONITOR_RECORD {"timestamp_pacific": "2026-08-04T16:39:25.541-07:00", "status": "ok", "reasons": ["current_change"]}
POWER_MONITOR_RECORD {"timestamp_pacific": "2026-08-04T16:39:34.595-07:00", "status": "ok", "reasons": ["current_change"]}
POWER_MONITOR_RECORD {"timestamp_pacific": "2026-08-04T16:39:41.636-07:00", "status": "ok", "reasons": ["current_change"]}
POWER_MONITOR_RECORD {"timestamp_pacific": "2026-08-04T16:39:42.643-07:00", "status": "ok", "reasons": ["current_change"]}
POWER_MONITOR_RECORD {"timestamp_pacific": "2026-08-04T16:39:44.655-07:00", "status": "ok", "reasons": ["current_change"]}
POWER_MONITOR_RECORD {"timestamp_pacific": "2026-08-04T16:39:51.697-07:00", "status": "ok", "reasons": ["current_change"]}
POWER_MONITOR_RECORD {"timestamp_pacific": "2026-08-04T16:39:52.703-07:00", "status": "ok", "reasons": ["current_change"]}
POWER_MONITOR_RECORD {"timestamp_pacific": "2026-08-04T16:39:54.716-07:00", "status": "ok", "reasons": ["current_change"]}
POWER_MONITOR_RECORD {"timestamp_pacific": "2026-08-04T16:39:56.728-07:00", "status": "ok", "reasons": ["current_change"]}
POWER_MONITOR_RECORD {"timestamp_pacific": "2026-08-04T16:39:58.743-07:00", "status": "ok", "reasons": ["current_change"]}
POWER_MONITOR_RECORD {"timestamp_pacific": "2026-08-04T16:40:01.762-07:00", "status": "ok", "reasons": ["current_change"]}
POWER_MONITOR_RECORD {"timestamp_pacific": "2026-08-04T16:40:02.768-07:00", "status": "ok", "reasons": ["current_change"]}
POWER_MONITOR_RECORD {"timestamp_pacific": "2026-08-04T16:40:04.781-07:00", "status": "ok", "reasons": ["current_change"]}
POWER_MONITOR_RECORD {"timestamp_pacific": "2026-08-04T16:40:05.787-07:00", "status": "ok", "reasons": ["current_change"]}
POWER_MONITOR_RECORD {"timestamp_pacific": "2026-08-04T16:40:07.802-07:00", "status": "ok", "reasons": ["current_change"]}
POWER_MONITOR_RECORD {"timestamp_pacific": "2026-08-04T16:40:08.805-07:00", "status": "ok", "reasons": ["current_change"]}
POWER_MONITOR_RECORD {"timestamp_pacific": "2026-08-04T16:40:09.807-07:00", "status": "ok", "reasons": ["current_change"]}
POWER_MONITOR_RECORD {"timestamp_pacific": "2026-08-04T16:40:10.810-07:00", "status": "ok", "reasons": ["current_change"]}
POWER_MONITOR_RECORD {"timestamp_pacific": "2026-08-04T16:40:11.813-07:00", "status": "ok", "reasons": ["current_change"]}
POWER_MONITOR_RECORD {"timestamp_pacific": "2026-08-04T16:40:12.816-07:00", "status": "ok", "reasons": ["current_change"]}
POWER_MONITOR_RECORD {"timestamp_pacific": "2026-08-04T16:40:15.834-07:00", "status": "ok", "reasons": ["current_change"]}
POWER_MONITOR_RECORD {"timestamp_pacific": "2026-08-04T16:40:17.846-07:00", "status": "ok", "reasons": ["current_change"]}
POWER_MONITOR_RECORD {"timestamp_pacific": "2026-08-04T16:40:21.872-07:00", "status": "ok", "reasons": ["current_change"]}
POWER_MONITOR_RECORD {"timestamp_pacific": "2026-08-04T16:40:23.884-07:00", "status": "ok", "reasons": ["current_change"]}
POWER_MONITOR_RECORD {"timestamp_pacific": "2026-08-04T16:40:25.898-07:00", "status": "ok", "reasons": ["current_change"]}
POWER_MONITOR_RECORD {"timestamp_pacific": "2026-08-04T16:40:26.905-07:00", "status": "ok", "reasons": ["current_change"]}
POWER_MONITOR_RECORD {"timestamp_pacific": "2026-08-04T16:40:27.912-07:00", "status": "ok", "reasons": ["current_change"]}
POWER_MONITOR_RECORD {"timestamp_pacific": "2026-08-04T16:40:28.918-07:00", "status": "ok", "reasons": ["current_change"]}
POWER_MONITOR_RECORD {"timestamp_pacific": "2026-08-04T16:40:29.926-07:00", "status": "ok", "reasons": ["current_change"]}
POWER_MONITOR_RECORD {"timestamp_pacific": "2026-08-04T16:40:31.939-07:00", "status": "ok", "reasons": ["current_change"]}
POWER_MONITOR_RECORD {"timestamp_pacific": "2026-08-04T16:40:32.945-07:00", "status": "ok", "reasons": ["current_change"]}
POWER_MONITOR_RECORD {"timestamp_pacific": "2026-08-04T16:40:33.952-07:00", "status": "ok", "reasons": ["current_change"]}
POWER_MONITOR_RECORD {"timestamp_pacific": "2026-08-04T16:40:35.965-07:00", "status": "ok", "reasons": ["current_change"]}
POWER_MONITOR_RECORD {"timestamp_pacific": "2026-08-04T16:40:36.972-07:00", "status": "ok", "reasons": ["current_change"]}
POWER_MONITOR_RECORD {"timestamp_pacific": "2026-08-04T16:40:37.978-07:00", "status": "ok", "reasons": ["current_change"]}
POWER_MONITOR_RECORD {"timestamp_pacific": "2026-08-04T16:40:42.002-07:00", "status": "ok", "reasons": ["current_change"]}
POWER_MONITOR_RECORD {"timestamp_pacific": "2026-08-04T16:40:44.015-07:00", "status": "ok", "reasons": ["current_change"]}
POWER_MONITOR_RECORD {"timestamp_pacific": "2026-08-04T16:40:46.027-07:00", "status": "ok", "reasons": ["current_change"]}
POWER_MONITOR_RECORD {"timestamp_pacific": "2026-08-04T16:40:47.034-07:00", "status": "ok", "reasons": ["current_change"]}
POWER_MONITOR_RECORD {"timestamp_pacific": "2026-08-04T16:40:51.059-07:00", "status": "ok", "reasons": ["current_change"]}
POWER_MONITOR_RECORD {"timestamp_pacific": "2026-08-04T16:40:52.066-07:00", "status": "ok", "reasons": ["current_change"]}
POWER_MONITOR_RECORD {"timestamp_pacific": "2026-08-04T16:40:53.074-07:00", "status": "ok", "reasons": ["current_change"]}
POWER_MONITOR_RECORD {"timestamp_pacific": "2026-08-04T16:40:54.080-07:00", "status": "ok", "reasons": ["current_change"]}
POWER_MONITOR_RECORD {"timestamp_pacific": "2026-08-04T16:40:55.087-07:00", "status": "ok", "reasons": ["current_change"]}
POWER_MONITOR_RECORD {"timestamp_pacific": "2026-08-04T16:40:59.111-07:00", "status": "ok", "reasons": ["current_change"]}
POWER_MONITOR_RECORD {"timestamp_pacific": "2026-08-04T16:41:01.122-07:00", "status": "ok", "reasons": ["current_change"]}
POWER_MONITOR_RECORD {"timestamp_pacific": "2026-08-04T16:41:02.128-07:00", "status": "ok", "reasons": ["current_change"]}
POWER_MONITOR_RECORD {"timestamp_pacific": "2026-08-04T16:41:03.135-07:00", "status": "ok", "reasons": ["current_change"]}
POWER_MONITOR_RECORD {"timestamp_pacific": "2026-08-04T16:41:06.153-07:00", "status": "ok", "reasons": ["current_change"]}
POWER_MONITOR_RECORD {"timestamp_pacific": "2026-08-04T16:41:08.162-07:00", "status": "ok", "reasons": ["current_change"]}
POWER_MONITOR_RECORD {"timestamp_pacific": "2026-08-04T16:41:12.172-07:00", "status": "ok", "reasons": ["current_change"]}
POWER_MONITOR_RECORD {"timestamp_pacific": "2026-08-04T16:41:15.190-07:00", "status": "ok", "reasons": ["current_change"]}
POWER_MONITOR_RECORD {"timestamp_pacific": "2026-08-04T16:41:17.202-07:00", "status": "ok", "reasons": ["current_change"]}
POWER_MONITOR_RECORD {"timestamp_pacific": "2026-08-04T16:41:18.211-07:00", "status": "ok", "reasons": ["current_change"]}
POWER_MONITOR_RECORD {"timestamp_pacific": "2026-08-04T16:41:20.223-07:00", "status": "ok", "reasons": ["current_change"]}
POWER_MONITOR_RECORD {"timestamp_pacific": "2026-08-04T16:41:24.247-07:00", "status": "ok", "reasons": ["current_change"]}
POWER_MONITOR_RECORD {"timestamp_pacific": "2026-08-04T16:41:25.254-07:00", "status": "ok", "reasons": ["current_change"]}
POWER_MONITOR_RECORD {"timestamp_pacific": "2026-08-04T16:41:27.266-07:00", "status": "ok", "reasons": ["current_change"]}
POWER_MONITOR_RECORD {"timestamp_pacific": "2026-08-04T16:41:28.272-07:00", "status": "ok", "reasons": ["current_change"]}
POWER_MONITOR_RECORD {"timestamp_pacific": "2026-08-04T16:41:29.279-07:00", "status": "ok", "reasons": ["current_change"]}
POWER_MONITOR_RECORD {"timestamp_pacific": "2026-08-04T16:41:30.287-07:00", "status": "ok", "reasons": ["current_change"]}
POWER_MONITOR_RECORD {"timestamp_pacific": "2026-08-04T16:41:37.329-07:00", "status": "ok", "reasons": ["current_change"]}
POWER_MONITOR_RECORD {"timestamp_pacific": "2026-08-04T16:41:38.336-07:00", "status": "ok", "reasons": ["current_change"]}
POWER_MONITOR_RECORD {"timestamp_pacific": "2026-08-04T16:41:39.342-07:00", "status": "ok", "reasons": ["current_change"]}
POWER_MONITOR_RECORD {"timestamp_pacific": "2026-08-04T16:41:41.354-07:00", "status": "ok", "reasons": ["current_change"]}
POWER_MONITOR_RECORD {"timestamp_pacific": "2026-08-04T16:41:42.362-07:00", "status": "ok", "reasons": ["current_change"]}
POWER_MONITOR_RECORD {"timestamp_pacific": "2026-08-04T16:41:43.369-07:00", "status": "ok", "reasons": ["current_change"]}
POWER_MONITOR_RECORD {"timestamp_pacific": "2026-08-04T16:41:45.381-07:00", "status": "ok", "reasons": ["current_change"]}
POWER_MONITOR_RECORD {"timestamp_pacific": "2026-08-04T16:41:47.394-07:00", "status": "ok", "reasons": ["current_change"]}
POWER_MONITOR_RECORD {"timestamp_pacific": "2026-08-04T16:41:49.407-07:00", "status": "ok", "reasons": ["current_change"]}
POWER_MONITOR_RECORD {"timestamp_pacific": "2026-08-04T16:41:53.431-07:00", "status": "ok", "reasons": ["current_change"]}
POWER_MONITOR_RECORD {"timestamp_pacific": "2026-08-04T16:41:56.450-07:00", "status": "ok", "reasons": ["current_change"]}
POWER_MONITOR_RECORD {"timestamp_pacific": "2026-08-04T16:41:57.456-07:00", "status": "ok", "reasons": ["current_change"]}
POWER_MONITOR_RECORD {"timestamp_pacific": "2026-08-04T16:41:58.463-07:00", "status": "ok", "reasons": ["current_change"]}
POWER_MONITOR_RECORD {"timestamp_pacific": "2026-08-04T16:42:01.483-07:00", "status": "ok", "reasons": ["current_change"]}
POWER_MONITOR_RECORD {"timestamp_pacific": "2026-08-04T16:42:03.496-07:00", "status": "ok", "reasons": ["current_change"]}
POWER_MONITOR_RECORD {"timestamp_pacific": "2026-08-04T16:42:04.504-07:00", "status": "ok", "reasons": ["current_change"]}
POWER_MONITOR_RECORD {"timestamp_pacific": "2026-08-04T16:42:06.516-07:00", "status": "ok", "reasons": ["current_change"]}
POWER_MONITOR_RECORD {"timestamp_pacific": "2026-08-04T16:42:08.525-07:00", "status": "ok", "reasons": ["current_change"]}
POWER_MONITOR_RECORD {"timestamp_pacific": "2026-08-04T16:42:09.528-07:00", "status": "ok", "reasons": ["current_change"]}
POWER_MONITOR_RECORD {"timestamp_pacific": "2026-08-04T16:42:11.533-07:00", "status": "ok", "reasons": ["current_change"]}
POWER_MONITOR_RECORD {"timestamp_pacific": "2026-08-04T16:42:12.536-07:00", "status": "ok", "reasons": ["current_change"]}
POWER_MONITOR_RECORD {"timestamp_pacific": "2026-08-04T16:42:15.554-07:00", "status": "ok", "reasons": ["current_change"]}
POWER_MONITOR_RECORD {"timestamp_pacific": "2026-08-04T16:42:22.595-07:00", "status": "ok", "reasons": ["current_change"]}
POWER_MONITOR_RECORD {"timestamp_pacific": "2026-08-04T16:42:26.619-07:00", "status": "ok", "reasons": ["current_change"]}
POWER_MONITOR_RECORD {"timestamp_pacific": "2026-08-04T16:42:27.626-07:00", "status": "ok", "reasons": ["current_change"]}
POWER_MONITOR_RECORD {"timestamp_pacific": "2026-08-04T16:42:30.645-07:00", "status": "ok", "reasons": ["current_change"]}
POWER_MONITOR_RECORD {"timestamp_pacific": "2026-08-04T16:42:32.658-07:00", "status": "ok", "reasons": ["current_change"]}
POWER_MONITOR_RECORD {"timestamp_pacific": "2026-08-04T16:42:33.666-07:00", "status": "ok", "reasons": ["current_change"]}
POWER_MONITOR_RECORD {"timestamp_pacific": "2026-08-04T16:42:34.673-07:00", "status": "ok", "reasons": ["current_change"]}
POWER_MONITOR_RECORD {"timestamp_pacific": "2026-08-04T16:42:36.685-07:00", "status": "ok", "reasons": ["current_change"]}
POWER_MONITOR_RECORD {"timestamp_pacific": "2026-08-04T16:42:37.692-07:00", "status": "ok", "reasons": ["current_change"]}
POWER_MONITOR_RECORD {"timestamp_pacific": "2026-08-04T16:42:38.699-07:00", "status": "ok", "reasons": ["current_change"]}
POWER_MONITOR_RECORD {"timestamp_pacific": "2026-08-04T16:42:41.718-07:00", "status": "ok", "reasons": ["current_change"]}
POWER_MONITOR_RECORD {"timestamp_pacific": "2026-08-04T16:42:44.736-07:00", "status": "ok", "reasons": ["current_change"]}
POWER_MONITOR_RECORD {"timestamp_pacific": "2026-08-04T16:42:45.742-07:00", "status": "ok", "reasons": ["current_change"]}
POWER_MONITOR_RECORD {"timestamp_pacific": "2026-08-04T16:42:47.755-07:00", "status": "ok", "reasons": ["current_change"]}
POWER_MONITOR_RECORD {"timestamp_pacific": "2026-08-04T16:42:48.762-07:00", "status": "ok", "reasons": ["current_change"]}
POWER_MONITOR_RECORD {"timestamp_pacific": "2026-08-04T16:42:53.792-07:00", "status": "ok", "reasons": ["current_change"]}
POWER_MONITOR_RECORD {"timestamp_pacific": "2026-08-04T16:42:55.805-07:00", "status": "ok", "reasons": ["current_change"]}
POWER_MONITOR_RECORD {"timestamp_pacific": "2026-08-04T16:42:57.817-07:00", "status": "ok", "reasons": ["current_change"]}
POWER_MONITOR_RECORD {"timestamp_pacific": "2026-08-04T16:42:59.829-07:00", "status": "ok", "reasons": ["current_change"]}
POWER_MONITOR_RECORD {"timestamp_pacific": "2026-08-04T16:43:01.842-07:00", "status": "ok", "reasons": ["current_change"]}
POWER_MONITOR_RECORD {"timestamp_pacific": "2026-08-04T16:43:02.850-07:00", "status": "ok", "reasons": ["current_change"]}
POWER_MONITOR_RECORD {"timestamp_pacific": "2026-08-04T16:43:03.857-07:00", "status": "ok", "reasons": ["current_change"]}
POWER_MONITOR_RECORD {"timestamp_pacific": "2026-08-04T16:43:04.864-07:00", "status": "ok", "reasons": ["current_change"]}
POWER_MONITOR_RECORD {"timestamp_pacific": "2026-08-04T16:43:10.885-07:00", "status": "ok", "reasons": ["current_change"]}
POWER_MONITOR_RECORD {"timestamp_pacific": "2026-08-04T16:43:11.888-07:00", "status": "ok", "reasons": ["current_change"]}
POWER_MONITOR_RECORD {"timestamp_pacific": "2026-08-04T16:43:12.894-07:00", "status": "ok", "reasons": ["current_change"]}
POWER_MONITOR_RECORD {"timestamp_pacific": "2026-08-04T16:43:14.907-07:00", "status": "ok", "reasons": ["current_change"]}
POWER_MONITOR_RECORD {"timestamp_pacific": "2026-08-04T16:43:16.919-07:00", "status": "ok", "reasons": ["current_change"]}
POWER_MONITOR_RECORD {"timestamp_pacific": "2026-08-04T16:43:25.973-07:00", "status": "ok", "reasons": ["current_change"]}
POWER_MONITOR_RECORD {"timestamp_pacific": "2026-08-04T16:43:27.986-07:00", "status": "ok", "reasons": ["current_change"]}
POWER_MONITOR_RECORD {"timestamp_pacific": "2026-08-04T16:43:31.004-07:00", "status": "ok", "reasons": ["current_change"]}
POWER_MONITOR_RECORD {"timestamp_pacific": "2026-08-04T16:43:33.017-07:00", "status": "ok", "reasons": ["current_change"]}
POWER_MONITOR_RECORD {"timestamp_pacific": "2026-08-04T16:43:36.036-07:00", "status": "ok", "reasons": ["current_change"]}
POWER_MONITOR_RECORD {"timestamp_pacific": "2026-08-04T16:43:38.049-07:00", "status": "ok", "reasons": ["current_change"]}
POWER_MONITOR_RECORD {"timestamp_pacific": "2026-08-04T16:43:39.056-07:00", "status": "ok", "reasons": ["current_change"]}
POWER_MONITOR_RECORD {"timestamp_pacific": "2026-08-04T16:43:40.062-07:00", "status": "ok", "reasons": ["current_change"]}
POWER_MONITOR_RECORD {"timestamp_pacific": "2026-08-04T16:43:42.075-07:00", "status": "ok", "reasons": ["current_change"]}
POWER_MONITOR_RECORD {"timestamp_pacific": "2026-08-04T16:43:44.087-07:00", "status": "ok", "reasons": ["current_change"]}
POWER_MONITOR_RECORD {"timestamp_pacific": "2026-08-04T16:43:45.094-07:00", "status": "ok", "reasons": ["current_change"]}
POWER_MONITOR_RECORD {"timestamp_pacific": "2026-08-04T16:43:47.108-07:00", "status": "ok", "reasons": ["current_change"]}
POWER_MONITOR_RECORD {"timestamp_pacific": "2026-08-04T16:43:50.126-07:00", "status": "ok", "reasons": ["current_change"]}
POWER_MONITOR_RECORD {"timestamp_pacific": "2026-08-04T16:43:54.150-07:00", "status": "ok", "reasons": ["current_change"]}
POWER_MONITOR_RECORD {"timestamp_pacific": "2026-08-04T16:44:02.197-07:00", "status": "ok", "reasons": ["current_change"]}
POWER_MONITOR_RECORD {"timestamp_pacific": "2026-08-04T16:44:05.215-07:00", "status": "ok", "reasons": ["current_change"]}
POWER_MONITOR_RECORD {"timestamp_pacific": "2026-08-04T16:44:10.245-07:00", "status": "ok", "reasons": ["current_change"]}
POWER_MONITOR_RECORD {"timestamp_pacific": "2026-08-04T16:44:14.269-07:00", "status": "ok", "reasons": ["current_change"]}
POWER_MONITOR_RECORD {"timestamp_pacific": "2026-08-04T16:44:15.276-07:00", "status": "ok", "reasons": ["current_change"]}
POWER_MONITOR_RECORD {"timestamp_pacific": "2026-08-04T16:44:16.283-07:00", "status": "ok", "reasons": ["current_change"]}
POWER_MONITOR_RECORD {"timestamp_pacific": "2026-08-04T16:44:17.289-07:00", "status": "ok", "reasons": ["current_change"]}
POWER_MONITOR_RECORD {"timestamp_pacific": "2026-08-04T16:44:21.313-07:00", "status": "ok", "reasons": ["current_change"]}
POWER_MONITOR_RECORD {"timestamp_pacific": "2026-08-04T16:44:22.320-07:00", "status": "ok", "reasons": ["current_change"]}
POWER_MONITOR_RECORD {"timestamp_pacific": "2026-08-04T16:44:23.327-07:00", "status": "ok", "reasons": ["current_change"]}
POWER_MONITOR_RECORD {"timestamp_pacific": "2026-08-04T16:44:25.339-07:00", "status": "ok", "reasons": ["current_change"]}
POWER_MONITOR_RECORD {"timestamp_pacific": "2026-08-04T16:44:27.351-07:00", "status": "ok", "reasons": ["current_change"]}
POWER_MONITOR_RECORD {"timestamp_pacific": "2026-08-04T16:44:28.358-07:00", "status": "ok", "reasons": ["current_change"]}
POWER_MONITOR_RECORD {"timestamp_pacific": "2026-08-04T16:44:30.370-07:00", "status": "ok", "reasons": ["current_change"]}
POWER_MONITOR_RECORD {"timestamp_pacific": "2026-08-04T16:44:32.383-07:00", "status": "ok", "reasons": ["current_change"]}
POWER_MONITOR_RECORD {"timestamp_pacific": "2026-08-04T16:44:33.389-07:00", "status": "ok", "reasons": ["current_change"]}
POWER_MONITOR_RECORD {"timestamp_pacific": "2026-08-04T16:44:35.402-07:00", "status": "ok", "reasons": ["current_change"]}
POWER_MONITOR_RECORD {"timestamp_pacific": "2026-08-04T16:44:36.408-07:00", "status": "ok", "reasons": ["current_change"]}
POWER_MONITOR_RECORD {"timestamp_pacific": "2026-08-04T16:44:37.415-07:00", "status": "ok", "reasons": ["current_change"]}
POWER_MONITOR_RECORD {"timestamp_pacific": "2026-08-04T16:44:38.422-07:00", "status": "ok", "reasons": ["current_change"]}
POWER_MONITOR_RECORD {"timestamp_pacific": "2026-08-04T16:44:41.440-07:00", "status": "ok", "reasons": ["current_change"]}
POWER_MONITOR_RECORD {"timestamp_pacific": "2026-08-04T16:44:45.464-07:00", "status": "ok", "reasons": ["current_change"]}
POWER_MONITOR_RECORD {"timestamp_pacific": "2026-08-04T16:44:47.476-07:00", "status": "ok", "reasons": ["current_change"]}
POWER_MONITOR_RECORD {"timestamp_pacific": "2026-08-04T16:44:50.495-07:00", "status": "ok", "reasons": ["current_change"]}
POWER_MONITOR_RECORD {"timestamp_pacific": "2026-08-04T16:44:51.501-07:00", "status": "ok", "reasons": ["current_change"]}
POWER_MONITOR_RECORD {"timestamp_pacific": "2026-08-04T16:45:07.596-07:00", "status": "ok", "reasons": ["current_change"]}
POWER_MONITOR_RECORD {"timestamp_pacific": "2026-08-04T16:45:11.606-07:00", "status": "ok", "reasons": ["current_change"]}
POWER_MONITOR_RECORD {"timestamp_pacific": "2026-08-04T16:45:12.608-07:00", "status": "ok", "reasons": ["current_change"]}
POWER_MONITOR_RECORD {"timestamp_pacific": "2026-08-04T16:45:13.615-07:00", "status": "ok", "reasons": ["current_change"]}
POWER_MONITOR_RECORD {"timestamp_pacific": "2026-08-04T16:45:14.621-07:00", "status": "ok", "reasons": ["current_change"]}
POWER_MONITOR_RECORD {"timestamp_pacific": "2026-08-04T16:45:15.628-07:00", "status": "ok", "reasons": ["current_change"]}
POWER_MONITOR_RECORD {"timestamp_pacific": "2026-08-04T16:45:26.693-07:00", "status": "ok", "reasons": ["current_change"]}
POWER_MONITOR_RECORD {"timestamp_pacific": "2026-08-04T16:45:28.705-07:00", "status": "ok", "reasons": ["current_change"]}
POWER_MONITOR_RECORD {"timestamp_pacific": "2026-08-04T16:45:30.718-07:00", "status": "ok", "reasons": ["current_change"]}
POWER_MONITOR_RECORD {"timestamp_pacific": "2026-08-04T16:45:31.724-07:00", "status": "ok", "reasons": ["current_change"]}
POWER_MONITOR_RECORD {"timestamp_pacific": "2026-08-04T16:45:32.732-07:00", "status": "ok", "reasons": ["current_change"]}
POWER_MONITOR_RECORD {"timestamp_pacific": "2026-08-04T16:45:33.739-07:00", "status": "ok", "reasons": ["current_change"]}
POWER_MONITOR_RECORD {"timestamp_pacific": "2026-08-04T16:45:34.745-07:00", "status": "ok", "reasons": ["current_change"]}
POWER_MONITOR_RECORD {"timestamp_pacific": "2026-08-04T16:45:36.760-07:00", "status": "ok", "reasons": ["current_change"]}
POWER_MONITOR_RECORD {"timestamp_pacific": "2026-08-04T16:45:37.766-07:00", "status": "ok", "reasons": ["current_change"]}
POWER_MONITOR_RECORD {"timestamp_pacific": "2026-08-04T16:45:38.773-07:00", "status": "ok", "reasons": ["current_change"]}
POWER_MONITOR_RECORD {"timestamp_pacific": "2026-08-04T16:45:39.779-07:00", "status": "ok", "reasons": ["current_change"]}
POWER_MONITOR_RECORD {"timestamp_pacific": "2026-08-04T16:45:40.786-07:00", "status": "ok", "reasons": ["current_change"]}
POWER_MONITOR_RECORD {"timestamp_pacific": "2026-08-04T16:45:43.804-07:00", "status": "ok", "reasons": ["current_change"]}
POWER_MONITOR_RECORD {"timestamp_pacific": "2026-08-04T16:45:49.840-07:00", "status": "ok", "reasons": ["current_change"]}
POWER_MONITOR_RECORD {"timestamp_pacific": "2026-08-04T16:45:51.854-07:00", "status": "ok", "reasons": ["current_change"]}
POWER_MONITOR_RECORD {"timestamp_pacific": "2026-08-04T16:45:57.890-07:00", "status": "ok", "reasons": ["current_change"]}
POWER_MONITOR_RECORD {"timestamp_pacific": "2026-08-04T16:45:59.902-07:00", "status": "ok", "reasons": ["current_change"]}
POWER_MONITOR_RECORD {"timestamp_pacific": "2026-08-04T16:46:01.915-07:00", "status": "ok", "reasons": ["current_change"]}
POWER_MONITOR_RECORD {"timestamp_pacific": "2026-08-04T16:46:02.921-07:00", "status": "ok", "reasons": ["current_change"]}
POWER_MONITOR_RECORD {"timestamp_pacific": "2026-08-04T16:46:06.947-07:00", "status": "ok", "reasons": ["current_change"]}
POWER_MONITOR_RECORD {"timestamp_pacific": "2026-08-04T16:46:08.952-07:00", "status": "ok", "reasons": ["current_change"]}
POWER_MONITOR_RECORD {"timestamp_pacific": "2026-08-04T16:46:10.957-07:00", "status": "ok", "reasons": ["current_change"]}
POWER_MONITOR_RECORD {"timestamp_pacific": "2026-08-04T16:46:11.960-07:00", "status": "ok", "reasons": ["current_change"]}
POWER_MONITOR_RECORD {"timestamp_pacific": "2026-08-04T16:46:17.996-07:00", "status": "ok", "reasons": ["current_change"]}
POWER_MONITOR_RECORD {"timestamp_pacific": "2026-08-04T16:46:19.002-07:00", "status": "ok", "reasons": ["current_change"]}
POWER_MONITOR_RECORD {"timestamp_pacific": "2026-08-04T16:46:20.008-07:00", "status": "ok", "reasons": ["current_change"]}
POWER_MONITOR_RECORD {"timestamp_pacific": "2026-08-04T16:46:21.015-07:00", "status": "ok", "reasons": ["current_change"]}
POWER_MONITOR_RECORD {"timestamp_pacific": "2026-08-04T16:46:24.033-07:00", "status": "ok", "reasons": ["current_change"]}
POWER_MONITOR_RECORD {"timestamp_pacific": "2026-08-04T16:46:35.098-07:00", "status": "ok", "reasons": ["current_change"]}
POWER_MONITOR_RECORD {"timestamp_pacific": "2026-08-04T16:46:36.104-07:00", "status": "ok", "reasons": ["current_change"]}
POWER_MONITOR_RECORD {"timestamp_pacific": "2026-08-04T16:46:38.117-07:00", "status": "ok", "reasons": ["current_change"]}
POWER_MONITOR_RECORD {"timestamp_pacific": "2026-08-04T16:46:39.123-07:00", "status": "ok", "reasons": ["current_change"]}
POWER_MONITOR_RECORD {"timestamp_pacific": "2026-08-04T16:46:42.141-07:00", "status": "ok", "reasons": ["current_change"]}
POWER_MONITOR_RECORD {"timestamp_pacific": "2026-08-04T16:46:44.154-07:00", "status": "ok", "reasons": ["current_change"]}
POWER_MONITOR_RECORD {"timestamp_pacific": "2026-08-04T16:46:45.160-07:00", "status": "ok", "reasons": ["current_change"]}
POWER_MONITOR_RECORD {"timestamp_pacific": "2026-08-04T16:46:46.167-07:00", "status": "ok", "reasons": ["current_change"]}
POWER_MONITOR_RECORD {"timestamp_pacific": "2026-08-04T16:46:47.173-07:00", "status": "ok", "reasons": ["current_change"]}
POWER_MONITOR_RECORD {"timestamp_pacific": "2026-08-04T16:46:50.203-07:00", "status": "ok", "reasons": ["current_change"]}
POWER_MONITOR_RECORD {"timestamp_pacific": "2026-08-04T16:46:51.209-07:00", "status": "ok", "reasons": ["current_change"]}
POWER_MONITOR_RECORD {"timestamp_pacific": "2026-08-04T16:46:52.216-07:00", "status": "ok", "reasons": ["current_change"]}
POWER_MONITOR_RECORD {"timestamp_pacific": "2026-08-04T16:46:54.229-07:00", "status": "ok", "reasons": ["current_change"]}
POWER_MONITOR_RECORD {"timestamp_pacific": "2026-08-04T16:46:55.235-07:00", "status": "ok", "reasons": ["current_change"]}
POWER_MONITOR_RECORD {"timestamp_pacific": "2026-08-04T16:46:57.248-07:00", "status": "ok", "reasons": ["current_change"]}
POWER_MONITOR_RECORD {"timestamp_pacific": "2026-08-04T16:47:00.268-07:00", "status": "ok", "reasons": ["current_change"]}
POWER_MONITOR_RECORD {"timestamp_pacific": "2026-08-04T16:47:04.292-07:00", "status": "ok", "reasons": ["current_change"]}
POWER_MONITOR_RECORD {"timestamp_pacific": "2026-08-04T16:47:06.304-07:00", "status": "ok", "reasons": ["current_change"]}
POWER_MONITOR_RECORD {"timestamp_pacific": "2026-08-04T16:47:07.311-07:00", "status": "ok", "reasons": ["current_change"]}
POWER_MONITOR_RECORD {"timestamp_pacific": "2026-08-04T16:47:09.316-07:00", "status": "ok", "reasons": ["current_change"]}
POWER_MONITOR_RECORD {"timestamp_pacific": "2026-08-04T16:47:14.336-07:00", "status": "ok", "reasons": ["current_change"]}
POWER_MONITOR_RECORD {"timestamp_pacific": "2026-08-04T16:47:16.349-07:00", "status": "ok", "reasons": ["current_change"]}
POWER_MONITOR_RECORD {"timestamp_pacific": "2026-08-04T16:47:18.362-07:00", "status": "ok", "reasons": ["current_change"]}
POWER_MONITOR_RECORD {"timestamp_pacific": "2026-08-04T16:47:20.374-07:00", "status": "ok", "reasons": ["current_change"]}
POWER_MONITOR_RECORD {"timestamp_pacific": "2026-08-04T16:47:22.387-07:00", "status": "ok", "reasons": ["current_change"]}
POWER_MONITOR_RECORD {"timestamp_pacific": "2026-08-04T16:47:23.393-07:00", "status": "ok", "reasons": ["current_change"]}
POWER_MONITOR_RECORD {"timestamp_pacific": "2026-08-04T16:47:24.400-07:00", "status": "ok", "reasons": ["current_change"]}
POWER_MONITOR_RECORD {"timestamp_pacific": "2026-08-04T16:47:26.412-07:00", "status": "ok", "reasons": ["current_change"]}
POWER_MONITOR_RECORD {"timestamp_pacific": "2026-08-04T16:47:27.419-07:00", "status": "ok", "reasons": ["current_change"]}
POWER_MONITOR_RECORD {"timestamp_pacific": "2026-08-04T16:47:29.431-07:00", "status": "ok", "reasons": ["current_change"]}
POWER_MONITOR_RECORD {"timestamp_pacific": "2026-08-04T16:47:31.444-07:00", "status": "ok", "reasons": ["current_change"]}
POWER_MONITOR_RECORD {"timestamp_pacific": "2026-08-04T16:47:32.452-07:00", "status": "ok", "reasons": ["current_change"]}
POWER_MONITOR_RECORD {"timestamp_pacific": "2026-08-04T16:47:34.465-07:00", "status": "ok", "reasons": ["current_change"]}
POWER_MONITOR_RECORD {"timestamp_pacific": "2026-08-04T16:47:36.478-07:00", "status": "ok", "reasons": ["current_change"]}
POWER_MONITOR_RECORD {"timestamp_pacific": "2026-08-04T16:47:37.485-07:00", "status": "ok", "reasons": ["current_change"]}
POWER_MONITOR_RECORD {"timestamp_pacific": "2026-08-04T16:47:38.492-07:00", "status": "ok", "reasons": ["current_change"]}
POWER_MONITOR_RECORD {"timestamp_pacific": "2026-08-04T16:47:39.498-07:00", "status": "ok", "reasons": ["current_change"]}
POWER_MONITOR_RECORD {"timestamp_pacific": "2026-08-04T16:47:40.505-07:00", "status": "ok", "reasons": ["current_change"]}
POWER_MONITOR_RECORD {"timestamp_pacific": "2026-08-04T16:47:41.511-07:00", "status": "ok", "reasons": ["current_change"]}
POWER_MONITOR_RECORD {"timestamp_pacific": "2026-08-04T16:47:43.525-07:00", "status": "ok", "reasons": ["current_change"]}
POWER_MONITOR_RECORD {"timestamp_pacific": "2026-08-04T16:47:44.531-07:00", "status": "ok", "reasons": ["current_change"]}
POWER_MONITOR_RECORD {"timestamp_pacific": "2026-08-04T16:47:46.544-07:00", "status": "ok", "reasons": ["current_change"]}
POWER_MONITOR_RECORD {"timestamp_pacific": "2026-08-04T16:47:48.558-07:00", "status": "ok", "reasons": ["current_change"]}
POWER_MONITOR_RECORD {"timestamp_pacific": "2026-08-04T16:47:50.570-07:00", "status": "ok", "reasons": ["current_change"]}
POWER_MONITOR_RECORD {"timestamp_pacific": "2026-08-04T16:47:51.577-07:00", "status": "ok", "reasons": ["current_change"]}
POWER_MONITOR_RECORD {"timestamp_pacific": "2026-08-04T16:47:53.589-07:00", "status": "ok", "reasons": ["current_change"]}
POWER_MONITOR_RECORD {"timestamp_pacific": "2026-08-04T16:47:54.596-07:00", "status": "ok", "reasons": ["current_change"]}
POWER_MONITOR_RECORD {"timestamp_pacific": "2026-08-04T16:47:56.608-07:00", "status": "ok", "reasons": ["current_change"]}
POWER_MONITOR_RECORD {"timestamp_pacific": "2026-08-04T16:47:57.616-07:00", "status": "ok", "reasons": ["current_change"]}
POWER_MONITOR_RECORD {"timestamp_pacific": "2026-08-04T16:47:59.628-07:00", "status": "ok", "reasons": ["current_change"]}
POWER_MONITOR_RECORD {"timestamp_pacific": "2026-08-04T16:48:01.641-07:00", "status": "ok", "reasons": ["current_change"]}
POWER_MONITOR_RECORD {"timestamp_pacific": "2026-08-04T16:48:02.649-07:00", "status": "ok", "reasons": ["current_change"]}
POWER_MONITOR_RECORD {"timestamp_pacific": "2026-08-04T16:48:05.667-07:00", "status": "ok", "reasons": ["current_change"]}
POWER_MONITOR_RECORD {"timestamp_pacific": "2026-08-04T16:48:06.674-07:00", "status": "ok", "reasons": ["current_change"]}
POWER_MONITOR_RECORD {"timestamp_pacific": "2026-08-04T16:48:07.682-07:00", "status": "ok", "reasons": ["current_change"]}
POWER_MONITOR_RECORD {"timestamp_pacific": "2026-08-04T16:48:08.685-07:00", "status": "ok", "reasons": ["current_change"]}
POWER_MONITOR_RECORD {"timestamp_pacific": "2026-08-04T16:48:09.688-07:00", "status": "ok", "reasons": ["current_change"]}
POWER_MONITOR_RECORD {"timestamp_pacific": "2026-08-04T16:48:13.701-07:00", "status": "ok", "reasons": ["current_change"]}
POWER_MONITOR_RECORD {"timestamp_pacific": "2026-08-04T16:48:14.708-07:00", "status": "ok", "reasons": ["current_change"]}
POWER_MONITOR_RECORD {"timestamp_pacific": "2026-08-04T16:48:28.790-07:00", "status": "ok", "reasons": ["current_change"]}
POWER_MONITOR_RECORD {"timestamp_pacific": "2026-08-04T16:48:29.797-07:00", "status": "ok", "reasons": ["current_change"]}
POWER_MONITOR_RECORD {"timestamp_pacific": "2026-08-04T16:48:30.803-07:00", "status": "ok", "reasons": ["current_change"]}
POWER_MONITOR_RECORD {"timestamp_pacific": "2026-08-04T16:48:31.810-07:00", "status": "ok", "reasons": ["current_change"]}
POWER_MONITOR_RECORD {"timestamp_pacific": "2026-08-04T16:48:32.817-07:00", "status": "ok", "reasons": ["current_change"]}
POWER_MONITOR_RECORD {"timestamp_pacific": "2026-08-04T16:48:34.829-07:00", "status": "ok", "reasons": ["current_change"]}
POWER_MONITOR_RECORD {"timestamp_pacific": "2026-08-04T16:48:37.848-07:00", "status": "ok", "reasons": ["current_change"]}
POWER_MONITOR_RECORD {"timestamp_pacific": "2026-08-04T16:48:38.855-07:00", "status": "ok", "reasons": ["current_change"]}
POWER_MONITOR_RECORD {"timestamp_pacific": "2026-08-04T16:48:40.867-07:00", "status": "ok", "reasons": ["current_change"]}
POWER_MONITOR_RECORD {"timestamp_pacific": "2026-08-04T16:48:44.891-07:00", "status": "ok", "reasons": ["current_change"]}
POWER_MONITOR_RECORD {"timestamp_pacific": "2026-08-04T16:48:52.939-07:00", "status": "ok", "reasons": ["current_change"]}
POWER_MONITOR_RECORD {"timestamp_pacific": "2026-08-04T16:48:53.945-07:00", "status": "ok", "reasons": ["current_change"]}
POWER_MONITOR_RECORD {"timestamp_pacific": "2026-08-04T16:48:55.958-07:00", "status": "ok", "reasons": ["current_change"]}
POWER_MONITOR_RECORD {"timestamp_pacific": "2026-08-04T16:48:56.964-07:00", "status": "ok", "reasons": ["current_change"]}
POWER_MONITOR_RECORD {"timestamp_pacific": "2026-08-04T16:48:57.971-07:00", "status": "ok", "reasons": ["current_change"]}
POWER_MONITOR_RECORD {"timestamp_pacific": "2026-08-04T16:49:01.997-07:00", "status": "ok", "reasons": ["current_change"]}
POWER_MONITOR_RECORD {"timestamp_pacific": "2026-08-04T16:49:04.009-07:00", "status": "ok", "reasons": ["current_change"]}
POWER_MONITOR_RECORD {"timestamp_pacific": "2026-08-04T16:49:05.016-07:00", "status": "ok", "reasons": ["current_change"]}
POWER_MONITOR_RECORD {"timestamp_pacific": "2026-08-04T16:49:10.035-07:00", "status": "ok", "reasons": ["current_change"]}
POWER_MONITOR_RECORD {"timestamp_pacific": "2026-08-04T16:49:11.038-07:00", "status": "ok", "reasons": ["current_change"]}
POWER_MONITOR_RECORD {"timestamp_pacific": "2026-08-04T16:49:12.041-07:00", "status": "ok", "reasons": ["current_change"]}
POWER_MONITOR_RECORD {"timestamp_pacific": "2026-08-04T16:49:13.047-07:00", "status": "ok", "reasons": ["current_change"]}
POWER_MONITOR_RECORD {"timestamp_pacific": "2026-08-04T16:49:15.061-07:00", "status": "ok", "reasons": ["current_change"]}
POWER_MONITOR_RECORD {"timestamp_pacific": "2026-08-04T16:49:19.085-07:00", "status": "ok", "reasons": ["current_change"]}
POWER_MONITOR_RECORD {"timestamp_pacific": "2026-08-04T16:49:21.097-07:00", "status": "ok", "reasons": ["current_change"]}
POWER_MONITOR_RECORD {"timestamp_pacific": "2026-08-04T16:49:35.180-07:00", "status": "ok", "reasons": ["current_change"]}
POWER_MONITOR_RECORD {"timestamp_pacific": "2026-08-04T16:49:36.186-07:00", "status": "ok", "reasons": ["current_change"]}
POWER_MONITOR_RECORD {"timestamp_pacific": "2026-08-04T16:49:37.193-07:00", "status": "ok", "reasons": ["current_change"]}
POWER_MONITOR_RECORD {"timestamp_pacific": "2026-08-04T16:49:38.199-07:00", "status": "ok", "reasons": ["current_change"]}
POWER_MONITOR_RECORD {"timestamp_pacific": "2026-08-04T16:49:39.206-07:00", "status": "ok", "reasons": ["current_change"]}
POWER_MONITOR_RECORD {"timestamp_pacific": "2026-08-04T16:49:40.213-07:00", "status": "ok", "reasons": ["current_change"]}
POWER_MONITOR_RECORD {"timestamp_pacific": "2026-08-04T16:49:43.232-07:00", "status": "ok", "reasons": ["current_change"]}
POWER_MONITOR_RECORD {"timestamp_pacific": "2026-08-04T16:49:48.262-07:00", "status": "ok", "reasons": ["current_change"]}
POWER_MONITOR_RECORD {"timestamp_pacific": "2026-08-04T16:49:49.268-07:00", "status": "ok", "reasons": ["current_change"]}
POWER_MONITOR_RECORD {"timestamp_pacific": "2026-08-04T16:49:55.304-07:00", "status": "ok", "reasons": ["current_change"]}
POWER_MONITOR_RECORD {"timestamp_pacific": "2026-08-04T16:49:59.328-07:00", "status": "ok", "reasons": ["current_change"]}
POWER_MONITOR_RECORD {"timestamp_pacific": "2026-08-04T16:50:00.334-07:00", "status": "ok", "reasons": ["current_change"]}
POWER_MONITOR_RECORD {"timestamp_pacific": "2026-08-04T16:50:01.341-07:00", "status": "ok", "reasons": ["current_change"]}
POWER_MONITOR_RECORD {"timestamp_pacific": "2026-08-04T16:50:02.347-07:00", "status": "ok", "reasons": ["current_change"]}
POWER_MONITOR_RECORD {"timestamp_pacific": "2026-08-04T16:50:06.372-07:00", "status": "ok", "reasons": ["current_change"]}
POWER_MONITOR_RECORD {"timestamp_pacific": "2026-08-04T16:50:07.378-07:00", "status": "ok", "reasons": ["current_change"]}
POWER_MONITOR_RECORD {"timestamp_pacific": "2026-08-04T16:50:08.381-07:00", "status": "ok", "reasons": ["current_change"]}
POWER_MONITOR_RECORD {"timestamp_pacific": "2026-08-04T16:50:12.391-07:00", "status": "ok", "reasons": ["current_change"]}
POWER_MONITOR_RECORD {"timestamp_pacific": "2026-08-04T16:50:15.409-07:00", "status": "ok", "reasons": ["current_change"]}
POWER_MONITOR_RECORD {"timestamp_pacific": "2026-08-04T16:50:17.422-07:00", "status": "ok", "reasons": ["current_change"]}
POWER_MONITOR_RECORD {"timestamp_pacific": "2026-08-04T16:50:18.429-07:00", "status": "ok", "reasons": ["current_change"]}
POWER_MONITOR_RECORD {"timestamp_pacific": "2026-08-04T16:50:19.436-07:00", "status": "ok", "reasons": ["current_change"]}
POWER_MONITOR_RECORD {"timestamp_pacific": "2026-08-04T16:50:21.448-07:00", "status": "ok", "reasons": ["current_change"]}
POWER_MONITOR_RECORD {"timestamp_pacific": "2026-08-04T16:50:22.455-07:00", "status": "ok", "reasons": ["current_change"]}
POWER_MONITOR_RECORD {"timestamp_pacific": "2026-08-04T16:50:26.481-07:00", "status": "ok", "reasons": ["current_change"]}
POWER_MONITOR_RECORD {"timestamp_pacific": "2026-08-04T16:50:28.493-07:00", "status": "ok", "reasons": ["current_change"]}
POWER_MONITOR_RECORD {"timestamp_pacific": "2026-08-04T16:50:30.505-07:00", "status": "ok", "reasons": ["current_change"]}
POWER_MONITOR_RECORD {"timestamp_pacific": "2026-08-04T16:50:34.530-07:00", "status": "ok", "reasons": ["current_change"]}
POWER_MONITOR_RECORD {"timestamp_pacific": "2026-08-04T16:50:37.548-07:00", "status": "ok", "reasons": ["current_change"]}
POWER_MONITOR_RECORD {"timestamp_pacific": "2026-08-04T16:50:38.554-07:00", "status": "ok", "reasons": ["current_change"]}
POWER_MONITOR_RECORD {"timestamp_pacific": "2026-08-04T16:50:39.561-07:00", "status": "ok", "reasons": ["current_change"]}
POWER_MONITOR_RECORD {"timestamp_pacific": "2026-08-04T16:50:40.569-07:00", "status": "ok", "reasons": ["current_change"]}
POWER_MONITOR_RECORD {"timestamp_pacific": "2026-08-04T16:50:48.616-07:00", "status": "ok", "reasons": ["current_change"]}
POWER_MONITOR_RECORD {"timestamp_pacific": "2026-08-04T16:50:53.646-07:00", "status": "ok", "reasons": ["current_change"]}
POWER_MONITOR_RECORD {"timestamp_pacific": "2026-08-04T16:50:54.653-07:00", "status": "ok", "reasons": ["current_change"]}
POWER_MONITOR_RECORD {"timestamp_pacific": "2026-08-04T16:50:55.660-07:00", "status": "ok", "reasons": ["current_change"]}
POWER_MONITOR_RECORD {"timestamp_pacific": "2026-08-04T16:50:56.666-07:00", "status": "ok", "reasons": ["current_change"]}
POWER_MONITOR_RECORD {"timestamp_pacific": "2026-08-04T16:50:57.673-07:00", "status": "ok", "reasons": ["current_change"]}
POWER_MONITOR_RECORD {"timestamp_pacific": "2026-08-04T16:51:01.697-07:00", "status": "ok", "reasons": ["current_change"]}
POWER_MONITOR_RECORD {"timestamp_pacific": "2026-08-04T16:51:02.704-07:00", "status": "ok", "reasons": ["current_change"]}
POWER_MONITOR_RECORD {"timestamp_pacific": "2026-08-04T16:51:03.711-07:00", "status": "ok", "reasons": ["current_change"]}
POWER_MONITOR_RECORD {"timestamp_pacific": "2026-08-04T16:51:05.723-07:00", "status": "ok", "reasons": ["current_change"]}
POWER_MONITOR_RECORD {"timestamp_pacific": "2026-08-04T16:51:06.730-07:00", "status": "ok", "reasons": ["current_change"]}
POWER_MONITOR_RECORD {"timestamp_pacific": "2026-08-04T16:51:08.743-07:00", "status": "ok", "reasons": ["current_change"]}
POWER_MONITOR_RECORD {"timestamp_pacific": "2026-08-04T16:51:09.750-07:00", "status": "ok", "reasons": ["current_change"]}
POWER_MONITOR_RECORD {"timestamp_pacific": "2026-08-04T16:51:11.762-07:00", "status": "ok", "reasons": ["current_change"]}
POWER_MONITOR_RECORD {"timestamp_pacific": "2026-08-04T16:51:19.811-07:00", "status": "ok", "reasons": ["current_change"]}
POWER_MONITOR_RECORD {"timestamp_pacific": "2026-08-04T16:51:27.859-07:00", "status": "ok", "reasons": ["current_change"]}
POWER_MONITOR_RECORD {"timestamp_pacific": "2026-08-04T16:51:28.865-07:00", "status": "ok", "reasons": ["current_change"]}
POWER_MONITOR_RECORD {"timestamp_pacific": "2026-08-04T16:51:34.901-07:00", "status": "ok", "reasons": ["current_change"]}
POWER_MONITOR_RECORD {"timestamp_pacific": "2026-08-04T16:51:37.919-07:00", "status": "ok", "reasons": ["current_change"]}
POWER_MONITOR_RECORD {"timestamp_pacific": "2026-08-04T16:51:38.926-07:00", "status": "ok", "reasons": ["current_change"]}
POWER_MONITOR_RECORD {"timestamp_pacific": "2026-08-04T16:51:39.932-07:00", "status": "ok", "reasons": ["current_change"]}
POWER_MONITOR_RECORD {"timestamp_pacific": "2026-08-04T16:51:41.945-07:00", "status": "ok", "reasons": ["current_change"]}
POWER_MONITOR_RECORD {"timestamp_pacific": "2026-08-04T16:51:42.951-07:00", "status": "ok", "reasons": ["current_change"]}
POWER_MONITOR_RECORD {"timestamp_pacific": "2026-08-04T16:51:44.964-07:00", "status": "ok", "reasons": ["current_change"]}
POWER_MONITOR_RECORD {"timestamp_pacific": "2026-08-04T16:51:51.000-07:00", "status": "ok", "reasons": ["current_change"]}
POWER_MONITOR_RECORD {"timestamp_pacific": "2026-08-04T16:51:55.024-07:00", "status": "ok", "reasons": ["current_change"]}
POWER_MONITOR_RECORD {"timestamp_pacific": "2026-08-04T16:51:56.033-07:00", "status": "ok", "reasons": ["current_change"]}
POWER_MONITOR_RECORD {"timestamp_pacific": "2026-08-04T16:51:59.051-07:00", "status": "ok", "reasons": ["current_change"]}
POWER_MONITOR_RECORD {"timestamp_pacific": "2026-08-04T16:52:00.058-07:00", "status": "ok", "reasons": ["current_change"]}
POWER_MONITOR_RECORD {"timestamp_pacific": "2026-08-04T16:52:01.063-07:00", "status": "ok", "reasons": ["current_change"]}
POWER_MONITOR_RECORD {"timestamp_pacific": "2026-08-04T16:52:02.071-07:00", "status": "ok", "reasons": ["current_change"]}
POWER_MONITOR_RECORD {"timestamp_pacific": "2026-08-04T16:52:04.083-07:00", "status": "ok", "reasons": ["current_change"]}
POWER_MONITOR_RECORD {"timestamp_pacific": "2026-08-04T16:52:08.104-07:00", "status": "ok", "reasons": ["current_change"]}
POWER_MONITOR_RECORD {"timestamp_pacific": "2026-08-04T16:52:11.111-07:00", "status": "ok", "reasons": ["current_change"]}
POWER_MONITOR_RECORD {"timestamp_pacific": "2026-08-04T16:52:13.120-07:00", "status": "ok", "reasons": ["current_change"]}
POWER_MONITOR_RECORD {"timestamp_pacific": "2026-08-04T16:52:15.134-07:00", "status": "ok", "reasons": ["current_change"]}
POWER_MONITOR_RECORD {"timestamp_pacific": "2026-08-04T16:52:16.140-07:00", "status": "ok", "reasons": ["current_change"]}
POWER_MONITOR_RECORD {"timestamp_pacific": "2026-08-04T16:52:17.147-07:00", "status": "ok", "reasons": ["current_change"]}
POWER_MONITOR_RECORD {"timestamp_pacific": "2026-08-04T16:52:18.153-07:00", "status": "ok", "reasons": ["current_change"]}
POWER_MONITOR_RECORD {"timestamp_pacific": "2026-08-04T16:52:21.173-07:00", "status": "ok", "reasons": ["current_change"]}
POWER_MONITOR_RECORD {"timestamp_pacific": "2026-08-04T16:52:23.186-07:00", "status": "ok", "reasons": ["current_change"]}
POWER_MONITOR_RECORD {"timestamp_pacific": "2026-08-04T16:52:28.218-07:00", "status": "ok", "reasons": ["current_change"]}
POWER_MONITOR_RECORD {"timestamp_pacific": "2026-08-04T16:52:31.237-07:00", "status": "ok", "reasons": ["current_change"]}
POWER_MONITOR_RECORD {"timestamp_pacific": "2026-08-04T16:52:37.273-07:00", "status": "ok", "reasons": ["current_change"]}
POWER_MONITOR_RECORD {"timestamp_pacific": "2026-08-04T16:52:38.280-07:00", "status": "ok", "reasons": ["current_change"]}
POWER_MONITOR_RECORD {"timestamp_pacific": "2026-08-04T16:52:41.298-07:00", "status": "ok", "reasons": ["current_change"]}
POWER_MONITOR_RECORD {"timestamp_pacific": "2026-08-04T16:52:46.328-07:00", "status": "ok", "reasons": ["current_change"]}
POWER_MONITOR_RECORD {"timestamp_pacific": "2026-08-04T16:52:47.335-07:00", "status": "ok", "reasons": ["current_change"]}
POWER_MONITOR_RECORD {"timestamp_pacific": "2026-08-04T16:53:10.470-07:00", "status": "ok", "reasons": ["current_change"]}
POWER_MONITOR_RECORD {"timestamp_pacific": "2026-08-04T16:53:13.488-07:00", "status": "ok", "reasons": ["current_change"]}
POWER_MONITOR_RECORD {"timestamp_pacific": "2026-08-04T16:53:21.536-07:00", "status": "ok", "reasons": ["current_change"]}
POWER_MONITOR_RECORD {"timestamp_pacific": "2026-08-04T16:53:23.548-07:00", "status": "ok", "reasons": ["current_change"]}
POWER_MONITOR_RECORD {"timestamp_pacific": "2026-08-04T16:53:24.555-07:00", "status": "ok", "reasons": ["current_change"]}
POWER_MONITOR_RECORD {"timestamp_pacific": "2026-08-04T16:53:28.579-07:00", "status": "ok", "reasons": ["current_change"]}
POWER_MONITOR_RECORD {"timestamp_pacific": "2026-08-04T16:53:33.609-07:00", "status": "ok", "reasons": ["current_change"]}
POWER_MONITOR_RECORD {"timestamp_pacific": "2026-08-04T16:53:34.616-07:00", "status": "ok", "reasons": ["current_change"]}
POWER_MONITOR_RECORD {"timestamp_pacific": "2026-08-04T16:53:37.634-07:00", "status": "ok", "reasons": ["current_change"]}
POWER_MONITOR_RECORD {"timestamp_pacific": "2026-08-04T16:53:38.640-07:00", "status": "ok", "reasons": ["current_change"]}
POWER_MONITOR_RECORD {"timestamp_pacific": "2026-08-04T16:53:41.660-07:00", "status": "ok", "reasons": ["current_change"]}
POWER_MONITOR_RECORD {"timestamp_pacific": "2026-08-04T16:53:42.666-07:00", "status": "ok", "reasons": ["current_change"]}
POWER_MONITOR_RECORD {"timestamp_pacific": "2026-08-04T16:53:50.714-07:00", "status": "ok", "reasons": ["current_change"]}
POWER_MONITOR_RECORD {"timestamp_pacific": "2026-08-04T16:53:54.738-07:00", "status": "ok", "reasons": ["current_change"]}
POWER_MONITOR_RECORD {"timestamp_pacific": "2026-08-04T16:53:57.756-07:00", "status": "ok", "reasons": ["current_change"]}
POWER_MONITOR_RECORD {"timestamp_pacific": "2026-08-04T16:53:58.762-07:00", "status": "ok", "reasons": ["current_change"]}
POWER_MONITOR_RECORD {"timestamp_pacific": "2026-08-04T16:54:02.787-07:00", "status": "ok", "reasons": ["current_change"]}
POWER_MONITOR_RECORD {"timestamp_pacific": "2026-08-04T16:54:03.793-07:00", "status": "ok", "reasons": ["current_change"]}
POWER_MONITOR_RECORD {"timestamp_pacific": "2026-08-04T16:54:09.822-07:00", "status": "ok", "reasons": ["current_change"]}
POWER_MONITOR_RECORD {"timestamp_pacific": "2026-08-04T16:54:10.825-07:00", "status": "ok", "reasons": ["current_change"]}
POWER_MONITOR_RECORD {"timestamp_pacific": "2026-08-04T16:54:13.836-07:00", "status": "ok", "reasons": ["current_change"]}
POWER_MONITOR_RECORD {"timestamp_pacific": "2026-08-04T16:54:15.849-07:00", "status": "ok", "reasons": ["current_change"]}
POWER_MONITOR_RECORD {"timestamp_pacific": "2026-08-04T16:54:17.861-07:00", "status": "ok", "reasons": ["current_change"]}
POWER_MONITOR_RECORD {"timestamp_pacific": "2026-08-04T16:54:18.868-07:00", "status": "ok", "reasons": ["current_change"]}
POWER_MONITOR_RECORD {"timestamp_pacific": "2026-08-04T16:54:19.874-07:00", "status": "ok", "reasons": ["current_change"]}
POWER_MONITOR_RECORD {"timestamp_pacific": "2026-08-04T16:54:21.887-07:00", "status": "ok", "reasons": ["current_change"]}
POWER_MONITOR_RECORD {"timestamp_pacific": "2026-08-04T16:54:23.899-07:00", "status": "ok", "reasons": ["current_change"]}
POWER_MONITOR_RECORD {"timestamp_pacific": "2026-08-04T16:54:27.923-07:00", "status": "ok", "reasons": ["current_change"]}
POWER_MONITOR_RECORD {"timestamp_pacific": "2026-08-04T16:54:29.938-07:00", "status": "ok", "reasons": ["current_change"]}
POWER_MONITOR_RECORD {"timestamp_pacific": "2026-08-04T16:54:32.956-07:00", "status": "ok", "reasons": ["current_change"]}
POWER_MONITOR_RECORD {"timestamp_pacific": "2026-08-04T16:54:33.964-07:00", "status": "ok", "reasons": ["current_change"]}
POWER_MONITOR_RECORD {"timestamp_pacific": "2026-08-04T16:54:36.982-07:00", "status": "ok", "reasons": ["current_change"]}
POWER_MONITOR_RECORD {"timestamp_pacific": "2026-08-04T16:54:44.023-07:00", "status": "ok", "reasons": ["current_change"]}
POWER_MONITOR_RECORD {"timestamp_pacific": "2026-08-04T16:54:46.035-07:00", "status": "ok", "reasons": ["current_change"]}
POWER_MONITOR_RECORD {"timestamp_pacific": "2026-08-04T16:54:49.055-07:00", "status": "ok", "reasons": ["current_change"]}
POWER_MONITOR_RECORD {"timestamp_pacific": "2026-08-04T16:54:51.068-07:00", "status": "ok", "reasons": ["current_change"]}
POWER_MONITOR_RECORD {"timestamp_pacific": "2026-08-04T16:54:54.088-07:00", "status": "ok", "reasons": ["current_change"]}
POWER_MONITOR_RECORD {"timestamp_pacific": "2026-08-04T16:54:58.112-07:00", "status": "ok", "reasons": ["current_change"]}
POWER_MONITOR_RECORD {"timestamp_pacific": "2026-08-04T16:54:59.120-07:00", "status": "ok", "reasons": ["current_change"]}
POWER_MONITOR_RECORD {"timestamp_pacific": "2026-08-04T16:55:01.132-07:00", "status": "ok", "reasons": ["current_change"]}
POWER_MONITOR_RECORD {"timestamp_pacific": "2026-08-04T16:55:03.144-07:00", "status": "ok", "reasons": ["current_change"]}
POWER_MONITOR_RECORD {"timestamp_pacific": "2026-08-04T16:55:05.157-07:00", "status": "ok", "reasons": ["current_change"]}
POWER_MONITOR_RECORD {"timestamp_pacific": "2026-08-04T16:55:11.193-07:00", "status": "ok", "reasons": ["current_change"]}
POWER_MONITOR_RECORD {"timestamp_pacific": "2026-08-04T16:55:17.229-07:00", "status": "ok", "reasons": ["current_change"]}
POWER_MONITOR_RECORD {"timestamp_pacific": "2026-08-04T16:55:19.241-07:00", "status": "ok", "reasons": ["current_change"]}
POWER_MONITOR_RECORD {"timestamp_pacific": "2026-08-04T16:55:22.259-07:00", "status": "ok", "reasons": ["current_change"]}
POWER_MONITOR_RECORD {"timestamp_pacific": "2026-08-04T16:55:23.266-07:00", "status": "ok", "reasons": ["current_change"]}
POWER_MONITOR_RECORD {"timestamp_pacific": "2026-08-04T16:55:28.298-07:00", "status": "ok", "reasons": ["current_change"]}
POWER_MONITOR_RECORD {"timestamp_pacific": "2026-08-04T16:55:31.316-07:00", "status": "ok", "reasons": ["current_change"]}
POWER_MONITOR_RECORD {"timestamp_pacific": "2026-08-04T16:55:32.322-07:00", "status": "ok", "reasons": ["current_change"]}
POWER_MONITOR_RECORD {"timestamp_pacific": "2026-08-04T16:55:37.352-07:00", "status": "ok", "reasons": ["current_change"]}
POWER_MONITOR_RECORD {"timestamp_pacific": "2026-08-04T16:55:38.359-07:00", "status": "ok", "reasons": ["current_change"]}
POWER_MONITOR_RECORD {"timestamp_pacific": "2026-08-04T16:55:48.418-07:00", "status": "ok", "reasons": ["current_change"]}
POWER_MONITOR_RECORD {"timestamp_pacific": "2026-08-04T16:55:50.430-07:00", "status": "ok", "reasons": ["current_change"]}
POWER_MONITOR_RECORD {"timestamp_pacific": "2026-08-04T16:55:54.454-07:00", "status": "ok", "reasons": ["current_change"]}
POWER_MONITOR_RECORD {"timestamp_pacific": "2026-08-04T16:55:59.486-07:00", "status": "ok", "reasons": ["current_change"]}
POWER_MONITOR_RECORD {"timestamp_pacific": "2026-08-04T16:56:05.522-07:00", "status": "ok", "reasons": ["current_change"]}
POWER_MONITOR_RECORD {"timestamp_pacific": "2026-08-04T16:56:09.539-07:00", "status": "ok", "reasons": ["current_change"]}
POWER_MONITOR_RECORD {"timestamp_pacific": "2026-08-04T16:56:10.544-07:00", "status": "ok", "reasons": ["current_change"]}
POWER_MONITOR_RECORD {"timestamp_pacific": "2026-08-04T16:56:11.547-07:00", "status": "ok", "reasons": ["current_change"]}
POWER_MONITOR_RECORD {"timestamp_pacific": "2026-08-04T16:56:14.562-07:00", "status": "ok", "reasons": ["current_change"]}
POWER_MONITOR_RECORD {"timestamp_pacific": "2026-08-04T16:56:15.568-07:00", "status": "ok", "reasons": ["current_change"]}
POWER_MONITOR_RECORD {"timestamp_pacific": "2026-08-04T16:56:19.592-07:00", "status": "ok", "reasons": ["current_change"]}
POWER_MONITOR_RECORD {"timestamp_pacific": "2026-08-04T16:56:22.611-07:00", "status": "ok", "reasons": ["current_change"]}
POWER_MONITOR_RECORD {"timestamp_pacific": "2026-08-04T16:56:26.635-07:00", "status": "ok", "reasons": ["current_change"]}
POWER_MONITOR_RECORD {"timestamp_pacific": "2026-08-04T16:56:27.641-07:00", "status": "ok", "reasons": ["current_change"]}
POWER_MONITOR_RECORD {"timestamp_pacific": "2026-08-04T16:56:30.660-07:00", "status": "ok", "reasons": ["current_change"]}
POWER_MONITOR_RECORD {"timestamp_pacific": "2026-08-04T16:56:32.672-07:00", "status": "ok", "reasons": ["current_change"]}
POWER_MONITOR_RECORD {"timestamp_pacific": "2026-08-04T16:56:34.684-07:00", "status": "ok", "reasons": ["current_change"]}
POWER_MONITOR_RECORD {"timestamp_pacific": "2026-08-04T16:56:37.705-07:00", "status": "ok", "reasons": ["current_change"]}
POWER_MONITOR_RECORD {"timestamp_pacific": "2026-08-04T16:56:38.711-07:00", "status": "ok", "reasons": ["current_change"]}
POWER_MONITOR_RECORD {"timestamp_pacific": "2026-08-04T16:56:39.718-07:00", "status": "ok", "reasons": ["current_change"]}
POWER_MONITOR_RECORD {"timestamp_pacific": "2026-08-04T16:56:40.725-07:00", "status": "ok", "reasons": ["current_change"]}
POWER_MONITOR_RECORD {"timestamp_pacific": "2026-08-04T16:56:43.742-07:00", "status": "ok", "reasons": ["current_change"]}
POWER_MONITOR_RECORD {"timestamp_pacific": "2026-08-04T16:56:44.749-07:00", "status": "ok", "reasons": ["current_change"]}
POWER_MONITOR_RECORD {"timestamp_pacific": "2026-08-04T16:56:45.756-07:00", "status": "ok", "reasons": ["current_change"]}
POWER_MONITOR_RECORD {"timestamp_pacific": "2026-08-04T16:56:51.791-07:00", "status": "ok", "reasons": ["current_change"]}
POWER_MONITOR_RECORD {"timestamp_pacific": "2026-08-04T16:56:52.798-07:00", "status": "ok", "reasons": ["current_change"]}
POWER_MONITOR_RECORD {"timestamp_pacific": "2026-08-04T16:56:56.822-07:00", "status": "ok", "reasons": ["current_change"]}
POWER_MONITOR_RECORD {"timestamp_pacific": "2026-08-04T16:56:57.829-07:00", "status": "ok", "reasons": ["current_change"]}
POWER_MONITOR_RECORD {"timestamp_pacific": "2026-08-04T16:56:59.841-07:00", "status": "ok", "reasons": ["current_change"]}
POWER_MONITOR_RECORD {"timestamp_pacific": "2026-08-04T16:57:02.859-07:00", "status": "ok", "reasons": ["current_change"]}
POWER_MONITOR_RECORD {"timestamp_pacific": "2026-08-04T16:57:03.866-07:00", "status": "ok", "reasons": ["current_change"]}
POWER_MONITOR_RECORD {"timestamp_pacific": "2026-08-04T16:57:06.884-07:00", "status": "ok", "reasons": ["current_change"]}
POWER_MONITOR_RECORD {"timestamp_pacific": "2026-08-04T16:57:08.891-07:00", "status": "ok", "reasons": ["current_change"]}
POWER_MONITOR_RECORD {"timestamp_pacific": "2026-08-04T16:57:10.896-07:00", "status": "ok", "reasons": ["current_change"]}
POWER_MONITOR_RECORD {"timestamp_pacific": "2026-08-04T16:57:11.899-07:00", "status": "ok", "reasons": ["current_change"]}
POWER_MONITOR_RECORD {"timestamp_pacific": "2026-08-04T16:57:12.905-07:00", "status": "ok", "reasons": ["current_change"]}
POWER_MONITOR_RECORD {"timestamp_pacific": "2026-08-04T16:57:13.912-07:00", "status": "ok", "reasons": ["current_change"]}
POWER_MONITOR_RECORD {"timestamp_pacific": "2026-08-04T16:57:18.942-07:00", "status": "ok", "reasons": ["current_change"]}
POWER_MONITOR_RECORD {"timestamp_pacific": "2026-08-04T16:57:23.972-07:00", "status": "ok", "reasons": ["current_change"]}
POWER_MONITOR_RECORD {"timestamp_pacific": "2026-08-04T16:57:26.990-07:00", "status": "ok", "reasons": ["current_change"]}
POWER_MONITOR_RECORD {"timestamp_pacific": "2026-08-04T16:57:29.002-07:00", "status": "ok", "reasons": ["current_change"]}
POWER_MONITOR_RECORD {"timestamp_pacific": "2026-08-04T16:57:30.009-07:00", "status": "ok", "reasons": ["current_change"]}
POWER_MONITOR_RECORD {"timestamp_pacific": "2026-08-04T16:57:33.027-07:00", "status": "ok", "reasons": ["current_change"]}
POWER_MONITOR_RECORD {"timestamp_pacific": "2026-08-04T16:57:34.034-07:00", "status": "ok", "reasons": ["current_change"]}
POWER_MONITOR_RECORD {"timestamp_pacific": "2026-08-04T16:57:36.046-07:00", "status": "ok", "reasons": ["current_change"]}
POWER_MONITOR_RECORD {"timestamp_pacific": "2026-08-04T16:57:37.053-07:00", "status": "ok", "reasons": ["current_change"]}
POWER_MONITOR_RECORD {"timestamp_pacific": "2026-08-04T16:57:40.071-07:00", "status": "ok", "reasons": ["current_change"]}
POWER_MONITOR_RECORD {"timestamp_pacific": "2026-08-04T16:57:41.077-07:00", "status": "ok", "reasons": ["current_change"]}
POWER_MONITOR_RECORD {"timestamp_pacific": "2026-08-04T16:57:49.125-07:00", "status": "ok", "reasons": ["current_change"]}
POWER_MONITOR_RECORD {"timestamp_pacific": "2026-08-04T16:57:50.131-07:00", "status": "ok", "reasons": ["current_change"]}
POWER_MONITOR_RECORD {"timestamp_pacific": "2026-08-04T16:57:51.138-07:00", "status": "ok", "reasons": ["current_change"]}
POWER_MONITOR_RECORD {"timestamp_pacific": "2026-08-04T16:57:52.145-07:00", "status": "ok", "reasons": ["current_change"]}
POWER_MONITOR_RECORD {"timestamp_pacific": "2026-08-04T16:57:53.151-07:00", "status": "ok", "reasons": ["current_change"]}
POWER_MONITOR_RECORD {"timestamp_pacific": "2026-08-04T16:57:54.158-07:00", "status": "ok", "reasons": ["current_change"]}
POWER_MONITOR_RECORD {"timestamp_pacific": "2026-08-04T16:57:55.164-07:00", "status": "ok", "reasons": ["current_change"]}
POWER_MONITOR_RECORD {"timestamp_pacific": "2026-08-04T16:57:56.171-07:00", "status": "ok", "reasons": ["current_change"]}
POWER_MONITOR_RECORD {"timestamp_pacific": "2026-08-04T16:57:57.177-07:00", "status": "ok", "reasons": ["current_change"]}
POWER_MONITOR_RECORD {"timestamp_pacific": "2026-08-04T16:57:59.190-07:00", "status": "ok", "reasons": ["current_change"]}
POWER_MONITOR_RECORD {"timestamp_pacific": "2026-08-04T16:58:01.201-07:00", "status": "ok", "reasons": ["current_change"]}
POWER_MONITOR_RECORD {"timestamp_pacific": "2026-08-04T16:58:06.233-07:00", "status": "ok", "reasons": ["current_change"]}
POWER_MONITOR_RECORD {"timestamp_pacific": "2026-08-04T16:58:07.240-07:00", "status": "ok", "reasons": ["current_change"]}
POWER_MONITOR_RECORD {"timestamp_pacific": "2026-08-04T16:58:08.247-07:00", "status": "ok", "reasons": ["current_change"]}
POWER_MONITOR_RECORD {"timestamp_pacific": "2026-08-04T16:58:10.259-07:00", "status": "ok", "reasons": ["current_change"]}
POWER_MONITOR_RECORD {"timestamp_pacific": "2026-08-04T16:58:12.271-07:00", "status": "ok", "reasons": ["current_change"]}
POWER_MONITOR_RECORD {"timestamp_pacific": "2026-08-04T16:58:13.278-07:00", "status": "ok", "reasons": ["current_change"]}
POWER_MONITOR_RECORD {"timestamp_pacific": "2026-08-04T16:58:14.284-07:00", "status": "ok", "reasons": ["current_change"]}
POWER_MONITOR_RECORD {"timestamp_pacific": "2026-08-04T16:58:15.291-07:00", "status": "ok", "reasons": ["current_change"]}
POWER_MONITOR_RECORD {"timestamp_pacific": "2026-08-04T16:58:16.297-07:00", "status": "ok", "reasons": ["current_change"]}
POWER_MONITOR_RECORD {"timestamp_pacific": "2026-08-04T16:58:17.306-07:00", "status": "ok", "reasons": ["current_change"]}
POWER_MONITOR_RECORD {"timestamp_pacific": "2026-08-04T16:58:18.312-07:00", "status": "ok", "reasons": ["current_change"]}
POWER_MONITOR_RECORD {"timestamp_pacific": "2026-08-04T16:58:21.330-07:00", "status": "ok", "reasons": ["current_change"]}
POWER_MONITOR_RECORD {"timestamp_pacific": "2026-08-04T16:58:24.348-07:00", "status": "ok", "reasons": ["current_change"]}
POWER_MONITOR_RECORD {"timestamp_pacific": "2026-08-04T16:58:30.384-07:00", "status": "ok", "reasons": ["current_change"]}
POWER_MONITOR_RECORD {"timestamp_pacific": "2026-08-04T16:58:32.397-07:00", "status": "ok", "reasons": ["current_change"]}
POWER_MONITOR_RECORD {"timestamp_pacific": "2026-08-04T16:58:37.427-07:00", "status": "ok", "reasons": ["current_change"]}
POWER_MONITOR_RECORD {"timestamp_pacific": "2026-08-04T16:58:38.433-07:00", "status": "ok", "reasons": ["current_change"]}
POWER_MONITOR_RECORD {"timestamp_pacific": "2026-08-04T16:58:41.451-07:00", "status": "ok", "reasons": ["current_change"]}
POWER_MONITOR_RECORD {"timestamp_pacific": "2026-08-04T16:58:43.464-07:00", "status": "ok", "reasons": ["current_change"]}
POWER_MONITOR_RECORD {"timestamp_pacific": "2026-08-04T16:58:44.470-07:00", "status": "ok", "reasons": ["current_change"]}
POWER_MONITOR_RECORD {"timestamp_pacific": "2026-08-04T16:58:45.477-07:00", "status": "ok", "reasons": ["current_change"]}
POWER_MONITOR_RECORD {"timestamp_pacific": "2026-08-04T16:58:46.483-07:00", "status": "ok", "reasons": ["current_change"]}
POWER_MONITOR_RECORD {"timestamp_pacific": "2026-08-04T16:58:47.490-07:00", "status": "ok", "reasons": ["current_change"]}
POWER_MONITOR_RECORD {"timestamp_pacific": "2026-08-04T16:58:48.498-07:00", "status": "ok", "reasons": ["current_change"]}
POWER_MONITOR_RECORD {"timestamp_pacific": "2026-08-04T16:58:50.510-07:00", "status": "ok", "reasons": ["current_change"]}
POWER_MONITOR_RECORD {"timestamp_pacific": "2026-08-04T16:58:51.517-07:00", "status": "ok", "reasons": ["current_change"]}
POWER_MONITOR_RECORD {"timestamp_pacific": "2026-08-04T16:58:52.523-07:00", "status": "ok", "reasons": ["current_change"]}
POWER_MONITOR_RECORD {"timestamp_pacific": "2026-08-04T16:59:00.571-07:00", "status": "ok", "reasons": ["current_change"]}
POWER_MONITOR_RECORD {"timestamp_pacific": "2026-08-04T16:59:01.578-07:00", "status": "ok", "reasons": ["current_change"]}
POWER_MONITOR_RECORD {"timestamp_pacific": "2026-08-04T16:59:03.590-07:00", "status": "ok", "reasons": ["current_change"]}
POWER_MONITOR_RECORD {"timestamp_pacific": "2026-08-04T16:59:04.596-07:00", "status": "ok", "reasons": ["current_change"]}
POWER_MONITOR_RECORD {"timestamp_pacific": "2026-08-04T16:59:06.609-07:00", "status": "ok", "reasons": ["current_change"]}
POWER_MONITOR_RECORD {"timestamp_pacific": "2026-08-04T16:59:11.627-07:00", "status": "ok", "reasons": ["current_change"]}
POWER_MONITOR_RECORD {"timestamp_pacific": "2026-08-04T16:59:12.629-07:00", "status": "ok", "reasons": ["current_change"]}
POWER_MONITOR_RECORD {"timestamp_pacific": "2026-08-04T16:59:14.642-07:00", "status": "ok", "reasons": ["current_change"]}
POWER_MONITOR_RECORD {"timestamp_pacific": "2026-08-04T16:59:15.648-07:00", "status": "ok", "reasons": ["current_change"]}
POWER_MONITOR_RECORD {"timestamp_pacific": "2026-08-04T16:59:18.666-07:00", "status": "ok", "reasons": ["current_change"]}
POWER_MONITOR_RECORD {"timestamp_pacific": "2026-08-04T16:59:24.702-07:00", "status": "ok", "reasons": ["current_change"]}
POWER_MONITOR_RECORD {"timestamp_pacific": "2026-08-04T16:59:26.715-07:00", "status": "ok", "reasons": ["current_change"]}
POWER_MONITOR_RECORD {"timestamp_pacific": "2026-08-04T16:59:28.727-07:00", "status": "ok", "reasons": ["current_change"]}
POWER_MONITOR_RECORD {"timestamp_pacific": "2026-08-04T16:59:29.735-07:00", "status": "ok", "reasons": ["current_change"]}
POWER_MONITOR_RECORD {"timestamp_pacific": "2026-08-04T16:59:31.747-07:00", "status": "ok", "reasons": ["current_change"]}
POWER_MONITOR_RECORD {"timestamp_pacific": "2026-08-04T16:59:33.760-07:00", "status": "ok", "reasons": ["current_change"]}
POWER_MONITOR_RECORD {"timestamp_pacific": "2026-08-04T16:59:36.778-07:00", "status": "ok", "reasons": ["current_change"]}
POWER_MONITOR_RECORD {"timestamp_pacific": "2026-08-04T16:59:37.785-07:00", "status": "ok", "reasons": ["current_change"]}
POWER_MONITOR_RECORD {"timestamp_pacific": "2026-08-04T16:59:38.791-07:00", "status": "ok", "reasons": ["current_change"]}
POWER_MONITOR_RECORD {"timestamp_pacific": "2026-08-04T16:59:42.817-07:00", "status": "ok", "reasons": ["current_change"]}
POWER_MONITOR_RECORD {"timestamp_pacific": "2026-08-04T16:59:44.829-07:00", "status": "ok", "reasons": ["current_change"]}
POWER_MONITOR_RECORD {"timestamp_pacific": "2026-08-04T16:59:45.836-07:00", "status": "ok", "reasons": ["current_change"]}
POWER_MONITOR_RECORD {"timestamp_pacific": "2026-08-04T16:59:48.854-07:00", "status": "ok", "reasons": ["current_change"]}
POWER_MONITOR_RECORD {"timestamp_pacific": "2026-08-04T16:59:50.866-07:00", "status": "ok", "reasons": ["current_change"]}
POWER_MONITOR_RECORD {"timestamp_pacific": "2026-08-04T16:59:52.879-07:00", "status": "ok", "reasons": ["current_change"]}
POWER_MONITOR_RECORD {"timestamp_pacific": "2026-08-04T16:59:53.887-07:00", "status": "ok", "reasons": ["current_change"]}
POWER_MONITOR_RECORD {"timestamp_pacific": "2026-08-04T16:59:57.911-07:00", "status": "ok", "reasons": ["current_change"]}
POWER_MONITOR_RECORD {"timestamp_pacific": "2026-08-04T16:59:58.920-07:00", "status": "ok", "reasons": ["current_change"]}
POWER_MONITOR_RECORD {"timestamp_pacific": "2026-08-04T17:00:01.938-07:00", "status": "ok", "reasons": ["current_change"]}
POWER_MONITOR_RECORD {"timestamp_pacific": "2026-08-04T17:00:03.952-07:00", "status": "ok", "reasons": ["current_change"]}
POWER_MONITOR_RECORD {"timestamp_pacific": "2026-08-04T17:00:04.959-07:00", "status": "ok", "reasons": ["current_change"]}
POWER_MONITOR_RECORD {"timestamp_pacific": "2026-08-04T17:00:05.966-07:00", "status": "ok", "reasons": ["current_change"]}
POWER_MONITOR_RECORD {"timestamp_pacific": "2026-08-04T17:00:06.972-07:00", "status": "ok", "reasons": ["current_change"]}
POWER_MONITOR_RECORD {"timestamp_pacific": "2026-08-04T17:00:08.978-07:00", "status": "ok", "reasons": ["current_change"]}
POWER_MONITOR_RECORD {"timestamp_pacific": "2026-08-04T17:00:10.984-07:00", "status": "ok", "reasons": ["current_change"]}
POWER_MONITOR_RECORD {"timestamp_pacific": "2026-08-04T17:00:11.986-07:00", "status": "ok", "reasons": ["current_change"]}
POWER_MONITOR_RECORD {"timestamp_pacific": "2026-08-04T17:00:16.010-07:00", "status": "ok", "reasons": ["current_change"]}
POWER_MONITOR_RECORD {"timestamp_pacific": "2026-08-04T17:00:17.017-07:00", "status": "ok", "reasons": ["current_change"]}
POWER_MONITOR_RECORD {"timestamp_pacific": "2026-08-04T17:00:18.023-07:00", "status": "ok", "reasons": ["current_change"]}
POWER_MONITOR_RECORD {"timestamp_pacific": "2026-08-04T17:00:20.036-07:00", "status": "ok", "reasons": ["current_change"]}
POWER_MONITOR_RECORD {"timestamp_pacific": "2026-08-04T17:00:22.048-07:00", "status": "ok", "reasons": ["current_change"]}
POWER_MONITOR_RECORD {"timestamp_pacific": "2026-08-04T17:00:25.066-07:00", "status": "ok", "reasons": ["current_change"]}
POWER_MONITOR_RECORD {"timestamp_pacific": "2026-08-04T17:00:26.073-07:00", "status": "ok", "reasons": ["current_change"]}
POWER_MONITOR_RECORD {"timestamp_pacific": "2026-08-04T17:00:27.081-07:00", "status": "ok", "reasons": ["current_change"]}
POWER_MONITOR_RECORD {"timestamp_pacific": "2026-08-04T17:00:28.088-07:00", "status": "ok", "reasons": ["current_change"]}
POWER_MONITOR_RECORD {"timestamp_pacific": "2026-08-04T17:00:29.094-07:00", "status": "ok", "reasons": ["current_change"]}
POWER_MONITOR_RECORD {"timestamp_pacific": "2026-08-04T17:00:30.101-07:00", "status": "ok", "reasons": ["current_change"]}
POWER_MONITOR_RECORD {"timestamp_pacific": "2026-08-04T17:00:31.107-07:00", "status": "ok", "reasons": ["current_change"]}
POWER_MONITOR_RECORD {"timestamp_pacific": "2026-08-04T17:00:33.120-07:00", "status": "ok", "reasons": ["current_change"]}
POWER_MONITOR_RECORD {"timestamp_pacific": "2026-08-04T17:00:35.132-07:00", "status": "ok", "reasons": ["current_change"]}
POWER_MONITOR_RECORD {"timestamp_pacific": "2026-08-04T17:00:37.144-07:00", "status": "ok", "reasons": ["current_change"]}
POWER_MONITOR_RECORD {"timestamp_pacific": "2026-08-04T17:00:38.151-07:00", "status": "ok", "reasons": ["current_change"]}
POWER_MONITOR_RECORD {"timestamp_pacific": "2026-08-04T17:00:40.171-07:00", "status": "ok", "reasons": ["current_change"]}
POWER_MONITOR_RECORD {"timestamp_pacific": "2026-08-04T17:00:41.177-07:00", "status": "ok", "reasons": ["current_change"]}
POWER_MONITOR_RECORD {"timestamp_pacific": "2026-08-04T17:00:43.190-07:00", "status": "ok", "reasons": ["current_change"]}
POWER_MONITOR_RECORD {"timestamp_pacific": "2026-08-04T17:00:44.197-07:00", "status": "ok", "reasons": ["current_change"]}
POWER_MONITOR_RECORD {"timestamp_pacific": "2026-08-04T17:00:47.216-07:00", "status": "ok", "reasons": ["current_change"]}
POWER_MONITOR_RECORD {"timestamp_pacific": "2026-08-04T17:00:48.222-07:00", "status": "ok", "reasons": ["current_change"]}
POWER_MONITOR_RECORD {"timestamp_pacific": "2026-08-04T17:00:51.242-07:00", "status": "ok", "reasons": ["current_change"]}
POWER_MONITOR_RECORD {"timestamp_pacific": "2026-08-04T17:00:52.249-07:00", "status": "ok", "reasons": ["current_change"]}
POWER_MONITOR_RECORD {"timestamp_pacific": "2026-08-04T17:00:53.255-07:00", "status": "ok", "reasons": ["current_change"]}
POWER_MONITOR_RECORD {"timestamp_pacific": "2026-08-04T17:00:54.264-07:00", "status": "ok", "reasons": ["current_change"]}
POWER_MONITOR_RECORD {"timestamp_pacific": "2026-08-04T17:00:55.271-07:00", "status": "ok", "reasons": ["current_change"]}
POWER_MONITOR_RECORD {"timestamp_pacific": "2026-08-04T17:00:56.277-07:00", "status": "ok", "reasons": ["current_change"]}
POWER_MONITOR_RECORD {"timestamp_pacific": "2026-08-04T17:00:57.284-07:00", "status": "ok", "reasons": ["current_change"]}
POWER_MONITOR_RECORD {"timestamp_pacific": "2026-08-04T17:00:59.293-07:00", "status": "ok", "reasons": ["current_change"]}
POWER_MONITOR_RECORD {"timestamp_pacific": "2026-08-04T17:01:02.300-07:00", "status": "ok", "reasons": ["current_change"]}
POWER_MONITOR_RECORD {"timestamp_pacific": "2026-08-04T17:01:06.321-07:00", "status": "ok", "reasons": ["current_change"]}
POWER_MONITOR_RECORD {"timestamp_pacific": "2026-08-04T17:01:07.328-07:00", "status": "ok", "reasons": ["current_change"]}
POWER_MONITOR_RECORD {"timestamp_pacific": "2026-08-04T17:01:08.334-07:00", "status": "ok", "reasons": ["current_change"]}
POWER_MONITOR_RECORD {"timestamp_pacific": "2026-08-04T17:01:10.347-07:00", "status": "ok", "reasons": ["current_change"]}
POWER_MONITOR_RECORD {"timestamp_pacific": "2026-08-04T17:01:12.359-07:00", "status": "ok", "reasons": ["current_change"]}
POWER_MONITOR_RECORD {"timestamp_pacific": "2026-08-04T17:01:13.366-07:00", "status": "ok", "reasons": ["current_change"]}
POWER_MONITOR_RECORD {"timestamp_pacific": "2026-08-04T17:01:14.372-07:00", "status": "ok", "reasons": ["current_change"]}
POWER_MONITOR_RECORD {"timestamp_pacific": "2026-08-04T17:01:15.379-07:00", "status": "ok", "reasons": ["current_change"]}
POWER_MONITOR_RECORD {"timestamp_pacific": "2026-08-04T17:01:16.385-07:00", "status": "ok", "reasons": ["current_change"]}
POWER_MONITOR_RECORD {"timestamp_pacific": "2026-08-04T17:01:18.398-07:00", "status": "ok", "reasons": ["current_change"]}
POWER_MONITOR_RECORD {"timestamp_pacific": "2026-08-04T17:01:19.404-07:00", "status": "ok", "reasons": ["current_change"]}
POWER_MONITOR_RECORD {"timestamp_pacific": "2026-08-04T17:01:20.410-07:00", "status": "ok", "reasons": ["current_change"]}
POWER_MONITOR_RECORD {"timestamp_pacific": "2026-08-04T17:01:21.417-07:00", "status": "ok", "reasons": ["current_change"]}
POWER_MONITOR_RECORD {"timestamp_pacific": "2026-08-04T17:01:22.424-07:00", "status": "ok", "reasons": ["current_change"]}
POWER_MONITOR_RECORD {"timestamp_pacific": "2026-08-04T17:01:25.442-07:00", "status": "ok", "reasons": ["current_change"]}
POWER_MONITOR_RECORD {"timestamp_pacific": "2026-08-04T17:01:28.460-07:00", "status": "ok", "reasons": ["current_change"]}
POWER_MONITOR_RECORD {"timestamp_pacific": "2026-08-04T17:01:29.466-07:00", "status": "ok", "reasons": ["current_change"]}
POWER_MONITOR_RECORD {"timestamp_pacific": "2026-08-04T17:01:31.478-07:00", "status": "ok", "reasons": ["current_change"]}
POWER_MONITOR_RECORD {"timestamp_pacific": "2026-08-04T17:01:33.491-07:00", "status": "ok", "reasons": ["current_change"]}
POWER_MONITOR_RECORD {"timestamp_pacific": "2026-08-04T17:01:35.503-07:00", "status": "ok", "reasons": ["current_change"]}
POWER_MONITOR_RECORD {"timestamp_pacific": "2026-08-04T17:01:37.515-07:00", "status": "ok", "reasons": ["current_change"]}
POWER_MONITOR_RECORD {"timestamp_pacific": "2026-08-04T17:01:38.522-07:00", "status": "ok", "reasons": ["current_change"]}
POWER_MONITOR_RECORD {"timestamp_pacific": "2026-08-04T17:01:39.528-07:00", "status": "ok", "reasons": ["current_change"]}
POWER_MONITOR_RECORD {"timestamp_pacific": "2026-08-04T17:01:40.535-07:00", "status": "ok", "reasons": ["current_change"]}
POWER_MONITOR_RECORD {"timestamp_pacific": "2026-08-04T17:01:42.547-07:00", "status": "ok", "reasons": ["current_change"]}
POWER_MONITOR_RECORD {"timestamp_pacific": "2026-08-04T17:01:44.560-07:00", "status": "ok", "reasons": ["current_change"]}
POWER_MONITOR_RECORD {"timestamp_pacific": "2026-08-04T17:01:45.567-07:00", "status": "ok", "reasons": ["current_change"]}
POWER_MONITOR_RECORD {"timestamp_pacific": "2026-08-04T17:01:46.574-07:00", "status": "ok", "reasons": ["current_change"]}
POWER_MONITOR_RECORD {"timestamp_pacific": "2026-08-04T17:01:49.592-07:00", "status": "ok", "reasons": ["current_change"]}
POWER_MONITOR_RECORD {"timestamp_pacific": "2026-08-04T17:01:51.604-07:00", "status": "ok", "reasons": ["current_change"]}
POWER_MONITOR_RECORD {"timestamp_pacific": "2026-08-04T17:01:54.625-07:00", "status": "ok", "reasons": ["current_change"]}
POWER_MONITOR_RECORD {"timestamp_pacific": "2026-08-04T17:01:55.631-07:00", "status": "ok", "reasons": ["current_change"]}
POWER_MONITOR_RECORD {"timestamp_pacific": "2026-08-04T17:01:59.655-07:00", "status": "ok", "reasons": ["current_change"]}
POWER_MONITOR_RECORD {"timestamp_pacific": "2026-08-04T17:02:01.669-07:00", "status": "ok", "reasons": ["current_change"]}
POWER_MONITOR_RECORD {"timestamp_pacific": "2026-08-04T17:02:02.676-07:00", "status": "ok", "reasons": ["current_change"]}
POWER_MONITOR_RECORD {"timestamp_pacific": "2026-08-04T17:02:04.688-07:00", "status": "ok", "reasons": ["current_change"]}
POWER_MONITOR_RECORD {"timestamp_pacific": "2026-08-04T17:02:05.695-07:00", "status": "ok", "reasons": ["current_change"]}
POWER_MONITOR_RECORD {"timestamp_pacific": "2026-08-04T17:02:07.708-07:00", "status": "ok", "reasons": ["current_change"]}
POWER_MONITOR_RECORD {"timestamp_pacific": "2026-08-04T17:02:08.711-07:00", "status": "ok", "reasons": ["current_change"]}
POWER_MONITOR_RECORD {"timestamp_pacific": "2026-08-04T17:02:10.716-07:00", "status": "ok", "reasons": ["current_change"]}
POWER_MONITOR_RECORD {"timestamp_pacific": "2026-08-04T17:02:13.727-07:00", "status": "ok", "reasons": ["current_change"]}
POWER_MONITOR_RECORD {"timestamp_pacific": "2026-08-04T17:02:14.733-07:00", "status": "ok", "reasons": ["current_change"]}
POWER_MONITOR_RECORD {"timestamp_pacific": "2026-08-04T17:02:15.740-07:00", "status": "ok", "reasons": ["current_change"]}
POWER_MONITOR_RECORD {"timestamp_pacific": "2026-08-04T17:02:16.748-07:00", "status": "ok", "reasons": ["current_change"]}
POWER_MONITOR_RECORD {"timestamp_pacific": "2026-08-04T17:02:22.783-07:00", "status": "ok", "reasons": ["current_change"]}
POWER_MONITOR_RECORD {"timestamp_pacific": "2026-08-04T17:02:26.807-07:00", "status": "ok", "reasons": ["current_change"]}
POWER_MONITOR_RECORD {"timestamp_pacific": "2026-08-04T17:02:27.814-07:00", "status": "ok", "reasons": ["current_change"]}
POWER_MONITOR_RECORD {"timestamp_pacific": "2026-08-04T17:02:28.822-07:00", "status": "ok", "reasons": ["current_change"]}
POWER_MONITOR_RECORD {"timestamp_pacific": "2026-08-04T17:02:35.863-07:00", "status": "ok", "reasons": ["current_change"]}
POWER_MONITOR_RECORD {"timestamp_pacific": "2026-08-04T17:02:36.870-07:00", "status": "ok", "reasons": ["current_change"]}
POWER_MONITOR_RECORD {"timestamp_pacific": "2026-08-04T17:02:43.911-07:00", "status": "ok", "reasons": ["current_change"]}
POWER_MONITOR_RECORD {"timestamp_pacific": "2026-08-04T17:02:44.917-07:00", "status": "ok", "reasons": ["current_change"]}
POWER_MONITOR_RECORD {"timestamp_pacific": "2026-08-04T17:02:45.924-07:00", "status": "ok", "reasons": ["current_change"]}
POWER_MONITOR_RECORD {"timestamp_pacific": "2026-08-04T17:02:47.936-07:00", "status": "ok", "reasons": ["current_change"]}
POWER_MONITOR_RECORD {"timestamp_pacific": "2026-08-04T17:02:49.949-07:00", "status": "ok", "reasons": ["current_change"]}
POWER_MONITOR_RECORD {"timestamp_pacific": "2026-08-04T17:02:54.978-07:00", "status": "ok", "reasons": ["current_change"]}
POWER_MONITOR_RECORD {"timestamp_pacific": "2026-08-04T17:02:55.987-07:00", "status": "ok", "reasons": ["current_change"]}
POWER_MONITOR_RECORD {"timestamp_pacific": "2026-08-04T17:02:59.006-07:00", "status": "ok", "reasons": ["current_change"]}
POWER_MONITOR_RECORD {"timestamp_pacific": "2026-08-04T17:03:01.018-07:00", "status": "ok", "reasons": ["current_change"]}
POWER_MONITOR_RECORD {"timestamp_pacific": "2026-08-04T17:03:04.036-07:00", "status": "ok", "reasons": ["current_change"]}
POWER_MONITOR_RECORD {"timestamp_pacific": "2026-08-04T17:03:05.042-07:00", "status": "ok", "reasons": ["current_change"]}
POWER_MONITOR_RECORD {"timestamp_pacific": "2026-08-04T17:03:07.055-07:00", "status": "ok", "reasons": ["current_change"]}
POWER_MONITOR_RECORD {"timestamp_pacific": "2026-08-04T17:03:08.061-07:00", "status": "ok", "reasons": ["current_change"]}
POWER_MONITOR_RECORD {"timestamp_pacific": "2026-08-04T17:03:09.068-07:00", "status": "ok", "reasons": ["current_change"]}
POWER_MONITOR_RECORD {"timestamp_pacific": "2026-08-04T17:03:10.074-07:00", "status": "ok", "reasons": ["current_change"]}
POWER_MONITOR_RECORD {"timestamp_pacific": "2026-08-04T17:03:12.087-07:00", "status": "ok", "reasons": ["current_change"]}
POWER_MONITOR_RECORD {"timestamp_pacific": "2026-08-04T17:03:13.094-07:00", "status": "ok", "reasons": ["current_change"]}
POWER_MONITOR_RECORD {"timestamp_pacific": "2026-08-04T17:03:17.118-07:00", "status": "ok", "reasons": ["current_change"]}
POWER_MONITOR_RECORD {"timestamp_pacific": "2026-08-04T17:03:21.144-07:00", "status": "ok", "reasons": ["current_change"]}
POWER_MONITOR_RECORD {"timestamp_pacific": "2026-08-04T17:03:23.157-07:00", "status": "ok", "reasons": ["current_change"]}
POWER_MONITOR_RECORD {"timestamp_pacific": "2026-08-04T17:03:24.163-07:00", "status": "ok", "reasons": ["current_change"]}
POWER_MONITOR_RECORD {"timestamp_pacific": "2026-08-04T17:03:25.170-07:00", "status": "ok", "reasons": ["current_change"]}
POWER_MONITOR_RECORD {"timestamp_pacific": "2026-08-04T17:03:26.176-07:00", "status": "ok", "reasons": ["current_change"]}
POWER_MONITOR_RECORD {"timestamp_pacific": "2026-08-04T17:03:29.194-07:00", "status": "ok", "reasons": ["current_change"]}
POWER_MONITOR_RECORD {"timestamp_pacific": "2026-08-04T17:03:34.224-07:00", "status": "ok", "reasons": ["current_change"]}
POWER_MONITOR_RECORD {"timestamp_pacific": "2026-08-04T17:03:36.238-07:00", "status": "ok", "reasons": ["current_change"]}
POWER_MONITOR_RECORD {"timestamp_pacific": "2026-08-04T17:03:37.244-07:00", "status": "ok", "reasons": ["current_change"]}
POWER_MONITOR_RECORD {"timestamp_pacific": "2026-08-04T17:03:38.251-07:00", "status": "ok", "reasons": ["current_change"]}
POWER_MONITOR_RECORD {"timestamp_pacific": "2026-08-04T17:03:41.269-07:00", "status": "ok", "reasons": ["current_change"]}
POWER_MONITOR_RECORD {"timestamp_pacific": "2026-08-04T17:03:42.275-07:00", "status": "ok", "reasons": ["current_change"]}
POWER_MONITOR_RECORD {"timestamp_pacific": "2026-08-04T17:03:43.282-07:00", "status": "ok", "reasons": ["current_change"]}
POWER_MONITOR_RECORD {"timestamp_pacific": "2026-08-04T17:03:48.311-07:00", "status": "ok", "reasons": ["current_change"]}
POWER_MONITOR_RECORD {"timestamp_pacific": "2026-08-04T17:03:50.324-07:00", "status": "ok", "reasons": ["current_change"]}
POWER_MONITOR_RECORD {"timestamp_pacific": "2026-08-04T17:03:52.336-07:00", "status": "ok", "reasons": ["current_change"]}
POWER_MONITOR_RECORD {"timestamp_pacific": "2026-08-04T17:03:53.342-07:00", "status": "ok", "reasons": ["current_change"]}
POWER_MONITOR_RECORD {"timestamp_pacific": "2026-08-04T17:03:54.350-07:00", "status": "ok", "reasons": ["current_change"]}
POWER_MONITOR_RECORD {"timestamp_pacific": "2026-08-04T17:03:55.357-07:00", "status": "ok", "reasons": ["current_change"]}
POWER_MONITOR_RECORD {"timestamp_pacific": "2026-08-04T17:03:58.375-07:00", "status": "ok", "reasons": ["current_change"]}
POWER_MONITOR_RECORD {"timestamp_pacific": "2026-08-04T17:03:59.383-07:00", "status": "ok", "reasons": ["current_change"]}
POWER_MONITOR_RECORD {"timestamp_pacific": "2026-08-04T17:04:00.390-07:00", "status": "ok", "reasons": ["current_change"]}
POWER_MONITOR_RECORD {"timestamp_pacific": "2026-08-04T17:04:01.396-07:00", "status": "ok", "reasons": ["current_change"]}
POWER_MONITOR_RECORD {"timestamp_pacific": "2026-08-04T17:04:02.403-07:00", "status": "ok", "reasons": ["current_change"]}
POWER_MONITOR_RECORD {"timestamp_pacific": "2026-08-04T17:04:03.411-07:00", "status": "ok", "reasons": ["current_change"]}
POWER_MONITOR_RECORD {"timestamp_pacific": "2026-08-04T17:04:04.417-07:00", "status": "ok", "reasons": ["current_change"]}
POWER_MONITOR_RECORD {"timestamp_pacific": "2026-08-04T17:04:05.424-07:00", "status": "ok", "reasons": ["current_change"]}
POWER_MONITOR_RECORD {"timestamp_pacific": "2026-08-04T17:04:09.441-07:00", "status": "ok", "reasons": ["current_change"]}
POWER_MONITOR_RECORD {"timestamp_pacific": "2026-08-04T17:04:10.444-07:00", "status": "ok", "reasons": ["current_change"]}
POWER_MONITOR_RECORD {"timestamp_pacific": "2026-08-04T17:04:12.449-07:00", "status": "ok", "reasons": ["current_change"]}
POWER_MONITOR_RECORD {"timestamp_pacific": "2026-08-04T17:04:14.461-07:00", "status": "ok", "reasons": ["current_change"]}
POWER_MONITOR_RECORD {"timestamp_pacific": "2026-08-04T17:04:17.480-07:00", "status": "ok", "reasons": ["current_change"]}
POWER_MONITOR_RECORD {"timestamp_pacific": "2026-08-04T17:04:19.493-07:00", "status": "ok", "reasons": ["current_change"]}
POWER_MONITOR_RECORD {"timestamp_pacific": "2026-08-04T17:04:20.500-07:00", "status": "ok", "reasons": ["current_change"]}
POWER_MONITOR_RECORD {"timestamp_pacific": "2026-08-04T17:04:21.507-07:00", "status": "ok", "reasons": ["current_change"]}
POWER_MONITOR_RECORD {"timestamp_pacific": "2026-08-04T17:04:25.531-07:00", "status": "ok", "reasons": ["current_change"]}
POWER_MONITOR_RECORD {"timestamp_pacific": "2026-08-04T17:04:26.538-07:00", "status": "ok", "reasons": ["current_change"]}
POWER_MONITOR_RECORD {"timestamp_pacific": "2026-08-04T17:04:27.544-07:00", "status": "ok", "reasons": ["current_change"]}
POWER_MONITOR_RECORD {"timestamp_pacific": "2026-08-04T17:04:28.551-07:00", "status": "ok", "reasons": ["current_change"]}
POWER_MONITOR_RECORD {"timestamp_pacific": "2026-08-04T17:04:29.557-07:00", "status": "ok", "reasons": ["current_change"]}
POWER_MONITOR_RECORD {"timestamp_pacific": "2026-08-04T17:04:31.570-07:00", "status": "ok", "reasons": ["current_change"]}
POWER_MONITOR_RECORD {"timestamp_pacific": "2026-08-04T17:04:32.576-07:00", "status": "ok", "reasons": ["current_change"]}
POWER_MONITOR_RECORD {"timestamp_pacific": "2026-08-04T17:04:33.583-07:00", "status": "ok", "reasons": ["current_change"]}
POWER_MONITOR_RECORD {"timestamp_pacific": "2026-08-04T17:04:36.601-07:00", "status": "ok", "reasons": ["current_change"]}
POWER_MONITOR_RECORD {"timestamp_pacific": "2026-08-04T17:04:37.609-07:00", "status": "ok", "reasons": ["current_change"]}
POWER_MONITOR_RECORD {"timestamp_pacific": "2026-08-04T17:04:40.627-07:00", "status": "ok", "reasons": ["current_change"]}
POWER_MONITOR_RECORD {"timestamp_pacific": "2026-08-04T17:04:42.639-07:00", "status": "ok", "reasons": ["current_change"]}
POWER_MONITOR_RECORD {"timestamp_pacific": "2026-08-04T17:04:44.652-07:00", "status": "ok", "reasons": ["current_change"]}
POWER_MONITOR_RECORD {"timestamp_pacific": "2026-08-04T17:04:45.658-07:00", "status": "ok", "reasons": ["current_change"]}
POWER_MONITOR_RECORD {"timestamp_pacific": "2026-08-04T17:04:46.665-07:00", "status": "ok", "reasons": ["current_change"]}
POWER_MONITOR_RECORD {"timestamp_pacific": "2026-08-04T17:04:47.671-07:00", "status": "ok", "reasons": ["current_change"]}
POWER_MONITOR_RECORD {"timestamp_pacific": "2026-08-04T17:04:49.684-07:00", "status": "ok", "reasons": ["current_change"]}
POWER_MONITOR_RECORD {"timestamp_pacific": "2026-08-04T17:04:54.713-07:00", "status": "ok", "reasons": ["current_change"]}
POWER_MONITOR_RECORD {"timestamp_pacific": "2026-08-04T17:05:00.749-07:00", "status": "ok", "reasons": ["current_change"]}
POWER_MONITOR_RECORD {"timestamp_pacific": "2026-08-04T17:05:02.763-07:00", "status": "ok", "reasons": ["current_change"]}
POWER_MONITOR_RECORD {"timestamp_pacific": "2026-08-04T17:05:03.769-07:00", "status": "ok", "reasons": ["current_change"]}
POWER_MONITOR_RECORD {"timestamp_pacific": "2026-08-04T17:05:05.782-07:00", "status": "ok", "reasons": ["current_change"]}
POWER_MONITOR_RECORD {"timestamp_pacific": "2026-08-04T17:05:07.799-07:00", "status": "ok", "reasons": ["current_change"]}
POWER_MONITOR_RECORD {"timestamp_pacific": "2026-08-04T17:05:09.805-07:00", "status": "ok", "reasons": ["current_change"]}
POWER_MONITOR_RECORD {"timestamp_pacific": "2026-08-04T17:05:10.807-07:00", "status": "ok", "reasons": ["current_change"]}
POWER_MONITOR_RECORD {"timestamp_pacific": "2026-08-04T17:05:12.812-07:00", "status": "ok", "reasons": ["current_change"]}
POWER_MONITOR_RECORD {"timestamp_pacific": "2026-08-04T17:05:13.819-07:00", "status": "ok", "reasons": ["current_change"]}
POWER_MONITOR_RECORD {"timestamp_pacific": "2026-08-04T17:05:14.825-07:00", "status": "ok", "reasons": ["current_change"]}
POWER_MONITOR_RECORD {"timestamp_pacific": "2026-08-04T17:05:16.838-07:00", "status": "ok", "reasons": ["current_change"]}
POWER_MONITOR_RECORD {"timestamp_pacific": "2026-08-04T17:05:17.846-07:00", "status": "ok", "reasons": ["current_change"]}
POWER_MONITOR_RECORD {"timestamp_pacific": "2026-08-04T17:05:18.853-07:00", "status": "ok", "reasons": ["current_change"]}
POWER_MONITOR_RECORD {"timestamp_pacific": "2026-08-04T17:05:20.865-07:00", "status": "ok", "reasons": ["current_change"]}
POWER_MONITOR_RECORD {"timestamp_pacific": "2026-08-04T17:05:22.878-07:00", "status": "ok", "reasons": ["current_change"]}
POWER_MONITOR_RECORD {"timestamp_pacific": "2026-08-04T17:05:23.884-07:00", "status": "ok", "reasons": ["current_change"]}
POWER_MONITOR_RECORD {"timestamp_pacific": "2026-08-04T17:05:25.897-07:00", "status": "ok", "reasons": ["current_change"]}
POWER_MONITOR_RECORD {"timestamp_pacific": "2026-08-04T17:05:29.921-07:00", "status": "ok", "reasons": ["current_change"]}
POWER_MONITOR_RECORD {"timestamp_pacific": "2026-08-04T17:05:30.927-07:00", "status": "ok", "reasons": ["current_change"]}
POWER_MONITOR_RECORD {"timestamp_pacific": "2026-08-04T17:05:31.934-07:00", "status": "ok", "reasons": ["current_change"]}
POWER_MONITOR_RECORD {"timestamp_pacific": "2026-08-04T17:05:32.941-07:00", "status": "ok", "reasons": ["current_change"]}
POWER_MONITOR_RECORD {"timestamp_pacific": "2026-08-04T17:05:33.947-07:00", "status": "ok", "reasons": ["current_change"]}
POWER_MONITOR_RECORD {"timestamp_pacific": "2026-08-04T17:05:36.965-07:00", "status": "ok", "reasons": ["current_change"]}
POWER_MONITOR_RECORD {"timestamp_pacific": "2026-08-04T17:05:37.972-07:00", "status": "ok", "reasons": ["current_change"]}
POWER_MONITOR_RECORD {"timestamp_pacific": "2026-08-04T17:05:40.990-07:00", "status": "ok", "reasons": ["current_change"]}
POWER_MONITOR_RECORD {"timestamp_pacific": "2026-08-04T17:05:46.020-07:00", "status": "ok", "reasons": ["current_change"]}
POWER_MONITOR_RECORD {"timestamp_pacific": "2026-08-04T17:05:47.026-07:00", "status": "ok", "reasons": ["current_change"]}
POWER_MONITOR_RECORD {"timestamp_pacific": "2026-08-04T17:05:48.033-07:00", "status": "ok", "reasons": ["current_change"]}
POWER_MONITOR_RECORD {"timestamp_pacific": "2026-08-04T17:05:49.040-07:00", "status": "ok", "reasons": ["current_change"]}
POWER_MONITOR_RECORD {"timestamp_pacific": "2026-08-04T17:05:50.046-07:00", "status": "ok", "reasons": ["current_change"]}
POWER_MONITOR_RECORD {"timestamp_pacific": "2026-08-04T17:05:51.053-07:00", "status": "ok", "reasons": ["current_change"]}
POWER_MONITOR_RECORD {"timestamp_pacific": "2026-08-04T17:05:52.060-07:00", "status": "ok", "reasons": ["current_change"]}
POWER_MONITOR_RECORD {"timestamp_pacific": "2026-08-04T17:05:54.073-07:00", "status": "ok", "reasons": ["current_change"]}
POWER_MONITOR_RECORD {"timestamp_pacific": "2026-08-04T17:05:57.091-07:00", "status": "ok", "reasons": ["current_change"]}
POWER_MONITOR_RECORD {"timestamp_pacific": "2026-08-04T17:05:58.097-07:00", "status": "ok", "reasons": ["current_change"]}
POWER_MONITOR_RECORD {"timestamp_pacific": "2026-08-04T17:05:59.104-07:00", "status": "ok", "reasons": ["current_change"]}
POWER_MONITOR_RECORD {"timestamp_pacific": "2026-08-04T17:06:00.110-07:00", "status": "ok", "reasons": ["current_change"]}
POWER_MONITOR_RECORD {"timestamp_pacific": "2026-08-04T17:06:01.116-07:00", "status": "ok", "reasons": ["current_change"]}
POWER_MONITOR_RECORD {"timestamp_pacific": "2026-08-04T17:06:04.134-07:00", "status": "ok", "reasons": ["current_change"]}
POWER_MONITOR_RECORD {"timestamp_pacific": "2026-08-04T17:06:06.146-07:00", "status": "ok", "reasons": ["current_change"]}
POWER_MONITOR_RECORD {"timestamp_pacific": "2026-08-04T17:06:07.153-07:00", "status": "ok", "reasons": ["current_change"]}
POWER_MONITOR_RECORD {"timestamp_pacific": "2026-08-04T17:06:09.165-07:00", "status": "ok", "reasons": ["current_change"]}
POWER_MONITOR_RECORD {"timestamp_pacific": "2026-08-04T17:06:10.173-07:00", "status": "ok", "reasons": ["current_change"]}
POWER_MONITOR_RECORD {"timestamp_pacific": "2026-08-04T17:06:11.179-07:00", "status": "ok", "reasons": ["current_change"]}
POWER_MONITOR_RECORD {"timestamp_pacific": "2026-08-04T17:06:12.186-07:00", "status": "ok", "reasons": ["current_change"]}
POWER_MONITOR_RECORD {"timestamp_pacific": "2026-08-04T17:06:13.192-07:00", "status": "ok", "reasons": ["current_change"]}
POWER_MONITOR_RECORD {"timestamp_pacific": "2026-08-04T17:06:16.211-07:00", "status": "ok", "reasons": ["current_change"]}
POWER_MONITOR_RECORD {"timestamp_pacific": "2026-08-04T17:06:17.217-07:00", "status": "ok", "reasons": ["current_change"]}
POWER_MONITOR_RECORD {"timestamp_pacific": "2026-08-04T17:06:18.224-07:00", "status": "ok", "reasons": ["current_change"]}
POWER_MONITOR_RECORD {"timestamp_pacific": "2026-08-04T17:06:19.230-07:00", "status": "ok", "reasons": ["current_change"]}
POWER_MONITOR_RECORD {"timestamp_pacific": "2026-08-04T17:06:22.249-07:00", "status": "ok", "reasons": ["current_change"]}
POWER_MONITOR_RECORD {"timestamp_pacific": "2026-08-04T17:06:23.255-07:00", "status": "ok", "reasons": ["current_change"]}
POWER_MONITOR_RECORD {"timestamp_pacific": "2026-08-04T17:06:24.262-07:00", "status": "ok", "reasons": ["current_change"]}
POWER_MONITOR_RECORD {"timestamp_pacific": "2026-08-04T17:06:25.268-07:00", "status": "ok", "reasons": ["current_change"]}
POWER_MONITOR_RECORD {"timestamp_pacific": "2026-08-04T17:06:26.275-07:00", "status": "ok", "reasons": ["current_change"]}
POWER_MONITOR_RECORD {"timestamp_pacific": "2026-08-04T17:06:27.281-07:00", "status": "ok", "reasons": ["current_change"]}
POWER_MONITOR_RECORD {"timestamp_pacific": "2026-08-04T17:06:29.296-07:00", "status": "ok", "reasons": ["current_change"]}
POWER_MONITOR_RECORD {"timestamp_pacific": "2026-08-04T17:06:30.302-07:00", "status": "ok", "reasons": ["current_change"]}
POWER_MONITOR_RECORD {"timestamp_pacific": "2026-08-04T17:06:31.309-07:00", "status": "ok", "reasons": ["current_change"]}
POWER_MONITOR_RECORD {"timestamp_pacific": "2026-08-04T17:06:32.315-07:00", "status": "ok", "reasons": ["current_change"]}
POWER_MONITOR_RECORD {"timestamp_pacific": "2026-08-04T17:06:34.329-07:00", "status": "ok", "reasons": ["current_change"]}
POWER_MONITOR_RECORD {"timestamp_pacific": "2026-08-04T17:06:36.342-07:00", "status": "ok", "reasons": ["current_change"]}
POWER_MONITOR_RECORD {"timestamp_pacific": "2026-08-04T17:06:39.360-07:00", "status": "ok", "reasons": ["current_change"]}
POWER_MONITOR_RECORD {"timestamp_pacific": "2026-08-04T17:06:40.366-07:00", "status": "ok", "reasons": ["current_change"]}
POWER_MONITOR_RECORD {"timestamp_pacific": "2026-08-04T17:06:43.384-07:00", "status": "ok", "reasons": ["current_change"]}
POWER_MONITOR_RECORD {"timestamp_pacific": "2026-08-04T17:06:45.397-07:00", "status": "ok", "reasons": ["current_change"]}
POWER_MONITOR_RECORD {"timestamp_pacific": "2026-08-04T17:06:46.403-07:00", "status": "ok", "reasons": ["current_change"]}
POWER_MONITOR_RECORD {"timestamp_pacific": "2026-08-04T17:06:52.439-07:00", "status": "ok", "reasons": ["current_change"]}
POWER_MONITOR_RECORD {"timestamp_pacific": "2026-08-04T17:06:53.446-07:00", "status": "ok", "reasons": ["current_change"]}
POWER_MONITOR_RECORD {"timestamp_pacific": "2026-08-04T17:06:54.452-07:00", "status": "ok", "reasons": ["current_change"]}
POWER_MONITOR_RECORD {"timestamp_pacific": "2026-08-04T17:06:59.482-07:00", "status": "ok", "reasons": ["current_change"]}
POWER_MONITOR_RECORD {"timestamp_pacific": "2026-08-04T17:07:03.506-07:00", "status": "ok", "reasons": ["current_change"]}
POWER_MONITOR_RECORD {"timestamp_pacific": "2026-08-04T17:07:05.519-07:00", "status": "ok", "reasons": ["current_change"]}
POWER_MONITOR_RECORD {"timestamp_pacific": "2026-08-04T17:07:07.531-07:00", "status": "ok", "reasons": ["current_change"]}
POWER_MONITOR_RECORD {"timestamp_pacific": "2026-08-04T17:07:13.550-07:00", "status": "ok", "reasons": ["current_change"]}
POWER_MONITOR_RECORD {"timestamp_pacific": "2026-08-04T17:07:14.557-07:00", "status": "ok", "reasons": ["current_change"]}
POWER_MONITOR_RECORD {"timestamp_pacific": "2026-08-04T17:07:16.569-07:00", "status": "ok", "reasons": ["current_change"]}
POWER_MONITOR_RECORD {"timestamp_pacific": "2026-08-04T17:07:19.587-07:00", "status": "ok", "reasons": ["current_change"]}
POWER_MONITOR_RECORD {"timestamp_pacific": "2026-08-04T17:07:22.605-07:00", "status": "ok", "reasons": ["current_change"]}
POWER_MONITOR_RECORD {"timestamp_pacific": "2026-08-04T17:07:23.612-07:00", "status": "ok", "reasons": ["current_change"]}
POWER_MONITOR_RECORD {"timestamp_pacific": "2026-08-04T17:07:26.630-07:00", "status": "ok", "reasons": ["current_change"]}
POWER_MONITOR_RECORD {"timestamp_pacific": "2026-08-04T17:07:27.637-07:00", "status": "ok", "reasons": ["current_change"]}
POWER_MONITOR_RECORD {"timestamp_pacific": "2026-08-04T17:07:28.643-07:00", "status": "ok", "reasons": ["current_change"]}
POWER_MONITOR_RECORD {"timestamp_pacific": "2026-08-04T17:07:29.650-07:00", "status": "ok", "reasons": ["current_change"]}
POWER_MONITOR_RECORD {"timestamp_pacific": "2026-08-04T17:07:35.685-07:00", "status": "ok", "reasons": ["current_change"]}
POWER_MONITOR_RECORD {"timestamp_pacific": "2026-08-04T17:07:37.698-07:00", "status": "ok", "reasons": ["current_change"]}
POWER_MONITOR_RECORD {"timestamp_pacific": "2026-08-04T17:07:40.716-07:00", "status": "ok", "reasons": ["current_change"]}
POWER_MONITOR_RECORD {"timestamp_pacific": "2026-08-04T17:07:41.724-07:00", "status": "ok", "reasons": ["current_change"]}
POWER_MONITOR_RECORD {"timestamp_pacific": "2026-08-04T17:07:49.771-07:00", "status": "ok", "reasons": ["current_change"]}
POWER_MONITOR_RECORD {"timestamp_pacific": "2026-08-04T17:07:50.778-07:00", "status": "ok", "reasons": ["current_change"]}
POWER_MONITOR_RECORD {"timestamp_pacific": "2026-08-04T17:07:52.790-07:00", "status": "ok", "reasons": ["current_change"]}
POWER_MONITOR_RECORD {"timestamp_pacific": "2026-08-04T17:07:55.811-07:00", "status": "ok", "reasons": ["current_change"]}
POWER_MONITOR_RECORD {"timestamp_pacific": "2026-08-04T17:07:56.817-07:00", "status": "ok", "reasons": ["current_change"]}
POWER_MONITOR_RECORD {"timestamp_pacific": "2026-08-04T17:07:59.836-07:00", "status": "ok", "reasons": ["current_change"]}
POWER_MONITOR_RECORD {"timestamp_pacific": "2026-08-04T17:08:01.848-07:00", "status": "ok", "reasons": ["current_change"]}
POWER_MONITOR_RECORD {"timestamp_pacific": "2026-08-04T17:08:02.855-07:00", "status": "ok", "reasons": ["current_change"]}
POWER_MONITOR_RECORD {"timestamp_pacific": "2026-08-04T17:08:03.861-07:00", "status": "ok", "reasons": ["current_change"]}
POWER_MONITOR_RECORD {"timestamp_pacific": "2026-08-04T17:08:04.868-07:00", "status": "ok", "reasons": ["current_change"]}
POWER_MONITOR_RECORD {"timestamp_pacific": "2026-08-04T17:08:05.874-07:00", "status": "ok", "reasons": ["current_change"]}
POWER_MONITOR_RECORD {"timestamp_pacific": "2026-08-04T17:08:08.891-07:00", "status": "ok", "reasons": ["current_change"]}
POWER_MONITOR_RECORD {"timestamp_pacific": "2026-08-04T17:08:09.897-07:00", "status": "ok", "reasons": ["current_change"]}
POWER_MONITOR_RECORD {"timestamp_pacific": "2026-08-04T17:08:10.904-07:00", "status": "ok", "reasons": ["current_change"]}
POWER_MONITOR_RECORD {"timestamp_pacific": "2026-08-04T17:08:13.922-07:00", "status": "ok", "reasons": ["current_change"]}
POWER_MONITOR_RECORD {"timestamp_pacific": "2026-08-04T17:08:14.928-07:00", "status": "ok", "reasons": ["current_change"]}
POWER_MONITOR_RECORD {"timestamp_pacific": "2026-08-04T17:08:20.964-07:00", "status": "ok", "reasons": ["current_change"]}
POWER_MONITOR_RECORD {"timestamp_pacific": "2026-08-04T17:08:21.971-07:00", "status": "ok", "reasons": ["current_change"]}
POWER_MONITOR_RECORD {"timestamp_pacific": "2026-08-04T17:08:23.983-07:00", "status": "ok", "reasons": ["current_change"]}
POWER_MONITOR_RECORD {"timestamp_pacific": "2026-08-04T17:08:25.996-07:00", "status": "ok", "reasons": ["current_change"]}
POWER_MONITOR_RECORD {"timestamp_pacific": "2026-08-04T17:08:27.002-07:00", "status": "ok", "reasons": ["current_change"]}
POWER_MONITOR_RECORD {"timestamp_pacific": "2026-08-04T17:08:28.009-07:00", "status": "ok", "reasons": ["current_change"]}
POWER_MONITOR_RECORD {"timestamp_pacific": "2026-08-04T17:08:30.021-07:00", "status": "ok", "reasons": ["current_change"]}
POWER_MONITOR_RECORD {"timestamp_pacific": "2026-08-04T17:08:31.029-07:00", "status": "ok", "reasons": ["current_change"]}
POWER_MONITOR_RECORD {"timestamp_pacific": "2026-08-04T17:08:34.047-07:00", "status": "ok", "reasons": ["current_change"]}
POWER_MONITOR_RECORD {"timestamp_pacific": "2026-08-04T17:08:35.054-07:00", "status": "ok", "reasons": ["current_change"]}
POWER_MONITOR_RECORD {"timestamp_pacific": "2026-08-04T17:08:36.060-07:00", "status": "ok", "reasons": ["current_change"]}
POWER_MONITOR_RECORD {"timestamp_pacific": "2026-08-04T17:08:37.069-07:00", "status": "ok", "reasons": ["current_change"]}
POWER_MONITOR_RECORD {"timestamp_pacific": "2026-08-04T17:08:38.075-07:00", "status": "ok", "reasons": ["current_change"]}
POWER_MONITOR_RECORD {"timestamp_pacific": "2026-08-04T17:08:39.082-07:00", "status": "ok", "reasons": ["current_change"]}
POWER_MONITOR_RECORD {"timestamp_pacific": "2026-08-04T17:08:40.088-07:00", "status": "ok", "reasons": ["current_change"]}
POWER_MONITOR_RECORD {"timestamp_pacific": "2026-08-04T17:08:41.095-07:00", "status": "ok", "reasons": ["current_change"]}
POWER_MONITOR_RECORD {"timestamp_pacific": "2026-08-04T17:08:42.102-07:00", "status": "ok", "reasons": ["current_change"]}
POWER_MONITOR_RECORD {"timestamp_pacific": "2026-08-04T17:08:44.115-07:00", "status": "ok", "reasons": ["current_change"]}
POWER_MONITOR_RECORD {"timestamp_pacific": "2026-08-04T17:08:48.139-07:00", "status": "ok", "reasons": ["current_change"]}
POWER_MONITOR_RECORD {"timestamp_pacific": "2026-08-04T17:08:52.163-07:00", "status": "ok", "reasons": ["current_change"]}
POWER_MONITOR_RECORD {"timestamp_pacific": "2026-08-04T17:08:53.170-07:00", "status": "ok", "reasons": ["current_change"]}
POWER_MONITOR_RECORD {"timestamp_pacific": "2026-08-04T17:08:54.178-07:00", "status": "ok", "reasons": ["current_change"]}
POWER_MONITOR_RECORD {"timestamp_pacific": "2026-08-04T17:08:56.191-07:00", "status": "ok", "reasons": ["current_change"]}
POWER_MONITOR_RECORD {"timestamp_pacific": "2026-08-04T17:08:57.197-07:00", "status": "ok", "reasons": ["current_change"]}
POWER_MONITOR_RECORD {"timestamp_pacific": "2026-08-04T17:08:59.210-07:00", "status": "ok", "reasons": ["current_change"]}
POWER_MONITOR_RECORD {"timestamp_pacific": "2026-08-04T17:09:01.222-07:00", "status": "ok", "reasons": ["current_change"]}
POWER_MONITOR_RECORD {"timestamp_pacific": "2026-08-04T17:09:05.246-07:00", "status": "ok", "reasons": ["current_change"]}
POWER_MONITOR_RECORD {"timestamp_pacific": "2026-08-04T17:09:09.263-07:00", "status": "ok", "reasons": ["current_change"]}
POWER_MONITOR_RECORD {"timestamp_pacific": "2026-08-04T17:09:10.266-07:00", "status": "ok", "reasons": ["current_change"]}
POWER_MONITOR_RECORD {"timestamp_pacific": "2026-08-04T17:09:17.300-07:00", "status": "ok", "reasons": ["current_change"]}
POWER_MONITOR_RECORD {"timestamp_pacific": "2026-08-04T17:09:19.313-07:00", "status": "ok", "reasons": ["current_change"]}
POWER_MONITOR_RECORD {"timestamp_pacific": "2026-08-04T17:09:20.319-07:00", "status": "ok", "reasons": ["current_change"]}
POWER_MONITOR_RECORD {"timestamp_pacific": "2026-08-04T17:09:22.332-07:00", "status": "ok", "reasons": ["current_change"]}
POWER_MONITOR_RECORD {"timestamp_pacific": "2026-08-04T17:09:24.347-07:00", "status": "ok", "reasons": ["current_change"]}
POWER_MONITOR_RECORD {"timestamp_pacific": "2026-08-04T17:09:25.353-07:00", "status": "ok", "reasons": ["current_change"]}
POWER_MONITOR_RECORD {"timestamp_pacific": "2026-08-04T17:09:28.371-07:00", "status": "ok", "reasons": ["current_change"]}
POWER_MONITOR_RECORD {"timestamp_pacific": "2026-08-04T17:09:33.401-07:00", "status": "ok", "reasons": ["current_change"]}
POWER_MONITOR_RECORD {"timestamp_pacific": "2026-08-04T17:09:37.427-07:00", "status": "ok", "reasons": ["current_change"]}
POWER_MONITOR_RECORD {"timestamp_pacific": "2026-08-04T17:09:38.433-07:00", "status": "ok", "reasons": ["current_change"]}
POWER_MONITOR_RECORD {"timestamp_pacific": "2026-08-04T17:09:42.458-07:00", "status": "ok", "reasons": ["current_change"]}
POWER_MONITOR_RECORD {"timestamp_pacific": "2026-08-04T17:09:44.471-07:00", "status": "ok", "reasons": ["current_change"]}
POWER_MONITOR_RECORD {"timestamp_pacific": "2026-08-04T17:09:45.478-07:00", "status": "ok", "reasons": ["current_change"]}
POWER_MONITOR_RECORD {"timestamp_pacific": "2026-08-04T17:09:46.484-07:00", "status": "ok", "reasons": ["current_change"]}
POWER_MONITOR_RECORD {"timestamp_pacific": "2026-08-04T17:09:47.491-07:00", "status": "ok", "reasons": ["current_change"]}
POWER_MONITOR_RECORD {"timestamp_pacific": "2026-08-04T17:09:49.503-07:00", "status": "ok", "reasons": ["current_change"]}
POWER_MONITOR_RECORD {"timestamp_pacific": "2026-08-04T17:09:51.517-07:00", "status": "ok", "reasons": ["current_change"]}
POWER_MONITOR_RECORD {"timestamp_pacific": "2026-08-04T17:09:52.524-07:00", "status": "ok", "reasons": ["current_change"]}
POWER_MONITOR_RECORD {"timestamp_pacific": "2026-08-04T17:09:53.530-07:00", "status": "ok", "reasons": ["current_change"]}
POWER_MONITOR_RECORD {"timestamp_pacific": "2026-08-04T17:09:54.537-07:00", "status": "ok", "reasons": ["current_change"]}
POWER_MONITOR_RECORD {"timestamp_pacific": "2026-08-04T17:09:55.545-07:00", "status": "ok", "reasons": ["current_change"]}
POWER_MONITOR_RECORD {"timestamp_pacific": "2026-08-04T17:09:57.557-07:00", "status": "ok", "reasons": ["current_change"]}
POWER_MONITOR_RECORD {"timestamp_pacific": "2026-08-04T17:10:01.581-07:00", "status": "ok", "reasons": ["current_change"]}
POWER_MONITOR_RECORD {"timestamp_pacific": "2026-08-04T17:10:02.588-07:00", "status": "ok", "reasons": ["current_change"]}
POWER_MONITOR_RECORD {"timestamp_pacific": "2026-08-04T17:10:06.612-07:00", "status": "ok", "reasons": ["current_change"]}
POWER_MONITOR_RECORD {"timestamp_pacific": "2026-08-04T17:10:07.619-07:00", "status": "ok", "reasons": ["current_change"]}
POWER_MONITOR_RECORD {"timestamp_pacific": "2026-08-04T17:10:09.625-07:00", "status": "ok", "reasons": ["current_change"]}
POWER_MONITOR_RECORD {"timestamp_pacific": "2026-08-04T17:10:10.627-07:00", "status": "ok", "reasons": ["current_change"]}
POWER_MONITOR_RECORD {"timestamp_pacific": "2026-08-04T17:10:15.650-07:00", "status": "ok", "reasons": ["current_change"]}
POWER_MONITOR_RECORD {"timestamp_pacific": "2026-08-04T17:10:17.663-07:00", "status": "ok", "reasons": ["current_change"]}
POWER_MONITOR_RECORD {"timestamp_pacific": "2026-08-04T17:10:18.669-07:00", "status": "ok", "reasons": ["current_change"]}
POWER_MONITOR_RECORD {"timestamp_pacific": "2026-08-04T17:10:19.676-07:00", "status": "ok", "reasons": ["current_change"]}
POWER_MONITOR_RECORD {"timestamp_pacific": "2026-08-04T17:10:23.700-07:00", "status": "ok", "reasons": ["current_change"]}
POWER_MONITOR_RECORD {"timestamp_pacific": "2026-08-04T17:10:24.706-07:00", "status": "ok", "reasons": ["current_change"]}
POWER_MONITOR_RECORD {"timestamp_pacific": "2026-08-04T17:10:26.719-07:00", "status": "ok", "reasons": ["current_change"]}
POWER_MONITOR_RECORD {"timestamp_pacific": "2026-08-04T17:10:27.725-07:00", "status": "ok", "reasons": ["current_change"]}
POWER_MONITOR_RECORD {"timestamp_pacific": "2026-08-04T17:10:28.732-07:00", "status": "ok", "reasons": ["current_change"]}
POWER_MONITOR_RECORD {"timestamp_pacific": "2026-08-04T17:10:29.740-07:00", "status": "ok", "reasons": ["current_change"]}
POWER_MONITOR_RECORD {"timestamp_pacific": "2026-08-04T17:10:36.782-07:00", "status": "ok", "reasons": ["current_change"]}
POWER_MONITOR_RECORD {"timestamp_pacific": "2026-08-04T17:10:37.788-07:00", "status": "ok", "reasons": ["current_change"]}
POWER_MONITOR_RECORD {"timestamp_pacific": "2026-08-04T17:10:40.806-07:00", "status": "ok", "reasons": ["current_change"]}
POWER_MONITOR_RECORD {"timestamp_pacific": "2026-08-04T17:10:41.813-07:00", "status": "ok", "reasons": ["current_change"]}
POWER_MONITOR_RECORD {"timestamp_pacific": "2026-08-04T17:10:42.820-07:00", "status": "ok", "reasons": ["current_change"]}
POWER_MONITOR_RECORD {"timestamp_pacific": "2026-08-04T17:10:43.827-07:00", "status": "ok", "reasons": ["current_change"]}
POWER_MONITOR_RECORD {"timestamp_pacific": "2026-08-04T17:10:45.839-07:00", "status": "ok", "reasons": ["current_change"]}
POWER_MONITOR_RECORD {"timestamp_pacific": "2026-08-04T17:10:46.846-07:00", "status": "ok", "reasons": ["current_change"]}
POWER_MONITOR_RECORD {"timestamp_pacific": "2026-08-04T17:10:49.865-07:00", "status": "ok", "reasons": ["current_change"]}
POWER_MONITOR_RECORD {"timestamp_pacific": "2026-08-04T17:10:51.878-07:00", "status": "ok", "reasons": ["current_change"]}
POWER_MONITOR_RECORD {"timestamp_pacific": "2026-08-04T17:10:54.898-07:00", "status": "ok", "reasons": ["current_change"]}
POWER_MONITOR_RECORD {"timestamp_pacific": "2026-08-04T17:10:55.904-07:00", "status": "ok", "reasons": ["current_change"]}
POWER_MONITOR_RECORD {"timestamp_pacific": "2026-08-04T17:11:00.934-07:00", "status": "ok", "reasons": ["current_change"]}
POWER_MONITOR_RECORD {"timestamp_pacific": "2026-08-04T17:11:01.941-07:00", "status": "ok", "reasons": ["current_change"]}
POWER_MONITOR_RECORD {"timestamp_pacific": "2026-08-04T17:11:03.953-07:00", "status": "ok", "reasons": ["current_change"]}
POWER_MONITOR_RECORD {"timestamp_pacific": "2026-08-04T17:11:09.988-07:00", "status": "ok", "reasons": ["current_change"]}
POWER_MONITOR_RECORD {"timestamp_pacific": "2026-08-04T17:11:10.994-07:00", "status": "ok", "reasons": ["current_change"]}
POWER_MONITOR_RECORD {"timestamp_pacific": "2026-08-04T17:11:12.001-07:00", "status": "ok", "reasons": ["current_change"]}
POWER_MONITOR_RECORD {"timestamp_pacific": "2026-08-04T17:11:13.007-07:00", "status": "ok", "reasons": ["current_change"]}
POWER_MONITOR_RECORD {"timestamp_pacific": "2026-08-04T17:11:15.019-07:00", "status": "ok", "reasons": ["current_change"]}
POWER_MONITOR_RECORD {"timestamp_pacific": "2026-08-04T17:11:20.050-07:00", "status": "ok", "reasons": ["current_change"]}
POWER_MONITOR_RECORD {"timestamp_pacific": "2026-08-04T17:11:25.082-07:00", "status": "ok", "reasons": ["current_change"]}
POWER_MONITOR_RECORD {"timestamp_pacific": "2026-08-04T17:11:26.090-07:00", "status": "ok", "reasons": ["current_change"]}
POWER_MONITOR_RECORD {"timestamp_pacific": "2026-08-04T17:11:29.108-07:00", "status": "ok", "reasons": ["current_change"]}
POWER_MONITOR_RECORD {"timestamp_pacific": "2026-08-04T17:11:31.120-07:00", "status": "ok", "reasons": ["current_change"]}
POWER_MONITOR_RECORD {"timestamp_pacific": "2026-08-04T17:11:32.127-07:00", "status": "ok", "reasons": ["current_change"]}
POWER_MONITOR_RECORD {"timestamp_pacific": "2026-08-04T17:11:35.145-07:00", "status": "ok", "reasons": ["current_change"]}
POWER_MONITOR_RECORD {"timestamp_pacific": "2026-08-04T17:11:38.163-07:00", "status": "ok", "reasons": ["current_change"]}
POWER_MONITOR_RECORD {"timestamp_pacific": "2026-08-04T17:11:39.170-07:00", "status": "ok", "reasons": ["current_change"]}
POWER_MONITOR_RECORD {"timestamp_pacific": "2026-08-04T17:11:43.194-07:00", "status": "ok", "reasons": ["current_change"]}
POWER_MONITOR_RECORD {"timestamp_pacific": "2026-08-04T17:11:45.207-07:00", "status": "ok", "reasons": ["current_change"]}
POWER_MONITOR_RECORD {"timestamp_pacific": "2026-08-04T17:11:46.214-07:00", "status": "ok", "reasons": ["current_change"]}
POWER_MONITOR_RECORD {"timestamp_pacific": "2026-08-04T17:11:48.226-07:00", "status": "ok", "reasons": ["current_change"]}
POWER_MONITOR_RECORD {"timestamp_pacific": "2026-08-04T17:11:49.234-07:00", "status": "ok", "reasons": ["current_change"]}
POWER_MONITOR_RECORD {"timestamp_pacific": "2026-08-04T17:11:50.241-07:00", "status": "ok", "reasons": ["current_change"]}
POWER_MONITOR_RECORD {"timestamp_pacific": "2026-08-04T17:11:53.259-07:00", "status": "ok", "reasons": ["current_change"]}
POWER_MONITOR_RECORD {"timestamp_pacific": "2026-08-04T17:11:55.273-07:00", "status": "ok", "reasons": ["current_change"]}
POWER_MONITOR_RECORD {"timestamp_pacific": "2026-08-04T17:11:56.280-07:00", "status": "ok", "reasons": ["current_change"]}
POWER_MONITOR_RECORD {"timestamp_pacific": "2026-08-04T17:11:58.292-07:00", "status": "ok", "reasons": ["current_change"]}
POWER_MONITOR_RECORD {"timestamp_pacific": "2026-08-04T17:11:59.300-07:00", "status": "ok", "reasons": ["current_change"]}
POWER_MONITOR_RECORD {"timestamp_pacific": "2026-08-04T17:12:00.306-07:00", "status": "ok", "reasons": ["current_change"]}
POWER_MONITOR_RECORD {"timestamp_pacific": "2026-08-04T17:12:02.318-07:00", "status": "ok", "reasons": ["current_change"]}
POWER_MONITOR_RECORD {"timestamp_pacific": "2026-08-04T17:12:03.327-07:00", "status": "ok", "reasons": ["current_change"]}
POWER_MONITOR_RECORD {"timestamp_pacific": "2026-08-04T17:12:04.334-07:00", "status": "ok", "reasons": ["current_change"]}
POWER_MONITOR_RECORD {"timestamp_pacific": "2026-08-04T17:12:05.340-07:00", "status": "ok", "reasons": ["current_change"]}
POWER_MONITOR_RECORD {"timestamp_pacific": "2026-08-04T17:12:06.347-07:00", "status": "ok", "reasons": ["current_change"]}
POWER_MONITOR_RECORD {"timestamp_pacific": "2026-08-04T17:12:08.356-07:00", "status": "ok", "reasons": ["current_change"]}
POWER_MONITOR_RECORD {"timestamp_pacific": "2026-08-04T17:12:10.361-07:00", "status": "ok", "reasons": ["current_change"]}
POWER_MONITOR_RECORD {"timestamp_pacific": "2026-08-04T17:12:13.372-07:00", "status": "ok", "reasons": ["current_change"]}
POWER_MONITOR_RECORD {"timestamp_pacific": "2026-08-04T17:12:14.380-07:00", "status": "ok", "reasons": ["current_change"]}
POWER_MONITOR_RECORD {"timestamp_pacific": "2026-08-04T17:12:17.398-07:00", "status": "ok", "reasons": ["current_change"]}
POWER_MONITOR_RECORD {"timestamp_pacific": "2026-08-04T17:12:19.410-07:00", "status": "ok", "reasons": ["current_change"]}
POWER_MONITOR_RECORD {"timestamp_pacific": "2026-08-04T17:12:20.417-07:00", "status": "ok", "reasons": ["current_change"]}
POWER_MONITOR_RECORD {"timestamp_pacific": "2026-08-04T17:12:22.429-07:00", "status": "ok", "reasons": ["current_change"]}
POWER_MONITOR_RECORD {"timestamp_pacific": "2026-08-04T17:12:23.435-07:00", "status": "ok", "reasons": ["current_change"]}
POWER_MONITOR_RECORD {"timestamp_pacific": "2026-08-04T17:12:26.454-07:00", "status": "ok", "reasons": ["current_change"]}
POWER_MONITOR_RECORD {"timestamp_pacific": "2026-08-04T17:12:27.460-07:00", "status": "ok", "reasons": ["current_change"]}
POWER_MONITOR_RECORD {"timestamp_pacific": "2026-08-04T17:12:28.467-07:00", "status": "ok", "reasons": ["current_change"]}
POWER_MONITOR_RECORD {"timestamp_pacific": "2026-08-04T17:12:29.473-07:00", "status": "ok", "reasons": ["current_change"]}
POWER_MONITOR_RECORD {"timestamp_pacific": "2026-08-04T17:12:31.486-07:00", "status": "ok", "reasons": ["current_change"]}
POWER_MONITOR_RECORD {"timestamp_pacific": "2026-08-04T17:12:35.511-07:00", "status": "ok", "reasons": ["current_change"]}
POWER_MONITOR_RECORD {"timestamp_pacific": "2026-08-04T17:12:36.518-07:00", "status": "ok", "reasons": ["current_change"]}
POWER_MONITOR_RECORD {"timestamp_pacific": "2026-08-04T17:12:37.526-07:00", "status": "ok", "reasons": ["current_change"]}
POWER_MONITOR_RECORD {"timestamp_pacific": "2026-08-04T17:12:38.532-07:00", "status": "ok", "reasons": ["current_change"]}
POWER_MONITOR_RECORD {"timestamp_pacific": "2026-08-04T17:12:39.539-07:00", "status": "ok", "reasons": ["current_change"]}
POWER_MONITOR_RECORD {"timestamp_pacific": "2026-08-04T17:12:42.557-07:00", "status": "ok", "reasons": ["current_change"]}
POWER_MONITOR_RECORD {"timestamp_pacific": "2026-08-04T17:12:43.564-07:00", "status": "ok", "reasons": ["current_change"]}
POWER_MONITOR_RECORD {"timestamp_pacific": "2026-08-04T17:12:44.570-07:00", "status": "ok", "reasons": ["current_change"]}
POWER_MONITOR_RECORD {"timestamp_pacific": "2026-08-04T17:12:50.606-07:00", "status": "ok", "reasons": ["current_change"]}
POWER_MONITOR_RECORD {"timestamp_pacific": "2026-08-04T17:12:51.612-07:00", "status": "ok", "reasons": ["current_change"]}
POWER_MONITOR_RECORD {"timestamp_pacific": "2026-08-04T17:12:53.625-07:00", "status": "ok", "reasons": ["current_change"]}
POWER_MONITOR_RECORD {"timestamp_pacific": "2026-08-04T17:12:56.643-07:00", "status": "ok", "reasons": ["current_change"]}
POWER_MONITOR_RECORD {"timestamp_pacific": "2026-08-04T17:12:59.661-07:00", "status": "ok", "reasons": ["current_change"]}
POWER_MONITOR_RECORD {"timestamp_pacific": "2026-08-04T17:13:00.668-07:00", "status": "ok", "reasons": ["current_change"]}
POWER_MONITOR_RECORD {"timestamp_pacific": "2026-08-04T17:13:04.692-07:00", "status": "ok", "reasons": ["current_change"]}
POWER_MONITOR_RECORD {"timestamp_pacific": "2026-08-04T17:13:08.716-07:00", "status": "ok", "reasons": ["current_change"]}
POWER_MONITOR_RECORD {"timestamp_pacific": "2026-08-04T17:13:10.728-07:00", "status": "ok", "reasons": ["current_change"]}
POWER_MONITOR_RECORD {"timestamp_pacific": "2026-08-04T17:13:11.735-07:00", "status": "ok", "reasons": ["current_change"]}
POWER_MONITOR_RECORD {"timestamp_pacific": "2026-08-04T17:13:12.742-07:00", "status": "ok", "reasons": ["current_change"]}
POWER_MONITOR_RECORD {"timestamp_pacific": "2026-08-04T17:13:15.760-07:00", "status": "ok", "reasons": ["current_change"]}
POWER_MONITOR_RECORD {"timestamp_pacific": "2026-08-04T17:13:19.786-07:00", "status": "ok", "reasons": ["current_change"]}
POWER_MONITOR_RECORD {"timestamp_pacific": "2026-08-04T17:13:20.793-07:00", "status": "ok", "reasons": ["current_change"]}
POWER_MONITOR_RECORD {"timestamp_pacific": "2026-08-04T17:13:26.828-07:00", "status": "ok", "reasons": ["current_change"]}
POWER_MONITOR_RECORD {"timestamp_pacific": "2026-08-04T17:13:27.836-07:00", "status": "ok", "reasons": ["current_change"]}
POWER_MONITOR_RECORD {"timestamp_pacific": "2026-08-04T17:13:31.861-07:00", "status": "ok", "reasons": ["current_change"]}
POWER_MONITOR_RECORD {"timestamp_pacific": "2026-08-04T17:13:32.868-07:00", "status": "ok", "reasons": ["current_change"]}
POWER_MONITOR_RECORD {"timestamp_pacific": "2026-08-04T17:13:34.881-07:00", "status": "ok", "reasons": ["current_change"]}
POWER_MONITOR_RECORD {"timestamp_pacific": "2026-08-04T17:13:38.905-07:00", "status": "ok", "reasons": ["current_change"]}
POWER_MONITOR_RECORD {"timestamp_pacific": "2026-08-04T17:13:39.912-07:00", "status": "ok", "reasons": ["current_change"]}
POWER_MONITOR_RECORD {"timestamp_pacific": "2026-08-04T17:13:40.918-07:00", "status": "ok", "reasons": ["current_change"]}
POWER_MONITOR_RECORD {"timestamp_pacific": "2026-08-04T17:13:47.960-07:00", "status": "ok", "reasons": ["current_change"]}
POWER_MONITOR_RECORD {"timestamp_pacific": "2026-08-04T17:13:49.972-07:00", "status": "ok", "reasons": ["current_change"]}
POWER_MONITOR_RECORD {"timestamp_pacific": "2026-08-04T17:13:52.991-07:00", "status": "ok", "reasons": ["current_change"]}
POWER_MONITOR_RECORD {"timestamp_pacific": "2026-08-04T17:13:56.011-07:00", "status": "ok", "reasons": ["current_change"]}
POWER_MONITOR_RECORD {"timestamp_pacific": "2026-08-04T17:14:00.035-07:00", "status": "ok", "reasons": ["current_change"]}
POWER_MONITOR_RECORD {"timestamp_pacific": "2026-08-04T17:14:02.048-07:00", "status": "ok", "reasons": ["current_change"]}
POWER_MONITOR_RECORD {"timestamp_pacific": "2026-08-04T17:14:05.066-07:00", "status": "ok", "reasons": ["current_change"]}
POWER_MONITOR_RECORD {"timestamp_pacific": "2026-08-04T17:14:06.072-07:00", "status": "ok", "reasons": ["current_change"]}
POWER_MONITOR_RECORD {"timestamp_pacific": "2026-08-04T17:14:08.081-07:00", "status": "ok", "reasons": ["current_change"]}
POWER_MONITOR_RECORD {"timestamp_pacific": "2026-08-04T17:14:09.084-07:00", "status": "ok", "reasons": ["current_change"]}
POWER_MONITOR_RECORD {"timestamp_pacific": "2026-08-04T17:14:11.089-07:00", "status": "ok", "reasons": ["current_change"]}
POWER_MONITOR_RECORD {"timestamp_pacific": "2026-08-04T17:14:12.092-07:00", "status": "ok", "reasons": ["current_change"]}
POWER_MONITOR_RECORD {"timestamp_pacific": "2026-08-04T17:14:14.104-07:00", "status": "ok", "reasons": ["current_change"]}
POWER_MONITOR_RECORD {"timestamp_pacific": "2026-08-04T17:14:15.110-07:00", "status": "ok", "reasons": ["current_change"]}
POWER_MONITOR_RECORD {"timestamp_pacific": "2026-08-04T17:14:16.117-07:00", "status": "ok", "reasons": ["current_change"]}
POWER_MONITOR_RECORD {"timestamp_pacific": "2026-08-04T17:14:17.123-07:00", "status": "ok", "reasons": ["current_change"]}
POWER_MONITOR_RECORD {"timestamp_pacific": "2026-08-04T17:14:19.136-07:00", "status": "ok", "reasons": ["current_change"]}
POWER_MONITOR_RECORD {"timestamp_pacific": "2026-08-04T17:14:20.143-07:00", "status": "ok", "reasons": ["current_change"]}
POWER_MONITOR_RECORD {"timestamp_pacific": "2026-08-04T17:14:21.150-07:00", "status": "ok", "reasons": ["current_change"]}
POWER_MONITOR_RECORD {"timestamp_pacific": "2026-08-04T17:14:24.170-07:00", "status": "ok", "reasons": ["current_change"]}
POWER_MONITOR_RECORD {"timestamp_pacific": "2026-08-04T17:14:28.194-07:00", "status": "ok", "reasons": ["current_change"]}
POWER_MONITOR_RECORD {"timestamp_pacific": "2026-08-04T17:14:31.212-07:00", "status": "ok", "reasons": ["current_change"]}
POWER_MONITOR_RECORD {"timestamp_pacific": "2026-08-04T17:14:32.219-07:00", "status": "ok", "reasons": ["current_change"]}
POWER_MONITOR_RECORD {"timestamp_pacific": "2026-08-04T17:14:36.243-07:00", "status": "ok", "reasons": ["current_change"]}
POWER_MONITOR_RECORD {"timestamp_pacific": "2026-08-04T17:14:39.262-07:00", "status": "ok", "reasons": ["current_change"]}
POWER_MONITOR_RECORD {"timestamp_pacific": "2026-08-04T17:14:40.269-07:00", "status": "ok", "reasons": ["current_change"]}
POWER_MONITOR_RECORD {"timestamp_pacific": "2026-08-04T17:14:41.275-07:00", "status": "ok", "reasons": ["current_change"]}
POWER_MONITOR_RECORD {"timestamp_pacific": "2026-08-04T17:14:43.290-07:00", "status": "ok", "reasons": ["current_change"]}
POWER_MONITOR_RECORD {"timestamp_pacific": "2026-08-04T17:14:46.308-07:00", "status": "ok", "reasons": ["current_change"]}
POWER_MONITOR_RECORD {"timestamp_pacific": "2026-08-04T17:14:48.321-07:00", "status": "ok", "reasons": ["current_change"]}
POWER_MONITOR_RECORD {"timestamp_pacific": "2026-08-04T17:14:50.334-07:00", "status": "ok", "reasons": ["current_change"]}
POWER_MONITOR_RECORD {"timestamp_pacific": "2026-08-04T17:14:51.341-07:00", "status": "ok", "reasons": ["current_change"]}
POWER_MONITOR_RECORD {"timestamp_pacific": "2026-08-04T17:14:54.360-07:00", "status": "ok", "reasons": ["current_change"]}
POWER_MONITOR_RECORD {"timestamp_pacific": "2026-08-04T17:14:55.366-07:00", "status": "ok", "reasons": ["current_change"]}
POWER_MONITOR_RECORD {"timestamp_pacific": "2026-08-04T17:14:56.373-07:00", "status": "ok", "reasons": ["current_change"]}
POWER_MONITOR_RECORD {"timestamp_pacific": "2026-08-04T17:14:57.381-07:00", "status": "ok", "reasons": ["current_change"]}
POWER_MONITOR_RECORD {"timestamp_pacific": "2026-08-04T17:15:06.435-07:00", "status": "ok", "reasons": ["current_change"]}
POWER_MONITOR_RECORD {"timestamp_pacific": "2026-08-04T17:15:07.441-07:00", "status": "ok", "reasons": ["current_change"]}
POWER_MONITOR_RECORD {"timestamp_pacific": "2026-08-04T17:15:10.459-07:00", "status": "ok", "reasons": ["current_change"]}
POWER_MONITOR_RECORD {"timestamp_pacific": "2026-08-04T17:15:11.466-07:00", "status": "ok", "reasons": ["current_change"]}
POWER_MONITOR_RECORD {"timestamp_pacific": "2026-08-04T17:15:12.474-07:00", "status": "ok", "reasons": ["current_change"]}
POWER_MONITOR_RECORD {"timestamp_pacific": "2026-08-04T17:15:13.481-07:00", "status": "ok", "reasons": ["current_change"]}
POWER_MONITOR_RECORD {"timestamp_pacific": "2026-08-04T17:15:14.487-07:00", "status": "ok", "reasons": ["current_change"]}
POWER_MONITOR_RECORD {"timestamp_pacific": "2026-08-04T17:15:15.494-07:00", "status": "ok", "reasons": ["current_change"]}
POWER_MONITOR_RECORD {"timestamp_pacific": "2026-08-04T17:15:16.500-07:00", "status": "ok", "reasons": ["current_change"]}
POWER_MONITOR_RECORD {"timestamp_pacific": "2026-08-04T17:15:18.514-07:00", "status": "ok", "reasons": ["current_change"]}
POWER_MONITOR_RECORD {"timestamp_pacific": "2026-08-04T17:15:22.538-07:00", "status": "ok", "reasons": ["current_change"]}
POWER_MONITOR_RECORD {"timestamp_pacific": "2026-08-04T17:15:23.545-07:00", "status": "ok", "reasons": ["current_change"]}
POWER_MONITOR_RECORD {"timestamp_pacific": "2026-08-04T17:15:27.569-07:00", "status": "ok", "reasons": ["current_change"]}
POWER_MONITOR_RECORD {"timestamp_pacific": "2026-08-04T17:15:28.584-07:00", "status": "ok", "reasons": ["current_change"]}
POWER_MONITOR_RECORD {"timestamp_pacific": "2026-08-04T17:15:31.602-07:00", "status": "ok", "reasons": ["current_change"]}
POWER_MONITOR_RECORD {"timestamp_pacific": "2026-08-04T17:15:32.608-07:00", "status": "ok", "reasons": ["current_change"]}
POWER_MONITOR_RECORD {"timestamp_pacific": "2026-08-04T17:15:34.623-07:00", "status": "ok", "reasons": ["current_change"]}
POWER_MONITOR_RECORD {"timestamp_pacific": "2026-08-04T17:15:35.629-07:00", "status": "ok", "reasons": ["current_change"]}
POWER_MONITOR_RECORD {"timestamp_pacific": "2026-08-04T17:15:36.636-07:00", "status": "ok", "reasons": ["current_change"]}
POWER_MONITOR_RECORD {"timestamp_pacific": "2026-08-04T17:15:37.642-07:00", "status": "ok", "reasons": ["current_change"]}
POWER_MONITOR_RECORD {"timestamp_pacific": "2026-08-04T17:15:38.651-07:00", "status": "ok", "reasons": ["current_change"]}
POWER_MONITOR_RECORD {"timestamp_pacific": "2026-08-04T17:15:39.657-07:00", "status": "ok", "reasons": ["current_change"]}
POWER_MONITOR_RECORD {"timestamp_pacific": "2026-08-04T17:15:41.669-07:00", "status": "ok", "reasons": ["current_change"]}
POWER_MONITOR_RECORD {"timestamp_pacific": "2026-08-04T17:15:42.676-07:00", "status": "ok", "reasons": ["current_change"]}
POWER_MONITOR_RECORD {"timestamp_pacific": "2026-08-04T17:15:44.690-07:00", "status": "ok", "reasons": ["current_change"]}
POWER_MONITOR_RECORD {"timestamp_pacific": "2026-08-04T17:15:45.696-07:00", "status": "ok", "reasons": ["current_change"]}
POWER_MONITOR_RECORD {"timestamp_pacific": "2026-08-04T17:15:46.703-07:00", "status": "ok", "reasons": ["current_change"]}
POWER_MONITOR_RECORD {"timestamp_pacific": "2026-08-04T17:15:47.709-07:00", "status": "ok", "reasons": ["current_change"]}
POWER_MONITOR_RECORD {"timestamp_pacific": "2026-08-04T17:15:49.723-07:00", "status": "ok", "reasons": ["current_change"]}
POWER_MONITOR_RECORD {"timestamp_pacific": "2026-08-04T17:15:50.729-07:00", "status": "ok", "reasons": ["current_change"]}
POWER_MONITOR_RECORD {"timestamp_pacific": "2026-08-04T17:15:51.736-07:00", "status": "ok", "reasons": ["current_change"]}
POWER_MONITOR_RECORD {"timestamp_pacific": "2026-08-04T17:15:52.742-07:00", "status": "ok", "reasons": ["current_change"]}
POWER_MONITOR_RECORD {"timestamp_pacific": "2026-08-04T17:15:53.750-07:00", "status": "ok", "reasons": ["current_change"]}
POWER_MONITOR_RECORD {"timestamp_pacific": "2026-08-04T17:15:54.756-07:00", "status": "ok", "reasons": ["current_change"]}
POWER_MONITOR_RECORD {"timestamp_pacific": "2026-08-04T17:15:56.769-07:00", "status": "ok", "reasons": ["current_change"]}
POWER_MONITOR_RECORD {"timestamp_pacific": "2026-08-04T17:15:58.781-07:00", "status": "ok", "reasons": ["current_change"]}
POWER_MONITOR_RECORD {"timestamp_pacific": "2026-08-04T17:16:00.794-07:00", "status": "ok", "reasons": ["current_change"]}
POWER_MONITOR_RECORD {"timestamp_pacific": "2026-08-04T17:16:01.800-07:00", "status": "ok", "reasons": ["current_change"]}
POWER_MONITOR_RECORD {"timestamp_pacific": "2026-08-04T17:16:03.813-07:00", "status": "ok", "reasons": ["current_change"]}
POWER_MONITOR_RECORD {"timestamp_pacific": "2026-08-04T17:16:05.825-07:00", "status": "ok", "reasons": ["current_change"]}
POWER_MONITOR_RECORD {"timestamp_pacific": "2026-08-04T17:16:08.840-07:00", "status": "ok", "reasons": ["current_change"]}
POWER_MONITOR_RECORD {"timestamp_pacific": "2026-08-04T17:16:10.845-07:00", "status": "ok", "reasons": ["current_change"]}
POWER_MONITOR_RECORD {"timestamp_pacific": "2026-08-04T17:16:11.848-07:00", "status": "ok", "reasons": ["current_change"]}
POWER_MONITOR_RECORD {"timestamp_pacific": "2026-08-04T17:16:13.857-07:00", "status": "ok", "reasons": ["current_change"]}
POWER_MONITOR_RECORD {"timestamp_pacific": "2026-08-04T17:16:15.871-07:00", "status": "ok", "reasons": ["current_change"]}
POWER_MONITOR_RECORD {"timestamp_pacific": "2026-08-04T17:16:17.883-07:00", "status": "ok", "reasons": ["current_change"]}
POWER_MONITOR_RECORD {"timestamp_pacific": "2026-08-04T17:16:18.890-07:00", "status": "ok", "reasons": ["current_change"]}
POWER_MONITOR_RECORD {"timestamp_pacific": "2026-08-04T17:16:19.898-07:00", "status": "ok", "reasons": ["current_change"]}
POWER_MONITOR_RECORD {"timestamp_pacific": "2026-08-04T17:16:21.910-07:00", "status": "ok", "reasons": ["current_change"]}
POWER_MONITOR_RECORD {"timestamp_pacific": "2026-08-04T17:16:22.917-07:00", "status": "ok", "reasons": ["current_change"]}
POWER_MONITOR_RECORD {"timestamp_pacific": "2026-08-04T17:16:23.923-07:00", "status": "ok", "reasons": ["current_change"]}
POWER_MONITOR_RECORD {"timestamp_pacific": "2026-08-04T17:16:24.932-07:00", "status": "ok", "reasons": ["current_change"]}
POWER_MONITOR_RECORD {"timestamp_pacific": "2026-08-04T17:16:25.938-07:00", "status": "ok", "reasons": ["current_change"]}
POWER_MONITOR_RECORD {"timestamp_pacific": "2026-08-04T17:16:26.945-07:00", "status": "ok", "reasons": ["current_change"]}
POWER_MONITOR_RECORD {"timestamp_pacific": "2026-08-04T17:16:27.951-07:00", "status": "ok", "reasons": ["current_change"]}
POWER_MONITOR_RECORD {"timestamp_pacific": "2026-08-04T17:16:32.981-07:00", "status": "ok", "reasons": ["current_change"]}
POWER_MONITOR_RECORD {"timestamp_pacific": "2026-08-04T17:16:33.988-07:00", "status": "ok", "reasons": ["current_change"]}
POWER_MONITOR_RECORD {"timestamp_pacific": "2026-08-04T17:16:36.000-07:00", "status": "ok", "reasons": ["current_change"]}
POWER_MONITOR_RECORD {"timestamp_pacific": "2026-08-04T17:16:37.007-07:00", "status": "ok", "reasons": ["current_change"]}
POWER_MONITOR_RECORD {"timestamp_pacific": "2026-08-04T17:16:38.013-07:00", "status": "ok", "reasons": ["current_change"]}
POWER_MONITOR_RECORD {"timestamp_pacific": "2026-08-04T17:16:41.031-07:00", "status": "ok", "reasons": ["current_change"]}
POWER_MONITOR_RECORD {"timestamp_pacific": "2026-08-04T17:16:46.063-07:00", "status": "ok", "reasons": ["current_change"]}
POWER_MONITOR_RECORD {"timestamp_pacific": "2026-08-04T17:16:47.071-07:00", "status": "ok", "reasons": ["current_change"]}
POWER_MONITOR_RECORD {"timestamp_pacific": "2026-08-04T17:16:48.077-07:00", "status": "ok", "reasons": ["current_change"]}
POWER_MONITOR_RECORD {"timestamp_pacific": "2026-08-04T17:16:50.090-07:00", "status": "ok", "reasons": ["current_change"]}
POWER_MONITOR_RECORD {"timestamp_pacific": "2026-08-04T17:16:52.102-07:00", "status": "ok", "reasons": ["current_change"]}
POWER_MONITOR_RECORD {"timestamp_pacific": "2026-08-04T17:16:53.109-07:00", "status": "ok", "reasons": ["current_change"]}
POWER_MONITOR_RECORD {"timestamp_pacific": "2026-08-04T17:16:54.115-07:00", "status": "ok", "reasons": ["current_change"]}
POWER_MONITOR_RECORD {"timestamp_pacific": "2026-08-04T17:16:55.122-07:00", "status": "ok", "reasons": ["current_change"]}
POWER_MONITOR_RECORD {"timestamp_pacific": "2026-08-04T17:16:56.128-07:00", "status": "ok", "reasons": ["current_change"]}
POWER_MONITOR_RECORD {"timestamp_pacific": "2026-08-04T17:16:58.140-07:00", "status": "ok", "reasons": ["current_change"]}
POWER_MONITOR_RECORD {"timestamp_pacific": "2026-08-04T17:17:00.153-07:00", "status": "ok", "reasons": ["current_change"]}
POWER_MONITOR_RECORD {"timestamp_pacific": "2026-08-04T17:17:01.159-07:00", "status": "ok", "reasons": ["current_change"]}
POWER_MONITOR_RECORD {"timestamp_pacific": "2026-08-04T17:17:03.171-07:00", "status": "ok", "reasons": ["current_change"]}
POWER_MONITOR_RECORD {"timestamp_pacific": "2026-08-04T17:17:05.183-07:00", "status": "ok", "reasons": ["current_change"]}
POWER_MONITOR_RECORD {"timestamp_pacific": "2026-08-04T17:17:06.190-07:00", "status": "ok", "reasons": ["current_change"]}
POWER_MONITOR_RECORD {"timestamp_pacific": "2026-08-04T17:17:13.214-07:00", "status": "ok", "reasons": ["current_change"]}
POWER_MONITOR_RECORD {"timestamp_pacific": "2026-08-04T17:17:14.221-07:00", "status": "ok", "reasons": ["current_change"]}
POWER_MONITOR_RECORD {"timestamp_pacific": "2026-08-04T17:17:15.227-07:00", "status": "ok", "reasons": ["current_change"]}
POWER_MONITOR_RECORD {"timestamp_pacific": "2026-08-04T17:17:16.234-07:00", "status": "ok", "reasons": ["current_change"]}
POWER_MONITOR_RECORD {"timestamp_pacific": "2026-08-04T17:17:17.240-07:00", "status": "ok", "reasons": ["current_change"]}
POWER_MONITOR_RECORD {"timestamp_pacific": "2026-08-04T17:17:19.252-07:00", "status": "ok", "reasons": ["current_change"]}
POWER_MONITOR_RECORD {"timestamp_pacific": "2026-08-04T17:17:20.259-07:00", "status": "ok", "reasons": ["current_change"]}
POWER_MONITOR_RECORD {"timestamp_pacific": "2026-08-04T17:17:22.271-07:00", "status": "ok", "reasons": ["current_change"]}
POWER_MONITOR_RECORD {"timestamp_pacific": "2026-08-04T17:17:25.290-07:00", "status": "ok", "reasons": ["current_change"]}
POWER_MONITOR_RECORD {"timestamp_pacific": "2026-08-04T17:17:30.319-07:00", "status": "ok", "reasons": ["current_change"]}
POWER_MONITOR_RECORD {"timestamp_pacific": "2026-08-04T17:17:32.333-07:00", "status": "ok", "reasons": ["current_change"]}
POWER_MONITOR_RECORD {"timestamp_pacific": "2026-08-04T17:17:33.340-07:00", "status": "ok", "reasons": ["current_change"]}
POWER_MONITOR_RECORD {"timestamp_pacific": "2026-08-04T17:17:34.346-07:00", "status": "ok", "reasons": ["current_change"]}
POWER_MONITOR_RECORD {"timestamp_pacific": "2026-08-04T17:17:35.353-07:00", "status": "ok", "reasons": ["current_change"]}
POWER_MONITOR_RECORD {"timestamp_pacific": "2026-08-04T17:17:38.373-07:00", "status": "ok", "reasons": ["current_change"]}
POWER_MONITOR_RECORD {"timestamp_pacific": "2026-08-04T17:17:39.380-07:00", "status": "ok", "reasons": ["current_change"]}
POWER_MONITOR_RECORD {"timestamp_pacific": "2026-08-04T17:17:40.386-07:00", "status": "ok", "reasons": ["current_change"]}
POWER_MONITOR_RECORD {"timestamp_pacific": "2026-08-04T17:17:41.394-07:00", "status": "ok", "reasons": ["current_change"]}
POWER_MONITOR_RECORD {"timestamp_pacific": "2026-08-04T17:17:42.400-07:00", "status": "ok", "reasons": ["current_change"]}
POWER_MONITOR_RECORD {"timestamp_pacific": "2026-08-04T17:17:44.413-07:00", "status": "ok", "reasons": ["current_change"]}
POWER_MONITOR_RECORD {"timestamp_pacific": "2026-08-04T17:17:45.421-07:00", "status": "ok", "reasons": ["current_change"]}
POWER_MONITOR_RECORD {"timestamp_pacific": "2026-08-04T17:17:46.428-07:00", "status": "ok", "reasons": ["current_change"]}
POWER_MONITOR_RECORD {"timestamp_pacific": "2026-08-04T17:17:47.434-07:00", "status": "ok", "reasons": ["current_change"]}
POWER_MONITOR_RECORD {"timestamp_pacific": "2026-08-04T17:17:48.441-07:00", "status": "ok", "reasons": ["current_change"]}
POWER_MONITOR_RECORD {"timestamp_pacific": "2026-08-04T17:17:50.453-07:00", "status": "ok", "reasons": ["current_change"]}
POWER_MONITOR_RECORD {"timestamp_pacific": "2026-08-04T17:17:51.462-07:00", "status": "ok", "reasons": ["current_change"]}
POWER_MONITOR_RECORD {"timestamp_pacific": "2026-08-04T17:17:53.474-07:00", "status": "ok", "reasons": ["current_change"]}
POWER_MONITOR_RECORD {"timestamp_pacific": "2026-08-04T17:17:55.486-07:00", "status": "ok", "reasons": ["current_change"]}
POWER_MONITOR_RECORD {"timestamp_pacific": "2026-08-04T17:17:56.495-07:00", "status": "ok", "reasons": ["current_change"]}
POWER_MONITOR_RECORD {"timestamp_pacific": "2026-08-04T17:17:57.501-07:00", "status": "ok", "reasons": ["current_change"]}
POWER_MONITOR_RECORD {"timestamp_pacific": "2026-08-04T17:17:58.508-07:00", "status": "ok", "reasons": ["current_change"]}
POWER_MONITOR_RECORD {"timestamp_pacific": "2026-08-04T17:18:02.532-07:00", "status": "ok", "reasons": ["current_change"]}
POWER_MONITOR_RECORD {"timestamp_pacific": "2026-08-04T17:18:03.539-07:00", "status": "ok", "reasons": ["current_change"]}
POWER_MONITOR_RECORD {"timestamp_pacific": "2026-08-04T17:18:06.557-07:00", "status": "ok", "reasons": ["current_change"]}
POWER_MONITOR_RECORD {"timestamp_pacific": "2026-08-04T17:18:08.566-07:00", "status": "ok", "reasons": ["current_change"]}
POWER_MONITOR_RECORD {"timestamp_pacific": "2026-08-04T17:18:09.568-07:00", "status": "ok", "reasons": ["current_change"]}
POWER_MONITOR_RECORD {"timestamp_pacific": "2026-08-04T17:18:11.573-07:00", "status": "ok", "reasons": ["current_change"]}
POWER_MONITOR_RECORD {"timestamp_pacific": "2026-08-04T17:18:13.582-07:00", "status": "ok", "reasons": ["current_change"]}
POWER_MONITOR_RECORD {"timestamp_pacific": "2026-08-04T17:18:14.589-07:00", "status": "ok", "reasons": ["current_change"]}
POWER_MONITOR_RECORD {"timestamp_pacific": "2026-08-04T17:18:15.595-07:00", "status": "ok", "reasons": ["current_change"]}
POWER_MONITOR_RECORD {"timestamp_pacific": "2026-08-04T17:18:16.602-07:00", "status": "ok", "reasons": ["current_change"]}
POWER_MONITOR_RECORD {"timestamp_pacific": "2026-08-04T17:18:17.608-07:00", "status": "ok", "reasons": ["current_change"]}
POWER_MONITOR_RECORD {"timestamp_pacific": "2026-08-04T17:18:18.615-07:00", "status": "ok", "reasons": ["current_change"]}
POWER_MONITOR_RECORD {"timestamp_pacific": "2026-08-04T17:18:19.622-07:00", "status": "ok", "reasons": ["current_change"]}
POWER_MONITOR_RECORD {"timestamp_pacific": "2026-08-04T17:18:21.635-07:00", "status": "ok", "reasons": ["current_change"]}
POWER_MONITOR_RECORD {"timestamp_pacific": "2026-08-04T17:18:24.653-07:00", "status": "ok", "reasons": ["current_change"]}
POWER_MONITOR_RECORD {"timestamp_pacific": "2026-08-04T17:18:26.665-07:00", "status": "ok", "reasons": ["current_change"]}
POWER_MONITOR_RECORD {"timestamp_pacific": "2026-08-04T17:18:27.672-07:00", "status": "ok", "reasons": ["current_change"]}
POWER_MONITOR_RECORD {"timestamp_pacific": "2026-08-04T17:18:28.678-07:00", "status": "ok", "reasons": ["current_change"]}
POWER_MONITOR_RECORD {"timestamp_pacific": "2026-08-04T17:18:29.685-07:00", "status": "ok", "reasons": ["current_change"]}
POWER_MONITOR_RECORD {"timestamp_pacific": "2026-08-04T17:18:31.698-07:00", "status": "ok", "reasons": ["current_change"]}
POWER_MONITOR_RECORD {"timestamp_pacific": "2026-08-04T17:18:32.704-07:00", "status": "ok", "reasons": ["current_change"]}
POWER_MONITOR_RECORD {"timestamp_pacific": "2026-08-04T17:18:34.717-07:00", "status": "ok", "reasons": ["current_change"]}
POWER_MONITOR_RECORD {"timestamp_pacific": "2026-08-04T17:18:37.737-07:00", "status": "ok", "reasons": ["current_change"]}
POWER_MONITOR_RECORD {"timestamp_pacific": "2026-08-04T17:18:42.766-07:00", "status": "ok", "reasons": ["current_change"]}
POWER_MONITOR_RECORD {"timestamp_pacific": "2026-08-04T17:18:44.778-07:00", "status": "ok", "reasons": ["current_change"]}
POWER_MONITOR_RECORD {"timestamp_pacific": "2026-08-04T17:18:47.797-07:00", "status": "ok", "reasons": ["current_change"]}
POWER_MONITOR_RECORD {"timestamp_pacific": "2026-08-04T17:18:48.803-07:00", "status": "ok", "reasons": ["current_change"]}
POWER_MONITOR_RECORD {"timestamp_pacific": "2026-08-04T17:18:50.815-07:00", "status": "ok", "reasons": ["current_change"]}
POWER_MONITOR_RECORD {"timestamp_pacific": "2026-08-04T17:18:51.822-07:00", "status": "ok", "reasons": ["current_change"]}
POWER_MONITOR_RECORD {"timestamp_pacific": "2026-08-04T17:18:52.828-07:00", "status": "ok", "reasons": ["current_change"]}
POWER_MONITOR_RECORD {"timestamp_pacific": "2026-08-04T17:18:53.835-07:00", "status": "ok", "reasons": ["current_change"]}
POWER_MONITOR_RECORD {"timestamp_pacific": "2026-08-04T17:18:54.841-07:00", "status": "ok", "reasons": ["current_change"]}
POWER_MONITOR_RECORD {"timestamp_pacific": "2026-08-04T17:18:55.848-07:00", "status": "ok", "reasons": ["current_change"]}
POWER_MONITOR_RECORD {"timestamp_pacific": "2026-08-04T17:18:57.860-07:00", "status": "ok", "reasons": ["current_change"]}
POWER_MONITOR_RECORD {"timestamp_pacific": "2026-08-04T17:18:58.868-07:00", "status": "ok", "reasons": ["current_change"]}
POWER_MONITOR_RECORD {"timestamp_pacific": "2026-08-04T17:19:00.880-07:00", "status": "ok", "reasons": ["current_change"]}
POWER_MONITOR_RECORD {"timestamp_pacific": "2026-08-04T17:19:02.893-07:00", "status": "ok", "reasons": ["current_change"]}
POWER_MONITOR_RECORD {"timestamp_pacific": "2026-08-04T17:19:06.918-07:00", "status": "ok", "reasons": ["current_change"]}
POWER_MONITOR_RECORD {"timestamp_pacific": "2026-08-04T17:19:07.921-07:00", "status": "ok", "reasons": ["current_change"]}
POWER_MONITOR_RECORD {"timestamp_pacific": "2026-08-04T17:19:08.923-07:00", "status": "ok", "reasons": ["current_change"]}
POWER_MONITOR_RECORD {"timestamp_pacific": "2026-08-04T17:19:09.926-07:00", "status": "ok", "reasons": ["current_change"]}
POWER_MONITOR_RECORD {"timestamp_pacific": "2026-08-04T17:19:11.931-07:00", "status": "ok", "reasons": ["current_change"]}
POWER_MONITOR_RECORD {"timestamp_pacific": "2026-08-04T17:19:12.937-07:00", "status": "ok", "reasons": ["current_change"]}
POWER_MONITOR_RECORD {"timestamp_pacific": "2026-08-04T17:19:15.957-07:00", "status": "ok", "reasons": ["current_change"]}
POWER_MONITOR_RECORD {"timestamp_pacific": "2026-08-04T17:19:16.964-07:00", "status": "ok", "reasons": ["current_change"]}
POWER_MONITOR_RECORD {"timestamp_pacific": "2026-08-04T17:19:19.982-07:00", "status": "ok", "reasons": ["current_change"]}
POWER_MONITOR_RECORD {"timestamp_pacific": "2026-08-04T17:19:20.988-07:00", "status": "ok", "reasons": ["current_change"]}
POWER_MONITOR_RECORD {"timestamp_pacific": "2026-08-04T17:19:21.995-07:00", "status": "ok", "reasons": ["current_change"]}
POWER_MONITOR_RECORD {"timestamp_pacific": "2026-08-04T17:19:23.001-07:00", "status": "ok", "reasons": ["current_change"]}
POWER_MONITOR_RECORD {"timestamp_pacific": "2026-08-04T17:19:25.013-07:00", "status": "ok", "reasons": ["current_change"]}
POWER_MONITOR_RECORD {"timestamp_pacific": "2026-08-04T17:19:26.020-07:00", "status": "ok", "reasons": ["current_change"]}
POWER_MONITOR_RECORD {"timestamp_pacific": "2026-08-04T17:19:30.044-07:00", "status": "ok", "reasons": ["current_change"]}
POWER_MONITOR_RECORD {"timestamp_pacific": "2026-08-04T17:19:31.051-07:00", "status": "ok", "reasons": ["current_change"]}
POWER_MONITOR_RECORD {"timestamp_pacific": "2026-08-04T17:19:34.069-07:00", "status": "ok", "reasons": ["current_change"]}
POWER_MONITOR_RECORD {"timestamp_pacific": "2026-08-04T17:19:37.087-07:00", "status": "ok", "reasons": ["current_change"]}
POWER_MONITOR_RECORD {"timestamp_pacific": "2026-08-04T17:19:40.105-07:00", "status": "ok", "reasons": ["current_change"]}
POWER_MONITOR_RECORD {"timestamp_pacific": "2026-08-04T17:19:41.112-07:00", "status": "ok", "reasons": ["current_change"]}
POWER_MONITOR_RECORD {"timestamp_pacific": "2026-08-04T17:19:42.118-07:00", "status": "ok", "reasons": ["current_change"]}
POWER_MONITOR_RECORD {"timestamp_pacific": "2026-08-04T17:19:43.126-07:00", "status": "ok", "reasons": ["current_change"]}
POWER_MONITOR_RECORD {"timestamp_pacific": "2026-08-04T17:19:48.156-07:00", "status": "ok", "reasons": ["current_change"]}
POWER_MONITOR_RECORD {"timestamp_pacific": "2026-08-04T17:19:51.174-07:00", "status": "ok", "reasons": ["current_change"]}
POWER_MONITOR_RECORD {"timestamp_pacific": "2026-08-04T17:19:52.180-07:00", "status": "ok", "reasons": ["current_change"]}
POWER_MONITOR_RECORD {"timestamp_pacific": "2026-08-04T17:19:53.187-07:00", "status": "ok", "reasons": ["current_change"]}
POWER_MONITOR_RECORD {"timestamp_pacific": "2026-08-04T17:19:54.194-07:00", "status": "ok", "reasons": ["current_change"]}
POWER_MONITOR_RECORD {"timestamp_pacific": "2026-08-04T17:19:55.201-07:00", "status": "ok", "reasons": ["current_change"]}
POWER_MONITOR_RECORD {"timestamp_pacific": "2026-08-04T17:19:56.207-07:00", "status": "ok", "reasons": ["current_change"]}
POWER_MONITOR_RECORD {"timestamp_pacific": "2026-08-04T17:19:57.214-07:00", "status": "ok", "reasons": ["current_change"]}
POWER_MONITOR_RECORD {"timestamp_pacific": "2026-08-04T17:19:59.226-07:00", "status": "ok", "reasons": ["current_change"]}
POWER_MONITOR_RECORD {"timestamp_pacific": "2026-08-04T17:20:02.244-07:00", "status": "ok", "reasons": ["current_change"]}
POWER_MONITOR_RECORD {"timestamp_pacific": "2026-08-04T17:20:03.250-07:00", "status": "ok", "reasons": ["current_change"]}
POWER_MONITOR_RECORD {"timestamp_pacific": "2026-08-04T17:20:04.257-07:00", "status": "ok", "reasons": ["current_change"]}
POWER_MONITOR_RECORD {"timestamp_pacific": "2026-08-04T17:20:07.275-07:00", "status": "ok", "reasons": ["current_change"]}
POWER_MONITOR_RECORD {"timestamp_pacific": "2026-08-04T17:20:09.288-07:00", "status": "ok", "reasons": ["current_change"]}
POWER_MONITOR_RECORD {"timestamp_pacific": "2026-08-04T17:20:10.295-07:00", "status": "ok", "reasons": ["current_change"]}
POWER_MONITOR_RECORD {"timestamp_pacific": "2026-08-04T17:20:13.314-07:00", "status": "ok", "reasons": ["current_change"]}
POWER_MONITOR_RECORD {"timestamp_pacific": "2026-08-04T17:20:16.332-07:00", "status": "ok", "reasons": ["current_change"]}
POWER_MONITOR_RECORD {"timestamp_pacific": "2026-08-04T17:20:19.350-07:00", "status": "ok", "reasons": ["current_change"]}
POWER_MONITOR_RECORD {"timestamp_pacific": "2026-08-04T17:20:20.356-07:00", "status": "ok", "reasons": ["current_change"]}
POWER_MONITOR_RECORD {"timestamp_pacific": "2026-08-04T17:20:23.374-07:00", "status": "ok", "reasons": ["current_change"]}
POWER_MONITOR_RECORD {"timestamp_pacific": "2026-08-04T17:20:24.381-07:00", "status": "ok", "reasons": ["current_change"]}
POWER_MONITOR_RECORD {"timestamp_pacific": "2026-08-04T17:20:25.387-07:00", "status": "ok", "reasons": ["current_change"]}
POWER_MONITOR_RECORD {"timestamp_pacific": "2026-08-04T17:20:26.394-07:00", "status": "ok", "reasons": ["current_change"]}
POWER_MONITOR_RECORD {"timestamp_pacific": "2026-08-04T17:20:27.400-07:00", "status": "ok", "reasons": ["current_change"]}
POWER_MONITOR_RECORD {"timestamp_pacific": "2026-08-04T17:20:28.406-07:00", "status": "ok", "reasons": ["current_change"]}
POWER_MONITOR_RECORD {"timestamp_pacific": "2026-08-04T17:20:34.444-07:00", "status": "ok", "reasons": ["current_change"]}
POWER_MONITOR_RECORD {"timestamp_pacific": "2026-08-04T17:20:37.462-07:00", "status": "ok", "reasons": ["current_change"]}
POWER_MONITOR_RECORD {"timestamp_pacific": "2026-08-04T17:20:38.468-07:00", "status": "ok", "reasons": ["current_change"]}
POWER_MONITOR_RECORD {"timestamp_pacific": "2026-08-04T17:20:39.475-07:00", "status": "ok", "reasons": ["current_change"]}
POWER_MONITOR_RECORD {"timestamp_pacific": "2026-08-04T17:20:40.482-07:00", "status": "ok", "reasons": ["current_change"]}
POWER_MONITOR_RECORD {"timestamp_pacific": "2026-08-04T17:20:41.489-07:00", "status": "ok", "reasons": ["current_change"]}
POWER_MONITOR_RECORD {"timestamp_pacific": "2026-08-04T17:20:42.495-07:00", "status": "ok", "reasons": ["current_change"]}
POWER_MONITOR_RECORD {"timestamp_pacific": "2026-08-04T17:20:43.502-07:00", "status": "ok", "reasons": ["current_change"]}
POWER_MONITOR_RECORD {"timestamp_pacific": "2026-08-04T17:20:44.508-07:00", "status": "ok", "reasons": ["current_change"]}
POWER_MONITOR_RECORD {"timestamp_pacific": "2026-08-04T17:20:45.516-07:00", "status": "ok", "reasons": ["current_change"]}
POWER_MONITOR_RECORD {"timestamp_pacific": "2026-08-04T17:20:46.523-07:00", "status": "ok", "reasons": ["current_change"]}
POWER_MONITOR_RECORD {"timestamp_pacific": "2026-08-04T17:20:48.535-07:00", "status": "ok", "reasons": ["current_change"]}
POWER_MONITOR_RECORD {"timestamp_pacific": "2026-08-04T17:20:49.542-07:00", "status": "ok", "reasons": ["current_change"]}
POWER_MONITOR_RECORD {"timestamp_pacific": "2026-08-04T17:20:50.550-07:00", "status": "ok", "reasons": ["current_change"]}
POWER_MONITOR_RECORD {"timestamp_pacific": "2026-08-04T17:20:51.557-07:00", "status": "ok", "reasons": ["current_change"]}
POWER_MONITOR_RECORD {"timestamp_pacific": "2026-08-04T17:20:52.563-07:00", "status": "ok", "reasons": ["current_change"]}
POWER_MONITOR_RECORD {"timestamp_pacific": "2026-08-04T17:20:55.581-07:00", "status": "ok", "reasons": ["current_change"]}
POWER_MONITOR_RECORD {"timestamp_pacific": "2026-08-04T17:20:57.594-07:00", "status": "ok", "reasons": ["current_change"]}
POWER_MONITOR_RECORD {"timestamp_pacific": "2026-08-04T17:21:01.618-07:00", "status": "ok", "reasons": ["current_change"]}
POWER_MONITOR_RECORD {"timestamp_pacific": "2026-08-04T17:21:02.624-07:00", "status": "ok", "reasons": ["current_change"]}
POWER_MONITOR_RECORD {"timestamp_pacific": "2026-08-04T17:21:03.631-07:00", "status": "ok", "reasons": ["current_change"]}
POWER_MONITOR_RECORD {"timestamp_pacific": "2026-08-04T17:21:04.637-07:00", "status": "ok", "reasons": ["current_change"]}
POWER_MONITOR_RECORD {"timestamp_pacific": "2026-08-04T17:21:08.658-07:00", "status": "ok", "reasons": ["current_change"]}
POWER_MONITOR_RECORD {"timestamp_pacific": "2026-08-04T17:21:09.660-07:00", "status": "ok", "reasons": ["current_change"]}
POWER_MONITOR_RECORD {"timestamp_pacific": "2026-08-04T17:21:12.668-07:00", "status": "ok", "reasons": ["current_change"]}
POWER_MONITOR_RECORD {"timestamp_pacific": "2026-08-04T17:21:13.674-07:00", "status": "ok", "reasons": ["current_change"]}
POWER_MONITOR_RECORD {"timestamp_pacific": "2026-08-04T17:21:16.694-07:00", "status": "ok", "reasons": ["current_change"]}
POWER_MONITOR_RECORD {"timestamp_pacific": "2026-08-04T17:21:17.701-07:00", "status": "ok", "reasons": ["current_change"]}
POWER_MONITOR_RECORD {"timestamp_pacific": "2026-08-04T17:21:18.707-07:00", "status": "ok", "reasons": ["current_change"]}
POWER_MONITOR_RECORD {"timestamp_pacific": "2026-08-04T17:21:19.715-07:00", "status": "ok", "reasons": ["current_change"]}
POWER_MONITOR_RECORD {"timestamp_pacific": "2026-08-04T17:21:20.721-07:00", "status": "ok", "reasons": ["current_change"]}
POWER_MONITOR_RECORD {"timestamp_pacific": "2026-08-04T17:21:23.740-07:00", "status": "ok", "reasons": ["current_change"]}
POWER_MONITOR_RECORD {"timestamp_pacific": "2026-08-04T17:21:24.748-07:00", "status": "ok", "reasons": ["current_change"]}
POWER_MONITOR_RECORD {"timestamp_pacific": "2026-08-04T17:21:25.755-07:00", "status": "ok", "reasons": ["current_change"]}
POWER_MONITOR_RECORD {"timestamp_pacific": "2026-08-04T17:21:29.779-07:00", "status": "ok", "reasons": ["current_change"]}
POWER_MONITOR_RECORD {"timestamp_pacific": "2026-08-04T17:21:30.785-07:00", "status": "ok", "reasons": ["current_change"]}
POWER_MONITOR_RECORD {"timestamp_pacific": "2026-08-04T17:21:33.803-07:00", "status": "ok", "reasons": ["current_change"]}
POWER_MONITOR_RECORD {"timestamp_pacific": "2026-08-04T17:21:36.822-07:00", "status": "ok", "reasons": ["current_change"]}
POWER_MONITOR_RECORD {"timestamp_pacific": "2026-08-04T17:21:37.828-07:00", "status": "ok", "reasons": ["current_change"]}
POWER_MONITOR_RECORD {"timestamp_pacific": "2026-08-04T17:21:38.835-07:00", "status": "ok", "reasons": ["current_change"]}
POWER_MONITOR_RECORD {"timestamp_pacific": "2026-08-04T17:21:40.847-07:00", "status": "ok", "reasons": ["current_change"]}
POWER_MONITOR_RECORD {"timestamp_pacific": "2026-08-04T17:21:41.854-07:00", "status": "ok", "reasons": ["current_change"]}
POWER_MONITOR_RECORD {"timestamp_pacific": "2026-08-04T17:21:42.861-07:00", "status": "ok", "reasons": ["current_change"]}
POWER_MONITOR_RECORD {"timestamp_pacific": "2026-08-04T17:21:43.868-07:00", "status": "ok", "reasons": ["current_change"]}
POWER_MONITOR_RECORD {"timestamp_pacific": "2026-08-04T17:21:44.874-07:00", "status": "ok", "reasons": ["current_change"]}
POWER_MONITOR_RECORD {"timestamp_pacific": "2026-08-04T17:21:45.881-07:00", "status": "ok", "reasons": ["current_change"]}
POWER_MONITOR_RECORD {"timestamp_pacific": "2026-08-04T17:21:46.888-07:00", "status": "ok", "reasons": ["current_change"]}
POWER_MONITOR_RECORD {"timestamp_pacific": "2026-08-04T17:21:47.896-07:00", "status": "ok", "reasons": ["current_change"]}
POWER_MONITOR_RECORD {"timestamp_pacific": "2026-08-04T17:21:50.914-07:00", "status": "ok", "reasons": ["current_change"]}
POWER_MONITOR_RECORD {"timestamp_pacific": "2026-08-04T17:21:51.921-07:00", "status": "ok", "reasons": ["current_change"]}
POWER_MONITOR_RECORD {"timestamp_pacific": "2026-08-04T17:21:54.940-07:00", "status": "ok", "reasons": ["current_change"]}
POWER_MONITOR_RECORD {"timestamp_pacific": "2026-08-04T17:21:57.958-07:00", "status": "ok", "reasons": ["current_change"]}
POWER_MONITOR_RECORD {"timestamp_pacific": "2026-08-04T17:21:58.965-07:00", "status": "ok", "reasons": ["current_change"]}
POWER_MONITOR_RECORD {"timestamp_pacific": "2026-08-04T17:21:59.971-07:00", "status": "ok", "reasons": ["current_change"]}
POWER_MONITOR_RECORD {"timestamp_pacific": "2026-08-04T17:22:02.990-07:00", "status": "ok", "reasons": ["current_change"]}
POWER_MONITOR_RECORD {"timestamp_pacific": "2026-08-04T17:22:03.996-07:00", "status": "ok", "reasons": ["current_change"]}
POWER_MONITOR_RECORD {"timestamp_pacific": "2026-08-04T17:22:05.003-07:00", "status": "ok", "reasons": ["current_change"]}
POWER_MONITOR_RECORD {"timestamp_pacific": "2026-08-04T17:22:07.015-07:00", "status": "ok", "reasons": ["current_change"]}
POWER_MONITOR_RECORD {"timestamp_pacific": "2026-08-04T17:22:08.018-07:00", "status": "ok", "reasons": ["current_change"]}
POWER_MONITOR_RECORD {"timestamp_pacific": "2026-08-04T17:22:09.022-07:00", "status": "ok", "reasons": ["current_change"]}
POWER_MONITOR_RECORD {"timestamp_pacific": "2026-08-04T17:22:10.025-07:00", "status": "ok", "reasons": ["current_change"]}
POWER_MONITOR_RECORD {"timestamp_pacific": "2026-08-04T17:22:11.027-07:00", "status": "ok", "reasons": ["current_change"]}
POWER_MONITOR_RECORD {"timestamp_pacific": "2026-08-04T17:22:12.030-07:00", "status": "ok", "reasons": ["current_change"]}
POWER_MONITOR_RECORD {"timestamp_pacific": "2026-08-04T17:22:14.042-07:00", "status": "ok", "reasons": ["current_change"]}
POWER_MONITOR_RECORD {"timestamp_pacific": "2026-08-04T17:22:18.067-07:00", "status": "ok", "reasons": ["current_change"]}
POWER_MONITOR_RECORD {"timestamp_pacific": "2026-08-04T17:22:19.073-07:00", "status": "ok", "reasons": ["current_change"]}
POWER_MONITOR_RECORD {"timestamp_pacific": "2026-08-04T17:22:21.087-07:00", "status": "ok", "reasons": ["current_change"]}
POWER_MONITOR_RECORD {"timestamp_pacific": "2026-08-04T17:22:23.100-07:00", "status": "ok", "reasons": ["current_change"]}
POWER_MONITOR_RECORD {"timestamp_pacific": "2026-08-04T17:22:26.118-07:00", "status": "ok", "reasons": ["current_change"]}
POWER_MONITOR_RECORD {"timestamp_pacific": "2026-08-04T17:22:27.124-07:00", "status": "ok", "reasons": ["current_change"]}
POWER_MONITOR_RECORD {"timestamp_pacific": "2026-08-04T17:22:30.143-07:00", "status": "ok", "reasons": ["current_change"]}
POWER_MONITOR_RECORD {"timestamp_pacific": "2026-08-04T17:22:31.149-07:00", "status": "ok", "reasons": ["current_change"]}
POWER_MONITOR_RECORD {"timestamp_pacific": "2026-08-04T17:22:34.169-07:00", "status": "ok", "reasons": ["current_change"]}
POWER_MONITOR_RECORD {"timestamp_pacific": "2026-08-04T17:22:36.182-07:00", "status": "ok", "reasons": ["current_change"]}
POWER_MONITOR_RECORD {"timestamp_pacific": "2026-08-04T17:22:38.195-07:00", "status": "ok", "reasons": ["current_change"]}
POWER_MONITOR_RECORD {"timestamp_pacific": "2026-08-04T17:22:39.202-07:00", "status": "ok", "reasons": ["current_change"]}
POWER_MONITOR_RECORD {"timestamp_pacific": "2026-08-04T17:22:40.208-07:00", "status": "ok", "reasons": ["current_change"]}
POWER_MONITOR_RECORD {"timestamp_pacific": "2026-08-04T17:22:46.244-07:00", "status": "ok", "reasons": ["current_change"]}
POWER_MONITOR_RECORD {"timestamp_pacific": "2026-08-04T17:22:47.250-07:00", "status": "ok", "reasons": ["current_change"]}
POWER_MONITOR_RECORD {"timestamp_pacific": "2026-08-04T17:22:52.280-07:00", "status": "ok", "reasons": ["current_change"]}
POWER_MONITOR_RECORD {"timestamp_pacific": "2026-08-04T17:22:56.304-07:00", "status": "ok", "reasons": ["current_change"]}
POWER_MONITOR_RECORD {"timestamp_pacific": "2026-08-04T17:22:57.311-07:00", "status": "ok", "reasons": ["current_change"]}
POWER_MONITOR_RECORD {"timestamp_pacific": "2026-08-04T17:22:58.319-07:00", "status": "ok", "reasons": ["current_change"]}
POWER_MONITOR_RECORD {"timestamp_pacific": "2026-08-04T17:23:02.343-07:00", "status": "ok", "reasons": ["current_change"]}
POWER_MONITOR_RECORD {"timestamp_pacific": "2026-08-04T17:23:04.357-07:00", "status": "ok", "reasons": ["current_change"]}
POWER_MONITOR_RECORD {"timestamp_pacific": "2026-08-04T17:23:05.364-07:00", "status": "ok", "reasons": ["current_change"]}
POWER_MONITOR_RECORD {"timestamp_pacific": "2026-08-04T17:23:06.370-07:00", "status": "ok", "reasons": ["current_change"]}
POWER_MONITOR_RECORD {"timestamp_pacific": "2026-08-04T17:23:08.382-07:00", "status": "ok", "reasons": ["current_change"]}
POWER_MONITOR_RECORD {"timestamp_pacific": "2026-08-04T17:23:09.389-07:00", "status": "ok", "reasons": ["current_change"]}
POWER_MONITOR_RECORD {"timestamp_pacific": "2026-08-04T17:23:12.407-07:00", "status": "ok", "reasons": ["current_change"]}
POWER_MONITOR_RECORD {"timestamp_pacific": "2026-08-04T17:23:14.420-07:00", "status": "ok", "reasons": ["current_change"]}
POWER_MONITOR_RECORD {"timestamp_pacific": "2026-08-04T17:23:15.426-07:00", "status": "ok", "reasons": ["current_change"]}
POWER_MONITOR_RECORD {"timestamp_pacific": "2026-08-04T17:23:16.433-07:00", "status": "ok", "reasons": ["current_change"]}
POWER_MONITOR_RECORD {"timestamp_pacific": "2026-08-04T17:23:17.439-07:00", "status": "ok", "reasons": ["current_change"]}
POWER_MONITOR_RECORD {"timestamp_pacific": "2026-08-04T17:23:24.481-07:00", "status": "ok", "reasons": ["current_change"]}
POWER_MONITOR_RECORD {"timestamp_pacific": "2026-08-04T17:23:25.488-07:00", "status": "ok", "reasons": ["current_change"]}
POWER_MONITOR_RECORD {"timestamp_pacific": "2026-08-04T17:23:26.494-07:00", "status": "ok", "reasons": ["current_change"]}
POWER_MONITOR_RECORD {"timestamp_pacific": "2026-08-04T17:23:27.501-07:00", "status": "ok", "reasons": ["current_change"]}
POWER_MONITOR_RECORD {"timestamp_pacific": "2026-08-04T17:23:28.507-07:00", "status": "ok", "reasons": ["current_change"]}
POWER_MONITOR_RECORD {"timestamp_pacific": "2026-08-04T17:23:29.514-07:00", "status": "ok", "reasons": ["current_change"]}
POWER_MONITOR_RECORD {"timestamp_pacific": "2026-08-04T17:23:31.526-07:00", "status": "ok", "reasons": ["current_change"]}
POWER_MONITOR_RECORD {"timestamp_pacific": "2026-08-04T17:23:33.538-07:00", "status": "ok", "reasons": ["current_change"]}
POWER_MONITOR_RECORD {"timestamp_pacific": "2026-08-04T17:23:35.551-07:00", "status": "ok", "reasons": ["current_change"]}
POWER_MONITOR_RECORD {"timestamp_pacific": "2026-08-04T17:23:37.563-07:00", "status": "ok", "reasons": ["current_change"]}
POWER_MONITOR_RECORD {"timestamp_pacific": "2026-08-04T17:23:44.605-07:00", "status": "ok", "reasons": ["current_change"]}
POWER_MONITOR_RECORD {"timestamp_pacific": "2026-08-04T17:23:45.611-07:00", "status": "ok", "reasons": ["current_change"]}
POWER_MONITOR_RECORD {"timestamp_pacific": "2026-08-04T17:23:47.623-07:00", "status": "ok", "reasons": ["current_change"]}
POWER_MONITOR_RECORD {"timestamp_pacific": "2026-08-04T17:23:48.630-07:00", "status": "ok", "reasons": ["current_change"]}
POWER_MONITOR_RECORD {"timestamp_pacific": "2026-08-04T17:23:49.637-07:00", "status": "ok", "reasons": ["current_change"]}
POWER_MONITOR_RECORD {"timestamp_pacific": "2026-08-04T17:23:50.644-07:00", "status": "ok", "reasons": ["current_change"]}
POWER_MONITOR_RECORD {"timestamp_pacific": "2026-08-04T17:23:52.657-07:00", "status": "ok", "reasons": ["current_change"]}
POWER_MONITOR_RECORD {"timestamp_pacific": "2026-08-04T17:23:54.669-07:00", "status": "ok", "reasons": ["current_change"]}
POWER_MONITOR_RECORD {"timestamp_pacific": "2026-08-04T17:24:02.719-07:00", "status": "ok", "reasons": ["current_change"]}
POWER_MONITOR_RECORD {"timestamp_pacific": "2026-08-04T17:24:05.737-07:00", "status": "ok", "reasons": ["current_change"]}
POWER_MONITOR_RECORD {"timestamp_pacific": "2026-08-04T17:24:06.744-07:00", "status": "ok", "reasons": ["current_change"]}
POWER_MONITOR_RECORD {"timestamp_pacific": "2026-08-04T17:24:08.753-07:00", "status": "ok", "reasons": ["current_change"]}
POWER_MONITOR_RECORD {"timestamp_pacific": "2026-08-04T17:24:09.755-07:00", "status": "ok", "reasons": ["current_change"]}
POWER_MONITOR_RECORD {"timestamp_pacific": "2026-08-04T17:24:11.760-07:00", "status": "ok", "reasons": ["current_change"]}
POWER_MONITOR_RECORD {"timestamp_pacific": "2026-08-04T17:24:12.763-07:00", "status": "ok", "reasons": ["current_change"]}
POWER_MONITOR_RECORD {"timestamp_pacific": "2026-08-04T17:24:13.770-07:00", "status": "ok", "reasons": ["current_change"]}
POWER_MONITOR_RECORD {"timestamp_pacific": "2026-08-04T17:24:17.795-07:00", "status": "ok", "reasons": ["current_change"]}
POWER_MONITOR_RECORD {"timestamp_pacific": "2026-08-04T17:24:18.801-07:00", "status": "ok", "reasons": ["current_change"]}
POWER_MONITOR_RECORD {"timestamp_pacific": "2026-08-04T17:24:20.815-07:00", "status": "ok", "reasons": ["current_change"]}
POWER_MONITOR_RECORD {"timestamp_pacific": "2026-08-04T17:24:21.822-07:00", "status": "ok", "reasons": ["current_change"]}
POWER_MONITOR_RECORD {"timestamp_pacific": "2026-08-04T17:24:23.834-07:00", "status": "ok", "reasons": ["current_change"]}
POWER_MONITOR_RECORD {"timestamp_pacific": "2026-08-04T17:24:24.842-07:00", "status": "ok", "reasons": ["current_change"]}
POWER_MONITOR_RECORD {"timestamp_pacific": "2026-08-04T17:24:27.861-07:00", "status": "ok", "reasons": ["current_change"]}
POWER_MONITOR_RECORD {"timestamp_pacific": "2026-08-04T17:24:28.868-07:00", "status": "ok", "reasons": ["current_change"]}
POWER_MONITOR_RECORD {"timestamp_pacific": "2026-08-04T17:24:30.881-07:00", "status": "ok", "reasons": ["current_change"]}
POWER_MONITOR_RECORD {"timestamp_pacific": "2026-08-04T17:24:31.888-07:00", "status": "ok", "reasons": ["current_change"]}
POWER_MONITOR_RECORD {"timestamp_pacific": "2026-08-04T17:24:42.953-07:00", "status": "ok", "reasons": ["current_change"]}
POWER_MONITOR_RECORD {"timestamp_pacific": "2026-08-04T17:24:45.971-07:00", "status": "ok", "reasons": ["current_change"]}
POWER_MONITOR_RECORD {"timestamp_pacific": "2026-08-04T17:24:46.977-07:00", "status": "ok", "reasons": ["current_change"]}
POWER_MONITOR_RECORD {"timestamp_pacific": "2026-08-04T17:24:47.984-07:00", "status": "ok", "reasons": ["current_change"]}
POWER_MONITOR_RECORD {"timestamp_pacific": "2026-08-04T17:24:51.004-07:00", "status": "ok", "reasons": ["current_change"]}
POWER_MONITOR_RECORD {"timestamp_pacific": "2026-08-04T17:24:53.016-07:00", "status": "ok", "reasons": ["current_change"]}
POWER_MONITOR_RECORD {"timestamp_pacific": "2026-08-04T17:24:55.029-07:00", "status": "ok", "reasons": ["current_change"]}
POWER_MONITOR_RECORD {"timestamp_pacific": "2026-08-04T17:24:56.035-07:00", "status": "ok", "reasons": ["current_change"]}
POWER_MONITOR_RECORD {"timestamp_pacific": "2026-08-04T17:25:01.064-07:00", "status": "ok", "reasons": ["current_change"]}
POWER_MONITOR_RECORD {"timestamp_pacific": "2026-08-04T17:25:03.076-07:00", "status": "ok", "reasons": ["current_change"]}
POWER_MONITOR_RECORD {"timestamp_pacific": "2026-08-04T17:25:07.101-07:00", "status": "ok", "reasons": ["current_change"]}
POWER_MONITOR_RECORD {"timestamp_pacific": "2026-08-04T17:25:10.119-07:00", "status": "ok", "reasons": ["current_change"]}
POWER_MONITOR_RECORD {"timestamp_pacific": "2026-08-04T17:25:14.143-07:00", "status": "ok", "reasons": ["current_change"]}
POWER_MONITOR_RECORD {"timestamp_pacific": "2026-08-04T17:25:15.150-07:00", "status": "ok", "reasons": ["current_change"]}
POWER_MONITOR_RECORD {"timestamp_pacific": "2026-08-04T17:25:18.168-07:00", "status": "ok", "reasons": ["current_change"]}
POWER_MONITOR_RECORD {"timestamp_pacific": "2026-08-04T17:25:19.174-07:00", "status": "ok", "reasons": ["current_change"]}
POWER_MONITOR_RECORD {"timestamp_pacific": "2026-08-04T17:25:22.196-07:00", "status": "ok", "reasons": ["current_change"]}
POWER_MONITOR_RECORD {"timestamp_pacific": "2026-08-04T17:25:23.202-07:00", "status": "ok", "reasons": ["current_change"]}
POWER_MONITOR_RECORD {"timestamp_pacific": "2026-08-04T17:25:24.209-07:00", "status": "ok", "reasons": ["current_change"]}
POWER_MONITOR_RECORD {"timestamp_pacific": "2026-08-04T17:25:25.221-07:00", "status": "ok", "reasons": ["current_change"]}
POWER_MONITOR_RECORD {"timestamp_pacific": "2026-08-04T17:25:26.228-07:00", "status": "ok", "reasons": ["current_change"]}
POWER_MONITOR_RECORD {"timestamp_pacific": "2026-08-04T17:25:28.240-07:00", "status": "ok", "reasons": ["current_change"]}
POWER_MONITOR_RECORD {"timestamp_pacific": "2026-08-04T17:25:29.247-07:00", "status": "ok", "reasons": ["current_change"]}
POWER_MONITOR_RECORD {"timestamp_pacific": "2026-08-04T17:25:31.263-07:00", "status": "ok", "reasons": ["current_change"]}
POWER_MONITOR_RECORD {"timestamp_pacific": "2026-08-04T17:25:32.269-07:00", "status": "ok", "reasons": ["current_change"]}
POWER_MONITOR_RECORD {"timestamp_pacific": "2026-08-04T17:25:34.282-07:00", "status": "ok", "reasons": ["current_change"]}
POWER_MONITOR_RECORD {"timestamp_pacific": "2026-08-04T17:25:38.308-07:00", "status": "ok", "reasons": ["current_change"]}
POWER_MONITOR_RECORD {"timestamp_pacific": "2026-08-04T17:25:39.315-07:00", "status": "ok", "reasons": ["current_change"]}
POWER_MONITOR_RECORD {"timestamp_pacific": "2026-08-04T17:25:41.330-07:00", "status": "ok", "reasons": ["current_change"]}
POWER_MONITOR_RECORD {"timestamp_pacific": "2026-08-04T17:25:42.337-07:00", "status": "ok", "reasons": ["current_change"]}
POWER_MONITOR_RECORD {"timestamp_pacific": "2026-08-04T17:25:43.343-07:00", "status": "ok", "reasons": ["current_change"]}
POWER_MONITOR_RECORD {"timestamp_pacific": "2026-08-04T17:25:44.350-07:00", "status": "ok", "reasons": ["current_change"]}
POWER_MONITOR_RECORD {"timestamp_pacific": "2026-08-04T17:25:49.383-07:00", "status": "ok", "reasons": ["current_change"]}
POWER_MONITOR_RECORD {"timestamp_pacific": "2026-08-04T17:25:50.393-07:00", "status": "ok", "reasons": ["current_change"]}
POWER_MONITOR_RECORD {"timestamp_pacific": "2026-08-04T17:25:51.400-07:00", "status": "ok", "reasons": ["current_change"]}
POWER_MONITOR_RECORD {"timestamp_pacific": "2026-08-04T17:25:54.418-07:00", "status": "ok", "reasons": ["current_change"]}
POWER_MONITOR_RECORD {"timestamp_pacific": "2026-08-04T17:25:55.428-07:00", "status": "ok", "reasons": ["current_change"]}
POWER_MONITOR_RECORD {"timestamp_pacific": "2026-08-04T17:25:56.435-07:00", "status": "ok", "reasons": ["current_change"]}
POWER_MONITOR_RECORD {"timestamp_pacific": "2026-08-04T17:25:57.441-07:00", "status": "ok", "reasons": ["current_change"]}
POWER_MONITOR_RECORD {"timestamp_pacific": "2026-08-04T17:26:00.460-07:00", "status": "ok", "reasons": ["current_change"]}
POWER_MONITOR_RECORD {"timestamp_pacific": "2026-08-04T17:26:01.466-07:00", "status": "ok", "reasons": ["current_change"]}
POWER_MONITOR_RECORD {"timestamp_pacific": "2026-08-04T17:26:03.479-07:00", "status": "ok", "reasons": ["current_change"]}
POWER_MONITOR_RECORD {"timestamp_pacific": "2026-08-04T17:26:04.485-07:00", "status": "ok", "reasons": ["current_change"]}
POWER_MONITOR_RECORD {"timestamp_pacific": "2026-08-04T17:26:05.492-07:00", "status": "ok", "reasons": ["current_change"]}
POWER_MONITOR_RECORD {"timestamp_pacific": "2026-08-04T17:26:06.501-07:00", "status": "ok", "reasons": ["current_change"]}
POWER_MONITOR_RECORD {"timestamp_pacific": "2026-08-04T17:26:09.513-07:00", "status": "ok", "reasons": ["current_change"]}
POWER_MONITOR_RECORD {"timestamp_pacific": "2026-08-04T17:26:10.515-07:00", "status": "ok", "reasons": ["current_change"]}
POWER_MONITOR_RECORD {"timestamp_pacific": "2026-08-04T17:26:11.518-07:00", "status": "ok", "reasons": ["current_change"]}
POWER_MONITOR_RECORD {"timestamp_pacific": "2026-08-04T17:26:12.521-07:00", "status": "ok", "reasons": ["current_change"]}
POWER_MONITOR_RECORD {"timestamp_pacific": "2026-08-04T17:26:13.527-07:00", "status": "ok", "reasons": ["current_change"]}
POWER_MONITOR_RECORD {"timestamp_pacific": "2026-08-04T17:26:16.546-07:00", "status": "ok", "reasons": ["current_change"]}
POWER_MONITOR_RECORD {"timestamp_pacific": "2026-08-04T17:26:17.552-07:00", "status": "ok", "reasons": ["current_change"]}
POWER_MONITOR_RECORD {"timestamp_pacific": "2026-08-04T17:26:18.559-07:00", "status": "ok", "reasons": ["current_change"]}
POWER_MONITOR_RECORD {"timestamp_pacific": "2026-08-04T17:26:21.577-07:00", "status": "ok", "reasons": ["current_change"]}
POWER_MONITOR_RECORD {"timestamp_pacific": "2026-08-04T17:26:22.584-07:00", "status": "ok", "reasons": ["current_change"]}
POWER_MONITOR_RECORD {"timestamp_pacific": "2026-08-04T17:26:24.596-07:00", "status": "ok", "reasons": ["current_change"]}
POWER_MONITOR_RECORD {"timestamp_pacific": "2026-08-04T17:26:26.608-07:00", "status": "ok", "reasons": ["current_change"]}
POWER_MONITOR_RECORD {"timestamp_pacific": "2026-08-04T17:26:29.630-07:00", "status": "ok", "reasons": ["current_change"]}
POWER_MONITOR_RECORD {"timestamp_pacific": "2026-08-04T17:26:31.642-07:00", "status": "ok", "reasons": ["current_change"]}
POWER_MONITOR_RECORD {"timestamp_pacific": "2026-08-04T17:26:32.652-07:00", "status": "ok", "reasons": ["current_change"]}
POWER_MONITOR_RECORD {"timestamp_pacific": "2026-08-04T17:26:35.671-07:00", "status": "ok", "reasons": ["current_change"]}
POWER_MONITOR_RECORD {"timestamp_pacific": "2026-08-04T17:26:36.677-07:00", "status": "ok", "reasons": ["current_change"]}
POWER_MONITOR_RECORD {"timestamp_pacific": "2026-08-04T17:26:37.688-07:00", "status": "ok", "reasons": ["current_change"]}
POWER_MONITOR_RECORD {"timestamp_pacific": "2026-08-04T17:26:43.723-07:00", "status": "ok", "reasons": ["current_change"]}
POWER_MONITOR_RECORD {"timestamp_pacific": "2026-08-04T17:26:44.730-07:00", "status": "ok", "reasons": ["current_change"]}
POWER_MONITOR_RECORD {"timestamp_pacific": "2026-08-04T17:26:47.748-07:00", "status": "ok", "reasons": ["current_change"]}
POWER_MONITOR_RECORD {"timestamp_pacific": "2026-08-04T17:26:48.754-07:00", "status": "ok", "reasons": ["current_change"]}
POWER_MONITOR_RECORD {"timestamp_pacific": "2026-08-04T17:26:49.765-07:00", "status": "ok", "reasons": ["current_change"]}
POWER_MONITOR_RECORD {"timestamp_pacific": "2026-08-04T17:26:52.783-07:00", "status": "ok", "reasons": ["current_change"]}
POWER_MONITOR_RECORD {"timestamp_pacific": "2026-08-04T17:26:53.789-07:00", "status": "ok", "reasons": ["current_change"]}
POWER_MONITOR_RECORD {"timestamp_pacific": "2026-08-04T17:26:56.811-07:00", "status": "ok", "reasons": ["current_change"]}
POWER_MONITOR_RECORD {"timestamp_pacific": "2026-08-04T17:26:57.817-07:00", "status": "ok", "reasons": ["current_change"]}
POWER_MONITOR_RECORD {"timestamp_pacific": "2026-08-04T17:26:58.824-07:00", "status": "ok", "reasons": ["current_change"]}
POWER_MONITOR_RECORD {"timestamp_pacific": "2026-08-04T17:26:59.833-07:00", "status": "ok", "reasons": ["current_change"]}
POWER_MONITOR_RECORD {"timestamp_pacific": "2026-08-04T17:27:09.886-07:00", "status": "ok", "reasons": ["current_change"]}
POWER_MONITOR_RECORD {"timestamp_pacific": "2026-08-04T17:27:10.889-07:00", "status": "ok", "reasons": ["current_change"]}
POWER_MONITOR_RECORD {"timestamp_pacific": "2026-08-04T17:27:13.900-07:00", "status": "ok", "reasons": ["current_change"]}
POWER_MONITOR_RECORD {"timestamp_pacific": "2026-08-04T17:27:16.918-07:00", "status": "ok", "reasons": ["current_change"]}
POWER_MONITOR_RECORD {"timestamp_pacific": "2026-08-04T17:27:17.925-07:00", "status": "ok", "reasons": ["current_change"]}
POWER_MONITOR_RECORD {"timestamp_pacific": "2026-08-04T17:27:18.931-07:00", "status": "ok", "reasons": ["current_change"]}
POWER_MONITOR_RECORD {"timestamp_pacific": "2026-08-04T17:27:26.979-07:00", "status": "ok", "reasons": ["current_change"]}
POWER_MONITOR_RECORD {"timestamp_pacific": "2026-08-04T17:27:33.015-07:00", "status": "ok", "reasons": ["current_change"]}
POWER_MONITOR_RECORD {"timestamp_pacific": "2026-08-04T17:27:35.027-07:00", "status": "ok", "reasons": ["current_change"]}
POWER_MONITOR_RECORD {"timestamp_pacific": "2026-08-04T17:27:36.034-07:00", "status": "ok", "reasons": ["current_change"]}
POWER_MONITOR_RECORD {"timestamp_pacific": "2026-08-04T17:27:37.040-07:00", "status": "ok", "reasons": ["current_change"]}
POWER_MONITOR_RECORD {"timestamp_pacific": "2026-08-04T17:27:38.047-07:00", "status": "ok", "reasons": ["current_change"]}
POWER_MONITOR_RECORD {"timestamp_pacific": "2026-08-04T17:27:39.056-07:00", "status": "ok", "reasons": ["current_change"]}
POWER_MONITOR_RECORD {"timestamp_pacific": "2026-08-04T17:27:41.068-07:00", "status": "ok", "reasons": ["current_change"]}
POWER_MONITOR_RECORD {"timestamp_pacific": "2026-08-04T17:27:43.085-07:00", "status": "ok", "reasons": ["current_change"]}
POWER_MONITOR_RECORD {"timestamp_pacific": "2026-08-04T17:27:45.097-07:00", "status": "ok", "reasons": ["current_change"]}
POWER_MONITOR_RECORD {"timestamp_pacific": "2026-08-04T17:27:46.104-07:00", "status": "ok", "reasons": ["current_change"]}
POWER_MONITOR_RECORD {"timestamp_pacific": "2026-08-04T17:27:47.110-07:00", "status": "ok", "reasons": ["current_change"]}
POWER_MONITOR_RECORD {"timestamp_pacific": "2026-08-04T17:27:50.129-07:00", "status": "ok", "reasons": ["current_change"]}
POWER_MONITOR_RECORD {"timestamp_pacific": "2026-08-04T17:27:51.135-07:00", "status": "ok", "reasons": ["current_change"]}
POWER_MONITOR_RECORD {"timestamp_pacific": "2026-08-04T17:27:52.142-07:00", "status": "ok", "reasons": ["current_change"]}
POWER_MONITOR_RECORD {"timestamp_pacific": "2026-08-04T17:27:53.148-07:00", "status": "ok", "reasons": ["current_change"]}
POWER_MONITOR_RECORD {"timestamp_pacific": "2026-08-04T17:27:54.155-07:00", "status": "ok", "reasons": ["current_change"]}
POWER_MONITOR_RECORD {"timestamp_pacific": "2026-08-04T17:27:59.185-07:00", "status": "ok", "reasons": ["current_change"]}
POWER_MONITOR_RECORD {"timestamp_pacific": "2026-08-04T17:28:01.197-07:00", "status": "ok", "reasons": ["current_change"]}
POWER_MONITOR_RECORD {"timestamp_pacific": "2026-08-04T17:28:02.204-07:00", "status": "ok", "reasons": ["current_change"]}
POWER_MONITOR_RECORD {"timestamp_pacific": "2026-08-04T17:28:03.210-07:00", "status": "ok", "reasons": ["current_change"]}
POWER_MONITOR_RECORD {"timestamp_pacific": "2026-08-04T17:28:04.217-07:00", "status": "ok", "reasons": ["current_change"]}
POWER_MONITOR_RECORD {"timestamp_pacific": "2026-08-04T17:28:08.245-07:00", "status": "ok", "reasons": ["current_change"]}
POWER_MONITOR_RECORD {"timestamp_pacific": "2026-08-04T17:28:09.251-07:00", "status": "ok", "reasons": ["current_change"]}
POWER_MONITOR_RECORD {"timestamp_pacific": "2026-08-04T17:28:10.258-07:00", "status": "ok", "reasons": ["current_change"]}
POWER_MONITOR_RECORD {"timestamp_pacific": "2026-08-04T17:28:15.291-07:00", "status": "ok", "reasons": ["current_change"]}
POWER_MONITOR_RECORD {"timestamp_pacific": "2026-08-04T17:28:16.297-07:00", "status": "ok", "reasons": ["current_change"]}
POWER_MONITOR_RECORD {"timestamp_pacific": "2026-08-04T17:28:25.351-07:00", "status": "ok", "reasons": ["current_change"]}
POWER_MONITOR_RECORD {"timestamp_pacific": "2026-08-04T17:28:26.357-07:00", "status": "ok", "reasons": ["current_change"]}
POWER_MONITOR_RECORD {"timestamp_pacific": "2026-08-04T17:28:27.364-07:00", "status": "ok", "reasons": ["current_change"]}
POWER_MONITOR_RECORD {"timestamp_pacific": "2026-08-04T17:28:29.376-07:00", "status": "ok", "reasons": ["current_change"]}
POWER_MONITOR_RECORD {"timestamp_pacific": "2026-08-04T17:28:30.383-07:00", "status": "ok", "reasons": ["current_change"]}
POWER_MONITOR_RECORD {"timestamp_pacific": "2026-08-04T17:28:34.407-07:00", "status": "ok", "reasons": ["current_change"]}
POWER_MONITOR_RECORD {"timestamp_pacific": "2026-08-04T17:28:36.419-07:00", "status": "ok", "reasons": ["current_change"]}
POWER_MONITOR_RECORD {"timestamp_pacific": "2026-08-04T17:28:39.437-07:00", "status": "ok", "reasons": ["current_change"]}
POWER_MONITOR_RECORD {"timestamp_pacific": "2026-08-04T17:28:40.447-07:00", "status": "ok", "reasons": ["current_change"]}
POWER_MONITOR_RECORD {"timestamp_pacific": "2026-08-04T17:28:41.454-07:00", "status": "ok", "reasons": ["current_change"]}
POWER_MONITOR_RECORD {"timestamp_pacific": "2026-08-04T17:28:45.478-07:00", "status": "ok", "reasons": ["current_change"]}
POWER_MONITOR_RECORD {"timestamp_pacific": "2026-08-04T17:28:46.484-07:00", "status": "ok", "reasons": ["current_change"]}
POWER_MONITOR_RECORD {"timestamp_pacific": "2026-08-04T17:28:51.514-07:00", "status": "ok", "reasons": ["current_change"]}
POWER_MONITOR_RECORD {"timestamp_pacific": "2026-08-04T17:28:52.521-07:00", "status": "ok", "reasons": ["current_change"]}
POWER_MONITOR_RECORD {"timestamp_pacific": "2026-08-04T17:28:53.527-07:00", "status": "ok", "reasons": ["current_change"]}
POWER_MONITOR_RECORD {"timestamp_pacific": "2026-08-04T17:28:54.534-07:00", "status": "ok", "reasons": ["current_change"]}
POWER_MONITOR_RECORD {"timestamp_pacific": "2026-08-04T17:28:56.546-07:00", "status": "ok", "reasons": ["current_change"]}
POWER_MONITOR_RECORD {"timestamp_pacific": "2026-08-04T17:28:58.562-07:00", "status": "ok", "reasons": ["current_change"]}
POWER_MONITOR_RECORD {"timestamp_pacific": "2026-08-04T17:28:59.569-07:00", "status": "ok", "reasons": ["current_change"]}
POWER_MONITOR_RECORD {"timestamp_pacific": "2026-08-04T17:29:00.575-07:00", "status": "ok", "reasons": ["current_change"]}
POWER_MONITOR_RECORD {"timestamp_pacific": "2026-08-04T17:29:02.588-07:00", "status": "ok", "reasons": ["current_change"]}
POWER_MONITOR_RECORD {"timestamp_pacific": "2026-08-04T17:29:03.594-07:00", "status": "ok", "reasons": ["current_change"]}
POWER_MONITOR_RECORD {"timestamp_pacific": "2026-08-04T17:29:05.607-07:00", "status": "ok", "reasons": ["current_change"]}
POWER_MONITOR_RECORD {"timestamp_pacific": "2026-08-04T17:29:06.613-07:00", "status": "ok", "reasons": ["current_change"]}
POWER_MONITOR_RECORD {"timestamp_pacific": "2026-08-04T17:29:13.638-07:00", "status": "ok", "reasons": ["current_change"]}
POWER_MONITOR_RECORD {"timestamp_pacific": "2026-08-04T17:29:14.644-07:00", "status": "ok", "reasons": ["current_change"]}
POWER_MONITOR_RECORD {"timestamp_pacific": "2026-08-04T17:29:15.651-07:00", "status": "ok", "reasons": ["current_change"]}
POWER_MONITOR_RECORD {"timestamp_pacific": "2026-08-04T17:29:18.669-07:00", "status": "ok", "reasons": ["current_change"]}
POWER_MONITOR_RECORD {"timestamp_pacific": "2026-08-04T17:29:20.684-07:00", "status": "ok", "reasons": ["current_change"]}
POWER_MONITOR_RECORD {"timestamp_pacific": "2026-08-04T17:29:21.691-07:00", "status": "ok", "reasons": ["current_change"]}
POWER_MONITOR_RECORD {"timestamp_pacific": "2026-08-04T17:29:22.697-07:00", "status": "ok", "reasons": ["current_change"]}
POWER_MONITOR_RECORD {"timestamp_pacific": "2026-08-04T17:29:24.709-07:00", "status": "ok", "reasons": ["current_change"]}
POWER_MONITOR_RECORD {"timestamp_pacific": "2026-08-04T17:29:25.716-07:00", "status": "ok", "reasons": ["current_change"]}
POWER_MONITOR_RECORD {"timestamp_pacific": "2026-08-04T17:29:26.722-07:00", "status": "ok", "reasons": ["current_change"]}
POWER_MONITOR_RECORD {"timestamp_pacific": "2026-08-04T17:29:27.729-07:00", "status": "ok", "reasons": ["current_change"]}
POWER_MONITOR_RECORD {"timestamp_pacific": "2026-08-04T17:29:28.736-07:00", "status": "ok", "reasons": ["current_change"]}
POWER_MONITOR_RECORD {"timestamp_pacific": "2026-08-04T17:29:29.742-07:00", "status": "ok", "reasons": ["current_change"]}
POWER_MONITOR_RECORD {"timestamp_pacific": "2026-08-04T17:29:31.755-07:00", "status": "ok", "reasons": ["current_change"]}
POWER_MONITOR_RECORD {"timestamp_pacific": "2026-08-04T17:29:32.761-07:00", "status": "ok", "reasons": ["current_change"]}
POWER_MONITOR_RECORD {"timestamp_pacific": "2026-08-04T17:29:33.768-07:00", "status": "ok", "reasons": ["current_change"]}
POWER_MONITOR_RECORD {"timestamp_pacific": "2026-08-04T17:29:36.786-07:00", "status": "ok", "reasons": ["current_change"]}
POWER_MONITOR_RECORD {"timestamp_pacific": "2026-08-04T17:29:38.798-07:00", "status": "ok", "reasons": ["current_change"]}
POWER_MONITOR_RECORD {"timestamp_pacific": "2026-08-04T17:29:39.805-07:00", "status": "ok", "reasons": ["current_change"]}
POWER_MONITOR_RECORD {"timestamp_pacific": "2026-08-04T17:29:40.811-07:00", "status": "ok", "reasons": ["current_change"]}
POWER_MONITOR_RECORD {"timestamp_pacific": "2026-08-04T17:29:41.818-07:00", "status": "ok", "reasons": ["current_change"]}
POWER_MONITOR_RECORD {"timestamp_pacific": "2026-08-04T17:29:42.828-07:00", "status": "ok", "reasons": ["current_change"]}
POWER_MONITOR_RECORD {"timestamp_pacific": "2026-08-04T17:29:43.834-07:00", "status": "ok", "reasons": ["current_change"]}
POWER_MONITOR_RECORD {"timestamp_pacific": "2026-08-04T17:29:46.852-07:00", "status": "ok", "reasons": ["current_change"]}
POWER_MONITOR_RECORD {"timestamp_pacific": "2026-08-04T17:29:49.874-07:00", "status": "ok", "reasons": ["current_change"]}
POWER_MONITOR_RECORD {"timestamp_pacific": "2026-08-04T17:29:50.881-07:00", "status": "ok", "reasons": ["current_change"]}
POWER_MONITOR_RECORD {"timestamp_pacific": "2026-08-04T17:29:51.887-07:00", "status": "ok", "reasons": ["current_change"]}
POWER_MONITOR_RECORD {"timestamp_pacific": "2026-08-04T17:29:55.914-07:00", "status": "ok", "reasons": ["current_change"]}
POWER_MONITOR_RECORD {"timestamp_pacific": "2026-08-04T17:29:56.921-07:00", "status": "ok", "reasons": ["current_change"]}
POWER_MONITOR_RECORD {"timestamp_pacific": "2026-08-04T17:29:57.931-07:00", "status": "ok", "reasons": ["current_change"]}
POWER_MONITOR_RECORD {"timestamp_pacific": "2026-08-04T17:29:58.938-07:00", "status": "ok", "reasons": ["current_change"]}
POWER_MONITOR_RECORD {"timestamp_pacific": "2026-08-04T17:30:03.968-07:00", "status": "ok", "reasons": ["current_change"]}
POWER_MONITOR_RECORD {"timestamp_pacific": "2026-08-04T17:30:04.974-07:00", "status": "ok", "reasons": ["current_change"]}
POWER_MONITOR_RECORD {"timestamp_pacific": "2026-08-04T17:30:05.981-07:00", "status": "ok", "reasons": ["current_change"]}
POWER_MONITOR_RECORD {"timestamp_pacific": "2026-08-04T17:30:08.999-07:00", "status": "ok", "reasons": ["current_change"]}
POWER_MONITOR_RECORD {"timestamp_pacific": "2026-08-04T17:30:11.014-07:00", "status": "ok", "reasons": ["current_change"]}
POWER_MONITOR_RECORD {"timestamp_pacific": "2026-08-04T17:30:12.021-07:00", "status": "ok", "reasons": ["current_change"]}
POWER_MONITOR_RECORD {"timestamp_pacific": "2026-08-04T17:30:13.027-07:00", "status": "ok", "reasons": ["current_change"]}
POWER_MONITOR_RECORD {"timestamp_pacific": "2026-08-04T17:30:16.046-07:00", "status": "ok", "reasons": ["current_change"]}
POWER_MONITOR_RECORD {"timestamp_pacific": "2026-08-04T17:30:17.052-07:00", "status": "ok", "reasons": ["current_change"]}
POWER_MONITOR_RECORD {"timestamp_pacific": "2026-08-04T17:30:21.076-07:00", "status": "ok", "reasons": ["current_change"]}
POWER_MONITOR_RECORD {"timestamp_pacific": "2026-08-04T17:30:22.083-07:00", "status": "ok", "reasons": ["current_change"]}
POWER_MONITOR_RECORD {"timestamp_pacific": "2026-08-04T17:30:25.101-07:00", "status": "ok", "reasons": ["current_change"]}
POWER_MONITOR_RECORD {"timestamp_pacific": "2026-08-04T17:30:26.108-07:00", "status": "ok", "reasons": ["current_change"]}
POWER_MONITOR_RECORD {"timestamp_pacific": "2026-08-04T17:30:28.120-07:00", "status": "ok", "reasons": ["current_change"]}
POWER_MONITOR_RECORD {"timestamp_pacific": "2026-08-04T17:30:30.133-07:00", "status": "ok", "reasons": ["current_change"]}
POWER_MONITOR_RECORD {"timestamp_pacific": "2026-08-04T17:30:32.146-07:00", "status": "ok", "reasons": ["current_change"]}
POWER_MONITOR_RECORD {"timestamp_pacific": "2026-08-04T17:30:33.152-07:00", "status": "ok", "reasons": ["current_change"]}
POWER_MONITOR_RECORD {"timestamp_pacific": "2026-08-04T17:30:34.159-07:00", "status": "ok", "reasons": ["current_change"]}
POWER_MONITOR_RECORD {"timestamp_pacific": "2026-08-04T17:30:39.189-07:00", "status": "ok", "reasons": ["current_change"]}
POWER_MONITOR_RECORD {"timestamp_pacific": "2026-08-04T17:30:40.196-07:00", "status": "ok", "reasons": ["current_change"]}
POWER_MONITOR_RECORD {"timestamp_pacific": "2026-08-04T17:30:46.231-07:00", "status": "ok", "reasons": ["current_change"]}
POWER_MONITOR_RECORD {"timestamp_pacific": "2026-08-04T17:30:47.238-07:00", "status": "ok", "reasons": ["current_change"]}
POWER_MONITOR_RECORD {"timestamp_pacific": "2026-08-04T17:30:48.245-07:00", "status": "ok", "reasons": ["current_change"]}
POWER_MONITOR_RECORD {"timestamp_pacific": "2026-08-04T17:30:51.263-07:00", "status": "ok", "reasons": ["current_change"]}
POWER_MONITOR_RECORD {"timestamp_pacific": "2026-08-04T17:30:52.272-07:00", "status": "ok", "reasons": ["current_change"]}
POWER_MONITOR_RECORD {"timestamp_pacific": "2026-08-04T17:30:53.279-07:00", "status": "ok", "reasons": ["current_change"]}
POWER_MONITOR_RECORD {"timestamp_pacific": "2026-08-04T17:30:54.286-07:00", "status": "ok", "reasons": ["current_change"]}
POWER_MONITOR_RECORD {"timestamp_pacific": "2026-08-04T17:30:58.310-07:00", "status": "ok", "reasons": ["current_change"]}
POWER_MONITOR_RECORD {"timestamp_pacific": "2026-08-04T17:30:59.316-07:00", "status": "ok", "reasons": ["current_change"]}
POWER_MONITOR_RECORD {"timestamp_pacific": "2026-08-04T17:31:01.329-07:00", "status": "ok", "reasons": ["current_change"]}
POWER_MONITOR_RECORD {"timestamp_pacific": "2026-08-04T17:31:02.335-07:00", "status": "ok", "reasons": ["current_change"]}
POWER_MONITOR_RECORD {"timestamp_pacific": "2026-08-04T17:31:06.359-07:00", "status": "ok", "reasons": ["current_change"]}
POWER_MONITOR_RECORD {"timestamp_pacific": "2026-08-04T17:31:07.366-07:00", "status": "ok", "reasons": ["current_change"]}
POWER_MONITOR_RECORD {"timestamp_pacific": "2026-08-04T17:31:08.369-07:00", "status": "ok", "reasons": ["current_change"]}
POWER_MONITOR_RECORD {"timestamp_pacific": "2026-08-04T17:31:09.371-07:00", "status": "ok", "reasons": ["current_change"]}
POWER_MONITOR_RECORD {"timestamp_pacific": "2026-08-04T17:31:13.385-07:00", "status": "ok", "reasons": ["current_change"]}
POWER_MONITOR_RECORD {"timestamp_pacific": "2026-08-04T17:31:15.398-07:00", "status": "ok", "reasons": ["current_change"]}
POWER_MONITOR_RECORD {"timestamp_pacific": "2026-08-04T17:31:16.404-07:00", "status": "ok", "reasons": ["current_change"]}
POWER_MONITOR_RECORD {"timestamp_pacific": "2026-08-04T17:31:17.411-07:00", "status": "ok", "reasons": ["current_change"]}
POWER_MONITOR_RECORD {"timestamp_pacific": "2026-08-04T17:31:19.423-07:00", "status": "ok", "reasons": ["current_change"]}
POWER_MONITOR_RECORD {"timestamp_pacific": "2026-08-04T17:31:23.447-07:00", "status": "ok", "reasons": ["current_change"]}
POWER_MONITOR_RECORD {"timestamp_pacific": "2026-08-04T17:31:24.454-07:00", "status": "ok", "reasons": ["current_change"]}
POWER_MONITOR_RECORD {"timestamp_pacific": "2026-08-04T17:31:25.464-07:00", "status": "ok", "reasons": ["current_change"]}
POWER_MONITOR_RECORD {"timestamp_pacific": "2026-08-04T17:31:26.470-07:00", "status": "ok", "reasons": ["current_change"]}
POWER_MONITOR_RECORD {"timestamp_pacific": "2026-08-04T17:31:27.477-07:00", "status": "ok", "reasons": ["current_change"]}
POWER_MONITOR_RECORD {"timestamp_pacific": "2026-08-04T17:31:28.483-07:00", "status": "ok", "reasons": ["current_change"]}
POWER_MONITOR_RECORD {"timestamp_pacific": "2026-08-04T17:31:29.490-07:00", "status": "ok", "reasons": ["current_change"]}
POWER_MONITOR_RECORD {"timestamp_pacific": "2026-08-04T17:31:30.500-07:00", "status": "ok", "reasons": ["current_change"]}
POWER_MONITOR_RECORD {"timestamp_pacific": "2026-08-04T17:31:33.518-07:00", "status": "ok", "reasons": ["current_change"]}
POWER_MONITOR_RECORD {"timestamp_pacific": "2026-08-04T17:31:35.530-07:00", "status": "ok", "reasons": ["current_change"]}
POWER_MONITOR_RECORD {"timestamp_pacific": "2026-08-04T17:31:36.537-07:00", "status": "ok", "reasons": ["current_change"]}
POWER_MONITOR_RECORD {"timestamp_pacific": "2026-08-04T17:31:38.549-07:00", "status": "ok", "reasons": ["current_change"]}
POWER_MONITOR_RECORD {"timestamp_pacific": "2026-08-04T17:31:41.567-07:00", "status": "ok", "reasons": ["current_change"]}
POWER_MONITOR_RECORD {"timestamp_pacific": "2026-08-04T17:31:43.580-07:00", "status": "ok", "reasons": ["current_change"]}
POWER_MONITOR_RECORD {"timestamp_pacific": "2026-08-04T17:31:44.586-07:00", "status": "ok", "reasons": ["current_change"]}
POWER_MONITOR_RECORD {"timestamp_pacific": "2026-08-04T17:31:46.599-07:00", "status": "ok", "reasons": ["current_change"]}
POWER_MONITOR_RECORD {"timestamp_pacific": "2026-08-04T17:31:47.608-07:00", "status": "ok", "reasons": ["current_change"]}
POWER_MONITOR_RECORD {"timestamp_pacific": "2026-08-04T17:31:49.621-07:00", "status": "ok", "reasons": ["current_change"]}
POWER_MONITOR_RECORD {"timestamp_pacific": "2026-08-04T17:31:50.627-07:00", "status": "ok", "reasons": ["current_change"]}
POWER_MONITOR_RECORD {"timestamp_pacific": "2026-08-04T17:31:52.640-07:00", "status": "ok", "reasons": ["current_change"]}
POWER_MONITOR_RECORD {"timestamp_pacific": "2026-08-04T17:31:53.646-07:00", "status": "ok", "reasons": ["current_change"]}
POWER_MONITOR_RECORD {"timestamp_pacific": "2026-08-04T17:31:54.653-07:00", "status": "ok", "reasons": ["current_change"]}
POWER_MONITOR_RECORD {"timestamp_pacific": "2026-08-04T17:31:55.659-07:00", "status": "ok", "reasons": ["current_change"]}
POWER_MONITOR_RECORD {"timestamp_pacific": "2026-08-04T17:32:01.695-07:00", "status": "ok", "reasons": ["current_change"]}
POWER_MONITOR_RECORD {"timestamp_pacific": "2026-08-04T17:32:02.702-07:00", "status": "ok", "reasons": ["current_change"]}
POWER_MONITOR_RECORD {"timestamp_pacific": "2026-08-04T17:32:03.708-07:00", "status": "ok", "reasons": ["current_change"]}
POWER_MONITOR_RECORD {"timestamp_pacific": "2026-08-04T17:32:04.715-07:00", "status": "ok", "reasons": ["current_change"]}
POWER_MONITOR_RECORD {"timestamp_pacific": "2026-08-04T17:32:06.728-07:00", "status": "ok", "reasons": ["current_change"]}
POWER_MONITOR_RECORD {"timestamp_pacific": "2026-08-04T17:32:07.737-07:00", "status": "ok", "reasons": ["current_change"]}
POWER_MONITOR_RECORD {"timestamp_pacific": "2026-08-04T17:32:12.767-07:00", "status": "ok", "reasons": ["current_change"]}
POWER_MONITOR_RECORD {"timestamp_pacific": "2026-08-04T17:32:16.795-07:00", "status": "ok", "reasons": ["current_change"]}
POWER_MONITOR_RECORD {"timestamp_pacific": "2026-08-04T17:32:17.802-07:00", "status": "ok", "reasons": ["current_change"]}
POWER_MONITOR_RECORD {"timestamp_pacific": "2026-08-04T17:32:18.812-07:00", "status": "ok", "reasons": ["current_change"]}
POWER_MONITOR_RECORD {"timestamp_pacific": "2026-08-04T17:32:19.818-07:00", "status": "ok", "reasons": ["current_change"]}
POWER_MONITOR_RECORD {"timestamp_pacific": "2026-08-04T17:32:21.831-07:00", "status": "ok", "reasons": ["current_change"]}
POWER_MONITOR_RECORD {"timestamp_pacific": "2026-08-04T17:32:22.837-07:00", "status": "ok", "reasons": ["current_change"]}
POWER_MONITOR_RECORD {"timestamp_pacific": "2026-08-04T17:32:26.864-07:00", "status": "ok", "reasons": ["current_change"]}
POWER_MONITOR_RECORD {"timestamp_pacific": "2026-08-04T17:32:27.871-07:00", "status": "ok", "reasons": ["current_change"]}
POWER_MONITOR_RECORD {"timestamp_pacific": "2026-08-04T17:32:30.892-07:00", "status": "ok", "reasons": ["current_change"]}
POWER_MONITOR_RECORD {"timestamp_pacific": "2026-08-04T17:32:31.898-07:00", "status": "ok", "reasons": ["current_change"]}
POWER_MONITOR_RECORD {"timestamp_pacific": "2026-08-04T17:32:33.911-07:00", "status": "ok", "reasons": ["current_change"]}
POWER_MONITOR_RECORD {"timestamp_pacific": "2026-08-04T17:32:34.917-07:00", "status": "ok", "reasons": ["current_change"]}
POWER_MONITOR_RECORD {"timestamp_pacific": "2026-08-04T17:32:35.924-07:00", "status": "ok", "reasons": ["current_change"]}
POWER_MONITOR_RECORD {"timestamp_pacific": "2026-08-04T17:32:36.930-07:00", "status": "ok", "reasons": ["current_change"]}
POWER_MONITOR_RECORD {"timestamp_pacific": "2026-08-04T17:32:40.954-07:00", "status": "ok", "reasons": ["current_change"]}
POWER_MONITOR_RECORD {"timestamp_pacific": "2026-08-04T17:32:41.961-07:00", "status": "ok", "reasons": ["current_change"]}
POWER_MONITOR_RECORD {"timestamp_pacific": "2026-08-04T17:32:43.973-07:00", "status": "ok", "reasons": ["current_change"]}
POWER_MONITOR_RECORD {"timestamp_pacific": "2026-08-04T17:32:45.986-07:00", "status": "ok", "reasons": ["current_change"]}
POWER_MONITOR_RECORD {"timestamp_pacific": "2026-08-04T17:32:46.992-07:00", "status": "ok", "reasons": ["current_change"]}
POWER_MONITOR_RECORD {"timestamp_pacific": "2026-08-04T17:32:49.005-07:00", "status": "ok", "reasons": ["current_change"]}
POWER_MONITOR_RECORD {"timestamp_pacific": "2026-08-04T17:32:51.017-07:00", "status": "ok", "reasons": ["current_change"]}
POWER_MONITOR_RECORD {"timestamp_pacific": "2026-08-04T17:32:53.030-07:00", "status": "ok", "reasons": ["current_change"]}
POWER_MONITOR_RECORD {"timestamp_pacific": "2026-08-04T17:32:57.054-07:00", "status": "ok", "reasons": ["current_change"]}
POWER_MONITOR_RECORD {"timestamp_pacific": "2026-08-04T17:32:58.060-07:00", "status": "ok", "reasons": ["current_change"]}
POWER_MONITOR_RECORD {"timestamp_pacific": "2026-08-04T17:32:59.067-07:00", "status": "ok", "reasons": ["current_change"]}
POWER_MONITOR_RECORD {"timestamp_pacific": "2026-08-04T17:33:05.102-07:00", "status": "ok", "reasons": ["current_change"]}
POWER_MONITOR_RECORD {"timestamp_pacific": "2026-08-04T17:33:06.108-07:00", "status": "ok", "reasons": ["current_change"]}
POWER_MONITOR_RECORD {"timestamp_pacific": "2026-08-04T17:33:08.117-07:00", "status": "ok", "reasons": ["current_change"]}
POWER_MONITOR_RECORD {"timestamp_pacific": "2026-08-04T17:33:09.120-07:00", "status": "ok", "reasons": ["current_change"]}
POWER_MONITOR_RECORD {"timestamp_pacific": "2026-08-04T17:33:10.122-07:00", "status": "ok", "reasons": ["current_change"]}
POWER_MONITOR_RECORD {"timestamp_pacific": "2026-08-04T17:33:12.127-07:00", "status": "ok", "reasons": ["current_change"]}
POWER_MONITOR_RECORD {"timestamp_pacific": "2026-08-04T17:33:15.145-07:00", "status": "ok", "reasons": ["current_change"]}
POWER_MONITOR_RECORD {"timestamp_pacific": "2026-08-04T17:33:16.152-07:00", "status": "ok", "reasons": ["current_change"]}
POWER_MONITOR_RECORD {"timestamp_pacific": "2026-08-04T17:33:19.170-07:00", "status": "ok", "reasons": ["current_change"]}
POWER_MONITOR_RECORD {"timestamp_pacific": "2026-08-04T17:33:20.177-07:00", "status": "ok", "reasons": ["current_change"]}
POWER_MONITOR_RECORD {"timestamp_pacific": "2026-08-04T17:33:23.195-07:00", "status": "ok", "reasons": ["current_change"]}
POWER_MONITOR_RECORD {"timestamp_pacific": "2026-08-04T17:33:26.213-07:00", "status": "ok", "reasons": ["current_change"]}
POWER_MONITOR_RECORD {"timestamp_pacific": "2026-08-04T17:33:27.220-07:00", "status": "ok", "reasons": ["current_change"]}
POWER_MONITOR_RECORD {"timestamp_pacific": "2026-08-04T17:33:30.238-07:00", "status": "ok", "reasons": ["current_change"]}
POWER_MONITOR_RECORD {"timestamp_pacific": "2026-08-04T17:33:31.249-07:00", "status": "ok", "reasons": ["current_change"]}
POWER_MONITOR_RECORD {"timestamp_pacific": "2026-08-04T17:33:32.255-07:00", "status": "ok", "reasons": ["current_change"]}
POWER_MONITOR_RECORD {"timestamp_pacific": "2026-08-04T17:33:33.262-07:00", "status": "ok", "reasons": ["current_change"]}
POWER_MONITOR_RECORD {"timestamp_pacific": "2026-08-04T17:33:36.280-07:00", "status": "ok", "reasons": ["current_change"]}
POWER_MONITOR_RECORD {"timestamp_pacific": "2026-08-04T17:33:37.287-07:00", "status": "ok", "reasons": ["current_change"]}
POWER_MONITOR_RECORD {"timestamp_pacific": "2026-08-04T17:33:39.299-07:00", "status": "ok", "reasons": ["current_change"]}
POWER_MONITOR_RECORD {"timestamp_pacific": "2026-08-04T17:33:40.306-07:00", "status": "ok", "reasons": ["current_change"]}
POWER_MONITOR_RECORD {"timestamp_pacific": "2026-08-04T17:33:41.312-07:00", "status": "ok", "reasons": ["current_change"]}
POWER_MONITOR_RECORD {"timestamp_pacific": "2026-08-04T17:33:46.342-07:00", "status": "ok", "reasons": ["current_change"]}
POWER_MONITOR_RECORD {"timestamp_pacific": "2026-08-04T17:33:48.354-07:00", "status": "ok", "reasons": ["current_change"]}
POWER_MONITOR_RECORD {"timestamp_pacific": "2026-08-04T17:33:50.367-07:00", "status": "ok", "reasons": ["current_change"]}
POWER_MONITOR_RECORD {"timestamp_pacific": "2026-08-04T17:33:51.377-07:00", "status": "ok", "reasons": ["current_change"]}
POWER_MONITOR_RECORD {"timestamp_pacific": "2026-08-04T17:33:52.383-07:00", "status": "ok", "reasons": ["current_change"]}
POWER_MONITOR_RECORD {"timestamp_pacific": "2026-08-04T17:33:53.390-07:00", "status": "ok", "reasons": ["current_change"]}
POWER_MONITOR_RECORD {"timestamp_pacific": "2026-08-04T17:33:54.396-07:00", "status": "ok", "reasons": ["current_change"]}
POWER_MONITOR_RECORD {"timestamp_pacific": "2026-08-04T17:33:56.413-07:00", "status": "ok", "reasons": ["current_change"]}
POWER_MONITOR_RECORD {"timestamp_pacific": "2026-08-04T17:33:57.419-07:00", "status": "ok", "reasons": ["current_change"]}
POWER_MONITOR_RECORD {"timestamp_pacific": "2026-08-04T17:33:59.432-07:00", "status": "ok", "reasons": ["current_change"]}
POWER_MONITOR_RECORD {"timestamp_pacific": "2026-08-04T17:34:01.448-07:00", "status": "ok", "reasons": ["current_change"]}
POWER_MONITOR_RECORD {"timestamp_pacific": "2026-08-04T17:34:02.455-07:00", "status": "ok", "reasons": ["current_change"]}
POWER_MONITOR_RECORD {"timestamp_pacific": "2026-08-04T17:34:07.485-07:00", "status": "ok", "reasons": ["current_change"]}
POWER_MONITOR_RECORD {"timestamp_pacific": "2026-08-04T17:34:08.492-07:00", "status": "ok", "reasons": ["current_change"]}
POWER_MONITOR_RECORD {"timestamp_pacific": "2026-08-04T17:34:09.498-07:00", "status": "ok", "reasons": ["current_change"]}
POWER_MONITOR_RECORD {"timestamp_pacific": "2026-08-04T17:34:10.505-07:00", "status": "ok", "reasons": ["current_change"]}
POWER_MONITOR_RECORD {"timestamp_pacific": "2026-08-04T17:34:11.512-07:00", "status": "ok", "reasons": ["current_change"]}
POWER_MONITOR_RECORD {"timestamp_pacific": "2026-08-04T17:34:13.524-07:00", "status": "ok", "reasons": ["current_change"]}
POWER_MONITOR_RECORD {"timestamp_pacific": "2026-08-04T17:34:14.531-07:00", "status": "ok", "reasons": ["current_change"]}
POWER_MONITOR_RECORD {"timestamp_pacific": "2026-08-04T17:34:15.537-07:00", "status": "ok", "reasons": ["current_change"]}
POWER_MONITOR_RECORD {"timestamp_pacific": "2026-08-04T17:34:17.550-07:00", "status": "ok", "reasons": ["current_change"]}
POWER_MONITOR_RECORD {"timestamp_pacific": "2026-08-04T17:34:22.580-07:00", "status": "ok", "reasons": ["current_change"]}
POWER_MONITOR_RECORD {"timestamp_pacific": "2026-08-04T17:34:23.586-07:00", "status": "ok", "reasons": ["current_change"]}
POWER_MONITOR_RECORD {"timestamp_pacific": "2026-08-04T17:34:24.593-07:00", "status": "ok", "reasons": ["current_change"]}
POWER_MONITOR_RECORD {"timestamp_pacific": "2026-08-04T17:34:25.599-07:00", "status": "ok", "reasons": ["current_change"]}
POWER_MONITOR_RECORD {"timestamp_pacific": "2026-08-04T17:34:26.610-07:00", "status": "ok", "reasons": ["current_change"]}
POWER_MONITOR_RECORD {"timestamp_pacific": "2026-08-04T17:34:28.622-07:00", "status": "ok", "reasons": ["current_change"]}
POWER_MONITOR_RECORD {"timestamp_pacific": "2026-08-04T17:34:29.628-07:00", "status": "ok", "reasons": ["current_change"]}
POWER_MONITOR_RECORD {"timestamp_pacific": "2026-08-04T17:34:30.635-07:00", "status": "ok", "reasons": ["current_change"]}
POWER_MONITOR_RECORD {"timestamp_pacific": "2026-08-04T17:34:31.642-07:00", "status": "ok", "reasons": ["current_change"]}
POWER_MONITOR_RECORD {"timestamp_pacific": "2026-08-04T17:34:34.660-07:00", "status": "ok", "reasons": ["current_change"]}
POWER_MONITOR_RECORD {"timestamp_pacific": "2026-08-04T17:34:35.667-07:00", "status": "ok", "reasons": ["current_change"]}
POWER_MONITOR_RECORD {"timestamp_pacific": "2026-08-04T17:34:40.699-07:00", "status": "ok", "reasons": ["current_change"]}
POWER_MONITOR_RECORD {"timestamp_pacific": "2026-08-04T17:34:41.709-07:00", "status": "ok", "reasons": ["current_change"]}
POWER_MONITOR_RECORD {"timestamp_pacific": "2026-08-04T17:34:43.722-07:00", "status": "ok", "reasons": ["current_change"]}
POWER_MONITOR_RECORD {"timestamp_pacific": "2026-08-04T17:34:44.728-07:00", "status": "ok", "reasons": ["current_change"]}
POWER_MONITOR_RECORD {"timestamp_pacific": "2026-08-04T17:34:45.735-07:00", "status": "ok", "reasons": ["current_change"]}
POWER_MONITOR_RECORD {"timestamp_pacific": "2026-08-04T17:34:50.768-07:00", "status": "ok", "reasons": ["current_change"]}
POWER_MONITOR_RECORD {"timestamp_pacific": "2026-08-04T17:34:53.790-07:00", "status": "ok", "reasons": ["current_change"]}
POWER_MONITOR_RECORD {"timestamp_pacific": "2026-08-04T17:34:54.796-07:00", "status": "ok", "reasons": ["current_change"]}
POWER_MONITOR_RECORD {"timestamp_pacific": "2026-08-04T17:34:57.814-07:00", "status": "ok", "reasons": ["current_change"]}
POWER_MONITOR_RECORD {"timestamp_pacific": "2026-08-04T17:35:02.845-07:00", "status": "ok", "reasons": ["current_change"]}
POWER_MONITOR_RECORD {"timestamp_pacific": "2026-08-04T17:35:03.851-07:00", "status": "ok", "reasons": ["current_change"]}
POWER_MONITOR_RECORD {"timestamp_pacific": "2026-08-04T17:35:06.869-07:00", "status": "ok", "reasons": ["current_change"]}
POWER_MONITOR_RECORD {"timestamp_pacific": "2026-08-04T17:35:07.873-07:00", "status": "ok", "reasons": ["current_change"]}
POWER_MONITOR_RECORD {"timestamp_pacific": "2026-08-04T17:35:08.880-07:00", "status": "ok", "reasons": ["current_change"]}
POWER_MONITOR_RECORD {"timestamp_pacific": "2026-08-04T17:35:09.886-07:00", "status": "ok", "reasons": ["current_change"]}
POWER_MONITOR_RECORD {"timestamp_pacific": "2026-08-04T17:35:10.893-07:00", "status": "ok", "reasons": ["current_change"]}
POWER_MONITOR_RECORD {"timestamp_pacific": "2026-08-04T17:35:11.900-07:00", "status": "ok", "reasons": ["current_change"]}
POWER_MONITOR_RECORD {"timestamp_pacific": "2026-08-04T17:35:12.906-07:00", "status": "ok", "reasons": ["current_change"]}
POWER_MONITOR_RECORD {"timestamp_pacific": "2026-08-04T17:35:17.936-07:00", "status": "ok", "reasons": ["current_change"]}
POWER_MONITOR_RECORD {"timestamp_pacific": "2026-08-04T17:35:19.948-07:00", "status": "ok", "reasons": ["current_change"]}
POWER_MONITOR_RECORD {"timestamp_pacific": "2026-08-04T17:35:20.955-07:00", "status": "ok", "reasons": ["current_change"]}
POWER_MONITOR_RECORD {"timestamp_pacific": "2026-08-04T17:35:22.967-07:00", "status": "ok", "reasons": ["current_change"]}
POWER_MONITOR_RECORD {"timestamp_pacific": "2026-08-04T17:35:23.974-07:00", "status": "ok", "reasons": ["current_change"]}
POWER_MONITOR_RECORD {"timestamp_pacific": "2026-08-04T17:35:24.980-07:00", "status": "ok", "reasons": ["current_change"]}
POWER_MONITOR_RECORD {"timestamp_pacific": "2026-08-04T17:35:27.998-07:00", "status": "ok", "reasons": ["current_change"]}
POWER_MONITOR_RECORD {"timestamp_pacific": "2026-08-04T17:35:30.011-07:00", "status": "ok", "reasons": ["current_change"]}
POWER_MONITOR_RECORD {"timestamp_pacific": "2026-08-04T17:35:31.017-07:00", "status": "ok", "reasons": ["current_change"]}
POWER_MONITOR_RECORD {"timestamp_pacific": "2026-08-04T17:35:32.024-07:00", "status": "ok", "reasons": ["current_change"]}
POWER_MONITOR_RECORD {"timestamp_pacific": "2026-08-04T17:35:36.048-07:00", "status": "ok", "reasons": ["current_change"]}
POWER_MONITOR_RECORD {"timestamp_pacific": "2026-08-04T17:35:38.060-07:00", "status": "ok", "reasons": ["current_change"]}
POWER_MONITOR_RECORD {"timestamp_pacific": "2026-08-04T17:35:40.073-07:00", "status": "ok", "reasons": ["current_change"]}
POWER_MONITOR_RECORD {"timestamp_pacific": "2026-08-04T17:35:41.079-07:00", "status": "ok", "reasons": ["current_change"]}
POWER_MONITOR_RECORD {"timestamp_pacific": "2026-08-04T17:35:42.086-07:00", "status": "ok", "reasons": ["current_change"]}
POWER_MONITOR_RECORD {"timestamp_pacific": "2026-08-04T17:35:48.122-07:00", "status": "ok", "reasons": ["current_change"]}
POWER_MONITOR_RECORD {"timestamp_pacific": "2026-08-04T17:35:51.140-07:00", "status": "ok", "reasons": ["current_change"]}
POWER_MONITOR_RECORD {"timestamp_pacific": "2026-08-04T17:35:52.146-07:00", "status": "ok", "reasons": ["current_change"]}
POWER_MONITOR_RECORD {"timestamp_pacific": "2026-08-04T17:35:53.153-07:00", "status": "ok", "reasons": ["current_change"]}
POWER_MONITOR_RECORD {"timestamp_pacific": "2026-08-04T17:35:54.160-07:00", "status": "ok", "reasons": ["current_change"]}
POWER_MONITOR_RECORD {"timestamp_pacific": "2026-08-04T17:35:57.178-07:00", "status": "ok", "reasons": ["current_change"]}
POWER_MONITOR_RECORD {"timestamp_pacific": "2026-08-04T17:35:58.184-07:00", "status": "ok", "reasons": ["current_change"]}
POWER_MONITOR_RECORD {"timestamp_pacific": "2026-08-04T17:36:00.198-07:00", "status": "ok", "reasons": ["current_change"]}
POWER_MONITOR_RECORD {"timestamp_pacific": "2026-08-04T17:36:01.204-07:00", "status": "ok", "reasons": ["current_change"]}
POWER_MONITOR_RECORD {"timestamp_pacific": "2026-08-04T17:36:03.216-07:00", "status": "ok", "reasons": ["current_change"]}
POWER_MONITOR_RECORD {"timestamp_pacific": "2026-08-04T17:36:04.225-07:00", "status": "ok", "reasons": ["current_change"]}
POWER_MONITOR_RECORD {"timestamp_pacific": "2026-08-04T17:36:06.237-07:00", "status": "ok", "reasons": ["current_change"]}
POWER_MONITOR_RECORD {"timestamp_pacific": "2026-08-04T17:36:07.244-07:00", "status": "ok", "reasons": ["current_change"]}
POWER_MONITOR_RECORD {"timestamp_pacific": "2026-08-04T17:36:08.247-07:00", "status": "ok", "reasons": ["current_change"]}
POWER_MONITOR_RECORD {"timestamp_pacific": "2026-08-04T17:36:10.252-07:00", "status": "ok", "reasons": ["current_change"]}
POWER_MONITOR_RECORD {"timestamp_pacific": "2026-08-04T17:36:11.255-07:00", "status": "ok", "reasons": ["current_change"]}
POWER_MONITOR_RECORD {"timestamp_pacific": "2026-08-04T17:36:14.269-07:00", "status": "ok", "reasons": ["current_change"]}
POWER_MONITOR_RECORD {"timestamp_pacific": "2026-08-04T17:36:16.282-07:00", "status": "ok", "reasons": ["current_change"]}
POWER_MONITOR_RECORD {"timestamp_pacific": "2026-08-04T17:36:17.288-07:00", "status": "ok", "reasons": ["current_change"]}
POWER_MONITOR_RECORD {"timestamp_pacific": "2026-08-04T17:36:19.301-07:00", "status": "ok", "reasons": ["current_change"]}
POWER_MONITOR_RECORD {"timestamp_pacific": "2026-08-04T17:36:20.308-07:00", "status": "ok", "reasons": ["current_change"]}
POWER_MONITOR_RECORD {"timestamp_pacific": "2026-08-04T17:36:21.315-07:00", "status": "ok", "reasons": ["current_change"]}
POWER_MONITOR_RECORD {"timestamp_pacific": "2026-08-04T17:36:23.327-07:00", "status": "ok", "reasons": ["current_change"]}
POWER_MONITOR_RECORD {"timestamp_pacific": "2026-08-04T17:36:24.334-07:00", "status": "ok", "reasons": ["current_change"]}
POWER_MONITOR_RECORD {"timestamp_pacific": "2026-08-04T17:36:30.371-07:00", "status": "ok", "reasons": ["current_change"]}
POWER_MONITOR_RECORD {"timestamp_pacific": "2026-08-04T17:36:32.384-07:00", "status": "ok", "reasons": ["current_change"]}
POWER_MONITOR_RECORD {"timestamp_pacific": "2026-08-04T17:36:33.390-07:00", "status": "ok", "reasons": ["current_change"]}
POWER_MONITOR_RECORD {"timestamp_pacific": "2026-08-04T17:36:35.403-07:00", "status": "ok", "reasons": ["current_change"]}
POWER_MONITOR_RECORD {"timestamp_pacific": "2026-08-04T17:36:36.411-07:00", "status": "ok", "reasons": ["current_change"]}
POWER_MONITOR_RECORD {"timestamp_pacific": "2026-08-04T17:36:37.418-07:00", "status": "ok", "reasons": ["current_change"]}
POWER_MONITOR_RECORD {"timestamp_pacific": "2026-08-04T17:36:38.424-07:00", "status": "ok", "reasons": ["current_change"]}
POWER_MONITOR_RECORD {"timestamp_pacific": "2026-08-04T17:36:39.431-07:00", "status": "ok", "reasons": ["current_change"]}
POWER_MONITOR_RECORD {"timestamp_pacific": "2026-08-04T17:36:40.437-07:00", "status": "ok", "reasons": ["current_change"]}
POWER_MONITOR_RECORD {"timestamp_pacific": "2026-08-04T17:36:42.451-07:00", "status": "ok", "reasons": ["current_change"]}
POWER_MONITOR_RECORD {"timestamp_pacific": "2026-08-04T17:36:44.463-07:00", "status": "ok", "reasons": ["current_change"]}
POWER_MONITOR_RECORD {"timestamp_pacific": "2026-08-04T17:36:45.470-07:00", "status": "ok", "reasons": ["current_change"]}
POWER_MONITOR_RECORD {"timestamp_pacific": "2026-08-04T17:36:47.482-07:00", "status": "ok", "reasons": ["current_change"]}
POWER_MONITOR_RECORD {"timestamp_pacific": "2026-08-04T17:36:48.489-07:00", "status": "ok", "reasons": ["current_change"]}
POWER_MONITOR_RECORD {"timestamp_pacific": "2026-08-04T17:36:49.495-07:00", "status": "ok", "reasons": ["current_change"]}
POWER_MONITOR_RECORD {"timestamp_pacific": "2026-08-04T17:36:51.508-07:00", "status": "ok", "reasons": ["current_change"]}
POWER_MONITOR_RECORD {"timestamp_pacific": "2026-08-04T17:36:52.514-07:00", "status": "ok", "reasons": ["current_change"]}
POWER_MONITOR_RECORD {"timestamp_pacific": "2026-08-04T17:36:54.527-07:00", "status": "ok", "reasons": ["current_change"]}
POWER_MONITOR_RECORD {"timestamp_pacific": "2026-08-04T17:36:55.533-07:00", "status": "ok", "reasons": ["current_change"]}
POWER_MONITOR_RECORD {"timestamp_pacific": "2026-08-04T17:36:58.551-07:00", "status": "ok", "reasons": ["current_change"]}
POWER_MONITOR_RECORD {"timestamp_pacific": "2026-08-04T17:37:00.564-07:00", "status": "ok", "reasons": ["current_change"]}
POWER_MONITOR_RECORD {"timestamp_pacific": "2026-08-04T17:37:01.570-07:00", "status": "ok", "reasons": ["current_change"]}
POWER_MONITOR_RECORD {"timestamp_pacific": "2026-08-04T17:37:02.577-07:00", "status": "ok", "reasons": ["current_change"]}
POWER_MONITOR_RECORD {"timestamp_pacific": "2026-08-04T17:37:06.601-07:00", "status": "ok", "reasons": ["current_change"]}
POWER_MONITOR_RECORD {"timestamp_pacific": "2026-08-04T17:37:07.608-07:00", "status": "ok", "reasons": ["current_change"]}
POWER_MONITOR_RECORD {"timestamp_pacific": "2026-08-04T17:37:08.611-07:00", "status": "ok", "reasons": ["current_change"]}
POWER_MONITOR_RECORD {"timestamp_pacific": "2026-08-04T17:37:10.616-07:00", "status": "ok", "reasons": ["current_change"]}
POWER_MONITOR_RECORD {"timestamp_pacific": "2026-08-04T17:37:12.621-07:00", "status": "ok", "reasons": ["current_change"]}
POWER_MONITOR_RECORD {"timestamp_pacific": "2026-08-04T17:37:13.627-07:00", "status": "ok", "reasons": ["current_change"]}
POWER_MONITOR_RECORD {"timestamp_pacific": "2026-08-04T17:37:14.634-07:00", "status": "ok", "reasons": ["current_change"]}
POWER_MONITOR_RECORD {"timestamp_pacific": "2026-08-04T17:37:15.640-07:00", "status": "ok", "reasons": ["current_change"]}
POWER_MONITOR_RECORD {"timestamp_pacific": "2026-08-04T17:37:16.647-07:00", "status": "ok", "reasons": ["current_change"]}
POWER_MONITOR_RECORD {"timestamp_pacific": "2026-08-04T17:37:18.659-07:00", "status": "ok", "reasons": ["current_change"]}
POWER_MONITOR_RECORD {"timestamp_pacific": "2026-08-04T17:37:19.666-07:00", "status": "ok", "reasons": ["current_change"]}
POWER_MONITOR_RECORD {"timestamp_pacific": "2026-08-04T17:37:21.678-07:00", "status": "ok", "reasons": ["current_change"]}
POWER_MONITOR_RECORD {"timestamp_pacific": "2026-08-04T17:37:22.685-07:00", "status": "ok", "reasons": ["current_change"]}
POWER_MONITOR_RECORD {"timestamp_pacific": "2026-08-04T17:37:26.709-07:00", "status": "ok", "reasons": ["current_change"]}
POWER_MONITOR_RECORD {"timestamp_pacific": "2026-08-04T17:37:32.744-07:00", "status": "ok", "reasons": ["current_change"]}
POWER_MONITOR_RECORD {"timestamp_pacific": "2026-08-04T17:37:36.769-07:00", "status": "ok", "reasons": ["current_change"]}
POWER_MONITOR_RECORD {"timestamp_pacific": "2026-08-04T17:37:37.777-07:00", "status": "ok", "reasons": ["current_change"]}
POWER_MONITOR_RECORD {"timestamp_pacific": "2026-08-04T17:37:40.796-07:00", "status": "ok", "reasons": ["current_change"]}
POWER_MONITOR_RECORD {"timestamp_pacific": "2026-08-04T17:37:42.810-07:00", "status": "ok", "reasons": ["current_change"]}
POWER_MONITOR_RECORD {"timestamp_pacific": "2026-08-04T17:37:44.822-07:00", "status": "ok", "reasons": ["current_change"]}
POWER_MONITOR_RECORD {"timestamp_pacific": "2026-08-04T17:37:45.828-07:00", "status": "ok", "reasons": ["current_change"]}
POWER_MONITOR_RECORD {"timestamp_pacific": "2026-08-04T17:37:46.835-07:00", "status": "ok", "reasons": ["current_change"]}
POWER_MONITOR_RECORD {"timestamp_pacific": "2026-08-04T17:37:47.843-07:00", "status": "ok", "reasons": ["current_change"]}
POWER_MONITOR_RECORD {"timestamp_pacific": "2026-08-04T17:37:52.873-07:00", "status": "ok", "reasons": ["current_change"]}
POWER_MONITOR_RECORD {"timestamp_pacific": "2026-08-04T17:37:53.880-07:00", "status": "ok", "reasons": ["current_change"]}
POWER_MONITOR_RECORD {"timestamp_pacific": "2026-08-04T17:37:58.910-07:00", "status": "ok", "reasons": ["current_change"]}
POWER_MONITOR_RECORD {"timestamp_pacific": "2026-08-04T17:37:59.916-07:00", "status": "ok", "reasons": ["current_change"]}
POWER_MONITOR_RECORD {"timestamp_pacific": "2026-08-04T17:38:00.923-07:00", "status": "ok", "reasons": ["current_change"]}
POWER_MONITOR_RECORD {"timestamp_pacific": "2026-08-04T17:38:01.929-07:00", "status": "ok", "reasons": ["current_change"]}
POWER_MONITOR_RECORD {"timestamp_pacific": "2026-08-04T17:38:02.936-07:00", "status": "ok", "reasons": ["current_change"]}
POWER_MONITOR_RECORD {"timestamp_pacific": "2026-08-04T17:38:04.948-07:00", "status": "ok", "reasons": ["current_change"]}
POWER_MONITOR_RECORD {"timestamp_pacific": "2026-08-04T17:38:05.955-07:00", "status": "ok", "reasons": ["current_change"]}
POWER_MONITOR_RECORD {"timestamp_pacific": "2026-08-04T17:38:07.964-07:00", "status": "ok", "reasons": ["current_change"]}
POWER_MONITOR_RECORD {"timestamp_pacific": "2026-08-04T17:38:08.966-07:00", "status": "ok", "reasons": ["current_change"]}
POWER_MONITOR_RECORD {"timestamp_pacific": "2026-08-04T17:38:09.969-07:00", "status": "ok", "reasons": ["current_change"]}
POWER_MONITOR_RECORD {"timestamp_pacific": "2026-08-04T17:38:10.972-07:00", "status": "ok", "reasons": ["current_change"]}
POWER_MONITOR_RECORD {"timestamp_pacific": "2026-08-04T17:38:11.975-07:00", "status": "ok", "reasons": ["current_change"]}
POWER_MONITOR_RECORD {"timestamp_pacific": "2026-08-04T17:38:12.981-07:00", "status": "ok", "reasons": ["current_change"]}
POWER_MONITOR_RECORD {"timestamp_pacific": "2026-08-04T17:38:13.988-07:00", "status": "ok", "reasons": ["current_change"]}
POWER_MONITOR_RECORD {"timestamp_pacific": "2026-08-04T17:38:14.994-07:00", "status": "ok", "reasons": ["current_change"]}
POWER_MONITOR_RECORD {"timestamp_pacific": "2026-08-04T17:38:19.018-07:00", "status": "ok", "reasons": ["current_change"]}
POWER_MONITOR_RECORD {"timestamp_pacific": "2026-08-04T17:38:21.031-07:00", "status": "ok", "reasons": ["current_change"]}
POWER_MONITOR_RECORD {"timestamp_pacific": "2026-08-04T17:38:22.037-07:00", "status": "ok", "reasons": ["current_change"]}
POWER_MONITOR_RECORD {"timestamp_pacific": "2026-08-04T17:38:24.050-07:00", "status": "ok", "reasons": ["current_change"]}
POWER_MONITOR_RECORD {"timestamp_pacific": "2026-08-04T17:38:25.056-07:00", "status": "ok", "reasons": ["current_change"]}
POWER_MONITOR_RECORD {"timestamp_pacific": "2026-08-04T17:38:26.063-07:00", "status": "ok", "reasons": ["current_change"]}
POWER_MONITOR_RECORD {"timestamp_pacific": "2026-08-04T17:38:34.110-07:00", "status": "ok", "reasons": ["current_change"]}
POWER_MONITOR_RECORD {"timestamp_pacific": "2026-08-04T17:38:36.123-07:00", "status": "ok", "reasons": ["current_change"]}
POWER_MONITOR_RECORD {"timestamp_pacific": "2026-08-04T17:38:38.136-07:00", "status": "ok", "reasons": ["current_change"]}
POWER_MONITOR_RECORD {"timestamp_pacific": "2026-08-04T17:38:39.142-07:00", "status": "ok", "reasons": ["current_change"]}
POWER_MONITOR_RECORD {"timestamp_pacific": "2026-08-04T17:38:40.149-07:00", "status": "ok", "reasons": ["current_change"]}
POWER_MONITOR_RECORD {"timestamp_pacific": "2026-08-04T17:38:42.161-07:00", "status": "ok", "reasons": ["current_change"]}
POWER_MONITOR_RECORD {"timestamp_pacific": "2026-08-04T17:38:43.168-07:00", "status": "ok", "reasons": ["current_change"]}
POWER_MONITOR_RECORD {"timestamp_pacific": "2026-08-04T17:38:45.180-07:00", "status": "ok", "reasons": ["current_change"]}
POWER_MONITOR_RECORD {"timestamp_pacific": "2026-08-04T17:38:46.187-07:00", "status": "ok", "reasons": ["current_change"]}
POWER_MONITOR_RECORD {"timestamp_pacific": "2026-08-04T17:38:48.199-07:00", "status": "ok", "reasons": ["current_change"]}
POWER_MONITOR_RECORD {"timestamp_pacific": "2026-08-04T17:38:49.206-07:00", "status": "ok", "reasons": ["current_change"]}
POWER_MONITOR_RECORD {"timestamp_pacific": "2026-08-04T17:38:51.220-07:00", "status": "ok", "reasons": ["current_change"]}
POWER_MONITOR_RECORD {"timestamp_pacific": "2026-08-04T17:38:52.227-07:00", "status": "ok", "reasons": ["current_change"]}
POWER_MONITOR_RECORD {"timestamp_pacific": "2026-08-04T17:38:54.240-07:00", "status": "ok", "reasons": ["current_change"]}
POWER_MONITOR_RECORD {"timestamp_pacific": "2026-08-04T17:38:55.246-07:00", "status": "ok", "reasons": ["current_change"]}
POWER_MONITOR_RECORD {"timestamp_pacific": "2026-08-04T17:38:56.255-07:00", "status": "ok", "reasons": ["current_change"]}
POWER_MONITOR_RECORD {"timestamp_pacific": "2026-08-04T17:38:57.261-07:00", "status": "ok", "reasons": ["current_change"]}
POWER_MONITOR_RECORD {"timestamp_pacific": "2026-08-04T17:38:58.268-07:00", "status": "ok", "reasons": ["current_change"]}
POWER_MONITOR_RECORD {"timestamp_pacific": "2026-08-04T17:39:00.280-07:00", "status": "ok", "reasons": ["current_change"]}
POWER_MONITOR_RECORD {"timestamp_pacific": "2026-08-04T17:39:01.288-07:00", "status": "ok", "reasons": ["current_change"]}
POWER_MONITOR_RECORD {"timestamp_pacific": "2026-08-04T17:39:02.295-07:00", "status": "ok", "reasons": ["current_change"]}
POWER_MONITOR_RECORD {"timestamp_pacific": "2026-08-04T17:39:04.308-07:00", "status": "ok", "reasons": ["current_change"]}
POWER_MONITOR_RECORD {"timestamp_pacific": "2026-08-04T17:39:06.322-07:00", "status": "ok", "reasons": ["current_change"]}
POWER_MONITOR_RECORD {"timestamp_pacific": "2026-08-04T17:39:07.329-07:00", "status": "ok", "reasons": ["current_change"]}
POWER_MONITOR_RECORD {"timestamp_pacific": "2026-08-04T17:39:08.336-07:00", "status": "ok", "reasons": ["current_change"]}
POWER_MONITOR_RECORD {"timestamp_pacific": "2026-08-04T17:39:10.348-07:00", "status": "ok", "reasons": ["current_change"]}
POWER_MONITOR_RECORD {"timestamp_pacific": "2026-08-04T17:39:11.357-07:00", "status": "ok", "reasons": ["current_change"]}
POWER_MONITOR_RECORD {"timestamp_pacific": "2026-08-04T17:39:13.370-07:00", "status": "ok", "reasons": ["current_change"]}
POWER_MONITOR_RECORD {"timestamp_pacific": "2026-08-04T17:39:15.382-07:00", "status": "ok", "reasons": ["current_change"]}
POWER_MONITOR_RECORD {"timestamp_pacific": "2026-08-04T17:39:16.388-07:00", "status": "ok", "reasons": ["current_change"]}
POWER_MONITOR_RECORD {"timestamp_pacific": "2026-08-04T17:39:17.396-07:00", "status": "ok", "reasons": ["current_change"]}
POWER_MONITOR_RECORD {"timestamp_pacific": "2026-08-04T17:39:18.402-07:00", "status": "ok", "reasons": ["current_change"]}
POWER_MONITOR_RECORD {"timestamp_pacific": "2026-08-04T17:39:19.409-07:00", "status": "ok", "reasons": ["current_change"]}
POWER_MONITOR_RECORD {"timestamp_pacific": "2026-08-04T17:39:20.415-07:00", "status": "ok", "reasons": ["current_change"]}
POWER_MONITOR_RECORD {"timestamp_pacific": "2026-08-04T17:39:22.428-07:00", "status": "ok", "reasons": ["current_change"]}
POWER_MONITOR_RECORD {"timestamp_pacific": "2026-08-04T17:39:23.434-07:00", "status": "ok", "reasons": ["current_change"]}
POWER_MONITOR_RECORD {"timestamp_pacific": "2026-08-04T17:39:25.446-07:00", "status": "ok", "reasons": ["current_change"]}
POWER_MONITOR_RECORD {"timestamp_pacific": "2026-08-04T17:39:27.459-07:00", "status": "ok", "reasons": ["current_change"]}
POWER_MONITOR_RECORD {"timestamp_pacific": "2026-08-04T17:39:28.466-07:00", "status": "ok", "reasons": ["current_change"]}
POWER_MONITOR_RECORD {"timestamp_pacific": "2026-08-04T17:39:30.479-07:00", "status": "ok", "reasons": ["current_change"]}
POWER_MONITOR_RECORD {"timestamp_pacific": "2026-08-04T17:39:31.485-07:00", "status": "ok", "reasons": ["current_change"]}
POWER_MONITOR_RECORD {"timestamp_pacific": "2026-08-04T17:39:33.498-07:00", "status": "ok", "reasons": ["current_change"]}
POWER_MONITOR_RECORD {"timestamp_pacific": "2026-08-04T17:39:34.504-07:00", "status": "ok", "reasons": ["current_change"]}
POWER_MONITOR_RECORD {"timestamp_pacific": "2026-08-04T17:39:35.511-07:00", "status": "ok", "reasons": ["current_change"]}
POWER_MONITOR_RECORD {"timestamp_pacific": "2026-08-04T17:39:37.523-07:00", "status": "ok", "reasons": ["current_change"]}
POWER_MONITOR_RECORD {"timestamp_pacific": "2026-08-04T17:39:38.530-07:00", "status": "ok", "reasons": ["current_change"]}
POWER_MONITOR_RECORD {"timestamp_pacific": "2026-08-04T17:39:39.537-07:00", "status": "ok", "reasons": ["current_change"]}
POWER_MONITOR_RECORD {"timestamp_pacific": "2026-08-04T17:39:40.544-07:00", "status": "ok", "reasons": ["current_change"]}
POWER_MONITOR_RECORD {"timestamp_pacific": "2026-08-04T17:39:42.556-07:00", "status": "ok", "reasons": ["current_change"]}
POWER_MONITOR_RECORD {"timestamp_pacific": "2026-08-04T17:39:46.580-07:00", "status": "ok", "reasons": ["current_change"]}
POWER_MONITOR_RECORD {"timestamp_pacific": "2026-08-04T17:39:47.586-07:00", "status": "ok", "reasons": ["current_change"]}
POWER_MONITOR_RECORD {"timestamp_pacific": "2026-08-04T17:39:49.599-07:00", "status": "ok", "reasons": ["current_change"]}
POWER_MONITOR_RECORD {"timestamp_pacific": "2026-08-04T17:39:54.629-07:00", "status": "ok", "reasons": ["current_change"]}
POWER_MONITOR_RECORD {"timestamp_pacific": "2026-08-04T17:39:55.635-07:00", "status": "ok", "reasons": ["current_change"]}
POWER_MONITOR_RECORD {"timestamp_pacific": "2026-08-04T17:40:04.688-07:00", "status": "ok", "reasons": ["current_change"]}
POWER_MONITOR_RECORD {"timestamp_pacific": "2026-08-04T17:40:06.701-07:00", "status": "ok", "reasons": ["current_change"]}
POWER_MONITOR_RECORD {"timestamp_pacific": "2026-08-04T17:40:07.707-07:00", "status": "ok", "reasons": ["current_change"]}
POWER_MONITOR_RECORD {"timestamp_pacific": "2026-08-04T17:40:09.712-07:00", "status": "ok", "reasons": ["current_change"]}
POWER_MONITOR_RECORD {"timestamp_pacific": "2026-08-04T17:40:10.715-07:00", "status": "ok", "reasons": ["current_change"]}
POWER_MONITOR_RECORD {"timestamp_pacific": "2026-08-04T17:40:11.718-07:00", "status": "ok", "reasons": ["current_change"]}
POWER_MONITOR_RECORD {"timestamp_pacific": "2026-08-04T17:40:12.720-07:00", "status": "ok", "reasons": ["current_change"]}
POWER_MONITOR_RECORD {"timestamp_pacific": "2026-08-04T17:40:13.727-07:00", "status": "ok", "reasons": ["current_change"]}
POWER_MONITOR_RECORD {"timestamp_pacific": "2026-08-04T17:40:14.733-07:00", "status": "ok", "reasons": ["current_change"]}
POWER_MONITOR_RECORD {"timestamp_pacific": "2026-08-04T17:40:19.763-07:00", "status": "ok", "reasons": ["current_change"]}
POWER_MONITOR_RECORD {"timestamp_pacific": "2026-08-04T17:40:20.771-07:00", "status": "ok", "reasons": ["current_change"]}
POWER_MONITOR_RECORD {"timestamp_pacific": "2026-08-04T17:40:21.777-07:00", "status": "ok", "reasons": ["current_change"]}
POWER_MONITOR_RECORD {"timestamp_pacific": "2026-08-04T17:40:22.784-07:00", "status": "ok", "reasons": ["current_change"]}
POWER_MONITOR_RECORD {"timestamp_pacific": "2026-08-04T17:40:23.790-07:00", "status": "ok", "reasons": ["current_change"]}
POWER_MONITOR_RECORD {"timestamp_pacific": "2026-08-04T17:40:24.796-07:00", "status": "ok", "reasons": ["current_change"]}
POWER_MONITOR_RECORD {"timestamp_pacific": "2026-08-04T17:40:26.810-07:00", "status": "ok", "reasons": ["current_change"]}
POWER_MONITOR_RECORD {"timestamp_pacific": "2026-08-04T17:40:27.816-07:00", "status": "ok", "reasons": ["current_change"]}
POWER_MONITOR_RECORD {"timestamp_pacific": "2026-08-04T17:40:28.823-07:00", "status": "ok", "reasons": ["current_change"]}
POWER_MONITOR_RECORD {"timestamp_pacific": "2026-08-04T17:40:29.829-07:00", "status": "ok", "reasons": ["current_change"]}
POWER_MONITOR_RECORD {"timestamp_pacific": "2026-08-04T17:40:31.843-07:00", "status": "ok", "reasons": ["current_change"]}
POWER_MONITOR_RECORD {"timestamp_pacific": "2026-08-04T17:40:32.849-07:00", "status": "ok", "reasons": ["current_change"]}
POWER_MONITOR_RECORD {"timestamp_pacific": "2026-08-04T17:40:34.863-07:00", "status": "ok", "reasons": ["current_change"]}
POWER_MONITOR_RECORD {"timestamp_pacific": "2026-08-04T17:40:35.870-07:00", "status": "ok", "reasons": ["current_change"]}
POWER_MONITOR_RECORD {"timestamp_pacific": "2026-08-04T17:40:37.882-07:00", "status": "ok", "reasons": ["current_change"]}
POWER_MONITOR_RECORD {"timestamp_pacific": "2026-08-04T17:40:38.888-07:00", "status": "ok", "reasons": ["current_change"]}
POWER_MONITOR_RECORD {"timestamp_pacific": "2026-08-04T17:40:39.895-07:00", "status": "ok", "reasons": ["current_change"]}
POWER_MONITOR_RECORD {"timestamp_pacific": "2026-08-04T17:40:40.903-07:00", "status": "ok", "reasons": ["current_change"]}
POWER_MONITOR_RECORD {"timestamp_pacific": "2026-08-04T17:40:41.910-07:00", "status": "ok", "reasons": ["current_change"]}
POWER_MONITOR_RECORD {"timestamp_pacific": "2026-08-04T17:40:43.922-07:00", "status": "ok", "reasons": ["current_change"]}
POWER_MONITOR_RECORD {"timestamp_pacific": "2026-08-04T17:40:44.928-07:00", "status": "ok", "reasons": ["current_change"]}
POWER_MONITOR_RECORD {"timestamp_pacific": "2026-08-04T17:40:45.936-07:00", "status": "ok", "reasons": ["current_change"]}
POWER_MONITOR_RECORD {"timestamp_pacific": "2026-08-04T17:40:48.954-07:00", "status": "ok", "reasons": ["current_change"]}
POWER_MONITOR_RECORD {"timestamp_pacific": "2026-08-04T17:40:51.972-07:00", "status": "ok", "reasons": ["current_change"]}
POWER_MONITOR_RECORD {"timestamp_pacific": "2026-08-04T17:40:53.985-07:00", "status": "ok", "reasons": ["current_change"]}
POWER_MONITOR_RECORD {"timestamp_pacific": "2026-08-04T17:40:54.991-07:00", "status": "ok", "reasons": ["current_change"]}
POWER_MONITOR_RECORD {"timestamp_pacific": "2026-08-04T17:40:57.003-07:00", "status": "ok", "reasons": ["current_change"]}
POWER_MONITOR_RECORD {"timestamp_pacific": "2026-08-04T17:40:58.010-07:00", "status": "ok", "reasons": ["current_change"]}
POWER_MONITOR_RECORD {"timestamp_pacific": "2026-08-04T17:41:00.022-07:00", "status": "ok", "reasons": ["current_change"]}
POWER_MONITOR_RECORD {"timestamp_pacific": "2026-08-04T17:41:01.029-07:00", "status": "ok", "reasons": ["current_change"]}
POWER_MONITOR_RECORD {"timestamp_pacific": "2026-08-04T17:41:02.035-07:00", "status": "ok", "reasons": ["current_change"]}
POWER_MONITOR_RECORD {"timestamp_pacific": "2026-08-04T17:41:04.050-07:00", "status": "ok", "reasons": ["current_change"]}
POWER_MONITOR_RECORD {"timestamp_pacific": "2026-08-04T17:41:05.056-07:00", "status": "ok", "reasons": ["current_change"]}
POWER_MONITOR_RECORD {"timestamp_pacific": "2026-08-04T17:41:06.063-07:00", "status": "ok", "reasons": ["current_change"]}
POWER_MONITOR_RECORD {"timestamp_pacific": "2026-08-04T17:41:07.069-07:00", "status": "ok", "reasons": ["current_change"]}
POWER_MONITOR_RECORD {"timestamp_pacific": "2026-08-04T17:41:08.075-07:00", "status": "ok", "reasons": ["current_change"]}
POWER_MONITOR_RECORD {"timestamp_pacific": "2026-08-04T17:41:10.088-07:00", "status": "ok", "reasons": ["current_change"]}
POWER_MONITOR_RECORD {"timestamp_pacific": "2026-08-04T17:41:12.100-07:00", "status": "ok", "reasons": ["current_change"]}
POWER_MONITOR_RECORD {"timestamp_pacific": "2026-08-04T17:41:13.108-07:00", "status": "ok", "reasons": ["current_change"]}
POWER_MONITOR_RECORD {"timestamp_pacific": "2026-08-04T17:41:14.114-07:00", "status": "ok", "reasons": ["current_change"]}
POWER_MONITOR_RECORD {"timestamp_pacific": "2026-08-04T17:41:22.162-07:00", "status": "ok", "reasons": ["current_change"]}
POWER_MONITOR_RECORD {"timestamp_pacific": "2026-08-04T17:41:26.186-07:00", "status": "ok", "reasons": ["current_change"]}
POWER_MONITOR_RECORD {"timestamp_pacific": "2026-08-04T17:41:27.192-07:00", "status": "ok", "reasons": ["current_change"]}
POWER_MONITOR_RECORD {"timestamp_pacific": "2026-08-04T17:41:29.205-07:00", "status": "ok", "reasons": ["current_change"]}
POWER_MONITOR_RECORD {"timestamp_pacific": "2026-08-04T17:41:30.211-07:00", "status": "ok", "reasons": ["current_change"]}
POWER_MONITOR_RECORD {"timestamp_pacific": "2026-08-04T17:41:32.224-07:00", "status": "ok", "reasons": ["current_change"]}
POWER_MONITOR_RECORD {"timestamp_pacific": "2026-08-04T17:41:33.230-07:00", "status": "ok", "reasons": ["current_change"]}
POWER_MONITOR_RECORD {"timestamp_pacific": "2026-08-04T17:41:37.254-07:00", "status": "ok", "reasons": ["current_change"]}
POWER_MONITOR_RECORD {"timestamp_pacific": "2026-08-04T17:41:38.262-07:00", "status": "ok", "reasons": ["current_change"]}
POWER_MONITOR_RECORD {"timestamp_pacific": "2026-08-04T17:41:40.275-07:00", "status": "ok", "reasons": ["current_change"]}
POWER_MONITOR_RECORD {"timestamp_pacific": "2026-08-04T17:41:41.282-07:00", "status": "ok", "reasons": ["current_change"]}
POWER_MONITOR_RECORD {"timestamp_pacific": "2026-08-04T17:41:44.300-07:00", "status": "ok", "reasons": ["current_change"]}
POWER_MONITOR_RECORD {"timestamp_pacific": "2026-08-04T17:41:45.306-07:00", "status": "ok", "reasons": ["current_change"]}
POWER_MONITOR_RECORD {"timestamp_pacific": "2026-08-04T17:41:51.342-07:00", "status": "ok", "reasons": ["current_change"]}
POWER_MONITOR_RECORD {"timestamp_pacific": "2026-08-04T17:41:52.348-07:00", "status": "ok", "reasons": ["current_change"]}
POWER_MONITOR_RECORD {"timestamp_pacific": "2026-08-04T17:41:53.355-07:00", "status": "ok", "reasons": ["current_change"]}
POWER_MONITOR_RECORD {"timestamp_pacific": "2026-08-04T17:41:55.367-07:00", "status": "ok", "reasons": ["current_change"]}
POWER_MONITOR_RECORD {"timestamp_pacific": "2026-08-04T17:41:57.380-07:00", "status": "ok", "reasons": ["current_change"]}
POWER_MONITOR_RECORD {"timestamp_pacific": "2026-08-04T17:41:58.386-07:00", "status": "ok", "reasons": ["current_change"]}
POWER_MONITOR_RECORD {"timestamp_pacific": "2026-08-04T17:41:59.393-07:00", "status": "ok", "reasons": ["current_change"]}
POWER_MONITOR_RECORD {"timestamp_pacific": "2026-08-04T17:42:00.399-07:00", "status": "ok", "reasons": ["current_change"]}
POWER_MONITOR_RECORD {"timestamp_pacific": "2026-08-04T17:42:03.418-07:00", "status": "ok", "reasons": ["current_change"]}
POWER_MONITOR_RECORD {"timestamp_pacific": "2026-08-04T17:42:05.430-07:00", "status": "ok", "reasons": ["current_change"]}
POWER_MONITOR_RECORD {"timestamp_pacific": "2026-08-04T17:42:07.442-07:00", "status": "ok", "reasons": ["current_change"]}
POWER_MONITOR_RECORD {"timestamp_pacific": "2026-08-04T17:42:08.449-07:00", "status": "ok", "reasons": ["current_change"]}
POWER_MONITOR_RECORD {"timestamp_pacific": "2026-08-04T17:42:09.457-07:00", "status": "ok", "reasons": ["current_change"]}
POWER_MONITOR_RECORD {"timestamp_pacific": "2026-08-04T17:42:10.463-07:00", "status": "ok", "reasons": ["current_change"]}
POWER_MONITOR_RECORD {"timestamp_pacific": "2026-08-04T17:42:14.488-07:00", "status": "ok", "reasons": ["current_change"]}
POWER_MONITOR_RECORD {"timestamp_pacific": "2026-08-04T17:42:15.494-07:00", "status": "ok", "reasons": ["current_change"]}
POWER_MONITOR_RECORD {"timestamp_pacific": "2026-08-04T17:42:16.501-07:00", "status": "ok", "reasons": ["current_change"]}
POWER_MONITOR_RECORD {"timestamp_pacific": "2026-08-04T17:42:17.507-07:00", "status": "ok", "reasons": ["current_change"]}
POWER_MONITOR_RECORD {"timestamp_pacific": "2026-08-04T17:42:18.514-07:00", "status": "ok", "reasons": ["current_change"]}
POWER_MONITOR_RECORD {"timestamp_pacific": "2026-08-04T17:42:19.520-07:00", "status": "ok", "reasons": ["current_change"]}
POWER_MONITOR_RECORD {"timestamp_pacific": "2026-08-04T17:42:21.534-07:00", "status": "ok", "reasons": ["current_change"]}
POWER_MONITOR_RECORD {"timestamp_pacific": "2026-08-04T17:42:23.546-07:00", "status": "ok", "reasons": ["current_change"]}
POWER_MONITOR_RECORD {"timestamp_pacific": "2026-08-04T17:42:24.553-07:00", "status": "ok", "reasons": ["current_change"]}
POWER_MONITOR_RECORD {"timestamp_pacific": "2026-08-04T17:42:27.573-07:00", "status": "ok", "reasons": ["current_change"]}
POWER_MONITOR_RECORD {"timestamp_pacific": "2026-08-04T17:42:28.580-07:00", "status": "ok", "reasons": ["current_change"]}
POWER_MONITOR_RECORD {"timestamp_pacific": "2026-08-04T17:42:31.598-07:00", "status": "ok", "reasons": ["current_change"]}
POWER_MONITOR_RECORD {"timestamp_pacific": "2026-08-04T17:42:34.617-07:00", "status": "ok", "reasons": ["current_change"]}
POWER_MONITOR_RECORD {"timestamp_pacific": "2026-08-04T17:42:36.629-07:00", "status": "ok", "reasons": ["current_change"]}
POWER_MONITOR_RECORD {"timestamp_pacific": "2026-08-04T17:42:37.637-07:00", "status": "ok", "reasons": ["current_change"]}
POWER_MONITOR_RECORD {"timestamp_pacific": "2026-08-04T17:42:39.649-07:00", "status": "ok", "reasons": ["current_change"]}
POWER_MONITOR_RECORD {"timestamp_pacific": "2026-08-04T17:42:40.656-07:00", "status": "ok", "reasons": ["current_change"]}
POWER_MONITOR_RECORD {"timestamp_pacific": "2026-08-04T17:42:41.662-07:00", "status": "ok", "reasons": ["current_change"]}
POWER_MONITOR_RECORD {"timestamp_pacific": "2026-08-04T17:42:42.670-07:00", "status": "ok", "reasons": ["current_change"]}
POWER_MONITOR_RECORD {"timestamp_pacific": "2026-08-04T17:42:43.676-07:00", "status": "ok", "reasons": ["current_change"]}
POWER_MONITOR_RECORD {"timestamp_pacific": "2026-08-04T17:42:44.683-07:00", "status": "ok", "reasons": ["current_change"]}
POWER_MONITOR_RECORD {"timestamp_pacific": "2026-08-04T17:42:45.689-07:00", "status": "ok", "reasons": ["current_change"]}
POWER_MONITOR_RECORD {"timestamp_pacific": "2026-08-04T17:42:46.697-07:00", "status": "ok", "reasons": ["current_change"]}
POWER_MONITOR_RECORD {"timestamp_pacific": "2026-08-04T17:42:47.704-07:00", "status": "ok", "reasons": ["current_change"]}
POWER_MONITOR_RECORD {"timestamp_pacific": "2026-08-04T17:42:49.717-07:00", "status": "ok", "reasons": ["current_change"]}
POWER_MONITOR_RECORD {"timestamp_pacific": "2026-08-04T17:42:50.723-07:00", "status": "ok", "reasons": ["current_change"]}
POWER_MONITOR_RECORD {"timestamp_pacific": "2026-08-04T17:42:52.736-07:00", "status": "ok", "reasons": ["current_change"]}
POWER_MONITOR_RECORD {"timestamp_pacific": "2026-08-04T17:42:53.742-07:00", "status": "ok", "reasons": ["current_change"]}
POWER_MONITOR_RECORD {"timestamp_pacific": "2026-08-04T17:42:56.761-07:00", "status": "ok", "reasons": ["current_change"]}
POWER_MONITOR_RECORD {"timestamp_pacific": "2026-08-04T17:42:58.773-07:00", "status": "ok", "reasons": ["current_change"]}
POWER_MONITOR_RECORD {"timestamp_pacific": "2026-08-04T17:43:03.803-07:00", "status": "ok", "reasons": ["current_change"]}
POWER_MONITOR_RECORD {"timestamp_pacific": "2026-08-04T17:43:04.812-07:00", "status": "ok", "reasons": ["current_change"]}
POWER_MONITOR_RECORD {"timestamp_pacific": "2026-08-04T17:43:05.818-07:00", "status": "ok", "reasons": ["current_change"]}
POWER_MONITOR_RECORD {"timestamp_pacific": "2026-08-04T17:43:06.825-07:00", "status": "ok", "reasons": ["current_change"]}
POWER_MONITOR_RECORD {"timestamp_pacific": "2026-08-04T17:43:07.832-07:00", "status": "ok", "reasons": ["current_change"]}
POWER_MONITOR_RECORD {"timestamp_pacific": "2026-08-04T17:43:08.839-07:00", "status": "ok", "reasons": ["current_change"]}
POWER_MONITOR_RECORD {"timestamp_pacific": "2026-08-04T17:43:09.847-07:00", "status": "ok", "reasons": ["current_change"]}
POWER_MONITOR_RECORD {"timestamp_pacific": "2026-08-04T17:43:10.854-07:00", "status": "ok", "reasons": ["current_change"]}
POWER_MONITOR_RECORD {"timestamp_pacific": "2026-08-04T17:43:11.860-07:00", "status": "ok", "reasons": ["current_change"]}
POWER_MONITOR_RECORD {"timestamp_pacific": "2026-08-04T17:43:12.867-07:00", "status": "ok", "reasons": ["current_change"]}
POWER_MONITOR_RECORD {"timestamp_pacific": "2026-08-04T17:43:14.879-07:00", "status": "ok", "reasons": ["current_change"]}
POWER_MONITOR_RECORD {"timestamp_pacific": "2026-08-04T17:43:15.886-07:00", "status": "ok", "reasons": ["current_change"]}
POWER_MONITOR_RECORD {"timestamp_pacific": "2026-08-04T17:43:19.910-07:00", "status": "ok", "reasons": ["current_change"]}
POWER_MONITOR_RECORD {"timestamp_pacific": "2026-08-04T17:43:20.917-07:00", "status": "ok", "reasons": ["current_change"]}
POWER_MONITOR_RECORD {"timestamp_pacific": "2026-08-04T17:43:23.936-07:00", "status": "ok", "reasons": ["current_change"]}
POWER_MONITOR_RECORD {"timestamp_pacific": "2026-08-04T17:43:24.942-07:00", "status": "ok", "reasons": ["current_change"]}
POWER_MONITOR_RECORD {"timestamp_pacific": "2026-08-04T17:43:25.950-07:00", "status": "ok", "reasons": ["current_change"]}
POWER_MONITOR_RECORD {"timestamp_pacific": "2026-08-04T17:43:26.956-07:00", "status": "ok", "reasons": ["current_change"]}
POWER_MONITOR_RECORD {"timestamp_pacific": "2026-08-04T17:43:27.963-07:00", "status": "ok", "reasons": ["current_change"]}
POWER_MONITOR_RECORD {"timestamp_pacific": "2026-08-04T17:43:28.970-07:00", "status": "ok", "reasons": ["current_change"]}
POWER_MONITOR_RECORD {"timestamp_pacific": "2026-08-04T17:43:29.976-07:00", "status": "ok", "reasons": ["current_change"]}
POWER_MONITOR_RECORD {"timestamp_pacific": "2026-08-04T17:43:31.988-07:00", "status": "ok", "reasons": ["current_change"]}
POWER_MONITOR_RECORD {"timestamp_pacific": "2026-08-04T17:43:32.995-07:00", "status": "ok", "reasons": ["current_change"]}
POWER_MONITOR_RECORD {"timestamp_pacific": "2026-08-04T17:43:38.025-07:00", "status": "ok", "reasons": ["current_change"]}
POWER_MONITOR_RECORD {"timestamp_pacific": "2026-08-04T17:43:39.032-07:00", "status": "ok", "reasons": ["current_change"]}
POWER_MONITOR_RECORD {"timestamp_pacific": "2026-08-04T17:43:40.038-07:00", "status": "ok", "reasons": ["current_change"]}
POWER_MONITOR_RECORD {"timestamp_pacific": "2026-08-04T17:43:41.045-07:00", "status": "ok", "reasons": ["current_change"]}
POWER_MONITOR_RECORD {"timestamp_pacific": "2026-08-04T17:43:42.051-07:00", "status": "ok", "reasons": ["current_change"]}
POWER_MONITOR_RECORD {"timestamp_pacific": "2026-08-04T17:43:43.057-07:00", "status": "ok", "reasons": ["current_change"]}
POWER_MONITOR_RECORD {"timestamp_pacific": "2026-08-04T17:43:47.083-07:00", "status": "ok", "reasons": ["current_change"]}
POWER_MONITOR_RECORD {"timestamp_pacific": "2026-08-04T17:43:48.090-07:00", "status": "ok", "reasons": ["current_change"]}
POWER_MONITOR_RECORD {"timestamp_pacific": "2026-08-04T17:43:49.097-07:00", "status": "ok", "reasons": ["current_change"]}
POWER_MONITOR_RECORD {"timestamp_pacific": "2026-08-04T17:43:50.104-07:00", "status": "ok", "reasons": ["current_change"]}
POWER_MONITOR_RECORD {"timestamp_pacific": "2026-08-04T17:43:56.140-07:00", "status": "ok", "reasons": ["current_change"]}
POWER_MONITOR_RECORD {"timestamp_pacific": "2026-08-04T17:43:57.146-07:00", "status": "ok", "reasons": ["current_change"]}
POWER_MONITOR_RECORD {"timestamp_pacific": "2026-08-04T17:43:58.152-07:00", "status": "ok", "reasons": ["current_change"]}
POWER_MONITOR_RECORD {"timestamp_pacific": "2026-08-04T17:44:02.177-07:00", "status": "ok", "reasons": ["current_change"]}
POWER_MONITOR_RECORD {"timestamp_pacific": "2026-08-04T17:44:09.218-07:00", "status": "ok", "reasons": ["current_change"]}
POWER_MONITOR_RECORD {"timestamp_pacific": "2026-08-04T17:44:10.225-07:00", "status": "ok", "reasons": ["current_change"]}
POWER_MONITOR_RECORD {"timestamp_pacific": "2026-08-04T17:44:11.231-07:00", "status": "ok", "reasons": ["current_change"]}
POWER_MONITOR_RECORD {"timestamp_pacific": "2026-08-04T17:44:12.238-07:00", "status": "ok", "reasons": ["current_change"]}
POWER_MONITOR_RECORD {"timestamp_pacific": "2026-08-04T17:44:13.244-07:00", "status": "ok", "reasons": ["current_change"]}
POWER_MONITOR_RECORD {"timestamp_pacific": "2026-08-04T17:44:14.251-07:00", "status": "ok", "reasons": ["current_change"]}
POWER_MONITOR_RECORD {"timestamp_pacific": "2026-08-04T17:44:15.259-07:00", "status": "ok", "reasons": ["current_change"]}
POWER_MONITOR_RECORD {"timestamp_pacific": "2026-08-04T17:44:16.266-07:00", "status": "ok", "reasons": ["current_change"]}
POWER_MONITOR_RECORD {"timestamp_pacific": "2026-08-04T17:44:19.284-07:00", "status": "ok", "reasons": ["current_change"]}
POWER_MONITOR_RECORD {"timestamp_pacific": "2026-08-04T17:44:20.292-07:00", "status": "ok", "reasons": ["current_change"]}
POWER_MONITOR_RECORD {"timestamp_pacific": "2026-08-04T17:44:21.298-07:00", "status": "ok", "reasons": ["current_change"]}
POWER_MONITOR_RECORD {"timestamp_pacific": "2026-08-04T17:44:27.334-07:00", "status": "ok", "reasons": ["current_change"]}
POWER_MONITOR_RECORD {"timestamp_pacific": "2026-08-04T17:44:30.352-07:00", "status": "ok", "reasons": ["current_change"]}
POWER_MONITOR_RECORD {"timestamp_pacific": "2026-08-04T17:44:31.358-07:00", "status": "ok", "reasons": ["current_change"]}
POWER_MONITOR_RECORD {"timestamp_pacific": "2026-08-04T17:44:32.365-07:00", "status": "ok", "reasons": ["current_change"]}
POWER_MONITOR_RECORD {"timestamp_pacific": "2026-08-04T17:44:33.373-07:00", "status": "ok", "reasons": ["current_change"]}
POWER_MONITOR_RECORD {"timestamp_pacific": "2026-08-04T17:44:36.391-07:00", "status": "ok", "reasons": ["current_change"]}
POWER_MONITOR_RECORD {"timestamp_pacific": "2026-08-04T17:44:37.398-07:00", "status": "ok", "reasons": ["current_change"]}
POWER_MONITOR_RECORD {"timestamp_pacific": "2026-08-04T17:44:38.404-07:00", "status": "ok", "reasons": ["current_change"]}
POWER_MONITOR_RECORD {"timestamp_pacific": "2026-08-04T17:44:39.411-07:00", "status": "ok", "reasons": ["current_change"]}
POWER_MONITOR_RECORD {"timestamp_pacific": "2026-08-04T17:44:41.423-07:00", "status": "ok", "reasons": ["current_change"]}
POWER_MONITOR_RECORD {"timestamp_pacific": "2026-08-04T17:44:42.430-07:00", "status": "ok", "reasons": ["current_change"]}
POWER_MONITOR_RECORD {"timestamp_pacific": "2026-08-04T17:44:43.437-07:00", "status": "ok", "reasons": ["current_change"]}
POWER_MONITOR_RECORD {"timestamp_pacific": "2026-08-04T17:44:50.479-07:00", "status": "ok", "reasons": ["current_change"]}
POWER_MONITOR_RECORD {"timestamp_pacific": "2026-08-04T17:44:51.486-07:00", "status": "ok", "reasons": ["current_change"]}
POWER_MONITOR_RECORD {"timestamp_pacific": "2026-08-04T17:44:52.492-07:00", "status": "ok", "reasons": ["current_change"]}
POWER_MONITOR_RECORD {"timestamp_pacific": "2026-08-04T17:44:53.498-07:00", "status": "ok", "reasons": ["current_change"]}
POWER_MONITOR_RECORD {"timestamp_pacific": "2026-08-04T17:44:54.505-07:00", "status": "ok", "reasons": ["current_change"]}
POWER_MONITOR_RECORD {"timestamp_pacific": "2026-08-04T17:44:55.512-07:00", "status": "ok", "reasons": ["current_change"]}
POWER_MONITOR_RECORD {"timestamp_pacific": "2026-08-04T17:44:57.525-07:00", "status": "ok", "reasons": ["current_change"]}
POWER_MONITOR_RECORD {"timestamp_pacific": "2026-08-04T17:44:58.532-07:00", "status": "ok", "reasons": ["current_change"]}
POWER_MONITOR_RECORD {"timestamp_pacific": "2026-08-04T17:45:01.550-07:00", "status": "ok", "reasons": ["current_change"]}
POWER_MONITOR_RECORD {"timestamp_pacific": "2026-08-04T17:45:04.568-07:00", "status": "ok", "reasons": ["current_change"]}
POWER_MONITOR_RECORD {"timestamp_pacific": "2026-08-04T17:45:05.575-07:00", "status": "ok", "reasons": ["current_change"]}
POWER_MONITOR_RECORD {"timestamp_pacific": "2026-08-04T17:45:06.581-07:00", "status": "ok", "reasons": ["current_change"]}
POWER_MONITOR_RECORD {"timestamp_pacific": "2026-08-04T17:45:07.589-07:00", "status": "ok", "reasons": ["current_change"]}
POWER_MONITOR_RECORD {"timestamp_pacific": "2026-08-04T17:45:08.592-07:00", "status": "ok", "reasons": ["current_change"]}
POWER_MONITOR_RECORD {"timestamp_pacific": "2026-08-04T17:45:10.597-07:00", "status": "ok", "reasons": ["current_change"]}
POWER_MONITOR_RECORD {"timestamp_pacific": "2026-08-04T17:45:11.600-07:00", "status": "ok", "reasons": ["current_change"]}
POWER_MONITOR_RECORD {"timestamp_pacific": "2026-08-04T17:45:12.603-07:00", "status": "ok", "reasons": ["current_change"]}
POWER_MONITOR_RECORD {"timestamp_pacific": "2026-08-04T17:45:14.615-07:00", "status": "ok", "reasons": ["current_change"]}
POWER_MONITOR_RECORD {"timestamp_pacific": "2026-08-04T17:45:15.621-07:00", "status": "ok", "reasons": ["current_change"]}
POWER_MONITOR_RECORD {"timestamp_pacific": "2026-08-04T17:45:16.628-07:00", "status": "ok", "reasons": ["current_change"]}
POWER_MONITOR_RECORD {"timestamp_pacific": "2026-08-04T17:45:18.641-07:00", "status": "ok", "reasons": ["current_change"]}
POWER_MONITOR_RECORD {"timestamp_pacific": "2026-08-04T17:45:20.654-07:00", "status": "ok", "reasons": ["current_change"]}
POWER_MONITOR_RECORD {"timestamp_pacific": "2026-08-04T17:45:24.678-07:00", "status": "ok", "reasons": ["current_change"]}
POWER_MONITOR_RECORD {"timestamp_pacific": "2026-08-04T17:45:25.684-07:00", "status": "ok", "reasons": ["current_change"]}
POWER_MONITOR_RECORD {"timestamp_pacific": "2026-08-04T17:45:26.690-07:00", "status": "ok", "reasons": ["current_change"]}
POWER_MONITOR_RECORD {"timestamp_pacific": "2026-08-04T17:45:27.697-07:00", "status": "ok", "reasons": ["current_change"]}
POWER_MONITOR_RECORD {"timestamp_pacific": "2026-08-04T17:45:28.704-07:00", "status": "ok", "reasons": ["current_change"]}
POWER_MONITOR_RECORD {"timestamp_pacific": "2026-08-04T17:45:32.727-07:00", "status": "ok", "reasons": ["current_change"]}
POWER_MONITOR_RECORD {"timestamp_pacific": "2026-08-04T17:45:34.740-07:00", "status": "ok", "reasons": ["current_change"]}
POWER_MONITOR_RECORD {"timestamp_pacific": "2026-08-04T17:45:38.764-07:00", "status": "ok", "reasons": ["current_change"]}
POWER_MONITOR_RECORD {"timestamp_pacific": "2026-08-04T17:45:39.770-07:00", "status": "ok", "reasons": ["current_change"]}
POWER_MONITOR_RECORD {"timestamp_pacific": "2026-08-04T17:45:40.777-07:00", "status": "ok", "reasons": ["current_change"]}
POWER_MONITOR_RECORD {"timestamp_pacific": "2026-08-04T17:45:43.795-07:00", "status": "ok", "reasons": ["current_change"]}
POWER_MONITOR_RECORD {"timestamp_pacific": "2026-08-04T17:45:45.810-07:00", "status": "ok", "reasons": ["current_change"]}
POWER_MONITOR_RECORD {"timestamp_pacific": "2026-08-04T17:45:46.817-07:00", "status": "ok", "reasons": ["current_change"]}
POWER_MONITOR_RECORD {"timestamp_pacific": "2026-08-04T17:45:48.829-07:00", "status": "ok", "reasons": ["current_change"]}
POWER_MONITOR_RECORD {"timestamp_pacific": "2026-08-04T17:45:50.843-07:00", "status": "ok", "reasons": ["current_change"]}
POWER_MONITOR_RECORD {"timestamp_pacific": "2026-08-04T17:45:51.849-07:00", "status": "ok", "reasons": ["current_change"]}
POWER_MONITOR_RECORD {"timestamp_pacific": "2026-08-04T17:45:52.856-07:00", "status": "ok", "reasons": ["current_change"]}
POWER_MONITOR_RECORD {"timestamp_pacific": "2026-08-04T17:45:53.862-07:00", "status": "ok", "reasons": ["current_change"]}
POWER_MONITOR_RECORD {"timestamp_pacific": "2026-08-04T17:45:55.877-07:00", "status": "ok", "reasons": ["current_change"]}
POWER_MONITOR_RECORD {"timestamp_pacific": "2026-08-04T17:45:56.883-07:00", "status": "ok", "reasons": ["current_change"]}
POWER_MONITOR_RECORD {"timestamp_pacific": "2026-08-04T17:45:57.890-07:00", "status": "ok", "reasons": ["current_change"]}
POWER_MONITOR_RECORD {"timestamp_pacific": "2026-08-04T17:46:03.926-07:00", "status": "ok", "reasons": ["current_change"]}
POWER_MONITOR_RECORD {"timestamp_pacific": "2026-08-04T17:46:04.932-07:00", "status": "ok", "reasons": ["current_change"]}
POWER_MONITOR_RECORD {"timestamp_pacific": "2026-08-04T17:46:05.939-07:00", "status": "ok", "reasons": ["current_change"]}
POWER_MONITOR_RECORD {"timestamp_pacific": "2026-08-04T17:46:08.955-07:00", "status": "ok", "reasons": ["current_change"]}
POWER_MONITOR_RECORD {"timestamp_pacific": "2026-08-04T17:46:09.962-07:00", "status": "ok", "reasons": ["current_change"]}
POWER_MONITOR_RECORD {"timestamp_pacific": "2026-08-04T17:46:10.969-07:00", "status": "ok", "reasons": ["current_change"]}
POWER_MONITOR_RECORD {"timestamp_pacific": "2026-08-04T17:46:11.975-07:00", "status": "ok", "reasons": ["current_change"]}
POWER_MONITOR_RECORD {"timestamp_pacific": "2026-08-04T17:46:12.982-07:00", "status": "ok", "reasons": ["current_change"]}
POWER_MONITOR_RECORD {"timestamp_pacific": "2026-08-04T17:46:13.988-07:00", "status": "ok", "reasons": ["current_change"]}
POWER_MONITOR_RECORD {"timestamp_pacific": "2026-08-04T17:46:14.996-07:00", "status": "ok", "reasons": ["current_change"]}
POWER_MONITOR_RECORD {"timestamp_pacific": "2026-08-04T17:46:16.002-07:00", "status": "ok", "reasons": ["current_change"]}
POWER_MONITOR_RECORD {"timestamp_pacific": "2026-08-04T17:46:17.009-07:00", "status": "ok", "reasons": ["current_change"]}
POWER_MONITOR_RECORD {"timestamp_pacific": "2026-08-04T17:46:22.039-07:00", "status": "ok", "reasons": ["current_change"]}
POWER_MONITOR_RECORD {"timestamp_pacific": "2026-08-04T17:46:23.046-07:00", "status": "ok", "reasons": ["current_change"]}
POWER_MONITOR_RECORD {"timestamp_pacific": "2026-08-04T17:46:24.052-07:00", "status": "ok", "reasons": ["current_change"]}
POWER_MONITOR_RECORD {"timestamp_pacific": "2026-08-04T17:46:25.059-07:00", "status": "ok", "reasons": ["current_change"]}
POWER_MONITOR_RECORD {"timestamp_pacific": "2026-08-04T17:46:26.066-07:00", "status": "ok", "reasons": ["current_change"]}
POWER_MONITOR_RECORD {"timestamp_pacific": "2026-08-04T17:46:27.073-07:00", "status": "ok", "reasons": ["current_change"]}
POWER_MONITOR_RECORD {"timestamp_pacific": "2026-08-04T17:46:28.080-07:00", "status": "ok", "reasons": ["current_change"]}
POWER_MONITOR_RECORD {"timestamp_pacific": "2026-08-04T17:46:29.086-07:00", "status": "ok", "reasons": ["current_change"]}
POWER_MONITOR_RECORD {"timestamp_pacific": "2026-08-04T17:46:31.098-07:00", "status": "ok", "reasons": ["current_change"]}
POWER_MONITOR_RECORD {"timestamp_pacific": "2026-08-04T17:46:32.105-07:00", "status": "ok", "reasons": ["current_change"]}
POWER_MONITOR_RECORD {"timestamp_pacific": "2026-08-04T17:46:34.117-07:00", "status": "ok", "reasons": ["current_change"]}
POWER_MONITOR_RECORD {"timestamp_pacific": "2026-08-04T17:46:35.124-07:00", "status": "ok", "reasons": ["current_change"]}
POWER_MONITOR_RECORD {"timestamp_pacific": "2026-08-04T17:46:38.142-07:00", "status": "ok", "reasons": ["current_change"]}
POWER_MONITOR_RECORD {"timestamp_pacific": "2026-08-04T17:46:39.148-07:00", "status": "ok", "reasons": ["current_change"]}
POWER_MONITOR_RECORD {"timestamp_pacific": "2026-08-04T17:46:42.167-07:00", "status": "ok", "reasons": ["current_change"]}
POWER_MONITOR_RECORD {"timestamp_pacific": "2026-08-04T17:46:43.173-07:00", "status": "ok", "reasons": ["current_change"]}
POWER_MONITOR_RECORD {"timestamp_pacific": "2026-08-04T17:46:50.217-07:00", "status": "ok", "reasons": ["current_change"]}
POWER_MONITOR_RECORD {"timestamp_pacific": "2026-08-04T17:46:54.241-07:00", "status": "ok", "reasons": ["current_change"]}
POWER_MONITOR_RECORD {"timestamp_pacific": "2026-08-04T17:46:55.248-07:00", "status": "ok", "reasons": ["current_change"]}
POWER_MONITOR_RECORD {"timestamp_pacific": "2026-08-04T17:47:01.286-07:00", "status": "ok", "reasons": ["current_change"]}
POWER_MONITOR_RECORD {"timestamp_pacific": "2026-08-04T17:47:02.292-07:00", "status": "ok", "reasons": ["current_change"]}
POWER_MONITOR_RECORD {"timestamp_pacific": "2026-08-04T17:47:04.304-07:00", "status": "ok", "reasons": ["current_change"]}
POWER_MONITOR_RECORD {"timestamp_pacific": "2026-08-04T17:47:05.311-07:00", "status": "ok", "reasons": ["current_change"]}
POWER_MONITOR_RECORD {"timestamp_pacific": "2026-08-04T17:47:07.323-07:00", "status": "ok", "reasons": ["current_change"]}
POWER_MONITOR_RECORD {"timestamp_pacific": "2026-08-04T17:47:08.326-07:00", "status": "ok", "reasons": ["current_change"]}
POWER_MONITOR_RECORD {"timestamp_pacific": "2026-08-04T17:47:09.329-07:00", "status": "ok", "reasons": ["current_change"]}
POWER_MONITOR_RECORD {"timestamp_pacific": "2026-08-04T17:47:10.332-07:00", "status": "ok", "reasons": ["current_change"]}
POWER_MONITOR_RECORD {"timestamp_pacific": "2026-08-04T17:47:11.334-07:00", "status": "ok", "reasons": ["current_change"]}
POWER_MONITOR_RECORD {"timestamp_pacific": "2026-08-04T17:47:12.337-07:00", "status": "ok", "reasons": ["current_change"]}
POWER_MONITOR_RECORD {"timestamp_pacific": "2026-08-04T17:47:16.361-07:00", "status": "ok", "reasons": ["current_change"]}
POWER_MONITOR_RECORD {"timestamp_pacific": "2026-08-04T17:47:17.368-07:00", "status": "ok", "reasons": ["current_change"]}
POWER_MONITOR_RECORD {"timestamp_pacific": "2026-08-04T17:47:18.375-07:00", "status": "ok", "reasons": ["current_change"]}
POWER_MONITOR_RECORD {"timestamp_pacific": "2026-08-04T17:47:20.388-07:00", "status": "ok", "reasons": ["current_change"]}
POWER_MONITOR_RECORD {"timestamp_pacific": "2026-08-04T17:47:21.394-07:00", "status": "ok", "reasons": ["current_change"]}
POWER_MONITOR_RECORD {"timestamp_pacific": "2026-08-04T17:47:22.401-07:00", "status": "ok", "reasons": ["current_change"]}
POWER_MONITOR_RECORD {"timestamp_pacific": "2026-08-04T17:47:23.409-07:00", "status": "ok", "reasons": ["current_change"]}
POWER_MONITOR_RECORD {"timestamp_pacific": "2026-08-04T17:47:29.445-07:00", "status": "ok", "reasons": ["current_change"]}
POWER_MONITOR_RECORD {"timestamp_pacific": "2026-08-04T17:47:32.464-07:00", "status": "ok", "reasons": ["current_change"]}
POWER_MONITOR_RECORD {"timestamp_pacific": "2026-08-04T17:47:36.488-07:00", "status": "ok", "reasons": ["current_change"]}
POWER_MONITOR_RECORD {"timestamp_pacific": "2026-08-04T17:47:37.494-07:00", "status": "ok", "reasons": ["current_change"]}
POWER_MONITOR_RECORD {"timestamp_pacific": "2026-08-04T17:47:38.501-07:00", "status": "ok", "reasons": ["current_change"]}
POWER_MONITOR_RECORD {"timestamp_pacific": "2026-08-04T17:47:39.507-07:00", "status": "ok", "reasons": ["current_change"]}
POWER_MONITOR_RECORD {"timestamp_pacific": "2026-08-04T17:47:41.520-07:00", "status": "ok", "reasons": ["current_change"]}
POWER_MONITOR_RECORD {"timestamp_pacific": "2026-08-04T17:47:45.545-07:00", "status": "ok", "reasons": ["current_change", "power_change"]}
POWER_MONITOR_RECORD {"timestamp_pacific": "2026-08-04T17:47:49.569-07:00", "status": "ok", "reasons": ["current_change"]}
POWER_MONITOR_RECORD {"timestamp_pacific": "2026-08-04T17:47:51.582-07:00", "status": "ok", "reasons": ["current_change"]}
POWER_MONITOR_RECORD {"timestamp_pacific": "2026-08-04T17:47:53.594-07:00", "status": "ok", "reasons": ["current_change"]}
POWER_MONITOR_RECORD {"timestamp_pacific": "2026-08-04T17:47:54.601-07:00", "status": "ok", "reasons": ["current_change"]}
POWER_MONITOR_RECORD {"timestamp_pacific": "2026-08-04T17:47:56.615-07:00", "status": "ok", "reasons": ["current_change"]}
POWER_MONITOR_RECORD {"timestamp_pacific": "2026-08-04T17:47:57.621-07:00", "status": "ok", "reasons": ["current_change"]}
POWER_MONITOR_RECORD {"timestamp_pacific": "2026-08-04T17:47:59.634-07:00", "status": "ok", "reasons": ["current_change"]}
POWER_MONITOR_RECORD {"timestamp_pacific": "2026-08-04T17:48:01.646-07:00", "status": "ok", "reasons": ["current_change"]}
POWER_MONITOR_RECORD {"timestamp_pacific": "2026-08-04T17:48:02.653-07:00", "status": "ok", "reasons": ["current_change"]}
POWER_MONITOR_RECORD {"timestamp_pacific": "2026-08-04T17:48:04.665-07:00", "status": "ok", "reasons": ["current_change"]}
POWER_MONITOR_RECORD {"timestamp_pacific": "2026-08-04T17:48:05.672-07:00", "status": "ok", "reasons": ["current_change"]}
POWER_MONITOR_RECORD {"timestamp_pacific": "2026-08-04T17:48:07.684-07:00", "status": "ok", "reasons": ["current_change"]}
POWER_MONITOR_RECORD {"timestamp_pacific": "2026-08-04T17:48:10.692-07:00", "status": "ok", "reasons": ["current_change"]}
POWER_MONITOR_RECORD {"timestamp_pacific": "2026-08-04T17:48:11.695-07:00", "status": "ok", "reasons": ["current_change"]}
POWER_MONITOR_RECORD {"timestamp_pacific": "2026-08-04T17:48:13.703-07:00", "status": "ok", "reasons": ["current_change"]}
POWER_MONITOR_RECORD {"timestamp_pacific": "2026-08-04T17:48:16.722-07:00", "status": "ok", "reasons": ["current_change"]}
POWER_MONITOR_RECORD {"timestamp_pacific": "2026-08-04T17:48:18.734-07:00", "status": "ok", "reasons": ["current_change"]}
POWER_MONITOR_RECORD {"timestamp_pacific": "2026-08-04T17:48:21.752-07:00", "status": "ok", "reasons": ["current_change"]}
POWER_MONITOR_RECORD {"timestamp_pacific": "2026-08-04T17:48:22.759-07:00", "status": "ok", "reasons": ["current_change"]}
POWER_MONITOR_RECORD {"timestamp_pacific": "2026-08-04T17:48:23.765-07:00", "status": "ok", "reasons": ["current_change"]}
POWER_MONITOR_RECORD {"timestamp_pacific": "2026-08-04T17:48:26.784-07:00", "status": "ok", "reasons": ["current_change"]}
POWER_MONITOR_RECORD {"timestamp_pacific": "2026-08-04T17:48:28.796-07:00", "status": "ok", "reasons": ["current_change"]}
POWER_MONITOR_RECORD {"timestamp_pacific": "2026-08-04T17:48:30.808-07:00", "status": "ok", "reasons": ["current_change"]}
POWER_MONITOR_RECORD {"timestamp_pacific": "2026-08-04T17:48:33.826-07:00", "status": "ok", "reasons": ["current_change"]}
POWER_MONITOR_RECORD {"timestamp_pacific": "2026-08-04T17:48:34.833-07:00", "status": "ok", "reasons": ["current_change"]}
POWER_MONITOR_RECORD {"timestamp_pacific": "2026-08-04T17:48:38.857-07:00", "status": "ok", "reasons": ["current_change"]}
POWER_MONITOR_RECORD {"timestamp_pacific": "2026-08-04T17:48:42.882-07:00", "status": "ok", "reasons": ["current_change"]}
POWER_MONITOR_RECORD {"timestamp_pacific": "2026-08-04T17:48:45.900-07:00", "status": "ok", "reasons": ["current_change"]}
POWER_MONITOR_RECORD {"timestamp_pacific": "2026-08-04T17:48:50.930-07:00", "status": "ok", "reasons": ["current_change"]}
POWER_MONITOR_RECORD {"timestamp_pacific": "2026-08-04T17:48:52.944-07:00", "status": "ok", "reasons": ["current_change"]}
POWER_MONITOR_RECORD {"timestamp_pacific": "2026-08-04T17:49:00.991-07:00", "status": "ok", "reasons": ["current_change", "heater_off"]}
POWER_MONITOR_RECORD {"timestamp_pacific": "2026-08-04T17:50:01.340-07:00", "status": "ok", "reasons": ["heartbeat"]}
POWER_MONITOR_RECORD {"timestamp_pacific": "2026-08-04T17:51:01.674-07:00", "status": "ok", "reasons": ["heartbeat"]}
POWER_MONITOR_RECORD {"timestamp_pacific": "2026-08-04T17:52:02.025-07:00", "status": "ok", "reasons": ["heartbeat"]}
POWER_MONITOR_RECORD {"timestamp_pacific": "2026-08-04T17:53:02.376-07:00", "status": "ok", "reasons": ["heartbeat"]}
POWER_MONITOR_RECORD {"timestamp_pacific": "2026-08-04T17:54:02.709-07:00", "status": "ok", "reasons": ["heartbeat"]}
POWER_MONITOR_RECORD {"timestamp_pacific": "2026-08-04T17:55:03.061-07:00", "status": "ok", "reasons": ["heartbeat"]}
POWER_MONITOR_RECORD {"timestamp_pacific": "2026-08-04T17:56:03.392-07:00", "status": "ok", "reasons": ["heartbeat"]}
POWER_MONITOR_RECORD {"timestamp_pacific": "2026-08-04T17:57:03.728-07:00", "status": "ok", "reasons": ["heartbeat"]}
POWER_MONITOR_RECORD {"timestamp_pacific": "2026-08-04T17:58:04.060-07:00", "status": "ok", "reasons": ["heartbeat"]}
POWER_MONITOR_RECORD {"timestamp_pacific": "2026-08-04T17:59:04.397-07:00", "status": "ok", "reasons": ["heartbeat"]}
POWER_MONITOR_RECORD {"timestamp_pacific": "2026-08-04T18:00:04.748-07:00", "status": "ok", "reasons": ["heartbeat"]}
POWER_MONITOR_RECORD {"timestamp_pacific": "2026-08-04T18:01:05.065-07:00", "status": "ok", "reasons": ["heartbeat"]}
POWER_MONITOR_RECORD {"timestamp_pacific": "2026-08-04T18:02:05.399-07:00", "status": "ok", "reasons": ["heartbeat"]}
POWER_MONITOR_RECORD {"timestamp_pacific": "2026-08-04T18:03:05.751-07:00", "status": "ok", "reasons": ["heartbeat"]}
POWER_MONITOR_RECORD {"timestamp_pacific": "2026-08-04T18:04:06.085-07:00", "status": "ok", "reasons": ["heartbeat"]}
POWER_MONITOR_RECORD {"timestamp_pacific": "2026-08-04T18:04:07.092-07:00", "status": "ok", "reasons": ["voltage_change"]}
POWER_MONITOR_RECORD {"timestamp_pacific": "2026-08-04T18:05:07.426-07:00", "status": "ok", "reasons": ["heartbeat"]}
POWER_MONITOR_RECORD {"timestamp_pacific": "2026-08-04T18:06:07.760-07:00", "status": "ok", "reasons": ["heartbeat"]}
POWER_MONITOR_RECORD {"timestamp_pacific": "2026-08-04T18:07:08.091-07:00", "status": "ok", "reasons": ["heartbeat"]}
POWER_MONITOR_RECORD {"timestamp_pacific": "2026-08-04T18:08:08.423-07:00", "status": "ok", "reasons": ["heartbeat"]}
POWER_MONITOR_RECORD {"timestamp_pacific": "2026-08-04T18:09:08.756-07:00", "status": "ok", "reasons": ["heartbeat"]}
POWER_MONITOR_RECORD {"timestamp_pacific": "2026-08-04T18:10:09.091-07:00", "status": "ok", "reasons": ["heartbeat"]}
POWER_MONITOR_RECORD {"timestamp_pacific": "2026-08-04T18:11:09.435-07:00", "status": "ok", "reasons": ["heartbeat"]}
POWER_MONITOR_RECORD {"timestamp_pacific": "2026-08-04T18:12:09.767-07:00", "status": "ok", "reasons": ["heartbeat"]}
POWER_MONITOR_RECORD {"timestamp_pacific": "2026-08-04T18:13:10.096-07:00", "status": "ok", "reasons": ["heartbeat"]}
POWER_MONITOR_RECORD {"timestamp_pacific": "2026-08-04T18:14:10.428-07:00", "status": "ok", "reasons": ["heartbeat"]}
POWER_MONITOR_RECORD {"timestamp_pacific": "2026-08-04T18:15:10.771-07:00", "status": "ok", "reasons": ["heartbeat"]}
POWER_MONITOR_RECORD {"timestamp_pacific": "2026-08-04T18:16:11.106-07:00", "status": "ok", "reasons": ["heartbeat"]}
POWER_MONITOR_RECORD {"timestamp_pacific": "2026-08-04T18:17:11.453-07:00", "status": "ok", "reasons": ["heartbeat"]}
POWER_MONITOR_RECORD {"timestamp_pacific": "2026-08-04T18:18:11.790-07:00", "status": "ok", "reasons": ["heartbeat"]}
POWER_MONITOR_RECORD {"timestamp_pacific": "2026-08-04T18:19:12.118-07:00", "status": "ok", "reasons": ["heartbeat"]}
POWER_MONITOR_RECORD {"timestamp_pacific": "2026-08-04T18:20:12.451-07:00", "status": "ok", "reasons": ["heartbeat"]}
POWER_MONITOR_RECORD {"timestamp_pacific": "2026-08-04T18:21:12.784-07:00", "status": "ok", "reasons": ["heartbeat"]}
POWER_MONITOR_RECORD {"timestamp_pacific": "2026-08-04T18:22:13.116-07:00", "status": "ok", "reasons": ["heartbeat"]}
POWER_MONITOR_RECORD {"timestamp_pacific": "2026-08-04T18:23:13.447-07:00", "status": "ok", "reasons": ["heartbeat"]}
POWER_MONITOR_RECORD {"timestamp_pacific": "2026-08-04T18:24:13.795-07:00", "status": "ok", "reasons": ["heartbeat"]}
POWER_MONITOR_RECORD {"timestamp_pacific": "2026-08-04T18:25:14.125-07:00", "status": "ok", "reasons": ["heartbeat"]}
POWER_MONITOR_RECORD {"timestamp_pacific": "2026-08-04T18:26:14.455-07:00", "status": "ok", "reasons": ["heartbeat"]}
POWER_MONITOR_RECORD {"timestamp_pacific": "2026-08-04T18:27:14.803-07:00", "status": "ok", "reasons": ["heartbeat"]}
POWER_MONITOR_RECORD {"timestamp_pacific": "2026-08-04T18:28:15.135-07:00", "status": "ok", "reasons": ["heartbeat"]}
POWER_MONITOR_RECORD {"timestamp_pacific": "2026-08-04T18:29:15.483-07:00", "status": "ok", "reasons": ["heartbeat"]}
POWER_MONITOR_RECORD {"timestamp_pacific": "2026-08-04T18:30:15.813-07:00", "status": "ok", "reasons": ["heartbeat"]}
POWER_MONITOR_RECORD {"timestamp_pacific": "2026-08-04T18:31:16.146-07:00", "status": "ok", "reasons": ["heartbeat"]}
POWER_MONITOR_RECORD {"timestamp_pacific": "2026-08-04T18:32:16.504-07:00", "status": "ok", "reasons": ["heartbeat"]}
POWER_MONITOR_RECORD {"timestamp_pacific": "2026-08-04T18:33:16.836-07:00", "status": "ok", "reasons": ["heartbeat"]}
POWER_MONITOR_RECORD {"timestamp_pacific": "2026-08-04T18:34:17.185-07:00", "status": "ok", "reasons": ["heartbeat"]}
POWER_MONITOR_RECORD {"timestamp_pacific": "2026-08-04T18:35:17.519-07:00", "status": "ok", "reasons": ["heartbeat"]}
POWER_MONITOR_RECORD {"timestamp_pacific": "2026-08-04T18:36:17.852-07:00", "status": "ok", "reasons": ["heartbeat"]}
POWER_MONITOR_RECORD {"timestamp_pacific": "2026-08-04T18:37:18.201-07:00", "status": "ok", "reasons": ["heartbeat"]}
POWER_MONITOR_RECORD {"timestamp_pacific": "2026-08-04T18:38:18.534-07:00", "status": "ok", "reasons": ["heartbeat"]}
POWER_MONITOR_RECORD {"timestamp_pacific": "2026-08-04T18:39:18.866-07:00", "status": "ok", "reasons": ["heartbeat"]}
POWER_MONITOR_RECORD {"timestamp_pacific": "2026-08-04T18:40:19.215-07:00", "status": "ok", "reasons": ["heartbeat"]}
POWER_MONITOR_RECORD {"timestamp_pacific": "2026-08-04T18:41:19.547-07:00", "status": "ok", "reasons": ["heartbeat"]}
POWER_MONITOR_RECORD {"timestamp_pacific": "2026-08-04T18:42:19.897-07:00", "status": "ok", "reasons": ["heartbeat"]}
POWER_MONITOR_RECORD {"timestamp_pacific": "2026-08-04T18:43:20.229-07:00", "status": "ok", "reasons": ["heartbeat"]}
POWER_MONITOR_RECORD {"timestamp_pacific": "2026-08-04T18:44:20.579-07:00", "status": "ok", "reasons": ["heartbeat"]}
POWER_MONITOR_RECORD {"timestamp_pacific": "2026-08-04T18:45:20.911-07:00", "status": "ok", "reasons": ["heartbeat"]}
POWER_MONITOR_RECORD {"timestamp_pacific": "2026-08-04T18:46:21.243-07:00", "status": "ok", "reasons": ["heartbeat"]}
POWER_MONITOR_RECORD {"timestamp_pacific": "2026-08-04T18:47:21.575-07:00", "status": "ok", "reasons": ["heartbeat"]}
POWER_MONITOR_RECORD {"timestamp_pacific": "2026-08-04T18:48:21.908-07:00", "status": "ok", "reasons": ["heartbeat"]}
POWER_MONITOR_RECORD {"timestamp_pacific": "2026-08-04T18:49:22.257-07:00", "status": "ok", "reasons": ["heartbeat"]}
POWER_MONITOR_RECORD {"timestamp_pacific": "2026-08-04T18:50:22.590-07:00", "status": "ok", "reasons": ["heartbeat"]}
POWER_MONITOR_RECORD {"timestamp_pacific": "2026-08-04T18:51:22.922-07:00", "status": "ok", "reasons": ["heartbeat"]}
POWER_MONITOR_RECORD {"timestamp_pacific": "2026-08-04T18:52:23.255-07:00", "status": "ok", "reasons": ["heartbeat"]}
POWER_MONITOR_RECORD {"timestamp_pacific": "2026-08-04T18:53:23.588-07:00", "status": "ok", "reasons": ["heartbeat"]}
POWER_MONITOR_RECORD {"timestamp_pacific": "2026-08-04T18:54:23.938-07:00", "status": "ok", "reasons": ["heartbeat"]}
POWER_MONITOR_RECORD {"timestamp_pacific": "2026-08-04T18:55:24.271-07:00", "status": "ok", "reasons": ["heartbeat"]}
POWER_MONITOR_RECORD {"timestamp_pacific": "2026-08-04T18:56:24.603-07:00", "status": "ok", "reasons": ["heartbeat"]}
POWER_MONITOR_RECORD {"timestamp_pacific": "2026-08-04T18:57:24.952-07:00", "status": "ok", "reasons": ["heartbeat"]}
POWER_MONITOR_RECORD {"timestamp_pacific": "2026-08-04T18:58:25.283-07:00", "status": "ok", "reasons": ["heartbeat"]}
POWER_MONITOR_RECORD {"timestamp_pacific": "2026-08-04T18:59:25.634-07:00", "status": "ok", "reasons": ["heartbeat"]}
POWER_MONITOR_RECORD {"timestamp_pacific": "2026-08-04T19:00:25.967-07:00", "status": "ok", "reasons": ["heartbeat"]}
POWER_MONITOR_RECORD {"timestamp_pacific": "2026-08-04T19:01:26.281-07:00", "status": "ok", "reasons": ["heartbeat"]}
POWER_MONITOR_RECORD {"timestamp_pacific": "2026-08-04T19:02:26.613-07:00", "status": "ok", "reasons": ["heartbeat"]}
POWER_MONITOR_RECORD {"timestamp_pacific": "2026-08-04T19:03:26.962-07:00", "status": "ok", "reasons": ["heartbeat"]}
POWER_MONITOR_RECORD {"timestamp_pacific": "2026-08-04T19:04:27.293-07:00", "status": "ok", "reasons": ["heartbeat"]}
POWER_MONITOR_RECORD {"timestamp_pacific": "2026-08-04T19:05:27.624-07:00", "status": "ok", "reasons": ["heartbeat"]}
POWER_MONITOR_RECORD {"timestamp_pacific": "2026-08-04T19:06:27.956-07:00", "status": "ok", "reasons": ["heartbeat"]}
POWER_MONITOR_RECORD {"timestamp_pacific": "2026-08-04T19:07:28.288-07:00", "status": "ok", "reasons": ["heartbeat"]}
POWER_MONITOR_RECORD {"timestamp_pacific": "2026-08-04T19:08:28.620-07:00", "status": "ok", "reasons": ["heartbeat"]}
POWER_MONITOR_RECORD {"timestamp_pacific": "2026-08-04T19:09:28.952-07:00", "status": "ok", "reasons": ["heartbeat"]}
POWER_MONITOR_RECORD {"timestamp_pacific": "2026-08-04T19:10:29.283-07:00", "status": "ok", "reasons": ["heartbeat"]}
POWER_MONITOR_RECORD {"timestamp_pacific": "2026-08-04T19:11:29.632-07:00", "status": "ok", "reasons": ["heartbeat"]}
POWER_MONITOR_RECORD {"timestamp_pacific": "2026-08-04T19:12:29.965-07:00", "status": "ok", "reasons": ["heartbeat"]}
POWER_MONITOR_RECORD {"timestamp_pacific": "2026-08-04T19:13:30.296-07:00", "status": "ok", "reasons": ["heartbeat"]}
POWER_MONITOR_RECORD {"timestamp_pacific": "2026-08-04T19:14:30.628-07:00", "status": "ok", "reasons": ["heartbeat"]}
POWER_MONITOR_RECORD {"timestamp_pacific": "2026-08-04T19:15:30.977-07:00", "status": "ok", "reasons": ["heartbeat"]}
POWER_MONITOR_RECORD {"timestamp_pacific": "2026-08-04T19:16:31.308-07:00", "status": "ok", "reasons": ["heartbeat"]}
POWER_MONITOR_RECORD {"timestamp_pacific": "2026-08-04T19:17:31.658-07:00", "status": "ok", "reasons": ["heartbeat"]}
POWER_MONITOR_RECORD {"timestamp_pacific": "2026-08-04T19:18:31.990-07:00", "status": "ok", "reasons": ["heartbeat"]}
POWER_MONITOR_RECORD {"timestamp_pacific": "2026-08-04T19:19:32.322-07:00", "status": "ok", "reasons": ["heartbeat"]}
POWER_MONITOR_RECORD {"timestamp_pacific": "2026-08-04T19:20:32.672-07:00", "status": "ok", "reasons": ["heartbeat"]}
POWER_MONITOR_RECORD {"timestamp_pacific": "2026-08-04T19:21:33.003-07:00", "status": "ok", "reasons": ["heartbeat"]}
POWER_MONITOR_RECORD {"timestamp_pacific": "2026-08-04T19:22:33.352-07:00", "status": "ok", "reasons": ["heartbeat"]}
POWER_MONITOR_RECORD {"timestamp_pacific": "2026-08-04T19:23:33.684-07:00", "status": "ok", "reasons": ["heartbeat"]}
POWER_MONITOR_RECORD {"timestamp_pacific": "2026-08-04T19:24:34.016-07:00", "status": "ok", "reasons": ["heartbeat"]}
POWER_MONITOR_RECORD {"timestamp_pacific": "2026-08-04T19:25:34.365-07:00", "status": "ok", "reasons": ["heartbeat"]}
POWER_MONITOR_RECORD {"timestamp_pacific": "2026-08-04T19:26:34.698-07:00", "status": "ok", "reasons": ["heartbeat"]}
POWER_MONITOR_RECORD {"timestamp_pacific": "2026-08-04T19:27:35.029-07:00", "status": "ok", "reasons": ["heartbeat"]}
POWER_MONITOR_RECORD {"timestamp_pacific": "2026-08-04T19:28:35.379-07:00", "status": "ok", "reasons": ["heartbeat"]}
POWER_MONITOR_RECORD {"timestamp_pacific": "2026-08-04T19:29:35.712-07:00", "status": "ok", "reasons": ["heartbeat"]}
POWER_MONITOR_RECORD {"timestamp_pacific": "2026-08-04T19:30:36.059-07:00", "status": "ok", "reasons": ["heartbeat"]}
POWER_MONITOR_RECORD {"timestamp_pacific": "2026-08-04T19:31:36.390-07:00", "status": "ok", "reasons": ["heartbeat"]}
POWER_MONITOR_RECORD {"timestamp_pacific": "2026-08-04T19:32:36.721-07:00", "status": "ok", "reasons": ["heartbeat"]}
POWER_MONITOR_RECORD {"timestamp_pacific": "2026-08-04T19:33:37.070-07:00", "status": "ok", "reasons": ["heartbeat"]}
POWER_MONITOR_RECORD {"timestamp_pacific": "2026-08-04T19:34:37.402-07:00", "status": "ok", "reasons": ["heartbeat"]}
POWER_MONITOR_RECORD {"timestamp_pacific": "2026-08-04T19:35:37.732-07:00", "status": "ok", "reasons": ["heartbeat"]}
POWER_MONITOR_RECORD {"timestamp_pacific": "2026-08-04T19:36:38.064-07:00", "status": "ok", "reasons": ["heartbeat"]}
POWER_MONITOR_RECORD {"timestamp_pacific": "2026-08-04T19:37:38.396-07:00", "status": "ok", "reasons": ["heartbeat"]}
POWER_MONITOR_RECORD {"timestamp_pacific": "2026-08-04T19:38:38.728-07:00", "status": "ok", "reasons": ["heartbeat"]}
POWER_MONITOR_RECORD {"timestamp_pacific": "2026-08-04T19:39:39.061-07:00", "status": "ok", "reasons": ["heartbeat"]}
POWER_MONITOR_RECORD {"timestamp_pacific": "2026-08-04T19:40:39.411-07:00", "status": "ok", "reasons": ["heartbeat"]}
POWER_MONITOR_RECORD {"timestamp_pacific": "2026-08-04T19:41:39.743-07:00", "status": "ok", "reasons": ["heartbeat"]}
POWER_MONITOR_RECORD {"timestamp_pacific": "2026-08-04T19:42:40.076-07:00", "status": "ok", "reasons": ["heartbeat"]}
POWER_MONITOR_RECORD {"timestamp_pacific": "2026-08-04T19:43:40.409-07:00", "status": "ok", "reasons": ["heartbeat"]}
POWER_MONITOR_RECORD {"timestamp_pacific": "2026-08-04T19:44:40.740-07:00", "status": "ok", "reasons": ["heartbeat"]}
POWER_MONITOR_RECORD {"timestamp_pacific": "2026-08-04T19:44:58.845-07:00", "status": "ok", "reasons": ["voltage_change"]}
POWER_MONITOR_RECORD {"timestamp_pacific": "2026-08-04T19:45:06.893-07:00", "status": "ok", "reasons": ["voltage_change"]}
POWER_MONITOR_RECORD {"timestamp_pacific": "2026-08-04T19:46:07.242-07:00", "status": "ok", "reasons": ["heartbeat"]}
POWER_MONITOR_RECORD {"timestamp_pacific": "2026-08-04T19:47:07.574-07:00", "status": "ok", "reasons": ["heartbeat"]}
POWER_MONITOR_RECORD {"timestamp_pacific": "2026-08-04T19:48:07.923-07:00", "status": "ok", "reasons": ["heartbeat"]}
POWER_MONITOR_RECORD {"timestamp_pacific": "2026-08-04T19:49:08.268-07:00", "status": "ok", "reasons": ["heartbeat"]}
POWER_MONITOR_RECORD {"timestamp_pacific": "2026-08-04T19:50:08.601-07:00", "status": "ok", "reasons": ["heartbeat"]}
POWER_MONITOR_RECORD {"timestamp_pacific": "2026-08-04T19:51:08.945-07:00", "status": "ok", "reasons": ["heartbeat"]}
POWER_MONITOR_RECORD {"timestamp_pacific": "2026-08-04T19:52:09.271-07:00", "status": "ok", "reasons": ["heartbeat"]}
POWER_MONITOR_RECORD {"timestamp_pacific": "2026-08-04T19:53:09.608-07:00", "status": "ok", "reasons": ["heartbeat"]}
POWER_MONITOR_RECORD {"timestamp_pacific": "2026-08-04T19:54:09.949-07:00", "status": "ok", "reasons": ["heartbeat"]}
POWER_MONITOR_RECORD {"timestamp_pacific": "2026-08-04T19:55:10.285-07:00", "status": "ok", "reasons": ["heartbeat"]}
POWER_MONITOR_RECORD {"timestamp_pacific": "2026-08-04T19:56:10.632-07:00", "status": "ok", "reasons": ["heartbeat"]}
POWER_MONITOR_RECORD {"timestamp_pacific": "2026-08-04T19:57:10.971-07:00", "status": "ok", "reasons": ["heartbeat"]}
POWER_MONITOR_RECORD {"timestamp_pacific": "2026-08-04T19:57:45.162-07:00", "status": "ok", "reasons": ["voltage_change"]}
POWER_MONITOR_RECORD {"timestamp_pacific": "2026-08-04T19:58:45.512-07:00", "status": "ok", "reasons": ["heartbeat"]}
POWER_MONITOR_RECORD {"timestamp_pacific": "2026-08-04T19:59:45.844-07:00", "status": "ok", "reasons": ["heartbeat"]}
POWER_MONITOR_RECORD {"timestamp_pacific": "2026-08-04T20:00:46.194-07:00", "status": "ok", "reasons": ["heartbeat"]}
POWER_MONITOR_RECORD {"timestamp_pacific": "2026-08-04T20:01:46.509-07:00", "status": "ok", "reasons": ["heartbeat"]}
POWER_MONITOR_RECORD {"timestamp_pacific": "2026-08-04T20:02:46.859-07:00", "status": "ok", "reasons": ["heartbeat"]}
POWER_MONITOR_RECORD {"timestamp_pacific": "2026-08-04T20:03:47.208-07:00", "status": "ok", "reasons": ["heartbeat"]}
POWER_MONITOR_RECORD {"timestamp_pacific": "2026-08-04T20:04:47.540-07:00", "status": "ok", "reasons": ["heartbeat"]}
POWER_MONITOR_RECORD {"timestamp_pacific": "2026-08-04T20:05:47.889-07:00", "status": "ok", "reasons": ["heartbeat"]}
POWER_MONITOR_RECORD {"timestamp_pacific": "2026-08-04T20:06:48.223-07:00", "status": "ok", "reasons": ["heartbeat"]}
POWER_MONITOR_RECORD {"timestamp_pacific": "2026-08-04T20:07:48.555-07:00", "status": "ok", "reasons": ["heartbeat"]}
POWER_MONITOR_RECORD {"timestamp_pacific": "2026-08-04T20:08:48.904-07:00", "status": "ok", "reasons": ["heartbeat"]}
POWER_MONITOR_RECORD {"timestamp_pacific": "2026-08-04T20:09:49.237-07:00", "status": "ok", "reasons": ["heartbeat"]}
POWER_MONITOR_RECORD {"timestamp_pacific": "2026-08-04T20:10:49.552-07:00", "status": "ok", "reasons": ["heartbeat"]}
POWER_MONITOR_RECORD {"timestamp_pacific": "2026-08-04T20:11:49.893-07:00", "status": "ok", "reasons": ["heartbeat"]}
POWER_MONITOR_RECORD {"timestamp_pacific": "2026-08-04T20:12:50.225-07:00", "status": "ok", "reasons": ["heartbeat"]}
POWER_MONITOR_RECORD {"timestamp_pacific": "2026-08-04T20:13:50.564-07:00", "status": "ok", "reasons": ["heartbeat"]}
POWER_MONITOR_RECORD {"timestamp_pacific": "2026-08-04T20:14:50.896-07:00", "status": "ok", "reasons": ["heartbeat"]}
POWER_MONITOR_RECORD {"timestamp_pacific": "2026-08-04T20:15:51.244-07:00", "status": "ok", "reasons": ["heartbeat"]}
POWER_MONITOR_RECORD {"timestamp_pacific": "2026-08-04T20:16:32.466-07:00", "status": "ok", "reasons": ["current_change", "heater_on"]}
POWER_MONITOR_RECORD {"timestamp_pacific": "2026-08-04T20:16:33.473-07:00", "status": "ok", "reasons": ["current_change"]}
POWER_MONITOR_RECORD {"timestamp_pacific": "2026-08-04T20:16:34.479-07:00", "status": "ok", "reasons": ["current_change"]}
POWER_MONITOR_RECORD {"timestamp_pacific": "2026-08-04T20:16:35.486-07:00", "status": "ok", "reasons": ["current_change"]}
POWER_MONITOR_RECORD {"timestamp_pacific": "2026-08-04T20:16:37.498-07:00", "status": "ok", "reasons": ["current_change"]}
POWER_MONITOR_RECORD {"timestamp_pacific": "2026-08-04T20:16:40.517-07:00", "status": "ok", "reasons": ["current_change"]}
POWER_MONITOR_RECORD {"timestamp_pacific": "2026-08-04T20:16:42.530-07:00", "status": "ok", "reasons": ["current_change"]}
POWER_MONITOR_RECORD {"timestamp_pacific": "2026-08-04T20:16:45.549-07:00", "status": "ok", "reasons": ["current_change"]}
POWER_MONITOR_RECORD {"timestamp_pacific": "2026-08-04T20:16:48.567-07:00", "status": "ok", "reasons": ["current_change"]}
POWER_MONITOR_RECORD {"timestamp_pacific": "2026-08-04T20:16:50.580-07:00", "status": "ok", "reasons": ["current_change"]}
POWER_MONITOR_RECORD {"timestamp_pacific": "2026-08-04T20:16:51.586-07:00", "status": "ok", "reasons": ["current_change"]}
POWER_MONITOR_RECORD {"timestamp_pacific": "2026-08-04T20:16:53.598-07:00", "status": "ok", "reasons": ["current_change"]}
POWER_MONITOR_RECORD {"timestamp_pacific": "2026-08-04T20:16:56.619-07:00", "status": "ok", "reasons": ["current_change"]}
POWER_MONITOR_RECORD {"timestamp_pacific": "2026-08-04T20:16:58.631-07:00", "status": "ok", "reasons": ["current_change"]}
POWER_MONITOR_RECORD {"timestamp_pacific": "2026-08-04T20:17:00.645-07:00", "status": "ok", "reasons": ["current_change"]}
POWER_MONITOR_RECORD {"timestamp_pacific": "2026-08-04T20:17:03.664-07:00", "status": "ok", "reasons": ["current_change"]}
POWER_MONITOR_RECORD {"timestamp_pacific": "2026-08-04T20:17:05.676-07:00", "status": "ok", "reasons": ["current_change"]}
POWER_MONITOR_RECORD {"timestamp_pacific": "2026-08-04T20:17:06.683-07:00", "status": "ok", "reasons": ["current_change"]}
POWER_MONITOR_RECORD {"timestamp_pacific": "2026-08-04T20:17:07.689-07:00", "status": "ok", "reasons": ["current_change"]}
POWER_MONITOR_RECORD {"timestamp_pacific": "2026-08-04T20:17:10.707-07:00", "status": "ok", "reasons": ["current_change", "power_change"]}
POWER_MONITOR_RECORD {"timestamp_pacific": "2026-08-04T20:17:11.714-07:00", "status": "ok", "reasons": ["current_change", "power_change"]}
POWER_MONITOR_RECORD {"timestamp_pacific": "2026-08-04T20:17:12.721-07:00", "status": "ok", "reasons": ["current_change"]}
POWER_MONITOR_RECORD {"timestamp_pacific": "2026-08-04T20:17:13.729-07:00", "status": "ok", "reasons": ["current_change", "power_change"]}
POWER_MONITOR_RECORD {"timestamp_pacific": "2026-08-04T20:17:14.735-07:00", "status": "ok", "reasons": ["current_change"]}
POWER_MONITOR_RECORD {"timestamp_pacific": "2026-08-04T20:17:15.742-07:00", "status": "ok", "reasons": ["current_change"]}
POWER_MONITOR_RECORD {"timestamp_pacific": "2026-08-04T20:17:16.748-07:00", "status": "ok", "reasons": ["current_change"]}
POWER_MONITOR_RECORD {"timestamp_pacific": "2026-08-04T20:17:17.755-07:00", "status": "ok", "reasons": ["current_change"]}
POWER_MONITOR_RECORD {"timestamp_pacific": "2026-08-04T20:17:20.774-07:00", "status": "ok", "reasons": ["current_change"]}
POWER_MONITOR_RECORD {"timestamp_pacific": "2026-08-04T20:17:24.798-07:00", "status": "ok", "reasons": ["current_change"]}
POWER_MONITOR_RECORD {"timestamp_pacific": "2026-08-04T20:17:29.828-07:00", "status": "ok", "reasons": ["current_change"]}
POWER_MONITOR_RECORD {"timestamp_pacific": "2026-08-04T20:17:30.835-07:00", "status": "ok", "reasons": ["current_change"]}
POWER_MONITOR_RECORD {"timestamp_pacific": "2026-08-04T20:17:31.842-07:00", "status": "ok", "reasons": ["current_change"]}
POWER_MONITOR_RECORD {"timestamp_pacific": "2026-08-04T20:17:32.848-07:00", "status": "ok", "reasons": ["current_change"]}
POWER_MONITOR_RECORD {"timestamp_pacific": "2026-08-04T20:17:34.863-07:00", "status": "ok", "reasons": ["current_change"]}
POWER_MONITOR_RECORD {"timestamp_pacific": "2026-08-04T20:17:35.869-07:00", "status": "ok", "reasons": ["current_change"]}
POWER_MONITOR_RECORD {"timestamp_pacific": "2026-08-04T20:17:36.876-07:00", "status": "ok", "reasons": ["current_change"]}
POWER_MONITOR_RECORD {"timestamp_pacific": "2026-08-04T20:17:37.882-07:00", "status": "ok", "reasons": ["current_change"]}
POWER_MONITOR_RECORD {"timestamp_pacific": "2026-08-04T20:17:38.889-07:00", "status": "ok", "reasons": ["current_change"]}
POWER_MONITOR_RECORD {"timestamp_pacific": "2026-08-04T20:17:41.907-07:00", "status": "ok", "reasons": ["current_change"]}
POWER_MONITOR_RECORD {"timestamp_pacific": "2026-08-04T20:17:44.925-07:00", "status": "ok", "reasons": ["current_change"]}
POWER_MONITOR_RECORD {"timestamp_pacific": "2026-08-04T20:17:45.932-07:00", "status": "ok", "reasons": ["current_change"]}
POWER_MONITOR_RECORD {"timestamp_pacific": "2026-08-04T20:17:50.962-07:00", "status": "ok", "reasons": ["current_change"]}
POWER_MONITOR_RECORD {"timestamp_pacific": "2026-08-04T20:17:52.974-07:00", "status": "ok", "reasons": ["current_change"]}
POWER_MONITOR_RECORD {"timestamp_pacific": "2026-08-04T20:17:53.980-07:00", "status": "ok", "reasons": ["current_change"]}
POWER_MONITOR_RECORD {"timestamp_pacific": "2026-08-04T20:17:58.004-07:00", "status": "ok", "reasons": ["current_change"]}
POWER_MONITOR_RECORD {"timestamp_pacific": "2026-08-04T20:18:01.023-07:00", "status": "ok", "reasons": ["current_change"]}
POWER_MONITOR_RECORD {"timestamp_pacific": "2026-08-04T20:18:05.047-07:00", "status": "ok", "reasons": ["current_change"]}
POWER_MONITOR_RECORD {"timestamp_pacific": "2026-08-04T20:18:06.054-07:00", "status": "ok", "reasons": ["current_change"]}
POWER_MONITOR_RECORD {"timestamp_pacific": "2026-08-04T20:18:12.087-07:00", "status": "ok", "reasons": ["current_change"]}
POWER_MONITOR_RECORD {"timestamp_pacific": "2026-08-04T20:18:14.100-07:00", "status": "ok", "reasons": ["current_change"]}
POWER_MONITOR_RECORD {"timestamp_pacific": "2026-08-04T20:18:15.106-07:00", "status": "ok", "reasons": ["current_change"]}
POWER_MONITOR_RECORD {"timestamp_pacific": "2026-08-04T20:18:16.113-07:00", "status": "ok", "reasons": ["current_change"]}
POWER_MONITOR_RECORD {"timestamp_pacific": "2026-08-04T20:18:17.119-07:00", "status": "ok", "reasons": ["current_change"]}
POWER_MONITOR_RECORD {"timestamp_pacific": "2026-08-04T20:18:19.133-07:00", "status": "ok", "reasons": ["current_change"]}
POWER_MONITOR_RECORD {"timestamp_pacific": "2026-08-04T20:18:22.151-07:00", "status": "ok", "reasons": ["current_change"]}
POWER_MONITOR_RECORD {"timestamp_pacific": "2026-08-04T20:18:23.159-07:00", "status": "ok", "reasons": ["current_change"]}
POWER_MONITOR_RECORD {"timestamp_pacific": "2026-08-04T20:18:24.165-07:00", "status": "ok", "reasons": ["current_change"]}
POWER_MONITOR_RECORD {"timestamp_pacific": "2026-08-04T20:18:27.183-07:00", "status": "ok", "reasons": ["current_change"]}
POWER_MONITOR_RECORD {"timestamp_pacific": "2026-08-04T20:18:32.214-07:00", "status": "ok", "reasons": ["current_change"]}
POWER_MONITOR_RECORD {"timestamp_pacific": "2026-08-04T20:18:39.257-07:00", "status": "ok", "reasons": ["current_change"]}
POWER_MONITOR_RECORD {"timestamp_pacific": "2026-08-04T20:18:41.270-07:00", "status": "ok", "reasons": ["current_change"]}
POWER_MONITOR_RECORD {"timestamp_pacific": "2026-08-04T20:18:42.276-07:00", "status": "ok", "reasons": ["current_change"]}
POWER_MONITOR_RECORD {"timestamp_pacific": "2026-08-04T20:18:47.306-07:00", "status": "ok", "reasons": ["current_change"]}
POWER_MONITOR_RECORD {"timestamp_pacific": "2026-08-04T20:18:49.318-07:00", "status": "ok", "reasons": ["current_change"]}
POWER_MONITOR_RECORD {"timestamp_pacific": "2026-08-04T20:18:50.325-07:00", "status": "ok", "reasons": ["current_change"]}
POWER_MONITOR_RECORD {"timestamp_pacific": "2026-08-04T20:18:52.337-07:00", "status": "ok", "reasons": ["current_change"]}
POWER_MONITOR_RECORD {"timestamp_pacific": "2026-08-04T20:18:53.346-07:00", "status": "ok", "reasons": ["current_change"]}
POWER_MONITOR_RECORD {"timestamp_pacific": "2026-08-04T20:18:54.353-07:00", "status": "ok", "reasons": ["current_change"]}
POWER_MONITOR_RECORD {"timestamp_pacific": "2026-08-04T20:18:56.365-07:00", "status": "ok", "reasons": ["current_change"]}
POWER_MONITOR_RECORD {"timestamp_pacific": "2026-08-04T20:18:57.372-07:00", "status": "ok", "reasons": ["current_change"]}
POWER_MONITOR_RECORD {"timestamp_pacific": "2026-08-04T20:18:58.379-07:00", "status": "ok", "reasons": ["current_change"]}
POWER_MONITOR_RECORD {"timestamp_pacific": "2026-08-04T20:19:01.398-07:00", "status": "ok", "reasons": ["current_change"]}
POWER_MONITOR_RECORD {"timestamp_pacific": "2026-08-04T20:19:02.404-07:00", "status": "ok", "reasons": ["current_change"]}
POWER_MONITOR_RECORD {"timestamp_pacific": "2026-08-04T20:19:04.418-07:00", "status": "ok", "reasons": ["current_change"]}
POWER_MONITOR_RECORD {"timestamp_pacific": "2026-08-04T20:19:08.438-07:00", "status": "ok", "reasons": ["current_change"]}
POWER_MONITOR_RECORD {"timestamp_pacific": "2026-08-04T20:19:14.460-07:00", "status": "ok", "reasons": ["current_change"]}
POWER_MONITOR_RECORD {"timestamp_pacific": "2026-08-04T20:19:16.472-07:00", "status": "ok", "reasons": ["current_change"]}
POWER_MONITOR_RECORD {"timestamp_pacific": "2026-08-04T20:19:20.496-07:00", "status": "ok", "reasons": ["current_change"]}
POWER_MONITOR_RECORD {"timestamp_pacific": "2026-08-04T20:19:21.502-07:00", "status": "ok", "reasons": ["current_change"]}
POWER_MONITOR_RECORD {"timestamp_pacific": "2026-08-04T20:19:24.520-07:00", "status": "ok", "reasons": ["current_change"]}
POWER_MONITOR_RECORD {"timestamp_pacific": "2026-08-04T20:19:25.527-07:00", "status": "ok", "reasons": ["current_change"]}
POWER_MONITOR_RECORD {"timestamp_pacific": "2026-08-04T20:19:29.553-07:00", "status": "ok", "reasons": ["current_change"]}
POWER_MONITOR_RECORD {"timestamp_pacific": "2026-08-04T20:19:31.565-07:00", "status": "ok", "reasons": ["current_change"]}
POWER_MONITOR_RECORD {"timestamp_pacific": "2026-08-04T20:19:32.572-07:00", "status": "ok", "reasons": ["current_change"]}
POWER_MONITOR_RECORD {"timestamp_pacific": "2026-08-04T20:19:38.607-07:00", "status": "ok", "reasons": ["current_change"]}
POWER_MONITOR_RECORD {"timestamp_pacific": "2026-08-04T20:19:39.614-07:00", "status": "ok", "reasons": ["current_change"]}
POWER_MONITOR_RECORD {"timestamp_pacific": "2026-08-04T20:19:40.620-07:00", "status": "ok", "reasons": ["current_change"]}
POWER_MONITOR_RECORD {"timestamp_pacific": "2026-08-04T20:19:42.633-07:00", "status": "ok", "reasons": ["current_change"]}
POWER_MONITOR_RECORD {"timestamp_pacific": "2026-08-04T20:19:45.651-07:00", "status": "ok", "reasons": ["current_change"]}
POWER_MONITOR_RECORD {"timestamp_pacific": "2026-08-04T20:19:47.663-07:00", "status": "ok", "reasons": ["current_change"]}
POWER_MONITOR_RECORD {"timestamp_pacific": "2026-08-04T20:19:48.670-07:00", "status": "ok", "reasons": ["current_change"]}
POWER_MONITOR_RECORD {"timestamp_pacific": "2026-08-04T20:19:50.682-07:00", "status": "ok", "reasons": ["current_change"]}
POWER_MONITOR_RECORD {"timestamp_pacific": "2026-08-04T20:19:51.691-07:00", "status": "ok", "reasons": ["current_change"]}
POWER_MONITOR_RECORD {"timestamp_pacific": "2026-08-04T20:19:53.703-07:00", "status": "ok", "reasons": ["current_change"]}
POWER_MONITOR_RECORD {"timestamp_pacific": "2026-08-04T20:19:54.709-07:00", "status": "ok", "reasons": ["current_change"]}
POWER_MONITOR_RECORD {"timestamp_pacific": "2026-08-04T20:19:58.733-07:00", "status": "ok", "reasons": ["current_change"]}
POWER_MONITOR_RECORD {"timestamp_pacific": "2026-08-04T20:20:04.769-07:00", "status": "ok", "reasons": ["current_change"]}
POWER_MONITOR_RECORD {"timestamp_pacific": "2026-08-04T20:20:07.789-07:00", "status": "ok", "reasons": ["current_change"]}
POWER_MONITOR_RECORD {"timestamp_pacific": "2026-08-04T20:20:08.795-07:00", "status": "ok", "reasons": ["current_change"]}
POWER_MONITOR_RECORD {"timestamp_pacific": "2026-08-04T20:20:09.802-07:00", "status": "ok", "reasons": ["current_change"]}
POWER_MONITOR_RECORD {"timestamp_pacific": "2026-08-04T20:20:12.821-07:00", "status": "ok", "reasons": ["current_change"]}
POWER_MONITOR_RECORD {"timestamp_pacific": "2026-08-04T20:20:19.863-07:00", "status": "ok", "reasons": ["current_change"]}
POWER_MONITOR_RECORD {"timestamp_pacific": "2026-08-04T20:20:25.898-07:00", "status": "ok", "reasons": ["current_change"]}
POWER_MONITOR_RECORD {"timestamp_pacific": "2026-08-04T20:20:26.905-07:00", "status": "ok", "reasons": ["current_change"]}
POWER_MONITOR_RECORD {"timestamp_pacific": "2026-08-04T20:20:27.911-07:00", "status": "ok", "reasons": ["current_change"]}
POWER_MONITOR_RECORD {"timestamp_pacific": "2026-08-04T20:20:28.918-07:00", "status": "ok", "reasons": ["current_change"]}
POWER_MONITOR_RECORD {"timestamp_pacific": "2026-08-04T20:20:29.924-07:00", "status": "ok", "reasons": ["current_change"]}
POWER_MONITOR_RECORD {"timestamp_pacific": "2026-08-04T20:20:31.937-07:00", "status": "ok", "reasons": ["current_change"]}
POWER_MONITOR_RECORD {"timestamp_pacific": "2026-08-04T20:20:32.943-07:00", "status": "ok", "reasons": ["current_change"]}
POWER_MONITOR_RECORD {"timestamp_pacific": "2026-08-04T20:20:35.961-07:00", "status": "ok", "reasons": ["current_change"]}
POWER_MONITOR_RECORD {"timestamp_pacific": "2026-08-04T20:20:44.008-07:00", "status": "ok", "reasons": ["current_change"]}
POWER_MONITOR_RECORD {"timestamp_pacific": "2026-08-04T20:20:45.015-07:00", "status": "ok", "reasons": ["current_change"]}
POWER_MONITOR_RECORD {"timestamp_pacific": "2026-08-04T20:20:46.021-07:00", "status": "ok", "reasons": ["current_change"]}
POWER_MONITOR_RECORD {"timestamp_pacific": "2026-08-04T20:20:50.045-07:00", "status": "ok", "reasons": ["current_change"]}
POWER_MONITOR_RECORD {"timestamp_pacific": "2026-08-04T20:20:53.064-07:00", "status": "ok", "reasons": ["current_change"]}
POWER_MONITOR_RECORD {"timestamp_pacific": "2026-08-04T20:20:54.070-07:00", "status": "ok", "reasons": ["current_change"]}
POWER_MONITOR_RECORD {"timestamp_pacific": "2026-08-04T20:20:58.094-07:00", "status": "ok", "reasons": ["current_change"]}
POWER_MONITOR_RECORD {"timestamp_pacific": "2026-08-04T20:20:59.101-07:00", "status": "ok", "reasons": ["current_change"]}
POWER_MONITOR_RECORD {"timestamp_pacific": "2026-08-04T20:21:00.107-07:00", "status": "ok", "reasons": ["voltage_change"]}
POWER_MONITOR_RECORD {"timestamp_pacific": "2026-08-04T20:21:01.114-07:00", "status": "ok", "reasons": ["current_change", "voltage_change"]}
POWER_MONITOR_RECORD {"timestamp_pacific": "2026-08-04T20:21:03.126-07:00", "status": "ok", "reasons": ["current_change"]}
POWER_MONITOR_RECORD {"timestamp_pacific": "2026-08-04T20:21:05.139-07:00", "status": "ok", "reasons": ["current_change"]}
POWER_MONITOR_RECORD {"timestamp_pacific": "2026-08-04T20:21:06.146-07:00", "status": "ok", "reasons": ["current_change"]}
POWER_MONITOR_RECORD {"timestamp_pacific": "2026-08-04T20:21:07.153-07:00", "status": "ok", "reasons": ["current_change"]}
POWER_MONITOR_RECORD {"timestamp_pacific": "2026-08-04T20:21:09.158-07:00", "status": "ok", "reasons": ["current_change"]}
POWER_MONITOR_RECORD {"timestamp_pacific": "2026-08-04T20:21:12.166-07:00", "status": "ok", "reasons": ["current_change"]}
POWER_MONITOR_RECORD {"timestamp_pacific": "2026-08-04T20:21:14.178-07:00", "status": "ok", "reasons": ["current_change"]}
POWER_MONITOR_RECORD {"timestamp_pacific": "2026-08-04T20:21:20.213-07:00", "status": "ok", "reasons": ["current_change"]}
POWER_MONITOR_RECORD {"timestamp_pacific": "2026-08-04T20:21:21.220-07:00", "status": "ok", "reasons": ["current_change"]}
POWER_MONITOR_RECORD {"timestamp_pacific": "2026-08-04T20:21:23.232-07:00", "status": "ok", "reasons": ["current_change"]}
POWER_MONITOR_RECORD {"timestamp_pacific": "2026-08-04T20:21:24.239-07:00", "status": "ok", "reasons": ["current_change"]}
POWER_MONITOR_RECORD {"timestamp_pacific": "2026-08-04T20:21:25.245-07:00", "status": "ok", "reasons": ["current_change"]}
POWER_MONITOR_RECORD {"timestamp_pacific": "2026-08-04T20:21:26.252-07:00", "status": "ok", "reasons": ["current_change"]}
POWER_MONITOR_RECORD {"timestamp_pacific": "2026-08-04T20:21:27.258-07:00", "status": "ok", "reasons": ["current_change"]}
POWER_MONITOR_RECORD {"timestamp_pacific": "2026-08-04T20:21:28.265-07:00", "status": "ok", "reasons": ["current_change"]}
POWER_MONITOR_RECORD {"timestamp_pacific": "2026-08-04T20:21:29.271-07:00", "status": "ok", "reasons": ["current_change"]}
POWER_MONITOR_RECORD {"timestamp_pacific": "2026-08-04T20:21:30.278-07:00", "status": "ok", "reasons": ["current_change"]}
POWER_MONITOR_RECORD {"timestamp_pacific": "2026-08-04T20:21:31.286-07:00", "status": "ok", "reasons": ["current_change"]}
POWER_MONITOR_RECORD {"timestamp_pacific": "2026-08-04T20:21:32.292-07:00", "status": "ok", "reasons": ["current_change"]}
POWER_MONITOR_RECORD {"timestamp_pacific": "2026-08-04T20:21:33.299-07:00", "status": "ok", "reasons": ["current_change"]}
POWER_MONITOR_RECORD {"timestamp_pacific": "2026-08-04T20:21:34.305-07:00", "status": "ok", "reasons": ["current_change"]}
POWER_MONITOR_RECORD {"timestamp_pacific": "2026-08-04T20:21:35.312-07:00", "status": "ok", "reasons": ["current_change"]}
POWER_MONITOR_RECORD {"timestamp_pacific": "2026-08-04T20:21:37.326-07:00", "status": "ok", "reasons": ["current_change"]}
POWER_MONITOR_RECORD {"timestamp_pacific": "2026-08-04T20:21:38.332-07:00", "status": "ok", "reasons": ["current_change"]}
POWER_MONITOR_RECORD {"timestamp_pacific": "2026-08-04T20:21:44.368-07:00", "status": "ok", "reasons": ["current_change"]}
POWER_MONITOR_RECORD {"timestamp_pacific": "2026-08-04T20:21:45.374-07:00", "status": "ok", "reasons": ["current_change"]}
POWER_MONITOR_RECORD {"timestamp_pacific": "2026-08-04T20:21:46.381-07:00", "status": "ok", "reasons": ["current_change"]}
POWER_MONITOR_RECORD {"timestamp_pacific": "2026-08-04T20:21:47.387-07:00", "status": "ok", "reasons": ["current_change"]}
POWER_MONITOR_RECORD {"timestamp_pacific": "2026-08-04T20:21:48.394-07:00", "status": "ok", "reasons": ["current_change"]}
POWER_MONITOR_RECORD {"timestamp_pacific": "2026-08-04T20:21:54.429-07:00", "status": "ok", "reasons": ["current_change"]}
POWER_MONITOR_RECORD {"timestamp_pacific": "2026-08-04T20:21:55.436-07:00", "status": "ok", "reasons": ["current_change"]}
POWER_MONITOR_RECORD {"timestamp_pacific": "2026-08-04T20:21:57.448-07:00", "status": "ok", "reasons": ["current_change"]}
POWER_MONITOR_RECORD {"timestamp_pacific": "2026-08-04T20:22:00.466-07:00", "status": "ok", "reasons": ["current_change"]}
POWER_MONITOR_RECORD {"timestamp_pacific": "2026-08-04T20:22:04.490-07:00", "status": "ok", "reasons": ["current_change"]}
POWER_MONITOR_RECORD {"timestamp_pacific": "2026-08-04T20:22:06.503-07:00", "status": "ok", "reasons": ["current_change"]}
POWER_MONITOR_RECORD {"timestamp_pacific": "2026-08-04T20:22:09.514-07:00", "status": "ok", "reasons": ["current_change"]}
POWER_MONITOR_RECORD {"timestamp_pacific": "2026-08-04T20:22:10.517-07:00", "status": "ok", "reasons": ["current_change"]}
POWER_MONITOR_RECORD {"timestamp_pacific": "2026-08-04T20:22:11.519-07:00", "status": "ok", "reasons": ["current_change"]}
POWER_MONITOR_RECORD {"timestamp_pacific": "2026-08-04T20:22:12.522-07:00", "status": "ok", "reasons": ["current_change"]}
POWER_MONITOR_RECORD {"timestamp_pacific": "2026-08-04T20:22:13.528-07:00", "status": "ok", "reasons": ["current_change"]}
POWER_MONITOR_RECORD {"timestamp_pacific": "2026-08-04T20:22:15.541-07:00", "status": "ok", "reasons": ["current_change"]}
POWER_MONITOR_RECORD {"timestamp_pacific": "2026-08-04T20:22:18.559-07:00", "status": "ok", "reasons": ["current_change"]}
POWER_MONITOR_RECORD {"timestamp_pacific": "2026-08-04T20:22:19.566-07:00", "status": "ok", "reasons": ["current_change"]}
POWER_MONITOR_RECORD {"timestamp_pacific": "2026-08-04T20:22:24.595-07:00", "status": "ok", "reasons": ["current_change"]}
POWER_MONITOR_RECORD {"timestamp_pacific": "2026-08-04T20:22:25.602-07:00", "status": "ok", "reasons": ["current_change"]}
POWER_MONITOR_RECORD {"timestamp_pacific": "2026-08-04T20:22:26.612-07:00", "status": "ok", "reasons": ["current_change"]}
POWER_MONITOR_RECORD {"timestamp_pacific": "2026-08-04T20:22:28.624-07:00", "status": "ok", "reasons": ["current_change"]}
POWER_MONITOR_RECORD {"timestamp_pacific": "2026-08-04T20:22:29.631-07:00", "status": "ok", "reasons": ["current_change"]}
POWER_MONITOR_RECORD {"timestamp_pacific": "2026-08-04T20:22:30.637-07:00", "status": "ok", "reasons": ["current_change"]}
POWER_MONITOR_RECORD {"timestamp_pacific": "2026-08-04T20:22:31.647-07:00", "status": "ok", "reasons": ["current_change"]}
POWER_MONITOR_RECORD {"timestamp_pacific": "2026-08-04T20:22:34.665-07:00", "status": "ok", "reasons": ["current_change"]}
POWER_MONITOR_RECORD {"timestamp_pacific": "2026-08-04T20:22:39.695-07:00", "status": "ok", "reasons": ["current_change"]}
POWER_MONITOR_RECORD {"timestamp_pacific": "2026-08-04T20:22:40.702-07:00", "status": "ok", "reasons": ["current_change"]}
POWER_MONITOR_RECORD {"timestamp_pacific": "2026-08-04T20:22:41.708-07:00", "status": "ok", "reasons": ["current_change"]}
POWER_MONITOR_RECORD {"timestamp_pacific": "2026-08-04T20:22:45.732-07:00", "status": "ok", "reasons": ["current_change"]}
POWER_MONITOR_RECORD {"timestamp_pacific": "2026-08-04T20:22:46.739-07:00", "status": "ok", "reasons": ["current_change"]}
POWER_MONITOR_RECORD {"timestamp_pacific": "2026-08-04T20:22:47.745-07:00", "status": "ok", "reasons": ["current_change"]}
POWER_MONITOR_RECORD {"timestamp_pacific": "2026-08-04T20:22:48.752-07:00", "status": "ok", "reasons": ["current_change"]}
POWER_MONITOR_RECORD {"timestamp_pacific": "2026-08-04T20:22:49.758-07:00", "status": "ok", "reasons": ["current_change"]}
POWER_MONITOR_RECORD {"timestamp_pacific": "2026-08-04T20:22:50.765-07:00", "status": "ok", "reasons": ["current_change"]}
POWER_MONITOR_RECORD {"timestamp_pacific": "2026-08-04T20:22:52.781-07:00", "status": "ok", "reasons": ["current_change"]}
POWER_MONITOR_RECORD {"timestamp_pacific": "2026-08-04T20:22:53.787-07:00", "status": "ok", "reasons": ["current_change"]}
POWER_MONITOR_RECORD {"timestamp_pacific": "2026-08-04T20:22:55.800-07:00", "status": "ok", "reasons": ["current_change"]}
POWER_MONITOR_RECORD {"timestamp_pacific": "2026-08-04T20:22:58.824-07:00", "status": "ok", "reasons": ["current_change"]}
POWER_MONITOR_RECORD {"timestamp_pacific": "2026-08-04T20:22:59.831-07:00", "status": "ok", "reasons": ["current_change"]}
POWER_MONITOR_RECORD {"timestamp_pacific": "2026-08-04T20:23:00.837-07:00", "status": "ok", "reasons": ["current_change"]}
POWER_MONITOR_RECORD {"timestamp_pacific": "2026-08-04T20:23:02.853-07:00", "status": "ok", "reasons": ["current_change"]}
POWER_MONITOR_RECORD {"timestamp_pacific": "2026-08-04T20:23:04.866-07:00", "status": "ok", "reasons": ["current_change"]}
POWER_MONITOR_RECORD {"timestamp_pacific": "2026-08-04T20:23:08.890-07:00", "status": "ok", "reasons": ["current_change"]}
POWER_MONITOR_RECORD {"timestamp_pacific": "2026-08-04T20:23:09.896-07:00", "status": "ok", "reasons": ["current_change"]}
POWER_MONITOR_RECORD {"timestamp_pacific": "2026-08-04T20:23:10.903-07:00", "status": "ok", "reasons": ["current_change"]}
POWER_MONITOR_RECORD {"timestamp_pacific": "2026-08-04T20:23:13.921-07:00", "status": "ok", "reasons": ["current_change"]}
POWER_MONITOR_RECORD {"timestamp_pacific": "2026-08-04T20:23:14.930-07:00", "status": "ok", "reasons": ["current_change"]}
POWER_MONITOR_RECORD {"timestamp_pacific": "2026-08-04T20:23:16.943-07:00", "status": "ok", "reasons": ["current_change"]}
POWER_MONITOR_RECORD {"timestamp_pacific": "2026-08-04T20:23:18.955-07:00", "status": "ok", "reasons": ["current_change"]}
POWER_MONITOR_RECORD {"timestamp_pacific": "2026-08-04T20:23:19.965-07:00", "status": "ok", "reasons": ["current_change"]}
POWER_MONITOR_RECORD {"timestamp_pacific": "2026-08-04T20:23:22.983-07:00", "status": "ok", "reasons": ["current_change"]}
POWER_MONITOR_RECORD {"timestamp_pacific": "2026-08-04T20:23:23.990-07:00", "status": "ok", "reasons": ["current_change"]}
POWER_MONITOR_RECORD {"timestamp_pacific": "2026-08-04T20:23:28.018-07:00", "status": "ok", "reasons": ["current_change"]}
POWER_MONITOR_RECORD {"timestamp_pacific": "2026-08-04T20:23:29.028-07:00", "status": "ok", "reasons": ["current_change"]}
POWER_MONITOR_RECORD {"timestamp_pacific": "2026-08-04T20:23:30.034-07:00", "status": "ok", "reasons": ["current_change"]}
POWER_MONITOR_RECORD {"timestamp_pacific": "2026-08-04T20:23:31.041-07:00", "status": "ok", "reasons": ["current_change"]}
POWER_MONITOR_RECORD {"timestamp_pacific": "2026-08-04T20:23:35.065-07:00", "status": "ok", "reasons": ["current_change"]}
POWER_MONITOR_RECORD {"timestamp_pacific": "2026-08-04T20:23:36.071-07:00", "status": "ok", "reasons": ["current_change"]}
POWER_MONITOR_RECORD {"timestamp_pacific": "2026-08-04T20:23:39.090-07:00", "status": "ok", "reasons": ["current_change"]}
POWER_MONITOR_RECORD {"timestamp_pacific": "2026-08-04T20:23:40.096-07:00", "status": "ok", "reasons": ["current_change"]}
POWER_MONITOR_RECORD {"timestamp_pacific": "2026-08-04T20:23:41.106-07:00", "status": "ok", "reasons": ["current_change"]}
POWER_MONITOR_RECORD {"timestamp_pacific": "2026-08-04T20:23:42.113-07:00", "status": "ok", "reasons": ["current_change"]}
POWER_MONITOR_RECORD {"timestamp_pacific": "2026-08-04T20:23:43.119-07:00", "status": "ok", "reasons": ["current_change"]}
POWER_MONITOR_RECORD {"timestamp_pacific": "2026-08-04T20:23:44.126-07:00", "status": "ok", "reasons": ["current_change"]}
POWER_MONITOR_RECORD {"timestamp_pacific": "2026-08-04T20:23:47.144-07:00", "status": "ok", "reasons": ["current_change"]}
POWER_MONITOR_RECORD {"timestamp_pacific": "2026-08-04T20:23:48.150-07:00", "status": "ok", "reasons": ["current_change"]}
POWER_MONITOR_RECORD {"timestamp_pacific": "2026-08-04T20:23:53.180-07:00", "status": "ok", "reasons": ["current_change"]}
POWER_MONITOR_RECORD {"timestamp_pacific": "2026-08-04T20:23:54.187-07:00", "status": "ok", "reasons": ["current_change"]}
POWER_MONITOR_RECORD {"timestamp_pacific": "2026-08-04T20:23:55.193-07:00", "status": "ok", "reasons": ["current_change"]}
POWER_MONITOR_RECORD {"timestamp_pacific": "2026-08-04T20:23:56.200-07:00", "status": "ok", "reasons": ["current_change"]}
POWER_MONITOR_RECORD {"timestamp_pacific": "2026-08-04T20:23:57.206-07:00", "status": "ok", "reasons": ["current_change"]}
POWER_MONITOR_RECORD {"timestamp_pacific": "2026-08-04T20:23:58.213-07:00", "status": "ok", "reasons": ["current_change"]}
POWER_MONITOR_RECORD {"timestamp_pacific": "2026-08-04T20:24:00.228-07:00", "status": "ok", "reasons": ["current_change"]}
POWER_MONITOR_RECORD {"timestamp_pacific": "2026-08-04T20:24:01.235-07:00", "status": "ok", "reasons": ["current_change"]}
POWER_MONITOR_RECORD {"timestamp_pacific": "2026-08-04T20:24:03.247-07:00", "status": "ok", "reasons": ["current_change"]}
POWER_MONITOR_RECORD {"timestamp_pacific": "2026-08-04T20:24:04.258-07:00", "status": "ok", "reasons": ["current_change"]}
POWER_MONITOR_RECORD {"timestamp_pacific": "2026-08-04T20:24:05.264-07:00", "status": "ok", "reasons": ["current_change"]}
POWER_MONITOR_RECORD {"timestamp_pacific": "2026-08-04T20:24:07.276-07:00", "status": "ok", "reasons": ["current_change"]}
POWER_MONITOR_RECORD {"timestamp_pacific": "2026-08-04T20:24:08.279-07:00", "status": "ok", "reasons": ["current_change"]}
POWER_MONITOR_RECORD {"timestamp_pacific": "2026-08-04T20:24:10.284-07:00", "status": "ok", "reasons": ["current_change"]}
POWER_MONITOR_RECORD {"timestamp_pacific": "2026-08-04T20:24:11.287-07:00", "status": "ok", "reasons": ["current_change"]}
POWER_MONITOR_RECORD {"timestamp_pacific": "2026-08-04T20:24:15.307-07:00", "status": "ok", "reasons": ["current_change"]}
POWER_MONITOR_RECORD {"timestamp_pacific": "2026-08-04T20:24:18.325-07:00", "status": "ok", "reasons": ["current_change"]}
POWER_MONITOR_RECORD {"timestamp_pacific": "2026-08-04T20:24:20.338-07:00", "status": "ok", "reasons": ["current_change"]}
POWER_MONITOR_RECORD {"timestamp_pacific": "2026-08-04T20:24:21.349-07:00", "status": "ok", "reasons": ["current_change"]}
POWER_MONITOR_RECORD {"timestamp_pacific": "2026-08-04T20:24:22.356-07:00", "status": "ok", "reasons": ["current_change"]}
POWER_MONITOR_RECORD {"timestamp_pacific": "2026-08-04T20:24:24.368-07:00", "status": "ok", "reasons": ["current_change"]}
POWER_MONITOR_RECORD {"timestamp_pacific": "2026-08-04T20:24:25.374-07:00", "status": "ok", "reasons": ["current_change"]}
POWER_MONITOR_RECORD {"timestamp_pacific": "2026-08-04T20:24:26.384-07:00", "status": "ok", "reasons": ["current_change"]}
POWER_MONITOR_RECORD {"timestamp_pacific": "2026-08-04T20:24:27.390-07:00", "status": "ok", "reasons": ["current_change"]}
POWER_MONITOR_RECORD {"timestamp_pacific": "2026-08-04T20:24:28.397-07:00", "status": "ok", "reasons": ["current_change"]}
POWER_MONITOR_RECORD {"timestamp_pacific": "2026-08-04T20:24:29.403-07:00", "status": "ok", "reasons": ["current_change"]}
POWER_MONITOR_RECORD {"timestamp_pacific": "2026-08-04T20:24:30.410-07:00", "status": "ok", "reasons": ["current_change"]}
POWER_MONITOR_RECORD {"timestamp_pacific": "2026-08-04T20:24:31.419-07:00", "status": "ok", "reasons": ["current_change"]}
POWER_MONITOR_RECORD {"timestamp_pacific": "2026-08-04T20:24:32.426-07:00", "status": "ok", "reasons": ["current_change"]}
POWER_MONITOR_RECORD {"timestamp_pacific": "2026-08-04T20:24:34.438-07:00", "status": "ok", "reasons": ["current_change"]}
POWER_MONITOR_RECORD {"timestamp_pacific": "2026-08-04T20:24:35.445-07:00", "status": "ok", "reasons": ["current_change"]}
POWER_MONITOR_RECORD {"timestamp_pacific": "2026-08-04T20:24:37.460-07:00", "status": "ok", "reasons": ["current_change"]}
POWER_MONITOR_RECORD {"timestamp_pacific": "2026-08-04T20:24:38.467-07:00", "status": "ok", "reasons": ["current_change"]}
POWER_MONITOR_RECORD {"timestamp_pacific": "2026-08-04T20:24:42.491-07:00", "status": "ok", "reasons": ["current_change"]}
POWER_MONITOR_RECORD {"timestamp_pacific": "2026-08-04T20:24:44.503-07:00", "status": "ok", "reasons": ["current_change"]}
POWER_MONITOR_RECORD {"timestamp_pacific": "2026-08-04T20:24:49.533-07:00", "status": "ok", "reasons": ["current_change"]}
POWER_MONITOR_RECORD {"timestamp_pacific": "2026-08-04T20:24:50.540-07:00", "status": "ok", "reasons": ["current_change"]}
POWER_MONITOR_RECORD {"timestamp_pacific": "2026-08-04T20:24:51.546-07:00", "status": "ok", "reasons": ["current_change"]}
POWER_MONITOR_RECORD {"timestamp_pacific": "2026-08-04T20:24:52.553-07:00", "status": "ok", "reasons": ["current_change"]}
POWER_MONITOR_RECORD {"timestamp_pacific": "2026-08-04T20:24:53.559-07:00", "status": "ok", "reasons": ["current_change"]}
POWER_MONITOR_RECORD {"timestamp_pacific": "2026-08-04T20:24:54.566-07:00", "status": "ok", "reasons": ["current_change"]}
POWER_MONITOR_RECORD {"timestamp_pacific": "2026-08-04T20:24:56.584-07:00", "status": "ok", "reasons": ["current_change"]}
POWER_MONITOR_RECORD {"timestamp_pacific": "2026-08-04T20:24:57.590-07:00", "status": "ok", "reasons": ["current_change"]}
POWER_MONITOR_RECORD {"timestamp_pacific": "2026-08-04T20:25:02.620-07:00", "status": "ok", "reasons": ["current_change"]}
POWER_MONITOR_RECORD {"timestamp_pacific": "2026-08-04T20:25:06.644-07:00", "status": "ok", "reasons": ["current_change"]}
POWER_MONITOR_RECORD {"timestamp_pacific": "2026-08-04T20:25:07.650-07:00", "status": "ok", "reasons": ["current_change"]}
POWER_MONITOR_RECORD {"timestamp_pacific": "2026-08-04T20:25:08.656-07:00", "status": "ok", "reasons": ["current_change"]}
POWER_MONITOR_RECORD {"timestamp_pacific": "2026-08-04T20:25:09.659-07:00", "status": "ok", "reasons": ["current_change"]}
POWER_MONITOR_RECORD {"timestamp_pacific": "2026-08-04T20:25:10.662-07:00", "status": "ok", "reasons": ["current_change"]}
POWER_MONITOR_RECORD {"timestamp_pacific": "2026-08-04T20:25:15.684-07:00", "status": "ok", "reasons": ["current_change"]}
POWER_MONITOR_RECORD {"timestamp_pacific": "2026-08-04T20:25:17.697-07:00", "status": "ok", "reasons": ["current_change"]}
POWER_MONITOR_RECORD {"timestamp_pacific": "2026-08-04T20:25:18.703-07:00", "status": "ok", "reasons": ["current_change"]}
POWER_MONITOR_RECORD {"timestamp_pacific": "2026-08-04T20:25:24.751-07:00", "status": "ok", "reasons": ["current_change"]}
POWER_MONITOR_RECORD {"timestamp_pacific": "2026-08-04T20:25:25.758-07:00", "status": "ok", "reasons": ["current_change"]}
POWER_MONITOR_RECORD {"timestamp_pacific": "2026-08-04T20:25:26.764-07:00", "status": "ok", "reasons": ["current_change"]}
POWER_MONITOR_RECORD {"timestamp_pacific": "2026-08-04T20:25:30.788-07:00", "status": "ok", "reasons": ["current_change"]}
POWER_MONITOR_RECORD {"timestamp_pacific": "2026-08-04T20:25:31.795-07:00", "status": "ok", "reasons": ["current_change"]}
POWER_MONITOR_RECORD {"timestamp_pacific": "2026-08-04T20:25:33.807-07:00", "status": "ok", "reasons": ["current_change"]}
POWER_MONITOR_RECORD {"timestamp_pacific": "2026-08-04T20:25:39.843-07:00", "status": "ok", "reasons": ["current_change"]}
POWER_MONITOR_RECORD {"timestamp_pacific": "2026-08-04T20:25:40.850-07:00", "status": "ok", "reasons": ["current_change"]}
POWER_MONITOR_RECORD {"timestamp_pacific": "2026-08-04T20:25:41.856-07:00", "status": "ok", "reasons": ["current_change"]}
POWER_MONITOR_RECORD {"timestamp_pacific": "2026-08-04T20:25:42.862-07:00", "status": "ok", "reasons": ["current_change"]}
POWER_MONITOR_RECORD {"timestamp_pacific": "2026-08-04T20:25:48.898-07:00", "status": "ok", "reasons": ["current_change"]}
POWER_MONITOR_RECORD {"timestamp_pacific": "2026-08-04T20:25:53.928-07:00", "status": "ok", "reasons": ["current_change"]}
POWER_MONITOR_RECORD {"timestamp_pacific": "2026-08-04T20:25:54.940-07:00", "status": "ok", "reasons": ["current_change"]}
POWER_MONITOR_RECORD {"timestamp_pacific": "2026-08-04T20:25:55.947-07:00", "status": "ok", "reasons": ["current_change"]}
POWER_MONITOR_RECORD {"timestamp_pacific": "2026-08-04T20:25:58.965-07:00", "status": "ok", "reasons": ["current_change"]}
POWER_MONITOR_RECORD {"timestamp_pacific": "2026-08-04T20:25:59.972-07:00", "status": "ok", "reasons": ["current_change"]}
POWER_MONITOR_RECORD {"timestamp_pacific": "2026-08-04T20:26:00.978-07:00", "status": "ok", "reasons": ["current_change"]}
POWER_MONITOR_RECORD {"timestamp_pacific": "2026-08-04T20:26:02.991-07:00", "status": "ok", "reasons": ["current_change"]}
POWER_MONITOR_RECORD {"timestamp_pacific": "2026-08-04T20:26:03.997-07:00", "status": "ok", "reasons": ["current_change"]}
POWER_MONITOR_RECORD {"timestamp_pacific": "2026-08-04T20:26:05.007-07:00", "status": "ok", "reasons": ["current_change"]}
POWER_MONITOR_RECORD {"timestamp_pacific": "2026-08-04T20:26:09.028-07:00", "status": "ok", "reasons": ["current_change"]}
POWER_MONITOR_RECORD {"timestamp_pacific": "2026-08-04T20:26:11.036-07:00", "status": "ok", "reasons": ["current_change"]}
POWER_MONITOR_RECORD {"timestamp_pacific": "2026-08-04T20:26:13.041-07:00", "status": "ok", "reasons": ["current_change"]}
POWER_MONITOR_RECORD {"timestamp_pacific": "2026-08-04T20:26:17.065-07:00", "status": "ok", "reasons": ["current_change"]}
POWER_MONITOR_RECORD {"timestamp_pacific": "2026-08-04T20:26:19.077-07:00", "status": "ok", "reasons": ["current_change"]}
POWER_MONITOR_RECORD {"timestamp_pacific": "2026-08-04T20:26:22.095-07:00", "status": "ok", "reasons": ["current_change"]}
POWER_MONITOR_RECORD {"timestamp_pacific": "2026-08-04T20:26:24.108-07:00", "status": "ok", "reasons": ["current_change"]}
POWER_MONITOR_RECORD {"timestamp_pacific": "2026-08-04T20:26:25.114-07:00", "status": "ok", "reasons": ["current_change"]}
POWER_MONITOR_RECORD {"timestamp_pacific": "2026-08-04T20:26:26.121-07:00", "status": "ok", "reasons": ["current_change"]}
POWER_MONITOR_RECORD {"timestamp_pacific": "2026-08-04T20:26:27.127-07:00", "status": "ok", "reasons": ["current_change"]}
POWER_MONITOR_RECORD {"timestamp_pacific": "2026-08-04T20:26:28.137-07:00", "status": "ok", "reasons": ["current_change"]}
POWER_MONITOR_RECORD {"timestamp_pacific": "2026-08-04T20:26:31.155-07:00", "status": "ok", "reasons": ["current_change"]}
POWER_MONITOR_RECORD {"timestamp_pacific": "2026-08-04T20:26:32.162-07:00", "status": "ok", "reasons": ["current_change"]}
POWER_MONITOR_RECORD {"timestamp_pacific": "2026-08-04T20:26:33.172-07:00", "status": "ok", "reasons": ["current_change"]}
POWER_MONITOR_RECORD {"timestamp_pacific": "2026-08-04T20:26:34.178-07:00", "status": "ok", "reasons": ["current_change"]}
POWER_MONITOR_RECORD {"timestamp_pacific": "2026-08-04T20:26:35.185-07:00", "status": "ok", "reasons": ["current_change"]}
POWER_MONITOR_RECORD {"timestamp_pacific": "2026-08-04T20:26:37.197-07:00", "status": "ok", "reasons": ["current_change"]}
POWER_MONITOR_RECORD {"timestamp_pacific": "2026-08-04T20:26:44.241-07:00", "status": "ok", "reasons": ["current_change"]}
POWER_MONITOR_RECORD {"timestamp_pacific": "2026-08-04T20:26:45.248-07:00", "status": "ok", "reasons": ["current_change"]}
POWER_MONITOR_RECORD {"timestamp_pacific": "2026-08-04T20:26:47.260-07:00", "status": "ok", "reasons": ["current_change"]}
POWER_MONITOR_RECORD {"timestamp_pacific": "2026-08-04T20:26:48.267-07:00", "status": "ok", "reasons": ["current_change"]}
POWER_MONITOR_RECORD {"timestamp_pacific": "2026-08-04T20:26:51.285-07:00", "status": "ok", "reasons": ["current_change"]}
POWER_MONITOR_RECORD {"timestamp_pacific": "2026-08-04T20:26:52.292-07:00", "status": "ok", "reasons": ["current_change"]}
POWER_MONITOR_RECORD {"timestamp_pacific": "2026-08-04T20:26:55.310-07:00", "status": "ok", "reasons": ["current_change"]}
POWER_MONITOR_RECORD {"timestamp_pacific": "2026-08-04T20:26:56.316-07:00", "status": "ok", "reasons": ["current_change"]}
POWER_MONITOR_RECORD {"timestamp_pacific": "2026-08-04T20:26:59.335-07:00", "status": "ok", "reasons": ["current_change"]}
POWER_MONITOR_RECORD {"timestamp_pacific": "2026-08-04T20:27:00.341-07:00", "status": "ok", "reasons": ["current_change"]}
POWER_MONITOR_RECORD {"timestamp_pacific": "2026-08-04T20:27:01.351-07:00", "status": "ok", "reasons": ["current_change"]}
POWER_MONITOR_RECORD {"timestamp_pacific": "2026-08-04T20:27:02.358-07:00", "status": "ok", "reasons": ["current_change"]}
POWER_MONITOR_RECORD {"timestamp_pacific": "2026-08-04T20:27:03.364-07:00", "status": "ok", "reasons": ["current_change"]}
POWER_MONITOR_RECORD {"timestamp_pacific": "2026-08-04T20:27:05.377-07:00", "status": "ok", "reasons": ["current_change"]}
POWER_MONITOR_RECORD {"timestamp_pacific": "2026-08-04T20:27:06.386-07:00", "status": "ok", "reasons": ["current_change"]}
POWER_MONITOR_RECORD {"timestamp_pacific": "2026-08-04T20:27:07.393-07:00", "status": "ok", "reasons": ["current_change"]}
POWER_MONITOR_RECORD {"timestamp_pacific": "2026-08-04T20:27:10.400-07:00", "status": "ok", "reasons": ["current_change"]}
POWER_MONITOR_RECORD {"timestamp_pacific": "2026-08-04T20:27:11.403-07:00", "status": "ok", "reasons": ["current_change"]}
POWER_MONITOR_RECORD {"timestamp_pacific": "2026-08-04T20:27:12.406-07:00", "status": "ok", "reasons": ["current_change"]}
POWER_MONITOR_RECORD {"timestamp_pacific": "2026-08-04T20:27:15.423-07:00", "status": "ok", "reasons": ["current_change"]}
POWER_MONITOR_RECORD {"timestamp_pacific": "2026-08-04T20:27:16.433-07:00", "status": "ok", "reasons": ["current_change"]}
POWER_MONITOR_RECORD {"timestamp_pacific": "2026-08-04T20:27:21.463-07:00", "status": "ok", "reasons": ["current_change"]}
POWER_MONITOR_RECORD {"timestamp_pacific": "2026-08-04T20:27:22.470-07:00", "status": "ok", "reasons": ["current_change"]}
POWER_MONITOR_RECORD {"timestamp_pacific": "2026-08-04T20:27:24.482-07:00", "status": "ok", "reasons": ["current_change"]}
POWER_MONITOR_RECORD {"timestamp_pacific": "2026-08-04T20:27:25.488-07:00", "status": "ok", "reasons": ["current_change"]}
POWER_MONITOR_RECORD {"timestamp_pacific": "2026-08-04T20:27:27.516-07:00", "status": "ok", "reasons": ["current_change"]}
POWER_MONITOR_RECORD {"timestamp_pacific": "2026-08-04T20:27:29.528-07:00", "status": "ok", "reasons": ["current_change"]}
POWER_MONITOR_RECORD {"timestamp_pacific": "2026-08-04T20:27:30.534-07:00", "status": "ok", "reasons": ["current_change"]}
POWER_MONITOR_RECORD {"timestamp_pacific": "2026-08-04T20:27:31.547-07:00", "status": "ok", "reasons": ["current_change"]}
POWER_MONITOR_RECORD {"timestamp_pacific": "2026-08-04T20:27:33.559-07:00", "status": "ok", "reasons": ["current_change"]}
POWER_MONITOR_RECORD {"timestamp_pacific": "2026-08-04T20:27:34.566-07:00", "status": "ok", "reasons": ["current_change"]}
POWER_MONITOR_RECORD {"timestamp_pacific": "2026-08-04T20:27:36.578-07:00", "status": "ok", "reasons": ["current_change"]}
POWER_MONITOR_RECORD {"timestamp_pacific": "2026-08-04T20:27:37.584-07:00", "status": "ok", "reasons": ["current_change"]}
POWER_MONITOR_RECORD {"timestamp_pacific": "2026-08-04T20:27:38.591-07:00", "status": "ok", "reasons": ["current_change"]}
POWER_MONITOR_RECORD {"timestamp_pacific": "2026-08-04T20:27:39.597-07:00", "status": "ok", "reasons": ["current_change"]}
POWER_MONITOR_RECORD {"timestamp_pacific": "2026-08-04T20:27:40.604-07:00", "status": "ok", "reasons": ["current_change"]}
POWER_MONITOR_RECORD {"timestamp_pacific": "2026-08-04T20:27:41.610-07:00", "status": "ok", "reasons": ["current_change"]}
POWER_MONITOR_RECORD {"timestamp_pacific": "2026-08-04T20:27:43.626-07:00", "status": "ok", "reasons": ["current_change"]}
POWER_MONITOR_RECORD {"timestamp_pacific": "2026-08-04T20:27:44.632-07:00", "status": "ok", "reasons": ["current_change"]}
POWER_MONITOR_RECORD {"timestamp_pacific": "2026-08-04T20:27:46.644-07:00", "status": "ok", "reasons": ["current_change"]}
POWER_MONITOR_RECORD {"timestamp_pacific": "2026-08-04T20:27:50.671-07:00", "status": "ok", "reasons": ["current_change"]}
POWER_MONITOR_RECORD {"timestamp_pacific": "2026-08-04T20:27:51.678-07:00", "status": "ok", "reasons": ["current_change"]}
POWER_MONITOR_RECORD {"timestamp_pacific": "2026-08-04T20:27:52.687-07:00", "status": "ok", "reasons": ["current_change"]}
POWER_MONITOR_RECORD {"timestamp_pacific": "2026-08-04T20:27:55.706-07:00", "status": "ok", "reasons": ["current_change"]}
POWER_MONITOR_RECORD {"timestamp_pacific": "2026-08-04T20:27:57.718-07:00", "status": "ok", "reasons": ["current_change"]}
POWER_MONITOR_RECORD {"timestamp_pacific": "2026-08-04T20:27:58.724-07:00", "status": "ok", "reasons": ["current_change"]}
POWER_MONITOR_RECORD {"timestamp_pacific": "2026-08-04T20:27:59.731-07:00", "status": "ok", "reasons": ["current_change"]}
POWER_MONITOR_RECORD {"timestamp_pacific": "2026-08-04T20:28:00.737-07:00", "status": "ok", "reasons": ["current_change"]}
POWER_MONITOR_RECORD {"timestamp_pacific": "2026-08-04T20:28:01.744-07:00", "status": "ok", "reasons": ["current_change"]}
POWER_MONITOR_RECORD {"timestamp_pacific": "2026-08-04T20:28:02.751-07:00", "status": "ok", "reasons": ["current_change"]}
POWER_MONITOR_RECORD {"timestamp_pacific": "2026-08-04T20:28:03.757-07:00", "status": "ok", "reasons": ["current_change"]}
POWER_MONITOR_RECORD {"timestamp_pacific": "2026-08-04T20:28:05.769-07:00", "status": "ok", "reasons": ["current_change"]}
POWER_MONITOR_RECORD {"timestamp_pacific": "2026-08-04T20:28:08.788-07:00", "status": "ok", "reasons": ["current_change"]}
POWER_MONITOR_RECORD {"timestamp_pacific": "2026-08-04T20:28:09.794-07:00", "status": "ok", "reasons": ["current_change"]}
POWER_MONITOR_RECORD {"timestamp_pacific": "2026-08-04T20:28:10.801-07:00", "status": "ok", "reasons": ["current_change"]}
POWER_MONITOR_RECORD {"timestamp_pacific": "2026-08-04T20:28:14.824-07:00", "status": "ok", "reasons": ["current_change"]}
POWER_MONITOR_RECORD {"timestamp_pacific": "2026-08-04T20:28:15.834-07:00", "status": "ok", "reasons": ["current_change"]}
POWER_MONITOR_RECORD {"timestamp_pacific": "2026-08-04T20:28:16.840-07:00", "status": "ok", "reasons": ["current_change"]}
POWER_MONITOR_RECORD {"timestamp_pacific": "2026-08-04T20:28:17.847-07:00", "status": "ok", "reasons": ["current_change"]}
POWER_MONITOR_RECORD {"timestamp_pacific": "2026-08-04T20:28:18.854-07:00", "status": "ok", "reasons": ["current_change"]}
POWER_MONITOR_RECORD {"timestamp_pacific": "2026-08-04T20:28:19.860-07:00", "status": "ok", "reasons": ["current_change"]}
POWER_MONITOR_RECORD {"timestamp_pacific": "2026-08-04T20:28:20.870-07:00", "status": "ok", "reasons": ["current_change"]}
POWER_MONITOR_RECORD {"timestamp_pacific": "2026-08-04T20:28:31.934-07:00", "status": "ok", "reasons": ["current_change"]}
POWER_MONITOR_RECORD {"timestamp_pacific": "2026-08-04T20:28:33.947-07:00", "status": "ok", "reasons": ["current_change"]}
POWER_MONITOR_RECORD {"timestamp_pacific": "2026-08-04T20:28:34.953-07:00", "status": "ok", "reasons": ["current_change"]}
POWER_MONITOR_RECORD {"timestamp_pacific": "2026-08-04T20:28:35.960-07:00", "status": "ok", "reasons": ["current_change"]}
POWER_MONITOR_RECORD {"timestamp_pacific": "2026-08-04T20:28:36.966-07:00", "status": "ok", "reasons": ["current_change"]}
POWER_MONITOR_RECORD {"timestamp_pacific": "2026-08-04T20:28:39.987-07:00", "status": "ok", "reasons": ["current_change"]}
POWER_MONITOR_RECORD {"timestamp_pacific": "2026-08-04T20:28:40.994-07:00", "status": "ok", "reasons": ["current_change"]}
POWER_MONITOR_RECORD {"timestamp_pacific": "2026-08-04T20:28:43.006-07:00", "status": "ok", "reasons": ["current_change"]}
POWER_MONITOR_RECORD {"timestamp_pacific": "2026-08-04T20:28:44.013-07:00", "status": "ok", "reasons": ["current_change"]}
POWER_MONITOR_RECORD {"timestamp_pacific": "2026-08-04T20:28:45.019-07:00", "status": "ok", "reasons": ["current_change"]}
POWER_MONITOR_RECORD {"timestamp_pacific": "2026-08-04T20:28:49.043-07:00", "status": "ok", "reasons": ["current_change"]}
POWER_MONITOR_RECORD {"timestamp_pacific": "2026-08-04T20:28:50.050-07:00", "status": "ok", "reasons": ["current_change"]}
POWER_MONITOR_RECORD {"timestamp_pacific": "2026-08-04T20:28:52.062-07:00", "status": "ok", "reasons": ["current_change"]}
POWER_MONITOR_RECORD {"timestamp_pacific": "2026-08-04T20:28:53.069-07:00", "status": "ok", "reasons": ["current_change"]}
POWER_MONITOR_RECORD {"timestamp_pacific": "2026-08-04T20:28:54.075-07:00", "status": "ok", "reasons": ["current_change"]}
POWER_MONITOR_RECORD {"timestamp_pacific": "2026-08-04T20:28:55.085-07:00", "status": "ok", "reasons": ["current_change"]}
POWER_MONITOR_RECORD {"timestamp_pacific": "2026-08-04T20:28:58.103-07:00", "status": "ok", "reasons": ["current_change"]}
POWER_MONITOR_RECORD {"timestamp_pacific": "2026-08-04T20:29:01.120-07:00", "status": "ok", "reasons": ["current_change"]}
POWER_MONITOR_RECORD {"timestamp_pacific": "2026-08-04T20:29:09.160-07:00", "status": "ok", "reasons": ["current_change"]}
POWER_MONITOR_RECORD {"timestamp_pacific": "2026-08-04T20:29:10.163-07:00", "status": "ok", "reasons": ["current_change"]}
POWER_MONITOR_RECORD {"timestamp_pacific": "2026-08-04T20:29:11.166-07:00", "status": "ok", "reasons": ["current_change"]}
POWER_MONITOR_RECORD {"timestamp_pacific": "2026-08-04T20:29:14.180-07:00", "status": "ok", "reasons": ["current_change"]}
POWER_MONITOR_RECORD {"timestamp_pacific": "2026-08-04T20:29:20.216-07:00", "status": "ok", "reasons": ["current_change"]}
POWER_MONITOR_RECORD {"timestamp_pacific": "2026-08-04T20:29:24.240-07:00", "status": "ok", "reasons": ["current_change"]}
POWER_MONITOR_RECORD {"timestamp_pacific": "2026-08-04T20:29:29.269-07:00", "status": "ok", "reasons": ["current_change"]}
POWER_MONITOR_RECORD {"timestamp_pacific": "2026-08-04T20:29:31.282-07:00", "status": "ok", "reasons": ["current_change"]}
POWER_MONITOR_RECORD {"timestamp_pacific": "2026-08-04T20:29:32.288-07:00", "status": "ok", "reasons": ["current_change"]}
POWER_MONITOR_RECORD {"timestamp_pacific": "2026-08-04T20:29:33.295-07:00", "status": "ok", "reasons": ["current_change"]}
POWER_MONITOR_RECORD {"timestamp_pacific": "2026-08-04T20:29:34.301-07:00", "status": "ok", "reasons": ["current_change"]}
POWER_MONITOR_RECORD {"timestamp_pacific": "2026-08-04T20:29:35.311-07:00", "status": "ok", "reasons": ["current_change"]}
POWER_MONITOR_RECORD {"timestamp_pacific": "2026-08-04T20:29:37.323-07:00", "status": "ok", "reasons": ["current_change"]}
POWER_MONITOR_RECORD {"timestamp_pacific": "2026-08-04T20:29:38.330-07:00", "status": "ok", "reasons": ["current_change"]}
POWER_MONITOR_RECORD {"timestamp_pacific": "2026-08-04T20:29:40.342-07:00", "status": "ok", "reasons": ["current_change"]}
POWER_MONITOR_RECORD {"timestamp_pacific": "2026-08-04T20:29:41.348-07:00", "status": "ok", "reasons": ["current_change"]}
POWER_MONITOR_RECORD {"timestamp_pacific": "2026-08-04T20:29:43.361-07:00", "status": "ok", "reasons": ["current_change"]}
POWER_MONITOR_RECORD {"timestamp_pacific": "2026-08-04T20:29:44.367-07:00", "status": "ok", "reasons": ["current_change"]}
POWER_MONITOR_RECORD {"timestamp_pacific": "2026-08-04T20:29:45.374-07:00", "status": "ok", "reasons": ["current_change"]}
POWER_MONITOR_RECORD {"timestamp_pacific": "2026-08-04T20:29:46.380-07:00", "status": "ok", "reasons": ["current_change"]}
POWER_MONITOR_RECORD {"timestamp_pacific": "2026-08-04T20:29:47.387-07:00", "status": "ok", "reasons": ["current_change"]}
POWER_MONITOR_RECORD {"timestamp_pacific": "2026-08-04T20:29:48.393-07:00", "status": "ok", "reasons": ["current_change"]}
POWER_MONITOR_RECORD {"timestamp_pacific": "2026-08-04T20:29:51.411-07:00", "status": "ok", "reasons": ["current_change"]}
POWER_MONITOR_RECORD {"timestamp_pacific": "2026-08-04T20:29:53.424-07:00", "status": "ok", "reasons": ["current_change"]}
POWER_MONITOR_RECORD {"timestamp_pacific": "2026-08-04T20:29:57.448-07:00", "status": "ok", "reasons": ["current_change"]}
POWER_MONITOR_RECORD {"timestamp_pacific": "2026-08-04T20:29:59.460-07:00", "status": "ok", "reasons": ["current_change"]}
POWER_MONITOR_RECORD {"timestamp_pacific": "2026-08-04T20:30:01.472-07:00", "status": "ok", "reasons": ["current_change"]}
POWER_MONITOR_RECORD {"timestamp_pacific": "2026-08-04T20:30:06.502-07:00", "status": "ok", "reasons": ["current_change"]}
POWER_MONITOR_RECORD {"timestamp_pacific": "2026-08-04T20:30:07.509-07:00", "status": "ok", "reasons": ["current_change"]}
POWER_MONITOR_RECORD {"timestamp_pacific": "2026-08-04T20:30:08.515-07:00", "status": "ok", "reasons": ["current_change"]}
POWER_MONITOR_RECORD {"timestamp_pacific": "2026-08-04T20:30:09.521-07:00", "status": "ok", "reasons": ["current_change"]}
POWER_MONITOR_RECORD {"timestamp_pacific": "2026-08-04T20:30:10.528-07:00", "status": "ok", "reasons": ["current_change"]}
POWER_MONITOR_RECORD {"timestamp_pacific": "2026-08-04T20:30:11.534-07:00", "status": "ok", "reasons": ["current_change"]}
POWER_MONITOR_RECORD {"timestamp_pacific": "2026-08-04T20:30:12.544-07:00", "status": "ok", "reasons": ["current_change"]}
POWER_MONITOR_RECORD {"timestamp_pacific": "2026-08-04T20:30:21.597-07:00", "status": "ok", "reasons": ["current_change"]}
POWER_MONITOR_RECORD {"timestamp_pacific": "2026-08-04T20:30:22.603-07:00", "status": "ok", "reasons": ["current_change"]}
POWER_MONITOR_RECORD {"timestamp_pacific": "2026-08-04T20:30:26.627-07:00", "status": "ok", "reasons": ["current_change"]}
POWER_MONITOR_RECORD {"timestamp_pacific": "2026-08-04T20:30:27.634-07:00", "status": "ok", "reasons": ["current_change"]}
POWER_MONITOR_RECORD {"timestamp_pacific": "2026-08-04T20:30:28.640-07:00", "status": "ok", "reasons": ["current_change"]}
POWER_MONITOR_RECORD {"timestamp_pacific": "2026-08-04T20:30:31.658-07:00", "status": "ok", "reasons": ["current_change"]}
POWER_MONITOR_RECORD {"timestamp_pacific": "2026-08-04T20:30:33.673-07:00", "status": "ok", "reasons": ["current_change"]}
POWER_MONITOR_RECORD {"timestamp_pacific": "2026-08-04T20:30:34.680-07:00", "status": "ok", "reasons": ["current_change"]}
POWER_MONITOR_RECORD {"timestamp_pacific": "2026-08-04T20:30:36.692-07:00", "status": "ok", "reasons": ["current_change"]}
POWER_MONITOR_RECORD {"timestamp_pacific": "2026-08-04T20:30:37.702-07:00", "status": "ok", "reasons": ["current_change"]}
POWER_MONITOR_RECORD {"timestamp_pacific": "2026-08-04T20:30:39.714-07:00", "status": "ok", "reasons": ["current_change"]}
POWER_MONITOR_RECORD {"timestamp_pacific": "2026-08-04T20:30:41.726-07:00", "status": "ok", "reasons": ["current_change"]}
POWER_MONITOR_RECORD {"timestamp_pacific": "2026-08-04T20:30:44.747-07:00", "status": "ok", "reasons": ["current_change"]}
POWER_MONITOR_RECORD {"timestamp_pacific": "2026-08-04T20:30:50.782-07:00", "status": "ok", "reasons": ["current_change"]}
POWER_MONITOR_RECORD {"timestamp_pacific": "2026-08-04T20:30:52.795-07:00", "status": "ok", "reasons": ["current_change"]}
POWER_MONITOR_RECORD {"timestamp_pacific": "2026-08-04T20:30:53.801-07:00", "status": "ok", "reasons": ["current_change"]}
POWER_MONITOR_RECORD {"timestamp_pacific": "2026-08-04T20:30:54.808-07:00", "status": "ok", "reasons": ["current_change"]}
POWER_MONITOR_RECORD {"timestamp_pacific": "2026-08-04T20:30:56.820-07:00", "status": "ok", "reasons": ["current_change"]}
POWER_MONITOR_RECORD {"timestamp_pacific": "2026-08-04T20:30:57.829-07:00", "status": "ok", "reasons": ["current_change"]}
POWER_MONITOR_RECORD {"timestamp_pacific": "2026-08-04T20:31:06.882-07:00", "status": "ok", "reasons": ["current_change"]}
POWER_MONITOR_RECORD {"timestamp_pacific": "2026-08-04T20:31:09.900-07:00", "status": "ok", "reasons": ["current_change"]}
POWER_MONITOR_RECORD {"timestamp_pacific": "2026-08-04T20:31:10.907-07:00", "status": "ok", "reasons": ["current_change"]}
POWER_MONITOR_RECORD {"timestamp_pacific": "2026-08-04T20:31:11.913-07:00", "status": "ok", "reasons": ["current_change"]}
POWER_MONITOR_RECORD {"timestamp_pacific": "2026-08-04T20:31:12.923-07:00", "status": "ok", "reasons": ["current_change"]}
POWER_MONITOR_RECORD {"timestamp_pacific": "2026-08-04T20:31:16.947-07:00", "status": "ok", "reasons": ["current_change"]}
POWER_MONITOR_RECORD {"timestamp_pacific": "2026-08-04T20:31:19.968-07:00", "status": "ok", "reasons": ["current_change"]}
POWER_MONITOR_RECORD {"timestamp_pacific": "2026-08-04T20:31:20.975-07:00", "status": "ok", "reasons": ["current_change"]}
POWER_MONITOR_RECORD {"timestamp_pacific": "2026-08-04T20:31:26.005-07:00", "status": "ok", "reasons": ["current_change"]}
POWER_MONITOR_RECORD {"timestamp_pacific": "2026-08-04T20:31:27.011-07:00", "status": "ok", "reasons": ["current_change"]}
POWER_MONITOR_RECORD {"timestamp_pacific": "2026-08-04T20:31:28.018-07:00", "status": "ok", "reasons": ["current_change"]}
POWER_MONITOR_RECORD {"timestamp_pacific": "2026-08-04T20:31:32.041-07:00", "status": "ok", "reasons": ["current_change"]}
POWER_MONITOR_RECORD {"timestamp_pacific": "2026-08-04T20:31:34.054-07:00", "status": "ok", "reasons": ["current_change"]}
POWER_MONITOR_RECORD {"timestamp_pacific": "2026-08-04T20:31:35.060-07:00", "status": "ok", "reasons": ["current_change"]}
POWER_MONITOR_RECORD {"timestamp_pacific": "2026-08-04T20:31:37.072-07:00", "status": "ok", "reasons": ["current_change"]}
POWER_MONITOR_RECORD {"timestamp_pacific": "2026-08-04T20:31:38.082-07:00", "status": "ok", "reasons": ["current_change"]}
POWER_MONITOR_RECORD {"timestamp_pacific": "2026-08-04T20:31:42.106-07:00", "status": "ok", "reasons": ["current_change"]}
POWER_MONITOR_RECORD {"timestamp_pacific": "2026-08-04T20:31:48.144-07:00", "status": "ok", "reasons": ["current_change"]}
POWER_MONITOR_RECORD {"timestamp_pacific": "2026-08-04T20:31:49.150-07:00", "status": "ok", "reasons": ["current_change"]}
POWER_MONITOR_RECORD {"timestamp_pacific": "2026-08-04T20:31:51.162-07:00", "status": "ok", "reasons": ["current_change"]}
POWER_MONITOR_RECORD {"timestamp_pacific": "2026-08-04T20:31:52.169-07:00", "status": "ok", "reasons": ["current_change"]}
POWER_MONITOR_RECORD {"timestamp_pacific": "2026-08-04T20:31:54.181-07:00", "status": "ok", "reasons": ["current_change"]}
POWER_MONITOR_RECORD {"timestamp_pacific": "2026-08-04T20:31:55.188-07:00", "status": "ok", "reasons": ["current_change"]}
POWER_MONITOR_RECORD {"timestamp_pacific": "2026-08-04T20:31:56.194-07:00", "status": "ok", "reasons": ["current_change"]}
POWER_MONITOR_RECORD {"timestamp_pacific": "2026-08-04T20:32:01.224-07:00", "status": "ok", "reasons": ["current_change"]}
POWER_MONITOR_RECORD {"timestamp_pacific": "2026-08-04T20:32:02.230-07:00", "status": "ok", "reasons": ["current_change"]}
POWER_MONITOR_RECORD {"timestamp_pacific": "2026-08-04T20:32:06.254-07:00", "status": "ok", "reasons": ["current_change"]}
POWER_MONITOR_RECORD {"timestamp_pacific": "2026-08-04T20:32:07.261-07:00", "status": "ok", "reasons": ["current_change"]}
POWER_MONITOR_RECORD {"timestamp_pacific": "2026-08-04T20:32:08.264-07:00", "status": "ok", "reasons": ["current_change"]}
POWER_MONITOR_RECORD {"timestamp_pacific": "2026-08-04T20:32:12.273-07:00", "status": "ok", "reasons": ["current_change"]}
POWER_MONITOR_RECORD {"timestamp_pacific": "2026-08-04T20:32:14.285-07:00", "status": "ok", "reasons": ["current_change"]}
POWER_MONITOR_RECORD {"timestamp_pacific": "2026-08-04T20:32:18.309-07:00", "status": "ok", "reasons": ["current_change"]}
POWER_MONITOR_RECORD {"timestamp_pacific": "2026-08-04T20:32:19.316-07:00", "status": "ok", "reasons": ["current_change"]}
POWER_MONITOR_RECORD {"timestamp_pacific": "2026-08-04T20:32:20.322-07:00", "status": "ok", "reasons": ["current_change"]}
POWER_MONITOR_RECORD {"timestamp_pacific": "2026-08-04T20:32:25.352-07:00", "status": "ok", "reasons": ["current_change"]}
POWER_MONITOR_RECORD {"timestamp_pacific": "2026-08-04T20:32:26.358-07:00", "status": "ok", "reasons": ["current_change"]}
POWER_MONITOR_RECORD {"timestamp_pacific": "2026-08-04T20:32:27.364-07:00", "status": "ok", "reasons": ["current_change"]}
POWER_MONITOR_RECORD {"timestamp_pacific": "2026-08-04T20:32:29.377-07:00", "status": "ok", "reasons": ["current_change"]}
POWER_MONITOR_RECORD {"timestamp_pacific": "2026-08-04T20:32:33.400-07:00", "status": "ok", "reasons": ["current_change"]}
POWER_MONITOR_RECORD {"timestamp_pacific": "2026-08-04T20:32:36.418-07:00", "status": "ok", "reasons": ["current_change"]}
POWER_MONITOR_RECORD {"timestamp_pacific": "2026-08-04T20:32:37.425-07:00", "status": "ok", "reasons": ["current_change"]}
POWER_MONITOR_RECORD {"timestamp_pacific": "2026-08-04T20:32:40.443-07:00", "status": "ok", "reasons": ["current_change"]}
POWER_MONITOR_RECORD {"timestamp_pacific": "2026-08-04T20:32:45.473-07:00", "status": "ok", "reasons": ["current_change"]}
POWER_MONITOR_RECORD {"timestamp_pacific": "2026-08-04T20:32:48.492-07:00", "status": "ok", "reasons": ["current_change"]}
POWER_MONITOR_RECORD {"timestamp_pacific": "2026-08-04T20:32:50.506-07:00", "status": "ok", "reasons": ["current_change"]}
POWER_MONITOR_RECORD {"timestamp_pacific": "2026-08-04T20:32:51.512-07:00", "status": "ok", "reasons": ["current_change"]}
POWER_MONITOR_RECORD {"timestamp_pacific": "2026-08-04T20:32:52.519-07:00", "status": "ok", "reasons": ["current_change"]}
POWER_MONITOR_RECORD {"timestamp_pacific": "2026-08-04T20:32:55.540-07:00", "status": "ok", "reasons": ["current_change"]}
POWER_MONITOR_RECORD {"timestamp_pacific": "2026-08-04T20:32:57.552-07:00", "status": "ok", "reasons": ["current_change"]}
POWER_MONITOR_RECORD {"timestamp_pacific": "2026-08-04T20:32:58.559-07:00", "status": "ok", "reasons": ["current_change"]}
POWER_MONITOR_RECORD {"timestamp_pacific": "2026-08-04T20:32:59.565-07:00", "status": "ok", "reasons": ["current_change"]}
POWER_MONITOR_RECORD {"timestamp_pacific": "2026-08-04T20:33:01.577-07:00", "status": "ok", "reasons": ["current_change"]}
POWER_MONITOR_RECORD {"timestamp_pacific": "2026-08-04T20:33:02.584-07:00", "status": "ok", "reasons": ["current_change"]}
POWER_MONITOR_RECORD {"timestamp_pacific": "2026-08-04T20:33:05.602-07:00", "status": "ok", "reasons": ["current_change"]}
POWER_MONITOR_RECORD {"timestamp_pacific": "2026-08-04T20:33:06.610-07:00", "status": "ok", "reasons": ["current_change"]}
POWER_MONITOR_RECORD {"timestamp_pacific": "2026-08-04T20:33:07.616-07:00", "status": "ok", "reasons": ["current_change"]}
POWER_MONITOR_RECORD {"timestamp_pacific": "2026-08-04T20:33:09.629-07:00", "status": "ok", "reasons": ["current_change"]}
POWER_MONITOR_RECORD {"timestamp_pacific": "2026-08-04T20:33:10.635-07:00", "status": "ok", "reasons": ["current_change"]}
POWER_MONITOR_RECORD {"timestamp_pacific": "2026-08-04T20:33:13.654-07:00", "status": "ok", "reasons": ["current_change"]}
POWER_MONITOR_RECORD {"timestamp_pacific": "2026-08-04T20:33:14.660-07:00", "status": "ok", "reasons": ["current_change"]}
POWER_MONITOR_RECORD {"timestamp_pacific": "2026-08-04T20:33:25.728-07:00", "status": "ok", "reasons": ["current_change"]}
POWER_MONITOR_RECORD {"timestamp_pacific": "2026-08-04T20:33:26.734-07:00", "status": "ok", "reasons": ["current_change"]}
POWER_MONITOR_RECORD {"timestamp_pacific": "2026-08-04T20:33:29.752-07:00", "status": "ok", "reasons": ["current_change"]}
POWER_MONITOR_RECORD {"timestamp_pacific": "2026-08-04T20:33:30.761-07:00", "status": "ok", "reasons": ["current_change"]}
POWER_MONITOR_RECORD {"timestamp_pacific": "2026-08-04T20:33:31.767-07:00", "status": "ok", "reasons": ["current_change", "power_change"]}
POWER_MONITOR_RECORD {"timestamp_pacific": "2026-08-04T20:33:37.803-07:00", "status": "ok", "reasons": ["current_change"]}
POWER_MONITOR_RECORD {"timestamp_pacific": "2026-08-04T20:33:38.809-07:00", "status": "ok", "reasons": ["current_change"]}
POWER_MONITOR_RECORD {"timestamp_pacific": "2026-08-04T20:33:39.816-07:00", "status": "ok", "reasons": ["current_change"]}
POWER_MONITOR_RECORD {"timestamp_pacific": "2026-08-04T20:33:41.828-07:00", "status": "ok", "reasons": ["current_change"]}
POWER_MONITOR_RECORD {"timestamp_pacific": "2026-08-04T20:33:44.846-07:00", "status": "ok", "reasons": ["current_change"]}
POWER_MONITOR_RECORD {"timestamp_pacific": "2026-08-04T20:33:45.853-07:00", "status": "ok", "reasons": ["current_change"]}
POWER_MONITOR_RECORD {"timestamp_pacific": "2026-08-04T20:33:47.865-07:00", "status": "ok", "reasons": ["current_change"]}
POWER_MONITOR_RECORD {"timestamp_pacific": "2026-08-04T20:33:49.879-07:00", "status": "ok", "reasons": ["current_change"]}
POWER_MONITOR_RECORD {"timestamp_pacific": "2026-08-04T20:33:51.891-07:00", "status": "ok", "reasons": ["current_change"]}
POWER_MONITOR_RECORD {"timestamp_pacific": "2026-08-04T20:33:54.912-07:00", "status": "ok", "reasons": ["current_change"]}
POWER_MONITOR_RECORD {"timestamp_pacific": "2026-08-04T20:33:56.924-07:00", "status": "ok", "reasons": ["current_change"]}
POWER_MONITOR_RECORD {"timestamp_pacific": "2026-08-04T20:33:59.943-07:00", "status": "ok", "reasons": ["current_change"]}
POWER_MONITOR_RECORD {"timestamp_pacific": "2026-08-04T20:34:01.956-07:00", "status": "ok", "reasons": ["current_change"]}
POWER_MONITOR_RECORD {"timestamp_pacific": "2026-08-04T20:34:03.968-07:00", "status": "ok", "reasons": ["current_change"]}
POWER_MONITOR_RECORD {"timestamp_pacific": "2026-08-04T20:34:06.986-07:00", "status": "ok", "reasons": ["current_change"]}
POWER_MONITOR_RECORD {"timestamp_pacific": "2026-08-04T20:34:08.995-07:00", "status": "ok", "reasons": ["current_change"]}
POWER_MONITOR_RECORD {"timestamp_pacific": "2026-08-04T20:34:09.998-07:00", "status": "ok", "reasons": ["current_change"]}
POWER_MONITOR_RECORD {"timestamp_pacific": "2026-08-04T20:34:12.005-07:00", "status": "ok", "reasons": ["current_change"]}
POWER_MONITOR_RECORD {"timestamp_pacific": "2026-08-04T20:34:14.013-07:00", "status": "ok", "reasons": ["current_change"]}
POWER_MONITOR_RECORD {"timestamp_pacific": "2026-08-04T20:34:16.026-07:00", "status": "ok", "reasons": ["current_change"]}
POWER_MONITOR_RECORD {"timestamp_pacific": "2026-08-04T20:34:19.044-07:00", "status": "ok", "reasons": ["current_change"]}
POWER_MONITOR_RECORD {"timestamp_pacific": "2026-08-04T20:34:21.056-07:00", "status": "ok", "reasons": ["current_change"]}
POWER_MONITOR_RECORD {"timestamp_pacific": "2026-08-04T20:34:25.080-07:00", "status": "ok", "reasons": ["current_change"]}
POWER_MONITOR_RECORD {"timestamp_pacific": "2026-08-04T20:34:35.139-07:00", "status": "ok", "reasons": ["current_change"]}
POWER_MONITOR_RECORD {"timestamp_pacific": "2026-08-04T20:34:48.215-07:00", "status": "ok", "reasons": ["current_change", "heater_off"]}
POWER_MONITOR_RECORD {"timestamp_pacific": "2026-08-04T20:35:48.564-07:00", "status": "ok", "reasons": ["heartbeat"]}
POWER_MONITOR_RECORD {"timestamp_pacific": "2026-08-04T20:36:48.894-07:00", "status": "ok", "reasons": ["heartbeat"]}
POWER_MONITOR_RECORD {"timestamp_pacific": "2026-08-04T20:37:49.223-07:00", "status": "ok", "reasons": ["heartbeat"]}
POWER_MONITOR_RECORD {"timestamp_pacific": "2026-08-04T20:38:49.571-07:00", "status": "ok", "reasons": ["heartbeat"]}
POWER_MONITOR_RECORD {"timestamp_pacific": "2026-08-04T20:39:49.902-07:00", "status": "ok", "reasons": ["heartbeat"]}
POWER_MONITOR_RECORD {"timestamp_pacific": "2026-08-04T20:40:50.251-07:00", "status": "ok", "reasons": ["heartbeat"]}
POWER_MONITOR_RECORD {"timestamp_pacific": "2026-08-04T20:41:50.599-07:00", "status": "ok", "reasons": ["heartbeat"]}
POWER_MONITOR_RECORD {"timestamp_pacific": "2026-08-04T20:42:50.930-07:00", "status": "ok", "reasons": ["heartbeat"]}
POWER_MONITOR_RECORD {"timestamp_pacific": "2026-08-04T20:43:51.279-07:00", "status": "ok", "reasons": ["heartbeat"]}
POWER_MONITOR_RECORD {"timestamp_pacific": "2026-08-04T20:44:51.610-07:00", "status": "ok", "reasons": ["heartbeat"]}
POWER_MONITOR_RECORD {"timestamp_pacific": "2026-08-04T20:45:51.942-07:00", "status": "ok", "reasons": ["heartbeat"]}
POWER_MONITOR_RECORD {"timestamp_pacific": "2026-08-04T20:46:52.292-07:00", "status": "ok", "reasons": ["heartbeat"]}
POWER_MONITOR_RECORD {"timestamp_pacific": "2026-08-04T20:47:52.624-07:00", "status": "ok", "reasons": ["heartbeat"]}
POWER_MONITOR_RECORD {"timestamp_pacific": "2026-08-04T20:48:52.955-07:00", "status": "ok", "reasons": ["heartbeat"]}
POWER_MONITOR_RECORD {"timestamp_pacific": "2026-08-04T20:49:53.301-07:00", "status": "ok", "reasons": ["heartbeat"]}
POWER_MONITOR_RECORD {"timestamp_pacific": "2026-08-04T20:50:53.632-07:00", "status": "ok", "reasons": ["heartbeat"]}
POWER_MONITOR_RECORD {"timestamp_pacific": "2026-08-04T20:51:53.980-07:00", "status": "ok", "reasons": ["heartbeat"]}
POWER_MONITOR_RECORD {"timestamp_pacific": "2026-08-04T20:52:54.319-07:00", "status": "ok", "reasons": ["heartbeat"]}
POWER_MONITOR_RECORD {"timestamp_pacific": "2026-08-04T20:52:55.326-07:00", "status": "ok", "reasons": ["voltage_change"]}
POWER_MONITOR_RECORD {"timestamp_pacific": "2026-08-04T20:52:56.332-07:00", "status": "ok", "reasons": ["voltage_change"]}
POWER_MONITOR_RECORD {"timestamp_pacific": "2026-08-04T20:53:56.665-07:00", "status": "ok", "reasons": ["heartbeat"]}
POWER_MONITOR_RECORD {"timestamp_pacific": "2026-08-04T20:54:57.014-07:00", "status": "ok", "reasons": ["heartbeat"]}
POWER_MONITOR_RECORD {"timestamp_pacific": "2026-08-04T20:55:57.348-07:00", "status": "ok", "reasons": ["heartbeat"]}
POWER_MONITOR_RECORD {"timestamp_pacific": "2026-08-04T20:56:57.679-07:00", "status": "ok", "reasons": ["heartbeat"]}
POWER_MONITOR_RECORD {"timestamp_pacific": "2026-08-04T20:57:58.028-07:00", "status": "ok", "reasons": ["heartbeat"]}
POWER_MONITOR_RECORD {"timestamp_pacific": "2026-08-04T20:58:58.359-07:00", "status": "ok", "reasons": ["heartbeat"]}
POWER_MONITOR_RECORD {"timestamp_pacific": "2026-08-04T20:59:58.709-07:00", "status": "ok", "reasons": ["heartbeat"]}
POWER_MONITOR_RECORD {"timestamp_pacific": "2026-08-04T21:00:25.850-07:00", "status": "ok", "reasons": ["current_change", "heater_on"]}
POWER_MONITOR_RECORD {"timestamp_pacific": "2026-08-04T21:00:26.859-07:00", "status": "ok", "reasons": ["current_change", "heater_off"]}
POWER_MONITOR_RECORD {"timestamp_pacific": "2026-08-04T21:00:27.865-07:00", "status": "ok", "reasons": ["current_change", "heater_on"]}
POWER_MONITOR_RECORD {"timestamp_pacific": "2026-08-04T21:00:29.878-07:00", "status": "ok", "reasons": ["current_change"]}
POWER_MONITOR_RECORD {"timestamp_pacific": "2026-08-04T21:00:30.884-07:00", "status": "ok", "reasons": ["current_change"]}
POWER_MONITOR_RECORD {"timestamp_pacific": "2026-08-04T21:00:31.891-07:00", "status": "ok", "reasons": ["current_change"]}
POWER_MONITOR_RECORD {"timestamp_pacific": "2026-08-04T21:00:35.915-07:00", "status": "ok", "reasons": ["current_change"]}
POWER_MONITOR_RECORD {"timestamp_pacific": "2026-08-04T21:00:36.923-07:00", "status": "ok", "reasons": ["current_change"]}
POWER_MONITOR_RECORD {"timestamp_pacific": "2026-08-04T21:00:39.942-07:00", "status": "ok", "reasons": ["current_change"]}
POWER_MONITOR_RECORD {"timestamp_pacific": "2026-08-04T21:00:40.950-07:00", "status": "ok", "reasons": ["current_change"]}
POWER_MONITOR_RECORD {"timestamp_pacific": "2026-08-04T21:00:41.956-07:00", "status": "ok", "reasons": ["current_change"]}
POWER_MONITOR_RECORD {"timestamp_pacific": "2026-08-04T21:00:45.980-07:00", "status": "ok", "reasons": ["current_change"]}
POWER_MONITOR_RECORD {"timestamp_pacific": "2026-08-04T21:00:46.988-07:00", "status": "ok", "reasons": ["current_change"]}
POWER_MONITOR_RECORD {"timestamp_pacific": "2026-08-04T21:00:50.006-07:00", "status": "ok", "reasons": ["current_change"]}
POWER_MONITOR_RECORD {"timestamp_pacific": "2026-08-04T21:00:53.024-07:00", "status": "ok", "reasons": ["current_change"]}
POWER_MONITOR_RECORD {"timestamp_pacific": "2026-08-04T21:00:56.042-07:00", "status": "ok", "reasons": ["current_change"]}
POWER_MONITOR_RECORD {"timestamp_pacific": "2026-08-04T21:00:59.057-07:00", "status": "ok", "reasons": ["current_change"]}
POWER_MONITOR_RECORD {"timestamp_pacific": "2026-08-04T21:01:00.059-07:00", "status": "ok", "reasons": ["current_change"]}
POWER_MONITOR_RECORD {"timestamp_pacific": "2026-08-04T21:01:01.062-07:00", "status": "ok", "reasons": ["current_change"]}
POWER_MONITOR_RECORD {"timestamp_pacific": "2026-08-04T21:01:03.067-07:00", "status": "ok", "reasons": ["current_change"]}
POWER_MONITOR_RECORD {"timestamp_pacific": "2026-08-04T21:01:04.074-07:00", "status": "ok", "reasons": ["current_change"]}
POWER_MONITOR_RECORD {"timestamp_pacific": "2026-08-04T21:01:06.086-07:00", "status": "ok", "reasons": ["current_change", "power_change"]}
POWER_MONITOR_RECORD {"timestamp_pacific": "2026-08-04T21:01:07.093-07:00", "status": "ok", "reasons": ["current_change", "power_change"]}
POWER_MONITOR_RECORD {"timestamp_pacific": "2026-08-04T21:01:08.098-07:00", "status": "ok", "reasons": ["current_change", "power_change"]}
POWER_MONITOR_RECORD {"timestamp_pacific": "2026-08-04T21:01:09.102-07:00", "status": "ok", "reasons": ["current_change"]}
POWER_MONITOR_RECORD {"timestamp_pacific": "2026-08-04T21:01:10.105-07:00", "status": "ok", "reasons": ["current_change", "power_change"]}
POWER_MONITOR_RECORD {"timestamp_pacific": "2026-08-04T21:01:11.107-07:00", "status": "ok", "reasons": ["current_change"]}
POWER_MONITOR_RECORD {"timestamp_pacific": "2026-08-04T21:01:12.110-07:00", "status": "ok", "reasons": ["current_change"]}
POWER_MONITOR_RECORD {"timestamp_pacific": "2026-08-04T21:01:13.113-07:00", "status": "ok", "reasons": ["current_change"]}
POWER_MONITOR_RECORD {"timestamp_pacific": "2026-08-04T21:01:14.119-07:00", "status": "ok", "reasons": ["current_change"]}
POWER_MONITOR_RECORD {"timestamp_pacific": "2026-08-04T21:01:15.126-07:00", "status": "ok", "reasons": ["current_change"]}
POWER_MONITOR_RECORD {"timestamp_pacific": "2026-08-04T21:01:16.132-07:00", "status": "ok", "reasons": ["current_change"]}
POWER_MONITOR_RECORD {"timestamp_pacific": "2026-08-04T21:01:17.139-07:00", "status": "ok", "reasons": ["current_change"]}
POWER_MONITOR_RECORD {"timestamp_pacific": "2026-08-04T21:01:18.147-07:00", "status": "ok", "reasons": ["current_change"]}
POWER_MONITOR_RECORD {"timestamp_pacific": "2026-08-04T21:01:19.153-07:00", "status": "ok", "reasons": ["current_change"]}
POWER_MONITOR_RECORD {"timestamp_pacific": "2026-08-04T21:01:20.160-07:00", "status": "ok", "reasons": ["current_change"]}
POWER_MONITOR_RECORD {"timestamp_pacific": "2026-08-04T21:01:21.166-07:00", "status": "ok", "reasons": ["current_change"]}
POWER_MONITOR_RECORD {"timestamp_pacific": "2026-08-04T21:01:22.173-07:00", "status": "ok", "reasons": ["current_change"]}
POWER_MONITOR_RECORD {"timestamp_pacific": "2026-08-04T21:01:26.199-07:00", "status": "ok", "reasons": ["current_change"]}
POWER_MONITOR_RECORD {"timestamp_pacific": "2026-08-04T21:01:27.205-07:00", "status": "ok", "reasons": ["current_change"]}
POWER_MONITOR_RECORD {"timestamp_pacific": "2026-08-04T21:01:28.213-07:00", "status": "ok", "reasons": ["current_change"]}
POWER_MONITOR_RECORD {"timestamp_pacific": "2026-08-04T21:01:31.231-07:00", "status": "ok", "reasons": ["current_change"]}
POWER_MONITOR_RECORD {"timestamp_pacific": "2026-08-04T21:01:33.244-07:00", "status": "ok", "reasons": ["current_change"]}
POWER_MONITOR_RECORD {"timestamp_pacific": "2026-08-04T21:01:34.250-07:00", "status": "ok", "reasons": ["current_change"]}
POWER_MONITOR_RECORD {"timestamp_pacific": "2026-08-04T21:01:35.256-07:00", "status": "ok", "reasons": ["current_change"]}
POWER_MONITOR_RECORD {"timestamp_pacific": "2026-08-04T21:01:37.269-07:00", "status": "ok", "reasons": ["current_change"]}
POWER_MONITOR_RECORD {"timestamp_pacific": "2026-08-04T21:01:39.281-07:00", "status": "ok", "reasons": ["current_change"]}
POWER_MONITOR_RECORD {"timestamp_pacific": "2026-08-04T21:01:40.288-07:00", "status": "ok", "reasons": ["current_change"]}
POWER_MONITOR_RECORD {"timestamp_pacific": "2026-08-04T21:01:42.300-07:00", "status": "ok", "reasons": ["current_change"]}
POWER_MONITOR_RECORD {"timestamp_pacific": "2026-08-04T21:01:46.324-07:00", "status": "ok", "reasons": ["current_change"]}
POWER_MONITOR_RECORD {"timestamp_pacific": "2026-08-04T21:01:48.336-07:00", "status": "ok", "reasons": ["current_change"]}
POWER_MONITOR_RECORD {"timestamp_pacific": "2026-08-04T21:01:49.343-07:00", "status": "ok", "reasons": ["current_change"]}
POWER_MONITOR_RECORD {"timestamp_pacific": "2026-08-04T21:01:52.361-07:00", "status": "ok", "reasons": ["current_change"]}
POWER_MONITOR_RECORD {"timestamp_pacific": "2026-08-04T21:01:54.373-07:00", "status": "ok", "reasons": ["current_change"]}
POWER_MONITOR_RECORD {"timestamp_pacific": "2026-08-04T21:01:55.380-07:00", "status": "ok", "reasons": ["current_change"]}
POWER_MONITOR_RECORD {"timestamp_pacific": "2026-08-04T21:01:56.386-07:00", "status": "ok", "reasons": ["current_change"]}
POWER_MONITOR_RECORD {"timestamp_pacific": "2026-08-04T21:02:00.410-07:00", "status": "ok", "reasons": ["current_change"]}
POWER_MONITOR_RECORD {"timestamp_pacific": "2026-08-04T21:02:01.417-07:00", "status": "ok", "reasons": ["current_change"]}
POWER_MONITOR_RECORD {"timestamp_pacific": "2026-08-04T21:02:02.423-07:00", "status": "ok", "reasons": ["current_change"]}
POWER_MONITOR_RECORD {"timestamp_pacific": "2026-08-04T21:02:07.453-07:00", "status": "ok", "reasons": ["current_change"]}
POWER_MONITOR_RECORD {"timestamp_pacific": "2026-08-04T21:02:11.477-07:00", "status": "ok", "reasons": ["current_change"]}
POWER_MONITOR_RECORD {"timestamp_pacific": "2026-08-04T21:02:12.483-07:00", "status": "ok", "reasons": ["current_change"]}
POWER_MONITOR_RECORD {"timestamp_pacific": "2026-08-04T21:02:13.492-07:00", "status": "ok", "reasons": ["current_change"]}
POWER_MONITOR_RECORD {"timestamp_pacific": "2026-08-04T21:02:14.498-07:00", "status": "ok", "reasons": ["current_change"]}
POWER_MONITOR_RECORD {"timestamp_pacific": "2026-08-04T21:02:16.510-07:00", "status": "ok", "reasons": ["current_change"]}
POWER_MONITOR_RECORD {"timestamp_pacific": "2026-08-04T21:02:17.517-07:00", "status": "ok", "reasons": ["current_change"]}
POWER_MONITOR_RECORD {"timestamp_pacific": "2026-08-04T21:02:18.524-07:00", "status": "ok", "reasons": ["current_change"]}
POWER_MONITOR_RECORD {"timestamp_pacific": "2026-08-04T21:02:19.530-07:00", "status": "ok", "reasons": ["current_change"]}
POWER_MONITOR_RECORD {"timestamp_pacific": "2026-08-04T21:02:20.537-07:00", "status": "ok", "reasons": ["current_change"]}
POWER_MONITOR_RECORD {"timestamp_pacific": "2026-08-04T21:02:21.543-07:00", "status": "ok", "reasons": ["current_change"]}
POWER_MONITOR_RECORD {"timestamp_pacific": "2026-08-04T21:02:24.561-07:00", "status": "ok", "reasons": ["current_change"]}
POWER_MONITOR_RECORD {"timestamp_pacific": "2026-08-04T21:02:25.568-07:00", "status": "ok", "reasons": ["current_change"]}
POWER_MONITOR_RECORD {"timestamp_pacific": "2026-08-04T21:02:32.609-07:00", "status": "ok", "reasons": ["current_change"]}
POWER_MONITOR_RECORD {"timestamp_pacific": "2026-08-04T21:02:33.615-07:00", "status": "ok", "reasons": ["current_change"]}
POWER_MONITOR_RECORD {"timestamp_pacific": "2026-08-04T21:02:35.628-07:00", "status": "ok", "reasons": ["current_change"]}
POWER_MONITOR_RECORD {"timestamp_pacific": "2026-08-04T21:02:37.640-07:00", "status": "ok", "reasons": ["current_change"]}
POWER_MONITOR_RECORD {"timestamp_pacific": "2026-08-04T21:02:38.647-07:00", "status": "ok", "reasons": ["current_change"]}
POWER_MONITOR_RECORD {"timestamp_pacific": "2026-08-04T21:02:39.654-07:00", "status": "ok", "reasons": ["current_change"]}
POWER_MONITOR_RECORD {"timestamp_pacific": "2026-08-04T21:02:40.660-07:00", "status": "ok", "reasons": ["current_change"]}
POWER_MONITOR_RECORD {"timestamp_pacific": "2026-08-04T21:02:46.696-07:00", "status": "ok", "reasons": ["current_change"]}
POWER_MONITOR_RECORD {"timestamp_pacific": "2026-08-04T21:02:50.720-07:00", "status": "ok", "reasons": ["current_change"]}
POWER_MONITOR_RECORD {"timestamp_pacific": "2026-08-04T21:02:51.726-07:00", "status": "ok", "reasons": ["current_change"]}
POWER_MONITOR_RECORD {"timestamp_pacific": "2026-08-04T21:02:52.734-07:00", "status": "ok", "reasons": ["current_change"]}
POWER_MONITOR_RECORD {"timestamp_pacific": "2026-08-04T21:02:54.746-07:00", "status": "ok", "reasons": ["current_change"]}
POWER_MONITOR_RECORD {"timestamp_pacific": "2026-08-04T21:02:56.758-07:00", "status": "ok", "reasons": ["current_change"]}
POWER_MONITOR_RECORD {"timestamp_pacific": "2026-08-04T21:02:57.767-07:00", "status": "ok", "reasons": ["current_change"]}
POWER_MONITOR_RECORD {"timestamp_pacific": "2026-08-04T21:02:58.773-07:00", "status": "ok", "reasons": ["current_change"]}
POWER_MONITOR_RECORD {"timestamp_pacific": "2026-08-04T21:02:59.780-07:00", "status": "ok", "reasons": ["current_change"]}
POWER_MONITOR_RECORD {"timestamp_pacific": "2026-08-04T21:03:00.786-07:00", "status": "ok", "reasons": ["current_change"]}
POWER_MONITOR_RECORD {"timestamp_pacific": "2026-08-04T21:03:01.793-07:00", "status": "ok", "reasons": ["current_change"]}
POWER_MONITOR_RECORD {"timestamp_pacific": "2026-08-04T21:03:03.806-07:00", "status": "ok", "reasons": ["current_change"]}
POWER_MONITOR_RECORD {"timestamp_pacific": "2026-08-04T21:03:04.812-07:00", "status": "ok", "reasons": ["current_change"]}
POWER_MONITOR_RECORD {"timestamp_pacific": "2026-08-04T21:03:05.819-07:00", "status": "ok", "reasons": ["current_change"]}
POWER_MONITOR_RECORD {"timestamp_pacific": "2026-08-04T21:03:06.825-07:00", "status": "ok", "reasons": ["current_change"]}
POWER_MONITOR_RECORD {"timestamp_pacific": "2026-08-04T21:03:07.833-07:00", "status": "ok", "reasons": ["current_change"]}
POWER_MONITOR_RECORD {"timestamp_pacific": "2026-08-04T21:03:08.836-07:00", "status": "ok", "reasons": ["current_change"]}
POWER_MONITOR_RECORD {"timestamp_pacific": "2026-08-04T21:03:10.841-07:00", "status": "ok", "reasons": ["current_change"]}
POWER_MONITOR_RECORD {"timestamp_pacific": "2026-08-04T21:03:11.843-07:00", "status": "ok", "reasons": ["current_change"]}
POWER_MONITOR_RECORD {"timestamp_pacific": "2026-08-04T21:03:12.847-07:00", "status": "ok", "reasons": ["current_change"]}
POWER_MONITOR_RECORD {"timestamp_pacific": "2026-08-04T21:03:13.854-07:00", "status": "ok", "reasons": ["current_change"]}
POWER_MONITOR_RECORD {"timestamp_pacific": "2026-08-04T21:03:14.860-07:00", "status": "ok", "reasons": ["current_change"]}
POWER_MONITOR_RECORD {"timestamp_pacific": "2026-08-04T21:03:15.867-07:00", "status": "ok", "reasons": ["current_change"]}
POWER_MONITOR_RECORD {"timestamp_pacific": "2026-08-04T21:03:18.885-07:00", "status": "ok", "reasons": ["current_change"]}
POWER_MONITOR_RECORD {"timestamp_pacific": "2026-08-04T21:03:24.921-07:00", "status": "ok", "reasons": ["current_change"]}
POWER_MONITOR_RECORD {"timestamp_pacific": "2026-08-04T21:03:28.945-07:00", "status": "ok", "reasons": ["current_change"]}
POWER_MONITOR_RECORD {"timestamp_pacific": "2026-08-04T21:03:32.969-07:00", "status": "ok", "reasons": ["current_change"]}
POWER_MONITOR_RECORD {"timestamp_pacific": "2026-08-04T21:03:33.976-07:00", "status": "ok", "reasons": ["current_change"]}
POWER_MONITOR_RECORD {"timestamp_pacific": "2026-08-04T21:03:35.988-07:00", "status": "ok", "reasons": ["current_change"]}
POWER_MONITOR_RECORD {"timestamp_pacific": "2026-08-04T21:03:38.000-07:00", "status": "ok", "reasons": ["current_change"]}
POWER_MONITOR_RECORD {"timestamp_pacific": "2026-08-04T21:03:40.014-07:00", "status": "ok", "reasons": ["current_change"]}
POWER_MONITOR_RECORD {"timestamp_pacific": "2026-08-04T21:03:42.027-07:00", "status": "ok", "reasons": ["current_change"]}
POWER_MONITOR_RECORD {"timestamp_pacific": "2026-08-04T21:03:44.039-07:00", "status": "ok", "reasons": ["current_change"]}
POWER_MONITOR_RECORD {"timestamp_pacific": "2026-08-04T21:03:45.046-07:00", "status": "ok", "reasons": ["current_change"]}
POWER_MONITOR_RECORD {"timestamp_pacific": "2026-08-04T21:03:47.058-07:00", "status": "ok", "reasons": ["current_change"]}
POWER_MONITOR_RECORD {"timestamp_pacific": "2026-08-04T21:03:48.064-07:00", "status": "ok", "reasons": ["current_change"]}
POWER_MONITOR_RECORD {"timestamp_pacific": "2026-08-04T21:03:50.077-07:00", "status": "ok", "reasons": ["current_change"]}
POWER_MONITOR_RECORD {"timestamp_pacific": "2026-08-04T21:03:54.101-07:00", "status": "ok", "reasons": ["current_change"]}
POWER_MONITOR_RECORD {"timestamp_pacific": "2026-08-04T21:03:55.107-07:00", "status": "ok", "reasons": ["current_change"]}
POWER_MONITOR_RECORD {"timestamp_pacific": "2026-08-04T21:03:57.122-07:00", "status": "ok", "reasons": ["current_change"]}
POWER_MONITOR_RECORD {"timestamp_pacific": "2026-08-04T21:03:59.134-07:00", "status": "ok", "reasons": ["current_change"]}
POWER_MONITOR_RECORD {"timestamp_pacific": "2026-08-04T21:04:00.141-07:00", "status": "ok", "reasons": ["current_change"]}
POWER_MONITOR_RECORD {"timestamp_pacific": "2026-08-04T21:04:04.165-07:00", "status": "ok", "reasons": ["current_change"]}
POWER_MONITOR_RECORD {"timestamp_pacific": "2026-08-04T21:04:06.178-07:00", "status": "ok", "reasons": ["current_change"]}
POWER_MONITOR_RECORD {"timestamp_pacific": "2026-08-04T21:04:07.184-07:00", "status": "ok", "reasons": ["current_change"]}
POWER_MONITOR_RECORD {"timestamp_pacific": "2026-08-04T21:04:08.187-07:00", "status": "ok", "reasons": ["current_change"]}
POWER_MONITOR_RECORD {"timestamp_pacific": "2026-08-04T21:04:11.195-07:00", "status": "ok", "reasons": ["current_change"]}
POWER_MONITOR_RECORD {"timestamp_pacific": "2026-08-04T21:04:12.197-07:00", "status": "ok", "reasons": ["current_change"]}
POWER_MONITOR_RECORD {"timestamp_pacific": "2026-08-04T21:04:14.209-07:00", "status": "ok", "reasons": ["current_change"]}
POWER_MONITOR_RECORD {"timestamp_pacific": "2026-08-04T21:04:18.234-07:00", "status": "ok", "reasons": ["current_change"]}
POWER_MONITOR_RECORD {"timestamp_pacific": "2026-08-04T21:04:22.258-07:00", "status": "ok", "reasons": ["current_change"]}
POWER_MONITOR_RECORD {"timestamp_pacific": "2026-08-04T21:04:25.276-07:00", "status": "ok", "reasons": ["current_change"]}
POWER_MONITOR_RECORD {"timestamp_pacific": "2026-08-04T21:04:26.282-07:00", "status": "ok", "reasons": ["current_change"]}
POWER_MONITOR_RECORD {"timestamp_pacific": "2026-08-04T21:04:28.295-07:00", "status": "ok", "reasons": ["current_change"]}
POWER_MONITOR_RECORD {"timestamp_pacific": "2026-08-04T21:04:29.301-07:00", "status": "ok", "reasons": ["current_change"]}
POWER_MONITOR_RECORD {"timestamp_pacific": "2026-08-04T21:04:30.308-07:00", "status": "ok", "reasons": ["current_change"]}
POWER_MONITOR_RECORD {"timestamp_pacific": "2026-08-04T21:04:31.314-07:00", "status": "ok", "reasons": ["current_change"]}
POWER_MONITOR_RECORD {"timestamp_pacific": "2026-08-04T21:04:35.340-07:00", "status": "ok", "reasons": ["current_change"]}
POWER_MONITOR_RECORD {"timestamp_pacific": "2026-08-04T21:04:36.346-07:00", "status": "ok", "reasons": ["current_change"]}
POWER_MONITOR_RECORD {"timestamp_pacific": "2026-08-04T21:04:39.364-07:00", "status": "ok", "reasons": ["current_change"]}
POWER_MONITOR_RECORD {"timestamp_pacific": "2026-08-04T21:04:44.394-07:00", "status": "ok", "reasons": ["current_change"]}
POWER_MONITOR_RECORD {"timestamp_pacific": "2026-08-04T21:04:45.400-07:00", "status": "ok", "reasons": ["current_change"]}
POWER_MONITOR_RECORD {"timestamp_pacific": "2026-08-04T21:04:50.430-07:00", "status": "ok", "reasons": ["current_change"]}
POWER_MONITOR_RECORD {"timestamp_pacific": "2026-08-04T21:04:52.442-07:00", "status": "ok", "reasons": ["current_change"]}
POWER_MONITOR_RECORD {"timestamp_pacific": "2026-08-04T21:04:53.449-07:00", "status": "ok", "reasons": ["current_change"]}
POWER_MONITOR_RECORD {"timestamp_pacific": "2026-08-04T21:04:55.461-07:00", "status": "ok", "reasons": ["current_change"]}
POWER_MONITOR_RECORD {"timestamp_pacific": "2026-08-04T21:04:57.473-07:00", "status": "ok", "reasons": ["current_change"]}
POWER_MONITOR_RECORD {"timestamp_pacific": "2026-08-04T21:04:59.486-07:00", "status": "ok", "reasons": ["current_change"]}
POWER_MONITOR_RECORD {"timestamp_pacific": "2026-08-04T21:05:01.498-07:00", "status": "ok", "reasons": ["current_change"]}
POWER_MONITOR_RECORD {"timestamp_pacific": "2026-08-04T21:05:04.516-07:00", "status": "ok", "reasons": ["current_change"]}
POWER_MONITOR_RECORD {"timestamp_pacific": "2026-08-04T21:05:05.523-07:00", "status": "ok", "reasons": ["current_change"]}
POWER_MONITOR_RECORD {"timestamp_pacific": "2026-08-04T21:05:06.529-07:00", "status": "ok", "reasons": ["current_change"]}
POWER_MONITOR_RECORD {"timestamp_pacific": "2026-08-04T21:05:11.560-07:00", "status": "ok", "reasons": ["current_change"]}
POWER_MONITOR_RECORD {"timestamp_pacific": "2026-08-04T21:05:12.569-07:00", "status": "ok", "reasons": ["current_change"]}
POWER_MONITOR_RECORD {"timestamp_pacific": "2026-08-04T21:05:13.575-07:00", "status": "ok", "reasons": ["current_change"]}
POWER_MONITOR_RECORD {"timestamp_pacific": "2026-08-04T21:05:14.582-07:00", "status": "ok", "reasons": ["current_change"]}
POWER_MONITOR_RECORD {"timestamp_pacific": "2026-08-04T21:05:15.588-07:00", "status": "ok", "reasons": ["current_change"]}
POWER_MONITOR_RECORD {"timestamp_pacific": "2026-08-04T21:05:17.601-07:00", "status": "ok", "reasons": ["current_change"]}
POWER_MONITOR_RECORD {"timestamp_pacific": "2026-08-04T21:05:19.613-07:00", "status": "ok", "reasons": ["current_change"]}
POWER_MONITOR_RECORD {"timestamp_pacific": "2026-08-04T21:05:22.631-07:00", "status": "ok", "reasons": ["current_change"]}
POWER_MONITOR_RECORD {"timestamp_pacific": "2026-08-04T21:05:30.689-07:00", "status": "ok", "reasons": ["current_change"]}
POWER_MONITOR_RECORD {"timestamp_pacific": "2026-08-04T21:05:32.702-07:00", "status": "ok", "reasons": ["current_change"]}
POWER_MONITOR_RECORD {"timestamp_pacific": "2026-08-04T21:05:33.708-07:00", "status": "ok", "reasons": ["current_change"]}
POWER_MONITOR_RECORD {"timestamp_pacific": "2026-08-04T21:05:35.720-07:00", "status": "ok", "reasons": ["current_change"]}
POWER_MONITOR_RECORD {"timestamp_pacific": "2026-08-04T21:05:39.746-07:00", "status": "ok", "reasons": ["current_change"]}
POWER_MONITOR_RECORD {"timestamp_pacific": "2026-08-04T21:05:42.764-07:00", "status": "ok", "reasons": ["current_change"]}
POWER_MONITOR_RECORD {"timestamp_pacific": "2026-08-04T21:05:44.776-07:00", "status": "ok", "reasons": ["current_change"]}
POWER_MONITOR_RECORD {"timestamp_pacific": "2026-08-04T21:05:45.782-07:00", "status": "ok", "reasons": ["current_change"]}
POWER_MONITOR_RECORD {"timestamp_pacific": "2026-08-04T21:05:47.795-07:00", "status": "ok", "reasons": ["current_change"]}
POWER_MONITOR_RECORD {"timestamp_pacific": "2026-08-04T21:05:48.803-07:00", "status": "ok", "reasons": ["current_change"]}
POWER_MONITOR_RECORD {"timestamp_pacific": "2026-08-04T21:05:49.810-07:00", "status": "ok", "reasons": ["current_change"]}
POWER_MONITOR_RECORD {"timestamp_pacific": "2026-08-04T21:05:51.822-07:00", "status": "ok", "reasons": ["current_change"]}
POWER_MONITOR_RECORD {"timestamp_pacific": "2026-08-04T21:05:52.828-07:00", "status": "ok", "reasons": ["current_change"]}
POWER_MONITOR_RECORD {"timestamp_pacific": "2026-08-04T21:06:01.883-07:00", "status": "ok", "reasons": ["current_change"]}
POWER_MONITOR_RECORD {"timestamp_pacific": "2026-08-04T21:06:04.901-07:00", "status": "ok", "reasons": ["current_change"]}
POWER_MONITOR_RECORD {"timestamp_pacific": "2026-08-04T21:06:05.908-07:00", "status": "ok", "reasons": ["current_change"]}
POWER_MONITOR_RECORD {"timestamp_pacific": "2026-08-04T21:06:06.914-07:00", "status": "ok", "reasons": ["current_change"]}
POWER_MONITOR_RECORD {"timestamp_pacific": "2026-08-04T21:06:07.923-07:00", "status": "ok", "reasons": ["current_change"]}
POWER_MONITOR_RECORD {"timestamp_pacific": "2026-08-04T21:06:08.926-07:00", "status": "ok", "reasons": ["current_change"]}
POWER_MONITOR_RECORD {"timestamp_pacific": "2026-08-04T21:06:09.928-07:00", "status": "ok", "reasons": ["current_change"]}
POWER_MONITOR_RECORD {"timestamp_pacific": "2026-08-04T21:06:10.931-07:00", "status": "ok", "reasons": ["current_change"]}
POWER_MONITOR_RECORD {"timestamp_pacific": "2026-08-04T21:06:11.934-07:00", "status": "ok", "reasons": ["current_change"]}
POWER_MONITOR_RECORD {"timestamp_pacific": "2026-08-04T21:06:13.942-07:00", "status": "ok", "reasons": ["current_change"]}
POWER_MONITOR_RECORD {"timestamp_pacific": "2026-08-04T21:06:14.949-07:00", "status": "ok", "reasons": ["current_change"]}
POWER_MONITOR_RECORD {"timestamp_pacific": "2026-08-04T21:06:16.961-07:00", "status": "ok", "reasons": ["current_change"]}
POWER_MONITOR_RECORD {"timestamp_pacific": "2026-08-04T21:06:17.969-07:00", "status": "ok", "reasons": ["current_change"]}
POWER_MONITOR_RECORD {"timestamp_pacific": "2026-08-04T21:06:18.975-07:00", "status": "ok", "reasons": ["current_change"]}
POWER_MONITOR_RECORD {"timestamp_pacific": "2026-08-04T21:06:22.999-07:00", "status": "ok", "reasons": ["current_change"]}
POWER_MONITOR_RECORD {"timestamp_pacific": "2026-08-04T21:06:25.012-07:00", "status": "ok", "reasons": ["current_change"]}
POWER_MONITOR_RECORD {"timestamp_pacific": "2026-08-04T21:06:26.018-07:00", "status": "ok", "reasons": ["current_change"]}
POWER_MONITOR_RECORD {"timestamp_pacific": "2026-08-04T21:06:28.031-07:00", "status": "ok", "reasons": ["current_change"]}
POWER_MONITOR_RECORD {"timestamp_pacific": "2026-08-04T21:06:29.049-07:00", "status": "ok", "reasons": ["current_change"]}
POWER_MONITOR_RECORD {"timestamp_pacific": "2026-08-04T21:06:31.062-07:00", "status": "ok", "reasons": ["current_change"]}
POWER_MONITOR_RECORD {"timestamp_pacific": "2026-08-04T21:06:37.097-07:00", "status": "ok", "reasons": ["current_change"]}
POWER_MONITOR_RECORD {"timestamp_pacific": "2026-08-04T21:06:38.104-07:00", "status": "ok", "reasons": ["current_change"]}
POWER_MONITOR_RECORD {"timestamp_pacific": "2026-08-04T21:06:40.116-07:00", "status": "ok", "reasons": ["current_change"]}
POWER_MONITOR_RECORD {"timestamp_pacific": "2026-08-04T21:06:41.123-07:00", "status": "ok", "reasons": ["current_change"]}
POWER_MONITOR_RECORD {"timestamp_pacific": "2026-08-04T21:06:43.135-07:00", "status": "ok", "reasons": ["current_change"]}
POWER_MONITOR_RECORD {"timestamp_pacific": "2026-08-04T21:06:44.142-07:00", "status": "ok", "reasons": ["current_change"]}
POWER_MONITOR_RECORD {"timestamp_pacific": "2026-08-04T21:06:48.165-07:00", "status": "ok", "reasons": ["current_change"]}
POWER_MONITOR_RECORD {"timestamp_pacific": "2026-08-04T21:06:55.211-07:00", "status": "ok", "reasons": ["current_change"]}
POWER_MONITOR_RECORD {"timestamp_pacific": "2026-08-04T21:06:56.217-07:00", "status": "ok", "reasons": ["current_change"]}
POWER_MONITOR_RECORD {"timestamp_pacific": "2026-08-04T21:06:57.224-07:00", "status": "ok", "reasons": ["current_change"]}
POWER_MONITOR_RECORD {"timestamp_pacific": "2026-08-04T21:07:02.254-07:00", "status": "ok", "reasons": ["current_change"]}
POWER_MONITOR_RECORD {"timestamp_pacific": "2026-08-04T21:07:05.272-07:00", "status": "ok", "reasons": ["current_change"]}
POWER_MONITOR_RECORD {"timestamp_pacific": "2026-08-04T21:07:06.278-07:00", "status": "ok", "reasons": ["current_change"]}
POWER_MONITOR_RECORD {"timestamp_pacific": "2026-08-04T21:07:07.285-07:00", "status": "ok", "reasons": ["current_change"]}
POWER_MONITOR_RECORD {"timestamp_pacific": "2026-08-04T21:07:10.304-07:00", "status": "ok", "reasons": ["current_change"]}
POWER_MONITOR_RECORD {"timestamp_pacific": "2026-08-04T21:07:11.311-07:00", "status": "ok", "reasons": ["current_change"]}
POWER_MONITOR_RECORD {"timestamp_pacific": "2026-08-04T21:07:12.317-07:00", "status": "ok", "reasons": ["current_change"]}
POWER_MONITOR_RECORD {"timestamp_pacific": "2026-08-04T21:07:15.337-07:00", "status": "ok", "reasons": ["current_change"]}
POWER_MONITOR_RECORD {"timestamp_pacific": "2026-08-04T21:07:27.408-07:00", "status": "ok", "reasons": ["current_change"]}
POWER_MONITOR_RECORD {"timestamp_pacific": "2026-08-04T21:07:28.414-07:00", "status": "ok", "reasons": ["current_change"]}
POWER_MONITOR_RECORD {"timestamp_pacific": "2026-08-04T21:07:29.421-07:00", "status": "ok", "reasons": ["current_change"]}
POWER_MONITOR_RECORD {"timestamp_pacific": "2026-08-04T21:07:32.439-07:00", "status": "ok", "reasons": ["current_change"]}
POWER_MONITOR_RECORD {"timestamp_pacific": "2026-08-04T21:07:33.447-07:00", "status": "ok", "reasons": ["current_change"]}
POWER_MONITOR_RECORD {"timestamp_pacific": "2026-08-04T21:07:39.482-07:00", "status": "ok", "reasons": ["current_change"]}
POWER_MONITOR_RECORD {"timestamp_pacific": "2026-08-04T21:07:40.489-07:00", "status": "ok", "reasons": ["current_change"]}
POWER_MONITOR_RECORD {"timestamp_pacific": "2026-08-04T21:07:41.495-07:00", "status": "ok", "reasons": ["current_change"]}
POWER_MONITOR_RECORD {"timestamp_pacific": "2026-08-04T21:07:43.508-07:00", "status": "ok", "reasons": ["current_change"]}
POWER_MONITOR_RECORD {"timestamp_pacific": "2026-08-04T21:07:44.514-07:00", "status": "ok", "reasons": ["current_change"]}
POWER_MONITOR_RECORD {"timestamp_pacific": "2026-08-04T21:07:47.534-07:00", "status": "ok", "reasons": ["current_change"]}
POWER_MONITOR_RECORD {"timestamp_pacific": "2026-08-04T21:07:48.540-07:00", "status": "ok", "reasons": ["current_change"]}
POWER_MONITOR_RECORD {"timestamp_pacific": "2026-08-04T21:07:51.558-07:00", "status": "ok", "reasons": ["current_change"]}
POWER_MONITOR_RECORD {"timestamp_pacific": "2026-08-04T21:07:56.588-07:00", "status": "ok", "reasons": ["current_change"]}
POWER_MONITOR_RECORD {"timestamp_pacific": "2026-08-04T21:07:57.596-07:00", "status": "ok", "reasons": ["current_change"]}
POWER_MONITOR_RECORD {"timestamp_pacific": "2026-08-04T21:07:58.603-07:00", "status": "ok", "reasons": ["current_change"]}
POWER_MONITOR_RECORD {"timestamp_pacific": "2026-08-04T21:08:00.615-07:00", "status": "ok", "reasons": ["current_change"]}
POWER_MONITOR_RECORD {"timestamp_pacific": "2026-08-04T21:08:01.622-07:00", "status": "ok", "reasons": ["current_change"]}
POWER_MONITOR_RECORD {"timestamp_pacific": "2026-08-04T21:08:03.636-07:00", "status": "ok", "reasons": ["current_change"]}
POWER_MONITOR_RECORD {"timestamp_pacific": "2026-08-04T21:08:04.642-07:00", "status": "ok", "reasons": ["current_change"]}
POWER_MONITOR_RECORD {"timestamp_pacific": "2026-08-04T21:08:05.649-07:00", "status": "ok", "reasons": ["current_change"]}
POWER_MONITOR_RECORD {"timestamp_pacific": "2026-08-04T21:08:06.656-07:00", "status": "ok", "reasons": ["current_change"]}
POWER_MONITOR_RECORD {"timestamp_pacific": "2026-08-04T21:08:07.663-07:00", "status": "ok", "reasons": ["current_change"]}
POWER_MONITOR_RECORD {"timestamp_pacific": "2026-08-04T21:08:14.688-07:00", "status": "ok", "reasons": ["current_change"]}
POWER_MONITOR_RECORD {"timestamp_pacific": "2026-08-04T21:08:18.711-07:00", "status": "ok", "reasons": ["current_change"]}
POWER_MONITOR_RECORD {"timestamp_pacific": "2026-08-04T21:08:21.730-07:00", "status": "ok", "reasons": ["current_change"]}
POWER_MONITOR_RECORD {"timestamp_pacific": "2026-08-04T21:08:22.736-07:00", "status": "ok", "reasons": ["current_change"]}
POWER_MONITOR_RECORD {"timestamp_pacific": "2026-08-04T21:08:23.743-07:00", "status": "ok", "reasons": ["current_change"]}
POWER_MONITOR_RECORD {"timestamp_pacific": "2026-08-04T21:08:27.769-07:00", "status": "ok", "reasons": ["current_change"]}
POWER_MONITOR_RECORD {"timestamp_pacific": "2026-08-04T21:08:28.775-07:00", "status": "ok", "reasons": ["current_change"]}
POWER_MONITOR_RECORD {"timestamp_pacific": "2026-08-04T21:08:29.784-07:00", "status": "ok", "reasons": ["current_change"]}
POWER_MONITOR_RECORD {"timestamp_pacific": "2026-08-04T21:08:32.802-07:00", "status": "ok", "reasons": ["current_change"]}
POWER_MONITOR_RECORD {"timestamp_pacific": "2026-08-04T21:08:33.808-07:00", "status": "ok", "reasons": ["current_change"]}
POWER_MONITOR_RECORD {"timestamp_pacific": "2026-08-04T21:08:36.827-07:00", "status": "ok", "reasons": ["current_change"]}
POWER_MONITOR_RECORD {"timestamp_pacific": "2026-08-04T21:08:38.840-07:00", "status": "ok", "reasons": ["current_change"]}
POWER_MONITOR_RECORD {"timestamp_pacific": "2026-08-04T21:08:41.859-07:00", "status": "ok", "reasons": ["current_change"]}
POWER_MONITOR_RECORD {"timestamp_pacific": "2026-08-04T21:08:43.871-07:00", "status": "ok", "reasons": ["current_change"]}
POWER_MONITOR_RECORD {"timestamp_pacific": "2026-08-04T21:08:46.891-07:00", "status": "ok", "reasons": ["current_change"]}
POWER_MONITOR_RECORD {"timestamp_pacific": "2026-08-04T21:08:48.903-07:00", "status": "ok", "reasons": ["current_change"]}
POWER_MONITOR_RECORD {"timestamp_pacific": "2026-08-04T21:08:49.910-07:00", "status": "ok", "reasons": ["current_change"]}
POWER_MONITOR_RECORD {"timestamp_pacific": "2026-08-04T21:08:52.928-07:00", "status": "ok", "reasons": ["current_change"]}
POWER_MONITOR_RECORD {"timestamp_pacific": "2026-08-04T21:08:53.935-07:00", "status": "ok", "reasons": ["current_change"]}
POWER_MONITOR_RECORD {"timestamp_pacific": "2026-08-04T21:08:58.966-07:00", "status": "ok", "reasons": ["current_change"]}
POWER_MONITOR_RECORD {"timestamp_pacific": "2026-08-04T21:09:03.997-07:00", "status": "ok", "reasons": ["current_change"]}
POWER_MONITOR_RECORD {"timestamp_pacific": "2026-08-04T21:09:06.012-07:00", "status": "ok", "reasons": ["current_change"]}
POWER_MONITOR_RECORD {"timestamp_pacific": "2026-08-04T21:09:07.018-07:00", "status": "ok", "reasons": ["current_change"]}
POWER_MONITOR_RECORD {"timestamp_pacific": "2026-08-04T21:09:09.027-07:00", "status": "ok", "reasons": ["current_change"]}
POWER_MONITOR_RECORD {"timestamp_pacific": "2026-08-04T21:09:10.029-07:00", "status": "ok", "reasons": ["current_change"]}
POWER_MONITOR_RECORD {"timestamp_pacific": "2026-08-04T21:09:17.060-07:00", "status": "ok", "reasons": ["current_change"]}
POWER_MONITOR_RECORD {"timestamp_pacific": "2026-08-04T21:09:26.113-07:00", "status": "ok", "reasons": ["current_change"]}
POWER_MONITOR_RECORD {"timestamp_pacific": "2026-08-04T21:09:27.120-07:00", "status": "ok", "reasons": ["current_change"]}
POWER_MONITOR_RECORD {"timestamp_pacific": "2026-08-04T21:09:28.126-07:00", "status": "ok", "reasons": ["current_change"]}
POWER_MONITOR_RECORD {"timestamp_pacific": "2026-08-04T21:09:29.133-07:00", "status": "ok", "reasons": ["current_change"]}
POWER_MONITOR_RECORD {"timestamp_pacific": "2026-08-04T21:09:32.151-07:00", "status": "ok", "reasons": ["current_change"]}
POWER_MONITOR_RECORD {"timestamp_pacific": "2026-08-04T21:09:35.169-07:00", "status": "ok", "reasons": ["current_change"]}
POWER_MONITOR_RECORD {"timestamp_pacific": "2026-08-04T21:09:36.176-07:00", "status": "ok", "reasons": ["current_change"]}
POWER_MONITOR_RECORD {"timestamp_pacific": "2026-08-04T21:09:37.182-07:00", "status": "ok", "reasons": ["current_change"]}
POWER_MONITOR_RECORD {"timestamp_pacific": "2026-08-04T21:09:38.189-07:00", "status": "ok", "reasons": ["current_change"]}
POWER_MONITOR_RECORD {"timestamp_pacific": "2026-08-04T21:09:41.207-07:00", "status": "ok", "reasons": ["current_change"]}
POWER_MONITOR_RECORD {"timestamp_pacific": "2026-08-04T21:09:42.214-07:00", "status": "ok", "reasons": ["current_change"]}
POWER_MONITOR_RECORD {"timestamp_pacific": "2026-08-04T21:09:45.232-07:00", "status": "ok", "reasons": ["current_change"]}
POWER_MONITOR_RECORD {"timestamp_pacific": "2026-08-04T21:09:46.238-07:00", "status": "ok", "reasons": ["current_change"]}
POWER_MONITOR_RECORD {"timestamp_pacific": "2026-08-04T21:09:50.263-07:00", "status": "ok", "reasons": ["current_change"]}
POWER_MONITOR_RECORD {"timestamp_pacific": "2026-08-04T21:09:51.270-07:00", "status": "ok", "reasons": ["current_change"]}
POWER_MONITOR_RECORD {"timestamp_pacific": "2026-08-04T21:09:52.278-07:00", "status": "ok", "reasons": ["current_change"]}
POWER_MONITOR_RECORD {"timestamp_pacific": "2026-08-04T21:09:58.313-07:00", "status": "ok", "reasons": ["current_change"]}
POWER_MONITOR_RECORD {"timestamp_pacific": "2026-08-04T21:10:03.344-07:00", "status": "ok", "reasons": ["current_change"]}
POWER_MONITOR_RECORD {"timestamp_pacific": "2026-08-04T21:10:05.356-07:00", "status": "ok", "reasons": ["current_change"]}
POWER_MONITOR_RECORD {"timestamp_pacific": "2026-08-04T21:10:06.363-07:00", "status": "ok", "reasons": ["current_change"]}
POWER_MONITOR_RECORD {"timestamp_pacific": "2026-08-04T21:10:09.381-07:00", "status": "ok", "reasons": ["current_change"]}
POWER_MONITOR_RECORD {"timestamp_pacific": "2026-08-04T21:10:13.405-07:00", "status": "ok", "reasons": ["current_change"]}
POWER_MONITOR_RECORD {"timestamp_pacific": "2026-08-04T21:10:14.411-07:00", "status": "ok", "reasons": ["current_change"]}
POWER_MONITOR_RECORD {"timestamp_pacific": "2026-08-04T21:10:24.472-07:00", "status": "ok", "reasons": ["current_change"]}
POWER_MONITOR_RECORD {"timestamp_pacific": "2026-08-04T21:10:25.478-07:00", "status": "ok", "reasons": ["current_change"]}
POWER_MONITOR_RECORD {"timestamp_pacific": "2026-08-04T21:10:33.526-07:00", "status": "ok", "reasons": ["current_change"]}
POWER_MONITOR_RECORD {"timestamp_pacific": "2026-08-04T21:10:34.532-07:00", "status": "ok", "reasons": ["current_change"]}
POWER_MONITOR_RECORD {"timestamp_pacific": "2026-08-04T21:10:42.579-07:00", "status": "ok", "reasons": ["current_change"]}
POWER_MONITOR_RECORD {"timestamp_pacific": "2026-08-04T21:10:44.592-07:00", "status": "ok", "reasons": ["current_change"]}
POWER_MONITOR_RECORD {"timestamp_pacific": "2026-08-04T21:10:45.598-07:00", "status": "ok", "reasons": ["current_change"]}
POWER_MONITOR_RECORD {"timestamp_pacific": "2026-08-04T21:10:49.622-07:00", "status": "ok", "reasons": ["current_change"]}
POWER_MONITOR_RECORD {"timestamp_pacific": "2026-08-04T21:10:51.634-07:00", "status": "ok", "reasons": ["current_change"]}
POWER_MONITOR_RECORD {"timestamp_pacific": "2026-08-04T21:10:52.641-07:00", "status": "ok", "reasons": ["current_change"]}
POWER_MONITOR_RECORD {"timestamp_pacific": "2026-08-04T21:10:55.659-07:00", "status": "ok", "reasons": ["current_change"]}
POWER_MONITOR_RECORD {"timestamp_pacific": "2026-08-04T21:10:56.665-07:00", "status": "ok", "reasons": ["current_change"]}
POWER_MONITOR_RECORD {"timestamp_pacific": "2026-08-04T21:10:57.672-07:00", "status": "ok", "reasons": ["current_change"]}
POWER_MONITOR_RECORD {"timestamp_pacific": "2026-08-04T21:10:59.684-07:00", "status": "ok", "reasons": ["current_change"]}
POWER_MONITOR_RECORD {"timestamp_pacific": "2026-08-04T21:11:01.697-07:00", "status": "ok", "reasons": ["current_change"]}
POWER_MONITOR_RECORD {"timestamp_pacific": "2026-08-04T21:11:05.721-07:00", "status": "ok", "reasons": ["current_change"]}
POWER_MONITOR_RECORD {"timestamp_pacific": "2026-08-04T21:11:06.727-07:00", "status": "ok", "reasons": ["current_change"]}
POWER_MONITOR_RECORD {"timestamp_pacific": "2026-08-04T21:11:07.735-07:00", "status": "ok", "reasons": ["current_change"]}
POWER_MONITOR_RECORD {"timestamp_pacific": "2026-08-04T21:11:08.738-07:00", "status": "ok", "reasons": ["current_change"]}
POWER_MONITOR_RECORD {"timestamp_pacific": "2026-08-04T21:11:12.748-07:00", "status": "ok", "reasons": ["current_change"]}
POWER_MONITOR_RECORD {"timestamp_pacific": "2026-08-04T21:11:13.754-07:00", "status": "ok", "reasons": ["current_change"]}
POWER_MONITOR_RECORD {"timestamp_pacific": "2026-08-04T21:11:14.761-07:00", "status": "ok", "reasons": ["current_change"]}
POWER_MONITOR_RECORD {"timestamp_pacific": "2026-08-04T21:11:17.779-07:00", "status": "ok", "reasons": ["current_change"]}
POWER_MONITOR_RECORD {"timestamp_pacific": "2026-08-04T21:11:20.797-07:00", "status": "ok", "reasons": ["current_change"]}
POWER_MONITOR_RECORD {"timestamp_pacific": "2026-08-04T21:11:23.816-07:00", "status": "ok", "reasons": ["current_change"]}
POWER_MONITOR_RECORD {"timestamp_pacific": "2026-08-04T21:11:24.822-07:00", "status": "ok", "reasons": ["current_change"]}
POWER_MONITOR_RECORD {"timestamp_pacific": "2026-08-04T21:11:25.829-07:00", "status": "ok", "reasons": ["current_change"]}
POWER_MONITOR_RECORD {"timestamp_pacific": "2026-08-04T21:11:26.835-07:00", "status": "ok", "reasons": ["current_change"]}
POWER_MONITOR_RECORD {"timestamp_pacific": "2026-08-04T21:11:27.842-07:00", "status": "ok", "reasons": ["current_change"]}
POWER_MONITOR_RECORD {"timestamp_pacific": "2026-08-04T21:11:31.866-07:00", "status": "ok", "reasons": ["current_change"]}
POWER_MONITOR_RECORD {"timestamp_pacific": "2026-08-04T21:11:33.878-07:00", "status": "ok", "reasons": ["current_change"]}
POWER_MONITOR_RECORD {"timestamp_pacific": "2026-08-04T21:11:35.890-07:00", "status": "ok", "reasons": ["current_change"]}
POWER_MONITOR_RECORD {"timestamp_pacific": "2026-08-04T21:11:36.898-07:00", "status": "ok", "reasons": ["current_change"]}
POWER_MONITOR_RECORD {"timestamp_pacific": "2026-08-04T21:11:38.911-07:00", "status": "ok", "reasons": ["current_change"]}
POWER_MONITOR_RECORD {"timestamp_pacific": "2026-08-04T21:11:39.917-07:00", "status": "ok", "reasons": ["current_change"]}
POWER_MONITOR_RECORD {"timestamp_pacific": "2026-08-04T21:11:40.924-07:00", "status": "ok", "reasons": ["current_change"]}
POWER_MONITOR_RECORD {"timestamp_pacific": "2026-08-04T21:11:41.932-07:00", "status": "ok", "reasons": ["current_change"]}
POWER_MONITOR_RECORD {"timestamp_pacific": "2026-08-04T21:11:43.944-07:00", "status": "ok", "reasons": ["current_change"]}
POWER_MONITOR_RECORD {"timestamp_pacific": "2026-08-04T21:11:45.956-07:00", "status": "ok", "reasons": ["current_change"]}
POWER_MONITOR_RECORD {"timestamp_pacific": "2026-08-04T21:11:46.965-07:00", "status": "ok", "reasons": ["current_change"]}
POWER_MONITOR_RECORD {"timestamp_pacific": "2026-08-04T21:11:47.972-07:00", "status": "ok", "reasons": ["current_change"]}
POWER_MONITOR_RECORD {"timestamp_pacific": "2026-08-04T21:11:49.984-07:00", "status": "ok", "reasons": ["current_change"]}
POWER_MONITOR_RECORD {"timestamp_pacific": "2026-08-04T21:11:51.996-07:00", "status": "ok", "reasons": ["current_change"]}
POWER_MONITOR_RECORD {"timestamp_pacific": "2026-08-04T21:11:53.003-07:00", "status": "ok", "reasons": ["current_change"]}
POWER_MONITOR_RECORD {"timestamp_pacific": "2026-08-04T21:11:54.009-07:00", "status": "ok", "reasons": ["current_change"]}
POWER_MONITOR_RECORD {"timestamp_pacific": "2026-08-04T21:11:55.016-07:00", "status": "ok", "reasons": ["current_change"]}
POWER_MONITOR_RECORD {"timestamp_pacific": "2026-08-04T21:11:58.034-07:00", "status": "ok", "reasons": ["current_change"]}
POWER_MONITOR_RECORD {"timestamp_pacific": "2026-08-04T21:11:59.041-07:00", "status": "ok", "reasons": ["current_change"]}
POWER_MONITOR_RECORD {"timestamp_pacific": "2026-08-04T21:12:00.047-07:00", "status": "ok", "reasons": ["current_change"]}
POWER_MONITOR_RECORD {"timestamp_pacific": "2026-08-04T21:12:05.076-07:00", "status": "ok", "reasons": ["current_change"]}
POWER_MONITOR_RECORD {"timestamp_pacific": "2026-08-04T21:12:06.082-07:00", "status": "ok", "reasons": ["current_change"]}
POWER_MONITOR_RECORD {"timestamp_pacific": "2026-08-04T21:12:09.096-07:00", "status": "ok", "reasons": ["current_change"]}
POWER_MONITOR_RECORD {"timestamp_pacific": "2026-08-04T21:12:11.101-07:00", "status": "ok", "reasons": ["current_change"]}
POWER_MONITOR_RECORD {"timestamp_pacific": "2026-08-04T21:12:17.130-07:00", "status": "ok", "reasons": ["current_change"]}
POWER_MONITOR_RECORD {"timestamp_pacific": "2026-08-04T21:12:19.142-07:00", "status": "ok", "reasons": ["current_change"]}
POWER_MONITOR_RECORD {"timestamp_pacific": "2026-08-04T21:12:20.149-07:00", "status": "ok", "reasons": ["current_change"]}
POWER_MONITOR_RECORD {"timestamp_pacific": "2026-08-04T21:12:22.161-07:00", "status": "ok", "reasons": ["current_change"]}
POWER_MONITOR_RECORD {"timestamp_pacific": "2026-08-04T21:12:23.169-07:00", "status": "ok", "reasons": ["current_change"]}
POWER_MONITOR_RECORD {"timestamp_pacific": "2026-08-04T21:12:25.182-07:00", "status": "ok", "reasons": ["current_change"]}
POWER_MONITOR_RECORD {"timestamp_pacific": "2026-08-04T21:12:27.194-07:00", "status": "ok", "reasons": ["current_change"]}
POWER_MONITOR_RECORD {"timestamp_pacific": "2026-08-04T21:12:30.215-07:00", "status": "ok", "reasons": ["current_change"]}
POWER_MONITOR_RECORD {"timestamp_pacific": "2026-08-04T21:12:31.221-07:00", "status": "ok", "reasons": ["current_change"]}
POWER_MONITOR_RECORD {"timestamp_pacific": "2026-08-04T21:12:32.228-07:00", "status": "ok", "reasons": ["current_change"]}
POWER_MONITOR_RECORD {"timestamp_pacific": "2026-08-04T21:12:33.235-07:00", "status": "ok", "reasons": ["current_change"]}
POWER_MONITOR_RECORD {"timestamp_pacific": "2026-08-04T21:12:34.242-07:00", "status": "ok", "reasons": ["current_change"]}
POWER_MONITOR_RECORD {"timestamp_pacific": "2026-08-04T21:12:35.248-07:00", "status": "ok", "reasons": ["current_change"]}
POWER_MONITOR_RECORD {"timestamp_pacific": "2026-08-04T21:12:36.255-07:00", "status": "ok", "reasons": ["current_change"]}
POWER_MONITOR_RECORD {"timestamp_pacific": "2026-08-04T21:12:37.261-07:00", "status": "ok", "reasons": ["current_change"]}
POWER_MONITOR_RECORD {"timestamp_pacific": "2026-08-04T21:12:38.269-07:00", "status": "ok", "reasons": ["current_change"]}
POWER_MONITOR_RECORD {"timestamp_pacific": "2026-08-04T21:12:39.275-07:00", "status": "ok", "reasons": ["current_change"]}
POWER_MONITOR_RECORD {"timestamp_pacific": "2026-08-04T21:12:40.282-07:00", "status": "ok", "reasons": ["current_change"]}
POWER_MONITOR_RECORD {"timestamp_pacific": "2026-08-04T21:12:41.288-07:00", "status": "ok", "reasons": ["current_change"]}
POWER_MONITOR_RECORD {"timestamp_pacific": "2026-08-04T21:12:44.307-07:00", "status": "ok", "reasons": ["current_change"]}
POWER_MONITOR_RECORD {"timestamp_pacific": "2026-08-04T21:12:46.319-07:00", "status": "ok", "reasons": ["current_change"]}
POWER_MONITOR_RECORD {"timestamp_pacific": "2026-08-04T21:12:47.326-07:00", "status": "ok", "reasons": ["current_change"]}
POWER_MONITOR_RECORD {"timestamp_pacific": "2026-08-04T21:12:48.332-07:00", "status": "ok", "reasons": ["current_change"]}
POWER_MONITOR_RECORD {"timestamp_pacific": "2026-08-04T21:12:49.338-07:00", "status": "ok", "reasons": ["current_change"]}
POWER_MONITOR_RECORD {"timestamp_pacific": "2026-08-04T21:12:51.352-07:00", "status": "ok", "reasons": ["current_change"]}
POWER_MONITOR_RECORD {"timestamp_pacific": "2026-08-04T21:12:53.365-07:00", "status": "ok", "reasons": ["current_change"]}
POWER_MONITOR_RECORD {"timestamp_pacific": "2026-08-04T21:12:58.395-07:00", "status": "ok", "reasons": ["current_change"]}
POWER_MONITOR_RECORD {"timestamp_pacific": "2026-08-04T21:12:59.401-07:00", "status": "ok", "reasons": ["current_change"]}
POWER_MONITOR_RECORD {"timestamp_pacific": "2026-08-04T21:13:00.408-07:00", "status": "ok", "reasons": ["current_change"]}
POWER_MONITOR_RECORD {"timestamp_pacific": "2026-08-04T21:13:01.414-07:00", "status": "ok", "reasons": ["current_change"]}
POWER_MONITOR_RECORD {"timestamp_pacific": "2026-08-04T21:13:02.421-07:00", "status": "ok", "reasons": ["current_change"]}
POWER_MONITOR_RECORD {"timestamp_pacific": "2026-08-04T21:13:03.427-07:00", "status": "ok", "reasons": ["current_change"]}
POWER_MONITOR_RECORD {"timestamp_pacific": "2026-08-04T21:13:04.435-07:00", "status": "ok", "reasons": ["current_change"]}
POWER_MONITOR_RECORD {"timestamp_pacific": "2026-08-04T21:13:05.442-07:00", "status": "ok", "reasons": ["current_change"]}
POWER_MONITOR_RECORD {"timestamp_pacific": "2026-08-04T21:13:06.448-07:00", "status": "ok", "reasons": ["current_change"]}
POWER_MONITOR_RECORD {"timestamp_pacific": "2026-08-04T21:13:07.455-07:00", "status": "ok", "reasons": ["current_change"]}
POWER_MONITOR_RECORD {"timestamp_pacific": "2026-08-04T21:13:13.491-07:00", "status": "ok", "reasons": ["current_change"]}
POWER_MONITOR_RECORD {"timestamp_pacific": "2026-08-04T21:13:14.497-07:00", "status": "ok", "reasons": ["current_change"]}
POWER_MONITOR_RECORD {"timestamp_pacific": "2026-08-04T21:13:16.510-07:00", "status": "ok", "reasons": ["current_change"]}
POWER_MONITOR_RECORD {"timestamp_pacific": "2026-08-04T21:13:18.522-07:00", "status": "ok", "reasons": ["current_change"]}
POWER_MONITOR_RECORD {"timestamp_pacific": "2026-08-04T21:13:19.530-07:00", "status": "ok", "reasons": ["current_change"]}
POWER_MONITOR_RECORD {"timestamp_pacific": "2026-08-04T21:13:24.560-07:00", "status": "ok", "reasons": ["current_change"]}
POWER_MONITOR_RECORD {"timestamp_pacific": "2026-08-04T21:13:26.572-07:00", "status": "ok", "reasons": ["current_change"]}
POWER_MONITOR_RECORD {"timestamp_pacific": "2026-08-04T21:13:32.608-07:00", "status": "ok", "reasons": ["current_change"]}
POWER_MONITOR_RECORD {"timestamp_pacific": "2026-08-04T21:13:33.614-07:00", "status": "ok", "reasons": ["current_change"]}
POWER_MONITOR_RECORD {"timestamp_pacific": "2026-08-04T21:13:39.650-07:00", "status": "ok", "reasons": ["current_change"]}
POWER_MONITOR_RECORD {"timestamp_pacific": "2026-08-04T21:13:40.656-07:00", "status": "ok", "reasons": ["current_change"]}
POWER_MONITOR_RECORD {"timestamp_pacific": "2026-08-04T21:13:41.663-07:00", "status": "ok", "reasons": ["current_change"]}
POWER_MONITOR_RECORD {"timestamp_pacific": "2026-08-04T21:13:42.669-07:00", "status": "ok", "reasons": ["current_change"]}
POWER_MONITOR_RECORD {"timestamp_pacific": "2026-08-04T21:13:45.687-07:00", "status": "ok", "reasons": ["current_change"]}
POWER_MONITOR_RECORD {"timestamp_pacific": "2026-08-04T21:13:46.694-07:00", "status": "ok", "reasons": ["current_change"]}
POWER_MONITOR_RECORD {"timestamp_pacific": "2026-08-04T21:13:47.700-07:00", "status": "ok", "reasons": ["current_change"]}
POWER_MONITOR_RECORD {"timestamp_pacific": "2026-08-04T21:13:48.707-07:00", "status": "ok", "reasons": ["current_change"]}
POWER_MONITOR_RECORD {"timestamp_pacific": "2026-08-04T21:13:49.713-07:00", "status": "ok", "reasons": ["current_change"]}
POWER_MONITOR_RECORD {"timestamp_pacific": "2026-08-04T21:13:51.726-07:00", "status": "ok", "reasons": ["current_change"]}
POWER_MONITOR_RECORD {"timestamp_pacific": "2026-08-04T21:13:53.738-07:00", "status": "ok", "reasons": ["current_change"]}
POWER_MONITOR_RECORD {"timestamp_pacific": "2026-08-04T21:13:54.744-07:00", "status": "ok", "reasons": ["current_change"]}
POWER_MONITOR_RECORD {"timestamp_pacific": "2026-08-04T21:13:58.768-07:00", "status": "ok", "reasons": ["current_change"]}
POWER_MONITOR_RECORD {"timestamp_pacific": "2026-08-04T21:13:59.775-07:00", "status": "ok", "reasons": ["current_change"]}
POWER_MONITOR_RECORD {"timestamp_pacific": "2026-08-04T21:14:00.782-07:00", "status": "ok", "reasons": ["current_change"]}
POWER_MONITOR_RECORD {"timestamp_pacific": "2026-08-04T21:14:01.788-07:00", "status": "ok", "reasons": ["current_change"]}
POWER_MONITOR_RECORD {"timestamp_pacific": "2026-08-04T21:14:03.802-07:00", "status": "ok", "reasons": ["current_change"]}
POWER_MONITOR_RECORD {"timestamp_pacific": "2026-08-04T21:14:05.814-07:00", "status": "ok", "reasons": ["current_change"]}
POWER_MONITOR_RECORD {"timestamp_pacific": "2026-08-04T21:14:06.821-07:00", "status": "ok", "reasons": ["current_change"]}
POWER_MONITOR_RECORD {"timestamp_pacific": "2026-08-04T21:14:08.830-07:00", "status": "ok", "reasons": ["current_change"]}
POWER_MONITOR_RECORD {"timestamp_pacific": "2026-08-04T21:14:09.832-07:00", "status": "ok", "reasons": ["current_change"]}
POWER_MONITOR_RECORD {"timestamp_pacific": "2026-08-04T21:14:13.846-07:00", "status": "ok", "reasons": ["current_change"]}
POWER_MONITOR_RECORD {"timestamp_pacific": "2026-08-04T21:14:15.859-07:00", "status": "ok", "reasons": ["current_change"]}
POWER_MONITOR_RECORD {"timestamp_pacific": "2026-08-04T21:14:16.866-07:00", "status": "ok", "reasons": ["current_change"]}
POWER_MONITOR_RECORD {"timestamp_pacific": "2026-08-04T21:14:17.872-07:00", "status": "ok", "reasons": ["current_change"]}
POWER_MONITOR_RECORD {"timestamp_pacific": "2026-08-04T21:14:18.878-07:00", "status": "ok", "reasons": ["current_change"]}
POWER_MONITOR_RECORD {"timestamp_pacific": "2026-08-04T21:14:20.892-07:00", "status": "ok", "reasons": ["current_change"]}
POWER_MONITOR_RECORD {"timestamp_pacific": "2026-08-04T21:14:21.898-07:00", "status": "ok", "reasons": ["current_change"]}
POWER_MONITOR_RECORD {"timestamp_pacific": "2026-08-04T21:14:22.905-07:00", "status": "ok", "reasons": ["current_change"]}
POWER_MONITOR_RECORD {"timestamp_pacific": "2026-08-04T21:14:23.911-07:00", "status": "ok", "reasons": ["current_change"]}
POWER_MONITOR_RECORD {"timestamp_pacific": "2026-08-04T21:14:24.919-07:00", "status": "ok", "reasons": ["current_change"]}
POWER_MONITOR_RECORD {"timestamp_pacific": "2026-08-04T21:14:25.925-07:00", "status": "ok", "reasons": ["current_change"]}
POWER_MONITOR_RECORD {"timestamp_pacific": "2026-08-04T21:14:26.932-07:00", "status": "ok", "reasons": ["current_change"]}
POWER_MONITOR_RECORD {"timestamp_pacific": "2026-08-04T21:14:28.944-07:00", "status": "ok", "reasons": ["current_change"]}
POWER_MONITOR_RECORD {"timestamp_pacific": "2026-08-04T21:14:30.957-07:00", "status": "ok", "reasons": ["current_change"]}
POWER_MONITOR_RECORD {"timestamp_pacific": "2026-08-04T21:14:31.964-07:00", "status": "ok", "reasons": ["current_change"]}
POWER_MONITOR_RECORD {"timestamp_pacific": "2026-08-04T21:14:35.988-07:00", "status": "ok", "reasons": ["current_change"]}
POWER_MONITOR_RECORD {"timestamp_pacific": "2026-08-04T21:14:40.011-07:00", "status": "ok", "reasons": ["current_change"]}
POWER_MONITOR_RECORD {"timestamp_pacific": "2026-08-04T21:14:43.030-07:00", "status": "ok", "reasons": ["current_change"]}
POWER_MONITOR_RECORD {"timestamp_pacific": "2026-08-04T21:14:46.048-07:00", "status": "ok", "reasons": ["current_change"]}
POWER_MONITOR_RECORD {"timestamp_pacific": "2026-08-04T21:14:48.060-07:00", "status": "ok", "reasons": ["current_change"]}
POWER_MONITOR_RECORD {"timestamp_pacific": "2026-08-04T21:14:50.074-07:00", "status": "ok", "reasons": ["current_change"]}
POWER_MONITOR_RECORD {"timestamp_pacific": "2026-08-04T21:14:51.080-07:00", "status": "ok", "reasons": ["current_change"]}
POWER_MONITOR_RECORD {"timestamp_pacific": "2026-08-04T21:14:53.092-07:00", "status": "ok", "reasons": ["current_change"]}
POWER_MONITOR_RECORD {"timestamp_pacific": "2026-08-04T21:14:55.106-07:00", "status": "ok", "reasons": ["current_change"]}
POWER_MONITOR_RECORD {"timestamp_pacific": "2026-08-04T21:14:56.112-07:00", "status": "ok", "reasons": ["current_change"]}
POWER_MONITOR_RECORD {"timestamp_pacific": "2026-08-04T21:14:57.119-07:00", "status": "ok", "reasons": ["current_change"]}
POWER_MONITOR_RECORD {"timestamp_pacific": "2026-08-04T21:14:58.125-07:00", "status": "ok", "reasons": ["current_change"]}
POWER_MONITOR_RECORD {"timestamp_pacific": "2026-08-04T21:15:01.143-07:00", "status": "ok", "reasons": ["current_change"]}
POWER_MONITOR_RECORD {"timestamp_pacific": "2026-08-04T21:15:03.155-07:00", "status": "ok", "reasons": ["current_change"]}
POWER_MONITOR_RECORD {"timestamp_pacific": "2026-08-04T21:15:05.170-07:00", "status": "ok", "reasons": ["current_change"]}
POWER_MONITOR_RECORD {"timestamp_pacific": "2026-08-04T21:15:06.176-07:00", "status": "ok", "reasons": ["current_change"]}
POWER_MONITOR_RECORD {"timestamp_pacific": "2026-08-04T21:15:07.183-07:00", "status": "ok", "reasons": ["current_change"]}
POWER_MONITOR_RECORD {"timestamp_pacific": "2026-08-04T21:15:08.187-07:00", "status": "ok", "reasons": ["current_change"]}
POWER_MONITOR_RECORD {"timestamp_pacific": "2026-08-04T21:15:09.193-07:00", "status": "ok", "reasons": ["current_change"]}
POWER_MONITOR_RECORD {"timestamp_pacific": "2026-08-04T21:15:12.211-07:00", "status": "ok", "reasons": ["current_change"]}
POWER_MONITOR_RECORD {"timestamp_pacific": "2026-08-04T21:15:16.235-07:00", "status": "ok", "reasons": ["current_change"]}
POWER_MONITOR_RECORD {"timestamp_pacific": "2026-08-04T21:15:19.253-07:00", "status": "ok", "reasons": ["current_change"]}
POWER_MONITOR_RECORD {"timestamp_pacific": "2026-08-04T21:15:20.260-07:00", "status": "ok", "reasons": ["current_change"]}
POWER_MONITOR_RECORD {"timestamp_pacific": "2026-08-04T21:15:23.278-07:00", "status": "ok", "reasons": ["current_change"]}
POWER_MONITOR_RECORD {"timestamp_pacific": "2026-08-04T21:15:24.285-07:00", "status": "ok", "reasons": ["current_change"]}
POWER_MONITOR_RECORD {"timestamp_pacific": "2026-08-04T21:15:27.303-07:00", "status": "ok", "reasons": ["current_change"]}
POWER_MONITOR_RECORD {"timestamp_pacific": "2026-08-04T21:15:29.315-07:00", "status": "ok", "reasons": ["current_change"]}
POWER_MONITOR_RECORD {"timestamp_pacific": "2026-08-04T21:15:30.322-07:00", "status": "ok", "reasons": ["current_change"]}
POWER_MONITOR_RECORD {"timestamp_pacific": "2026-08-04T21:15:31.328-07:00", "status": "ok", "reasons": ["current_change"]}
POWER_MONITOR_RECORD {"timestamp_pacific": "2026-08-04T21:15:32.335-07:00", "status": "ok", "reasons": ["current_change"]}
POWER_MONITOR_RECORD {"timestamp_pacific": "2026-08-04T21:15:33.341-07:00", "status": "ok", "reasons": ["current_change"]}
POWER_MONITOR_RECORD {"timestamp_pacific": "2026-08-04T21:15:35.354-07:00", "status": "ok", "reasons": ["current_change"]}
POWER_MONITOR_RECORD {"timestamp_pacific": "2026-08-04T21:15:37.366-07:00", "status": "ok", "reasons": ["current_change"]}
POWER_MONITOR_RECORD {"timestamp_pacific": "2026-08-04T21:15:40.386-07:00", "status": "ok", "reasons": ["current_change"]}
POWER_MONITOR_RECORD {"timestamp_pacific": "2026-08-04T21:15:41.392-07:00", "status": "ok", "reasons": ["current_change"]}
POWER_MONITOR_RECORD {"timestamp_pacific": "2026-08-04T21:15:42.399-07:00", "status": "ok", "reasons": ["current_change"]}
POWER_MONITOR_RECORD {"timestamp_pacific": "2026-08-04T21:15:44.411-07:00", "status": "ok", "reasons": ["current_change"]}
POWER_MONITOR_RECORD {"timestamp_pacific": "2026-08-04T21:15:45.419-07:00", "status": "ok", "reasons": ["current_change"]}
POWER_MONITOR_RECORD {"timestamp_pacific": "2026-08-04T21:15:46.426-07:00", "status": "ok", "reasons": ["current_change"]}
POWER_MONITOR_RECORD {"timestamp_pacific": "2026-08-04T21:15:47.432-07:00", "status": "ok", "reasons": ["current_change"]}
POWER_MONITOR_RECORD {"timestamp_pacific": "2026-08-04T21:15:49.444-07:00", "status": "ok", "reasons": ["current_change"]}
POWER_MONITOR_RECORD {"timestamp_pacific": "2026-08-04T21:15:52.462-07:00", "status": "ok", "reasons": ["current_change"]}
POWER_MONITOR_RECORD {"timestamp_pacific": "2026-08-04T21:15:53.469-07:00", "status": "ok", "reasons": ["current_change"]}
POWER_MONITOR_RECORD {"timestamp_pacific": "2026-08-04T21:15:55.481-07:00", "status": "ok", "reasons": ["current_change"]}
POWER_MONITOR_RECORD {"timestamp_pacific": "2026-08-04T21:15:56.488-07:00", "status": "ok", "reasons": ["current_change"]}
POWER_MONITOR_RECORD {"timestamp_pacific": "2026-08-04T21:15:58.500-07:00", "status": "ok", "reasons": ["current_change"]}
POWER_MONITOR_RECORD {"timestamp_pacific": "2026-08-04T21:15:59.507-07:00", "status": "ok", "reasons": ["current_change"]}
POWER_MONITOR_RECORD {"timestamp_pacific": "2026-08-04T21:16:05.542-07:00", "status": "ok", "reasons": ["current_change"]}
POWER_MONITOR_RECORD {"timestamp_pacific": "2026-08-04T21:16:06.549-07:00", "status": "ok", "reasons": ["current_change"]}
POWER_MONITOR_RECORD {"timestamp_pacific": "2026-08-04T21:16:07.556-07:00", "status": "ok", "reasons": ["current_change"]}
POWER_MONITOR_RECORD {"timestamp_pacific": "2026-08-04T21:16:11.566-07:00", "status": "ok", "reasons": ["current_change"]}
POWER_MONITOR_RECORD {"timestamp_pacific": "2026-08-04T21:16:13.574-07:00", "status": "ok", "reasons": ["current_change"]}
POWER_MONITOR_RECORD {"timestamp_pacific": "2026-08-04T21:16:14.581-07:00", "status": "ok", "reasons": ["current_change"]}
POWER_MONITOR_RECORD {"timestamp_pacific": "2026-08-04T21:16:15.587-07:00", "status": "ok", "reasons": ["current_change"]}
POWER_MONITOR_RECORD {"timestamp_pacific": "2026-08-04T21:16:16.596-07:00", "status": "ok", "reasons": ["current_change"]}
POWER_MONITOR_RECORD {"timestamp_pacific": "2026-08-04T21:16:17.602-07:00", "status": "ok", "reasons": ["current_change"]}
POWER_MONITOR_RECORD {"timestamp_pacific": "2026-08-04T21:16:18.608-07:00", "status": "ok", "reasons": ["current_change"]}
POWER_MONITOR_RECORD {"timestamp_pacific": "2026-08-04T21:16:20.621-07:00", "status": "ok", "reasons": ["current_change"]}
POWER_MONITOR_RECORD {"timestamp_pacific": "2026-08-04T21:16:21.630-07:00", "status": "ok", "reasons": ["current_change"]}
POWER_MONITOR_RECORD {"timestamp_pacific": "2026-08-04T21:16:23.642-07:00", "status": "ok", "reasons": ["current_change"]}
POWER_MONITOR_RECORD {"timestamp_pacific": "2026-08-04T21:16:26.662-07:00", "status": "ok", "reasons": ["current_change"]}
POWER_MONITOR_RECORD {"timestamp_pacific": "2026-08-04T21:16:27.668-07:00", "status": "ok", "reasons": ["current_change"]}
POWER_MONITOR_RECORD {"timestamp_pacific": "2026-08-04T21:16:28.675-07:00", "status": "ok", "reasons": ["current_change"]}
POWER_MONITOR_RECORD {"timestamp_pacific": "2026-08-04T21:16:30.687-07:00", "status": "ok", "reasons": ["current_change"]}
POWER_MONITOR_RECORD {"timestamp_pacific": "2026-08-04T21:16:32.699-07:00", "status": "ok", "reasons": ["current_change"]}
POWER_MONITOR_RECORD {"timestamp_pacific": "2026-08-04T21:16:34.712-07:00", "status": "ok", "reasons": ["current_change"]}
POWER_MONITOR_RECORD {"timestamp_pacific": "2026-08-04T21:16:36.724-07:00", "status": "ok", "reasons": ["current_change"]}
POWER_MONITOR_RECORD {"timestamp_pacific": "2026-08-04T21:16:37.732-07:00", "status": "ok", "reasons": ["current_change"]}
POWER_MONITOR_RECORD {"timestamp_pacific": "2026-08-04T21:16:38.739-07:00", "status": "ok", "reasons": ["current_change"]}
POWER_MONITOR_RECORD {"timestamp_pacific": "2026-08-04T21:16:39.745-07:00", "status": "ok", "reasons": ["current_change"]}
POWER_MONITOR_RECORD {"timestamp_pacific": "2026-08-04T21:16:40.752-07:00", "status": "ok", "reasons": ["current_change"]}
POWER_MONITOR_RECORD {"timestamp_pacific": "2026-08-04T21:16:42.766-07:00", "status": "ok", "reasons": ["current_change"]}
POWER_MONITOR_RECORD {"timestamp_pacific": "2026-08-04T21:16:43.772-07:00", "status": "ok", "reasons": ["current_change"]}
POWER_MONITOR_RECORD {"timestamp_pacific": "2026-08-04T21:16:45.785-07:00", "status": "ok", "reasons": ["current_change"]}
POWER_MONITOR_RECORD {"timestamp_pacific": "2026-08-04T21:16:46.791-07:00", "status": "ok", "reasons": ["current_change"]}
POWER_MONITOR_RECORD {"timestamp_pacific": "2026-08-04T21:16:48.805-07:00", "status": "ok", "reasons": ["current_change"]}
POWER_MONITOR_RECORD {"timestamp_pacific": "2026-08-04T21:16:49.811-07:00", "status": "ok", "reasons": ["current_change"]}
POWER_MONITOR_RECORD {"timestamp_pacific": "2026-08-04T21:16:52.830-07:00", "status": "ok", "reasons": ["current_change"]}
POWER_MONITOR_RECORD {"timestamp_pacific": "2026-08-04T21:16:53.838-07:00", "status": "ok", "reasons": ["current_change"]}
POWER_MONITOR_RECORD {"timestamp_pacific": "2026-08-04T21:16:54.844-07:00", "status": "ok", "reasons": ["current_change"]}
POWER_MONITOR_RECORD {"timestamp_pacific": "2026-08-04T21:16:55.851-07:00", "status": "ok", "reasons": ["current_change"]}
POWER_MONITOR_RECORD {"timestamp_pacific": "2026-08-04T21:16:58.871-07:00", "status": "ok", "reasons": ["current_change"]}
POWER_MONITOR_RECORD {"timestamp_pacific": "2026-08-04T21:17:05.911-07:00", "status": "ok", "reasons": ["current_change"]}
POWER_MONITOR_RECORD {"timestamp_pacific": "2026-08-04T21:17:08.926-07:00", "status": "ok", "reasons": ["current_change"]}
POWER_MONITOR_RECORD {"timestamp_pacific": "2026-08-04T21:17:11.933-07:00", "status": "ok", "reasons": ["current_change"]}
POWER_MONITOR_RECORD {"timestamp_pacific": "2026-08-04T21:17:13.944-07:00", "status": "ok", "reasons": ["current_change"]}
POWER_MONITOR_RECORD {"timestamp_pacific": "2026-08-04T21:17:15.956-07:00", "status": "ok", "reasons": ["current_change"]}
POWER_MONITOR_RECORD {"timestamp_pacific": "2026-08-04T21:17:16.963-07:00", "status": "ok", "reasons": ["current_change"]}
POWER_MONITOR_RECORD {"timestamp_pacific": "2026-08-04T21:17:19.981-07:00", "status": "ok", "reasons": ["current_change"]}
POWER_MONITOR_RECORD {"timestamp_pacific": "2026-08-04T21:17:24.005-07:00", "status": "ok", "reasons": ["current_change"]}
POWER_MONITOR_RECORD {"timestamp_pacific": "2026-08-04T21:17:25.014-07:00", "status": "ok", "reasons": ["current_change"]}
POWER_MONITOR_RECORD {"timestamp_pacific": "2026-08-04T21:17:26.020-07:00", "status": "ok", "reasons": ["current_change"]}
POWER_MONITOR_RECORD {"timestamp_pacific": "2026-08-04T21:17:27.027-07:00", "status": "ok", "reasons": ["current_change"]}
POWER_MONITOR_RECORD {"timestamp_pacific": "2026-08-04T21:17:28.033-07:00", "status": "ok", "reasons": ["current_change"]}
POWER_MONITOR_RECORD {"timestamp_pacific": "2026-08-04T21:17:29.040-07:00", "status": "ok", "reasons": ["current_change"]}
POWER_MONITOR_RECORD {"timestamp_pacific": "2026-08-04T21:17:31.052-07:00", "status": "ok", "reasons": ["current_change"]}
POWER_MONITOR_RECORD {"timestamp_pacific": "2026-08-04T21:17:33.064-07:00", "status": "ok", "reasons": ["current_change"]}
POWER_MONITOR_RECORD {"timestamp_pacific": "2026-08-04T21:17:41.111-07:00", "status": "ok", "reasons": ["current_change"]}
POWER_MONITOR_RECORD {"timestamp_pacific": "2026-08-04T21:17:43.124-07:00", "status": "ok", "reasons": ["current_change"]}
POWER_MONITOR_RECORD {"timestamp_pacific": "2026-08-04T21:17:44.130-07:00", "status": "ok", "reasons": ["current_change"]}
POWER_MONITOR_RECORD {"timestamp_pacific": "2026-08-04T21:17:45.137-07:00", "status": "ok", "reasons": ["current_change"]}
POWER_MONITOR_RECORD {"timestamp_pacific": "2026-08-04T21:17:48.155-07:00", "status": "ok", "reasons": ["current_change"]}
POWER_MONITOR_RECORD {"timestamp_pacific": "2026-08-04T21:17:49.161-07:00", "status": "ok", "reasons": ["current_change"]}
POWER_MONITOR_RECORD {"timestamp_pacific": "2026-08-04T21:17:53.187-07:00", "status": "ok", "reasons": ["current_change"]}
POWER_MONITOR_RECORD {"timestamp_pacific": "2026-08-04T21:17:55.199-07:00", "status": "ok", "reasons": ["current_change"]}
POWER_MONITOR_RECORD {"timestamp_pacific": "2026-08-04T21:17:56.206-07:00", "status": "ok", "reasons": ["current_change"]}
POWER_MONITOR_RECORD {"timestamp_pacific": "2026-08-04T21:18:04.253-07:00", "status": "ok", "reasons": ["current_change"]}
POWER_MONITOR_RECORD {"timestamp_pacific": "2026-08-04T21:18:05.260-07:00", "status": "ok", "reasons": ["current_change"]}
POWER_MONITOR_RECORD {"timestamp_pacific": "2026-08-04T21:18:07.272-07:00", "status": "ok", "reasons": ["current_change"]}
POWER_MONITOR_RECORD {"timestamp_pacific": "2026-08-04T21:18:14.312-07:00", "status": "ok", "reasons": ["current_change"]}
POWER_MONITOR_RECORD {"timestamp_pacific": "2026-08-04T21:18:15.318-07:00", "status": "ok", "reasons": ["current_change"]}
POWER_MONITOR_RECORD {"timestamp_pacific": "2026-08-04T21:18:16.325-07:00", "status": "ok", "reasons": ["current_change"]}
POWER_MONITOR_RECORD {"timestamp_pacific": "2026-08-04T21:18:18.337-07:00", "status": "ok", "reasons": ["current_change"]}
POWER_MONITOR_RECORD {"timestamp_pacific": "2026-08-04T21:18:19.345-07:00", "status": "ok", "reasons": ["current_change"]}
POWER_MONITOR_RECORD {"timestamp_pacific": "2026-08-04T21:18:21.357-07:00", "status": "ok", "reasons": ["current_change"]}
POWER_MONITOR_RECORD {"timestamp_pacific": "2026-08-04T21:18:22.364-07:00", "status": "ok", "reasons": ["current_change"]}
POWER_MONITOR_RECORD {"timestamp_pacific": "2026-08-04T21:18:23.371-07:00", "status": "ok", "reasons": ["current_change"]}
POWER_MONITOR_RECORD {"timestamp_pacific": "2026-08-04T21:18:29.406-07:00", "status": "ok", "reasons": ["current_change"]}
POWER_MONITOR_RECORD {"timestamp_pacific": "2026-08-04T21:18:30.413-07:00", "status": "ok", "reasons": ["current_change"]}
POWER_MONITOR_RECORD {"timestamp_pacific": "2026-08-04T21:18:31.419-07:00", "status": "ok", "reasons": ["current_change"]}
POWER_MONITOR_RECORD {"timestamp_pacific": "2026-08-04T21:18:35.445-07:00", "status": "ok", "reasons": ["current_change"]}
POWER_MONITOR_RECORD {"timestamp_pacific": "2026-08-04T21:18:36.452-07:00", "status": "ok", "reasons": ["current_change"]}
POWER_MONITOR_RECORD {"timestamp_pacific": "2026-08-04T21:18:50.535-07:00", "status": "ok", "reasons": ["current_change"]}
POWER_MONITOR_RECORD {"timestamp_pacific": "2026-08-04T21:18:51.542-07:00", "status": "ok", "reasons": ["current_change"]}
POWER_MONITOR_RECORD {"timestamp_pacific": "2026-08-04T21:18:53.554-07:00", "status": "ok", "reasons": ["current_change"]}
POWER_MONITOR_RECORD {"timestamp_pacific": "2026-08-04T21:18:58.584-07:00", "status": "ok", "reasons": ["current_change"]}
POWER_MONITOR_RECORD {"timestamp_pacific": "2026-08-04T21:19:01.602-07:00", "status": "ok", "reasons": ["current_change"]}
POWER_MONITOR_RECORD {"timestamp_pacific": "2026-08-04T21:19:05.626-07:00", "status": "ok", "reasons": ["current_change"]}
POWER_MONITOR_RECORD {"timestamp_pacific": "2026-08-04T21:19:06.632-07:00", "status": "ok", "reasons": ["current_change"]}
POWER_MONITOR_RECORD {"timestamp_pacific": "2026-08-04T21:19:10.646-07:00", "status": "ok", "reasons": ["current_change"]}
POWER_MONITOR_RECORD {"timestamp_pacific": "2026-08-04T21:19:11.649-07:00", "status": "ok", "reasons": ["current_change"]}
POWER_MONITOR_RECORD {"timestamp_pacific": "2026-08-04T21:19:12.651-07:00", "status": "ok", "reasons": ["current_change"]}
POWER_MONITOR_RECORD {"timestamp_pacific": "2026-08-04T21:19:23.716-07:00", "status": "ok", "reasons": ["current_change"]}
POWER_MONITOR_RECORD {"timestamp_pacific": "2026-08-04T21:19:27.740-07:00", "status": "ok", "reasons": ["current_change"]}
POWER_MONITOR_RECORD {"timestamp_pacific": "2026-08-04T21:19:31.764-07:00", "status": "ok", "reasons": ["current_change"]}
POWER_MONITOR_RECORD {"timestamp_pacific": "2026-08-04T21:19:38.805-07:00", "status": "ok", "reasons": ["current_change"]}
POWER_MONITOR_RECORD {"timestamp_pacific": "2026-08-04T21:19:45.846-07:00", "status": "ok", "reasons": ["current_change"]}
POWER_MONITOR_RECORD {"timestamp_pacific": "2026-08-04T21:19:46.853-07:00", "status": "ok", "reasons": ["current_change"]}
POWER_MONITOR_RECORD {"timestamp_pacific": "2026-08-04T21:19:47.859-07:00", "status": "ok", "reasons": ["current_change"]}
POWER_MONITOR_RECORD {"timestamp_pacific": "2026-08-04T21:19:49.872-07:00", "status": "ok", "reasons": ["current_change"]}
POWER_MONITOR_RECORD {"timestamp_pacific": "2026-08-04T21:19:50.878-07:00", "status": "ok", "reasons": ["current_change"]}
POWER_MONITOR_RECORD {"timestamp_pacific": "2026-08-04T21:19:51.886-07:00", "status": "ok", "reasons": ["current_change"]}
POWER_MONITOR_RECORD {"timestamp_pacific": "2026-08-04T21:19:55.910-07:00", "status": "ok", "reasons": ["current_change"]}
POWER_MONITOR_RECORD {"timestamp_pacific": "2026-08-04T21:19:59.937-07:00", "status": "ok", "reasons": ["current_change"]}
POWER_MONITOR_RECORD {"timestamp_pacific": "2026-08-04T21:20:05.973-07:00", "status": "ok", "reasons": ["current_change"]}
POWER_MONITOR_RECORD {"timestamp_pacific": "2026-08-04T21:20:06.979-07:00", "status": "ok", "reasons": ["current_change"]}
POWER_MONITOR_RECORD {"timestamp_pacific": "2026-08-04T21:20:07.986-07:00", "status": "ok", "reasons": ["current_change"]}
POWER_MONITOR_RECORD {"timestamp_pacific": "2026-08-04T21:20:11.996-07:00", "status": "ok", "reasons": ["current_change"]}
POWER_MONITOR_RECORD {"timestamp_pacific": "2026-08-04T21:20:24.062-07:00", "status": "ok", "reasons": ["current_change"]}
POWER_MONITOR_RECORD {"timestamp_pacific": "2026-08-04T21:20:31.104-07:00", "status": "ok", "reasons": ["current_change"]}
POWER_MONITOR_RECORD {"timestamp_pacific": "2026-08-04T21:20:32.110-07:00", "status": "ok", "reasons": ["current_change"]}
POWER_MONITOR_RECORD {"timestamp_pacific": "2026-08-04T21:20:37.140-07:00", "status": "ok", "reasons": ["current_change"]}
POWER_MONITOR_RECORD {"timestamp_pacific": "2026-08-04T21:20:38.146-07:00", "status": "ok", "reasons": ["current_change"]}
POWER_MONITOR_RECORD {"timestamp_pacific": "2026-08-04T21:20:39.153-07:00", "status": "ok", "reasons": ["current_change"]}
POWER_MONITOR_RECORD {"timestamp_pacific": "2026-08-04T21:20:46.194-07:00", "status": "ok", "reasons": ["current_change"]}
POWER_MONITOR_RECORD {"timestamp_pacific": "2026-08-04T21:20:49.212-07:00", "status": "ok", "reasons": ["current_change"]}
POWER_MONITOR_RECORD {"timestamp_pacific": "2026-08-04T21:20:54.242-07:00", "status": "ok", "reasons": ["current_change"]}
POWER_MONITOR_RECORD {"timestamp_pacific": "2026-08-04T21:20:56.256-07:00", "status": "ok", "reasons": ["current_change"]}
POWER_MONITOR_RECORD {"timestamp_pacific": "2026-08-04T21:21:00.280-07:00", "status": "ok", "reasons": ["current_change"]}
POWER_MONITOR_RECORD {"timestamp_pacific": "2026-08-04T21:21:14.345-07:00", "status": "ok", "reasons": ["current_change"]}
POWER_MONITOR_RECORD {"timestamp_pacific": "2026-08-04T21:21:20.381-07:00", "status": "ok", "reasons": ["current_change"]}
POWER_MONITOR_RECORD {"timestamp_pacific": "2026-08-04T21:21:21.387-07:00", "status": "ok", "reasons": ["current_change"]}
POWER_MONITOR_RECORD {"timestamp_pacific": "2026-08-04T21:21:28.429-07:00", "status": "ok", "reasons": ["current_change"]}
POWER_MONITOR_RECORD {"timestamp_pacific": "2026-08-04T21:21:29.435-07:00", "status": "ok", "reasons": ["current_change"]}
POWER_MONITOR_RECORD {"timestamp_pacific": "2026-08-04T21:21:30.442-07:00", "status": "ok", "reasons": ["current_change"]}
POWER_MONITOR_RECORD {"timestamp_pacific": "2026-08-04T21:21:31.448-07:00", "status": "ok", "reasons": ["current_change"]}
POWER_MONITOR_RECORD {"timestamp_pacific": "2026-08-04T21:21:32.455-07:00", "status": "ok", "reasons": ["current_change"]}
POWER_MONITOR_RECORD {"timestamp_pacific": "2026-08-04T21:21:33.461-07:00", "status": "ok", "reasons": ["current_change"]}
POWER_MONITOR_RECORD {"timestamp_pacific": "2026-08-04T21:21:34.469-07:00", "status": "ok", "reasons": ["current_change"]}
POWER_MONITOR_RECORD {"timestamp_pacific": "2026-08-04T21:21:35.476-07:00", "status": "ok", "reasons": ["current_change"]}
POWER_MONITOR_RECORD {"timestamp_pacific": "2026-08-04T21:21:41.511-07:00", "status": "ok", "reasons": ["current_change"]}
POWER_MONITOR_RECORD {"timestamp_pacific": "2026-08-04T21:21:43.523-07:00", "status": "ok", "reasons": ["current_change"]}
POWER_MONITOR_RECORD {"timestamp_pacific": "2026-08-04T21:21:44.530-07:00", "status": "ok", "reasons": ["current_change"]}
POWER_MONITOR_RECORD {"timestamp_pacific": "2026-08-04T21:21:45.536-07:00", "status": "ok", "reasons": ["current_change"]}
POWER_MONITOR_RECORD {"timestamp_pacific": "2026-08-04T21:21:46.543-07:00", "status": "ok", "reasons": ["current_change"]}
POWER_MONITOR_RECORD {"timestamp_pacific": "2026-08-04T21:21:47.551-07:00", "status": "ok", "reasons": ["current_change"]}
POWER_MONITOR_RECORD {"timestamp_pacific": "2026-08-04T21:21:59.621-07:00", "status": "ok", "reasons": ["current_change"]}
POWER_MONITOR_RECORD {"timestamp_pacific": "2026-08-04T21:22:00.628-07:00", "status": "ok", "reasons": ["current_change"]}
POWER_MONITOR_RECORD {"timestamp_pacific": "2026-08-04T21:22:01.635-07:00", "status": "ok", "reasons": ["current_change"]}
POWER_MONITOR_RECORD {"timestamp_pacific": "2026-08-04T21:22:02.641-07:00", "status": "ok", "reasons": ["current_change"]}
POWER_MONITOR_RECORD {"timestamp_pacific": "2026-08-04T21:22:05.660-07:00", "status": "ok", "reasons": ["current_change"]}
POWER_MONITOR_RECORD {"timestamp_pacific": "2026-08-04T21:22:06.666-07:00", "status": "ok", "reasons": ["current_change"]}
POWER_MONITOR_RECORD {"timestamp_pacific": "2026-08-04T21:22:09.677-07:00", "status": "ok", "reasons": ["current_change"]}
POWER_MONITOR_RECORD {"timestamp_pacific": "2026-08-04T21:22:10.680-07:00", "status": "ok", "reasons": ["current_change"]}
POWER_MONITOR_RECORD {"timestamp_pacific": "2026-08-04T21:22:11.683-07:00", "status": "ok", "reasons": ["current_change"]}
POWER_MONITOR_RECORD {"timestamp_pacific": "2026-08-04T21:22:12.685-07:00", "status": "ok", "reasons": ["current_change"]}
POWER_MONITOR_RECORD {"timestamp_pacific": "2026-08-04T21:22:25.762-07:00", "status": "ok", "reasons": ["current_change"]}
POWER_MONITOR_RECORD {"timestamp_pacific": "2026-08-04T21:22:26.768-07:00", "status": "ok", "reasons": ["current_change"]}
POWER_MONITOR_RECORD {"timestamp_pacific": "2026-08-04T21:22:27.775-07:00", "status": "ok", "reasons": ["current_change"]}
POWER_MONITOR_RECORD {"timestamp_pacific": "2026-08-04T21:22:28.781-07:00", "status": "ok", "reasons": ["current_change"]}
POWER_MONITOR_RECORD {"timestamp_pacific": "2026-08-04T21:22:32.805-07:00", "status": "ok", "reasons": ["current_change"]}
POWER_MONITOR_RECORD {"timestamp_pacific": "2026-08-04T21:22:34.818-07:00", "status": "ok", "reasons": ["current_change"]}
POWER_MONITOR_RECORD {"timestamp_pacific": "2026-08-04T21:22:36.830-07:00", "status": "ok", "reasons": ["current_change"]}
POWER_MONITOR_RECORD {"timestamp_pacific": "2026-08-04T21:22:38.842-07:00", "status": "ok", "reasons": ["current_change"]}
POWER_MONITOR_RECORD {"timestamp_pacific": "2026-08-04T21:22:39.849-07:00", "status": "ok", "reasons": ["current_change"]}
POWER_MONITOR_RECORD {"timestamp_pacific": "2026-08-04T21:22:47.896-07:00", "status": "ok", "reasons": ["current_change"]}
POWER_MONITOR_RECORD {"timestamp_pacific": "2026-08-04T21:22:48.902-07:00", "status": "ok", "reasons": ["current_change"]}
POWER_MONITOR_RECORD {"timestamp_pacific": "2026-08-04T21:22:51.920-07:00", "status": "ok", "reasons": ["current_change"]}
POWER_MONITOR_RECORD {"timestamp_pacific": "2026-08-04T21:22:53.933-07:00", "status": "ok", "reasons": ["current_change"]}
POWER_MONITOR_RECORD {"timestamp_pacific": "2026-08-04T21:22:58.975-07:00", "status": "ok", "reasons": ["current_change"]}
POWER_MONITOR_RECORD {"timestamp_pacific": "2026-08-04T21:23:00.987-07:00", "status": "ok", "reasons": ["current_change"]}
POWER_MONITOR_RECORD {"timestamp_pacific": "2026-08-04T21:23:05.011-07:00", "status": "ok", "reasons": ["current_change"]}
POWER_MONITOR_RECORD {"timestamp_pacific": "2026-08-04T21:23:07.024-07:00", "status": "ok", "reasons": ["current_change"]}
POWER_MONITOR_RECORD {"timestamp_pacific": "2026-08-04T21:23:16.077-07:00", "status": "ok", "reasons": ["current_change"]}
POWER_MONITOR_RECORD {"timestamp_pacific": "2026-08-04T21:23:26.135-07:00", "status": "ok", "reasons": ["current_change"]}
POWER_MONITOR_RECORD {"timestamp_pacific": "2026-08-04T21:23:33.177-07:00", "status": "ok", "reasons": ["current_change"]}
POWER_MONITOR_RECORD {"timestamp_pacific": "2026-08-04T21:23:42.230-07:00", "status": "ok", "reasons": ["current_change"]}
POWER_MONITOR_RECORD {"timestamp_pacific": "2026-08-04T21:23:49.271-07:00", "status": "ok", "reasons": ["current_change"]}
POWER_MONITOR_RECORD {"timestamp_pacific": "2026-08-04T21:23:50.277-07:00", "status": "ok", "reasons": ["current_change"]}
POWER_MONITOR_RECORD {"timestamp_pacific": "2026-08-04T21:23:53.295-07:00", "status": "ok", "reasons": ["current_change"]}
POWER_MONITOR_RECORD {"timestamp_pacific": "2026-08-04T21:23:57.319-07:00", "status": "ok", "reasons": ["current_change"]}
POWER_MONITOR_RECORD {"timestamp_pacific": "2026-08-04T21:23:58.326-07:00", "status": "ok", "reasons": ["current_change"]}
POWER_MONITOR_RECORD {"timestamp_pacific": "2026-08-04T21:24:00.338-07:00", "status": "ok", "reasons": ["current_change"]}
POWER_MONITOR_RECORD {"timestamp_pacific": "2026-08-04T21:24:01.344-07:00", "status": "ok", "reasons": ["current_change"]}
POWER_MONITOR_RECORD {"timestamp_pacific": "2026-08-04T21:24:03.357-07:00", "status": "ok", "reasons": ["current_change"]}
POWER_MONITOR_RECORD {"timestamp_pacific": "2026-08-04T21:24:05.369-07:00", "status": "ok", "reasons": ["current_change"]}
POWER_MONITOR_RECORD {"timestamp_pacific": "2026-08-04T21:24:06.376-07:00", "status": "ok", "reasons": ["current_change"]}
POWER_MONITOR_RECORD {"timestamp_pacific": "2026-08-04T21:24:08.387-07:00", "status": "ok", "reasons": ["current_change"]}
POWER_MONITOR_RECORD {"timestamp_pacific": "2026-08-04T21:24:13.404-07:00", "status": "ok", "reasons": ["current_change"]}
POWER_MONITOR_RECORD {"timestamp_pacific": "2026-08-04T21:24:14.411-07:00", "status": "ok", "reasons": ["current_change"]}
POWER_MONITOR_RECORD {"timestamp_pacific": "2026-08-04T21:24:20.446-07:00", "status": "ok", "reasons": ["current_change"]}
POWER_MONITOR_RECORD {"timestamp_pacific": "2026-08-04T21:24:21.453-07:00", "status": "ok", "reasons": ["current_change"]}
POWER_MONITOR_RECORD {"timestamp_pacific": "2026-08-04T21:24:22.459-07:00", "status": "ok", "reasons": ["current_change"]}
POWER_MONITOR_RECORD {"timestamp_pacific": "2026-08-04T21:24:29.501-07:00", "status": "ok", "reasons": ["current_change"]}
POWER_MONITOR_RECORD {"timestamp_pacific": "2026-08-04T21:24:31.513-07:00", "status": "ok", "reasons": ["current_change"]}
POWER_MONITOR_RECORD {"timestamp_pacific": "2026-08-04T21:24:35.537-07:00", "status": "ok", "reasons": ["current_change"]}
POWER_MONITOR_RECORD {"timestamp_pacific": "2026-08-04T21:24:42.578-07:00", "status": "ok", "reasons": ["current_change"]}
POWER_MONITOR_RECORD {"timestamp_pacific": "2026-08-04T21:24:43.585-07:00", "status": "ok", "reasons": ["current_change"]}
POWER_MONITOR_RECORD {"timestamp_pacific": "2026-08-04T21:24:45.597-07:00", "status": "ok", "reasons": ["current_change"]}
POWER_MONITOR_RECORD {"timestamp_pacific": "2026-08-04T21:24:46.604-07:00", "status": "ok", "reasons": ["current_change"]}
POWER_MONITOR_RECORD {"timestamp_pacific": "2026-08-04T21:24:47.612-07:00", "status": "ok", "reasons": ["current_change"]}
POWER_MONITOR_RECORD {"timestamp_pacific": "2026-08-04T21:25:03.705-07:00", "status": "ok", "reasons": ["current_change"]}
POWER_MONITOR_RECORD {"timestamp_pacific": "2026-08-04T21:25:04.712-07:00", "status": "ok", "reasons": ["current_change"]}
POWER_MONITOR_RECORD {"timestamp_pacific": "2026-08-04T21:25:05.718-07:00", "status": "ok", "reasons": ["current_change"]}
POWER_MONITOR_RECORD {"timestamp_pacific": "2026-08-04T21:25:06.725-07:00", "status": "ok", "reasons": ["current_change"]}
POWER_MONITOR_RECORD {"timestamp_pacific": "2026-08-04T21:25:08.737-07:00", "status": "ok", "reasons": ["current_change"]}
POWER_MONITOR_RECORD {"timestamp_pacific": "2026-08-04T21:25:10.750-07:00", "status": "ok", "reasons": ["current_change"]}
POWER_MONITOR_RECORD {"timestamp_pacific": "2026-08-04T21:25:11.756-07:00", "status": "ok", "reasons": ["current_change"]}
POWER_MONITOR_RECORD {"timestamp_pacific": "2026-08-04T21:25:15.782-07:00", "status": "ok", "reasons": ["current_change"]}
POWER_MONITOR_RECORD {"timestamp_pacific": "2026-08-04T21:25:17.794-07:00", "status": "ok", "reasons": ["current_change"]}
POWER_MONITOR_RECORD {"timestamp_pacific": "2026-08-04T21:25:21.820-07:00", "status": "ok", "reasons": ["current_change"]}
POWER_MONITOR_RECORD {"timestamp_pacific": "2026-08-04T21:25:25.844-07:00", "status": "ok", "reasons": ["current_change"]}
POWER_MONITOR_RECORD {"timestamp_pacific": "2026-08-04T21:25:38.920-07:00", "status": "ok", "reasons": ["current_change"]}
POWER_MONITOR_RECORD {"timestamp_pacific": "2026-08-04T21:25:39.926-07:00", "status": "ok", "reasons": ["current_change"]}
POWER_MONITOR_RECORD {"timestamp_pacific": "2026-08-04T21:25:47.973-07:00", "status": "ok", "reasons": ["current_change"]}
POWER_MONITOR_RECORD {"timestamp_pacific": "2026-08-04T21:25:56.020-07:00", "status": "ok", "reasons": ["current_change"]}
POWER_MONITOR_RECORD {"timestamp_pacific": "2026-08-04T21:25:58.033-07:00", "status": "ok", "reasons": ["current_change"]}
POWER_MONITOR_RECORD {"timestamp_pacific": "2026-08-04T21:26:01.053-07:00", "status": "ok", "reasons": ["current_change"]}
POWER_MONITOR_RECORD {"timestamp_pacific": "2026-08-04T21:26:07.088-07:00", "status": "ok", "reasons": ["current_change"]}
POWER_MONITOR_RECORD {"timestamp_pacific": "2026-08-04T21:26:08.095-07:00", "status": "ok", "reasons": ["current_change"]}
POWER_MONITOR_RECORD {"timestamp_pacific": "2026-08-04T21:26:09.098-07:00", "status": "ok", "reasons": ["current_change"]}
POWER_MONITOR_RECORD {"timestamp_pacific": "2026-08-04T21:26:11.103-07:00", "status": "ok", "reasons": ["current_change"]}
POWER_MONITOR_RECORD {"timestamp_pacific": "2026-08-04T21:26:19.147-07:00", "status": "ok", "reasons": ["current_change"]}
POWER_MONITOR_RECORD {"timestamp_pacific": "2026-08-04T21:26:21.160-07:00", "status": "ok", "reasons": ["current_change"]}
POWER_MONITOR_RECORD {"timestamp_pacific": "2026-08-04T21:26:28.201-07:00", "status": "ok", "reasons": ["current_change"]}
POWER_MONITOR_RECORD {"timestamp_pacific": "2026-08-04T21:26:31.219-07:00", "status": "ok", "reasons": ["current_change"]}
POWER_MONITOR_RECORD {"timestamp_pacific": "2026-08-04T21:26:33.232-07:00", "status": "ok", "reasons": ["current_change"]}
POWER_MONITOR_RECORD {"timestamp_pacific": "2026-08-04T21:26:45.302-07:00", "status": "ok", "reasons": ["current_change"]}
POWER_MONITOR_RECORD {"timestamp_pacific": "2026-08-04T21:26:46.308-07:00", "status": "ok", "reasons": ["current_change"]}
POWER_MONITOR_RECORD {"timestamp_pacific": "2026-08-04T21:26:51.338-07:00", "status": "ok", "reasons": ["current_change"]}
POWER_MONITOR_RECORD {"timestamp_pacific": "2026-08-04T21:26:53.350-07:00", "status": "ok", "reasons": ["current_change"]}
POWER_MONITOR_RECORD {"timestamp_pacific": "2026-08-04T21:26:56.370-07:00", "status": "ok", "reasons": ["current_change"]}
POWER_MONITOR_RECORD {"timestamp_pacific": "2026-08-04T21:26:57.376-07:00", "status": "ok", "reasons": ["current_change"]}
POWER_MONITOR_RECORD {"timestamp_pacific": "2026-08-04T21:27:03.412-07:00", "status": "ok", "reasons": ["current_change"]}
POWER_MONITOR_RECORD {"timestamp_pacific": "2026-08-04T21:27:04.419-07:00", "status": "ok", "reasons": ["current_change"]}
POWER_MONITOR_RECORD {"timestamp_pacific": "2026-08-04T21:27:05.425-07:00", "status": "ok", "reasons": ["current_change"]}
POWER_MONITOR_RECORD {"timestamp_pacific": "2026-08-04T21:27:06.432-07:00", "status": "ok", "reasons": ["current_change"]}
POWER_MONITOR_RECORD {"timestamp_pacific": "2026-08-04T21:27:13.473-07:00", "status": "ok", "reasons": ["current_change"]}
POWER_MONITOR_RECORD {"timestamp_pacific": "2026-08-04T21:27:14.480-07:00", "status": "ok", "reasons": ["current_change"]}
POWER_MONITOR_RECORD {"timestamp_pacific": "2026-08-04T21:27:30.575-07:00", "status": "ok", "reasons": ["current_change"]}
POWER_MONITOR_RECORD {"timestamp_pacific": "2026-08-04T21:27:31.582-07:00", "status": "ok", "reasons": ["current_change"]}
POWER_MONITOR_RECORD {"timestamp_pacific": "2026-08-04T21:27:35.607-07:00", "status": "ok", "reasons": ["current_change"]}
POWER_MONITOR_RECORD {"timestamp_pacific": "2026-08-04T21:27:36.614-07:00", "status": "ok", "reasons": ["current_change"]}
POWER_MONITOR_RECORD {"timestamp_pacific": "2026-08-04T21:27:42.650-07:00", "status": "ok", "reasons": ["current_change"]}
POWER_MONITOR_RECORD {"timestamp_pacific": "2026-08-04T21:27:44.662-07:00", "status": "ok", "reasons": ["current_change"]}
POWER_MONITOR_RECORD {"timestamp_pacific": "2026-08-04T21:27:46.674-07:00", "status": "ok", "reasons": ["current_change"]}
POWER_MONITOR_RECORD {"timestamp_pacific": "2026-08-04T21:27:47.682-07:00", "status": "ok", "reasons": ["current_change"]}
POWER_MONITOR_RECORD {"timestamp_pacific": "2026-08-04T21:27:48.688-07:00", "status": "ok", "reasons": ["current_change"]}
POWER_MONITOR_RECORD {"timestamp_pacific": "2026-08-04T21:27:50.701-07:00", "status": "ok", "reasons": ["current_change"]}
POWER_MONITOR_RECORD {"timestamp_pacific": "2026-08-04T21:27:55.731-07:00", "status": "ok", "reasons": ["current_change"]}
POWER_MONITOR_RECORD {"timestamp_pacific": "2026-08-04T21:27:58.749-07:00", "status": "ok", "reasons": ["current_change"]}
POWER_MONITOR_RECORD {"timestamp_pacific": "2026-08-04T21:28:03.779-07:00", "status": "ok", "reasons": ["current_change"]}
POWER_MONITOR_RECORD {"timestamp_pacific": "2026-08-04T21:28:04.785-07:00", "status": "ok", "reasons": ["current_change"]}
POWER_MONITOR_RECORD {"timestamp_pacific": "2026-08-04T21:28:09.815-07:00", "status": "ok", "reasons": ["current_change"]}
POWER_MONITOR_RECORD {"timestamp_pacific": "2026-08-04T21:28:10.822-07:00", "status": "ok", "reasons": ["current_change"]}
POWER_MONITOR_RECORD {"timestamp_pacific": "2026-08-04T21:28:16.857-07:00", "status": "ok", "reasons": ["current_change"]}
POWER_MONITOR_RECORD {"timestamp_pacific": "2026-08-04T21:28:20.881-07:00", "status": "ok", "reasons": ["current_change"]}
POWER_MONITOR_RECORD {"timestamp_pacific": "2026-08-04T21:28:23.899-07:00", "status": "ok", "reasons": ["current_change"]}
POWER_MONITOR_RECORD {"timestamp_pacific": "2026-08-04T21:28:24.906-07:00", "status": "ok", "reasons": ["current_change"]}
POWER_MONITOR_RECORD {"timestamp_pacific": "2026-08-04T21:28:25.912-07:00", "status": "ok", "reasons": ["current_change"]}
POWER_MONITOR_RECORD {"timestamp_pacific": "2026-08-04T21:28:27.925-07:00", "status": "ok", "reasons": ["current_change"]}
POWER_MONITOR_RECORD {"timestamp_pacific": "2026-08-04T21:28:28.933-07:00", "status": "ok", "reasons": ["current_change"]}
POWER_MONITOR_RECORD {"timestamp_pacific": "2026-08-04T21:28:31.951-07:00", "status": "ok", "reasons": ["current_change"]}
POWER_MONITOR_RECORD {"timestamp_pacific": "2026-08-04T21:28:35.975-07:00", "status": "ok", "reasons": ["current_change"]}
POWER_MONITOR_RECORD {"timestamp_pacific": "2026-08-04T21:28:39.999-07:00", "status": "ok", "reasons": ["current_change"]}
POWER_MONITOR_RECORD {"timestamp_pacific": "2026-08-04T21:28:41.008-07:00", "status": "ok", "reasons": ["current_change"]}
POWER_MONITOR_RECORD {"timestamp_pacific": "2026-08-04T21:28:48.049-07:00", "status": "ok", "reasons": ["current_change"]}
POWER_MONITOR_RECORD {"timestamp_pacific": "2026-08-04T21:28:49.055-07:00", "status": "ok", "reasons": ["current_change"]}
POWER_MONITOR_RECORD {"timestamp_pacific": "2026-08-04T21:29:00.120-07:00", "status": "ok", "reasons": ["current_change"]}
POWER_MONITOR_RECORD {"timestamp_pacific": "2026-08-04T21:29:01.125-07:00", "status": "ok", "reasons": ["current_change"]}
POWER_MONITOR_RECORD {"timestamp_pacific": "2026-08-04T21:29:03.137-07:00", "status": "ok", "reasons": ["current_change"]}
POWER_MONITOR_RECORD {"timestamp_pacific": "2026-08-04T21:29:04.144-07:00", "status": "ok", "reasons": ["current_change"]}
POWER_MONITOR_RECORD {"timestamp_pacific": "2026-08-04T21:29:05.152-07:00", "status": "ok", "reasons": ["current_change"]}
POWER_MONITOR_RECORD {"timestamp_pacific": "2026-08-04T21:29:07.164-07:00", "status": "ok", "reasons": ["current_change"]}
POWER_MONITOR_RECORD {"timestamp_pacific": "2026-08-04T21:29:10.183-07:00", "status": "ok", "reasons": ["current_change"]}
POWER_MONITOR_RECORD {"timestamp_pacific": "2026-08-04T21:29:17.218-07:00", "status": "ok", "reasons": ["current_change"]}
POWER_MONITOR_RECORD {"timestamp_pacific": "2026-08-04T21:29:18.224-07:00", "status": "ok", "reasons": ["current_change"]}
POWER_MONITOR_RECORD {"timestamp_pacific": "2026-08-04T21:29:29.289-07:00", "status": "ok", "reasons": ["current_change"]}
POWER_MONITOR_RECORD {"timestamp_pacific": "2026-08-04T21:29:30.295-07:00", "status": "ok", "reasons": ["current_change"]}
POWER_MONITOR_RECORD {"timestamp_pacific": "2026-08-04T21:29:34.321-07:00", "status": "ok", "reasons": ["current_change"]}
POWER_MONITOR_RECORD {"timestamp_pacific": "2026-08-04T21:29:35.327-07:00", "status": "ok", "reasons": ["current_change"]}
POWER_MONITOR_RECORD {"timestamp_pacific": "2026-08-04T21:29:36.334-07:00", "status": "ok", "reasons": ["current_change"]}
POWER_MONITOR_RECORD {"timestamp_pacific": "2026-08-04T21:29:37.340-07:00", "status": "ok", "reasons": ["current_change"]}
POWER_MONITOR_RECORD {"timestamp_pacific": "2026-08-04T21:29:38.347-07:00", "status": "ok", "reasons": ["current_change"]}
POWER_MONITOR_RECORD {"timestamp_pacific": "2026-08-04T21:29:39.353-07:00", "status": "ok", "reasons": ["current_change"]}
POWER_MONITOR_RECORD {"timestamp_pacific": "2026-08-04T21:29:43.379-07:00", "status": "ok", "reasons": ["current_change"]}
POWER_MONITOR_RECORD {"timestamp_pacific": "2026-08-04T21:29:46.397-07:00", "status": "ok", "reasons": ["current_change"]}
POWER_MONITOR_RECORD {"timestamp_pacific": "2026-08-04T21:29:48.409-07:00", "status": "ok", "reasons": ["current_change"]}
POWER_MONITOR_RECORD {"timestamp_pacific": "2026-08-04T21:29:51.428-07:00", "status": "ok", "reasons": ["current_change"]}
POWER_MONITOR_RECORD {"timestamp_pacific": "2026-08-04T21:29:52.434-07:00", "status": "ok", "reasons": ["current_change"]}
POWER_MONITOR_RECORD {"timestamp_pacific": "2026-08-04T21:29:56.458-07:00", "status": "ok", "reasons": ["current_change"]}
POWER_MONITOR_RECORD {"timestamp_pacific": "2026-08-04T21:29:57.466-07:00", "status": "ok", "reasons": ["current_change"]}
POWER_MONITOR_RECORD {"timestamp_pacific": "2026-08-04T21:29:58.472-07:00", "status": "ok", "reasons": ["current_change"]}
POWER_MONITOR_RECORD {"timestamp_pacific": "2026-08-04T21:30:01.490-07:00", "status": "ok", "reasons": ["current_change"]}
POWER_MONITOR_RECORD {"timestamp_pacific": "2026-08-04T21:30:05.515-07:00", "status": "ok", "reasons": ["current_change"]}
POWER_MONITOR_RECORD {"timestamp_pacific": "2026-08-04T21:30:06.522-07:00", "status": "ok", "reasons": ["current_change"]}
POWER_MONITOR_RECORD {"timestamp_pacific": "2026-08-04T21:30:10.537-07:00", "status": "ok", "reasons": ["current_change"]}
POWER_MONITOR_RECORD {"timestamp_pacific": "2026-08-04T21:30:11.539-07:00", "status": "ok", "reasons": ["current_change"]}
POWER_MONITOR_RECORD {"timestamp_pacific": "2026-08-04T21:30:12.542-07:00", "status": "ok", "reasons": ["current_change"]}
POWER_MONITOR_RECORD {"timestamp_pacific": "2026-08-04T21:30:13.549-07:00", "status": "ok", "reasons": ["current_change"]}
POWER_MONITOR_RECORD {"timestamp_pacific": "2026-08-04T21:30:14.555-07:00", "status": "ok", "reasons": ["current_change"]}
POWER_MONITOR_RECORD {"timestamp_pacific": "2026-08-04T21:30:16.567-07:00", "status": "ok", "reasons": ["current_change"]}
POWER_MONITOR_RECORD {"timestamp_pacific": "2026-08-04T21:30:19.587-07:00", "status": "ok", "reasons": ["current_change"]}
POWER_MONITOR_RECORD {"timestamp_pacific": "2026-08-04T21:30:20.593-07:00", "status": "ok", "reasons": ["current_change"]}
POWER_MONITOR_RECORD {"timestamp_pacific": "2026-08-04T21:30:22.606-07:00", "status": "ok", "reasons": ["current_change"]}
POWER_MONITOR_RECORD {"timestamp_pacific": "2026-08-04T21:30:24.618-07:00", "status": "ok", "reasons": ["current_change"]}
POWER_MONITOR_RECORD {"timestamp_pacific": "2026-08-04T21:30:27.636-07:00", "status": "ok", "reasons": ["current_change"]}
POWER_MONITOR_RECORD {"timestamp_pacific": "2026-08-04T21:30:29.648-07:00", "status": "ok", "reasons": ["current_change"]}
POWER_MONITOR_RECORD {"timestamp_pacific": "2026-08-04T21:30:32.667-07:00", "status": "ok", "reasons": ["current_change"]}
POWER_MONITOR_RECORD {"timestamp_pacific": "2026-08-04T21:30:37.698-07:00", "status": "ok", "reasons": ["current_change"]}
POWER_MONITOR_RECORD {"timestamp_pacific": "2026-08-04T21:30:39.711-07:00", "status": "ok", "reasons": ["current_change"]}
POWER_MONITOR_RECORD {"timestamp_pacific": "2026-08-04T21:30:53.793-07:00", "status": "ok", "reasons": ["current_change"]}
POWER_MONITOR_RECORD {"timestamp_pacific": "2026-08-04T21:30:56.812-07:00", "status": "ok", "reasons": ["current_change"]}
POWER_MONITOR_RECORD {"timestamp_pacific": "2026-08-04T21:30:57.818-07:00", "status": "ok", "reasons": ["current_change"]}
POWER_MONITOR_RECORD {"timestamp_pacific": "2026-08-04T21:31:00.836-07:00", "status": "ok", "reasons": ["current_change"]}
POWER_MONITOR_RECORD {"timestamp_pacific": "2026-08-04T21:31:01.843-07:00", "status": "ok", "reasons": ["current_change"]}
POWER_MONITOR_RECORD {"timestamp_pacific": "2026-08-04T21:31:03.855-07:00", "status": "ok", "reasons": ["current_change"]}
POWER_MONITOR_RECORD {"timestamp_pacific": "2026-08-04T21:31:04.862-07:00", "status": "ok", "reasons": ["current_change"]}
POWER_MONITOR_RECORD {"timestamp_pacific": "2026-08-04T21:31:07.880-07:00", "status": "ok", "reasons": ["current_change"]}
POWER_MONITOR_RECORD {"timestamp_pacific": "2026-08-04T21:31:10.887-07:00", "status": "ok", "reasons": ["current_change"]}
POWER_MONITOR_RECORD {"timestamp_pacific": "2026-08-04T21:31:13.899-07:00", "status": "ok", "reasons": ["current_change"]}
POWER_MONITOR_RECORD {"timestamp_pacific": "2026-08-04T21:31:15.912-07:00", "status": "ok", "reasons": ["current_change"]}
POWER_MONITOR_RECORD {"timestamp_pacific": "2026-08-04T21:31:17.924-07:00", "status": "ok", "reasons": ["current_change"]}
POWER_MONITOR_RECORD {"timestamp_pacific": "2026-08-04T21:31:19.937-07:00", "status": "ok", "reasons": ["current_change"]}
POWER_MONITOR_RECORD {"timestamp_pacific": "2026-08-04T21:31:21.949-07:00", "status": "ok", "reasons": ["current_change"]}
POWER_MONITOR_RECORD {"timestamp_pacific": "2026-08-04T21:31:24.967-07:00", "status": "ok", "reasons": ["current_change"]}
POWER_MONITOR_RECORD {"timestamp_pacific": "2026-08-04T21:31:26.981-07:00", "status": "ok", "reasons": ["current_change"]}
POWER_MONITOR_RECORD {"timestamp_pacific": "2026-08-04T21:31:31.005-07:00", "status": "ok", "reasons": ["current_change"]}
POWER_MONITOR_RECORD {"timestamp_pacific": "2026-08-04T21:31:35.029-07:00", "status": "ok", "reasons": ["current_change"]}
POWER_MONITOR_RECORD {"timestamp_pacific": "2026-08-04T21:31:37.042-07:00", "status": "ok", "reasons": ["current_change"]}
POWER_MONITOR_RECORD {"timestamp_pacific": "2026-08-04T21:31:38.048-07:00", "status": "ok", "reasons": ["current_change"]}
POWER_MONITOR_RECORD {"timestamp_pacific": "2026-08-04T21:31:43.078-07:00", "status": "ok", "reasons": ["current_change"]}
POWER_MONITOR_RECORD {"timestamp_pacific": "2026-08-04T21:31:44.084-07:00", "status": "ok", "reasons": ["current_change"]}
POWER_MONITOR_RECORD {"timestamp_pacific": "2026-08-04T21:31:48.108-07:00", "status": "ok", "reasons": ["current_change"]}
POWER_MONITOR_RECORD {"timestamp_pacific": "2026-08-04T21:31:49.116-07:00", "status": "ok", "reasons": ["current_change"]}
POWER_MONITOR_RECORD {"timestamp_pacific": "2026-08-04T21:31:51.128-07:00", "status": "ok", "reasons": ["current_change"]}
POWER_MONITOR_RECORD {"timestamp_pacific": "2026-08-04T21:31:55.152-07:00", "status": "ok", "reasons": ["current_change"]}
POWER_MONITOR_RECORD {"timestamp_pacific": "2026-08-04T21:31:56.159-07:00", "status": "ok", "reasons": ["current_change"]}
POWER_MONITOR_RECORD {"timestamp_pacific": "2026-08-04T21:31:58.171-07:00", "status": "ok", "reasons": ["current_change"]}
POWER_MONITOR_RECORD {"timestamp_pacific": "2026-08-04T21:32:01.190-07:00", "status": "ok", "reasons": ["current_change"]}
POWER_MONITOR_RECORD {"timestamp_pacific": "2026-08-04T21:32:02.196-07:00", "status": "ok", "reasons": ["current_change"]}
POWER_MONITOR_RECORD {"timestamp_pacific": "2026-08-04T21:32:04.208-07:00", "status": "ok", "reasons": ["current_change"]}
POWER_MONITOR_RECORD {"timestamp_pacific": "2026-08-04T21:32:05.215-07:00", "status": "ok", "reasons": ["current_change"]}
POWER_MONITOR_RECORD {"timestamp_pacific": "2026-08-04T21:32:06.222-07:00", "status": "ok", "reasons": ["current_change"]}
POWER_MONITOR_RECORD {"timestamp_pacific": "2026-08-04T21:32:08.233-07:00", "status": "ok", "reasons": ["current_change"]}
POWER_MONITOR_RECORD {"timestamp_pacific": "2026-08-04T21:32:09.239-07:00", "status": "ok", "reasons": ["current_change"]}
POWER_MONITOR_RECORD {"timestamp_pacific": "2026-08-04T21:32:10.246-07:00", "status": "ok", "reasons": ["current_change"]}
POWER_MONITOR_RECORD {"timestamp_pacific": "2026-08-04T21:32:11.252-07:00", "status": "ok", "reasons": ["current_change"]}
POWER_MONITOR_RECORD {"timestamp_pacific": "2026-08-04T21:32:14.272-07:00", "status": "ok", "reasons": ["current_change"]}
POWER_MONITOR_RECORD {"timestamp_pacific": "2026-08-04T21:32:15.279-07:00", "status": "ok", "reasons": ["current_change"]}
POWER_MONITOR_RECORD {"timestamp_pacific": "2026-08-04T21:32:17.291-07:00", "status": "ok", "reasons": ["current_change"]}
POWER_MONITOR_RECORD {"timestamp_pacific": "2026-08-04T21:32:21.315-07:00", "status": "ok", "reasons": ["current_change"]}
POWER_MONITOR_RECORD {"timestamp_pacific": "2026-08-04T21:32:22.322-07:00", "status": "ok", "reasons": ["current_change"]}
POWER_MONITOR_RECORD {"timestamp_pacific": "2026-08-04T21:32:25.342-07:00", "status": "ok", "reasons": ["current_change"]}
POWER_MONITOR_RECORD {"timestamp_pacific": "2026-08-04T21:32:27.354-07:00", "status": "ok", "reasons": ["current_change"]}
POWER_MONITOR_RECORD {"timestamp_pacific": "2026-08-04T21:32:28.362-07:00", "status": "ok", "reasons": ["current_change"]}
POWER_MONITOR_RECORD {"timestamp_pacific": "2026-08-04T21:32:31.380-07:00", "status": "ok", "reasons": ["current_change"]}
POWER_MONITOR_RECORD {"timestamp_pacific": "2026-08-04T21:32:34.398-07:00", "status": "ok", "reasons": ["current_change"]}
POWER_MONITOR_RECORD {"timestamp_pacific": "2026-08-04T21:32:35.404-07:00", "status": "ok", "reasons": ["current_change"]}
POWER_MONITOR_RECORD {"timestamp_pacific": "2026-08-04T21:32:39.432-07:00", "status": "ok", "reasons": ["current_change"]}
POWER_MONITOR_RECORD {"timestamp_pacific": "2026-08-04T21:32:40.438-07:00", "status": "ok", "reasons": ["current_change"]}
POWER_MONITOR_RECORD {"timestamp_pacific": "2026-08-04T21:32:41.445-07:00", "status": "ok", "reasons": ["current_change"]}
POWER_MONITOR_RECORD {"timestamp_pacific": "2026-08-04T21:32:44.463-07:00", "status": "ok", "reasons": ["current_change"]}
POWER_MONITOR_RECORD {"timestamp_pacific": "2026-08-04T21:32:45.473-07:00", "status": "ok", "reasons": ["current_change"]}
POWER_MONITOR_RECORD {"timestamp_pacific": "2026-08-04T21:32:48.491-07:00", "status": "ok", "reasons": ["current_change"]}
POWER_MONITOR_RECORD {"timestamp_pacific": "2026-08-04T21:32:51.509-07:00", "status": "ok", "reasons": ["current_change"]}
POWER_MONITOR_RECORD {"timestamp_pacific": "2026-08-04T21:32:56.539-07:00", "status": "ok", "reasons": ["current_change"]}
POWER_MONITOR_RECORD {"timestamp_pacific": "2026-08-04T21:32:57.548-07:00", "status": "ok", "reasons": ["current_change"]}
POWER_MONITOR_RECORD {"timestamp_pacific": "2026-08-04T21:33:01.572-07:00", "status": "ok", "reasons": ["current_change"]}
POWER_MONITOR_RECORD {"timestamp_pacific": "2026-08-04T21:33:03.588-07:00", "status": "ok", "reasons": ["current_change"]}
POWER_MONITOR_RECORD {"timestamp_pacific": "2026-08-04T21:33:04.594-07:00", "status": "ok", "reasons": ["current_change"]}
POWER_MONITOR_RECORD {"timestamp_pacific": "2026-08-04T21:33:05.601-07:00", "status": "ok", "reasons": ["current_change"]}
POWER_MONITOR_RECORD {"timestamp_pacific": "2026-08-04T21:33:06.607-07:00", "status": "ok", "reasons": ["current_change"]}
POWER_MONITOR_RECORD {"timestamp_pacific": "2026-08-04T21:33:09.622-07:00", "status": "ok", "reasons": ["current_change"]}
POWER_MONITOR_RECORD {"timestamp_pacific": "2026-08-04T21:33:10.624-07:00", "status": "ok", "reasons": ["current_change"]}
POWER_MONITOR_RECORD {"timestamp_pacific": "2026-08-04T21:33:12.630-07:00", "status": "ok", "reasons": ["current_change"]}
POWER_MONITOR_RECORD {"timestamp_pacific": "2026-08-04T21:33:16.654-07:00", "status": "ok", "reasons": ["current_change"]}
POWER_MONITOR_RECORD {"timestamp_pacific": "2026-08-04T21:33:22.689-07:00", "status": "ok", "reasons": ["current_change"]}
POWER_MONITOR_RECORD {"timestamp_pacific": "2026-08-04T21:33:24.702-07:00", "status": "ok", "reasons": ["current_change"]}
POWER_MONITOR_RECORD {"timestamp_pacific": "2026-08-04T21:33:26.714-07:00", "status": "ok", "reasons": ["current_change"]}
POWER_MONITOR_RECORD {"timestamp_pacific": "2026-08-04T21:33:29.732-07:00", "status": "ok", "reasons": ["current_change"]}
POWER_MONITOR_RECORD {"timestamp_pacific": "2026-08-04T21:33:30.738-07:00", "status": "ok", "reasons": ["current_change"]}
POWER_MONITOR_RECORD {"timestamp_pacific": "2026-08-04T21:33:31.745-07:00", "status": "ok", "reasons": ["current_change"]}
POWER_MONITOR_RECORD {"timestamp_pacific": "2026-08-04T21:33:34.766-07:00", "status": "ok", "reasons": ["current_change"]}
POWER_MONITOR_RECORD {"timestamp_pacific": "2026-08-04T21:33:37.784-07:00", "status": "ok", "reasons": ["current_change"]}
POWER_MONITOR_RECORD {"timestamp_pacific": "2026-08-04T21:33:38.794-07:00", "status": "ok", "reasons": ["current_change"]}
POWER_MONITOR_RECORD {"timestamp_pacific": "2026-08-04T21:33:39.800-07:00", "status": "ok", "reasons": ["current_change"]}
POWER_MONITOR_RECORD {"timestamp_pacific": "2026-08-04T21:33:40.807-07:00", "status": "ok", "reasons": ["current_change"]}
POWER_MONITOR_RECORD {"timestamp_pacific": "2026-08-04T21:33:45.836-07:00", "status": "ok", "reasons": ["current_change"]}
POWER_MONITOR_RECORD {"timestamp_pacific": "2026-08-04T21:33:46.843-07:00", "status": "ok", "reasons": ["current_change"]}
POWER_MONITOR_RECORD {"timestamp_pacific": "2026-08-04T21:33:47.849-07:00", "status": "ok", "reasons": ["current_change"]}
POWER_MONITOR_RECORD {"timestamp_pacific": "2026-08-04T21:33:54.891-07:00", "status": "ok", "reasons": ["current_change"]}
POWER_MONITOR_RECORD {"timestamp_pacific": "2026-08-04T21:33:55.897-07:00", "status": "ok", "reasons": ["current_change"]}
POWER_MONITOR_RECORD {"timestamp_pacific": "2026-08-04T21:33:58.915-07:00", "status": "ok", "reasons": ["current_change"]}
POWER_MONITOR_RECORD {"timestamp_pacific": "2026-08-04T21:33:59.922-07:00", "status": "ok", "reasons": ["current_change"]}
POWER_MONITOR_RECORD {"timestamp_pacific": "2026-08-04T21:34:01.934-07:00", "status": "ok", "reasons": ["current_change"]}
POWER_MONITOR_RECORD {"timestamp_pacific": "2026-08-04T21:34:02.941-07:00", "status": "ok", "reasons": ["current_change"]}
POWER_MONITOR_RECORD {"timestamp_pacific": "2026-08-04T21:34:03.951-07:00", "status": "ok", "reasons": ["current_change"]}
POWER_MONITOR_RECORD {"timestamp_pacific": "2026-08-04T21:34:12.986-07:00", "status": "ok", "reasons": ["current_change"]}
POWER_MONITOR_RECORD {"timestamp_pacific": "2026-08-04T21:34:13.992-07:00", "status": "ok", "reasons": ["current_change"]}
POWER_MONITOR_RECORD {"timestamp_pacific": "2026-08-04T21:34:14.998-07:00", "status": "ok", "reasons": ["current_change"]}
POWER_MONITOR_RECORD {"timestamp_pacific": "2026-08-04T21:34:16.005-07:00", "status": "ok", "reasons": ["current_change"]}
POWER_MONITOR_RECORD {"timestamp_pacific": "2026-08-04T21:34:18.029-07:00", "status": "ok", "reasons": ["current_change"]}
POWER_MONITOR_RECORD {"timestamp_pacific": "2026-08-04T21:34:20.042-07:00", "status": "ok", "reasons": ["current_change"]}
POWER_MONITOR_RECORD {"timestamp_pacific": "2026-08-04T21:34:22.054-07:00", "status": "ok", "reasons": ["current_change"]}
POWER_MONITOR_RECORD {"timestamp_pacific": "2026-08-04T21:34:23.061-07:00", "status": "ok", "reasons": ["current_change"]}
POWER_MONITOR_RECORD {"timestamp_pacific": "2026-08-04T21:34:25.076-07:00", "status": "ok", "reasons": ["current_change"]}
POWER_MONITOR_RECORD {"timestamp_pacific": "2026-08-04T21:34:27.089-07:00", "status": "ok", "reasons": ["current_change"]}
POWER_MONITOR_RECORD {"timestamp_pacific": "2026-08-04T21:34:28.095-07:00", "status": "ok", "reasons": ["current_change"]}
POWER_MONITOR_RECORD {"timestamp_pacific": "2026-08-04T21:34:33.129-07:00", "status": "ok", "reasons": ["current_change"]}
POWER_MONITOR_RECORD {"timestamp_pacific": "2026-08-04T21:34:34.138-07:00", "status": "ok", "reasons": ["current_change"]}
POWER_MONITOR_RECORD {"timestamp_pacific": "2026-08-04T21:34:36.150-07:00", "status": "ok", "reasons": ["current_change"]}
POWER_MONITOR_RECORD {"timestamp_pacific": "2026-08-04T21:34:37.157-07:00", "status": "ok", "reasons": ["current_change"]}
POWER_MONITOR_RECORD {"timestamp_pacific": "2026-08-04T21:34:38.163-07:00", "status": "ok", "reasons": ["current_change"]}
POWER_MONITOR_RECORD {"timestamp_pacific": "2026-08-04T21:34:41.185-07:00", "status": "ok", "reasons": ["current_change"]}
POWER_MONITOR_RECORD {"timestamp_pacific": "2026-08-04T21:34:43.197-07:00", "status": "ok", "reasons": ["current_change"]}
POWER_MONITOR_RECORD {"timestamp_pacific": "2026-08-04T21:34:44.207-07:00", "status": "ok", "reasons": ["current_change"]}
POWER_MONITOR_RECORD {"timestamp_pacific": "2026-08-04T21:34:46.219-07:00", "status": "ok", "reasons": ["current_change"]}
POWER_MONITOR_RECORD {"timestamp_pacific": "2026-08-04T21:34:55.272-07:00", "status": "ok", "reasons": ["current_change"]}
POWER_MONITOR_RECORD {"timestamp_pacific": "2026-08-04T21:34:56.279-07:00", "status": "ok", "reasons": ["current_change"]}
POWER_MONITOR_RECORD {"timestamp_pacific": "2026-08-04T21:34:58.291-07:00", "status": "ok", "reasons": ["current_change"]}
POWER_MONITOR_RECORD {"timestamp_pacific": "2026-08-04T21:35:02.315-07:00", "status": "ok", "reasons": ["current_change"]}
POWER_MONITOR_RECORD {"timestamp_pacific": "2026-08-04T21:35:03.322-07:00", "status": "ok", "reasons": ["current_change"]}
POWER_MONITOR_RECORD {"timestamp_pacific": "2026-08-04T21:35:04.328-07:00", "status": "ok", "reasons": ["current_change"]}
POWER_MONITOR_RECORD {"timestamp_pacific": "2026-08-04T21:35:05.335-07:00", "status": "ok", "reasons": ["current_change"]}
POWER_MONITOR_RECORD {"timestamp_pacific": "2026-08-04T21:35:06.341-07:00", "status": "ok", "reasons": ["current_change"]}
POWER_MONITOR_RECORD {"timestamp_pacific": "2026-08-04T21:35:07.348-07:00", "status": "ok", "reasons": ["current_change"]}
POWER_MONITOR_RECORD {"timestamp_pacific": "2026-08-04T21:35:09.356-07:00", "status": "ok", "reasons": ["current_change"]}
POWER_MONITOR_RECORD {"timestamp_pacific": "2026-08-04T21:35:17.393-07:00", "status": "ok", "reasons": ["current_change"]}
POWER_MONITOR_RECORD {"timestamp_pacific": "2026-08-04T21:35:18.399-07:00", "status": "ok", "reasons": ["current_change"]}
POWER_MONITOR_RECORD {"timestamp_pacific": "2026-08-04T21:35:21.417-07:00", "status": "ok", "reasons": ["current_change"]}
POWER_MONITOR_RECORD {"timestamp_pacific": "2026-08-04T21:35:31.476-07:00", "status": "ok", "reasons": ["current_change"]}
POWER_MONITOR_RECORD {"timestamp_pacific": "2026-08-04T21:35:32.483-07:00", "status": "ok", "reasons": ["current_change"]}
POWER_MONITOR_RECORD {"timestamp_pacific": "2026-08-04T21:35:46.564-07:00", "status": "ok", "reasons": ["current_change"]}
POWER_MONITOR_RECORD {"timestamp_pacific": "2026-08-04T21:35:48.577-07:00", "status": "ok", "reasons": ["current_change"]}
POWER_MONITOR_RECORD {"timestamp_pacific": "2026-08-04T21:35:49.583-07:00", "status": "ok", "reasons": ["current_change"]}
POWER_MONITOR_RECORD {"timestamp_pacific": "2026-08-04T21:35:52.601-07:00", "status": "ok", "reasons": ["current_change"]}
POWER_MONITOR_RECORD {"timestamp_pacific": "2026-08-04T21:35:55.620-07:00", "status": "ok", "reasons": ["current_change"]}
POWER_MONITOR_RECORD {"timestamp_pacific": "2026-08-04T21:35:56.626-07:00", "status": "ok", "reasons": ["current_change"]}
POWER_MONITOR_RECORD {"timestamp_pacific": "2026-08-04T21:35:59.644-07:00", "status": "ok", "reasons": ["current_change"]}
POWER_MONITOR_RECORD {"timestamp_pacific": "2026-08-04T21:36:00.651-07:00", "status": "ok", "reasons": ["current_change"]}
POWER_MONITOR_RECORD {"timestamp_pacific": "2026-08-04T21:36:02.663-07:00", "status": "ok", "reasons": ["current_change"]}
POWER_MONITOR_RECORD {"timestamp_pacific": "2026-08-04T21:36:03.669-07:00", "status": "ok", "reasons": ["current_change"]}
POWER_MONITOR_RECORD {"timestamp_pacific": "2026-08-04T21:36:05.682-07:00", "status": "ok", "reasons": ["current_change"]}
POWER_MONITOR_RECORD {"timestamp_pacific": "2026-08-04T21:36:06.688-07:00", "status": "ok", "reasons": ["current_change"]}
POWER_MONITOR_RECORD {"timestamp_pacific": "2026-08-04T21:36:12.707-07:00", "status": "ok", "reasons": ["current_change"]}
POWER_MONITOR_RECORD {"timestamp_pacific": "2026-08-04T21:36:13.713-07:00", "status": "ok", "reasons": ["current_change"]}
POWER_MONITOR_RECORD {"timestamp_pacific": "2026-08-04T21:36:16.731-07:00", "status": "ok", "reasons": ["current_change"]}
POWER_MONITOR_RECORD {"timestamp_pacific": "2026-08-04T21:36:17.738-07:00", "status": "ok", "reasons": ["current_change"]}
POWER_MONITOR_RECORD {"timestamp_pacific": "2026-08-04T21:36:19.753-07:00", "status": "ok", "reasons": ["current_change"]}
POWER_MONITOR_RECORD {"timestamp_pacific": "2026-08-04T21:36:36.852-07:00", "status": "ok", "reasons": ["current_change"]}
POWER_MONITOR_RECORD {"timestamp_pacific": "2026-08-04T21:36:37.858-07:00", "status": "ok", "reasons": ["current_change"]}
POWER_MONITOR_RECORD {"timestamp_pacific": "2026-08-04T21:36:39.870-07:00", "status": "ok", "reasons": ["current_change"]}
POWER_MONITOR_RECORD {"timestamp_pacific": "2026-08-04T21:36:40.877-07:00", "status": "ok", "reasons": ["current_change"]}
POWER_MONITOR_RECORD {"timestamp_pacific": "2026-08-04T21:36:41.883-07:00", "status": "ok", "reasons": ["current_change"]}
POWER_MONITOR_RECORD {"timestamp_pacific": "2026-08-04T21:36:42.893-07:00", "status": "ok", "reasons": ["current_change"]}
POWER_MONITOR_RECORD {"timestamp_pacific": "2026-08-04T21:36:44.905-07:00", "status": "ok", "reasons": ["current_change"]}
POWER_MONITOR_RECORD {"timestamp_pacific": "2026-08-04T21:36:45.912-07:00", "status": "ok", "reasons": ["current_change"]}
POWER_MONITOR_RECORD {"timestamp_pacific": "2026-08-04T21:36:46.918-07:00", "status": "ok", "reasons": ["current_change"]}
POWER_MONITOR_RECORD {"timestamp_pacific": "2026-08-04T21:36:47.928-07:00", "status": "ok", "reasons": ["current_change"]}
POWER_MONITOR_RECORD {"timestamp_pacific": "2026-08-04T21:36:49.940-07:00", "status": "ok", "reasons": ["current_change"]}
POWER_MONITOR_RECORD {"timestamp_pacific": "2026-08-04T21:36:58.993-07:00", "status": "ok", "reasons": ["current_change"]}
POWER_MONITOR_RECORD {"timestamp_pacific": "2026-08-04T21:37:06.034-07:00", "status": "ok", "reasons": ["current_change"]}
POWER_MONITOR_RECORD {"timestamp_pacific": "2026-08-04T21:37:08.047-07:00", "status": "ok", "reasons": ["current_change"]}
POWER_MONITOR_RECORD {"timestamp_pacific": "2026-08-04T21:37:09.054-07:00", "status": "ok", "reasons": ["current_change"]}
POWER_MONITOR_RECORD {"timestamp_pacific": "2026-08-04T21:37:11.070-07:00", "status": "ok", "reasons": ["current_change"]}
POWER_MONITOR_RECORD {"timestamp_pacific": "2026-08-04T21:37:12.076-07:00", "status": "ok", "reasons": ["current_change"]}
POWER_MONITOR_RECORD {"timestamp_pacific": "2026-08-04T21:37:17.106-07:00", "status": "ok", "reasons": ["current_change"]}
POWER_MONITOR_RECORD {"timestamp_pacific": "2026-08-04T21:37:18.112-07:00", "status": "ok", "reasons": ["current_change"]}
POWER_MONITOR_RECORD {"timestamp_pacific": "2026-08-04T21:37:20.124-07:00", "status": "ok", "reasons": ["current_change"]}
POWER_MONITOR_RECORD {"timestamp_pacific": "2026-08-04T21:37:21.131-07:00", "status": "ok", "reasons": ["current_change"]}
POWER_MONITOR_RECORD {"timestamp_pacific": "2026-08-04T21:37:23.143-07:00", "status": "ok", "reasons": ["current_change"]}
POWER_MONITOR_RECORD {"timestamp_pacific": "2026-08-04T21:37:24.149-07:00", "status": "ok", "reasons": ["current_change"]}
POWER_MONITOR_RECORD {"timestamp_pacific": "2026-08-04T21:37:25.156-07:00", "status": "ok", "reasons": ["current_change"]}
POWER_MONITOR_RECORD {"timestamp_pacific": "2026-08-04T21:37:30.186-07:00", "status": "ok", "reasons": ["current_change"]}
POWER_MONITOR_RECORD {"timestamp_pacific": "2026-08-04T21:37:31.192-07:00", "status": "ok", "reasons": ["current_change"]}
POWER_MONITOR_RECORD {"timestamp_pacific": "2026-08-04T21:37:37.227-07:00", "status": "ok", "reasons": ["current_change"]}
POWER_MONITOR_RECORD {"timestamp_pacific": "2026-08-04T21:37:38.234-07:00", "status": "ok", "reasons": ["current_change"]}
POWER_MONITOR_RECORD {"timestamp_pacific": "2026-08-04T21:37:39.240-07:00", "status": "ok", "reasons": ["current_change"]}
POWER_MONITOR_RECORD {"timestamp_pacific": "2026-08-04T21:37:49.299-07:00", "status": "ok", "reasons": ["current_change"]}
POWER_MONITOR_RECORD {"timestamp_pacific": "2026-08-04T21:37:51.311-07:00", "status": "ok", "reasons": ["current_change"]}
POWER_MONITOR_RECORD {"timestamp_pacific": "2026-08-04T21:37:54.333-07:00", "status": "ok", "reasons": ["current_change"]}
POWER_MONITOR_RECORD {"timestamp_pacific": "2026-08-04T21:37:55.339-07:00", "status": "ok", "reasons": ["current_change"]}
POWER_MONITOR_RECORD {"timestamp_pacific": "2026-08-04T21:37:56.346-07:00", "status": "ok", "reasons": ["current_change"]}
POWER_MONITOR_RECORD {"timestamp_pacific": "2026-08-04T21:37:59.367-07:00", "status": "ok", "reasons": ["current_change"]}
POWER_MONITOR_RECORD {"timestamp_pacific": "2026-08-04T21:38:05.403-07:00", "status": "ok", "reasons": ["current_change"]}
POWER_MONITOR_RECORD {"timestamp_pacific": "2026-08-04T21:38:06.409-07:00", "status": "ok", "reasons": ["current_change"]}
POWER_MONITOR_RECORD {"timestamp_pacific": "2026-08-04T21:38:07.416-07:00", "status": "ok", "reasons": ["current_change"]}
POWER_MONITOR_RECORD {"timestamp_pacific": "2026-08-04T21:38:08.419-07:00", "status": "ok", "reasons": ["current_change"]}
POWER_MONITOR_RECORD {"timestamp_pacific": "2026-08-04T21:38:13.435-07:00", "status": "ok", "reasons": ["current_change"]}
POWER_MONITOR_RECORD {"timestamp_pacific": "2026-08-04T21:38:14.441-07:00", "status": "ok", "reasons": ["current_change"]}
POWER_MONITOR_RECORD {"timestamp_pacific": "2026-08-04T21:38:16.453-07:00", "status": "ok", "reasons": ["current_change"]}
POWER_MONITOR_RECORD {"timestamp_pacific": "2026-08-04T21:38:17.460-07:00", "status": "ok", "reasons": ["current_change"]}
POWER_MONITOR_RECORD {"timestamp_pacific": "2026-08-04T21:38:18.470-07:00", "status": "ok", "reasons": ["current_change"]}
POWER_MONITOR_RECORD {"timestamp_pacific": "2026-08-04T21:38:19.476-07:00", "status": "ok", "reasons": ["current_change"]}
POWER_MONITOR_RECORD {"timestamp_pacific": "2026-08-04T21:38:20.483-07:00", "status": "ok", "reasons": ["current_change"]}
POWER_MONITOR_RECORD {"timestamp_pacific": "2026-08-04T21:38:21.489-07:00", "status": "ok", "reasons": ["current_change"]}
POWER_MONITOR_RECORD {"timestamp_pacific": "2026-08-04T21:38:23.505-07:00", "status": "ok", "reasons": ["current_change"]}
POWER_MONITOR_RECORD {"timestamp_pacific": "2026-08-04T21:38:24.511-07:00", "status": "ok", "reasons": ["current_change"]}
POWER_MONITOR_RECORD {"timestamp_pacific": "2026-08-04T21:38:26.523-07:00", "status": "ok", "reasons": ["current_change"]}
POWER_MONITOR_RECORD {"timestamp_pacific": "2026-08-04T21:38:28.540-07:00", "status": "ok", "reasons": ["current_change"]}
POWER_MONITOR_RECORD {"timestamp_pacific": "2026-08-04T21:38:29.546-07:00", "status": "ok", "reasons": ["current_change"]}
POWER_MONITOR_RECORD {"timestamp_pacific": "2026-08-04T21:38:30.552-07:00", "status": "ok", "reasons": ["current_change"]}
POWER_MONITOR_RECORD {"timestamp_pacific": "2026-08-04T21:38:31.559-07:00", "status": "ok", "reasons": ["current_change"]}
POWER_MONITOR_RECORD {"timestamp_pacific": "2026-08-04T21:38:32.565-07:00", "status": "ok", "reasons": ["current_change"]}
POWER_MONITOR_RECORD {"timestamp_pacific": "2026-08-04T21:38:34.578-07:00", "status": "ok", "reasons": ["current_change"]}
POWER_MONITOR_RECORD {"timestamp_pacific": "2026-08-04T21:38:35.584-07:00", "status": "ok", "reasons": ["current_change"]}
POWER_MONITOR_RECORD {"timestamp_pacific": "2026-08-04T21:38:36.591-07:00", "status": "ok", "reasons": ["current_change"]}
POWER_MONITOR_RECORD {"timestamp_pacific": "2026-08-04T21:38:37.597-07:00", "status": "ok", "reasons": ["current_change"]}
POWER_MONITOR_RECORD {"timestamp_pacific": "2026-08-04T21:38:38.603-07:00", "status": "ok", "reasons": ["current_change"]}
POWER_MONITOR_RECORD {"timestamp_pacific": "2026-08-04T21:38:43.633-07:00", "status": "ok", "reasons": ["current_change"]}
POWER_MONITOR_RECORD {"timestamp_pacific": "2026-08-04T21:38:44.640-07:00", "status": "ok", "reasons": ["current_change"]}
POWER_MONITOR_RECORD {"timestamp_pacific": "2026-08-04T21:38:45.646-07:00", "status": "ok", "reasons": ["current_change"]}
POWER_MONITOR_RECORD {"timestamp_pacific": "2026-08-04T21:38:47.658-07:00", "status": "ok", "reasons": ["current_change"]}
POWER_MONITOR_RECORD {"timestamp_pacific": "2026-08-04T21:38:48.668-07:00", "status": "ok", "reasons": ["current_change"]}
POWER_MONITOR_RECORD {"timestamp_pacific": "2026-08-04T21:38:52.692-07:00", "status": "ok", "reasons": ["current_change"]}
POWER_MONITOR_RECORD {"timestamp_pacific": "2026-08-04T21:38:53.702-07:00", "status": "ok", "reasons": ["current_change"]}
POWER_MONITOR_RECORD {"timestamp_pacific": "2026-08-04T21:38:55.714-07:00", "status": "ok", "reasons": ["current_change"]}
POWER_MONITOR_RECORD {"timestamp_pacific": "2026-08-04T21:38:57.726-07:00", "status": "ok", "reasons": ["current_change"]}
POWER_MONITOR_RECORD {"timestamp_pacific": "2026-08-04T21:38:58.739-07:00", "status": "ok", "reasons": ["current_change"]}
POWER_MONITOR_RECORD {"timestamp_pacific": "2026-08-04T21:38:59.746-07:00", "status": "ok", "reasons": ["current_change"]}
POWER_MONITOR_RECORD {"timestamp_pacific": "2026-08-04T21:39:05.781-07:00", "status": "ok", "reasons": ["current_change"]}
POWER_MONITOR_RECORD {"timestamp_pacific": "2026-08-04T21:39:07.794-07:00", "status": "ok", "reasons": ["current_change"]}
POWER_MONITOR_RECORD {"timestamp_pacific": "2026-08-04T21:39:10.815-07:00", "status": "ok", "reasons": ["current_change"]}
POWER_MONITOR_RECORD {"timestamp_pacific": "2026-08-04T21:39:30.931-07:00", "status": "ok", "reasons": ["current_change"]}
POWER_MONITOR_RECORD {"timestamp_pacific": "2026-08-04T21:39:31.938-07:00", "status": "ok", "reasons": ["current_change"]}
POWER_MONITOR_RECORD {"timestamp_pacific": "2026-08-04T21:39:33.950-07:00", "status": "ok", "reasons": ["current_change"]}
POWER_MONITOR_RECORD {"timestamp_pacific": "2026-08-04T21:39:34.956-07:00", "status": "ok", "reasons": ["current_change"]}
POWER_MONITOR_RECORD {"timestamp_pacific": "2026-08-04T21:39:41.998-07:00", "status": "ok", "reasons": ["current_change"]}
POWER_MONITOR_RECORD {"timestamp_pacific": "2026-08-04T21:39:43.004-07:00", "status": "ok", "reasons": ["current_change"]}
POWER_MONITOR_RECORD {"timestamp_pacific": "2026-08-04T21:39:45.016-07:00", "status": "ok", "reasons": ["current_change"]}
POWER_MONITOR_RECORD {"timestamp_pacific": "2026-08-04T21:39:46.023-07:00", "status": "ok", "reasons": ["current_change"]}
POWER_MONITOR_RECORD {"timestamp_pacific": "2026-08-04T21:39:48.035-07:00", "status": "ok", "reasons": ["current_change"]}
POWER_MONITOR_RECORD {"timestamp_pacific": "2026-08-04T21:39:51.053-07:00", "status": "ok", "reasons": ["current_change"]}
POWER_MONITOR_RECORD {"timestamp_pacific": "2026-08-04T21:39:54.071-07:00", "status": "ok", "reasons": ["current_change"]}
POWER_MONITOR_RECORD {"timestamp_pacific": "2026-08-04T21:39:59.104-07:00", "status": "ok", "reasons": ["current_change"]}
POWER_MONITOR_RECORD {"timestamp_pacific": "2026-08-04T21:40:02.121-07:00", "status": "ok", "reasons": ["current_change"]}
POWER_MONITOR_RECORD {"timestamp_pacific": "2026-08-04T21:40:04.137-07:00", "status": "ok", "reasons": ["current_change"]}
POWER_MONITOR_RECORD {"timestamp_pacific": "2026-08-04T21:40:05.143-07:00", "status": "ok", "reasons": ["current_change"]}
POWER_MONITOR_RECORD {"timestamp_pacific": "2026-08-04T21:40:07.156-07:00", "status": "ok", "reasons": ["current_change"]}
POWER_MONITOR_RECORD {"timestamp_pacific": "2026-08-04T21:40:08.159-07:00", "status": "ok", "reasons": ["current_change"]}
POWER_MONITOR_RECORD {"timestamp_pacific": "2026-08-04T21:40:09.165-07:00", "status": "ok", "reasons": ["current_change"]}
POWER_MONITOR_RECORD {"timestamp_pacific": "2026-08-04T21:40:11.170-07:00", "status": "ok", "reasons": ["current_change"]}
POWER_MONITOR_RECORD {"timestamp_pacific": "2026-08-04T21:40:12.172-07:00", "status": "ok", "reasons": ["current_change"]}
POWER_MONITOR_RECORD {"timestamp_pacific": "2026-08-04T21:40:14.188-07:00", "status": "ok", "reasons": ["current_change"]}
POWER_MONITOR_RECORD {"timestamp_pacific": "2026-08-04T21:40:15.195-07:00", "status": "ok", "reasons": ["current_change"]}
POWER_MONITOR_RECORD {"timestamp_pacific": "2026-08-04T21:40:30.282-07:00", "status": "ok", "reasons": ["current_change"]}
POWER_MONITOR_RECORD {"timestamp_pacific": "2026-08-04T21:40:31.288-07:00", "status": "ok", "reasons": ["current_change"]}
POWER_MONITOR_RECORD {"timestamp_pacific": "2026-08-04T21:40:33.301-07:00", "status": "ok", "reasons": ["current_change"]}
POWER_MONITOR_RECORD {"timestamp_pacific": "2026-08-04T21:40:34.307-07:00", "status": "ok", "reasons": ["current_change"]}
POWER_MONITOR_RECORD {"timestamp_pacific": "2026-08-04T21:40:36.319-07:00", "status": "ok", "reasons": ["current_change"]}
POWER_MONITOR_RECORD {"timestamp_pacific": "2026-08-04T21:40:37.326-07:00", "status": "ok", "reasons": ["current_change"]}
POWER_MONITOR_RECORD {"timestamp_pacific": "2026-08-04T21:40:41.354-07:00", "status": "ok", "reasons": ["current_change"]}
POWER_MONITOR_RECORD {"timestamp_pacific": "2026-08-04T21:40:43.366-07:00", "status": "ok", "reasons": ["current_change"]}
POWER_MONITOR_RECORD {"timestamp_pacific": "2026-08-04T21:40:44.372-07:00", "status": "ok", "reasons": ["current_change"]}
POWER_MONITOR_RECORD {"timestamp_pacific": "2026-08-04T21:40:47.390-07:00", "status": "ok", "reasons": ["current_change"]}
POWER_MONITOR_RECORD {"timestamp_pacific": "2026-08-04T21:40:49.402-07:00", "status": "ok", "reasons": ["current_change"]}
POWER_MONITOR_RECORD {"timestamp_pacific": "2026-08-04T21:40:50.409-07:00", "status": "ok", "reasons": ["current_change"]}
POWER_MONITOR_RECORD {"timestamp_pacific": "2026-08-04T21:40:52.430-07:00", "status": "ok", "reasons": ["current_change"]}
POWER_MONITOR_RECORD {"timestamp_pacific": "2026-08-04T21:40:53.436-07:00", "status": "ok", "reasons": ["current_change"]}
POWER_MONITOR_RECORD {"timestamp_pacific": "2026-08-04T21:40:54.443-07:00", "status": "ok", "reasons": ["current_change"]}
POWER_MONITOR_RECORD {"timestamp_pacific": "2026-08-04T21:40:55.449-07:00", "status": "ok", "reasons": ["current_change"]}
POWER_MONITOR_RECORD {"timestamp_pacific": "2026-08-04T21:41:02.490-07:00", "status": "ok", "reasons": ["current_change"]}
POWER_MONITOR_RECORD {"timestamp_pacific": "2026-08-04T21:41:03.497-07:00", "status": "ok", "reasons": ["current_change"]}
POWER_MONITOR_RECORD {"timestamp_pacific": "2026-08-04T21:41:05.509-07:00", "status": "ok", "reasons": ["current_change"]}
POWER_MONITOR_RECORD {"timestamp_pacific": "2026-08-04T21:41:06.515-07:00", "status": "ok", "reasons": ["current_change"]}
POWER_MONITOR_RECORD {"timestamp_pacific": "2026-08-04T21:41:07.525-07:00", "status": "ok", "reasons": ["current_change"]}
POWER_MONITOR_RECORD {"timestamp_pacific": "2026-08-04T21:41:08.528-07:00", "status": "ok", "reasons": ["current_change"]}
POWER_MONITOR_RECORD {"timestamp_pacific": "2026-08-04T21:41:09.531-07:00", "status": "ok", "reasons": ["current_change"]}
POWER_MONITOR_RECORD {"timestamp_pacific": "2026-08-04T21:41:11.536-07:00", "status": "ok", "reasons": ["current_change"]}
POWER_MONITOR_RECORD {"timestamp_pacific": "2026-08-04T21:41:13.545-07:00", "status": "ok", "reasons": ["current_change"]}
POWER_MONITOR_RECORD {"timestamp_pacific": "2026-08-04T21:41:15.557-07:00", "status": "ok", "reasons": ["current_change"]}
POWER_MONITOR_RECORD {"timestamp_pacific": "2026-08-04T21:41:19.581-07:00", "status": "ok", "reasons": ["current_change"]}
POWER_MONITOR_RECORD {"timestamp_pacific": "2026-08-04T21:41:21.593-07:00", "status": "ok", "reasons": ["current_change"]}
POWER_MONITOR_RECORD {"timestamp_pacific": "2026-08-04T21:41:24.615-07:00", "status": "ok", "reasons": ["current_change"]}
POWER_MONITOR_RECORD {"timestamp_pacific": "2026-08-04T21:41:25.622-07:00", "status": "ok", "reasons": ["current_change"]}
POWER_MONITOR_RECORD {"timestamp_pacific": "2026-08-04T21:41:27.634-07:00", "status": "ok", "reasons": ["current_change"]}
POWER_MONITOR_RECORD {"timestamp_pacific": "2026-08-04T21:41:28.640-07:00", "status": "ok", "reasons": ["current_change"]}
POWER_MONITOR_RECORD {"timestamp_pacific": "2026-08-04T21:41:40.710-07:00", "status": "ok", "reasons": ["current_change"]}
POWER_MONITOR_RECORD {"timestamp_pacific": "2026-08-04T21:41:41.716-07:00", "status": "ok", "reasons": ["current_change"]}
POWER_MONITOR_RECORD {"timestamp_pacific": "2026-08-04T21:41:43.729-07:00", "status": "ok", "reasons": ["current_change"]}
POWER_MONITOR_RECORD {"timestamp_pacific": "2026-08-04T21:41:49.764-07:00", "status": "ok", "reasons": ["current_change"]}
POWER_MONITOR_RECORD {"timestamp_pacific": "2026-08-04T21:41:53.788-07:00", "status": "ok", "reasons": ["current_change"]}
POWER_MONITOR_RECORD {"timestamp_pacific": "2026-08-04T21:41:54.798-07:00", "status": "ok", "reasons": ["current_change"]}
POWER_MONITOR_RECORD {"timestamp_pacific": "2026-08-04T21:41:58.822-07:00", "status": "ok", "reasons": ["current_change"]}
POWER_MONITOR_RECORD {"timestamp_pacific": "2026-08-04T21:42:02.846-07:00", "status": "ok", "reasons": ["current_change"]}
POWER_MONITOR_RECORD {"timestamp_pacific": "2026-08-04T21:42:03.852-07:00", "status": "ok", "reasons": ["current_change"]}
POWER_MONITOR_RECORD {"timestamp_pacific": "2026-08-04T21:42:04.859-07:00", "status": "ok", "reasons": ["current_change"]}
POWER_MONITOR_RECORD {"timestamp_pacific": "2026-08-04T21:42:13.911-07:00", "status": "ok", "reasons": ["current_change"]}
POWER_MONITOR_RECORD {"timestamp_pacific": "2026-08-04T21:42:14.918-07:00", "status": "ok", "reasons": ["current_change"]}
POWER_MONITOR_RECORD {"timestamp_pacific": "2026-08-04T21:42:17.936-07:00", "status": "ok", "reasons": ["current_change"]}
POWER_MONITOR_RECORD {"timestamp_pacific": "2026-08-04T21:42:21.960-07:00", "status": "ok", "reasons": ["current_change"]}
POWER_MONITOR_RECORD {"timestamp_pacific": "2026-08-04T21:42:26.990-07:00", "status": "ok", "reasons": ["current_change"]}
POWER_MONITOR_RECORD {"timestamp_pacific": "2026-08-04T21:42:27.996-07:00", "status": "ok", "reasons": ["current_change"]}
POWER_MONITOR_RECORD {"timestamp_pacific": "2026-08-04T21:42:32.024-07:00", "status": "ok", "reasons": ["current_change"]}
POWER_MONITOR_RECORD {"timestamp_pacific": "2026-08-04T21:42:42.083-07:00", "status": "ok", "reasons": ["current_change"]}
POWER_MONITOR_RECORD {"timestamp_pacific": "2026-08-04T21:42:43.089-07:00", "status": "ok", "reasons": ["current_change"]}
POWER_MONITOR_RECORD {"timestamp_pacific": "2026-08-04T21:42:47.117-07:00", "status": "ok", "reasons": ["current_change"]}
POWER_MONITOR_RECORD {"timestamp_pacific": "2026-08-04T21:42:48.123-07:00", "status": "ok", "reasons": ["current_change"]}
POWER_MONITOR_RECORD {"timestamp_pacific": "2026-08-04T21:42:56.171-07:00", "status": "ok", "reasons": ["current_change"]}
POWER_MONITOR_RECORD {"timestamp_pacific": "2026-08-04T21:42:57.177-07:00", "status": "ok", "reasons": ["current_change"]}
POWER_MONITOR_RECORD {"timestamp_pacific": "2026-08-04T21:42:58.184-07:00", "status": "ok", "reasons": ["current_change"]}
POWER_MONITOR_RECORD {"timestamp_pacific": "2026-08-04T21:43:00.200-07:00", "status": "ok", "reasons": ["current_change"]}
POWER_MONITOR_RECORD {"timestamp_pacific": "2026-08-04T21:43:05.233-07:00", "status": "ok", "reasons": ["current_change"]}
POWER_MONITOR_RECORD {"timestamp_pacific": "2026-08-04T21:43:06.239-07:00", "status": "ok", "reasons": ["current_change"]}
POWER_MONITOR_RECORD {"timestamp_pacific": "2026-08-04T21:43:07.246-07:00", "status": "ok", "reasons": ["current_change"]}
POWER_MONITOR_RECORD {"timestamp_pacific": "2026-08-04T21:43:08.248-07:00", "status": "ok", "reasons": ["current_change"]}
POWER_MONITOR_RECORD {"timestamp_pacific": "2026-08-04T21:43:09.251-07:00", "status": "ok", "reasons": ["current_change"]}
POWER_MONITOR_RECORD {"timestamp_pacific": "2026-08-04T21:43:10.254-07:00", "status": "ok", "reasons": ["current_change"]}
POWER_MONITOR_RECORD {"timestamp_pacific": "2026-08-04T21:43:14.271-07:00", "status": "ok", "reasons": ["current_change"]}
POWER_MONITOR_RECORD {"timestamp_pacific": "2026-08-04T21:43:15.277-07:00", "status": "ok", "reasons": ["current_change"]}
POWER_MONITOR_RECORD {"timestamp_pacific": "2026-08-04T21:43:31.371-07:00", "status": "ok", "reasons": ["current_change"]}
POWER_MONITOR_RECORD {"timestamp_pacific": "2026-08-04T21:43:32.378-07:00", "status": "ok", "reasons": ["current_change"]}
POWER_MONITOR_RECORD {"timestamp_pacific": "2026-08-04T21:43:36.402-07:00", "status": "ok", "reasons": ["current_change"]}
POWER_MONITOR_RECORD {"timestamp_pacific": "2026-08-04T21:43:37.412-07:00", "status": "ok", "reasons": ["current_change"]}
POWER_MONITOR_RECORD {"timestamp_pacific": "2026-08-04T21:43:38.418-07:00", "status": "ok", "reasons": ["current_change"]}
POWER_MONITOR_RECORD {"timestamp_pacific": "2026-08-04T21:43:39.425-07:00", "status": "ok", "reasons": ["current_change"]}
POWER_MONITOR_RECORD {"timestamp_pacific": "2026-08-04T21:43:54.513-07:00", "status": "ok", "reasons": ["current_change"]}
POWER_MONITOR_RECORD {"timestamp_pacific": "2026-08-04T21:43:55.519-07:00", "status": "ok", "reasons": ["current_change"]}
POWER_MONITOR_RECORD {"timestamp_pacific": "2026-08-04T21:43:56.526-07:00", "status": "ok", "reasons": ["current_change"]}
POWER_MONITOR_RECORD {"timestamp_pacific": "2026-08-04T21:44:02.565-07:00", "status": "ok", "reasons": ["current_change"]}
POWER_MONITOR_RECORD {"timestamp_pacific": "2026-08-04T21:44:03.572-07:00", "status": "ok", "reasons": ["current_change"]}
POWER_MONITOR_RECORD {"timestamp_pacific": "2026-08-04T21:44:05.584-07:00", "status": "ok", "reasons": ["current_change"]}
POWER_MONITOR_RECORD {"timestamp_pacific": "2026-08-04T21:44:06.591-07:00", "status": "ok", "reasons": ["current_change"]}
POWER_MONITOR_RECORD {"timestamp_pacific": "2026-08-04T21:44:14.638-07:00", "status": "ok", "reasons": ["current_change"]}
POWER_MONITOR_RECORD {"timestamp_pacific": "2026-08-04T21:44:15.645-07:00", "status": "ok", "reasons": ["current_change"]}
POWER_MONITOR_RECORD {"timestamp_pacific": "2026-08-04T21:44:19.669-07:00", "status": "ok", "reasons": ["current_change"]}
POWER_MONITOR_RECORD {"timestamp_pacific": "2026-08-04T21:44:20.678-07:00", "status": "ok", "reasons": ["current_change"]}
POWER_MONITOR_RECORD {"timestamp_pacific": "2026-08-04T21:44:29.731-07:00", "status": "ok", "reasons": ["current_change"]}
POWER_MONITOR_RECORD {"timestamp_pacific": "2026-08-04T21:44:33.755-07:00", "status": "ok", "reasons": ["current_change"]}
POWER_MONITOR_RECORD {"timestamp_pacific": "2026-08-04T21:44:34.762-07:00", "status": "ok", "reasons": ["current_change"]}
POWER_MONITOR_RECORD {"timestamp_pacific": "2026-08-04T21:44:35.781-07:00", "status": "ok", "reasons": ["current_change"]}
POWER_MONITOR_RECORD {"timestamp_pacific": "2026-08-04T21:44:38.799-07:00", "status": "ok", "reasons": ["current_change"]}
POWER_MONITOR_RECORD {"timestamp_pacific": "2026-08-04T21:44:40.812-07:00", "status": "ok", "reasons": ["current_change"]}
POWER_MONITOR_RECORD {"timestamp_pacific": "2026-08-04T21:44:43.833-07:00", "status": "ok", "reasons": ["current_change"]}
POWER_MONITOR_RECORD {"timestamp_pacific": "2026-08-04T21:44:44.840-07:00", "status": "ok", "reasons": ["current_change"]}
POWER_MONITOR_RECORD {"timestamp_pacific": "2026-08-04T21:44:45.846-07:00", "status": "ok", "reasons": ["current_change"]}
POWER_MONITOR_RECORD {"timestamp_pacific": "2026-08-04T21:44:47.862-07:00", "status": "ok", "reasons": ["current_change"]}
POWER_MONITOR_RECORD {"timestamp_pacific": "2026-08-04T21:44:48.868-07:00", "status": "ok", "reasons": ["current_change"]}
POWER_MONITOR_RECORD {"timestamp_pacific": "2026-08-04T21:44:51.887-07:00", "status": "ok", "reasons": ["current_change"]}
POWER_MONITOR_RECORD {"timestamp_pacific": "2026-08-04T21:44:53.899-07:00", "status": "ok", "reasons": ["current_change"]}
POWER_MONITOR_RECORD {"timestamp_pacific": "2026-08-04T21:44:54.906-07:00", "status": "ok", "reasons": ["current_change"]}
POWER_MONITOR_RECORD {"timestamp_pacific": "2026-08-04T21:44:58.930-07:00", "status": "ok", "reasons": ["current_change"]}
POWER_MONITOR_RECORD {"timestamp_pacific": "2026-08-04T21:44:59.936-07:00", "status": "ok", "reasons": ["current_change"]}
POWER_MONITOR_RECORD {"timestamp_pacific": "2026-08-04T21:45:05.972-07:00", "status": "ok", "reasons": ["current_change"]}
POWER_MONITOR_RECORD {"timestamp_pacific": "2026-08-04T21:45:06.979-07:00", "status": "ok", "reasons": ["current_change"]}
POWER_MONITOR_RECORD {"timestamp_pacific": "2026-08-04T21:45:07.985-07:00", "status": "ok", "reasons": ["current_change"]}
POWER_MONITOR_RECORD {"timestamp_pacific": "2026-08-04T21:45:08.988-07:00", "status": "ok", "reasons": ["current_change"]}
POWER_MONITOR_RECORD {"timestamp_pacific": "2026-08-04T21:45:20.039-07:00", "status": "ok", "reasons": ["current_change"]}
POWER_MONITOR_RECORD {"timestamp_pacific": "2026-08-04T21:45:21.046-07:00", "status": "ok", "reasons": ["current_change"]}
POWER_MONITOR_RECORD {"timestamp_pacific": "2026-08-04T21:45:22.052-07:00", "status": "ok", "reasons": ["current_change"]}
POWER_MONITOR_RECORD {"timestamp_pacific": "2026-08-04T21:45:31.105-07:00", "status": "ok", "reasons": ["current_change"]}
POWER_MONITOR_RECORD {"timestamp_pacific": "2026-08-04T21:45:33.118-07:00", "status": "ok", "reasons": ["current_change"]}
POWER_MONITOR_RECORD {"timestamp_pacific": "2026-08-04T21:45:34.124-07:00", "status": "ok", "reasons": ["current_change"]}
POWER_MONITOR_RECORD {"timestamp_pacific": "2026-08-04T21:45:38.148-07:00", "status": "ok", "reasons": ["current_change"]}
POWER_MONITOR_RECORD {"timestamp_pacific": "2026-08-04T21:45:39.155-07:00", "status": "ok", "reasons": ["current_change"]}
POWER_MONITOR_RECORD {"timestamp_pacific": "2026-08-04T21:45:43.182-07:00", "status": "ok", "reasons": ["current_change"]}
POWER_MONITOR_RECORD {"timestamp_pacific": "2026-08-04T21:45:45.194-07:00", "status": "ok", "reasons": ["current_change"]}
POWER_MONITOR_RECORD {"timestamp_pacific": "2026-08-04T21:45:46.201-07:00", "status": "ok", "reasons": ["current_change"]}
POWER_MONITOR_RECORD {"timestamp_pacific": "2026-08-04T21:45:52.237-07:00", "status": "ok", "reasons": ["current_change"]}
POWER_MONITOR_RECORD {"timestamp_pacific": "2026-08-04T21:46:03.302-07:00", "status": "ok", "reasons": ["current_change"]}
POWER_MONITOR_RECORD {"timestamp_pacific": "2026-08-04T21:46:04.309-07:00", "status": "ok", "reasons": ["current_change"]}
POWER_MONITOR_RECORD {"timestamp_pacific": "2026-08-04T21:46:05.315-07:00", "status": "ok", "reasons": ["current_change"]}
POWER_MONITOR_RECORD {"timestamp_pacific": "2026-08-04T21:46:06.322-07:00", "status": "ok", "reasons": ["current_change"]}
POWER_MONITOR_RECORD {"timestamp_pacific": "2026-08-04T21:46:14.352-07:00", "status": "ok", "reasons": ["current_change"]}
POWER_MONITOR_RECORD {"timestamp_pacific": "2026-08-04T21:46:15.358-07:00", "status": "ok", "reasons": ["current_change"]}
POWER_MONITOR_RECORD {"timestamp_pacific": "2026-08-04T21:46:18.376-07:00", "status": "ok", "reasons": ["current_change"]}
POWER_MONITOR_RECORD {"timestamp_pacific": "2026-08-04T21:46:19.383-07:00", "status": "ok", "reasons": ["current_change"]}
POWER_MONITOR_RECORD {"timestamp_pacific": "2026-08-04T21:46:21.398-07:00", "status": "ok", "reasons": ["current_change"]}
POWER_MONITOR_RECORD {"timestamp_pacific": "2026-08-04T21:46:25.422-07:00", "status": "ok", "reasons": ["current_change"]}
POWER_MONITOR_RECORD {"timestamp_pacific": "2026-08-04T21:46:26.429-07:00", "status": "ok", "reasons": ["current_change"]}
POWER_MONITOR_RECORD {"timestamp_pacific": "2026-08-04T21:46:28.441-07:00", "status": "ok", "reasons": ["current_change"]}
POWER_MONITOR_RECORD {"timestamp_pacific": "2026-08-04T21:46:29.447-07:00", "status": "ok", "reasons": ["current_change"]}
POWER_MONITOR_RECORD {"timestamp_pacific": "2026-08-04T21:46:36.489-07:00", "status": "ok", "reasons": ["current_change"]}
POWER_MONITOR_RECORD {"timestamp_pacific": "2026-08-04T21:46:37.495-07:00", "status": "ok", "reasons": ["current_change"]}
POWER_MONITOR_RECORD {"timestamp_pacific": "2026-08-04T21:46:40.514-07:00", "status": "ok", "reasons": ["current_change"]}
POWER_MONITOR_RECORD {"timestamp_pacific": "2026-08-04T21:46:41.520-07:00", "status": "ok", "reasons": ["current_change"]}
POWER_MONITOR_RECORD {"timestamp_pacific": "2026-08-04T21:46:48.565-07:00", "status": "ok", "reasons": ["current_change"]}
POWER_MONITOR_RECORD {"timestamp_pacific": "2026-08-04T21:47:04.659-07:00", "status": "ok", "reasons": ["current_change"]}
POWER_MONITOR_RECORD {"timestamp_pacific": "2026-08-04T21:47:07.677-07:00", "status": "ok", "reasons": ["current_change"]}
POWER_MONITOR_RECORD {"timestamp_pacific": "2026-08-04T21:47:08.684-07:00", "status": "ok", "reasons": ["current_change"]}
POWER_MONITOR_RECORD {"timestamp_pacific": "2026-08-04T21:47:09.690-07:00", "status": "ok", "reasons": ["current_change"]}
POWER_MONITOR_RECORD {"timestamp_pacific": "2026-08-04T21:47:10.700-07:00", "status": "ok", "reasons": ["current_change"]}
POWER_MONITOR_RECORD {"timestamp_pacific": "2026-08-04T21:47:11.706-07:00", "status": "ok", "reasons": ["current_change"]}
POWER_MONITOR_RECORD {"timestamp_pacific": "2026-08-04T21:47:12.713-07:00", "status": "ok", "reasons": ["current_change"]}
POWER_MONITOR_RECORD {"timestamp_pacific": "2026-08-04T21:47:13.719-07:00", "status": "ok", "reasons": ["current_change"]}
POWER_MONITOR_RECORD {"timestamp_pacific": "2026-08-04T21:47:14.726-07:00", "status": "ok", "reasons": ["current_change"]}
POWER_MONITOR_RECORD {"timestamp_pacific": "2026-08-04T21:47:15.736-07:00", "status": "ok", "reasons": ["current_change"]}
POWER_MONITOR_RECORD {"timestamp_pacific": "2026-08-04T21:47:16.742-07:00", "status": "ok", "reasons": ["current_change"]}
POWER_MONITOR_RECORD {"timestamp_pacific": "2026-08-04T21:47:17.749-07:00", "status": "ok", "reasons": ["current_change"]}
POWER_MONITOR_RECORD {"timestamp_pacific": "2026-08-04T21:47:18.755-07:00", "status": "ok", "reasons": ["current_change"]}
POWER_MONITOR_RECORD {"timestamp_pacific": "2026-08-04T21:47:19.762-07:00", "status": "ok", "reasons": ["current_change"]}
POWER_MONITOR_RECORD {"timestamp_pacific": "2026-08-04T21:47:28.818-07:00", "status": "ok", "reasons": ["current_change"]}
POWER_MONITOR_RECORD {"timestamp_pacific": "2026-08-04T21:47:32.842-07:00", "status": "ok", "reasons": ["current_change"]}
POWER_MONITOR_RECORD {"timestamp_pacific": "2026-08-04T21:47:35.860-07:00", "status": "ok", "reasons": ["current_change"]}
POWER_MONITOR_RECORD {"timestamp_pacific": "2026-08-04T21:47:42.902-07:00", "status": "ok", "reasons": ["current_change"]}
POWER_MONITOR_RECORD {"timestamp_pacific": "2026-08-04T21:47:52.961-07:00", "status": "ok", "reasons": ["current_change"]}
POWER_MONITOR_RECORD {"timestamp_pacific": "2026-08-04T21:48:03.020-07:00", "status": "ok", "reasons": ["current_change"]}
POWER_MONITOR_RECORD {"timestamp_pacific": "2026-08-04T21:48:06.037-07:00", "status": "ok", "reasons": ["current_change"]}
POWER_MONITOR_RECORD {"timestamp_pacific": "2026-08-04T21:48:11.071-07:00", "status": "ok", "reasons": ["current_change"]}
POWER_MONITOR_RECORD {"timestamp_pacific": "2026-08-04T21:48:13.083-07:00", "status": "ok", "reasons": ["current_change"]}
POWER_MONITOR_RECORD {"timestamp_pacific": "2026-08-04T21:48:17.107-07:00", "status": "ok", "reasons": ["current_change"]}
POWER_MONITOR_RECORD {"timestamp_pacific": "2026-08-04T21:48:23.143-07:00", "status": "ok", "reasons": ["current_change"]}
POWER_MONITOR_RECORD {"timestamp_pacific": "2026-08-04T21:48:31.190-07:00", "status": "ok", "reasons": ["current_change"]}
POWER_MONITOR_RECORD {"timestamp_pacific": "2026-08-04T21:48:41.249-07:00", "status": "ok", "reasons": ["current_change"]}
POWER_MONITOR_RECORD {"timestamp_pacific": "2026-08-04T21:48:46.287-07:00", "status": "ok", "reasons": ["current_change"]}
POWER_MONITOR_RECORD {"timestamp_pacific": "2026-08-04T21:48:47.294-07:00", "status": "ok", "reasons": ["current_change"]}
POWER_MONITOR_RECORD {"timestamp_pacific": "2026-08-04T21:48:49.306-07:00", "status": "ok", "reasons": ["current_change"]}
POWER_MONITOR_RECORD {"timestamp_pacific": "2026-08-04T21:48:51.318-07:00", "status": "ok", "reasons": ["current_change"]}
POWER_MONITOR_RECORD {"timestamp_pacific": "2026-08-04T21:48:53.333-07:00", "status": "ok", "reasons": ["current_change"]}
POWER_MONITOR_RECORD {"timestamp_pacific": "2026-08-04T21:48:54.340-07:00", "status": "ok", "reasons": ["current_change"]}
POWER_MONITOR_RECORD {"timestamp_pacific": "2026-08-04T21:48:59.370-07:00", "status": "ok", "reasons": ["current_change"]}
POWER_MONITOR_RECORD {"timestamp_pacific": "2026-08-04T21:49:00.376-07:00", "status": "ok", "reasons": ["current_change"]}
POWER_MONITOR_RECORD {"timestamp_pacific": "2026-08-04T21:49:02.388-07:00", "status": "ok", "reasons": ["current_change"]}
POWER_MONITOR_RECORD {"timestamp_pacific": "2026-08-04T21:49:03.395-07:00", "status": "ok", "reasons": ["current_change"]}
POWER_MONITOR_RECORD {"timestamp_pacific": "2026-08-04T21:49:04.402-07:00", "status": "ok", "reasons": ["current_change"]}
POWER_MONITOR_RECORD {"timestamp_pacific": "2026-08-04T21:49:05.411-07:00", "status": "ok", "reasons": ["current_change"]}
POWER_MONITOR_RECORD {"timestamp_pacific": "2026-08-04T21:49:06.418-07:00", "status": "ok", "reasons": ["current_change"]}
POWER_MONITOR_RECORD {"timestamp_pacific": "2026-08-04T21:49:07.424-07:00", "status": "ok", "reasons": ["current_change"]}
POWER_MONITOR_RECORD {"timestamp_pacific": "2026-08-04T21:49:08.427-07:00", "status": "ok", "reasons": ["current_change"]}
POWER_MONITOR_RECORD {"timestamp_pacific": "2026-08-04T21:49:09.430-07:00", "status": "ok", "reasons": ["current_change"]}
POWER_MONITOR_RECORD {"timestamp_pacific": "2026-08-04T21:49:13.446-07:00", "status": "ok", "reasons": ["current_change"]}
POWER_MONITOR_RECORD {"timestamp_pacific": "2026-08-04T21:49:14.453-07:00", "status": "ok", "reasons": ["current_change"]}
POWER_MONITOR_RECORD {"timestamp_pacific": "2026-08-04T21:49:19.486-07:00", "status": "ok", "reasons": ["current_change"]}
POWER_MONITOR_RECORD {"timestamp_pacific": "2026-08-04T21:49:20.496-07:00", "status": "ok", "reasons": ["current_change"]}
POWER_MONITOR_RECORD {"timestamp_pacific": "2026-08-04T21:49:21.502-07:00", "status": "ok", "reasons": ["current_change"]}
POWER_MONITOR_RECORD {"timestamp_pacific": "2026-08-04T21:49:27.538-07:00", "status": "ok", "reasons": ["current_change"]}
POWER_MONITOR_RECORD {"timestamp_pacific": "2026-08-04T21:49:32.567-07:00", "status": "ok", "reasons": ["current_change"]}
POWER_MONITOR_RECORD {"timestamp_pacific": "2026-08-04T21:49:33.577-07:00", "status": "ok", "reasons": ["current_change"]}
POWER_MONITOR_RECORD {"timestamp_pacific": "2026-08-04T21:49:35.589-07:00", "status": "ok", "reasons": ["current_change"]}
POWER_MONITOR_RECORD {"timestamp_pacific": "2026-08-04T21:49:37.602-07:00", "status": "ok", "reasons": ["current_change"]}
POWER_MONITOR_RECORD {"timestamp_pacific": "2026-08-04T21:49:42.634-07:00", "status": "ok", "reasons": ["current_change"]}
POWER_MONITOR_RECORD {"timestamp_pacific": "2026-08-04T21:49:45.653-07:00", "status": "ok", "reasons": ["current_change"]}
POWER_MONITOR_RECORD {"timestamp_pacific": "2026-08-04T21:49:46.659-07:00", "status": "ok", "reasons": ["current_change"]}
POWER_MONITOR_RECORD {"timestamp_pacific": "2026-08-04T21:49:49.677-07:00", "status": "ok", "reasons": ["current_change"]}
POWER_MONITOR_RECORD {"timestamp_pacific": "2026-08-04T21:49:56.719-07:00", "status": "ok", "reasons": ["current_change"]}
POWER_MONITOR_RECORD {"timestamp_pacific": "2026-08-04T21:49:58.731-07:00", "status": "ok", "reasons": ["current_change"]}
POWER_MONITOR_RECORD {"timestamp_pacific": "2026-08-04T21:50:01.749-07:00", "status": "ok", "reasons": ["current_change"]}
POWER_MONITOR_RECORD {"timestamp_pacific": "2026-08-04T21:50:03.765-07:00", "status": "ok", "reasons": ["current_change"]}
POWER_MONITOR_RECORD {"timestamp_pacific": "2026-08-04T21:50:05.777-07:00", "status": "ok", "reasons": ["current_change"]}
POWER_MONITOR_RECORD {"timestamp_pacific": "2026-08-04T21:50:06.784-07:00", "status": "ok", "reasons": ["current_change"]}
POWER_MONITOR_RECORD {"timestamp_pacific": "2026-08-04T21:50:08.796-07:00", "status": "ok", "reasons": ["current_change"]}
POWER_MONITOR_RECORD {"timestamp_pacific": "2026-08-04T21:50:10.801-07:00", "status": "ok", "reasons": ["current_change"]}
POWER_MONITOR_RECORD {"timestamp_pacific": "2026-08-04T21:50:13.812-07:00", "status": "ok", "reasons": ["current_change"]}
POWER_MONITOR_RECORD {"timestamp_pacific": "2026-08-04T21:50:14.818-07:00", "status": "ok", "reasons": ["current_change"]}
POWER_MONITOR_RECORD {"timestamp_pacific": "2026-08-04T21:50:18.842-07:00", "status": "ok", "reasons": ["current_change"]}
POWER_MONITOR_RECORD {"timestamp_pacific": "2026-08-04T21:50:19.852-07:00", "status": "ok", "reasons": ["current_change"]}
POWER_MONITOR_RECORD {"timestamp_pacific": "2026-08-04T21:50:20.858-07:00", "status": "ok", "reasons": ["current_change"]}
POWER_MONITOR_RECORD {"timestamp_pacific": "2026-08-04T21:50:23.876-07:00", "status": "ok", "reasons": ["current_change"]}
POWER_MONITOR_RECORD {"timestamp_pacific": "2026-08-04T21:50:25.892-07:00", "status": "ok", "reasons": ["current_change"]}
POWER_MONITOR_RECORD {"timestamp_pacific": "2026-08-04T21:50:26.898-07:00", "status": "ok", "reasons": ["current_change"]}
POWER_MONITOR_RECORD {"timestamp_pacific": "2026-08-04T21:50:27.905-07:00", "status": "ok", "reasons": ["current_change"]}
POWER_MONITOR_RECORD {"timestamp_pacific": "2026-08-04T21:50:29.917-07:00", "status": "ok", "reasons": ["current_change"]}
POWER_MONITOR_RECORD {"timestamp_pacific": "2026-08-04T21:50:30.924-07:00", "status": "ok", "reasons": ["current_change"]}
POWER_MONITOR_RECORD {"timestamp_pacific": "2026-08-04T21:50:34.947-07:00", "status": "ok", "reasons": ["current_change"]}
POWER_MONITOR_RECORD {"timestamp_pacific": "2026-08-04T21:50:35.957-07:00", "status": "ok", "reasons": ["current_change"]}
POWER_MONITOR_RECORD {"timestamp_pacific": "2026-08-04T21:50:39.981-07:00", "status": "ok", "reasons": ["current_change"]}
POWER_MONITOR_RECORD {"timestamp_pacific": "2026-08-04T21:50:41.996-07:00", "status": "ok", "reasons": ["current_change"]}
POWER_MONITOR_RECORD {"timestamp_pacific": "2026-08-04T21:50:43.003-07:00", "status": "ok", "reasons": ["current_change"]}
POWER_MONITOR_RECORD {"timestamp_pacific": "2026-08-04T21:50:44.009-07:00", "status": "ok", "reasons": ["current_change"]}
POWER_MONITOR_RECORD {"timestamp_pacific": "2026-08-04T21:50:49.039-07:00", "status": "ok", "reasons": ["current_change"]}
POWER_MONITOR_RECORD {"timestamp_pacific": "2026-08-04T21:50:51.051-07:00", "status": "ok", "reasons": ["current_change"]}
POWER_MONITOR_RECORD {"timestamp_pacific": "2026-08-04T21:50:55.075-07:00", "status": "ok", "reasons": ["current_change"]}
POWER_MONITOR_RECORD {"timestamp_pacific": "2026-08-04T21:51:05.133-07:00", "status": "ok", "reasons": ["current_change"]}
POWER_MONITOR_RECORD {"timestamp_pacific": "2026-08-04T21:51:06.140-07:00", "status": "ok", "reasons": ["current_change"]}
POWER_MONITOR_RECORD {"timestamp_pacific": "2026-08-04T21:51:08.148-07:00", "status": "ok", "reasons": ["current_change"]}
POWER_MONITOR_RECORD {"timestamp_pacific": "2026-08-04T21:51:09.151-07:00", "status": "ok", "reasons": ["current_change"]}
POWER_MONITOR_RECORD {"timestamp_pacific": "2026-08-04T21:51:11.156-07:00", "status": "ok", "reasons": ["current_change"]}
POWER_MONITOR_RECORD {"timestamp_pacific": "2026-08-04T21:51:12.159-07:00", "status": "ok", "reasons": ["current_change"]}
POWER_MONITOR_RECORD {"timestamp_pacific": "2026-08-04T21:51:18.194-07:00", "status": "ok", "reasons": ["current_change"]}
POWER_MONITOR_RECORD {"timestamp_pacific": "2026-08-04T21:51:20.206-07:00", "status": "ok", "reasons": ["current_change"]}
POWER_MONITOR_RECORD {"timestamp_pacific": "2026-08-04T21:51:23.224-07:00", "status": "ok", "reasons": ["current_change"]}
POWER_MONITOR_RECORD {"timestamp_pacific": "2026-08-04T21:51:24.231-07:00", "status": "ok", "reasons": ["current_change"]}
POWER_MONITOR_RECORD {"timestamp_pacific": "2026-08-04T21:51:25.237-07:00", "status": "ok", "reasons": ["current_change"]}
POWER_MONITOR_RECORD {"timestamp_pacific": "2026-08-04T21:51:26.244-07:00", "status": "ok", "reasons": ["current_change"]}
POWER_MONITOR_RECORD {"timestamp_pacific": "2026-08-04T21:51:29.262-07:00", "status": "ok", "reasons": ["current_change"]}
POWER_MONITOR_RECORD {"timestamp_pacific": "2026-08-04T21:51:30.268-07:00", "status": "ok", "reasons": ["current_change"]}
POWER_MONITOR_RECORD {"timestamp_pacific": "2026-08-04T21:51:32.280-07:00", "status": "ok", "reasons": ["current_change"]}
POWER_MONITOR_RECORD {"timestamp_pacific": "2026-08-04T21:51:35.299-07:00", "status": "ok", "reasons": ["current_change"]}
POWER_MONITOR_RECORD {"timestamp_pacific": "2026-08-04T21:51:37.311-07:00", "status": "ok", "reasons": ["current_change"]}
POWER_MONITOR_RECORD {"timestamp_pacific": "2026-08-04T21:51:38.317-07:00", "status": "ok", "reasons": ["current_change"]}
POWER_MONITOR_RECORD {"timestamp_pacific": "2026-08-04T21:51:40.330-07:00", "status": "ok", "reasons": ["current_change"]}
POWER_MONITOR_RECORD {"timestamp_pacific": "2026-08-04T21:51:41.340-07:00", "status": "ok", "reasons": ["current_change"]}
POWER_MONITOR_RECORD {"timestamp_pacific": "2026-08-04T21:51:43.352-07:00", "status": "ok", "reasons": ["current_change"]}
POWER_MONITOR_RECORD {"timestamp_pacific": "2026-08-04T21:51:44.358-07:00", "status": "ok", "reasons": ["current_change"]}
POWER_MONITOR_RECORD {"timestamp_pacific": "2026-08-04T21:51:45.365-07:00", "status": "ok", "reasons": ["current_change"]}
POWER_MONITOR_RECORD {"timestamp_pacific": "2026-08-04T21:51:46.374-07:00", "status": "ok", "reasons": ["current_change"]}
POWER_MONITOR_RECORD {"timestamp_pacific": "2026-08-04T21:51:48.386-07:00", "status": "ok", "reasons": ["current_change"]}
POWER_MONITOR_RECORD {"timestamp_pacific": "2026-08-04T21:51:49.393-07:00", "status": "ok", "reasons": ["current_change"]}
POWER_MONITOR_RECORD {"timestamp_pacific": "2026-08-04T21:51:50.399-07:00", "status": "ok", "reasons": ["current_change"]}
POWER_MONITOR_RECORD {"timestamp_pacific": "2026-08-04T21:51:51.409-07:00", "status": "ok", "reasons": ["current_change"]}
POWER_MONITOR_RECORD {"timestamp_pacific": "2026-08-04T21:51:54.427-07:00", "status": "ok", "reasons": ["current_change"]}
POWER_MONITOR_RECORD {"timestamp_pacific": "2026-08-04T21:51:55.433-07:00", "status": "ok", "reasons": ["current_change"]}
POWER_MONITOR_RECORD {"timestamp_pacific": "2026-08-04T21:51:57.449-07:00", "status": "ok", "reasons": ["current_change"]}
POWER_MONITOR_RECORD {"timestamp_pacific": "2026-08-04T21:51:59.461-07:00", "status": "ok", "reasons": ["current_change"]}
POWER_MONITOR_RECORD {"timestamp_pacific": "2026-08-04T21:52:00.467-07:00", "status": "ok", "reasons": ["current_change"]}
POWER_MONITOR_RECORD {"timestamp_pacific": "2026-08-04T21:52:03.489-07:00", "status": "ok", "reasons": ["current_change"]}
POWER_MONITOR_RECORD {"timestamp_pacific": "2026-08-04T21:52:04.495-07:00", "status": "ok", "reasons": ["current_change"]}
POWER_MONITOR_RECORD {"timestamp_pacific": "2026-08-04T21:52:05.502-07:00", "status": "ok", "reasons": ["current_change"]}
POWER_MONITOR_RECORD {"timestamp_pacific": "2026-08-04T21:52:06.511-07:00", "status": "ok", "reasons": ["current_change"]}
POWER_MONITOR_RECORD {"timestamp_pacific": "2026-08-04T21:52:08.520-07:00", "status": "ok", "reasons": ["current_change"]}
POWER_MONITOR_RECORD {"timestamp_pacific": "2026-08-04T21:52:11.528-07:00", "status": "ok", "reasons": ["current_change"]}
POWER_MONITOR_RECORD {"timestamp_pacific": "2026-08-04T21:52:13.536-07:00", "status": "ok", "reasons": ["current_change"]}
POWER_MONITOR_RECORD {"timestamp_pacific": "2026-08-04T21:52:16.554-07:00", "status": "ok", "reasons": ["current_change"]}
POWER_MONITOR_RECORD {"timestamp_pacific": "2026-08-04T21:52:17.565-07:00", "status": "ok", "reasons": ["current_change"]}
POWER_MONITOR_RECORD {"timestamp_pacific": "2026-08-04T21:52:18.571-07:00", "status": "ok", "reasons": ["current_change"]}
POWER_MONITOR_RECORD {"timestamp_pacific": "2026-08-04T21:52:19.577-07:00", "status": "ok", "reasons": ["current_change"]}
POWER_MONITOR_RECORD {"timestamp_pacific": "2026-08-04T21:52:22.596-07:00", "status": "ok", "reasons": ["current_change"]}
POWER_MONITOR_RECORD {"timestamp_pacific": "2026-08-04T21:52:25.614-07:00", "status": "ok", "reasons": ["current_change"]}
POWER_MONITOR_RECORD {"timestamp_pacific": "2026-08-04T21:52:31.649-07:00", "status": "ok", "reasons": ["current_change"]}
POWER_MONITOR_RECORD {"timestamp_pacific": "2026-08-04T21:52:32.655-07:00", "status": "ok", "reasons": ["current_change"]}
POWER_MONITOR_RECORD {"timestamp_pacific": "2026-08-04T21:52:33.662-07:00", "status": "ok", "reasons": ["current_change"]}
POWER_MONITOR_RECORD {"timestamp_pacific": "2026-08-04T21:52:34.672-07:00", "status": "ok", "reasons": ["current_change"]}
POWER_MONITOR_RECORD {"timestamp_pacific": "2026-08-04T21:52:36.684-07:00", "status": "ok", "reasons": ["current_change"]}
POWER_MONITOR_RECORD {"timestamp_pacific": "2026-08-04T21:52:38.696-07:00", "status": "ok", "reasons": ["current_change"]}
POWER_MONITOR_RECORD {"timestamp_pacific": "2026-08-04T21:52:39.706-07:00", "status": "ok", "reasons": ["current_change"]}
POWER_MONITOR_RECORD {"timestamp_pacific": "2026-08-04T21:52:40.712-07:00", "status": "ok", "reasons": ["current_change"]}
POWER_MONITOR_RECORD {"timestamp_pacific": "2026-08-04T21:52:41.719-07:00", "status": "ok", "reasons": ["current_change"]}
POWER_MONITOR_RECORD {"timestamp_pacific": "2026-08-04T21:52:43.731-07:00", "status": "ok", "reasons": ["current_change"]}
POWER_MONITOR_RECORD {"timestamp_pacific": "2026-08-04T21:52:44.741-07:00", "status": "ok", "reasons": ["current_change"]}
POWER_MONITOR_RECORD {"timestamp_pacific": "2026-08-04T21:52:46.754-07:00", "status": "ok", "reasons": ["current_change"]}
POWER_MONITOR_RECORD {"timestamp_pacific": "2026-08-04T21:52:48.766-07:00", "status": "ok", "reasons": ["current_change"]}
POWER_MONITOR_RECORD {"timestamp_pacific": "2026-08-04T21:52:53.799-07:00", "status": "ok", "reasons": ["current_change"]}
POWER_MONITOR_RECORD {"timestamp_pacific": "2026-08-04T21:52:54.808-07:00", "status": "ok", "reasons": ["current_change"]}
POWER_MONITOR_RECORD {"timestamp_pacific": "2026-08-04T21:52:55.815-07:00", "status": "ok", "reasons": ["current_change"]}
POWER_MONITOR_RECORD {"timestamp_pacific": "2026-08-04T21:52:57.827-07:00", "status": "ok", "reasons": ["current_change"]}
POWER_MONITOR_RECORD {"timestamp_pacific": "2026-08-04T21:52:59.840-07:00", "status": "ok", "reasons": ["current_change"]}
POWER_MONITOR_RECORD {"timestamp_pacific": "2026-08-04T21:53:00.846-07:00", "status": "ok", "reasons": ["current_change"]}
POWER_MONITOR_RECORD {"timestamp_pacific": "2026-08-04T21:53:05.876-07:00", "status": "ok", "reasons": ["current_change"]}
POWER_MONITOR_RECORD {"timestamp_pacific": "2026-08-04T21:53:07.888-07:00", "status": "ok", "reasons": ["current_change"]}
POWER_MONITOR_RECORD {"timestamp_pacific": "2026-08-04T21:53:09.900-07:00", "status": "ok", "reasons": ["current_change"]}
POWER_MONITOR_RECORD {"timestamp_pacific": "2026-08-04T21:53:10.907-07:00", "status": "ok", "reasons": ["current_change"]}
POWER_MONITOR_RECORD {"timestamp_pacific": "2026-08-04T21:53:12.922-07:00", "status": "ok", "reasons": ["current_change"]}
POWER_MONITOR_RECORD {"timestamp_pacific": "2026-08-04T21:53:13.928-07:00", "status": "ok", "reasons": ["current_change"]}
POWER_MONITOR_RECORD {"timestamp_pacific": "2026-08-04T21:53:16.948-07:00", "status": "ok", "reasons": ["current_change"]}
POWER_MONITOR_RECORD {"timestamp_pacific": "2026-08-04T21:53:20.972-07:00", "status": "ok", "reasons": ["current_change"]}
POWER_MONITOR_RECORD {"timestamp_pacific": "2026-08-04T21:53:21.982-07:00", "status": "ok", "reasons": ["current_change"]}
POWER_MONITOR_RECORD {"timestamp_pacific": "2026-08-04T21:53:22.988-07:00", "status": "ok", "reasons": ["current_change"]}
POWER_MONITOR_RECORD {"timestamp_pacific": "2026-08-04T21:53:27.016-07:00", "status": "ok", "reasons": ["current_change"]}
POWER_MONITOR_RECORD {"timestamp_pacific": "2026-08-04T21:53:28.022-07:00", "status": "ok", "reasons": ["current_change"]}
POWER_MONITOR_RECORD {"timestamp_pacific": "2026-08-04T21:53:29.028-07:00", "status": "ok", "reasons": ["current_change"]}
POWER_MONITOR_RECORD {"timestamp_pacific": "2026-08-04T21:53:31.041-07:00", "status": "ok", "reasons": ["current_change"]}
POWER_MONITOR_RECORD {"timestamp_pacific": "2026-08-04T21:53:32.047-07:00", "status": "ok", "reasons": ["current_change"]}
POWER_MONITOR_RECORD {"timestamp_pacific": "2026-08-04T21:53:33.057-07:00", "status": "ok", "reasons": ["current_change"]}
POWER_MONITOR_RECORD {"timestamp_pacific": "2026-08-04T21:53:34.063-07:00", "status": "ok", "reasons": ["current_change"]}
POWER_MONITOR_RECORD {"timestamp_pacific": "2026-08-04T21:53:35.070-07:00", "status": "ok", "reasons": ["current_change"]}
POWER_MONITOR_RECORD {"timestamp_pacific": "2026-08-04T21:53:39.094-07:00", "status": "ok", "reasons": ["current_change"]}
POWER_MONITOR_RECORD {"timestamp_pacific": "2026-08-04T21:53:43.117-07:00", "status": "ok", "reasons": ["current_change"]}
POWER_MONITOR_RECORD {"timestamp_pacific": "2026-08-04T21:53:44.124-07:00", "status": "ok", "reasons": ["current_change"]}
POWER_MONITOR_RECORD {"timestamp_pacific": "2026-08-04T21:53:46.140-07:00", "status": "ok", "reasons": ["current_change"]}
POWER_MONITOR_RECORD {"timestamp_pacific": "2026-08-04T21:53:47.146-07:00", "status": "ok", "reasons": ["current_change"]}
POWER_MONITOR_RECORD {"timestamp_pacific": "2026-08-04T21:53:50.164-07:00", "status": "ok", "reasons": ["current_change"]}
POWER_MONITOR_RECORD {"timestamp_pacific": "2026-08-04T21:53:51.171-07:00", "status": "ok", "reasons": ["current_change"]}
POWER_MONITOR_RECORD {"timestamp_pacific": "2026-08-04T21:53:52.177-07:00", "status": "ok", "reasons": ["current_change"]}
POWER_MONITOR_RECORD {"timestamp_pacific": "2026-08-04T21:53:53.184-07:00", "status": "ok", "reasons": ["current_change"]}
POWER_MONITOR_RECORD {"timestamp_pacific": "2026-08-04T21:53:55.196-07:00", "status": "ok", "reasons": ["current_change"]}
POWER_MONITOR_RECORD {"timestamp_pacific": "2026-08-04T21:53:57.211-07:00", "status": "ok", "reasons": ["current_change"]}
POWER_MONITOR_RECORD {"timestamp_pacific": "2026-08-04T21:53:58.218-07:00", "status": "ok", "reasons": ["current_change"]}
POWER_MONITOR_RECORD {"timestamp_pacific": "2026-08-04T21:53:59.224-07:00", "status": "ok", "reasons": ["current_change"]}
POWER_MONITOR_RECORD {"timestamp_pacific": "2026-08-04T21:54:00.231-07:00", "status": "ok", "reasons": ["current_change"]}
POWER_MONITOR_RECORD {"timestamp_pacific": "2026-08-04T21:54:01.240-07:00", "status": "ok", "reasons": ["current_change"]}
POWER_MONITOR_RECORD {"timestamp_pacific": "2026-08-04T21:54:05.264-07:00", "status": "ok", "reasons": ["current_change"]}
POWER_MONITOR_RECORD {"timestamp_pacific": "2026-08-04T21:54:06.273-07:00", "status": "ok", "reasons": ["current_change"]}
POWER_MONITOR_RECORD {"timestamp_pacific": "2026-08-04T21:54:07.280-07:00", "status": "ok", "reasons": ["current_change"]}
POWER_MONITOR_RECORD {"timestamp_pacific": "2026-08-04T21:54:09.285-07:00", "status": "ok", "reasons": ["current_change"]}
POWER_MONITOR_RECORD {"timestamp_pacific": "2026-08-04T21:54:11.290-07:00", "status": "ok", "reasons": ["current_change"]}
POWER_MONITOR_RECORD {"timestamp_pacific": "2026-08-04T21:54:15.310-07:00", "status": "ok", "reasons": ["current_change"]}
POWER_MONITOR_RECORD {"timestamp_pacific": "2026-08-04T21:54:18.328-07:00", "status": "ok", "reasons": ["current_change"]}
POWER_MONITOR_RECORD {"timestamp_pacific": "2026-08-04T21:54:19.335-07:00", "status": "ok", "reasons": ["current_change"]}
POWER_MONITOR_RECORD {"timestamp_pacific": "2026-08-04T21:54:29.393-07:00", "status": "ok", "reasons": ["current_change"]}
POWER_MONITOR_RECORD {"timestamp_pacific": "2026-08-04T21:54:34.423-07:00", "status": "ok", "reasons": ["current_change"]}
POWER_MONITOR_RECORD {"timestamp_pacific": "2026-08-04T21:54:35.432-07:00", "status": "ok", "reasons": ["current_change"]}
POWER_MONITOR_RECORD {"timestamp_pacific": "2026-08-04T21:54:36.439-07:00", "status": "ok", "reasons": ["current_change"]}
POWER_MONITOR_RECORD {"timestamp_pacific": "2026-08-04T21:54:39.457-07:00", "status": "ok", "reasons": ["current_change"]}
POWER_MONITOR_RECORD {"timestamp_pacific": "2026-08-04T21:54:41.472-07:00", "status": "ok", "reasons": ["current_change"]}
POWER_MONITOR_RECORD {"timestamp_pacific": "2026-08-04T21:54:43.484-07:00", "status": "ok", "reasons": ["current_change"]}
POWER_MONITOR_RECORD {"timestamp_pacific": "2026-08-04T21:54:44.491-07:00", "status": "ok", "reasons": ["current_change"]}
POWER_MONITOR_RECORD {"timestamp_pacific": "2026-08-04T21:54:45.497-07:00", "status": "ok", "reasons": ["current_change"]}
POWER_MONITOR_RECORD {"timestamp_pacific": "2026-08-04T21:54:51.533-07:00", "status": "ok", "reasons": ["current_change"]}
POWER_MONITOR_RECORD {"timestamp_pacific": "2026-08-04T21:54:53.545-07:00", "status": "ok", "reasons": ["current_change"]}
POWER_MONITOR_RECORD {"timestamp_pacific": "2026-08-04T21:54:55.557-07:00", "status": "ok", "reasons": ["current_change"]}
POWER_MONITOR_RECORD {"timestamp_pacific": "2026-08-04T21:54:57.570-07:00", "status": "ok", "reasons": ["current_change"]}
POWER_MONITOR_RECORD {"timestamp_pacific": "2026-08-04T21:55:05.617-07:00", "status": "ok", "reasons": ["current_change"]}
POWER_MONITOR_RECORD {"timestamp_pacific": "2026-08-04T21:55:07.629-07:00", "status": "ok", "reasons": ["current_change"]}
POWER_MONITOR_RECORD {"timestamp_pacific": "2026-08-04T21:55:09.642-07:00", "status": "ok", "reasons": ["current_change"]}
POWER_MONITOR_RECORD {"timestamp_pacific": "2026-08-04T21:55:10.648-07:00", "status": "ok", "reasons": ["current_change"]}
POWER_MONITOR_RECORD {"timestamp_pacific": "2026-08-04T21:55:11.656-07:00", "status": "ok", "reasons": ["current_change"]}
POWER_MONITOR_RECORD {"timestamp_pacific": "2026-08-04T21:55:12.662-07:00", "status": "ok", "reasons": ["current_change"]}
POWER_MONITOR_RECORD {"timestamp_pacific": "2026-08-04T21:55:15.680-07:00", "status": "ok", "reasons": ["current_change"]}
POWER_MONITOR_RECORD {"timestamp_pacific": "2026-08-04T21:55:18.700-07:00", "status": "ok", "reasons": ["current_change"]}
POWER_MONITOR_RECORD {"timestamp_pacific": "2026-08-04T21:55:20.712-07:00", "status": "ok", "reasons": ["current_change"]}
POWER_MONITOR_RECORD {"timestamp_pacific": "2026-08-04T21:55:28.761-07:00", "status": "ok", "reasons": ["current_change"]}
POWER_MONITOR_RECORD {"timestamp_pacific": "2026-08-04T21:55:29.768-07:00", "status": "ok", "reasons": ["current_change"]}
POWER_MONITOR_RECORD {"timestamp_pacific": "2026-08-04T21:55:32.786-07:00", "status": "ok", "reasons": ["current_change"]}
POWER_MONITOR_RECORD {"timestamp_pacific": "2026-08-04T21:55:33.792-07:00", "status": "ok", "reasons": ["current_change"]}
POWER_MONITOR_RECORD {"timestamp_pacific": "2026-08-04T21:55:34.800-07:00", "status": "ok", "reasons": ["current_change"]}
POWER_MONITOR_RECORD {"timestamp_pacific": "2026-08-04T21:55:36.812-07:00", "status": "ok", "reasons": ["current_change"]}
POWER_MONITOR_RECORD {"timestamp_pacific": "2026-08-04T21:55:37.818-07:00", "status": "ok", "reasons": ["current_change"]}
POWER_MONITOR_RECORD {"timestamp_pacific": "2026-08-04T21:55:38.825-07:00", "status": "ok", "reasons": ["current_change"]}
POWER_MONITOR_RECORD {"timestamp_pacific": "2026-08-04T21:55:40.838-07:00", "status": "ok", "reasons": ["current_change"]}
POWER_MONITOR_RECORD {"timestamp_pacific": "2026-08-04T21:55:44.862-07:00", "status": "ok", "reasons": ["current_change"]}
POWER_MONITOR_RECORD {"timestamp_pacific": "2026-08-04T21:55:45.870-07:00", "status": "ok", "reasons": ["current_change"]}
POWER_MONITOR_RECORD {"timestamp_pacific": "2026-08-04T21:55:48.888-07:00", "status": "ok", "reasons": ["current_change"]}
POWER_MONITOR_RECORD {"timestamp_pacific": "2026-08-04T21:55:49.894-07:00", "status": "ok", "reasons": ["current_change"]}
POWER_MONITOR_RECORD {"timestamp_pacific": "2026-08-04T21:55:50.903-07:00", "status": "ok", "reasons": ["current_change"]}
POWER_MONITOR_RECORD {"timestamp_pacific": "2026-08-04T21:55:51.910-07:00", "status": "ok", "reasons": ["current_change"]}
POWER_MONITOR_RECORD {"timestamp_pacific": "2026-08-04T21:55:53.922-07:00", "status": "ok", "reasons": ["current_change"]}
POWER_MONITOR_RECORD {"timestamp_pacific": "2026-08-04T21:55:55.933-07:00", "status": "ok", "reasons": ["current_change"]}
POWER_MONITOR_RECORD {"timestamp_pacific": "2026-08-04T21:55:56.940-07:00", "status": "ok", "reasons": ["current_change"]}
POWER_MONITOR_RECORD {"timestamp_pacific": "2026-08-04T21:56:01.970-07:00", "status": "ok", "reasons": ["current_change"]}
POWER_MONITOR_RECORD {"timestamp_pacific": "2026-08-04T21:56:04.988-07:00", "status": "ok", "reasons": ["current_change"]}
POWER_MONITOR_RECORD {"timestamp_pacific": "2026-08-04T21:56:07.000-07:00", "status": "ok", "reasons": ["current_change"]}
POWER_MONITOR_RECORD {"timestamp_pacific": "2026-08-04T21:56:08.007-07:00", "status": "ok", "reasons": ["current_change"]}
POWER_MONITOR_RECORD {"timestamp_pacific": "2026-08-04T21:56:09.010-07:00", "status": "ok", "reasons": ["current_change"]}
POWER_MONITOR_RECORD {"timestamp_pacific": "2026-08-04T21:56:10.012-07:00", "status": "ok", "reasons": ["current_change"]}
POWER_MONITOR_RECORD {"timestamp_pacific": "2026-08-04T21:56:14.026-07:00", "status": "ok", "reasons": ["current_change"]}
POWER_MONITOR_RECORD {"timestamp_pacific": "2026-08-04T21:56:15.032-07:00", "status": "ok", "reasons": ["current_change"]}
POWER_MONITOR_RECORD {"timestamp_pacific": "2026-08-04T21:56:16.039-07:00", "status": "ok", "reasons": ["current_change"]}
POWER_MONITOR_RECORD {"timestamp_pacific": "2026-08-04T21:56:18.051-07:00", "status": "ok", "reasons": ["current_change"]}
POWER_MONITOR_RECORD {"timestamp_pacific": "2026-08-04T21:56:23.081-07:00", "status": "ok", "reasons": ["current_change"]}
POWER_MONITOR_RECORD {"timestamp_pacific": "2026-08-04T21:56:24.090-07:00", "status": "ok", "reasons": ["current_change"]}
POWER_MONITOR_RECORD {"timestamp_pacific": "2026-08-04T21:56:25.096-07:00", "status": "ok", "reasons": ["current_change"]}
POWER_MONITOR_RECORD {"timestamp_pacific": "2026-08-04T21:56:28.114-07:00", "status": "ok", "reasons": ["current_change"]}
POWER_MONITOR_RECORD {"timestamp_pacific": "2026-08-04T21:56:29.122-07:00", "status": "ok", "reasons": ["current_change"]}
POWER_MONITOR_RECORD {"timestamp_pacific": "2026-08-04T21:56:30.129-07:00", "status": "ok", "reasons": ["current_change"]}
POWER_MONITOR_RECORD {"timestamp_pacific": "2026-08-04T21:56:32.141-07:00", "status": "ok", "reasons": ["current_change"]}
POWER_MONITOR_RECORD {"timestamp_pacific": "2026-08-04T21:56:33.147-07:00", "status": "ok", "reasons": ["current_change"]}
POWER_MONITOR_RECORD {"timestamp_pacific": "2026-08-04T21:56:41.196-07:00", "status": "ok", "reasons": ["current_change"]}
POWER_MONITOR_RECORD {"timestamp_pacific": "2026-08-04T21:56:43.209-07:00", "status": "ok", "reasons": ["current_change"]}
POWER_MONITOR_RECORD {"timestamp_pacific": "2026-08-04T21:56:45.221-07:00", "status": "ok", "reasons": ["current_change"]}
POWER_MONITOR_RECORD {"timestamp_pacific": "2026-08-04T21:56:46.227-07:00", "status": "ok", "reasons": ["current_change"]}
POWER_MONITOR_RECORD {"timestamp_pacific": "2026-08-04T21:56:47.234-07:00", "status": "ok", "reasons": ["current_change"]}
POWER_MONITOR_RECORD {"timestamp_pacific": "2026-08-04T21:56:52.263-07:00", "status": "ok", "reasons": ["current_change"]}
POWER_MONITOR_RECORD {"timestamp_pacific": "2026-08-04T21:56:53.270-07:00", "status": "ok", "reasons": ["current_change"]}
POWER_MONITOR_RECORD {"timestamp_pacific": "2026-08-04T21:56:54.276-07:00", "status": "ok", "reasons": ["current_change"]}
POWER_MONITOR_RECORD {"timestamp_pacific": "2026-08-04T21:56:58.300-07:00", "status": "ok", "reasons": ["current_change"]}
POWER_MONITOR_RECORD {"timestamp_pacific": "2026-08-04T21:56:59.307-07:00", "status": "ok", "reasons": ["current_change"]}
POWER_MONITOR_RECORD {"timestamp_pacific": "2026-08-04T21:57:03.331-07:00", "status": "ok", "reasons": ["current_change"]}
POWER_MONITOR_RECORD {"timestamp_pacific": "2026-08-04T21:57:04.339-07:00", "status": "ok", "reasons": ["current_change"]}
POWER_MONITOR_RECORD {"timestamp_pacific": "2026-08-04T21:57:05.345-07:00", "status": "ok", "reasons": ["current_change"]}
POWER_MONITOR_RECORD {"timestamp_pacific": "2026-08-04T21:57:07.358-07:00", "status": "ok", "reasons": ["current_change"]}
POWER_MONITOR_RECORD {"timestamp_pacific": "2026-08-04T21:57:09.363-07:00", "status": "ok", "reasons": ["current_change"]}
POWER_MONITOR_RECORD {"timestamp_pacific": "2026-08-04T21:57:10.366-07:00", "status": "ok", "reasons": ["current_change"]}
POWER_MONITOR_RECORD {"timestamp_pacific": "2026-08-04T21:57:12.371-07:00", "status": "ok", "reasons": ["current_change"]}
POWER_MONITOR_RECORD {"timestamp_pacific": "2026-08-04T21:57:13.377-07:00", "status": "ok", "reasons": ["current_change"]}
POWER_MONITOR_RECORD {"timestamp_pacific": "2026-08-04T21:57:14.383-07:00", "status": "ok", "reasons": ["current_change"]}
POWER_MONITOR_RECORD {"timestamp_pacific": "2026-08-04T21:57:15.391-07:00", "status": "ok", "reasons": ["current_change"]}
POWER_MONITOR_RECORD {"timestamp_pacific": "2026-08-04T21:57:16.398-07:00", "status": "ok", "reasons": ["current_change"]}
POWER_MONITOR_RECORD {"timestamp_pacific": "2026-08-04T21:57:19.416-07:00", "status": "ok", "reasons": ["current_change"]}
POWER_MONITOR_RECORD {"timestamp_pacific": "2026-08-04T21:57:21.430-07:00", "status": "ok", "reasons": ["current_change"]}
POWER_MONITOR_RECORD {"timestamp_pacific": "2026-08-04T21:57:22.436-07:00", "status": "ok", "reasons": ["current_change"]}
POWER_MONITOR_RECORD {"timestamp_pacific": "2026-08-04T21:57:26.460-07:00", "status": "ok", "reasons": ["current_change"]}
POWER_MONITOR_RECORD {"timestamp_pacific": "2026-08-04T21:57:28.472-07:00", "status": "ok", "reasons": ["current_change"]}
POWER_MONITOR_RECORD {"timestamp_pacific": "2026-08-04T21:57:30.484-07:00", "status": "ok", "reasons": ["current_change"]}
POWER_MONITOR_RECORD {"timestamp_pacific": "2026-08-04T21:57:31.491-07:00", "status": "ok", "reasons": ["current_change"]}
POWER_MONITOR_RECORD {"timestamp_pacific": "2026-08-04T21:57:32.499-07:00", "status": "ok", "reasons": ["current_change"]}
POWER_MONITOR_RECORD {"timestamp_pacific": "2026-08-04T21:57:36.524-07:00", "status": "ok", "reasons": ["current_change"]}
POWER_MONITOR_RECORD {"timestamp_pacific": "2026-08-04T21:57:38.537-07:00", "status": "ok", "reasons": ["current_change"]}
POWER_MONITOR_RECORD {"timestamp_pacific": "2026-08-04T21:57:39.543-07:00", "status": "ok", "reasons": ["current_change"]}
POWER_MONITOR_RECORD {"timestamp_pacific": "2026-08-04T21:57:40.549-07:00", "status": "ok", "reasons": ["current_change"]}
POWER_MONITOR_RECORD {"timestamp_pacific": "2026-08-04T21:57:41.556-07:00", "status": "ok", "reasons": ["current_change"]}
POWER_MONITOR_RECORD {"timestamp_pacific": "2026-08-04T21:57:50.610-07:00", "status": "ok", "reasons": ["current_change"]}
POWER_MONITOR_RECORD {"timestamp_pacific": "2026-08-04T21:57:54.634-07:00", "status": "ok", "reasons": ["current_change"]}
POWER_MONITOR_RECORD {"timestamp_pacific": "2026-08-04T21:57:56.646-07:00", "status": "ok", "reasons": ["current_change"]}
POWER_MONITOR_RECORD {"timestamp_pacific": "2026-08-04T21:57:57.652-07:00", "status": "ok", "reasons": ["current_change"]}
POWER_MONITOR_RECORD {"timestamp_pacific": "2026-08-04T21:58:03.688-07:00", "status": "ok", "reasons": ["current_change"]}
POWER_MONITOR_RECORD {"timestamp_pacific": "2026-08-04T21:58:04.694-07:00", "status": "ok", "reasons": ["current_change"]}
POWER_MONITOR_RECORD {"timestamp_pacific": "2026-08-04T21:58:09.717-07:00", "status": "ok", "reasons": ["current_change"]}
POWER_MONITOR_RECORD {"timestamp_pacific": "2026-08-04T21:58:10.720-07:00", "status": "ok", "reasons": ["current_change"]}
POWER_MONITOR_RECORD {"timestamp_pacific": "2026-08-04T21:58:18.760-07:00", "status": "ok", "reasons": ["current_change"]}
POWER_MONITOR_RECORD {"timestamp_pacific": "2026-08-04T21:58:20.772-07:00", "status": "ok", "reasons": ["current_change"]}
POWER_MONITOR_RECORD {"timestamp_pacific": "2026-08-04T21:58:21.779-07:00", "status": "ok", "reasons": ["current_change"]}
POWER_MONITOR_RECORD {"timestamp_pacific": "2026-08-04T21:58:23.791-07:00", "status": "ok", "reasons": ["current_change"]}
POWER_MONITOR_RECORD {"timestamp_pacific": "2026-08-04T21:58:25.803-07:00", "status": "ok", "reasons": ["current_change"]}
POWER_MONITOR_RECORD {"timestamp_pacific": "2026-08-04T21:58:26.810-07:00", "status": "ok", "reasons": ["current_change"]}
POWER_MONITOR_RECORD {"timestamp_pacific": "2026-08-04T21:58:28.822-07:00", "status": "ok", "reasons": ["current_change"]}
POWER_MONITOR_RECORD {"timestamp_pacific": "2026-08-04T21:58:33.853-07:00", "status": "ok", "reasons": ["current_change"]}
POWER_MONITOR_RECORD {"timestamp_pacific": "2026-08-04T21:58:34.861-07:00", "status": "ok", "reasons": ["current_change"]}
POWER_MONITOR_RECORD {"timestamp_pacific": "2026-08-04T21:58:39.891-07:00", "status": "ok", "reasons": ["current_change"]}
POWER_MONITOR_RECORD {"timestamp_pacific": "2026-08-04T21:58:40.898-07:00", "status": "ok", "reasons": ["current_change"]}
POWER_MONITOR_RECORD {"timestamp_pacific": "2026-08-04T21:58:43.915-07:00", "status": "ok", "reasons": ["current_change"]}
POWER_MONITOR_RECORD {"timestamp_pacific": "2026-08-04T21:58:45.928-07:00", "status": "ok", "reasons": ["current_change"]}
POWER_MONITOR_RECORD {"timestamp_pacific": "2026-08-04T21:58:49.951-07:00", "status": "ok", "reasons": ["current_change"]}
POWER_MONITOR_RECORD {"timestamp_pacific": "2026-08-04T21:58:51.964-07:00", "status": "ok", "reasons": ["current_change"]}
POWER_MONITOR_RECORD {"timestamp_pacific": "2026-08-04T21:58:52.970-07:00", "status": "ok", "reasons": ["current_change"]}
POWER_MONITOR_RECORD {"timestamp_pacific": "2026-08-04T21:58:53.977-07:00", "status": "ok", "reasons": ["current_change"]}
POWER_MONITOR_RECORD {"timestamp_pacific": "2026-08-04T21:58:55.989-07:00", "status": "ok", "reasons": ["current_change"]}
POWER_MONITOR_RECORD {"timestamp_pacific": "2026-08-04T21:58:56.996-07:00", "status": "ok", "reasons": ["current_change"]}
POWER_MONITOR_RECORD {"timestamp_pacific": "2026-08-04T21:59:02.030-07:00", "status": "ok", "reasons": ["current_change"]}
POWER_MONITOR_RECORD {"timestamp_pacific": "2026-08-04T21:59:03.036-07:00", "status": "ok", "reasons": ["current_change"]}
POWER_MONITOR_RECORD {"timestamp_pacific": "2026-08-04T21:59:06.054-07:00", "status": "ok", "reasons": ["current_change"]}
POWER_MONITOR_RECORD {"timestamp_pacific": "2026-08-04T21:59:08.069-07:00", "status": "ok", "reasons": ["current_change"]}
POWER_MONITOR_RECORD {"timestamp_pacific": "2026-08-04T21:59:11.077-07:00", "status": "ok", "reasons": ["current_change"]}
POWER_MONITOR_RECORD {"timestamp_pacific": "2026-08-04T21:59:12.080-07:00", "status": "ok", "reasons": ["current_change"]}
POWER_MONITOR_RECORD {"timestamp_pacific": "2026-08-04T21:59:14.088-07:00", "status": "ok", "reasons": ["current_change"]}
POWER_MONITOR_RECORD {"timestamp_pacific": "2026-08-04T21:59:16.101-07:00", "status": "ok", "reasons": ["current_change"]}
POWER_MONITOR_RECORD {"timestamp_pacific": "2026-08-04T21:59:18.113-07:00", "status": "ok", "reasons": ["current_change"]}
POWER_MONITOR_RECORD {"timestamp_pacific": "2026-08-04T21:59:19.120-07:00", "status": "ok", "reasons": ["current_change"]}
POWER_MONITOR_RECORD {"timestamp_pacific": "2026-08-04T21:59:20.128-07:00", "status": "ok", "reasons": ["current_change"]}
POWER_MONITOR_RECORD {"timestamp_pacific": "2026-08-04T21:59:25.158-07:00", "status": "ok", "reasons": ["current_change"]}
POWER_MONITOR_RECORD {"timestamp_pacific": "2026-08-04T21:59:27.170-07:00", "status": "ok", "reasons": ["current_change"]}
POWER_MONITOR_RECORD {"timestamp_pacific": "2026-08-04T21:59:28.177-07:00", "status": "ok", "reasons": ["current_change"]}
POWER_MONITOR_RECORD {"timestamp_pacific": "2026-08-04T21:59:29.183-07:00", "status": "ok", "reasons": ["current_change"]}
POWER_MONITOR_RECORD {"timestamp_pacific": "2026-08-04T21:59:31.196-07:00", "status": "ok", "reasons": ["current_change"]}
POWER_MONITOR_RECORD {"timestamp_pacific": "2026-08-04T21:59:33.208-07:00", "status": "ok", "reasons": ["current_change"]}
POWER_MONITOR_RECORD {"timestamp_pacific": "2026-08-04T21:59:38.238-07:00", "status": "ok", "reasons": ["current_change"]}
POWER_MONITOR_RECORD {"timestamp_pacific": "2026-08-04T21:59:39.244-07:00", "status": "ok", "reasons": ["current_change"]}
POWER_MONITOR_RECORD {"timestamp_pacific": "2026-08-04T21:59:40.251-07:00", "status": "ok", "reasons": ["current_change"]}
POWER_MONITOR_RECORD {"timestamp_pacific": "2026-08-04T21:59:43.269-07:00", "status": "ok", "reasons": ["current_change"]}
POWER_MONITOR_RECORD {"timestamp_pacific": "2026-08-04T21:59:45.283-07:00", "status": "ok", "reasons": ["current_change"]}
POWER_MONITOR_RECORD {"timestamp_pacific": "2026-08-04T21:59:46.289-07:00", "status": "ok", "reasons": ["current_change"]}
POWER_MONITOR_RECORD {"timestamp_pacific": "2026-08-04T21:59:47.296-07:00", "status": "ok", "reasons": ["current_change"]}
POWER_MONITOR_RECORD {"timestamp_pacific": "2026-08-04T21:59:48.302-07:00", "status": "ok", "reasons": ["current_change"]}
POWER_MONITOR_RECORD {"timestamp_pacific": "2026-08-04T21:59:51.322-07:00", "status": "ok", "reasons": ["current_change"]}
POWER_MONITOR_RECORD {"timestamp_pacific": "2026-08-04T21:59:52.328-07:00", "status": "ok", "reasons": ["current_change"]}
POWER_MONITOR_RECORD {"timestamp_pacific": "2026-08-04T21:59:57.358-07:00", "status": "ok", "reasons": ["current_change"]}
POWER_MONITOR_RECORD {"timestamp_pacific": "2026-08-04T21:59:58.365-07:00", "status": "ok", "reasons": ["current_change"]}
POWER_MONITOR_RECORD {"timestamp_pacific": "2026-08-04T21:59:59.371-07:00", "status": "ok", "reasons": ["current_change"]}
POWER_MONITOR_RECORD {"timestamp_pacific": "2026-08-04T22:00:02.392-07:00", "status": "ok", "reasons": ["current_change"]}
POWER_MONITOR_RECORD {"timestamp_pacific": "2026-08-04T22:00:04.404-07:00", "status": "ok", "reasons": ["current_change"]}
POWER_MONITOR_RECORD {"timestamp_pacific": "2026-08-04T22:00:13.459-07:00", "status": "ok", "reasons": ["current_change"]}
POWER_MONITOR_RECORD {"timestamp_pacific": "2026-08-04T22:00:21.506-07:00", "status": "ok", "reasons": ["current_change"]}
POWER_MONITOR_RECORD {"timestamp_pacific": "2026-08-04T22:00:27.541-07:00", "status": "ok", "reasons": ["current_change"]}
POWER_MONITOR_RECORD {"timestamp_pacific": "2026-08-04T22:00:28.548-07:00", "status": "ok", "reasons": ["current_change"]}
POWER_MONITOR_RECORD {"timestamp_pacific": "2026-08-04T22:00:34.583-07:00", "status": "ok", "reasons": ["current_change"]}
POWER_MONITOR_RECORD {"timestamp_pacific": "2026-08-04T22:00:35.590-07:00", "status": "ok", "reasons": ["current_change"]}
POWER_MONITOR_RECORD {"timestamp_pacific": "2026-08-04T22:00:37.602-07:00", "status": "ok", "reasons": ["current_change"]}
POWER_MONITOR_RECORD {"timestamp_pacific": "2026-08-04T22:00:38.608-07:00", "status": "ok", "reasons": ["current_change"]}
POWER_MONITOR_RECORD {"timestamp_pacific": "2026-08-04T22:00:39.615-07:00", "status": "ok", "reasons": ["current_change"]}
POWER_MONITOR_RECORD {"timestamp_pacific": "2026-08-04T22:00:41.629-07:00", "status": "ok", "reasons": ["current_change"]}
POWER_MONITOR_RECORD {"timestamp_pacific": "2026-08-04T22:00:43.641-07:00", "status": "ok", "reasons": ["current_change"]}
POWER_MONITOR_RECORD {"timestamp_pacific": "2026-08-04T22:00:47.665-07:00", "status": "ok", "reasons": ["current_change"]}
POWER_MONITOR_RECORD {"timestamp_pacific": "2026-08-04T22:00:48.672-07:00", "status": "ok", "reasons": ["current_change"]}
POWER_MONITOR_RECORD {"timestamp_pacific": "2026-08-04T22:00:49.678-07:00", "status": "ok", "reasons": ["current_change"]}
POWER_MONITOR_RECORD {"timestamp_pacific": "2026-08-04T22:00:50.684-07:00", "status": "ok", "reasons": ["current_change"]}
POWER_MONITOR_RECORD {"timestamp_pacific": "2026-08-04T22:00:51.691-07:00", "status": "ok", "reasons": ["current_change"]}
POWER_MONITOR_RECORD {"timestamp_pacific": "2026-08-04T22:00:52.698-07:00", "status": "ok", "reasons": ["current_change"]}
POWER_MONITOR_RECORD {"timestamp_pacific": "2026-08-04T22:00:57.729-07:00", "status": "ok", "reasons": ["current_change"]}
POWER_MONITOR_RECORD {"timestamp_pacific": "2026-08-04T22:00:58.733-07:00", "status": "ok", "reasons": ["current_change"]}
POWER_MONITOR_RECORD {"timestamp_pacific": "2026-08-04T22:00:59.736-07:00", "status": "ok", "reasons": ["current_change"]}
POWER_MONITOR_RECORD {"timestamp_pacific": "2026-08-04T22:01:00.739-07:00", "status": "ok", "reasons": ["current_change"]}
POWER_MONITOR_RECORD {"timestamp_pacific": "2026-08-04T22:01:03.750-07:00", "status": "ok", "reasons": ["current_change"]}
POWER_MONITOR_RECORD {"timestamp_pacific": "2026-08-04T22:01:04.756-07:00", "status": "ok", "reasons": ["current_change"]}
POWER_MONITOR_RECORD {"timestamp_pacific": "2026-08-04T22:01:07.774-07:00", "status": "ok", "reasons": ["current_change"]}
POWER_MONITOR_RECORD {"timestamp_pacific": "2026-08-04T22:01:08.777-07:00", "status": "ok", "reasons": ["current_change"]}
POWER_MONITOR_RECORD {"timestamp_pacific": "2026-08-04T22:01:14.799-07:00", "status": "ok", "reasons": ["current_change"]}
POWER_MONITOR_RECORD {"timestamp_pacific": "2026-08-04T22:01:24.858-07:00", "status": "ok", "reasons": ["current_change"]}
POWER_MONITOR_RECORD {"timestamp_pacific": "2026-08-04T22:01:25.865-07:00", "status": "ok", "reasons": ["current_change"]}
POWER_MONITOR_RECORD {"timestamp_pacific": "2026-08-04T22:01:26.871-07:00", "status": "ok", "reasons": ["current_change"]}
POWER_MONITOR_RECORD {"timestamp_pacific": "2026-08-04T22:01:32.907-07:00", "status": "ok", "reasons": ["current_change"]}
POWER_MONITOR_RECORD {"timestamp_pacific": "2026-08-04T22:01:33.914-07:00", "status": "ok", "reasons": ["current_change"]}
POWER_MONITOR_RECORD {"timestamp_pacific": "2026-08-04T22:01:34.920-07:00", "status": "ok", "reasons": ["current_change"]}
POWER_MONITOR_RECORD {"timestamp_pacific": "2026-08-04T22:01:35.927-07:00", "status": "ok", "reasons": ["current_change"]}
POWER_MONITOR_RECORD {"timestamp_pacific": "2026-08-04T22:01:38.945-07:00", "status": "ok", "reasons": ["current_change"]}
POWER_MONITOR_RECORD {"timestamp_pacific": "2026-08-04T22:01:41.963-07:00", "status": "ok", "reasons": ["current_change"]}
POWER_MONITOR_RECORD {"timestamp_pacific": "2026-08-04T22:01:42.970-07:00", "status": "ok", "reasons": ["current_change"]}
POWER_MONITOR_RECORD {"timestamp_pacific": "2026-08-04T22:01:45.988-07:00", "status": "ok", "reasons": ["current_change"]}
POWER_MONITOR_RECORD {"timestamp_pacific": "2026-08-04T22:01:46.994-07:00", "status": "ok", "reasons": ["current_change"]}
POWER_MONITOR_RECORD {"timestamp_pacific": "2026-08-04T22:01:49.006-07:00", "status": "ok", "reasons": ["current_change"]}
POWER_MONITOR_RECORD {"timestamp_pacific": "2026-08-04T22:01:50.013-07:00", "status": "ok", "reasons": ["current_change"]}
POWER_MONITOR_RECORD {"timestamp_pacific": "2026-08-04T22:01:52.025-07:00", "status": "ok", "reasons": ["current_change"]}
POWER_MONITOR_RECORD {"timestamp_pacific": "2026-08-04T22:01:58.061-07:00", "status": "ok", "reasons": ["current_change"]}
POWER_MONITOR_RECORD {"timestamp_pacific": "2026-08-04T22:02:00.073-07:00", "status": "ok", "reasons": ["current_change"]}
POWER_MONITOR_RECORD {"timestamp_pacific": "2026-08-04T22:02:05.102-07:00", "status": "ok", "reasons": ["current_change"]}
POWER_MONITOR_RECORD {"timestamp_pacific": "2026-08-04T22:02:06.108-07:00", "status": "ok", "reasons": ["current_change"]}
POWER_MONITOR_RECORD {"timestamp_pacific": "2026-08-04T22:02:07.115-07:00", "status": "ok", "reasons": ["current_change"]}
POWER_MONITOR_RECORD {"timestamp_pacific": "2026-08-04T22:02:09.126-07:00", "status": "ok", "reasons": ["current_change"]}
POWER_MONITOR_RECORD {"timestamp_pacific": "2026-08-04T22:02:11.138-07:00", "status": "ok", "reasons": ["current_change"]}
POWER_MONITOR_RECORD {"timestamp_pacific": "2026-08-04T22:02:15.162-07:00", "status": "ok", "reasons": ["current_change"]}
POWER_MONITOR_RECORD {"timestamp_pacific": "2026-08-04T22:02:18.180-07:00", "status": "ok", "reasons": ["current_change"]}
POWER_MONITOR_RECORD {"timestamp_pacific": "2026-08-04T22:02:22.204-07:00", "status": "ok", "reasons": ["current_change"]}
POWER_MONITOR_RECORD {"timestamp_pacific": "2026-08-04T22:02:23.211-07:00", "status": "ok", "reasons": ["current_change"]}
POWER_MONITOR_RECORD {"timestamp_pacific": "2026-08-04T22:02:28.243-07:00", "status": "ok", "reasons": ["current_change"]}
POWER_MONITOR_RECORD {"timestamp_pacific": "2026-08-04T22:02:29.251-07:00", "status": "ok", "reasons": ["current_change"]}
POWER_MONITOR_RECORD {"timestamp_pacific": "2026-08-04T22:02:31.263-07:00", "status": "ok", "reasons": ["current_change"]}
POWER_MONITOR_RECORD {"timestamp_pacific": "2026-08-04T22:02:38.305-07:00", "status": "ok", "reasons": ["current_change"]}
POWER_MONITOR_RECORD {"timestamp_pacific": "2026-08-04T22:02:41.323-07:00", "status": "ok", "reasons": ["current_change"]}
POWER_MONITOR_RECORD {"timestamp_pacific": "2026-08-04T22:02:46.353-07:00", "status": "ok", "reasons": ["current_change"]}
POWER_MONITOR_RECORD {"timestamp_pacific": "2026-08-04T22:02:48.366-07:00", "status": "ok", "reasons": ["current_change"]}
POWER_MONITOR_RECORD {"timestamp_pacific": "2026-08-04T22:02:54.401-07:00", "status": "ok", "reasons": ["current_change"]}
POWER_MONITOR_RECORD {"timestamp_pacific": "2026-08-04T22:03:00.437-07:00", "status": "ok", "reasons": ["current_change"]}
POWER_MONITOR_RECORD {"timestamp_pacific": "2026-08-04T22:03:03.455-07:00", "status": "ok", "reasons": ["current_change"]}
POWER_MONITOR_RECORD {"timestamp_pacific": "2026-08-04T22:03:04.462-07:00", "status": "ok", "reasons": ["current_change"]}
POWER_MONITOR_RECORD {"timestamp_pacific": "2026-08-04T22:03:07.480-07:00", "status": "ok", "reasons": ["current_change"]}
POWER_MONITOR_RECORD {"timestamp_pacific": "2026-08-04T22:03:10.488-07:00", "status": "ok", "reasons": ["current_change"]}
POWER_MONITOR_RECORD {"timestamp_pacific": "2026-08-04T22:03:11.491-07:00", "status": "ok", "reasons": ["current_change"]}
POWER_MONITOR_RECORD {"timestamp_pacific": "2026-08-04T22:03:13.499-07:00", "status": "ok", "reasons": ["current_change"]}
POWER_MONITOR_RECORD {"timestamp_pacific": "2026-08-04T22:03:22.552-07:00", "status": "ok", "reasons": ["current_change"]}
POWER_MONITOR_RECORD {"timestamp_pacific": "2026-08-04T22:03:23.559-07:00", "status": "ok", "reasons": ["current_change"]}
POWER_MONITOR_RECORD {"timestamp_pacific": "2026-08-04T22:03:24.565-07:00", "status": "ok", "reasons": ["current_change"]}
POWER_MONITOR_RECORD {"timestamp_pacific": "2026-08-04T22:03:26.578-07:00", "status": "ok", "reasons": ["current_change"]}
POWER_MONITOR_RECORD {"timestamp_pacific": "2026-08-04T22:03:27.584-07:00", "status": "ok", "reasons": ["current_change"]}
POWER_MONITOR_RECORD {"timestamp_pacific": "2026-08-04T22:03:29.597-07:00", "status": "ok", "reasons": ["current_change"]}
POWER_MONITOR_RECORD {"timestamp_pacific": "2026-08-04T22:03:31.610-07:00", "status": "ok", "reasons": ["current_change"]}
POWER_MONITOR_RECORD {"timestamp_pacific": "2026-08-04T22:03:32.617-07:00", "status": "ok", "reasons": ["current_change"]}
POWER_MONITOR_RECORD {"timestamp_pacific": "2026-08-04T22:03:34.629-07:00", "status": "ok", "reasons": ["current_change"]}
POWER_MONITOR_RECORD {"timestamp_pacific": "2026-08-04T22:03:37.648-07:00", "status": "ok", "reasons": ["current_change"]}
POWER_MONITOR_RECORD {"timestamp_pacific": "2026-08-04T22:03:40.666-07:00", "status": "ok", "reasons": ["current_change"]}
POWER_MONITOR_RECORD {"timestamp_pacific": "2026-08-04T22:03:42.680-07:00", "status": "ok", "reasons": ["current_change"]}
POWER_MONITOR_RECORD {"timestamp_pacific": "2026-08-04T22:03:46.704-07:00", "status": "ok", "reasons": ["current_change"]}
POWER_MONITOR_RECORD {"timestamp_pacific": "2026-08-04T22:03:47.712-07:00", "status": "ok", "reasons": ["current_change"]}
POWER_MONITOR_RECORD {"timestamp_pacific": "2026-08-04T22:03:51.736-07:00", "status": "ok", "reasons": ["current_change"]}
POWER_MONITOR_RECORD {"timestamp_pacific": "2026-08-04T22:03:54.754-07:00", "status": "ok", "reasons": ["current_change"]}
POWER_MONITOR_RECORD {"timestamp_pacific": "2026-08-04T22:04:07.831-07:00", "status": "ok", "reasons": ["current_change"]}
POWER_MONITOR_RECORD {"timestamp_pacific": "2026-08-04T22:04:08.834-07:00", "status": "ok", "reasons": ["current_change"]}
POWER_MONITOR_RECORD {"timestamp_pacific": "2026-08-04T22:04:11.841-07:00", "status": "ok", "reasons": ["current_change"]}
POWER_MONITOR_RECORD {"timestamp_pacific": "2026-08-04T22:04:12.844-07:00", "status": "ok", "reasons": ["current_change"]}
POWER_MONITOR_RECORD {"timestamp_pacific": "2026-08-04T22:04:15.862-07:00", "status": "ok", "reasons": ["current_change"]}
POWER_MONITOR_RECORD {"timestamp_pacific": "2026-08-04T22:04:16.869-07:00", "status": "ok", "reasons": ["current_change"]}
POWER_MONITOR_RECORD {"timestamp_pacific": "2026-08-04T22:04:18.881-07:00", "status": "ok", "reasons": ["current_change"]}
POWER_MONITOR_RECORD {"timestamp_pacific": "2026-08-04T22:04:19.887-07:00", "status": "ok", "reasons": ["current_change"]}
POWER_MONITOR_RECORD {"timestamp_pacific": "2026-08-04T22:04:24.917-07:00", "status": "ok", "reasons": ["current_change"]}
POWER_MONITOR_RECORD {"timestamp_pacific": "2026-08-04T22:04:26.930-07:00", "status": "ok", "reasons": ["current_change"]}
POWER_MONITOR_RECORD {"timestamp_pacific": "2026-08-04T22:04:33.971-07:00", "status": "ok", "reasons": ["current_change"]}
POWER_MONITOR_RECORD {"timestamp_pacific": "2026-08-04T22:04:35.983-07:00", "status": "ok", "reasons": ["current_change"]}
POWER_MONITOR_RECORD {"timestamp_pacific": "2026-08-04T22:04:37.996-07:00", "status": "ok", "reasons": ["current_change"]}
POWER_MONITOR_RECORD {"timestamp_pacific": "2026-08-04T22:04:39.011-07:00", "status": "ok", "reasons": ["current_change"]}
POWER_MONITOR_RECORD {"timestamp_pacific": "2026-08-04T22:04:42.029-07:00", "status": "ok", "reasons": ["current_change"]}
POWER_MONITOR_RECORD {"timestamp_pacific": "2026-08-04T22:04:45.047-07:00", "status": "ok", "reasons": ["current_change"]}
POWER_MONITOR_RECORD {"timestamp_pacific": "2026-08-04T22:04:47.059-07:00", "status": "ok", "reasons": ["current_change"]}
POWER_MONITOR_RECORD {"timestamp_pacific": "2026-08-04T22:04:48.066-07:00", "status": "ok", "reasons": ["current_change"]}
POWER_MONITOR_RECORD {"timestamp_pacific": "2026-08-04T22:04:51.084-07:00", "status": "ok", "reasons": ["current_change"]}
POWER_MONITOR_RECORD {"timestamp_pacific": "2026-08-04T22:04:52.091-07:00", "status": "ok", "reasons": ["current_change"]}
POWER_MONITOR_RECORD {"timestamp_pacific": "2026-08-04T22:04:55.109-07:00", "status": "ok", "reasons": ["current_change"]}
POWER_MONITOR_RECORD {"timestamp_pacific": "2026-08-04T22:04:59.133-07:00", "status": "ok", "reasons": ["current_change"]}
POWER_MONITOR_RECORD {"timestamp_pacific": "2026-08-04T22:05:05.167-07:00", "status": "ok", "reasons": ["current_change"]}
POWER_MONITOR_RECORD {"timestamp_pacific": "2026-08-04T22:05:06.174-07:00", "status": "ok", "reasons": ["current_change"]}
POWER_MONITOR_RECORD {"timestamp_pacific": "2026-08-04T22:05:08.184-07:00", "status": "ok", "reasons": ["current_change"]}
POWER_MONITOR_RECORD {"timestamp_pacific": "2026-08-04T22:05:09.190-07:00", "status": "ok", "reasons": ["current_change"]}
POWER_MONITOR_RECORD {"timestamp_pacific": "2026-08-04T22:05:10.198-07:00", "status": "ok", "reasons": ["current_change"]}
POWER_MONITOR_RECORD {"timestamp_pacific": "2026-08-04T22:05:12.211-07:00", "status": "ok", "reasons": ["current_change"]}
POWER_MONITOR_RECORD {"timestamp_pacific": "2026-08-04T22:05:18.247-07:00", "status": "ok", "reasons": ["current_change"]}
POWER_MONITOR_RECORD {"timestamp_pacific": "2026-08-04T22:05:19.253-07:00", "status": "ok", "reasons": ["current_change"]}
POWER_MONITOR_RECORD {"timestamp_pacific": "2026-08-04T22:05:20.260-07:00", "status": "ok", "reasons": ["current_change"]}
POWER_MONITOR_RECORD {"timestamp_pacific": "2026-08-04T22:05:28.307-07:00", "status": "ok", "reasons": ["current_change"]}
POWER_MONITOR_RECORD {"timestamp_pacific": "2026-08-04T22:05:29.313-07:00", "status": "ok", "reasons": ["current_change"]}
POWER_MONITOR_RECORD {"timestamp_pacific": "2026-08-04T22:05:33.339-07:00", "status": "ok", "reasons": ["current_change"]}
POWER_MONITOR_RECORD {"timestamp_pacific": "2026-08-04T22:05:36.357-07:00", "status": "ok", "reasons": ["current_change"]}
POWER_MONITOR_RECORD {"timestamp_pacific": "2026-08-04T22:05:37.364-07:00", "status": "ok", "reasons": ["current_change"]}
POWER_MONITOR_RECORD {"timestamp_pacific": "2026-08-04T22:05:38.372-07:00", "status": "ok", "reasons": ["current_change"]}
POWER_MONITOR_RECORD {"timestamp_pacific": "2026-08-04T22:05:40.384-07:00", "status": "ok", "reasons": ["current_change"]}
POWER_MONITOR_RECORD {"timestamp_pacific": "2026-08-04T22:05:42.396-07:00", "status": "ok", "reasons": ["current_change"]}
POWER_MONITOR_RECORD {"timestamp_pacific": "2026-08-04T22:05:43.405-07:00", "status": "ok", "reasons": ["current_change"]}
POWER_MONITOR_RECORD {"timestamp_pacific": "2026-08-04T22:05:45.417-07:00", "status": "ok", "reasons": ["current_change"]}
POWER_MONITOR_RECORD {"timestamp_pacific": "2026-08-04T22:05:46.424-07:00", "status": "ok", "reasons": ["current_change"]}
POWER_MONITOR_RECORD {"timestamp_pacific": "2026-08-04T22:05:49.442-07:00", "status": "ok", "reasons": ["current_change"]}
POWER_MONITOR_RECORD {"timestamp_pacific": "2026-08-04T22:05:55.478-07:00", "status": "ok", "reasons": ["current_change"]}
POWER_MONITOR_RECORD {"timestamp_pacific": "2026-08-04T22:05:56.484-07:00", "status": "ok", "reasons": ["current_change"]}
POWER_MONITOR_RECORD {"timestamp_pacific": "2026-08-04T22:06:00.509-07:00", "status": "ok", "reasons": ["current_change"]}
POWER_MONITOR_RECORD {"timestamp_pacific": "2026-08-04T22:06:01.516-07:00", "status": "ok", "reasons": ["current_change"]}
POWER_MONITOR_RECORD {"timestamp_pacific": "2026-08-04T22:06:03.528-07:00", "status": "ok", "reasons": ["current_change"]}
POWER_MONITOR_RECORD {"timestamp_pacific": "2026-08-04T22:06:05.541-07:00", "status": "ok", "reasons": ["current_change"]}
POWER_MONITOR_RECORD {"timestamp_pacific": "2026-08-04T22:06:06.549-07:00", "status": "ok", "reasons": ["current_change"]}
POWER_MONITOR_RECORD {"timestamp_pacific": "2026-08-04T22:06:07.556-07:00", "status": "ok", "reasons": ["current_change"]}
POWER_MONITOR_RECORD {"timestamp_pacific": "2026-08-04T22:06:08.559-07:00", "status": "ok", "reasons": ["current_change"]}
POWER_MONITOR_RECORD {"timestamp_pacific": "2026-08-04T22:06:09.561-07:00", "status": "ok", "reasons": ["current_change"]}
POWER_MONITOR_RECORD {"timestamp_pacific": "2026-08-04T22:06:13.575-07:00", "status": "ok", "reasons": ["current_change"]}
POWER_MONITOR_RECORD {"timestamp_pacific": "2026-08-04T22:06:14.581-07:00", "status": "ok", "reasons": ["current_change"]}
POWER_MONITOR_RECORD {"timestamp_pacific": "2026-08-04T22:06:15.588-07:00", "status": "ok", "reasons": ["current_change"]}
POWER_MONITOR_RECORD {"timestamp_pacific": "2026-08-04T22:06:17.600-07:00", "status": "ok", "reasons": ["current_change"]}
POWER_MONITOR_RECORD {"timestamp_pacific": "2026-08-04T22:06:20.618-07:00", "status": "ok", "reasons": ["current_change"]}
POWER_MONITOR_RECORD {"timestamp_pacific": "2026-08-04T22:06:31.683-07:00", "status": "ok", "reasons": ["current_change"]}
POWER_MONITOR_RECORD {"timestamp_pacific": "2026-08-04T22:06:32.689-07:00", "status": "ok", "reasons": ["current_change"]}
POWER_MONITOR_RECORD {"timestamp_pacific": "2026-08-04T22:06:36.713-07:00", "status": "ok", "reasons": ["current_change"]}
POWER_MONITOR_RECORD {"timestamp_pacific": "2026-08-04T22:06:37.721-07:00", "status": "ok", "reasons": ["current_change"]}
POWER_MONITOR_RECORD {"timestamp_pacific": "2026-08-04T22:06:38.728-07:00", "status": "ok", "reasons": ["current_change"]}
POWER_MONITOR_RECORD {"timestamp_pacific": "2026-08-04T22:06:41.746-07:00", "status": "ok", "reasons": ["current_change"]}
POWER_MONITOR_RECORD {"timestamp_pacific": "2026-08-04T22:06:42.754-07:00", "status": "ok", "reasons": ["current_change"]}
POWER_MONITOR_RECORD {"timestamp_pacific": "2026-08-04T22:06:45.772-07:00", "status": "ok", "reasons": ["current_change"]}
POWER_MONITOR_RECORD {"timestamp_pacific": "2026-08-04T22:06:48.790-07:00", "status": "ok", "reasons": ["current_change"]}
POWER_MONITOR_RECORD {"timestamp_pacific": "2026-08-04T22:06:52.814-07:00", "status": "ok", "reasons": ["current_change"]}
POWER_MONITOR_RECORD {"timestamp_pacific": "2026-08-04T22:06:54.826-07:00", "status": "ok", "reasons": ["current_change"]}
POWER_MONITOR_RECORD {"timestamp_pacific": "2026-08-04T22:06:56.838-07:00", "status": "ok", "reasons": ["current_change"]}
POWER_MONITOR_RECORD {"timestamp_pacific": "2026-08-04T22:06:58.851-07:00", "status": "ok", "reasons": ["current_change"]}
POWER_MONITOR_RECORD {"timestamp_pacific": "2026-08-04T22:07:00.865-07:00", "status": "ok", "reasons": ["current_change"]}
POWER_MONITOR_RECORD {"timestamp_pacific": "2026-08-04T22:07:01.872-07:00", "status": "ok", "reasons": ["current_change"]}
POWER_MONITOR_RECORD {"timestamp_pacific": "2026-08-04T22:07:03.884-07:00", "status": "ok", "reasons": ["current_change"]}
POWER_MONITOR_RECORD {"timestamp_pacific": "2026-08-04T22:07:04.892-07:00", "status": "ok", "reasons": ["current_change"]}
POWER_MONITOR_RECORD {"timestamp_pacific": "2026-08-04T22:07:05.899-07:00", "status": "ok", "reasons": ["current_change"]}
POWER_MONITOR_RECORD {"timestamp_pacific": "2026-08-04T22:07:09.916-07:00", "status": "ok", "reasons": ["current_change"]}
POWER_MONITOR_RECORD {"timestamp_pacific": "2026-08-04T22:07:11.921-07:00", "status": "ok", "reasons": ["current_change"]}
POWER_MONITOR_RECORD {"timestamp_pacific": "2026-08-04T22:07:12.924-07:00", "status": "ok", "reasons": ["current_change"]}
POWER_MONITOR_RECORD {"timestamp_pacific": "2026-08-04T22:07:16.947-07:00", "status": "ok", "reasons": ["current_change"]}
POWER_MONITOR_RECORD {"timestamp_pacific": "2026-08-04T22:07:17.954-07:00", "status": "ok", "reasons": ["current_change"]}
POWER_MONITOR_RECORD {"timestamp_pacific": "2026-08-04T22:07:18.960-07:00", "status": "ok", "reasons": ["current_change"]}
POWER_MONITOR_RECORD {"timestamp_pacific": "2026-08-04T22:07:19.967-07:00", "status": "ok", "reasons": ["current_change"]}
POWER_MONITOR_RECORD {"timestamp_pacific": "2026-08-04T22:07:20.973-07:00", "status": "ok", "reasons": ["current_change"]}
POWER_MONITOR_RECORD {"timestamp_pacific": "2026-08-04T22:07:21.980-07:00", "status": "ok", "reasons": ["current_change"]}
POWER_MONITOR_RECORD {"timestamp_pacific": "2026-08-04T22:07:27.012-07:00", "status": "ok", "reasons": ["current_change"]}
POWER_MONITOR_RECORD {"timestamp_pacific": "2026-08-04T22:07:28.019-07:00", "status": "ok", "reasons": ["current_change"]}
POWER_MONITOR_RECORD {"timestamp_pacific": "2026-08-04T22:07:29.026-07:00", "status": "ok", "reasons": ["current_change"]}
POWER_MONITOR_RECORD {"timestamp_pacific": "2026-08-04T22:07:31.038-07:00", "status": "ok", "reasons": ["current_change"]}
POWER_MONITOR_RECORD {"timestamp_pacific": "2026-08-04T22:07:32.045-07:00", "status": "ok", "reasons": ["current_change"]}
POWER_MONITOR_RECORD {"timestamp_pacific": "2026-08-04T22:07:33.053-07:00", "status": "ok", "reasons": ["current_change"]}
POWER_MONITOR_RECORD {"timestamp_pacific": "2026-08-04T22:07:36.071-07:00", "status": "ok", "reasons": ["current_change"]}
POWER_MONITOR_RECORD {"timestamp_pacific": "2026-08-04T22:07:37.078-07:00", "status": "ok", "reasons": ["current_change"]}
POWER_MONITOR_RECORD {"timestamp_pacific": "2026-08-04T22:07:40.097-07:00", "status": "ok", "reasons": ["current_change"]}
POWER_MONITOR_RECORD {"timestamp_pacific": "2026-08-04T22:07:44.121-07:00", "status": "ok", "reasons": ["current_change"]}
POWER_MONITOR_RECORD {"timestamp_pacific": "2026-08-04T22:07:45.127-07:00", "status": "ok", "reasons": ["current_change"]}
POWER_MONITOR_RECORD {"timestamp_pacific": "2026-08-04T22:07:47.140-07:00", "status": "ok", "reasons": ["current_change"]}
POWER_MONITOR_RECORD {"timestamp_pacific": "2026-08-04T22:07:49.152-07:00", "status": "ok", "reasons": ["current_change"]}
POWER_MONITOR_RECORD {"timestamp_pacific": "2026-08-04T22:07:50.160-07:00", "status": "ok", "reasons": ["current_change"]}
POWER_MONITOR_RECORD {"timestamp_pacific": "2026-08-04T22:07:51.166-07:00", "status": "ok", "reasons": ["current_change"]}
POWER_MONITOR_RECORD {"timestamp_pacific": "2026-08-04T22:07:53.179-07:00", "status": "ok", "reasons": ["current_change"]}
POWER_MONITOR_RECORD {"timestamp_pacific": "2026-08-04T22:07:54.185-07:00", "status": "ok", "reasons": ["current_change"]}
POWER_MONITOR_RECORD {"timestamp_pacific": "2026-08-04T22:07:55.194-07:00", "status": "ok", "reasons": ["current_change"]}
POWER_MONITOR_RECORD {"timestamp_pacific": "2026-08-04T22:07:56.201-07:00", "status": "ok", "reasons": ["current_change"]}
POWER_MONITOR_RECORD {"timestamp_pacific": "2026-08-04T22:07:57.207-07:00", "status": "ok", "reasons": ["current_change"]}
POWER_MONITOR_RECORD {"timestamp_pacific": "2026-08-04T22:07:58.214-07:00", "status": "ok", "reasons": ["current_change"]}
POWER_MONITOR_RECORD {"timestamp_pacific": "2026-08-04T22:08:03.243-07:00", "status": "ok", "reasons": ["current_change"]}
POWER_MONITOR_RECORD {"timestamp_pacific": "2026-08-04T22:08:04.250-07:00", "status": "ok", "reasons": ["current_change"]}
POWER_MONITOR_RECORD {"timestamp_pacific": "2026-08-04T22:08:06.262-07:00", "status": "ok", "reasons": ["current_change"]}
POWER_MONITOR_RECORD {"timestamp_pacific": "2026-08-04T22:08:08.273-07:00", "status": "ok", "reasons": ["current_change"]}
POWER_MONITOR_RECORD {"timestamp_pacific": "2026-08-04T22:08:09.281-07:00", "status": "ok", "reasons": ["current_change"]}
POWER_MONITOR_RECORD {"timestamp_pacific": "2026-08-04T22:08:11.293-07:00", "status": "ok", "reasons": ["current_change"]}
POWER_MONITOR_RECORD {"timestamp_pacific": "2026-08-04T22:08:12.300-07:00", "status": "ok", "reasons": ["current_change"]}
POWER_MONITOR_RECORD {"timestamp_pacific": "2026-08-04T22:08:13.306-07:00", "status": "ok", "reasons": ["current_change"]}
POWER_MONITOR_RECORD {"timestamp_pacific": "2026-08-04T22:08:17.331-07:00", "status": "ok", "reasons": ["current_change"]}
POWER_MONITOR_RECORD {"timestamp_pacific": "2026-08-04T22:08:19.344-07:00", "status": "ok", "reasons": ["current_change"]}
POWER_MONITOR_RECORD {"timestamp_pacific": "2026-08-04T22:08:21.356-07:00", "status": "ok", "reasons": ["current_change"]}
POWER_MONITOR_RECORD {"timestamp_pacific": "2026-08-04T22:08:22.363-07:00", "status": "ok", "reasons": ["current_change"]}
POWER_MONITOR_RECORD {"timestamp_pacific": "2026-08-04T22:08:25.381-07:00", "status": "ok", "reasons": ["current_change"]}
POWER_MONITOR_RECORD {"timestamp_pacific": "2026-08-04T22:08:26.387-07:00", "status": "ok", "reasons": ["current_change"]}
POWER_MONITOR_RECORD {"timestamp_pacific": "2026-08-04T22:08:28.400-07:00", "status": "ok", "reasons": ["current_change"]}
POWER_MONITOR_RECORD {"timestamp_pacific": "2026-08-04T22:08:29.406-07:00", "status": "ok", "reasons": ["current_change"]}
POWER_MONITOR_RECORD {"timestamp_pacific": "2026-08-04T22:08:32.424-07:00", "status": "ok", "reasons": ["current_change"]}
POWER_MONITOR_RECORD {"timestamp_pacific": "2026-08-04T22:08:33.431-07:00", "status": "ok", "reasons": ["current_change"]}
POWER_MONITOR_RECORD {"timestamp_pacific": "2026-08-04T22:08:34.437-07:00", "status": "ok", "reasons": ["current_change"]}
POWER_MONITOR_RECORD {"timestamp_pacific": "2026-08-04T22:08:36.449-07:00", "status": "ok", "reasons": ["current_change"]}
POWER_MONITOR_RECORD {"timestamp_pacific": "2026-08-04T22:08:40.473-07:00", "status": "ok", "reasons": ["current_change"]}
POWER_MONITOR_RECORD {"timestamp_pacific": "2026-08-04T22:08:41.480-07:00", "status": "ok", "reasons": ["current_change"]}
POWER_MONITOR_RECORD {"timestamp_pacific": "2026-08-04T22:08:42.486-07:00", "status": "ok", "reasons": ["current_change"]}
POWER_MONITOR_RECORD {"timestamp_pacific": "2026-08-04T22:08:45.504-07:00", "status": "ok", "reasons": ["current_change"]}
POWER_MONITOR_RECORD {"timestamp_pacific": "2026-08-04T22:08:46.512-07:00", "status": "ok", "reasons": ["current_change"]}
POWER_MONITOR_RECORD {"timestamp_pacific": "2026-08-04T22:08:48.525-07:00", "status": "ok", "reasons": ["current_change"]}
POWER_MONITOR_RECORD {"timestamp_pacific": "2026-08-04T22:08:49.531-07:00", "status": "ok", "reasons": ["current_change"]}
POWER_MONITOR_RECORD {"timestamp_pacific": "2026-08-04T22:08:51.543-07:00", "status": "ok", "reasons": ["current_change"]}
POWER_MONITOR_RECORD {"timestamp_pacific": "2026-08-04T22:08:52.550-07:00", "status": "ok", "reasons": ["current_change"]}
POWER_MONITOR_RECORD {"timestamp_pacific": "2026-08-04T22:08:54.562-07:00", "status": "ok", "reasons": ["current_change"]}
POWER_MONITOR_RECORD {"timestamp_pacific": "2026-08-04T22:08:56.574-07:00", "status": "ok", "reasons": ["current_change"]}
POWER_MONITOR_RECORD {"timestamp_pacific": "2026-08-04T22:08:57.582-07:00", "status": "ok", "reasons": ["current_change"]}
POWER_MONITOR_RECORD {"timestamp_pacific": "2026-08-04T22:08:58.588-07:00", "status": "ok", "reasons": ["current_change"]}
POWER_MONITOR_RECORD {"timestamp_pacific": "2026-08-04T22:08:59.595-07:00", "status": "ok", "reasons": ["current_change"]}
POWER_MONITOR_RECORD {"timestamp_pacific": "2026-08-04T22:09:01.607-07:00", "status": "ok", "reasons": ["current_change"]}
POWER_MONITOR_RECORD {"timestamp_pacific": "2026-08-04T22:09:04.627-07:00", "status": "ok", "reasons": ["current_change"]}
POWER_MONITOR_RECORD {"timestamp_pacific": "2026-08-04T22:09:05.634-07:00", "status": "ok", "reasons": ["current_change"]}
POWER_MONITOR_RECORD {"timestamp_pacific": "2026-08-04T22:09:06.640-07:00", "status": "ok", "reasons": ["current_change"]}
POWER_MONITOR_RECORD {"timestamp_pacific": "2026-08-04T22:09:08.651-07:00", "status": "ok", "reasons": ["current_change"]}
POWER_MONITOR_RECORD {"timestamp_pacific": "2026-08-04T22:09:09.653-07:00", "status": "ok", "reasons": ["current_change"]}
POWER_MONITOR_RECORD {"timestamp_pacific": "2026-08-04T22:09:12.661-07:00", "status": "ok", "reasons": ["current_change"]}
POWER_MONITOR_RECORD {"timestamp_pacific": "2026-08-04T22:09:14.673-07:00", "status": "ok", "reasons": ["current_change"]}
POWER_MONITOR_RECORD {"timestamp_pacific": "2026-08-04T22:09:15.680-07:00", "status": "ok", "reasons": ["current_change"]}
POWER_MONITOR_RECORD {"timestamp_pacific": "2026-08-04T22:09:17.692-07:00", "status": "ok", "reasons": ["current_change"]}
POWER_MONITOR_RECORD {"timestamp_pacific": "2026-08-04T22:09:18.699-07:00", "status": "ok", "reasons": ["current_change"]}
POWER_MONITOR_RECORD {"timestamp_pacific": "2026-08-04T22:09:19.706-07:00", "status": "ok", "reasons": ["current_change"]}
POWER_MONITOR_RECORD {"timestamp_pacific": "2026-08-04T22:09:20.712-07:00", "status": "ok", "reasons": ["current_change"]}
POWER_MONITOR_RECORD {"timestamp_pacific": "2026-08-04T22:09:21.719-07:00", "status": "ok", "reasons": ["current_change"]}
POWER_MONITOR_RECORD {"timestamp_pacific": "2026-08-04T22:09:22.725-07:00", "status": "ok", "reasons": ["current_change"]}
POWER_MONITOR_RECORD {"timestamp_pacific": "2026-08-04T22:09:24.739-07:00", "status": "ok", "reasons": ["current_change"]}
POWER_MONITOR_RECORD {"timestamp_pacific": "2026-08-04T22:09:26.751-07:00", "status": "ok", "reasons": ["current_change"]}
POWER_MONITOR_RECORD {"timestamp_pacific": "2026-08-04T22:09:27.758-07:00", "status": "ok", "reasons": ["current_change"]}
POWER_MONITOR_RECORD {"timestamp_pacific": "2026-08-04T22:09:29.771-07:00", "status": "ok", "reasons": ["current_change"]}
POWER_MONITOR_RECORD {"timestamp_pacific": "2026-08-04T22:09:31.783-07:00", "status": "ok", "reasons": ["current_change"]}
POWER_MONITOR_RECORD {"timestamp_pacific": "2026-08-04T22:09:33.796-07:00", "status": "ok", "reasons": ["current_change"]}
POWER_MONITOR_RECORD {"timestamp_pacific": "2026-08-04T22:09:34.804-07:00", "status": "ok", "reasons": ["current_change"]}
POWER_MONITOR_RECORD {"timestamp_pacific": "2026-08-04T22:09:38.828-07:00", "status": "ok", "reasons": ["current_change"]}
POWER_MONITOR_RECORD {"timestamp_pacific": "2026-08-04T22:09:40.841-07:00", "status": "ok", "reasons": ["current_change"]}
POWER_MONITOR_RECORD {"timestamp_pacific": "2026-08-04T22:09:46.877-07:00", "status": "ok", "reasons": ["current_change"]}
POWER_MONITOR_RECORD {"timestamp_pacific": "2026-08-04T22:09:47.883-07:00", "status": "ok", "reasons": ["current_change"]}
POWER_MONITOR_RECORD {"timestamp_pacific": "2026-08-04T22:09:55.930-07:00", "status": "ok", "reasons": ["current_change"]}
POWER_MONITOR_RECORD {"timestamp_pacific": "2026-08-04T22:09:58.949-07:00", "status": "ok", "reasons": ["current_change"]}
POWER_MONITOR_RECORD {"timestamp_pacific": "2026-08-04T22:09:59.955-07:00", "status": "ok", "reasons": ["current_change"]}
POWER_MONITOR_RECORD {"timestamp_pacific": "2026-08-04T22:10:00.961-07:00", "status": "ok", "reasons": ["current_change"]}
POWER_MONITOR_RECORD {"timestamp_pacific": "2026-08-04T22:10:01.970-07:00", "status": "ok", "reasons": ["current_change"]}
POWER_MONITOR_RECORD {"timestamp_pacific": "2026-08-04T22:10:02.976-07:00", "status": "ok", "reasons": ["current_change"]}
POWER_MONITOR_RECORD {"timestamp_pacific": "2026-08-04T22:10:03.983-07:00", "status": "ok", "reasons": ["current_change"]}
POWER_MONITOR_RECORD {"timestamp_pacific": "2026-08-04T22:10:08.006-07:00", "status": "ok", "reasons": ["current_change"]}
POWER_MONITOR_RECORD {"timestamp_pacific": "2026-08-04T22:10:09.009-07:00", "status": "ok", "reasons": ["current_change"]}
POWER_MONITOR_RECORD {"timestamp_pacific": "2026-08-04T22:10:13.019-07:00", "status": "ok", "reasons": ["current_change"]}
POWER_MONITOR_RECORD {"timestamp_pacific": "2026-08-04T22:10:18.048-07:00", "status": "ok", "reasons": ["current_change"]}
POWER_MONITOR_RECORD {"timestamp_pacific": "2026-08-04T22:10:20.062-07:00", "status": "ok", "reasons": ["current_change"]}
POWER_MONITOR_RECORD {"timestamp_pacific": "2026-08-04T22:10:21.068-07:00", "status": "ok", "reasons": ["current_change"]}
POWER_MONITOR_RECORD {"timestamp_pacific": "2026-08-04T22:10:26.098-07:00", "status": "ok", "reasons": ["current_change"]}
POWER_MONITOR_RECORD {"timestamp_pacific": "2026-08-04T22:10:27.105-07:00", "status": "ok", "reasons": ["current_change"]}
POWER_MONITOR_RECORD {"timestamp_pacific": "2026-08-04T22:10:33.140-07:00", "status": "ok", "reasons": ["current_change"]}
POWER_MONITOR_RECORD {"timestamp_pacific": "2026-08-04T22:10:34.147-07:00", "status": "ok", "reasons": ["current_change"]}
POWER_MONITOR_RECORD {"timestamp_pacific": "2026-08-04T22:10:37.165-07:00", "status": "ok", "reasons": ["current_change"]}
POWER_MONITOR_RECORD {"timestamp_pacific": "2026-08-04T22:10:38.172-07:00", "status": "ok", "reasons": ["current_change"]}
POWER_MONITOR_RECORD {"timestamp_pacific": "2026-08-04T22:10:43.211-07:00", "status": "ok", "reasons": ["current_change"]}
POWER_MONITOR_RECORD {"timestamp_pacific": "2026-08-04T22:10:44.217-07:00", "status": "ok", "reasons": ["current_change"]}
POWER_MONITOR_RECORD {"timestamp_pacific": "2026-08-04T22:10:46.230-07:00", "status": "ok", "reasons": ["current_change"]}
POWER_MONITOR_RECORD {"timestamp_pacific": "2026-08-04T22:10:47.236-07:00", "status": "ok", "reasons": ["current_change"]}
POWER_MONITOR_RECORD {"timestamp_pacific": "2026-08-04T22:10:48.242-07:00", "status": "ok", "reasons": ["current_change"]}
POWER_MONITOR_RECORD {"timestamp_pacific": "2026-08-04T22:10:53.273-07:00", "status": "ok", "reasons": ["current_change"]}
POWER_MONITOR_RECORD {"timestamp_pacific": "2026-08-04T22:10:56.293-07:00", "status": "ok", "reasons": ["current_change"]}
POWER_MONITOR_RECORD {"timestamp_pacific": "2026-08-04T22:10:57.300-07:00", "status": "ok", "reasons": ["current_change"]}
POWER_MONITOR_RECORD {"timestamp_pacific": "2026-08-04T22:11:01.324-07:00", "status": "ok", "reasons": ["current_change"]}
POWER_MONITOR_RECORD {"timestamp_pacific": "2026-08-04T22:11:03.336-07:00", "status": "ok", "reasons": ["current_change"]}
POWER_MONITOR_RECORD {"timestamp_pacific": "2026-08-04T22:11:06.354-07:00", "status": "ok", "reasons": ["current_change"]}
POWER_MONITOR_RECORD {"timestamp_pacific": "2026-08-04T22:11:07.362-07:00", "status": "ok", "reasons": ["current_change"]}
POWER_MONITOR_RECORD {"timestamp_pacific": "2026-08-04T22:11:08.368-07:00", "status": "ok", "reasons": ["current_change"]}
POWER_MONITOR_RECORD {"timestamp_pacific": "2026-08-04T22:11:10.381-07:00", "status": "ok", "reasons": ["current_change"]}
POWER_MONITOR_RECORD {"timestamp_pacific": "2026-08-04T22:11:11.387-07:00", "status": "ok", "reasons": ["current_change"]}
POWER_MONITOR_RECORD {"timestamp_pacific": "2026-08-04T22:11:12.395-07:00", "status": "ok", "reasons": ["current_change"]}
POWER_MONITOR_RECORD {"timestamp_pacific": "2026-08-04T22:11:16.419-07:00", "status": "ok", "reasons": ["current_change"]}
POWER_MONITOR_RECORD {"timestamp_pacific": "2026-08-04T22:11:27.484-07:00", "status": "ok", "reasons": ["current_change"]}
POWER_MONITOR_RECORD {"timestamp_pacific": "2026-08-04T22:11:28.490-07:00", "status": "ok", "reasons": ["current_change"]}
POWER_MONITOR_RECORD {"timestamp_pacific": "2026-08-04T22:11:30.503-07:00", "status": "ok", "reasons": ["current_change"]}
POWER_MONITOR_RECORD {"timestamp_pacific": "2026-08-04T22:11:31.509-07:00", "status": "ok", "reasons": ["current_change"]}
POWER_MONITOR_RECORD {"timestamp_pacific": "2026-08-04T22:11:34.527-07:00", "status": "ok", "reasons": ["current_change"]}
POWER_MONITOR_RECORD {"timestamp_pacific": "2026-08-04T22:11:35.534-07:00", "status": "ok", "reasons": ["current_change"]}
POWER_MONITOR_RECORD {"timestamp_pacific": "2026-08-04T22:11:38.552-07:00", "status": "ok", "reasons": ["current_change"]}
POWER_MONITOR_RECORD {"timestamp_pacific": "2026-08-04T22:11:40.564-07:00", "status": "ok", "reasons": ["current_change"]}
POWER_MONITOR_RECORD {"timestamp_pacific": "2026-08-04T22:11:41.571-07:00", "status": "ok", "reasons": ["current_change"]}
POWER_MONITOR_RECORD {"timestamp_pacific": "2026-08-04T22:11:43.583-07:00", "status": "ok", "reasons": ["current_change"]}
POWER_MONITOR_RECORD {"timestamp_pacific": "2026-08-04T22:11:44.589-07:00", "status": "ok", "reasons": ["current_change"]}
POWER_MONITOR_RECORD {"timestamp_pacific": "2026-08-04T22:11:46.602-07:00", "status": "ok", "reasons": ["current_change"]}
POWER_MONITOR_RECORD {"timestamp_pacific": "2026-08-04T22:11:50.626-07:00", "status": "ok", "reasons": ["current_change"]}
POWER_MONITOR_RECORD {"timestamp_pacific": "2026-08-04T22:11:53.644-07:00", "status": "ok", "reasons": ["current_change"]}
POWER_MONITOR_RECORD {"timestamp_pacific": "2026-08-04T22:11:54.650-07:00", "status": "ok", "reasons": ["current_change"]}
POWER_MONITOR_RECORD {"timestamp_pacific": "2026-08-04T22:11:58.674-07:00", "status": "ok", "reasons": ["current_change"]}
POWER_MONITOR_RECORD {"timestamp_pacific": "2026-08-04T22:11:59.681-07:00", "status": "ok", "reasons": ["current_change"]}
POWER_MONITOR_RECORD {"timestamp_pacific": "2026-08-04T22:12:01.693-07:00", "status": "ok", "reasons": ["current_change"]}
POWER_MONITOR_RECORD {"timestamp_pacific": "2026-08-04T22:12:02.699-07:00", "status": "ok", "reasons": ["current_change"]}
POWER_MONITOR_RECORD {"timestamp_pacific": "2026-08-04T22:12:04.712-07:00", "status": "ok", "reasons": ["current_change"]}
POWER_MONITOR_RECORD {"timestamp_pacific": "2026-08-04T22:12:10.737-07:00", "status": "ok", "reasons": ["current_change"]}
POWER_MONITOR_RECORD {"timestamp_pacific": "2026-08-04T22:12:14.754-07:00", "status": "ok", "reasons": ["current_change"]}
POWER_MONITOR_RECORD {"timestamp_pacific": "2026-08-04T22:12:17.772-07:00", "status": "ok", "reasons": ["current_change"]}
POWER_MONITOR_RECORD {"timestamp_pacific": "2026-08-04T22:12:18.778-07:00", "status": "ok", "reasons": ["current_change"]}
POWER_MONITOR_RECORD {"timestamp_pacific": "2026-08-04T22:12:23.810-07:00", "status": "ok", "reasons": ["current_change"]}
POWER_MONITOR_RECORD {"timestamp_pacific": "2026-08-04T22:12:25.823-07:00", "status": "ok", "reasons": ["current_change"]}
POWER_MONITOR_RECORD {"timestamp_pacific": "2026-08-04T22:12:32.864-07:00", "status": "ok", "reasons": ["current_change"]}
POWER_MONITOR_RECORD {"timestamp_pacific": "2026-08-04T22:12:33.870-07:00", "status": "ok", "reasons": ["current_change"]}
POWER_MONITOR_RECORD {"timestamp_pacific": "2026-08-04T22:12:40.912-07:00", "status": "ok", "reasons": ["current_change"]}
POWER_MONITOR_RECORD {"timestamp_pacific": "2026-08-04T22:12:41.918-07:00", "status": "ok", "reasons": ["current_change"]}
POWER_MONITOR_RECORD {"timestamp_pacific": "2026-08-04T22:12:42.925-07:00", "status": "ok", "reasons": ["current_change"]}
POWER_MONITOR_RECORD {"timestamp_pacific": "2026-08-04T22:12:43.931-07:00", "status": "ok", "reasons": ["current_change"]}
POWER_MONITOR_RECORD {"timestamp_pacific": "2026-08-04T22:12:44.938-07:00", "status": "ok", "reasons": ["current_change"]}
POWER_MONITOR_RECORD {"timestamp_pacific": "2026-08-04T22:12:45.944-07:00", "status": "ok", "reasons": ["current_change"]}
POWER_MONITOR_RECORD {"timestamp_pacific": "2026-08-04T22:12:52.987-07:00", "status": "ok", "reasons": ["current_change"]}
POWER_MONITOR_RECORD {"timestamp_pacific": "2026-08-04T22:12:58.016-07:00", "status": "ok", "reasons": ["current_change"]}
POWER_MONITOR_RECORD {"timestamp_pacific": "2026-08-04T22:12:59.025-07:00", "status": "ok", "reasons": ["current_change"]}
POWER_MONITOR_RECORD {"timestamp_pacific": "2026-08-04T22:13:00.032-07:00", "status": "ok", "reasons": ["current_change"]}
POWER_MONITOR_RECORD {"timestamp_pacific": "2026-08-04T22:13:02.044-07:00", "status": "ok", "reasons": ["current_change"]}
POWER_MONITOR_RECORD {"timestamp_pacific": "2026-08-04T22:13:07.073-07:00", "status": "ok", "reasons": ["current_change"]}
POWER_MONITOR_RECORD {"timestamp_pacific": "2026-08-04T22:13:08.080-07:00", "status": "ok", "reasons": ["current_change"]}
POWER_MONITOR_RECORD {"timestamp_pacific": "2026-08-04T22:13:11.088-07:00", "status": "ok", "reasons": ["current_change"]}
POWER_MONITOR_RECORD {"timestamp_pacific": "2026-08-04T22:13:12.090-07:00", "status": "ok", "reasons": ["current_change"]}
POWER_MONITOR_RECORD {"timestamp_pacific": "2026-08-04T22:13:13.093-07:00", "status": "ok", "reasons": ["current_change"]}
POWER_MONITOR_RECORD {"timestamp_pacific": "2026-08-04T22:13:14.099-07:00", "status": "ok", "reasons": ["current_change"]}
POWER_MONITOR_RECORD {"timestamp_pacific": "2026-08-04T22:13:15.106-07:00", "status": "ok", "reasons": ["current_change"]}
POWER_MONITOR_RECORD {"timestamp_pacific": "2026-08-04T22:13:17.118-07:00", "status": "ok", "reasons": ["current_change"]}
POWER_MONITOR_RECORD {"timestamp_pacific": "2026-08-04T22:13:19.132-07:00", "status": "ok", "reasons": ["current_change"]}
POWER_MONITOR_RECORD {"timestamp_pacific": "2026-08-04T22:13:20.138-07:00", "status": "ok", "reasons": ["current_change"]}
POWER_MONITOR_RECORD {"timestamp_pacific": "2026-08-04T22:13:25.168-07:00", "status": "ok", "reasons": ["current_change"]}
POWER_MONITOR_RECORD {"timestamp_pacific": "2026-08-04T22:13:28.186-07:00", "status": "ok", "reasons": ["current_change"]}
POWER_MONITOR_RECORD {"timestamp_pacific": "2026-08-04T22:13:30.201-07:00", "status": "ok", "reasons": ["current_change"]}
POWER_MONITOR_RECORD {"timestamp_pacific": "2026-08-04T22:13:35.231-07:00", "status": "ok", "reasons": ["current_change"]}
POWER_MONITOR_RECORD {"timestamp_pacific": "2026-08-04T22:13:36.239-07:00", "status": "ok", "reasons": ["current_change"]}
POWER_MONITOR_RECORD {"timestamp_pacific": "2026-08-04T22:13:45.292-07:00", "status": "ok", "reasons": ["current_change"]}
POWER_MONITOR_RECORD {"timestamp_pacific": "2026-08-04T22:13:48.310-07:00", "status": "ok", "reasons": ["current_change"]}
POWER_MONITOR_RECORD {"timestamp_pacific": "2026-08-04T22:13:50.322-07:00", "status": "ok", "reasons": ["current_change"]}
POWER_MONITOR_RECORD {"timestamp_pacific": "2026-08-04T22:13:56.360-07:00", "status": "ok", "reasons": ["current_change"]}
POWER_MONITOR_RECORD {"timestamp_pacific": "2026-08-04T22:14:00.384-07:00", "status": "ok", "reasons": ["current_change"]}
POWER_MONITOR_RECORD {"timestamp_pacific": "2026-08-04T22:14:01.391-07:00", "status": "ok", "reasons": ["current_change"]}
POWER_MONITOR_RECORD {"timestamp_pacific": "2026-08-04T22:14:03.405-07:00", "status": "ok", "reasons": ["current_change"]}
POWER_MONITOR_RECORD {"timestamp_pacific": "2026-08-04T22:14:06.423-07:00", "status": "ok", "reasons": ["current_change"]}
POWER_MONITOR_RECORD {"timestamp_pacific": "2026-08-04T22:14:10.448-07:00", "status": "ok", "reasons": ["current_change"]}
POWER_MONITOR_RECORD {"timestamp_pacific": "2026-08-04T22:14:12.461-07:00", "status": "ok", "reasons": ["current_change"]}
POWER_MONITOR_RECORD {"timestamp_pacific": "2026-08-04T22:14:21.513-07:00", "status": "ok", "reasons": ["current_change"]}
POWER_MONITOR_RECORD {"timestamp_pacific": "2026-08-04T22:14:22.520-07:00", "status": "ok", "reasons": ["current_change"]}
POWER_MONITOR_RECORD {"timestamp_pacific": "2026-08-04T22:14:23.526-07:00", "status": "ok", "reasons": ["current_change"]}
POWER_MONITOR_RECORD {"timestamp_pacific": "2026-08-04T22:14:24.533-07:00", "status": "ok", "reasons": ["current_change"]}
POWER_MONITOR_RECORD {"timestamp_pacific": "2026-08-04T22:14:28.557-07:00", "status": "ok", "reasons": ["current_change"]}
POWER_MONITOR_RECORD {"timestamp_pacific": "2026-08-04T22:14:32.581-07:00", "status": "ok", "reasons": ["current_change"]}
POWER_MONITOR_RECORD {"timestamp_pacific": "2026-08-04T22:14:33.587-07:00", "status": "ok", "reasons": ["current_change"]}
POWER_MONITOR_RECORD {"timestamp_pacific": "2026-08-04T22:14:34.595-07:00", "status": "ok", "reasons": ["current_change"]}
POWER_MONITOR_RECORD {"timestamp_pacific": "2026-08-04T22:14:42.642-07:00", "status": "ok", "reasons": ["current_change"]}
POWER_MONITOR_RECORD {"timestamp_pacific": "2026-08-04T22:14:56.724-07:00", "status": "ok", "reasons": ["current_change"]}
POWER_MONITOR_RECORD {"timestamp_pacific": "2026-08-04T22:14:58.739-07:00", "status": "ok", "reasons": ["current_change"]}
POWER_MONITOR_RECORD {"timestamp_pacific": "2026-08-04T22:15:06.786-07:00", "status": "ok", "reasons": ["current_change"]}
POWER_MONITOR_RECORD {"timestamp_pacific": "2026-08-04T22:15:09.797-07:00", "status": "ok", "reasons": ["current_change"]}
POWER_MONITOR_RECORD {"timestamp_pacific": "2026-08-04T22:15:12.805-07:00", "status": "ok", "reasons": ["current_change"]}
POWER_MONITOR_RECORD {"timestamp_pacific": "2026-08-04T22:15:23.869-07:00", "status": "ok", "reasons": ["current_change"]}
POWER_MONITOR_RECORD {"timestamp_pacific": "2026-08-04T22:15:28.899-07:00", "status": "ok", "reasons": ["current_change"]}
POWER_MONITOR_RECORD {"timestamp_pacific": "2026-08-04T22:15:33.929-07:00", "status": "ok", "reasons": ["current_change"]}
POWER_MONITOR_RECORD {"timestamp_pacific": "2026-08-04T22:15:34.936-07:00", "status": "ok", "reasons": ["current_change"]}
POWER_MONITOR_RECORD {"timestamp_pacific": "2026-08-04T22:15:35.943-07:00", "status": "ok", "reasons": ["current_change"]}
POWER_MONITOR_RECORD {"timestamp_pacific": "2026-08-04T22:15:41.979-07:00", "status": "ok", "reasons": ["current_change"]}
POWER_MONITOR_RECORD {"timestamp_pacific": "2026-08-04T22:15:43.991-07:00", "status": "ok", "reasons": ["current_change"]}
POWER_MONITOR_RECORD {"timestamp_pacific": "2026-08-04T22:15:52.038-07:00", "status": "ok", "reasons": ["current_change"]}
POWER_MONITOR_RECORD {"timestamp_pacific": "2026-08-04T22:15:53.045-07:00", "status": "ok", "reasons": ["current_change"]}
POWER_MONITOR_RECORD {"timestamp_pacific": "2026-08-04T22:15:58.075-07:00", "status": "ok", "reasons": ["current_change"]}
POWER_MONITOR_RECORD {"timestamp_pacific": "2026-08-04T22:16:00.087-07:00", "status": "ok", "reasons": ["current_change"]}
POWER_MONITOR_RECORD {"timestamp_pacific": "2026-08-04T22:16:03.105-07:00", "status": "ok", "reasons": ["current_change"]}
POWER_MONITOR_RECORD {"timestamp_pacific": "2026-08-04T22:16:04.113-07:00", "status": "ok", "reasons": ["current_change"]}
POWER_MONITOR_RECORD {"timestamp_pacific": "2026-08-04T22:16:05.120-07:00", "status": "ok", "reasons": ["current_change"]}
POWER_MONITOR_RECORD {"timestamp_pacific": "2026-08-04T22:16:06.126-07:00", "status": "ok", "reasons": ["current_change"]}
POWER_MONITOR_RECORD {"timestamp_pacific": "2026-08-04T22:16:10.148-07:00", "status": "ok", "reasons": ["current_change"]}
POWER_MONITOR_RECORD {"timestamp_pacific": "2026-08-04T22:16:15.178-07:00", "status": "ok", "reasons": ["current_change"]}
POWER_MONITOR_RECORD {"timestamp_pacific": "2026-08-04T22:16:17.191-07:00", "status": "ok", "reasons": ["current_change"]}
POWER_MONITOR_RECORD {"timestamp_pacific": "2026-08-04T22:16:25.239-07:00", "status": "ok", "reasons": ["current_change"]}
POWER_MONITOR_RECORD {"timestamp_pacific": "2026-08-04T22:16:27.251-07:00", "status": "ok", "reasons": ["current_change"]}
POWER_MONITOR_RECORD {"timestamp_pacific": "2026-08-04T22:16:33.286-07:00", "status": "ok", "reasons": ["current_change"]}
POWER_MONITOR_RECORD {"timestamp_pacific": "2026-08-04T22:16:44.351-07:00", "status": "ok", "reasons": ["current_change"]}
POWER_MONITOR_RECORD {"timestamp_pacific": "2026-08-04T22:17:00.445-07:00", "status": "ok", "reasons": ["current_change"]}
POWER_MONITOR_RECORD {"timestamp_pacific": "2026-08-04T22:17:01.451-07:00", "status": "ok", "reasons": ["current_change"]}
POWER_MONITOR_RECORD {"timestamp_pacific": "2026-08-04T22:17:02.458-07:00", "status": "ok", "reasons": ["current_change"]}
POWER_MONITOR_RECORD {"timestamp_pacific": "2026-08-04T22:17:06.482-07:00", "status": "ok", "reasons": ["current_change"]}
POWER_MONITOR_RECORD {"timestamp_pacific": "2026-08-04T22:17:11.498-07:00", "status": "ok", "reasons": ["current_change"]}
POWER_MONITOR_RECORD {"timestamp_pacific": "2026-08-04T22:17:12.500-07:00", "status": "ok", "reasons": ["current_change"]}
POWER_MONITOR_RECORD {"timestamp_pacific": "2026-08-04T22:17:29.600-07:00", "status": "ok", "reasons": ["current_change"]}
POWER_MONITOR_RECORD {"timestamp_pacific": "2026-08-04T22:17:32.618-07:00", "status": "ok", "reasons": ["current_change"]}
POWER_MONITOR_RECORD {"timestamp_pacific": "2026-08-04T22:17:34.631-07:00", "status": "ok", "reasons": ["current_change"]}
POWER_MONITOR_RECORD {"timestamp_pacific": "2026-08-04T22:17:38.655-07:00", "status": "ok", "reasons": ["current_change"]}
POWER_MONITOR_RECORD {"timestamp_pacific": "2026-08-04T22:17:45.697-07:00", "status": "ok", "reasons": ["current_change"]}
POWER_MONITOR_RECORD {"timestamp_pacific": "2026-08-04T22:17:52.738-07:00", "status": "ok", "reasons": ["current_change"]}
POWER_MONITOR_RECORD {"timestamp_pacific": "2026-08-04T22:17:54.751-07:00", "status": "ok", "reasons": ["current_change"]}
POWER_MONITOR_RECORD {"timestamp_pacific": "2026-08-04T22:18:03.804-07:00", "status": "ok", "reasons": ["current_change"]}
POWER_MONITOR_RECORD {"timestamp_pacific": "2026-08-04T22:18:06.822-07:00", "status": "ok", "reasons": ["current_change"]}
POWER_MONITOR_RECORD {"timestamp_pacific": "2026-08-04T22:18:12.840-07:00", "status": "ok", "reasons": ["current_change"]}
POWER_MONITOR_RECORD {"timestamp_pacific": "2026-08-04T22:18:15.858-07:00", "status": "ok", "reasons": ["current_change"]}
POWER_MONITOR_RECORD {"timestamp_pacific": "2026-08-04T22:18:17.871-07:00", "status": "ok", "reasons": ["current_change"]}
POWER_MONITOR_RECORD {"timestamp_pacific": "2026-08-04T22:18:24.919-07:00", "status": "ok", "reasons": ["current_change"]}
POWER_MONITOR_RECORD {"timestamp_pacific": "2026-08-04T22:18:36.989-07:00", "status": "ok", "reasons": ["current_change"]}
POWER_MONITOR_RECORD {"timestamp_pacific": "2026-08-04T22:18:40.008-07:00", "status": "ok", "reasons": ["current_change"]}
POWER_MONITOR_RECORD {"timestamp_pacific": "2026-08-04T22:18:50.066-07:00", "status": "ok", "reasons": ["current_change"]}
POWER_MONITOR_RECORD {"timestamp_pacific": "2026-08-04T22:19:00.125-07:00", "status": "ok", "reasons": ["current_change"]}
POWER_MONITOR_RECORD {"timestamp_pacific": "2026-08-04T22:19:02.137-07:00", "status": "ok", "reasons": ["current_change"]}
POWER_MONITOR_RECORD {"timestamp_pacific": "2026-08-04T22:19:03.144-07:00", "status": "ok", "reasons": ["current_change"]}
POWER_MONITOR_RECORD {"timestamp_pacific": "2026-08-04T22:19:05.156-07:00", "status": "ok", "reasons": ["current_change"]}
POWER_MONITOR_RECORD {"timestamp_pacific": "2026-08-04T22:19:06.164-07:00", "status": "ok", "reasons": ["current_change"]}
POWER_MONITOR_RECORD {"timestamp_pacific": "2026-08-04T22:19:08.174-07:00", "status": "ok", "reasons": ["current_change"]}
POWER_MONITOR_RECORD {"timestamp_pacific": "2026-08-04T22:19:09.180-07:00", "status": "ok", "reasons": ["current_change"]}
POWER_MONITOR_RECORD {"timestamp_pacific": "2026-08-04T22:19:11.193-07:00", "status": "ok", "reasons": ["current_change"]}
POWER_MONITOR_RECORD {"timestamp_pacific": "2026-08-04T22:19:21.252-07:00", "status": "ok", "reasons": ["current_change"]}
POWER_MONITOR_RECORD {"timestamp_pacific": "2026-08-04T22:19:22.258-07:00", "status": "ok", "reasons": ["current_change"]}
POWER_MONITOR_RECORD {"timestamp_pacific": "2026-08-04T22:19:29.299-07:00", "status": "ok", "reasons": ["current_change"]}
POWER_MONITOR_RECORD {"timestamp_pacific": "2026-08-04T22:19:30.306-07:00", "status": "ok", "reasons": ["current_change"]}
POWER_MONITOR_RECORD {"timestamp_pacific": "2026-08-04T22:19:37.347-07:00", "status": "ok", "reasons": ["current_change"]}
POWER_MONITOR_RECORD {"timestamp_pacific": "2026-08-04T22:19:38.354-07:00", "status": "ok", "reasons": ["current_change"]}
POWER_MONITOR_RECORD {"timestamp_pacific": "2026-08-04T22:19:52.436-07:00", "status": "ok", "reasons": ["current_change"]}
POWER_MONITOR_RECORD {"timestamp_pacific": "2026-08-04T22:20:01.489-07:00", "status": "ok", "reasons": ["current_change"]}
POWER_MONITOR_RECORD {"timestamp_pacific": "2026-08-04T22:20:02.495-07:00", "status": "ok", "reasons": ["current_change"]}
POWER_MONITOR_RECORD {"timestamp_pacific": "2026-08-04T22:20:06.519-07:00", "status": "ok", "reasons": ["current_change"]}
POWER_MONITOR_RECORD {"timestamp_pacific": "2026-08-04T22:20:10.534-07:00", "status": "ok", "reasons": ["current_change"]}
POWER_MONITOR_RECORD {"timestamp_pacific": "2026-08-04T22:20:14.551-07:00", "status": "ok", "reasons": ["current_change"]}
POWER_MONITOR_RECORD {"timestamp_pacific": "2026-08-04T22:20:15.558-07:00", "status": "ok", "reasons": ["current_change"]}
POWER_MONITOR_RECORD {"timestamp_pacific": "2026-08-04T22:20:18.576-07:00", "status": "ok", "reasons": ["current_change"]}
POWER_MONITOR_RECORD {"timestamp_pacific": "2026-08-04T22:20:27.629-07:00", "status": "ok", "reasons": ["current_change"]}
POWER_MONITOR_RECORD {"timestamp_pacific": "2026-08-04T22:20:32.659-07:00", "status": "ok", "reasons": ["current_change"]}
POWER_MONITOR_RECORD {"timestamp_pacific": "2026-08-04T22:20:33.667-07:00", "status": "ok", "reasons": ["current_change"]}
POWER_MONITOR_RECORD {"timestamp_pacific": "2026-08-04T22:21:02.837-07:00", "status": "ok", "reasons": ["current_change"]}
POWER_MONITOR_RECORD {"timestamp_pacific": "2026-08-04T22:21:03.843-07:00", "status": "ok", "reasons": ["current_change"]}
POWER_MONITOR_RECORD {"timestamp_pacific": "2026-08-04T22:21:27.984-07:00", "status": "ok", "reasons": ["current_change"]}
POWER_MONITOR_RECORD {"timestamp_pacific": "2026-08-04T22:21:31.002-07:00", "status": "ok", "reasons": ["current_change"]}
POWER_MONITOR_RECORD {"timestamp_pacific": "2026-08-04T22:21:32.009-07:00", "status": "ok", "reasons": ["current_change"]}
POWER_MONITOR_RECORD {"timestamp_pacific": "2026-08-04T22:21:38.044-07:00", "status": "ok", "reasons": ["current_change"]}
POWER_MONITOR_RECORD {"timestamp_pacific": "2026-08-04T22:21:45.086-07:00", "status": "ok", "reasons": ["current_change"]}
POWER_MONITOR_RECORD {"timestamp_pacific": "2026-08-04T22:21:46.092-07:00", "status": "ok", "reasons": ["current_change"]}
POWER_MONITOR_RECORD {"timestamp_pacific": "2026-08-04T22:21:53.134-07:00", "status": "ok", "reasons": ["current_change"]}
POWER_MONITOR_RECORD {"timestamp_pacific": "2026-08-04T22:22:06.210-07:00", "status": "ok", "reasons": ["current_change"]}
POWER_MONITOR_RECORD {"timestamp_pacific": "2026-08-04T22:22:09.221-07:00", "status": "ok", "reasons": ["current_change"]}
POWER_MONITOR_RECORD {"timestamp_pacific": "2026-08-04T22:22:17.258-07:00", "status": "ok", "reasons": ["current_change"]}
POWER_MONITOR_RECORD {"timestamp_pacific": "2026-08-04T22:22:18.264-07:00", "status": "ok", "reasons": ["current_change"]}
POWER_MONITOR_RECORD {"timestamp_pacific": "2026-08-04T22:22:29.329-07:00", "status": "ok", "reasons": ["current_change"]}
POWER_MONITOR_RECORD {"timestamp_pacific": "2026-08-04T22:22:30.336-07:00", "status": "ok", "reasons": ["current_change"]}
POWER_MONITOR_RECORD {"timestamp_pacific": "2026-08-04T22:22:31.342-07:00", "status": "ok", "reasons": ["current_change"]}
POWER_MONITOR_RECORD {"timestamp_pacific": "2026-08-04T22:22:35.366-07:00", "status": "ok", "reasons": ["current_change"]}
POWER_MONITOR_RECORD {"timestamp_pacific": "2026-08-04T22:22:36.373-07:00", "status": "ok", "reasons": ["current_change"]}
POWER_MONITOR_RECORD {"timestamp_pacific": "2026-08-04T22:22:38.385-07:00", "status": "ok", "reasons": ["current_change"]}
POWER_MONITOR_RECORD {"timestamp_pacific": "2026-08-04T22:22:39.391-07:00", "status": "ok", "reasons": ["current_change"]}
POWER_MONITOR_RECORD {"timestamp_pacific": "2026-08-04T22:22:50.456-07:00", "status": "ok", "reasons": ["current_change"]}
POWER_MONITOR_RECORD {"timestamp_pacific": "2026-08-04T22:22:58.503-07:00", "status": "ok", "reasons": ["current_change"]}
POWER_MONITOR_RECORD {"timestamp_pacific": "2026-08-04T22:23:03.532-07:00", "status": "ok", "reasons": ["current_change"]}
POWER_MONITOR_RECORD {"timestamp_pacific": "2026-08-04T22:23:05.546-07:00", "status": "ok", "reasons": ["current_change"]}
POWER_MONITOR_RECORD {"timestamp_pacific": "2026-08-04T22:23:06.552-07:00", "status": "ok", "reasons": ["current_change"]}
POWER_MONITOR_RECORD {"timestamp_pacific": "2026-08-04T22:23:07.559-07:00", "status": "ok", "reasons": ["current_change"]}
POWER_MONITOR_RECORD {"timestamp_pacific": "2026-08-04T22:23:08.562-07:00", "status": "ok", "reasons": ["current_change"]}
POWER_MONITOR_RECORD {"timestamp_pacific": "2026-08-04T22:23:12.571-07:00", "status": "ok", "reasons": ["current_change"]}
POWER_MONITOR_RECORD {"timestamp_pacific": "2026-08-04T22:23:25.647-07:00", "status": "ok", "reasons": ["current_change"]}
POWER_MONITOR_RECORD {"timestamp_pacific": "2026-08-04T22:23:28.665-07:00", "status": "ok", "reasons": ["current_change"]}
POWER_MONITOR_RECORD {"timestamp_pacific": "2026-08-04T22:23:31.683-07:00", "status": "ok", "reasons": ["current_change"]}
POWER_MONITOR_RECORD {"timestamp_pacific": "2026-08-04T22:23:38.724-07:00", "status": "ok", "reasons": ["current_change"]}
POWER_MONITOR_RECORD {"timestamp_pacific": "2026-08-04T22:23:44.760-07:00", "status": "ok", "reasons": ["current_change"]}
POWER_MONITOR_RECORD {"timestamp_pacific": "2026-08-04T22:23:57.837-07:00", "status": "ok", "reasons": ["current_change"]}
POWER_MONITOR_RECORD {"timestamp_pacific": "2026-08-04T22:23:58.844-07:00", "status": "ok", "reasons": ["current_change"]}
POWER_MONITOR_RECORD {"timestamp_pacific": "2026-08-04T22:24:04.879-07:00", "status": "ok", "reasons": ["current_change"]}
POWER_MONITOR_RECORD {"timestamp_pacific": "2026-08-04T22:24:06.891-07:00", "status": "ok", "reasons": ["current_change"]}
POWER_MONITOR_RECORD {"timestamp_pacific": "2026-08-04T22:24:10.905-07:00", "status": "ok", "reasons": ["current_change"]}
POWER_MONITOR_RECORD {"timestamp_pacific": "2026-08-04T22:24:24.979-07:00", "status": "ok", "reasons": ["current_change"]}
POWER_MONITOR_RECORD {"timestamp_pacific": "2026-08-04T22:24:30.009-07:00", "status": "ok", "reasons": ["current_change"]}
POWER_MONITOR_RECORD {"timestamp_pacific": "2026-08-04T22:24:31.016-07:00", "status": "ok", "reasons": ["current_change"]}
POWER_MONITOR_RECORD {"timestamp_pacific": "2026-08-04T22:24:34.034-07:00", "status": "ok", "reasons": ["current_change"]}
POWER_MONITOR_RECORD {"timestamp_pacific": "2026-08-04T22:24:35.040-07:00", "status": "ok", "reasons": ["current_change"]}
POWER_MONITOR_RECORD {"timestamp_pacific": "2026-08-04T22:24:36.048-07:00", "status": "ok", "reasons": ["current_change"]}
POWER_MONITOR_RECORD {"timestamp_pacific": "2026-08-04T22:24:38.061-07:00", "status": "ok", "reasons": ["current_change"]}
POWER_MONITOR_RECORD {"timestamp_pacific": "2026-08-04T22:24:41.079-07:00", "status": "ok", "reasons": ["current_change"]}
POWER_MONITOR_RECORD {"timestamp_pacific": "2026-08-04T22:24:45.103-07:00", "status": "ok", "reasons": ["current_change"]}
POWER_MONITOR_RECORD {"timestamp_pacific": "2026-08-04T22:24:55.162-07:00", "status": "ok", "reasons": ["current_change"]}
POWER_MONITOR_RECORD {"timestamp_pacific": "2026-08-04T22:24:56.168-07:00", "status": "ok", "reasons": ["current_change"]}
POWER_MONITOR_RECORD {"timestamp_pacific": "2026-08-04T22:25:03.210-07:00", "status": "ok", "reasons": ["current_change"]}
POWER_MONITOR_RECORD {"timestamp_pacific": "2026-08-04T22:25:06.228-07:00", "status": "ok", "reasons": ["current_change"]}
POWER_MONITOR_RECORD {"timestamp_pacific": "2026-08-04T22:25:13.252-07:00", "status": "ok", "reasons": ["current_change"]}
POWER_MONITOR_RECORD {"timestamp_pacific": "2026-08-04T22:25:17.276-07:00", "status": "ok", "reasons": ["current_change"]}
POWER_MONITOR_RECORD {"timestamp_pacific": "2026-08-04T22:25:22.305-07:00", "status": "ok", "reasons": ["current_change"]}
POWER_MONITOR_RECORD {"timestamp_pacific": "2026-08-04T22:25:23.312-07:00", "status": "ok", "reasons": ["current_change"]}
POWER_MONITOR_RECORD {"timestamp_pacific": "2026-08-04T22:25:24.318-07:00", "status": "ok", "reasons": ["current_change"]}
POWER_MONITOR_RECORD {"timestamp_pacific": "2026-08-04T22:25:25.325-07:00", "status": "ok", "reasons": ["current_change"]}
POWER_MONITOR_RECORD {"timestamp_pacific": "2026-08-04T22:25:27.339-07:00", "status": "ok", "reasons": ["current_change"]}
POWER_MONITOR_RECORD {"timestamp_pacific": "2026-08-04T22:25:28.346-07:00", "status": "ok", "reasons": ["current_change"]}
POWER_MONITOR_RECORD {"timestamp_pacific": "2026-08-04T22:25:29.352-07:00", "status": "ok", "reasons": ["current_change"]}
POWER_MONITOR_RECORD {"timestamp_pacific": "2026-08-04T22:25:32.370-07:00", "status": "ok", "reasons": ["current_change"]}
POWER_MONITOR_RECORD {"timestamp_pacific": "2026-08-04T22:25:35.388-07:00", "status": "ok", "reasons": ["current_change"]}
POWER_MONITOR_RECORD {"timestamp_pacific": "2026-08-04T22:25:36.395-07:00", "status": "ok", "reasons": ["current_change"]}
POWER_MONITOR_RECORD {"timestamp_pacific": "2026-08-04T22:25:40.419-07:00", "status": "ok", "reasons": ["current_change"]}
POWER_MONITOR_RECORD {"timestamp_pacific": "2026-08-04T22:25:44.443-07:00", "status": "ok", "reasons": ["current_change"]}
POWER_MONITOR_RECORD {"timestamp_pacific": "2026-08-04T22:25:58.525-07:00", "status": "ok", "reasons": ["current_change"]}
POWER_MONITOR_RECORD {"timestamp_pacific": "2026-08-04T22:26:02.549-07:00", "status": "ok", "reasons": ["current_change"]}
POWER_MONITOR_RECORD {"timestamp_pacific": "2026-08-04T22:26:06.573-07:00", "status": "ok", "reasons": ["current_change"]}
POWER_MONITOR_RECORD {"timestamp_pacific": "2026-08-04T22:26:13.598-07:00", "status": "ok", "reasons": ["current_change"]}
POWER_MONITOR_RECORD {"timestamp_pacific": "2026-08-04T22:26:15.610-07:00", "status": "ok", "reasons": ["current_change"]}
POWER_MONITOR_RECORD {"timestamp_pacific": "2026-08-04T22:26:19.634-07:00", "status": "ok", "reasons": ["current_change"]}
POWER_MONITOR_RECORD {"timestamp_pacific": "2026-08-04T22:26:22.652-07:00", "status": "ok", "reasons": ["current_change"]}
POWER_MONITOR_RECORD {"timestamp_pacific": "2026-08-04T22:26:26.676-07:00", "status": "ok", "reasons": ["current_change"]}
POWER_MONITOR_RECORD {"timestamp_pacific": "2026-08-04T22:26:27.682-07:00", "status": "ok", "reasons": ["current_change"]}
POWER_MONITOR_RECORD {"timestamp_pacific": "2026-08-04T22:26:29.695-07:00", "status": "ok", "reasons": ["current_change"]}
POWER_MONITOR_RECORD {"timestamp_pacific": "2026-08-04T22:26:31.707-07:00", "status": "ok", "reasons": ["current_change"]}
POWER_MONITOR_RECORD {"timestamp_pacific": "2026-08-04T22:26:32.714-07:00", "status": "ok", "reasons": ["current_change"]}
POWER_MONITOR_RECORD {"timestamp_pacific": "2026-08-04T22:26:33.721-07:00", "status": "ok", "reasons": ["current_change"]}
POWER_MONITOR_RECORD {"timestamp_pacific": "2026-08-04T22:26:37.745-07:00", "status": "ok", "reasons": ["current_change"]}
POWER_MONITOR_RECORD {"timestamp_pacific": "2026-08-04T22:26:38.752-07:00", "status": "ok", "reasons": ["current_change"]}
POWER_MONITOR_RECORD {"timestamp_pacific": "2026-08-04T22:26:55.851-07:00", "status": "ok", "reasons": ["current_change"]}
POWER_MONITOR_RECORD {"timestamp_pacific": "2026-08-04T22:26:56.857-07:00", "status": "ok", "reasons": ["current_change"]}
POWER_MONITOR_RECORD {"timestamp_pacific": "2026-08-04T22:27:01.887-07:00", "status": "ok", "reasons": ["current_change"]}
POWER_MONITOR_RECORD {"timestamp_pacific": "2026-08-04T22:27:03.901-07:00", "status": "ok", "reasons": ["current_change"]}
POWER_MONITOR_RECORD {"timestamp_pacific": "2026-08-04T22:27:06.919-07:00", "status": "ok", "reasons": ["current_change"]}
POWER_MONITOR_RECORD {"timestamp_pacific": "2026-08-04T22:27:07.927-07:00", "status": "ok", "reasons": ["current_change"]}
POWER_MONITOR_RECORD {"timestamp_pacific": "2026-08-04T22:27:11.936-07:00", "status": "ok", "reasons": ["current_change"]}
POWER_MONITOR_RECORD {"timestamp_pacific": "2026-08-04T22:27:15.957-07:00", "status": "ok", "reasons": ["current_change"]}
POWER_MONITOR_RECORD {"timestamp_pacific": "2026-08-04T22:27:16.963-07:00", "status": "ok", "reasons": ["current_change"]}
POWER_MONITOR_RECORD {"timestamp_pacific": "2026-08-04T22:27:21.994-07:00", "status": "ok", "reasons": ["current_change"]}
POWER_MONITOR_RECORD {"timestamp_pacific": "2026-08-04T22:27:26.020-07:00", "status": "ok", "reasons": ["current_change"]}
POWER_MONITOR_RECORD {"timestamp_pacific": "2026-08-04T22:27:29.038-07:00", "status": "ok", "reasons": ["current_change"]}
POWER_MONITOR_RECORD {"timestamp_pacific": "2026-08-04T22:27:32.055-07:00", "status": "ok", "reasons": ["current_change"]}
POWER_MONITOR_RECORD {"timestamp_pacific": "2026-08-04T22:27:33.062-07:00", "status": "ok", "reasons": ["current_change"]}
POWER_MONITOR_RECORD {"timestamp_pacific": "2026-08-04T22:27:37.086-07:00", "status": "ok", "reasons": ["current_change"]}
POWER_MONITOR_RECORD {"timestamp_pacific": "2026-08-04T22:27:38.092-07:00", "status": "ok", "reasons": ["current_change"]}
POWER_MONITOR_RECORD {"timestamp_pacific": "2026-08-04T22:27:44.128-07:00", "status": "ok", "reasons": ["current_change"]}
POWER_MONITOR_RECORD {"timestamp_pacific": "2026-08-04T22:27:45.134-07:00", "status": "ok", "reasons": ["current_change"]}
POWER_MONITOR_RECORD {"timestamp_pacific": "2026-08-04T22:27:46.141-07:00", "status": "ok", "reasons": ["current_change"]}
POWER_MONITOR_RECORD {"timestamp_pacific": "2026-08-04T22:27:48.153-07:00", "status": "ok", "reasons": ["current_change"]}
POWER_MONITOR_RECORD {"timestamp_pacific": "2026-08-04T22:27:50.165-07:00", "status": "ok", "reasons": ["current_change"]}
POWER_MONITOR_RECORD {"timestamp_pacific": "2026-08-04T22:27:52.178-07:00", "status": "ok", "reasons": ["current_change"]}
POWER_MONITOR_RECORD {"timestamp_pacific": "2026-08-04T22:27:57.207-07:00", "status": "ok", "reasons": ["current_change"]}
POWER_MONITOR_RECORD {"timestamp_pacific": "2026-08-04T22:27:59.220-07:00", "status": "ok", "reasons": ["current_change"]}
POWER_MONITOR_RECORD {"timestamp_pacific": "2026-08-04T22:28:00.226-07:00", "status": "ok", "reasons": ["current_change"]}
POWER_MONITOR_RECORD {"timestamp_pacific": "2026-08-04T22:28:03.244-07:00", "status": "ok", "reasons": ["current_change"]}
POWER_MONITOR_RECORD {"timestamp_pacific": "2026-08-04T22:28:08.271-07:00", "status": "ok", "reasons": ["current_change"]}
POWER_MONITOR_RECORD {"timestamp_pacific": "2026-08-04T22:28:09.278-07:00", "status": "ok", "reasons": ["current_change"]}
POWER_MONITOR_RECORD {"timestamp_pacific": "2026-08-04T22:28:16.319-07:00", "status": "ok", "reasons": ["current_change"]}
POWER_MONITOR_RECORD {"timestamp_pacific": "2026-08-04T22:28:19.337-07:00", "status": "ok", "reasons": ["current_change"]}
POWER_MONITOR_RECORD {"timestamp_pacific": "2026-08-04T22:28:26.379-07:00", "status": "ok", "reasons": ["current_change"]}
POWER_MONITOR_RECORD {"timestamp_pacific": "2026-08-04T22:28:27.385-07:00", "status": "ok", "reasons": ["current_change"]}
POWER_MONITOR_RECORD {"timestamp_pacific": "2026-08-04T22:28:33.421-07:00", "status": "ok", "reasons": ["current_change"]}
POWER_MONITOR_RECORD {"timestamp_pacific": "2026-08-04T22:28:35.433-07:00", "status": "ok", "reasons": ["current_change"]}
POWER_MONITOR_RECORD {"timestamp_pacific": "2026-08-04T22:28:37.446-07:00", "status": "ok", "reasons": ["current_change"]}
POWER_MONITOR_RECORD {"timestamp_pacific": "2026-08-04T22:28:39.458-07:00", "status": "ok", "reasons": ["current_change"]}
POWER_MONITOR_RECORD {"timestamp_pacific": "2026-08-04T22:28:41.470-07:00", "status": "ok", "reasons": ["current_change"]}
POWER_MONITOR_RECORD {"timestamp_pacific": "2026-08-04T22:28:42.477-07:00", "status": "ok", "reasons": ["current_change"]}
POWER_MONITOR_RECORD {"timestamp_pacific": "2026-08-04T22:28:43.483-07:00", "status": "ok", "reasons": ["current_change"]}
POWER_MONITOR_RECORD {"timestamp_pacific": "2026-08-04T22:28:45.495-07:00", "status": "ok", "reasons": ["current_change"]}
POWER_MONITOR_RECORD {"timestamp_pacific": "2026-08-04T22:28:47.508-07:00", "status": "ok", "reasons": ["current_change"]}
POWER_MONITOR_RECORD {"timestamp_pacific": "2026-08-04T22:28:49.520-07:00", "status": "ok", "reasons": ["current_change"]}
POWER_MONITOR_RECORD {"timestamp_pacific": "2026-08-04T22:28:50.526-07:00", "status": "ok", "reasons": ["current_change"]}
POWER_MONITOR_RECORD {"timestamp_pacific": "2026-08-04T22:28:54.552-07:00", "status": "ok", "reasons": ["current_change"]}
POWER_MONITOR_RECORD {"timestamp_pacific": "2026-08-04T22:29:01.593-07:00", "status": "ok", "reasons": ["current_change"]}
POWER_MONITOR_RECORD {"timestamp_pacific": "2026-08-04T22:29:04.611-07:00", "status": "ok", "reasons": ["current_change"]}
POWER_MONITOR_RECORD {"timestamp_pacific": "2026-08-04T22:29:08.631-07:00", "status": "ok", "reasons": ["current_change"]}
POWER_MONITOR_RECORD {"timestamp_pacific": "2026-08-04T22:29:11.639-07:00", "status": "ok", "reasons": ["current_change"]}
POWER_MONITOR_RECORD {"timestamp_pacific": "2026-08-04T22:29:13.647-07:00", "status": "ok", "reasons": ["current_change"]}
POWER_MONITOR_RECORD {"timestamp_pacific": "2026-08-04T22:29:14.655-07:00", "status": "ok", "reasons": ["current_change"]}
POWER_MONITOR_RECORD {"timestamp_pacific": "2026-08-04T22:29:16.668-07:00", "status": "ok", "reasons": ["current_change"]}
POWER_MONITOR_RECORD {"timestamp_pacific": "2026-08-04T22:29:17.674-07:00", "status": "ok", "reasons": ["current_change"]}
POWER_MONITOR_RECORD {"timestamp_pacific": "2026-08-04T22:29:18.681-07:00", "status": "ok", "reasons": ["current_change"]}
POWER_MONITOR_RECORD {"timestamp_pacific": "2026-08-04T22:29:25.722-07:00", "status": "ok", "reasons": ["current_change"]}
POWER_MONITOR_RECORD {"timestamp_pacific": "2026-08-04T22:29:44.833-07:00", "status": "ok", "reasons": ["current_change"]}
POWER_MONITOR_RECORD {"timestamp_pacific": "2026-08-04T22:29:46.845-07:00", "status": "ok", "reasons": ["current_change"]}
POWER_MONITOR_RECORD {"timestamp_pacific": "2026-08-04T22:29:48.858-07:00", "status": "ok", "reasons": ["current_change"]}
POWER_MONITOR_RECORD {"timestamp_pacific": "2026-08-04T22:29:51.876-07:00", "status": "ok", "reasons": ["current_change"]}
POWER_MONITOR_RECORD {"timestamp_pacific": "2026-08-04T22:29:53.888-07:00", "status": "ok", "reasons": ["current_change"]}
POWER_MONITOR_RECORD {"timestamp_pacific": "2026-08-04T22:29:56.906-07:00", "status": "ok", "reasons": ["current_change"]}
POWER_MONITOR_RECORD {"timestamp_pacific": "2026-08-04T22:29:57.915-07:00", "status": "ok", "reasons": ["current_change"]}
POWER_MONITOR_RECORD {"timestamp_pacific": "2026-08-04T22:29:58.921-07:00", "status": "ok", "reasons": ["current_change"]}
POWER_MONITOR_RECORD {"timestamp_pacific": "2026-08-04T22:30:14.998-07:00", "status": "ok", "reasons": ["current_change"]}
POWER_MONITOR_RECORD {"timestamp_pacific": "2026-08-04T22:30:17.010-07:00", "status": "ok", "reasons": ["current_change"]}
POWER_MONITOR_RECORD {"timestamp_pacific": "2026-08-04T22:30:18.017-07:00", "status": "ok", "reasons": ["current_change"]}
POWER_MONITOR_RECORD {"timestamp_pacific": "2026-08-04T22:30:28.076-07:00", "status": "ok", "reasons": ["current_change"]}
POWER_MONITOR_RECORD {"timestamp_pacific": "2026-08-04T22:30:30.088-07:00", "status": "ok", "reasons": ["current_change"]}
POWER_MONITOR_RECORD {"timestamp_pacific": "2026-08-04T22:30:31.095-07:00", "status": "ok", "reasons": ["current_change"]}
POWER_MONITOR_RECORD {"timestamp_pacific": "2026-08-04T22:30:33.107-07:00", "status": "ok", "reasons": ["current_change"]}
POWER_MONITOR_RECORD {"timestamp_pacific": "2026-08-04T22:30:37.131-07:00", "status": "ok", "reasons": ["current_change"]}
POWER_MONITOR_STOPPED {"output_csv": "/home/pi/conformance_testing_team/saved_data/conformance_runs/WH-3/run_2026_08_04_163018_PDT/power.csv", "timestamp_pacific": "2026-08-04T22:30:37.691-07:00"}
