timestamp_pacific,monitor_elapsed_seconds,status,record_reason,voltage_rms,current_rms,real_power,reactive_power,apparent_power,power_factor
2026-08-04T16:30:19.028-07:00,0.001,ok,initial_sample,120.536,0.000,0.000,8.099,9.256,0.125
2026-08-04T16:31:00.257-07:00,41.227,ok,current_change|heater_on,120.663,0.165,20.826,23.140,32.396,0.678
2026-08-04T16:31:02.269-07:00,43.239,ok,current_change,120.555,0.255,30.082,31.239,43.965,0.684
2026-08-04T16:31:03.276-07:00,44.246,ok,current_change,120.526,0.279,32.396,33.552,47.436,0.683
2026-08-04T16:31:06.294-07:00,47.264,ok,current_change,120.663,0.259,30.082,31.239,43.965,0.684
2026-08-04T16:31:08.307-07:00,49.277,ok,current_change,120.731,0.295,32.396,35.866,49.750,0.674
2026-08-04T16:31:11.325-07:00,52.295,ok,current_change,120.633,0.264,30.082,33.552,45.122,0.666
2026-08-04T16:31:12.336-07:00,53.306,ok,current_change,120.643,0.246,27.768,32.396,42.808,0.648
2026-08-04T16:31:13.342-07:00,54.312,ok,current_change,120.624,0.268,30.082,34.709,46.279,0.649
2026-08-04T16:31:16.360-07:00,57.330,ok,current_change,120.546,0.239,27.768,30.082,41.651,0.666
2026-08-04T16:31:18.376-07:00,59.346,ok,current_change,120.273,0.266,27.768,33.552,45.122,0.641
2026-08-04T16:31:19.382-07:00,60.352,ok,current_change,120.312,0.288,32.396,35.866,48.593,0.666
2026-08-04T16:31:21.395-07:00,62.365,ok,current_change,120.458,0.219,23.140,30.082,39.337,0.617
2026-08-04T16:31:23.411-07:00,64.381,ok,current_change,120.663,0.203,23.140,27.768,37.023,0.625
2026-08-04T16:31:24.418-07:00,65.388,ok,current_change,120.780,0.254,27.768,32.396,43.965,0.657
2026-08-04T16:31:26.430-07:00,67.400,ok,current_change,120.682,0.275,30.082,34.709,46.279,0.649
2026-08-04T16:31:27.440-07:00,68.410,ok,current_change,120.858,0.293,30.082,34.709,47.436,0.658
2026-08-04T16:31:29.452-07:00,70.422,ok,current_change,120.975,0.259,27.768,33.552,45.122,0.641
2026-08-04T16:31:32.470-07:00,73.440,ok,current_change,120.799,0.299,30.082,38.180,49.750,0.627
2026-08-04T16:31:34.483-07:00,75.453,ok,current_change,120.614,0.259,27.768,32.396,43.965,0.657
2026-08-04T16:31:37.501-07:00,78.471,ok,current_change|power_change|voltage_change,118.538,27.236,2806.840,2281.570,3617.885,0.775
2026-08-04T16:31:38.508-07:00,79.478,ok,current_change|power_change|voltage_change,120.516,1.928,256.850,72.890,269.577,0.957
2026-08-04T16:31:39.514-07:00,80.484,ok,current_change|power_change,120.234,2.116,284.618,72.890,293.874,0.968
2026-08-04T16:31:40.521-07:00,81.491,ok,current_change,120.400,2.284,307.757,75.204,317.013,0.971
2026-08-04T16:31:41.527-07:00,82.498,ok,current_change,120.448,2.364,317.013,90.245,330.897,0.961
2026-08-04T16:31:42.534-07:00,83.504,ok,current_change,120.487,2.438,328.583,77.518,337.839,0.972
2026-08-04T16:31:43.544-07:00,84.514,ok,current_change,120.516,2.471,330.897,87.931,343.624,0.966
2026-08-04T16:31:44.551-07:00,85.521,ok,current_change,120.526,2.534,340.153,79.832,350.566,0.973
2026-08-04T16:31:45.557-07:00,86.527,ok,current_change,120.516,2.589,347.095,85.617,357.508,0.971
2026-08-04T16:31:46.564-07:00,87.534,ok,current_change,120.507,2.612,351.723,80.989,360.979,0.974
2026-08-04T16:31:47.570-07:00,88.540,ok,current_change,120.361,2.676,358.665,80.989,369.077,0.975
2026-08-04T16:31:48.580-07:00,89.550,ok,current_change,120.478,2.737,365.607,87.931,377.176,0.972
2026-08-04T16:31:49.586-07:00,90.556,ok,current_change,120.429,2.853,381.804,89.088,393.374,0.973
2026-08-04T16:31:50.593-07:00,91.563,ok,current_change,120.361,2.902,388.746,84.460,400.316,0.974
2026-08-04T16:31:51.599-07:00,92.569,ok,current_change,120.546,2.947,395.688,85.617,406.101,0.977
2026-08-04T16:31:52.606-07:00,93.576,ok,current_change,120.604,2.973,398.002,91.402,409.572,0.974
2026-08-04T16:31:53.616-07:00,94.586,ok,current_change,120.565,3.000,402.630,86.774,413.043,0.978
2026-08-04T16:31:54.622-07:00,95.592,ok,current_change,120.565,2.975,398.002,91.402,409.572,0.974
2026-08-04T16:31:55.629-07:00,96.599,ok,current_change,120.585,2.940,393.374,90.245,404.944,0.974
2026-08-04T16:31:56.635-07:00,97.606,ok,current_change,120.516,2.958,395.688,91.402,407.258,0.974
2026-08-04T16:31:57.642-07:00,98.612,ok,current_change,120.643,2.917,391.060,90.245,396.845,0.974
2026-08-04T16:31:59.657-07:00,100.627,ok,current_change,120.624,2.877,384.118,94.873,396.845,0.971
2026-08-04T16:32:01.670-07:00,102.640,ok,current_change,120.487,2.813,377.176,83.303,387.589,0.976
2026-08-04T16:32:03.682-07:00,104.652,ok,current_change,120.370,2.835,379.490,83.303,389.903,0.976
2026-08-04T16:32:04.689-07:00,105.659,ok,current_change,120.195,2.783,372.548,83.303,382.961,0.976
2026-08-04T16:32:05.695-07:00,106.665,ok,current_change,120.497,2.801,374.862,89.088,386.432,0.973
2026-08-04T16:32:06.702-07:00,107.672,ok,current_change,120.380,2.909,388.746,94.873,400.316,0.971
2026-08-04T16:32:07.709-07:00,108.679,ok,current_change,120.478,2.828,379.490,83.303,387.589,0.973
2026-08-04T16:32:08.715-07:00,109.685,ok,current_change,120.526,2.844,381.804,84.460,392.217,0.976
2026-08-04T16:32:09.725-07:00,110.695,ok,current_change,120.526,2.824,379.490,89.088,387.589,0.976
2026-08-04T16:32:12.744-07:00,113.714,ok,current_change,120.526,2.938,393.374,90.245,395.688,0.974
2026-08-04T16:32:13.750-07:00,114.720,ok,current_change,120.487,2.833,379.490,93.716,391.060,0.970
2026-08-04T16:32:14.760-07:00,115.730,ok,current_change,120.478,2.873,384.118,94.873,399.159,0.971
2026-08-04T16:32:15.767-07:00,116.737,ok,current_change,120.448,2.895,388.746,90.245,399.159,0.974
2026-08-04T16:32:16.773-07:00,117.743,ok,current_change,120.292,2.853,381.804,84.460,392.217,0.976
2026-08-04T16:32:18.786-07:00,119.756,ok,current_change,120.273,2.875,384.118,89.088,395.688,0.974
2026-08-04T16:32:19.796-07:00,120.766,ok,current_change,120.419,2.922,391.060,84.460,400.316,0.977
2026-08-04T16:32:23.820-07:00,124.790,ok,current_change,120.370,2.906,388.746,90.245,400.316,0.974
2026-08-04T16:32:24.830-07:00,125.800,ok,current_change,120.292,2.980,398.002,91.402,408.415,0.974
2026-08-04T16:32:25.837-07:00,126.807,ok,current_change,120.331,2.955,395.688,90.245,406.101,0.974
2026-08-04T16:32:27.849-07:00,128.819,ok,current_change,120.497,2.975,398.002,96.030,409.572,0.972
2026-08-04T16:32:28.856-07:00,129.826,ok,current_change,120.555,3.045,407.258,97.187,418.828,0.972
2026-08-04T16:32:29.866-07:00,130.836,ok,current_change,120.604,2.987,402.630,97.187,415.357,0.972
2026-08-04T16:32:31.878-07:00,132.848,ok,current_change,120.624,3.036,404.944,97.187,417.671,0.972
2026-08-04T16:32:32.885-07:00,133.855,ok,current_change,120.614,2.973,398.002,96.030,409.572,0.972
2026-08-04T16:32:33.891-07:00,134.861,ok,current_change,120.516,3.027,404.944,97.187,416.514,0.972
2026-08-04T16:32:35.907-07:00,136.877,ok,current_change,120.526,3.009,402.630,97.187,414.200,0.972
2026-08-04T16:32:37.919-07:00,138.889,ok,current_change,120.653,3.025,404.944,97.187,416.514,0.972
2026-08-04T16:32:39.931-07:00,140.901,ok,current_change,120.409,3.005,400.316,96.030,418.828,0.972
2026-08-04T16:32:40.938-07:00,141.908,ok,current_change,120.380,3.038,404.944,97.187,417.671,0.972
2026-08-04T16:32:41.944-07:00,142.915,ok,current_change,120.507,3.002,400.316,96.030,413.043,0.972
2026-08-04T16:32:42.951-07:00,143.921,ok,current_change,120.682,3.056,400.316,96.030,411.886,0.972
2026-08-04T16:32:43.958-07:00,144.928,ok,current_change,120.546,2.986,398.002,96.030,410.729,0.972
2026-08-04T16:32:44.964-07:00,145.934,ok,current_change,120.526,3.033,404.944,97.187,417.671,0.972
2026-08-04T16:32:45.973-07:00,146.943,ok,current_change,120.624,3.013,404.944,91.402,415.357,0.975
2026-08-04T16:32:47.986-07:00,148.956,ok,current_change,120.653,3.082,414.200,92.559,424.613,0.975
2026-08-04T16:32:51.004-07:00,151.974,ok,current_change,120.419,3.112,416.514,93.716,428.084,0.976
2026-08-04T16:32:53.016-07:00,153.986,ok,current_change,120.633,3.080,414.200,92.559,433.869,0.976
2026-08-04T16:32:54.023-07:00,154.993,ok,current_change,120.604,3.123,418.828,93.716,430.398,0.976
2026-08-04T16:32:55.030-07:00,156.000,ok,current_change,120.624,3.092,414.200,92.559,425.770,0.975
2026-08-04T16:32:57.042-07:00,158.012,ok,current_change,120.390,3.118,416.514,98.344,428.084,0.973
2026-08-04T16:33:00.060-07:00,161.030,ok,current_change,120.214,3.096,414.200,92.559,424.613,0.975
2026-08-04T16:33:01.066-07:00,162.037,ok,current_change,120.419,3.120,418.828,93.716,429.241,0.976
2026-08-04T16:33:03.078-07:00,164.048,ok,current_change,120.380,3.163,421.142,104.128,435.026,0.971
2026-08-04T16:33:07.102-07:00,168.072,ok,current_change,120.263,3.194,428.084,94.873,438.496,0.976
2026-08-04T16:33:08.105-07:00,169.079,ok,current_change,120.253,3.239,432.712,94.873,444.281,0.977
2026-08-04T16:33:09.111-07:00,170.084,ok,current_change,120.302,3.292,437.339,105.285,451.223,0.972
2026-08-04T16:33:10.114-07:00,171.087,ok,current_change,120.575,3.216,430.398,94.873,441.967,0.976
2026-08-04T16:33:11.116-07:00,172.090,ok,current_change,120.409,3.185,425.770,99.501,437.339,0.973
2026-08-04T16:33:12.119-07:00,173.093,ok,current_change,120.380,3.167,430.398,94.873,441.967,0.976
2026-08-04T16:33:13.125-07:00,174.095,ok,current_change,120.322,3.196,428.084,94.873,438.496,0.976
2026-08-04T16:33:14.135-07:00,175.105,ok,current_change,120.361,3.248,432.712,100.657,445.438,0.974
2026-08-04T16:33:15.142-07:00,176.112,ok,current_change,120.546,3.179,425.770,93.716,437.339,0.976
2026-08-04T16:33:16.149-07:00,177.119,ok,current_change,120.497,3.203,428.084,99.501,440.810,0.974
2026-08-04T16:33:17.155-07:00,178.125,ok,current_change,120.370,3.221,432.712,89.088,438.496,0.976
2026-08-04T16:33:18.162-07:00,179.132,ok,current_change,120.390,3.254,432.712,105.285,446.595,0.971
2026-08-04T16:33:20.178-07:00,181.148,ok,current_change,120.497,3.234,432.712,94.873,444.281,0.977
2026-08-04T16:33:21.184-07:00,182.154,ok,current_change,120.536,3.277,439.653,90.245,450.066,0.979
2026-08-04T16:33:22.191-07:00,183.161,ok,current_change,120.604,3.239,437.339,100.657,448.909,0.974
2026-08-04T16:33:24.203-07:00,185.173,ok,current_change,120.575,3.274,439.653,96.030,450.066,0.977
2026-08-04T16:33:26.216-07:00,187.186,ok,current_change,120.448,3.313,441.967,101.814,454.694,0.974
2026-08-04T16:33:32.251-07:00,193.221,ok,current_change,120.380,3.294,439.653,106.442,452.380,0.972
2026-08-04T16:33:33.258-07:00,194.228,ok,current_change,120.458,3.315,444.281,96.030,454.694,0.977
2026-08-04T16:33:34.264-07:00,195.234,ok,current_change,120.312,3.346,446.595,101.814,459.322,0.975
2026-08-04T16:33:35.271-07:00,196.241,ok,current_change,120.400,3.321,441.967,106.442,455.851,0.972
2026-08-04T16:33:37.283-07:00,198.253,ok,current_change,120.507,3.342,448.909,97.187,459.322,0.977
2026-08-04T16:33:40.305-07:00,201.275,ok,current_change,120.507,3.388,453.537,102.971,465.107,0.975
2026-08-04T16:33:41.312-07:00,202.282,ok,current_change,120.429,3.337,446.595,96.030,459.322,0.975
2026-08-04T16:33:42.318-07:00,203.288,ok,current_change,120.419,3.362,451.223,97.187,461.636,0.977
2026-08-04T16:33:45.339-07:00,206.309,ok,current_change,120.439,3.417,455.851,107.599,468.578,0.973
2026-08-04T16:33:48.357-07:00,209.327,ok,current_change,120.536,3.438,460.479,102.971,472.049,0.975
2026-08-04T16:33:49.364-07:00,210.334,ok,current_change,120.439,3.393,453.537,97.187,465.107,0.978
2026-08-04T16:33:50.370-07:00,211.340,ok,current_change,120.458,3.437,458.165,108.756,472.049,0.973
2026-08-04T16:33:51.377-07:00,212.347,ok,current_change,120.487,3.400,455.851,97.187,466.264,0.978
2026-08-04T16:33:52.383-07:00,213.354,ok,current_change,120.458,3.467,462.793,108.756,478.991,0.973
2026-08-04T16:33:53.390-07:00,214.360,ok,current_change,120.400,3.484,465.107,104.128,477.834,0.976
2026-08-04T16:33:54.402-07:00,215.372,ok,current_change,120.468,3.520,469.735,109.913,482.462,0.973
2026-08-04T16:33:55.409-07:00,216.379,ok,current_change,120.594,3.500,467.421,104.128,480.148,0.976
2026-08-04T16:33:56.415-07:00,217.385,ok,current_change,120.643,3.533,469.735,114.541,484.776,0.971
2026-08-04T16:33:57.422-07:00,218.392,ok,current_change,120.575,3.495,467.421,104.128,480.148,0.976
2026-08-04T16:33:59.434-07:00,220.404,ok,current_change,120.565,3.540,474.363,105.285,485.933,0.976
2026-08-04T16:34:02.453-07:00,223.423,ok,current_change,120.468,3.565,476.677,109.913,492.875,0.976
2026-08-04T16:34:03.460-07:00,224.430,ok,current_change,120.390,3.591,476.677,115.698,491.718,0.972
2026-08-04T16:34:04.466-07:00,225.436,ok,current_change,120.341,3.612,483.619,105.285,495.189,0.977
2026-08-04T16:34:06.482-07:00,227.452,ok,current_change,120.575,3.569,476.677,105.285,489.404,0.976
2026-08-04T16:34:07.488-07:00,228.458,ok,current_change,120.594,3.591,478.991,111.070,490.561,0.976
2026-08-04T16:34:09.501-07:00,230.471,ok,current_change,120.643,3.625,485.933,106.442,497.503,0.977
2026-08-04T16:34:11.517-07:00,232.487,ok,current_change,120.487,3.652,485.933,116.855,500.974,0.972
2026-08-04T16:34:14.535-07:00,235.505,ok,current_change,120.400,3.669,488.247,112.227,502.131,0.975
2026-08-04T16:34:16.552-07:00,237.522,ok,current_change,120.409,3.712,495.189,107.599,507.915,0.977
2026-08-04T16:34:19.570-07:00,240.540,ok,current_change,120.526,3.685,492.875,112.227,505.601,0.975
2026-08-04T16:34:20.581-07:00,241.551,ok,current_change,120.585,3.703,495.189,107.599,507.915,0.977
2026-08-04T16:34:22.593-07:00,243.563,ok,current_change,120.497,3.687,492.875,112.227,505.601,0.975
2026-08-04T16:34:23.600-07:00,244.570,ok,current_change,120.497,3.726,497.503,107.599,510.229,0.977
2026-08-04T16:34:24.606-07:00,245.576,ok,current_change,120.390,3.708,497.503,107.599,509.072,0.977
2026-08-04T16:34:25.617-07:00,246.587,ok,current_change,120.409,3.730,497.503,112.227,510.229,0.975
2026-08-04T16:34:27.629-07:00,248.599,ok,current_change,120.370,3.755,502.131,107.599,513.700,0.977
2026-08-04T16:34:29.642-07:00,250.612,ok,current_change,120.400,3.712,495.189,107.599,507.915,0.977
2026-08-04T16:34:30.652-07:00,251.622,ok,current_change,120.439,3.736,497.503,118.012,511.386,0.973
2026-08-04T16:34:32.664-07:00,253.634,ok,current_change,120.409,3.786,506.758,108.756,518.328,0.978
2026-08-04T16:34:33.671-07:00,254.641,ok,current_change,120.478,3.768,502.131,113.384,516.014,0.975
2026-08-04T16:34:35.683-07:00,256.653,ok,current_change,120.536,3.748,499.817,113.384,513.700,0.975
2026-08-04T16:34:37.695-07:00,258.665,ok,current_change,120.429,3.824,511.386,108.756,522.956,0.978
2026-08-04T16:34:38.702-07:00,259.672,ok,current_change,120.419,3.799,506.758,113.384,520.642,0.975
2026-08-04T16:34:39.708-07:00,260.678,ok,current_change,120.507,3.755,502.131,113.384,514.857,0.975
2026-08-04T16:34:40.715-07:00,261.685,ok,current_change,120.468,3.728,497.503,112.227,510.229,0.975
2026-08-04T16:34:41.725-07:00,262.695,ok,current_change,120.361,3.766,504.444,119.169,519.485,0.973
2026-08-04T16:34:43.737-07:00,264.707,ok,current_change,120.478,3.750,502.131,107.599,513.700,0.977
2026-08-04T16:34:46.756-07:00,267.726,ok,current_change,120.439,3.790,504.444,123.797,519.485,0.971
2026-08-04T16:34:49.774-07:00,270.744,ok,current_change,120.516,3.821,511.386,108.756,525.270,0.978
2026-08-04T16:34:50.780-07:00,271.750,ok,current_change,120.497,3.839,513.700,108.756,525.270,0.978
2026-08-04T16:34:52.793-07:00,273.763,ok,current_change,120.507,3.862,506.758,113.384,520.642,0.975
2026-08-04T16:34:55.815-07:00,276.785,ok,current_change,120.361,3.882,518.328,114.541,531.055,0.976
2026-08-04T16:34:56.822-07:00,277.792,ok,current_change,120.507,3.841,513.700,114.541,526.427,0.976
2026-08-04T16:34:57.828-07:00,278.798,ok,current_change,120.390,3.864,516.014,114.541,528.741,0.976
2026-08-04T16:34:59.845-07:00,280.815,ok,current_change,120.497,3.884,518.328,114.541,532.212,0.976
2026-08-04T16:35:00.851-07:00,281.821,ok,current_change,120.478,3.855,513.700,114.541,527.584,0.976
2026-08-04T16:35:01.858-07:00,282.828,ok,current_change,120.439,3.877,516.014,120.326,525.270,0.978
2026-08-04T16:35:02.864-07:00,283.834,ok,current_change,120.497,3.899,520.642,115.698,533.369,0.976
2026-08-04T16:35:03.874-07:00,284.844,ok,current_change,120.487,3.882,518.328,109.913,536.840,0.976
2026-08-04T16:35:04.881-07:00,285.851,ok,current_change,120.370,3.915,522.956,115.698,535.683,0.976
2026-08-04T16:35:05.887-07:00,286.857,ok,current_change,120.419,3.890,520.642,109.913,532.212,0.978
2026-08-04T16:35:06.894-07:00,287.864,ok,current_change,120.526,3.976,525.270,115.698,539.154,0.976
2026-08-04T16:35:07.897-07:00,288.871,ok,current_change,120.565,3.906,522.956,109.913,534.526,0.978
2026-08-04T16:35:08.903-07:00,289.876,ok,current_change,120.585,3.967,529.898,116.855,543.782,0.977
2026-08-04T16:35:09.906-07:00,290.879,ok,current_change,120.448,3.947,527.584,115.698,540.311,0.976
2026-08-04T16:35:10.908-07:00,291.882,ok,current_change,120.487,4.011,534.526,116.855,548.410,0.975
2026-08-04T16:35:11.911-07:00,292.885,ok,current_change,120.633,3.966,529.898,121.483,543.782,0.974
2026-08-04T16:35:12.917-07:00,293.887,ok,current_change,120.516,3.995,532.212,121.483,547.253,0.975
2026-08-04T16:35:13.927-07:00,294.897,ok,current_change,120.507,3.946,527.584,115.698,544.939,0.977
2026-08-04T16:35:14.934-07:00,295.904,ok,current_change,120.614,3.971,529.898,116.855,543.782,0.977
2026-08-04T16:35:16.946-07:00,297.916,ok,current_change,120.604,3.955,532.212,116.855,546.096,0.977
2026-08-04T16:35:18.959-07:00,299.929,ok,current_change,120.663,3.984,532.212,116.855,546.096,0.977
2026-08-04T16:35:20.971-07:00,301.941,ok,current_change,120.448,4.011,534.526,116.855,548.410,0.977
2026-08-04T16:35:21.978-07:00,302.948,ok,current_change,120.507,4.062,539.154,127.268,555.352,0.973
2026-08-04T16:35:22.984-07:00,303.954,ok,current_change,120.624,4.025,536.840,127.268,551.881,0.973
2026-08-04T16:35:23.991-07:00,304.961,ok,current_change,120.341,4.051,539.154,122.640,553.038,0.975
2026-08-04T16:35:26.015-07:00,306.985,ok,current_change,120.448,4.091,543.782,122.640,557.666,0.975
2026-08-04T16:35:27.022-07:00,307.992,ok,current_change,120.594,4.073,543.782,118.012,557.666,0.977
2026-08-04T16:35:28.028-07:00,308.998,ok,current_change,120.497,4.013,534.526,122.640,549.567,0.975
2026-08-04T16:35:29.035-07:00,310.005,ok,current_change,120.516,4.042,550.724,118.012,563.451,0.977
2026-08-04T16:35:31.051-07:00,312.021,ok,current_change,120.633,4.071,546.096,128.425,561.137,0.973
2026-08-04T16:35:32.057-07:00,313.027,ok,current_change,120.614,4.103,548.410,123.797,562.294,0.975
2026-08-04T16:35:35.075-07:00,316.045,ok,current_change,120.594,4.067,543.782,118.012,556.509,0.977
2026-08-04T16:35:36.082-07:00,317.052,ok,current_change,120.575,4.134,550.724,123.797,565.765,0.975
2026-08-04T16:35:37.088-07:00,318.058,ok,current_change,120.604,4.091,546.096,123.797,559.980,0.975
2026-08-04T16:35:38.095-07:00,319.065,ok,current_change,120.672,4.181,557.666,124.954,572.706,0.976
2026-08-04T16:35:39.101-07:00,320.072,ok,current_change,120.624,4.098,546.096,123.797,561.137,0.975
2026-08-04T16:35:40.108-07:00,321.078,ok,current_change,120.575,4.138,553.038,119.169,565.765,0.977
2026-08-04T16:35:42.124-07:00,323.094,ok,current_change,120.341,4.154,553.038,119.169,566.922,0.978
2026-08-04T16:35:44.136-07:00,325.106,ok,current_change,120.205,4.129,550.724,118.012,563.451,0.977
2026-08-04T16:35:45.143-07:00,326.113,ok,current_change,120.029,4.165,553.038,129.582,568.079,0.973
2026-08-04T16:35:47.158-07:00,328.128,ok,current_change,120.253,4.143,550.724,123.797,565.765,0.975
2026-08-04T16:35:48.165-07:00,329.135,ok,current_change,120.546,4.163,555.352,119.169,569.235,0.978
2026-08-04T16:35:49.171-07:00,330.141,ok,current_change,120.516,4.190,557.666,124.954,572.706,0.976
2026-08-04T16:35:50.178-07:00,331.148,ok,current_change,120.439,4.121,548.410,123.797,563.451,0.975
2026-08-04T16:35:51.188-07:00,332.158,ok,current_change,120.507,4.149,553.038,123.797,566.922,0.975
2026-08-04T16:35:54.206-07:00,335.176,ok,current_change,120.195,4.172,553.038,129.582,569.235,0.973
2026-08-04T16:35:55.212-07:00,336.182,ok,current_change,120.068,4.129,548.410,123.797,563.451,0.975
2026-08-04T16:35:56.225-07:00,337.195,ok,current_change,119.932,4.154,553.038,119.169,565.765,0.977
2026-08-04T16:35:58.238-07:00,339.208,ok,current_change,120.312,4.187,555.352,129.582,571.549,0.974
2026-08-04T16:35:59.244-07:00,340.214,ok,current_change,120.244,4.217,562.294,119.169,575.020,0.978
2026-08-04T16:36:00.251-07:00,341.221,ok,current_change,120.136,4.165,559.980,119.169,572.706,0.978
2026-08-04T16:36:01.257-07:00,342.227,ok,current_change,120.127,4.140,550.724,123.797,564.608,0.975
2026-08-04T16:36:02.264-07:00,343.234,ok,current_change,120.380,4.167,553.038,129.582,569.235,0.973
2026-08-04T16:36:03.270-07:00,344.240,ok,current_change,120.283,4.217,562.294,124.954,576.177,0.976
2026-08-04T16:36:05.283-07:00,346.253,ok,current_change,120.468,4.236,562.294,130.739,578.491,0.974
2026-08-04T16:36:06.290-07:00,347.260,ok,current_change,120.088,4.252,564.608,124.954,579.648,0.976
2026-08-04T16:36:07.297-07:00,348.267,ok,current_change,120.244,4.198,559.980,119.169,572.706,0.978
2026-08-04T16:36:08.304-07:00,349.274,ok,current_change,120.263,4.246,559.980,135.367,576.177,0.972
2026-08-04T16:36:09.310-07:00,350.280,ok,current_change,120.380,4.158,555.352,119.169,568.079,0.978
2026-08-04T16:36:10.317-07:00,351.287,ok,current_change,120.224,4.217,562.294,119.169,575.020,0.978
2026-08-04T16:36:12.330-07:00,353.300,ok,current_change,120.195,4.170,553.038,129.582,569.235,0.973
2026-08-04T16:36:13.337-07:00,354.307,ok,current_change,120.409,4.199,559.980,124.954,570.392,0.976
2026-08-04T16:36:15.349-07:00,356.319,ok,current_change,120.331,4.234,562.294,135.367,578.491,0.972
2026-08-04T16:36:16.358-07:00,357.328,ok,current_change,120.526,4.216,559.980,129.582,575.020,0.974
2026-08-04T16:36:21.388-07:00,362.358,ok,current_change,120.448,4.198,559.980,124.954,573.863,0.976
2026-08-04T16:36:23.400-07:00,364.370,ok,current_change,120.526,4.237,564.608,124.954,579.648,0.976
2026-08-04T16:36:24.406-07:00,365.376,ok,current_change,120.478,4.194,559.980,124.954,573.863,0.976
2026-08-04T16:36:25.413-07:00,366.383,ok,current_change,120.351,4.261,566.922,130.739,581.962,0.974
2026-08-04T16:36:27.425-07:00,368.395,ok,current_change,120.604,4.199,559.980,124.954,577.334,0.976
2026-08-04T16:36:28.432-07:00,369.402,ok,current_change,120.546,4.239,564.608,130.739,579.648,0.974
2026-08-04T16:36:31.450-07:00,372.420,ok,current_change,120.478,4.257,566.922,130.739,581.962,0.974
2026-08-04T16:36:32.457-07:00,373.427,ok,current_change,120.507,4.274,571.549,120.326,584.276,0.978
2026-08-04T16:36:33.465-07:00,374.435,ok,current_change,120.370,4.252,564.608,135.367,580.805,0.972
2026-08-04T16:36:34.472-07:00,375.442,ok,current_change,120.526,4.279,571.549,126.111,585.433,0.976
2026-08-04T16:36:37.490-07:00,378.460,ok,current_change,120.409,4.351,578.491,131.896,594.689,0.975
2026-08-04T16:36:39.504-07:00,380.474,ok,current_change,120.526,4.252,566.922,126.111,581.962,0.976
2026-08-04T16:36:41.516-07:00,382.486,ok,current_change,120.419,4.317,573.863,131.896,590.061,0.974
2026-08-04T16:36:42.522-07:00,383.492,ok,current_change,120.526,4.266,569.235,120.326,583.119,0.978
2026-08-04T16:36:43.531-07:00,384.501,ok,current_change,120.448,4.292,571.549,126.111,586.590,0.976
2026-08-04T16:36:49.567-07:00,390.537,ok,current_change,120.341,4.265,566.922,126.111,581.962,0.976
2026-08-04T16:36:50.573-07:00,391.543,ok,current_change,120.458,4.303,573.863,121.483,587.747,0.978
2026-08-04T16:36:54.597-07:00,395.567,ok,current_change,120.575,4.370,583.119,127.268,597.003,0.977
2026-08-04T16:36:55.612-07:00,396.582,ok,current_change,120.516,4.312,576.177,121.483,588.904,0.978
2026-08-04T16:36:57.624-07:00,398.595,ok,current_change,120.643,4.277,571.549,126.111,585.433,0.976
2026-08-04T16:36:58.631-07:00,399.601,ok,current_change,120.614,4.353,578.491,137.681,595.846,0.973
2026-08-04T16:36:59.638-07:00,400.608,ok,current_change,120.682,4.304,578.491,121.483,591.218,0.978
2026-08-04T16:37:01.651-07:00,402.621,ok,current_change,120.614,4.323,576.177,127.268,591.218,0.976
2026-08-04T16:37:03.664-07:00,404.634,ok,current_change,120.575,4.306,573.863,126.111,588.904,0.976
2026-08-04T16:37:05.676-07:00,406.646,ok,current_change,120.555,4.332,576.177,131.896,592.375,0.975
2026-08-04T16:37:06.683-07:00,407.653,ok,current_change,120.458,4.312,576.177,121.483,588.904,0.978
2026-08-04T16:37:07.689-07:00,408.659,ok,current_change,120.458,4.333,576.177,136.524,592.375,0.973
2026-08-04T16:37:09.695-07:00,410.668,ok,current_change,120.575,4.371,580.805,137.681,598.160,0.973
2026-08-04T16:37:10.697-07:00,411.671,ok,current_change,120.604,4.328,578.491,127.268,592.375,0.977
2026-08-04T16:37:13.710-07:00,414.680,ok,current_change,120.526,4.344,578.491,127.268,593.532,0.977
2026-08-04T16:37:14.717-07:00,415.687,ok,current_change,120.536,4.380,585.433,127.268,599.317,0.977
2026-08-04T16:37:15.723-07:00,416.693,ok,current_change,120.448,4.350,578.491,131.896,594.689,0.975
2026-08-04T16:37:16.731-07:00,417.701,ok,current_change,120.565,4.375,583.119,127.268,598.160,0.977
2026-08-04T16:37:17.738-07:00,418.708,ok,current_change,120.361,4.357,587.747,128.425,601.631,0.977
2026-08-04T16:37:20.756-07:00,421.726,ok,current_change,120.400,4.386,583.119,133.053,599.317,0.975
2026-08-04T16:37:22.770-07:00,423.740,ok,current_change,120.468,4.406,583.119,127.268,598.160,0.977
2026-08-04T16:37:23.777-07:00,424.747,ok,current_change,120.419,4.382,580.805,137.681,598.160,0.973
2026-08-04T16:37:24.783-07:00,425.753,ok,current_change,120.497,4.411,587.747,128.425,602.788,0.977
2026-08-04T16:37:28.807-07:00,429.777,ok,current_change,120.458,4.384,585.433,127.268,599.317,0.977
2026-08-04T16:37:29.814-07:00,430.784,ok,current_change,120.468,4.417,587.747,128.425,602.788,0.977
2026-08-04T16:37:30.820-07:00,431.790,ok,current_change,120.497,4.386,585.433,127.268,601.631,0.977
2026-08-04T16:37:31.827-07:00,432.797,ok,current_change,120.585,4.402,587.747,128.425,601.631,0.977
2026-08-04T16:37:32.834-07:00,433.804,ok,current_change,120.594,4.353,580.805,131.896,595.846,0.975
2026-08-04T16:37:33.840-07:00,434.810,ok,current_change,120.409,4.395,585.433,133.053,600.474,0.975
2026-08-04T16:37:34.848-07:00,435.818,ok,current_change,120.390,4.413,585.433,137.681,602.788,0.973
2026-08-04T16:37:35.854-07:00,436.824,ok,current_change,120.419,4.388,585.433,127.268,601.631,0.979
2026-08-04T16:37:36.861-07:00,437.831,ok,current_change,120.468,4.426,587.747,138.838,605.102,0.973
2026-08-04T16:37:37.867-07:00,438.837,ok,current_change,120.497,4.462,594.689,134.210,609.730,0.975
2026-08-04T16:37:38.874-07:00,439.844,ok,current_change,120.526,4.400,585.433,133.053,601.631,0.975
2026-08-04T16:37:40.888-07:00,441.858,ok,current_change,120.429,4.426,590.061,128.425,603.945,0.977
2026-08-04T16:37:41.894-07:00,442.864,ok,current_change,120.594,4.380,583.119,133.053,599.317,0.975
2026-08-04T16:37:43.907-07:00,444.877,ok,current_change,120.478,4.413,587.747,133.053,605.102,0.973
2026-08-04T16:37:44.915-07:00,445.885,ok,current_change,120.439,4.397,585.433,127.268,600.474,0.977
2026-08-04T16:37:45.922-07:00,446.892,ok,current_change,120.565,4.429,587.747,138.838,605.102,0.973
2026-08-04T16:37:46.928-07:00,447.898,ok,current_change,120.594,4.380,585.433,127.268,599.317,0.977
2026-08-04T16:37:47.935-07:00,448.905,ok,current_change,120.643,4.415,587.747,138.838,603.945,0.973
2026-08-04T16:37:52.965-07:00,453.935,ok,current_change,120.546,4.379,583.119,133.053,598.160,0.975
2026-08-04T16:37:53.971-07:00,454.941,ok,current_change,120.448,4.353,580.805,127.268,594.689,0.977
2026-08-04T16:37:54.978-07:00,455.948,ok,current_change,120.380,4.395,583.119,142.309,599.317,0.973
2026-08-04T16:37:56.990-07:00,457.960,ok,current_change,120.458,4.458,592.375,134.210,608.573,0.975
2026-08-04T16:37:57.999-07:00,458.969,ok,current_change,120.643,4.426,590.061,128.425,605.102,0.977
2026-08-04T16:38:00.011-07:00,460.981,ok,current_change,120.653,4.406,587.747,128.425,602.788,0.977
2026-08-04T16:38:01.019-07:00,461.988,ok,current_change,120.604,4.437,590.061,133.053,606.259,0.975
2026-08-04T16:38:02.025-07:00,462.995,ok,current_change,120.536,4.455,592.375,138.838,608.573,0.973
2026-08-04T16:38:03.033-07:00,464.003,ok,current_change,120.536,4.413,590.061,128.425,603.945,0.977
2026-08-04T16:38:04.040-07:00,465.010,ok,current_change,120.585,4.429,590.061,133.053,605.102,0.975
2026-08-04T16:38:05.046-07:00,466.016,ok,current_change,120.497,4.393,585.433,127.268,600.474,0.977
2026-08-04T16:38:06.053-07:00,467.023,ok,current_change,120.516,4.424,587.747,133.053,603.945,0.975
2026-08-04T16:38:09.064-07:00,470.038,ok,current_change,120.575,4.406,587.747,133.053,603.945,0.973
2026-08-04T16:38:15.089-07:00,476.059,ok,current_change,120.702,4.440,592.375,128.425,607.416,0.977
2026-08-04T16:38:19.113-07:00,480.083,ok,current_change,120.604,4.397,587.747,128.425,601.631,0.977
2026-08-04T16:38:20.120-07:00,481.090,ok,current_change,120.604,4.422,590.061,133.053,605.102,0.975
2026-08-04T16:38:24.145-07:00,485.115,ok,current_change,120.614,4.406,587.747,133.053,602.788,0.975
2026-08-04T16:38:25.151-07:00,486.121,ok,current_change,120.653,4.428,590.061,138.838,607.416,0.973
2026-08-04T16:38:27.165-07:00,488.135,ok,current_change,120.516,4.391,585.433,133.053,600.474,0.975
2026-08-04T16:38:30.183-07:00,491.153,ok,current_change,120.546,4.411,585.433,137.681,606.259,0.973
2026-08-04T16:38:36.220-07:00,497.190,ok,current_change,120.672,4.438,592.375,128.425,607.416,0.977
2026-08-04T16:38:37.227-07:00,498.196,ok,current_change,120.487,4.478,594.689,144.623,612.044,0.971
2026-08-04T16:38:38.233-07:00,499.203,ok,current_change,120.643,4.440,592.375,128.425,608.573,0.977
2026-08-04T16:38:41.251-07:00,502.221,ok,current_change,120.468,4.397,587.747,128.425,601.631,0.977
2026-08-04T16:38:42.260-07:00,503.230,ok,current_change,120.585,4.420,587.747,133.053,603.945,0.975
2026-08-04T16:38:43.266-07:00,504.236,ok,current_change,120.585,4.446,592.375,128.425,601.631,0.975
2026-08-04T16:38:45.278-07:00,506.248,ok,current_change,120.361,4.411,587.747,122.640,601.631,0.979
2026-08-04T16:38:49.303-07:00,510.273,ok,current_change,120.487,4.435,590.061,138.838,606.259,0.973
2026-08-04T16:38:50.310-07:00,511.280,ok,current_change,120.604,4.391,587.747,122.640,600.474,0.979
2026-08-04T16:38:51.316-07:00,512.286,ok,current_change,120.555,4.419,587.747,128.425,602.788,0.977
2026-08-04T16:38:52.323-07:00,513.293,ok,current_change,120.614,4.384,585.433,127.268,599.317,0.977
2026-08-04T16:38:53.329-07:00,514.300,ok,current_change,120.448,4.419,587.747,133.053,603.945,0.975
2026-08-04T16:38:55.347-07:00,516.317,ok,current_change,120.604,4.448,594.689,128.425,608.573,0.977
2026-08-04T16:38:56.353-07:00,517.323,ok,current_change,120.478,4.428,590.061,128.425,605.102,0.977
2026-08-04T16:38:57.360-07:00,518.330,ok,current_change,120.585,4.406,587.747,133.053,602.788,0.975
2026-08-04T16:38:59.372-07:00,520.342,ok,current_change,120.546,4.444,590.061,138.838,607.416,0.973
2026-08-04T16:39:00.379-07:00,521.349,ok,current_change,120.400,4.413,587.747,128.425,602.788,0.977
2026-08-04T16:39:01.385-07:00,522.355,ok,current_change,120.478,4.437,592.375,128.425,606.259,0.977
2026-08-04T16:39:02.392-07:00,523.362,ok,current_change,120.409,4.413,587.747,128.425,602.788,0.977
2026-08-04T16:39:03.398-07:00,524.368,ok,current_change,120.468,4.395,585.433,133.053,600.474,0.975
2026-08-04T16:39:04.405-07:00,525.375,ok,current_change,120.478,4.437,590.061,138.838,606.259,0.973
2026-08-04T16:39:06.418-07:00,527.388,ok,current_change,120.478,4.406,587.747,128.425,601.631,0.977
2026-08-04T16:39:08.431-07:00,529.401,ok,current_change,120.516,4.422,590.061,128.425,603.945,0.977
2026-08-04T16:39:09.437-07:00,530.407,ok,current_change,120.341,4.455,590.061,138.838,607.416,0.973
2026-08-04T16:39:10.445-07:00,531.415,ok,current_change,120.341,4.419,590.061,122.640,602.788,0.979
2026-08-04T16:39:12.457-07:00,533.428,ok,current_change,120.429,4.402,587.747,128.425,601.631,0.977
2026-08-04T16:39:14.470-07:00,535.440,ok,current_change,120.516,4.438,590.061,138.838,606.259,0.973
2026-08-04T16:39:15.478-07:00,536.448,ok,current_change,120.682,4.404,587.747,128.425,602.788,0.977
2026-08-04T16:39:17.490-07:00,538.460,ok,current_change,120.565,4.388,585.433,122.640,599.317,0.979
2026-08-04T16:39:18.497-07:00,539.467,ok,current_change,120.614,4.429,590.061,128.425,605.102,0.977
2026-08-04T16:39:19.503-07:00,540.473,ok,current_change,120.526,4.404,585.433,137.681,601.631,0.973
2026-08-04T16:39:25.541-07:00,546.511,ok,current_change,120.497,4.386,585.433,127.268,599.317,0.977
2026-08-04T16:39:34.594-07:00,555.564,ok,current_change,120.507,4.366,580.805,133.053,597.003,0.975
2026-08-04T16:39:41.636-07:00,562.606,ok,current_change,120.448,4.348,578.491,127.268,593.532,0.977
2026-08-04T16:39:42.642-07:00,563.612,ok,current_change,120.575,4.323,576.177,127.268,591.218,0.976
2026-08-04T16:39:44.655-07:00,565.625,ok,current_change,120.594,4.346,580.805,127.268,594.689,0.977
2026-08-04T16:39:51.696-07:00,572.666,ok,current_change,120.253,4.380,583.119,127.268,597.003,0.975
2026-08-04T16:39:52.703-07:00,573.673,ok,current_change,120.331,4.409,585.433,137.681,601.631,0.973
2026-08-04T16:39:54.715-07:00,575.685,ok,current_change,120.594,4.437,590.061,128.425,605.102,0.977
2026-08-04T16:39:56.728-07:00,577.698,ok,current_change,120.526,4.471,597.003,128.425,610.887,0.977
2026-08-04T16:39:58.743-07:00,579.713,ok,current_change,120.429,4.495,597.003,134.210,613.201,0.975
2026-08-04T16:40:01.761-07:00,582.731,ok,current_change,120.400,4.520,601.631,135.367,615.515,0.975
2026-08-04T16:40:02.768-07:00,583.738,ok,current_change,120.263,4.495,597.003,134.210,613.201,0.975
2026-08-04T16:40:04.780-07:00,585.750,ok,current_change,120.448,4.515,601.631,135.367,616.672,0.976
2026-08-04T16:40:05.787-07:00,586.757,ok,current_change,120.341,4.542,601.631,139.995,618.986,0.974
2026-08-04T16:40:07.799-07:00,588.769,ok,current_change,120.419,4.520,601.631,129.582,616.672,0.977
2026-08-04T16:40:08.804-07:00,589.778,ok,current_change,120.468,4.500,599.317,129.582,614.358,0.977
2026-08-04T16:40:09.807-07:00,590.781,ok,current_change,120.419,4.516,599.317,139.995,616.672,0.974
2026-08-04T16:40:10.810-07:00,591.783,ok,current_change,120.341,4.480,597.003,128.425,610.887,0.977
2026-08-04T16:40:11.813-07:00,592.786,ok,current_change,120.361,4.505,599.317,129.582,614.358,0.977
2026-08-04T16:40:12.815-07:00,593.789,ok,current_change,120.448,4.529,601.631,135.367,617.829,0.976
2026-08-04T16:40:15.833-07:00,596.803,ok,current_change,120.419,4.513,601.631,129.582,615.515,0.977
2026-08-04T16:40:17.846-07:00,598.816,ok,current_change,120.419,4.484,597.003,134.210,612.044,0.975
2026-08-04T16:40:21.871-07:00,602.841,ok,current_change,120.312,4.442,592.375,128.425,606.259,0.977
2026-08-04T16:40:23.884-07:00,604.854,ok,current_change,120.322,4.462,592.375,134.210,608.573,0.975
2026-08-04T16:40:25.898-07:00,606.868,ok,current_change,120.409,4.438,590.061,133.053,606.259,0.975
2026-08-04T16:40:26.905-07:00,607.875,ok,current_change,120.419,4.469,592.375,138.838,609.730,0.973
2026-08-04T16:40:27.911-07:00,608.881,ok,current_change,120.419,4.437,592.375,128.425,606.259,0.977
2026-08-04T16:40:28.918-07:00,609.888,ok,current_change,120.497,4.413,587.747,128.425,602.788,0.977
2026-08-04T16:40:29.926-07:00,610.896,ok,current_change,120.273,4.438,590.061,133.053,605.102,0.975
2026-08-04T16:40:31.938-07:00,612.908,ok,current_change,120.526,4.417,587.747,133.053,603.945,0.975
2026-08-04T16:40:32.945-07:00,613.915,ok,current_change,120.400,4.437,590.061,138.838,606.259,0.973
2026-08-04T16:40:33.951-07:00,614.921,ok,current_change,120.400,4.415,587.747,128.425,602.788,0.977
2026-08-04T16:40:35.965-07:00,616.935,ok,current_change,120.526,4.440,590.061,133.053,606.259,0.975
2026-08-04T16:40:36.971-07:00,617.941,ok,current_change,120.536,4.406,587.747,122.640,602.788,0.977
2026-08-04T16:40:37.978-07:00,618.948,ok,current_change,120.516,4.442,592.375,134.210,607.416,0.975
2026-08-04T16:40:42.002-07:00,622.972,ok,current_change,120.429,4.420,587.747,138.838,603.945,0.973
2026-08-04T16:40:44.014-07:00,624.984,ok,current_change,120.575,4.437,590.061,133.053,606.259,0.975
2026-08-04T16:40:46.027-07:00,626.997,ok,current_change,120.516,4.415,590.061,122.640,602.788,0.979
2026-08-04T16:40:47.033-07:00,628.003,ok,current_change,120.507,4.446,592.375,128.425,607.416,0.977
2026-08-04T16:40:51.059-07:00,632.029,ok,current_change,120.429,4.482,594.689,138.838,612.044,0.973
2026-08-04T16:40:52.065-07:00,633.035,ok,current_change,120.448,4.460,594.689,123.797,608.573,0.979
2026-08-04T16:40:53.073-07:00,634.044,ok,current_change,120.448,4.442,592.375,128.425,606.259,0.977
2026-08-04T16:40:54.080-07:00,635.050,ok,current_change,120.400,4.475,594.689,138.838,610.887,0.973
2026-08-04T16:40:55.087-07:00,636.057,ok,current_change,120.458,4.455,590.061,128.425,605.102,0.977
2026-08-04T16:40:59.111-07:00,640.081,ok,current_change,120.400,4.471,597.003,123.797,609.730,0.979
2026-08-04T16:41:01.122-07:00,642.093,ok,current_change,120.487,4.446,592.375,134.210,607.416,0.975
2026-08-04T16:41:02.128-07:00,643.098,ok,current_change,120.643,4.473,597.003,134.210,612.044,0.975
2026-08-04T16:41:03.134-07:00,644.104,ok,current_change,120.507,4.451,594.689,134.210,609.730,0.975
2026-08-04T16:41:06.153-07:00,647.123,ok,current_change,120.585,4.478,597.003,129.582,612.044,0.977
2026-08-04T16:41:08.162-07:00,649.135,ok,current_change,120.614,4.455,594.689,123.797,608.573,0.979
2026-08-04T16:41:12.172-07:00,653.145,ok,current_change,120.516,4.482,597.003,129.582,612.044,0.977
2026-08-04T16:41:15.189-07:00,656.160,ok,current_change,120.653,4.460,594.689,128.425,609.730,0.977
2026-08-04T16:41:17.202-07:00,658.172,ok,current_change,120.526,4.498,597.003,139.995,614.358,0.974
2026-08-04T16:41:18.210-07:00,659.180,ok,current_change,120.624,4.446,594.689,122.640,610.887,0.979
2026-08-04T16:41:20.223-07:00,661.193,ok,current_change,120.507,4.473,594.689,134.210,610.887,0.975
2026-08-04T16:41:24.247-07:00,665.217,ok,current_change,120.624,4.513,599.317,139.995,616.672,0.974
2026-08-04T16:41:25.253-07:00,666.223,ok,current_change,120.614,4.475,597.003,129.582,612.044,0.977
2026-08-04T16:41:27.265-07:00,668.236,ok,current_change,120.594,4.504,599.317,134.210,615.515,0.975
2026-08-04T16:41:28.272-07:00,669.242,ok,current_change,120.546,4.486,599.317,129.582,613.201,0.977
2026-08-04T16:41:29.279-07:00,670.249,ok,current_change,120.604,4.453,594.689,128.425,608.573,0.977
2026-08-04T16:41:30.287-07:00,671.257,ok,current_change,120.604,4.473,597.003,134.210,612.044,0.975
2026-08-04T16:41:37.329-07:00,678.299,ok,current_change,120.643,4.565,608.573,135.367,623.614,0.976
2026-08-04T16:41:38.335-07:00,679.305,ok,current_change,120.624,4.509,599.317,139.995,616.672,0.974
2026-08-04T16:41:39.342-07:00,680.312,ok,current_change,120.633,4.482,597.003,134.210,613.201,0.975
2026-08-04T16:41:41.354-07:00,682.324,ok,current_change,120.468,4.458,594.689,128.425,612.044,0.979
2026-08-04T16:41:42.361-07:00,683.331,ok,current_change,120.536,4.495,597.003,139.995,614.358,0.974
2026-08-04T16:41:43.369-07:00,684.339,ok,current_change,120.692,4.473,597.003,129.582,612.044,0.977
2026-08-04T16:41:45.381-07:00,686.351,ok,current_change,120.692,4.493,599.317,134.210,614.358,0.975
2026-08-04T16:41:47.393-07:00,688.363,ok,current_change,120.594,4.476,597.003,129.582,612.044,0.977
2026-08-04T16:41:49.407-07:00,690.377,ok,current_change,120.643,4.498,599.317,134.210,615.515,0.975
2026-08-04T16:41:53.431-07:00,694.401,ok,current_change,120.507,4.525,601.631,135.367,617.829,0.976
2026-08-04T16:41:56.449-07:00,697.419,ok,current_change,120.439,4.486,597.003,129.582,616.672,0.977
2026-08-04T16:41:57.456-07:00,698.426,ok,current_change,120.439,4.518,601.631,135.367,616.672,0.976
2026-08-04T16:41:58.462-07:00,699.432,ok,current_change,120.487,4.500,599.317,134.210,614.358,0.975
2026-08-04T16:42:01.483-07:00,702.453,ok,current_change,120.351,4.518,601.631,135.367,616.672,0.976
2026-08-04T16:42:03.495-07:00,704.465,ok,current_change,120.458,4.545,606.259,129.582,617.829,0.976
2026-08-04T16:42:04.504-07:00,705.474,ok,current_change,120.516,4.509,601.631,123.797,615.515,0.979
2026-08-04T16:42:06.516-07:00,707.486,ok,current_change,120.565,4.540,606.259,129.582,620.143,0.978
2026-08-04T16:42:08.525-07:00,709.498,ok,current_change,120.604,4.505,601.631,129.582,615.515,0.977
2026-08-04T16:42:09.528-07:00,710.501,ok,current_change,120.390,4.527,603.945,129.582,617.829,0.977
2026-08-04T16:42:11.533-07:00,712.506,ok,current_change,120.594,4.549,603.945,139.995,621.300,0.974
2026-08-04T16:42:12.536-07:00,713.509,ok,current_change,120.448,4.531,603.945,135.367,618.986,0.976
2026-08-04T16:42:15.553-07:00,716.523,ok,current_change,120.565,4.549,606.259,129.582,621.300,0.978
2026-08-04T16:42:22.595-07:00,723.565,ok,current_change,120.497,4.525,603.945,129.582,617.829,0.977
2026-08-04T16:42:26.619-07:00,727.589,ok,current_change,120.400,4.556,603.945,139.995,621.300,0.974
2026-08-04T16:42:27.626-07:00,728.596,ok,current_change,120.419,4.534,603.945,129.582,618.986,0.978
2026-08-04T16:42:30.645-07:00,731.615,ok,current_change,120.439,4.562,606.259,135.367,622.457,0.976
2026-08-04T16:42:32.657-07:00,733.627,ok,current_change,120.478,4.582,608.573,141.152,625.928,0.974
2026-08-04T16:42:33.666-07:00,734.636,ok,current_change,120.361,4.549,606.259,124.954,620.143,0.979
2026-08-04T16:42:34.672-07:00,735.642,ok,current_change,120.439,4.524,603.945,129.582,618.986,0.978
2026-08-04T16:42:36.685-07:00,737.655,ok,current_change,120.458,4.544,603.945,135.367,620.143,0.976
2026-08-04T16:42:37.691-07:00,738.661,ok,current_change,120.419,4.574,608.573,141.152,624.771,0.974
2026-08-04T16:42:38.699-07:00,739.669,ok,current_change,120.331,4.540,603.945,129.582,618.986,0.978
2026-08-04T16:42:41.717-07:00,742.687,ok,current_change,120.370,4.560,606.259,139.995,622.457,0.974
2026-08-04T16:42:44.735-07:00,745.706,ok,current_change,120.575,4.576,610.887,124.954,622.457,0.978
2026-08-04T16:42:45.742-07:00,746.712,ok,current_change,120.585,4.544,606.259,135.367,621.300,0.976
2026-08-04T16:42:47.755-07:00,748.724,ok,current_change,120.380,4.565,606.259,135.367,622.457,0.976
2026-08-04T16:42:48.761-07:00,749.731,ok,current_change,120.400,4.538,603.945,135.367,618.986,0.976
2026-08-04T16:42:53.792-07:00,754.762,ok,current_change,120.439,4.573,606.259,141.152,623.614,0.974
2026-08-04T16:42:55.804-07:00,756.774,ok,current_change,120.390,4.549,606.259,129.582,621.300,0.978
2026-08-04T16:42:57.817-07:00,758.787,ok,current_change,120.536,4.533,603.945,129.582,618.986,0.978
2026-08-04T16:42:59.829-07:00,760.799,ok,current_change,120.516,4.569,606.259,141.152,624.771,0.974
2026-08-04T16:43:01.842-07:00,762.812,ok,current_change,120.439,4.545,606.259,129.582,620.143,0.978
2026-08-04T16:43:02.850-07:00,763.820,ok,current_change,120.341,4.524,601.631,135.367,616.672,0.976
2026-08-04T16:43:03.856-07:00,764.826,ok,current_change,120.487,4.544,603.945,135.367,620.143,0.976
2026-08-04T16:43:04.863-07:00,765.833,ok,current_change,120.361,4.563,608.573,135.367,623.614,0.976
2026-08-04T16:43:10.885-07:00,771.859,ok,current_change,120.322,4.591,608.573,141.152,625.928,0.974
2026-08-04T16:43:11.888-07:00,772.861,ok,current_change,120.400,4.554,606.259,135.367,621.300,0.976
2026-08-04T16:43:12.894-07:00,773.864,ok,current_change,120.429,4.529,606.259,129.582,620.143,0.978
2026-08-04T16:43:14.906-07:00,775.876,ok,current_change,120.468,4.554,606.259,135.367,621.300,0.976
2026-08-04T16:43:16.919-07:00,777.889,ok,current_change,120.400,4.587,608.573,141.152,625.928,0.974
2026-08-04T16:43:25.973-07:00,786.943,ok,current_change,120.429,4.565,608.573,130.739,623.614,0.978
2026-08-04T16:43:27.985-07:00,788.955,ok,current_change,120.536,4.585,610.887,135.367,625.928,0.978
2026-08-04T16:43:31.003-07:00,791.973,ok,current_change,120.468,4.647,617.829,142.309,634.027,0.974
2026-08-04T16:43:33.017-07:00,793.987,ok,current_change,120.478,4.618,615.515,136.524,630.556,0.976
2026-08-04T16:43:36.035-07:00,797.005,ok,current_change,120.351,4.598,613.201,130.739,627.085,0.978
2026-08-04T16:43:38.049-07:00,799.019,ok,current_change,120.516,4.614,613.201,130.739,628.242,0.978
2026-08-04T16:43:39.056-07:00,800.026,ok,current_change,120.516,4.598,610.887,145.780,628.242,0.972
2026-08-04T16:43:40.062-07:00,801.032,ok,current_change,120.497,4.580,608.573,141.152,630.556,0.974
2026-08-04T16:43:42.075-07:00,803.045,ok,current_change,120.487,4.560,608.573,129.582,622.457,0.978
2026-08-04T16:43:44.087-07:00,805.057,ok,current_change,120.448,4.600,613.201,136.524,628.242,0.976
2026-08-04T16:43:45.094-07:00,806.064,ok,current_change,120.419,4.616,615.515,130.739,627.085,0.976
2026-08-04T16:43:47.106-07:00,808.076,ok,current_change,120.458,4.634,615.515,146.937,632.870,0.972
2026-08-04T16:43:50.126-07:00,811.096,ok,current_change,120.478,4.618,613.201,130.739,628.242,0.978
2026-08-04T16:43:54.150-07:00,815.120,ok,current_change,120.497,4.600,613.201,136.524,628.242,0.976
2026-08-04T16:44:02.196-07:00,823.167,ok,current_change,120.244,4.618,613.201,136.524,629.399,0.976
2026-08-04T16:44:05.215-07:00,826.185,ok,current_change,120.390,4.596,610.887,141.152,627.085,0.974
2026-08-04T16:44:10.245-07:00,831.215,ok,current_change,120.516,4.618,615.515,130.739,630.556,0.978
2026-08-04T16:44:14.269-07:00,835.239,ok,current_change,120.419,4.589,610.887,130.739,628.242,0.978
2026-08-04T16:44:15.276-07:00,836.246,ok,current_change,120.409,4.621,615.515,130.739,630.556,0.978
2026-08-04T16:44:16.282-07:00,837.252,ok,current_change,120.409,4.596,613.201,130.739,627.085,0.978
2026-08-04T16:44:17.289-07:00,838.259,ok,current_change,120.263,4.623,615.515,136.524,630.556,0.976
2026-08-04T16:44:21.313-07:00,842.283,ok,current_change,120.370,4.640,615.515,141.152,632.870,0.974
2026-08-04T16:44:22.320-07:00,843.290,ok,current_change,120.380,4.659,617.829,142.309,634.027,0.972
2026-08-04T16:44:23.326-07:00,844.296,ok,current_change,120.370,4.636,615.515,141.152,632.870,0.974
2026-08-04T16:44:25.339-07:00,846.309,ok,current_change,120.283,4.620,617.829,136.524,634.027,0.976
2026-08-04T16:44:27.351-07:00,848.321,ok,current_change,120.322,4.645,617.829,130.739,632.870,0.978
2026-08-04T16:44:28.358-07:00,849.328,ok,current_change,120.439,4.618,615.515,136.524,630.556,0.976
2026-08-04T16:44:30.370-07:00,851.340,ok,current_change,120.302,4.659,620.143,136.524,635.184,0.976
2026-08-04T16:44:32.382-07:00,853.352,ok,current_change,120.400,4.625,613.201,141.152,630.556,0.974
2026-08-04T16:44:33.389-07:00,854.359,ok,current_change,120.175,4.645,615.515,146.937,632.870,0.972
2026-08-04T16:44:35.401-07:00,856.371,ok,current_change,120.312,4.601,613.201,130.739,630.556,0.976
2026-08-04T16:44:36.408-07:00,857.378,ok,current_change,120.195,4.621,615.515,130.739,629.399,0.978
2026-08-04T16:44:37.415-07:00,858.385,ok,current_change,120.185,4.687,622.457,137.681,638.654,0.976
2026-08-04T16:44:38.421-07:00,859.391,ok,current_change,120.429,4.620,615.515,130.739,630.556,0.978
2026-08-04T16:44:41.439-07:00,862.409,ok,current_change,120.214,4.652,617.829,136.524,634.027,0.976
2026-08-04T16:44:45.463-07:00,866.434,ok,current_change,120.263,4.669,617.829,146.937,637.497,0.973
2026-08-04T16:44:47.476-07:00,868.446,ok,current_change,120.146,4.625,613.201,136.524,629.399,0.976
2026-08-04T16:44:50.494-07:00,871.464,ok,current_change,120.273,4.647,620.143,126.111,632.870,0.979
2026-08-04T16:44:51.501-07:00,872.471,ok,current_change,120.214,4.620,615.515,130.739,629.399,0.978
2026-08-04T16:45:07.595-07:00,888.565,ok,current_change,120.312,4.640,615.515,141.152,632.870,0.974
2026-08-04T16:45:11.605-07:00,892.579,ok,current_change,120.516,4.623,617.829,130.739,631.713,0.978
2026-08-04T16:45:12.608-07:00,893.582,ok,current_change,120.400,4.605,613.201,130.739,628.242,0.978
2026-08-04T16:45:13.614-07:00,894.584,ok,current_change,120.409,4.627,615.515,136.524,631.713,0.976
2026-08-04T16:45:14.621-07:00,895.591,ok,current_change,120.390,4.607,615.515,130.739,630.556,0.978
2026-08-04T16:45:15.627-07:00,896.598,ok,current_change,120.536,4.629,617.829,130.739,631.713,0.978
2026-08-04T16:45:26.693-07:00,907.663,ok,current_change,120.429,4.645,617.829,136.524,634.027,0.976
2026-08-04T16:45:28.705-07:00,909.675,ok,current_change,120.536,4.665,622.457,136.524,637.497,0.976
2026-08-04T16:45:30.717-07:00,911.687,ok,current_change,120.516,4.694,624.771,142.309,640.968,0.975
2026-08-04T16:45:31.724-07:00,912.694,ok,current_change,120.370,4.647,617.829,142.309,634.027,0.974
2026-08-04T16:45:32.732-07:00,913.702,ok,current_change,120.331,4.707,624.771,148.094,642.125,0.973
2026-08-04T16:45:33.738-07:00,914.708,ok,current_change,120.468,4.670,620.143,146.937,637.497,0.973
2026-08-04T16:45:34.745-07:00,915.715,ok,current_change,120.487,4.687,622.457,142.309,638.654,0.975
2026-08-04T16:45:36.757-07:00,917.727,ok,current_change,120.331,4.643,617.829,130.739,632.870,0.978
2026-08-04T16:45:37.766-07:00,918.736,ok,current_change,120.468,4.719,629.399,137.681,644.439,0.977
2026-08-04T16:45:38.772-07:00,919.742,ok,current_change,120.468,4.650,620.143,131.896,635.184,0.978
2026-08-04T16:45:39.779-07:00,920.749,ok,current_change,120.322,4.674,622.457,131.896,637.497,0.978
2026-08-04T16:45:40.785-07:00,921.756,ok,current_change,120.292,4.634,617.829,130.739,631.713,0.978
2026-08-04T16:45:43.804-07:00,924.774,ok,current_change,120.478,4.650,620.143,136.524,635.184,0.976
2026-08-04T16:45:49.840-07:00,930.810,ok,current_change,120.370,4.667,620.143,136.524,636.340,0.976
2026-08-04T16:45:51.853-07:00,932.823,ok,current_change,120.497,4.634,615.515,136.524,630.556,0.976
2026-08-04T16:45:57.889-07:00,938.859,ok,current_change,120.312,4.650,620.143,131.896,634.027,0.978
2026-08-04T16:45:59.902-07:00,940.872,ok,current_change,120.146,4.629,615.515,136.524,630.556,0.976
2026-08-04T16:46:01.914-07:00,942.884,ok,current_change,120.117,4.663,617.829,142.309,635.184,0.974
2026-08-04T16:46:02.921-07:00,943.891,ok,current_change,120.234,4.638,615.515,136.524,631.713,0.976
2026-08-04T16:46:06.946-07:00,947.916,ok,current_change,120.429,4.654,617.829,142.309,635.184,0.974
2026-08-04T16:46:08.952-07:00,949.925,ok,current_change,120.497,4.678,620.143,146.937,638.654,0.973
2026-08-04T16:46:10.957-07:00,951.930,ok,current_change,120.400,4.627,615.515,141.152,631.713,0.974
2026-08-04T16:46:11.960-07:00,952.933,ok,current_change,120.555,4.652,620.143,131.896,635.184,0.978
2026-08-04T16:46:17.995-07:00,958.965,ok,current_change,120.341,4.636,617.829,130.739,631.713,0.978
2026-08-04T16:46:19.002-07:00,959.972,ok,current_change,120.380,4.654,620.143,136.524,635.184,0.976
2026-08-04T16:46:20.008-07:00,960.978,ok,current_change,120.516,4.685,624.771,137.681,639.811,0.976
2026-08-04T16:46:21.015-07:00,961.985,ok,current_change,120.370,4.659,620.143,131.896,634.027,0.978
2026-08-04T16:46:24.033-07:00,965.003,ok,current_change,120.283,4.676,622.457,136.524,637.497,0.976
2026-08-04T16:46:35.097-07:00,976.067,ok,current_change,120.341,4.734,627.085,148.094,645.596,0.973
2026-08-04T16:46:36.104-07:00,977.074,ok,current_change,120.185,4.669,617.829,146.937,636.340,0.973
2026-08-04T16:46:38.116-07:00,979.086,ok,current_change,120.361,4.698,624.771,142.309,640.968,0.975
2026-08-04T16:46:39.123-07:00,980.093,ok,current_change,120.361,4.647,617.829,136.524,635.184,0.974
2026-08-04T16:46:42.141-07:00,983.111,ok,current_change,120.234,4.630,615.515,130.739,630.556,0.978
2026-08-04T16:46:44.153-07:00,985.123,ok,current_change,120.419,4.672,622.457,131.896,635.184,0.976
2026-08-04T16:46:45.160-07:00,986.130,ok,current_change,120.263,4.645,617.829,130.739,632.870,0.978
2026-08-04T16:46:46.166-07:00,987.136,ok,current_change,120.292,4.679,622.457,131.896,637.497,0.978
2026-08-04T16:46:47.173-07:00,988.143,ok,current_change,120.409,4.630,617.829,130.739,631.713,0.978
2026-08-04T16:46:50.202-07:00,991.172,ok,current_change,120.546,4.674,620.143,131.896,635.184,0.978
2026-08-04T16:46:51.209-07:00,992.179,ok,current_change,120.497,4.656,620.143,136.524,635.184,0.976
2026-08-04T16:46:52.215-07:00,993.185,ok,current_change,120.458,4.638,617.829,136.524,632.870,0.976
2026-08-04T16:46:54.229-07:00,995.199,ok,current_change,120.458,4.659,620.143,136.524,636.340,0.976
2026-08-04T16:46:55.235-07:00,996.205,ok,current_change,120.361,4.678,622.457,136.524,637.497,0.976
2026-08-04T16:46:57.247-07:00,998.217,ok,current_change,120.507,4.643,617.829,142.309,634.027,0.976
2026-08-04T16:47:00.268-07:00,1001.238,ok,current_change,120.400,4.676,620.143,142.309,637.497,0.974
2026-08-04T16:47:04.291-07:00,1005.262,ok,current_change,120.409,4.652,617.829,142.309,635.184,0.974
2026-08-04T16:47:06.304-07:00,1007.274,ok,current_change,120.390,4.669,622.457,131.896,636.340,0.978
2026-08-04T16:47:07.310-07:00,1008.280,ok,current_change,120.448,4.685,624.771,137.681,639.811,0.976
2026-08-04T16:47:09.316-07:00,1010.289,ok,current_change,120.351,4.640,617.829,130.739,632.870,0.978
2026-08-04T16:47:14.335-07:00,1015.305,ok,current_change,120.575,4.670,622.457,131.896,637.497,0.978
2026-08-04T16:47:16.349-07:00,1017.319,ok,current_change,120.351,4.649,620.143,131.896,634.027,0.978
2026-08-04T16:47:18.361-07:00,1019.331,ok,current_change,120.292,4.679,622.457,131.896,637.497,0.978
2026-08-04T16:47:20.374-07:00,1021.344,ok,current_change,120.380,4.659,620.143,131.896,635.184,0.978
2026-08-04T16:47:22.386-07:00,1023.356,ok,current_change,120.575,4.687,624.771,137.681,638.654,0.976
2026-08-04T16:47:23.393-07:00,1024.363,ok,current_change,120.507,4.663,620.143,142.309,636.340,0.974
2026-08-04T16:47:24.400-07:00,1025.370,ok,current_change,120.672,4.643,617.829,142.309,635.184,0.974
2026-08-04T16:47:26.412-07:00,1027.382,ok,current_change,120.439,4.681,622.457,142.309,638.654,0.975
2026-08-04T16:47:27.419-07:00,1028.389,ok,current_change,120.526,4.652,620.143,142.309,636.340,0.974
2026-08-04T16:47:29.431-07:00,1030.401,ok,current_change,120.555,4.687,622.457,142.309,639.811,0.975
2026-08-04T16:47:31.444-07:00,1032.414,ok,current_change,120.536,4.643,617.829,136.524,634.027,0.976
2026-08-04T16:47:32.452-07:00,1033.422,ok,current_change,120.594,4.670,622.457,136.524,637.497,0.976
2026-08-04T16:47:34.464-07:00,1035.434,ok,current_change,120.692,4.654,620.143,131.896,634.027,0.978
2026-08-04T16:47:36.477-07:00,1037.447,ok,current_change,120.702,4.683,624.771,131.896,639.811,0.978
2026-08-04T16:47:37.485-07:00,1038.455,ok,current_change,120.468,4.705,627.085,137.681,642.125,0.977
2026-08-04T16:47:38.491-07:00,1039.461,ok,current_change,120.468,4.638,617.829,130.739,632.870,0.978
2026-08-04T16:47:39.498-07:00,1040.468,ok,current_change,120.302,4.690,624.771,137.681,639.811,0.976
2026-08-04T16:47:40.504-07:00,1041.474,ok,current_change,120.448,4.663,622.457,131.896,636.340,0.978
2026-08-04T16:47:41.511-07:00,1042.481,ok,current_change,120.458,4.629,620.143,131.896,635.184,0.978
2026-08-04T16:47:43.524-07:00,1044.494,ok,current_change,120.575,4.692,624.771,137.681,640.968,0.976
2026-08-04T16:47:44.531-07:00,1045.501,ok,current_change,120.555,4.652,620.143,136.524,635.184,0.976
2026-08-04T16:47:46.543-07:00,1047.513,ok,current_change,120.478,4.685,622.457,131.896,637.497,0.978
2026-08-04T16:47:48.557-07:00,1049.527,ok,current_change,120.565,4.652,620.143,136.524,634.027,0.974
2026-08-04T16:47:50.570-07:00,1051.540,ok,current_change,120.516,4.681,622.457,137.681,638.654,0.976
2026-08-04T16:47:51.576-07:00,1052.546,ok,current_change,120.351,4.658,620.143,136.524,635.184,0.976
2026-08-04T16:47:53.589-07:00,1054.559,ok,current_change,120.409,4.701,624.771,137.681,639.811,0.976
2026-08-04T16:47:54.595-07:00,1055.565,ok,current_change,120.448,4.658,620.143,136.524,635.184,0.976
2026-08-04T16:47:56.608-07:00,1057.578,ok,current_change,120.419,4.685,624.771,142.309,640.968,0.975
2026-08-04T16:47:57.615-07:00,1058.585,ok,current_change,120.487,4.667,622.457,136.524,637.497,0.976
2026-08-04T16:47:59.628-07:00,1060.598,ok,current_change,120.351,4.685,622.457,137.681,638.654,0.976
2026-08-04T16:48:01.640-07:00,1062.610,ok,current_change,120.351,4.739,627.085,137.681,642.125,0.977
2026-08-04T16:48:02.648-07:00,1063.618,ok,current_change,120.302,4.687,622.457,137.681,638.654,0.976
2026-08-04T16:48:05.667-07:00,1066.637,ok,current_change,120.507,4.670,622.457,136.524,637.497,0.976
2026-08-04T16:48:06.673-07:00,1067.643,ok,current_change,120.439,4.741,627.085,142.309,643.282,0.975
2026-08-04T16:48:07.682-07:00,1068.652,ok,current_change,120.351,4.674,622.457,136.524,637.497,0.976
2026-08-04T16:48:08.685-07:00,1069.658,ok,current_change,120.429,4.694,624.771,137.681,639.811,0.976
2026-08-04T16:48:09.687-07:00,1070.661,ok,current_change,120.487,4.674,620.143,136.524,635.184,0.976
2026-08-04T16:48:13.701-07:00,1074.671,ok,current_change,120.448,4.717,627.085,142.309,643.282,0.975
2026-08-04T16:48:14.707-07:00,1075.677,ok,current_change,120.546,4.701,624.771,142.309,642.125,0.975
2026-08-04T16:48:28.790-07:00,1089.760,ok,current_change,120.546,4.768,634.027,143.466,651.381,0.975
2026-08-04T16:48:29.797-07:00,1090.767,ok,current_change,120.419,4.741,629.399,143.466,646.753,0.975
2026-08-04T16:48:30.803-07:00,1091.773,ok,current_change,120.526,4.775,636.340,138.838,647.910,0.975
2026-08-04T16:48:31.810-07:00,1092.780,ok,current_change,120.546,4.759,634.027,143.466,650.224,0.975
2026-08-04T16:48:32.816-07:00,1093.786,ok,current_change,120.390,4.734,629.399,137.681,645.596,0.977
2026-08-04T16:48:34.829-07:00,1095.799,ok,current_change,120.575,4.681,624.771,137.681,639.811,0.976
2026-08-04T16:48:37.848-07:00,1098.818,ok,current_change,120.351,4.732,629.399,137.681,645.596,0.977
2026-08-04T16:48:38.855-07:00,1099.825,ok,current_change,120.380,4.679,622.457,137.681,638.654,0.976
2026-08-04T16:48:40.867-07:00,1101.837,ok,current_change,120.361,4.699,624.771,137.681,639.811,0.976
2026-08-04T16:48:44.891-07:00,1105.861,ok,current_change,120.361,4.672,622.457,136.524,637.497,0.976
2026-08-04T16:48:52.938-07:00,1113.908,ok,current_change,120.624,4.654,620.143,142.309,636.340,0.974
2026-08-04T16:48:53.945-07:00,1114.915,ok,current_change,120.604,4.681,622.457,142.309,639.811,0.975
2026-08-04T16:48:55.957-07:00,1116.927,ok,current_change,120.507,4.721,627.085,143.466,644.439,0.975
2026-08-04T16:48:56.964-07:00,1117.934,ok,current_change,120.419,4.663,622.457,148.094,640.968,0.973
2026-08-04T16:48:57.970-07:00,1118.940,ok,current_change,120.390,4.699,622.457,148.094,640.968,0.973
2026-08-04T16:49:01.996-07:00,1122.966,ok,current_change,120.516,4.717,627.085,148.094,644.439,0.973
2026-08-04T16:49:04.009-07:00,1124.979,ok,current_change,120.409,4.755,631.713,148.094,650.224,0.973
2026-08-04T16:49:05.016-07:00,1125.986,ok,current_change,120.478,4.687,622.457,142.309,639.811,0.975
2026-08-04T16:49:10.035-07:00,1131.009,ok,current_change,120.633,4.705,624.771,148.094,643.282,0.973
2026-08-04T16:49:11.038-07:00,1132.011,ok,current_change,120.604,4.775,634.027,149.251,652.538,0.973
2026-08-04T16:49:12.041-07:00,1133.014,ok,current_change,120.594,4.730,629.399,137.681,645.596,0.977
2026-08-04T16:49:13.047-07:00,1134.017,ok,current_change,120.604,4.687,622.457,142.309,639.811,0.975
2026-08-04T16:49:15.059-07:00,1136.029,ok,current_change,120.546,4.708,627.085,142.309,643.282,0.975
2026-08-04T16:49:19.084-07:00,1140.055,ok,current_change,120.409,4.688,622.457,142.309,639.811,0.975
2026-08-04T16:49:21.097-07:00,1142.067,ok,current_change,120.478,4.708,627.085,131.896,642.125,0.978
2026-08-04T16:49:35.179-07:00,1156.149,ok,current_change,120.312,4.755,634.027,133.053,647.910,0.979
2026-08-04T16:49:36.186-07:00,1157.156,ok,current_change,120.224,4.788,636.340,143.466,652.538,0.975
2026-08-04T16:49:37.192-07:00,1158.162,ok,current_change,120.273,4.813,638.654,149.251,656.009,0.973
2026-08-04T16:49:38.199-07:00,1159.169,ok,current_change,120.292,4.850,643.282,150.408,660.637,0.974
2026-08-04T16:49:39.206-07:00,1160.176,ok,current_change,120.380,4.739,629.399,143.466,646.753,0.975
2026-08-04T16:49:40.212-07:00,1161.182,ok,current_change,120.409,4.721,627.085,148.094,644.439,0.973
2026-08-04T16:49:43.231-07:00,1164.201,ok,current_change,120.409,4.701,624.771,137.681,640.968,0.976
2026-08-04T16:49:48.261-07:00,1169.231,ok,current_change,120.263,4.679,622.457,136.524,637.497,0.976
2026-08-04T16:49:49.268-07:00,1170.238,ok,current_change,120.214,4.705,624.771,142.309,640.968,0.975
2026-08-04T16:49:55.303-07:00,1176.273,ok,current_change,120.244,4.685,622.457,137.681,642.125,0.978
2026-08-04T16:49:59.327-07:00,1180.297,ok,current_change,120.273,4.736,629.399,137.681,645.596,0.977
2026-08-04T16:50:00.334-07:00,1181.304,ok,current_change,120.263,4.688,624.771,131.896,638.654,0.976
2026-08-04T16:50:01.340-07:00,1182.310,ok,current_change,120.390,4.667,620.143,136.524,636.340,0.976
2026-08-04T16:50:02.347-07:00,1183.317,ok,current_change,120.400,4.698,624.771,137.681,640.968,0.976
2026-08-04T16:50:06.371-07:00,1187.341,ok,current_change,120.088,4.726,624.771,148.094,643.282,0.973
2026-08-04T16:50:07.378-07:00,1188.348,ok,current_change,120.195,4.763,631.713,148.094,649.067,0.973
2026-08-04T16:50:08.381-07:00,1189.354,ok,current_change,120.234,4.696,622.457,142.309,639.811,0.976
2026-08-04T16:50:12.391-07:00,1193.364,ok,current_change,120.361,4.716,627.085,137.681,643.282,0.977
2026-08-04T16:50:15.409-07:00,1196.379,ok,current_change,120.244,4.734,629.399,131.896,644.439,0.978
2026-08-04T16:50:17.421-07:00,1198.391,ok,current_change,120.302,4.710,627.085,137.681,642.125,0.977
2026-08-04T16:50:18.429-07:00,1199.399,ok,current_change,120.322,4.768,634.027,138.838,650.224,0.977
2026-08-04T16:50:19.435-07:00,1200.405,ok,current_change,120.594,4.716,629.399,131.896,644.439,0.978
2026-08-04T16:50:21.448-07:00,1202.418,ok,current_change,120.448,4.685,629.399,131.896,644.439,0.978
2026-08-04T16:50:22.454-07:00,1203.424,ok,current_change,120.555,4.701,627.085,131.896,642.125,0.978
2026-08-04T16:50:26.480-07:00,1207.450,ok,current_change,120.380,4.730,627.085,142.309,643.282,0.975
2026-08-04T16:50:28.492-07:00,1209.463,ok,current_change,120.341,4.746,629.399,143.466,646.753,0.975
2026-08-04T16:50:30.505-07:00,1211.475,ok,current_change,120.361,4.784,634.027,149.251,652.538,0.973
2026-08-04T16:50:34.529-07:00,1215.499,ok,current_change,120.400,4.752,636.340,138.838,651.381,0.977
2026-08-04T16:50:37.547-07:00,1218.517,ok,current_change,120.302,4.821,638.654,149.251,657.166,0.973
2026-08-04T16:50:38.554-07:00,1219.524,ok,current_change,120.302,4.757,631.713,143.466,647.910,0.975
2026-08-04T16:50:39.560-07:00,1220.530,ok,current_change,120.185,4.774,631.713,148.094,647.910,0.975
2026-08-04T16:50:40.568-07:00,1221.538,ok,current_change,120.312,4.712,627.085,137.681,642.125,0.977
2026-08-04T16:50:48.615-07:00,1229.585,ok,current_change,120.390,4.683,627.085,131.896,640.968,0.978
2026-08-04T16:50:53.645-07:00,1234.615,ok,current_change,120.214,4.708,627.085,131.896,640.968,0.978
2026-08-04T16:50:54.653-07:00,1235.623,ok,current_change,120.283,4.688,624.771,131.896,638.654,0.978
2026-08-04T16:50:55.660-07:00,1236.630,ok,current_change,120.458,4.708,627.085,131.896,642.125,0.978
2026-08-04T16:50:56.666-07:00,1237.636,ok,current_change,120.380,4.690,624.771,137.681,640.968,0.976
2026-08-04T16:50:57.673-07:00,1238.643,ok,current_change,120.507,4.714,627.085,137.681,643.282,0.977
2026-08-04T16:51:01.697-07:00,1242.667,ok,current_change,120.487,4.694,622.457,148.094,640.968,0.973
2026-08-04T16:51:02.704-07:00,1243.674,ok,current_change,120.458,4.710,624.771,148.094,643.282,0.973
2026-08-04T16:51:03.710-07:00,1244.680,ok,current_change,120.468,4.730,627.085,148.094,645.596,0.973
2026-08-04T16:51:05.723-07:00,1246.693,ok,current_change,120.370,4.714,624.771,148.094,643.282,0.973
2026-08-04T16:51:06.729-07:00,1247.699,ok,current_change,120.214,4.732,627.085,143.466,644.439,0.975
2026-08-04T16:51:08.743-07:00,1249.713,ok,current_change,120.331,4.775,634.027,143.466,651.381,0.975
2026-08-04T16:51:09.749-07:00,1250.720,ok,current_change,120.341,4.748,629.399,143.466,646.753,0.975
2026-08-04T16:51:11.762-07:00,1252.732,ok,current_change,120.507,4.705,627.085,137.681,642.125,0.977
2026-08-04T16:51:19.811-07:00,1260.781,ok,current_change,120.575,4.721,627.085,143.466,644.439,0.975
2026-08-04T16:51:27.858-07:00,1268.828,ok,current_change,120.322,4.745,631.713,133.053,646.753,0.979
2026-08-04T16:51:28.865-07:00,1269.835,ok,current_change,120.351,4.721,629.399,137.681,644.439,0.977
2026-08-04T16:51:34.901-07:00,1275.871,ok,current_change,120.409,4.750,629.399,148.094,647.910,0.973
2026-08-04T16:51:37.919-07:00,1278.889,ok,current_change,120.283,4.783,634.027,143.466,651.381,0.975
2026-08-04T16:51:38.926-07:00,1279.896,ok,current_change,120.400,4.739,629.399,143.466,646.753,0.975
2026-08-04T16:51:39.932-07:00,1280.902,ok,current_change,120.361,4.708,627.085,137.681,642.125,0.977
2026-08-04T16:51:41.944-07:00,1282.915,ok,current_change,120.380,4.690,624.771,137.681,642.125,0.976
2026-08-04T16:51:42.951-07:00,1283.921,ok,current_change,120.409,4.714,627.085,137.681,643.282,0.977
2026-08-04T16:51:44.963-07:00,1285.933,ok,current_change,120.468,4.694,624.771,131.896,639.811,0.978
2026-08-04T16:51:50.999-07:00,1291.969,ok,current_change,120.312,4.710,624.771,142.309,642.125,0.975
2026-08-04T16:51:55.023-07:00,1295.993,ok,current_change,120.536,4.685,622.457,142.309,639.811,0.975
2026-08-04T16:51:56.030-07:00,1297.000,ok,current_change,120.507,4.705,627.085,137.681,642.125,0.977
2026-08-04T16:51:59.051-07:00,1300.021,ok,current_change,120.312,4.734,629.399,137.681,645.596,0.977
2026-08-04T16:52:00.058-07:00,1301.028,ok,current_change,120.185,4.752,631.713,133.053,645.596,0.978
2026-08-04T16:52:01.063-07:00,1302.034,ok,current_change,120.205,4.734,629.399,131.896,644.439,0.978
2026-08-04T16:52:02.070-07:00,1303.040,ok,current_change,120.283,4.694,624.771,131.896,639.811,0.978
2026-08-04T16:52:04.083-07:00,1305.053,ok,current_change,120.292,4.710,627.085,137.681,642.125,0.977
2026-08-04T16:52:08.103-07:00,1309.077,ok,current_change,120.361,4.694,624.771,137.681,639.811,0.976
2026-08-04T16:52:11.111-07:00,1312.084,ok,current_change,120.214,4.710,624.771,142.309,640.968,0.975
2026-08-04T16:52:13.120-07:00,1314.090,ok,current_change,120.253,4.781,634.027,149.251,651.381,0.973
2026-08-04T16:52:15.133-07:00,1316.103,ok,current_change,120.322,4.763,634.027,138.838,649.067,0.977
2026-08-04T16:52:16.140-07:00,1317.110,ok,current_change,120.302,4.737,629.399,137.681,645.596,0.977
2026-08-04T16:52:17.146-07:00,1318.116,ok,current_change,120.351,4.714,627.085,137.681,642.125,0.977
2026-08-04T16:52:18.153-07:00,1319.123,ok,current_change,120.439,4.688,624.771,137.681,639.811,0.976
2026-08-04T16:52:21.173-07:00,1322.143,ok,current_change,120.390,4.670,622.457,136.524,637.497,0.976
2026-08-04T16:52:23.185-07:00,1324.155,ok,current_change,120.361,4.698,624.771,137.681,640.968,0.976
2026-08-04T16:52:28.217-07:00,1329.187,ok,current_change,120.234,4.734,627.085,143.466,644.439,0.975
2026-08-04T16:52:31.237-07:00,1332.207,ok,current_change,120.273,4.705,627.085,131.896,640.968,0.978
2026-08-04T16:52:37.273-07:00,1338.243,ok,current_change,120.565,4.745,631.713,137.681,647.910,0.977
2026-08-04T16:52:38.279-07:00,1339.249,ok,current_change,120.390,4.716,629.399,131.896,643.282,0.977
2026-08-04T16:52:41.298-07:00,1342.268,ok,current_change,120.439,4.734,627.085,137.681,643.282,0.977
2026-08-04T16:52:46.328-07:00,1347.298,ok,current_change,120.458,4.755,631.713,143.466,649.067,0.975
2026-08-04T16:52:47.334-07:00,1348.304,ok,current_change,120.370,4.726,629.399,137.681,644.439,0.977
2026-08-04T16:53:10.469-07:00,1371.439,ok,current_change,120.429,4.746,629.399,148.094,647.910,0.973
2026-08-04T16:53:13.488-07:00,1374.458,ok,current_change,120.429,4.730,629.399,143.466,645.596,0.975
2026-08-04T16:53:21.535-07:00,1382.505,ok,current_change,120.302,4.707,624.771,137.681,640.968,0.976
2026-08-04T16:53:23.548-07:00,1384.518,ok,current_change,120.302,4.737,629.399,143.466,645.596,0.975
2026-08-04T16:53:24.554-07:00,1385.524,ok,current_change,120.292,4.721,627.085,142.309,643.282,0.975
2026-08-04T16:53:28.578-07:00,1389.548,ok,current_change,120.448,4.737,631.713,133.053,645.596,0.978
2026-08-04T16:53:33.609-07:00,1394.579,ok,current_change,120.302,4.716,627.085,137.681,642.125,0.977
2026-08-04T16:53:34.615-07:00,1395.585,ok,current_change,120.156,4.763,631.713,143.466,647.910,0.975
2026-08-04T16:53:37.633-07:00,1398.603,ok,current_change,120.292,4.783,636.340,138.838,651.381,0.977
2026-08-04T16:53:38.640-07:00,1399.610,ok,current_change,120.312,4.726,627.085,143.466,644.439,0.975
2026-08-04T16:53:41.659-07:00,1402.629,ok,current_change,120.292,4.743,631.713,137.681,646.753,0.977
2026-08-04T16:53:42.666-07:00,1403.636,ok,current_change,120.292,4.726,631.713,133.053,645.596,0.978
2026-08-04T16:53:50.713-07:00,1411.683,ok,current_change,120.429,4.707,627.085,137.681,642.125,0.977
2026-08-04T16:53:54.737-07:00,1415.707,ok,current_change,120.439,4.725,629.399,131.896,644.439,0.978
2026-08-04T16:53:57.755-07:00,1418.726,ok,current_change,120.448,4.743,631.713,133.053,646.753,0.979
2026-08-04T16:53:58.762-07:00,1419.732,ok,current_change,120.419,4.716,627.085,137.681,643.282,0.977
2026-08-04T16:54:02.786-07:00,1423.756,ok,current_change,120.400,4.745,624.771,142.309,640.968,0.975
2026-08-04T16:54:03.793-07:00,1424.763,ok,current_change,120.409,4.710,624.771,142.309,642.125,0.975
2026-08-04T16:54:09.822-07:00,1430.796,ok,current_change,120.380,4.774,636.340,138.838,651.381,0.977
2026-08-04T16:54:10.825-07:00,1431.798,ok,current_change,120.409,4.752,634.027,133.053,647.910,0.979
2026-08-04T16:54:13.836-07:00,1434.806,ok,current_change,120.390,4.788,636.340,143.466,652.538,0.975
2026-08-04T16:54:15.848-07:00,1436.818,ok,current_change,120.419,4.770,636.340,133.053,650.224,0.979
2026-08-04T16:54:17.861-07:00,1438.831,ok,current_change,120.458,4.741,631.713,133.053,646.753,0.979
2026-08-04T16:54:18.867-07:00,1439.837,ok,current_change,120.536,4.757,634.027,133.053,649.067,0.979
2026-08-04T16:54:19.874-07:00,1440.844,ok,current_change,120.390,4.737,629.399,131.896,644.439,0.978
2026-08-04T16:54:21.886-07:00,1442.856,ok,current_change,120.516,4.705,627.085,137.681,642.125,0.977
2026-08-04T16:54:23.899-07:00,1444.869,ok,current_change,120.224,4.737,627.085,148.094,645.596,0.973
2026-08-04T16:54:27.923-07:00,1448.893,ok,current_change,120.292,4.714,627.085,137.681,642.125,0.977
2026-08-04T16:54:29.937-07:00,1450.907,ok,current_change,120.146,4.734,629.399,137.681,644.439,0.977
2026-08-04T16:54:32.956-07:00,1453.926,ok,current_change,120.312,4.717,627.085,137.681,643.282,0.977
2026-08-04T16:54:33.963-07:00,1454.933,ok,current_change,120.468,4.701,627.085,142.309,643.282,0.975
2026-08-04T16:54:36.981-07:00,1457.951,ok,current_change,120.468,4.719,627.085,143.466,644.439,0.975
2026-08-04T16:54:44.023-07:00,1464.993,ok,current_change,120.419,4.739,631.713,133.053,646.753,0.979
2026-08-04T16:54:46.035-07:00,1467.005,ok,current_change,120.409,4.723,629.399,137.681,644.439,0.977
2026-08-04T16:54:49.053-07:00,1470.023,ok,current_change,120.127,4.754,629.399,148.094,646.753,0.973
2026-08-04T16:54:51.067-07:00,1472.037,ok,current_change,120.205,4.737,629.399,137.681,645.596,0.977
2026-08-04T16:54:54.085-07:00,1475.055,ok,current_change,120.263,4.719,627.085,137.681,643.282,0.977
2026-08-04T16:54:58.111-07:00,1479.082,ok,current_change,120.370,4.699,624.771,142.309,640.968,0.975
2026-08-04T16:54:59.118-07:00,1480.088,ok,current_change,120.546,4.719,627.085,148.094,644.439,0.973
2026-08-04T16:55:01.131-07:00,1482.102,ok,current_change,120.156,4.737,629.399,137.681,642.125,0.978
2026-08-04T16:55:03.144-07:00,1484.114,ok,current_change,120.390,4.721,629.399,131.896,643.282,0.978
2026-08-04T16:55:05.157-07:00,1486.127,ok,current_change,120.185,4.752,631.713,133.053,646.753,0.979
2026-08-04T16:55:11.192-07:00,1492.162,ok,current_change,120.244,4.726,627.085,143.466,644.439,0.975
2026-08-04T16:55:17.228-07:00,1498.198,ok,current_change,120.234,4.754,631.713,143.466,647.910,0.975
2026-08-04T16:55:19.240-07:00,1500.211,ok,current_change,120.234,4.737,629.399,143.466,645.596,0.975
2026-08-04T16:55:22.259-07:00,1503.229,ok,current_change,120.341,4.719,629.399,131.896,643.282,0.978
2026-08-04T16:55:23.265-07:00,1504.235,ok,current_change,120.312,4.736,629.399,137.681,645.596,0.977
2026-08-04T16:55:28.295-07:00,1509.265,ok,current_change,120.468,4.759,631.713,143.466,649.067,0.975
2026-08-04T16:55:31.316-07:00,1512.286,ok,current_change,120.653,4.743,631.713,137.681,647.910,0.977
2026-08-04T16:55:32.322-07:00,1513.292,ok,current_change,120.478,4.726,629.399,137.681,645.596,0.975
2026-08-04T16:55:37.352-07:00,1518.322,ok,current_change,120.497,4.775,636.340,138.838,651.381,0.977
2026-08-04T16:55:38.358-07:00,1519.329,ok,current_change,120.361,4.736,627.085,148.094,645.596,0.973
2026-08-04T16:55:48.418-07:00,1529.388,ok,current_change,120.555,4.755,631.713,148.094,649.067,0.973
2026-08-04T16:55:50.430-07:00,1531.400,ok,current_change,120.478,4.737,629.399,143.466,646.753,0.975
2026-08-04T16:55:54.454-07:00,1535.424,ok,current_change,120.448,4.721,629.399,137.681,644.439,0.977
2026-08-04T16:55:59.484-07:00,1540.454,ok,current_change,120.195,4.745,629.399,137.681,645.596,0.977
2026-08-04T16:56:05.522-07:00,1546.492,ok,current_change,120.380,4.766,634.027,138.838,650.224,0.977
2026-08-04T16:56:09.539-07:00,1550.513,ok,current_change,120.409,4.786,636.340,138.838,652.538,0.977
2026-08-04T16:56:10.542-07:00,1551.515,ok,current_change,120.195,4.748,631.713,137.681,646.753,0.977
2026-08-04T16:56:11.547-07:00,1552.520,ok,current_change,119.903,4.770,634.027,133.053,647.910,0.979
2026-08-04T16:56:14.561-07:00,1555.531,ok,current_change,120.390,4.794,638.654,138.838,653.695,0.977
2026-08-04T16:56:15.568-07:00,1556.538,ok,current_change,120.400,4.774,636.340,138.838,651.381,0.977
2026-08-04T16:56:19.592-07:00,1560.562,ok,current_change,120.273,4.803,636.340,149.251,653.695,0.973
2026-08-04T16:56:22.610-07:00,1563.580,ok,current_change,120.273,4.783,636.340,138.838,651.381,0.977
2026-08-04T16:56:26.634-07:00,1567.604,ok,current_change,120.419,4.808,638.654,149.251,656.009,0.973
2026-08-04T16:56:27.641-07:00,1568.611,ok,current_change,120.292,4.765,634.027,133.053,649.067,0.979
2026-08-04T16:56:30.659-07:00,1571.629,ok,current_change,120.497,4.781,636.340,138.838,652.538,0.977
2026-08-04T16:56:32.672-07:00,1573.642,ok,current_change,120.516,4.801,638.654,144.623,654.852,0.975
2026-08-04T16:56:34.684-07:00,1575.654,ok,current_change,120.458,4.777,636.340,138.838,652.538,0.975
2026-08-04T16:56:37.702-07:00,1578.672,ok,current_change,120.536,4.817,640.968,138.838,659.480,0.974
2026-08-04T16:56:38.711-07:00,1579.681,ok,current_change,120.585,4.792,636.340,149.251,654.852,0.973
2026-08-04T16:56:39.718-07:00,1580.688,ok,current_change,120.439,4.750,631.713,137.681,653.695,0.977
2026-08-04T16:56:40.724-07:00,1581.694,ok,current_change,120.555,4.777,636.340,138.838,652.538,0.977
2026-08-04T16:56:43.742-07:00,1584.712,ok,current_change,120.400,4.799,636.340,149.251,654.852,0.973
2026-08-04T16:56:44.749-07:00,1585.719,ok,current_change,120.575,4.823,640.968,149.251,658.323,0.974
2026-08-04T16:56:45.755-07:00,1586.725,ok,current_change,120.419,4.783,636.340,143.466,652.538,0.975
2026-08-04T16:56:51.791-07:00,1592.761,ok,current_change,120.341,4.763,634.027,138.838,649.067,0.977
2026-08-04T16:56:52.798-07:00,1593.768,ok,current_change,120.351,4.781,636.340,133.053,651.381,0.979
2026-08-04T16:56:56.822-07:00,1597.792,ok,current_change,120.380,4.821,636.340,149.251,654.852,0.973
2026-08-04T16:56:57.828-07:00,1598.798,ok,current_change,120.361,4.797,636.340,143.466,653.695,0.975
2026-08-04T16:56:59.841-07:00,1600.811,ok,current_change,120.370,4.777,636.340,138.838,651.381,0.977
2026-08-04T16:57:02.859-07:00,1603.829,ok,current_change,120.390,4.797,636.340,143.466,653.695,0.975
2026-08-04T16:57:03.865-07:00,1604.836,ok,current_change,120.370,4.775,636.340,138.838,651.381,0.977
2026-08-04T16:57:06.884-07:00,1607.854,ok,current_change,120.312,4.803,638.654,138.838,654.852,0.977
2026-08-04T16:57:08.891-07:00,1609.864,ok,current_change,120.516,4.819,638.654,149.251,657.166,0.973
2026-08-04T16:57:10.896-07:00,1611.870,ok,current_change,120.439,4.795,638.654,138.838,653.695,0.977
2026-08-04T16:57:11.899-07:00,1612.872,ok,current_change,120.478,4.775,636.340,138.838,651.381,0.977
2026-08-04T16:57:12.905-07:00,1613.875,ok,current_change,120.458,4.748,631.713,137.681,651.381,0.979
2026-08-04T16:57:13.912-07:00,1614.882,ok,current_change,120.400,4.775,636.340,138.838,651.381,0.977
2026-08-04T16:57:18.941-07:00,1619.911,ok,current_change,120.497,4.797,636.340,133.053,651.381,0.979
2026-08-04T16:57:23.971-07:00,1624.941,ok,current_change,120.419,4.750,631.713,143.466,647.910,0.975
2026-08-04T16:57:26.989-07:00,1627.960,ok,current_change,120.302,4.770,634.027,143.466,650.224,0.975
2026-08-04T16:57:29.002-07:00,1629.972,ok,current_change,120.312,4.810,638.654,138.838,654.852,0.977
2026-08-04T16:57:30.008-07:00,1630.978,ok,current_change,120.439,4.786,638.654,133.053,653.695,0.979
2026-08-04T16:57:33.027-07:00,1633.997,ok,current_change,120.400,4.757,631.713,143.466,649.067,0.975
2026-08-04T16:57:34.033-07:00,1635.003,ok,current_change,120.224,4.803,636.340,149.251,653.695,0.973
2026-08-04T16:57:36.046-07:00,1637.016,ok,current_change,120.302,4.784,636.340,133.053,651.381,0.979
2026-08-04T16:57:37.052-07:00,1638.022,ok,current_change,120.039,4.768,634.027,133.053,647.910,0.979
2026-08-04T16:57:40.070-07:00,1641.040,ok,current_change,120.205,4.801,636.340,149.251,653.695,0.973
2026-08-04T16:57:41.077-07:00,1642.047,ok,current_change,120.175,4.779,636.340,133.053,650.224,0.979
2026-08-04T16:57:49.124-07:00,1650.095,ok,current_change,120.244,4.799,638.654,138.838,647.910,0.977
2026-08-04T16:57:50.131-07:00,1651.101,ok,current_change,120.156,4.754,631.713,137.681,646.753,0.977
2026-08-04T16:57:51.138-07:00,1652.108,ok,current_change,120.273,4.775,634.027,143.466,650.224,0.975
2026-08-04T16:57:52.144-07:00,1653.114,ok,current_change,120.273,4.808,638.654,144.623,649.067,0.975
2026-08-04T16:57:53.151-07:00,1654.121,ok,current_change,120.205,4.786,636.340,133.053,651.381,0.979
2026-08-04T16:57:54.157-07:00,1655.127,ok,current_change,120.205,4.837,643.282,134.210,658.323,0.979
2026-08-04T16:57:55.164-07:00,1656.134,ok,current_change,120.292,4.770,640.968,133.053,654.852,0.979
2026-08-04T16:57:56.170-07:00,1657.140,ok,current_change,120.263,4.812,638.654,138.838,654.852,0.977
2026-08-04T16:57:57.177-07:00,1658.147,ok,current_change,120.341,4.792,634.027,149.251,652.538,0.973
2026-08-04T16:57:59.189-07:00,1660.159,ok,current_change,120.195,4.746,629.399,143.466,646.753,0.975
2026-08-04T16:58:01.201-07:00,1662.172,ok,current_change,120.214,4.786,636.340,133.053,650.224,0.979
2026-08-04T16:58:06.231-07:00,1667.201,ok,current_change,120.234,4.761,634.027,133.053,647.910,0.979
2026-08-04T16:58:07.240-07:00,1668.210,ok,current_change,120.312,4.784,634.027,149.251,652.538,0.973
2026-08-04T16:58:08.246-07:00,1669.216,ok,current_change,120.185,4.806,636.340,149.251,654.852,0.973
2026-08-04T16:58:10.259-07:00,1671.229,ok,current_change,120.419,4.761,631.713,143.466,649.067,0.975
2026-08-04T16:58:12.271-07:00,1673.241,ok,current_change,120.322,4.783,636.340,133.053,656.009,0.977
2026-08-04T16:58:13.278-07:00,1674.248,ok,current_change,120.224,4.815,638.654,149.251,656.009,0.973
2026-08-04T16:58:14.284-07:00,1675.254,ok,current_change,120.439,4.786,636.340,138.838,652.538,0.977
2026-08-04T16:58:15.291-07:00,1676.261,ok,current_change,120.312,4.770,638.654,138.838,653.695,0.977
2026-08-04T16:58:16.297-07:00,1677.267,ok,current_change,120.370,4.799,638.654,133.053,653.695,0.979
2026-08-04T16:58:17.304-07:00,1678.274,ok,current_change,120.263,4.783,636.340,133.053,651.381,0.979
2026-08-04T16:58:18.312-07:00,1679.282,ok,current_change,120.214,4.804,636.340,143.466,653.695,0.975
2026-08-04T16:58:21.330-07:00,1682.300,ok,current_change,120.234,4.786,636.340,138.838,651.381,0.977
2026-08-04T16:58:24.348-07:00,1685.318,ok,current_change,120.312,4.803,638.654,144.623,654.852,0.975
2026-08-04T16:58:30.384-07:00,1691.354,ok,current_change,120.224,4.786,636.340,138.838,651.381,0.977
2026-08-04T16:58:32.396-07:00,1693.366,ok,current_change,120.019,4.803,638.654,133.053,652.538,0.979
2026-08-04T16:58:37.426-07:00,1698.396,ok,current_change,120.312,4.868,647.910,134.210,662.951,0.977
2026-08-04T16:58:38.433-07:00,1699.403,ok,current_change,120.253,4.803,636.340,143.466,653.695,0.975
2026-08-04T16:58:41.451-07:00,1702.421,ok,current_change,120.253,4.761,631.713,143.466,649.067,0.975
2026-08-04T16:58:43.463-07:00,1704.433,ok,current_change,120.302,4.803,634.027,149.251,652.538,0.973
2026-08-04T16:58:44.470-07:00,1705.440,ok,current_change,120.205,4.823,640.968,138.838,656.009,0.977
2026-08-04T16:58:45.476-07:00,1706.446,ok,current_change,120.273,4.794,638.654,133.053,652.538,0.979
2026-08-04T16:58:46.483-07:00,1707.453,ok,current_change,120.448,4.817,643.282,134.210,657.166,0.979
2026-08-04T16:58:47.490-07:00,1708.460,ok,current_change,120.107,4.788,636.340,133.053,651.381,0.979
2026-08-04T16:58:48.496-07:00,1709.466,ok,current_change,120.390,4.815,638.654,144.623,658.323,0.974
2026-08-04T16:58:50.510-07:00,1711.480,ok,current_change,120.312,4.788,636.340,138.838,652.538,0.977
2026-08-04T16:58:51.516-07:00,1712.487,ok,current_change,120.341,4.810,640.968,138.838,656.009,0.977
2026-08-04T16:58:52.523-07:00,1713.493,ok,current_change,120.302,4.792,638.654,133.053,652.538,0.979
2026-08-04T16:59:00.571-07:00,1721.541,ok,current_change,120.351,4.812,638.654,144.623,656.009,0.975
2026-08-04T16:59:01.577-07:00,1722.547,ok,current_change,120.195,4.790,636.340,143.466,652.538,0.975
2026-08-04T16:59:03.589-07:00,1724.560,ok,current_change,120.390,4.806,638.654,144.623,654.852,0.975
2026-08-04T16:59:04.596-07:00,1725.566,ok,current_change,120.292,4.824,640.968,144.623,657.166,0.975
2026-08-04T16:59:06.608-07:00,1727.578,ok,current_change,120.400,4.788,638.654,133.053,652.538,0.979
2026-08-04T16:59:11.625-07:00,1732.598,ok,current_change,120.185,4.815,638.654,144.623,656.009,0.975
2026-08-04T16:59:12.629-07:00,1733.603,ok,current_change,120.370,4.777,636.340,138.838,651.381,0.977
2026-08-04T16:59:14.641-07:00,1735.611,ok,current_change,120.370,4.806,636.340,149.251,654.852,0.973
2026-08-04T16:59:15.648-07:00,1736.618,ok,current_change,120.419,4.766,634.027,138.838,650.224,0.977
2026-08-04T16:59:18.666-07:00,1739.636,ok,current_change,120.429,4.801,638.654,138.838,654.852,0.977
2026-08-04T16:59:24.702-07:00,1745.672,ok,current_change,120.292,4.823,638.654,149.251,657.166,0.973
2026-08-04T16:59:26.714-07:00,1747.684,ok,current_change,120.146,4.790,636.340,133.053,651.381,0.979
2026-08-04T16:59:28.727-07:00,1749.697,ok,current_change,120.331,4.772,634.027,138.838,650.224,0.977
2026-08-04T16:59:29.733-07:00,1750.703,ok,current_change,120.234,4.833,640.968,149.251,658.323,0.974
2026-08-04T16:59:31.747-07:00,1752.717,ok,current_change,120.253,4.772,634.027,143.466,650.224,0.975
2026-08-04T16:59:33.759-07:00,1754.729,ok,current_change,120.019,4.806,636.340,149.251,653.695,0.973
2026-08-04T16:59:36.778-07:00,1757.748,ok,current_change,120.049,4.781,636.340,133.053,650.224,0.979
2026-08-04T16:59:37.784-07:00,1758.754,ok,current_change,120.175,4.823,640.968,138.838,656.009,0.977
2026-08-04T16:59:38.791-07:00,1759.761,ok,current_change,120.039,4.804,636.340,149.251,653.695,0.973
2026-08-04T16:59:42.815-07:00,1763.785,ok,current_change,120.107,4.824,638.654,144.623,656.009,0.975
2026-08-04T16:59:44.829-07:00,1765.799,ok,current_change,120.088,4.795,636.340,138.838,652.538,0.977
2026-08-04T16:59:45.835-07:00,1766.805,ok,current_change,120.166,4.812,640.968,133.053,650.224,0.977
2026-08-04T16:59:48.854-07:00,1769.824,ok,current_change,120.497,4.795,638.654,144.623,652.538,0.977
2026-08-04T16:59:50.866-07:00,1771.836,ok,current_change,120.117,4.812,638.654,138.838,654.852,0.977
2026-08-04T16:59:52.878-07:00,1773.848,ok,current_change,120.283,4.786,636.340,143.466,652.538,0.975
2026-08-04T16:59:53.885-07:00,1774.855,ok,current_change,120.244,4.804,638.654,138.838,654.852,0.977
2026-08-04T16:59:57.910-07:00,1778.880,ok,current_change,120.439,4.826,640.968,144.623,658.323,0.975
2026-08-04T16:59:58.917-07:00,1779.887,ok,current_change,120.448,4.797,638.654,144.623,654.852,0.975
2026-08-04T17:00:01.938-07:00,1782.908,ok,current_change,120.565,4.821,640.968,149.251,658.323,0.974
2026-08-04T17:00:03.950-07:00,1784.920,ok,current_change,120.663,4.799,640.968,138.838,656.009,0.977
2026-08-04T17:00:04.959-07:00,1785.929,ok,current_change,120.799,4.853,638.654,138.838,653.695,0.977
2026-08-04T17:00:05.965-07:00,1786.935,ok,current_change,120.828,4.788,638.654,144.623,654.852,0.975
2026-08-04T17:00:06.972-07:00,1787.942,ok,current_change,120.906,4.812,640.968,149.251,658.323,0.974
2026-08-04T17:00:08.977-07:00,1789.951,ok,current_change,121.062,4.788,638.654,144.623,656.009,0.975
2026-08-04T17:00:10.983-07:00,1791.957,ok,current_change,120.994,4.861,650.224,134.210,665.265,0.979
2026-08-04T17:00:11.986-07:00,1792.960,ok,current_change,120.936,4.824,643.282,150.408,660.637,0.974
2026-08-04T17:00:16.010-07:00,1796.980,ok,current_change,120.692,4.846,647.910,134.210,661.794,0.979
2026-08-04T17:00:17.016-07:00,1797.986,ok,current_change,120.711,4.768,636.340,138.838,658.323,0.974
2026-08-04T17:00:18.023-07:00,1798.993,ok,current_change,120.585,4.826,640.968,149.251,659.480,0.974
2026-08-04T17:00:20.035-07:00,1801.005,ok,current_change,120.867,4.777,638.654,138.838,653.695,0.977
2026-08-04T17:00:22.048-07:00,1803.018,ok,current_change,120.828,4.810,643.282,144.623,659.480,0.975
2026-08-04T17:00:25.066-07:00,1806.036,ok,current_change,120.848,4.830,645.596,139.995,660.637,0.977
2026-08-04T17:00:26.072-07:00,1807.042,ok,current_change,120.711,4.786,638.654,133.053,653.695,0.979
2026-08-04T17:00:27.079-07:00,1808.049,ok,current_change,120.692,4.813,640.968,144.623,657.166,0.975
2026-08-04T17:00:28.087-07:00,1809.057,ok,current_change,120.633,4.841,643.282,144.623,660.637,0.975
2026-08-04T17:00:29.094-07:00,1810.064,ok,current_change,120.770,4.788,636.340,143.466,653.695,0.975
2026-08-04T17:00:30.100-07:00,1811.070,ok,current_change,120.936,4.813,643.282,144.623,659.480,0.975
2026-08-04T17:00:31.107-07:00,1812.077,ok,current_change,120.643,4.786,638.654,133.053,653.695,0.979
2026-08-04T17:00:33.119-07:00,1814.089,ok,current_change,120.682,4.803,638.654,144.623,656.009,0.975
2026-08-04T17:00:35.132-07:00,1816.102,ok,current_change,120.614,4.786,638.654,133.053,653.695,0.979
2026-08-04T17:00:37.144-07:00,1818.114,ok,current_change,120.643,4.857,645.596,150.408,662.951,0.974
2026-08-04T17:00:38.150-07:00,1819.120,ok,current_change,120.604,4.770,634.027,143.466,651.381,0.975
2026-08-04T17:00:40.170-07:00,1821.140,ok,current_change,120.546,4.810,640.968,138.838,656.009,0.977
2026-08-04T17:00:41.177-07:00,1822.147,ok,current_change,120.799,4.792,638.654,138.838,654.852,0.977
2026-08-04T17:00:43.189-07:00,1824.159,ok,current_change,120.848,4.823,640.968,134.210,656.009,0.979
2026-08-04T17:00:44.197-07:00,1825.167,ok,current_change,120.575,4.794,638.654,138.838,654.852,0.977
2026-08-04T17:00:47.215-07:00,1828.185,ok,current_change,120.711,4.837,643.282,150.408,660.637,0.974
2026-08-04T17:00:48.222-07:00,1829.192,ok,current_change,120.711,4.790,643.282,139.995,659.480,0.977
2026-08-04T17:00:51.242-07:00,1832.212,ok,current_change,120.507,4.810,638.654,144.623,656.009,0.975
2026-08-04T17:00:52.248-07:00,1833.218,ok,current_change,120.361,4.828,640.968,144.623,658.323,0.975
2026-08-04T17:00:53.255-07:00,1834.225,ok,current_change,120.400,4.804,645.596,134.210,659.480,0.979
2026-08-04T17:00:54.264-07:00,1835.234,ok,current_change,120.692,4.841,645.596,139.995,661.794,0.977
2026-08-04T17:00:55.270-07:00,1836.240,ok,current_change,120.672,4.817,643.282,138.838,660.637,0.977
2026-08-04T17:00:56.277-07:00,1837.247,ok,current_change,120.633,4.844,643.282,150.408,661.794,0.974
2026-08-04T17:00:57.283-07:00,1838.254,ok,current_change,120.731,4.828,643.282,144.623,659.480,0.975
2026-08-04T17:00:59.293-07:00,1840.266,ok,current_change,120.780,4.812,643.282,138.838,658.323,0.977
2026-08-04T17:01:02.300-07:00,1843.274,ok,current_change,120.604,4.792,638.654,144.623,654.852,0.975
2026-08-04T17:01:06.320-07:00,1847.291,ok,current_change,120.663,4.844,643.282,150.408,656.009,0.973
2026-08-04T17:01:07.327-07:00,1848.297,ok,current_change,120.682,4.819,640.968,144.623,658.323,0.975
2026-08-04T17:01:08.334-07:00,1849.304,ok,current_change,120.721,4.774,636.340,143.466,652.538,0.975
2026-08-04T17:01:10.346-07:00,1851.316,ok,current_change,120.838,4.801,640.968,144.623,657.166,0.975
2026-08-04T17:01:12.359-07:00,1853.329,ok,current_change,120.614,4.824,643.282,134.210,658.323,0.979
2026-08-04T17:01:13.365-07:00,1854.335,ok,current_change,120.731,4.779,638.654,138.838,653.695,0.977
2026-08-04T17:01:14.372-07:00,1855.342,ok,current_change,120.614,4.797,640.968,133.053,654.852,0.979
2026-08-04T17:01:15.378-07:00,1856.348,ok,current_change,120.478,4.821,640.968,144.623,657.166,0.975
2026-08-04T17:01:16.385-07:00,1857.355,ok,current_change,120.565,4.844,643.282,150.408,658.323,0.975
2026-08-04T17:01:18.397-07:00,1859.367,ok,current_change,120.760,4.783,638.654,138.838,653.695,0.977
2026-08-04T17:01:19.404-07:00,1860.374,ok,current_change,120.653,4.821,643.282,138.838,658.323,0.977
2026-08-04T17:01:20.410-07:00,1861.380,ok,current_change,120.760,4.841,643.282,150.408,661.794,0.974
2026-08-04T17:01:21.416-07:00,1862.387,ok,current_change,120.770,4.817,643.282,138.838,656.009,0.977
2026-08-04T17:01:22.423-07:00,1863.393,ok,current_change,120.887,4.799,640.968,138.838,657.166,0.977
2026-08-04T17:01:25.441-07:00,1866.411,ok,current_change,120.692,4.824,640.968,149.251,659.480,0.974
2026-08-04T17:01:28.459-07:00,1869.429,ok,current_change,120.555,4.797,638.654,138.838,654.852,0.977
2026-08-04T17:01:29.466-07:00,1870.436,ok,current_change,120.292,4.835,640.968,144.623,657.166,0.975
2026-08-04T17:01:31.478-07:00,1872.448,ok,current_change,120.614,4.817,643.282,138.838,658.323,0.977
2026-08-04T17:01:33.490-07:00,1874.460,ok,current_change,120.838,4.837,645.596,144.623,661.794,0.975
2026-08-04T17:01:35.503-07:00,1876.473,ok,current_change,120.478,4.810,640.968,138.838,656.009,0.977
2026-08-04T17:01:37.515-07:00,1878.485,ok,current_change,120.390,4.841,645.596,134.210,660.637,0.975
2026-08-04T17:01:38.521-07:00,1879.492,ok,current_change,120.692,4.808,638.654,149.251,657.166,0.973
2026-08-04T17:01:39.528-07:00,1880.498,ok,current_change,120.507,4.826,643.282,134.210,658.323,0.979
2026-08-04T17:01:40.534-07:00,1881.504,ok,current_change,120.478,4.803,640.968,133.053,654.852,0.979
2026-08-04T17:01:42.547-07:00,1883.517,ok,current_change,120.633,4.844,643.282,150.408,664.108,0.972
2026-08-04T17:01:44.560-07:00,1885.530,ok,current_change,120.341,4.797,638.654,138.838,653.695,0.977
2026-08-04T17:01:45.567-07:00,1886.537,ok,current_change,120.555,4.819,643.282,138.838,658.323,0.977
2026-08-04T17:01:46.573-07:00,1887.543,ok,current_change,120.585,4.797,638.654,144.623,654.852,0.975
2026-08-04T17:01:49.591-07:00,1890.561,ok,current_change,120.780,4.819,643.282,134.210,658.323,0.979
2026-08-04T17:01:51.604-07:00,1892.574,ok,current_change,120.682,4.841,643.282,155.036,661.794,0.972
2026-08-04T17:01:54.622-07:00,1895.592,ok,current_change,120.789,4.763,636.340,138.838,651.381,0.977
2026-08-04T17:01:55.631-07:00,1896.601,ok,current_change,120.799,4.833,643.282,144.623,658.323,0.975
2026-08-04T17:01:59.655-07:00,1900.625,ok,current_change,120.555,4.857,645.596,144.623,662.951,0.975
2026-08-04T17:02:01.668-07:00,1902.639,ok,current_change,120.702,4.821,640.968,144.623,657.166,0.975
2026-08-04T17:02:02.675-07:00,1903.645,ok,current_change,120.692,4.803,640.968,138.838,656.009,0.977
2026-08-04T17:02:04.687-07:00,1905.657,ok,current_change,120.507,4.826,640.968,144.623,658.323,0.975
2026-08-04T17:02:05.695-07:00,1906.665,ok,current_change,120.536,4.803,640.968,138.838,656.009,0.977
2026-08-04T17:02:07.707-07:00,1908.677,ok,current_change,120.760,4.821,643.282,139.995,659.480,0.977
2026-08-04T17:02:08.710-07:00,1909.684,ok,current_change,120.711,4.851,645.596,150.408,662.951,0.974
2026-08-04T17:02:10.715-07:00,1911.689,ok,current_change,120.828,4.810,640.968,144.623,658.323,0.975
2026-08-04T17:02:13.726-07:00,1914.696,ok,current_change,120.643,4.846,643.282,150.408,661.794,0.974
2026-08-04T17:02:14.733-07:00,1915.703,ok,current_change,120.672,4.826,643.282,139.995,659.480,0.977
2026-08-04T17:02:15.739-07:00,1916.709,ok,current_change,120.750,4.786,638.654,138.838,654.852,0.977
2026-08-04T17:02:16.748-07:00,1917.718,ok,current_change,120.965,4.813,643.282,139.995,659.480,0.977
2026-08-04T17:02:22.783-07:00,1923.753,ok,current_change,120.643,4.837,643.282,150.408,660.637,0.974
2026-08-04T17:02:26.807-07:00,1927.777,ok,current_change,120.624,4.821,640.968,149.251,658.323,0.974
2026-08-04T17:02:27.813-07:00,1928.783,ok,current_change,120.653,4.851,645.596,150.408,662.951,0.974
2026-08-04T17:02:28.821-07:00,1929.792,ok,current_change,120.750,4.819,638.654,144.623,654.852,0.975
2026-08-04T17:02:35.863-07:00,1936.833,ok,current_change,120.799,4.837,643.282,155.036,661.794,0.972
2026-08-04T17:02:36.869-07:00,1937.839,ok,current_change,120.799,4.806,640.968,144.623,658.323,0.977
2026-08-04T17:02:43.911-07:00,1944.881,ok,current_change,120.507,4.833,643.282,139.995,659.480,0.977
2026-08-04T17:02:44.917-07:00,1945.887,ok,current_change,120.624,4.873,647.910,150.408,665.265,0.974
2026-08-04T17:02:45.924-07:00,1946.894,ok,current_change,120.361,4.837,643.282,144.623,659.480,0.975
2026-08-04T17:02:47.936-07:00,1948.906,ok,current_change,120.721,4.801,640.968,138.838,654.852,0.975
2026-08-04T17:02:49.948-07:00,1950.918,ok,current_change,120.731,4.830,645.596,139.995,660.637,0.977
2026-08-04T17:02:54.978-07:00,1955.948,ok,current_change,120.633,4.810,640.968,144.623,657.166,0.975
2026-08-04T17:02:55.987-07:00,1956.957,ok,current_change,120.731,4.837,638.654,138.838,654.852,0.977
2026-08-04T17:02:59.005-07:00,1959.975,ok,current_change,120.731,4.815,643.282,138.838,658.323,0.977
2026-08-04T17:03:01.017-07:00,1961.987,ok,current_change,120.711,4.835,643.282,144.623,660.637,0.975
2026-08-04T17:03:04.035-07:00,1965.005,ok,current_change,120.780,4.779,647.910,139.995,662.951,0.977
2026-08-04T17:03:05.042-07:00,1966.012,ok,current_change,120.926,4.839,645.596,139.995,661.794,0.977
2026-08-04T17:03:07.054-07:00,1968.024,ok,current_change,120.633,4.803,640.968,138.838,656.009,0.977
2026-08-04T17:03:08.061-07:00,1969.031,ok,current_change,120.536,4.855,647.910,139.995,662.951,0.977
2026-08-04T17:03:09.067-07:00,1970.037,ok,current_change,120.672,4.828,643.282,139.995,665.265,0.977
2026-08-04T17:03:10.074-07:00,1971.044,ok,current_change,120.711,4.851,645.596,150.408,662.951,0.974
2026-08-04T17:03:12.086-07:00,1973.056,ok,current_change,120.546,4.880,645.596,139.995,661.794,0.977
2026-08-04T17:03:13.094-07:00,1974.064,ok,current_change,120.526,4.828,643.282,138.838,658.323,0.977
2026-08-04T17:03:17.118-07:00,1978.088,ok,current_change,120.575,4.853,647.910,139.995,659.480,0.975
2026-08-04T17:03:21.144-07:00,1982.114,ok,current_change,120.263,4.826,640.968,144.623,657.166,0.975
2026-08-04T17:03:23.156-07:00,1984.126,ok,current_change,120.585,4.877,650.224,134.210,665.265,0.979
2026-08-04T17:03:24.163-07:00,1985.133,ok,current_change,120.468,4.817,640.968,138.838,657.166,0.977
2026-08-04T17:03:25.169-07:00,1986.139,ok,current_change,120.390,4.853,643.282,150.408,661.794,0.975
2026-08-04T17:03:26.176-07:00,1987.146,ok,current_change,120.312,4.833,640.968,144.623,658.323,0.975
2026-08-04T17:03:29.194-07:00,1990.164,ok,current_change,120.702,4.861,645.596,150.408,664.108,0.974
2026-08-04T17:03:34.224-07:00,1995.194,ok,current_change,120.828,4.819,643.282,144.623,659.480,0.975
2026-08-04T17:03:36.237-07:00,1997.207,ok,current_change,120.604,4.835,643.282,144.623,659.480,0.975
2026-08-04T17:03:37.244-07:00,1998.214,ok,current_change,120.604,4.899,650.224,150.408,668.736,0.974
2026-08-04T17:03:38.250-07:00,1999.220,ok,current_change,120.585,4.844,645.596,139.995,661.794,0.977
2026-08-04T17:03:41.268-07:00,2002.238,ok,current_change,120.585,4.870,647.910,150.408,665.265,0.974
2026-08-04T17:03:42.275-07:00,2003.245,ok,current_change,120.721,4.830,643.282,144.623,660.637,0.975
2026-08-04T17:03:43.281-07:00,2004.251,ok,current_change,120.702,4.850,647.910,139.995,662.951,0.977
2026-08-04T17:03:48.311-07:00,2009.281,ok,current_change,120.780,4.871,647.910,155.036,666.422,0.972
2026-08-04T17:03:50.323-07:00,2011.293,ok,current_change,120.643,4.817,643.282,138.838,658.323,0.977
2026-08-04T17:03:52.336-07:00,2013.306,ok,current_change,120.594,4.853,645.596,150.408,662.951,0.974
2026-08-04T17:03:53.342-07:00,2014.312,ok,current_change,120.643,4.819,643.282,138.838,658.323,0.977
2026-08-04T17:03:54.350-07:00,2015.320,ok,current_change,120.760,4.837,645.596,139.995,661.794,0.977
2026-08-04T17:03:55.356-07:00,2016.327,ok,current_change,120.448,4.862,650.224,156.193,669.893,0.972
2026-08-04T17:03:58.375-07:00,2019.345,ok,current_change,120.624,4.832,643.282,139.995,659.480,0.977
2026-08-04T17:03:59.383-07:00,2020.353,ok,current_change,120.711,4.851,645.596,150.408,662.951,0.974
2026-08-04T17:04:00.389-07:00,2021.359,ok,current_change,120.692,4.833,645.596,139.995,661.794,0.979
2026-08-04T17:04:01.396-07:00,2022.366,ok,current_change,120.653,4.817,643.282,138.838,658.323,0.977
2026-08-04T17:04:02.402-07:00,2023.372,ok,current_change,120.750,4.837,643.282,144.623,660.637,0.975
2026-08-04T17:04:03.409-07:00,2024.379,ok,current_change,120.682,4.871,647.910,150.408,665.265,0.974
2026-08-04T17:04:04.417-07:00,2025.387,ok,current_change,120.731,4.837,645.596,139.995,660.637,0.977
2026-08-04T17:04:05.423-07:00,2026.393,ok,current_change,120.760,4.861,647.910,139.995,660.637,0.977
2026-08-04T17:04:09.441-07:00,2030.414,ok,current_change,120.692,4.830,647.910,139.995,664.108,0.977
2026-08-04T17:04:10.443-07:00,2031.417,ok,current_change,120.672,4.888,647.910,155.036,667.579,0.972
2026-08-04T17:04:12.448-07:00,2033.422,ok,current_change,120.585,4.817,640.968,138.838,657.166,0.977
2026-08-04T17:04:14.460-07:00,2035.430,ok,current_change,120.653,4.857,645.596,144.623,662.951,0.975
2026-08-04T17:04:17.480-07:00,2038.450,ok,current_change,120.741,4.873,647.910,150.408,666.422,0.974
2026-08-04T17:04:19.492-07:00,2040.463,ok,current_change,120.663,4.857,647.910,139.995,662.951,0.977
2026-08-04T17:04:20.500-07:00,2041.470,ok,current_change,120.643,4.819,643.282,138.838,658.323,0.977
2026-08-04T17:04:21.507-07:00,2042.477,ok,current_change,120.760,4.857,645.596,150.408,664.108,0.974
2026-08-04T17:04:25.531-07:00,2046.501,ok,current_change,120.799,4.879,650.224,150.408,667.579,0.974
2026-08-04T17:04:26.537-07:00,2047.507,ok,current_change,120.721,4.844,645.596,144.623,661.794,0.975
2026-08-04T17:04:27.544-07:00,2048.514,ok,current_change,120.731,4.819,645.596,134.210,660.637,0.979
2026-08-04T17:04:28.550-07:00,2049.520,ok,current_change,120.614,4.855,645.596,150.408,662.951,0.974
2026-08-04T17:04:29.557-07:00,2050.527,ok,current_change,120.536,4.871,650.224,139.995,665.265,0.977
2026-08-04T17:04:31.569-07:00,2052.539,ok,current_change,120.487,4.846,645.596,139.995,660.637,0.977
2026-08-04T17:04:32.576-07:00,2053.546,ok,current_change,120.546,4.880,647.910,150.408,666.422,0.976
2026-08-04T17:04:33.582-07:00,2054.552,ok,current_change,120.516,4.844,645.596,139.995,660.637,0.977
2026-08-04T17:04:36.600-07:00,2057.570,ok,current_change,120.594,4.886,652.538,139.995,667.579,0.977
2026-08-04T17:04:37.608-07:00,2058.578,ok,current_change,120.536,4.868,647.910,139.995,673.364,0.979
2026-08-04T17:04:40.626-07:00,2061.596,ok,current_change,120.692,4.826,645.596,139.995,660.637,0.977
2026-08-04T17:04:42.639-07:00,2063.609,ok,current_change,120.322,4.886,647.910,145.780,665.265,0.976
2026-08-04T17:04:44.651-07:00,2065.621,ok,current_change,120.809,4.821,643.282,139.995,659.480,0.977
2026-08-04T17:04:45.658-07:00,2066.628,ok,current_change,120.516,4.851,645.596,144.623,665.265,0.976
2026-08-04T17:04:46.664-07:00,2067.634,ok,current_change,120.711,4.873,647.910,150.408,666.422,0.974
2026-08-04T17:04:47.671-07:00,2068.641,ok,current_change,120.711,4.812,640.968,138.838,657.166,0.977
2026-08-04T17:04:49.683-07:00,2070.653,ok,current_change,120.780,4.864,645.596,155.036,665.265,0.972
2026-08-04T17:04:54.713-07:00,2075.683,ok,current_change,120.536,4.839,643.282,144.623,660.637,0.975
2026-08-04T17:05:00.749-07:00,2081.719,ok,current_change,120.828,4.868,647.910,150.408,665.265,0.974
2026-08-04T17:05:02.762-07:00,2083.732,ok,current_change,120.848,4.839,643.282,139.995,659.480,0.977
2026-08-04T17:05:03.769-07:00,2084.739,ok,current_change,120.692,4.879,650.224,139.995,666.422,0.977
2026-08-04T17:05:05.781-07:00,2086.751,ok,current_change,120.906,4.862,650.224,139.995,665.265,0.977
2026-08-04T17:05:07.799-07:00,2088.769,ok,current_change,120.789,4.880,647.910,155.036,667.579,0.972
2026-08-04T17:05:09.804-07:00,2090.778,ok,current_change,120.741,4.828,643.282,139.995,659.480,0.977
2026-08-04T17:05:10.807-07:00,2091.780,ok,current_change,120.624,4.855,647.910,139.995,662.951,0.977
2026-08-04T17:05:12.812-07:00,2093.786,ok,current_change,120.624,4.821,645.596,139.995,661.794,0.977
2026-08-04T17:05:13.818-07:00,2094.788,ok,current_change,120.516,4.844,645.596,134.210,660.637,0.979
2026-08-04T17:05:14.825-07:00,2095.795,ok,current_change,120.838,4.879,650.224,145.780,667.579,0.976
2026-08-04T17:05:16.837-07:00,2097.807,ok,current_change,120.633,4.855,645.596,144.623,662.951,0.975
2026-08-04T17:05:17.846-07:00,2098.816,ok,current_change,120.663,4.839,645.596,139.995,665.265,0.976
2026-08-04T17:05:18.852-07:00,2099.822,ok,current_change,120.741,4.875,647.910,150.408,666.422,0.974
2026-08-04T17:05:20.865-07:00,2101.835,ok,current_change,120.926,4.841,647.910,134.210,661.794,0.979
2026-08-04T17:05:22.877-07:00,2103.847,ok,current_change,120.760,4.879,647.910,150.408,666.422,0.974
2026-08-04T17:05:23.884-07:00,2104.854,ok,current_change,120.487,4.842,643.282,144.623,660.637,0.975
2026-08-04T17:05:25.896-07:00,2106.866,ok,current_change,120.750,4.868,647.910,150.408,664.108,0.974
2026-08-04T17:05:29.920-07:00,2110.890,ok,current_change,120.828,4.890,652.538,145.780,668.736,0.976
2026-08-04T17:05:30.927-07:00,2111.897,ok,current_change,120.526,4.864,645.596,150.408,664.108,0.977
2026-08-04T17:05:31.934-07:00,2112.904,ok,current_change,120.887,4.844,647.910,139.995,662.951,0.977
2026-08-04T17:05:32.940-07:00,2113.910,ok,current_change,120.770,4.895,650.224,150.408,668.736,0.974
2026-08-04T17:05:33.947-07:00,2114.917,ok,current_change,120.838,4.839,645.596,139.995,661.794,0.977
2026-08-04T17:05:36.965-07:00,2117.935,ok,current_change,120.614,4.868,647.910,145.780,664.108,0.976
2026-08-04T17:05:37.971-07:00,2118.941,ok,current_change,120.750,4.848,645.596,144.623,662.951,0.975
2026-08-04T17:05:40.990-07:00,2121.960,ok,current_change,120.877,4.866,650.224,134.210,665.265,0.979
2026-08-04T17:05:46.019-07:00,2126.990,ok,current_change,120.926,4.848,647.910,134.210,662.951,0.979
2026-08-04T17:05:47.026-07:00,2127.996,ok,current_change,120.828,4.871,647.910,145.780,665.265,0.976
2026-08-04T17:05:48.033-07:00,2129.003,ok,current_change,120.799,4.815,643.282,138.838,658.323,0.977
2026-08-04T17:05:49.039-07:00,2130.009,ok,current_change,120.663,4.839,645.596,134.210,665.265,0.977
2026-08-04T17:05:50.046-07:00,2131.016,ok,current_change,120.916,4.899,652.538,150.408,669.893,0.974
2026-08-04T17:05:51.052-07:00,2132.022,ok,current_change,120.848,4.855,647.910,145.780,664.108,0.976
2026-08-04T17:05:52.060-07:00,2133.030,ok,current_change,120.780,4.837,645.596,144.623,661.794,0.975
2026-08-04T17:05:54.072-07:00,2135.042,ok,current_change,120.867,4.879,650.224,145.780,665.265,0.976
2026-08-04T17:05:57.090-07:00,2138.060,ok,current_change,120.848,4.902,652.538,150.408,667.579,0.974
2026-08-04T17:05:58.097-07:00,2139.067,ok,current_change,120.653,4.873,647.910,145.780,665.265,0.976
2026-08-04T17:05:59.103-07:00,2140.074,ok,current_change,120.965,4.851,647.910,139.995,664.108,0.977
2026-08-04T17:06:00.110-07:00,2141.080,ok,current_change,121.130,4.832,645.596,144.623,661.794,0.975
2026-08-04T17:06:01.115-07:00,2142.087,ok,current_change,121.179,4.851,647.910,145.780,665.265,0.976
2026-08-04T17:06:04.133-07:00,2145.103,ok,current_change,120.877,4.888,650.224,150.408,668.736,0.974
2026-08-04T17:06:06.146-07:00,2147.116,ok,current_change,120.994,4.839,645.596,144.623,662.951,0.975
2026-08-04T17:06:07.152-07:00,2148.122,ok,current_change,120.887,4.862,647.910,145.780,665.265,0.976
2026-08-04T17:06:09.165-07:00,2150.135,ok,current_change,120.897,4.844,647.910,139.995,662.951,0.977
2026-08-04T17:06:10.172-07:00,2151.142,ok,current_change,121.082,4.882,654.852,135.367,668.736,0.977
2026-08-04T17:06:11.179-07:00,2152.149,ok,current_change,121.082,4.908,654.852,151.565,672.207,0.974
2026-08-04T17:06:12.186-07:00,2153.156,ok,current_change,121.091,4.873,650.224,145.780,667.579,0.976
2026-08-04T17:06:13.192-07:00,2154.162,ok,current_change,121.150,4.857,650.224,145.780,666.422,0.976
2026-08-04T17:06:16.210-07:00,2157.180,ok,current_change,121.023,4.884,652.538,139.995,668.736,0.977
2026-08-04T17:06:17.217-07:00,2158.187,ok,current_change,120.926,4.857,650.224,139.995,665.265,0.977
2026-08-04T17:06:18.223-07:00,2159.193,ok,current_change,120.731,4.913,647.910,150.408,665.265,0.974
2026-08-04T17:06:19.230-07:00,2160.200,ok,current_change,120.731,4.848,645.596,144.623,662.951,0.975
2026-08-04T17:06:22.248-07:00,2163.218,ok,current_change,120.809,4.880,650.224,145.780,667.579,0.976
2026-08-04T17:06:23.255-07:00,2164.225,ok,current_change,120.926,4.855,650.224,134.210,667.579,0.977
2026-08-04T17:06:24.261-07:00,2165.231,ok,current_change,120.984,4.873,652.538,139.995,667.579,0.977
2026-08-04T17:06:25.268-07:00,2166.238,ok,current_change,120.906,4.902,652.538,156.193,671.050,0.972
2026-08-04T17:06:26.274-07:00,2167.244,ok,current_change,120.897,4.880,652.538,145.780,668.736,0.976
2026-08-04T17:06:27.281-07:00,2168.251,ok,current_change,120.965,4.844,647.910,139.995,662.951,0.977
2026-08-04T17:06:29.295-07:00,2170.265,ok,current_change,120.955,4.873,650.224,145.780,667.579,0.976
2026-08-04T17:06:30.302-07:00,2171.272,ok,current_change,120.877,4.846,647.910,139.995,662.951,0.977
2026-08-04T17:06:31.308-07:00,2172.278,ok,current_change,120.897,4.866,652.538,139.995,667.579,0.977
2026-08-04T17:06:32.315-07:00,2173.285,ok,current_change,120.877,4.884,650.224,156.193,668.736,0.972
2026-08-04T17:06:34.329-07:00,2175.299,ok,current_change,120.828,4.862,650.224,139.995,665.265,0.977
2026-08-04T17:06:36.341-07:00,2177.311,ok,current_change,120.936,4.879,650.224,139.995,666.422,0.977
2026-08-04T17:06:39.359-07:00,2180.329,ok,current_change,120.867,4.899,652.538,150.408,669.893,0.974
2026-08-04T17:06:40.366-07:00,2181.336,ok,current_change,120.975,4.868,650.224,145.780,666.422,0.976
2026-08-04T17:06:43.384-07:00,2184.354,ok,current_change,120.936,4.835,645.596,139.995,661.794,0.977
2026-08-04T17:06:45.396-07:00,2186.367,ok,current_change,121.091,4.884,652.538,145.780,668.736,0.976
2026-08-04T17:06:46.403-07:00,2187.373,ok,current_change,120.789,4.868,647.910,145.780,665.265,0.976
2026-08-04T17:06:52.439-07:00,2193.409,ok,current_change,120.624,4.897,650.224,150.408,668.736,0.974
2026-08-04T17:06:53.445-07:00,2194.416,ok,current_change,120.692,4.877,650.224,145.780,666.422,0.976
2026-08-04T17:06:54.452-07:00,2195.422,ok,current_change,120.731,4.851,647.910,139.995,662.951,0.977
2026-08-04T17:06:59.482-07:00,2200.452,ok,current_change,121.072,4.873,650.224,145.780,667.579,0.976
2026-08-04T17:07:03.506-07:00,2204.476,ok,current_change,120.887,4.857,650.224,139.995,666.422,0.977
2026-08-04T17:07:05.519-07:00,2206.489,ok,current_change,120.809,4.893,652.538,145.780,668.736,0.976
2026-08-04T17:07:07.531-07:00,2208.501,ok,current_change,120.848,4.850,647.910,139.995,662.951,0.977
2026-08-04T17:07:13.550-07:00,2214.520,ok,current_change,120.760,4.879,650.224,145.780,666.422,0.976
2026-08-04T17:07:14.556-07:00,2215.526,ok,current_change,120.809,4.848,647.910,145.780,665.265,0.976
2026-08-04T17:07:16.568-07:00,2217.539,ok,current_change,120.819,4.870,647.910,150.408,666.422,0.974
2026-08-04T17:07:19.587-07:00,2220.557,ok,current_change,120.838,4.839,645.596,144.623,665.265,0.974
2026-08-04T17:07:22.605-07:00,2223.575,ok,current_change,120.877,4.821,647.910,139.995,664.108,0.977
2026-08-04T17:07:23.612-07:00,2224.582,ok,current_change,120.789,4.857,645.596,150.408,664.108,0.974
2026-08-04T17:07:26.630-07:00,2227.600,ok,current_change,120.741,4.888,650.224,145.780,667.579,0.976
2026-08-04T17:07:27.636-07:00,2228.606,ok,current_change,121.004,4.870,650.224,145.780,666.422,0.976
2026-08-04T17:07:28.643-07:00,2229.613,ok,current_change,120.760,4.841,645.596,139.995,661.794,0.977
2026-08-04T17:07:29.649-07:00,2230.619,ok,current_change,120.828,4.859,647.910,139.995,664.108,0.977
2026-08-04T17:07:35.685-07:00,2236.655,ok,current_change,120.672,4.839,645.596,139.995,660.637,0.977
2026-08-04T17:07:37.697-07:00,2238.667,ok,current_change,120.731,4.866,647.910,145.780,665.265,0.976
2026-08-04T17:07:40.716-07:00,2241.686,ok,current_change,120.789,4.886,650.224,150.408,667.579,0.974
2026-08-04T17:07:41.724-07:00,2242.694,ok,current_change,121.023,4.857,647.910,145.780,665.265,0.976
2026-08-04T17:07:49.771-07:00,2250.741,ok,current_change,120.799,4.832,645.596,139.995,660.637,0.977
2026-08-04T17:07:50.778-07:00,2251.748,ok,current_change,120.741,4.862,645.596,150.408,664.108,0.974
2026-08-04T17:07:52.790-07:00,2253.760,ok,current_change,120.828,4.888,652.538,139.995,668.736,0.977
2026-08-04T17:07:55.808-07:00,2256.778,ok,current_change,120.838,4.844,645.596,144.623,662.951,0.975
2026-08-04T17:07:56.817-07:00,2257.787,ok,current_change,120.848,4.861,645.596,144.623,661.794,0.975
2026-08-04T17:07:59.835-07:00,2260.805,ok,current_change,120.809,4.882,652.538,139.995,667.579,0.977
2026-08-04T17:08:01.848-07:00,2262.818,ok,current_change,120.672,4.857,647.910,139.995,660.637,0.975
2026-08-04T17:08:02.854-07:00,2263.824,ok,current_change,120.760,4.839,645.596,139.995,661.794,0.977
2026-08-04T17:08:03.861-07:00,2264.831,ok,current_change,120.799,4.888,650.224,156.193,668.736,0.972
2026-08-04T17:08:04.867-07:00,2265.837,ok,current_change,120.809,4.853,647.910,139.995,664.108,0.977
2026-08-04T17:08:05.874-07:00,2266.844,ok,current_change,120.867,4.875,652.538,134.210,666.422,0.979
2026-08-04T17:08:08.890-07:00,2269.860,ok,current_change,120.887,4.855,647.910,139.995,664.108,0.977
2026-08-04T17:08:09.897-07:00,2270.867,ok,current_change,120.838,4.830,645.596,139.995,664.108,0.977
2026-08-04T17:08:10.903-07:00,2271.873,ok,current_change,120.819,4.859,647.910,145.780,664.108,0.976
2026-08-04T17:08:13.921-07:00,2274.892,ok,current_change,120.848,4.882,650.224,150.408,667.579,0.974
2026-08-04T17:08:14.928-07:00,2275.898,ok,current_change,120.848,4.866,650.224,139.995,665.265,0.977
2026-08-04T17:08:20.964-07:00,2281.934,ok,current_change,121.023,4.884,647.910,150.408,665.265,0.974
2026-08-04T17:08:21.970-07:00,2282.940,ok,current_change,120.887,4.848,647.910,139.995,662.951,0.977
2026-08-04T17:08:23.983-07:00,2284.953,ok,current_change,120.702,4.868,647.910,150.408,665.265,0.974
2026-08-04T17:08:25.995-07:00,2286.965,ok,current_change,120.770,4.884,652.538,139.995,665.265,0.977
2026-08-04T17:08:27.002-07:00,2287.972,ok,current_change,120.838,4.909,652.538,151.565,671.050,0.974
2026-08-04T17:08:28.008-07:00,2288.978,ok,current_change,120.780,4.864,647.910,145.780,665.265,0.976
2026-08-04T17:08:30.020-07:00,2290.991,ok,current_change,120.897,4.841,645.596,150.408,662.951,0.974
2026-08-04T17:08:31.027-07:00,2291.997,ok,current_change,120.848,4.873,650.224,145.780,665.265,0.977
2026-08-04T17:08:34.047-07:00,2295.017,ok,current_change,120.877,4.890,650.224,150.408,668.736,0.974
2026-08-04T17:08:35.054-07:00,2296.024,ok,current_change,120.926,4.871,650.224,145.780,666.422,0.976
2026-08-04T17:08:36.060-07:00,2297.030,ok,current_change,120.858,4.850,647.910,134.210,664.108,0.977
2026-08-04T17:08:37.068-07:00,2298.038,ok,current_change,120.867,4.875,647.910,150.408,666.422,0.974
2026-08-04T17:08:38.075-07:00,2299.045,ok,current_change,120.858,4.851,647.910,139.995,664.108,0.977
2026-08-04T17:08:39.081-07:00,2300.051,ok,current_change,120.819,4.873,650.224,139.995,666.422,0.977
2026-08-04T17:08:40.088-07:00,2301.058,ok,current_change,120.897,4.902,652.538,156.193,671.050,0.972
2026-08-04T17:08:41.094-07:00,2302.064,ok,current_change,120.770,4.866,647.910,145.780,665.265,0.977
2026-08-04T17:08:42.102-07:00,2303.072,ok,current_change,120.819,4.848,647.910,139.995,662.951,0.977
2026-08-04T17:08:44.114-07:00,2305.084,ok,current_change,120.780,4.877,652.538,134.210,666.422,0.979
2026-08-04T17:08:48.139-07:00,2309.109,ok,current_change,120.770,4.857,647.910,145.780,664.108,0.976
2026-08-04T17:08:52.163-07:00,2313.133,ok,current_change,120.789,4.880,652.538,139.995,667.579,0.977
2026-08-04T17:08:53.169-07:00,2314.139,ok,current_change,120.965,4.900,652.538,151.565,671.050,0.974
2026-08-04T17:08:54.178-07:00,2315.148,ok,current_change,120.877,4.879,650.224,145.780,666.422,0.976
2026-08-04T17:08:56.190-07:00,2317.160,ok,current_change,120.799,4.895,650.224,150.408,668.736,0.974
2026-08-04T17:08:57.197-07:00,2318.167,ok,current_change,120.819,4.868,650.224,139.995,665.265,0.977
2026-08-04T17:08:59.209-07:00,2320.179,ok,current_change,120.858,4.891,650.224,150.408,668.736,0.974
2026-08-04T17:09:01.222-07:00,2322.192,ok,current_change,120.711,4.857,647.910,139.995,664.108,0.977
2026-08-04T17:09:05.246-07:00,2326.216,ok,current_change,120.702,4.882,650.224,150.408,668.736,0.974
2026-08-04T17:09:09.263-07:00,2330.236,ok,current_change,120.955,4.902,654.852,141.152,671.050,0.978
2026-08-04T17:09:10.266-07:00,2331.239,ok,current_change,120.848,4.880,652.538,139.995,667.579,0.977
2026-08-04T17:09:17.300-07:00,2338.270,ok,current_change,120.789,4.904,654.852,141.152,669.893,0.978
2026-08-04T17:09:19.312-07:00,2340.282,ok,current_change,120.653,4.862,647.910,139.995,664.108,0.977
2026-08-04T17:09:20.319-07:00,2341.289,ok,current_change,120.702,4.888,650.224,145.780,667.579,0.976
2026-08-04T17:09:22.331-07:00,2343.302,ok,current_change,120.789,4.866,650.224,139.995,665.265,0.977
2026-08-04T17:09:24.346-07:00,2345.316,ok,current_change,120.750,4.895,652.538,145.780,668.736,0.976
2026-08-04T17:09:25.353-07:00,2346.323,ok,current_change,120.672,4.870,650.224,139.995,665.265,0.977
2026-08-04T17:09:28.371-07:00,2349.341,ok,current_change,120.838,4.897,654.852,141.152,669.893,0.978
2026-08-04T17:09:33.401-07:00,2354.371,ok,current_change,120.867,4.880,652.538,139.995,667.579,0.977
2026-08-04T17:09:37.426-07:00,2358.396,ok,current_change,120.858,4.929,657.166,141.152,673.364,0.978
2026-08-04T17:09:38.433-07:00,2359.403,ok,current_change,120.867,4.875,650.224,145.780,666.422,0.976
2026-08-04T17:09:42.458-07:00,2363.428,ok,current_change,121.004,4.900,652.538,151.565,669.893,0.974
2026-08-04T17:09:44.471-07:00,2365.440,ok,current_change,120.965,4.870,650.224,139.995,666.422,0.977
2026-08-04T17:09:45.477-07:00,2366.447,ok,current_change,121.082,4.886,654.852,145.780,671.050,0.976
2026-08-04T17:09:46.484-07:00,2367.454,ok,current_change,120.955,4.862,650.224,139.995,665.265,0.977
2026-08-04T17:09:47.490-07:00,2368.460,ok,current_change,121.091,4.882,654.852,135.367,671.050,0.978
2026-08-04T17:09:49.503-07:00,2370.473,ok,current_change,121.101,4.862,650.224,145.780,666.422,0.976
2026-08-04T17:09:51.517-07:00,2372.487,ok,current_change,120.819,4.888,650.224,150.408,668.736,0.974
2026-08-04T17:09:52.523-07:00,2373.493,ok,current_change,120.828,4.861,647.910,134.210,662.951,0.979
2026-08-04T17:09:53.530-07:00,2374.500,ok,current_change,120.828,4.893,652.538,139.995,668.736,0.977
2026-08-04T17:09:54.536-07:00,2375.506,ok,current_change,120.887,4.919,654.852,156.193,673.364,0.972
2026-08-04T17:09:55.544-07:00,2376.514,ok,current_change,120.760,4.875,650.224,145.780,666.422,0.976
2026-08-04T17:09:57.557-07:00,2378.527,ok,current_change,120.809,4.895,654.852,145.780,672.207,0.976
2026-08-04T17:10:01.581-07:00,2382.551,ok,current_change,120.682,4.851,645.596,144.623,662.951,0.975
2026-08-04T17:10:02.587-07:00,2383.557,ok,current_change,120.897,4.877,647.910,145.780,665.265,0.976
2026-08-04T17:10:06.611-07:00,2387.582,ok,current_change,120.809,4.897,650.224,156.193,669.893,0.972
2026-08-04T17:10:07.619-07:00,2388.589,ok,current_change,120.955,4.879,650.224,139.995,666.422,0.977
2026-08-04T17:10:09.625-07:00,2390.598,ok,current_change,120.936,4.895,652.538,150.408,669.893,0.974
2026-08-04T17:10:10.627-07:00,2391.601,ok,current_change,120.887,4.875,650.224,139.995,666.422,0.977
2026-08-04T17:10:15.650-07:00,2396.620,ok,current_change,120.858,4.893,652.538,150.408,669.893,0.974
2026-08-04T17:10:17.662-07:00,2398.632,ok,current_change,120.945,4.875,652.538,139.995,667.579,0.977
2026-08-04T17:10:18.669-07:00,2399.639,ok,current_change,120.945,4.915,654.852,151.565,672.207,0.974
2026-08-04T17:10:19.675-07:00,2400.645,ok,current_change,120.838,4.888,652.538,145.780,668.736,0.976
2026-08-04T17:10:23.699-07:00,2404.669,ok,current_change,120.867,4.868,650.224,139.995,666.422,0.977
2026-08-04T17:10:24.706-07:00,2405.676,ok,current_change,120.789,4.893,650.224,150.408,668.736,0.974
2026-08-04T17:10:26.718-07:00,2407.688,ok,current_change,120.838,4.855,647.910,139.995,664.108,0.977
2026-08-04T17:10:27.725-07:00,2408.695,ok,current_change,120.799,4.888,650.224,150.408,668.736,0.974
2026-08-04T17:10:28.731-07:00,2409.701,ok,current_change,120.770,4.866,650.224,139.995,665.265,0.977
2026-08-04T17:10:29.740-07:00,2410.710,ok,current_change,120.760,4.891,652.538,139.995,668.736,0.977
2026-08-04T17:10:36.781-07:00,2417.751,ok,current_change,120.945,4.908,652.538,156.193,672.207,0.972
2026-08-04T17:10:37.788-07:00,2418.758,ok,current_change,120.789,4.879,650.224,139.995,666.422,0.977
2026-08-04T17:10:40.806-07:00,2421.776,ok,current_change,120.711,4.859,647.910,139.995,664.108,0.977
2026-08-04T17:10:41.812-07:00,2422.782,ok,current_change,120.711,4.897,652.538,139.995,668.736,0.977
2026-08-04T17:10:42.820-07:00,2423.790,ok,current_change,120.750,4.928,654.852,151.565,673.364,0.974
2026-08-04T17:10:43.827-07:00,2424.797,ok,current_change,120.702,4.871,650.224,145.780,666.422,0.976
2026-08-04T17:10:45.839-07:00,2426.809,ok,current_change,120.887,4.906,652.538,151.565,671.050,0.974
2026-08-04T17:10:46.845-07:00,2427.816,ok,current_change,120.770,4.882,652.538,139.995,667.579,0.977
2026-08-04T17:10:49.865-07:00,2430.835,ok,current_change,120.984,4.866,650.224,145.780,666.422,0.976
2026-08-04T17:10:51.877-07:00,2432.847,ok,current_change,120.838,4.884,650.224,145.780,667.579,0.976
2026-08-04T17:10:54.897-07:00,2435.867,ok,current_change,120.780,4.909,652.538,151.565,671.050,0.974
2026-08-04T17:10:55.904-07:00,2436.874,ok,current_change,120.858,4.879,650.224,145.780,667.579,0.976
2026-08-04T17:11:00.934-07:00,2441.904,ok,current_change,120.672,4.900,650.224,156.193,669.893,0.972
2026-08-04T17:11:01.940-07:00,2442.910,ok,current_change,120.721,4.851,645.596,144.623,662.951,0.975
2026-08-04T17:11:03.953-07:00,2444.922,ok,current_change,120.965,4.880,650.224,150.408,667.579,0.974
2026-08-04T17:11:09.987-07:00,2450.957,ok,current_change,120.867,4.909,652.538,151.565,671.050,0.974
2026-08-04T17:11:10.994-07:00,2451.964,ok,current_change,120.955,4.893,654.852,141.152,669.893,0.978
2026-08-04T17:11:12.000-07:00,2452.970,ok,current_change,120.877,4.866,650.224,134.210,667.579,0.977
2026-08-04T17:11:13.007-07:00,2453.977,ok,current_change,120.936,4.897,652.538,150.408,669.893,0.974
2026-08-04T17:11:15.019-07:00,2455.989,ok,current_change,121.004,4.866,650.224,139.995,666.422,0.977
2026-08-04T17:11:20.050-07:00,2461.020,ok,current_change,120.945,4.882,652.538,145.780,668.736,0.976
2026-08-04T17:11:25.081-07:00,2466.051,ok,current_change,120.789,4.911,652.538,151.565,671.050,0.974
2026-08-04T17:11:26.090-07:00,2467.060,ok,current_change,120.780,4.880,650.224,145.780,667.579,0.976
2026-08-04T17:11:29.108-07:00,2470.078,ok,current_change,120.828,4.862,650.224,139.995,665.265,0.977
2026-08-04T17:11:31.120-07:00,2472.090,ok,current_change,120.994,4.908,652.538,156.193,672.207,0.972
2026-08-04T17:11:32.127-07:00,2473.097,ok,current_change,120.897,4.875,650.224,150.408,666.422,0.976
2026-08-04T17:11:35.145-07:00,2476.115,ok,current_change,120.955,4.891,654.852,141.152,669.893,0.978
2026-08-04T17:11:38.163-07:00,2479.133,ok,current_change,120.887,4.911,654.852,145.780,672.207,0.976
2026-08-04T17:11:39.169-07:00,2480.139,ok,current_change,120.945,4.870,650.224,139.995,666.422,0.977
2026-08-04T17:11:43.193-07:00,2484.163,ok,current_change,120.936,4.900,652.538,156.193,671.050,0.972
2026-08-04T17:11:45.207-07:00,2486.177,ok,current_change,120.906,4.871,650.224,139.995,666.422,0.979
2026-08-04T17:11:46.213-07:00,2487.183,ok,current_change,120.906,4.899,652.538,150.408,669.893,0.974
2026-08-04T17:11:48.226-07:00,2489.196,ok,current_change,120.906,4.880,654.852,135.367,668.736,0.979
2026-08-04T17:11:49.234-07:00,2490.204,ok,current_change,121.013,4.926,657.166,151.565,674.521,0.974
2026-08-04T17:11:50.240-07:00,2491.210,ok,current_change,120.858,4.899,652.538,145.780,666.422,0.976
2026-08-04T17:11:53.258-07:00,2494.228,ok,current_change,120.799,4.882,647.910,145.780,665.265,0.976
2026-08-04T17:11:55.273-07:00,2496.243,ok,current_change,120.877,4.902,652.538,156.193,669.893,0.974
2026-08-04T17:11:56.279-07:00,2497.249,ok,current_change,120.916,4.873,650.224,139.995,666.422,0.977
2026-08-04T17:11:58.291-07:00,2499.262,ok,current_change,120.916,4.904,652.538,150.408,669.893,0.974
2026-08-04T17:11:59.299-07:00,2500.269,ok,current_change,120.936,4.880,652.538,139.995,667.579,0.977
2026-08-04T17:12:00.306-07:00,2501.276,ok,current_change,120.848,4.908,654.852,141.152,671.050,0.978
2026-08-04T17:12:02.318-07:00,2503.288,ok,current_change,120.887,4.891,652.538,145.780,668.736,0.976
2026-08-04T17:12:03.324-07:00,2504.295,ok,current_change,120.897,4.875,654.852,141.152,671.050,0.978
2026-08-04T17:12:04.333-07:00,2505.303,ok,current_change,120.897,4.897,652.538,150.408,669.893,0.974
2026-08-04T17:12:05.340-07:00,2506.310,ok,current_change,121.013,4.868,650.224,139.995,669.893,0.978
2026-08-04T17:12:06.346-07:00,2507.316,ok,current_change,121.013,4.888,652.538,145.780,669.893,0.976
2026-08-04T17:12:08.356-07:00,2509.329,ok,current_change,121.033,4.868,647.910,145.780,665.265,0.976
2026-08-04T17:12:10.361-07:00,2511.334,ok,current_change,120.877,4.895,652.538,150.408,669.893,0.974
2026-08-04T17:12:13.372-07:00,2514.342,ok,current_change,120.780,4.928,654.852,151.565,671.050,0.974
2026-08-04T17:12:14.379-07:00,2515.349,ok,current_change,120.780,4.895,652.538,145.780,668.736,0.976
2026-08-04T17:12:17.397-07:00,2518.367,ok,current_change,120.906,4.877,652.538,139.995,667.579,0.977
2026-08-04T17:12:19.410-07:00,2520.380,ok,current_change,120.984,4.900,654.852,145.780,671.050,0.976
2026-08-04T17:12:20.416-07:00,2521.386,ok,current_change,120.819,4.864,647.910,145.780,665.265,0.976
2026-08-04T17:12:22.428-07:00,2523.399,ok,current_change,120.604,4.895,652.538,145.780,668.736,0.976
2026-08-04T17:12:23.435-07:00,2524.405,ok,current_change,120.487,4.913,654.852,141.152,669.893,0.978
2026-08-04T17:12:26.453-07:00,2527.423,ok,current_change,120.526,4.891,652.538,139.995,667.579,0.977
2026-08-04T17:12:27.460-07:00,2528.430,ok,current_change,120.448,4.937,654.852,151.565,673.364,0.974
2026-08-04T17:12:28.466-07:00,2529.436,ok,current_change,120.487,4.880,650.224,139.995,668.736,0.977
2026-08-04T17:12:29.473-07:00,2530.443,ok,current_change,120.633,4.911,654.852,145.780,671.050,0.976
2026-08-04T17:12:31.485-07:00,2532.455,ok,current_change,120.867,4.895,654.852,141.152,669.893,0.978
2026-08-04T17:12:35.511-07:00,2536.481,ok,current_change,120.741,4.929,654.852,151.565,673.364,0.974
2026-08-04T17:12:36.517-07:00,2537.487,ok,current_change,120.741,4.897,652.538,145.780,668.736,0.976
2026-08-04T17:12:37.525-07:00,2538.495,ok,current_change,120.877,4.938,659.480,141.152,675.678,0.978
2026-08-04T17:12:38.532-07:00,2539.502,ok,current_change,120.721,4.911,654.852,145.780,671.050,0.976
2026-08-04T17:12:39.538-07:00,2540.508,ok,current_change,120.711,4.895,652.538,139.995,668.736,0.977
2026-08-04T17:12:42.557-07:00,2543.527,ok,current_change,120.643,4.862,647.910,139.995,664.108,0.977
2026-08-04T17:12:43.563-07:00,2544.533,ok,current_change,120.594,4.879,650.224,150.408,667.579,0.974
2026-08-04T17:12:44.570-07:00,2545.540,ok,current_change,120.565,4.899,652.538,139.995,668.736,0.977
2026-08-04T17:12:50.605-07:00,2551.576,ok,current_change,120.828,4.875,652.538,134.210,666.422,0.979
2026-08-04T17:12:51.612-07:00,2552.582,ok,current_change,120.789,4.904,654.852,141.152,671.050,0.974
2026-08-04T17:12:53.624-07:00,2554.594,ok,current_change,120.828,4.873,650.224,139.995,666.422,0.977
2026-08-04T17:12:56.643-07:00,2557.613,ok,current_change,120.760,4.908,654.852,141.152,671.050,0.978
2026-08-04T17:12:59.661-07:00,2560.631,ok,current_change,120.770,4.888,652.538,135.367,667.579,0.979
2026-08-04T17:13:00.667-07:00,2561.638,ok,current_change,120.653,4.906,652.538,145.780,669.893,0.976
2026-08-04T17:13:04.691-07:00,2565.662,ok,current_change,120.731,4.880,650.224,139.995,666.422,0.977
2026-08-04T17:13:08.716-07:00,2569.686,ok,current_change,120.848,4.906,654.852,145.780,669.893,0.974
2026-08-04T17:13:10.728-07:00,2571.698,ok,current_change,120.867,4.879,652.538,139.995,667.579,0.977
2026-08-04T17:13:11.735-07:00,2572.705,ok,current_change,120.789,4.917,654.852,151.565,672.207,0.974
2026-08-04T17:13:12.741-07:00,2573.711,ok,current_change,120.799,4.900,654.852,141.152,669.893,0.978
2026-08-04T17:13:15.759-07:00,2576.730,ok,current_change,120.867,4.871,650.224,145.780,666.422,0.976
2026-08-04T17:13:19.786-07:00,2580.756,ok,current_change,120.887,4.915,654.852,145.780,672.207,0.976
2026-08-04T17:13:20.792-07:00,2581.762,ok,current_change,120.887,4.895,652.538,145.780,669.893,0.976
2026-08-04T17:13:26.828-07:00,2587.798,ok,current_change,120.926,4.922,657.166,145.780,673.364,0.976
2026-08-04T17:13:27.836-07:00,2588.806,ok,current_change,120.819,4.891,652.538,139.995,668.736,0.977
2026-08-04T17:13:31.860-07:00,2592.830,ok,current_change,120.897,4.931,654.852,145.780,671.050,0.976
2026-08-04T17:13:32.868-07:00,2593.838,ok,current_change,120.926,4.882,652.538,145.780,668.736,0.976
2026-08-04T17:13:34.880-07:00,2595.850,ok,current_change,120.819,4.913,654.852,145.780,672.207,0.976
2026-08-04T17:13:38.905-07:00,2599.875,ok,current_change,120.819,4.880,652.538,139.995,667.579,0.977
2026-08-04T17:13:39.911-07:00,2600.881,ok,current_change,120.984,4.913,654.852,151.565,672.207,0.974
2026-08-04T17:13:40.918-07:00,2601.888,ok,current_change,120.877,4.895,654.852,141.152,669.893,0.978
2026-08-04T17:13:47.960-07:00,2608.930,ok,current_change,120.984,4.913,657.166,141.152,672.207,0.978
2026-08-04T17:13:49.972-07:00,2610.942,ok,current_change,120.906,4.893,652.538,139.995,667.579,0.977
2026-08-04T17:13:52.990-07:00,2613.960,ok,current_change,120.936,4.909,657.166,141.152,672.207,0.978
2026-08-04T17:13:56.009-07:00,2616.979,ok,current_change,120.906,4.891,652.538,139.995,668.736,0.977
2026-08-04T17:14:00.035-07:00,2621.005,ok,current_change,120.711,4.911,652.538,151.565,671.050,0.974
2026-08-04T17:14:02.047-07:00,2623.017,ok,current_change,120.838,4.893,652.538,145.780,668.736,0.976
2026-08-04T17:14:05.065-07:00,2626.036,ok,current_change,121.062,4.949,659.480,151.565,677.992,0.974
2026-08-04T17:14:06.072-07:00,2627.042,ok,current_change,120.858,4.886,654.852,145.780,672.207,0.976
2026-08-04T17:14:08.081-07:00,2629.054,ok,current_change,120.838,4.904,652.538,151.565,671.050,0.974
2026-08-04T17:14:09.084-07:00,2630.057,ok,current_change,120.955,4.888,652.538,139.995,668.736,0.977
2026-08-04T17:14:11.089-07:00,2632.062,ok,current_change,120.897,4.935,657.166,156.193,675.678,0.972
2026-08-04T17:14:12.092-07:00,2633.065,ok,current_change,120.819,4.891,652.538,145.780,668.736,0.976
2026-08-04T17:14:14.103-07:00,2635.074,ok,current_change,120.760,4.919,654.852,151.565,668.736,0.976
2026-08-04T17:14:15.110-07:00,2636.080,ok,current_change,120.858,4.902,654.852,145.780,671.050,0.976
2026-08-04T17:14:16.117-07:00,2637.087,ok,current_change,121.023,4.940,659.480,146.937,676.835,0.976
2026-08-04T17:14:17.123-07:00,2638.093,ok,current_change,121.072,4.908,647.910,150.408,665.265,0.974
2026-08-04T17:14:19.135-07:00,2640.105,ok,current_change,120.750,4.857,645.596,150.408,664.108,0.974
2026-08-04T17:14:20.143-07:00,2641.113,ok,current_change,120.809,4.888,652.538,139.995,668.736,0.977
2026-08-04T17:14:21.150-07:00,2642.120,ok,current_change,120.789,4.911,657.166,135.367,671.050,0.979
2026-08-04T17:14:24.168-07:00,2645.138,ok,current_change,120.760,4.937,659.480,141.152,674.521,0.978
2026-08-04T17:14:28.194-07:00,2649.164,ok,current_change,120.780,4.917,657.166,141.152,672.207,0.978
2026-08-04T17:14:31.212-07:00,2652.182,ok,current_change,120.760,4.886,652.538,139.995,667.579,0.977
2026-08-04T17:14:32.219-07:00,2653.189,ok,current_change,120.809,4.904,654.852,141.152,671.050,0.978
2026-08-04T17:14:36.243-07:00,2657.213,ok,current_change,120.760,4.931,659.480,135.367,673.364,0.979
2026-08-04T17:14:39.262-07:00,2660.232,ok,current_change,120.809,4.902,654.852,141.152,669.893,0.978
2026-08-04T17:14:40.268-07:00,2661.239,ok,current_change,120.760,4.886,652.538,139.995,667.579,0.977
2026-08-04T17:14:41.275-07:00,2662.245,ok,current_change,120.819,4.908,654.852,141.152,671.050,0.978
2026-08-04T17:14:43.289-07:00,2664.259,ok,current_change,120.770,4.888,657.166,151.565,674.521,0.974
2026-08-04T17:14:46.307-07:00,2667.277,ok,current_change,120.955,4.906,654.852,145.780,671.050,0.976
2026-08-04T17:14:48.321-07:00,2669.291,ok,current_change,120.936,4.931,659.480,146.937,675.678,0.976
2026-08-04T17:14:50.333-07:00,2671.303,ok,current_change,120.858,4.897,652.538,145.780,669.893,0.976
2026-08-04T17:14:51.340-07:00,2672.310,ok,current_change,120.838,4.917,654.852,151.565,672.207,0.974
2026-08-04T17:14:54.359-07:00,2675.329,ok,current_change,120.760,4.940,657.166,156.193,675.678,0.972
2026-08-04T17:14:55.366-07:00,2676.336,ok,current_change,120.809,4.913,654.852,145.780,672.207,0.976
2026-08-04T17:14:56.372-07:00,2677.342,ok,current_change,120.711,4.886,652.538,139.995,667.579,0.977
2026-08-04T17:14:57.381-07:00,2678.351,ok,current_change,120.760,4.915,654.852,145.780,672.207,0.976
2026-08-04T17:15:06.434-07:00,2687.404,ok,current_change,120.799,4.886,657.166,141.152,672.207,0.978
2026-08-04T17:15:07.441-07:00,2688.411,ok,current_change,120.692,4.911,652.538,151.565,671.050,0.974
2026-08-04T17:15:10.459-07:00,2691.429,ok,current_change,120.663,4.942,657.166,145.780,674.521,0.976
2026-08-04T17:15:11.466-07:00,2692.436,ok,current_change,120.838,4.900,654.852,141.152,668.736,0.977
2026-08-04T17:15:12.474-07:00,2693.444,ok,current_change,120.799,4.920,654.852,151.565,672.207,0.974
2026-08-04T17:15:13.480-07:00,2694.450,ok,current_change,120.877,4.890,652.538,139.995,668.736,0.977
2026-08-04T17:15:14.487-07:00,2695.457,ok,current_change,120.926,4.915,657.166,141.152,672.207,0.978
2026-08-04T17:15:15.494-07:00,2696.464,ok,current_change,120.799,4.964,659.480,151.565,677.992,0.974
2026-08-04T17:15:16.500-07:00,2697.470,ok,current_change,120.770,4.888,650.224,145.780,667.579,0.977
2026-08-04T17:15:18.514-07:00,2699.484,ok,current_change,120.887,4.911,654.852,145.780,672.207,0.976
2026-08-04T17:15:22.538-07:00,2703.508,ok,current_change,120.624,4.861,647.910,139.995,664.108,0.977
2026-08-04T17:15:23.544-07:00,2704.514,ok,current_change,120.633,4.924,654.852,151.565,672.207,0.974
2026-08-04T17:15:27.568-07:00,2708.538,ok,current_change,120.897,4.886,657.166,135.367,671.050,0.979
2026-08-04T17:15:28.583-07:00,2709.553,ok,current_change,120.789,4.931,654.852,156.193,673.364,0.974
2026-08-04T17:15:31.601-07:00,2712.571,ok,current_change,121.013,4.909,654.852,151.565,673.364,0.974
2026-08-04T17:15:32.608-07:00,2713.578,ok,current_change,120.819,4.879,650.224,145.780,667.579,0.976
2026-08-04T17:15:34.622-07:00,2715.592,ok,current_change,120.887,4.937,659.480,141.152,675.678,0.978
2026-08-04T17:15:35.629-07:00,2716.599,ok,current_change,120.799,4.900,654.852,141.152,669.893,0.978
2026-08-04T17:15:36.635-07:00,2717.605,ok,current_change,120.789,4.942,652.538,156.193,672.207,0.972
2026-08-04T17:15:37.642-07:00,2718.612,ok,current_change,120.858,4.913,654.852,145.780,672.207,0.976
2026-08-04T17:15:38.650-07:00,2719.620,ok,current_change,120.906,4.897,654.852,141.152,667.579,0.977
2026-08-04T17:15:39.657-07:00,2720.627,ok,current_change,120.828,4.920,657.166,141.152,673.364,0.978
2026-08-04T17:15:41.669-07:00,2722.639,ok,current_change,120.663,4.978,661.794,157.350,680.306,0.973
2026-08-04T17:15:42.676-07:00,2723.646,ok,current_change,120.702,4.891,652.538,145.780,668.736,0.976
2026-08-04T17:15:44.689-07:00,2725.659,ok,current_change,120.858,4.933,659.480,141.152,674.521,0.978
2026-08-04T17:15:45.696-07:00,2726.666,ok,current_change,120.721,4.900,654.852,141.152,669.893,0.978
2026-08-04T17:15:46.702-07:00,2727.672,ok,current_change,121.091,4.957,659.480,157.350,679.149,0.973
2026-08-04T17:15:47.709-07:00,2728.679,ok,current_change,120.799,4.888,652.538,145.780,668.736,0.976
2026-08-04T17:15:49.722-07:00,2730.692,ok,current_change,120.887,4.929,657.166,151.565,674.521,0.974
2026-08-04T17:15:50.729-07:00,2731.699,ok,current_change,120.926,4.962,664.108,141.152,669.893,0.978
2026-08-04T17:15:51.735-07:00,2732.705,ok,current_change,120.955,4.938,659.480,146.937,675.678,0.976
2026-08-04T17:15:52.742-07:00,2733.712,ok,current_change,121.004,4.955,661.794,146.937,677.992,0.976
2026-08-04T17:15:53.750-07:00,2734.720,ok,current_change,120.809,4.877,650.224,139.995,666.422,0.977
2026-08-04T17:15:54.756-07:00,2735.726,ok,current_change,120.975,4.926,657.166,151.565,674.521,0.974
2026-08-04T17:15:56.768-07:00,2737.738,ok,current_change,120.692,4.958,661.794,141.152,676.835,0.978
2026-08-04T17:15:58.781-07:00,2739.751,ok,current_change,120.916,4.884,652.538,145.780,668.736,0.976
2026-08-04T17:16:00.793-07:00,2741.763,ok,current_change,120.721,4.926,657.166,141.152,671.050,0.978
2026-08-04T17:16:01.800-07:00,2742.770,ok,current_change,120.936,4.942,659.480,146.937,676.835,0.976
2026-08-04T17:16:03.812-07:00,2744.782,ok,current_change,120.682,4.920,659.480,141.152,674.521,0.978
2026-08-04T17:16:05.825-07:00,2746.795,ok,current_change,120.887,4.938,659.480,141.152,669.893,0.978
2026-08-04T17:16:08.840-07:00,2749.814,ok,current_change,120.848,4.911,654.852,145.780,672.207,0.976
2026-08-04T17:16:10.845-07:00,2751.819,ok,current_change,120.887,4.884,652.538,145.780,668.736,0.976
2026-08-04T17:16:11.848-07:00,2752.821,ok,current_change,120.594,4.964,661.794,141.152,677.992,0.978
2026-08-04T17:16:13.856-07:00,2754.826,ok,current_change,120.741,4.926,657.166,145.780,673.364,0.976
2026-08-04T17:16:15.870-07:00,2756.840,ok,current_change,120.828,4.908,654.852,141.152,671.050,0.978
2026-08-04T17:16:17.883-07:00,2758.853,ok,current_change,120.848,4.958,659.480,151.565,677.992,0.974
2026-08-04T17:16:18.889-07:00,2759.859,ok,current_change,121.052,4.919,657.166,145.780,673.364,0.976
2026-08-04T17:16:19.898-07:00,2760.868,ok,current_change,120.750,4.902,654.852,141.152,669.893,0.978
2026-08-04T17:16:21.910-07:00,2762.880,ok,current_change,120.936,4.931,652.538,139.995,668.736,0.977
2026-08-04T17:16:22.916-07:00,2763.886,ok,current_change,120.945,4.948,659.480,151.565,676.835,0.974
2026-08-04T17:16:23.923-07:00,2764.893,ok,current_change,120.936,4.900,654.852,145.780,671.050,0.976
2026-08-04T17:16:24.931-07:00,2765.901,ok,current_change,120.848,4.917,657.166,141.152,672.207,0.978
2026-08-04T17:16:25.938-07:00,2766.908,ok,current_change,120.731,4.937,657.166,145.780,674.521,0.976
2026-08-04T17:16:26.944-07:00,2767.914,ok,current_change,120.867,4.953,661.794,146.937,677.992,0.976
2026-08-04T17:16:27.951-07:00,2768.921,ok,current_change,120.838,4.933,657.166,151.565,674.521,0.974
2026-08-04T17:16:32.981-07:00,2773.951,ok,current_change,120.594,4.891,657.166,151.565,675.678,0.974
2026-08-04T17:16:33.987-07:00,2774.957,ok,current_change,120.672,4.942,657.166,145.780,674.521,0.976
2026-08-04T17:16:36.000-07:00,2776.970,ok,current_change,120.702,4.920,654.852,145.780,672.207,0.976
2026-08-04T17:16:37.006-07:00,2777.976,ok,current_change,120.653,4.953,659.480,146.937,676.835,0.976
2026-08-04T17:16:38.013-07:00,2778.983,ok,current_change,120.799,4.937,657.166,145.780,674.521,0.976
2026-08-04T17:16:41.031-07:00,2782.001,ok,current_change,120.926,4.900,652.538,151.565,671.050,0.974
2026-08-04T17:16:46.062-07:00,2787.032,ok,current_change,120.858,4.984,664.108,152.722,681.463,0.974
2026-08-04T17:16:47.070-07:00,2788.041,ok,current_change,120.809,4.908,654.852,141.152,671.050,0.978
2026-08-04T17:16:48.077-07:00,2789.047,ok,current_change,120.867,4.960,661.794,146.937,677.992,0.976
2026-08-04T17:16:50.089-07:00,2791.059,ok,current_change,120.867,4.904,654.852,145.780,671.050,0.976
2026-08-04T17:16:52.102-07:00,2793.072,ok,current_change,120.809,4.929,657.166,141.152,673.364,0.976
2026-08-04T17:16:53.108-07:00,2794.078,ok,current_change,120.789,4.973,664.108,141.152,679.149,0.978
2026-08-04T17:16:54.115-07:00,2795.085,ok,current_change,120.799,4.906,652.538,151.565,671.050,0.974
2026-08-04T17:16:55.121-07:00,2796.091,ok,current_change,120.828,4.926,657.166,141.152,673.364,0.978
2026-08-04T17:16:56.128-07:00,2797.098,ok,current_change,120.819,4.948,657.166,156.193,676.835,0.972
2026-08-04T17:16:58.140-07:00,2799.110,ok,current_change,120.770,4.929,657.166,145.780,673.364,0.976
2026-08-04T17:17:00.152-07:00,2801.122,ok,current_change,120.643,4.902,652.538,145.780,668.736,0.977
2026-08-04T17:17:01.158-07:00,2802.129,ok,current_change,120.575,4.951,657.166,151.565,675.678,0.974
2026-08-04T17:17:03.171-07:00,2804.141,ok,current_change,120.497,4.933,657.166,145.780,672.207,0.976
2026-08-04T17:17:05.183-07:00,2806.153,ok,current_change,120.760,4.908,654.852,145.780,671.050,0.976
2026-08-04T17:17:06.189-07:00,2807.159,ok,current_change,120.604,4.929,657.166,145.780,674.521,0.976
2026-08-04T17:17:13.214-07:00,2814.184,ok,current_change,120.731,4.955,659.480,146.937,676.835,0.976
2026-08-04T17:17:14.220-07:00,2815.190,ok,current_change,120.633,4.933,657.166,145.780,673.364,0.976
2026-08-04T17:17:15.227-07:00,2816.197,ok,current_change,120.711,4.915,654.852,141.152,671.050,0.978
2026-08-04T17:17:16.233-07:00,2817.203,ok,current_change,120.604,4.964,659.480,151.565,677.992,0.974
2026-08-04T17:17:17.240-07:00,2818.210,ok,current_change,120.750,4.924,657.166,141.152,673.364,0.978
2026-08-04T17:17:19.252-07:00,2820.222,ok,current_change,120.555,4.962,661.794,141.152,676.835,0.978
2026-08-04T17:17:20.259-07:00,2821.229,ok,current_change,120.663,4.911,654.852,141.152,672.207,0.978
2026-08-04T17:17:22.271-07:00,2823.241,ok,current_change,120.624,4.946,659.480,146.937,675.678,0.976
2026-08-04T17:17:25.289-07:00,2826.259,ok,current_change,120.594,4.928,657.166,141.152,672.207,0.978
2026-08-04T17:17:30.319-07:00,2831.289,ok,current_change,120.312,4.900,652.538,139.995,667.579,0.977
2026-08-04T17:17:32.333-07:00,2833.303,ok,current_change,120.575,4.933,657.166,141.152,673.364,0.978
2026-08-04T17:17:33.339-07:00,2834.309,ok,current_change,120.575,4.960,659.480,151.565,676.835,0.974
2026-08-04T17:17:34.346-07:00,2835.316,ok,current_change,120.594,4.926,654.852,145.780,674.521,0.976
2026-08-04T17:17:35.352-07:00,2836.322,ok,current_change,120.672,4.946,657.166,151.565,675.678,0.974
2026-08-04T17:17:38.372-07:00,2839.342,ok,current_change,120.692,4.962,659.480,151.565,677.992,0.974
2026-08-04T17:17:39.379-07:00,2840.349,ok,current_change,120.672,4.902,654.852,141.152,675.678,0.978
2026-08-04T17:17:40.386-07:00,2841.356,ok,current_change,120.721,4.976,661.794,157.350,680.306,0.973
2026-08-04T17:17:41.393-07:00,2842.363,ok,current_change,120.526,4.897,652.538,135.367,667.579,0.979
2026-08-04T17:17:42.400-07:00,2843.370,ok,current_change,120.536,4.937,657.166,145.780,673.364,0.976
2026-08-04T17:17:44.412-07:00,2845.382,ok,current_change,120.711,4.893,652.538,139.995,667.579,0.976
2026-08-04T17:17:45.419-07:00,2846.389,ok,current_change,120.692,4.933,657.166,145.780,673.364,0.976
2026-08-04T17:17:46.427-07:00,2847.398,ok,current_change,120.780,4.958,661.794,141.152,677.992,0.978
2026-08-04T17:17:47.434-07:00,2848.404,ok,current_change,120.682,4.906,652.538,150.408,669.893,0.974
2026-08-04T17:17:48.440-07:00,2849.411,ok,current_change,120.819,4.940,659.480,146.937,675.678,0.976
2026-08-04T17:17:50.453-07:00,2851.423,ok,current_change,120.936,4.922,657.166,145.780,673.364,0.976
2026-08-04T17:17:51.461-07:00,2852.431,ok,current_change,120.789,4.957,661.794,141.152,677.992,0.978
2026-08-04T17:17:53.474-07:00,2854.444,ok,current_change,120.838,4.917,654.852,145.780,672.207,0.976
2026-08-04T17:17:55.486-07:00,2856.456,ok,current_change,120.799,4.948,659.480,146.937,676.835,0.976
2026-08-04T17:17:56.495-07:00,2857.465,ok,current_change,120.819,4.928,659.480,135.367,673.364,0.979
2026-08-04T17:17:57.501-07:00,2858.471,ok,current_change,120.643,4.957,657.166,156.193,676.835,0.972
2026-08-04T17:17:58.508-07:00,2859.478,ok,current_change,120.731,4.929,657.166,145.780,673.364,0.976
2026-08-04T17:18:02.532-07:00,2863.502,ok,current_change,120.799,4.975,661.794,157.350,675.678,0.974
2026-08-04T17:18:03.538-07:00,2864.508,ok,current_change,120.877,4.926,657.166,141.152,673.364,0.978
2026-08-04T17:18:06.556-07:00,2867.526,ok,current_change,120.867,4.957,661.794,146.937,677.992,0.976
2026-08-04T17:18:08.565-07:00,2869.539,ok,current_change,120.819,4.938,659.480,146.937,669.893,0.978
2026-08-04T17:18:09.568-07:00,2870.541,ok,current_change,120.731,4.917,652.538,156.193,672.207,0.972
2026-08-04T17:18:11.573-07:00,2872.547,ok,current_change,120.975,4.955,661.794,141.152,677.992,0.978
2026-08-04T17:18:13.582-07:00,2874.552,ok,current_change,120.741,4.933,657.166,145.780,674.521,0.976
2026-08-04T17:18:14.588-07:00,2875.558,ok,current_change,120.799,4.967,661.794,151.565,679.149,0.974
2026-08-04T17:18:15.595-07:00,2876.565,ok,current_change,120.789,4.922,657.166,145.780,673.364,0.976
2026-08-04T17:18:16.601-07:00,2877.571,ok,current_change,120.994,4.949,661.794,146.937,677.992,0.976
2026-08-04T17:18:17.608-07:00,2878.578,ok,current_change,121.072,4.973,664.108,152.722,681.463,0.974
2026-08-04T17:18:18.614-07:00,2879.584,ok,current_change,120.828,4.933,659.480,141.152,674.521,0.978
2026-08-04T17:18:19.622-07:00,2880.592,ok,current_change,120.848,4.951,657.166,156.193,675.678,0.972
2026-08-04T17:18:21.634-07:00,2882.604,ok,current_change,120.672,4.920,654.852,145.780,672.207,0.976
2026-08-04T17:18:24.652-07:00,2885.622,ok,current_change,120.848,4.958,659.480,151.565,677.992,0.974
2026-08-04T17:18:26.665-07:00,2887.635,ok,current_change,121.013,4.928,657.166,145.780,674.521,0.976
2026-08-04T17:18:27.671-07:00,2888.641,ok,current_change,120.926,4.944,659.480,146.937,676.835,0.976
2026-08-04T17:18:28.678-07:00,2889.648,ok,current_change,120.926,4.913,657.166,141.152,672.207,0.978
2026-08-04T17:18:29.684-07:00,2890.654,ok,current_change,120.965,4.948,659.480,151.565,676.835,0.974
2026-08-04T17:18:31.698-07:00,2892.668,ok,current_change,120.965,4.919,654.852,151.565,673.364,0.974
2026-08-04T17:18:32.704-07:00,2893.674,ok,current_change,120.965,4.966,664.108,141.152,679.149,0.978
2026-08-04T17:18:34.716-07:00,2895.686,ok,current_change,120.760,4.929,654.852,151.565,673.364,0.974
2026-08-04T17:18:37.736-07:00,2898.706,ok,current_change,120.984,4.957,661.794,146.937,677.992,0.976
2026-08-04T17:18:42.766-07:00,2903.736,ok,current_change,121.072,4.920,657.166,145.780,674.521,0.976
2026-08-04T17:18:44.778-07:00,2905.748,ok,current_change,121.033,4.957,659.480,146.937,676.835,0.976
2026-08-04T17:18:47.796-07:00,2908.766,ok,current_change,120.731,4.926,659.480,146.937,675.678,0.976
2026-08-04T17:18:48.803-07:00,2909.773,ok,current_change,120.916,4.944,659.480,146.937,676.835,0.976
2026-08-04T17:18:50.815-07:00,2911.785,ok,current_change,120.955,4.995,668.736,142.309,683.777,0.978
2026-08-04T17:18:51.821-07:00,2912.792,ok,current_change,120.848,5.040,671.050,158.507,689.562,0.973
2026-08-04T17:18:52.828-07:00,2913.798,ok,current_change,120.780,4.996,666.422,146.937,682.620,0.976
2026-08-04T17:18:53.834-07:00,2914.804,ok,current_change,120.897,5.025,671.050,148.094,687.248,0.976
2026-08-04T17:18:54.841-07:00,2915.811,ok,current_change,120.819,5.053,675.678,142.309,690.719,0.978
2026-08-04T17:18:55.847-07:00,2916.817,ok,current_change,120.789,4.976,668.736,142.309,683.777,0.978
2026-08-04T17:18:57.860-07:00,2918.830,ok,current_change,120.926,4.940,659.480,141.152,675.678,0.978
2026-08-04T17:18:58.868-07:00,2919.838,ok,current_change,120.897,4.913,654.852,151.565,672.207,0.974
2026-08-04T17:19:00.880-07:00,2921.850,ok,current_change,120.809,5.024,668.736,152.722,686.091,0.975
2026-08-04T17:19:02.892-07:00,2923.862,ok,current_change,120.848,5.002,668.736,142.309,683.777,0.978
2026-08-04T17:19:06.917-07:00,2927.887,ok,current_change,120.984,4.978,664.108,152.722,681.463,0.974
2026-08-04T17:19:07.920-07:00,2928.894,ok,current_change,120.994,4.913,657.166,141.152,672.207,0.978
2026-08-04T17:19:08.923-07:00,2929.897,ok,current_change,121.072,4.940,659.480,146.937,676.835,0.976
2026-08-04T17:19:09.926-07:00,2930.899,ok,current_change,121.013,4.924,659.480,141.152,674.521,0.978
2026-08-04T17:19:11.931-07:00,2932.904,ok,current_change,121.091,4.982,657.166,145.780,674.521,0.976
2026-08-04T17:19:12.937-07:00,2933.907,ok,current_change,121.062,4.942,661.794,141.152,676.835,0.978
2026-08-04T17:19:15.957-07:00,2936.927,ok,current_change,121.033,5.000,666.422,157.350,684.934,0.973
2026-08-04T17:19:16.963-07:00,2937.933,ok,current_change,121.072,4.955,661.794,146.937,679.149,0.976
2026-08-04T17:19:19.981-07:00,2940.951,ok,current_change,120.936,4.933,659.480,141.152,674.521,0.978
2026-08-04T17:19:20.988-07:00,2941.958,ok,current_change,120.916,4.969,661.794,157.350,680.306,0.973
2026-08-04T17:19:21.994-07:00,2942.964,ok,current_change,120.975,4.919,657.166,145.780,673.364,0.976
2026-08-04T17:19:23.001-07:00,2943.971,ok,current_change,120.799,4.942,659.480,146.937,675.678,0.974
2026-08-04T17:19:25.013-07:00,2945.983,ok,current_change,120.828,4.991,666.422,142.309,682.620,0.978
2026-08-04T17:19:26.020-07:00,2946.990,ok,current_change,120.770,4.958,664.108,146.937,680.306,0.976
2026-08-04T17:19:30.043-07:00,2951.013,ok,current_change,120.809,4.993,664.108,157.350,682.620,0.973
2026-08-04T17:19:31.051-07:00,2952.021,ok,current_change,120.906,4.957,661.794,146.937,677.992,0.976
2026-08-04T17:19:34.069-07:00,2955.039,ok,current_change,120.916,4.935,659.480,141.152,680.306,0.978
2026-08-04T17:19:37.087-07:00,2958.057,ok,current_change,120.614,4.958,659.480,151.565,679.149,0.974
2026-08-04T17:19:40.105-07:00,2961.075,ok,current_change,121.082,4.982,659.480,146.937,675.678,0.976
2026-08-04T17:19:41.112-07:00,2962.082,ok,current_change,120.828,4.951,661.794,141.152,676.835,0.978
2026-08-04T17:19:42.118-07:00,2963.088,ok,current_change,120.741,4.935,657.166,145.780,674.521,0.976
2026-08-04T17:19:43.126-07:00,2964.096,ok,current_change,120.838,4.973,664.108,141.152,680.306,0.978
2026-08-04T17:19:48.155-07:00,2969.125,ok,current_change,120.770,4.951,659.480,146.937,679.149,0.974
2026-08-04T17:19:51.173-07:00,2972.143,ok,current_change,120.867,4.976,661.794,141.152,677.992,0.978
2026-08-04T17:19:52.180-07:00,2973.150,ok,current_change,120.887,4.949,661.794,135.367,676.835,0.979
2026-08-04T17:19:53.186-07:00,2974.156,ok,current_change,120.926,4.980,661.794,157.350,681.463,0.973
2026-08-04T17:19:54.194-07:00,2975.164,ok,current_change,120.936,4.946,661.794,141.152,676.835,0.978
2026-08-04T17:19:55.200-07:00,2976.170,ok,current_change,121.072,4.978,664.108,152.722,681.463,0.974
2026-08-04T17:19:56.207-07:00,2977.177,ok,current_change,120.936,4.960,664.108,141.152,680.306,0.978
2026-08-04T17:19:57.213-07:00,2978.183,ok,current_change,120.858,4.982,664.108,152.722,681.463,0.974
2026-08-04T17:19:59.226-07:00,2980.196,ok,current_change,121.062,4.966,664.108,146.937,680.306,0.976
2026-08-04T17:20:02.244-07:00,2983.214,ok,current_change,120.819,4.986,664.108,146.937,681.463,0.976
2026-08-04T17:20:03.250-07:00,2984.220,ok,current_change,120.672,4.935,657.166,145.780,674.521,0.976
2026-08-04T17:20:04.257-07:00,2985.227,ok,current_change,120.877,4.967,661.794,151.565,679.149,0.974
2026-08-04T17:20:07.275-07:00,2988.245,ok,current_change,120.809,4.942,659.480,146.937,675.678,0.976
2026-08-04T17:20:09.287-07:00,2990.257,ok,current_change,120.867,5.000,668.736,142.309,683.777,0.978
2026-08-04T17:20:10.295-07:00,2991.265,ok,current_change,120.984,4.973,659.480,146.937,676.835,0.976
2026-08-04T17:20:13.313-07:00,2994.283,ok,current_change,120.945,4.995,661.794,146.937,679.149,0.976
2026-08-04T17:20:16.331-07:00,2997.301,ok,current_change,120.916,4.962,661.794,146.937,679.149,0.976
2026-08-04T17:20:19.349-07:00,3000.319,ok,current_change,120.926,4.986,664.108,152.722,682.620,0.974
2026-08-04T17:20:20.356-07:00,3001.326,ok,current_change,120.936,4.962,661.794,146.937,679.149,0.976
2026-08-04T17:20:23.374-07:00,3004.344,ok,current_change,120.926,4.980,666.422,142.309,681.463,0.978
2026-08-04T17:20:24.380-07:00,3005.350,ok,current_change,120.975,4.996,664.108,152.722,682.620,0.974
2026-08-04T17:20:25.387-07:00,3006.357,ok,current_change,120.945,4.951,661.794,146.937,677.992,0.976
2026-08-04T17:20:26.393-07:00,3007.363,ok,current_change,120.965,4.986,664.108,157.350,682.620,0.973
2026-08-04T17:20:27.400-07:00,3008.370,ok,current_change,120.926,4.964,664.108,141.152,679.149,0.978
2026-08-04T17:20:28.406-07:00,3009.376,ok,current_change,120.887,4.989,664.108,157.350,682.620,0.973
2026-08-04T17:20:34.443-07:00,3015.413,ok,current_change,120.916,4.971,664.108,141.152,680.306,0.978
2026-08-04T17:20:37.461-07:00,3018.431,ok,current_change,120.799,5.004,666.422,152.722,683.777,0.975
2026-08-04T17:20:38.468-07:00,3019.438,ok,current_change,120.682,4.937,657.166,145.780,674.521,0.976
2026-08-04T17:20:39.474-07:00,3020.444,ok,current_change,120.546,5.007,666.422,146.937,682.620,0.976
2026-08-04T17:20:40.482-07:00,3021.452,ok,current_change,120.633,4.966,666.422,142.309,682.620,0.978
2026-08-04T17:20:41.488-07:00,3022.458,ok,current_change,120.828,4.993,664.108,157.350,682.620,0.973
2026-08-04T17:20:42.495-07:00,3023.465,ok,current_change,120.877,4.969,664.108,141.152,679.149,0.978
2026-08-04T17:20:43.502-07:00,3024.472,ok,current_change,120.897,5.020,668.736,152.722,686.091,0.975
2026-08-04T17:20:44.508-07:00,3025.478,ok,current_change,120.906,4.975,664.108,141.152,680.306,0.978
2026-08-04T17:20:45.516-07:00,3026.486,ok,current_change,120.838,5.000,666.422,157.350,686.091,0.973
2026-08-04T17:20:46.522-07:00,3027.492,ok,current_change,120.936,4.982,664.108,146.937,681.463,0.976
2026-08-04T17:20:48.535-07:00,3029.505,ok,current_change,120.828,4.957,661.794,146.937,677.992,0.976
2026-08-04T17:20:49.541-07:00,3030.512,ok,current_change,120.848,4.986,664.108,146.937,681.463,0.976
2026-08-04T17:20:50.550-07:00,3031.520,ok,current_change,120.838,5.015,661.794,146.937,679.149,0.976
2026-08-04T17:20:51.556-07:00,3032.526,ok,current_change,120.936,4.971,664.108,146.937,680.306,0.976
2026-08-04T17:20:52.563-07:00,3033.533,ok,current_change,120.819,5.000,668.736,142.309,683.777,0.978
2026-08-04T17:20:55.581-07:00,3036.551,ok,current_change,120.945,4.953,661.794,141.152,677.992,0.978
2026-08-04T17:20:57.593-07:00,3038.563,ok,current_change,120.780,4.980,666.422,136.524,680.306,0.979
2026-08-04T17:21:01.617-07:00,3042.587,ok,current_change,120.721,4.953,664.108,136.524,679.149,0.979
2026-08-04T17:21:02.624-07:00,3043.594,ok,current_change,120.936,5.013,666.422,157.350,686.091,0.973
2026-08-04T17:21:03.630-07:00,3044.600,ok,current_change,120.819,4.980,664.108,146.937,680.306,0.976
2026-08-04T17:21:04.637-07:00,3045.607,ok,current_change,120.887,4.998,666.422,152.722,683.777,0.975
2026-08-04T17:21:08.658-07:00,3049.631,ok,current_change,120.838,4.969,661.794,146.937,679.149,0.976
2026-08-04T17:21:09.660-07:00,3050.634,ok,current_change,120.711,4.989,666.422,142.309,681.463,0.978
2026-08-04T17:21:12.668-07:00,3053.641,ok,current_change,120.887,4.955,664.108,141.152,679.149,0.978
2026-08-04T17:21:13.674-07:00,3054.644,ok,current_change,120.858,4.993,666.422,146.937,682.620,0.976
2026-08-04T17:21:16.694-07:00,3057.664,ok,current_change,120.975,4.966,664.108,141.152,679.149,0.978
2026-08-04T17:21:17.700-07:00,3058.670,ok,current_change,121.130,4.998,666.422,157.350,684.934,0.973
2026-08-04T17:21:18.707-07:00,3059.677,ok,current_change,120.994,4.969,664.108,141.152,680.306,0.978
2026-08-04T17:21:19.714-07:00,3060.684,ok,current_change,121.043,4.996,666.422,152.722,683.777,0.975
2026-08-04T17:21:20.721-07:00,3061.691,ok,current_change,120.955,4.973,664.108,146.937,680.306,0.976
2026-08-04T17:21:23.739-07:00,3064.709,ok,current_change,120.858,4.995,664.108,152.722,682.620,0.974
2026-08-04T17:21:24.748-07:00,3065.718,ok,current_change,120.916,4.967,661.794,146.937,679.149,0.976
2026-08-04T17:21:25.754-07:00,3066.724,ok,current_change,120.819,4.995,666.422,142.309,679.149,0.976
2026-08-04T17:21:29.778-07:00,3070.748,ok,current_change,120.955,4.976,664.108,146.937,681.463,0.976
2026-08-04T17:21:30.785-07:00,3071.755,ok,current_change,120.897,5.000,666.422,146.937,683.777,0.976
2026-08-04T17:21:33.803-07:00,3074.773,ok,current_change,120.653,4.976,664.108,141.152,679.149,0.978
2026-08-04T17:21:36.821-07:00,3077.791,ok,current_change,120.799,5.004,664.108,152.722,682.620,0.974
2026-08-04T17:21:37.828-07:00,3078.798,ok,current_change,120.780,4.969,661.794,146.937,679.149,0.976
2026-08-04T17:21:38.834-07:00,3079.804,ok,current_change,120.984,5.005,666.422,152.722,684.934,0.975
2026-08-04T17:21:40.847-07:00,3081.817,ok,current_change,120.916,5.047,671.050,158.507,690.719,0.973
2026-08-04T17:21:41.853-07:00,3082.823,ok,current_change,120.887,4.966,661.794,146.937,681.463,0.978
2026-08-04T17:21:42.861-07:00,3083.831,ok,current_change,120.828,5.000,666.422,152.722,683.777,0.975
2026-08-04T17:21:43.868-07:00,3084.838,ok,current_change,121.033,4.976,666.422,142.309,681.463,0.978
2026-08-04T17:21:44.874-07:00,3085.844,ok,current_change,120.887,5.024,668.736,152.722,687.248,0.975
2026-08-04T17:21:45.881-07:00,3086.851,ok,current_change,120.741,4.982,664.108,146.937,680.306,0.976
2026-08-04T17:21:46.887-07:00,3087.857,ok,current_change,120.799,4.957,666.422,152.722,683.777,0.975
2026-08-04T17:21:47.896-07:00,3088.866,ok,current_change,120.848,4.984,666.422,142.309,681.463,0.978
2026-08-04T17:21:50.914-07:00,3091.884,ok,current_change,121.004,4.966,664.108,146.937,680.306,0.976
2026-08-04T17:21:51.920-07:00,3092.890,ok,current_change,120.936,5.007,666.422,142.309,682.620,0.978
2026-08-04T17:21:54.940-07:00,3095.910,ok,current_change,120.936,4.987,666.422,142.309,682.620,0.978
2026-08-04T17:21:57.958-07:00,3098.928,ok,current_change,120.858,5.015,668.736,152.722,686.091,0.975
2026-08-04T17:21:58.964-07:00,3099.934,ok,current_change,120.858,4.978,664.108,141.152,680.306,0.978
2026-08-04T17:21:59.971-07:00,3100.941,ok,current_change,120.653,4.995,666.422,146.937,683.777,0.976
2026-08-04T17:22:02.989-07:00,3103.959,ok,current_change,120.906,4.957,664.108,141.152,679.149,0.978
2026-08-04T17:22:03.996-07:00,3104.966,ok,current_change,120.809,5.015,668.736,146.937,684.934,0.976
2026-08-04T17:22:05.002-07:00,3105.972,ok,current_change,120.653,4.998,666.422,142.309,682.620,0.978
2026-08-04T17:22:07.015-07:00,3107.985,ok,current_change,120.663,4.971,661.794,146.937,679.149,0.976
2026-08-04T17:22:08.018-07:00,3108.991,ok,current_change,120.838,5.020,668.736,152.722,686.091,0.975
2026-08-04T17:22:09.022-07:00,3109.995,ok,current_change,120.770,4.995,666.422,142.309,682.620,0.978
2026-08-04T17:22:10.025-07:00,3110.998,ok,current_change,120.858,5.022,668.736,152.722,686.091,0.975
2026-08-04T17:22:11.027-07:00,3112.001,ok,current_change,120.887,5.005,668.736,146.937,684.934,0.976
2026-08-04T17:22:12.030-07:00,3113.003,ok,current_change,120.809,4.989,664.108,152.722,681.463,0.974
2026-08-04T17:22:14.042-07:00,3115.012,ok,current_change,120.799,5.011,666.422,152.722,684.934,0.975
2026-08-04T17:22:18.066-07:00,3119.036,ok,current_change,120.741,5.040,668.736,158.507,688.405,0.973
2026-08-04T17:22:19.073-07:00,3120.043,ok,current_change,120.624,4.989,664.108,146.937,681.463,0.976
2026-08-04T17:22:21.087-07:00,3122.057,ok,current_change,120.916,5.009,668.736,142.309,684.934,0.978
2026-08-04T17:22:23.099-07:00,3124.069,ok,current_change,120.965,4.962,661.794,146.937,679.149,0.976
2026-08-04T17:22:26.118-07:00,3127.088,ok,current_change,120.975,5.004,666.422,157.350,684.934,0.973
2026-08-04T17:22:27.124-07:00,3128.094,ok,current_change,120.936,4.980,664.108,146.937,681.463,0.976
2026-08-04T17:22:30.142-07:00,3131.112,ok,current_change,120.906,5.016,668.736,148.094,686.091,0.976
2026-08-04T17:22:31.149-07:00,3132.119,ok,current_change,120.916,4.996,666.422,152.722,683.777,0.975
2026-08-04T17:22:34.169-07:00,3135.139,ok,current_change,120.780,5.013,666.422,152.722,684.934,0.975
2026-08-04T17:22:36.181-07:00,3137.151,ok,current_change,120.848,4.971,661.794,151.565,680.306,0.974
2026-08-04T17:22:38.195-07:00,3139.165,ok,current_change,120.789,4.987,664.108,146.937,681.463,0.976
2026-08-04T17:22:39.201-07:00,3140.171,ok,current_change,120.653,4.955,659.480,146.937,676.835,0.976
2026-08-04T17:22:40.208-07:00,3141.178,ok,current_change,120.955,4.996,666.422,146.937,683.777,0.976
2026-08-04T17:22:46.243-07:00,3147.213,ok,current_change,120.916,5.020,671.050,148.094,687.248,0.976
2026-08-04T17:22:47.250-07:00,3148.220,ok,current_change,120.887,4.984,664.108,146.937,686.091,0.976
2026-08-04T17:22:52.280-07:00,3153.250,ok,current_change,120.945,5.013,668.736,148.094,686.091,0.976
2026-08-04T17:22:56.304-07:00,3157.274,ok,current_change,120.750,4.986,664.108,146.937,681.463,0.978
2026-08-04T17:22:57.310-07:00,3158.280,ok,current_change,120.711,5.024,668.736,148.094,686.091,0.976
2026-08-04T17:22:58.319-07:00,3159.289,ok,current_change,120.858,4.996,668.736,142.309,683.777,0.978
2026-08-04T17:23:02.343-07:00,3163.313,ok,current_change,120.799,5.024,671.050,136.524,686.091,0.979
2026-08-04T17:23:04.356-07:00,3165.327,ok,current_change,120.750,4.982,664.108,141.152,681.463,0.978
2026-08-04T17:23:05.363-07:00,3166.333,ok,current_change,120.702,5.002,666.422,146.937,682.620,0.976
2026-08-04T17:23:06.370-07:00,3167.340,ok,current_change,120.750,5.018,668.736,148.094,686.091,0.976
2026-08-04T17:23:08.382-07:00,3169.352,ok,current_change,120.858,4.987,666.422,142.309,681.463,0.978
2026-08-04T17:23:09.389-07:00,3170.359,ok,current_change,120.945,5.005,666.422,152.722,684.934,0.975
2026-08-04T17:23:12.407-07:00,3173.377,ok,current_change,120.975,4.982,666.422,142.309,681.463,0.978
2026-08-04T17:23:14.419-07:00,3175.389,ok,current_change,120.770,4.966,664.108,141.152,679.149,0.978
2026-08-04T17:23:15.426-07:00,3176.396,ok,current_change,120.916,5.015,666.422,157.350,686.091,0.973
2026-08-04T17:23:16.432-07:00,3177.402,ok,current_change,120.936,4.960,661.794,146.937,679.149,0.976
2026-08-04T17:23:17.439-07:00,3178.409,ok,current_change,120.858,4.996,666.422,152.722,683.777,0.975
2026-08-04T17:23:24.480-07:00,3185.451,ok,current_change,120.760,4.980,664.108,146.937,684.934,0.976
2026-08-04T17:23:25.487-07:00,3186.457,ok,current_change,120.916,5.004,666.422,157.350,684.934,0.973
2026-08-04T17:23:26.494-07:00,3187.464,ok,current_change,120.897,4.986,666.422,142.309,681.463,0.978
2026-08-04T17:23:27.500-07:00,3188.470,ok,current_change,120.916,5.024,668.736,157.350,687.248,0.973
2026-08-04T17:23:28.507-07:00,3189.477,ok,current_change,120.731,4.967,661.794,146.937,679.149,0.976
2026-08-04T17:23:29.513-07:00,3190.483,ok,current_change,120.916,4.984,664.108,152.722,681.463,0.974
2026-08-04T17:23:31.525-07:00,3192.496,ok,current_change,120.887,5.004,666.422,152.722,683.777,0.975
2026-08-04T17:23:33.538-07:00,3194.508,ok,current_change,120.877,4.987,664.108,157.350,682.620,0.973
2026-08-04T17:23:35.550-07:00,3196.520,ok,current_change,120.877,5.005,666.422,157.350,686.091,0.973
2026-08-04T17:23:37.563-07:00,3198.533,ok,current_change,120.858,4.975,661.794,151.565,680.306,0.974
2026-08-04T17:23:44.604-07:00,3205.574,ok,current_change,120.877,4.998,664.108,152.722,682.620,0.974
2026-08-04T17:23:45.611-07:00,3206.581,ok,current_change,120.848,4.973,661.794,151.565,680.306,0.974
2026-08-04T17:23:47.623-07:00,3208.593,ok,current_change,120.848,5.016,668.736,148.094,686.091,0.976
2026-08-04T17:23:48.630-07:00,3209.600,ok,current_change,120.838,4.991,666.422,146.937,682.620,0.976
2026-08-04T17:23:49.636-07:00,3210.606,ok,current_change,120.789,4.967,664.108,141.152,682.620,0.976
2026-08-04T17:23:50.644-07:00,3211.614,ok,current_change,120.672,5.004,668.736,142.309,683.777,0.978
2026-08-04T17:23:52.656-07:00,3213.626,ok,current_change,120.858,4.971,661.794,151.565,680.306,0.974
2026-08-04T17:23:54.669-07:00,3215.639,ok,current_change,120.858,4.991,666.422,142.309,682.620,0.978
2026-08-04T17:24:02.719-07:00,3223.689,ok,current_change,120.887,5.007,668.736,146.937,684.934,0.976
2026-08-04T17:24:05.737-07:00,3226.707,ok,current_change,120.955,4.953,661.794,146.937,677.992,0.976
2026-08-04T17:24:06.743-07:00,3227.714,ok,current_change,120.936,4.976,664.108,152.722,681.463,0.974
2026-08-04T17:24:08.752-07:00,3229.726,ok,current_change,120.936,5.015,666.422,157.350,686.091,0.973
2026-08-04T17:24:09.755-07:00,3230.729,ok,current_change,120.906,4.991,666.422,146.937,682.620,0.976
2026-08-04T17:24:11.760-07:00,3232.734,ok,current_change,120.965,4.966,664.108,141.152,679.149,0.978
2026-08-04T17:24:12.763-07:00,3233.736,ok,current_change,120.965,5.000,666.422,152.722,683.777,0.975
2026-08-04T17:24:13.769-07:00,3234.739,ok,current_change,120.916,4.975,664.108,146.937,680.306,0.976
2026-08-04T17:24:17.794-07:00,3238.764,ok,current_change,121.101,5.007,661.794,146.937,679.149,0.976
2026-08-04T17:24:18.801-07:00,3239.771,ok,current_change,121.072,4.975,664.108,146.937,681.463,0.976
2026-08-04T17:24:20.815-07:00,3241.785,ok,current_change,120.858,5.015,668.736,152.722,686.091,0.975
2026-08-04T17:24:21.821-07:00,3242.791,ok,current_change,120.877,4.995,666.422,142.309,682.620,0.978
2026-08-04T17:24:23.834-07:00,3244.804,ok,current_change,120.770,5.018,668.736,148.094,686.091,0.976
2026-08-04T17:24:24.842-07:00,3245.812,ok,current_change,120.828,5.000,666.422,146.937,682.620,0.974
2026-08-04T17:24:27.860-07:00,3248.830,ok,current_change,120.887,4.980,666.422,142.309,680.306,0.978
2026-08-04T17:24:28.867-07:00,3249.837,ok,current_change,120.867,5.002,668.736,142.309,683.777,0.978
2026-08-04T17:24:30.881-07:00,3251.851,ok,current_change,120.887,4.964,661.794,146.937,679.149,0.976
2026-08-04T17:24:31.887-07:00,3252.857,ok,current_change,120.887,4.993,666.422,142.309,682.620,0.978
2026-08-04T17:24:42.952-07:00,3263.922,ok,current_change,120.828,4.971,664.108,141.152,679.149,0.978
2026-08-04T17:24:45.970-07:00,3266.940,ok,current_change,120.809,4.996,666.422,146.937,682.620,0.976
2026-08-04T17:24:46.977-07:00,3267.947,ok,current_change,120.867,4.975,664.108,141.152,681.463,0.978
2026-08-04T17:24:47.983-07:00,3268.953,ok,current_change,120.955,5.002,668.736,146.937,684.934,0.976
2026-08-04T17:24:51.003-07:00,3271.973,ok,current_change,120.828,4.986,666.422,142.309,681.463,0.978
2026-08-04T17:24:53.016-07:00,3273.986,ok,current_change,120.828,5.002,668.736,142.309,683.777,0.978
2026-08-04T17:24:55.028-07:00,3275.998,ok,current_change,120.682,4.969,666.422,142.309,681.463,0.978
2026-08-04T17:24:56.035-07:00,3277.005,ok,current_change,120.692,4.995,666.422,146.937,682.620,0.976
2026-08-04T17:25:01.064-07:00,3282.035,ok,current_change,120.760,5.020,671.050,142.309,686.091,0.978
2026-08-04T17:25:03.076-07:00,3284.046,ok,current_change,120.799,5.002,668.736,142.309,683.777,0.978
2026-08-04T17:25:07.100-07:00,3288.070,ok,current_change,120.692,4.967,666.422,146.937,682.620,0.976
2026-08-04T17:25:10.118-07:00,3291.088,ok,current_change,120.848,4.989,664.108,152.722,682.620,0.974
2026-08-04T17:25:14.143-07:00,3295.113,ok,current_change,120.877,5.020,668.736,152.722,686.091,0.975
2026-08-04T17:25:15.149-07:00,3296.119,ok,current_change,120.877,4.989,666.422,146.937,682.620,0.976
2026-08-04T17:25:18.167-07:00,3299.137,ok,current_change,120.789,5.015,666.422,152.722,683.777,0.976
2026-08-04T17:25:19.174-07:00,3300.144,ok,current_change,120.838,4.998,666.422,146.937,683.777,0.976
2026-08-04T17:25:22.195-07:00,3303.165,ok,current_change,120.936,5.016,668.736,148.094,686.091,0.976
2026-08-04T17:25:23.202-07:00,3304.172,ok,current_change,120.828,4.960,661.794,141.152,681.463,0.978
2026-08-04T17:25:24.208-07:00,3305.178,ok,current_change,120.828,4.989,666.422,146.937,682.620,0.976
2026-08-04T17:25:25.221-07:00,3306.191,ok,current_change,120.828,5.005,668.736,142.309,683.777,0.978
2026-08-04T17:25:26.228-07:00,3307.198,ok,current_change,120.897,5.022,668.736,152.722,687.248,0.975
2026-08-04T17:25:28.240-07:00,3309.210,ok,current_change,120.848,5.002,668.736,142.309,683.777,0.978
2026-08-04T17:25:29.247-07:00,3310.216,ok,current_change,120.770,5.025,671.050,148.094,687.248,0.976
2026-08-04T17:25:31.262-07:00,3312.232,ok,current_change,120.731,5.007,666.422,146.937,683.777,0.976
2026-08-04T17:25:32.269-07:00,3313.239,ok,current_change,120.750,5.024,671.050,142.309,683.777,0.978
2026-08-04T17:25:34.281-07:00,3315.251,ok,current_change,120.721,4.996,666.422,146.937,682.620,0.976
2026-08-04T17:25:38.308-07:00,3319.278,ok,current_change,120.809,4.978,664.108,146.937,680.306,0.976
2026-08-04T17:25:39.314-07:00,3320.284,ok,current_change,120.848,4.995,664.108,152.722,682.620,0.974
2026-08-04T17:25:41.330-07:00,3322.300,ok,current_change,120.809,5.027,668.736,157.350,687.248,0.973
2026-08-04T17:25:42.336-07:00,3323.306,ok,current_change,120.819,5.009,668.736,146.937,681.463,0.976
2026-08-04T17:25:43.343-07:00,3324.313,ok,current_change,120.819,5.036,671.050,152.722,688.405,0.975
2026-08-04T17:25:44.349-07:00,3325.319,ok,current_change,120.819,5.013,668.736,142.309,684.934,0.978
2026-08-04T17:25:49.382-07:00,3330.352,ok,current_change,120.945,5.031,668.736,158.507,688.405,0.973
2026-08-04T17:25:50.393-07:00,3331.363,ok,current_change,120.809,4.976,664.108,141.152,680.306,0.978
2026-08-04T17:25:51.399-07:00,3332.369,ok,current_change,120.819,5.011,668.736,146.937,684.934,0.976
2026-08-04T17:25:54.418-07:00,3335.388,ok,current_change,120.877,4.991,666.422,142.309,682.620,0.978
2026-08-04T17:25:55.428-07:00,3336.398,ok,current_change,120.799,5.011,668.736,142.309,684.934,0.978
2026-08-04T17:25:56.435-07:00,3337.404,ok,current_change,120.702,5.029,671.050,148.094,687.248,0.976
2026-08-04T17:25:57.441-07:00,3338.411,ok,current_change,120.789,5.005,666.422,146.937,684.934,0.976
2026-08-04T17:26:00.459-07:00,3341.429,ok,current_change,120.799,5.022,668.736,142.309,686.091,0.975
2026-08-04T17:26:01.466-07:00,3342.436,ok,current_change,120.809,5.002,666.422,146.937,683.777,0.976
2026-08-04T17:26:03.478-07:00,3344.448,ok,current_change,120.614,4.984,668.736,142.309,683.777,0.978
2026-08-04T17:26:04.485-07:00,3345.455,ok,current_change,120.750,5.018,666.422,157.350,686.091,0.973
2026-08-04T17:26:05.492-07:00,3346.462,ok,current_change,120.770,5.002,666.422,152.722,683.777,0.975
2026-08-04T17:26:06.501-07:00,3347.471,ok,current_change,120.750,5.025,668.736,152.722,686.091,0.975
2026-08-04T17:26:09.512-07:00,3350.486,ok,current_change,120.780,4.989,666.422,142.309,681.463,0.978
2026-08-04T17:26:10.515-07:00,3351.489,ok,current_change,120.828,5.031,668.736,152.722,687.248,0.975
2026-08-04T17:26:11.518-07:00,3352.491,ok,current_change,120.653,5.011,668.736,142.309,683.777,0.978
2026-08-04T17:26:12.521-07:00,3353.494,ok,current_change,120.897,5.031,668.736,158.507,688.405,0.973
2026-08-04T17:26:13.527-07:00,3354.497,ok,current_change,120.867,5.000,666.422,146.937,683.777,0.976
2026-08-04T17:26:16.545-07:00,3357.515,ok,current_change,120.877,5.034,668.736,158.507,688.405,0.973
2026-08-04T17:26:17.552-07:00,3358.522,ok,current_change,120.809,4.989,666.422,142.309,681.463,0.978
2026-08-04T17:26:18.558-07:00,3359.528,ok,current_change,120.809,5.029,668.736,152.722,687.248,0.975
2026-08-04T17:26:21.577-07:00,3362.547,ok,current_change,120.838,4.995,666.422,142.309,682.620,0.978
2026-08-04T17:26:22.583-07:00,3363.553,ok,current_change,120.809,5.024,668.736,148.094,686.091,0.976
2026-08-04T17:26:24.596-07:00,3365.566,ok,current_change,120.780,5.007,666.422,152.722,683.777,0.975
2026-08-04T17:26:26.608-07:00,3367.578,ok,current_change,120.711,4.987,666.422,142.309,681.463,0.978
2026-08-04T17:26:29.629-07:00,3370.599,ok,current_change,120.711,5.009,668.736,142.309,683.777,0.978
2026-08-04T17:26:31.642-07:00,3372.612,ok,current_change,120.760,5.029,668.736,152.722,687.248,0.975
2026-08-04T17:26:32.652-07:00,3373.622,ok,current_change,120.760,5.000,666.422,152.722,682.620,0.976
2026-08-04T17:26:35.670-07:00,3376.640,ok,current_change,120.789,5.020,671.050,152.722,690.719,0.973
2026-08-04T17:26:36.677-07:00,3377.647,ok,current_change,120.799,4.987,664.108,146.937,681.463,0.976
2026-08-04T17:26:37.687-07:00,3378.657,ok,current_change,120.750,5.013,666.422,157.350,684.934,0.975
2026-08-04T17:26:43.723-07:00,3384.693,ok,current_change,120.858,5.029,668.736,152.722,687.248,0.975
2026-08-04T17:26:44.729-07:00,3385.699,ok,current_change,120.867,5.004,668.736,142.309,683.777,0.978
2026-08-04T17:26:47.748-07:00,3388.718,ok,current_change,120.809,5.033,671.050,152.722,688.405,0.975
2026-08-04T17:26:48.754-07:00,3389.724,ok,current_change,120.770,4.991,666.422,142.309,681.463,0.978
2026-08-04T17:26:49.764-07:00,3390.734,ok,current_change,120.819,5.013,668.736,142.309,684.934,0.978
2026-08-04T17:26:52.782-07:00,3393.752,ok,current_change,120.750,4.986,664.108,152.722,681.463,0.974
2026-08-04T17:26:53.789-07:00,3394.759,ok,current_change,120.575,5.022,668.736,142.309,684.934,0.978
2026-08-04T17:26:56.810-07:00,3397.780,ok,current_change,120.731,5.038,668.736,158.507,688.405,0.973
2026-08-04T17:26:57.817-07:00,3398.787,ok,current_change,120.672,5.015,668.736,142.309,684.934,0.978
2026-08-04T17:26:58.824-07:00,3399.794,ok,current_change,120.731,5.045,671.050,158.507,689.562,0.973
2026-08-04T17:26:59.833-07:00,3400.803,ok,current_change,120.672,5.013,668.736,146.937,684.934,0.976
2026-08-04T17:27:09.886-07:00,3410.859,ok,current_change,120.780,5.033,671.050,148.094,687.248,0.976
2026-08-04T17:27:10.889-07:00,3411.862,ok,current_change,120.741,5.015,668.736,146.937,684.934,0.976
2026-08-04T17:27:13.900-07:00,3414.870,ok,current_change,120.819,4.996,666.422,146.937,688.405,0.973
2026-08-04T17:27:16.918-07:00,3417.888,ok,current_change,120.702,5.020,668.736,142.309,684.934,0.978
2026-08-04T17:27:17.924-07:00,3418.894,ok,current_change,120.789,5.040,671.050,152.722,688.405,0.975
2026-08-04T17:27:18.931-07:00,3419.901,ok,current_change,120.809,5.022,671.050,142.309,686.091,0.978
2026-08-04T17:27:26.978-07:00,3427.948,ok,current_change,120.897,5.004,668.736,146.937,684.934,0.976
2026-08-04T17:27:33.014-07:00,3433.984,ok,current_change,120.770,5.020,668.736,152.722,686.091,0.975
2026-08-04T17:27:35.027-07:00,3435.997,ok,current_change,120.711,5.040,671.050,152.722,688.405,0.975
2026-08-04T17:27:36.033-07:00,3437.003,ok,current_change,120.750,5.024,671.050,142.309,686.091,0.978
2026-08-04T17:27:37.040-07:00,3438.010,ok,current_change,120.965,5.049,673.364,152.722,690.719,0.975
2026-08-04T17:27:38.046-07:00,3439.016,ok,current_change,120.819,4.996,666.422,142.309,682.620,0.978
2026-08-04T17:27:39.056-07:00,3440.026,ok,current_change,120.682,5.033,671.050,142.309,687.248,0.978
2026-08-04T17:27:41.068-07:00,3442.038,ok,current_change,120.819,5.015,668.736,146.937,684.934,0.976
2026-08-04T17:27:43.080-07:00,3444.050,ok,current_change,120.994,5.038,673.364,142.309,689.562,0.978
2026-08-04T17:27:45.097-07:00,3446.067,ok,current_change,120.887,5.018,668.736,148.094,686.091,0.976
2026-08-04T17:27:46.103-07:00,3447.073,ok,current_change,120.877,4.993,666.422,146.937,682.620,0.976
2026-08-04T17:27:47.110-07:00,3448.080,ok,current_change,120.867,5.024,671.050,148.094,687.248,0.976
2026-08-04T17:27:50.128-07:00,3451.098,ok,current_change,121.013,5.047,673.364,152.722,690.719,0.975
2026-08-04T17:27:51.135-07:00,3452.105,ok,current_change,120.916,5.000,668.736,142.309,683.777,0.978
2026-08-04T17:27:52.141-07:00,3453.111,ok,current_change,120.936,5.036,671.050,152.722,688.405,0.975
2026-08-04T17:27:53.148-07:00,3454.118,ok,current_change,120.916,4.998,668.736,142.309,683.777,0.978
2026-08-04T17:27:54.154-07:00,3455.124,ok,current_change,120.887,5.018,668.736,152.722,686.091,0.975
2026-08-04T17:27:59.184-07:00,3460.154,ok,current_change,120.838,5.044,673.364,148.094,689.562,0.976
2026-08-04T17:28:01.197-07:00,3462.167,ok,current_change,120.809,5.007,668.736,146.937,684.934,0.976
2026-08-04T17:28:02.203-07:00,3463.173,ok,current_change,120.819,5.031,671.050,142.309,687.248,0.978
2026-08-04T17:28:03.210-07:00,3464.180,ok,current_change,120.799,5.060,673.364,158.507,691.876,0.973
2026-08-04T17:28:04.216-07:00,3465.186,ok,current_change,120.750,5.024,668.736,148.094,686.091,0.976
2026-08-04T17:28:08.244-07:00,3469.214,ok,current_change,120.975,4.996,668.736,142.309,683.777,0.978
2026-08-04T17:28:09.251-07:00,3470.221,ok,current_change,120.838,5.015,668.736,148.094,686.091,0.976
2026-08-04T17:28:10.257-07:00,3471.227,ok,current_change,120.799,5.034,673.364,142.309,686.091,0.978
2026-08-04T17:28:15.287-07:00,3476.257,ok,current_change,120.877,5.002,666.422,146.937,683.777,0.976
2026-08-04T17:28:16.297-07:00,3477.267,ok,current_change,120.926,5.022,668.736,152.722,687.248,0.975
2026-08-04T17:28:25.350-07:00,3486.320,ok,current_change,121.013,5.058,675.678,143.466,691.876,0.978
2026-08-04T17:28:26.357-07:00,3487.327,ok,current_change,120.887,5.038,671.050,148.094,688.405,0.976
2026-08-04T17:28:27.363-07:00,3488.334,ok,current_change,120.848,5.018,668.736,148.094,686.091,0.976
2026-08-04T17:28:29.376-07:00,3490.346,ok,current_change,120.780,5.049,673.364,148.094,691.876,0.973
2026-08-04T17:28:30.382-07:00,3491.352,ok,current_change,120.945,5.029,671.050,148.094,688.405,0.976
2026-08-04T17:28:34.406-07:00,3495.376,ok,current_change,120.780,5.011,668.736,146.937,684.934,0.976
2026-08-04T17:28:36.419-07:00,3497.389,ok,current_change,120.799,5.034,673.364,142.309,688.405,0.978
2026-08-04T17:28:39.437-07:00,3500.407,ok,current_change,120.789,5.013,668.736,142.309,684.934,0.978
2026-08-04T17:28:40.447-07:00,3501.417,ok,current_change,120.838,5.054,673.364,152.722,690.719,0.975
2026-08-04T17:28:41.453-07:00,3502.423,ok,current_change,120.828,5.020,668.736,148.094,686.091,0.976
2026-08-04T17:28:45.477-07:00,3506.447,ok,current_change,120.867,5.004,668.736,142.309,683.777,0.978
2026-08-04T17:28:46.484-07:00,3507.454,ok,current_change,120.897,5.025,671.050,148.094,687.248,0.976
2026-08-04T17:28:51.514-07:00,3512.484,ok,current_change,120.760,5.058,673.364,152.722,690.719,0.975
2026-08-04T17:28:52.520-07:00,3513.490,ok,current_change,120.780,5.011,668.736,146.937,684.934,0.976
2026-08-04T17:28:53.527-07:00,3514.497,ok,current_change,120.780,5.049,671.050,152.722,687.248,0.975
2026-08-04T17:28:54.533-07:00,3515.503,ok,current_change,120.653,5.033,671.050,142.309,687.248,0.978
2026-08-04T17:28:56.546-07:00,3517.516,ok,current_change,120.614,5.013,668.736,142.309,684.934,0.978
2026-08-04T17:28:58.562-07:00,3519.532,ok,current_change,120.692,5.040,668.736,152.722,687.248,0.975
2026-08-04T17:28:59.568-07:00,3520.538,ok,current_change,120.653,5.011,666.422,146.937,683.777,0.976
2026-08-04T17:29:00.575-07:00,3521.545,ok,current_change,120.711,5.034,668.736,152.722,687.248,0.975
2026-08-04T17:29:02.587-07:00,3523.557,ok,current_change,120.672,5.071,673.364,153.879,691.876,0.975
2026-08-04T17:29:03.594-07:00,3524.564,ok,current_change,120.731,5.029,671.050,148.094,684.934,0.978
2026-08-04T17:29:05.606-07:00,3526.576,ok,current_change,120.867,5.049,675.678,142.309,690.719,0.978
2026-08-04T17:29:06.613-07:00,3527.583,ok,current_change,120.858,5.025,671.050,148.094,687.248,0.976
2026-08-04T17:29:13.637-07:00,3534.607,ok,current_change,120.867,5.058,673.364,158.507,691.876,0.973
2026-08-04T17:29:14.644-07:00,3535.614,ok,current_change,120.799,5.016,668.736,148.094,686.091,0.976
2026-08-04T17:29:15.650-07:00,3536.620,ok,current_change,120.897,5.034,673.364,148.094,689.562,0.976
2026-08-04T17:29:18.668-07:00,3539.638,ok,current_change,120.936,5.009,668.736,146.937,684.934,0.976
2026-08-04T17:29:20.684-07:00,3541.654,ok,current_change,120.780,5.040,673.364,152.722,690.719,0.975
2026-08-04T17:29:21.690-07:00,3542.660,ok,current_change,120.887,5.004,666.422,146.937,683.777,0.976
2026-08-04T17:29:22.697-07:00,3543.667,ok,current_change,120.760,5.049,671.050,152.722,689.562,0.975
2026-08-04T17:29:24.709-07:00,3545.679,ok,current_change,120.789,5.078,675.678,158.507,694.190,0.973
2026-08-04T17:29:25.716-07:00,3546.686,ok,current_change,120.848,5.013,668.736,142.309,686.091,0.978
2026-08-04T17:29:26.722-07:00,3547.692,ok,current_change,121.013,5.054,675.678,143.466,691.876,0.978
2026-08-04T17:29:27.729-07:00,3548.699,ok,current_change,120.828,5.031,671.050,142.309,687.248,0.978
2026-08-04T17:29:28.735-07:00,3549.705,ok,current_change,120.819,5.054,671.050,148.094,688.405,0.976
2026-08-04T17:29:29.742-07:00,3550.712,ok,current_change,120.975,5.025,668.736,152.722,687.248,0.975
2026-08-04T17:29:31.754-07:00,3552.724,ok,current_change,120.867,5.044,671.050,158.507,689.562,0.973
2026-08-04T17:29:32.761-07:00,3553.731,ok,current_change,120.867,5.020,671.050,142.309,686.091,0.978
2026-08-04T17:29:33.767-07:00,3554.737,ok,current_change,120.877,5.038,671.050,148.094,686.091,0.976
2026-08-04T17:29:36.785-07:00,3557.756,ok,current_change,120.867,5.022,671.050,148.094,688.405,0.976
2026-08-04T17:29:38.798-07:00,3559.768,ok,current_change,120.819,5.051,673.364,152.722,690.719,0.975
2026-08-04T17:29:39.804-07:00,3560.774,ok,current_change,120.750,5.027,668.736,152.722,687.248,0.975
2026-08-04T17:29:40.811-07:00,3561.781,ok,current_change,120.711,5.049,671.050,152.722,689.562,0.975
2026-08-04T17:29:41.818-07:00,3562.788,ok,current_change,120.721,5.025,671.050,142.309,687.248,0.978
2026-08-04T17:29:42.827-07:00,3563.797,ok,current_change,120.838,5.051,673.364,152.722,690.719,0.975
2026-08-04T17:29:43.834-07:00,3564.804,ok,current_change,120.819,5.022,671.050,142.309,686.091,0.978
2026-08-04T17:29:46.852-07:00,3567.822,ok,current_change,120.702,5.040,671.050,148.094,686.091,0.976
2026-08-04T17:29:49.874-07:00,3570.844,ok,current_change,120.741,5.058,673.364,152.722,690.719,0.975
2026-08-04T17:29:50.880-07:00,3571.850,ok,current_change,120.848,5.027,671.050,142.309,687.248,0.978
2026-08-04T17:29:51.887-07:00,3572.857,ok,current_change,120.741,5.045,673.364,148.094,689.562,0.978
2026-08-04T17:29:55.914-07:00,3576.884,ok,current_change,120.897,5.024,671.050,142.309,687.248,0.978
2026-08-04T17:29:56.920-07:00,3577.890,ok,current_change,120.877,5.062,673.364,158.507,693.033,0.973
2026-08-04T17:29:57.931-07:00,3578.901,ok,current_change,120.750,5.007,668.736,142.309,683.777,0.978
2026-08-04T17:29:58.937-07:00,3579.907,ok,current_change,120.877,5.036,671.050,148.094,688.405,0.976
2026-08-04T17:30:03.967-07:00,3584.937,ok,current_change,120.780,5.078,675.678,158.507,694.190,0.973
2026-08-04T17:30:04.974-07:00,3585.944,ok,current_change,120.867,5.034,671.050,148.094,686.091,0.978
2026-08-04T17:30:05.981-07:00,3586.951,ok,current_change,120.897,5.060,675.678,148.094,691.876,0.977
2026-08-04T17:30:08.998-07:00,3589.968,ok,current_change,120.809,5.018,668.736,148.094,686.091,0.976
2026-08-04T17:30:11.014-07:00,3591.984,ok,current_change,120.692,5.056,671.050,158.507,690.719,0.973
2026-08-04T17:30:12.020-07:00,3592.990,ok,current_change,120.731,5.034,671.050,142.309,687.248,0.978
2026-08-04T17:30:13.027-07:00,3593.997,ok,current_change,120.750,5.053,673.364,148.094,689.562,0.976
2026-08-04T17:30:16.045-07:00,3597.015,ok,current_change,120.799,5.034,671.050,152.722,688.405,0.975
2026-08-04T17:30:17.052-07:00,3598.022,ok,current_change,120.721,5.053,673.364,142.309,689.562,0.978
2026-08-04T17:30:21.076-07:00,3602.046,ok,current_change,120.721,5.020,673.364,142.309,689.562,0.978
2026-08-04T17:30:22.083-07:00,3603.053,ok,current_change,120.643,5.045,671.050,148.094,688.405,0.976
2026-08-04T17:30:25.101-07:00,3606.071,ok,current_change,120.575,5.063,671.050,158.507,690.719,0.973
2026-08-04T17:30:26.107-07:00,3607.077,ok,current_change,120.692,5.045,673.364,142.309,686.091,0.976
2026-08-04T17:30:28.120-07:00,3609.090,ok,current_change,120.809,5.067,675.678,148.094,693.033,0.977
2026-08-04T17:30:30.132-07:00,3611.103,ok,current_change,120.848,5.045,671.050,152.722,689.562,0.975
2026-08-04T17:30:32.145-07:00,3613.115,ok,current_change,120.799,5.069,673.364,158.507,693.033,0.973
2026-08-04T17:30:33.152-07:00,3614.122,ok,current_change,120.731,5.009,668.736,142.309,683.777,0.978
2026-08-04T17:30:34.158-07:00,3615.128,ok,current_change,120.741,5.036,671.050,148.094,688.405,0.976
2026-08-04T17:30:39.188-07:00,3620.159,ok,current_change,120.906,5.076,675.678,158.507,694.190,0.973
2026-08-04T17:30:40.195-07:00,3621.165,ok,current_change,120.945,5.040,673.364,148.094,688.405,0.978
2026-08-04T17:30:46.231-07:00,3627.201,ok,current_change,120.799,5.056,673.364,152.722,690.719,0.975
2026-08-04T17:30:47.238-07:00,3628.208,ok,current_change,120.887,5.009,668.736,146.937,684.934,0.976
2026-08-04T17:30:48.244-07:00,3629.214,ok,current_change,120.848,5.054,673.364,152.722,690.719,0.975
2026-08-04T17:30:51.262-07:00,3632.232,ok,current_change,120.838,5.027,671.050,148.094,687.248,0.976
2026-08-04T17:30:52.272-07:00,3633.242,ok,current_change,120.838,5.044,673.364,142.309,689.562,0.978
2026-08-04T17:30:53.278-07:00,3634.248,ok,current_change,120.653,5.063,673.364,152.722,690.719,0.975
2026-08-04T17:30:54.285-07:00,3635.255,ok,current_change,120.780,5.042,673.364,142.309,688.405,0.978
2026-08-04T17:30:58.309-07:00,3639.279,ok,current_change,120.809,5.007,666.422,152.722,684.934,0.975
2026-08-04T17:30:59.316-07:00,3640.286,ok,current_change,120.867,5.056,675.678,148.094,688.405,0.978
2026-08-04T17:31:01.328-07:00,3642.298,ok,current_change,120.828,5.034,671.050,148.094,688.405,0.976
2026-08-04T17:31:02.335-07:00,3643.305,ok,current_change,120.809,5.058,673.364,148.094,690.719,0.976
2026-08-04T17:31:06.359-07:00,3647.329,ok,current_change,120.858,5.042,673.364,142.309,689.562,0.978
2026-08-04T17:31:07.365-07:00,3648.335,ok,current_change,120.926,5.065,673.364,158.507,693.033,0.973
2026-08-04T17:31:08.368-07:00,3649.342,ok,current_change,120.867,5.031,671.050,148.094,688.405,0.976
2026-08-04T17:31:09.371-07:00,3650.345,ok,current_change,120.867,5.047,673.364,148.094,689.562,0.976
2026-08-04T17:31:13.384-07:00,3654.355,ok,current_change,120.780,5.063,675.678,143.466,690.719,0.976
2026-08-04T17:31:15.397-07:00,3656.367,ok,current_change,120.672,5.038,671.050,152.722,688.405,0.975
2026-08-04T17:31:16.404-07:00,3657.374,ok,current_change,120.780,5.069,673.364,153.879,691.876,0.975
2026-08-04T17:31:17.410-07:00,3658.380,ok,current_change,120.828,5.053,675.678,142.309,690.719,0.978
2026-08-04T17:31:19.423-07:00,3660.393,ok,current_change,120.838,5.025,671.050,148.094,687.248,0.976
2026-08-04T17:31:23.447-07:00,3664.417,ok,current_change,120.848,5.060,673.364,153.879,691.876,0.975
2026-08-04T17:31:24.453-07:00,3665.423,ok,current_change,120.721,5.033,671.050,142.309,688.405,0.978
2026-08-04T17:31:25.463-07:00,3666.433,ok,current_change,120.867,5.063,675.678,148.094,691.876,0.977
2026-08-04T17:31:26.470-07:00,3667.440,ok,current_change,120.906,5.022,671.050,148.094,687.248,0.976
2026-08-04T17:31:27.476-07:00,3668.446,ok,current_change,120.926,5.049,675.678,142.309,690.719,0.978
2026-08-04T17:31:28.483-07:00,3669.453,ok,current_change,120.887,5.076,675.678,158.507,694.190,0.973
2026-08-04T17:31:29.490-07:00,3670.460,ok,current_change,120.887,5.029,673.364,148.094,689.562,0.976
2026-08-04T17:31:30.499-07:00,3671.469,ok,current_change,120.858,5.049,673.364,152.722,690.719,0.975
2026-08-04T17:31:33.517-07:00,3674.487,ok,current_change,120.867,5.025,671.050,148.094,687.248,0.976
2026-08-04T17:31:35.530-07:00,3676.500,ok,current_change,120.887,5.074,675.678,158.507,694.190,0.973
2026-08-04T17:31:36.536-07:00,3677.506,ok,current_change,120.838,5.045,673.364,148.094,689.562,0.976
2026-08-04T17:31:38.549-07:00,3679.519,ok,current_change,120.770,5.065,675.678,143.466,691.876,0.978
2026-08-04T17:31:41.567-07:00,3682.537,ok,current_change,120.809,5.082,677.992,143.466,694.190,0.978
2026-08-04T17:31:43.579-07:00,3684.549,ok,current_change,120.741,5.045,673.364,148.094,689.562,0.976
2026-08-04T17:31:44.586-07:00,3685.556,ok,current_change,120.789,5.063,675.678,148.094,691.876,0.977
2026-08-04T17:31:46.598-07:00,3687.568,ok,current_change,120.877,5.029,671.050,148.094,687.248,0.976
2026-08-04T17:31:47.608-07:00,3688.578,ok,current_change,120.867,5.051,671.050,158.507,691.876,0.975
2026-08-04T17:31:49.620-07:00,3690.591,ok,current_change,120.877,5.069,675.678,153.879,693.033,0.975
2026-08-04T17:31:50.627-07:00,3691.597,ok,current_change,120.858,5.045,673.364,148.094,689.562,0.976
2026-08-04T17:31:52.639-07:00,3693.609,ok,current_change,120.916,5.071,675.678,148.094,693.033,0.977
2026-08-04T17:31:53.646-07:00,3694.616,ok,current_change,120.916,5.033,671.050,148.094,688.405,0.976
2026-08-04T17:31:54.652-07:00,3695.623,ok,current_change,120.975,5.080,675.678,158.507,695.347,0.973
2026-08-04T17:31:55.659-07:00,3696.629,ok,current_change,120.936,5.040,673.364,142.309,689.562,0.978
2026-08-04T17:32:01.695-07:00,3702.665,ok,current_change,120.721,5.067,675.678,153.879,693.033,0.975
2026-08-04T17:32:02.701-07:00,3703.672,ok,current_change,120.848,5.047,673.364,142.309,689.562,0.978
2026-08-04T17:32:03.708-07:00,3704.678,ok,current_change,120.877,5.083,677.992,153.879,695.347,0.975
2026-08-04T17:32:04.715-07:00,3705.685,ok,current_change,120.867,5.047,673.364,148.094,689.562,0.976
2026-08-04T17:32:06.727-07:00,3707.697,ok,current_change,120.799,5.076,675.678,158.507,695.347,0.973
2026-08-04T17:32:07.737-07:00,3708.707,ok,current_change,120.828,5.042,673.364,148.094,689.562,0.976
2026-08-04T17:32:12.767-07:00,3713.737,ok,current_change,120.994,5.060,675.678,148.094,693.033,0.977
2026-08-04T17:32:16.795-07:00,3717.765,ok,current_change,120.994,5.078,677.992,153.879,691.876,0.973
2026-08-04T17:32:17.801-07:00,3718.771,ok,current_change,120.858,5.047,673.364,148.094,689.562,0.976
2026-08-04T17:32:18.811-07:00,3719.781,ok,current_change,120.858,5.087,675.678,158.507,691.876,0.975
2026-08-04T17:32:19.818-07:00,3720.788,ok,current_change,120.887,5.067,677.992,143.466,693.033,0.978
2026-08-04T17:32:21.830-07:00,3722.800,ok,current_change,120.916,5.040,671.050,148.094,688.405,0.976
2026-08-04T17:32:22.837-07:00,3723.807,ok,current_change,120.994,5.058,675.678,143.466,691.876,0.978
2026-08-04T17:32:26.864-07:00,3727.834,ok,current_change,120.887,5.080,677.992,143.466,693.033,0.977
2026-08-04T17:32:27.870-07:00,3728.840,ok,current_change,120.877,5.056,673.364,153.879,691.876,0.975
2026-08-04T17:32:30.891-07:00,3731.861,ok,current_change,120.877,5.094,677.992,153.879,696.504,0.975
2026-08-04T17:32:31.898-07:00,3732.868,ok,current_change,120.926,5.045,673.364,148.094,693.033,0.977
2026-08-04T17:32:33.910-07:00,3734.880,ok,current_change,120.838,5.080,677.992,148.094,694.190,0.977
2026-08-04T17:32:34.917-07:00,3735.887,ok,current_change,120.770,5.044,675.678,148.094,691.876,0.977
2026-08-04T17:32:35.923-07:00,3736.894,ok,current_change,120.809,5.067,673.364,158.507,693.033,0.973
2026-08-04T17:32:36.930-07:00,3737.900,ok,current_change,120.838,5.051,675.678,142.309,690.719,0.978
2026-08-04T17:32:40.954-07:00,3741.924,ok,current_change,120.819,5.098,677.992,158.507,696.504,0.973
2026-08-04T17:32:41.961-07:00,3742.931,ok,current_change,120.838,5.045,673.364,142.309,689.562,0.978
2026-08-04T17:32:43.973-07:00,3744.943,ok,current_change,120.965,5.071,677.992,148.094,694.190,0.977
2026-08-04T17:32:45.985-07:00,3746.955,ok,current_change,121.004,5.042,671.050,152.722,694.190,0.973
2026-08-04T17:32:46.992-07:00,3747.962,ok,current_change,120.916,5.067,677.992,143.466,693.033,0.978
2026-08-04T17:32:49.004-07:00,3749.974,ok,current_change,120.926,5.031,671.050,148.094,688.405,0.976
2026-08-04T17:32:51.017-07:00,3751.987,ok,current_change,120.887,5.056,673.364,153.879,691.876,0.975
2026-08-04T17:32:53.029-07:00,3753.999,ok,current_change,120.955,5.078,675.678,153.879,694.190,0.975
2026-08-04T17:32:57.053-07:00,3758.023,ok,current_change,120.965,5.062,675.678,148.094,693.033,0.978
2026-08-04T17:32:58.060-07:00,3759.030,ok,current_change,120.838,5.107,677.992,158.507,697.661,0.973
2026-08-04T17:32:59.066-07:00,3760.036,ok,current_change,120.760,5.060,675.678,142.309,690.719,0.978
2026-08-04T17:33:05.101-07:00,3766.071,ok,current_change,120.828,5.083,675.678,158.507,695.347,0.973
2026-08-04T17:33:06.108-07:00,3767.078,ok,current_change,120.614,5.054,673.364,148.094,689.562,0.976
2026-08-04T17:33:08.117-07:00,3769.090,ok,current_change,120.945,5.078,675.678,153.879,694.190,0.975
2026-08-04T17:33:09.119-07:00,3770.093,ok,current_change,120.926,5.044,673.364,148.094,689.562,0.976
2026-08-04T17:33:10.122-07:00,3771.096,ok,current_change,120.838,5.074,675.678,148.094,693.033,0.977
2026-08-04T17:33:12.127-07:00,3773.101,ok,current_change,120.867,5.051,673.364,148.094,690.719,0.976
2026-08-04T17:33:15.145-07:00,3776.115,ok,current_change,120.867,5.091,677.992,158.507,696.504,0.973
2026-08-04T17:33:16.152-07:00,3777.122,ok,current_change,120.975,5.074,677.992,143.466,694.190,0.978
2026-08-04T17:33:19.170-07:00,3780.140,ok,current_change,120.916,5.053,673.364,148.094,690.719,0.976
2026-08-04T17:33:20.176-07:00,3781.146,ok,current_change,120.897,5.080,675.678,153.879,694.190,0.975
2026-08-04T17:33:23.195-07:00,3784.165,ok,current_change,120.867,5.058,675.678,148.094,691.876,0.977
2026-08-04T17:33:26.213-07:00,3787.183,ok,current_change,120.799,5.034,671.050,148.094,688.405,0.976
2026-08-04T17:33:27.219-07:00,3788.190,ok,current_change,120.936,5.071,675.678,153.879,694.190,0.975
2026-08-04T17:33:30.238-07:00,3791.208,ok,current_change,120.936,5.047,673.364,152.722,690.719,0.975
2026-08-04T17:33:31.244-07:00,3792.214,ok,current_change,120.799,5.074,677.992,143.466,693.033,0.978
2026-08-04T17:33:32.255-07:00,3793.225,ok,current_change,120.614,5.107,677.992,153.879,696.504,0.975
2026-08-04T17:33:33.261-07:00,3794.231,ok,current_change,120.702,5.071,675.678,143.466,691.876,0.978
2026-08-04T17:33:36.280-07:00,3797.250,ok,current_change,120.906,5.031,671.050,148.094,688.405,0.976
2026-08-04T17:33:37.286-07:00,3798.256,ok,current_change,120.799,5.080,675.678,153.879,694.190,0.975
2026-08-04T17:33:39.299-07:00,3800.269,ok,current_change,120.526,5.063,673.364,148.094,690.719,0.976
2026-08-04T17:33:40.305-07:00,3801.275,ok,current_change,120.809,5.096,677.992,158.507,696.504,0.973
2026-08-04T17:33:41.312-07:00,3802.282,ok,current_change,120.936,5.073,677.992,143.466,694.190,0.978
2026-08-04T17:33:46.341-07:00,3807.312,ok,current_change,120.653,5.049,675.678,143.466,691.876,0.978
2026-08-04T17:33:48.354-07:00,3809.324,ok,current_change,120.750,5.089,675.678,158.507,695.347,0.973
2026-08-04T17:33:50.366-07:00,3811.336,ok,current_change,120.877,5.073,677.992,143.466,693.033,0.978
2026-08-04T17:33:51.373-07:00,3812.343,ok,current_change,120.643,5.094,677.992,148.094,693.033,0.975
2026-08-04T17:33:52.383-07:00,3813.353,ok,current_change,120.711,5.056,673.364,148.094,690.719,0.976
2026-08-04T17:33:53.389-07:00,3814.360,ok,current_change,120.770,5.096,677.992,158.507,691.876,0.977
2026-08-04T17:33:54.396-07:00,3815.366,ok,current_change,120.750,5.078,677.992,148.094,694.190,0.977
2026-08-04T17:33:56.408-07:00,3817.378,ok,current_change,120.585,5.058,675.678,153.879,694.190,0.975
2026-08-04T17:33:57.419-07:00,3818.389,ok,current_change,120.594,5.074,675.678,143.466,691.876,0.978
2026-08-04T17:33:59.431-07:00,3820.401,ok,current_change,120.643,5.049,673.364,148.094,689.562,0.976
2026-08-04T17:34:01.444-07:00,3822.414,ok,current_change,120.799,5.092,677.992,153.879,695.347,0.975
2026-08-04T17:34:02.455-07:00,3823.425,ok,current_change,120.819,5.065,675.678,143.466,691.876,0.978
2026-08-04T17:34:07.485-07:00,3828.455,ok,current_change,120.643,5.094,680.306,143.466,695.347,0.978
2026-08-04T17:34:08.492-07:00,3829.462,ok,current_change,120.780,5.078,675.678,153.879,693.033,0.975
2026-08-04T17:34:09.498-07:00,3830.468,ok,current_change,120.653,5.101,677.992,158.507,696.504,0.973
2026-08-04T17:34:10.505-07:00,3831.475,ok,current_change,120.799,5.082,677.992,143.466,694.190,0.978
2026-08-04T17:34:11.511-07:00,3832.481,ok,current_change,120.760,5.062,675.678,153.879,694.190,0.975
2026-08-04T17:34:13.524-07:00,3834.494,ok,current_change,120.858,5.040,673.364,148.094,689.562,0.976
2026-08-04T17:34:14.530-07:00,3835.500,ok,current_change,120.906,5.089,677.992,153.879,695.347,0.975
2026-08-04T17:34:15.537-07:00,3836.507,ok,current_change,120.916,5.063,675.678,148.094,693.033,0.977
2026-08-04T17:34:17.549-07:00,3838.519,ok,current_change,120.760,5.083,675.678,153.879,694.190,0.975
2026-08-04T17:34:22.579-07:00,3843.549,ok,current_change,120.789,5.056,677.992,153.879,696.504,0.975
2026-08-04T17:34:23.586-07:00,3844.556,ok,current_change,120.702,5.073,677.992,143.466,693.033,0.978
2026-08-04T17:34:24.592-07:00,3845.562,ok,current_change,120.672,5.098,677.992,153.879,696.504,0.975
2026-08-04T17:34:25.599-07:00,3846.569,ok,current_change,120.565,5.054,673.364,148.094,689.562,0.976
2026-08-04T17:34:26.609-07:00,3847.579,ok,current_change,120.585,5.094,677.992,148.094,695.347,0.977
2026-08-04T17:34:28.621-07:00,3849.592,ok,current_change,120.789,5.063,675.678,143.466,691.876,0.978
2026-08-04T17:34:29.628-07:00,3850.598,ok,current_change,120.750,5.080,677.992,148.094,694.190,0.977
2026-08-04T17:34:30.635-07:00,3851.605,ok,current_change,120.585,5.127,680.306,159.664,698.818,0.973
2026-08-04T17:34:31.641-07:00,3852.611,ok,current_change,120.507,5.069,675.678,142.309,690.719,0.978
2026-08-04T17:34:34.660-07:00,3855.630,ok,current_change,120.819,5.051,673.364,148.094,690.719,0.976
2026-08-04T17:34:35.666-07:00,3856.636,ok,current_change,120.819,5.085,675.678,148.094,691.876,0.977
2026-08-04T17:34:40.699-07:00,3861.669,ok,current_change,121.013,5.107,677.992,153.879,696.504,0.975
2026-08-04T17:34:41.709-07:00,3862.679,ok,current_change,120.994,5.069,677.992,148.094,694.190,0.977
2026-08-04T17:34:43.721-07:00,3864.691,ok,current_change,121.013,5.114,680.306,159.664,699.975,0.973
2026-08-04T17:34:44.728-07:00,3865.698,ok,current_change,121.062,5.053,675.678,148.094,691.876,0.977
2026-08-04T17:34:45.734-07:00,3866.704,ok,current_change,121.052,5.082,680.306,143.466,695.347,0.978
2026-08-04T17:34:50.768-07:00,3871.738,ok,current_change,121.004,5.065,675.678,148.094,693.033,0.977
2026-08-04T17:34:53.789-07:00,3874.759,ok,current_change,121.052,5.089,677.992,158.507,696.504,0.973
2026-08-04T17:34:54.796-07:00,3875.766,ok,current_change,121.052,5.058,675.678,148.094,693.033,0.978
2026-08-04T17:34:57.814-07:00,3878.784,ok,current_change,121.169,5.083,675.678,148.094,691.876,0.977
2026-08-04T17:35:02.844-07:00,3883.814,ok,current_change,120.936,5.054,675.678,148.094,691.876,0.977
2026-08-04T17:35:03.851-07:00,3884.821,ok,current_change,120.916,5.078,677.992,148.094,694.190,0.977
2026-08-04T17:35:06.868-07:00,3887.838,ok,current_change,120.780,5.111,680.306,153.879,697.661,0.975
2026-08-04T17:35:07.873-07:00,3888.845,ok,current_change,120.887,5.063,675.678,143.466,691.876,0.978
2026-08-04T17:35:08.879-07:00,3889.850,ok,current_change,120.975,5.082,680.306,143.466,694.190,0.977
2026-08-04T17:35:09.886-07:00,3890.856,ok,current_change,121.004,5.098,680.306,153.879,697.661,0.975
2026-08-04T17:35:10.893-07:00,3891.863,ok,current_change,121.013,5.076,677.992,148.094,694.190,0.977
2026-08-04T17:35:11.899-07:00,3892.869,ok,current_change,120.994,5.101,677.992,153.879,695.347,0.975
2026-08-04T17:35:12.906-07:00,3893.876,ok,current_change,121.043,5.083,680.306,143.466,695.347,0.978
2026-08-04T17:35:17.935-07:00,3898.906,ok,current_change,120.936,5.067,675.678,148.094,693.033,0.977
2026-08-04T17:35:19.948-07:00,3900.918,ok,current_change,120.906,5.092,677.992,158.507,696.504,0.973
2026-08-04T17:35:20.954-07:00,3901.924,ok,current_change,120.955,5.067,675.678,148.094,693.033,0.977
2026-08-04T17:35:22.967-07:00,3903.937,ok,current_change,121.052,5.098,680.306,149.251,697.661,0.977
2026-08-04T17:35:23.973-07:00,3904.943,ok,current_change,121.062,5.065,675.678,148.094,693.033,0.977
2026-08-04T17:35:24.980-07:00,3905.950,ok,current_change,121.101,5.091,677.992,158.507,697.661,0.973
2026-08-04T17:35:27.998-07:00,3908.968,ok,current_change,121.208,5.069,677.992,148.094,695.347,0.977
2026-08-04T17:35:30.010-07:00,3910.980,ok,current_change,121.082,5.092,677.992,164.292,697.661,0.972
2026-08-04T17:35:31.017-07:00,3911.987,ok,current_change,121.072,5.053,675.678,143.466,694.190,0.977
2026-08-04T17:35:32.023-07:00,3912.994,ok,current_change,121.091,5.074,677.992,148.094,695.347,0.977
2026-08-04T17:35:36.047-07:00,3917.017,ok,current_change,121.062,5.091,680.306,143.466,696.504,0.978
2026-08-04T17:35:38.060-07:00,3919.030,ok,current_change,121.130,5.069,675.678,153.879,694.190,0.975
2026-08-04T17:35:40.072-07:00,3921.042,ok,current_change,121.179,5.094,680.306,153.879,697.661,0.975
2026-08-04T17:35:41.079-07:00,3922.049,ok,current_change,121.062,5.047,675.678,142.309,690.719,0.978
2026-08-04T17:35:42.085-07:00,3923.055,ok,current_change,121.150,5.080,680.306,149.251,696.504,0.977
2026-08-04T17:35:48.121-07:00,3929.091,ok,current_change,120.984,5.101,680.306,153.879,697.661,0.975
2026-08-04T17:35:51.139-07:00,3932.109,ok,current_change,121.111,5.080,677.992,148.094,695.347,0.977
2026-08-04T17:35:52.146-07:00,3933.116,ok,current_change,121.101,5.060,675.678,148.094,693.033,0.977
2026-08-04T17:35:53.152-07:00,3934.123,ok,current_change,121.062,5.114,680.306,159.664,699.975,0.973
2026-08-04T17:35:54.159-07:00,3935.129,ok,current_change,121.179,5.063,677.992,148.094,694.190,0.977
2026-08-04T17:35:57.177-07:00,3938.148,ok,current_change,121.101,5.040,673.364,152.722,690.719,0.975
2026-08-04T17:35:58.184-07:00,3939.154,ok,current_change,121.082,5.080,677.992,153.879,695.347,0.975
2026-08-04T17:36:00.198-07:00,3941.168,ok,current_change,121.199,5.105,677.992,153.879,695.347,0.975
2026-08-04T17:36:01.204-07:00,3942.174,ok,current_change,121.208,5.074,677.992,153.879,695.347,0.975
2026-08-04T17:36:03.216-07:00,3944.186,ok,current_change,120.965,5.109,680.306,153.879,698.818,0.975
2026-08-04T17:36:04.224-07:00,3945.194,ok,current_change,121.004,5.069,677.992,148.094,694.190,0.977
2026-08-04T17:36:06.237-07:00,3947.207,ok,current_change,121.004,5.127,682.620,159.664,701.132,0.973
2026-08-04T17:36:07.243-07:00,3948.213,ok,current_change,120.975,5.054,675.678,148.094,693.033,0.978
2026-08-04T17:36:08.246-07:00,3949.220,ok,current_change,121.043,5.091,680.306,143.466,696.504,0.978
2026-08-04T17:36:10.252-07:00,3951.225,ok,current_change,120.916,5.047,673.364,152.722,690.719,0.975
2026-08-04T17:36:11.254-07:00,3952.228,ok,current_change,120.965,5.101,680.306,153.879,697.661,0.975
2026-08-04T17:36:14.269-07:00,3955.239,ok,current_change,121.013,5.076,677.992,148.094,694.190,0.977
2026-08-04T17:36:16.281-07:00,3957.251,ok,current_change,121.179,5.103,680.306,153.879,698.818,0.975
2026-08-04T17:36:17.288-07:00,3958.258,ok,current_change,121.062,5.065,677.992,143.466,693.033,0.978
2026-08-04T17:36:19.300-07:00,3960.270,ok,current_change,121.082,5.098,680.306,153.879,697.661,0.975
2026-08-04T17:36:20.308-07:00,3961.278,ok,current_change,121.023,5.071,677.992,148.094,694.190,0.977
2026-08-04T17:36:21.315-07:00,3962.285,ok,current_change,120.877,5.091,680.306,149.251,696.504,0.977
2026-08-04T17:36:23.327-07:00,3964.297,ok,current_change,120.838,5.071,675.678,153.879,694.190,0.977
2026-08-04T17:36:24.333-07:00,3965.304,ok,current_change,120.965,5.103,680.306,149.251,697.661,0.977
2026-08-04T17:36:30.371-07:00,3971.341,ok,current_change,121.013,5.080,677.992,153.879,695.347,0.975
2026-08-04T17:36:32.383-07:00,3973.353,ok,current_change,121.082,5.103,680.306,153.879,698.818,0.975
2026-08-04T17:36:33.390-07:00,3974.360,ok,current_change,121.140,5.085,680.306,149.251,696.504,0.977
2026-08-04T17:36:35.402-07:00,3976.372,ok,current_change,121.228,5.114,682.620,159.664,701.132,0.973
2026-08-04T17:36:36.411-07:00,3977.381,ok,current_change,121.082,5.069,677.992,148.094,694.190,0.977
2026-08-04T17:36:37.417-07:00,3978.387,ok,current_change,121.023,5.085,680.306,149.251,696.504,0.977
2026-08-04T17:36:38.424-07:00,3979.394,ok,current_change,121.150,5.129,684.934,155.036,702.289,0.975
2026-08-04T17:36:39.430-07:00,3980.400,ok,current_change,121.043,5.092,680.306,149.251,695.347,0.977
2026-08-04T17:36:40.437-07:00,3981.407,ok,current_change,121.062,5.118,684.934,149.251,701.132,0.977
2026-08-04T17:36:42.450-07:00,3983.420,ok,current_change,120.975,5.094,677.992,153.879,696.504,0.975
2026-08-04T17:36:44.463-07:00,3985.433,ok,current_change,120.936,5.121,682.620,149.251,699.975,0.977
2026-08-04T17:36:45.469-07:00,3986.439,ok,current_change,120.936,5.100,680.306,153.879,697.661,0.975
2026-08-04T17:36:47.482-07:00,3988.452,ok,current_change,121.033,5.118,684.934,143.466,699.975,0.977
2026-08-04T17:36:48.488-07:00,3989.458,ok,current_change,120.897,5.092,677.992,153.879,696.504,0.975
2026-08-04T17:36:49.495-07:00,3990.465,ok,current_change,120.965,5.120,682.620,153.879,699.975,0.975
2026-08-04T17:36:51.507-07:00,3992.477,ok,current_change,121.013,5.096,680.306,153.879,697.661,0.975
2026-08-04T17:36:52.514-07:00,3993.484,ok,current_change,120.984,5.116,680.306,159.664,699.975,0.973
2026-08-04T17:36:54.526-07:00,3995.496,ok,current_change,120.975,5.134,684.934,155.036,702.289,0.975
2026-08-04T17:36:55.533-07:00,3996.503,ok,current_change,120.906,5.114,680.306,153.879,698.818,0.975
2026-08-04T17:36:58.551-07:00,3999.521,ok,current_change,120.945,5.085,677.992,153.879,699.975,0.975
2026-08-04T17:37:00.563-07:00,4001.533,ok,current_change,120.955,5.105,680.306,153.879,698.818,0.975
2026-08-04T17:37:01.570-07:00,4002.540,ok,current_change,120.945,5.089,677.992,158.507,696.504,0.973
2026-08-04T17:37:02.576-07:00,4003.547,ok,current_change,120.945,5.105,682.620,149.251,698.818,0.977
2026-08-04T17:37:06.601-07:00,4007.571,ok,current_change,120.897,5.141,684.934,159.664,703.445,0.974
2026-08-04T17:37:07.607-07:00,4008.577,ok,current_change,120.926,5.107,680.306,153.879,698.818,0.975
2026-08-04T17:37:08.610-07:00,4009.584,ok,current_change,120.887,5.125,684.934,149.251,701.132,0.977
2026-08-04T17:37:10.615-07:00,4011.589,ok,current_change,120.945,5.089,680.306,149.251,696.504,0.977
2026-08-04T17:37:12.621-07:00,4013.594,ok,current_change,120.984,5.134,682.620,159.664,701.132,0.973
2026-08-04T17:37:13.627-07:00,4014.597,ok,current_change,120.897,5.092,680.306,149.251,696.504,0.977
2026-08-04T17:37:14.633-07:00,4015.603,ok,current_change,120.945,5.109,682.620,149.251,698.818,0.977
2026-08-04T17:37:15.640-07:00,4016.610,ok,current_change,120.897,5.159,684.934,159.664,703.445,0.974
2026-08-04T17:37:16.646-07:00,4017.616,ok,current_change,120.945,5.105,682.620,149.251,698.818,0.977
2026-08-04T17:37:18.659-07:00,4019.629,ok,current_change,121.130,5.134,682.620,164.292,703.445,0.972
2026-08-04T17:37:19.665-07:00,4020.635,ok,current_change,121.296,5.107,684.934,143.466,699.975,0.978
2026-08-04T17:37:21.678-07:00,4022.648,ok,current_change,121.033,5.136,682.620,164.292,703.445,0.972
2026-08-04T17:37:22.684-07:00,4023.654,ok,current_change,121.150,5.085,680.306,149.251,696.504,0.977
2026-08-04T17:37:26.708-07:00,4027.678,ok,current_change,121.091,5.101,682.620,149.251,698.818,0.977
2026-08-04T17:37:32.744-07:00,4033.714,ok,current_change,121.267,5.127,684.934,155.036,703.445,0.975
2026-08-04T17:37:36.768-07:00,4037.738,ok,current_change,121.013,5.105,682.620,149.251,698.818,0.977
2026-08-04T17:37:37.775-07:00,4038.745,ok,current_change,121.033,5.121,677.992,153.879,696.504,0.975
2026-08-04T17:37:40.795-07:00,4041.765,ok,current_change,121.091,5.096,680.306,149.251,697.661,0.977
2026-08-04T17:37:42.808-07:00,4043.778,ok,current_change,121.101,5.121,684.934,143.466,699.975,0.978
2026-08-04T17:37:44.822-07:00,4045.792,ok,current_change,121.091,5.101,680.306,153.879,699.975,0.973
2026-08-04T17:37:45.828-07:00,4046.798,ok,current_change,121.082,5.118,684.934,149.251,701.132,0.977
2026-08-04T17:37:46.835-07:00,4047.805,ok,current_change,121.043,5.136,684.934,155.036,703.445,0.975
2026-08-04T17:37:47.841-07:00,4048.811,ok,current_change,121.043,5.103,680.306,159.664,698.818,0.973
2026-08-04T17:37:52.873-07:00,4053.843,ok,current_change,121.189,5.123,682.620,159.664,701.132,0.975
2026-08-04T17:37:53.879-07:00,4054.849,ok,current_change,121.023,5.103,682.620,149.251,698.818,0.977
2026-08-04T17:37:58.909-07:00,4059.879,ok,current_change,120.965,5.141,684.934,159.664,703.445,0.974
2026-08-04T17:37:59.916-07:00,4060.886,ok,current_change,121.033,5.100,682.620,143.466,697.661,0.978
2026-08-04T17:38:00.922-07:00,4061.892,ok,current_change,121.091,5.123,684.934,143.466,701.132,0.977
2026-08-04T17:38:01.929-07:00,4062.899,ok,current_change,121.023,5.159,687.248,159.664,705.759,0.974
2026-08-04T17:38:02.935-07:00,4063.906,ok,current_change,121.111,5.105,682.620,143.466,698.818,0.978
2026-08-04T17:38:04.948-07:00,4065.918,ok,current_change,121.072,5.141,684.934,159.664,703.445,0.974
2026-08-04T17:38:05.954-07:00,4066.924,ok,current_change,121.101,5.089,680.306,149.251,696.504,0.977
2026-08-04T17:38:07.963-07:00,4068.937,ok,current_change,121.150,5.105,680.306,153.879,698.818,0.975
2026-08-04T17:38:08.966-07:00,4069.940,ok,current_change,121.179,5.078,680.306,143.466,695.347,0.978
2026-08-04T17:38:09.969-07:00,4070.942,ok,current_change,121.189,5.109,682.620,149.251,699.975,0.977
2026-08-04T17:38:10.972-07:00,4071.945,ok,current_change,121.179,5.129,684.934,149.251,702.289,0.977
2026-08-04T17:38:11.974-07:00,4072.948,ok,current_change,121.208,5.087,680.306,153.879,698.818,0.975
2026-08-04T17:38:12.981-07:00,4073.951,ok,current_change,121.169,5.109,682.620,153.879,699.975,0.975
2026-08-04T17:38:13.987-07:00,4074.957,ok,current_change,121.091,5.134,687.248,149.251,703.445,0.977
2026-08-04T17:38:14.994-07:00,4075.964,ok,current_change,121.140,5.109,684.934,149.251,701.132,0.977
2026-08-04T17:38:19.018-07:00,4079.988,ok,current_change,121.150,5.089,677.992,158.507,697.661,0.973
2026-08-04T17:38:21.030-07:00,4082.000,ok,current_change,121.189,5.134,684.934,155.036,703.445,0.975
2026-08-04T17:38:22.037-07:00,4083.007,ok,current_change,121.140,5.096,680.306,153.879,697.661,0.975
2026-08-04T17:38:24.049-07:00,4085.019,ok,current_change,120.994,5.125,684.934,149.251,701.132,0.977
2026-08-04T17:38:25.056-07:00,4086.026,ok,current_change,121.043,5.100,680.306,149.251,697.661,0.977
2026-08-04T17:38:26.062-07:00,4087.032,ok,current_change,121.111,5.123,684.934,143.466,701.132,0.979
2026-08-04T17:38:34.110-07:00,4095.080,ok,current_change,121.169,5.101,682.620,143.466,698.818,0.978
2026-08-04T17:38:36.123-07:00,4097.093,ok,current_change,120.984,5.134,682.620,159.664,702.289,0.974
2026-08-04T17:38:38.135-07:00,4099.105,ok,current_change,121.189,5.101,682.620,143.466,698.818,0.978
2026-08-04T17:38:39.142-07:00,4100.112,ok,current_change,121.052,5.145,684.934,159.664,704.602,0.974
2026-08-04T17:38:40.148-07:00,4101.118,ok,current_change,121.150,5.107,682.620,149.251,699.975,0.977
2026-08-04T17:38:42.161-07:00,4103.131,ok,current_change,121.130,5.169,682.620,159.664,702.289,0.974
2026-08-04T17:38:43.167-07:00,4104.138,ok,current_change,121.091,5.114,684.934,143.466,699.975,0.978
2026-08-04T17:38:45.180-07:00,4106.150,ok,current_change,120.906,5.149,684.934,159.664,703.445,0.974
2026-08-04T17:38:46.186-07:00,4107.156,ok,current_change,120.984,5.105,682.620,149.251,698.818,0.977
2026-08-04T17:38:48.199-07:00,4109.169,ok,current_change,120.955,5.134,682.620,159.664,702.289,0.974
2026-08-04T17:38:49.205-07:00,4110.175,ok,current_change,121.052,5.109,682.620,143.466,698.818,0.978
2026-08-04T17:38:51.218-07:00,4112.188,ok,current_change,121.101,5.150,684.934,165.449,705.759,0.972
2026-08-04T17:38:52.227-07:00,4113.197,ok,current_change,121.062,5.120,684.934,149.251,697.661,0.977
2026-08-04T17:38:54.239-07:00,4115.209,ok,current_change,121.052,5.149,684.934,159.664,704.602,0.974
2026-08-04T17:38:55.246-07:00,4116.216,ok,current_change,121.033,5.101,682.620,149.251,698.818,0.977
2026-08-04T17:38:56.252-07:00,4117.222,ok,current_change,120.994,5.120,684.934,143.466,699.975,0.978
2026-08-04T17:38:57.261-07:00,4118.231,ok,current_change,121.043,5.141,684.934,159.664,704.602,0.974
2026-08-04T17:38:58.267-07:00,4119.237,ok,current_change,121.043,5.120,684.934,149.251,701.132,0.977
2026-08-04T17:39:00.280-07:00,4121.250,ok,current_change,121.033,5.136,682.620,164.292,703.445,0.972
2026-08-04T17:39:01.286-07:00,4122.256,ok,current_change,121.004,5.089,680.306,149.251,696.504,0.977
2026-08-04T17:39:02.295-07:00,4123.265,ok,current_change,121.013,5.125,682.620,143.466,697.661,0.978
2026-08-04T17:39:04.308-07:00,4125.277,ok,current_change,121.072,5.107,682.620,143.466,698.818,0.978
2026-08-04T17:39:06.320-07:00,4127.290,ok,current_change,121.033,5.141,684.934,159.664,703.445,0.974
2026-08-04T17:39:07.328-07:00,4128.298,ok,current_change,121.043,5.107,682.620,149.251,699.975,0.977
2026-08-04T17:39:08.335-07:00,4129.305,ok,current_change,121.033,5.129,684.934,149.251,702.289,0.977
2026-08-04T17:39:10.347-07:00,4131.318,ok,current_change,120.975,5.096,680.306,149.251,697.661,0.977
2026-08-04T17:39:11.354-07:00,4132.324,ok,current_change,120.975,5.129,684.934,143.466,701.132,0.979
2026-08-04T17:39:13.369-07:00,4134.339,ok,current_change,120.955,5.098,680.306,149.251,697.661,0.977
2026-08-04T17:39:15.382-07:00,4136.352,ok,current_change,120.780,5.130,684.934,159.664,704.602,0.974
2026-08-04T17:39:16.388-07:00,4137.358,ok,current_change,120.887,5.094,680.306,143.466,696.504,0.978
2026-08-04T17:39:17.396-07:00,4138.366,ok,current_change,120.760,5.130,684.934,149.251,701.132,0.977
2026-08-04T17:39:18.402-07:00,4139.372,ok,current_change,120.828,5.147,684.934,159.664,703.445,0.974
2026-08-04T17:39:19.409-07:00,4140.379,ok,current_change,120.887,5.118,682.620,149.251,699.975,0.977
2026-08-04T17:39:20.415-07:00,4141.385,ok,current_change,120.906,5.138,687.248,143.466,699.975,0.977
2026-08-04T17:39:22.427-07:00,4143.397,ok,current_change,121.062,5.118,684.934,149.251,701.132,0.977
2026-08-04T17:39:23.434-07:00,4144.404,ok,current_change,120.975,5.134,682.620,149.251,699.975,0.977
2026-08-04T17:39:25.446-07:00,4146.416,ok,current_change,121.023,5.105,682.620,149.251,698.818,0.977
2026-08-04T17:39:27.458-07:00,4148.428,ok,current_change,120.750,5.136,682.620,159.664,701.132,0.973
2026-08-04T17:39:28.466-07:00,4149.436,ok,current_change,120.809,5.118,682.620,143.466,697.661,0.977
2026-08-04T17:39:30.478-07:00,4151.448,ok,current_change,120.750,5.154,684.934,155.036,703.445,0.975
2026-08-04T17:39:31.485-07:00,4152.455,ok,current_change,120.575,5.118,682.620,153.879,699.975,0.975
2026-08-04T17:39:33.497-07:00,4154.467,ok,current_change,120.770,5.145,684.934,155.036,702.289,0.975
2026-08-04T17:39:34.504-07:00,4155.474,ok,current_change,120.858,5.103,680.306,153.879,697.661,0.975
2026-08-04T17:39:35.510-07:00,4156.480,ok,current_change,120.848,5.134,687.248,143.466,702.289,0.979
2026-08-04T17:39:37.523-07:00,4158.493,ok,current_change,120.828,5.183,689.562,160.821,708.073,0.974
2026-08-04T17:39:38.529-07:00,4159.499,ok,current_change,120.916,5.105,682.620,143.466,697.661,0.978
2026-08-04T17:39:39.537-07:00,4160.507,ok,current_change,120.936,5.125,682.620,153.879,701.132,0.975
2026-08-04T17:39:40.543-07:00,4161.514,ok,current_change,121.043,5.107,680.306,153.879,698.818,0.975
2026-08-04T17:39:42.556-07:00,4163.526,ok,current_change,120.848,5.132,684.934,149.251,701.132,0.977
2026-08-04T17:39:46.580-07:00,4167.550,ok,current_change,121.023,5.114,680.306,159.664,699.975,0.973
2026-08-04T17:39:47.586-07:00,4168.556,ok,current_change,120.926,5.130,684.934,143.466,701.132,0.979
2026-08-04T17:39:49.598-07:00,4170.568,ok,current_change,120.975,5.111,680.306,153.879,702.289,0.974
2026-08-04T17:39:54.628-07:00,4175.598,ok,current_change,120.984,5.138,684.934,155.036,703.445,0.975
2026-08-04T17:39:55.635-07:00,4176.605,ok,current_change,120.965,5.116,682.620,159.664,701.132,0.973
2026-08-04T17:40:04.688-07:00,4185.658,ok,current_change,121.023,5.092,680.306,149.251,696.504,0.977
2026-08-04T17:40:06.700-07:00,4187.670,ok,current_change,121.033,5.134,682.620,153.879,699.975,0.975
2026-08-04T17:40:07.707-07:00,4188.677,ok,current_change,121.150,5.107,682.620,149.251,699.975,0.977
2026-08-04T17:40:09.712-07:00,4190.686,ok,current_change,121.199,5.150,687.248,159.664,705.759,0.974
2026-08-04T17:40:10.715-07:00,4191.688,ok,current_change,121.091,5.087,680.306,149.251,696.504,0.977
2026-08-04T17:40:11.718-07:00,4192.691,ok,current_change,120.955,5.105,682.620,149.251,698.818,0.977
2026-08-04T17:40:12.720-07:00,4193.694,ok,current_change,121.004,5.156,687.248,159.664,705.759,0.974
2026-08-04T17:40:13.726-07:00,4194.696,ok,current_change,121.062,5.082,680.306,143.466,695.347,0.978
2026-08-04T17:40:14.733-07:00,4195.703,ok,current_change,120.897,5.103,682.620,143.466,696.504,0.977
2026-08-04T17:40:19.763-07:00,4200.733,ok,current_change,120.994,5.085,677.992,148.094,695.347,0.977
2026-08-04T17:40:20.770-07:00,4201.740,ok,current_change,120.994,5.107,682.620,149.251,699.975,0.977
2026-08-04T17:40:21.777-07:00,4202.747,ok,current_change,120.994,5.123,684.934,149.251,701.132,0.977
2026-08-04T17:40:22.783-07:00,4203.753,ok,current_change,120.984,5.087,677.992,153.879,696.504,0.975
2026-08-04T17:40:23.790-07:00,4204.760,ok,current_change,120.984,5.112,682.620,153.879,699.975,0.975
2026-08-04T17:40:24.796-07:00,4205.766,ok,current_change,120.984,5.080,680.306,143.466,695.347,0.978
2026-08-04T17:40:26.809-07:00,4207.779,ok,current_change,120.955,5.105,680.306,159.664,698.818,0.973
2026-08-04T17:40:27.816-07:00,4208.786,ok,current_change,120.877,5.083,677.992,148.094,695.347,0.977
2026-08-04T17:40:28.822-07:00,4209.792,ok,current_change,120.955,5.105,680.306,149.251,696.504,0.977
2026-08-04T17:40:29.829-07:00,4210.799,ok,current_change,121.004,5.089,677.992,158.507,696.504,0.973
2026-08-04T17:40:31.842-07:00,4212.812,ok,current_change,121.033,5.118,682.620,149.251,699.975,0.977
2026-08-04T17:40:32.849-07:00,4213.819,ok,current_change,121.140,5.091,680.306,153.879,697.661,0.975
2026-08-04T17:40:34.861-07:00,4215.831,ok,current_change,121.082,5.141,684.934,155.036,703.445,0.975
2026-08-04T17:40:35.869-07:00,4216.839,ok,current_change,121.091,5.089,680.306,143.466,696.504,0.978
2026-08-04T17:40:37.881-07:00,4218.852,ok,current_change,121.121,5.123,682.620,159.664,701.132,0.973
2026-08-04T17:40:38.888-07:00,4219.858,ok,current_change,121.140,5.053,675.678,143.466,695.347,0.978
2026-08-04T17:40:39.895-07:00,4220.865,ok,current_change,121.111,5.078,680.306,143.466,695.347,0.978
2026-08-04T17:40:40.903-07:00,4221.873,ok,current_change,121.091,5.098,680.306,153.879,697.661,0.975
2026-08-04T17:40:41.909-07:00,4222.879,ok,current_change,121.013,5.078,677.992,148.094,695.347,0.977
2026-08-04T17:40:43.921-07:00,4224.892,ok,current_change,121.101,5.109,677.992,153.879,696.504,0.975
2026-08-04T17:40:44.928-07:00,4225.898,ok,current_change,121.004,5.078,677.992,148.094,695.347,0.977
2026-08-04T17:40:45.936-07:00,4226.906,ok,current_change,121.004,5.114,682.620,153.879,699.975,0.975
2026-08-04T17:40:48.954-07:00,4229.924,ok,current_change,120.994,5.098,677.992,158.507,701.132,0.973
2026-08-04T17:40:51.972-07:00,4232.942,ok,current_change,121.004,5.078,675.678,153.879,694.190,0.975
2026-08-04T17:40:53.984-07:00,4234.954,ok,current_change,121.023,5.096,680.306,153.879,697.661,0.975
2026-08-04T17:40:54.991-07:00,4235.961,ok,current_change,120.994,5.076,677.992,143.466,694.190,0.978
2026-08-04T17:40:57.003-07:00,4237.973,ok,current_change,121.013,5.101,677.992,158.507,697.661,0.973
2026-08-04T17:40:58.010-07:00,4238.980,ok,current_change,121.043,5.082,680.306,143.466,695.347,0.978
2026-08-04T17:41:00.022-07:00,4240.992,ok,current_change,121.013,5.098,677.992,158.507,697.661,0.973
2026-08-04T17:41:01.029-07:00,4241.999,ok,current_change,121.091,5.076,677.992,148.094,695.347,0.977
2026-08-04T17:41:02.035-07:00,4243.005,ok,current_change,121.043,5.105,680.306,153.879,697.661,0.977
2026-08-04T17:41:04.049-07:00,4245.019,ok,current_change,121.052,5.087,677.992,153.879,696.504,0.975
2026-08-04T17:41:05.056-07:00,4246.026,ok,current_change,121.082,5.116,682.620,153.879,699.975,0.975
2026-08-04T17:41:06.062-07:00,4247.032,ok,current_change,121.072,5.082,680.306,143.466,695.347,0.978
2026-08-04T17:41:07.069-07:00,4248.039,ok,current_change,121.082,5.101,680.306,153.879,696.504,0.977
2026-08-04T17:41:08.075-07:00,4249.046,ok,current_change,121.111,5.069,675.678,153.879,694.190,0.975
2026-08-04T17:41:10.087-07:00,4251.057,ok,current_change,121.043,5.091,677.992,153.879,696.504,0.975
2026-08-04T17:41:12.100-07:00,4253.070,ok,current_change,120.965,5.073,677.992,148.094,694.190,0.977
2026-08-04T17:41:13.107-07:00,4254.077,ok,current_change,120.984,5.116,680.306,159.664,699.975,0.973
2026-08-04T17:41:14.114-07:00,4255.084,ok,current_change,120.965,5.094,680.306,143.466,696.504,0.978
2026-08-04T17:41:22.161-07:00,4263.131,ok,current_change,121.023,5.078,677.992,148.094,695.347,0.977
2026-08-04T17:41:26.185-07:00,4267.155,ok,current_change,121.082,5.116,682.620,153.879,698.818,0.975
2026-08-04T17:41:27.192-07:00,4268.162,ok,current_change,121.082,5.074,677.992,148.094,695.347,0.977
2026-08-04T17:41:29.204-07:00,4270.174,ok,current_change,121.062,5.103,680.306,159.664,699.975,0.973
2026-08-04T17:41:30.211-07:00,4271.181,ok,current_change,120.897,5.085,680.306,143.466,695.347,0.978
2026-08-04T17:41:32.223-07:00,4273.193,ok,current_change,120.663,5.109,677.992,158.507,697.661,0.973
2026-08-04T17:41:33.230-07:00,4274.200,ok,current_change,120.702,5.078,675.678,148.094,693.033,0.977
2026-08-04T17:41:37.254-07:00,4278.224,ok,current_change,120.897,5.179,684.934,155.036,702.289,0.975
2026-08-04T17:41:38.262-07:00,4279.232,ok,current_change,120.897,5.091,680.306,149.251,696.504,0.977
2026-08-04T17:41:40.275-07:00,4281.244,ok,current_change,120.975,5.127,682.620,159.664,701.132,0.973
2026-08-04T17:41:41.281-07:00,4282.251,ok,current_change,121.004,5.085,680.306,149.251,696.504,0.977
2026-08-04T17:41:44.299-07:00,4285.269,ok,current_change,120.546,5.112,680.306,149.251,697.661,0.977
2026-08-04T17:41:45.306-07:00,4286.276,ok,current_change,120.653,5.091,677.992,153.879,695.347,0.975
2026-08-04T17:41:51.341-07:00,4292.312,ok,current_change,121.160,5.111,680.306,159.664,699.975,0.973
2026-08-04T17:41:52.348-07:00,4293.318,ok,current_change,121.043,5.073,677.992,143.466,694.190,0.978
2026-08-04T17:41:53.355-07:00,4294.325,ok,current_change,121.160,5.112,682.620,143.466,697.661,0.978
2026-08-04T17:41:55.367-07:00,4296.337,ok,current_change,121.052,5.082,677.992,148.094,695.347,0.977
2026-08-04T17:41:57.379-07:00,4298.349,ok,current_change,121.121,5.116,684.934,149.251,701.132,0.977
2026-08-04T17:41:58.386-07:00,4299.356,ok,current_change,120.965,5.051,673.364,148.094,695.347,0.977
2026-08-04T17:41:59.392-07:00,4300.362,ok,current_change,120.965,5.096,677.992,158.507,697.661,0.973
2026-08-04T17:42:00.399-07:00,4301.369,ok,current_change,120.945,5.063,677.992,143.466,693.033,0.978
2026-08-04T17:42:03.417-07:00,4304.387,ok,current_change,120.975,5.091,680.306,143.466,693.033,0.978
2026-08-04T17:42:05.430-07:00,4306.400,ok,current_change,121.033,5.074,677.992,143.466,694.190,0.978
2026-08-04T17:42:07.442-07:00,4308.412,ok,current_change,121.023,5.109,680.306,159.664,698.818,0.973
2026-08-04T17:42:08.449-07:00,4309.419,ok,current_change,121.013,5.069,677.992,148.094,694.190,0.977
2026-08-04T17:42:09.456-07:00,4310.426,ok,current_change,121.130,5.096,682.620,143.466,697.661,0.978
2026-08-04T17:42:10.463-07:00,4311.433,ok,current_change,120.984,5.080,677.992,153.879,695.347,0.975
2026-08-04T17:42:14.487-07:00,4315.457,ok,current_change,121.004,5.054,673.364,153.879,691.876,0.975
2026-08-04T17:42:15.494-07:00,4316.464,ok,current_change,120.926,5.096,677.992,153.879,696.504,0.975
2026-08-04T17:42:16.500-07:00,4317.470,ok,current_change,120.945,5.071,680.306,143.466,695.347,0.978
2026-08-04T17:42:17.507-07:00,4318.477,ok,current_change,120.936,5.094,680.306,149.251,696.504,0.977
2026-08-04T17:42:18.513-07:00,4319.483,ok,current_change,121.082,5.078,677.992,153.879,695.347,0.975
2026-08-04T17:42:19.520-07:00,4320.490,ok,current_change,120.916,5.094,680.306,143.466,696.504,0.978
2026-08-04T17:42:21.533-07:00,4322.504,ok,current_change,120.965,5.078,677.992,148.094,694.190,0.977
2026-08-04T17:42:23.546-07:00,4324.516,ok,current_change,120.936,5.103,677.992,158.507,697.661,0.973
2026-08-04T17:42:24.552-07:00,4325.522,ok,current_change,120.926,5.074,677.992,143.466,694.190,0.978
2026-08-04T17:42:27.573-07:00,4328.543,ok,current_change,120.955,5.053,675.678,142.309,690.719,0.978
2026-08-04T17:42:28.579-07:00,4329.549,ok,current_change,120.955,5.085,677.992,148.094,695.347,0.977
2026-08-04T17:42:31.598-07:00,4332.568,ok,current_change,120.848,5.105,680.306,153.879,697.661,0.975
2026-08-04T17:42:34.616-07:00,4335.586,ok,current_change,120.887,5.085,675.678,158.507,695.347,0.973
2026-08-04T17:42:36.628-07:00,4337.599,ok,current_change,121.043,5.109,682.620,149.251,698.818,0.977
2026-08-04T17:42:37.636-07:00,4338.606,ok,current_change,121.091,5.069,675.678,153.879,693.033,0.975
2026-08-04T17:42:39.649-07:00,4340.619,ok,current_change,121.101,5.087,677.992,158.507,696.504,0.973
2026-08-04T17:42:40.655-07:00,4341.625,ok,current_change,121.004,5.056,677.992,143.466,694.190,0.978
2026-08-04T17:42:41.662-07:00,4342.632,ok,current_change,121.004,5.078,677.992,148.094,695.347,0.977
2026-08-04T17:42:42.669-07:00,4343.640,ok,current_change,121.033,5.094,677.992,158.507,697.661,0.973
2026-08-04T17:42:43.676-07:00,4344.646,ok,current_change,121.247,5.071,677.992,148.094,695.347,0.977
2026-08-04T17:42:44.683-07:00,4345.653,ok,current_change,121.033,5.094,680.306,149.251,697.661,0.977
2026-08-04T17:42:45.689-07:00,4346.659,ok,current_change,121.091,5.121,677.992,153.879,696.504,0.975
2026-08-04T17:42:46.696-07:00,4347.666,ok,current_change,121.140,5.049,673.364,153.879,691.876,0.975
2026-08-04T17:42:47.704-07:00,4348.674,ok,current_change,121.121,5.094,680.306,153.879,696.504,0.975
2026-08-04T17:42:49.716-07:00,4350.687,ok,current_change,121.277,5.111,682.620,153.879,701.132,0.975
2026-08-04T17:42:50.723-07:00,4351.693,ok,current_change,121.130,5.060,675.678,158.507,694.190,0.973
2026-08-04T17:42:52.735-07:00,4353.705,ok,current_change,120.955,5.098,677.992,158.507,697.661,0.973
2026-08-04T17:42:53.742-07:00,4354.712,ok,current_change,121.091,5.080,680.306,143.466,695.347,0.978
2026-08-04T17:42:56.760-07:00,4357.730,ok,current_change,121.130,5.053,675.678,143.466,691.876,0.978
2026-08-04T17:42:58.773-07:00,4359.743,ok,current_change,121.111,5.085,680.306,149.251,695.347,0.975
2026-08-04T17:43:03.803-07:00,4364.773,ok,current_change,121.082,5.058,675.678,148.094,693.033,0.977
2026-08-04T17:43:04.811-07:00,4365.781,ok,current_change,121.023,5.089,680.306,143.466,696.504,0.978
2026-08-04T17:43:05.818-07:00,4366.788,ok,current_change,120.858,5.114,680.306,159.664,698.818,0.973
2026-08-04T17:43:06.824-07:00,4367.794,ok,current_change,120.936,5.087,680.306,143.466,695.347,0.978
2026-08-04T17:43:07.832-07:00,4368.801,ok,current_change,120.965,5.056,675.678,143.466,691.876,0.978
2026-08-04T17:43:08.838-07:00,4369.808,ok,current_change,120.994,5.078,675.678,158.507,695.347,0.973
2026-08-04T17:43:09.847-07:00,4370.817,ok,current_change,121.043,5.060,675.678,148.094,693.033,0.977
2026-08-04T17:43:10.853-07:00,4371.823,ok,current_change,120.760,5.078,677.992,148.094,694.190,0.977
2026-08-04T17:43:11.860-07:00,4372.830,ok,current_change,120.906,5.129,682.620,149.251,698.818,0.977
2026-08-04T17:43:12.866-07:00,4373.836,ok,current_change,120.624,5.080,675.678,148.094,693.033,0.977
2026-08-04T17:43:14.879-07:00,4375.849,ok,current_change,120.819,5.063,675.678,148.094,691.876,0.977
2026-08-04T17:43:15.885-07:00,4376.855,ok,current_change,120.936,5.091,677.992,153.879,696.504,0.975
2026-08-04T17:43:19.909-07:00,4380.879,ok,current_change,120.945,5.063,675.678,153.879,693.033,0.975
2026-08-04T17:43:20.917-07:00,4381.887,ok,current_change,121.004,5.087,680.306,149.251,696.504,0.977
2026-08-04T17:43:23.935-07:00,4384.905,ok,current_change,120.692,5.056,673.364,148.094,690.719,0.976
2026-08-04T17:43:24.942-07:00,4385.912,ok,current_change,120.819,5.114,680.306,153.879,696.504,0.975
2026-08-04T17:43:25.949-07:00,4386.919,ok,current_change,120.916,5.058,675.678,148.094,691.876,0.977
2026-08-04T17:43:26.956-07:00,4387.926,ok,current_change,120.897,5.098,680.306,149.251,697.661,0.977
2026-08-04T17:43:27.963-07:00,4388.933,ok,current_change,120.975,5.127,682.620,159.664,701.132,0.973
2026-08-04T17:43:28.969-07:00,4389.939,ok,current_change,120.965,5.067,677.992,143.466,693.033,0.978
2026-08-04T17:43:29.976-07:00,4390.946,ok,current_change,121.072,5.092,680.306,153.879,696.504,0.977
2026-08-04T17:43:31.988-07:00,4392.958,ok,current_change,120.770,5.062,673.364,153.879,691.876,0.975
2026-08-04T17:43:32.995-07:00,4393.965,ok,current_change,120.799,5.087,680.306,153.879,697.661,0.975
2026-08-04T17:43:38.025-07:00,4398.995,ok,current_change,120.867,5.109,680.306,159.664,698.818,0.973
2026-08-04T17:43:39.031-07:00,4400.001,ok,current_change,120.867,5.060,675.678,148.094,691.876,0.977
2026-08-04T17:43:40.038-07:00,4401.008,ok,current_change,120.858,5.089,680.306,143.466,695.347,0.978
2026-08-04T17:43:41.044-07:00,4402.014,ok,current_change,120.975,5.127,682.620,159.664,697.661,0.973
2026-08-04T17:43:42.051-07:00,4403.021,ok,current_change,120.975,5.056,675.678,143.466,691.876,0.978
2026-08-04T17:43:43.057-07:00,4404.027,ok,current_change,120.789,5.100,680.306,143.466,696.504,0.978
2026-08-04T17:43:47.083-07:00,4408.053,ok,current_change,121.052,5.116,682.620,149.251,699.975,0.977
2026-08-04T17:43:48.089-07:00,4409.059,ok,current_change,120.916,5.063,675.678,153.879,693.033,0.975
2026-08-04T17:43:49.097-07:00,4410.067,ok,current_change,121.043,5.103,675.678,153.879,694.190,0.975
2026-08-04T17:43:50.103-07:00,4411.074,ok,current_change,120.945,5.078,677.992,143.466,694.190,0.978
2026-08-04T17:43:56.139-07:00,4417.109,ok,current_change,121.043,5.100,682.620,143.466,697.661,0.978
2026-08-04T17:43:57.146-07:00,4418.116,ok,current_change,120.877,5.121,682.620,153.879,699.975,0.975
2026-08-04T17:43:58.152-07:00,4419.122,ok,current_change,120.906,5.065,675.678,148.094,693.033,0.977
2026-08-04T17:44:02.176-07:00,4423.146,ok,current_change,120.897,5.085,677.992,153.879,695.347,0.975
2026-08-04T17:44:09.218-07:00,4430.188,ok,current_change,120.819,5.103,682.620,143.466,693.033,0.977
2026-08-04T17:44:10.224-07:00,4431.194,ok,current_change,120.858,5.130,682.620,159.664,701.132,0.973
2026-08-04T17:44:11.231-07:00,4432.201,ok,current_change,120.858,5.080,677.992,143.466,694.190,0.978
2026-08-04T17:44:12.238-07:00,4433.208,ok,current_change,120.926,5.098,675.678,148.094,693.033,0.977
2026-08-04T17:44:13.244-07:00,4434.214,ok,current_change,120.936,5.132,682.620,164.292,702.289,0.972
2026-08-04T17:44:14.251-07:00,4435.221,ok,current_change,120.916,5.080,677.992,143.466,694.190,0.978
2026-08-04T17:44:15.259-07:00,4436.229,ok,current_change,120.789,5.100,680.306,143.466,696.504,0.978
2026-08-04T17:44:16.265-07:00,4437.235,ok,current_change,120.897,5.076,675.678,153.879,694.190,0.975
2026-08-04T17:44:19.284-07:00,4440.254,ok,current_change,120.809,5.107,682.620,143.466,697.661,0.978
2026-08-04T17:44:20.291-07:00,4441.261,ok,current_change,120.916,5.083,677.992,148.094,695.347,0.977
2026-08-04T17:44:21.298-07:00,4442.268,ok,current_change,120.848,5.105,677.992,158.507,697.661,0.973
2026-08-04T17:44:27.333-07:00,4448.303,ok,current_change,120.799,5.080,677.992,148.094,694.190,0.977
2026-08-04T17:44:30.352-07:00,4451.322,ok,current_change,120.906,5.056,675.678,148.094,691.876,0.977
2026-08-04T17:44:31.358-07:00,4452.328,ok,current_change,120.741,5.083,677.992,143.466,694.190,0.978
2026-08-04T17:44:32.365-07:00,4453.335,ok,current_change,120.926,5.125,682.620,159.664,701.132,0.973
2026-08-04T17:44:33.372-07:00,4454.342,ok,current_change,120.897,5.091,677.992,143.466,693.033,0.978
2026-08-04T17:44:36.391-07:00,4457.361,ok,current_change,120.848,5.065,677.992,143.466,694.190,0.978
2026-08-04T17:44:37.397-07:00,4458.367,ok,current_change,120.760,5.082,677.992,148.094,694.190,0.977
2026-08-04T17:44:38.404-07:00,4459.374,ok,current_change,120.799,5.134,684.934,149.251,701.132,0.977
2026-08-04T17:44:39.410-07:00,4460.380,ok,current_change,120.984,5.082,677.992,148.094,695.347,0.977
2026-08-04T17:44:41.423-07:00,4462.393,ok,current_change,121.072,5.114,682.620,149.251,699.975,0.977
2026-08-04T17:44:42.429-07:00,4463.399,ok,current_change,120.682,5.065,673.364,153.879,691.876,0.975
2026-08-04T17:44:43.437-07:00,4464.407,ok,current_change,120.721,5.094,675.678,158.507,695.347,0.973
2026-08-04T17:44:50.479-07:00,4471.449,ok,current_change,120.877,5.116,682.620,149.251,695.347,0.978
2026-08-04T17:44:51.485-07:00,4472.455,ok,current_change,121.111,5.161,687.248,159.664,706.916,0.974
2026-08-04T17:44:52.492-07:00,4473.462,ok,current_change,120.975,5.087,680.306,149.251,696.504,0.977
2026-08-04T17:44:53.498-07:00,4474.468,ok,current_change,120.965,5.071,682.620,143.466,698.818,0.978
2026-08-04T17:44:54.505-07:00,4475.475,ok,current_change,120.955,5.170,687.248,159.664,706.916,0.974
2026-08-04T17:44:55.511-07:00,4476.481,ok,current_change,120.945,5.069,677.992,143.466,693.033,0.978
2026-08-04T17:44:57.525-07:00,4478.495,ok,current_change,121.111,5.123,682.620,159.664,701.132,0.973
2026-08-04T17:44:58.531-07:00,4479.502,ok,current_change,120.965,5.078,684.934,149.251,701.132,0.977
2026-08-04T17:45:01.550-07:00,4482.520,ok,current_change,120.770,5.109,675.678,148.094,691.876,0.977
2026-08-04T17:45:04.568-07:00,4485.538,ok,current_change,120.692,5.078,675.678,148.094,693.033,0.977
2026-08-04T17:45:05.574-07:00,4486.544,ok,current_change,120.906,5.112,682.620,149.251,698.818,0.977
2026-08-04T17:45:06.581-07:00,4487.551,ok,current_change,120.711,5.071,675.678,148.094,693.033,0.977
2026-08-04T17:45:07.589-07:00,4488.559,ok,current_change,120.692,5.087,677.992,148.094,694.190,0.977
2026-08-04T17:45:08.592-07:00,4489.565,ok,current_change,120.809,5.120,680.306,159.664,699.975,0.973
2026-08-04T17:45:10.597-07:00,4491.570,ok,current_change,120.711,5.096,680.306,143.466,695.347,0.978
2026-08-04T17:45:11.600-07:00,4492.573,ok,current_change,120.760,5.076,675.678,153.879,693.033,0.975
2026-08-04T17:45:12.602-07:00,4493.576,ok,current_change,120.887,5.105,677.992,143.466,694.190,0.978
2026-08-04T17:45:14.614-07:00,4495.584,ok,current_change,121.091,5.078,677.992,153.879,695.347,0.975
2026-08-04T17:45:15.621-07:00,4496.591,ok,current_change,120.945,5.109,682.620,143.466,695.347,0.977
2026-08-04T17:45:16.627-07:00,4497.597,ok,current_change,120.955,5.127,682.620,159.664,701.132,0.973
2026-08-04T17:45:18.641-07:00,4499.611,ok,current_change,120.936,5.109,684.934,143.466,699.975,0.978
2026-08-04T17:45:20.653-07:00,4501.623,ok,current_change,121.072,5.082,680.306,143.466,695.347,0.978
2026-08-04T17:45:24.677-07:00,4505.647,ok,current_change,120.945,5.100,680.306,149.251,697.661,0.977
2026-08-04T17:45:25.684-07:00,4506.654,ok,current_change,120.965,5.130,684.934,155.036,702.289,0.975
2026-08-04T17:45:26.690-07:00,4507.660,ok,current_change,120.906,5.073,675.678,153.879,696.504,0.977
2026-08-04T17:45:27.697-07:00,4508.667,ok,current_change,121.062,5.094,680.306,153.879,697.661,0.975
2026-08-04T17:45:28.703-07:00,4509.673,ok,current_change,121.091,5.114,684.934,143.466,699.975,0.978
2026-08-04T17:45:32.727-07:00,4513.697,ok,current_change,120.682,5.134,680.306,153.879,698.818,0.975
2026-08-04T17:45:34.739-07:00,4515.709,ok,current_change,120.653,5.100,680.306,149.251,696.504,0.977
2026-08-04T17:45:38.763-07:00,4519.733,ok,current_change,120.770,5.116,682.620,149.251,698.818,0.977
2026-08-04T17:45:39.770-07:00,4520.740,ok,current_change,121.013,5.076,675.678,153.879,694.190,0.975
2026-08-04T17:45:40.776-07:00,4521.746,ok,current_change,120.975,5.096,680.306,149.251,697.661,0.978
2026-08-04T17:45:43.794-07:00,4524.764,ok,current_change,120.887,5.116,682.620,149.251,699.975,0.977
2026-08-04T17:45:45.810-07:00,4526.780,ok,current_change,120.750,5.087,677.992,153.879,695.347,0.975
2026-08-04T17:45:46.816-07:00,4527.786,ok,current_change,120.838,5.129,684.934,143.466,701.132,0.979
2026-08-04T17:45:48.829-07:00,4529.799,ok,current_change,120.760,5.101,680.306,149.251,697.661,0.977
2026-08-04T17:45:50.843-07:00,4531.813,ok,current_change,120.741,5.143,684.934,155.036,702.289,0.975
2026-08-04T17:45:51.849-07:00,4532.819,ok,current_change,120.760,5.103,680.306,149.251,696.504,0.977
2026-08-04T17:45:52.856-07:00,4533.826,ok,current_change,120.887,5.085,677.992,148.094,695.347,0.977
2026-08-04T17:45:53.862-07:00,4534.832,ok,current_change,120.955,5.114,680.306,159.664,699.975,0.973
2026-08-04T17:45:55.876-07:00,4536.846,ok,current_change,120.945,5.078,677.992,148.094,694.190,0.977
2026-08-04T17:45:56.883-07:00,4537.853,ok,current_change,120.897,5.132,682.620,164.292,699.975,0.973
2026-08-04T17:45:57.889-07:00,4538.859,ok,current_change,120.848,5.114,682.620,143.466,698.818,0.978
2026-08-04T17:46:03.925-07:00,4544.895,ok,current_change,120.741,5.094,680.306,143.466,695.347,0.978
2026-08-04T17:46:04.932-07:00,4545.902,ok,current_change,120.848,5.121,684.934,143.466,699.975,0.978
2026-08-04T17:46:05.938-07:00,4546.908,ok,current_change,120.897,5.085,682.620,159.664,702.289,0.974
2026-08-04T17:46:08.955-07:00,4549.925,ok,current_change,120.897,5.103,680.306,153.879,697.661,0.975
2026-08-04T17:46:09.962-07:00,4550.932,ok,current_change,120.945,5.051,673.364,148.094,690.719,0.976
2026-08-04T17:46:10.968-07:00,4551.938,ok,current_change,120.955,5.094,677.992,153.879,696.504,0.975
2026-08-04T17:46:11.975-07:00,4552.945,ok,current_change,120.682,5.120,682.620,149.251,698.818,0.977
2026-08-04T17:46:12.981-07:00,4553.951,ok,current_change,120.672,5.091,677.992,148.094,695.347,0.977
2026-08-04T17:46:13.988-07:00,4554.958,ok,current_change,120.789,5.120,682.620,153.879,699.975,0.975
2026-08-04T17:46:14.996-07:00,4555.966,ok,current_change,120.702,5.136,684.934,149.251,701.132,0.977
2026-08-04T17:46:16.002-07:00,4556.972,ok,current_change,120.828,5.103,680.306,153.879,697.661,0.975
2026-08-04T17:46:17.009-07:00,4557.979,ok,current_change,120.731,5.132,682.620,149.251,698.818,0.977
2026-08-04T17:46:22.039-07:00,4563.009,ok,current_change,120.789,5.089,677.992,153.879,695.347,0.975
2026-08-04T17:46:23.045-07:00,4564.015,ok,current_change,120.760,5.111,680.306,149.251,697.661,0.977
2026-08-04T17:46:24.052-07:00,4565.022,ok,current_change,120.546,5.129,682.620,149.251,699.975,0.977
2026-08-04T17:46:25.058-07:00,4566.028,ok,current_change,120.526,5.101,677.992,148.094,693.033,0.977
2026-08-04T17:46:26.066-07:00,4567.036,ok,current_change,120.692,5.118,680.306,153.879,698.818,0.975
2026-08-04T17:46:27.072-07:00,4568.042,ok,current_change,120.789,5.141,684.934,149.251,702.289,0.977
2026-08-04T17:46:28.079-07:00,4569.049,ok,current_change,120.692,5.103,680.306,149.251,696.504,0.977
2026-08-04T17:46:29.086-07:00,4570.056,ok,current_change,120.819,5.138,684.934,155.036,702.289,0.975
2026-08-04T17:46:31.098-07:00,4572.068,ok,current_change,120.809,5.094,677.992,153.879,696.504,0.975
2026-08-04T17:46:32.104-07:00,4573.075,ok,current_change,120.780,5.116,680.306,153.879,698.818,0.975
2026-08-04T17:46:34.117-07:00,4575.087,ok,current_change,120.897,5.096,680.306,149.251,696.504,0.977
2026-08-04T17:46:35.123-07:00,4576.093,ok,current_change,120.858,5.140,684.934,155.036,702.289,0.975
2026-08-04T17:46:38.141-07:00,4579.112,ok,current_change,120.828,5.098,677.992,158.507,696.504,0.973
2026-08-04T17:46:39.148-07:00,4580.118,ok,current_change,120.887,5.127,684.934,149.251,701.132,0.977
2026-08-04T17:46:42.166-07:00,4583.136,ok,current_change,120.682,5.105,680.306,143.466,696.504,0.978
2026-08-04T17:46:43.173-07:00,4584.143,ok,current_change,120.741,5.121,682.620,153.879,699.975,0.975
2026-08-04T17:46:50.217-07:00,4591.187,ok,current_change,120.760,5.101,680.306,159.664,699.975,0.973
2026-08-04T17:46:54.241-07:00,4595.211,ok,current_change,120.789,5.120,682.620,149.251,699.975,0.977
2026-08-04T17:46:55.247-07:00,4596.217,ok,current_change,120.994,5.103,680.306,159.664,698.818,0.973
2026-08-04T17:47:01.285-07:00,4602.255,ok,current_change,121.013,5.141,684.934,159.664,703.445,0.974
2026-08-04T17:47:02.292-07:00,4603.262,ok,current_change,120.926,5.103,680.306,149.251,697.661,0.977
2026-08-04T17:47:04.304-07:00,4605.274,ok,current_change,120.819,5.138,682.620,159.664,703.445,0.974
2026-08-04T17:47:05.311-07:00,4606.281,ok,current_change,120.858,5.111,682.620,143.466,698.818,0.978
2026-08-04T17:47:07.323-07:00,4608.293,ok,current_change,120.848,5.130,682.620,159.664,702.289,0.974
2026-08-04T17:47:08.326-07:00,4609.299,ok,current_change,120.809,5.100,680.306,143.466,696.504,0.978
2026-08-04T17:47:09.329-07:00,4610.302,ok,current_change,120.887,5.073,677.992,148.094,694.190,0.977
2026-08-04T17:47:10.332-07:00,4611.305,ok,current_change,120.799,5.132,682.620,159.664,701.132,0.973
2026-08-04T17:47:11.334-07:00,4612.308,ok,current_change,120.877,5.087,677.992,148.094,695.347,0.977
2026-08-04T17:47:12.337-07:00,4613.310,ok,current_change,120.906,5.109,682.620,149.251,698.818,0.977
2026-08-04T17:47:16.361-07:00,4617.331,ok,current_change,120.897,5.134,684.934,149.251,701.132,0.977
2026-08-04T17:47:17.367-07:00,4618.337,ok,current_change,120.975,5.089,677.992,153.879,696.504,0.975
2026-08-04T17:47:18.375-07:00,4619.345,ok,current_change,120.848,5.118,682.620,153.879,699.975,0.975
2026-08-04T17:47:20.387-07:00,4621.358,ok,current_change,120.984,5.071,675.678,153.879,694.190,0.975
2026-08-04T17:47:21.394-07:00,4622.364,ok,current_change,120.887,5.114,680.306,153.879,699.975,0.975
2026-08-04T17:47:22.401-07:00,4623.371,ok,current_change,120.887,5.134,684.934,149.251,702.289,0.977
2026-08-04T17:47:23.409-07:00,4624.379,ok,current_change,120.965,5.100,680.306,153.879,697.661,0.975
2026-08-04T17:47:29.445-07:00,4630.415,ok,current_change,120.906,5.123,682.620,153.879,701.132,0.975
2026-08-04T17:47:32.463-07:00,4633.433,ok,current_change,120.799,5.098,677.992,153.879,702.289,0.977
2026-08-04T17:47:36.487-07:00,4637.457,ok,current_change,120.897,5.118,680.306,159.664,699.975,0.973
2026-08-04T17:47:37.494-07:00,4638.464,ok,current_change,121.023,5.194,694.190,144.623,710.387,0.979
2026-08-04T17:47:38.500-07:00,4639.470,ok,current_change,121.072,5.120,682.620,149.251,698.818,0.977
2026-08-04T17:47:39.507-07:00,4640.477,ok,current_change,120.965,5.082,675.678,158.507,695.347,0.973
2026-08-04T17:47:41.519-07:00,4642.489,ok,current_change,120.965,5.111,682.620,149.251,698.818,0.977
2026-08-04T17:47:45.545-07:00,4646.515,ok,current_change|power_change,121.423,0.223,23.140,30.082,39.337,0.617
2026-08-04T17:47:49.569-07:00,4650.539,ok,current_change,121.286,0.199,20.826,27.768,35.866,0.612
2026-08-04T17:47:51.581-07:00,4652.551,ok,current_change,121.462,0.270,27.768,35.866,46.279,0.625
2026-08-04T17:47:53.594-07:00,4654.564,ok,current_change,121.452,0.254,27.768,33.552,43.965,0.631
2026-08-04T17:47:54.600-07:00,4655.570,ok,current_change,121.618,0.293,30.082,38.180,49.750,0.627
2026-08-04T17:47:56.614-07:00,4657.584,ok,current_change,121.462,0.270,27.768,35.866,46.279,0.625
2026-08-04T17:47:57.621-07:00,4658.591,ok,current_change,121.413,0.246,27.768,37.023,46.279,0.600
2026-08-04T17:47:59.633-07:00,4660.603,ok,current_change,121.501,0.283,30.082,35.866,47.436,0.634
2026-08-04T17:48:01.646-07:00,4662.616,ok,current_change,121.345,0.254,25.454,34.709,43.965,0.604
2026-08-04T17:48:02.652-07:00,4663.622,ok,current_change,121.540,0.297,32.396,37.023,43.965,0.631
2026-08-04T17:48:04.665-07:00,4665.635,ok,current_change,121.481,0.266,27.768,35.866,46.279,0.625
2026-08-04T17:48:05.671-07:00,4666.641,ok,current_change,121.452,0.250,25.454,34.709,46.279,0.600
2026-08-04T17:48:07.684-07:00,4668.654,ok,current_change,121.452,0.295,30.082,38.180,49.750,0.627
2026-08-04T17:48:10.692-07:00,4671.665,ok,current_change,121.559,0.259,27.768,34.709,45.122,0.615
2026-08-04T17:48:11.694-07:00,4672.668,ok,current_change,121.394,0.293,30.082,38.180,49.750,0.627
2026-08-04T17:48:13.703-07:00,4674.673,ok,current_change,121.286,0.277,27.768,37.023,47.436,0.609
2026-08-04T17:48:16.721-07:00,4677.691,ok,current_change,121.481,0.310,32.396,39.337,52.064,0.644
2026-08-04T17:48:18.733-07:00,4679.704,ok,current_change,121.462,0.279,30.082,35.866,47.436,0.634
2026-08-04T17:48:21.752-07:00,4682.722,ok,current_change,121.316,0.308,32.396,38.180,50.907,0.636
2026-08-04T17:48:22.758-07:00,4683.728,ok,current_change,121.462,0.290,30.082,37.023,48.593,0.643
2026-08-04T17:48:23.765-07:00,4684.735,ok,current_change,121.549,0.272,27.768,35.866,46.279,0.625
2026-08-04T17:48:26.783-07:00,4687.753,ok,current_change,121.433,0.290,30.082,37.023,48.593,0.618
2026-08-04T17:48:28.795-07:00,4689.766,ok,current_change,121.306,0.255,30.082,35.866,47.436,0.634
2026-08-04T17:48:30.808-07:00,4691.778,ok,current_change,121.296,0.288,30.082,37.023,48.593,0.618
2026-08-04T17:48:33.826-07:00,4694.796,ok,current_change,121.452,0.268,27.768,37.023,46.279,0.600
2026-08-04T17:48:34.832-07:00,4695.803,ok,current_change,121.471,0.225,23.140,32.396,40.494,0.600
2026-08-04T17:48:38.857-07:00,4699.827,ok,current_change,121.306,0.190,20.826,27.768,35.866,0.612
2026-08-04T17:48:42.882-07:00,4703.852,ok,current_change,121.433,0.208,20.826,28.925,37.023,0.594
2026-08-04T17:48:45.900-07:00,4706.870,ok,current_change,121.452,0.190,20.826,27.768,35.866,0.612
2026-08-04T17:48:50.930-07:00,4711.900,ok,current_change,121.316,0.210,20.826,30.082,38.180,0.575
2026-08-04T17:48:52.943-07:00,4713.913,ok,current_change,121.433,0.190,20.826,28.925,35.866,0.580
2026-08-04T17:49:00.991-07:00,4721.961,ok,current_change|heater_off,121.257,0.000,2.314,8.099,9.256,0.375
2026-08-04T17:50:01.340-07:00,4782.310,ok,heartbeat,121.423,0.000,0.000,6.942,8.099,0.143
2026-08-04T17:51:01.673-07:00,4842.643,ok,heartbeat,121.364,0.000,2.314,8.099,9.256,0.250
2026-08-04T17:52:02.025-07:00,4902.995,ok,heartbeat,121.004,0.000,0.000,8.099,9.256,0.125
2026-08-04T17:53:02.375-07:00,4963.345,ok,heartbeat,121.462,0.000,0.000,9.256,10.413,0.110
2026-08-04T17:54:02.709-07:00,5023.679,ok,heartbeat,121.355,0.000,2.314,8.099,9.256,0.250
2026-08-04T17:55:03.060-07:00,5084.030,ok,heartbeat,121.277,0.000,0.000,8.099,9.256,0.125
2026-08-04T17:56:03.392-07:00,5144.362,ok,heartbeat,121.403,0.000,0.000,9.256,9.256,0.000
2026-08-04T17:57:03.728-07:00,5204.698,ok,heartbeat,121.296,0.000,2.314,6.942,8.099,0.285
2026-08-04T17:58:04.060-07:00,5265.030,ok,heartbeat,121.355,0.000,2.314,8.099,9.256,0.125
2026-08-04T17:59:04.396-07:00,5325.366,ok,heartbeat,121.627,0.000,0.000,9.256,9.256,0.250
2026-08-04T18:00:04.747-07:00,5385.717,ok,heartbeat,121.520,0.000,2.314,9.256,10.413,0.333
2026-08-04T18:01:05.064-07:00,5446.034,ok,heartbeat,121.842,0.000,2.314,8.099,9.256,0.250
2026-08-04T18:02:05.399-07:00,5506.369,ok,heartbeat,121.705,0.000,2.314,6.942,8.099,0.285
2026-08-04T18:03:05.751-07:00,5566.721,ok,heartbeat,121.540,0.000,0.000,8.099,9.256,0.125
2026-08-04T18:04:06.085-07:00,5627.055,ok,heartbeat,121.608,0.000,0.000,8.099,8.099,0.000
2026-08-04T18:04:07.091-07:00,5628.061,ok,voltage_change,120.195,0.000,2.314,6.942,8.099,0.285
2026-08-04T18:05:07.425-07:00,5688.395,ok,heartbeat,120.409,0.000,2.314,8.099,9.256,0.250
2026-08-04T18:06:07.759-07:00,5748.730,ok,heartbeat,120.487,0.000,2.314,8.099,9.256,0.250
2026-08-04T18:07:08.091-07:00,5809.064,ok,heartbeat,120.390,0.000,2.314,6.942,8.099,0.285
2026-08-04T18:08:08.422-07:00,5869.396,ok,heartbeat,120.526,0.000,2.314,8.099,9.256,0.250
2026-08-04T18:09:08.755-07:00,5929.729,ok,heartbeat,120.624,0.000,2.314,6.942,8.099,0.285
2026-08-04T18:10:09.091-07:00,5990.061,ok,heartbeat,120.497,0.000,0.000,6.942,8.099,0.143
2026-08-04T18:11:09.434-07:00,6050.408,ok,heartbeat,120.702,0.000,2.314,6.942,8.099,0.285
2026-08-04T18:12:09.767-07:00,6110.740,ok,heartbeat,120.672,0.000,2.314,6.942,8.099,0.285
2026-08-04T18:13:10.096-07:00,6171.069,ok,heartbeat,120.741,0.000,2.314,6.942,8.099,0.285
2026-08-04T18:14:10.428-07:00,6231.402,ok,heartbeat,120.760,0.000,2.314,8.099,9.256,0.250
2026-08-04T18:15:10.771-07:00,6291.741,ok,heartbeat,120.614,0.000,0.000,6.942,8.099,0.143
2026-08-04T18:16:11.105-07:00,6352.079,ok,heartbeat,120.663,0.000,2.314,8.099,9.256,0.250
2026-08-04T18:17:11.453-07:00,6412.423,ok,heartbeat,120.838,0.000,2.314,8.099,9.256,0.250
2026-08-04T18:18:11.789-07:00,6472.763,ok,heartbeat,120.653,0.000,0.000,8.099,9.256,0.125
2026-08-04T18:19:12.118-07:00,6533.092,ok,heartbeat,120.585,0.000,0.000,8.099,9.256,0.125
2026-08-04T18:20:12.451-07:00,6593.424,ok,heartbeat,120.643,0.000,2.314,8.099,9.256,0.250
2026-08-04T18:21:12.783-07:00,6653.757,ok,heartbeat,120.731,0.000,0.000,8.099,9.256,0.125
2026-08-04T18:22:13.115-07:00,6714.085,ok,heartbeat,120.770,0.000,2.314,6.942,8.099,0.285
2026-08-04T18:23:13.446-07:00,6774.416,ok,heartbeat,120.643,0.000,2.314,8.099,9.256,0.250
2026-08-04T18:24:13.795-07:00,6834.765,ok,heartbeat,120.799,0.000,2.314,8.099,9.256,0.250
2026-08-04T18:25:14.125-07:00,6895.095,ok,heartbeat,120.858,0.000,2.314,8.099,9.256,0.250
2026-08-04T18:26:14.455-07:00,6955.425,ok,heartbeat,120.897,0.000,2.314,8.099,9.256,0.250
2026-08-04T18:27:14.803-07:00,7015.773,ok,heartbeat,120.672,0.000,2.314,8.099,9.256,0.250
2026-08-04T18:28:15.134-07:00,7076.104,ok,heartbeat,120.945,0.000,0.000,8.099,9.256,0.125
2026-08-04T18:29:15.482-07:00,7136.452,ok,heartbeat,120.604,0.000,0.000,6.942,8.099,0.428
2026-08-04T18:30:15.813-07:00,7196.783,ok,heartbeat,120.750,0.000,2.314,6.942,8.099,0.285
2026-08-04T18:31:16.146-07:00,7257.116,ok,heartbeat,120.828,0.000,0.000,8.099,9.256,0.125
2026-08-04T18:32:16.504-07:00,7317.474,ok,heartbeat,120.624,0.000,0.000,8.099,9.256,0.125
2026-08-04T18:33:16.836-07:00,7377.806,ok,heartbeat,120.653,0.000,2.314,8.099,9.256,0.250
2026-08-04T18:34:17.185-07:00,7438.155,ok,heartbeat,120.624,0.000,0.000,8.099,9.256,0.125
2026-08-04T18:35:17.518-07:00,7498.488,ok,heartbeat,120.760,0.000,2.314,8.099,9.256,0.250
2026-08-04T18:36:17.852-07:00,7558.822,ok,heartbeat,120.789,0.000,2.314,8.099,9.256,0.250
2026-08-04T18:37:18.201-07:00,7619.171,ok,heartbeat,120.750,0.000,0.000,6.942,8.099,0.143
2026-08-04T18:38:18.533-07:00,7679.503,ok,heartbeat,120.887,0.000,2.314,8.099,9.256,0.250
2026-08-04T18:39:18.866-07:00,7739.836,ok,heartbeat,120.653,0.000,2.314,8.099,9.256,0.250
2026-08-04T18:40:19.214-07:00,7800.184,ok,heartbeat,120.731,0.000,2.314,8.099,9.256,0.250
2026-08-04T18:41:19.547-07:00,7860.517,ok,heartbeat,120.848,0.000,2.314,8.099,9.256,0.250
2026-08-04T18:42:19.896-07:00,7920.867,ok,heartbeat,120.975,0.000,0.000,6.942,8.099,0.143
2026-08-04T18:43:20.228-07:00,7981.198,ok,heartbeat,121.121,0.000,0.000,6.942,8.099,0.143
2026-08-04T18:44:20.578-07:00,8041.548,ok,heartbeat,120.887,0.000,2.314,8.099,9.256,0.250
2026-08-04T18:45:20.911-07:00,8101.881,ok,heartbeat,120.770,0.000,2.314,6.942,8.099,0.285
2026-08-04T18:46:21.242-07:00,8162.212,ok,heartbeat,120.926,0.000,2.314,6.942,8.099,0.285
2026-08-04T18:47:21.575-07:00,8222.545,ok,heartbeat,120.877,0.000,2.314,8.099,9.256,0.250
2026-08-04T18:48:21.908-07:00,8282.878,ok,heartbeat,120.926,0.000,2.314,8.099,9.256,0.250
2026-08-04T18:49:22.257-07:00,8343.227,ok,heartbeat,120.887,0.000,2.314,8.099,9.256,0.250
2026-08-04T18:50:22.589-07:00,8403.559,ok,heartbeat,121.023,0.000,2.314,8.099,9.256,0.250
2026-08-04T18:51:22.921-07:00,8463.891,ok,heartbeat,121.043,0.000,2.314,8.099,9.256,0.250
2026-08-04T18:52:23.255-07:00,8524.225,ok,heartbeat,121.121,0.000,2.314,6.942,8.099,0.285
2026-08-04T18:53:23.587-07:00,8584.557,ok,heartbeat,121.130,0.000,2.314,8.099,9.256,0.250
2026-08-04T18:54:23.938-07:00,8644.908,ok,heartbeat,120.780,0.000,2.314,8.099,9.256,0.250
2026-08-04T18:55:24.270-07:00,8705.240,ok,heartbeat,121.004,0.000,2.314,8.099,9.256,0.250
2026-08-04T18:56:24.603-07:00,8765.573,ok,heartbeat,121.062,0.000,2.314,9.256,10.413,0.222
2026-08-04T18:57:24.952-07:00,8825.922,ok,heartbeat,120.770,0.000,0.000,6.942,8.099,0.143
2026-08-04T18:58:25.283-07:00,8886.253,ok,heartbeat,121.023,0.000,2.314,8.099,9.256,0.250
2026-08-04T18:59:25.633-07:00,8946.603,ok,heartbeat,121.082,0.000,2.314,8.099,9.256,0.375
2026-08-04T19:00:25.966-07:00,9006.936,ok,heartbeat,120.906,0.000,2.314,9.256,10.413,0.222
2026-08-04T19:01:26.281-07:00,9067.251,ok,heartbeat,120.975,0.000,2.314,8.099,9.256,0.375
2026-08-04T19:02:26.612-07:00,9127.582,ok,heartbeat,121.179,0.000,2.314,6.942,8.099,0.285
2026-08-04T19:03:26.962-07:00,9187.932,ok,heartbeat,121.179,0.000,2.314,8.099,9.256,0.250
2026-08-04T19:04:27.292-07:00,9248.262,ok,heartbeat,121.140,0.000,2.314,8.099,9.256,0.125
2026-08-04T19:05:27.624-07:00,9308.594,ok,heartbeat,121.111,0.000,0.000,8.099,9.256,0.125
2026-08-04T19:06:27.956-07:00,9368.926,ok,heartbeat,120.994,0.000,2.314,8.099,9.256,0.250
2026-08-04T19:07:28.287-07:00,9429.257,ok,heartbeat,120.984,0.000,0.000,6.942,8.099,0.143
2026-08-04T19:08:28.619-07:00,9489.589,ok,heartbeat,121.199,0.000,2.314,9.256,10.413,0.222
2026-08-04T19:09:28.951-07:00,9549.921,ok,heartbeat,120.858,0.000,0.000,6.942,8.099,0.143
2026-08-04T19:10:29.282-07:00,9610.252,ok,heartbeat,121.033,0.000,0.000,5.785,6.942,0.166
2026-08-04T19:11:29.632-07:00,9670.602,ok,heartbeat,121.121,0.000,0.000,8.099,9.256,0.125
2026-08-04T19:12:29.964-07:00,9730.934,ok,heartbeat,121.150,0.000,2.314,6.942,8.099,0.285
2026-08-04T19:13:30.295-07:00,9791.265,ok,heartbeat,121.169,0.000,0.000,8.099,9.256,0.125
2026-08-04T19:14:30.627-07:00,9851.597,ok,heartbeat,121.286,0.000,0.000,6.942,8.099,0.143
2026-08-04T19:15:30.977-07:00,9911.947,ok,heartbeat,121.101,0.000,2.314,6.942,8.099,0.285
2026-08-04T19:16:31.307-07:00,9972.277,ok,heartbeat,121.150,0.000,2.314,8.099,9.256,0.250
2026-08-04T19:17:31.657-07:00,10032.627,ok,heartbeat,121.091,0.000,2.314,6.942,8.099,0.285
2026-08-04T19:18:31.990-07:00,10092.960,ok,heartbeat,121.228,0.000,2.314,6.942,8.099,0.285
2026-08-04T19:19:32.322-07:00,10153.292,ok,heartbeat,121.150,0.000,0.000,8.099,9.256,0.125
2026-08-04T19:20:32.671-07:00,10213.642,ok,heartbeat,121.247,0.000,2.314,8.099,9.256,0.250
2026-08-04T19:21:33.003-07:00,10273.973,ok,heartbeat,121.121,0.000,2.314,8.099,9.256,0.250
2026-08-04T19:22:33.352-07:00,10334.322,ok,heartbeat,121.150,0.000,2.314,8.099,9.256,0.250
2026-08-04T19:23:33.684-07:00,10394.654,ok,heartbeat,121.316,0.000,0.000,6.942,8.099,0.143
2026-08-04T19:24:34.016-07:00,10454.986,ok,heartbeat,120.887,0.000,2.314,8.099,9.256,0.250
2026-08-04T19:25:34.365-07:00,10515.335,ok,heartbeat,121.043,0.000,2.314,8.099,9.256,0.250
2026-08-04T19:26:34.697-07:00,10575.667,ok,heartbeat,121.374,0.000,2.314,8.099,9.256,0.250
2026-08-04T19:27:35.029-07:00,10635.999,ok,heartbeat,121.189,0.000,2.314,8.099,9.256,0.250
2026-08-04T19:28:35.379-07:00,10696.349,ok,heartbeat,121.559,0.000,2.314,8.099,9.256,0.250
2026-08-04T19:29:35.711-07:00,10756.682,ok,heartbeat,121.471,0.000,2.314,6.942,8.099,0.285
2026-08-04T19:30:36.059-07:00,10817.029,ok,heartbeat,121.549,0.000,2.314,8.099,9.256,0.250
2026-08-04T19:31:36.390-07:00,10877.360,ok,heartbeat,121.588,0.000,2.314,8.099,9.256,0.375
2026-08-04T19:32:36.721-07:00,10937.691,ok,heartbeat,121.510,0.000,2.314,8.099,9.256,0.250
2026-08-04T19:33:37.070-07:00,10998.040,ok,heartbeat,121.306,0.000,2.314,5.785,6.942,0.333
2026-08-04T19:34:37.401-07:00,11058.371,ok,heartbeat,121.374,0.000,2.314,8.099,9.256,0.250
2026-08-04T19:35:37.732-07:00,11118.702,ok,heartbeat,121.559,0.000,0.000,8.099,9.256,0.125
2026-08-04T19:36:38.064-07:00,11179.034,ok,heartbeat,121.208,0.000,2.314,6.942,8.099,0.285
2026-08-04T19:37:38.395-07:00,11239.366,ok,heartbeat,121.735,0.000,2.314,8.099,9.256,0.250
2026-08-04T19:38:38.727-07:00,11299.697,ok,heartbeat,121.686,0.000,2.314,8.099,9.256,0.250
2026-08-04T19:39:39.060-07:00,11360.030,ok,heartbeat,121.530,0.000,2.314,8.099,9.256,0.125
2026-08-04T19:40:39.410-07:00,11420.380,ok,heartbeat,121.686,0.000,2.314,8.099,9.256,0.250
2026-08-04T19:41:39.743-07:00,11480.713,ok,heartbeat,121.569,0.000,2.314,8.099,9.256,0.250
2026-08-04T19:42:40.075-07:00,11541.045,ok,heartbeat,121.735,0.000,2.314,8.099,9.256,0.250
2026-08-04T19:43:40.408-07:00,11601.378,ok,heartbeat,121.559,0.000,2.314,9.256,10.413,0.222
2026-08-04T19:44:40.740-07:00,11661.710,ok,heartbeat,121.813,0.000,2.314,8.099,9.256,0.250
2026-08-04T19:44:58.845-07:00,11679.815,ok,voltage_change,120.575,0.000,2.314,6.942,8.099,0.285
2026-08-04T19:45:06.892-07:00,11687.863,ok,voltage_change,121.696,0.000,2.314,6.942,8.099,0.285
2026-08-04T19:46:07.242-07:00,11748.212,ok,heartbeat,121.754,0.000,2.314,8.099,9.256,0.250
2026-08-04T19:47:07.574-07:00,11808.544,ok,heartbeat,121.657,0.000,2.314,9.256,10.413,0.222
2026-08-04T19:48:07.923-07:00,11868.893,ok,heartbeat,121.647,0.000,0.000,6.942,8.099,0.143
2026-08-04T19:49:08.267-07:00,11929.241,ok,heartbeat,121.725,0.000,2.314,8.099,9.256,0.250
2026-08-04T19:50:08.600-07:00,11989.570,ok,heartbeat,121.696,0.000,0.000,8.099,9.256,0.125
2026-08-04T19:51:08.945-07:00,12049.918,ok,heartbeat,121.793,0.000,0.000,8.099,8.099,0.000
2026-08-04T19:52:09.271-07:00,12110.244,ok,heartbeat,121.657,0.000,2.314,8.099,9.256,0.250
2026-08-04T19:53:09.608-07:00,12170.578,ok,heartbeat,121.803,0.000,0.000,8.099,9.256,0.250
2026-08-04T19:54:09.949-07:00,12230.922,ok,heartbeat,121.871,0.000,2.314,8.099,9.256,0.250
2026-08-04T19:55:10.285-07:00,12291.255,ok,heartbeat,121.842,0.000,2.314,6.942,8.099,0.428
2026-08-04T19:56:10.632-07:00,12351.602,ok,heartbeat,121.803,0.000,2.314,8.099,9.256,0.250
2026-08-04T19:57:10.971-07:00,12411.944,ok,heartbeat,121.891,0.000,0.000,6.942,8.099,0.143
2026-08-04T19:57:45.162-07:00,12446.132,ok,voltage_change,120.575,0.000,2.314,8.099,9.256,0.250
2026-08-04T19:58:45.511-07:00,12506.481,ok,heartbeat,121.306,0.000,2.314,6.942,9.256,0.250
2026-08-04T19:59:45.844-07:00,12566.814,ok,heartbeat,121.247,0.000,2.314,9.256,10.413,0.222
2026-08-04T20:00:46.194-07:00,12627.164,ok,heartbeat,120.945,0.000,2.314,6.942,8.099,0.285
2026-08-04T20:01:46.509-07:00,12687.479,ok,heartbeat,120.760,0.000,2.314,8.099,9.256,0.250
2026-08-04T20:02:46.858-07:00,12747.828,ok,heartbeat,121.033,0.000,0.000,6.942,8.099,0.143
2026-08-04T20:03:47.208-07:00,12808.178,ok,heartbeat,120.507,0.000,2.314,8.099,9.256,0.250
2026-08-04T20:04:47.539-07:00,12868.510,ok,heartbeat,120.585,0.000,2.314,8.099,9.256,0.250
2026-08-04T20:05:47.889-07:00,12928.859,ok,heartbeat,120.322,0.000,2.314,8.099,9.256,0.375
2026-08-04T20:06:48.223-07:00,12989.193,ok,heartbeat,120.370,0.000,2.314,8.099,9.256,0.250
2026-08-04T20:07:48.555-07:00,13049.525,ok,heartbeat,120.331,0.000,2.314,8.099,9.256,0.250
2026-08-04T20:08:48.904-07:00,13109.874,ok,heartbeat,120.302,0.000,0.000,6.942,8.099,0.143
2026-08-04T20:09:49.237-07:00,13170.207,ok,heartbeat,120.400,0.000,2.314,8.099,9.256,0.250
2026-08-04T20:10:49.552-07:00,13230.522,ok,heartbeat,120.312,0.000,0.000,8.099,9.256,0.125
2026-08-04T20:11:49.892-07:00,13290.862,ok,heartbeat,120.380,0.000,0.000,8.099,9.256,0.125
2026-08-04T20:12:50.225-07:00,13351.195,ok,heartbeat,120.419,0.000,2.314,8.099,9.256,0.250
2026-08-04T20:13:50.564-07:00,13411.534,ok,heartbeat,120.361,0.000,2.314,8.099,9.256,0.250
2026-08-04T20:14:50.896-07:00,13471.866,ok,heartbeat,120.058,0.000,0.000,6.942,9.256,0.250
2026-08-04T20:15:51.244-07:00,13532.214,ok,heartbeat,120.224,0.000,0.000,6.942,8.099,0.143
2026-08-04T20:16:32.466-07:00,13573.436,ok,current_change|heater_on,120.380,0.183,20.826,26.611,34.709,0.633
2026-08-04T20:16:33.473-07:00,13574.443,ok,current_change,120.361,0.158,18.512,23.140,31.239,0.629
2026-08-04T20:16:34.479-07:00,13575.449,ok,current_change,120.409,0.219,25.454,28.925,39.337,0.646
2026-08-04T20:16:35.486-07:00,13576.456,ok,current_change,120.439,0.263,30.082,33.552,45.122,0.666
2026-08-04T20:16:37.498-07:00,13578.468,ok,current_change,120.331,0.241,27.768,30.082,41.651,0.666
2026-08-04T20:16:40.517-07:00,13581.487,ok,current_change,120.380,0.275,27.768,32.396,43.965,0.657
2026-08-04T20:16:42.529-07:00,13583.499,ok,current_change,120.244,0.255,27.768,32.396,43.965,0.657
2026-08-04T20:16:45.549-07:00,13586.519,ok,current_change,120.253,0.292,32.396,35.866,45.122,0.666
2026-08-04T20:16:48.567-07:00,13589.537,ok,current_change,120.234,0.261,27.768,34.709,45.122,0.666
2026-08-04T20:16:50.579-07:00,13591.549,ok,current_change,120.244,0.303,32.396,35.866,49.750,0.674
2026-08-04T20:16:51.586-07:00,13592.556,ok,current_change,120.409,0.286,32.396,38.180,50.907,0.658
2026-08-04T20:16:53.598-07:00,13594.568,ok,current_change,120.458,0.207,23.140,27.768,37.023,0.625
2026-08-04T20:16:56.618-07:00,13597.588,ok,current_change,120.400,0.266,27.768,34.709,42.808,0.621
2026-08-04T20:16:58.631-07:00,13599.601,ok,current_change,120.409,0.292,30.082,37.023,48.593,0.643
2026-08-04T20:17:00.645-07:00,13601.615,ok,current_change,120.195,0.252,25.454,34.709,43.965,0.604
2026-08-04T20:17:03.663-07:00,13604.633,ok,current_change,120.429,0.290,30.082,37.023,48.593,0.643
2026-08-04T20:17:05.676-07:00,13606.646,ok,current_change,120.390,0.270,27.768,35.866,46.279,0.625
2026-08-04T20:17:06.682-07:00,13607.652,ok,current_change,120.370,0.254,25.454,34.709,43.965,0.604
2026-08-04T20:17:07.689-07:00,13608.659,ok,current_change,120.390,0.293,27.768,33.552,45.122,0.641
2026-08-04T20:17:10.707-07:00,13611.677,ok,current_change|power_change,120.312,1.962,261.478,77.518,273.048,0.957
2026-08-04T20:17:11.714-07:00,13612.684,ok,current_change|power_change,120.195,2.350,314.699,76.361,325.112,0.971
2026-08-04T20:17:12.720-07:00,13613.690,ok,current_change,119.981,2.502,333.211,87.931,344.781,0.970
2026-08-04T20:17:13.728-07:00,13614.698,ok,current_change|power_change,120.049,2.795,374.862,83.303,384.118,0.976
2026-08-04T20:17:14.735-07:00,13615.705,ok,current_change,120.166,2.766,370.234,83.303,380.647,0.976
2026-08-04T20:17:15.741-07:00,13616.711,ok,current_change,120.166,2.902,388.746,84.460,399.159,0.977
2026-08-04T20:17:16.748-07:00,13617.718,ok,current_change,120.175,2.873,384.118,84.460,394.531,0.976
2026-08-04T20:17:17.755-07:00,13618.725,ok,current_change,120.175,2.893,386.432,90.245,398.002,0.974
2026-08-04T20:17:20.774-07:00,13621.744,ok,current_change,120.058,2.928,391.060,85.617,400.316,0.977
2026-08-04T20:17:24.798-07:00,13625.768,ok,current_change,120.234,2.953,395.688,90.245,406.101,0.974
2026-08-04T20:17:29.827-07:00,13630.797,ok,current_change,120.205,2.975,398.002,91.402,408.415,0.974
2026-08-04T20:17:30.835-07:00,13631.805,ok,current_change,120.117,3.000,400.316,91.402,411.886,0.975
2026-08-04T20:17:31.841-07:00,13632.811,ok,current_change,120.088,3.025,404.944,91.402,414.200,0.975
2026-08-04T20:17:32.848-07:00,13633.818,ok,current_change,120.166,3.062,409.572,86.774,419.985,0.978
2026-08-04T20:17:34.860-07:00,13635.830,ok,current_change,120.292,3.109,411.886,102.971,425.770,0.970
2026-08-04T20:17:35.869-07:00,13636.839,ok,current_change,120.117,3.074,409.572,97.187,422.299,0.972
2026-08-04T20:17:36.875-07:00,13637.845,ok,current_change,120.253,3.044,407.258,86.774,417.671,0.975
2026-08-04T20:17:37.882-07:00,13638.852,ok,current_change,120.195,3.011,402.630,86.774,413.043,0.978
2026-08-04T20:17:38.888-07:00,13639.858,ok,current_change,120.214,3.040,407.258,92.559,417.671,0.975
2026-08-04T20:17:41.907-07:00,13642.877,ok,current_change,120.273,3.060,409.572,86.774,419.985,0.978
2026-08-04T20:17:44.925-07:00,13645.895,ok,current_change,120.224,3.087,409.572,102.971,423.456,0.970
2026-08-04T20:17:45.931-07:00,13646.901,ok,current_change,120.195,3.071,409.572,92.559,421.142,0.975
2026-08-04T20:17:50.961-07:00,13651.931,ok,current_change,120.117,3.100,411.886,92.559,423.456,0.975
2026-08-04T20:17:52.973-07:00,13653.944,ok,current_change,120.175,3.120,416.514,98.344,428.084,0.973
2026-08-04T20:17:53.980-07:00,13654.950,ok,current_change,120.195,3.094,414.200,87.931,424.613,0.978
2026-08-04T20:17:58.004-07:00,13658.974,ok,current_change,120.117,3.111,414.200,98.344,426.927,0.973
2026-08-04T20:18:01.023-07:00,13661.992,ok,current_change,120.146,3.092,414.200,92.559,424.613,0.975
2026-08-04T20:18:05.047-07:00,13666.017,ok,current_change,119.961,3.116,409.572,102.971,423.456,0.970
2026-08-04T20:18:06.054-07:00,13667.024,ok,current_change,120.107,3.087,411.886,97.187,423.456,0.973
2026-08-04T20:18:12.087-07:00,13673.057,ok,current_change,120.156,3.109,414.200,102.971,426.927,0.970
2026-08-04T20:18:14.099-07:00,13675.069,ok,current_change,120.263,3.092,414.200,92.559,426.927,0.976
2026-08-04T20:18:15.106-07:00,13676.076,ok,current_change,120.107,3.127,418.828,93.716,429.241,0.976
2026-08-04T20:18:16.112-07:00,13677.082,ok,current_change,120.039,3.111,416.514,93.716,426.927,0.976
2026-08-04T20:18:17.119-07:00,13678.089,ok,current_change,120.029,3.127,418.828,98.344,430.398,0.973
2026-08-04T20:18:19.132-07:00,13680.102,ok,current_change,120.185,3.143,421.142,93.716,431.555,0.976
2026-08-04T20:18:22.151-07:00,13683.121,ok,current_change,120.156,3.127,418.828,93.716,432.712,0.973
2026-08-04T20:18:23.158-07:00,13684.128,ok,current_change,120.214,3.185,423.456,104.128,437.339,0.971
2026-08-04T20:18:24.165-07:00,13685.135,ok,current_change,120.195,3.158,421.142,93.716,432.712,0.976
2026-08-04T20:18:27.183-07:00,13688.153,ok,current_change,120.175,3.178,423.456,104.128,436.182,0.971
2026-08-04T20:18:32.214-07:00,13693.184,ok,current_change,120.039,3.208,428.084,99.501,439.653,0.974
2026-08-04T20:18:39.257-07:00,13700.227,ok,current_change,120.029,3.266,432.712,109.913,443.124,0.971
2026-08-04T20:18:41.269-07:00,13702.239,ok,current_change,120.136,3.321,441.967,101.814,454.694,0.974
2026-08-04T20:18:42.276-07:00,13703.246,ok,current_change,120.214,3.225,430.398,94.873,441.967,0.976
2026-08-04T20:18:47.306-07:00,13708.276,ok,current_change,120.078,3.241,432.712,100.657,444.281,0.974
2026-08-04T20:18:49.318-07:00,13710.288,ok,current_change,120.146,3.223,430.398,94.873,441.967,0.976
2026-08-04T20:18:50.324-07:00,13711.294,ok,current_change,120.068,3.239,430.398,105.285,444.281,0.971
2026-08-04T20:18:52.337-07:00,13713.307,ok,current_change,120.117,3.179,425.770,93.716,436.182,0.976
2026-08-04T20:18:53.346-07:00,13714.316,ok,current_change,120.205,3.234,430.398,105.285,443.124,0.971
2026-08-04T20:18:54.352-07:00,13715.322,ok,current_change,120.195,3.210,428.084,99.501,440.810,0.974
2026-08-04T20:18:56.365-07:00,13717.335,ok,current_change,120.205,3.188,428.084,89.088,437.339,0.979
2026-08-04T20:18:57.371-07:00,13718.341,ok,current_change,120.234,3.210,428.084,104.128,440.810,0.971
2026-08-04T20:18:58.379-07:00,13719.349,ok,current_change,120.068,3.192,425.770,93.716,437.339,0.976
2026-08-04T20:19:01.397-07:00,13722.367,ok,current_change,120.136,3.228,428.084,99.501,440.810,0.974
2026-08-04T20:19:02.404-07:00,13723.374,ok,current_change,120.019,3.190,425.770,99.501,437.339,0.973
2026-08-04T20:19:04.417-07:00,13725.387,ok,current_change,120.088,3.216,428.084,104.128,440.810,0.971
2026-08-04T20:19:08.438-07:00,13729.411,ok,current_change,120.166,3.243,430.398,105.285,444.281,0.971
2026-08-04T20:19:14.459-07:00,13735.429,ok,current_change,120.078,3.261,435.026,94.873,446.595,0.977
2026-08-04T20:19:16.471-07:00,13737.442,ok,current_change,120.234,3.279,437.339,100.657,450.066,0.974
2026-08-04T20:19:20.495-07:00,13741.465,ok,current_change,120.234,3.312,441.967,96.030,453.537,0.977
2026-08-04T20:19:21.502-07:00,13742.472,ok,current_change,120.234,3.328,444.281,101.814,455.851,0.975
2026-08-04T20:19:24.520-07:00,13745.490,ok,current_change,120.341,3.299,441.967,96.030,452.380,0.977
2026-08-04T20:19:25.527-07:00,13746.497,ok,current_change,120.283,3.322,444.281,96.030,455.851,0.977
2026-08-04T20:19:29.552-07:00,13750.523,ok,current_change,119.951,3.344,446.595,96.030,457.008,0.977
2026-08-04T20:19:31.565-07:00,13752.535,ok,current_change,119.971,3.380,448.909,112.227,458.165,0.972
2026-08-04T20:19:32.571-07:00,13753.542,ok,current_change,120.058,3.332,444.281,101.814,455.851,0.975
2026-08-04T20:19:38.607-07:00,13759.577,ok,current_change,120.000,3.294,439.653,96.030,451.223,0.977
2026-08-04T20:19:39.613-07:00,13760.584,ok,current_change,120.146,3.332,444.281,101.814,455.851,0.975
2026-08-04T20:19:40.620-07:00,13761.590,ok,current_change,119.951,3.313,441.967,100.657,453.537,0.974
2026-08-04T20:19:42.632-07:00,13763.602,ok,current_change,120.029,3.295,439.653,100.657,450.066,0.977
2026-08-04T20:19:45.650-07:00,13766.620,ok,current_change,120.010,3.270,437.339,96.030,448.909,0.977
2026-08-04T20:19:47.663-07:00,13768.633,ok,current_change,120.146,3.308,439.653,106.442,453.537,0.972
2026-08-04T20:19:48.669-07:00,13769.639,ok,current_change,120.107,3.265,435.026,100.657,447.752,0.974
2026-08-04T20:19:50.681-07:00,13771.652,ok,current_change,120.136,3.292,437.339,105.285,452.380,0.974
2026-08-04T20:19:51.690-07:00,13772.660,ok,current_change,120.078,3.274,437.339,96.030,448.909,0.977
2026-08-04T20:19:53.703-07:00,13774.673,ok,current_change,120.058,3.317,441.967,100.657,453.537,0.974
2026-08-04T20:19:54.709-07:00,13775.679,ok,current_change,120.088,3.275,437.339,100.657,448.909,0.974
2026-08-04T20:19:58.733-07:00,13779.703,ok,current_change,120.146,3.313,441.967,100.657,453.537,0.974
2026-08-04T20:20:04.769-07:00,13785.739,ok,current_change,120.058,3.351,446.595,101.814,458.165,0.975
2026-08-04T20:20:07.788-07:00,13788.759,ok,current_change,120.088,3.332,444.281,96.030,455.851,0.977
2026-08-04T20:20:08.795-07:00,13789.765,ok,current_change,120.107,3.355,448.909,97.187,458.165,0.977
2026-08-04T20:20:09.802-07:00,13790.772,ok,current_change,120.049,3.424,455.851,102.971,468.578,0.975
2026-08-04T20:20:12.821-07:00,13793.791,ok,current_change,120.117,3.397,453.537,102.971,465.107,0.975
2026-08-04T20:20:19.862-07:00,13800.832,ok,current_change,120.224,3.379,451.223,101.814,465.107,0.975
2026-08-04T20:20:25.898-07:00,13806.868,ok,current_change,120.224,3.399,451.223,97.187,461.636,0.977
2026-08-04T20:20:26.904-07:00,13807.874,ok,current_change,120.078,3.368,448.909,97.187,460.479,0.977
2026-08-04T20:20:27.911-07:00,13808.881,ok,current_change,120.205,3.390,451.223,107.599,463.950,0.972
2026-08-04T20:20:28.917-07:00,13809.887,ok,current_change,120.166,3.371,448.909,101.814,461.636,0.975
2026-08-04T20:20:29.924-07:00,13810.894,ok,current_change,120.185,3.355,446.595,101.814,459.322,0.975
2026-08-04T20:20:31.936-07:00,13812.906,ok,current_change,120.058,3.333,444.281,96.030,455.851,0.977
2026-08-04T20:20:32.943-07:00,13813.913,ok,current_change,120.185,3.357,446.595,101.814,459.322,0.975
2026-08-04T20:20:35.961-07:00,13816.931,ok,current_change,120.127,3.339,446.595,96.030,457.008,0.977
2026-08-04T20:20:44.008-07:00,13824.978,ok,current_change,119.932,3.321,441.967,101.814,454.694,0.974
2026-08-04T20:20:45.015-07:00,13825.985,ok,current_change,120.058,3.342,444.281,106.442,457.008,0.972
2026-08-04T20:20:46.021-07:00,13826.991,ok,current_change,120.029,3.319,444.281,96.030,454.694,0.977
2026-08-04T20:20:50.045-07:00,13831.015,ok,current_change,120.010,3.297,439.653,96.030,451.223,0.974
2026-08-04T20:20:53.063-07:00,13834.033,ok,current_change,119.922,3.348,441.967,106.442,455.851,0.972
2026-08-04T20:20:54.070-07:00,13835.040,ok,current_change,119.951,3.312,441.967,100.657,453.537,0.974
2026-08-04T20:20:58.094-07:00,13839.064,ok,current_change,119.932,3.341,446.595,101.814,458.165,0.975
2026-08-04T20:20:59.100-07:00,13840.070,ok,current_change,119.981,3.366,448.909,101.814,460.479,0.975
2026-08-04T20:21:00.107-07:00,13841.077,ok,voltage_change,118.772,3.377,446.595,101.814,458.165,0.975
2026-08-04T20:21:01.114-07:00,13842.085,ok,current_change|voltage_change,119.903,3.355,448.909,91.402,458.165,0.979
2026-08-04T20:21:03.126-07:00,13844.096,ok,current_change,119.883,3.379,448.909,101.814,460.479,0.975
2026-08-04T20:21:05.138-07:00,13846.108,ok,current_change,119.873,3.402,451.223,107.599,465.107,0.972
2026-08-04T20:21:06.146-07:00,13847.116,ok,current_change,119.854,3.420,455.851,97.187,467.421,0.978
2026-08-04T20:21:07.152-07:00,13848.122,ok,current_change,119.903,3.442,455.851,113.384,470.892,0.970
2026-08-04T20:21:09.158-07:00,13850.131,ok,current_change,119.795,3.466,460.479,108.756,473.206,0.973
2026-08-04T20:21:12.165-07:00,13853.139,ok,current_change,119.708,3.447,458.165,102.971,470.892,0.975
2026-08-04T20:21:14.177-07:00,13855.147,ok,current_change,119.854,3.429,455.851,102.971,468.578,0.975
2026-08-04T20:21:20.213-07:00,13861.183,ok,current_change,119.747,3.359,446.595,101.814,458.165,0.975
2026-08-04T20:21:21.219-07:00,13862.189,ok,current_change,119.708,3.424,453.537,107.599,467.421,0.973
2026-08-04T20:21:23.232-07:00,13864.202,ok,current_change,119.776,3.404,451.223,107.599,465.107,0.972
2026-08-04T20:21:24.238-07:00,13865.208,ok,current_change,119.659,3.350,446.595,96.030,467.421,0.975
2026-08-04T20:21:25.245-07:00,13866.215,ok,current_change,119.717,3.424,455.851,102.971,467.421,0.975
2026-08-04T20:21:26.251-07:00,13867.221,ok,current_change,119.951,3.386,451.223,97.187,462.793,0.977
2026-08-04T20:21:27.258-07:00,13868.228,ok,current_change,119.786,3.411,451.223,101.814,463.950,0.975
2026-08-04T20:21:28.264-07:00,13869.234,ok,current_change,119.893,3.373,448.909,101.814,461.636,0.975
2026-08-04T20:21:29.271-07:00,13870.241,ok,current_change,119.932,3.453,460.479,98.344,459.322,0.977
2026-08-04T20:21:30.277-07:00,13871.247,ok,current_change,119.708,3.375,448.909,97.187,460.479,0.977
2026-08-04T20:21:31.285-07:00,13872.255,ok,current_change,119.747,3.417,455.851,97.187,466.264,0.978
2026-08-04T20:21:32.292-07:00,13873.262,ok,current_change,119.805,3.371,448.909,101.814,460.479,0.975
2026-08-04T20:21:33.298-07:00,13874.268,ok,current_change,119.844,3.424,455.851,97.187,467.421,0.978
2026-08-04T20:21:34.305-07:00,13875.275,ok,current_change,119.864,3.475,462.793,104.128,461.636,0.975
2026-08-04T20:21:35.311-07:00,13876.281,ok,current_change,119.591,3.429,455.851,97.187,467.421,0.978
2026-08-04T20:21:37.325-07:00,13878.295,ok,current_change,119.873,3.402,453.537,102.971,465.107,0.975
2026-08-04T20:21:38.332-07:00,13879.302,ok,current_change,119.727,3.424,455.851,102.971,467.421,0.975
2026-08-04T20:21:44.367-07:00,13885.337,ok,current_change,119.834,3.451,458.165,107.599,470.892,0.973
2026-08-04T20:21:45.374-07:00,13886.344,ok,current_change,120.136,3.413,455.851,102.971,467.421,0.975
2026-08-04T20:21:46.380-07:00,13887.350,ok,current_change,119.961,3.458,460.479,108.756,473.206,0.973
2026-08-04T20:21:47.387-07:00,13888.357,ok,current_change,119.825,3.417,460.479,92.559,469.735,0.979
2026-08-04T20:21:48.393-07:00,13889.363,ok,current_change,119.893,3.440,458.165,102.971,469.735,0.975
2026-08-04T20:21:54.429-07:00,13895.399,ok,current_change,119.776,3.457,460.479,102.971,472.049,0.975
2026-08-04T20:21:55.435-07:00,13896.405,ok,current_change,119.815,3.437,460.479,98.344,472.049,0.978
2026-08-04T20:21:57.448-07:00,13898.418,ok,current_change,119.747,3.457,460.479,98.344,472.049,0.978
2026-08-04T20:22:00.466-07:00,13901.436,ok,current_change,119.737,3.433,455.851,102.971,468.578,0.975
2026-08-04T20:22:04.490-07:00,13905.460,ok,current_change,119.795,3.455,458.165,108.756,472.049,0.973
2026-08-04T20:22:06.502-07:00,13907.472,ok,current_change,119.786,3.435,458.165,102.971,470.892,0.975
2026-08-04T20:22:09.514-07:00,13910.487,ok,current_change,119.766,3.498,462.793,113.384,477.834,0.971
2026-08-04T20:22:10.516-07:00,13911.490,ok,current_change,119.786,3.424,455.851,102.971,468.578,0.975
2026-08-04T20:22:11.519-07:00,13912.493,ok,current_change,119.698,3.446,455.851,107.599,469.735,0.973
2026-08-04T20:22:12.522-07:00,13913.495,ok,current_change,119.805,3.411,453.537,102.971,466.264,0.975
2026-08-04T20:22:13.528-07:00,13914.498,ok,current_change,119.678,3.371,448.909,101.814,460.479,0.975
2026-08-04T20:22:15.540-07:00,13916.510,ok,current_change,119.766,3.391,451.223,97.187,462.793,0.977
2026-08-04T20:22:18.559-07:00,13919.529,ok,current_change,119.776,3.409,453.537,102.971,465.107,0.975
2026-08-04T20:22:19.565-07:00,13920.535,ok,current_change,119.786,3.384,451.223,97.187,461.636,0.977
2026-08-04T20:22:24.595-07:00,13925.565,ok,current_change,119.805,3.408,451.223,107.599,465.107,0.972
2026-08-04T20:22:25.601-07:00,13926.571,ok,current_change,119.727,3.386,451.223,97.187,461.636,0.977
2026-08-04T20:22:26.612-07:00,13927.582,ok,current_change,119.727,3.415,453.537,107.599,466.264,0.973
2026-08-04T20:22:28.624-07:00,13929.594,ok,current_change,119.708,3.447,455.851,113.384,470.892,0.970
2026-08-04T20:22:29.630-07:00,13930.600,ok,current_change,119.688,3.419,453.537,102.971,468.578,0.975
2026-08-04T20:22:30.637-07:00,13931.607,ok,current_change,119.630,3.447,455.851,107.599,469.735,0.973
2026-08-04T20:22:31.647-07:00,13932.617,ok,current_change,119.532,3.431,455.851,97.187,467.421,0.975
2026-08-04T20:22:34.665-07:00,13935.635,ok,current_change,119.854,3.447,455.851,107.599,469.735,0.973
2026-08-04T20:22:39.695-07:00,13940.665,ok,current_change,119.844,3.422,455.851,102.971,472.049,0.978
2026-08-04T20:22:40.701-07:00,13941.671,ok,current_change,119.756,3.469,460.479,102.971,473.206,0.975
2026-08-04T20:22:41.708-07:00,13942.678,ok,current_change,119.649,3.487,465.107,98.344,475.520,0.978
2026-08-04T20:22:45.732-07:00,13946.702,ok,current_change,119.834,3.524,467.421,109.913,481.305,0.973
2026-08-04T20:22:46.738-07:00,13947.708,ok,current_change,119.717,3.476,462.793,104.128,474.363,0.976
2026-08-04T20:22:47.745-07:00,13948.715,ok,current_change,119.639,3.533,462.793,108.756,475.520,0.973
2026-08-04T20:22:48.751-07:00,13949.722,ok,current_change,119.717,3.496,465.107,98.344,476.677,0.978
2026-08-04T20:22:49.758-07:00,13950.728,ok,current_change,119.825,3.475,462.793,104.128,473.206,0.975
2026-08-04T20:22:50.764-07:00,13951.734,ok,current_change,119.776,3.455,460.479,102.971,472.049,0.975
2026-08-04T20:22:52.780-07:00,13953.750,ok,current_change,119.756,3.533,469.735,109.913,482.462,0.973
2026-08-04T20:22:53.787-07:00,13954.757,ok,current_change,119.932,3.498,467.421,98.344,477.834,0.978
2026-08-04T20:22:55.799-07:00,13956.769,ok,current_change,119.610,3.473,462.793,98.344,473.206,0.978
2026-08-04T20:22:58.824-07:00,13959.794,ok,current_change,119.786,3.504,465.107,104.128,477.834,0.976
2026-08-04T20:22:59.830-07:00,13960.800,ok,current_change,119.766,3.475,462.793,104.128,474.363,0.976
2026-08-04T20:23:00.837-07:00,13961.807,ok,current_change,119.552,3.495,465.107,98.344,477.834,0.976
2026-08-04T20:23:02.853-07:00,13963.823,ok,current_change,119.698,3.460,460.479,102.971,480.148,0.978
2026-08-04T20:23:04.865-07:00,13965.835,ok,current_change,119.708,3.495,465.107,98.344,476.677,0.978
2026-08-04T20:23:08.889-07:00,13969.859,ok,current_change,119.834,3.545,469.735,109.913,483.619,0.974
2026-08-04T20:23:09.896-07:00,13970.866,ok,current_change,119.834,3.574,476.677,105.285,488.247,0.976
2026-08-04T20:23:10.902-07:00,13971.872,ok,current_change,119.844,3.533,472.049,99.501,482.462,0.978
2026-08-04T20:23:13.920-07:00,13974.890,ok,current_change,119.825,3.513,465.107,108.756,478.991,0.973
2026-08-04T20:23:14.930-07:00,13975.900,ok,current_change,119.552,3.531,469.735,104.128,481.305,0.976
2026-08-04T20:23:16.942-07:00,13977.912,ok,current_change,119.795,3.502,465.107,104.128,477.834,0.976
2026-08-04T20:23:18.955-07:00,13979.925,ok,current_change,119.737,3.529,467.421,114.541,481.305,0.971
2026-08-04T20:23:19.965-07:00,13980.935,ok,current_change,119.717,3.504,465.107,98.344,476.677,0.978
2026-08-04T20:23:22.983-07:00,13983.953,ok,current_change,119.708,3.538,469.735,104.128,482.462,0.976
2026-08-04T20:23:23.989-07:00,13984.959,ok,current_change,119.717,3.507,465.107,108.756,477.834,0.973
2026-08-04T20:23:28.017-07:00,13988.987,ok,current_change,119.659,3.491,462.793,104.128,475.520,0.976
2026-08-04T20:23:29.024-07:00,13989.994,ok,current_change,119.805,3.545,469.735,109.913,483.619,0.974
2026-08-04T20:23:30.034-07:00,13991.004,ok,current_change,119.766,3.500,467.421,98.344,477.834,0.978
2026-08-04T20:23:31.040-07:00,13992.010,ok,current_change,119.561,3.476,460.479,102.971,473.206,0.975
2026-08-04T20:23:35.064-07:00,13996.034,ok,current_change,119.844,3.442,462.793,98.344,473.206,0.978
2026-08-04T20:23:36.071-07:00,13997.041,ok,current_change,119.815,3.466,460.479,108.756,473.206,0.973
2026-08-04T20:23:39.089-07:00,14000.059,ok,current_change,119.717,3.442,458.165,98.344,469.735,0.978
2026-08-04T20:23:40.096-07:00,14001.066,ok,current_change,119.649,3.466,460.479,102.971,470.892,0.975
2026-08-04T20:23:41.106-07:00,14002.076,ok,current_change,119.883,3.449,460.479,98.344,470.892,0.978
2026-08-04T20:23:42.112-07:00,14003.082,ok,current_change,119.717,3.471,460.479,98.344,472.049,0.978
2026-08-04T20:23:43.119-07:00,14004.089,ok,current_change,119.698,3.455,460.479,98.344,470.892,0.978
2026-08-04T20:23:44.125-07:00,14005.095,ok,current_change,119.591,3.471,460.479,102.971,473.206,0.975
2026-08-04T20:23:47.144-07:00,14008.114,ok,current_change,119.786,3.491,462.793,108.756,472.049,0.970
2026-08-04T20:23:48.150-07:00,14009.120,ok,current_change,119.649,3.467,460.479,102.971,473.206,0.975
2026-08-04T20:23:53.180-07:00,14014.150,ok,current_change,119.610,3.447,462.793,104.128,474.363,0.976
2026-08-04T20:23:54.186-07:00,14015.156,ok,current_change,119.756,3.495,462.793,108.756,476.677,0.973
2026-08-04T20:23:55.193-07:00,14016.163,ok,current_change,119.747,3.467,460.479,102.971,470.892,0.978
2026-08-04T20:23:56.199-07:00,14017.169,ok,current_change,119.698,3.444,455.851,107.599,469.735,0.973
2026-08-04T20:23:57.206-07:00,14018.176,ok,current_change,119.795,3.420,455.851,97.187,467.421,0.978
2026-08-04T20:23:58.213-07:00,14019.183,ok,current_change,119.727,3.444,455.851,102.971,468.578,0.975
2026-08-04T20:24:00.228-07:00,14021.198,ok,current_change,119.795,3.417,460.479,98.344,470.892,0.978
2026-08-04T20:24:01.235-07:00,14022.205,ok,current_change,119.698,3.444,458.165,98.344,469.735,0.978
2026-08-04T20:24:03.247-07:00,14024.217,ok,current_change,119.844,3.424,455.851,97.187,467.421,0.978
2026-08-04T20:24:04.257-07:00,14025.227,ok,current_change,119.698,3.406,453.537,102.971,465.107,0.975
2026-08-04T20:24:05.264-07:00,14026.234,ok,current_change,119.717,3.437,458.165,97.187,468.578,0.978
2026-08-04T20:24:07.276-07:00,14028.246,ok,current_change,119.883,3.404,453.537,97.187,466.264,0.978
2026-08-04T20:24:08.279-07:00,14029.253,ok,current_change,119.600,3.437,458.165,97.187,468.578,0.978
2026-08-04T20:24:10.284-07:00,14031.258,ok,current_change,119.825,3.516,467.421,104.128,480.148,0.976
2026-08-04T20:24:11.287-07:00,14032.260,ok,current_change,119.795,3.440,458.165,102.971,469.735,0.975
2026-08-04T20:24:15.307-07:00,14036.277,ok,current_change,119.708,3.460,458.165,108.756,472.049,0.975
2026-08-04T20:24:18.325-07:00,14039.295,ok,current_change,119.678,3.440,458.165,97.187,468.578,0.978
2026-08-04T20:24:20.337-07:00,14041.307,ok,current_change,119.795,3.422,455.851,102.971,467.421,0.975
2026-08-04T20:24:21.349-07:00,14042.319,ok,current_change,119.484,3.438,455.851,102.971,468.578,0.975
2026-08-04T20:24:22.355-07:00,14043.325,ok,current_change,119.678,3.462,460.479,98.344,473.206,0.975
2026-08-04T20:24:24.368-07:00,14045.338,ok,current_change,119.620,3.495,462.793,113.384,476.677,0.971
2026-08-04T20:24:25.374-07:00,14046.344,ok,current_change,119.522,3.460,462.793,104.128,475.520,0.976
2026-08-04T20:24:26.384-07:00,14047.354,ok,current_change,119.367,3.484,462.793,104.128,474.363,0.976
2026-08-04T20:24:27.390-07:00,14048.360,ok,current_change,119.406,3.462,462.793,98.344,473.206,0.978
2026-08-04T20:24:28.396-07:00,14049.367,ok,current_change,119.864,3.505,467.421,104.128,478.991,0.976
2026-08-04T20:24:29.403-07:00,14050.373,ok,current_change,119.659,3.524,467.421,108.756,481.305,0.971
2026-08-04T20:24:30.409-07:00,14051.379,ok,current_change,119.649,3.493,465.107,104.128,476.677,0.976
2026-08-04T20:24:31.419-07:00,14052.389,ok,current_change,119.649,3.542,469.735,104.128,482.462,0.976
2026-08-04T20:24:32.426-07:00,14053.396,ok,current_change,119.805,3.518,467.421,104.128,480.148,0.976
2026-08-04T20:24:34.438-07:00,14055.408,ok,current_change,119.532,3.534,469.735,109.913,483.619,0.974
2026-08-04T20:24:35.444-07:00,14056.414,ok,current_change,119.727,3.498,465.107,98.344,476.677,0.978
2026-08-04T20:24:37.460-07:00,14058.430,ok,current_change,119.591,3.554,469.735,114.541,484.776,0.971
2026-08-04T20:24:38.467-07:00,14059.437,ok,current_change,119.610,3.527,467.421,104.128,478.991,0.978
2026-08-04T20:24:42.491-07:00,14063.461,ok,current_change,119.834,3.487,462.793,113.384,476.677,0.971
2026-08-04T20:24:44.503-07:00,14065.473,ok,current_change,119.445,3.520,467.421,98.344,478.991,0.978
2026-08-04T20:24:49.533-07:00,14070.503,ok,current_change,119.503,3.489,462.793,104.128,475.520,0.976
2026-08-04T20:24:50.539-07:00,14071.509,ok,current_change,119.600,3.554,469.735,114.541,484.776,0.971
2026-08-04T20:24:51.546-07:00,14072.516,ok,current_change,119.503,3.515,467.421,104.128,478.991,0.978
2026-08-04T20:24:52.552-07:00,14073.522,ok,current_change,119.678,3.534,469.735,99.501,481.305,0.978
2026-08-04T20:24:53.559-07:00,14074.529,ok,current_change,119.747,3.515,467.421,104.128,478.991,0.976
2026-08-04T20:24:54.565-07:00,14075.535,ok,current_change,119.630,3.549,472.049,104.128,483.619,0.976
2026-08-04T20:24:56.583-07:00,14077.553,ok,current_change,119.795,3.576,476.677,105.285,488.247,0.976
2026-08-04T20:24:57.590-07:00,14078.560,ok,current_change,119.727,3.547,472.049,104.128,483.619,0.976
2026-08-04T20:25:02.620-07:00,14083.590,ok,current_change,119.484,3.525,467.421,104.128,480.148,0.976
2026-08-04T20:25:06.644-07:00,14087.614,ok,current_change,119.708,3.549,472.049,104.128,482.462,0.976
2026-08-04T20:25:07.650-07:00,14088.620,ok,current_change,119.649,3.498,465.107,104.128,476.677,0.976
2026-08-04T20:25:08.656-07:00,14089.630,ok,current_change,119.747,3.551,472.049,109.913,484.776,0.974
2026-08-04T20:25:09.659-07:00,14090.632,ok,current_change,119.834,3.625,481.305,111.070,494.032,0.974
2026-08-04T20:25:10.661-07:00,14091.635,ok,current_change,119.776,3.533,469.735,104.128,482.462,0.976
2026-08-04T20:25:15.684-07:00,14096.654,ok,current_change,119.756,3.509,467.421,104.128,478.991,0.976
2026-08-04T20:25:17.696-07:00,14098.666,ok,current_change,119.766,3.549,472.049,104.128,483.619,0.976
2026-08-04T20:25:18.703-07:00,14099.673,ok,current_change,119.406,3.504,465.107,98.344,476.677,0.978
2026-08-04T20:25:24.751-07:00,14105.721,ok,current_change,119.786,3.480,462.793,104.128,475.520,0.976
2026-08-04T20:25:25.757-07:00,14106.727,ok,current_change,119.893,3.549,472.049,109.913,476.677,0.973
2026-08-04T20:25:26.764-07:00,14107.734,ok,current_change,119.854,3.480,462.793,104.128,475.520,0.976
2026-08-04T20:25:30.788-07:00,14111.758,ok,current_change,119.620,3.444,458.165,102.971,469.735,0.975
2026-08-04T20:25:31.795-07:00,14112.765,ok,current_change,119.610,3.518,467.421,98.344,478.991,0.978
2026-08-04T20:25:33.807-07:00,14114.777,ok,current_change,119.932,3.478,462.793,104.128,477.834,0.978
2026-08-04T20:25:39.843-07:00,14120.813,ok,current_change,119.542,3.502,462.793,108.756,476.677,0.973
2026-08-04T20:25:40.849-07:00,14121.819,ok,current_change,119.786,3.469,462.793,98.344,473.206,0.978
2026-08-04T20:25:41.856-07:00,14122.826,ok,current_change,119.805,3.496,465.107,104.128,476.677,0.976
2026-08-04T20:25:42.862-07:00,14123.832,ok,current_change,119.815,3.480,462.793,104.128,475.520,0.976
2026-08-04T20:25:48.898-07:00,14129.868,ok,current_change,119.776,3.496,465.107,98.344,476.677,0.978
2026-08-04T20:25:53.927-07:00,14134.897,ok,current_change,119.981,3.478,462.793,104.128,475.520,0.976
2026-08-04T20:25:54.940-07:00,14135.910,ok,current_change,120.039,3.440,460.479,98.344,470.892,0.978
2026-08-04T20:25:55.947-07:00,14136.916,ok,current_change,119.990,3.475,462.793,104.128,474.363,0.976
2026-08-04T20:25:58.965-07:00,14139.935,ok,current_change,119.893,3.516,465.107,104.128,476.677,0.976
2026-08-04T20:25:59.972-07:00,14140.942,ok,current_change,119.776,3.438,458.165,98.344,469.735,0.978
2026-08-04T20:26:00.978-07:00,14141.948,ok,current_change,119.542,3.486,462.793,98.344,475.520,0.976
2026-08-04T20:26:02.991-07:00,14143.961,ok,current_change,119.883,3.447,458.165,102.971,470.892,0.975
2026-08-04T20:26:03.997-07:00,14144.967,ok,current_change,119.844,3.511,460.479,108.756,473.206,0.973
2026-08-04T20:26:05.007-07:00,14145.977,ok,current_change,119.815,3.495,465.107,98.344,476.677,0.978
2026-08-04T20:26:09.028-07:00,14150.001,ok,current_change,119.854,3.513,467.421,108.756,480.148,0.973
2026-08-04T20:26:11.036-07:00,14152.009,ok,current_change,119.951,3.486,465.107,104.128,476.677,0.976
2026-08-04T20:26:13.041-07:00,14154.014,ok,current_change,119.805,3.507,467.421,104.128,478.991,0.976
2026-08-04T20:26:17.064-07:00,14158.034,ok,current_change,119.737,3.484,465.107,98.344,475.520,0.978
2026-08-04T20:26:19.077-07:00,14160.047,ok,current_change,119.864,3.529,467.421,109.913,481.305,0.973
2026-08-04T20:26:22.095-07:00,14163.065,ok,current_change,119.786,3.491,465.107,98.344,476.677,0.978
2026-08-04T20:26:24.107-07:00,14165.078,ok,current_change,119.922,3.529,469.735,109.913,483.619,0.974
2026-08-04T20:26:25.114-07:00,14166.084,ok,current_change,119.873,3.487,465.107,104.128,476.677,0.976
2026-08-04T20:26:26.120-07:00,14167.091,ok,current_change,119.883,3.515,467.421,108.756,478.991,0.976
2026-08-04T20:26:27.127-07:00,14168.097,ok,current_change,119.688,3.495,465.107,104.128,476.677,0.976
2026-08-04T20:26:28.137-07:00,14169.107,ok,current_change,119.630,3.511,465.107,108.756,475.520,0.976
2026-08-04T20:26:31.155-07:00,14172.125,ok,current_change,119.795,3.489,462.793,108.756,478.991,0.976
2026-08-04T20:26:32.161-07:00,14173.131,ok,current_change,119.737,3.518,467.421,108.756,480.148,0.973
2026-08-04T20:26:33.171-07:00,14174.141,ok,current_change,119.708,3.480,462.793,104.128,474.363,0.976
2026-08-04T20:26:34.178-07:00,14175.148,ok,current_change,119.922,3.507,465.107,108.756,478.991,0.973
2026-08-04T20:26:35.184-07:00,14176.154,ok,current_change,119.844,3.487,465.107,104.128,476.677,0.976
2026-08-04T20:26:37.197-07:00,14178.167,ok,current_change,119.825,3.518,465.107,114.541,480.148,0.971
2026-08-04T20:26:44.241-07:00,14185.211,ok,current_change,119.766,3.538,469.735,104.128,482.462,0.976
2026-08-04T20:26:45.248-07:00,14186.218,ok,current_change,119.688,3.522,467.421,108.756,480.148,0.973
2026-08-04T20:26:47.260-07:00,14188.230,ok,current_change,119.815,3.545,472.049,104.128,483.619,0.976
2026-08-04T20:26:48.266-07:00,14189.236,ok,current_change,119.912,3.529,467.421,104.128,478.991,0.976
2026-08-04T20:26:51.285-07:00,14192.255,ok,current_change,119.815,3.505,469.735,104.128,481.305,0.976
2026-08-04T20:26:52.291-07:00,14193.261,ok,current_change,119.717,3.531,469.735,99.501,481.305,0.978
2026-08-04T20:26:55.309-07:00,14196.279,ok,current_change,119.825,3.515,467.421,108.756,480.148,0.973
2026-08-04T20:26:56.316-07:00,14197.286,ok,current_change,119.971,3.542,472.049,99.501,483.619,0.978
2026-08-04T20:26:59.334-07:00,14200.304,ok,current_change,120.068,3.495,465.107,104.128,477.834,0.976
2026-08-04T20:27:00.341-07:00,14201.311,ok,current_change,119.864,3.525,469.735,104.128,481.305,0.976
2026-08-04T20:27:01.351-07:00,14202.321,ok,current_change,119.854,3.545,469.735,109.913,483.619,0.974
2026-08-04T20:27:02.357-07:00,14203.327,ok,current_change,120.000,3.525,469.735,99.501,481.305,0.978
2026-08-04T20:27:03.364-07:00,14204.334,ok,current_change,119.795,3.549,472.049,109.913,484.776,0.974
2026-08-04T20:27:05.376-07:00,14206.346,ok,current_change,119.591,3.533,469.735,104.128,481.305,0.976
2026-08-04T20:27:06.386-07:00,14207.356,ok,current_change,119.766,3.558,472.049,104.128,484.776,0.976
2026-08-04T20:27:07.392-07:00,14208.362,ok,current_change,119.981,3.536,472.049,104.128,483.619,0.976
2026-08-04T20:27:10.400-07:00,14211.373,ok,current_change,119.864,3.567,474.363,105.285,487.090,0.976
2026-08-04T20:27:11.403-07:00,14212.376,ok,current_change,119.786,3.551,472.049,104.128,483.619,0.976
2026-08-04T20:27:12.405-07:00,14213.379,ok,current_change,119.873,3.533,469.735,109.913,482.462,0.973
2026-08-04T20:27:15.423-07:00,14216.393,ok,current_change,119.795,3.569,476.677,99.501,487.090,0.979
2026-08-04T20:27:16.433-07:00,14217.403,ok,current_change,119.873,3.540,469.735,109.913,483.619,0.974
2026-08-04T20:27:21.463-07:00,14222.433,ok,current_change,119.805,3.558,474.363,105.285,485.933,0.976
2026-08-04T20:27:22.469-07:00,14223.439,ok,current_change,119.815,3.536,474.363,105.285,485.933,0.976
2026-08-04T20:27:24.481-07:00,14225.451,ok,current_change,119.678,3.553,472.049,104.128,484.776,0.976
2026-08-04T20:27:25.488-07:00,14226.458,ok,current_change,119.298,3.533,467.421,104.128,480.148,0.976
2026-08-04T20:27:27.515-07:00,14228.485,ok,current_change,119.815,3.549,472.049,104.128,484.776,0.976
2026-08-04T20:27:29.528-07:00,14230.498,ok,current_change,119.669,3.525,467.421,104.128,480.148,0.976
2026-08-04T20:27:30.534-07:00,14231.504,ok,current_change,119.971,3.544,472.049,99.501,482.462,0.976
2026-08-04T20:27:31.546-07:00,14232.516,ok,current_change,119.942,3.582,476.677,109.913,489.404,0.974
2026-08-04T20:27:33.559-07:00,14234.529,ok,current_change,119.873,3.507,467.421,104.128,478.991,0.976
2026-08-04T20:27:34.565-07:00,14235.535,ok,current_change,119.971,3.545,469.735,114.541,484.776,0.971
2026-08-04T20:27:36.577-07:00,14237.547,ok,current_change,119.990,3.515,469.735,98.344,480.148,0.978
2026-08-04T20:27:37.584-07:00,14238.554,ok,current_change,119.893,3.569,465.107,114.541,480.148,0.971
2026-08-04T20:27:38.590-07:00,14239.560,ok,current_change,119.922,3.513,467.421,104.128,480.148,0.976
2026-08-04T20:27:39.597-07:00,14240.567,ok,current_change,119.776,3.553,472.049,104.128,484.776,0.976
2026-08-04T20:27:40.603-07:00,14241.573,ok,current_change,119.825,3.534,469.735,109.913,482.462,0.973
2026-08-04T20:27:41.610-07:00,14242.580,ok,current_change,119.756,3.502,465.107,104.128,477.834,0.976
2026-08-04T20:27:43.625-07:00,14244.595,ok,current_change,119.883,3.578,476.677,99.501,488.247,0.979
2026-08-04T20:27:44.632-07:00,14245.602,ok,current_change,119.844,3.522,472.049,104.128,483.619,0.976
2026-08-04T20:27:46.644-07:00,14247.614,ok,current_change,119.649,3.544,472.049,99.501,482.462,0.978
2026-08-04T20:27:50.671-07:00,14251.641,ok,current_change,119.951,3.587,478.991,99.501,489.404,0.979
2026-08-04T20:27:51.677-07:00,14252.647,ok,current_change,119.942,3.563,472.049,114.541,487.090,0.971
2026-08-04T20:27:52.687-07:00,14253.657,ok,current_change,119.951,3.525,469.735,99.501,481.305,0.978
2026-08-04T20:27:55.705-07:00,14256.675,ok,current_change,119.971,3.553,474.363,105.285,485.933,0.976
2026-08-04T20:27:57.717-07:00,14258.688,ok,current_change,119.786,3.534,469.735,104.128,482.462,0.976
2026-08-04T20:27:58.724-07:00,14259.694,ok,current_change,119.825,3.560,474.363,105.285,485.933,0.976
2026-08-04T20:27:59.731-07:00,14260.701,ok,current_change,119.825,3.524,472.049,109.913,484.776,0.974
2026-08-04T20:28:00.737-07:00,14261.707,ok,current_change,120.010,3.540,472.049,99.501,483.619,0.978
2026-08-04T20:28:01.744-07:00,14262.714,ok,current_change,119.854,3.515,467.421,108.756,480.148,0.973
2026-08-04T20:28:02.750-07:00,14263.720,ok,current_change,120.000,3.551,472.049,109.913,484.776,0.974
2026-08-04T20:28:03.757-07:00,14264.727,ok,current_change,119.620,3.534,469.735,99.501,481.305,0.978
2026-08-04T20:28:05.769-07:00,14266.739,ok,current_change,119.649,3.556,469.735,114.541,484.776,0.971
2026-08-04T20:28:08.787-07:00,14269.757,ok,current_change,119.698,3.572,472.049,114.541,487.090,0.971
2026-08-04T20:28:09.794-07:00,14270.764,ok,current_change,119.922,3.592,478.991,105.285,490.561,0.976
2026-08-04T20:28:10.800-07:00,14271.770,ok,current_change,119.815,3.540,472.049,104.128,482.462,0.978
2026-08-04T20:28:14.824-07:00,14275.794,ok,current_change,119.893,3.603,476.677,115.698,491.718,0.972
2026-08-04T20:28:15.834-07:00,14276.804,ok,current_change,119.893,3.562,474.363,105.285,485.933,0.976
2026-08-04T20:28:16.840-07:00,14277.810,ok,current_change,119.873,3.540,472.049,104.128,483.619,0.976
2026-08-04T20:28:17.847-07:00,14278.817,ok,current_change,119.903,3.589,476.677,109.913,489.404,0.974
2026-08-04T20:28:18.853-07:00,14279.823,ok,current_change,119.971,3.563,474.363,105.285,478.991,0.976
2026-08-04T20:28:19.860-07:00,14280.830,ok,current_change,119.834,3.524,469.735,104.128,481.305,0.976
2026-08-04T20:28:20.869-07:00,14281.839,ok,current_change,119.805,3.542,469.735,109.913,483.619,0.974
2026-08-04T20:28:31.934-07:00,14292.904,ok,current_change,119.942,3.562,472.049,109.913,485.933,0.974
2026-08-04T20:28:33.946-07:00,14294.916,ok,current_change,119.922,3.542,472.049,104.128,483.619,0.976
2026-08-04T20:28:34.953-07:00,14295.923,ok,current_change,119.912,3.562,472.049,109.913,485.933,0.974
2026-08-04T20:28:35.959-07:00,14296.929,ok,current_change,119.795,3.518,467.421,104.128,482.462,0.976
2026-08-04T20:28:36.966-07:00,14297.936,ok,current_change,119.932,3.534,469.735,104.128,482.462,0.976
2026-08-04T20:28:39.987-07:00,14300.957,ok,current_change,119.815,3.553,472.049,109.913,484.776,0.974
2026-08-04T20:28:40.994-07:00,14301.964,ok,current_change,119.825,3.533,469.735,104.128,482.462,0.976
2026-08-04T20:28:43.006-07:00,14303.976,ok,current_change,119.893,3.553,472.049,109.913,484.776,0.974
2026-08-04T20:28:44.012-07:00,14304.982,ok,current_change,119.717,3.515,472.049,99.501,483.619,0.978
2026-08-04T20:28:45.019-07:00,14305.989,ok,current_change,119.903,3.540,472.049,104.128,483.619,0.976
2026-08-04T20:28:49.043-07:00,14310.013,ok,current_change,119.854,3.571,472.049,114.541,487.090,0.971
2026-08-04T20:28:50.049-07:00,14311.019,ok,current_change,119.698,3.529,469.735,104.128,481.305,0.976
2026-08-04T20:28:52.062-07:00,14313.032,ok,current_change,119.717,3.565,472.049,114.541,485.933,0.971
2026-08-04T20:28:53.068-07:00,14314.038,ok,current_change,119.922,3.545,472.049,104.128,484.776,0.976
2026-08-04T20:28:54.075-07:00,14315.045,ok,current_change,119.864,3.529,469.735,99.501,481.305,0.978
2026-08-04T20:28:55.085-07:00,14316.055,ok,current_change,119.932,3.551,472.049,109.913,484.776,0.974
2026-08-04T20:28:58.103-07:00,14319.073,ok,current_change,119.932,3.574,474.363,109.913,488.247,0.974
2026-08-04T20:29:01.120-07:00,14322.091,ok,current_change,119.864,3.551,472.049,109.913,484.776,0.974
2026-08-04T20:29:09.160-07:00,14330.133,ok,current_change,119.873,3.574,474.363,109.913,488.247,0.974
2026-08-04T20:29:10.163-07:00,14331.136,ok,current_change,119.864,3.594,478.991,105.285,490.561,0.976
2026-08-04T20:29:11.165-07:00,14332.139,ok,current_change,119.912,3.547,472.049,109.913,484.776,0.974
2026-08-04T20:29:14.180-07:00,14335.150,ok,current_change,119.971,3.571,474.363,109.913,488.247,0.974
2026-08-04T20:29:20.215-07:00,14341.185,ok,current_change,119.922,3.553,472.049,104.128,484.776,0.976
2026-08-04T20:29:24.239-07:00,14345.209,ok,current_change,119.883,3.574,476.677,105.285,488.247,0.976
2026-08-04T20:29:29.269-07:00,14350.239,ok,current_change,119.844,3.551,472.049,104.128,484.776,0.976
2026-08-04T20:29:31.281-07:00,14352.251,ok,current_change,119.990,3.569,474.363,109.913,487.090,0.974
2026-08-04T20:29:32.288-07:00,14353.258,ok,current_change,119.951,3.553,474.363,99.501,484.776,0.979
2026-08-04T20:29:33.294-07:00,14354.264,ok,current_change,119.893,3.572,476.677,105.285,489.404,0.976
2026-08-04T20:29:34.301-07:00,14355.271,ok,current_change,119.903,3.601,476.677,115.698,491.718,0.972
2026-08-04T20:29:35.310-07:00,14356.280,ok,current_change,119.932,3.569,474.363,105.285,487.090,0.976
2026-08-04T20:29:37.323-07:00,14358.293,ok,current_change,119.922,3.598,476.677,115.698,491.718,0.972
2026-08-04T20:29:38.329-07:00,14359.299,ok,current_change,119.688,3.538,472.049,99.501,482.462,0.978
2026-08-04T20:29:40.341-07:00,14361.311,ok,current_change,119.893,3.587,476.677,109.913,488.247,0.974
2026-08-04T20:29:41.348-07:00,14362.318,ok,current_change,119.893,3.560,474.363,99.501,485.933,0.979
2026-08-04T20:29:43.360-07:00,14364.330,ok,current_change,119.873,3.603,474.363,109.913,488.247,0.974
2026-08-04T20:29:44.367-07:00,14365.337,ok,current_change,119.961,3.563,474.363,105.285,487.090,0.976
2026-08-04T20:29:45.373-07:00,14366.343,ok,current_change,119.873,3.580,476.677,105.285,488.247,0.976
2026-08-04T20:29:46.380-07:00,14367.350,ok,current_change,119.844,3.563,474.363,105.285,485.933,0.976
2026-08-04T20:29:47.386-07:00,14368.356,ok,current_change,119.903,3.538,472.049,104.128,483.619,0.976
2026-08-04T20:29:48.393-07:00,14369.363,ok,current_change,119.893,3.567,474.363,105.285,485.933,0.976
2026-08-04T20:29:51.411-07:00,14372.381,ok,current_change,119.873,3.591,478.991,105.285,490.561,0.976
2026-08-04T20:29:53.423-07:00,14374.393,ok,current_change,119.903,3.572,476.677,105.285,487.090,0.974
2026-08-04T20:29:57.447-07:00,14378.417,ok,current_change,119.912,3.554,474.363,105.285,485.933,0.976
2026-08-04T20:29:59.460-07:00,14380.430,ok,current_change,119.942,3.596,476.677,109.913,490.561,0.974
2026-08-04T20:30:01.472-07:00,14382.442,ok,current_change,119.951,3.572,474.363,105.285,487.090,0.976
2026-08-04T20:30:06.502-07:00,14387.472,ok,current_change,120.029,3.549,474.363,99.501,484.776,0.979
2026-08-04T20:30:07.508-07:00,14388.478,ok,current_change,120.010,3.578,476.677,109.913,489.404,0.974
2026-08-04T20:30:08.515-07:00,14389.485,ok,current_change,119.844,3.596,476.677,109.913,490.561,0.974
2026-08-04T20:30:09.521-07:00,14390.491,ok,current_change,119.854,3.632,481.305,100.657,491.718,0.979
2026-08-04T20:30:10.528-07:00,14391.498,ok,current_change,119.805,3.654,485.933,111.070,498.660,0.974
2026-08-04T20:30:11.534-07:00,14392.504,ok,current_change,119.864,3.598,478.991,105.285,490.561,0.976
2026-08-04T20:30:12.544-07:00,14393.514,ok,current_change,119.932,3.578,476.677,105.285,488.247,0.976
2026-08-04T20:30:21.596-07:00,14402.567,ok,current_change,119.951,3.600,478.991,111.070,491.718,0.974
2026-08-04T20:30:22.603-07:00,14403.573,ok,current_change,119.990,3.558,474.363,99.501,485.933,0.979
2026-08-04T20:30:26.627-07:00,14407.597,ok,current_change,119.971,3.582,476.677,105.285,489.404,0.976
2026-08-04T20:30:27.633-07:00,14408.603,ok,current_change,119.990,3.600,478.991,111.070,490.561,0.974
2026-08-04T20:30:28.640-07:00,14409.610,ok,current_change,120.019,3.569,474.363,109.913,488.247,0.974
2026-08-04T20:30:31.658-07:00,14412.628,ok,current_change,119.893,3.587,476.677,109.913,489.404,0.974
2026-08-04T20:30:33.673-07:00,14414.643,ok,current_change,119.942,3.569,474.363,105.285,487.090,0.976
2026-08-04T20:30:34.679-07:00,14415.650,ok,current_change,119.990,3.591,476.677,115.698,490.561,0.972
2026-08-04T20:30:36.692-07:00,14417.662,ok,current_change,119.893,3.562,474.363,105.285,485.933,0.976
2026-08-04T20:30:37.702-07:00,14418.672,ok,current_change,120.019,3.580,476.677,109.913,490.561,0.974
2026-08-04T20:30:39.714-07:00,14420.684,ok,current_change,120.068,3.596,478.991,111.070,491.718,0.974
2026-08-04T20:30:41.726-07:00,14422.696,ok,current_change,120.029,3.580,476.677,105.285,489.404,0.976
2026-08-04T20:30:44.747-07:00,14425.717,ok,current_change,120.058,3.562,474.363,105.285,487.090,0.976
2026-08-04T20:30:50.782-07:00,14431.752,ok,current_change,120.068,3.585,478.991,115.698,492.875,0.972
2026-08-04T20:30:52.794-07:00,14433.764,ok,current_change,119.912,3.553,474.363,99.501,484.776,0.979
2026-08-04T20:30:53.801-07:00,14434.771,ok,current_change,120.010,3.589,476.677,115.698,490.561,0.972
2026-08-04T20:30:54.807-07:00,14435.777,ok,current_change,120.039,3.554,474.363,105.285,485.933,0.976
2026-08-04T20:30:56.819-07:00,14437.789,ok,current_change,120.019,3.600,478.991,111.070,491.718,0.974
2026-08-04T20:30:57.829-07:00,14438.799,ok,current_change,120.000,3.580,476.677,105.285,489.404,0.976
2026-08-04T20:31:06.882-07:00,14447.852,ok,current_change,120.019,3.596,476.677,115.698,491.718,0.972
2026-08-04T20:31:09.900-07:00,14450.870,ok,current_change,119.854,3.650,483.619,111.070,497.503,0.974
2026-08-04T20:31:10.906-07:00,14451.876,ok,current_change,120.029,3.578,481.305,100.657,491.718,0.979
2026-08-04T20:31:11.913-07:00,14452.883,ok,current_change,120.039,3.598,478.991,105.285,491.718,0.976
2026-08-04T20:31:12.923-07:00,14453.893,ok,current_change,119.981,3.576,476.677,105.285,488.247,0.976
2026-08-04T20:31:16.946-07:00,14457.916,ok,current_change,119.932,3.603,476.677,115.698,491.718,0.972
2026-08-04T20:31:19.968-07:00,14460.938,ok,current_change,120.088,3.640,483.619,111.070,497.503,0.974
2026-08-04T20:31:20.975-07:00,14461.945,ok,current_change,120.097,3.607,481.305,105.285,492.875,0.976
2026-08-04T20:31:26.004-07:00,14466.974,ok,current_change,120.078,3.589,478.991,105.285,490.561,0.976
2026-08-04T20:31:27.011-07:00,14467.981,ok,current_change,119.932,3.625,481.305,111.070,495.189,0.974
2026-08-04T20:31:28.017-07:00,14468.987,ok,current_change,120.088,3.601,481.305,105.285,490.561,0.976
2026-08-04T20:31:32.041-07:00,14473.011,ok,current_change,120.088,3.582,478.991,99.501,489.404,0.979
2026-08-04T20:31:34.053-07:00,14475.023,ok,current_change,120.117,3.609,478.991,111.070,492.875,0.974
2026-08-04T20:31:35.060-07:00,14476.030,ok,current_change,120.078,3.585,478.991,105.285,490.561,0.976
2026-08-04T20:31:37.072-07:00,14478.042,ok,current_change,120.097,3.618,481.305,105.285,494.032,0.977
2026-08-04T20:31:38.081-07:00,14479.051,ok,current_change,120.058,3.600,478.991,105.285,490.561,0.976
2026-08-04T20:31:42.105-07:00,14483.075,ok,current_change,120.058,3.583,478.991,99.501,489.404,0.979
2026-08-04T20:31:48.143-07:00,14489.114,ok,current_change,120.039,3.605,478.991,111.070,492.875,0.974
2026-08-04T20:31:49.150-07:00,14490.120,ok,current_change,120.039,3.585,478.991,99.501,489.404,0.979
2026-08-04T20:31:51.162-07:00,14492.132,ok,current_change,120.029,3.612,478.991,115.698,494.032,0.972
2026-08-04T20:31:52.168-07:00,14493.139,ok,current_change,120.019,3.571,476.677,105.285,488.247,0.976
2026-08-04T20:31:54.181-07:00,14495.151,ok,current_change,120.088,3.598,478.991,111.070,491.718,0.974
2026-08-04T20:31:55.187-07:00,14496.157,ok,current_change,120.049,3.567,476.677,99.501,487.090,0.979
2026-08-04T20:31:56.194-07:00,14497.164,ok,current_change,120.010,3.596,478.991,105.285,491.718,0.976
2026-08-04T20:32:01.223-07:00,14502.193,ok,current_change,119.971,3.618,481.305,111.070,494.032,0.974
2026-08-04T20:32:02.230-07:00,14503.200,ok,current_change,119.951,3.576,476.677,99.501,488.247,0.979
2026-08-04T20:32:06.254-07:00,14507.224,ok,current_change,120.000,3.611,481.305,105.285,489.404,0.976
2026-08-04T20:32:07.260-07:00,14508.230,ok,current_change,120.010,3.585,478.991,99.501,489.404,0.979
2026-08-04T20:32:08.263-07:00,14509.237,ok,current_change,119.961,3.614,478.991,115.698,494.032,0.972
2026-08-04T20:32:12.273-07:00,14513.247,ok,current_change,120.156,3.571,476.677,99.501,488.247,0.979
2026-08-04T20:32:14.285-07:00,14515.255,ok,current_change,120.136,3.600,478.991,105.285,491.718,0.976
2026-08-04T20:32:18.309-07:00,14519.279,ok,current_change,120.068,3.620,481.305,115.698,495.189,0.972
2026-08-04T20:32:19.315-07:00,14520.285,ok,current_change,120.000,3.600,481.305,100.657,494.032,0.977
2026-08-04T20:32:20.322-07:00,14521.292,ok,current_change,119.981,3.583,476.677,105.285,489.404,0.976
2026-08-04T20:32:25.351-07:00,14526.321,ok,current_change,120.146,3.623,481.305,115.698,495.189,0.972
2026-08-04T20:32:26.358-07:00,14527.328,ok,current_change,120.107,3.594,478.991,105.285,491.718,0.976
2026-08-04T20:32:27.364-07:00,14528.334,ok,current_change,120.088,3.614,481.305,105.285,494.032,0.977
2026-08-04T20:32:29.376-07:00,14530.346,ok,current_change,120.039,3.591,481.305,111.070,494.032,0.974
2026-08-04T20:32:33.400-07:00,14534.370,ok,current_change,120.292,3.614,483.619,105.285,495.189,0.977
2026-08-04T20:32:36.418-07:00,14537.388,ok,current_change,120.107,3.634,483.619,111.070,496.346,0.974
2026-08-04T20:32:37.424-07:00,14538.395,ok,current_change,120.097,3.609,481.305,100.657,492.875,0.979
2026-08-04T20:32:40.443-07:00,14541.413,ok,current_change,119.981,3.592,478.991,105.285,490.561,0.976
2026-08-04T20:32:45.472-07:00,14546.442,ok,current_change,120.019,3.623,481.305,111.070,495.189,0.974
2026-08-04T20:32:48.492-07:00,14549.462,ok,current_change,120.078,3.600,481.305,100.657,491.718,0.979
2026-08-04T20:32:50.504-07:00,14551.474,ok,current_change,120.058,3.623,481.305,111.070,495.189,0.974
2026-08-04T20:32:51.512-07:00,14552.482,ok,current_change,120.088,3.598,481.305,100.657,491.718,0.979
2026-08-04T20:32:52.518-07:00,14553.488,ok,current_change,119.981,3.614,481.305,105.285,494.032,0.977
2026-08-04T20:32:55.536-07:00,14556.506,ok,current_change,119.981,3.630,483.619,106.442,496.346,0.977
2026-08-04T20:32:57.552-07:00,14558.522,ok,current_change,120.029,3.614,481.305,105.285,494.032,0.977
2026-08-04T20:32:58.558-07:00,14559.528,ok,current_change,120.029,3.634,483.619,111.070,496.346,0.974
2026-08-04T20:32:59.565-07:00,14560.535,ok,current_change,120.039,3.612,481.305,105.285,494.032,0.977
2026-08-04T20:33:01.577-07:00,14562.547,ok,current_change,120.019,3.629,481.305,111.070,494.032,0.974
2026-08-04T20:33:02.583-07:00,14563.553,ok,current_change,120.029,3.601,478.991,105.285,491.718,0.976
2026-08-04T20:33:05.601-07:00,14566.572,ok,current_change,119.942,3.627,481.305,111.070,495.189,0.974
2026-08-04T20:33:06.608-07:00,14567.578,ok,current_change,120.049,3.603,481.305,105.285,492.875,0.976
2026-08-04T20:33:07.616-07:00,14568.586,ok,current_change,120.000,3.621,483.619,105.285,495.189,0.977
2026-08-04T20:33:09.628-07:00,14570.598,ok,current_change,120.068,3.710,492.875,112.227,506.758,0.975
2026-08-04T20:33:10.635-07:00,14571.605,ok,current_change,120.039,3.603,481.305,105.285,492.875,0.976
2026-08-04T20:33:13.653-07:00,14574.623,ok,current_change,120.019,3.649,483.619,111.070,496.346,0.974
2026-08-04T20:33:14.660-07:00,14575.630,ok,current_change,119.883,3.629,483.619,100.657,495.189,0.979
2026-08-04T20:33:25.724-07:00,14586.694,ok,current_change,120.039,3.650,483.619,115.698,498.660,0.972
2026-08-04T20:33:26.734-07:00,14587.704,ok,current_change,120.078,3.621,483.619,105.285,495.189,0.977
2026-08-04T20:33:29.752-07:00,14590.722,ok,current_change,120.010,3.645,483.619,115.698,497.503,0.972
2026-08-04T20:33:30.758-07:00,14591.728,ok,current_change,120.088,3.618,483.619,100.657,496.346,0.979
2026-08-04T20:33:31.767-07:00,14592.737,ok,current_change|power_change,120.292,0.208,20.826,28.925,37.023,0.594
2026-08-04T20:33:37.802-07:00,14598.772,ok,current_change,120.253,0.254,25.454,34.709,43.965,0.578
2026-08-04T20:33:38.809-07:00,14599.779,ok,current_change,120.283,0.274,27.768,37.023,46.279,0.600
2026-08-04T20:33:39.815-07:00,14600.785,ok,current_change,120.302,0.312,30.082,39.337,50.907,0.613
2026-08-04T20:33:41.828-07:00,14602.798,ok,current_change,120.331,0.284,30.082,35.866,47.436,0.634
2026-08-04T20:33:44.846-07:00,14605.816,ok,current_change,120.380,0.310,32.396,38.180,50.907,0.658
2026-08-04T20:33:45.852-07:00,14606.822,ok,current_change,120.390,0.225,23.140,30.082,39.337,0.617
2026-08-04T20:33:47.864-07:00,14608.835,ok,current_change,120.400,0.303,32.396,37.023,49.750,0.627
2026-08-04T20:33:49.877-07:00,14610.847,ok,current_change,120.429,0.248,25.454,32.396,42.808,0.621
2026-08-04T20:33:51.891-07:00,14612.861,ok,current_change,120.448,0.283,30.082,35.866,47.436,0.634
2026-08-04T20:33:54.909-07:00,14615.879,ok,current_change,120.370,0.261,27.768,34.709,45.122,0.615
2026-08-04T20:33:56.923-07:00,14617.893,ok,current_change,120.555,0.292,30.082,37.023,48.593,0.643
2026-08-04T20:33:59.942-07:00,14620.912,ok,current_change,120.312,0.268,27.768,37.023,47.436,0.609
2026-08-04T20:34:01.955-07:00,14622.925,ok,current_change,120.312,0.306,32.396,38.180,46.279,0.625
2026-08-04T20:34:03.968-07:00,14624.938,ok,current_change,120.253,0.288,27.768,38.180,48.593,0.595
2026-08-04T20:34:06.986-07:00,14627.956,ok,current_change,120.156,0.312,32.396,38.180,46.279,0.600
2026-08-04T20:34:08.995-07:00,14629.968,ok,current_change,120.283,0.288,30.082,37.023,48.593,0.618
2026-08-04T20:34:09.997-07:00,14630.971,ok,current_change,120.448,0.254,27.768,33.552,43.965,0.631
2026-08-04T20:34:12.003-07:00,14632.976,ok,current_change,120.302,0.292,30.082,37.023,48.593,0.643
2026-08-04T20:34:14.013-07:00,14634.983,ok,current_change,120.526,0.254,25.454,34.709,43.965,0.578
2026-08-04T20:34:16.025-07:00,14636.995,ok,current_change,120.390,0.284,27.768,37.023,47.436,0.609
2026-08-04T20:34:19.043-07:00,14640.013,ok,current_change,120.292,0.263,27.768,34.709,46.279,0.625
2026-08-04T20:34:21.056-07:00,14642.026,ok,current_change,120.351,0.216,23.140,30.082,38.180,0.605
2026-08-04T20:34:25.080-07:00,14646.050,ok,current_change,120.468,0.199,20.826,27.768,35.866,0.612
2026-08-04T20:34:35.138-07:00,14656.109,ok,current_change,120.195,0.217,23.140,31.239,39.337,0.588
2026-08-04T20:34:48.215-07:00,14669.185,ok,current_change|heater_off,120.341,0.000,2.314,9.256,10.413,0.222
2026-08-04T20:35:48.563-07:00,14729.533,ok,heartbeat,120.312,0.000,0.000,6.942,8.099,0.143
2026-08-04T20:36:48.894-07:00,14789.864,ok,heartbeat,120.331,0.000,0.000,8.099,9.256,0.125
2026-08-04T20:37:49.223-07:00,14850.193,ok,heartbeat,120.127,0.000,2.314,8.099,9.256,0.250
2026-08-04T20:38:49.571-07:00,14910.541,ok,heartbeat,120.185,0.000,0.000,6.942,6.942,0.000
2026-08-04T20:39:49.902-07:00,14970.872,ok,heartbeat,120.078,0.000,0.000,8.099,8.099,0.000
2026-08-04T20:40:50.250-07:00,15031.220,ok,heartbeat,120.127,0.000,0.000,8.099,9.256,0.125
2026-08-04T20:41:50.599-07:00,15091.569,ok,heartbeat,119.981,0.000,2.314,6.942,8.099,0.285
2026-08-04T20:42:50.930-07:00,15151.900,ok,heartbeat,120.195,0.000,0.000,6.942,8.099,0.143
2026-08-04T20:43:51.279-07:00,15212.249,ok,heartbeat,120.331,0.000,2.314,8.099,9.256,0.250
2026-08-04T20:44:51.610-07:00,15272.580,ok,heartbeat,120.370,0.000,0.000,8.099,9.256,0.125
2026-08-04T20:45:51.941-07:00,15332.911,ok,heartbeat,120.224,0.000,0.000,8.099,9.256,0.125
2026-08-04T20:46:52.292-07:00,15393.262,ok,heartbeat,120.468,0.000,2.314,8.099,9.256,0.250
2026-08-04T20:47:52.624-07:00,15453.594,ok,heartbeat,120.594,0.000,0.000,8.099,9.256,0.125
2026-08-04T20:48:52.955-07:00,15513.924,ok,heartbeat,120.497,0.000,2.314,6.942,8.099,0.285
2026-08-04T20:49:53.300-07:00,15574.270,ok,heartbeat,120.224,0.000,2.314,8.099,9.256,0.250
2026-08-04T20:50:53.631-07:00,15634.601,ok,heartbeat,120.507,0.000,2.314,6.942,8.099,0.143
2026-08-04T20:51:53.980-07:00,15694.950,ok,heartbeat,120.234,0.000,2.314,9.256,10.413,0.333
2026-08-04T20:52:54.319-07:00,15755.289,ok,heartbeat,120.468,0.000,2.314,8.099,9.256,0.375
2026-08-04T20:52:55.325-07:00,15756.295,ok,voltage_change,119.279,0.000,0.000,8.099,9.256,0.125
2026-08-04T20:52:56.332-07:00,15757.302,ok,voltage_change,120.526,0.000,0.000,6.942,8.099,0.143
2026-08-04T20:53:56.664-07:00,15817.634,ok,heartbeat,119.883,0.000,2.314,6.942,8.099,0.285
2026-08-04T20:54:57.013-07:00,15877.983,ok,heartbeat,120.361,0.000,0.000,8.099,9.256,0.125
2026-08-04T20:55:57.347-07:00,15938.317,ok,heartbeat,120.331,0.000,2.314,8.099,9.256,0.250
2026-08-04T20:56:57.679-07:00,15998.649,ok,heartbeat,120.380,0.000,0.000,6.942,8.099,0.143
2026-08-04T20:57:58.028-07:00,16058.998,ok,heartbeat,120.205,0.000,2.314,6.942,8.099,0.285
2026-08-04T20:58:58.359-07:00,16119.329,ok,heartbeat,120.370,0.000,2.314,6.942,8.099,0.285
2026-08-04T20:59:58.709-07:00,16179.679,ok,heartbeat,120.361,0.000,2.314,8.099,9.256,0.375
2026-08-04T21:00:25.850-07:00,16206.820,ok,current_change|heater_on,120.370,0.149,18.512,21.983,30.082,0.653
2026-08-04T21:00:26.858-07:00,16207.828,ok,current_change|heater_off,120.341,0.000,13.884,18.512,23.140,0.600
2026-08-04T21:00:27.865-07:00,16208.835,ok,current_change|heater_on,120.263,0.183,23.140,25.454,34.709,0.666
2026-08-04T21:00:29.877-07:00,16210.847,ok,current_change,120.380,0.216,25.454,26.611,38.180,0.696
2026-08-04T21:00:30.884-07:00,16211.854,ok,current_change,120.361,0.286,32.396,34.709,48.593,0.690
2026-08-04T21:00:31.890-07:00,16212.860,ok,current_change,120.370,0.270,32.396,35.866,49.750,0.674
2026-08-04T21:00:35.914-07:00,16216.884,ok,current_change,120.429,0.306,32.396,38.180,50.907,0.658
2026-08-04T21:00:36.922-07:00,16217.893,ok,current_change,120.575,0.275,32.396,35.866,49.750,0.674
2026-08-04T21:00:39.941-07:00,16220.911,ok,current_change,120.478,0.259,27.768,32.396,43.965,0.657
2026-08-04T21:00:40.948-07:00,16221.918,ok,current_change,120.263,0.297,32.396,37.023,49.750,0.650
2026-08-04T21:00:41.956-07:00,16222.926,ok,current_change,120.448,0.264,30.082,37.023,48.593,0.643
2026-08-04T21:00:45.980-07:00,16226.950,ok,current_change,120.487,0.286,30.082,37.023,48.593,0.643
2026-08-04T21:00:46.987-07:00,16227.957,ok,current_change,120.468,0.261,32.396,37.023,49.750,0.650
2026-08-04T21:00:50.005-07:00,16230.975,ok,current_change,120.526,0.219,23.140,30.082,39.337,0.617
2026-08-04T21:00:53.024-07:00,16233.994,ok,current_change,120.448,0.299,32.396,37.023,49.750,0.650
2026-08-04T21:00:56.042-07:00,16237.012,ok,current_change,120.565,0.283,27.768,37.023,47.436,0.609
2026-08-04T21:00:59.057-07:00,16240.030,ok,current_change,120.682,0.310,32.396,38.180,50.907,0.636
2026-08-04T21:01:00.059-07:00,16241.033,ok,current_change,120.760,0.274,30.082,34.709,46.279,0.649
2026-08-04T21:01:01.062-07:00,16242.035,ok,current_change,120.604,0.290,30.082,37.023,48.593,0.643
2026-08-04T21:01:03.067-07:00,16244.041,ok,current_change,120.682,0.308,32.396,38.180,50.907,0.636
2026-08-04T21:01:04.073-07:00,16245.043,ok,current_change,120.497,0.279,27.768,37.023,47.436,0.609
2026-08-04T21:01:06.086-07:00,16247.056,ok,current_change|power_change,120.224,1.890,249.908,76.361,262.635,0.955
2026-08-04T21:01:07.092-07:00,16248.062,ok,current_change|power_change,120.312,2.380,317.013,85.617,329.740,0.965
2026-08-04T21:01:08.098-07:00,16249.069,ok,current_change|power_change,120.390,2.654,356.351,76.361,365.607,0.978
2026-08-04T21:01:09.101-07:00,16250.074,ok,current_change,120.370,2.821,379.490,83.303,388.746,0.976
2026-08-04T21:01:10.105-07:00,16251.078,ok,current_change|power_change,120.370,3.167,425.770,89.088,435.026,0.979
2026-08-04T21:01:11.107-07:00,16252.081,ok,current_change,120.419,3.111,414.200,102.971,428.084,0.970
2026-08-04T21:01:12.110-07:00,16253.083,ok,current_change,120.429,3.156,423.456,93.716,433.869,0.976
2026-08-04T21:01:13.113-07:00,16254.086,ok,current_change,120.390,3.217,430.398,94.873,441.967,0.976
2026-08-04T21:01:14.119-07:00,16255.089,ok,current_change,120.400,3.250,435.026,94.873,446.595,0.977
2026-08-04T21:01:15.126-07:00,16256.096,ok,current_change,120.302,3.274,437.339,100.657,448.909,0.977
2026-08-04T21:01:16.132-07:00,16257.102,ok,current_change,120.400,3.223,430.398,99.501,443.124,0.974
2026-08-04T21:01:17.139-07:00,16258.109,ok,current_change,120.409,3.187,428.084,89.088,437.339,0.979
2026-08-04T21:01:18.146-07:00,16259.116,ok,current_change,120.400,3.230,430.398,99.501,443.124,0.974
2026-08-04T21:01:19.153-07:00,16260.123,ok,current_change,120.341,3.254,435.026,94.873,446.595,0.977
2026-08-04T21:01:20.159-07:00,16261.129,ok,current_change,120.380,3.270,437.339,96.030,448.909,0.977
2026-08-04T21:01:21.166-07:00,16262.136,ok,current_change,120.390,3.377,451.223,101.814,462.793,0.975
2026-08-04T21:01:22.172-07:00,16263.142,ok,current_change,120.302,3.330,444.281,101.814,461.636,0.975
2026-08-04T21:01:26.198-07:00,16267.168,ok,current_change,120.390,3.313,441.967,106.442,454.694,0.972
2026-08-04T21:01:27.205-07:00,16268.175,ok,current_change,120.390,3.246,435.026,100.657,447.752,0.974
2026-08-04T21:01:28.213-07:00,16269.183,ok,current_change,120.370,3.221,432.712,89.088,441.967,0.979
2026-08-04T21:01:31.231-07:00,16272.201,ok,current_change,120.292,3.203,428.084,94.873,439.653,0.976
2026-08-04T21:01:33.243-07:00,16274.213,ok,current_change,120.370,3.225,430.398,105.285,443.124,0.971
2026-08-04T21:01:34.250-07:00,16275.220,ok,current_change,120.439,3.201,428.084,94.873,439.653,0.976
2026-08-04T21:01:35.256-07:00,16276.226,ok,current_change,120.478,3.225,432.712,94.873,443.124,0.976
2026-08-04T21:01:37.268-07:00,16278.238,ok,current_change,120.448,3.250,437.339,100.657,448.909,0.974
2026-08-04T21:01:39.281-07:00,16280.251,ok,current_change,120.516,3.272,439.653,96.030,450.066,0.977
2026-08-04T21:01:40.287-07:00,16281.257,ok,current_change,120.429,3.292,439.653,106.442,452.380,0.972
2026-08-04T21:01:42.300-07:00,16283.270,ok,current_change,120.478,3.275,439.653,96.030,450.066,0.977
2026-08-04T21:01:46.323-07:00,16287.294,ok,current_change,120.429,3.301,439.653,106.442,453.537,0.972
2026-08-04T21:01:48.336-07:00,16289.306,ok,current_change,120.292,3.268,437.339,96.030,448.909,0.977
2026-08-04T21:01:49.342-07:00,16290.312,ok,current_change,120.478,3.299,439.653,106.442,453.537,0.972
2026-08-04T21:01:52.360-07:00,16293.331,ok,current_change,120.487,3.319,444.281,101.814,455.851,0.975
2026-08-04T21:01:54.373-07:00,16295.343,ok,current_change,120.526,3.342,446.595,106.442,459.322,0.972
2026-08-04T21:01:55.379-07:00,16296.349,ok,current_change,120.507,3.322,446.595,96.030,458.165,0.977
2026-08-04T21:01:56.386-07:00,16297.356,ok,current_change,120.458,3.344,448.909,97.187,459.322,0.977
2026-08-04T21:02:00.410-07:00,16301.380,ok,current_change,120.487,3.373,448.909,97.187,460.479,0.977
2026-08-04T21:02:01.416-07:00,16302.386,ok,current_change,120.370,3.353,448.909,97.187,460.479,0.977
2026-08-04T21:02:02.423-07:00,16303.393,ok,current_change,120.409,3.373,448.909,107.599,465.107,0.972
2026-08-04T21:02:07.452-07:00,16308.422,ok,current_change,120.370,3.390,453.537,102.971,465.107,0.975
2026-08-04T21:02:11.476-07:00,16312.446,ok,current_change,120.419,3.417,455.851,107.599,468.578,0.973
2026-08-04T21:02:12.483-07:00,16313.453,ok,current_change,120.400,3.400,455.851,97.187,466.264,0.978
2026-08-04T21:02:13.491-07:00,16314.461,ok,current_change,120.273,3.438,458.165,107.599,470.892,0.973
2026-08-04T21:02:14.498-07:00,16315.468,ok,current_change,120.439,3.411,455.851,102.971,468.578,0.975
2026-08-04T21:02:16.510-07:00,16317.480,ok,current_change,120.468,3.375,451.223,97.187,462.793,0.977
2026-08-04T21:02:17.516-07:00,16318.486,ok,current_change,120.468,3.399,455.851,97.187,465.107,0.975
2026-08-04T21:02:18.524-07:00,16319.494,ok,current_change,120.478,3.342,446.595,101.814,459.322,0.975
2026-08-04T21:02:19.530-07:00,16320.500,ok,current_change,120.458,3.371,451.223,97.187,462.793,0.977
2026-08-04T21:02:20.536-07:00,16321.507,ok,current_change,120.322,3.391,451.223,107.599,465.107,0.972
2026-08-04T21:02:21.543-07:00,16322.513,ok,current_change,120.468,3.370,451.223,101.814,462.793,0.975
2026-08-04T21:02:24.561-07:00,16325.531,ok,current_change,120.419,3.342,446.595,101.814,459.322,0.975
2026-08-04T21:02:25.567-07:00,16326.537,ok,current_change,120.497,3.362,451.223,97.187,461.636,0.977
2026-08-04T21:02:32.608-07:00,16333.578,ok,current_change,120.439,3.380,453.537,97.187,463.950,0.978
2026-08-04T21:02:33.615-07:00,16334.585,ok,current_change,120.380,3.399,455.851,97.187,466.264,0.978
2026-08-04T21:02:35.627-07:00,16336.597,ok,current_change,120.351,3.446,460.479,98.344,469.735,0.978
2026-08-04T21:02:37.639-07:00,16338.609,ok,current_change,120.439,3.400,455.851,97.187,466.264,0.978
2026-08-04T21:02:38.647-07:00,16339.617,ok,current_change,120.487,3.419,455.851,112.227,469.735,0.970
2026-08-04T21:02:39.653-07:00,16340.623,ok,current_change,120.526,3.402,455.851,102.971,467.421,0.975
2026-08-04T21:02:40.660-07:00,16341.630,ok,current_change,120.516,3.435,458.165,108.756,472.049,0.973
2026-08-04T21:02:46.695-07:00,16347.665,ok,current_change,120.516,3.466,462.793,104.128,475.520,0.976
2026-08-04T21:02:50.719-07:00,16351.689,ok,current_change,120.497,3.482,465.107,108.756,477.834,0.973
2026-08-04T21:02:51.726-07:00,16352.696,ok,current_change,120.458,3.457,462.793,104.128,474.363,0.976
2026-08-04T21:02:52.733-07:00,16353.703,ok,current_change,120.458,3.491,465.107,113.384,478.991,0.971
2026-08-04T21:02:54.746-07:00,16355.716,ok,current_change,120.468,3.469,462.793,108.756,475.520,0.973
2026-08-04T21:02:56.758-07:00,16357.728,ok,current_change,120.409,3.451,460.479,108.756,473.206,0.973
2026-08-04T21:02:57.767-07:00,16358.736,ok,current_change,120.478,3.433,460.479,98.344,470.892,0.978
2026-08-04T21:02:58.773-07:00,16359.743,ok,current_change,120.419,3.453,460.479,102.971,473.206,0.975
2026-08-04T21:02:59.780-07:00,16360.750,ok,current_change,120.448,3.433,460.479,98.344,470.892,0.978
2026-08-04T21:03:00.786-07:00,16361.756,ok,current_change,120.439,3.415,455.851,107.599,468.578,0.973
2026-08-04T21:03:01.792-07:00,16362.762,ok,current_change,120.429,3.438,460.479,98.344,472.049,0.978
2026-08-04T21:03:03.805-07:00,16364.775,ok,current_change,120.400,3.397,453.537,102.971,466.264,0.975
2026-08-04T21:03:04.812-07:00,16365.782,ok,current_change,120.341,3.433,458.165,107.599,470.892,0.973
2026-08-04T21:03:05.818-07:00,16366.788,ok,current_change,120.322,3.384,453.537,97.187,463.950,0.978
2026-08-04T21:03:06.825-07:00,16367.795,ok,current_change,120.341,3.424,455.851,112.227,469.735,0.970
2026-08-04T21:03:07.832-07:00,16368.802,ok,current_change,120.175,3.370,448.909,101.814,462.793,0.975
2026-08-04T21:03:08.835-07:00,16369.809,ok,current_change,120.516,3.420,455.851,107.599,469.735,0.973
2026-08-04T21:03:10.841-07:00,16371.814,ok,current_change,120.361,3.444,458.165,108.756,472.049,0.973
2026-08-04T21:03:11.843-07:00,16372.817,ok,current_change,120.341,3.420,455.851,102.971,468.578,0.975
2026-08-04T21:03:12.847-07:00,16373.820,ok,current_change,120.380,3.399,453.537,107.599,466.264,0.973
2026-08-04T21:03:13.853-07:00,16374.823,ok,current_change,120.361,3.428,458.165,102.971,469.735,0.975
2026-08-04T21:03:14.860-07:00,16375.830,ok,current_change,120.283,3.390,453.537,102.971,465.107,0.975
2026-08-04T21:03:15.866-07:00,16376.836,ok,current_change,120.400,3.424,458.165,102.971,469.735,0.975
2026-08-04T21:03:18.884-07:00,16379.854,ok,current_change,120.497,3.440,460.479,102.971,472.049,0.975
2026-08-04T21:03:24.920-07:00,16385.890,ok,current_change,120.555,3.473,462.793,108.756,476.677,0.973
2026-08-04T21:03:28.944-07:00,16389.914,ok,current_change,120.507,3.495,465.107,104.128,476.677,0.976
2026-08-04T21:03:32.968-07:00,16393.939,ok,current_change,120.419,3.518,469.735,104.128,482.462,0.976
2026-08-04T21:03:33.975-07:00,16394.945,ok,current_change,120.439,3.536,472.049,109.913,485.933,0.974
2026-08-04T21:03:35.987-07:00,16396.958,ok,current_change,120.409,3.518,469.735,104.128,482.462,0.976
2026-08-04T21:03:38.000-07:00,16398.970,ok,current_change,120.312,3.538,472.049,104.128,484.776,0.976
2026-08-04T21:03:40.014-07:00,16400.984,ok,current_change,120.253,3.518,469.735,99.501,481.305,0.978
2026-08-04T21:03:42.026-07:00,16402.996,ok,current_change,120.351,3.536,472.049,104.128,484.776,0.976
2026-08-04T21:03:44.039-07:00,16405.009,ok,current_change,120.380,3.578,476.677,109.913,490.561,0.974
2026-08-04T21:03:45.045-07:00,16406.015,ok,current_change,120.439,3.538,474.363,99.501,484.776,0.979
2026-08-04T21:03:47.057-07:00,16408.027,ok,current_change,120.478,3.565,474.363,115.698,489.404,0.971
2026-08-04T21:03:48.064-07:00,16409.034,ok,current_change,120.526,3.524,472.049,104.128,483.619,0.976
2026-08-04T21:03:50.076-07:00,16411.046,ok,current_change,120.468,3.491,467.421,98.344,478.991,0.978
2026-08-04T21:03:54.100-07:00,16415.070,ok,current_change,120.507,3.524,469.735,114.541,483.619,0.974
2026-08-04T21:03:55.107-07:00,16416.077,ok,current_change,120.497,3.484,465.107,104.128,477.834,0.976
2026-08-04T21:03:57.121-07:00,16418.091,ok,current_change,120.516,3.466,465.107,98.344,475.520,0.978
2026-08-04T21:03:59.134-07:00,16420.104,ok,current_change,120.507,3.449,462.793,98.344,474.363,0.978
2026-08-04T21:04:00.140-07:00,16421.110,ok,current_change,120.487,3.466,465.107,98.344,475.520,0.978
2026-08-04T21:04:04.165-07:00,16425.135,ok,current_change,120.497,3.487,467.421,104.128,477.834,0.976
2026-08-04T21:04:06.177-07:00,16427.147,ok,current_change,120.507,3.518,469.735,104.128,482.462,0.976
2026-08-04T21:04:07.184-07:00,16428.154,ok,current_change,120.536,3.560,476.677,105.285,488.247,0.976
2026-08-04T21:04:08.187-07:00,16429.160,ok,current_change,120.546,3.476,465.107,98.344,476.677,0.978
2026-08-04T21:04:11.194-07:00,16432.168,ok,current_change,120.409,3.498,467.421,108.756,480.148,0.973
2026-08-04T21:04:12.197-07:00,16433.171,ok,current_change,120.448,3.524,469.735,114.541,483.619,0.971
2026-08-04T21:04:14.209-07:00,16435.179,ok,current_change,120.448,3.505,467.421,109.913,481.305,0.973
2026-08-04T21:04:18.233-07:00,16439.203,ok,current_change,120.429,3.533,472.049,104.128,484.776,0.976
2026-08-04T21:04:22.257-07:00,16443.227,ok,current_change,120.594,3.562,474.363,115.698,489.404,0.971
2026-08-04T21:04:25.275-07:00,16446.245,ok,current_change,120.439,3.527,472.049,99.501,488.247,0.976
2026-08-04T21:04:26.282-07:00,16447.252,ok,current_change,120.555,3.565,476.677,105.285,489.404,0.976
2026-08-04T21:04:28.294-07:00,16449.264,ok,current_change,120.565,3.524,472.049,99.501,483.619,0.978
2026-08-04T21:04:29.301-07:00,16450.271,ok,current_change,120.565,3.542,474.363,105.285,485.933,0.976
2026-08-04T21:04:30.307-07:00,16451.277,ok,current_change,120.526,3.594,478.991,111.070,489.404,0.971
2026-08-04T21:04:31.314-07:00,16452.284,ok,current_change,120.555,3.553,476.677,99.501,487.090,0.979
2026-08-04T21:04:35.338-07:00,16456.308,ok,current_change,120.468,3.589,478.991,111.070,489.404,0.974
2026-08-04T21:04:36.346-07:00,16457.316,ok,current_change,120.507,3.562,476.677,99.501,488.247,0.979
2026-08-04T21:04:39.364-07:00,16460.334,ok,current_change,120.536,3.540,474.363,105.285,485.933,0.976
2026-08-04T21:04:44.394-07:00,16465.364,ok,current_change,120.536,3.560,476.677,105.285,488.247,0.976
2026-08-04T21:04:45.400-07:00,16466.370,ok,current_change,120.565,3.544,474.363,105.285,485.933,0.976
2026-08-04T21:04:50.430-07:00,16471.400,ok,current_change,120.429,3.518,472.049,99.501,482.462,0.978
2026-08-04T21:04:52.442-07:00,16473.412,ok,current_change,120.536,3.502,469.735,98.344,480.148,0.978
2026-08-04T21:04:53.448-07:00,16474.418,ok,current_change,120.419,3.525,469.735,109.913,483.619,0.974
2026-08-04T21:04:55.461-07:00,16476.431,ok,current_change,120.458,3.491,467.421,104.128,478.991,0.976
2026-08-04T21:04:57.473-07:00,16478.443,ok,current_change,120.536,3.507,469.735,104.128,481.305,0.976
2026-08-04T21:04:59.485-07:00,16480.455,ok,current_change,120.614,3.529,469.735,114.541,484.776,0.971
2026-08-04T21:05:01.498-07:00,16482.468,ok,current_change,120.546,3.496,467.421,108.756,480.148,0.973
2026-08-04T21:05:04.516-07:00,16485.486,ok,current_change,120.585,3.534,472.049,109.913,484.776,0.974
2026-08-04T21:05:05.522-07:00,16486.492,ok,current_change,120.516,3.571,476.677,105.285,489.404,0.976
2026-08-04T21:05:06.529-07:00,16487.499,ok,current_change,120.458,3.525,469.735,109.913,483.619,0.974
2026-08-04T21:05:11.560-07:00,16492.530,ok,current_change,120.653,3.542,472.049,109.913,485.933,0.974
2026-08-04T21:05:12.568-07:00,16493.538,ok,current_change,120.604,3.495,469.735,104.128,482.462,0.976
2026-08-04T21:05:13.575-07:00,16494.545,ok,current_change,120.575,3.524,472.049,99.501,483.619,0.978
2026-08-04T21:05:14.581-07:00,16495.551,ok,current_change,120.633,3.544,472.049,114.541,487.090,0.971
2026-08-04T21:05:15.588-07:00,16496.558,ok,current_change,120.604,3.515,469.735,104.128,482.462,0.976
2026-08-04T21:05:17.600-07:00,16498.570,ok,current_change,120.633,3.542,472.049,104.128,484.776,0.976
2026-08-04T21:05:19.612-07:00,16500.583,ok,current_change,120.526,3.567,476.677,109.913,489.404,0.974
2026-08-04T21:05:22.631-07:00,16503.601,ok,current_change,120.555,3.609,481.305,115.698,495.189,0.972
2026-08-04T21:05:30.689-07:00,16511.659,ok,current_change,120.468,3.591,478.991,105.285,491.718,0.976
2026-08-04T21:05:32.701-07:00,16513.671,ok,current_change,120.604,3.618,483.619,111.070,496.346,0.974
2026-08-04T21:05:33.708-07:00,16514.678,ok,current_change,120.594,3.600,481.305,105.285,494.032,0.977
2026-08-04T21:05:35.720-07:00,16516.690,ok,current_change,120.614,3.618,483.619,111.070,496.346,0.974
2026-08-04T21:05:39.745-07:00,16520.715,ok,current_change,120.594,3.594,481.305,100.657,492.875,0.979
2026-08-04T21:05:42.763-07:00,16523.733,ok,current_change,120.439,3.572,478.991,99.501,489.404,0.979
2026-08-04T21:05:44.776-07:00,16525.746,ok,current_change,120.614,3.607,481.305,115.698,495.189,0.972
2026-08-04T21:05:45.782-07:00,16526.752,ok,current_change,120.614,3.582,478.991,105.285,491.718,0.976
2026-08-04T21:05:47.794-07:00,16528.764,ok,current_change,120.633,3.625,481.305,111.070,494.032,0.974
2026-08-04T21:05:48.803-07:00,16529.773,ok,current_change,120.643,3.591,481.305,105.285,492.875,0.976
2026-08-04T21:05:49.809-07:00,16530.779,ok,current_change,120.633,3.621,483.619,111.070,496.346,0.977
2026-08-04T21:05:51.821-07:00,16532.791,ok,current_change,120.594,3.601,481.305,105.285,494.032,0.977
2026-08-04T21:05:52.828-07:00,16533.798,ok,current_change,120.594,3.621,483.619,106.442,496.346,0.977
2026-08-04T21:06:01.883-07:00,16542.853,ok,current_change,120.478,3.600,481.305,111.070,494.032,0.974
2026-08-04T21:06:04.901-07:00,16545.871,ok,current_change,120.555,3.625,483.619,115.698,497.503,0.972
2026-08-04T21:06:05.908-07:00,16546.878,ok,current_change,120.565,3.663,490.561,100.657,502.131,0.979
2026-08-04T21:06:06.914-07:00,16547.884,ok,current_change,120.526,3.592,481.305,105.285,492.875,0.976
2026-08-04T21:06:07.922-07:00,16548.892,ok,current_change,120.555,3.614,481.305,111.070,495.189,0.974
2026-08-04T21:06:08.925-07:00,16549.899,ok,current_change,120.429,3.585,481.305,105.285,494.032,0.977
2026-08-04T21:06:09.928-07:00,16550.902,ok,current_change,120.594,3.603,481.305,105.285,494.032,0.977
2026-08-04T21:06:10.931-07:00,16551.904,ok,current_change,120.507,3.583,476.677,115.698,491.718,0.972
2026-08-04T21:06:11.934-07:00,16552.907,ok,current_change,120.546,3.562,476.677,99.501,488.247,0.979
2026-08-04T21:06:13.942-07:00,16554.912,ok,current_change,120.585,3.578,476.677,115.698,492.875,0.972
2026-08-04T21:06:14.949-07:00,16555.919,ok,current_change,120.663,3.540,474.363,99.501,485.933,0.979
2026-08-04T21:06:16.961-07:00,16557.931,ok,current_change,120.468,3.574,476.677,109.913,489.404,0.974
2026-08-04T21:06:17.969-07:00,16558.939,ok,current_change,120.614,3.538,474.363,105.285,485.933,0.976
2026-08-04T21:06:18.975-07:00,16559.945,ok,current_change,120.478,3.558,476.677,105.285,484.776,0.979
2026-08-04T21:06:22.999-07:00,16563.969,ok,current_change,120.448,3.540,474.363,105.285,485.933,0.976
2026-08-04T21:06:25.011-07:00,16565.981,ok,current_change,120.526,3.572,476.677,109.913,489.404,0.974
2026-08-04T21:06:26.018-07:00,16566.988,ok,current_change,120.546,3.540,474.363,105.285,485.933,0.976
2026-08-04T21:06:28.030-07:00,16569.000,ok,current_change,120.594,3.578,476.677,109.913,490.561,0.974
2026-08-04T21:06:29.049-07:00,16570.019,ok,current_change,120.565,3.545,474.363,105.285,487.090,0.976
2026-08-04T21:06:31.061-07:00,16572.031,ok,current_change,120.497,3.565,476.677,115.698,491.718,0.972
2026-08-04T21:06:37.097-07:00,16578.067,ok,current_change,120.468,3.600,478.991,115.698,494.032,0.972
2026-08-04T21:06:38.103-07:00,16579.073,ok,current_change,120.487,3.571,478.991,99.501,489.404,0.979
2026-08-04T21:06:40.116-07:00,16581.086,ok,current_change,120.546,3.625,483.619,115.698,497.503,0.972
2026-08-04T21:06:41.122-07:00,16582.092,ok,current_change,120.575,3.605,483.619,105.285,495.189,0.977
2026-08-04T21:06:43.135-07:00,16584.105,ok,current_change,120.565,3.636,485.933,111.070,498.660,0.974
2026-08-04T21:06:44.141-07:00,16585.111,ok,current_change,120.565,3.656,488.247,106.442,500.974,0.974
2026-08-04T21:06:48.165-07:00,16589.135,ok,current_change,120.624,3.630,485.933,111.070,498.660,0.974
2026-08-04T21:06:55.211-07:00,16596.181,ok,current_change,120.565,3.658,488.247,116.855,502.131,0.972
2026-08-04T21:06:56.217-07:00,16597.187,ok,current_change,120.575,3.625,485.933,106.442,497.503,0.977
2026-08-04T21:06:57.224-07:00,16598.194,ok,current_change,120.575,3.643,485.933,106.442,498.660,0.977
2026-08-04T21:07:02.253-07:00,16603.223,ok,current_change,120.390,3.667,490.561,106.442,502.131,0.977
2026-08-04T21:07:05.271-07:00,16606.242,ok,current_change,120.429,3.707,495.189,112.227,510.229,0.975
2026-08-04T21:07:06.278-07:00,16607.248,ok,current_change,120.487,3.658,488.247,111.070,500.974,0.974
2026-08-04T21:07:07.284-07:00,16608.255,ok,current_change,120.575,3.690,492.875,112.227,505.601,0.975
2026-08-04T21:07:10.304-07:00,16611.274,ok,current_change,120.624,3.659,488.247,112.227,502.131,0.975
2026-08-04T21:07:11.311-07:00,16612.281,ok,current_change,120.633,3.685,490.561,116.855,505.601,0.972
2026-08-04T21:07:12.317-07:00,16613.287,ok,current_change,120.633,3.652,488.247,106.442,500.974,0.977
2026-08-04T21:07:15.337-07:00,16616.307,ok,current_change,120.458,3.679,490.561,116.855,504.444,0.972
2026-08-04T21:07:27.407-07:00,16628.377,ok,current_change,120.682,3.663,490.561,112.227,503.287,0.975
2026-08-04T21:07:28.414-07:00,16629.384,ok,current_change,120.721,3.685,492.875,112.227,505.601,0.975
2026-08-04T21:07:29.420-07:00,16630.390,ok,current_change,120.702,3.640,488.247,106.442,499.817,0.977
2026-08-04T21:07:32.439-07:00,16633.409,ok,current_change,120.507,3.665,488.247,116.855,502.131,0.972
2026-08-04T21:07:33.446-07:00,16634.416,ok,current_change,120.633,3.638,485.933,106.442,498.660,0.977
2026-08-04T21:07:39.482-07:00,16640.452,ok,current_change,120.663,3.609,483.619,105.285,495.189,0.977
2026-08-04T21:07:40.488-07:00,16641.458,ok,current_change,120.643,3.654,485.933,116.855,500.974,0.972
2026-08-04T21:07:41.495-07:00,16642.465,ok,current_change,120.565,3.616,483.619,106.442,496.346,0.977
2026-08-04T21:07:43.507-07:00,16644.477,ok,current_change,120.604,3.647,485.933,111.070,497.503,0.977
2026-08-04T21:07:44.514-07:00,16645.484,ok,current_change,120.643,3.623,483.619,111.070,497.503,0.974
2026-08-04T21:07:47.533-07:00,16648.503,ok,current_change,120.614,3.645,485.933,111.070,499.817,0.974
2026-08-04T21:07:48.540-07:00,16649.510,ok,current_change,120.643,3.616,483.619,106.442,494.032,0.977
2026-08-04T21:07:51.558-07:00,16652.528,ok,current_change,120.624,3.591,481.305,105.285,492.875,0.976
2026-08-04T21:07:56.588-07:00,16657.558,ok,current_change,120.604,3.574,478.991,105.285,490.561,0.976
2026-08-04T21:07:57.596-07:00,16658.566,ok,current_change,120.429,3.609,481.305,111.070,494.032,0.974
2026-08-04T21:07:58.603-07:00,16659.573,ok,current_change,120.546,3.583,478.991,105.285,491.718,0.976
2026-08-04T21:08:00.615-07:00,16661.585,ok,current_change,120.526,3.614,481.305,111.070,495.189,0.974
2026-08-04T21:08:01.621-07:00,16662.592,ok,current_change,120.555,3.567,476.677,105.285,489.404,0.976
2026-08-04T21:08:03.636-07:00,16664.606,ok,current_change,120.614,3.609,481.305,111.070,495.189,0.974
2026-08-04T21:08:04.642-07:00,16665.612,ok,current_change,120.594,3.580,478.991,111.070,494.032,0.974
2026-08-04T21:08:05.649-07:00,16666.619,ok,current_change,120.497,3.661,490.561,106.442,502.131,0.977
2026-08-04T21:08:06.655-07:00,16667.625,ok,current_change,120.536,3.598,481.305,111.070,494.032,0.974
2026-08-04T21:08:07.663-07:00,16668.633,ok,current_change,120.653,3.625,483.619,115.698,497.503,0.972
2026-08-04T21:08:14.687-07:00,16675.657,ok,current_change,120.702,3.658,488.247,116.855,502.131,0.972
2026-08-04T21:08:18.711-07:00,16679.681,ok,current_change,120.643,3.674,488.247,116.855,503.287,0.972
2026-08-04T21:08:21.729-07:00,16682.699,ok,current_change,120.624,3.701,495.189,107.599,507.915,0.977
2026-08-04T21:08:22.736-07:00,16683.706,ok,current_change,120.624,3.681,490.561,116.855,505.601,0.972
2026-08-04T21:08:23.742-07:00,16684.712,ok,current_change,120.663,3.656,488.247,112.227,506.758,0.975
2026-08-04T21:08:27.768-07:00,16688.739,ok,current_change,120.663,3.701,492.875,116.855,507.915,0.973
2026-08-04T21:08:28.775-07:00,16689.745,ok,current_change,120.633,3.663,490.561,100.657,503.287,0.977
2026-08-04T21:08:29.783-07:00,16690.753,ok,current_change,120.682,3.683,492.875,106.442,505.601,0.977
2026-08-04T21:08:32.801-07:00,16693.771,ok,current_change,120.682,3.714,495.189,118.012,509.072,0.973
2026-08-04T21:08:33.808-07:00,16694.778,ok,current_change,120.672,3.683,492.875,106.442,505.601,0.977
2026-08-04T21:08:36.827-07:00,16697.797,ok,current_change,120.672,3.707,492.875,112.227,506.758,0.975
2026-08-04T21:08:38.839-07:00,16699.809,ok,current_change,120.653,3.687,495.189,101.814,505.601,0.979
2026-08-04T21:08:41.859-07:00,16702.829,ok,current_change,120.624,3.712,495.189,112.227,505.601,0.975
2026-08-04T21:08:43.871-07:00,16704.841,ok,current_change,120.663,3.688,495.189,101.814,505.601,0.979
2026-08-04T21:08:46.891-07:00,16707.861,ok,current_change,120.633,3.712,495.189,112.227,507.915,0.975
2026-08-04T21:08:48.903-07:00,16709.873,ok,current_change,120.614,3.685,492.875,106.442,505.601,0.977
2026-08-04T21:08:49.910-07:00,16710.880,ok,current_change,120.633,3.717,499.817,107.599,511.386,0.977
2026-08-04T21:08:52.928-07:00,16713.898,ok,current_change,120.643,3.736,497.503,118.012,512.543,0.973
2026-08-04T21:08:53.934-07:00,16714.904,ok,current_change,120.653,3.710,497.503,107.599,509.072,0.977
2026-08-04T21:08:58.966-07:00,16719.936,ok,current_change,120.672,3.687,492.875,106.442,505.601,0.977
2026-08-04T21:09:03.997-07:00,16724.967,ok,current_change,120.604,3.658,490.561,106.442,502.131,0.977
2026-08-04T21:09:06.011-07:00,16726.981,ok,current_change,120.419,3.743,497.503,112.227,511.386,0.975
2026-08-04T21:09:07.018-07:00,16727.988,ok,current_change,120.575,3.670,490.561,112.227,503.287,0.975
2026-08-04T21:09:09.026-07:00,16730.000,ok,current_change,120.536,3.649,488.247,100.657,499.817,0.979
2026-08-04T21:09:10.029-07:00,16731.002,ok,current_change,120.555,3.674,490.561,106.442,503.287,0.977
2026-08-04T21:09:17.060-07:00,16738.030,ok,current_change,120.565,3.650,488.247,106.442,500.974,0.977
2026-08-04T21:09:26.113-07:00,16747.083,ok,current_change,120.546,3.634,485.933,106.442,498.660,0.977
2026-08-04T21:09:27.120-07:00,16748.090,ok,current_change,120.604,3.652,488.247,106.442,500.974,0.977
2026-08-04T21:09:28.126-07:00,16749.096,ok,current_change,120.614,3.632,483.619,115.698,498.660,0.972
2026-08-04T21:09:29.132-07:00,16750.103,ok,current_change,120.390,3.649,488.247,106.442,499.817,0.977
2026-08-04T21:09:32.151-07:00,16753.121,ok,current_change,120.448,3.667,488.247,112.227,502.131,0.975
2026-08-04T21:09:35.169-07:00,16756.139,ok,current_change,120.497,3.696,492.875,112.227,506.758,0.975
2026-08-04T21:09:36.176-07:00,16757.146,ok,current_change,120.409,3.652,488.247,106.442,499.817,0.977
2026-08-04T21:09:37.182-07:00,16758.152,ok,current_change,120.507,3.688,490.561,116.855,505.601,0.972
2026-08-04T21:09:38.189-07:00,16759.159,ok,current_change,120.497,3.656,485.933,106.442,498.660,0.977
2026-08-04T21:09:41.207-07:00,16762.177,ok,current_change,120.604,3.679,490.561,112.227,504.444,0.975
2026-08-04T21:09:42.213-07:00,16763.183,ok,current_change,120.536,3.659,490.561,106.442,502.131,0.977
2026-08-04T21:09:45.231-07:00,16766.201,ok,current_change,120.526,3.681,490.561,116.855,504.444,0.972
2026-08-04T21:09:46.238-07:00,16767.208,ok,current_change,120.429,3.652,488.247,106.442,500.974,0.977
2026-08-04T21:09:50.263-07:00,16771.233,ok,current_change,120.380,3.685,490.561,116.855,504.444,0.972
2026-08-04T21:09:51.269-07:00,16772.240,ok,current_change,120.351,3.640,485.933,106.442,498.660,0.977
2026-08-04T21:09:52.277-07:00,16773.247,ok,current_change,120.555,3.661,490.561,106.442,502.131,0.977
2026-08-04T21:09:58.313-07:00,16779.283,ok,current_change,120.507,3.681,490.561,112.227,504.444,0.975
2026-08-04T21:10:03.343-07:00,16784.313,ok,current_change,120.380,3.699,492.875,116.855,506.758,0.972
2026-08-04T21:10:05.356-07:00,16786.326,ok,current_change,120.585,3.761,504.444,107.599,516.014,0.978
2026-08-04T21:10:06.362-07:00,16787.332,ok,current_change,120.487,3.699,495.189,107.599,506.758,0.977
2026-08-04T21:10:09.381-07:00,16790.351,ok,current_change,120.400,3.681,490.561,112.227,504.444,0.975
2026-08-04T21:10:13.404-07:00,16794.375,ok,current_change,120.663,3.712,495.189,118.012,509.072,0.973
2026-08-04T21:10:14.411-07:00,16795.381,ok,current_change,120.653,3.688,492.875,106.442,505.601,0.977
2026-08-04T21:10:24.471-07:00,16805.441,ok,current_change,120.721,3.672,492.875,106.442,504.444,0.977
2026-08-04T21:10:25.478-07:00,16806.448,ok,current_change,120.400,3.694,492.875,106.442,505.601,0.977
2026-08-04T21:10:33.525-07:00,16814.495,ok,current_change,120.253,3.725,495.189,112.227,509.072,0.975
2026-08-04T21:10:34.532-07:00,16815.502,ok,current_change,120.633,3.701,495.189,112.227,507.915,0.975
2026-08-04T21:10:42.579-07:00,16823.549,ok,current_change,120.468,3.683,495.189,107.599,507.915,0.977
2026-08-04T21:10:44.591-07:00,16825.561,ok,current_change,120.604,3.701,492.875,116.855,507.915,0.973
2026-08-04T21:10:45.598-07:00,16826.568,ok,current_change,120.614,3.679,492.875,106.442,504.444,0.977
2026-08-04T21:10:49.622-07:00,16830.592,ok,current_change,120.526,3.714,495.189,112.227,509.072,0.975
2026-08-04T21:10:51.634-07:00,16832.604,ok,current_change,120.575,3.681,492.875,101.814,504.444,0.979
2026-08-04T21:10:52.640-07:00,16833.610,ok,current_change,120.536,3.708,495.189,107.599,507.915,0.977
2026-08-04T21:10:55.659-07:00,16836.629,ok,current_change,120.497,3.748,499.817,118.012,513.700,0.973
2026-08-04T21:10:56.665-07:00,16837.635,ok,current_change,120.497,3.707,495.189,107.599,507.915,0.977
2026-08-04T21:10:57.672-07:00,16838.642,ok,current_change,120.439,3.725,497.503,107.599,510.229,0.977
2026-08-04T21:10:59.684-07:00,16840.654,ok,current_change,120.448,3.708,495.189,107.599,507.915,0.977
2026-08-04T21:11:01.696-07:00,16842.666,ok,current_change,120.546,3.726,497.503,118.012,511.386,0.973
2026-08-04T21:11:05.720-07:00,16846.690,ok,current_change,120.555,3.786,506.758,113.384,519.485,0.975
2026-08-04T21:11:06.727-07:00,16847.697,ok,current_change,120.536,3.705,502.131,118.012,516.014,0.973
2026-08-04T21:11:07.735-07:00,16848.705,ok,current_change,120.565,3.737,499.817,113.384,512.543,0.975
2026-08-04T21:11:08.738-07:00,16849.711,ok,current_change,120.448,3.696,495.189,107.599,506.758,0.977
2026-08-04T21:11:12.748-07:00,16853.721,ok,current_change,120.624,3.730,497.503,118.012,511.386,0.973
2026-08-04T21:11:13.754-07:00,16854.724,ok,current_change,120.594,3.697,495.189,107.599,506.758,0.977
2026-08-04T21:11:14.760-07:00,16855.731,ok,current_change,120.643,3.721,499.817,101.814,510.229,0.979
2026-08-04T21:11:17.779-07:00,16858.749,ok,current_change,120.624,3.737,499.817,113.384,512.543,0.975
2026-08-04T21:11:20.797-07:00,16861.767,ok,current_change,120.565,3.721,497.503,107.599,510.229,0.977
2026-08-04T21:11:23.815-07:00,16864.785,ok,current_change,120.624,3.694,492.875,116.855,506.758,0.972
2026-08-04T21:11:24.822-07:00,16865.792,ok,current_change,120.760,3.757,502.131,113.384,516.014,0.975
2026-08-04T21:11:25.828-07:00,16866.798,ok,current_change,120.419,3.701,495.189,107.599,506.758,0.977
2026-08-04T21:11:26.835-07:00,16867.805,ok,current_change,120.585,3.717,497.503,107.599,510.229,0.977
2026-08-04T21:11:27.841-07:00,16868.811,ok,current_change,120.760,3.699,495.189,112.227,507.915,0.975
2026-08-04T21:11:31.865-07:00,16872.835,ok,current_change,120.594,3.719,497.503,107.599,510.229,0.977
2026-08-04T21:11:33.878-07:00,16874.848,ok,current_change,120.526,3.694,495.189,107.599,506.758,0.977
2026-08-04T21:11:35.890-07:00,16876.860,ok,current_change,120.643,3.736,495.189,118.012,509.072,0.973
2026-08-04T21:11:36.896-07:00,16877.866,ok,current_change,120.478,3.683,492.875,106.442,504.444,0.977
2026-08-04T21:11:38.910-07:00,16879.880,ok,current_change,120.439,3.723,497.503,107.599,510.229,0.977
2026-08-04T21:11:39.917-07:00,16880.887,ok,current_change,120.585,3.690,492.875,106.442,505.601,0.977
2026-08-04T21:11:40.923-07:00,16881.893,ok,current_change,120.478,3.707,492.875,112.227,506.758,0.975
2026-08-04T21:11:41.930-07:00,16882.900,ok,current_change,120.448,3.685,490.561,112.227,504.444,0.975
2026-08-04T21:11:43.944-07:00,16884.914,ok,current_change,120.575,3.723,499.817,101.814,510.229,0.979
2026-08-04T21:11:45.956-07:00,16886.926,ok,current_change,120.507,3.703,495.189,112.227,507.915,0.975
2026-08-04T21:11:46.963-07:00,16887.932,ok,current_change,120.672,3.746,499.817,118.012,513.700,0.973
2026-08-04T21:11:47.971-07:00,16888.941,ok,current_change,120.585,3.710,497.503,107.599,506.758,0.975
2026-08-04T21:11:49.984-07:00,16890.954,ok,current_change,120.458,3.685,492.875,106.442,504.444,0.977
2026-08-04T21:11:51.996-07:00,16892.966,ok,current_change,120.536,3.752,502.131,107.599,513.700,0.977
2026-08-04T21:11:53.002-07:00,16893.972,ok,current_change,120.624,3.708,495.189,118.012,509.072,0.973
2026-08-04T21:11:54.009-07:00,16894.979,ok,current_change,120.292,3.690,492.875,106.442,504.444,0.977
2026-08-04T21:11:55.015-07:00,16895.986,ok,current_change,120.653,3.748,502.131,107.599,513.700,0.977
2026-08-04T21:11:58.034-07:00,16899.004,ok,current_change,120.585,3.725,497.503,112.227,510.229,0.975
2026-08-04T21:11:59.040-07:00,16900.010,ok,current_change,120.653,3.755,495.189,122.640,511.386,0.970
2026-08-04T21:12:00.047-07:00,16901.017,ok,current_change,120.575,3.728,497.503,112.227,511.386,0.975
2026-08-04T21:12:05.075-07:00,16906.046,ok,current_change,120.682,3.772,504.444,113.384,517.171,0.975
2026-08-04T21:12:06.082-07:00,16907.052,ok,current_change,120.663,3.746,499.817,118.012,513.700,0.973
2026-08-04T21:12:09.096-07:00,16910.069,ok,current_change,120.565,3.705,495.189,112.227,507.915,0.975
2026-08-04T21:12:11.101-07:00,16912.074,ok,current_change,120.487,3.721,495.189,118.012,510.229,0.973
2026-08-04T21:12:17.129-07:00,16918.099,ok,current_change,120.516,3.745,499.817,113.384,513.700,0.975
2026-08-04T21:12:19.142-07:00,16920.112,ok,current_change,120.516,3.761,502.131,113.384,514.857,0.975
2026-08-04T21:12:20.148-07:00,16921.118,ok,current_change,120.555,3.743,499.817,107.599,512.543,0.977
2026-08-04T21:12:22.161-07:00,16923.131,ok,current_change,120.331,3.770,504.444,107.599,516.014,0.978
2026-08-04T21:12:23.169-07:00,16924.139,ok,current_change,120.702,3.750,497.503,112.227,511.386,0.975
2026-08-04T21:12:25.181-07:00,16926.151,ok,current_change,120.516,3.774,502.131,118.012,517.171,0.973
2026-08-04T21:12:27.194-07:00,16928.164,ok,current_change,120.555,3.743,502.131,101.814,512.543,0.979
2026-08-04T21:12:30.214-07:00,16931.184,ok,current_change,120.214,3.699,492.875,106.442,505.601,0.977
2026-08-04T21:12:31.221-07:00,16932.191,ok,current_change,120.536,3.759,502.131,107.599,514.857,0.977
2026-08-04T21:12:32.227-07:00,16933.197,ok,current_change,120.458,3.781,504.444,118.012,518.328,0.973
2026-08-04T21:12:33.235-07:00,16934.205,ok,current_change,120.546,3.743,497.503,118.012,512.543,0.973
2026-08-04T21:12:34.241-07:00,16935.211,ok,current_change,120.633,3.688,492.875,106.442,505.601,0.977
2026-08-04T21:12:35.248-07:00,16936.218,ok,current_change,120.214,3.712,495.189,107.599,512.543,0.977
2026-08-04T21:12:36.254-07:00,16937.224,ok,current_change,120.507,3.678,490.561,112.227,504.444,0.975
2026-08-04T21:12:37.261-07:00,16938.231,ok,current_change,120.468,3.703,495.189,112.227,507.915,0.975
2026-08-04T21:12:38.268-07:00,16939.239,ok,current_change,120.516,3.743,499.817,107.599,512.543,0.977
2026-08-04T21:12:39.275-07:00,16940.245,ok,current_change,120.536,3.723,495.189,118.012,510.229,0.973
2026-08-04T21:12:40.282-07:00,16941.252,ok,current_change,120.478,3.705,499.817,118.012,513.700,0.973
2026-08-04T21:12:41.288-07:00,16942.258,ok,current_change,120.575,3.734,499.817,107.599,511.386,0.977
2026-08-04T21:12:44.306-07:00,16945.276,ok,current_change,120.322,3.716,495.189,112.227,509.072,0.975
2026-08-04T21:12:46.319-07:00,16947.289,ok,current_change,120.478,3.743,497.503,118.012,512.543,0.973
2026-08-04T21:12:47.325-07:00,16948.295,ok,current_change,120.575,3.710,495.189,112.227,509.072,0.975
2026-08-04T21:12:48.332-07:00,16949.302,ok,current_change,120.546,3.739,497.503,107.599,509.072,0.977
2026-08-04T21:12:49.338-07:00,16950.308,ok,current_change,120.516,3.710,497.503,107.599,509.072,0.977
2026-08-04T21:12:51.352-07:00,16952.322,ok,current_change,120.585,3.739,499.817,113.384,512.543,0.975
2026-08-04T21:12:53.364-07:00,16954.335,ok,current_change,120.361,3.777,502.131,118.012,516.014,0.973
2026-08-04T21:12:58.394-07:00,16959.364,ok,current_change,120.594,3.754,502.131,113.384,513.700,0.975
2026-08-04T21:12:59.401-07:00,16960.371,ok,current_change,120.439,3.717,497.503,107.599,509.072,0.977
2026-08-04T21:13:00.407-07:00,16961.377,ok,current_change,120.497,3.743,497.503,118.012,512.543,0.973
2026-08-04T21:13:01.414-07:00,16962.384,ok,current_change,120.478,3.774,499.817,118.012,513.700,0.973
2026-08-04T21:13:02.420-07:00,16963.390,ok,current_change,120.331,3.752,499.817,113.384,513.700,0.975
2026-08-04T21:13:03.427-07:00,16964.397,ok,current_change,120.546,3.736,499.817,107.599,512.543,0.977
2026-08-04T21:13:04.435-07:00,16965.405,ok,current_change,120.614,3.765,504.444,107.599,516.014,0.978
2026-08-04T21:13:05.441-07:00,16966.411,ok,current_change,120.429,3.812,509.072,114.541,521.799,0.976
2026-08-04T21:13:06.448-07:00,16967.418,ok,current_change,120.575,3.717,504.444,107.599,516.014,0.978
2026-08-04T21:13:07.455-07:00,16968.425,ok,current_change,120.594,3.734,497.503,118.012,512.543,0.973
2026-08-04T21:13:13.490-07:00,16974.460,ok,current_change,120.429,3.772,504.444,107.599,516.014,0.978
2026-08-04T21:13:14.497-07:00,16975.467,ok,current_change,120.283,3.726,497.503,112.227,517.171,0.975
2026-08-04T21:13:16.509-07:00,16977.479,ok,current_change,120.516,3.779,502.131,123.797,518.328,0.971
2026-08-04T21:13:18.521-07:00,16979.492,ok,current_change,120.468,3.741,499.817,107.599,512.543,0.977
2026-08-04T21:13:19.530-07:00,16980.500,ok,current_change,120.370,3.759,502.131,107.599,512.543,0.977
2026-08-04T21:13:24.559-07:00,16985.529,ok,current_change,120.429,3.777,502.131,118.012,517.171,0.973
2026-08-04T21:13:26.572-07:00,16987.542,ok,current_change,120.409,3.743,499.817,107.599,512.543,0.977
2026-08-04T21:13:32.607-07:00,16993.577,ok,current_change,120.478,3.788,504.444,118.012,518.328,0.973
2026-08-04T21:13:33.614-07:00,16994.584,ok,current_change,120.497,3.737,499.817,113.384,513.700,0.973
2026-08-04T21:13:39.649-07:00,17000.619,ok,current_change,120.468,3.770,502.131,113.384,516.014,0.975
2026-08-04T21:13:40.656-07:00,17001.626,ok,current_change,120.390,3.746,497.503,118.012,512.543,0.973
2026-08-04T21:13:41.662-07:00,17002.632,ok,current_change,120.604,3.765,504.444,107.599,513.700,0.975
2026-08-04T21:13:42.669-07:00,17003.639,ok,current_change,120.497,3.730,499.817,107.599,511.386,0.977
2026-08-04T21:13:45.687-07:00,17006.657,ok,current_change,120.516,3.710,495.189,112.227,509.072,0.975
2026-08-04T21:13:46.693-07:00,17007.664,ok,current_change,120.594,3.748,499.817,113.384,513.700,0.975
2026-08-04T21:13:47.700-07:00,17008.670,ok,current_change,120.331,3.775,502.131,113.384,516.014,0.975
2026-08-04T21:13:48.706-07:00,17009.676,ok,current_change,120.448,3.755,499.817,118.012,514.857,0.973
2026-08-04T21:13:49.713-07:00,17010.683,ok,current_change,120.341,3.736,495.189,112.227,509.072,0.975
2026-08-04T21:13:51.725-07:00,17012.695,ok,current_change,120.487,3.788,506.758,102.971,518.328,0.979
2026-08-04T21:13:53.738-07:00,17014.708,ok,current_change,120.390,3.745,499.817,107.599,512.543,0.977
2026-08-04T21:13:54.744-07:00,17015.714,ok,current_change,120.409,3.765,502.131,107.599,516.014,0.978
2026-08-04T21:13:58.768-07:00,17019.738,ok,current_change,120.692,3.783,506.758,108.756,519.485,0.978
2026-08-04T21:13:59.775-07:00,17020.745,ok,current_change,120.409,3.743,499.817,107.599,512.543,0.977
2026-08-04T21:14:00.781-07:00,17021.751,ok,current_change,120.682,3.799,509.072,108.756,520.642,0.978
2026-08-04T21:14:01.788-07:00,17022.758,ok,current_change,120.468,3.772,504.444,113.384,517.171,0.975
2026-08-04T21:14:03.800-07:00,17024.770,ok,current_change,120.439,3.748,499.817,113.384,513.700,0.975
2026-08-04T21:14:05.814-07:00,17026.784,ok,current_change,120.497,3.848,511.386,119.169,526.427,0.973
2026-08-04T21:14:06.820-07:00,17027.790,ok,current_change,120.283,3.770,502.131,113.384,516.014,0.975
2026-08-04T21:14:08.829-07:00,17029.803,ok,current_change,120.575,3.790,506.758,108.756,519.485,0.978
2026-08-04T21:14:09.832-07:00,17030.805,ok,current_change,120.555,3.772,504.444,113.384,517.171,0.975
2026-08-04T21:14:13.845-07:00,17034.815,ok,current_change,120.487,3.792,504.444,119.169,519.485,0.975
2026-08-04T21:14:15.859-07:00,17036.829,ok,current_change,120.448,3.757,502.131,107.599,514.857,0.977
2026-08-04T21:14:16.865-07:00,17037.835,ok,current_change,120.448,3.741,499.817,107.599,512.543,0.977
2026-08-04T21:14:17.872-07:00,17038.842,ok,current_change,120.341,3.799,506.758,108.756,519.485,0.978
2026-08-04T21:14:18.878-07:00,17039.848,ok,current_change,120.585,3.768,504.444,107.599,516.014,0.978
2026-08-04T21:14:20.891-07:00,17041.861,ok,current_change,120.487,3.808,509.072,108.756,521.799,0.978
2026-08-04T21:14:21.898-07:00,17042.868,ok,current_change,120.487,3.759,502.131,107.599,514.857,0.977
2026-08-04T21:14:22.904-07:00,17043.874,ok,current_change,120.516,3.784,504.444,113.384,518.328,0.975
2026-08-04T21:14:23.911-07:00,17044.881,ok,current_change,120.390,3.754,499.817,118.012,520.642,0.975
2026-08-04T21:14:24.919-07:00,17045.889,ok,current_change,120.487,3.801,506.758,119.169,520.642,0.973
2026-08-04T21:14:25.925-07:00,17046.895,ok,current_change,120.507,3.759,502.131,107.599,514.857,0.977
2026-08-04T21:14:26.932-07:00,17047.902,ok,current_change,120.458,3.730,499.817,107.599,511.386,0.977
2026-08-04T21:14:28.944-07:00,17049.914,ok,current_change,120.516,3.770,504.444,107.599,516.014,0.978
2026-08-04T21:14:30.957-07:00,17051.927,ok,current_change,120.439,3.745,499.817,107.599,512.543,0.977
2026-08-04T21:14:31.964-07:00,17052.934,ok,current_change,120.516,3.772,504.444,113.384,517.171,0.975
2026-08-04T21:14:35.987-07:00,17056.957,ok,current_change,120.429,3.755,502.131,107.599,514.857,0.977
2026-08-04T21:14:40.011-07:00,17060.981,ok,current_change,120.322,3.775,499.817,107.599,512.543,0.977
2026-08-04T21:14:43.029-07:00,17063.999,ok,current_change,120.536,3.795,506.758,113.384,519.485,0.975
2026-08-04T21:14:46.047-07:00,17067.017,ok,current_change,120.380,3.761,502.131,107.599,514.857,0.977
2026-08-04T21:14:48.060-07:00,17069.030,ok,current_change,120.682,3.797,499.817,107.599,512.543,0.977
2026-08-04T21:14:50.073-07:00,17071.043,ok,current_change,120.136,3.746,499.817,107.599,511.386,0.977
2026-08-04T21:14:51.080-07:00,17072.050,ok,current_change,120.351,3.788,506.758,108.756,518.328,0.978
2026-08-04T21:14:53.092-07:00,17074.062,ok,current_change,120.478,3.828,511.386,114.541,517.171,0.973
2026-08-04T21:14:55.105-07:00,17076.075,ok,current_change,120.594,3.783,506.758,108.756,518.328,0.978
2026-08-04T21:14:56.112-07:00,17077.082,ok,current_change,120.536,3.766,504.444,107.599,516.014,0.978
2026-08-04T21:14:57.118-07:00,17078.088,ok,current_change,120.487,3.745,502.131,101.814,512.543,0.979
2026-08-04T21:14:58.125-07:00,17079.095,ok,current_change,120.565,3.775,504.444,108.756,519.485,0.978
2026-08-04T21:15:01.143-07:00,17082.114,ok,current_change,120.487,3.795,502.131,113.384,514.857,0.975
2026-08-04T21:15:03.155-07:00,17084.125,ok,current_change,120.458,3.761,499.817,118.012,514.857,0.973
2026-08-04T21:15:05.169-07:00,17086.139,ok,current_change,120.575,3.737,497.503,118.012,512.543,0.973
2026-08-04T21:15:06.176-07:00,17087.146,ok,current_change,120.760,3.790,506.758,113.384,520.642,0.975
2026-08-04T21:15:07.182-07:00,17088.152,ok,current_change,120.721,3.741,502.131,107.599,513.700,0.977
2026-08-04T21:15:08.187-07:00,17089.159,ok,current_change,120.663,3.801,509.072,108.756,521.799,0.978
2026-08-04T21:15:09.193-07:00,17090.163,ok,current_change,120.565,3.765,504.444,107.599,516.014,0.978
2026-08-04T21:15:12.211-07:00,17093.181,ok,current_change,120.741,3.788,506.758,113.384,517.171,0.975
2026-08-04T21:15:16.235-07:00,17097.205,ok,current_change,120.633,3.804,509.072,114.541,521.799,0.976
2026-08-04T21:15:19.253-07:00,17100.223,ok,current_change,120.575,3.757,502.131,107.599,514.857,0.977
2026-08-04T21:15:20.260-07:00,17101.230,ok,current_change,120.575,3.788,506.758,113.384,519.485,0.975
2026-08-04T21:15:23.278-07:00,17104.248,ok,current_change,120.546,3.761,502.131,118.012,519.485,0.975
2026-08-04T21:15:24.284-07:00,17105.254,ok,current_change,120.536,3.783,504.444,118.012,518.328,0.973
2026-08-04T21:15:27.303-07:00,17108.273,ok,current_change,120.507,3.765,504.444,107.599,516.014,0.978
2026-08-04T21:15:29.315-07:00,17110.285,ok,current_change,120.370,3.743,499.817,107.599,512.543,0.977
2026-08-04T21:15:30.321-07:00,17111.291,ok,current_change,120.390,3.774,504.444,107.599,516.014,0.978
2026-08-04T21:15:31.328-07:00,17112.298,ok,current_change,120.507,3.741,499.817,107.599,517.171,0.978
2026-08-04T21:15:32.334-07:00,17113.304,ok,current_change,120.409,3.775,504.444,108.756,517.171,0.978
2026-08-04T21:15:33.341-07:00,17114.311,ok,current_change,120.380,3.757,502.131,113.384,514.857,0.975
2026-08-04T21:15:35.353-07:00,17116.323,ok,current_change,120.585,3.790,504.444,119.169,519.485,0.973
2026-08-04T21:15:37.366-07:00,17118.336,ok,current_change,120.633,3.759,502.131,113.384,516.014,0.975
2026-08-04T21:15:40.384-07:00,17121.354,ok,current_change,120.439,3.737,499.817,107.599,511.386,0.977
2026-08-04T21:15:41.392-07:00,17122.362,ok,current_change,120.439,3.710,495.189,112.227,507.915,0.975
2026-08-04T21:15:42.398-07:00,17123.368,ok,current_change,120.507,3.730,502.131,107.599,513.700,0.977
2026-08-04T21:15:44.411-07:00,17125.381,ok,current_change,120.565,3.768,502.131,113.384,516.014,0.975
2026-08-04T21:15:45.417-07:00,17126.387,ok,current_change,120.672,3.784,504.444,118.012,518.328,0.973
2026-08-04T21:15:46.425-07:00,17127.395,ok,current_change,120.594,3.757,502.131,113.384,514.857,0.975
2026-08-04T21:15:47.432-07:00,17128.402,ok,current_change,120.672,3.739,502.131,101.814,516.014,0.978
2026-08-04T21:15:49.444-07:00,17130.414,ok,current_change,120.760,3.765,504.444,108.756,517.171,0.978
2026-08-04T21:15:52.462-07:00,17133.432,ok,current_change,120.643,3.794,506.758,113.384,520.642,0.975
2026-08-04T21:15:53.469-07:00,17134.439,ok,current_change,120.760,3.777,504.444,113.384,518.328,0.975
2026-08-04T21:15:55.481-07:00,17136.451,ok,current_change,120.711,3.726,497.503,112.227,518.328,0.973
2026-08-04T21:15:56.487-07:00,17137.458,ok,current_change,120.731,3.779,506.758,108.756,518.328,0.978
2026-08-04T21:15:58.500-07:00,17139.470,ok,current_change,120.565,3.752,502.131,107.599,514.857,0.977
2026-08-04T21:15:59.506-07:00,17140.476,ok,current_change,120.692,3.775,504.444,113.384,518.328,0.975
2026-08-04T21:16:05.542-07:00,17146.512,ok,current_change,120.526,3.813,509.072,114.541,522.956,0.976
2026-08-04T21:16:06.549-07:00,17147.519,ok,current_change,120.760,3.759,504.444,107.599,516.014,0.978
2026-08-04T21:16:07.555-07:00,17148.525,ok,current_change,120.244,3.779,504.444,108.756,517.171,0.978
2026-08-04T21:16:11.565-07:00,17152.539,ok,current_change,120.497,3.750,502.131,107.599,513.700,0.977
2026-08-04T21:16:13.574-07:00,17154.544,ok,current_change,120.575,3.772,502.131,118.012,514.857,0.973
2026-08-04T21:16:14.580-07:00,17155.550,ok,current_change,120.643,3.799,506.758,119.169,520.642,0.973
2026-08-04T21:16:15.587-07:00,17156.557,ok,current_change,120.526,3.754,502.131,113.384,514.857,0.975
2026-08-04T21:16:16.594-07:00,17157.564,ok,current_change,120.516,3.774,504.444,108.756,517.171,0.978
2026-08-04T21:16:17.602-07:00,17158.572,ok,current_change,120.633,3.754,502.131,107.599,514.857,0.977
2026-08-04T21:16:18.608-07:00,17159.578,ok,current_change,120.594,3.770,504.444,108.756,517.171,0.978
2026-08-04T21:16:20.620-07:00,17161.590,ok,current_change,120.614,3.797,506.758,113.384,520.642,0.975
2026-08-04T21:16:21.627-07:00,17162.597,ok,current_change,120.575,3.759,502.131,107.599,514.857,0.977
2026-08-04T21:16:23.642-07:00,17164.612,ok,current_change,120.419,3.799,502.131,113.384,514.857,0.975
2026-08-04T21:16:26.660-07:00,17167.630,ok,current_change,120.633,3.772,502.131,118.012,517.171,0.973
2026-08-04T21:16:27.668-07:00,17168.638,ok,current_change,120.487,3.743,499.817,107.599,512.543,0.977
2026-08-04T21:16:28.674-07:00,17169.644,ok,current_change,120.516,3.763,504.444,108.756,517.171,0.978
2026-08-04T21:16:30.687-07:00,17171.657,ok,current_change,120.487,3.801,509.072,108.756,520.642,0.978
2026-08-04T21:16:32.699-07:00,17173.669,ok,current_change,120.536,3.777,504.444,113.384,517.171,0.975
2026-08-04T21:16:34.711-07:00,17175.681,ok,current_change,120.565,3.801,509.072,108.756,520.642,0.978
2026-08-04T21:16:36.724-07:00,17177.694,ok,current_change,120.585,3.821,506.758,113.384,519.485,0.975
2026-08-04T21:16:37.730-07:00,17178.700,ok,current_change,120.478,3.795,504.444,119.169,519.485,0.973
2026-08-04T21:16:38.739-07:00,17179.709,ok,current_change,120.575,3.830,511.386,119.169,522.956,0.973
2026-08-04T21:16:39.745-07:00,17180.715,ok,current_change,120.487,3.766,502.131,113.384,516.014,0.975
2026-08-04T21:16:40.752-07:00,17181.722,ok,current_change,120.633,3.794,509.072,108.756,520.642,0.978
2026-08-04T21:16:42.764-07:00,17183.734,ok,current_change,120.624,3.812,511.386,108.756,522.956,0.978
2026-08-04T21:16:43.772-07:00,17184.742,ok,current_change,120.633,3.794,506.758,113.384,519.485,0.978
2026-08-04T21:16:45.784-07:00,17186.754,ok,current_change,120.614,3.770,504.444,113.384,517.171,0.975
2026-08-04T21:16:46.791-07:00,17187.761,ok,current_change,120.604,3.803,509.072,114.541,521.799,0.976
2026-08-04T21:16:48.803-07:00,17189.773,ok,current_change,120.555,3.783,504.444,113.384,518.328,0.975
2026-08-04T21:16:49.811-07:00,17190.781,ok,current_change,120.439,3.804,506.758,113.384,520.642,0.975
2026-08-04T21:16:52.829-07:00,17193.799,ok,current_change,120.546,3.788,504.444,119.169,519.485,0.973
2026-08-04T21:16:53.836-07:00,17194.806,ok,current_change,120.565,3.770,504.444,113.384,517.171,0.975
2026-08-04T21:16:54.844-07:00,17195.814,ok,current_change,120.575,3.786,506.758,108.756,519.485,0.978
2026-08-04T21:16:55.850-07:00,17196.820,ok,current_change,120.507,3.765,504.444,107.599,516.014,0.978
2026-08-04T21:16:58.868-07:00,17199.838,ok,current_change,120.487,3.795,506.758,108.756,519.485,0.978
2026-08-04T21:17:05.910-07:00,17206.880,ok,current_change,120.624,3.826,511.386,114.541,524.113,0.976
2026-08-04T21:17:08.925-07:00,17209.899,ok,current_change,120.614,3.797,506.758,113.384,520.642,0.975
2026-08-04T21:17:11.933-07:00,17212.906,ok,current_change,120.380,3.774,504.444,107.599,516.014,0.978
2026-08-04T21:17:13.941-07:00,17214.911,ok,current_change,120.448,3.794,506.758,113.384,519.485,0.975
2026-08-04T21:17:15.956-07:00,17216.926,ok,current_change,120.624,3.819,509.072,119.169,524.113,0.973
2026-08-04T21:17:16.962-07:00,17217.932,ok,current_change,120.604,3.781,506.758,108.756,518.328,0.978
2026-08-04T21:17:19.980-07:00,17220.950,ok,current_change,120.458,3.803,506.758,119.169,520.642,0.973
2026-08-04T21:17:24.004-07:00,17224.974,ok,current_change,120.507,3.783,504.444,118.012,518.328,0.973
2026-08-04T21:17:25.011-07:00,17225.981,ok,current_change,120.507,3.752,502.131,107.599,513.700,0.977
2026-08-04T21:17:26.020-07:00,17226.990,ok,current_change,120.526,3.777,504.444,108.756,517.171,0.978
2026-08-04T21:17:27.026-07:00,17227.996,ok,current_change,120.536,3.797,509.072,108.756,520.642,0.978
2026-08-04T21:17:28.033-07:00,17229.003,ok,current_change,120.448,3.824,509.072,108.756,520.642,0.978
2026-08-04T21:17:29.039-07:00,17230.009,ok,current_change,120.546,3.801,509.072,108.756,520.642,0.978
2026-08-04T21:17:31.052-07:00,17232.022,ok,current_change,120.468,3.783,504.444,113.384,518.328,0.975
2026-08-04T21:17:33.064-07:00,17234.034,ok,current_change,120.546,3.813,506.758,108.756,519.485,0.978
2026-08-04T21:17:41.111-07:00,17242.081,ok,current_change,120.507,3.850,513.700,119.169,525.270,0.976
2026-08-04T21:17:43.123-07:00,17244.093,ok,current_change,120.594,3.828,509.072,119.169,524.113,0.973
2026-08-04T21:17:44.130-07:00,17245.100,ok,current_change,120.565,3.851,511.386,119.169,525.270,0.973
2026-08-04T21:17:45.136-07:00,17246.106,ok,current_change,120.409,3.835,511.386,119.169,525.270,0.973
2026-08-04T21:17:48.155-07:00,17249.125,ok,current_change,120.643,3.799,509.072,108.756,520.642,0.978
2026-08-04T21:17:49.161-07:00,17250.131,ok,current_change,120.585,3.819,511.386,108.756,524.113,0.978
2026-08-04T21:17:53.185-07:00,17254.155,ok,current_change,120.546,3.799,509.072,108.756,520.642,0.978
2026-08-04T21:17:55.199-07:00,17256.169,ok,current_change,120.546,3.826,511.386,108.756,524.113,0.978
2026-08-04T21:17:56.206-07:00,17257.176,ok,current_change,120.585,3.804,509.072,114.541,521.799,0.976
2026-08-04T21:18:04.253-07:00,17265.223,ok,current_change,120.497,3.824,511.386,114.541,524.113,0.976
2026-08-04T21:18:05.259-07:00,17266.229,ok,current_change,120.458,3.888,516.014,108.756,527.584,0.978
2026-08-04T21:18:07.272-07:00,17268.242,ok,current_change,120.341,3.835,511.386,108.756,524.113,0.978
2026-08-04T21:18:14.311-07:00,17275.281,ok,current_change,120.565,3.868,516.014,120.326,529.898,0.974
2026-08-04T21:18:15.318-07:00,17276.288,ok,current_change,120.536,3.833,511.386,119.169,525.270,0.973
2026-08-04T21:18:16.324-07:00,17277.294,ok,current_change,120.507,3.799,506.758,113.384,525.270,0.976
2026-08-04T21:18:18.337-07:00,17279.307,ok,current_change,120.565,3.817,511.386,108.756,522.956,0.978
2026-08-04T21:18:19.343-07:00,17280.313,ok,current_change,120.536,3.795,509.072,108.756,521.799,0.978
2026-08-04T21:18:21.357-07:00,17282.327,ok,current_change,120.614,3.766,504.444,107.599,521.799,0.978
2026-08-04T21:18:22.364-07:00,17283.334,ok,current_change,120.585,3.815,511.386,108.756,522.956,0.978
2026-08-04T21:18:23.370-07:00,17284.340,ok,current_change,120.546,3.786,506.758,108.756,518.328,0.978
2026-08-04T21:18:29.406-07:00,17290.376,ok,current_change,120.468,3.812,506.758,113.384,519.485,0.975
2026-08-04T21:18:30.412-07:00,17291.382,ok,current_change,120.565,3.790,506.758,108.756,519.485,0.978
2026-08-04T21:18:31.419-07:00,17292.389,ok,current_change,120.419,3.806,506.758,113.384,520.642,0.975
2026-08-04T21:18:35.445-07:00,17296.415,ok,current_change,120.497,3.824,509.072,123.797,524.113,0.971
2026-08-04T21:18:36.451-07:00,17297.421,ok,current_change,120.439,3.790,504.444,119.169,519.485,0.973
2026-08-04T21:18:50.535-07:00,17311.505,ok,current_change,120.575,3.815,509.072,119.169,522.956,0.973
2026-08-04T21:18:51.541-07:00,17312.511,ok,current_change,120.633,3.799,506.758,119.169,520.642,0.973
2026-08-04T21:18:53.553-07:00,17314.523,ok,current_change,120.672,3.783,506.758,108.756,518.328,0.978
2026-08-04T21:18:58.583-07:00,17319.553,ok,current_change,120.507,3.761,502.131,107.599,514.857,0.977
2026-08-04T21:19:01.601-07:00,17322.571,ok,current_change,120.604,3.779,504.444,113.384,518.328,0.975
2026-08-04T21:19:05.625-07:00,17326.595,ok,current_change,120.497,3.877,516.014,120.326,529.898,0.976
2026-08-04T21:19:06.632-07:00,17327.602,ok,current_change,120.516,3.804,506.758,113.384,520.642,0.975
2026-08-04T21:19:10.646-07:00,17331.619,ok,current_change,120.507,3.783,506.758,108.756,518.328,0.978
2026-08-04T21:19:11.648-07:00,17332.622,ok,current_change,120.526,3.817,511.386,108.756,522.956,0.978
2026-08-04T21:19:12.651-07:00,17333.624,ok,current_change,120.555,3.799,509.072,108.756,520.642,0.978
2026-08-04T21:19:23.715-07:00,17344.685,ok,current_change,120.555,3.817,509.072,114.541,522.956,0.976
2026-08-04T21:19:27.739-07:00,17348.709,ok,current_change,120.604,3.783,506.758,108.756,518.328,0.975
2026-08-04T21:19:31.763-07:00,17352.733,ok,current_change,120.614,3.801,509.072,102.971,520.642,0.979
2026-08-04T21:19:38.804-07:00,17359.774,ok,current_change,120.555,3.819,511.386,108.756,522.956,0.978
2026-08-04T21:19:45.846-07:00,17366.816,ok,current_change,120.526,3.835,511.386,114.541,525.270,0.976
2026-08-04T21:19:46.852-07:00,17367.822,ok,current_change,120.555,3.817,509.072,114.541,522.956,0.976
2026-08-04T21:19:47.859-07:00,17368.829,ok,current_change,120.585,3.837,511.386,114.541,525.270,0.976
2026-08-04T21:19:49.871-07:00,17370.841,ok,current_change,120.633,3.853,513.700,120.326,528.741,0.974
2026-08-04T21:19:50.878-07:00,17371.848,ok,current_change,120.507,3.821,509.072,119.169,522.956,0.973
2026-08-04T21:19:51.886-07:00,17372.856,ok,current_change,120.575,3.841,511.386,119.169,526.427,0.973
2026-08-04T21:19:55.910-07:00,17376.880,ok,current_change,120.624,3.824,511.386,114.541,524.113,0.976
2026-08-04T21:19:59.936-07:00,17380.906,ok,current_change,120.653,3.806,509.072,108.756,521.799,0.978
2026-08-04T21:20:05.972-07:00,17386.942,ok,current_change,120.594,3.875,518.328,109.913,531.055,0.978
2026-08-04T21:20:06.979-07:00,17387.949,ok,current_change,120.546,3.828,511.386,108.756,524.113,0.978
2026-08-04T21:20:07.985-07:00,17388.955,ok,current_change,120.614,3.810,511.386,102.971,521.799,0.979
2026-08-04T21:20:11.995-07:00,17392.969,ok,current_change,120.478,3.833,513.700,108.756,525.270,0.978
2026-08-04T21:20:24.062-07:00,17405.032,ok,current_change,120.633,3.806,511.386,108.756,524.113,0.978
2026-08-04T21:20:31.103-07:00,17412.073,ok,current_change,120.653,3.832,511.386,114.541,525.270,0.976
2026-08-04T21:20:32.110-07:00,17413.080,ok,current_change,120.633,3.813,511.386,108.756,522.956,0.978
2026-08-04T21:20:37.139-07:00,17418.110,ok,current_change,120.653,3.844,511.386,124.954,525.270,0.973
2026-08-04T21:20:38.146-07:00,17419.116,ok,current_change,120.663,3.822,509.072,119.169,524.113,0.973
2026-08-04T21:20:39.152-07:00,17420.122,ok,current_change,120.633,3.839,511.386,123.797,526.427,0.971
2026-08-04T21:20:46.194-07:00,17427.164,ok,current_change,120.526,3.810,509.072,108.756,521.799,0.978
2026-08-04T21:20:49.212-07:00,17430.182,ok,current_change,120.400,3.830,511.386,108.756,524.113,0.978
2026-08-04T21:20:54.242-07:00,17435.212,ok,current_change,120.497,3.812,509.072,108.756,521.799,0.978
2026-08-04T21:20:56.255-07:00,17437.225,ok,current_change,120.594,3.832,513.700,108.756,525.270,0.978
2026-08-04T21:21:00.279-07:00,17441.249,ok,current_change,120.429,3.812,509.072,108.756,521.799,0.978
2026-08-04T21:21:14.344-07:00,17455.314,ok,current_change,120.653,3.830,511.386,114.541,525.270,0.976
2026-08-04T21:21:20.380-07:00,17461.350,ok,current_change,120.633,3.861,513.700,120.326,527.584,0.974
2026-08-04T21:21:21.387-07:00,17462.357,ok,current_change,120.731,3.837,511.386,119.169,526.427,0.973
2026-08-04T21:21:28.428-07:00,17469.399,ok,current_change,120.604,3.855,513.700,120.326,526.427,0.973
2026-08-04T21:21:29.435-07:00,17470.405,ok,current_change,120.555,3.837,511.386,119.169,525.270,0.973
2026-08-04T21:21:30.442-07:00,17471.412,ok,current_change,120.487,3.857,513.700,114.541,527.584,0.976
2026-08-04T21:21:31.448-07:00,17472.418,ok,current_change,120.497,3.839,511.386,119.169,525.270,0.973
2026-08-04T21:21:32.455-07:00,17473.425,ok,current_change,120.565,3.873,516.014,120.326,531.055,0.974
2026-08-04T21:21:33.461-07:00,17474.431,ok,current_change,120.487,3.839,513.700,124.954,528.741,0.971
2026-08-04T21:21:34.469-07:00,17475.439,ok,current_change,120.604,3.861,513.700,120.326,528.741,0.974
2026-08-04T21:21:35.475-07:00,17476.445,ok,current_change,120.604,3.835,511.386,114.541,527.584,0.971
2026-08-04T21:21:41.511-07:00,17482.481,ok,current_change,120.478,3.859,513.700,120.326,528.741,0.974
2026-08-04T21:21:43.523-07:00,17484.493,ok,current_change,120.516,3.828,511.386,114.541,525.270,0.973
2026-08-04T21:21:44.529-07:00,17485.499,ok,current_change,120.555,3.873,516.014,120.326,531.055,0.974
2026-08-04T21:21:45.536-07:00,17486.506,ok,current_change,120.614,3.832,511.386,119.169,525.270,0.973
2026-08-04T21:21:46.543-07:00,17487.512,ok,current_change,120.653,3.855,513.700,120.326,528.741,0.974
2026-08-04T21:21:47.551-07:00,17488.521,ok,current_change,120.663,3.835,511.386,119.169,526.427,0.973
2026-08-04T21:21:59.621-07:00,17500.591,ok,current_change,120.643,3.819,511.386,119.169,526.427,0.973
2026-08-04T21:22:00.628-07:00,17501.598,ok,current_change,120.555,3.844,513.700,114.541,526.427,0.976
2026-08-04T21:22:01.634-07:00,17502.604,ok,current_change,120.468,3.826,511.386,114.541,526.427,0.973
2026-08-04T21:22:02.641-07:00,17503.611,ok,current_change,120.458,3.855,513.700,119.169,527.584,0.974
2026-08-04T21:22:05.659-07:00,17506.629,ok,current_change,120.594,3.886,518.328,120.326,532.212,0.974
2026-08-04T21:22:06.666-07:00,17507.636,ok,current_change,120.604,3.862,513.700,124.954,529.898,0.971
2026-08-04T21:22:09.677-07:00,17510.651,ok,current_change,120.439,3.841,511.386,119.169,525.270,0.973
2026-08-04T21:22:10.680-07:00,17511.653,ok,current_change,120.526,3.862,513.700,120.326,528.741,0.974
2026-08-04T21:22:11.683-07:00,17512.656,ok,current_change,120.585,3.844,511.386,119.169,526.427,0.973
2026-08-04T21:22:12.685-07:00,17513.659,ok,current_change,120.575,3.868,516.014,120.326,529.898,0.974
2026-08-04T21:22:25.761-07:00,17526.731,ok,current_change,120.624,3.850,513.700,119.169,529.898,0.976
2026-08-04T21:22:26.768-07:00,17527.738,ok,current_change,120.604,3.871,516.014,120.326,531.055,0.974
2026-08-04T21:22:27.774-07:00,17528.744,ok,current_change,120.468,3.841,511.386,119.169,526.427,0.973
2026-08-04T21:22:28.781-07:00,17529.751,ok,current_change,120.624,3.861,516.014,114.541,528.741,0.976
2026-08-04T21:22:32.805-07:00,17533.775,ok,current_change,120.516,3.842,513.700,114.541,526.427,0.976
2026-08-04T21:22:34.817-07:00,17535.787,ok,current_change,120.594,3.861,516.014,109.913,528.741,0.978
2026-08-04T21:22:36.830-07:00,17537.800,ok,current_change,119.795,3.877,516.014,108.756,527.584,0.978
2026-08-04T21:22:38.842-07:00,17539.812,ok,current_change,119.805,3.855,511.386,114.541,525.270,0.976
2026-08-04T21:22:39.849-07:00,17540.819,ok,current_change,119.844,3.871,516.014,108.756,527.584,0.978
2026-08-04T21:22:47.895-07:00,17548.866,ok,current_change,119.825,3.899,516.014,120.326,531.055,0.974
2026-08-04T21:22:48.902-07:00,17549.872,ok,current_change,119.864,3.877,513.700,120.326,528.741,0.974
2026-08-04T21:22:51.920-07:00,17552.890,ok,current_change,119.864,3.859,513.700,114.541,526.427,0.978
2026-08-04T21:22:53.932-07:00,17554.902,ok,current_change,119.873,3.877,516.014,114.541,528.741,0.976
2026-08-04T21:22:58.975-07:00,17559.945,ok,current_change,119.864,3.857,513.700,102.971,525.270,0.979
2026-08-04T21:23:00.987-07:00,17561.957,ok,current_change,119.834,3.882,516.014,114.541,528.741,0.976
2026-08-04T21:23:05.011-07:00,17565.981,ok,current_change,119.834,3.902,518.328,120.326,532.212,0.974
2026-08-04T21:23:07.023-07:00,17567.993,ok,current_change,119.815,3.864,513.700,108.756,526.427,0.978
2026-08-04T21:23:16.076-07:00,17577.046,ok,current_change,119.873,3.880,516.014,114.541,528.741,0.976
2026-08-04T21:23:26.135-07:00,17587.105,ok,current_change,119.971,3.864,513.700,114.541,527.584,0.976
2026-08-04T21:23:33.176-07:00,17594.146,ok,current_change,119.932,3.882,516.014,120.326,529.898,0.974
2026-08-04T21:23:42.229-07:00,17603.199,ok,current_change,119.766,3.861,513.700,108.756,525.270,0.978
2026-08-04T21:23:49.270-07:00,17610.240,ok,current_change,119.503,3.879,513.700,119.169,527.584,0.974
2026-08-04T21:23:50.277-07:00,17611.247,ok,current_change,119.600,3.900,516.014,114.541,529.898,0.976
2026-08-04T21:23:53.295-07:00,17614.265,ok,current_change,119.708,3.875,516.014,108.756,527.584,0.978
2026-08-04T21:23:57.319-07:00,17618.289,ok,current_change,119.610,3.891,518.328,104.128,528.741,0.979
2026-08-04T21:23:58.325-07:00,17619.295,ok,current_change,119.669,3.873,516.014,108.756,527.584,0.978
2026-08-04T21:24:00.337-07:00,17621.308,ok,current_change,119.688,3.857,513.700,108.756,526.427,0.978
2026-08-04T21:24:01.344-07:00,17622.314,ok,current_change,119.688,3.879,513.700,114.541,527.584,0.976
2026-08-04T21:24:03.356-07:00,17624.326,ok,current_change,119.659,3.897,516.014,120.326,529.898,0.974
2026-08-04T21:24:05.369-07:00,17626.339,ok,current_change,119.698,3.913,518.328,114.541,532.212,0.976
2026-08-04T21:24:06.375-07:00,17627.345,ok,current_change,119.708,3.871,516.014,108.756,527.584,0.978
2026-08-04T21:24:08.384-07:00,17629.358,ok,current_change,119.600,3.888,516.014,114.541,528.741,0.976
2026-08-04T21:24:13.402-07:00,17634.372,ok,current_change,119.717,3.870,513.700,108.756,527.584,0.976
2026-08-04T21:24:14.411-07:00,17635.381,ok,current_change,119.717,3.891,516.014,114.541,529.898,0.976
2026-08-04T21:24:20.446-07:00,17641.416,ok,current_change,119.552,3.913,518.328,114.541,532.212,0.976
2026-08-04T21:24:21.453-07:00,17642.423,ok,current_change,120.478,3.880,518.328,109.913,531.055,0.978
2026-08-04T21:24:22.459-07:00,17643.429,ok,current_change,120.487,3.864,516.014,109.913,528.741,0.978
2026-08-04T21:24:29.500-07:00,17650.470,ok,current_change,120.575,3.891,520.642,115.698,534.526,0.976
2026-08-04T21:24:31.513-07:00,17652.483,ok,current_change,120.546,3.920,522.956,120.326,536.840,0.974
2026-08-04T21:24:35.537-07:00,17656.507,ok,current_change,120.468,3.884,518.328,114.541,532.212,0.976
2026-08-04T21:24:42.578-07:00,17663.548,ok,current_change,120.546,3.906,522.956,109.913,534.526,0.978
2026-08-04T21:24:43.584-07:00,17664.554,ok,current_change,120.419,3.890,522.956,109.913,534.526,0.978
2026-08-04T21:24:45.597-07:00,17666.567,ok,current_change,120.478,3.864,516.014,109.913,528.741,0.978
2026-08-04T21:24:46.603-07:00,17667.573,ok,current_change,120.497,3.880,518.328,109.913,531.055,0.978
2026-08-04T21:24:47.610-07:00,17668.580,ok,current_change,120.468,3.899,520.642,109.913,533.369,0.978
2026-08-04T21:25:03.705-07:00,17684.675,ok,current_change,120.448,3.929,522.956,126.111,537.997,0.972
2026-08-04T21:25:04.711-07:00,17685.681,ok,current_change,120.468,3.911,520.642,120.326,535.683,0.974
2026-08-04T21:25:05.718-07:00,17686.688,ok,current_change,120.468,3.937,525.270,121.483,539.154,0.974
2026-08-04T21:25:06.724-07:00,17687.694,ok,current_change,120.400,3.904,520.642,115.698,534.526,0.976
2026-08-04T21:25:08.737-07:00,17689.707,ok,current_change,120.409,3.888,520.642,109.913,532.212,0.978
2026-08-04T21:25:10.749-07:00,17691.719,ok,current_change,120.507,3.926,525.270,115.698,537.997,0.976
2026-08-04T21:25:11.756-07:00,17692.726,ok,current_change,120.419,3.891,520.642,109.913,532.212,0.978
2026-08-04T21:25:15.779-07:00,17696.750,ok,current_change,120.341,3.929,522.956,120.326,536.840,0.974
2026-08-04T21:25:17.793-07:00,17698.763,ok,current_change,120.214,3.909,520.642,115.698,534.526,0.976
2026-08-04T21:25:21.817-07:00,17702.787,ok,current_change,120.419,3.882,518.328,109.913,531.055,0.978
2026-08-04T21:25:25.843-07:00,17706.813,ok,current_change,120.253,3.904,518.328,120.326,533.369,0.974
2026-08-04T21:25:38.919-07:00,17719.889,ok,current_change,120.351,3.940,522.956,120.326,536.840,0.974
2026-08-04T21:25:39.926-07:00,17720.896,ok,current_change,120.390,3.908,520.642,115.698,534.526,0.976
2026-08-04T21:25:47.973-07:00,17728.943,ok,current_change,120.419,3.926,522.956,115.698,536.840,0.976
2026-08-04T21:25:56.020-07:00,17736.990,ok,current_change,120.322,3.908,522.956,109.913,534.526,0.978
2026-08-04T21:25:58.032-07:00,17739.002,ok,current_change,120.361,3.937,522.956,120.326,537.997,0.974
2026-08-04T21:26:01.051-07:00,17742.021,ok,current_change,120.195,3.920,522.956,115.698,535.683,0.976
2026-08-04T21:26:07.088-07:00,17748.058,ok,current_change,120.263,3.900,520.642,115.698,533.369,0.976
2026-08-04T21:26:08.095-07:00,17749.065,ok,current_change,120.409,3.920,522.956,120.326,537.997,0.974
2026-08-04T21:26:09.098-07:00,17750.072,ok,current_change,120.380,3.937,522.956,120.326,537.997,0.974
2026-08-04T21:26:11.103-07:00,17752.077,ok,current_change,120.370,3.902,520.642,109.913,533.369,0.978
2026-08-04T21:26:19.147-07:00,17760.117,ok,current_change,120.390,3.926,522.956,120.326,536.840,0.974
2026-08-04T21:26:21.159-07:00,17762.129,ok,current_change,120.380,3.904,520.642,115.698,534.526,0.976
2026-08-04T21:26:28.201-07:00,17769.171,ok,current_change,120.166,3.928,520.642,126.111,536.840,0.972
2026-08-04T21:26:31.219-07:00,17772.189,ok,current_change,120.205,3.899,520.642,109.913,532.212,0.978
2026-08-04T21:26:33.231-07:00,17774.201,ok,current_change,120.341,3.926,525.270,109.913,536.840,0.978
2026-08-04T21:26:45.301-07:00,17786.271,ok,current_change,120.439,3.895,522.956,115.698,535.683,0.976
2026-08-04T21:26:46.308-07:00,17787.278,ok,current_change,120.478,3.933,522.956,120.326,537.997,0.974
2026-08-04T21:26:51.338-07:00,17792.308,ok,current_change,120.419,3.913,522.956,109.913,535.683,0.978
2026-08-04T21:26:53.350-07:00,17794.320,ok,current_change,120.409,3.931,525.270,109.913,537.997,0.978
2026-08-04T21:26:56.368-07:00,17797.338,ok,current_change,120.400,3.949,525.270,121.483,540.311,0.974
2026-08-04T21:26:57.376-07:00,17798.346,ok,current_change,120.400,3.933,525.270,115.698,537.997,0.976
2026-08-04T21:27:03.412-07:00,17804.382,ok,current_change,120.419,3.915,525.270,115.698,539.154,0.976
2026-08-04T21:27:04.418-07:00,17805.388,ok,current_change,120.400,3.944,525.270,121.483,539.154,0.974
2026-08-04T21:27:05.425-07:00,17806.395,ok,current_change,120.400,3.973,529.898,121.483,542.625,0.976
2026-08-04T21:27:06.431-07:00,17807.401,ok,current_change,120.409,3.929,525.270,115.698,537.997,0.976
2026-08-04T21:27:13.473-07:00,17814.443,ok,current_change,120.390,3.958,525.270,121.483,539.154,0.976
2026-08-04T21:27:14.479-07:00,17815.449,ok,current_change,120.302,3.933,525.270,115.698,537.997,0.976
2026-08-04T21:27:30.573-07:00,17831.543,ok,current_change,120.058,3.904,520.642,109.913,532.212,0.978
2026-08-04T21:27:31.582-07:00,17832.552,ok,current_change,120.058,3.922,522.956,115.698,535.683,0.976
2026-08-04T21:27:35.605-07:00,17836.576,ok,current_change,119.971,3.957,525.270,121.483,539.154,0.974
2026-08-04T21:27:36.614-07:00,17837.584,ok,current_change,120.039,3.940,522.956,120.326,536.840,0.976
2026-08-04T21:27:42.649-07:00,17843.619,ok,current_change,120.010,3.960,525.270,121.483,540.311,0.974
2026-08-04T21:27:44.661-07:00,17845.632,ok,current_change,120.029,3.928,522.956,109.913,535.683,0.978
2026-08-04T21:27:46.674-07:00,17847.644,ok,current_change,120.088,3.949,527.584,111.070,539.154,0.979
2026-08-04T21:27:47.680-07:00,17848.650,ok,current_change,120.049,3.926,522.956,109.913,535.683,0.978
2026-08-04T21:27:48.688-07:00,17849.658,ok,current_change,120.088,3.958,527.584,115.698,540.311,0.976
2026-08-04T21:27:50.700-07:00,17851.670,ok,current_change,120.146,3.940,525.270,115.698,537.997,0.976
2026-08-04T21:27:55.730-07:00,17856.700,ok,current_change,120.107,3.962,525.270,121.483,540.311,0.974
2026-08-04T21:27:58.748-07:00,17859.718,ok,current_change,120.117,3.933,525.270,109.913,536.840,0.978
2026-08-04T21:28:03.778-07:00,17864.748,ok,current_change,120.019,3.951,525.270,121.483,539.154,0.974
2026-08-04T21:28:04.785-07:00,17865.755,ok,current_change,119.961,3.933,522.956,115.698,536.840,0.976
2026-08-04T21:28:09.815-07:00,17870.785,ok,current_change,120.088,3.960,525.270,121.483,540.311,0.974
2026-08-04T21:28:10.821-07:00,17871.792,ok,current_change,120.068,3.944,525.270,115.698,537.997,0.976
2026-08-04T21:28:16.857-07:00,17877.827,ok,current_change,120.068,3.964,525.270,121.483,540.311,0.974
2026-08-04T21:28:20.881-07:00,17881.851,ok,current_change,120.097,3.942,525.270,109.913,537.997,0.978
2026-08-04T21:28:23.899-07:00,17884.869,ok,current_change,120.097,3.969,527.584,115.698,541.468,0.976
2026-08-04T21:28:24.906-07:00,17885.876,ok,current_change,120.088,3.946,525.270,109.913,537.997,0.978
2026-08-04T21:28:25.912-07:00,17886.882,ok,current_change,120.097,3.964,527.584,115.698,539.154,0.976
2026-08-04T21:28:27.924-07:00,17888.894,ok,current_change,120.088,3.935,525.270,109.913,536.840,0.978
2026-08-04T21:28:28.931-07:00,17889.901,ok,current_change,120.097,3.958,527.584,121.483,542.625,0.974
2026-08-04T21:28:31.951-07:00,17892.921,ok,current_change,120.166,3.937,525.270,115.698,537.997,0.976
2026-08-04T21:28:35.975-07:00,17896.945,ok,current_change,120.156,3.955,525.270,126.111,540.311,0.972
2026-08-04T21:28:39.999-07:00,17900.969,ok,current_change,120.097,3.931,525.270,109.913,536.840,0.978
2026-08-04T21:28:41.005-07:00,17901.975,ok,current_change,120.097,3.951,525.270,115.698,539.154,0.976
2026-08-04T21:28:48.049-07:00,17909.019,ok,current_change,119.971,3.982,527.584,121.483,542.625,0.974
2026-08-04T21:28:49.055-07:00,17910.025,ok,current_change,119.922,3.966,527.584,111.070,540.311,0.979
2026-08-04T21:29:00.119-07:00,17921.090,ok,current_change,119.922,3.989,529.898,121.483,543.782,0.974
2026-08-04T21:29:01.125-07:00,17922.096,ok,current_change,119.922,3.957,527.584,111.070,539.154,0.979
2026-08-04T21:29:03.137-07:00,17924.107,ok,current_change,120.019,3.973,529.898,111.070,541.468,0.979
2026-08-04T21:29:04.144-07:00,17925.114,ok,current_change,120.058,3.942,525.270,109.913,537.997,0.978
2026-08-04T21:29:05.150-07:00,17926.120,ok,current_change,120.039,3.969,527.584,121.483,541.468,0.974
2026-08-04T21:29:07.164-07:00,17928.134,ok,current_change,120.068,3.944,525.270,115.698,539.154,0.976
2026-08-04T21:29:10.172-07:00,17931.145,ok,current_change,120.000,3.960,527.584,115.698,540.311,0.976
2026-08-04T21:29:17.217-07:00,17938.187,ok,current_change,120.166,3.991,529.898,121.483,544.939,0.974
2026-08-04T21:29:18.224-07:00,17939.194,ok,current_change,120.175,3.971,529.898,115.698,542.625,0.976
2026-08-04T21:29:29.288-07:00,17950.258,ok,current_change,120.185,3.989,529.898,121.483,543.782,0.977
2026-08-04T21:29:30.295-07:00,17951.265,ok,current_change,120.234,3.960,529.898,111.070,541.468,0.979
2026-08-04T21:29:34.319-07:00,17955.289,ok,current_change,120.205,3.982,529.898,121.483,543.782,0.974
2026-08-04T21:29:35.327-07:00,17956.297,ok,current_change,120.205,3.964,527.584,115.698,541.468,0.976
2026-08-04T21:29:36.334-07:00,17957.304,ok,current_change,120.175,3.946,525.270,115.698,539.154,0.976
2026-08-04T21:29:37.340-07:00,17958.310,ok,current_change,120.292,3.978,532.212,111.070,543.782,0.979
2026-08-04T21:29:38.347-07:00,17959.317,ok,current_change,120.175,3.953,527.584,111.070,540.311,0.979
2026-08-04T21:29:39.353-07:00,17960.323,ok,current_change,120.156,3.969,527.584,115.698,541.468,0.976
2026-08-04T21:29:43.378-07:00,17964.348,ok,current_change,120.175,3.953,527.584,115.698,540.311,0.976
2026-08-04T21:29:46.396-07:00,17967.367,ok,current_change,120.156,3.975,527.584,121.483,542.625,0.976
2026-08-04T21:29:48.409-07:00,17969.379,ok,current_change,120.253,3.955,527.584,115.698,540.311,0.976
2026-08-04T21:29:51.427-07:00,17972.397,ok,current_change,120.214,3.991,529.898,121.483,544.939,0.974
2026-08-04T21:29:52.434-07:00,17973.404,ok,current_change,120.224,3.964,529.898,111.070,541.468,0.979
2026-08-04T21:29:56.458-07:00,17977.428,ok,current_change,120.224,3.991,529.898,121.483,543.782,0.974
2026-08-04T21:29:57.465-07:00,17978.435,ok,current_change,120.253,3.957,527.584,115.698,540.311,0.976
2026-08-04T21:29:58.472-07:00,17979.442,ok,current_change,120.263,3.973,529.898,115.698,542.625,0.976
2026-08-04T21:30:01.490-07:00,17982.460,ok,current_change,120.146,3.995,532.212,116.855,546.096,0.974
2026-08-04T21:30:05.515-07:00,17986.485,ok,current_change,120.253,4.018,536.840,111.070,548.410,0.979
2026-08-04T21:30:06.522-07:00,17987.492,ok,current_change,120.263,3.991,532.212,116.855,546.096,0.974
2026-08-04T21:30:10.537-07:00,17991.510,ok,current_change,120.253,3.957,529.898,111.070,541.468,0.979
2026-08-04T21:30:11.539-07:00,17992.513,ok,current_change,120.283,3.975,529.898,111.070,542.625,0.979
2026-08-04T21:30:12.542-07:00,17993.515,ok,current_change,120.253,4.002,532.212,121.483,546.096,0.974
2026-08-04T21:30:13.548-07:00,17994.518,ok,current_change,120.263,3.982,529.898,116.855,543.782,0.977
2026-08-04T21:30:14.555-07:00,17995.525,ok,current_change,120.253,3.960,532.212,111.070,543.782,0.979
2026-08-04T21:30:16.567-07:00,17997.537,ok,current_change,120.234,3.984,532.212,111.070,543.782,0.979
2026-08-04T21:30:19.586-07:00,18000.556,ok,current_change,120.205,3.953,529.898,111.070,541.468,0.979
2026-08-04T21:30:20.593-07:00,18001.563,ok,current_change,120.234,3.973,529.898,115.698,542.625,0.976
2026-08-04T21:30:22.605-07:00,18003.575,ok,current_change,120.224,3.995,529.898,127.268,546.096,0.972
2026-08-04T21:30:24.618-07:00,18005.588,ok,current_change,120.273,3.971,529.898,116.855,543.782,0.977
2026-08-04T21:30:27.636-07:00,18008.606,ok,current_change,120.127,4.004,532.212,121.483,546.096,0.974
2026-08-04T21:30:29.648-07:00,18010.618,ok,current_change,120.166,3.980,529.898,116.855,543.782,0.977
2026-08-04T21:30:32.666-07:00,18013.636,ok,current_change,120.166,3.996,529.898,127.268,546.096,0.972
2026-08-04T21:30:37.697-07:00,18018.667,ok,current_change,120.117,4.015,532.212,121.483,547.253,0.975
2026-08-04T21:30:39.711-07:00,18020.681,ok,current_change,120.175,3.996,532.212,116.855,546.096,0.977
2026-08-04T21:30:53.793-07:00,18034.763,ok,current_change,120.292,3.975,529.898,115.698,542.625,0.976
2026-08-04T21:30:56.811-07:00,18037.781,ok,current_change,120.292,4.011,532.212,127.268,548.410,0.972
2026-08-04T21:30:57.818-07:00,18038.788,ok,current_change,120.409,3.980,532.212,116.855,544.939,0.977
2026-08-04T21:31:00.836-07:00,18041.806,ok,current_change,120.253,3.964,527.584,115.698,541.468,0.976
2026-08-04T21:31:01.842-07:00,18042.812,ok,current_change,120.263,4.000,532.212,121.483,546.096,0.974
2026-08-04T21:31:03.855-07:00,18044.825,ok,current_change,120.214,3.978,529.898,116.855,543.782,0.977
2026-08-04T21:31:04.861-07:00,18045.831,ok,current_change,120.088,3.996,532.212,111.070,544.939,0.979
2026-08-04T21:31:07.879-07:00,18048.849,ok,current_change,120.146,3.980,532.212,111.070,543.782,0.979
2026-08-04T21:31:10.887-07:00,18051.861,ok,current_change,120.175,4.015,532.212,127.268,548.410,0.972
2026-08-04T21:31:13.898-07:00,18054.868,ok,current_change,120.185,3.995,532.212,111.070,544.939,0.979
2026-08-04T21:31:15.912-07:00,18056.882,ok,current_change,120.156,4.022,534.526,121.483,548.410,0.975
2026-08-04T21:31:17.924-07:00,18058.894,ok,current_change,120.351,3.998,534.526,111.070,547.253,0.979
2026-08-04T21:31:19.936-07:00,18060.906,ok,current_change,120.322,4.015,534.526,116.855,548.410,0.977
2026-08-04T21:31:21.949-07:00,18062.919,ok,current_change,120.331,3.996,532.212,116.855,546.096,0.977
2026-08-04T21:31:24.967-07:00,18065.937,ok,current_change,120.273,4.024,534.526,122.640,549.567,0.975
2026-08-04T21:31:26.981-07:00,18067.951,ok,current_change,120.253,4.007,534.526,116.855,547.253,0.977
2026-08-04T21:31:31.005-07:00,18071.975,ok,current_change,120.244,3.984,532.212,111.070,543.782,0.979
2026-08-04T21:31:35.029-07:00,18075.999,ok,current_change,120.234,4.004,532.212,121.483,547.253,0.975
2026-08-04T21:31:37.041-07:00,18078.011,ok,current_change,120.205,3.964,529.898,111.070,541.468,0.979
2026-08-04T21:31:38.048-07:00,18079.018,ok,current_change,120.185,3.996,532.212,116.855,546.096,0.974
2026-08-04T21:31:43.078-07:00,18084.048,ok,current_change,120.166,4.034,536.840,122.640,550.724,0.975
2026-08-04T21:31:44.084-07:00,18085.054,ok,current_change,120.205,4.000,534.526,111.070,546.096,0.979
2026-08-04T21:31:48.108-07:00,18089.078,ok,current_change,120.195,4.034,536.840,122.640,550.724,0.975
2026-08-04T21:31:49.116-07:00,18090.086,ok,current_change,120.214,4.000,532.212,116.855,546.096,0.977
2026-08-04T21:31:51.128-07:00,18092.098,ok,current_change,120.195,4.020,532.212,116.855,546.096,0.977
2026-08-04T21:31:55.152-07:00,18096.122,ok,current_change,120.419,4.000,534.526,111.070,547.253,0.979
2026-08-04T21:31:56.159-07:00,18097.128,ok,current_change,120.331,4.025,534.526,127.268,550.724,0.973
2026-08-04T21:31:58.171-07:00,18099.141,ok,current_change,120.331,4.004,534.526,116.855,547.253,0.977
2026-08-04T21:32:01.189-07:00,18102.159,ok,current_change,120.283,4.025,534.526,122.640,550.724,0.973
2026-08-04T21:32:02.196-07:00,18103.166,ok,current_change,120.244,3.998,534.526,111.070,546.096,0.979
2026-08-04T21:32:04.208-07:00,18105.178,ok,current_change,120.273,4.022,536.840,111.070,549.567,0.979
2026-08-04T21:32:05.215-07:00,18106.185,ok,current_change,120.273,4.065,539.154,127.268,555.352,0.973
2026-08-04T21:32:06.221-07:00,18107.191,ok,current_change,120.292,4.020,539.154,112.227,550.724,0.979
2026-08-04T21:32:08.233-07:00,18109.205,ok,current_change,120.302,4.004,534.526,111.070,547.253,0.979
2026-08-04T21:32:09.239-07:00,18110.209,ok,current_change,120.292,4.044,536.840,122.640,551.881,0.975
2026-08-04T21:32:10.245-07:00,18111.215,ok,current_change,120.312,4.013,534.526,121.483,548.410,0.975
2026-08-04T21:32:11.252-07:00,18112.222,ok,current_change,120.312,3.995,534.526,116.855,548.410,0.977
2026-08-04T21:32:14.272-07:00,18115.242,ok,current_change,120.292,4.038,536.840,122.640,551.881,0.975
2026-08-04T21:32:15.278-07:00,18116.248,ok,current_change,120.283,3.996,534.526,111.070,546.096,0.979
2026-08-04T21:32:17.291-07:00,18118.261,ok,current_change,120.312,4.015,536.840,111.070,548.410,0.979
2026-08-04T21:32:21.315-07:00,18122.285,ok,current_change,120.312,3.993,532.212,116.855,546.096,0.977
2026-08-04T21:32:22.321-07:00,18123.291,ok,current_change,120.292,4.016,534.526,116.855,548.410,0.977
2026-08-04T21:32:25.341-07:00,18126.311,ok,current_change,120.205,3.996,532.212,116.855,546.096,0.977
2026-08-04T21:32:27.354-07:00,18128.324,ok,current_change,120.322,4.018,534.526,127.268,549.567,0.972
2026-08-04T21:32:28.361-07:00,18129.331,ok,current_change,120.195,3.989,532.212,111.070,544.939,0.979
2026-08-04T21:32:31.379-07:00,18132.349,ok,current_change,120.244,4.009,532.212,121.483,547.253,0.975
2026-08-04T21:32:34.398-07:00,18135.368,ok,current_change,120.205,3.991,532.212,111.070,544.939,0.979
2026-08-04T21:32:35.404-07:00,18136.374,ok,current_change,120.205,4.016,534.526,121.483,549.567,0.975
2026-08-04T21:32:39.428-07:00,18140.398,ok,current_change,120.283,3.996,532.212,116.855,546.096,0.977
2026-08-04T21:32:40.438-07:00,18141.408,ok,current_change,120.244,4.040,534.526,122.640,549.567,0.975
2026-08-04T21:32:41.444-07:00,18142.414,ok,current_change,120.341,4.002,534.526,116.855,547.253,0.977
2026-08-04T21:32:44.463-07:00,18145.433,ok,current_change,120.302,4.025,534.526,122.640,549.567,0.975
2026-08-04T21:32:45.472-07:00,18146.443,ok,current_change,120.312,4.007,534.526,111.070,547.253,0.979
2026-08-04T21:32:48.491-07:00,18149.461,ok,current_change,120.331,4.027,534.526,127.268,550.724,0.973
2026-08-04T21:32:51.509-07:00,18152.479,ok,current_change,120.263,4.009,534.526,111.070,547.253,0.979
2026-08-04T21:32:56.539-07:00,18157.509,ok,current_change,120.283,4.042,536.840,122.640,551.881,0.975
2026-08-04T21:32:57.548-07:00,18158.518,ok,current_change,120.292,4.022,536.840,116.855,549.567,0.977
2026-08-04T21:33:01.572-07:00,18162.542,ok,current_change,120.322,4.040,536.840,122.640,551.881,0.975
2026-08-04T21:33:03.587-07:00,18164.557,ok,current_change,120.283,4.005,534.526,111.070,547.253,0.979
2026-08-04T21:33:04.594-07:00,18165.564,ok,current_change,120.283,4.024,536.840,116.855,549.567,0.977
2026-08-04T21:33:05.600-07:00,18166.570,ok,current_change,120.331,4.096,546.096,123.797,559.980,0.975
2026-08-04T21:33:06.607-07:00,18167.577,ok,current_change,120.331,4.016,536.840,111.070,548.410,0.979
2026-08-04T21:33:09.622-07:00,18170.595,ok,current_change,120.380,4.033,536.840,127.268,551.881,0.973
2026-08-04T21:33:10.624-07:00,18171.598,ok,current_change,120.273,4.005,534.526,116.855,547.253,0.977
2026-08-04T21:33:12.629-07:00,18173.603,ok,current_change,120.400,4.025,539.154,112.227,550.724,0.979
2026-08-04T21:33:16.653-07:00,18177.623,ok,current_change,120.409,4.005,534.526,111.070,547.253,0.979
2026-08-04T21:33:22.689-07:00,18183.659,ok,current_change,120.322,4.022,534.526,122.640,549.567,0.975
2026-08-04T21:33:24.701-07:00,18185.671,ok,current_change,120.361,4.000,534.526,116.855,547.253,0.977
2026-08-04T21:33:26.713-07:00,18187.684,ok,current_change,120.331,4.025,534.526,127.268,550.724,0.973
2026-08-04T21:33:29.732-07:00,18190.702,ok,current_change,120.312,3.991,532.212,111.070,544.939,0.979
2026-08-04T21:33:30.738-07:00,18191.708,ok,current_change,120.292,4.044,536.840,122.640,551.881,0.973
2026-08-04T21:33:31.745-07:00,18192.715,ok,current_change,120.322,4.011,534.526,116.855,548.410,0.977
2026-08-04T21:33:34.766-07:00,18195.736,ok,current_change,120.195,4.029,534.526,122.640,549.567,0.975
2026-08-04T21:33:37.784-07:00,18198.754,ok,current_change,120.351,4.011,536.840,111.070,548.410,0.979
2026-08-04T21:33:38.793-07:00,18199.763,ok,current_change,120.331,4.029,534.526,127.268,550.724,0.973
2026-08-04T21:33:39.800-07:00,18200.770,ok,current_change,120.331,4.009,536.840,111.070,548.410,0.979
2026-08-04T21:33:40.806-07:00,18201.776,ok,current_change,120.361,4.025,536.840,111.070,548.410,0.979
2026-08-04T21:33:45.836-07:00,18206.806,ok,current_change,120.312,4.009,534.526,116.855,549.567,0.977
2026-08-04T21:33:46.842-07:00,18207.812,ok,current_change,120.146,4.047,536.840,122.640,551.881,0.975
2026-08-04T21:33:47.849-07:00,18208.819,ok,current_change,120.341,4.024,536.840,111.070,549.567,0.979
2026-08-04T21:33:54.890-07:00,18215.860,ok,current_change,120.253,4.058,539.154,127.268,554.195,0.973
2026-08-04T21:33:55.897-07:00,18216.867,ok,current_change,120.273,4.038,539.154,112.227,551.881,0.979
2026-08-04T21:33:58.915-07:00,18219.885,ok,current_change,120.331,4.056,539.154,122.640,554.195,0.975
2026-08-04T21:33:59.921-07:00,18220.892,ok,current_change,120.370,4.034,539.154,116.855,551.881,0.977
2026-08-04T21:34:01.934-07:00,18222.904,ok,current_change,120.253,4.015,536.840,111.070,548.410,0.979
2026-08-04T21:34:02.940-07:00,18223.910,ok,current_change,120.058,4.058,539.154,122.640,553.038,0.975
2026-08-04T21:34:03.947-07:00,18224.917,ok,current_change,120.244,4.033,539.154,112.227,550.724,0.979
2026-08-04T21:34:12.985-07:00,18233.959,ok,current_change,120.253,4.016,534.526,111.070,547.253,0.979
2026-08-04T21:34:13.992-07:00,18234.962,ok,current_change,120.273,4.053,539.154,122.640,553.038,0.975
2026-08-04T21:34:14.998-07:00,18235.968,ok,current_change,120.302,4.015,534.526,116.855,548.410,0.977
2026-08-04T21:34:16.005-07:00,18236.975,ok,current_change,120.283,4.034,534.526,116.855,548.410,0.977
2026-08-04T21:34:18.017-07:00,18238.987,ok,current_change,120.302,4.051,539.154,122.640,553.038,0.975
2026-08-04T21:34:20.041-07:00,18241.011,ok,current_change,120.331,4.016,536.840,111.070,548.410,0.979
2026-08-04T21:34:22.054-07:00,18243.024,ok,current_change,120.195,4.042,539.154,122.640,553.038,0.975
2026-08-04T21:34:23.060-07:00,18244.030,ok,current_change,120.302,4.015,536.840,111.070,548.410,0.979
2026-08-04T21:34:25.076-07:00,18246.046,ok,current_change,120.283,4.042,539.154,116.855,551.881,0.977
2026-08-04T21:34:27.088-07:00,18248.058,ok,current_change,120.292,4.016,534.526,116.855,548.410,0.977
2026-08-04T21:34:28.095-07:00,18249.065,ok,current_change,120.195,4.034,539.154,112.227,550.724,0.979
2026-08-04T21:34:33.128-07:00,18254.098,ok,current_change,120.175,4.054,539.154,122.640,553.038,0.975
2026-08-04T21:34:34.138-07:00,18255.108,ok,current_change,120.146,4.020,536.840,111.070,548.410,0.979
2026-08-04T21:34:36.150-07:00,18257.120,ok,current_change,120.253,4.040,539.154,116.855,551.881,0.977
2026-08-04T21:34:37.157-07:00,18258.127,ok,current_change,120.058,4.056,539.154,122.640,553.038,0.975
2026-08-04T21:34:38.163-07:00,18259.133,ok,current_change,120.253,4.040,539.154,116.855,551.881,0.977
2026-08-04T21:34:41.184-07:00,18262.154,ok,current_change,120.273,4.056,539.154,122.640,553.038,0.975
2026-08-04T21:34:43.196-07:00,18264.167,ok,current_change,120.224,4.038,539.154,116.855,551.881,0.977
2026-08-04T21:34:44.206-07:00,18265.176,ok,current_change,120.244,4.065,539.154,127.268,555.352,0.973
2026-08-04T21:34:46.219-07:00,18267.189,ok,current_change,120.117,4.040,539.154,112.227,550.724,0.979
2026-08-04T21:34:55.272-07:00,18276.242,ok,current_change,120.312,4.062,539.154,127.268,555.352,0.973
2026-08-04T21:34:56.278-07:00,18277.248,ok,current_change,120.205,4.033,539.154,112.227,550.724,0.979
2026-08-04T21:34:58.290-07:00,18279.261,ok,current_change,120.361,4.049,539.154,116.855,553.038,0.977
2026-08-04T21:35:02.315-07:00,18283.285,ok,current_change,120.214,4.031,536.840,122.640,556.509,0.973
2026-08-04T21:35:03.321-07:00,18284.291,ok,current_change,120.351,4.049,539.154,116.855,553.038,0.977
2026-08-04T21:35:04.328-07:00,18285.298,ok,current_change,120.273,4.033,536.840,116.855,550.724,0.977
2026-08-04T21:35:05.334-07:00,18286.304,ok,current_change,120.234,4.092,548.410,118.012,561.137,0.977
2026-08-04T21:35:06.341-07:00,18287.311,ok,current_change,120.107,4.053,536.840,127.268,553.038,0.973
2026-08-04T21:35:07.347-07:00,18288.317,ok,current_change,120.263,4.025,536.840,111.070,549.567,0.979
2026-08-04T21:35:09.356-07:00,18290.329,ok,current_change,120.302,4.042,539.154,116.855,551.881,0.977
2026-08-04T21:35:17.392-07:00,18298.362,ok,current_change,120.088,4.078,541.468,128.425,556.509,0.973
2026-08-04T21:35:18.399-07:00,18299.369,ok,current_change,120.185,4.038,539.154,112.227,550.724,0.979
2026-08-04T21:35:21.417-07:00,18302.387,ok,current_change,120.136,4.058,541.468,118.012,554.195,0.977
2026-08-04T21:35:31.476-07:00,18312.446,ok,current_change,120.283,4.076,541.468,122.640,556.509,0.975
2026-08-04T21:35:32.482-07:00,18313.452,ok,current_change,120.263,4.049,541.468,112.227,553.038,0.979
2026-08-04T21:35:46.564-07:00,18327.534,ok,current_change,120.185,4.031,536.840,116.855,550.724,0.977
2026-08-04T21:35:48.576-07:00,18329.547,ok,current_change,120.361,4.051,539.154,122.640,554.195,0.975
2026-08-04T21:35:49.583-07:00,18330.553,ok,current_change,120.322,4.033,539.154,112.227,550.724,0.979
2026-08-04T21:35:52.601-07:00,18333.571,ok,current_change,120.380,4.053,539.154,122.640,554.195,0.975
2026-08-04T21:35:55.619-07:00,18336.589,ok,current_change,120.380,4.071,541.468,122.640,556.509,0.975
2026-08-04T21:35:56.626-07:00,18337.596,ok,current_change,120.253,4.054,539.154,122.640,553.038,0.977
2026-08-04T21:35:59.644-07:00,18340.614,ok,current_change,120.341,4.085,543.782,122.640,557.666,0.975
2026-08-04T21:36:00.650-07:00,18341.620,ok,current_change,120.312,4.051,541.468,112.227,553.038,0.979
2026-08-04T21:36:02.663-07:00,18343.633,ok,current_change,120.312,4.087,543.782,128.425,558.823,0.973
2026-08-04T21:36:03.669-07:00,18344.639,ok,current_change,120.302,4.067,543.782,112.227,555.352,0.979
2026-08-04T21:36:05.681-07:00,18346.651,ok,current_change,120.214,4.114,548.410,118.012,561.137,0.977
2026-08-04T21:36:06.688-07:00,18347.658,ok,current_change,120.244,4.063,541.468,122.640,555.352,0.975
2026-08-04T21:36:12.706-07:00,18353.680,ok,current_change,120.302,4.034,536.840,116.855,550.724,0.977
2026-08-04T21:36:13.713-07:00,18354.683,ok,current_change,120.166,4.058,539.154,122.640,554.195,0.975
2026-08-04T21:36:16.731-07:00,18357.701,ok,current_change,120.370,4.074,541.468,122.640,556.509,0.975
2026-08-04T21:36:17.737-07:00,18358.707,ok,current_change,120.370,4.040,539.154,112.227,551.881,0.979
2026-08-04T21:36:19.752-07:00,18360.722,ok,current_change,120.361,4.063,541.468,122.640,555.352,0.975
2026-08-04T21:36:36.851-07:00,18377.822,ok,current_change,120.214,4.092,543.782,122.640,558.823,0.975
2026-08-04T21:36:37.858-07:00,18378.828,ok,current_change,120.224,4.071,543.782,118.012,556.509,0.977
2026-08-04T21:36:39.870-07:00,18380.840,ok,current_change,120.283,4.089,543.782,128.425,558.823,0.973
2026-08-04T21:36:40.877-07:00,18381.847,ok,current_change,120.068,4.071,541.468,118.012,555.352,0.977
2026-08-04T21:36:41.883-07:00,18382.853,ok,current_change,120.302,4.053,541.468,118.012,554.195,0.977
2026-08-04T21:36:42.893-07:00,18383.863,ok,current_change,120.322,4.078,541.468,128.425,557.666,0.973
2026-08-04T21:36:44.905-07:00,18385.875,ok,current_change,120.058,4.060,541.468,118.012,555.352,0.979
2026-08-04T21:36:45.911-07:00,18386.881,ok,current_change,120.097,4.107,546.096,123.797,559.980,0.975
2026-08-04T21:36:46.918-07:00,18387.888,ok,current_change,120.000,4.065,541.468,112.227,554.195,0.979
2026-08-04T21:36:47.927-07:00,18388.897,ok,current_change,120.019,4.087,543.782,118.012,557.666,0.977
2026-08-04T21:36:49.939-07:00,18390.910,ok,current_change,120.351,4.056,543.782,118.012,556.509,0.977
2026-08-04T21:36:58.992-07:00,18399.962,ok,current_change,120.312,4.076,541.468,122.640,556.509,0.975
2026-08-04T21:37:06.033-07:00,18407.003,ok,current_change,120.019,4.094,543.782,118.012,557.666,0.977
2026-08-04T21:37:08.046-07:00,18409.016,ok,current_change,120.263,4.071,543.782,118.012,556.509,0.977
2026-08-04T21:37:09.053-07:00,18410.023,ok,current_change,120.224,4.091,543.782,122.640,558.823,0.975
2026-08-04T21:37:11.065-07:00,18412.035,ok,current_change,120.117,4.067,541.468,118.012,556.509,0.977
2026-08-04T21:37:12.076-07:00,18413.046,ok,current_change,120.195,4.089,543.782,118.012,557.666,0.977
2026-08-04T21:37:17.105-07:00,18418.075,ok,current_change,120.331,4.065,543.782,112.227,555.352,0.979
2026-08-04T21:37:18.112-07:00,18419.082,ok,current_change,120.322,4.092,543.782,122.640,558.823,0.975
2026-08-04T21:37:20.124-07:00,18421.094,ok,current_change,120.224,4.063,541.468,118.012,555.352,0.977
2026-08-04T21:37:21.130-07:00,18422.100,ok,current_change,120.351,4.087,546.096,123.797,561.137,0.975
2026-08-04T21:37:23.143-07:00,18424.113,ok,current_change,120.244,4.071,543.782,112.227,555.352,0.979
2026-08-04T21:37:24.149-07:00,18425.119,ok,current_change,120.263,4.096,543.782,122.640,558.823,0.975
2026-08-04T21:37:25.155-07:00,18426.126,ok,current_change,120.127,4.058,541.468,118.012,554.195,0.977
2026-08-04T21:37:30.185-07:00,18431.155,ok,current_change,120.234,4.087,543.782,122.640,557.666,0.975
2026-08-04T21:37:31.192-07:00,18432.162,ok,current_change,120.390,4.069,543.782,118.012,556.509,0.977
2026-08-04T21:37:37.227-07:00,18438.197,ok,current_change,120.341,4.087,543.782,122.640,555.352,0.977
2026-08-04T21:37:38.234-07:00,18439.204,ok,current_change,120.331,4.067,543.782,112.227,555.352,0.979
2026-08-04T21:37:39.240-07:00,18440.210,ok,current_change,120.331,4.083,546.096,112.227,557.666,0.979
2026-08-04T21:37:49.299-07:00,18450.269,ok,current_change,120.439,4.100,546.096,128.425,561.137,0.973
2026-08-04T21:37:51.311-07:00,18452.281,ok,current_change,120.390,4.082,546.096,112.227,557.666,0.979
2026-08-04T21:37:54.329-07:00,18455.299,ok,current_change,120.390,4.063,543.782,112.227,555.352,0.979
2026-08-04T21:37:55.339-07:00,18456.309,ok,current_change,120.458,4.100,546.096,128.425,561.137,0.973
2026-08-04T21:37:56.345-07:00,18457.315,ok,current_change,120.409,4.067,543.782,118.012,556.509,0.977
2026-08-04T21:37:59.363-07:00,18460.333,ok,current_change,120.341,4.089,546.096,118.012,558.823,0.977
2026-08-04T21:38:05.402-07:00,18466.372,ok,current_change,120.439,4.130,550.724,123.797,564.608,0.975
2026-08-04T21:38:06.409-07:00,18467.379,ok,current_change,120.409,4.091,546.096,112.227,558.823,0.979
2026-08-04T21:38:07.416-07:00,18468.386,ok,current_change,120.458,4.071,543.782,112.227,556.509,0.979
2026-08-04T21:38:08.419-07:00,18469.392,ok,current_change,120.468,4.087,543.782,122.640,558.823,0.975
2026-08-04T21:38:13.434-07:00,18474.404,ok,current_change,120.253,4.060,541.468,112.227,554.195,0.979
2026-08-04T21:38:14.441-07:00,18475.411,ok,current_change,120.331,4.100,546.096,123.797,559.980,0.975
2026-08-04T21:38:16.453-07:00,18477.423,ok,current_change,120.341,4.082,546.096,112.227,557.666,0.979
2026-08-04T21:38:17.460-07:00,18478.430,ok,current_change,120.370,4.105,546.096,128.425,561.137,0.973
2026-08-04T21:38:18.466-07:00,18479.436,ok,current_change,120.390,4.087,546.096,118.012,558.823,0.977
2026-08-04T21:38:19.476-07:00,18480.446,ok,current_change,120.390,4.063,543.782,112.227,555.352,0.979
2026-08-04T21:38:20.482-07:00,18481.452,ok,current_change,120.331,4.114,546.096,128.425,562.294,0.973
2026-08-04T21:38:21.489-07:00,18482.459,ok,current_change,120.341,4.082,543.782,118.012,557.666,0.977
2026-08-04T21:38:23.501-07:00,18484.471,ok,current_change,120.370,4.112,546.096,128.425,561.137,0.973
2026-08-04T21:38:24.511-07:00,18485.481,ok,current_change,120.380,4.091,546.096,112.227,558.823,0.979
2026-08-04T21:38:26.523-07:00,18487.493,ok,current_change,120.292,4.107,546.096,123.797,561.137,0.975
2026-08-04T21:38:28.535-07:00,18489.505,ok,current_change,120.302,4.083,546.096,112.227,557.666,0.979
2026-08-04T21:38:29.546-07:00,18490.516,ok,current_change,120.146,4.111,546.096,123.797,561.137,0.975
2026-08-04T21:38:30.552-07:00,18491.522,ok,current_change,120.312,4.094,546.096,112.227,558.823,0.979
2026-08-04T21:38:31.559-07:00,18492.529,ok,current_change,120.361,4.073,543.782,112.227,556.509,0.979
2026-08-04T21:38:32.565-07:00,18493.535,ok,current_change,120.283,4.109,546.096,123.797,559.980,0.975
2026-08-04T21:38:34.577-07:00,18495.547,ok,current_change,120.341,4.082,546.096,112.227,557.666,0.979
2026-08-04T21:38:35.584-07:00,18496.554,ok,current_change,120.361,4.121,548.410,123.797,562.294,0.975
2026-08-04T21:38:36.590-07:00,18497.560,ok,current_change,120.400,4.100,548.410,112.227,559.980,0.979
2026-08-04T21:38:37.597-07:00,18498.567,ok,current_change,120.331,4.082,546.096,112.227,557.666,0.979
2026-08-04T21:38:38.603-07:00,18499.573,ok,current_change,120.419,4.101,546.096,123.797,561.137,0.975
2026-08-04T21:38:43.633-07:00,18504.603,ok,current_change,120.263,4.078,543.782,112.227,557.666,0.977
2026-08-04T21:38:44.639-07:00,18505.609,ok,current_change,120.341,4.107,546.096,123.797,561.137,0.975
2026-08-04T21:38:45.646-07:00,18506.616,ok,current_change,120.370,4.091,546.096,118.012,558.823,0.977
2026-08-04T21:38:47.658-07:00,18508.628,ok,current_change,120.351,4.116,548.410,123.797,562.294,0.975
2026-08-04T21:38:48.664-07:00,18509.634,ok,current_change,120.322,4.092,546.096,112.227,558.823,0.979
2026-08-04T21:38:52.691-07:00,18513.662,ok,current_change,120.244,4.069,541.468,118.012,555.352,0.977
2026-08-04T21:38:53.698-07:00,18514.668,ok,current_change,120.409,4.096,546.096,123.797,559.980,0.975
2026-08-04T21:38:55.714-07:00,18516.684,ok,current_change,120.400,4.065,543.782,112.227,555.352,0.979
2026-08-04T21:38:57.726-07:00,18518.696,ok,current_change,120.448,4.082,546.096,112.227,557.666,0.979
2026-08-04T21:38:58.732-07:00,18519.703,ok,current_change,120.448,4.060,541.468,118.012,555.352,0.977
2026-08-04T21:38:59.745-07:00,18520.715,ok,current_change,120.448,4.083,543.782,122.640,558.823,0.975
2026-08-04T21:39:05.781-07:00,18526.751,ok,current_change,120.302,4.112,548.410,118.012,561.137,0.977
2026-08-04T21:39:07.793-07:00,18528.763,ok,current_change,120.331,4.087,543.782,128.425,558.823,0.973
2026-08-04T21:39:10.811-07:00,18531.781,ok,current_change,120.400,4.105,546.096,128.425,561.137,0.973
2026-08-04T21:39:30.931-07:00,18551.901,ok,current_change,120.390,4.121,548.410,123.797,563.451,0.975
2026-08-04T21:39:31.937-07:00,18552.908,ok,current_change,120.292,4.105,548.410,118.012,561.137,0.977
2026-08-04T21:39:33.950-07:00,18554.920,ok,current_change,120.361,4.140,550.724,129.582,565.765,0.973
2026-08-04T21:39:34.956-07:00,18555.926,ok,current_change,120.370,4.100,548.410,112.227,559.980,0.979
2026-08-04T21:39:41.997-07:00,18562.967,ok,current_change,120.409,4.082,546.096,112.227,557.666,0.979
2026-08-04T21:39:43.004-07:00,18563.974,ok,current_change,120.419,4.114,548.410,123.797,559.980,0.977
2026-08-04T21:39:45.016-07:00,18565.986,ok,current_change,120.439,4.085,546.096,118.012,558.823,0.977
2026-08-04T21:39:46.022-07:00,18566.992,ok,current_change,120.594,4.105,548.410,123.797,562.294,0.975
2026-08-04T21:39:48.034-07:00,18569.005,ok,current_change,120.400,4.083,546.096,112.227,558.823,0.975
2026-08-04T21:39:51.053-07:00,18572.023,ok,current_change,120.439,4.100,546.096,128.425,561.137,0.973
2026-08-04T21:39:54.071-07:00,18575.041,ok,current_change,120.390,4.116,548.410,123.797,562.294,0.975
2026-08-04T21:39:59.100-07:00,18580.070,ok,current_change,120.273,4.096,546.096,112.227,558.823,0.979
2026-08-04T21:40:02.121-07:00,18583.091,ok,current_change,120.341,4.112,548.410,123.797,562.294,0.975
2026-08-04T21:40:04.133-07:00,18585.103,ok,current_change,120.370,4.096,546.096,118.012,559.980,0.977
2026-08-04T21:40:05.143-07:00,18586.113,ok,current_change,120.400,4.121,548.410,123.797,563.451,0.975
2026-08-04T21:40:07.155-07:00,18588.125,ok,current_change,120.175,4.100,546.096,118.012,559.980,0.977
2026-08-04T21:40:08.158-07:00,18589.132,ok,current_change,120.312,4.136,548.410,128.425,564.608,0.973
2026-08-04T21:40:09.161-07:00,18590.135,ok,current_change,120.380,4.098,546.096,118.012,559.980,0.977
2026-08-04T21:40:11.169-07:00,18592.143,ok,current_change,120.400,4.138,550.724,129.582,565.765,0.973
2026-08-04T21:40:12.172-07:00,18593.146,ok,current_change,120.361,4.107,548.410,118.012,561.137,0.977
2026-08-04T21:40:14.184-07:00,18595.154,ok,current_change,120.361,4.138,550.724,129.582,565.765,0.973
2026-08-04T21:40:15.194-07:00,18596.164,ok,current_change,120.244,4.109,548.410,118.012,562.294,0.977
2026-08-04T21:40:30.281-07:00,18611.252,ok,current_change,120.448,4.130,548.410,128.425,564.608,0.973
2026-08-04T21:40:31.288-07:00,18612.258,ok,current_change,120.439,4.107,548.410,112.227,559.980,0.977
2026-08-04T21:40:33.300-07:00,18614.270,ok,current_change,120.448,4.130,548.410,128.425,564.608,0.973
2026-08-04T21:40:34.307-07:00,18615.277,ok,current_change,120.341,4.109,548.410,112.227,561.137,0.979
2026-08-04T21:40:36.319-07:00,18617.289,ok,current_change,120.361,4.134,550.724,123.797,562.294,0.975
2026-08-04T21:40:37.325-07:00,18618.295,ok,current_change,120.322,4.118,550.724,113.384,562.294,0.979
2026-08-04T21:40:41.349-07:00,18622.319,ok,current_change,120.322,4.141,550.724,129.582,565.765,0.973
2026-08-04T21:40:43.365-07:00,18624.335,ok,current_change,120.331,4.116,550.724,113.384,564.608,0.977
2026-08-04T21:40:44.372-07:00,18625.342,ok,current_change,120.302,4.136,550.724,123.797,564.608,0.975
2026-08-04T21:40:47.390-07:00,18628.360,ok,current_change,120.292,4.116,548.410,118.012,562.294,0.977
2026-08-04T21:40:49.402-07:00,18630.372,ok,current_change,120.400,4.141,550.724,129.582,565.765,0.973
2026-08-04T21:40:50.408-07:00,18631.378,ok,current_change,120.400,4.116,550.724,113.384,562.294,0.979
2026-08-04T21:40:52.421-07:00,18633.391,ok,current_change,120.370,4.149,553.038,123.797,566.922,0.975
2026-08-04T21:40:53.436-07:00,18634.406,ok,current_change,120.380,4.123,550.724,118.012,563.451,0.977
2026-08-04T21:40:54.442-07:00,18635.412,ok,current_change,120.409,4.105,548.410,118.012,561.137,0.977
2026-08-04T21:40:55.449-07:00,18636.419,ok,current_change,120.361,4.125,550.724,118.012,563.451,0.977
2026-08-04T21:41:02.490-07:00,18643.460,ok,current_change,120.331,4.103,548.410,118.012,561.137,0.977
2026-08-04T21:41:03.496-07:00,18644.466,ok,current_change,120.331,4.120,550.724,113.384,562.294,0.979
2026-08-04T21:41:05.508-07:00,18646.479,ok,current_change,120.214,4.154,550.724,129.582,571.549,0.974
2026-08-04T21:41:06.515-07:00,18647.485,ok,current_change,120.370,4.105,548.410,118.012,561.137,0.977
2026-08-04T21:41:07.521-07:00,18648.492,ok,current_change,120.253,4.089,546.096,118.012,558.823,0.977
2026-08-04T21:41:08.528-07:00,18649.501,ok,current_change,120.234,4.136,548.410,128.425,564.608,0.973
2026-08-04T21:41:09.531-07:00,18650.504,ok,current_change,120.370,4.100,546.096,118.012,559.980,0.977
2026-08-04T21:41:11.536-07:00,18652.509,ok,current_change,120.390,4.121,548.410,123.797,563.451,0.975
2026-08-04T21:41:13.544-07:00,18654.514,ok,current_change,120.419,4.101,546.096,123.797,561.137,0.975
2026-08-04T21:41:15.556-07:00,18656.526,ok,current_change,120.400,4.121,550.724,113.384,562.294,0.979
2026-08-04T21:41:19.580-07:00,18660.550,ok,current_change,120.409,4.141,550.724,123.797,565.765,0.975
2026-08-04T21:41:21.593-07:00,18662.563,ok,current_change,120.400,4.125,550.724,118.012,563.451,0.977
2026-08-04T21:41:24.611-07:00,18665.581,ok,current_change,120.448,4.145,550.724,129.582,566.922,0.973
2026-08-04T21:41:25.621-07:00,18666.591,ok,current_change,120.409,4.127,550.724,113.384,563.451,0.979
2026-08-04T21:41:27.633-07:00,18668.603,ok,current_change,120.390,4.154,553.038,129.582,568.079,0.973
2026-08-04T21:41:28.640-07:00,18669.610,ok,current_change,120.409,4.130,550.724,119.169,564.608,0.977
2026-08-04T21:41:40.709-07:00,18681.680,ok,current_change,120.263,4.156,553.038,123.797,566.922,0.975
2026-08-04T21:41:41.716-07:00,18682.686,ok,current_change,120.263,4.112,548.410,112.227,564.608,0.977
2026-08-04T21:41:43.728-07:00,18684.698,ok,current_change,120.273,4.134,550.724,123.797,564.608,0.975
2026-08-04T21:41:49.763-07:00,18690.734,ok,current_change,120.175,4.114,548.410,118.012,562.294,0.977
2026-08-04T21:41:53.787-07:00,18694.757,ok,current_change,120.263,4.152,550.724,129.582,566.922,0.973
2026-08-04T21:41:54.794-07:00,18695.764,ok,current_change,120.253,4.125,550.724,118.012,563.451,0.977
2026-08-04T21:41:58.821-07:00,18699.791,ok,current_change,120.263,4.145,550.724,123.797,565.765,0.975
2026-08-04T21:42:02.845-07:00,18703.815,ok,current_change,120.205,4.129,550.724,113.384,563.451,0.979
2026-08-04T21:42:03.852-07:00,18704.822,ok,current_change,120.175,4.172,553.038,129.582,569.235,0.973
2026-08-04T21:42:04.858-07:00,18705.828,ok,current_change,120.175,4.141,553.038,113.384,564.608,0.977
2026-08-04T21:42:13.911-07:00,18714.881,ok,current_change,120.263,4.159,553.038,129.582,568.079,0.973
2026-08-04T21:42:14.917-07:00,18715.888,ok,current_change,120.263,4.129,550.724,113.384,563.451,0.979
2026-08-04T21:42:17.935-07:00,18718.906,ok,current_change,120.331,4.111,553.038,113.384,564.608,0.979
2026-08-04T21:42:21.959-07:00,18722.929,ok,current_change,120.273,4.132,550.724,123.797,564.608,0.975
2026-08-04T21:42:26.989-07:00,18727.959,ok,current_change,120.331,4.161,553.038,123.797,568.079,0.975
2026-08-04T21:42:27.996-07:00,18728.966,ok,current_change,120.253,4.120,548.410,118.012,562.294,0.979
2026-08-04T21:42:32.019-07:00,18732.990,ok,current_change,120.244,4.138,550.724,123.797,564.608,0.975
2026-08-04T21:42:42.082-07:00,18743.052,ok,current_change,120.205,4.163,553.038,129.582,568.079,0.973
2026-08-04T21:42:43.089-07:00,18744.059,ok,current_change,120.205,4.147,553.038,119.169,566.922,0.975
2026-08-04T21:42:47.113-07:00,18748.083,ok,current_change,120.205,4.163,553.038,129.582,568.079,0.973
2026-08-04T21:42:48.123-07:00,18749.093,ok,current_change,120.097,4.136,550.724,119.169,564.608,0.977
2026-08-04T21:42:56.170-07:00,18757.140,ok,current_change,120.302,4.120,550.724,113.384,562.294,0.979
2026-08-04T21:42:57.177-07:00,18758.147,ok,current_change,120.244,4.141,550.724,129.582,565.765,0.973
2026-08-04T21:42:58.183-07:00,18759.153,ok,current_change,120.273,4.123,550.724,118.012,564.608,0.979
2026-08-04T21:43:00.196-07:00,18761.166,ok,current_change,120.205,4.149,553.038,119.169,565.765,0.977
2026-08-04T21:43:05.229-07:00,18766.199,ok,current_change,120.195,4.170,555.352,119.169,569.235,0.978
2026-08-04T21:43:06.239-07:00,18767.209,ok,current_change,120.283,4.138,553.038,113.384,564.608,0.979
2026-08-04T21:43:07.245-07:00,18768.215,ok,current_change,120.088,4.161,553.038,119.169,566.922,0.978
2026-08-04T21:43:08.248-07:00,18769.222,ok,current_change,120.117,4.145,553.038,119.169,565.765,0.977
2026-08-04T21:43:09.251-07:00,18770.224,ok,current_change,120.136,4.165,553.038,129.582,568.079,0.973
2026-08-04T21:43:10.254-07:00,18771.227,ok,current_change,120.146,4.141,550.724,119.169,564.608,0.977
2026-08-04T21:43:14.271-07:00,18775.241,ok,current_change,120.185,4.170,553.038,129.582,569.235,0.973
2026-08-04T21:43:15.277-07:00,18776.247,ok,current_change,120.214,4.143,553.038,119.169,565.765,0.977
2026-08-04T21:43:31.371-07:00,18792.341,ok,current_change,120.273,4.169,553.038,129.582,569.235,0.973
2026-08-04T21:43:32.377-07:00,18793.348,ok,current_change,120.224,4.149,553.038,113.384,565.765,0.979
2026-08-04T21:43:36.401-07:00,18797.371,ok,current_change,120.146,4.174,555.352,124.954,569.235,0.976
2026-08-04T21:43:37.411-07:00,18798.381,ok,current_change,120.205,4.147,553.038,119.169,565.765,0.977
2026-08-04T21:43:38.418-07:00,18799.388,ok,current_change,120.214,4.181,555.352,124.954,570.392,0.976
2026-08-04T21:43:39.424-07:00,18800.394,ok,current_change,120.224,4.156,553.038,119.169,566.922,0.978
2026-08-04T21:43:54.512-07:00,18815.482,ok,current_change,120.331,4.130,550.724,119.169,564.608,0.977
2026-08-04T21:43:55.519-07:00,18816.489,ok,current_change,120.244,4.169,553.038,129.582,569.235,0.973
2026-08-04T21:43:56.526-07:00,18817.496,ok,current_change,120.244,4.147,553.038,119.169,565.765,0.977
2026-08-04T21:44:02.565-07:00,18823.535,ok,current_change,120.224,4.169,553.038,129.582,568.079,0.973
2026-08-04T21:44:03.571-07:00,18824.541,ok,current_change,120.253,4.152,553.038,119.169,566.922,0.978
2026-08-04T21:44:05.584-07:00,18826.554,ok,current_change,120.283,4.181,557.666,119.169,570.392,0.978
2026-08-04T21:44:06.590-07:00,18827.560,ok,current_change,120.331,4.158,555.352,119.169,568.079,0.978
2026-08-04T21:44:14.638-07:00,18835.608,ok,current_change,120.351,4.187,557.666,124.954,571.549,0.976
2026-08-04T21:44:15.644-07:00,18836.614,ok,current_change,120.351,4.159,553.038,123.797,568.079,0.975
2026-08-04T21:44:19.668-07:00,18840.638,ok,current_change,120.361,4.183,555.352,129.582,571.549,0.974
2026-08-04T21:44:20.678-07:00,18841.648,ok,current_change,120.341,4.167,555.352,119.169,569.235,0.978
2026-08-04T21:44:29.731-07:00,18850.701,ok,current_change,120.244,4.150,553.038,123.797,566.922,0.975
2026-08-04T21:44:33.755-07:00,18854.725,ok,current_change,120.302,4.174,555.352,124.954,569.235,0.976
2026-08-04T21:44:34.761-07:00,18855.731,ok,current_change,120.312,4.150,553.038,119.169,566.922,0.978
2026-08-04T21:44:35.781-07:00,18856.751,ok,current_change,120.341,4.170,555.352,124.954,569.235,0.976
2026-08-04T21:44:38.799-07:00,18859.769,ok,current_change,120.322,4.147,553.038,119.169,566.922,0.978
2026-08-04T21:44:40.811-07:00,18861.781,ok,current_change,120.283,4.165,555.352,124.954,569.235,0.976
2026-08-04T21:44:43.833-07:00,18864.803,ok,current_change,120.361,4.141,553.038,119.169,565.765,0.977
2026-08-04T21:44:44.839-07:00,18865.809,ok,current_change,120.341,4.167,555.352,124.954,569.235,0.976
2026-08-04T21:44:45.846-07:00,18866.816,ok,current_change,120.302,4.143,553.038,113.384,565.765,0.979
2026-08-04T21:44:47.862-07:00,18868.832,ok,current_change,120.263,4.172,555.352,119.169,569.235,0.978
2026-08-04T21:44:48.868-07:00,18869.838,ok,current_change,120.263,4.154,555.352,113.384,566.922,0.979
2026-08-04T21:44:51.886-07:00,18872.856,ok,current_change,120.224,4.183,555.352,124.954,570.392,0.976
2026-08-04T21:44:53.899-07:00,18874.869,ok,current_change,120.234,4.147,553.038,119.169,565.765,0.977
2026-08-04T21:44:54.906-07:00,18875.876,ok,current_change,120.214,4.174,555.352,119.169,569.235,0.978
2026-08-04T21:44:58.929-07:00,18879.899,ok,current_change,120.234,4.196,555.352,124.954,570.392,0.976
2026-08-04T21:44:59.936-07:00,18880.906,ok,current_change,120.224,4.172,555.352,119.169,569.235,0.978
2026-08-04T21:45:05.972-07:00,18886.942,ok,current_change,120.253,4.190,557.666,124.954,571.549,0.976
2026-08-04T21:45:06.978-07:00,18887.948,ok,current_change,120.263,4.167,555.352,119.169,569.235,0.978
2026-08-04T21:45:07.985-07:00,18888.955,ok,current_change,120.302,4.183,555.352,129.582,571.549,0.974
2026-08-04T21:45:08.988-07:00,18889.961,ok,current_change,120.322,4.159,553.038,123.797,568.079,0.975
2026-08-04T21:45:20.039-07:00,18901.009,ok,current_change,120.253,4.190,557.666,124.954,571.549,0.976
2026-08-04T21:45:21.045-07:00,18902.015,ok,current_change,120.156,4.149,553.038,113.384,565.765,0.979
2026-08-04T21:45:22.052-07:00,18903.022,ok,current_change,120.253,4.174,555.352,124.954,569.235,0.976
2026-08-04T21:45:31.105-07:00,18912.075,ok,current_change,120.302,4.196,557.666,129.582,572.706,0.974
2026-08-04T21:45:33.117-07:00,18914.087,ok,current_change,120.351,4.150,553.038,119.169,566.922,0.978
2026-08-04T21:45:34.124-07:00,18915.094,ok,current_change,120.322,4.172,557.666,119.169,570.392,0.978
2026-08-04T21:45:38.148-07:00,18919.118,ok,current_change,120.292,4.196,557.666,129.582,572.706,0.974
2026-08-04T21:45:39.154-07:00,18920.124,ok,current_change,120.292,4.174,557.666,119.169,569.235,0.979
2026-08-04T21:45:43.178-07:00,18924.148,ok,current_change,120.331,4.154,555.352,113.384,566.922,0.979
2026-08-04T21:45:45.194-07:00,18926.164,ok,current_change,120.322,4.185,557.666,124.954,571.549,0.976
2026-08-04T21:45:46.201-07:00,18927.171,ok,current_change,120.322,4.154,555.352,113.384,566.922,0.979
2026-08-04T21:45:52.236-07:00,18933.207,ok,current_change,120.341,4.170,555.352,119.169,569.235,0.978
2026-08-04T21:46:03.302-07:00,18944.272,ok,current_change,120.166,4.188,557.666,124.954,571.549,0.976
2026-08-04T21:46:04.308-07:00,18945.278,ok,current_change,120.244,4.172,557.666,113.384,569.235,0.979
2026-08-04T21:46:05.315-07:00,18946.285,ok,current_change,120.078,4.190,555.352,129.582,571.549,0.974
2026-08-04T21:46:06.321-07:00,18947.291,ok,current_change,120.224,4.167,555.352,124.954,569.235,0.976
2026-08-04T21:46:14.351-07:00,18955.321,ok,current_change,120.214,4.192,555.352,129.582,571.549,0.974
2026-08-04T21:46:15.358-07:00,18956.328,ok,current_change,120.234,4.167,555.352,119.169,569.235,0.978
2026-08-04T21:46:18.376-07:00,18959.346,ok,current_change,120.224,4.188,559.980,113.384,568.079,0.979
2026-08-04T21:46:19.382-07:00,18960.352,ok,current_change,120.185,4.165,555.352,119.169,568.079,0.978
2026-08-04T21:46:21.398-07:00,18962.368,ok,current_change,120.224,4.185,557.666,124.954,571.549,0.976
2026-08-04T21:46:25.422-07:00,18966.392,ok,current_change,120.283,4.212,559.980,129.582,575.020,0.974
2026-08-04T21:46:26.428-07:00,18967.398,ok,current_change,120.234,4.190,557.666,119.169,571.549,0.978
2026-08-04T21:46:28.440-07:00,18969.410,ok,current_change,120.273,4.174,557.666,119.169,570.392,0.978
2026-08-04T21:46:29.447-07:00,18970.417,ok,current_change,120.234,4.194,559.980,119.169,572.706,0.978
2026-08-04T21:46:36.488-07:00,18977.458,ok,current_change,120.136,4.210,557.666,124.954,572.706,0.976
2026-08-04T21:46:37.495-07:00,18978.465,ok,current_change,120.185,4.190,557.666,119.169,571.549,0.978
2026-08-04T21:46:40.513-07:00,18981.483,ok,current_change,119.990,4.207,557.666,129.582,572.706,0.974
2026-08-04T21:46:41.520-07:00,18982.490,ok,current_change,120.010,4.187,557.666,119.169,570.392,0.978
2026-08-04T21:46:48.564-07:00,18989.534,ok,current_change,119.990,4.207,559.980,119.169,571.549,0.976
2026-08-04T21:47:04.658-07:00,19005.628,ok,current_change,119.990,4.185,559.980,119.169,572.706,0.978
2026-08-04T21:47:07.677-07:00,19008.647,ok,current_change,120.058,4.205,557.666,124.954,572.706,0.976
2026-08-04T21:47:08.683-07:00,19009.653,ok,current_change,120.088,4.183,557.666,119.169,570.392,0.978
2026-08-04T21:47:09.690-07:00,19010.660,ok,current_change,120.117,4.201,557.666,119.169,571.549,0.978
2026-08-04T21:47:10.699-07:00,19011.669,ok,current_change,120.097,4.185,557.666,113.384,570.392,0.979
2026-08-04T21:47:11.706-07:00,19012.676,ok,current_change,120.078,4.225,557.666,124.954,572.706,0.976
2026-08-04T21:47:12.712-07:00,19013.682,ok,current_change,120.097,4.198,559.980,119.169,572.706,0.978
2026-08-04T21:47:13.719-07:00,19014.689,ok,current_change,120.127,4.217,559.980,129.582,575.020,0.974
2026-08-04T21:47:14.725-07:00,19015.695,ok,current_change,120.136,4.192,559.980,113.384,571.549,0.979
2026-08-04T21:47:15.735-07:00,19016.705,ok,current_change,120.010,4.228,559.980,130.739,576.177,0.974
2026-08-04T21:47:16.742-07:00,19017.712,ok,current_change,120.039,4.196,559.980,113.384,571.549,0.979
2026-08-04T21:47:17.748-07:00,19018.718,ok,current_change,120.156,4.225,559.980,130.739,576.177,0.974
2026-08-04T21:47:18.755-07:00,19019.725,ok,current_change,120.136,4.205,559.980,119.169,573.863,0.978
2026-08-04T21:47:19.761-07:00,19020.731,ok,current_change,120.146,4.221,559.980,135.367,576.177,0.972
2026-08-04T21:47:28.818-07:00,19029.788,ok,current_change,120.078,4.196,559.980,113.384,575.020,0.978
2026-08-04T21:47:32.842-07:00,19033.812,ok,current_change,119.912,4.178,555.352,119.169,569.235,0.978
2026-08-04T21:47:35.860-07:00,19036.830,ok,current_change,120.078,4.196,557.666,119.169,571.549,0.978
2026-08-04T21:47:42.901-07:00,19043.871,ok,current_change,120.117,4.217,562.294,119.169,575.020,0.978
2026-08-04T21:47:52.960-07:00,19053.930,ok,current_change,120.049,4.198,559.980,113.384,575.020,0.978
2026-08-04T21:48:03.019-07:00,19063.989,ok,current_change,119.990,4.219,562.294,119.169,575.020,0.978
2026-08-04T21:48:06.037-07:00,19067.007,ok,current_change,120.127,4.201,559.980,113.384,572.706,0.979
2026-08-04T21:48:11.071-07:00,19072.041,ok,current_change,120.107,4.228,562.294,120.326,572.706,0.978
2026-08-04T21:48:13.083-07:00,19074.053,ok,current_change,120.097,4.210,562.294,114.541,573.863,0.979
2026-08-04T21:48:17.107-07:00,19078.077,ok,current_change,120.010,4.192,557.666,119.169,571.549,0.978
2026-08-04T21:48:23.143-07:00,19084.113,ok,current_change,120.058,4.212,559.980,119.169,573.863,0.978
2026-08-04T21:48:31.190-07:00,19092.160,ok,current_change,120.107,4.228,562.294,120.326,576.177,0.978
2026-08-04T21:48:41.249-07:00,19102.219,ok,current_change,119.990,4.208,559.980,113.384,572.706,0.979
2026-08-04T21:48:46.279-07:00,19107.249,ok,current_change,120.000,4.228,562.294,124.954,576.177,0.976
2026-08-04T21:48:47.293-07:00,19108.263,ok,current_change,120.019,4.207,559.980,113.384,572.706,0.979
2026-08-04T21:48:49.305-07:00,19110.276,ok,current_change,120.058,4.232,564.608,114.541,575.020,0.979
2026-08-04T21:48:51.318-07:00,19112.288,ok,current_change,120.000,4.214,562.294,114.541,573.863,0.979
2026-08-04T21:48:53.333-07:00,19114.303,ok,current_change,120.078,4.246,564.608,120.326,578.491,0.978
2026-08-04T21:48:54.339-07:00,19115.310,ok,current_change,119.990,4.230,562.294,114.541,573.863,0.979
2026-08-04T21:48:59.369-07:00,19120.339,ok,current_change,120.039,4.214,559.980,119.169,577.334,0.974
2026-08-04T21:49:00.376-07:00,19121.346,ok,current_change,119.873,4.237,562.294,120.326,576.177,0.978
2026-08-04T21:49:02.388-07:00,19123.358,ok,current_change,120.107,4.214,564.608,120.326,577.334,0.978
2026-08-04T21:49:03.395-07:00,19124.365,ok,current_change,119.990,4.243,562.294,124.954,577.334,0.976
2026-08-04T21:49:04.401-07:00,19125.371,ok,current_change,120.136,4.217,559.980,124.954,575.020,0.976
2026-08-04T21:49:05.411-07:00,19126.381,ok,current_change,120.068,4.241,562.294,130.739,578.491,0.974
2026-08-04T21:49:06.417-07:00,19127.387,ok,current_change,120.244,4.214,562.294,119.169,575.020,0.978
2026-08-04T21:49:07.424-07:00,19128.394,ok,current_change,120.224,4.230,562.294,130.739,577.334,0.974
2026-08-04T21:49:08.427-07:00,19129.400,ok,current_change,120.058,4.201,559.980,119.169,572.706,0.978
2026-08-04T21:49:09.430-07:00,19130.403,ok,current_change,120.205,4.225,559.980,130.739,576.177,0.974
2026-08-04T21:49:13.446-07:00,19134.416,ok,current_change,120.146,4.250,564.608,130.739,579.648,0.974
2026-08-04T21:49:14.452-07:00,19135.423,ok,current_change,120.097,4.226,564.608,120.326,577.334,0.978
2026-08-04T21:49:19.486-07:00,19140.456,ok,current_change,120.175,4.250,562.294,120.326,576.177,0.978
2026-08-04T21:49:20.495-07:00,19141.465,ok,current_change,120.234,4.219,562.294,120.326,576.177,0.978
2026-08-04T21:49:21.502-07:00,19142.472,ok,current_change,120.205,4.237,562.294,124.954,577.334,0.976
2026-08-04T21:49:27.537-07:00,19148.507,ok,current_change,120.214,4.217,562.294,114.541,575.020,0.979
2026-08-04T21:49:32.567-07:00,19153.537,ok,current_change,120.224,4.199,559.980,119.169,572.706,0.978
2026-08-04T21:49:33.576-07:00,19154.546,ok,current_change,120.185,4.226,562.294,120.326,576.177,0.978
2026-08-04T21:49:35.589-07:00,19156.559,ok,current_change,120.185,4.198,559.980,119.169,572.706,0.978
2026-08-04T21:49:37.601-07:00,19158.571,ok,current_change,120.146,4.221,562.294,124.954,576.177,0.976
2026-08-04T21:49:42.634-07:00,19163.604,ok,current_change,120.195,4.243,562.294,130.739,578.491,0.974
2026-08-04T21:49:45.652-07:00,19166.622,ok,current_change,120.224,4.226,562.294,120.326,576.177,0.978
2026-08-04T21:49:46.659-07:00,19167.629,ok,current_change,119.971,4.252,564.608,124.954,579.648,0.974
2026-08-04T21:49:49.677-07:00,19170.647,ok,current_change,120.117,4.230,562.294,114.541,575.020,0.979
2026-08-04T21:49:56.718-07:00,19177.688,ok,current_change,120.117,4.212,562.294,114.541,573.863,0.979
2026-08-04T21:49:58.731-07:00,19179.701,ok,current_change,120.107,4.237,564.608,120.326,577.334,0.978
2026-08-04T21:50:01.749-07:00,19182.719,ok,current_change,120.107,4.207,559.980,124.954,573.863,0.976
2026-08-04T21:50:03.764-07:00,19184.734,ok,current_change,119.883,4.239,562.294,130.739,577.334,0.974
2026-08-04T21:50:05.777-07:00,19186.747,ok,current_change,119.815,4.270,566.922,126.111,580.805,0.976
2026-08-04T21:50:06.783-07:00,19187.753,ok,current_change,119.542,4.243,562.294,120.326,576.177,0.978
2026-08-04T21:50:08.796-07:00,19189.769,ok,current_change,119.766,4.274,569.235,114.541,580.805,0.979
2026-08-04T21:50:10.801-07:00,19191.774,ok,current_change,119.737,4.246,564.608,120.326,577.334,0.978
2026-08-04T21:50:13.811-07:00,19194.782,ok,current_change,119.786,4.270,566.922,120.326,580.805,0.978
2026-08-04T21:50:14.818-07:00,19195.788,ok,current_change,119.795,4.236,559.980,130.739,576.177,0.974
2026-08-04T21:50:18.842-07:00,19199.812,ok,current_change,119.795,4.261,562.294,124.954,576.177,0.976
2026-08-04T21:50:19.851-07:00,19200.821,ok,current_change,119.747,4.239,564.608,114.541,576.177,0.979
2026-08-04T21:50:20.858-07:00,19201.828,ok,current_change,119.786,4.257,564.608,120.326,577.334,0.978
2026-08-04T21:50:23.876-07:00,19204.846,ok,current_change,119.815,4.237,562.294,124.954,576.177,0.976
2026-08-04T21:50:25.892-07:00,19206.862,ok,current_change,119.649,4.275,564.608,130.739,580.805,0.974
2026-08-04T21:50:26.898-07:00,19207.868,ok,current_change,119.795,4.250,564.608,120.326,578.491,0.978
2026-08-04T21:50:27.905-07:00,19208.875,ok,current_change,119.776,4.266,566.922,120.326,578.491,0.978
2026-08-04T21:50:29.917-07:00,19210.887,ok,current_change,119.893,4.246,564.608,124.954,578.491,0.976
2026-08-04T21:50:30.923-07:00,19211.893,ok,current_change,119.727,4.226,566.922,126.111,580.805,0.976
2026-08-04T21:50:34.947-07:00,19215.917,ok,current_change,119.883,4.268,564.608,130.739,580.805,0.974
2026-08-04T21:50:35.956-07:00,19216.927,ok,current_change,119.825,4.228,562.294,119.169,575.020,0.978
2026-08-04T21:50:39.980-07:00,19220.950,ok,current_change,119.854,4.250,564.608,120.326,578.491,0.978
2026-08-04T21:50:41.996-07:00,19222.966,ok,current_change,119.591,4.228,559.980,119.169,573.863,0.978
2026-08-04T21:50:43.002-07:00,19223.972,ok,current_change,119.844,4.245,564.608,120.326,578.491,0.976
2026-08-04T21:50:44.009-07:00,19224.979,ok,current_change,119.834,4.265,564.608,124.954,579.648,0.976
2026-08-04T21:50:49.039-07:00,19230.009,ok,current_change,119.776,4.243,564.608,120.326,577.334,0.978
2026-08-04T21:50:51.051-07:00,19232.021,ok,current_change,119.834,4.223,562.294,119.169,576.177,0.978
2026-08-04T21:50:55.075-07:00,19236.045,ok,current_change,119.864,4.252,562.294,130.739,578.491,0.974
2026-08-04T21:51:05.133-07:00,19246.103,ok,current_change,119.893,4.306,571.549,120.326,585.433,0.978
2026-08-04T21:51:06.139-07:00,19247.109,ok,current_change,119.922,4.272,566.922,130.739,581.962,0.974
2026-08-04T21:51:08.148-07:00,19249.122,ok,current_change,119.844,4.228,562.294,119.169,575.020,0.978
2026-08-04T21:51:09.151-07:00,19250.124,ok,current_change,119.971,4.250,566.922,114.541,578.491,0.979
2026-08-04T21:51:11.156-07:00,19252.129,ok,current_change,119.893,4.230,562.294,124.954,576.177,0.976
2026-08-04T21:51:12.159-07:00,19253.132,ok,current_change,119.903,4.266,566.922,120.326,580.805,0.978
2026-08-04T21:51:18.194-07:00,19259.164,ok,current_change,119.708,4.241,564.608,114.541,576.177,0.979
2026-08-04T21:51:20.206-07:00,19261.176,ok,current_change,119.825,4.274,566.922,120.326,580.805,0.978
2026-08-04T21:51:23.224-07:00,19264.194,ok,current_change,119.698,4.221,559.980,119.169,573.863,0.978
2026-08-04T21:51:24.230-07:00,19265.201,ok,current_change,119.893,4.279,566.922,126.111,581.962,0.976
2026-08-04T21:51:25.237-07:00,19266.207,ok,current_change,119.649,4.257,566.922,114.541,578.491,0.979
2026-08-04T21:51:26.243-07:00,19267.214,ok,current_change,119.581,4.239,562.294,120.326,579.648,0.979
2026-08-04T21:51:29.261-07:00,19270.231,ok,current_change,119.795,4.288,564.608,130.739,580.805,0.974
2026-08-04T21:51:30.268-07:00,19271.238,ok,current_change,119.659,4.261,564.608,120.326,578.491,0.978
2026-08-04T21:51:32.280-07:00,19273.250,ok,current_change,119.717,4.286,569.235,114.541,581.962,0.979
2026-08-04T21:51:35.298-07:00,19276.268,ok,current_change,119.727,4.266,566.922,120.326,579.648,0.978
2026-08-04T21:51:37.310-07:00,19278.281,ok,current_change,119.659,4.243,562.294,120.326,581.962,0.978
2026-08-04T21:51:38.317-07:00,19279.287,ok,current_change,119.620,4.266,564.608,124.954,579.648,0.976
2026-08-04T21:51:40.329-07:00,19281.299,ok,current_change,119.864,4.237,564.608,114.541,577.334,0.978
2026-08-04T21:51:41.339-07:00,19282.309,ok,current_change,119.922,4.219,559.980,119.169,573.863,0.978
2026-08-04T21:51:43.351-07:00,19284.321,ok,current_change,119.825,4.275,564.608,135.367,581.962,0.972
2026-08-04T21:51:44.358-07:00,19285.328,ok,current_change,119.766,4.254,564.608,120.326,578.491,0.978
2026-08-04T21:51:45.364-07:00,19286.334,ok,current_change,119.727,4.228,566.922,120.326,579.648,0.978
2026-08-04T21:51:46.374-07:00,19287.344,ok,current_change,119.893,4.270,569.235,114.541,580.805,0.979
2026-08-04T21:51:48.386-07:00,19289.356,ok,current_change,119.737,4.254,564.608,124.954,578.491,0.976
2026-08-04T21:51:49.392-07:00,19290.362,ok,current_change,119.893,4.286,569.235,120.326,583.119,0.978
2026-08-04T21:51:50.399-07:00,19291.369,ok,current_change,119.756,4.306,569.235,130.739,579.648,0.974
2026-08-04T21:51:51.408-07:00,19292.378,ok,current_change,119.766,4.270,566.922,120.326,580.805,0.978
2026-08-04T21:51:54.426-07:00,19295.396,ok,current_change,119.756,4.288,569.235,120.326,583.119,0.978
2026-08-04T21:51:55.433-07:00,19296.403,ok,current_change,119.542,4.246,562.294,120.326,584.276,0.974
2026-08-04T21:51:57.448-07:00,19298.418,ok,current_change,119.795,4.274,564.608,130.739,580.805,0.974
2026-08-04T21:51:59.460-07:00,19300.430,ok,current_change,119.854,4.234,562.294,120.326,576.177,0.978
2026-08-04T21:52:00.467-07:00,19301.437,ok,current_change,119.844,4.261,566.922,120.326,579.648,0.978
2026-08-04T21:52:03.488-07:00,19304.458,ok,current_change,119.678,4.243,564.608,114.541,576.177,0.979
2026-08-04T21:52:04.495-07:00,19305.465,ok,current_change,119.610,4.263,564.608,124.954,578.491,0.976
2026-08-04T21:52:05.501-07:00,19306.471,ok,current_change,119.688,4.341,576.177,121.483,584.276,0.978
2026-08-04T21:52:06.511-07:00,19307.481,ok,current_change,119.873,4.286,569.235,120.326,583.119,0.978
2026-08-04T21:52:08.520-07:00,19309.493,ok,current_change,119.688,4.255,564.608,120.326,578.491,0.978
2026-08-04T21:52:11.527-07:00,19312.501,ok,current_change,119.795,4.281,566.922,126.111,581.962,0.976
2026-08-04T21:52:13.536-07:00,19314.506,ok,current_change,119.786,4.241,564.608,114.541,578.491,0.979
2026-08-04T21:52:16.554-07:00,19317.524,ok,current_change,119.825,4.303,569.235,136.524,581.962,0.974
2026-08-04T21:52:17.564-07:00,19318.534,ok,current_change,119.698,4.239,562.294,120.326,576.177,0.978
2026-08-04T21:52:18.571-07:00,19319.541,ok,current_change,119.717,4.286,569.235,120.326,575.020,0.976
2026-08-04T21:52:19.577-07:00,19320.547,ok,current_change,119.873,4.263,566.922,114.541,579.648,0.979
2026-08-04T21:52:22.595-07:00,19323.565,ok,current_change,119.766,4.283,569.235,120.326,581.962,0.978
2026-08-04T21:52:25.613-07:00,19326.583,ok,current_change,119.639,4.263,564.608,120.326,578.491,0.978
2026-08-04T21:52:31.648-07:00,19332.619,ok,current_change,119.766,4.246,564.608,114.541,577.334,0.979
2026-08-04T21:52:32.655-07:00,19333.625,ok,current_change,119.834,4.274,566.922,120.326,579.648,0.979
2026-08-04T21:52:33.661-07:00,19334.632,ok,current_change,119.903,4.254,564.608,120.326,578.491,0.978
2026-08-04T21:52:34.672-07:00,19335.642,ok,current_change,119.786,4.308,571.549,120.326,577.334,0.978
2026-08-04T21:52:36.684-07:00,19337.654,ok,current_change,120.117,4.279,569.235,120.326,583.119,0.978
2026-08-04T21:52:38.696-07:00,19339.666,ok,current_change,119.990,4.250,566.922,114.541,578.491,0.979
2026-08-04T21:52:39.706-07:00,19340.676,ok,current_change,119.961,4.279,569.235,126.111,580.805,0.974
2026-08-04T21:52:40.712-07:00,19341.682,ok,current_change,119.854,4.304,569.235,130.739,585.433,0.974
2026-08-04T21:52:41.719-07:00,19342.689,ok,current_change,119.698,4.283,569.235,120.326,581.962,0.978
2026-08-04T21:52:43.731-07:00,19344.701,ok,current_change,119.834,4.241,564.608,120.326,577.334,0.978
2026-08-04T21:52:44.741-07:00,19345.711,ok,current_change,119.903,4.270,571.549,126.111,585.433,0.976
2026-08-04T21:52:46.753-07:00,19347.723,ok,current_change,119.854,4.299,571.549,115.698,584.276,0.979
2026-08-04T21:52:48.765-07:00,19349.735,ok,current_change,119.971,4.266,566.922,120.326,580.805,0.978
2026-08-04T21:52:53.798-07:00,19354.768,ok,current_change,119.922,4.230,562.294,124.954,576.177,0.976
2026-08-04T21:52:54.808-07:00,19355.778,ok,current_change,119.825,4.272,562.294,130.739,578.491,0.974
2026-08-04T21:52:55.815-07:00,19356.785,ok,current_change,120.068,4.252,566.922,120.326,579.648,0.978
2026-08-04T21:52:57.827-07:00,19358.797,ok,current_change,119.961,4.279,569.235,126.111,583.119,0.976
2026-08-04T21:52:59.839-07:00,19360.809,ok,current_change,120.010,4.317,571.549,131.896,586.590,0.974
2026-08-04T21:53:00.846-07:00,19361.816,ok,current_change,119.873,4.270,569.235,114.541,580.805,0.979
2026-08-04T21:53:05.875-07:00,19366.845,ok,current_change,119.766,4.286,569.235,120.326,583.119,0.978
2026-08-04T21:53:07.888-07:00,19368.858,ok,current_change,120.058,4.265,566.922,120.326,580.805,0.978
2026-08-04T21:53:09.900-07:00,19370.870,ok,current_change,119.951,4.239,562.294,124.954,577.334,0.976
2026-08-04T21:53:10.907-07:00,19371.876,ok,current_change,120.010,4.265,564.608,120.326,578.491,0.978
2026-08-04T21:53:12.922-07:00,19373.892,ok,current_change,119.766,4.228,562.294,119.169,585.433,0.978
2026-08-04T21:53:13.928-07:00,19374.898,ok,current_change,120.068,4.274,569.235,120.326,581.962,0.978
2026-08-04T21:53:16.946-07:00,19377.916,ok,current_change,119.990,4.297,569.235,130.739,585.433,0.974
2026-08-04T21:53:20.972-07:00,19381.942,ok,current_change,119.971,4.270,569.235,120.326,585.433,0.976
2026-08-04T21:53:21.978-07:00,19382.948,ok,current_change,119.669,4.299,569.235,130.739,584.276,0.974
2026-08-04T21:53:22.988-07:00,19383.958,ok,current_change,119.912,4.275,569.235,120.326,578.491,0.978
2026-08-04T21:53:27.012-07:00,19387.982,ok,current_change,119.825,4.294,569.235,130.739,584.276,0.974
2026-08-04T21:53:28.022-07:00,19388.992,ok,current_change,119.961,4.274,569.235,120.326,583.119,0.978
2026-08-04T21:53:29.028-07:00,19389.998,ok,current_change,120.000,4.292,569.235,126.111,584.276,0.976
2026-08-04T21:53:31.040-07:00,19392.010,ok,current_change,119.922,4.265,566.922,120.326,580.805,0.978
2026-08-04T21:53:32.047-07:00,19393.017,ok,current_change,119.883,4.288,566.922,130.739,583.119,0.974
2026-08-04T21:53:33.057-07:00,19394.027,ok,current_change,119.756,4.255,566.922,114.541,578.491,0.979
2026-08-04T21:53:34.063-07:00,19395.033,ok,current_change,120.029,4.288,569.235,126.111,584.276,0.976
2026-08-04T21:53:35.069-07:00,19396.040,ok,current_change,119.678,4.304,571.549,115.698,584.276,0.979
2026-08-04T21:53:39.093-07:00,19400.063,ok,current_change,119.815,4.288,569.235,120.326,583.119,0.978
2026-08-04T21:53:43.117-07:00,19404.087,ok,current_change,119.610,4.270,566.922,120.326,579.648,0.978
2026-08-04T21:53:44.123-07:00,19405.093,ok,current_change,119.571,4.303,569.235,126.111,584.276,0.976
2026-08-04T21:53:46.139-07:00,19407.109,ok,current_change,119.815,4.263,566.922,120.326,579.648,0.978
2026-08-04T21:53:47.146-07:00,19408.116,ok,current_change,119.981,4.290,569.235,126.111,581.962,0.976
2026-08-04T21:53:50.164-07:00,19411.134,ok,current_change,119.903,4.319,571.549,131.896,587.747,0.974
2026-08-04T21:53:51.170-07:00,19412.140,ok,current_change,119.766,4.281,569.235,120.326,581.962,0.978
2026-08-04T21:53:52.177-07:00,19413.147,ok,current_change,119.883,4.317,571.549,131.896,587.747,0.974
2026-08-04T21:53:53.183-07:00,19414.153,ok,current_change,119.678,4.252,564.608,114.541,577.334,0.979
2026-08-04T21:53:55.195-07:00,19416.165,ok,current_change,119.981,4.286,569.235,126.111,588.904,0.972
2026-08-04T21:53:57.211-07:00,19418.181,ok,current_change,120.029,4.306,571.549,126.111,583.119,0.978
2026-08-04T21:53:58.217-07:00,19419.188,ok,current_change,119.981,4.265,566.922,120.326,580.805,0.978
2026-08-04T21:53:59.224-07:00,19420.194,ok,current_change,120.088,4.281,569.235,120.326,583.119,0.978
2026-08-04T21:54:00.230-07:00,19421.200,ok,current_change,120.039,4.321,573.863,131.896,588.904,0.974
2026-08-04T21:54:01.239-07:00,19422.209,ok,current_change,120.068,4.286,571.549,120.326,584.276,0.978
2026-08-04T21:54:05.263-07:00,19426.233,ok,current_change,120.078,4.304,571.549,131.896,586.590,0.974
2026-08-04T21:54:06.273-07:00,19427.243,ok,current_change,119.786,4.243,564.608,120.326,577.334,0.978
2026-08-04T21:54:07.279-07:00,19428.249,ok,current_change,119.971,4.261,566.922,120.326,579.648,0.978
2026-08-04T21:54:09.285-07:00,19430.258,ok,current_change,120.000,4.303,571.549,120.326,585.433,0.978
2026-08-04T21:54:11.290-07:00,19432.263,ok,current_change,120.058,4.286,571.549,120.326,583.119,0.978
2026-08-04T21:54:15.310-07:00,19436.280,ok,current_change,119.825,4.319,571.549,131.896,587.747,0.974
2026-08-04T21:54:18.328-07:00,19439.298,ok,current_change,120.049,4.266,569.235,114.541,580.805,0.979
2026-08-04T21:54:19.334-07:00,19440.304,ok,current_change,120.019,4.292,571.549,120.326,584.276,0.978
2026-08-04T21:54:29.393-07:00,19450.363,ok,current_change,119.854,4.310,571.549,126.111,586.590,0.976
2026-08-04T21:54:34.423-07:00,19455.393,ok,current_change,119.893,4.294,571.549,120.326,584.276,0.978
2026-08-04T21:54:35.432-07:00,19456.402,ok,current_change,119.990,4.315,571.549,131.896,585.433,0.976
2026-08-04T21:54:36.438-07:00,19457.408,ok,current_change,120.000,4.299,571.549,120.326,585.433,0.978
2026-08-04T21:54:39.456-07:00,19460.426,ok,current_change,120.000,4.279,569.235,120.326,583.119,0.978
2026-08-04T21:54:41.471-07:00,19462.441,ok,current_change,120.019,4.295,571.549,126.111,585.433,0.976
2026-08-04T21:54:43.484-07:00,19464.454,ok,current_change,120.000,4.279,566.922,130.739,583.119,0.974
2026-08-04T21:54:44.490-07:00,19465.460,ok,current_change,119.825,4.257,566.922,120.326,579.648,0.978
2026-08-04T21:54:45.497-07:00,19466.467,ok,current_change,119.981,4.295,571.549,126.111,581.962,0.978
2026-08-04T21:54:51.532-07:00,19472.502,ok,current_change,119.990,4.321,571.549,131.896,587.747,0.974
2026-08-04T21:54:53.545-07:00,19474.515,ok,current_change,120.000,4.295,571.549,126.111,585.433,0.978
2026-08-04T21:54:55.557-07:00,19476.527,ok,current_change,119.951,4.323,573.863,126.111,588.904,0.976
2026-08-04T21:54:57.569-07:00,19478.539,ok,current_change,119.844,4.301,571.549,120.326,585.433,0.978
2026-08-04T21:55:05.616-07:00,19486.586,ok,current_change,119.708,4.333,576.177,121.483,588.904,0.978
2026-08-04T21:55:07.629-07:00,19488.599,ok,current_change,119.756,4.313,573.863,131.896,590.061,0.974
2026-08-04T21:55:09.641-07:00,19490.611,ok,current_change,120.029,4.330,576.177,126.111,590.061,0.976
2026-08-04T21:55:10.648-07:00,19491.618,ok,current_change,119.961,4.292,571.549,120.326,584.276,0.978
2026-08-04T21:55:11.655-07:00,19492.626,ok,current_change,120.039,4.308,571.549,126.111,586.590,0.976
2026-08-04T21:55:12.662-07:00,19493.632,ok,current_change,119.912,4.288,576.177,131.896,591.218,0.974
2026-08-04T21:55:15.680-07:00,19496.650,ok,current_change,119.961,4.306,571.549,131.896,586.590,0.974
2026-08-04T21:55:18.700-07:00,19499.670,ok,current_change,120.058,4.281,569.235,120.326,583.119,0.978
2026-08-04T21:55:20.712-07:00,19501.682,ok,current_change,120.058,4.310,571.549,131.896,586.590,0.974
2026-08-04T21:55:28.761-07:00,19509.731,ok,current_change,119.990,4.341,573.863,136.524,591.218,0.972
2026-08-04T21:55:29.767-07:00,19510.737,ok,current_change,119.893,4.304,573.863,115.698,585.433,0.979
2026-08-04T21:55:32.785-07:00,19513.755,ok,current_change,120.068,4.266,566.922,120.326,580.805,0.978
2026-08-04T21:55:33.792-07:00,19514.762,ok,current_change,120.010,4.319,573.863,126.111,587.747,0.976
2026-08-04T21:55:34.799-07:00,19515.769,ok,current_change,119.825,4.290,571.549,114.541,583.119,0.979
2026-08-04T21:55:36.812-07:00,19517.782,ok,current_change,119.922,4.313,571.549,126.111,586.590,0.976
2026-08-04T21:55:37.818-07:00,19518.788,ok,current_change,119.942,4.295,571.549,115.698,584.276,0.978
2026-08-04T21:55:38.824-07:00,19519.795,ok,current_change,119.981,4.321,573.863,121.483,587.747,0.978
2026-08-04T21:55:40.838-07:00,19521.808,ok,current_change,119.971,4.304,573.863,121.483,586.590,0.978
2026-08-04T21:55:44.862-07:00,19525.832,ok,current_change,119.912,4.342,576.177,131.896,591.218,0.974
2026-08-04T21:55:45.870-07:00,19526.840,ok,current_change,119.873,4.313,573.863,115.698,586.590,0.979
2026-08-04T21:55:48.888-07:00,19529.858,ok,current_change,120.058,4.342,578.491,115.698,591.218,0.979
2026-08-04T21:55:49.894-07:00,19530.864,ok,current_change,120.107,4.323,576.177,121.483,584.276,0.978
2026-08-04T21:55:50.903-07:00,19531.873,ok,current_change,119.961,4.339,573.863,131.896,590.061,0.974
2026-08-04T21:55:51.909-07:00,19532.879,ok,current_change,120.058,4.321,576.177,121.483,588.904,0.978
2026-08-04T21:55:53.921-07:00,19534.891,ok,current_change,119.903,4.303,571.549,120.326,585.433,0.978
2026-08-04T21:55:55.933-07:00,19536.903,ok,current_change,120.127,4.341,576.177,127.268,591.218,0.976
2026-08-04T21:55:56.940-07:00,19537.910,ok,current_change,120.078,4.317,576.177,115.698,587.747,0.979
2026-08-04T21:56:01.969-07:00,19542.939,ok,current_change,119.893,4.335,576.177,126.111,590.061,0.976
2026-08-04T21:56:04.987-07:00,19545.957,ok,current_change,120.029,4.313,573.863,121.483,585.433,0.976
2026-08-04T21:56:07.000-07:00,19547.970,ok,current_change,120.039,4.348,576.177,131.896,592.375,0.975
2026-08-04T21:56:08.006-07:00,19548.976,ok,current_change,120.068,4.321,576.177,121.483,588.904,0.978
2026-08-04T21:56:09.009-07:00,19549.983,ok,current_change,120.107,4.292,571.549,126.111,585.433,0.976
2026-08-04T21:56:10.012-07:00,19550.986,ok,current_change,120.010,4.310,571.549,131.896,586.590,0.974
2026-08-04T21:56:14.025-07:00,19554.995,ok,current_change,120.049,4.281,569.235,120.326,583.119,0.978
2026-08-04T21:56:15.032-07:00,19556.002,ok,current_change,120.049,4.333,576.177,126.111,586.590,0.978
2026-08-04T21:56:16.039-07:00,19557.009,ok,current_change,120.029,4.303,573.863,121.483,586.590,0.978
2026-08-04T21:56:18.051-07:00,19559.021,ok,current_change,119.990,4.332,573.863,131.896,590.061,0.974
2026-08-04T21:56:23.081-07:00,19564.051,ok,current_change,119.854,4.304,576.177,126.111,590.061,0.976
2026-08-04T21:56:24.089-07:00,19565.059,ok,current_change,120.107,4.346,576.177,131.896,592.375,0.975
2026-08-04T21:56:25.096-07:00,19566.066,ok,current_change,120.029,4.323,578.491,115.698,590.061,0.979
2026-08-04T21:56:28.114-07:00,19569.084,ok,current_change,120.000,4.288,569.235,126.111,584.276,0.976
2026-08-04T21:56:29.122-07:00,19570.092,ok,current_change,119.873,4.344,576.177,131.896,591.218,0.974
2026-08-04T21:56:30.128-07:00,19571.098,ok,current_change,120.107,4.319,573.863,126.111,588.904,0.976
2026-08-04T21:56:32.141-07:00,19573.111,ok,current_change,120.019,4.346,576.177,131.896,588.904,0.974
2026-08-04T21:56:33.147-07:00,19574.117,ok,current_change,120.136,4.328,576.177,121.483,590.061,0.978
2026-08-04T21:56:41.196-07:00,19582.166,ok,current_change,120.010,4.344,576.177,127.268,591.218,0.976
2026-08-04T21:56:43.208-07:00,19584.178,ok,current_change,120.029,4.315,573.863,126.111,587.747,0.976
2026-08-04T21:56:45.220-07:00,19586.190,ok,current_change,120.049,4.286,569.235,126.111,584.276,0.976
2026-08-04T21:56:46.227-07:00,19587.197,ok,current_change,120.078,4.342,576.177,127.268,591.218,0.976
2026-08-04T21:56:47.233-07:00,19588.203,ok,current_change,120.049,4.319,573.863,121.483,586.590,0.978
2026-08-04T21:56:52.263-07:00,19593.233,ok,current_change,119.922,4.364,578.491,131.896,591.218,0.972
2026-08-04T21:56:53.270-07:00,19594.240,ok,current_change,120.029,4.301,573.863,115.698,585.433,0.979
2026-08-04T21:56:54.276-07:00,19595.246,ok,current_change,120.039,4.321,576.177,121.483,588.904,0.978
2026-08-04T21:56:58.300-07:00,19599.270,ok,current_change,120.010,4.355,578.491,131.896,593.532,0.975
2026-08-04T21:56:59.307-07:00,19600.277,ok,current_change,119.893,4.299,571.549,126.111,585.433,0.976
2026-08-04T21:57:03.331-07:00,19604.301,ok,current_change,120.146,4.324,573.863,126.111,588.904,0.976
2026-08-04T21:57:04.338-07:00,19605.308,ok,current_change,119.932,4.294,571.549,120.326,584.276,0.978
2026-08-04T21:57:05.345-07:00,19606.315,ok,current_change,120.175,4.332,576.177,121.483,590.061,0.978
2026-08-04T21:57:07.357-07:00,19608.327,ok,current_change,120.068,4.313,573.863,121.483,587.747,0.978
2026-08-04T21:57:09.363-07:00,19610.336,ok,current_change,120.107,4.355,578.491,131.896,593.532,0.975
2026-08-04T21:57:10.365-07:00,19611.339,ok,current_change,120.292,4.337,578.491,121.483,592.375,0.979
2026-08-04T21:57:12.370-07:00,19613.344,ok,current_change,119.951,4.371,578.491,131.896,594.689,0.975
2026-08-04T21:57:13.377-07:00,19614.347,ok,current_change,120.029,4.328,576.177,115.698,588.904,0.979
2026-08-04T21:57:14.383-07:00,19615.353,ok,current_change,120.010,4.346,578.491,121.483,590.061,0.978
2026-08-04T21:57:15.391-07:00,19616.361,ok,current_change,120.058,4.362,578.491,137.681,594.689,0.973
2026-08-04T21:57:16.397-07:00,19617.367,ok,current_change,120.039,4.328,576.177,121.483,590.061,0.978
2026-08-04T21:57:19.415-07:00,19620.385,ok,current_change,120.029,4.312,573.863,126.111,590.061,0.978
2026-08-04T21:57:21.429-07:00,19622.399,ok,current_change,120.039,4.346,578.491,127.268,588.904,0.976
2026-08-04T21:57:22.436-07:00,19623.406,ok,current_change,119.961,4.319,573.863,121.483,587.747,0.978
2026-08-04T21:57:26.459-07:00,19627.430,ok,current_change,119.990,4.344,576.177,127.268,591.218,0.976
2026-08-04T21:57:28.472-07:00,19629.442,ok,current_change,120.097,4.319,576.177,121.483,588.904,0.978
2026-08-04T21:57:30.484-07:00,19631.454,ok,current_change,120.107,4.346,578.491,121.483,592.375,0.979
2026-08-04T21:57:31.490-07:00,19632.460,ok,current_change,119.942,4.317,573.863,126.111,587.747,0.976
2026-08-04T21:57:32.499-07:00,19633.469,ok,current_change,120.117,4.346,578.491,127.268,592.375,0.977
2026-08-04T21:57:36.523-07:00,19637.493,ok,current_change,120.058,4.326,576.177,115.698,591.218,0.976
2026-08-04T21:57:38.536-07:00,19639.506,ok,current_change,120.107,4.371,580.805,131.896,595.846,0.975
2026-08-04T21:57:39.543-07:00,19640.513,ok,current_change,120.078,4.332,576.177,121.483,590.061,0.978
2026-08-04T21:57:40.549-07:00,19641.519,ok,current_change,120.029,4.355,578.491,127.268,593.532,0.977
2026-08-04T21:57:41.556-07:00,19642.526,ok,current_change,119.834,4.330,576.177,127.268,591.218,0.976
2026-08-04T21:57:50.609-07:00,19651.580,ok,current_change,120.078,4.361,578.491,131.896,593.532,0.975
2026-08-04T21:57:54.633-07:00,19655.603,ok,current_change,120.058,4.332,576.177,121.483,590.061,0.978
2026-08-04T21:57:56.646-07:00,19657.616,ok,current_change,120.019,4.375,578.491,137.681,594.689,0.975
2026-08-04T21:57:57.652-07:00,19658.622,ok,current_change,120.029,4.344,578.491,121.483,591.218,0.978
2026-08-04T21:58:03.687-07:00,19664.658,ok,current_change,119.990,4.324,576.177,121.483,588.904,0.978
2026-08-04T21:58:04.694-07:00,19665.664,ok,current_change,120.010,4.342,578.491,121.483,591.218,0.978
2026-08-04T21:58:09.717-07:00,19670.691,ok,current_change,119.912,4.361,580.805,121.483,593.532,0.979
2026-08-04T21:58:10.720-07:00,19671.693,ok,current_change,119.854,4.342,580.805,121.483,593.532,0.979
2026-08-04T21:58:18.759-07:00,19679.730,ok,current_change,120.049,4.317,573.863,121.483,587.747,0.978
2026-08-04T21:58:20.772-07:00,19681.742,ok,current_change,120.000,4.348,578.491,127.268,592.375,0.977
2026-08-04T21:58:21.778-07:00,19682.748,ok,current_change,120.010,4.323,573.863,126.111,588.904,0.976
2026-08-04T21:58:23.791-07:00,19684.761,ok,current_change,120.000,4.344,578.491,121.483,591.218,0.978
2026-08-04T21:58:25.803-07:00,19686.773,ok,current_change,119.844,4.328,576.177,121.483,588.904,0.978
2026-08-04T21:58:26.809-07:00,19687.779,ok,current_change,120.049,4.368,580.805,127.268,594.689,0.977
2026-08-04T21:58:28.822-07:00,19689.792,ok,current_change,120.107,4.348,578.491,121.483,592.375,0.979
2026-08-04T21:58:33.853-07:00,19694.823,ok,current_change,120.010,4.375,578.491,137.681,595.846,0.973
2026-08-04T21:58:34.861-07:00,19695.831,ok,current_change,119.971,4.346,578.491,115.698,592.375,0.980
2026-08-04T21:58:39.891-07:00,19700.861,ok,current_change,119.912,4.368,578.491,131.896,592.375,0.977
2026-08-04T21:58:40.897-07:00,19701.867,ok,current_change,120.068,4.350,578.491,121.483,592.375,0.979
2026-08-04T21:58:43.915-07:00,19704.885,ok,current_change,120.117,4.330,576.177,121.483,590.061,0.978
2026-08-04T21:58:45.927-07:00,19706.897,ok,current_change,120.292,4.370,580.805,127.268,595.846,0.977
2026-08-04T21:58:49.951-07:00,19710.921,ok,current_change,120.039,4.335,576.177,126.111,590.061,0.976
2026-08-04T21:58:51.963-07:00,19712.933,ok,current_change,119.854,4.351,578.491,127.268,592.375,0.977
2026-08-04T21:58:52.970-07:00,19713.940,ok,current_change,120.029,4.373,578.491,131.896,594.689,0.975
2026-08-04T21:58:53.976-07:00,19714.946,ok,current_change,119.815,4.335,576.177,115.698,588.904,0.979
2026-08-04T21:58:55.989-07:00,19716.959,ok,current_change,120.029,4.359,578.491,131.896,593.532,0.975
2026-08-04T21:58:56.995-07:00,19717.965,ok,current_change,119.961,4.335,576.177,121.483,590.061,0.978
2026-08-04T21:59:02.029-07:00,19722.999,ok,current_change,120.039,4.368,580.805,127.268,594.689,0.977
2026-08-04T21:59:03.036-07:00,19724.006,ok,current_change,119.961,4.342,578.491,121.483,591.218,0.978
2026-08-04T21:59:06.054-07:00,19727.024,ok,current_change,120.029,4.366,580.805,127.268,594.689,0.977
2026-08-04T21:59:08.069-07:00,19729.036,ok,current_change,119.893,4.342,578.491,121.483,592.375,0.979
2026-08-04T21:59:11.077-07:00,19732.050,ok,current_change,120.097,4.373,580.805,127.268,595.846,0.977
2026-08-04T21:59:12.079-07:00,19733.053,ok,current_change,120.156,4.341,576.177,131.896,591.218,0.974
2026-08-04T21:59:14.088-07:00,19735.058,ok,current_change,120.029,4.359,580.805,121.483,593.532,0.979
2026-08-04T21:59:16.100-07:00,19737.070,ok,current_change,120.078,4.342,576.177,121.483,590.061,0.978
2026-08-04T21:59:18.113-07:00,19739.083,ok,current_change,119.922,4.371,578.491,131.896,594.689,0.977
2026-08-04T21:59:19.119-07:00,19740.089,ok,current_change,120.097,4.351,580.805,115.698,592.375,0.980
2026-08-04T21:59:20.128-07:00,19741.098,ok,current_change,120.088,4.368,580.805,121.483,594.689,0.979
2026-08-04T21:59:25.157-07:00,19746.127,ok,current_change,120.010,4.388,583.119,127.268,597.003,0.977
2026-08-04T21:59:27.170-07:00,19748.140,ok,current_change,120.010,4.353,578.491,121.483,592.375,0.979
2026-08-04T21:59:28.176-07:00,19749.146,ok,current_change,120.010,4.371,578.491,131.896,593.532,0.975
2026-08-04T21:59:29.183-07:00,19750.153,ok,current_change,119.912,4.339,576.177,121.483,590.061,0.978
2026-08-04T21:59:31.195-07:00,19752.165,ok,current_change,119.854,4.371,578.491,131.896,594.689,0.975
2026-08-04T21:59:33.208-07:00,19754.178,ok,current_change,119.834,4.351,578.491,121.483,592.375,0.980
2026-08-04T21:59:38.237-07:00,19759.207,ok,current_change,119.766,4.388,580.805,131.896,595.846,0.975
2026-08-04T21:59:39.244-07:00,19760.214,ok,current_change,119.786,4.370,580.805,115.698,593.532,0.980
2026-08-04T21:59:40.250-07:00,19761.220,ok,current_change,119.903,4.388,583.119,127.268,597.003,0.977
2026-08-04T21:59:43.268-07:00,19764.239,ok,current_change,119.834,4.368,580.805,121.483,593.532,0.979
2026-08-04T21:59:45.282-07:00,19766.252,ok,current_change,120.010,4.404,583.119,133.053,599.317,0.975
2026-08-04T21:59:46.289-07:00,19767.259,ok,current_change,120.019,4.351,580.805,115.698,595.846,0.979
2026-08-04T21:59:47.295-07:00,19768.265,ok,current_change,120.068,4.375,583.119,121.483,595.846,0.979
2026-08-04T21:59:48.302-07:00,19769.272,ok,current_change,120.019,4.351,576.177,131.896,592.375,0.975
2026-08-04T21:59:51.321-07:00,19772.292,ok,current_change,120.010,4.382,580.805,127.268,594.689,0.977
2026-08-04T21:59:52.328-07:00,19773.298,ok,current_change,120.039,4.353,578.491,127.268,592.375,0.977
2026-08-04T21:59:57.358-07:00,19778.328,ok,current_change,119.893,4.371,580.805,127.268,594.689,0.977
2026-08-04T21:59:58.364-07:00,19779.334,ok,current_change,119.717,4.409,583.119,133.053,599.317,0.975
2026-08-04T21:59:59.371-07:00,19780.341,ok,current_change,119.678,4.371,578.491,127.268,593.532,0.977
2026-08-04T22:00:02.391-07:00,19783.361,ok,current_change,119.678,4.393,580.805,133.053,597.003,0.975
2026-08-04T22:00:04.404-07:00,19785.374,ok,current_change,119.786,4.368,578.491,127.268,593.532,0.977
2026-08-04T22:00:13.458-07:00,19794.428,ok,current_change,119.825,4.388,580.805,137.681,597.003,0.973
2026-08-04T22:00:21.506-07:00,19802.476,ok,current_change,119.766,4.371,580.805,115.698,593.532,0.980
2026-08-04T22:00:27.541-07:00,19808.511,ok,current_change,119.854,4.404,583.119,137.681,599.317,0.973
2026-08-04T22:00:28.547-07:00,19809.518,ok,current_change,119.815,4.368,580.805,121.483,593.532,0.979
2026-08-04T22:00:34.583-07:00,19815.553,ok,current_change,119.766,4.415,583.119,137.681,600.474,0.973
2026-08-04T22:00:35.589-07:00,19816.559,ok,current_change,119.795,4.386,583.119,121.483,595.846,0.979
2026-08-04T22:00:37.601-07:00,19818.571,ok,current_change,119.591,4.366,578.491,121.483,592.375,0.979
2026-08-04T22:00:38.608-07:00,19819.578,ok,current_change,119.776,4.399,580.805,137.681,598.160,0.973
2026-08-04T22:00:39.614-07:00,19820.584,ok,current_change,119.737,4.371,578.491,121.483,592.375,0.979
2026-08-04T22:00:41.628-07:00,19822.598,ok,current_change,119.844,4.390,583.119,127.268,593.532,0.975
2026-08-04T22:00:43.641-07:00,19824.611,ok,current_change,119.990,4.359,580.805,121.483,593.532,0.979
2026-08-04T22:00:47.665-07:00,19828.635,ok,current_change,119.844,4.409,585.433,122.640,592.375,0.979
2026-08-04T22:00:48.671-07:00,19829.641,ok,current_change,119.786,4.361,578.491,121.483,592.375,0.979
2026-08-04T22:00:49.678-07:00,19830.648,ok,current_change,119.971,4.419,585.433,137.681,601.631,0.973
2026-08-04T22:00:50.684-07:00,19831.654,ok,current_change,120.000,4.397,585.433,122.640,598.160,0.979
2026-08-04T22:00:51.691-07:00,19832.661,ok,current_change,119.932,4.361,578.491,127.268,593.532,0.977
2026-08-04T22:00:52.697-07:00,19833.667,ok,current_change,119.825,4.386,580.805,127.268,595.846,0.977
2026-08-04T22:00:57.729-07:00,19838.699,ok,current_change,119.864,4.364,580.805,121.483,593.532,0.979
2026-08-04T22:00:58.733-07:00,19839.706,ok,current_change,119.893,4.380,583.119,121.483,595.846,0.979
2026-08-04T22:00:59.736-07:00,19840.709,ok,current_change,119.893,4.362,578.491,127.268,593.532,0.977
2026-08-04T22:01:00.738-07:00,19841.712,ok,current_change,119.981,4.386,583.119,127.268,597.003,0.977
2026-08-04T22:01:03.749-07:00,19844.719,ok,current_change,119.903,4.428,585.433,137.681,602.788,0.973
2026-08-04T22:01:04.756-07:00,19845.726,ok,current_change,119.903,4.386,585.433,122.640,598.160,0.979
2026-08-04T22:01:07.774-07:00,19848.744,ok,current_change,119.903,4.406,583.119,133.053,599.317,0.975
2026-08-04T22:01:08.777-07:00,19849.751,ok,current_change,120.010,4.382,583.119,127.268,597.003,0.977
2026-08-04T22:01:14.799-07:00,19855.769,ok,current_change,119.864,4.400,583.119,133.053,598.160,0.975
2026-08-04T22:01:24.858-07:00,19865.828,ok,current_change,119.981,4.382,583.119,127.268,597.003,0.977
2026-08-04T22:01:25.864-07:00,19866.835,ok,current_change,119.747,4.408,583.119,133.053,599.317,0.975
2026-08-04T22:01:26.871-07:00,19867.841,ok,current_change,119.805,4.390,583.119,127.268,597.003,0.977
2026-08-04T22:01:32.907-07:00,19873.877,ok,current_change,119.873,4.406,585.433,127.268,599.317,0.977
2026-08-04T22:01:33.913-07:00,19874.883,ok,current_change,119.912,4.429,585.433,137.681,602.788,0.973
2026-08-04T22:01:34.920-07:00,19875.890,ok,current_change,119.912,4.393,583.119,127.268,598.160,0.977
2026-08-04T22:01:35.926-07:00,19876.896,ok,current_change,120.010,4.411,587.747,122.640,599.317,0.979
2026-08-04T22:01:38.944-07:00,19879.914,ok,current_change,119.893,4.390,585.433,127.268,599.317,0.977
2026-08-04T22:01:41.963-07:00,19882.933,ok,current_change,119.990,4.420,585.433,137.681,601.631,0.973
2026-08-04T22:01:42.969-07:00,19883.939,ok,current_change,119.922,4.400,585.433,122.640,598.160,0.979
2026-08-04T22:01:45.987-07:00,19886.957,ok,current_change,119.737,4.417,583.119,137.681,600.474,0.973
2026-08-04T22:01:46.994-07:00,19887.964,ok,current_change,119.922,4.395,585.433,122.640,595.846,0.979
2026-08-04T22:01:49.006-07:00,19889.976,ok,current_change,120.049,4.413,587.747,122.640,600.474,0.979
2026-08-04T22:01:50.012-07:00,19890.983,ok,current_change,119.961,4.431,583.119,137.681,600.474,0.973
2026-08-04T22:01:52.025-07:00,19892.995,ok,current_change,119.961,4.402,585.433,122.640,599.317,0.979
2026-08-04T22:01:58.060-07:00,19899.031,ok,current_change,119.971,4.420,585.433,137.681,601.631,0.973
2026-08-04T22:02:00.073-07:00,19901.043,ok,current_change,119.990,4.393,585.433,122.640,598.160,0.979
2026-08-04T22:02:05.101-07:00,19906.071,ok,current_change,119.903,4.475,594.689,128.425,608.573,0.977
2026-08-04T22:02:06.108-07:00,19907.078,ok,current_change,119.912,4.440,587.747,138.838,603.945,0.973
2026-08-04T22:02:07.114-07:00,19908.084,ok,current_change,119.756,4.419,587.747,122.640,600.474,0.979
2026-08-04T22:02:09.125-07:00,19910.096,ok,current_change,119.893,4.388,583.119,121.483,597.003,0.979
2026-08-04T22:02:11.138-07:00,19912.108,ok,current_change,119.903,4.406,585.433,122.640,599.317,0.979
2026-08-04T22:02:15.162-07:00,19916.132,ok,current_change,119.864,4.379,580.805,127.268,595.846,0.977
2026-08-04T22:02:18.180-07:00,19919.150,ok,current_change,120.019,4.415,585.433,137.681,601.631,0.973
2026-08-04T22:02:22.204-07:00,19923.174,ok,current_change,119.971,4.437,585.433,137.681,602.788,0.973
2026-08-04T22:02:23.211-07:00,19924.181,ok,current_change,120.000,4.415,587.747,122.640,600.474,0.979
2026-08-04T22:02:28.242-07:00,19929.212,ok,current_change,120.000,4.399,585.433,127.268,599.317,0.977
2026-08-04T22:02:29.251-07:00,19930.221,ok,current_change,119.981,4.426,587.747,128.425,602.788,0.977
2026-08-04T22:02:31.263-07:00,19932.233,ok,current_change,119.922,4.404,585.433,127.268,599.317,0.977
2026-08-04T22:02:38.304-07:00,19939.274,ok,current_change,119.815,4.422,585.433,137.681,601.631,0.975
2026-08-04T22:02:41.323-07:00,19942.293,ok,current_change,119.990,4.404,585.433,122.640,601.631,0.977
2026-08-04T22:02:46.353-07:00,19947.323,ok,current_change,119.922,4.426,585.433,133.053,601.631,0.975
2026-08-04T22:02:48.365-07:00,19949.335,ok,current_change,120.019,4.406,585.433,122.640,599.317,0.979
2026-08-04T22:02:54.401-07:00,19955.371,ok,current_change,119.971,4.422,587.747,128.425,601.631,0.977
2026-08-04T22:03:00.437-07:00,19961.407,ok,current_change,119.903,4.402,585.433,127.268,599.317,0.977
2026-08-04T22:03:03.455-07:00,19964.425,ok,current_change,120.049,4.435,587.747,138.838,603.945,0.973
2026-08-04T22:03:04.461-07:00,19965.431,ok,current_change,119.844,4.402,585.433,122.640,598.160,0.979
2026-08-04T22:03:07.480-07:00,19968.450,ok,current_change,119.942,4.382,580.805,127.268,595.846,0.977
2026-08-04T22:03:10.488-07:00,19971.461,ok,current_change,120.029,4.404,585.433,122.640,599.317,0.979
2026-08-04T22:03:11.490-07:00,19972.464,ok,current_change,120.049,4.433,587.747,138.838,603.945,0.973
2026-08-04T22:03:13.499-07:00,19974.469,ok,current_change,120.127,4.409,587.747,122.640,600.474,0.979
2026-08-04T22:03:22.552-07:00,19983.522,ok,current_change,120.146,4.390,585.433,122.640,598.160,0.979
2026-08-04T22:03:23.559-07:00,19984.529,ok,current_change,120.117,4.413,585.433,137.681,601.631,0.973
2026-08-04T22:03:24.565-07:00,19985.535,ok,current_change,120.127,4.380,583.119,121.483,597.003,0.979
2026-08-04T22:03:26.577-07:00,19987.547,ok,current_change,119.971,4.404,585.433,127.268,599.317,0.977
2026-08-04T22:03:27.584-07:00,19988.554,ok,current_change,120.078,4.431,587.747,138.838,603.945,0.973
2026-08-04T22:03:29.596-07:00,19990.566,ok,current_change,120.136,4.408,585.433,122.640,599.317,0.979
2026-08-04T22:03:31.608-07:00,19992.579,ok,current_change,120.127,4.433,587.747,138.838,603.945,0.973
2026-08-04T22:03:32.617-07:00,19993.587,ok,current_change,120.117,4.406,585.433,127.268,600.474,0.977
2026-08-04T22:03:34.629-07:00,19995.599,ok,current_change,120.127,4.422,587.747,128.425,599.317,0.977
2026-08-04T22:03:37.647-07:00,19998.617,ok,current_change,120.019,4.406,585.433,122.640,599.317,0.977
2026-08-04T22:03:40.665-07:00,20001.635,ok,current_change,120.146,4.386,583.119,127.268,597.003,0.977
2026-08-04T22:03:42.678-07:00,20003.648,ok,current_change,120.146,4.411,587.747,128.425,601.631,0.977
2026-08-04T22:03:46.704-07:00,20007.674,ok,current_change,119.951,4.379,583.119,121.483,595.846,0.979
2026-08-04T22:03:47.710-07:00,20008.680,ok,current_change,120.107,4.406,585.433,133.053,600.474,0.975
2026-08-04T22:03:51.736-07:00,20012.706,ok,current_change,120.029,4.424,585.433,137.681,602.788,0.973
2026-08-04T22:03:54.754-07:00,20015.724,ok,current_change,120.156,4.399,585.433,122.640,599.317,0.979
2026-08-04T22:04:07.831-07:00,20028.801,ok,current_change,120.136,4.440,590.061,133.053,605.102,0.975
2026-08-04T22:04:08.834-07:00,20029.807,ok,current_change,120.136,4.417,587.747,128.425,601.631,0.977
2026-08-04T22:04:11.841-07:00,20032.815,ok,current_change,120.078,4.435,590.061,128.425,603.945,0.977
2026-08-04T22:04:12.844-07:00,20033.817,ok,current_change,120.088,4.399,583.119,133.053,599.317,0.975
2026-08-04T22:04:15.862-07:00,20036.832,ok,current_change,120.127,4.426,587.747,128.425,602.788,0.977
2026-08-04T22:04:16.868-07:00,20037.838,ok,current_change,119.961,4.409,585.433,133.053,600.474,0.975
2026-08-04T22:04:18.880-07:00,20039.851,ok,current_change,120.097,4.393,585.433,122.640,598.160,0.979
2026-08-04T22:04:19.887-07:00,20040.857,ok,current_change,120.068,4.411,585.433,127.268,600.474,0.977
2026-08-04T22:04:24.917-07:00,20045.887,ok,current_change,120.117,4.446,590.061,133.053,605.102,0.975
2026-08-04T22:04:26.929-07:00,20047.899,ok,current_change,120.156,4.409,587.747,122.640,600.474,0.979
2026-08-04T22:04:33.971-07:00,20054.941,ok,current_change,119.873,4.429,585.433,137.681,602.788,0.973
2026-08-04T22:04:35.983-07:00,20056.953,ok,current_change,120.058,4.402,585.433,122.640,599.317,0.979
2026-08-04T22:04:37.995-07:00,20058.965,ok,current_change,120.049,4.435,585.433,138.838,601.631,0.975
2026-08-04T22:04:39.002-07:00,20059.972,ok,current_change,120.068,4.408,585.433,127.268,600.474,0.977
2026-08-04T22:04:42.028-07:00,20062.998,ok,current_change,120.000,4.440,590.061,128.425,601.631,0.977
2026-08-04T22:04:45.047-07:00,20066.017,ok,current_change,120.107,4.420,587.747,122.640,601.631,0.977
2026-08-04T22:04:47.059-07:00,20068.029,ok,current_change,120.019,4.442,587.747,138.838,605.102,0.973
2026-08-04T22:04:48.065-07:00,20069.035,ok,current_change,120.107,4.417,585.433,127.268,600.474,0.977
2026-08-04T22:04:51.083-07:00,20072.054,ok,current_change,120.136,4.437,587.747,133.053,603.945,0.975
2026-08-04T22:04:52.090-07:00,20073.060,ok,current_change,120.039,4.420,587.747,128.425,601.631,0.977
2026-08-04T22:04:55.108-07:00,20076.078,ok,current_change,120.175,4.404,585.433,127.268,600.474,0.977
2026-08-04T22:04:59.132-07:00,20080.103,ok,current_change,120.097,4.426,587.747,128.425,601.631,0.977
2026-08-04T22:05:05.167-07:00,20086.137,ok,current_change,120.068,4.509,597.003,139.995,614.358,0.974
2026-08-04T22:05:06.173-07:00,20087.143,ok,current_change,120.097,4.417,587.747,122.640,601.631,0.979
2026-08-04T22:05:08.184-07:00,20089.156,ok,current_change,120.127,4.440,590.061,128.425,605.102,0.977
2026-08-04T22:05:09.190-07:00,20090.160,ok,current_change,120.156,4.460,592.375,134.210,607.416,0.975
2026-08-04T22:05:10.196-07:00,20091.167,ok,current_change,120.000,4.438,590.061,122.640,603.945,0.979
2026-08-04T22:05:12.211-07:00,20093.181,ok,current_change,120.088,4.415,587.747,128.425,601.631,0.977
2026-08-04T22:05:18.246-07:00,20099.216,ok,current_change,119.893,4.446,587.747,138.838,605.102,0.973
2026-08-04T22:05:19.253-07:00,20100.223,ok,current_change,120.058,4.424,587.747,128.425,602.788,0.977
2026-08-04T22:05:20.259-07:00,20101.229,ok,current_change,120.058,4.440,590.061,128.425,605.102,0.977
2026-08-04T22:05:28.306-07:00,20109.277,ok,current_change,119.932,4.422,587.747,128.425,603.945,0.977
2026-08-04T22:05:29.313-07:00,20110.283,ok,current_change,120.078,4.440,592.375,122.640,605.102,0.979
2026-08-04T22:05:33.337-07:00,20114.307,ok,current_change,120.107,4.415,587.747,122.640,601.631,0.979
2026-08-04T22:05:36.357-07:00,20117.327,ok,current_change,119.961,4.471,592.375,134.210,608.573,0.975
2026-08-04T22:05:37.363-07:00,20118.333,ok,current_change,119.854,4.444,587.747,133.053,603.945,0.975
2026-08-04T22:05:38.370-07:00,20119.340,ok,current_change,119.942,4.419,587.747,122.640,601.631,0.979
2026-08-04T22:05:40.384-07:00,20121.354,ok,current_change,119.815,4.446,590.061,122.640,603.945,0.979
2026-08-04T22:05:42.396-07:00,20123.366,ok,current_change,120.000,4.393,590.061,133.053,606.259,0.975
2026-08-04T22:05:43.403-07:00,20124.373,ok,current_change,120.029,4.428,590.061,122.640,602.788,0.979
2026-08-04T22:05:45.417-07:00,20126.387,ok,current_change,120.097,4.458,592.375,128.425,607.416,0.977
2026-08-04T22:05:46.424-07:00,20127.394,ok,current_change,120.049,4.438,587.747,133.053,603.945,0.975
2026-08-04T22:05:49.442-07:00,20130.412,ok,current_change,120.039,4.406,585.433,127.268,600.474,0.977
2026-08-04T22:05:55.477-07:00,20136.447,ok,current_change,120.049,4.458,590.061,138.838,607.416,0.973
2026-08-04T22:05:56.484-07:00,20137.454,ok,current_change,120.010,4.429,587.747,128.425,599.317,0.977
2026-08-04T22:06:00.507-07:00,20141.478,ok,current_change,120.107,4.446,590.061,133.053,605.102,0.975
2026-08-04T22:06:01.516-07:00,20142.486,ok,current_change,120.088,4.424,587.747,128.425,602.788,0.977
2026-08-04T22:06:03.528-07:00,20144.498,ok,current_change,120.078,4.442,590.061,128.425,605.102,0.977
2026-08-04T22:06:05.540-07:00,20146.511,ok,current_change,120.146,4.471,592.375,138.838,609.730,0.973
2026-08-04T22:06:06.549-07:00,20147.519,ok,current_change,119.815,4.446,590.061,122.640,603.945,0.979
2026-08-04T22:06:07.555-07:00,20148.525,ok,current_change,120.039,4.415,592.375,122.640,605.102,0.979
2026-08-04T22:06:08.558-07:00,20149.532,ok,current_change,120.107,4.457,594.689,122.640,607.416,0.979
2026-08-04T22:06:09.561-07:00,20150.535,ok,current_change,120.049,4.420,585.433,133.053,601.631,0.975
2026-08-04T22:06:13.574-07:00,20154.544,ok,current_change,120.000,4.455,587.747,128.425,602.788,0.977
2026-08-04T22:06:14.581-07:00,20155.551,ok,current_change,119.893,4.471,592.375,138.838,608.573,0.973
2026-08-04T22:06:15.587-07:00,20156.557,ok,current_change,119.951,4.438,590.061,122.640,603.945,0.979
2026-08-04T22:06:17.600-07:00,20158.570,ok,current_change,120.136,4.462,594.689,122.640,607.416,0.979
2026-08-04T22:06:20.618-07:00,20161.588,ok,current_change,119.961,4.440,590.061,122.640,603.945,0.979
2026-08-04T22:06:31.682-07:00,20172.652,ok,current_change,119.981,4.408,585.433,127.268,600.474,0.977
2026-08-04T22:06:32.689-07:00,20173.659,ok,current_change,120.029,4.451,592.375,128.425,606.259,0.977
2026-08-04T22:06:36.713-07:00,20177.683,ok,current_change,119.815,4.435,594.689,128.425,608.573,0.977
2026-08-04T22:06:37.721-07:00,20178.691,ok,current_change,120.000,4.417,587.747,128.425,601.631,0.977
2026-08-04T22:06:38.727-07:00,20179.697,ok,current_change,120.000,4.448,590.061,133.053,607.416,0.975
2026-08-04T22:06:41.745-07:00,20182.715,ok,current_change,119.971,4.424,587.747,128.425,603.945,0.979
2026-08-04T22:06:42.753-07:00,20183.723,ok,current_change,120.136,4.453,592.375,122.640,606.259,0.979
2026-08-04T22:06:45.771-07:00,20186.741,ok,current_change,119.893,4.406,585.433,122.640,599.317,0.979
2026-08-04T22:06:48.789-07:00,20189.760,ok,current_change,119.873,4.428,587.747,128.425,601.631,0.977
2026-08-04T22:06:52.813-07:00,20193.783,ok,current_change,120.039,4.455,592.375,128.425,606.259,0.977
2026-08-04T22:06:54.826-07:00,20195.796,ok,current_change,119.873,4.484,594.689,134.210,609.730,0.975
2026-08-04T22:06:56.838-07:00,20197.808,ok,current_change,119.922,4.429,590.061,122.640,602.788,0.979
2026-08-04T22:06:58.850-07:00,20199.820,ok,current_change,120.010,4.462,594.689,122.640,607.416,0.979
2026-08-04T22:07:00.865-07:00,20201.835,ok,current_change,119.873,4.422,587.747,128.425,601.631,0.977
2026-08-04T22:07:01.871-07:00,20202.841,ok,current_change,119.834,4.399,585.433,122.640,598.160,0.979
2026-08-04T22:07:03.884-07:00,20204.854,ok,current_change,120.068,4.437,590.061,128.425,603.945,0.977
2026-08-04T22:07:04.892-07:00,20205.862,ok,current_change,119.942,4.455,590.061,138.838,606.259,0.973
2026-08-04T22:07:05.898-07:00,20206.868,ok,current_change,119.864,4.437,587.747,133.053,602.788,0.975
2026-08-04T22:07:09.916-07:00,20210.889,ok,current_change,120.010,4.453,592.375,128.425,606.259,0.977
2026-08-04T22:07:11.921-07:00,20212.894,ok,current_change,119.922,4.422,587.747,122.640,601.631,0.979
2026-08-04T22:07:12.924-07:00,20213.897,ok,current_change,119.942,4.462,592.375,128.425,607.416,0.977
2026-08-04T22:07:16.947-07:00,20217.917,ok,current_change,119.795,4.419,592.375,128.425,606.259,0.977
2026-08-04T22:07:17.954-07:00,20218.924,ok,current_change,119.990,4.475,597.003,118.012,608.573,0.980
2026-08-04T22:07:18.960-07:00,20219.930,ok,current_change,119.942,4.402,585.433,127.268,599.317,0.977
2026-08-04T22:07:19.967-07:00,20220.937,ok,current_change,119.922,4.451,592.375,116.855,605.102,0.980
2026-08-04T22:07:20.973-07:00,20221.943,ok,current_change,120.049,4.471,592.375,134.210,608.573,0.975
2026-08-04T22:07:21.980-07:00,20222.950,ok,current_change,119.951,4.451,585.433,133.053,601.631,0.975
2026-08-04T22:07:27.011-07:00,20227.981,ok,current_change,119.600,4.473,590.061,138.838,607.416,0.975
2026-08-04T22:07:28.019-07:00,20228.989,ok,current_change,119.854,4.504,597.003,134.210,612.044,0.975
2026-08-04T22:07:29.026-07:00,20229.996,ok,current_change,119.805,4.469,594.689,122.640,607.416,0.979
2026-08-04T22:07:31.038-07:00,20232.008,ok,current_change,119.727,4.444,590.061,128.425,603.945,0.977
2026-08-04T22:07:32.044-07:00,20233.014,ok,current_change,119.854,4.395,583.119,127.268,598.160,0.977
2026-08-04T22:07:33.052-07:00,20234.022,ok,current_change,120.058,4.451,590.061,133.053,606.259,0.975
2026-08-04T22:07:36.071-07:00,20237.041,ok,current_change,119.825,4.435,587.747,128.425,602.788,0.977
2026-08-04T22:07:37.077-07:00,20238.047,ok,current_change,119.864,4.464,592.375,128.425,607.416,0.977
2026-08-04T22:07:40.096-07:00,20241.066,ok,current_change,119.961,4.446,590.061,128.425,605.102,0.977
2026-08-04T22:07:44.120-07:00,20245.090,ok,current_change,119.961,4.480,594.689,134.210,609.730,0.975
2026-08-04T22:07:45.127-07:00,20246.097,ok,current_change,120.029,4.437,587.747,133.053,603.945,0.975
2026-08-04T22:07:47.139-07:00,20248.109,ok,current_change,119.971,4.457,592.375,128.425,606.259,0.977
2026-08-04T22:07:49.152-07:00,20250.122,ok,current_change,120.029,4.476,594.689,128.425,609.730,0.977
2026-08-04T22:07:50.160-07:00,20251.130,ok,current_change,119.766,4.504,594.689,138.838,612.044,0.973
2026-08-04T22:07:51.166-07:00,20252.136,ok,current_change,119.844,4.457,592.375,134.210,608.573,0.975
2026-08-04T22:07:53.178-07:00,20254.148,ok,current_change,119.903,4.437,590.061,128.425,603.945,0.977
2026-08-04T22:07:54.185-07:00,20255.155,ok,current_change,119.990,4.464,592.375,128.425,607.416,0.977
2026-08-04T22:07:55.194-07:00,20256.164,ok,current_change,119.873,4.437,590.061,122.640,602.788,0.979
2026-08-04T22:07:56.200-07:00,20257.170,ok,current_change,119.971,4.480,594.689,134.210,609.730,0.975
2026-08-04T22:07:57.207-07:00,20258.177,ok,current_change,120.058,4.442,590.061,133.053,605.102,0.975
2026-08-04T22:07:58.213-07:00,20259.183,ok,current_change,119.864,4.466,592.375,128.425,603.945,0.977
2026-08-04T22:08:03.243-07:00,20264.213,ok,current_change,119.893,4.437,587.747,133.053,603.945,0.975
2026-08-04T22:08:04.250-07:00,20265.220,ok,current_change,120.078,4.466,592.375,128.425,606.259,0.977
2026-08-04T22:08:06.262-07:00,20267.232,ok,current_change,119.844,4.446,590.061,122.640,603.945,0.979
2026-08-04T22:08:08.272-07:00,20269.244,ok,current_change,120.214,4.469,592.375,138.838,609.730,0.973
2026-08-04T22:08:09.280-07:00,20270.250,ok,current_change,120.136,4.426,590.061,122.640,602.788,0.979
2026-08-04T22:08:11.293-07:00,20272.263,ok,current_change,119.961,4.449,590.061,128.425,605.102,0.977
2026-08-04T22:08:12.299-07:00,20273.269,ok,current_change,120.049,4.491,597.003,123.797,603.945,0.977
2026-08-04T22:08:13.306-07:00,20274.276,ok,current_change,120.049,4.471,592.375,134.210,608.573,0.975
2026-08-04T22:08:17.331-07:00,20278.301,ok,current_change,119.981,4.438,590.061,128.425,603.945,0.977
2026-08-04T22:08:19.343-07:00,20280.313,ok,current_change,119.873,4.486,594.689,134.210,609.730,0.975
2026-08-04T22:08:21.356-07:00,20282.326,ok,current_change,120.039,4.453,592.375,128.425,606.259,0.977
2026-08-04T22:08:22.362-07:00,20283.332,ok,current_change,119.981,4.469,594.689,128.425,608.573,0.977
2026-08-04T22:08:25.380-07:00,20286.350,ok,current_change,120.117,4.449,590.061,138.838,606.259,0.973
2026-08-04T22:08:26.387-07:00,20287.357,ok,current_change,120.195,4.469,592.375,134.210,608.573,0.975
2026-08-04T22:08:28.399-07:00,20289.369,ok,current_change,120.117,4.451,592.375,122.640,607.416,0.979
2026-08-04T22:08:29.406-07:00,20290.376,ok,current_change,119.981,4.467,594.689,122.640,607.416,0.979
2026-08-04T22:08:32.424-07:00,20293.394,ok,current_change,120.000,4.487,594.689,134.210,610.887,0.975
2026-08-04T22:08:33.430-07:00,20294.400,ok,current_change,119.981,4.438,590.061,122.640,603.945,0.979
2026-08-04T22:08:34.437-07:00,20295.407,ok,current_change,119.591,4.471,592.375,122.640,606.259,0.979
2026-08-04T22:08:36.449-07:00,20297.419,ok,current_change,119.922,4.489,597.003,128.425,610.887,0.977
2026-08-04T22:08:40.473-07:00,20301.443,ok,current_change,120.097,4.469,594.689,123.797,608.573,0.979
2026-08-04T22:08:41.479-07:00,20302.450,ok,current_change,119.864,4.429,587.747,128.425,602.788,0.977
2026-08-04T22:08:42.486-07:00,20303.456,ok,current_change,119.942,4.448,594.689,122.640,607.416,0.979
2026-08-04T22:08:45.504-07:00,20306.474,ok,current_change,120.205,4.467,594.689,128.425,608.573,0.977
2026-08-04T22:08:46.512-07:00,20307.482,ok,current_change,120.205,4.444,592.375,128.425,606.259,0.977
2026-08-04T22:08:48.524-07:00,20309.494,ok,current_change,120.244,4.467,594.689,128.425,608.573,0.977
2026-08-04T22:08:49.531-07:00,20310.501,ok,current_change,120.195,4.495,597.003,134.210,612.044,0.975
2026-08-04T22:08:51.543-07:00,20312.513,ok,current_change,120.029,4.448,592.375,122.640,605.102,0.979
2026-08-04T22:08:52.549-07:00,20313.519,ok,current_change,120.107,4.466,594.689,128.425,606.259,0.979
2026-08-04T22:08:54.562-07:00,20315.532,ok,current_change,119.961,4.482,597.003,123.797,609.730,0.979
2026-08-04T22:08:56.574-07:00,20317.544,ok,current_change,120.107,4.462,592.375,134.210,607.416,0.975
2026-08-04T22:08:57.581-07:00,20318.552,ok,current_change,120.000,4.444,590.061,128.425,605.102,0.977
2026-08-04T22:08:58.588-07:00,20319.558,ok,current_change,120.019,4.466,594.689,122.640,607.416,0.979
2026-08-04T22:08:59.595-07:00,20320.565,ok,current_change,120.019,4.448,590.061,128.425,605.102,0.977
2026-08-04T22:09:01.607-07:00,20322.577,ok,current_change,120.107,4.478,594.689,134.210,609.730,0.975
2026-08-04T22:09:04.627-07:00,20325.597,ok,current_change,120.049,4.453,592.375,122.640,606.259,0.979
2026-08-04T22:09:05.633-07:00,20326.604,ok,current_change,119.912,4.542,603.945,129.582,617.829,0.977
2026-08-04T22:09:06.640-07:00,20327.610,ok,current_change,119.942,4.469,594.689,122.640,607.416,0.979
2026-08-04T22:09:08.651-07:00,20329.624,ok,current_change,119.912,4.438,587.747,138.838,603.945,0.973
2026-08-04T22:09:09.653-07:00,20330.627,ok,current_change,119.825,4.460,590.061,138.838,606.259,0.973
2026-08-04T22:09:12.661-07:00,20333.634,ok,current_change,119.990,4.486,594.689,134.210,610.887,0.975
2026-08-04T22:09:14.673-07:00,20335.643,ok,current_change,120.049,4.522,597.003,144.623,614.358,0.972
2026-08-04T22:09:15.679-07:00,20336.649,ok,current_change,120.058,4.471,594.689,128.425,608.573,0.977
2026-08-04T22:09:17.691-07:00,20338.662,ok,current_change,120.244,4.442,592.375,122.640,606.259,0.979
2026-08-04T22:09:18.699-07:00,20339.669,ok,current_change,120.107,4.475,594.689,128.425,609.730,0.977
2026-08-04T22:09:19.706-07:00,20340.676,ok,current_change,120.195,4.496,597.003,134.210,602.788,0.977
2026-08-04T22:09:20.712-07:00,20341.682,ok,current_change,119.873,4.478,592.375,134.210,608.573,0.975
2026-08-04T22:09:21.719-07:00,20342.689,ok,current_change,119.932,4.453,592.375,128.425,606.259,0.977
2026-08-04T22:09:22.725-07:00,20343.695,ok,current_change,119.951,4.424,599.317,123.797,612.044,0.979
2026-08-04T22:09:24.739-07:00,20345.709,ok,current_change,120.097,4.457,592.375,134.210,607.416,0.975
2026-08-04T22:09:26.751-07:00,20347.721,ok,current_change,120.000,4.476,592.375,138.838,609.730,0.973
2026-08-04T22:09:27.757-07:00,20348.727,ok,current_change,120.146,4.493,594.689,138.838,612.044,0.973
2026-08-04T22:09:29.771-07:00,20350.741,ok,current_change,119.961,4.455,592.375,122.640,606.259,0.979
2026-08-04T22:09:31.783-07:00,20352.753,ok,current_change,120.136,4.476,597.003,123.797,609.730,0.979
2026-08-04T22:09:33.795-07:00,20354.765,ok,current_change,120.185,4.495,597.003,134.210,612.044,0.975
2026-08-04T22:09:34.804-07:00,20355.774,ok,current_change,120.039,4.473,594.689,123.797,608.573,0.979
2026-08-04T22:09:38.827-07:00,20359.797,ok,current_change,120.029,4.489,594.689,134.210,610.887,0.975
2026-08-04T22:09:40.841-07:00,20361.811,ok,current_change,120.068,4.469,594.689,128.425,608.573,0.977
2026-08-04T22:09:46.876-07:00,20367.846,ok,current_change,120.185,4.449,594.689,134.210,609.730,0.975
2026-08-04T22:09:47.883-07:00,20368.853,ok,current_change,119.981,4.466,594.689,122.640,607.416,0.979
2026-08-04T22:09:55.930-07:00,20376.900,ok,current_change,120.029,4.496,597.003,129.582,612.044,0.977
2026-08-04T22:09:58.948-07:00,20379.918,ok,current_change,120.107,4.478,594.689,134.210,609.730,0.975
2026-08-04T22:09:59.955-07:00,20380.925,ok,current_change,120.088,4.449,592.375,128.425,606.259,0.977
2026-08-04T22:10:00.961-07:00,20381.931,ok,current_change,119.932,4.467,594.689,122.640,607.416,0.979
2026-08-04T22:10:01.969-07:00,20382.939,ok,current_change,119.893,4.446,590.061,128.425,605.102,0.977
2026-08-04T22:10:02.976-07:00,20383.946,ok,current_change,119.922,4.473,592.375,134.210,607.416,0.975
2026-08-04T22:10:03.982-07:00,20384.952,ok,current_change,119.951,4.489,597.003,128.425,610.887,0.977
2026-08-04T22:10:08.005-07:00,20388.976,ok,current_change,119.990,4.473,594.689,123.797,608.573,0.979
2026-08-04T22:10:09.009-07:00,20389.982,ok,current_change,119.961,4.495,597.003,123.797,610.887,0.979
2026-08-04T22:10:13.018-07:00,20393.992,ok,current_change,120.019,4.466,592.375,128.425,607.416,0.977
2026-08-04T22:10:18.048-07:00,20399.018,ok,current_change,120.156,4.482,594.689,134.210,610.887,0.975
2026-08-04T22:10:20.062-07:00,20401.032,ok,current_change,119.932,4.462,592.375,134.210,607.416,0.975
2026-08-04T22:10:21.068-07:00,20402.038,ok,current_change,119.942,4.489,597.003,123.797,610.887,0.979
2026-08-04T22:10:26.098-07:00,20407.068,ok,current_change,120.166,4.505,597.003,139.995,614.358,0.974
2026-08-04T22:10:27.104-07:00,20408.074,ok,current_change,119.873,4.486,594.689,128.425,609.730,0.977
2026-08-04T22:10:33.140-07:00,20414.110,ok,current_change,120.146,4.504,597.003,139.995,613.201,0.973
2026-08-04T22:10:34.147-07:00,20415.117,ok,current_change,120.088,4.484,594.689,134.210,610.887,0.975
2026-08-04T22:10:37.165-07:00,20418.135,ok,current_change,120.107,4.507,599.317,129.582,614.358,0.977
2026-08-04T22:10:38.171-07:00,20419.141,ok,current_change,120.010,4.478,597.003,123.797,609.730,0.979
2026-08-04T22:10:43.203-07:00,20424.173,ok,current_change,120.136,4.495,599.317,123.797,612.044,0.979
2026-08-04T22:10:44.217-07:00,20425.187,ok,current_change,120.195,4.478,597.003,128.425,610.887,0.977
2026-08-04T22:10:46.229-07:00,20427.199,ok,current_change,120.088,4.500,597.003,139.995,612.044,0.977
2026-08-04T22:10:47.236-07:00,20428.206,ok,current_change,120.107,4.527,599.317,139.995,616.672,0.974
2026-08-04T22:10:48.242-07:00,20429.212,ok,current_change,120.166,4.504,597.003,134.210,613.201,0.975
2026-08-04T22:10:53.273-07:00,20434.243,ok,current_change,120.019,4.486,597.003,128.425,610.887,0.977
2026-08-04T22:10:56.293-07:00,20437.263,ok,current_change,119.971,4.453,592.375,128.425,606.259,0.977
2026-08-04T22:10:57.299-07:00,20438.269,ok,current_change,120.029,4.478,597.003,123.797,610.887,0.979
2026-08-04T22:11:01.323-07:00,20442.293,ok,current_change,120.107,4.495,597.003,134.210,612.044,0.975
2026-08-04T22:11:03.335-07:00,20444.305,ok,current_change,120.117,4.516,599.317,139.995,615.515,0.974
2026-08-04T22:11:06.354-07:00,20447.324,ok,current_change,120.166,4.484,597.003,123.797,610.887,0.979
2026-08-04T22:11:07.361-07:00,20448.331,ok,current_change,120.097,4.513,601.631,123.797,614.358,0.979
2026-08-04T22:11:08.368-07:00,20449.338,ok,current_change,120.058,4.484,599.317,123.797,613.201,0.979
2026-08-04T22:11:10.380-07:00,20451.350,ok,current_change,120.117,4.518,599.317,139.995,615.515,0.974
2026-08-04T22:11:11.387-07:00,20452.357,ok,current_change,120.127,4.486,597.003,128.425,610.887,0.977
2026-08-04T22:11:12.395-07:00,20453.365,ok,current_change,120.088,4.469,594.689,123.797,608.573,0.979
2026-08-04T22:11:16.419-07:00,20457.389,ok,current_change,120.019,4.498,594.689,134.210,610.887,0.975
2026-08-04T22:11:27.483-07:00,20468.454,ok,current_change,120.175,4.482,597.003,128.425,610.887,0.977
2026-08-04T22:11:28.490-07:00,20469.460,ok,current_change,120.234,4.509,601.631,123.797,614.358,0.979
2026-08-04T22:11:30.502-07:00,20471.472,ok,current_change,120.166,4.484,594.689,134.210,610.887,0.975
2026-08-04T22:11:31.509-07:00,20472.479,ok,current_change,120.107,4.502,599.317,129.582,613.201,0.977
2026-08-04T22:11:34.527-07:00,20475.497,ok,current_change,120.097,4.524,599.317,134.210,615.515,0.975
2026-08-04T22:11:35.533-07:00,20476.503,ok,current_change,120.088,4.484,597.003,128.425,610.887,0.977
2026-08-04T22:11:38.551-07:00,20479.522,ok,current_change,120.185,4.504,599.317,123.797,613.201,0.979
2026-08-04T22:11:40.564-07:00,20481.534,ok,current_change,120.117,4.522,601.631,123.797,612.044,0.977
2026-08-04T22:11:41.570-07:00,20482.540,ok,current_change,120.058,4.502,597.003,134.210,613.201,0.975
2026-08-04T22:11:43.583-07:00,20484.553,ok,current_change,120.039,4.482,597.003,129.582,612.044,0.977
2026-08-04T22:11:44.589-07:00,20485.559,ok,current_change,120.117,4.504,599.317,123.797,613.201,0.979
2026-08-04T22:11:46.601-07:00,20487.571,ok,current_change,120.088,4.524,601.631,123.797,615.515,0.979
2026-08-04T22:11:50.625-07:00,20491.595,ok,current_change,120.088,4.502,597.003,139.995,613.201,0.973
2026-08-04T22:11:53.643-07:00,20494.613,ok,current_change,120.097,4.476,597.003,123.797,609.730,0.979
2026-08-04T22:11:54.650-07:00,20495.620,ok,current_change,120.195,4.493,599.317,123.797,612.044,0.979
2026-08-04T22:11:58.674-07:00,20499.644,ok,current_change,120.127,4.515,599.317,134.210,614.358,0.975
2026-08-04T22:11:59.680-07:00,20500.650,ok,current_change,120.117,4.491,597.003,139.995,613.201,0.973
2026-08-04T22:12:01.692-07:00,20502.663,ok,current_change,120.166,4.515,601.631,129.582,615.515,0.977
2026-08-04T22:12:02.699-07:00,20503.669,ok,current_change,120.078,4.493,597.003,129.582,612.044,0.977
2026-08-04T22:12:04.711-07:00,20505.681,ok,current_change,120.195,4.509,599.317,129.582,610.887,0.977
2026-08-04T22:12:10.737-07:00,20511.710,ok,current_change,119.981,4.493,597.003,123.797,610.887,0.979
2026-08-04T22:12:14.753-07:00,20515.723,ok,current_change,120.117,4.522,601.631,129.582,615.515,0.977
2026-08-04T22:12:17.771-07:00,20518.741,ok,current_change,120.136,4.504,599.317,123.797,613.201,0.979
2026-08-04T22:12:18.778-07:00,20519.748,ok,current_change,120.166,4.520,601.631,123.797,615.515,0.977
2026-08-04T22:12:23.808-07:00,20524.778,ok,current_change,119.971,4.538,601.631,139.995,617.829,0.974
2026-08-04T22:12:25.822-07:00,20526.792,ok,current_change,120.234,4.504,599.317,134.210,614.358,0.975
2026-08-04T22:12:32.864-07:00,20533.834,ok,current_change,120.185,4.540,601.631,139.995,616.672,0.976
2026-08-04T22:12:33.870-07:00,20534.840,ok,current_change,120.097,4.513,599.317,134.210,614.358,0.975
2026-08-04T22:12:40.911-07:00,20541.881,ok,current_change,120.244,4.544,603.945,135.367,618.986,0.976
2026-08-04T22:12:41.918-07:00,20542.888,ok,current_change,120.127,4.527,599.317,139.995,616.672,0.974
2026-08-04T22:12:42.924-07:00,20543.894,ok,current_change,120.244,4.554,603.945,139.995,621.300,0.974
2026-08-04T22:12:43.931-07:00,20544.901,ok,current_change,120.195,4.513,601.631,129.582,616.672,0.977
2026-08-04T22:12:44.937-07:00,20545.907,ok,current_change,120.175,4.533,603.945,129.582,617.829,0.977
2026-08-04T22:12:45.944-07:00,20546.914,ok,current_change,120.205,4.507,601.631,123.797,614.358,0.979
2026-08-04T22:12:52.986-07:00,20553.956,ok,current_change,120.224,4.487,597.003,134.210,612.044,0.975
2026-08-04T22:12:58.016-07:00,20558.986,ok,current_change,120.117,4.505,599.317,129.582,613.201,0.977
2026-08-04T22:12:59.025-07:00,20559.995,ok,current_change,120.097,4.529,601.631,129.582,616.672,0.977
2026-08-04T22:13:00.031-07:00,20561.001,ok,current_change,120.185,4.551,603.945,135.367,620.143,0.976
2026-08-04T22:13:02.043-07:00,20563.014,ok,current_change,120.214,4.520,601.631,129.582,614.358,0.975
2026-08-04T22:13:07.073-07:00,20568.043,ok,current_change,120.292,4.484,597.003,129.582,612.044,0.977
2026-08-04T22:13:08.079-07:00,20569.049,ok,current_change,120.341,4.502,601.631,123.797,614.358,0.979
2026-08-04T22:13:11.087-07:00,20572.061,ok,current_change,120.185,4.476,594.689,128.425,609.730,0.977
2026-08-04T22:13:12.090-07:00,20573.063,ok,current_change,120.400,4.522,603.945,123.797,610.887,0.977
2026-08-04T22:13:13.093-07:00,20574.066,ok,current_change,120.127,4.469,594.689,123.797,608.573,0.979
2026-08-04T22:13:14.099-07:00,20575.069,ok,current_change,120.302,4.495,599.317,129.582,613.201,0.977
2026-08-04T22:13:15.106-07:00,20576.076,ok,current_change,120.273,4.511,599.317,134.210,615.515,0.975
2026-08-04T22:13:17.118-07:00,20578.088,ok,current_change,120.224,4.533,601.631,135.367,617.829,0.976
2026-08-04T22:13:19.131-07:00,20580.101,ok,current_change,120.117,4.549,601.631,139.995,618.986,0.974
2026-08-04T22:13:20.138-07:00,20581.108,ok,current_change,120.263,4.525,601.631,135.367,616.672,0.976
2026-08-04T22:13:25.168-07:00,20586.138,ok,current_change,120.224,4.504,599.317,129.582,614.358,0.977
2026-08-04T22:13:28.186-07:00,20589.156,ok,current_change,120.166,4.520,599.317,134.210,615.515,0.975
2026-08-04T22:13:30.198-07:00,20591.168,ok,current_change,120.273,4.502,599.317,134.210,614.358,0.975
2026-08-04T22:13:35.231-07:00,20596.201,ok,current_change,120.312,4.486,597.003,134.210,612.044,0.975
2026-08-04T22:13:36.238-07:00,20597.208,ok,current_change,120.263,4.534,603.945,129.582,617.829,0.977
2026-08-04T22:13:45.292-07:00,20606.262,ok,current_change,120.283,4.518,601.631,129.582,616.672,0.977
2026-08-04T22:13:48.310-07:00,20609.280,ok,current_change,120.312,4.544,603.945,135.367,620.143,0.976
2026-08-04T22:13:50.322-07:00,20611.292,ok,current_change,120.175,4.513,599.317,129.582,616.672,0.976
2026-08-04T22:13:56.360-07:00,20617.330,ok,current_change,120.117,4.529,601.631,129.582,616.672,0.977
2026-08-04T22:14:00.384-07:00,20621.354,ok,current_change,120.283,4.547,603.945,139.995,620.143,0.974
2026-08-04T22:14:01.390-07:00,20622.360,ok,current_change,120.263,4.524,601.631,129.582,616.672,0.974
2026-08-04T22:14:03.404-07:00,20624.374,ok,current_change,120.214,4.540,603.945,129.582,618.986,0.978
2026-08-04T22:14:06.423-07:00,20627.393,ok,current_change,120.166,4.520,601.631,123.797,615.515,0.979
2026-08-04T22:14:10.448-07:00,20631.418,ok,current_change,120.205,4.542,603.945,135.367,618.986,0.976
2026-08-04T22:14:12.460-07:00,20633.430,ok,current_change,120.117,4.513,599.317,129.582,617.829,0.976
2026-08-04T22:14:21.513-07:00,20642.483,ok,current_change,120.195,4.551,603.945,139.995,620.143,0.974
2026-08-04T22:14:22.520-07:00,20643.490,ok,current_change,120.351,4.567,606.259,135.367,622.457,0.976
2026-08-04T22:14:23.526-07:00,20644.496,ok,current_change,120.244,4.525,601.631,129.582,616.672,0.977
2026-08-04T22:14:24.532-07:00,20645.503,ok,current_change,120.351,4.551,601.631,129.582,616.672,0.977
2026-08-04T22:14:28.556-07:00,20649.527,ok,current_change,120.224,4.522,601.631,129.582,616.672,0.977
2026-08-04T22:14:32.580-07:00,20653.550,ok,current_change,120.205,4.549,603.945,139.995,620.143,0.974
2026-08-04T22:14:33.587-07:00,20654.557,ok,current_change,120.283,4.533,601.631,139.995,617.829,0.974
2026-08-04T22:14:34.595-07:00,20655.565,ok,current_change,120.175,4.515,601.631,129.582,615.515,0.977
2026-08-04T22:14:42.642-07:00,20663.612,ok,current_change,120.273,4.540,603.945,135.367,618.986,0.976
2026-08-04T22:14:56.724-07:00,20677.694,ok,current_change,120.146,4.560,606.259,135.367,621.300,0.976
2026-08-04T22:14:58.738-07:00,20679.708,ok,current_change,120.088,4.527,601.631,135.367,617.829,0.976
2026-08-04T22:15:06.785-07:00,20687.756,ok,current_change,120.068,4.545,603.945,135.367,618.986,0.976
2026-08-04T22:15:09.797-07:00,20690.770,ok,current_change,120.224,4.567,606.259,135.367,622.457,0.976
2026-08-04T22:15:12.804-07:00,20693.778,ok,current_change,120.273,4.536,603.945,135.367,618.986,0.976
2026-08-04T22:15:23.869-07:00,20704.839,ok,current_change,120.175,4.553,603.945,135.367,620.143,0.976
2026-08-04T22:15:28.899-07:00,20709.869,ok,current_change,120.049,4.536,603.945,129.582,617.829,0.977
2026-08-04T22:15:33.928-07:00,20714.898,ok,current_change,120.390,4.554,606.259,129.582,621.300,0.978
2026-08-04T22:15:34.936-07:00,20715.906,ok,current_change,120.341,4.538,603.945,129.582,618.986,0.978
2026-08-04T22:15:35.943-07:00,20716.913,ok,current_change,120.253,4.556,606.259,129.582,618.986,0.976
2026-08-04T22:15:41.978-07:00,20722.948,ok,current_change,120.107,4.536,601.631,135.367,617.829,0.976
2026-08-04T22:15:43.991-07:00,20724.961,ok,current_change,120.127,4.553,606.259,129.582,620.143,0.978
2026-08-04T22:15:52.038-07:00,20733.008,ok,current_change,120.283,4.536,603.945,129.582,618.986,0.978
2026-08-04T22:15:53.044-07:00,20734.014,ok,current_change,120.195,4.556,606.259,124.954,620.143,0.979
2026-08-04T22:15:58.074-07:00,20739.044,ok,current_change,120.283,4.525,601.631,129.582,616.672,0.977
2026-08-04T22:16:00.087-07:00,20741.057,ok,current_change,120.117,4.549,606.259,123.797,618.986,0.979
2026-08-04T22:16:03.105-07:00,20744.075,ok,current_change,120.097,4.533,603.945,123.797,616.672,0.979
2026-08-04T22:16:04.113-07:00,20745.083,ok,current_change,120.097,4.556,603.945,129.582,617.829,0.977
2026-08-04T22:16:05.119-07:00,20746.089,ok,current_change,120.088,4.534,601.631,135.367,617.829,0.976
2026-08-04T22:16:06.126-07:00,20747.096,ok,current_change,120.088,4.565,606.259,129.582,621.300,0.978
2026-08-04T22:16:10.148-07:00,20751.118,ok,current_change,120.263,4.582,608.573,129.582,622.457,0.978
2026-08-04T22:16:15.177-07:00,20756.148,ok,current_change,120.253,4.565,608.573,129.582,622.457,0.978
2026-08-04T22:16:17.191-07:00,20758.161,ok,current_change,120.156,4.545,606.259,123.797,618.986,0.979
2026-08-04T22:16:25.238-07:00,20766.208,ok,current_change,120.175,4.529,603.945,123.797,616.672,0.979
2026-08-04T22:16:27.251-07:00,20768.221,ok,current_change,120.156,4.565,606.259,129.582,620.143,0.976
2026-08-04T22:16:33.286-07:00,20774.256,ok,current_change,120.097,4.544,603.945,129.582,620.143,0.976
2026-08-04T22:16:44.351-07:00,20785.321,ok,current_change,120.195,4.562,606.259,135.367,621.300,0.976
2026-08-04T22:17:00.444-07:00,20801.414,ok,current_change,120.214,4.544,606.259,129.582,620.143,0.978
2026-08-04T22:17:01.451-07:00,20802.421,ok,current_change,120.010,4.567,606.259,129.582,621.300,0.978
2026-08-04T22:17:02.457-07:00,20803.428,ok,current_change,120.039,4.549,606.259,123.797,618.986,0.979
2026-08-04T22:17:06.481-07:00,20807.452,ok,current_change,120.322,4.565,606.259,135.367,622.457,0.976
2026-08-04T22:17:11.498-07:00,20812.471,ok,current_change,120.322,4.547,603.945,135.367,620.143,0.976
2026-08-04T22:17:12.500-07:00,20813.474,ok,current_change,120.302,4.567,608.573,129.582,622.457,0.978
2026-08-04T22:17:29.599-07:00,20830.569,ok,current_change,120.273,4.594,610.887,135.367,625.928,0.976
2026-08-04T22:17:32.617-07:00,20833.587,ok,current_change,120.078,4.569,606.259,135.367,624.771,0.974
2026-08-04T22:17:34.630-07:00,20835.600,ok,current_change,120.214,4.592,610.887,135.367,625.928,0.976
2026-08-04T22:17:38.655-07:00,20839.625,ok,current_change,119.951,4.573,608.573,124.954,621.300,0.979
2026-08-04T22:17:45.696-07:00,20846.666,ok,current_change,120.292,4.556,606.259,129.582,621.300,0.978
2026-08-04T22:17:52.738-07:00,20853.708,ok,current_change,119.912,4.574,606.259,135.367,620.143,0.979
2026-08-04T22:17:54.750-07:00,20855.720,ok,current_change,120.010,4.591,608.573,135.367,624.771,0.976
2026-08-04T22:18:03.803-07:00,20864.773,ok,current_change,120.010,4.574,606.259,139.995,622.457,0.974
2026-08-04T22:18:06.822-07:00,20867.792,ok,current_change,120.234,4.554,603.945,139.995,621.300,0.974
2026-08-04T22:18:12.840-07:00,20873.813,ok,current_change,120.419,4.574,610.887,130.739,624.771,0.978
2026-08-04T22:18:15.858-07:00,20876.828,ok,current_change,120.302,4.558,606.259,129.582,621.300,0.978
2026-08-04T22:18:17.870-07:00,20878.840,ok,current_change,120.312,4.574,608.573,130.739,623.614,0.978
2026-08-04T22:18:24.919-07:00,20885.889,ok,current_change,120.370,4.596,610.887,135.367,627.085,0.976
2026-08-04T22:18:36.989-07:00,20897.959,ok,current_change,120.146,4.571,606.259,135.367,622.457,0.976
2026-08-04T22:18:40.007-07:00,20900.977,ok,current_change,120.000,4.594,610.887,130.739,624.771,0.978
2026-08-04T22:18:50.066-07:00,20911.036,ok,current_change,120.263,4.576,610.887,124.954,623.614,0.979
2026-08-04T22:19:00.125-07:00,20921.095,ok,current_change,120.185,4.592,610.887,130.739,622.457,0.978
2026-08-04T22:19:02.137-07:00,20923.107,ok,current_change,120.088,4.573,608.573,124.954,622.457,0.979
2026-08-04T22:19:03.143-07:00,20924.113,ok,current_change,120.185,4.589,610.887,130.739,625.928,0.978
2026-08-04T22:19:05.156-07:00,20926.126,ok,current_change,120.351,4.659,620.143,131.896,635.184,0.978
2026-08-04T22:19:06.164-07:00,20927.134,ok,current_change,120.312,4.592,613.201,124.954,625.928,0.979
2026-08-04T22:19:08.174-07:00,20929.146,ok,current_change,120.273,4.576,608.573,130.739,623.614,0.978
2026-08-04T22:19:09.180-07:00,20930.150,ok,current_change,120.312,4.596,613.201,130.739,627.085,0.978
2026-08-04T22:19:11.192-07:00,20932.162,ok,current_change,120.195,4.580,608.573,135.367,625.928,0.976
2026-08-04T22:19:21.251-07:00,20942.221,ok,current_change,120.380,4.614,613.201,141.152,629.399,0.974
2026-08-04T22:19:22.258-07:00,20943.228,ok,current_change,120.370,4.580,608.573,135.367,624.771,0.976
2026-08-04T22:19:29.299-07:00,20950.269,ok,current_change,120.302,4.596,613.201,130.739,627.085,0.978
2026-08-04T22:19:30.306-07:00,20951.276,ok,current_change,120.322,4.578,610.887,130.739,624.771,0.978
2026-08-04T22:19:37.347-07:00,20958.317,ok,current_change,120.331,4.598,613.201,124.954,627.085,0.979
2026-08-04T22:19:38.353-07:00,20959.323,ok,current_change,120.195,4.574,608.573,130.739,623.614,0.978
2026-08-04T22:19:52.435-07:00,20973.405,ok,current_change,120.390,4.600,613.201,130.739,627.085,0.978
2026-08-04T22:20:01.488-07:00,20982.458,ok,current_change,120.166,4.580,608.573,130.739,623.614,0.978
2026-08-04T22:20:02.495-07:00,20983.465,ok,current_change,120.302,4.603,613.201,130.739,627.085,0.978
2026-08-04T22:20:06.519-07:00,20987.489,ok,current_change,120.370,4.587,610.887,130.739,625.928,0.978
2026-08-04T22:20:10.534-07:00,20991.508,ok,current_change,120.283,4.605,613.201,136.524,628.242,0.976
2026-08-04T22:20:14.551-07:00,20995.521,ok,current_change,120.322,4.621,613.201,141.152,630.556,0.974
2026-08-04T22:20:15.557-07:00,20996.527,ok,current_change,120.263,4.603,610.887,141.152,627.085,0.974
2026-08-04T22:20:18.576-07:00,20999.546,ok,current_change,120.380,4.620,613.201,145.780,630.556,0.972
2026-08-04T22:20:27.629-07:00,21008.599,ok,current_change,120.409,4.603,613.201,136.524,628.242,0.976
2026-08-04T22:20:32.659-07:00,21013.629,ok,current_change,120.448,4.585,610.887,135.367,625.928,0.976
2026-08-04T22:20:33.667-07:00,21014.637,ok,current_change,120.322,4.601,613.201,136.524,628.242,0.976
2026-08-04T22:21:02.836-07:00,21043.806,ok,current_change,120.273,4.634,615.515,130.739,629.399,0.978
2026-08-04T22:21:03.843-07:00,21044.813,ok,current_change,120.263,4.611,613.201,130.739,628.242,0.978
2026-08-04T22:21:27.984-07:00,21068.954,ok,current_change,120.351,4.632,615.515,136.524,631.713,0.974
2026-08-04T22:21:31.002-07:00,21071.972,ok,current_change,120.214,4.612,615.515,141.152,632.870,0.974
2026-08-04T22:21:32.008-07:00,21072.978,ok,current_change,120.361,4.640,615.515,141.152,632.870,0.974
2026-08-04T22:21:38.044-07:00,21079.014,ok,current_change,120.292,4.621,613.201,145.780,630.556,0.972
2026-08-04T22:21:45.085-07:00,21086.055,ok,current_change,120.156,4.603,610.887,135.367,627.085,0.976
2026-08-04T22:21:46.092-07:00,21087.062,ok,current_change,120.273,4.630,615.515,130.739,630.556,0.978
2026-08-04T22:21:53.133-07:00,21094.103,ok,current_change,120.273,4.609,613.201,130.739,628.242,0.978
2026-08-04T22:22:06.210-07:00,21107.180,ok,current_change,120.380,4.587,610.887,130.739,625.928,0.978
2026-08-04T22:22:09.221-07:00,21110.194,ok,current_change,120.322,4.607,613.201,130.739,628.242,0.978
2026-08-04T22:22:17.257-07:00,21118.228,ok,current_change,120.322,4.623,615.515,130.739,630.556,0.978
2026-08-04T22:22:18.264-07:00,21119.234,ok,current_change,120.468,4.603,613.201,130.739,628.242,0.978
2026-08-04T22:22:29.329-07:00,21130.299,ok,current_change,120.292,4.585,608.573,135.367,624.771,0.976
2026-08-04T22:22:30.335-07:00,21131.305,ok,current_change,120.370,4.603,613.201,136.524,629.399,0.976
2026-08-04T22:22:31.342-07:00,21132.312,ok,current_change,120.429,4.625,615.515,136.524,630.556,0.976
2026-08-04T22:22:35.366-07:00,21136.336,ok,current_change,120.234,4.643,615.515,141.152,632.870,0.974
2026-08-04T22:22:36.372-07:00,21137.342,ok,current_change,120.448,4.625,615.515,141.152,631.713,0.974
2026-08-04T22:22:38.384-07:00,21139.355,ok,current_change,120.409,4.650,615.515,136.524,630.556,0.976
2026-08-04T22:22:39.391-07:00,21140.361,ok,current_change,120.419,4.625,615.515,130.739,630.556,0.978
2026-08-04T22:22:50.455-07:00,21151.425,ok,current_change,120.302,4.609,613.201,130.739,628.242,0.978
2026-08-04T22:22:58.502-07:00,21159.472,ok,current_change,120.351,4.625,617.829,124.954,630.556,0.979
2026-08-04T22:23:03.532-07:00,21164.502,ok,current_change,120.146,4.654,617.829,142.309,634.027,0.974
2026-08-04T22:23:05.545-07:00,21166.515,ok,current_change,120.341,4.670,620.143,142.309,635.184,0.974
2026-08-04T22:23:06.552-07:00,21167.522,ok,current_change,120.361,4.643,615.515,141.152,632.870,0.974
2026-08-04T22:23:07.558-07:00,21168.528,ok,current_change,120.322,4.665,620.143,142.309,636.340,0.974
2026-08-04T22:23:08.561-07:00,21169.535,ok,current_change,120.244,4.640,617.829,136.524,632.870,0.976
2026-08-04T22:23:12.571-07:00,21173.545,ok,current_change,120.400,4.623,615.515,136.524,630.556,0.976
2026-08-04T22:23:25.647-07:00,21186.617,ok,current_change,120.380,4.641,617.829,130.739,630.556,0.979
2026-08-04T22:23:28.665-07:00,21189.635,ok,current_change,120.400,4.620,613.201,136.524,629.399,0.976
2026-08-04T22:23:31.683-07:00,21192.653,ok,current_change,120.390,4.640,615.515,141.152,632.870,0.974
2026-08-04T22:23:38.724-07:00,21199.694,ok,current_change,120.390,4.618,615.515,130.739,629.399,0.978
2026-08-04T22:23:44.759-07:00,21205.729,ok,current_change,120.439,4.638,617.829,130.739,632.870,0.978
2026-08-04T22:23:57.837-07:00,21218.807,ok,current_change,120.312,4.672,620.143,142.309,636.340,0.974
2026-08-04T22:23:58.843-07:00,21219.813,ok,current_change,120.234,4.654,617.829,142.309,634.027,0.974
2026-08-04T22:24:04.879-07:00,21225.849,ok,current_change,120.429,4.636,617.829,136.524,632.870,0.976
2026-08-04T22:24:06.891-07:00,21227.861,ok,current_change,120.390,4.620,615.515,136.524,630.556,0.976
2026-08-04T22:24:10.904-07:00,21231.878,ok,current_change,120.419,4.641,617.829,130.739,632.870,0.978
2026-08-04T22:24:24.979-07:00,21245.949,ok,current_change,120.361,4.625,615.515,130.739,630.556,0.978
2026-08-04T22:24:30.009-07:00,21250.979,ok,current_change,120.253,4.598,613.201,130.739,627.085,0.978
2026-08-04T22:24:31.015-07:00,21251.985,ok,current_change,120.331,4.630,617.829,130.739,632.870,0.978
2026-08-04T22:24:34.033-07:00,21255.003,ok,current_change,120.419,4.661,617.829,130.739,631.713,0.978
2026-08-04T22:24:35.040-07:00,21256.010,ok,current_change,120.283,4.630,615.515,136.524,631.713,0.976
2026-08-04T22:24:36.048-07:00,21257.018,ok,current_change,120.331,4.650,620.143,131.896,631.713,0.978
2026-08-04T22:24:38.060-07:00,21259.030,ok,current_change,120.448,4.676,620.143,142.309,637.497,0.974
2026-08-04T22:24:41.079-07:00,21262.049,ok,current_change,120.478,4.659,620.143,142.309,636.340,0.974
2026-08-04T22:24:45.103-07:00,21266.073,ok,current_change,120.439,4.640,617.829,136.524,632.870,0.976
2026-08-04T22:24:55.161-07:00,21276.131,ok,current_change,120.497,4.620,615.515,136.524,630.556,0.976
2026-08-04T22:24:56.168-07:00,21277.138,ok,current_change,120.507,4.650,617.829,142.309,635.184,0.974
2026-08-04T22:25:03.209-07:00,21284.179,ok,current_change,120.302,4.632,617.829,130.739,631.713,0.978
2026-08-04T22:25:06.227-07:00,21287.197,ok,current_change,120.361,4.658,620.143,131.896,631.713,0.978
2026-08-04T22:25:13.252-07:00,21294.222,ok,current_change,120.439,4.676,620.143,142.309,637.497,0.974
2026-08-04T22:25:17.275-07:00,21298.245,ok,current_change,120.439,4.654,620.143,136.524,635.184,0.976
2026-08-04T22:25:22.305-07:00,21303.275,ok,current_change,120.429,4.636,617.829,136.524,632.870,0.976
2026-08-04T22:25:23.312-07:00,21304.282,ok,current_change,120.419,4.652,615.515,131.896,630.556,0.978
2026-08-04T22:25:24.318-07:00,21305.288,ok,current_change,120.409,4.621,615.515,130.739,630.556,0.978
2026-08-04T22:25:25.324-07:00,21306.295,ok,current_change,120.429,4.643,620.143,131.896,634.027,0.978
2026-08-04T22:25:27.339-07:00,21308.309,ok,current_change,120.283,4.669,620.143,142.309,636.340,0.974
2026-08-04T22:25:28.345-07:00,21309.315,ok,current_change,120.273,4.685,620.143,146.937,632.870,0.976
2026-08-04T22:25:29.352-07:00,21310.322,ok,current_change,120.205,4.658,620.143,131.896,634.027,0.978
2026-08-04T22:25:32.370-07:00,21313.340,ok,current_change,120.341,4.676,622.457,131.896,637.497,0.978
2026-08-04T22:25:35.388-07:00,21316.358,ok,current_change,120.361,4.658,620.143,131.896,635.184,0.978
2026-08-04T22:25:36.395-07:00,21317.365,ok,current_change,120.331,4.690,624.771,131.896,639.811,0.978
2026-08-04T22:25:40.419-07:00,21321.389,ok,current_change,120.448,4.674,620.143,142.309,637.497,0.974
2026-08-04T22:25:44.443-07:00,21325.413,ok,current_change,120.341,4.658,620.143,136.524,635.184,0.976
2026-08-04T22:25:58.525-07:00,21339.495,ok,current_change,120.361,4.688,624.771,131.896,639.811,0.978
2026-08-04T22:26:02.549-07:00,21343.519,ok,current_change,120.341,4.710,622.457,142.309,639.811,0.975
2026-08-04T22:26:06.573-07:00,21347.543,ok,current_change,120.341,4.672,622.457,136.524,637.497,0.976
2026-08-04T22:26:13.597-07:00,21354.567,ok,current_change,120.097,4.690,622.457,142.309,639.811,0.975
2026-08-04T22:26:15.610-07:00,21356.580,ok,current_change,120.117,4.661,620.143,131.896,634.027,0.978
2026-08-04T22:26:19.634-07:00,21360.604,ok,current_change,120.351,4.678,624.771,126.111,637.497,0.979
2026-08-04T22:26:22.652-07:00,21363.622,ok,current_change,120.263,4.707,624.771,142.309,640.968,0.975
2026-08-04T22:26:26.675-07:00,21367.646,ok,current_change,120.351,4.690,624.771,137.681,639.811,0.976
2026-08-04T22:26:27.682-07:00,21368.652,ok,current_change,120.370,4.669,622.457,131.896,636.340,0.978
2026-08-04T22:26:29.694-07:00,21370.664,ok,current_change,120.419,4.685,624.771,131.896,637.497,0.978
2026-08-04T22:26:31.707-07:00,21372.677,ok,current_change,120.409,4.659,620.143,136.524,635.184,0.976
2026-08-04T22:26:32.714-07:00,21373.684,ok,current_change,120.283,4.707,624.771,142.309,640.968,0.975
2026-08-04T22:26:33.721-07:00,21374.691,ok,current_change,120.331,4.687,622.457,137.681,638.654,0.976
2026-08-04T22:26:37.745-07:00,21378.715,ok,current_change,120.458,4.665,622.457,131.896,638.654,0.978
2026-08-04T22:26:38.751-07:00,21379.721,ok,current_change,120.244,4.683,624.771,126.111,637.497,0.979
2026-08-04T22:26:55.850-07:00,21396.820,ok,current_change,120.224,4.665,620.143,131.896,635.184,0.978
2026-08-04T22:26:56.857-07:00,21397.827,ok,current_change,120.351,4.690,624.771,131.896,639.811,0.978
2026-08-04T22:27:01.887-07:00,21402.857,ok,current_change,120.419,4.710,624.771,142.309,642.125,0.975
2026-08-04T22:27:03.900-07:00,21404.870,ok,current_change,120.263,4.688,622.457,137.681,638.654,0.976
2026-08-04T22:27:06.918-07:00,21407.888,ok,current_change,120.409,4.669,622.457,131.896,636.340,0.978
2026-08-04T22:27:07.926-07:00,21408.896,ok,current_change,120.263,4.650,620.143,131.896,634.027,0.978
2026-08-04T22:27:11.936-07:00,21412.910,ok,current_change,120.468,4.696,624.771,142.309,640.968,0.975
2026-08-04T22:27:15.956-07:00,21416.926,ok,current_change,120.361,4.661,622.457,126.111,635.184,0.979
2026-08-04T22:27:16.963-07:00,21417.933,ok,current_change,120.361,4.685,624.771,131.896,639.811,0.978
2026-08-04T22:27:21.993-07:00,21422.964,ok,current_change,120.526,4.708,624.771,148.094,645.596,0.973
2026-08-04T22:27:26.019-07:00,21426.989,ok,current_change,120.497,4.690,624.771,137.681,639.811,0.976
2026-08-04T22:27:29.037-07:00,21430.007,ok,current_change,120.507,4.674,624.771,126.111,637.497,0.979
2026-08-04T22:27:32.055-07:00,21433.025,ok,current_change,120.429,4.699,624.771,142.309,639.811,0.976
2026-08-04T22:27:33.061-07:00,21434.032,ok,current_change,120.468,4.683,624.771,131.896,638.654,0.978
2026-08-04T22:27:37.085-07:00,21438.055,ok,current_change,120.468,4.667,622.457,126.111,636.340,0.979
2026-08-04T22:27:38.092-07:00,21439.062,ok,current_change,120.497,4.698,627.085,131.896,640.968,0.978
2026-08-04T22:27:44.127-07:00,21445.097,ok,current_change,120.555,4.672,622.457,131.896,637.497,0.978
2026-08-04T22:27:45.134-07:00,21446.104,ok,current_change,120.575,4.696,627.085,131.896,640.968,0.978
2026-08-04T22:27:46.140-07:00,21447.110,ok,current_change,120.575,4.665,622.457,131.896,637.497,0.978
2026-08-04T22:27:48.152-07:00,21449.123,ok,current_change,120.448,4.683,624.771,131.896,636.340,0.976
2026-08-04T22:27:50.165-07:00,21451.135,ok,current_change,120.546,4.699,624.771,148.094,642.125,0.973
2026-08-04T22:27:52.177-07:00,21453.147,ok,current_change,120.546,4.683,624.771,131.896,639.811,0.978
2026-08-04T22:27:57.207-07:00,21458.177,ok,current_change,120.516,4.708,627.085,137.681,643.282,0.977
2026-08-04T22:27:59.219-07:00,21460.189,ok,current_change,120.555,4.728,629.399,143.466,645.596,0.975
2026-08-04T22:28:00.226-07:00,21461.196,ok,current_change,120.546,4.707,627.085,137.681,642.125,0.977
2026-08-04T22:28:03.244-07:00,21464.214,ok,current_change,120.585,4.685,624.771,131.896,639.811,0.978
2026-08-04T22:28:08.271-07:00,21469.243,ok,current_change,120.536,4.710,627.085,142.309,643.282,0.975
2026-08-04T22:28:09.277-07:00,21470.247,ok,current_change,120.419,4.687,624.771,137.681,639.811,0.976
2026-08-04T22:28:16.319-07:00,21477.289,ok,current_change,120.507,4.703,624.771,148.094,642.125,0.973
2026-08-04T22:28:19.337-07:00,21480.307,ok,current_change,120.546,4.672,622.457,131.896,637.497,0.978
2026-08-04T22:28:26.378-07:00,21487.348,ok,current_change,120.575,4.714,627.085,142.309,643.282,0.975
2026-08-04T22:28:27.385-07:00,21488.355,ok,current_change,120.400,4.681,622.457,137.681,638.654,0.976
2026-08-04T22:28:33.420-07:00,21494.390,ok,current_change,120.516,4.705,627.085,131.896,642.125,0.978
2026-08-04T22:28:35.433-07:00,21496.403,ok,current_change,120.283,4.723,624.771,142.309,642.125,0.975
2026-08-04T22:28:37.445-07:00,21498.415,ok,current_change,120.390,4.698,624.771,137.681,640.968,0.976
2026-08-04T22:28:39.458-07:00,21500.428,ok,current_change,120.331,4.674,622.457,136.524,637.497,0.976
2026-08-04T22:28:41.470-07:00,21502.440,ok,current_change,120.419,4.692,624.771,131.896,639.811,0.978
2026-08-04T22:28:42.476-07:00,21503.446,ok,current_change,120.555,4.667,622.457,136.524,637.497,0.976
2026-08-04T22:28:43.483-07:00,21504.453,ok,current_change,120.555,4.698,624.771,142.309,640.968,0.975
2026-08-04T22:28:45.495-07:00,21506.465,ok,current_change,120.555,4.674,622.457,137.681,639.811,0.978
2026-08-04T22:28:47.507-07:00,21508.477,ok,current_change,120.536,4.692,624.771,137.681,640.968,0.976
2026-08-04T22:28:49.519-07:00,21510.490,ok,current_change,120.526,4.676,624.771,131.896,638.654,0.978
2026-08-04T22:28:50.526-07:00,21511.496,ok,current_change,120.546,4.698,627.085,131.896,640.968,0.978
2026-08-04T22:28:54.551-07:00,21515.521,ok,current_change,120.565,4.681,624.771,137.681,639.811,0.976
2026-08-04T22:29:01.592-07:00,21522.562,ok,current_change,120.341,4.707,624.771,142.309,642.125,0.975
2026-08-04T22:29:04.611-07:00,21525.581,ok,current_change,120.487,4.688,624.771,131.896,639.811,0.978
2026-08-04T22:29:08.631-07:00,21529.605,ok,current_change,120.614,4.721,627.085,143.466,644.439,0.975
2026-08-04T22:29:11.639-07:00,21532.612,ok,current_change,120.575,4.703,627.085,137.681,642.125,0.977
2026-08-04T22:29:13.647-07:00,21534.617,ok,current_change,120.624,4.683,624.771,137.681,637.497,0.976
2026-08-04T22:29:14.655-07:00,21535.625,ok,current_change,120.614,4.665,622.457,136.524,637.497,0.976
2026-08-04T22:29:16.667-07:00,21537.637,ok,current_change,120.575,4.687,624.771,131.896,639.811,0.978
2026-08-04T22:29:17.674-07:00,21538.644,ok,current_change,120.439,4.663,620.143,136.524,636.340,0.976
2026-08-04T22:29:18.680-07:00,21539.650,ok,current_change,120.585,4.683,622.457,142.309,639.811,0.975
2026-08-04T22:29:25.722-07:00,21546.692,ok,current_change,120.419,4.703,627.085,137.681,642.125,0.977
2026-08-04T22:29:44.832-07:00,21565.802,ok,current_change,120.536,4.721,627.085,143.466,644.439,0.975
2026-08-04T22:29:46.845-07:00,21567.815,ok,current_change,120.458,4.692,624.771,137.681,639.811,0.976
2026-08-04T22:29:48.857-07:00,21569.827,ok,current_change,120.536,4.674,624.771,131.896,638.654,0.978
2026-08-04T22:29:51.875-07:00,21572.845,ok,current_change,120.546,4.710,627.085,142.309,642.125,0.977
2026-08-04T22:29:53.888-07:00,21574.858,ok,current_change,120.575,4.688,627.085,126.111,639.811,0.979
2026-08-04T22:29:56.906-07:00,21577.876,ok,current_change,120.565,4.719,629.399,131.896,644.439,0.978
2026-08-04T22:29:57.914-07:00,21578.884,ok,current_change,120.516,4.696,627.085,131.896,640.968,0.978
2026-08-04T22:29:58.921-07:00,21579.891,ok,current_change,120.448,4.712,627.085,142.309,643.282,0.975
2026-08-04T22:30:14.997-07:00,21595.968,ok,current_change,120.419,4.734,629.399,143.466,645.596,0.975
2026-08-04T22:30:17.010-07:00,21597.980,ok,current_change,120.555,4.708,627.085,137.681,643.282,0.977
2026-08-04T22:30:18.016-07:00,21598.986,ok,current_change,120.546,4.690,624.771,142.309,640.968,0.975
2026-08-04T22:30:28.075-07:00,21609.045,ok,current_change,120.546,4.707,627.085,131.896,642.125,0.978
2026-08-04T22:30:30.088-07:00,21611.058,ok,current_change,120.565,4.748,631.713,143.466,647.910,0.975
2026-08-04T22:30:31.095-07:00,21612.065,ok,current_change,120.419,4.714,627.085,142.309,643.282,0.975
2026-08-04T22:30:33.107-07:00,21614.077,ok,current_change,120.526,4.694,627.085,137.681,642.125,0.977
2026-08-04T22:30:37.131-07:00,21618.101,ok,current_change,120.565,4.723,627.085,143.466,644.439,0.975
