event_id,timestamp_pacific,draw_elapsed_seconds,status,stop_reason,valve_state,target_volume_gal,accumulated_volume_gal,flow_gpm,hot_temp_c,hot_temp_f,cold_temp_c,cold_temp_f,ambient_temp_c,ambient_temp_f,hot_raw_counts,cold_raw_counts,flow_raw_counts,ambient_raw_counts,cold_source_station,cold_source_timestamp_pacific
water_draw_1,2026-08-09T15:19:15.943-07:00,1.039,drawing,,open,15.0,0.003465,0.200000,23.23,73.81,20.52,68.94,22.60,72.68,1183,1157,480,226,WH-station1,2026-08-09T15:19:15.940-07:00
water_draw_1,2026-08-09T15:19:16.445-07:00,2.041,drawing,,open,15.0,0.062023,3.507500,23.02,73.44,21.15,70.06,22.50,72.50,1181,1163,1128,225,WH-station1,2026-08-09T15:19:16.442-07:00
water_draw_1,2026-08-09T15:19:16.947-07:00,2.543,drawing,,open,15.0,0.091969,3.578958,23.12,73.62,20.62,69.12,22.60,72.68,1182,1158,1142,226,WH-station1,2026-08-09T15:19:16.944-07:00
water_draw_1,2026-08-09T15:19:17.450-07:00,3.045,drawing,,open,15.0,0.121756,3.558542,23.54,74.38,20.94,69.69,22.50,72.50,1186,1161,1138,225,WH-station1,2026-08-09T15:19:17.447-07:00
water_draw_1,2026-08-09T15:19:17.952-07:00,3.548,drawing,,open,15.0,0.150649,3.451354,23.75,74.75,20.94,69.69,22.60,72.68,1188,1161,1117,226,WH-station1,2026-08-09T15:19:17.949-07:00
water_draw_1,2026-08-09T15:19:18.454-07:00,4.050,drawing,,open,15.0,0.179142,3.405417,24.37,75.87,21.15,70.06,22.50,72.50,1194,1163,1108,225,WH-station1,2026-08-09T15:19:18.451-07:00
water_draw_1,2026-08-09T15:19:18.956-07:00,4.552,drawing,,open,15.0,0.207130,3.344167,24.58,76.25,21.04,69.87,22.50,72.50,1196,1162,1096,225,WH-station1,2026-08-09T15:19:18.953-07:00
water_draw_1,2026-08-09T15:19:19.460-07:00,5.054,drawing,,open,15.0,0.234654,3.288021,25.42,77.75,21.15,70.06,22.50,72.50,1204,1163,1085,225,WH-station1,2026-08-09T15:19:19.456-07:00
water_draw_1,2026-08-09T15:19:19.965-07:00,5.559,drawing,,open,15.0,0.262057,3.257396,26.15,79.06,20.83,69.50,22.50,72.50,1211,1160,1079,225,WH-station1,2026-08-09T15:19:19.960-07:00
water_draw_1,2026-08-09T15:19:20.470-07:00,6.064,drawing,,open,15.0,0.289420,3.252292,26.87,80.37,20.52,68.94,22.60,72.68,1218,1157,1078,226,WH-station1,2026-08-09T15:19:20.465-07:00
water_draw_1,2026-08-09T15:19:20.975-07:00,6.568,drawing,,open,15.0,0.316572,3.226771,27.40,81.31,20.94,69.69,22.50,72.50,1223,1161,1073,225,WH-station1,2026-08-09T15:19:20.971-07:00
water_draw_1,2026-08-09T15:19:21.480-07:00,7.074,drawing,,open,15.0,0.343094,3.150208,28.44,83.19,21.04,69.87,22.40,72.32,1233,1162,1058,224,WH-station1,2026-08-09T15:19:21.476-07:00
water_draw_1,2026-08-09T15:19:21.986-07:00,7.579,drawing,,open,15.0,0.369528,3.140000,28.85,83.94,20.83,69.50,22.40,72.32,1237,1160,1056,224,WH-station1,2026-08-09T15:19:21.981-07:00
water_draw_1,2026-08-09T15:19:22.491-07:00,8.084,drawing,,open,15.0,0.395981,3.140000,29.58,85.25,21.04,69.87,22.50,72.50,1244,1162,1056,225,WH-station1,2026-08-09T15:19:22.487-07:00
water_draw_1,2026-08-09T15:19:22.997-07:00,8.590,drawing,,open,15.0,0.422478,3.145104,30.10,86.19,21.04,69.87,22.50,72.50,1249,1162,1057,225,WH-station1,2026-08-09T15:19:22.992-07:00
water_draw_1,2026-08-09T15:19:23.502-07:00,9.095,drawing,,open,15.0,0.448747,3.119583,30.83,87.50,20.94,69.69,22.50,72.50,1256,1161,1052,225,WH-station1,2026-08-09T15:19:23.497-07:00
water_draw_1,2026-08-09T15:19:24.007-07:00,9.600,drawing,,open,15.0,0.474754,3.088958,31.25,88.25,20.94,69.69,22.50,72.50,1260,1161,1046,225,WH-station1,2026-08-09T15:19:24.002-07:00
water_draw_1,2026-08-09T15:19:24.512-07:00,10.105,drawing,,open,15.0,0.500846,3.099167,31.77,89.19,20.62,69.12,22.40,72.32,1265,1158,1048,224,WH-station1,2026-08-09T15:19:24.508-07:00
water_draw_1,2026-08-09T15:19:25.018-07:00,10.611,drawing,,open,15.0,0.526741,3.073646,32.29,90.12,20.62,69.12,22.50,72.50,1270,1158,1043,225,WH-station1,2026-08-09T15:19:25.013-07:00
water_draw_1,2026-08-09T15:19:25.523-07:00,11.116,drawing,,open,15.0,0.552671,3.078750,32.71,90.88,20.52,68.94,22.60,72.68,1274,1157,1044,226,WH-station1,2026-08-09T15:19:25.518-07:00
water_draw_1,2026-08-09T15:19:26.028-07:00,11.621,drawing,,open,15.0,0.578502,3.068542,33.44,92.19,20.83,69.50,22.50,72.50,1281,1160,1042,225,WH-station1,2026-08-09T15:19:26.024-07:00
water_draw_1,2026-08-09T15:19:26.534-07:00,12.127,drawing,,open,15.0,0.604179,3.048125,33.85,92.94,20.83,69.50,22.50,72.50,1285,1160,1038,225,WH-station1,2026-08-09T15:19:26.529-07:00
water_draw_1,2026-08-09T15:19:27.039-07:00,12.632,drawing,,open,15.0,0.629893,3.053229,34.27,93.69,21.35,70.44,22.40,72.32,1289,1165,1039,224,WH-station1,2026-08-09T15:19:27.034-07:00
water_draw_1,2026-08-09T15:19:27.546-07:00,13.137,drawing,,open,15.0,0.655559,3.048125,34.79,94.62,20.42,68.75,22.60,72.68,1294,1156,1038,226,WH-station1,2026-08-09T15:19:27.540-07:00
water_draw_1,2026-08-09T15:19:28.051-07:00,13.644,drawing,,open,15.0,0.681357,3.053229,35.21,95.38,21.04,69.87,22.50,72.50,1298,1162,1039,225,WH-station1,2026-08-09T15:19:28.045-07:00
water_draw_1,2026-08-09T15:19:28.556-07:00,14.149,drawing,,open,15.0,0.707042,3.053229,35.62,96.12,20.94,69.69,22.50,72.50,1302,1161,1039,225,WH-station1,2026-08-09T15:19:28.551-07:00
water_draw_1,2026-08-09T15:19:29.061-07:00,14.654,drawing,,open,15.0,0.732594,3.032812,35.94,96.69,21.04,69.87,22.50,72.50,1305,1162,1035,225,WH-station1,2026-08-09T15:19:29.056-07:00
water_draw_1,2026-08-09T15:19:29.567-07:00,15.160,drawing,,open,15.0,0.758217,3.043021,36.46,97.62,20.62,69.12,22.60,72.68,1310,1158,1037,226,WH-station1,2026-08-09T15:19:29.562-07:00
water_draw_1,2026-08-09T15:19:30.072-07:00,15.665,drawing,,open,15.0,0.783868,3.043021,36.87,98.37,21.04,69.87,22.50,72.50,1314,1162,1037,225,WH-station1,2026-08-09T15:19:30.067-07:00
water_draw_1,2026-08-09T15:19:30.580-07:00,16.170,drawing,,open,15.0,0.809317,3.022604,37.19,98.94,20.83,69.50,22.50,72.50,1317,1160,1033,225,WH-station1,2026-08-09T15:19:30.572-07:00
water_draw_1,2026-08-09T15:19:31.085-07:00,16.678,drawing,,open,15.0,0.834988,3.032812,37.50,99.50,20.73,69.31,22.40,72.32,1320,1159,1035,224,WH-station1,2026-08-09T15:19:31.077-07:00
water_draw_1,2026-08-09T15:19:31.590-07:00,17.183,drawing,,open,15.0,0.860423,3.022604,37.60,99.69,20.52,68.94,22.50,72.50,1321,1157,1033,225,WH-station1,2026-08-09T15:19:31.582-07:00
water_draw_1,2026-08-09T15:19:32.094-07:00,17.688,drawing,,open,15.0,0.885976,3.037917,38.23,100.81,20.42,68.75,22.40,72.32,1327,1156,1036,224,WH-station1,2026-08-09T15:19:32.088-07:00
water_draw_1,2026-08-09T15:19:32.599-07:00,18.193,drawing,,open,15.0,0.911446,3.027708,38.54,101.38,20.94,69.69,22.50,72.50,1330,1161,1034,225,WH-station1,2026-08-09T15:19:32.593-07:00
water_draw_1,2026-08-09T15:19:33.104-07:00,18.697,drawing,,open,15.0,0.936998,3.037917,38.75,101.75,21.15,70.06,22.60,72.68,1332,1163,1036,226,WH-station1,2026-08-09T15:19:33.099-07:00
water_draw_1,2026-08-09T15:19:33.609-07:00,19.202,drawing,,open,15.0,0.962597,3.043021,39.17,102.50,20.21,68.37,22.60,72.68,1336,1154,1037,226,WH-station1,2026-08-09T15:19:33.604-07:00
water_draw_1,2026-08-09T15:19:34.114-07:00,19.707,drawing,,open,15.0,0.988047,3.022604,39.38,102.88,20.83,69.50,22.50,72.50,1338,1160,1033,225,WH-station1,2026-08-09T15:19:34.110-07:00
water_draw_1,2026-08-09T15:19:34.623-07:00,20.213,drawing,,open,15.0,1.013416,3.012396,39.48,103.06,20.83,69.50,22.50,72.50,1339,1160,1031,225,WH-station1,2026-08-09T15:19:34.615-07:00
water_draw_1,2026-08-09T15:19:35.128-07:00,20.721,drawing,,open,15.0,1.038950,3.012396,39.90,103.81,20.73,69.31,22.60,72.68,1343,1159,1031,226,WH-station1,2026-08-09T15:19:35.120-07:00
water_draw_1,2026-08-09T15:19:35.632-07:00,21.226,drawing,,open,15.0,1.064419,3.027708,40.21,104.38,21.04,69.87,22.50,72.50,1346,1162,1034,225,WH-station1,2026-08-09T15:19:35.624-07:00
water_draw_1,2026-08-09T15:19:36.137-07:00,21.731,drawing,,open,15.0,1.089801,3.017500,40.83,105.50,20.62,69.12,22.50,72.50,1352,1158,1032,225,WH-station1,2026-08-09T15:19:36.129-07:00
water_draw_1,2026-08-09T15:19:36.642-07:00,22.235,drawing,,open,15.0,1.115534,3.058333,40.83,105.50,20.83,69.50,22.50,72.50,1352,1160,1040,225,WH-station1,2026-08-09T15:19:36.635-07:00
water_draw_1,2026-08-09T15:19:37.147-07:00,22.740,drawing,,open,15.0,1.140917,3.017500,41.04,105.88,21.04,69.87,22.60,72.68,1354,1162,1032,226,WH-station1,2026-08-09T15:19:37.140-07:00
water_draw_1,2026-08-09T15:19:37.651-07:00,23.245,drawing,,open,15.0,1.166179,3.002187,41.15,106.06,20.52,68.94,22.50,72.50,1355,1157,1029,225,WH-station1,2026-08-09T15:19:37.646-07:00
water_draw_1,2026-08-09T15:19:38.157-07:00,23.750,drawing,,open,15.0,1.191604,3.022604,41.35,106.44,20.83,69.50,22.50,72.50,1357,1160,1033,225,WH-station1,2026-08-09T15:19:38.151-07:00
water_draw_1,2026-08-09T15:19:38.662-07:00,24.255,drawing,,open,15.0,1.217270,3.048125,41.56,106.81,20.62,69.12,22.50,72.50,1359,1158,1038,225,WH-station1,2026-08-09T15:19:38.657-07:00
water_draw_1,2026-08-09T15:19:39.167-07:00,24.760,drawing,,open,15.0,1.242629,3.012396,41.98,107.56,20.94,69.69,22.50,72.50,1363,1161,1031,225,WH-station1,2026-08-09T15:19:39.162-07:00
water_draw_1,2026-08-09T15:19:39.673-07:00,25.265,drawing,,open,15.0,1.268121,3.027708,42.19,107.94,21.25,70.25,22.50,72.50,1365,1164,1034,225,WH-station1,2026-08-09T15:19:39.668-07:00
water_draw_1,2026-08-09T15:19:40.178-07:00,25.771,drawing,,open,15.0,1.293815,3.048125,42.29,108.13,20.94,69.69,22.50,72.50,1366,1161,1038,225,WH-station1,2026-08-09T15:19:40.173-07:00
water_draw_1,2026-08-09T15:19:40.684-07:00,26.276,drawing,,open,15.0,1.319490,3.048125,42.50,108.50,21.04,69.87,22.50,72.50,1368,1162,1038,225,WH-station1,2026-08-09T15:19:40.679-07:00
water_draw_1,2026-08-09T15:19:41.191-07:00,26.782,drawing,,open,15.0,1.345267,3.058333,42.60,108.69,20.62,69.12,22.50,72.50,1369,1158,1040,225,WH-station1,2026-08-09T15:19:41.184-07:00
water_draw_1,2026-08-09T15:19:41.695-07:00,27.289,drawing,,open,15.0,1.370968,3.043021,42.92,109.25,20.52,68.94,22.50,72.50,1372,1157,1037,225,WH-station1,2026-08-09T15:19:41.690-07:00
water_draw_1,2026-08-09T15:19:42.309-07:00,27.793,drawing,,open,15.0,1.396693,3.058333,43.33,110.00,20.73,69.31,22.50,72.50,1376,1159,1040,225,WH-station1,2026-08-09T15:19:42.195-07:00
water_draw_1,2026-08-09T15:19:42.827-07:00,28.408,drawing,,open,15.0,1.427950,3.053229,43.23,109.81,21.04,69.87,22.40,72.32,1375,1162,1039,224,WH-station1,2026-08-09T15:19:42.701-07:00
water_draw_1,2026-08-09T15:19:43.331-07:00,28.925,drawing,,open,15.0,1.454052,3.027708,43.33,110.00,20.94,69.69,22.50,72.50,1376,1161,1034,225,WH-station1,2026-08-09T15:19:43.206-07:00
water_draw_1,2026-08-09T15:19:43.836-07:00,29.430,drawing,,open,15.0,1.479651,3.043021,43.44,110.19,20.73,69.31,22.60,72.68,1377,1159,1037,226,WH-station1,2026-08-09T15:19:43.712-07:00
water_draw_1,2026-08-09T15:19:44.341-07:00,29.934,drawing,,open,15.0,1.505246,3.043021,43.65,110.56,20.83,69.50,22.50,72.50,1379,1160,1037,225,WH-station1,2026-08-09T15:19:44.217-07:00
water_draw_1,2026-08-09T15:19:44.846-07:00,30.439,drawing,,open,15.0,1.530854,3.043021,43.85,110.94,20.42,68.75,22.40,72.32,1381,1156,1037,224,WH-station1,2026-08-09T15:19:44.721-07:00
water_draw_1,2026-08-09T15:19:45.350-07:00,30.944,drawing,,open,15.0,1.556320,3.027708,44.17,111.50,20.94,69.69,22.50,72.50,1384,1161,1034,225,WH-station1,2026-08-09T15:19:45.223-07:00
water_draw_1,2026-08-09T15:19:45.855-07:00,31.449,drawing,,open,15.0,1.582044,3.058333,44.48,112.06,20.73,69.31,22.50,72.50,1387,1159,1040,225,WH-station1,2026-08-09T15:19:45.725-07:00
water_draw_1,2026-08-09T15:19:46.360-07:00,31.953,drawing,,open,15.0,1.607596,3.037917,44.38,111.88,20.83,69.50,22.50,72.50,1386,1160,1036,225,WH-station1,2026-08-09T15:19:46.228-07:00
water_draw_1,2026-08-09T15:19:46.864-07:00,32.458,drawing,,open,15.0,1.633106,3.032812,44.38,111.88,20.83,69.50,22.60,72.68,1386,1160,1035,226,WH-station1,2026-08-09T15:19:46.730-07:00
water_draw_1,2026-08-09T15:19:47.369-07:00,32.963,drawing,,open,15.0,1.658708,3.043021,44.48,112.06,20.94,69.69,22.40,72.32,1387,1161,1037,224,WH-station1,2026-08-09T15:19:47.232-07:00
water_draw_1,2026-08-09T15:19:47.874-07:00,33.468,drawing,,open,15.0,1.684351,3.048125,44.69,112.44,21.04,69.87,22.50,72.50,1389,1162,1038,225,WH-station1,2026-08-09T15:19:47.735-07:00
water_draw_1,2026-08-09T15:19:48.379-07:00,33.972,drawing,,open,15.0,1.710038,3.053229,44.79,112.62,20.83,69.50,22.50,72.50,1390,1160,1039,225,WH-station1,2026-08-09T15:19:48.237-07:00
water_draw_1,2026-08-09T15:19:48.884-07:00,34.477,drawing,,open,15.0,1.735723,3.053229,44.90,112.81,20.73,69.31,22.50,72.50,1391,1159,1039,225,WH-station1,2026-08-09T15:19:48.739-07:00
water_draw_1,2026-08-09T15:19:49.388-07:00,34.982,drawing,,open,15.0,1.761279,3.037917,45.31,113.56,20.94,69.69,22.50,72.50,1395,1161,1036,225,WH-station1,2026-08-09T15:19:49.242-07:00
water_draw_1,2026-08-09T15:19:49.893-07:00,35.486,drawing,,open,15.0,1.786830,3.037917,45.31,113.56,21.04,69.87,22.50,72.50,1395,1162,1036,225,WH-station1,2026-08-09T15:19:49.746-07:00
water_draw_1,2026-08-09T15:19:50.398-07:00,35.991,drawing,,open,15.0,1.812565,3.058333,45.21,113.38,20.62,69.12,22.60,72.68,1394,1158,1040,226,WH-station1,2026-08-09T15:19:50.252-07:00
water_draw_1,2026-08-09T15:19:50.903-07:00,36.496,drawing,,open,15.0,1.838209,3.048125,45.42,113.75,20.52,68.94,22.40,72.32,1396,1157,1038,224,WH-station1,2026-08-09T15:19:50.757-07:00
water_draw_1,2026-08-09T15:19:51.407-07:00,37.001,drawing,,open,15.0,1.863937,3.058333,45.42,113.75,20.73,69.31,22.60,72.68,1396,1159,1040,226,WH-station1,2026-08-09T15:19:51.263-07:00
water_draw_1,2026-08-09T15:19:51.912-07:00,37.506,drawing,,open,15.0,1.889620,3.053229,45.62,114.12,20.73,69.31,22.50,72.50,1398,1159,1039,225,WH-station1,2026-08-09T15:19:51.768-07:00
water_draw_1,2026-08-09T15:19:52.417-07:00,38.010,drawing,,open,15.0,1.915391,3.063437,45.62,114.12,20.83,69.50,22.60,72.68,1398,1160,1041,226,WH-station1,2026-08-09T15:19:52.273-07:00
water_draw_1,2026-08-09T15:19:52.922-07:00,38.515,drawing,,open,15.0,1.941119,3.058333,46.04,114.88,20.73,69.31,22.50,72.50,1402,1159,1040,225,WH-station1,2026-08-09T15:19:52.779-07:00
water_draw_1,2026-08-09T15:19:53.426-07:00,39.020,drawing,,open,15.0,1.966939,3.068542,45.83,114.50,20.62,69.12,22.50,72.50,1400,1158,1042,225,WH-station1,2026-08-09T15:19:53.285-07:00
water_draw_1,2026-08-09T15:19:53.931-07:00,39.525,drawing,,open,15.0,1.992711,3.063437,46.04,114.88,21.04,69.87,22.50,72.50,1402,1162,1041,225,WH-station1,2026-08-09T15:19:53.790-07:00
water_draw_1,2026-08-09T15:19:54.436-07:00,40.029,drawing,,open,15.0,2.018697,3.088958,46.15,115.06,20.42,68.75,22.40,72.32,1403,1156,1046,224,WH-station1,2026-08-09T15:19:54.295-07:00
water_draw_1,2026-08-09T15:19:54.941-07:00,40.534,drawing,,open,15.0,2.044635,3.083854,46.25,115.25,21.15,70.06,22.50,72.50,1404,1163,1045,225,WH-station1,2026-08-09T15:19:54.801-07:00
water_draw_1,2026-08-09T15:19:55.443-07:00,41.039,drawing,,open,15.0,2.070581,3.083854,46.25,115.25,20.83,69.50,22.50,72.50,1404,1160,1045,225,WH-station1,2026-08-09T15:19:55.307-07:00
water_draw_1,2026-08-09T15:19:55.945-07:00,41.541,drawing,,open,15.0,2.096523,3.099167,46.35,115.44,20.73,69.31,22.50,72.50,1405,1159,1048,225,WH-station1,2026-08-09T15:19:55.812-07:00
water_draw_1,2026-08-09T15:19:56.447-07:00,42.043,drawing,,open,15.0,2.122415,3.094063,46.56,115.81,20.73,69.31,22.50,72.50,1407,1159,1047,225,WH-station1,2026-08-09T15:19:56.317-07:00
water_draw_1,2026-08-09T15:19:56.949-07:00,42.545,drawing,,open,15.0,2.148130,3.073646,46.67,116.00,21.04,69.87,22.60,72.68,1408,1162,1043,226,WH-station1,2026-08-09T15:19:56.823-07:00
water_draw_1,2026-08-09T15:19:57.451-07:00,43.047,drawing,,open,15.0,2.174064,3.099167,46.56,115.81,20.62,69.12,22.50,72.50,1407,1158,1048,225,WH-station1,2026-08-09T15:19:57.328-07:00
water_draw_1,2026-08-09T15:19:57.953-07:00,43.549,drawing,,open,15.0,2.200034,3.104271,46.88,116.38,20.62,69.12,22.60,72.68,1410,1158,1049,226,WH-station1,2026-08-09T15:19:57.834-07:00
water_draw_1,2026-08-09T15:19:58.455-07:00,44.051,drawing,,open,15.0,2.225967,3.099167,46.77,116.19,20.73,69.31,22.60,72.68,1409,1159,1048,226,WH-station1,2026-08-09T15:19:58.339-07:00
water_draw_1,2026-08-09T15:19:58.957-07:00,44.553,drawing,,open,15.0,2.251723,3.078750,46.88,116.38,20.83,69.50,22.60,72.68,1410,1160,1044,226,WH-station1,2026-08-09T15:19:58.845-07:00
water_draw_1,2026-08-09T15:19:59.459-07:00,45.055,drawing,,open,15.0,2.277441,3.073646,46.98,116.56,20.62,69.12,22.60,72.68,1411,1158,1043,226,WH-station1,2026-08-09T15:19:59.350-07:00
water_draw_1,2026-08-09T15:19:59.961-07:00,45.557,drawing,,open,15.0,2.303370,3.099167,47.08,116.75,20.94,69.69,22.50,72.50,1412,1161,1048,225,WH-station1,2026-08-09T15:19:59.856-07:00
water_draw_1,2026-08-09T15:20:00.466-07:00,46.059,drawing,,open,15.0,2.329004,3.063437,47.29,117.12,20.94,69.69,22.50,72.50,1414,1161,1041,225,WH-station1,2026-08-09T15:20:00.362-07:00
water_draw_1,2026-08-09T15:20:00.971-07:00,46.564,drawing,,open,15.0,2.354816,3.068542,47.08,116.75,21.04,69.87,22.60,72.68,1412,1162,1042,226,WH-station1,2026-08-09T15:20:00.867-07:00
water_draw_1,2026-08-09T15:20:01.475-07:00,47.069,drawing,,open,15.0,2.380586,3.063437,47.29,117.12,20.31,68.56,22.60,72.68,1414,1155,1041,226,WH-station1,2026-08-09T15:20:01.373-07:00
water_draw_1,2026-08-09T15:20:01.980-07:00,47.573,drawing,,open,15.0,2.406570,3.088958,47.19,116.94,20.83,69.50,22.50,72.50,1413,1160,1046,225,WH-station1,2026-08-09T15:20:01.878-07:00
water_draw_1,2026-08-09T15:20:02.485-07:00,48.078,drawing,,open,15.0,2.432728,3.109375,47.40,117.31,21.04,69.87,22.40,72.32,1415,1162,1050,224,WH-station1,2026-08-09T15:20:02.383-07:00
water_draw_1,2026-08-09T15:20:02.990-07:00,48.583,drawing,,open,15.0,2.458760,3.094063,47.60,117.69,20.83,69.50,22.50,72.50,1417,1160,1047,225,WH-station1,2026-08-09T15:20:02.888-07:00
water_draw_1,2026-08-09T15:20:03.494-07:00,49.088,drawing,,open,15.0,2.484707,3.083854,47.29,117.12,20.62,69.12,22.50,72.50,1414,1158,1045,225,WH-station1,2026-08-09T15:20:03.393-07:00
water_draw_1,2026-08-09T15:20:03.999-07:00,49.593,drawing,,open,15.0,2.510731,3.094063,47.50,117.50,20.62,69.12,22.50,72.50,1416,1158,1047,225,WH-station1,2026-08-09T15:20:03.898-07:00
water_draw_1,2026-08-09T15:20:04.504-07:00,50.097,drawing,,open,15.0,2.536672,3.083854,47.60,117.69,20.94,69.69,22.50,72.50,1417,1161,1045,225,WH-station1,2026-08-09T15:20:04.403-07:00
water_draw_1,2026-08-09T15:20:05.008-07:00,50.602,drawing,,open,15.0,2.562610,3.083854,47.71,117.88,21.04,69.87,22.60,72.68,1418,1162,1045,226,WH-station1,2026-08-09T15:20:04.908-07:00
water_draw_1,2026-08-09T15:20:05.513-07:00,51.107,drawing,,open,15.0,2.588723,3.104271,47.71,117.88,20.83,69.50,22.50,72.50,1418,1160,1049,225,WH-station1,2026-08-09T15:20:05.414-07:00
water_draw_1,2026-08-09T15:20:06.018-07:00,51.611,drawing,,open,15.0,2.614710,3.088958,47.60,117.69,20.42,68.75,22.60,72.68,1417,1156,1046,226,WH-station1,2026-08-09T15:20:05.919-07:00
water_draw_1,2026-08-09T15:20:06.522-07:00,52.116,drawing,,open,15.0,2.640778,3.099167,47.92,118.25,20.94,69.69,22.60,72.68,1420,1161,1048,226,WH-station1,2026-08-09T15:20:06.424-07:00
water_draw_1,2026-08-09T15:20:07.027-07:00,52.621,drawing,,open,15.0,2.666844,3.099167,47.71,117.88,20.94,69.69,22.50,72.50,1418,1161,1048,225,WH-station1,2026-08-09T15:20:06.929-07:00
water_draw_1,2026-08-09T15:20:07.532-07:00,53.125,drawing,,open,15.0,2.692741,3.078750,47.81,118.06,20.73,69.31,22.50,72.50,1419,1159,1044,225,WH-station1,2026-08-09T15:20:07.434-07:00
water_draw_1,2026-08-09T15:20:08.037-07:00,53.630,drawing,,open,15.0,2.718721,3.088958,48.02,118.44,20.83,69.50,22.60,72.68,1421,1160,1046,226,WH-station1,2026-08-09T15:20:07.939-07:00
water_draw_1,2026-08-09T15:20:08.541-07:00,54.135,drawing,,open,15.0,2.744577,3.073646,47.92,118.25,20.73,69.31,22.50,72.50,1420,1159,1043,225,WH-station1,2026-08-09T15:20:08.444-07:00
water_draw_1,2026-08-09T15:20:09.046-07:00,54.640,drawing,,open,15.0,2.770433,3.073646,48.12,118.62,20.73,69.31,22.50,72.50,1422,1159,1043,225,WH-station1,2026-08-09T15:20:08.949-07:00
water_draw_1,2026-08-09T15:20:09.551-07:00,55.144,drawing,,open,15.0,2.796461,3.094063,47.92,118.25,20.94,69.69,22.40,72.32,1420,1161,1047,224,WH-station1,2026-08-09T15:20:09.455-07:00
water_draw_1,2026-08-09T15:20:10.055-07:00,55.649,drawing,,open,15.0,2.822530,3.099167,48.02,118.44,20.73,69.31,22.60,72.68,1421,1159,1048,226,WH-station1,2026-08-09T15:20:09.960-07:00
water_draw_1,2026-08-09T15:20:10.560-07:00,56.154,drawing,,open,15.0,2.848818,3.124688,48.12,118.62,20.83,69.50,22.50,72.50,1422,1160,1053,225,WH-station1,2026-08-09T15:20:10.465-07:00
water_draw_1,2026-08-09T15:20:11.065-07:00,56.659,drawing,,open,15.0,2.874977,3.109375,48.23,118.81,20.73,69.31,22.50,72.50,1423,1159,1050,225,WH-station1,2026-08-09T15:20:10.970-07:00
water_draw_1,2026-08-09T15:20:11.570-07:00,57.163,drawing,,open,15.0,2.901138,3.109375,48.23,118.81,20.83,69.50,22.50,72.50,1423,1160,1050,225,WH-station1,2026-08-09T15:20:11.475-07:00
water_draw_1,2026-08-09T15:20:12.075-07:00,57.668,drawing,,open,15.0,2.927080,3.083854,48.23,118.81,20.94,69.69,22.40,72.32,1423,1161,1045,224,WH-station1,2026-08-09T15:20:11.980-07:00
water_draw_1,2026-08-09T15:20:12.579-07:00,58.173,drawing,,open,15.0,2.953239,3.109375,48.23,118.81,21.04,69.87,22.50,72.50,1423,1162,1050,225,WH-station1,2026-08-09T15:20:12.485-07:00
water_draw_1,2026-08-09T15:20:13.084-07:00,58.678,drawing,,open,15.0,2.979396,3.109375,48.33,119.00,20.62,69.12,22.50,72.50,1424,1158,1050,225,WH-station1,2026-08-09T15:20:12.990-07:00
water_draw_1,2026-08-09T15:20:13.589-07:00,59.182,drawing,,open,15.0,3.005554,3.109375,48.44,119.19,20.62,69.12,22.60,72.68,1425,1158,1050,226,WH-station1,2026-08-09T15:20:13.495-07:00
water_draw_1,2026-08-09T15:20:14.094-07:00,59.687,drawing,,open,15.0,3.031671,3.104271,48.54,119.38,20.73,69.31,22.50,72.50,1426,1159,1049,225,WH-station1,2026-08-09T15:20:14.000-07:00
water_draw_1,2026-08-09T15:20:14.598-07:00,60.192,drawing,,open,15.0,3.058004,3.129792,48.65,119.56,20.83,69.50,22.50,72.50,1427,1160,1054,225,WH-station1,2026-08-09T15:20:14.506-07:00
water_draw_1,2026-08-09T15:20:15.103-07:00,60.697,drawing,,open,15.0,3.084072,3.099167,48.33,119.00,20.94,69.69,22.70,72.86,1424,1161,1048,227,WH-station1,2026-08-09T15:20:15.011-07:00
water_draw_1,2026-08-09T15:20:15.608-07:00,61.201,drawing,,open,15.0,3.110231,3.109375,48.75,119.75,20.52,68.94,22.50,72.50,1428,1157,1050,225,WH-station1,2026-08-09T15:20:15.516-07:00
water_draw_1,2026-08-09T15:20:16.113-07:00,61.706,drawing,,open,15.0,3.136478,3.119583,48.44,119.19,20.73,69.31,22.50,72.50,1425,1159,1052,225,WH-station1,2026-08-09T15:20:16.021-07:00
water_draw_1,2026-08-09T15:20:16.617-07:00,62.211,drawing,,open,15.0,3.162723,3.119583,48.75,119.75,20.52,68.94,22.60,72.68,1428,1157,1052,226,WH-station1,2026-08-09T15:20:16.526-07:00
water_draw_1,2026-08-09T15:20:17.122-07:00,62.716,drawing,,open,15.0,3.188882,3.109375,48.85,119.94,20.83,69.50,22.60,72.68,1429,1160,1050,226,WH-station1,2026-08-09T15:20:17.031-07:00
water_draw_1,2026-08-09T15:20:17.627-07:00,63.220,drawing,,open,15.0,3.215210,3.129792,48.75,119.75,20.94,69.69,22.70,72.86,1428,1161,1054,227,WH-station1,2026-08-09T15:20:17.536-07:00
water_draw_1,2026-08-09T15:20:18.132-07:00,63.725,drawing,,open,15.0,3.241495,3.124688,48.75,119.75,21.25,70.25,22.60,72.68,1428,1164,1053,226,WH-station1,2026-08-09T15:20:18.041-07:00
water_draw_1,2026-08-09T15:20:18.636-07:00,64.230,drawing,,open,15.0,3.267697,3.114479,48.54,119.38,20.73,69.31,22.60,72.68,1426,1159,1051,226,WH-station1,2026-08-09T15:20:18.546-07:00
water_draw_1,2026-08-09T15:20:19.141-07:00,64.735,drawing,,open,15.0,3.293814,3.104271,48.65,119.56,20.52,68.94,22.50,72.50,1427,1157,1049,225,WH-station1,2026-08-09T15:20:19.051-07:00
water_draw_1,2026-08-09T15:20:19.646-07:00,65.240,drawing,,open,15.0,3.320146,3.129792,49.06,120.31,20.73,69.31,22.50,72.50,1431,1159,1054,225,WH-station1,2026-08-09T15:20:19.557-07:00
water_draw_1,2026-08-09T15:20:20.151-07:00,65.744,drawing,,open,15.0,3.346300,3.109375,48.75,119.75,21.04,69.87,22.60,72.68,1428,1162,1050,226,WH-station1,2026-08-09T15:20:20.062-07:00
water_draw_1,2026-08-09T15:20:20.655-07:00,66.249,drawing,,open,15.0,3.372669,3.134896,48.75,119.75,20.52,68.94,22.50,72.50,1428,1157,1055,225,WH-station1,2026-08-09T15:20:20.567-07:00
water_draw_1,2026-08-09T15:20:21.160-07:00,66.754,drawing,,open,15.0,3.398738,3.099167,48.96,120.12,20.73,69.31,22.60,72.68,1430,1159,1048,226,WH-station1,2026-08-09T15:20:21.072-07:00
water_draw_1,2026-08-09T15:20:21.665-07:00,67.258,drawing,,open,15.0,3.425111,3.134896,48.75,119.75,20.73,69.31,22.60,72.68,1428,1159,1055,226,WH-station1,2026-08-09T15:20:21.577-07:00
water_draw_1,2026-08-09T15:20:22.170-07:00,67.763,drawing,,open,15.0,3.451145,3.094063,49.17,120.50,20.73,69.31,22.50,72.50,1432,1159,1047,225,WH-station1,2026-08-09T15:20:22.082-07:00
water_draw_1,2026-08-09T15:20:22.674-07:00,68.268,drawing,,open,15.0,3.477565,3.140000,48.96,120.12,20.83,69.50,22.60,72.68,1430,1160,1056,226,WH-station1,2026-08-09T15:20:22.587-07:00
water_draw_1,2026-08-09T15:20:23.179-07:00,68.773,drawing,,open,15.0,3.503804,3.119583,48.85,119.94,20.62,69.12,22.60,72.68,1429,1158,1052,226,WH-station1,2026-08-09T15:20:23.092-07:00
water_draw_1,2026-08-09T15:20:23.684-07:00,69.277,drawing,,open,15.0,3.529832,3.094063,48.85,119.94,20.83,69.50,22.60,72.68,1429,1160,1047,226,WH-station1,2026-08-09T15:20:23.598-07:00
water_draw_1,2026-08-09T15:20:24.189-07:00,69.782,drawing,,open,15.0,3.556244,3.140000,49.06,120.31,20.94,69.69,22.60,72.68,1431,1161,1056,226,WH-station1,2026-08-09T15:20:24.103-07:00
water_draw_1,2026-08-09T15:20:24.693-07:00,70.287,drawing,,open,15.0,3.582534,3.124688,48.96,120.12,20.62,69.12,22.50,72.50,1430,1158,1053,225,WH-station1,2026-08-09T15:20:24.608-07:00
water_draw_1,2026-08-09T15:20:25.198-07:00,70.792,drawing,,open,15.0,3.608992,3.145104,49.06,120.31,20.52,68.94,22.60,72.68,1431,1157,1057,226,WH-station1,2026-08-09T15:20:25.113-07:00
water_draw_1,2026-08-09T15:20:25.703-07:00,71.297,drawing,,open,15.0,3.635408,3.140000,49.06,120.31,20.73,69.31,22.50,72.50,1431,1159,1056,225,WH-station1,2026-08-09T15:20:25.618-07:00
water_draw_1,2026-08-09T15:20:26.208-07:00,71.801,drawing,,open,15.0,3.661649,3.119583,49.17,120.50,20.73,69.31,22.70,72.86,1432,1159,1052,227,WH-station1,2026-08-09T15:20:26.123-07:00
water_draw_1,2026-08-09T15:20:26.712-07:00,72.306,drawing,,open,15.0,3.688020,3.134896,49.27,120.69,20.52,68.94,22.50,72.50,1433,1157,1055,225,WH-station1,2026-08-09T15:20:26.628-07:00
water_draw_1,2026-08-09T15:20:27.217-07:00,72.811,drawing,,open,15.0,3.714304,3.124688,48.96,120.12,20.94,69.69,22.60,72.68,1430,1161,1053,226,WH-station1,2026-08-09T15:20:27.133-07:00
water_draw_1,2026-08-09T15:20:27.722-07:00,73.315,drawing,,open,15.0,3.740636,3.129792,49.27,120.69,20.42,68.75,22.50,72.50,1433,1156,1054,225,WH-station1,2026-08-09T15:20:27.639-07:00
water_draw_1,2026-08-09T15:20:28.227-07:00,73.820,drawing,,open,15.0,3.767089,3.145104,49.27,120.69,20.94,69.69,22.60,72.68,1433,1161,1057,226,WH-station1,2026-08-09T15:20:28.144-07:00
water_draw_1,2026-08-09T15:20:28.731-07:00,74.325,drawing,,open,15.0,3.793634,3.155312,48.96,120.12,20.94,69.69,22.60,72.68,1430,1161,1059,226,WH-station1,2026-08-09T15:20:28.649-07:00
water_draw_1,2026-08-09T15:20:29.236-07:00,74.830,drawing,,open,15.0,3.820005,3.134896,49.06,120.31,20.62,69.12,22.60,72.68,1431,1158,1055,226,WH-station1,2026-08-09T15:20:29.154-07:00
water_draw_1,2026-08-09T15:20:29.741-07:00,75.334,drawing,,open,15.0,3.846467,3.145104,49.17,120.50,21.15,70.06,22.70,72.86,1432,1163,1057,227,WH-station1,2026-08-09T15:20:29.659-07:00
water_draw_1,2026-08-09T15:20:30.246-07:00,75.839,drawing,,open,15.0,3.872843,3.134896,49.27,120.69,21.15,70.06,22.60,72.68,1433,1163,1055,226,WH-station1,2026-08-09T15:20:30.164-07:00
water_draw_1,2026-08-09T15:20:30.750-07:00,76.344,drawing,,open,15.0,3.899302,3.145104,49.17,120.50,20.94,69.69,22.50,72.50,1432,1161,1057,225,WH-station1,2026-08-09T15:20:30.669-07:00
water_draw_1,2026-08-09T15:20:31.255-07:00,76.849,drawing,,open,15.0,3.925671,3.134896,49.37,120.87,20.73,69.31,22.50,72.50,1434,1159,1055,225,WH-station1,2026-08-09T15:20:31.174-07:00
water_draw_1,2026-08-09T15:20:31.760-07:00,77.353,drawing,,open,15.0,3.952127,3.145104,49.48,121.06,20.52,68.94,22.40,72.32,1435,1157,1057,224,WH-station1,2026-08-09T15:20:31.679-07:00
water_draw_1,2026-08-09T15:20:32.265-07:00,77.858,drawing,,open,15.0,3.978798,3.170625,49.37,120.87,20.94,69.69,22.60,72.68,1434,1161,1062,226,WH-station1,2026-08-09T15:20:32.184-07:00
water_draw_1,2026-08-09T15:20:32.769-07:00,78.363,drawing,,open,15.0,4.005173,3.134896,49.27,120.69,20.62,69.12,22.60,72.68,1433,1158,1055,226,WH-station1,2026-08-09T15:20:32.689-07:00
water_draw_1,2026-08-09T15:20:33.274-07:00,78.868,drawing,,open,15.0,4.031634,3.145104,49.27,120.69,20.52,68.94,22.40,72.32,1433,1157,1057,224,WH-station1,2026-08-09T15:20:33.194-07:00
water_draw_1,2026-08-09T15:20:33.779-07:00,79.372,drawing,,open,15.0,4.058048,3.140000,49.37,120.87,20.73,69.31,22.50,72.50,1434,1159,1056,225,WH-station1,2026-08-09T15:20:33.700-07:00
water_draw_1,2026-08-09T15:20:34.284-07:00,79.877,drawing,,open,15.0,4.084860,3.185938,49.27,120.69,20.62,69.12,22.40,72.32,1433,1158,1065,224,WH-station1,2026-08-09T15:20:34.205-07:00
water_draw_1,2026-08-09T15:20:34.789-07:00,80.382,drawing,,open,15.0,4.111403,3.155312,49.37,120.87,20.94,69.69,22.50,72.50,1434,1161,1059,225,WH-station1,2026-08-09T15:20:34.710-07:00
water_draw_1,2026-08-09T15:20:35.294-07:00,80.887,drawing,,open,15.0,4.137867,3.145104,49.48,121.06,20.83,69.50,22.50,72.50,1435,1160,1057,225,WH-station1,2026-08-09T15:20:35.215-07:00
water_draw_1,2026-08-09T15:20:35.798-07:00,81.392,drawing,,open,15.0,4.164243,3.134896,49.58,121.25,20.62,69.12,22.60,72.68,1436,1158,1055,226,WH-station1,2026-08-09T15:20:35.720-07:00
water_draw_1,2026-08-09T15:20:36.303-07:00,81.897,drawing,,open,15.0,4.190914,3.170625,49.48,121.06,20.52,68.94,22.50,72.50,1435,1157,1062,225,WH-station1,2026-08-09T15:20:36.225-07:00
water_draw_1,2026-08-09T15:20:36.808-07:00,82.401,drawing,,open,15.0,4.217499,3.160417,49.48,121.06,20.73,69.31,22.50,72.50,1435,1159,1060,225,WH-station1,2026-08-09T15:20:36.730-07:00
water_draw_1,2026-08-09T15:20:37.312-07:00,82.906,drawing,,open,15.0,4.244127,3.165521,49.27,120.69,20.83,69.50,22.50,72.50,1433,1160,1061,225,WH-station1,2026-08-09T15:20:37.235-07:00
water_draw_1,2026-08-09T15:20:37.817-07:00,83.411,drawing,,open,15.0,4.270760,3.165521,49.37,120.87,21.04,69.87,22.50,72.50,1434,1162,1061,225,WH-station1,2026-08-09T15:20:37.741-07:00
water_draw_1,2026-08-09T15:20:38.322-07:00,83.916,drawing,,open,15.0,4.297434,3.170625,49.58,121.25,20.73,69.31,22.60,72.68,1436,1159,1062,226,WH-station1,2026-08-09T15:20:38.246-07:00
water_draw_1,2026-08-09T15:20:38.827-07:00,84.420,drawing,,open,15.0,4.323938,3.150208,49.37,120.87,21.04,69.87,22.60,72.68,1434,1162,1058,226,WH-station1,2026-08-09T15:20:38.751-07:00
water_draw_1,2026-08-09T15:20:39.331-07:00,84.925,drawing,,open,15.0,4.350266,3.129792,49.48,121.06,20.52,68.94,22.50,72.50,1435,1157,1054,225,WH-station1,2026-08-09T15:20:39.256-07:00
water_draw_1,2026-08-09T15:20:39.836-07:00,85.430,drawing,,open,15.0,4.376938,3.170625,49.69,121.44,20.83,69.50,22.50,72.50,1437,1160,1062,225,WH-station1,2026-08-09T15:20:39.761-07:00
water_draw_1,2026-08-09T15:20:40.341-07:00,85.934,drawing,,open,15.0,4.403607,3.170625,49.37,120.87,21.15,70.06,22.50,72.50,1434,1163,1062,225,WH-station1,2026-08-09T15:20:40.266-07:00
water_draw_1,2026-08-09T15:20:40.846-07:00,86.439,drawing,,open,15.0,4.430155,3.155312,49.69,121.44,20.73,69.31,22.50,72.50,1437,1159,1059,225,WH-station1,2026-08-09T15:20:40.771-07:00
water_draw_1,2026-08-09T15:20:41.350-07:00,86.944,drawing,,open,15.0,4.456870,3.175729,49.58,121.25,20.73,69.31,22.60,72.68,1436,1159,1063,226,WH-station1,2026-08-09T15:20:41.276-07:00
water_draw_1,2026-08-09T15:20:41.855-07:00,87.449,drawing,,open,15.0,4.483334,3.145104,49.48,121.06,20.42,68.75,22.50,72.50,1435,1156,1057,225,WH-station1,2026-08-09T15:20:41.781-07:00
water_draw_1,2026-08-09T15:20:42.360-07:00,87.954,drawing,,open,15.0,4.509705,3.134896,49.48,121.06,20.83,69.50,22.50,72.50,1435,1160,1055,225,WH-station1,2026-08-09T15:20:42.287-07:00
water_draw_1,2026-08-09T15:20:42.865-07:00,88.458,drawing,,open,15.0,4.536248,3.155312,49.69,121.44,20.42,68.75,22.60,72.68,1437,1156,1059,226,WH-station1,2026-08-09T15:20:42.792-07:00
water_draw_1,2026-08-09T15:20:43.370-07:00,88.963,drawing,,open,15.0,4.562750,3.150208,49.90,121.81,21.25,70.25,22.60,72.68,1439,1164,1058,226,WH-station1,2026-08-09T15:20:43.298-07:00
water_draw_1,2026-08-09T15:20:43.874-07:00,89.468,drawing,,open,15.0,4.589212,3.145104,49.58,121.25,20.73,69.31,22.50,72.50,1436,1159,1057,225,WH-station1,2026-08-09T15:20:43.803-07:00
water_draw_1,2026-08-09T15:20:44.389-07:00,89.973,drawing,,open,15.0,4.615671,3.145104,49.69,121.44,20.83,69.50,22.60,72.68,1437,1160,1057,226,WH-station1,2026-08-09T15:20:44.309-07:00
water_draw_1,2026-08-09T15:20:44.894-07:00,90.487,drawing,,open,15.0,4.642656,3.145104,49.58,121.25,20.73,69.31,22.50,72.50,1436,1159,1057,225,WH-station1,2026-08-09T15:20:44.812-07:00
water_draw_1,2026-08-09T15:20:45.399-07:00,90.992,drawing,,open,15.0,4.669112,3.145104,49.48,121.06,20.73,69.31,22.60,72.68,1435,1159,1057,226,WH-station1,2026-08-09T15:20:45.314-07:00
water_draw_1,2026-08-09T15:20:45.903-07:00,91.497,drawing,,open,15.0,4.695613,3.150208,49.58,121.25,21.04,69.87,22.60,72.68,1436,1162,1058,226,WH-station1,2026-08-09T15:20:45.817-07:00
water_draw_1,2026-08-09T15:20:46.408-07:00,92.002,drawing,,open,15.0,4.722197,3.160417,49.79,121.63,20.94,69.69,22.50,72.50,1438,1161,1060,225,WH-station1,2026-08-09T15:20:46.319-07:00
water_draw_1,2026-08-09T15:20:46.913-07:00,92.506,drawing,,open,15.0,4.748911,3.175729,49.79,121.63,20.62,69.12,22.50,72.50,1438,1158,1063,225,WH-station1,2026-08-09T15:20:46.821-07:00
water_draw_1,2026-08-09T15:20:47.418-07:00,93.011,drawing,,open,15.0,4.775456,3.155312,49.48,121.06,21.15,70.06,22.60,72.68,1435,1163,1059,226,WH-station1,2026-08-09T15:20:47.323-07:00
water_draw_1,2026-08-09T15:20:47.922-07:00,93.516,drawing,,open,15.0,4.801832,3.134896,49.48,121.06,20.73,69.31,22.70,72.86,1435,1159,1055,227,WH-station1,2026-08-09T15:20:47.825-07:00
water_draw_1,2026-08-09T15:20:48.427-07:00,94.021,drawing,,open,15.0,4.828463,3.165521,49.79,121.63,21.04,69.87,22.50,72.50,1438,1162,1061,225,WH-station1,2026-08-09T15:20:48.328-07:00
water_draw_1,2026-08-09T15:20:48.932-07:00,94.525,drawing,,open,15.0,4.854879,3.140000,49.79,121.63,20.62,69.12,22.60,72.68,1438,1158,1056,226,WH-station1,2026-08-09T15:20:48.830-07:00
water_draw_1,2026-08-09T15:20:49.437-07:00,95.030,drawing,,open,15.0,4.881508,3.165521,49.58,121.25,21.15,70.06,22.60,72.68,1436,1163,1061,226,WH-station1,2026-08-09T15:20:49.332-07:00
water_draw_1,2026-08-09T15:20:49.941-07:00,95.535,drawing,,open,15.0,4.907881,3.134896,49.90,121.81,20.62,69.12,22.60,72.68,1439,1158,1055,226,WH-station1,2026-08-09T15:20:49.837-07:00
water_draw_1,2026-08-09T15:20:50.446-07:00,96.040,drawing,,open,15.0,4.934555,3.170625,49.69,121.44,21.04,69.87,22.60,72.68,1437,1162,1062,226,WH-station1,2026-08-09T15:20:50.342-07:00
water_draw_1,2026-08-09T15:20:50.951-07:00,96.544,drawing,,open,15.0,4.961097,3.155312,49.69,121.44,21.15,70.06,22.60,72.68,1437,1163,1059,226,WH-station1,2026-08-09T15:20:50.847-07:00
water_draw_1,2026-08-09T15:20:51.456-07:00,97.049,drawing,,open,15.0,4.987766,3.170625,49.79,121.63,20.62,69.12,22.50,72.50,1438,1158,1062,225,WH-station1,2026-08-09T15:20:51.352-07:00
water_draw_1,2026-08-09T15:20:51.960-07:00,97.554,drawing,,open,15.0,5.014312,3.155312,49.69,121.44,20.94,69.69,22.60,72.68,1437,1161,1059,226,WH-station1,2026-08-09T15:20:51.857-07:00
water_draw_1,2026-08-09T15:20:52.465-07:00,98.059,drawing,,open,15.0,5.040777,3.145104,49.69,121.44,20.52,68.94,22.60,72.68,1437,1157,1057,226,WH-station1,2026-08-09T15:20:52.363-07:00
water_draw_1,2026-08-09T15:20:52.970-07:00,98.564,drawing,,open,15.0,5.067450,3.170625,49.69,121.44,20.73,69.31,22.60,72.68,1437,1159,1062,226,WH-station1,2026-08-09T15:20:52.868-07:00
water_draw_1,2026-08-09T15:20:53.475-07:00,99.068,drawing,,open,15.0,5.093950,3.150208,50.00,122.00,21.46,70.62,22.50,72.50,1440,1166,1058,225,WH-station1,2026-08-09T15:20:53.373-07:00
water_draw_1,2026-08-09T15:20:53.979-07:00,99.573,drawing,,open,15.0,5.120578,3.165521,49.69,121.44,21.46,70.62,22.60,72.68,1437,1166,1061,226,WH-station1,2026-08-09T15:20:53.878-07:00
water_draw_1,2026-08-09T15:20:54.484-07:00,100.078,drawing,,open,15.0,5.147205,3.165521,50.00,122.00,21.15,70.06,22.70,72.86,1440,1163,1061,227,WH-station1,2026-08-09T15:20:54.384-07:00
water_draw_1,2026-08-09T15:20:54.999-07:00,100.582,drawing,,open,15.0,5.173753,3.155312,49.69,121.44,21.04,69.87,22.50,72.50,1437,1162,1059,225,WH-station1,2026-08-09T15:20:54.889-07:00
water_draw_1,2026-08-09T15:20:55.502-07:00,101.098,drawing,,open,15.0,5.200763,3.145104,49.79,121.63,21.25,70.25,22.70,72.86,1438,1164,1057,227,WH-station1,2026-08-09T15:20:55.394-07:00
water_draw_1,2026-08-09T15:20:56.004-07:00,101.600,drawing,,open,15.0,5.227252,3.165521,49.90,121.81,20.73,69.31,22.70,72.86,1439,1159,1061,227,WH-station1,2026-08-09T15:20:55.900-07:00
water_draw_1,2026-08-09T15:20:56.506-07:00,102.102,drawing,,open,15.0,5.253863,3.180833,49.79,121.63,20.94,69.69,22.60,72.68,1438,1161,1064,226,WH-station1,2026-08-09T15:20:56.405-07:00
water_draw_1,2026-08-09T15:20:57.008-07:00,102.604,drawing,,open,15.0,5.280436,3.175729,49.90,121.81,21.25,70.25,22.60,72.68,1439,1164,1063,226,WH-station1,2026-08-09T15:20:56.910-07:00
water_draw_1,2026-08-09T15:20:57.510-07:00,103.106,drawing,,open,15.0,5.306962,3.170625,49.79,121.63,20.62,69.12,22.70,72.86,1438,1158,1062,227,WH-station1,2026-08-09T15:20:57.416-07:00
water_draw_1,2026-08-09T15:20:58.012-07:00,103.608,drawing,,open,15.0,5.333319,3.150208,49.79,121.63,20.73,69.31,22.70,72.86,1438,1159,1058,227,WH-station1,2026-08-09T15:20:57.921-07:00
water_draw_1,2026-08-09T15:20:58.514-07:00,104.110,drawing,,open,15.0,5.359934,3.180833,49.90,121.81,21.35,70.44,22.60,72.68,1439,1165,1064,226,WH-station1,2026-08-09T15:20:58.426-07:00
water_draw_1,2026-08-09T15:20:59.016-07:00,104.612,drawing,,open,15.0,5.386291,3.150208,49.79,121.63,20.83,69.50,22.60,72.68,1438,1160,1058,226,WH-station1,2026-08-09T15:20:58.931-07:00
water_draw_1,2026-08-09T15:20:59.518-07:00,105.114,drawing,,open,15.0,5.412691,3.155312,49.90,121.81,20.94,69.69,22.70,72.86,1439,1161,1059,227,WH-station1,2026-08-09T15:20:59.437-07:00
water_draw_1,2026-08-09T15:21:00.020-07:00,105.616,drawing,,open,15.0,5.439048,3.150208,49.79,121.63,20.94,69.69,22.60,72.68,1438,1161,1058,226,WH-station1,2026-08-09T15:20:59.942-07:00
water_draw_1,2026-08-09T15:21:00.524-07:00,106.118,drawing,,open,15.0,5.465493,3.160417,49.90,121.81,21.25,70.25,22.50,72.50,1439,1164,1060,225,WH-station1,2026-08-09T15:21:00.448-07:00
water_draw_1,2026-08-09T15:21:01.029-07:00,106.623,drawing,,open,15.0,5.492213,3.175729,49.79,121.63,21.04,69.87,22.50,72.50,1438,1162,1063,225,WH-station1,2026-08-09T15:21:00.953-07:00
water_draw_1,2026-08-09T15:21:01.534-07:00,107.128,drawing,,open,15.0,5.518808,3.160417,50.10,122.19,20.94,69.69,22.60,72.68,1441,1161,1060,226,WH-station1,2026-08-09T15:21:01.458-07:00
water_draw_1,2026-08-09T15:21:02.039-07:00,107.632,drawing,,open,15.0,5.545438,3.165521,49.79,121.63,20.94,69.69,22.60,72.68,1438,1161,1061,226,WH-station1,2026-08-09T15:21:01.964-07:00
water_draw_1,2026-08-09T15:21:02.544-07:00,108.137,drawing,,open,15.0,5.572065,3.165521,49.90,121.81,20.94,69.69,22.60,72.68,1439,1161,1061,226,WH-station1,2026-08-09T15:21:02.469-07:00
water_draw_1,2026-08-09T15:21:03.048-07:00,108.642,drawing,,open,15.0,5.598609,3.155312,49.79,121.63,20.94,69.69,22.70,72.86,1438,1161,1059,227,WH-station1,2026-08-09T15:21:02.974-07:00
water_draw_1,2026-08-09T15:21:03.553-07:00,109.147,drawing,,open,15.0,5.625289,3.170625,50.00,122.00,20.94,69.69,22.50,72.50,1440,1161,1062,225,WH-station1,2026-08-09T15:21:03.480-07:00
water_draw_1,2026-08-09T15:21:04.058-07:00,109.652,drawing,,open,15.0,5.651921,3.165521,49.90,121.81,20.62,69.12,22.60,72.68,1439,1158,1061,226,WH-station1,2026-08-09T15:21:03.985-07:00
water_draw_1,2026-08-09T15:21:04.563-07:00,110.156,drawing,,open,15.0,5.678379,3.145104,49.90,121.81,21.04,69.87,22.50,72.50,1439,1162,1057,225,WH-station1,2026-08-09T15:21:04.490-07:00
water_draw_1,2026-08-09T15:21:05.067-07:00,110.661,drawing,,open,15.0,5.705007,3.165521,49.90,121.81,21.56,70.81,22.70,72.86,1439,1167,1061,227,WH-station1,2026-08-09T15:21:04.995-07:00
water_draw_1,2026-08-09T15:21:05.572-07:00,111.166,drawing,,open,15.0,5.731852,3.191042,49.90,121.81,21.04,69.87,22.60,72.68,1439,1162,1066,226,WH-station1,2026-08-09T15:21:05.501-07:00
water_draw_1,2026-08-09T15:21:06.077-07:00,111.671,drawing,,open,15.0,5.758527,3.170625,50.00,122.00,21.35,70.44,22.60,72.68,1440,1165,1062,226,WH-station1,2026-08-09T15:21:06.006-07:00
water_draw_1,2026-08-09T15:21:06.582-07:00,112.176,drawing,,open,15.0,5.785254,3.175729,49.90,121.81,20.83,69.50,22.60,72.68,1439,1160,1063,226,WH-station1,2026-08-09T15:21:06.511-07:00
water_draw_1,2026-08-09T15:21:07.087-07:00,112.680,drawing,,open,15.0,5.811884,3.165521,49.90,121.81,20.94,69.69,22.60,72.68,1439,1161,1061,226,WH-station1,2026-08-09T15:21:07.017-07:00
water_draw_1,2026-08-09T15:21:07.591-07:00,113.185,drawing,,open,15.0,5.838558,3.170625,49.90,121.81,20.94,69.69,22.60,72.68,1439,1161,1062,226,WH-station1,2026-08-09T15:21:07.522-07:00
water_draw_1,2026-08-09T15:21:08.096-07:00,113.690,drawing,,open,15.0,5.865186,3.165521,50.10,122.19,21.35,70.44,22.60,72.68,1441,1165,1061,226,WH-station1,2026-08-09T15:21:08.027-07:00
water_draw_1,2026-08-09T15:21:08.601-07:00,114.195,drawing,,open,15.0,5.891774,3.160417,50.00,122.00,20.83,69.50,22.70,72.86,1440,1160,1060,227,WH-station1,2026-08-09T15:21:08.532-07:00
water_draw_1,2026-08-09T15:21:09.106-07:00,114.699,drawing,,open,15.0,5.918407,3.165521,50.00,122.00,21.04,69.87,22.70,72.86,1440,1162,1061,227,WH-station1,2026-08-09T15:21:09.037-07:00
water_draw_1,2026-08-09T15:21:09.611-07:00,115.204,drawing,,open,15.0,5.944954,3.155312,49.90,121.81,21.04,69.87,22.50,72.50,1439,1162,1059,225,WH-station1,2026-08-09T15:21:09.542-07:00
water_draw_1,2026-08-09T15:21:10.115-07:00,115.709,drawing,,open,15.0,5.971713,3.180833,50.10,122.19,21.35,70.44,22.50,72.50,1441,1165,1064,225,WH-station1,2026-08-09T15:21:10.047-07:00
water_draw_1,2026-08-09T15:21:10.620-07:00,116.214,drawing,,open,15.0,5.998386,3.170625,50.00,122.00,20.52,68.94,22.70,72.86,1440,1157,1062,227,WH-station1,2026-08-09T15:21:10.552-07:00
water_draw_1,2026-08-09T15:21:11.125-07:00,116.718,drawing,,open,15.0,6.024970,3.160417,50.10,122.19,21.46,70.62,22.50,72.50,1441,1166,1060,225,WH-station1,2026-08-09T15:21:11.057-07:00
water_draw_1,2026-08-09T15:21:11.630-07:00,117.223,drawing,,open,15.0,6.051605,3.165521,49.90,121.81,20.73,69.31,22.60,72.68,1439,1159,1061,226,WH-station1,2026-08-09T15:21:11.562-07:00
water_draw_1,2026-08-09T15:21:12.134-07:00,117.728,drawing,,open,15.0,6.078321,3.175729,49.79,121.63,20.94,69.69,22.70,72.86,1438,1161,1063,227,WH-station1,2026-08-09T15:21:12.067-07:00
water_draw_1,2026-08-09T15:21:12.639-07:00,118.233,drawing,,open,15.0,6.104950,3.165521,50.00,122.00,21.35,70.44,22.60,72.68,1440,1165,1061,226,WH-station1,2026-08-09T15:21:12.573-07:00
water_draw_1,2026-08-09T15:21:13.144-07:00,118.737,drawing,,open,15.0,6.131621,3.170625,50.21,122.38,21.46,70.62,22.50,72.50,1442,1166,1062,225,WH-station1,2026-08-09T15:21:13.078-07:00
water_draw_1,2026-08-09T15:21:13.649-07:00,119.242,drawing,,open,15.0,6.158081,3.145104,50.00,122.00,20.83,69.50,22.50,72.50,1440,1160,1057,225,WH-station1,2026-08-09T15:21:13.584-07:00
water_draw_1,2026-08-09T15:21:14.153-07:00,119.747,drawing,,open,15.0,6.184541,3.145104,50.10,122.19,21.04,69.87,22.60,72.68,1441,1162,1057,226,WH-station1,2026-08-09T15:21:14.089-07:00
water_draw_1,2026-08-09T15:21:14.658-07:00,120.252,drawing,,open,15.0,6.211129,3.160417,50.10,122.19,20.83,69.50,22.60,72.68,1441,1160,1060,226,WH-station1,2026-08-09T15:21:14.595-07:00
water_draw_1,2026-08-09T15:21:15.163-07:00,120.756,drawing,,open,15.0,6.237755,3.165521,50.31,122.56,20.62,69.12,22.70,72.86,1443,1158,1061,227,WH-station1,2026-08-09T15:21:15.100-07:00
water_draw_1,2026-08-09T15:21:15.668-07:00,121.261,drawing,,open,15.0,6.264341,3.160417,50.10,122.19,20.94,69.69,22.60,72.68,1441,1161,1060,226,WH-station1,2026-08-09T15:21:15.606-07:00
water_draw_1,2026-08-09T15:21:16.172-07:00,121.766,drawing,,open,15.0,6.291141,3.185938,50.00,122.00,20.73,69.31,22.70,72.86,1440,1159,1065,227,WH-station1,2026-08-09T15:21:16.111-07:00
water_draw_1,2026-08-09T15:21:16.677-07:00,122.271,drawing,,open,15.0,6.317944,3.185938,50.00,122.00,21.25,70.25,22.50,72.50,1440,1164,1065,225,WH-station1,2026-08-09T15:21:16.617-07:00
water_draw_1,2026-08-09T15:21:17.182-07:00,122.775,drawing,,open,15.0,6.344663,3.175729,50.00,122.00,21.15,70.06,22.50,72.50,1440,1163,1063,225,WH-station1,2026-08-09T15:21:17.122-07:00
water_draw_1,2026-08-09T15:21:17.687-07:00,123.280,drawing,,open,15.0,6.371295,3.165521,50.10,122.19,21.15,70.06,22.70,72.86,1441,1163,1061,227,WH-station1,2026-08-09T15:21:17.628-07:00
water_draw_1,2026-08-09T15:21:18.191-07:00,123.785,drawing,,open,15.0,6.397835,3.155312,49.90,121.81,21.15,70.06,22.70,72.86,1439,1163,1059,227,WH-station1,2026-08-09T15:21:18.133-07:00
water_draw_1,2026-08-09T15:21:18.696-07:00,124.290,drawing,,open,15.0,6.424593,3.180833,50.00,122.00,21.35,70.44,22.60,72.68,1440,1165,1064,226,WH-station1,2026-08-09T15:21:18.639-07:00
water_draw_1,2026-08-09T15:21:19.201-07:00,124.794,drawing,,open,15.0,6.451308,3.175729,50.31,122.56,21.25,70.25,22.60,72.68,1443,1164,1063,226,WH-station1,2026-08-09T15:21:19.144-07:00
water_draw_1,2026-08-09T15:21:19.706-07:00,125.299,drawing,,open,15.0,6.478113,3.185938,50.10,122.19,21.25,70.25,22.70,72.86,1441,1164,1065,227,WH-station1,2026-08-09T15:21:19.650-07:00
water_draw_1,2026-08-09T15:21:20.210-07:00,125.804,drawing,,open,15.0,6.504830,3.175729,50.00,122.00,21.35,70.44,22.70,72.86,1440,1165,1063,227,WH-station1,2026-08-09T15:21:20.155-07:00
water_draw_1,2026-08-09T15:21:20.715-07:00,126.309,drawing,,open,15.0,6.531715,3.196146,50.00,122.00,21.15,70.06,22.70,72.86,1440,1163,1067,227,WH-station1,2026-08-09T15:21:20.660-07:00
water_draw_1,2026-08-09T15:21:21.220-07:00,126.813,drawing,,open,15.0,6.558601,3.196146,50.10,122.19,20.83,69.50,22.70,72.86,1441,1160,1067,227,WH-station1,2026-08-09T15:21:21.165-07:00
water_draw_1,2026-08-09T15:21:21.725-07:00,127.318,drawing,,open,15.0,6.585444,3.191042,50.00,122.00,20.94,69.69,22.70,72.86,1440,1161,1066,227,WH-station1,2026-08-09T15:21:21.670-07:00
water_draw_1,2026-08-09T15:21:22.230-07:00,127.823,drawing,,open,15.0,6.612253,3.185938,50.00,122.00,21.15,70.06,22.60,72.68,1440,1163,1065,226,WH-station1,2026-08-09T15:21:22.176-07:00
water_draw_1,2026-08-09T15:21:22.734-07:00,128.328,drawing,,open,15.0,6.638974,3.175729,50.42,122.75,21.04,69.87,22.70,72.86,1444,1162,1063,227,WH-station1,2026-08-09T15:21:22.682-07:00
water_draw_1,2026-08-09T15:21:23.239-07:00,128.833,drawing,,open,15.0,6.665903,3.201250,50.10,122.19,21.25,70.25,22.80,73.04,1441,1164,1068,228,WH-station1,2026-08-09T15:21:23.189-07:00
water_draw_1,2026-08-09T15:21:23.744-07:00,129.337,drawing,,open,15.0,6.692575,3.170625,50.21,122.38,21.25,70.25,22.70,72.86,1442,1164,1062,227,WH-station1,2026-08-09T15:21:23.694-07:00
water_draw_1,2026-08-09T15:21:24.248-07:00,129.842,drawing,,open,15.0,6.719545,3.206354,50.21,122.38,21.15,70.06,22.80,73.04,1442,1163,1069,228,WH-station1,2026-08-09T15:21:24.199-07:00
water_draw_1,2026-08-09T15:21:24.753-07:00,130.347,drawing,,open,15.0,6.746220,3.170625,50.21,122.38,21.35,70.44,22.70,72.86,1442,1165,1062,227,WH-station1,2026-08-09T15:21:24.704-07:00
water_draw_1,2026-08-09T15:21:25.258-07:00,130.851,drawing,,open,15.0,6.772933,3.175729,50.21,122.38,21.25,70.25,22.60,72.68,1442,1164,1063,226,WH-station1,2026-08-09T15:21:25.209-07:00
water_draw_1,2026-08-09T15:21:25.763-07:00,131.356,drawing,,open,15.0,6.799565,3.165521,50.10,122.19,21.46,70.62,22.60,72.68,1441,1166,1061,226,WH-station1,2026-08-09T15:21:25.715-07:00
water_draw_1,2026-08-09T15:21:26.267-07:00,131.861,drawing,,open,15.0,6.826452,3.196146,50.31,122.56,21.35,70.44,22.60,72.68,1443,1165,1067,226,WH-station1,2026-08-09T15:21:26.220-07:00
water_draw_1,2026-08-09T15:21:26.772-07:00,132.366,drawing,,open,15.0,6.853383,3.201250,50.21,122.38,20.83,69.50,22.60,72.68,1442,1160,1068,226,WH-station1,2026-08-09T15:21:26.725-07:00
water_draw_1,2026-08-09T15:21:27.277-07:00,132.870,drawing,,open,15.0,6.880394,3.211458,50.00,122.00,21.25,70.25,22.60,72.68,1440,1164,1070,226,WH-station1,2026-08-09T15:21:27.230-07:00
water_draw_1,2026-08-09T15:21:27.782-07:00,133.375,drawing,,open,15.0,6.907114,3.175729,50.31,122.56,21.46,70.62,22.70,72.86,1443,1166,1063,227,WH-station1,2026-08-09T15:21:27.735-07:00
water_draw_1,2026-08-09T15:21:28.286-07:00,133.880,drawing,,open,15.0,6.933788,3.170625,50.21,122.38,20.94,69.69,22.60,72.68,1442,1161,1062,226,WH-station1,2026-08-09T15:21:28.240-07:00
water_draw_1,2026-08-09T15:21:28.791-07:00,134.385,drawing,,open,15.0,6.960679,3.196146,50.10,122.19,20.83,69.50,22.70,72.86,1441,1160,1067,227,WH-station1,2026-08-09T15:21:28.745-07:00
water_draw_1,2026-08-09T15:21:29.296-07:00,134.889,drawing,,open,15.0,6.987563,3.196146,50.21,122.38,21.15,70.06,22.70,72.86,1442,1163,1067,227,WH-station1,2026-08-09T15:21:29.251-07:00
water_draw_1,2026-08-09T15:21:29.801-07:00,135.394,drawing,,open,15.0,7.014321,3.180833,50.21,122.38,21.04,69.87,22.60,72.68,1442,1162,1064,226,WH-station1,2026-08-09T15:21:29.756-07:00
water_draw_1,2026-08-09T15:21:30.306-07:00,135.899,drawing,,open,15.0,7.041213,3.196146,50.00,122.00,21.46,70.62,22.70,72.86,1440,1166,1067,227,WH-station1,2026-08-09T15:21:30.261-07:00
water_draw_1,2026-08-09T15:21:30.810-07:00,136.404,drawing,,open,15.0,7.068059,3.191042,50.00,122.00,21.35,70.44,22.60,72.68,1440,1165,1066,226,WH-station1,2026-08-09T15:21:30.766-07:00
water_draw_1,2026-08-09T15:21:31.315-07:00,136.909,drawing,,open,15.0,7.094858,3.185938,50.21,122.38,20.94,69.69,22.70,72.86,1442,1161,1065,227,WH-station1,2026-08-09T15:21:31.271-07:00
water_draw_1,2026-08-09T15:21:31.820-07:00,137.414,drawing,,open,15.0,7.121586,3.175729,50.31,122.56,21.25,70.25,22.80,73.04,1443,1164,1063,228,WH-station1,2026-08-09T15:21:31.776-07:00
water_draw_1,2026-08-09T15:21:32.325-07:00,137.918,drawing,,open,15.0,7.148258,3.170625,50.31,122.56,21.35,70.44,22.70,72.86,1443,1165,1062,227,WH-station1,2026-08-09T15:21:32.281-07:00
water_draw_1,2026-08-09T15:21:32.830-07:00,138.423,drawing,,open,15.0,7.175062,3.185938,50.10,122.19,21.46,70.62,22.70,72.86,1441,1166,1065,227,WH-station1,2026-08-09T15:21:32.787-07:00
water_draw_1,2026-08-09T15:21:33.334-07:00,138.928,drawing,,open,15.0,7.201952,3.196146,50.42,122.75,21.25,70.25,22.80,73.04,1444,1164,1067,228,WH-station1,2026-08-09T15:21:33.292-07:00
water_draw_1,2026-08-09T15:21:33.839-07:00,139.433,drawing,,open,15.0,7.228838,3.196146,50.10,122.19,21.35,70.44,22.80,73.04,1441,1165,1067,228,WH-station1,2026-08-09T15:21:33.797-07:00
water_draw_1,2026-08-09T15:21:34.344-07:00,139.937,drawing,,open,15.0,7.255635,3.185938,50.31,122.56,21.56,70.81,22.70,72.86,1443,1167,1065,227,WH-station1,2026-08-09T15:21:34.302-07:00
water_draw_1,2026-08-09T15:21:34.848-07:00,140.442,drawing,,open,15.0,7.282348,3.175729,50.31,122.56,21.25,70.25,22.70,72.86,1443,1164,1063,227,WH-station1,2026-08-09T15:21:34.807-07:00
water_draw_1,2026-08-09T15:21:35.353-07:00,140.947,drawing,,open,15.0,7.309315,3.206354,50.31,122.56,21.46,70.62,22.80,73.04,1443,1166,1069,228,WH-station1,2026-08-09T15:21:35.312-07:00
water_draw_1,2026-08-09T15:21:35.858-07:00,141.451,drawing,,open,15.0,7.335992,3.170625,50.42,122.75,21.46,70.62,22.70,72.86,1444,1166,1062,227,WH-station1,2026-08-09T15:21:35.817-07:00
water_draw_1,2026-08-09T15:21:36.363-07:00,141.956,drawing,,open,15.0,7.362919,3.201250,50.21,122.38,21.46,70.62,22.70,72.86,1442,1166,1068,227,WH-station1,2026-08-09T15:21:36.323-07:00
water_draw_1,2026-08-09T15:21:36.867-07:00,142.461,drawing,,open,15.0,7.389723,3.185938,50.10,122.19,21.25,70.25,22.70,72.86,1441,1164,1065,227,WH-station1,2026-08-09T15:21:36.828-07:00
water_draw_1,2026-08-09T15:21:37.372-07:00,142.966,drawing,,open,15.0,7.416521,3.185938,50.21,122.38,21.35,70.44,22.80,73.04,1442,1165,1065,228,WH-station1,2026-08-09T15:21:37.333-07:00
water_draw_1,2026-08-09T15:21:37.877-07:00,143.470,drawing,,open,15.0,7.443365,3.191042,50.31,122.56,21.25,70.25,22.70,72.86,1443,1164,1066,227,WH-station1,2026-08-09T15:21:37.838-07:00
water_draw_1,2026-08-09T15:21:38.381-07:00,143.975,drawing,,open,15.0,7.470118,3.180833,50.31,122.56,20.94,69.69,22.60,72.68,1443,1161,1064,226,WH-station1,2026-08-09T15:21:38.343-07:00
water_draw_1,2026-08-09T15:21:38.886-07:00,144.480,drawing,,open,15.0,7.496922,3.185938,50.42,122.75,21.35,70.44,22.70,72.86,1444,1165,1065,227,WH-station1,2026-08-09T15:21:38.848-07:00
water_draw_1,2026-08-09T15:21:39.391-07:00,144.984,drawing,,open,15.0,7.523678,3.180833,50.21,122.38,21.56,70.81,22.80,73.04,1442,1167,1064,228,WH-station1,2026-08-09T15:21:39.353-07:00
water_draw_1,2026-08-09T15:21:39.896-07:00,145.489,drawing,,open,15.0,7.550527,3.191042,50.31,122.56,21.67,71.00,22.70,72.86,1443,1168,1066,227,WH-station1,2026-08-09T15:21:39.858-07:00
water_draw_1,2026-08-09T15:21:40.400-07:00,145.994,drawing,,open,15.0,7.577279,3.180833,50.21,122.38,21.25,70.25,22.70,72.86,1442,1164,1064,227,WH-station1,2026-08-09T15:21:40.364-07:00
water_draw_1,2026-08-09T15:21:40.914-07:00,146.499,drawing,,open,15.0,7.604122,3.191042,50.21,122.38,21.46,70.62,22.70,72.86,1442,1166,1066,227,WH-station1,2026-08-09T15:21:40.869-07:00
water_draw_1,2026-08-09T15:21:41.447-07:00,147.012,drawing,,open,15.0,7.631173,3.160417,50.21,122.38,21.25,70.25,22.70,72.86,1442,1164,1060,227,WH-station1,2026-08-09T15:21:41.374-07:00
water_draw_1,2026-08-09T15:21:41.977-07:00,147.545,drawing,,open,15.0,7.659557,3.196146,50.31,122.56,21.46,70.62,22.70,72.86,1443,1166,1067,227,WH-station1,2026-08-09T15:21:41.879-07:00
water_draw_1,2026-08-09T15:21:42.496-07:00,148.076,drawing,,open,15.0,7.687557,3.165521,50.21,122.38,21.15,70.06,22.60,72.68,1442,1163,1061,226,WH-station1,2026-08-09T15:21:42.384-07:00
water_draw_1,2026-08-09T15:21:43.014-07:00,148.594,drawing,,open,15.0,7.714991,3.175729,50.31,122.56,21.15,70.06,22.70,72.86,1443,1163,1063,227,WH-station1,2026-08-09T15:21:42.889-07:00
water_draw_1,2026-08-09T15:21:43.518-07:00,149.112,drawing,,open,15.0,7.742179,3.150208,50.21,122.38,21.15,70.06,22.80,73.04,1442,1163,1058,228,WH-station1,2026-08-09T15:21:43.394-07:00
water_draw_1,2026-08-09T15:21:44.023-07:00,149.617,drawing,,open,15.0,7.769107,3.201250,50.31,122.56,21.56,70.81,22.70,72.86,1443,1167,1068,227,WH-station1,2026-08-09T15:21:43.899-07:00
water_draw_1,2026-08-09T15:21:44.528-07:00,150.121,drawing,,open,15.0,7.795904,3.185938,50.31,122.56,21.46,70.62,22.70,72.86,1443,1166,1065,227,WH-station1,2026-08-09T15:21:44.407-07:00
water_draw_1,2026-08-09T15:21:45.032-07:00,150.626,drawing,,open,15.0,7.822750,3.191042,50.31,122.56,21.46,70.62,22.70,72.86,1443,1166,1066,227,WH-station1,2026-08-09T15:21:44.910-07:00
water_draw_1,2026-08-09T15:21:45.537-07:00,151.131,drawing,,open,15.0,7.849638,3.196146,50.31,122.56,21.77,71.19,22.80,73.04,1443,1169,1067,228,WH-station1,2026-08-09T15:21:45.412-07:00
water_draw_1,2026-08-09T15:21:46.042-07:00,151.636,drawing,,open,15.0,7.876270,3.165521,50.31,122.56,21.25,70.25,22.80,73.04,1443,1164,1061,228,WH-station1,2026-08-09T15:21:45.915-07:00
water_draw_1,2026-08-09T15:21:46.547-07:00,152.140,drawing,,open,15.0,7.903152,3.196146,50.10,122.19,21.77,71.19,22.70,72.86,1441,1169,1067,227,WH-station1,2026-08-09T15:21:46.417-07:00
water_draw_1,2026-08-09T15:21:47.051-07:00,152.645,drawing,,open,15.0,7.929609,3.145104,50.31,122.56,21.15,70.06,22.90,73.22,1443,1163,1057,229,WH-station1,2026-08-09T15:21:46.919-07:00
water_draw_1,2026-08-09T15:21:47.556-07:00,153.150,drawing,,open,15.0,7.956877,3.242083,50.21,122.38,21.46,70.62,22.70,72.86,1442,1166,1076,227,WH-station1,2026-08-09T15:21:47.421-07:00
water_draw_1,2026-08-09T15:21:48.061-07:00,153.654,drawing,,open,15.0,7.984151,3.242083,50.31,122.56,21.35,70.44,22.80,73.04,1443,1165,1076,228,WH-station1,2026-08-09T15:21:47.923-07:00
water_draw_1,2026-08-09T15:21:48.566-07:00,154.159,drawing,,open,15.0,8.011126,3.206354,50.31,122.56,21.25,70.25,22.80,73.04,1443,1164,1069,228,WH-station1,2026-08-09T15:21:48.425-07:00
water_draw_1,2026-08-09T15:21:49.070-07:00,154.664,drawing,,open,15.0,8.038016,3.196146,50.21,122.38,21.46,70.62,22.70,72.86,1442,1166,1067,227,WH-station1,2026-08-09T15:21:48.927-07:00
water_draw_1,2026-08-09T15:21:49.575-07:00,155.169,drawing,,open,15.0,8.065114,3.221667,50.21,122.38,21.67,71.00,22.80,73.04,1442,1168,1072,228,WH-station1,2026-08-09T15:21:49.429-07:00
water_draw_1,2026-08-09T15:21:50.080-07:00,155.673,drawing,,open,15.0,8.092172,3.216562,50.42,122.75,21.67,71.00,22.80,73.04,1444,1168,1071,228,WH-station1,2026-08-09T15:21:49.934-07:00
water_draw_1,2026-08-09T15:21:50.584-07:00,156.178,drawing,,open,15.0,8.119099,3.201250,50.21,122.38,21.77,71.19,22.70,72.86,1442,1169,1068,227,WH-station1,2026-08-09T15:21:50.439-07:00
water_draw_1,2026-08-09T15:21:51.089-07:00,156.683,drawing,,open,15.0,8.146247,3.226771,50.73,123.31,21.67,71.00,22.80,73.04,1447,1168,1073,228,WH-station1,2026-08-09T15:21:50.944-07:00
water_draw_1,2026-08-09T15:21:51.594-07:00,157.187,drawing,,open,15.0,8.173216,3.206354,50.42,122.75,21.77,71.19,22.70,72.86,1444,1169,1069,227,WH-station1,2026-08-09T15:21:51.450-07:00
water_draw_1,2026-08-09T15:21:52.099-07:00,157.692,drawing,,open,15.0,8.200236,3.211458,50.42,122.75,21.77,71.19,22.90,73.22,1444,1169,1070,229,WH-station1,2026-08-09T15:21:51.955-07:00
water_draw_1,2026-08-09T15:21:52.603-07:00,158.197,drawing,,open,15.0,8.227209,3.206354,50.42,122.75,21.88,71.38,22.90,73.22,1444,1170,1069,229,WH-station1,2026-08-09T15:21:52.460-07:00
water_draw_1,2026-08-09T15:21:53.108-07:00,158.702,drawing,,open,15.0,8.254269,3.216562,50.42,122.75,21.77,71.19,22.90,73.22,1444,1169,1071,229,WH-station1,2026-08-09T15:21:52.965-07:00
water_draw_1,2026-08-09T15:21:53.613-07:00,159.206,drawing,,open,15.0,8.281283,3.211458,50.31,122.56,21.46,70.62,22.80,73.04,1443,1166,1070,228,WH-station1,2026-08-09T15:21:53.471-07:00
water_draw_1,2026-08-09T15:21:54.118-07:00,159.711,drawing,,open,15.0,8.308474,3.231875,50.52,122.94,21.88,71.38,22.80,73.04,1445,1170,1074,228,WH-station1,2026-08-09T15:21:53.976-07:00
water_draw_1,2026-08-09T15:21:54.622-07:00,160.216,drawing,,open,15.0,8.335618,3.226771,50.21,122.38,21.77,71.19,22.80,73.04,1442,1169,1073,228,WH-station1,2026-08-09T15:21:54.481-07:00
water_draw_1,2026-08-09T15:21:55.127-07:00,160.721,drawing,,open,15.0,8.362720,3.221667,50.52,122.94,21.56,70.81,22.80,73.04,1445,1167,1072,228,WH-station1,2026-08-09T15:21:54.986-07:00
water_draw_1,2026-08-09T15:21:55.629-07:00,161.225,drawing,,open,15.0,8.389728,3.211458,50.42,122.75,21.88,71.38,22.80,73.04,1444,1170,1070,228,WH-station1,2026-08-09T15:21:55.491-07:00
water_draw_1,2026-08-09T15:21:56.131-07:00,161.727,drawing,,open,15.0,8.416556,3.206354,50.52,122.94,21.56,70.81,22.90,73.22,1445,1167,1069,229,WH-station1,2026-08-09T15:21:55.997-07:00
water_draw_1,2026-08-09T15:21:56.633-07:00,162.229,drawing,,open,15.0,8.443423,3.211458,50.31,122.56,22.08,71.75,22.80,73.04,1443,1172,1070,228,WH-station1,2026-08-09T15:21:56.502-07:00
water_draw_1,2026-08-09T15:21:57.135-07:00,162.731,drawing,,open,15.0,8.470122,3.191042,50.31,122.56,21.77,71.19,22.90,73.22,1443,1169,1066,229,WH-station1,2026-08-09T15:21:57.007-07:00
water_draw_1,2026-08-09T15:21:57.637-07:00,163.233,drawing,,open,15.0,8.496988,3.211458,50.52,122.94,21.88,71.38,22.90,73.22,1445,1170,1070,229,WH-station1,2026-08-09T15:21:57.512-07:00
water_draw_1,2026-08-09T15:21:58.139-07:00,163.735,drawing,,open,15.0,8.523815,3.206354,50.31,122.56,21.88,71.38,22.90,73.22,1443,1170,1069,229,WH-station1,2026-08-09T15:21:58.017-07:00
water_draw_1,2026-08-09T15:21:58.641-07:00,164.237,drawing,,open,15.0,8.550683,3.211458,50.31,122.56,21.67,71.00,22.90,73.22,1443,1168,1070,229,WH-station1,2026-08-09T15:21:58.523-07:00
water_draw_1,2026-08-09T15:21:59.143-07:00,164.739,drawing,,open,15.0,8.577640,3.221667,50.31,122.56,21.98,71.56,22.90,73.22,1443,1171,1072,229,WH-station1,2026-08-09T15:21:59.028-07:00
water_draw_1,2026-08-09T15:21:59.645-07:00,165.241,drawing,,open,15.0,8.604592,3.221667,50.42,122.75,21.46,70.62,22.90,73.22,1444,1166,1072,229,WH-station1,2026-08-09T15:21:59.533-07:00
water_draw_1,2026-08-09T15:22:00.147-07:00,165.743,drawing,,open,15.0,8.631548,3.221667,50.21,122.38,22.08,71.75,22.90,73.22,1442,1172,1072,229,WH-station1,2026-08-09T15:22:00.038-07:00
water_draw_1,2026-08-09T15:22:00.652-07:00,166.245,drawing,,open,15.0,8.658333,3.201250,50.42,122.75,22.29,72.12,22.80,73.04,1444,1174,1068,228,WH-station1,2026-08-09T15:22:00.543-07:00
water_draw_1,2026-08-09T15:22:01.156-07:00,166.750,drawing,,open,15.0,8.685306,3.206354,50.52,122.94,22.19,71.94,22.90,73.22,1445,1173,1069,229,WH-station1,2026-08-09T15:22:01.048-07:00
water_draw_1,2026-08-09T15:22:01.660-07:00,167.254,drawing,,open,15.0,8.712144,3.196146,50.42,122.75,22.19,71.94,22.80,73.04,1444,1173,1067,228,WH-station1,2026-08-09T15:22:01.553-07:00
water_draw_1,2026-08-09T15:22:02.165-07:00,167.759,drawing,,open,15.0,8.739082,3.201250,50.42,122.75,21.98,71.56,22.90,73.22,1444,1171,1068,229,WH-station1,2026-08-09T15:22:02.058-07:00
water_draw_1,2026-08-09T15:22:02.670-07:00,168.264,drawing,,open,15.0,8.765888,3.185938,50.52,122.94,21.67,71.00,22.80,73.04,1445,1168,1065,228,WH-station1,2026-08-09T15:22:02.563-07:00
water_draw_1,2026-08-09T15:22:03.175-07:00,168.768,drawing,,open,15.0,8.792946,3.216562,50.42,122.75,21.88,71.38,22.90,73.22,1444,1170,1071,229,WH-station1,2026-08-09T15:22:03.069-07:00
water_draw_1,2026-08-09T15:22:03.679-07:00,169.273,drawing,,open,15.0,8.820003,3.216562,50.52,122.94,22.19,71.94,22.70,72.86,1445,1173,1071,227,WH-station1,2026-08-09T15:22:03.574-07:00
water_draw_1,2026-08-09T15:22:04.184-07:00,169.778,drawing,,open,15.0,8.847061,3.216562,50.52,122.94,22.08,71.75,23.00,73.40,1445,1172,1071,230,WH-station1,2026-08-09T15:22:04.079-07:00
water_draw_1,2026-08-09T15:22:04.689-07:00,170.282,drawing,,open,15.0,8.874031,3.206354,50.52,122.94,22.19,71.94,22.90,73.22,1445,1173,1069,229,WH-station1,2026-08-09T15:22:04.584-07:00
water_draw_1,2026-08-09T15:22:05.194-07:00,170.787,drawing,,open,15.0,8.901095,3.216562,50.42,122.75,21.77,71.19,23.00,73.40,1444,1169,1071,230,WH-station1,2026-08-09T15:22:05.089-07:00
water_draw_1,2026-08-09T15:22:05.699-07:00,171.293,drawing,,open,15.0,8.928277,3.226771,50.42,122.75,22.19,71.94,22.90,73.22,1444,1173,1073,229,WH-station1,2026-08-09T15:22:05.594-07:00
water_draw_1,2026-08-09T15:22:06.204-07:00,171.797,drawing,,open,15.0,8.955164,3.196146,50.21,122.38,22.08,71.75,22.90,73.22,1442,1172,1067,229,WH-station1,2026-08-09T15:22:06.099-07:00
water_draw_1,2026-08-09T15:22:06.709-07:00,172.302,drawing,,open,15.0,8.982010,3.191042,50.52,122.94,22.19,71.94,22.90,73.22,1445,1173,1066,229,WH-station1,2026-08-09T15:22:06.605-07:00
water_draw_1,2026-08-09T15:22:07.214-07:00,172.807,drawing,,open,15.0,9.008989,3.206354,50.42,122.75,22.29,72.12,23.00,73.40,1444,1174,1069,230,WH-station1,2026-08-09T15:22:07.110-07:00
water_draw_1,2026-08-09T15:22:07.718-07:00,173.312,drawing,,open,15.0,9.036181,3.231875,50.52,122.94,22.19,71.94,23.00,73.40,1445,1173,1074,230,WH-station1,2026-08-09T15:22:07.615-07:00
water_draw_1,2026-08-09T15:22:08.223-07:00,173.817,drawing,,open,15.0,9.063196,3.211458,50.52,122.94,21.98,71.56,22.90,73.22,1445,1171,1070,229,WH-station1,2026-08-09T15:22:08.120-07:00
water_draw_1,2026-08-09T15:22:08.728-07:00,174.321,drawing,,open,15.0,9.090213,3.211458,50.42,122.75,22.08,71.75,23.00,73.40,1444,1172,1070,230,WH-station1,2026-08-09T15:22:08.625-07:00
water_draw_1,2026-08-09T15:22:09.232-07:00,174.826,drawing,,open,15.0,9.117182,3.206354,50.31,122.56,21.98,71.56,22.90,73.22,1443,1171,1069,229,WH-station1,2026-08-09T15:22:09.131-07:00
water_draw_1,2026-08-09T15:22:09.737-07:00,175.331,drawing,,open,15.0,9.144197,3.211458,50.63,123.13,22.40,72.31,22.90,73.22,1446,1175,1070,229,WH-station1,2026-08-09T15:22:09.636-07:00
water_draw_1,2026-08-09T15:22:10.242-07:00,175.835,drawing,,open,15.0,9.171083,3.196146,50.52,122.94,21.77,71.19,23.00,73.40,1445,1169,1067,230,WH-station1,2026-08-09T15:22:10.141-07:00
water_draw_1,2026-08-09T15:22:10.747-07:00,176.340,drawing,,open,15.0,9.198227,3.226771,50.42,122.75,21.98,71.56,22.90,73.22,1444,1171,1073,229,WH-station1,2026-08-09T15:22:10.646-07:00
water_draw_1,2026-08-09T15:22:11.251-07:00,176.845,drawing,,open,15.0,9.225238,3.211458,50.52,122.94,22.50,72.50,23.00,73.40,1445,1176,1070,230,WH-station1,2026-08-09T15:22:11.152-07:00
water_draw_1,2026-08-09T15:22:11.756-07:00,177.350,drawing,,open,15.0,9.252253,3.211458,50.73,123.31,22.50,72.50,23.00,73.40,1447,1176,1070,230,WH-station1,2026-08-09T15:22:11.657-07:00
water_draw_1,2026-08-09T15:22:12.261-07:00,177.854,drawing,,open,15.0,9.279222,3.206354,50.31,122.56,22.60,72.69,23.00,73.40,1443,1177,1069,230,WH-station1,2026-08-09T15:22:12.162-07:00
water_draw_1,2026-08-09T15:22:12.766-07:00,178.359,drawing,,open,15.0,9.306241,3.211458,50.63,123.13,21.98,71.56,22.90,73.22,1446,1171,1070,229,WH-station1,2026-08-09T15:22:12.667-07:00
water_draw_1,2026-08-09T15:22:13.274-07:00,178.867,drawing,,open,15.0,9.333351,3.201250,50.52,122.94,22.60,72.69,23.00,73.40,1445,1177,1068,230,WH-station1,2026-08-09T15:22:13.173-07:00
water_draw_1,2026-08-09T15:22:13.778-07:00,179.372,drawing,,open,15.0,9.360499,3.226771,50.63,123.13,22.60,72.69,23.00,73.40,1446,1177,1073,230,WH-station1,2026-08-09T15:22:13.678-07:00
water_draw_1,2026-08-09T15:22:14.283-07:00,179.877,drawing,,open,15.0,9.387382,3.196146,50.42,122.75,22.50,72.50,22.90,73.22,1444,1176,1067,229,WH-station1,2026-08-09T15:22:14.183-07:00
water_draw_1,2026-08-09T15:22:14.788-07:00,180.381,drawing,,open,15.0,9.414482,3.221667,50.63,123.13,22.29,72.12,23.00,73.40,1446,1174,1072,230,WH-station1,2026-08-09T15:22:14.688-07:00
water_draw_1,2026-08-09T15:22:15.292-07:00,180.886,drawing,,open,15.0,9.441450,3.206354,50.31,122.56,22.40,72.31,23.00,73.40,1443,1175,1069,230,WH-station1,2026-08-09T15:22:15.194-07:00
water_draw_1,2026-08-09T15:22:15.797-07:00,181.391,drawing,,open,15.0,9.468380,3.201250,50.52,122.94,22.81,73.06,22.90,73.22,1445,1179,1068,229,WH-station1,2026-08-09T15:22:15.699-07:00
water_draw_1,2026-08-09T15:22:16.302-07:00,181.895,drawing,,open,15.0,9.495481,3.221667,50.31,122.56,22.19,71.94,22.90,73.22,1443,1173,1072,229,WH-station1,2026-08-09T15:22:16.204-07:00
water_draw_1,2026-08-09T15:22:16.807-07:00,182.400,drawing,,open,15.0,9.522624,3.226771,50.42,122.75,22.60,72.69,23.00,73.40,1444,1177,1073,230,WH-station1,2026-08-09T15:22:16.708-07:00
water_draw_1,2026-08-09T15:22:17.311-07:00,182.905,drawing,,open,15.0,9.549634,3.211458,50.42,122.75,22.60,72.69,22.90,73.22,1444,1177,1070,229,WH-station1,2026-08-09T15:22:17.213-07:00
water_draw_1,2026-08-09T15:22:17.816-07:00,183.409,drawing,,open,15.0,9.576821,3.231875,50.52,122.94,22.50,72.50,23.10,73.58,1445,1176,1074,231,WH-station1,2026-08-09T15:22:17.718-07:00
water_draw_1,2026-08-09T15:22:18.321-07:00,183.914,drawing,,open,15.0,9.603875,3.216562,50.52,122.94,23.12,73.62,22.90,73.22,1445,1182,1071,229,WH-station1,2026-08-09T15:22:18.224-07:00
water_draw_1,2026-08-09T15:22:18.825-07:00,184.419,drawing,,open,15.0,9.631196,3.247188,50.42,122.75,22.71,72.88,22.90,73.22,1444,1178,1077,229,WH-station1,2026-08-09T15:22:18.729-07:00
water_draw_1,2026-08-09T15:22:19.330-07:00,184.924,drawing,,open,15.0,9.658381,3.231875,50.63,123.13,22.50,72.50,22.90,73.22,1446,1176,1074,229,WH-station1,2026-08-09T15:22:19.235-07:00
water_draw_1,2026-08-09T15:22:19.835-07:00,185.428,drawing,,open,15.0,9.685483,3.221667,50.52,122.94,22.71,72.88,22.90,73.22,1445,1178,1072,229,WH-station1,2026-08-09T15:22:19.740-07:00
water_draw_1,2026-08-09T15:22:20.339-07:00,185.933,drawing,,open,15.0,9.712577,3.221667,50.42,122.75,22.92,73.25,23.00,73.40,1444,1180,1072,230,WH-station1,2026-08-09T15:22:20.246-07:00
water_draw_1,2026-08-09T15:22:20.844-07:00,186.438,drawing,,open,15.0,9.739590,3.211458,50.42,122.75,22.50,72.50,23.00,73.40,1444,1176,1070,230,WH-station1,2026-08-09T15:22:20.751-07:00
water_draw_1,2026-08-09T15:22:21.349-07:00,186.942,drawing,,open,15.0,9.766771,3.231875,50.52,122.94,22.60,72.69,23.00,73.40,1445,1177,1074,230,WH-station1,2026-08-09T15:22:21.257-07:00
water_draw_1,2026-08-09T15:22:21.854-07:00,187.447,drawing,,open,15.0,9.794003,3.236979,50.63,123.13,22.60,72.69,22.90,73.22,1446,1177,1075,229,WH-station1,2026-08-09T15:22:21.763-07:00
water_draw_1,2026-08-09T15:22:22.358-07:00,187.952,drawing,,open,15.0,9.820894,3.196146,50.42,122.75,22.60,72.69,22.90,73.22,1444,1177,1067,229,WH-station1,2026-08-09T15:22:22.268-07:00
water_draw_1,2026-08-09T15:22:22.863-07:00,188.457,drawing,,open,15.0,9.847994,3.221667,50.42,122.75,23.02,73.44,22.90,73.22,1444,1181,1072,229,WH-station1,2026-08-09T15:22:22.774-07:00
water_draw_1,2026-08-09T15:22:23.368-07:00,188.961,drawing,,open,15.0,9.875178,3.231875,50.31,122.56,23.02,73.44,22.90,73.22,1443,1181,1074,229,WH-station1,2026-08-09T15:22:23.279-07:00
water_draw_1,2026-08-09T15:22:23.876-07:00,189.470,drawing,,open,15.0,9.902448,3.216562,50.31,122.56,22.92,73.25,23.10,73.58,1443,1180,1071,231,WH-station1,2026-08-09T15:22:23.784-07:00
water_draw_1,2026-08-09T15:22:24.381-07:00,189.975,drawing,,open,15.0,9.929590,3.226771,50.73,123.31,22.92,73.25,23.00,73.40,1447,1180,1073,230,WH-station1,2026-08-09T15:22:24.289-07:00
water_draw_1,2026-08-09T15:22:24.886-07:00,190.479,drawing,,open,15.0,9.956737,3.226771,50.63,123.13,23.23,73.81,23.00,73.40,1446,1183,1073,230,WH-station1,2026-08-09T15:22:24.794-07:00
water_draw_1,2026-08-09T15:22:25.390-07:00,190.984,drawing,,open,15.0,9.983875,3.226771,50.52,122.94,22.92,73.25,23.10,73.58,1445,1180,1073,231,WH-station1,2026-08-09T15:22:25.298-07:00
water_draw_1,2026-08-09T15:22:25.895-07:00,191.489,drawing,,open,15.0,10.010887,3.211458,50.63,123.13,23.02,73.44,22.90,73.22,1446,1181,1070,229,WH-station1,2026-08-09T15:22:25.803-07:00
water_draw_1,2026-08-09T15:22:26.400-07:00,191.993,drawing,,open,15.0,10.038069,3.231875,50.52,122.94,23.33,74.00,23.10,73.58,1445,1184,1074,231,WH-station1,2026-08-09T15:22:26.308-07:00
water_draw_1,2026-08-09T15:22:26.904-07:00,192.498,drawing,,open,15.0,10.065212,3.226771,50.42,122.75,22.71,72.88,23.00,73.40,1444,1178,1073,230,WH-station1,2026-08-09T15:22:26.813-07:00
water_draw_1,2026-08-09T15:22:27.409-07:00,193.003,drawing,,open,15.0,10.092398,3.231875,50.73,123.31,22.81,73.06,22.90,73.22,1447,1179,1074,229,WH-station1,2026-08-09T15:22:27.318-07:00
water_draw_1,2026-08-09T15:22:27.914-07:00,193.508,drawing,,open,15.0,10.119672,3.242083,50.52,122.94,22.81,73.06,23.00,73.40,1445,1179,1076,230,WH-station1,2026-08-09T15:22:27.823-07:00
water_draw_1,2026-08-09T15:22:28.419-07:00,194.012,drawing,,open,15.0,10.146896,3.236979,50.31,122.56,22.60,72.69,23.10,73.58,1443,1177,1075,231,WH-station1,2026-08-09T15:22:28.328-07:00
water_draw_1,2026-08-09T15:22:28.923-07:00,194.517,drawing,,open,15.0,10.173910,3.211458,50.42,122.75,22.81,73.06,23.10,73.58,1444,1179,1070,231,WH-station1,2026-08-09T15:22:28.833-07:00
water_draw_1,2026-08-09T15:22:29.428-07:00,195.022,drawing,,open,15.0,10.201009,3.221667,50.63,123.13,23.12,73.62,23.00,73.40,1446,1182,1072,230,WH-station1,2026-08-09T15:22:29.338-07:00
water_draw_1,2026-08-09T15:22:29.933-07:00,195.526,drawing,,open,15.0,10.228194,3.231875,50.63,123.13,23.12,73.62,23.00,73.40,1446,1182,1074,230,WH-station1,2026-08-09T15:22:29.842-07:00
water_draw_1,2026-08-09T15:22:30.437-07:00,196.031,drawing,,open,15.0,10.255250,3.216562,50.73,123.31,23.33,74.00,22.90,73.22,1447,1184,1071,229,WH-station1,2026-08-09T15:22:30.347-07:00
water_draw_1,2026-08-09T15:22:30.942-07:00,196.536,drawing,,open,15.0,10.282182,3.201250,50.63,123.13,22.81,73.06,23.00,73.40,1446,1179,1068,230,WH-station1,2026-08-09T15:22:30.852-07:00
water_draw_1,2026-08-09T15:22:31.447-07:00,197.040,drawing,,open,15.0,10.309409,3.236979,50.73,123.31,23.44,74.19,23.10,73.58,1447,1185,1075,231,WH-station1,2026-08-09T15:22:31.357-07:00
water_draw_1,2026-08-09T15:22:31.951-07:00,197.545,drawing,,open,15.0,10.336379,3.206354,50.73,123.31,23.44,74.19,23.00,73.40,1447,1185,1069,230,WH-station1,2026-08-09T15:22:31.862-07:00
water_draw_1,2026-08-09T15:22:32.456-07:00,198.050,drawing,,open,15.0,10.363390,3.211458,50.63,123.13,23.44,74.19,23.10,73.58,1446,1185,1070,231,WH-station1,2026-08-09T15:22:32.367-07:00
water_draw_1,2026-08-09T15:22:32.961-07:00,198.554,drawing,,open,15.0,10.390492,3.221667,50.31,122.56,23.12,73.62,22.90,73.22,1443,1182,1072,229,WH-station1,2026-08-09T15:22:32.872-07:00
water_draw_1,2026-08-09T15:22:33.466-07:00,199.059,drawing,,open,15.0,10.417427,3.201250,50.52,122.94,23.65,74.56,23.00,73.40,1445,1187,1068,230,WH-station1,2026-08-09T15:22:33.377-07:00
water_draw_1,2026-08-09T15:22:33.970-07:00,199.564,drawing,,open,15.0,10.444402,3.206354,50.42,122.75,23.12,73.62,22.90,73.22,1444,1182,1069,229,WH-station1,2026-08-09T15:22:33.881-07:00
water_draw_1,2026-08-09T15:22:34.475-07:00,200.069,drawing,,open,15.0,10.471585,3.231875,50.63,123.13,23.54,74.38,22.90,73.22,1446,1186,1074,229,WH-station1,2026-08-09T15:22:34.386-07:00
water_draw_1,2026-08-09T15:22:34.980-07:00,200.574,drawing,,open,15.0,10.498778,3.231875,50.63,123.13,23.33,74.00,23.10,73.58,1446,1184,1074,231,WH-station1,2026-08-09T15:22:34.891-07:00
water_draw_1,2026-08-09T15:22:35.485-07:00,201.078,drawing,,open,15.0,10.525874,3.221667,50.42,122.75,23.75,74.75,23.00,73.40,1444,1188,1072,230,WH-station1,2026-08-09T15:22:35.396-07:00
water_draw_1,2026-08-09T15:22:35.989-07:00,201.583,drawing,,open,15.0,10.552981,3.221667,50.52,122.94,23.33,74.00,23.10,73.58,1445,1184,1072,231,WH-station1,2026-08-09T15:22:35.901-07:00
water_draw_1,2026-08-09T15:22:36.494-07:00,202.088,drawing,,open,15.0,10.580165,3.231875,50.63,123.13,23.23,73.81,23.00,73.40,1446,1183,1074,230,WH-station1,2026-08-09T15:22:36.406-07:00
water_draw_1,2026-08-09T15:22:36.999-07:00,202.592,drawing,,open,15.0,10.607265,3.221667,50.52,122.94,23.23,73.81,23.00,73.40,1445,1183,1072,230,WH-station1,2026-08-09T15:22:36.911-07:00
water_draw_1,2026-08-09T15:22:37.504-07:00,203.097,drawing,,open,15.0,10.634281,3.211458,50.42,122.75,23.33,74.00,23.10,73.58,1444,1184,1070,231,WH-station1,2026-08-09T15:22:37.416-07:00
water_draw_1,2026-08-09T15:22:38.008-07:00,203.602,drawing,,open,15.0,10.661298,3.211458,50.42,122.75,23.85,74.94,22.90,73.22,1444,1189,1070,229,WH-station1,2026-08-09T15:22:37.920-07:00
water_draw_1,2026-08-09T15:22:38.513-07:00,204.107,drawing,,open,15.0,10.688279,3.206354,50.63,123.13,23.54,74.38,23.10,73.58,1446,1186,1069,231,WH-station1,2026-08-09T15:22:38.425-07:00
water_draw_1,2026-08-09T15:22:39.018-07:00,204.611,drawing,,open,15.0,10.715208,3.201250,50.73,123.31,23.33,74.00,23.10,73.58,1447,1184,1068,231,WH-station1,2026-08-09T15:22:38.930-07:00
water_draw_1,2026-08-09T15:22:39.523-07:00,205.116,drawing,,open,15.0,10.742218,3.211458,50.63,123.13,23.54,74.38,23.10,73.58,1446,1186,1070,231,WH-station1,2026-08-09T15:22:39.435-07:00
water_draw_1,2026-08-09T15:22:40.027-07:00,205.621,drawing,,open,15.0,10.769060,3.191042,50.63,123.13,23.65,74.56,23.10,73.58,1446,1187,1066,231,WH-station1,2026-08-09T15:22:39.940-07:00
water_draw_1,2026-08-09T15:22:40.532-07:00,206.126,drawing,,open,15.0,10.796073,3.211458,50.52,122.94,23.85,74.94,23.10,73.58,1445,1189,1070,231,WH-station1,2026-08-09T15:22:40.445-07:00
water_draw_1,2026-08-09T15:22:41.037-07:00,206.630,drawing,,open,15.0,10.823084,3.211458,50.42,122.75,23.65,74.56,23.10,73.58,1444,1187,1070,231,WH-station1,2026-08-09T15:22:40.950-07:00
water_draw_1,2026-08-09T15:22:41.541-07:00,207.135,drawing,,open,15.0,10.850057,3.206354,50.83,123.50,23.96,75.12,23.00,73.40,1448,1190,1069,230,WH-station1,2026-08-09T15:22:41.454-07:00
water_draw_1,2026-08-09T15:22:42.046-07:00,207.640,drawing,,open,15.0,10.877204,3.226771,50.63,123.13,23.65,74.56,23.00,73.40,1446,1187,1073,230,WH-station1,2026-08-09T15:22:41.959-07:00
water_draw_1,2026-08-09T15:22:42.551-07:00,208.144,drawing,,open,15.0,10.904087,3.196146,50.52,122.94,24.06,75.31,23.10,73.58,1445,1191,1067,231,WH-station1,2026-08-09T15:22:42.464-07:00
water_draw_1,2026-08-09T15:22:43.055-07:00,208.649,drawing,,open,15.0,10.931315,3.236979,50.83,123.50,23.96,75.12,23.00,73.40,1448,1190,1075,230,WH-station1,2026-08-09T15:22:42.969-07:00
water_draw_1,2026-08-09T15:22:43.560-07:00,209.154,drawing,,open,15.0,10.958415,3.221667,50.42,122.75,24.06,75.31,23.00,73.40,1444,1191,1072,230,WH-station1,2026-08-09T15:22:43.474-07:00
water_draw_1,2026-08-09T15:22:44.065-07:00,209.658,drawing,,open,15.0,10.985600,3.231875,50.63,123.13,23.65,74.56,23.10,73.58,1446,1187,1074,231,WH-station1,2026-08-09T15:22:43.979-07:00
water_draw_1,2026-08-09T15:22:44.570-07:00,210.163,drawing,,open,15.0,11.012486,3.196146,50.63,123.13,23.44,74.19,23.00,73.40,1446,1185,1067,230,WH-station1,2026-08-09T15:22:44.484-07:00
water_draw_1,2026-08-09T15:22:45.074-07:00,210.668,drawing,,open,15.0,11.039588,3.221667,50.73,123.31,23.65,74.56,23.00,73.40,1447,1187,1072,230,WH-station1,2026-08-09T15:22:44.987-07:00
water_draw_1,2026-08-09T15:22:45.579-07:00,211.173,drawing,,open,15.0,11.066602,3.211458,50.63,123.13,23.65,74.56,23.10,73.58,1446,1187,1070,231,WH-station1,2026-08-09T15:22:45.489-07:00
water_draw_1,2026-08-09T15:22:46.084-07:00,211.677,drawing,,open,15.0,11.093747,3.226771,50.63,123.13,23.96,75.12,23.10,73.58,1446,1190,1073,231,WH-station1,2026-08-09T15:22:45.991-07:00
water_draw_1,2026-08-09T15:22:46.588-07:00,212.182,drawing,,open,15.0,11.120758,3.211458,50.73,123.31,24.17,75.50,23.00,73.40,1447,1192,1070,230,WH-station1,2026-08-09T15:22:46.493-07:00
water_draw_1,2026-08-09T15:22:47.093-07:00,212.687,drawing,,open,15.0,11.147904,3.226771,50.42,122.75,24.17,75.50,23.00,73.40,1444,1192,1073,230,WH-station1,2026-08-09T15:22:46.995-07:00
water_draw_1,2026-08-09T15:22:47.598-07:00,213.191,drawing,,open,15.0,11.175003,3.221667,50.52,122.94,23.96,75.12,23.10,73.58,1445,1190,1072,231,WH-station1,2026-08-09T15:22:47.497-07:00
water_draw_1,2026-08-09T15:22:48.103-07:00,213.696,drawing,,open,15.0,11.202102,3.221667,50.63,123.13,23.96,75.12,22.90,73.22,1446,1190,1072,229,WH-station1,2026-08-09T15:22:47.999-07:00
water_draw_1,2026-08-09T15:22:48.607-07:00,214.201,drawing,,open,15.0,11.229161,3.216562,50.73,123.31,24.17,75.50,23.20,73.76,1447,1192,1071,232,WH-station1,2026-08-09T15:22:48.501-07:00
water_draw_1,2026-08-09T15:22:49.112-07:00,214.706,drawing,,open,15.0,11.256347,3.231875,50.73,123.31,23.85,74.94,23.10,73.58,1447,1189,1074,231,WH-station1,2026-08-09T15:22:49.003-07:00
water_draw_1,2026-08-09T15:22:49.617-07:00,215.210,drawing,,open,15.0,11.283485,3.226771,50.52,122.94,24.17,75.50,23.00,73.40,1445,1192,1073,230,WH-station1,2026-08-09T15:22:49.505-07:00
water_draw_1,2026-08-09T15:22:50.121-07:00,215.715,drawing,,open,15.0,11.310456,3.206354,50.63,123.13,24.17,75.50,23.10,73.58,1446,1192,1069,231,WH-station1,2026-08-09T15:22:50.011-07:00
water_draw_1,2026-08-09T15:22:50.626-07:00,216.220,drawing,,open,15.0,11.337555,3.221667,50.73,123.31,24.17,75.50,23.10,73.58,1447,1192,1072,231,WH-station1,2026-08-09T15:22:50.515-07:00
water_draw_1,2026-08-09T15:22:51.131-07:00,216.724,drawing,,open,15.0,11.364613,3.216562,50.63,123.13,24.06,75.31,23.10,73.58,1446,1191,1071,231,WH-station1,2026-08-09T15:22:51.020-07:00
water_draw_1,2026-08-09T15:22:51.635-07:00,217.229,drawing,,open,15.0,11.391670,3.216562,50.73,123.31,24.06,75.31,22.90,73.22,1447,1191,1071,229,WH-station1,2026-08-09T15:22:51.525-07:00
water_draw_1,2026-08-09T15:22:52.140-07:00,217.734,drawing,,open,15.0,11.418901,3.236979,50.42,122.75,24.48,76.06,23.10,73.58,1444,1195,1075,231,WH-station1,2026-08-09T15:22:52.030-07:00
water_draw_1,2026-08-09T15:22:52.645-07:00,218.239,drawing,,open,15.0,11.446131,3.236979,50.52,122.94,24.27,75.69,23.10,73.58,1445,1193,1075,231,WH-station1,2026-08-09T15:22:52.535-07:00
water_draw_1,2026-08-09T15:22:53.150-07:00,218.743,drawing,,open,15.0,11.473238,3.221667,50.52,122.94,24.06,75.31,23.20,73.76,1445,1191,1072,232,WH-station1,2026-08-09T15:22:53.040-07:00
water_draw_1,2026-08-09T15:22:53.655-07:00,219.248,drawing,,open,15.0,11.500467,3.236979,50.73,123.31,24.27,75.69,23.10,73.58,1447,1193,1075,231,WH-station1,2026-08-09T15:22:53.545-07:00
water_draw_1,2026-08-09T15:22:54.159-07:00,219.753,drawing,,open,15.0,11.527566,3.221667,50.73,123.31,24.27,75.69,23.10,73.58,1447,1193,1072,231,WH-station1,2026-08-09T15:22:54.049-07:00
water_draw_1,2026-08-09T15:22:54.666-07:00,220.257,drawing,,open,15.0,11.554621,3.216562,50.73,123.31,24.48,76.06,23.00,73.40,1447,1195,1071,230,WH-station1,2026-08-09T15:22:54.554-07:00
water_draw_1,2026-08-09T15:22:55.184-07:00,220.765,drawing,,open,15.0,11.581815,3.216562,50.63,123.13,24.27,75.69,23.00,73.40,1446,1193,1071,230,WH-station1,2026-08-09T15:22:55.059-07:00
water_draw_1,2026-08-09T15:22:55.686-07:00,221.282,drawing,,open,15.0,11.609588,3.221667,50.42,122.75,24.27,75.69,23.10,73.58,1444,1193,1072,231,WH-station1,2026-08-09T15:22:55.564-07:00
water_draw_1,2026-08-09T15:22:56.188-07:00,221.784,drawing,,open,15.0,11.636546,3.221667,50.73,123.31,24.69,76.44,23.10,73.58,1447,1197,1072,231,WH-station1,2026-08-09T15:22:56.069-07:00
water_draw_1,2026-08-09T15:22:56.690-07:00,222.286,drawing,,open,15.0,11.663585,3.231875,50.63,123.13,24.48,76.06,23.20,73.76,1446,1195,1074,232,WH-station1,2026-08-09T15:22:56.574-07:00
water_draw_1,2026-08-09T15:22:57.192-07:00,222.788,drawing,,open,15.0,11.690670,3.236979,50.63,123.13,24.48,76.06,23.10,73.58,1446,1195,1075,231,WH-station1,2026-08-09T15:22:57.079-07:00
water_draw_1,2026-08-09T15:22:57.694-07:00,223.290,drawing,,open,15.0,11.717581,3.216562,50.94,123.69,24.27,75.69,23.20,73.76,1449,1193,1071,232,WH-station1,2026-08-09T15:22:57.584-07:00
water_draw_1,2026-08-09T15:22:58.196-07:00,223.792,drawing,,open,15.0,11.744451,3.211458,50.42,122.75,24.06,75.31,23.20,73.76,1444,1191,1070,232,WH-station1,2026-08-09T15:22:58.088-07:00
water_draw_1,2026-08-09T15:22:58.698-07:00,224.294,drawing,,open,15.0,11.771235,3.201250,50.52,122.94,24.69,76.44,23.20,73.76,1445,1197,1068,232,WH-station1,2026-08-09T15:22:58.593-07:00
water_draw_1,2026-08-09T15:22:59.200-07:00,224.796,drawing,,open,15.0,11.798275,3.231875,50.73,123.31,24.48,76.06,23.20,73.76,1447,1195,1074,232,WH-station1,2026-08-09T15:22:59.098-07:00
water_draw_1,2026-08-09T15:22:59.702-07:00,225.298,drawing,,open,15.0,11.825058,3.201250,50.73,123.31,24.58,76.25,23.10,73.58,1447,1196,1068,231,WH-station1,2026-08-09T15:22:59.603-07:00
water_draw_1,2026-08-09T15:23:00.204-07:00,225.800,drawing,,open,15.0,11.851970,3.216562,50.73,123.31,24.37,75.87,23.10,73.58,1447,1194,1071,231,WH-station1,2026-08-09T15:23:00.108-07:00
water_draw_1,2026-08-09T15:23:00.709-07:00,226.302,drawing,,open,15.0,11.879055,3.236979,50.63,123.13,24.90,76.81,23.10,73.58,1446,1199,1075,231,WH-station1,2026-08-09T15:23:00.613-07:00
water_draw_1,2026-08-09T15:23:01.213-07:00,226.807,drawing,,open,15.0,11.906205,3.226771,50.63,123.13,24.48,76.06,23.00,73.40,1446,1195,1073,230,WH-station1,2026-08-09T15:23:01.117-07:00
water_draw_1,2026-08-09T15:23:01.718-07:00,227.312,drawing,,open,15.0,11.933313,3.221667,50.42,122.75,25.10,77.19,23.10,73.58,1444,1201,1072,231,WH-station1,2026-08-09T15:23:01.622-07:00
water_draw_1,2026-08-09T15:23:02.223-07:00,227.816,drawing,,open,15.0,11.960458,3.226771,50.83,123.50,24.90,76.81,23.10,73.58,1448,1199,1073,231,WH-station1,2026-08-09T15:23:02.127-07:00
water_draw_1,2026-08-09T15:23:02.728-07:00,228.321,drawing,,open,15.0,11.987387,3.201250,50.83,123.50,24.58,76.25,23.10,73.58,1448,1196,1068,231,WH-station1,2026-08-09T15:23:02.632-07:00
water_draw_1,2026-08-09T15:23:03.232-07:00,228.826,drawing,,open,15.0,12.014404,3.211458,50.52,122.94,24.79,76.63,23.10,73.58,1445,1198,1070,231,WH-station1,2026-08-09T15:23:03.136-07:00
water_draw_1,2026-08-09T15:23:03.737-07:00,229.331,drawing,,open,15.0,12.041465,3.216562,50.63,123.13,24.48,76.06,23.10,73.58,1446,1195,1071,231,WH-station1,2026-08-09T15:23:03.641-07:00
water_draw_1,2026-08-09T15:23:04.242-07:00,229.836,drawing,,open,15.0,12.068441,3.206354,50.63,123.13,24.69,76.44,23.10,73.58,1446,1197,1069,231,WH-station1,2026-08-09T15:23:04.146-07:00
water_draw_1,2026-08-09T15:23:04.747-07:00,230.340,drawing,,open,15.0,12.095407,3.206354,50.52,122.94,24.58,76.25,23.00,73.40,1445,1196,1069,230,WH-station1,2026-08-09T15:23:04.651-07:00
water_draw_1,2026-08-09T15:23:05.251-07:00,230.845,drawing,,open,15.0,12.122593,3.231875,50.73,123.31,24.79,76.63,23.00,73.40,1447,1198,1074,230,WH-station1,2026-08-09T15:23:05.156-07:00
water_draw_1,2026-08-09T15:23:05.756-07:00,231.349,drawing,,open,15.0,12.149559,3.206354,50.73,123.31,24.79,76.63,23.00,73.40,1447,1198,1069,230,WH-station1,2026-08-09T15:23:05.661-07:00
water_draw_1,2026-08-09T15:23:06.261-07:00,231.854,drawing,,open,15.0,12.176660,3.221667,50.63,123.13,25.00,77.00,23.20,73.76,1446,1200,1072,232,WH-station1,2026-08-09T15:23:06.166-07:00
water_draw_1,2026-08-09T15:23:06.766-07:00,232.359,drawing,,open,15.0,12.203762,3.221667,50.52,122.94,25.00,77.00,23.10,73.58,1445,1200,1072,231,WH-station1,2026-08-09T15:23:06.671-07:00
water_draw_1,2026-08-09T15:23:07.270-07:00,232.864,drawing,,open,15.0,12.230871,3.221667,50.63,123.13,25.10,77.19,23.00,73.40,1446,1201,1072,230,WH-station1,2026-08-09T15:23:07.175-07:00
water_draw_1,2026-08-09T15:23:07.775-07:00,233.369,drawing,,open,15.0,12.257928,3.216562,50.63,123.13,25.10,77.19,23.10,73.58,1446,1201,1071,231,WH-station1,2026-08-09T15:23:07.680-07:00
water_draw_1,2026-08-09T15:23:08.280-07:00,233.873,drawing,,open,15.0,12.284948,3.211458,50.73,123.31,24.79,76.63,23.20,73.76,1447,1198,1070,232,WH-station1,2026-08-09T15:23:08.185-07:00
water_draw_1,2026-08-09T15:23:08.785-07:00,234.378,drawing,,open,15.0,12.312091,3.226771,50.83,123.50,25.10,77.19,23.10,73.58,1448,1201,1073,231,WH-station1,2026-08-09T15:23:08.690-07:00
water_draw_1,2026-08-09T15:23:09.289-07:00,234.883,drawing,,open,15.0,12.339448,3.252292,50.63,123.13,25.21,77.38,23.10,73.58,1446,1202,1078,231,WH-station1,2026-08-09T15:23:09.195-07:00
water_draw_1,2026-08-09T15:23:09.794-07:00,235.387,drawing,,open,15.0,12.366633,3.231875,50.94,123.69,25.21,77.38,23.00,73.40,1449,1202,1074,230,WH-station1,2026-08-09T15:23:09.700-07:00
water_draw_1,2026-08-09T15:23:10.299-07:00,235.892,drawing,,open,15.0,12.393863,3.236979,50.73,123.31,25.21,77.38,23.10,73.58,1447,1202,1075,231,WH-station1,2026-08-09T15:23:10.205-07:00
water_draw_1,2026-08-09T15:23:10.803-07:00,236.397,drawing,,open,15.0,12.421173,3.247188,50.63,123.13,24.90,76.81,23.10,73.58,1446,1199,1077,231,WH-station1,2026-08-09T15:23:10.710-07:00
water_draw_1,2026-08-09T15:23:11.308-07:00,236.902,drawing,,open,15.0,12.448361,3.231875,50.63,123.13,24.90,76.81,23.20,73.76,1446,1199,1074,232,WH-station1,2026-08-09T15:23:11.215-07:00
water_draw_1,2026-08-09T15:23:11.813-07:00,237.406,drawing,,open,15.0,12.475371,3.211458,50.83,123.50,25.00,77.00,23.10,73.58,1448,1200,1070,231,WH-station1,2026-08-09T15:23:11.719-07:00
water_draw_1,2026-08-09T15:23:12.317-07:00,237.911,drawing,,open,15.0,12.502431,3.216562,50.73,123.31,25.21,77.38,23.10,73.58,1447,1202,1071,231,WH-station1,2026-08-09T15:23:12.224-07:00
water_draw_1,2026-08-09T15:23:12.822-07:00,238.416,drawing,,open,15.0,12.529445,3.211458,50.63,123.13,25.42,77.75,23.10,73.58,1446,1204,1070,231,WH-station1,2026-08-09T15:23:12.729-07:00
water_draw_1,2026-08-09T15:23:13.327-07:00,238.920,drawing,,open,15.0,12.556505,3.216562,50.94,123.69,25.21,77.38,23.10,73.58,1449,1202,1071,231,WH-station1,2026-08-09T15:23:13.234-07:00
water_draw_1,2026-08-09T15:23:13.832-07:00,239.425,drawing,,open,15.0,12.583565,3.216562,50.83,123.50,25.21,77.38,23.10,73.58,1448,1202,1071,231,WH-station1,2026-08-09T15:23:13.739-07:00
water_draw_1,2026-08-09T15:23:14.336-07:00,239.930,drawing,,open,15.0,12.610581,3.211458,50.52,122.94,25.52,77.94,23.10,73.58,1445,1205,1070,231,WH-station1,2026-08-09T15:23:14.244-07:00
water_draw_1,2026-08-09T15:23:14.841-07:00,240.435,drawing,,open,15.0,12.637635,3.216562,51.04,123.88,24.90,76.81,23.10,73.58,1450,1199,1071,231,WH-station1,2026-08-09T15:23:14.749-07:00
water_draw_1,2026-08-09T15:23:15.346-07:00,240.939,drawing,,open,15.0,12.664911,3.242083,50.63,123.13,25.21,77.38,23.00,73.40,1446,1202,1076,230,WH-station1,2026-08-09T15:23:15.254-07:00
water_draw_1,2026-08-09T15:23:15.850-07:00,241.444,drawing,,open,15.0,12.691881,3.206354,50.52,122.94,25.31,77.56,23.10,73.58,1445,1203,1069,231,WH-station1,2026-08-09T15:23:15.759-07:00
water_draw_1,2026-08-09T15:23:16.355-07:00,241.949,drawing,,open,15.0,12.719024,3.226771,50.73,123.31,25.31,77.56,23.10,73.58,1447,1203,1073,231,WH-station1,2026-08-09T15:23:16.264-07:00
water_draw_1,2026-08-09T15:23:16.860-07:00,242.453,drawing,,open,15.0,12.745992,3.206354,50.73,123.31,25.21,77.38,23.20,73.76,1447,1202,1069,232,WH-station1,2026-08-09T15:23:16.769-07:00
water_draw_1,2026-08-09T15:23:17.365-07:00,242.958,drawing,,open,15.0,12.773092,3.221667,50.73,123.31,25.42,77.75,23.10,73.58,1447,1204,1072,231,WH-station1,2026-08-09T15:23:17.273-07:00
water_draw_1,2026-08-09T15:23:17.870-07:00,243.463,drawing,,open,15.0,12.800223,3.221667,50.63,123.13,25.21,77.38,23.10,73.58,1446,1202,1072,231,WH-station1,2026-08-09T15:23:17.778-07:00
water_draw_1,2026-08-09T15:23:18.375-07:00,243.968,drawing,,open,15.0,12.827283,3.216562,50.63,123.13,25.21,77.38,23.20,73.76,1446,1202,1071,232,WH-station1,2026-08-09T15:23:18.283-07:00
water_draw_1,2026-08-09T15:23:18.879-07:00,244.473,drawing,,open,15.0,12.854221,3.201250,50.83,123.50,25.31,77.56,23.20,73.76,1448,1203,1068,232,WH-station1,2026-08-09T15:23:18.789-07:00
water_draw_1,2026-08-09T15:23:19.384-07:00,244.978,drawing,,open,15.0,12.881236,3.211458,50.63,123.13,25.31,77.56,23.20,73.76,1446,1203,1070,232,WH-station1,2026-08-09T15:23:19.294-07:00
water_draw_1,2026-08-09T15:23:19.889-07:00,245.482,drawing,,open,15.0,12.908337,3.221667,50.73,123.31,25.94,78.69,23.20,73.76,1447,1209,1072,232,WH-station1,2026-08-09T15:23:19.800-07:00
water_draw_1,2026-08-09T15:23:20.394-07:00,245.987,drawing,,open,15.0,12.935270,3.201250,50.63,123.13,25.83,78.50,23.10,73.58,1446,1208,1068,231,WH-station1,2026-08-09T15:23:20.305-07:00
water_draw_1,2026-08-09T15:23:20.898-07:00,246.492,drawing,,open,15.0,12.962374,3.221667,50.63,123.13,25.83,78.50,23.20,73.76,1446,1208,1072,232,WH-station1,2026-08-09T15:23:20.811-07:00
water_draw_1,2026-08-09T15:23:21.403-07:00,246.997,drawing,,open,15.0,12.989301,3.201250,50.63,123.13,25.42,77.75,23.10,73.58,1446,1204,1068,231,WH-station1,2026-08-09T15:23:21.316-07:00
water_draw_1,2026-08-09T15:23:21.908-07:00,247.502,drawing,,open,15.0,13.016317,3.211458,50.83,123.50,25.52,77.94,23.10,73.58,1448,1205,1070,231,WH-station1,2026-08-09T15:23:21.821-07:00
water_draw_1,2026-08-09T15:23:22.413-07:00,248.006,drawing,,open,15.0,13.043333,3.211458,50.73,123.31,25.63,78.13,23.20,73.76,1447,1206,1070,232,WH-station1,2026-08-09T15:23:22.325-07:00
water_draw_1,2026-08-09T15:23:22.918-07:00,248.511,drawing,,open,15.0,13.070350,3.211458,50.83,123.50,25.63,78.13,23.10,73.58,1448,1206,1070,231,WH-station1,2026-08-09T15:23:22.830-07:00
water_draw_1,2026-08-09T15:23:23.422-07:00,249.016,drawing,,open,15.0,13.097541,3.231875,50.63,123.13,25.94,78.69,23.10,73.58,1446,1209,1074,231,WH-station1,2026-08-09T15:23:23.335-07:00
water_draw_1,2026-08-09T15:23:23.927-07:00,249.521,drawing,,open,15.0,13.124651,3.221667,50.73,123.31,25.83,78.50,23.20,73.76,1447,1208,1072,232,WH-station1,2026-08-09T15:23:23.840-07:00
water_draw_1,2026-08-09T15:23:24.432-07:00,250.025,drawing,,open,15.0,13.151624,3.206354,50.63,123.13,25.83,78.50,23.20,73.76,1446,1208,1069,232,WH-station1,2026-08-09T15:23:24.345-07:00
water_draw_1,2026-08-09T15:23:24.937-07:00,250.530,drawing,,open,15.0,13.178596,3.206354,50.73,123.31,25.94,78.69,23.10,73.58,1447,1209,1069,231,WH-station1,2026-08-09T15:23:24.849-07:00
water_draw_1,2026-08-09T15:23:25.441-07:00,251.035,drawing,,open,15.0,13.205698,3.221667,50.73,123.31,25.83,78.50,23.10,73.58,1447,1208,1072,231,WH-station1,2026-08-09T15:23:25.354-07:00
water_draw_1,2026-08-09T15:23:25.946-07:00,251.540,drawing,,open,15.0,13.232802,3.221667,50.73,123.31,25.83,78.50,23.20,73.76,1447,1208,1072,232,WH-station1,2026-08-09T15:23:25.859-07:00
water_draw_1,2026-08-09T15:23:26.451-07:00,252.044,drawing,,open,15.0,13.259902,3.221667,50.73,123.31,25.83,78.50,23.10,73.58,1447,1208,1072,231,WH-station1,2026-08-09T15:23:26.364-07:00
water_draw_1,2026-08-09T15:23:26.956-07:00,252.549,drawing,,open,15.0,13.286875,3.206354,50.73,123.31,26.15,79.06,23.10,73.58,1447,1211,1069,231,WH-station1,2026-08-09T15:23:26.870-07:00
water_draw_1,2026-08-09T15:23:27.460-07:00,253.054,drawing,,open,15.0,13.313976,3.221667,50.52,122.94,25.73,78.31,23.10,73.58,1445,1207,1072,231,WH-station1,2026-08-09T15:23:27.375-07:00
water_draw_1,2026-08-09T15:23:27.966-07:00,253.559,drawing,,open,15.0,13.341163,3.231875,50.73,123.31,25.94,78.69,23.10,73.58,1447,1209,1074,231,WH-station1,2026-08-09T15:23:27.881-07:00
water_draw_1,2026-08-09T15:23:28.471-07:00,254.064,drawing,,open,15.0,13.368141,3.201250,50.83,123.50,25.42,77.75,23.10,73.58,1448,1204,1068,231,WH-station1,2026-08-09T15:23:28.386-07:00
water_draw_1,2026-08-09T15:23:28.976-07:00,254.569,drawing,,open,15.0,13.395074,3.201250,50.63,123.13,25.52,77.94,23.00,73.40,1446,1205,1068,230,WH-station1,2026-08-09T15:23:28.892-07:00
water_draw_1,2026-08-09T15:23:29.480-07:00,255.074,drawing,,open,15.0,13.422007,3.201250,50.94,123.69,25.83,78.50,23.10,73.58,1449,1208,1068,231,WH-station1,2026-08-09T15:23:29.397-07:00
water_draw_1,2026-08-09T15:23:29.985-07:00,255.579,drawing,,open,15.0,13.449030,3.211458,50.94,123.69,25.73,78.31,23.10,73.58,1449,1207,1070,231,WH-station1,2026-08-09T15:23:29.901-07:00
water_draw_1,2026-08-09T15:23:30.490-07:00,256.083,drawing,,open,15.0,13.476131,3.221667,50.63,123.13,26.15,79.06,23.10,73.58,1446,1211,1072,231,WH-station1,2026-08-09T15:23:30.406-07:00
water_draw_1,2026-08-09T15:23:30.995-07:00,256.588,drawing,,open,15.0,13.503104,3.206354,50.73,123.31,25.94,78.69,23.20,73.76,1447,1209,1069,232,WH-station1,2026-08-09T15:23:30.911-07:00
water_draw_1,2026-08-09T15:23:31.499-07:00,257.093,drawing,,open,15.0,13.530074,3.206354,50.73,123.31,26.04,78.87,23.10,73.58,1447,1210,1069,231,WH-station1,2026-08-09T15:23:31.416-07:00
water_draw_1,2026-08-09T15:23:32.004-07:00,257.598,drawing,,open,15.0,13.557002,3.201250,50.52,122.94,25.94,78.69,23.20,73.76,1445,1209,1068,232,WH-station1,2026-08-09T15:23:31.921-07:00
water_draw_1,2026-08-09T15:23:32.509-07:00,258.102,drawing,,open,15.0,13.584101,3.221667,50.73,123.31,26.25,79.25,23.10,73.58,1447,1212,1072,231,WH-station1,2026-08-09T15:23:32.425-07:00
water_draw_1,2026-08-09T15:23:33.014-07:00,258.607,drawing,,open,15.0,13.611334,3.236979,50.73,123.31,26.35,79.44,23.20,73.76,1447,1213,1075,232,WH-station1,2026-08-09T15:23:32.930-07:00
water_draw_1,2026-08-09T15:23:33.518-07:00,259.112,drawing,,open,15.0,13.638442,3.221667,50.73,123.31,25.83,78.50,23.20,73.76,1447,1208,1072,232,WH-station1,2026-08-09T15:23:33.435-07:00
water_draw_1,2026-08-09T15:23:34.023-07:00,259.617,drawing,,open,15.0,13.665544,3.221667,50.63,123.13,25.83,78.50,23.20,73.76,1446,1208,1072,232,WH-station1,2026-08-09T15:23:33.940-07:00
water_draw_1,2026-08-09T15:23:34.528-07:00,260.121,drawing,,open,15.0,13.692688,3.226771,50.83,123.50,25.83,78.50,23.20,73.76,1448,1208,1073,232,WH-station1,2026-08-09T15:23:34.444-07:00
water_draw_1,2026-08-09T15:23:35.033-07:00,260.626,drawing,,open,15.0,13.719918,3.236979,50.73,123.31,25.94,78.69,23.10,73.58,1447,1209,1075,231,WH-station1,2026-08-09T15:23:34.949-07:00
water_draw_1,2026-08-09T15:23:35.537-07:00,261.131,drawing,,open,15.0,13.746974,3.216562,50.63,123.13,26.04,78.87,23.10,73.58,1446,1210,1071,231,WH-station1,2026-08-09T15:23:35.454-07:00
water_draw_1,2026-08-09T15:23:36.042-07:00,261.636,drawing,,open,15.0,13.774253,3.242083,50.73,123.31,25.83,78.50,23.20,73.76,1447,1208,1076,232,WH-station1,2026-08-09T15:23:35.959-07:00
water_draw_1,2026-08-09T15:23:36.547-07:00,262.140,drawing,,open,15.0,13.801311,3.216562,50.94,123.69,26.25,79.25,23.20,73.76,1449,1212,1071,232,WH-station1,2026-08-09T15:23:36.464-07:00
water_draw_1,2026-08-09T15:23:37.052-07:00,262.645,drawing,,open,15.0,13.828628,3.247188,50.73,123.31,26.35,79.44,23.10,73.58,1447,1213,1077,231,WH-station1,2026-08-09T15:23:36.968-07:00
water_draw_1,2026-08-09T15:23:37.556-07:00,263.150,drawing,,open,15.0,13.855773,3.226771,50.83,123.50,25.94,78.69,23.00,73.40,1448,1209,1073,230,WH-station1,2026-08-09T15:23:37.473-07:00
water_draw_1,2026-08-09T15:23:38.061-07:00,263.655,drawing,,open,15.0,13.882829,3.216562,50.63,123.13,26.04,78.87,23.30,73.94,1446,1210,1071,233,WH-station1,2026-08-09T15:23:37.978-07:00
water_draw_1,2026-08-09T15:23:38.566-07:00,264.159,drawing,,open,15.0,13.909935,3.221667,50.83,123.50,26.46,79.62,23.20,73.76,1448,1214,1072,232,WH-station1,2026-08-09T15:23:38.483-07:00
water_draw_1,2026-08-09T15:23:39.071-07:00,264.664,drawing,,open,15.0,13.936994,3.216562,50.73,123.31,26.04,78.87,23.20,73.76,1447,1210,1071,232,WH-station1,2026-08-09T15:23:38.988-07:00
water_draw_1,2026-08-09T15:23:39.575-07:00,265.169,drawing,,open,15.0,13.964221,3.236979,50.52,122.94,26.35,79.44,23.10,73.58,1445,1213,1075,231,WH-station1,2026-08-09T15:23:39.493-07:00
water_draw_1,2026-08-09T15:23:40.080-07:00,265.674,drawing,,open,15.0,13.991322,3.221667,50.83,123.50,26.25,79.25,23.20,73.76,1448,1212,1072,232,WH-station1,2026-08-09T15:23:39.997-07:00
water_draw_1,2026-08-09T15:23:40.585-07:00,266.178,drawing,,open,15.0,14.018381,3.216562,50.42,122.75,26.46,79.62,23.20,73.76,1444,1214,1071,232,WH-station1,2026-08-09T15:23:40.502-07:00
water_draw_1,2026-08-09T15:23:41.090-07:00,266.683,drawing,,open,15.0,14.045446,3.216562,50.73,123.31,26.87,80.37,23.10,73.58,1447,1218,1071,231,WH-station1,2026-08-09T15:23:41.007-07:00
water_draw_1,2026-08-09T15:23:41.594-07:00,267.188,drawing,,open,15.0,14.072633,3.231875,50.63,123.13,26.77,80.19,23.20,73.76,1446,1217,1074,232,WH-station1,2026-08-09T15:23:41.512-07:00
water_draw_1,2026-08-09T15:23:42.099-07:00,267.693,drawing,,open,15.0,14.099735,3.221667,50.73,123.31,26.35,79.44,23.20,73.76,1447,1213,1072,232,WH-station1,2026-08-09T15:23:42.017-07:00
water_draw_1,2026-08-09T15:23:42.604-07:00,268.197,drawing,,open,15.0,14.126790,3.216562,50.73,123.31,26.77,80.19,23.10,73.58,1447,1217,1071,231,WH-station1,2026-08-09T15:23:42.522-07:00
water_draw_1,2026-08-09T15:23:43.109-07:00,268.702,drawing,,open,15.0,14.153895,3.221667,50.83,123.50,26.25,79.25,23.10,73.58,1448,1212,1072,231,WH-station1,2026-08-09T15:23:43.026-07:00
water_draw_1,2026-08-09T15:23:43.613-07:00,269.207,drawing,,open,15.0,14.181126,3.236979,50.83,123.50,26.56,79.81,23.30,73.94,1448,1215,1075,233,WH-station1,2026-08-09T15:23:43.531-07:00
water_draw_1,2026-08-09T15:23:44.118-07:00,269.712,drawing,,open,15.0,14.208317,3.231875,50.63,123.13,26.46,79.62,23.20,73.76,1446,1214,1074,232,WH-station1,2026-08-09T15:23:44.036-07:00
water_draw_1,2026-08-09T15:23:44.623-07:00,270.216,drawing,,open,15.0,14.235415,3.221667,50.73,123.31,26.35,79.44,23.10,73.58,1447,1213,1072,231,WH-station1,2026-08-09T15:23:44.540-07:00
water_draw_1,2026-08-09T15:23:45.127-07:00,270.721,drawing,,open,15.0,14.262431,3.211458,50.73,123.31,26.87,80.37,23.10,73.58,1447,1218,1070,231,WH-station1,2026-08-09T15:23:45.042-07:00
water_draw_1,2026-08-09T15:23:45.632-07:00,271.226,drawing,,open,15.0,14.289617,3.231875,50.73,123.31,26.87,80.37,23.20,73.76,1447,1218,1074,232,WH-station1,2026-08-09T15:23:45.544-07:00
water_draw_1,2026-08-09T15:23:46.137-07:00,271.731,drawing,,open,15.0,14.316698,3.216562,50.73,123.31,26.56,79.81,23.20,73.76,1447,1215,1071,232,WH-station1,2026-08-09T15:23:46.046-07:00
water_draw_1,2026-08-09T15:23:46.642-07:00,272.236,drawing,,open,15.0,14.343800,3.221667,50.94,123.69,26.87,80.37,23.20,73.76,1449,1218,1072,232,WH-station1,2026-08-09T15:23:46.548-07:00
water_draw_1,2026-08-09T15:23:47.147-07:00,272.740,drawing,,open,15.0,14.370687,3.196146,50.83,123.50,26.67,80.00,23.10,73.58,1448,1216,1067,231,WH-station1,2026-08-09T15:23:47.050-07:00
water_draw_1,2026-08-09T15:23:47.651-07:00,273.245,drawing,,open,15.0,14.397699,3.211458,50.73,123.31,26.56,79.81,23.20,73.76,1447,1215,1070,232,WH-station1,2026-08-09T15:23:47.552-07:00
water_draw_1,2026-08-09T15:23:48.156-07:00,273.750,drawing,,open,15.0,14.424628,3.201250,50.94,123.69,26.77,80.19,23.20,73.76,1449,1217,1068,232,WH-station1,2026-08-09T15:23:48.054-07:00
water_draw_1,2026-08-09T15:23:48.661-07:00,274.254,drawing,,open,15.0,14.451858,3.236979,50.83,123.50,27.19,80.94,23.20,73.76,1448,1221,1075,232,WH-station1,2026-08-09T15:23:48.556-07:00
water_draw_1,2026-08-09T15:23:49.166-07:00,274.759,drawing,,open,15.0,14.478751,3.196146,50.94,123.69,26.77,80.19,23.30,73.94,1449,1217,1067,233,WH-station1,2026-08-09T15:23:49.058-07:00
water_draw_1,2026-08-09T15:23:49.671-07:00,275.264,drawing,,open,15.0,14.505982,3.236979,50.73,123.31,26.98,80.56,23.10,73.58,1447,1219,1075,231,WH-station1,2026-08-09T15:23:49.563-07:00
water_draw_1,2026-08-09T15:23:50.175-07:00,275.769,drawing,,open,15.0,14.532869,3.196146,50.73,123.31,26.35,79.44,23.10,73.58,1447,1213,1067,231,WH-station1,2026-08-09T15:23:50.068-07:00
water_draw_1,2026-08-09T15:23:50.680-07:00,276.273,drawing,,open,15.0,14.559924,3.216562,50.73,123.31,26.87,80.37,23.10,73.58,1447,1218,1071,231,WH-station1,2026-08-09T15:23:50.572-07:00
water_draw_1,2026-08-09T15:23:51.185-07:00,276.778,drawing,,open,15.0,14.586813,3.196146,50.83,123.50,26.98,80.56,23.20,73.76,1448,1219,1067,232,WH-station1,2026-08-09T15:23:51.077-07:00
water_draw_1,2026-08-09T15:23:51.690-07:00,277.283,drawing,,open,15.0,14.613789,3.206354,50.94,123.69,26.46,79.62,23.10,73.58,1449,1214,1069,231,WH-station1,2026-08-09T15:23:51.582-07:00
water_draw_1,2026-08-09T15:23:52.194-07:00,277.788,drawing,,open,15.0,14.640855,3.216562,50.73,123.31,26.46,79.62,23.30,73.94,1447,1214,1071,233,WH-station1,2026-08-09T15:23:52.087-07:00
water_draw_1,2026-08-09T15:23:52.700-07:00,278.293,drawing,,open,15.0,14.667827,3.206354,50.73,123.31,26.67,80.00,23.20,73.76,1447,1216,1069,232,WH-station1,2026-08-09T15:23:52.591-07:00
water_draw_1,2026-08-09T15:23:53.205-07:00,278.799,drawing,,open,15.0,14.694903,3.211458,50.73,123.31,26.77,80.19,23.30,73.94,1447,1217,1070,233,WH-station1,2026-08-09T15:23:53.097-07:00
water_draw_1,2026-08-09T15:23:53.711-07:00,279.303,drawing,,open,15.0,14.722094,3.231875,50.73,123.31,26.98,80.56,23.10,73.58,1447,1219,1074,231,WH-station1,2026-08-09T15:23:53.602-07:00
water_draw_1,2026-08-09T15:23:54.216-07:00,279.809,drawing,,open,15.0,14.749086,3.201250,50.83,123.50,26.87,80.37,23.20,73.76,1448,1218,1068,232,WH-station1,2026-08-09T15:23:54.107-07:00
water_draw_1,2026-08-09T15:23:54.722-07:00,280.314,drawing,,open,15.0,14.776103,3.211458,50.83,123.50,26.98,80.56,23.20,73.76,1448,1219,1070,232,WH-station1,2026-08-09T15:23:54.612-07:00
water_draw_1,2026-08-09T15:23:55.226-07:00,280.820,drawing,,open,15.0,14.803229,3.216562,50.83,123.50,26.56,79.81,23.10,73.58,1448,1215,1071,231,WH-station1,2026-08-09T15:23:55.117-07:00
water_draw_1,2026-08-09T15:23:55.729-07:00,281.325,drawing,,open,15.0,14.830366,3.226771,50.83,123.50,26.87,80.37,23.30,73.94,1448,1218,1073,233,WH-station1,2026-08-09T15:23:55.622-07:00
water_draw_1,2026-08-09T15:23:56.231-07:00,281.827,drawing,,open,15.0,14.857192,3.206354,50.63,123.13,26.67,80.00,23.30,73.94,1446,1216,1069,233,WH-station1,2026-08-09T15:23:56.127-07:00
water_draw_1,2026-08-09T15:23:56.733-07:00,282.329,drawing,,open,15.0,14.884017,3.206354,50.73,123.31,26.46,79.62,23.20,73.76,1447,1214,1069,232,WH-station1,2026-08-09T15:23:56.632-07:00
water_draw_1,2026-08-09T15:23:57.235-07:00,282.831,drawing,,open,15.0,14.910715,3.191042,50.83,123.50,26.67,80.00,23.20,73.76,1448,1216,1066,232,WH-station1,2026-08-09T15:23:57.136-07:00
water_draw_1,2026-08-09T15:23:57.737-07:00,283.333,drawing,,open,15.0,14.937540,3.206354,50.63,123.13,26.98,80.56,23.20,73.76,1446,1219,1069,232,WH-station1,2026-08-09T15:23:57.641-07:00
water_draw_1,2026-08-09T15:23:58.239-07:00,283.834,drawing,,open,15.0,14.964579,3.231875,50.73,123.31,26.67,80.00,23.30,73.94,1447,1216,1074,233,WH-station1,2026-08-09T15:23:58.146-07:00
water_draw_1,2026-08-09T15:23:58.741-07:00,284.337,drawing,,open,15.0,14.991407,3.206354,50.63,123.13,27.08,80.75,23.30,73.94,1446,1220,1069,233,WH-station1,2026-08-09T15:23:58.651-07:00
water_draw_1,2026-08-09T15:23:59.243-07:00,284.839,drawing,,open,15.0,15.018361,3.221667,50.94,123.69,26.87,80.37,23.30,73.94,1449,1218,1072,233,WH-station1,2026-08-09T15:23:59.156-07:00
water_draw_1,2026-08-09T15:23:59.244-07:00,284.842,completed,target_reached,closed,15.0,15.018361,3.221667,50.94,123.69,26.87,80.37,23.30,73.94,1449,1218,1072,233,WH-station1,2026-08-09T15:23:59.156-07:00
