event_id,timestamp_pacific,draw_elapsed_seconds,status,stop_reason,valve_state,target_volume_gal,accumulated_volume_gal,flow_gpm,hot_temp_c,hot_temp_f,cold_temp_c,cold_temp_f,ambient_temp_c,ambient_temp_f,hot_raw_counts,cold_raw_counts,flow_raw_counts,ambient_raw_counts,cold_source_station,cold_source_timestamp_pacific
water_draw_1,2026-08-13T20:04:44.147-07:00,1.239,drawing,,open,15.0,0.004026,0.194896,24.37,75.87,28.23,82.81,23.80,74.84,1194,1231,479,238,WH-station1,2026-08-13T20:04:44.140-07:00
water_draw_1,2026-08-13T20:04:44.650-07:00,2.241,drawing,,open,15.0,0.043672,2.374375,24.58,76.25,28.12,82.62,23.70,74.66,1196,1230,906,237,WH-station1,2026-08-13T20:04:44.642-07:00
water_draw_1,2026-08-13T20:04:45.152-07:00,2.744,drawing,,open,15.0,0.063034,2.313125,24.58,76.25,27.92,82.25,23.80,74.84,1196,1228,894,238,WH-station1,2026-08-13T20:04:45.144-07:00
water_draw_1,2026-08-13T20:04:45.654-07:00,3.245,drawing,,open,15.0,0.081788,2.241667,24.37,75.87,28.23,82.81,23.90,75.02,1194,1231,880,239,WH-station1,2026-08-13T20:04:45.646-07:00
water_draw_1,2026-08-13T20:04:46.156-07:00,3.747,drawing,,open,15.0,0.100073,2.185521,24.48,76.06,28.23,82.81,23.80,74.84,1195,1231,869,238,WH-station1,2026-08-13T20:04:46.148-07:00
water_draw_1,2026-08-13T20:04:46.658-07:00,4.249,drawing,,open,15.0,0.118484,2.200833,24.37,75.87,27.92,82.25,23.90,75.02,1194,1228,872,239,WH-station1,2026-08-13T20:04:46.650-07:00
water_draw_1,2026-08-13T20:04:47.159-07:00,4.751,drawing,,open,15.0,0.136728,2.180417,24.27,75.69,28.02,82.44,23.80,74.84,1193,1229,868,238,WH-station1,2026-08-13T20:04:47.152-07:00
water_draw_1,2026-08-13T20:04:47.664-07:00,5.253,drawing,,open,15.0,0.154716,2.149792,24.48,76.06,27.71,81.88,23.70,74.66,1195,1226,862,237,WH-station1,2026-08-13T20:04:47.653-07:00
water_draw_1,2026-08-13T20:04:48.171-07:00,5.761,drawing,,open,15.0,0.172896,2.149792,24.27,75.69,28.12,82.62,23.60,74.48,1193,1230,862,236,WH-station1,2026-08-13T20:04:48.157-07:00
water_draw_1,2026-08-13T20:04:48.676-07:00,6.266,drawing,,open,15.0,0.190894,2.139583,24.27,75.69,27.60,81.69,23.70,74.66,1193,1225,860,237,WH-station1,2026-08-13T20:04:48.662-07:00
water_draw_1,2026-08-13T20:04:49.181-07:00,6.770,drawing,,open,15.0,0.209065,2.160000,24.06,75.31,27.92,82.25,23.60,74.48,1191,1228,864,236,WH-station1,2026-08-13T20:04:49.167-07:00
water_draw_1,2026-08-13T20:04:49.686-07:00,7.275,drawing,,open,15.0,0.227023,2.134479,23.96,75.12,27.92,82.25,23.60,74.48,1190,1228,859,236,WH-station1,2026-08-13T20:04:49.672-07:00
water_draw_1,2026-08-13T20:04:50.190-07:00,7.780,drawing,,open,15.0,0.244807,2.114063,24.06,75.31,28.23,82.81,23.70,74.66,1191,1231,855,237,WH-station1,2026-08-13T20:04:50.176-07:00
water_draw_1,2026-08-13T20:04:50.695-07:00,8.285,drawing,,open,15.0,0.262632,2.119167,24.37,75.87,28.33,83.00,23.70,74.66,1194,1232,856,237,WH-station1,2026-08-13T20:04:50.681-07:00
water_draw_1,2026-08-13T20:04:51.200-07:00,8.789,drawing,,open,15.0,0.280246,2.093646,24.17,75.50,28.44,83.19,23.70,74.66,1192,1233,851,237,WH-station1,2026-08-13T20:04:51.186-07:00
water_draw_1,2026-08-13T20:04:51.704-07:00,9.294,drawing,,open,15.0,0.297812,2.088542,24.37,75.87,27.81,82.06,23.80,74.84,1194,1227,850,238,WH-station1,2026-08-13T20:04:51.690-07:00
water_draw_1,2026-08-13T20:04:52.209-07:00,9.799,drawing,,open,15.0,0.315598,2.114063,24.69,76.44,28.02,82.44,23.70,74.66,1197,1229,855,237,WH-station1,2026-08-13T20:04:52.195-07:00
water_draw_1,2026-08-13T20:04:52.714-07:00,10.303,drawing,,open,15.0,0.333124,2.083437,24.69,76.44,28.12,82.62,23.70,74.66,1197,1230,849,237,WH-station1,2026-08-13T20:04:52.700-07:00
water_draw_1,2026-08-13T20:04:53.219-07:00,10.808,drawing,,open,15.0,0.350780,2.098750,25.21,77.38,28.12,82.62,23.70,74.66,1202,1230,852,237,WH-station1,2026-08-13T20:04:53.205-07:00
water_draw_1,2026-08-13T20:04:53.723-07:00,11.313,drawing,,open,15.0,0.368434,2.098750,25.42,77.75,27.81,82.06,23.70,74.66,1204,1227,852,237,WH-station1,2026-08-13T20:04:53.709-07:00
water_draw_1,2026-08-13T20:04:54.228-07:00,11.818,drawing,,open,15.0,0.386346,2.129375,26.04,78.87,28.23,82.81,23.60,74.48,1210,1231,858,236,WH-station1,2026-08-13T20:04:54.214-07:00
water_draw_1,2026-08-13T20:04:54.733-07:00,12.322,drawing,,open,15.0,0.403960,2.093646,26.56,79.81,28.12,82.62,23.60,74.48,1215,1230,851,236,WH-station1,2026-08-13T20:04:54.719-07:00
water_draw_1,2026-08-13T20:04:55.238-07:00,12.827,drawing,,open,15.0,0.421707,2.108958,27.50,81.50,28.02,82.44,23.70,74.66,1224,1229,854,237,WH-station1,2026-08-13T20:04:55.224-07:00
water_draw_1,2026-08-13T20:04:55.742-07:00,13.332,drawing,,open,15.0,0.439316,2.093646,28.12,82.62,28.12,82.62,23.70,74.66,1230,1230,851,237,WH-station1,2026-08-13T20:04:55.729-07:00
water_draw_1,2026-08-13T20:04:56.247-07:00,13.837,drawing,,open,15.0,0.456756,2.073229,28.85,83.94,28.02,82.44,23.70,74.66,1237,1229,847,237,WH-station1,2026-08-13T20:04:56.233-07:00
water_draw_1,2026-08-13T20:04:56.752-07:00,14.341,drawing,,open,15.0,0.474195,2.073229,29.48,85.06,28.12,82.62,23.60,74.48,1243,1230,847,236,WH-station1,2026-08-13T20:04:56.738-07:00
water_draw_1,2026-08-13T20:04:57.257-07:00,14.846,drawing,,open,15.0,0.491164,2.017083,30.21,86.38,28.02,82.44,23.80,74.84,1250,1229,836,238,WH-station1,2026-08-13T20:04:57.243-07:00
water_draw_1,2026-08-13T20:04:57.762-07:00,15.351,drawing,,open,15.0,0.508390,2.047708,31.04,87.88,28.02,82.44,23.60,74.48,1258,1229,842,236,WH-station1,2026-08-13T20:04:57.747-07:00
water_draw_1,2026-08-13T20:04:58.266-07:00,15.856,drawing,,open,15.0,0.525533,2.037500,31.46,88.63,27.92,82.25,23.70,74.66,1262,1228,840,237,WH-station1,2026-08-13T20:04:58.252-07:00
water_draw_1,2026-08-13T20:04:58.771-07:00,16.360,drawing,,open,15.0,0.542544,2.022187,32.29,90.12,27.81,82.06,23.60,74.48,1270,1227,837,236,WH-station1,2026-08-13T20:04:58.757-07:00
water_draw_1,2026-08-13T20:04:59.276-07:00,16.865,drawing,,open,15.0,0.559470,2.011979,32.81,91.06,28.12,82.62,23.70,74.66,1275,1230,835,237,WH-station1,2026-08-13T20:04:59.262-07:00
water_draw_1,2026-08-13T20:04:59.780-07:00,17.370,drawing,,open,15.0,0.576307,2.001771,33.65,92.56,28.02,82.44,23.70,74.66,1283,1229,833,237,WH-station1,2026-08-13T20:04:59.767-07:00
water_draw_1,2026-08-13T20:05:00.285-07:00,17.875,drawing,,open,15.0,0.593020,1.986458,34.17,93.50,27.71,81.88,23.60,74.48,1288,1226,830,236,WH-station1,2026-08-13T20:05:00.271-07:00
water_draw_1,2026-08-13T20:05:00.798-07:00,18.379,drawing,,open,15.0,0.609689,1.981354,34.90,94.81,28.23,82.81,23.70,74.66,1295,1231,829,237,WH-station1,2026-08-13T20:05:00.776-07:00
water_draw_1,2026-08-13T20:05:01.326-07:00,18.892,drawing,,open,15.0,0.626408,1.955833,35.52,95.94,27.81,82.06,23.70,74.66,1301,1227,824,237,WH-station1,2026-08-13T20:05:01.281-07:00
water_draw_1,2026-08-13T20:05:01.869-07:00,19.420,drawing,,open,15.0,0.643557,1.950729,36.15,97.06,28.12,82.62,23.70,74.66,1307,1230,823,237,WH-station1,2026-08-13T20:05:01.786-07:00
water_draw_1,2026-08-13T20:05:02.374-07:00,19.963,drawing,,open,15.0,0.661093,1.935417,36.77,98.19,28.02,82.44,23.80,74.84,1313,1229,820,238,WH-station1,2026-08-13T20:05:02.290-07:00
water_draw_1,2026-08-13T20:05:02.879-07:00,20.468,drawing,,open,15.0,0.677545,1.955833,36.87,98.37,28.02,82.44,23.70,74.66,1314,1229,824,237,WH-station1,2026-08-13T20:05:02.795-07:00
water_draw_1,2026-08-13T20:05:03.383-07:00,20.973,drawing,,open,15.0,0.693914,1.945625,37.60,99.69,28.02,82.44,23.80,74.84,1321,1229,822,238,WH-station1,2026-08-13T20:05:03.300-07:00
water_draw_1,2026-08-13T20:05:03.888-07:00,21.478,drawing,,open,15.0,0.710064,1.920104,38.33,101.00,28.33,83.00,23.70,74.66,1328,1232,817,237,WH-station1,2026-08-13T20:05:03.805-07:00
water_draw_1,2026-08-13T20:05:04.393-07:00,21.982,drawing,,open,15.0,0.726305,1.930313,38.85,101.94,27.92,82.25,23.70,74.66,1333,1228,819,237,WH-station1,2026-08-13T20:05:04.309-07:00
water_draw_1,2026-08-13T20:05:04.897-07:00,22.487,drawing,,open,15.0,0.742404,1.915000,39.17,102.50,28.02,82.44,23.60,74.48,1336,1229,816,236,WH-station1,2026-08-13T20:05:04.814-07:00
water_draw_1,2026-08-13T20:05:05.402-07:00,22.992,drawing,,open,15.0,0.758430,1.904792,39.79,103.62,27.81,82.06,23.70,74.66,1342,1227,814,237,WH-station1,2026-08-13T20:05:05.319-07:00
water_draw_1,2026-08-13T20:05:05.907-07:00,23.496,drawing,,open,15.0,0.774455,1.904792,40.52,104.94,28.23,82.81,23.70,74.66,1349,1231,814,237,WH-station1,2026-08-13T20:05:05.824-07:00
water_draw_1,2026-08-13T20:05:06.412-07:00,24.001,drawing,,open,15.0,0.790436,1.899688,40.73,105.31,28.23,82.81,23.60,74.48,1351,1231,813,236,WH-station1,2026-08-13T20:05:06.328-07:00
water_draw_1,2026-08-13T20:05:06.916-07:00,24.506,drawing,,open,15.0,0.806331,1.889479,41.04,105.88,28.33,83.00,23.70,74.66,1354,1232,811,237,WH-station1,2026-08-13T20:05:06.833-07:00
water_draw_1,2026-08-13T20:05:07.421-07:00,25.011,drawing,,open,15.0,0.822143,1.879271,41.56,106.81,28.02,82.44,23.60,74.48,1359,1229,809,236,WH-station1,2026-08-13T20:05:07.338-07:00
water_draw_1,2026-08-13T20:05:07.926-07:00,25.515,drawing,,open,15.0,0.837864,1.869062,41.77,107.19,28.12,82.62,23.70,74.66,1361,1230,807,237,WH-station1,2026-08-13T20:05:07.842-07:00
water_draw_1,2026-08-13T20:05:08.431-07:00,26.020,drawing,,open,15.0,0.853545,1.863958,42.50,108.50,28.44,83.19,23.70,74.66,1368,1233,806,237,WH-station1,2026-08-13T20:05:08.347-07:00
water_draw_1,2026-08-13T20:05:08.935-07:00,26.525,drawing,,open,15.0,0.869436,1.889479,42.60,108.69,28.44,83.19,23.60,74.48,1369,1233,811,236,WH-station1,2026-08-13T20:05:08.852-07:00
water_draw_1,2026-08-13T20:05:09.440-07:00,27.030,drawing,,open,15.0,0.885115,1.863958,43.23,109.81,28.33,83.00,23.70,74.66,1375,1232,806,237,WH-station1,2026-08-13T20:05:09.357-07:00
water_draw_1,2026-08-13T20:05:09.945-07:00,27.534,drawing,,open,15.0,0.900666,1.848646,43.44,110.19,28.12,82.62,23.70,74.66,1377,1230,803,237,WH-station1,2026-08-13T20:05:09.862-07:00
water_draw_1,2026-08-13T20:05:10.450-07:00,28.039,drawing,,open,15.0,0.916094,1.833333,43.65,110.56,28.23,82.81,23.60,74.48,1379,1231,800,236,WH-station1,2026-08-13T20:05:10.371-07:00
water_draw_1,2026-08-13T20:05:10.954-07:00,28.544,drawing,,open,15.0,0.931557,1.838438,43.85,110.94,28.02,82.44,23.80,74.84,1381,1229,801,238,WH-station1,2026-08-13T20:05:10.876-07:00
water_draw_1,2026-08-13T20:05:11.459-07:00,29.049,drawing,,open,15.0,0.946807,1.812917,44.48,112.06,28.54,83.38,23.70,74.66,1387,1234,796,237,WH-station1,2026-08-13T20:05:11.380-07:00
water_draw_1,2026-08-13T20:05:11.964-07:00,29.553,drawing,,open,15.0,0.961841,1.787396,44.69,112.44,28.54,83.38,23.80,74.84,1389,1234,791,238,WH-station1,2026-08-13T20:05:11.885-07:00
water_draw_1,2026-08-13T20:05:12.468-07:00,30.058,drawing,,open,15.0,0.977263,1.833333,45.21,113.38,28.44,83.19,23.70,74.66,1394,1233,800,237,WH-station1,2026-08-13T20:05:12.390-07:00
water_draw_1,2026-08-13T20:05:12.973-07:00,30.563,drawing,,open,15.0,0.992512,1.812917,45.21,113.38,28.23,82.81,23.70,74.66,1394,1231,796,237,WH-station1,2026-08-13T20:05:12.894-07:00
water_draw_1,2026-08-13T20:05:13.478-07:00,31.067,drawing,,open,15.0,1.007422,1.772083,45.73,114.31,28.54,83.38,23.60,74.48,1399,1234,788,236,WH-station1,2026-08-13T20:05:13.399-07:00
water_draw_1,2026-08-13T20:05:13.983-07:00,31.572,drawing,,open,15.0,1.022674,1.812917,46.04,114.88,28.65,83.56,23.70,74.66,1402,1235,796,237,WH-station1,2026-08-13T20:05:13.904-07:00
water_draw_1,2026-08-13T20:05:14.487-07:00,32.077,drawing,,open,15.0,1.037882,1.807813,46.04,114.88,28.23,82.81,23.70,74.66,1402,1231,795,237,WH-station1,2026-08-13T20:05:14.409-07:00
water_draw_1,2026-08-13T20:05:14.992-07:00,32.582,drawing,,open,15.0,1.053090,1.807813,46.46,115.63,28.33,83.00,23.60,74.48,1406,1232,795,236,WH-station1,2026-08-13T20:05:14.914-07:00
water_draw_1,2026-08-13T20:05:15.497-07:00,33.087,drawing,,open,15.0,1.068302,1.807813,46.67,116.00,28.44,83.19,23.70,74.66,1408,1233,795,237,WH-station1,2026-08-13T20:05:15.418-07:00
water_draw_1,2026-08-13T20:05:16.002-07:00,33.591,drawing,,open,15.0,1.083511,1.807813,46.88,116.38,28.23,82.81,23.70,74.66,1410,1231,795,237,WH-station1,2026-08-13T20:05:15.923-07:00
water_draw_1,2026-08-13T20:05:16.507-07:00,34.096,drawing,,open,15.0,1.098805,1.818021,47.29,117.12,28.44,83.19,23.70,74.66,1414,1233,797,237,WH-station1,2026-08-13T20:05:16.428-07:00
water_draw_1,2026-08-13T20:05:17.011-07:00,34.601,drawing,,open,15.0,1.113971,1.802708,47.50,117.50,28.12,82.62,23.70,74.66,1416,1230,794,237,WH-station1,2026-08-13T20:05:16.933-07:00
water_draw_1,2026-08-13T20:05:17.516-07:00,35.106,drawing,,open,15.0,1.129179,1.807813,47.92,118.25,28.54,83.38,23.60,74.48,1420,1234,795,236,WH-station1,2026-08-13T20:05:17.437-07:00
water_draw_1,2026-08-13T20:05:18.021-07:00,35.610,drawing,,open,15.0,1.144213,1.787396,47.92,118.25,28.54,83.38,23.60,74.48,1420,1234,791,236,WH-station1,2026-08-13T20:05:17.942-07:00
water_draw_1,2026-08-13T20:05:18.526-07:00,36.115,drawing,,open,15.0,1.159725,1.843542,48.12,118.62,28.65,83.56,23.70,74.66,1422,1235,802,237,WH-station1,2026-08-13T20:05:18.447-07:00
water_draw_1,2026-08-13T20:05:19.030-07:00,36.620,drawing,,open,15.0,1.174845,1.797604,48.44,119.19,28.44,83.19,23.70,74.66,1425,1233,793,237,WH-station1,2026-08-13T20:05:18.951-07:00
water_draw_1,2026-08-13T20:05:19.535-07:00,37.125,drawing,,open,15.0,1.190182,1.823125,48.44,119.19,28.33,83.00,23.80,74.84,1425,1232,798,238,WH-station1,2026-08-13T20:05:19.456-07:00
water_draw_1,2026-08-13T20:05:20.040-07:00,37.629,drawing,,open,15.0,1.205260,1.792500,48.85,119.94,28.23,82.81,23.60,74.48,1429,1231,792,236,WH-station1,2026-08-13T20:05:19.961-07:00
water_draw_1,2026-08-13T20:05:20.544-07:00,38.134,drawing,,open,15.0,1.220512,1.812917,48.96,120.12,28.65,83.56,23.70,74.66,1430,1235,796,237,WH-station1,2026-08-13T20:05:20.466-07:00
water_draw_1,2026-08-13T20:05:21.049-07:00,38.639,drawing,,open,15.0,1.235763,1.812917,49.17,120.50,28.33,83.00,23.70,74.66,1432,1232,796,237,WH-station1,2026-08-13T20:05:20.970-07:00
water_draw_1,2026-08-13T20:05:21.554-07:00,39.144,drawing,,open,15.0,1.250629,1.766979,49.27,120.69,28.65,83.56,23.60,74.48,1433,1235,787,236,WH-station1,2026-08-13T20:05:21.475-07:00
water_draw_1,2026-08-13T20:05:22.059-07:00,39.648,drawing,,open,15.0,1.265533,1.772083,49.69,121.44,28.33,83.00,23.70,74.66,1437,1232,788,237,WH-station1,2026-08-13T20:05:21.980-07:00
water_draw_1,2026-08-13T20:05:22.563-07:00,40.153,drawing,,open,15.0,1.280784,1.812917,49.90,121.81,28.33,83.00,23.80,74.84,1439,1232,796,238,WH-station1,2026-08-13T20:05:22.485-07:00
water_draw_1,2026-08-13T20:05:23.068-07:00,40.658,drawing,,open,15.0,1.295647,1.766979,50.10,122.19,28.12,82.62,23.70,74.66,1441,1230,787,237,WH-station1,2026-08-13T20:05:22.989-07:00
water_draw_1,2026-08-13T20:05:23.573-07:00,41.162,drawing,,open,15.0,1.310684,1.787396,50.31,122.56,28.54,83.38,23.60,74.48,1443,1234,791,236,WH-station1,2026-08-13T20:05:23.494-07:00
water_draw_1,2026-08-13T20:05:24.078-07:00,41.667,drawing,,open,15.0,1.325723,1.787396,50.31,122.56,28.23,82.81,23.80,74.84,1443,1231,791,238,WH-station1,2026-08-13T20:05:23.999-07:00
water_draw_1,2026-08-13T20:05:24.582-07:00,42.172,drawing,,open,15.0,1.340115,1.710833,50.52,122.94,28.12,82.62,23.70,74.66,1445,1230,776,237,WH-station1,2026-08-13T20:05:24.503-07:00
water_draw_1,2026-08-13T20:05:25.087-07:00,42.677,drawing,,open,15.0,1.355365,1.812917,50.73,123.31,28.54,83.38,23.80,74.84,1447,1234,796,238,WH-station1,2026-08-13T20:05:25.008-07:00
water_draw_1,2026-08-13T20:05:25.592-07:00,43.181,drawing,,open,15.0,1.370444,1.792500,50.73,123.31,28.44,83.19,23.80,74.84,1447,1233,792,238,WH-station1,2026-08-13T20:05:25.513-07:00
water_draw_1,2026-08-13T20:05:26.097-07:00,43.686,drawing,,open,15.0,1.385478,1.787396,50.94,123.69,28.65,83.56,23.70,74.66,1449,1235,791,237,WH-station1,2026-08-13T20:05:26.018-07:00
water_draw_1,2026-08-13T20:05:26.601-07:00,44.191,drawing,,open,15.0,1.400560,1.792500,51.04,123.88,28.44,83.19,23.80,74.84,1450,1233,792,238,WH-station1,2026-08-13T20:05:26.522-07:00
water_draw_1,2026-08-13T20:05:27.106-07:00,44.696,drawing,,open,15.0,1.415683,1.797604,51.46,124.62,28.65,83.56,23.60,74.48,1454,1235,793,236,WH-station1,2026-08-13T20:05:27.027-07:00
water_draw_1,2026-08-13T20:05:27.611-07:00,45.200,drawing,,open,15.0,1.430848,1.802708,51.15,124.06,28.54,83.38,23.60,74.48,1451,1234,794,236,WH-station1,2026-08-13T20:05:27.532-07:00
water_draw_1,2026-08-13T20:05:28.116-07:00,45.705,drawing,,open,15.0,1.444894,1.670000,51.67,125.00,28.23,82.81,23.70,74.66,1456,1231,768,237,WH-station1,2026-08-13T20:05:28.036-07:00
water_draw_1,2026-08-13T20:05:28.620-07:00,46.210,drawing,,open,15.0,1.460019,1.797604,51.77,125.19,28.44,83.19,23.70,74.66,1457,1233,793,237,WH-station1,2026-08-13T20:05:28.541-07:00
water_draw_1,2026-08-13T20:05:29.125-07:00,46.715,drawing,,open,15.0,1.475098,1.792500,51.77,125.19,28.44,83.19,23.70,74.66,1457,1233,792,237,WH-station1,2026-08-13T20:05:29.046-07:00
water_draw_1,2026-08-13T20:05:29.630-07:00,47.219,drawing,,open,15.0,1.489577,1.721042,52.08,125.75,28.44,83.19,23.70,74.66,1460,1233,778,237,WH-station1,2026-08-13T20:05:29.550-07:00
water_draw_1,2026-08-13T20:05:30.135-07:00,47.724,drawing,,open,15.0,1.504485,1.772083,52.08,125.75,28.44,83.19,23.70,74.66,1460,1233,788,237,WH-station1,2026-08-13T20:05:30.055-07:00
water_draw_1,2026-08-13T20:05:30.639-07:00,48.229,drawing,,open,15.0,1.519479,1.782292,52.08,125.75,28.65,83.56,23.80,74.84,1460,1235,790,238,WH-station1,2026-08-13T20:05:30.560-07:00
water_draw_1,2026-08-13T20:05:31.144-07:00,48.734,drawing,,open,15.0,1.534514,1.787396,52.29,126.12,28.85,83.94,23.80,74.84,1462,1237,791,238,WH-station1,2026-08-13T20:05:31.065-07:00
water_draw_1,2026-08-13T20:05:31.650-07:00,49.238,drawing,,open,15.0,1.549421,1.772083,52.29,126.12,28.85,83.94,23.80,74.84,1462,1237,788,238,WH-station1,2026-08-13T20:05:31.569-07:00
water_draw_1,2026-08-13T20:05:32.155-07:00,49.744,drawing,,open,15.0,1.564495,1.787396,52.71,126.87,28.44,83.19,23.70,74.66,1466,1233,791,237,WH-station1,2026-08-13T20:05:32.074-07:00
water_draw_1,2026-08-13T20:05:32.661-07:00,50.249,drawing,,open,15.0,1.579446,1.777188,52.60,126.69,28.75,83.75,23.70,74.66,1465,1236,789,237,WH-station1,2026-08-13T20:05:32.579-07:00
water_draw_1,2026-08-13T20:05:33.166-07:00,50.755,drawing,,open,15.0,1.594520,1.787396,52.71,126.87,28.54,83.38,23.70,74.66,1466,1234,791,237,WH-station1,2026-08-13T20:05:33.083-07:00
water_draw_1,2026-08-13T20:05:33.672-07:00,51.260,drawing,,open,15.0,1.608826,1.700625,52.71,126.87,28.96,84.12,23.70,74.66,1466,1238,774,237,WH-station1,2026-08-13T20:05:33.588-07:00
water_draw_1,2026-08-13T20:05:34.176-07:00,51.766,drawing,,open,15.0,1.623853,1.782292,52.92,127.25,28.75,83.75,23.70,74.66,1468,1236,790,237,WH-station1,2026-08-13T20:05:34.093-07:00
water_draw_1,2026-08-13T20:05:34.681-07:00,52.271,drawing,,open,15.0,1.638804,1.777188,53.12,127.62,28.96,84.12,23.60,74.48,1470,1238,789,236,WH-station1,2026-08-13T20:05:34.597-07:00
water_draw_1,2026-08-13T20:05:35.186-07:00,52.775,drawing,,open,15.0,1.653883,1.792500,53.23,127.81,28.96,84.12,23.70,74.66,1471,1238,792,237,WH-station1,2026-08-13T20:05:35.102-07:00
water_draw_1,2026-08-13T20:05:35.690-07:00,53.280,drawing,,open,15.0,1.668618,1.751667,53.23,127.81,29.06,84.31,23.80,74.84,1471,1239,784,238,WH-station1,2026-08-13T20:05:35.607-07:00
water_draw_1,2026-08-13T20:05:36.195-07:00,53.785,drawing,,open,15.0,1.683479,1.766979,53.54,128.38,29.06,84.31,23.70,74.66,1474,1239,787,237,WH-station1,2026-08-13T20:05:36.112-07:00
water_draw_1,2026-08-13T20:05:36.700-07:00,54.289,drawing,,open,15.0,1.698386,1.772083,53.44,128.19,29.17,84.50,23.70,74.66,1473,1240,788,237,WH-station1,2026-08-13T20:05:36.616-07:00
water_draw_1,2026-08-13T20:05:37.205-07:00,54.794,drawing,,open,15.0,1.713249,1.766979,53.75,128.75,28.96,84.12,23.70,74.66,1476,1238,787,237,WH-station1,2026-08-13T20:05:37.121-07:00
water_draw_1,2026-08-13T20:05:37.709-07:00,55.299,drawing,,open,15.0,1.728201,1.777188,53.65,128.56,29.17,84.50,23.60,74.48,1475,1240,789,236,WH-station1,2026-08-13T20:05:37.626-07:00
water_draw_1,2026-08-13T20:05:38.214-07:00,55.804,drawing,,open,15.0,1.743108,1.772083,53.96,129.12,29.17,84.50,23.70,74.66,1478,1240,788,237,WH-station1,2026-08-13T20:05:38.131-07:00
water_draw_1,2026-08-13T20:05:38.719-07:00,56.308,drawing,,open,15.0,1.758144,1.787396,53.85,128.94,29.17,84.50,23.60,74.48,1477,1240,791,236,WH-station1,2026-08-13T20:05:38.635-07:00
water_draw_1,2026-08-13T20:05:39.223-07:00,56.813,drawing,,open,15.0,1.773091,1.777188,54.27,129.69,28.96,84.12,23.60,74.48,1481,1238,789,236,WH-station1,2026-08-13T20:05:39.140-07:00
water_draw_1,2026-08-13T20:05:39.728-07:00,57.318,drawing,,open,15.0,1.787957,1.766979,54.06,129.31,29.48,85.06,23.60,74.48,1479,1243,787,236,WH-station1,2026-08-13T20:05:39.645-07:00
water_draw_1,2026-08-13T20:05:40.233-07:00,57.822,drawing,,open,15.0,1.802905,1.777188,54.06,129.31,29.38,84.88,23.80,74.84,1479,1242,789,238,WH-station1,2026-08-13T20:05:40.150-07:00
water_draw_1,2026-08-13T20:05:40.738-07:00,58.327,drawing,,open,15.0,1.817771,1.766979,54.17,129.50,29.69,85.44,23.80,74.84,1480,1245,787,238,WH-station1,2026-08-13T20:05:40.655-07:00
water_draw_1,2026-08-13T20:05:41.242-07:00,58.832,drawing,,open,15.0,1.832848,1.792500,54.38,129.88,29.69,85.44,23.60,74.48,1482,1245,792,236,WH-station1,2026-08-13T20:05:41.159-07:00
water_draw_1,2026-08-13T20:05:41.748-07:00,59.337,drawing,,open,15.0,1.847883,1.787396,54.48,130.06,29.27,84.69,23.80,74.84,1483,1241,791,238,WH-station1,2026-08-13T20:05:41.664-07:00
water_draw_1,2026-08-13T20:05:42.252-07:00,59.842,drawing,,open,15.0,1.862941,1.787396,54.48,130.06,29.58,85.25,23.70,74.66,1483,1244,791,237,WH-station1,2026-08-13T20:05:42.169-07:00
water_draw_1,2026-08-13T20:05:42.757-07:00,60.347,drawing,,open,15.0,1.878150,1.807813,54.69,130.44,29.69,85.44,23.70,74.66,1485,1245,795,237,WH-station1,2026-08-13T20:05:42.673-07:00
water_draw_1,2026-08-13T20:05:43.262-07:00,60.852,drawing,,open,15.0,1.893061,1.772083,54.69,130.44,29.58,85.25,23.70,74.66,1485,1244,788,237,WH-station1,2026-08-13T20:05:43.178-07:00
water_draw_1,2026-08-13T20:05:43.767-07:00,61.356,drawing,,open,15.0,1.907927,1.766979,54.79,130.62,29.69,85.44,23.70,74.66,1486,1245,787,237,WH-station1,2026-08-13T20:05:43.683-07:00
water_draw_1,2026-08-13T20:05:44.272-07:00,61.861,drawing,,open,15.0,1.923223,1.818021,54.90,130.81,29.79,85.62,23.80,74.84,1487,1246,797,238,WH-station1,2026-08-13T20:05:44.187-07:00
water_draw_1,2026-08-13T20:05:44.777-07:00,62.366,drawing,,open,15.0,1.938345,1.797604,55.21,131.38,29.79,85.62,23.60,74.48,1490,1246,793,236,WH-station1,2026-08-13T20:05:44.692-07:00
water_draw_1,2026-08-13T20:05:45.281-07:00,62.871,drawing,,open,15.0,1.953342,1.782292,54.90,130.81,29.90,85.81,23.60,74.48,1487,1247,790,236,WH-station1,2026-08-13T20:05:45.197-07:00
water_draw_1,2026-08-13T20:05:45.786-07:00,63.376,drawing,,open,15.0,1.968249,1.772083,55.21,131.38,30.00,86.00,23.70,74.66,1490,1248,788,237,WH-station1,2026-08-13T20:05:45.702-07:00
water_draw_1,2026-08-13T20:05:46.291-07:00,63.880,drawing,,open,15.0,1.983158,1.772083,55.21,131.38,29.38,84.88,23.70,74.66,1490,1242,788,237,WH-station1,2026-08-13T20:05:46.206-07:00
water_draw_1,2026-08-13T20:05:46.796-07:00,64.385,drawing,,open,15.0,1.998235,1.792500,55.31,131.56,29.58,85.25,23.60,74.48,1491,1244,792,236,WH-station1,2026-08-13T20:05:46.711-07:00
water_draw_1,2026-08-13T20:05:47.300-07:00,64.890,drawing,,open,15.0,2.013315,1.792500,55.42,131.75,29.79,85.62,23.70,74.66,1492,1246,792,237,WH-station1,2026-08-13T20:05:47.216-07:00
water_draw_1,2026-08-13T20:05:47.805-07:00,65.395,drawing,,open,15.0,2.028480,1.802708,55.21,131.38,30.00,86.00,23.70,74.66,1490,1248,794,237,WH-station1,2026-08-13T20:05:47.720-07:00
water_draw_1,2026-08-13T20:05:48.310-07:00,65.899,drawing,,open,15.0,2.043605,1.797604,55.42,131.75,30.10,86.19,23.70,74.66,1492,1249,793,237,WH-station1,2026-08-13T20:05:48.225-07:00
water_draw_1,2026-08-13T20:05:48.815-07:00,66.404,drawing,,open,15.0,2.058727,1.797604,55.62,132.12,29.48,85.06,23.70,74.66,1494,1243,793,237,WH-station1,2026-08-13T20:05:48.730-07:00
water_draw_1,2026-08-13T20:05:49.319-07:00,66.909,drawing,,open,15.0,2.073764,1.787396,55.73,132.31,30.10,86.19,23.80,74.84,1495,1249,791,238,WH-station1,2026-08-13T20:05:49.234-07:00
water_draw_1,2026-08-13T20:05:49.824-07:00,67.414,drawing,,open,15.0,2.088068,1.700625,55.52,131.94,29.69,85.44,23.60,74.48,1493,1245,774,236,WH-station1,2026-08-13T20:05:49.739-07:00
water_draw_1,2026-08-13T20:05:50.329-07:00,67.918,drawing,,open,15.0,2.103106,1.787396,55.83,132.50,29.90,85.81,23.70,74.66,1496,1247,791,237,WH-station1,2026-08-13T20:05:50.244-07:00
water_draw_1,2026-08-13T20:05:50.834-07:00,68.423,drawing,,open,15.0,2.118190,1.792500,55.94,132.69,29.90,85.81,23.70,74.66,1497,1247,792,237,WH-station1,2026-08-13T20:05:50.749-07:00
water_draw_1,2026-08-13T20:05:51.338-07:00,68.928,drawing,,open,15.0,2.133012,1.761875,56.04,132.88,30.42,86.75,23.70,74.66,1498,1252,786,237,WH-station1,2026-08-13T20:05:51.253-07:00
water_draw_1,2026-08-13T20:05:51.843-07:00,69.433,drawing,,open,15.0,2.147832,1.761875,55.94,132.69,30.10,86.19,23.70,74.66,1497,1249,786,237,WH-station1,2026-08-13T20:05:51.758-07:00
water_draw_1,2026-08-13T20:05:52.348-07:00,69.937,drawing,,open,15.0,2.162739,1.772083,56.15,133.06,30.00,86.00,23.80,74.84,1499,1248,788,238,WH-station1,2026-08-13T20:05:52.263-07:00
water_draw_1,2026-08-13T20:05:52.853-07:00,70.442,drawing,,open,15.0,2.177651,1.772083,56.25,133.25,29.90,85.81,23.60,74.48,1500,1247,788,236,WH-station1,2026-08-13T20:05:52.767-07:00
water_draw_1,2026-08-13T20:05:53.358-07:00,70.947,drawing,,open,15.0,2.190971,1.583229,56.15,133.06,30.21,86.38,23.70,74.66,1499,1250,751,237,WH-station1,2026-08-13T20:05:53.272-07:00
water_draw_1,2026-08-13T20:05:53.862-07:00,71.452,drawing,,open,15.0,2.205879,1.772083,56.25,133.25,30.00,86.00,23.70,74.66,1500,1248,788,237,WH-station1,2026-08-13T20:05:53.777-07:00
water_draw_1,2026-08-13T20:05:54.367-07:00,71.957,drawing,,open,15.0,2.221002,1.797604,56.15,133.06,30.21,86.38,23.80,74.84,1499,1250,793,238,WH-station1,2026-08-13T20:05:54.281-07:00
water_draw_1,2026-08-13T20:05:54.872-07:00,72.461,drawing,,open,15.0,2.235824,1.761875,56.46,133.63,30.21,86.38,23.60,74.48,1502,1250,786,236,WH-station1,2026-08-13T20:05:54.786-07:00
water_draw_1,2026-08-13T20:05:55.377-07:00,72.966,drawing,,open,15.0,2.250086,1.695521,56.46,133.63,30.10,86.19,23.70,74.66,1502,1249,773,237,WH-station1,2026-08-13T20:05:55.291-07:00
water_draw_1,2026-08-13T20:05:55.881-07:00,73.471,drawing,,open,15.0,2.265036,1.777188,56.56,133.81,30.31,86.56,23.70,74.66,1503,1251,789,237,WH-station1,2026-08-13T20:05:55.795-07:00
water_draw_1,2026-08-13T20:05:56.386-07:00,73.976,drawing,,open,15.0,2.279816,1.756771,56.56,133.81,30.42,86.75,23.80,74.84,1503,1252,785,238,WH-station1,2026-08-13T20:05:56.300-07:00
water_draw_1,2026-08-13T20:05:56.891-07:00,74.480,drawing,,open,15.0,2.294507,1.746563,56.56,133.81,30.42,86.75,23.60,74.48,1503,1252,783,236,WH-station1,2026-08-13T20:05:56.805-07:00
water_draw_1,2026-08-13T20:05:57.396-07:00,74.985,drawing,,open,15.0,2.307697,1.567917,56.35,133.44,30.62,87.12,23.80,74.84,1501,1254,748,238,WH-station1,2026-08-13T20:05:57.309-07:00
water_draw_1,2026-08-13T20:05:57.900-07:00,75.490,drawing,,open,15.0,2.322433,1.751667,56.67,134.00,30.42,86.75,23.70,74.66,1504,1252,784,237,WH-station1,2026-08-13T20:05:57.814-07:00
water_draw_1,2026-08-13T20:05:58.405-07:00,75.995,drawing,,open,15.0,2.337254,1.761875,56.88,134.38,30.52,86.94,23.70,74.66,1506,1253,786,237,WH-station1,2026-08-13T20:05:58.319-07:00
water_draw_1,2026-08-13T20:05:58.910-07:00,76.499,drawing,,open,15.0,2.351432,1.685312,56.88,134.38,30.52,86.94,23.70,74.66,1506,1253,771,237,WH-station1,2026-08-13T20:05:58.823-07:00
water_draw_1,2026-08-13T20:05:59.415-07:00,77.004,drawing,,open,15.0,2.366555,1.797604,56.88,134.38,30.42,86.75,23.70,74.66,1506,1252,793,237,WH-station1,2026-08-13T20:05:59.328-07:00
water_draw_1,2026-08-13T20:05:59.919-07:00,77.509,drawing,,open,15.0,2.381592,1.787396,57.08,134.75,30.42,86.75,23.70,74.66,1508,1252,791,237,WH-station1,2026-08-13T20:05:59.833-07:00
water_draw_1,2026-08-13T20:06:00.424-07:00,78.014,drawing,,open,15.0,2.396584,1.782292,56.98,134.56,30.62,87.12,23.80,74.84,1507,1254,790,238,WH-station1,2026-08-13T20:06:00.337-07:00
water_draw_1,2026-08-13T20:06:00.929-07:00,78.518,drawing,,open,15.0,2.411447,1.766979,56.98,134.56,30.52,86.94,23.70,74.66,1507,1253,787,237,WH-station1,2026-08-13T20:06:00.842-07:00
water_draw_1,2026-08-13T20:06:01.434-07:00,79.023,drawing,,open,15.0,2.426444,1.782292,56.98,134.56,30.83,87.50,23.70,74.66,1507,1256,790,237,WH-station1,2026-08-13T20:06:01.346-07:00
water_draw_1,2026-08-13T20:06:01.939-07:00,79.528,drawing,,open,15.0,2.441055,1.736354,57.08,134.75,30.52,86.94,23.80,74.84,1508,1253,781,238,WH-station1,2026-08-13T20:06:01.851-07:00
water_draw_1,2026-08-13T20:06:02.466-07:00,80.033,drawing,,open,15.0,2.456049,1.782292,57.29,135.12,30.83,87.50,23.80,74.84,1510,1256,790,238,WH-station1,2026-08-13T20:06:02.356-07:00
water_draw_1,2026-08-13T20:06:02.973-07:00,80.560,drawing,,open,15.0,2.471749,1.787396,57.19,134.94,30.52,86.94,23.70,74.66,1509,1253,791,237,WH-station1,2026-08-13T20:06:02.861-07:00
water_draw_1,2026-08-13T20:06:03.478-07:00,81.068,drawing,,open,15.0,2.486704,1.766979,57.29,135.12,30.62,87.12,23.80,74.84,1510,1254,787,238,WH-station1,2026-08-13T20:06:03.365-07:00
water_draw_1,2026-08-13T20:06:03.986-07:00,81.572,drawing,,open,15.0,2.501397,1.746563,57.40,135.31,30.31,86.56,23.90,75.02,1511,1251,783,239,WH-station1,2026-08-13T20:06:03.870-07:00
water_draw_1,2026-08-13T20:06:04.491-07:00,82.080,drawing,,open,15.0,2.516529,1.787396,57.29,135.12,30.73,87.31,23.60,74.48,1510,1255,791,236,WH-station1,2026-08-13T20:06:04.375-07:00
water_draw_1,2026-08-13T20:06:04.996-07:00,82.585,drawing,,open,15.0,2.531225,1.746563,57.19,134.94,30.83,87.50,23.80,74.84,1509,1256,783,238,WH-station1,2026-08-13T20:06:04.880-07:00
water_draw_1,2026-08-13T20:06:05.500-07:00,83.090,drawing,,open,15.0,2.546004,1.756771,57.40,135.31,30.83,87.50,23.80,74.84,1511,1256,785,238,WH-station1,2026-08-13T20:06:05.384-07:00
water_draw_1,2026-08-13T20:06:06.005-07:00,83.595,drawing,,open,15.0,2.561038,1.787396,57.50,135.50,30.73,87.31,23.80,74.84,1512,1255,791,238,WH-station1,2026-08-13T20:06:05.889-07:00
water_draw_1,2026-08-13T20:06:06.510-07:00,84.099,drawing,,open,15.0,2.575862,1.761875,57.60,135.69,30.62,87.12,23.70,74.66,1513,1254,786,237,WH-station1,2026-08-13T20:06:06.394-07:00
water_draw_1,2026-08-13T20:06:07.015-07:00,84.604,drawing,,open,15.0,2.590726,1.766979,57.60,135.69,30.94,87.69,23.60,74.48,1513,1257,787,236,WH-station1,2026-08-13T20:06:06.898-07:00
water_draw_1,2026-08-13T20:06:07.519-07:00,85.109,drawing,,open,15.0,2.605761,1.787396,57.50,135.50,30.73,87.31,23.60,74.48,1512,1255,791,236,WH-station1,2026-08-13T20:06:07.403-07:00
water_draw_1,2026-08-13T20:06:08.024-07:00,85.614,drawing,,open,15.0,2.620666,1.772083,57.81,136.06,30.62,87.12,23.80,74.84,1515,1254,788,238,WH-station1,2026-08-13T20:06:07.908-07:00
water_draw_1,2026-08-13T20:06:08.529-07:00,86.118,drawing,,open,15.0,2.635573,1.772083,57.60,135.69,31.04,87.88,23.60,74.48,1513,1258,788,236,WH-station1,2026-08-13T20:06:08.413-07:00
water_draw_1,2026-08-13T20:06:09.033-07:00,86.623,drawing,,open,15.0,2.650695,1.797604,57.71,135.88,31.04,87.88,23.70,74.66,1514,1258,793,237,WH-station1,2026-08-13T20:06:08.917-07:00
water_draw_1,2026-08-13T20:06:09.538-07:00,87.128,drawing,,open,15.0,2.665732,1.787396,57.81,136.06,30.94,87.69,23.70,74.66,1515,1257,791,237,WH-station1,2026-08-13T20:06:09.422-07:00
water_draw_1,2026-08-13T20:06:10.043-07:00,87.632,drawing,,open,15.0,2.680638,1.772083,57.71,135.88,31.15,88.06,23.80,74.84,1514,1259,788,238,WH-station1,2026-08-13T20:06:09.927-07:00
water_draw_1,2026-08-13T20:06:10.548-07:00,88.137,drawing,,open,15.0,2.695546,1.772083,57.92,136.25,30.94,87.69,23.70,74.66,1516,1257,788,237,WH-station1,2026-08-13T20:06:10.432-07:00
water_draw_1,2026-08-13T20:06:11.052-07:00,88.642,drawing,,open,15.0,2.710580,1.787396,57.50,135.50,31.15,88.06,23.70,74.66,1512,1259,791,237,WH-station1,2026-08-13T20:06:10.936-07:00
water_draw_1,2026-08-13T20:06:11.557-07:00,89.147,drawing,,open,15.0,2.725405,1.761875,57.92,136.25,31.25,88.25,23.70,74.66,1516,1260,786,237,WH-station1,2026-08-13T20:06:11.441-07:00
water_draw_1,2026-08-13T20:06:12.062-07:00,89.651,drawing,,open,15.0,2.740311,1.772083,57.81,136.06,31.04,87.88,23.70,74.66,1515,1258,788,237,WH-station1,2026-08-13T20:06:11.946-07:00
water_draw_1,2026-08-13T20:06:12.567-07:00,90.156,drawing,,open,15.0,2.755217,1.772083,57.81,136.06,30.94,87.69,23.80,74.84,1515,1257,788,238,WH-station1,2026-08-13T20:06:12.450-07:00
water_draw_1,2026-08-13T20:06:13.071-07:00,90.661,drawing,,open,15.0,2.770125,1.772083,58.02,136.44,31.15,88.06,23.60,74.48,1517,1259,788,236,WH-station1,2026-08-13T20:06:12.955-07:00
water_draw_1,2026-08-13T20:06:13.576-07:00,91.166,drawing,,open,15.0,2.785034,1.772083,58.02,136.44,31.46,88.63,23.70,74.66,1517,1262,788,237,WH-station1,2026-08-13T20:06:13.460-07:00
water_draw_1,2026-08-13T20:06:14.081-07:00,91.670,drawing,,open,15.0,2.800112,1.792500,57.92,136.25,31.15,88.06,23.60,74.48,1516,1259,792,236,WH-station1,2026-08-13T20:06:13.965-07:00
water_draw_1,2026-08-13T20:06:14.586-07:00,92.175,drawing,,open,15.0,2.814935,1.761875,58.02,136.44,31.15,88.06,23.70,74.66,1517,1259,786,237,WH-station1,2026-08-13T20:06:14.469-07:00
water_draw_1,2026-08-13T20:06:15.090-07:00,92.680,drawing,,open,15.0,2.829757,1.761875,58.12,136.62,31.15,88.06,23.80,74.84,1518,1259,786,238,WH-station1,2026-08-13T20:06:14.974-07:00
water_draw_1,2026-08-13T20:06:15.595-07:00,93.185,drawing,,open,15.0,2.844491,1.751667,58.02,136.44,31.46,88.63,23.70,74.66,1517,1262,784,237,WH-station1,2026-08-13T20:06:15.479-07:00
water_draw_1,2026-08-13T20:06:16.100-07:00,93.689,drawing,,open,15.0,2.859138,1.741458,58.02,136.44,31.35,88.44,23.70,74.66,1517,1261,782,237,WH-station1,2026-08-13T20:06:15.984-07:00
water_draw_1,2026-08-13T20:06:16.604-07:00,94.194,drawing,,open,15.0,2.874173,1.787396,58.12,136.62,31.56,88.81,23.80,74.84,1518,1263,791,238,WH-station1,2026-08-13T20:06:16.488-07:00
water_draw_1,2026-08-13T20:06:17.109-07:00,94.699,drawing,,open,15.0,2.889037,1.766979,58.12,136.62,31.67,89.00,23.60,74.48,1518,1264,787,236,WH-station1,2026-08-13T20:06:16.993-07:00
water_draw_1,2026-08-13T20:06:17.614-07:00,95.203,drawing,,open,15.0,2.904076,1.787396,58.33,137.00,31.15,88.06,23.80,74.84,1520,1259,791,238,WH-station1,2026-08-13T20:06:17.498-07:00
water_draw_1,2026-08-13T20:06:18.119-07:00,95.708,drawing,,open,15.0,2.919067,1.782292,58.23,136.81,31.35,88.44,23.70,74.66,1519,1261,790,237,WH-station1,2026-08-13T20:06:18.002-07:00
water_draw_1,2026-08-13T20:06:18.623-07:00,96.213,drawing,,open,15.0,2.934146,1.792500,58.44,137.19,31.56,88.81,23.70,74.66,1521,1263,792,237,WH-station1,2026-08-13T20:06:18.507-07:00
water_draw_1,2026-08-13T20:06:19.128-07:00,96.718,drawing,,open,15.0,2.948835,1.746563,58.23,136.81,31.88,89.38,23.70,74.66,1519,1266,783,237,WH-station1,2026-08-13T20:06:19.012-07:00
water_draw_1,2026-08-13T20:06:19.633-07:00,97.222,drawing,,open,15.0,2.963827,1.782292,58.33,137.00,31.46,88.63,23.80,74.84,1520,1262,790,238,WH-station1,2026-08-13T20:06:19.517-07:00
water_draw_1,2026-08-13T20:06:20.138-07:00,97.727,drawing,,open,15.0,2.978779,1.777188,58.23,136.81,31.67,89.00,23.70,74.66,1519,1264,789,237,WH-station1,2026-08-13T20:06:20.021-07:00
water_draw_1,2026-08-13T20:06:20.642-07:00,98.232,drawing,,open,15.0,2.993774,1.782292,58.44,137.19,31.46,88.63,23.70,74.66,1521,1262,790,237,WH-station1,2026-08-13T20:06:20.526-07:00
water_draw_1,2026-08-13T20:06:21.147-07:00,98.736,drawing,,open,15.0,3.008850,1.792500,58.44,137.19,31.46,88.63,23.60,74.48,1521,1262,792,236,WH-station1,2026-08-13T20:06:21.031-07:00
water_draw_1,2026-08-13T20:06:21.652-07:00,99.241,drawing,,open,15.0,3.023114,1.695521,58.44,137.19,31.56,88.81,23.60,74.48,1521,1263,773,236,WH-station1,2026-08-13T20:06:21.535-07:00
water_draw_1,2026-08-13T20:06:22.156-07:00,99.746,drawing,,open,15.0,3.038106,1.782292,58.44,137.19,31.67,89.00,23.70,74.66,1521,1264,790,237,WH-station1,2026-08-13T20:06:22.040-07:00
water_draw_1,2026-08-13T20:06:22.661-07:00,100.251,drawing,,open,15.0,3.053100,1.782292,58.54,137.38,31.46,88.63,23.80,74.84,1522,1262,790,238,WH-station1,2026-08-13T20:06:22.545-07:00
water_draw_1,2026-08-13T20:06:23.166-07:00,100.755,drawing,,open,15.0,3.068221,1.797604,58.65,137.56,31.67,89.00,23.80,74.84,1523,1264,793,238,WH-station1,2026-08-13T20:06:23.049-07:00
water_draw_1,2026-08-13T20:06:23.671-07:00,101.260,drawing,,open,15.0,3.083255,1.787396,58.75,137.75,31.77,89.19,23.70,74.66,1524,1265,791,237,WH-station1,2026-08-13T20:06:23.554-07:00
water_draw_1,2026-08-13T20:06:24.175-07:00,101.765,drawing,,open,15.0,3.098420,1.802708,58.44,137.19,31.67,89.00,23.70,74.66,1521,1264,794,237,WH-station1,2026-08-13T20:06:24.059-07:00
water_draw_1,2026-08-13T20:06:24.680-07:00,102.270,drawing,,open,15.0,3.111909,1.603646,58.75,137.75,31.77,89.19,23.70,74.66,1524,1265,755,237,WH-station1,2026-08-13T20:06:24.563-07:00
water_draw_1,2026-08-13T20:06:25.185-07:00,102.774,drawing,,open,15.0,3.126946,1.787396,58.75,137.75,31.56,88.81,23.70,74.66,1524,1263,791,237,WH-station1,2026-08-13T20:06:25.068-07:00
water_draw_1,2026-08-13T20:06:25.690-07:00,103.279,drawing,,open,15.0,3.142069,1.797604,58.65,137.56,32.19,89.94,23.60,74.48,1523,1269,793,236,WH-station1,2026-08-13T20:06:25.573-07:00
water_draw_1,2026-08-13T20:06:26.194-07:00,103.784,drawing,,open,15.0,3.157105,1.787396,58.65,137.56,32.08,89.75,23.70,74.66,1523,1268,791,237,WH-station1,2026-08-13T20:06:26.077-07:00
water_draw_1,2026-08-13T20:06:26.699-07:00,104.288,drawing,,open,15.0,3.172011,1.772083,58.85,137.94,31.98,89.56,23.80,74.84,1525,1267,788,238,WH-station1,2026-08-13T20:06:26.582-07:00
water_draw_1,2026-08-13T20:06:27.204-07:00,104.793,drawing,,open,15.0,3.187261,1.812917,58.75,137.75,32.19,89.94,23.80,74.84,1524,1269,796,238,WH-station1,2026-08-13T20:06:27.087-07:00
water_draw_1,2026-08-13T20:06:27.708-07:00,105.298,drawing,,open,15.0,3.202468,1.807813,58.65,137.56,32.08,89.75,23.70,74.66,1523,1268,795,237,WH-station1,2026-08-13T20:06:27.591-07:00
water_draw_1,2026-08-13T20:06:28.213-07:00,105.803,drawing,,open,15.0,3.217335,1.766979,58.65,137.56,32.19,89.94,23.70,74.66,1523,1269,787,237,WH-station1,2026-08-13T20:06:28.096-07:00
water_draw_1,2026-08-13T20:06:28.718-07:00,106.307,drawing,,open,15.0,3.232287,1.777188,58.75,137.75,32.29,90.12,23.80,74.84,1524,1270,789,238,WH-station1,2026-08-13T20:06:28.601-07:00
water_draw_1,2026-08-13T20:06:29.223-07:00,106.812,drawing,,open,15.0,3.247278,1.782292,58.96,138.12,32.29,90.12,23.80,74.84,1526,1270,790,238,WH-station1,2026-08-13T20:06:29.105-07:00
water_draw_1,2026-08-13T20:06:29.727-07:00,107.317,drawing,,open,15.0,3.262528,1.812917,58.85,137.94,32.29,90.12,23.80,74.84,1525,1270,796,238,WH-station1,2026-08-13T20:06:29.610-07:00
water_draw_1,2026-08-13T20:06:30.232-07:00,107.822,drawing,,open,15.0,3.277821,1.818021,58.85,137.94,32.19,89.94,23.80,74.84,1525,1269,797,238,WH-station1,2026-08-13T20:06:30.115-07:00
water_draw_1,2026-08-13T20:06:30.737-07:00,108.326,drawing,,open,15.0,3.292770,1.777188,58.96,138.12,32.29,90.12,23.60,74.48,1526,1270,789,236,WH-station1,2026-08-13T20:06:30.620-07:00
water_draw_1,2026-08-13T20:06:31.242-07:00,108.831,drawing,,open,15.0,3.307763,1.782292,58.96,138.12,32.50,90.50,23.70,74.66,1526,1272,790,237,WH-station1,2026-08-13T20:06:31.124-07:00
water_draw_1,2026-08-13T20:06:31.746-07:00,109.336,drawing,,open,15.0,3.322800,1.787396,59.06,138.31,32.60,90.69,23.70,74.66,1527,1273,791,237,WH-station1,2026-08-13T20:06:31.629-07:00
water_draw_1,2026-08-13T20:06:32.251-07:00,109.840,drawing,,open,15.0,3.337792,1.782292,58.85,137.94,32.50,90.50,23.70,74.66,1525,1272,790,237,WH-station1,2026-08-13T20:06:32.133-07:00
water_draw_1,2026-08-13T20:06:32.756-07:00,110.345,drawing,,open,15.0,3.352699,1.772083,58.96,138.12,32.50,90.50,23.60,74.48,1526,1272,788,236,WH-station1,2026-08-13T20:06:32.638-07:00
water_draw_1,2026-08-13T20:06:33.260-07:00,110.850,drawing,,open,15.0,3.367348,1.741458,58.85,137.94,32.60,90.69,23.80,74.84,1525,1273,782,238,WH-station1,2026-08-13T20:06:33.143-07:00
water_draw_1,2026-08-13T20:06:33.765-07:00,111.355,drawing,,open,15.0,3.382341,1.782292,59.06,138.31,32.40,90.31,23.70,74.66,1527,1271,790,237,WH-station1,2026-08-13T20:06:33.648-07:00
water_draw_1,2026-08-13T20:06:34.270-07:00,111.859,drawing,,open,15.0,3.397294,1.777188,59.17,138.50,32.50,90.50,23.70,74.66,1528,1272,789,237,WH-station1,2026-08-13T20:06:34.152-07:00
water_draw_1,2026-08-13T20:06:34.775-07:00,112.364,drawing,,open,15.0,3.412331,1.787396,59.38,138.88,32.81,91.06,23.80,74.84,1530,1275,791,238,WH-station1,2026-08-13T20:06:34.657-07:00
water_draw_1,2026-08-13T20:06:35.280-07:00,112.869,drawing,,open,15.0,3.427240,1.772083,59.17,138.50,32.71,90.88,23.70,74.66,1528,1274,788,237,WH-station1,2026-08-13T20:06:35.162-07:00
water_draw_1,2026-08-13T20:06:35.784-07:00,113.374,drawing,,open,15.0,3.442233,1.782292,59.17,138.50,32.29,90.12,23.80,74.84,1528,1270,790,238,WH-station1,2026-08-13T20:06:35.667-07:00
water_draw_1,2026-08-13T20:06:36.289-07:00,113.878,drawing,,open,15.0,3.457180,1.777188,59.27,138.69,32.81,91.06,23.70,74.66,1529,1275,789,237,WH-station1,2026-08-13T20:06:36.171-07:00
water_draw_1,2026-08-13T20:06:36.794-07:00,114.383,drawing,,open,15.0,3.472089,1.772083,58.96,138.12,32.92,91.25,23.70,74.66,1526,1276,788,237,WH-station1,2026-08-13T20:06:36.676-07:00
water_draw_1,2026-08-13T20:06:37.298-07:00,114.888,drawing,,open,15.0,3.487079,1.782292,59.27,138.69,32.71,90.88,23.60,74.48,1529,1274,790,236,WH-station1,2026-08-13T20:06:37.181-07:00
water_draw_1,2026-08-13T20:06:37.803-07:00,115.393,drawing,,open,15.0,3.502156,1.792500,59.17,138.50,32.92,91.25,23.80,74.84,1528,1276,792,238,WH-station1,2026-08-13T20:06:37.685-07:00
water_draw_1,2026-08-13T20:06:38.308-07:00,115.897,drawing,,open,15.0,3.517234,1.792500,59.27,138.69,32.81,91.06,23.70,74.66,1529,1275,792,237,WH-station1,2026-08-13T20:06:38.189-07:00
water_draw_1,2026-08-13T20:06:38.812-07:00,116.402,drawing,,open,15.0,3.532228,1.782292,59.27,138.69,32.81,91.06,23.70,74.66,1529,1275,790,237,WH-station1,2026-08-13T20:06:38.694-07:00
water_draw_1,2026-08-13T20:06:39.317-07:00,116.907,drawing,,open,15.0,3.547307,1.792500,59.38,138.88,32.71,90.88,23.80,74.84,1530,1274,792,238,WH-station1,2026-08-13T20:06:39.199-07:00
water_draw_1,2026-08-13T20:06:39.822-07:00,117.412,drawing,,open,15.0,3.562216,1.772083,59.27,138.69,32.50,90.50,23.70,74.66,1529,1272,788,237,WH-station1,2026-08-13T20:06:39.704-07:00
water_draw_1,2026-08-13T20:06:40.327-07:00,117.916,drawing,,open,15.0,3.576436,1.690417,59.48,139.06,32.92,91.25,23.70,74.66,1531,1276,772,237,WH-station1,2026-08-13T20:06:40.208-07:00
water_draw_1,2026-08-13T20:06:40.831-07:00,118.421,drawing,,open,15.0,3.591427,1.782292,59.17,138.50,33.02,91.44,23.70,74.66,1528,1277,790,237,WH-station1,2026-08-13T20:06:40.713-07:00
water_draw_1,2026-08-13T20:06:41.336-07:00,118.926,drawing,,open,15.0,3.606591,1.802708,59.38,138.88,33.02,91.44,23.80,74.84,1530,1277,794,238,WH-station1,2026-08-13T20:06:41.218-07:00
water_draw_1,2026-08-13T20:06:41.841-07:00,119.430,drawing,,open,15.0,3.621582,1.782292,59.27,138.69,32.92,91.25,23.70,74.66,1529,1276,790,237,WH-station1,2026-08-13T20:06:41.722-07:00
water_draw_1,2026-08-13T20:06:42.344-07:00,119.935,drawing,,open,15.0,3.636362,1.756771,59.38,138.88,32.92,91.25,23.70,74.66,1530,1276,785,237,WH-station1,2026-08-13T20:06:42.227-07:00
water_draw_1,2026-08-13T20:06:42.849-07:00,120.438,drawing,,open,15.0,3.651441,1.797604,59.58,139.25,32.92,91.25,23.80,74.84,1532,1276,793,238,WH-station1,2026-08-13T20:06:42.732-07:00
water_draw_1,2026-08-13T20:06:43.354-07:00,120.943,drawing,,open,15.0,3.666307,1.766979,59.17,138.50,32.81,91.06,23.70,74.66,1528,1275,787,237,WH-station1,2026-08-13T20:06:43.237-07:00
water_draw_1,2026-08-13T20:06:43.858-07:00,121.448,drawing,,open,15.0,3.681303,1.782292,59.17,138.50,33.02,91.44,23.80,74.84,1528,1277,790,238,WH-station1,2026-08-13T20:06:43.741-07:00
water_draw_1,2026-08-13T20:06:44.363-07:00,121.953,drawing,,open,15.0,3.696123,1.761875,59.48,139.06,33.23,91.81,23.80,74.84,1531,1279,786,238,WH-station1,2026-08-13T20:06:44.246-07:00
water_draw_1,2026-08-13T20:06:44.868-07:00,122.457,drawing,,open,15.0,3.711245,1.797604,59.38,138.88,33.33,92.00,23.80,74.84,1530,1280,793,238,WH-station1,2026-08-13T20:06:44.751-07:00
water_draw_1,2026-08-13T20:06:45.373-07:00,122.962,drawing,,open,15.0,3.726066,1.761875,59.48,139.06,32.92,91.25,23.80,74.84,1531,1276,786,238,WH-station1,2026-08-13T20:06:45.256-07:00
water_draw_1,2026-08-13T20:06:45.877-07:00,123.467,drawing,,open,15.0,3.741189,1.797604,59.38,138.88,33.12,91.62,23.80,74.84,1530,1278,793,238,WH-station1,2026-08-13T20:06:45.760-07:00
water_draw_1,2026-08-13T20:06:46.382-07:00,123.972,drawing,,open,15.0,3.756099,1.772083,59.38,138.88,33.12,91.62,23.70,74.66,1530,1278,788,237,WH-station1,2026-08-13T20:06:46.265-07:00
water_draw_1,2026-08-13T20:06:46.887-07:00,124.477,drawing,,open,15.0,3.770663,1.731250,59.38,138.88,33.23,91.81,23.80,74.84,1530,1279,780,238,WH-station1,2026-08-13T20:06:46.770-07:00
water_draw_1,2026-08-13T20:06:47.392-07:00,124.981,drawing,,open,15.0,3.785826,1.802708,59.27,138.69,33.02,91.44,23.80,74.84,1529,1277,794,238,WH-station1,2026-08-13T20:06:47.274-07:00
water_draw_1,2026-08-13T20:06:47.896-07:00,125.486,drawing,,open,15.0,3.801119,1.818021,59.38,138.88,33.33,92.00,23.70,74.66,1530,1280,797,237,WH-station1,2026-08-13T20:06:47.779-07:00
water_draw_1,2026-08-13T20:06:48.401-07:00,125.991,drawing,,open,15.0,3.816325,1.807813,59.48,139.06,33.33,92.00,23.70,74.66,1531,1280,795,237,WH-station1,2026-08-13T20:06:48.284-07:00
water_draw_1,2026-08-13T20:06:48.906-07:00,126.495,drawing,,open,15.0,3.831321,1.782292,59.58,139.25,33.23,91.81,23.80,74.84,1532,1279,790,238,WH-station1,2026-08-13T20:06:48.788-07:00
water_draw_1,2026-08-13T20:06:49.411-07:00,127.000,drawing,,open,15.0,3.846660,1.823125,59.58,139.25,33.12,91.62,23.70,74.66,1532,1278,798,237,WH-station1,2026-08-13T20:06:49.293-07:00
water_draw_1,2026-08-13T20:06:49.916-07:00,127.505,drawing,,open,15.0,3.861871,1.807813,59.58,139.25,33.33,92.00,23.70,74.66,1532,1280,795,237,WH-station1,2026-08-13T20:06:49.798-07:00
water_draw_1,2026-08-13T20:06:50.420-07:00,128.010,drawing,,open,15.0,3.876993,1.797604,59.48,139.06,33.44,92.19,23.70,74.66,1531,1281,793,237,WH-station1,2026-08-13T20:06:50.303-07:00
water_draw_1,2026-08-13T20:06:50.925-07:00,128.515,drawing,,open,15.0,3.891901,1.772083,59.69,139.44,33.23,91.81,23.80,74.84,1533,1279,788,238,WH-station1,2026-08-13T20:06:50.808-07:00
water_draw_1,2026-08-13T20:06:51.430-07:00,129.019,drawing,,open,15.0,3.906939,1.787396,59.38,138.88,33.33,92.00,23.70,74.66,1530,1280,791,237,WH-station1,2026-08-13T20:06:51.312-07:00
water_draw_1,2026-08-13T20:06:51.935-07:00,129.524,drawing,,open,15.0,3.922060,1.797604,59.58,139.25,33.65,92.56,23.90,75.02,1532,1283,793,239,WH-station1,2026-08-13T20:06:51.817-07:00
water_draw_1,2026-08-13T20:06:52.439-07:00,130.029,drawing,,open,15.0,3.937140,1.792500,59.38,138.88,33.44,92.19,23.90,75.02,1530,1281,792,239,WH-station1,2026-08-13T20:06:52.322-07:00
water_draw_1,2026-08-13T20:06:52.944-07:00,130.534,drawing,,open,15.0,3.952178,1.787396,59.58,139.25,33.44,92.19,23.70,74.66,1532,1281,791,237,WH-station1,2026-08-13T20:06:52.826-07:00
water_draw_1,2026-08-13T20:06:53.449-07:00,131.038,drawing,,open,15.0,3.967215,1.787396,59.58,139.25,33.12,91.62,23.70,74.66,1532,1278,791,237,WH-station1,2026-08-13T20:06:53.331-07:00
water_draw_1,2026-08-13T20:06:53.954-07:00,131.543,drawing,,open,15.0,3.982510,1.818021,59.69,139.44,33.44,92.19,23.70,74.66,1533,1281,797,237,WH-station1,2026-08-13T20:06:53.836-07:00
water_draw_1,2026-08-13T20:06:54.458-07:00,132.048,drawing,,open,15.0,3.997590,1.792500,59.58,139.25,33.33,92.00,23.80,74.84,1532,1280,792,238,WH-station1,2026-08-13T20:06:54.341-07:00
water_draw_1,2026-08-13T20:06:54.963-07:00,132.553,drawing,,open,15.0,4.012585,1.782292,59.79,139.62,33.54,92.38,23.80,74.84,1534,1282,790,238,WH-station1,2026-08-13T20:06:54.845-07:00
water_draw_1,2026-08-13T20:06:55.468-07:00,133.058,drawing,,open,15.0,4.027536,1.777188,59.69,139.44,33.44,92.19,23.70,74.66,1533,1281,789,237,WH-station1,2026-08-13T20:06:55.350-07:00
water_draw_1,2026-08-13T20:06:55.973-07:00,133.562,drawing,,open,15.0,4.042528,1.782292,59.58,139.25,33.33,92.00,23.70,74.66,1532,1280,790,237,WH-station1,2026-08-13T20:06:55.855-07:00
water_draw_1,2026-08-13T20:06:56.478-07:00,134.067,drawing,,open,15.0,4.056237,1.629167,59.58,139.25,33.54,92.38,23.70,74.66,1532,1282,760,237,WH-station1,2026-08-13T20:06:56.360-07:00
water_draw_1,2026-08-13T20:06:56.982-07:00,134.572,drawing,,open,15.0,4.071446,1.807813,59.79,139.62,33.12,91.62,23.80,74.84,1534,1278,795,238,WH-station1,2026-08-13T20:06:56.864-07:00
water_draw_1,2026-08-13T20:06:57.487-07:00,135.077,drawing,,open,15.0,4.086313,1.766979,59.79,139.62,33.44,92.19,23.70,74.66,1534,1281,787,237,WH-station1,2026-08-13T20:06:57.369-07:00
water_draw_1,2026-08-13T20:06:57.992-07:00,135.581,drawing,,open,15.0,4.101307,1.782292,59.79,139.62,33.65,92.56,23.70,74.66,1534,1283,790,237,WH-station1,2026-08-13T20:06:57.874-07:00
water_draw_1,2026-08-13T20:06:58.497-07:00,136.086,drawing,,open,15.0,4.116473,1.802708,59.69,139.44,33.54,92.38,23.70,74.66,1533,1282,794,237,WH-station1,2026-08-13T20:06:58.378-07:00
water_draw_1,2026-08-13T20:06:59.002-07:00,136.591,drawing,,open,15.0,4.131513,1.787396,59.69,139.44,33.65,92.56,23.80,74.84,1533,1283,791,238,WH-station1,2026-08-13T20:06:58.883-07:00
water_draw_1,2026-08-13T20:06:59.506-07:00,137.096,drawing,,open,15.0,4.146765,1.812917,59.48,139.06,33.33,92.00,23.70,74.66,1531,1280,796,237,WH-station1,2026-08-13T20:06:59.388-07:00
water_draw_1,2026-08-13T20:07:00.011-07:00,137.601,drawing,,open,15.0,4.161846,1.792500,59.58,139.25,33.85,92.94,23.80,74.84,1532,1285,792,238,WH-station1,2026-08-13T20:06:59.893-07:00
water_draw_1,2026-08-13T20:07:00.516-07:00,138.105,drawing,,open,15.0,4.177097,1.812917,59.90,139.81,33.33,92.00,23.70,74.66,1535,1280,796,237,WH-station1,2026-08-13T20:07:00.397-07:00
water_draw_1,2026-08-13T20:07:01.021-07:00,138.610,drawing,,open,15.0,4.192089,1.782292,59.69,139.44,33.75,92.75,23.70,74.66,1533,1284,790,237,WH-station1,2026-08-13T20:07:00.902-07:00
water_draw_1,2026-08-13T20:07:01.526-07:00,139.115,drawing,,open,15.0,4.207436,1.823125,59.90,139.81,33.75,92.75,23.80,74.84,1535,1284,798,238,WH-station1,2026-08-13T20:07:01.407-07:00
water_draw_1,2026-08-13T20:07:02.030-07:00,139.620,drawing,,open,15.0,4.222559,1.797604,59.58,139.25,33.44,92.19,23.70,74.66,1532,1281,793,237,WH-station1,2026-08-13T20:07:01.912-07:00
water_draw_1,2026-08-13T20:07:02.535-07:00,140.125,drawing,,open,15.0,4.237897,1.823125,59.69,139.44,33.44,92.19,23.80,74.84,1533,1281,798,238,WH-station1,2026-08-13T20:07:02.416-07:00
water_draw_1,2026-08-13T20:07:03.040-07:00,140.630,drawing,,open,15.0,4.252891,1.782292,60.00,140.00,33.54,92.38,23.70,74.66,1536,1282,790,237,WH-station1,2026-08-13T20:07:02.921-07:00
water_draw_1,2026-08-13T20:07:03.545-07:00,141.134,drawing,,open,15.0,4.267755,1.766979,59.79,139.62,33.65,92.56,23.70,74.66,1534,1283,787,237,WH-station1,2026-08-13T20:07:03.426-07:00
water_draw_1,2026-08-13T20:07:04.050-07:00,141.639,drawing,,open,15.0,4.282878,1.797604,60.00,140.00,33.75,92.75,23.90,75.02,1536,1284,793,239,WH-station1,2026-08-13T20:07:03.930-07:00
water_draw_1,2026-08-13T20:07:04.554-07:00,142.144,drawing,,open,15.0,4.298130,1.812917,59.90,139.81,33.54,92.38,23.70,74.66,1535,1282,796,237,WH-station1,2026-08-13T20:07:04.435-07:00
water_draw_1,2026-08-13T20:07:05.059-07:00,142.649,drawing,,open,15.0,4.313125,1.782292,60.00,140.00,33.75,92.75,23.70,74.66,1536,1284,790,237,WH-station1,2026-08-13T20:07:04.940-07:00
water_draw_1,2026-08-13T20:07:05.564-07:00,143.153,drawing,,open,15.0,4.328206,1.792500,59.90,139.81,33.75,92.75,23.70,74.66,1535,1284,792,237,WH-station1,2026-08-13T20:07:05.445-07:00
water_draw_1,2026-08-13T20:07:06.069-07:00,143.658,drawing,,open,15.0,4.343156,1.777188,59.90,139.81,33.65,92.56,23.80,74.84,1535,1283,789,238,WH-station1,2026-08-13T20:07:05.949-07:00
water_draw_1,2026-08-13T20:07:06.573-07:00,144.163,drawing,,open,15.0,4.358366,1.807813,59.79,139.62,33.44,92.19,23.70,74.66,1534,1281,795,237,WH-station1,2026-08-13T20:07:06.454-07:00
water_draw_1,2026-08-13T20:07:07.078-07:00,144.668,drawing,,open,15.0,4.372588,1.690417,60.00,140.00,33.75,92.75,23.80,74.84,1536,1284,772,238,WH-station1,2026-08-13T20:07:06.959-07:00
water_draw_1,2026-08-13T20:07:07.583-07:00,145.172,drawing,,open,15.0,4.387194,1.736354,59.90,139.81,33.44,92.19,23.90,75.02,1535,1281,781,239,WH-station1,2026-08-13T20:07:07.463-07:00
water_draw_1,2026-08-13T20:07:08.088-07:00,145.677,drawing,,open,15.0,4.402314,1.797604,59.79,139.62,33.85,92.94,23.80,74.84,1534,1285,793,238,WH-station1,2026-08-13T20:07:07.968-07:00
water_draw_1,2026-08-13T20:07:08.592-07:00,146.182,drawing,,open,15.0,4.417396,1.792500,59.90,139.81,33.65,92.56,23.80,74.84,1535,1283,792,238,WH-station1,2026-08-13T20:07:08.473-07:00
water_draw_1,2026-08-13T20:07:09.097-07:00,146.687,drawing,,open,15.0,4.432432,1.787396,59.79,139.62,33.75,92.75,23.70,74.66,1534,1284,791,237,WH-station1,2026-08-13T20:07:08.977-07:00
water_draw_1,2026-08-13T20:07:09.602-07:00,147.192,drawing,,open,15.0,4.447557,1.797604,59.90,139.81,33.85,92.94,23.80,74.84,1535,1285,793,238,WH-station1,2026-08-13T20:07:09.482-07:00
water_draw_1,2026-08-13T20:07:10.107-07:00,147.696,drawing,,open,15.0,4.462764,1.807813,59.79,139.62,33.85,92.94,23.70,74.66,1534,1285,795,237,WH-station1,2026-08-13T20:07:09.987-07:00
water_draw_1,2026-08-13T20:07:10.611-07:00,148.201,drawing,,open,15.0,4.478144,1.828229,60.00,140.00,33.85,92.94,23.70,74.66,1536,1285,799,237,WH-station1,2026-08-13T20:07:10.492-07:00
water_draw_1,2026-08-13T20:07:11.116-07:00,148.706,drawing,,open,15.0,4.493392,1.812917,60.00,140.00,33.96,93.13,23.70,74.66,1536,1286,796,237,WH-station1,2026-08-13T20:07:10.996-07:00
water_draw_1,2026-08-13T20:07:11.621-07:00,149.210,drawing,,open,15.0,4.508300,1.772083,59.90,139.81,33.75,92.75,23.70,74.66,1535,1284,788,237,WH-station1,2026-08-13T20:07:11.501-07:00
water_draw_1,2026-08-13T20:07:12.126-07:00,149.715,drawing,,open,15.0,4.523507,1.807813,60.10,140.19,33.85,92.94,23.80,74.84,1537,1285,795,238,WH-station1,2026-08-13T20:07:12.006-07:00
water_draw_1,2026-08-13T20:07:12.631-07:00,150.220,drawing,,open,15.0,4.538506,1.782292,60.10,140.19,33.75,92.75,23.70,74.66,1537,1284,790,237,WH-station1,2026-08-13T20:07:12.510-07:00
water_draw_1,2026-08-13T20:07:13.135-07:00,150.725,drawing,,open,15.0,4.553326,1.761875,60.00,140.00,33.85,92.94,23.80,74.84,1536,1285,786,238,WH-station1,2026-08-13T20:07:13.015-07:00
water_draw_1,2026-08-13T20:07:13.640-07:00,151.229,drawing,,open,15.0,4.568363,1.787396,59.79,139.62,33.54,92.38,23.80,74.84,1534,1282,791,238,WH-station1,2026-08-13T20:07:13.520-07:00
water_draw_1,2026-08-13T20:07:14.145-07:00,151.734,drawing,,open,15.0,4.583312,1.777188,59.90,139.81,33.75,92.75,23.90,75.02,1535,1284,789,239,WH-station1,2026-08-13T20:07:14.024-07:00
water_draw_1,2026-08-13T20:07:14.650-07:00,152.239,drawing,,open,15.0,4.598223,1.772083,60.00,140.00,33.85,92.94,23.70,74.66,1536,1285,788,237,WH-station1,2026-08-13T20:07:14.529-07:00
water_draw_1,2026-08-13T20:07:15.154-07:00,152.744,drawing,,open,15.0,4.613304,1.792500,59.79,139.62,33.65,92.56,23.70,74.66,1534,1283,792,237,WH-station1,2026-08-13T20:07:15.034-07:00
water_draw_1,2026-08-13T20:07:15.659-07:00,153.249,drawing,,open,15.0,4.628340,1.787396,60.00,140.00,33.96,93.13,23.80,74.84,1536,1286,791,238,WH-station1,2026-08-13T20:07:15.539-07:00
water_draw_1,2026-08-13T20:07:16.164-07:00,153.753,drawing,,open,15.0,4.643505,1.802708,59.79,139.62,33.96,93.13,23.80,74.84,1534,1286,794,238,WH-station1,2026-08-13T20:07:16.043-07:00
water_draw_1,2026-08-13T20:07:16.669-07:00,154.258,drawing,,open,15.0,4.658627,1.797604,60.00,140.00,33.85,92.94,23.70,74.66,1536,1285,793,237,WH-station1,2026-08-13T20:07:16.548-07:00
water_draw_1,2026-08-13T20:07:17.173-07:00,154.763,drawing,,open,15.0,4.673665,1.787396,60.10,140.19,34.06,93.31,23.80,74.84,1537,1287,791,238,WH-station1,2026-08-13T20:07:17.053-07:00
water_draw_1,2026-08-13T20:07:17.678-07:00,155.268,drawing,,open,15.0,4.688917,1.812917,60.10,140.19,33.75,92.75,23.70,74.66,1537,1284,796,237,WH-station1,2026-08-13T20:07:17.557-07:00
water_draw_1,2026-08-13T20:07:18.183-07:00,155.772,drawing,,open,15.0,4.704296,1.828229,60.00,140.00,33.85,92.94,23.80,74.84,1536,1285,799,238,WH-station1,2026-08-13T20:07:18.062-07:00
water_draw_1,2026-08-13T20:07:18.688-07:00,156.277,drawing,,open,15.0,4.719631,1.823125,60.00,140.00,33.96,93.13,23.70,74.66,1536,1286,798,237,WH-station1,2026-08-13T20:07:18.566-07:00
water_draw_1,2026-08-13T20:07:19.192-07:00,156.782,drawing,,open,15.0,4.734667,1.787396,60.00,140.00,33.75,92.75,23.80,74.84,1536,1284,791,238,WH-station1,2026-08-13T20:07:19.071-07:00
water_draw_1,2026-08-13T20:07:19.697-07:00,157.287,drawing,,open,15.0,4.749790,1.797604,60.10,140.19,33.96,93.13,23.80,74.84,1537,1286,793,238,WH-station1,2026-08-13T20:07:19.576-07:00
water_draw_1,2026-08-13T20:07:20.202-07:00,157.791,drawing,,open,15.0,4.764699,1.772083,60.00,140.00,33.75,92.75,23.80,74.84,1536,1284,788,238,WH-station1,2026-08-13T20:07:20.081-07:00
water_draw_1,2026-08-13T20:07:20.707-07:00,158.296,drawing,,open,15.0,4.779863,1.802708,60.10,140.19,33.96,93.13,23.80,74.84,1537,1286,794,238,WH-station1,2026-08-13T20:07:20.586-07:00
water_draw_1,2026-08-13T20:07:21.211-07:00,158.801,drawing,,open,15.0,4.794855,1.782292,60.21,140.38,33.85,92.94,23.80,74.84,1538,1285,790,238,WH-station1,2026-08-13T20:07:21.090-07:00
water_draw_1,2026-08-13T20:07:21.716-07:00,159.306,drawing,,open,15.0,4.809935,1.792500,60.21,140.38,33.65,92.56,23.80,74.84,1538,1283,792,238,WH-station1,2026-08-13T20:07:21.595-07:00
water_draw_1,2026-08-13T20:07:22.221-07:00,159.810,drawing,,open,15.0,4.825057,1.797604,60.00,140.00,34.06,93.31,23.80,74.84,1536,1287,793,238,WH-station1,2026-08-13T20:07:22.099-07:00
water_draw_1,2026-08-13T20:07:22.726-07:00,160.315,drawing,,open,15.0,4.840141,1.792500,60.10,140.19,33.96,93.13,23.70,74.66,1537,1286,792,237,WH-station1,2026-08-13T20:07:22.604-07:00
water_draw_1,2026-08-13T20:07:23.230-07:00,160.820,drawing,,open,15.0,4.855133,1.782292,60.10,140.19,33.75,92.75,23.80,74.84,1537,1284,790,238,WH-station1,2026-08-13T20:07:23.109-07:00
water_draw_1,2026-08-13T20:07:23.735-07:00,161.325,drawing,,open,15.0,4.870255,1.797604,60.10,140.19,33.96,93.13,23.70,74.66,1537,1286,793,237,WH-station1,2026-08-13T20:07:23.614-07:00
water_draw_1,2026-08-13T20:07:24.240-07:00,161.829,drawing,,open,15.0,4.885462,1.807813,60.00,140.00,33.75,92.75,23.70,74.66,1536,1284,795,237,WH-station1,2026-08-13T20:07:24.118-07:00
water_draw_1,2026-08-13T20:07:24.745-07:00,162.334,drawing,,open,15.0,4.900671,1.807813,60.31,140.56,33.85,92.94,23.70,74.66,1539,1285,795,237,WH-station1,2026-08-13T20:07:24.623-07:00
water_draw_1,2026-08-13T20:07:25.249-07:00,162.839,drawing,,open,15.0,4.915752,1.792500,60.00,140.00,34.06,93.31,23.80,74.84,1536,1287,792,238,WH-station1,2026-08-13T20:07:25.128-07:00
water_draw_1,2026-08-13T20:07:25.754-07:00,163.344,drawing,,open,15.0,4.930747,1.782292,59.90,139.81,33.85,92.94,23.70,74.66,1535,1285,790,237,WH-station1,2026-08-13T20:07:25.632-07:00
water_draw_1,2026-08-13T20:07:26.259-07:00,163.848,drawing,,open,15.0,4.945996,1.812917,60.00,140.00,33.75,92.75,23.70,74.66,1536,1284,796,237,WH-station1,2026-08-13T20:07:26.137-07:00
water_draw_1,2026-08-13T20:07:26.764-07:00,164.353,drawing,,open,15.0,4.961203,1.807813,60.21,140.38,33.85,92.94,23.70,74.66,1538,1285,795,237,WH-station1,2026-08-13T20:07:26.642-07:00
water_draw_1,2026-08-13T20:07:27.268-07:00,164.858,drawing,,open,15.0,4.976109,1.772083,60.21,140.38,33.44,92.19,23.80,74.84,1538,1281,788,238,WH-station1,2026-08-13T20:07:27.147-07:00
water_draw_1,2026-08-13T20:07:27.773-07:00,165.363,drawing,,open,15.0,4.991232,1.797604,60.21,140.38,33.75,92.75,23.80,74.84,1538,1284,793,238,WH-station1,2026-08-13T20:07:27.651-07:00
water_draw_1,2026-08-13T20:07:28.278-07:00,165.867,drawing,,open,15.0,5.006270,1.787396,60.10,140.19,33.85,92.94,23.80,74.84,1537,1285,791,238,WH-station1,2026-08-13T20:07:28.156-07:00
water_draw_1,2026-08-13T20:07:28.783-07:00,166.372,drawing,,open,15.0,5.021824,1.848646,60.21,140.38,33.75,92.75,23.70,74.66,1538,1284,803,237,WH-station1,2026-08-13T20:07:28.661-07:00
water_draw_1,2026-08-13T20:07:29.287-07:00,166.877,drawing,,open,15.0,5.036604,1.756771,60.21,140.38,33.85,92.94,23.70,74.66,1538,1285,785,237,WH-station1,2026-08-13T20:07:29.165-07:00
water_draw_1,2026-08-13T20:07:29.792-07:00,167.382,drawing,,open,15.0,5.051640,1.787396,60.10,140.19,33.85,92.94,23.70,74.66,1537,1285,791,237,WH-station1,2026-08-13T20:07:29.670-07:00
water_draw_1,2026-08-13T20:07:30.297-07:00,167.887,drawing,,open,15.0,5.066893,1.812917,60.21,140.38,33.85,92.94,23.70,74.66,1538,1285,796,237,WH-station1,2026-08-13T20:07:30.175-07:00
water_draw_1,2026-08-13T20:07:30.802-07:00,168.391,drawing,,open,15.0,5.082063,1.802708,60.31,140.56,33.65,92.56,23.80,74.84,1539,1283,794,238,WH-station1,2026-08-13T20:07:30.679-07:00
water_draw_1,2026-08-13T20:07:31.307-07:00,168.896,drawing,,open,15.0,5.097227,1.802708,60.31,140.56,33.75,92.75,23.80,74.84,1539,1284,794,238,WH-station1,2026-08-13T20:07:31.184-07:00
water_draw_1,2026-08-13T20:07:31.811-07:00,169.401,drawing,,open,15.0,5.112349,1.797604,60.31,140.56,34.27,93.69,23.70,74.66,1539,1289,793,237,WH-station1,2026-08-13T20:07:31.689-07:00
water_draw_1,2026-08-13T20:07:32.316-07:00,169.906,drawing,,open,15.0,5.127470,1.797604,60.10,140.19,33.85,92.94,23.80,74.84,1537,1285,793,238,WH-station1,2026-08-13T20:07:32.193-07:00
water_draw_1,2026-08-13T20:07:32.821-07:00,170.410,drawing,,open,15.0,5.142420,1.777188,60.21,140.38,34.17,93.50,23.70,74.66,1538,1288,789,237,WH-station1,2026-08-13T20:07:32.698-07:00
water_draw_1,2026-08-13T20:07:33.326-07:00,170.915,drawing,,open,15.0,5.155270,1.527083,60.31,140.56,33.85,92.94,23.80,74.84,1539,1285,740,238,WH-station1,2026-08-13T20:07:33.203-07:00
water_draw_1,2026-08-13T20:07:33.830-07:00,171.420,drawing,,open,15.0,5.169834,1.731250,60.31,140.56,33.85,92.94,23.70,74.66,1539,1285,780,237,WH-station1,2026-08-13T20:07:33.707-07:00
water_draw_1,2026-08-13T20:07:34.335-07:00,171.925,drawing,,open,15.0,5.183152,1.583229,59.79,139.62,33.85,92.94,23.70,74.66,1534,1285,751,237,WH-station1,2026-08-13T20:07:34.212-07:00
water_draw_1,2026-08-13T20:07:34.840-07:00,172.429,drawing,,open,15.0,5.198403,1.812917,60.10,140.19,34.17,93.50,23.70,74.66,1537,1288,796,237,WH-station1,2026-08-13T20:07:34.717-07:00
water_draw_1,2026-08-13T20:07:35.345-07:00,172.934,drawing,,open,15.0,5.213440,1.787396,60.21,140.38,34.06,93.31,23.80,74.84,1538,1287,791,238,WH-station1,2026-08-13T20:07:35.222-07:00
water_draw_1,2026-08-13T20:07:35.850-07:00,173.439,drawing,,open,15.0,5.228652,1.807813,60.31,140.56,33.96,93.13,23.80,74.84,1539,1286,795,238,WH-station1,2026-08-13T20:07:35.726-07:00
water_draw_1,2026-08-13T20:07:36.354-07:00,173.944,drawing,,open,15.0,5.243388,1.751667,60.00,140.00,34.17,93.50,23.70,74.66,1536,1288,784,237,WH-station1,2026-08-13T20:07:36.231-07:00
water_draw_1,2026-08-13T20:07:36.859-07:00,174.448,drawing,,open,15.0,5.258423,1.787396,60.21,140.38,33.75,92.75,23.80,74.84,1538,1284,791,238,WH-station1,2026-08-13T20:07:36.736-07:00
water_draw_1,2026-08-13T20:07:37.364-07:00,174.953,drawing,,open,15.0,5.273715,1.818021,60.21,140.38,33.85,92.94,23.80,74.84,1538,1285,797,238,WH-station1,2026-08-13T20:07:37.240-07:00
water_draw_1,2026-08-13T20:07:37.868-07:00,175.458,drawing,,open,15.0,5.288537,1.761875,60.00,140.00,33.85,92.94,23.70,74.66,1536,1285,786,237,WH-station1,2026-08-13T20:07:37.744-07:00
water_draw_1,2026-08-13T20:07:38.373-07:00,175.963,drawing,,open,15.0,5.303445,1.772083,60.00,140.00,34.17,93.50,23.80,74.84,1536,1288,788,238,WH-station1,2026-08-13T20:07:38.249-07:00
water_draw_1,2026-08-13T20:07:38.878-07:00,176.468,drawing,,open,15.0,5.318657,1.807813,60.21,140.38,34.06,93.31,23.70,74.66,1538,1287,795,237,WH-station1,2026-08-13T20:07:38.753-07:00
water_draw_1,2026-08-13T20:07:39.383-07:00,176.972,drawing,,open,15.0,5.333908,1.812917,60.42,140.75,33.85,92.94,23.70,74.66,1540,1285,796,237,WH-station1,2026-08-13T20:07:39.258-07:00
water_draw_1,2026-08-13T20:07:39.888-07:00,177.477,drawing,,open,15.0,5.349031,1.797604,60.42,140.75,34.06,93.31,23.70,74.66,1540,1287,793,237,WH-station1,2026-08-13T20:07:39.763-07:00
water_draw_1,2026-08-13T20:07:40.392-07:00,177.982,drawing,,open,15.0,5.364238,1.807813,60.10,140.19,33.75,92.75,23.80,74.84,1537,1284,795,238,WH-station1,2026-08-13T20:07:40.268-07:00
water_draw_1,2026-08-13T20:07:40.897-07:00,178.487,drawing,,open,15.0,5.379404,1.802708,60.21,140.38,33.85,92.94,23.80,74.84,1538,1285,794,238,WH-station1,2026-08-13T20:07:40.772-07:00
water_draw_1,2026-08-13T20:07:41.402-07:00,178.991,drawing,,open,15.0,5.394398,1.782292,60.21,140.38,33.54,92.38,23.70,74.66,1538,1282,790,237,WH-station1,2026-08-13T20:07:41.277-07:00
water_draw_1,2026-08-13T20:07:41.907-07:00,179.496,drawing,,open,15.0,5.409523,1.797604,60.21,140.38,34.27,93.69,23.80,74.84,1538,1289,793,238,WH-station1,2026-08-13T20:07:41.782-07:00
water_draw_1,2026-08-13T20:07:42.412-07:00,180.001,drawing,,open,15.0,5.424865,1.823125,60.10,140.19,33.54,92.38,23.80,74.84,1537,1282,798,238,WH-station1,2026-08-13T20:07:42.286-07:00
water_draw_1,2026-08-13T20:07:42.916-07:00,180.506,drawing,,open,15.0,5.439903,1.787396,60.31,140.56,33.75,92.75,23.80,74.84,1539,1284,791,238,WH-station1,2026-08-13T20:07:42.791-07:00
water_draw_1,2026-08-13T20:07:43.422-07:00,181.011,drawing,,open,15.0,5.455023,1.797604,60.21,140.38,33.96,93.13,23.80,74.84,1538,1286,793,238,WH-station1,2026-08-13T20:07:43.296-07:00
water_draw_1,2026-08-13T20:07:43.927-07:00,181.517,drawing,,open,15.0,5.470183,1.797604,60.21,140.38,33.96,93.13,23.70,74.66,1538,1286,793,237,WH-station1,2026-08-13T20:07:43.800-07:00
water_draw_1,2026-08-13T20:07:44.433-07:00,182.021,drawing,,open,15.0,5.485090,1.772083,60.21,140.38,34.17,93.50,23.80,74.84,1538,1288,788,238,WH-station1,2026-08-13T20:07:44.305-07:00
water_draw_1,2026-08-13T20:07:44.938-07:00,182.528,drawing,,open,15.0,5.500219,1.792500,60.21,140.38,33.65,92.56,23.80,74.84,1538,1283,792,238,WH-station1,2026-08-13T20:07:44.810-07:00
water_draw_1,2026-08-13T20:07:45.444-07:00,183.032,drawing,,open,15.0,5.514439,1.690417,60.42,140.75,34.06,93.31,23.80,74.84,1540,1287,772,238,WH-station1,2026-08-13T20:07:45.314-07:00
water_draw_1,2026-08-13T20:07:45.948-07:00,183.538,drawing,,open,15.0,5.529499,1.787396,60.31,140.56,33.85,92.94,23.70,74.66,1539,1285,791,237,WH-station1,2026-08-13T20:07:45.819-07:00
water_draw_1,2026-08-13T20:07:46.453-07:00,184.043,drawing,,open,15.0,5.544536,1.787396,60.62,141.12,33.96,93.13,23.90,75.02,1542,1286,791,239,WH-station1,2026-08-13T20:07:46.324-07:00
water_draw_1,2026-08-13T20:07:46.958-07:00,184.547,drawing,,open,15.0,5.559572,1.787396,60.21,140.38,34.06,93.31,23.80,74.84,1538,1287,791,238,WH-station1,2026-08-13T20:07:46.829-07:00
water_draw_1,2026-08-13T20:07:47.463-07:00,185.052,drawing,,open,15.0,5.574522,1.777188,60.21,140.38,33.75,92.75,23.70,74.66,1538,1284,789,237,WH-station1,2026-08-13T20:07:47.333-07:00
water_draw_1,2026-08-13T20:07:47.967-07:00,185.557,drawing,,open,15.0,5.589643,1.797604,60.31,140.56,33.75,92.75,23.80,74.84,1539,1284,793,238,WH-station1,2026-08-13T20:07:47.838-07:00
water_draw_1,2026-08-13T20:07:48.472-07:00,186.062,drawing,,open,15.0,5.604591,1.777188,60.10,140.19,33.75,92.75,23.70,74.66,1537,1284,789,237,WH-station1,2026-08-13T20:07:48.342-07:00
water_draw_1,2026-08-13T20:07:48.977-07:00,186.566,drawing,,open,15.0,5.619498,1.772083,60.31,140.56,34.27,93.69,23.70,74.66,1539,1289,788,237,WH-station1,2026-08-13T20:07:48.847-07:00
water_draw_1,2026-08-13T20:07:49.482-07:00,187.071,drawing,,open,15.0,5.634579,1.792500,60.31,140.56,34.27,93.69,23.90,75.02,1539,1289,792,239,WH-station1,2026-08-13T20:07:49.352-07:00
water_draw_1,2026-08-13T20:07:49.986-07:00,187.576,drawing,,open,15.0,5.647213,1.501563,60.42,140.75,33.85,92.94,23.80,74.84,1540,1285,735,238,WH-station1,2026-08-13T20:07:49.857-07:00
water_draw_1,2026-08-13T20:07:50.491-07:00,188.081,drawing,,open,15.0,5.662206,1.782292,60.10,140.19,34.06,93.31,23.70,74.66,1537,1287,790,237,WH-station1,2026-08-13T20:07:50.361-07:00
water_draw_1,2026-08-13T20:07:50.996-07:00,188.585,drawing,,open,15.0,5.677326,1.797604,60.31,140.56,33.85,92.94,23.80,74.84,1539,1285,793,238,WH-station1,2026-08-13T20:07:50.866-07:00
water_draw_1,2026-08-13T20:07:51.500-07:00,189.090,drawing,,open,15.0,5.691115,1.639375,60.42,140.75,33.75,92.75,23.70,74.66,1540,1284,762,237,WH-station1,2026-08-13T20:07:51.371-07:00
water_draw_1,2026-08-13T20:07:52.005-07:00,189.595,drawing,,open,15.0,5.706108,1.782292,60.21,140.38,33.54,92.38,23.90,75.02,1538,1282,790,239,WH-station1,2026-08-13T20:07:51.875-07:00
water_draw_1,2026-08-13T20:07:52.510-07:00,190.099,drawing,,open,15.0,5.721058,1.777188,60.42,140.75,34.06,93.31,23.80,74.84,1540,1287,789,238,WH-station1,2026-08-13T20:07:52.380-07:00
water_draw_1,2026-08-13T20:07:53.015-07:00,190.604,drawing,,open,15.0,5.736011,1.777188,60.52,140.94,34.06,93.31,23.70,74.66,1541,1287,789,237,WH-station1,2026-08-13T20:07:52.885-07:00
water_draw_1,2026-08-13T20:07:53.519-07:00,191.109,drawing,,open,15.0,5.750830,1.761875,60.42,140.75,34.17,93.50,23.80,74.84,1540,1288,786,238,WH-station1,2026-08-13T20:07:53.389-07:00
water_draw_1,2026-08-13T20:07:54.024-07:00,191.614,drawing,,open,15.0,5.765822,1.782292,60.52,140.94,34.06,93.31,23.80,74.84,1541,1287,790,238,WH-station1,2026-08-13T20:07:53.894-07:00
water_draw_1,2026-08-13T20:07:54.529-07:00,192.118,drawing,,open,15.0,5.780813,1.782292,60.52,140.94,33.65,92.56,23.90,75.02,1541,1283,790,239,WH-station1,2026-08-13T20:07:54.399-07:00
water_draw_1,2026-08-13T20:07:55.034-07:00,192.623,drawing,,open,15.0,5.795723,1.772083,60.31,140.56,33.96,93.13,23.70,74.66,1539,1286,788,237,WH-station1,2026-08-13T20:07:54.903-07:00
water_draw_1,2026-08-13T20:07:55.538-07:00,193.128,drawing,,open,15.0,5.810844,1.797604,60.21,140.38,33.75,92.75,23.70,74.66,1538,1284,793,237,WH-station1,2026-08-13T20:07:55.408-07:00
water_draw_1,2026-08-13T20:07:56.043-07:00,193.633,drawing,,open,15.0,5.825966,1.797604,60.31,140.56,33.96,93.13,23.70,74.66,1539,1286,793,237,WH-station1,2026-08-13T20:07:55.913-07:00
water_draw_1,2026-08-13T20:07:56.548-07:00,194.137,drawing,,open,15.0,5.840872,1.772083,60.31,140.56,34.06,93.31,23.80,74.84,1539,1287,788,238,WH-station1,2026-08-13T20:07:56.418-07:00
water_draw_1,2026-08-13T20:07:57.052-07:00,194.642,drawing,,open,15.0,5.855993,1.797604,60.31,140.56,34.06,93.31,23.90,75.02,1539,1287,793,239,WH-station1,2026-08-13T20:07:56.922-07:00
water_draw_1,2026-08-13T20:07:57.557-07:00,195.147,drawing,,open,15.0,5.871073,1.792500,60.21,140.38,34.06,93.31,23.80,74.84,1538,1287,792,238,WH-station1,2026-08-13T20:07:57.427-07:00
water_draw_1,2026-08-13T20:07:58.062-07:00,195.652,drawing,,open,15.0,5.886240,1.802708,60.52,140.94,33.85,92.94,23.80,74.84,1541,1285,794,238,WH-station1,2026-08-13T20:07:57.932-07:00
water_draw_1,2026-08-13T20:07:58.567-07:00,196.156,drawing,,open,15.0,5.900974,1.751667,60.21,140.38,33.96,93.13,23.70,74.66,1538,1286,784,237,WH-station1,2026-08-13T20:07:58.436-07:00
water_draw_1,2026-08-13T20:07:59.072-07:00,196.661,drawing,,open,15.0,5.916053,1.792500,60.42,140.75,33.75,92.75,23.70,74.66,1540,1284,792,237,WH-station1,2026-08-13T20:07:58.941-07:00
water_draw_1,2026-08-13T20:07:59.576-07:00,197.166,drawing,,open,15.0,5.931049,1.782292,60.42,140.75,33.54,92.38,23.70,74.66,1540,1282,790,237,WH-station1,2026-08-13T20:07:59.446-07:00
water_draw_1,2026-08-13T20:08:00.081-07:00,197.671,drawing,,open,15.0,5.946046,1.782292,60.52,140.94,33.85,92.94,23.90,75.02,1541,1285,790,239,WH-station1,2026-08-13T20:07:59.950-07:00
water_draw_1,2026-08-13T20:08:00.586-07:00,198.176,drawing,,open,15.0,5.961042,1.782292,60.42,140.75,34.06,93.31,23.70,74.66,1540,1287,790,237,WH-station1,2026-08-13T20:08:00.455-07:00
water_draw_1,2026-08-13T20:08:01.089-07:00,198.680,drawing,,open,15.0,5.975892,1.766979,60.31,140.56,34.06,93.31,23.80,74.84,1539,1287,787,238,WH-station1,2026-08-13T20:08:00.960-07:00
water_draw_1,2026-08-13T20:08:01.594-07:00,199.183,drawing,,open,15.0,5.990551,1.746563,60.21,140.38,33.96,93.13,23.70,74.66,1538,1286,783,237,WH-station1,2026-08-13T20:08:01.464-07:00
water_draw_1,2026-08-13T20:08:02.099-07:00,199.688,drawing,,open,15.0,6.005716,1.802708,60.42,140.75,33.96,93.13,23.70,74.66,1540,1286,794,237,WH-station1,2026-08-13T20:08:01.969-07:00
water_draw_1,2026-08-13T20:08:02.603-07:00,200.193,drawing,,open,15.0,6.020668,1.777188,60.42,140.75,33.85,92.94,23.80,74.84,1540,1285,789,238,WH-station1,2026-08-13T20:08:02.474-07:00
water_draw_1,2026-08-13T20:08:03.108-07:00,200.698,drawing,,open,15.0,6.035533,1.766979,60.42,140.75,33.75,92.75,23.70,74.66,1540,1284,787,237,WH-station1,2026-08-13T20:08:02.979-07:00
water_draw_1,2026-08-13T20:08:03.613-07:00,201.202,drawing,,open,15.0,6.050612,1.792500,60.62,141.12,33.96,93.13,23.80,74.84,1542,1286,792,238,WH-station1,2026-08-13T20:08:03.483-07:00
water_draw_1,2026-08-13T20:08:04.118-07:00,201.707,drawing,,open,15.0,6.065565,1.777188,60.42,140.75,33.54,92.38,23.70,74.66,1540,1282,789,237,WH-station1,2026-08-13T20:08:03.988-07:00
water_draw_1,2026-08-13T20:08:04.623-07:00,202.212,drawing,,open,15.0,6.080391,1.761875,60.42,140.75,33.96,93.13,23.80,74.84,1540,1286,786,238,WH-station1,2026-08-13T20:08:04.493-07:00
water_draw_1,2026-08-13T20:08:05.127-07:00,202.717,drawing,,open,15.0,6.095514,1.797604,60.42,140.75,33.96,93.13,23.80,74.84,1540,1286,793,238,WH-station1,2026-08-13T20:08:04.997-07:00
water_draw_1,2026-08-13T20:08:05.632-07:00,203.222,drawing,,open,15.0,6.110551,1.787396,60.31,140.56,34.06,93.31,23.70,74.66,1539,1287,791,237,WH-station1,2026-08-13T20:08:05.502-07:00
water_draw_1,2026-08-13T20:08:06.137-07:00,203.726,drawing,,open,15.0,6.125500,1.777188,60.10,140.19,33.65,92.56,23.90,75.02,1537,1283,789,239,WH-station1,2026-08-13T20:08:06.007-07:00
water_draw_1,2026-08-13T20:08:06.642-07:00,204.231,drawing,,open,15.0,6.140628,1.797604,60.31,140.56,33.65,92.56,23.90,75.02,1539,1283,793,239,WH-station1,2026-08-13T20:08:06.511-07:00
water_draw_1,2026-08-13T20:08:07.147-07:00,204.736,drawing,,open,15.0,6.155709,1.792500,60.21,140.38,33.75,92.75,23.90,75.02,1538,1284,792,239,WH-station1,2026-08-13T20:08:07.016-07:00
water_draw_1,2026-08-13T20:08:07.651-07:00,205.241,drawing,,open,15.0,6.170703,1.782292,60.42,140.75,33.85,92.94,23.80,74.84,1540,1285,790,238,WH-station1,2026-08-13T20:08:07.521-07:00
water_draw_1,2026-08-13T20:08:08.156-07:00,205.746,drawing,,open,15.0,6.185653,1.777188,60.42,140.75,33.85,92.94,23.80,74.84,1540,1285,789,238,WH-station1,2026-08-13T20:08:08.025-07:00
water_draw_1,2026-08-13T20:08:08.661-07:00,206.250,drawing,,open,15.0,6.199530,1.649583,60.31,140.56,33.54,92.38,23.80,74.84,1539,1282,764,238,WH-station1,2026-08-13T20:08:08.530-07:00
water_draw_1,2026-08-13T20:08:09.166-07:00,206.755,drawing,,open,15.0,6.214481,1.777188,60.31,140.56,33.65,92.56,23.80,74.84,1539,1283,789,238,WH-station1,2026-08-13T20:08:09.035-07:00
water_draw_1,2026-08-13T20:08:09.670-07:00,207.260,drawing,,open,15.0,6.229432,1.777188,60.42,140.75,33.44,92.19,23.80,74.84,1540,1281,789,238,WH-station1,2026-08-13T20:08:09.539-07:00
water_draw_1,2026-08-13T20:08:10.175-07:00,207.765,drawing,,open,15.0,6.244254,1.761875,60.52,140.94,33.75,92.75,23.90,75.02,1541,1284,786,239,WH-station1,2026-08-13T20:08:10.044-07:00
water_draw_1,2026-08-13T20:08:10.680-07:00,208.269,drawing,,open,15.0,6.259077,1.761875,60.42,140.75,33.85,92.94,23.80,74.84,1540,1285,786,238,WH-station1,2026-08-13T20:08:10.549-07:00
water_draw_1,2026-08-13T20:08:11.185-07:00,208.774,drawing,,open,15.0,6.273983,1.772083,60.42,140.75,33.85,92.94,23.70,74.66,1540,1285,788,237,WH-station1,2026-08-13T20:08:11.054-07:00
water_draw_1,2026-08-13T20:08:11.689-07:00,209.279,drawing,,open,15.0,6.288677,1.746563,60.52,140.94,33.54,92.38,23.80,74.84,1541,1282,783,238,WH-station1,2026-08-13T20:08:11.558-07:00
water_draw_1,2026-08-13T20:08:12.194-07:00,209.784,drawing,,open,15.0,6.302898,1.690417,60.42,140.75,33.65,92.56,23.80,74.84,1540,1283,772,238,WH-station1,2026-08-13T20:08:12.063-07:00
water_draw_1,2026-08-13T20:08:12.699-07:00,210.288,drawing,,open,15.0,6.317894,1.782292,60.21,140.38,33.85,92.94,23.80,74.84,1538,1285,790,238,WH-station1,2026-08-13T20:08:12.568-07:00
water_draw_1,2026-08-13T20:08:13.204-07:00,210.793,drawing,,open,15.0,6.332328,1.715937,60.52,140.94,33.44,92.19,23.90,75.02,1541,1281,777,239,WH-station1,2026-08-13T20:08:13.073-07:00
water_draw_1,2026-08-13T20:08:13.708-07:00,211.298,drawing,,open,15.0,6.347151,1.761875,60.42,140.75,33.65,92.56,23.80,74.84,1540,1283,786,238,WH-station1,2026-08-13T20:08:13.579-07:00
water_draw_1,2026-08-13T20:08:14.213-07:00,211.803,drawing,,open,15.0,6.362145,1.782292,60.42,140.75,33.75,92.75,23.90,75.02,1540,1284,790,239,WH-station1,2026-08-13T20:08:14.084-07:00
water_draw_1,2026-08-13T20:08:14.718-07:00,212.308,drawing,,open,15.0,6.377227,1.792500,60.42,140.75,33.75,92.75,23.70,74.66,1540,1284,792,237,WH-station1,2026-08-13T20:08:14.589-07:00
water_draw_1,2026-08-13T20:08:15.223-07:00,212.812,drawing,,open,15.0,6.392262,1.787396,60.62,141.12,33.65,92.56,23.90,75.02,1542,1283,791,239,WH-station1,2026-08-13T20:08:15.094-07:00
water_draw_1,2026-08-13T20:08:15.728-07:00,213.317,drawing,,open,15.0,6.406742,1.721042,60.52,140.94,33.44,92.19,23.70,74.66,1541,1281,778,237,WH-station1,2026-08-13T20:08:15.599-07:00
water_draw_1,2026-08-13T20:08:16.232-07:00,213.822,drawing,,open,15.0,6.420404,1.624063,60.52,140.94,33.75,92.75,23.70,74.66,1541,1284,759,237,WH-station1,2026-08-13T20:08:16.104-07:00
water_draw_1,2026-08-13T20:08:16.737-07:00,214.327,drawing,,open,15.0,6.435398,1.782292,60.73,141.31,33.33,92.00,23.80,74.84,1543,1280,790,238,WH-station1,2026-08-13T20:08:16.609-07:00
water_draw_1,2026-08-13T20:08:17.242-07:00,214.831,drawing,,open,15.0,6.450391,1.782292,60.52,140.94,33.33,92.00,23.70,74.66,1541,1280,790,237,WH-station1,2026-08-13T20:08:17.114-07:00
water_draw_1,2026-08-13T20:08:17.747-07:00,215.336,drawing,,open,15.0,6.465342,1.777188,60.42,140.75,33.75,92.75,23.80,74.84,1540,1284,789,238,WH-station1,2026-08-13T20:08:17.619-07:00
water_draw_1,2026-08-13T20:08:18.251-07:00,215.841,drawing,,open,15.0,6.480248,1.772083,60.52,140.94,33.12,91.62,23.90,75.02,1541,1278,788,239,WH-station1,2026-08-13T20:08:18.125-07:00
water_draw_1,2026-08-13T20:08:18.756-07:00,216.346,drawing,,open,15.0,6.495112,1.766979,60.62,141.12,33.44,92.19,23.70,74.66,1542,1281,787,237,WH-station1,2026-08-13T20:08:18.630-07:00
water_draw_1,2026-08-13T20:08:19.261-07:00,216.850,drawing,,open,15.0,6.509932,1.761875,60.42,140.75,33.75,92.75,23.80,74.84,1540,1284,786,238,WH-station1,2026-08-13T20:08:19.135-07:00
water_draw_1,2026-08-13T20:08:19.766-07:00,217.355,drawing,,open,15.0,6.524928,1.782292,60.73,141.31,33.65,92.56,23.90,75.02,1543,1283,790,239,WH-station1,2026-08-13T20:08:19.640-07:00
water_draw_1,2026-08-13T20:08:20.270-07:00,217.860,drawing,,open,15.0,6.539967,1.787396,60.52,140.94,33.44,92.19,23.80,74.84,1541,1281,791,238,WH-station1,2026-08-13T20:08:20.145-07:00
water_draw_1,2026-08-13T20:08:20.775-07:00,218.365,drawing,,open,15.0,6.555046,1.792500,60.31,140.56,33.65,92.56,23.80,74.84,1539,1283,792,238,WH-station1,2026-08-13T20:08:20.650-07:00
water_draw_1,2026-08-13T20:08:21.280-07:00,218.869,drawing,,open,15.0,6.570167,1.797604,60.62,141.12,33.54,92.38,23.80,74.84,1542,1282,793,238,WH-station1,2026-08-13T20:08:21.155-07:00
water_draw_1,2026-08-13T20:08:21.784-07:00,219.374,drawing,,open,15.0,6.585159,1.782292,60.52,140.94,33.33,92.00,23.80,74.84,1541,1280,790,238,WH-station1,2026-08-13T20:08:21.660-07:00
water_draw_1,2026-08-13T20:08:22.289-07:00,219.879,drawing,,open,15.0,6.600195,1.787396,60.62,141.12,33.54,92.38,23.90,75.02,1542,1282,791,239,WH-station1,2026-08-13T20:08:22.166-07:00
water_draw_1,2026-08-13T20:08:22.794-07:00,220.383,drawing,,open,15.0,6.615231,1.787396,60.62,141.12,33.12,91.62,23.80,74.84,1542,1278,791,238,WH-station1,2026-08-13T20:08:22.671-07:00
water_draw_1,2026-08-13T20:08:23.299-07:00,220.888,drawing,,open,15.0,6.630052,1.761875,60.52,140.94,33.54,92.38,23.80,74.84,1541,1282,786,238,WH-station1,2026-08-13T20:08:23.176-07:00
water_draw_1,2026-08-13T20:08:23.803-07:00,221.393,drawing,,open,15.0,6.645132,1.792500,60.42,140.75,33.44,92.19,23.90,75.02,1540,1281,792,239,WH-station1,2026-08-13T20:08:23.681-07:00
water_draw_1,2026-08-13T20:08:24.308-07:00,221.898,drawing,,open,15.0,6.659566,1.715937,60.62,141.12,33.44,92.19,23.80,74.84,1542,1281,777,238,WH-station1,2026-08-13T20:08:24.186-07:00
water_draw_1,2026-08-13T20:08:24.813-07:00,222.402,drawing,,open,15.0,6.674644,1.792500,60.42,140.75,33.12,91.62,23.90,75.02,1540,1278,792,239,WH-station1,2026-08-13T20:08:24.691-07:00
water_draw_1,2026-08-13T20:08:25.318-07:00,222.907,drawing,,open,15.0,6.689726,1.792500,60.31,140.56,33.54,92.38,23.70,74.66,1539,1282,792,237,WH-station1,2026-08-13T20:08:25.196-07:00
water_draw_1,2026-08-13T20:08:25.822-07:00,223.412,drawing,,open,15.0,6.704676,1.777188,60.52,140.94,33.44,92.19,23.70,74.66,1541,1281,789,237,WH-station1,2026-08-13T20:08:25.701-07:00
water_draw_1,2026-08-13T20:08:26.327-07:00,223.917,drawing,,open,15.0,6.719668,1.782292,60.42,140.75,33.23,91.81,23.80,74.84,1540,1279,790,238,WH-station1,2026-08-13T20:08:26.206-07:00
water_draw_1,2026-08-13T20:08:26.832-07:00,224.421,drawing,,open,15.0,6.734707,1.787396,60.62,141.12,33.23,91.81,23.80,74.84,1542,1279,791,238,WH-station1,2026-08-13T20:08:26.711-07:00
water_draw_1,2026-08-13T20:08:27.337-07:00,224.926,drawing,,open,15.0,6.749829,1.797604,60.52,140.94,33.23,91.81,23.90,75.02,1541,1279,793,239,WH-station1,2026-08-13T20:08:27.216-07:00
water_draw_1,2026-08-13T20:08:27.842-07:00,225.431,drawing,,open,15.0,6.763114,1.578125,60.62,141.12,33.44,92.19,23.70,74.66,1542,1281,750,237,WH-station1,2026-08-13T20:08:27.721-07:00
water_draw_1,2026-08-13T20:08:28.347-07:00,225.936,drawing,,open,15.0,6.778193,1.792500,60.52,140.94,33.33,92.00,23.70,74.66,1541,1280,792,237,WH-station1,2026-08-13T20:08:28.226-07:00
water_draw_1,2026-08-13T20:08:28.851-07:00,226.441,drawing,,open,15.0,6.793186,1.782292,60.31,140.56,33.44,92.19,23.80,74.84,1539,1281,790,238,WH-station1,2026-08-13T20:08:28.732-07:00
water_draw_1,2026-08-13T20:08:29.356-07:00,226.946,drawing,,open,15.0,6.808437,1.812917,60.52,140.94,33.02,91.44,23.80,74.84,1541,1277,796,238,WH-station1,2026-08-13T20:08:29.236-07:00
water_draw_1,2026-08-13T20:08:29.861-07:00,227.450,drawing,,open,15.0,6.823472,1.787396,60.52,140.94,33.33,92.00,23.70,74.66,1541,1280,791,237,WH-station1,2026-08-13T20:08:29.741-07:00
water_draw_1,2026-08-13T20:08:30.366-07:00,227.955,drawing,,open,15.0,6.838340,1.766979,60.73,141.31,33.12,91.62,23.60,74.48,1543,1278,787,236,WH-station1,2026-08-13T20:08:30.246-07:00
water_draw_1,2026-08-13T20:08:30.870-07:00,228.460,drawing,,open,15.0,6.853464,1.797604,60.52,140.94,33.12,91.62,23.80,74.84,1541,1278,793,238,WH-station1,2026-08-13T20:08:30.751-07:00
water_draw_1,2026-08-13T20:08:31.375-07:00,228.965,drawing,,open,15.0,6.868585,1.797604,60.62,141.12,32.92,91.25,23.80,74.84,1542,1276,793,238,WH-station1,2026-08-13T20:08:31.255-07:00
water_draw_1,2026-08-13T20:08:31.880-07:00,229.469,drawing,,open,15.0,6.883664,1.792500,60.62,141.12,33.02,91.44,23.80,74.84,1542,1277,792,238,WH-station1,2026-08-13T20:08:31.760-07:00
water_draw_1,2026-08-13T20:08:32.385-07:00,229.974,drawing,,open,15.0,6.898785,1.797604,60.42,140.75,33.12,91.62,23.80,74.84,1540,1278,793,238,WH-station1,2026-08-13T20:08:32.265-07:00
water_draw_1,2026-08-13T20:08:32.889-07:00,230.479,drawing,,open,15.0,6.913781,1.782292,60.52,140.94,33.02,91.44,23.70,74.66,1541,1277,790,237,WH-station1,2026-08-13T20:08:32.769-07:00
water_draw_1,2026-08-13T20:08:33.394-07:00,230.984,drawing,,open,15.0,6.928817,1.787396,60.52,140.94,32.92,91.25,23.80,74.84,1541,1276,791,238,WH-station1,2026-08-13T20:08:33.274-07:00
water_draw_1,2026-08-13T20:08:33.899-07:00,231.488,drawing,,open,15.0,6.943597,1.756771,60.31,140.56,33.33,92.00,23.90,75.02,1539,1280,785,239,WH-station1,2026-08-13T20:08:33.779-07:00
water_draw_1,2026-08-13T20:08:34.404-07:00,231.993,drawing,,open,15.0,6.958674,1.792500,60.62,141.12,33.02,91.44,23.80,74.84,1542,1277,792,238,WH-station1,2026-08-13T20:08:34.283-07:00
water_draw_1,2026-08-13T20:08:34.908-07:00,232.498,drawing,,open,15.0,6.973883,1.807813,60.62,141.12,33.23,91.81,23.80,74.84,1542,1279,795,238,WH-station1,2026-08-13T20:08:34.788-07:00
water_draw_1,2026-08-13T20:08:35.413-07:00,233.003,drawing,,open,15.0,6.988832,1.777188,60.52,140.94,32.92,91.25,23.80,74.84,1541,1276,789,238,WH-station1,2026-08-13T20:08:35.293-07:00
water_draw_1,2026-08-13T20:08:35.918-07:00,233.507,drawing,,open,15.0,7.003913,1.792500,60.62,141.12,32.92,91.25,23.80,74.84,1542,1276,792,238,WH-station1,2026-08-13T20:08:35.798-07:00
water_draw_1,2026-08-13T20:08:36.423-07:00,234.012,drawing,,open,15.0,7.019033,1.797604,60.42,140.75,33.02,91.44,23.80,74.84,1540,1277,793,238,WH-station1,2026-08-13T20:08:36.302-07:00
water_draw_1,2026-08-13T20:08:36.927-07:00,234.517,drawing,,open,15.0,7.033983,1.777188,60.42,140.75,33.12,91.62,23.80,74.84,1540,1278,789,238,WH-station1,2026-08-13T20:08:36.807-07:00
water_draw_1,2026-08-13T20:08:37.432-07:00,235.021,drawing,,open,15.0,7.048889,1.772083,60.62,141.12,33.02,91.44,23.70,74.66,1542,1277,788,237,WH-station1,2026-08-13T20:08:37.312-07:00
water_draw_1,2026-08-13T20:08:37.937-07:00,235.526,drawing,,open,15.0,7.064055,1.802708,60.52,140.94,32.92,91.25,23.90,75.02,1541,1276,794,239,WH-station1,2026-08-13T20:08:37.817-07:00
water_draw_1,2026-08-13T20:08:38.442-07:00,236.031,drawing,,open,15.0,7.079092,1.787396,60.62,141.12,32.81,91.06,23.80,74.84,1542,1275,791,238,WH-station1,2026-08-13T20:08:38.322-07:00
water_draw_1,2026-08-13T20:08:38.946-07:00,236.536,drawing,,open,15.0,7.094086,1.782292,60.73,141.31,32.92,91.25,23.80,74.84,1543,1276,790,238,WH-station1,2026-08-13T20:08:38.827-07:00
water_draw_1,2026-08-13T20:08:39.451-07:00,237.040,drawing,,open,15.0,7.109292,1.807813,60.73,141.31,33.12,91.62,23.70,74.66,1543,1278,795,237,WH-station1,2026-08-13T20:08:39.332-07:00
water_draw_1,2026-08-13T20:08:39.956-07:00,237.545,drawing,,open,15.0,7.124594,1.818021,60.73,141.31,33.02,91.44,23.80,74.84,1543,1277,797,238,WH-station1,2026-08-13T20:08:39.838-07:00
water_draw_1,2026-08-13T20:08:40.461-07:00,238.050,drawing,,open,15.0,7.139674,1.792500,60.52,140.94,32.92,91.25,23.80,74.84,1541,1276,792,238,WH-station1,2026-08-13T20:08:40.343-07:00
water_draw_1,2026-08-13T20:08:40.966-07:00,238.555,drawing,,open,15.0,7.153811,1.680208,60.62,141.12,32.92,91.25,23.90,75.02,1542,1276,770,239,WH-station1,2026-08-13T20:08:40.847-07:00
water_draw_1,2026-08-13T20:08:41.470-07:00,239.060,drawing,,open,15.0,7.167559,1.634271,60.83,141.50,32.92,91.25,23.70,74.66,1544,1276,761,237,WH-station1,2026-08-13T20:08:41.352-07:00
water_draw_1,2026-08-13T20:08:41.975-07:00,239.564,drawing,,open,15.0,7.181092,1.608750,60.62,141.12,32.71,90.88,23.80,74.84,1542,1274,756,238,WH-station1,2026-08-13T20:08:41.857-07:00
water_draw_1,2026-08-13T20:08:42.480-07:00,240.069,drawing,,open,15.0,7.196170,1.792500,60.52,140.94,32.60,90.69,23.90,75.02,1541,1273,792,239,WH-station1,2026-08-13T20:08:42.361-07:00
water_draw_1,2026-08-13T20:08:42.984-07:00,240.574,drawing,,open,15.0,7.211206,1.787396,60.73,141.31,32.92,91.25,23.80,74.84,1543,1276,791,238,WH-station1,2026-08-13T20:08:42.866-07:00
water_draw_1,2026-08-13T20:08:43.489-07:00,241.079,drawing,,open,15.0,7.226027,1.761875,60.73,141.31,32.60,90.69,23.80,74.84,1543,1273,786,238,WH-station1,2026-08-13T20:08:43.371-07:00
water_draw_1,2026-08-13T20:08:43.994-07:00,241.583,drawing,,open,15.0,7.241193,1.802708,60.52,140.94,32.71,90.88,23.80,74.84,1541,1274,794,238,WH-station1,2026-08-13T20:08:43.875-07:00
water_draw_1,2026-08-13T20:08:44.499-07:00,242.088,drawing,,open,15.0,7.256399,1.807813,60.62,141.12,32.71,90.88,23.90,75.02,1542,1274,795,239,WH-station1,2026-08-13T20:08:44.380-07:00
water_draw_1,2026-08-13T20:08:45.003-07:00,242.593,drawing,,open,15.0,7.271178,1.756771,60.73,141.31,32.60,90.69,23.90,75.02,1543,1273,785,239,WH-station1,2026-08-13T20:08:44.885-07:00
water_draw_1,2026-08-13T20:08:45.508-07:00,243.098,drawing,,open,15.0,7.286084,1.772083,60.42,140.75,32.50,90.50,23.80,74.84,1540,1272,788,238,WH-station1,2026-08-13T20:08:45.390-07:00
water_draw_1,2026-08-13T20:08:46.013-07:00,243.602,drawing,,open,15.0,7.300905,1.761875,60.62,141.12,32.71,90.88,23.80,74.84,1542,1274,786,238,WH-station1,2026-08-13T20:08:45.894-07:00
water_draw_1,2026-08-13T20:08:46.518-07:00,244.107,drawing,,open,15.0,7.316029,1.797604,60.83,141.50,32.40,90.31,23.80,74.84,1544,1271,793,238,WH-station1,2026-08-13T20:08:46.399-07:00
water_draw_1,2026-08-13T20:08:47.022-07:00,244.612,drawing,,open,15.0,7.331024,1.782292,60.62,141.12,32.60,90.69,23.80,74.84,1542,1273,790,238,WH-station1,2026-08-13T20:08:46.904-07:00
water_draw_1,2026-08-13T20:08:47.527-07:00,245.117,drawing,,open,15.0,7.345888,1.766979,60.42,140.75,32.60,90.69,23.80,74.84,1540,1273,787,238,WH-station1,2026-08-13T20:08:47.408-07:00
water_draw_1,2026-08-13T20:08:48.032-07:00,245.621,drawing,,open,15.0,7.360708,1.761875,60.83,141.50,32.50,90.50,23.70,74.66,1544,1272,786,237,WH-station1,2026-08-13T20:08:47.913-07:00
water_draw_1,2026-08-13T20:08:48.536-07:00,246.126,drawing,,open,15.0,7.375700,1.782292,60.73,141.31,32.50,90.50,23.90,75.02,1543,1272,790,239,WH-station1,2026-08-13T20:08:48.418-07:00
water_draw_1,2026-08-13T20:08:49.041-07:00,246.631,drawing,,open,15.0,7.390524,1.761875,60.83,141.50,32.40,90.31,23.80,74.84,1544,1271,786,238,WH-station1,2026-08-13T20:08:48.922-07:00
water_draw_1,2026-08-13T20:08:49.546-07:00,247.136,drawing,,open,15.0,7.405218,1.746563,60.73,141.31,32.71,90.88,23.80,74.84,1543,1274,783,238,WH-station1,2026-08-13T20:08:49.427-07:00
water_draw_1,2026-08-13T20:08:50.051-07:00,247.640,drawing,,open,15.0,7.420342,1.797604,60.42,140.75,32.60,90.69,23.80,74.84,1540,1273,793,238,WH-station1,2026-08-13T20:08:49.932-07:00
water_draw_1,2026-08-13T20:08:50.556-07:00,248.145,drawing,,open,15.0,7.435334,1.782292,60.83,141.50,32.71,90.88,23.90,75.02,1544,1274,790,239,WH-station1,2026-08-13T20:08:50.437-07:00
water_draw_1,2026-08-13T20:08:51.060-07:00,248.650,drawing,,open,15.0,7.450585,1.812917,60.73,141.31,32.40,90.31,23.70,74.66,1543,1271,796,237,WH-station1,2026-08-13T20:08:50.941-07:00
water_draw_1,2026-08-13T20:08:51.565-07:00,249.155,drawing,,open,15.0,7.465534,1.777188,60.52,140.94,32.71,90.88,23.80,74.84,1541,1274,789,238,WH-station1,2026-08-13T20:08:51.446-07:00
water_draw_1,2026-08-13T20:08:52.070-07:00,249.659,drawing,,open,15.0,7.480572,1.787396,60.52,140.94,32.60,90.69,23.90,75.02,1541,1273,791,239,WH-station1,2026-08-13T20:08:51.951-07:00
water_draw_1,2026-08-13T20:08:52.575-07:00,250.164,drawing,,open,15.0,7.495694,1.797604,60.73,141.31,32.81,91.06,23.80,74.84,1543,1275,793,238,WH-station1,2026-08-13T20:08:52.455-07:00
water_draw_1,2026-08-13T20:08:53.079-07:00,250.669,drawing,,open,15.0,7.510601,1.772083,61.04,141.88,32.40,90.31,23.70,74.66,1546,1271,788,237,WH-station1,2026-08-13T20:08:52.960-07:00
water_draw_1,2026-08-13T20:08:53.584-07:00,251.174,drawing,,open,15.0,7.525594,1.782292,60.62,141.12,32.29,90.12,23.80,74.84,1542,1270,790,238,WH-station1,2026-08-13T20:08:53.465-07:00
water_draw_1,2026-08-13T20:08:54.089-07:00,251.678,drawing,,open,15.0,7.540544,1.777188,60.73,141.31,32.29,90.12,23.80,74.84,1543,1270,789,238,WH-station1,2026-08-13T20:08:53.969-07:00
water_draw_1,2026-08-13T20:08:54.594-07:00,252.183,drawing,,open,15.0,7.555411,1.766979,60.62,141.12,32.29,90.12,23.70,74.66,1542,1270,787,237,WH-station1,2026-08-13T20:08:54.474-07:00
water_draw_1,2026-08-13T20:08:55.098-07:00,252.688,drawing,,open,15.0,7.570491,1.792500,60.94,141.69,32.29,90.12,23.70,74.66,1545,1270,792,237,WH-station1,2026-08-13T20:08:54.979-07:00
water_draw_1,2026-08-13T20:08:55.603-07:00,253.193,drawing,,open,15.0,7.585440,1.777188,60.73,141.31,32.60,90.69,23.80,74.84,1543,1273,789,238,WH-station1,2026-08-13T20:08:55.483-07:00
water_draw_1,2026-08-13T20:08:56.108-07:00,253.697,drawing,,open,15.0,7.600433,1.782292,60.62,141.12,32.40,90.31,23.80,74.84,1542,1271,790,238,WH-station1,2026-08-13T20:08:55.988-07:00
water_draw_1,2026-08-13T20:08:56.613-07:00,254.202,drawing,,open,15.0,7.615125,1.746563,60.83,141.50,32.08,89.75,23.70,74.66,1544,1268,783,237,WH-station1,2026-08-13T20:08:56.493-07:00
water_draw_1,2026-08-13T20:08:57.117-07:00,254.707,drawing,,open,15.0,7.629434,1.700625,60.73,141.31,32.50,90.50,23.80,74.84,1543,1272,774,238,WH-station1,2026-08-13T20:08:56.997-07:00
water_draw_1,2026-08-13T20:08:57.622-07:00,255.212,drawing,,open,15.0,7.644341,1.772083,60.73,141.31,32.29,90.12,23.90,75.02,1543,1270,788,239,WH-station1,2026-08-13T20:08:57.502-07:00
water_draw_1,2026-08-13T20:08:58.127-07:00,255.716,drawing,,open,15.0,7.659335,1.782292,60.62,141.12,32.40,90.31,23.90,75.02,1542,1271,790,239,WH-station1,2026-08-13T20:08:58.006-07:00
water_draw_1,2026-08-13T20:08:58.632-07:00,256.221,drawing,,open,15.0,7.673641,1.700625,60.73,141.31,32.08,89.75,23.80,74.84,1543,1268,774,238,WH-station1,2026-08-13T20:08:58.511-07:00
water_draw_1,2026-08-13T20:08:59.136-07:00,256.726,drawing,,open,15.0,7.688418,1.756771,60.73,141.31,32.29,90.12,23.90,75.02,1543,1270,785,239,WH-station1,2026-08-13T20:08:59.016-07:00
water_draw_1,2026-08-13T20:08:59.641-07:00,257.231,drawing,,open,15.0,7.703154,1.751667,60.62,141.12,32.29,90.12,23.70,74.66,1542,1270,784,237,WH-station1,2026-08-13T20:08:59.520-07:00
water_draw_1,2026-08-13T20:09:00.146-07:00,257.735,drawing,,open,15.0,7.718194,1.787396,60.62,141.12,32.19,89.94,23.90,75.02,1542,1269,791,239,WH-station1,2026-08-13T20:09:00.025-07:00
water_draw_1,2026-08-13T20:09:00.650-07:00,258.240,drawing,,open,15.0,7.733100,1.772083,60.83,141.50,32.29,90.12,23.70,74.66,1544,1270,788,237,WH-station1,2026-08-13T20:09:00.530-07:00
water_draw_1,2026-08-13T20:09:01.154-07:00,258.744,drawing,,open,15.0,7.747950,1.766979,60.62,141.12,31.88,89.38,23.70,74.66,1542,1266,787,237,WH-station1,2026-08-13T20:09:01.035-07:00
water_draw_1,2026-08-13T20:09:01.659-07:00,259.249,drawing,,open,15.0,7.762844,1.772083,60.83,141.50,32.40,90.31,23.90,75.02,1544,1271,788,239,WH-station1,2026-08-13T20:09:01.540-07:00
water_draw_1,2026-08-13T20:09:02.164-07:00,259.753,drawing,,open,15.0,7.777796,1.777188,60.73,141.31,32.08,89.75,23.90,75.02,1543,1268,789,239,WH-station1,2026-08-13T20:09:02.044-07:00
water_draw_1,2026-08-13T20:09:02.669-07:00,260.258,drawing,,open,15.0,7.792832,1.787396,60.62,141.12,32.29,90.12,23.80,74.84,1542,1270,791,238,WH-station1,2026-08-13T20:09:02.549-07:00
water_draw_1,2026-08-13T20:09:03.174-07:00,260.763,drawing,,open,15.0,7.807744,1.772083,60.83,141.50,32.19,89.94,23.90,75.02,1544,1269,788,239,WH-station1,2026-08-13T20:09:03.054-07:00
water_draw_1,2026-08-13T20:09:03.678-07:00,261.268,drawing,,open,15.0,7.822092,1.705729,60.94,141.69,32.08,89.75,23.80,74.84,1545,1268,775,238,WH-station1,2026-08-13T20:09:03.558-07:00
water_draw_1,2026-08-13T20:09:04.183-07:00,261.773,drawing,,open,15.0,7.837043,1.777188,60.73,141.31,31.77,89.19,23.90,75.02,1543,1265,789,239,WH-station1,2026-08-13T20:09:04.063-07:00
water_draw_1,2026-08-13T20:09:04.688-07:00,262.277,drawing,,open,15.0,7.851905,1.766979,60.62,141.12,31.77,89.19,23.80,74.84,1542,1265,787,238,WH-station1,2026-08-13T20:09:04.568-07:00
water_draw_1,2026-08-13T20:09:05.192-07:00,262.782,drawing,,open,15.0,7.866942,1.787396,60.73,141.31,32.19,89.94,23.80,74.84,1543,1269,791,238,WH-station1,2026-08-13T20:09:05.073-07:00
water_draw_1,2026-08-13T20:09:05.697-07:00,263.287,drawing,,open,15.0,7.881848,1.772083,60.94,141.69,31.77,89.19,23.70,74.66,1545,1265,788,237,WH-station1,2026-08-13T20:09:05.577-07:00
water_draw_1,2026-08-13T20:09:06.202-07:00,263.791,drawing,,open,15.0,7.896929,1.792500,60.52,140.94,31.98,89.56,23.80,74.84,1541,1267,792,238,WH-station1,2026-08-13T20:09:06.082-07:00
water_draw_1,2026-08-13T20:09:06.707-07:00,264.296,drawing,,open,15.0,7.912048,1.797604,60.83,141.50,32.29,90.12,23.80,74.84,1544,1270,793,238,WH-station1,2026-08-13T20:09:06.586-07:00
water_draw_1,2026-08-13T20:09:07.211-07:00,264.801,drawing,,open,15.0,7.926741,1.746563,60.73,141.31,32.08,89.75,23.90,75.02,1543,1268,783,239,WH-station1,2026-08-13T20:09:07.091-07:00
water_draw_1,2026-08-13T20:09:07.716-07:00,265.306,drawing,,open,15.0,7.941605,1.766979,60.94,141.69,31.98,89.56,23.80,74.84,1545,1267,787,238,WH-station1,2026-08-13T20:09:07.596-07:00
water_draw_1,2026-08-13T20:09:08.221-07:00,265.810,drawing,,open,15.0,7.956599,1.782292,60.73,141.31,31.77,89.19,23.90,75.02,1543,1265,790,239,WH-station1,2026-08-13T20:09:08.100-07:00
water_draw_1,2026-08-13T20:09:08.726-07:00,266.315,drawing,,open,15.0,7.971507,1.772083,60.52,140.94,32.19,89.94,23.80,74.84,1541,1269,788,238,WH-station1,2026-08-13T20:09:08.605-07:00
water_draw_1,2026-08-13T20:09:09.230-07:00,266.820,drawing,,open,15.0,7.986371,1.766979,60.73,141.31,31.67,89.00,23.90,75.02,1543,1264,787,239,WH-station1,2026-08-13T20:09:09.110-07:00
water_draw_1,2026-08-13T20:09:09.735-07:00,267.324,drawing,,open,15.0,8.001319,1.777188,60.83,141.50,31.88,89.38,23.90,75.02,1544,1266,789,239,WH-station1,2026-08-13T20:09:09.614-07:00
water_draw_1,2026-08-13T20:09:10.240-07:00,267.829,drawing,,open,15.0,8.016484,1.802708,60.62,141.12,31.56,88.81,23.80,74.84,1542,1263,794,238,WH-station1,2026-08-13T20:09:10.119-07:00
water_draw_1,2026-08-13T20:09:10.744-07:00,268.334,drawing,,open,15.0,8.031605,1.797604,61.04,141.88,31.77,89.19,23.90,75.02,1546,1265,793,239,WH-station1,2026-08-13T20:09:10.624-07:00
water_draw_1,2026-08-13T20:09:11.250-07:00,268.839,drawing,,open,15.0,8.046696,1.792500,60.94,141.69,31.88,89.38,23.90,75.02,1545,1266,792,239,WH-station1,2026-08-13T20:09:11.129-07:00
water_draw_1,2026-08-13T20:09:11.754-07:00,269.344,drawing,,open,15.0,8.061820,1.797604,60.83,141.50,32.08,89.75,23.80,74.84,1544,1268,793,238,WH-station1,2026-08-13T20:09:11.633-07:00
water_draw_1,2026-08-13T20:09:12.259-07:00,269.849,drawing,,open,15.0,8.076726,1.772083,60.62,141.12,31.77,89.19,23.90,75.02,1542,1265,788,239,WH-station1,2026-08-13T20:09:12.138-07:00
water_draw_1,2026-08-13T20:09:12.764-07:00,270.353,drawing,,open,15.0,8.091719,1.782292,60.83,141.50,31.67,89.00,23.80,74.84,1544,1264,790,238,WH-station1,2026-08-13T20:09:12.642-07:00
water_draw_1,2026-08-13T20:09:13.285-07:00,270.874,drawing,,open,15.0,8.107150,1.777188,60.62,141.12,31.88,89.38,23.80,74.84,1542,1266,789,238,WH-station1,2026-08-13T20:09:13.147-07:00
water_draw_1,2026-08-13T20:09:13.790-07:00,271.379,drawing,,open,15.0,8.120819,1.624063,60.62,141.12,31.77,89.19,23.90,75.02,1542,1265,759,239,WH-station1,2026-08-13T20:09:13.652-07:00
water_draw_1,2026-08-13T20:09:14.294-07:00,271.884,drawing,,open,15.0,8.135854,1.787396,60.73,141.31,32.08,89.75,23.70,74.66,1543,1268,791,237,WH-station1,2026-08-13T20:09:14.156-07:00
water_draw_1,2026-08-13T20:09:14.799-07:00,272.389,drawing,,open,15.0,8.150975,1.797604,60.42,140.75,31.56,88.81,23.80,74.84,1540,1263,793,238,WH-station1,2026-08-13T20:09:14.661-07:00
water_draw_1,2026-08-13T20:09:15.304-07:00,272.893,drawing,,open,15.0,8.166013,1.787396,60.83,141.50,31.88,89.38,23.80,74.84,1544,1266,791,238,WH-station1,2026-08-13T20:09:15.166-07:00
water_draw_1,2026-08-13T20:09:15.809-07:00,273.398,drawing,,open,15.0,8.180877,1.766979,60.73,141.31,31.88,89.38,23.80,74.84,1543,1266,787,238,WH-station1,2026-08-13T20:09:15.671-07:00
water_draw_1,2026-08-13T20:09:16.314-07:00,273.903,drawing,,open,15.0,8.195789,1.772083,60.62,141.12,31.77,89.19,23.80,74.84,1542,1265,788,238,WH-station1,2026-08-13T20:09:16.176-07:00
water_draw_1,2026-08-13T20:09:16.818-07:00,274.408,drawing,,open,15.0,8.210740,1.777188,60.94,141.69,31.88,89.38,24.00,75.20,1545,1266,789,240,WH-station1,2026-08-13T20:09:16.681-07:00
water_draw_1,2026-08-13T20:09:17.323-07:00,274.913,drawing,,open,15.0,8.225733,1.782292,60.73,141.31,31.77,89.19,23.80,74.84,1543,1265,790,238,WH-station1,2026-08-13T20:09:17.186-07:00
water_draw_1,2026-08-13T20:09:17.828-07:00,275.417,drawing,,open,15.0,8.240469,1.751667,60.62,141.12,31.46,88.63,23.80,74.84,1542,1262,784,238,WH-station1,2026-08-13T20:09:17.691-07:00
water_draw_1,2026-08-13T20:09:18.333-07:00,275.922,drawing,,open,15.0,8.255597,1.797604,60.94,141.69,31.35,88.44,23.80,74.84,1545,1261,793,238,WH-station1,2026-08-13T20:09:18.197-07:00
water_draw_1,2026-08-13T20:09:18.838-07:00,276.427,drawing,,open,15.0,8.270813,1.807813,60.73,141.31,31.56,88.81,23.80,74.84,1543,1263,795,238,WH-station1,2026-08-13T20:09:18.702-07:00
water_draw_1,2026-08-13T20:09:19.343-07:00,276.932,drawing,,open,15.0,8.282929,1.440313,60.73,141.31,31.46,88.63,23.90,75.02,1543,1262,723,239,WH-station1,2026-08-13T20:09:19.207-07:00
water_draw_1,2026-08-13T20:09:19.847-07:00,277.437,drawing,,open,15.0,8.297837,1.772083,60.73,141.31,31.46,88.63,23.80,74.84,1543,1262,788,238,WH-station1,2026-08-13T20:09:19.712-07:00
water_draw_1,2026-08-13T20:09:20.352-07:00,277.941,drawing,,open,15.0,8.312830,1.782292,60.83,141.50,31.25,88.25,23.70,74.66,1544,1260,790,237,WH-station1,2026-08-13T20:09:20.217-07:00
water_draw_1,2026-08-13T20:09:20.857-07:00,278.446,drawing,,open,15.0,8.327695,1.766979,60.73,141.31,31.35,88.44,23.70,74.66,1543,1261,787,237,WH-station1,2026-08-13T20:09:20.722-07:00
water_draw_1,2026-08-13T20:09:21.362-07:00,278.951,drawing,,open,15.0,8.342818,1.797604,60.73,141.31,31.46,88.63,23.90,75.02,1543,1262,793,239,WH-station1,2026-08-13T20:09:21.228-07:00
water_draw_1,2026-08-13T20:09:21.866-07:00,279.456,drawing,,open,15.0,8.357858,1.787396,60.73,141.31,31.46,88.63,23.70,74.66,1543,1262,791,237,WH-station1,2026-08-13T20:09:21.732-07:00
water_draw_1,2026-08-13T20:09:22.371-07:00,279.961,drawing,,open,15.0,8.372939,1.792500,60.73,141.31,31.67,89.00,23.80,74.84,1543,1264,792,238,WH-station1,2026-08-13T20:09:22.237-07:00
water_draw_1,2026-08-13T20:09:22.876-07:00,280.466,drawing,,open,15.0,8.387891,1.777188,60.94,141.69,31.46,88.63,23.80,74.84,1545,1262,789,238,WH-station1,2026-08-13T20:09:22.742-07:00
water_draw_1,2026-08-13T20:09:23.381-07:00,280.970,drawing,,open,15.0,8.402798,1.772083,60.62,141.12,31.46,88.63,23.80,74.84,1542,1262,788,238,WH-station1,2026-08-13T20:09:23.246-07:00
water_draw_1,2026-08-13T20:09:23.886-07:00,281.475,drawing,,open,15.0,8.417924,1.797604,60.94,141.69,31.35,88.44,23.80,74.84,1545,1261,793,238,WH-station1,2026-08-13T20:09:23.751-07:00
water_draw_1,2026-08-13T20:09:24.390-07:00,281.980,drawing,,open,15.0,8.432962,1.787396,60.73,141.31,31.46,88.63,23.80,74.84,1543,1262,791,238,WH-station1,2026-08-13T20:09:24.255-07:00
water_draw_1,2026-08-13T20:09:24.895-07:00,282.485,drawing,,open,15.0,8.447784,1.761875,60.83,141.50,31.15,88.06,23.80,74.84,1544,1259,786,238,WH-station1,2026-08-13T20:09:24.760-07:00
water_draw_1,2026-08-13T20:09:25.400-07:00,282.989,drawing,,open,15.0,8.462649,1.766979,60.73,141.31,31.46,88.63,23.80,74.84,1543,1262,787,238,WH-station1,2026-08-13T20:09:25.265-07:00
water_draw_1,2026-08-13T20:09:25.905-07:00,283.494,drawing,,open,15.0,8.477386,1.751667,60.83,141.50,31.67,89.00,23.70,74.66,1544,1264,784,237,WH-station1,2026-08-13T20:09:25.770-07:00
water_draw_1,2026-08-13T20:09:26.410-07:00,283.999,drawing,,open,15.0,8.492337,1.777188,60.62,141.12,31.56,88.81,23.80,74.84,1542,1263,789,238,WH-station1,2026-08-13T20:09:26.274-07:00
water_draw_1,2026-08-13T20:09:26.914-07:00,284.504,drawing,,open,15.0,8.507460,1.797604,60.83,141.50,31.46,88.63,23.80,74.84,1544,1262,793,238,WH-station1,2026-08-13T20:09:26.779-07:00
water_draw_1,2026-08-13T20:09:27.419-07:00,285.008,drawing,,open,15.0,8.522324,1.766979,61.04,141.88,31.04,87.88,23.70,74.66,1546,1258,787,237,WH-station1,2026-08-13T20:09:27.284-07:00
water_draw_1,2026-08-13T20:09:27.924-07:00,285.513,drawing,,open,15.0,8.537319,1.782292,60.62,141.12,31.25,88.25,23.70,74.66,1542,1260,790,237,WH-station1,2026-08-13T20:09:27.788-07:00
water_draw_1,2026-08-13T20:09:28.429-07:00,286.018,drawing,,open,15.0,8.552184,1.766979,60.83,141.50,31.25,88.25,23.80,74.84,1544,1260,787,238,WH-station1,2026-08-13T20:09:28.293-07:00
water_draw_1,2026-08-13T20:09:28.933-07:00,286.523,drawing,,open,15.0,8.566964,1.756771,60.62,141.12,31.25,88.25,23.70,74.66,1542,1260,785,237,WH-station1,2026-08-13T20:09:28.798-07:00
water_draw_1,2026-08-13T20:09:29.438-07:00,287.028,drawing,,open,15.0,8.581830,1.766979,60.73,141.31,31.35,88.44,23.70,74.66,1543,1261,787,237,WH-station1,2026-08-13T20:09:29.302-07:00
water_draw_1,2026-08-13T20:09:29.943-07:00,287.532,drawing,,open,15.0,8.596780,1.777188,60.73,141.31,31.56,88.81,23.80,74.84,1543,1263,789,238,WH-station1,2026-08-13T20:09:29.807-07:00
water_draw_1,2026-08-13T20:09:30.448-07:00,288.037,drawing,,open,15.0,8.611773,1.782292,60.73,141.31,30.83,87.50,23.80,74.84,1543,1256,790,238,WH-station1,2026-08-13T20:09:30.312-07:00
water_draw_1,2026-08-13T20:09:30.952-07:00,288.542,drawing,,open,15.0,8.626767,1.782292,60.83,141.50,31.35,88.44,23.70,74.66,1544,1261,790,237,WH-station1,2026-08-13T20:09:30.817-07:00
water_draw_1,2026-08-13T20:09:31.457-07:00,289.047,drawing,,open,15.0,8.641544,1.756771,60.73,141.31,31.35,88.44,23.90,75.02,1543,1261,785,239,WH-station1,2026-08-13T20:09:31.321-07:00
water_draw_1,2026-08-13T20:09:31.962-07:00,289.551,drawing,,open,15.0,8.656539,1.782292,60.73,141.31,31.15,88.06,23.90,75.02,1543,1259,790,239,WH-station1,2026-08-13T20:09:31.826-07:00
water_draw_1,2026-08-13T20:09:32.467-07:00,290.056,drawing,,open,15.0,8.671445,1.772083,60.94,141.69,31.15,88.06,23.80,74.84,1545,1259,788,238,WH-station1,2026-08-13T20:09:32.331-07:00
water_draw_1,2026-08-13T20:09:32.971-07:00,290.561,drawing,,open,15.0,8.686352,1.772083,60.73,141.31,31.15,88.06,23.70,74.66,1543,1259,788,237,WH-station1,2026-08-13T20:09:32.835-07:00
water_draw_1,2026-08-13T20:09:33.476-07:00,291.065,drawing,,open,15.0,8.701173,1.761875,60.62,141.12,31.15,88.06,23.70,74.66,1542,1259,786,237,WH-station1,2026-08-13T20:09:33.340-07:00
water_draw_1,2026-08-13T20:09:33.981-07:00,291.570,drawing,,open,15.0,8.716123,1.777188,60.73,141.31,31.15,88.06,23.80,74.84,1543,1259,789,238,WH-station1,2026-08-13T20:09:33.845-07:00
water_draw_1,2026-08-13T20:09:34.485-07:00,292.075,drawing,,open,15.0,8.731157,1.787396,60.73,141.31,31.15,88.06,23.80,74.84,1543,1259,791,238,WH-station1,2026-08-13T20:09:34.349-07:00
water_draw_1,2026-08-13T20:09:34.990-07:00,292.580,drawing,,open,15.0,8.746111,1.777188,60.83,141.50,31.15,88.06,23.70,74.66,1544,1259,789,237,WH-station1,2026-08-13T20:09:34.854-07:00
water_draw_1,2026-08-13T20:09:35.495-07:00,293.085,drawing,,open,15.0,8.761062,1.777188,60.83,141.50,30.94,87.69,23.80,74.84,1544,1257,789,238,WH-station1,2026-08-13T20:09:35.359-07:00
water_draw_1,2026-08-13T20:09:36.000-07:00,293.589,drawing,,open,15.0,8.775884,1.761875,60.73,141.31,31.25,88.25,23.70,74.66,1543,1260,786,237,WH-station1,2026-08-13T20:09:35.864-07:00
water_draw_1,2026-08-13T20:09:36.504-07:00,294.094,drawing,,open,15.0,8.790746,1.766979,61.04,141.88,31.04,87.88,23.80,74.84,1546,1258,787,238,WH-station1,2026-08-13T20:09:36.368-07:00
water_draw_1,2026-08-13T20:09:37.009-07:00,294.599,drawing,,open,15.0,8.805661,1.772083,60.83,141.50,30.83,87.50,23.70,74.66,1544,1256,788,237,WH-station1,2026-08-13T20:09:36.873-07:00
water_draw_1,2026-08-13T20:09:37.514-07:00,295.104,drawing,,open,15.0,8.819623,1.659792,60.73,141.31,31.04,87.88,23.80,74.84,1543,1258,766,238,WH-station1,2026-08-13T20:09:37.378-07:00
water_draw_1,2026-08-13T20:09:38.019-07:00,295.608,drawing,,open,15.0,8.834616,1.782292,60.83,141.50,30.94,87.69,23.80,74.84,1544,1257,790,238,WH-station1,2026-08-13T20:09:37.882-07:00
water_draw_1,2026-08-13T20:09:38.524-07:00,296.113,drawing,,open,15.0,8.849263,1.741458,60.83,141.50,31.04,87.88,23.80,74.84,1544,1258,782,238,WH-station1,2026-08-13T20:09:38.387-07:00
water_draw_1,2026-08-13T20:09:39.028-07:00,296.618,drawing,,open,15.0,8.864213,1.777188,61.15,142.06,31.04,87.88,23.80,74.84,1547,1258,789,238,WH-station1,2026-08-13T20:09:38.892-07:00
water_draw_1,2026-08-13T20:09:39.533-07:00,297.123,drawing,,open,15.0,8.879040,1.761875,60.94,141.69,31.04,87.88,23.80,74.84,1545,1258,786,238,WH-station1,2026-08-13T20:09:39.397-07:00
water_draw_1,2026-08-13T20:09:40.038-07:00,297.628,drawing,,open,15.0,8.893822,1.756771,60.83,141.50,30.83,87.50,23.80,74.84,1544,1256,785,238,WH-station1,2026-08-13T20:09:39.901-07:00
water_draw_1,2026-08-13T20:09:40.543-07:00,298.132,drawing,,open,15.0,8.908814,1.782292,60.94,141.69,30.94,87.69,23.70,74.66,1545,1257,790,237,WH-station1,2026-08-13T20:09:40.406-07:00
water_draw_1,2026-08-13T20:09:41.047-07:00,298.637,drawing,,open,15.0,8.923722,1.772083,60.83,141.50,30.94,87.69,23.80,74.84,1544,1257,788,238,WH-station1,2026-08-13T20:09:40.911-07:00
water_draw_1,2026-08-13T20:09:41.552-07:00,299.142,drawing,,open,15.0,8.938756,1.787396,61.04,141.88,30.73,87.31,23.70,74.66,1546,1255,791,237,WH-station1,2026-08-13T20:09:41.415-07:00
water_draw_1,2026-08-13T20:09:42.057-07:00,299.646,drawing,,open,15.0,8.953578,1.761875,60.94,141.69,31.04,87.88,23.80,74.84,1545,1258,786,238,WH-station1,2026-08-13T20:09:41.920-07:00
water_draw_1,2026-08-13T20:09:42.562-07:00,300.151,drawing,,open,15.0,8.968573,1.782292,60.83,141.50,30.94,87.69,23.70,74.66,1544,1257,790,237,WH-station1,2026-08-13T20:09:42.425-07:00
water_draw_1,2026-08-13T20:09:43.066-07:00,300.656,drawing,,open,15.0,8.983522,1.777188,60.73,141.31,30.62,87.12,23.80,74.84,1543,1254,789,238,WH-station1,2026-08-13T20:09:42.929-07:00
water_draw_1,2026-08-13T20:09:43.571-07:00,301.161,drawing,,open,15.0,8.996022,1.486250,60.94,141.69,30.62,87.12,23.70,74.66,1545,1254,732,237,WH-station1,2026-08-13T20:09:43.434-07:00
water_draw_1,2026-08-13T20:09:44.076-07:00,301.665,drawing,,open,15.0,9.010972,1.777188,60.83,141.50,30.62,87.12,23.70,74.66,1544,1254,789,237,WH-station1,2026-08-13T20:09:43.939-07:00
water_draw_1,2026-08-13T20:09:44.581-07:00,302.170,drawing,,open,15.0,9.025752,1.756771,60.94,141.69,30.62,87.12,23.90,75.02,1545,1254,785,239,WH-station1,2026-08-13T20:09:44.444-07:00
water_draw_1,2026-08-13T20:09:45.085-07:00,302.675,drawing,,open,15.0,9.040489,1.751667,60.83,141.50,30.83,87.50,23.70,74.66,1544,1256,784,237,WH-station1,2026-08-13T20:09:44.948-07:00
water_draw_1,2026-08-13T20:09:45.590-07:00,303.180,drawing,,open,15.0,9.055396,1.772083,60.83,141.50,30.62,87.12,23.80,74.84,1544,1254,788,238,WH-station1,2026-08-13T20:09:45.453-07:00
water_draw_1,2026-08-13T20:09:46.095-07:00,303.684,drawing,,open,15.0,9.070304,1.772083,60.83,141.50,30.52,86.94,23.70,74.66,1544,1253,788,237,WH-station1,2026-08-13T20:09:45.958-07:00
water_draw_1,2026-08-13T20:09:46.600-07:00,304.189,drawing,,open,15.0,9.084309,1.664896,60.94,141.69,30.73,87.31,23.80,74.84,1545,1255,767,238,WH-station1,2026-08-13T20:09:46.462-07:00
water_draw_1,2026-08-13T20:09:47.104-07:00,304.694,drawing,,open,15.0,9.099301,1.782292,60.73,141.31,30.73,87.31,23.80,74.84,1543,1255,790,238,WH-station1,2026-08-13T20:09:46.967-07:00
water_draw_1,2026-08-13T20:09:47.609-07:00,305.198,drawing,,open,15.0,9.114120,1.761875,60.83,141.50,30.62,87.12,23.90,75.02,1544,1254,786,239,WH-station1,2026-08-13T20:09:47.472-07:00
water_draw_1,2026-08-13T20:09:48.114-07:00,305.703,drawing,,open,15.0,9.129115,1.782292,60.94,141.69,30.52,86.94,23.80,74.84,1545,1253,790,238,WH-station1,2026-08-13T20:09:47.977-07:00
water_draw_1,2026-08-13T20:09:48.618-07:00,306.208,drawing,,open,15.0,9.143889,1.756771,60.94,141.69,30.73,87.31,23.80,74.84,1545,1255,785,238,WH-station1,2026-08-13T20:09:48.481-07:00
water_draw_1,2026-08-13T20:09:49.123-07:00,306.713,drawing,,open,15.0,9.158882,1.782292,60.94,141.69,30.52,86.94,23.90,75.02,1545,1253,790,239,WH-station1,2026-08-13T20:09:48.986-07:00
water_draw_1,2026-08-13T20:09:49.628-07:00,307.217,drawing,,open,15.0,9.173658,1.756771,60.83,141.50,30.52,86.94,23.80,74.84,1544,1253,785,238,WH-station1,2026-08-13T20:09:49.491-07:00
water_draw_1,2026-08-13T20:09:50.132-07:00,307.722,drawing,,open,15.0,9.188738,1.792500,60.83,141.50,30.73,87.31,23.70,74.66,1544,1255,792,237,WH-station1,2026-08-13T20:09:49.995-07:00
water_draw_1,2026-08-13T20:09:50.637-07:00,308.227,drawing,,open,15.0,9.203470,1.751667,60.83,141.50,30.52,86.94,23.70,74.66,1544,1253,784,237,WH-station1,2026-08-13T20:09:50.500-07:00
water_draw_1,2026-08-13T20:09:51.142-07:00,308.731,drawing,,open,15.0,9.218422,1.777188,61.04,141.88,30.73,87.31,23.70,74.66,1546,1255,789,237,WH-station1,2026-08-13T20:09:51.005-07:00
water_draw_1,2026-08-13T20:09:51.649-07:00,309.239,drawing,,open,15.0,9.233445,1.777188,60.83,141.50,30.62,87.12,23.90,75.02,1544,1254,789,239,WH-station1,2026-08-13T20:09:51.509-07:00
water_draw_1,2026-08-13T20:09:52.154-07:00,309.743,drawing,,open,15.0,9.248354,1.772083,60.73,141.31,30.42,86.75,23.80,74.84,1543,1252,788,238,WH-station1,2026-08-13T20:09:52.014-07:00
water_draw_1,2026-08-13T20:09:52.658-07:00,310.248,drawing,,open,15.0,9.263172,1.761875,60.94,141.69,30.21,86.38,23.80,74.84,1545,1250,786,238,WH-station1,2026-08-13T20:09:52.519-07:00
water_draw_1,2026-08-13T20:09:53.163-07:00,310.753,drawing,,open,15.0,9.278122,1.777188,60.73,141.31,30.83,87.50,23.80,74.84,1543,1256,789,238,WH-station1,2026-08-13T20:09:53.023-07:00
water_draw_1,2026-08-13T20:09:53.668-07:00,311.257,drawing,,open,15.0,9.292856,1.751667,60.94,141.69,30.42,86.75,23.80,74.84,1545,1252,784,238,WH-station1,2026-08-13T20:09:53.528-07:00
water_draw_1,2026-08-13T20:09:54.173-07:00,311.762,drawing,,open,15.0,9.307893,1.787396,60.83,141.50,30.31,86.56,23.80,74.84,1544,1251,791,238,WH-station1,2026-08-13T20:09:54.033-07:00
water_draw_1,2026-08-13T20:09:54.677-07:00,312.267,drawing,,open,15.0,9.322886,1.782292,60.73,141.31,30.31,86.56,23.80,74.84,1543,1251,790,238,WH-station1,2026-08-13T20:09:54.537-07:00
water_draw_1,2026-08-13T20:09:55.182-07:00,312.772,drawing,,open,15.0,9.338009,1.797604,60.83,141.50,30.52,86.94,23.80,74.84,1544,1253,793,238,WH-station1,2026-08-13T20:09:55.042-07:00
water_draw_1,2026-08-13T20:09:55.687-07:00,313.276,drawing,,open,15.0,9.352958,1.777188,60.83,141.50,30.31,86.56,23.90,75.02,1544,1251,789,239,WH-station1,2026-08-13T20:09:55.547-07:00
water_draw_1,2026-08-13T20:09:56.192-07:00,313.781,drawing,,open,15.0,9.367908,1.777188,60.73,141.31,30.52,86.94,23.80,74.84,1543,1253,789,238,WH-station1,2026-08-13T20:09:56.052-07:00
water_draw_1,2026-08-13T20:09:56.696-07:00,314.286,drawing,,open,15.0,9.382470,1.731250,60.83,141.50,30.21,86.38,23.80,74.84,1544,1250,780,238,WH-station1,2026-08-13T20:09:56.556-07:00
water_draw_1,2026-08-13T20:09:57.202-07:00,314.791,drawing,,open,15.0,9.397164,1.746563,60.83,141.50,30.31,86.56,23.90,75.02,1544,1251,783,239,WH-station1,2026-08-13T20:09:57.061-07:00
water_draw_1,2026-08-13T20:09:57.707-07:00,315.297,drawing,,open,15.0,9.412023,1.761875,61.04,141.88,30.42,86.75,23.70,74.66,1546,1252,786,237,WH-station1,2026-08-13T20:09:57.566-07:00
water_draw_1,2026-08-13T20:09:58.213-07:00,315.801,drawing,,open,15.0,9.426844,1.761875,60.83,141.50,30.42,86.75,23.90,75.02,1544,1252,786,239,WH-station1,2026-08-13T20:09:58.070-07:00
water_draw_1,2026-08-13T20:09:58.718-07:00,316.307,drawing,,open,15.0,9.441875,1.782292,60.94,141.69,30.31,86.56,23.90,75.02,1545,1251,790,239,WH-station1,2026-08-13T20:09:58.575-07:00
water_draw_1,2026-08-13T20:09:59.224-07:00,316.812,drawing,,open,15.0,9.456611,1.751667,60.73,141.31,30.00,86.00,23.80,74.84,1543,1248,784,238,WH-station1,2026-08-13T20:09:59.080-07:00
water_draw_1,2026-08-13T20:09:59.728-07:00,317.318,drawing,,open,15.0,9.471551,1.772083,60.83,141.50,30.31,86.56,23.90,75.02,1544,1251,788,239,WH-station1,2026-08-13T20:09:59.584-07:00
water_draw_1,2026-08-13T20:10:00.233-07:00,317.823,drawing,,open,15.0,9.486245,1.746563,60.83,141.50,30.21,86.38,23.80,74.84,1544,1250,783,238,WH-station1,2026-08-13T20:10:00.089-07:00
water_draw_1,2026-08-13T20:10:00.738-07:00,318.327,drawing,,open,15.0,9.501236,1.782292,60.83,141.50,30.62,87.12,23.90,75.02,1544,1254,790,239,WH-station1,2026-08-13T20:10:00.594-07:00
water_draw_1,2026-08-13T20:10:01.243-07:00,318.832,drawing,,open,15.0,9.516142,1.772083,60.83,141.50,30.52,86.94,23.80,74.84,1544,1253,788,238,WH-station1,2026-08-13T20:10:01.098-07:00
water_draw_1,2026-08-13T20:10:01.747-07:00,319.337,drawing,,open,15.0,9.531049,1.772083,60.62,141.12,30.21,86.38,23.80,74.84,1542,1250,788,238,WH-station1,2026-08-13T20:10:01.602-07:00
water_draw_1,2026-08-13T20:10:02.252-07:00,319.842,drawing,,open,15.0,9.546173,1.797604,61.15,142.06,29.90,85.81,23.80,74.84,1547,1247,793,238,WH-station1,2026-08-13T20:10:02.107-07:00
water_draw_1,2026-08-13T20:10:02.757-07:00,320.346,drawing,,open,15.0,9.561079,1.772083,60.83,141.50,30.31,86.56,23.80,74.84,1544,1251,788,238,WH-station1,2026-08-13T20:10:02.612-07:00
water_draw_1,2026-08-13T20:10:03.262-07:00,320.851,drawing,,open,15.0,9.575775,1.746563,61.04,141.88,30.10,86.19,23.70,74.66,1546,1249,783,237,WH-station1,2026-08-13T20:10:03.117-07:00
water_draw_1,2026-08-13T20:10:03.766-07:00,321.356,drawing,,open,15.0,9.589908,1.680208,60.83,141.50,29.90,85.81,23.80,74.84,1544,1247,770,238,WH-station1,2026-08-13T20:10:03.621-07:00
water_draw_1,2026-08-13T20:10:04.271-07:00,321.861,drawing,,open,15.0,9.604599,1.746563,60.83,141.50,30.31,86.56,23.80,74.84,1544,1251,783,238,WH-station1,2026-08-13T20:10:04.126-07:00
water_draw_1,2026-08-13T20:10:04.776-07:00,322.365,drawing,,open,15.0,9.619461,1.766979,60.83,141.50,30.21,86.38,23.80,74.84,1544,1250,787,238,WH-station1,2026-08-13T20:10:04.631-07:00
water_draw_1,2026-08-13T20:10:05.280-07:00,322.870,drawing,,open,15.0,9.634327,1.766979,60.83,141.50,30.42,86.75,23.80,74.84,1544,1252,787,238,WH-station1,2026-08-13T20:10:05.135-07:00
water_draw_1,2026-08-13T20:10:05.785-07:00,323.375,drawing,,open,15.0,9.649363,1.787396,60.94,141.69,30.21,86.38,23.80,74.84,1545,1250,791,238,WH-station1,2026-08-13T20:10:05.640-07:00
water_draw_1,2026-08-13T20:10:06.290-07:00,323.879,drawing,,open,15.0,9.664227,1.766979,60.83,141.50,30.00,86.00,23.90,75.02,1544,1248,787,239,WH-station1,2026-08-13T20:10:06.145-07:00
water_draw_1,2026-08-13T20:10:06.795-07:00,324.384,drawing,,open,15.0,9.679348,1.797604,60.83,141.50,30.00,86.00,23.80,74.84,1544,1248,793,238,WH-station1,2026-08-13T20:10:06.649-07:00
water_draw_1,2026-08-13T20:10:07.299-07:00,324.889,drawing,,open,15.0,9.694383,1.787396,60.83,141.50,29.79,85.62,23.70,74.66,1544,1246,791,237,WH-station1,2026-08-13T20:10:07.154-07:00
water_draw_1,2026-08-13T20:10:07.804-07:00,325.394,drawing,,open,15.0,9.709247,1.766979,61.04,141.88,29.90,85.81,23.80,74.84,1546,1247,787,238,WH-station1,2026-08-13T20:10:07.659-07:00
water_draw_1,2026-08-13T20:10:08.309-07:00,325.898,drawing,,open,15.0,9.724327,1.792500,61.04,141.88,30.21,86.38,23.80,74.84,1546,1250,792,238,WH-station1,2026-08-13T20:10:08.164-07:00
water_draw_1,2026-08-13T20:10:08.814-07:00,326.403,drawing,,open,15.0,9.739407,1.792500,61.15,142.06,30.31,86.56,23.90,75.02,1547,1251,792,239,WH-station1,2026-08-13T20:10:08.669-07:00
water_draw_1,2026-08-13T20:10:09.318-07:00,326.908,drawing,,open,15.0,9.754400,1.782292,60.94,141.69,30.00,86.00,23.80,74.84,1545,1248,790,238,WH-station1,2026-08-13T20:10:09.174-07:00
water_draw_1,2026-08-13T20:10:09.823-07:00,327.412,drawing,,open,15.0,9.769218,1.761875,60.83,141.50,29.79,85.62,23.70,74.66,1544,1246,786,237,WH-station1,2026-08-13T20:10:09.679-07:00
water_draw_1,2026-08-13T20:10:10.328-07:00,327.917,drawing,,open,15.0,9.783695,1.721042,60.83,141.50,29.69,85.44,23.80,74.84,1544,1245,778,238,WH-station1,2026-08-13T20:10:10.185-07:00
water_draw_1,2026-08-13T20:10:10.832-07:00,328.422,drawing,,open,15.0,9.798641,1.777188,60.94,141.69,29.90,85.81,23.80,74.84,1545,1247,789,238,WH-station1,2026-08-13T20:10:10.690-07:00
water_draw_1,2026-08-13T20:10:11.337-07:00,328.927,drawing,,open,15.0,9.813636,1.782292,61.15,142.06,30.10,86.19,23.80,74.84,1547,1249,790,238,WH-station1,2026-08-13T20:10:11.195-07:00
water_draw_1,2026-08-13T20:10:11.842-07:00,329.431,drawing,,open,15.0,9.828542,1.772083,60.73,141.31,29.69,85.44,23.90,75.02,1543,1245,788,239,WH-station1,2026-08-13T20:10:11.700-07:00
water_draw_1,2026-08-13T20:10:12.346-07:00,329.936,drawing,,open,15.0,9.843536,1.782292,60.73,141.31,29.69,85.44,23.80,74.84,1543,1245,790,238,WH-station1,2026-08-13T20:10:12.205-07:00
water_draw_1,2026-08-13T20:10:12.851-07:00,330.441,drawing,,open,15.0,9.858441,1.772083,60.83,141.50,29.58,85.25,23.90,75.02,1544,1244,788,239,WH-station1,2026-08-13T20:10:12.710-07:00
water_draw_1,2026-08-13T20:10:13.356-07:00,330.945,drawing,,open,15.0,9.873307,1.766979,61.15,142.06,30.00,86.00,23.80,74.84,1547,1248,787,238,WH-station1,2026-08-13T20:10:13.215-07:00
water_draw_1,2026-08-13T20:10:13.861-07:00,331.450,drawing,,open,15.0,9.888170,1.766979,60.94,141.69,30.00,86.00,23.80,74.84,1545,1248,787,238,WH-station1,2026-08-13T20:10:13.720-07:00
water_draw_1,2026-08-13T20:10:14.365-07:00,331.955,drawing,,open,15.0,9.903122,1.777188,60.94,141.69,29.79,85.62,23.90,75.02,1545,1246,789,239,WH-station1,2026-08-13T20:10:14.225-07:00
water_draw_1,2026-08-13T20:10:14.870-07:00,332.460,drawing,,open,15.0,9.918072,1.777188,60.94,141.69,29.69,85.44,23.70,74.66,1545,1245,789,237,WH-station1,2026-08-13T20:10:14.731-07:00
water_draw_1,2026-08-13T20:10:15.375-07:00,332.964,drawing,,open,15.0,9.933065,1.782292,61.04,141.88,29.79,85.62,23.80,74.84,1546,1246,790,238,WH-station1,2026-08-13T20:10:15.236-07:00
water_draw_1,2026-08-13T20:10:15.880-07:00,333.469,drawing,,open,15.0,9.947840,1.756771,61.04,141.88,29.79,85.62,23.80,74.84,1546,1246,785,238,WH-station1,2026-08-13T20:10:15.741-07:00
water_draw_1,2026-08-13T20:10:16.384-07:00,333.974,drawing,,open,15.0,9.962834,1.782292,60.94,141.69,29.90,85.81,23.80,74.84,1545,1247,790,238,WH-station1,2026-08-13T20:10:16.246-07:00
water_draw_1,2026-08-13T20:10:16.889-07:00,334.478,drawing,,open,15.0,9.977694,1.766979,60.83,141.50,29.90,85.81,23.80,74.84,1544,1247,787,238,WH-station1,2026-08-13T20:10:16.751-07:00
water_draw_1,2026-08-13T20:10:17.394-07:00,334.983,drawing,,open,15.0,9.992560,1.766979,60.83,141.50,29.69,85.44,23.80,74.84,1544,1245,787,238,WH-station1,2026-08-13T20:10:17.256-07:00
water_draw_1,2026-08-13T20:10:17.898-07:00,335.488,drawing,,open,15.0,10.007597,1.787396,60.83,141.50,29.90,85.81,23.80,74.84,1544,1247,791,238,WH-station1,2026-08-13T20:10:17.761-07:00
water_draw_1,2026-08-13T20:10:18.403-07:00,335.993,drawing,,open,15.0,10.022590,1.782292,60.73,141.31,29.38,84.88,23.80,74.84,1543,1242,790,238,WH-station1,2026-08-13T20:10:18.266-07:00
water_draw_1,2026-08-13T20:10:18.908-07:00,336.497,drawing,,open,15.0,10.037625,1.787396,60.94,141.69,29.79,85.62,23.70,74.66,1545,1246,791,237,WH-station1,2026-08-13T20:10:18.771-07:00
water_draw_1,2026-08-13T20:10:19.413-07:00,337.002,drawing,,open,15.0,10.052542,1.772083,60.83,141.50,30.10,86.19,24.00,75.20,1544,1249,788,240,WH-station1,2026-08-13T20:10:19.276-07:00
water_draw_1,2026-08-13T20:10:19.918-07:00,337.507,drawing,,open,15.0,10.067540,1.782292,60.94,141.69,29.58,85.25,23.80,74.84,1545,1244,790,238,WH-station1,2026-08-13T20:10:19.782-07:00
water_draw_1,2026-08-13T20:10:20.423-07:00,338.012,drawing,,open,15.0,10.082404,1.766979,61.04,141.88,29.38,84.88,23.80,74.84,1546,1242,787,238,WH-station1,2026-08-13T20:10:20.287-07:00
water_draw_1,2026-08-13T20:10:20.928-07:00,338.517,drawing,,open,15.0,10.096675,1.695521,60.94,141.69,29.38,84.88,23.80,74.84,1545,1242,773,238,WH-station1,2026-08-13T20:10:20.792-07:00
water_draw_1,2026-08-13T20:10:21.432-07:00,339.022,drawing,,open,15.0,10.111711,1.787396,60.94,141.69,29.58,85.25,23.70,74.66,1545,1244,791,237,WH-station1,2026-08-13T20:10:21.296-07:00
water_draw_1,2026-08-13T20:10:21.937-07:00,339.527,drawing,,open,15.0,10.126576,1.766979,60.83,141.50,29.79,85.62,23.80,74.84,1544,1246,787,238,WH-station1,2026-08-13T20:10:21.801-07:00
water_draw_1,2026-08-13T20:10:22.442-07:00,340.031,drawing,,open,15.0,10.141528,1.777188,61.04,141.88,29.48,85.06,23.90,75.02,1546,1243,789,239,WH-station1,2026-08-13T20:10:22.307-07:00
water_draw_1,2026-08-13T20:10:22.947-07:00,340.536,drawing,,open,15.0,10.156436,1.772083,60.94,141.69,29.69,85.44,23.80,74.84,1545,1245,788,238,WH-station1,2026-08-13T20:10:22.812-07:00
water_draw_1,2026-08-13T20:10:23.451-07:00,341.041,drawing,,open,15.0,10.171342,1.772083,61.04,141.88,29.48,85.06,23.80,74.84,1546,1243,788,238,WH-station1,2026-08-13T20:10:23.316-07:00
water_draw_1,2026-08-13T20:10:23.956-07:00,341.546,drawing,,open,15.0,10.186335,1.782292,60.83,141.50,29.79,85.62,23.80,74.84,1544,1246,790,238,WH-station1,2026-08-13T20:10:23.821-07:00
water_draw_1,2026-08-13T20:10:24.461-07:00,342.050,drawing,,open,15.0,10.201029,1.746563,60.94,141.69,29.38,84.88,23.90,75.02,1545,1242,783,239,WH-station1,2026-08-13T20:10:24.326-07:00
water_draw_1,2026-08-13T20:10:24.966-07:00,342.555,drawing,,open,15.0,10.215768,1.751667,61.04,141.88,29.48,85.06,23.70,74.66,1546,1243,784,237,WH-station1,2026-08-13T20:10:24.831-07:00
water_draw_1,2026-08-13T20:10:25.471-07:00,343.060,drawing,,open,15.0,10.230549,1.756771,60.83,141.50,29.69,85.44,23.70,74.66,1544,1245,785,237,WH-station1,2026-08-13T20:10:25.336-07:00
water_draw_1,2026-08-13T20:10:25.975-07:00,343.565,drawing,,open,15.0,10.245370,1.761875,60.83,141.50,29.69,85.44,23.90,75.02,1544,1245,786,239,WH-station1,2026-08-13T20:10:25.840-07:00
water_draw_1,2026-08-13T20:10:26.480-07:00,344.069,drawing,,open,15.0,10.260318,1.777188,60.73,141.31,29.58,85.25,23.80,74.84,1543,1244,789,238,WH-station1,2026-08-13T20:10:26.345-07:00
water_draw_1,2026-08-13T20:10:26.985-07:00,344.574,drawing,,open,15.0,10.275225,1.772083,61.04,141.88,29.58,85.25,23.80,74.84,1546,1244,788,238,WH-station1,2026-08-13T20:10:26.850-07:00
water_draw_1,2026-08-13T20:10:27.490-07:00,345.079,drawing,,open,15.0,10.290090,1.766979,60.83,141.50,29.48,85.06,23.80,74.84,1544,1243,787,238,WH-station1,2026-08-13T20:10:27.354-07:00
water_draw_1,2026-08-13T20:10:27.994-07:00,345.584,drawing,,open,15.0,10.305000,1.772083,61.04,141.88,29.48,85.06,23.80,74.84,1546,1243,788,238,WH-station1,2026-08-13T20:10:27.859-07:00
water_draw_1,2026-08-13T20:10:28.499-07:00,346.089,drawing,,open,15.0,10.319781,1.756771,61.15,142.06,29.38,84.88,23.90,75.02,1547,1242,785,239,WH-station1,2026-08-13T20:10:28.364-07:00
water_draw_1,2026-08-13T20:10:29.004-07:00,346.593,drawing,,open,15.0,10.334778,1.782292,60.94,141.69,29.58,85.25,23.80,74.84,1545,1244,790,238,WH-station1,2026-08-13T20:10:28.869-07:00
water_draw_1,2026-08-13T20:10:29.509-07:00,347.098,drawing,,open,15.0,10.349769,1.782292,60.94,141.69,29.17,84.50,23.80,74.84,1545,1240,790,238,WH-station1,2026-08-13T20:10:29.373-07:00
water_draw_1,2026-08-13T20:10:30.013-07:00,347.603,drawing,,open,15.0,10.364550,1.756771,60.62,141.12,29.17,84.50,23.80,74.84,1542,1240,785,238,WH-station1,2026-08-13T20:10:29.878-07:00
water_draw_1,2026-08-13T20:10:30.518-07:00,348.108,drawing,,open,15.0,10.379460,1.772083,60.62,141.12,29.38,84.88,23.80,74.84,1542,1242,788,238,WH-station1,2026-08-13T20:10:30.383-07:00
water_draw_1,2026-08-13T20:10:31.023-07:00,348.612,drawing,,open,15.0,10.394324,1.766979,60.83,141.50,29.38,84.88,23.80,74.84,1544,1242,787,238,WH-station1,2026-08-13T20:10:30.887-07:00
water_draw_1,2026-08-13T20:10:31.528-07:00,349.117,drawing,,open,15.0,10.408972,1.741458,60.83,141.50,29.38,84.88,23.80,74.84,1544,1242,782,238,WH-station1,2026-08-13T20:10:31.392-07:00
water_draw_1,2026-08-13T20:10:32.032-07:00,349.622,drawing,,open,15.0,10.423752,1.756771,60.94,141.69,29.48,85.06,23.80,74.84,1545,1243,785,238,WH-station1,2026-08-13T20:10:31.897-07:00
water_draw_1,2026-08-13T20:10:32.537-07:00,350.127,drawing,,open,15.0,10.438402,1.741458,61.04,141.88,29.17,84.50,23.70,74.66,1546,1240,782,237,WH-station1,2026-08-13T20:10:32.402-07:00
water_draw_1,2026-08-13T20:10:33.042-07:00,350.631,drawing,,open,15.0,10.453311,1.772083,61.04,141.88,29.38,84.88,23.70,74.66,1546,1242,788,237,WH-station1,2026-08-13T20:10:32.906-07:00
water_draw_1,2026-08-13T20:10:33.547-07:00,351.136,drawing,,open,15.0,10.468174,1.766979,60.94,141.69,29.58,85.25,23.80,74.84,1545,1244,787,238,WH-station1,2026-08-13T20:10:33.411-07:00
water_draw_1,2026-08-13T20:10:34.051-07:00,351.641,drawing,,open,15.0,10.482781,1.736354,60.83,141.50,29.27,84.69,23.80,74.84,1544,1241,781,238,WH-station1,2026-08-13T20:10:33.916-07:00
water_draw_1,2026-08-13T20:10:34.556-07:00,352.146,drawing,,open,15.0,10.497600,1.761875,61.04,141.88,29.27,84.69,23.80,74.84,1546,1241,786,238,WH-station1,2026-08-13T20:10:34.421-07:00
water_draw_1,2026-08-13T20:10:35.061-07:00,352.650,drawing,,open,15.0,10.512423,1.761875,60.83,141.50,29.58,85.25,23.90,75.02,1544,1244,786,239,WH-station1,2026-08-13T20:10:34.925-07:00
water_draw_1,2026-08-13T20:10:35.566-07:00,353.155,drawing,,open,15.0,10.527376,1.777188,60.94,141.69,29.38,84.88,23.80,74.84,1545,1242,789,238,WH-station1,2026-08-13T20:10:35.430-07:00
water_draw_1,2026-08-13T20:10:36.070-07:00,353.660,drawing,,open,15.0,10.542284,1.772083,61.04,141.88,29.27,84.69,23.70,74.66,1546,1241,788,237,WH-station1,2026-08-13T20:10:35.935-07:00
water_draw_1,2026-08-13T20:10:36.575-07:00,354.165,drawing,,open,15.0,10.557059,1.756771,60.94,141.69,29.27,84.69,23.80,74.84,1545,1241,785,238,WH-station1,2026-08-13T20:10:36.440-07:00
water_draw_1,2026-08-13T20:10:37.080-07:00,354.669,drawing,,open,15.0,10.571665,1.736354,61.04,141.88,29.27,84.69,23.90,75.02,1546,1241,781,239,WH-station1,2026-08-13T20:10:36.944-07:00
water_draw_1,2026-08-13T20:10:37.584-07:00,355.174,drawing,,open,15.0,10.586527,1.766979,61.25,142.25,28.85,83.94,23.70,74.66,1548,1237,787,237,WH-station1,2026-08-13T20:10:37.449-07:00
water_draw_1,2026-08-13T20:10:38.089-07:00,355.679,drawing,,open,15.0,10.601134,1.736354,60.94,141.69,28.96,84.12,23.80,74.84,1545,1238,781,238,WH-station1,2026-08-13T20:10:37.953-07:00
water_draw_1,2026-08-13T20:10:38.594-07:00,356.183,drawing,,open,15.0,10.615825,1.746563,60.94,141.69,29.06,84.31,23.80,74.84,1545,1239,783,238,WH-station1,2026-08-13T20:10:38.458-07:00
water_draw_1,2026-08-13T20:10:39.099-07:00,356.688,drawing,,open,15.0,10.630518,1.746563,61.04,141.88,29.06,84.31,23.70,74.66,1546,1239,783,237,WH-station1,2026-08-13T20:10:38.963-07:00
water_draw_1,2026-08-13T20:10:39.603-07:00,357.193,drawing,,open,15.0,10.645250,1.751667,61.04,141.88,28.96,84.12,23.90,75.02,1546,1238,784,239,WH-station1,2026-08-13T20:10:39.468-07:00
water_draw_1,2026-08-13T20:10:40.108-07:00,357.698,drawing,,open,15.0,10.660247,1.782292,61.15,142.06,29.48,85.06,23.70,74.66,1547,1243,790,237,WH-station1,2026-08-13T20:10:39.973-07:00
water_draw_1,2026-08-13T20:10:40.613-07:00,358.202,drawing,,open,15.0,10.675152,1.772083,60.83,141.50,28.85,83.94,23.80,74.84,1544,1237,788,238,WH-station1,2026-08-13T20:10:40.478-07:00
water_draw_1,2026-08-13T20:10:41.118-07:00,358.707,drawing,,open,15.0,10.690017,1.766979,61.15,142.06,29.38,84.88,23.80,74.84,1547,1242,787,238,WH-station1,2026-08-13T20:10:40.984-07:00
water_draw_1,2026-08-13T20:10:41.622-07:00,359.212,drawing,,open,15.0,10.704925,1.772083,60.83,141.50,29.27,84.69,23.80,74.84,1544,1241,788,238,WH-station1,2026-08-13T20:10:41.488-07:00
water_draw_1,2026-08-13T20:10:42.127-07:00,359.717,drawing,,open,15.0,10.719746,1.761875,60.83,141.50,28.85,83.94,23.80,74.84,1544,1237,786,238,WH-station1,2026-08-13T20:10:41.993-07:00
water_draw_1,2026-08-13T20:10:42.632-07:00,360.221,drawing,,open,15.0,10.734394,1.741458,61.04,141.88,28.96,84.12,23.80,74.84,1546,1238,782,238,WH-station1,2026-08-13T20:10:42.498-07:00
water_draw_1,2026-08-13T20:10:43.136-07:00,360.726,drawing,,open,15.0,10.749257,1.766979,60.94,141.69,29.17,84.50,23.80,74.84,1545,1240,787,238,WH-station1,2026-08-13T20:10:43.002-07:00
water_draw_1,2026-08-13T20:10:43.641-07:00,361.231,drawing,,open,15.0,10.763949,1.746563,61.04,141.88,29.06,84.31,23.80,74.84,1546,1239,783,238,WH-station1,2026-08-13T20:10:43.507-07:00
water_draw_1,2026-08-13T20:10:44.146-07:00,361.735,drawing,,open,15.0,10.778856,1.772083,61.04,141.88,28.96,84.12,23.90,75.02,1546,1238,788,239,WH-station1,2026-08-13T20:10:44.012-07:00
water_draw_1,2026-08-13T20:10:44.651-07:00,362.240,drawing,,open,15.0,10.793847,1.782292,60.83,141.50,28.96,84.12,23.80,74.84,1544,1238,790,238,WH-station1,2026-08-13T20:10:44.517-07:00
water_draw_1,2026-08-13T20:10:45.155-07:00,362.745,drawing,,open,15.0,10.808541,1.746563,60.94,141.69,29.27,84.69,23.80,74.84,1545,1241,783,238,WH-station1,2026-08-13T20:10:45.021-07:00
water_draw_1,2026-08-13T20:10:45.660-07:00,363.250,drawing,,open,15.0,10.823320,1.756771,60.83,141.50,28.96,84.12,23.80,74.84,1544,1238,785,238,WH-station1,2026-08-13T20:10:45.526-07:00
water_draw_1,2026-08-13T20:10:46.165-07:00,363.754,drawing,,open,15.0,10.838054,1.751667,61.04,141.88,28.65,83.56,23.90,75.02,1546,1235,784,239,WH-station1,2026-08-13T20:10:46.031-07:00
water_draw_1,2026-08-13T20:10:46.669-07:00,364.259,drawing,,open,15.0,10.852661,1.736354,60.94,141.69,28.85,83.94,23.70,74.66,1545,1237,781,237,WH-station1,2026-08-13T20:10:46.535-07:00
water_draw_1,2026-08-13T20:10:47.174-07:00,364.764,drawing,,open,15.0,10.867353,1.746563,61.15,142.06,28.96,84.12,23.70,74.66,1547,1238,783,237,WH-station1,2026-08-13T20:10:47.040-07:00
water_draw_1,2026-08-13T20:10:47.679-07:00,365.268,drawing,,open,15.0,10.882002,1.741458,60.83,141.50,29.17,84.50,23.90,75.02,1544,1240,782,239,WH-station1,2026-08-13T20:10:47.545-07:00
water_draw_1,2026-08-13T20:10:48.184-07:00,365.773,drawing,,open,15.0,10.896950,1.777188,60.73,141.31,28.85,83.94,23.90,75.02,1543,1237,789,239,WH-station1,2026-08-13T20:10:48.049-07:00
water_draw_1,2026-08-13T20:10:48.688-07:00,366.278,drawing,,open,15.0,10.911856,1.772083,61.04,141.88,29.06,84.31,23.70,74.66,1546,1239,788,237,WH-station1,2026-08-13T20:10:48.554-07:00
water_draw_1,2026-08-13T20:10:49.193-07:00,366.783,drawing,,open,15.0,10.926721,1.766979,60.83,141.50,28.75,83.75,23.80,74.84,1544,1236,787,238,WH-station1,2026-08-13T20:10:49.059-07:00
water_draw_1,2026-08-13T20:10:49.698-07:00,367.287,drawing,,open,15.0,10.941414,1.746563,61.04,141.88,28.96,84.12,23.80,74.84,1546,1238,783,238,WH-station1,2026-08-13T20:10:49.564-07:00
water_draw_1,2026-08-13T20:10:50.202-07:00,367.792,drawing,,open,15.0,10.956451,1.787396,61.04,141.88,29.06,84.31,23.90,75.02,1546,1239,791,239,WH-station1,2026-08-13T20:10:50.069-07:00
water_draw_1,2026-08-13T20:10:50.707-07:00,368.297,drawing,,open,15.0,10.971187,1.751667,60.94,141.69,28.75,83.75,23.90,75.02,1545,1236,784,239,WH-station1,2026-08-13T20:10:50.573-07:00
water_draw_1,2026-08-13T20:10:51.212-07:00,368.801,drawing,,open,15.0,10.986135,1.777188,61.15,142.06,28.65,83.56,23.90,75.02,1547,1235,789,239,WH-station1,2026-08-13T20:10:51.078-07:00
water_draw_1,2026-08-13T20:10:51.717-07:00,369.306,drawing,,open,15.0,11.000697,1.731250,60.83,141.50,28.75,83.75,23.90,75.02,1544,1236,780,239,WH-station1,2026-08-13T20:10:51.583-07:00
water_draw_1,2026-08-13T20:10:52.221-07:00,369.811,drawing,,open,15.0,11.015477,1.756771,61.04,141.88,28.85,83.94,23.80,74.84,1546,1237,785,238,WH-station1,2026-08-13T20:10:52.087-07:00
water_draw_1,2026-08-13T20:10:52.726-07:00,370.316,drawing,,open,15.0,11.030470,1.782292,60.94,141.69,28.65,83.56,23.90,75.02,1545,1235,790,239,WH-station1,2026-08-13T20:10:52.592-07:00
water_draw_1,2026-08-13T20:10:53.231-07:00,370.820,drawing,,open,15.0,11.045291,1.761875,61.04,141.88,28.75,83.75,23.80,74.84,1546,1236,786,238,WH-station1,2026-08-13T20:10:53.097-07:00
water_draw_1,2026-08-13T20:10:53.735-07:00,371.325,drawing,,open,15.0,11.060195,1.772083,61.04,141.88,28.96,84.12,23.70,74.66,1546,1238,788,237,WH-station1,2026-08-13T20:10:53.601-07:00
water_draw_1,2026-08-13T20:10:54.240-07:00,371.830,drawing,,open,15.0,11.074801,1.736354,60.94,141.69,28.75,83.75,23.80,74.84,1545,1236,781,238,WH-station1,2026-08-13T20:10:54.106-07:00
water_draw_1,2026-08-13T20:10:54.745-07:00,372.334,drawing,,open,15.0,11.089492,1.746563,60.94,141.69,28.85,83.94,23.90,75.02,1545,1237,783,239,WH-station1,2026-08-13T20:10:54.611-07:00
water_draw_1,2026-08-13T20:10:55.250-07:00,372.839,drawing,,open,15.0,11.104487,1.782292,61.04,141.88,28.54,83.38,23.80,74.84,1546,1234,790,238,WH-station1,2026-08-13T20:10:55.115-07:00
water_draw_1,2026-08-13T20:10:55.754-07:00,373.344,drawing,,open,15.0,11.119264,1.756771,61.04,141.88,28.75,83.75,23.80,74.84,1546,1236,785,238,WH-station1,2026-08-13T20:10:55.620-07:00
water_draw_1,2026-08-13T20:10:56.259-07:00,373.849,drawing,,open,15.0,11.134043,1.756771,61.04,141.88,28.44,83.19,23.80,74.84,1546,1233,785,238,WH-station1,2026-08-13T20:10:56.125-07:00
water_draw_1,2026-08-13T20:10:56.764-07:00,374.353,drawing,,open,15.0,11.149079,1.787396,61.04,141.88,28.75,83.75,23.80,74.84,1546,1236,791,238,WH-station1,2026-08-13T20:10:56.629-07:00
water_draw_1,2026-08-13T20:10:57.269-07:00,374.858,drawing,,open,15.0,11.163813,1.751667,61.15,142.06,28.54,83.38,23.70,74.66,1547,1234,784,237,WH-station1,2026-08-13T20:10:57.134-07:00
water_draw_1,2026-08-13T20:10:57.773-07:00,375.363,drawing,,open,15.0,11.178677,1.766979,61.04,141.88,28.54,83.38,23.90,75.02,1546,1234,787,239,WH-station1,2026-08-13T20:10:57.639-07:00
water_draw_1,2026-08-13T20:10:58.278-07:00,375.868,drawing,,open,15.0,11.191868,1.567917,61.04,141.88,28.65,83.56,23.90,75.02,1546,1235,748,239,WH-station1,2026-08-13T20:10:58.143-07:00
water_draw_1,2026-08-13T20:10:58.783-07:00,376.372,drawing,,open,15.0,11.206732,1.766979,61.15,142.06,28.54,83.38,23.90,75.02,1547,1234,787,239,WH-station1,2026-08-13T20:10:58.648-07:00
water_draw_1,2026-08-13T20:10:59.287-07:00,376.877,drawing,,open,15.0,11.221381,1.741458,60.94,141.69,28.75,83.75,23.80,74.84,1545,1236,782,238,WH-station1,2026-08-13T20:10:59.153-07:00
water_draw_1,2026-08-13T20:10:59.792-07:00,377.382,drawing,,open,15.0,11.236327,1.777188,61.15,142.06,28.85,83.94,23.80,74.84,1547,1237,789,238,WH-station1,2026-08-13T20:10:59.658-07:00
water_draw_1,2026-08-13T20:11:00.297-07:00,377.886,drawing,,open,15.0,11.251020,1.746563,61.04,141.88,28.54,83.38,23.80,74.84,1546,1234,783,238,WH-station1,2026-08-13T20:11:00.163-07:00
water_draw_1,2026-08-13T20:11:00.802-07:00,378.391,drawing,,open,15.0,11.265929,1.772083,61.15,142.06,28.44,83.19,23.90,75.02,1547,1233,788,239,WH-station1,2026-08-13T20:11:00.667-07:00
water_draw_1,2026-08-13T20:11:01.306-07:00,378.896,drawing,,open,15.0,11.280750,1.761875,61.15,142.06,28.65,83.56,23.90,75.02,1547,1235,786,239,WH-station1,2026-08-13T20:11:01.172-07:00
water_draw_1,2026-08-13T20:11:01.811-07:00,379.401,drawing,,open,15.0,11.295402,1.741458,61.04,141.88,28.54,83.38,23.90,75.02,1546,1234,782,239,WH-station1,2026-08-13T20:11:01.677-07:00
water_draw_1,2026-08-13T20:11:02.316-07:00,379.905,drawing,,open,15.0,11.310308,1.772083,61.15,142.06,28.65,83.56,23.80,74.84,1547,1235,788,238,WH-station1,2026-08-13T20:11:02.181-07:00
water_draw_1,2026-08-13T20:11:02.821-07:00,380.410,drawing,,open,15.0,11.324397,1.675104,60.83,141.50,28.65,83.56,23.80,74.84,1544,1235,769,238,WH-station1,2026-08-13T20:11:02.686-07:00
water_draw_1,2026-08-13T20:11:03.325-07:00,380.915,drawing,,open,15.0,11.339221,1.761875,61.04,141.88,28.85,83.94,23.80,74.84,1546,1237,786,238,WH-station1,2026-08-13T20:11:03.191-07:00
water_draw_1,2026-08-13T20:11:03.830-07:00,381.420,drawing,,open,15.0,11.354041,1.761875,60.83,141.50,28.23,82.81,23.80,74.84,1544,1231,786,238,WH-station1,2026-08-13T20:11:03.695-07:00
water_draw_1,2026-08-13T20:11:04.335-07:00,381.924,drawing,,open,15.0,11.368735,1.746563,61.04,141.88,28.65,83.56,23.80,74.84,1546,1235,783,238,WH-station1,2026-08-13T20:11:04.200-07:00
water_draw_1,2026-08-13T20:11:04.840-07:00,382.429,drawing,,open,15.0,11.383556,1.761875,61.15,142.06,28.44,83.19,23.80,74.84,1547,1233,786,238,WH-station1,2026-08-13T20:11:04.705-07:00
water_draw_1,2026-08-13T20:11:05.344-07:00,382.934,drawing,,open,15.0,11.398377,1.761875,60.94,141.69,28.23,82.81,23.80,74.84,1545,1231,786,238,WH-station1,2026-08-13T20:11:05.210-07:00
water_draw_1,2026-08-13T20:11:05.849-07:00,383.438,drawing,,open,15.0,11.412981,1.736354,61.04,141.88,28.65,83.56,23.90,75.02,1546,1235,781,239,WH-station1,2026-08-13T20:11:05.714-07:00
water_draw_1,2026-08-13T20:11:06.354-07:00,383.943,drawing,,open,15.0,11.427719,1.751667,60.94,141.69,28.33,83.00,23.80,74.84,1545,1232,784,238,WH-station1,2026-08-13T20:11:06.219-07:00
water_draw_1,2026-08-13T20:11:06.859-07:00,384.448,drawing,,open,15.0,11.442413,1.746563,61.04,141.88,28.65,83.56,23.80,74.84,1546,1235,783,238,WH-station1,2026-08-13T20:11:06.724-07:00
water_draw_1,2026-08-13T20:11:07.363-07:00,384.953,drawing,,open,15.0,11.456590,1.685312,61.15,142.06,28.44,83.19,23.80,74.84,1547,1233,771,238,WH-station1,2026-08-13T20:11:07.229-07:00
water_draw_1,2026-08-13T20:11:07.868-07:00,385.457,drawing,,open,15.0,11.471281,1.746563,61.04,141.88,28.12,82.62,23.90,75.02,1546,1230,783,239,WH-station1,2026-08-13T20:11:07.733-07:00
water_draw_1,2026-08-13T20:11:08.373-07:00,385.962,drawing,,open,15.0,11.486229,1.777188,60.94,141.69,28.23,82.81,23.70,74.66,1545,1231,789,237,WH-station1,2026-08-13T20:11:08.238-07:00
water_draw_1,2026-08-13T20:11:08.877-07:00,386.467,drawing,,open,15.0,11.501005,1.756771,61.04,141.88,28.54,83.38,23.90,75.02,1546,1234,785,239,WH-station1,2026-08-13T20:11:08.743-07:00
water_draw_1,2026-08-13T20:11:09.382-07:00,386.972,drawing,,open,15.0,11.515999,1.782292,61.15,142.06,28.33,83.00,23.90,75.02,1547,1232,790,239,WH-station1,2026-08-13T20:11:09.247-07:00
water_draw_1,2026-08-13T20:11:09.887-07:00,387.476,drawing,,open,15.0,11.530518,1.726146,60.83,141.50,28.54,83.38,23.80,74.84,1544,1234,779,238,WH-station1,2026-08-13T20:11:09.752-07:00
water_draw_1,2026-08-13T20:11:10.391-07:00,387.981,drawing,,open,15.0,11.545210,1.746563,61.04,141.88,28.44,83.19,23.90,75.02,1546,1233,783,239,WH-station1,2026-08-13T20:11:10.257-07:00
water_draw_1,2026-08-13T20:11:10.896-07:00,388.486,drawing,,open,15.0,11.560028,1.761875,61.15,142.06,28.54,83.38,23.80,74.84,1547,1234,786,238,WH-station1,2026-08-13T20:11:10.762-07:00
water_draw_1,2026-08-13T20:11:11.401-07:00,388.990,drawing,,open,15.0,11.574761,1.751667,61.04,141.88,28.54,83.38,23.80,74.84,1546,1234,784,238,WH-station1,2026-08-13T20:11:11.267-07:00
water_draw_1,2026-08-13T20:11:11.905-07:00,389.495,drawing,,open,15.0,11.589667,1.772083,60.94,141.69,28.23,82.81,23.80,74.84,1545,1231,788,238,WH-station1,2026-08-13T20:11:11.771-07:00
water_draw_1,2026-08-13T20:11:12.410-07:00,390.000,drawing,,open,15.0,11.604532,1.766979,60.94,141.69,28.23,82.81,23.90,75.02,1545,1231,787,239,WH-station1,2026-08-13T20:11:12.276-07:00
water_draw_1,2026-08-13T20:11:12.915-07:00,390.504,drawing,,open,15.0,11.619353,1.761875,61.04,141.88,28.23,82.81,23.90,75.02,1546,1231,786,239,WH-station1,2026-08-13T20:11:12.781-07:00
water_draw_1,2026-08-13T20:11:13.420-07:00,391.009,drawing,,open,15.0,11.634261,1.772083,61.15,142.06,28.23,82.81,23.90,75.02,1547,1231,788,239,WH-station1,2026-08-13T20:11:13.285-07:00
water_draw_1,2026-08-13T20:11:13.924-07:00,391.514,drawing,,open,15.0,11.648909,1.741458,61.04,141.88,28.12,82.62,23.80,74.84,1546,1230,782,238,WH-station1,2026-08-13T20:11:13.790-07:00
water_draw_1,2026-08-13T20:11:14.429-07:00,392.019,drawing,,open,15.0,11.663601,1.746563,61.15,142.06,28.33,83.00,23.80,74.84,1547,1232,783,238,WH-station1,2026-08-13T20:11:14.295-07:00
water_draw_1,2026-08-13T20:11:14.934-07:00,392.523,drawing,,open,15.0,11.678291,1.746563,61.04,141.88,28.12,82.62,24.00,75.20,1546,1230,783,240,WH-station1,2026-08-13T20:11:14.799-07:00
water_draw_1,2026-08-13T20:11:15.438-07:00,393.028,drawing,,open,15.0,11.692683,1.710833,61.04,141.88,28.02,82.44,23.70,74.66,1546,1229,776,237,WH-station1,2026-08-13T20:11:15.304-07:00
water_draw_1,2026-08-13T20:11:15.943-07:00,393.533,drawing,,open,15.0,11.707458,1.756771,61.35,142.44,28.33,83.00,23.90,75.02,1549,1232,785,239,WH-station1,2026-08-13T20:11:15.809-07:00
water_draw_1,2026-08-13T20:11:16.448-07:00,394.037,drawing,,open,15.0,11.721892,1.715937,61.25,142.25,28.12,82.62,23.70,74.66,1548,1230,777,237,WH-station1,2026-08-13T20:11:16.314-07:00
water_draw_1,2026-08-13T20:11:16.952-07:00,394.542,drawing,,open,15.0,11.736797,1.772083,61.15,142.06,28.23,82.81,23.80,74.84,1547,1231,788,238,WH-station1,2026-08-13T20:11:16.818-07:00
water_draw_1,2026-08-13T20:11:17.457-07:00,395.047,drawing,,open,15.0,11.750458,1.624063,61.35,142.44,28.23,82.81,23.80,74.84,1549,1231,759,238,WH-station1,2026-08-13T20:11:17.323-07:00
water_draw_1,2026-08-13T20:11:17.962-07:00,395.551,drawing,,open,15.0,11.765452,1.782292,60.94,141.69,28.02,82.44,23.80,74.84,1545,1229,790,238,WH-station1,2026-08-13T20:11:17.828-07:00
water_draw_1,2026-08-13T20:11:18.466-07:00,396.056,drawing,,open,15.0,11.780143,1.746563,61.15,142.06,28.02,82.44,23.80,74.84,1547,1229,783,238,WH-station1,2026-08-13T20:11:18.332-07:00
water_draw_1,2026-08-13T20:11:18.971-07:00,396.561,drawing,,open,15.0,11.794962,1.761875,61.15,142.06,28.54,83.38,23.90,75.02,1547,1234,786,239,WH-station1,2026-08-13T20:11:18.837-07:00
water_draw_1,2026-08-13T20:11:19.476-07:00,397.065,drawing,,open,15.0,11.809051,1.675104,61.04,141.88,28.12,82.62,23.80,74.84,1546,1230,769,238,WH-station1,2026-08-13T20:11:19.342-07:00
water_draw_1,2026-08-13T20:11:19.980-07:00,397.570,drawing,,open,15.0,11.823698,1.741458,61.15,142.06,28.33,83.00,23.80,74.84,1547,1232,782,238,WH-station1,2026-08-13T20:11:19.847-07:00
water_draw_1,2026-08-13T20:11:20.485-07:00,398.075,drawing,,open,15.0,11.838391,1.746563,61.04,141.88,28.12,82.62,23.90,75.02,1546,1230,783,239,WH-station1,2026-08-13T20:11:20.351-07:00
water_draw_1,2026-08-13T20:11:20.990-07:00,398.580,drawing,,open,15.0,11.853256,1.766979,61.15,142.06,28.02,82.44,23.70,74.66,1547,1229,787,237,WH-station1,2026-08-13T20:11:20.856-07:00
water_draw_1,2026-08-13T20:11:21.495-07:00,399.084,drawing,,open,15.0,11.866659,1.593438,61.04,141.88,27.81,82.06,23.90,75.02,1546,1227,753,239,WH-station1,2026-08-13T20:11:21.361-07:00
water_draw_1,2026-08-13T20:11:21.999-07:00,399.589,drawing,,open,15.0,11.881564,1.772083,60.94,141.69,28.12,82.62,23.80,74.84,1545,1230,788,238,WH-station1,2026-08-13T20:11:21.865-07:00
water_draw_1,2026-08-13T20:11:22.504-07:00,400.094,drawing,,open,15.0,11.896341,1.756771,61.04,141.88,28.44,83.19,23.80,74.84,1546,1233,785,238,WH-station1,2026-08-13T20:11:22.370-07:00
water_draw_1,2026-08-13T20:11:23.009-07:00,400.598,drawing,,open,15.0,11.910946,1.736354,61.04,141.88,28.23,82.81,23.80,74.84,1546,1231,781,238,WH-station1,2026-08-13T20:11:22.875-07:00
water_draw_1,2026-08-13T20:11:23.513-07:00,401.103,drawing,,open,15.0,11.925554,1.736354,61.04,141.88,28.12,82.62,23.90,75.02,1546,1230,781,239,WH-station1,2026-08-13T20:11:23.379-07:00
water_draw_1,2026-08-13T20:11:24.018-07:00,401.608,drawing,,open,15.0,11.940292,1.751667,61.04,141.88,28.02,82.44,23.90,75.02,1546,1229,784,239,WH-station1,2026-08-13T20:11:23.884-07:00
water_draw_1,2026-08-13T20:11:24.523-07:00,402.113,drawing,,open,15.0,11.954984,1.746563,61.15,142.06,28.12,82.62,23.80,74.84,1547,1230,783,238,WH-station1,2026-08-13T20:11:24.389-07:00
water_draw_1,2026-08-13T20:11:25.028-07:00,402.617,drawing,,open,15.0,11.969631,1.741458,61.15,142.06,27.92,82.25,23.80,74.84,1547,1228,782,238,WH-station1,2026-08-13T20:11:24.893-07:00
water_draw_1,2026-08-13T20:11:25.532-07:00,403.122,drawing,,open,15.0,11.984494,1.766979,61.04,141.88,28.23,82.81,23.80,74.84,1546,1231,787,238,WH-station1,2026-08-13T20:11:25.398-07:00
water_draw_1,2026-08-13T20:11:26.037-07:00,403.627,drawing,,open,15.0,11.999571,1.792500,61.25,142.25,28.23,82.81,23.80,74.84,1548,1231,792,238,WH-station1,2026-08-13T20:11:25.903-07:00
water_draw_1,2026-08-13T20:11:26.542-07:00,404.131,drawing,,open,15.0,12.014306,1.751667,61.25,142.25,28.23,82.81,23.70,74.66,1548,1231,784,237,WH-station1,2026-08-13T20:11:26.408-07:00
water_draw_1,2026-08-13T20:11:27.046-07:00,404.636,drawing,,open,15.0,12.028911,1.736354,61.15,142.06,28.33,83.00,23.90,75.02,1547,1232,781,239,WH-station1,2026-08-13T20:11:26.912-07:00
water_draw_1,2026-08-13T20:11:27.551-07:00,405.141,drawing,,open,15.0,12.043517,1.736354,61.15,142.06,28.02,82.44,23.70,74.66,1547,1229,781,237,WH-station1,2026-08-13T20:11:27.417-07:00
water_draw_1,2026-08-13T20:11:28.056-07:00,405.645,drawing,,open,15.0,12.058338,1.761875,61.04,141.88,28.12,82.62,23.80,74.84,1546,1230,786,238,WH-station1,2026-08-13T20:11:27.922-07:00
water_draw_1,2026-08-13T20:11:28.561-07:00,406.150,drawing,,open,15.0,12.073246,1.772083,60.83,141.50,27.71,81.88,23.80,74.84,1544,1226,788,238,WH-station1,2026-08-13T20:11:28.426-07:00
water_draw_1,2026-08-13T20:11:29.065-07:00,406.655,drawing,,open,15.0,12.088026,1.756771,61.15,142.06,28.23,82.81,23.80,74.84,1547,1231,785,238,WH-station1,2026-08-13T20:11:28.931-07:00
water_draw_1,2026-08-13T20:11:29.570-07:00,407.160,drawing,,open,15.0,12.100315,1.460729,61.04,141.88,27.71,81.88,23.90,75.02,1546,1226,727,239,WH-station1,2026-08-13T20:11:29.436-07:00
water_draw_1,2026-08-13T20:11:30.075-07:00,407.664,drawing,,open,15.0,12.115177,1.766979,60.94,141.69,28.33,83.00,23.80,74.84,1545,1232,787,238,WH-station1,2026-08-13T20:11:29.940-07:00
water_draw_1,2026-08-13T20:11:30.580-07:00,408.169,drawing,,open,15.0,12.129912,1.751667,61.15,142.06,27.92,82.25,23.90,75.02,1547,1228,784,239,WH-station1,2026-08-13T20:11:30.445-07:00
water_draw_1,2026-08-13T20:11:31.085-07:00,408.674,drawing,,open,15.0,12.143407,1.603646,60.94,141.69,27.92,82.25,23.80,74.84,1545,1228,755,238,WH-station1,2026-08-13T20:11:30.950-07:00
water_draw_1,2026-08-13T20:11:31.589-07:00,409.179,drawing,,open,15.0,12.158275,1.766979,61.04,141.88,28.02,82.44,23.90,75.02,1546,1229,787,239,WH-station1,2026-08-13T20:11:31.455-07:00
water_draw_1,2026-08-13T20:11:32.094-07:00,409.684,drawing,,open,15.0,12.173056,1.756771,60.94,141.69,28.12,82.62,23.90,75.02,1545,1230,785,239,WH-station1,2026-08-13T20:11:31.959-07:00
water_draw_1,2026-08-13T20:11:32.599-07:00,410.188,drawing,,open,15.0,12.187706,1.741458,60.94,141.69,27.60,81.69,23.90,75.02,1545,1225,782,239,WH-station1,2026-08-13T20:11:32.464-07:00
water_draw_1,2026-08-13T20:11:33.104-07:00,410.693,drawing,,open,15.0,12.201582,1.649583,61.15,142.06,27.71,81.88,23.80,74.84,1547,1226,764,238,WH-station1,2026-08-13T20:11:32.969-07:00
water_draw_1,2026-08-13T20:11:33.608-07:00,411.198,drawing,,open,15.0,12.216317,1.751667,61.04,141.88,27.92,82.25,23.80,74.84,1546,1228,784,238,WH-station1,2026-08-13T20:11:33.473-07:00
water_draw_1,2026-08-13T20:11:34.113-07:00,411.703,drawing,,open,15.0,12.230364,1.670000,61.04,141.88,28.12,82.62,23.90,75.02,1546,1230,768,239,WH-station1,2026-08-13T20:11:33.978-07:00
water_draw_1,2026-08-13T20:11:34.618-07:00,412.207,drawing,,open,15.0,12.245187,1.761875,61.04,141.88,27.92,82.25,23.80,74.84,1546,1228,786,238,WH-station1,2026-08-13T20:11:34.483-07:00
water_draw_1,2026-08-13T20:11:35.123-07:00,412.712,drawing,,open,15.0,12.259925,1.751667,61.04,141.88,28.12,82.62,23.80,74.84,1546,1230,784,238,WH-station1,2026-08-13T20:11:34.988-07:00
water_draw_1,2026-08-13T20:11:35.627-07:00,413.217,drawing,,open,15.0,12.274789,1.766979,61.15,142.06,28.02,82.44,23.90,75.02,1547,1229,787,239,WH-station1,2026-08-13T20:11:35.492-07:00
water_draw_1,2026-08-13T20:11:36.132-07:00,413.722,drawing,,open,15.0,12.289522,1.751667,61.15,142.06,27.92,82.25,23.80,74.84,1547,1228,784,238,WH-station1,2026-08-13T20:11:35.997-07:00
water_draw_1,2026-08-13T20:11:36.637-07:00,414.226,drawing,,open,15.0,12.304384,1.766979,61.25,142.25,27.60,81.69,23.80,74.84,1548,1225,787,238,WH-station1,2026-08-13T20:11:36.502-07:00
water_draw_1,2026-08-13T20:11:37.142-07:00,414.731,drawing,,open,15.0,12.319165,1.756771,61.04,141.88,28.02,82.44,23.80,74.84,1546,1229,785,238,WH-station1,2026-08-13T20:11:37.006-07:00
water_draw_1,2026-08-13T20:11:37.646-07:00,415.236,drawing,,open,15.0,12.333815,1.741458,61.15,142.06,27.71,81.88,23.90,75.02,1547,1226,782,239,WH-station1,2026-08-13T20:11:37.511-07:00
water_draw_1,2026-08-13T20:11:38.151-07:00,415.741,drawing,,open,15.0,12.348380,1.731250,60.94,141.69,27.81,82.06,23.80,74.84,1545,1227,780,238,WH-station1,2026-08-13T20:11:38.015-07:00
water_draw_1,2026-08-13T20:11:38.656-07:00,416.245,drawing,,open,15.0,12.361353,1.542396,61.25,142.25,27.92,82.25,23.80,74.84,1548,1228,743,238,WH-station1,2026-08-13T20:11:38.520-07:00
water_draw_1,2026-08-13T20:11:39.160-07:00,416.750,drawing,,open,15.0,12.376260,1.772083,61.15,142.06,27.71,81.88,23.90,75.02,1547,1226,788,239,WH-station1,2026-08-13T20:11:39.025-07:00
water_draw_1,2026-08-13T20:11:39.665-07:00,417.255,drawing,,open,15.0,12.390822,1.731250,61.04,141.88,28.02,82.44,23.90,75.02,1546,1229,780,239,WH-station1,2026-08-13T20:11:39.530-07:00
water_draw_1,2026-08-13T20:11:40.170-07:00,417.759,drawing,,open,15.0,12.405732,1.772083,60.83,141.50,27.81,82.06,23.80,74.84,1544,1227,788,238,WH-station1,2026-08-13T20:11:40.036-07:00
water_draw_1,2026-08-13T20:11:40.675-07:00,418.264,drawing,,open,15.0,12.420468,1.751667,61.04,141.88,27.71,81.88,23.80,74.84,1546,1226,784,238,WH-station1,2026-08-13T20:11:40.541-07:00
water_draw_1,2026-08-13T20:11:41.179-07:00,418.769,drawing,,open,15.0,12.435161,1.746563,61.04,141.88,27.81,82.06,23.80,74.84,1546,1227,783,238,WH-station1,2026-08-13T20:11:41.046-07:00
water_draw_1,2026-08-13T20:11:41.684-07:00,419.274,drawing,,open,15.0,12.449896,1.751667,61.04,141.88,27.40,81.31,23.90,75.02,1546,1223,784,239,WH-station1,2026-08-13T20:11:41.551-07:00
water_draw_1,2026-08-13T20:11:42.189-07:00,419.778,drawing,,open,15.0,12.464632,1.751667,61.04,141.88,27.92,82.25,23.80,74.84,1546,1228,784,238,WH-station1,2026-08-13T20:11:42.056-07:00
water_draw_1,2026-08-13T20:11:42.694-07:00,420.283,drawing,,open,15.0,12.479412,1.756771,61.15,142.06,27.71,81.88,23.80,74.84,1547,1226,785,238,WH-station1,2026-08-13T20:11:42.561-07:00
water_draw_1,2026-08-13T20:11:43.198-07:00,420.788,drawing,,open,15.0,12.494105,1.746563,61.15,142.06,27.60,81.69,23.80,74.84,1547,1225,783,238,WH-station1,2026-08-13T20:11:43.066-07:00
water_draw_1,2026-08-13T20:11:43.703-07:00,421.293,drawing,,open,15.0,12.508841,1.751667,61.15,142.06,27.40,81.31,23.80,74.84,1547,1223,784,238,WH-station1,2026-08-13T20:11:43.571-07:00
water_draw_1,2026-08-13T20:11:44.208-07:00,421.797,drawing,,open,15.0,12.523748,1.772083,61.15,142.06,27.40,81.31,23.80,74.84,1547,1223,788,238,WH-station1,2026-08-13T20:11:44.076-07:00
water_draw_1,2026-08-13T20:11:44.713-07:00,422.302,drawing,,open,15.0,12.538485,1.751667,61.04,141.88,27.50,81.50,23.90,75.02,1546,1224,784,239,WH-station1,2026-08-13T20:11:44.581-07:00
water_draw_1,2026-08-13T20:11:45.218-07:00,422.807,drawing,,open,15.0,12.553051,1.731250,61.15,142.06,27.71,81.88,23.90,75.02,1547,1226,780,239,WH-station1,2026-08-13T20:11:45.086-07:00
water_draw_1,2026-08-13T20:11:45.722-07:00,423.312,drawing,,open,15.0,12.567916,1.766979,61.15,142.06,28.02,82.44,23.90,75.02,1547,1229,787,239,WH-station1,2026-08-13T20:11:45.591-07:00
water_draw_1,2026-08-13T20:11:46.227-07:00,423.817,drawing,,open,15.0,12.582654,1.751667,61.04,141.88,27.29,81.12,23.90,75.02,1546,1222,784,239,WH-station1,2026-08-13T20:11:46.096-07:00
water_draw_1,2026-08-13T20:11:46.732-07:00,424.321,drawing,,open,15.0,12.597474,1.761875,61.15,142.06,27.60,81.69,23.80,74.84,1547,1225,786,238,WH-station1,2026-08-13T20:11:46.601-07:00
water_draw_1,2026-08-13T20:11:47.237-07:00,424.826,drawing,,open,15.0,12.612295,1.761875,61.04,141.88,27.29,81.12,23.80,74.84,1546,1222,786,238,WH-station1,2026-08-13T20:11:47.106-07:00
water_draw_1,2026-08-13T20:11:47.741-07:00,425.331,drawing,,open,15.0,12.627204,1.772083,61.15,142.06,27.71,81.88,23.90,75.02,1547,1226,788,239,WH-station1,2026-08-13T20:11:47.612-07:00
water_draw_1,2026-08-13T20:11:48.246-07:00,425.836,drawing,,open,15.0,12.641857,1.741458,61.15,142.06,27.50,81.50,23.80,74.84,1547,1224,782,238,WH-station1,2026-08-13T20:11:48.116-07:00
water_draw_1,2026-08-13T20:11:48.751-07:00,426.340,drawing,,open,15.0,12.656419,1.731250,61.25,142.25,27.60,81.69,23.80,74.84,1548,1225,780,238,WH-station1,2026-08-13T20:11:48.621-07:00
water_draw_1,2026-08-13T20:11:49.255-07:00,426.845,drawing,,open,15.0,12.671367,1.777188,61.04,141.88,27.60,81.69,23.80,74.84,1546,1225,789,238,WH-station1,2026-08-13T20:11:49.126-07:00
water_draw_1,2026-08-13T20:11:49.760-07:00,427.350,drawing,,open,15.0,12.686187,1.761875,61.15,142.06,27.29,81.12,23.70,74.66,1547,1222,786,237,WH-station1,2026-08-13T20:11:49.631-07:00
water_draw_1,2026-08-13T20:11:50.265-07:00,427.855,drawing,,open,15.0,12.701054,1.766979,61.04,141.88,27.71,81.88,23.70,74.66,1546,1226,787,237,WH-station1,2026-08-13T20:11:50.136-07:00
water_draw_1,2026-08-13T20:11:50.770-07:00,428.359,drawing,,open,15.0,12.715876,1.761875,61.15,142.06,27.71,81.88,23.90,75.02,1547,1226,786,239,WH-station1,2026-08-13T20:11:50.641-07:00
water_draw_1,2026-08-13T20:11:51.275-07:00,428.864,drawing,,open,15.0,12.730655,1.756771,61.04,141.88,27.40,81.31,23.80,74.84,1546,1223,785,238,WH-station1,2026-08-13T20:11:51.146-07:00
water_draw_1,2026-08-13T20:11:51.779-07:00,429.369,drawing,,open,15.0,12.745089,1.715937,61.25,142.25,27.60,81.69,23.80,74.84,1548,1225,777,238,WH-station1,2026-08-13T20:11:51.651-07:00
water_draw_1,2026-08-13T20:11:52.284-07:00,429.873,drawing,,open,15.0,12.759652,1.731250,61.04,141.88,27.60,81.69,23.90,75.02,1546,1225,780,239,WH-station1,2026-08-13T20:11:52.156-07:00
water_draw_1,2026-08-13T20:11:52.789-07:00,430.378,drawing,,open,15.0,12.774257,1.736354,60.94,141.69,27.50,81.50,23.90,75.02,1545,1224,781,239,WH-station1,2026-08-13T20:11:52.661-07:00
water_draw_1,2026-08-13T20:11:53.293-07:00,430.883,drawing,,open,15.0,12.789250,1.782292,61.15,142.06,27.81,82.06,23.80,74.84,1547,1227,790,238,WH-station1,2026-08-13T20:11:53.166-07:00
water_draw_1,2026-08-13T20:11:53.798-07:00,431.388,drawing,,open,15.0,12.804028,1.756771,61.15,142.06,27.60,81.69,23.90,75.02,1547,1225,785,239,WH-station1,2026-08-13T20:11:53.671-07:00
water_draw_1,2026-08-13T20:11:54.303-07:00,431.892,drawing,,open,15.0,12.818719,1.746563,61.04,141.88,27.50,81.50,23.90,75.02,1546,1224,783,239,WH-station1,2026-08-13T20:11:54.176-07:00
water_draw_1,2026-08-13T20:11:54.808-07:00,432.397,drawing,,open,15.0,12.833497,1.756771,61.15,142.06,27.40,81.31,23.90,75.02,1547,1223,785,239,WH-station1,2026-08-13T20:11:54.681-07:00
water_draw_1,2026-08-13T20:11:55.312-07:00,432.902,drawing,,open,15.0,12.848276,1.756771,61.25,142.25,27.40,81.31,23.80,74.84,1548,1223,785,238,WH-station1,2026-08-13T20:11:55.186-07:00
water_draw_1,2026-08-13T20:11:55.817-07:00,433.406,drawing,,open,15.0,12.862924,1.741458,61.15,142.06,27.40,81.31,23.80,74.84,1547,1223,782,238,WH-station1,2026-08-13T20:11:55.692-07:00
water_draw_1,2026-08-13T20:11:56.322-07:00,433.911,drawing,,open,15.0,12.877746,1.761875,61.04,141.88,27.40,81.31,23.80,74.84,1546,1223,786,238,WH-station1,2026-08-13T20:11:56.196-07:00
water_draw_1,2026-08-13T20:11:56.826-07:00,434.416,drawing,,open,15.0,12.892652,1.772083,61.25,142.25,27.40,81.31,23.80,74.84,1548,1223,788,238,WH-station1,2026-08-13T20:11:56.701-07:00
water_draw_1,2026-08-13T20:11:57.331-07:00,434.921,drawing,,open,15.0,12.907604,1.777188,61.25,142.25,27.60,81.69,23.80,74.84,1548,1225,789,238,WH-station1,2026-08-13T20:11:57.206-07:00
water_draw_1,2026-08-13T20:11:57.836-07:00,435.425,drawing,,open,15.0,12.922553,1.777188,61.15,142.06,27.50,81.50,23.90,75.02,1547,1224,789,239,WH-station1,2026-08-13T20:11:57.710-07:00
water_draw_1,2026-08-13T20:11:58.341-07:00,435.930,drawing,,open,15.0,12.937588,1.787396,61.25,142.25,27.08,80.75,23.90,75.02,1548,1220,791,239,WH-station1,2026-08-13T20:11:58.215-07:00
water_draw_1,2026-08-13T20:11:58.845-07:00,436.435,drawing,,open,15.0,12.951424,1.644479,61.15,142.06,27.19,80.94,23.90,75.02,1547,1221,763,239,WH-station1,2026-08-13T20:11:58.719-07:00
water_draw_1,2026-08-13T20:11:59.350-07:00,436.940,drawing,,open,15.0,12.966247,1.761875,61.25,142.25,27.19,80.94,23.80,74.84,1548,1221,786,238,WH-station1,2026-08-13T20:11:59.224-07:00
water_draw_1,2026-08-13T20:11:59.855-07:00,437.444,drawing,,open,15.0,12.981108,1.766979,61.15,142.06,27.71,81.88,23.90,75.02,1547,1226,787,239,WH-station1,2026-08-13T20:11:59.729-07:00
water_draw_1,2026-08-13T20:12:00.359-07:00,437.949,drawing,,open,15.0,12.995800,1.746563,61.25,142.25,27.40,81.31,23.80,74.84,1548,1223,783,238,WH-station1,2026-08-13T20:12:00.234-07:00
water_draw_1,2026-08-13T20:12:00.864-07:00,438.454,drawing,,open,15.0,13.009976,1.685312,61.04,141.88,27.19,80.94,23.80,74.84,1546,1221,771,238,WH-station1,2026-08-13T20:12:00.738-07:00
water_draw_1,2026-08-13T20:12:01.369-07:00,438.958,drawing,,open,15.0,13.024581,1.736354,61.25,142.25,27.50,81.50,23.80,74.84,1548,1224,781,238,WH-station1,2026-08-13T20:12:01.243-07:00
water_draw_1,2026-08-13T20:12:01.874-07:00,439.463,drawing,,open,15.0,13.039277,1.746563,61.35,142.44,27.19,80.94,23.80,74.84,1549,1221,783,238,WH-station1,2026-08-13T20:12:01.748-07:00
water_draw_1,2026-08-13T20:12:02.379-07:00,439.968,drawing,,open,15.0,13.054059,1.756771,61.25,142.25,27.08,80.75,23.90,75.02,1548,1220,785,239,WH-station1,2026-08-13T20:12:02.253-07:00
water_draw_1,2026-08-13T20:12:02.883-07:00,440.473,drawing,,open,15.0,13.068021,1.659792,61.15,142.06,27.08,80.75,23.70,74.66,1547,1220,766,237,WH-station1,2026-08-13T20:12:02.757-07:00
water_draw_1,2026-08-13T20:12:03.388-07:00,440.978,drawing,,open,15.0,13.083056,1.787396,61.15,142.06,27.40,81.31,23.80,74.84,1547,1223,791,238,WH-station1,2026-08-13T20:12:03.262-07:00
water_draw_1,2026-08-13T20:12:03.893-07:00,441.482,drawing,,open,15.0,13.097747,1.746563,61.25,142.25,27.19,80.94,23.90,75.02,1548,1221,783,239,WH-station1,2026-08-13T20:12:03.767-07:00
water_draw_1,2026-08-13T20:12:04.396-07:00,441.987,drawing,,open,15.0,13.112015,1.695521,61.15,142.06,27.19,80.94,23.90,75.02,1547,1221,773,239,WH-station1,2026-08-13T20:12:04.271-07:00
water_draw_1,2026-08-13T20:12:04.901-07:00,442.490,drawing,,open,15.0,13.126707,1.751667,61.25,142.25,27.29,81.12,23.80,74.84,1548,1222,784,238,WH-station1,2026-08-13T20:12:04.776-07:00
water_draw_1,2026-08-13T20:12:05.406-07:00,442.995,drawing,,open,15.0,13.141576,1.766979,61.25,142.25,27.29,81.12,23.90,75.02,1548,1222,787,239,WH-station1,2026-08-13T20:12:05.281-07:00
water_draw_1,2026-08-13T20:12:05.910-07:00,443.500,drawing,,open,15.0,13.156439,1.766979,61.04,141.88,27.29,81.12,23.80,74.84,1546,1222,787,238,WH-station1,2026-08-13T20:12:05.786-07:00
water_draw_1,2026-08-13T20:12:06.415-07:00,444.005,drawing,,open,15.0,13.171218,1.756771,61.25,142.25,27.19,80.94,23.90,75.02,1548,1221,785,239,WH-station1,2026-08-13T20:12:06.290-07:00
water_draw_1,2026-08-13T20:12:06.920-07:00,444.509,drawing,,open,15.0,13.185996,1.756771,61.25,142.25,26.98,80.56,23.80,74.84,1548,1219,785,238,WH-station1,2026-08-13T20:12:06.795-07:00
water_draw_1,2026-08-13T20:12:07.425-07:00,445.014,drawing,,open,15.0,13.200602,1.736354,61.35,142.44,27.29,81.12,23.80,74.84,1549,1222,781,238,WH-station1,2026-08-13T20:12:07.300-07:00
water_draw_1,2026-08-13T20:12:07.929-07:00,445.519,drawing,,open,15.0,13.215553,1.777188,61.35,142.44,27.08,80.75,23.80,74.84,1549,1220,789,238,WH-station1,2026-08-13T20:12:07.805-07:00
water_draw_1,2026-08-13T20:12:08.434-07:00,446.024,drawing,,open,15.0,13.230292,1.751667,61.04,141.88,27.19,80.94,23.80,74.84,1546,1221,784,238,WH-station1,2026-08-13T20:12:08.309-07:00
water_draw_1,2026-08-13T20:12:08.939-07:00,446.528,drawing,,open,15.0,13.245199,1.772083,61.25,142.25,26.98,80.56,23.80,74.84,1548,1219,788,238,WH-station1,2026-08-13T20:12:08.814-07:00
water_draw_1,2026-08-13T20:12:09.444-07:00,447.033,drawing,,open,15.0,13.259933,1.751667,61.04,141.88,26.98,80.56,23.90,75.02,1546,1219,784,239,WH-station1,2026-08-13T20:12:09.319-07:00
water_draw_1,2026-08-13T20:12:09.948-07:00,447.538,drawing,,open,15.0,13.274582,1.741458,61.15,142.06,27.19,80.94,23.80,74.84,1547,1221,782,238,WH-station1,2026-08-13T20:12:09.823-07:00
water_draw_1,2026-08-13T20:12:10.453-07:00,448.043,drawing,,open,15.0,13.289274,1.746563,61.25,142.25,27.29,81.12,23.80,74.84,1548,1222,783,238,WH-station1,2026-08-13T20:12:10.328-07:00
water_draw_1,2026-08-13T20:12:10.958-07:00,448.547,drawing,,open,15.0,13.303839,1.731250,60.94,141.69,27.19,80.94,23.90,75.02,1545,1221,780,239,WH-station1,2026-08-13T20:12:10.833-07:00
water_draw_1,2026-08-13T20:12:11.463-07:00,449.052,drawing,,open,15.0,13.318014,1.685312,61.25,142.25,27.08,80.75,23.80,74.84,1548,1220,771,238,WH-station1,2026-08-13T20:12:11.338-07:00
water_draw_1,2026-08-13T20:12:11.967-07:00,449.557,drawing,,open,15.0,13.332964,1.777188,61.04,141.88,27.19,80.94,23.80,74.84,1546,1221,789,238,WH-station1,2026-08-13T20:12:11.842-07:00
water_draw_1,2026-08-13T20:12:12.472-07:00,450.061,drawing,,open,15.0,13.347785,1.761875,60.94,141.69,27.19,80.94,23.90,75.02,1545,1221,786,239,WH-station1,2026-08-13T20:12:12.347-07:00
water_draw_1,2026-08-13T20:12:12.977-07:00,450.566,drawing,,open,15.0,13.362650,1.766979,61.15,142.06,27.19,80.94,23.80,74.84,1547,1221,787,238,WH-station1,2026-08-13T20:12:12.852-07:00
water_draw_1,2026-08-13T20:12:13.482-07:00,451.071,drawing,,open,15.0,13.376356,1.629167,61.04,141.88,27.19,80.94,23.80,74.84,1546,1221,760,238,WH-station1,2026-08-13T20:12:13.356-07:00
water_draw_1,2026-08-13T20:12:13.986-07:00,451.576,drawing,,open,15.0,13.390793,1.715937,61.15,142.06,27.08,80.75,23.80,74.84,1547,1220,777,238,WH-station1,2026-08-13T20:12:13.861-07:00
water_draw_1,2026-08-13T20:12:14.491-07:00,452.080,drawing,,open,15.0,13.405655,1.766979,61.15,142.06,26.98,80.56,23.90,75.02,1547,1219,787,239,WH-station1,2026-08-13T20:12:14.366-07:00
water_draw_1,2026-08-13T20:12:14.996-07:00,452.585,drawing,,open,15.0,13.420474,1.761875,61.04,141.88,27.29,81.12,23.80,74.84,1546,1222,786,238,WH-station1,2026-08-13T20:12:14.870-07:00
water_draw_1,2026-08-13T20:12:15.500-07:00,453.090,drawing,,open,15.0,13.435382,1.772083,61.04,141.88,27.08,80.75,23.90,75.02,1546,1220,788,239,WH-station1,2026-08-13T20:12:15.375-07:00
water_draw_1,2026-08-13T20:12:16.005-07:00,453.595,drawing,,open,15.0,13.450245,1.766979,61.15,142.06,26.87,80.37,23.90,75.02,1547,1218,787,239,WH-station1,2026-08-13T20:12:15.880-07:00
water_draw_1,2026-08-13T20:12:16.510-07:00,454.099,drawing,,open,15.0,13.463993,1.634271,61.04,141.88,27.19,80.94,23.80,74.84,1546,1221,761,238,WH-station1,2026-08-13T20:12:16.385-07:00
water_draw_1,2026-08-13T20:12:17.014-07:00,454.604,drawing,,open,15.0,13.478813,1.761875,61.04,141.88,27.08,80.75,23.80,74.84,1546,1220,786,238,WH-station1,2026-08-13T20:12:16.889-07:00
water_draw_1,2026-08-13T20:12:17.519-07:00,455.109,drawing,,open,15.0,13.493505,1.746563,61.15,142.06,26.87,80.37,23.90,75.02,1547,1218,783,239,WH-station1,2026-08-13T20:12:17.394-07:00
water_draw_1,2026-08-13T20:12:18.024-07:00,455.613,drawing,,open,15.0,13.508282,1.756771,61.15,142.06,27.29,81.12,23.90,75.02,1547,1222,785,239,WH-station1,2026-08-13T20:12:17.899-07:00
water_draw_1,2026-08-13T20:12:18.529-07:00,456.118,drawing,,open,15.0,13.523231,1.777188,61.25,142.25,26.98,80.56,23.70,74.66,1548,1219,789,237,WH-station1,2026-08-13T20:12:18.403-07:00
water_draw_1,2026-08-13T20:12:19.035-07:00,456.623,drawing,,open,15.0,13.537795,1.731250,61.25,142.25,26.98,80.56,23.90,75.02,1548,1219,780,239,WH-station1,2026-08-13T20:12:18.908-07:00
water_draw_1,2026-08-13T20:12:19.539-07:00,457.129,drawing,,open,15.0,13.552527,1.746563,61.04,141.88,27.08,80.75,23.90,75.02,1546,1220,783,239,WH-station1,2026-08-13T20:12:19.413-07:00
water_draw_1,2026-08-13T20:12:20.045-07:00,457.634,drawing,,open,15.0,13.567217,1.746563,61.35,142.44,26.87,80.37,23.90,75.02,1549,1218,783,239,WH-station1,2026-08-13T20:12:19.917-07:00
water_draw_1,2026-08-13T20:12:20.550-07:00,458.140,drawing,,open,15.0,13.580959,1.629167,61.15,142.06,27.29,81.12,23.70,74.66,1547,1222,760,237,WH-station1,2026-08-13T20:12:20.422-07:00
water_draw_1,2026-08-13T20:12:21.056-07:00,458.644,drawing,,open,15.0,13.596036,1.792500,61.04,141.88,27.19,80.94,23.90,75.02,1546,1221,792,239,WH-station1,2026-08-13T20:12:20.927-07:00
water_draw_1,2026-08-13T20:12:21.561-07:00,459.150,drawing,,open,15.0,13.610934,1.766979,61.15,142.06,26.98,80.56,23.80,74.84,1547,1219,787,238,WH-station1,2026-08-13T20:12:21.432-07:00
water_draw_1,2026-08-13T20:12:22.065-07:00,459.655,drawing,,open,15.0,13.625626,1.746563,61.04,141.88,26.87,80.37,23.80,74.84,1546,1218,783,238,WH-station1,2026-08-13T20:12:21.936-07:00
water_draw_1,2026-08-13T20:12:22.570-07:00,460.160,drawing,,open,15.0,13.640404,1.756771,61.15,142.06,27.08,80.75,23.80,74.84,1547,1220,785,238,WH-station1,2026-08-13T20:12:22.441-07:00
water_draw_1,2026-08-13T20:12:23.075-07:00,460.664,drawing,,open,15.0,13.655351,1.777188,61.04,141.88,26.87,80.37,23.90,75.02,1546,1218,789,239,WH-station1,2026-08-13T20:12:22.946-07:00
water_draw_1,2026-08-13T20:12:23.579-07:00,461.169,drawing,,open,15.0,13.670127,1.756771,61.04,141.88,26.98,80.56,23.80,74.84,1546,1219,785,238,WH-station1,2026-08-13T20:12:23.450-07:00
water_draw_1,2026-08-13T20:12:24.084-07:00,461.674,drawing,,open,15.0,13.684989,1.766979,61.04,141.88,27.08,80.75,23.80,74.84,1546,1220,787,238,WH-station1,2026-08-13T20:12:23.955-07:00
water_draw_1,2026-08-13T20:12:24.589-07:00,462.178,drawing,,open,15.0,13.699938,1.777188,61.25,142.25,27.19,80.94,23.80,74.84,1548,1221,789,238,WH-station1,2026-08-13T20:12:24.460-07:00
water_draw_1,2026-08-13T20:12:25.094-07:00,462.683,drawing,,open,15.0,13.714845,1.772083,60.94,141.69,26.87,80.37,23.90,75.02,1545,1218,788,239,WH-station1,2026-08-13T20:12:24.964-07:00
water_draw_1,2026-08-13T20:12:25.598-07:00,463.188,drawing,,open,15.0,13.729665,1.761875,61.15,142.06,27.08,80.75,23.80,74.84,1547,1220,786,238,WH-station1,2026-08-13T20:12:25.469-07:00
water_draw_1,2026-08-13T20:12:26.103-07:00,463.692,drawing,,open,15.0,13.744526,1.766979,61.15,142.06,26.98,80.56,23.90,75.02,1547,1219,787,239,WH-station1,2026-08-13T20:12:25.974-07:00
water_draw_1,2026-08-13T20:12:26.607-07:00,464.197,drawing,,open,15.0,13.759344,1.761875,61.15,142.06,27.08,80.75,23.80,74.84,1547,1220,786,238,WH-station1,2026-08-13T20:12:26.478-07:00
water_draw_1,2026-08-13T20:12:27.112-07:00,464.702,drawing,,open,15.0,13.774121,1.756771,61.25,142.25,27.08,80.75,23.70,74.66,1548,1220,785,237,WH-station1,2026-08-13T20:12:26.983-07:00
water_draw_1,2026-08-13T20:12:27.617-07:00,465.206,drawing,,open,15.0,13.789028,1.772083,61.25,142.25,26.67,80.00,23.80,74.84,1548,1216,788,238,WH-station1,2026-08-13T20:12:27.488-07:00
water_draw_1,2026-08-13T20:12:28.122-07:00,465.711,drawing,,open,15.0,13.803895,1.766979,61.15,142.06,26.98,80.56,23.80,74.84,1547,1219,787,238,WH-station1,2026-08-13T20:12:27.993-07:00
water_draw_1,2026-08-13T20:12:28.626-07:00,466.216,drawing,,open,15.0,13.818627,1.751667,61.04,141.88,26.77,80.19,23.90,75.02,1546,1217,784,239,WH-station1,2026-08-13T20:12:28.497-07:00
water_draw_1,2026-08-13T20:12:29.131-07:00,466.720,drawing,,open,15.0,13.833317,1.746563,61.15,142.06,26.77,80.19,24.00,75.20,1547,1217,783,240,WH-station1,2026-08-13T20:12:29.002-07:00
water_draw_1,2026-08-13T20:12:29.636-07:00,467.225,drawing,,open,15.0,13.847493,1.685312,61.04,141.88,26.87,80.37,23.90,75.02,1546,1218,771,239,WH-station1,2026-08-13T20:12:29.507-07:00
water_draw_1,2026-08-13T20:12:30.140-07:00,467.730,drawing,,open,15.0,13.862098,1.736354,61.15,142.06,26.77,80.19,23.80,74.84,1547,1217,781,238,WH-station1,2026-08-13T20:12:30.011-07:00
water_draw_1,2026-08-13T20:12:30.645-07:00,468.235,drawing,,open,15.0,13.876882,1.756771,61.04,141.88,26.87,80.37,23.80,74.84,1546,1218,785,238,WH-station1,2026-08-13T20:12:30.516-07:00
water_draw_1,2026-08-13T20:12:31.150-07:00,468.740,drawing,,open,15.0,13.891445,1.731250,61.25,142.25,26.98,80.56,23.80,74.84,1548,1219,780,238,WH-station1,2026-08-13T20:12:31.021-07:00
water_draw_1,2026-08-13T20:12:31.655-07:00,469.244,drawing,,open,15.0,13.906137,1.746563,61.04,141.88,26.87,80.37,23.90,75.02,1546,1218,783,239,WH-station1,2026-08-13T20:12:31.525-07:00
water_draw_1,2026-08-13T20:12:32.159-07:00,469.749,drawing,,open,15.0,13.920784,1.741458,60.94,141.69,27.08,80.75,23.80,74.84,1545,1220,782,238,WH-station1,2026-08-13T20:12:32.030-07:00
water_draw_1,2026-08-13T20:12:32.664-07:00,470.254,drawing,,open,15.0,13.935517,1.751667,61.04,141.88,26.77,80.19,23.80,74.84,1546,1217,784,238,WH-station1,2026-08-13T20:12:32.535-07:00
water_draw_1,2026-08-13T20:12:33.169-07:00,470.758,drawing,,open,15.0,13.950123,1.736354,61.15,142.06,26.98,80.56,23.90,75.02,1547,1219,781,239,WH-station1,2026-08-13T20:12:33.039-07:00
water_draw_1,2026-08-13T20:12:33.673-07:00,471.263,drawing,,open,15.0,13.964815,1.746563,60.94,141.69,26.87,80.37,23.90,75.02,1545,1218,783,239,WH-station1,2026-08-13T20:12:33.544-07:00
water_draw_1,2026-08-13T20:12:34.178-07:00,471.768,drawing,,open,15.0,13.978605,1.639375,61.15,142.06,26.87,80.37,23.90,75.02,1547,1218,762,239,WH-station1,2026-08-13T20:12:34.049-07:00
water_draw_1,2026-08-13T20:12:34.683-07:00,472.272,drawing,,open,15.0,13.993469,1.766979,61.04,141.88,26.67,80.00,23.90,75.02,1546,1216,787,239,WH-station1,2026-08-13T20:12:34.554-07:00
water_draw_1,2026-08-13T20:12:35.188-07:00,472.777,drawing,,open,15.0,14.008160,1.746563,61.15,142.06,26.67,80.00,23.80,74.84,1547,1216,783,238,WH-station1,2026-08-13T20:12:35.058-07:00
water_draw_1,2026-08-13T20:12:35.692-07:00,473.282,drawing,,open,15.0,14.022465,1.700625,61.04,141.88,26.98,80.56,23.80,74.84,1546,1219,774,238,WH-station1,2026-08-13T20:12:35.563-07:00
water_draw_1,2026-08-13T20:12:36.197-07:00,473.786,drawing,,open,15.0,14.037112,1.741458,61.04,141.88,26.87,80.37,23.80,74.84,1546,1218,782,238,WH-station1,2026-08-13T20:12:36.068-07:00
water_draw_1,2026-08-13T20:12:36.702-07:00,474.291,drawing,,open,15.0,14.051890,1.756771,60.94,141.69,26.67,80.00,23.90,75.02,1545,1216,785,239,WH-station1,2026-08-13T20:12:36.573-07:00
water_draw_1,2026-08-13T20:12:37.206-07:00,474.796,drawing,,open,15.0,14.066537,1.741458,61.25,142.25,26.56,79.81,23.80,74.84,1548,1215,782,238,WH-station1,2026-08-13T20:12:37.077-07:00
water_draw_1,2026-08-13T20:12:37.711-07:00,475.300,drawing,,open,15.0,14.081357,1.761875,61.15,142.06,26.67,80.00,23.70,74.66,1547,1216,786,237,WH-station1,2026-08-13T20:12:37.582-07:00
water_draw_1,2026-08-13T20:12:38.216-07:00,475.805,drawing,,open,15.0,14.096005,1.741458,61.25,142.25,26.77,80.19,23.90,75.02,1548,1217,782,239,WH-station1,2026-08-13T20:12:38.087-07:00
water_draw_1,2026-08-13T20:12:38.720-07:00,476.310,drawing,,open,15.0,14.110139,1.680208,61.15,142.06,26.56,79.81,23.90,75.02,1547,1215,770,239,WH-station1,2026-08-13T20:12:38.592-07:00
water_draw_1,2026-08-13T20:12:39.225-07:00,476.815,drawing,,open,15.0,14.124873,1.751667,61.25,142.25,26.67,80.00,23.80,74.84,1548,1216,784,238,WH-station1,2026-08-13T20:12:39.096-07:00
water_draw_1,2026-08-13T20:12:39.730-07:00,477.319,drawing,,open,15.0,14.139565,1.746563,61.35,142.44,26.67,80.00,23.90,75.02,1549,1216,783,239,WH-station1,2026-08-13T20:12:39.601-07:00
water_draw_1,2026-08-13T20:12:40.234-07:00,477.824,drawing,,open,15.0,14.153398,1.644479,61.35,142.44,26.56,79.81,23.80,74.84,1549,1215,763,238,WH-station1,2026-08-13T20:12:40.106-07:00
water_draw_1,2026-08-13T20:12:40.739-07:00,478.329,drawing,,open,15.0,14.168131,1.751667,61.15,142.06,26.56,79.81,23.80,74.84,1547,1215,784,238,WH-station1,2026-08-13T20:12:40.611-07:00
water_draw_1,2026-08-13T20:12:41.244-07:00,478.833,drawing,,open,15.0,14.182863,1.751667,61.25,142.25,26.67,80.00,23.90,75.02,1548,1216,784,239,WH-station1,2026-08-13T20:12:41.115-07:00
water_draw_1,2026-08-13T20:12:41.748-07:00,479.338,drawing,,open,15.0,14.196610,1.634271,61.04,141.88,26.67,80.00,23.80,74.84,1546,1216,761,238,WH-station1,2026-08-13T20:12:41.620-07:00
water_draw_1,2026-08-13T20:12:42.253-07:00,479.843,drawing,,open,15.0,14.211434,1.761875,61.15,142.06,26.67,80.00,23.90,75.02,1547,1216,786,239,WH-station1,2026-08-13T20:12:42.125-07:00
water_draw_1,2026-08-13T20:12:42.758-07:00,480.347,drawing,,open,15.0,14.226083,1.741458,61.04,141.88,26.67,80.00,23.90,75.02,1546,1216,782,239,WH-station1,2026-08-13T20:12:42.629-07:00
water_draw_1,2026-08-13T20:12:43.263-07:00,480.852,drawing,,open,15.0,14.240946,1.766979,61.04,141.88,26.67,80.00,23.90,75.02,1546,1216,787,239,WH-station1,2026-08-13T20:12:43.134-07:00
water_draw_1,2026-08-13T20:12:43.767-07:00,481.357,drawing,,open,15.0,14.255680,1.751667,61.46,142.62,26.87,80.37,23.90,75.02,1550,1218,784,239,WH-station1,2026-08-13T20:12:43.639-07:00
water_draw_1,2026-08-13T20:12:44.272-07:00,481.862,drawing,,open,15.0,14.270543,1.766979,61.15,142.06,26.56,79.81,23.90,75.02,1547,1215,787,239,WH-station1,2026-08-13T20:12:44.143-07:00
water_draw_1,2026-08-13T20:12:44.777-07:00,482.366,drawing,,open,15.0,14.285319,1.756771,61.15,142.06,26.35,79.44,23.80,74.84,1547,1213,785,238,WH-station1,2026-08-13T20:12:44.648-07:00
water_draw_1,2026-08-13T20:12:45.282-07:00,482.871,drawing,,open,15.0,14.299887,1.731250,61.25,142.25,26.67,80.00,23.90,75.02,1548,1216,780,239,WH-station1,2026-08-13T20:12:45.153-07:00
water_draw_1,2026-08-13T20:12:45.786-07:00,483.376,drawing,,open,15.0,14.314579,1.746563,61.04,141.88,26.67,80.00,23.80,74.84,1546,1216,783,238,WH-station1,2026-08-13T20:12:45.657-07:00
water_draw_1,2026-08-13T20:12:46.291-07:00,483.881,drawing,,open,15.0,14.329357,1.756771,61.15,142.06,26.67,80.00,23.90,75.02,1547,1216,785,239,WH-station1,2026-08-13T20:12:46.162-07:00
water_draw_1,2026-08-13T20:12:46.796-07:00,484.385,drawing,,open,15.0,14.343961,1.736354,61.25,142.25,26.77,80.19,23.80,74.84,1548,1217,781,238,WH-station1,2026-08-13T20:12:46.667-07:00
water_draw_1,2026-08-13T20:12:47.300-07:00,484.890,drawing,,open,15.0,14.358782,1.761875,61.35,142.44,26.56,79.81,23.90,75.02,1549,1215,786,239,WH-station1,2026-08-13T20:12:47.171-07:00
water_draw_1,2026-08-13T20:12:47.805-07:00,485.395,drawing,,open,15.0,14.373516,1.751667,61.15,142.06,26.67,80.00,23.80,74.84,1547,1216,784,238,WH-station1,2026-08-13T20:12:47.676-07:00
water_draw_1,2026-08-13T20:12:48.310-07:00,485.899,drawing,,open,15.0,14.387693,1.685312,61.25,142.25,26.67,80.00,23.90,75.02,1548,1216,771,239,WH-station1,2026-08-13T20:12:48.181-07:00
water_draw_1,2026-08-13T20:12:48.814-07:00,486.404,drawing,,open,15.0,14.401953,1.695521,61.04,141.88,26.67,80.00,23.80,74.84,1546,1216,773,238,WH-station1,2026-08-13T20:12:48.685-07:00
water_draw_1,2026-08-13T20:12:49.319-07:00,486.909,drawing,,open,15.0,14.416733,1.756771,61.35,142.44,26.77,80.19,23.80,74.84,1549,1217,785,238,WH-station1,2026-08-13T20:12:49.190-07:00
water_draw_1,2026-08-13T20:12:49.824-07:00,487.413,drawing,,open,15.0,14.431423,1.746563,61.15,142.06,26.77,80.19,23.80,74.84,1547,1217,783,238,WH-station1,2026-08-13T20:12:49.695-07:00
water_draw_1,2026-08-13T20:12:50.329-07:00,487.918,drawing,,open,15.0,14.446245,1.761875,61.15,142.06,26.56,79.81,23.80,74.84,1547,1215,786,238,WH-station1,2026-08-13T20:12:50.200-07:00
water_draw_1,2026-08-13T20:12:50.833-07:00,488.423,drawing,,open,15.0,14.460980,1.751667,61.04,141.88,26.56,79.81,23.90,75.02,1546,1215,784,239,WH-station1,2026-08-13T20:12:50.704-07:00
water_draw_1,2026-08-13T20:12:51.338-07:00,488.928,drawing,,open,15.0,14.475890,1.772083,61.04,141.88,26.87,80.37,23.90,75.02,1546,1218,788,239,WH-station1,2026-08-13T20:12:51.209-07:00
water_draw_1,2026-08-13T20:12:51.843-07:00,489.432,drawing,,open,15.0,14.490667,1.756771,61.25,142.25,26.56,79.81,23.90,75.02,1548,1215,785,239,WH-station1,2026-08-13T20:12:51.714-07:00
water_draw_1,2026-08-13T20:12:52.348-07:00,489.937,drawing,,open,15.0,14.505277,1.736354,61.25,142.25,26.56,79.81,23.80,74.84,1548,1215,781,238,WH-station1,2026-08-13T20:12:52.218-07:00
water_draw_1,2026-08-13T20:12:52.852-07:00,490.442,drawing,,open,15.0,14.519968,1.746563,61.25,142.25,26.25,79.25,23.80,74.84,1548,1212,783,238,WH-station1,2026-08-13T20:12:52.723-07:00
water_draw_1,2026-08-13T20:12:53.357-07:00,490.947,drawing,,open,15.0,14.534618,1.741458,60.94,141.69,26.77,80.19,23.80,74.84,1545,1217,782,238,WH-station1,2026-08-13T20:12:53.227-07:00
water_draw_1,2026-08-13T20:12:53.862-07:00,491.451,drawing,,open,15.0,14.549308,1.746563,61.15,142.06,26.67,80.00,23.90,75.02,1547,1216,783,239,WH-station1,2026-08-13T20:12:53.732-07:00
water_draw_1,2026-08-13T20:12:54.366-07:00,491.956,drawing,,open,15.0,14.563914,1.736354,61.25,142.25,26.46,79.62,23.90,75.02,1548,1214,781,239,WH-station1,2026-08-13T20:12:54.237-07:00
water_draw_1,2026-08-13T20:12:54.871-07:00,492.461,drawing,,open,15.0,14.578735,1.761875,61.04,141.88,26.77,80.19,23.80,74.84,1546,1217,786,238,WH-station1,2026-08-13T20:12:54.742-07:00
water_draw_1,2026-08-13T20:12:55.376-07:00,492.965,drawing,,open,15.0,14.593300,1.731250,60.94,141.69,26.56,79.81,23.80,74.84,1545,1215,780,238,WH-station1,2026-08-13T20:12:55.246-07:00
water_draw_1,2026-08-13T20:12:55.881-07:00,493.470,drawing,,open,15.0,14.608334,1.787396,61.25,142.25,26.46,79.62,23.80,74.84,1548,1214,791,238,WH-station1,2026-08-13T20:12:55.751-07:00
water_draw_1,2026-08-13T20:12:56.385-07:00,493.975,drawing,,open,15.0,14.623242,1.772083,61.25,142.25,26.67,80.00,23.80,74.84,1548,1216,788,238,WH-station1,2026-08-13T20:12:56.256-07:00
water_draw_1,2026-08-13T20:12:56.890-07:00,494.480,drawing,,open,15.0,14.638018,1.756771,61.04,141.88,26.67,80.00,23.90,75.02,1546,1216,785,239,WH-station1,2026-08-13T20:12:56.760-07:00
water_draw_1,2026-08-13T20:12:57.395-07:00,494.984,drawing,,open,15.0,14.652924,1.772083,61.35,142.44,26.56,79.81,23.80,74.84,1549,1215,788,238,WH-station1,2026-08-13T20:12:57.265-07:00
water_draw_1,2026-08-13T20:12:57.900-07:00,495.489,drawing,,open,15.0,14.667616,1.746563,61.04,141.88,26.56,79.81,23.80,74.84,1546,1215,783,238,WH-station1,2026-08-13T20:12:57.769-07:00
water_draw_1,2026-08-13T20:12:58.404-07:00,495.994,drawing,,open,15.0,14.682479,1.766979,61.15,142.06,26.67,80.00,23.90,75.02,1547,1216,787,239,WH-station1,2026-08-13T20:12:58.274-07:00
water_draw_1,2026-08-13T20:12:58.909-07:00,496.498,drawing,,open,15.0,14.697043,1.731250,61.15,142.06,26.46,79.62,23.80,74.84,1547,1214,780,238,WH-station1,2026-08-13T20:12:58.779-07:00
water_draw_1,2026-08-13T20:12:59.414-07:00,497.003,drawing,,open,15.0,14.710750,1.629167,61.04,141.88,26.67,80.00,23.90,75.02,1546,1216,760,239,WH-station1,2026-08-13T20:12:59.284-07:00
water_draw_1,2026-08-13T20:12:59.918-07:00,497.508,drawing,,open,15.0,14.725485,1.751667,61.35,142.44,26.56,79.81,23.90,75.02,1549,1215,784,239,WH-station1,2026-08-13T20:12:59.788-07:00
water_draw_1,2026-08-13T20:13:00.423-07:00,498.013,drawing,,open,15.0,14.739061,1.613854,61.04,141.88,26.15,79.06,23.90,75.02,1546,1211,757,239,WH-station1,2026-08-13T20:13:00.293-07:00
water_draw_1,2026-08-13T20:13:00.928-07:00,498.517,drawing,,open,15.0,14.753666,1.736354,61.25,142.25,26.46,79.62,23.90,75.02,1548,1214,781,239,WH-station1,2026-08-13T20:13:00.798-07:00
water_draw_1,2026-08-13T20:13:01.433-07:00,499.022,drawing,,open,15.0,14.768401,1.751667,61.15,142.06,26.87,80.37,23.90,75.02,1547,1218,784,239,WH-station1,2026-08-13T20:13:01.302-07:00
water_draw_1,2026-08-13T20:13:01.937-07:00,499.527,drawing,,open,15.0,14.783181,1.756771,61.35,142.44,26.25,79.25,23.90,75.02,1549,1212,785,239,WH-station1,2026-08-13T20:13:01.807-07:00
water_draw_1,2026-08-13T20:13:02.442-07:00,500.032,drawing,,open,15.0,14.798046,1.766979,61.25,142.25,26.46,79.62,23.70,74.66,1548,1214,787,237,WH-station1,2026-08-13T20:13:02.312-07:00
water_draw_1,2026-08-13T20:13:02.947-07:00,500.536,drawing,,open,15.0,14.812739,1.746563,61.15,142.06,26.15,79.06,23.80,74.84,1547,1211,783,238,WH-station1,2026-08-13T20:13:02.817-07:00
water_draw_1,2026-08-13T20:13:03.452-07:00,501.041,drawing,,open,15.0,14.827132,1.710833,61.15,142.06,26.15,79.06,23.80,74.84,1547,1211,776,238,WH-station1,2026-08-13T20:13:03.321-07:00
water_draw_1,2026-08-13T20:13:03.956-07:00,501.546,drawing,,open,15.0,14.840535,1.593438,61.15,142.06,26.46,79.62,23.90,75.02,1547,1214,753,239,WH-station1,2026-08-13T20:13:03.826-07:00
water_draw_1,2026-08-13T20:13:04.461-07:00,502.051,drawing,,open,15.0,14.855312,1.756771,61.15,142.06,26.25,79.25,23.80,74.84,1547,1212,785,238,WH-station1,2026-08-13T20:13:04.331-07:00
water_draw_1,2026-08-13T20:13:04.966-07:00,502.555,drawing,,open,15.0,14.870078,1.756771,61.04,141.88,26.56,79.81,23.90,75.02,1546,1215,785,239,WH-station1,2026-08-13T20:13:04.835-07:00
water_draw_1,2026-08-13T20:13:05.470-07:00,503.060,drawing,,open,15.0,14.884436,1.705729,61.25,142.25,26.46,79.62,23.80,74.84,1548,1214,775,238,WH-station1,2026-08-13T20:13:05.340-07:00
water_draw_1,2026-08-13T20:13:05.975-07:00,503.565,drawing,,open,15.0,14.899298,1.766979,61.25,142.25,26.35,79.44,23.90,75.02,1548,1213,787,239,WH-station1,2026-08-13T20:13:05.845-07:00
water_draw_1,2026-08-13T20:13:06.480-07:00,504.069,drawing,,open,15.0,14.914076,1.756771,61.25,142.25,26.25,79.25,23.90,75.02,1548,1212,785,239,WH-station1,2026-08-13T20:13:06.349-07:00
water_draw_1,2026-08-13T20:13:06.984-07:00,504.574,drawing,,open,15.0,14.928640,1.731250,60.94,141.69,26.67,80.00,23.80,74.84,1545,1216,780,238,WH-station1,2026-08-13T20:13:06.854-07:00
water_draw_1,2026-08-13T20:13:07.489-07:00,505.079,drawing,,open,15.0,14.943247,1.736354,61.15,142.06,26.35,79.44,23.90,75.02,1547,1213,781,239,WH-station1,2026-08-13T20:13:07.359-07:00
water_draw_1,2026-08-13T20:13:07.994-07:00,505.583,drawing,,open,15.0,14.958068,1.761875,61.25,142.25,26.56,79.81,23.80,74.84,1548,1215,786,238,WH-station1,2026-08-13T20:13:07.863-07:00
water_draw_1,2026-08-13T20:13:08.499-07:00,506.088,drawing,,open,15.0,14.972888,1.761875,61.35,142.44,26.35,79.44,23.90,75.02,1549,1213,786,239,WH-station1,2026-08-13T20:13:08.368-07:00
water_draw_1,2026-08-13T20:13:09.003-07:00,506.593,drawing,,open,15.0,14.987795,1.772083,61.04,141.88,26.35,79.44,23.80,74.84,1546,1213,788,238,WH-station1,2026-08-13T20:13:08.873-07:00
water_draw_1,2026-08-13T20:13:09.508-07:00,507.098,drawing,,open,15.0,15.002572,1.756771,61.25,142.25,26.67,80.00,23.90,75.02,1548,1216,785,239,WH-station1,2026-08-13T20:13:09.377-07:00
water_draw_1,2026-08-13T20:13:09.513-07:00,507.106,completed,target_reached,closed,15.0,15.002572,1.756771,61.25,142.25,26.67,80.00,23.90,75.02,1548,1216,785,239,WH-station1,2026-08-13T20:13:09.377-07:00
