timestamp_pacific,event_id,event,direction,command,result,argument,source,opcode1,opcode2,nak_code,nak_reason,operational_state,operational_state_name,intermediate_response_code,intermediate_response_name,details
2026-09-01T15:27:01.898-07:00,,controller_started,internal,controller,started,,controller,,,,,,,,,
2026-09-01T15:27:01.903-07:00,,serial_open,internal,serial_port,ok,/dev/ttyUSB0,controller,,,,,,,,,
2026-09-01T15:27:01.904-07:00,,communication_started,internal,cta2045,started,,controller,,,,,,,,,
2026-09-01T15:27:01.904-07:00,,query_sent,outbound,device_information,pending,,startup,1,1,,,,,,,
2026-09-01T15:27:02.054-07:00,,link_ack,inbound,device_information,ack,,link_layer,,,,,,,,,
2026-09-01T15:27:02.182-07:00,,intermediate_response,inbound,device_information,success,,device_response,1,129,,,,,0,success,
2026-09-01T15:27:02.223-07:00,,query_completed,outbound,device_information,ok,,startup,1,1,,,,,0,success,
2026-09-01T15:27:02.224-07:00,auto_outside_comm_for_critical_peak_1,command_sent,outbound,outside_communication1,pending,0,schedule,14,0,,,,,,,
2026-09-01T15:27:02.374-07:00,,link_ack,inbound,outside_communication,ack,,link_layer,14,,,,,,,,
2026-09-01T15:27:02.470-07:00,,application_ack,inbound,outside_communication,ack,,application_layer,3,14,,,,,,,
2026-09-01T15:27:02.511-07:00,auto_outside_comm_for_critical_peak_1,command_completed,outbound,outside_communication1,ok,0,schedule,14,0,,,,,,,
2026-09-01T15:27:02.512-07:00,,query_sent,outbound,get_commodity,pending,,periodic,6,0,,,,,,,
2026-09-01T15:27:02.662-07:00,,link_ack,inbound,get_commodity,ack,,link_layer,6,,,,,,,,
2026-09-01T15:27:02.806-07:00,,intermediate_response,inbound,get_commodity,success,,device_response,6,128,,,,,0,success,
2026-09-01T15:27:02.847-07:00,,query_completed,outbound,get_commodity,ok,,periodic,6,0,,,,,0,success,
2026-09-01T15:27:02.848-07:00,,query_sent,outbound,query_operational_state,pending,,periodic,18,0,,,,,,,
2026-09-01T15:27:02.998-07:00,,link_ack,inbound,query_operational_state,ack,,link_layer,18,,,,,,,,
2026-09-01T15:27:03.094-07:00,,operational_state,inbound,query_operational_state,received,,device_response,19,5,,,5,SGD Error Condition,,,
2026-09-01T15:27:03.134-07:00,,query_completed,outbound,query_operational_state,ok,,periodic,18,0,,,,,,,
2026-09-01T15:27:17.161-07:00,critical_peak_1,command_sent,outbound,critical_peak,pending,0,schedule,10,0,,,,,,,
2026-09-01T15:27:17.316-07:00,,link_ack,inbound,critical_peak,ack,,link_layer,10,,,,,,,,
2026-09-01T15:27:17.412-07:00,,application_ack,inbound,critical_peak,ack,,application_layer,3,10,,,,,,,
2026-09-01T15:27:17.452-07:00,critical_peak_1,command_completed,outbound,critical_peak,ok,0,schedule,10,0,,,,,,,
2026-09-01T15:27:32.490-07:00,,query_sent,outbound,query_operational_state,pending,,periodic,18,0,,,,,,,
2026-09-01T15:27:32.625-07:00,,link_ack,inbound,query_operational_state,ack,,link_layer,18,,,,,,,,
2026-09-01T15:27:32.737-07:00,,operational_state,inbound,query_operational_state,received,,device_response,19,4,,,4,Idle Curtailed,,,
2026-09-01T15:27:32.778-07:00,,query_completed,outbound,query_operational_state,ok,,periodic,18,0,,,,,,,
2026-09-01T15:28:02.833-07:00,,query_sent,outbound,get_commodity,pending,,periodic,6,0,,,,,,,
2026-09-01T15:28:02.972-07:00,,link_ack,inbound,get_commodity,ack,,link_layer,6,,,,,,,,
2026-09-01T15:28:03.116-07:00,,intermediate_response,inbound,get_commodity,success,,device_response,6,128,,,,,0,success,
2026-09-01T15:28:03.160-07:00,,query_completed,outbound,get_commodity,ok,,periodic,6,0,,,,,0,success,
2026-09-01T15:28:03.160-07:00,,query_sent,outbound,query_operational_state,pending,,periodic,18,0,,,,,,,
2026-09-01T15:28:03.308-07:00,,link_ack,inbound,query_operational_state,ack,,link_layer,18,,,,,,,,
2026-09-01T15:28:03.420-07:00,,operational_state,inbound,query_operational_state,received,,device_response,19,4,,,4,Idle Curtailed,,,
2026-09-01T15:28:03.461-07:00,,query_completed,outbound,query_operational_state,ok,,periodic,18,0,,,,,,,
2026-09-01T15:28:32.528-07:00,,query_sent,outbound,query_operational_state,pending,,periodic,18,0,,,,,,,
2026-09-01T15:28:32.663-07:00,,link_ack,inbound,query_operational_state,ack,,link_layer,18,,,,,,,,
2026-09-01T15:28:32.775-07:00,,operational_state,inbound,query_operational_state,received,,device_response,19,4,,,4,Idle Curtailed,,,
2026-09-01T15:28:32.815-07:00,,query_completed,outbound,query_operational_state,ok,,periodic,18,0,,,,,,,
2026-09-01T15:29:02.878-07:00,,query_sent,outbound,get_commodity,pending,,periodic,6,0,,,,,,,
2026-09-01T15:29:03.029-07:00,,link_ack,inbound,get_commodity,ack,,link_layer,6,,,,,,,,
2026-09-01T15:29:03.170-07:00,,intermediate_response,inbound,get_commodity,success,,device_response,6,128,,,,,0,success,
2026-09-01T15:29:03.213-07:00,,query_completed,outbound,get_commodity,ok,,periodic,6,0,,,,,0,success,
2026-09-01T15:29:03.213-07:00,,query_sent,outbound,query_operational_state,pending,,periodic,18,0,,,,,,,
2026-09-01T15:29:03.361-07:00,,link_ack,inbound,query_operational_state,ack,,link_layer,18,,,,,,,,
2026-09-01T15:29:03.473-07:00,,operational_state,inbound,query_operational_state,received,,device_response,19,4,,,4,Idle Curtailed,,,
2026-09-01T15:29:03.514-07:00,,query_completed,outbound,query_operational_state,ok,,periodic,18,0,,,,,,,
2026-09-01T15:29:32.581-07:00,,query_sent,outbound,query_operational_state,pending,,periodic,18,0,,,,,,,
2026-09-01T15:29:32.732-07:00,,link_ack,inbound,query_operational_state,ack,,link_layer,18,,,,,,,,
2026-09-01T15:29:32.829-07:00,,operational_state,inbound,query_operational_state,received,,device_response,19,4,,,4,Idle Curtailed,,,
2026-09-01T15:29:32.869-07:00,,query_completed,outbound,query_operational_state,ok,,periodic,18,0,,,,,,,
2026-09-01T15:30:02.932-07:00,,query_sent,outbound,get_commodity,pending,,periodic,6,0,,,,,,,
2026-09-01T15:30:03.079-07:00,,link_ack,inbound,get_commodity,ack,,link_layer,6,,,,,,,,
2026-09-01T15:30:03.223-07:00,,intermediate_response,inbound,get_commodity,success,,device_response,6,128,,,,,0,success,
2026-09-01T15:30:03.267-07:00,,query_completed,outbound,get_commodity,ok,,periodic,6,0,,,,,0,success,
2026-09-01T15:30:03.267-07:00,,query_sent,outbound,query_operational_state,pending,,periodic,18,0,,,,,,,
2026-09-01T15:30:03.415-07:00,,link_ack,inbound,query_operational_state,ack,,link_layer,18,,,,,,,,
2026-09-01T15:30:03.511-07:00,,operational_state,inbound,query_operational_state,received,,device_response,19,4,,,4,Idle Curtailed,,,
2026-09-01T15:30:03.552-07:00,,query_completed,outbound,query_operational_state,ok,,periodic,18,0,,,,,,,
2026-09-01T15:30:32.619-07:00,,query_sent,outbound,query_operational_state,pending,,periodic,18,0,,,,,,,
2026-09-01T15:30:32.754-07:00,,link_ack,inbound,query_operational_state,ack,,link_layer,18,,,,,,,,
2026-09-01T15:30:32.866-07:00,,operational_state,inbound,query_operational_state,received,,device_response,19,4,,,4,Idle Curtailed,,,
2026-09-01T15:30:32.906-07:00,,query_completed,outbound,query_operational_state,ok,,periodic,18,0,,,,,,,
2026-09-01T15:31:02.969-07:00,,query_sent,outbound,get_commodity,pending,,periodic,6,0,,,,,,,
2026-09-01T15:31:03.117-07:00,,link_ack,inbound,get_commodity,ack,,link_layer,6,,,,,,,,
2026-09-01T15:31:03.245-07:00,,intermediate_response,inbound,get_commodity,success,,device_response,6,128,,,,,0,success,
2026-09-01T15:31:03.288-07:00,,query_completed,outbound,get_commodity,ok,,periodic,6,0,,,,,0,success,
2026-09-01T15:31:03.289-07:00,,query_sent,outbound,query_operational_state,pending,,periodic,18,0,,,,,,,
2026-09-01T15:31:03.437-07:00,,link_ack,inbound,query_operational_state,ack,,link_layer,18,,,,,,,,
2026-09-01T15:31:03.548-07:00,,operational_state,inbound,query_operational_state,received,,device_response,19,4,,,4,Idle Curtailed,,,
2026-09-01T15:31:03.589-07:00,,query_completed,outbound,query_operational_state,ok,,periodic,18,0,,,,,,,
2026-09-01T15:31:32.656-07:00,,query_sent,outbound,query_operational_state,pending,,periodic,18,0,,,,,,,
2026-09-01T15:31:32.791-07:00,,link_ack,inbound,query_operational_state,ack,,link_layer,18,,,,,,,,
2026-09-01T15:31:32.903-07:00,,operational_state,inbound,query_operational_state,received,,device_response,19,4,,,4,Idle Curtailed,,,
2026-09-01T15:31:32.944-07:00,,query_completed,outbound,query_operational_state,ok,,periodic,18,0,,,,,,,
2026-09-01T15:32:03.006-07:00,,query_sent,outbound,get_commodity,pending,,periodic,6,0,,,,,,,
2026-09-01T15:32:03.154-07:00,,link_ack,inbound,get_commodity,ack,,link_layer,6,,,,,,,,
2026-09-01T15:32:03.282-07:00,,intermediate_response,inbound,get_commodity,success,,device_response,6,128,,,,,0,success,
2026-09-01T15:32:03.326-07:00,,query_completed,outbound,get_commodity,ok,,periodic,6,0,,,,,0,success,
2026-09-01T15:32:03.326-07:00,,query_sent,outbound,query_operational_state,pending,,periodic,18,0,,,,,,,
2026-09-01T15:32:03.474-07:00,,link_ack,inbound,query_operational_state,ack,,link_layer,18,,,,,,,,
2026-09-01T15:32:03.586-07:00,,operational_state,inbound,query_operational_state,received,,device_response,19,4,,,4,Idle Curtailed,,,
2026-09-01T15:32:03.627-07:00,,query_completed,outbound,query_operational_state,ok,,periodic,18,0,,,,,,,
2026-09-01T15:32:32.694-07:00,,query_sent,outbound,query_operational_state,pending,,periodic,18,0,,,,,,,
2026-09-01T15:32:32.829-07:00,,link_ack,inbound,query_operational_state,ack,,link_layer,18,,,,,,,,
2026-09-01T15:32:32.941-07:00,,operational_state,inbound,query_operational_state,received,,device_response,19,4,,,4,Idle Curtailed,,,
2026-09-01T15:32:32.981-07:00,,query_completed,outbound,query_operational_state,ok,,periodic,18,0,,,,,,,
2026-09-01T15:33:03.043-07:00,,query_sent,outbound,get_commodity,pending,,periodic,6,0,,,,,,,
2026-09-01T15:33:03.192-07:00,,link_ack,inbound,get_commodity,ack,,link_layer,6,,,,,,,,
2026-09-01T15:33:03.336-07:00,,intermediate_response,inbound,get_commodity,success,,device_response,6,128,,,,,0,success,
2026-09-01T15:33:03.379-07:00,,query_completed,outbound,get_commodity,ok,,periodic,6,0,,,,,0,success,
2026-09-01T15:33:03.379-07:00,,query_sent,outbound,query_operational_state,pending,,periodic,18,0,,,,,,,
2026-09-01T15:33:03.528-07:00,,link_ack,inbound,query_operational_state,ack,,link_layer,18,,,,,,,,
2026-09-01T15:33:03.623-07:00,,operational_state,inbound,query_operational_state,received,,device_response,19,4,,,4,Idle Curtailed,,,
2026-09-01T15:33:03.664-07:00,,query_completed,outbound,query_operational_state,ok,,periodic,18,0,,,,,,,
2026-09-01T15:33:32.730-07:00,,query_sent,outbound,query_operational_state,pending,,periodic,18,0,,,,,,,
2026-09-01T15:33:32.867-07:00,,link_ack,inbound,query_operational_state,ack,,link_layer,18,,,,,,,,
2026-09-01T15:33:32.978-07:00,,operational_state,inbound,query_operational_state,received,,device_response,19,4,,,4,Idle Curtailed,,,
2026-09-01T15:33:33.019-07:00,,query_completed,outbound,query_operational_state,ok,,periodic,18,0,,,,,,,
2026-09-01T15:34:03.081-07:00,,query_sent,outbound,get_commodity,pending,,periodic,6,0,,,,,,,
2026-09-01T15:34:03.213-07:00,,link_ack,inbound,get_commodity,ack,,link_layer,6,,,,,,,,
2026-09-01T15:34:03.357-07:00,,intermediate_response,inbound,get_commodity,success,,device_response,6,128,,,,,0,success,
2026-09-01T15:34:03.401-07:00,,query_completed,outbound,get_commodity,ok,,periodic,6,0,,,,,0,success,
2026-09-01T15:34:03.401-07:00,,query_sent,outbound,query_operational_state,pending,,periodic,18,0,,,,,,,
2026-09-01T15:34:03.549-07:00,,link_ack,inbound,query_operational_state,ack,,link_layer,18,,,,,,,,
2026-09-01T15:34:03.661-07:00,,operational_state,inbound,query_operational_state,received,,device_response,19,4,,,4,Idle Curtailed,,,
2026-09-01T15:34:03.702-07:00,,query_completed,outbound,query_operational_state,ok,,periodic,18,0,,,,,,,
2026-09-01T15:34:32.769-07:00,,query_sent,outbound,query_operational_state,pending,,periodic,18,0,,,,,,,
2026-09-01T15:34:32.904-07:00,,link_ack,inbound,query_operational_state,ack,,link_layer,18,,,,,,,,
2026-09-01T15:34:33.016-07:00,,operational_state,inbound,query_operational_state,received,,device_response,19,4,,,4,Idle Curtailed,,,
2026-09-01T15:34:33.057-07:00,,query_completed,outbound,query_operational_state,ok,,periodic,18,0,,,,,,,
2026-09-01T15:35:03.118-07:00,,query_sent,outbound,get_commodity,pending,,periodic,6,0,,,,,,,
2026-09-01T15:35:03.267-07:00,,link_ack,inbound,get_commodity,ack,,link_layer,6,,,,,,,,
2026-09-01T15:35:03.411-07:00,,intermediate_response,inbound,get_commodity,success,,device_response,6,128,,,,,0,success,
2026-09-01T15:35:03.454-07:00,,query_completed,outbound,get_commodity,ok,,periodic,6,0,,,,,0,success,
2026-09-01T15:35:03.454-07:00,,query_sent,outbound,query_operational_state,pending,,periodic,18,0,,,,,,,
2026-09-01T15:35:03.603-07:00,,link_ack,inbound,query_operational_state,ack,,link_layer,18,,,,,,,,
2026-09-01T15:35:03.715-07:00,,operational_state,inbound,query_operational_state,received,,device_response,19,2,,,2,Running Curtailed,,,
2026-09-01T15:35:03.755-07:00,,query_completed,outbound,query_operational_state,ok,,periodic,18,0,,,,,,,
2026-09-01T15:35:32.815-07:00,,query_sent,outbound,query_operational_state,pending,,periodic,18,0,,,,,,,
2026-09-01T15:35:32.958-07:00,,link_ack,inbound,query_operational_state,ack,,link_layer,18,,,,,,,,
2026-09-01T15:35:33.054-07:00,,operational_state,inbound,query_operational_state,received,,device_response,19,2,,,2,Running Curtailed,,,
2026-09-01T15:35:33.094-07:00,,query_completed,outbound,query_operational_state,ok,,periodic,18,0,,,,,,,
2026-09-01T15:36:03.156-07:00,,query_sent,outbound,get_commodity,pending,,periodic,6,0,,,,,,,
2026-09-01T15:36:03.304-07:00,,link_ack,inbound,get_commodity,ack,,link_layer,6,,,,,,,,
2026-09-01T15:36:03.448-07:00,,intermediate_response,inbound,get_commodity,success,,device_response,6,128,,,,,0,success,
2026-09-01T15:36:03.492-07:00,,query_completed,outbound,get_commodity,ok,,periodic,6,0,,,,,0,success,
2026-09-01T15:36:03.492-07:00,,query_sent,outbound,query_operational_state,pending,,periodic,18,0,,,,,,,
2026-09-01T15:36:03.640-07:00,,link_ack,inbound,query_operational_state,ack,,link_layer,18,,,,,,,,
2026-09-01T15:36:03.752-07:00,,operational_state,inbound,query_operational_state,received,,device_response,19,2,,,2,Running Curtailed,,,
2026-09-01T15:36:03.793-07:00,,query_completed,outbound,query_operational_state,ok,,periodic,18,0,,,,,,,
2026-09-01T15:36:32.860-07:00,,query_sent,outbound,query_operational_state,pending,,periodic,18,0,,,,,,,
2026-09-01T15:36:32.995-07:00,,link_ack,inbound,query_operational_state,ack,,link_layer,18,,,,,,,,
2026-09-01T15:36:33.107-07:00,,operational_state,inbound,query_operational_state,received,,device_response,19,2,,,2,Running Curtailed,,,
2026-09-01T15:36:33.148-07:00,,query_completed,outbound,query_operational_state,ok,,periodic,18,0,,,,,,,
2026-09-01T15:37:02.205-07:00,auto_outside_comm_heartbeat_01,command_sent,outbound,outside_communication1,pending,0,schedule,14,0,,,,,,,
2026-09-01T15:37:02.350-07:00,,link_ack,inbound,outside_communication,ack,,link_layer,14,,,,,,,,
2026-09-01T15:37:02.446-07:00,,application_ack,inbound,outside_communication,ack,,application_layer,3,14,,,,,,,
2026-09-01T15:37:02.486-07:00,auto_outside_comm_heartbeat_01,command_completed,outbound,outside_communication1,ok,0,schedule,14,0,,,,,,,
2026-09-01T15:37:02.490-07:00,,query_sent,outbound,get_commodity,pending,,periodic,6,0,,,,,,,
2026-09-01T15:37:02.638-07:00,,link_ack,inbound,get_commodity,ack,,link_layer,6,,,,,,,,
2026-09-01T15:37:02.782-07:00,,intermediate_response,inbound,get_commodity,success,,device_response,6,128,,,,,0,success,
2026-09-01T15:37:02.825-07:00,,query_completed,outbound,get_commodity,ok,,periodic,6,0,,,,,0,success,
2026-09-01T15:37:02.825-07:00,,query_sent,outbound,query_operational_state,pending,,periodic,18,0,,,,,,,
2026-09-01T15:37:02.974-07:00,,link_ack,inbound,query_operational_state,ack,,link_layer,18,,,,,,,,
2026-09-01T15:37:03.070-07:00,,operational_state,inbound,query_operational_state,received,,device_response,19,2,,,2,Running Curtailed,,,
2026-09-01T15:37:03.110-07:00,,query_completed,outbound,query_operational_state,ok,,periodic,18,0,,,,,,,
2026-09-01T15:37:33.180-07:00,,query_sent,outbound,query_operational_state,pending,,periodic,18,0,,,,,,,
2026-09-01T15:37:33.321-07:00,,link_ack,inbound,query_operational_state,ack,,link_layer,18,,,,,,,,
2026-09-01T15:37:33.417-07:00,,operational_state,inbound,query_operational_state,received,,device_response,19,2,,,2,Running Curtailed,,,
2026-09-01T15:37:33.457-07:00,,query_completed,outbound,query_operational_state,ok,,periodic,18,0,,,,,,,
2026-09-01T15:38:02.515-07:00,,query_sent,outbound,get_commodity,pending,,periodic,6,0,,,,,,,
2026-09-01T15:38:02.660-07:00,,link_ack,inbound,get_commodity,ack,,link_layer,6,,,,,,,,
2026-09-01T15:38:02.803-07:00,,intermediate_response,inbound,get_commodity,success,,device_response,6,128,,,,,0,success,
2026-09-01T15:38:02.846-07:00,,query_completed,outbound,get_commodity,ok,,periodic,6,0,,,,,0,success,
2026-09-01T15:38:02.847-07:00,,query_sent,outbound,query_operational_state,pending,,periodic,18,0,,,,,,,
2026-09-01T15:38:02.995-07:00,,link_ack,inbound,query_operational_state,ack,,link_layer,18,,,,,,,,
2026-09-01T15:38:03.107-07:00,,operational_state,inbound,query_operational_state,received,,device_response,19,2,,,2,Running Curtailed,,,
2026-09-01T15:38:03.148-07:00,,query_completed,outbound,query_operational_state,ok,,periodic,18,0,,,,,,,
2026-09-01T15:38:33.216-07:00,,query_sent,outbound,query_operational_state,pending,,periodic,18,0,,,,,,,
2026-09-01T15:38:33.358-07:00,,link_ack,inbound,query_operational_state,ack,,link_layer,18,,,,,,,,
2026-09-01T15:38:33.454-07:00,,operational_state,inbound,query_operational_state,received,,device_response,19,2,,,2,Running Curtailed,,,
2026-09-01T15:38:33.494-07:00,,query_completed,outbound,query_operational_state,ok,,periodic,18,0,,,,,,,
2026-09-01T15:39:02.553-07:00,,query_sent,outbound,get_commodity,pending,,periodic,6,0,,,,,,,
2026-09-01T15:39:02.697-07:00,,link_ack,inbound,get_commodity,ack,,link_layer,6,,,,,,,,
2026-09-01T15:39:02.841-07:00,,intermediate_response,inbound,get_commodity,success,,device_response,6,128,,,,,0,success,
2026-09-01T15:39:02.885-07:00,,query_completed,outbound,get_commodity,ok,,periodic,6,0,,,,,0,success,
2026-09-01T15:39:02.885-07:00,,query_sent,outbound,query_operational_state,pending,,periodic,18,0,,,,,,,
2026-09-01T15:39:03.033-07:00,,link_ack,inbound,query_operational_state,ack,,link_layer,18,,,,,,,,
2026-09-01T15:39:03.129-07:00,,operational_state,inbound,query_operational_state,received,,device_response,19,2,,,2,Running Curtailed,,,
2026-09-01T15:39:03.170-07:00,,query_completed,outbound,query_operational_state,ok,,periodic,18,0,,,,,,,
2026-09-01T15:39:32.236-07:00,,query_sent,outbound,query_operational_state,pending,,periodic,18,0,,,,,,,
2026-09-01T15:39:32.372-07:00,,link_ack,inbound,query_operational_state,ack,,link_layer,18,,,,,,,,
2026-09-01T15:39:32.468-07:00,,operational_state,inbound,query_operational_state,received,,device_response,19,2,,,2,Running Curtailed,,,
2026-09-01T15:39:32.508-07:00,,query_completed,outbound,query_operational_state,ok,,periodic,18,0,,,,,,,
2026-09-01T15:40:02.570-07:00,,query_sent,outbound,get_commodity,pending,,periodic,6,0,,,,,,,
2026-09-01T15:40:02.702-07:00,,link_ack,inbound,get_commodity,ack,,link_layer,6,,,,,,,,
2026-09-01T15:40:02.847-07:00,,intermediate_response,inbound,get_commodity,success,,device_response,6,128,,,,,0,success,
2026-09-01T15:40:02.890-07:00,,query_completed,outbound,get_commodity,ok,,periodic,6,0,,,,,0,success,
2026-09-01T15:40:02.890-07:00,,query_sent,outbound,query_operational_state,pending,,periodic,18,0,,,,,,,
2026-09-01T15:40:03.038-07:00,,link_ack,inbound,query_operational_state,ack,,link_layer,18,,,,,,,,
2026-09-01T15:40:03.150-07:00,,operational_state,inbound,query_operational_state,received,,device_response,19,2,,,2,Running Curtailed,,,
2026-09-01T15:40:03.191-07:00,,query_completed,outbound,query_operational_state,ok,,periodic,18,0,,,,,,,
2026-09-01T15:40:32.259-07:00,,query_sent,outbound,query_operational_state,pending,,periodic,18,0,,,,,,,
2026-09-01T15:40:32.393-07:00,,link_ack,inbound,query_operational_state,ack,,link_layer,18,,,,,,,,
2026-09-01T15:40:32.505-07:00,,operational_state,inbound,query_operational_state,received,,device_response,19,2,,,2,Running Curtailed,,,
2026-09-01T15:40:32.546-07:00,,query_completed,outbound,query_operational_state,ok,,periodic,18,0,,,,,,,
2026-09-01T15:41:02.608-07:00,,query_sent,outbound,get_commodity,pending,,periodic,6,0,,,,,,,
2026-09-01T15:41:02.756-07:00,,link_ack,inbound,get_commodity,ack,,link_layer,6,,,,,,,,
2026-09-01T15:41:02.900-07:00,,intermediate_response,inbound,get_commodity,success,,device_response,6,128,,,,,0,success,
2026-09-01T15:41:02.943-07:00,,query_completed,outbound,get_commodity,ok,,periodic,6,0,,,,,0,success,
2026-09-01T15:41:02.943-07:00,,query_sent,outbound,query_operational_state,pending,,periodic,18,0,,,,,,,
2026-09-01T15:41:03.092-07:00,,link_ack,inbound,query_operational_state,ack,,link_layer,18,,,,,,,,
2026-09-01T15:41:03.204-07:00,,operational_state,inbound,query_operational_state,received,,device_response,19,2,,,2,Running Curtailed,,,
2026-09-01T15:41:03.245-07:00,,query_completed,outbound,query_operational_state,ok,,periodic,18,0,,,,,,,
2026-09-01T15:41:32.311-07:00,,query_sent,outbound,query_operational_state,pending,,periodic,18,0,,,,,,,
2026-09-01T15:41:32.463-07:00,,link_ack,inbound,query_operational_state,ack,,link_layer,18,,,,,,,,
2026-09-01T15:41:32.559-07:00,,operational_state,inbound,query_operational_state,received,,device_response,19,2,,,2,Running Curtailed,,,
2026-09-01T15:41:32.600-07:00,,query_completed,outbound,query_operational_state,ok,,periodic,18,0,,,,,,,
2026-09-01T15:42:02.661-07:00,,query_sent,outbound,get_commodity,pending,,periodic,6,0,,,,,,,
2026-09-01T15:42:02.810-07:00,,link_ack,inbound,get_commodity,ack,,link_layer,6,,,,,,,,
2026-09-01T15:42:02.938-07:00,,intermediate_response,inbound,get_commodity,success,,device_response,6,128,,,,,0,success,
2026-09-01T15:42:02.980-07:00,,query_completed,outbound,get_commodity,ok,,periodic,6,0,,,,,0,success,
2026-09-01T15:42:02.981-07:00,,query_sent,outbound,query_operational_state,pending,,periodic,18,0,,,,,,,
2026-09-01T15:42:03.129-07:00,,link_ack,inbound,query_operational_state,ack,,link_layer,18,,,,,,,,
2026-09-01T15:42:03.241-07:00,,operational_state,inbound,query_operational_state,received,,device_response,19,2,,,2,Running Curtailed,,,
2026-09-01T15:42:03.282-07:00,,query_completed,outbound,query_operational_state,ok,,periodic,18,0,,,,,,,
2026-09-01T15:42:32.348-07:00,,query_sent,outbound,query_operational_state,pending,,periodic,18,0,,,,,,,
2026-09-01T15:42:32.484-07:00,,link_ack,inbound,query_operational_state,ack,,link_layer,18,,,,,,,,
2026-09-01T15:42:32.596-07:00,,operational_state,inbound,query_operational_state,received,,device_response,19,2,,,2,Running Curtailed,,,
2026-09-01T15:42:32.637-07:00,,query_completed,outbound,query_operational_state,ok,,periodic,18,0,,,,,,,
2026-09-01T15:43:02.698-07:00,,query_sent,outbound,get_commodity,pending,,periodic,6,0,,,,,,,
2026-09-01T15:43:02.847-07:00,,link_ack,inbound,get_commodity,ack,,link_layer,6,,,,,,,,
2026-09-01T15:43:02.975-07:00,,intermediate_response,inbound,get_commodity,success,,device_response,6,128,,,,,0,success,
2026-09-01T15:43:03.019-07:00,,query_completed,outbound,get_commodity,ok,,periodic,6,0,,,,,0,success,
2026-09-01T15:43:03.019-07:00,,query_sent,outbound,query_operational_state,pending,,periodic,18,0,,,,,,,
2026-09-01T15:43:03.167-07:00,,link_ack,inbound,query_operational_state,ack,,link_layer,18,,,,,,,,
2026-09-01T15:43:03.279-07:00,,operational_state,inbound,query_operational_state,received,,device_response,19,2,,,2,Running Curtailed,,,
2026-09-01T15:43:03.319-07:00,,query_completed,outbound,query_operational_state,ok,,periodic,18,0,,,,,,,
2026-09-01T15:43:32.385-07:00,,query_sent,outbound,query_operational_state,pending,,periodic,18,0,,,,,,,
2026-09-01T15:43:32.522-07:00,,link_ack,inbound,query_operational_state,ack,,link_layer,18,,,,,,,,
2026-09-01T15:43:32.634-07:00,,operational_state,inbound,query_operational_state,received,,device_response,19,2,,,2,Running Curtailed,,,
2026-09-01T15:43:32.674-07:00,,query_completed,outbound,query_operational_state,ok,,periodic,18,0,,,,,,,
2026-09-01T15:44:02.735-07:00,,query_sent,outbound,get_commodity,pending,,periodic,6,0,,,,,,,
2026-09-01T15:44:02.885-07:00,,link_ack,inbound,get_commodity,ack,,link_layer,6,,,,,,,,
2026-09-01T15:44:03.013-07:00,,intermediate_response,inbound,get_commodity,success,,device_response,6,128,,,,,0,success,
2026-09-01T15:44:03.056-07:00,,query_completed,outbound,get_commodity,ok,,periodic,6,0,,,,,0,success,
2026-09-01T15:44:03.056-07:00,,query_sent,outbound,query_operational_state,pending,,periodic,18,0,,,,,,,
2026-09-01T15:44:03.204-07:00,,link_ack,inbound,query_operational_state,ack,,link_layer,18,,,,,,,,
2026-09-01T15:44:03.316-07:00,,operational_state,inbound,query_operational_state,received,,device_response,19,2,,,2,Running Curtailed,,,
2026-09-01T15:44:03.357-07:00,,query_completed,outbound,query_operational_state,ok,,periodic,18,0,,,,,,,
2026-09-01T15:44:32.422-07:00,,query_sent,outbound,query_operational_state,pending,,periodic,18,0,,,,,,,
2026-09-01T15:44:32.559-07:00,,link_ack,inbound,query_operational_state,ack,,link_layer,18,,,,,,,,
2026-09-01T15:44:32.672-07:00,,operational_state,inbound,query_operational_state,received,,device_response,19,2,,,2,Running Curtailed,,,
2026-09-01T15:44:32.712-07:00,,query_completed,outbound,query_operational_state,ok,,periodic,18,0,,,,,,,
2026-09-01T15:45:02.773-07:00,,query_sent,outbound,get_commodity,pending,,periodic,6,0,,,,,,,
2026-09-01T15:45:02.922-07:00,,link_ack,inbound,get_commodity,ack,,link_layer,6,,,,,,,,
2026-09-01T15:45:03.066-07:00,,intermediate_response,inbound,get_commodity,success,,device_response,6,128,,,,,0,success,
2026-09-01T15:45:03.109-07:00,,query_completed,outbound,get_commodity,ok,,periodic,6,0,,,,,0,success,
2026-09-01T15:45:03.109-07:00,,query_sent,outbound,query_operational_state,pending,,periodic,18,0,,,,,,,
2026-09-01T15:45:03.258-07:00,,link_ack,inbound,query_operational_state,ack,,link_layer,18,,,,,,,,
2026-09-01T15:45:03.370-07:00,,operational_state,inbound,query_operational_state,received,,device_response,19,2,,,2,Running Curtailed,,,
2026-09-01T15:45:03.411-07:00,,query_completed,outbound,query_operational_state,ok,,periodic,18,0,,,,,,,
2026-09-01T15:45:32.476-07:00,,query_sent,outbound,query_operational_state,pending,,periodic,18,0,,,,,,,
2026-09-01T15:45:32.629-07:00,,link_ack,inbound,query_operational_state,ack,,link_layer,18,,,,,,,,
2026-09-01T15:45:32.725-07:00,,operational_state,inbound,query_operational_state,received,,device_response,19,2,,,2,Running Curtailed,,,
2026-09-01T15:45:32.765-07:00,,query_completed,outbound,query_operational_state,ok,,periodic,18,0,,,,,,,
2026-09-01T15:46:02.827-07:00,,query_sent,outbound,get_commodity,pending,,periodic,6,0,,,,,,,
2026-09-01T15:46:02.976-07:00,,link_ack,inbound,get_commodity,ack,,link_layer,6,,,,,,,,
2026-09-01T15:46:03.104-07:00,,intermediate_response,inbound,get_commodity,success,,device_response,6,128,,,,,0,success,
2026-09-01T15:46:03.147-07:00,,query_completed,outbound,get_commodity,ok,,periodic,6,0,,,,,0,success,
2026-09-01T15:46:03.148-07:00,,query_sent,outbound,query_operational_state,pending,,periodic,18,0,,,,,,,
2026-09-01T15:46:03.295-07:00,,link_ack,inbound,query_operational_state,ack,,link_layer,18,,,,,,,,
2026-09-01T15:46:03.408-07:00,,operational_state,inbound,query_operational_state,received,,device_response,19,2,,,2,Running Curtailed,,,
2026-09-01T15:46:03.448-07:00,,query_completed,outbound,query_operational_state,ok,,periodic,18,0,,,,,,,
2026-09-01T15:46:32.515-07:00,,query_sent,outbound,query_operational_state,pending,,periodic,18,0,,,,,,,
2026-09-01T15:46:32.651-07:00,,link_ack,inbound,query_operational_state,ack,,link_layer,18,,,,,,,,
2026-09-01T15:46:32.746-07:00,,operational_state,inbound,query_operational_state,received,,device_response,19,2,,,2,Running Curtailed,,,
2026-09-01T15:46:32.787-07:00,,query_completed,outbound,query_operational_state,ok,,periodic,18,0,,,,,,,
2026-09-01T15:47:02.846-07:00,auto_outside_comm_heartbeat_02,command_sent,outbound,outside_communication1,pending,0,schedule,14,0,,,,,,,
2026-09-01T15:47:02.997-07:00,,link_ack,inbound,outside_communication,ack,,link_layer,14,,,,,,,,
2026-09-01T15:47:03.093-07:00,,application_ack,inbound,outside_communication,ack,,application_layer,3,14,,,,,,,
2026-09-01T15:47:03.134-07:00,auto_outside_comm_heartbeat_02,command_completed,outbound,outside_communication1,ok,0,schedule,14,0,,,,,,,
2026-09-01T15:47:03.137-07:00,,query_sent,outbound,get_commodity,pending,,periodic,6,0,,,,,,,
2026-09-01T15:47:03.285-07:00,,link_ack,inbound,get_commodity,ack,,link_layer,6,,,,,,,,
2026-09-01T15:47:03.429-07:00,,intermediate_response,inbound,get_commodity,success,,device_response,6,128,,,,,0,success,
2026-09-01T15:47:03.472-07:00,,query_completed,outbound,get_commodity,ok,,periodic,6,0,,,,,0,success,
2026-09-01T15:47:03.473-07:00,,query_sent,outbound,query_operational_state,pending,,periodic,18,0,,,,,,,
2026-09-01T15:47:03.621-07:00,,link_ack,inbound,query_operational_state,ack,,link_layer,18,,,,,,,,
2026-09-01T15:47:03.733-07:00,,operational_state,inbound,query_operational_state,received,,device_response,19,2,,,2,Running Curtailed,,,
2026-09-01T15:47:03.774-07:00,,query_completed,outbound,query_operational_state,ok,,periodic,18,0,,,,,,,
2026-09-01T15:47:32.840-07:00,,query_sent,outbound,query_operational_state,pending,,periodic,18,0,,,,,,,
2026-09-01T15:47:32.992-07:00,,link_ack,inbound,query_operational_state,ack,,link_layer,18,,,,,,,,
2026-09-01T15:47:33.088-07:00,,operational_state,inbound,query_operational_state,received,,device_response,19,2,,,2,Running Curtailed,,,
2026-09-01T15:47:33.128-07:00,,query_completed,outbound,query_operational_state,ok,,periodic,18,0,,,,,,,
2026-09-01T15:48:03.189-07:00,,query_sent,outbound,get_commodity,pending,,periodic,6,0,,,,,,,
2026-09-01T15:48:03.339-07:00,,link_ack,inbound,get_commodity,ack,,link_layer,6,,,,,,,,
2026-09-01T15:48:03.467-07:00,,intermediate_response,inbound,get_commodity,success,,device_response,6,128,,,,,0,success,
2026-09-01T15:48:03.510-07:00,,query_completed,outbound,get_commodity,ok,,periodic,6,0,,,,,0,success,
2026-09-01T15:48:03.510-07:00,,query_sent,outbound,query_operational_state,pending,,periodic,18,0,,,,,,,
2026-09-01T15:48:03.659-07:00,,link_ack,inbound,query_operational_state,ack,,link_layer,18,,,,,,,,
2026-09-01T15:48:03.771-07:00,,operational_state,inbound,query_operational_state,received,,device_response,19,2,,,2,Running Curtailed,,,
2026-09-01T15:48:03.812-07:00,,query_completed,outbound,query_operational_state,ok,,periodic,18,0,,,,,,,
2026-09-01T15:48:32.878-07:00,,query_sent,outbound,query_operational_state,pending,,periodic,18,0,,,,,,,
2026-09-01T15:48:33.030-07:00,,link_ack,inbound,query_operational_state,ack,,link_layer,18,,,,,,,,
2026-09-01T15:48:33.125-07:00,,operational_state,inbound,query_operational_state,received,,device_response,19,2,,,2,Running Curtailed,,,
2026-09-01T15:48:33.166-07:00,,query_completed,outbound,query_operational_state,ok,,periodic,18,0,,,,,,,
2026-09-01T15:49:02.224-07:00,,query_sent,outbound,get_commodity,pending,,periodic,6,0,,,,,,,
2026-09-01T15:49:02.368-07:00,,link_ack,inbound,get_commodity,ack,,link_layer,6,,,,,,,,
2026-09-01T15:49:02.513-07:00,,intermediate_response,inbound,get_commodity,success,,device_response,6,128,,,,,0,success,
2026-09-01T15:49:02.556-07:00,,query_completed,outbound,get_commodity,ok,,periodic,6,0,,,,,0,success,
2026-09-01T15:49:02.556-07:00,,query_sent,outbound,query_operational_state,pending,,periodic,18,0,,,,,,,
2026-09-01T15:49:02.704-07:00,,link_ack,inbound,query_operational_state,ack,,link_layer,18,,,,,,,,
2026-09-01T15:49:02.816-07:00,,operational_state,inbound,query_operational_state,received,,device_response,19,2,,,2,Running Curtailed,,,
2026-09-01T15:49:02.857-07:00,,query_completed,outbound,query_operational_state,ok,,periodic,18,0,,,,,,,
2026-09-01T15:49:32.925-07:00,,query_sent,outbound,query_operational_state,pending,,periodic,18,0,,,,,,,
2026-09-01T15:49:33.067-07:00,,link_ack,inbound,query_operational_state,ack,,link_layer,18,,,,,,,,
2026-09-01T15:49:33.179-07:00,,operational_state,inbound,query_operational_state,received,,device_response,19,2,,,2,Running Curtailed,,,
2026-09-01T15:49:33.219-07:00,,query_completed,outbound,query_operational_state,ok,,periodic,18,0,,,,,,,
2026-09-01T15:50:02.278-07:00,,query_sent,outbound,get_commodity,pending,,periodic,6,0,,,,,,,
2026-09-01T15:50:02.422-07:00,,link_ack,inbound,get_commodity,ack,,link_layer,6,,,,,,,,
2026-09-01T15:50:02.566-07:00,,intermediate_response,inbound,get_commodity,success,,device_response,6,128,,,,,0,success,
2026-09-01T15:50:02.610-07:00,,query_completed,outbound,get_commodity,ok,,periodic,6,0,,,,,0,success,
2026-09-01T15:50:02.610-07:00,,query_sent,outbound,query_operational_state,pending,,periodic,18,0,,,,,,,
2026-09-01T15:50:02.758-07:00,,link_ack,inbound,query_operational_state,ack,,link_layer,18,,,,,,,,
2026-09-01T15:50:02.854-07:00,,operational_state,inbound,query_operational_state,received,,device_response,19,2,,,2,Running Curtailed,,,
2026-09-01T15:50:02.894-07:00,,query_completed,outbound,query_operational_state,ok,,periodic,18,0,,,,,,,
2026-09-01T15:50:32.963-07:00,,query_sent,outbound,query_operational_state,pending,,periodic,18,0,,,,,,,
2026-09-01T15:50:33.105-07:00,,link_ack,inbound,query_operational_state,ack,,link_layer,18,,,,,,,,
2026-09-01T15:50:33.200-07:00,,operational_state,inbound,query_operational_state,received,,device_response,19,2,,,2,Running Curtailed,,,
2026-09-01T15:50:33.240-07:00,,query_completed,outbound,query_operational_state,ok,,periodic,18,0,,,,,,,
2026-09-01T15:51:02.299-07:00,,query_sent,outbound,get_commodity,pending,,periodic,6,0,,,,,,,
2026-09-01T15:51:02.443-07:00,,link_ack,inbound,get_commodity,ack,,link_layer,6,,,,,,,,
2026-09-01T15:51:02.588-07:00,,intermediate_response,inbound,get_commodity,success,,device_response,6,128,,,,,0,success,
2026-09-01T15:51:02.631-07:00,,query_completed,outbound,get_commodity,ok,,periodic,6,0,,,,,0,success,
2026-09-01T15:51:02.631-07:00,,query_sent,outbound,query_operational_state,pending,,periodic,18,0,,,,,,,
2026-09-01T15:51:02.779-07:00,,link_ack,inbound,query_operational_state,ack,,link_layer,18,,,,,,,,
2026-09-01T15:51:02.891-07:00,,operational_state,inbound,query_operational_state,received,,device_response,19,2,,,2,Running Curtailed,,,
2026-09-01T15:51:02.932-07:00,,query_completed,outbound,query_operational_state,ok,,periodic,18,0,,,,,,,
2026-09-01T15:51:33.000-07:00,,query_sent,outbound,query_operational_state,pending,,periodic,18,0,,,,,,,
2026-09-01T15:51:33.142-07:00,,link_ack,inbound,query_operational_state,ack,,link_layer,18,,,,,,,,
2026-09-01T15:51:33.238-07:00,,operational_state,inbound,query_operational_state,received,,device_response,19,2,,,2,Running Curtailed,,,
2026-09-01T15:51:33.279-07:00,,query_completed,outbound,query_operational_state,ok,,periodic,18,0,,,,,,,
2026-09-01T15:52:02.337-07:00,,query_sent,outbound,get_commodity,pending,,periodic,6,0,,,,,,,
2026-09-01T15:52:02.481-07:00,,link_ack,inbound,get_commodity,ack,,link_layer,6,,,,,,,,
2026-09-01T15:52:02.625-07:00,,intermediate_response,inbound,get_commodity,success,,device_response,6,128,,,,,0,success,
2026-09-01T15:52:02.668-07:00,,query_completed,outbound,get_commodity,ok,,periodic,6,0,,,,,0,success,
2026-09-01T15:52:02.668-07:00,,query_sent,outbound,query_operational_state,pending,,periodic,18,0,,,,,,,
2026-09-01T15:52:02.817-07:00,,link_ack,inbound,query_operational_state,ack,,link_layer,18,,,,,,,,
2026-09-01T15:52:02.929-07:00,,operational_state,inbound,query_operational_state,received,,device_response,19,2,,,2,Running Curtailed,,,
2026-09-01T15:52:02.970-07:00,,query_completed,outbound,query_operational_state,ok,,periodic,18,0,,,,,,,
2026-09-01T15:52:33.038-07:00,,query_sent,outbound,query_operational_state,pending,,periodic,18,0,,,,,,,
2026-09-01T15:52:33.180-07:00,,link_ack,inbound,query_operational_state,ack,,link_layer,18,,,,,,,,
2026-09-01T15:52:33.276-07:00,,operational_state,inbound,query_operational_state,received,,device_response,19,2,,,2,Running Curtailed,,,
2026-09-01T15:52:33.316-07:00,,query_completed,outbound,query_operational_state,ok,,periodic,18,0,,,,,,,
2026-09-01T15:53:02.375-07:00,,query_sent,outbound,get_commodity,pending,,periodic,6,0,,,,,,,
2026-09-01T15:53:02.519-07:00,,link_ack,inbound,get_commodity,ack,,link_layer,6,,,,,,,,
2026-09-01T15:53:02.663-07:00,,intermediate_response,inbound,get_commodity,success,,device_response,6,128,,,,,0,success,
2026-09-01T15:53:02.706-07:00,,query_completed,outbound,get_commodity,ok,,periodic,6,0,,,,,0,success,
2026-09-01T15:53:02.706-07:00,,query_sent,outbound,query_operational_state,pending,,periodic,18,0,,,,,,,
2026-09-01T15:53:02.854-07:00,,link_ack,inbound,query_operational_state,ack,,link_layer,18,,,,,,,,
2026-09-01T15:53:02.966-07:00,,operational_state,inbound,query_operational_state,received,,device_response,19,2,,,2,Running Curtailed,,,
2026-09-01T15:53:03.007-07:00,,query_completed,outbound,query_operational_state,ok,,periodic,18,0,,,,,,,
2026-09-01T15:53:33.075-07:00,,query_sent,outbound,query_operational_state,pending,,periodic,18,0,,,,,,,
2026-09-01T15:53:33.217-07:00,,link_ack,inbound,query_operational_state,ack,,link_layer,18,,,,,,,,
2026-09-01T15:53:33.313-07:00,,operational_state,inbound,query_operational_state,received,,device_response,19,2,,,2,Running Curtailed,,,
2026-09-01T15:53:33.354-07:00,,query_completed,outbound,query_operational_state,ok,,periodic,18,0,,,,,,,
2026-09-01T15:54:02.413-07:00,,query_sent,outbound,get_commodity,pending,,periodic,6,0,,,,,,,
2026-09-01T15:54:02.556-07:00,,link_ack,inbound,get_commodity,ack,,link_layer,6,,,,,,,,
2026-09-01T15:54:02.700-07:00,,intermediate_response,inbound,get_commodity,success,,device_response,6,128,,,,,0,success,
2026-09-01T15:54:02.743-07:00,,query_completed,outbound,get_commodity,ok,,periodic,6,0,,,,,0,success,
2026-09-01T15:54:02.743-07:00,,query_sent,outbound,query_operational_state,pending,,periodic,18,0,,,,,,,
2026-09-01T15:54:02.892-07:00,,link_ack,inbound,query_operational_state,ack,,link_layer,18,,,,,,,,
2026-09-01T15:54:03.004-07:00,,operational_state,inbound,query_operational_state,received,,device_response,19,2,,,2,Running Curtailed,,,
2026-09-01T15:54:03.045-07:00,,query_completed,outbound,query_operational_state,ok,,periodic,18,0,,,,,,,
2026-09-01T15:54:33.113-07:00,,query_sent,outbound,query_operational_state,pending,,periodic,18,0,,,,,,,
2026-09-01T15:54:33.255-07:00,,link_ack,inbound,query_operational_state,ack,,link_layer,18,,,,,,,,
2026-09-01T15:54:33.351-07:00,,operational_state,inbound,query_operational_state,received,,device_response,19,2,,,2,Running Curtailed,,,
2026-09-01T15:54:33.391-07:00,,query_completed,outbound,query_operational_state,ok,,periodic,18,0,,,,,,,
2026-09-01T15:55:02.450-07:00,,query_sent,outbound,get_commodity,pending,,periodic,6,0,,,,,,,
2026-09-01T15:55:02.594-07:00,,link_ack,inbound,get_commodity,ack,,link_layer,6,,,,,,,,
2026-09-01T15:55:02.737-07:00,,intermediate_response,inbound,get_commodity,success,,device_response,6,128,,,,,0,success,
2026-09-01T15:55:02.780-07:00,,query_completed,outbound,get_commodity,ok,,periodic,6,0,,,,,0,success,
2026-09-01T15:55:02.781-07:00,,query_sent,outbound,query_operational_state,pending,,periodic,18,0,,,,,,,
2026-09-01T15:55:02.929-07:00,,link_ack,inbound,query_operational_state,ack,,link_layer,18,,,,,,,,
2026-09-01T15:55:03.026-07:00,,operational_state,inbound,query_operational_state,received,,device_response,19,2,,,2,Running Curtailed,,,
2026-09-01T15:55:03.066-07:00,,query_completed,outbound,query_operational_state,ok,,periodic,18,0,,,,,,,
2026-09-01T15:55:33.133-07:00,,query_sent,outbound,query_operational_state,pending,,periodic,18,0,,,,,,,
2026-09-01T15:55:33.276-07:00,,link_ack,inbound,query_operational_state,ack,,link_layer,18,,,,,,,,
2026-09-01T15:55:33.388-07:00,,operational_state,inbound,query_operational_state,received,,device_response,19,2,,,2,Running Curtailed,,,
2026-09-01T15:55:33.429-07:00,,query_completed,outbound,query_operational_state,ok,,periodic,18,0,,,,,,,
2026-09-01T15:56:02.487-07:00,,query_sent,outbound,get_commodity,pending,,periodic,6,0,,,,,,,
2026-09-01T15:56:02.631-07:00,,link_ack,inbound,get_commodity,ack,,link_layer,6,,,,,,,,
2026-09-01T15:56:02.775-07:00,,intermediate_response,inbound,get_commodity,success,,device_response,6,128,,,,,0,success,
2026-09-01T15:56:02.819-07:00,,query_completed,outbound,get_commodity,ok,,periodic,6,0,,,,,0,success,
2026-09-01T15:56:02.819-07:00,,query_sent,outbound,query_operational_state,pending,,periodic,18,0,,,,,,,
2026-09-01T15:56:02.967-07:00,,link_ack,inbound,query_operational_state,ack,,link_layer,18,,,,,,,,
2026-09-01T15:56:03.063-07:00,,operational_state,inbound,query_operational_state,received,,device_response,19,2,,,2,Running Curtailed,,,
2026-09-01T15:56:03.104-07:00,,query_completed,outbound,query_operational_state,ok,,periodic,18,0,,,,,,,
2026-09-01T15:56:33.171-07:00,,query_sent,outbound,query_operational_state,pending,,periodic,18,0,,,,,,,
2026-09-01T15:56:33.314-07:00,,link_ack,inbound,query_operational_state,ack,,link_layer,18,,,,,,,,
2026-09-01T15:56:33.426-07:00,,operational_state,inbound,query_operational_state,received,,device_response,19,2,,,2,Running Curtailed,,,
2026-09-01T15:56:33.466-07:00,,query_completed,outbound,query_operational_state,ok,,periodic,18,0,,,,,,,
2026-09-01T15:57:02.523-07:00,auto_outside_comm_heartbeat_03,command_sent,outbound,outside_communication1,pending,0,schedule,14,0,,,,,,,
2026-09-01T15:57:02.669-07:00,,link_ack,inbound,outside_communication,ack,,link_layer,14,,,,,,,,
2026-09-01T15:57:02.780-07:00,,application_ack,inbound,outside_communication,ack,,application_layer,3,14,,,,,,,
2026-09-01T15:57:02.821-07:00,auto_outside_comm_heartbeat_03,command_completed,outbound,outside_communication1,ok,0,schedule,14,0,,,,,,,
2026-09-01T15:57:02.824-07:00,,query_sent,outbound,get_commodity,pending,,periodic,6,0,,,,,,,
2026-09-01T15:57:02.972-07:00,,link_ack,inbound,get_commodity,ack,,link_layer,6,,,,,,,,
2026-09-01T15:57:03.117-07:00,,intermediate_response,inbound,get_commodity,success,,device_response,6,128,,,,,0,success,
2026-09-01T15:57:03.160-07:00,,query_completed,outbound,get_commodity,ok,,periodic,6,0,,,,,0,success,
2026-09-01T15:57:03.160-07:00,,query_sent,outbound,query_operational_state,pending,,periodic,18,0,,,,,,,
2026-09-01T15:57:03.308-07:00,,link_ack,inbound,query_operational_state,ack,,link_layer,18,,,,,,,,
2026-09-01T15:57:03.422-07:00,,operational_state,inbound,query_operational_state,received,,device_response,19,2,,,2,Running Curtailed,,,
2026-09-01T15:57:03.463-07:00,,query_completed,outbound,query_operational_state,ok,,periodic,18,0,,,,,,,
2026-09-01T15:57:32.528-07:00,,query_sent,outbound,query_operational_state,pending,,periodic,18,0,,,,,,,
2026-09-01T15:57:32.663-07:00,,link_ack,inbound,query_operational_state,ack,,link_layer,18,,,,,,,,
2026-09-01T15:57:32.775-07:00,,operational_state,inbound,query_operational_state,received,,device_response,19,2,,,2,Running Curtailed,,,
2026-09-01T15:57:32.816-07:00,,query_completed,outbound,query_operational_state,ok,,periodic,18,0,,,,,,,
2026-09-01T15:58:02.876-07:00,,query_sent,outbound,get_commodity,pending,,periodic,6,0,,,,,,,
2026-09-01T15:58:03.026-07:00,,link_ack,inbound,get_commodity,ack,,link_layer,6,,,,,,,,
2026-09-01T15:58:03.154-07:00,,intermediate_response,inbound,get_commodity,success,,device_response,6,128,,,,,0,success,
2026-09-01T15:58:03.197-07:00,,query_completed,outbound,get_commodity,ok,,periodic,6,0,,,,,0,success,
2026-09-01T15:58:03.197-07:00,,query_sent,outbound,query_operational_state,pending,,periodic,18,0,,,,,,,
2026-09-01T15:58:03.346-07:00,,link_ack,inbound,query_operational_state,ack,,link_layer,18,,,,,,,,
2026-09-01T15:58:03.458-07:00,,operational_state,inbound,query_operational_state,received,,device_response,19,2,,,2,Running Curtailed,,,
2026-09-01T15:58:03.499-07:00,,query_completed,outbound,query_operational_state,ok,,periodic,18,0,,,,,,,
2026-09-01T15:58:32.564-07:00,,query_sent,outbound,query_operational_state,pending,,periodic,18,0,,,,,,,
2026-09-01T15:58:32.701-07:00,,link_ack,inbound,query_operational_state,ack,,link_layer,18,,,,,,,,
2026-09-01T15:58:32.813-07:00,,operational_state,inbound,query_operational_state,received,,device_response,19,2,,,2,Running Curtailed,,,
2026-09-01T15:58:32.853-07:00,,query_completed,outbound,query_operational_state,ok,,periodic,18,0,,,,,,,
2026-09-01T15:59:02.913-07:00,,query_sent,outbound,get_commodity,pending,,periodic,6,0,,,,,,,
2026-09-01T15:59:03.063-07:00,,link_ack,inbound,get_commodity,ack,,link_layer,6,,,,,,,,
2026-09-01T15:59:03.191-07:00,,intermediate_response,inbound,get_commodity,success,,device_response,6,128,,,,,0,success,
2026-09-01T15:59:03.234-07:00,,query_completed,outbound,get_commodity,ok,,periodic,6,0,,,,,0,success,
2026-09-01T15:59:03.234-07:00,,query_sent,outbound,query_operational_state,pending,,periodic,18,0,,,,,,,
2026-09-01T15:59:03.383-07:00,,link_ack,inbound,query_operational_state,ack,,link_layer,18,,,,,,,,
2026-09-01T15:59:03.495-07:00,,operational_state,inbound,query_operational_state,received,,device_response,19,2,,,2,Running Curtailed,,,
2026-09-01T15:59:03.536-07:00,,query_completed,outbound,query_operational_state,ok,,periodic,18,0,,,,,,,
2026-09-01T15:59:32.601-07:00,,query_sent,outbound,query_operational_state,pending,,periodic,18,0,,,,,,,
2026-09-01T15:59:32.738-07:00,,link_ack,inbound,query_operational_state,ack,,link_layer,18,,,,,,,,
2026-09-01T15:59:32.850-07:00,,operational_state,inbound,query_operational_state,received,,device_response,19,2,,,2,Running Curtailed,,,
2026-09-01T15:59:32.891-07:00,,query_completed,outbound,query_operational_state,ok,,periodic,18,0,,,,,,,
2026-09-01T16:00:02.951-07:00,,query_sent,outbound,get_commodity,pending,,periodic,6,0,,,,,,,
2026-09-01T16:00:03.101-07:00,,link_ack,inbound,get_commodity,ack,,link_layer,6,,,,,,,,
2026-09-01T16:00:03.245-07:00,,intermediate_response,inbound,get_commodity,success,,device_response,6,128,,,,,0,success,
2026-09-01T16:00:03.288-07:00,,query_completed,outbound,get_commodity,ok,,periodic,6,0,,,,,0,success,
2026-09-01T16:00:03.288-07:00,,query_sent,outbound,query_operational_state,pending,,periodic,18,0,,,,,,,
2026-09-01T16:00:03.437-07:00,,link_ack,inbound,query_operational_state,ack,,link_layer,18,,,,,,,,
2026-09-01T16:00:03.532-07:00,,operational_state,inbound,query_operational_state,received,,device_response,19,2,,,2,Running Curtailed,,,
2026-09-01T16:00:03.573-07:00,,query_completed,outbound,query_operational_state,ok,,periodic,18,0,,,,,,,
2026-09-01T16:00:32.637-07:00,,query_sent,outbound,query_operational_state,pending,,periodic,18,0,,,,,,,
2026-09-01T16:00:32.775-07:00,,link_ack,inbound,query_operational_state,ack,,link_layer,18,,,,,,,,
2026-09-01T16:00:32.887-07:00,,operational_state,inbound,query_operational_state,received,,device_response,19,2,,,2,Running Curtailed,,,
2026-09-01T16:00:32.928-07:00,,query_completed,outbound,query_operational_state,ok,,periodic,18,0,,,,,,,
2026-09-01T16:01:02.981-07:00,,query_sent,outbound,get_commodity,pending,,periodic,6,0,,,,,,,
2026-09-01T16:01:03.122-07:00,,link_ack,inbound,get_commodity,ack,,link_layer,6,,,,,,,,
2026-09-01T16:01:03.266-07:00,,intermediate_response,inbound,get_commodity,success,,device_response,6,128,,,,,0,success,
2026-09-01T16:01:03.307-07:00,,query_completed,outbound,get_commodity,ok,,periodic,6,0,,,,,0,success,
2026-09-01T16:01:03.307-07:00,,query_sent,outbound,query_operational_state,pending,,periodic,18,0,,,,,,,
2026-09-01T16:01:03.457-07:00,,link_ack,inbound,query_operational_state,ack,,link_layer,18,,,,,,,,
2026-09-01T16:01:03.570-07:00,,operational_state,inbound,query_operational_state,received,,device_response,19,2,,,2,Running Curtailed,,,
2026-09-01T16:01:03.610-07:00,,query_completed,outbound,query_operational_state,ok,,periodic,18,0,,,,,,,
2026-09-01T16:01:32.675-07:00,,query_sent,outbound,query_operational_state,pending,,periodic,18,0,,,,,,,
2026-09-01T16:01:32.813-07:00,,link_ack,inbound,query_operational_state,ack,,link_layer,18,,,,,,,,
2026-09-01T16:01:32.924-07:00,,operational_state,inbound,query_operational_state,received,,device_response,19,2,,,2,Running Curtailed,,,
2026-09-01T16:01:32.965-07:00,,query_completed,outbound,query_operational_state,ok,,periodic,18,0,,,,,,,
2026-09-01T16:02:03.025-07:00,,query_sent,outbound,get_commodity,pending,,periodic,6,0,,,,,,,
2026-09-01T16:02:03.175-07:00,,link_ack,inbound,get_commodity,ack,,link_layer,6,,,,,,,,
2026-09-01T16:02:03.319-07:00,,intermediate_response,inbound,get_commodity,success,,device_response,6,128,,,,,0,success,
2026-09-01T16:02:03.362-07:00,,query_completed,outbound,get_commodity,ok,,periodic,6,0,,,,,0,success,
2026-09-01T16:02:03.362-07:00,,query_sent,outbound,query_operational_state,pending,,periodic,18,0,,,,,,,
2026-09-01T16:02:03.511-07:00,,link_ack,inbound,query_operational_state,ack,,link_layer,18,,,,,,,,
2026-09-01T16:02:03.623-07:00,,operational_state,inbound,query_operational_state,received,,device_response,19,2,,,2,Running Curtailed,,,
2026-09-01T16:02:03.664-07:00,,query_completed,outbound,query_operational_state,ok,,periodic,18,0,,,,,,,
2026-09-01T16:02:32.729-07:00,,query_sent,outbound,query_operational_state,pending,,periodic,18,0,,,,,,,
2026-09-01T16:02:32.866-07:00,,link_ack,inbound,query_operational_state,ack,,link_layer,18,,,,,,,,
2026-09-01T16:02:32.978-07:00,,operational_state,inbound,query_operational_state,received,,device_response,19,2,,,2,Running Curtailed,,,
2026-09-01T16:02:33.019-07:00,,query_completed,outbound,query_operational_state,ok,,periodic,18,0,,,,,,,
2026-09-01T16:03:03.079-07:00,,query_sent,outbound,get_commodity,pending,,periodic,6,0,,,,,,,
2026-09-01T16:03:03.229-07:00,,link_ack,inbound,get_commodity,ack,,link_layer,6,,,,,,,,
2026-09-01T16:03:03.356-07:00,,intermediate_response,inbound,get_commodity,success,,device_response,6,128,,,,,0,success,
2026-09-01T16:03:03.399-07:00,,query_completed,outbound,get_commodity,ok,,periodic,6,0,,,,,0,success,
2026-09-01T16:03:03.399-07:00,,query_sent,outbound,query_operational_state,pending,,periodic,18,0,,,,,,,
2026-09-01T16:03:03.548-07:00,,link_ack,inbound,query_operational_state,ack,,link_layer,18,,,,,,,,
2026-09-01T16:03:03.660-07:00,,operational_state,inbound,query_operational_state,received,,device_response,19,2,,,2,Running Curtailed,,,
2026-09-01T16:03:03.701-07:00,,query_completed,outbound,query_operational_state,ok,,periodic,18,0,,,,,,,
2026-09-01T16:03:32.766-07:00,,query_sent,outbound,query_operational_state,pending,,periodic,18,0,,,,,,,
2026-09-01T16:03:32.903-07:00,,link_ack,inbound,query_operational_state,ack,,link_layer,18,,,,,,,,
2026-09-01T16:03:33.015-07:00,,operational_state,inbound,query_operational_state,received,,device_response,19,2,,,2,Running Curtailed,,,
2026-09-01T16:03:33.056-07:00,,query_completed,outbound,query_operational_state,ok,,periodic,18,0,,,,,,,
2026-09-01T16:04:03.116-07:00,,query_sent,outbound,get_commodity,pending,,periodic,6,0,,,,,,,
2026-09-01T16:04:03.250-07:00,,link_ack,inbound,get_commodity,ack,,link_layer,6,,,,,,,,
2026-09-01T16:04:03.394-07:00,,intermediate_response,inbound,get_commodity,success,,device_response,6,128,,,,,0,success,
2026-09-01T16:04:03.437-07:00,,query_completed,outbound,get_commodity,ok,,periodic,6,0,,,,,0,success,
2026-09-01T16:04:03.437-07:00,,query_sent,outbound,query_operational_state,pending,,periodic,18,0,,,,,,,
2026-09-01T16:04:03.586-07:00,,link_ack,inbound,query_operational_state,ack,,link_layer,18,,,,,,,,
2026-09-01T16:04:03.698-07:00,,operational_state,inbound,query_operational_state,received,,device_response,19,2,,,2,Running Curtailed,,,
2026-09-01T16:04:03.738-07:00,,query_completed,outbound,query_operational_state,ok,,periodic,18,0,,,,,,,
2026-09-01T16:04:32.803-07:00,,query_sent,outbound,query_operational_state,pending,,periodic,18,0,,,,,,,
2026-09-01T16:04:32.941-07:00,,link_ack,inbound,query_operational_state,ack,,link_layer,18,,,,,,,,
2026-09-01T16:04:33.052-07:00,,operational_state,inbound,query_operational_state,received,,device_response,19,2,,,2,Running Curtailed,,,
2026-09-01T16:04:33.093-07:00,,query_completed,outbound,query_operational_state,ok,,periodic,18,0,,,,,,,
2026-09-01T16:05:03.153-07:00,,query_sent,outbound,get_commodity,pending,,periodic,6,0,,,,,,,
2026-09-01T16:05:03.287-07:00,,link_ack,inbound,get_commodity,ack,,link_layer,6,,,,,,,,
2026-09-01T16:05:03.431-07:00,,intermediate_response,inbound,get_commodity,success,,device_response,6,128,,,,,0,success,
2026-09-01T16:05:03.474-07:00,,query_completed,outbound,get_commodity,ok,,periodic,6,0,,,,,0,success,
2026-09-01T16:05:03.475-07:00,,query_sent,outbound,query_operational_state,pending,,periodic,18,0,,,,,,,
2026-09-01T16:05:03.623-07:00,,link_ack,inbound,query_operational_state,ack,,link_layer,18,,,,,,,,
2026-09-01T16:05:03.735-07:00,,operational_state,inbound,query_operational_state,received,,device_response,19,2,,,2,Running Curtailed,,,
2026-09-01T16:05:03.776-07:00,,query_completed,outbound,query_operational_state,ok,,periodic,18,0,,,,,,,
2026-09-01T16:05:32.842-07:00,,query_sent,outbound,query_operational_state,pending,,periodic,18,0,,,,,,,
2026-09-01T16:05:32.978-07:00,,link_ack,inbound,query_operational_state,ack,,link_layer,18,,,,,,,,
2026-09-01T16:05:33.090-07:00,,operational_state,inbound,query_operational_state,received,,device_response,19,2,,,2,Running Curtailed,,,
2026-09-01T16:05:33.130-07:00,,query_completed,outbound,query_operational_state,ok,,periodic,18,0,,,,,,,
2026-09-01T16:06:03.190-07:00,,query_sent,outbound,get_commodity,pending,,periodic,6,0,,,,,,,
2026-09-01T16:06:03.325-07:00,,link_ack,inbound,get_commodity,ack,,link_layer,6,,,,,,,,
2026-09-01T16:06:03.469-07:00,,intermediate_response,inbound,get_commodity,success,,device_response,6,128,,,,,0,success,
2026-09-01T16:06:03.512-07:00,,query_completed,outbound,get_commodity,ok,,periodic,6,0,,,,,0,success,
2026-09-01T16:06:03.513-07:00,,query_sent,outbound,query_operational_state,pending,,periodic,18,0,,,,,,,
2026-09-01T16:06:03.660-07:00,,link_ack,inbound,query_operational_state,ack,,link_layer,18,,,,,,,,
2026-09-01T16:06:03.757-07:00,,operational_state,inbound,query_operational_state,received,,device_response,19,2,,,2,Running Curtailed,,,
2026-09-01T16:06:03.797-07:00,,query_completed,outbound,query_operational_state,ok,,periodic,18,0,,,,,,,
2026-09-01T16:06:32.863-07:00,,query_sent,outbound,query_operational_state,pending,,periodic,18,0,,,,,,,
2026-09-01T16:06:33.015-07:00,,link_ack,inbound,query_operational_state,ack,,link_layer,18,,,,,,,,
2026-09-01T16:06:33.111-07:00,,operational_state,inbound,query_operational_state,received,,device_response,19,2,,,2,Running Curtailed,,,
2026-09-01T16:06:33.152-07:00,,query_completed,outbound,query_operational_state,ok,,periodic,18,0,,,,,,,
2026-09-01T16:07:02.208-07:00,auto_outside_comm_heartbeat_04,command_sent,outbound,outside_communication1,pending,0,schedule,14,0,,,,,,,
2026-09-01T16:07:02.354-07:00,,link_ack,inbound,outside_communication,ack,,link_layer,14,,,,,,,,
2026-09-01T16:07:02.466-07:00,,application_ack,inbound,outside_communication,ack,,application_layer,3,14,,,,,,,
2026-09-01T16:07:02.506-07:00,auto_outside_comm_heartbeat_04,command_completed,outbound,outside_communication1,ok,0,schedule,14,0,,,,,,,
2026-09-01T16:07:02.509-07:00,,query_sent,outbound,get_commodity,pending,,periodic,6,0,,,,,,,
2026-09-01T16:07:02.658-07:00,,link_ack,inbound,get_commodity,ack,,link_layer,6,,,,,,,,
2026-09-01T16:07:02.802-07:00,,intermediate_response,inbound,get_commodity,success,,device_response,6,128,,,,,0,success,
2026-09-01T16:07:02.845-07:00,,query_completed,outbound,get_commodity,ok,,periodic,6,0,,,,,0,success,
2026-09-01T16:07:02.845-07:00,,query_sent,outbound,query_operational_state,pending,,periodic,18,0,,,,,,,
2026-09-01T16:07:02.994-07:00,,link_ack,inbound,query_operational_state,ack,,link_layer,18,,,,,,,,
2026-09-01T16:07:03.106-07:00,,operational_state,inbound,query_operational_state,received,,device_response,19,2,,,2,Running Curtailed,,,
2026-09-01T16:07:03.146-07:00,,query_completed,outbound,query_operational_state,ok,,periodic,18,0,,,,,,,
2026-09-01T16:07:33.213-07:00,,query_sent,outbound,query_operational_state,pending,,periodic,18,0,,,,,,,
2026-09-01T16:07:33.357-07:00,,link_ack,inbound,query_operational_state,ack,,link_layer,18,,,,,,,,
2026-09-01T16:07:33.453-07:00,,operational_state,inbound,query_operational_state,received,,device_response,19,2,,,2,Running Curtailed,,,
2026-09-01T16:07:33.493-07:00,,query_completed,outbound,query_operational_state,ok,,periodic,18,0,,,,,,,
2026-09-01T16:08:02.551-07:00,,query_sent,outbound,get_commodity,pending,,periodic,6,0,,,,,,,
2026-09-01T16:08:02.695-07:00,,link_ack,inbound,get_commodity,ack,,link_layer,6,,,,,,,,
2026-09-01T16:08:02.840-07:00,,intermediate_response,inbound,get_commodity,success,,device_response,6,128,,,,,0,success,
2026-09-01T16:08:02.883-07:00,,query_completed,outbound,get_commodity,ok,,periodic,6,0,,,,,0,success,
2026-09-01T16:08:02.884-07:00,,query_sent,outbound,query_operational_state,pending,,periodic,18,0,,,,,,,
2026-09-01T16:08:03.032-07:00,,link_ack,inbound,query_operational_state,ack,,link_layer,18,,,,,,,,
2026-09-01T16:08:03.143-07:00,,operational_state,inbound,query_operational_state,received,,device_response,19,2,,,2,Running Curtailed,,,
2026-09-01T16:08:03.184-07:00,,query_completed,outbound,query_operational_state,ok,,periodic,18,0,,,,,,,
2026-09-01T16:08:32.248-07:00,,query_sent,outbound,query_operational_state,pending,,periodic,18,0,,,,,,,
2026-09-01T16:08:32.386-07:00,,link_ack,inbound,query_operational_state,ack,,link_layer,18,,,,,,,,
2026-09-01T16:08:32.498-07:00,,operational_state,inbound,query_operational_state,received,,device_response,19,2,,,2,Running Curtailed,,,
2026-09-01T16:08:32.539-07:00,,query_completed,outbound,query_operational_state,ok,,periodic,18,0,,,,,,,
2026-09-01T16:09:02.599-07:00,,query_sent,outbound,get_commodity,pending,,periodic,6,0,,,,,,,
2026-09-01T16:09:02.733-07:00,,link_ack,inbound,get_commodity,ack,,link_layer,6,,,,,,,,
2026-09-01T16:09:02.877-07:00,,intermediate_response,inbound,get_commodity,success,,device_response,6,128,,,,,0,success,
2026-09-01T16:09:02.921-07:00,,query_completed,outbound,get_commodity,ok,,periodic,6,0,,,,,0,success,
2026-09-01T16:09:02.921-07:00,,query_sent,outbound,query_operational_state,pending,,periodic,18,0,,,,,,,
2026-09-01T16:09:03.069-07:00,,link_ack,inbound,query_operational_state,ack,,link_layer,18,,,,,,,,
2026-09-01T16:09:03.181-07:00,,operational_state,inbound,query_operational_state,received,,device_response,19,2,,,2,Running Curtailed,,,
2026-09-01T16:09:03.221-07:00,,query_completed,outbound,query_operational_state,ok,,periodic,18,0,,,,,,,
2026-09-01T16:09:32.285-07:00,,query_sent,outbound,query_operational_state,pending,,periodic,18,0,,,,,,,
2026-09-01T16:09:32.424-07:00,,link_ack,inbound,query_operational_state,ack,,link_layer,18,,,,,,,,
2026-09-01T16:09:32.535-07:00,,operational_state,inbound,query_operational_state,received,,device_response,19,2,,,2,Running Curtailed,,,
2026-09-01T16:09:32.576-07:00,,query_completed,outbound,query_operational_state,ok,,periodic,18,0,,,,,,,
2026-09-01T16:10:02.636-07:00,,query_sent,outbound,get_commodity,pending,,periodic,6,0,,,,,,,
2026-09-01T16:10:02.770-07:00,,link_ack,inbound,get_commodity,ack,,link_layer,6,,,,,,,,
2026-09-01T16:10:02.915-07:00,,intermediate_response,inbound,get_commodity,success,,device_response,6,128,,,,,0,success,
2026-09-01T16:10:02.958-07:00,,query_completed,outbound,get_commodity,ok,,periodic,6,0,,,,,0,success,
2026-09-01T16:10:02.958-07:00,,query_sent,outbound,query_operational_state,pending,,periodic,18,0,,,,,,,
2026-09-01T16:10:03.106-07:00,,link_ack,inbound,query_operational_state,ack,,link_layer,18,,,,,,,,
2026-09-01T16:10:03.202-07:00,,operational_state,inbound,query_operational_state,received,,device_response,19,2,,,2,Running Curtailed,,,
2026-09-01T16:10:03.243-07:00,,query_completed,outbound,query_operational_state,ok,,periodic,18,0,,,,,,,
2026-09-01T16:10:32.307-07:00,,query_sent,outbound,query_operational_state,pending,,periodic,18,0,,,,,,,
2026-09-01T16:10:32.445-07:00,,link_ack,inbound,query_operational_state,ack,,link_layer,18,,,,,,,,
2026-09-01T16:10:32.541-07:00,,operational_state,inbound,query_operational_state,received,,device_response,19,2,,,2,Running Curtailed,,,
2026-09-01T16:10:32.582-07:00,,query_completed,outbound,query_operational_state,ok,,periodic,18,0,,,,,,,
2026-09-01T16:11:02.642-07:00,,query_sent,outbound,get_commodity,pending,,periodic,6,0,,,,,,,
2026-09-01T16:11:02.792-07:00,,link_ack,inbound,get_commodity,ack,,link_layer,6,,,,,,,,
2026-09-01T16:11:02.936-07:00,,intermediate_response,inbound,get_commodity,success,,device_response,6,128,,,,,0,success,
2026-09-01T16:11:02.979-07:00,,query_completed,outbound,get_commodity,ok,,periodic,6,0,,,,,0,success,
2026-09-01T16:11:02.980-07:00,,query_sent,outbound,query_operational_state,pending,,periodic,18,0,,,,,,,
2026-09-01T16:11:03.128-07:00,,link_ack,inbound,query_operational_state,ack,,link_layer,18,,,,,,,,
2026-09-01T16:11:03.240-07:00,,operational_state,inbound,query_operational_state,received,,device_response,19,2,,,2,Running Curtailed,,,
2026-09-01T16:11:03.281-07:00,,query_completed,outbound,query_operational_state,ok,,periodic,18,0,,,,,,,
2026-09-01T16:11:32.345-07:00,,query_sent,outbound,query_operational_state,pending,,periodic,18,0,,,,,,,
2026-09-01T16:11:32.499-07:00,,link_ack,inbound,query_operational_state,ack,,link_layer,18,,,,,,,,
2026-09-01T16:11:32.594-07:00,,operational_state,inbound,query_operational_state,received,,device_response,19,2,,,2,Running Curtailed,,,
2026-09-01T16:11:32.635-07:00,,query_completed,outbound,query_operational_state,ok,,periodic,18,0,,,,,,,
2026-09-01T16:12:02.695-07:00,,query_sent,outbound,get_commodity,pending,,periodic,6,0,,,,,,,
2026-09-01T16:12:02.845-07:00,,link_ack,inbound,get_commodity,ack,,link_layer,6,,,,,,,,
2026-09-01T16:12:02.973-07:00,,intermediate_response,inbound,get_commodity,success,,device_response,6,128,,,,,0,success,
2026-09-01T16:12:03.017-07:00,,query_completed,outbound,get_commodity,ok,,periodic,6,0,,,,,0,success,
2026-09-01T16:12:03.017-07:00,,query_sent,outbound,query_operational_state,pending,,periodic,18,0,,,,,,,
2026-09-01T16:12:03.165-07:00,,link_ack,inbound,query_operational_state,ack,,link_layer,18,,,,,,,,
2026-09-01T16:12:03.277-07:00,,operational_state,inbound,query_operational_state,received,,device_response,19,2,,,2,Running Curtailed,,,
2026-09-01T16:12:03.318-07:00,,query_completed,outbound,query_operational_state,ok,,periodic,18,0,,,,,,,
2026-09-01T16:12:32.382-07:00,,query_sent,outbound,query_operational_state,pending,,periodic,18,0,,,,,,,
2026-09-01T16:12:32.520-07:00,,link_ack,inbound,query_operational_state,ack,,link_layer,18,,,,,,,,
2026-09-01T16:12:32.632-07:00,,operational_state,inbound,query_operational_state,received,,device_response,19,2,,,2,Running Curtailed,,,
2026-09-01T16:12:32.672-07:00,,query_completed,outbound,query_operational_state,ok,,periodic,18,0,,,,,,,
2026-09-01T16:13:02.732-07:00,,query_sent,outbound,get_commodity,pending,,periodic,6,0,,,,,,,
2026-09-01T16:13:02.883-07:00,,link_ack,inbound,get_commodity,ack,,link_layer,6,,,,,,,,
2026-09-01T16:13:03.011-07:00,,intermediate_response,inbound,get_commodity,success,,device_response,6,128,,,,,0,success,
2026-09-01T16:13:03.054-07:00,,query_completed,outbound,get_commodity,ok,,periodic,6,0,,,,,0,success,
2026-09-01T16:13:03.054-07:00,,query_sent,outbound,query_operational_state,pending,,periodic,18,0,,,,,,,
2026-09-01T16:13:03.202-07:00,,link_ack,inbound,query_operational_state,ack,,link_layer,18,,,,,,,,
2026-09-01T16:13:03.315-07:00,,operational_state,inbound,query_operational_state,received,,device_response,19,2,,,2,Running Curtailed,,,
2026-09-01T16:13:03.356-07:00,,query_completed,outbound,query_operational_state,ok,,periodic,18,0,,,,,,,
2026-09-01T16:13:32.422-07:00,,query_sent,outbound,query_operational_state,pending,,periodic,18,0,,,,,,,
2026-09-01T16:13:32.558-07:00,,link_ack,inbound,query_operational_state,ack,,link_layer,18,,,,,,,,
2026-09-01T16:13:32.669-07:00,,operational_state,inbound,query_operational_state,received,,device_response,19,2,,,2,Running Curtailed,,,
2026-09-01T16:13:32.710-07:00,,query_completed,outbound,query_operational_state,ok,,periodic,18,0,,,,,,,
2026-09-01T16:14:02.770-07:00,,query_sent,outbound,get_commodity,pending,,periodic,6,0,,,,,,,
2026-09-01T16:14:02.920-07:00,,link_ack,inbound,get_commodity,ack,,link_layer,6,,,,,,,,
2026-09-01T16:14:03.048-07:00,,intermediate_response,inbound,get_commodity,success,,device_response,6,128,,,,,0,success,
2026-09-01T16:14:03.091-07:00,,query_completed,outbound,get_commodity,ok,,periodic,6,0,,,,,0,success,
2026-09-01T16:14:03.091-07:00,,query_sent,outbound,query_operational_state,pending,,periodic,18,0,,,,,,,
2026-09-01T16:14:03.240-07:00,,link_ack,inbound,query_operational_state,ack,,link_layer,18,,,,,,,,
2026-09-01T16:14:03.352-07:00,,operational_state,inbound,query_operational_state,received,,device_response,19,2,,,2,Running Curtailed,,,
2026-09-01T16:14:03.393-07:00,,query_completed,outbound,query_operational_state,ok,,periodic,18,0,,,,,,,
2026-09-01T16:14:32.458-07:00,,query_sent,outbound,query_operational_state,pending,,periodic,18,0,,,,,,,
2026-09-01T16:14:32.595-07:00,,link_ack,inbound,query_operational_state,ack,,link_layer,18,,,,,,,,
2026-09-01T16:14:32.707-07:00,,operational_state,inbound,query_operational_state,received,,device_response,19,2,,,2,Running Curtailed,,,
2026-09-01T16:14:32.747-07:00,,query_completed,outbound,query_operational_state,ok,,periodic,18,0,,,,,,,
2026-09-01T16:15:02.808-07:00,,query_sent,outbound,get_commodity,pending,,periodic,6,0,,,,,,,
2026-09-01T16:15:02.942-07:00,,link_ack,inbound,get_commodity,ack,,link_layer,6,,,,,,,,
2026-09-01T16:15:03.086-07:00,,intermediate_response,inbound,get_commodity,success,,device_response,6,128,,,,,0,success,
2026-09-01T16:15:03.128-07:00,,query_completed,outbound,get_commodity,ok,,periodic,6,0,,,,,0,success,
2026-09-01T16:15:03.128-07:00,,query_sent,outbound,query_operational_state,pending,,periodic,18,0,,,,,,,
2026-09-01T16:15:03.277-07:00,,link_ack,inbound,query_operational_state,ack,,link_layer,18,,,,,,,,
2026-09-01T16:15:03.389-07:00,,operational_state,inbound,query_operational_state,received,,device_response,19,2,,,2,Running Curtailed,,,
2026-09-01T16:15:03.430-07:00,,query_completed,outbound,query_operational_state,ok,,periodic,18,0,,,,,,,
2026-09-01T16:15:32.495-07:00,,query_sent,outbound,query_operational_state,pending,,periodic,18,0,,,,,,,
2026-09-01T16:15:32.632-07:00,,link_ack,inbound,query_operational_state,ack,,link_layer,18,,,,,,,,
2026-09-01T16:15:32.744-07:00,,operational_state,inbound,query_operational_state,received,,device_response,19,2,,,2,Running Curtailed,,,
2026-09-01T16:15:32.785-07:00,,query_completed,outbound,query_operational_state,ok,,periodic,18,0,,,,,,,
2026-09-01T16:16:02.845-07:00,,query_sent,outbound,get_commodity,pending,,periodic,6,0,,,,,,,
2026-09-01T16:16:02.979-07:00,,link_ack,inbound,get_commodity,ack,,link_layer,6,,,,,,,,
2026-09-01T16:16:03.126-07:00,,intermediate_response,inbound,get_commodity,success,,device_response,6,128,,,,,0,success,
2026-09-01T16:16:03.169-07:00,,query_completed,outbound,get_commodity,ok,,periodic,6,0,,,,,0,success,
2026-09-01T16:16:03.169-07:00,,query_sent,outbound,query_operational_state,pending,,periodic,18,0,,,,,,,
2026-09-01T16:16:03.315-07:00,,link_ack,inbound,query_operational_state,ack,,link_layer,18,,,,,,,,
2026-09-01T16:16:03.427-07:00,,operational_state,inbound,query_operational_state,received,,device_response,19,2,,,2,Running Curtailed,,,
2026-09-01T16:16:03.468-07:00,,query_completed,outbound,query_operational_state,ok,,periodic,18,0,,,,,,,
2026-09-01T16:16:32.532-07:00,,query_sent,outbound,query_operational_state,pending,,periodic,18,0,,,,,,,
2026-09-01T16:16:32.670-07:00,,link_ack,inbound,query_operational_state,ack,,link_layer,18,,,,,,,,
2026-09-01T16:16:32.782-07:00,,operational_state,inbound,query_operational_state,received,,device_response,19,2,,,2,Running Curtailed,,,
2026-09-01T16:16:32.823-07:00,,query_completed,outbound,query_operational_state,ok,,periodic,18,0,,,,,,,
2026-09-01T16:17:02.880-07:00,auto_outside_comm_heartbeat_05,command_sent,outbound,outside_communication1,pending,0,schedule,14,0,,,,,,,
2026-09-01T16:17:03.032-07:00,,link_ack,inbound,outside_communication,ack,,link_layer,14,,,,,,,,
2026-09-01T16:17:03.128-07:00,,application_ack,inbound,outside_communication,ack,,application_layer,3,14,,,,,,,
2026-09-01T16:17:03.169-07:00,auto_outside_comm_heartbeat_05,command_completed,outbound,outside_communication1,ok,0,schedule,14,0,,,,,,,
2026-09-01T16:17:03.171-07:00,,query_sent,outbound,get_commodity,pending,,periodic,6,0,,,,,,,
2026-09-01T16:17:03.321-07:00,,link_ack,inbound,get_commodity,ack,,link_layer,6,,,,,,,,
2026-09-01T16:17:03.464-07:00,,intermediate_response,inbound,get_commodity,success,,device_response,6,128,,,,,0,success,
2026-09-01T16:17:03.507-07:00,,query_completed,outbound,get_commodity,ok,,periodic,6,0,,,,,0,success,
2026-09-01T16:17:03.507-07:00,,query_sent,outbound,query_operational_state,pending,,periodic,18,0,,,,,,,
2026-09-01T16:17:03.656-07:00,,link_ack,inbound,query_operational_state,ack,,link_layer,18,,,,,,,,
2026-09-01T16:17:03.752-07:00,,operational_state,inbound,query_operational_state,received,,device_response,19,2,,,2,Running Curtailed,,,
2026-09-01T16:17:03.793-07:00,,query_completed,outbound,query_operational_state,ok,,periodic,18,0,,,,,,,
2026-09-01T16:17:32.858-07:00,,query_sent,outbound,query_operational_state,pending,,periodic,18,0,,,,,,,
2026-09-01T16:17:32.995-07:00,,link_ack,inbound,query_operational_state,ack,,link_layer,18,,,,,,,,
2026-09-01T16:17:33.107-07:00,,operational_state,inbound,query_operational_state,received,,device_response,19,2,,,2,Running Curtailed,,,
2026-09-01T16:17:33.148-07:00,,query_completed,outbound,query_operational_state,ok,,periodic,18,0,,,,,,,
2026-09-01T16:18:03.206-07:00,,query_sent,outbound,get_commodity,pending,,periodic,6,0,,,,,,,
2026-09-01T16:18:03.342-07:00,,link_ack,inbound,get_commodity,ack,,link_layer,6,,,,,,,,
2026-09-01T16:18:03.486-07:00,,intermediate_response,inbound,get_commodity,success,,device_response,6,128,,,,,0,success,
2026-09-01T16:18:03.528-07:00,,query_completed,outbound,get_commodity,ok,,periodic,6,0,,,,,0,success,
2026-09-01T16:18:03.529-07:00,,query_sent,outbound,query_operational_state,pending,,periodic,18,0,,,,,,,
2026-09-01T16:18:03.678-07:00,,link_ack,inbound,query_operational_state,ack,,link_layer,18,,,,,,,,
2026-09-01T16:18:03.790-07:00,,operational_state,inbound,query_operational_state,received,,device_response,19,2,,,2,Running Curtailed,,,
2026-09-01T16:18:03.831-07:00,,query_completed,outbound,query_operational_state,ok,,periodic,18,0,,,,,,,
2026-09-01T16:18:32.892-07:00,,query_sent,outbound,query_operational_state,pending,,periodic,18,0,,,,,,,
2026-09-01T16:18:33.033-07:00,,link_ack,inbound,query_operational_state,ack,,link_layer,18,,,,,,,,
2026-09-01T16:18:33.145-07:00,,operational_state,inbound,query_operational_state,received,,device_response,19,2,,,2,Running Curtailed,,,
2026-09-01T16:18:33.186-07:00,,query_completed,outbound,query_operational_state,ok,,periodic,18,0,,,,,,,
2026-09-01T16:19:02.243-07:00,,query_sent,outbound,get_commodity,pending,,periodic,6,0,,,,,,,
2026-09-01T16:19:02.388-07:00,,link_ack,inbound,get_commodity,ack,,link_layer,6,,,,,,,,
2026-09-01T16:19:02.532-07:00,,intermediate_response,inbound,get_commodity,success,,device_response,6,128,,,,,0,success,
2026-09-01T16:19:02.575-07:00,,query_completed,outbound,get_commodity,ok,,periodic,6,0,,,,,0,success,
2026-09-01T16:19:02.575-07:00,,query_sent,outbound,query_operational_state,pending,,periodic,18,0,,,,,,,
2026-09-01T16:19:02.724-07:00,,link_ack,inbound,query_operational_state,ack,,link_layer,18,,,,,,,,
2026-09-01T16:19:02.835-07:00,,operational_state,inbound,query_operational_state,received,,device_response,19,2,,,2,Running Curtailed,,,
2026-09-01T16:19:02.876-07:00,,query_completed,outbound,query_operational_state,ok,,periodic,18,0,,,,,,,
2026-09-01T16:19:32.941-07:00,,query_sent,outbound,query_operational_state,pending,,periodic,18,0,,,,,,,
2026-09-01T16:19:33.086-07:00,,link_ack,inbound,query_operational_state,ack,,link_layer,18,,,,,,,,
2026-09-01T16:19:33.182-07:00,,operational_state,inbound,query_operational_state,received,,device_response,19,2,,,2,Running Curtailed,,,
2026-09-01T16:19:33.223-07:00,,query_completed,outbound,query_operational_state,ok,,periodic,18,0,,,,,,,
2026-09-01T16:20:02.281-07:00,,query_sent,outbound,get_commodity,pending,,periodic,6,0,,,,,,,
2026-09-01T16:20:02.425-07:00,,link_ack,inbound,get_commodity,ack,,link_layer,6,,,,,,,,
2026-09-01T16:20:02.569-07:00,,intermediate_response,inbound,get_commodity,success,,device_response,6,128,,,,,0,success,
2026-09-01T16:20:02.613-07:00,,query_completed,outbound,get_commodity,ok,,periodic,6,0,,,,,0,success,
2026-09-01T16:20:02.613-07:00,,query_sent,outbound,query_operational_state,pending,,periodic,18,0,,,,,,,
2026-09-01T16:20:02.761-07:00,,link_ack,inbound,query_operational_state,ack,,link_layer,18,,,,,,,,
2026-09-01T16:20:02.873-07:00,,operational_state,inbound,query_operational_state,received,,device_response,19,2,,,2,Running Curtailed,,,
2026-09-01T16:20:02.913-07:00,,query_completed,outbound,query_operational_state,ok,,periodic,18,0,,,,,,,
2026-09-01T16:20:32.979-07:00,,query_sent,outbound,query_operational_state,pending,,periodic,18,0,,,,,,,
2026-09-01T16:20:33.124-07:00,,link_ack,inbound,query_operational_state,ack,,link_layer,18,,,,,,,,
2026-09-01T16:20:33.220-07:00,,operational_state,inbound,query_operational_state,received,,device_response,19,2,,,2,Running Curtailed,,,
2026-09-01T16:20:33.260-07:00,,query_completed,outbound,query_operational_state,ok,,periodic,18,0,,,,,,,
2026-09-01T16:21:02.317-07:00,,query_sent,outbound,get_commodity,pending,,periodic,6,0,,,,,,,
2026-09-01T16:21:02.462-07:00,,link_ack,inbound,get_commodity,ack,,link_layer,6,,,,,,,,
2026-09-01T16:21:02.607-07:00,,intermediate_response,inbound,get_commodity,success,,device_response,6,128,,,,,0,success,
2026-09-01T16:21:02.651-07:00,,query_completed,outbound,get_commodity,ok,,periodic,6,0,,,,,0,success,
2026-09-01T16:21:02.651-07:00,,query_sent,outbound,query_operational_state,pending,,periodic,18,0,,,,,,,
2026-09-01T16:21:02.798-07:00,,link_ack,inbound,query_operational_state,ack,,link_layer,18,,,,,,,,
2026-09-01T16:21:02.894-07:00,,operational_state,inbound,query_operational_state,received,,device_response,19,2,,,2,Running Curtailed,,,
2026-09-01T16:21:02.935-07:00,,query_completed,outbound,query_operational_state,ok,,periodic,18,0,,,,,,,
2026-09-01T16:21:33.001-07:00,,query_sent,outbound,query_operational_state,pending,,periodic,18,0,,,,,,,
2026-09-01T16:21:33.145-07:00,,link_ack,inbound,query_operational_state,ack,,link_layer,18,,,,,,,,
2026-09-01T16:21:33.257-07:00,,operational_state,inbound,query_operational_state,received,,device_response,19,2,,,2,Running Curtailed,,,
2026-09-01T16:21:33.298-07:00,,query_completed,outbound,query_operational_state,ok,,periodic,18,0,,,,,,,
2026-09-01T16:22:02.355-07:00,,query_sent,outbound,get_commodity,pending,,periodic,6,0,,,,,,,
2026-09-01T16:22:02.500-07:00,,link_ack,inbound,get_commodity,ack,,link_layer,6,,,,,,,,
2026-09-01T16:22:02.644-07:00,,intermediate_response,inbound,get_commodity,success,,device_response,6,128,,,,,0,success,
2026-09-01T16:22:02.686-07:00,,query_completed,outbound,get_commodity,ok,,periodic,6,0,,,,,0,success,
2026-09-01T16:22:02.687-07:00,,query_sent,outbound,query_operational_state,pending,,periodic,18,0,,,,,,,
2026-09-01T16:22:02.836-07:00,,link_ack,inbound,query_operational_state,ack,,link_layer,18,,,,,,,,
2026-09-01T16:22:02.932-07:00,,operational_state,inbound,query_operational_state,received,,device_response,19,2,,,2,Running Curtailed,,,
2026-09-01T16:22:02.973-07:00,,query_completed,outbound,query_operational_state,ok,,periodic,18,0,,,,,,,
2026-09-01T16:22:33.038-07:00,,query_sent,outbound,query_operational_state,pending,,periodic,18,0,,,,,,,
2026-09-01T16:22:33.183-07:00,,link_ack,inbound,query_operational_state,ack,,link_layer,18,,,,,,,,
2026-09-01T16:22:33.295-07:00,,operational_state,inbound,query_operational_state,received,,device_response,19,2,,,2,Running Curtailed,,,
2026-09-01T16:22:33.335-07:00,,query_completed,outbound,query_operational_state,ok,,periodic,18,0,,,,,,,
2026-09-01T16:23:02.393-07:00,,query_sent,outbound,get_commodity,pending,,periodic,6,0,,,,,,,
2026-09-01T16:23:02.538-07:00,,link_ack,inbound,get_commodity,ack,,link_layer,6,,,,,,,,
2026-09-01T16:23:02.682-07:00,,intermediate_response,inbound,get_commodity,success,,device_response,6,128,,,,,0,success,
2026-09-01T16:23:02.724-07:00,,query_completed,outbound,get_commodity,ok,,periodic,6,0,,,,,0,success,
2026-09-01T16:23:02.724-07:00,,query_sent,outbound,query_operational_state,pending,,periodic,18,0,,,,,,,
2026-09-01T16:23:02.873-07:00,,link_ack,inbound,query_operational_state,ack,,link_layer,18,,,,,,,,
2026-09-01T16:23:02.969-07:00,,operational_state,inbound,query_operational_state,received,,device_response,19,2,,,2,Running Curtailed,,,
2026-09-01T16:23:03.010-07:00,,query_completed,outbound,query_operational_state,ok,,periodic,18,0,,,,,,,
2026-09-01T16:23:33.076-07:00,,query_sent,outbound,query_operational_state,pending,,periodic,18,0,,,,,,,
2026-09-01T16:23:33.220-07:00,,link_ack,inbound,query_operational_state,ack,,link_layer,18,,,,,,,,
2026-09-01T16:23:33.316-07:00,,operational_state,inbound,query_operational_state,received,,device_response,19,2,,,2,Running Curtailed,,,
2026-09-01T16:23:33.357-07:00,,query_completed,outbound,query_operational_state,ok,,periodic,18,0,,,,,,,
2026-09-01T16:24:02.414-07:00,,query_sent,outbound,get_commodity,pending,,periodic,6,0,,,,,,,
2026-09-01T16:24:02.559-07:00,,link_ack,inbound,get_commodity,ack,,link_layer,6,,,,,,,,
2026-09-01T16:24:02.703-07:00,,intermediate_response,inbound,get_commodity,success,,device_response,6,128,,,,,0,success,
2026-09-01T16:24:02.746-07:00,,query_completed,outbound,get_commodity,ok,,periodic,6,0,,,,,0,success,
2026-09-01T16:24:02.747-07:00,,query_sent,outbound,query_operational_state,pending,,periodic,18,0,,,,,,,
2026-09-01T16:24:02.895-07:00,,link_ack,inbound,query_operational_state,ack,,link_layer,18,,,,,,,,
2026-09-01T16:24:03.007-07:00,,operational_state,inbound,query_operational_state,received,,device_response,19,2,,,2,Running Curtailed,,,
2026-09-01T16:24:03.047-07:00,,query_completed,outbound,query_operational_state,ok,,periodic,18,0,,,,,,,
2026-09-01T16:24:33.114-07:00,,query_sent,outbound,query_operational_state,pending,,periodic,18,0,,,,,,,
2026-09-01T16:24:33.258-07:00,,link_ack,inbound,query_operational_state,ack,,link_layer,18,,,,,,,,
2026-09-01T16:24:33.354-07:00,,operational_state,inbound,query_operational_state,received,,device_response,19,2,,,2,Running Curtailed,,,
2026-09-01T16:24:33.394-07:00,,query_completed,outbound,query_operational_state,ok,,periodic,18,0,,,,,,,
2026-09-01T16:25:02.450-07:00,,query_sent,outbound,get_commodity,pending,,periodic,6,0,,,,,,,
2026-09-01T16:25:02.596-07:00,,link_ack,inbound,get_commodity,ack,,link_layer,6,,,,,,,,
2026-09-01T16:25:02.741-07:00,,intermediate_response,inbound,get_commodity,success,,device_response,6,128,,,,,0,success,
2026-09-01T16:25:02.784-07:00,,query_completed,outbound,get_commodity,ok,,periodic,6,0,,,,,0,success,
2026-09-01T16:25:02.785-07:00,,query_sent,outbound,query_operational_state,pending,,periodic,18,0,,,,,,,
2026-09-01T16:25:02.932-07:00,,link_ack,inbound,query_operational_state,ack,,link_layer,18,,,,,,,,
2026-09-01T16:25:03.044-07:00,,operational_state,inbound,query_operational_state,received,,device_response,19,2,,,2,Running Curtailed,,,
2026-09-01T16:25:03.085-07:00,,query_completed,outbound,query_operational_state,ok,,periodic,18,0,,,,,,,
2026-09-01T16:25:33.151-07:00,,query_sent,outbound,query_operational_state,pending,,periodic,18,0,,,,,,,
2026-09-01T16:25:33.298-07:00,,link_ack,inbound,query_operational_state,ack,,link_layer,18,,,,,,,,
2026-09-01T16:25:33.391-07:00,,operational_state,inbound,query_operational_state,received,,device_response,19,2,,,2,Running Curtailed,,,
2026-09-01T16:25:33.432-07:00,,query_completed,outbound,query_operational_state,ok,,periodic,18,0,,,,,,,
2026-09-01T16:26:02.489-07:00,,query_sent,outbound,get_commodity,pending,,periodic,6,0,,,,,,,
2026-09-01T16:26:02.634-07:00,,link_ack,inbound,get_commodity,ack,,link_layer,6,,,,,,,,
2026-09-01T16:26:02.778-07:00,,intermediate_response,inbound,get_commodity,success,,device_response,6,128,,,,,0,success,
2026-09-01T16:26:02.820-07:00,,query_completed,outbound,get_commodity,ok,,periodic,6,0,,,,,0,success,
2026-09-01T16:26:02.820-07:00,,query_sent,outbound,query_operational_state,pending,,periodic,18,0,,,,,,,
2026-09-01T16:26:02.970-07:00,,link_ack,inbound,query_operational_state,ack,,link_layer,18,,,,,,,,
2026-09-01T16:26:03.082-07:00,,operational_state,inbound,query_operational_state,received,,device_response,19,2,,,2,Running Curtailed,,,
2026-09-01T16:26:03.122-07:00,,query_completed,outbound,query_operational_state,ok,,periodic,18,0,,,,,,,
2026-09-01T16:26:33.188-07:00,,query_sent,outbound,query_operational_state,pending,,periodic,18,0,,,,,,,
2026-09-01T16:26:33.333-07:00,,link_ack,inbound,query_operational_state,ack,,link_layer,18,,,,,,,,
2026-09-01T16:26:33.429-07:00,,operational_state,inbound,query_operational_state,received,,device_response,19,2,,,2,Running Curtailed,,,
2026-09-01T16:26:33.469-07:00,,query_completed,outbound,query_operational_state,ok,,periodic,18,0,,,,,,,
2026-09-01T16:27:02.525-07:00,auto_outside_comm_heartbeat_06,command_sent,outbound,outside_communication1,pending,0,schedule,14,0,,,,,,,
2026-09-01T16:27:02.671-07:00,,link_ack,inbound,outside_communication,ack,,link_layer,14,,,,,,,,
2026-09-01T16:27:02.784-07:00,,application_ack,inbound,outside_communication,ack,,application_layer,3,14,,,,,,,
2026-09-01T16:27:02.824-07:00,auto_outside_comm_heartbeat_06,command_completed,outbound,outside_communication1,ok,0,schedule,14,0,,,,,,,
2026-09-01T16:27:02.827-07:00,,query_sent,outbound,get_commodity,pending,,periodic,6,0,,,,,,,
2026-09-01T16:27:02.975-07:00,,link_ack,inbound,get_commodity,ack,,link_layer,6,,,,,,,,
2026-09-01T16:27:03.119-07:00,,intermediate_response,inbound,get_commodity,success,,device_response,6,128,,,,,0,success,
2026-09-01T16:27:03.162-07:00,,query_completed,outbound,get_commodity,ok,,periodic,6,0,,,,,0,success,
2026-09-01T16:27:03.162-07:00,,query_sent,outbound,query_operational_state,pending,,periodic,18,0,,,,,,,
2026-09-01T16:27:03.311-07:00,,link_ack,inbound,query_operational_state,ack,,link_layer,18,,,,,,,,
2026-09-01T16:27:03.407-07:00,,operational_state,inbound,query_operational_state,received,,device_response,19,2,,,2,Running Curtailed,,,
2026-09-01T16:27:03.448-07:00,,query_completed,outbound,query_operational_state,ok,,periodic,18,0,,,,,,,
2026-09-01T16:27:32.511-07:00,,query_sent,outbound,query_operational_state,pending,,periodic,18,0,,,,,,,
2026-09-01T16:27:32.650-07:00,,link_ack,inbound,query_operational_state,ack,,link_layer,18,,,,,,,,
2026-09-01T16:27:32.762-07:00,,operational_state,inbound,query_operational_state,received,,device_response,19,2,,,2,Running Curtailed,,,
2026-09-01T16:27:32.803-07:00,,query_completed,outbound,query_operational_state,ok,,periodic,18,0,,,,,,,
2026-09-01T16:28:02.861-07:00,,query_sent,outbound,get_commodity,pending,,periodic,6,0,,,,,,,
2026-09-01T16:28:03.013-07:00,,link_ack,inbound,get_commodity,ack,,link_layer,6,,,,,,,,
2026-09-01T16:28:03.157-07:00,,intermediate_response,inbound,get_commodity,success,,device_response,6,128,,,,,0,success,
2026-09-01T16:28:03.199-07:00,,query_completed,outbound,get_commodity,ok,,periodic,6,0,,,,,0,success,
2026-09-01T16:28:03.200-07:00,,query_sent,outbound,query_operational_state,pending,,periodic,18,0,,,,,,,
2026-09-01T16:28:03.349-07:00,,link_ack,inbound,query_operational_state,ack,,link_layer,18,,,,,,,,
2026-09-01T16:28:03.445-07:00,,operational_state,inbound,query_operational_state,received,,device_response,19,2,,,2,Running Curtailed,,,
2026-09-01T16:28:03.485-07:00,,query_completed,outbound,query_operational_state,ok,,periodic,18,0,,,,,,,
2026-09-01T16:28:32.549-07:00,,query_sent,outbound,query_operational_state,pending,,periodic,18,0,,,,,,,
2026-09-01T16:28:32.688-07:00,,link_ack,inbound,query_operational_state,ack,,link_layer,18,,,,,,,,
2026-09-01T16:28:32.800-07:00,,operational_state,inbound,query_operational_state,received,,device_response,19,2,,,2,Running Curtailed,,,
2026-09-01T16:28:32.840-07:00,,query_completed,outbound,query_operational_state,ok,,periodic,18,0,,,,,,,
2026-09-01T16:29:02.899-07:00,,query_sent,outbound,get_commodity,pending,,periodic,6,0,,,,,,,
2026-09-01T16:29:03.050-07:00,,link_ack,inbound,get_commodity,ack,,link_layer,6,,,,,,,,
2026-09-01T16:29:03.195-07:00,,intermediate_response,inbound,get_commodity,success,,device_response,6,128,,,,,0,success,
2026-09-01T16:29:03.238-07:00,,query_completed,outbound,get_commodity,ok,,periodic,6,0,,,,,0,success,
2026-09-01T16:29:03.238-07:00,,query_sent,outbound,query_operational_state,pending,,periodic,18,0,,,,,,,
2026-09-01T16:29:03.386-07:00,,link_ack,inbound,query_operational_state,ack,,link_layer,18,,,,,,,,
2026-09-01T16:29:03.498-07:00,,operational_state,inbound,query_operational_state,received,,device_response,19,2,,,2,Running Curtailed,,,
2026-09-01T16:29:03.539-07:00,,query_completed,outbound,query_operational_state,ok,,periodic,18,0,,,,,,,
2026-09-01T16:29:32.603-07:00,,query_sent,outbound,query_operational_state,pending,,periodic,18,0,,,,,,,
2026-09-01T16:29:32.757-07:00,,link_ack,inbound,query_operational_state,ack,,link_layer,18,,,,,,,,
2026-09-01T16:29:32.853-07:00,,operational_state,inbound,query_operational_state,received,,device_response,19,2,,,2,Running Curtailed,,,
2026-09-01T16:29:32.893-07:00,,query_completed,outbound,query_operational_state,ok,,periodic,18,0,,,,,,,
2026-09-01T16:30:02.952-07:00,,query_sent,outbound,get_commodity,pending,,periodic,6,0,,,,,,,
2026-09-01T16:30:03.104-07:00,,link_ack,inbound,get_commodity,ack,,link_layer,6,,,,,,,,
2026-09-01T16:30:03.232-07:00,,intermediate_response,inbound,get_commodity,success,,device_response,6,128,,,,,0,success,
2026-09-01T16:30:03.275-07:00,,query_completed,outbound,get_commodity,ok,,periodic,6,0,,,,,0,success,
2026-09-01T16:30:03.276-07:00,,query_sent,outbound,query_operational_state,pending,,periodic,18,0,,,,,,,
2026-09-01T16:30:03.424-07:00,,link_ack,inbound,query_operational_state,ack,,link_layer,18,,,,,,,,
2026-09-01T16:30:03.536-07:00,,operational_state,inbound,query_operational_state,received,,device_response,19,2,,,2,Running Curtailed,,,
2026-09-01T16:30:03.576-07:00,,query_completed,outbound,query_operational_state,ok,,periodic,18,0,,,,,,,
2026-09-01T16:30:32.640-07:00,,query_sent,outbound,query_operational_state,pending,,periodic,18,0,,,,,,,
2026-09-01T16:30:32.779-07:00,,link_ack,inbound,query_operational_state,ack,,link_layer,18,,,,,,,,
2026-09-01T16:30:32.891-07:00,,operational_state,inbound,query_operational_state,received,,device_response,19,2,,,2,Running Curtailed,,,
2026-09-01T16:30:32.931-07:00,,query_completed,outbound,query_operational_state,ok,,periodic,18,0,,,,,,,
2026-09-01T16:31:02.990-07:00,,query_sent,outbound,get_commodity,pending,,periodic,6,0,,,,,,,
2026-09-01T16:31:03.142-07:00,,link_ack,inbound,get_commodity,ack,,link_layer,6,,,,,,,,
2026-09-01T16:31:03.269-07:00,,intermediate_response,inbound,get_commodity,success,,device_response,6,128,,,,,0,success,
2026-09-01T16:31:03.312-07:00,,query_completed,outbound,get_commodity,ok,,periodic,6,0,,,,,0,success,
2026-09-01T16:31:03.312-07:00,,query_sent,outbound,query_operational_state,pending,,periodic,18,0,,,,,,,
2026-09-01T16:31:03.461-07:00,,link_ack,inbound,query_operational_state,ack,,link_layer,18,,,,,,,,
2026-09-01T16:31:03.573-07:00,,operational_state,inbound,query_operational_state,received,,device_response,19,2,,,2,Running Curtailed,,,
2026-09-01T16:31:03.614-07:00,,query_completed,outbound,query_operational_state,ok,,periodic,18,0,,,,,,,
2026-09-01T16:31:32.677-07:00,,query_sent,outbound,query_operational_state,pending,,periodic,18,0,,,,,,,
2026-09-01T16:31:32.816-07:00,,link_ack,inbound,query_operational_state,ack,,link_layer,18,,,,,,,,
2026-09-01T16:31:32.928-07:00,,operational_state,inbound,query_operational_state,received,,device_response,19,2,,,2,Running Curtailed,,,
2026-09-01T16:31:32.969-07:00,,query_completed,outbound,query_operational_state,ok,,periodic,18,0,,,,,,,
2026-09-01T16:32:03.027-07:00,,query_sent,outbound,get_commodity,pending,,periodic,6,0,,,,,,,
2026-09-01T16:32:03.163-07:00,,link_ack,inbound,get_commodity,ack,,link_layer,6,,,,,,,,
2026-09-01T16:32:03.307-07:00,,intermediate_response,inbound,get_commodity,success,,device_response,6,128,,,,,0,success,
2026-09-01T16:32:03.351-07:00,,query_completed,outbound,get_commodity,ok,,periodic,6,0,,,,,0,success,
2026-09-01T16:32:03.351-07:00,,query_sent,outbound,query_operational_state,pending,,periodic,18,0,,,,,,,
2026-09-01T16:32:03.499-07:00,,link_ack,inbound,query_operational_state,ack,,link_layer,18,,,,,,,,
2026-09-01T16:32:03.611-07:00,,operational_state,inbound,query_operational_state,received,,device_response,19,2,,,2,Running Curtailed,,,
2026-09-01T16:32:03.651-07:00,,query_completed,outbound,query_operational_state,ok,,periodic,18,0,,,,,,,
2026-09-01T16:32:32.714-07:00,,query_sent,outbound,query_operational_state,pending,,periodic,18,0,,,,,,,
2026-09-01T16:32:32.854-07:00,,link_ack,inbound,query_operational_state,ack,,link_layer,18,,,,,,,,
2026-09-01T16:32:32.966-07:00,,operational_state,inbound,query_operational_state,received,,device_response,19,2,,,2,Running Curtailed,,,
2026-09-01T16:32:33.006-07:00,,query_completed,outbound,query_operational_state,ok,,periodic,18,0,,,,,,,
2026-09-01T16:33:03.065-07:00,,query_sent,outbound,get_commodity,pending,,periodic,6,0,,,,,,,
2026-09-01T16:33:03.201-07:00,,link_ack,inbound,get_commodity,ack,,link_layer,6,,,,,,,,
2026-09-01T16:33:03.344-07:00,,intermediate_response,inbound,get_commodity,success,,device_response,6,128,,,,,0,success,
2026-09-01T16:33:03.387-07:00,,query_completed,outbound,get_commodity,ok,,periodic,6,0,,,,,0,success,
2026-09-01T16:33:03.387-07:00,,query_sent,outbound,query_operational_state,pending,,periodic,18,0,,,,,,,
2026-09-01T16:33:03.536-07:00,,link_ack,inbound,query_operational_state,ack,,link_layer,18,,,,,,,,
2026-09-01T16:33:03.649-07:00,,operational_state,inbound,query_operational_state,received,,device_response,19,2,,,2,Running Curtailed,,,
2026-09-01T16:33:03.689-07:00,,query_completed,outbound,query_operational_state,ok,,periodic,18,0,,,,,,,
2026-09-01T16:33:32.753-07:00,,query_sent,outbound,query_operational_state,pending,,periodic,18,0,,,,,,,
2026-09-01T16:33:32.891-07:00,,link_ack,inbound,query_operational_state,ack,,link_layer,18,,,,,,,,
2026-09-01T16:33:33.003-07:00,,operational_state,inbound,query_operational_state,received,,device_response,19,2,,,2,Running Curtailed,,,
2026-09-01T16:33:33.044-07:00,,query_completed,outbound,query_operational_state,ok,,periodic,18,0,,,,,,,
2026-09-01T16:34:03.102-07:00,,query_sent,outbound,get_commodity,pending,,periodic,6,0,,,,,,,
2026-09-01T16:34:03.238-07:00,,link_ack,inbound,get_commodity,ack,,link_layer,6,,,,,,,,
2026-09-01T16:34:03.382-07:00,,intermediate_response,inbound,get_commodity,success,,device_response,6,128,,,,,0,success,
2026-09-01T16:34:03.424-07:00,,query_completed,outbound,get_commodity,ok,,periodic,6,0,,,,,0,success,
2026-09-01T16:34:03.425-07:00,,query_sent,outbound,query_operational_state,pending,,periodic,18,0,,,,,,,
2026-09-01T16:34:03.574-07:00,,link_ack,inbound,query_operational_state,ack,,link_layer,18,,,,,,,,
2026-09-01T16:34:03.670-07:00,,operational_state,inbound,query_operational_state,received,,device_response,19,2,,,2,Running Curtailed,,,
2026-09-01T16:34:03.711-07:00,,query_completed,outbound,query_operational_state,ok,,periodic,18,0,,,,,,,
2026-09-01T16:34:32.773-07:00,,query_sent,outbound,query_operational_state,pending,,periodic,18,0,,,,,,,
2026-09-01T16:34:32.929-07:00,,link_ack,inbound,query_operational_state,ack,,link_layer,18,,,,,,,,
2026-09-01T16:34:33.025-07:00,,operational_state,inbound,query_operational_state,received,,device_response,19,2,,,2,Running Curtailed,,,
2026-09-01T16:34:33.065-07:00,,query_completed,outbound,query_operational_state,ok,,periodic,18,0,,,,,,,
2026-09-01T16:35:03.124-07:00,,query_sent,outbound,get_commodity,pending,,periodic,6,0,,,,,,,
2026-09-01T16:35:03.276-07:00,,link_ack,inbound,get_commodity,ack,,link_layer,6,,,,,,,,
2026-09-01T16:35:03.420-07:00,,intermediate_response,inbound,get_commodity,success,,device_response,6,128,,,,,0,success,
2026-09-01T16:35:03.463-07:00,,query_completed,outbound,get_commodity,ok,,periodic,6,0,,,,,0,success,
2026-09-01T16:35:03.464-07:00,,query_sent,outbound,query_operational_state,pending,,periodic,18,0,,,,,,,
2026-09-01T16:35:03.611-07:00,,link_ack,inbound,query_operational_state,ack,,link_layer,18,,,,,,,,
2026-09-01T16:35:03.708-07:00,,operational_state,inbound,query_operational_state,received,,device_response,19,2,,,2,Running Curtailed,,,
2026-09-01T16:35:03.748-07:00,,query_completed,outbound,query_operational_state,ok,,periodic,18,0,,,,,,,
2026-09-01T16:35:32.811-07:00,,query_sent,outbound,query_operational_state,pending,,periodic,18,0,,,,,,,
2026-09-01T16:35:32.967-07:00,,link_ack,inbound,query_operational_state,ack,,link_layer,18,,,,,,,,
2026-09-01T16:35:33.062-07:00,,operational_state,inbound,query_operational_state,received,,device_response,19,2,,,2,Running Curtailed,,,
2026-09-01T16:35:33.103-07:00,,query_completed,outbound,query_operational_state,ok,,periodic,18,0,,,,,,,
2026-09-01T16:36:03.161-07:00,,query_sent,outbound,get_commodity,pending,,periodic,6,0,,,,,,,
2026-09-01T16:36:03.313-07:00,,link_ack,inbound,get_commodity,ack,,link_layer,6,,,,,,,,
2026-09-01T16:36:03.441-07:00,,intermediate_response,inbound,get_commodity,success,,device_response,6,128,,,,,0,success,
2026-09-01T16:36:03.484-07:00,,query_completed,outbound,get_commodity,ok,,periodic,6,0,,,,,0,success,
2026-09-01T16:36:03.484-07:00,,query_sent,outbound,query_operational_state,pending,,periodic,18,0,,,,,,,
2026-09-01T16:36:03.633-07:00,,link_ack,inbound,query_operational_state,ack,,link_layer,18,,,,,,,,
2026-09-01T16:36:03.745-07:00,,operational_state,inbound,query_operational_state,received,,device_response,19,2,,,2,Running Curtailed,,,
2026-09-01T16:36:03.786-07:00,,query_completed,outbound,query_operational_state,ok,,periodic,18,0,,,,,,,
2026-09-01T16:36:32.849-07:00,,query_sent,outbound,query_operational_state,pending,,periodic,18,0,,,,,,,
2026-09-01T16:36:32.988-07:00,,link_ack,inbound,query_operational_state,ack,,link_layer,18,,,,,,,,
2026-09-01T16:36:33.100-07:00,,operational_state,inbound,query_operational_state,received,,device_response,19,2,,,2,Running Curtailed,,,
2026-09-01T16:36:33.141-07:00,,query_completed,outbound,query_operational_state,ok,,periodic,18,0,,,,,,,
2026-09-01T16:37:02.195-07:00,auto_outside_comm_heartbeat_07,command_sent,outbound,outside_communication1,pending,0,schedule,14,0,,,,,,,
2026-09-01T16:37:02.343-07:00,,link_ack,inbound,outside_communication,ack,,link_layer,14,,,,,,,,
2026-09-01T16:37:02.455-07:00,,application_ack,inbound,outside_communication,ack,,application_layer,3,14,,,,,,,
2026-09-01T16:37:02.496-07:00,auto_outside_comm_heartbeat_07,command_completed,outbound,outside_communication1,ok,0,schedule,14,0,,,,,,,
2026-09-01T16:37:02.499-07:00,,query_sent,outbound,get_commodity,pending,,periodic,6,0,,,,,,,
2026-09-01T16:37:02.647-07:00,,link_ack,inbound,get_commodity,ack,,link_layer,6,,,,,,,,
2026-09-01T16:37:02.791-07:00,,intermediate_response,inbound,get_commodity,success,,device_response,6,128,,,,,0,success,
2026-09-01T16:37:02.833-07:00,,query_completed,outbound,get_commodity,ok,,periodic,6,0,,,,,0,success,
2026-09-01T16:37:02.833-07:00,,query_sent,outbound,query_operational_state,pending,,periodic,18,0,,,,,,,
2026-09-01T16:37:02.983-07:00,,link_ack,inbound,query_operational_state,ack,,link_layer,18,,,,,,,,
2026-09-01T16:37:03.095-07:00,,operational_state,inbound,query_operational_state,received,,device_response,19,2,,,2,Running Curtailed,,,
2026-09-01T16:37:03.135-07:00,,query_completed,outbound,query_operational_state,ok,,periodic,18,0,,,,,,,
2026-09-01T16:37:33.200-07:00,,query_sent,outbound,query_operational_state,pending,,periodic,18,0,,,,,,,
2026-09-01T16:37:33.346-07:00,,link_ack,inbound,query_operational_state,ack,,link_layer,18,,,,,,,,
2026-09-01T16:37:33.441-07:00,,operational_state,inbound,query_operational_state,received,,device_response,19,2,,,2,Running Curtailed,,,
2026-09-01T16:37:33.482-07:00,,query_completed,outbound,query_operational_state,ok,,periodic,18,0,,,,,,,
2026-09-01T16:38:02.538-07:00,,query_sent,outbound,get_commodity,pending,,periodic,6,0,,,,,,,
2026-09-01T16:38:02.684-07:00,,link_ack,inbound,get_commodity,ack,,link_layer,6,,,,,,,,
2026-09-01T16:38:02.829-07:00,,intermediate_response,inbound,get_commodity,success,,device_response,6,128,,,,,0,success,
2026-09-01T16:38:02.872-07:00,,query_completed,outbound,get_commodity,ok,,periodic,6,0,,,,,0,success,
2026-09-01T16:38:02.873-07:00,,query_sent,outbound,query_operational_state,pending,,periodic,18,0,,,,,,,
2026-09-01T16:38:03.020-07:00,,link_ack,inbound,query_operational_state,ack,,link_layer,18,,,,,,,,
2026-09-01T16:38:03.116-07:00,,operational_state,inbound,query_operational_state,received,,device_response,19,2,,,2,Running Curtailed,,,
2026-09-01T16:38:03.157-07:00,,query_completed,outbound,query_operational_state,ok,,periodic,18,0,,,,,,,
2026-09-01T16:38:33.222-07:00,,query_sent,outbound,query_operational_state,pending,,periodic,18,0,,,,,,,
2026-09-01T16:38:33.367-07:00,,link_ack,inbound,query_operational_state,ack,,link_layer,18,,,,,,,,
2026-09-01T16:38:33.479-07:00,,operational_state,inbound,query_operational_state,received,,device_response,19,2,,,2,Running Curtailed,,,
2026-09-01T16:38:33.520-07:00,,query_completed,outbound,query_operational_state,ok,,periodic,18,0,,,,,,,
2026-09-01T16:39:02.576-07:00,,query_sent,outbound,get_commodity,pending,,periodic,6,0,,,,,,,
2026-09-01T16:39:02.722-07:00,,link_ack,inbound,get_commodity,ack,,link_layer,6,,,,,,,,
2026-09-01T16:39:02.866-07:00,,intermediate_response,inbound,get_commodity,success,,device_response,6,128,,,,,0,success,
2026-09-01T16:39:02.909-07:00,,query_completed,outbound,get_commodity,ok,,periodic,6,0,,,,,0,success,
2026-09-01T16:39:02.909-07:00,,query_sent,outbound,query_operational_state,pending,,periodic,18,0,,,,,,,
2026-09-01T16:39:03.058-07:00,,link_ack,inbound,query_operational_state,ack,,link_layer,18,,,,,,,,
2026-09-01T16:39:03.154-07:00,,operational_state,inbound,query_operational_state,received,,device_response,19,2,,,2,Running Curtailed,,,
2026-09-01T16:39:03.195-07:00,,query_completed,outbound,query_operational_state,ok,,periodic,18,0,,,,,,,
2026-09-01T16:39:32.257-07:00,,query_sent,outbound,query_operational_state,pending,,periodic,18,0,,,,,,,
2026-09-01T16:39:32.397-07:00,,link_ack,inbound,query_operational_state,ack,,link_layer,18,,,,,,,,
2026-09-01T16:39:32.493-07:00,,operational_state,inbound,query_operational_state,received,,device_response,19,2,,,2,Running Curtailed,,,
2026-09-01T16:39:32.533-07:00,,query_completed,outbound,query_operational_state,ok,,periodic,18,0,,,,,,,
2026-09-01T16:40:02.592-07:00,,query_sent,outbound,get_commodity,pending,,periodic,6,0,,,,,,,
2026-09-01T16:40:02.744-07:00,,link_ack,inbound,get_commodity,ack,,link_layer,6,,,,,,,,
2026-09-01T16:40:02.888-07:00,,intermediate_response,inbound,get_commodity,success,,device_response,6,128,,,,,0,success,
2026-09-01T16:40:02.931-07:00,,query_completed,outbound,get_commodity,ok,,periodic,6,0,,,,,0,success,
2026-09-01T16:40:02.932-07:00,,query_sent,outbound,query_operational_state,pending,,periodic,18,0,,,,,,,
2026-09-01T16:40:03.080-07:00,,link_ack,inbound,query_operational_state,ack,,link_layer,18,,,,,,,,
2026-09-01T16:40:03.194-07:00,,operational_state,inbound,query_operational_state,received,,device_response,19,2,,,2,Running Curtailed,,,
2026-09-01T16:40:03.235-07:00,,query_completed,outbound,query_operational_state,ok,,periodic,18,0,,,,,,,
2026-09-01T16:40:32.297-07:00,,query_sent,outbound,query_operational_state,pending,,periodic,18,0,,,,,,,
2026-09-01T16:40:32.435-07:00,,link_ack,inbound,query_operational_state,ack,,link_layer,18,,,,,,,,
2026-09-01T16:40:32.546-07:00,,operational_state,inbound,query_operational_state,received,,device_response,19,2,,,2,Running Curtailed,,,
2026-09-01T16:40:32.587-07:00,,query_completed,outbound,query_operational_state,ok,,periodic,18,0,,,,,,,
2026-09-01T16:41:02.645-07:00,,query_sent,outbound,get_commodity,pending,,periodic,6,0,,,,,,,
2026-09-01T16:41:02.797-07:00,,link_ack,inbound,get_commodity,ack,,link_layer,6,,,,,,,,
2026-09-01T16:41:02.925-07:00,,intermediate_response,inbound,get_commodity,success,,device_response,6,128,,,,,0,success,
2026-09-01T16:41:02.967-07:00,,query_completed,outbound,get_commodity,ok,,periodic,6,0,,,,,0,success,
2026-09-01T16:41:02.967-07:00,,query_sent,outbound,query_operational_state,pending,,periodic,18,0,,,,,,,
2026-09-01T16:41:03.117-07:00,,link_ack,inbound,query_operational_state,ack,,link_layer,18,,,,,,,,
2026-09-01T16:41:03.229-07:00,,operational_state,inbound,query_operational_state,received,,device_response,19,2,,,2,Running Curtailed,,,
2026-09-01T16:41:03.270-07:00,,query_completed,outbound,query_operational_state,ok,,periodic,18,0,,,,,,,
2026-09-01T16:41:32.333-07:00,,query_sent,outbound,query_operational_state,pending,,periodic,18,0,,,,,,,
2026-09-01T16:41:32.472-07:00,,link_ack,inbound,query_operational_state,ack,,link_layer,18,,,,,,,,
2026-09-01T16:41:32.584-07:00,,operational_state,inbound,query_operational_state,received,,device_response,19,2,,,2,Running Curtailed,,,
2026-09-01T16:41:32.624-07:00,,query_completed,outbound,query_operational_state,ok,,periodic,18,0,,,,,,,
2026-09-01T16:42:02.683-07:00,,query_sent,outbound,get_commodity,pending,,periodic,6,0,,,,,,,
2026-09-01T16:42:02.835-07:00,,link_ack,inbound,get_commodity,ack,,link_layer,6,,,,,,,,
2026-09-01T16:42:02.963-07:00,,intermediate_response,inbound,get_commodity,success,,device_response,6,128,,,,,0,success,
2026-09-01T16:42:03.007-07:00,,query_completed,outbound,get_commodity,ok,,periodic,6,0,,,,,0,success,
2026-09-01T16:42:03.007-07:00,,query_sent,outbound,query_operational_state,pending,,periodic,18,0,,,,,,,
2026-09-01T16:42:03.154-07:00,,link_ack,inbound,query_operational_state,ack,,link_layer,18,,,,,,,,
2026-09-01T16:42:03.267-07:00,,operational_state,inbound,query_operational_state,received,,device_response,19,2,,,2,Running Curtailed,,,
2026-09-01T16:42:03.308-07:00,,query_completed,outbound,query_operational_state,ok,,periodic,18,0,,,,,,,
2026-09-01T16:42:32.371-07:00,,query_sent,outbound,query_operational_state,pending,,periodic,18,0,,,,,,,
2026-09-01T16:42:32.510-07:00,,link_ack,inbound,query_operational_state,ack,,link_layer,18,,,,,,,,
2026-09-01T16:42:32.622-07:00,,operational_state,inbound,query_operational_state,received,,device_response,19,2,,,2,Running Curtailed,,,
2026-09-01T16:42:32.662-07:00,,query_completed,outbound,query_operational_state,ok,,periodic,18,0,,,,,,,
2026-09-01T16:43:02.721-07:00,,query_sent,outbound,get_commodity,pending,,periodic,6,0,,,,,,,
2026-09-01T16:43:02.856-07:00,,link_ack,inbound,get_commodity,ack,,link_layer,6,,,,,,,,
2026-09-01T16:43:03.000-07:00,,intermediate_response,inbound,get_commodity,success,,device_response,6,128,,,,,0,success,
2026-09-01T16:43:03.043-07:00,,query_completed,outbound,get_commodity,ok,,periodic,6,0,,,,,0,success,
2026-09-01T16:43:03.043-07:00,,query_sent,outbound,query_operational_state,pending,,periodic,18,0,,,,,,,
2026-09-01T16:43:03.192-07:00,,link_ack,inbound,query_operational_state,ack,,link_layer,18,,,,,,,,
2026-09-01T16:43:03.304-07:00,,operational_state,inbound,query_operational_state,received,,device_response,19,2,,,2,Running Curtailed,,,
2026-09-01T16:43:03.345-07:00,,query_completed,outbound,query_operational_state,ok,,periodic,18,0,,,,,,,
2026-09-01T16:43:32.407-07:00,,query_sent,outbound,query_operational_state,pending,,periodic,18,0,,,,,,,
2026-09-01T16:43:32.547-07:00,,link_ack,inbound,query_operational_state,ack,,link_layer,18,,,,,,,,
2026-09-01T16:43:32.659-07:00,,operational_state,inbound,query_operational_state,received,,device_response,19,2,,,2,Running Curtailed,,,
2026-09-01T16:43:32.699-07:00,,query_completed,outbound,query_operational_state,ok,,periodic,18,0,,,,,,,
2026-09-01T16:44:02.758-07:00,,query_sent,outbound,get_commodity,pending,,periodic,6,0,,,,,,,
2026-09-01T16:44:02.894-07:00,,link_ack,inbound,get_commodity,ack,,link_layer,6,,,,,,,,
2026-09-01T16:44:03.038-07:00,,intermediate_response,inbound,get_commodity,success,,device_response,6,128,,,,,0,success,
2026-09-01T16:44:03.081-07:00,,query_completed,outbound,get_commodity,ok,,periodic,6,0,,,,,0,success,
2026-09-01T16:44:03.082-07:00,,query_sent,outbound,query_operational_state,pending,,periodic,18,0,,,,,,,
2026-09-01T16:44:03.230-07:00,,link_ack,inbound,query_operational_state,ack,,link_layer,18,,,,,,,,
2026-09-01T16:44:03.342-07:00,,operational_state,inbound,query_operational_state,received,,device_response,19,2,,,2,Running Curtailed,,,
2026-09-01T16:44:03.382-07:00,,query_completed,outbound,query_operational_state,ok,,periodic,18,0,,,,,,,
2026-09-01T16:44:32.444-07:00,,query_sent,outbound,query_operational_state,pending,,periodic,18,0,,,,,,,
2026-09-01T16:44:32.585-07:00,,link_ack,inbound,query_operational_state,ack,,link_layer,18,,,,,,,,
2026-09-01T16:44:32.697-07:00,,operational_state,inbound,query_operational_state,received,,device_response,19,2,,,2,Running Curtailed,,,
2026-09-01T16:44:32.737-07:00,,query_completed,outbound,query_operational_state,ok,,periodic,18,0,,,,,,,
2026-09-01T16:45:02.794-07:00,,query_sent,outbound,get_commodity,pending,,periodic,6,0,,,,,,,
2026-09-01T16:45:02.947-07:00,,link_ack,inbound,get_commodity,ack,,link_layer,6,,,,,,,,
2026-09-01T16:45:03.091-07:00,,intermediate_response,inbound,get_commodity,success,,device_response,6,128,,,,,0,success,
2026-09-01T16:45:03.134-07:00,,query_completed,outbound,get_commodity,ok,,periodic,6,0,,,,,0,success,
2026-09-01T16:45:03.134-07:00,,query_sent,outbound,query_operational_state,pending,,periodic,18,0,,,,,,,
2026-09-01T16:45:03.283-07:00,,link_ack,inbound,query_operational_state,ack,,link_layer,18,,,,,,,,
2026-09-01T16:45:03.395-07:00,,operational_state,inbound,query_operational_state,received,,device_response,19,2,,,2,Running Curtailed,,,
2026-09-01T16:45:03.436-07:00,,query_completed,outbound,query_operational_state,ok,,periodic,18,0,,,,,,,
2026-09-01T16:45:32.497-07:00,,query_sent,outbound,query_operational_state,pending,,periodic,18,0,,,,,,,
2026-09-01T16:45:32.638-07:00,,link_ack,inbound,query_operational_state,ack,,link_layer,18,,,,,,,,
2026-09-01T16:45:32.750-07:00,,operational_state,inbound,query_operational_state,received,,device_response,19,2,,,2,Running Curtailed,,,
2026-09-01T16:45:32.791-07:00,,query_completed,outbound,query_operational_state,ok,,periodic,18,0,,,,,,,
2026-09-01T16:46:02.848-07:00,,query_sent,outbound,get_commodity,pending,,periodic,6,0,,,,,,,
2026-09-01T16:46:03.001-07:00,,link_ack,inbound,get_commodity,ack,,link_layer,6,,,,,,,,
2026-09-01T16:46:03.129-07:00,,intermediate_response,inbound,get_commodity,success,,device_response,6,128,,,,,0,success,
2026-09-01T16:46:03.172-07:00,,query_completed,outbound,get_commodity,ok,,periodic,6,0,,,,,0,success,
2026-09-01T16:46:03.173-07:00,,query_sent,outbound,query_operational_state,pending,,periodic,18,0,,,,,,,
2026-09-01T16:46:03.321-07:00,,link_ack,inbound,query_operational_state,ack,,link_layer,18,,,,,,,,
2026-09-01T16:46:03.433-07:00,,operational_state,inbound,query_operational_state,received,,device_response,19,2,,,2,Running Curtailed,,,
2026-09-01T16:46:03.473-07:00,,query_completed,outbound,query_operational_state,ok,,periodic,18,0,,,,,,,
2026-09-01T16:46:32.535-07:00,,query_sent,outbound,query_operational_state,pending,,periodic,18,0,,,,,,,
2026-09-01T16:46:32.676-07:00,,link_ack,inbound,query_operational_state,ack,,link_layer,18,,,,,,,,
2026-09-01T16:46:32.788-07:00,,operational_state,inbound,query_operational_state,received,,device_response,19,2,,,2,Running Curtailed,,,
2026-09-01T16:46:32.828-07:00,,query_completed,outbound,query_operational_state,ok,,periodic,18,0,,,,,,,
2026-09-01T16:47:02.883-07:00,auto_outside_comm_heartbeat_08,command_sent,outbound,outside_communication1,pending,0,schedule,14,0,,,,,,,
2026-09-01T16:47:02.926-07:00,,link_ack,inbound,outside_communication,ack,,link_layer,14,,,,,,,,
2026-09-01T16:47:03.038-07:00,,application_ack,inbound,outside_communication,ack,,application_layer,3,14,,,,,,,
2026-09-01T16:47:03.079-07:00,auto_outside_comm_heartbeat_08,command_completed,outbound,outside_communication1,ok,0,schedule,14,0,,,,,,,
2026-09-01T16:47:03.082-07:00,,query_sent,outbound,get_commodity,pending,,periodic,6,0,,,,,,,
2026-09-01T16:47:03.230-07:00,,link_ack,inbound,get_commodity,ack,,link_layer,6,,,,,,,,
2026-09-01T16:47:03.374-07:00,,intermediate_response,inbound,get_commodity,success,,device_response,6,128,,,,,0,success,
2026-09-01T16:47:03.416-07:00,,query_completed,outbound,get_commodity,ok,,periodic,6,0,,,,,0,success,
2026-09-01T16:47:03.417-07:00,,query_sent,outbound,query_operational_state,pending,,periodic,18,0,,,,,,,
2026-09-01T16:47:03.567-07:00,,link_ack,inbound,query_operational_state,ack,,link_layer,18,,,,,,,,
2026-09-01T16:47:03.678-07:00,,operational_state,inbound,query_operational_state,received,,device_response,19,2,,,2,Running Curtailed,,,
2026-09-01T16:47:03.719-07:00,,query_completed,outbound,query_operational_state,ok,,periodic,18,0,,,,,,,
2026-09-01T16:47:32.780-07:00,,query_sent,outbound,query_operational_state,pending,,periodic,18,0,,,,,,,
2026-09-01T16:47:32.921-07:00,,link_ack,inbound,query_operational_state,ack,,link_layer,18,,,,,,,,
2026-09-01T16:47:33.033-07:00,,operational_state,inbound,query_operational_state,received,,device_response,19,2,,,2,Running Curtailed,,,
2026-09-01T16:47:33.074-07:00,,query_completed,outbound,query_operational_state,ok,,periodic,18,0,,,,,,,
2026-09-01T16:48:03.129-07:00,,query_sent,outbound,get_commodity,pending,,periodic,6,0,,,,,,,
2026-09-01T16:48:03.284-07:00,,link_ack,inbound,get_commodity,ack,,link_layer,6,,,,,,,,
2026-09-01T16:48:03.412-07:00,,intermediate_response,inbound,get_commodity,success,,device_response,6,128,,,,,0,success,
2026-09-01T16:48:03.456-07:00,,query_completed,outbound,get_commodity,ok,,periodic,6,0,,,,,0,success,
2026-09-01T16:48:03.456-07:00,,query_sent,outbound,query_operational_state,pending,,periodic,18,0,,,,,,,
2026-09-01T16:48:03.604-07:00,,link_ack,inbound,query_operational_state,ack,,link_layer,18,,,,,,,,
2026-09-01T16:48:03.716-07:00,,operational_state,inbound,query_operational_state,received,,device_response,19,2,,,2,Running Curtailed,,,
2026-09-01T16:48:03.756-07:00,,query_completed,outbound,query_operational_state,ok,,periodic,18,0,,,,,,,
2026-09-01T16:48:32.817-07:00,,query_sent,outbound,query_operational_state,pending,,periodic,18,0,,,,,,,
2026-09-01T16:48:32.959-07:00,,link_ack,inbound,query_operational_state,ack,,link_layer,18,,,,,,,,
2026-09-01T16:48:33.071-07:00,,operational_state,inbound,query_operational_state,received,,device_response,19,2,,,2,Running Curtailed,,,
2026-09-01T16:48:33.111-07:00,,query_completed,outbound,query_operational_state,ok,,periodic,18,0,,,,,,,
2026-09-01T16:49:03.167-07:00,,query_sent,outbound,get_commodity,pending,,periodic,6,0,,,,,,,
2026-09-01T16:49:03.209-07:00,,link_ack,inbound,get_commodity,ack,,link_layer,6,,,,,,,,
2026-09-01T16:49:03.354-07:00,,intermediate_response,inbound,get_commodity,success,,device_response,6,128,,,,,0,success,
2026-09-01T16:49:03.397-07:00,,query_completed,outbound,get_commodity,ok,,periodic,6,0,,,,,0,success,
2026-09-01T16:49:03.398-07:00,,query_sent,outbound,query_operational_state,pending,,periodic,18,0,,,,,,,
2026-09-01T16:49:03.545-07:00,,link_ack,inbound,query_operational_state,ack,,link_layer,18,,,,,,,,
2026-09-01T16:49:03.642-07:00,,operational_state,inbound,query_operational_state,received,,device_response,19,2,,,2,Running Curtailed,,,
2026-09-01T16:49:03.682-07:00,,query_completed,outbound,query_operational_state,ok,,periodic,18,0,,,,,,,
2026-09-01T16:49:32.743-07:00,,query_sent,outbound,query_operational_state,pending,,periodic,18,0,,,,,,,
2026-09-01T16:49:32.884-07:00,,link_ack,inbound,query_operational_state,ack,,link_layer,18,,,,,,,,
2026-09-01T16:49:32.996-07:00,,operational_state,inbound,query_operational_state,received,,device_response,19,2,,,2,Running Curtailed,,,
2026-09-01T16:49:33.037-07:00,,query_completed,outbound,query_operational_state,ok,,periodic,18,0,,,,,,,
2026-09-01T16:50:03.095-07:00,,query_sent,outbound,get_commodity,pending,,periodic,6,0,,,,,,,
2026-09-01T16:50:03.247-07:00,,link_ack,inbound,get_commodity,ack,,link_layer,6,,,,,,,,
2026-09-01T16:50:03.375-07:00,,intermediate_response,inbound,get_commodity,success,,device_response,6,128,,,,,0,success,
2026-09-01T16:50:03.417-07:00,,query_completed,outbound,get_commodity,ok,,periodic,6,0,,,,,0,success,
2026-09-01T16:50:03.418-07:00,,query_sent,outbound,query_operational_state,pending,,periodic,18,0,,,,,,,
2026-09-01T16:50:03.567-07:00,,link_ack,inbound,query_operational_state,ack,,link_layer,18,,,,,,,,
2026-09-01T16:50:03.679-07:00,,operational_state,inbound,query_operational_state,received,,device_response,19,2,,,2,Running Curtailed,,,
2026-09-01T16:50:03.719-07:00,,query_completed,outbound,query_operational_state,ok,,periodic,18,0,,,,,,,
2026-09-01T16:50:32.782-07:00,,query_sent,outbound,query_operational_state,pending,,periodic,18,0,,,,,,,
2026-09-01T16:50:32.938-07:00,,link_ack,inbound,query_operational_state,ack,,link_layer,18,,,,,,,,
2026-09-01T16:50:33.034-07:00,,operational_state,inbound,query_operational_state,received,,device_response,19,2,,,2,Running Curtailed,,,
2026-09-01T16:50:33.074-07:00,,query_completed,outbound,query_operational_state,ok,,periodic,18,0,,,,,,,
2026-09-01T16:51:03.131-07:00,,query_sent,outbound,get_commodity,pending,,periodic,6,0,,,,,,,
2026-09-01T16:51:03.284-07:00,,link_ack,inbound,get_commodity,ack,,link_layer,6,,,,,,,,
2026-09-01T16:51:03.413-07:00,,intermediate_response,inbound,get_commodity,success,,device_response,6,128,,,,,0,success,
2026-09-01T16:51:03.456-07:00,,query_completed,outbound,get_commodity,ok,,periodic,6,0,,,,,0,success,
2026-09-01T16:51:03.456-07:00,,query_sent,outbound,query_operational_state,pending,,periodic,18,0,,,,,,,
2026-09-01T16:51:03.604-07:00,,link_ack,inbound,query_operational_state,ack,,link_layer,18,,,,,,,,
2026-09-01T16:51:03.717-07:00,,operational_state,inbound,query_operational_state,received,,device_response,19,2,,,2,Running Curtailed,,,
2026-09-01T16:51:03.757-07:00,,query_completed,outbound,query_operational_state,ok,,periodic,18,0,,,,,,,
2026-09-01T16:51:32.820-07:00,,query_sent,outbound,query_operational_state,pending,,periodic,18,0,,,,,,,
2026-09-01T16:51:32.959-07:00,,link_ack,inbound,query_operational_state,ack,,link_layer,18,,,,,,,,
2026-09-01T16:51:33.071-07:00,,operational_state,inbound,query_operational_state,received,,device_response,19,2,,,2,Running Curtailed,,,
2026-09-01T16:51:33.112-07:00,,query_completed,outbound,query_operational_state,ok,,periodic,18,0,,,,,,,
2026-09-01T16:52:03.169-07:00,,query_sent,outbound,get_commodity,pending,,periodic,6,0,,,,,,,
2026-09-01T16:52:03.226-07:00,,link_ack,inbound,get_commodity,ack,,link_layer,6,,,,,,,,
2026-09-01T16:52:03.370-07:00,,intermediate_response,inbound,get_commodity,success,,device_response,6,128,,,,,0,success,
2026-09-01T16:52:03.414-07:00,,query_completed,outbound,get_commodity,ok,,periodic,6,0,,,,,0,success,
2026-09-01T16:52:03.414-07:00,,query_sent,outbound,query_operational_state,pending,,periodic,18,0,,,,,,,
2026-09-01T16:52:03.562-07:00,,link_ack,inbound,query_operational_state,ack,,link_layer,18,,,,,,,,
2026-09-01T16:52:03.674-07:00,,operational_state,inbound,query_operational_state,received,,device_response,19,2,,,2,Running Curtailed,,,
2026-09-01T16:52:03.714-07:00,,query_completed,outbound,query_operational_state,ok,,periodic,18,0,,,,,,,
2026-09-01T16:52:32.776-07:00,,query_sent,outbound,query_operational_state,pending,,periodic,18,0,,,,,,,
2026-09-01T16:52:32.917-07:00,,link_ack,inbound,query_operational_state,ack,,link_layer,18,,,,,,,,
2026-09-01T16:52:33.029-07:00,,operational_state,inbound,query_operational_state,received,,device_response,19,2,,,2,Running Curtailed,,,
2026-09-01T16:52:33.069-07:00,,query_completed,outbound,query_operational_state,ok,,periodic,18,0,,,,,,,
2026-09-01T16:53:03.126-07:00,,query_sent,outbound,get_commodity,pending,,periodic,6,0,,,,,,,
2026-09-01T16:53:03.280-07:00,,link_ack,inbound,get_commodity,ack,,link_layer,6,,,,,,,,
2026-09-01T16:53:03.424-07:00,,intermediate_response,inbound,get_commodity,success,,device_response,6,128,,,,,0,success,
2026-09-01T16:53:03.466-07:00,,query_completed,outbound,get_commodity,ok,,periodic,6,0,,,,,0,success,
2026-09-01T16:53:03.466-07:00,,query_sent,outbound,query_operational_state,pending,,periodic,18,0,,,,,,,
2026-09-01T16:53:03.615-07:00,,link_ack,inbound,query_operational_state,ack,,link_layer,18,,,,,,,,
2026-09-01T16:53:03.727-07:00,,operational_state,inbound,query_operational_state,received,,device_response,19,2,,,2,Running Curtailed,,,
2026-09-01T16:53:03.768-07:00,,query_completed,outbound,query_operational_state,ok,,periodic,18,0,,,,,,,
2026-09-01T16:53:32.831-07:00,,query_sent,outbound,query_operational_state,pending,,periodic,18,0,,,,,,,
2026-09-01T16:53:32.970-07:00,,link_ack,inbound,query_operational_state,ack,,link_layer,18,,,,,,,,
2026-09-01T16:53:33.082-07:00,,operational_state,inbound,query_operational_state,received,,device_response,19,2,,,2,Running Curtailed,,,
2026-09-01T16:53:33.123-07:00,,query_completed,outbound,query_operational_state,ok,,periodic,18,0,,,,,,,
2026-09-01T16:54:03.181-07:00,,query_sent,outbound,get_commodity,pending,,periodic,6,0,,,,,,,
2026-09-01T16:54:03.333-07:00,,link_ack,inbound,get_commodity,ack,,link_layer,6,,,,,,,,
2026-09-01T16:54:03.461-07:00,,intermediate_response,inbound,get_commodity,success,,device_response,6,128,,,,,0,success,
2026-09-01T16:54:03.505-07:00,,query_completed,outbound,get_commodity,ok,,periodic,6,0,,,,,0,success,
2026-09-01T16:54:03.505-07:00,,query_sent,outbound,query_operational_state,pending,,periodic,18,0,,,,,,,
2026-09-01T16:54:03.653-07:00,,link_ack,inbound,query_operational_state,ack,,link_layer,18,,,,,,,,
2026-09-01T16:54:03.765-07:00,,operational_state,inbound,query_operational_state,received,,device_response,19,2,,,2,Running Curtailed,,,
2026-09-01T16:54:03.806-07:00,,query_completed,outbound,query_operational_state,ok,,periodic,18,0,,,,,,,
2026-09-01T16:54:32.869-07:00,,query_sent,outbound,query_operational_state,pending,,periodic,18,0,,,,,,,
2026-09-01T16:54:33.008-07:00,,link_ack,inbound,query_operational_state,ack,,link_layer,18,,,,,,,,
2026-09-01T16:54:33.120-07:00,,operational_state,inbound,query_operational_state,received,,device_response,19,2,,,2,Running Curtailed,,,
2026-09-01T16:54:33.161-07:00,,query_completed,outbound,query_operational_state,ok,,periodic,18,0,,,,,,,
2026-09-01T16:55:03.218-07:00,,query_sent,outbound,get_commodity,pending,,periodic,6,0,,,,,,,
2026-09-01T16:55:03.371-07:00,,link_ack,inbound,get_commodity,ack,,link_layer,6,,,,,,,,
2026-09-01T16:55:03.499-07:00,,intermediate_response,inbound,get_commodity,success,,device_response,6,128,,,,,0,success,
2026-09-01T16:55:03.541-07:00,,query_completed,outbound,get_commodity,ok,,periodic,6,0,,,,,0,success,
2026-09-01T16:55:03.541-07:00,,query_sent,outbound,query_operational_state,pending,,periodic,18,0,,,,,,,
2026-09-01T16:55:03.691-07:00,,link_ack,inbound,query_operational_state,ack,,link_layer,18,,,,,,,,
2026-09-01T16:55:03.802-07:00,,operational_state,inbound,query_operational_state,received,,device_response,19,2,,,2,Running Curtailed,,,
2026-09-01T16:55:03.843-07:00,,query_completed,outbound,query_operational_state,ok,,periodic,18,0,,,,,,,
2026-09-01T16:55:32.904-07:00,,query_sent,outbound,query_operational_state,pending,,periodic,18,0,,,,,,,
2026-09-01T16:55:33.045-07:00,,link_ack,inbound,query_operational_state,ack,,link_layer,18,,,,,,,,
2026-09-01T16:55:33.157-07:00,,operational_state,inbound,query_operational_state,received,,device_response,19,2,,,2,Running Curtailed,,,
2026-09-01T16:55:33.198-07:00,,query_completed,outbound,query_operational_state,ok,,periodic,18,0,,,,,,,
2026-09-01T16:56:02.252-07:00,,query_sent,outbound,get_commodity,pending,,periodic,6,0,,,,,,,
2026-09-01T16:56:02.304-07:00,,link_ack,inbound,get_commodity,ack,,link_layer,6,,,,,,,,
2026-09-01T16:56:02.448-07:00,,intermediate_response,inbound,get_commodity,success,,device_response,6,128,,,,,0,success,
2026-09-01T16:56:02.490-07:00,,query_completed,outbound,get_commodity,ok,,periodic,6,0,,,,,0,success,
2026-09-01T16:56:02.491-07:00,,query_sent,outbound,query_operational_state,pending,,periodic,18,0,,,,,,,
2026-09-01T16:56:02.640-07:00,,link_ack,inbound,query_operational_state,ack,,link_layer,18,,,,,,,,
2026-09-01T16:56:02.736-07:00,,operational_state,inbound,query_operational_state,received,,device_response,19,2,,,2,Running Curtailed,,,
2026-09-01T16:56:02.776-07:00,,query_completed,outbound,query_operational_state,ok,,periodic,18,0,,,,,,,
2026-09-01T16:56:32.840-07:00,,query_sent,outbound,query_operational_state,pending,,periodic,18,0,,,,,,,
2026-09-01T16:56:32.987-07:00,,link_ack,inbound,query_operational_state,ack,,link_layer,18,,,,,,,,
2026-09-01T16:56:33.099-07:00,,operational_state,inbound,query_operational_state,received,,device_response,19,2,,,2,Running Curtailed,,,
2026-09-01T16:56:33.139-07:00,,query_completed,outbound,query_operational_state,ok,,periodic,18,0,,,,,,,
2026-09-01T16:57:02.192-07:00,auto_outside_comm_heartbeat_09,command_sent,outbound,outside_communication1,pending,0,schedule,14,0,,,,,,,
2026-09-01T16:57:02.250-07:00,,link_ack,inbound,outside_communication,ack,,link_layer,14,,,,,,,,
2026-09-01T16:57:02.342-07:00,,application_ack,inbound,outside_communication,ack,,application_layer,3,14,,,,,,,
2026-09-01T16:57:02.382-07:00,auto_outside_comm_heartbeat_09,command_completed,outbound,outside_communication1,ok,0,schedule,14,0,,,,,,,
2026-09-01T16:57:02.384-07:00,,query_sent,outbound,get_commodity,pending,,periodic,6,0,,,,,,,
2026-09-01T16:57:02.534-07:00,,link_ack,inbound,get_commodity,ack,,link_layer,6,,,,,,,,
2026-09-01T16:57:02.678-07:00,,intermediate_response,inbound,get_commodity,success,,device_response,6,128,,,,,0,success,
2026-09-01T16:57:02.720-07:00,,query_completed,outbound,get_commodity,ok,,periodic,6,0,,,,,0,success,
2026-09-01T16:57:02.720-07:00,,query_sent,outbound,query_operational_state,pending,,periodic,18,0,,,,,,,
2026-09-01T16:57:02.870-07:00,,link_ack,inbound,query_operational_state,ack,,link_layer,18,,,,,,,,
2026-09-01T16:57:02.966-07:00,,operational_state,inbound,query_operational_state,received,,device_response,19,4,,,4,Idle Curtailed,,,
2026-09-01T16:57:03.007-07:00,,query_completed,outbound,query_operational_state,ok,,periodic,18,0,,,,,,,
2026-09-01T16:57:33.063-07:00,,query_sent,outbound,query_operational_state,pending,,periodic,18,0,,,,,,,
2026-09-01T16:57:33.120-07:00,,link_ack,inbound,query_operational_state,ack,,link_layer,18,,,,,,,,
2026-09-01T16:57:33.217-07:00,,operational_state,inbound,query_operational_state,received,,device_response,19,4,,,4,Idle Curtailed,,,
2026-09-01T16:57:33.257-07:00,,query_completed,outbound,query_operational_state,ok,,periodic,18,0,,,,,,,
2026-09-01T16:58:02.312-07:00,,query_sent,outbound,get_commodity,pending,,periodic,6,0,,,,,,,
2026-09-01T16:58:02.363-07:00,,link_ack,inbound,get_commodity,ack,,link_layer,6,,,,,,,,
2026-09-01T16:58:02.508-07:00,,intermediate_response,inbound,get_commodity,success,,device_response,6,128,,,,,0,success,
2026-09-01T16:58:02.551-07:00,,query_completed,outbound,get_commodity,ok,,periodic,6,0,,,,,0,success,
2026-09-01T16:58:02.552-07:00,,query_sent,outbound,query_operational_state,pending,,periodic,18,0,,,,,,,
2026-09-01T16:58:02.699-07:00,,link_ack,inbound,query_operational_state,ack,,link_layer,18,,,,,,,,
2026-09-01T16:58:02.811-07:00,,operational_state,inbound,query_operational_state,received,,device_response,19,4,,,4,Idle Curtailed,,,
2026-09-01T16:58:02.852-07:00,,query_completed,outbound,query_operational_state,ok,,periodic,18,0,,,,,,,
2026-09-01T16:58:32.915-07:00,,query_sent,outbound,query_operational_state,pending,,periodic,18,0,,,,,,,
2026-09-01T16:58:32.966-07:00,,link_ack,inbound,query_operational_state,ack,,link_layer,18,,,,,,,,
2026-09-01T16:58:33.062-07:00,,operational_state,inbound,query_operational_state,received,,device_response,19,4,,,4,Idle Curtailed,,,
2026-09-01T16:58:33.103-07:00,,query_completed,outbound,query_operational_state,ok,,periodic,18,0,,,,,,,
2026-09-01T16:59:03.160-07:00,,query_sent,outbound,get_commodity,pending,,periodic,6,0,,,,,,,
2026-09-01T16:59:03.217-07:00,,link_ack,inbound,get_commodity,ack,,link_layer,6,,,,,,,,
2026-09-01T16:59:03.345-07:00,,intermediate_response,inbound,get_commodity,success,,device_response,6,128,,,,,0,success,
2026-09-01T16:59:03.388-07:00,,query_completed,outbound,get_commodity,ok,,periodic,6,0,,,,,0,success,
2026-09-01T16:59:03.388-07:00,,query_sent,outbound,query_operational_state,pending,,periodic,18,0,,,,,,,
2026-09-01T16:59:03.537-07:00,,link_ack,inbound,query_operational_state,ack,,link_layer,18,,,,,,,,
2026-09-01T16:59:03.648-07:00,,operational_state,inbound,query_operational_state,received,,device_response,19,4,,,4,Idle Curtailed,,,
2026-09-01T16:59:03.689-07:00,,query_completed,outbound,query_operational_state,ok,,periodic,18,0,,,,,,,
2026-09-01T16:59:32.751-07:00,,query_sent,outbound,query_operational_state,pending,,periodic,18,0,,,,,,,
2026-09-01T16:59:32.892-07:00,,link_ack,inbound,query_operational_state,ack,,link_layer,18,,,,,,,,
2026-09-01T16:59:33.003-07:00,,operational_state,inbound,query_operational_state,received,,device_response,19,4,,,4,Idle Curtailed,,,
2026-09-01T16:59:33.044-07:00,,query_completed,outbound,query_operational_state,ok,,periodic,18,0,,,,,,,
2026-09-01T17:00:03.101-07:00,,query_sent,outbound,get_commodity,pending,,periodic,6,0,,,,,,,
2026-09-01T17:00:03.158-07:00,,link_ack,inbound,get_commodity,ack,,link_layer,6,,,,,,,,
2026-09-01T17:00:03.302-07:00,,intermediate_response,inbound,get_commodity,success,,device_response,6,128,,,,,0,success,
2026-09-01T17:00:03.345-07:00,,query_completed,outbound,get_commodity,ok,,periodic,6,0,,,,,0,success,
2026-09-01T17:00:03.345-07:00,,query_sent,outbound,query_operational_state,pending,,periodic,18,0,,,,,,,
2026-09-01T17:00:03.494-07:00,,link_ack,inbound,query_operational_state,ack,,link_layer,18,,,,,,,,
2026-09-01T17:00:03.606-07:00,,operational_state,inbound,query_operational_state,received,,device_response,19,4,,,4,Idle Curtailed,,,
2026-09-01T17:00:03.647-07:00,,query_completed,outbound,query_operational_state,ok,,periodic,18,0,,,,,,,
2026-09-01T17:00:32.709-07:00,,query_sent,outbound,query_operational_state,pending,,periodic,18,0,,,,,,,
2026-09-01T17:00:32.849-07:00,,link_ack,inbound,query_operational_state,ack,,link_layer,18,,,,,,,,
2026-09-01T17:00:32.961-07:00,,operational_state,inbound,query_operational_state,received,,device_response,19,4,,,4,Idle Curtailed,,,
2026-09-01T17:00:33.001-07:00,,query_completed,outbound,query_operational_state,ok,,periodic,18,0,,,,,,,
2026-09-01T17:01:03.052-07:00,,query_sent,outbound,get_commodity,pending,,periodic,6,0,,,,,,,
2026-09-01T17:01:03.099-07:00,,link_ack,inbound,get_commodity,ack,,link_layer,6,,,,,,,,
2026-09-01T17:01:03.244-07:00,,intermediate_response,inbound,get_commodity,success,,device_response,6,128,,,,,0,success,
2026-09-01T17:01:03.285-07:00,,query_completed,outbound,get_commodity,ok,,periodic,6,0,,,,,0,success,
2026-09-01T17:01:03.285-07:00,,query_sent,outbound,query_operational_state,pending,,periodic,18,0,,,,,,,
2026-09-01T17:01:03.436-07:00,,link_ack,inbound,query_operational_state,ack,,link_layer,18,,,,,,,,
2026-09-01T17:01:03.531-07:00,,operational_state,inbound,query_operational_state,received,,device_response,19,4,,,4,Idle Curtailed,,,
2026-09-01T17:01:03.572-07:00,,query_completed,outbound,query_operational_state,ok,,periodic,18,0,,,,,,,
2026-09-01T17:01:32.633-07:00,,query_sent,outbound,query_operational_state,pending,,periodic,18,0,,,,,,,
2026-09-01T17:01:32.775-07:00,,link_ack,inbound,query_operational_state,ack,,link_layer,18,,,,,,,,
2026-09-01T17:01:32.887-07:00,,operational_state,inbound,query_operational_state,received,,device_response,19,2,,,2,Running Curtailed,,,
2026-09-01T17:01:32.927-07:00,,query_completed,outbound,query_operational_state,ok,,periodic,18,0,,,,,,,
2026-09-01T17:02:02.985-07:00,,query_sent,outbound,get_commodity,pending,,periodic,6,0,,,,,,,
2026-09-01T17:02:03.041-07:00,,link_ack,inbound,get_commodity,ack,,link_layer,6,,,,,,,,
2026-09-01T17:02:03.185-07:00,,intermediate_response,inbound,get_commodity,success,,device_response,6,128,,,,,0,success,
2026-09-01T17:02:03.227-07:00,,query_completed,outbound,get_commodity,ok,,periodic,6,0,,,,,0,success,
2026-09-01T17:02:03.228-07:00,,query_sent,outbound,query_operational_state,pending,,periodic,18,0,,,,,,,
2026-09-01T17:02:03.378-07:00,,link_ack,inbound,query_operational_state,ack,,link_layer,18,,,,,,,,
2026-09-01T17:02:03.489-07:00,,operational_state,inbound,query_operational_state,received,,device_response,19,2,,,2,Running Curtailed,,,
2026-09-01T17:02:03.530-07:00,,query_completed,outbound,query_operational_state,ok,,periodic,18,0,,,,,,,
2026-09-01T17:02:32.591-07:00,,query_sent,outbound,query_operational_state,pending,,periodic,18,0,,,,,,,
2026-09-01T17:02:32.732-07:00,,link_ack,inbound,query_operational_state,ack,,link_layer,18,,,,,,,,
2026-09-01T17:02:32.844-07:00,,operational_state,inbound,query_operational_state,received,,device_response,19,2,,,2,Running Curtailed,,,
2026-09-01T17:02:32.885-07:00,,query_completed,outbound,query_operational_state,ok,,periodic,18,0,,,,,,,
2026-09-01T17:03:02.942-07:00,,query_sent,outbound,get_commodity,pending,,periodic,6,0,,,,,,,
2026-09-01T17:03:02.999-07:00,,link_ack,inbound,get_commodity,ack,,link_layer,6,,,,,,,,
2026-09-01T17:03:03.143-07:00,,intermediate_response,inbound,get_commodity,success,,device_response,6,128,,,,,0,success,
2026-09-01T17:03:03.185-07:00,,query_completed,outbound,get_commodity,ok,,periodic,6,0,,,,,0,success,
2026-09-01T17:03:03.185-07:00,,query_sent,outbound,query_operational_state,pending,,periodic,18,0,,,,,,,
2026-09-01T17:03:03.335-07:00,,link_ack,inbound,query_operational_state,ack,,link_layer,18,,,,,,,,
2026-09-01T17:03:03.447-07:00,,operational_state,inbound,query_operational_state,received,,device_response,19,2,,,2,Running Curtailed,,,
2026-09-01T17:03:03.487-07:00,,query_completed,outbound,query_operational_state,ok,,periodic,18,0,,,,,,,
2026-09-01T17:03:32.549-07:00,,query_sent,outbound,query_operational_state,pending,,periodic,18,0,,,,,,,
2026-09-01T17:03:32.610-07:00,,link_ack,inbound,query_operational_state,ack,,link_layer,18,,,,,,,,
2026-09-01T17:03:32.706-07:00,,operational_state,inbound,query_operational_state,received,,device_response,19,2,,,2,Running Curtailed,,,
2026-09-01T17:03:32.746-07:00,,query_completed,outbound,query_operational_state,ok,,periodic,18,0,,,,,,,
2026-09-01T17:04:02.805-07:00,,query_sent,outbound,get_commodity,pending,,periodic,6,0,,,,,,,
2026-09-01T17:04:02.860-07:00,,link_ack,inbound,get_commodity,ack,,link_layer,6,,,,,,,,
2026-09-01T17:04:03.005-07:00,,intermediate_response,inbound,get_commodity,success,,device_response,6,128,,,,,0,success,
2026-09-01T17:04:03.048-07:00,,query_completed,outbound,get_commodity,ok,,periodic,6,0,,,,,0,success,
2026-09-01T17:04:03.049-07:00,,query_sent,outbound,query_operational_state,pending,,periodic,18,0,,,,,,,
2026-09-01T17:04:03.196-07:00,,link_ack,inbound,query_operational_state,ack,,link_layer,18,,,,,,,,
2026-09-01T17:04:03.309-07:00,,operational_state,inbound,query_operational_state,received,,device_response,19,2,,,2,Running Curtailed,,,
2026-09-01T17:04:03.349-07:00,,query_completed,outbound,query_operational_state,ok,,periodic,18,0,,,,,,,
2026-09-01T17:04:32.411-07:00,,query_sent,outbound,query_operational_state,pending,,periodic,18,0,,,,,,,
2026-09-01T17:04:32.567-07:00,,link_ack,inbound,query_operational_state,ack,,link_layer,18,,,,,,,,
2026-09-01T17:04:32.663-07:00,,operational_state,inbound,query_operational_state,received,,device_response,19,2,,,2,Running Curtailed,,,
2026-09-01T17:04:32.704-07:00,,query_completed,outbound,query_operational_state,ok,,periodic,18,0,,,,,,,
2026-09-01T17:05:02.761-07:00,,query_sent,outbound,get_commodity,pending,,periodic,6,0,,,,,,,
2026-09-01T17:05:02.802-07:00,,link_ack,inbound,get_commodity,ack,,link_layer,6,,,,,,,,
2026-09-01T17:05:02.946-07:00,,intermediate_response,inbound,get_commodity,success,,device_response,6,128,,,,,0,success,
2026-09-01T17:05:02.990-07:00,,query_completed,outbound,get_commodity,ok,,periodic,6,0,,,,,0,success,
2026-09-01T17:05:02.990-07:00,,query_sent,outbound,query_operational_state,pending,,periodic,18,0,,,,,,,
2026-09-01T17:05:03.138-07:00,,link_ack,inbound,query_operational_state,ack,,link_layer,18,,,,,,,,
2026-09-01T17:05:03.250-07:00,,operational_state,inbound,query_operational_state,received,,device_response,19,2,,,2,Running Curtailed,,,
2026-09-01T17:05:03.291-07:00,,query_completed,outbound,query_operational_state,ok,,periodic,18,0,,,,,,,
2026-09-01T17:05:32.353-07:00,,query_sent,outbound,query_operational_state,pending,,periodic,18,0,,,,,,,
2026-09-01T17:05:32.493-07:00,,link_ack,inbound,query_operational_state,ack,,link_layer,18,,,,,,,,
2026-09-01T17:05:32.605-07:00,,operational_state,inbound,query_operational_state,received,,device_response,19,2,,,2,Running Curtailed,,,
2026-09-01T17:05:32.645-07:00,,query_completed,outbound,query_operational_state,ok,,periodic,18,0,,,,,,,
2026-09-01T17:06:02.702-07:00,,query_sent,outbound,get_commodity,pending,,periodic,6,0,,,,,,,
2026-09-01T17:06:02.856-07:00,,link_ack,inbound,get_commodity,ack,,link_layer,6,,,,,,,,
2026-09-01T17:06:03.000-07:00,,intermediate_response,inbound,get_commodity,success,,device_response,6,128,,,,,0,success,
2026-09-01T17:06:03.042-07:00,,query_completed,outbound,get_commodity,ok,,periodic,6,0,,,,,0,success,
2026-09-01T17:06:03.042-07:00,,query_sent,outbound,query_operational_state,pending,,periodic,18,0,,,,,,,
2026-09-01T17:06:03.192-07:00,,link_ack,inbound,query_operational_state,ack,,link_layer,18,,,,,,,,
2026-09-01T17:06:03.303-07:00,,operational_state,inbound,query_operational_state,received,,device_response,19,2,,,2,Running Curtailed,,,
2026-09-01T17:06:03.344-07:00,,query_completed,outbound,query_operational_state,ok,,periodic,18,0,,,,,,,
2026-09-01T17:06:32.406-07:00,,query_sent,outbound,query_operational_state,pending,,periodic,18,0,,,,,,,
2026-09-01T17:06:32.546-07:00,,link_ack,inbound,query_operational_state,ack,,link_layer,18,,,,,,,,
2026-09-01T17:06:32.658-07:00,,operational_state,inbound,query_operational_state,received,,device_response,19,2,,,2,Running Curtailed,,,
2026-09-01T17:06:32.699-07:00,,query_completed,outbound,query_operational_state,ok,,periodic,18,0,,,,,,,
2026-09-01T17:07:02.754-07:00,auto_outside_comm_heartbeat_10,command_sent,outbound,outside_communication1,pending,0,schedule,14,0,,,,,,,
2026-09-01T17:07:02.813-07:00,,link_ack,inbound,outside_communication,ack,,link_layer,14,,,,,,,,
2026-09-01T17:07:02.909-07:00,,application_ack,inbound,outside_communication,ack,,application_layer,3,14,,,,,,,
2026-09-01T17:07:02.950-07:00,auto_outside_comm_heartbeat_10,command_completed,outbound,outside_communication1,ok,0,schedule,14,0,,,,,,,
2026-09-01T17:07:02.952-07:00,,query_sent,outbound,get_commodity,pending,,periodic,6,0,,,,,,,
2026-09-01T17:07:03.101-07:00,,link_ack,inbound,get_commodity,ack,,link_layer,6,,,,,,,,
2026-09-01T17:07:03.245-07:00,,intermediate_response,inbound,get_commodity,success,,device_response,6,128,,,,,0,success,
2026-09-01T17:07:03.287-07:00,,query_completed,outbound,get_commodity,ok,,periodic,6,0,,,,,0,success,
2026-09-01T17:07:03.287-07:00,,query_sent,outbound,query_operational_state,pending,,periodic,18,0,,,,,,,
2026-09-01T17:07:03.437-07:00,,link_ack,inbound,query_operational_state,ack,,link_layer,18,,,,,,,,
2026-09-01T17:07:03.533-07:00,,operational_state,inbound,query_operational_state,received,,device_response,19,2,,,2,Running Curtailed,,,
2026-09-01T17:07:03.573-07:00,,query_completed,outbound,query_operational_state,ok,,periodic,18,0,,,,,,,
2026-09-01T17:07:32.637-07:00,,query_sent,outbound,query_operational_state,pending,,periodic,18,0,,,,,,,
2026-09-01T17:07:32.776-07:00,,link_ack,inbound,query_operational_state,ack,,link_layer,18,,,,,,,,
2026-09-01T17:07:32.888-07:00,,operational_state,inbound,query_operational_state,received,,device_response,19,2,,,2,Running Curtailed,,,
2026-09-01T17:07:32.928-07:00,,query_completed,outbound,query_operational_state,ok,,periodic,18,0,,,,,,,
2026-09-01T17:08:02.985-07:00,,query_sent,outbound,get_commodity,pending,,periodic,6,0,,,,,,,
2026-09-01T17:08:03.043-07:00,,link_ack,inbound,get_commodity,ack,,link_layer,6,,,,,,,,
2026-09-01T17:08:03.187-07:00,,intermediate_response,inbound,get_commodity,success,,device_response,6,128,,,,,0,success,
2026-09-01T17:08:03.228-07:00,,query_completed,outbound,get_commodity,ok,,periodic,6,0,,,,,0,success,
2026-09-01T17:08:03.229-07:00,,query_sent,outbound,query_operational_state,pending,,periodic,18,0,,,,,,,
2026-09-01T17:08:03.379-07:00,,link_ack,inbound,query_operational_state,ack,,link_layer,18,,,,,,,,
2026-09-01T17:08:03.474-07:00,,operational_state,inbound,query_operational_state,received,,device_response,19,2,,,2,Running Curtailed,,,
2026-09-01T17:08:03.515-07:00,,query_completed,outbound,query_operational_state,ok,,periodic,18,0,,,,,,,
2026-09-01T17:08:32.576-07:00,,query_sent,outbound,query_operational_state,pending,,periodic,18,0,,,,,,,
2026-09-01T17:08:32.733-07:00,,link_ack,inbound,query_operational_state,ack,,link_layer,18,,,,,,,,
2026-09-01T17:08:32.829-07:00,,operational_state,inbound,query_operational_state,received,,device_response,19,2,,,2,Running Curtailed,,,
2026-09-01T17:08:32.870-07:00,,query_completed,outbound,query_operational_state,ok,,periodic,18,0,,,,,,,
2026-09-01T17:09:02.926-07:00,,query_sent,outbound,get_commodity,pending,,periodic,6,0,,,,,,,
2026-09-01T17:09:02.968-07:00,,link_ack,inbound,get_commodity,ack,,link_layer,6,,,,,,,,
2026-09-01T17:09:03.112-07:00,,intermediate_response,inbound,get_commodity,success,,device_response,6,128,,,,,0,success,
2026-09-01T17:09:03.155-07:00,,query_completed,outbound,get_commodity,ok,,periodic,6,0,,,,,0,success,
2026-09-01T17:09:03.155-07:00,,query_sent,outbound,query_operational_state,pending,,periodic,18,0,,,,,,,
2026-09-01T17:09:03.304-07:00,,link_ack,inbound,query_operational_state,ack,,link_layer,18,,,,,,,,
2026-09-01T17:09:03.416-07:00,,operational_state,inbound,query_operational_state,received,,device_response,19,2,,,2,Running Curtailed,,,
2026-09-01T17:09:03.456-07:00,,query_completed,outbound,query_operational_state,ok,,periodic,18,0,,,,,,,
2026-09-01T17:09:32.519-07:00,,query_sent,outbound,query_operational_state,pending,,periodic,18,0,,,,,,,
2026-09-01T17:09:32.659-07:00,,link_ack,inbound,query_operational_state,ack,,link_layer,18,,,,,,,,
2026-09-01T17:09:32.771-07:00,,operational_state,inbound,query_operational_state,received,,device_response,19,2,,,2,Running Curtailed,,,
2026-09-01T17:09:32.811-07:00,,query_completed,outbound,query_operational_state,ok,,periodic,18,0,,,,,,,
2026-09-01T17:10:02.868-07:00,,query_sent,outbound,get_commodity,pending,,periodic,6,0,,,,,,,
2026-09-01T17:10:02.926-07:00,,link_ack,inbound,get_commodity,ack,,link_layer,6,,,,,,,,
2026-09-01T17:10:03.070-07:00,,intermediate_response,inbound,get_commodity,success,,device_response,6,128,,,,,0,success,
2026-09-01T17:10:03.113-07:00,,query_completed,outbound,get_commodity,ok,,periodic,6,0,,,,,0,success,
2026-09-01T17:10:03.113-07:00,,query_sent,outbound,query_operational_state,pending,,periodic,18,0,,,,,,,
2026-09-01T17:10:03.262-07:00,,link_ack,inbound,query_operational_state,ack,,link_layer,18,,,,,,,,
2026-09-01T17:10:03.374-07:00,,operational_state,inbound,query_operational_state,received,,device_response,19,2,,,2,Running Curtailed,,,
2026-09-01T17:10:03.414-07:00,,query_completed,outbound,query_operational_state,ok,,periodic,18,0,,,,,,,
2026-09-01T17:10:12.921-07:00,,command_sent,outbound,run_normal,pending,0,shutdown,2,0,,,,,,,
2026-09-01T17:10:12.988-07:00,,link_ack,inbound,run_normal,ack,,link_layer,2,,,,,,,,
2026-09-01T17:10:13.084-07:00,,application_ack,inbound,run_normal,ack,,application_layer,3,2,,,,,,,
2026-09-01T17:10:13.124-07:00,,command_completed,outbound,run_normal,ok,0,shutdown,2,0,,,,,,,
2026-09-01T17:10:13.124-07:00,,command_sent,outbound,outside_communication,pending,0,shutdown,14,0,,,,,,,
2026-09-01T17:10:13.276-07:00,,link_ack,inbound,outside_communication,ack,,link_layer,14,,,,,,,,
2026-09-01T17:10:13.372-07:00,,application_ack,inbound,outside_communication,ack,,application_layer,3,14,,,,,,,
2026-09-01T17:10:13.412-07:00,,command_completed,outbound,outside_communication,ok,0,shutdown,14,0,,,,,,,
2026-09-01T17:10:15.467-07:00,,link_ack,inbound,query_operational_state,ack,,link_layer,18,,,,,,,,
2026-09-01T17:10:15.563-07:00,,operational_state,inbound,query_operational_state,received,,device_response,19,1,,,1,Running Normal,,,
2026-09-01T17:10:15.704-07:00,,controller_stopped,internal,controller,stopped,,controller,,,,,,,,,
