timestamp_pacific,event_id,event,direction,command,result,argument,source,opcode1,opcode2,nak_code,nak_reason,operational_state,operational_state_name,intermediate_response_code,intermediate_response_name,details
2026-08-26T10:47:34.092-07:00,,controller_started,internal,controller,started,,controller,,,,,,,,,
2026-08-26T10:47:34.098-07:00,,serial_open,internal,serial_port,ok,/dev/ttyUSB0,controller,,,,,,,,,
2026-08-26T10:47:34.098-07:00,,communication_started,internal,cta2045,started,,controller,,,,,,,,,
2026-08-26T10:47:34.098-07:00,,query_sent,outbound,device_information,pending,,startup,1,1,,,,,,,
2026-08-26T10:47:34.260-07:00,,link_ack,inbound,device_information,ack,,link_layer,,,,,,,,,
2026-08-26T10:47:34.413-07:00,,intermediate_response,inbound,device_information,success,,device_response,1,129,,,,,0,success,
2026-08-26T10:47:34.453-07:00,,query_completed,outbound,device_information,ok,,startup,1,1,,,,,0,success,
2026-08-26T10:47:34.454-07:00,,query_sent,outbound,get_commodity,pending,,periodic,6,0,,,,,,,
2026-08-26T10:47:34.616-07:00,,link_ack,inbound,get_commodity,ack,,link_layer,6,,,,,,,,
2026-08-26T10:47:34.783-07:00,,intermediate_response,inbound,get_commodity,success,,device_response,6,128,,,,,0,success,
2026-08-26T10:47:34.825-07:00,,query_completed,outbound,get_commodity,ok,,periodic,6,0,,,,,0,success,
2026-08-26T10:47:34.825-07:00,,query_sent,outbound,query_operational_state,pending,,periodic,18,0,,,,,,,
2026-08-26T10:47:34.986-07:00,,link_ack,inbound,query_operational_state,ack,,link_layer,18,,,,,,,,
2026-08-26T10:47:35.110-07:00,,operational_state,inbound,query_operational_state,received,,device_response,19,0,,,0,Idle Normal,,,
2026-08-26T10:47:35.150-07:00,,query_completed,outbound,query_operational_state,ok,,periodic,18,0,,,,,,,
2026-08-26T10:47:36.151-07:00,auto_outside_comm_for_load_up_1,command_sent,outbound,outside_communication1,pending,0,schedule,14,0,,,,,,,
2026-08-26T10:47:36.214-07:00,,link_ack,inbound,outside_communication,ack,,link_layer,14,,,,,,,,
2026-08-26T10:47:36.337-07:00,,application_ack,inbound,outside_communication,ack,,application_layer,3,14,,,,,,,
2026-08-26T10:47:36.378-07:00,auto_outside_comm_for_load_up_1,command_completed,outbound,outside_communication1,ok,0,schedule,14,0,,,,,,,
2026-08-26T10:47:50.386-07:00,load_up_1,command_sent,outbound,load_up,pending,0,schedule,23,0,,,,,,,
2026-08-26T10:47:50.465-07:00,,link_ack,inbound,load_up,ack,,link_layer,23,,,,,,,,
2026-08-26T10:47:50.588-07:00,,application_ack,inbound,load_up,ack,,application_layer,3,23,,,,,,,
2026-08-26T10:47:50.629-07:00,load_up_1,command_completed,outbound,load_up,ok,0,schedule,23,0,,,,,,,
2026-08-26T10:48:04.638-07:00,,query_sent,outbound,query_operational_state,pending,,periodic,18,0,,,,,,,
2026-08-26T10:48:04.717-07:00,,link_ack,inbound,query_operational_state,ack,,link_layer,18,,,,,,,,
2026-08-26T10:48:04.842-07:00,,operational_state,inbound,query_operational_state,received,,device_response,19,3,,,3,Running Heightened,,,
2026-08-26T10:48:04.883-07:00,,query_completed,outbound,query_operational_state,ok,,periodic,18,0,,,,,,,
2026-08-26T10:48:34.899-07:00,,query_sent,outbound,get_commodity,pending,,periodic,6,0,,,,,,,
2026-08-26T10:48:35.002-07:00,,link_ack,inbound,get_commodity,ack,,link_layer,6,,,,,,,,
2026-08-26T10:48:35.171-07:00,,intermediate_response,inbound,get_commodity,success,,device_response,6,128,,,,,0,success,
2026-08-26T10:48:35.214-07:00,,query_completed,outbound,get_commodity,ok,,periodic,6,0,,,,,0,success,
2026-08-26T10:48:35.215-07:00,,query_sent,outbound,query_operational_state,pending,,periodic,18,0,,,,,,,
2026-08-26T10:48:35.376-07:00,,link_ack,inbound,query_operational_state,ack,,link_layer,18,,,,,,,,
2026-08-26T10:48:35.500-07:00,,operational_state,inbound,query_operational_state,received,,device_response,19,3,,,3,Running Heightened,,,
2026-08-26T10:48:35.541-07:00,,query_completed,outbound,query_operational_state,ok,,periodic,18,0,,,,,,,
2026-08-26T10:49:04.557-07:00,,query_sent,outbound,query_operational_state,pending,,periodic,18,0,,,,,,,
2026-08-26T10:49:04.661-07:00,,link_ack,inbound,query_operational_state,ack,,link_layer,18,,,,,,,,
2026-08-26T10:49:04.784-07:00,,operational_state,inbound,query_operational_state,received,,device_response,19,3,,,3,Running Heightened,,,
2026-08-26T10:49:04.825-07:00,,query_completed,outbound,query_operational_state,ok,,periodic,18,0,,,,,,,
2026-08-26T10:49:34.840-07:00,,query_sent,outbound,get_commodity,pending,,periodic,6,0,,,,,,,
2026-08-26T10:49:34.941-07:00,,link_ack,inbound,get_commodity,ack,,link_layer,6,,,,,,,,
2026-08-26T10:49:35.110-07:00,,intermediate_response,inbound,get_commodity,success,,device_response,6,128,,,,,0,success,
2026-08-26T10:49:35.154-07:00,,query_completed,outbound,get_commodity,ok,,periodic,6,0,,,,,0,success,
2026-08-26T10:49:35.154-07:00,,query_sent,outbound,query_operational_state,pending,,periodic,18,0,,,,,,,
2026-08-26T10:49:35.316-07:00,,link_ack,inbound,query_operational_state,ack,,link_layer,18,,,,,,,,
2026-08-26T10:49:35.439-07:00,,operational_state,inbound,query_operational_state,received,,device_response,19,3,,,3,Running Heightened,,,
2026-08-26T10:49:35.480-07:00,,query_completed,outbound,query_operational_state,ok,,periodic,18,0,,,,,,,
2026-08-26T10:50:04.496-07:00,,query_sent,outbound,query_operational_state,pending,,periodic,18,0,,,,,,,
2026-08-26T10:50:04.599-07:00,,link_ack,inbound,query_operational_state,ack,,link_layer,18,,,,,,,,
2026-08-26T10:50:04.723-07:00,,operational_state,inbound,query_operational_state,received,,device_response,19,3,,,3,Running Heightened,,,
2026-08-26T10:50:04.764-07:00,,query_completed,outbound,query_operational_state,ok,,periodic,18,0,,,,,,,
2026-08-26T10:50:34.779-07:00,,query_sent,outbound,get_commodity,pending,,periodic,6,0,,,,,,,
2026-08-26T10:50:34.882-07:00,,link_ack,inbound,get_commodity,ack,,link_layer,6,,,,,,,,
2026-08-26T10:50:35.050-07:00,,intermediate_response,inbound,get_commodity,success,,device_response,6,128,,,,,0,success,
2026-08-26T10:50:35.094-07:00,,query_completed,outbound,get_commodity,ok,,periodic,6,0,,,,,0,success,
2026-08-26T10:50:35.094-07:00,,query_sent,outbound,query_operational_state,pending,,periodic,18,0,,,,,,,
2026-08-26T10:50:35.256-07:00,,link_ack,inbound,query_operational_state,ack,,link_layer,18,,,,,,,,
2026-08-26T10:50:35.379-07:00,,operational_state,inbound,query_operational_state,received,,device_response,19,3,,,3,Running Heightened,,,
2026-08-26T10:50:35.420-07:00,,query_completed,outbound,query_operational_state,ok,,periodic,18,0,,,,,,,
2026-08-26T10:51:05.437-07:00,,query_sent,outbound,query_operational_state,pending,,periodic,18,0,,,,,,,
2026-08-26T10:51:05.541-07:00,,link_ack,inbound,query_operational_state,ack,,link_layer,18,,,,,,,,
2026-08-26T10:51:05.664-07:00,,operational_state,inbound,query_operational_state,received,,device_response,19,3,,,3,Running Heightened,,,
2026-08-26T10:51:05.705-07:00,,query_completed,outbound,query_operational_state,ok,,periodic,18,0,,,,,,,
2026-08-26T10:51:34.720-07:00,,query_sent,outbound,get_commodity,pending,,periodic,6,0,,,,,,,
2026-08-26T10:51:34.821-07:00,,link_ack,inbound,get_commodity,ack,,link_layer,6,,,,,,,,
2026-08-26T10:51:34.989-07:00,,intermediate_response,inbound,get_commodity,success,,device_response,6,128,,,,,0,success,
2026-08-26T10:51:35.032-07:00,,query_completed,outbound,get_commodity,ok,,periodic,6,0,,,,,0,success,
2026-08-26T10:51:35.032-07:00,,query_sent,outbound,query_operational_state,pending,,periodic,18,0,,,,,,,
2026-08-26T10:51:35.196-07:00,,link_ack,inbound,query_operational_state,ack,,link_layer,18,,,,,,,,
2026-08-26T10:51:35.319-07:00,,operational_state,inbound,query_operational_state,received,,device_response,19,3,,,3,Running Heightened,,,
2026-08-26T10:51:35.360-07:00,,query_completed,outbound,query_operational_state,ok,,periodic,18,0,,,,,,,
2026-08-26T10:52:05.377-07:00,,query_sent,outbound,query_operational_state,pending,,periodic,18,0,,,,,,,
2026-08-26T10:52:05.484-07:00,,link_ack,inbound,query_operational_state,ack,,link_layer,18,,,,,,,,
2026-08-26T10:52:05.607-07:00,,operational_state,inbound,query_operational_state,received,,device_response,19,3,,,3,Running Heightened,,,
2026-08-26T10:52:05.648-07:00,,query_completed,outbound,query_operational_state,ok,,periodic,18,0,,,,,,,
2026-08-26T10:52:34.663-07:00,,query_sent,outbound,get_commodity,pending,,periodic,6,0,,,,,,,
2026-08-26T10:52:34.762-07:00,,link_ack,inbound,get_commodity,ack,,link_layer,6,,,,,,,,
2026-08-26T10:52:34.930-07:00,,intermediate_response,inbound,get_commodity,success,,device_response,6,128,,,,,0,success,
2026-08-26T10:52:34.974-07:00,,query_completed,outbound,get_commodity,ok,,periodic,6,0,,,,,0,success,
2026-08-26T10:52:34.974-07:00,,query_sent,outbound,query_operational_state,pending,,periodic,18,0,,,,,,,
2026-08-26T10:52:35.137-07:00,,link_ack,inbound,query_operational_state,ack,,link_layer,18,,,,,,,,
2026-08-26T10:52:35.261-07:00,,operational_state,inbound,query_operational_state,received,,device_response,19,3,,,3,Running Heightened,,,
2026-08-26T10:52:35.302-07:00,,query_completed,outbound,query_operational_state,ok,,periodic,18,0,,,,,,,
2026-08-26T10:53:05.319-07:00,,query_sent,outbound,query_operational_state,pending,,periodic,18,0,,,,,,,
2026-08-26T10:53:05.422-07:00,,link_ack,inbound,query_operational_state,ack,,link_layer,18,,,,,,,,
2026-08-26T10:53:05.545-07:00,,operational_state,inbound,query_operational_state,received,,device_response,19,3,,,3,Running Heightened,,,
2026-08-26T10:53:05.586-07:00,,query_completed,outbound,query_operational_state,ok,,periodic,18,0,,,,,,,
2026-08-26T10:53:34.601-07:00,,query_sent,outbound,get_commodity,pending,,periodic,6,0,,,,,,,
2026-08-26T10:53:34.702-07:00,,link_ack,inbound,get_commodity,ack,,link_layer,6,,,,,,,,
2026-08-26T10:53:34.870-07:00,,intermediate_response,inbound,get_commodity,success,,device_response,6,128,,,,,0,success,
2026-08-26T10:53:34.913-07:00,,query_completed,outbound,get_commodity,ok,,periodic,6,0,,,,,0,success,
2026-08-26T10:53:34.914-07:00,,query_sent,outbound,query_operational_state,pending,,periodic,18,0,,,,,,,
2026-08-26T10:53:35.077-07:00,,link_ack,inbound,query_operational_state,ack,,link_layer,18,,,,,,,,
2026-08-26T10:53:35.200-07:00,,operational_state,inbound,query_operational_state,received,,device_response,19,3,,,3,Running Heightened,,,
2026-08-26T10:53:35.241-07:00,,query_completed,outbound,query_operational_state,ok,,periodic,18,0,,,,,,,
2026-08-26T10:54:05.258-07:00,,query_sent,outbound,query_operational_state,pending,,periodic,18,0,,,,,,,
2026-08-26T10:54:05.362-07:00,,link_ack,inbound,query_operational_state,ack,,link_layer,18,,,,,,,,
2026-08-26T10:54:05.485-07:00,,operational_state,inbound,query_operational_state,received,,device_response,19,3,,,3,Running Heightened,,,
2026-08-26T10:54:05.525-07:00,,query_completed,outbound,query_operational_state,ok,,periodic,18,0,,,,,,,
2026-08-26T10:54:34.540-07:00,,query_sent,outbound,get_commodity,pending,,periodic,6,0,,,,,,,
2026-08-26T10:54:34.640-07:00,,link_ack,inbound,get_commodity,ack,,link_layer,6,,,,,,,,
2026-08-26T10:54:34.809-07:00,,intermediate_response,inbound,get_commodity,success,,device_response,6,128,,,,,0,success,
2026-08-26T10:54:34.853-07:00,,query_completed,outbound,get_commodity,ok,,periodic,6,0,,,,,0,success,
2026-08-26T10:54:34.853-07:00,,query_sent,outbound,query_operational_state,pending,,periodic,18,0,,,,,,,
2026-08-26T10:54:35.014-07:00,,link_ack,inbound,query_operational_state,ack,,link_layer,18,,,,,,,,
2026-08-26T10:54:35.138-07:00,,operational_state,inbound,query_operational_state,received,,device_response,19,3,,,3,Running Heightened,,,
2026-08-26T10:54:35.179-07:00,,query_completed,outbound,query_operational_state,ok,,periodic,18,0,,,,,,,
2026-08-26T10:55:05.195-07:00,,query_sent,outbound,query_operational_state,pending,,periodic,18,0,,,,,,,
2026-08-26T10:55:05.298-07:00,,link_ack,inbound,query_operational_state,ack,,link_layer,18,,,,,,,,
2026-08-26T10:55:05.421-07:00,,operational_state,inbound,query_operational_state,received,,device_response,19,3,,,3,Running Heightened,,,
2026-08-26T10:55:05.462-07:00,,query_completed,outbound,query_operational_state,ok,,periodic,18,0,,,,,,,
2026-08-26T10:55:34.476-07:00,,query_sent,outbound,get_commodity,pending,,periodic,6,0,,,,,,,
2026-08-26T10:55:34.577-07:00,,link_ack,inbound,get_commodity,ack,,link_layer,6,,,,,,,,
2026-08-26T10:55:34.745-07:00,,intermediate_response,inbound,get_commodity,success,,device_response,6,128,,,,,0,success,
2026-08-26T10:55:34.788-07:00,,query_completed,outbound,get_commodity,ok,,periodic,6,0,,,,,0,success,
2026-08-26T10:55:34.788-07:00,,query_sent,outbound,query_operational_state,pending,,periodic,18,0,,,,,,,
2026-08-26T10:55:34.951-07:00,,link_ack,inbound,query_operational_state,ack,,link_layer,18,,,,,,,,
2026-08-26T10:55:35.075-07:00,,operational_state,inbound,query_operational_state,received,,device_response,19,3,,,3,Running Heightened,,,
2026-08-26T10:55:35.116-07:00,,query_completed,outbound,query_operational_state,ok,,periodic,18,0,,,,,,,
2026-08-26T10:56:05.133-07:00,,query_sent,outbound,query_operational_state,pending,,periodic,18,0,,,,,,,
2026-08-26T10:56:05.239-07:00,,link_ack,inbound,query_operational_state,ack,,link_layer,18,,,,,,,,
2026-08-26T10:56:05.363-07:00,,operational_state,inbound,query_operational_state,received,,device_response,19,3,,,3,Running Heightened,,,
2026-08-26T10:56:05.404-07:00,,query_completed,outbound,query_operational_state,ok,,periodic,18,0,,,,,,,
2026-08-26T10:56:35.421-07:00,,query_sent,outbound,get_commodity,pending,,periodic,6,0,,,,,,,
2026-08-26T10:56:35.527-07:00,,link_ack,inbound,get_commodity,ack,,link_layer,6,,,,,,,,
2026-08-26T10:56:35.696-07:00,,intermediate_response,inbound,get_commodity,success,,device_response,6,128,,,,,0,success,
2026-08-26T10:56:35.739-07:00,,query_completed,outbound,get_commodity,ok,,periodic,6,0,,,,,0,success,
2026-08-26T10:56:35.740-07:00,,query_sent,outbound,query_operational_state,pending,,periodic,18,0,,,,,,,
2026-08-26T10:56:35.902-07:00,,link_ack,inbound,query_operational_state,ack,,link_layer,18,,,,,,,,
2026-08-26T10:56:36.025-07:00,,operational_state,inbound,query_operational_state,received,,device_response,19,3,,,3,Running Heightened,,,
2026-08-26T10:56:36.066-07:00,,query_completed,outbound,query_operational_state,ok,,periodic,18,0,,,,,,,
2026-08-26T10:57:05.082-07:00,,query_sent,outbound,query_operational_state,pending,,periodic,18,0,,,,,,,
2026-08-26T10:57:05.185-07:00,,link_ack,inbound,query_operational_state,ack,,link_layer,18,,,,,,,,
2026-08-26T10:57:05.310-07:00,,operational_state,inbound,query_operational_state,received,,device_response,19,3,,,3,Running Heightened,,,
2026-08-26T10:57:05.350-07:00,,query_completed,outbound,query_operational_state,ok,,periodic,18,0,,,,,,,
2026-08-26T10:57:35.366-07:00,,query_sent,outbound,get_commodity,pending,,periodic,6,0,,,,,,,
2026-08-26T10:57:35.466-07:00,,link_ack,inbound,get_commodity,ack,,link_layer,6,,,,,,,,
2026-08-26T10:57:35.636-07:00,,intermediate_response,inbound,get_commodity,success,,device_response,6,128,,,,,0,success,
2026-08-26T10:57:35.680-07:00,,query_completed,outbound,get_commodity,ok,,periodic,6,0,,,,,0,success,
2026-08-26T10:57:35.680-07:00,,query_sent,outbound,query_operational_state,pending,,periodic,18,0,,,,,,,
2026-08-26T10:57:35.842-07:00,,link_ack,inbound,query_operational_state,ack,,link_layer,18,,,,,,,,
2026-08-26T10:57:35.965-07:00,,operational_state,inbound,query_operational_state,received,,device_response,19,3,,,3,Running Heightened,,,
2026-08-26T10:57:36.006-07:00,,query_completed,outbound,query_operational_state,ok,,periodic,18,0,,,,,,,
2026-08-26T10:58:05.022-07:00,,query_sent,outbound,query_operational_state,pending,,periodic,18,0,,,,,,,
2026-08-26T10:58:05.123-07:00,,link_ack,inbound,query_operational_state,ack,,link_layer,18,,,,,,,,
2026-08-26T10:58:05.247-07:00,,operational_state,inbound,query_operational_state,received,,device_response,19,3,,,3,Running Heightened,,,
2026-08-26T10:58:05.288-07:00,,query_completed,outbound,query_operational_state,ok,,periodic,18,0,,,,,,,
2026-08-26T10:58:35.303-07:00,,query_sent,outbound,get_commodity,pending,,periodic,6,0,,,,,,,
2026-08-26T10:58:35.409-07:00,,link_ack,inbound,get_commodity,ack,,link_layer,6,,,,,,,,
2026-08-26T10:58:35.577-07:00,,intermediate_response,inbound,get_commodity,success,,device_response,6,128,,,,,0,success,
2026-08-26T10:58:35.621-07:00,,query_completed,outbound,get_commodity,ok,,periodic,6,0,,,,,0,success,
2026-08-26T10:58:35.621-07:00,,query_sent,outbound,query_operational_state,pending,,periodic,18,0,,,,,,,
2026-08-26T10:58:35.783-07:00,,link_ack,inbound,query_operational_state,ack,,link_layer,18,,,,,,,,
2026-08-26T10:58:35.907-07:00,,operational_state,inbound,query_operational_state,received,,device_response,19,3,,,3,Running Heightened,,,
2026-08-26T10:58:35.947-07:00,,query_completed,outbound,query_operational_state,ok,,periodic,18,0,,,,,,,
2026-08-26T10:59:04.964-07:00,,query_sent,outbound,query_operational_state,pending,,periodic,18,0,,,,,,,
2026-08-26T10:59:05.068-07:00,,link_ack,inbound,query_operational_state,ack,,link_layer,18,,,,,,,,
2026-08-26T10:59:05.191-07:00,,operational_state,inbound,query_operational_state,received,,device_response,19,3,,,3,Running Heightened,,,
2026-08-26T10:59:05.232-07:00,,query_completed,outbound,query_operational_state,ok,,periodic,18,0,,,,,,,
2026-08-26T10:59:35.247-07:00,,query_sent,outbound,get_commodity,pending,,periodic,6,0,,,,,,,
2026-08-26T10:59:35.352-07:00,,link_ack,inbound,get_commodity,ack,,link_layer,6,,,,,,,,
2026-08-26T10:59:35.520-07:00,,intermediate_response,inbound,get_commodity,success,,device_response,6,128,,,,,0,success,
2026-08-26T10:59:35.563-07:00,,query_completed,outbound,get_commodity,ok,,periodic,6,0,,,,,0,success,
2026-08-26T10:59:35.563-07:00,,query_sent,outbound,query_operational_state,pending,,periodic,18,0,,,,,,,
2026-08-26T10:59:35.725-07:00,,link_ack,inbound,query_operational_state,ack,,link_layer,18,,,,,,,,
2026-08-26T10:59:35.850-07:00,,operational_state,inbound,query_operational_state,received,,device_response,19,3,,,3,Running Heightened,,,
2026-08-26T10:59:35.891-07:00,,query_completed,outbound,query_operational_state,ok,,periodic,18,0,,,,,,,
2026-08-26T11:00:04.906-07:00,,query_sent,outbound,query_operational_state,pending,,periodic,18,0,,,,,,,
2026-08-26T11:00:05.007-07:00,,link_ack,inbound,query_operational_state,ack,,link_layer,18,,,,,,,,
2026-08-26T11:00:05.131-07:00,,operational_state,inbound,query_operational_state,received,,device_response,19,3,,,3,Running Heightened,,,
2026-08-26T11:00:05.171-07:00,,query_completed,outbound,query_operational_state,ok,,periodic,18,0,,,,,,,
2026-08-26T11:00:35.188-07:00,,query_sent,outbound,get_commodity,pending,,periodic,6,0,,,,,,,
2026-08-26T11:00:35.295-07:00,,link_ack,inbound,get_commodity,ack,,link_layer,6,,,,,,,,
2026-08-26T11:00:35.464-07:00,,intermediate_response,inbound,get_commodity,success,,device_response,6,128,,,,,0,success,
2026-08-26T11:00:35.508-07:00,,query_completed,outbound,get_commodity,ok,,periodic,6,0,,,,,0,success,
2026-08-26T11:00:35.508-07:00,,query_sent,outbound,query_operational_state,pending,,periodic,18,0,,,,,,,
2026-08-26T11:00:35.671-07:00,,link_ack,inbound,query_operational_state,ack,,link_layer,18,,,,,,,,
2026-08-26T11:00:35.794-07:00,,operational_state,inbound,query_operational_state,received,,device_response,19,3,,,3,Running Heightened,,,
2026-08-26T11:00:35.835-07:00,,query_completed,outbound,query_operational_state,ok,,periodic,18,0,,,,,,,
2026-08-26T11:01:04.852-07:00,,query_sent,outbound,query_operational_state,pending,,periodic,18,0,,,,,,,
2026-08-26T11:01:04.955-07:00,,link_ack,inbound,query_operational_state,ack,,link_layer,18,,,,,,,,
2026-08-26T11:01:05.078-07:00,,operational_state,inbound,query_operational_state,received,,device_response,19,3,,,3,Running Heightened,,,
2026-08-26T11:01:05.119-07:00,,query_completed,outbound,query_operational_state,ok,,periodic,18,0,,,,,,,
2026-08-26T11:01:06.119-07:00,auto_outside_comm_heartbeat_01,command_sent,outbound,outside_communication1,pending,0,schedule,14,0,,,,,,,
2026-08-26T11:01:06.183-07:00,,link_ack,inbound,outside_communication,ack,,link_layer,14,,,,,,,,
2026-08-26T11:01:06.306-07:00,,application_ack,inbound,outside_communication,ack,,application_layer,3,14,,,,,,,
2026-08-26T11:01:06.347-07:00,auto_outside_comm_heartbeat_01,command_completed,outbound,outside_communication1,ok,0,schedule,14,0,,,,,,,
2026-08-26T11:01:35.362-07:00,,query_sent,outbound,get_commodity,pending,,periodic,6,0,,,,,,,
2026-08-26T11:01:35.463-07:00,,link_ack,inbound,get_commodity,ack,,link_layer,6,,,,,,,,
2026-08-26T11:01:35.632-07:00,,intermediate_response,inbound,get_commodity,success,,device_response,6,128,,,,,0,success,
2026-08-26T11:01:35.675-07:00,,query_completed,outbound,get_commodity,ok,,periodic,6,0,,,,,0,success,
2026-08-26T11:01:35.675-07:00,,query_sent,outbound,query_operational_state,pending,,periodic,18,0,,,,,,,
2026-08-26T11:01:35.837-07:00,,link_ack,inbound,query_operational_state,ack,,link_layer,18,,,,,,,,
2026-08-26T11:01:35.962-07:00,,operational_state,inbound,query_operational_state,received,,device_response,19,3,,,3,Running Heightened,,,
2026-08-26T11:01:36.002-07:00,,query_completed,outbound,query_operational_state,ok,,periodic,18,0,,,,,,,
2026-08-26T11:02:05.019-07:00,,query_sent,outbound,query_operational_state,pending,,periodic,18,0,,,,,,,
2026-08-26T11:02:05.121-07:00,,link_ack,inbound,query_operational_state,ack,,link_layer,18,,,,,,,,
2026-08-26T11:02:05.245-07:00,,operational_state,inbound,query_operational_state,received,,device_response,19,3,,,3,Running Heightened,,,
2026-08-26T11:02:05.285-07:00,,query_completed,outbound,query_operational_state,ok,,periodic,18,0,,,,,,,
2026-08-26T11:02:35.300-07:00,,query_sent,outbound,get_commodity,pending,,periodic,6,0,,,,,,,
2026-08-26T11:02:35.408-07:00,,link_ack,inbound,get_commodity,ack,,link_layer,6,,,,,,,,
2026-08-26T11:02:35.576-07:00,,intermediate_response,inbound,get_commodity,success,,device_response,6,128,,,,,0,success,
2026-08-26T11:02:35.620-07:00,,query_completed,outbound,get_commodity,ok,,periodic,6,0,,,,,0,success,
2026-08-26T11:02:35.620-07:00,,query_sent,outbound,query_operational_state,pending,,periodic,18,0,,,,,,,
2026-08-26T11:02:35.782-07:00,,link_ack,inbound,query_operational_state,ack,,link_layer,18,,,,,,,,
2026-08-26T11:02:35.905-07:00,,operational_state,inbound,query_operational_state,received,,device_response,19,3,,,3,Running Heightened,,,
2026-08-26T11:02:35.946-07:00,,query_completed,outbound,query_operational_state,ok,,periodic,18,0,,,,,,,
2026-08-26T11:03:04.962-07:00,,query_sent,outbound,query_operational_state,pending,,periodic,18,0,,,,,,,
2026-08-26T11:03:05.064-07:00,,link_ack,inbound,query_operational_state,ack,,link_layer,18,,,,,,,,
2026-08-26T11:03:05.188-07:00,,operational_state,inbound,query_operational_state,received,,device_response,19,3,,,3,Running Heightened,,,
2026-08-26T11:03:05.229-07:00,,query_completed,outbound,query_operational_state,ok,,periodic,18,0,,,,,,,
2026-08-26T11:03:35.245-07:00,,query_sent,outbound,get_commodity,pending,,periodic,6,0,,,,,,,
2026-08-26T11:03:35.351-07:00,,link_ack,inbound,get_commodity,ack,,link_layer,6,,,,,,,,
2026-08-26T11:03:35.519-07:00,,intermediate_response,inbound,get_commodity,success,,device_response,6,128,,,,,0,success,
2026-08-26T11:03:35.562-07:00,,query_completed,outbound,get_commodity,ok,,periodic,6,0,,,,,0,success,
2026-08-26T11:03:35.563-07:00,,query_sent,outbound,query_operational_state,pending,,periodic,18,0,,,,,,,
2026-08-26T11:03:35.725-07:00,,link_ack,inbound,query_operational_state,ack,,link_layer,18,,,,,,,,
2026-08-26T11:03:35.849-07:00,,operational_state,inbound,query_operational_state,received,,device_response,19,3,,,3,Running Heightened,,,
2026-08-26T11:03:35.890-07:00,,query_completed,outbound,query_operational_state,ok,,periodic,18,0,,,,,,,
2026-08-26T11:04:04.906-07:00,,query_sent,outbound,query_operational_state,pending,,periodic,18,0,,,,,,,
2026-08-26T11:04:05.008-07:00,,link_ack,inbound,query_operational_state,ack,,link_layer,18,,,,,,,,
2026-08-26T11:04:05.132-07:00,,operational_state,inbound,query_operational_state,received,,device_response,19,3,,,3,Running Heightened,,,
2026-08-26T11:04:05.173-07:00,,query_completed,outbound,query_operational_state,ok,,periodic,18,0,,,,,,,
2026-08-26T11:04:35.187-07:00,,query_sent,outbound,get_commodity,pending,,periodic,6,0,,,,,,,
2026-08-26T11:04:35.289-07:00,,link_ack,inbound,get_commodity,ack,,link_layer,6,,,,,,,,
2026-08-26T11:04:35.458-07:00,,intermediate_response,inbound,get_commodity,success,,device_response,6,128,,,,,0,success,
2026-08-26T11:04:35.502-07:00,,query_completed,outbound,get_commodity,ok,,periodic,6,0,,,,,0,success,
2026-08-26T11:04:35.502-07:00,,query_sent,outbound,query_operational_state,pending,,periodic,18,0,,,,,,,
2026-08-26T11:04:35.665-07:00,,link_ack,inbound,query_operational_state,ack,,link_layer,18,,,,,,,,
2026-08-26T11:04:35.790-07:00,,operational_state,inbound,query_operational_state,received,,device_response,19,3,,,3,Running Heightened,,,
2026-08-26T11:04:35.830-07:00,,query_completed,outbound,query_operational_state,ok,,periodic,18,0,,,,,,,
2026-08-26T11:05:04.846-07:00,,query_sent,outbound,query_operational_state,pending,,periodic,18,0,,,,,,,
2026-08-26T11:05:04.950-07:00,,link_ack,inbound,query_operational_state,ack,,link_layer,18,,,,,,,,
2026-08-26T11:05:05.073-07:00,,operational_state,inbound,query_operational_state,received,,device_response,19,3,,,3,Running Heightened,,,
2026-08-26T11:05:05.114-07:00,,query_completed,outbound,query_operational_state,ok,,periodic,18,0,,,,,,,
2026-08-26T11:05:35.128-07:00,,query_sent,outbound,get_commodity,pending,,periodic,6,0,,,,,,,
2026-08-26T11:05:35.231-07:00,,link_ack,inbound,get_commodity,ack,,link_layer,6,,,,,,,,
2026-08-26T11:05:35.399-07:00,,intermediate_response,inbound,get_commodity,success,,device_response,6,128,,,,,0,success,
2026-08-26T11:05:35.443-07:00,,query_completed,outbound,get_commodity,ok,,periodic,6,0,,,,,0,success,
2026-08-26T11:05:35.443-07:00,,query_sent,outbound,query_operational_state,pending,,periodic,18,0,,,,,,,
2026-08-26T11:05:35.605-07:00,,link_ack,inbound,query_operational_state,ack,,link_layer,18,,,,,,,,
2026-08-26T11:05:35.730-07:00,,operational_state,inbound,query_operational_state,received,,device_response,19,3,,,3,Running Heightened,,,
2026-08-26T11:05:35.770-07:00,,query_completed,outbound,query_operational_state,ok,,periodic,18,0,,,,,,,
2026-08-26T11:06:04.786-07:00,,query_sent,outbound,query_operational_state,pending,,periodic,18,0,,,,,,,
2026-08-26T11:06:04.888-07:00,,link_ack,inbound,query_operational_state,ack,,link_layer,18,,,,,,,,
2026-08-26T11:06:05.013-07:00,,operational_state,inbound,query_operational_state,received,,device_response,19,3,,,3,Running Heightened,,,
2026-08-26T11:06:05.053-07:00,,query_completed,outbound,query_operational_state,ok,,periodic,18,0,,,,,,,
2026-08-26T11:06:35.069-07:00,,query_sent,outbound,get_commodity,pending,,periodic,6,0,,,,,,,
2026-08-26T11:06:35.175-07:00,,link_ack,inbound,get_commodity,ack,,link_layer,6,,,,,,,,
2026-08-26T11:06:35.345-07:00,,intermediate_response,inbound,get_commodity,success,,device_response,6,128,,,,,0,success,
2026-08-26T11:06:35.388-07:00,,query_completed,outbound,get_commodity,ok,,periodic,6,0,,,,,0,success,
2026-08-26T11:06:35.388-07:00,,query_sent,outbound,query_operational_state,pending,,periodic,18,0,,,,,,,
2026-08-26T11:06:35.550-07:00,,link_ack,inbound,query_operational_state,ack,,link_layer,18,,,,,,,,
2026-08-26T11:06:35.674-07:00,,operational_state,inbound,query_operational_state,received,,device_response,19,3,,,3,Running Heightened,,,
2026-08-26T11:06:35.714-07:00,,query_completed,outbound,query_operational_state,ok,,periodic,18,0,,,,,,,
2026-08-26T11:07:04.729-07:00,,query_sent,outbound,query_operational_state,pending,,periodic,18,0,,,,,,,
2026-08-26T11:07:04.833-07:00,,link_ack,inbound,query_operational_state,ack,,link_layer,18,,,,,,,,
2026-08-26T11:07:04.957-07:00,,operational_state,inbound,query_operational_state,received,,device_response,19,3,,,3,Running Heightened,,,
2026-08-26T11:07:04.997-07:00,,query_completed,outbound,query_operational_state,ok,,periodic,18,0,,,,,,,
2026-08-26T11:07:35.013-07:00,,query_sent,outbound,get_commodity,pending,,periodic,6,0,,,,,,,
2026-08-26T11:07:35.113-07:00,,link_ack,inbound,get_commodity,ack,,link_layer,6,,,,,,,,
2026-08-26T11:07:35.283-07:00,,intermediate_response,inbound,get_commodity,success,,device_response,6,128,,,,,0,success,
2026-08-26T11:07:35.324-07:00,,query_completed,outbound,get_commodity,ok,,periodic,6,0,,,,,0,success,
2026-08-26T11:07:35.324-07:00,,query_sent,outbound,query_operational_state,pending,,periodic,18,0,,,,,,,
2026-08-26T11:07:35.486-07:00,,link_ack,inbound,query_operational_state,ack,,link_layer,18,,,,,,,,
2026-08-26T11:07:35.611-07:00,,operational_state,inbound,query_operational_state,received,,device_response,19,3,,,3,Running Heightened,,,
2026-08-26T11:07:35.651-07:00,,query_completed,outbound,query_operational_state,ok,,periodic,18,0,,,,,,,
2026-08-26T11:08:04.666-07:00,,query_sent,outbound,query_operational_state,pending,,periodic,18,0,,,,,,,
2026-08-26T11:08:04.768-07:00,,link_ack,inbound,query_operational_state,ack,,link_layer,18,,,,,,,,
2026-08-26T11:08:04.891-07:00,,operational_state,inbound,query_operational_state,received,,device_response,19,3,,,3,Running Heightened,,,
2026-08-26T11:08:04.931-07:00,,query_completed,outbound,query_operational_state,ok,,periodic,18,0,,,,,,,
2026-08-26T11:08:34.946-07:00,,query_sent,outbound,get_commodity,pending,,periodic,6,0,,,,,,,
2026-08-26T11:08:35.049-07:00,,link_ack,inbound,get_commodity,ack,,link_layer,6,,,,,,,,
2026-08-26T11:08:35.217-07:00,,intermediate_response,inbound,get_commodity,success,,device_response,6,128,,,,,0,success,
2026-08-26T11:08:35.261-07:00,,query_completed,outbound,get_commodity,ok,,periodic,6,0,,,,,0,success,
2026-08-26T11:08:35.261-07:00,,query_sent,outbound,query_operational_state,pending,,periodic,18,0,,,,,,,
2026-08-26T11:08:35.423-07:00,,link_ack,inbound,query_operational_state,ack,,link_layer,18,,,,,,,,
2026-08-26T11:08:35.548-07:00,,operational_state,inbound,query_operational_state,received,,device_response,19,3,,,3,Running Heightened,,,
2026-08-26T11:08:35.588-07:00,,query_completed,outbound,query_operational_state,ok,,periodic,18,0,,,,,,,
2026-08-26T11:09:04.604-07:00,,query_sent,outbound,query_operational_state,pending,,periodic,18,0,,,,,,,
2026-08-26T11:09:04.707-07:00,,link_ack,inbound,query_operational_state,ack,,link_layer,18,,,,,,,,
2026-08-26T11:09:04.831-07:00,,operational_state,inbound,query_operational_state,received,,device_response,19,3,,,3,Running Heightened,,,
2026-08-26T11:09:04.871-07:00,,query_completed,outbound,query_operational_state,ok,,periodic,18,0,,,,,,,
2026-08-26T11:09:34.886-07:00,,query_sent,outbound,get_commodity,pending,,periodic,6,0,,,,,,,
2026-08-26T11:09:34.989-07:00,,link_ack,inbound,get_commodity,ack,,link_layer,6,,,,,,,,
2026-08-26T11:09:35.158-07:00,,intermediate_response,inbound,get_commodity,success,,device_response,6,128,,,,,0,success,
2026-08-26T11:09:35.201-07:00,,query_completed,outbound,get_commodity,ok,,periodic,6,0,,,,,0,success,
2026-08-26T11:09:35.201-07:00,,query_sent,outbound,query_operational_state,pending,,periodic,18,0,,,,,,,
2026-08-26T11:09:35.363-07:00,,link_ack,inbound,query_operational_state,ack,,link_layer,18,,,,,,,,
2026-08-26T11:09:35.487-07:00,,operational_state,inbound,query_operational_state,received,,device_response,19,3,,,3,Running Heightened,,,
2026-08-26T11:09:35.527-07:00,,query_completed,outbound,query_operational_state,ok,,periodic,18,0,,,,,,,
2026-08-26T11:10:04.542-07:00,,query_sent,outbound,query_operational_state,pending,,periodic,18,0,,,,,,,
2026-08-26T11:10:04.647-07:00,,link_ack,inbound,query_operational_state,ack,,link_layer,18,,,,,,,,
2026-08-26T11:10:04.771-07:00,,operational_state,inbound,query_operational_state,received,,device_response,19,3,,,3,Running Heightened,,,
2026-08-26T11:10:04.812-07:00,,query_completed,outbound,query_operational_state,ok,,periodic,18,0,,,,,,,
2026-08-26T11:10:34.826-07:00,,query_sent,outbound,get_commodity,pending,,periodic,6,0,,,,,,,
2026-08-26T11:10:34.931-07:00,,link_ack,inbound,get_commodity,ack,,link_layer,6,,,,,,,,
2026-08-26T11:10:35.100-07:00,,intermediate_response,inbound,get_commodity,success,,device_response,6,128,,,,,0,success,
2026-08-26T11:10:35.143-07:00,,query_completed,outbound,get_commodity,ok,,periodic,6,0,,,,,0,success,
2026-08-26T11:10:35.143-07:00,,query_sent,outbound,query_operational_state,pending,,periodic,18,0,,,,,,,
2026-08-26T11:10:35.305-07:00,,link_ack,inbound,query_operational_state,ack,,link_layer,18,,,,,,,,
2026-08-26T11:10:35.429-07:00,,operational_state,inbound,query_operational_state,received,,device_response,19,3,,,3,Running Heightened,,,
2026-08-26T11:10:35.470-07:00,,query_completed,outbound,query_operational_state,ok,,periodic,18,0,,,,,,,
2026-08-26T11:11:04.484-07:00,,query_sent,outbound,query_operational_state,pending,,periodic,18,0,,,,,,,
2026-08-26T11:11:04.588-07:00,,link_ack,inbound,query_operational_state,ack,,link_layer,18,,,,,,,,
2026-08-26T11:11:04.712-07:00,,operational_state,inbound,query_operational_state,received,,device_response,19,3,,,3,Running Heightened,,,
2026-08-26T11:11:04.753-07:00,,query_completed,outbound,query_operational_state,ok,,periodic,18,0,,,,,,,
2026-08-26T11:11:34.767-07:00,,query_sent,outbound,get_commodity,pending,,periodic,6,0,,,,,,,
2026-08-26T11:11:34.870-07:00,,link_ack,inbound,get_commodity,ack,,link_layer,6,,,,,,,,
2026-08-26T11:11:35.039-07:00,,intermediate_response,inbound,get_commodity,success,,device_response,6,128,,,,,0,success,
2026-08-26T11:11:35.082-07:00,,query_completed,outbound,get_commodity,ok,,periodic,6,0,,,,,0,success,
2026-08-26T11:11:35.083-07:00,,query_sent,outbound,query_operational_state,pending,,periodic,18,0,,,,,,,
2026-08-26T11:11:35.244-07:00,,link_ack,inbound,query_operational_state,ack,,link_layer,18,,,,,,,,
2026-08-26T11:11:35.368-07:00,,operational_state,inbound,query_operational_state,received,,device_response,19,3,,,3,Running Heightened,,,
2026-08-26T11:11:35.409-07:00,,query_completed,outbound,query_operational_state,ok,,periodic,18,0,,,,,,,
2026-08-26T11:12:05.424-07:00,,query_sent,outbound,query_operational_state,pending,,periodic,18,0,,,,,,,
2026-08-26T11:12:05.529-07:00,,link_ack,inbound,query_operational_state,ack,,link_layer,18,,,,,,,,
2026-08-26T11:12:05.652-07:00,,operational_state,inbound,query_operational_state,received,,device_response,19,3,,,3,Running Heightened,,,
2026-08-26T11:12:05.692-07:00,,query_completed,outbound,query_operational_state,ok,,periodic,18,0,,,,,,,
2026-08-26T11:12:34.708-07:00,,query_sent,outbound,get_commodity,pending,,periodic,6,0,,,,,,,
2026-08-26T11:12:34.812-07:00,,link_ack,inbound,get_commodity,ack,,link_layer,6,,,,,,,,
2026-08-26T11:12:34.981-07:00,,intermediate_response,inbound,get_commodity,success,,device_response,6,128,,,,,0,success,
2026-08-26T11:12:35.025-07:00,,query_completed,outbound,get_commodity,ok,,periodic,6,0,,,,,0,success,
2026-08-26T11:12:35.025-07:00,,query_sent,outbound,query_operational_state,pending,,periodic,18,0,,,,,,,
2026-08-26T11:12:35.187-07:00,,link_ack,inbound,query_operational_state,ack,,link_layer,18,,,,,,,,
2026-08-26T11:12:35.310-07:00,,operational_state,inbound,query_operational_state,received,,device_response,19,3,,,3,Running Heightened,,,
2026-08-26T11:12:35.351-07:00,,query_completed,outbound,query_operational_state,ok,,periodic,18,0,,,,,,,
2026-08-26T11:13:05.367-07:00,,query_sent,outbound,query_operational_state,pending,,periodic,18,0,,,,,,,
2026-08-26T11:13:05.475-07:00,,link_ack,inbound,query_operational_state,ack,,link_layer,18,,,,,,,,
2026-08-26T11:13:05.599-07:00,,operational_state,inbound,query_operational_state,received,,device_response,19,3,,,3,Running Heightened,,,
2026-08-26T11:13:05.640-07:00,,query_completed,outbound,query_operational_state,ok,,periodic,18,0,,,,,,,
2026-08-26T11:13:34.654-07:00,,query_sent,outbound,get_commodity,pending,,periodic,6,0,,,,,,,
2026-08-26T11:13:34.756-07:00,,link_ack,inbound,get_commodity,ack,,link_layer,6,,,,,,,,
2026-08-26T11:13:34.924-07:00,,intermediate_response,inbound,get_commodity,success,,device_response,6,128,,,,,0,success,
2026-08-26T11:13:34.968-07:00,,query_completed,outbound,get_commodity,ok,,periodic,6,0,,,,,0,success,
2026-08-26T11:13:34.968-07:00,,query_sent,outbound,query_operational_state,pending,,periodic,18,0,,,,,,,
2026-08-26T11:13:35.130-07:00,,link_ack,inbound,query_operational_state,ack,,link_layer,18,,,,,,,,
2026-08-26T11:13:35.255-07:00,,operational_state,inbound,query_operational_state,received,,device_response,19,3,,,3,Running Heightened,,,
2026-08-26T11:13:35.295-07:00,,query_completed,outbound,query_operational_state,ok,,periodic,18,0,,,,,,,
2026-08-26T11:14:05.312-07:00,,query_sent,outbound,query_operational_state,pending,,periodic,18,0,,,,,,,
2026-08-26T11:14:05.418-07:00,,link_ack,inbound,query_operational_state,ack,,link_layer,18,,,,,,,,
2026-08-26T11:14:05.541-07:00,,operational_state,inbound,query_operational_state,received,,device_response,19,3,,,3,Running Heightened,,,
2026-08-26T11:14:05.582-07:00,,query_completed,outbound,query_operational_state,ok,,periodic,18,0,,,,,,,
2026-08-26T11:14:34.596-07:00,,query_sent,outbound,get_commodity,pending,,periodic,6,0,,,,,,,
2026-08-26T11:14:34.701-07:00,,link_ack,inbound,get_commodity,ack,,link_layer,6,,,,,,,,
2026-08-26T11:14:34.870-07:00,,intermediate_response,inbound,get_commodity,success,,device_response,6,128,,,,,0,success,
2026-08-26T11:14:34.913-07:00,,query_completed,outbound,get_commodity,ok,,periodic,6,0,,,,,0,success,
2026-08-26T11:14:34.913-07:00,,query_sent,outbound,query_operational_state,pending,,periodic,18,0,,,,,,,
2026-08-26T11:14:35.075-07:00,,link_ack,inbound,query_operational_state,ack,,link_layer,18,,,,,,,,
2026-08-26T11:14:35.199-07:00,,operational_state,inbound,query_operational_state,received,,device_response,19,3,,,3,Running Heightened,,,
2026-08-26T11:14:35.240-07:00,,query_completed,outbound,query_operational_state,ok,,periodic,18,0,,,,,,,
2026-08-26T11:14:36.240-07:00,auto_outside_comm_heartbeat_02,command_sent,outbound,outside_communication1,pending,0,schedule,14,0,,,,,,,
2026-08-26T11:14:36.304-07:00,,link_ack,inbound,outside_communication,ack,,link_layer,14,,,,,,,,
2026-08-26T11:14:36.427-07:00,,application_ack,inbound,outside_communication,ack,,application_layer,3,14,,,,,,,
2026-08-26T11:14:36.468-07:00,auto_outside_comm_heartbeat_02,command_completed,outbound,outside_communication1,ok,0,schedule,14,0,,,,,,,
2026-08-26T11:15:04.484-07:00,,query_sent,outbound,query_operational_state,pending,,periodic,18,0,,,,,,,
2026-08-26T11:15:04.584-07:00,,link_ack,inbound,query_operational_state,ack,,link_layer,18,,,,,,,,
2026-08-26T11:15:04.707-07:00,,operational_state,inbound,query_operational_state,received,,device_response,19,3,,,3,Running Heightened,,,
2026-08-26T11:15:04.748-07:00,,query_completed,outbound,query_operational_state,ok,,periodic,18,0,,,,,,,
2026-08-26T11:15:34.762-07:00,,query_sent,outbound,get_commodity,pending,,periodic,6,0,,,,,,,
2026-08-26T11:15:34.863-07:00,,link_ack,inbound,get_commodity,ack,,link_layer,6,,,,,,,,
2026-08-26T11:15:35.032-07:00,,intermediate_response,inbound,get_commodity,success,,device_response,6,128,,,,,0,success,
2026-08-26T11:15:35.076-07:00,,query_completed,outbound,get_commodity,ok,,periodic,6,0,,,,,0,success,
2026-08-26T11:15:35.076-07:00,,query_sent,outbound,query_operational_state,pending,,periodic,18,0,,,,,,,
2026-08-26T11:15:35.238-07:00,,link_ack,inbound,query_operational_state,ack,,link_layer,18,,,,,,,,
2026-08-26T11:15:35.361-07:00,,operational_state,inbound,query_operational_state,received,,device_response,19,3,,,3,Running Heightened,,,
2026-08-26T11:15:35.402-07:00,,query_completed,outbound,query_operational_state,ok,,periodic,18,0,,,,,,,
2026-08-26T11:16:05.418-07:00,,query_sent,outbound,query_operational_state,pending,,periodic,18,0,,,,,,,
2026-08-26T11:16:05.522-07:00,,link_ack,inbound,query_operational_state,ack,,link_layer,18,,,,,,,,
2026-08-26T11:16:05.647-07:00,,operational_state,inbound,query_operational_state,received,,device_response,19,3,,,3,Running Heightened,,,
2026-08-26T11:16:05.687-07:00,,query_completed,outbound,query_operational_state,ok,,periodic,18,0,,,,,,,
2026-08-26T11:16:34.701-07:00,,query_sent,outbound,get_commodity,pending,,periodic,6,0,,,,,,,
2026-08-26T11:16:34.805-07:00,,link_ack,inbound,get_commodity,ack,,link_layer,6,,,,,,,,
2026-08-26T11:16:34.973-07:00,,intermediate_response,inbound,get_commodity,success,,device_response,6,128,,,,,0,success,
2026-08-26T11:16:35.016-07:00,,query_completed,outbound,get_commodity,ok,,periodic,6,0,,,,,0,success,
2026-08-26T11:16:35.016-07:00,,query_sent,outbound,query_operational_state,pending,,periodic,18,0,,,,,,,
2026-08-26T11:16:35.180-07:00,,link_ack,inbound,query_operational_state,ack,,link_layer,18,,,,,,,,
2026-08-26T11:16:35.303-07:00,,operational_state,inbound,query_operational_state,received,,device_response,19,3,,,3,Running Heightened,,,
2026-08-26T11:16:35.344-07:00,,query_completed,outbound,query_operational_state,ok,,periodic,18,0,,,,,,,
2026-08-26T11:17:05.360-07:00,,query_sent,outbound,query_operational_state,pending,,periodic,18,0,,,,,,,
2026-08-26T11:17:05.465-07:00,,link_ack,inbound,query_operational_state,ack,,link_layer,18,,,,,,,,
2026-08-26T11:17:05.588-07:00,,operational_state,inbound,query_operational_state,received,,device_response,19,3,,,3,Running Heightened,,,
2026-08-26T11:17:05.629-07:00,,query_completed,outbound,query_operational_state,ok,,periodic,18,0,,,,,,,
2026-08-26T11:17:34.644-07:00,,query_sent,outbound,get_commodity,pending,,periodic,6,0,,,,,,,
2026-08-26T11:17:34.747-07:00,,link_ack,inbound,get_commodity,ack,,link_layer,6,,,,,,,,
2026-08-26T11:17:34.916-07:00,,intermediate_response,inbound,get_commodity,success,,device_response,6,128,,,,,0,success,
2026-08-26T11:17:34.959-07:00,,query_completed,outbound,get_commodity,ok,,periodic,6,0,,,,,0,success,
2026-08-26T11:17:34.959-07:00,,query_sent,outbound,query_operational_state,pending,,periodic,18,0,,,,,,,
2026-08-26T11:17:35.123-07:00,,link_ack,inbound,query_operational_state,ack,,link_layer,18,,,,,,,,
2026-08-26T11:17:35.247-07:00,,operational_state,inbound,query_operational_state,received,,device_response,19,3,,,3,Running Heightened,,,
2026-08-26T11:17:35.288-07:00,,query_completed,outbound,query_operational_state,ok,,periodic,18,0,,,,,,,
2026-08-26T11:18:05.303-07:00,,query_sent,outbound,query_operational_state,pending,,periodic,18,0,,,,,,,
2026-08-26T11:18:05.407-07:00,,link_ack,inbound,query_operational_state,ack,,link_layer,18,,,,,,,,
2026-08-26T11:18:05.531-07:00,,operational_state,inbound,query_operational_state,received,,device_response,19,3,,,3,Running Heightened,,,
2026-08-26T11:18:05.571-07:00,,query_completed,outbound,query_operational_state,ok,,periodic,18,0,,,,,,,
2026-08-26T11:18:34.585-07:00,,query_sent,outbound,get_commodity,pending,,periodic,6,0,,,,,,,
2026-08-26T11:18:34.685-07:00,,link_ack,inbound,get_commodity,ack,,link_layer,6,,,,,,,,
2026-08-26T11:18:34.853-07:00,,intermediate_response,inbound,get_commodity,success,,device_response,6,128,,,,,0,success,
2026-08-26T11:18:34.897-07:00,,query_completed,outbound,get_commodity,ok,,periodic,6,0,,,,,0,success,
2026-08-26T11:18:34.897-07:00,,query_sent,outbound,query_operational_state,pending,,periodic,18,0,,,,,,,
2026-08-26T11:18:35.059-07:00,,link_ack,inbound,query_operational_state,ack,,link_layer,18,,,,,,,,
2026-08-26T11:18:35.183-07:00,,operational_state,inbound,query_operational_state,received,,device_response,19,3,,,3,Running Heightened,,,
2026-08-26T11:18:35.223-07:00,,query_completed,outbound,query_operational_state,ok,,periodic,18,0,,,,,,,
2026-08-26T11:19:05.239-07:00,,query_sent,outbound,query_operational_state,pending,,periodic,18,0,,,,,,,
2026-08-26T11:19:05.345-07:00,,link_ack,inbound,query_operational_state,ack,,link_layer,18,,,,,,,,
2026-08-26T11:19:05.469-07:00,,operational_state,inbound,query_operational_state,received,,device_response,19,3,,,3,Running Heightened,,,
2026-08-26T11:19:05.510-07:00,,query_completed,outbound,query_operational_state,ok,,periodic,18,0,,,,,,,
2026-08-26T11:19:34.524-07:00,,query_sent,outbound,get_commodity,pending,,periodic,6,0,,,,,,,
2026-08-26T11:19:34.627-07:00,,link_ack,inbound,get_commodity,ack,,link_layer,6,,,,,,,,
2026-08-26T11:19:34.795-07:00,,intermediate_response,inbound,get_commodity,success,,device_response,6,128,,,,,0,success,
2026-08-26T11:19:34.838-07:00,,query_completed,outbound,get_commodity,ok,,periodic,6,0,,,,,0,success,
2026-08-26T11:19:34.839-07:00,,query_sent,outbound,query_operational_state,pending,,periodic,18,0,,,,,,,
2026-08-26T11:19:35.001-07:00,,link_ack,inbound,query_operational_state,ack,,link_layer,18,,,,,,,,
2026-08-26T11:19:35.125-07:00,,operational_state,inbound,query_operational_state,received,,device_response,19,3,,,3,Running Heightened,,,
2026-08-26T11:19:35.166-07:00,,query_completed,outbound,query_operational_state,ok,,periodic,18,0,,,,,,,
2026-08-26T11:20:05.182-07:00,,query_sent,outbound,query_operational_state,pending,,periodic,18,0,,,,,,,
2026-08-26T11:20:05.288-07:00,,link_ack,inbound,query_operational_state,ack,,link_layer,18,,,,,,,,
2026-08-26T11:20:05.411-07:00,,operational_state,inbound,query_operational_state,received,,device_response,19,3,,,3,Running Heightened,,,
2026-08-26T11:20:05.452-07:00,,query_completed,outbound,query_operational_state,ok,,periodic,18,0,,,,,,,
2026-08-26T11:20:34.468-07:00,,query_sent,outbound,get_commodity,pending,,periodic,6,0,,,,,,,
2026-08-26T11:20:34.572-07:00,,link_ack,inbound,get_commodity,ack,,link_layer,6,,,,,,,,
2026-08-26T11:20:34.740-07:00,,intermediate_response,inbound,get_commodity,success,,device_response,6,128,,,,,0,success,
2026-08-26T11:20:34.784-07:00,,query_completed,outbound,get_commodity,ok,,periodic,6,0,,,,,0,success,
2026-08-26T11:20:34.784-07:00,,query_sent,outbound,query_operational_state,pending,,periodic,18,0,,,,,,,
2026-08-26T11:20:34.946-07:00,,link_ack,inbound,query_operational_state,ack,,link_layer,18,,,,,,,,
2026-08-26T11:20:35.070-07:00,,operational_state,inbound,query_operational_state,received,,device_response,19,3,,,3,Running Heightened,,,
2026-08-26T11:20:35.110-07:00,,query_completed,outbound,query_operational_state,ok,,periodic,18,0,,,,,,,
2026-08-26T11:21:05.126-07:00,,query_sent,outbound,query_operational_state,pending,,periodic,18,0,,,,,,,
2026-08-26T11:21:05.232-07:00,,link_ack,inbound,query_operational_state,ack,,link_layer,18,,,,,,,,
2026-08-26T11:21:05.355-07:00,,operational_state,inbound,query_operational_state,received,,device_response,19,3,,,3,Running Heightened,,,
2026-08-26T11:21:05.396-07:00,,query_completed,outbound,query_operational_state,ok,,periodic,18,0,,,,,,,
2026-08-26T11:21:35.410-07:00,,query_sent,outbound,get_commodity,pending,,periodic,6,0,,,,,,,
2026-08-26T11:21:35.515-07:00,,link_ack,inbound,get_commodity,ack,,link_layer,6,,,,,,,,
2026-08-26T11:21:35.683-07:00,,intermediate_response,inbound,get_commodity,success,,device_response,6,128,,,,,0,success,
2026-08-26T11:21:35.727-07:00,,query_completed,outbound,get_commodity,ok,,periodic,6,0,,,,,0,success,
2026-08-26T11:21:35.727-07:00,,query_sent,outbound,query_operational_state,pending,,periodic,18,0,,,,,,,
2026-08-26T11:21:35.889-07:00,,link_ack,inbound,query_operational_state,ack,,link_layer,18,,,,,,,,
2026-08-26T11:21:36.013-07:00,,operational_state,inbound,query_operational_state,received,,device_response,19,6,,,6,Idle Heightened,,,
2026-08-26T11:21:36.053-07:00,,query_completed,outbound,query_operational_state,ok,,periodic,18,0,,,,,,,
2026-08-26T11:22:05.069-07:00,,query_sent,outbound,query_operational_state,pending,,periodic,18,0,,,,,,,
2026-08-26T11:22:05.170-07:00,,link_ack,inbound,query_operational_state,ack,,link_layer,18,,,,,,,,
2026-08-26T11:22:05.294-07:00,,operational_state,inbound,query_operational_state,received,,device_response,19,6,,,6,Idle Heightened,,,
2026-08-26T11:22:05.334-07:00,,query_completed,outbound,query_operational_state,ok,,periodic,18,0,,,,,,,
2026-08-26T11:22:35.349-07:00,,query_sent,outbound,get_commodity,pending,,periodic,6,0,,,,,,,
2026-08-26T11:22:35.452-07:00,,link_ack,inbound,get_commodity,ack,,link_layer,6,,,,,,,,
2026-08-26T11:22:35.621-07:00,,intermediate_response,inbound,get_commodity,success,,device_response,6,128,,,,,0,success,
2026-08-26T11:22:35.664-07:00,,query_completed,outbound,get_commodity,ok,,periodic,6,0,,,,,0,success,
2026-08-26T11:22:35.665-07:00,,query_sent,outbound,query_operational_state,pending,,periodic,18,0,,,,,,,
2026-08-26T11:22:35.826-07:00,,link_ack,inbound,query_operational_state,ack,,link_layer,18,,,,,,,,
2026-08-26T11:22:35.950-07:00,,operational_state,inbound,query_operational_state,received,,device_response,19,6,,,6,Idle Heightened,,,
2026-08-26T11:22:35.991-07:00,,query_completed,outbound,query_operational_state,ok,,periodic,18,0,,,,,,,
2026-08-26T11:23:05.006-07:00,,query_sent,outbound,query_operational_state,pending,,periodic,18,0,,,,,,,
2026-08-26T11:23:05.109-07:00,,link_ack,inbound,query_operational_state,ack,,link_layer,18,,,,,,,,
2026-08-26T11:23:05.233-07:00,,operational_state,inbound,query_operational_state,received,,device_response,19,6,,,6,Idle Heightened,,,
2026-08-26T11:23:05.274-07:00,,query_completed,outbound,query_operational_state,ok,,periodic,18,0,,,,,,,
2026-08-26T11:23:35.290-07:00,,query_sent,outbound,get_commodity,pending,,periodic,6,0,,,,,,,
2026-08-26T11:23:35.392-07:00,,link_ack,inbound,get_commodity,ack,,link_layer,6,,,,,,,,
2026-08-26T11:23:35.561-07:00,,intermediate_response,inbound,get_commodity,success,,device_response,6,128,,,,,0,success,
2026-08-26T11:23:35.604-07:00,,query_completed,outbound,get_commodity,ok,,periodic,6,0,,,,,0,success,
2026-08-26T11:23:35.604-07:00,,query_sent,outbound,query_operational_state,pending,,periodic,18,0,,,,,,,
2026-08-26T11:23:35.766-07:00,,link_ack,inbound,query_operational_state,ack,,link_layer,18,,,,,,,,
2026-08-26T11:23:35.890-07:00,,operational_state,inbound,query_operational_state,received,,device_response,19,6,,,6,Idle Heightened,,,
2026-08-26T11:23:35.931-07:00,,query_completed,outbound,query_operational_state,ok,,periodic,18,0,,,,,,,
2026-08-26T11:24:04.946-07:00,,query_sent,outbound,query_operational_state,pending,,periodic,18,0,,,,,,,
2026-08-26T11:24:05.048-07:00,,link_ack,inbound,query_operational_state,ack,,link_layer,18,,,,,,,,
2026-08-26T11:24:05.172-07:00,,operational_state,inbound,query_operational_state,received,,device_response,19,6,,,6,Idle Heightened,,,
2026-08-26T11:24:05.213-07:00,,query_completed,outbound,query_operational_state,ok,,periodic,18,0,,,,,,,
2026-08-26T11:24:35.227-07:00,,query_sent,outbound,get_commodity,pending,,periodic,6,0,,,,,,,
2026-08-26T11:24:35.330-07:00,,link_ack,inbound,get_commodity,ack,,link_layer,6,,,,,,,,
2026-08-26T11:24:35.498-07:00,,intermediate_response,inbound,get_commodity,success,,device_response,6,128,,,,,0,success,
2026-08-26T11:24:35.541-07:00,,query_completed,outbound,get_commodity,ok,,periodic,6,0,,,,,0,success,
2026-08-26T11:24:35.542-07:00,,query_sent,outbound,query_operational_state,pending,,periodic,18,0,,,,,,,
2026-08-26T11:24:35.704-07:00,,link_ack,inbound,query_operational_state,ack,,link_layer,18,,,,,,,,
2026-08-26T11:24:35.829-07:00,,operational_state,inbound,query_operational_state,received,,device_response,19,6,,,6,Idle Heightened,,,
2026-08-26T11:24:35.870-07:00,,query_completed,outbound,query_operational_state,ok,,periodic,18,0,,,,,,,
2026-08-26T11:25:04.885-07:00,,query_sent,outbound,query_operational_state,pending,,periodic,18,0,,,,,,,
2026-08-26T11:25:04.987-07:00,,link_ack,inbound,query_operational_state,ack,,link_layer,18,,,,,,,,
2026-08-26T11:25:05.110-07:00,,operational_state,inbound,query_operational_state,received,,device_response,19,6,,,6,Idle Heightened,,,
2026-08-26T11:25:05.151-07:00,,query_completed,outbound,query_operational_state,ok,,periodic,18,0,,,,,,,
2026-08-26T11:25:35.165-07:00,,query_sent,outbound,get_commodity,pending,,periodic,6,0,,,,,,,
2026-08-26T11:25:35.266-07:00,,link_ack,inbound,get_commodity,ack,,link_layer,6,,,,,,,,
2026-08-26T11:25:35.435-07:00,,intermediate_response,inbound,get_commodity,success,,device_response,6,128,,,,,0,success,
2026-08-26T11:25:35.479-07:00,,query_completed,outbound,get_commodity,ok,,periodic,6,0,,,,,0,success,
2026-08-26T11:25:35.479-07:00,,query_sent,outbound,query_operational_state,pending,,periodic,18,0,,,,,,,
2026-08-26T11:25:35.641-07:00,,link_ack,inbound,query_operational_state,ack,,link_layer,18,,,,,,,,
2026-08-26T11:25:35.764-07:00,,operational_state,inbound,query_operational_state,received,,device_response,19,6,,,6,Idle Heightened,,,
2026-08-26T11:25:35.805-07:00,,query_completed,outbound,query_operational_state,ok,,periodic,18,0,,,,,,,
2026-08-26T11:26:04.820-07:00,,query_sent,outbound,query_operational_state,pending,,periodic,18,0,,,,,,,
2026-08-26T11:26:04.924-07:00,,link_ack,inbound,query_operational_state,ack,,link_layer,18,,,,,,,,
2026-08-26T11:26:05.048-07:00,,operational_state,inbound,query_operational_state,received,,device_response,19,6,,,6,Idle Heightened,,,
2026-08-26T11:26:05.088-07:00,,query_completed,outbound,query_operational_state,ok,,periodic,18,0,,,,,,,
2026-08-26T11:26:35.104-07:00,,query_sent,outbound,get_commodity,pending,,periodic,6,0,,,,,,,
2026-08-26T11:26:35.210-07:00,,link_ack,inbound,get_commodity,ack,,link_layer,6,,,,,,,,
2026-08-26T11:26:35.380-07:00,,intermediate_response,inbound,get_commodity,success,,device_response,6,128,,,,,0,success,
2026-08-26T11:26:35.423-07:00,,query_completed,outbound,get_commodity,ok,,periodic,6,0,,,,,0,success,
2026-08-26T11:26:35.424-07:00,,query_sent,outbound,query_operational_state,pending,,periodic,18,0,,,,,,,
2026-08-26T11:26:35.585-07:00,,link_ack,inbound,query_operational_state,ack,,link_layer,18,,,,,,,,
2026-08-26T11:26:35.709-07:00,,operational_state,inbound,query_operational_state,received,,device_response,19,6,,,6,Idle Heightened,,,
2026-08-26T11:26:35.750-07:00,,query_completed,outbound,query_operational_state,ok,,periodic,18,0,,,,,,,
2026-08-26T11:27:04.765-07:00,,query_sent,outbound,query_operational_state,pending,,periodic,18,0,,,,,,,
2026-08-26T11:27:04.866-07:00,,link_ack,inbound,query_operational_state,ack,,link_layer,18,,,,,,,,
2026-08-26T11:27:04.990-07:00,,operational_state,inbound,query_operational_state,received,,device_response,19,6,,,6,Idle Heightened,,,
2026-08-26T11:27:05.030-07:00,,query_completed,outbound,query_operational_state,ok,,periodic,18,0,,,,,,,
2026-08-26T11:27:35.045-07:00,,query_sent,outbound,get_commodity,pending,,periodic,6,0,,,,,,,
2026-08-26T11:27:35.149-07:00,,link_ack,inbound,get_commodity,ack,,link_layer,6,,,,,,,,
2026-08-26T11:27:35.317-07:00,,intermediate_response,inbound,get_commodity,success,,device_response,6,128,,,,,0,success,
2026-08-26T11:27:35.360-07:00,,query_completed,outbound,get_commodity,ok,,periodic,6,0,,,,,0,success,
2026-08-26T11:27:35.360-07:00,,query_sent,outbound,query_operational_state,pending,,periodic,18,0,,,,,,,
2026-08-26T11:27:35.523-07:00,,link_ack,inbound,query_operational_state,ack,,link_layer,18,,,,,,,,
2026-08-26T11:27:35.648-07:00,,operational_state,inbound,query_operational_state,received,,device_response,19,6,,,6,Idle Heightened,,,
2026-08-26T11:27:35.688-07:00,,query_completed,outbound,query_operational_state,ok,,periodic,18,0,,,,,,,
2026-08-26T11:28:04.704-07:00,,query_sent,outbound,query_operational_state,pending,,periodic,18,0,,,,,,,
2026-08-26T11:28:04.805-07:00,,link_ack,inbound,query_operational_state,ack,,link_layer,18,,,,,,,,
2026-08-26T11:28:04.929-07:00,,operational_state,inbound,query_operational_state,received,,device_response,19,6,,,6,Idle Heightened,,,
2026-08-26T11:28:04.970-07:00,,query_completed,outbound,query_operational_state,ok,,periodic,18,0,,,,,,,
2026-08-26T11:28:05.970-07:00,auto_outside_comm_heartbeat_03,command_sent,outbound,outside_communication1,pending,0,schedule,14,0,,,,,,,
2026-08-26T11:28:06.034-07:00,,link_ack,inbound,outside_communication,ack,,link_layer,14,,,,,,,,
2026-08-26T11:28:06.157-07:00,,application_ack,inbound,outside_communication,ack,,application_layer,3,14,,,,,,,
2026-08-26T11:28:06.198-07:00,auto_outside_comm_heartbeat_03,command_completed,outbound,outside_communication1,ok,0,schedule,14,0,,,,,,,
2026-08-26T11:28:35.213-07:00,,query_sent,outbound,get_commodity,pending,,periodic,6,0,,,,,,,
2026-08-26T11:28:35.318-07:00,,link_ack,inbound,get_commodity,ack,,link_layer,6,,,,,,,,
2026-08-26T11:28:35.486-07:00,,intermediate_response,inbound,get_commodity,success,,device_response,6,128,,,,,0,success,
2026-08-26T11:28:35.529-07:00,,query_completed,outbound,get_commodity,ok,,periodic,6,0,,,,,0,success,
2026-08-26T11:28:35.529-07:00,,query_sent,outbound,query_operational_state,pending,,periodic,18,0,,,,,,,
2026-08-26T11:28:35.691-07:00,,link_ack,inbound,query_operational_state,ack,,link_layer,18,,,,,,,,
2026-08-26T11:28:35.815-07:00,,operational_state,inbound,query_operational_state,received,,device_response,19,6,,,6,Idle Heightened,,,
2026-08-26T11:28:35.856-07:00,,query_completed,outbound,query_operational_state,ok,,periodic,18,0,,,,,,,
2026-08-26T11:29:04.870-07:00,,query_sent,outbound,query_operational_state,pending,,periodic,18,0,,,,,,,
2026-08-26T11:29:04.978-07:00,,link_ack,inbound,query_operational_state,ack,,link_layer,18,,,,,,,,
2026-08-26T11:29:05.101-07:00,,operational_state,inbound,query_operational_state,received,,device_response,19,6,,,6,Idle Heightened,,,
2026-08-26T11:29:05.142-07:00,,query_completed,outbound,query_operational_state,ok,,periodic,18,0,,,,,,,
2026-08-26T11:29:35.156-07:00,,query_sent,outbound,get_commodity,pending,,periodic,6,0,,,,,,,
2026-08-26T11:29:35.259-07:00,,link_ack,inbound,get_commodity,ack,,link_layer,6,,,,,,,,
2026-08-26T11:29:35.429-07:00,,intermediate_response,inbound,get_commodity,success,,device_response,6,128,,,,,0,success,
2026-08-26T11:29:35.473-07:00,,query_completed,outbound,get_commodity,ok,,periodic,6,0,,,,,0,success,
2026-08-26T11:29:35.473-07:00,,query_sent,outbound,query_operational_state,pending,,periodic,18,0,,,,,,,
2026-08-26T11:29:35.634-07:00,,link_ack,inbound,query_operational_state,ack,,link_layer,18,,,,,,,,
2026-08-26T11:29:35.758-07:00,,operational_state,inbound,query_operational_state,received,,device_response,19,6,,,6,Idle Heightened,,,
2026-08-26T11:29:35.799-07:00,,query_completed,outbound,query_operational_state,ok,,periodic,18,0,,,,,,,
2026-08-26T11:30:04.813-07:00,,query_sent,outbound,query_operational_state,pending,,periodic,18,0,,,,,,,
2026-08-26T11:30:04.917-07:00,,link_ack,inbound,query_operational_state,ack,,link_layer,18,,,,,,,,
2026-08-26T11:30:05.041-07:00,,operational_state,inbound,query_operational_state,received,,device_response,19,6,,,6,Idle Heightened,,,
2026-08-26T11:30:05.081-07:00,,query_completed,outbound,query_operational_state,ok,,periodic,18,0,,,,,,,
2026-08-26T11:30:35.096-07:00,,query_sent,outbound,get_commodity,pending,,periodic,6,0,,,,,,,
2026-08-26T11:30:35.202-07:00,,link_ack,inbound,get_commodity,ack,,link_layer,6,,,,,,,,
2026-08-26T11:30:35.370-07:00,,intermediate_response,inbound,get_commodity,success,,device_response,6,128,,,,,0,success,
2026-08-26T11:30:35.414-07:00,,query_completed,outbound,get_commodity,ok,,periodic,6,0,,,,,0,success,
2026-08-26T11:30:35.414-07:00,,query_sent,outbound,query_operational_state,pending,,periodic,18,0,,,,,,,
2026-08-26T11:30:35.576-07:00,,link_ack,inbound,query_operational_state,ack,,link_layer,18,,,,,,,,
2026-08-26T11:30:35.701-07:00,,operational_state,inbound,query_operational_state,received,,device_response,19,6,,,6,Idle Heightened,,,
2026-08-26T11:30:35.741-07:00,,query_completed,outbound,query_operational_state,ok,,periodic,18,0,,,,,,,
2026-08-26T11:31:04.755-07:00,,query_sent,outbound,query_operational_state,pending,,periodic,18,0,,,,,,,
2026-08-26T11:31:04.860-07:00,,link_ack,inbound,query_operational_state,ack,,link_layer,18,,,,,,,,
2026-08-26T11:31:04.986-07:00,,operational_state,inbound,query_operational_state,received,,device_response,19,6,,,6,Idle Heightened,,,
2026-08-26T11:31:05.026-07:00,,query_completed,outbound,query_operational_state,ok,,periodic,18,0,,,,,,,
2026-08-26T11:31:35.041-07:00,,query_sent,outbound,get_commodity,pending,,periodic,6,0,,,,,,,
2026-08-26T11:31:35.143-07:00,,link_ack,inbound,get_commodity,ack,,link_layer,6,,,,,,,,
2026-08-26T11:31:35.311-07:00,,intermediate_response,inbound,get_commodity,success,,device_response,6,128,,,,,0,success,
2026-08-26T11:31:35.354-07:00,,query_completed,outbound,get_commodity,ok,,periodic,6,0,,,,,0,success,
2026-08-26T11:31:35.355-07:00,,query_sent,outbound,query_operational_state,pending,,periodic,18,0,,,,,,,
2026-08-26T11:31:35.519-07:00,,link_ack,inbound,query_operational_state,ack,,link_layer,18,,,,,,,,
2026-08-26T11:31:35.642-07:00,,operational_state,inbound,query_operational_state,received,,device_response,19,6,,,6,Idle Heightened,,,
2026-08-26T11:31:35.683-07:00,,query_completed,outbound,query_operational_state,ok,,periodic,18,0,,,,,,,
2026-08-26T11:32:04.697-07:00,,query_sent,outbound,query_operational_state,pending,,periodic,18,0,,,,,,,
2026-08-26T11:32:04.801-07:00,,link_ack,inbound,query_operational_state,ack,,link_layer,18,,,,,,,,
2026-08-26T11:32:04.924-07:00,,operational_state,inbound,query_operational_state,received,,device_response,19,6,,,6,Idle Heightened,,,
2026-08-26T11:32:04.965-07:00,,query_completed,outbound,query_operational_state,ok,,periodic,18,0,,,,,,,
2026-08-26T11:32:34.979-07:00,,query_sent,outbound,get_commodity,pending,,periodic,6,0,,,,,,,
2026-08-26T11:32:35.083-07:00,,link_ack,inbound,get_commodity,ack,,link_layer,6,,,,,,,,
2026-08-26T11:32:35.252-07:00,,intermediate_response,inbound,get_commodity,success,,device_response,6,128,,,,,0,success,
2026-08-26T11:32:35.295-07:00,,query_completed,outbound,get_commodity,ok,,periodic,6,0,,,,,0,success,
2026-08-26T11:32:35.295-07:00,,query_sent,outbound,query_operational_state,pending,,periodic,18,0,,,,,,,
2026-08-26T11:32:35.457-07:00,,link_ack,inbound,query_operational_state,ack,,link_layer,18,,,,,,,,
2026-08-26T11:32:35.581-07:00,,operational_state,inbound,query_operational_state,received,,device_response,19,6,,,6,Idle Heightened,,,
2026-08-26T11:32:35.622-07:00,,query_completed,outbound,query_operational_state,ok,,periodic,18,0,,,,,,,
2026-08-26T11:33:04.636-07:00,,query_sent,outbound,query_operational_state,pending,,periodic,18,0,,,,,,,
2026-08-26T11:33:04.740-07:00,,link_ack,inbound,query_operational_state,ack,,link_layer,18,,,,,,,,
2026-08-26T11:33:04.864-07:00,,operational_state,inbound,query_operational_state,received,,device_response,19,6,,,6,Idle Heightened,,,
2026-08-26T11:33:04.904-07:00,,query_completed,outbound,query_operational_state,ok,,periodic,18,0,,,,,,,
2026-08-26T11:33:34.918-07:00,,query_sent,outbound,get_commodity,pending,,periodic,6,0,,,,,,,
2026-08-26T11:33:35.026-07:00,,link_ack,inbound,get_commodity,ack,,link_layer,6,,,,,,,,
2026-08-26T11:33:35.194-07:00,,intermediate_response,inbound,get_commodity,success,,device_response,6,128,,,,,0,success,
2026-08-26T11:33:35.238-07:00,,query_completed,outbound,get_commodity,ok,,periodic,6,0,,,,,0,success,
2026-08-26T11:33:35.238-07:00,,query_sent,outbound,query_operational_state,pending,,periodic,18,0,,,,,,,
2026-08-26T11:33:35.400-07:00,,link_ack,inbound,query_operational_state,ack,,link_layer,18,,,,,,,,
2026-08-26T11:33:35.524-07:00,,operational_state,inbound,query_operational_state,received,,device_response,19,6,,,6,Idle Heightened,,,
2026-08-26T11:33:35.565-07:00,,query_completed,outbound,query_operational_state,ok,,periodic,18,0,,,,,,,
2026-08-26T11:34:04.581-07:00,,query_sent,outbound,query_operational_state,pending,,periodic,18,0,,,,,,,
2026-08-26T11:34:04.685-07:00,,link_ack,inbound,query_operational_state,ack,,link_layer,18,,,,,,,,
2026-08-26T11:34:04.808-07:00,,operational_state,inbound,query_operational_state,received,,device_response,19,6,,,6,Idle Heightened,,,
2026-08-26T11:34:04.849-07:00,,query_completed,outbound,query_operational_state,ok,,periodic,18,0,,,,,,,
2026-08-26T11:34:34.864-07:00,,query_sent,outbound,get_commodity,pending,,periodic,6,0,,,,,,,
2026-08-26T11:34:34.970-07:00,,link_ack,inbound,get_commodity,ack,,link_layer,6,,,,,,,,
2026-08-26T11:34:35.139-07:00,,intermediate_response,inbound,get_commodity,success,,device_response,6,128,,,,,0,success,
2026-08-26T11:34:35.182-07:00,,query_completed,outbound,get_commodity,ok,,periodic,6,0,,,,,0,success,
2026-08-26T11:34:35.182-07:00,,query_sent,outbound,query_operational_state,pending,,periodic,18,0,,,,,,,
2026-08-26T11:34:35.345-07:00,,link_ack,inbound,query_operational_state,ack,,link_layer,18,,,,,,,,
2026-08-26T11:34:35.469-07:00,,operational_state,inbound,query_operational_state,received,,device_response,19,6,,,6,Idle Heightened,,,
2026-08-26T11:34:35.510-07:00,,query_completed,outbound,query_operational_state,ok,,periodic,18,0,,,,,,,
2026-08-26T11:35:04.524-07:00,,query_sent,outbound,query_operational_state,pending,,periodic,18,0,,,,,,,
2026-08-26T11:35:04.629-07:00,,link_ack,inbound,query_operational_state,ack,,link_layer,18,,,,,,,,
2026-08-26T11:35:04.753-07:00,,operational_state,inbound,query_operational_state,received,,device_response,19,6,,,6,Idle Heightened,,,
2026-08-26T11:35:04.793-07:00,,query_completed,outbound,query_operational_state,ok,,periodic,18,0,,,,,,,
2026-08-26T11:35:34.809-07:00,,query_sent,outbound,get_commodity,pending,,periodic,6,0,,,,,,,
2026-08-26T11:35:34.910-07:00,,link_ack,inbound,get_commodity,ack,,link_layer,6,,,,,,,,
2026-08-26T11:35:35.078-07:00,,intermediate_response,inbound,get_commodity,success,,device_response,6,128,,,,,0,success,
2026-08-26T11:35:35.122-07:00,,query_completed,outbound,get_commodity,ok,,periodic,6,0,,,,,0,success,
2026-08-26T11:35:35.122-07:00,,query_sent,outbound,query_operational_state,pending,,periodic,18,0,,,,,,,
2026-08-26T11:35:35.285-07:00,,link_ack,inbound,query_operational_state,ack,,link_layer,18,,,,,,,,
2026-08-26T11:35:35.409-07:00,,operational_state,inbound,query_operational_state,received,,device_response,19,6,,,6,Idle Heightened,,,
2026-08-26T11:35:35.449-07:00,,query_completed,outbound,query_operational_state,ok,,periodic,18,0,,,,,,,
2026-08-26T11:36:04.463-07:00,,query_sent,outbound,query_operational_state,pending,,periodic,18,0,,,,,,,
2026-08-26T11:36:04.569-07:00,,link_ack,inbound,query_operational_state,ack,,link_layer,18,,,,,,,,
2026-08-26T11:36:04.692-07:00,,operational_state,inbound,query_operational_state,received,,device_response,19,6,,,6,Idle Heightened,,,
2026-08-26T11:36:04.732-07:00,,query_completed,outbound,query_operational_state,ok,,periodic,18,0,,,,,,,
2026-08-26T11:36:34.747-07:00,,query_sent,outbound,get_commodity,pending,,periodic,6,0,,,,,,,
2026-08-26T11:36:34.852-07:00,,link_ack,inbound,get_commodity,ack,,link_layer,6,,,,,,,,
2026-08-26T11:36:35.020-07:00,,intermediate_response,inbound,get_commodity,success,,device_response,6,128,,,,,0,success,
2026-08-26T11:36:35.064-07:00,,query_completed,outbound,get_commodity,ok,,periodic,6,0,,,,,0,success,
2026-08-26T11:36:35.064-07:00,,query_sent,outbound,query_operational_state,pending,,periodic,18,0,,,,,,,
2026-08-26T11:36:35.227-07:00,,link_ack,inbound,query_operational_state,ack,,link_layer,18,,,,,,,,
2026-08-26T11:36:35.351-07:00,,operational_state,inbound,query_operational_state,received,,device_response,19,6,,,6,Idle Heightened,,,
2026-08-26T11:36:35.392-07:00,,query_completed,outbound,query_operational_state,ok,,periodic,18,0,,,,,,,
2026-08-26T11:37:05.407-07:00,,query_sent,outbound,query_operational_state,pending,,periodic,18,0,,,,,,,
2026-08-26T11:37:05.512-07:00,,link_ack,inbound,query_operational_state,ack,,link_layer,18,,,,,,,,
2026-08-26T11:37:05.636-07:00,,operational_state,inbound,query_operational_state,received,,device_response,19,6,,,6,Idle Heightened,,,
2026-08-26T11:37:05.676-07:00,,query_completed,outbound,query_operational_state,ok,,periodic,18,0,,,,,,,
2026-08-26T11:37:34.689-07:00,,query_sent,outbound,get_commodity,pending,,periodic,6,0,,,,,,,
2026-08-26T11:37:34.792-07:00,,link_ack,inbound,get_commodity,ack,,link_layer,6,,,,,,,,
2026-08-26T11:37:34.960-07:00,,intermediate_response,inbound,get_commodity,success,,device_response,6,128,,,,,0,success,
2026-08-26T11:37:35.004-07:00,,query_completed,outbound,get_commodity,ok,,periodic,6,0,,,,,0,success,
2026-08-26T11:37:35.004-07:00,,query_sent,outbound,query_operational_state,pending,,periodic,18,0,,,,,,,
2026-08-26T11:37:35.166-07:00,,link_ack,inbound,query_operational_state,ack,,link_layer,18,,,,,,,,
2026-08-26T11:37:35.291-07:00,,operational_state,inbound,query_operational_state,received,,device_response,19,6,,,6,Idle Heightened,,,
2026-08-26T11:37:35.331-07:00,,query_completed,outbound,query_operational_state,ok,,periodic,18,0,,,,,,,
2026-08-26T11:38:05.346-07:00,,query_sent,outbound,query_operational_state,pending,,periodic,18,0,,,,,,,
2026-08-26T11:38:05.453-07:00,,link_ack,inbound,query_operational_state,ack,,link_layer,18,,,,,,,,
2026-08-26T11:38:05.576-07:00,,operational_state,inbound,query_operational_state,received,,device_response,19,6,,,6,Idle Heightened,,,
2026-08-26T11:38:05.616-07:00,,query_completed,outbound,query_operational_state,ok,,periodic,18,0,,,,,,,
2026-08-26T11:38:34.629-07:00,,query_sent,outbound,get_commodity,pending,,periodic,6,0,,,,,,,
2026-08-26T11:38:34.731-07:00,,link_ack,inbound,get_commodity,ack,,link_layer,6,,,,,,,,
2026-08-26T11:38:34.900-07:00,,intermediate_response,inbound,get_commodity,success,,device_response,6,128,,,,,0,success,
2026-08-26T11:38:34.944-07:00,,query_completed,outbound,get_commodity,ok,,periodic,6,0,,,,,0,success,
2026-08-26T11:38:34.944-07:00,,query_sent,outbound,query_operational_state,pending,,periodic,18,0,,,,,,,
2026-08-26T11:38:35.105-07:00,,link_ack,inbound,query_operational_state,ack,,link_layer,18,,,,,,,,
2026-08-26T11:38:35.229-07:00,,operational_state,inbound,query_operational_state,received,,device_response,19,6,,,6,Idle Heightened,,,
2026-08-26T11:38:35.270-07:00,,query_completed,outbound,query_operational_state,ok,,periodic,18,0,,,,,,,
2026-08-26T11:39:05.285-07:00,,query_sent,outbound,query_operational_state,pending,,periodic,18,0,,,,,,,
2026-08-26T11:39:05.389-07:00,,link_ack,inbound,query_operational_state,ack,,link_layer,18,,,,,,,,
2026-08-26T11:39:05.513-07:00,,operational_state,inbound,query_operational_state,received,,device_response,19,6,,,6,Idle Heightened,,,
2026-08-26T11:39:05.553-07:00,,query_completed,outbound,query_operational_state,ok,,periodic,18,0,,,,,,,
2026-08-26T11:39:34.568-07:00,,query_sent,outbound,get_commodity,pending,,periodic,6,0,,,,,,,
2026-08-26T11:39:34.673-07:00,,link_ack,inbound,get_commodity,ack,,link_layer,6,,,,,,,,
2026-08-26T11:39:34.843-07:00,,intermediate_response,inbound,get_commodity,success,,device_response,6,128,,,,,0,success,
2026-08-26T11:39:34.886-07:00,,query_completed,outbound,get_commodity,ok,,periodic,6,0,,,,,0,success,
2026-08-26T11:39:34.886-07:00,,query_sent,outbound,query_operational_state,pending,,periodic,18,0,,,,,,,
2026-08-26T11:39:35.049-07:00,,link_ack,inbound,query_operational_state,ack,,link_layer,18,,,,,,,,
2026-08-26T11:39:35.172-07:00,,operational_state,inbound,query_operational_state,received,,device_response,19,6,,,6,Idle Heightened,,,
2026-08-26T11:39:35.213-07:00,,query_completed,outbound,query_operational_state,ok,,periodic,18,0,,,,,,,
2026-08-26T11:40:05.228-07:00,,query_sent,outbound,query_operational_state,pending,,periodic,18,0,,,,,,,
2026-08-26T11:40:05.333-07:00,,link_ack,inbound,query_operational_state,ack,,link_layer,18,,,,,,,,
2026-08-26T11:40:05.456-07:00,,operational_state,inbound,query_operational_state,received,,device_response,19,6,,,6,Idle Heightened,,,
2026-08-26T11:40:05.497-07:00,,query_completed,outbound,query_operational_state,ok,,periodic,18,0,,,,,,,
2026-08-26T11:40:34.511-07:00,,query_sent,outbound,get_commodity,pending,,periodic,6,0,,,,,,,
2026-08-26T11:40:34.611-07:00,,link_ack,inbound,get_commodity,ack,,link_layer,6,,,,,,,,
2026-08-26T11:40:34.779-07:00,,intermediate_response,inbound,get_commodity,success,,device_response,6,128,,,,,0,success,
2026-08-26T11:40:34.823-07:00,,query_completed,outbound,get_commodity,ok,,periodic,6,0,,,,,0,success,
2026-08-26T11:40:34.823-07:00,,query_sent,outbound,query_operational_state,pending,,periodic,18,0,,,,,,,
2026-08-26T11:40:34.985-07:00,,link_ack,inbound,query_operational_state,ack,,link_layer,18,,,,,,,,
2026-08-26T11:40:35.108-07:00,,operational_state,inbound,query_operational_state,received,,device_response,19,6,,,6,Idle Heightened,,,
2026-08-26T11:40:35.149-07:00,,query_completed,outbound,query_operational_state,ok,,periodic,18,0,,,,,,,
2026-08-26T11:41:05.164-07:00,,query_sent,outbound,query_operational_state,pending,,periodic,18,0,,,,,,,
2026-08-26T11:41:05.269-07:00,,link_ack,inbound,query_operational_state,ack,,link_layer,18,,,,,,,,
2026-08-26T11:41:05.392-07:00,,operational_state,inbound,query_operational_state,received,,device_response,19,6,,,6,Idle Heightened,,,
2026-08-26T11:41:05.433-07:00,,query_completed,outbound,query_operational_state,ok,,periodic,18,0,,,,,,,
2026-08-26T11:41:35.447-07:00,auto_outside_comm_heartbeat_04,command_sent,outbound,outside_communication1,pending,0,schedule,14,0,,,,,,,
2026-08-26T11:41:35.550-07:00,,link_ack,inbound,outside_communication,ack,,link_layer,14,,,,,,,,
2026-08-26T11:41:35.673-07:00,,application_ack,inbound,outside_communication,ack,,application_layer,3,14,,,,,,,
2026-08-26T11:41:35.714-07:00,auto_outside_comm_heartbeat_04,command_completed,outbound,outside_communication1,ok,0,schedule,14,0,,,,,,,
2026-08-26T11:41:35.715-07:00,,query_sent,outbound,get_commodity,pending,,periodic,6,0,,,,,,,
2026-08-26T11:41:35.876-07:00,,link_ack,inbound,get_commodity,ack,,link_layer,6,,,,,,,,
2026-08-26T11:41:36.044-07:00,,intermediate_response,inbound,get_commodity,success,,device_response,6,128,,,,,0,success,
2026-08-26T11:41:36.087-07:00,,query_completed,outbound,get_commodity,ok,,periodic,6,0,,,,,0,success,
2026-08-26T11:41:36.088-07:00,,query_sent,outbound,query_operational_state,pending,,periodic,18,0,,,,,,,
2026-08-26T11:41:36.250-07:00,,link_ack,inbound,query_operational_state,ack,,link_layer,18,,,,,,,,
2026-08-26T11:41:36.375-07:00,,operational_state,inbound,query_operational_state,received,,device_response,19,6,,,6,Idle Heightened,,,
2026-08-26T11:41:36.415-07:00,,query_completed,outbound,query_operational_state,ok,,periodic,18,0,,,,,,,
2026-08-26T11:42:05.429-07:00,,query_sent,outbound,query_operational_state,pending,,periodic,18,0,,,,,,,
2026-08-26T11:42:05.535-07:00,,link_ack,inbound,query_operational_state,ack,,link_layer,18,,,,,,,,
2026-08-26T11:42:05.658-07:00,,operational_state,inbound,query_operational_state,received,,device_response,19,6,,,6,Idle Heightened,,,
2026-08-26T11:42:05.698-07:00,,query_completed,outbound,query_operational_state,ok,,periodic,18,0,,,,,,,
2026-08-26T11:42:34.713-07:00,,query_sent,outbound,get_commodity,pending,,periodic,6,0,,,,,,,
2026-08-26T11:42:34.817-07:00,,link_ack,inbound,get_commodity,ack,,link_layer,6,,,,,,,,
2026-08-26T11:42:34.988-07:00,,intermediate_response,inbound,get_commodity,success,,device_response,6,128,,,,,0,success,
2026-08-26T11:42:35.032-07:00,,query_completed,outbound,get_commodity,ok,,periodic,6,0,,,,,0,success,
2026-08-26T11:42:35.032-07:00,,query_sent,outbound,query_operational_state,pending,,periodic,18,0,,,,,,,
2026-08-26T11:42:35.195-07:00,,link_ack,inbound,query_operational_state,ack,,link_layer,18,,,,,,,,
2026-08-26T11:42:35.320-07:00,,operational_state,inbound,query_operational_state,received,,device_response,19,6,,,6,Idle Heightened,,,
2026-08-26T11:42:35.360-07:00,,query_completed,outbound,query_operational_state,ok,,periodic,18,0,,,,,,,
2026-08-26T11:43:05.375-07:00,,query_sent,outbound,query_operational_state,pending,,periodic,18,0,,,,,,,
2026-08-26T11:43:05.481-07:00,,link_ack,inbound,query_operational_state,ack,,link_layer,18,,,,,,,,
2026-08-26T11:43:05.604-07:00,,operational_state,inbound,query_operational_state,received,,device_response,19,6,,,6,Idle Heightened,,,
2026-08-26T11:43:05.645-07:00,,query_completed,outbound,query_operational_state,ok,,periodic,18,0,,,,,,,
2026-08-26T11:43:34.658-07:00,,query_sent,outbound,get_commodity,pending,,periodic,6,0,,,,,,,
2026-08-26T11:43:34.760-07:00,,link_ack,inbound,get_commodity,ack,,link_layer,6,,,,,,,,
2026-08-26T11:43:34.928-07:00,,intermediate_response,inbound,get_commodity,success,,device_response,6,128,,,,,0,success,
2026-08-26T11:43:34.972-07:00,,query_completed,outbound,get_commodity,ok,,periodic,6,0,,,,,0,success,
2026-08-26T11:43:34.972-07:00,,query_sent,outbound,query_operational_state,pending,,periodic,18,0,,,,,,,
2026-08-26T11:43:35.134-07:00,,link_ack,inbound,query_operational_state,ack,,link_layer,18,,,,,,,,
2026-08-26T11:43:35.259-07:00,,operational_state,inbound,query_operational_state,received,,device_response,19,6,,,6,Idle Heightened,,,
2026-08-26T11:43:35.299-07:00,,query_completed,outbound,query_operational_state,ok,,periodic,18,0,,,,,,,
2026-08-26T11:44:05.314-07:00,,query_sent,outbound,query_operational_state,pending,,periodic,18,0,,,,,,,
2026-08-26T11:44:05.418-07:00,,link_ack,inbound,query_operational_state,ack,,link_layer,18,,,,,,,,
2026-08-26T11:44:05.541-07:00,,operational_state,inbound,query_operational_state,received,,device_response,19,6,,,6,Idle Heightened,,,
2026-08-26T11:44:05.582-07:00,,query_completed,outbound,query_operational_state,ok,,periodic,18,0,,,,,,,
2026-08-26T11:44:34.595-07:00,,query_sent,outbound,get_commodity,pending,,periodic,6,0,,,,,,,
2026-08-26T11:44:34.697-07:00,,link_ack,inbound,get_commodity,ack,,link_layer,6,,,,,,,,
2026-08-26T11:44:34.868-07:00,,intermediate_response,inbound,get_commodity,success,,device_response,6,128,,,,,0,success,
2026-08-26T11:44:34.911-07:00,,query_completed,outbound,get_commodity,ok,,periodic,6,0,,,,,0,success,
2026-08-26T11:44:34.911-07:00,,query_sent,outbound,query_operational_state,pending,,periodic,18,0,,,,,,,
2026-08-26T11:44:35.073-07:00,,link_ack,inbound,query_operational_state,ack,,link_layer,18,,,,,,,,
2026-08-26T11:44:35.196-07:00,,operational_state,inbound,query_operational_state,received,,device_response,19,6,,,6,Idle Heightened,,,
2026-08-26T11:44:35.237-07:00,,query_completed,outbound,query_operational_state,ok,,periodic,18,0,,,,,,,
2026-08-26T11:45:05.252-07:00,,query_sent,outbound,query_operational_state,pending,,periodic,18,0,,,,,,,
2026-08-26T11:45:05.357-07:00,,link_ack,inbound,query_operational_state,ack,,link_layer,18,,,,,,,,
2026-08-26T11:45:05.480-07:00,,operational_state,inbound,query_operational_state,received,,device_response,19,6,,,6,Idle Heightened,,,
2026-08-26T11:45:05.520-07:00,,query_completed,outbound,query_operational_state,ok,,periodic,18,0,,,,,,,
2026-08-26T11:45:34.533-07:00,,query_sent,outbound,get_commodity,pending,,periodic,6,0,,,,,,,
2026-08-26T11:45:34.635-07:00,,link_ack,inbound,get_commodity,ack,,link_layer,6,,,,,,,,
2026-08-26T11:45:34.803-07:00,,intermediate_response,inbound,get_commodity,success,,device_response,6,128,,,,,0,success,
2026-08-26T11:45:34.847-07:00,,query_completed,outbound,get_commodity,ok,,periodic,6,0,,,,,0,success,
2026-08-26T11:45:34.847-07:00,,query_sent,outbound,query_operational_state,pending,,periodic,18,0,,,,,,,
2026-08-26T11:45:35.010-07:00,,link_ack,inbound,query_operational_state,ack,,link_layer,18,,,,,,,,
2026-08-26T11:45:35.134-07:00,,operational_state,inbound,query_operational_state,received,,device_response,19,6,,,6,Idle Heightened,,,
2026-08-26T11:45:35.175-07:00,,query_completed,outbound,query_operational_state,ok,,periodic,18,0,,,,,,,
2026-08-26T11:46:05.189-07:00,,query_sent,outbound,query_operational_state,pending,,periodic,18,0,,,,,,,
2026-08-26T11:46:05.295-07:00,,link_ack,inbound,query_operational_state,ack,,link_layer,18,,,,,,,,
2026-08-26T11:46:05.418-07:00,,operational_state,inbound,query_operational_state,received,,device_response,19,6,,,6,Idle Heightened,,,
2026-08-26T11:46:05.459-07:00,,query_completed,outbound,query_operational_state,ok,,periodic,18,0,,,,,,,
2026-08-26T11:46:34.472-07:00,,query_sent,outbound,get_commodity,pending,,periodic,6,0,,,,,,,
2026-08-26T11:46:34.575-07:00,,link_ack,inbound,get_commodity,ack,,link_layer,6,,,,,,,,
2026-08-26T11:46:34.743-07:00,,intermediate_response,inbound,get_commodity,success,,device_response,6,128,,,,,0,success,
2026-08-26T11:46:34.787-07:00,,query_completed,outbound,get_commodity,ok,,periodic,6,0,,,,,0,success,
2026-08-26T11:46:34.787-07:00,,query_sent,outbound,query_operational_state,pending,,periodic,18,0,,,,,,,
2026-08-26T11:46:34.950-07:00,,link_ack,inbound,query_operational_state,ack,,link_layer,18,,,,,,,,
2026-08-26T11:46:35.073-07:00,,operational_state,inbound,query_operational_state,received,,device_response,19,6,,,6,Idle Heightened,,,
2026-08-26T11:46:35.114-07:00,,query_completed,outbound,query_operational_state,ok,,periodic,18,0,,,,,,,
2026-08-26T11:47:05.128-07:00,,query_sent,outbound,query_operational_state,pending,,periodic,18,0,,,,,,,
2026-08-26T11:47:05.236-07:00,,link_ack,inbound,query_operational_state,ack,,link_layer,18,,,,,,,,
2026-08-26T11:47:05.361-07:00,,operational_state,inbound,query_operational_state,received,,device_response,19,6,,,6,Idle Heightened,,,
2026-08-26T11:47:05.402-07:00,,query_completed,outbound,query_operational_state,ok,,periodic,18,0,,,,,,,
2026-08-26T11:47:35.415-07:00,,query_sent,outbound,get_commodity,pending,,periodic,6,0,,,,,,,
2026-08-26T11:47:35.517-07:00,,link_ack,inbound,get_commodity,ack,,link_layer,6,,,,,,,,
2026-08-26T11:47:35.687-07:00,,intermediate_response,inbound,get_commodity,success,,device_response,6,128,,,,,0,success,
2026-08-26T11:47:35.730-07:00,,query_completed,outbound,get_commodity,ok,,periodic,6,0,,,,,0,success,
2026-08-26T11:47:35.731-07:00,,query_sent,outbound,query_operational_state,pending,,periodic,18,0,,,,,,,
2026-08-26T11:47:35.893-07:00,,link_ack,inbound,query_operational_state,ack,,link_layer,18,,,,,,,,
2026-08-26T11:47:36.016-07:00,,operational_state,inbound,query_operational_state,received,,device_response,19,6,,,6,Idle Heightened,,,
2026-08-26T11:47:36.057-07:00,,query_completed,outbound,query_operational_state,ok,,periodic,18,0,,,,,,,
2026-08-26T11:48:05.071-07:00,,query_sent,outbound,query_operational_state,pending,,periodic,18,0,,,,,,,
2026-08-26T11:48:05.174-07:00,,link_ack,inbound,query_operational_state,ack,,link_layer,18,,,,,,,,
2026-08-26T11:48:05.299-07:00,,operational_state,inbound,query_operational_state,received,,device_response,19,6,,,6,Idle Heightened,,,
2026-08-26T11:48:05.339-07:00,,query_completed,outbound,query_operational_state,ok,,periodic,18,0,,,,,,,
2026-08-26T11:48:35.354-07:00,,query_sent,outbound,get_commodity,pending,,periodic,6,0,,,,,,,
2026-08-26T11:48:35.459-07:00,,link_ack,inbound,get_commodity,ack,,link_layer,6,,,,,,,,
2026-08-26T11:48:35.628-07:00,,intermediate_response,inbound,get_commodity,success,,device_response,6,128,,,,,0,success,
2026-08-26T11:48:35.671-07:00,,query_completed,outbound,get_commodity,ok,,periodic,6,0,,,,,0,success,
2026-08-26T11:48:35.672-07:00,,query_sent,outbound,query_operational_state,pending,,periodic,18,0,,,,,,,
2026-08-26T11:48:35.833-07:00,,link_ack,inbound,query_operational_state,ack,,link_layer,18,,,,,,,,
2026-08-26T11:48:35.957-07:00,,operational_state,inbound,query_operational_state,received,,device_response,19,6,,,6,Idle Heightened,,,
2026-08-26T11:48:35.998-07:00,,query_completed,outbound,query_operational_state,ok,,periodic,18,0,,,,,,,
2026-08-26T11:49:05.012-07:00,,query_sent,outbound,query_operational_state,pending,,periodic,18,0,,,,,,,
2026-08-26T11:49:05.116-07:00,,link_ack,inbound,query_operational_state,ack,,link_layer,18,,,,,,,,
2026-08-26T11:49:05.239-07:00,,operational_state,inbound,query_operational_state,received,,device_response,19,6,,,6,Idle Heightened,,,
2026-08-26T11:49:05.280-07:00,,query_completed,outbound,query_operational_state,ok,,periodic,18,0,,,,,,,
2026-08-26T11:49:35.294-07:00,,query_sent,outbound,get_commodity,pending,,periodic,6,0,,,,,,,
2026-08-26T11:49:35.396-07:00,,link_ack,inbound,get_commodity,ack,,link_layer,6,,,,,,,,
2026-08-26T11:49:35.565-07:00,,intermediate_response,inbound,get_commodity,success,,device_response,6,128,,,,,0,success,
2026-08-26T11:49:35.609-07:00,,query_completed,outbound,get_commodity,ok,,periodic,6,0,,,,,0,success,
2026-08-26T11:49:35.609-07:00,,query_sent,outbound,query_operational_state,pending,,periodic,18,0,,,,,,,
2026-08-26T11:49:35.770-07:00,,link_ack,inbound,query_operational_state,ack,,link_layer,18,,,,,,,,
2026-08-26T11:49:35.894-07:00,,operational_state,inbound,query_operational_state,received,,device_response,19,6,,,6,Idle Heightened,,,
2026-08-26T11:49:35.935-07:00,,query_completed,outbound,query_operational_state,ok,,periodic,18,0,,,,,,,
2026-08-26T11:50:04.949-07:00,,query_sent,outbound,query_operational_state,pending,,periodic,18,0,,,,,,,
2026-08-26T11:50:05.053-07:00,,link_ack,inbound,query_operational_state,ack,,link_layer,18,,,,,,,,
2026-08-26T11:50:05.176-07:00,,operational_state,inbound,query_operational_state,received,,device_response,19,6,,,6,Idle Heightened,,,
2026-08-26T11:50:05.217-07:00,,query_completed,outbound,query_operational_state,ok,,periodic,18,0,,,,,,,
2026-08-26T11:50:35.230-07:00,,query_sent,outbound,get_commodity,pending,,periodic,6,0,,,,,,,
2026-08-26T11:50:35.331-07:00,,link_ack,inbound,get_commodity,ack,,link_layer,6,,,,,,,,
2026-08-26T11:50:35.501-07:00,,intermediate_response,inbound,get_commodity,success,,device_response,6,128,,,,,0,success,
2026-08-26T11:50:35.544-07:00,,query_completed,outbound,get_commodity,ok,,periodic,6,0,,,,,0,success,
2026-08-26T11:50:35.545-07:00,,query_sent,outbound,query_operational_state,pending,,periodic,18,0,,,,,,,
2026-08-26T11:50:35.707-07:00,,link_ack,inbound,query_operational_state,ack,,link_layer,18,,,,,,,,
2026-08-26T11:50:35.830-07:00,,operational_state,inbound,query_operational_state,received,,device_response,19,6,,,6,Idle Heightened,,,
2026-08-26T11:50:35.871-07:00,,query_completed,outbound,query_operational_state,ok,,periodic,18,0,,,,,,,
2026-08-26T11:51:04.885-07:00,,query_sent,outbound,query_operational_state,pending,,periodic,18,0,,,,,,,
2026-08-26T11:51:04.993-07:00,,link_ack,inbound,query_operational_state,ack,,link_layer,18,,,,,,,,
2026-08-26T11:51:05.116-07:00,,operational_state,inbound,query_operational_state,received,,device_response,19,6,,,6,Idle Heightened,,,
2026-08-26T11:51:05.157-07:00,,query_completed,outbound,query_operational_state,ok,,periodic,18,0,,,,,,,
2026-08-26T11:51:35.170-07:00,,query_sent,outbound,get_commodity,pending,,periodic,6,0,,,,,,,
2026-08-26T11:51:35.273-07:00,,link_ack,inbound,get_commodity,ack,,link_layer,6,,,,,,,,
2026-08-26T11:51:35.442-07:00,,intermediate_response,inbound,get_commodity,success,,device_response,6,128,,,,,0,success,
2026-08-26T11:51:35.485-07:00,,query_completed,outbound,get_commodity,ok,,periodic,6,0,,,,,0,success,
2026-08-26T11:51:35.486-07:00,,query_sent,outbound,query_operational_state,pending,,periodic,18,0,,,,,,,
2026-08-26T11:51:35.648-07:00,,link_ack,inbound,query_operational_state,ack,,link_layer,18,,,,,,,,
2026-08-26T11:51:35.771-07:00,,operational_state,inbound,query_operational_state,received,,device_response,19,6,,,6,Idle Heightened,,,
2026-08-26T11:51:35.812-07:00,,query_completed,outbound,query_operational_state,ok,,periodic,18,0,,,,,,,
2026-08-26T11:52:04.825-07:00,,query_sent,outbound,query_operational_state,pending,,periodic,18,0,,,,,,,
2026-08-26T11:52:04.930-07:00,,link_ack,inbound,query_operational_state,ack,,link_layer,18,,,,,,,,
2026-08-26T11:52:05.054-07:00,,operational_state,inbound,query_operational_state,received,,device_response,19,6,,,6,Idle Heightened,,,
2026-08-26T11:52:05.094-07:00,,query_completed,outbound,query_operational_state,ok,,periodic,18,0,,,,,,,
2026-08-26T11:52:35.108-07:00,,query_sent,outbound,get_commodity,pending,,periodic,6,0,,,,,,,
2026-08-26T11:52:35.210-07:00,,link_ack,inbound,get_commodity,ack,,link_layer,6,,,,,,,,
2026-08-26T11:52:35.379-07:00,,intermediate_response,inbound,get_commodity,success,,device_response,6,128,,,,,0,success,
2026-08-26T11:52:35.423-07:00,,query_completed,outbound,get_commodity,ok,,periodic,6,0,,,,,0,success,
2026-08-26T11:52:35.423-07:00,,query_sent,outbound,query_operational_state,pending,,periodic,18,0,,,,,,,
2026-08-26T11:52:35.585-07:00,,link_ack,inbound,query_operational_state,ack,,link_layer,18,,,,,,,,
2026-08-26T11:52:35.709-07:00,,operational_state,inbound,query_operational_state,received,,device_response,19,6,,,6,Idle Heightened,,,
2026-08-26T11:52:35.750-07:00,,query_completed,outbound,query_operational_state,ok,,periodic,18,0,,,,,,,
2026-08-26T11:53:04.763-07:00,,query_sent,outbound,query_operational_state,pending,,periodic,18,0,,,,,,,
2026-08-26T11:53:04.868-07:00,,link_ack,inbound,query_operational_state,ack,,link_layer,18,,,,,,,,
2026-08-26T11:53:04.991-07:00,,operational_state,inbound,query_operational_state,received,,device_response,19,6,,,6,Idle Heightened,,,
2026-08-26T11:53:05.032-07:00,,query_completed,outbound,query_operational_state,ok,,periodic,18,0,,,,,,,
2026-08-26T11:53:35.045-07:00,,query_sent,outbound,get_commodity,pending,,periodic,6,0,,,,,,,
2026-08-26T11:53:35.147-07:00,,link_ack,inbound,get_commodity,ack,,link_layer,6,,,,,,,,
2026-08-26T11:53:35.315-07:00,,intermediate_response,inbound,get_commodity,success,,device_response,6,128,,,,,0,success,
2026-08-26T11:53:35.359-07:00,,query_completed,outbound,get_commodity,ok,,periodic,6,0,,,,,0,success,
2026-08-26T11:53:35.359-07:00,,query_sent,outbound,query_operational_state,pending,,periodic,18,0,,,,,,,
2026-08-26T11:53:35.524-07:00,,link_ack,inbound,query_operational_state,ack,,link_layer,18,,,,,,,,
2026-08-26T11:53:35.647-07:00,,operational_state,inbound,query_operational_state,received,,device_response,19,6,,,6,Idle Heightened,,,
2026-08-26T11:53:35.688-07:00,,query_completed,outbound,query_operational_state,ok,,periodic,18,0,,,,,,,
2026-08-26T11:54:04.701-07:00,,query_sent,outbound,query_operational_state,pending,,periodic,18,0,,,,,,,
2026-08-26T11:54:04.807-07:00,,link_ack,inbound,query_operational_state,ack,,link_layer,18,,,,,,,,
2026-08-26T11:54:04.930-07:00,,operational_state,inbound,query_operational_state,received,,device_response,19,6,,,6,Idle Heightened,,,
2026-08-26T11:54:04.970-07:00,,query_completed,outbound,query_operational_state,ok,,periodic,18,0,,,,,,,
2026-08-26T11:54:34.985-07:00,,query_sent,outbound,get_commodity,pending,,periodic,6,0,,,,,,,
2026-08-26T11:54:35.087-07:00,,link_ack,inbound,get_commodity,ack,,link_layer,6,,,,,,,,
2026-08-26T11:54:35.258-07:00,,intermediate_response,inbound,get_commodity,success,,device_response,6,128,,,,,0,success,
2026-08-26T11:54:35.301-07:00,,query_completed,outbound,get_commodity,ok,,periodic,6,0,,,,,0,success,
2026-08-26T11:54:35.302-07:00,,query_sent,outbound,query_operational_state,pending,,periodic,18,0,,,,,,,
2026-08-26T11:54:35.465-07:00,,link_ack,inbound,query_operational_state,ack,,link_layer,18,,,,,,,,
2026-08-26T11:54:35.589-07:00,,operational_state,inbound,query_operational_state,received,,device_response,19,6,,,6,Idle Heightened,,,
2026-08-26T11:54:35.630-07:00,,query_completed,outbound,query_operational_state,ok,,periodic,18,0,,,,,,,
2026-08-26T11:55:04.643-07:00,,query_sent,outbound,query_operational_state,pending,,periodic,18,0,,,,,,,
2026-08-26T11:55:04.749-07:00,,link_ack,inbound,query_operational_state,ack,,link_layer,18,,,,,,,,
2026-08-26T11:55:04.871-07:00,,operational_state,inbound,query_operational_state,received,,device_response,19,6,,,6,Idle Heightened,,,
2026-08-26T11:55:04.912-07:00,,query_completed,outbound,query_operational_state,ok,,periodic,18,0,,,,,,,
2026-08-26T11:55:05.913-07:00,auto_outside_comm_heartbeat_05,command_sent,outbound,outside_communication1,pending,0,schedule,14,0,,,,,,,
2026-08-26T11:55:05.977-07:00,,link_ack,inbound,outside_communication,ack,,link_layer,14,,,,,,,,
2026-08-26T11:55:06.102-07:00,,application_ack,inbound,outside_communication,ack,,application_layer,3,14,,,,,,,
2026-08-26T11:55:06.142-07:00,auto_outside_comm_heartbeat_05,command_completed,outbound,outside_communication1,ok,0,schedule,14,0,,,,,,,
2026-08-26T11:55:35.155-07:00,,query_sent,outbound,get_commodity,pending,,periodic,6,0,,,,,,,
2026-08-26T11:55:35.257-07:00,,link_ack,inbound,get_commodity,ack,,link_layer,6,,,,,,,,
2026-08-26T11:55:35.425-07:00,,intermediate_response,inbound,get_commodity,success,,device_response,6,128,,,,,0,success,
2026-08-26T11:55:35.469-07:00,,query_completed,outbound,get_commodity,ok,,periodic,6,0,,,,,0,success,
2026-08-26T11:55:35.469-07:00,,query_sent,outbound,query_operational_state,pending,,periodic,18,0,,,,,,,
2026-08-26T11:55:35.631-07:00,,link_ack,inbound,query_operational_state,ack,,link_layer,18,,,,,,,,
2026-08-26T11:55:35.755-07:00,,operational_state,inbound,query_operational_state,received,,device_response,19,6,,,6,Idle Heightened,,,
2026-08-26T11:55:35.795-07:00,,query_completed,outbound,query_operational_state,ok,,periodic,18,0,,,,,,,
2026-08-26T11:56:04.809-07:00,,query_sent,outbound,query_operational_state,pending,,periodic,18,0,,,,,,,
2026-08-26T11:56:04.913-07:00,,link_ack,inbound,query_operational_state,ack,,link_layer,18,,,,,,,,
2026-08-26T11:56:05.037-07:00,,operational_state,inbound,query_operational_state,received,,device_response,19,6,,,6,Idle Heightened,,,
2026-08-26T11:56:05.078-07:00,,query_completed,outbound,query_operational_state,ok,,periodic,18,0,,,,,,,
2026-08-26T11:56:35.091-07:00,,query_sent,outbound,get_commodity,pending,,periodic,6,0,,,,,,,
2026-08-26T11:56:35.198-07:00,,link_ack,inbound,get_commodity,ack,,link_layer,6,,,,,,,,
2026-08-26T11:56:35.368-07:00,,intermediate_response,inbound,get_commodity,success,,device_response,6,128,,,,,0,success,
2026-08-26T11:56:35.412-07:00,,query_completed,outbound,get_commodity,ok,,periodic,6,0,,,,,0,success,
2026-08-26T11:56:35.412-07:00,,query_sent,outbound,query_operational_state,pending,,periodic,18,0,,,,,,,
2026-08-26T11:56:35.576-07:00,,link_ack,inbound,query_operational_state,ack,,link_layer,18,,,,,,,,
2026-08-26T11:56:35.699-07:00,,operational_state,inbound,query_operational_state,received,,device_response,19,6,,,6,Idle Heightened,,,
2026-08-26T11:56:35.740-07:00,,query_completed,outbound,query_operational_state,ok,,periodic,18,0,,,,,,,
2026-08-26T11:57:04.753-07:00,,query_sent,outbound,query_operational_state,pending,,periodic,18,0,,,,,,,
2026-08-26T11:57:04.859-07:00,,link_ack,inbound,query_operational_state,ack,,link_layer,18,,,,,,,,
2026-08-26T11:57:04.982-07:00,,operational_state,inbound,query_operational_state,received,,device_response,19,6,,,6,Idle Heightened,,,
2026-08-26T11:57:05.022-07:00,,query_completed,outbound,query_operational_state,ok,,periodic,18,0,,,,,,,
2026-08-26T11:57:35.035-07:00,,query_sent,outbound,get_commodity,pending,,periodic,6,0,,,,,,,
2026-08-26T11:57:35.139-07:00,,link_ack,inbound,get_commodity,ack,,link_layer,6,,,,,,,,
2026-08-26T11:57:35.308-07:00,,intermediate_response,inbound,get_commodity,success,,device_response,6,128,,,,,0,success,
2026-08-26T11:57:35.351-07:00,,query_completed,outbound,get_commodity,ok,,periodic,6,0,,,,,0,success,
2026-08-26T11:57:35.352-07:00,,query_sent,outbound,query_operational_state,pending,,periodic,18,0,,,,,,,
2026-08-26T11:57:35.513-07:00,,link_ack,inbound,query_operational_state,ack,,link_layer,18,,,,,,,,
2026-08-26T11:57:35.638-07:00,,operational_state,inbound,query_operational_state,received,,device_response,19,6,,,6,Idle Heightened,,,
2026-08-26T11:57:35.679-07:00,,query_completed,outbound,query_operational_state,ok,,periodic,18,0,,,,,,,
2026-08-26T11:58:04.692-07:00,,query_sent,outbound,query_operational_state,pending,,periodic,18,0,,,,,,,
2026-08-26T11:58:04.796-07:00,,link_ack,inbound,query_operational_state,ack,,link_layer,18,,,,,,,,
2026-08-26T11:58:04.920-07:00,,operational_state,inbound,query_operational_state,received,,device_response,19,6,,,6,Idle Heightened,,,
2026-08-26T11:58:04.961-07:00,,query_completed,outbound,query_operational_state,ok,,periodic,18,0,,,,,,,
2026-08-26T11:58:34.973-07:00,,query_sent,outbound,get_commodity,pending,,periodic,6,0,,,,,,,
2026-08-26T11:58:35.077-07:00,,link_ack,inbound,get_commodity,ack,,link_layer,6,,,,,,,,
2026-08-26T11:58:35.246-07:00,,intermediate_response,inbound,get_commodity,success,,device_response,6,128,,,,,0,success,
2026-08-26T11:58:35.290-07:00,,query_completed,outbound,get_commodity,ok,,periodic,6,0,,,,,0,success,
2026-08-26T11:58:35.290-07:00,,query_sent,outbound,query_operational_state,pending,,periodic,18,0,,,,,,,
2026-08-26T11:58:35.452-07:00,,link_ack,inbound,query_operational_state,ack,,link_layer,18,,,,,,,,
2026-08-26T11:58:35.575-07:00,,operational_state,inbound,query_operational_state,received,,device_response,19,6,,,6,Idle Heightened,,,
2026-08-26T11:58:35.616-07:00,,query_completed,outbound,query_operational_state,ok,,periodic,18,0,,,,,,,
2026-08-26T11:59:04.632-07:00,,query_sent,outbound,query_operational_state,pending,,periodic,18,0,,,,,,,
2026-08-26T11:59:04.737-07:00,,link_ack,inbound,query_operational_state,ack,,link_layer,18,,,,,,,,
2026-08-26T11:59:04.860-07:00,,operational_state,inbound,query_operational_state,received,,device_response,19,6,,,6,Idle Heightened,,,
2026-08-26T11:59:04.900-07:00,,query_completed,outbound,query_operational_state,ok,,periodic,18,0,,,,,,,
2026-08-26T11:59:34.914-07:00,,query_sent,outbound,get_commodity,pending,,periodic,6,0,,,,,,,
2026-08-26T11:59:35.018-07:00,,link_ack,inbound,get_commodity,ack,,link_layer,6,,,,,,,,
2026-08-26T11:59:35.187-07:00,,intermediate_response,inbound,get_commodity,success,,device_response,6,128,,,,,0,success,
2026-08-26T11:59:35.230-07:00,,query_completed,outbound,get_commodity,ok,,periodic,6,0,,,,,0,success,
2026-08-26T11:59:35.230-07:00,,query_sent,outbound,query_operational_state,pending,,periodic,18,0,,,,,,,
2026-08-26T11:59:35.392-07:00,,link_ack,inbound,query_operational_state,ack,,link_layer,18,,,,,,,,
2026-08-26T11:59:35.516-07:00,,operational_state,inbound,query_operational_state,received,,device_response,19,6,,,6,Idle Heightened,,,
2026-08-26T11:59:35.557-07:00,,query_completed,outbound,query_operational_state,ok,,periodic,18,0,,,,,,,
2026-08-26T12:00:04.570-07:00,,query_sent,outbound,query_operational_state,pending,,periodic,18,0,,,,,,,
2026-08-26T12:00:04.675-07:00,,link_ack,inbound,query_operational_state,ack,,link_layer,18,,,,,,,,
2026-08-26T12:00:04.798-07:00,,operational_state,inbound,query_operational_state,received,,device_response,19,6,,,6,Idle Heightened,,,
2026-08-26T12:00:04.839-07:00,,query_completed,outbound,query_operational_state,ok,,periodic,18,0,,,,,,,
2026-08-26T12:00:34.851-07:00,,query_sent,outbound,get_commodity,pending,,periodic,6,0,,,,,,,
2026-08-26T12:00:34.957-07:00,,link_ack,inbound,get_commodity,ack,,link_layer,6,,,,,,,,
2026-08-26T12:00:35.125-07:00,,intermediate_response,inbound,get_commodity,success,,device_response,6,128,,,,,0,success,
2026-08-26T12:00:35.169-07:00,,query_completed,outbound,get_commodity,ok,,periodic,6,0,,,,,0,success,
2026-08-26T12:00:35.169-07:00,,query_sent,outbound,query_operational_state,pending,,periodic,18,0,,,,,,,
2026-08-26T12:00:35.333-07:00,,link_ack,inbound,query_operational_state,ack,,link_layer,18,,,,,,,,
2026-08-26T12:00:35.456-07:00,,operational_state,inbound,query_operational_state,received,,device_response,19,6,,,6,Idle Heightened,,,
2026-08-26T12:00:35.496-07:00,,query_completed,outbound,query_operational_state,ok,,periodic,18,0,,,,,,,
2026-08-26T12:01:04.509-07:00,,query_sent,outbound,query_operational_state,pending,,periodic,18,0,,,,,,,
2026-08-26T12:01:04.615-07:00,,link_ack,inbound,query_operational_state,ack,,link_layer,18,,,,,,,,
2026-08-26T12:01:04.739-07:00,,operational_state,inbound,query_operational_state,received,,device_response,19,6,,,6,Idle Heightened,,,
2026-08-26T12:01:04.779-07:00,,query_completed,outbound,query_operational_state,ok,,periodic,18,0,,,,,,,
2026-08-26T12:01:34.792-07:00,,query_sent,outbound,get_commodity,pending,,periodic,6,0,,,,,,,
2026-08-26T12:01:34.897-07:00,,link_ack,inbound,get_commodity,ack,,link_layer,6,,,,,,,,
2026-08-26T12:01:35.066-07:00,,intermediate_response,inbound,get_commodity,success,,device_response,6,128,,,,,0,success,
2026-08-26T12:01:35.110-07:00,,query_completed,outbound,get_commodity,ok,,periodic,6,0,,,,,0,success,
2026-08-26T12:01:35.110-07:00,,query_sent,outbound,query_operational_state,pending,,periodic,18,0,,,,,,,
2026-08-26T12:01:35.271-07:00,,link_ack,inbound,query_operational_state,ack,,link_layer,18,,,,,,,,
2026-08-26T12:01:35.395-07:00,,operational_state,inbound,query_operational_state,received,,device_response,19,6,,,6,Idle Heightened,,,
2026-08-26T12:01:35.436-07:00,,query_completed,outbound,query_operational_state,ok,,periodic,18,0,,,,,,,
2026-08-26T12:02:05.449-07:00,,query_sent,outbound,query_operational_state,pending,,periodic,18,0,,,,,,,
2026-08-26T12:02:05.557-07:00,,link_ack,inbound,query_operational_state,ack,,link_layer,18,,,,,,,,
2026-08-26T12:02:05.682-07:00,,operational_state,inbound,query_operational_state,received,,device_response,19,6,,,6,Idle Heightened,,,
2026-08-26T12:02:05.722-07:00,,query_completed,outbound,query_operational_state,ok,,periodic,18,0,,,,,,,
2026-08-26T12:02:34.735-07:00,,query_sent,outbound,get_commodity,pending,,periodic,6,0,,,,,,,
2026-08-26T12:02:34.840-07:00,,link_ack,inbound,get_commodity,ack,,link_layer,6,,,,,,,,
2026-08-26T12:02:35.009-07:00,,intermediate_response,inbound,get_commodity,success,,device_response,6,128,,,,,0,success,
2026-08-26T12:02:35.052-07:00,,query_completed,outbound,get_commodity,ok,,periodic,6,0,,,,,0,success,
2026-08-26T12:02:35.053-07:00,,query_sent,outbound,query_operational_state,pending,,periodic,18,0,,,,,,,
2026-08-26T12:02:35.215-07:00,,link_ack,inbound,query_operational_state,ack,,link_layer,18,,,,,,,,
2026-08-26T12:02:35.338-07:00,,operational_state,inbound,query_operational_state,received,,device_response,19,6,,,6,Idle Heightened,,,
2026-08-26T12:02:35.379-07:00,,query_completed,outbound,query_operational_state,ok,,periodic,18,0,,,,,,,
2026-08-26T12:03:05.392-07:00,,query_sent,outbound,query_operational_state,pending,,periodic,18,0,,,,,,,
2026-08-26T12:03:05.499-07:00,,link_ack,inbound,query_operational_state,ack,,link_layer,18,,,,,,,,
2026-08-26T12:03:05.624-07:00,,operational_state,inbound,query_operational_state,received,,device_response,19,6,,,6,Idle Heightened,,,
2026-08-26T12:03:05.664-07:00,,query_completed,outbound,query_operational_state,ok,,periodic,18,0,,,,,,,
2026-08-26T12:03:34.677-07:00,,query_sent,outbound,get_commodity,pending,,periodic,6,0,,,,,,,
2026-08-26T12:03:34.780-07:00,,link_ack,inbound,get_commodity,ack,,link_layer,6,,,,,,,,
2026-08-26T12:03:34.949-07:00,,intermediate_response,inbound,get_commodity,success,,device_response,6,128,,,,,0,success,
2026-08-26T12:03:34.993-07:00,,query_completed,outbound,get_commodity,ok,,periodic,6,0,,,,,0,success,
2026-08-26T12:03:34.993-07:00,,query_sent,outbound,query_operational_state,pending,,periodic,18,0,,,,,,,
2026-08-26T12:03:35.155-07:00,,link_ack,inbound,query_operational_state,ack,,link_layer,18,,,,,,,,
2026-08-26T12:03:35.279-07:00,,operational_state,inbound,query_operational_state,received,,device_response,19,6,,,6,Idle Heightened,,,
2026-08-26T12:03:35.319-07:00,,query_completed,outbound,query_operational_state,ok,,periodic,18,0,,,,,,,
2026-08-26T12:04:05.333-07:00,,query_sent,outbound,query_operational_state,pending,,periodic,18,0,,,,,,,
2026-08-26T12:04:05.441-07:00,,link_ack,inbound,query_operational_state,ack,,link_layer,18,,,,,,,,
2026-08-26T12:04:05.564-07:00,,operational_state,inbound,query_operational_state,received,,device_response,19,6,,,6,Idle Heightened,,,
2026-08-26T12:04:05.605-07:00,,query_completed,outbound,query_operational_state,ok,,periodic,18,0,,,,,,,
2026-08-26T12:04:34.617-07:00,,query_sent,outbound,get_commodity,pending,,periodic,6,0,,,,,,,
2026-08-26T12:04:34.719-07:00,,link_ack,inbound,get_commodity,ack,,link_layer,6,,,,,,,,
2026-08-26T12:04:34.887-07:00,,intermediate_response,inbound,get_commodity,success,,device_response,6,128,,,,,0,success,
2026-08-26T12:04:34.931-07:00,,query_completed,outbound,get_commodity,ok,,periodic,6,0,,,,,0,success,
2026-08-26T12:04:34.931-07:00,,query_sent,outbound,query_operational_state,pending,,periodic,18,0,,,,,,,
2026-08-26T12:04:35.092-07:00,,link_ack,inbound,query_operational_state,ack,,link_layer,18,,,,,,,,
2026-08-26T12:04:35.216-07:00,,operational_state,inbound,query_operational_state,received,,device_response,19,6,,,6,Idle Heightened,,,
2026-08-26T12:04:35.257-07:00,,query_completed,outbound,query_operational_state,ok,,periodic,18,0,,,,,,,
2026-08-26T12:05:05.270-07:00,,query_sent,outbound,query_operational_state,pending,,periodic,18,0,,,,,,,
2026-08-26T12:05:05.376-07:00,,link_ack,inbound,query_operational_state,ack,,link_layer,18,,,,,,,,
2026-08-26T12:05:05.498-07:00,,operational_state,inbound,query_operational_state,received,,device_response,19,6,,,6,Idle Heightened,,,
2026-08-26T12:05:05.539-07:00,,query_completed,outbound,query_operational_state,ok,,periodic,18,0,,,,,,,
2026-08-26T12:05:34.552-07:00,,query_sent,outbound,get_commodity,pending,,periodic,6,0,,,,,,,
2026-08-26T12:05:34.658-07:00,,link_ack,inbound,get_commodity,ack,,link_layer,6,,,,,,,,
2026-08-26T12:05:34.826-07:00,,intermediate_response,inbound,get_commodity,success,,device_response,6,128,,,,,0,success,
2026-08-26T12:05:34.870-07:00,,query_completed,outbound,get_commodity,ok,,periodic,6,0,,,,,0,success,
2026-08-26T12:05:34.870-07:00,,query_sent,outbound,query_operational_state,pending,,periodic,18,0,,,,,,,
2026-08-26T12:05:35.032-07:00,,link_ack,inbound,query_operational_state,ack,,link_layer,18,,,,,,,,
2026-08-26T12:05:35.156-07:00,,operational_state,inbound,query_operational_state,received,,device_response,19,6,,,6,Idle Heightened,,,
2026-08-26T12:05:35.197-07:00,,query_completed,outbound,query_operational_state,ok,,periodic,18,0,,,,,,,
2026-08-26T12:06:05.211-07:00,,query_sent,outbound,query_operational_state,pending,,periodic,18,0,,,,,,,
2026-08-26T12:06:05.318-07:00,,link_ack,inbound,query_operational_state,ack,,link_layer,18,,,,,,,,
2026-08-26T12:06:05.441-07:00,,operational_state,inbound,query_operational_state,received,,device_response,19,6,,,6,Idle Heightened,,,
2026-08-26T12:06:05.482-07:00,,query_completed,outbound,query_operational_state,ok,,periodic,18,0,,,,,,,
2026-08-26T12:06:34.494-07:00,,query_sent,outbound,get_commodity,pending,,periodic,6,0,,,,,,,
2026-08-26T12:06:34.597-07:00,,link_ack,inbound,get_commodity,ack,,link_layer,6,,,,,,,,
2026-08-26T12:06:34.764-07:00,,intermediate_response,inbound,get_commodity,success,,device_response,6,128,,,,,0,success,
2026-08-26T12:06:34.808-07:00,,query_completed,outbound,get_commodity,ok,,periodic,6,0,,,,,0,success,
2026-08-26T12:06:34.808-07:00,,query_sent,outbound,query_operational_state,pending,,periodic,18,0,,,,,,,
2026-08-26T12:06:34.973-07:00,,link_ack,inbound,query_operational_state,ack,,link_layer,18,,,,,,,,
2026-08-26T12:06:35.096-07:00,,operational_state,inbound,query_operational_state,received,,device_response,19,6,,,6,Idle Heightened,,,
2026-08-26T12:06:35.136-07:00,,query_completed,outbound,query_operational_state,ok,,periodic,18,0,,,,,,,
2026-08-26T12:07:05.150-07:00,,query_sent,outbound,query_operational_state,pending,,periodic,18,0,,,,,,,
2026-08-26T12:07:05.256-07:00,,link_ack,inbound,query_operational_state,ack,,link_layer,18,,,,,,,,
2026-08-26T12:07:05.379-07:00,,operational_state,inbound,query_operational_state,received,,device_response,19,6,,,6,Idle Heightened,,,
2026-08-26T12:07:05.420-07:00,,query_completed,outbound,query_operational_state,ok,,periodic,18,0,,,,,,,
2026-08-26T12:07:35.433-07:00,,query_sent,outbound,get_commodity,pending,,periodic,6,0,,,,,,,
2026-08-26T12:07:35.537-07:00,,link_ack,inbound,get_commodity,ack,,link_layer,6,,,,,,,,
2026-08-26T12:07:35.705-07:00,,intermediate_response,inbound,get_commodity,success,,device_response,6,128,,,,,0,success,
2026-08-26T12:07:35.749-07:00,,query_completed,outbound,get_commodity,ok,,periodic,6,0,,,,,0,success,
2026-08-26T12:07:35.749-07:00,,query_sent,outbound,query_operational_state,pending,,periodic,18,0,,,,,,,
2026-08-26T12:07:35.914-07:00,,link_ack,inbound,query_operational_state,ack,,link_layer,18,,,,,,,,
2026-08-26T12:07:36.036-07:00,,operational_state,inbound,query_operational_state,received,,device_response,19,6,,,6,Idle Heightened,,,
2026-08-26T12:07:36.077-07:00,,query_completed,outbound,query_operational_state,ok,,periodic,18,0,,,,,,,
2026-08-26T12:08:05.091-07:00,,query_sent,outbound,query_operational_state,pending,,periodic,18,0,,,,,,,
2026-08-26T12:08:05.196-07:00,,link_ack,inbound,query_operational_state,ack,,link_layer,18,,,,,,,,
2026-08-26T12:08:05.320-07:00,,operational_state,inbound,query_operational_state,received,,device_response,19,6,,,6,Idle Heightened,,,
2026-08-26T12:08:05.360-07:00,,query_completed,outbound,query_operational_state,ok,,periodic,18,0,,,,,,,
2026-08-26T12:08:35.374-07:00,auto_outside_comm_heartbeat_06,command_sent,outbound,outside_communication1,pending,0,schedule,14,0,,,,,,,
2026-08-26T12:08:35.479-07:00,,link_ack,inbound,outside_communication,ack,,link_layer,14,,,,,,,,
2026-08-26T12:08:35.603-07:00,,application_ack,inbound,outside_communication,ack,,application_layer,3,14,,,,,,,
2026-08-26T12:08:35.643-07:00,auto_outside_comm_heartbeat_06,command_completed,outbound,outside_communication1,ok,0,schedule,14,0,,,,,,,
2026-08-26T12:08:35.645-07:00,,query_sent,outbound,get_commodity,pending,,periodic,6,0,,,,,,,
2026-08-26T12:08:35.807-07:00,,link_ack,inbound,get_commodity,ack,,link_layer,6,,,,,,,,
2026-08-26T12:08:35.976-07:00,,intermediate_response,inbound,get_commodity,success,,device_response,6,128,,,,,0,success,
2026-08-26T12:08:36.019-07:00,,query_completed,outbound,get_commodity,ok,,periodic,6,0,,,,,0,success,
2026-08-26T12:08:36.020-07:00,,query_sent,outbound,query_operational_state,pending,,periodic,18,0,,,,,,,
2026-08-26T12:08:36.182-07:00,,link_ack,inbound,query_operational_state,ack,,link_layer,18,,,,,,,,
2026-08-26T12:08:36.305-07:00,,operational_state,inbound,query_operational_state,received,,device_response,19,6,,,6,Idle Heightened,,,
2026-08-26T12:08:36.346-07:00,,query_completed,outbound,query_operational_state,ok,,periodic,18,0,,,,,,,
2026-08-26T12:09:05.359-07:00,,query_sent,outbound,query_operational_state,pending,,periodic,18,0,,,,,,,
2026-08-26T12:09:05.459-07:00,,link_ack,inbound,query_operational_state,ack,,link_layer,18,,,,,,,,
2026-08-26T12:09:05.582-07:00,,operational_state,inbound,query_operational_state,received,,device_response,19,6,,,6,Idle Heightened,,,
2026-08-26T12:09:05.623-07:00,,query_completed,outbound,query_operational_state,ok,,periodic,18,0,,,,,,,
2026-08-26T12:09:34.635-07:00,,query_sent,outbound,get_commodity,pending,,periodic,6,0,,,,,,,
2026-08-26T12:09:34.736-07:00,,link_ack,inbound,get_commodity,ack,,link_layer,6,,,,,,,,
2026-08-26T12:09:34.905-07:00,,intermediate_response,inbound,get_commodity,success,,device_response,6,128,,,,,0,success,
2026-08-26T12:09:34.948-07:00,,query_completed,outbound,get_commodity,ok,,periodic,6,0,,,,,0,success,
2026-08-26T12:09:34.948-07:00,,query_sent,outbound,query_operational_state,pending,,periodic,18,0,,,,,,,
2026-08-26T12:09:35.110-07:00,,link_ack,inbound,query_operational_state,ack,,link_layer,18,,,,,,,,
2026-08-26T12:09:35.235-07:00,,operational_state,inbound,query_operational_state,received,,device_response,19,6,,,6,Idle Heightened,,,
2026-08-26T12:09:35.276-07:00,,query_completed,outbound,query_operational_state,ok,,periodic,18,0,,,,,,,
2026-08-26T12:10:05.289-07:00,,query_sent,outbound,query_operational_state,pending,,periodic,18,0,,,,,,,
2026-08-26T12:10:05.397-07:00,,link_ack,inbound,query_operational_state,ack,,link_layer,18,,,,,,,,
2026-08-26T12:10:05.520-07:00,,operational_state,inbound,query_operational_state,received,,device_response,19,6,,,6,Idle Heightened,,,
2026-08-26T12:10:05.560-07:00,,query_completed,outbound,query_operational_state,ok,,periodic,18,0,,,,,,,
2026-08-26T12:10:34.572-07:00,,query_sent,outbound,get_commodity,pending,,periodic,6,0,,,,,,,
2026-08-26T12:10:34.672-07:00,,link_ack,inbound,get_commodity,ack,,link_layer,6,,,,,,,,
2026-08-26T12:10:34.841-07:00,,intermediate_response,inbound,get_commodity,success,,device_response,6,128,,,,,0,success,
2026-08-26T12:10:34.884-07:00,,query_completed,outbound,get_commodity,ok,,periodic,6,0,,,,,0,success,
2026-08-26T12:10:34.885-07:00,,query_sent,outbound,query_operational_state,pending,,periodic,18,0,,,,,,,
2026-08-26T12:10:35.047-07:00,,link_ack,inbound,query_operational_state,ack,,link_layer,18,,,,,,,,
2026-08-26T12:10:35.170-07:00,,operational_state,inbound,query_operational_state,received,,device_response,19,6,,,6,Idle Heightened,,,
2026-08-26T12:10:35.211-07:00,,query_completed,outbound,query_operational_state,ok,,periodic,18,0,,,,,,,
2026-08-26T12:11:05.224-07:00,,query_sent,outbound,query_operational_state,pending,,periodic,18,0,,,,,,,
2026-08-26T12:11:05.329-07:00,,link_ack,inbound,query_operational_state,ack,,link_layer,18,,,,,,,,
2026-08-26T12:11:05.453-07:00,,operational_state,inbound,query_operational_state,received,,device_response,19,6,,,6,Idle Heightened,,,
2026-08-26T12:11:05.493-07:00,,query_completed,outbound,query_operational_state,ok,,periodic,18,0,,,,,,,
2026-08-26T12:11:34.505-07:00,,query_sent,outbound,get_commodity,pending,,periodic,6,0,,,,,,,
2026-08-26T12:11:34.607-07:00,,link_ack,inbound,get_commodity,ack,,link_layer,6,,,,,,,,
2026-08-26T12:11:34.776-07:00,,intermediate_response,inbound,get_commodity,success,,device_response,6,128,,,,,0,success,
2026-08-26T12:11:34.820-07:00,,query_completed,outbound,get_commodity,ok,,periodic,6,0,,,,,0,success,
2026-08-26T12:11:34.820-07:00,,query_sent,outbound,query_operational_state,pending,,periodic,18,0,,,,,,,
2026-08-26T12:11:34.982-07:00,,link_ack,inbound,query_operational_state,ack,,link_layer,18,,,,,,,,
2026-08-26T12:11:35.105-07:00,,operational_state,inbound,query_operational_state,received,,device_response,19,6,,,6,Idle Heightened,,,
2026-08-26T12:11:35.146-07:00,,query_completed,outbound,query_operational_state,ok,,periodic,18,0,,,,,,,
2026-08-26T12:12:05.159-07:00,,query_sent,outbound,query_operational_state,pending,,periodic,18,0,,,,,,,
2026-08-26T12:12:05.265-07:00,,link_ack,inbound,query_operational_state,ack,,link_layer,18,,,,,,,,
2026-08-26T12:12:05.390-07:00,,operational_state,inbound,query_operational_state,received,,device_response,19,6,,,6,Idle Heightened,,,
2026-08-26T12:12:05.430-07:00,,query_completed,outbound,query_operational_state,ok,,periodic,18,0,,,,,,,
2026-08-26T12:12:35.443-07:00,,query_sent,outbound,get_commodity,pending,,periodic,6,0,,,,,,,
2026-08-26T12:12:35.548-07:00,,link_ack,inbound,get_commodity,ack,,link_layer,6,,,,,,,,
2026-08-26T12:12:35.717-07:00,,intermediate_response,inbound,get_commodity,success,,device_response,6,128,,,,,0,success,
2026-08-26T12:12:35.760-07:00,,query_completed,outbound,get_commodity,ok,,periodic,6,0,,,,,0,success,
2026-08-26T12:12:35.760-07:00,,query_sent,outbound,query_operational_state,pending,,periodic,18,0,,,,,,,
2026-08-26T12:12:35.922-07:00,,link_ack,inbound,query_operational_state,ack,,link_layer,18,,,,,,,,
2026-08-26T12:12:36.046-07:00,,operational_state,inbound,query_operational_state,received,,device_response,19,6,,,6,Idle Heightened,,,
2026-08-26T12:12:36.087-07:00,,query_completed,outbound,query_operational_state,ok,,periodic,18,0,,,,,,,
2026-08-26T12:13:05.100-07:00,,query_sent,outbound,query_operational_state,pending,,periodic,18,0,,,,,,,
2026-08-26T12:13:05.207-07:00,,link_ack,inbound,query_operational_state,ack,,link_layer,18,,,,,,,,
2026-08-26T12:13:05.330-07:00,,operational_state,inbound,query_operational_state,received,,device_response,19,6,,,6,Idle Heightened,,,
2026-08-26T12:13:05.371-07:00,,query_completed,outbound,query_operational_state,ok,,periodic,18,0,,,,,,,
2026-08-26T12:13:35.384-07:00,,query_sent,outbound,get_commodity,pending,,periodic,6,0,,,,,,,
2026-08-26T12:13:35.491-07:00,,link_ack,inbound,get_commodity,ack,,link_layer,6,,,,,,,,
2026-08-26T12:13:35.659-07:00,,intermediate_response,inbound,get_commodity,success,,device_response,6,128,,,,,0,success,
2026-08-26T12:13:35.703-07:00,,query_completed,outbound,get_commodity,ok,,periodic,6,0,,,,,0,success,
2026-08-26T12:13:35.703-07:00,,query_sent,outbound,query_operational_state,pending,,periodic,18,0,,,,,,,
2026-08-26T12:13:35.865-07:00,,link_ack,inbound,query_operational_state,ack,,link_layer,18,,,,,,,,
2026-08-26T12:13:35.988-07:00,,operational_state,inbound,query_operational_state,received,,device_response,19,6,,,6,Idle Heightened,,,
2026-08-26T12:13:36.029-07:00,,query_completed,outbound,query_operational_state,ok,,periodic,18,0,,,,,,,
2026-08-26T12:14:05.042-07:00,,query_sent,outbound,query_operational_state,pending,,periodic,18,0,,,,,,,
2026-08-26T12:14:05.145-07:00,,link_ack,inbound,query_operational_state,ack,,link_layer,18,,,,,,,,
2026-08-26T12:14:05.268-07:00,,operational_state,inbound,query_operational_state,received,,device_response,19,6,,,6,Idle Heightened,,,
2026-08-26T12:14:05.309-07:00,,query_completed,outbound,query_operational_state,ok,,periodic,18,0,,,,,,,
2026-08-26T12:14:35.322-07:00,,query_sent,outbound,get_commodity,pending,,periodic,6,0,,,,,,,
2026-08-26T12:14:35.425-07:00,,link_ack,inbound,get_commodity,ack,,link_layer,6,,,,,,,,
2026-08-26T12:14:35.594-07:00,,intermediate_response,inbound,get_commodity,success,,device_response,6,128,,,,,0,success,
2026-08-26T12:14:35.638-07:00,,query_completed,outbound,get_commodity,ok,,periodic,6,0,,,,,0,success,
2026-08-26T12:14:35.638-07:00,,query_sent,outbound,query_operational_state,pending,,periodic,18,0,,,,,,,
2026-08-26T12:14:35.800-07:00,,link_ack,inbound,query_operational_state,ack,,link_layer,18,,,,,,,,
2026-08-26T12:14:35.923-07:00,,operational_state,inbound,query_operational_state,received,,device_response,19,6,,,6,Idle Heightened,,,
2026-08-26T12:14:35.964-07:00,,query_completed,outbound,query_operational_state,ok,,periodic,18,0,,,,,,,
2026-08-26T12:15:04.977-07:00,,query_sent,outbound,query_operational_state,pending,,periodic,18,0,,,,,,,
2026-08-26T12:15:05.078-07:00,,link_ack,inbound,query_operational_state,ack,,link_layer,18,,,,,,,,
2026-08-26T12:15:05.202-07:00,,operational_state,inbound,query_operational_state,received,,device_response,19,6,,,6,Idle Heightened,,,
2026-08-26T12:15:05.243-07:00,,query_completed,outbound,query_operational_state,ok,,periodic,18,0,,,,,,,
2026-08-26T12:15:35.255-07:00,,query_sent,outbound,get_commodity,pending,,periodic,6,0,,,,,,,
2026-08-26T12:15:35.361-07:00,,link_ack,inbound,get_commodity,ack,,link_layer,6,,,,,,,,
2026-08-26T12:15:35.529-07:00,,intermediate_response,inbound,get_commodity,success,,device_response,6,128,,,,,0,success,
2026-08-26T12:15:35.573-07:00,,query_completed,outbound,get_commodity,ok,,periodic,6,0,,,,,0,success,
2026-08-26T12:15:35.573-07:00,,query_sent,outbound,query_operational_state,pending,,periodic,18,0,,,,,,,
2026-08-26T12:15:35.735-07:00,,link_ack,inbound,query_operational_state,ack,,link_layer,18,,,,,,,,
2026-08-26T12:15:35.858-07:00,,operational_state,inbound,query_operational_state,received,,device_response,19,6,,,6,Idle Heightened,,,
2026-08-26T12:15:35.899-07:00,,query_completed,outbound,query_operational_state,ok,,periodic,18,0,,,,,,,
2026-08-26T12:16:04.912-07:00,,query_sent,outbound,query_operational_state,pending,,periodic,18,0,,,,,,,
2026-08-26T12:16:05.019-07:00,,link_ack,inbound,query_operational_state,ack,,link_layer,18,,,,,,,,
2026-08-26T12:16:05.143-07:00,,operational_state,inbound,query_operational_state,received,,device_response,19,6,,,6,Idle Heightened,,,
2026-08-26T12:16:05.184-07:00,,query_completed,outbound,query_operational_state,ok,,periodic,18,0,,,,,,,
2026-08-26T12:16:35.196-07:00,,query_sent,outbound,get_commodity,pending,,periodic,6,0,,,,,,,
2026-08-26T12:16:35.302-07:00,,link_ack,inbound,get_commodity,ack,,link_layer,6,,,,,,,,
2026-08-26T12:16:35.470-07:00,,intermediate_response,inbound,get_commodity,success,,device_response,6,128,,,,,0,success,
2026-08-26T12:16:35.514-07:00,,query_completed,outbound,get_commodity,ok,,periodic,6,0,,,,,0,success,
2026-08-26T12:16:35.514-07:00,,query_sent,outbound,query_operational_state,pending,,periodic,18,0,,,,,,,
2026-08-26T12:16:35.676-07:00,,link_ack,inbound,query_operational_state,ack,,link_layer,18,,,,,,,,
2026-08-26T12:16:35.801-07:00,,operational_state,inbound,query_operational_state,received,,device_response,19,6,,,6,Idle Heightened,,,
2026-08-26T12:16:35.841-07:00,,query_completed,outbound,query_operational_state,ok,,periodic,18,0,,,,,,,
2026-08-26T12:17:04.854-07:00,,query_sent,outbound,query_operational_state,pending,,periodic,18,0,,,,,,,
2026-08-26T12:17:04.959-07:00,,link_ack,inbound,query_operational_state,ack,,link_layer,18,,,,,,,,
2026-08-26T12:17:05.083-07:00,,operational_state,inbound,query_operational_state,received,,device_response,19,6,,,6,Idle Heightened,,,
2026-08-26T12:17:05.123-07:00,,query_completed,outbound,query_operational_state,ok,,periodic,18,0,,,,,,,
2026-08-26T12:17:35.137-07:00,auto_outside_comm_for_run_normal_1,command_sent,outbound,outside_communication1,pending,0,schedule,14,0,,,,,,,
2026-08-26T12:17:35.245-07:00,,link_ack,inbound,outside_communication,ack,,link_layer,14,,,,,,,,
2026-08-26T12:17:35.368-07:00,,application_ack,inbound,outside_communication,ack,,application_layer,3,14,,,,,,,
2026-08-26T12:17:35.409-07:00,auto_outside_comm_for_run_normal_1,command_completed,outbound,outside_communication1,ok,0,schedule,14,0,,,,,,,
2026-08-26T12:17:35.410-07:00,,query_sent,outbound,get_commodity,pending,,periodic,6,0,,,,,,,
2026-08-26T12:17:35.571-07:00,,link_ack,inbound,get_commodity,ack,,link_layer,6,,,,,,,,
2026-08-26T12:17:35.739-07:00,,intermediate_response,inbound,get_commodity,success,,device_response,6,128,,,,,0,success,
2026-08-26T12:17:35.783-07:00,,query_completed,outbound,get_commodity,ok,,periodic,6,0,,,,,0,success,
2026-08-26T12:17:35.783-07:00,,query_sent,outbound,query_operational_state,pending,,periodic,18,0,,,,,,,
2026-08-26T12:17:35.945-07:00,,link_ack,inbound,query_operational_state,ack,,link_layer,18,,,,,,,,
2026-08-26T12:17:36.068-07:00,,operational_state,inbound,query_operational_state,received,,device_response,19,6,,,6,Idle Heightened,,,
2026-08-26T12:17:36.109-07:00,,query_completed,outbound,query_operational_state,ok,,periodic,18,0,,,,,,,
2026-08-26T12:17:50.115-07:00,run_normal_1,command_sent,outbound,run_normal,pending,0,schedule,2,0,,,,,,,
2026-08-26T12:17:50.200-07:00,,link_ack,inbound,run_normal,ack,,link_layer,2,,,,,,,,
2026-08-26T12:17:50.324-07:00,,application_ack,inbound,run_normal,ack,,application_layer,3,2,,,,,,,
2026-08-26T12:17:50.365-07:00,run_normal_1,command_completed,outbound,run_normal,ok,0,schedule,2,0,,,,,,,
2026-08-26T12:18:05.372-07:00,,query_sent,outbound,query_operational_state,pending,,periodic,18,0,,,,,,,
2026-08-26T12:18:05.456-07:00,,link_ack,inbound,query_operational_state,ack,,link_layer,18,,,,,,,,
2026-08-26T12:18:05.580-07:00,,operational_state,inbound,query_operational_state,received,,device_response,19,0,,,0,Idle Normal,,,
2026-08-26T12:18:05.621-07:00,,query_completed,outbound,query_operational_state,ok,,periodic,18,0,,,,,,,
2026-08-26T12:18:34.633-07:00,,query_sent,outbound,get_commodity,pending,,periodic,6,0,,,,,,,
2026-08-26T12:18:34.738-07:00,,link_ack,inbound,get_commodity,ack,,link_layer,6,,,,,,,,
2026-08-26T12:18:34.908-07:00,,intermediate_response,inbound,get_commodity,success,,device_response,6,128,,,,,0,success,
2026-08-26T12:18:34.952-07:00,,query_completed,outbound,get_commodity,ok,,periodic,6,0,,,,,0,success,
2026-08-26T12:18:34.952-07:00,,query_sent,outbound,query_operational_state,pending,,periodic,18,0,,,,,,,
2026-08-26T12:18:35.113-07:00,,link_ack,inbound,query_operational_state,ack,,link_layer,18,,,,,,,,
2026-08-26T12:18:35.237-07:00,,operational_state,inbound,query_operational_state,received,,device_response,19,0,,,0,Idle Normal,,,
2026-08-26T12:18:35.278-07:00,,query_completed,outbound,query_operational_state,ok,,periodic,18,0,,,,,,,
2026-08-26T12:19:05.290-07:00,,query_sent,outbound,query_operational_state,pending,,periodic,18,0,,,,,,,
2026-08-26T12:19:05.397-07:00,,link_ack,inbound,query_operational_state,ack,,link_layer,18,,,,,,,,
2026-08-26T12:19:05.520-07:00,,operational_state,inbound,query_operational_state,received,,device_response,19,0,,,0,Idle Normal,,,
2026-08-26T12:19:05.561-07:00,,query_completed,outbound,query_operational_state,ok,,periodic,18,0,,,,,,,
2026-08-26T12:19:34.571-07:00,,query_sent,outbound,get_commodity,pending,,periodic,6,0,,,,,,,
2026-08-26T12:19:34.674-07:00,,link_ack,inbound,get_commodity,ack,,link_layer,6,,,,,,,,
2026-08-26T12:19:34.843-07:00,,intermediate_response,inbound,get_commodity,success,,device_response,6,128,,,,,0,success,
2026-08-26T12:19:34.886-07:00,,query_completed,outbound,get_commodity,ok,,periodic,6,0,,,,,0,success,
2026-08-26T12:19:34.886-07:00,,query_sent,outbound,query_operational_state,pending,,periodic,18,0,,,,,,,
2026-08-26T12:19:35.050-07:00,,link_ack,inbound,query_operational_state,ack,,link_layer,18,,,,,,,,
2026-08-26T12:19:35.174-07:00,,operational_state,inbound,query_operational_state,received,,device_response,19,0,,,0,Idle Normal,,,
2026-08-26T12:19:35.215-07:00,,query_completed,outbound,query_operational_state,ok,,periodic,18,0,,,,,,,
2026-08-26T12:20:05.226-07:00,,query_sent,outbound,query_operational_state,pending,,periodic,18,0,,,,,,,
2026-08-26T12:20:05.333-07:00,,link_ack,inbound,query_operational_state,ack,,link_layer,18,,,,,,,,
2026-08-26T12:20:05.457-07:00,,operational_state,inbound,query_operational_state,received,,device_response,19,0,,,0,Idle Normal,,,
2026-08-26T12:20:05.497-07:00,,query_completed,outbound,query_operational_state,ok,,periodic,18,0,,,,,,,
2026-08-26T12:20:34.508-07:00,,query_sent,outbound,get_commodity,pending,,periodic,6,0,,,,,,,
2026-08-26T12:20:34.614-07:00,,link_ack,inbound,get_commodity,ack,,link_layer,6,,,,,,,,
2026-08-26T12:20:34.783-07:00,,intermediate_response,inbound,get_commodity,success,,device_response,6,128,,,,,0,success,
2026-08-26T12:20:34.827-07:00,,query_completed,outbound,get_commodity,ok,,periodic,6,0,,,,,0,success,
2026-08-26T12:20:34.827-07:00,,query_sent,outbound,query_operational_state,pending,,periodic,18,0,,,,,,,
2026-08-26T12:20:34.989-07:00,,link_ack,inbound,query_operational_state,ack,,link_layer,18,,,,,,,,
2026-08-26T12:20:35.112-07:00,,operational_state,inbound,query_operational_state,received,,device_response,19,0,,,0,Idle Normal,,,
2026-08-26T12:20:35.153-07:00,,query_completed,outbound,query_operational_state,ok,,periodic,18,0,,,,,,,
2026-08-26T12:21:05.165-07:00,,query_sent,outbound,query_operational_state,pending,,periodic,18,0,,,,,,,
2026-08-26T12:21:05.271-07:00,,link_ack,inbound,query_operational_state,ack,,link_layer,18,,,,,,,,
2026-08-26T12:21:05.395-07:00,,operational_state,inbound,query_operational_state,received,,device_response,19,0,,,0,Idle Normal,,,
2026-08-26T12:21:05.435-07:00,,query_completed,outbound,query_operational_state,ok,,periodic,18,0,,,,,,,
2026-08-26T12:21:35.447-07:00,,query_sent,outbound,get_commodity,pending,,periodic,6,0,,,,,,,
2026-08-26T12:21:35.550-07:00,,link_ack,inbound,get_commodity,ack,,link_layer,6,,,,,,,,
2026-08-26T12:21:35.722-07:00,,intermediate_response,inbound,get_commodity,success,,device_response,6,128,,,,,0,success,
2026-08-26T12:21:35.765-07:00,,query_completed,outbound,get_commodity,ok,,periodic,6,0,,,,,0,success,
2026-08-26T12:21:35.766-07:00,,query_sent,outbound,query_operational_state,pending,,periodic,18,0,,,,,,,
2026-08-26T12:21:35.927-07:00,,link_ack,inbound,query_operational_state,ack,,link_layer,18,,,,,,,,
2026-08-26T12:21:36.051-07:00,,operational_state,inbound,query_operational_state,received,,device_response,19,0,,,0,Idle Normal,,,
2026-08-26T12:21:36.091-07:00,,query_completed,outbound,query_operational_state,ok,,periodic,18,0,,,,,,,
2026-08-26T12:22:05.103-07:00,auto_outside_comm_heartbeat_07,command_sent,outbound,outside_communication1,pending,0,schedule,14,0,,,,,,,
2026-08-26T12:22:05.209-07:00,,link_ack,inbound,outside_communication,ack,,link_layer,14,,,,,,,,
2026-08-26T12:22:05.332-07:00,,application_ack,inbound,outside_communication,ack,,application_layer,3,14,,,,,,,
2026-08-26T12:22:05.373-07:00,auto_outside_comm_heartbeat_07,command_completed,outbound,outside_communication1,ok,0,schedule,14,0,,,,,,,
2026-08-26T12:22:05.374-07:00,,query_sent,outbound,query_operational_state,pending,,periodic,18,0,,,,,,,
2026-08-26T12:22:05.535-07:00,,link_ack,inbound,query_operational_state,ack,,link_layer,18,,,,,,,,
2026-08-26T12:22:05.658-07:00,,operational_state,inbound,query_operational_state,received,,device_response,19,0,,,0,Idle Normal,,,
2026-08-26T12:22:05.699-07:00,,query_completed,outbound,query_operational_state,ok,,periodic,18,0,,,,,,,
2026-08-26T12:22:34.709-07:00,,query_sent,outbound,get_commodity,pending,,periodic,6,0,,,,,,,
2026-08-26T12:22:34.812-07:00,,link_ack,inbound,get_commodity,ack,,link_layer,6,,,,,,,,
2026-08-26T12:22:34.980-07:00,,intermediate_response,inbound,get_commodity,success,,device_response,6,128,,,,,0,success,
2026-08-26T12:22:35.023-07:00,,query_completed,outbound,get_commodity,ok,,periodic,6,0,,,,,0,success,
2026-08-26T12:22:35.023-07:00,,query_sent,outbound,query_operational_state,pending,,periodic,18,0,,,,,,,
2026-08-26T12:22:35.187-07:00,,link_ack,inbound,query_operational_state,ack,,link_layer,18,,,,,,,,
2026-08-26T12:22:35.310-07:00,,operational_state,inbound,query_operational_state,received,,device_response,19,0,,,0,Idle Normal,,,
2026-08-26T12:22:35.351-07:00,,query_completed,outbound,query_operational_state,ok,,periodic,18,0,,,,,,,
2026-08-26T12:23:05.362-07:00,,query_sent,outbound,query_operational_state,pending,,periodic,18,0,,,,,,,
2026-08-26T12:23:05.468-07:00,,link_ack,inbound,query_operational_state,ack,,link_layer,18,,,,,,,,
2026-08-26T12:23:05.591-07:00,,operational_state,inbound,query_operational_state,received,,device_response,19,0,,,0,Idle Normal,,,
2026-08-26T12:23:05.632-07:00,,query_completed,outbound,query_operational_state,ok,,periodic,18,0,,,,,,,
2026-08-26T12:23:34.643-07:00,,query_sent,outbound,get_commodity,pending,,periodic,6,0,,,,,,,
2026-08-26T12:23:34.746-07:00,,link_ack,inbound,get_commodity,ack,,link_layer,6,,,,,,,,
2026-08-26T12:23:34.914-07:00,,intermediate_response,inbound,get_commodity,success,,device_response,6,128,,,,,0,success,
2026-08-26T12:23:34.957-07:00,,query_completed,outbound,get_commodity,ok,,periodic,6,0,,,,,0,success,
2026-08-26T12:23:34.958-07:00,,query_sent,outbound,query_operational_state,pending,,periodic,18,0,,,,,,,
2026-08-26T12:23:35.119-07:00,,link_ack,inbound,query_operational_state,ack,,link_layer,18,,,,,,,,
2026-08-26T12:23:35.243-07:00,,operational_state,inbound,query_operational_state,received,,device_response,19,0,,,0,Idle Normal,,,
2026-08-26T12:23:35.284-07:00,,query_completed,outbound,query_operational_state,ok,,periodic,18,0,,,,,,,
2026-08-26T12:24:05.297-07:00,,query_sent,outbound,query_operational_state,pending,,periodic,18,0,,,,,,,
2026-08-26T12:24:05.406-07:00,,link_ack,inbound,query_operational_state,ack,,link_layer,18,,,,,,,,
2026-08-26T12:24:05.531-07:00,,operational_state,inbound,query_operational_state,received,,device_response,19,0,,,0,Idle Normal,,,
2026-08-26T12:24:05.571-07:00,,query_completed,outbound,query_operational_state,ok,,periodic,18,0,,,,,,,
2026-08-26T12:24:34.583-07:00,,query_sent,outbound,get_commodity,pending,,periodic,6,0,,,,,,,
2026-08-26T12:24:34.692-07:00,,link_ack,inbound,get_commodity,ack,,link_layer,6,,,,,,,,
2026-08-26T12:24:34.861-07:00,,intermediate_response,inbound,get_commodity,success,,device_response,6,128,,,,,0,success,
2026-08-26T12:24:34.904-07:00,,query_completed,outbound,get_commodity,ok,,periodic,6,0,,,,,0,success,
2026-08-26T12:24:34.905-07:00,,query_sent,outbound,query_operational_state,pending,,periodic,18,0,,,,,,,
2026-08-26T12:24:35.067-07:00,,link_ack,inbound,query_operational_state,ack,,link_layer,18,,,,,,,,
2026-08-26T12:24:35.190-07:00,,operational_state,inbound,query_operational_state,received,,device_response,19,0,,,0,Idle Normal,,,
2026-08-26T12:24:35.231-07:00,,query_completed,outbound,query_operational_state,ok,,periodic,18,0,,,,,,,
2026-08-26T12:25:05.244-07:00,,query_sent,outbound,query_operational_state,pending,,periodic,18,0,,,,,,,
2026-08-26T12:25:05.354-07:00,,link_ack,inbound,query_operational_state,ack,,link_layer,18,,,,,,,,
2026-08-26T12:25:05.478-07:00,,operational_state,inbound,query_operational_state,received,,device_response,19,0,,,0,Idle Normal,,,
2026-08-26T12:25:05.518-07:00,,query_completed,outbound,query_operational_state,ok,,periodic,18,0,,,,,,,
2026-08-26T12:25:34.529-07:00,,query_sent,outbound,get_commodity,pending,,periodic,6,0,,,,,,,
2026-08-26T12:25:34.634-07:00,,link_ack,inbound,get_commodity,ack,,link_layer,6,,,,,,,,
2026-08-26T12:25:34.803-07:00,,intermediate_response,inbound,get_commodity,success,,device_response,6,128,,,,,0,success,
2026-08-26T12:25:34.847-07:00,,query_completed,outbound,get_commodity,ok,,periodic,6,0,,,,,0,success,
2026-08-26T12:25:34.847-07:00,,query_sent,outbound,query_operational_state,pending,,periodic,18,0,,,,,,,
2026-08-26T12:25:35.008-07:00,,link_ack,inbound,query_operational_state,ack,,link_layer,18,,,,,,,,
2026-08-26T12:25:35.132-07:00,,operational_state,inbound,query_operational_state,received,,device_response,19,0,,,0,Idle Normal,,,
2026-08-26T12:25:35.173-07:00,,query_completed,outbound,query_operational_state,ok,,periodic,18,0,,,,,,,
2026-08-26T12:26:05.185-07:00,,query_sent,outbound,query_operational_state,pending,,periodic,18,0,,,,,,,
2026-08-26T12:26:05.294-07:00,,link_ack,inbound,query_operational_state,ack,,link_layer,18,,,,,,,,
2026-08-26T12:26:05.417-07:00,,operational_state,inbound,query_operational_state,received,,device_response,19,0,,,0,Idle Normal,,,
2026-08-26T12:26:05.457-07:00,,query_completed,outbound,query_operational_state,ok,,periodic,18,0,,,,,,,
2026-08-26T12:26:34.468-07:00,,query_sent,outbound,get_commodity,pending,,periodic,6,0,,,,,,,
2026-08-26T12:26:34.571-07:00,,link_ack,inbound,get_commodity,ack,,link_layer,6,,,,,,,,
2026-08-26T12:26:34.740-07:00,,intermediate_response,inbound,get_commodity,success,,device_response,6,128,,,,,0,success,
2026-08-26T12:26:34.783-07:00,,query_completed,outbound,get_commodity,ok,,periodic,6,0,,,,,0,success,
2026-08-26T12:26:34.783-07:00,,query_sent,outbound,query_operational_state,pending,,periodic,18,0,,,,,,,
2026-08-26T12:26:34.945-07:00,,link_ack,inbound,query_operational_state,ack,,link_layer,18,,,,,,,,
2026-08-26T12:26:35.069-07:00,,operational_state,inbound,query_operational_state,received,,device_response,19,0,,,0,Idle Normal,,,
2026-08-26T12:26:35.110-07:00,,query_completed,outbound,query_operational_state,ok,,periodic,18,0,,,,,,,
2026-08-26T12:27:05.122-07:00,,query_sent,outbound,query_operational_state,pending,,periodic,18,0,,,,,,,
2026-08-26T12:27:05.231-07:00,,link_ack,inbound,query_operational_state,ack,,link_layer,18,,,,,,,,
2026-08-26T12:27:05.354-07:00,,operational_state,inbound,query_operational_state,received,,device_response,19,0,,,0,Idle Normal,,,
2026-08-26T12:27:05.395-07:00,,query_completed,outbound,query_operational_state,ok,,periodic,18,0,,,,,,,
2026-08-26T12:27:35.408-07:00,,query_sent,outbound,get_commodity,pending,,periodic,6,0,,,,,,,
2026-08-26T12:27:35.516-07:00,,link_ack,inbound,get_commodity,ack,,link_layer,6,,,,,,,,
2026-08-26T12:27:35.685-07:00,,intermediate_response,inbound,get_commodity,success,,device_response,6,128,,,,,0,success,
2026-08-26T12:27:35.728-07:00,,query_completed,outbound,get_commodity,ok,,periodic,6,0,,,,,0,success,
2026-08-26T12:27:35.729-07:00,,query_sent,outbound,query_operational_state,pending,,periodic,18,0,,,,,,,
2026-08-26T12:27:35.891-07:00,,link_ack,inbound,query_operational_state,ack,,link_layer,18,,,,,,,,
2026-08-26T12:27:36.014-07:00,,operational_state,inbound,query_operational_state,received,,device_response,19,0,,,0,Idle Normal,,,
2026-08-26T12:27:36.055-07:00,,query_completed,outbound,query_operational_state,ok,,periodic,18,0,,,,,,,
2026-08-26T12:28:05.068-07:00,,query_sent,outbound,query_operational_state,pending,,periodic,18,0,,,,,,,
2026-08-26T12:28:05.172-07:00,,link_ack,inbound,query_operational_state,ack,,link_layer,18,,,,,,,,
2026-08-26T12:28:05.296-07:00,,operational_state,inbound,query_operational_state,received,,device_response,19,0,,,0,Idle Normal,,,
2026-08-26T12:28:05.337-07:00,,query_completed,outbound,query_operational_state,ok,,periodic,18,0,,,,,,,
2026-08-26T12:28:35.349-07:00,,query_sent,outbound,get_commodity,pending,,periodic,6,0,,,,,,,
2026-08-26T12:28:35.454-07:00,,link_ack,inbound,get_commodity,ack,,link_layer,6,,,,,,,,
2026-08-26T12:28:35.622-07:00,,intermediate_response,inbound,get_commodity,success,,device_response,6,128,,,,,0,success,
2026-08-26T12:28:35.666-07:00,,query_completed,outbound,get_commodity,ok,,periodic,6,0,,,,,0,success,
2026-08-26T12:28:35.666-07:00,,query_sent,outbound,query_operational_state,pending,,periodic,18,0,,,,,,,
2026-08-26T12:28:35.828-07:00,,link_ack,inbound,query_operational_state,ack,,link_layer,18,,,,,,,,
2026-08-26T12:28:35.951-07:00,,operational_state,inbound,query_operational_state,received,,device_response,19,0,,,0,Idle Normal,,,
2026-08-26T12:28:35.992-07:00,,query_completed,outbound,query_operational_state,ok,,periodic,18,0,,,,,,,
2026-08-26T12:29:05.005-07:00,,query_sent,outbound,query_operational_state,pending,,periodic,18,0,,,,,,,
2026-08-26T12:29:05.109-07:00,,link_ack,inbound,query_operational_state,ack,,link_layer,18,,,,,,,,
2026-08-26T12:29:05.232-07:00,,operational_state,inbound,query_operational_state,received,,device_response,19,0,,,0,Idle Normal,,,
2026-08-26T12:29:05.273-07:00,,query_completed,outbound,query_operational_state,ok,,periodic,18,0,,,,,,,
2026-08-26T12:29:35.285-07:00,,query_sent,outbound,get_commodity,pending,,periodic,6,0,,,,,,,
2026-08-26T12:29:35.393-07:00,,link_ack,inbound,get_commodity,ack,,link_layer,6,,,,,,,,
2026-08-26T12:29:35.562-07:00,,intermediate_response,inbound,get_commodity,success,,device_response,6,128,,,,,0,success,
2026-08-26T12:29:35.606-07:00,,query_completed,outbound,get_commodity,ok,,periodic,6,0,,,,,0,success,
2026-08-26T12:29:35.606-07:00,,query_sent,outbound,query_operational_state,pending,,periodic,18,0,,,,,,,
2026-08-26T12:29:35.768-07:00,,link_ack,inbound,query_operational_state,ack,,link_layer,18,,,,,,,,
2026-08-26T12:29:35.891-07:00,,operational_state,inbound,query_operational_state,received,,device_response,19,0,,,0,Idle Normal,,,
2026-08-26T12:29:35.931-07:00,,query_completed,outbound,query_operational_state,ok,,periodic,18,0,,,,,,,
2026-08-26T12:30:04.943-07:00,,query_sent,outbound,query_operational_state,pending,,periodic,18,0,,,,,,,
2026-08-26T12:30:05.051-07:00,,link_ack,inbound,query_operational_state,ack,,link_layer,18,,,,,,,,
2026-08-26T12:30:05.174-07:00,,operational_state,inbound,query_operational_state,received,,device_response,19,0,,,0,Idle Normal,,,
2026-08-26T12:30:05.215-07:00,,query_completed,outbound,query_operational_state,ok,,periodic,18,0,,,,,,,
2026-08-26T12:30:35.228-07:00,,query_sent,outbound,get_commodity,pending,,periodic,6,0,,,,,,,
2026-08-26T12:30:35.338-07:00,,link_ack,inbound,get_commodity,ack,,link_layer,6,,,,,,,,
2026-08-26T12:30:35.506-07:00,,intermediate_response,inbound,get_commodity,success,,device_response,6,128,,,,,0,success,
2026-08-26T12:30:35.550-07:00,,query_completed,outbound,get_commodity,ok,,periodic,6,0,,,,,0,success,
2026-08-26T12:30:35.550-07:00,,query_sent,outbound,query_operational_state,pending,,periodic,18,0,,,,,,,
2026-08-26T12:30:35.715-07:00,,link_ack,inbound,query_operational_state,ack,,link_layer,18,,,,,,,,
2026-08-26T12:30:35.838-07:00,,operational_state,inbound,query_operational_state,received,,device_response,19,1,,,1,Running Normal,,,
2026-08-26T12:30:35.879-07:00,,query_completed,outbound,query_operational_state,ok,,periodic,18,0,,,,,,,
2026-08-26T12:31:04.891-07:00,,query_sent,outbound,query_operational_state,pending,,periodic,18,0,,,,,,,
2026-08-26T12:31:05.001-07:00,,link_ack,inbound,query_operational_state,ack,,link_layer,18,,,,,,,,
2026-08-26T12:31:05.124-07:00,,operational_state,inbound,query_operational_state,received,,device_response,19,1,,,1,Running Normal,,,
2026-08-26T12:31:05.165-07:00,,query_completed,outbound,query_operational_state,ok,,periodic,18,0,,,,,,,
2026-08-26T12:31:35.176-07:00,,query_sent,outbound,get_commodity,pending,,periodic,6,0,,,,,,,
2026-08-26T12:31:35.286-07:00,,link_ack,inbound,get_commodity,ack,,link_layer,6,,,,,,,,
2026-08-26T12:31:35.455-07:00,,intermediate_response,inbound,get_commodity,success,,device_response,6,128,,,,,0,success,
2026-08-26T12:31:35.499-07:00,,query_completed,outbound,get_commodity,ok,,periodic,6,0,,,,,0,success,
2026-08-26T12:31:35.499-07:00,,query_sent,outbound,query_operational_state,pending,,periodic,18,0,,,,,,,
2026-08-26T12:31:35.661-07:00,,link_ack,inbound,query_operational_state,ack,,link_layer,18,,,,,,,,
2026-08-26T12:31:35.784-07:00,,operational_state,inbound,query_operational_state,received,,device_response,19,1,,,1,Running Normal,,,
2026-08-26T12:31:35.825-07:00,,query_completed,outbound,query_operational_state,ok,,periodic,18,0,,,,,,,
2026-08-26T12:32:04.837-07:00,,query_sent,outbound,query_operational_state,pending,,periodic,18,0,,,,,,,
2026-08-26T12:32:04.946-07:00,,link_ack,inbound,query_operational_state,ack,,link_layer,18,,,,,,,,
2026-08-26T12:32:05.069-07:00,,operational_state,inbound,query_operational_state,received,,device_response,19,1,,,1,Running Normal,,,
2026-08-26T12:32:05.110-07:00,,query_completed,outbound,query_operational_state,ok,,periodic,18,0,,,,,,,
2026-08-26T12:32:35.123-07:00,,query_sent,outbound,get_commodity,pending,,periodic,6,0,,,,,,,
2026-08-26T12:32:35.235-07:00,,link_ack,inbound,get_commodity,ack,,link_layer,6,,,,,,,,
2026-08-26T12:32:35.404-07:00,,intermediate_response,inbound,get_commodity,success,,device_response,6,128,,,,,0,success,
2026-08-26T12:32:35.447-07:00,,query_completed,outbound,get_commodity,ok,,periodic,6,0,,,,,0,success,
2026-08-26T12:32:35.448-07:00,,query_sent,outbound,query_operational_state,pending,,periodic,18,0,,,,,,,
2026-08-26T12:32:35.610-07:00,,link_ack,inbound,query_operational_state,ack,,link_layer,18,,,,,,,,
2026-08-26T12:32:35.734-07:00,,operational_state,inbound,query_operational_state,received,,device_response,19,1,,,1,Running Normal,,,
2026-08-26T12:32:35.774-07:00,,query_completed,outbound,query_operational_state,ok,,periodic,18,0,,,,,,,
2026-08-26T12:33:04.787-07:00,,query_sent,outbound,query_operational_state,pending,,periodic,18,0,,,,,,,
2026-08-26T12:33:04.896-07:00,,link_ack,inbound,query_operational_state,ack,,link_layer,18,,,,,,,,
2026-08-26T12:33:05.021-07:00,,operational_state,inbound,query_operational_state,received,,device_response,19,1,,,1,Running Normal,,,
2026-08-26T12:33:05.062-07:00,,query_completed,outbound,query_operational_state,ok,,periodic,18,0,,,,,,,
2026-08-26T12:33:35.074-07:00,,query_sent,outbound,get_commodity,pending,,periodic,6,0,,,,,,,
2026-08-26T12:33:35.180-07:00,,link_ack,inbound,get_commodity,ack,,link_layer,6,,,,,,,,
2026-08-26T12:33:35.348-07:00,,intermediate_response,inbound,get_commodity,success,,device_response,6,128,,,,,0,success,
2026-08-26T12:33:35.392-07:00,,query_completed,outbound,get_commodity,ok,,periodic,6,0,,,,,0,success,
2026-08-26T12:33:35.392-07:00,,query_sent,outbound,query_operational_state,pending,,periodic,18,0,,,,,,,
2026-08-26T12:33:35.556-07:00,,link_ack,inbound,query_operational_state,ack,,link_layer,18,,,,,,,,
2026-08-26T12:33:35.679-07:00,,operational_state,inbound,query_operational_state,received,,device_response,19,1,,,1,Running Normal,,,
2026-08-26T12:33:35.720-07:00,,query_completed,outbound,query_operational_state,ok,,periodic,18,0,,,,,,,
2026-08-26T12:34:04.732-07:00,,query_sent,outbound,query_operational_state,pending,,periodic,18,0,,,,,,,
2026-08-26T12:34:04.841-07:00,,link_ack,inbound,query_operational_state,ack,,link_layer,18,,,,,,,,
2026-08-26T12:34:04.964-07:00,,operational_state,inbound,query_operational_state,received,,device_response,19,1,,,1,Running Normal,,,
2026-08-26T12:34:05.005-07:00,,query_completed,outbound,query_operational_state,ok,,periodic,18,0,,,,,,,
2026-08-26T12:34:35.017-07:00,,query_sent,outbound,get_commodity,pending,,periodic,6,0,,,,,,,
2026-08-26T12:34:35.125-07:00,,link_ack,inbound,get_commodity,ack,,link_layer,6,,,,,,,,
2026-08-26T12:34:35.294-07:00,,intermediate_response,inbound,get_commodity,success,,device_response,6,128,,,,,0,success,
2026-08-26T12:34:35.337-07:00,,query_completed,outbound,get_commodity,ok,,periodic,6,0,,,,,0,success,
2026-08-26T12:34:35.337-07:00,,query_sent,outbound,query_operational_state,pending,,periodic,18,0,,,,,,,
2026-08-26T12:34:35.500-07:00,,link_ack,inbound,query_operational_state,ack,,link_layer,18,,,,,,,,
2026-08-26T12:34:35.623-07:00,,operational_state,inbound,query_operational_state,received,,device_response,19,1,,,1,Running Normal,,,
2026-08-26T12:34:35.664-07:00,,query_completed,outbound,query_operational_state,ok,,periodic,18,0,,,,,,,
2026-08-26T12:35:04.676-07:00,,query_sent,outbound,query_operational_state,pending,,periodic,18,0,,,,,,,
2026-08-26T12:35:04.784-07:00,,link_ack,inbound,query_operational_state,ack,,link_layer,18,,,,,,,,
2026-08-26T12:35:04.908-07:00,,operational_state,inbound,query_operational_state,received,,device_response,19,1,,,1,Running Normal,,,
2026-08-26T12:35:04.949-07:00,,query_completed,outbound,query_operational_state,ok,,periodic,18,0,,,,,,,
2026-08-26T12:35:34.961-07:00,,query_sent,outbound,get_commodity,pending,,periodic,6,0,,,,,,,
2026-08-26T12:35:35.075-07:00,,link_ack,inbound,get_commodity,ack,,link_layer,6,,,,,,,,
2026-08-26T12:35:35.244-07:00,,intermediate_response,inbound,get_commodity,success,,device_response,6,128,,,,,0,success,
2026-08-26T12:35:35.288-07:00,,query_completed,outbound,get_commodity,ok,,periodic,6,0,,,,,0,success,
2026-08-26T12:35:35.288-07:00,,query_sent,outbound,query_operational_state,pending,,periodic,18,0,,,,,,,
2026-08-26T12:35:35.450-07:00,,link_ack,inbound,query_operational_state,ack,,link_layer,18,,,,,,,,
2026-08-26T12:35:35.573-07:00,,operational_state,inbound,query_operational_state,received,,device_response,19,1,,,1,Running Normal,,,
2026-08-26T12:35:35.614-07:00,,query_completed,outbound,query_operational_state,ok,,periodic,18,0,,,,,,,
2026-08-26T12:35:36.615-07:00,auto_outside_comm_heartbeat_08,command_sent,outbound,outside_communication1,pending,0,schedule,14,0,,,,,,,
2026-08-26T12:35:36.678-07:00,,link_ack,inbound,outside_communication,ack,,link_layer,14,,,,,,,,
2026-08-26T12:35:36.802-07:00,,application_ack,inbound,outside_communication,ack,,application_layer,3,14,,,,,,,
2026-08-26T12:35:36.843-07:00,auto_outside_comm_heartbeat_08,command_completed,outbound,outside_communication1,ok,0,schedule,14,0,,,,,,,
2026-08-26T12:36:04.854-07:00,,query_sent,outbound,query_operational_state,pending,,periodic,18,0,,,,,,,
2026-08-26T12:36:04.962-07:00,,link_ack,inbound,query_operational_state,ack,,link_layer,18,,,,,,,,
2026-08-26T12:36:05.085-07:00,,operational_state,inbound,query_operational_state,received,,device_response,19,1,,,1,Running Normal,,,
2026-08-26T12:36:05.126-07:00,,query_completed,outbound,query_operational_state,ok,,periodic,18,0,,,,,,,
2026-08-26T12:36:35.137-07:00,,query_sent,outbound,get_commodity,pending,,periodic,6,0,,,,,,,
2026-08-26T12:36:35.244-07:00,,link_ack,inbound,get_commodity,ack,,link_layer,6,,,,,,,,
2026-08-26T12:36:35.415-07:00,,intermediate_response,inbound,get_commodity,success,,device_response,6,128,,,,,0,success,
2026-08-26T12:36:35.458-07:00,,query_completed,outbound,get_commodity,ok,,periodic,6,0,,,,,0,success,
2026-08-26T12:36:35.459-07:00,,query_sent,outbound,query_operational_state,pending,,periodic,18,0,,,,,,,
2026-08-26T12:36:35.623-07:00,,link_ack,inbound,query_operational_state,ack,,link_layer,18,,,,,,,,
2026-08-26T12:36:35.746-07:00,,operational_state,inbound,query_operational_state,received,,device_response,19,1,,,1,Running Normal,,,
2026-08-26T12:36:35.787-07:00,,query_completed,outbound,query_operational_state,ok,,periodic,18,0,,,,,,,
2026-08-26T12:37:04.797-07:00,,query_sent,outbound,query_operational_state,pending,,periodic,18,0,,,,,,,
2026-08-26T12:37:04.906-07:00,,link_ack,inbound,query_operational_state,ack,,link_layer,18,,,,,,,,
2026-08-26T12:37:05.031-07:00,,operational_state,inbound,query_operational_state,received,,device_response,19,1,,,1,Running Normal,,,
2026-08-26T12:37:05.072-07:00,,query_completed,outbound,query_operational_state,ok,,periodic,18,0,,,,,,,
2026-08-26T12:37:35.082-07:00,,query_sent,outbound,get_commodity,pending,,periodic,6,0,,,,,,,
2026-08-26T12:37:35.191-07:00,,link_ack,inbound,get_commodity,ack,,link_layer,6,,,,,,,,
2026-08-26T12:37:35.360-07:00,,intermediate_response,inbound,get_commodity,success,,device_response,6,128,,,,,0,success,
2026-08-26T12:37:35.403-07:00,,query_completed,outbound,get_commodity,ok,,periodic,6,0,,,,,0,success,
2026-08-26T12:37:35.404-07:00,,query_sent,outbound,query_operational_state,pending,,periodic,18,0,,,,,,,
2026-08-26T12:37:35.566-07:00,,link_ack,inbound,query_operational_state,ack,,link_layer,18,,,,,,,,
2026-08-26T12:37:35.690-07:00,,operational_state,inbound,query_operational_state,received,,device_response,19,1,,,1,Running Normal,,,
2026-08-26T12:37:35.730-07:00,,query_completed,outbound,query_operational_state,ok,,periodic,18,0,,,,,,,
2026-08-26T12:38:04.742-07:00,,query_sent,outbound,query_operational_state,pending,,periodic,18,0,,,,,,,
2026-08-26T12:38:04.856-07:00,,link_ack,inbound,query_operational_state,ack,,link_layer,18,,,,,,,,
2026-08-26T12:38:04.979-07:00,,operational_state,inbound,query_operational_state,received,,device_response,19,1,,,1,Running Normal,,,
2026-08-26T12:38:05.020-07:00,,query_completed,outbound,query_operational_state,ok,,periodic,18,0,,,,,,,
2026-08-26T12:38:35.031-07:00,,query_sent,outbound,get_commodity,pending,,periodic,6,0,,,,,,,
2026-08-26T12:38:35.144-07:00,,link_ack,inbound,get_commodity,ack,,link_layer,6,,,,,,,,
2026-08-26T12:38:35.312-07:00,,intermediate_response,inbound,get_commodity,success,,device_response,6,128,,,,,0,success,
2026-08-26T12:38:35.356-07:00,,query_completed,outbound,get_commodity,ok,,periodic,6,0,,,,,0,success,
2026-08-26T12:38:35.356-07:00,,query_sent,outbound,query_operational_state,pending,,periodic,18,0,,,,,,,
2026-08-26T12:38:35.518-07:00,,link_ack,inbound,query_operational_state,ack,,link_layer,18,,,,,,,,
2026-08-26T12:38:35.642-07:00,,operational_state,inbound,query_operational_state,received,,device_response,19,1,,,1,Running Normal,,,
2026-08-26T12:38:35.682-07:00,,query_completed,outbound,query_operational_state,ok,,periodic,18,0,,,,,,,
2026-08-26T12:39:04.692-07:00,,query_sent,outbound,query_operational_state,pending,,periodic,18,0,,,,,,,
2026-08-26T12:39:04.806-07:00,,link_ack,inbound,query_operational_state,ack,,link_layer,18,,,,,,,,
2026-08-26T12:39:04.929-07:00,,operational_state,inbound,query_operational_state,received,,device_response,19,1,,,1,Running Normal,,,
2026-08-26T12:39:04.970-07:00,,query_completed,outbound,query_operational_state,ok,,periodic,18,0,,,,,,,
2026-08-26T12:39:34.980-07:00,,query_sent,outbound,get_commodity,pending,,periodic,6,0,,,,,,,
2026-08-26T12:39:35.087-07:00,,link_ack,inbound,get_commodity,ack,,link_layer,6,,,,,,,,
2026-08-26T12:39:35.255-07:00,,intermediate_response,inbound,get_commodity,success,,device_response,6,128,,,,,0,success,
2026-08-26T12:39:35.299-07:00,,query_completed,outbound,get_commodity,ok,,periodic,6,0,,,,,0,success,
2026-08-26T12:39:35.299-07:00,,query_sent,outbound,query_operational_state,pending,,periodic,18,0,,,,,,,
2026-08-26T12:39:35.461-07:00,,link_ack,inbound,query_operational_state,ack,,link_layer,18,,,,,,,,
2026-08-26T12:39:35.585-07:00,,operational_state,inbound,query_operational_state,received,,device_response,19,1,,,1,Running Normal,,,
2026-08-26T12:39:35.626-07:00,,query_completed,outbound,query_operational_state,ok,,periodic,18,0,,,,,,,
2026-08-26T12:40:04.637-07:00,,query_sent,outbound,query_operational_state,pending,,periodic,18,0,,,,,,,
2026-08-26T12:40:04.744-07:00,,link_ack,inbound,query_operational_state,ack,,link_layer,18,,,,,,,,
2026-08-26T12:40:04.868-07:00,,operational_state,inbound,query_operational_state,received,,device_response,19,1,,,1,Running Normal,,,
2026-08-26T12:40:04.908-07:00,,query_completed,outbound,query_operational_state,ok,,periodic,18,0,,,,,,,
2026-08-26T12:40:34.920-07:00,,query_sent,outbound,get_commodity,pending,,periodic,6,0,,,,,,,
2026-08-26T12:40:35.024-07:00,,link_ack,inbound,get_commodity,ack,,link_layer,6,,,,,,,,
2026-08-26T12:40:35.194-07:00,,intermediate_response,inbound,get_commodity,success,,device_response,6,128,,,,,0,success,
2026-08-26T12:40:35.237-07:00,,query_completed,outbound,get_commodity,ok,,periodic,6,0,,,,,0,success,
2026-08-26T12:40:35.238-07:00,,query_sent,outbound,query_operational_state,pending,,periodic,18,0,,,,,,,
2026-08-26T12:40:35.401-07:00,,link_ack,inbound,query_operational_state,ack,,link_layer,18,,,,,,,,
2026-08-26T12:40:35.525-07:00,,operational_state,inbound,query_operational_state,received,,device_response,19,1,,,1,Running Normal,,,
2026-08-26T12:40:35.566-07:00,,query_completed,outbound,query_operational_state,ok,,periodic,18,0,,,,,,,
2026-08-26T12:41:04.578-07:00,,query_sent,outbound,query_operational_state,pending,,periodic,18,0,,,,,,,
2026-08-26T12:41:04.685-07:00,,link_ack,inbound,query_operational_state,ack,,link_layer,18,,,,,,,,
2026-08-26T12:41:04.808-07:00,,operational_state,inbound,query_operational_state,received,,device_response,19,1,,,1,Running Normal,,,
2026-08-26T12:41:04.849-07:00,,query_completed,outbound,query_operational_state,ok,,periodic,18,0,,,,,,,
2026-08-26T12:41:34.860-07:00,,query_sent,outbound,get_commodity,pending,,periodic,6,0,,,,,,,
2026-08-26T12:41:34.969-07:00,,link_ack,inbound,get_commodity,ack,,link_layer,6,,,,,,,,
2026-08-26T12:41:35.138-07:00,,intermediate_response,inbound,get_commodity,success,,device_response,6,128,,,,,0,success,
2026-08-26T12:41:35.181-07:00,,query_completed,outbound,get_commodity,ok,,periodic,6,0,,,,,0,success,
2026-08-26T12:41:35.181-07:00,,query_sent,outbound,query_operational_state,pending,,periodic,18,0,,,,,,,
2026-08-26T12:41:35.343-07:00,,link_ack,inbound,query_operational_state,ack,,link_layer,18,,,,,,,,
2026-08-26T12:41:35.467-07:00,,operational_state,inbound,query_operational_state,received,,device_response,19,1,,,1,Running Normal,,,
2026-08-26T12:41:35.508-07:00,,query_completed,outbound,query_operational_state,ok,,periodic,18,0,,,,,,,
2026-08-26T12:42:04.519-07:00,,query_sent,outbound,query_operational_state,pending,,periodic,18,0,,,,,,,
2026-08-26T12:42:04.626-07:00,,link_ack,inbound,query_operational_state,ack,,link_layer,18,,,,,,,,
2026-08-26T12:42:04.750-07:00,,operational_state,inbound,query_operational_state,received,,device_response,19,1,,,1,Running Normal,,,
2026-08-26T12:42:04.791-07:00,,query_completed,outbound,query_operational_state,ok,,periodic,18,0,,,,,,,
2026-08-26T12:42:34.803-07:00,,query_sent,outbound,get_commodity,pending,,periodic,6,0,,,,,,,
2026-08-26T12:42:34.912-07:00,,link_ack,inbound,get_commodity,ack,,link_layer,6,,,,,,,,
2026-08-26T12:42:35.081-07:00,,intermediate_response,inbound,get_commodity,success,,device_response,6,128,,,,,0,success,
2026-08-26T12:42:35.125-07:00,,query_completed,outbound,get_commodity,ok,,periodic,6,0,,,,,0,success,
2026-08-26T12:42:35.125-07:00,,query_sent,outbound,query_operational_state,pending,,periodic,18,0,,,,,,,
2026-08-26T12:42:35.288-07:00,,link_ack,inbound,query_operational_state,ack,,link_layer,18,,,,,,,,
2026-08-26T12:42:35.412-07:00,,operational_state,inbound,query_operational_state,received,,device_response,19,1,,,1,Running Normal,,,
2026-08-26T12:42:35.453-07:00,,query_completed,outbound,query_operational_state,ok,,periodic,18,0,,,,,,,
2026-08-26T12:43:04.465-07:00,,query_sent,outbound,query_operational_state,pending,,periodic,18,0,,,,,,,
2026-08-26T12:43:04.573-07:00,,link_ack,inbound,query_operational_state,ack,,link_layer,18,,,,,,,,
2026-08-26T12:43:04.696-07:00,,operational_state,inbound,query_operational_state,received,,device_response,19,1,,,1,Running Normal,,,
2026-08-26T12:43:04.736-07:00,,query_completed,outbound,query_operational_state,ok,,periodic,18,0,,,,,,,
2026-08-26T12:43:34.747-07:00,,query_sent,outbound,get_commodity,pending,,periodic,6,0,,,,,,,
2026-08-26T12:43:34.855-07:00,,link_ack,inbound,get_commodity,ack,,link_layer,6,,,,,,,,
2026-08-26T12:43:35.025-07:00,,intermediate_response,inbound,get_commodity,success,,device_response,6,128,,,,,0,success,
2026-08-26T12:43:35.069-07:00,,query_completed,outbound,get_commodity,ok,,periodic,6,0,,,,,0,success,
2026-08-26T12:43:35.069-07:00,,query_sent,outbound,query_operational_state,pending,,periodic,18,0,,,,,,,
2026-08-26T12:43:35.231-07:00,,link_ack,inbound,query_operational_state,ack,,link_layer,18,,,,,,,,
2026-08-26T12:43:35.354-07:00,,operational_state,inbound,query_operational_state,received,,device_response,19,1,,,1,Running Normal,,,
2026-08-26T12:43:35.395-07:00,,query_completed,outbound,query_operational_state,ok,,periodic,18,0,,,,,,,
2026-08-26T12:44:05.407-07:00,,query_sent,outbound,query_operational_state,pending,,periodic,18,0,,,,,,,
2026-08-26T12:44:05.511-07:00,,link_ack,inbound,query_operational_state,ack,,link_layer,18,,,,,,,,
2026-08-26T12:44:05.635-07:00,,operational_state,inbound,query_operational_state,received,,device_response,19,1,,,1,Running Normal,,,
2026-08-26T12:44:05.675-07:00,,query_completed,outbound,query_operational_state,ok,,periodic,18,0,,,,,,,
2026-08-26T12:44:34.686-07:00,,query_sent,outbound,get_commodity,pending,,periodic,6,0,,,,,,,
2026-08-26T12:44:34.791-07:00,,link_ack,inbound,get_commodity,ack,,link_layer,6,,,,,,,,
2026-08-26T12:44:34.959-07:00,,intermediate_response,inbound,get_commodity,success,,device_response,6,128,,,,,0,success,
2026-08-26T12:44:35.003-07:00,,query_completed,outbound,get_commodity,ok,,periodic,6,0,,,,,0,success,
2026-08-26T12:44:35.003-07:00,,query_sent,outbound,query_operational_state,pending,,periodic,18,0,,,,,,,
2026-08-26T12:44:35.166-07:00,,link_ack,inbound,query_operational_state,ack,,link_layer,18,,,,,,,,
2026-08-26T12:44:35.289-07:00,,operational_state,inbound,query_operational_state,received,,device_response,19,1,,,1,Running Normal,,,
2026-08-26T12:44:35.330-07:00,,query_completed,outbound,query_operational_state,ok,,periodic,18,0,,,,,,,
2026-08-26T12:45:05.342-07:00,,query_sent,outbound,query_operational_state,pending,,periodic,18,0,,,,,,,
2026-08-26T12:45:05.452-07:00,,link_ack,inbound,query_operational_state,ack,,link_layer,18,,,,,,,,
2026-08-26T12:45:05.576-07:00,,operational_state,inbound,query_operational_state,received,,device_response,19,1,,,1,Running Normal,,,
2026-08-26T12:45:05.616-07:00,,query_completed,outbound,query_operational_state,ok,,periodic,18,0,,,,,,,
2026-08-26T12:45:34.628-07:00,,query_sent,outbound,get_commodity,pending,,periodic,6,0,,,,,,,
2026-08-26T12:45:34.738-07:00,,link_ack,inbound,get_commodity,ack,,link_layer,6,,,,,,,,
2026-08-26T12:45:34.906-07:00,,intermediate_response,inbound,get_commodity,success,,device_response,6,128,,,,,0,success,
2026-08-26T12:45:34.950-07:00,,query_completed,outbound,get_commodity,ok,,periodic,6,0,,,,,0,success,
2026-08-26T12:45:34.950-07:00,,query_sent,outbound,query_operational_state,pending,,periodic,18,0,,,,,,,
2026-08-26T12:45:35.112-07:00,,link_ack,inbound,query_operational_state,ack,,link_layer,18,,,,,,,,
2026-08-26T12:45:35.235-07:00,,operational_state,inbound,query_operational_state,received,,device_response,19,1,,,1,Running Normal,,,
2026-08-26T12:45:35.276-07:00,,query_completed,outbound,query_operational_state,ok,,periodic,18,0,,,,,,,
2026-08-26T12:46:05.288-07:00,,query_sent,outbound,query_operational_state,pending,,periodic,18,0,,,,,,,
2026-08-26T12:46:05.397-07:00,,link_ack,inbound,query_operational_state,ack,,link_layer,18,,,,,,,,
2026-08-26T12:46:05.522-07:00,,operational_state,inbound,query_operational_state,received,,device_response,19,1,,,1,Running Normal,,,
2026-08-26T12:46:05.562-07:00,,query_completed,outbound,query_operational_state,ok,,periodic,18,0,,,,,,,
2026-08-26T12:46:34.574-07:00,,query_sent,outbound,get_commodity,pending,,periodic,6,0,,,,,,,
2026-08-26T12:46:34.679-07:00,,link_ack,inbound,get_commodity,ack,,link_layer,6,,,,,,,,
2026-08-26T12:46:34.848-07:00,,intermediate_response,inbound,get_commodity,success,,device_response,6,128,,,,,0,success,
2026-08-26T12:46:34.892-07:00,,query_completed,outbound,get_commodity,ok,,periodic,6,0,,,,,0,success,
2026-08-26T12:46:34.892-07:00,,query_sent,outbound,query_operational_state,pending,,periodic,18,0,,,,,,,
2026-08-26T12:46:35.054-07:00,,link_ack,inbound,query_operational_state,ack,,link_layer,18,,,,,,,,
2026-08-26T12:46:35.177-07:00,,operational_state,inbound,query_operational_state,received,,device_response,19,1,,,1,Running Normal,,,
2026-08-26T12:46:35.218-07:00,,query_completed,outbound,query_operational_state,ok,,periodic,18,0,,,,,,,
2026-08-26T12:47:05.230-07:00,,query_sent,outbound,query_operational_state,pending,,periodic,18,0,,,,,,,
2026-08-26T12:47:05.334-07:00,,link_ack,inbound,query_operational_state,ack,,link_layer,18,,,,,,,,
2026-08-26T12:47:05.459-07:00,,operational_state,inbound,query_operational_state,received,,device_response,19,1,,,1,Running Normal,,,
2026-08-26T12:47:05.499-07:00,,query_completed,outbound,query_operational_state,ok,,periodic,18,0,,,,,,,
2026-08-26T12:47:34.510-07:00,,query_sent,outbound,get_commodity,pending,,periodic,6,0,,,,,,,
2026-08-26T12:47:34.611-07:00,,link_ack,inbound,get_commodity,ack,,link_layer,6,,,,,,,,
2026-08-26T12:47:34.781-07:00,,intermediate_response,inbound,get_commodity,success,,device_response,6,128,,,,,0,success,
2026-08-26T12:47:34.824-07:00,,query_completed,outbound,get_commodity,ok,,periodic,6,0,,,,,0,success,
2026-08-26T12:47:34.824-07:00,,query_sent,outbound,query_operational_state,pending,,periodic,18,0,,,,,,,
2026-08-26T12:47:34.986-07:00,,link_ack,inbound,query_operational_state,ack,,link_layer,18,,,,,,,,
2026-08-26T12:47:35.109-07:00,,operational_state,inbound,query_operational_state,received,,device_response,19,1,,,1,Running Normal,,,
2026-08-26T12:47:35.150-07:00,,query_completed,outbound,query_operational_state,ok,,periodic,18,0,,,,,,,
2026-08-26T12:48:05.162-07:00,,query_sent,outbound,query_operational_state,pending,,periodic,18,0,,,,,,,
2026-08-26T12:48:05.272-07:00,,link_ack,inbound,query_operational_state,ack,,link_layer,18,,,,,,,,
2026-08-26T12:48:05.396-07:00,,operational_state,inbound,query_operational_state,received,,device_response,19,1,,,1,Running Normal,,,
2026-08-26T12:48:05.436-07:00,,query_completed,outbound,query_operational_state,ok,,periodic,18,0,,,,,,,
2026-08-26T12:48:35.448-07:00,,query_sent,outbound,get_commodity,pending,,periodic,6,0,,,,,,,
2026-08-26T12:48:35.559-07:00,,link_ack,inbound,get_commodity,ack,,link_layer,6,,,,,,,,
2026-08-26T12:48:35.728-07:00,,intermediate_response,inbound,get_commodity,success,,device_response,6,128,,,,,0,success,
2026-08-26T12:48:35.771-07:00,,query_completed,outbound,get_commodity,ok,,periodic,6,0,,,,,0,success,
2026-08-26T12:48:35.771-07:00,,query_sent,outbound,query_operational_state,pending,,periodic,18,0,,,,,,,
2026-08-26T12:48:35.934-07:00,,link_ack,inbound,query_operational_state,ack,,link_layer,18,,,,,,,,
2026-08-26T12:48:36.057-07:00,,operational_state,inbound,query_operational_state,received,,device_response,19,1,,,1,Running Normal,,,
2026-08-26T12:48:36.098-07:00,,query_completed,outbound,query_operational_state,ok,,periodic,18,0,,,,,,,
2026-08-26T12:49:05.109-07:00,auto_outside_comm_heartbeat_09,command_sent,outbound,outside_communication1,pending,0,schedule,14,0,,,,,,,
2026-08-26T12:49:05.221-07:00,,link_ack,inbound,outside_communication,ack,,link_layer,14,,,,,,,,
2026-08-26T12:49:05.344-07:00,,application_ack,inbound,outside_communication,ack,,application_layer,3,14,,,,,,,
2026-08-26T12:49:05.385-07:00,auto_outside_comm_heartbeat_09,command_completed,outbound,outside_communication1,ok,0,schedule,14,0,,,,,,,
2026-08-26T12:49:05.386-07:00,,query_sent,outbound,query_operational_state,pending,,periodic,18,0,,,,,,,
2026-08-26T12:49:05.547-07:00,,link_ack,inbound,query_operational_state,ack,,link_layer,18,,,,,,,,
2026-08-26T12:49:05.670-07:00,,operational_state,inbound,query_operational_state,received,,device_response,19,1,,,1,Running Normal,,,
2026-08-26T12:49:05.711-07:00,,query_completed,outbound,query_operational_state,ok,,periodic,18,0,,,,,,,
2026-08-26T12:49:34.723-07:00,,query_sent,outbound,get_commodity,pending,,periodic,6,0,,,,,,,
2026-08-26T12:49:34.832-07:00,,link_ack,inbound,get_commodity,ack,,link_layer,6,,,,,,,,
2026-08-26T12:49:35.000-07:00,,intermediate_response,inbound,get_commodity,success,,device_response,6,128,,,,,0,success,
2026-08-26T12:49:35.044-07:00,,query_completed,outbound,get_commodity,ok,,periodic,6,0,,,,,0,success,
2026-08-26T12:49:35.044-07:00,,query_sent,outbound,query_operational_state,pending,,periodic,18,0,,,,,,,
2026-08-26T12:49:35.207-07:00,,link_ack,inbound,query_operational_state,ack,,link_layer,18,,,,,,,,
2026-08-26T12:49:35.331-07:00,,operational_state,inbound,query_operational_state,received,,device_response,19,1,,,1,Running Normal,,,
2026-08-26T12:49:35.371-07:00,,query_completed,outbound,query_operational_state,ok,,periodic,18,0,,,,,,,
2026-08-26T12:50:05.382-07:00,,query_sent,outbound,query_operational_state,pending,,periodic,18,0,,,,,,,
2026-08-26T12:50:05.496-07:00,,link_ack,inbound,query_operational_state,ack,,link_layer,18,,,,,,,,
2026-08-26T12:50:05.619-07:00,,operational_state,inbound,query_operational_state,received,,device_response,19,1,,,1,Running Normal,,,
2026-08-26T12:50:05.660-07:00,,query_completed,outbound,query_operational_state,ok,,periodic,18,0,,,,,,,
2026-08-26T12:50:34.670-07:00,,query_sent,outbound,get_commodity,pending,,periodic,6,0,,,,,,,
2026-08-26T12:50:34.776-07:00,,link_ack,inbound,get_commodity,ack,,link_layer,6,,,,,,,,
2026-08-26T12:50:34.944-07:00,,intermediate_response,inbound,get_commodity,success,,device_response,6,128,,,,,0,success,
2026-08-26T12:50:34.988-07:00,,query_completed,outbound,get_commodity,ok,,periodic,6,0,,,,,0,success,
2026-08-26T12:50:34.988-07:00,,query_sent,outbound,query_operational_state,pending,,periodic,18,0,,,,,,,
2026-08-26T12:50:35.152-07:00,,link_ack,inbound,query_operational_state,ack,,link_layer,18,,,,,,,,
2026-08-26T12:50:35.275-07:00,,operational_state,inbound,query_operational_state,received,,device_response,19,1,,,1,Running Normal,,,
2026-08-26T12:50:35.316-07:00,,query_completed,outbound,query_operational_state,ok,,periodic,18,0,,,,,,,
2026-08-26T12:51:05.327-07:00,,query_sent,outbound,query_operational_state,pending,,periodic,18,0,,,,,,,
2026-08-26T12:51:05.440-07:00,,link_ack,inbound,query_operational_state,ack,,link_layer,18,,,,,,,,
2026-08-26T12:51:05.563-07:00,,operational_state,inbound,query_operational_state,received,,device_response,19,1,,,1,Running Normal,,,
2026-08-26T12:51:05.604-07:00,,query_completed,outbound,query_operational_state,ok,,periodic,18,0,,,,,,,
2026-08-26T12:51:33.107-07:00,,command_sent,outbound,run_normal,pending,0,shutdown,2,0,,,,,,,
2026-08-26T12:51:33.220-07:00,,link_ack,inbound,run_normal,ack,,link_layer,2,,,,,,,,
2026-08-26T12:51:33.345-07:00,,application_ack,inbound,run_normal,ack,,application_layer,3,2,,,,,,,
2026-08-26T12:51:33.386-07:00,,command_completed,outbound,run_normal,ok,0,shutdown,2,0,,,,,,,
2026-08-26T12:51:33.386-07:00,,command_sent,outbound,outside_communication,pending,0,shutdown,14,0,,,,,,,
2026-08-26T12:51:33.549-07:00,,link_ack,inbound,outside_communication,ack,,link_layer,14,,,,,,,,
2026-08-26T12:51:33.672-07:00,,application_ack,inbound,outside_communication,ack,,application_layer,3,14,,,,,,,
2026-08-26T12:51:33.713-07:00,,command_completed,outbound,outside_communication,ok,0,shutdown,14,0,,,,,,,
2026-08-26T12:51:34.614-07:00,,query_sent,outbound,get_commodity,pending,,periodic,6,0,,,,,,,
2026-08-26T12:51:34.677-07:00,,link_ack,inbound,get_commodity,ack,,link_layer,6,,,,,,,,
2026-08-26T12:51:34.845-07:00,,intermediate_response,inbound,get_commodity,success,,device_response,6,128,,,,,0,success,
2026-08-26T12:51:34.889-07:00,,query_completed,outbound,get_commodity,ok,,periodic,6,0,,,,,0,success,
2026-08-26T12:51:34.889-07:00,,query_sent,outbound,query_operational_state,pending,,periodic,18,0,,,,,,,
2026-08-26T12:51:35.050-07:00,,link_ack,inbound,query_operational_state,ack,,link_layer,18,,,,,,,,
2026-08-26T12:51:35.174-07:00,,operational_state,inbound,query_operational_state,received,,device_response,19,1,,,1,Running Normal,,,
2026-08-26T12:51:35.214-07:00,,query_completed,outbound,query_operational_state,ok,,periodic,18,0,,,,,,,
2026-08-26T12:51:35.779-07:00,,link_ack,inbound,query_operational_state,ack,,link_layer,18,,,,,,,,
2026-08-26T12:51:35.902-07:00,,operational_state,inbound,query_operational_state,received,,device_response,19,1,,,1,Running Normal,,,
2026-08-26T12:51:36.043-07:00,,controller_stopped,internal,controller,stopped,,controller,,,,,,,,,
