timestamp_pacific,event_id,event,direction,command,result,argument,source,opcode1,opcode2,nak_code,nak_reason,operational_state,operational_state_name,intermediate_response_code,intermediate_response_name,details
2026-08-16T02:26:44.270-07:00,,controller_started,internal,controller,started,,controller,,,,,,,,,
2026-08-16T02:26:44.274-07:00,,serial_open,internal,serial_port,ok,/dev/ttyUSB0,controller,,,,,,,,,
2026-08-16T02:26:44.275-07:00,,communication_started,internal,cta2045,started,,controller,,,,,,,,,
2026-08-16T02:26:44.275-07:00,,query_sent,outbound,device_information,pending,,startup,1,1,,,,,,,
2026-08-16T02:26:44.437-07:00,,link_ack,inbound,device_information,ack,,link_layer,,,,,,,,,
2026-08-16T02:26:44.590-07:00,,intermediate_response,inbound,device_information,success,,device_response,1,129,,,,,0,success,
2026-08-16T02:26:44.631-07:00,,query_completed,outbound,device_information,ok,,startup,1,1,,,,,0,success,
2026-08-16T02:26:44.632-07:00,,query_sent,outbound,get_commodity,pending,,periodic,6,0,,,,,,,
2026-08-16T02:26:44.795-07:00,,link_ack,inbound,get_commodity,ack,,link_layer,6,,,,,,,,
2026-08-16T02:26:44.963-07:00,,intermediate_response,inbound,get_commodity,success,,device_response,6,128,,,,,0,success,
2026-08-16T02:26:45.004-07:00,,query_completed,outbound,get_commodity,ok,,periodic,6,0,,,,,0,success,
2026-08-16T02:26:45.004-07:00,,query_sent,outbound,query_operational_state,pending,,periodic,18,0,,,,,,,
2026-08-16T02:26:45.168-07:00,,link_ack,inbound,query_operational_state,ack,,link_layer,18,,,,,,,,
2026-08-16T02:26:45.291-07:00,,operational_state,inbound,query_operational_state,received,,device_response,19,0,,,0,Idle Normal,,,
2026-08-16T02:26:45.331-07:00,,query_completed,outbound,query_operational_state,ok,,periodic,18,0,,,,,,,
2026-08-16T02:26:46.331-07:00,auto_outside_comm_for_advanced_load_up_1,command_sent,outbound,outside_communication1,pending,0,schedule,14,0,,,,,,,
2026-08-16T02:26:46.394-07:00,,link_ack,inbound,outside_communication,ack,,link_layer,14,,,,,,,,
2026-08-16T02:26:46.518-07:00,,application_ack,inbound,outside_communication,ack,,application_layer,3,14,,,,,,,
2026-08-16T02:26:46.558-07:00,auto_outside_comm_for_advanced_load_up_1,command_completed,outbound,outside_communication1,ok,0,schedule,14,0,,,,,,,
2026-08-16T02:27:00.574-07:00,advanced_load_up_1,command_sent,outbound,advanced_load_up,pending,duration_minutes=0;value=100;units=2;efficiency=1,schedule,12,,,,,,,,
2026-08-16T02:27:00.650-07:00,,link_ack,inbound,advanced_load_up,ack,,link_layer,12,,,,,,,,
2026-08-16T02:27:00.776-07:00,,intermediate_response,inbound,advanced_load_up,success,,device_response,12,128,,,,,0,success,
2026-08-16T02:27:00.816-07:00,advanced_load_up_1,command_completed,outbound,advanced_load_up,ok,duration_minutes=0;value=100;units=2;efficiency=1,schedule,12,,,,,,0,success,
2026-08-16T02:27:10.828-07:00,advanced_load_up_1,verification_sent,outbound,get_advanced_load_up,pending,delay_seconds=10,automatic_delayed_readback,12,0,,,,,,,
2026-08-16T02:27:10.900-07:00,,link_ack,inbound,get_advanced_load_up,ack,,link_layer,12,,,,,,,,
2026-08-16T02:27:11.026-07:00,,advanced_load_up_readback,inbound,get_advanced_load_up,success,duration_minutes=0;value=100;units=2;efficiency=not_reported;efficiency_status=not_reported;payload_length=8,device_response,12,128,,,,,0,success,
2026-08-16T02:27:11.067-07:00,advanced_load_up_1,verification_completed,outbound,get_advanced_load_up,ok,delay_seconds=10,automatic_delayed_readback,12,0,,,,,0,success,
2026-08-16T02:27:15.073-07:00,,query_sent,outbound,query_operational_state,pending,,periodic,18,0,,,,,,,
2026-08-16T02:27:15.139-07:00,,link_ack,inbound,query_operational_state,ack,,link_layer,18,,,,,,,,
2026-08-16T02:27:15.262-07:00,,operational_state,inbound,query_operational_state,received,,device_response,19,0,,,0,Idle Normal,,,
2026-08-16T02:27:15.302-07:00,,query_completed,outbound,query_operational_state,ok,,periodic,18,0,,,,,,,
2026-08-16T02:27:45.335-07:00,,query_sent,outbound,get_commodity,pending,,periodic,6,0,,,,,,,
2026-08-16T02:27:45.422-07:00,,link_ack,inbound,get_commodity,ack,,link_layer,6,,,,,,,,
2026-08-16T02:27:45.590-07:00,,intermediate_response,inbound,get_commodity,success,,device_response,6,128,,,,,0,success,
2026-08-16T02:27:45.634-07:00,,query_completed,outbound,get_commodity,ok,,periodic,6,0,,,,,0,success,
2026-08-16T02:27:45.634-07:00,,query_sent,outbound,query_operational_state,pending,,periodic,18,0,,,,,,,
2026-08-16T02:27:45.796-07:00,,link_ack,inbound,query_operational_state,ack,,link_layer,18,,,,,,,,
2026-08-16T02:27:45.920-07:00,,operational_state,inbound,query_operational_state,received,,device_response,19,0,,,0,Idle Normal,,,
2026-08-16T02:27:45.960-07:00,,query_completed,outbound,query_operational_state,ok,,periodic,18,0,,,,,,,
2026-08-16T02:28:14.992-07:00,,query_sent,outbound,query_operational_state,pending,,periodic,18,0,,,,,,,
2026-08-16T02:28:15.081-07:00,,link_ack,inbound,query_operational_state,ack,,link_layer,18,,,,,,,,
2026-08-16T02:28:15.204-07:00,,operational_state,inbound,query_operational_state,received,,device_response,19,0,,,0,Idle Normal,,,
2026-08-16T02:28:15.245-07:00,,query_completed,outbound,query_operational_state,ok,,periodic,18,0,,,,,,,
2026-08-16T02:28:45.278-07:00,,query_sent,outbound,get_commodity,pending,,periodic,6,0,,,,,,,
2026-08-16T02:28:45.366-07:00,,link_ack,inbound,get_commodity,ack,,link_layer,6,,,,,,,,
2026-08-16T02:28:45.534-07:00,,intermediate_response,inbound,get_commodity,success,,device_response,6,128,,,,,0,success,
2026-08-16T02:28:45.577-07:00,,query_completed,outbound,get_commodity,ok,,periodic,6,0,,,,,0,success,
2026-08-16T02:28:45.578-07:00,,query_sent,outbound,query_operational_state,pending,,periodic,18,0,,,,,,,
2026-08-16T02:28:45.742-07:00,,link_ack,inbound,query_operational_state,ack,,link_layer,18,,,,,,,,
2026-08-16T02:28:45.865-07:00,,operational_state,inbound,query_operational_state,received,,device_response,19,0,,,0,Idle Normal,,,
2026-08-16T02:28:45.906-07:00,,query_completed,outbound,query_operational_state,ok,,periodic,18,0,,,,,,,
2026-08-16T02:29:14.934-07:00,,query_sent,outbound,query_operational_state,pending,,periodic,18,0,,,,,,,
2026-08-16T02:29:15.023-07:00,,link_ack,inbound,query_operational_state,ack,,link_layer,18,,,,,,,,
2026-08-16T02:29:15.146-07:00,,operational_state,inbound,query_operational_state,received,,device_response,19,0,,,0,Idle Normal,,,
2026-08-16T02:29:15.187-07:00,,query_completed,outbound,query_operational_state,ok,,periodic,18,0,,,,,,,
2026-08-16T02:29:45.220-07:00,,query_sent,outbound,get_commodity,pending,,periodic,6,0,,,,,,,
2026-08-16T02:29:45.309-07:00,,link_ack,inbound,get_commodity,ack,,link_layer,6,,,,,,,,
2026-08-16T02:29:45.478-07:00,,intermediate_response,inbound,get_commodity,success,,device_response,6,128,,,,,0,success,
2026-08-16T02:29:45.521-07:00,,query_completed,outbound,get_commodity,ok,,periodic,6,0,,,,,0,success,
2026-08-16T02:29:45.522-07:00,,query_sent,outbound,query_operational_state,pending,,periodic,18,0,,,,,,,
2026-08-16T02:29:45.684-07:00,,link_ack,inbound,query_operational_state,ack,,link_layer,18,,,,,,,,
2026-08-16T02:29:45.807-07:00,,operational_state,inbound,query_operational_state,received,,device_response,19,0,,,0,Idle Normal,,,
2026-08-16T02:29:45.848-07:00,,query_completed,outbound,query_operational_state,ok,,periodic,18,0,,,,,,,
2026-08-16T02:30:14.879-07:00,,query_sent,outbound,query_operational_state,pending,,periodic,18,0,,,,,,,
2026-08-16T02:30:14.968-07:00,,link_ack,inbound,query_operational_state,ack,,link_layer,18,,,,,,,,
2026-08-16T02:30:15.091-07:00,,operational_state,inbound,query_operational_state,received,,device_response,19,0,,,0,Idle Normal,,,
2026-08-16T02:30:15.132-07:00,,query_completed,outbound,query_operational_state,ok,,periodic,18,0,,,,,,,
2026-08-16T02:30:45.164-07:00,,query_sent,outbound,get_commodity,pending,,periodic,6,0,,,,,,,
2026-08-16T02:30:45.250-07:00,,link_ack,inbound,get_commodity,ack,,link_layer,6,,,,,,,,
2026-08-16T02:30:45.418-07:00,,intermediate_response,inbound,get_commodity,success,,device_response,6,128,,,,,0,success,
2026-08-16T02:30:45.461-07:00,,query_completed,outbound,get_commodity,ok,,periodic,6,0,,,,,0,success,
2026-08-16T02:30:45.462-07:00,,query_sent,outbound,query_operational_state,pending,,periodic,18,0,,,,,,,
2026-08-16T02:30:45.626-07:00,,link_ack,inbound,query_operational_state,ack,,link_layer,18,,,,,,,,
2026-08-16T02:30:45.749-07:00,,operational_state,inbound,query_operational_state,received,,device_response,19,0,,,0,Idle Normal,,,
2026-08-16T02:30:45.790-07:00,,query_completed,outbound,query_operational_state,ok,,periodic,18,0,,,,,,,
2026-08-16T02:31:14.823-07:00,,query_sent,outbound,query_operational_state,pending,,periodic,18,0,,,,,,,
2026-08-16T02:31:14.908-07:00,,link_ack,inbound,query_operational_state,ack,,link_layer,18,,,,,,,,
2026-08-16T02:31:15.031-07:00,,operational_state,inbound,query_operational_state,received,,device_response,19,0,,,0,Idle Normal,,,
2026-08-16T02:31:15.072-07:00,,query_completed,outbound,query_operational_state,ok,,periodic,18,0,,,,,,,
2026-08-16T02:31:45.105-07:00,,query_sent,outbound,get_commodity,pending,,periodic,6,0,,,,,,,
2026-08-16T02:31:45.195-07:00,,link_ack,inbound,get_commodity,ack,,link_layer,6,,,,,,,,
2026-08-16T02:31:45.363-07:00,,intermediate_response,inbound,get_commodity,success,,device_response,6,128,,,,,0,success,
2026-08-16T02:31:45.406-07:00,,query_completed,outbound,get_commodity,ok,,periodic,6,0,,,,,0,success,
2026-08-16T02:31:45.407-07:00,,query_sent,outbound,query_operational_state,pending,,periodic,18,0,,,,,,,
2026-08-16T02:31:45.569-07:00,,link_ack,inbound,query_operational_state,ack,,link_layer,18,,,,,,,,
2026-08-16T02:31:45.693-07:00,,operational_state,inbound,query_operational_state,received,,device_response,19,0,,,0,Idle Normal,,,
2026-08-16T02:31:45.734-07:00,,query_completed,outbound,query_operational_state,ok,,periodic,18,0,,,,,,,
2026-08-16T02:32:14.766-07:00,,query_sent,outbound,query_operational_state,pending,,periodic,18,0,,,,,,,
2026-08-16T02:32:14.857-07:00,,link_ack,inbound,query_operational_state,ack,,link_layer,18,,,,,,,,
2026-08-16T02:32:14.981-07:00,,operational_state,inbound,query_operational_state,received,,device_response,19,0,,,0,Idle Normal,,,
2026-08-16T02:32:15.021-07:00,,query_completed,outbound,query_operational_state,ok,,periodic,18,0,,,,,,,
2026-08-16T02:32:45.053-07:00,,query_sent,outbound,get_commodity,pending,,periodic,6,0,,,,,,,
2026-08-16T02:32:45.144-07:00,,link_ack,inbound,get_commodity,ack,,link_layer,6,,,,,,,,
2026-08-16T02:32:45.313-07:00,,intermediate_response,inbound,get_commodity,success,,device_response,6,128,,,,,0,success,
2026-08-16T02:32:45.357-07:00,,query_completed,outbound,get_commodity,ok,,periodic,6,0,,,,,0,success,
2026-08-16T02:32:45.357-07:00,,query_sent,outbound,query_operational_state,pending,,periodic,18,0,,,,,,,
2026-08-16T02:32:45.519-07:00,,link_ack,inbound,query_operational_state,ack,,link_layer,18,,,,,,,,
2026-08-16T02:32:45.642-07:00,,operational_state,inbound,query_operational_state,received,,device_response,19,0,,,0,Idle Normal,,,
2026-08-16T02:32:45.683-07:00,,query_completed,outbound,query_operational_state,ok,,periodic,18,0,,,,,,,
2026-08-16T02:33:14.714-07:00,,query_sent,outbound,query_operational_state,pending,,periodic,18,0,,,,,,,
2026-08-16T02:33:14.806-07:00,,link_ack,inbound,query_operational_state,ack,,link_layer,18,,,,,,,,
2026-08-16T02:33:14.929-07:00,,operational_state,inbound,query_operational_state,received,,device_response,19,0,,,0,Idle Normal,,,
2026-08-16T02:33:14.969-07:00,,query_completed,outbound,query_operational_state,ok,,periodic,18,0,,,,,,,
2026-08-16T02:33:45.001-07:00,,query_sent,outbound,get_commodity,pending,,periodic,6,0,,,,,,,
2026-08-16T02:33:45.089-07:00,,link_ack,inbound,get_commodity,ack,,link_layer,6,,,,,,,,
2026-08-16T02:33:45.258-07:00,,intermediate_response,inbound,get_commodity,success,,device_response,6,128,,,,,0,success,
2026-08-16T02:33:45.301-07:00,,query_completed,outbound,get_commodity,ok,,periodic,6,0,,,,,0,success,
2026-08-16T02:33:45.301-07:00,,query_sent,outbound,query_operational_state,pending,,periodic,18,0,,,,,,,
2026-08-16T02:33:45.463-07:00,,link_ack,inbound,query_operational_state,ack,,link_layer,18,,,,,,,,
2026-08-16T02:33:45.586-07:00,,operational_state,inbound,query_operational_state,received,,device_response,19,0,,,0,Idle Normal,,,
2026-08-16T02:33:45.627-07:00,,query_completed,outbound,query_operational_state,ok,,periodic,18,0,,,,,,,
2026-08-16T02:34:14.658-07:00,,query_sent,outbound,query_operational_state,pending,,periodic,18,0,,,,,,,
2026-08-16T02:34:14.748-07:00,,link_ack,inbound,query_operational_state,ack,,link_layer,18,,,,,,,,
2026-08-16T02:34:14.871-07:00,,operational_state,inbound,query_operational_state,received,,device_response,19,0,,,0,Idle Normal,,,
2026-08-16T02:34:14.911-07:00,,query_completed,outbound,query_operational_state,ok,,periodic,18,0,,,,,,,
2026-08-16T02:34:44.944-07:00,,query_sent,outbound,get_commodity,pending,,periodic,6,0,,,,,,,
2026-08-16T02:34:45.033-07:00,,link_ack,inbound,get_commodity,ack,,link_layer,6,,,,,,,,
2026-08-16T02:34:45.202-07:00,,intermediate_response,inbound,get_commodity,success,,device_response,6,128,,,,,0,success,
2026-08-16T02:34:45.246-07:00,,query_completed,outbound,get_commodity,ok,,periodic,6,0,,,,,0,success,
2026-08-16T02:34:45.246-07:00,,query_sent,outbound,query_operational_state,pending,,periodic,18,0,,,,,,,
2026-08-16T02:34:45.409-07:00,,link_ack,inbound,query_operational_state,ack,,link_layer,18,,,,,,,,
2026-08-16T02:34:45.534-07:00,,operational_state,inbound,query_operational_state,received,,device_response,19,0,,,0,Idle Normal,,,
2026-08-16T02:34:45.574-07:00,,query_completed,outbound,query_operational_state,ok,,periodic,18,0,,,,,,,
2026-08-16T02:35:15.606-07:00,,query_sent,outbound,query_operational_state,pending,,periodic,18,0,,,,,,,
2026-08-16T02:35:15.695-07:00,,link_ack,inbound,query_operational_state,ack,,link_layer,18,,,,,,,,
2026-08-16T02:35:15.818-07:00,,operational_state,inbound,query_operational_state,received,,device_response,19,0,,,0,Idle Normal,,,
2026-08-16T02:35:15.858-07:00,,query_completed,outbound,query_operational_state,ok,,periodic,18,0,,,,,,,
2026-08-16T02:35:44.890-07:00,,query_sent,outbound,get_commodity,pending,,periodic,6,0,,,,,,,
2026-08-16T02:35:44.977-07:00,,link_ack,inbound,get_commodity,ack,,link_layer,6,,,,,,,,
2026-08-16T02:35:45.146-07:00,,intermediate_response,inbound,get_commodity,success,,device_response,6,128,,,,,0,success,
2026-08-16T02:35:45.190-07:00,,query_completed,outbound,get_commodity,ok,,periodic,6,0,,,,,0,success,
2026-08-16T02:35:45.190-07:00,,query_sent,outbound,query_operational_state,pending,,periodic,18,0,,,,,,,
2026-08-16T02:35:45.352-07:00,,link_ack,inbound,query_operational_state,ack,,link_layer,18,,,,,,,,
2026-08-16T02:35:45.476-07:00,,operational_state,inbound,query_operational_state,received,,device_response,19,0,,,0,Idle Normal,,,
2026-08-16T02:35:45.516-07:00,,query_completed,outbound,query_operational_state,ok,,periodic,18,0,,,,,,,
2026-08-16T02:36:15.548-07:00,,query_sent,outbound,query_operational_state,pending,,periodic,18,0,,,,,,,
2026-08-16T02:36:15.638-07:00,,link_ack,inbound,query_operational_state,ack,,link_layer,18,,,,,,,,
2026-08-16T02:36:15.761-07:00,,operational_state,inbound,query_operational_state,received,,device_response,19,0,,,0,Idle Normal,,,
2026-08-16T02:36:15.802-07:00,,query_completed,outbound,query_operational_state,ok,,periodic,18,0,,,,,,,
2026-08-16T02:36:44.833-07:00,,query_sent,outbound,get_commodity,pending,,periodic,6,0,,,,,,,
2026-08-16T02:36:44.922-07:00,,link_ack,inbound,get_commodity,ack,,link_layer,6,,,,,,,,
2026-08-16T02:36:45.090-07:00,,intermediate_response,inbound,get_commodity,success,,device_response,6,128,,,,,0,success,
2026-08-16T02:36:45.134-07:00,,query_completed,outbound,get_commodity,ok,,periodic,6,0,,,,,0,success,
2026-08-16T02:36:45.134-07:00,,query_sent,outbound,query_operational_state,pending,,periodic,18,0,,,,,,,
2026-08-16T02:36:45.296-07:00,,link_ack,inbound,query_operational_state,ack,,link_layer,18,,,,,,,,
2026-08-16T02:36:45.420-07:00,,operational_state,inbound,query_operational_state,received,,device_response,19,0,,,0,Idle Normal,,,
2026-08-16T02:36:45.460-07:00,,query_completed,outbound,query_operational_state,ok,,periodic,18,0,,,,,,,
2026-08-16T02:37:15.492-07:00,,query_sent,outbound,query_operational_state,pending,,periodic,18,0,,,,,,,
2026-08-16T02:37:15.583-07:00,,link_ack,inbound,query_operational_state,ack,,link_layer,18,,,,,,,,
2026-08-16T02:37:15.707-07:00,,operational_state,inbound,query_operational_state,received,,device_response,19,0,,,0,Idle Normal,,,
2026-08-16T02:37:15.748-07:00,,query_completed,outbound,query_operational_state,ok,,periodic,18,0,,,,,,,
2026-08-16T02:37:44.779-07:00,,query_sent,outbound,get_commodity,pending,,periodic,6,0,,,,,,,
2026-08-16T02:37:44.869-07:00,,link_ack,inbound,get_commodity,ack,,link_layer,6,,,,,,,,
2026-08-16T02:37:45.037-07:00,,intermediate_response,inbound,get_commodity,success,,device_response,6,128,,,,,0,success,
2026-08-16T02:37:45.081-07:00,,query_completed,outbound,get_commodity,ok,,periodic,6,0,,,,,0,success,
2026-08-16T02:37:45.081-07:00,,query_sent,outbound,query_operational_state,pending,,periodic,18,0,,,,,,,
2026-08-16T02:37:45.243-07:00,,link_ack,inbound,query_operational_state,ack,,link_layer,18,,,,,,,,
2026-08-16T02:37:45.367-07:00,,operational_state,inbound,query_operational_state,received,,device_response,19,0,,,0,Idle Normal,,,
2026-08-16T02:37:45.407-07:00,,query_completed,outbound,query_operational_state,ok,,periodic,18,0,,,,,,,
2026-08-16T02:38:15.440-07:00,,query_sent,outbound,query_operational_state,pending,,periodic,18,0,,,,,,,
2026-08-16T02:38:15.528-07:00,,link_ack,inbound,query_operational_state,ack,,link_layer,18,,,,,,,,
2026-08-16T02:38:15.652-07:00,,operational_state,inbound,query_operational_state,received,,device_response,19,0,,,0,Idle Normal,,,
2026-08-16T02:38:15.692-07:00,,query_completed,outbound,query_operational_state,ok,,periodic,18,0,,,,,,,
2026-08-16T02:38:44.724-07:00,,query_sent,outbound,get_commodity,pending,,periodic,6,0,,,,,,,
2026-08-16T02:38:44.812-07:00,,link_ack,inbound,get_commodity,ack,,link_layer,6,,,,,,,,
2026-08-16T02:38:44.982-07:00,,intermediate_response,inbound,get_commodity,success,,device_response,6,128,,,,,0,success,
2026-08-16T02:38:45.025-07:00,,query_completed,outbound,get_commodity,ok,,periodic,6,0,,,,,0,success,
2026-08-16T02:38:45.025-07:00,,query_sent,outbound,query_operational_state,pending,,periodic,18,0,,,,,,,
2026-08-16T02:38:45.187-07:00,,link_ack,inbound,query_operational_state,ack,,link_layer,18,,,,,,,,
2026-08-16T02:38:45.310-07:00,,operational_state,inbound,query_operational_state,received,,device_response,19,0,,,0,Idle Normal,,,
2026-08-16T02:38:45.351-07:00,,query_completed,outbound,query_operational_state,ok,,periodic,18,0,,,,,,,
2026-08-16T02:39:15.384-07:00,,query_sent,outbound,query_operational_state,pending,,periodic,18,0,,,,,,,
2026-08-16T02:39:15.470-07:00,,link_ack,inbound,query_operational_state,ack,,link_layer,18,,,,,,,,
2026-08-16T02:39:15.594-07:00,,operational_state,inbound,query_operational_state,received,,device_response,19,0,,,0,Idle Normal,,,
2026-08-16T02:39:15.634-07:00,,query_completed,outbound,query_operational_state,ok,,periodic,18,0,,,,,,,
2026-08-16T02:39:44.666-07:00,,query_sent,outbound,get_commodity,pending,,periodic,6,0,,,,,,,
2026-08-16T02:39:44.752-07:00,,link_ack,inbound,get_commodity,ack,,link_layer,6,,,,,,,,
2026-08-16T02:39:44.921-07:00,,intermediate_response,inbound,get_commodity,success,,device_response,6,128,,,,,0,success,
2026-08-16T02:39:44.965-07:00,,query_completed,outbound,get_commodity,ok,,periodic,6,0,,,,,0,success,
2026-08-16T02:39:44.965-07:00,,query_sent,outbound,query_operational_state,pending,,periodic,18,0,,,,,,,
2026-08-16T02:39:45.127-07:00,,link_ack,inbound,query_operational_state,ack,,link_layer,18,,,,,,,,
2026-08-16T02:39:45.250-07:00,,operational_state,inbound,query_operational_state,received,,device_response,19,0,,,0,Idle Normal,,,
2026-08-16T02:39:45.291-07:00,,query_completed,outbound,query_operational_state,ok,,periodic,18,0,,,,,,,
2026-08-16T02:40:15.322-07:00,auto_outside_comm_heartbeat_01,command_sent,outbound,outside_communication1,pending,0,schedule,14,0,,,,,,,
2026-08-16T02:40:15.411-07:00,,link_ack,inbound,outside_communication,ack,,link_layer,14,,,,,,,,
2026-08-16T02:40:15.534-07:00,,application_ack,inbound,outside_communication,ack,,application_layer,3,14,,,,,,,
2026-08-16T02:40:15.575-07:00,auto_outside_comm_heartbeat_01,command_completed,outbound,outside_communication1,ok,0,schedule,14,0,,,,,,,
2026-08-16T02:40:15.577-07:00,,query_sent,outbound,query_operational_state,pending,,periodic,18,0,,,,,,,
2026-08-16T02:40:15.737-07:00,,link_ack,inbound,query_operational_state,ack,,link_layer,18,,,,,,,,
2026-08-16T02:40:15.861-07:00,,operational_state,inbound,query_operational_state,received,,device_response,19,0,,,0,Idle Normal,,,
2026-08-16T02:40:15.902-07:00,,query_completed,outbound,query_operational_state,ok,,periodic,18,0,,,,,,,
2026-08-16T02:40:44.933-07:00,,query_sent,outbound,get_commodity,pending,,periodic,6,0,,,,,,,
2026-08-16T02:40:45.020-07:00,,link_ack,inbound,get_commodity,ack,,link_layer,6,,,,,,,,
2026-08-16T02:40:45.188-07:00,,intermediate_response,inbound,get_commodity,success,,device_response,6,128,,,,,0,success,
2026-08-16T02:40:45.232-07:00,,query_completed,outbound,get_commodity,ok,,periodic,6,0,,,,,0,success,
2026-08-16T02:40:45.232-07:00,,query_sent,outbound,query_operational_state,pending,,periodic,18,0,,,,,,,
2026-08-16T02:40:45.394-07:00,,link_ack,inbound,query_operational_state,ack,,link_layer,18,,,,,,,,
2026-08-16T02:40:45.517-07:00,,operational_state,inbound,query_operational_state,received,,device_response,19,0,,,0,Idle Normal,,,
2026-08-16T02:40:45.558-07:00,,query_completed,outbound,query_operational_state,ok,,periodic,18,0,,,,,,,
2026-08-16T02:41:15.590-07:00,,query_sent,outbound,query_operational_state,pending,,periodic,18,0,,,,,,,
2026-08-16T02:41:15.679-07:00,,link_ack,inbound,query_operational_state,ack,,link_layer,18,,,,,,,,
2026-08-16T02:41:15.802-07:00,,operational_state,inbound,query_operational_state,received,,device_response,19,0,,,0,Idle Normal,,,
2026-08-16T02:41:15.843-07:00,,query_completed,outbound,query_operational_state,ok,,periodic,18,0,,,,,,,
2026-08-16T02:41:44.874-07:00,,query_sent,outbound,get_commodity,pending,,periodic,6,0,,,,,,,
2026-08-16T02:41:44.962-07:00,,link_ack,inbound,get_commodity,ack,,link_layer,6,,,,,,,,
2026-08-16T02:41:45.130-07:00,,intermediate_response,inbound,get_commodity,success,,device_response,6,128,,,,,0,success,
2026-08-16T02:41:45.174-07:00,,query_completed,outbound,get_commodity,ok,,periodic,6,0,,,,,0,success,
2026-08-16T02:41:45.174-07:00,,query_sent,outbound,query_operational_state,pending,,periodic,18,0,,,,,,,
2026-08-16T02:41:45.335-07:00,,link_ack,inbound,query_operational_state,ack,,link_layer,18,,,,,,,,
2026-08-16T02:41:45.459-07:00,,operational_state,inbound,query_operational_state,received,,device_response,19,0,,,0,Idle Normal,,,
2026-08-16T02:41:45.500-07:00,,query_completed,outbound,query_operational_state,ok,,periodic,18,0,,,,,,,
2026-08-16T02:42:15.532-07:00,,query_sent,outbound,query_operational_state,pending,,periodic,18,0,,,,,,,
2026-08-16T02:42:15.620-07:00,,link_ack,inbound,query_operational_state,ack,,link_layer,18,,,,,,,,
2026-08-16T02:42:15.744-07:00,,operational_state,inbound,query_operational_state,received,,device_response,19,0,,,0,Idle Normal,,,
2026-08-16T02:42:15.785-07:00,,query_completed,outbound,query_operational_state,ok,,periodic,18,0,,,,,,,
2026-08-16T02:42:44.816-07:00,,query_sent,outbound,get_commodity,pending,,periodic,6,0,,,,,,,
2026-08-16T02:42:44.902-07:00,,link_ack,inbound,get_commodity,ack,,link_layer,6,,,,,,,,
2026-08-16T02:42:45.071-07:00,,intermediate_response,inbound,get_commodity,success,,device_response,6,128,,,,,0,success,
2026-08-16T02:42:45.116-07:00,,query_completed,outbound,get_commodity,ok,,periodic,6,0,,,,,0,success,
2026-08-16T02:42:45.116-07:00,,query_sent,outbound,query_operational_state,pending,,periodic,18,0,,,,,,,
2026-08-16T02:42:45.278-07:00,,link_ack,inbound,query_operational_state,ack,,link_layer,18,,,,,,,,
2026-08-16T02:42:45.403-07:00,,operational_state,inbound,query_operational_state,received,,device_response,19,0,,,0,Idle Normal,,,
2026-08-16T02:42:45.444-07:00,,query_completed,outbound,query_operational_state,ok,,periodic,18,0,,,,,,,
2026-08-16T02:43:15.475-07:00,,query_sent,outbound,query_operational_state,pending,,periodic,18,0,,,,,,,
2026-08-16T02:43:15.567-07:00,,link_ack,inbound,query_operational_state,ack,,link_layer,18,,,,,,,,
2026-08-16T02:43:15.690-07:00,,operational_state,inbound,query_operational_state,received,,device_response,19,0,,,0,Idle Normal,,,
2026-08-16T02:43:15.731-07:00,,query_completed,outbound,query_operational_state,ok,,periodic,18,0,,,,,,,
2026-08-16T02:43:44.762-07:00,,query_sent,outbound,get_commodity,pending,,periodic,6,0,,,,,,,
2026-08-16T02:43:44.850-07:00,,link_ack,inbound,get_commodity,ack,,link_layer,6,,,,,,,,
2026-08-16T02:43:45.020-07:00,,intermediate_response,inbound,get_commodity,success,,device_response,6,128,,,,,0,success,
2026-08-16T02:43:45.064-07:00,,query_completed,outbound,get_commodity,ok,,periodic,6,0,,,,,0,success,
2026-08-16T02:43:45.064-07:00,,query_sent,outbound,query_operational_state,pending,,periodic,18,0,,,,,,,
2026-08-16T02:43:45.227-07:00,,link_ack,inbound,query_operational_state,ack,,link_layer,18,,,,,,,,
2026-08-16T02:43:45.351-07:00,,operational_state,inbound,query_operational_state,received,,device_response,19,0,,,0,Idle Normal,,,
2026-08-16T02:43:45.392-07:00,,query_completed,outbound,query_operational_state,ok,,periodic,18,0,,,,,,,
2026-08-16T02:44:15.424-07:00,,query_sent,outbound,query_operational_state,pending,,periodic,18,0,,,,,,,
2026-08-16T02:44:15.514-07:00,,link_ack,inbound,query_operational_state,ack,,link_layer,18,,,,,,,,
2026-08-16T02:44:15.639-07:00,,operational_state,inbound,query_operational_state,received,,device_response,19,0,,,0,Idle Normal,,,
2026-08-16T02:44:15.679-07:00,,query_completed,outbound,query_operational_state,ok,,periodic,18,0,,,,,,,
2026-08-16T02:44:44.710-07:00,,query_sent,outbound,get_commodity,pending,,periodic,6,0,,,,,,,
2026-08-16T02:44:44.798-07:00,,link_ack,inbound,get_commodity,ack,,link_layer,6,,,,,,,,
2026-08-16T02:44:44.966-07:00,,intermediate_response,inbound,get_commodity,success,,device_response,6,128,,,,,0,success,
2026-08-16T02:44:45.010-07:00,,query_completed,outbound,get_commodity,ok,,periodic,6,0,,,,,0,success,
2026-08-16T02:44:45.010-07:00,,query_sent,outbound,query_operational_state,pending,,periodic,18,0,,,,,,,
2026-08-16T02:44:45.172-07:00,,link_ack,inbound,query_operational_state,ack,,link_layer,18,,,,,,,,
2026-08-16T02:44:45.297-07:00,,operational_state,inbound,query_operational_state,received,,device_response,19,0,,,0,Idle Normal,,,
2026-08-16T02:44:45.337-07:00,,query_completed,outbound,query_operational_state,ok,,periodic,18,0,,,,,,,
2026-08-16T02:45:15.369-07:00,,query_sent,outbound,query_operational_state,pending,,periodic,18,0,,,,,,,
2026-08-16T02:45:15.458-07:00,,link_ack,inbound,query_operational_state,ack,,link_layer,18,,,,,,,,
2026-08-16T02:45:15.581-07:00,,operational_state,inbound,query_operational_state,received,,device_response,19,0,,,0,Idle Normal,,,
2026-08-16T02:45:15.622-07:00,,query_completed,outbound,query_operational_state,ok,,periodic,18,0,,,,,,,
2026-08-16T02:45:44.653-07:00,,query_sent,outbound,get_commodity,pending,,periodic,6,0,,,,,,,
2026-08-16T02:45:44.740-07:00,,link_ack,inbound,get_commodity,ack,,link_layer,6,,,,,,,,
2026-08-16T02:45:44.909-07:00,,intermediate_response,inbound,get_commodity,success,,device_response,6,128,,,,,0,success,
2026-08-16T02:45:44.953-07:00,,query_completed,outbound,get_commodity,ok,,periodic,6,0,,,,,0,success,
2026-08-16T02:45:44.953-07:00,,query_sent,outbound,query_operational_state,pending,,periodic,18,0,,,,,,,
2026-08-16T02:45:45.115-07:00,,link_ack,inbound,query_operational_state,ack,,link_layer,18,,,,,,,,
2026-08-16T02:45:45.238-07:00,,operational_state,inbound,query_operational_state,received,,device_response,19,0,,,0,Idle Normal,,,
2026-08-16T02:45:45.279-07:00,,query_completed,outbound,query_operational_state,ok,,periodic,18,0,,,,,,,
2026-08-16T02:46:15.311-07:00,,query_sent,outbound,query_operational_state,pending,,periodic,18,0,,,,,,,
2026-08-16T02:46:15.400-07:00,,link_ack,inbound,query_operational_state,ack,,link_layer,18,,,,,,,,
2026-08-16T02:46:15.523-07:00,,operational_state,inbound,query_operational_state,received,,device_response,19,0,,,0,Idle Normal,,,
2026-08-16T02:46:15.564-07:00,,query_completed,outbound,query_operational_state,ok,,periodic,18,0,,,,,,,
2026-08-16T02:46:45.596-07:00,,query_sent,outbound,get_commodity,pending,,periodic,6,0,,,,,,,
2026-08-16T02:46:45.685-07:00,,link_ack,inbound,get_commodity,ack,,link_layer,6,,,,,,,,
2026-08-16T02:46:45.854-07:00,,intermediate_response,inbound,get_commodity,success,,device_response,6,128,,,,,0,success,
2026-08-16T02:46:45.898-07:00,,query_completed,outbound,get_commodity,ok,,periodic,6,0,,,,,0,success,
2026-08-16T02:46:45.898-07:00,,query_sent,outbound,query_operational_state,pending,,periodic,18,0,,,,,,,
2026-08-16T02:46:46.061-07:00,,link_ack,inbound,query_operational_state,ack,,link_layer,18,,,,,,,,
2026-08-16T02:46:46.185-07:00,,operational_state,inbound,query_operational_state,received,,device_response,19,0,,,0,Idle Normal,,,
2026-08-16T02:46:46.226-07:00,,query_completed,outbound,query_operational_state,ok,,periodic,18,0,,,,,,,
2026-08-16T02:47:15.257-07:00,,query_sent,outbound,query_operational_state,pending,,periodic,18,0,,,,,,,
2026-08-16T02:47:15.345-07:00,,link_ack,inbound,query_operational_state,ack,,link_layer,18,,,,,,,,
2026-08-16T02:47:15.469-07:00,,operational_state,inbound,query_operational_state,received,,device_response,19,0,,,0,Idle Normal,,,
2026-08-16T02:47:15.510-07:00,,query_completed,outbound,query_operational_state,ok,,periodic,18,0,,,,,,,
2026-08-16T02:47:45.542-07:00,,query_sent,outbound,get_commodity,pending,,periodic,6,0,,,,,,,
2026-08-16T02:47:45.630-07:00,,link_ack,inbound,get_commodity,ack,,link_layer,6,,,,,,,,
2026-08-16T02:47:45.800-07:00,,intermediate_response,inbound,get_commodity,success,,device_response,6,128,,,,,0,success,
2026-08-16T02:47:45.843-07:00,,query_completed,outbound,get_commodity,ok,,periodic,6,0,,,,,0,success,
2026-08-16T02:47:45.844-07:00,,query_sent,outbound,query_operational_state,pending,,periodic,18,0,,,,,,,
2026-08-16T02:47:46.007-07:00,,link_ack,inbound,query_operational_state,ack,,link_layer,18,,,,,,,,
2026-08-16T02:47:46.131-07:00,,operational_state,inbound,query_operational_state,received,,device_response,19,0,,,0,Idle Normal,,,
2026-08-16T02:47:46.172-07:00,,query_completed,outbound,query_operational_state,ok,,periodic,18,0,,,,,,,
2026-08-16T02:48:15.203-07:00,,query_sent,outbound,query_operational_state,pending,,periodic,18,0,,,,,,,
2026-08-16T02:48:15.295-07:00,,link_ack,inbound,query_operational_state,ack,,link_layer,18,,,,,,,,
2026-08-16T02:48:15.418-07:00,,operational_state,inbound,query_operational_state,received,,device_response,19,0,,,0,Idle Normal,,,
2026-08-16T02:48:15.459-07:00,,query_completed,outbound,query_operational_state,ok,,periodic,18,0,,,,,,,
2026-08-16T02:48:45.491-07:00,,query_sent,outbound,get_commodity,pending,,periodic,6,0,,,,,,,
2026-08-16T02:48:45.579-07:00,,link_ack,inbound,get_commodity,ack,,link_layer,6,,,,,,,,
2026-08-16T02:48:45.749-07:00,,intermediate_response,inbound,get_commodity,success,,device_response,6,128,,,,,0,success,
2026-08-16T02:48:45.793-07:00,,query_completed,outbound,get_commodity,ok,,periodic,6,0,,,,,0,success,
2026-08-16T02:48:45.793-07:00,,query_sent,outbound,query_operational_state,pending,,periodic,18,0,,,,,,,
2026-08-16T02:48:45.955-07:00,,link_ack,inbound,query_operational_state,ack,,link_layer,18,,,,,,,,
2026-08-16T02:48:46.078-07:00,,operational_state,inbound,query_operational_state,received,,device_response,19,0,,,0,Idle Normal,,,
2026-08-16T02:48:46.119-07:00,,query_completed,outbound,query_operational_state,ok,,periodic,18,0,,,,,,,
2026-08-16T02:49:15.150-07:00,,query_sent,outbound,query_operational_state,pending,,periodic,18,0,,,,,,,
2026-08-16T02:49:15.238-07:00,,link_ack,inbound,query_operational_state,ack,,link_layer,18,,,,,,,,
2026-08-16T02:49:15.362-07:00,,operational_state,inbound,query_operational_state,received,,device_response,19,0,,,0,Idle Normal,,,
2026-08-16T02:49:15.402-07:00,,query_completed,outbound,query_operational_state,ok,,periodic,18,0,,,,,,,
2026-08-16T02:49:45.434-07:00,,query_sent,outbound,get_commodity,pending,,periodic,6,0,,,,,,,
2026-08-16T02:49:45.525-07:00,,link_ack,inbound,get_commodity,ack,,link_layer,6,,,,,,,,
2026-08-16T02:49:45.694-07:00,,intermediate_response,inbound,get_commodity,success,,device_response,6,128,,,,,0,success,
2026-08-16T02:49:45.737-07:00,,query_completed,outbound,get_commodity,ok,,periodic,6,0,,,,,0,success,
2026-08-16T02:49:45.737-07:00,,query_sent,outbound,query_operational_state,pending,,periodic,18,0,,,,,,,
2026-08-16T02:49:45.899-07:00,,link_ack,inbound,query_operational_state,ack,,link_layer,18,,,,,,,,
2026-08-16T02:49:46.023-07:00,,operational_state,inbound,query_operational_state,received,,device_response,19,0,,,0,Idle Normal,,,
2026-08-16T02:49:46.064-07:00,,query_completed,outbound,query_operational_state,ok,,periodic,18,0,,,,,,,
2026-08-16T02:50:15.095-07:00,,query_sent,outbound,query_operational_state,pending,,periodic,18,0,,,,,,,
2026-08-16T02:50:15.183-07:00,,link_ack,inbound,query_operational_state,ack,,link_layer,18,,,,,,,,
2026-08-16T02:50:15.307-07:00,,operational_state,inbound,query_operational_state,received,,device_response,19,0,,,0,Idle Normal,,,
2026-08-16T02:50:15.348-07:00,,query_completed,outbound,query_operational_state,ok,,periodic,18,0,,,,,,,
2026-08-16T02:50:45.380-07:00,,query_sent,outbound,get_commodity,pending,,periodic,6,0,,,,,,,
2026-08-16T02:50:45.469-07:00,,link_ack,inbound,get_commodity,ack,,link_layer,6,,,,,,,,
2026-08-16T02:50:45.640-07:00,,intermediate_response,inbound,get_commodity,success,,device_response,6,128,,,,,0,success,
2026-08-16T02:50:45.683-07:00,,query_completed,outbound,get_commodity,ok,,periodic,6,0,,,,,0,success,
2026-08-16T02:50:45.683-07:00,,query_sent,outbound,query_operational_state,pending,,periodic,18,0,,,,,,,
2026-08-16T02:50:45.846-07:00,,link_ack,inbound,query_operational_state,ack,,link_layer,18,,,,,,,,
2026-08-16T02:50:45.971-07:00,,operational_state,inbound,query_operational_state,received,,device_response,19,0,,,0,Idle Normal,,,
2026-08-16T02:50:46.011-07:00,,query_completed,outbound,query_operational_state,ok,,periodic,18,0,,,,,,,
2026-08-16T02:51:15.043-07:00,,query_sent,outbound,query_operational_state,pending,,periodic,18,0,,,,,,,
2026-08-16T02:51:15.130-07:00,,link_ack,inbound,query_operational_state,ack,,link_layer,18,,,,,,,,
2026-08-16T02:51:15.253-07:00,,operational_state,inbound,query_operational_state,received,,device_response,19,0,,,0,Idle Normal,,,
2026-08-16T02:51:15.293-07:00,,query_completed,outbound,query_operational_state,ok,,periodic,18,0,,,,,,,
2026-08-16T02:51:45.326-07:00,,query_sent,outbound,get_commodity,pending,,periodic,6,0,,,,,,,
2026-08-16T02:51:45.551-07:00,,query_completed,outbound,get_commodity,no_ack_received,,periodic,6,0,,,,,,,
2026-08-16T02:51:45.552-07:00,,query_sent,outbound,query_operational_state,pending,,periodic,18,0,,,,,,,
2026-08-16T02:51:45.710-07:00,,link_ack,inbound,query_operational_state,ack,,link_layer,18,,,,,,,,
2026-08-16T02:51:45.878-07:00,,intermediate_response,inbound,get_commodity,success,,device_response,6,128,,,,,0,success,
2026-08-16T02:51:45.922-07:00,,query_completed,outbound,query_operational_state,ok,,periodic,18,0,,,,,,,
2026-08-16T02:52:14.953-07:00,,query_sent,outbound,query_operational_state,pending,,periodic,18,0,,,,,,,
2026-08-16T02:52:15.041-07:00,,link_ack,inbound,query_operational_state,ack,,link_layer,18,,,,,,,,
2026-08-16T02:52:15.165-07:00,,operational_state,inbound,query_operational_state,received,,device_response,19,0,,,0,Idle Normal,,,
2026-08-16T02:52:15.205-07:00,,query_completed,outbound,query_operational_state,ok,,periodic,18,0,,,,,,,
2026-08-16T02:52:45.238-07:00,,query_sent,outbound,get_commodity,pending,,periodic,6,0,,,,,,,
2026-08-16T02:52:45.326-07:00,,link_ack,inbound,get_commodity,ack,,link_layer,6,,,,,,,,
2026-08-16T02:52:45.495-07:00,,intermediate_response,inbound,get_commodity,success,,device_response,6,128,,,,,0,success,
2026-08-16T02:52:45.539-07:00,,query_completed,outbound,get_commodity,ok,,periodic,6,0,,,,,0,success,
2026-08-16T02:52:45.539-07:00,,query_sent,outbound,query_operational_state,pending,,periodic,18,0,,,,,,,
2026-08-16T02:52:45.702-07:00,,link_ack,inbound,query_operational_state,ack,,link_layer,18,,,,,,,,
2026-08-16T02:52:45.826-07:00,,operational_state,inbound,query_operational_state,received,,device_response,19,0,,,0,Idle Normal,,,
2026-08-16T02:52:45.867-07:00,,query_completed,outbound,query_operational_state,ok,,periodic,18,0,,,,,,,
2026-08-16T02:53:14.898-07:00,,query_sent,outbound,query_operational_state,pending,,periodic,18,0,,,,,,,
2026-08-16T02:53:14.986-07:00,,link_ack,inbound,query_operational_state,ack,,link_layer,18,,,,,,,,
2026-08-16T02:53:15.109-07:00,,operational_state,inbound,query_operational_state,received,,device_response,19,0,,,0,Idle Normal,,,
2026-08-16T02:53:15.150-07:00,,query_completed,outbound,query_operational_state,ok,,periodic,18,0,,,,,,,
2026-08-16T02:53:45.181-07:00,auto_outside_comm_heartbeat_02,command_sent,outbound,outside_communication1,pending,0,schedule,14,0,,,,,,,
2026-08-16T02:53:45.273-07:00,,link_ack,inbound,outside_communication,ack,,link_layer,14,,,,,,,,
2026-08-16T02:53:45.396-07:00,,application_ack,inbound,outside_communication,ack,,application_layer,3,14,,,,,,,
2026-08-16T02:53:45.436-07:00,auto_outside_comm_heartbeat_02,command_completed,outbound,outside_communication1,ok,0,schedule,14,0,,,,,,,
2026-08-16T02:53:45.438-07:00,,query_sent,outbound,get_commodity,pending,,periodic,6,0,,,,,,,
2026-08-16T02:53:45.599-07:00,,link_ack,inbound,get_commodity,ack,,link_layer,6,,,,,,,,
2026-08-16T02:53:45.767-07:00,,intermediate_response,inbound,get_commodity,success,,device_response,6,128,,,,,0,success,
2026-08-16T02:53:45.811-07:00,,query_completed,outbound,get_commodity,ok,,periodic,6,0,,,,,0,success,
2026-08-16T02:53:45.812-07:00,,query_sent,outbound,query_operational_state,pending,,periodic,18,0,,,,,,,
2026-08-16T02:53:45.976-07:00,,link_ack,inbound,query_operational_state,ack,,link_layer,18,,,,,,,,
2026-08-16T02:53:46.099-07:00,,operational_state,inbound,query_operational_state,received,,device_response,19,0,,,0,Idle Normal,,,
2026-08-16T02:53:46.140-07:00,,query_completed,outbound,query_operational_state,ok,,periodic,18,0,,,,,,,
2026-08-16T02:54:15.170-07:00,,query_sent,outbound,query_operational_state,pending,,periodic,18,0,,,,,,,
2026-08-16T02:54:15.258-07:00,,link_ack,inbound,query_operational_state,ack,,link_layer,18,,,,,,,,
2026-08-16T02:54:15.381-07:00,,operational_state,inbound,query_operational_state,received,,device_response,19,0,,,0,Idle Normal,,,
2026-08-16T02:54:15.422-07:00,,query_completed,outbound,query_operational_state,ok,,periodic,18,0,,,,,,,
2026-08-16T02:54:45.453-07:00,,query_sent,outbound,get_commodity,pending,,periodic,6,0,,,,,,,
2026-08-16T02:54:45.543-07:00,,link_ack,inbound,get_commodity,ack,,link_layer,6,,,,,,,,
2026-08-16T02:54:45.710-07:00,,intermediate_response,inbound,get_commodity,success,,device_response,6,128,,,,,0,success,
2026-08-16T02:54:45.753-07:00,,query_completed,outbound,get_commodity,ok,,periodic,6,0,,,,,0,success,
2026-08-16T02:54:45.753-07:00,,query_sent,outbound,query_operational_state,pending,,periodic,18,0,,,,,,,
2026-08-16T02:54:45.915-07:00,,link_ack,inbound,query_operational_state,ack,,link_layer,18,,,,,,,,
2026-08-16T02:54:46.039-07:00,,operational_state,inbound,query_operational_state,received,,device_response,19,0,,,0,Idle Normal,,,
2026-08-16T02:54:46.080-07:00,,query_completed,outbound,query_operational_state,ok,,periodic,18,0,,,,,,,
2026-08-16T02:55:15.110-07:00,,query_sent,outbound,query_operational_state,pending,,periodic,18,0,,,,,,,
2026-08-16T02:55:15.200-07:00,,link_ack,inbound,query_operational_state,ack,,link_layer,18,,,,,,,,
2026-08-16T02:55:15.323-07:00,,operational_state,inbound,query_operational_state,received,,device_response,19,0,,,0,Idle Normal,,,
2026-08-16T02:55:15.363-07:00,,query_completed,outbound,query_operational_state,ok,,periodic,18,0,,,,,,,
2026-08-16T02:55:45.395-07:00,,query_sent,outbound,get_commodity,pending,,periodic,6,0,,,,,,,
2026-08-16T02:55:45.483-07:00,,link_ack,inbound,get_commodity,ack,,link_layer,6,,,,,,,,
2026-08-16T02:55:45.651-07:00,,intermediate_response,inbound,get_commodity,success,,device_response,6,128,,,,,0,success,
2026-08-16T02:55:45.695-07:00,,query_completed,outbound,get_commodity,ok,,periodic,6,0,,,,,0,success,
2026-08-16T02:55:45.695-07:00,,query_sent,outbound,query_operational_state,pending,,periodic,18,0,,,,,,,
2026-08-16T02:55:45.857-07:00,,link_ack,inbound,query_operational_state,ack,,link_layer,18,,,,,,,,
2026-08-16T02:55:45.981-07:00,,operational_state,inbound,query_operational_state,received,,device_response,19,0,,,0,Idle Normal,,,
2026-08-16T02:55:46.022-07:00,,query_completed,outbound,query_operational_state,ok,,periodic,18,0,,,,,,,
2026-08-16T02:56:15.052-07:00,,query_sent,outbound,query_operational_state,pending,,periodic,18,0,,,,,,,
2026-08-16T02:56:15.138-07:00,,link_ack,inbound,query_operational_state,ack,,link_layer,18,,,,,,,,
2026-08-16T02:56:15.262-07:00,,operational_state,inbound,query_operational_state,received,,device_response,19,0,,,0,Idle Normal,,,
2026-08-16T02:56:15.302-07:00,,query_completed,outbound,query_operational_state,ok,,periodic,18,0,,,,,,,
2026-08-16T02:56:45.333-07:00,,query_sent,outbound,get_commodity,pending,,periodic,6,0,,,,,,,
2026-08-16T02:56:45.422-07:00,,link_ack,inbound,get_commodity,ack,,link_layer,6,,,,,,,,
2026-08-16T02:56:45.591-07:00,,intermediate_response,inbound,get_commodity,success,,device_response,6,128,,,,,0,success,
2026-08-16T02:56:45.635-07:00,,query_completed,outbound,get_commodity,ok,,periodic,6,0,,,,,0,success,
2026-08-16T02:56:45.635-07:00,,query_sent,outbound,query_operational_state,pending,,periodic,18,0,,,,,,,
2026-08-16T02:56:45.797-07:00,,link_ack,inbound,query_operational_state,ack,,link_layer,18,,,,,,,,
2026-08-16T02:56:45.920-07:00,,operational_state,inbound,query_operational_state,received,,device_response,19,0,,,0,Idle Normal,,,
2026-08-16T02:56:45.961-07:00,,query_completed,outbound,query_operational_state,ok,,periodic,18,0,,,,,,,
2026-08-16T02:57:14.992-07:00,,query_sent,outbound,query_operational_state,pending,,periodic,18,0,,,,,,,
2026-08-16T02:57:15.084-07:00,,link_ack,inbound,query_operational_state,ack,,link_layer,18,,,,,,,,
2026-08-16T02:57:15.206-07:00,,operational_state,inbound,query_operational_state,received,,device_response,19,0,,,0,Idle Normal,,,
2026-08-16T02:57:15.247-07:00,,query_completed,outbound,query_operational_state,ok,,periodic,18,0,,,,,,,
2026-08-16T02:57:45.278-07:00,,query_sent,outbound,get_commodity,pending,,periodic,6,0,,,,,,,
2026-08-16T02:57:45.369-07:00,,link_ack,inbound,get_commodity,ack,,link_layer,6,,,,,,,,
2026-08-16T02:57:45.538-07:00,,intermediate_response,inbound,get_commodity,success,,device_response,6,128,,,,,0,success,
2026-08-16T02:57:45.582-07:00,,query_completed,outbound,get_commodity,ok,,periodic,6,0,,,,,0,success,
2026-08-16T02:57:45.582-07:00,,query_sent,outbound,query_operational_state,pending,,periodic,18,0,,,,,,,
2026-08-16T02:57:45.744-07:00,,link_ack,inbound,query_operational_state,ack,,link_layer,18,,,,,,,,
2026-08-16T02:57:45.867-07:00,,operational_state,inbound,query_operational_state,received,,device_response,19,0,,,0,Idle Normal,,,
2026-08-16T02:57:45.908-07:00,,query_completed,outbound,query_operational_state,ok,,periodic,18,0,,,,,,,
2026-08-16T02:58:14.939-07:00,,query_sent,outbound,query_operational_state,pending,,periodic,18,0,,,,,,,
2026-08-16T02:58:15.028-07:00,,link_ack,inbound,query_operational_state,ack,,link_layer,18,,,,,,,,
2026-08-16T02:58:15.151-07:00,,operational_state,inbound,query_operational_state,received,,device_response,19,0,,,0,Idle Normal,,,
2026-08-16T02:58:15.192-07:00,,query_completed,outbound,query_operational_state,ok,,periodic,18,0,,,,,,,
2026-08-16T02:58:45.223-07:00,,query_sent,outbound,get_commodity,pending,,periodic,6,0,,,,,,,
2026-08-16T02:58:45.313-07:00,,link_ack,inbound,get_commodity,ack,,link_layer,6,,,,,,,,
2026-08-16T02:58:45.482-07:00,,intermediate_response,inbound,get_commodity,success,,device_response,6,128,,,,,0,success,
2026-08-16T02:58:45.526-07:00,,query_completed,outbound,get_commodity,ok,,periodic,6,0,,,,,0,success,
2026-08-16T02:58:45.526-07:00,,query_sent,outbound,query_operational_state,pending,,periodic,18,0,,,,,,,
2026-08-16T02:58:45.688-07:00,,link_ack,inbound,query_operational_state,ack,,link_layer,18,,,,,,,,
2026-08-16T02:58:45.811-07:00,,operational_state,inbound,query_operational_state,received,,device_response,19,0,,,0,Idle Normal,,,
2026-08-16T02:58:45.852-07:00,,query_completed,outbound,query_operational_state,ok,,periodic,18,0,,,,,,,
2026-08-16T02:59:14.883-07:00,,query_sent,outbound,query_operational_state,pending,,periodic,18,0,,,,,,,
2026-08-16T02:59:14.974-07:00,,link_ack,inbound,query_operational_state,ack,,link_layer,18,,,,,,,,
2026-08-16T02:59:15.097-07:00,,operational_state,inbound,query_operational_state,received,,device_response,19,0,,,0,Idle Normal,,,
2026-08-16T02:59:15.138-07:00,,query_completed,outbound,query_operational_state,ok,,periodic,18,0,,,,,,,
2026-08-16T02:59:45.169-07:00,,query_sent,outbound,get_commodity,pending,,periodic,6,0,,,,,,,
2026-08-16T02:59:45.262-07:00,,link_ack,inbound,get_commodity,ack,,link_layer,6,,,,,,,,
2026-08-16T02:59:45.430-07:00,,intermediate_response,inbound,get_commodity,success,,device_response,6,128,,,,,0,success,
2026-08-16T02:59:45.473-07:00,,query_completed,outbound,get_commodity,ok,,periodic,6,0,,,,,0,success,
2026-08-16T02:59:45.474-07:00,,query_sent,outbound,query_operational_state,pending,,periodic,18,0,,,,,,,
2026-08-16T02:59:45.636-07:00,,link_ack,inbound,query_operational_state,ack,,link_layer,18,,,,,,,,
2026-08-16T02:59:45.760-07:00,,operational_state,inbound,query_operational_state,received,,device_response,19,0,,,0,Idle Normal,,,
2026-08-16T02:59:45.801-07:00,,query_completed,outbound,query_operational_state,ok,,periodic,18,0,,,,,,,
2026-08-16T03:00:14.832-07:00,,query_sent,outbound,query_operational_state,pending,,periodic,18,0,,,,,,,
2026-08-16T03:00:14.922-07:00,,link_ack,inbound,query_operational_state,ack,,link_layer,18,,,,,,,,
2026-08-16T03:00:15.046-07:00,,operational_state,inbound,query_operational_state,received,,device_response,19,0,,,0,Idle Normal,,,
2026-08-16T03:00:15.087-07:00,,query_completed,outbound,query_operational_state,ok,,periodic,18,0,,,,,,,
2026-08-16T03:00:45.118-07:00,,query_sent,outbound,get_commodity,pending,,periodic,6,0,,,,,,,
2026-08-16T03:00:45.207-07:00,,link_ack,inbound,get_commodity,ack,,link_layer,6,,,,,,,,
2026-08-16T03:00:45.375-07:00,,intermediate_response,inbound,get_commodity,success,,device_response,6,128,,,,,0,success,
2026-08-16T03:00:45.418-07:00,,query_completed,outbound,get_commodity,ok,,periodic,6,0,,,,,0,success,
2026-08-16T03:00:45.419-07:00,,query_sent,outbound,query_operational_state,pending,,periodic,18,0,,,,,,,
2026-08-16T03:00:45.580-07:00,,link_ack,inbound,query_operational_state,ack,,link_layer,18,,,,,,,,
2026-08-16T03:00:45.704-07:00,,operational_state,inbound,query_operational_state,received,,device_response,19,0,,,0,Idle Normal,,,
2026-08-16T03:00:45.745-07:00,,query_completed,outbound,query_operational_state,ok,,periodic,18,0,,,,,,,
2026-08-16T03:01:14.776-07:00,,query_sent,outbound,query_operational_state,pending,,periodic,18,0,,,,,,,
2026-08-16T03:01:14.862-07:00,,link_ack,inbound,query_operational_state,ack,,link_layer,18,,,,,,,,
2026-08-16T03:01:14.985-07:00,,operational_state,inbound,query_operational_state,received,,device_response,19,0,,,0,Idle Normal,,,
2026-08-16T03:01:15.026-07:00,,query_completed,outbound,query_operational_state,ok,,periodic,18,0,,,,,,,
2026-08-16T03:01:45.056-07:00,,query_sent,outbound,get_commodity,pending,,periodic,6,0,,,,,,,
2026-08-16T03:01:45.146-07:00,,link_ack,inbound,get_commodity,ack,,link_layer,6,,,,,,,,
2026-08-16T03:01:45.315-07:00,,intermediate_response,inbound,get_commodity,success,,device_response,6,128,,,,,0,success,
2026-08-16T03:01:45.358-07:00,,query_completed,outbound,get_commodity,ok,,periodic,6,0,,,,,0,success,
2026-08-16T03:01:45.359-07:00,,query_sent,outbound,query_operational_state,pending,,periodic,18,0,,,,,,,
2026-08-16T03:01:45.520-07:00,,link_ack,inbound,query_operational_state,ack,,link_layer,18,,,,,,,,
2026-08-16T03:01:45.644-07:00,,operational_state,inbound,query_operational_state,received,,device_response,19,0,,,0,Idle Normal,,,
2026-08-16T03:01:45.685-07:00,,query_completed,outbound,query_operational_state,ok,,periodic,18,0,,,,,,,
2026-08-16T03:02:14.715-07:00,,query_sent,outbound,query_operational_state,pending,,periodic,18,0,,,,,,,
2026-08-16T03:02:14.806-07:00,,link_ack,inbound,query_operational_state,ack,,link_layer,18,,,,,,,,
2026-08-16T03:02:14.930-07:00,,operational_state,inbound,query_operational_state,received,,device_response,19,0,,,0,Idle Normal,,,
2026-08-16T03:02:14.971-07:00,,query_completed,outbound,query_operational_state,ok,,periodic,18,0,,,,,,,
2026-08-16T03:02:45.002-07:00,,query_sent,outbound,get_commodity,pending,,periodic,6,0,,,,,,,
2026-08-16T03:02:45.091-07:00,,link_ack,inbound,get_commodity,ack,,link_layer,6,,,,,,,,
2026-08-16T03:02:45.259-07:00,,intermediate_response,inbound,get_commodity,success,,device_response,6,128,,,,,0,success,
2026-08-16T03:02:45.302-07:00,,query_completed,outbound,get_commodity,ok,,periodic,6,0,,,,,0,success,
2026-08-16T03:02:45.303-07:00,,query_sent,outbound,query_operational_state,pending,,periodic,18,0,,,,,,,
2026-08-16T03:02:45.464-07:00,,link_ack,inbound,query_operational_state,ack,,link_layer,18,,,,,,,,
2026-08-16T03:02:45.588-07:00,,operational_state,inbound,query_operational_state,received,,device_response,19,0,,,0,Idle Normal,,,
2026-08-16T03:02:45.628-07:00,,query_completed,outbound,query_operational_state,ok,,periodic,18,0,,,,,,,
2026-08-16T03:03:14.658-07:00,,query_sent,outbound,query_operational_state,pending,,periodic,18,0,,,,,,,
2026-08-16T03:03:14.749-07:00,,link_ack,inbound,query_operational_state,ack,,link_layer,18,,,,,,,,
2026-08-16T03:03:14.872-07:00,,operational_state,inbound,query_operational_state,received,,device_response,19,0,,,0,Idle Normal,,,
2026-08-16T03:03:14.913-07:00,,query_completed,outbound,query_operational_state,ok,,periodic,18,0,,,,,,,
2026-08-16T03:03:44.944-07:00,,query_sent,outbound,get_commodity,pending,,periodic,6,0,,,,,,,
2026-08-16T03:03:45.034-07:00,,link_ack,inbound,get_commodity,ack,,link_layer,6,,,,,,,,
2026-08-16T03:03:45.202-07:00,,intermediate_response,inbound,get_commodity,success,,device_response,6,128,,,,,0,success,
2026-08-16T03:03:45.245-07:00,,query_completed,outbound,get_commodity,ok,,periodic,6,0,,,,,0,success,
2026-08-16T03:03:45.246-07:00,,query_sent,outbound,query_operational_state,pending,,periodic,18,0,,,,,,,
2026-08-16T03:03:45.409-07:00,,link_ack,inbound,query_operational_state,ack,,link_layer,18,,,,,,,,
2026-08-16T03:03:45.533-07:00,,operational_state,inbound,query_operational_state,received,,device_response,19,0,,,0,Idle Normal,,,
2026-08-16T03:03:45.573-07:00,,query_completed,outbound,query_operational_state,ok,,periodic,18,0,,,,,,,
2026-08-16T03:04:15.604-07:00,,query_sent,outbound,query_operational_state,pending,,periodic,18,0,,,,,,,
2026-08-16T03:04:15.694-07:00,,link_ack,inbound,query_operational_state,ack,,link_layer,18,,,,,,,,
2026-08-16T03:04:15.817-07:00,,operational_state,inbound,query_operational_state,received,,device_response,19,0,,,0,Idle Normal,,,
2026-08-16T03:04:15.858-07:00,,query_completed,outbound,query_operational_state,ok,,periodic,18,0,,,,,,,
2026-08-16T03:04:44.888-07:00,,query_sent,outbound,get_commodity,pending,,periodic,6,0,,,,,,,
2026-08-16T03:04:44.975-07:00,,link_ack,inbound,get_commodity,ack,,link_layer,6,,,,,,,,
2026-08-16T03:04:45.142-07:00,,intermediate_response,inbound,get_commodity,success,,device_response,6,128,,,,,0,success,
2026-08-16T03:04:45.186-07:00,,query_completed,outbound,get_commodity,ok,,periodic,6,0,,,,,0,success,
2026-08-16T03:04:45.186-07:00,,query_sent,outbound,query_operational_state,pending,,periodic,18,0,,,,,,,
2026-08-16T03:04:45.348-07:00,,link_ack,inbound,query_operational_state,ack,,link_layer,18,,,,,,,,
2026-08-16T03:04:45.472-07:00,,operational_state,inbound,query_operational_state,received,,device_response,19,0,,,0,Idle Normal,,,
2026-08-16T03:04:45.513-07:00,,query_completed,outbound,query_operational_state,ok,,periodic,18,0,,,,,,,
2026-08-16T03:05:15.543-07:00,,query_sent,outbound,query_operational_state,pending,,periodic,18,0,,,,,,,
2026-08-16T03:05:15.634-07:00,,link_ack,inbound,query_operational_state,ack,,link_layer,18,,,,,,,,
2026-08-16T03:05:15.757-07:00,,operational_state,inbound,query_operational_state,received,,device_response,19,0,,,0,Idle Normal,,,
2026-08-16T03:05:15.798-07:00,,query_completed,outbound,query_operational_state,ok,,periodic,18,0,,,,,,,
2026-08-16T03:05:44.827-07:00,,query_sent,outbound,get_commodity,pending,,periodic,6,0,,,,,,,
2026-08-16T03:05:44.916-07:00,,link_ack,inbound,get_commodity,ack,,link_layer,6,,,,,,,,
2026-08-16T03:05:45.085-07:00,,intermediate_response,inbound,get_commodity,success,,device_response,6,128,,,,,0,success,
2026-08-16T03:05:45.128-07:00,,query_completed,outbound,get_commodity,ok,,periodic,6,0,,,,,0,success,
2026-08-16T03:05:45.128-07:00,,query_sent,outbound,query_operational_state,pending,,periodic,18,0,,,,,,,
2026-08-16T03:05:45.290-07:00,,link_ack,inbound,query_operational_state,ack,,link_layer,18,,,,,,,,
2026-08-16T03:05:45.414-07:00,,operational_state,inbound,query_operational_state,received,,device_response,19,0,,,0,Idle Normal,,,
2026-08-16T03:05:45.454-07:00,,query_completed,outbound,query_operational_state,ok,,periodic,18,0,,,,,,,
2026-08-16T03:06:15.486-07:00,,query_sent,outbound,query_operational_state,pending,,periodic,18,0,,,,,,,
2026-08-16T03:06:15.576-07:00,,link_ack,inbound,query_operational_state,ack,,link_layer,18,,,,,,,,
2026-08-16T03:06:15.701-07:00,,operational_state,inbound,query_operational_state,received,,device_response,19,0,,,0,Idle Normal,,,
2026-08-16T03:06:15.742-07:00,,query_completed,outbound,query_operational_state,ok,,periodic,18,0,,,,,,,
2026-08-16T03:06:44.771-07:00,,query_sent,outbound,get_commodity,pending,,periodic,6,0,,,,,,,
2026-08-16T03:06:44.860-07:00,,link_ack,inbound,get_commodity,ack,,link_layer,6,,,,,,,,
2026-08-16T03:06:45.029-07:00,,intermediate_response,inbound,get_commodity,success,,device_response,6,128,,,,,0,success,
2026-08-16T03:06:45.073-07:00,,query_completed,outbound,get_commodity,ok,,periodic,6,0,,,,,0,success,
2026-08-16T03:06:45.073-07:00,,query_sent,outbound,query_operational_state,pending,,periodic,18,0,,,,,,,
2026-08-16T03:06:45.235-07:00,,link_ack,inbound,query_operational_state,ack,,link_layer,18,,,,,,,,
2026-08-16T03:06:45.358-07:00,,operational_state,inbound,query_operational_state,received,,device_response,19,0,,,0,Idle Normal,,,
2026-08-16T03:06:45.399-07:00,,query_completed,outbound,query_operational_state,ok,,periodic,18,0,,,,,,,
2026-08-16T03:07:15.429-07:00,auto_outside_comm_heartbeat_03,command_sent,outbound,outside_communication1,pending,0,schedule,14,0,,,,,,,
2026-08-16T03:07:15.519-07:00,,link_ack,inbound,outside_communication,ack,,link_layer,14,,,,,,,,
2026-08-16T03:07:15.643-07:00,,application_ack,inbound,outside_communication,ack,,application_layer,3,14,,,,,,,
2026-08-16T03:07:15.684-07:00,auto_outside_comm_heartbeat_03,command_completed,outbound,outside_communication1,ok,0,schedule,14,0,,,,,,,
2026-08-16T03:07:15.685-07:00,,query_sent,outbound,query_operational_state,pending,,periodic,18,0,,,,,,,
2026-08-16T03:07:15.847-07:00,,link_ack,inbound,query_operational_state,ack,,link_layer,18,,,,,,,,
2026-08-16T03:07:15.970-07:00,,operational_state,inbound,query_operational_state,received,,device_response,19,0,,,0,Idle Normal,,,
2026-08-16T03:07:16.011-07:00,,query_completed,outbound,query_operational_state,ok,,periodic,18,0,,,,,,,
2026-08-16T03:07:45.040-07:00,,query_sent,outbound,get_commodity,pending,,periodic,6,0,,,,,,,
2026-08-16T03:07:45.130-07:00,,link_ack,inbound,get_commodity,ack,,link_layer,6,,,,,,,,
2026-08-16T03:07:45.298-07:00,,intermediate_response,inbound,get_commodity,success,,device_response,6,128,,,,,0,success,
2026-08-16T03:07:45.342-07:00,,query_completed,outbound,get_commodity,ok,,periodic,6,0,,,,,0,success,
2026-08-16T03:07:45.342-07:00,,query_sent,outbound,query_operational_state,pending,,periodic,18,0,,,,,,,
2026-08-16T03:07:45.504-07:00,,link_ack,inbound,query_operational_state,ack,,link_layer,18,,,,,,,,
2026-08-16T03:07:45.628-07:00,,operational_state,inbound,query_operational_state,received,,device_response,19,0,,,0,Idle Normal,,,
2026-08-16T03:07:45.669-07:00,,query_completed,outbound,query_operational_state,ok,,periodic,18,0,,,,,,,
2026-08-16T03:08:14.698-07:00,,query_sent,outbound,query_operational_state,pending,,periodic,18,0,,,,,,,
2026-08-16T03:08:14.786-07:00,,link_ack,inbound,query_operational_state,ack,,link_layer,18,,,,,,,,
2026-08-16T03:08:14.910-07:00,,operational_state,inbound,query_operational_state,received,,device_response,19,0,,,0,Idle Normal,,,
2026-08-16T03:08:14.950-07:00,,query_completed,outbound,query_operational_state,ok,,periodic,18,0,,,,,,,
2026-08-16T03:08:44.980-07:00,,query_sent,outbound,get_commodity,pending,,periodic,6,0,,,,,,,
2026-08-16T03:08:45.072-07:00,,link_ack,inbound,get_commodity,ack,,link_layer,6,,,,,,,,
2026-08-16T03:08:45.241-07:00,,intermediate_response,inbound,get_commodity,success,,device_response,6,128,,,,,0,success,
2026-08-16T03:08:45.285-07:00,,query_completed,outbound,get_commodity,ok,,periodic,6,0,,,,,0,success,
2026-08-16T03:08:45.285-07:00,,query_sent,outbound,query_operational_state,pending,,periodic,18,0,,,,,,,
2026-08-16T03:08:45.447-07:00,,link_ack,inbound,query_operational_state,ack,,link_layer,18,,,,,,,,
2026-08-16T03:08:45.571-07:00,,operational_state,inbound,query_operational_state,received,,device_response,19,0,,,0,Idle Normal,,,
2026-08-16T03:08:45.612-07:00,,query_completed,outbound,query_operational_state,ok,,periodic,18,0,,,,,,,
2026-08-16T03:09:14.641-07:00,,query_sent,outbound,query_operational_state,pending,,periodic,18,0,,,,,,,
2026-08-16T03:09:14.731-07:00,,link_ack,inbound,query_operational_state,ack,,link_layer,18,,,,,,,,
2026-08-16T03:09:14.855-07:00,,operational_state,inbound,query_operational_state,received,,device_response,19,0,,,0,Idle Normal,,,
2026-08-16T03:09:14.896-07:00,,query_completed,outbound,query_operational_state,ok,,periodic,18,0,,,,,,,
2026-08-16T03:09:44.925-07:00,,query_sent,outbound,get_commodity,pending,,periodic,6,0,,,,,,,
2026-08-16T03:09:45.015-07:00,,link_ack,inbound,get_commodity,ack,,link_layer,6,,,,,,,,
2026-08-16T03:09:45.184-07:00,,intermediate_response,inbound,get_commodity,success,,device_response,6,128,,,,,0,success,
2026-08-16T03:09:45.227-07:00,,query_completed,outbound,get_commodity,ok,,periodic,6,0,,,,,0,success,
2026-08-16T03:09:45.228-07:00,,query_sent,outbound,query_operational_state,pending,,periodic,18,0,,,,,,,
2026-08-16T03:09:45.391-07:00,,link_ack,inbound,query_operational_state,ack,,link_layer,18,,,,,,,,
2026-08-16T03:09:45.514-07:00,,operational_state,inbound,query_operational_state,received,,device_response,19,0,,,0,Idle Normal,,,
2026-08-16T03:09:45.555-07:00,,query_completed,outbound,query_operational_state,ok,,periodic,18,0,,,,,,,
2026-08-16T03:10:15.585-07:00,,query_sent,outbound,query_operational_state,pending,,periodic,18,0,,,,,,,
2026-08-16T03:10:15.674-07:00,,link_ack,inbound,query_operational_state,ack,,link_layer,18,,,,,,,,
2026-08-16T03:10:15.798-07:00,,operational_state,inbound,query_operational_state,received,,device_response,19,0,,,0,Idle Normal,,,
2026-08-16T03:10:15.838-07:00,,query_completed,outbound,query_operational_state,ok,,periodic,18,0,,,,,,,
2026-08-16T03:10:44.868-07:00,,query_sent,outbound,get_commodity,pending,,periodic,6,0,,,,,,,
2026-08-16T03:10:44.956-07:00,,link_ack,inbound,get_commodity,ack,,link_layer,6,,,,,,,,
2026-08-16T03:10:45.124-07:00,,intermediate_response,inbound,get_commodity,success,,device_response,6,128,,,,,0,success,
2026-08-16T03:10:45.168-07:00,,query_completed,outbound,get_commodity,ok,,periodic,6,0,,,,,0,success,
2026-08-16T03:10:45.168-07:00,,query_sent,outbound,query_operational_state,pending,,periodic,18,0,,,,,,,
2026-08-16T03:10:45.331-07:00,,link_ack,inbound,query_operational_state,ack,,link_layer,18,,,,,,,,
2026-08-16T03:10:45.455-07:00,,operational_state,inbound,query_operational_state,received,,device_response,19,0,,,0,Idle Normal,,,
2026-08-16T03:10:45.496-07:00,,query_completed,outbound,query_operational_state,ok,,periodic,18,0,,,,,,,
2026-08-16T03:11:15.527-07:00,,query_sent,outbound,query_operational_state,pending,,periodic,18,0,,,,,,,
2026-08-16T03:11:15.616-07:00,,link_ack,inbound,query_operational_state,ack,,link_layer,18,,,,,,,,
2026-08-16T03:11:15.741-07:00,,operational_state,inbound,query_operational_state,received,,device_response,19,0,,,0,Idle Normal,,,
2026-08-16T03:11:15.782-07:00,,query_completed,outbound,query_operational_state,ok,,periodic,18,0,,,,,,,
2026-08-16T03:11:44.812-07:00,,query_sent,outbound,get_commodity,pending,,periodic,6,0,,,,,,,
2026-08-16T03:11:44.902-07:00,,link_ack,inbound,get_commodity,ack,,link_layer,6,,,,,,,,
2026-08-16T03:11:45.071-07:00,,intermediate_response,inbound,get_commodity,success,,device_response,6,128,,,,,0,success,
2026-08-16T03:11:45.115-07:00,,query_completed,outbound,get_commodity,ok,,periodic,6,0,,,,,0,success,
2026-08-16T03:11:45.115-07:00,,query_sent,outbound,query_operational_state,pending,,periodic,18,0,,,,,,,
2026-08-16T03:11:45.277-07:00,,link_ack,inbound,query_operational_state,ack,,link_layer,18,,,,,,,,
2026-08-16T03:11:45.400-07:00,,operational_state,inbound,query_operational_state,received,,device_response,19,0,,,0,Idle Normal,,,
2026-08-16T03:11:45.441-07:00,,query_completed,outbound,query_operational_state,ok,,periodic,18,0,,,,,,,
2026-08-16T03:12:15.472-07:00,,query_sent,outbound,query_operational_state,pending,,periodic,18,0,,,,,,,
2026-08-16T03:12:15.563-07:00,,link_ack,inbound,query_operational_state,ack,,link_layer,18,,,,,,,,
2026-08-16T03:12:15.688-07:00,,operational_state,inbound,query_operational_state,received,,device_response,19,0,,,0,Idle Normal,,,
2026-08-16T03:12:15.728-07:00,,query_completed,outbound,query_operational_state,ok,,periodic,18,0,,,,,,,
2026-08-16T03:12:44.758-07:00,,query_sent,outbound,get_commodity,pending,,periodic,6,0,,,,,,,
2026-08-16T03:12:44.846-07:00,,link_ack,inbound,get_commodity,ack,,link_layer,6,,,,,,,,
2026-08-16T03:12:45.014-07:00,,intermediate_response,inbound,get_commodity,success,,device_response,6,128,,,,,0,success,
2026-08-16T03:12:45.058-07:00,,query_completed,outbound,get_commodity,ok,,periodic,6,0,,,,,0,success,
2026-08-16T03:12:45.058-07:00,,query_sent,outbound,query_operational_state,pending,,periodic,18,0,,,,,,,
2026-08-16T03:12:45.220-07:00,,link_ack,inbound,query_operational_state,ack,,link_layer,18,,,,,,,,
2026-08-16T03:12:45.344-07:00,,operational_state,inbound,query_operational_state,received,,device_response,19,0,,,0,Idle Normal,,,
2026-08-16T03:12:45.385-07:00,,query_completed,outbound,query_operational_state,ok,,periodic,18,0,,,,,,,
2026-08-16T03:13:15.416-07:00,,query_sent,outbound,query_operational_state,pending,,periodic,18,0,,,,,,,
2026-08-16T03:13:15.505-07:00,,link_ack,inbound,query_operational_state,ack,,link_layer,18,,,,,,,,
2026-08-16T03:13:15.629-07:00,,operational_state,inbound,query_operational_state,received,,device_response,19,0,,,0,Idle Normal,,,
2026-08-16T03:13:15.670-07:00,,query_completed,outbound,query_operational_state,ok,,periodic,18,0,,,,,,,
2026-08-16T03:13:44.700-07:00,,query_sent,outbound,get_commodity,pending,,periodic,6,0,,,,,,,
2026-08-16T03:13:44.787-07:00,,link_ack,inbound,get_commodity,ack,,link_layer,6,,,,,,,,
2026-08-16T03:13:44.957-07:00,,intermediate_response,inbound,get_commodity,success,,device_response,6,128,,,,,0,success,
2026-08-16T03:13:45.000-07:00,,query_completed,outbound,get_commodity,ok,,periodic,6,0,,,,,0,success,
2026-08-16T03:13:45.000-07:00,,query_sent,outbound,query_operational_state,pending,,periodic,18,0,,,,,,,
2026-08-16T03:13:45.162-07:00,,link_ack,inbound,query_operational_state,ack,,link_layer,18,,,,,,,,
2026-08-16T03:13:45.285-07:00,,operational_state,inbound,query_operational_state,received,,device_response,19,0,,,0,Idle Normal,,,
2026-08-16T03:13:45.326-07:00,,query_completed,outbound,query_operational_state,ok,,periodic,18,0,,,,,,,
2026-08-16T03:14:15.357-07:00,,query_sent,outbound,query_operational_state,pending,,periodic,18,0,,,,,,,
2026-08-16T03:14:15.446-07:00,,link_ack,inbound,query_operational_state,ack,,link_layer,18,,,,,,,,
2026-08-16T03:14:15.571-07:00,,operational_state,inbound,query_operational_state,received,,device_response,19,0,,,0,Idle Normal,,,
2026-08-16T03:14:15.611-07:00,,query_completed,outbound,query_operational_state,ok,,periodic,18,0,,,,,,,
2026-08-16T03:14:44.641-07:00,,query_sent,outbound,get_commodity,pending,,periodic,6,0,,,,,,,
2026-08-16T03:14:44.732-07:00,,link_ack,inbound,get_commodity,ack,,link_layer,6,,,,,,,,
2026-08-16T03:14:44.901-07:00,,intermediate_response,inbound,get_commodity,success,,device_response,6,128,,,,,0,success,
2026-08-16T03:14:44.944-07:00,,query_completed,outbound,get_commodity,ok,,periodic,6,0,,,,,0,success,
2026-08-16T03:14:44.944-07:00,,query_sent,outbound,query_operational_state,pending,,periodic,18,0,,,,,,,
2026-08-16T03:14:45.106-07:00,,link_ack,inbound,query_operational_state,ack,,link_layer,18,,,,,,,,
2026-08-16T03:14:45.230-07:00,,operational_state,inbound,query_operational_state,received,,device_response,19,0,,,0,Idle Normal,,,
2026-08-16T03:14:45.270-07:00,,query_completed,outbound,query_operational_state,ok,,periodic,18,0,,,,,,,
2026-08-16T03:15:15.302-07:00,,query_sent,outbound,query_operational_state,pending,,periodic,18,0,,,,,,,
2026-08-16T03:15:15.390-07:00,,link_ack,inbound,query_operational_state,ack,,link_layer,18,,,,,,,,
2026-08-16T03:15:15.514-07:00,,operational_state,inbound,query_operational_state,received,,device_response,19,0,,,0,Idle Normal,,,
2026-08-16T03:15:15.555-07:00,,query_completed,outbound,query_operational_state,ok,,periodic,18,0,,,,,,,
2026-08-16T03:15:45.585-07:00,,query_sent,outbound,get_commodity,pending,,periodic,6,0,,,,,,,
2026-08-16T03:15:45.676-07:00,,link_ack,inbound,get_commodity,ack,,link_layer,6,,,,,,,,
2026-08-16T03:15:45.845-07:00,,intermediate_response,inbound,get_commodity,success,,device_response,6,128,,,,,0,success,
2026-08-16T03:15:45.888-07:00,,query_completed,outbound,get_commodity,ok,,periodic,6,0,,,,,0,success,
2026-08-16T03:15:45.888-07:00,,query_sent,outbound,query_operational_state,pending,,periodic,18,0,,,,,,,
2026-08-16T03:15:46.050-07:00,,link_ack,inbound,query_operational_state,ack,,link_layer,18,,,,,,,,
2026-08-16T03:15:46.174-07:00,,operational_state,inbound,query_operational_state,received,,device_response,19,0,,,0,Idle Normal,,,
2026-08-16T03:15:46.215-07:00,,query_completed,outbound,query_operational_state,ok,,periodic,18,0,,,,,,,
2026-08-16T03:16:15.244-07:00,,query_sent,outbound,query_operational_state,pending,,periodic,18,0,,,,,,,
2026-08-16T03:16:15.335-07:00,,link_ack,inbound,query_operational_state,ack,,link_layer,18,,,,,,,,
2026-08-16T03:16:15.459-07:00,,operational_state,inbound,query_operational_state,received,,device_response,19,0,,,0,Idle Normal,,,
2026-08-16T03:16:15.499-07:00,,query_completed,outbound,query_operational_state,ok,,periodic,18,0,,,,,,,
2026-08-16T03:16:45.530-07:00,,query_sent,outbound,get_commodity,pending,,periodic,6,0,,,,,,,
2026-08-16T03:16:45.623-07:00,,link_ack,inbound,get_commodity,ack,,link_layer,6,,,,,,,,
2026-08-16T03:16:45.791-07:00,,intermediate_response,inbound,get_commodity,success,,device_response,6,128,,,,,0,success,
2026-08-16T03:16:45.835-07:00,,query_completed,outbound,get_commodity,ok,,periodic,6,0,,,,,0,success,
2026-08-16T03:16:45.835-07:00,,query_sent,outbound,query_operational_state,pending,,periodic,18,0,,,,,,,
2026-08-16T03:16:45.997-07:00,,link_ack,inbound,query_operational_state,ack,,link_layer,18,,,,,,,,
2026-08-16T03:16:46.120-07:00,,operational_state,inbound,query_operational_state,received,,device_response,19,0,,,0,Idle Normal,,,
2026-08-16T03:16:46.161-07:00,,query_completed,outbound,query_operational_state,ok,,periodic,18,0,,,,,,,
2026-08-16T03:17:15.191-07:00,,query_sent,outbound,query_operational_state,pending,,periodic,18,0,,,,,,,
2026-08-16T03:17:15.284-07:00,,link_ack,inbound,query_operational_state,ack,,link_layer,18,,,,,,,,
2026-08-16T03:17:15.407-07:00,,operational_state,inbound,query_operational_state,received,,device_response,19,0,,,0,Idle Normal,,,
2026-08-16T03:17:15.447-07:00,,query_completed,outbound,query_operational_state,ok,,periodic,18,0,,,,,,,
2026-08-16T03:17:45.478-07:00,,query_sent,outbound,get_commodity,pending,,periodic,6,0,,,,,,,
2026-08-16T03:17:45.571-07:00,,link_ack,inbound,get_commodity,ack,,link_layer,6,,,,,,,,
2026-08-16T03:17:45.740-07:00,,intermediate_response,inbound,get_commodity,success,,device_response,6,128,,,,,0,success,
2026-08-16T03:17:45.783-07:00,,query_completed,outbound,get_commodity,ok,,periodic,6,0,,,,,0,success,
2026-08-16T03:17:45.784-07:00,,query_sent,outbound,query_operational_state,pending,,periodic,18,0,,,,,,,
2026-08-16T03:17:45.946-07:00,,link_ack,inbound,query_operational_state,ack,,link_layer,18,,,,,,,,
2026-08-16T03:17:46.069-07:00,,operational_state,inbound,query_operational_state,received,,device_response,19,0,,,0,Idle Normal,,,
2026-08-16T03:17:46.110-07:00,,query_completed,outbound,query_operational_state,ok,,periodic,18,0,,,,,,,
2026-08-16T03:18:15.140-07:00,,query_sent,outbound,query_operational_state,pending,,periodic,18,0,,,,,,,
2026-08-16T03:18:15.232-07:00,,link_ack,inbound,query_operational_state,ack,,link_layer,18,,,,,,,,
2026-08-16T03:18:15.355-07:00,,operational_state,inbound,query_operational_state,received,,device_response,19,0,,,0,Idle Normal,,,
2026-08-16T03:18:15.396-07:00,,query_completed,outbound,query_operational_state,ok,,periodic,18,0,,,,,,,
2026-08-16T03:18:45.426-07:00,,query_sent,outbound,get_commodity,pending,,periodic,6,0,,,,,,,
2026-08-16T03:18:45.515-07:00,,link_ack,inbound,get_commodity,ack,,link_layer,6,,,,,,,,
2026-08-16T03:18:45.683-07:00,,intermediate_response,inbound,get_commodity,success,,device_response,6,128,,,,,0,success,
2026-08-16T03:18:45.727-07:00,,query_completed,outbound,get_commodity,ok,,periodic,6,0,,,,,0,success,
2026-08-16T03:18:45.727-07:00,,query_sent,outbound,query_operational_state,pending,,periodic,18,0,,,,,,,
2026-08-16T03:18:45.889-07:00,,link_ack,inbound,query_operational_state,ack,,link_layer,18,,,,,,,,
2026-08-16T03:18:46.013-07:00,,operational_state,inbound,query_operational_state,received,,device_response,19,0,,,0,Idle Normal,,,
2026-08-16T03:18:46.053-07:00,,query_completed,outbound,query_operational_state,ok,,periodic,18,0,,,,,,,
2026-08-16T03:19:15.083-07:00,,query_sent,outbound,query_operational_state,pending,,periodic,18,0,,,,,,,
2026-08-16T03:19:15.174-07:00,,link_ack,inbound,query_operational_state,ack,,link_layer,18,,,,,,,,
2026-08-16T03:19:15.298-07:00,,operational_state,inbound,query_operational_state,received,,device_response,19,0,,,0,Idle Normal,,,
2026-08-16T03:19:15.338-07:00,,query_completed,outbound,query_operational_state,ok,,periodic,18,0,,,,,,,
2026-08-16T03:19:45.369-07:00,,query_sent,outbound,get_commodity,pending,,periodic,6,0,,,,,,,
2026-08-16T03:19:45.457-07:00,,link_ack,inbound,get_commodity,ack,,link_layer,6,,,,,,,,
2026-08-16T03:19:45.625-07:00,,intermediate_response,inbound,get_commodity,success,,device_response,6,128,,,,,0,success,
2026-08-16T03:19:45.668-07:00,,query_completed,outbound,get_commodity,ok,,periodic,6,0,,,,,0,success,
2026-08-16T03:19:45.669-07:00,,query_sent,outbound,query_operational_state,pending,,periodic,18,0,,,,,,,
2026-08-16T03:19:45.832-07:00,,link_ack,inbound,query_operational_state,ack,,link_layer,18,,,,,,,,
2026-08-16T03:19:45.956-07:00,,operational_state,inbound,query_operational_state,received,,device_response,19,0,,,0,Idle Normal,,,
2026-08-16T03:19:45.997-07:00,,query_completed,outbound,query_operational_state,ok,,periodic,18,0,,,,,,,
2026-08-16T03:20:15.027-07:00,,query_sent,outbound,query_operational_state,pending,,periodic,18,0,,,,,,,
2026-08-16T03:20:15.117-07:00,,link_ack,inbound,query_operational_state,ack,,link_layer,18,,,,,,,,
2026-08-16T03:20:15.241-07:00,,operational_state,inbound,query_operational_state,received,,device_response,19,0,,,0,Idle Normal,,,
2026-08-16T03:20:15.282-07:00,,query_completed,outbound,query_operational_state,ok,,periodic,18,0,,,,,,,
2026-08-16T03:20:45.312-07:00,auto_outside_comm_heartbeat_04,command_sent,outbound,outside_communication1,pending,0,schedule,14,0,,,,,,,
2026-08-16T03:20:45.404-07:00,,link_ack,inbound,outside_communication,ack,,link_layer,14,,,,,,,,
2026-08-16T03:20:45.528-07:00,,application_ack,inbound,outside_communication,ack,,application_layer,3,14,,,,,,,
2026-08-16T03:20:45.568-07:00,auto_outside_comm_heartbeat_04,command_completed,outbound,outside_communication1,ok,0,schedule,14,0,,,,,,,
2026-08-16T03:20:45.570-07:00,,query_sent,outbound,get_commodity,pending,,periodic,6,0,,,,,,,
2026-08-16T03:20:45.731-07:00,,link_ack,inbound,get_commodity,ack,,link_layer,6,,,,,,,,
2026-08-16T03:20:45.900-07:00,,intermediate_response,inbound,get_commodity,success,,device_response,6,128,,,,,0,success,
2026-08-16T03:20:45.944-07:00,,query_completed,outbound,get_commodity,ok,,periodic,6,0,,,,,0,success,
2026-08-16T03:20:45.944-07:00,,query_sent,outbound,query_operational_state,pending,,periodic,18,0,,,,,,,
2026-08-16T03:20:46.106-07:00,,link_ack,inbound,query_operational_state,ack,,link_layer,18,,,,,,,,
2026-08-16T03:20:46.229-07:00,,operational_state,inbound,query_operational_state,received,,device_response,19,0,,,0,Idle Normal,,,
2026-08-16T03:20:46.270-07:00,,query_completed,outbound,query_operational_state,ok,,periodic,18,0,,,,,,,
2026-08-16T03:21:15.299-07:00,,query_sent,outbound,query_operational_state,pending,,periodic,18,0,,,,,,,
2026-08-16T03:21:15.391-07:00,,link_ack,inbound,query_operational_state,ack,,link_layer,18,,,,,,,,
2026-08-16T03:21:15.516-07:00,,operational_state,inbound,query_operational_state,received,,device_response,19,0,,,0,Idle Normal,,,
2026-08-16T03:21:15.556-07:00,,query_completed,outbound,query_operational_state,ok,,periodic,18,0,,,,,,,
2026-08-16T03:21:45.586-07:00,,query_sent,outbound,get_commodity,pending,,periodic,6,0,,,,,,,
2026-08-16T03:21:45.677-07:00,,link_ack,inbound,get_commodity,ack,,link_layer,6,,,,,,,,
2026-08-16T03:21:45.845-07:00,,intermediate_response,inbound,get_commodity,success,,device_response,6,128,,,,,0,success,
2026-08-16T03:21:45.889-07:00,,query_completed,outbound,get_commodity,ok,,periodic,6,0,,,,,0,success,
2026-08-16T03:21:45.889-07:00,,query_sent,outbound,query_operational_state,pending,,periodic,18,0,,,,,,,
2026-08-16T03:21:46.051-07:00,,link_ack,inbound,query_operational_state,ack,,link_layer,18,,,,,,,,
2026-08-16T03:21:46.174-07:00,,operational_state,inbound,query_operational_state,received,,device_response,19,0,,,0,Idle Normal,,,
2026-08-16T03:21:46.215-07:00,,query_completed,outbound,query_operational_state,ok,,periodic,18,0,,,,,,,
2026-08-16T03:22:15.244-07:00,,query_sent,outbound,query_operational_state,pending,,periodic,18,0,,,,,,,
2026-08-16T03:22:15.332-07:00,,link_ack,inbound,query_operational_state,ack,,link_layer,18,,,,,,,,
2026-08-16T03:22:15.456-07:00,,operational_state,inbound,query_operational_state,received,,device_response,19,0,,,0,Idle Normal,,,
2026-08-16T03:22:15.497-07:00,,query_completed,outbound,query_operational_state,ok,,periodic,18,0,,,,,,,
2026-08-16T03:22:45.527-07:00,,query_sent,outbound,get_commodity,pending,,periodic,6,0,,,,,,,
2026-08-16T03:22:45.619-07:00,,link_ack,inbound,get_commodity,ack,,link_layer,6,,,,,,,,
2026-08-16T03:22:45.787-07:00,,intermediate_response,inbound,get_commodity,success,,device_response,6,128,,,,,0,success,
2026-08-16T03:22:45.831-07:00,,query_completed,outbound,get_commodity,ok,,periodic,6,0,,,,,0,success,
2026-08-16T03:22:45.831-07:00,,query_sent,outbound,query_operational_state,pending,,periodic,18,0,,,,,,,
2026-08-16T03:22:45.993-07:00,,link_ack,inbound,query_operational_state,ack,,link_layer,18,,,,,,,,
2026-08-16T03:22:46.117-07:00,,operational_state,inbound,query_operational_state,received,,device_response,19,0,,,0,Idle Normal,,,
2026-08-16T03:22:46.158-07:00,,query_completed,outbound,query_operational_state,ok,,periodic,18,0,,,,,,,
2026-08-16T03:23:15.187-07:00,,query_sent,outbound,query_operational_state,pending,,periodic,18,0,,,,,,,
2026-08-16T03:23:15.278-07:00,,link_ack,inbound,query_operational_state,ack,,link_layer,18,,,,,,,,
2026-08-16T03:23:15.402-07:00,,operational_state,inbound,query_operational_state,received,,device_response,19,0,,,0,Idle Normal,,,
2026-08-16T03:23:15.442-07:00,,query_completed,outbound,query_operational_state,ok,,periodic,18,0,,,,,,,
2026-08-16T03:23:45.473-07:00,,query_sent,outbound,get_commodity,pending,,periodic,6,0,,,,,,,
2026-08-16T03:23:45.562-07:00,,link_ack,inbound,get_commodity,ack,,link_layer,6,,,,,,,,
2026-08-16T03:23:45.730-07:00,,intermediate_response,inbound,get_commodity,success,,device_response,6,128,,,,,0,success,
2026-08-16T03:23:45.774-07:00,,query_completed,outbound,get_commodity,ok,,periodic,6,0,,,,,0,success,
2026-08-16T03:23:45.774-07:00,,query_sent,outbound,query_operational_state,pending,,periodic,18,0,,,,,,,
2026-08-16T03:23:45.938-07:00,,link_ack,inbound,query_operational_state,ack,,link_layer,18,,,,,,,,
2026-08-16T03:23:46.061-07:00,,operational_state,inbound,query_operational_state,received,,device_response,19,0,,,0,Idle Normal,,,
2026-08-16T03:23:46.101-07:00,,query_completed,outbound,query_operational_state,ok,,periodic,18,0,,,,,,,
2026-08-16T03:24:15.131-07:00,,query_sent,outbound,query_operational_state,pending,,periodic,18,0,,,,,,,
2026-08-16T03:24:15.220-07:00,,link_ack,inbound,query_operational_state,ack,,link_layer,18,,,,,,,,
2026-08-16T03:24:15.344-07:00,,operational_state,inbound,query_operational_state,received,,device_response,19,0,,,0,Idle Normal,,,
2026-08-16T03:24:15.384-07:00,,query_completed,outbound,query_operational_state,ok,,periodic,18,0,,,,,,,
2026-08-16T03:24:45.415-07:00,,query_sent,outbound,get_commodity,pending,,periodic,6,0,,,,,,,
2026-08-16T03:24:45.504-07:00,,link_ack,inbound,get_commodity,ack,,link_layer,6,,,,,,,,
2026-08-16T03:24:45.672-07:00,,intermediate_response,inbound,get_commodity,success,,device_response,6,128,,,,,0,success,
2026-08-16T03:24:45.715-07:00,,query_completed,outbound,get_commodity,ok,,periodic,6,0,,,,,0,success,
2026-08-16T03:24:45.716-07:00,,query_sent,outbound,query_operational_state,pending,,periodic,18,0,,,,,,,
2026-08-16T03:24:45.879-07:00,,link_ack,inbound,query_operational_state,ack,,link_layer,18,,,,,,,,
2026-08-16T03:24:46.003-07:00,,operational_state,inbound,query_operational_state,received,,device_response,19,0,,,0,Idle Normal,,,
2026-08-16T03:24:46.043-07:00,,query_completed,outbound,query_operational_state,ok,,periodic,18,0,,,,,,,
2026-08-16T03:25:15.073-07:00,,query_sent,outbound,query_operational_state,pending,,periodic,18,0,,,,,,,
2026-08-16T03:25:15.162-07:00,,link_ack,inbound,query_operational_state,ack,,link_layer,18,,,,,,,,
2026-08-16T03:25:15.285-07:00,,operational_state,inbound,query_operational_state,received,,device_response,19,0,,,0,Idle Normal,,,
2026-08-16T03:25:15.326-07:00,,query_completed,outbound,query_operational_state,ok,,periodic,18,0,,,,,,,
2026-08-16T03:25:45.356-07:00,,query_sent,outbound,get_commodity,pending,,periodic,6,0,,,,,,,
2026-08-16T03:25:45.446-07:00,,link_ack,inbound,get_commodity,ack,,link_layer,6,,,,,,,,
2026-08-16T03:25:45.614-07:00,,intermediate_response,inbound,get_commodity,success,,device_response,6,128,,,,,0,success,
2026-08-16T03:25:45.657-07:00,,query_completed,outbound,get_commodity,ok,,periodic,6,0,,,,,0,success,
2026-08-16T03:25:45.657-07:00,,query_sent,outbound,query_operational_state,pending,,periodic,18,0,,,,,,,
2026-08-16T03:25:45.821-07:00,,link_ack,inbound,query_operational_state,ack,,link_layer,18,,,,,,,,
2026-08-16T03:25:45.944-07:00,,operational_state,inbound,query_operational_state,received,,device_response,19,0,,,0,Idle Normal,,,
2026-08-16T03:25:45.985-07:00,,query_completed,outbound,query_operational_state,ok,,periodic,18,0,,,,,,,
2026-08-16T03:26:15.014-07:00,,query_sent,outbound,query_operational_state,pending,,periodic,18,0,,,,,,,
2026-08-16T03:26:15.103-07:00,,link_ack,inbound,query_operational_state,ack,,link_layer,18,,,,,,,,
2026-08-16T03:26:15.227-07:00,,operational_state,inbound,query_operational_state,received,,device_response,19,0,,,0,Idle Normal,,,
2026-08-16T03:26:15.267-07:00,,query_completed,outbound,query_operational_state,ok,,periodic,18,0,,,,,,,
2026-08-16T03:26:45.297-07:00,,query_sent,outbound,get_commodity,pending,,periodic,6,0,,,,,,,
2026-08-16T03:26:45.388-07:00,,link_ack,inbound,get_commodity,ack,,link_layer,6,,,,,,,,
2026-08-16T03:26:45.555-07:00,,intermediate_response,inbound,get_commodity,success,,device_response,6,128,,,,,0,success,
2026-08-16T03:26:45.599-07:00,,query_completed,outbound,get_commodity,ok,,periodic,6,0,,,,,0,success,
2026-08-16T03:26:45.599-07:00,,query_sent,outbound,query_operational_state,pending,,periodic,18,0,,,,,,,
2026-08-16T03:26:45.763-07:00,,link_ack,inbound,query_operational_state,ack,,link_layer,18,,,,,,,,
2026-08-16T03:26:45.886-07:00,,operational_state,inbound,query_operational_state,received,,device_response,19,0,,,0,Idle Normal,,,
2026-08-16T03:26:45.927-07:00,,query_completed,outbound,query_operational_state,ok,,periodic,18,0,,,,,,,
2026-08-16T03:27:14.957-07:00,,query_sent,outbound,query_operational_state,pending,,periodic,18,0,,,,,,,
2026-08-16T03:27:15.046-07:00,,link_ack,inbound,query_operational_state,ack,,link_layer,18,,,,,,,,
2026-08-16T03:27:15.171-07:00,,operational_state,inbound,query_operational_state,received,,device_response,19,0,,,0,Idle Normal,,,
2026-08-16T03:27:15.211-07:00,,query_completed,outbound,query_operational_state,ok,,periodic,18,0,,,,,,,
2026-08-16T03:27:45.242-07:00,,query_sent,outbound,get_commodity,pending,,periodic,6,0,,,,,,,
2026-08-16T03:27:45.333-07:00,,link_ack,inbound,get_commodity,ack,,link_layer,6,,,,,,,,
2026-08-16T03:27:45.501-07:00,,intermediate_response,inbound,get_commodity,success,,device_response,6,128,,,,,0,success,
2026-08-16T03:27:45.545-07:00,,query_completed,outbound,get_commodity,ok,,periodic,6,0,,,,,0,success,
2026-08-16T03:27:45.545-07:00,,query_sent,outbound,query_operational_state,pending,,periodic,18,0,,,,,,,
2026-08-16T03:27:45.707-07:00,,link_ack,inbound,query_operational_state,ack,,link_layer,18,,,,,,,,
2026-08-16T03:27:45.830-07:00,,operational_state,inbound,query_operational_state,received,,device_response,19,0,,,0,Idle Normal,,,
2026-08-16T03:27:45.871-07:00,,query_completed,outbound,query_operational_state,ok,,periodic,18,0,,,,,,,
2026-08-16T03:28:14.901-07:00,,query_sent,outbound,query_operational_state,pending,,periodic,18,0,,,,,,,
2026-08-16T03:28:14.990-07:00,,link_ack,inbound,query_operational_state,ack,,link_layer,18,,,,,,,,
2026-08-16T03:28:15.113-07:00,,operational_state,inbound,query_operational_state,received,,device_response,19,0,,,0,Idle Normal,,,
2026-08-16T03:28:15.154-07:00,,query_completed,outbound,query_operational_state,ok,,periodic,18,0,,,,,,,
2026-08-16T03:28:45.184-07:00,,query_sent,outbound,get_commodity,pending,,periodic,6,0,,,,,,,
2026-08-16T03:28:45.274-07:00,,link_ack,inbound,get_commodity,ack,,link_layer,6,,,,,,,,
2026-08-16T03:28:45.443-07:00,,intermediate_response,inbound,get_commodity,success,,device_response,6,128,,,,,0,success,
2026-08-16T03:28:45.487-07:00,,query_completed,outbound,get_commodity,ok,,periodic,6,0,,,,,0,success,
2026-08-16T03:28:45.487-07:00,,query_sent,outbound,query_operational_state,pending,,periodic,18,0,,,,,,,
2026-08-16T03:28:45.649-07:00,,link_ack,inbound,query_operational_state,ack,,link_layer,18,,,,,,,,
2026-08-16T03:28:45.772-07:00,,operational_state,inbound,query_operational_state,received,,device_response,19,0,,,0,Idle Normal,,,
2026-08-16T03:28:45.813-07:00,,query_completed,outbound,query_operational_state,ok,,periodic,18,0,,,,,,,
2026-08-16T03:29:14.843-07:00,,query_sent,outbound,query_operational_state,pending,,periodic,18,0,,,,,,,
2026-08-16T03:29:14.932-07:00,,link_ack,inbound,query_operational_state,ack,,link_layer,18,,,,,,,,
2026-08-16T03:29:15.055-07:00,,operational_state,inbound,query_operational_state,received,,device_response,19,0,,,0,Idle Normal,,,
2026-08-16T03:29:15.096-07:00,,query_completed,outbound,query_operational_state,ok,,periodic,18,0,,,,,,,
2026-08-16T03:29:45.126-07:00,,query_sent,outbound,get_commodity,pending,,periodic,6,0,,,,,,,
2026-08-16T03:29:45.217-07:00,,link_ack,inbound,get_commodity,ack,,link_layer,6,,,,,,,,
2026-08-16T03:29:45.386-07:00,,intermediate_response,inbound,get_commodity,success,,device_response,6,128,,,,,0,success,
2026-08-16T03:29:45.430-07:00,,query_completed,outbound,get_commodity,ok,,periodic,6,0,,,,,0,success,
2026-08-16T03:29:45.430-07:00,,query_sent,outbound,query_operational_state,pending,,periodic,18,0,,,,,,,
2026-08-16T03:29:45.592-07:00,,link_ack,inbound,query_operational_state,ack,,link_layer,18,,,,,,,,
2026-08-16T03:29:45.716-07:00,,operational_state,inbound,query_operational_state,received,,device_response,19,0,,,0,Idle Normal,,,
2026-08-16T03:29:45.757-07:00,,query_completed,outbound,query_operational_state,ok,,periodic,18,0,,,,,,,
2026-08-16T03:30:14.786-07:00,,query_sent,outbound,query_operational_state,pending,,periodic,18,0,,,,,,,
2026-08-16T03:30:14.877-07:00,,link_ack,inbound,query_operational_state,ack,,link_layer,18,,,,,,,,
2026-08-16T03:30:15.000-07:00,,operational_state,inbound,query_operational_state,received,,device_response,19,0,,,0,Idle Normal,,,
2026-08-16T03:30:15.041-07:00,,query_completed,outbound,query_operational_state,ok,,periodic,18,0,,,,,,,
2026-08-16T03:30:45.071-07:00,,query_sent,outbound,get_commodity,pending,,periodic,6,0,,,,,,,
2026-08-16T03:30:45.161-07:00,,link_ack,inbound,get_commodity,ack,,link_layer,6,,,,,,,,
2026-08-16T03:30:45.329-07:00,,intermediate_response,inbound,get_commodity,success,,device_response,6,128,,,,,0,success,
2026-08-16T03:30:45.372-07:00,,query_completed,outbound,get_commodity,ok,,periodic,6,0,,,,,0,success,
2026-08-16T03:30:45.372-07:00,,query_sent,outbound,query_operational_state,pending,,periodic,18,0,,,,,,,
2026-08-16T03:30:45.534-07:00,,link_ack,inbound,query_operational_state,ack,,link_layer,18,,,,,,,,
2026-08-16T03:30:45.658-07:00,,operational_state,inbound,query_operational_state,received,,device_response,19,0,,,0,Idle Normal,,,
2026-08-16T03:30:45.698-07:00,,query_completed,outbound,query_operational_state,ok,,periodic,18,0,,,,,,,
2026-08-16T03:31:14.725-07:00,,query_sent,outbound,query_operational_state,pending,,periodic,18,0,,,,,,,
2026-08-16T03:31:14.814-07:00,,link_ack,inbound,query_operational_state,ack,,link_layer,18,,,,,,,,
2026-08-16T03:31:14.938-07:00,,operational_state,inbound,query_operational_state,received,,device_response,19,0,,,0,Idle Normal,,,
2026-08-16T03:31:14.978-07:00,,query_completed,outbound,query_operational_state,ok,,periodic,18,0,,,,,,,
2026-08-16T03:31:45.007-07:00,,query_sent,outbound,get_commodity,pending,,periodic,6,0,,,,,,,
2026-08-16T03:31:45.096-07:00,,link_ack,inbound,get_commodity,ack,,link_layer,6,,,,,,,,
2026-08-16T03:31:45.264-07:00,,intermediate_response,inbound,get_commodity,success,,device_response,6,128,,,,,0,success,
2026-08-16T03:31:45.308-07:00,,query_completed,outbound,get_commodity,ok,,periodic,6,0,,,,,0,success,
2026-08-16T03:31:45.308-07:00,,query_sent,outbound,query_operational_state,pending,,periodic,18,0,,,,,,,
2026-08-16T03:31:45.471-07:00,,link_ack,inbound,query_operational_state,ack,,link_layer,18,,,,,,,,
2026-08-16T03:31:45.594-07:00,,operational_state,inbound,query_operational_state,received,,device_response,19,0,,,0,Idle Normal,,,
2026-08-16T03:31:45.635-07:00,,query_completed,outbound,query_operational_state,ok,,periodic,18,0,,,,,,,
2026-08-16T03:32:14.664-07:00,,query_sent,outbound,query_operational_state,pending,,periodic,18,0,,,,,,,
2026-08-16T03:32:14.754-07:00,,link_ack,inbound,query_operational_state,ack,,link_layer,18,,,,,,,,
2026-08-16T03:32:14.877-07:00,,operational_state,inbound,query_operational_state,received,,device_response,19,0,,,0,Idle Normal,,,
2026-08-16T03:32:14.918-07:00,,query_completed,outbound,query_operational_state,ok,,periodic,18,0,,,,,,,
2026-08-16T03:32:44.947-07:00,,query_sent,outbound,get_commodity,pending,,periodic,6,0,,,,,,,
2026-08-16T03:32:45.041-07:00,,link_ack,inbound,get_commodity,ack,,link_layer,6,,,,,,,,
2026-08-16T03:32:45.209-07:00,,intermediate_response,inbound,get_commodity,success,,device_response,6,128,,,,,0,success,
2026-08-16T03:32:45.253-07:00,,query_completed,outbound,get_commodity,ok,,periodic,6,0,,,,,0,success,
2026-08-16T03:32:45.253-07:00,,query_sent,outbound,query_operational_state,pending,,periodic,18,0,,,,,,,
2026-08-16T03:32:45.415-07:00,,link_ack,inbound,query_operational_state,ack,,link_layer,18,,,,,,,,
2026-08-16T03:32:45.539-07:00,,operational_state,inbound,query_operational_state,received,,device_response,19,0,,,0,Idle Normal,,,
2026-08-16T03:32:45.580-07:00,,query_completed,outbound,query_operational_state,ok,,periodic,18,0,,,,,,,
2026-08-16T03:33:15.609-07:00,,query_sent,outbound,query_operational_state,pending,,periodic,18,0,,,,,,,
2026-08-16T03:33:15.702-07:00,,link_ack,inbound,query_operational_state,ack,,link_layer,18,,,,,,,,
2026-08-16T03:33:15.826-07:00,,operational_state,inbound,query_operational_state,received,,device_response,19,0,,,0,Idle Normal,,,
2026-08-16T03:33:15.867-07:00,,query_completed,outbound,query_operational_state,ok,,periodic,18,0,,,,,,,
2026-08-16T03:33:44.896-07:00,,query_sent,outbound,get_commodity,pending,,periodic,6,0,,,,,,,
2026-08-16T03:33:44.989-07:00,,link_ack,inbound,get_commodity,ack,,link_layer,6,,,,,,,,
2026-08-16T03:33:45.158-07:00,,intermediate_response,inbound,get_commodity,success,,device_response,6,128,,,,,0,success,
2026-08-16T03:33:45.201-07:00,,query_completed,outbound,get_commodity,ok,,periodic,6,0,,,,,0,success,
2026-08-16T03:33:45.202-07:00,,query_sent,outbound,query_operational_state,pending,,periodic,18,0,,,,,,,
2026-08-16T03:33:45.363-07:00,,link_ack,inbound,query_operational_state,ack,,link_layer,18,,,,,,,,
2026-08-16T03:33:45.488-07:00,,operational_state,inbound,query_operational_state,received,,device_response,19,0,,,0,Idle Normal,,,
2026-08-16T03:33:45.529-07:00,,query_completed,outbound,query_operational_state,ok,,periodic,18,0,,,,,,,
2026-08-16T03:34:15.558-07:00,auto_outside_comm_heartbeat_05,command_sent,outbound,outside_communication1,pending,0,schedule,14,0,,,,,,,
2026-08-16T03:34:15.652-07:00,,link_ack,inbound,outside_communication,ack,,link_layer,14,,,,,,,,
2026-08-16T03:34:15.775-07:00,,application_ack,inbound,outside_communication,ack,,application_layer,3,14,,,,,,,
2026-08-16T03:34:15.816-07:00,auto_outside_comm_heartbeat_05,command_completed,outbound,outside_communication1,ok,0,schedule,14,0,,,,,,,
2026-08-16T03:34:15.818-07:00,,query_sent,outbound,query_operational_state,pending,,periodic,18,0,,,,,,,
2026-08-16T03:34:15.980-07:00,,link_ack,inbound,query_operational_state,ack,,link_layer,18,,,,,,,,
2026-08-16T03:34:16.103-07:00,,operational_state,inbound,query_operational_state,received,,device_response,19,0,,,0,Idle Normal,,,
2026-08-16T03:34:16.143-07:00,,query_completed,outbound,query_operational_state,ok,,periodic,18,0,,,,,,,
2026-08-16T03:34:45.172-07:00,,query_sent,outbound,get_commodity,pending,,periodic,6,0,,,,,,,
2026-08-16T03:34:45.263-07:00,,link_ack,inbound,get_commodity,ack,,link_layer,6,,,,,,,,
2026-08-16T03:34:45.433-07:00,,intermediate_response,inbound,get_commodity,success,,device_response,6,128,,,,,0,success,
2026-08-16T03:34:45.477-07:00,,query_completed,outbound,get_commodity,ok,,periodic,6,0,,,,,0,success,
2026-08-16T03:34:45.477-07:00,,query_sent,outbound,query_operational_state,pending,,periodic,18,0,,,,,,,
2026-08-16T03:34:45.639-07:00,,link_ack,inbound,query_operational_state,ack,,link_layer,18,,,,,,,,
2026-08-16T03:34:45.762-07:00,,operational_state,inbound,query_operational_state,received,,device_response,19,0,,,0,Idle Normal,,,
2026-08-16T03:34:45.803-07:00,,query_completed,outbound,query_operational_state,ok,,periodic,18,0,,,,,,,
2026-08-16T03:35:14.832-07:00,,query_sent,outbound,query_operational_state,pending,,periodic,18,0,,,,,,,
2026-08-16T03:35:14.924-07:00,,link_ack,inbound,query_operational_state,ack,,link_layer,18,,,,,,,,
2026-08-16T03:35:15.047-07:00,,operational_state,inbound,query_operational_state,received,,device_response,19,0,,,0,Idle Normal,,,
2026-08-16T03:35:15.088-07:00,,query_completed,outbound,query_operational_state,ok,,periodic,18,0,,,,,,,
2026-08-16T03:35:45.117-07:00,,query_sent,outbound,get_commodity,pending,,periodic,6,0,,,,,,,
2026-08-16T03:35:45.211-07:00,,link_ack,inbound,get_commodity,ack,,link_layer,6,,,,,,,,
2026-08-16T03:35:45.379-07:00,,intermediate_response,inbound,get_commodity,success,,device_response,6,128,,,,,0,success,
2026-08-16T03:35:45.422-07:00,,query_completed,outbound,get_commodity,ok,,periodic,6,0,,,,,0,success,
2026-08-16T03:35:45.423-07:00,,query_sent,outbound,query_operational_state,pending,,periodic,18,0,,,,,,,
2026-08-16T03:35:45.584-07:00,,link_ack,inbound,query_operational_state,ack,,link_layer,18,,,,,,,,
2026-08-16T03:35:45.709-07:00,,operational_state,inbound,query_operational_state,received,,device_response,19,0,,,0,Idle Normal,,,
2026-08-16T03:35:45.750-07:00,,query_completed,outbound,query_operational_state,ok,,periodic,18,0,,,,,,,
2026-08-16T03:36:14.778-07:00,,query_sent,outbound,query_operational_state,pending,,periodic,18,0,,,,,,,
2026-08-16T03:36:14.873-07:00,,link_ack,inbound,query_operational_state,ack,,link_layer,18,,,,,,,,
2026-08-16T03:36:14.996-07:00,,operational_state,inbound,query_operational_state,received,,device_response,19,0,,,0,Idle Normal,,,
2026-08-16T03:36:15.036-07:00,,query_completed,outbound,query_operational_state,ok,,periodic,18,0,,,,,,,
2026-08-16T03:36:45.065-07:00,,query_sent,outbound,get_commodity,pending,,periodic,6,0,,,,,,,
2026-08-16T03:36:45.160-07:00,,link_ack,inbound,get_commodity,ack,,link_layer,6,,,,,,,,
2026-08-16T03:36:45.329-07:00,,intermediate_response,inbound,get_commodity,success,,device_response,6,128,,,,,0,success,
2026-08-16T03:36:45.372-07:00,,query_completed,outbound,get_commodity,ok,,periodic,6,0,,,,,0,success,
2026-08-16T03:36:45.372-07:00,,query_sent,outbound,query_operational_state,pending,,periodic,18,0,,,,,,,
2026-08-16T03:36:45.534-07:00,,link_ack,inbound,query_operational_state,ack,,link_layer,18,,,,,,,,
2026-08-16T03:36:45.658-07:00,,operational_state,inbound,query_operational_state,received,,device_response,19,0,,,0,Idle Normal,,,
2026-08-16T03:36:45.699-07:00,,query_completed,outbound,query_operational_state,ok,,periodic,18,0,,,,,,,
2026-08-16T03:37:14.728-07:00,,query_sent,outbound,query_operational_state,pending,,periodic,18,0,,,,,,,
2026-08-16T03:37:14.818-07:00,,link_ack,inbound,query_operational_state,ack,,link_layer,18,,,,,,,,
2026-08-16T03:37:14.942-07:00,,operational_state,inbound,query_operational_state,received,,device_response,19,0,,,0,Idle Normal,,,
2026-08-16T03:37:14.982-07:00,,query_completed,outbound,query_operational_state,ok,,periodic,18,0,,,,,,,
2026-08-16T03:37:45.012-07:00,,query_sent,outbound,get_commodity,pending,,periodic,6,0,,,,,,,
2026-08-16T03:37:45.103-07:00,,link_ack,inbound,get_commodity,ack,,link_layer,6,,,,,,,,
2026-08-16T03:37:45.273-07:00,,intermediate_response,inbound,get_commodity,success,,device_response,6,128,,,,,0,success,
2026-08-16T03:37:45.316-07:00,,query_completed,outbound,get_commodity,ok,,periodic,6,0,,,,,0,success,
2026-08-16T03:37:45.316-07:00,,query_sent,outbound,query_operational_state,pending,,periodic,18,0,,,,,,,
2026-08-16T03:37:45.478-07:00,,link_ack,inbound,query_operational_state,ack,,link_layer,18,,,,,,,,
2026-08-16T03:37:45.602-07:00,,operational_state,inbound,query_operational_state,received,,device_response,19,0,,,0,Idle Normal,,,
2026-08-16T03:37:45.642-07:00,,query_completed,outbound,query_operational_state,ok,,periodic,18,0,,,,,,,
2026-08-16T03:38:14.672-07:00,,query_sent,outbound,query_operational_state,pending,,periodic,18,0,,,,,,,
2026-08-16T03:38:14.758-07:00,,link_ack,inbound,query_operational_state,ack,,link_layer,18,,,,,,,,
2026-08-16T03:38:14.881-07:00,,operational_state,inbound,query_operational_state,received,,device_response,19,0,,,0,Idle Normal,,,
2026-08-16T03:38:14.922-07:00,,query_completed,outbound,query_operational_state,ok,,periodic,18,0,,,,,,,
2026-08-16T03:38:44.952-07:00,,query_sent,outbound,get_commodity,pending,,periodic,6,0,,,,,,,
2026-08-16T03:38:45.037-07:00,,link_ack,inbound,get_commodity,ack,,link_layer,6,,,,,,,,
2026-08-16T03:38:45.207-07:00,,intermediate_response,inbound,get_commodity,success,,device_response,6,128,,,,,0,success,
2026-08-16T03:38:45.250-07:00,,query_completed,outbound,get_commodity,ok,,periodic,6,0,,,,,0,success,
2026-08-16T03:38:45.251-07:00,,query_sent,outbound,query_operational_state,pending,,periodic,18,0,,,,,,,
2026-08-16T03:38:45.414-07:00,,link_ack,inbound,query_operational_state,ack,,link_layer,18,,,,,,,,
2026-08-16T03:38:45.538-07:00,,operational_state,inbound,query_operational_state,received,,device_response,19,0,,,0,Idle Normal,,,
2026-08-16T03:38:45.579-07:00,,query_completed,outbound,query_operational_state,ok,,periodic,18,0,,,,,,,
2026-08-16T03:39:15.608-07:00,,query_sent,outbound,query_operational_state,pending,,periodic,18,0,,,,,,,
2026-08-16T03:39:15.698-07:00,,link_ack,inbound,query_operational_state,ack,,link_layer,18,,,,,,,,
2026-08-16T03:39:15.822-07:00,,operational_state,inbound,query_operational_state,received,,device_response,19,0,,,0,Idle Normal,,,
2026-08-16T03:39:15.862-07:00,,query_completed,outbound,query_operational_state,ok,,periodic,18,0,,,,,,,
2026-08-16T03:39:44.890-07:00,,query_sent,outbound,get_commodity,pending,,periodic,6,0,,,,,,,
2026-08-16T03:39:44.981-07:00,,link_ack,inbound,get_commodity,ack,,link_layer,6,,,,,,,,
2026-08-16T03:39:45.149-07:00,,intermediate_response,inbound,get_commodity,success,,device_response,6,128,,,,,0,success,
2026-08-16T03:39:45.192-07:00,,query_completed,outbound,get_commodity,ok,,periodic,6,0,,,,,0,success,
2026-08-16T03:39:45.193-07:00,,query_sent,outbound,query_operational_state,pending,,periodic,18,0,,,,,,,
2026-08-16T03:39:45.354-07:00,,link_ack,inbound,query_operational_state,ack,,link_layer,18,,,,,,,,
2026-08-16T03:39:45.478-07:00,,operational_state,inbound,query_operational_state,received,,device_response,19,0,,,0,Idle Normal,,,
2026-08-16T03:39:45.519-07:00,,query_completed,outbound,query_operational_state,ok,,periodic,18,0,,,,,,,
2026-08-16T03:40:15.548-07:00,,query_sent,outbound,query_operational_state,pending,,periodic,18,0,,,,,,,
2026-08-16T03:40:15.641-07:00,,link_ack,inbound,query_operational_state,ack,,link_layer,18,,,,,,,,
2026-08-16T03:40:15.764-07:00,,operational_state,inbound,query_operational_state,received,,device_response,19,0,,,0,Idle Normal,,,
2026-08-16T03:40:15.805-07:00,,query_completed,outbound,query_operational_state,ok,,periodic,18,0,,,,,,,
2026-08-16T03:40:44.833-07:00,,query_sent,outbound,get_commodity,pending,,periodic,6,0,,,,,,,
2026-08-16T03:40:44.924-07:00,,link_ack,inbound,get_commodity,ack,,link_layer,6,,,,,,,,
2026-08-16T03:40:45.092-07:00,,intermediate_response,inbound,get_commodity,success,,device_response,6,128,,,,,0,success,
2026-08-16T03:40:45.135-07:00,,query_completed,outbound,get_commodity,ok,,periodic,6,0,,,,,0,success,
2026-08-16T03:40:45.136-07:00,,query_sent,outbound,query_operational_state,pending,,periodic,18,0,,,,,,,
2026-08-16T03:40:45.299-07:00,,link_ack,inbound,query_operational_state,ack,,link_layer,18,,,,,,,,
2026-08-16T03:40:45.422-07:00,,operational_state,inbound,query_operational_state,received,,device_response,19,0,,,0,Idle Normal,,,
2026-08-16T03:40:45.462-07:00,,query_completed,outbound,query_operational_state,ok,,periodic,18,0,,,,,,,
2026-08-16T03:41:15.492-07:00,,query_sent,outbound,query_operational_state,pending,,periodic,18,0,,,,,,,
2026-08-16T03:41:15.585-07:00,,link_ack,inbound,query_operational_state,ack,,link_layer,18,,,,,,,,
2026-08-16T03:41:15.709-07:00,,operational_state,inbound,query_operational_state,received,,device_response,19,0,,,0,Idle Normal,,,
2026-08-16T03:41:15.749-07:00,,query_completed,outbound,query_operational_state,ok,,periodic,18,0,,,,,,,
2026-08-16T03:41:44.778-07:00,,query_sent,outbound,get_commodity,pending,,periodic,6,0,,,,,,,
2026-08-16T03:41:44.868-07:00,,link_ack,inbound,get_commodity,ack,,link_layer,6,,,,,,,,
2026-08-16T03:41:45.036-07:00,,intermediate_response,inbound,get_commodity,success,,device_response,6,128,,,,,0,success,
2026-08-16T03:41:45.080-07:00,,query_completed,outbound,get_commodity,ok,,periodic,6,0,,,,,0,success,
2026-08-16T03:41:45.080-07:00,,query_sent,outbound,query_operational_state,pending,,periodic,18,0,,,,,,,
2026-08-16T03:41:45.242-07:00,,link_ack,inbound,query_operational_state,ack,,link_layer,18,,,,,,,,
2026-08-16T03:41:45.367-07:00,,operational_state,inbound,query_operational_state,received,,device_response,19,0,,,0,Idle Normal,,,
2026-08-16T03:41:45.408-07:00,,query_completed,outbound,query_operational_state,ok,,periodic,18,0,,,,,,,
2026-08-16T03:42:15.437-07:00,,query_sent,outbound,query_operational_state,pending,,periodic,18,0,,,,,,,
2026-08-16T03:42:15.528-07:00,,link_ack,inbound,query_operational_state,ack,,link_layer,18,,,,,,,,
2026-08-16T03:42:15.652-07:00,,operational_state,inbound,query_operational_state,received,,device_response,19,0,,,0,Idle Normal,,,
2026-08-16T03:42:15.693-07:00,,query_completed,outbound,query_operational_state,ok,,periodic,18,0,,,,,,,
2026-08-16T03:42:44.721-07:00,,query_sent,outbound,get_commodity,pending,,periodic,6,0,,,,,,,
2026-08-16T03:42:44.812-07:00,,link_ack,inbound,get_commodity,ack,,link_layer,6,,,,,,,,
2026-08-16T03:42:44.981-07:00,,intermediate_response,inbound,get_commodity,success,,device_response,6,128,,,,,0,success,
2026-08-16T03:42:45.024-07:00,,query_completed,outbound,get_commodity,ok,,periodic,6,0,,,,,0,success,
2026-08-16T03:42:45.025-07:00,,query_sent,outbound,query_operational_state,pending,,periodic,18,0,,,,,,,
2026-08-16T03:42:45.187-07:00,,link_ack,inbound,query_operational_state,ack,,link_layer,18,,,,,,,,
2026-08-16T03:42:45.311-07:00,,operational_state,inbound,query_operational_state,received,,device_response,19,0,,,0,Idle Normal,,,
2026-08-16T03:42:45.351-07:00,,query_completed,outbound,query_operational_state,ok,,periodic,18,0,,,,,,,
2026-08-16T03:43:15.380-07:00,,query_sent,outbound,query_operational_state,pending,,periodic,18,0,,,,,,,
2026-08-16T03:43:15.473-07:00,,link_ack,inbound,query_operational_state,ack,,link_layer,18,,,,,,,,
2026-08-16T03:43:15.597-07:00,,operational_state,inbound,query_operational_state,received,,device_response,19,0,,,0,Idle Normal,,,
2026-08-16T03:43:15.637-07:00,,query_completed,outbound,query_operational_state,ok,,periodic,18,0,,,,,,,
2026-08-16T03:43:44.666-07:00,,query_sent,outbound,get_commodity,pending,,periodic,6,0,,,,,,,
2026-08-16T03:43:44.756-07:00,,link_ack,inbound,get_commodity,ack,,link_layer,6,,,,,,,,
2026-08-16T03:43:44.924-07:00,,intermediate_response,inbound,get_commodity,success,,device_response,6,128,,,,,0,success,
2026-08-16T03:43:44.968-07:00,,query_completed,outbound,get_commodity,ok,,periodic,6,0,,,,,0,success,
2026-08-16T03:43:44.968-07:00,,query_sent,outbound,query_operational_state,pending,,periodic,18,0,,,,,,,
2026-08-16T03:43:45.132-07:00,,link_ack,inbound,query_operational_state,ack,,link_layer,18,,,,,,,,
2026-08-16T03:43:45.255-07:00,,operational_state,inbound,query_operational_state,received,,device_response,19,0,,,0,Idle Normal,,,
2026-08-16T03:43:45.296-07:00,,query_completed,outbound,query_operational_state,ok,,periodic,18,0,,,,,,,
2026-08-16T03:44:15.326-07:00,,query_sent,outbound,query_operational_state,pending,,periodic,18,0,,,,,,,
2026-08-16T03:44:15.419-07:00,,link_ack,inbound,query_operational_state,ack,,link_layer,18,,,,,,,,
2026-08-16T03:44:15.543-07:00,,operational_state,inbound,query_operational_state,received,,device_response,19,0,,,0,Idle Normal,,,
2026-08-16T03:44:15.583-07:00,,query_completed,outbound,query_operational_state,ok,,periodic,18,0,,,,,,,
2026-08-16T03:44:45.613-07:00,,query_sent,outbound,get_commodity,pending,,periodic,6,0,,,,,,,
2026-08-16T03:44:45.706-07:00,,link_ack,inbound,get_commodity,ack,,link_layer,6,,,,,,,,
2026-08-16T03:44:45.875-07:00,,intermediate_response,inbound,get_commodity,success,,device_response,6,128,,,,,0,success,
2026-08-16T03:44:45.919-07:00,,query_completed,outbound,get_commodity,ok,,periodic,6,0,,,,,0,success,
2026-08-16T03:44:45.919-07:00,,query_sent,outbound,query_operational_state,pending,,periodic,18,0,,,,,,,
2026-08-16T03:44:46.081-07:00,,link_ack,inbound,query_operational_state,ack,,link_layer,18,,,,,,,,
2026-08-16T03:44:46.204-07:00,,operational_state,inbound,query_operational_state,received,,device_response,19,0,,,0,Idle Normal,,,
2026-08-16T03:44:46.245-07:00,,query_completed,outbound,query_operational_state,ok,,periodic,18,0,,,,,,,
2026-08-16T03:45:15.274-07:00,,query_sent,outbound,query_operational_state,pending,,periodic,18,0,,,,,,,
2026-08-16T03:45:15.365-07:00,,link_ack,inbound,query_operational_state,ack,,link_layer,18,,,,,,,,
2026-08-16T03:45:15.488-07:00,,operational_state,inbound,query_operational_state,received,,device_response,19,0,,,0,Idle Normal,,,
2026-08-16T03:45:15.529-07:00,,query_completed,outbound,query_operational_state,ok,,periodic,18,0,,,,,,,
2026-08-16T03:45:45.559-07:00,,query_sent,outbound,get_commodity,pending,,periodic,6,0,,,,,,,
2026-08-16T03:45:45.650-07:00,,link_ack,inbound,get_commodity,ack,,link_layer,6,,,,,,,,
2026-08-16T03:45:45.820-07:00,,intermediate_response,inbound,get_commodity,success,,device_response,6,128,,,,,0,success,
2026-08-16T03:45:45.863-07:00,,query_completed,outbound,get_commodity,ok,,periodic,6,0,,,,,0,success,
2026-08-16T03:45:45.863-07:00,,query_sent,outbound,query_operational_state,pending,,periodic,18,0,,,,,,,
2026-08-16T03:45:46.028-07:00,,link_ack,inbound,query_operational_state,ack,,link_layer,18,,,,,,,,
2026-08-16T03:45:46.151-07:00,,operational_state,inbound,query_operational_state,received,,device_response,19,0,,,0,Idle Normal,,,
2026-08-16T03:45:46.192-07:00,,query_completed,outbound,query_operational_state,ok,,periodic,18,0,,,,,,,
2026-08-16T03:46:15.221-07:00,,query_sent,outbound,query_operational_state,pending,,periodic,18,0,,,,,,,
2026-08-16T03:46:15.312-07:00,,link_ack,inbound,query_operational_state,ack,,link_layer,18,,,,,,,,
2026-08-16T03:46:15.435-07:00,,operational_state,inbound,query_operational_state,received,,device_response,19,0,,,0,Idle Normal,,,
2026-08-16T03:46:15.476-07:00,,query_completed,outbound,query_operational_state,ok,,periodic,18,0,,,,,,,
2026-08-16T03:46:45.506-07:00,,query_sent,outbound,get_commodity,pending,,periodic,6,0,,,,,,,
2026-08-16T03:46:45.598-07:00,,link_ack,inbound,get_commodity,ack,,link_layer,6,,,,,,,,
2026-08-16T03:46:45.767-07:00,,intermediate_response,inbound,get_commodity,success,,device_response,6,128,,,,,0,success,
2026-08-16T03:46:45.810-07:00,,query_completed,outbound,get_commodity,ok,,periodic,6,0,,,,,0,success,
2026-08-16T03:46:45.810-07:00,,query_sent,outbound,query_operational_state,pending,,periodic,18,0,,,,,,,
2026-08-16T03:46:45.972-07:00,,link_ack,inbound,query_operational_state,ack,,link_layer,18,,,,,,,,
2026-08-16T03:46:46.096-07:00,,operational_state,inbound,query_operational_state,received,,device_response,19,0,,,0,Idle Normal,,,
2026-08-16T03:46:46.137-07:00,,query_completed,outbound,query_operational_state,ok,,periodic,18,0,,,,,,,
2026-08-16T03:47:15.165-07:00,,query_sent,outbound,query_operational_state,pending,,periodic,18,0,,,,,,,
2026-08-16T03:47:15.257-07:00,,link_ack,inbound,query_operational_state,ack,,link_layer,18,,,,,,,,
2026-08-16T03:47:15.380-07:00,,operational_state,inbound,query_operational_state,received,,device_response,19,0,,,0,Idle Normal,,,
2026-08-16T03:47:15.421-07:00,,query_completed,outbound,query_operational_state,ok,,periodic,18,0,,,,,,,
2026-08-16T03:47:45.450-07:00,auto_outside_comm_heartbeat_06,command_sent,outbound,outside_communication1,pending,0,schedule,14,0,,,,,,,
2026-08-16T03:47:45.541-07:00,,link_ack,inbound,outside_communication,ack,,link_layer,14,,,,,,,,
2026-08-16T03:47:45.666-07:00,,application_ack,inbound,outside_communication,ack,,application_layer,3,14,,,,,,,
2026-08-16T03:47:45.706-07:00,auto_outside_comm_heartbeat_06,command_completed,outbound,outside_communication1,ok,0,schedule,14,0,,,,,,,
2026-08-16T03:47:45.708-07:00,,query_sent,outbound,get_commodity,pending,,periodic,6,0,,,,,,,
2026-08-16T03:47:45.870-07:00,,link_ack,inbound,get_commodity,ack,,link_layer,6,,,,,,,,
2026-08-16T03:47:46.039-07:00,,intermediate_response,inbound,get_commodity,success,,device_response,6,128,,,,,0,success,
2026-08-16T03:47:46.082-07:00,,query_completed,outbound,get_commodity,ok,,periodic,6,0,,,,,0,success,
2026-08-16T03:47:46.083-07:00,,query_sent,outbound,query_operational_state,pending,,periodic,18,0,,,,,,,
2026-08-16T03:47:46.244-07:00,,link_ack,inbound,query_operational_state,ack,,link_layer,18,,,,,,,,
2026-08-16T03:47:46.369-07:00,,operational_state,inbound,query_operational_state,received,,device_response,19,0,,,0,Idle Normal,,,
2026-08-16T03:47:46.410-07:00,,query_completed,outbound,query_operational_state,ok,,periodic,18,0,,,,,,,
2026-08-16T03:48:15.438-07:00,,query_sent,outbound,query_operational_state,pending,,periodic,18,0,,,,,,,
2026-08-16T03:48:15.531-07:00,,link_ack,inbound,query_operational_state,ack,,link_layer,18,,,,,,,,
2026-08-16T03:48:15.655-07:00,,operational_state,inbound,query_operational_state,received,,device_response,19,0,,,0,Idle Normal,,,
2026-08-16T03:48:15.696-07:00,,query_completed,outbound,query_operational_state,ok,,periodic,18,0,,,,,,,
2026-08-16T03:48:44.724-07:00,,query_sent,outbound,get_commodity,pending,,periodic,6,0,,,,,,,
2026-08-16T03:48:44.815-07:00,,link_ack,inbound,get_commodity,ack,,link_layer,6,,,,,,,,
2026-08-16T03:48:44.983-07:00,,intermediate_response,inbound,get_commodity,success,,device_response,6,128,,,,,0,success,
2026-08-16T03:48:45.027-07:00,,query_completed,outbound,get_commodity,ok,,periodic,6,0,,,,,0,success,
2026-08-16T03:48:45.027-07:00,,query_sent,outbound,query_operational_state,pending,,periodic,18,0,,,,,,,
2026-08-16T03:48:45.189-07:00,,link_ack,inbound,query_operational_state,ack,,link_layer,18,,,,,,,,
2026-08-16T03:48:45.313-07:00,,operational_state,inbound,query_operational_state,received,,device_response,19,0,,,0,Idle Normal,,,
2026-08-16T03:48:45.354-07:00,,query_completed,outbound,query_operational_state,ok,,periodic,18,0,,,,,,,
2026-08-16T03:49:15.383-07:00,,query_sent,outbound,query_operational_state,pending,,periodic,18,0,,,,,,,
2026-08-16T03:49:15.477-07:00,,link_ack,inbound,query_operational_state,ack,,link_layer,18,,,,,,,,
2026-08-16T03:49:15.601-07:00,,operational_state,inbound,query_operational_state,received,,device_response,19,0,,,0,Idle Normal,,,
2026-08-16T03:49:15.642-07:00,,query_completed,outbound,query_operational_state,ok,,periodic,18,0,,,,,,,
2026-08-16T03:49:44.669-07:00,,query_sent,outbound,get_commodity,pending,,periodic,6,0,,,,,,,
2026-08-16T03:49:44.761-07:00,,link_ack,inbound,get_commodity,ack,,link_layer,6,,,,,,,,
2026-08-16T03:49:44.929-07:00,,intermediate_response,inbound,get_commodity,success,,device_response,6,128,,,,,0,success,
2026-08-16T03:49:44.972-07:00,,query_completed,outbound,get_commodity,ok,,periodic,6,0,,,,,0,success,
2026-08-16T03:49:44.972-07:00,,query_sent,outbound,query_operational_state,pending,,periodic,18,0,,,,,,,
2026-08-16T03:49:45.134-07:00,,link_ack,inbound,query_operational_state,ack,,link_layer,18,,,,,,,,
2026-08-16T03:49:45.258-07:00,,operational_state,inbound,query_operational_state,received,,device_response,19,0,,,0,Idle Normal,,,
2026-08-16T03:49:45.299-07:00,,query_completed,outbound,query_operational_state,ok,,periodic,18,0,,,,,,,
2026-08-16T03:50:15.328-07:00,,query_sent,outbound,query_operational_state,pending,,periodic,18,0,,,,,,,
2026-08-16T03:50:15.421-07:00,,link_ack,inbound,query_operational_state,ack,,link_layer,18,,,,,,,,
2026-08-16T03:50:15.545-07:00,,operational_state,inbound,query_operational_state,received,,device_response,19,0,,,0,Idle Normal,,,
2026-08-16T03:50:15.585-07:00,,query_completed,outbound,query_operational_state,ok,,periodic,18,0,,,,,,,
2026-08-16T03:50:45.614-07:00,,query_sent,outbound,get_commodity,pending,,periodic,6,0,,,,,,,
2026-08-16T03:50:45.706-07:00,,link_ack,inbound,get_commodity,ack,,link_layer,6,,,,,,,,
2026-08-16T03:50:45.874-07:00,,intermediate_response,inbound,get_commodity,success,,device_response,6,128,,,,,0,success,
2026-08-16T03:50:45.918-07:00,,query_completed,outbound,get_commodity,ok,,periodic,6,0,,,,,0,success,
2026-08-16T03:50:45.918-07:00,,query_sent,outbound,query_operational_state,pending,,periodic,18,0,,,,,,,
2026-08-16T03:50:46.080-07:00,,link_ack,inbound,query_operational_state,ack,,link_layer,18,,,,,,,,
2026-08-16T03:50:46.204-07:00,,operational_state,inbound,query_operational_state,received,,device_response,19,0,,,0,Idle Normal,,,
2026-08-16T03:50:46.245-07:00,,query_completed,outbound,query_operational_state,ok,,periodic,18,0,,,,,,,
2026-08-16T03:51:15.273-07:00,,query_sent,outbound,query_operational_state,pending,,periodic,18,0,,,,,,,
2026-08-16T03:51:15.368-07:00,,link_ack,inbound,query_operational_state,ack,,link_layer,18,,,,,,,,
2026-08-16T03:51:15.491-07:00,,operational_state,inbound,query_operational_state,received,,device_response,19,0,,,0,Idle Normal,,,
2026-08-16T03:51:15.532-07:00,,query_completed,outbound,query_operational_state,ok,,periodic,18,0,,,,,,,
2026-08-16T03:51:45.560-07:00,,query_sent,outbound,get_commodity,pending,,periodic,6,0,,,,,,,
2026-08-16T03:51:45.655-07:00,,link_ack,inbound,get_commodity,ack,,link_layer,6,,,,,,,,
2026-08-16T03:51:45.824-07:00,,intermediate_response,inbound,get_commodity,success,,device_response,6,128,,,,,0,success,
2026-08-16T03:51:45.868-07:00,,query_completed,outbound,get_commodity,ok,,periodic,6,0,,,,,0,success,
2026-08-16T03:51:45.868-07:00,,query_sent,outbound,query_operational_state,pending,,periodic,18,0,,,,,,,
2026-08-16T03:51:46.030-07:00,,link_ack,inbound,query_operational_state,ack,,link_layer,18,,,,,,,,
2026-08-16T03:51:46.153-07:00,,operational_state,inbound,query_operational_state,received,,device_response,19,0,,,0,Idle Normal,,,
2026-08-16T03:51:46.194-07:00,,query_completed,outbound,query_operational_state,ok,,periodic,18,0,,,,,,,
2026-08-16T03:52:15.222-07:00,,query_sent,outbound,query_operational_state,pending,,periodic,18,0,,,,,,,
2026-08-16T03:52:15.317-07:00,,link_ack,inbound,query_operational_state,ack,,link_layer,18,,,,,,,,
2026-08-16T03:52:15.440-07:00,,operational_state,inbound,query_operational_state,received,,device_response,19,0,,,0,Idle Normal,,,
2026-08-16T03:52:15.480-07:00,,query_completed,outbound,query_operational_state,ok,,periodic,18,0,,,,,,,
2026-08-16T03:52:45.509-07:00,,query_sent,outbound,get_commodity,pending,,periodic,6,0,,,,,,,
2026-08-16T03:52:45.600-07:00,,link_ack,inbound,get_commodity,ack,,link_layer,6,,,,,,,,
2026-08-16T03:52:45.769-07:00,,intermediate_response,inbound,get_commodity,success,,device_response,6,128,,,,,0,success,
2026-08-16T03:52:45.812-07:00,,query_completed,outbound,get_commodity,ok,,periodic,6,0,,,,,0,success,
2026-08-16T03:52:45.813-07:00,,query_sent,outbound,query_operational_state,pending,,periodic,18,0,,,,,,,
2026-08-16T03:52:45.977-07:00,,link_ack,inbound,query_operational_state,ack,,link_layer,18,,,,,,,,
2026-08-16T03:52:46.101-07:00,,operational_state,inbound,query_operational_state,received,,device_response,19,0,,,0,Idle Normal,,,
2026-08-16T03:52:46.141-07:00,,query_completed,outbound,query_operational_state,ok,,periodic,18,0,,,,,,,
2026-08-16T03:53:15.169-07:00,,query_sent,outbound,query_operational_state,pending,,periodic,18,0,,,,,,,
2026-08-16T03:53:15.262-07:00,,link_ack,inbound,query_operational_state,ack,,link_layer,18,,,,,,,,
2026-08-16T03:53:15.386-07:00,,operational_state,inbound,query_operational_state,received,,device_response,19,0,,,0,Idle Normal,,,
2026-08-16T03:53:15.426-07:00,,query_completed,outbound,query_operational_state,ok,,periodic,18,0,,,,,,,
2026-08-16T03:53:45.455-07:00,,query_sent,outbound,get_commodity,pending,,periodic,6,0,,,,,,,
2026-08-16T03:53:45.550-07:00,,link_ack,inbound,get_commodity,ack,,link_layer,6,,,,,,,,
2026-08-16T03:53:45.718-07:00,,intermediate_response,inbound,get_commodity,success,,device_response,6,128,,,,,0,success,
2026-08-16T03:53:45.761-07:00,,query_completed,outbound,get_commodity,ok,,periodic,6,0,,,,,0,success,
2026-08-16T03:53:45.761-07:00,,query_sent,outbound,query_operational_state,pending,,periodic,18,0,,,,,,,
2026-08-16T03:53:45.923-07:00,,link_ack,inbound,query_operational_state,ack,,link_layer,18,,,,,,,,
2026-08-16T03:53:46.047-07:00,,operational_state,inbound,query_operational_state,received,,device_response,19,0,,,0,Idle Normal,,,
2026-08-16T03:53:46.088-07:00,,query_completed,outbound,query_operational_state,ok,,periodic,18,0,,,,,,,
2026-08-16T03:54:15.116-07:00,,query_sent,outbound,query_operational_state,pending,,periodic,18,0,,,,,,,
2026-08-16T03:54:15.209-07:00,,link_ack,inbound,query_operational_state,ack,,link_layer,18,,,,,,,,
2026-08-16T03:54:15.332-07:00,,operational_state,inbound,query_operational_state,received,,device_response,19,0,,,0,Idle Normal,,,
2026-08-16T03:54:15.373-07:00,,query_completed,outbound,query_operational_state,ok,,periodic,18,0,,,,,,,
2026-08-16T03:54:45.402-07:00,,query_sent,outbound,get_commodity,pending,,periodic,6,0,,,,,,,
2026-08-16T03:54:45.493-07:00,,link_ack,inbound,get_commodity,ack,,link_layer,6,,,,,,,,
2026-08-16T03:54:45.661-07:00,,intermediate_response,inbound,get_commodity,success,,device_response,6,128,,,,,0,success,
2026-08-16T03:54:45.704-07:00,,query_completed,outbound,get_commodity,ok,,periodic,6,0,,,,,0,success,
2026-08-16T03:54:45.705-07:00,,query_sent,outbound,query_operational_state,pending,,periodic,18,0,,,,,,,
2026-08-16T03:54:45.868-07:00,,link_ack,inbound,query_operational_state,ack,,link_layer,18,,,,,,,,
2026-08-16T03:54:45.991-07:00,,operational_state,inbound,query_operational_state,received,,device_response,19,0,,,0,Idle Normal,,,
2026-08-16T03:54:46.032-07:00,,query_completed,outbound,query_operational_state,ok,,periodic,18,0,,,,,,,
2026-08-16T03:55:15.060-07:00,,query_sent,outbound,query_operational_state,pending,,periodic,18,0,,,,,,,
2026-08-16T03:55:15.151-07:00,,link_ack,inbound,query_operational_state,ack,,link_layer,18,,,,,,,,
2026-08-16T03:55:15.274-07:00,,operational_state,inbound,query_operational_state,received,,device_response,19,0,,,0,Idle Normal,,,
2026-08-16T03:55:15.315-07:00,,query_completed,outbound,query_operational_state,ok,,periodic,18,0,,,,,,,
2026-08-16T03:55:45.344-07:00,,query_sent,outbound,get_commodity,pending,,periodic,6,0,,,,,,,
2026-08-16T03:55:45.438-07:00,,link_ack,inbound,get_commodity,ack,,link_layer,6,,,,,,,,
2026-08-16T03:55:45.606-07:00,,intermediate_response,inbound,get_commodity,success,,device_response,6,128,,,,,0,success,
2026-08-16T03:55:45.650-07:00,,query_completed,outbound,get_commodity,ok,,periodic,6,0,,,,,0,success,
2026-08-16T03:55:45.650-07:00,,query_sent,outbound,query_operational_state,pending,,periodic,18,0,,,,,,,
2026-08-16T03:55:45.812-07:00,,link_ack,inbound,query_operational_state,ack,,link_layer,18,,,,,,,,
2026-08-16T03:55:45.936-07:00,,operational_state,inbound,query_operational_state,received,,device_response,19,0,,,0,Idle Normal,,,
2026-08-16T03:55:45.977-07:00,,query_completed,outbound,query_operational_state,ok,,periodic,18,0,,,,,,,
2026-08-16T03:56:15.005-07:00,,query_sent,outbound,query_operational_state,pending,,periodic,18,0,,,,,,,
2026-08-16T03:56:15.096-07:00,,link_ack,inbound,query_operational_state,ack,,link_layer,18,,,,,,,,
2026-08-16T03:56:15.220-07:00,,operational_state,inbound,query_operational_state,received,,device_response,19,0,,,0,Idle Normal,,,
2026-08-16T03:56:15.260-07:00,,query_completed,outbound,query_operational_state,ok,,periodic,18,0,,,,,,,
2026-08-16T03:56:45.289-07:00,,query_sent,outbound,get_commodity,pending,,periodic,6,0,,,,,,,
2026-08-16T03:56:45.381-07:00,,link_ack,inbound,get_commodity,ack,,link_layer,6,,,,,,,,
2026-08-16T03:56:45.551-07:00,,intermediate_response,inbound,get_commodity,success,,device_response,6,128,,,,,0,success,
2026-08-16T03:56:45.595-07:00,,query_completed,outbound,get_commodity,ok,,periodic,6,0,,,,,0,success,
2026-08-16T03:56:45.595-07:00,,query_sent,outbound,query_operational_state,pending,,periodic,18,0,,,,,,,
2026-08-16T03:56:45.757-07:00,,link_ack,inbound,query_operational_state,ack,,link_layer,18,,,,,,,,
2026-08-16T03:56:45.881-07:00,,operational_state,inbound,query_operational_state,received,,device_response,19,0,,,0,Idle Normal,,,
2026-08-16T03:56:45.921-07:00,,query_completed,outbound,query_operational_state,ok,,periodic,18,0,,,,,,,
2026-08-16T03:57:14.950-07:00,,query_sent,outbound,query_operational_state,pending,,periodic,18,0,,,,,,,
2026-08-16T03:57:15.042-07:00,,link_ack,inbound,query_operational_state,ack,,link_layer,18,,,,,,,,
2026-08-16T03:57:15.165-07:00,,operational_state,inbound,query_operational_state,received,,device_response,19,0,,,0,Idle Normal,,,
2026-08-16T03:57:15.206-07:00,,query_completed,outbound,query_operational_state,ok,,periodic,18,0,,,,,,,
2026-08-16T03:57:45.235-07:00,,query_sent,outbound,get_commodity,pending,,periodic,6,0,,,,,,,
2026-08-16T03:57:45.327-07:00,,link_ack,inbound,get_commodity,ack,,link_layer,6,,,,,,,,
2026-08-16T03:57:45.495-07:00,,intermediate_response,inbound,get_commodity,success,,device_response,6,128,,,,,0,success,
2026-08-16T03:57:45.538-07:00,,query_completed,outbound,get_commodity,ok,,periodic,6,0,,,,,0,success,
2026-08-16T03:57:45.538-07:00,,query_sent,outbound,query_operational_state,pending,,periodic,18,0,,,,,,,
2026-08-16T03:57:45.702-07:00,,link_ack,inbound,query_operational_state,ack,,link_layer,18,,,,,,,,
2026-08-16T03:57:45.826-07:00,,operational_state,inbound,query_operational_state,received,,device_response,19,0,,,0,Idle Normal,,,
2026-08-16T03:57:45.867-07:00,,query_completed,outbound,query_operational_state,ok,,periodic,18,0,,,,,,,
2026-08-16T03:58:14.895-07:00,,query_sent,outbound,query_operational_state,pending,,periodic,18,0,,,,,,,
2026-08-16T03:58:14.986-07:00,,link_ack,inbound,query_operational_state,ack,,link_layer,18,,,,,,,,
2026-08-16T03:58:15.110-07:00,,operational_state,inbound,query_operational_state,received,,device_response,19,0,,,0,Idle Normal,,,
2026-08-16T03:58:15.150-07:00,,query_completed,outbound,query_operational_state,ok,,periodic,18,0,,,,,,,
2026-08-16T03:58:45.180-07:00,,query_sent,outbound,get_commodity,pending,,periodic,6,0,,,,,,,
2026-08-16T03:58:45.271-07:00,,link_ack,inbound,get_commodity,ack,,link_layer,6,,,,,,,,
2026-08-16T03:58:45.440-07:00,,intermediate_response,inbound,get_commodity,success,,device_response,6,128,,,,,0,success,
2026-08-16T03:58:45.483-07:00,,query_completed,outbound,get_commodity,ok,,periodic,6,0,,,,,0,success,
2026-08-16T03:58:45.484-07:00,,query_sent,outbound,query_operational_state,pending,,periodic,18,0,,,,,,,
2026-08-16T03:58:45.645-07:00,,link_ack,inbound,query_operational_state,ack,,link_layer,18,,,,,,,,
2026-08-16T03:58:45.770-07:00,,operational_state,inbound,query_operational_state,received,,device_response,19,0,,,0,Idle Normal,,,
2026-08-16T03:58:45.811-07:00,,query_completed,outbound,query_operational_state,ok,,periodic,18,0,,,,,,,
2026-08-16T03:59:14.839-07:00,,query_sent,outbound,query_operational_state,pending,,periodic,18,0,,,,,,,
2026-08-16T03:59:14.930-07:00,,link_ack,inbound,query_operational_state,ack,,link_layer,18,,,,,,,,
2026-08-16T03:59:15.054-07:00,,operational_state,inbound,query_operational_state,received,,device_response,19,0,,,0,Idle Normal,,,
2026-08-16T03:59:15.094-07:00,,query_completed,outbound,query_operational_state,ok,,periodic,18,0,,,,,,,
2026-08-16T03:59:45.123-07:00,,query_sent,outbound,get_commodity,pending,,periodic,6,0,,,,,,,
2026-08-16T03:59:45.216-07:00,,link_ack,inbound,get_commodity,ack,,link_layer,6,,,,,,,,
2026-08-16T03:59:45.384-07:00,,intermediate_response,inbound,get_commodity,success,,device_response,6,128,,,,,0,success,
2026-08-16T03:59:45.428-07:00,,query_completed,outbound,get_commodity,ok,,periodic,6,0,,,,,0,success,
2026-08-16T03:59:45.428-07:00,,query_sent,outbound,query_operational_state,pending,,periodic,18,0,,,,,,,
2026-08-16T03:59:45.592-07:00,,link_ack,inbound,query_operational_state,ack,,link_layer,18,,,,,,,,
2026-08-16T03:59:45.716-07:00,,operational_state,inbound,query_operational_state,received,,device_response,19,0,,,0,Idle Normal,,,
2026-08-16T03:59:45.757-07:00,,query_completed,outbound,query_operational_state,ok,,periodic,18,0,,,,,,,
2026-08-16T04:00:14.785-07:00,,query_sent,outbound,query_operational_state,pending,,periodic,18,0,,,,,,,
2026-08-16T04:00:14.877-07:00,,link_ack,inbound,query_operational_state,ack,,link_layer,18,,,,,,,,
2026-08-16T04:00:15.001-07:00,,operational_state,inbound,query_operational_state,received,,device_response,19,0,,,0,Idle Normal,,,
2026-08-16T04:00:15.042-07:00,,query_completed,outbound,query_operational_state,ok,,periodic,18,0,,,,,,,
2026-08-16T04:00:45.071-07:00,,query_sent,outbound,get_commodity,pending,,periodic,6,0,,,,,,,
2026-08-16T04:00:45.163-07:00,,link_ack,inbound,get_commodity,ack,,link_layer,6,,,,,,,,
2026-08-16T04:00:45.331-07:00,,intermediate_response,inbound,get_commodity,success,,device_response,6,128,,,,,0,success,
2026-08-16T04:00:45.374-07:00,,query_completed,outbound,get_commodity,ok,,periodic,6,0,,,,,0,success,
2026-08-16T04:00:45.375-07:00,,query_sent,outbound,query_operational_state,pending,,periodic,18,0,,,,,,,
2026-08-16T04:00:45.537-07:00,,link_ack,inbound,query_operational_state,ack,,link_layer,18,,,,,,,,
2026-08-16T04:00:45.661-07:00,,operational_state,inbound,query_operational_state,received,,device_response,19,0,,,0,Idle Normal,,,
2026-08-16T04:00:45.702-07:00,,query_completed,outbound,query_operational_state,ok,,periodic,18,0,,,,,,,
2026-08-16T04:01:14.732-07:00,,query_sent,outbound,query_operational_state,pending,,periodic,18,0,,,,,,,
2026-08-16T04:01:14.824-07:00,,link_ack,inbound,query_operational_state,ack,,link_layer,18,,,,,,,,
2026-08-16T04:01:14.947-07:00,,operational_state,inbound,query_operational_state,received,,device_response,19,0,,,0,Idle Normal,,,
2026-08-16T04:01:14.988-07:00,,query_completed,outbound,query_operational_state,ok,,periodic,18,0,,,,,,,
2026-08-16T04:01:15.988-07:00,auto_outside_comm_heartbeat_07,command_sent,outbound,outside_communication1,pending,0,schedule,14,0,,,,,,,
2026-08-16T04:01:16.052-07:00,,link_ack,inbound,outside_communication,ack,,link_layer,14,,,,,,,,
2026-08-16T04:01:16.176-07:00,,application_ack,inbound,outside_communication,ack,,application_layer,3,14,,,,,,,
2026-08-16T04:01:16.216-07:00,auto_outside_comm_heartbeat_07,command_completed,outbound,outside_communication1,ok,0,schedule,14,0,,,,,,,
2026-08-16T04:01:45.245-07:00,,query_sent,outbound,get_commodity,pending,,periodic,6,0,,,,,,,
2026-08-16T04:01:45.337-07:00,,link_ack,inbound,get_commodity,ack,,link_layer,6,,,,,,,,
2026-08-16T04:01:45.505-07:00,,intermediate_response,inbound,get_commodity,success,,device_response,6,128,,,,,0,success,
2026-08-16T04:01:45.548-07:00,,query_completed,outbound,get_commodity,ok,,periodic,6,0,,,,,0,success,
2026-08-16T04:01:45.549-07:00,,query_sent,outbound,query_operational_state,pending,,periodic,18,0,,,,,,,
2026-08-16T04:01:45.711-07:00,,link_ack,inbound,query_operational_state,ack,,link_layer,18,,,,,,,,
2026-08-16T04:01:45.835-07:00,,operational_state,inbound,query_operational_state,received,,device_response,19,0,,,0,Idle Normal,,,
2026-08-16T04:01:45.876-07:00,,query_completed,outbound,query_operational_state,ok,,periodic,18,0,,,,,,,
2026-08-16T04:02:14.903-07:00,,query_sent,outbound,query_operational_state,pending,,periodic,18,0,,,,,,,
2026-08-16T04:02:14.995-07:00,,link_ack,inbound,query_operational_state,ack,,link_layer,18,,,,,,,,
2026-08-16T04:02:15.120-07:00,,operational_state,inbound,query_operational_state,received,,device_response,19,0,,,0,Idle Normal,,,
2026-08-16T04:02:15.160-07:00,,query_completed,outbound,query_operational_state,ok,,periodic,18,0,,,,,,,
2026-08-16T04:02:45.188-07:00,,query_sent,outbound,get_commodity,pending,,periodic,6,0,,,,,,,
2026-08-16T04:02:45.281-07:00,,link_ack,inbound,get_commodity,ack,,link_layer,6,,,,,,,,
2026-08-16T04:02:45.450-07:00,,intermediate_response,inbound,get_commodity,success,,device_response,6,128,,,,,0,success,
2026-08-16T04:02:45.493-07:00,,query_completed,outbound,get_commodity,ok,,periodic,6,0,,,,,0,success,
2026-08-16T04:02:45.494-07:00,,query_sent,outbound,query_operational_state,pending,,periodic,18,0,,,,,,,
2026-08-16T04:02:45.657-07:00,,link_ack,inbound,query_operational_state,ack,,link_layer,18,,,,,,,,
2026-08-16T04:02:45.781-07:00,,operational_state,inbound,query_operational_state,received,,device_response,19,0,,,0,Idle Normal,,,
2026-08-16T04:02:45.822-07:00,,query_completed,outbound,query_operational_state,ok,,periodic,18,0,,,,,,,
2026-08-16T04:03:14.850-07:00,,query_sent,outbound,query_operational_state,pending,,periodic,18,0,,,,,,,
2026-08-16T04:03:14.941-07:00,,link_ack,inbound,query_operational_state,ack,,link_layer,18,,,,,,,,
2026-08-16T04:03:15.065-07:00,,operational_state,inbound,query_operational_state,received,,device_response,19,0,,,0,Idle Normal,,,
2026-08-16T04:03:15.105-07:00,,query_completed,outbound,query_operational_state,ok,,periodic,18,0,,,,,,,
2026-08-16T04:03:45.133-07:00,,query_sent,outbound,get_commodity,pending,,periodic,6,0,,,,,,,
2026-08-16T04:03:45.225-07:00,,link_ack,inbound,get_commodity,ack,,link_layer,6,,,,,,,,
2026-08-16T04:03:45.393-07:00,,intermediate_response,inbound,get_commodity,success,,device_response,6,128,,,,,0,success,
2026-08-16T04:03:45.437-07:00,,query_completed,outbound,get_commodity,ok,,periodic,6,0,,,,,0,success,
2026-08-16T04:03:45.437-07:00,,query_sent,outbound,query_operational_state,pending,,periodic,18,0,,,,,,,
2026-08-16T04:03:45.600-07:00,,link_ack,inbound,query_operational_state,ack,,link_layer,18,,,,,,,,
2026-08-16T04:03:45.724-07:00,,operational_state,inbound,query_operational_state,received,,device_response,19,0,,,0,Idle Normal,,,
2026-08-16T04:03:45.764-07:00,,query_completed,outbound,query_operational_state,ok,,periodic,18,0,,,,,,,
2026-08-16T04:04:14.792-07:00,,query_sent,outbound,query_operational_state,pending,,periodic,18,0,,,,,,,
2026-08-16T04:04:14.883-07:00,,link_ack,inbound,query_operational_state,ack,,link_layer,18,,,,,,,,
2026-08-16T04:04:15.006-07:00,,operational_state,inbound,query_operational_state,received,,device_response,19,0,,,0,Idle Normal,,,
2026-08-16T04:04:15.047-07:00,,query_completed,outbound,query_operational_state,ok,,periodic,18,0,,,,,,,
2026-08-16T04:04:45.075-07:00,,query_sent,outbound,get_commodity,pending,,periodic,6,0,,,,,,,
2026-08-16T04:04:45.170-07:00,,link_ack,inbound,get_commodity,ack,,link_layer,6,,,,,,,,
2026-08-16T04:04:45.339-07:00,,intermediate_response,inbound,get_commodity,success,,device_response,6,128,,,,,0,success,
2026-08-16T04:04:45.383-07:00,,query_completed,outbound,get_commodity,ok,,periodic,6,0,,,,,0,success,
2026-08-16T04:04:45.383-07:00,,query_sent,outbound,query_operational_state,pending,,periodic,18,0,,,,,,,
2026-08-16T04:04:45.545-07:00,,link_ack,inbound,query_operational_state,ack,,link_layer,18,,,,,,,,
2026-08-16T04:04:45.669-07:00,,operational_state,inbound,query_operational_state,received,,device_response,19,0,,,0,Idle Normal,,,
2026-08-16T04:04:45.710-07:00,,query_completed,outbound,query_operational_state,ok,,periodic,18,0,,,,,,,
2026-08-16T04:05:14.738-07:00,,query_sent,outbound,query_operational_state,pending,,periodic,18,0,,,,,,,
2026-08-16T04:05:14.829-07:00,,link_ack,inbound,query_operational_state,ack,,link_layer,18,,,,,,,,
2026-08-16T04:05:14.952-07:00,,operational_state,inbound,query_operational_state,received,,device_response,19,0,,,0,Idle Normal,,,
2026-08-16T04:05:14.993-07:00,,query_completed,outbound,query_operational_state,ok,,periodic,18,0,,,,,,,
2026-08-16T04:05:45.021-07:00,,query_sent,outbound,get_commodity,pending,,periodic,6,0,,,,,,,
2026-08-16T04:05:45.113-07:00,,link_ack,inbound,get_commodity,ack,,link_layer,6,,,,,,,,
2026-08-16T04:05:45.283-07:00,,intermediate_response,inbound,get_commodity,success,,device_response,6,128,,,,,0,success,
2026-08-16T04:05:45.327-07:00,,query_completed,outbound,get_commodity,ok,,periodic,6,0,,,,,0,success,
2026-08-16T04:05:45.327-07:00,,query_sent,outbound,query_operational_state,pending,,periodic,18,0,,,,,,,
2026-08-16T04:05:45.489-07:00,,link_ack,inbound,query_operational_state,ack,,link_layer,18,,,,,,,,
2026-08-16T04:05:45.612-07:00,,operational_state,inbound,query_operational_state,received,,device_response,19,0,,,0,Idle Normal,,,
2026-08-16T04:05:45.653-07:00,,query_completed,outbound,query_operational_state,ok,,periodic,18,0,,,,,,,
2026-08-16T04:06:14.681-07:00,,query_sent,outbound,query_operational_state,pending,,periodic,18,0,,,,,,,
2026-08-16T04:06:14.773-07:00,,link_ack,inbound,query_operational_state,ack,,link_layer,18,,,,,,,,
2026-08-16T04:06:14.896-07:00,,operational_state,inbound,query_operational_state,received,,device_response,19,0,,,0,Idle Normal,,,
2026-08-16T04:06:14.937-07:00,,query_completed,outbound,query_operational_state,ok,,periodic,18,0,,,,,,,
2026-08-16T04:06:44.966-07:00,,query_sent,outbound,get_commodity,pending,,periodic,6,0,,,,,,,
2026-08-16T04:06:45.057-07:00,,link_ack,inbound,get_commodity,ack,,link_layer,6,,,,,,,,
2026-08-16T04:06:45.225-07:00,,intermediate_response,inbound,get_commodity,success,,device_response,6,128,,,,,0,success,
2026-08-16T04:06:45.269-07:00,,query_completed,outbound,get_commodity,ok,,periodic,6,0,,,,,0,success,
2026-08-16T04:06:45.269-07:00,,query_sent,outbound,query_operational_state,pending,,periodic,18,0,,,,,,,
2026-08-16T04:06:45.431-07:00,,link_ack,inbound,query_operational_state,ack,,link_layer,18,,,,,,,,
2026-08-16T04:06:45.555-07:00,,operational_state,inbound,query_operational_state,received,,device_response,19,0,,,0,Idle Normal,,,
2026-08-16T04:06:45.595-07:00,,query_completed,outbound,query_operational_state,ok,,periodic,18,0,,,,,,,
2026-08-16T04:07:15.624-07:00,,query_sent,outbound,query_operational_state,pending,,periodic,18,0,,,,,,,
2026-08-16T04:07:15.721-07:00,,link_ack,inbound,query_operational_state,ack,,link_layer,18,,,,,,,,
2026-08-16T04:07:15.844-07:00,,operational_state,inbound,query_operational_state,received,,device_response,19,0,,,0,Idle Normal,,,
2026-08-16T04:07:15.884-07:00,,query_completed,outbound,query_operational_state,ok,,periodic,18,0,,,,,,,
2026-08-16T04:07:44.912-07:00,,query_sent,outbound,get_commodity,pending,,periodic,6,0,,,,,,,
2026-08-16T04:07:45.003-07:00,,link_ack,inbound,get_commodity,ack,,link_layer,6,,,,,,,,
2026-08-16T04:07:45.172-07:00,,intermediate_response,inbound,get_commodity,success,,device_response,6,128,,,,,0,success,
2026-08-16T04:07:45.216-07:00,,query_completed,outbound,get_commodity,ok,,periodic,6,0,,,,,0,success,
2026-08-16T04:07:45.216-07:00,,query_sent,outbound,query_operational_state,pending,,periodic,18,0,,,,,,,
2026-08-16T04:07:45.378-07:00,,link_ack,inbound,query_operational_state,ack,,link_layer,18,,,,,,,,
2026-08-16T04:07:45.501-07:00,,operational_state,inbound,query_operational_state,received,,device_response,19,0,,,0,Idle Normal,,,
2026-08-16T04:07:45.542-07:00,,query_completed,outbound,query_operational_state,ok,,periodic,18,0,,,,,,,
2026-08-16T04:08:15.571-07:00,,query_sent,outbound,query_operational_state,pending,,periodic,18,0,,,,,,,
2026-08-16T04:08:15.660-07:00,,link_ack,inbound,query_operational_state,ack,,link_layer,18,,,,,,,,
2026-08-16T04:08:15.784-07:00,,operational_state,inbound,query_operational_state,received,,device_response,19,0,,,0,Idle Normal,,,
2026-08-16T04:08:15.824-07:00,,query_completed,outbound,query_operational_state,ok,,periodic,18,0,,,,,,,
2026-08-16T04:08:44.852-07:00,,query_sent,outbound,get_commodity,pending,,periodic,6,0,,,,,,,
2026-08-16T04:08:44.945-07:00,,link_ack,inbound,get_commodity,ack,,link_layer,6,,,,,,,,
2026-08-16T04:08:45.113-07:00,,intermediate_response,inbound,get_commodity,success,,device_response,6,128,,,,,0,success,
2026-08-16T04:08:45.156-07:00,,query_completed,outbound,get_commodity,ok,,periodic,6,0,,,,,0,success,
2026-08-16T04:08:45.157-07:00,,query_sent,outbound,query_operational_state,pending,,periodic,18,0,,,,,,,
2026-08-16T04:08:45.319-07:00,,link_ack,inbound,query_operational_state,ack,,link_layer,18,,,,,,,,
2026-08-16T04:08:45.443-07:00,,operational_state,inbound,query_operational_state,received,,device_response,19,0,,,0,Idle Normal,,,
2026-08-16T04:08:45.484-07:00,,query_completed,outbound,query_operational_state,ok,,periodic,18,0,,,,,,,
2026-08-16T04:09:15.512-07:00,,query_sent,outbound,query_operational_state,pending,,periodic,18,0,,,,,,,
2026-08-16T04:09:15.605-07:00,,link_ack,inbound,query_operational_state,ack,,link_layer,18,,,,,,,,
2026-08-16T04:09:15.729-07:00,,operational_state,inbound,query_operational_state,received,,device_response,19,0,,,0,Idle Normal,,,
2026-08-16T04:09:15.769-07:00,,query_completed,outbound,query_operational_state,ok,,periodic,18,0,,,,,,,
2026-08-16T04:09:44.797-07:00,,query_sent,outbound,get_commodity,pending,,periodic,6,0,,,,,,,
2026-08-16T04:09:44.889-07:00,,link_ack,inbound,get_commodity,ack,,link_layer,6,,,,,,,,
2026-08-16T04:09:45.058-07:00,,intermediate_response,inbound,get_commodity,success,,device_response,6,128,,,,,0,success,
2026-08-16T04:09:45.101-07:00,,query_completed,outbound,get_commodity,ok,,periodic,6,0,,,,,0,success,
2026-08-16T04:09:45.102-07:00,,query_sent,outbound,query_operational_state,pending,,periodic,18,0,,,,,,,
2026-08-16T04:09:45.265-07:00,,link_ack,inbound,query_operational_state,ack,,link_layer,18,,,,,,,,
2026-08-16T04:09:45.389-07:00,,operational_state,inbound,query_operational_state,received,,device_response,19,0,,,0,Idle Normal,,,
2026-08-16T04:09:45.430-07:00,,query_completed,outbound,query_operational_state,ok,,periodic,18,0,,,,,,,
2026-08-16T04:10:15.458-07:00,,query_sent,outbound,query_operational_state,pending,,periodic,18,0,,,,,,,
2026-08-16T04:10:15.552-07:00,,link_ack,inbound,query_operational_state,ack,,link_layer,18,,,,,,,,
2026-08-16T04:10:15.676-07:00,,operational_state,inbound,query_operational_state,received,,device_response,19,0,,,0,Idle Normal,,,
2026-08-16T04:10:15.717-07:00,,query_completed,outbound,query_operational_state,ok,,periodic,18,0,,,,,,,
2026-08-16T04:10:44.745-07:00,,query_sent,outbound,get_commodity,pending,,periodic,6,0,,,,,,,
2026-08-16T04:10:44.836-07:00,,link_ack,inbound,get_commodity,ack,,link_layer,6,,,,,,,,
2026-08-16T04:10:45.004-07:00,,intermediate_response,inbound,get_commodity,success,,device_response,6,128,,,,,0,success,
2026-08-16T04:10:45.048-07:00,,query_completed,outbound,get_commodity,ok,,periodic,6,0,,,,,0,success,
2026-08-16T04:10:45.048-07:00,,query_sent,outbound,query_operational_state,pending,,periodic,18,0,,,,,,,
2026-08-16T04:10:45.210-07:00,,link_ack,inbound,query_operational_state,ack,,link_layer,18,,,,,,,,
2026-08-16T04:10:45.334-07:00,,operational_state,inbound,query_operational_state,received,,device_response,19,0,,,0,Idle Normal,,,
2026-08-16T04:10:45.375-07:00,,query_completed,outbound,query_operational_state,ok,,periodic,18,0,,,,,,,
2026-08-16T04:11:15.403-07:00,,query_sent,outbound,query_operational_state,pending,,periodic,18,0,,,,,,,
2026-08-16T04:11:15.496-07:00,,link_ack,inbound,query_operational_state,ack,,link_layer,18,,,,,,,,
2026-08-16T04:11:15.619-07:00,,operational_state,inbound,query_operational_state,received,,device_response,19,0,,,0,Idle Normal,,,
2026-08-16T04:11:15.659-07:00,,query_completed,outbound,query_operational_state,ok,,periodic,18,0,,,,,,,
2026-08-16T04:11:44.687-07:00,,query_sent,outbound,get_commodity,pending,,periodic,6,0,,,,,,,
2026-08-16T04:11:44.779-07:00,,link_ack,inbound,get_commodity,ack,,link_layer,6,,,,,,,,
2026-08-16T04:11:44.949-07:00,,intermediate_response,inbound,get_commodity,success,,device_response,6,128,,,,,0,success,
2026-08-16T04:11:44.991-07:00,,query_completed,outbound,get_commodity,ok,,periodic,6,0,,,,,0,success,
2026-08-16T04:11:44.991-07:00,,query_sent,outbound,query_operational_state,pending,,periodic,18,0,,,,,,,
2026-08-16T04:11:45.154-07:00,,link_ack,inbound,query_operational_state,ack,,link_layer,18,,,,,,,,
2026-08-16T04:11:45.277-07:00,,operational_state,inbound,query_operational_state,received,,device_response,19,0,,,0,Idle Normal,,,
2026-08-16T04:11:45.318-07:00,,query_completed,outbound,query_operational_state,ok,,periodic,18,0,,,,,,,
2026-08-16T04:12:15.346-07:00,,query_sent,outbound,query_operational_state,pending,,periodic,18,0,,,,,,,
2026-08-16T04:12:15.441-07:00,,link_ack,inbound,query_operational_state,ack,,link_layer,18,,,,,,,,
2026-08-16T04:12:15.565-07:00,,operational_state,inbound,query_operational_state,received,,device_response,19,0,,,0,Idle Normal,,,
2026-08-16T04:12:15.605-07:00,,query_completed,outbound,query_operational_state,ok,,periodic,18,0,,,,,,,
2026-08-16T04:12:44.633-07:00,,query_sent,outbound,get_commodity,pending,,periodic,6,0,,,,,,,
2026-08-16T04:12:44.727-07:00,,link_ack,inbound,get_commodity,ack,,link_layer,6,,,,,,,,
2026-08-16T04:12:44.896-07:00,,intermediate_response,inbound,get_commodity,success,,device_response,6,128,,,,,0,success,
2026-08-16T04:12:44.939-07:00,,query_completed,outbound,get_commodity,ok,,periodic,6,0,,,,,0,success,
2026-08-16T04:12:44.940-07:00,,query_sent,outbound,query_operational_state,pending,,periodic,18,0,,,,,,,
2026-08-16T04:12:45.102-07:00,,link_ack,inbound,query_operational_state,ack,,link_layer,18,,,,,,,,
2026-08-16T04:12:45.225-07:00,,operational_state,inbound,query_operational_state,received,,device_response,19,0,,,0,Idle Normal,,,
2026-08-16T04:12:45.266-07:00,,query_completed,outbound,query_operational_state,ok,,periodic,18,0,,,,,,,
2026-08-16T04:13:15.295-07:00,,query_sent,outbound,query_operational_state,pending,,periodic,18,0,,,,,,,
2026-08-16T04:13:15.387-07:00,,link_ack,inbound,query_operational_state,ack,,link_layer,18,,,,,,,,
2026-08-16T04:13:15.510-07:00,,operational_state,inbound,query_operational_state,received,,device_response,19,0,,,0,Idle Normal,,,
2026-08-16T04:13:15.551-07:00,,query_completed,outbound,query_operational_state,ok,,periodic,18,0,,,,,,,
2026-08-16T04:13:45.579-07:00,,query_sent,outbound,get_commodity,pending,,periodic,6,0,,,,,,,
2026-08-16T04:13:45.670-07:00,,link_ack,inbound,get_commodity,ack,,link_layer,6,,,,,,,,
2026-08-16T04:13:45.838-07:00,,intermediate_response,inbound,get_commodity,success,,device_response,6,128,,,,,0,success,
2026-08-16T04:13:45.882-07:00,,query_completed,outbound,get_commodity,ok,,periodic,6,0,,,,,0,success,
2026-08-16T04:13:45.882-07:00,,query_sent,outbound,query_operational_state,pending,,periodic,18,0,,,,,,,
2026-08-16T04:13:46.045-07:00,,link_ack,inbound,query_operational_state,ack,,link_layer,18,,,,,,,,
2026-08-16T04:13:46.169-07:00,,operational_state,inbound,query_operational_state,received,,device_response,19,0,,,0,Idle Normal,,,
2026-08-16T04:13:46.210-07:00,,query_completed,outbound,query_operational_state,ok,,periodic,18,0,,,,,,,
2026-08-16T04:14:15.238-07:00,,query_sent,outbound,query_operational_state,pending,,periodic,18,0,,,,,,,
2026-08-16T04:14:15.329-07:00,,link_ack,inbound,query_operational_state,ack,,link_layer,18,,,,,,,,
2026-08-16T04:14:15.451-07:00,,operational_state,inbound,query_operational_state,received,,device_response,19,0,,,0,Idle Normal,,,
2026-08-16T04:14:15.492-07:00,,query_completed,outbound,query_operational_state,ok,,periodic,18,0,,,,,,,
2026-08-16T04:14:45.520-07:00,auto_outside_comm_heartbeat_08,command_sent,outbound,outside_communication1,pending,0,schedule,14,0,,,,,,,
2026-08-16T04:14:45.613-07:00,,link_ack,inbound,outside_communication,ack,,link_layer,14,,,,,,,,
2026-08-16T04:14:45.737-07:00,,application_ack,inbound,outside_communication,ack,,application_layer,3,14,,,,,,,
2026-08-16T04:14:45.777-07:00,auto_outside_comm_heartbeat_08,command_completed,outbound,outside_communication1,ok,0,schedule,14,0,,,,,,,
2026-08-16T04:14:45.779-07:00,,query_sent,outbound,get_commodity,pending,,periodic,6,0,,,,,,,
2026-08-16T04:14:45.940-07:00,,link_ack,inbound,get_commodity,ack,,link_layer,6,,,,,,,,
2026-08-16T04:14:46.108-07:00,,intermediate_response,inbound,get_commodity,success,,device_response,6,128,,,,,0,success,
2026-08-16T04:14:46.152-07:00,,query_completed,outbound,get_commodity,ok,,periodic,6,0,,,,,0,success,
2026-08-16T04:14:46.152-07:00,,query_sent,outbound,query_operational_state,pending,,periodic,18,0,,,,,,,
2026-08-16T04:14:46.314-07:00,,link_ack,inbound,query_operational_state,ack,,link_layer,18,,,,,,,,
2026-08-16T04:14:46.438-07:00,,operational_state,inbound,query_operational_state,received,,device_response,19,0,,,0,Idle Normal,,,
2026-08-16T04:14:46.479-07:00,,query_completed,outbound,query_operational_state,ok,,periodic,18,0,,,,,,,
2026-08-16T04:15:15.506-07:00,,query_sent,outbound,query_operational_state,pending,,periodic,18,0,,,,,,,
2026-08-16T04:15:15.595-07:00,,link_ack,inbound,query_operational_state,ack,,link_layer,18,,,,,,,,
2026-08-16T04:15:15.720-07:00,,operational_state,inbound,query_operational_state,received,,device_response,19,0,,,0,Idle Normal,,,
2026-08-16T04:15:15.761-07:00,,query_completed,outbound,query_operational_state,ok,,periodic,18,0,,,,,,,
2026-08-16T04:15:44.787-07:00,,query_sent,outbound,get_commodity,pending,,periodic,6,0,,,,,,,
2026-08-16T04:15:44.878-07:00,,link_ack,inbound,get_commodity,ack,,link_layer,6,,,,,,,,
2026-08-16T04:15:45.047-07:00,,intermediate_response,inbound,get_commodity,success,,device_response,6,128,,,,,0,success,
2026-08-16T04:15:45.090-07:00,,query_completed,outbound,get_commodity,ok,,periodic,6,0,,,,,0,success,
2026-08-16T04:15:45.091-07:00,,query_sent,outbound,query_operational_state,pending,,periodic,18,0,,,,,,,
2026-08-16T04:15:45.254-07:00,,link_ack,inbound,query_operational_state,ack,,link_layer,18,,,,,,,,
2026-08-16T04:15:45.378-07:00,,operational_state,inbound,query_operational_state,received,,device_response,19,0,,,0,Idle Normal,,,
2026-08-16T04:15:45.419-07:00,,query_completed,outbound,query_operational_state,ok,,periodic,18,0,,,,,,,
2026-08-16T04:16:15.447-07:00,,query_sent,outbound,query_operational_state,pending,,periodic,18,0,,,,,,,
2026-08-16T04:16:15.541-07:00,,link_ack,inbound,query_operational_state,ack,,link_layer,18,,,,,,,,
2026-08-16T04:16:15.665-07:00,,operational_state,inbound,query_operational_state,received,,device_response,19,0,,,0,Idle Normal,,,
2026-08-16T04:16:15.706-07:00,,query_completed,outbound,query_operational_state,ok,,periodic,18,0,,,,,,,
2026-08-16T04:16:44.733-07:00,,query_sent,outbound,get_commodity,pending,,periodic,6,0,,,,,,,
2026-08-16T04:16:44.825-07:00,,link_ack,inbound,get_commodity,ack,,link_layer,6,,,,,,,,
2026-08-16T04:16:44.993-07:00,,intermediate_response,inbound,get_commodity,success,,device_response,6,128,,,,,0,success,
2026-08-16T04:16:45.037-07:00,,query_completed,outbound,get_commodity,ok,,periodic,6,0,,,,,0,success,
2026-08-16T04:16:45.037-07:00,,query_sent,outbound,query_operational_state,pending,,periodic,18,0,,,,,,,
2026-08-16T04:16:45.199-07:00,,link_ack,inbound,query_operational_state,ack,,link_layer,18,,,,,,,,
2026-08-16T04:16:45.323-07:00,,operational_state,inbound,query_operational_state,received,,device_response,19,0,,,0,Idle Normal,,,
2026-08-16T04:16:45.364-07:00,,query_completed,outbound,query_operational_state,ok,,periodic,18,0,,,,,,,
2026-08-16T04:17:15.392-07:00,,query_sent,outbound,query_operational_state,pending,,periodic,18,0,,,,,,,
2026-08-16T04:17:15.485-07:00,,link_ack,inbound,query_operational_state,ack,,link_layer,18,,,,,,,,
2026-08-16T04:17:15.609-07:00,,operational_state,inbound,query_operational_state,received,,device_response,19,0,,,0,Idle Normal,,,
2026-08-16T04:17:15.649-07:00,,query_completed,outbound,query_operational_state,ok,,periodic,18,0,,,,,,,
2026-08-16T04:17:44.676-07:00,,query_sent,outbound,get_commodity,pending,,periodic,6,0,,,,,,,
2026-08-16T04:17:44.770-07:00,,link_ack,inbound,get_commodity,ack,,link_layer,6,,,,,,,,
2026-08-16T04:17:44.938-07:00,,intermediate_response,inbound,get_commodity,success,,device_response,6,128,,,,,0,success,
2026-08-16T04:17:44.982-07:00,,query_completed,outbound,get_commodity,ok,,periodic,6,0,,,,,0,success,
2026-08-16T04:17:44.982-07:00,,query_sent,outbound,query_operational_state,pending,,periodic,18,0,,,,,,,
2026-08-16T04:17:45.144-07:00,,link_ack,inbound,query_operational_state,ack,,link_layer,18,,,,,,,,
2026-08-16T04:17:45.267-07:00,,operational_state,inbound,query_operational_state,received,,device_response,19,0,,,0,Idle Normal,,,
2026-08-16T04:17:45.308-07:00,,query_completed,outbound,query_operational_state,ok,,periodic,18,0,,,,,,,
2026-08-16T04:18:15.336-07:00,,query_sent,outbound,query_operational_state,pending,,periodic,18,0,,,,,,,
2026-08-16T04:18:15.430-07:00,,link_ack,inbound,query_operational_state,ack,,link_layer,18,,,,,,,,
2026-08-16T04:18:15.553-07:00,,operational_state,inbound,query_operational_state,received,,device_response,19,0,,,0,Idle Normal,,,
2026-08-16T04:18:15.594-07:00,,query_completed,outbound,query_operational_state,ok,,periodic,18,0,,,,,,,
2026-08-16T04:18:45.622-07:00,,query_sent,outbound,get_commodity,pending,,periodic,6,0,,,,,,,
2026-08-16T04:18:45.714-07:00,,link_ack,inbound,get_commodity,ack,,link_layer,6,,,,,,,,
2026-08-16T04:18:45.883-07:00,,intermediate_response,inbound,get_commodity,success,,device_response,6,128,,,,,0,success,
2026-08-16T04:18:45.927-07:00,,query_completed,outbound,get_commodity,ok,,periodic,6,0,,,,,0,success,
2026-08-16T04:18:45.927-07:00,,query_sent,outbound,query_operational_state,pending,,periodic,18,0,,,,,,,
2026-08-16T04:18:46.089-07:00,,link_ack,inbound,query_operational_state,ack,,link_layer,18,,,,,,,,
2026-08-16T04:18:46.213-07:00,,operational_state,inbound,query_operational_state,received,,device_response,19,0,,,0,Idle Normal,,,
2026-08-16T04:18:46.253-07:00,,query_completed,outbound,query_operational_state,ok,,periodic,18,0,,,,,,,
2026-08-16T04:19:15.280-07:00,,query_sent,outbound,query_operational_state,pending,,periodic,18,0,,,,,,,
2026-08-16T04:19:15.371-07:00,,link_ack,inbound,query_operational_state,ack,,link_layer,18,,,,,,,,
2026-08-16T04:19:15.494-07:00,,operational_state,inbound,query_operational_state,received,,device_response,19,0,,,0,Idle Normal,,,
2026-08-16T04:19:15.535-07:00,,query_completed,outbound,query_operational_state,ok,,periodic,18,0,,,,,,,
2026-08-16T04:19:45.563-07:00,,query_sent,outbound,get_commodity,pending,,periodic,6,0,,,,,,,
2026-08-16T04:19:45.656-07:00,,link_ack,inbound,get_commodity,ack,,link_layer,6,,,,,,,,
2026-08-16T04:19:45.825-07:00,,intermediate_response,inbound,get_commodity,success,,device_response,6,128,,,,,0,success,
2026-08-16T04:19:45.869-07:00,,query_completed,outbound,get_commodity,ok,,periodic,6,0,,,,,0,success,
2026-08-16T04:19:45.869-07:00,,query_sent,outbound,query_operational_state,pending,,periodic,18,0,,,,,,,
2026-08-16T04:19:46.031-07:00,,link_ack,inbound,query_operational_state,ack,,link_layer,18,,,,,,,,
2026-08-16T04:19:46.154-07:00,,operational_state,inbound,query_operational_state,received,,device_response,19,0,,,0,Idle Normal,,,
2026-08-16T04:19:46.195-07:00,,query_completed,outbound,query_operational_state,ok,,periodic,18,0,,,,,,,
2026-08-16T04:20:15.222-07:00,,query_sent,outbound,query_operational_state,pending,,periodic,18,0,,,,,,,
2026-08-16T04:20:15.310-07:00,,link_ack,inbound,query_operational_state,ack,,link_layer,18,,,,,,,,
2026-08-16T04:20:15.434-07:00,,operational_state,inbound,query_operational_state,received,,device_response,19,0,,,0,Idle Normal,,,
2026-08-16T04:20:15.474-07:00,,query_completed,outbound,query_operational_state,ok,,periodic,18,0,,,,,,,
2026-08-16T04:20:45.502-07:00,,query_sent,outbound,get_commodity,pending,,periodic,6,0,,,,,,,
2026-08-16T04:20:45.592-07:00,,link_ack,inbound,get_commodity,ack,,link_layer,6,,,,,,,,
2026-08-16T04:20:45.760-07:00,,intermediate_response,inbound,get_commodity,success,,device_response,6,128,,,,,0,success,
2026-08-16T04:20:45.803-07:00,,query_completed,outbound,get_commodity,ok,,periodic,6,0,,,,,0,success,
2026-08-16T04:20:45.804-07:00,,query_sent,outbound,query_operational_state,pending,,periodic,18,0,,,,,,,
2026-08-16T04:20:45.965-07:00,,link_ack,inbound,query_operational_state,ack,,link_layer,18,,,,,,,,
2026-08-16T04:20:46.089-07:00,,operational_state,inbound,query_operational_state,received,,device_response,19,0,,,0,Idle Normal,,,
2026-08-16T04:20:46.130-07:00,,query_completed,outbound,query_operational_state,ok,,periodic,18,0,,,,,,,
2026-08-16T04:21:15.156-07:00,,query_sent,outbound,query_operational_state,pending,,periodic,18,0,,,,,,,
2026-08-16T04:21:15.246-07:00,,link_ack,inbound,query_operational_state,ack,,link_layer,18,,,,,,,,
2026-08-16T04:21:15.370-07:00,,operational_state,inbound,query_operational_state,received,,device_response,19,0,,,0,Idle Normal,,,
2026-08-16T04:21:15.410-07:00,,query_completed,outbound,query_operational_state,ok,,periodic,18,0,,,,,,,
2026-08-16T04:21:45.438-07:00,,query_sent,outbound,get_commodity,pending,,periodic,6,0,,,,,,,
2026-08-16T04:21:45.528-07:00,,link_ack,inbound,get_commodity,ack,,link_layer,6,,,,,,,,
2026-08-16T04:21:45.696-07:00,,intermediate_response,inbound,get_commodity,success,,device_response,6,128,,,,,0,success,
2026-08-16T04:21:45.739-07:00,,query_completed,outbound,get_commodity,ok,,periodic,6,0,,,,,0,success,
2026-08-16T04:21:45.740-07:00,,query_sent,outbound,query_operational_state,pending,,periodic,18,0,,,,,,,
2026-08-16T04:21:45.901-07:00,,link_ack,inbound,query_operational_state,ack,,link_layer,18,,,,,,,,
2026-08-16T04:21:46.026-07:00,,operational_state,inbound,query_operational_state,received,,device_response,19,0,,,0,Idle Normal,,,
2026-08-16T04:21:46.067-07:00,,query_completed,outbound,query_operational_state,ok,,periodic,18,0,,,,,,,
2026-08-16T04:22:15.093-07:00,,query_sent,outbound,query_operational_state,pending,,periodic,18,0,,,,,,,
2026-08-16T04:22:15.183-07:00,,link_ack,inbound,query_operational_state,ack,,link_layer,18,,,,,,,,
2026-08-16T04:22:15.307-07:00,,operational_state,inbound,query_operational_state,received,,device_response,19,0,,,0,Idle Normal,,,
2026-08-16T04:22:15.347-07:00,,query_completed,outbound,query_operational_state,ok,,periodic,18,0,,,,,,,
2026-08-16T04:22:45.375-07:00,,query_sent,outbound,get_commodity,pending,,periodic,6,0,,,,,,,
2026-08-16T04:22:45.468-07:00,,link_ack,inbound,get_commodity,ack,,link_layer,6,,,,,,,,
2026-08-16T04:22:45.636-07:00,,intermediate_response,inbound,get_commodity,success,,device_response,6,128,,,,,0,success,
2026-08-16T04:22:45.680-07:00,,query_completed,outbound,get_commodity,ok,,periodic,6,0,,,,,0,success,
2026-08-16T04:22:45.680-07:00,,query_sent,outbound,query_operational_state,pending,,periodic,18,0,,,,,,,
2026-08-16T04:22:45.842-07:00,,link_ack,inbound,query_operational_state,ack,,link_layer,18,,,,,,,,
2026-08-16T04:22:45.965-07:00,,operational_state,inbound,query_operational_state,received,,device_response,19,0,,,0,Idle Normal,,,
2026-08-16T04:22:46.006-07:00,,query_completed,outbound,query_operational_state,ok,,periodic,18,0,,,,,,,
2026-08-16T04:23:15.033-07:00,,query_sent,outbound,query_operational_state,pending,,periodic,18,0,,,,,,,
2026-08-16T04:23:15.128-07:00,,link_ack,inbound,query_operational_state,ack,,link_layer,18,,,,,,,,
2026-08-16T04:23:15.251-07:00,,operational_state,inbound,query_operational_state,received,,device_response,19,0,,,0,Idle Normal,,,
2026-08-16T04:23:15.291-07:00,,query_completed,outbound,query_operational_state,ok,,periodic,18,0,,,,,,,
2026-08-16T04:23:45.319-07:00,,query_sent,outbound,get_commodity,pending,,periodic,6,0,,,,,,,
2026-08-16T04:23:45.414-07:00,,link_ack,inbound,get_commodity,ack,,link_layer,6,,,,,,,,
2026-08-16T04:23:45.583-07:00,,intermediate_response,inbound,get_commodity,success,,device_response,6,128,,,,,0,success,
2026-08-16T04:23:45.626-07:00,,query_completed,outbound,get_commodity,ok,,periodic,6,0,,,,,0,success,
2026-08-16T04:23:45.627-07:00,,query_sent,outbound,query_operational_state,pending,,periodic,18,0,,,,,,,
2026-08-16T04:23:45.789-07:00,,link_ack,inbound,query_operational_state,ack,,link_layer,18,,,,,,,,
2026-08-16T04:23:45.912-07:00,,operational_state,inbound,query_operational_state,received,,device_response,19,0,,,0,Idle Normal,,,
2026-08-16T04:23:45.953-07:00,,query_completed,outbound,query_operational_state,ok,,periodic,18,0,,,,,,,
2026-08-16T04:24:14.980-07:00,,query_sent,outbound,query_operational_state,pending,,periodic,18,0,,,,,,,
2026-08-16T04:24:15.074-07:00,,link_ack,inbound,query_operational_state,ack,,link_layer,18,,,,,,,,
2026-08-16T04:24:15.197-07:00,,operational_state,inbound,query_operational_state,received,,device_response,19,0,,,0,Idle Normal,,,
2026-08-16T04:24:15.238-07:00,,query_completed,outbound,query_operational_state,ok,,periodic,18,0,,,,,,,
2026-08-16T04:24:45.266-07:00,,query_sent,outbound,get_commodity,pending,,periodic,6,0,,,,,,,
2026-08-16T04:24:45.358-07:00,,link_ack,inbound,get_commodity,ack,,link_layer,6,,,,,,,,
2026-08-16T04:24:45.526-07:00,,intermediate_response,inbound,get_commodity,success,,device_response,6,128,,,,,0,success,
2026-08-16T04:24:45.569-07:00,,query_completed,outbound,get_commodity,ok,,periodic,6,0,,,,,0,success,
2026-08-16T04:24:45.569-07:00,,query_sent,outbound,query_operational_state,pending,,periodic,18,0,,,,,,,
2026-08-16T04:24:45.733-07:00,,link_ack,inbound,query_operational_state,ack,,link_layer,18,,,,,,,,
2026-08-16T04:24:45.856-07:00,,operational_state,inbound,query_operational_state,received,,device_response,19,0,,,0,Idle Normal,,,
2026-08-16T04:24:45.897-07:00,,query_completed,outbound,query_operational_state,ok,,periodic,18,0,,,,,,,
2026-08-16T04:25:14.924-07:00,,query_sent,outbound,query_operational_state,pending,,periodic,18,0,,,,,,,
2026-08-16T04:25:15.015-07:00,,link_ack,inbound,query_operational_state,ack,,link_layer,18,,,,,,,,
2026-08-16T04:25:15.138-07:00,,operational_state,inbound,query_operational_state,received,,device_response,19,0,,,0,Idle Normal,,,
2026-08-16T04:25:15.179-07:00,,query_completed,outbound,query_operational_state,ok,,periodic,18,0,,,,,,,
2026-08-16T04:25:45.207-07:00,,query_sent,outbound,get_commodity,pending,,periodic,6,0,,,,,,,
2026-08-16T04:25:45.302-07:00,,link_ack,inbound,get_commodity,ack,,link_layer,6,,,,,,,,
2026-08-16T04:25:45.471-07:00,,intermediate_response,inbound,get_commodity,success,,device_response,6,128,,,,,0,success,
2026-08-16T04:25:45.515-07:00,,query_completed,outbound,get_commodity,ok,,periodic,6,0,,,,,0,success,
2026-08-16T04:25:45.515-07:00,,query_sent,outbound,query_operational_state,pending,,periodic,18,0,,,,,,,
2026-08-16T04:25:45.677-07:00,,link_ack,inbound,query_operational_state,ack,,link_layer,18,,,,,,,,
2026-08-16T04:25:45.801-07:00,,operational_state,inbound,query_operational_state,received,,device_response,19,0,,,0,Idle Normal,,,
2026-08-16T04:25:45.842-07:00,,query_completed,outbound,query_operational_state,ok,,periodic,18,0,,,,,,,
2026-08-16T04:26:14.868-07:00,,query_sent,outbound,query_operational_state,pending,,periodic,18,0,,,,,,,
2026-08-16T04:26:14.963-07:00,,link_ack,inbound,query_operational_state,ack,,link_layer,18,,,,,,,,
2026-08-16T04:26:15.087-07:00,,operational_state,inbound,query_operational_state,received,,device_response,19,0,,,0,Idle Normal,,,
2026-08-16T04:26:15.128-07:00,,query_completed,outbound,query_operational_state,ok,,periodic,18,0,,,,,,,
2026-08-16T04:26:45.155-07:00,,query_sent,outbound,get_commodity,pending,,periodic,6,0,,,,,,,
2026-08-16T04:26:45.248-07:00,,link_ack,inbound,get_commodity,ack,,link_layer,6,,,,,,,,
2026-08-16T04:26:45.419-07:00,,intermediate_response,inbound,get_commodity,success,,device_response,6,128,,,,,0,success,
2026-08-16T04:26:45.462-07:00,,query_completed,outbound,get_commodity,ok,,periodic,6,0,,,,,0,success,
2026-08-16T04:26:45.463-07:00,,query_sent,outbound,query_operational_state,pending,,periodic,18,0,,,,,,,
2026-08-16T04:26:45.626-07:00,,link_ack,inbound,query_operational_state,ack,,link_layer,18,,,,,,,,
2026-08-16T04:26:45.750-07:00,,operational_state,inbound,query_operational_state,received,,device_response,19,0,,,0,Idle Normal,,,
2026-08-16T04:26:45.790-07:00,,query_completed,outbound,query_operational_state,ok,,periodic,18,0,,,,,,,
2026-08-16T04:27:14.817-07:00,,query_sent,outbound,query_operational_state,pending,,periodic,18,0,,,,,,,
2026-08-16T04:27:14.909-07:00,,link_ack,inbound,query_operational_state,ack,,link_layer,18,,,,,,,,
2026-08-16T04:27:15.032-07:00,,operational_state,inbound,query_operational_state,received,,device_response,19,0,,,0,Idle Normal,,,
2026-08-16T04:27:15.073-07:00,,query_completed,outbound,query_operational_state,ok,,periodic,18,0,,,,,,,
2026-08-16T04:27:45.101-07:00,,query_sent,outbound,get_commodity,pending,,periodic,6,0,,,,,,,
2026-08-16T04:27:45.192-07:00,,link_ack,inbound,get_commodity,ack,,link_layer,6,,,,,,,,
2026-08-16T04:27:45.361-07:00,,intermediate_response,inbound,get_commodity,success,,device_response,6,128,,,,,0,success,
2026-08-16T04:27:45.404-07:00,,query_completed,outbound,get_commodity,ok,,periodic,6,0,,,,,0,success,
2026-08-16T04:27:45.404-07:00,,query_sent,outbound,query_operational_state,pending,,periodic,18,0,,,,,,,
2026-08-16T04:27:45.568-07:00,,link_ack,inbound,query_operational_state,ack,,link_layer,18,,,,,,,,
2026-08-16T04:27:45.691-07:00,,operational_state,inbound,query_operational_state,received,,device_response,19,0,,,0,Idle Normal,,,
2026-08-16T04:27:45.732-07:00,,query_completed,outbound,query_operational_state,ok,,periodic,18,0,,,,,,,
2026-08-16T04:28:14.759-07:00,,query_sent,outbound,query_operational_state,pending,,periodic,18,0,,,,,,,
2026-08-16T04:28:14.850-07:00,,link_ack,inbound,query_operational_state,ack,,link_layer,18,,,,,,,,
2026-08-16T04:28:14.973-07:00,,operational_state,inbound,query_operational_state,received,,device_response,19,0,,,0,Idle Normal,,,
2026-08-16T04:28:15.013-07:00,,query_completed,outbound,query_operational_state,ok,,periodic,18,0,,,,,,,
2026-08-16T04:28:16.014-07:00,auto_outside_comm_heartbeat_09,command_sent,outbound,outside_communication1,pending,0,schedule,14,0,,,,,,,
2026-08-16T04:28:16.079-07:00,,link_ack,inbound,outside_communication,ack,,link_layer,14,,,,,,,,
2026-08-16T04:28:16.202-07:00,,application_ack,inbound,outside_communication,ack,,application_layer,3,14,,,,,,,
2026-08-16T04:28:16.243-07:00,auto_outside_comm_heartbeat_09,command_completed,outbound,outside_communication1,ok,0,schedule,14,0,,,,,,,
2026-08-16T04:28:45.271-07:00,,query_sent,outbound,get_commodity,pending,,periodic,6,0,,,,,,,
2026-08-16T04:28:45.363-07:00,,link_ack,inbound,get_commodity,ack,,link_layer,6,,,,,,,,
2026-08-16T04:28:45.532-07:00,,intermediate_response,inbound,get_commodity,success,,device_response,6,128,,,,,0,success,
2026-08-16T04:28:45.575-07:00,,query_completed,outbound,get_commodity,ok,,periodic,6,0,,,,,0,success,
2026-08-16T04:28:45.575-07:00,,query_sent,outbound,query_operational_state,pending,,periodic,18,0,,,,,,,
2026-08-16T04:28:45.737-07:00,,link_ack,inbound,query_operational_state,ack,,link_layer,18,,,,,,,,
2026-08-16T04:28:45.861-07:00,,operational_state,inbound,query_operational_state,received,,device_response,19,0,,,0,Idle Normal,,,
2026-08-16T04:28:45.902-07:00,,query_completed,outbound,query_operational_state,ok,,periodic,18,0,,,,,,,
2026-08-16T04:29:14.928-07:00,,query_sent,outbound,query_operational_state,pending,,periodic,18,0,,,,,,,
2026-08-16T04:29:15.021-07:00,,link_ack,inbound,query_operational_state,ack,,link_layer,18,,,,,,,,
2026-08-16T04:29:15.144-07:00,,operational_state,inbound,query_operational_state,received,,device_response,19,0,,,0,Idle Normal,,,
2026-08-16T04:29:15.185-07:00,,query_completed,outbound,query_operational_state,ok,,periodic,18,0,,,,,,,
2026-08-16T04:29:45.212-07:00,,query_sent,outbound,get_commodity,pending,,periodic,6,0,,,,,,,
2026-08-16T04:29:45.308-07:00,,link_ack,inbound,get_commodity,ack,,link_layer,6,,,,,,,,
2026-08-16T04:29:45.477-07:00,,intermediate_response,inbound,get_commodity,success,,device_response,6,128,,,,,0,success,
2026-08-16T04:29:45.521-07:00,,query_completed,outbound,get_commodity,ok,,periodic,6,0,,,,,0,success,
2026-08-16T04:29:45.521-07:00,,query_sent,outbound,query_operational_state,pending,,periodic,18,0,,,,,,,
2026-08-16T04:29:45.683-07:00,,link_ack,inbound,query_operational_state,ack,,link_layer,18,,,,,,,,
2026-08-16T04:29:45.806-07:00,,operational_state,inbound,query_operational_state,received,,device_response,19,0,,,0,Idle Normal,,,
2026-08-16T04:29:45.847-07:00,,query_completed,outbound,query_operational_state,ok,,periodic,18,0,,,,,,,
2026-08-16T04:30:14.873-07:00,,query_sent,outbound,query_operational_state,pending,,periodic,18,0,,,,,,,
2026-08-16T04:30:14.969-07:00,,link_ack,inbound,query_operational_state,ack,,link_layer,18,,,,,,,,
2026-08-16T04:30:15.092-07:00,,operational_state,inbound,query_operational_state,received,,device_response,19,0,,,0,Idle Normal,,,
2026-08-16T04:30:15.133-07:00,,query_completed,outbound,query_operational_state,ok,,periodic,18,0,,,,,,,
2026-08-16T04:30:45.159-07:00,,query_sent,outbound,get_commodity,pending,,periodic,6,0,,,,,,,
2026-08-16T04:30:45.251-07:00,,link_ack,inbound,get_commodity,ack,,link_layer,6,,,,,,,,
2026-08-16T04:30:45.420-07:00,,intermediate_response,inbound,get_commodity,success,,device_response,6,128,,,,,0,success,
2026-08-16T04:30:45.463-07:00,,query_completed,outbound,get_commodity,ok,,periodic,6,0,,,,,0,success,
2026-08-16T04:30:45.464-07:00,,query_sent,outbound,query_operational_state,pending,,periodic,18,0,,,,,,,
2026-08-16T04:30:45.626-07:00,,link_ack,inbound,query_operational_state,ack,,link_layer,18,,,,,,,,
2026-08-16T04:30:45.749-07:00,,operational_state,inbound,query_operational_state,received,,device_response,19,0,,,0,Idle Normal,,,
2026-08-16T04:30:45.790-07:00,,query_completed,outbound,query_operational_state,ok,,periodic,18,0,,,,,,,
2026-08-16T04:31:14.816-07:00,,query_sent,outbound,query_operational_state,pending,,periodic,18,0,,,,,,,
2026-08-16T04:31:14.907-07:00,,link_ack,inbound,query_operational_state,ack,,link_layer,18,,,,,,,,
2026-08-16T04:31:15.031-07:00,,operational_state,inbound,query_operational_state,received,,device_response,19,0,,,0,Idle Normal,,,
2026-08-16T04:31:15.071-07:00,,query_completed,outbound,query_operational_state,ok,,periodic,18,0,,,,,,,
2026-08-16T04:31:45.098-07:00,,query_sent,outbound,get_commodity,pending,,periodic,6,0,,,,,,,
2026-08-16T04:31:45.193-07:00,,link_ack,inbound,get_commodity,ack,,link_layer,6,,,,,,,,
2026-08-16T04:31:45.361-07:00,,intermediate_response,inbound,get_commodity,success,,device_response,6,128,,,,,0,success,
2026-08-16T04:31:45.404-07:00,,query_completed,outbound,get_commodity,ok,,periodic,6,0,,,,,0,success,
2026-08-16T04:31:45.405-07:00,,query_sent,outbound,query_operational_state,pending,,periodic,18,0,,,,,,,
2026-08-16T04:31:45.567-07:00,,link_ack,inbound,query_operational_state,ack,,link_layer,18,,,,,,,,
2026-08-16T04:31:45.692-07:00,,operational_state,inbound,query_operational_state,received,,device_response,19,0,,,0,Idle Normal,,,
2026-08-16T04:31:45.732-07:00,,query_completed,outbound,query_operational_state,ok,,periodic,18,0,,,,,,,
2026-08-16T04:32:14.758-07:00,,query_sent,outbound,query_operational_state,pending,,periodic,18,0,,,,,,,
2026-08-16T04:32:14.853-07:00,,link_ack,inbound,query_operational_state,ack,,link_layer,18,,,,,,,,
2026-08-16T04:32:14.977-07:00,,operational_state,inbound,query_operational_state,received,,device_response,19,0,,,0,Idle Normal,,,
2026-08-16T04:32:15.017-07:00,,query_completed,outbound,query_operational_state,ok,,periodic,18,0,,,,,,,
2026-08-16T04:32:45.044-07:00,,query_sent,outbound,get_commodity,pending,,periodic,6,0,,,,,,,
2026-08-16T04:32:45.139-07:00,,link_ack,inbound,get_commodity,ack,,link_layer,6,,,,,,,,
2026-08-16T04:32:45.309-07:00,,intermediate_response,inbound,get_commodity,success,,device_response,6,128,,,,,0,success,
2026-08-16T04:32:45.352-07:00,,query_completed,outbound,get_commodity,ok,,periodic,6,0,,,,,0,success,
2026-08-16T04:32:45.353-07:00,,query_sent,outbound,query_operational_state,pending,,periodic,18,0,,,,,,,
2026-08-16T04:32:45.514-07:00,,link_ack,inbound,query_operational_state,ack,,link_layer,18,,,,,,,,
2026-08-16T04:32:45.638-07:00,,operational_state,inbound,query_operational_state,received,,device_response,19,0,,,0,Idle Normal,,,
2026-08-16T04:32:45.678-07:00,,query_completed,outbound,query_operational_state,ok,,periodic,18,0,,,,,,,
2026-08-16T04:33:14.704-07:00,,query_sent,outbound,query_operational_state,pending,,periodic,18,0,,,,,,,
2026-08-16T04:33:14.797-07:00,,link_ack,inbound,query_operational_state,ack,,link_layer,18,,,,,,,,
2026-08-16T04:33:14.921-07:00,,operational_state,inbound,query_operational_state,received,,device_response,19,0,,,0,Idle Normal,,,
2026-08-16T04:33:14.962-07:00,,query_completed,outbound,query_operational_state,ok,,periodic,18,0,,,,,,,
2026-08-16T04:33:44.989-07:00,,query_sent,outbound,get_commodity,pending,,periodic,6,0,,,,,,,
2026-08-16T04:33:45.081-07:00,,link_ack,inbound,get_commodity,ack,,link_layer,6,,,,,,,,
2026-08-16T04:33:45.249-07:00,,intermediate_response,inbound,get_commodity,success,,device_response,6,128,,,,,0,success,
2026-08-16T04:33:45.293-07:00,,query_completed,outbound,get_commodity,ok,,periodic,6,0,,,,,0,success,
2026-08-16T04:33:45.293-07:00,,query_sent,outbound,query_operational_state,pending,,periodic,18,0,,,,,,,
2026-08-16T04:33:45.455-07:00,,link_ack,inbound,query_operational_state,ack,,link_layer,18,,,,,,,,
2026-08-16T04:33:45.581-07:00,,operational_state,inbound,query_operational_state,received,,device_response,19,0,,,0,Idle Normal,,,
2026-08-16T04:33:45.621-07:00,,query_completed,outbound,query_operational_state,ok,,periodic,18,0,,,,,,,
2026-08-16T04:34:14.647-07:00,,query_sent,outbound,query_operational_state,pending,,periodic,18,0,,,,,,,
2026-08-16T04:34:14.740-07:00,,link_ack,inbound,query_operational_state,ack,,link_layer,18,,,,,,,,
2026-08-16T04:34:14.863-07:00,,operational_state,inbound,query_operational_state,received,,device_response,19,0,,,0,Idle Normal,,,
2026-08-16T04:34:14.903-07:00,,query_completed,outbound,query_operational_state,ok,,periodic,18,0,,,,,,,
2026-08-16T04:34:44.931-07:00,,query_sent,outbound,get_commodity,pending,,periodic,6,0,,,,,,,
2026-08-16T04:34:45.024-07:00,,link_ack,inbound,get_commodity,ack,,link_layer,6,,,,,,,,
2026-08-16T04:34:45.192-07:00,,intermediate_response,inbound,get_commodity,success,,device_response,6,128,,,,,0,success,
2026-08-16T04:34:45.235-07:00,,query_completed,outbound,get_commodity,ok,,periodic,6,0,,,,,0,success,
2026-08-16T04:34:45.235-07:00,,query_sent,outbound,query_operational_state,pending,,periodic,18,0,,,,,,,
2026-08-16T04:34:45.400-07:00,,link_ack,inbound,query_operational_state,ack,,link_layer,18,,,,,,,,
2026-08-16T04:34:45.523-07:00,,operational_state,inbound,query_operational_state,received,,device_response,19,0,,,0,Idle Normal,,,
2026-08-16T04:34:45.564-07:00,,query_completed,outbound,query_operational_state,ok,,periodic,18,0,,,,,,,
2026-08-16T04:35:15.591-07:00,,query_sent,outbound,query_operational_state,pending,,periodic,18,0,,,,,,,
2026-08-16T04:35:15.686-07:00,,link_ack,inbound,query_operational_state,ack,,link_layer,18,,,,,,,,
2026-08-16T04:35:15.810-07:00,,operational_state,inbound,query_operational_state,received,,device_response,19,0,,,0,Idle Normal,,,
2026-08-16T04:35:15.850-07:00,,query_completed,outbound,query_operational_state,ok,,periodic,18,0,,,,,,,
2026-08-16T04:35:44.876-07:00,,query_sent,outbound,get_commodity,pending,,periodic,6,0,,,,,,,
2026-08-16T04:35:44.967-07:00,,link_ack,inbound,get_commodity,ack,,link_layer,6,,,,,,,,
2026-08-16T04:35:45.136-07:00,,intermediate_response,inbound,get_commodity,success,,device_response,6,128,,,,,0,success,
2026-08-16T04:35:45.179-07:00,,query_completed,outbound,get_commodity,ok,,periodic,6,0,,,,,0,success,
2026-08-16T04:35:45.179-07:00,,query_sent,outbound,query_operational_state,pending,,periodic,18,0,,,,,,,
2026-08-16T04:35:45.341-07:00,,link_ack,inbound,query_operational_state,ack,,link_layer,18,,,,,,,,
2026-08-16T04:35:45.466-07:00,,operational_state,inbound,query_operational_state,received,,device_response,19,0,,,0,Idle Normal,,,
2026-08-16T04:35:45.507-07:00,,query_completed,outbound,query_operational_state,ok,,periodic,18,0,,,,,,,
2026-08-16T04:36:15.534-07:00,,query_sent,outbound,query_operational_state,pending,,periodic,18,0,,,,,,,
2026-08-16T04:36:15.627-07:00,,link_ack,inbound,query_operational_state,ack,,link_layer,18,,,,,,,,
2026-08-16T04:36:15.751-07:00,,operational_state,inbound,query_operational_state,received,,device_response,19,0,,,0,Idle Normal,,,
2026-08-16T04:36:15.791-07:00,,query_completed,outbound,query_operational_state,ok,,periodic,18,0,,,,,,,
2026-08-16T04:36:44.817-07:00,,query_sent,outbound,get_commodity,pending,,periodic,6,0,,,,,,,
2026-08-16T04:36:44.909-07:00,,link_ack,inbound,get_commodity,ack,,link_layer,6,,,,,,,,
2026-08-16T04:36:45.079-07:00,,intermediate_response,inbound,get_commodity,success,,device_response,6,128,,,,,0,success,
2026-08-16T04:36:45.123-07:00,,query_completed,outbound,get_commodity,ok,,periodic,6,0,,,,,0,success,
2026-08-16T04:36:45.123-07:00,,query_sent,outbound,query_operational_state,pending,,periodic,18,0,,,,,,,
2026-08-16T04:36:45.284-07:00,,link_ack,inbound,query_operational_state,ack,,link_layer,18,,,,,,,,
2026-08-16T04:36:45.408-07:00,,operational_state,inbound,query_operational_state,received,,device_response,19,0,,,0,Idle Normal,,,
2026-08-16T04:36:45.449-07:00,,query_completed,outbound,query_operational_state,ok,,periodic,18,0,,,,,,,
2026-08-16T04:37:15.478-07:00,,query_sent,outbound,query_operational_state,pending,,periodic,18,0,,,,,,,
2026-08-16T04:37:15.569-07:00,,link_ack,inbound,query_operational_state,ack,,link_layer,18,,,,,,,,
2026-08-16T04:37:15.692-07:00,,operational_state,inbound,query_operational_state,received,,device_response,19,0,,,0,Idle Normal,,,
2026-08-16T04:37:15.733-07:00,,query_completed,outbound,query_operational_state,ok,,periodic,18,0,,,,,,,
2026-08-16T04:37:44.758-07:00,,query_sent,outbound,get_commodity,pending,,periodic,6,0,,,,,,,
2026-08-16T04:37:44.852-07:00,,link_ack,inbound,get_commodity,ack,,link_layer,6,,,,,,,,
2026-08-16T04:37:45.021-07:00,,intermediate_response,inbound,get_commodity,success,,device_response,6,128,,,,,0,success,
2026-08-16T04:37:45.064-07:00,,query_completed,outbound,get_commodity,ok,,periodic,6,0,,,,,0,success,
2026-08-16T04:37:45.064-07:00,,query_sent,outbound,query_operational_state,pending,,periodic,18,0,,,,,,,
2026-08-16T04:37:45.226-07:00,,link_ack,inbound,query_operational_state,ack,,link_layer,18,,,,,,,,
2026-08-16T04:37:45.350-07:00,,operational_state,inbound,query_operational_state,received,,device_response,19,0,,,0,Idle Normal,,,
2026-08-16T04:37:45.391-07:00,,query_completed,outbound,query_operational_state,ok,,periodic,18,0,,,,,,,
2026-08-16T04:38:15.417-07:00,,query_sent,outbound,query_operational_state,pending,,periodic,18,0,,,,,,,
2026-08-16T04:38:15.512-07:00,,link_ack,inbound,query_operational_state,ack,,link_layer,18,,,,,,,,
2026-08-16T04:38:15.636-07:00,,operational_state,inbound,query_operational_state,received,,device_response,19,0,,,0,Idle Normal,,,
2026-08-16T04:38:15.677-07:00,,query_completed,outbound,query_operational_state,ok,,periodic,18,0,,,,,,,
2026-08-16T04:38:44.702-07:00,,query_sent,outbound,get_commodity,pending,,periodic,6,0,,,,,,,
2026-08-16T04:38:44.793-07:00,,link_ack,inbound,get_commodity,ack,,link_layer,6,,,,,,,,
2026-08-16T04:38:44.962-07:00,,intermediate_response,inbound,get_commodity,success,,device_response,6,128,,,,,0,success,
2026-08-16T04:38:45.006-07:00,,query_completed,outbound,get_commodity,ok,,periodic,6,0,,,,,0,success,
2026-08-16T04:38:45.006-07:00,,query_sent,outbound,query_operational_state,pending,,periodic,18,0,,,,,,,
2026-08-16T04:38:45.169-07:00,,link_ack,inbound,query_operational_state,ack,,link_layer,18,,,,,,,,
2026-08-16T04:38:45.293-07:00,,operational_state,inbound,query_operational_state,received,,device_response,19,0,,,0,Idle Normal,,,
2026-08-16T04:38:45.334-07:00,,query_completed,outbound,query_operational_state,ok,,periodic,18,0,,,,,,,
2026-08-16T04:39:15.360-07:00,,query_sent,outbound,query_operational_state,pending,,periodic,18,0,,,,,,,
2026-08-16T04:39:15.456-07:00,,link_ack,inbound,query_operational_state,ack,,link_layer,18,,,,,,,,
2026-08-16T04:39:15.580-07:00,,operational_state,inbound,query_operational_state,received,,device_response,19,0,,,0,Idle Normal,,,
2026-08-16T04:39:15.621-07:00,,query_completed,outbound,query_operational_state,ok,,periodic,18,0,,,,,,,
2026-08-16T04:39:44.647-07:00,,query_sent,outbound,get_commodity,pending,,periodic,6,0,,,,,,,
2026-08-16T04:39:44.739-07:00,,link_ack,inbound,get_commodity,ack,,link_layer,6,,,,,,,,
2026-08-16T04:39:44.908-07:00,,intermediate_response,inbound,get_commodity,success,,device_response,6,128,,,,,0,success,
2026-08-16T04:39:44.950-07:00,,query_completed,outbound,get_commodity,ok,,periodic,6,0,,,,,0,success,
2026-08-16T04:39:44.950-07:00,,query_sent,outbound,query_operational_state,pending,,periodic,18,0,,,,,,,
2026-08-16T04:39:45.112-07:00,,link_ack,inbound,query_operational_state,ack,,link_layer,18,,,,,,,,
2026-08-16T04:39:45.235-07:00,,operational_state,inbound,query_operational_state,received,,device_response,19,0,,,0,Idle Normal,,,
2026-08-16T04:39:45.276-07:00,,query_completed,outbound,query_operational_state,ok,,periodic,18,0,,,,,,,
2026-08-16T04:40:15.303-07:00,,query_sent,outbound,query_operational_state,pending,,periodic,18,0,,,,,,,
2026-08-16T04:40:15.396-07:00,,link_ack,inbound,query_operational_state,ack,,link_layer,18,,,,,,,,
2026-08-16T04:40:15.519-07:00,,operational_state,inbound,query_operational_state,received,,device_response,19,0,,,0,Idle Normal,,,
2026-08-16T04:40:15.560-07:00,,query_completed,outbound,query_operational_state,ok,,periodic,18,0,,,,,,,
2026-08-16T04:40:45.587-07:00,,query_sent,outbound,get_commodity,pending,,periodic,6,0,,,,,,,
2026-08-16T04:40:45.681-07:00,,link_ack,inbound,get_commodity,ack,,link_layer,6,,,,,,,,
2026-08-16T04:40:45.850-07:00,,intermediate_response,inbound,get_commodity,success,,device_response,6,128,,,,,0,success,
2026-08-16T04:40:45.894-07:00,,query_completed,outbound,get_commodity,ok,,periodic,6,0,,,,,0,success,
2026-08-16T04:40:45.894-07:00,,query_sent,outbound,query_operational_state,pending,,periodic,18,0,,,,,,,
2026-08-16T04:40:46.056-07:00,,link_ack,inbound,query_operational_state,ack,,link_layer,18,,,,,,,,
2026-08-16T04:40:46.179-07:00,,operational_state,inbound,query_operational_state,received,,device_response,19,0,,,0,Idle Normal,,,
2026-08-16T04:40:46.220-07:00,,query_completed,outbound,query_operational_state,ok,,periodic,18,0,,,,,,,
2026-08-16T04:41:15.246-07:00,,query_sent,outbound,query_operational_state,pending,,periodic,18,0,,,,,,,
2026-08-16T04:41:15.340-07:00,,link_ack,inbound,query_operational_state,ack,,link_layer,18,,,,,,,,
2026-08-16T04:41:15.463-07:00,,operational_state,inbound,query_operational_state,received,,device_response,19,0,,,0,Idle Normal,,,
2026-08-16T04:41:15.503-07:00,,query_completed,outbound,query_operational_state,ok,,periodic,18,0,,,,,,,
2026-08-16T04:41:45.530-07:00,auto_outside_comm_heartbeat_10,command_sent,outbound,outside_communication1,pending,0,schedule,14,0,,,,,,,
2026-08-16T04:41:45.622-07:00,,link_ack,inbound,outside_communication,ack,,link_layer,14,,,,,,,,
2026-08-16T04:41:45.746-07:00,,application_ack,inbound,outside_communication,ack,,application_layer,3,14,,,,,,,
2026-08-16T04:41:45.786-07:00,auto_outside_comm_heartbeat_10,command_completed,outbound,outside_communication1,ok,0,schedule,14,0,,,,,,,
2026-08-16T04:41:45.788-07:00,,query_sent,outbound,get_commodity,pending,,periodic,6,0,,,,,,,
2026-08-16T04:41:45.950-07:00,,link_ack,inbound,get_commodity,ack,,link_layer,6,,,,,,,,
2026-08-16T04:41:46.120-07:00,,intermediate_response,inbound,get_commodity,success,,device_response,6,128,,,,,0,success,
2026-08-16T04:41:46.163-07:00,,query_completed,outbound,get_commodity,ok,,periodic,6,0,,,,,0,success,
2026-08-16T04:41:46.163-07:00,,query_sent,outbound,query_operational_state,pending,,periodic,18,0,,,,,,,
2026-08-16T04:41:46.325-07:00,,link_ack,inbound,query_operational_state,ack,,link_layer,18,,,,,,,,
2026-08-16T04:41:46.449-07:00,,operational_state,inbound,query_operational_state,received,,device_response,19,0,,,0,Idle Normal,,,
2026-08-16T04:41:46.490-07:00,,query_completed,outbound,query_operational_state,ok,,periodic,18,0,,,,,,,
2026-08-16T04:42:15.515-07:00,,query_sent,outbound,query_operational_state,pending,,periodic,18,0,,,,,,,
2026-08-16T04:42:15.609-07:00,,link_ack,inbound,query_operational_state,ack,,link_layer,18,,,,,,,,
2026-08-16T04:42:15.733-07:00,,operational_state,inbound,query_operational_state,received,,device_response,19,0,,,0,Idle Normal,,,
2026-08-16T04:42:15.773-07:00,,query_completed,outbound,query_operational_state,ok,,periodic,18,0,,,,,,,
2026-08-16T04:42:44.798-07:00,,query_sent,outbound,get_commodity,pending,,periodic,6,0,,,,,,,
2026-08-16T04:42:44.893-07:00,,link_ack,inbound,get_commodity,ack,,link_layer,6,,,,,,,,
2026-08-16T04:42:45.063-07:00,,intermediate_response,inbound,get_commodity,success,,device_response,6,128,,,,,0,success,
2026-08-16T04:42:45.106-07:00,,query_completed,outbound,get_commodity,ok,,periodic,6,0,,,,,0,success,
2026-08-16T04:42:45.106-07:00,,query_sent,outbound,query_operational_state,pending,,periodic,18,0,,,,,,,
2026-08-16T04:42:45.268-07:00,,link_ack,inbound,query_operational_state,ack,,link_layer,18,,,,,,,,
2026-08-16T04:42:45.392-07:00,,operational_state,inbound,query_operational_state,received,,device_response,19,0,,,0,Idle Normal,,,
2026-08-16T04:42:45.433-07:00,,query_completed,outbound,query_operational_state,ok,,periodic,18,0,,,,,,,
2026-08-16T04:43:15.458-07:00,,query_sent,outbound,query_operational_state,pending,,periodic,18,0,,,,,,,
2026-08-16T04:43:15.554-07:00,,link_ack,inbound,query_operational_state,ack,,link_layer,18,,,,,,,,
2026-08-16T04:43:15.679-07:00,,operational_state,inbound,query_operational_state,received,,device_response,19,0,,,0,Idle Normal,,,
2026-08-16T04:43:15.720-07:00,,query_completed,outbound,query_operational_state,ok,,periodic,18,0,,,,,,,
2026-08-16T04:43:44.744-07:00,,query_sent,outbound,get_commodity,pending,,periodic,6,0,,,,,,,
2026-08-16T04:43:44.839-07:00,,link_ack,inbound,get_commodity,ack,,link_layer,6,,,,,,,,
2026-08-16T04:43:45.007-07:00,,intermediate_response,inbound,get_commodity,success,,device_response,6,128,,,,,0,success,
2026-08-16T04:43:45.051-07:00,,query_completed,outbound,get_commodity,ok,,periodic,6,0,,,,,0,success,
2026-08-16T04:43:45.051-07:00,,query_sent,outbound,query_operational_state,pending,,periodic,18,0,,,,,,,
2026-08-16T04:43:45.214-07:00,,link_ack,inbound,query_operational_state,ack,,link_layer,18,,,,,,,,
2026-08-16T04:43:45.338-07:00,,operational_state,inbound,query_operational_state,received,,device_response,19,0,,,0,Idle Normal,,,
2026-08-16T04:43:45.378-07:00,,query_completed,outbound,query_operational_state,ok,,periodic,18,0,,,,,,,
2026-08-16T04:44:15.404-07:00,,query_sent,outbound,query_operational_state,pending,,periodic,18,0,,,,,,,
2026-08-16T04:44:15.502-07:00,,link_ack,inbound,query_operational_state,ack,,link_layer,18,,,,,,,,
2026-08-16T04:44:15.625-07:00,,operational_state,inbound,query_operational_state,received,,device_response,19,0,,,0,Idle Normal,,,
2026-08-16T04:44:15.665-07:00,,query_completed,outbound,query_operational_state,ok,,periodic,18,0,,,,,,,
2026-08-16T04:44:44.690-07:00,,query_sent,outbound,get_commodity,pending,,periodic,6,0,,,,,,,
2026-08-16T04:44:44.784-07:00,,link_ack,inbound,get_commodity,ack,,link_layer,6,,,,,,,,
2026-08-16T04:44:44.954-07:00,,intermediate_response,inbound,get_commodity,success,,device_response,6,128,,,,,0,success,
2026-08-16T04:44:44.998-07:00,,query_completed,outbound,get_commodity,ok,,periodic,6,0,,,,,0,success,
2026-08-16T04:44:44.998-07:00,,query_sent,outbound,query_operational_state,pending,,periodic,18,0,,,,,,,
2026-08-16T04:44:45.160-07:00,,link_ack,inbound,query_operational_state,ack,,link_layer,18,,,,,,,,
2026-08-16T04:44:45.284-07:00,,operational_state,inbound,query_operational_state,received,,device_response,19,0,,,0,Idle Normal,,,
2026-08-16T04:44:45.324-07:00,,query_completed,outbound,query_operational_state,ok,,periodic,18,0,,,,,,,
2026-08-16T04:45:15.353-07:00,,query_sent,outbound,query_operational_state,pending,,periodic,18,0,,,,,,,
2026-08-16T04:45:15.446-07:00,,link_ack,inbound,query_operational_state,ack,,link_layer,18,,,,,,,,
2026-08-16T04:45:15.570-07:00,,operational_state,inbound,query_operational_state,received,,device_response,19,0,,,0,Idle Normal,,,
2026-08-16T04:45:15.610-07:00,,query_completed,outbound,query_operational_state,ok,,periodic,18,0,,,,,,,
2026-08-16T04:45:44.636-07:00,,query_sent,outbound,get_commodity,pending,,periodic,6,0,,,,,,,
2026-08-16T04:45:44.729-07:00,,link_ack,inbound,get_commodity,ack,,link_layer,6,,,,,,,,
2026-08-16T04:45:44.897-07:00,,intermediate_response,inbound,get_commodity,success,,device_response,6,128,,,,,0,success,
2026-08-16T04:45:44.940-07:00,,query_completed,outbound,get_commodity,ok,,periodic,6,0,,,,,0,success,
2026-08-16T04:45:44.940-07:00,,query_sent,outbound,query_operational_state,pending,,periodic,18,0,,,,,,,
2026-08-16T04:45:45.105-07:00,,link_ack,inbound,query_operational_state,ack,,link_layer,18,,,,,,,,
2026-08-16T04:45:45.228-07:00,,operational_state,inbound,query_operational_state,received,,device_response,19,0,,,0,Idle Normal,,,
2026-08-16T04:45:45.269-07:00,,query_completed,outbound,query_operational_state,ok,,periodic,18,0,,,,,,,
2026-08-16T04:46:15.295-07:00,,query_sent,outbound,query_operational_state,pending,,periodic,18,0,,,,,,,
2026-08-16T04:46:15.392-07:00,,link_ack,inbound,query_operational_state,ack,,link_layer,18,,,,,,,,
2026-08-16T04:46:15.515-07:00,,operational_state,inbound,query_operational_state,received,,device_response,19,0,,,0,Idle Normal,,,
2026-08-16T04:46:15.556-07:00,,query_completed,outbound,query_operational_state,ok,,periodic,18,0,,,,,,,
2026-08-16T04:46:45.582-07:00,,query_sent,outbound,get_commodity,pending,,periodic,6,0,,,,,,,
2026-08-16T04:46:45.679-07:00,,link_ack,inbound,get_commodity,ack,,link_layer,6,,,,,,,,
2026-08-16T04:46:45.848-07:00,,intermediate_response,inbound,get_commodity,success,,device_response,6,128,,,,,0,success,
2026-08-16T04:46:45.891-07:00,,query_completed,outbound,get_commodity,ok,,periodic,6,0,,,,,0,success,
2026-08-16T04:46:45.892-07:00,,query_sent,outbound,query_operational_state,pending,,periodic,18,0,,,,,,,
2026-08-16T04:46:46.054-07:00,,link_ack,inbound,query_operational_state,ack,,link_layer,18,,,,,,,,
2026-08-16T04:46:46.178-07:00,,operational_state,inbound,query_operational_state,received,,device_response,19,0,,,0,Idle Normal,,,
2026-08-16T04:46:46.218-07:00,,query_completed,outbound,query_operational_state,ok,,periodic,18,0,,,,,,,
2026-08-16T04:47:15.244-07:00,,query_sent,outbound,query_operational_state,pending,,periodic,18,0,,,,,,,
2026-08-16T04:47:15.337-07:00,,link_ack,inbound,query_operational_state,ack,,link_layer,18,,,,,,,,
2026-08-16T04:47:15.461-07:00,,operational_state,inbound,query_operational_state,received,,device_response,19,0,,,0,Idle Normal,,,
2026-08-16T04:47:15.501-07:00,,query_completed,outbound,query_operational_state,ok,,periodic,18,0,,,,,,,
2026-08-16T04:47:45.528-07:00,,query_sent,outbound,get_commodity,pending,,periodic,6,0,,,,,,,
2026-08-16T04:47:45.622-07:00,,link_ack,inbound,get_commodity,ack,,link_layer,6,,,,,,,,
2026-08-16T04:47:45.791-07:00,,intermediate_response,inbound,get_commodity,success,,device_response,6,128,,,,,0,success,
2026-08-16T04:47:45.835-07:00,,query_completed,outbound,get_commodity,ok,,periodic,6,0,,,,,0,success,
2026-08-16T04:47:45.835-07:00,,query_sent,outbound,query_operational_state,pending,,periodic,18,0,,,,,,,
2026-08-16T04:47:45.997-07:00,,link_ack,inbound,query_operational_state,ack,,link_layer,18,,,,,,,,
2026-08-16T04:47:46.120-07:00,,operational_state,inbound,query_operational_state,received,,device_response,19,0,,,0,Idle Normal,,,
2026-08-16T04:47:46.161-07:00,,query_completed,outbound,query_operational_state,ok,,periodic,18,0,,,,,,,
2026-08-16T04:48:15.186-07:00,,query_sent,outbound,query_operational_state,pending,,periodic,18,0,,,,,,,
2026-08-16T04:48:15.281-07:00,,link_ack,inbound,query_operational_state,ack,,link_layer,18,,,,,,,,
2026-08-16T04:48:15.404-07:00,,operational_state,inbound,query_operational_state,received,,device_response,19,0,,,0,Idle Normal,,,
2026-08-16T04:48:15.445-07:00,,query_completed,outbound,query_operational_state,ok,,periodic,18,0,,,,,,,
2026-08-16T04:48:45.471-07:00,,query_sent,outbound,get_commodity,pending,,periodic,6,0,,,,,,,
2026-08-16T04:48:45.568-07:00,,link_ack,inbound,get_commodity,ack,,link_layer,6,,,,,,,,
2026-08-16T04:48:45.736-07:00,,intermediate_response,inbound,get_commodity,success,,device_response,6,128,,,,,0,success,
2026-08-16T04:48:45.780-07:00,,query_completed,outbound,get_commodity,ok,,periodic,6,0,,,,,0,success,
2026-08-16T04:48:45.780-07:00,,query_sent,outbound,query_operational_state,pending,,periodic,18,0,,,,,,,
2026-08-16T04:48:45.942-07:00,,link_ack,inbound,query_operational_state,ack,,link_layer,18,,,,,,,,
2026-08-16T04:48:46.067-07:00,,operational_state,inbound,query_operational_state,received,,device_response,19,0,,,0,Idle Normal,,,
2026-08-16T04:48:46.107-07:00,,query_completed,outbound,query_operational_state,ok,,periodic,18,0,,,,,,,
2026-08-16T04:49:15.133-07:00,,query_sent,outbound,query_operational_state,pending,,periodic,18,0,,,,,,,
2026-08-16T04:49:15.227-07:00,,link_ack,inbound,query_operational_state,ack,,link_layer,18,,,,,,,,
2026-08-16T04:49:15.350-07:00,,operational_state,inbound,query_operational_state,received,,device_response,19,0,,,0,Idle Normal,,,
2026-08-16T04:49:15.391-07:00,,query_completed,outbound,query_operational_state,ok,,periodic,18,0,,,,,,,
2026-08-16T04:49:45.418-07:00,,query_sent,outbound,get_commodity,pending,,periodic,6,0,,,,,,,
2026-08-16T04:49:45.510-07:00,,link_ack,inbound,get_commodity,ack,,link_layer,6,,,,,,,,
2026-08-16T04:49:45.681-07:00,,intermediate_response,inbound,get_commodity,success,,device_response,6,128,,,,,0,success,
2026-08-16T04:49:45.724-07:00,,query_completed,outbound,get_commodity,ok,,periodic,6,0,,,,,0,success,
2026-08-16T04:49:45.724-07:00,,query_sent,outbound,query_operational_state,pending,,periodic,18,0,,,,,,,
2026-08-16T04:49:45.887-07:00,,link_ack,inbound,query_operational_state,ack,,link_layer,18,,,,,,,,
2026-08-16T04:49:46.012-07:00,,operational_state,inbound,query_operational_state,received,,device_response,19,0,,,0,Idle Normal,,,
2026-08-16T04:49:46.053-07:00,,query_completed,outbound,query_operational_state,ok,,periodic,18,0,,,,,,,
2026-08-16T04:50:15.079-07:00,,query_sent,outbound,query_operational_state,pending,,periodic,18,0,,,,,,,
2026-08-16T04:50:15.171-07:00,,link_ack,inbound,query_operational_state,ack,,link_layer,18,,,,,,,,
2026-08-16T04:50:15.295-07:00,,operational_state,inbound,query_operational_state,received,,device_response,19,0,,,0,Idle Normal,,,
2026-08-16T04:50:15.336-07:00,,query_completed,outbound,query_operational_state,ok,,periodic,18,0,,,,,,,
2026-08-16T04:50:45.362-07:00,,query_sent,outbound,get_commodity,pending,,periodic,6,0,,,,,,,
2026-08-16T04:50:45.455-07:00,,link_ack,inbound,get_commodity,ack,,link_layer,6,,,,,,,,
2026-08-16T04:50:45.623-07:00,,intermediate_response,inbound,get_commodity,success,,device_response,6,128,,,,,0,success,
2026-08-16T04:50:45.667-07:00,,query_completed,outbound,get_commodity,ok,,periodic,6,0,,,,,0,success,
2026-08-16T04:50:45.667-07:00,,query_sent,outbound,query_operational_state,pending,,periodic,18,0,,,,,,,
2026-08-16T04:50:45.831-07:00,,link_ack,inbound,query_operational_state,ack,,link_layer,18,,,,,,,,
2026-08-16T04:50:45.954-07:00,,operational_state,inbound,query_operational_state,received,,device_response,19,0,,,0,Idle Normal,,,
2026-08-16T04:50:45.994-07:00,,query_completed,outbound,query_operational_state,ok,,periodic,18,0,,,,,,,
2026-08-16T04:51:15.021-07:00,,query_sent,outbound,query_operational_state,pending,,periodic,18,0,,,,,,,
2026-08-16T04:51:15.113-07:00,,link_ack,inbound,query_operational_state,ack,,link_layer,18,,,,,,,,
2026-08-16T04:51:15.236-07:00,,operational_state,inbound,query_operational_state,received,,device_response,19,0,,,0,Idle Normal,,,
2026-08-16T04:51:15.277-07:00,,query_completed,outbound,query_operational_state,ok,,periodic,18,0,,,,,,,
2026-08-16T04:51:45.304-07:00,,query_sent,outbound,get_commodity,pending,,periodic,6,0,,,,,,,
2026-08-16T04:51:45.400-07:00,,link_ack,inbound,get_commodity,ack,,link_layer,6,,,,,,,,
2026-08-16T04:51:45.569-07:00,,intermediate_response,inbound,get_commodity,success,,device_response,6,128,,,,,0,success,
2026-08-16T04:51:45.612-07:00,,query_completed,outbound,get_commodity,ok,,periodic,6,0,,,,,0,success,
2026-08-16T04:51:45.613-07:00,,query_sent,outbound,query_operational_state,pending,,periodic,18,0,,,,,,,
2026-08-16T04:51:45.774-07:00,,link_ack,inbound,query_operational_state,ack,,link_layer,18,,,,,,,,
2026-08-16T04:51:45.898-07:00,,operational_state,inbound,query_operational_state,received,,device_response,19,0,,,0,Idle Normal,,,
2026-08-16T04:51:45.939-07:00,,query_completed,outbound,query_operational_state,ok,,periodic,18,0,,,,,,,
2026-08-16T04:52:14.965-07:00,,query_sent,outbound,query_operational_state,pending,,periodic,18,0,,,,,,,
2026-08-16T04:52:15.058-07:00,,link_ack,inbound,query_operational_state,ack,,link_layer,18,,,,,,,,
2026-08-16T04:52:15.182-07:00,,operational_state,inbound,query_operational_state,received,,device_response,19,0,,,0,Idle Normal,,,
2026-08-16T04:52:15.222-07:00,,query_completed,outbound,query_operational_state,ok,,periodic,18,0,,,,,,,
2026-08-16T04:52:45.249-07:00,,query_sent,outbound,get_commodity,pending,,periodic,6,0,,,,,,,
2026-08-16T04:52:45.342-07:00,,link_ack,inbound,get_commodity,ack,,link_layer,6,,,,,,,,
2026-08-16T04:52:45.512-07:00,,intermediate_response,inbound,get_commodity,success,,device_response,6,128,,,,,0,success,
2026-08-16T04:52:45.556-07:00,,query_completed,outbound,get_commodity,ok,,periodic,6,0,,,,,0,success,
2026-08-16T04:52:45.556-07:00,,query_sent,outbound,query_operational_state,pending,,periodic,18,0,,,,,,,
2026-08-16T04:52:45.718-07:00,,link_ack,inbound,query_operational_state,ack,,link_layer,18,,,,,,,,
2026-08-16T04:52:45.842-07:00,,operational_state,inbound,query_operational_state,received,,device_response,19,0,,,0,Idle Normal,,,
2026-08-16T04:52:45.882-07:00,,query_completed,outbound,query_operational_state,ok,,periodic,18,0,,,,,,,
2026-08-16T04:53:14.908-07:00,,query_sent,outbound,query_operational_state,pending,,periodic,18,0,,,,,,,
2026-08-16T04:53:15.002-07:00,,link_ack,inbound,query_operational_state,ack,,link_layer,18,,,,,,,,
2026-08-16T04:53:15.125-07:00,,operational_state,inbound,query_operational_state,received,,device_response,19,0,,,0,Idle Normal,,,
2026-08-16T04:53:15.166-07:00,,query_completed,outbound,query_operational_state,ok,,periodic,18,0,,,,,,,
2026-08-16T04:53:45.193-07:00,,query_sent,outbound,get_commodity,pending,,periodic,6,0,,,,,,,
2026-08-16T04:53:45.285-07:00,,link_ack,inbound,get_commodity,ack,,link_layer,6,,,,,,,,
2026-08-16T04:53:45.453-07:00,,intermediate_response,inbound,get_commodity,success,,device_response,6,128,,,,,0,success,
2026-08-16T04:53:45.497-07:00,,query_completed,outbound,get_commodity,ok,,periodic,6,0,,,,,0,success,
2026-08-16T04:53:45.497-07:00,,query_sent,outbound,query_operational_state,pending,,periodic,18,0,,,,,,,
2026-08-16T04:53:45.659-07:00,,link_ack,inbound,query_operational_state,ack,,link_layer,18,,,,,,,,
2026-08-16T04:53:45.783-07:00,,operational_state,inbound,query_operational_state,received,,device_response,19,0,,,0,Idle Normal,,,
2026-08-16T04:53:45.824-07:00,,query_completed,outbound,query_operational_state,ok,,periodic,18,0,,,,,,,
2026-08-16T04:54:14.850-07:00,,query_sent,outbound,query_operational_state,pending,,periodic,18,0,,,,,,,
2026-08-16T04:54:14.944-07:00,,link_ack,inbound,query_operational_state,ack,,link_layer,18,,,,,,,,
2026-08-16T04:54:15.067-07:00,,operational_state,inbound,query_operational_state,received,,device_response,19,0,,,0,Idle Normal,,,
2026-08-16T04:54:15.108-07:00,,query_completed,outbound,query_operational_state,ok,,periodic,18,0,,,,,,,
2026-08-16T04:54:45.135-07:00,,query_sent,outbound,get_commodity,pending,,periodic,6,0,,,,,,,
2026-08-16T04:54:45.228-07:00,,link_ack,inbound,get_commodity,ack,,link_layer,6,,,,,,,,
2026-08-16T04:54:45.398-07:00,,intermediate_response,inbound,get_commodity,success,,device_response,6,128,,,,,0,success,
2026-08-16T04:54:45.441-07:00,,query_completed,outbound,get_commodity,ok,,periodic,6,0,,,,,0,success,
2026-08-16T04:54:45.441-07:00,,query_sent,outbound,query_operational_state,pending,,periodic,18,0,,,,,,,
2026-08-16T04:54:45.603-07:00,,link_ack,inbound,query_operational_state,ack,,link_layer,18,,,,,,,,
2026-08-16T04:54:45.727-07:00,,operational_state,inbound,query_operational_state,received,,device_response,19,0,,,0,Idle Normal,,,
2026-08-16T04:54:45.768-07:00,,query_completed,outbound,query_operational_state,ok,,periodic,18,0,,,,,,,
2026-08-16T04:55:14.794-07:00,,query_sent,outbound,query_operational_state,pending,,periodic,18,0,,,,,,,
2026-08-16T04:55:14.886-07:00,,link_ack,inbound,query_operational_state,ack,,link_layer,18,,,,,,,,
2026-08-16T04:55:15.010-07:00,,operational_state,inbound,query_operational_state,received,,device_response,19,0,,,0,Idle Normal,,,
2026-08-16T04:55:15.050-07:00,,query_completed,outbound,query_operational_state,ok,,periodic,18,0,,,,,,,
2026-08-16T04:55:16.051-07:00,auto_outside_comm_heartbeat_11,command_sent,outbound,outside_communication1,pending,0,schedule,14,0,,,,,,,
2026-08-16T04:55:16.114-07:00,,link_ack,inbound,outside_communication,ack,,link_layer,14,,,,,,,,
2026-08-16T04:55:16.239-07:00,,application_ack,inbound,outside_communication,ack,,application_layer,3,14,,,,,,,
2026-08-16T04:55:16.280-07:00,auto_outside_comm_heartbeat_11,command_completed,outbound,outside_communication1,ok,0,schedule,14,0,,,,,,,
2026-08-16T04:55:45.306-07:00,,query_sent,outbound,get_commodity,pending,,periodic,6,0,,,,,,,
2026-08-16T04:55:45.399-07:00,,link_ack,inbound,get_commodity,ack,,link_layer,6,,,,,,,,
2026-08-16T04:55:45.568-07:00,,intermediate_response,inbound,get_commodity,success,,device_response,6,128,,,,,0,success,
2026-08-16T04:55:45.611-07:00,,query_completed,outbound,get_commodity,ok,,periodic,6,0,,,,,0,success,
2026-08-16T04:55:45.612-07:00,,query_sent,outbound,query_operational_state,pending,,periodic,18,0,,,,,,,
2026-08-16T04:55:45.774-07:00,,link_ack,inbound,query_operational_state,ack,,link_layer,18,,,,,,,,
2026-08-16T04:55:45.899-07:00,,operational_state,inbound,query_operational_state,received,,device_response,19,0,,,0,Idle Normal,,,
2026-08-16T04:55:45.940-07:00,,query_completed,outbound,query_operational_state,ok,,periodic,18,0,,,,,,,
2026-08-16T04:56:14.966-07:00,,query_sent,outbound,query_operational_state,pending,,periodic,18,0,,,,,,,
2026-08-16T04:56:15.061-07:00,,link_ack,inbound,query_operational_state,ack,,link_layer,18,,,,,,,,
2026-08-16T04:56:15.186-07:00,,operational_state,inbound,query_operational_state,received,,device_response,19,0,,,0,Idle Normal,,,
2026-08-16T04:56:15.227-07:00,,query_completed,outbound,query_operational_state,ok,,periodic,18,0,,,,,,,
2026-08-16T04:56:45.252-07:00,auto_outside_comm_for_shed_1,command_sent,outbound,outside_communication1,pending,0,schedule,14,0,,,,,,,
2026-08-16T04:56:45.350-07:00,,link_ack,inbound,outside_communication,ack,,link_layer,14,,,,,,,,
2026-08-16T04:56:45.475-07:00,,application_ack,inbound,outside_communication,ack,,application_layer,3,14,,,,,,,
2026-08-16T04:56:45.515-07:00,auto_outside_comm_for_shed_1,command_completed,outbound,outside_communication1,ok,0,schedule,14,0,,,,,,,
2026-08-16T04:56:45.517-07:00,,query_sent,outbound,get_commodity,pending,,periodic,6,0,,,,,,,
2026-08-16T04:56:45.679-07:00,,link_ack,inbound,get_commodity,ack,,link_layer,6,,,,,,,,
2026-08-16T04:56:45.848-07:00,,intermediate_response,inbound,get_commodity,success,,device_response,6,128,,,,,0,success,
2026-08-16T04:56:45.891-07:00,,query_completed,outbound,get_commodity,ok,,periodic,6,0,,,,,0,success,
2026-08-16T04:56:45.891-07:00,,query_sent,outbound,query_operational_state,pending,,periodic,18,0,,,,,,,
2026-08-16T04:56:46.053-07:00,,link_ack,inbound,query_operational_state,ack,,link_layer,18,,,,,,,,
2026-08-16T04:56:46.178-07:00,,operational_state,inbound,query_operational_state,received,,device_response,19,0,,,0,Idle Normal,,,
2026-08-16T04:56:46.219-07:00,,query_completed,outbound,query_operational_state,ok,,periodic,18,0,,,,,,,
2026-08-16T04:57:00.230-07:00,shed_1,command_sent,outbound,shed,pending,0,schedule,1,0,,,,,,,
2026-08-16T04:57:00.311-07:00,,link_ack,inbound,shed,ack,,link_layer,1,,,,,,,,
2026-08-16T04:57:00.434-07:00,,application_ack,inbound,shed,ack,,application_layer,3,1,,,,,,,
2026-08-16T04:57:00.474-07:00,shed_1,command_completed,outbound,shed,ok,0,schedule,1,0,,,,,,,
2026-08-16T04:57:03.337-07:00,,customer_override,inbound,customer_override,received,,application_layer,17,0,,,,,,,
2026-08-16T04:57:03.540-07:00,,link_ack,inbound,none,ack,,link_layer,,,,,,,,,
2026-08-16T04:57:15.488-07:00,,query_sent,outbound,query_operational_state,pending,,periodic,18,0,,,,,,,
2026-08-16T04:57:15.627-07:00,,link_ack,inbound,query_operational_state,ack,,link_layer,18,,,,,,,,
2026-08-16T04:57:15.750-07:00,,operational_state,inbound,query_operational_state,received,,device_response,19,4,,,4,Idle Curtailed,,,
2026-08-16T04:57:15.791-07:00,,query_completed,outbound,query_operational_state,ok,,periodic,18,0,,,,,,,
2026-08-16T04:57:44.815-07:00,,query_sent,outbound,get_commodity,pending,,periodic,6,0,,,,,,,
2026-08-16T04:57:44.912-07:00,,link_ack,inbound,get_commodity,ack,,link_layer,6,,,,,,,,
2026-08-16T04:57:45.079-07:00,,intermediate_response,inbound,get_commodity,success,,device_response,6,128,,,,,0,success,
2026-08-16T04:57:45.123-07:00,,query_completed,outbound,get_commodity,ok,,periodic,6,0,,,,,0,success,
2026-08-16T04:57:45.123-07:00,,query_sent,outbound,query_operational_state,pending,,periodic,18,0,,,,,,,
2026-08-16T04:57:45.287-07:00,,link_ack,inbound,query_operational_state,ack,,link_layer,18,,,,,,,,
2026-08-16T04:57:45.411-07:00,,operational_state,inbound,query_operational_state,received,,device_response,19,4,,,4,Idle Curtailed,,,
2026-08-16T04:57:45.452-07:00,,query_completed,outbound,query_operational_state,ok,,periodic,18,0,,,,,,,
2026-08-16T04:58:15.476-07:00,,query_sent,outbound,query_operational_state,pending,,periodic,18,0,,,,,,,
2026-08-16T04:58:15.576-07:00,,link_ack,inbound,query_operational_state,ack,,link_layer,18,,,,,,,,
2026-08-16T04:58:15.699-07:00,,operational_state,inbound,query_operational_state,received,,device_response,19,4,,,4,Idle Curtailed,,,
2026-08-16T04:58:15.740-07:00,,query_completed,outbound,query_operational_state,ok,,periodic,18,0,,,,,,,
2026-08-16T04:58:44.763-07:00,,query_sent,outbound,get_commodity,pending,,periodic,6,0,,,,,,,
2026-08-16T04:58:44.859-07:00,,link_ack,inbound,get_commodity,ack,,link_layer,6,,,,,,,,
2026-08-16T04:58:45.028-07:00,,intermediate_response,inbound,get_commodity,success,,device_response,6,128,,,,,0,success,
2026-08-16T04:58:45.071-07:00,,query_completed,outbound,get_commodity,ok,,periodic,6,0,,,,,0,success,
2026-08-16T04:58:45.072-07:00,,query_sent,outbound,query_operational_state,pending,,periodic,18,0,,,,,,,
2026-08-16T04:58:45.233-07:00,,link_ack,inbound,query_operational_state,ack,,link_layer,18,,,,,,,,
2026-08-16T04:58:45.357-07:00,,operational_state,inbound,query_operational_state,received,,device_response,19,4,,,4,Idle Curtailed,,,
2026-08-16T04:58:45.398-07:00,,query_completed,outbound,query_operational_state,ok,,periodic,18,0,,,,,,,
2026-08-16T04:59:15.422-07:00,,query_sent,outbound,query_operational_state,pending,,periodic,18,0,,,,,,,
2026-08-16T04:59:15.520-07:00,,link_ack,inbound,query_operational_state,ack,,link_layer,18,,,,,,,,
2026-08-16T04:59:15.642-07:00,,operational_state,inbound,query_operational_state,received,,device_response,19,4,,,4,Idle Curtailed,,,
2026-08-16T04:59:15.682-07:00,,query_completed,outbound,query_operational_state,ok,,periodic,18,0,,,,,,,
2026-08-16T04:59:44.705-07:00,,query_sent,outbound,get_commodity,pending,,periodic,6,0,,,,,,,
2026-08-16T04:59:44.800-07:00,,link_ack,inbound,get_commodity,ack,,link_layer,6,,,,,,,,
2026-08-16T04:59:44.968-07:00,,intermediate_response,inbound,get_commodity,success,,device_response,6,128,,,,,0,success,
2026-08-16T04:59:45.011-07:00,,query_completed,outbound,get_commodity,ok,,periodic,6,0,,,,,0,success,
2026-08-16T04:59:45.011-07:00,,query_sent,outbound,query_operational_state,pending,,periodic,18,0,,,,,,,
2026-08-16T04:59:45.176-07:00,,link_ack,inbound,query_operational_state,ack,,link_layer,18,,,,,,,,
2026-08-16T04:59:45.299-07:00,,operational_state,inbound,query_operational_state,received,,device_response,19,4,,,4,Idle Curtailed,,,
2026-08-16T04:59:45.340-07:00,,query_completed,outbound,query_operational_state,ok,,periodic,18,0,,,,,,,
2026-08-16T05:00:15.364-07:00,,query_sent,outbound,query_operational_state,pending,,periodic,18,0,,,,,,,
2026-08-16T05:00:15.461-07:00,,link_ack,inbound,query_operational_state,ack,,link_layer,18,,,,,,,,
2026-08-16T05:00:15.584-07:00,,operational_state,inbound,query_operational_state,received,,device_response,19,4,,,4,Idle Curtailed,,,
2026-08-16T05:00:15.625-07:00,,query_completed,outbound,query_operational_state,ok,,periodic,18,0,,,,,,,
2026-08-16T05:00:44.650-07:00,,query_sent,outbound,get_commodity,pending,,periodic,6,0,,,,,,,
2026-08-16T05:00:44.743-07:00,,link_ack,inbound,get_commodity,ack,,link_layer,6,,,,,,,,
2026-08-16T05:00:44.911-07:00,,intermediate_response,inbound,get_commodity,success,,device_response,6,128,,,,,0,success,
2026-08-16T05:00:44.954-07:00,,query_completed,outbound,get_commodity,ok,,periodic,6,0,,,,,0,success,
2026-08-16T05:00:44.954-07:00,,query_sent,outbound,query_operational_state,pending,,periodic,18,0,,,,,,,
2026-08-16T05:00:45.119-07:00,,link_ack,inbound,query_operational_state,ack,,link_layer,18,,,,,,,,
2026-08-16T05:00:45.242-07:00,,operational_state,inbound,query_operational_state,received,,device_response,19,4,,,4,Idle Curtailed,,,
2026-08-16T05:00:45.283-07:00,,query_completed,outbound,query_operational_state,ok,,periodic,18,0,,,,,,,
2026-08-16T05:01:15.307-07:00,,query_sent,outbound,query_operational_state,pending,,periodic,18,0,,,,,,,
2026-08-16T05:01:15.405-07:00,,link_ack,inbound,query_operational_state,ack,,link_layer,18,,,,,,,,
2026-08-16T05:01:15.528-07:00,,operational_state,inbound,query_operational_state,received,,device_response,19,4,,,4,Idle Curtailed,,,
2026-08-16T05:01:15.569-07:00,,query_completed,outbound,query_operational_state,ok,,periodic,18,0,,,,,,,
2026-08-16T05:01:45.594-07:00,,query_sent,outbound,get_commodity,pending,,periodic,6,0,,,,,,,
2026-08-16T05:01:45.691-07:00,,link_ack,inbound,get_commodity,ack,,link_layer,6,,,,,,,,
2026-08-16T05:01:45.860-07:00,,intermediate_response,inbound,get_commodity,success,,device_response,6,128,,,,,0,success,
2026-08-16T05:01:45.903-07:00,,query_completed,outbound,get_commodity,ok,,periodic,6,0,,,,,0,success,
2026-08-16T05:01:45.903-07:00,,query_sent,outbound,query_operational_state,pending,,periodic,18,0,,,,,,,
2026-08-16T05:01:46.066-07:00,,link_ack,inbound,query_operational_state,ack,,link_layer,18,,,,,,,,
2026-08-16T05:01:46.189-07:00,,operational_state,inbound,query_operational_state,received,,device_response,19,4,,,4,Idle Curtailed,,,
2026-08-16T05:01:46.230-07:00,,query_completed,outbound,query_operational_state,ok,,periodic,18,0,,,,,,,
2026-08-16T05:02:15.254-07:00,,query_sent,outbound,query_operational_state,pending,,periodic,18,0,,,,,,,
2026-08-16T05:02:15.352-07:00,,link_ack,inbound,query_operational_state,ack,,link_layer,18,,,,,,,,
2026-08-16T05:02:15.475-07:00,,operational_state,inbound,query_operational_state,received,,device_response,19,4,,,4,Idle Curtailed,,,
2026-08-16T05:02:15.515-07:00,,query_completed,outbound,query_operational_state,ok,,periodic,18,0,,,,,,,
2026-08-16T05:02:45.540-07:00,,query_sent,outbound,get_commodity,pending,,periodic,6,0,,,,,,,
2026-08-16T05:02:45.635-07:00,,link_ack,inbound,get_commodity,ack,,link_layer,6,,,,,,,,
2026-08-16T05:02:45.803-07:00,,intermediate_response,inbound,get_commodity,success,,device_response,6,128,,,,,0,success,
2026-08-16T05:02:45.847-07:00,,query_completed,outbound,get_commodity,ok,,periodic,6,0,,,,,0,success,
2026-08-16T05:02:45.847-07:00,,query_sent,outbound,query_operational_state,pending,,periodic,18,0,,,,,,,
2026-08-16T05:02:46.010-07:00,,link_ack,inbound,query_operational_state,ack,,link_layer,18,,,,,,,,
2026-08-16T05:02:46.134-07:00,,operational_state,inbound,query_operational_state,received,,device_response,19,4,,,4,Idle Curtailed,,,
2026-08-16T05:02:46.175-07:00,,query_completed,outbound,query_operational_state,ok,,periodic,18,0,,,,,,,
2026-08-16T05:03:15.198-07:00,,query_sent,outbound,query_operational_state,pending,,periodic,18,0,,,,,,,
2026-08-16T05:03:15.295-07:00,,link_ack,inbound,query_operational_state,ack,,link_layer,18,,,,,,,,
2026-08-16T05:03:15.418-07:00,,operational_state,inbound,query_operational_state,received,,device_response,19,4,,,4,Idle Curtailed,,,
2026-08-16T05:03:15.459-07:00,,query_completed,outbound,query_operational_state,ok,,periodic,18,0,,,,,,,
2026-08-16T05:03:45.483-07:00,,query_sent,outbound,get_commodity,pending,,periodic,6,0,,,,,,,
2026-08-16T05:03:45.582-07:00,,link_ack,inbound,get_commodity,ack,,link_layer,6,,,,,,,,
2026-08-16T05:03:45.752-07:00,,intermediate_response,inbound,get_commodity,success,,device_response,6,128,,,,,0,success,
2026-08-16T05:03:45.795-07:00,,query_completed,outbound,get_commodity,ok,,periodic,6,0,,,,,0,success,
2026-08-16T05:03:45.795-07:00,,query_sent,outbound,query_operational_state,pending,,periodic,18,0,,,,,,,
2026-08-16T05:03:45.957-07:00,,link_ack,inbound,query_operational_state,ack,,link_layer,18,,,,,,,,
2026-08-16T05:03:46.081-07:00,,operational_state,inbound,query_operational_state,received,,device_response,19,4,,,4,Idle Curtailed,,,
2026-08-16T05:03:46.122-07:00,,query_completed,outbound,query_operational_state,ok,,periodic,18,0,,,,,,,
2026-08-16T05:04:15.145-07:00,,query_sent,outbound,query_operational_state,pending,,periodic,18,0,,,,,,,
2026-08-16T05:04:15.243-07:00,,link_ack,inbound,query_operational_state,ack,,link_layer,18,,,,,,,,
2026-08-16T05:04:15.367-07:00,,operational_state,inbound,query_operational_state,received,,device_response,19,4,,,4,Idle Curtailed,,,
2026-08-16T05:04:15.408-07:00,,query_completed,outbound,query_operational_state,ok,,periodic,18,0,,,,,,,
2026-08-16T05:04:45.432-07:00,,query_sent,outbound,get_commodity,pending,,periodic,6,0,,,,,,,
2026-08-16T05:04:45.531-07:00,,link_ack,inbound,get_commodity,ack,,link_layer,6,,,,,,,,
2026-08-16T05:04:45.700-07:00,,intermediate_response,inbound,get_commodity,success,,device_response,6,128,,,,,0,success,
2026-08-16T05:04:45.743-07:00,,query_completed,outbound,get_commodity,ok,,periodic,6,0,,,,,0,success,
2026-08-16T05:04:45.744-07:00,,query_sent,outbound,query_operational_state,pending,,periodic,18,0,,,,,,,
2026-08-16T05:04:45.906-07:00,,link_ack,inbound,query_operational_state,ack,,link_layer,18,,,,,,,,
2026-08-16T05:04:46.029-07:00,,operational_state,inbound,query_operational_state,received,,device_response,19,4,,,4,Idle Curtailed,,,
2026-08-16T05:04:46.070-07:00,,query_completed,outbound,query_operational_state,ok,,periodic,18,0,,,,,,,
2026-08-16T05:05:15.094-07:00,,query_sent,outbound,query_operational_state,pending,,periodic,18,0,,,,,,,
2026-08-16T05:05:15.191-07:00,,link_ack,inbound,query_operational_state,ack,,link_layer,18,,,,,,,,
2026-08-16T05:05:15.316-07:00,,operational_state,inbound,query_operational_state,received,,device_response,19,4,,,4,Idle Curtailed,,,
2026-08-16T05:05:15.357-07:00,,query_completed,outbound,query_operational_state,ok,,periodic,18,0,,,,,,,
2026-08-16T05:05:45.381-07:00,,query_sent,outbound,get_commodity,pending,,periodic,6,0,,,,,,,
2026-08-16T05:05:45.479-07:00,,link_ack,inbound,get_commodity,ack,,link_layer,6,,,,,,,,
2026-08-16T05:05:45.647-07:00,,intermediate_response,inbound,get_commodity,success,,device_response,6,128,,,,,0,success,
2026-08-16T05:05:45.690-07:00,,query_completed,outbound,get_commodity,ok,,periodic,6,0,,,,,0,success,
2026-08-16T05:05:45.691-07:00,,query_sent,outbound,query_operational_state,pending,,periodic,18,0,,,,,,,
2026-08-16T05:05:45.854-07:00,,link_ack,inbound,query_operational_state,ack,,link_layer,18,,,,,,,,
2026-08-16T05:05:45.978-07:00,,operational_state,inbound,query_operational_state,received,,device_response,19,4,,,4,Idle Curtailed,,,
2026-08-16T05:05:46.019-07:00,,query_completed,outbound,query_operational_state,ok,,periodic,18,0,,,,,,,
2026-08-16T05:06:15.043-07:00,,query_sent,outbound,query_operational_state,pending,,periodic,18,0,,,,,,,
2026-08-16T05:06:15.140-07:00,,link_ack,inbound,query_operational_state,ack,,link_layer,18,,,,,,,,
2026-08-16T05:06:15.264-07:00,,operational_state,inbound,query_operational_state,received,,device_response,19,4,,,4,Idle Curtailed,,,
2026-08-16T05:06:15.304-07:00,,query_completed,outbound,query_operational_state,ok,,periodic,18,0,,,,,,,
2026-08-16T05:06:45.329-07:00,,query_sent,outbound,get_commodity,pending,,periodic,6,0,,,,,,,
2026-08-16T05:06:45.426-07:00,,link_ack,inbound,get_commodity,ack,,link_layer,6,,,,,,,,
2026-08-16T05:06:45.595-07:00,,intermediate_response,inbound,get_commodity,success,,device_response,6,128,,,,,0,success,
2026-08-16T05:06:45.639-07:00,,query_completed,outbound,get_commodity,ok,,periodic,6,0,,,,,0,success,
2026-08-16T05:06:45.639-07:00,,query_sent,outbound,query_operational_state,pending,,periodic,18,0,,,,,,,
2026-08-16T05:06:45.801-07:00,,link_ack,inbound,query_operational_state,ack,,link_layer,18,,,,,,,,
2026-08-16T05:06:45.924-07:00,,operational_state,inbound,query_operational_state,received,,device_response,19,4,,,4,Idle Curtailed,,,
2026-08-16T05:06:45.965-07:00,,query_completed,outbound,query_operational_state,ok,,periodic,18,0,,,,,,,
2026-08-16T05:07:14.989-07:00,,query_sent,outbound,query_operational_state,pending,,periodic,18,0,,,,,,,
2026-08-16T05:07:15.086-07:00,,link_ack,inbound,query_operational_state,ack,,link_layer,18,,,,,,,,
2026-08-16T05:07:15.210-07:00,,operational_state,inbound,query_operational_state,received,,device_response,19,4,,,4,Idle Curtailed,,,
2026-08-16T05:07:15.251-07:00,,query_completed,outbound,query_operational_state,ok,,periodic,18,0,,,,,,,
2026-08-16T05:07:45.275-07:00,,query_sent,outbound,get_commodity,pending,,periodic,6,0,,,,,,,
2026-08-16T05:07:45.374-07:00,,link_ack,inbound,get_commodity,ack,,link_layer,6,,,,,,,,
2026-08-16T05:07:45.543-07:00,,intermediate_response,inbound,get_commodity,success,,device_response,6,128,,,,,0,success,
2026-08-16T05:07:45.586-07:00,,query_completed,outbound,get_commodity,ok,,periodic,6,0,,,,,0,success,
2026-08-16T05:07:45.587-07:00,,query_sent,outbound,query_operational_state,pending,,periodic,18,0,,,,,,,
2026-08-16T05:07:45.750-07:00,,link_ack,inbound,query_operational_state,ack,,link_layer,18,,,,,,,,
2026-08-16T05:07:45.874-07:00,,operational_state,inbound,query_operational_state,received,,device_response,19,4,,,4,Idle Curtailed,,,
2026-08-16T05:07:45.915-07:00,,query_completed,outbound,query_operational_state,ok,,periodic,18,0,,,,,,,
2026-08-16T05:08:14.938-07:00,,query_sent,outbound,query_operational_state,pending,,periodic,18,0,,,,,,,
2026-08-16T05:08:15.038-07:00,,link_ack,inbound,query_operational_state,ack,,link_layer,18,,,,,,,,
2026-08-16T05:08:15.162-07:00,,operational_state,inbound,query_operational_state,received,,device_response,19,4,,,4,Idle Curtailed,,,
2026-08-16T05:08:15.202-07:00,,query_completed,outbound,query_operational_state,ok,,periodic,18,0,,,,,,,
2026-08-16T05:08:45.226-07:00,auto_outside_comm_heartbeat_12,command_sent,outbound,outside_communication1,pending,0,schedule,14,0,,,,,,,
2026-08-16T05:08:45.327-07:00,,link_ack,inbound,outside_communication,ack,,link_layer,14,,,,,,,,
2026-08-16T05:08:45.451-07:00,,application_ack,inbound,outside_communication,ack,,application_layer,3,14,,,,,,,
2026-08-16T05:08:45.492-07:00,auto_outside_comm_heartbeat_12,command_completed,outbound,outside_communication1,ok,0,schedule,14,0,,,,,,,
2026-08-16T05:08:45.494-07:00,,query_sent,outbound,get_commodity,pending,,periodic,6,0,,,,,,,
2026-08-16T05:08:45.656-07:00,,link_ack,inbound,get_commodity,ack,,link_layer,6,,,,,,,,
2026-08-16T05:08:45.825-07:00,,intermediate_response,inbound,get_commodity,success,,device_response,6,128,,,,,0,success,
2026-08-16T05:08:45.869-07:00,,query_completed,outbound,get_commodity,ok,,periodic,6,0,,,,,0,success,
2026-08-16T05:08:45.869-07:00,,query_sent,outbound,query_operational_state,pending,,periodic,18,0,,,,,,,
2026-08-16T05:08:46.031-07:00,,link_ack,inbound,query_operational_state,ack,,link_layer,18,,,,,,,,
2026-08-16T05:08:46.154-07:00,,operational_state,inbound,query_operational_state,received,,device_response,19,4,,,4,Idle Curtailed,,,
2026-08-16T05:08:46.195-07:00,,query_completed,outbound,query_operational_state,ok,,periodic,18,0,,,,,,,
2026-08-16T05:09:15.219-07:00,,query_sent,outbound,query_operational_state,pending,,periodic,18,0,,,,,,,
2026-08-16T05:09:15.313-07:00,,link_ack,inbound,query_operational_state,ack,,link_layer,18,,,,,,,,
2026-08-16T05:09:15.437-07:00,,operational_state,inbound,query_operational_state,received,,device_response,19,4,,,4,Idle Curtailed,,,
2026-08-16T05:09:15.477-07:00,,query_completed,outbound,query_operational_state,ok,,periodic,18,0,,,,,,,
2026-08-16T05:09:45.501-07:00,,query_sent,outbound,get_commodity,pending,,periodic,6,0,,,,,,,
2026-08-16T05:09:45.600-07:00,,link_ack,inbound,get_commodity,ack,,link_layer,6,,,,,,,,
2026-08-16T05:09:45.770-07:00,,intermediate_response,inbound,get_commodity,success,,device_response,6,128,,,,,0,success,
2026-08-16T05:09:45.813-07:00,,query_completed,outbound,get_commodity,ok,,periodic,6,0,,,,,0,success,
2026-08-16T05:09:45.813-07:00,,query_sent,outbound,query_operational_state,pending,,periodic,18,0,,,,,,,
2026-08-16T05:09:45.976-07:00,,link_ack,inbound,query_operational_state,ack,,link_layer,18,,,,,,,,
2026-08-16T05:09:46.099-07:00,,operational_state,inbound,query_operational_state,received,,device_response,19,4,,,4,Idle Curtailed,,,
2026-08-16T05:09:46.140-07:00,,query_completed,outbound,query_operational_state,ok,,periodic,18,0,,,,,,,
2026-08-16T05:10:15.163-07:00,,query_sent,outbound,query_operational_state,pending,,periodic,18,0,,,,,,,
2026-08-16T05:10:15.261-07:00,,link_ack,inbound,query_operational_state,ack,,link_layer,18,,,,,,,,
2026-08-16T05:10:15.384-07:00,,operational_state,inbound,query_operational_state,received,,device_response,19,4,,,4,Idle Curtailed,,,
2026-08-16T05:10:15.425-07:00,,query_completed,outbound,query_operational_state,ok,,periodic,18,0,,,,,,,
2026-08-16T05:10:45.449-07:00,,query_sent,outbound,get_commodity,pending,,periodic,6,0,,,,,,,
2026-08-16T05:10:45.549-07:00,,link_ack,inbound,get_commodity,ack,,link_layer,6,,,,,,,,
2026-08-16T05:10:45.717-07:00,,intermediate_response,inbound,get_commodity,success,,device_response,6,128,,,,,0,success,
2026-08-16T05:10:45.761-07:00,,query_completed,outbound,get_commodity,ok,,periodic,6,0,,,,,0,success,
2026-08-16T05:10:45.761-07:00,,query_sent,outbound,query_operational_state,pending,,periodic,18,0,,,,,,,
2026-08-16T05:10:45.923-07:00,,link_ack,inbound,query_operational_state,ack,,link_layer,18,,,,,,,,
2026-08-16T05:10:46.047-07:00,,operational_state,inbound,query_operational_state,received,,device_response,19,4,,,4,Idle Curtailed,,,
2026-08-16T05:10:46.087-07:00,,query_completed,outbound,query_operational_state,ok,,periodic,18,0,,,,,,,
2026-08-16T05:11:15.110-07:00,,query_sent,outbound,query_operational_state,pending,,periodic,18,0,,,,,,,
2026-08-16T05:11:15.207-07:00,,link_ack,inbound,query_operational_state,ack,,link_layer,18,,,,,,,,
2026-08-16T05:11:15.331-07:00,,operational_state,inbound,query_operational_state,received,,device_response,19,4,,,4,Idle Curtailed,,,
2026-08-16T05:11:15.372-07:00,,query_completed,outbound,query_operational_state,ok,,periodic,18,0,,,,,,,
2026-08-16T05:11:45.395-07:00,,query_sent,outbound,get_commodity,pending,,periodic,6,0,,,,,,,
2026-08-16T05:11:45.494-07:00,,link_ack,inbound,get_commodity,ack,,link_layer,6,,,,,,,,
2026-08-16T05:11:45.662-07:00,,intermediate_response,inbound,get_commodity,success,,device_response,6,128,,,,,0,success,
2026-08-16T05:11:45.706-07:00,,query_completed,outbound,get_commodity,ok,,periodic,6,0,,,,,0,success,
2026-08-16T05:11:45.706-07:00,,query_sent,outbound,query_operational_state,pending,,periodic,18,0,,,,,,,
2026-08-16T05:11:45.868-07:00,,link_ack,inbound,query_operational_state,ack,,link_layer,18,,,,,,,,
2026-08-16T05:11:45.991-07:00,,operational_state,inbound,query_operational_state,received,,device_response,19,4,,,4,Idle Curtailed,,,
2026-08-16T05:11:46.032-07:00,,query_completed,outbound,query_operational_state,ok,,periodic,18,0,,,,,,,
2026-08-16T05:12:15.055-07:00,,query_sent,outbound,query_operational_state,pending,,periodic,18,0,,,,,,,
2026-08-16T05:12:15.153-07:00,,link_ack,inbound,query_operational_state,ack,,link_layer,18,,,,,,,,
2026-08-16T05:12:15.277-07:00,,operational_state,inbound,query_operational_state,received,,device_response,19,4,,,4,Idle Curtailed,,,
2026-08-16T05:12:15.317-07:00,,query_completed,outbound,query_operational_state,ok,,periodic,18,0,,,,,,,
2026-08-16T05:12:45.341-07:00,,query_sent,outbound,get_commodity,pending,,periodic,6,0,,,,,,,
2026-08-16T05:12:45.440-07:00,,link_ack,inbound,get_commodity,ack,,link_layer,6,,,,,,,,
2026-08-16T05:12:45.611-07:00,,intermediate_response,inbound,get_commodity,success,,device_response,6,128,,,,,0,success,
2026-08-16T05:12:45.655-07:00,,query_completed,outbound,get_commodity,ok,,periodic,6,0,,,,,0,success,
2026-08-16T05:12:45.655-07:00,,query_sent,outbound,query_operational_state,pending,,periodic,18,0,,,,,,,
2026-08-16T05:12:45.817-07:00,,link_ack,inbound,query_operational_state,ack,,link_layer,18,,,,,,,,
2026-08-16T05:12:45.941-07:00,,operational_state,inbound,query_operational_state,received,,device_response,19,4,,,4,Idle Curtailed,,,
2026-08-16T05:12:45.982-07:00,,query_completed,outbound,query_operational_state,ok,,periodic,18,0,,,,,,,
2026-08-16T05:13:15.005-07:00,,query_sent,outbound,query_operational_state,pending,,periodic,18,0,,,,,,,
2026-08-16T05:13:15.103-07:00,,link_ack,inbound,query_operational_state,ack,,link_layer,18,,,,,,,,
2026-08-16T05:13:15.226-07:00,,operational_state,inbound,query_operational_state,received,,device_response,19,4,,,4,Idle Curtailed,,,
2026-08-16T05:13:15.266-07:00,,query_completed,outbound,query_operational_state,ok,,periodic,18,0,,,,,,,
2026-08-16T05:13:45.291-07:00,,query_sent,outbound,get_commodity,pending,,periodic,6,0,,,,,,,
2026-08-16T05:13:45.386-07:00,,link_ack,inbound,get_commodity,ack,,link_layer,6,,,,,,,,
2026-08-16T05:13:45.554-07:00,,intermediate_response,inbound,get_commodity,success,,device_response,6,128,,,,,0,success,
2026-08-16T05:13:45.597-07:00,,query_completed,outbound,get_commodity,ok,,periodic,6,0,,,,,0,success,
2026-08-16T05:13:45.598-07:00,,query_sent,outbound,query_operational_state,pending,,periodic,18,0,,,,,,,
2026-08-16T05:13:45.760-07:00,,link_ack,inbound,query_operational_state,ack,,link_layer,18,,,,,,,,
2026-08-16T05:13:45.885-07:00,,operational_state,inbound,query_operational_state,received,,device_response,19,4,,,4,Idle Curtailed,,,
2026-08-16T05:13:45.926-07:00,,query_completed,outbound,query_operational_state,ok,,periodic,18,0,,,,,,,
2026-08-16T05:14:14.949-07:00,,query_sent,outbound,query_operational_state,pending,,periodic,18,0,,,,,,,
2026-08-16T05:14:15.045-07:00,,link_ack,inbound,query_operational_state,ack,,link_layer,18,,,,,,,,
2026-08-16T05:14:15.168-07:00,,operational_state,inbound,query_operational_state,received,,device_response,19,4,,,4,Idle Curtailed,,,
2026-08-16T05:14:15.209-07:00,,query_completed,outbound,query_operational_state,ok,,periodic,18,0,,,,,,,
2026-08-16T05:14:45.232-07:00,,query_sent,outbound,get_commodity,pending,,periodic,6,0,,,,,,,
2026-08-16T05:14:45.332-07:00,,link_ack,inbound,get_commodity,ack,,link_layer,6,,,,,,,,
2026-08-16T05:14:45.500-07:00,,intermediate_response,inbound,get_commodity,success,,device_response,6,128,,,,,0,success,
2026-08-16T05:14:45.544-07:00,,query_completed,outbound,get_commodity,ok,,periodic,6,0,,,,,0,success,
2026-08-16T05:14:45.544-07:00,,query_sent,outbound,query_operational_state,pending,,periodic,18,0,,,,,,,
2026-08-16T05:14:45.706-07:00,,link_ack,inbound,query_operational_state,ack,,link_layer,18,,,,,,,,
2026-08-16T05:14:45.831-07:00,,operational_state,inbound,query_operational_state,received,,device_response,19,4,,,4,Idle Curtailed,,,
2026-08-16T05:14:45.871-07:00,,query_completed,outbound,query_operational_state,ok,,periodic,18,0,,,,,,,
2026-08-16T05:15:14.894-07:00,,query_sent,outbound,query_operational_state,pending,,periodic,18,0,,,,,,,
2026-08-16T05:15:14.992-07:00,,link_ack,inbound,query_operational_state,ack,,link_layer,18,,,,,,,,
2026-08-16T05:15:15.116-07:00,,operational_state,inbound,query_operational_state,received,,device_response,19,4,,,4,Idle Curtailed,,,
2026-08-16T05:15:15.157-07:00,,query_completed,outbound,query_operational_state,ok,,periodic,18,0,,,,,,,
2026-08-16T05:15:45.180-07:00,,query_sent,outbound,get_commodity,pending,,periodic,6,0,,,,,,,
2026-08-16T05:15:45.281-07:00,,link_ack,inbound,get_commodity,ack,,link_layer,6,,,,,,,,
2026-08-16T05:15:45.450-07:00,,intermediate_response,inbound,get_commodity,success,,device_response,6,128,,,,,0,success,
2026-08-16T05:15:45.493-07:00,,query_completed,outbound,get_commodity,ok,,periodic,6,0,,,,,0,success,
2026-08-16T05:15:45.493-07:00,,query_sent,outbound,query_operational_state,pending,,periodic,18,0,,,,,,,
2026-08-16T05:15:45.655-07:00,,link_ack,inbound,query_operational_state,ack,,link_layer,18,,,,,,,,
2026-08-16T05:15:45.780-07:00,,operational_state,inbound,query_operational_state,received,,device_response,19,4,,,4,Idle Curtailed,,,
2026-08-16T05:15:45.821-07:00,,query_completed,outbound,query_operational_state,ok,,periodic,18,0,,,,,,,
2026-08-16T05:16:14.844-07:00,,query_sent,outbound,query_operational_state,pending,,periodic,18,0,,,,,,,
2026-08-16T05:16:14.944-07:00,,link_ack,inbound,query_operational_state,ack,,link_layer,18,,,,,,,,
2026-08-16T05:16:15.067-07:00,,operational_state,inbound,query_operational_state,received,,device_response,19,4,,,4,Idle Curtailed,,,
2026-08-16T05:16:15.108-07:00,,query_completed,outbound,query_operational_state,ok,,periodic,18,0,,,,,,,
2026-08-16T05:16:45.132-07:00,,query_sent,outbound,get_commodity,pending,,periodic,6,0,,,,,,,
2026-08-16T05:16:45.231-07:00,,link_ack,inbound,get_commodity,ack,,link_layer,6,,,,,,,,
2026-08-16T05:16:45.400-07:00,,intermediate_response,inbound,get_commodity,success,,device_response,6,128,,,,,0,success,
2026-08-16T05:16:45.444-07:00,,query_completed,outbound,get_commodity,ok,,periodic,6,0,,,,,0,success,
2026-08-16T05:16:45.444-07:00,,query_sent,outbound,query_operational_state,pending,,periodic,18,0,,,,,,,
2026-08-16T05:16:45.606-07:00,,link_ack,inbound,query_operational_state,ack,,link_layer,18,,,,,,,,
2026-08-16T05:16:45.729-07:00,,operational_state,inbound,query_operational_state,received,,device_response,19,4,,,4,Idle Curtailed,,,
2026-08-16T05:16:45.770-07:00,,query_completed,outbound,query_operational_state,ok,,periodic,18,0,,,,,,,
2026-08-16T05:17:14.793-07:00,,query_sent,outbound,query_operational_state,pending,,periodic,18,0,,,,,,,
2026-08-16T05:17:14.890-07:00,,link_ack,inbound,query_operational_state,ack,,link_layer,18,,,,,,,,
2026-08-16T05:17:15.013-07:00,,operational_state,inbound,query_operational_state,received,,device_response,19,4,,,4,Idle Curtailed,,,
2026-08-16T05:17:15.054-07:00,,query_completed,outbound,query_operational_state,ok,,periodic,18,0,,,,,,,
2026-08-16T05:17:45.078-07:00,,query_sent,outbound,get_commodity,pending,,periodic,6,0,,,,,,,
2026-08-16T05:17:45.176-07:00,,link_ack,inbound,get_commodity,ack,,link_layer,6,,,,,,,,
2026-08-16T05:17:45.345-07:00,,intermediate_response,inbound,get_commodity,success,,device_response,6,128,,,,,0,success,
2026-08-16T05:17:45.388-07:00,,query_completed,outbound,get_commodity,ok,,periodic,6,0,,,,,0,success,
2026-08-16T05:17:45.388-07:00,,query_sent,outbound,query_operational_state,pending,,periodic,18,0,,,,,,,
2026-08-16T05:17:45.553-07:00,,link_ack,inbound,query_operational_state,ack,,link_layer,18,,,,,,,,
2026-08-16T05:17:45.677-07:00,,operational_state,inbound,query_operational_state,received,,device_response,19,4,,,4,Idle Curtailed,,,
2026-08-16T05:17:45.717-07:00,,query_completed,outbound,query_operational_state,ok,,periodic,18,0,,,,,,,
2026-08-16T05:18:14.741-07:00,,query_sent,outbound,query_operational_state,pending,,periodic,18,0,,,,,,,
2026-08-16T05:18:14.839-07:00,,link_ack,inbound,query_operational_state,ack,,link_layer,18,,,,,,,,
2026-08-16T05:18:14.963-07:00,,operational_state,inbound,query_operational_state,received,,device_response,19,4,,,4,Idle Curtailed,,,
2026-08-16T05:18:15.003-07:00,,query_completed,outbound,query_operational_state,ok,,periodic,18,0,,,,,,,
2026-08-16T05:18:45.027-07:00,,query_sent,outbound,get_commodity,pending,,periodic,6,0,,,,,,,
2026-08-16T05:18:45.126-07:00,,link_ack,inbound,get_commodity,ack,,link_layer,6,,,,,,,,
2026-08-16T05:18:45.294-07:00,,intermediate_response,inbound,get_commodity,success,,device_response,6,128,,,,,0,success,
2026-08-16T05:18:45.337-07:00,,query_completed,outbound,get_commodity,ok,,periodic,6,0,,,,,0,success,
2026-08-16T05:18:45.337-07:00,,query_sent,outbound,query_operational_state,pending,,periodic,18,0,,,,,,,
2026-08-16T05:18:45.499-07:00,,link_ack,inbound,query_operational_state,ack,,link_layer,18,,,,,,,,
2026-08-16T05:18:45.623-07:00,,operational_state,inbound,query_operational_state,received,,device_response,19,4,,,4,Idle Curtailed,,,
2026-08-16T05:18:45.664-07:00,,query_completed,outbound,query_operational_state,ok,,periodic,18,0,,,,,,,
2026-08-16T05:19:14.686-07:00,,query_sent,outbound,query_operational_state,pending,,periodic,18,0,,,,,,,
2026-08-16T05:19:14.785-07:00,,link_ack,inbound,query_operational_state,ack,,link_layer,18,,,,,,,,
2026-08-16T05:19:14.908-07:00,,operational_state,inbound,query_operational_state,received,,device_response,19,4,,,4,Idle Curtailed,,,
2026-08-16T05:19:14.948-07:00,,query_completed,outbound,query_operational_state,ok,,periodic,18,0,,,,,,,
2026-08-16T05:19:44.973-07:00,,query_sent,outbound,get_commodity,pending,,periodic,6,0,,,,,,,
2026-08-16T05:19:45.072-07:00,,link_ack,inbound,get_commodity,ack,,link_layer,6,,,,,,,,
2026-08-16T05:19:45.241-07:00,,intermediate_response,inbound,get_commodity,success,,device_response,6,128,,,,,0,success,
2026-08-16T05:19:45.284-07:00,,query_completed,outbound,get_commodity,ok,,periodic,6,0,,,,,0,success,
2026-08-16T05:19:45.285-07:00,,query_sent,outbound,query_operational_state,pending,,periodic,18,0,,,,,,,
2026-08-16T05:19:45.446-07:00,,link_ack,inbound,query_operational_state,ack,,link_layer,18,,,,,,,,
2026-08-16T05:19:45.570-07:00,,operational_state,inbound,query_operational_state,received,,device_response,19,4,,,4,Idle Curtailed,,,
2026-08-16T05:19:45.611-07:00,,query_completed,outbound,query_operational_state,ok,,periodic,18,0,,,,,,,
2026-08-16T05:20:14.634-07:00,,query_sent,outbound,query_operational_state,pending,,periodic,18,0,,,,,,,
2026-08-16T05:20:14.731-07:00,,link_ack,inbound,query_operational_state,ack,,link_layer,18,,,,,,,,
2026-08-16T05:20:14.854-07:00,,operational_state,inbound,query_operational_state,received,,device_response,19,4,,,4,Idle Curtailed,,,
2026-08-16T05:20:14.895-07:00,,query_completed,outbound,query_operational_state,ok,,periodic,18,0,,,,,,,
2026-08-16T05:20:44.919-07:00,,query_sent,outbound,get_commodity,pending,,periodic,6,0,,,,,,,
2026-08-16T05:20:45.016-07:00,,link_ack,inbound,get_commodity,ack,,link_layer,6,,,,,,,,
2026-08-16T05:20:45.185-07:00,,intermediate_response,inbound,get_commodity,success,,device_response,6,128,,,,,0,success,
2026-08-16T05:20:45.229-07:00,,query_completed,outbound,get_commodity,ok,,periodic,6,0,,,,,0,success,
2026-08-16T05:20:45.229-07:00,,query_sent,outbound,query_operational_state,pending,,periodic,18,0,,,,,,,
2026-08-16T05:20:45.391-07:00,,link_ack,inbound,query_operational_state,ack,,link_layer,18,,,,,,,,
2026-08-16T05:20:45.514-07:00,,operational_state,inbound,query_operational_state,received,,device_response,19,4,,,4,Idle Curtailed,,,
2026-08-16T05:20:45.555-07:00,,query_completed,outbound,query_operational_state,ok,,periodic,18,0,,,,,,,
2026-08-16T05:21:15.579-07:00,,query_sent,outbound,query_operational_state,pending,,periodic,18,0,,,,,,,
2026-08-16T05:21:15.674-07:00,,link_ack,inbound,query_operational_state,ack,,link_layer,18,,,,,,,,
2026-08-16T05:21:15.798-07:00,,operational_state,inbound,query_operational_state,received,,device_response,19,4,,,4,Idle Curtailed,,,
2026-08-16T05:21:15.838-07:00,,query_completed,outbound,query_operational_state,ok,,periodic,18,0,,,,,,,
2026-08-16T05:21:44.861-07:00,,query_sent,outbound,get_commodity,pending,,periodic,6,0,,,,,,,
2026-08-16T05:21:44.959-07:00,,link_ack,inbound,get_commodity,ack,,link_layer,6,,,,,,,,
2026-08-16T05:21:45.127-07:00,,intermediate_response,inbound,get_commodity,success,,device_response,6,128,,,,,0,success,
2026-08-16T05:21:45.171-07:00,,query_completed,outbound,get_commodity,ok,,periodic,6,0,,,,,0,success,
2026-08-16T05:21:45.171-07:00,,query_sent,outbound,query_operational_state,pending,,periodic,18,0,,,,,,,
2026-08-16T05:21:45.333-07:00,,link_ack,inbound,query_operational_state,ack,,link_layer,18,,,,,,,,
2026-08-16T05:21:45.456-07:00,,operational_state,inbound,query_operational_state,received,,device_response,19,4,,,4,Idle Curtailed,,,
2026-08-16T05:21:45.497-07:00,,query_completed,outbound,query_operational_state,ok,,periodic,18,0,,,,,,,
2026-08-16T05:22:15.522-07:00,auto_outside_comm_heartbeat_13,command_sent,outbound,outside_communication1,pending,0,schedule,14,0,,,,,,,
2026-08-16T05:22:15.619-07:00,,link_ack,inbound,outside_communication,ack,,link_layer,14,,,,,,,,
2026-08-16T05:22:15.743-07:00,,application_ack,inbound,outside_communication,ack,,application_layer,3,14,,,,,,,
2026-08-16T05:22:15.783-07:00,auto_outside_comm_heartbeat_13,command_completed,outbound,outside_communication1,ok,0,schedule,14,0,,,,,,,
2026-08-16T05:22:15.785-07:00,,query_sent,outbound,query_operational_state,pending,,periodic,18,0,,,,,,,
2026-08-16T05:22:15.947-07:00,,link_ack,inbound,query_operational_state,ack,,link_layer,18,,,,,,,,
2026-08-16T05:22:16.070-07:00,,operational_state,inbound,query_operational_state,received,,device_response,19,4,,,4,Idle Curtailed,,,
2026-08-16T05:22:16.111-07:00,,query_completed,outbound,query_operational_state,ok,,periodic,18,0,,,,,,,
2026-08-16T05:22:45.133-07:00,,query_sent,outbound,get_commodity,pending,,periodic,6,0,,,,,,,
2026-08-16T05:22:45.230-07:00,,link_ack,inbound,get_commodity,ack,,link_layer,6,,,,,,,,
2026-08-16T05:22:45.400-07:00,,intermediate_response,inbound,get_commodity,success,,device_response,6,128,,,,,0,success,
2026-08-16T05:22:45.443-07:00,,query_completed,outbound,get_commodity,ok,,periodic,6,0,,,,,0,success,
2026-08-16T05:22:45.443-07:00,,query_sent,outbound,query_operational_state,pending,,periodic,18,0,,,,,,,
2026-08-16T05:22:45.605-07:00,,link_ack,inbound,query_operational_state,ack,,link_layer,18,,,,,,,,
2026-08-16T05:22:45.729-07:00,,operational_state,inbound,query_operational_state,received,,device_response,19,4,,,4,Idle Curtailed,,,
2026-08-16T05:22:45.770-07:00,,query_completed,outbound,query_operational_state,ok,,periodic,18,0,,,,,,,
2026-08-16T05:23:14.793-07:00,,query_sent,outbound,query_operational_state,pending,,periodic,18,0,,,,,,,
2026-08-16T05:23:14.891-07:00,,link_ack,inbound,query_operational_state,ack,,link_layer,18,,,,,,,,
2026-08-16T05:23:15.014-07:00,,operational_state,inbound,query_operational_state,received,,device_response,19,4,,,4,Idle Curtailed,,,
2026-08-16T05:23:15.055-07:00,,query_completed,outbound,query_operational_state,ok,,periodic,18,0,,,,,,,
2026-08-16T05:23:45.078-07:00,,query_sent,outbound,get_commodity,pending,,periodic,6,0,,,,,,,
2026-08-16T05:23:45.178-07:00,,link_ack,inbound,get_commodity,ack,,link_layer,6,,,,,,,,
2026-08-16T05:23:45.347-07:00,,intermediate_response,inbound,get_commodity,success,,device_response,6,128,,,,,0,success,
2026-08-16T05:23:45.390-07:00,,query_completed,outbound,get_commodity,ok,,periodic,6,0,,,,,0,success,
2026-08-16T05:23:45.391-07:00,,query_sent,outbound,query_operational_state,pending,,periodic,18,0,,,,,,,
2026-08-16T05:23:45.552-07:00,,link_ack,inbound,query_operational_state,ack,,link_layer,18,,,,,,,,
2026-08-16T05:23:45.676-07:00,,operational_state,inbound,query_operational_state,received,,device_response,19,4,,,4,Idle Curtailed,,,
2026-08-16T05:23:45.717-07:00,,query_completed,outbound,query_operational_state,ok,,periodic,18,0,,,,,,,
2026-08-16T05:24:14.739-07:00,,query_sent,outbound,query_operational_state,pending,,periodic,18,0,,,,,,,
2026-08-16T05:24:14.837-07:00,,link_ack,inbound,query_operational_state,ack,,link_layer,18,,,,,,,,
2026-08-16T05:24:14.960-07:00,,operational_state,inbound,query_operational_state,received,,device_response,19,4,,,4,Idle Curtailed,,,
2026-08-16T05:24:15.001-07:00,,query_completed,outbound,query_operational_state,ok,,periodic,18,0,,,,,,,
2026-08-16T05:24:45.024-07:00,,query_sent,outbound,get_commodity,pending,,periodic,6,0,,,,,,,
2026-08-16T05:24:45.123-07:00,,link_ack,inbound,get_commodity,ack,,link_layer,6,,,,,,,,
2026-08-16T05:24:45.291-07:00,,intermediate_response,inbound,get_commodity,success,,device_response,6,128,,,,,0,success,
2026-08-16T05:24:45.335-07:00,,query_completed,outbound,get_commodity,ok,,periodic,6,0,,,,,0,success,
2026-08-16T05:24:45.335-07:00,,query_sent,outbound,query_operational_state,pending,,periodic,18,0,,,,,,,
2026-08-16T05:24:45.497-07:00,,link_ack,inbound,query_operational_state,ack,,link_layer,18,,,,,,,,
2026-08-16T05:24:45.620-07:00,,operational_state,inbound,query_operational_state,received,,device_response,19,4,,,4,Idle Curtailed,,,
2026-08-16T05:24:45.661-07:00,,query_completed,outbound,query_operational_state,ok,,periodic,18,0,,,,,,,
2026-08-16T05:25:14.683-07:00,,query_sent,outbound,query_operational_state,pending,,periodic,18,0,,,,,,,
2026-08-16T05:25:14.780-07:00,,link_ack,inbound,query_operational_state,ack,,link_layer,18,,,,,,,,
2026-08-16T05:25:14.904-07:00,,operational_state,inbound,query_operational_state,received,,device_response,19,4,,,4,Idle Curtailed,,,
2026-08-16T05:25:14.945-07:00,,query_completed,outbound,query_operational_state,ok,,periodic,18,0,,,,,,,
2026-08-16T05:25:44.968-07:00,,query_sent,outbound,get_commodity,pending,,periodic,6,0,,,,,,,
2026-08-16T05:25:45.065-07:00,,link_ack,inbound,get_commodity,ack,,link_layer,6,,,,,,,,
2026-08-16T05:25:45.233-07:00,,intermediate_response,inbound,get_commodity,success,,device_response,6,128,,,,,0,success,
2026-08-16T05:25:45.277-07:00,,query_completed,outbound,get_commodity,ok,,periodic,6,0,,,,,0,success,
2026-08-16T05:25:45.277-07:00,,query_sent,outbound,query_operational_state,pending,,periodic,18,0,,,,,,,
2026-08-16T05:25:45.439-07:00,,link_ack,inbound,query_operational_state,ack,,link_layer,18,,,,,,,,
2026-08-16T05:25:45.562-07:00,,operational_state,inbound,query_operational_state,received,,device_response,19,4,,,4,Idle Curtailed,,,
2026-08-16T05:25:45.603-07:00,,query_completed,outbound,query_operational_state,ok,,periodic,18,0,,,,,,,
2026-08-16T05:26:15.626-07:00,,query_sent,outbound,query_operational_state,pending,,periodic,18,0,,,,,,,
2026-08-16T05:26:15.725-07:00,,link_ack,inbound,query_operational_state,ack,,link_layer,18,,,,,,,,
2026-08-16T05:26:15.849-07:00,,operational_state,inbound,query_operational_state,received,,device_response,19,4,,,4,Idle Curtailed,,,
2026-08-16T05:26:15.889-07:00,,query_completed,outbound,query_operational_state,ok,,periodic,18,0,,,,,,,
2026-08-16T05:26:44.912-07:00,,query_sent,outbound,get_commodity,pending,,periodic,6,0,,,,,,,
2026-08-16T05:26:45.011-07:00,,link_ack,inbound,get_commodity,ack,,link_layer,6,,,,,,,,
2026-08-16T05:26:45.180-07:00,,intermediate_response,inbound,get_commodity,success,,device_response,6,128,,,,,0,success,
2026-08-16T05:26:45.224-07:00,,query_completed,outbound,get_commodity,ok,,periodic,6,0,,,,,0,success,
2026-08-16T05:26:45.224-07:00,,query_sent,outbound,query_operational_state,pending,,periodic,18,0,,,,,,,
2026-08-16T05:26:45.386-07:00,,link_ack,inbound,query_operational_state,ack,,link_layer,18,,,,,,,,
2026-08-16T05:26:45.510-07:00,,operational_state,inbound,query_operational_state,received,,device_response,19,4,,,4,Idle Curtailed,,,
2026-08-16T05:26:45.550-07:00,,query_completed,outbound,query_operational_state,ok,,periodic,18,0,,,,,,,
2026-08-16T05:27:15.572-07:00,,query_sent,outbound,query_operational_state,pending,,periodic,18,0,,,,,,,
2026-08-16T05:27:15.672-07:00,,link_ack,inbound,query_operational_state,ack,,link_layer,18,,,,,,,,
2026-08-16T05:27:15.795-07:00,,operational_state,inbound,query_operational_state,received,,device_response,19,4,,,4,Idle Curtailed,,,
2026-08-16T05:27:15.836-07:00,,query_completed,outbound,query_operational_state,ok,,periodic,18,0,,,,,,,
2026-08-16T05:27:44.859-07:00,,query_sent,outbound,get_commodity,pending,,periodic,6,0,,,,,,,
2026-08-16T05:27:44.957-07:00,,link_ack,inbound,get_commodity,ack,,link_layer,6,,,,,,,,
2026-08-16T05:27:45.126-07:00,,intermediate_response,inbound,get_commodity,success,,device_response,6,128,,,,,0,success,
2026-08-16T05:27:45.169-07:00,,query_completed,outbound,get_commodity,ok,,periodic,6,0,,,,,0,success,
2026-08-16T05:27:45.169-07:00,,query_sent,outbound,query_operational_state,pending,,periodic,18,0,,,,,,,
2026-08-16T05:27:45.333-07:00,,link_ack,inbound,query_operational_state,ack,,link_layer,18,,,,,,,,
2026-08-16T05:27:45.456-07:00,,operational_state,inbound,query_operational_state,received,,device_response,19,4,,,4,Idle Curtailed,,,
2026-08-16T05:27:45.497-07:00,,query_completed,outbound,query_operational_state,ok,,periodic,18,0,,,,,,,
2026-08-16T05:28:15.520-07:00,,query_sent,outbound,query_operational_state,pending,,periodic,18,0,,,,,,,
2026-08-16T05:28:15.622-07:00,,link_ack,inbound,query_operational_state,ack,,link_layer,18,,,,,,,,
2026-08-16T05:28:15.746-07:00,,operational_state,inbound,query_operational_state,received,,device_response,19,4,,,4,Idle Curtailed,,,
2026-08-16T05:28:15.787-07:00,,query_completed,outbound,query_operational_state,ok,,periodic,18,0,,,,,,,
2026-08-16T05:28:44.809-07:00,,query_sent,outbound,get_commodity,pending,,periodic,6,0,,,,,,,
2026-08-16T05:28:44.909-07:00,,link_ack,inbound,get_commodity,ack,,link_layer,6,,,,,,,,
2026-08-16T05:28:45.077-07:00,,intermediate_response,inbound,get_commodity,success,,device_response,6,128,,,,,0,success,
2026-08-16T05:28:45.121-07:00,,query_completed,outbound,get_commodity,ok,,periodic,6,0,,,,,0,success,
2026-08-16T05:28:45.121-07:00,,query_sent,outbound,query_operational_state,pending,,periodic,18,0,,,,,,,
2026-08-16T05:28:45.283-07:00,,link_ack,inbound,query_operational_state,ack,,link_layer,18,,,,,,,,
2026-08-16T05:28:45.407-07:00,,operational_state,inbound,query_operational_state,received,,device_response,19,4,,,4,Idle Curtailed,,,
2026-08-16T05:28:45.448-07:00,,query_completed,outbound,query_operational_state,ok,,periodic,18,0,,,,,,,
2026-08-16T05:29:15.473-07:00,,query_sent,outbound,query_operational_state,pending,,periodic,18,0,,,,,,,
2026-08-16T05:29:15.572-07:00,,link_ack,inbound,query_operational_state,ack,,link_layer,18,,,,,,,,
2026-08-16T05:29:15.696-07:00,,operational_state,inbound,query_operational_state,received,,device_response,19,4,,,4,Idle Curtailed,,,
2026-08-16T05:29:15.736-07:00,,query_completed,outbound,query_operational_state,ok,,periodic,18,0,,,,,,,
2026-08-16T05:29:44.760-07:00,,query_sent,outbound,get_commodity,pending,,periodic,6,0,,,,,,,
2026-08-16T05:29:44.858-07:00,,link_ack,inbound,get_commodity,ack,,link_layer,6,,,,,,,,
2026-08-16T05:29:45.027-07:00,,intermediate_response,inbound,get_commodity,success,,device_response,6,128,,,,,0,success,
2026-08-16T05:29:45.070-07:00,,query_completed,outbound,get_commodity,ok,,periodic,6,0,,,,,0,success,
2026-08-16T05:29:45.070-07:00,,query_sent,outbound,query_operational_state,pending,,periodic,18,0,,,,,,,
2026-08-16T05:29:45.232-07:00,,link_ack,inbound,query_operational_state,ack,,link_layer,18,,,,,,,,
2026-08-16T05:29:45.356-07:00,,operational_state,inbound,query_operational_state,received,,device_response,19,4,,,4,Idle Curtailed,,,
2026-08-16T05:29:45.397-07:00,,query_completed,outbound,query_operational_state,ok,,periodic,18,0,,,,,,,
2026-08-16T05:30:15.419-07:00,,query_sent,outbound,query_operational_state,pending,,periodic,18,0,,,,,,,
2026-08-16T05:30:15.517-07:00,,link_ack,inbound,query_operational_state,ack,,link_layer,18,,,,,,,,
2026-08-16T05:30:15.640-07:00,,operational_state,inbound,query_operational_state,received,,device_response,19,4,,,4,Idle Curtailed,,,
2026-08-16T05:30:15.681-07:00,,query_completed,outbound,query_operational_state,ok,,periodic,18,0,,,,,,,
2026-08-16T05:30:44.704-07:00,,query_sent,outbound,get_commodity,pending,,periodic,6,0,,,,,,,
2026-08-16T05:30:44.801-07:00,,link_ack,inbound,get_commodity,ack,,link_layer,6,,,,,,,,
2026-08-16T05:30:44.970-07:00,,intermediate_response,inbound,get_commodity,success,,device_response,6,128,,,,,0,success,
2026-08-16T05:30:45.014-07:00,,query_completed,outbound,get_commodity,ok,,periodic,6,0,,,,,0,success,
2026-08-16T05:30:45.014-07:00,,query_sent,outbound,query_operational_state,pending,,periodic,18,0,,,,,,,
2026-08-16T05:30:45.176-07:00,,link_ack,inbound,query_operational_state,ack,,link_layer,18,,,,,,,,
2026-08-16T05:30:45.303-07:00,,operational_state,inbound,query_operational_state,received,,device_response,19,4,,,4,Idle Curtailed,,,
2026-08-16T05:30:45.344-07:00,,query_completed,outbound,query_operational_state,ok,,periodic,18,0,,,,,,,
2026-08-16T05:31:15.368-07:00,,query_sent,outbound,query_operational_state,pending,,periodic,18,0,,,,,,,
2026-08-16T05:31:15.466-07:00,,link_ack,inbound,query_operational_state,ack,,link_layer,18,,,,,,,,
2026-08-16T05:31:15.590-07:00,,operational_state,inbound,query_operational_state,received,,device_response,19,4,,,4,Idle Curtailed,,,
2026-08-16T05:31:15.630-07:00,,query_completed,outbound,query_operational_state,ok,,periodic,18,0,,,,,,,
2026-08-16T05:31:44.654-07:00,,query_sent,outbound,get_commodity,pending,,periodic,6,0,,,,,,,
2026-08-16T05:31:44.750-07:00,,link_ack,inbound,get_commodity,ack,,link_layer,6,,,,,,,,
2026-08-16T05:31:44.919-07:00,,intermediate_response,inbound,get_commodity,success,,device_response,6,128,,,,,0,success,
2026-08-16T05:31:44.962-07:00,,query_completed,outbound,get_commodity,ok,,periodic,6,0,,,,,0,success,
2026-08-16T05:31:44.963-07:00,,query_sent,outbound,query_operational_state,pending,,periodic,18,0,,,,,,,
2026-08-16T05:31:45.124-07:00,,link_ack,inbound,query_operational_state,ack,,link_layer,18,,,,,,,,
2026-08-16T05:31:45.248-07:00,,operational_state,inbound,query_operational_state,received,,device_response,19,4,,,4,Idle Curtailed,,,
2026-08-16T05:31:45.289-07:00,,query_completed,outbound,query_operational_state,ok,,periodic,18,0,,,,,,,
2026-08-16T05:32:15.313-07:00,,query_sent,outbound,query_operational_state,pending,,periodic,18,0,,,,,,,
2026-08-16T05:32:15.412-07:00,,link_ack,inbound,query_operational_state,ack,,link_layer,18,,,,,,,,
2026-08-16T05:32:15.535-07:00,,operational_state,inbound,query_operational_state,received,,device_response,19,4,,,4,Idle Curtailed,,,
2026-08-16T05:32:15.575-07:00,,query_completed,outbound,query_operational_state,ok,,periodic,18,0,,,,,,,
2026-08-16T05:32:45.600-07:00,,query_sent,outbound,get_commodity,pending,,periodic,6,0,,,,,,,
2026-08-16T05:32:45.699-07:00,,link_ack,inbound,get_commodity,ack,,link_layer,6,,,,,,,,
2026-08-16T05:32:45.867-07:00,,intermediate_response,inbound,get_commodity,success,,device_response,6,128,,,,,0,success,
2026-08-16T05:32:45.910-07:00,,query_completed,outbound,get_commodity,ok,,periodic,6,0,,,,,0,success,
2026-08-16T05:32:45.910-07:00,,query_sent,outbound,query_operational_state,pending,,periodic,18,0,,,,,,,
2026-08-16T05:32:46.075-07:00,,link_ack,inbound,query_operational_state,ack,,link_layer,18,,,,,,,,
2026-08-16T05:32:46.198-07:00,,operational_state,inbound,query_operational_state,received,,device_response,19,4,,,4,Idle Curtailed,,,
2026-08-16T05:32:46.238-07:00,,query_completed,outbound,query_operational_state,ok,,periodic,18,0,,,,,,,
2026-08-16T05:33:15.262-07:00,,query_sent,outbound,query_operational_state,pending,,periodic,18,0,,,,,,,
2026-08-16T05:33:15.363-07:00,,link_ack,inbound,query_operational_state,ack,,link_layer,18,,,,,,,,
2026-08-16T05:33:15.486-07:00,,operational_state,inbound,query_operational_state,received,,device_response,19,4,,,4,Idle Curtailed,,,
2026-08-16T05:33:15.526-07:00,,query_completed,outbound,query_operational_state,ok,,periodic,18,0,,,,,,,
2026-08-16T05:33:45.550-07:00,,query_sent,outbound,get_commodity,pending,,periodic,6,0,,,,,,,
2026-08-16T05:33:45.650-07:00,,link_ack,inbound,get_commodity,ack,,link_layer,6,,,,,,,,
2026-08-16T05:33:45.818-07:00,,intermediate_response,inbound,get_commodity,success,,device_response,6,128,,,,,0,success,
2026-08-16T05:33:45.862-07:00,,query_completed,outbound,get_commodity,ok,,periodic,6,0,,,,,0,success,
2026-08-16T05:33:45.862-07:00,,query_sent,outbound,query_operational_state,pending,,periodic,18,0,,,,,,,
2026-08-16T05:33:46.024-07:00,,link_ack,inbound,query_operational_state,ack,,link_layer,18,,,,,,,,
2026-08-16T05:33:46.148-07:00,,operational_state,inbound,query_operational_state,received,,device_response,19,4,,,4,Idle Curtailed,,,
2026-08-16T05:33:46.189-07:00,,query_completed,outbound,query_operational_state,ok,,periodic,18,0,,,,,,,
2026-08-16T05:34:15.210-07:00,,query_sent,outbound,query_operational_state,pending,,periodic,18,0,,,,,,,
2026-08-16T05:34:15.307-07:00,,link_ack,inbound,query_operational_state,ack,,link_layer,18,,,,,,,,
2026-08-16T05:34:15.430-07:00,,operational_state,inbound,query_operational_state,received,,device_response,19,4,,,4,Idle Curtailed,,,
2026-08-16T05:34:15.471-07:00,,query_completed,outbound,query_operational_state,ok,,periodic,18,0,,,,,,,
2026-08-16T05:34:45.494-07:00,,query_sent,outbound,get_commodity,pending,,periodic,6,0,,,,,,,
2026-08-16T05:34:45.592-07:00,,link_ack,inbound,get_commodity,ack,,link_layer,6,,,,,,,,
2026-08-16T05:34:45.761-07:00,,intermediate_response,inbound,get_commodity,success,,device_response,6,128,,,,,0,success,
2026-08-16T05:34:45.804-07:00,,query_completed,outbound,get_commodity,ok,,periodic,6,0,,,,,0,success,
2026-08-16T05:34:45.804-07:00,,query_sent,outbound,query_operational_state,pending,,periodic,18,0,,,,,,,
2026-08-16T05:34:45.966-07:00,,link_ack,inbound,query_operational_state,ack,,link_layer,18,,,,,,,,
2026-08-16T05:34:46.090-07:00,,operational_state,inbound,query_operational_state,received,,device_response,19,4,,,4,Idle Curtailed,,,
2026-08-16T05:34:46.131-07:00,,query_completed,outbound,query_operational_state,ok,,periodic,18,0,,,,,,,
2026-08-16T05:35:15.153-07:00,,query_sent,outbound,query_operational_state,pending,,periodic,18,0,,,,,,,
2026-08-16T05:35:15.249-07:00,,link_ack,inbound,query_operational_state,ack,,link_layer,18,,,,,,,,
2026-08-16T05:35:15.373-07:00,,operational_state,inbound,query_operational_state,received,,device_response,19,4,,,4,Idle Curtailed,,,
2026-08-16T05:35:15.414-07:00,,query_completed,outbound,query_operational_state,ok,,periodic,18,0,,,,,,,
2026-08-16T05:35:45.436-07:00,auto_outside_comm_heartbeat_14,command_sent,outbound,outside_communication1,pending,0,schedule,14,0,,,,,,,
2026-08-16T05:35:45.533-07:00,,link_ack,inbound,outside_communication,ack,,link_layer,14,,,,,,,,
2026-08-16T05:35:45.657-07:00,,application_ack,inbound,outside_communication,ack,,application_layer,3,14,,,,,,,
2026-08-16T05:35:45.698-07:00,auto_outside_comm_heartbeat_14,command_completed,outbound,outside_communication1,ok,0,schedule,14,0,,,,,,,
2026-08-16T05:35:45.699-07:00,,query_sent,outbound,get_commodity,pending,,periodic,6,0,,,,,,,
2026-08-16T05:35:45.860-07:00,,link_ack,inbound,get_commodity,ack,,link_layer,6,,,,,,,,
2026-08-16T05:35:46.028-07:00,,intermediate_response,inbound,get_commodity,success,,device_response,6,128,,,,,0,success,
2026-08-16T05:35:46.071-07:00,,query_completed,outbound,get_commodity,ok,,periodic,6,0,,,,,0,success,
2026-08-16T05:35:46.072-07:00,,query_sent,outbound,query_operational_state,pending,,periodic,18,0,,,,,,,
2026-08-16T05:35:46.233-07:00,,link_ack,inbound,query_operational_state,ack,,link_layer,18,,,,,,,,
2026-08-16T05:35:46.357-07:00,,operational_state,inbound,query_operational_state,received,,device_response,19,4,,,4,Idle Curtailed,,,
2026-08-16T05:35:46.398-07:00,,query_completed,outbound,query_operational_state,ok,,periodic,18,0,,,,,,,
2026-08-16T05:36:15.420-07:00,,query_sent,outbound,query_operational_state,pending,,periodic,18,0,,,,,,,
2026-08-16T05:36:15.514-07:00,,link_ack,inbound,query_operational_state,ack,,link_layer,18,,,,,,,,
2026-08-16T05:36:15.638-07:00,,operational_state,inbound,query_operational_state,received,,device_response,19,4,,,4,Idle Curtailed,,,
2026-08-16T05:36:15.678-07:00,,query_completed,outbound,query_operational_state,ok,,periodic,18,0,,,,,,,
2026-08-16T05:36:44.700-07:00,,query_sent,outbound,get_commodity,pending,,periodic,6,0,,,,,,,
2026-08-16T05:36:44.797-07:00,,link_ack,inbound,get_commodity,ack,,link_layer,6,,,,,,,,
2026-08-16T05:36:44.965-07:00,,intermediate_response,inbound,get_commodity,success,,device_response,6,128,,,,,0,success,
2026-08-16T05:36:45.009-07:00,,query_completed,outbound,get_commodity,ok,,periodic,6,0,,,,,0,success,
2026-08-16T05:36:45.009-07:00,,query_sent,outbound,query_operational_state,pending,,periodic,18,0,,,,,,,
2026-08-16T05:36:45.172-07:00,,link_ack,inbound,query_operational_state,ack,,link_layer,18,,,,,,,,
2026-08-16T05:36:45.295-07:00,,operational_state,inbound,query_operational_state,received,,device_response,19,4,,,4,Idle Curtailed,,,
2026-08-16T05:36:45.336-07:00,,query_completed,outbound,query_operational_state,ok,,periodic,18,0,,,,,,,
2026-08-16T05:37:15.359-07:00,,query_sent,outbound,query_operational_state,pending,,periodic,18,0,,,,,,,
2026-08-16T05:37:15.460-07:00,,link_ack,inbound,query_operational_state,ack,,link_layer,18,,,,,,,,
2026-08-16T05:37:15.583-07:00,,operational_state,inbound,query_operational_state,received,,device_response,19,4,,,4,Idle Curtailed,,,
2026-08-16T05:37:15.623-07:00,,query_completed,outbound,query_operational_state,ok,,periodic,18,0,,,,,,,
2026-08-16T05:37:44.645-07:00,,query_sent,outbound,get_commodity,pending,,periodic,6,0,,,,,,,
2026-08-16T05:37:44.743-07:00,,link_ack,inbound,get_commodity,ack,,link_layer,6,,,,,,,,
2026-08-16T05:37:44.913-07:00,,intermediate_response,inbound,get_commodity,success,,device_response,6,128,,,,,0,success,
2026-08-16T05:37:44.957-07:00,,query_completed,outbound,get_commodity,ok,,periodic,6,0,,,,,0,success,
2026-08-16T05:37:44.957-07:00,,query_sent,outbound,query_operational_state,pending,,periodic,18,0,,,,,,,
2026-08-16T05:37:45.118-07:00,,link_ack,inbound,query_operational_state,ack,,link_layer,18,,,,,,,,
2026-08-16T05:37:45.242-07:00,,operational_state,inbound,query_operational_state,received,,device_response,19,4,,,4,Idle Curtailed,,,
2026-08-16T05:37:45.283-07:00,,query_completed,outbound,query_operational_state,ok,,periodic,18,0,,,,,,,
2026-08-16T05:38:15.306-07:00,,query_sent,outbound,query_operational_state,pending,,periodic,18,0,,,,,,,
2026-08-16T05:38:15.402-07:00,,link_ack,inbound,query_operational_state,ack,,link_layer,18,,,,,,,,
2026-08-16T05:38:15.525-07:00,,operational_state,inbound,query_operational_state,received,,device_response,19,4,,,4,Idle Curtailed,,,
2026-08-16T05:38:15.566-07:00,,query_completed,outbound,query_operational_state,ok,,periodic,18,0,,,,,,,
2026-08-16T05:38:45.589-07:00,,query_sent,outbound,get_commodity,pending,,periodic,6,0,,,,,,,
2026-08-16T05:38:45.685-07:00,,link_ack,inbound,get_commodity,ack,,link_layer,6,,,,,,,,
2026-08-16T05:38:45.853-07:00,,intermediate_response,inbound,get_commodity,success,,device_response,6,128,,,,,0,success,
2026-08-16T05:38:45.897-07:00,,query_completed,outbound,get_commodity,ok,,periodic,6,0,,,,,0,success,
2026-08-16T05:38:45.897-07:00,,query_sent,outbound,query_operational_state,pending,,periodic,18,0,,,,,,,
2026-08-16T05:38:46.059-07:00,,link_ack,inbound,query_operational_state,ack,,link_layer,18,,,,,,,,
2026-08-16T05:38:46.182-07:00,,operational_state,inbound,query_operational_state,received,,device_response,19,4,,,4,Idle Curtailed,,,
2026-08-16T05:38:46.223-07:00,,query_completed,outbound,query_operational_state,ok,,periodic,18,0,,,,,,,
2026-08-16T05:39:15.245-07:00,,query_sent,outbound,query_operational_state,pending,,periodic,18,0,,,,,,,
2026-08-16T05:39:15.342-07:00,,link_ack,inbound,query_operational_state,ack,,link_layer,18,,,,,,,,
2026-08-16T05:39:15.466-07:00,,operational_state,inbound,query_operational_state,received,,device_response,19,4,,,4,Idle Curtailed,,,
2026-08-16T05:39:15.506-07:00,,query_completed,outbound,query_operational_state,ok,,periodic,18,0,,,,,,,
2026-08-16T05:39:45.529-07:00,,query_sent,outbound,get_commodity,pending,,periodic,6,0,,,,,,,
2026-08-16T05:39:45.629-07:00,,link_ack,inbound,get_commodity,ack,,link_layer,6,,,,,,,,
2026-08-16T05:39:45.798-07:00,,intermediate_response,inbound,get_commodity,success,,device_response,6,128,,,,,0,success,
2026-08-16T05:39:45.841-07:00,,query_completed,outbound,get_commodity,ok,,periodic,6,0,,,,,0,success,
2026-08-16T05:39:45.841-07:00,,query_sent,outbound,query_operational_state,pending,,periodic,18,0,,,,,,,
2026-08-16T05:39:46.003-07:00,,link_ack,inbound,query_operational_state,ack,,link_layer,18,,,,,,,,
2026-08-16T05:39:46.127-07:00,,operational_state,inbound,query_operational_state,received,,device_response,19,4,,,4,Idle Curtailed,,,
2026-08-16T05:39:46.168-07:00,,query_completed,outbound,query_operational_state,ok,,periodic,18,0,,,,,,,
2026-08-16T05:40:15.189-07:00,,query_sent,outbound,query_operational_state,pending,,periodic,18,0,,,,,,,
2026-08-16T05:40:15.286-07:00,,link_ack,inbound,query_operational_state,ack,,link_layer,18,,,,,,,,
2026-08-16T05:40:15.411-07:00,,operational_state,inbound,query_operational_state,received,,device_response,19,4,,,4,Idle Curtailed,,,
2026-08-16T05:40:15.451-07:00,,query_completed,outbound,query_operational_state,ok,,periodic,18,0,,,,,,,
2026-08-16T05:40:45.474-07:00,,query_sent,outbound,get_commodity,pending,,periodic,6,0,,,,,,,
2026-08-16T05:40:45.572-07:00,,link_ack,inbound,get_commodity,ack,,link_layer,6,,,,,,,,
2026-08-16T05:40:45.741-07:00,,intermediate_response,inbound,get_commodity,success,,device_response,6,128,,,,,0,success,
2026-08-16T05:40:45.784-07:00,,query_completed,outbound,get_commodity,ok,,periodic,6,0,,,,,0,success,
2026-08-16T05:40:45.784-07:00,,query_sent,outbound,query_operational_state,pending,,periodic,18,0,,,,,,,
2026-08-16T05:40:45.946-07:00,,link_ack,inbound,query_operational_state,ack,,link_layer,18,,,,,,,,
2026-08-16T05:40:46.070-07:00,,operational_state,inbound,query_operational_state,received,,device_response,19,4,,,4,Idle Curtailed,,,
2026-08-16T05:40:46.111-07:00,,query_completed,outbound,query_operational_state,ok,,periodic,18,0,,,,,,,
2026-08-16T05:41:15.132-07:00,,query_sent,outbound,query_operational_state,pending,,periodic,18,0,,,,,,,
2026-08-16T05:41:15.230-07:00,,link_ack,inbound,query_operational_state,ack,,link_layer,18,,,,,,,,
2026-08-16T05:41:15.354-07:00,,operational_state,inbound,query_operational_state,received,,device_response,19,4,,,4,Idle Curtailed,,,
2026-08-16T05:41:15.394-07:00,,query_completed,outbound,query_operational_state,ok,,periodic,18,0,,,,,,,
2026-08-16T05:41:45.417-07:00,,query_sent,outbound,get_commodity,pending,,periodic,6,0,,,,,,,
2026-08-16T05:41:45.516-07:00,,link_ack,inbound,get_commodity,ack,,link_layer,6,,,,,,,,
2026-08-16T05:41:45.685-07:00,,intermediate_response,inbound,get_commodity,success,,device_response,6,128,,,,,0,success,
2026-08-16T05:41:45.729-07:00,,query_completed,outbound,get_commodity,ok,,periodic,6,0,,,,,0,success,
2026-08-16T05:41:45.729-07:00,,query_sent,outbound,query_operational_state,pending,,periodic,18,0,,,,,,,
2026-08-16T05:41:45.891-07:00,,link_ack,inbound,query_operational_state,ack,,link_layer,18,,,,,,,,
2026-08-16T05:41:46.015-07:00,,operational_state,inbound,query_operational_state,received,,device_response,19,4,,,4,Idle Curtailed,,,
2026-08-16T05:41:46.055-07:00,,query_completed,outbound,query_operational_state,ok,,periodic,18,0,,,,,,,
2026-08-16T05:42:15.077-07:00,,query_sent,outbound,query_operational_state,pending,,periodic,18,0,,,,,,,
2026-08-16T05:42:15.176-07:00,,link_ack,inbound,query_operational_state,ack,,link_layer,18,,,,,,,,
2026-08-16T05:42:15.300-07:00,,operational_state,inbound,query_operational_state,received,,device_response,19,4,,,4,Idle Curtailed,,,
2026-08-16T05:42:15.340-07:00,,query_completed,outbound,query_operational_state,ok,,periodic,18,0,,,,,,,
2026-08-16T05:42:45.363-07:00,,query_sent,outbound,get_commodity,pending,,periodic,6,0,,,,,,,
2026-08-16T05:42:45.463-07:00,,link_ack,inbound,get_commodity,ack,,link_layer,6,,,,,,,,
2026-08-16T05:42:45.632-07:00,,intermediate_response,inbound,get_commodity,success,,device_response,6,128,,,,,0,success,
2026-08-16T05:42:45.675-07:00,,query_completed,outbound,get_commodity,ok,,periodic,6,0,,,,,0,success,
2026-08-16T05:42:45.676-07:00,,query_sent,outbound,query_operational_state,pending,,periodic,18,0,,,,,,,
2026-08-16T05:42:45.838-07:00,,link_ack,inbound,query_operational_state,ack,,link_layer,18,,,,,,,,
2026-08-16T05:42:45.962-07:00,,operational_state,inbound,query_operational_state,received,,device_response,19,4,,,4,Idle Curtailed,,,
2026-08-16T05:42:46.003-07:00,,query_completed,outbound,query_operational_state,ok,,periodic,18,0,,,,,,,
2026-08-16T05:43:15.025-07:00,,query_sent,outbound,query_operational_state,pending,,periodic,18,0,,,,,,,
2026-08-16T05:43:15.125-07:00,,link_ack,inbound,query_operational_state,ack,,link_layer,18,,,,,,,,
2026-08-16T05:43:15.248-07:00,,operational_state,inbound,query_operational_state,received,,device_response,19,4,,,4,Idle Curtailed,,,
2026-08-16T05:43:15.288-07:00,,query_completed,outbound,query_operational_state,ok,,periodic,18,0,,,,,,,
2026-08-16T05:43:45.310-07:00,,query_sent,outbound,get_commodity,pending,,periodic,6,0,,,,,,,
2026-08-16T05:43:45.412-07:00,,link_ack,inbound,get_commodity,ack,,link_layer,6,,,,,,,,
2026-08-16T05:43:45.581-07:00,,intermediate_response,inbound,get_commodity,success,,device_response,6,128,,,,,0,success,
2026-08-16T05:43:45.625-07:00,,query_completed,outbound,get_commodity,ok,,periodic,6,0,,,,,0,success,
2026-08-16T05:43:45.625-07:00,,query_sent,outbound,query_operational_state,pending,,periodic,18,0,,,,,,,
2026-08-16T05:43:45.787-07:00,,link_ack,inbound,query_operational_state,ack,,link_layer,18,,,,,,,,
2026-08-16T05:43:45.910-07:00,,operational_state,inbound,query_operational_state,received,,device_response,19,4,,,4,Idle Curtailed,,,
2026-08-16T05:43:45.951-07:00,,query_completed,outbound,query_operational_state,ok,,periodic,18,0,,,,,,,
2026-08-16T05:44:14.973-07:00,,query_sent,outbound,query_operational_state,pending,,periodic,18,0,,,,,,,
2026-08-16T05:44:15.069-07:00,,link_ack,inbound,query_operational_state,ack,,link_layer,18,,,,,,,,
2026-08-16T05:44:15.193-07:00,,operational_state,inbound,query_operational_state,received,,device_response,19,4,,,4,Idle Curtailed,,,
2026-08-16T05:44:15.234-07:00,,query_completed,outbound,query_operational_state,ok,,periodic,18,0,,,,,,,
2026-08-16T05:44:45.256-07:00,,query_sent,outbound,get_commodity,pending,,periodic,6,0,,,,,,,
2026-08-16T05:44:45.354-07:00,,link_ack,inbound,get_commodity,ack,,link_layer,6,,,,,,,,
2026-08-16T05:44:45.523-07:00,,intermediate_response,inbound,get_commodity,success,,device_response,6,128,,,,,0,success,
2026-08-16T05:44:45.566-07:00,,query_completed,outbound,get_commodity,ok,,periodic,6,0,,,,,0,success,
2026-08-16T05:44:45.566-07:00,,query_sent,outbound,query_operational_state,pending,,periodic,18,0,,,,,,,
2026-08-16T05:44:45.728-07:00,,link_ack,inbound,query_operational_state,ack,,link_layer,18,,,,,,,,
2026-08-16T05:44:45.852-07:00,,operational_state,inbound,query_operational_state,received,,device_response,19,4,,,4,Idle Curtailed,,,
2026-08-16T05:44:45.893-07:00,,query_completed,outbound,query_operational_state,ok,,periodic,18,0,,,,,,,
2026-08-16T05:45:14.914-07:00,,query_sent,outbound,query_operational_state,pending,,periodic,18,0,,,,,,,
2026-08-16T05:45:15.011-07:00,,link_ack,inbound,query_operational_state,ack,,link_layer,18,,,,,,,,
2026-08-16T05:45:15.136-07:00,,operational_state,inbound,query_operational_state,received,,device_response,19,4,,,4,Idle Curtailed,,,
2026-08-16T05:45:15.176-07:00,,query_completed,outbound,query_operational_state,ok,,periodic,18,0,,,,,,,
2026-08-16T05:45:45.199-07:00,,query_sent,outbound,get_commodity,pending,,periodic,6,0,,,,,,,
2026-08-16T05:45:45.296-07:00,,link_ack,inbound,get_commodity,ack,,link_layer,6,,,,,,,,
2026-08-16T05:45:45.467-07:00,,intermediate_response,inbound,get_commodity,success,,device_response,6,128,,,,,0,success,
2026-08-16T05:45:45.510-07:00,,query_completed,outbound,get_commodity,ok,,periodic,6,0,,,,,0,success,
2026-08-16T05:45:45.510-07:00,,query_sent,outbound,query_operational_state,pending,,periodic,18,0,,,,,,,
2026-08-16T05:45:45.675-07:00,,link_ack,inbound,query_operational_state,ack,,link_layer,18,,,,,,,,
2026-08-16T05:45:45.798-07:00,,operational_state,inbound,query_operational_state,received,,device_response,19,4,,,4,Idle Curtailed,,,
2026-08-16T05:45:45.839-07:00,,query_completed,outbound,query_operational_state,ok,,periodic,18,0,,,,,,,
2026-08-16T05:46:14.860-07:00,,query_sent,outbound,query_operational_state,pending,,periodic,18,0,,,,,,,
2026-08-16T05:46:14.957-07:00,,link_ack,inbound,query_operational_state,ack,,link_layer,18,,,,,,,,
2026-08-16T05:46:15.080-07:00,,operational_state,inbound,query_operational_state,received,,device_response,19,4,,,4,Idle Curtailed,,,
2026-08-16T05:46:15.120-07:00,,query_completed,outbound,query_operational_state,ok,,periodic,18,0,,,,,,,
2026-08-16T05:46:45.142-07:00,,query_sent,outbound,get_commodity,pending,,periodic,6,0,,,,,,,
2026-08-16T05:46:45.240-07:00,,link_ack,inbound,get_commodity,ack,,link_layer,6,,,,,,,,
2026-08-16T05:46:45.408-07:00,,intermediate_response,inbound,get_commodity,success,,device_response,6,128,,,,,0,success,
2026-08-16T05:46:45.451-07:00,,query_completed,outbound,get_commodity,ok,,periodic,6,0,,,,,0,success,
2026-08-16T05:46:45.452-07:00,,query_sent,outbound,query_operational_state,pending,,periodic,18,0,,,,,,,
2026-08-16T05:46:45.614-07:00,,link_ack,inbound,query_operational_state,ack,,link_layer,18,,,,,,,,
2026-08-16T05:46:45.738-07:00,,operational_state,inbound,query_operational_state,received,,device_response,19,4,,,4,Idle Curtailed,,,
2026-08-16T05:46:45.778-07:00,,query_completed,outbound,query_operational_state,ok,,periodic,18,0,,,,,,,
2026-08-16T05:47:14.800-07:00,,query_sent,outbound,query_operational_state,pending,,periodic,18,0,,,,,,,
2026-08-16T05:47:14.895-07:00,,link_ack,inbound,query_operational_state,ack,,link_layer,18,,,,,,,,
2026-08-16T05:47:15.020-07:00,,operational_state,inbound,query_operational_state,received,,device_response,19,4,,,4,Idle Curtailed,,,
2026-08-16T05:47:15.060-07:00,,query_completed,outbound,query_operational_state,ok,,periodic,18,0,,,,,,,
2026-08-16T05:47:45.083-07:00,,query_sent,outbound,get_commodity,pending,,periodic,6,0,,,,,,,
2026-08-16T05:47:45.181-07:00,,link_ack,inbound,get_commodity,ack,,link_layer,6,,,,,,,,
2026-08-16T05:47:45.350-07:00,,intermediate_response,inbound,get_commodity,success,,device_response,6,128,,,,,0,success,
2026-08-16T05:47:45.394-07:00,,query_completed,outbound,get_commodity,ok,,periodic,6,0,,,,,0,success,
2026-08-16T05:47:45.394-07:00,,query_sent,outbound,query_operational_state,pending,,periodic,18,0,,,,,,,
2026-08-16T05:47:45.557-07:00,,link_ack,inbound,query_operational_state,ack,,link_layer,18,,,,,,,,
2026-08-16T05:47:45.681-07:00,,operational_state,inbound,query_operational_state,received,,device_response,19,4,,,4,Idle Curtailed,,,
2026-08-16T05:47:45.722-07:00,,query_completed,outbound,query_operational_state,ok,,periodic,18,0,,,,,,,
2026-08-16T05:48:14.744-07:00,,query_sent,outbound,query_operational_state,pending,,periodic,18,0,,,,,,,
2026-08-16T05:48:14.841-07:00,,link_ack,inbound,query_operational_state,ack,,link_layer,18,,,,,,,,
2026-08-16T05:48:14.963-07:00,,operational_state,inbound,query_operational_state,received,,device_response,19,4,,,4,Idle Curtailed,,,
2026-08-16T05:48:15.004-07:00,,query_completed,outbound,query_operational_state,ok,,periodic,18,0,,,,,,,
2026-08-16T05:48:45.027-07:00,,query_sent,outbound,get_commodity,pending,,periodic,6,0,,,,,,,
2026-08-16T05:48:45.124-07:00,,link_ack,inbound,get_commodity,ack,,link_layer,6,,,,,,,,
2026-08-16T05:48:45.292-07:00,,intermediate_response,inbound,get_commodity,success,,device_response,6,128,,,,,0,success,
2026-08-16T05:48:45.336-07:00,,query_completed,outbound,get_commodity,ok,,periodic,6,0,,,,,0,success,
2026-08-16T05:48:45.336-07:00,,query_sent,outbound,query_operational_state,pending,,periodic,18,0,,,,,,,
2026-08-16T05:48:45.498-07:00,,link_ack,inbound,query_operational_state,ack,,link_layer,18,,,,,,,,
2026-08-16T05:48:45.621-07:00,,operational_state,inbound,query_operational_state,received,,device_response,19,4,,,4,Idle Curtailed,,,
2026-08-16T05:48:45.662-07:00,,query_completed,outbound,query_operational_state,ok,,periodic,18,0,,,,,,,
2026-08-16T05:49:14.684-07:00,,query_sent,outbound,query_operational_state,pending,,periodic,18,0,,,,,,,
2026-08-16T05:49:14.780-07:00,,link_ack,inbound,query_operational_state,ack,,link_layer,18,,,,,,,,
2026-08-16T05:49:14.903-07:00,,operational_state,inbound,query_operational_state,received,,device_response,19,4,,,4,Idle Curtailed,,,
2026-08-16T05:49:14.944-07:00,,query_completed,outbound,query_operational_state,ok,,periodic,18,0,,,,,,,
2026-08-16T05:49:15.945-07:00,auto_outside_comm_heartbeat_15,command_sent,outbound,outside_communication1,pending,0,schedule,14,0,,,,,,,
2026-08-16T05:49:16.008-07:00,,link_ack,inbound,outside_communication,ack,,link_layer,14,,,,,,,,
2026-08-16T05:49:16.132-07:00,,application_ack,inbound,outside_communication,ack,,application_layer,3,14,,,,,,,
2026-08-16T05:49:16.172-07:00,auto_outside_comm_heartbeat_15,command_completed,outbound,outside_communication1,ok,0,schedule,14,0,,,,,,,
2026-08-16T05:49:45.195-07:00,,query_sent,outbound,get_commodity,pending,,periodic,6,0,,,,,,,
2026-08-16T05:49:45.291-07:00,,link_ack,inbound,get_commodity,ack,,link_layer,6,,,,,,,,
2026-08-16T05:49:45.459-07:00,,intermediate_response,inbound,get_commodity,success,,device_response,6,128,,,,,0,success,
2026-08-16T05:49:45.502-07:00,,query_completed,outbound,get_commodity,ok,,periodic,6,0,,,,,0,success,
2026-08-16T05:49:45.503-07:00,,query_sent,outbound,query_operational_state,pending,,periodic,18,0,,,,,,,
2026-08-16T05:49:45.665-07:00,,link_ack,inbound,query_operational_state,ack,,link_layer,18,,,,,,,,
2026-08-16T05:49:45.790-07:00,,operational_state,inbound,query_operational_state,received,,device_response,19,4,,,4,Idle Curtailed,,,
2026-08-16T05:49:45.831-07:00,,query_completed,outbound,query_operational_state,ok,,periodic,18,0,,,,,,,
2026-08-16T05:50:14.852-07:00,,query_sent,outbound,query_operational_state,pending,,periodic,18,0,,,,,,,
2026-08-16T05:50:14.950-07:00,,link_ack,inbound,query_operational_state,ack,,link_layer,18,,,,,,,,
2026-08-16T05:50:15.073-07:00,,operational_state,inbound,query_operational_state,received,,device_response,19,4,,,4,Idle Curtailed,,,
2026-08-16T05:50:15.114-07:00,,query_completed,outbound,query_operational_state,ok,,periodic,18,0,,,,,,,
2026-08-16T05:50:45.136-07:00,,query_sent,outbound,get_commodity,pending,,periodic,6,0,,,,,,,
2026-08-16T05:50:45.233-07:00,,link_ack,inbound,get_commodity,ack,,link_layer,6,,,,,,,,
2026-08-16T05:50:45.401-07:00,,intermediate_response,inbound,get_commodity,success,,device_response,6,128,,,,,0,success,
2026-08-16T05:50:45.444-07:00,,query_completed,outbound,get_commodity,ok,,periodic,6,0,,,,,0,success,
2026-08-16T05:50:45.445-07:00,,query_sent,outbound,query_operational_state,pending,,periodic,18,0,,,,,,,
2026-08-16T05:50:45.606-07:00,,link_ack,inbound,query_operational_state,ack,,link_layer,18,,,,,,,,
2026-08-16T05:50:45.730-07:00,,operational_state,inbound,query_operational_state,received,,device_response,19,4,,,4,Idle Curtailed,,,
2026-08-16T05:50:45.771-07:00,,query_completed,outbound,query_operational_state,ok,,periodic,18,0,,,,,,,
2026-08-16T05:51:14.792-07:00,,query_sent,outbound,query_operational_state,pending,,periodic,18,0,,,,,,,
2026-08-16T05:51:14.892-07:00,,link_ack,inbound,query_operational_state,ack,,link_layer,18,,,,,,,,
2026-08-16T05:51:15.015-07:00,,operational_state,inbound,query_operational_state,received,,device_response,19,4,,,4,Idle Curtailed,,,
2026-08-16T05:51:15.055-07:00,,query_completed,outbound,query_operational_state,ok,,periodic,18,0,,,,,,,
2026-08-16T05:51:45.078-07:00,,query_sent,outbound,get_commodity,pending,,periodic,6,0,,,,,,,
2026-08-16T05:51:45.175-07:00,,link_ack,inbound,get_commodity,ack,,link_layer,6,,,,,,,,
2026-08-16T05:51:45.343-07:00,,intermediate_response,inbound,get_commodity,success,,device_response,6,128,,,,,0,success,
2026-08-16T05:51:45.386-07:00,,query_completed,outbound,get_commodity,ok,,periodic,6,0,,,,,0,success,
2026-08-16T05:51:45.386-07:00,,query_sent,outbound,query_operational_state,pending,,periodic,18,0,,,,,,,
2026-08-16T05:51:45.549-07:00,,link_ack,inbound,query_operational_state,ack,,link_layer,18,,,,,,,,
2026-08-16T05:51:45.674-07:00,,operational_state,inbound,query_operational_state,received,,device_response,19,4,,,4,Idle Curtailed,,,
2026-08-16T05:51:45.714-07:00,,query_completed,outbound,query_operational_state,ok,,periodic,18,0,,,,,,,
2026-08-16T05:52:14.734-07:00,,query_sent,outbound,query_operational_state,pending,,periodic,18,0,,,,,,,
2026-08-16T05:52:14.829-07:00,,link_ack,inbound,query_operational_state,ack,,link_layer,18,,,,,,,,
2026-08-16T05:52:14.953-07:00,,operational_state,inbound,query_operational_state,received,,device_response,19,4,,,4,Idle Curtailed,,,
2026-08-16T05:52:14.993-07:00,,query_completed,outbound,query_operational_state,ok,,periodic,18,0,,,,,,,
2026-08-16T05:52:45.016-07:00,,query_sent,outbound,get_commodity,pending,,periodic,6,0,,,,,,,
2026-08-16T05:52:45.113-07:00,,link_ack,inbound,get_commodity,ack,,link_layer,6,,,,,,,,
2026-08-16T05:52:45.281-07:00,,intermediate_response,inbound,get_commodity,success,,device_response,6,128,,,,,0,success,
2026-08-16T05:52:45.325-07:00,,query_completed,outbound,get_commodity,ok,,periodic,6,0,,,,,0,success,
2026-08-16T05:52:45.325-07:00,,query_sent,outbound,query_operational_state,pending,,periodic,18,0,,,,,,,
2026-08-16T05:52:45.487-07:00,,link_ack,inbound,query_operational_state,ack,,link_layer,18,,,,,,,,
2026-08-16T05:52:45.612-07:00,,operational_state,inbound,query_operational_state,received,,device_response,19,4,,,4,Idle Curtailed,,,
2026-08-16T05:52:45.652-07:00,,query_completed,outbound,query_operational_state,ok,,periodic,18,0,,,,,,,
2026-08-16T05:53:14.674-07:00,,query_sent,outbound,query_operational_state,pending,,periodic,18,0,,,,,,,
2026-08-16T05:53:14.770-07:00,,link_ack,inbound,query_operational_state,ack,,link_layer,18,,,,,,,,
2026-08-16T05:53:14.894-07:00,,operational_state,inbound,query_operational_state,received,,device_response,19,4,,,4,Idle Curtailed,,,
2026-08-16T05:53:14.934-07:00,,query_completed,outbound,query_operational_state,ok,,periodic,18,0,,,,,,,
2026-08-16T05:53:44.956-07:00,,query_sent,outbound,get_commodity,pending,,periodic,6,0,,,,,,,
2026-08-16T05:53:45.055-07:00,,link_ack,inbound,get_commodity,ack,,link_layer,6,,,,,,,,
2026-08-16T05:53:45.224-07:00,,intermediate_response,inbound,get_commodity,success,,device_response,6,128,,,,,0,success,
2026-08-16T05:53:45.268-07:00,,query_completed,outbound,get_commodity,ok,,periodic,6,0,,,,,0,success,
2026-08-16T05:53:45.268-07:00,,query_sent,outbound,query_operational_state,pending,,periodic,18,0,,,,,,,
2026-08-16T05:53:45.431-07:00,,link_ack,inbound,query_operational_state,ack,,link_layer,18,,,,,,,,
2026-08-16T05:53:45.555-07:00,,operational_state,inbound,query_operational_state,received,,device_response,19,4,,,4,Idle Curtailed,,,
2026-08-16T05:53:45.595-07:00,,query_completed,outbound,query_operational_state,ok,,periodic,18,0,,,,,,,
2026-08-16T05:54:15.618-07:00,,query_sent,outbound,query_operational_state,pending,,periodic,18,0,,,,,,,
2026-08-16T05:54:15.716-07:00,,link_ack,inbound,query_operational_state,ack,,link_layer,18,,,,,,,,
2026-08-16T05:54:15.840-07:00,,operational_state,inbound,query_operational_state,received,,device_response,19,4,,,4,Idle Curtailed,,,
2026-08-16T05:54:15.881-07:00,,query_completed,outbound,query_operational_state,ok,,periodic,18,0,,,,,,,
2026-08-16T05:54:44.902-07:00,,query_sent,outbound,get_commodity,pending,,periodic,6,0,,,,,,,
2026-08-16T05:54:44.998-07:00,,link_ack,inbound,get_commodity,ack,,link_layer,6,,,,,,,,
2026-08-16T05:54:45.168-07:00,,intermediate_response,inbound,get_commodity,success,,device_response,6,128,,,,,0,success,
2026-08-16T05:54:45.211-07:00,,query_completed,outbound,get_commodity,ok,,periodic,6,0,,,,,0,success,
2026-08-16T05:54:45.212-07:00,,query_sent,outbound,query_operational_state,pending,,periodic,18,0,,,,,,,
2026-08-16T05:54:45.374-07:00,,link_ack,inbound,query_operational_state,ack,,link_layer,18,,,,,,,,
2026-08-16T05:54:45.498-07:00,,operational_state,inbound,query_operational_state,received,,device_response,19,4,,,4,Idle Curtailed,,,
2026-08-16T05:54:45.538-07:00,,query_completed,outbound,query_operational_state,ok,,periodic,18,0,,,,,,,
2026-08-16T05:55:15.561-07:00,,query_sent,outbound,query_operational_state,pending,,periodic,18,0,,,,,,,
2026-08-16T05:55:15.658-07:00,,link_ack,inbound,query_operational_state,ack,,link_layer,18,,,,,,,,
2026-08-16T05:55:15.783-07:00,,operational_state,inbound,query_operational_state,received,,device_response,19,4,,,4,Idle Curtailed,,,
2026-08-16T05:55:15.823-07:00,,query_completed,outbound,query_operational_state,ok,,periodic,18,0,,,,,,,
2026-08-16T05:55:44.845-07:00,,query_sent,outbound,get_commodity,pending,,periodic,6,0,,,,,,,
2026-08-16T05:55:44.947-07:00,,link_ack,inbound,get_commodity,ack,,link_layer,6,,,,,,,,
2026-08-16T05:55:45.115-07:00,,intermediate_response,inbound,get_commodity,success,,device_response,6,128,,,,,0,success,
2026-08-16T05:55:45.159-07:00,,query_completed,outbound,get_commodity,ok,,periodic,6,0,,,,,0,success,
2026-08-16T05:55:45.159-07:00,,query_sent,outbound,query_operational_state,pending,,periodic,18,0,,,,,,,
2026-08-16T05:55:45.321-07:00,,link_ack,inbound,query_operational_state,ack,,link_layer,18,,,,,,,,
2026-08-16T05:55:45.444-07:00,,operational_state,inbound,query_operational_state,received,,device_response,19,4,,,4,Idle Curtailed,,,
2026-08-16T05:55:45.485-07:00,,query_completed,outbound,query_operational_state,ok,,periodic,18,0,,,,,,,
2026-08-16T05:56:15.507-07:00,,query_sent,outbound,query_operational_state,pending,,periodic,18,0,,,,,,,
2026-08-16T05:56:15.608-07:00,,link_ack,inbound,query_operational_state,ack,,link_layer,18,,,,,,,,
2026-08-16T05:56:15.732-07:00,,operational_state,inbound,query_operational_state,received,,device_response,19,4,,,4,Idle Curtailed,,,
2026-08-16T05:56:15.772-07:00,,query_completed,outbound,query_operational_state,ok,,periodic,18,0,,,,,,,
2026-08-16T05:56:44.794-07:00,,query_sent,outbound,get_commodity,pending,,periodic,6,0,,,,,,,
2026-08-16T05:56:44.892-07:00,,link_ack,inbound,get_commodity,ack,,link_layer,6,,,,,,,,
2026-08-16T05:56:45.059-07:00,,intermediate_response,inbound,get_commodity,success,,device_response,6,128,,,,,0,success,
2026-08-16T05:56:45.103-07:00,,query_completed,outbound,get_commodity,ok,,periodic,6,0,,,,,0,success,
2026-08-16T05:56:45.103-07:00,,query_sent,outbound,query_operational_state,pending,,periodic,18,0,,,,,,,
2026-08-16T05:56:45.265-07:00,,link_ack,inbound,query_operational_state,ack,,link_layer,18,,,,,,,,
2026-08-16T05:56:45.388-07:00,,operational_state,inbound,query_operational_state,received,,device_response,19,4,,,4,Idle Curtailed,,,
2026-08-16T05:56:45.429-07:00,,query_completed,outbound,query_operational_state,ok,,periodic,18,0,,,,,,,
2026-08-16T05:57:15.449-07:00,,query_sent,outbound,query_operational_state,pending,,periodic,18,0,,,,,,,
2026-08-16T05:57:15.548-07:00,,link_ack,inbound,query_operational_state,ack,,link_layer,18,,,,,,,,
2026-08-16T05:57:15.671-07:00,,operational_state,inbound,query_operational_state,received,,device_response,19,4,,,4,Idle Curtailed,,,
2026-08-16T05:57:15.712-07:00,,query_completed,outbound,query_operational_state,ok,,periodic,18,0,,,,,,,
2026-08-16T05:57:44.734-07:00,,query_sent,outbound,get_commodity,pending,,periodic,6,0,,,,,,,
2026-08-16T05:57:44.833-07:00,,link_ack,inbound,get_commodity,ack,,link_layer,6,,,,,,,,
2026-08-16T05:57:45.001-07:00,,intermediate_response,inbound,get_commodity,success,,device_response,6,128,,,,,0,success,
2026-08-16T05:57:45.045-07:00,,query_completed,outbound,get_commodity,ok,,periodic,6,0,,,,,0,success,
2026-08-16T05:57:45.045-07:00,,query_sent,outbound,query_operational_state,pending,,periodic,18,0,,,,,,,
2026-08-16T05:57:45.209-07:00,,link_ack,inbound,query_operational_state,ack,,link_layer,18,,,,,,,,
2026-08-16T05:57:45.332-07:00,,operational_state,inbound,query_operational_state,received,,device_response,19,4,,,4,Idle Curtailed,,,
2026-08-16T05:57:45.373-07:00,,query_completed,outbound,query_operational_state,ok,,periodic,18,0,,,,,,,
2026-08-16T05:58:15.396-07:00,,query_sent,outbound,query_operational_state,pending,,periodic,18,0,,,,,,,
2026-08-16T05:58:15.497-07:00,,link_ack,inbound,query_operational_state,ack,,link_layer,18,,,,,,,,
2026-08-16T05:58:15.621-07:00,,operational_state,inbound,query_operational_state,received,,device_response,19,4,,,4,Idle Curtailed,,,
2026-08-16T05:58:15.661-07:00,,query_completed,outbound,query_operational_state,ok,,periodic,18,0,,,,,,,
2026-08-16T05:58:44.683-07:00,,query_sent,outbound,get_commodity,pending,,periodic,6,0,,,,,,,
2026-08-16T05:58:44.779-07:00,,link_ack,inbound,get_commodity,ack,,link_layer,6,,,,,,,,
2026-08-16T05:58:44.950-07:00,,intermediate_response,inbound,get_commodity,success,,device_response,6,128,,,,,0,success,
2026-08-16T05:58:44.993-07:00,,query_completed,outbound,get_commodity,ok,,periodic,6,0,,,,,0,success,
2026-08-16T05:58:44.993-07:00,,query_sent,outbound,query_operational_state,pending,,periodic,18,0,,,,,,,
2026-08-16T05:58:45.157-07:00,,link_ack,inbound,query_operational_state,ack,,link_layer,18,,,,,,,,
2026-08-16T05:58:45.281-07:00,,operational_state,inbound,query_operational_state,received,,device_response,19,4,,,4,Idle Curtailed,,,
2026-08-16T05:58:45.322-07:00,,query_completed,outbound,query_operational_state,ok,,periodic,18,0,,,,,,,
2026-08-16T05:59:15.344-07:00,,query_sent,outbound,query_operational_state,pending,,periodic,18,0,,,,,,,
2026-08-16T05:59:15.446-07:00,,link_ack,inbound,query_operational_state,ack,,link_layer,18,,,,,,,,
2026-08-16T05:59:15.569-07:00,,operational_state,inbound,query_operational_state,received,,device_response,19,4,,,4,Idle Curtailed,,,
2026-08-16T05:59:15.609-07:00,,query_completed,outbound,query_operational_state,ok,,periodic,18,0,,,,,,,
2026-08-16T05:59:45.631-07:00,,query_sent,outbound,get_commodity,pending,,periodic,6,0,,,,,,,
2026-08-16T05:59:45.729-07:00,,link_ack,inbound,get_commodity,ack,,link_layer,6,,,,,,,,
2026-08-16T05:59:45.897-07:00,,intermediate_response,inbound,get_commodity,success,,device_response,6,128,,,,,0,success,
2026-08-16T05:59:45.941-07:00,,query_completed,outbound,get_commodity,ok,,periodic,6,0,,,,,0,success,
2026-08-16T05:59:45.941-07:00,,query_sent,outbound,query_operational_state,pending,,periodic,18,0,,,,,,,
2026-08-16T05:59:46.103-07:00,,link_ack,inbound,query_operational_state,ack,,link_layer,18,,,,,,,,
2026-08-16T05:59:46.226-07:00,,operational_state,inbound,query_operational_state,received,,device_response,19,4,,,4,Idle Curtailed,,,
2026-08-16T05:59:46.267-07:00,,query_completed,outbound,query_operational_state,ok,,periodic,18,0,,,,,,,
2026-08-16T06:00:15.288-07:00,,query_sent,outbound,query_operational_state,pending,,periodic,18,0,,,,,,,
2026-08-16T06:00:15.388-07:00,,link_ack,inbound,query_operational_state,ack,,link_layer,18,,,,,,,,
2026-08-16T06:00:15.511-07:00,,operational_state,inbound,query_operational_state,received,,device_response,19,4,,,4,Idle Curtailed,,,
2026-08-16T06:00:15.551-07:00,,query_completed,outbound,query_operational_state,ok,,periodic,18,0,,,,,,,
2026-08-16T06:00:45.574-07:00,,query_sent,outbound,get_commodity,pending,,periodic,6,0,,,,,,,
2026-08-16T06:00:45.672-07:00,,link_ack,inbound,get_commodity,ack,,link_layer,6,,,,,,,,
2026-08-16T06:00:45.840-07:00,,intermediate_response,inbound,get_commodity,success,,device_response,6,128,,,,,0,success,
2026-08-16T06:00:45.884-07:00,,query_completed,outbound,get_commodity,ok,,periodic,6,0,,,,,0,success,
2026-08-16T06:00:45.884-07:00,,query_sent,outbound,query_operational_state,pending,,periodic,18,0,,,,,,,
2026-08-16T06:00:46.048-07:00,,link_ack,inbound,query_operational_state,ack,,link_layer,18,,,,,,,,
2026-08-16T06:00:46.171-07:00,,operational_state,inbound,query_operational_state,received,,device_response,19,4,,,4,Idle Curtailed,,,
2026-08-16T06:00:46.212-07:00,,query_completed,outbound,query_operational_state,ok,,periodic,18,0,,,,,,,
2026-08-16T06:01:15.234-07:00,,query_sent,outbound,query_operational_state,pending,,periodic,18,0,,,,,,,
2026-08-16T06:01:15.329-07:00,,link_ack,inbound,query_operational_state,ack,,link_layer,18,,,,,,,,
2026-08-16T06:01:15.452-07:00,,operational_state,inbound,query_operational_state,received,,device_response,19,4,,,4,Idle Curtailed,,,
2026-08-16T06:01:15.493-07:00,,query_completed,outbound,query_operational_state,ok,,periodic,18,0,,,,,,,
2026-08-16T06:01:45.515-07:00,,query_sent,outbound,get_commodity,pending,,periodic,6,0,,,,,,,
2026-08-16T06:01:45.612-07:00,,link_ack,inbound,get_commodity,ack,,link_layer,6,,,,,,,,
2026-08-16T06:01:45.781-07:00,,intermediate_response,inbound,get_commodity,success,,device_response,6,128,,,,,0,success,
2026-08-16T06:01:45.824-07:00,,query_completed,outbound,get_commodity,ok,,periodic,6,0,,,,,0,success,
2026-08-16T06:01:45.824-07:00,,query_sent,outbound,query_operational_state,pending,,periodic,18,0,,,,,,,
2026-08-16T06:01:45.987-07:00,,link_ack,inbound,query_operational_state,ack,,link_layer,18,,,,,,,,
2026-08-16T06:01:46.110-07:00,,operational_state,inbound,query_operational_state,received,,device_response,19,4,,,4,Idle Curtailed,,,
2026-08-16T06:01:46.151-07:00,,query_completed,outbound,query_operational_state,ok,,periodic,18,0,,,,,,,
2026-08-16T06:02:15.172-07:00,,query_sent,outbound,query_operational_state,pending,,periodic,18,0,,,,,,,
2026-08-16T06:02:15.269-07:00,,link_ack,inbound,query_operational_state,ack,,link_layer,18,,,,,,,,
2026-08-16T06:02:15.392-07:00,,operational_state,inbound,query_operational_state,received,,device_response,19,4,,,4,Idle Curtailed,,,
2026-08-16T06:02:15.433-07:00,,query_completed,outbound,query_operational_state,ok,,periodic,18,0,,,,,,,
2026-08-16T06:02:45.455-07:00,auto_outside_comm_heartbeat_16,command_sent,outbound,outside_communication1,pending,0,schedule,14,0,,,,,,,
2026-08-16T06:02:45.553-07:00,,link_ack,inbound,outside_communication,ack,,link_layer,14,,,,,,,,
2026-08-16T06:02:45.677-07:00,,application_ack,inbound,outside_communication,ack,,application_layer,3,14,,,,,,,
2026-08-16T06:02:45.718-07:00,auto_outside_comm_heartbeat_16,command_completed,outbound,outside_communication1,ok,0,schedule,14,0,,,,,,,
2026-08-16T06:02:45.719-07:00,,query_sent,outbound,get_commodity,pending,,periodic,6,0,,,,,,,
2026-08-16T06:02:45.882-07:00,,link_ack,inbound,get_commodity,ack,,link_layer,6,,,,,,,,
2026-08-16T06:02:46.050-07:00,,intermediate_response,inbound,get_commodity,success,,device_response,6,128,,,,,0,success,
2026-08-16T06:02:46.094-07:00,,query_completed,outbound,get_commodity,ok,,periodic,6,0,,,,,0,success,
2026-08-16T06:02:46.094-07:00,,query_sent,outbound,query_operational_state,pending,,periodic,18,0,,,,,,,
2026-08-16T06:02:46.256-07:00,,link_ack,inbound,query_operational_state,ack,,link_layer,18,,,,,,,,
2026-08-16T06:02:46.380-07:00,,operational_state,inbound,query_operational_state,received,,device_response,19,4,,,4,Idle Curtailed,,,
2026-08-16T06:02:46.421-07:00,,query_completed,outbound,query_operational_state,ok,,periodic,18,0,,,,,,,
2026-08-16T06:03:15.442-07:00,,query_sent,outbound,query_operational_state,pending,,periodic,18,0,,,,,,,
2026-08-16T06:03:15.538-07:00,,link_ack,inbound,query_operational_state,ack,,link_layer,18,,,,,,,,
2026-08-16T06:03:15.662-07:00,,operational_state,inbound,query_operational_state,received,,device_response,19,4,,,4,Idle Curtailed,,,
2026-08-16T06:03:15.703-07:00,,query_completed,outbound,query_operational_state,ok,,periodic,18,0,,,,,,,
2026-08-16T06:03:44.723-07:00,,query_sent,outbound,get_commodity,pending,,periodic,6,0,,,,,,,
2026-08-16T06:03:44.819-07:00,,link_ack,inbound,get_commodity,ack,,link_layer,6,,,,,,,,
2026-08-16T06:03:44.989-07:00,,intermediate_response,inbound,get_commodity,success,,device_response,6,128,,,,,0,success,
2026-08-16T06:03:45.032-07:00,,query_completed,outbound,get_commodity,ok,,periodic,6,0,,,,,0,success,
2026-08-16T06:03:45.032-07:00,,query_sent,outbound,query_operational_state,pending,,periodic,18,0,,,,,,,
2026-08-16T06:03:45.195-07:00,,link_ack,inbound,query_operational_state,ack,,link_layer,18,,,,,,,,
2026-08-16T06:03:45.318-07:00,,operational_state,inbound,query_operational_state,received,,device_response,19,4,,,4,Idle Curtailed,,,
2026-08-16T06:03:45.359-07:00,,query_completed,outbound,query_operational_state,ok,,periodic,18,0,,,,,,,
2026-08-16T06:04:15.380-07:00,,query_sent,outbound,query_operational_state,pending,,periodic,18,0,,,,,,,
2026-08-16T06:04:15.479-07:00,,link_ack,inbound,query_operational_state,ack,,link_layer,18,,,,,,,,
2026-08-16T06:04:15.603-07:00,,operational_state,inbound,query_operational_state,received,,device_response,19,4,,,4,Idle Curtailed,,,
2026-08-16T06:04:15.644-07:00,,query_completed,outbound,query_operational_state,ok,,periodic,18,0,,,,,,,
2026-08-16T06:04:44.664-07:00,,query_sent,outbound,get_commodity,pending,,periodic,6,0,,,,,,,
2026-08-16T06:04:44.760-07:00,,link_ack,inbound,get_commodity,ack,,link_layer,6,,,,,,,,
2026-08-16T06:04:44.931-07:00,,intermediate_response,inbound,get_commodity,success,,device_response,6,128,,,,,0,success,
2026-08-16T06:04:44.974-07:00,,query_completed,outbound,get_commodity,ok,,periodic,6,0,,,,,0,success,
2026-08-16T06:04:44.974-07:00,,query_sent,outbound,query_operational_state,pending,,periodic,18,0,,,,,,,
2026-08-16T06:04:45.136-07:00,,link_ack,inbound,query_operational_state,ack,,link_layer,18,,,,,,,,
2026-08-16T06:04:45.260-07:00,,operational_state,inbound,query_operational_state,received,,device_response,19,4,,,4,Idle Curtailed,,,
2026-08-16T06:04:45.300-07:00,,query_completed,outbound,query_operational_state,ok,,periodic,18,0,,,,,,,
2026-08-16T06:05:15.322-07:00,,query_sent,outbound,query_operational_state,pending,,periodic,18,0,,,,,,,
2026-08-16T06:05:15.419-07:00,,link_ack,inbound,query_operational_state,ack,,link_layer,18,,,,,,,,
2026-08-16T06:05:15.542-07:00,,operational_state,inbound,query_operational_state,received,,device_response,19,4,,,4,Idle Curtailed,,,
2026-08-16T06:05:15.582-07:00,,query_completed,outbound,query_operational_state,ok,,periodic,18,0,,,,,,,
2026-08-16T06:05:45.604-07:00,,query_sent,outbound,get_commodity,pending,,periodic,6,0,,,,,,,
2026-08-16T06:05:45.703-07:00,,link_ack,inbound,get_commodity,ack,,link_layer,6,,,,,,,,
2026-08-16T06:05:45.871-07:00,,intermediate_response,inbound,get_commodity,success,,device_response,6,128,,,,,0,success,
2026-08-16T06:05:45.914-07:00,,query_completed,outbound,get_commodity,ok,,periodic,6,0,,,,,0,success,
2026-08-16T06:05:45.915-07:00,,query_sent,outbound,query_operational_state,pending,,periodic,18,0,,,,,,,
2026-08-16T06:05:46.079-07:00,,link_ack,inbound,query_operational_state,ack,,link_layer,18,,,,,,,,
2026-08-16T06:05:46.202-07:00,,operational_state,inbound,query_operational_state,received,,device_response,19,4,,,4,Idle Curtailed,,,
2026-08-16T06:05:46.243-07:00,,query_completed,outbound,query_operational_state,ok,,periodic,18,0,,,,,,,
2026-08-16T06:06:15.263-07:00,,query_sent,outbound,query_operational_state,pending,,periodic,18,0,,,,,,,
2026-08-16T06:06:15.363-07:00,,link_ack,inbound,query_operational_state,ack,,link_layer,18,,,,,,,,
2026-08-16T06:06:15.487-07:00,,operational_state,inbound,query_operational_state,received,,device_response,19,4,,,4,Idle Curtailed,,,
2026-08-16T06:06:15.528-07:00,,query_completed,outbound,query_operational_state,ok,,periodic,18,0,,,,,,,
2026-08-16T06:06:45.549-07:00,,query_sent,outbound,get_commodity,pending,,periodic,6,0,,,,,,,
2026-08-16T06:06:45.649-07:00,,link_ack,inbound,get_commodity,ack,,link_layer,6,,,,,,,,
2026-08-16T06:06:45.818-07:00,,intermediate_response,inbound,get_commodity,success,,device_response,6,128,,,,,0,success,
2026-08-16T06:06:45.862-07:00,,query_completed,outbound,get_commodity,ok,,periodic,6,0,,,,,0,success,
2026-08-16T06:06:45.862-07:00,,query_sent,outbound,query_operational_state,pending,,periodic,18,0,,,,,,,
2026-08-16T06:06:46.024-07:00,,link_ack,inbound,query_operational_state,ack,,link_layer,18,,,,,,,,
2026-08-16T06:06:46.148-07:00,,operational_state,inbound,query_operational_state,received,,device_response,19,4,,,4,Idle Curtailed,,,
2026-08-16T06:06:46.188-07:00,,query_completed,outbound,query_operational_state,ok,,periodic,18,0,,,,,,,
2026-08-16T06:07:15.209-07:00,,query_sent,outbound,query_operational_state,pending,,periodic,18,0,,,,,,,
2026-08-16T06:07:15.309-07:00,,link_ack,inbound,query_operational_state,ack,,link_layer,18,,,,,,,,
2026-08-16T06:07:15.432-07:00,,operational_state,inbound,query_operational_state,received,,device_response,19,4,,,4,Idle Curtailed,,,
2026-08-16T06:07:15.473-07:00,,query_completed,outbound,query_operational_state,ok,,periodic,18,0,,,,,,,
2026-08-16T06:07:45.495-07:00,,query_sent,outbound,get_commodity,pending,,periodic,6,0,,,,,,,
2026-08-16T06:07:45.592-07:00,,link_ack,inbound,get_commodity,ack,,link_layer,6,,,,,,,,
2026-08-16T06:07:45.760-07:00,,intermediate_response,inbound,get_commodity,success,,device_response,6,128,,,,,0,success,
2026-08-16T06:07:45.804-07:00,,query_completed,outbound,get_commodity,ok,,periodic,6,0,,,,,0,success,
2026-08-16T06:07:45.804-07:00,,query_sent,outbound,query_operational_state,pending,,periodic,18,0,,,,,,,
2026-08-16T06:07:45.967-07:00,,link_ack,inbound,query_operational_state,ack,,link_layer,18,,,,,,,,
2026-08-16T06:07:46.091-07:00,,operational_state,inbound,query_operational_state,received,,device_response,19,4,,,4,Idle Curtailed,,,
2026-08-16T06:07:46.132-07:00,,query_completed,outbound,query_operational_state,ok,,periodic,18,0,,,,,,,
2026-08-16T06:08:15.153-07:00,,query_sent,outbound,query_operational_state,pending,,periodic,18,0,,,,,,,
2026-08-16T06:08:15.252-07:00,,link_ack,inbound,query_operational_state,ack,,link_layer,18,,,,,,,,
2026-08-16T06:08:15.376-07:00,,operational_state,inbound,query_operational_state,received,,device_response,19,4,,,4,Idle Curtailed,,,
2026-08-16T06:08:15.417-07:00,,query_completed,outbound,query_operational_state,ok,,periodic,18,0,,,,,,,
2026-08-16T06:08:45.438-07:00,,query_sent,outbound,get_commodity,pending,,periodic,6,0,,,,,,,
2026-08-16T06:08:45.537-07:00,,link_ack,inbound,get_commodity,ack,,link_layer,6,,,,,,,,
2026-08-16T06:08:45.705-07:00,,intermediate_response,inbound,get_commodity,success,,device_response,6,128,,,,,0,success,
2026-08-16T06:08:45.750-07:00,,query_completed,outbound,get_commodity,ok,,periodic,6,0,,,,,0,success,
2026-08-16T06:08:45.750-07:00,,query_sent,outbound,query_operational_state,pending,,periodic,18,0,,,,,,,
2026-08-16T06:08:45.911-07:00,,link_ack,inbound,query_operational_state,ack,,link_layer,18,,,,,,,,
2026-08-16T06:08:46.036-07:00,,operational_state,inbound,query_operational_state,received,,device_response,19,4,,,4,Idle Curtailed,,,
2026-08-16T06:08:46.077-07:00,,query_completed,outbound,query_operational_state,ok,,periodic,18,0,,,,,,,
2026-08-16T06:09:15.098-07:00,,query_sent,outbound,query_operational_state,pending,,periodic,18,0,,,,,,,
2026-08-16T06:09:15.197-07:00,,link_ack,inbound,query_operational_state,ack,,link_layer,18,,,,,,,,
2026-08-16T06:09:15.321-07:00,,operational_state,inbound,query_operational_state,received,,device_response,19,4,,,4,Idle Curtailed,,,
2026-08-16T06:09:15.362-07:00,,query_completed,outbound,query_operational_state,ok,,periodic,18,0,,,,,,,
2026-08-16T06:09:45.383-07:00,,query_sent,outbound,get_commodity,pending,,periodic,6,0,,,,,,,
2026-08-16T06:09:45.484-07:00,,link_ack,inbound,get_commodity,ack,,link_layer,6,,,,,,,,
2026-08-16T06:09:45.653-07:00,,intermediate_response,inbound,get_commodity,success,,device_response,6,128,,,,,0,success,
2026-08-16T06:09:45.696-07:00,,query_completed,outbound,get_commodity,ok,,periodic,6,0,,,,,0,success,
2026-08-16T06:09:45.697-07:00,,query_sent,outbound,query_operational_state,pending,,periodic,18,0,,,,,,,
2026-08-16T06:09:45.859-07:00,,link_ack,inbound,query_operational_state,ack,,link_layer,18,,,,,,,,
2026-08-16T06:09:45.982-07:00,,operational_state,inbound,query_operational_state,received,,device_response,19,4,,,4,Idle Curtailed,,,
2026-08-16T06:09:46.023-07:00,,query_completed,outbound,query_operational_state,ok,,periodic,18,0,,,,,,,
2026-08-16T06:10:15.044-07:00,,query_sent,outbound,query_operational_state,pending,,periodic,18,0,,,,,,,
2026-08-16T06:10:15.143-07:00,,link_ack,inbound,query_operational_state,ack,,link_layer,18,,,,,,,,
2026-08-16T06:10:15.266-07:00,,operational_state,inbound,query_operational_state,received,,device_response,19,4,,,4,Idle Curtailed,,,
2026-08-16T06:10:15.307-07:00,,query_completed,outbound,query_operational_state,ok,,periodic,18,0,,,,,,,
2026-08-16T06:10:45.328-07:00,,query_sent,outbound,get_commodity,pending,,periodic,6,0,,,,,,,
2026-08-16T06:10:45.429-07:00,,link_ack,inbound,get_commodity,ack,,link_layer,6,,,,,,,,
2026-08-16T06:10:45.598-07:00,,intermediate_response,inbound,get_commodity,success,,device_response,6,128,,,,,0,success,
2026-08-16T06:10:45.642-07:00,,query_completed,outbound,get_commodity,ok,,periodic,6,0,,,,,0,success,
2026-08-16T06:10:45.642-07:00,,query_sent,outbound,query_operational_state,pending,,periodic,18,0,,,,,,,
2026-08-16T06:10:45.805-07:00,,link_ack,inbound,query_operational_state,ack,,link_layer,18,,,,,,,,
2026-08-16T06:10:45.930-07:00,,operational_state,inbound,query_operational_state,received,,device_response,19,4,,,4,Idle Curtailed,,,
2026-08-16T06:10:45.970-07:00,,query_completed,outbound,query_operational_state,ok,,periodic,18,0,,,,,,,
2026-08-16T06:11:14.991-07:00,,query_sent,outbound,query_operational_state,pending,,periodic,18,0,,,,,,,
2026-08-16T06:11:15.090-07:00,,link_ack,inbound,query_operational_state,ack,,link_layer,18,,,,,,,,
2026-08-16T06:11:15.215-07:00,,operational_state,inbound,query_operational_state,received,,device_response,19,4,,,4,Idle Curtailed,,,
2026-08-16T06:11:15.256-07:00,,query_completed,outbound,query_operational_state,ok,,periodic,18,0,,,,,,,
2026-08-16T06:11:45.277-07:00,,query_sent,outbound,get_commodity,pending,,periodic,6,0,,,,,,,
2026-08-16T06:11:45.376-07:00,,link_ack,inbound,get_commodity,ack,,link_layer,6,,,,,,,,
2026-08-16T06:11:45.545-07:00,,intermediate_response,inbound,get_commodity,success,,device_response,6,128,,,,,0,success,
2026-08-16T06:11:45.589-07:00,,query_completed,outbound,get_commodity,ok,,periodic,6,0,,,,,0,success,
2026-08-16T06:11:45.589-07:00,,query_sent,outbound,query_operational_state,pending,,periodic,18,0,,,,,,,
2026-08-16T06:11:45.751-07:00,,link_ack,inbound,query_operational_state,ack,,link_layer,18,,,,,,,,
2026-08-16T06:11:45.875-07:00,,operational_state,inbound,query_operational_state,received,,device_response,19,4,,,4,Idle Curtailed,,,
2026-08-16T06:11:45.915-07:00,,query_completed,outbound,query_operational_state,ok,,periodic,18,0,,,,,,,
2026-08-16T06:12:14.936-07:00,,query_sent,outbound,query_operational_state,pending,,periodic,18,0,,,,,,,
2026-08-16T06:12:15.036-07:00,,link_ack,inbound,query_operational_state,ack,,link_layer,18,,,,,,,,
2026-08-16T06:12:15.160-07:00,,operational_state,inbound,query_operational_state,received,,device_response,19,4,,,4,Idle Curtailed,,,
2026-08-16T06:12:15.201-07:00,,query_completed,outbound,query_operational_state,ok,,periodic,18,0,,,,,,,
2026-08-16T06:12:45.222-07:00,,query_sent,outbound,get_commodity,pending,,periodic,6,0,,,,,,,
2026-08-16T06:12:45.323-07:00,,link_ack,inbound,get_commodity,ack,,link_layer,6,,,,,,,,
2026-08-16T06:12:45.492-07:00,,intermediate_response,inbound,get_commodity,success,,device_response,6,128,,,,,0,success,
2026-08-16T06:12:45.535-07:00,,query_completed,outbound,get_commodity,ok,,periodic,6,0,,,,,0,success,
2026-08-16T06:12:45.536-07:00,,query_sent,outbound,query_operational_state,pending,,periodic,18,0,,,,,,,
2026-08-16T06:12:45.698-07:00,,link_ack,inbound,query_operational_state,ack,,link_layer,18,,,,,,,,
2026-08-16T06:12:45.821-07:00,,operational_state,inbound,query_operational_state,received,,device_response,19,4,,,4,Idle Curtailed,,,
2026-08-16T06:12:45.862-07:00,,query_completed,outbound,query_operational_state,ok,,periodic,18,0,,,,,,,
2026-08-16T06:13:14.883-07:00,,query_sent,outbound,query_operational_state,pending,,periodic,18,0,,,,,,,
2026-08-16T06:13:14.982-07:00,,link_ack,inbound,query_operational_state,ack,,link_layer,18,,,,,,,,
2026-08-16T06:13:15.105-07:00,,operational_state,inbound,query_operational_state,received,,device_response,19,4,,,4,Idle Curtailed,,,
2026-08-16T06:13:15.146-07:00,,query_completed,outbound,query_operational_state,ok,,periodic,18,0,,,,,,,
2026-08-16T06:13:45.167-07:00,,query_sent,outbound,get_commodity,pending,,periodic,6,0,,,,,,,
2026-08-16T06:13:45.267-07:00,,link_ack,inbound,get_commodity,ack,,link_layer,6,,,,,,,,
2026-08-16T06:13:45.437-07:00,,intermediate_response,inbound,get_commodity,success,,device_response,6,128,,,,,0,success,
2026-08-16T06:13:45.481-07:00,,query_completed,outbound,get_commodity,ok,,periodic,6,0,,,,,0,success,
2026-08-16T06:13:45.481-07:00,,query_sent,outbound,query_operational_state,pending,,periodic,18,0,,,,,,,
2026-08-16T06:13:45.644-07:00,,link_ack,inbound,query_operational_state,ack,,link_layer,18,,,,,,,,
2026-08-16T06:13:45.769-07:00,,operational_state,inbound,query_operational_state,received,,device_response,19,4,,,4,Idle Curtailed,,,
2026-08-16T06:13:45.809-07:00,,query_completed,outbound,query_operational_state,ok,,periodic,18,0,,,,,,,
2026-08-16T06:14:14.830-07:00,,query_sent,outbound,query_operational_state,pending,,periodic,18,0,,,,,,,
2026-08-16T06:14:14.929-07:00,,link_ack,inbound,query_operational_state,ack,,link_layer,18,,,,,,,,
2026-08-16T06:14:15.054-07:00,,operational_state,inbound,query_operational_state,received,,device_response,19,4,,,4,Idle Curtailed,,,
2026-08-16T06:14:15.094-07:00,,query_completed,outbound,query_operational_state,ok,,periodic,18,0,,,,,,,
2026-08-16T06:14:45.116-07:00,,query_sent,outbound,get_commodity,pending,,periodic,6,0,,,,,,,
2026-08-16T06:14:45.216-07:00,,link_ack,inbound,get_commodity,ack,,link_layer,6,,,,,,,,
2026-08-16T06:14:45.387-07:00,,intermediate_response,inbound,get_commodity,success,,device_response,6,128,,,,,0,success,
2026-08-16T06:14:45.430-07:00,,query_completed,outbound,get_commodity,ok,,periodic,6,0,,,,,0,success,
2026-08-16T06:14:45.430-07:00,,query_sent,outbound,query_operational_state,pending,,periodic,18,0,,,,,,,
2026-08-16T06:14:45.592-07:00,,link_ack,inbound,query_operational_state,ack,,link_layer,18,,,,,,,,
2026-08-16T06:14:45.716-07:00,,operational_state,inbound,query_operational_state,received,,device_response,19,4,,,4,Idle Curtailed,,,
2026-08-16T06:14:45.756-07:00,,query_completed,outbound,query_operational_state,ok,,periodic,18,0,,,,,,,
2026-08-16T06:15:14.777-07:00,,query_sent,outbound,query_operational_state,pending,,periodic,18,0,,,,,,,
2026-08-16T06:15:14.877-07:00,,link_ack,inbound,query_operational_state,ack,,link_layer,18,,,,,,,,
2026-08-16T06:15:15.000-07:00,,operational_state,inbound,query_operational_state,received,,device_response,19,4,,,4,Idle Curtailed,,,
2026-08-16T06:15:15.040-07:00,,query_completed,outbound,query_operational_state,ok,,periodic,18,0,,,,,,,
2026-08-16T06:15:45.062-07:00,,query_sent,outbound,get_commodity,pending,,periodic,6,0,,,,,,,
2026-08-16T06:15:45.162-07:00,,link_ack,inbound,get_commodity,ack,,link_layer,6,,,,,,,,
2026-08-16T06:15:45.331-07:00,,intermediate_response,inbound,get_commodity,success,,device_response,6,128,,,,,0,success,
2026-08-16T06:15:45.375-07:00,,query_completed,outbound,get_commodity,ok,,periodic,6,0,,,,,0,success,
2026-08-16T06:15:45.375-07:00,,query_sent,outbound,query_operational_state,pending,,periodic,18,0,,,,,,,
2026-08-16T06:15:45.537-07:00,,link_ack,inbound,query_operational_state,ack,,link_layer,18,,,,,,,,
2026-08-16T06:15:45.660-07:00,,operational_state,inbound,query_operational_state,received,,device_response,19,4,,,4,Idle Curtailed,,,
2026-08-16T06:15:45.701-07:00,,query_completed,outbound,query_operational_state,ok,,periodic,18,0,,,,,,,
2026-08-16T06:16:14.722-07:00,,query_sent,outbound,query_operational_state,pending,,periodic,18,0,,,,,,,
2026-08-16T06:16:14.820-07:00,,link_ack,inbound,query_operational_state,ack,,link_layer,18,,,,,,,,
2026-08-16T06:16:14.944-07:00,,operational_state,inbound,query_operational_state,received,,device_response,19,4,,,4,Idle Curtailed,,,
2026-08-16T06:16:14.985-07:00,,query_completed,outbound,query_operational_state,ok,,periodic,18,0,,,,,,,
2026-08-16T06:16:15.986-07:00,auto_outside_comm_heartbeat_17,command_sent,outbound,outside_communication1,pending,0,schedule,14,0,,,,,,,
2026-08-16T06:16:16.049-07:00,,link_ack,inbound,outside_communication,ack,,link_layer,14,,,,,,,,
2026-08-16T06:16:16.173-07:00,,application_ack,inbound,outside_communication,ack,,application_layer,3,14,,,,,,,
2026-08-16T06:16:16.213-07:00,auto_outside_comm_heartbeat_17,command_completed,outbound,outside_communication1,ok,0,schedule,14,0,,,,,,,
2026-08-16T06:16:45.235-07:00,,query_sent,outbound,get_commodity,pending,,periodic,6,0,,,,,,,
2026-08-16T06:16:45.332-07:00,,link_ack,inbound,get_commodity,ack,,link_layer,6,,,,,,,,
2026-08-16T06:16:45.502-07:00,,intermediate_response,inbound,get_commodity,success,,device_response,6,128,,,,,0,success,
2026-08-16T06:16:45.545-07:00,,query_completed,outbound,get_commodity,ok,,periodic,6,0,,,,,0,success,
2026-08-16T06:16:45.545-07:00,,query_sent,outbound,query_operational_state,pending,,periodic,18,0,,,,,,,
2026-08-16T06:16:45.709-07:00,,link_ack,inbound,query_operational_state,ack,,link_layer,18,,,,,,,,
2026-08-16T06:16:45.833-07:00,,operational_state,inbound,query_operational_state,received,,device_response,19,4,,,4,Idle Curtailed,,,
2026-08-16T06:16:45.874-07:00,,query_completed,outbound,query_operational_state,ok,,periodic,18,0,,,,,,,
2026-08-16T06:17:14.894-07:00,,query_sent,outbound,query_operational_state,pending,,periodic,18,0,,,,,,,
2026-08-16T06:17:14.997-07:00,,link_ack,inbound,query_operational_state,ack,,link_layer,18,,,,,,,,
2026-08-16T06:17:15.120-07:00,,operational_state,inbound,query_operational_state,received,,device_response,19,4,,,4,Idle Curtailed,,,
2026-08-16T06:17:15.161-07:00,,query_completed,outbound,query_operational_state,ok,,periodic,18,0,,,,,,,
2026-08-16T06:17:45.182-07:00,,query_sent,outbound,get_commodity,pending,,periodic,6,0,,,,,,,
2026-08-16T06:17:45.281-07:00,,link_ack,inbound,get_commodity,ack,,link_layer,6,,,,,,,,
2026-08-16T06:17:45.451-07:00,,intermediate_response,inbound,get_commodity,success,,device_response,6,128,,,,,0,success,
2026-08-16T06:17:45.494-07:00,,query_completed,outbound,get_commodity,ok,,periodic,6,0,,,,,0,success,
2026-08-16T06:17:45.495-07:00,,query_sent,outbound,query_operational_state,pending,,periodic,18,0,,,,,,,
2026-08-16T06:17:45.656-07:00,,link_ack,inbound,query_operational_state,ack,,link_layer,18,,,,,,,,
2026-08-16T06:17:45.780-07:00,,operational_state,inbound,query_operational_state,received,,device_response,19,4,,,4,Idle Curtailed,,,
2026-08-16T06:17:45.821-07:00,,query_completed,outbound,query_operational_state,ok,,periodic,18,0,,,,,,,
2026-08-16T06:18:14.841-07:00,,query_sent,outbound,query_operational_state,pending,,periodic,18,0,,,,,,,
2026-08-16T06:18:14.941-07:00,,link_ack,inbound,query_operational_state,ack,,link_layer,18,,,,,,,,
2026-08-16T06:18:15.064-07:00,,operational_state,inbound,query_operational_state,received,,device_response,19,4,,,4,Idle Curtailed,,,
2026-08-16T06:18:15.105-07:00,,query_completed,outbound,query_operational_state,ok,,periodic,18,0,,,,,,,
2026-08-16T06:18:45.125-07:00,,query_sent,outbound,get_commodity,pending,,periodic,6,0,,,,,,,
2026-08-16T06:18:45.227-07:00,,link_ack,inbound,get_commodity,ack,,link_layer,6,,,,,,,,
2026-08-16T06:18:45.396-07:00,,intermediate_response,inbound,get_commodity,success,,device_response,6,128,,,,,0,success,
2026-08-16T06:18:45.439-07:00,,query_completed,outbound,get_commodity,ok,,periodic,6,0,,,,,0,success,
2026-08-16T06:18:45.439-07:00,,query_sent,outbound,query_operational_state,pending,,periodic,18,0,,,,,,,
2026-08-16T06:18:45.601-07:00,,link_ack,inbound,query_operational_state,ack,,link_layer,18,,,,,,,,
2026-08-16T06:18:45.725-07:00,,operational_state,inbound,query_operational_state,received,,device_response,19,4,,,4,Idle Curtailed,,,
2026-08-16T06:18:45.766-07:00,,query_completed,outbound,query_operational_state,ok,,periodic,18,0,,,,,,,
2026-08-16T06:19:14.786-07:00,,query_sent,outbound,query_operational_state,pending,,periodic,18,0,,,,,,,
2026-08-16T06:19:14.885-07:00,,link_ack,inbound,query_operational_state,ack,,link_layer,18,,,,,,,,
2026-08-16T06:19:15.009-07:00,,operational_state,inbound,query_operational_state,received,,device_response,19,4,,,4,Idle Curtailed,,,
2026-08-16T06:19:15.050-07:00,,query_completed,outbound,query_operational_state,ok,,periodic,18,0,,,,,,,
2026-08-16T06:19:45.071-07:00,,query_sent,outbound,get_commodity,pending,,periodic,6,0,,,,,,,
2026-08-16T06:19:45.171-07:00,,link_ack,inbound,get_commodity,ack,,link_layer,6,,,,,,,,
2026-08-16T06:19:45.341-07:00,,intermediate_response,inbound,get_commodity,success,,device_response,6,128,,,,,0,success,
2026-08-16T06:19:45.385-07:00,,query_completed,outbound,get_commodity,ok,,periodic,6,0,,,,,0,success,
2026-08-16T06:19:45.385-07:00,,query_sent,outbound,query_operational_state,pending,,periodic,18,0,,,,,,,
2026-08-16T06:19:45.548-07:00,,link_ack,inbound,query_operational_state,ack,,link_layer,18,,,,,,,,
2026-08-16T06:19:45.672-07:00,,operational_state,inbound,query_operational_state,received,,device_response,19,4,,,4,Idle Curtailed,,,
2026-08-16T06:19:45.713-07:00,,query_completed,outbound,query_operational_state,ok,,periodic,18,0,,,,,,,
2026-08-16T06:20:14.733-07:00,,query_sent,outbound,query_operational_state,pending,,periodic,18,0,,,,,,,
2026-08-16T06:20:14.832-07:00,,link_ack,inbound,query_operational_state,ack,,link_layer,18,,,,,,,,
2026-08-16T06:20:14.956-07:00,,operational_state,inbound,query_operational_state,received,,device_response,19,4,,,4,Idle Curtailed,,,
2026-08-16T06:20:14.996-07:00,,query_completed,outbound,query_operational_state,ok,,periodic,18,0,,,,,,,
2026-08-16T06:20:45.017-07:00,,query_sent,outbound,get_commodity,pending,,periodic,6,0,,,,,,,
2026-08-16T06:20:45.119-07:00,,link_ack,inbound,get_commodity,ack,,link_layer,6,,,,,,,,
2026-08-16T06:20:45.287-07:00,,intermediate_response,inbound,get_commodity,success,,device_response,6,128,,,,,0,success,
2026-08-16T06:20:45.331-07:00,,query_completed,outbound,get_commodity,ok,,periodic,6,0,,,,,0,success,
2026-08-16T06:20:45.331-07:00,,query_sent,outbound,query_operational_state,pending,,periodic,18,0,,,,,,,
2026-08-16T06:20:45.493-07:00,,link_ack,inbound,query_operational_state,ack,,link_layer,18,,,,,,,,
2026-08-16T06:20:45.618-07:00,,operational_state,inbound,query_operational_state,received,,device_response,19,4,,,4,Idle Curtailed,,,
2026-08-16T06:20:45.658-07:00,,query_completed,outbound,query_operational_state,ok,,periodic,18,0,,,,,,,
2026-08-16T06:21:14.679-07:00,,query_sent,outbound,query_operational_state,pending,,periodic,18,0,,,,,,,
2026-08-16T06:21:14.779-07:00,,link_ack,inbound,query_operational_state,ack,,link_layer,18,,,,,,,,
2026-08-16T06:21:14.903-07:00,,operational_state,inbound,query_operational_state,received,,device_response,19,4,,,4,Idle Curtailed,,,
2026-08-16T06:21:14.944-07:00,,query_completed,outbound,query_operational_state,ok,,periodic,18,0,,,,,,,
2026-08-16T06:21:44.965-07:00,,query_sent,outbound,get_commodity,pending,,periodic,6,0,,,,,,,
2026-08-16T06:21:45.063-07:00,,link_ack,inbound,get_commodity,ack,,link_layer,6,,,,,,,,
2026-08-16T06:21:45.232-07:00,,intermediate_response,inbound,get_commodity,success,,device_response,6,128,,,,,0,success,
2026-08-16T06:21:45.275-07:00,,query_completed,outbound,get_commodity,ok,,periodic,6,0,,,,,0,success,
2026-08-16T06:21:45.275-07:00,,query_sent,outbound,query_operational_state,pending,,periodic,18,0,,,,,,,
2026-08-16T06:21:45.438-07:00,,link_ack,inbound,query_operational_state,ack,,link_layer,18,,,,,,,,
2026-08-16T06:21:45.561-07:00,,operational_state,inbound,query_operational_state,received,,device_response,19,4,,,4,Idle Curtailed,,,
2026-08-16T06:21:45.602-07:00,,query_completed,outbound,query_operational_state,ok,,periodic,18,0,,,,,,,
2026-08-16T06:22:15.623-07:00,,query_sent,outbound,query_operational_state,pending,,periodic,18,0,,,,,,,
2026-08-16T06:22:15.724-07:00,,link_ack,inbound,query_operational_state,ack,,link_layer,18,,,,,,,,
2026-08-16T06:22:15.848-07:00,,operational_state,inbound,query_operational_state,received,,device_response,19,4,,,4,Idle Curtailed,,,
2026-08-16T06:22:15.888-07:00,,query_completed,outbound,query_operational_state,ok,,periodic,18,0,,,,,,,
2026-08-16T06:22:44.908-07:00,,query_sent,outbound,get_commodity,pending,,periodic,6,0,,,,,,,
2026-08-16T06:22:45.007-07:00,,link_ack,inbound,get_commodity,ack,,link_layer,6,,,,,,,,
2026-08-16T06:22:45.175-07:00,,intermediate_response,inbound,get_commodity,success,,device_response,6,128,,,,,0,success,
2026-08-16T06:22:45.219-07:00,,query_completed,outbound,get_commodity,ok,,periodic,6,0,,,,,0,success,
2026-08-16T06:22:45.219-07:00,,query_sent,outbound,query_operational_state,pending,,periodic,18,0,,,,,,,
2026-08-16T06:22:45.383-07:00,,link_ack,inbound,query_operational_state,ack,,link_layer,18,,,,,,,,
2026-08-16T06:22:45.506-07:00,,operational_state,inbound,query_operational_state,received,,device_response,19,4,,,4,Idle Curtailed,,,
2026-08-16T06:22:45.547-07:00,,query_completed,outbound,query_operational_state,ok,,periodic,18,0,,,,,,,
2026-08-16T06:23:15.568-07:00,,query_sent,outbound,query_operational_state,pending,,periodic,18,0,,,,,,,
2026-08-16T06:23:15.670-07:00,,link_ack,inbound,query_operational_state,ack,,link_layer,18,,,,,,,,
2026-08-16T06:23:15.794-07:00,,operational_state,inbound,query_operational_state,received,,device_response,19,4,,,4,Idle Curtailed,,,
2026-08-16T06:23:15.834-07:00,,query_completed,outbound,query_operational_state,ok,,periodic,18,0,,,,,,,
2026-08-16T06:23:44.854-07:00,,query_sent,outbound,get_commodity,pending,,periodic,6,0,,,,,,,
2026-08-16T06:23:44.952-07:00,,link_ack,inbound,get_commodity,ack,,link_layer,6,,,,,,,,
2026-08-16T06:23:45.120-07:00,,intermediate_response,inbound,get_commodity,success,,device_response,6,128,,,,,0,success,
2026-08-16T06:23:45.163-07:00,,query_completed,outbound,get_commodity,ok,,periodic,6,0,,,,,0,success,
2026-08-16T06:23:45.164-07:00,,query_sent,outbound,query_operational_state,pending,,periodic,18,0,,,,,,,
2026-08-16T06:23:45.325-07:00,,link_ack,inbound,query_operational_state,ack,,link_layer,18,,,,,,,,
2026-08-16T06:23:45.450-07:00,,operational_state,inbound,query_operational_state,received,,device_response,19,4,,,4,Idle Curtailed,,,
2026-08-16T06:23:45.491-07:00,,query_completed,outbound,query_operational_state,ok,,periodic,18,0,,,,,,,
2026-08-16T06:24:15.512-07:00,,query_sent,outbound,query_operational_state,pending,,periodic,18,0,,,,,,,
2026-08-16T06:24:15.612-07:00,,link_ack,inbound,query_operational_state,ack,,link_layer,18,,,,,,,,
2026-08-16T06:24:15.736-07:00,,operational_state,inbound,query_operational_state,received,,device_response,19,4,,,4,Idle Curtailed,,,
2026-08-16T06:24:15.776-07:00,,query_completed,outbound,query_operational_state,ok,,periodic,18,0,,,,,,,
2026-08-16T06:24:44.797-07:00,,query_sent,outbound,get_commodity,pending,,periodic,6,0,,,,,,,
2026-08-16T06:24:44.896-07:00,,link_ack,inbound,get_commodity,ack,,link_layer,6,,,,,,,,
2026-08-16T06:24:45.065-07:00,,intermediate_response,inbound,get_commodity,success,,device_response,6,128,,,,,0,success,
2026-08-16T06:24:45.108-07:00,,query_completed,outbound,get_commodity,ok,,periodic,6,0,,,,,0,success,
2026-08-16T06:24:45.108-07:00,,query_sent,outbound,query_operational_state,pending,,periodic,18,0,,,,,,,
2026-08-16T06:24:45.271-07:00,,link_ack,inbound,query_operational_state,ack,,link_layer,18,,,,,,,,
2026-08-16T06:24:45.396-07:00,,operational_state,inbound,query_operational_state,received,,device_response,19,4,,,4,Idle Curtailed,,,
2026-08-16T06:24:45.436-07:00,,query_completed,outbound,query_operational_state,ok,,periodic,18,0,,,,,,,
2026-08-16T06:25:15.457-07:00,,query_sent,outbound,query_operational_state,pending,,periodic,18,0,,,,,,,
2026-08-16T06:25:15.559-07:00,,link_ack,inbound,query_operational_state,ack,,link_layer,18,,,,,,,,
2026-08-16T06:25:15.683-07:00,,operational_state,inbound,query_operational_state,received,,device_response,19,4,,,4,Idle Curtailed,,,
2026-08-16T06:25:15.724-07:00,,query_completed,outbound,query_operational_state,ok,,periodic,18,0,,,,,,,
2026-08-16T06:25:44.744-07:00,,query_sent,outbound,get_commodity,pending,,periodic,6,0,,,,,,,
2026-08-16T06:25:44.844-07:00,,link_ack,inbound,get_commodity,ack,,link_layer,6,,,,,,,,
2026-08-16T06:25:45.014-07:00,,intermediate_response,inbound,get_commodity,success,,device_response,6,128,,,,,0,success,
2026-08-16T06:25:45.058-07:00,,query_completed,outbound,get_commodity,ok,,periodic,6,0,,,,,0,success,
2026-08-16T06:25:45.058-07:00,,query_sent,outbound,query_operational_state,pending,,periodic,18,0,,,,,,,
2026-08-16T06:25:45.219-07:00,,link_ack,inbound,query_operational_state,ack,,link_layer,18,,,,,,,,
2026-08-16T06:25:45.343-07:00,,operational_state,inbound,query_operational_state,received,,device_response,19,4,,,4,Idle Curtailed,,,
2026-08-16T06:25:45.384-07:00,,query_completed,outbound,query_operational_state,ok,,periodic,18,0,,,,,,,
2026-08-16T06:26:15.405-07:00,,query_sent,outbound,query_operational_state,pending,,periodic,18,0,,,,,,,
2026-08-16T06:26:15.502-07:00,,link_ack,inbound,query_operational_state,ack,,link_layer,18,,,,,,,,
2026-08-16T06:26:15.625-07:00,,operational_state,inbound,query_operational_state,received,,device_response,19,4,,,4,Idle Curtailed,,,
2026-08-16T06:26:15.666-07:00,,query_completed,outbound,query_operational_state,ok,,periodic,18,0,,,,,,,
2026-08-16T06:26:44.686-07:00,,query_sent,outbound,get_commodity,pending,,periodic,6,0,,,,,,,
2026-08-16T06:26:44.785-07:00,,link_ack,inbound,get_commodity,ack,,link_layer,6,,,,,,,,
2026-08-16T06:26:44.953-07:00,,intermediate_response,inbound,get_commodity,success,,device_response,6,128,,,,,0,success,
2026-08-16T06:26:44.997-07:00,,query_completed,outbound,get_commodity,ok,,periodic,6,0,,,,,0,success,
2026-08-16T06:26:44.997-07:00,,query_sent,outbound,query_operational_state,pending,,periodic,18,0,,,,,,,
2026-08-16T06:26:45.159-07:00,,link_ack,inbound,query_operational_state,ack,,link_layer,18,,,,,,,,
2026-08-16T06:26:45.283-07:00,,operational_state,inbound,query_operational_state,received,,device_response,19,4,,,4,Idle Curtailed,,,
2026-08-16T06:26:45.324-07:00,,query_completed,outbound,query_operational_state,ok,,periodic,18,0,,,,,,,
2026-08-16T06:27:15.344-07:00,,query_sent,outbound,query_operational_state,pending,,periodic,18,0,,,,,,,
2026-08-16T06:27:15.445-07:00,,link_ack,inbound,query_operational_state,ack,,link_layer,18,,,,,,,,
2026-08-16T06:27:15.568-07:00,,operational_state,inbound,query_operational_state,received,,device_response,19,4,,,4,Idle Curtailed,,,
2026-08-16T06:27:15.609-07:00,,query_completed,outbound,query_operational_state,ok,,periodic,18,0,,,,,,,
2026-08-16T06:27:45.629-07:00,,query_sent,outbound,get_commodity,pending,,periodic,6,0,,,,,,,
2026-08-16T06:27:45.732-07:00,,link_ack,inbound,get_commodity,ack,,link_layer,6,,,,,,,,
2026-08-16T06:27:45.900-07:00,,intermediate_response,inbound,get_commodity,success,,device_response,6,128,,,,,0,success,
2026-08-16T06:27:45.943-07:00,,query_completed,outbound,get_commodity,ok,,periodic,6,0,,,,,0,success,
2026-08-16T06:27:45.944-07:00,,query_sent,outbound,query_operational_state,pending,,periodic,18,0,,,,,,,
2026-08-16T06:27:46.105-07:00,,link_ack,inbound,query_operational_state,ack,,link_layer,18,,,,,,,,
2026-08-16T06:27:46.230-07:00,,operational_state,inbound,query_operational_state,received,,device_response,19,4,,,4,Idle Curtailed,,,
2026-08-16T06:27:46.271-07:00,,query_completed,outbound,query_operational_state,ok,,periodic,18,0,,,,,,,
2026-08-16T06:28:15.291-07:00,,query_sent,outbound,query_operational_state,pending,,periodic,18,0,,,,,,,
2026-08-16T06:28:15.390-07:00,,link_ack,inbound,query_operational_state,ack,,link_layer,18,,,,,,,,
2026-08-16T06:28:15.514-07:00,,operational_state,inbound,query_operational_state,received,,device_response,19,4,,,4,Idle Curtailed,,,
2026-08-16T06:28:15.555-07:00,,query_completed,outbound,query_operational_state,ok,,periodic,18,0,,,,,,,
2026-08-16T06:28:45.575-07:00,,query_sent,outbound,get_commodity,pending,,periodic,6,0,,,,,,,
2026-08-16T06:28:45.676-07:00,,link_ack,inbound,get_commodity,ack,,link_layer,6,,,,,,,,
2026-08-16T06:28:45.844-07:00,,intermediate_response,inbound,get_commodity,success,,device_response,6,128,,,,,0,success,
2026-08-16T06:28:45.888-07:00,,query_completed,outbound,get_commodity,ok,,periodic,6,0,,,,,0,success,
2026-08-16T06:28:45.888-07:00,,query_sent,outbound,query_operational_state,pending,,periodic,18,0,,,,,,,
2026-08-16T06:28:46.049-07:00,,link_ack,inbound,query_operational_state,ack,,link_layer,18,,,,,,,,
2026-08-16T06:28:46.173-07:00,,operational_state,inbound,query_operational_state,received,,device_response,19,4,,,4,Idle Curtailed,,,
2026-08-16T06:28:46.214-07:00,,query_completed,outbound,query_operational_state,ok,,periodic,18,0,,,,,,,
2026-08-16T06:29:15.234-07:00,,query_sent,outbound,query_operational_state,pending,,periodic,18,0,,,,,,,
2026-08-16T06:29:15.332-07:00,,link_ack,inbound,query_operational_state,ack,,link_layer,18,,,,,,,,
2026-08-16T06:29:15.456-07:00,,operational_state,inbound,query_operational_state,received,,device_response,19,4,,,4,Idle Curtailed,,,
2026-08-16T06:29:15.497-07:00,,query_completed,outbound,query_operational_state,ok,,periodic,18,0,,,,,,,
2026-08-16T06:29:45.516-07:00,auto_outside_comm_heartbeat_18,command_sent,outbound,outside_communication1,pending,0,schedule,14,0,,,,,,,
2026-08-16T06:29:45.618-07:00,,link_ack,inbound,outside_communication,ack,,link_layer,14,,,,,,,,
2026-08-16T06:29:45.741-07:00,,application_ack,inbound,outside_communication,ack,,application_layer,3,14,,,,,,,
2026-08-16T06:29:45.782-07:00,auto_outside_comm_heartbeat_18,command_completed,outbound,outside_communication1,ok,0,schedule,14,0,,,,,,,
2026-08-16T06:29:45.783-07:00,,query_sent,outbound,get_commodity,pending,,periodic,6,0,,,,,,,
2026-08-16T06:29:45.946-07:00,,link_ack,inbound,get_commodity,ack,,link_layer,6,,,,,,,,
2026-08-16T06:29:46.115-07:00,,intermediate_response,inbound,get_commodity,success,,device_response,6,128,,,,,0,success,
2026-08-16T06:29:46.159-07:00,,query_completed,outbound,get_commodity,ok,,periodic,6,0,,,,,0,success,
2026-08-16T06:29:46.159-07:00,,query_sent,outbound,query_operational_state,pending,,periodic,18,0,,,,,,,
2026-08-16T06:29:46.321-07:00,,link_ack,inbound,query_operational_state,ack,,link_layer,18,,,,,,,,
2026-08-16T06:29:46.444-07:00,,operational_state,inbound,query_operational_state,received,,device_response,19,4,,,4,Idle Curtailed,,,
2026-08-16T06:29:46.485-07:00,,query_completed,outbound,query_operational_state,ok,,periodic,18,0,,,,,,,
2026-08-16T06:30:15.504-07:00,,query_sent,outbound,query_operational_state,pending,,periodic,18,0,,,,,,,
2026-08-16T06:30:15.612-07:00,,link_ack,inbound,query_operational_state,ack,,link_layer,18,,,,,,,,
2026-08-16T06:30:15.728-07:00,,operational_state,inbound,query_operational_state,received,,device_response,19,4,,,4,Idle Curtailed,,,
2026-08-16T06:30:15.769-07:00,,query_completed,outbound,query_operational_state,ok,,periodic,18,0,,,,,,,
2026-08-16T06:30:44.788-07:00,,query_sent,outbound,get_commodity,pending,,periodic,6,0,,,,,,,
2026-08-16T06:30:44.890-07:00,,link_ack,inbound,get_commodity,ack,,link_layer,6,,,,,,,,
2026-08-16T06:30:45.059-07:00,,intermediate_response,inbound,get_commodity,success,,device_response,6,128,,,,,0,success,
2026-08-16T06:30:45.102-07:00,,query_completed,outbound,get_commodity,ok,,periodic,6,0,,,,,0,success,
2026-08-16T06:30:45.103-07:00,,query_sent,outbound,query_operational_state,pending,,periodic,18,0,,,,,,,
2026-08-16T06:30:45.264-07:00,,link_ack,inbound,query_operational_state,ack,,link_layer,18,,,,,,,,
2026-08-16T06:30:45.388-07:00,,operational_state,inbound,query_operational_state,received,,device_response,19,4,,,4,Idle Curtailed,,,
2026-08-16T06:30:45.428-07:00,,query_completed,outbound,query_operational_state,ok,,periodic,18,0,,,,,,,
2026-08-16T06:31:15.448-07:00,,query_sent,outbound,query_operational_state,pending,,periodic,18,0,,,,,,,
2026-08-16T06:31:15.549-07:00,,link_ack,inbound,query_operational_state,ack,,link_layer,18,,,,,,,,
2026-08-16T06:31:15.672-07:00,,operational_state,inbound,query_operational_state,received,,device_response,19,4,,,4,Idle Curtailed,,,
2026-08-16T06:31:15.713-07:00,,query_completed,outbound,query_operational_state,ok,,periodic,18,0,,,,,,,
2026-08-16T06:31:44.732-07:00,,query_sent,outbound,get_commodity,pending,,periodic,6,0,,,,,,,
2026-08-16T06:31:44.832-07:00,,link_ack,inbound,get_commodity,ack,,link_layer,6,,,,,,,,
2026-08-16T06:31:45.001-07:00,,intermediate_response,inbound,get_commodity,success,,device_response,6,128,,,,,0,success,
2026-08-16T06:31:45.044-07:00,,query_completed,outbound,get_commodity,ok,,periodic,6,0,,,,,0,success,
2026-08-16T06:31:45.044-07:00,,query_sent,outbound,query_operational_state,pending,,periodic,18,0,,,,,,,
2026-08-16T06:31:45.206-07:00,,link_ack,inbound,query_operational_state,ack,,link_layer,18,,,,,,,,
2026-08-16T06:31:45.330-07:00,,operational_state,inbound,query_operational_state,received,,device_response,19,4,,,4,Idle Curtailed,,,
2026-08-16T06:31:45.370-07:00,,query_completed,outbound,query_operational_state,ok,,periodic,18,0,,,,,,,
2026-08-16T06:32:15.391-07:00,,query_sent,outbound,query_operational_state,pending,,periodic,18,0,,,,,,,
2026-08-16T06:32:15.494-07:00,,link_ack,inbound,query_operational_state,ack,,link_layer,18,,,,,,,,
2026-08-16T06:32:15.617-07:00,,operational_state,inbound,query_operational_state,received,,device_response,19,4,,,4,Idle Curtailed,,,
2026-08-16T06:32:15.658-07:00,,query_completed,outbound,query_operational_state,ok,,periodic,18,0,,,,,,,
2026-08-16T06:32:44.677-07:00,,query_sent,outbound,get_commodity,pending,,periodic,6,0,,,,,,,
2026-08-16T06:32:44.776-07:00,,link_ack,inbound,get_commodity,ack,,link_layer,6,,,,,,,,
2026-08-16T06:32:44.944-07:00,,intermediate_response,inbound,get_commodity,success,,device_response,6,128,,,,,0,success,
2026-08-16T06:32:44.988-07:00,,query_completed,outbound,get_commodity,ok,,periodic,6,0,,,,,0,success,
2026-08-16T06:32:44.988-07:00,,query_sent,outbound,query_operational_state,pending,,periodic,18,0,,,,,,,
2026-08-16T06:32:45.150-07:00,,link_ack,inbound,query_operational_state,ack,,link_layer,18,,,,,,,,
2026-08-16T06:32:45.274-07:00,,operational_state,inbound,query_operational_state,received,,device_response,19,4,,,4,Idle Curtailed,,,
2026-08-16T06:32:45.314-07:00,,query_completed,outbound,query_operational_state,ok,,periodic,18,0,,,,,,,
2026-08-16T06:33:15.335-07:00,,query_sent,outbound,query_operational_state,pending,,periodic,18,0,,,,,,,
2026-08-16T06:33:15.437-07:00,,link_ack,inbound,query_operational_state,ack,,link_layer,18,,,,,,,,
2026-08-16T06:33:15.560-07:00,,operational_state,inbound,query_operational_state,received,,device_response,19,4,,,4,Idle Curtailed,,,
2026-08-16T06:33:15.601-07:00,,query_completed,outbound,query_operational_state,ok,,periodic,18,0,,,,,,,
2026-08-16T06:33:45.621-07:00,,query_sent,outbound,get_commodity,pending,,periodic,6,0,,,,,,,
2026-08-16T06:33:45.722-07:00,,link_ack,inbound,get_commodity,ack,,link_layer,6,,,,,,,,
2026-08-16T06:33:45.892-07:00,,intermediate_response,inbound,get_commodity,success,,device_response,6,128,,,,,0,success,
2026-08-16T06:33:45.935-07:00,,query_completed,outbound,get_commodity,ok,,periodic,6,0,,,,,0,success,
2026-08-16T06:33:45.936-07:00,,query_sent,outbound,query_operational_state,pending,,periodic,18,0,,,,,,,
2026-08-16T06:33:46.098-07:00,,link_ack,inbound,query_operational_state,ack,,link_layer,18,,,,,,,,
2026-08-16T06:33:46.221-07:00,,operational_state,inbound,query_operational_state,received,,device_response,19,4,,,4,Idle Curtailed,,,
2026-08-16T06:33:46.262-07:00,,query_completed,outbound,query_operational_state,ok,,periodic,18,0,,,,,,,
2026-08-16T06:34:15.282-07:00,,query_sent,outbound,query_operational_state,pending,,periodic,18,0,,,,,,,
2026-08-16T06:34:15.383-07:00,,link_ack,inbound,query_operational_state,ack,,link_layer,18,,,,,,,,
2026-08-16T06:34:15.506-07:00,,operational_state,inbound,query_operational_state,received,,device_response,19,4,,,4,Idle Curtailed,,,
2026-08-16T06:34:15.547-07:00,,query_completed,outbound,query_operational_state,ok,,periodic,18,0,,,,,,,
2026-08-16T06:34:45.567-07:00,,query_sent,outbound,get_commodity,pending,,periodic,6,0,,,,,,,
2026-08-16T06:34:45.670-07:00,,link_ack,inbound,get_commodity,ack,,link_layer,6,,,,,,,,
2026-08-16T06:34:45.839-07:00,,intermediate_response,inbound,get_commodity,success,,device_response,6,128,,,,,0,success,
2026-08-16T06:34:45.882-07:00,,query_completed,outbound,get_commodity,ok,,periodic,6,0,,,,,0,success,
2026-08-16T06:34:45.883-07:00,,query_sent,outbound,query_operational_state,pending,,periodic,18,0,,,,,,,
2026-08-16T06:34:46.044-07:00,,link_ack,inbound,query_operational_state,ack,,link_layer,18,,,,,,,,
2026-08-16T06:34:46.168-07:00,,operational_state,inbound,query_operational_state,received,,device_response,19,4,,,4,Idle Curtailed,,,
2026-08-16T06:34:46.209-07:00,,query_completed,outbound,query_operational_state,ok,,periodic,18,0,,,,,,,
2026-08-16T06:35:15.229-07:00,,query_sent,outbound,query_operational_state,pending,,periodic,18,0,,,,,,,
2026-08-16T06:35:15.331-07:00,,link_ack,inbound,query_operational_state,ack,,link_layer,18,,,,,,,,
2026-08-16T06:35:15.454-07:00,,operational_state,inbound,query_operational_state,received,,device_response,19,4,,,4,Idle Curtailed,,,
2026-08-16T06:35:15.495-07:00,,query_completed,outbound,query_operational_state,ok,,periodic,18,0,,,,,,,
2026-08-16T06:35:45.515-07:00,,query_sent,outbound,get_commodity,pending,,periodic,6,0,,,,,,,
2026-08-16T06:35:45.616-07:00,,link_ack,inbound,get_commodity,ack,,link_layer,6,,,,,,,,
2026-08-16T06:35:45.784-07:00,,intermediate_response,inbound,get_commodity,success,,device_response,6,128,,,,,0,success,
2026-08-16T06:35:45.827-07:00,,query_completed,outbound,get_commodity,ok,,periodic,6,0,,,,,0,success,
2026-08-16T06:35:45.828-07:00,,query_sent,outbound,query_operational_state,pending,,periodic,18,0,,,,,,,
2026-08-16T06:35:45.992-07:00,,link_ack,inbound,query_operational_state,ack,,link_layer,18,,,,,,,,
2026-08-16T06:35:46.115-07:00,,operational_state,inbound,query_operational_state,received,,device_response,19,4,,,4,Idle Curtailed,,,
2026-08-16T06:35:46.156-07:00,,query_completed,outbound,query_operational_state,ok,,periodic,18,0,,,,,,,
2026-08-16T06:36:15.175-07:00,,query_sent,outbound,query_operational_state,pending,,periodic,18,0,,,,,,,
2026-08-16T06:36:15.274-07:00,,link_ack,inbound,query_operational_state,ack,,link_layer,18,,,,,,,,
2026-08-16T06:36:15.399-07:00,,operational_state,inbound,query_operational_state,received,,device_response,19,4,,,4,Idle Curtailed,,,
2026-08-16T06:36:15.440-07:00,,query_completed,outbound,query_operational_state,ok,,periodic,18,0,,,,,,,
2026-08-16T06:36:45.459-07:00,,query_sent,outbound,get_commodity,pending,,periodic,6,0,,,,,,,
2026-08-16T06:36:45.561-07:00,,link_ack,inbound,get_commodity,ack,,link_layer,6,,,,,,,,
2026-08-16T06:36:45.729-07:00,,intermediate_response,inbound,get_commodity,success,,device_response,6,128,,,,,0,success,
2026-08-16T06:36:45.773-07:00,,query_completed,outbound,get_commodity,ok,,periodic,6,0,,,,,0,success,
2026-08-16T06:36:45.773-07:00,,query_sent,outbound,query_operational_state,pending,,periodic,18,0,,,,,,,
2026-08-16T06:36:45.934-07:00,,link_ack,inbound,query_operational_state,ack,,link_layer,18,,,,,,,,
2026-08-16T06:36:46.059-07:00,,operational_state,inbound,query_operational_state,received,,device_response,19,4,,,4,Idle Curtailed,,,
2026-08-16T06:36:46.100-07:00,,query_completed,outbound,query_operational_state,ok,,periodic,18,0,,,,,,,
2026-08-16T06:37:15.120-07:00,,query_sent,outbound,query_operational_state,pending,,periodic,18,0,,,,,,,
2026-08-16T06:37:15.219-07:00,,link_ack,inbound,query_operational_state,ack,,link_layer,18,,,,,,,,
2026-08-16T06:37:15.343-07:00,,operational_state,inbound,query_operational_state,received,,device_response,19,4,,,4,Idle Curtailed,,,
2026-08-16T06:37:15.384-07:00,,query_completed,outbound,query_operational_state,ok,,periodic,18,0,,,,,,,
2026-08-16T06:37:45.405-07:00,,query_sent,outbound,get_commodity,pending,,periodic,6,0,,,,,,,
2026-08-16T06:37:45.503-07:00,,link_ack,inbound,get_commodity,ack,,link_layer,6,,,,,,,,
2026-08-16T06:37:45.672-07:00,,intermediate_response,inbound,get_commodity,success,,device_response,6,128,,,,,0,success,
2026-08-16T06:37:45.716-07:00,,query_completed,outbound,get_commodity,ok,,periodic,6,0,,,,,0,success,
2026-08-16T06:37:45.716-07:00,,query_sent,outbound,query_operational_state,pending,,periodic,18,0,,,,,,,
2026-08-16T06:37:45.878-07:00,,link_ack,inbound,query_operational_state,ack,,link_layer,18,,,,,,,,
2026-08-16T06:37:46.001-07:00,,operational_state,inbound,query_operational_state,received,,device_response,19,4,,,4,Idle Curtailed,,,
2026-08-16T06:37:46.042-07:00,,query_completed,outbound,query_operational_state,ok,,periodic,18,0,,,,,,,
2026-08-16T06:38:15.062-07:00,,query_sent,outbound,query_operational_state,pending,,periodic,18,0,,,,,,,
2026-08-16T06:38:15.161-07:00,,link_ack,inbound,query_operational_state,ack,,link_layer,18,,,,,,,,
2026-08-16T06:38:15.285-07:00,,operational_state,inbound,query_operational_state,received,,device_response,19,4,,,4,Idle Curtailed,,,
2026-08-16T06:38:15.325-07:00,,query_completed,outbound,query_operational_state,ok,,periodic,18,0,,,,,,,
2026-08-16T06:38:45.346-07:00,,query_sent,outbound,get_commodity,pending,,periodic,6,0,,,,,,,
2026-08-16T06:38:45.447-07:00,,link_ack,inbound,get_commodity,ack,,link_layer,6,,,,,,,,
2026-08-16T06:38:45.616-07:00,,intermediate_response,inbound,get_commodity,success,,device_response,6,128,,,,,0,success,
2026-08-16T06:38:45.660-07:00,,query_completed,outbound,get_commodity,ok,,periodic,6,0,,,,,0,success,
2026-08-16T06:38:45.660-07:00,,query_sent,outbound,query_operational_state,pending,,periodic,18,0,,,,,,,
2026-08-16T06:38:45.823-07:00,,link_ack,inbound,query_operational_state,ack,,link_layer,18,,,,,,,,
2026-08-16T06:38:45.946-07:00,,operational_state,inbound,query_operational_state,received,,device_response,19,4,,,4,Idle Curtailed,,,
2026-08-16T06:38:45.987-07:00,,query_completed,outbound,query_operational_state,ok,,periodic,18,0,,,,,,,
2026-08-16T06:39:15.006-07:00,,query_sent,outbound,query_operational_state,pending,,periodic,18,0,,,,,,,
2026-08-16T06:39:15.105-07:00,,link_ack,inbound,query_operational_state,ack,,link_layer,18,,,,,,,,
2026-08-16T06:39:15.228-07:00,,operational_state,inbound,query_operational_state,received,,device_response,19,4,,,4,Idle Curtailed,,,
2026-08-16T06:39:15.269-07:00,,query_completed,outbound,query_operational_state,ok,,periodic,18,0,,,,,,,
2026-08-16T06:39:45.289-07:00,,query_sent,outbound,get_commodity,pending,,periodic,6,0,,,,,,,
2026-08-16T06:39:45.388-07:00,,link_ack,inbound,get_commodity,ack,,link_layer,6,,,,,,,,
2026-08-16T06:39:45.559-07:00,,intermediate_response,inbound,get_commodity,success,,device_response,6,128,,,,,0,success,
2026-08-16T06:39:45.602-07:00,,query_completed,outbound,get_commodity,ok,,periodic,6,0,,,,,0,success,
2026-08-16T06:39:45.602-07:00,,query_sent,outbound,query_operational_state,pending,,periodic,18,0,,,,,,,
2026-08-16T06:39:45.766-07:00,,link_ack,inbound,query_operational_state,ack,,link_layer,18,,,,,,,,
2026-08-16T06:39:45.890-07:00,,operational_state,inbound,query_operational_state,received,,device_response,19,4,,,4,Idle Curtailed,,,
2026-08-16T06:39:45.931-07:00,,query_completed,outbound,query_operational_state,ok,,periodic,18,0,,,,,,,
2026-08-16T06:40:14.950-07:00,,query_sent,outbound,query_operational_state,pending,,periodic,18,0,,,,,,,
2026-08-16T06:40:15.051-07:00,,link_ack,inbound,query_operational_state,ack,,link_layer,18,,,,,,,,
2026-08-16T06:40:15.176-07:00,,operational_state,inbound,query_operational_state,received,,device_response,19,4,,,4,Idle Curtailed,,,
2026-08-16T06:40:15.216-07:00,,query_completed,outbound,query_operational_state,ok,,periodic,18,0,,,,,,,
2026-08-16T06:40:45.236-07:00,,query_sent,outbound,get_commodity,pending,,periodic,6,0,,,,,,,
2026-08-16T06:40:45.339-07:00,,link_ack,inbound,get_commodity,ack,,link_layer,6,,,,,,,,
2026-08-16T06:40:45.509-07:00,,intermediate_response,inbound,get_commodity,success,,device_response,6,128,,,,,0,success,
2026-08-16T06:40:45.552-07:00,,query_completed,outbound,get_commodity,ok,,periodic,6,0,,,,,0,success,
2026-08-16T06:40:45.553-07:00,,query_sent,outbound,query_operational_state,pending,,periodic,18,0,,,,,,,
2026-08-16T06:40:45.714-07:00,,link_ack,inbound,query_operational_state,ack,,link_layer,18,,,,,,,,
2026-08-16T06:40:45.838-07:00,,operational_state,inbound,query_operational_state,received,,device_response,19,4,,,4,Idle Curtailed,,,
2026-08-16T06:40:45.878-07:00,,query_completed,outbound,query_operational_state,ok,,periodic,18,0,,,,,,,
2026-08-16T06:41:14.898-07:00,,query_sent,outbound,query_operational_state,pending,,periodic,18,0,,,,,,,
2026-08-16T06:41:14.999-07:00,,link_ack,inbound,query_operational_state,ack,,link_layer,18,,,,,,,,
2026-08-16T06:41:15.123-07:00,,operational_state,inbound,query_operational_state,received,,device_response,19,4,,,4,Idle Curtailed,,,
2026-08-16T06:41:15.164-07:00,,query_completed,outbound,query_operational_state,ok,,periodic,18,0,,,,,,,
2026-08-16T06:41:45.184-07:00,,query_sent,outbound,get_commodity,pending,,periodic,6,0,,,,,,,
2026-08-16T06:41:45.287-07:00,,link_ack,inbound,get_commodity,ack,,link_layer,6,,,,,,,,
2026-08-16T06:41:45.456-07:00,,intermediate_response,inbound,get_commodity,success,,device_response,6,128,,,,,0,success,
2026-08-16T06:41:45.499-07:00,,query_completed,outbound,get_commodity,ok,,periodic,6,0,,,,,0,success,
2026-08-16T06:41:45.500-07:00,,query_sent,outbound,query_operational_state,pending,,periodic,18,0,,,,,,,
2026-08-16T06:41:45.661-07:00,,link_ack,inbound,query_operational_state,ack,,link_layer,18,,,,,,,,
2026-08-16T06:41:45.785-07:00,,operational_state,inbound,query_operational_state,received,,device_response,19,4,,,4,Idle Curtailed,,,
2026-08-16T06:41:45.826-07:00,,query_completed,outbound,query_operational_state,ok,,periodic,18,0,,,,,,,
2026-08-16T06:42:14.846-07:00,,query_sent,outbound,query_operational_state,pending,,periodic,18,0,,,,,,,
2026-08-16T06:42:14.945-07:00,,link_ack,inbound,query_operational_state,ack,,link_layer,18,,,,,,,,
2026-08-16T06:42:15.069-07:00,,operational_state,inbound,query_operational_state,received,,device_response,19,4,,,4,Idle Curtailed,,,
2026-08-16T06:42:15.109-07:00,,query_completed,outbound,query_operational_state,ok,,periodic,18,0,,,,,,,
2026-08-16T06:42:45.129-07:00,,query_sent,outbound,get_commodity,pending,,periodic,6,0,,,,,,,
2026-08-16T06:42:45.229-07:00,,link_ack,inbound,get_commodity,ack,,link_layer,6,,,,,,,,
2026-08-16T06:42:45.400-07:00,,intermediate_response,inbound,get_commodity,success,,device_response,6,128,,,,,0,success,
2026-08-16T06:42:45.443-07:00,,query_completed,outbound,get_commodity,ok,,periodic,6,0,,,,,0,success,
2026-08-16T06:42:45.444-07:00,,query_sent,outbound,query_operational_state,pending,,periodic,18,0,,,,,,,
2026-08-16T06:42:45.608-07:00,,link_ack,inbound,query_operational_state,ack,,link_layer,18,,,,,,,,
2026-08-16T06:42:45.731-07:00,,operational_state,inbound,query_operational_state,received,,device_response,19,4,,,4,Idle Curtailed,,,
2026-08-16T06:42:45.772-07:00,,query_completed,outbound,query_operational_state,ok,,periodic,18,0,,,,,,,
2026-08-16T06:43:14.792-07:00,,query_sent,outbound,query_operational_state,pending,,periodic,18,0,,,,,,,
2026-08-16T06:43:14.891-07:00,,link_ack,inbound,query_operational_state,ack,,link_layer,18,,,,,,,,
2026-08-16T06:43:15.014-07:00,,operational_state,inbound,query_operational_state,received,,device_response,19,4,,,4,Idle Curtailed,,,
2026-08-16T06:43:15.054-07:00,,query_completed,outbound,query_operational_state,ok,,periodic,18,0,,,,,,,
2026-08-16T06:43:16.055-07:00,auto_outside_comm_heartbeat_19,command_sent,outbound,outside_communication1,pending,0,schedule,14,0,,,,,,,
2026-08-16T06:43:16.119-07:00,,link_ack,inbound,outside_communication,ack,,link_layer,14,,,,,,,,
2026-08-16T06:43:16.244-07:00,,application_ack,inbound,outside_communication,ack,,application_layer,3,14,,,,,,,
2026-08-16T06:43:16.284-07:00,auto_outside_comm_heartbeat_19,command_completed,outbound,outside_communication1,ok,0,schedule,14,0,,,,,,,
2026-08-16T06:43:45.304-07:00,,query_sent,outbound,get_commodity,pending,,periodic,6,0,,,,,,,
2026-08-16T06:43:45.403-07:00,,link_ack,inbound,get_commodity,ack,,link_layer,6,,,,,,,,
2026-08-16T06:43:45.573-07:00,,intermediate_response,inbound,get_commodity,success,,device_response,6,128,,,,,0,success,
2026-08-16T06:43:45.616-07:00,,query_completed,outbound,get_commodity,ok,,periodic,6,0,,,,,0,success,
2026-08-16T06:43:45.616-07:00,,query_sent,outbound,query_operational_state,pending,,periodic,18,0,,,,,,,
2026-08-16T06:43:45.778-07:00,,link_ack,inbound,query_operational_state,ack,,link_layer,18,,,,,,,,
2026-08-16T06:43:45.902-07:00,,operational_state,inbound,query_operational_state,received,,device_response,19,4,,,4,Idle Curtailed,,,
2026-08-16T06:43:45.942-07:00,,query_completed,outbound,query_operational_state,ok,,periodic,18,0,,,,,,,
2026-08-16T06:44:14.961-07:00,,query_sent,outbound,query_operational_state,pending,,periodic,18,0,,,,,,,
2026-08-16T06:44:15.061-07:00,,link_ack,inbound,query_operational_state,ack,,link_layer,18,,,,,,,,
2026-08-16T06:44:15.185-07:00,,operational_state,inbound,query_operational_state,received,,device_response,19,4,,,4,Idle Curtailed,,,
2026-08-16T06:44:15.225-07:00,,query_completed,outbound,query_operational_state,ok,,periodic,18,0,,,,,,,
2026-08-16T06:44:45.245-07:00,,query_sent,outbound,get_commodity,pending,,periodic,6,0,,,,,,,
2026-08-16T06:44:45.346-07:00,,link_ack,inbound,get_commodity,ack,,link_layer,6,,,,,,,,
2026-08-16T06:44:45.515-07:00,,intermediate_response,inbound,get_commodity,success,,device_response,6,128,,,,,0,success,
2026-08-16T06:44:45.558-07:00,,query_completed,outbound,get_commodity,ok,,periodic,6,0,,,,,0,success,
2026-08-16T06:44:45.559-07:00,,query_sent,outbound,query_operational_state,pending,,periodic,18,0,,,,,,,
2026-08-16T06:44:45.720-07:00,,link_ack,inbound,query_operational_state,ack,,link_layer,18,,,,,,,,
2026-08-16T06:44:45.844-07:00,,operational_state,inbound,query_operational_state,received,,device_response,19,4,,,4,Idle Curtailed,,,
2026-08-16T06:44:45.885-07:00,,query_completed,outbound,query_operational_state,ok,,periodic,18,0,,,,,,,
2026-08-16T06:45:14.904-07:00,,query_sent,outbound,query_operational_state,pending,,periodic,18,0,,,,,,,
2026-08-16T06:45:15.004-07:00,,link_ack,inbound,query_operational_state,ack,,link_layer,18,,,,,,,,
2026-08-16T06:45:15.127-07:00,,operational_state,inbound,query_operational_state,received,,device_response,19,4,,,4,Idle Curtailed,,,
2026-08-16T06:45:15.168-07:00,,query_completed,outbound,query_operational_state,ok,,periodic,18,0,,,,,,,
2026-08-16T06:45:45.188-07:00,,query_sent,outbound,get_commodity,pending,,periodic,6,0,,,,,,,
2026-08-16T06:45:45.288-07:00,,link_ack,inbound,get_commodity,ack,,link_layer,6,,,,,,,,
2026-08-16T06:45:45.457-07:00,,intermediate_response,inbound,get_commodity,success,,device_response,6,128,,,,,0,success,
2026-08-16T06:45:45.500-07:00,,query_completed,outbound,get_commodity,ok,,periodic,6,0,,,,,0,success,
2026-08-16T06:45:45.501-07:00,,query_sent,outbound,query_operational_state,pending,,periodic,18,0,,,,,,,
2026-08-16T06:45:45.664-07:00,,link_ack,inbound,query_operational_state,ack,,link_layer,18,,,,,,,,
2026-08-16T06:45:45.788-07:00,,operational_state,inbound,query_operational_state,received,,device_response,19,4,,,4,Idle Curtailed,,,
2026-08-16T06:45:45.829-07:00,,query_completed,outbound,query_operational_state,ok,,periodic,18,0,,,,,,,
2026-08-16T06:46:14.848-07:00,,query_sent,outbound,query_operational_state,pending,,periodic,18,0,,,,,,,
2026-08-16T06:46:14.946-07:00,,link_ack,inbound,query_operational_state,ack,,link_layer,18,,,,,,,,
2026-08-16T06:46:15.069-07:00,,operational_state,inbound,query_operational_state,received,,device_response,19,4,,,4,Idle Curtailed,,,
2026-08-16T06:46:15.110-07:00,,query_completed,outbound,query_operational_state,ok,,periodic,18,0,,,,,,,
2026-08-16T06:46:45.130-07:00,,query_sent,outbound,get_commodity,pending,,periodic,6,0,,,,,,,
2026-08-16T06:46:45.231-07:00,,link_ack,inbound,get_commodity,ack,,link_layer,6,,,,,,,,
2026-08-16T06:46:45.399-07:00,,intermediate_response,inbound,get_commodity,success,,device_response,6,128,,,,,0,success,
2026-08-16T06:46:45.443-07:00,,query_completed,outbound,get_commodity,ok,,periodic,6,0,,,,,0,success,
2026-08-16T06:46:45.443-07:00,,query_sent,outbound,query_operational_state,pending,,periodic,18,0,,,,,,,
2026-08-16T06:46:45.605-07:00,,link_ack,inbound,query_operational_state,ack,,link_layer,18,,,,,,,,
2026-08-16T06:46:45.728-07:00,,operational_state,inbound,query_operational_state,received,,device_response,19,4,,,4,Idle Curtailed,,,
2026-08-16T06:46:45.769-07:00,,query_completed,outbound,query_operational_state,ok,,periodic,18,0,,,,,,,
2026-08-16T06:47:14.787-07:00,,query_sent,outbound,query_operational_state,pending,,periodic,18,0,,,,,,,
2026-08-16T06:47:14.885-07:00,,link_ack,inbound,query_operational_state,ack,,link_layer,18,,,,,,,,
2026-08-16T06:47:15.008-07:00,,operational_state,inbound,query_operational_state,received,,device_response,19,4,,,4,Idle Curtailed,,,
2026-08-16T06:47:15.048-07:00,,query_completed,outbound,query_operational_state,ok,,periodic,18,0,,,,,,,
2026-08-16T06:47:45.068-07:00,,query_sent,outbound,get_commodity,pending,,periodic,6,0,,,,,,,
2026-08-16T06:47:45.172-07:00,,link_ack,inbound,get_commodity,ack,,link_layer,6,,,,,,,,
2026-08-16T06:47:45.340-07:00,,intermediate_response,inbound,get_commodity,success,,device_response,6,128,,,,,0,success,
2026-08-16T06:47:45.384-07:00,,query_completed,outbound,get_commodity,ok,,periodic,6,0,,,,,0,success,
2026-08-16T06:47:45.384-07:00,,query_sent,outbound,query_operational_state,pending,,periodic,18,0,,,,,,,
2026-08-16T06:47:45.546-07:00,,link_ack,inbound,query_operational_state,ack,,link_layer,18,,,,,,,,
2026-08-16T06:47:45.671-07:00,,operational_state,inbound,query_operational_state,received,,device_response,19,4,,,4,Idle Curtailed,,,
2026-08-16T06:47:45.711-07:00,,query_completed,outbound,query_operational_state,ok,,periodic,18,0,,,,,,,
2026-08-16T06:48:14.731-07:00,,query_sent,outbound,query_operational_state,pending,,periodic,18,0,,,,,,,
2026-08-16T06:48:14.832-07:00,,link_ack,inbound,query_operational_state,ack,,link_layer,18,,,,,,,,
2026-08-16T06:48:14.957-07:00,,operational_state,inbound,query_operational_state,received,,device_response,19,4,,,4,Idle Curtailed,,,
2026-08-16T06:48:14.997-07:00,,query_completed,outbound,query_operational_state,ok,,periodic,18,0,,,,,,,
2026-08-16T06:48:45.018-07:00,,query_sent,outbound,get_commodity,pending,,periodic,6,0,,,,,,,
2026-08-16T06:48:45.122-07:00,,link_ack,inbound,get_commodity,ack,,link_layer,6,,,,,,,,
2026-08-16T06:48:45.290-07:00,,intermediate_response,inbound,get_commodity,success,,device_response,6,128,,,,,0,success,
2026-08-16T06:48:45.333-07:00,,query_completed,outbound,get_commodity,ok,,periodic,6,0,,,,,0,success,
2026-08-16T06:48:45.334-07:00,,query_sent,outbound,query_operational_state,pending,,periodic,18,0,,,,,,,
2026-08-16T06:48:45.495-07:00,,link_ack,inbound,query_operational_state,ack,,link_layer,18,,,,,,,,
2026-08-16T06:48:45.620-07:00,,operational_state,inbound,query_operational_state,received,,device_response,19,4,,,4,Idle Curtailed,,,
2026-08-16T06:48:45.661-07:00,,query_completed,outbound,query_operational_state,ok,,periodic,18,0,,,,,,,
2026-08-16T06:49:14.680-07:00,,query_sent,outbound,query_operational_state,pending,,periodic,18,0,,,,,,,
2026-08-16T06:49:14.784-07:00,,link_ack,inbound,query_operational_state,ack,,link_layer,18,,,,,,,,
2026-08-16T06:49:14.907-07:00,,operational_state,inbound,query_operational_state,received,,device_response,19,4,,,4,Idle Curtailed,,,
2026-08-16T06:49:14.948-07:00,,query_completed,outbound,query_operational_state,ok,,periodic,18,0,,,,,,,
2026-08-16T06:49:44.968-07:00,,query_sent,outbound,get_commodity,pending,,periodic,6,0,,,,,,,
2026-08-16T06:49:45.066-07:00,,link_ack,inbound,get_commodity,ack,,link_layer,6,,,,,,,,
2026-08-16T06:49:45.235-07:00,,intermediate_response,inbound,get_commodity,success,,device_response,6,128,,,,,0,success,
2026-08-16T06:49:45.279-07:00,,query_completed,outbound,get_commodity,ok,,periodic,6,0,,,,,0,success,
2026-08-16T06:49:45.279-07:00,,query_sent,outbound,query_operational_state,pending,,periodic,18,0,,,,,,,
2026-08-16T06:49:45.443-07:00,,link_ack,inbound,query_operational_state,ack,,link_layer,18,,,,,,,,
2026-08-16T06:49:45.566-07:00,,operational_state,inbound,query_operational_state,received,,device_response,19,4,,,4,Idle Curtailed,,,
2026-08-16T06:49:45.607-07:00,,query_completed,outbound,query_operational_state,ok,,periodic,18,0,,,,,,,
2026-08-16T06:50:15.627-07:00,,query_sent,outbound,query_operational_state,pending,,periodic,18,0,,,,,,,
2026-08-16T06:50:15.729-07:00,,link_ack,inbound,query_operational_state,ack,,link_layer,18,,,,,,,,
2026-08-16T06:50:15.854-07:00,,operational_state,inbound,query_operational_state,received,,device_response,19,4,,,4,Idle Curtailed,,,
2026-08-16T06:50:15.894-07:00,,query_completed,outbound,query_operational_state,ok,,periodic,18,0,,,,,,,
2026-08-16T06:50:44.913-07:00,,query_sent,outbound,get_commodity,pending,,periodic,6,0,,,,,,,
2026-08-16T06:50:45.013-07:00,,link_ack,inbound,get_commodity,ack,,link_layer,6,,,,,,,,
2026-08-16T06:50:45.182-07:00,,intermediate_response,inbound,get_commodity,success,,device_response,6,128,,,,,0,success,
2026-08-16T06:50:45.226-07:00,,query_completed,outbound,get_commodity,ok,,periodic,6,0,,,,,0,success,
2026-08-16T06:50:45.226-07:00,,query_sent,outbound,query_operational_state,pending,,periodic,18,0,,,,,,,
2026-08-16T06:50:45.388-07:00,,link_ack,inbound,query_operational_state,ack,,link_layer,18,,,,,,,,
2026-08-16T06:50:45.512-07:00,,operational_state,inbound,query_operational_state,received,,device_response,19,4,,,4,Idle Curtailed,,,
2026-08-16T06:50:45.552-07:00,,query_completed,outbound,query_operational_state,ok,,periodic,18,0,,,,,,,
2026-08-16T06:51:15.571-07:00,,query_sent,outbound,query_operational_state,pending,,periodic,18,0,,,,,,,
2026-08-16T06:51:15.673-07:00,,link_ack,inbound,query_operational_state,ack,,link_layer,18,,,,,,,,
2026-08-16T06:51:15.797-07:00,,operational_state,inbound,query_operational_state,received,,device_response,19,4,,,4,Idle Curtailed,,,
2026-08-16T06:51:15.838-07:00,,query_completed,outbound,query_operational_state,ok,,periodic,18,0,,,,,,,
2026-08-16T06:51:44.856-07:00,,query_sent,outbound,get_commodity,pending,,periodic,6,0,,,,,,,
2026-08-16T06:51:44.958-07:00,,link_ack,inbound,get_commodity,ack,,link_layer,6,,,,,,,,
2026-08-16T06:51:45.126-07:00,,intermediate_response,inbound,get_commodity,success,,device_response,6,128,,,,,0,success,
2026-08-16T06:51:45.170-07:00,,query_completed,outbound,get_commodity,ok,,periodic,6,0,,,,,0,success,
2026-08-16T06:51:45.170-07:00,,query_sent,outbound,query_operational_state,pending,,periodic,18,0,,,,,,,
2026-08-16T06:51:45.332-07:00,,link_ack,inbound,query_operational_state,ack,,link_layer,18,,,,,,,,
2026-08-16T06:51:45.456-07:00,,operational_state,inbound,query_operational_state,received,,device_response,19,4,,,4,Idle Curtailed,,,
2026-08-16T06:51:45.497-07:00,,query_completed,outbound,query_operational_state,ok,,periodic,18,0,,,,,,,
2026-08-16T06:52:15.516-07:00,,query_sent,outbound,query_operational_state,pending,,periodic,18,0,,,,,,,
2026-08-16T06:52:15.620-07:00,,link_ack,inbound,query_operational_state,ack,,link_layer,18,,,,,,,,
2026-08-16T06:52:15.743-07:00,,operational_state,inbound,query_operational_state,received,,device_response,19,4,,,4,Idle Curtailed,,,
2026-08-16T06:52:15.784-07:00,,query_completed,outbound,query_operational_state,ok,,periodic,18,0,,,,,,,
2026-08-16T06:52:44.803-07:00,,query_sent,outbound,get_commodity,pending,,periodic,6,0,,,,,,,
2026-08-16T06:52:44.905-07:00,,link_ack,inbound,get_commodity,ack,,link_layer,6,,,,,,,,
2026-08-16T06:52:45.074-07:00,,intermediate_response,inbound,get_commodity,success,,device_response,6,128,,,,,0,success,
2026-08-16T06:52:45.117-07:00,,query_completed,outbound,get_commodity,ok,,periodic,6,0,,,,,0,success,
2026-08-16T06:52:45.118-07:00,,query_sent,outbound,query_operational_state,pending,,periodic,18,0,,,,,,,
2026-08-16T06:52:45.279-07:00,,link_ack,inbound,query_operational_state,ack,,link_layer,18,,,,,,,,
2026-08-16T06:52:45.403-07:00,,operational_state,inbound,query_operational_state,received,,device_response,19,4,,,4,Idle Curtailed,,,
2026-08-16T06:52:45.444-07:00,,query_completed,outbound,query_operational_state,ok,,periodic,18,0,,,,,,,
2026-08-16T06:53:15.463-07:00,,query_sent,outbound,query_operational_state,pending,,periodic,18,0,,,,,,,
2026-08-16T06:53:15.565-07:00,,link_ack,inbound,query_operational_state,ack,,link_layer,18,,,,,,,,
2026-08-16T06:53:15.689-07:00,,operational_state,inbound,query_operational_state,received,,device_response,19,4,,,4,Idle Curtailed,,,
2026-08-16T06:53:15.729-07:00,,query_completed,outbound,query_operational_state,ok,,periodic,18,0,,,,,,,
2026-08-16T06:53:44.748-07:00,,query_sent,outbound,get_commodity,pending,,periodic,6,0,,,,,,,
2026-08-16T06:53:44.847-07:00,,link_ack,inbound,get_commodity,ack,,link_layer,6,,,,,,,,
2026-08-16T06:53:45.016-07:00,,intermediate_response,inbound,get_commodity,success,,device_response,6,128,,,,,0,success,
2026-08-16T06:53:45.060-07:00,,query_completed,outbound,get_commodity,ok,,periodic,6,0,,,,,0,success,
2026-08-16T06:53:45.060-07:00,,query_sent,outbound,query_operational_state,pending,,periodic,18,0,,,,,,,
2026-08-16T06:53:45.222-07:00,,link_ack,inbound,query_operational_state,ack,,link_layer,18,,,,,,,,
2026-08-16T06:53:45.345-07:00,,operational_state,inbound,query_operational_state,received,,device_response,19,4,,,4,Idle Curtailed,,,
2026-08-16T06:53:45.386-07:00,,query_completed,outbound,query_operational_state,ok,,periodic,18,0,,,,,,,
2026-08-16T06:54:15.405-07:00,,query_sent,outbound,query_operational_state,pending,,periodic,18,0,,,,,,,
2026-08-16T06:54:15.507-07:00,,link_ack,inbound,query_operational_state,ack,,link_layer,18,,,,,,,,
2026-08-16T06:54:15.630-07:00,,operational_state,inbound,query_operational_state,received,,device_response,19,4,,,4,Idle Curtailed,,,
2026-08-16T06:54:15.670-07:00,,query_completed,outbound,query_operational_state,ok,,periodic,18,0,,,,,,,
2026-08-16T06:54:44.689-07:00,,query_sent,outbound,get_commodity,pending,,periodic,6,0,,,,,,,
2026-08-16T06:54:44.790-07:00,,link_ack,inbound,get_commodity,ack,,link_layer,6,,,,,,,,
2026-08-16T06:54:44.960-07:00,,intermediate_response,inbound,get_commodity,success,,device_response,6,128,,,,,0,success,
2026-08-16T06:54:45.004-07:00,,query_completed,outbound,get_commodity,ok,,periodic,6,0,,,,,0,success,
2026-08-16T06:54:45.004-07:00,,query_sent,outbound,query_operational_state,pending,,periodic,18,0,,,,,,,
2026-08-16T06:54:45.167-07:00,,link_ack,inbound,query_operational_state,ack,,link_layer,18,,,,,,,,
2026-08-16T06:54:45.291-07:00,,operational_state,inbound,query_operational_state,received,,device_response,19,4,,,4,Idle Curtailed,,,
2026-08-16T06:54:45.332-07:00,,query_completed,outbound,query_operational_state,ok,,periodic,18,0,,,,,,,
2026-08-16T06:55:15.351-07:00,,query_sent,outbound,query_operational_state,pending,,periodic,18,0,,,,,,,
2026-08-16T06:55:15.454-07:00,,link_ack,inbound,query_operational_state,ack,,link_layer,18,,,,,,,,
2026-08-16T06:55:15.579-07:00,,operational_state,inbound,query_operational_state,received,,device_response,19,4,,,4,Idle Curtailed,,,
2026-08-16T06:55:15.619-07:00,,query_completed,outbound,query_operational_state,ok,,periodic,18,0,,,,,,,
2026-08-16T06:55:44.638-07:00,,query_sent,outbound,get_commodity,pending,,periodic,6,0,,,,,,,
2026-08-16T06:55:44.739-07:00,,link_ack,inbound,get_commodity,ack,,link_layer,6,,,,,,,,
2026-08-16T06:55:44.907-07:00,,intermediate_response,inbound,get_commodity,success,,device_response,6,128,,,,,0,success,
2026-08-16T06:55:44.951-07:00,,query_completed,outbound,get_commodity,ok,,periodic,6,0,,,,,0,success,
2026-08-16T06:55:44.951-07:00,,query_sent,outbound,query_operational_state,pending,,periodic,18,0,,,,,,,
2026-08-16T06:55:45.113-07:00,,link_ack,inbound,query_operational_state,ack,,link_layer,18,,,,,,,,
2026-08-16T06:55:45.237-07:00,,operational_state,inbound,query_operational_state,received,,device_response,19,4,,,4,Idle Curtailed,,,
2026-08-16T06:55:45.277-07:00,,query_completed,outbound,query_operational_state,ok,,periodic,18,0,,,,,,,
2026-08-16T06:56:15.297-07:00,,query_sent,outbound,query_operational_state,pending,,periodic,18,0,,,,,,,
2026-08-16T06:56:15.400-07:00,,link_ack,inbound,query_operational_state,ack,,link_layer,18,,,,,,,,
2026-08-16T06:56:15.524-07:00,,operational_state,inbound,query_operational_state,received,,device_response,19,4,,,4,Idle Curtailed,,,
2026-08-16T06:56:15.565-07:00,,query_completed,outbound,query_operational_state,ok,,periodic,18,0,,,,,,,
2026-08-16T06:56:45.583-07:00,auto_outside_comm_heartbeat_20,command_sent,outbound,outside_communication1,pending,0,schedule,14,0,,,,,,,
2026-08-16T06:56:45.686-07:00,,link_ack,inbound,outside_communication,ack,,link_layer,14,,,,,,,,
2026-08-16T06:56:45.810-07:00,,application_ack,inbound,outside_communication,ack,,application_layer,3,14,,,,,,,
2026-08-16T06:56:45.850-07:00,auto_outside_comm_heartbeat_20,command_completed,outbound,outside_communication1,ok,0,schedule,14,0,,,,,,,
2026-08-16T06:56:45.852-07:00,,query_sent,outbound,get_commodity,pending,,periodic,6,0,,,,,,,
2026-08-16T06:56:46.013-07:00,,link_ack,inbound,get_commodity,ack,,link_layer,6,,,,,,,,
2026-08-16T06:56:46.181-07:00,,intermediate_response,inbound,get_commodity,success,,device_response,6,128,,,,,0,success,
2026-08-16T06:56:46.224-07:00,,query_completed,outbound,get_commodity,ok,,periodic,6,0,,,,,0,success,
2026-08-16T06:56:46.225-07:00,,query_sent,outbound,query_operational_state,pending,,periodic,18,0,,,,,,,
2026-08-16T06:56:46.386-07:00,,link_ack,inbound,query_operational_state,ack,,link_layer,18,,,,,,,,
2026-08-16T06:56:46.510-07:00,,operational_state,inbound,query_operational_state,received,,device_response,19,4,,,4,Idle Curtailed,,,
2026-08-16T06:56:46.550-07:00,,query_completed,outbound,query_operational_state,ok,,periodic,18,0,,,,,,,
2026-08-16T06:57:15.568-07:00,,query_sent,outbound,query_operational_state,pending,,periodic,18,0,,,,,,,
2026-08-16T06:57:15.672-07:00,,link_ack,inbound,query_operational_state,ack,,link_layer,18,,,,,,,,
2026-08-16T06:57:15.795-07:00,,operational_state,inbound,query_operational_state,received,,device_response,19,4,,,4,Idle Curtailed,,,
2026-08-16T06:57:15.835-07:00,,query_completed,outbound,query_operational_state,ok,,periodic,18,0,,,,,,,
2026-08-16T06:57:44.854-07:00,,query_sent,outbound,get_commodity,pending,,periodic,6,0,,,,,,,
2026-08-16T06:57:44.954-07:00,,link_ack,inbound,get_commodity,ack,,link_layer,6,,,,,,,,
2026-08-16T06:57:45.124-07:00,,intermediate_response,inbound,get_commodity,success,,device_response,6,128,,,,,0,success,
2026-08-16T06:57:45.168-07:00,,query_completed,outbound,get_commodity,ok,,periodic,6,0,,,,,0,success,
2026-08-16T06:57:45.168-07:00,,query_sent,outbound,query_operational_state,pending,,periodic,18,0,,,,,,,
2026-08-16T06:57:45.330-07:00,,link_ack,inbound,query_operational_state,ack,,link_layer,18,,,,,,,,
2026-08-16T06:57:45.454-07:00,,operational_state,inbound,query_operational_state,received,,device_response,19,4,,,4,Idle Curtailed,,,
2026-08-16T06:57:45.494-07:00,,query_completed,outbound,query_operational_state,ok,,periodic,18,0,,,,,,,
2026-08-16T06:58:15.513-07:00,,query_sent,outbound,query_operational_state,pending,,periodic,18,0,,,,,,,
2026-08-16T06:58:15.617-07:00,,link_ack,inbound,query_operational_state,ack,,link_layer,18,,,,,,,,
2026-08-16T06:58:15.740-07:00,,operational_state,inbound,query_operational_state,received,,device_response,19,4,,,4,Idle Curtailed,,,
2026-08-16T06:58:15.781-07:00,,query_completed,outbound,query_operational_state,ok,,periodic,18,0,,,,,,,
2026-08-16T06:58:44.799-07:00,,query_sent,outbound,get_commodity,pending,,periodic,6,0,,,,,,,
2026-08-16T06:58:44.899-07:00,,link_ack,inbound,get_commodity,ack,,link_layer,6,,,,,,,,
2026-08-16T06:58:45.067-07:00,,intermediate_response,inbound,get_commodity,success,,device_response,6,128,,,,,0,success,
2026-08-16T06:58:45.110-07:00,,query_completed,outbound,get_commodity,ok,,periodic,6,0,,,,,0,success,
2026-08-16T06:58:45.110-07:00,,query_sent,outbound,query_operational_state,pending,,periodic,18,0,,,,,,,
2026-08-16T06:58:45.273-07:00,,link_ack,inbound,query_operational_state,ack,,link_layer,18,,,,,,,,
2026-08-16T06:58:45.398-07:00,,operational_state,inbound,query_operational_state,received,,device_response,19,4,,,4,Idle Curtailed,,,
2026-08-16T06:58:45.439-07:00,,query_completed,outbound,query_operational_state,ok,,periodic,18,0,,,,,,,
2026-08-16T06:59:15.458-07:00,,query_sent,outbound,query_operational_state,pending,,periodic,18,0,,,,,,,
2026-08-16T06:59:15.561-07:00,,link_ack,inbound,query_operational_state,ack,,link_layer,18,,,,,,,,
2026-08-16T06:59:15.685-07:00,,operational_state,inbound,query_operational_state,received,,device_response,19,4,,,4,Idle Curtailed,,,
2026-08-16T06:59:15.726-07:00,,query_completed,outbound,query_operational_state,ok,,periodic,18,0,,,,,,,
2026-08-16T06:59:44.744-07:00,,query_sent,outbound,get_commodity,pending,,periodic,6,0,,,,,,,
2026-08-16T06:59:44.845-07:00,,link_ack,inbound,get_commodity,ack,,link_layer,6,,,,,,,,
2026-08-16T06:59:45.013-07:00,,intermediate_response,inbound,get_commodity,success,,device_response,6,128,,,,,0,success,
2026-08-16T06:59:45.057-07:00,,query_completed,outbound,get_commodity,ok,,periodic,6,0,,,,,0,success,
2026-08-16T06:59:45.057-07:00,,query_sent,outbound,query_operational_state,pending,,periodic,18,0,,,,,,,
2026-08-16T06:59:45.219-07:00,,link_ack,inbound,query_operational_state,ack,,link_layer,18,,,,,,,,
2026-08-16T06:59:45.343-07:00,,operational_state,inbound,query_operational_state,received,,device_response,19,4,,,4,Idle Curtailed,,,
2026-08-16T06:59:45.384-07:00,,query_completed,outbound,query_operational_state,ok,,periodic,18,0,,,,,,,
2026-08-16T07:00:15.403-07:00,,query_sent,outbound,query_operational_state,pending,,periodic,18,0,,,,,,,
2026-08-16T07:00:15.505-07:00,,link_ack,inbound,query_operational_state,ack,,link_layer,18,,,,,,,,
2026-08-16T07:00:15.629-07:00,,operational_state,inbound,query_operational_state,received,,device_response,19,4,,,4,Idle Curtailed,,,
2026-08-16T07:00:15.670-07:00,,query_completed,outbound,query_operational_state,ok,,periodic,18,0,,,,,,,
2026-08-16T07:00:44.687-07:00,,query_sent,outbound,get_commodity,pending,,periodic,6,0,,,,,,,
2026-08-16T07:00:44.788-07:00,,link_ack,inbound,get_commodity,ack,,link_layer,6,,,,,,,,
2026-08-16T07:00:44.956-07:00,,intermediate_response,inbound,get_commodity,success,,device_response,6,128,,,,,0,success,
2026-08-16T07:00:45.000-07:00,,query_completed,outbound,get_commodity,ok,,periodic,6,0,,,,,0,success,
2026-08-16T07:00:45.000-07:00,,query_sent,outbound,query_operational_state,pending,,periodic,18,0,,,,,,,
2026-08-16T07:00:45.162-07:00,,link_ack,inbound,query_operational_state,ack,,link_layer,18,,,,,,,,
2026-08-16T07:00:45.285-07:00,,operational_state,inbound,query_operational_state,received,,device_response,19,4,,,4,Idle Curtailed,,,
2026-08-16T07:00:45.326-07:00,,query_completed,outbound,query_operational_state,ok,,periodic,18,0,,,,,,,
2026-08-16T07:01:15.345-07:00,,query_sent,outbound,query_operational_state,pending,,periodic,18,0,,,,,,,
2026-08-16T07:01:15.447-07:00,,link_ack,inbound,query_operational_state,ack,,link_layer,18,,,,,,,,
2026-08-16T07:01:15.571-07:00,,operational_state,inbound,query_operational_state,received,,device_response,19,4,,,4,Idle Curtailed,,,
2026-08-16T07:01:15.612-07:00,,query_completed,outbound,query_operational_state,ok,,periodic,18,0,,,,,,,
2026-08-16T07:01:45.630-07:00,,query_sent,outbound,get_commodity,pending,,periodic,6,0,,,,,,,
2026-08-16T07:01:45.735-07:00,,link_ack,inbound,get_commodity,ack,,link_layer,6,,,,,,,,
2026-08-16T07:01:45.903-07:00,,intermediate_response,inbound,get_commodity,success,,device_response,6,128,,,,,0,success,
2026-08-16T07:01:45.947-07:00,,query_completed,outbound,get_commodity,ok,,periodic,6,0,,,,,0,success,
2026-08-16T07:01:45.947-07:00,,query_sent,outbound,query_operational_state,pending,,periodic,18,0,,,,,,,
2026-08-16T07:01:46.108-07:00,,link_ack,inbound,query_operational_state,ack,,link_layer,18,,,,,,,,
2026-08-16T07:01:46.233-07:00,,operational_state,inbound,query_operational_state,received,,device_response,19,4,,,4,Idle Curtailed,,,
2026-08-16T07:01:46.274-07:00,,query_completed,outbound,query_operational_state,ok,,periodic,18,0,,,,,,,
2026-08-16T07:02:15.292-07:00,,query_sent,outbound,query_operational_state,pending,,periodic,18,0,,,,,,,
2026-08-16T07:02:15.394-07:00,,link_ack,inbound,query_operational_state,ack,,link_layer,18,,,,,,,,
2026-08-16T07:02:15.517-07:00,,operational_state,inbound,query_operational_state,received,,device_response,19,4,,,4,Idle Curtailed,,,
2026-08-16T07:02:15.558-07:00,,query_completed,outbound,query_operational_state,ok,,periodic,18,0,,,,,,,
2026-08-16T07:02:45.576-07:00,,query_sent,outbound,get_commodity,pending,,periodic,6,0,,,,,,,
2026-08-16T07:02:45.679-07:00,,link_ack,inbound,get_commodity,ack,,link_layer,6,,,,,,,,
2026-08-16T07:02:45.848-07:00,,intermediate_response,inbound,get_commodity,success,,device_response,6,128,,,,,0,success,
2026-08-16T07:02:45.892-07:00,,query_completed,outbound,get_commodity,ok,,periodic,6,0,,,,,0,success,
2026-08-16T07:02:45.892-07:00,,query_sent,outbound,query_operational_state,pending,,periodic,18,0,,,,,,,
2026-08-16T07:02:46.055-07:00,,link_ack,inbound,query_operational_state,ack,,link_layer,18,,,,,,,,
2026-08-16T07:02:46.179-07:00,,operational_state,inbound,query_operational_state,received,,device_response,19,4,,,4,Idle Curtailed,,,
2026-08-16T07:02:46.220-07:00,,query_completed,outbound,query_operational_state,ok,,periodic,18,0,,,,,,,
2026-08-16T07:03:15.238-07:00,,query_sent,outbound,query_operational_state,pending,,periodic,18,0,,,,,,,
2026-08-16T07:03:15.339-07:00,,link_ack,inbound,query_operational_state,ack,,link_layer,18,,,,,,,,
2026-08-16T07:03:15.463-07:00,,operational_state,inbound,query_operational_state,received,,device_response,19,4,,,4,Idle Curtailed,,,
2026-08-16T07:03:15.503-07:00,,query_completed,outbound,query_operational_state,ok,,periodic,18,0,,,,,,,
2026-08-16T07:03:45.522-07:00,,query_sent,outbound,get_commodity,pending,,periodic,6,0,,,,,,,
2026-08-16T07:03:45.621-07:00,,link_ack,inbound,get_commodity,ack,,link_layer,6,,,,,,,,
2026-08-16T07:03:45.790-07:00,,intermediate_response,inbound,get_commodity,success,,device_response,6,128,,,,,0,success,
2026-08-16T07:03:45.834-07:00,,query_completed,outbound,get_commodity,ok,,periodic,6,0,,,,,0,success,
2026-08-16T07:03:45.834-07:00,,query_sent,outbound,query_operational_state,pending,,periodic,18,0,,,,,,,
2026-08-16T07:03:45.996-07:00,,link_ack,inbound,query_operational_state,ack,,link_layer,18,,,,,,,,
2026-08-16T07:03:46.120-07:00,,operational_state,inbound,query_operational_state,received,,device_response,19,4,,,4,Idle Curtailed,,,
2026-08-16T07:03:46.161-07:00,,query_completed,outbound,query_operational_state,ok,,periodic,18,0,,,,,,,
2026-08-16T07:04:15.178-07:00,,query_sent,outbound,query_operational_state,pending,,periodic,18,0,,,,,,,
2026-08-16T07:04:15.282-07:00,,link_ack,inbound,query_operational_state,ack,,link_layer,18,,,,,,,,
2026-08-16T07:04:15.405-07:00,,operational_state,inbound,query_operational_state,received,,device_response,19,4,,,4,Idle Curtailed,,,
2026-08-16T07:04:15.446-07:00,,query_completed,outbound,query_operational_state,ok,,periodic,18,0,,,,,,,
2026-08-16T07:04:45.464-07:00,,query_sent,outbound,get_commodity,pending,,periodic,6,0,,,,,,,
2026-08-16T07:04:45.569-07:00,,link_ack,inbound,get_commodity,ack,,link_layer,6,,,,,,,,
2026-08-16T07:04:45.738-07:00,,intermediate_response,inbound,get_commodity,success,,device_response,6,128,,,,,0,success,
2026-08-16T07:04:45.781-07:00,,query_completed,outbound,get_commodity,ok,,periodic,6,0,,,,,0,success,
2026-08-16T07:04:45.781-07:00,,query_sent,outbound,query_operational_state,pending,,periodic,18,0,,,,,,,
2026-08-16T07:04:45.943-07:00,,link_ack,inbound,query_operational_state,ack,,link_layer,18,,,,,,,,
2026-08-16T07:04:46.067-07:00,,operational_state,inbound,query_operational_state,received,,device_response,19,4,,,4,Idle Curtailed,,,
2026-08-16T07:04:46.108-07:00,,query_completed,outbound,query_operational_state,ok,,periodic,18,0,,,,,,,
2026-08-16T07:05:15.126-07:00,,query_sent,outbound,query_operational_state,pending,,periodic,18,0,,,,,,,
2026-08-16T07:05:15.230-07:00,,link_ack,inbound,query_operational_state,ack,,link_layer,18,,,,,,,,
2026-08-16T07:05:15.354-07:00,,operational_state,inbound,query_operational_state,received,,device_response,19,4,,,4,Idle Curtailed,,,
2026-08-16T07:05:15.394-07:00,,query_completed,outbound,query_operational_state,ok,,periodic,18,0,,,,,,,
2026-08-16T07:05:45.412-07:00,,query_sent,outbound,get_commodity,pending,,periodic,6,0,,,,,,,
2026-08-16T07:05:45.518-07:00,,link_ack,inbound,get_commodity,ack,,link_layer,6,,,,,,,,
2026-08-16T07:05:45.687-07:00,,intermediate_response,inbound,get_commodity,success,,device_response,6,128,,,,,0,success,
2026-08-16T07:05:45.730-07:00,,query_completed,outbound,get_commodity,ok,,periodic,6,0,,,,,0,success,
2026-08-16T07:05:45.731-07:00,,query_sent,outbound,query_operational_state,pending,,periodic,18,0,,,,,,,
2026-08-16T07:05:45.894-07:00,,link_ack,inbound,query_operational_state,ack,,link_layer,18,,,,,,,,
2026-08-16T07:05:46.017-07:00,,operational_state,inbound,query_operational_state,received,,device_response,19,4,,,4,Idle Curtailed,,,
2026-08-16T07:05:46.058-07:00,,query_completed,outbound,query_operational_state,ok,,periodic,18,0,,,,,,,
2026-08-16T07:06:15.076-07:00,,query_sent,outbound,query_operational_state,pending,,periodic,18,0,,,,,,,
2026-08-16T07:06:15.175-07:00,,link_ack,inbound,query_operational_state,ack,,link_layer,18,,,,,,,,
2026-08-16T07:06:15.299-07:00,,operational_state,inbound,query_operational_state,received,,device_response,19,4,,,4,Idle Curtailed,,,
2026-08-16T07:06:15.339-07:00,,query_completed,outbound,query_operational_state,ok,,periodic,18,0,,,,,,,
2026-08-16T07:06:45.358-07:00,,query_sent,outbound,get_commodity,pending,,periodic,6,0,,,,,,,
2026-08-16T07:06:45.461-07:00,,link_ack,inbound,get_commodity,ack,,link_layer,6,,,,,,,,
2026-08-16T07:06:45.629-07:00,,intermediate_response,inbound,get_commodity,success,,device_response,6,128,,,,,0,success,
2026-08-16T07:06:45.673-07:00,,query_completed,outbound,get_commodity,ok,,periodic,6,0,,,,,0,success,
2026-08-16T07:06:45.674-07:00,,query_sent,outbound,query_operational_state,pending,,periodic,18,0,,,,,,,
2026-08-16T07:06:45.835-07:00,,link_ack,inbound,query_operational_state,ack,,link_layer,18,,,,,,,,
2026-08-16T07:06:45.959-07:00,,operational_state,inbound,query_operational_state,received,,device_response,19,4,,,4,Idle Curtailed,,,
2026-08-16T07:06:45.999-07:00,,query_completed,outbound,query_operational_state,ok,,periodic,18,0,,,,,,,
2026-08-16T07:07:15.017-07:00,,query_sent,outbound,query_operational_state,pending,,periodic,18,0,,,,,,,
2026-08-16T07:07:15.115-07:00,,link_ack,inbound,query_operational_state,ack,,link_layer,18,,,,,,,,
2026-08-16T07:07:15.238-07:00,,operational_state,inbound,query_operational_state,received,,device_response,19,4,,,4,Idle Curtailed,,,
2026-08-16T07:07:15.279-07:00,,query_completed,outbound,query_operational_state,ok,,periodic,18,0,,,,,,,
2026-08-16T07:07:45.299-07:00,,query_sent,outbound,get_commodity,pending,,periodic,6,0,,,,,,,
2026-08-16T07:07:45.403-07:00,,link_ack,inbound,get_commodity,ack,,link_layer,6,,,,,,,,
2026-08-16T07:07:45.574-07:00,,intermediate_response,inbound,get_commodity,success,,device_response,6,128,,,,,0,success,
2026-08-16T07:07:45.617-07:00,,query_completed,outbound,get_commodity,ok,,periodic,6,0,,,,,0,success,
2026-08-16T07:07:45.617-07:00,,query_sent,outbound,query_operational_state,pending,,periodic,18,0,,,,,,,
2026-08-16T07:07:45.780-07:00,,link_ack,inbound,query_operational_state,ack,,link_layer,18,,,,,,,,
2026-08-16T07:07:45.905-07:00,,operational_state,inbound,query_operational_state,received,,device_response,19,4,,,4,Idle Curtailed,,,
2026-08-16T07:07:45.946-07:00,,query_completed,outbound,query_operational_state,ok,,periodic,18,0,,,,,,,
2026-08-16T07:08:14.965-07:00,,query_sent,outbound,query_operational_state,pending,,periodic,18,0,,,,,,,
2026-08-16T07:08:15.068-07:00,,link_ack,inbound,query_operational_state,ack,,link_layer,18,,,,,,,,
2026-08-16T07:08:15.191-07:00,,operational_state,inbound,query_operational_state,received,,device_response,19,4,,,4,Idle Curtailed,,,
2026-08-16T07:08:15.232-07:00,,query_completed,outbound,query_operational_state,ok,,periodic,18,0,,,,,,,
2026-08-16T07:08:45.252-07:00,,query_sent,outbound,get_commodity,pending,,periodic,6,0,,,,,,,
2026-08-16T07:08:45.355-07:00,,link_ack,inbound,get_commodity,ack,,link_layer,6,,,,,,,,
2026-08-16T07:08:45.523-07:00,,intermediate_response,inbound,get_commodity,success,,device_response,6,128,,,,,0,success,
2026-08-16T07:08:45.567-07:00,,query_completed,outbound,get_commodity,ok,,periodic,6,0,,,,,0,success,
2026-08-16T07:08:45.567-07:00,,query_sent,outbound,query_operational_state,pending,,periodic,18,0,,,,,,,
2026-08-16T07:08:45.729-07:00,,link_ack,inbound,query_operational_state,ack,,link_layer,18,,,,,,,,
2026-08-16T07:08:45.852-07:00,,operational_state,inbound,query_operational_state,received,,device_response,19,4,,,4,Idle Curtailed,,,
2026-08-16T07:08:45.893-07:00,,query_completed,outbound,query_operational_state,ok,,periodic,18,0,,,,,,,
2026-08-16T07:09:14.912-07:00,,query_sent,outbound,query_operational_state,pending,,periodic,18,0,,,,,,,
2026-08-16T07:09:15.014-07:00,,link_ack,inbound,query_operational_state,ack,,link_layer,18,,,,,,,,
2026-08-16T07:09:15.137-07:00,,operational_state,inbound,query_operational_state,received,,device_response,19,4,,,4,Idle Curtailed,,,
2026-08-16T07:09:15.178-07:00,,query_completed,outbound,query_operational_state,ok,,periodic,18,0,,,,,,,
2026-08-16T07:09:45.198-07:00,,query_sent,outbound,get_commodity,pending,,periodic,6,0,,,,,,,
2026-08-16T07:09:45.302-07:00,,link_ack,inbound,get_commodity,ack,,link_layer,6,,,,,,,,
2026-08-16T07:09:45.470-07:00,,intermediate_response,inbound,get_commodity,success,,device_response,6,128,,,,,0,success,
2026-08-16T07:09:45.514-07:00,,query_completed,outbound,get_commodity,ok,,periodic,6,0,,,,,0,success,
2026-08-16T07:09:45.514-07:00,,query_sent,outbound,query_operational_state,pending,,periodic,18,0,,,,,,,
2026-08-16T07:09:45.677-07:00,,link_ack,inbound,query_operational_state,ack,,link_layer,18,,,,,,,,
2026-08-16T07:09:45.801-07:00,,operational_state,inbound,query_operational_state,received,,device_response,19,4,,,4,Idle Curtailed,,,
2026-08-16T07:09:45.842-07:00,,query_completed,outbound,query_operational_state,ok,,periodic,18,0,,,,,,,
2026-08-16T07:10:14.861-07:00,,query_sent,outbound,query_operational_state,pending,,periodic,18,0,,,,,,,
2026-08-16T07:10:14.964-07:00,,link_ack,inbound,query_operational_state,ack,,link_layer,18,,,,,,,,
2026-08-16T07:10:15.087-07:00,,operational_state,inbound,query_operational_state,received,,device_response,19,4,,,4,Idle Curtailed,,,
2026-08-16T07:10:15.128-07:00,,query_completed,outbound,query_operational_state,ok,,periodic,18,0,,,,,,,
2026-08-16T07:10:16.128-07:00,auto_outside_comm_heartbeat_21,command_sent,outbound,outside_communication1,pending,0,schedule,14,0,,,,,,,
2026-08-16T07:10:16.193-07:00,,link_ack,inbound,outside_communication,ack,,link_layer,14,,,,,,,,
2026-08-16T07:10:16.316-07:00,,application_ack,inbound,outside_communication,ack,,application_layer,3,14,,,,,,,
2026-08-16T07:10:16.357-07:00,auto_outside_comm_heartbeat_21,command_completed,outbound,outside_communication1,ok,0,schedule,14,0,,,,,,,
2026-08-16T07:10:45.377-07:00,,query_sent,outbound,get_commodity,pending,,periodic,6,0,,,,,,,
2026-08-16T07:10:45.477-07:00,,link_ack,inbound,get_commodity,ack,,link_layer,6,,,,,,,,
2026-08-16T07:10:45.647-07:00,,intermediate_response,inbound,get_commodity,success,,device_response,6,128,,,,,0,success,
2026-08-16T07:10:45.690-07:00,,query_completed,outbound,get_commodity,ok,,periodic,6,0,,,,,0,success,
2026-08-16T07:10:45.690-07:00,,query_sent,outbound,query_operational_state,pending,,periodic,18,0,,,,,,,
2026-08-16T07:10:45.853-07:00,,link_ack,inbound,query_operational_state,ack,,link_layer,18,,,,,,,,
2026-08-16T07:10:45.976-07:00,,operational_state,inbound,query_operational_state,received,,device_response,19,4,,,4,Idle Curtailed,,,
2026-08-16T07:10:46.017-07:00,,query_completed,outbound,query_operational_state,ok,,periodic,18,0,,,,,,,
2026-08-16T07:11:15.036-07:00,,query_sent,outbound,query_operational_state,pending,,periodic,18,0,,,,,,,
2026-08-16T07:11:15.138-07:00,,link_ack,inbound,query_operational_state,ack,,link_layer,18,,,,,,,,
2026-08-16T07:11:15.263-07:00,,operational_state,inbound,query_operational_state,received,,device_response,19,4,,,4,Idle Curtailed,,,
2026-08-16T07:11:15.303-07:00,,query_completed,outbound,query_operational_state,ok,,periodic,18,0,,,,,,,
2026-08-16T07:11:45.320-07:00,,query_sent,outbound,get_commodity,pending,,periodic,6,0,,,,,,,
2026-08-16T07:11:45.420-07:00,,link_ack,inbound,get_commodity,ack,,link_layer,6,,,,,,,,
2026-08-16T07:11:45.589-07:00,,intermediate_response,inbound,get_commodity,success,,device_response,6,128,,,,,0,success,
2026-08-16T07:11:45.632-07:00,,query_completed,outbound,get_commodity,ok,,periodic,6,0,,,,,0,success,
2026-08-16T07:11:45.632-07:00,,query_sent,outbound,query_operational_state,pending,,periodic,18,0,,,,,,,
2026-08-16T07:11:45.794-07:00,,link_ack,inbound,query_operational_state,ack,,link_layer,18,,,,,,,,
2026-08-16T07:11:45.917-07:00,,operational_state,inbound,query_operational_state,received,,device_response,19,4,,,4,Idle Curtailed,,,
2026-08-16T07:11:45.958-07:00,,query_completed,outbound,query_operational_state,ok,,periodic,18,0,,,,,,,
2026-08-16T07:12:14.976-07:00,,query_sent,outbound,query_operational_state,pending,,periodic,18,0,,,,,,,
2026-08-16T07:12:15.077-07:00,,link_ack,inbound,query_operational_state,ack,,link_layer,18,,,,,,,,
2026-08-16T07:12:15.201-07:00,,operational_state,inbound,query_operational_state,received,,device_response,19,4,,,4,Idle Curtailed,,,
2026-08-16T07:12:15.242-07:00,,query_completed,outbound,query_operational_state,ok,,periodic,18,0,,,,,,,
2026-08-16T07:12:45.260-07:00,,query_sent,outbound,get_commodity,pending,,periodic,6,0,,,,,,,
2026-08-16T07:12:45.364-07:00,,link_ack,inbound,get_commodity,ack,,link_layer,6,,,,,,,,
2026-08-16T07:12:45.533-07:00,,intermediate_response,inbound,get_commodity,success,,device_response,6,128,,,,,0,success,
2026-08-16T07:12:45.576-07:00,,query_completed,outbound,get_commodity,ok,,periodic,6,0,,,,,0,success,
2026-08-16T07:12:45.577-07:00,,query_sent,outbound,query_operational_state,pending,,periodic,18,0,,,,,,,
2026-08-16T07:12:45.738-07:00,,link_ack,inbound,query_operational_state,ack,,link_layer,18,,,,,,,,
2026-08-16T07:12:45.862-07:00,,operational_state,inbound,query_operational_state,received,,device_response,19,4,,,4,Idle Curtailed,,,
2026-08-16T07:12:45.903-07:00,,query_completed,outbound,query_operational_state,ok,,periodic,18,0,,,,,,,
2026-08-16T07:13:14.921-07:00,,query_sent,outbound,query_operational_state,pending,,periodic,18,0,,,,,,,
2026-08-16T07:13:15.021-07:00,,link_ack,inbound,query_operational_state,ack,,link_layer,18,,,,,,,,
2026-08-16T07:13:15.146-07:00,,operational_state,inbound,query_operational_state,received,,device_response,19,4,,,4,Idle Curtailed,,,
2026-08-16T07:13:15.186-07:00,,query_completed,outbound,query_operational_state,ok,,periodic,18,0,,,,,,,
2026-08-16T07:13:45.205-07:00,,query_sent,outbound,get_commodity,pending,,periodic,6,0,,,,,,,
2026-08-16T07:13:45.307-07:00,,link_ack,inbound,get_commodity,ack,,link_layer,6,,,,,,,,
2026-08-16T07:13:45.477-07:00,,intermediate_response,inbound,get_commodity,success,,device_response,6,128,,,,,0,success,
2026-08-16T07:13:45.520-07:00,,query_completed,outbound,get_commodity,ok,,periodic,6,0,,,,,0,success,
2026-08-16T07:13:45.521-07:00,,query_sent,outbound,query_operational_state,pending,,periodic,18,0,,,,,,,
2026-08-16T07:13:45.682-07:00,,link_ack,inbound,query_operational_state,ack,,link_layer,18,,,,,,,,
2026-08-16T07:13:45.806-07:00,,operational_state,inbound,query_operational_state,received,,device_response,19,4,,,4,Idle Curtailed,,,
2026-08-16T07:13:45.846-07:00,,query_completed,outbound,query_operational_state,ok,,periodic,18,0,,,,,,,
2026-08-16T07:14:14.864-07:00,,query_sent,outbound,query_operational_state,pending,,periodic,18,0,,,,,,,
2026-08-16T07:14:14.965-07:00,,link_ack,inbound,query_operational_state,ack,,link_layer,18,,,,,,,,
2026-08-16T07:14:15.089-07:00,,operational_state,inbound,query_operational_state,received,,device_response,19,4,,,4,Idle Curtailed,,,
2026-08-16T07:14:15.129-07:00,,query_completed,outbound,query_operational_state,ok,,periodic,18,0,,,,,,,
2026-08-16T07:14:45.148-07:00,,query_sent,outbound,get_commodity,pending,,periodic,6,0,,,,,,,
2026-08-16T07:14:45.250-07:00,,link_ack,inbound,get_commodity,ack,,link_layer,6,,,,,,,,
2026-08-16T07:14:45.418-07:00,,intermediate_response,inbound,get_commodity,success,,device_response,6,128,,,,,0,success,
2026-08-16T07:14:45.462-07:00,,query_completed,outbound,get_commodity,ok,,periodic,6,0,,,,,0,success,
2026-08-16T07:14:45.462-07:00,,query_sent,outbound,query_operational_state,pending,,periodic,18,0,,,,,,,
2026-08-16T07:14:45.624-07:00,,link_ack,inbound,query_operational_state,ack,,link_layer,18,,,,,,,,
2026-08-16T07:14:45.748-07:00,,operational_state,inbound,query_operational_state,received,,device_response,19,4,,,4,Idle Curtailed,,,
2026-08-16T07:14:45.788-07:00,,query_completed,outbound,query_operational_state,ok,,periodic,18,0,,,,,,,
2026-08-16T07:15:14.806-07:00,,query_sent,outbound,query_operational_state,pending,,periodic,18,0,,,,,,,
2026-08-16T07:15:14.908-07:00,,link_ack,inbound,query_operational_state,ack,,link_layer,18,,,,,,,,
2026-08-16T07:15:15.032-07:00,,operational_state,inbound,query_operational_state,received,,device_response,19,4,,,4,Idle Curtailed,,,
2026-08-16T07:15:15.072-07:00,,query_completed,outbound,query_operational_state,ok,,periodic,18,0,,,,,,,
2026-08-16T07:15:45.091-07:00,,query_sent,outbound,get_commodity,pending,,periodic,6,0,,,,,,,
2026-08-16T07:15:45.191-07:00,,link_ack,inbound,get_commodity,ack,,link_layer,6,,,,,,,,
2026-08-16T07:15:45.362-07:00,,intermediate_response,inbound,get_commodity,success,,device_response,6,128,,,,,0,success,
2026-08-16T07:15:45.405-07:00,,query_completed,outbound,get_commodity,ok,,periodic,6,0,,,,,0,success,
2026-08-16T07:15:45.406-07:00,,query_sent,outbound,query_operational_state,pending,,periodic,18,0,,,,,,,
2026-08-16T07:15:45.569-07:00,,link_ack,inbound,query_operational_state,ack,,link_layer,18,,,,,,,,
2026-08-16T07:15:45.693-07:00,,operational_state,inbound,query_operational_state,received,,device_response,19,4,,,4,Idle Curtailed,,,
2026-08-16T07:15:45.734-07:00,,query_completed,outbound,query_operational_state,ok,,periodic,18,0,,,,,,,
2026-08-16T07:16:14.752-07:00,,query_sent,outbound,query_operational_state,pending,,periodic,18,0,,,,,,,
2026-08-16T07:16:14.853-07:00,,link_ack,inbound,query_operational_state,ack,,link_layer,18,,,,,,,,
2026-08-16T07:16:14.975-07:00,,operational_state,inbound,query_operational_state,received,,device_response,19,4,,,4,Idle Curtailed,,,
2026-08-16T07:16:15.016-07:00,,query_completed,outbound,query_operational_state,ok,,periodic,18,0,,,,,,,
2026-08-16T07:16:45.035-07:00,,query_sent,outbound,get_commodity,pending,,periodic,6,0,,,,,,,
2026-08-16T07:16:45.136-07:00,,link_ack,inbound,get_commodity,ack,,link_layer,6,,,,,,,,
2026-08-16T07:16:45.304-07:00,,intermediate_response,inbound,get_commodity,success,,device_response,6,128,,,,,0,success,
2026-08-16T07:16:45.348-07:00,,query_completed,outbound,get_commodity,ok,,periodic,6,0,,,,,0,success,
2026-08-16T07:16:45.348-07:00,,query_sent,outbound,query_operational_state,pending,,periodic,18,0,,,,,,,
2026-08-16T07:16:45.510-07:00,,link_ack,inbound,query_operational_state,ack,,link_layer,18,,,,,,,,
2026-08-16T07:16:45.633-07:00,,operational_state,inbound,query_operational_state,received,,device_response,19,4,,,4,Idle Curtailed,,,
2026-08-16T07:16:45.674-07:00,,query_completed,outbound,query_operational_state,ok,,periodic,18,0,,,,,,,
2026-08-16T07:17:14.692-07:00,,query_sent,outbound,query_operational_state,pending,,periodic,18,0,,,,,,,
2026-08-16T07:17:14.796-07:00,,link_ack,inbound,query_operational_state,ack,,link_layer,18,,,,,,,,
2026-08-16T07:17:14.920-07:00,,operational_state,inbound,query_operational_state,received,,device_response,19,4,,,4,Idle Curtailed,,,
2026-08-16T07:17:14.960-07:00,,query_completed,outbound,query_operational_state,ok,,periodic,18,0,,,,,,,
2026-08-16T07:17:44.979-07:00,,query_sent,outbound,get_commodity,pending,,periodic,6,0,,,,,,,
2026-08-16T07:17:45.079-07:00,,link_ack,inbound,get_commodity,ack,,link_layer,6,,,,,,,,
2026-08-16T07:17:45.247-07:00,,intermediate_response,inbound,get_commodity,success,,device_response,6,128,,,,,0,success,
2026-08-16T07:17:45.291-07:00,,query_completed,outbound,get_commodity,ok,,periodic,6,0,,,,,0,success,
2026-08-16T07:17:45.291-07:00,,query_sent,outbound,query_operational_state,pending,,periodic,18,0,,,,,,,
2026-08-16T07:17:45.454-07:00,,link_ack,inbound,query_operational_state,ack,,link_layer,18,,,,,,,,
2026-08-16T07:17:45.577-07:00,,operational_state,inbound,query_operational_state,received,,device_response,19,4,,,4,Idle Curtailed,,,
2026-08-16T07:17:45.618-07:00,,query_completed,outbound,query_operational_state,ok,,periodic,18,0,,,,,,,
2026-08-16T07:18:14.636-07:00,,query_sent,outbound,query_operational_state,pending,,periodic,18,0,,,,,,,
2026-08-16T07:18:14.739-07:00,,link_ack,inbound,query_operational_state,ack,,link_layer,18,,,,,,,,
2026-08-16T07:18:14.862-07:00,,operational_state,inbound,query_operational_state,received,,device_response,19,4,,,4,Idle Curtailed,,,
2026-08-16T07:18:14.903-07:00,,query_completed,outbound,query_operational_state,ok,,periodic,18,0,,,,,,,
2026-08-16T07:18:44.921-07:00,,query_sent,outbound,get_commodity,pending,,periodic,6,0,,,,,,,
2026-08-16T07:18:45.024-07:00,,link_ack,inbound,get_commodity,ack,,link_layer,6,,,,,,,,
2026-08-16T07:18:45.193-07:00,,intermediate_response,inbound,get_commodity,success,,device_response,6,128,,,,,0,success,
2026-08-16T07:18:45.237-07:00,,query_completed,outbound,get_commodity,ok,,periodic,6,0,,,,,0,success,
2026-08-16T07:18:45.237-07:00,,query_sent,outbound,query_operational_state,pending,,periodic,18,0,,,,,,,
2026-08-16T07:18:45.399-07:00,,link_ack,inbound,query_operational_state,ack,,link_layer,18,,,,,,,,
2026-08-16T07:18:45.522-07:00,,operational_state,inbound,query_operational_state,received,,device_response,19,4,,,4,Idle Curtailed,,,
2026-08-16T07:18:45.563-07:00,,query_completed,outbound,query_operational_state,ok,,periodic,18,0,,,,,,,
2026-08-16T07:19:15.581-07:00,,query_sent,outbound,query_operational_state,pending,,periodic,18,0,,,,,,,
2026-08-16T07:19:15.684-07:00,,link_ack,inbound,query_operational_state,ack,,link_layer,18,,,,,,,,
2026-08-16T07:19:15.807-07:00,,operational_state,inbound,query_operational_state,received,,device_response,19,4,,,4,Idle Curtailed,,,
2026-08-16T07:19:15.848-07:00,,query_completed,outbound,query_operational_state,ok,,periodic,18,0,,,,,,,
2026-08-16T07:19:44.865-07:00,,query_sent,outbound,get_commodity,pending,,periodic,6,0,,,,,,,
2026-08-16T07:19:44.966-07:00,,link_ack,inbound,get_commodity,ack,,link_layer,6,,,,,,,,
2026-08-16T07:19:45.135-07:00,,intermediate_response,inbound,get_commodity,success,,device_response,6,128,,,,,0,success,
2026-08-16T07:19:45.179-07:00,,query_completed,outbound,get_commodity,ok,,periodic,6,0,,,,,0,success,
2026-08-16T07:19:45.179-07:00,,query_sent,outbound,query_operational_state,pending,,periodic,18,0,,,,,,,
2026-08-16T07:19:45.341-07:00,,link_ack,inbound,query_operational_state,ack,,link_layer,18,,,,,,,,
2026-08-16T07:19:45.464-07:00,,operational_state,inbound,query_operational_state,received,,device_response,19,4,,,4,Idle Curtailed,,,
2026-08-16T07:19:45.505-07:00,,query_completed,outbound,query_operational_state,ok,,periodic,18,0,,,,,,,
2026-08-16T07:20:15.523-07:00,,query_sent,outbound,query_operational_state,pending,,periodic,18,0,,,,,,,
2026-08-16T07:20:15.627-07:00,,link_ack,inbound,query_operational_state,ack,,link_layer,18,,,,,,,,
2026-08-16T07:20:15.752-07:00,,operational_state,inbound,query_operational_state,received,,device_response,19,4,,,4,Idle Curtailed,,,
2026-08-16T07:20:15.792-07:00,,query_completed,outbound,query_operational_state,ok,,periodic,18,0,,,,,,,
2026-08-16T07:20:44.810-07:00,,query_sent,outbound,get_commodity,pending,,periodic,6,0,,,,,,,
2026-08-16T07:20:44.910-07:00,,link_ack,inbound,get_commodity,ack,,link_layer,6,,,,,,,,
2026-08-16T07:20:45.079-07:00,,intermediate_response,inbound,get_commodity,success,,device_response,6,128,,,,,0,success,
2026-08-16T07:20:45.123-07:00,,query_completed,outbound,get_commodity,ok,,periodic,6,0,,,,,0,success,
2026-08-16T07:20:45.123-07:00,,query_sent,outbound,query_operational_state,pending,,periodic,18,0,,,,,,,
2026-08-16T07:20:45.285-07:00,,link_ack,inbound,query_operational_state,ack,,link_layer,18,,,,,,,,
2026-08-16T07:20:45.409-07:00,,operational_state,inbound,query_operational_state,received,,device_response,19,4,,,4,Idle Curtailed,,,
2026-08-16T07:20:45.449-07:00,,query_completed,outbound,query_operational_state,ok,,periodic,18,0,,,,,,,
2026-08-16T07:21:15.468-07:00,,query_sent,outbound,query_operational_state,pending,,periodic,18,0,,,,,,,
2026-08-16T07:21:15.572-07:00,,link_ack,inbound,query_operational_state,ack,,link_layer,18,,,,,,,,
2026-08-16T07:21:15.696-07:00,,operational_state,inbound,query_operational_state,received,,device_response,19,4,,,4,Idle Curtailed,,,
2026-08-16T07:21:15.736-07:00,,query_completed,outbound,query_operational_state,ok,,periodic,18,0,,,,,,,
2026-08-16T07:21:44.755-07:00,,query_sent,outbound,get_commodity,pending,,periodic,6,0,,,,,,,
2026-08-16T07:21:44.857-07:00,,link_ack,inbound,get_commodity,ack,,link_layer,6,,,,,,,,
2026-08-16T07:21:45.025-07:00,,intermediate_response,inbound,get_commodity,success,,device_response,6,128,,,,,0,success,
2026-08-16T07:21:45.069-07:00,,query_completed,outbound,get_commodity,ok,,periodic,6,0,,,,,0,success,
2026-08-16T07:21:45.069-07:00,,query_sent,outbound,query_operational_state,pending,,periodic,18,0,,,,,,,
2026-08-16T07:21:45.231-07:00,,link_ack,inbound,query_operational_state,ack,,link_layer,18,,,,,,,,
2026-08-16T07:21:45.355-07:00,,operational_state,inbound,query_operational_state,received,,device_response,19,4,,,4,Idle Curtailed,,,
2026-08-16T07:21:45.396-07:00,,query_completed,outbound,query_operational_state,ok,,periodic,18,0,,,,,,,
2026-08-16T07:22:15.415-07:00,,query_sent,outbound,query_operational_state,pending,,periodic,18,0,,,,,,,
2026-08-16T07:22:15.517-07:00,,link_ack,inbound,query_operational_state,ack,,link_layer,18,,,,,,,,
2026-08-16T07:22:15.641-07:00,,operational_state,inbound,query_operational_state,received,,device_response,19,4,,,4,Idle Curtailed,,,
2026-08-16T07:22:15.682-07:00,,query_completed,outbound,query_operational_state,ok,,periodic,18,0,,,,,,,
2026-08-16T07:22:44.699-07:00,,query_sent,outbound,get_commodity,pending,,periodic,6,0,,,,,,,
2026-08-16T07:22:44.799-07:00,,link_ack,inbound,get_commodity,ack,,link_layer,6,,,,,,,,
2026-08-16T07:22:44.970-07:00,,intermediate_response,inbound,get_commodity,success,,device_response,6,128,,,,,0,success,
2026-08-16T07:22:45.014-07:00,,query_completed,outbound,get_commodity,ok,,periodic,6,0,,,,,0,success,
2026-08-16T07:22:45.014-07:00,,query_sent,outbound,query_operational_state,pending,,periodic,18,0,,,,,,,
2026-08-16T07:22:45.177-07:00,,link_ack,inbound,query_operational_state,ack,,link_layer,18,,,,,,,,
2026-08-16T07:22:45.301-07:00,,operational_state,inbound,query_operational_state,received,,device_response,19,4,,,4,Idle Curtailed,,,
2026-08-16T07:22:45.342-07:00,,query_completed,outbound,query_operational_state,ok,,periodic,18,0,,,,,,,
2026-08-16T07:23:15.361-07:00,,query_sent,outbound,query_operational_state,pending,,periodic,18,0,,,,,,,
2026-08-16T07:23:15.462-07:00,,link_ack,inbound,query_operational_state,ack,,link_layer,18,,,,,,,,
2026-08-16T07:23:15.586-07:00,,operational_state,inbound,query_operational_state,received,,device_response,19,4,,,4,Idle Curtailed,,,
2026-08-16T07:23:15.627-07:00,,query_completed,outbound,query_operational_state,ok,,periodic,18,0,,,,,,,
2026-08-16T07:23:44.644-07:00,,query_sent,outbound,get_commodity,pending,,periodic,6,0,,,,,,,
2026-08-16T07:23:44.748-07:00,,link_ack,inbound,get_commodity,ack,,link_layer,6,,,,,,,,
2026-08-16T07:23:44.916-07:00,,intermediate_response,inbound,get_commodity,success,,device_response,6,128,,,,,0,success,
2026-08-16T07:23:44.960-07:00,,query_completed,outbound,get_commodity,ok,,periodic,6,0,,,,,0,success,
2026-08-16T07:23:44.960-07:00,,query_sent,outbound,query_operational_state,pending,,periodic,18,0,,,,,,,
2026-08-16T07:23:45.122-07:00,,link_ack,inbound,query_operational_state,ack,,link_layer,18,,,,,,,,
2026-08-16T07:23:45.247-07:00,,operational_state,inbound,query_operational_state,received,,device_response,19,4,,,4,Idle Curtailed,,,
2026-08-16T07:23:45.287-07:00,,query_completed,outbound,query_operational_state,ok,,periodic,18,0,,,,,,,
2026-08-16T07:23:46.288-07:00,auto_outside_comm_heartbeat_22,command_sent,outbound,outside_communication1,pending,0,schedule,14,0,,,,,,,
2026-08-16T07:23:46.352-07:00,,link_ack,inbound,outside_communication,ack,,link_layer,14,,,,,,,,
2026-08-16T07:23:46.475-07:00,,application_ack,inbound,outside_communication,ack,,application_layer,3,14,,,,,,,
2026-08-16T07:23:46.516-07:00,auto_outside_comm_heartbeat_22,command_completed,outbound,outside_communication1,ok,0,schedule,14,0,,,,,,,
2026-08-16T07:24:15.534-07:00,,query_sent,outbound,query_operational_state,pending,,periodic,18,0,,,,,,,
2026-08-16T07:24:15.637-07:00,,link_ack,inbound,query_operational_state,ack,,link_layer,18,,,,,,,,
2026-08-16T07:24:15.761-07:00,,operational_state,inbound,query_operational_state,received,,device_response,19,4,,,4,Idle Curtailed,,,
2026-08-16T07:24:15.802-07:00,,query_completed,outbound,query_operational_state,ok,,periodic,18,0,,,,,,,
2026-08-16T07:24:44.819-07:00,,query_sent,outbound,get_commodity,pending,,periodic,6,0,,,,,,,
2026-08-16T07:24:44.922-07:00,,link_ack,inbound,get_commodity,ack,,link_layer,6,,,,,,,,
2026-08-16T07:24:45.091-07:00,,intermediate_response,inbound,get_commodity,success,,device_response,6,128,,,,,0,success,
2026-08-16T07:24:45.134-07:00,,query_completed,outbound,get_commodity,ok,,periodic,6,0,,,,,0,success,
2026-08-16T07:24:45.135-07:00,,query_sent,outbound,query_operational_state,pending,,periodic,18,0,,,,,,,
2026-08-16T07:24:45.296-07:00,,link_ack,inbound,query_operational_state,ack,,link_layer,18,,,,,,,,
2026-08-16T07:24:45.421-07:00,,operational_state,inbound,query_operational_state,received,,device_response,19,4,,,4,Idle Curtailed,,,
2026-08-16T07:24:45.462-07:00,,query_completed,outbound,query_operational_state,ok,,periodic,18,0,,,,,,,
2026-08-16T07:25:15.480-07:00,,query_sent,outbound,query_operational_state,pending,,periodic,18,0,,,,,,,
2026-08-16T07:25:15.583-07:00,,link_ack,inbound,query_operational_state,ack,,link_layer,18,,,,,,,,
2026-08-16T07:25:15.706-07:00,,operational_state,inbound,query_operational_state,received,,device_response,19,4,,,4,Idle Curtailed,,,
2026-08-16T07:25:15.747-07:00,,query_completed,outbound,query_operational_state,ok,,periodic,18,0,,,,,,,
2026-08-16T07:25:44.764-07:00,,query_sent,outbound,get_commodity,pending,,periodic,6,0,,,,,,,
2026-08-16T07:25:44.865-07:00,,link_ack,inbound,get_commodity,ack,,link_layer,6,,,,,,,,
2026-08-16T07:25:45.036-07:00,,intermediate_response,inbound,get_commodity,success,,device_response,6,128,,,,,0,success,
2026-08-16T07:25:45.079-07:00,,query_completed,outbound,get_commodity,ok,,periodic,6,0,,,,,0,success,
2026-08-16T07:25:45.080-07:00,,query_sent,outbound,query_operational_state,pending,,periodic,18,0,,,,,,,
2026-08-16T07:25:45.243-07:00,,link_ack,inbound,query_operational_state,ack,,link_layer,18,,,,,,,,
2026-08-16T07:25:45.367-07:00,,operational_state,inbound,query_operational_state,received,,device_response,19,4,,,4,Idle Curtailed,,,
2026-08-16T07:25:45.408-07:00,,query_completed,outbound,query_operational_state,ok,,periodic,18,0,,,,,,,
2026-08-16T07:26:15.425-07:00,,query_sent,outbound,query_operational_state,pending,,periodic,18,0,,,,,,,
2026-08-16T07:26:15.528-07:00,,link_ack,inbound,query_operational_state,ack,,link_layer,18,,,,,,,,
2026-08-16T07:26:15.651-07:00,,operational_state,inbound,query_operational_state,received,,device_response,19,4,,,4,Idle Curtailed,,,
2026-08-16T07:26:15.692-07:00,,query_completed,outbound,query_operational_state,ok,,periodic,18,0,,,,,,,
2026-08-16T07:26:44.709-07:00,,query_sent,outbound,get_commodity,pending,,periodic,6,0,,,,,,,
2026-08-16T07:26:44.814-07:00,,link_ack,inbound,get_commodity,ack,,link_layer,6,,,,,,,,
2026-08-16T07:26:44.982-07:00,,intermediate_response,inbound,get_commodity,success,,device_response,6,128,,,,,0,success,
2026-08-16T07:26:45.025-07:00,,query_completed,outbound,get_commodity,ok,,periodic,6,0,,,,,0,success,
2026-08-16T07:26:45.026-07:00,,query_sent,outbound,query_operational_state,pending,,periodic,18,0,,,,,,,
2026-08-16T07:26:45.188-07:00,,link_ack,inbound,query_operational_state,ack,,link_layer,18,,,,,,,,
2026-08-16T07:26:45.312-07:00,,operational_state,inbound,query_operational_state,received,,device_response,19,4,,,4,Idle Curtailed,,,
2026-08-16T07:26:45.353-07:00,,query_completed,outbound,query_operational_state,ok,,periodic,18,0,,,,,,,
2026-08-16T07:27:15.371-07:00,,query_sent,outbound,query_operational_state,pending,,periodic,18,0,,,,,,,
2026-08-16T07:27:15.474-07:00,,link_ack,inbound,query_operational_state,ack,,link_layer,18,,,,,,,,
2026-08-16T07:27:15.597-07:00,,operational_state,inbound,query_operational_state,received,,device_response,19,4,,,4,Idle Curtailed,,,
2026-08-16T07:27:15.638-07:00,,query_completed,outbound,query_operational_state,ok,,periodic,18,0,,,,,,,
2026-08-16T07:27:44.655-07:00,,query_sent,outbound,get_commodity,pending,,periodic,6,0,,,,,,,
2026-08-16T07:27:44.757-07:00,,link_ack,inbound,get_commodity,ack,,link_layer,6,,,,,,,,
2026-08-16T07:27:44.925-07:00,,intermediate_response,inbound,get_commodity,success,,device_response,6,128,,,,,0,success,
2026-08-16T07:27:44.969-07:00,,query_completed,outbound,get_commodity,ok,,periodic,6,0,,,,,0,success,
2026-08-16T07:27:44.969-07:00,,query_sent,outbound,query_operational_state,pending,,periodic,18,0,,,,,,,
2026-08-16T07:27:45.131-07:00,,link_ack,inbound,query_operational_state,ack,,link_layer,18,,,,,,,,
2026-08-16T07:27:45.255-07:00,,operational_state,inbound,query_operational_state,received,,device_response,19,4,,,4,Idle Curtailed,,,
2026-08-16T07:27:45.295-07:00,,query_completed,outbound,query_operational_state,ok,,periodic,18,0,,,,,,,
2026-08-16T07:28:15.313-07:00,,query_sent,outbound,query_operational_state,pending,,periodic,18,0,,,,,,,
2026-08-16T07:28:15.416-07:00,,link_ack,inbound,query_operational_state,ack,,link_layer,18,,,,,,,,
2026-08-16T07:28:15.539-07:00,,operational_state,inbound,query_operational_state,received,,device_response,19,4,,,4,Idle Curtailed,,,
2026-08-16T07:28:15.580-07:00,,query_completed,outbound,query_operational_state,ok,,periodic,18,0,,,,,,,
2026-08-16T07:28:45.597-07:00,,query_sent,outbound,get_commodity,pending,,periodic,6,0,,,,,,,
2026-08-16T07:28:45.704-07:00,,link_ack,inbound,get_commodity,ack,,link_layer,6,,,,,,,,
2026-08-16T07:28:45.872-07:00,,intermediate_response,inbound,get_commodity,success,,device_response,6,128,,,,,0,success,
2026-08-16T07:28:45.916-07:00,,query_completed,outbound,get_commodity,ok,,periodic,6,0,,,,,0,success,
2026-08-16T07:28:45.916-07:00,,query_sent,outbound,query_operational_state,pending,,periodic,18,0,,,,,,,
2026-08-16T07:28:46.078-07:00,,link_ack,inbound,query_operational_state,ack,,link_layer,18,,,,,,,,
2026-08-16T07:28:46.202-07:00,,operational_state,inbound,query_operational_state,received,,device_response,19,4,,,4,Idle Curtailed,,,
2026-08-16T07:28:46.243-07:00,,query_completed,outbound,query_operational_state,ok,,periodic,18,0,,,,,,,
2026-08-16T07:29:15.260-07:00,,query_sent,outbound,query_operational_state,pending,,periodic,18,0,,,,,,,
2026-08-16T07:29:15.363-07:00,,link_ack,inbound,query_operational_state,ack,,link_layer,18,,,,,,,,
2026-08-16T07:29:15.486-07:00,,operational_state,inbound,query_operational_state,received,,device_response,19,4,,,4,Idle Curtailed,,,
2026-08-16T07:29:15.527-07:00,,query_completed,outbound,query_operational_state,ok,,periodic,18,0,,,,,,,
2026-08-16T07:29:45.545-07:00,,query_sent,outbound,get_commodity,pending,,periodic,6,0,,,,,,,
2026-08-16T07:29:45.648-07:00,,link_ack,inbound,get_commodity,ack,,link_layer,6,,,,,,,,
2026-08-16T07:29:45.817-07:00,,intermediate_response,inbound,get_commodity,success,,device_response,6,128,,,,,0,success,
2026-08-16T07:29:45.860-07:00,,query_completed,outbound,get_commodity,ok,,periodic,6,0,,,,,0,success,
2026-08-16T07:29:45.861-07:00,,query_sent,outbound,query_operational_state,pending,,periodic,18,0,,,,,,,
2026-08-16T07:29:46.024-07:00,,link_ack,inbound,query_operational_state,ack,,link_layer,18,,,,,,,,
2026-08-16T07:29:46.148-07:00,,operational_state,inbound,query_operational_state,received,,device_response,19,4,,,4,Idle Curtailed,,,
2026-08-16T07:29:46.189-07:00,,query_completed,outbound,query_operational_state,ok,,periodic,18,0,,,,,,,
2026-08-16T07:30:15.206-07:00,,query_sent,outbound,query_operational_state,pending,,periodic,18,0,,,,,,,
2026-08-16T07:30:15.308-07:00,,link_ack,inbound,query_operational_state,ack,,link_layer,18,,,,,,,,
2026-08-16T07:30:15.432-07:00,,operational_state,inbound,query_operational_state,received,,device_response,19,4,,,4,Idle Curtailed,,,
2026-08-16T07:30:15.472-07:00,,query_completed,outbound,query_operational_state,ok,,periodic,18,0,,,,,,,
2026-08-16T07:30:45.490-07:00,,query_sent,outbound,get_commodity,pending,,periodic,6,0,,,,,,,
2026-08-16T07:30:45.595-07:00,,link_ack,inbound,get_commodity,ack,,link_layer,6,,,,,,,,
2026-08-16T07:30:45.764-07:00,,intermediate_response,inbound,get_commodity,success,,device_response,6,128,,,,,0,success,
2026-08-16T07:30:45.807-07:00,,query_completed,outbound,get_commodity,ok,,periodic,6,0,,,,,0,success,
2026-08-16T07:30:45.807-07:00,,query_sent,outbound,query_operational_state,pending,,periodic,18,0,,,,,,,
2026-08-16T07:30:45.969-07:00,,link_ack,inbound,query_operational_state,ack,,link_layer,18,,,,,,,,
2026-08-16T07:30:46.094-07:00,,operational_state,inbound,query_operational_state,received,,device_response,19,4,,,4,Idle Curtailed,,,
2026-08-16T07:30:46.134-07:00,,query_completed,outbound,query_operational_state,ok,,periodic,18,0,,,,,,,
2026-08-16T07:31:15.152-07:00,,query_sent,outbound,query_operational_state,pending,,periodic,18,0,,,,,,,
2026-08-16T07:31:15.255-07:00,,link_ack,inbound,query_operational_state,ack,,link_layer,18,,,,,,,,
2026-08-16T07:31:15.380-07:00,,operational_state,inbound,query_operational_state,received,,device_response,19,4,,,4,Idle Curtailed,,,
2026-08-16T07:31:15.420-07:00,,query_completed,outbound,query_operational_state,ok,,periodic,18,0,,,,,,,
2026-08-16T07:31:45.438-07:00,,query_sent,outbound,get_commodity,pending,,periodic,6,0,,,,,,,
2026-08-16T07:31:45.543-07:00,,link_ack,inbound,get_commodity,ack,,link_layer,6,,,,,,,,
2026-08-16T07:31:45.712-07:00,,intermediate_response,inbound,get_commodity,success,,device_response,6,128,,,,,0,success,
2026-08-16T07:31:45.755-07:00,,query_completed,outbound,get_commodity,ok,,periodic,6,0,,,,,0,success,
2026-08-16T07:31:45.756-07:00,,query_sent,outbound,query_operational_state,pending,,periodic,18,0,,,,,,,
2026-08-16T07:31:45.917-07:00,,link_ack,inbound,query_operational_state,ack,,link_layer,18,,,,,,,,
2026-08-16T07:31:46.041-07:00,,operational_state,inbound,query_operational_state,received,,device_response,19,4,,,4,Idle Curtailed,,,
2026-08-16T07:31:46.082-07:00,,query_completed,outbound,query_operational_state,ok,,periodic,18,0,,,,,,,
2026-08-16T07:32:15.099-07:00,,query_sent,outbound,query_operational_state,pending,,periodic,18,0,,,,,,,
2026-08-16T07:32:15.203-07:00,,link_ack,inbound,query_operational_state,ack,,link_layer,18,,,,,,,,
2026-08-16T07:32:15.327-07:00,,operational_state,inbound,query_operational_state,received,,device_response,19,4,,,4,Idle Curtailed,,,
2026-08-16T07:32:15.368-07:00,,query_completed,outbound,query_operational_state,ok,,periodic,18,0,,,,,,,
2026-08-16T07:32:45.386-07:00,,query_sent,outbound,get_commodity,pending,,periodic,6,0,,,,,,,
2026-08-16T07:32:45.487-07:00,,link_ack,inbound,get_commodity,ack,,link_layer,6,,,,,,,,
2026-08-16T07:32:45.658-07:00,,intermediate_response,inbound,get_commodity,success,,device_response,6,128,,,,,0,success,
2026-08-16T07:32:45.701-07:00,,query_completed,outbound,get_commodity,ok,,periodic,6,0,,,,,0,success,
2026-08-16T07:32:45.702-07:00,,query_sent,outbound,query_operational_state,pending,,periodic,18,0,,,,,,,
2026-08-16T07:32:45.865-07:00,,link_ack,inbound,query_operational_state,ack,,link_layer,18,,,,,,,,
2026-08-16T07:32:45.989-07:00,,operational_state,inbound,query_operational_state,received,,device_response,19,4,,,4,Idle Curtailed,,,
2026-08-16T07:32:46.030-07:00,,query_completed,outbound,query_operational_state,ok,,periodic,18,0,,,,,,,
2026-08-16T07:33:15.047-07:00,,query_sent,outbound,query_operational_state,pending,,periodic,18,0,,,,,,,
2026-08-16T07:33:15.148-07:00,,link_ack,inbound,query_operational_state,ack,,link_layer,18,,,,,,,,
2026-08-16T07:33:15.271-07:00,,operational_state,inbound,query_operational_state,received,,device_response,19,4,,,4,Idle Curtailed,,,
2026-08-16T07:33:15.312-07:00,,query_completed,outbound,query_operational_state,ok,,periodic,18,0,,,,,,,
2026-08-16T07:33:45.329-07:00,,query_sent,outbound,get_commodity,pending,,periodic,6,0,,,,,,,
2026-08-16T07:33:45.432-07:00,,link_ack,inbound,get_commodity,ack,,link_layer,6,,,,,,,,
2026-08-16T07:33:45.600-07:00,,intermediate_response,inbound,get_commodity,success,,device_response,6,128,,,,,0,success,
2026-08-16T07:33:45.644-07:00,,query_completed,outbound,get_commodity,ok,,periodic,6,0,,,,,0,success,
2026-08-16T07:33:45.644-07:00,,query_sent,outbound,query_operational_state,pending,,periodic,18,0,,,,,,,
2026-08-16T07:33:45.806-07:00,,link_ack,inbound,query_operational_state,ack,,link_layer,18,,,,,,,,
2026-08-16T07:33:45.930-07:00,,operational_state,inbound,query_operational_state,received,,device_response,19,4,,,4,Idle Curtailed,,,
2026-08-16T07:33:45.970-07:00,,query_completed,outbound,query_operational_state,ok,,periodic,18,0,,,,,,,
2026-08-16T07:34:14.988-07:00,,query_sent,outbound,query_operational_state,pending,,periodic,18,0,,,,,,,
2026-08-16T07:34:15.092-07:00,,link_ack,inbound,query_operational_state,ack,,link_layer,18,,,,,,,,
2026-08-16T07:34:15.215-07:00,,operational_state,inbound,query_operational_state,received,,device_response,19,4,,,4,Idle Curtailed,,,
2026-08-16T07:34:15.256-07:00,,query_completed,outbound,query_operational_state,ok,,periodic,18,0,,,,,,,
2026-08-16T07:34:45.274-07:00,,query_sent,outbound,get_commodity,pending,,periodic,6,0,,,,,,,
2026-08-16T07:34:45.379-07:00,,link_ack,inbound,get_commodity,ack,,link_layer,6,,,,,,,,
2026-08-16T07:34:45.548-07:00,,intermediate_response,inbound,get_commodity,success,,device_response,6,128,,,,,0,success,
2026-08-16T07:34:45.591-07:00,,query_completed,outbound,get_commodity,ok,,periodic,6,0,,,,,0,success,
2026-08-16T07:34:45.592-07:00,,query_sent,outbound,query_operational_state,pending,,periodic,18,0,,,,,,,
2026-08-16T07:34:45.753-07:00,,link_ack,inbound,query_operational_state,ack,,link_layer,18,,,,,,,,
2026-08-16T07:34:45.877-07:00,,operational_state,inbound,query_operational_state,received,,device_response,19,4,,,4,Idle Curtailed,,,
2026-08-16T07:34:45.918-07:00,,query_completed,outbound,query_operational_state,ok,,periodic,18,0,,,,,,,
2026-08-16T07:35:14.935-07:00,,query_sent,outbound,query_operational_state,pending,,periodic,18,0,,,,,,,
2026-08-16T07:35:15.037-07:00,,link_ack,inbound,query_operational_state,ack,,link_layer,18,,,,,,,,
2026-08-16T07:35:15.161-07:00,,operational_state,inbound,query_operational_state,received,,device_response,19,4,,,4,Idle Curtailed,,,
2026-08-16T07:35:15.202-07:00,,query_completed,outbound,query_operational_state,ok,,periodic,18,0,,,,,,,
2026-08-16T07:35:45.220-07:00,,query_sent,outbound,get_commodity,pending,,periodic,6,0,,,,,,,
2026-08-16T07:35:45.322-07:00,,link_ack,inbound,get_commodity,ack,,link_layer,6,,,,,,,,
2026-08-16T07:35:45.492-07:00,,intermediate_response,inbound,get_commodity,success,,device_response,6,128,,,,,0,success,
2026-08-16T07:35:45.536-07:00,,query_completed,outbound,get_commodity,ok,,periodic,6,0,,,,,0,success,
2026-08-16T07:35:45.536-07:00,,query_sent,outbound,query_operational_state,pending,,periodic,18,0,,,,,,,
2026-08-16T07:35:45.698-07:00,,link_ack,inbound,query_operational_state,ack,,link_layer,18,,,,,,,,
2026-08-16T07:35:45.821-07:00,,operational_state,inbound,query_operational_state,received,,device_response,19,4,,,4,Idle Curtailed,,,
2026-08-16T07:35:45.862-07:00,,query_completed,outbound,query_operational_state,ok,,periodic,18,0,,,,,,,
2026-08-16T07:36:14.880-07:00,,query_sent,outbound,query_operational_state,pending,,periodic,18,0,,,,,,,
2026-08-16T07:36:14.982-07:00,,link_ack,inbound,query_operational_state,ack,,link_layer,18,,,,,,,,
2026-08-16T07:36:15.105-07:00,,operational_state,inbound,query_operational_state,received,,device_response,19,4,,,4,Idle Curtailed,,,
2026-08-16T07:36:15.146-07:00,,query_completed,outbound,query_operational_state,ok,,periodic,18,0,,,,,,,
2026-08-16T07:36:45.164-07:00,,query_sent,outbound,get_commodity,pending,,periodic,6,0,,,,,,,
2026-08-16T07:36:45.266-07:00,,link_ack,inbound,get_commodity,ack,,link_layer,6,,,,,,,,
2026-08-16T07:36:45.437-07:00,,intermediate_response,inbound,get_commodity,success,,device_response,6,128,,,,,0,success,
2026-08-16T07:36:45.480-07:00,,query_completed,outbound,get_commodity,ok,,periodic,6,0,,,,,0,success,
2026-08-16T07:36:45.481-07:00,,query_sent,outbound,query_operational_state,pending,,periodic,18,0,,,,,,,
2026-08-16T07:36:45.643-07:00,,link_ack,inbound,query_operational_state,ack,,link_layer,18,,,,,,,,
2026-08-16T07:36:45.766-07:00,,operational_state,inbound,query_operational_state,received,,device_response,19,4,,,4,Idle Curtailed,,,
2026-08-16T07:36:45.807-07:00,,query_completed,outbound,query_operational_state,ok,,periodic,18,0,,,,,,,
2026-08-16T07:37:14.825-07:00,,query_sent,outbound,query_operational_state,pending,,periodic,18,0,,,,,,,
2026-08-16T07:37:14.925-07:00,,link_ack,inbound,query_operational_state,ack,,link_layer,18,,,,,,,,
2026-08-16T07:37:15.049-07:00,,operational_state,inbound,query_operational_state,received,,device_response,19,4,,,4,Idle Curtailed,,,
2026-08-16T07:37:15.089-07:00,,query_completed,outbound,query_operational_state,ok,,periodic,18,0,,,,,,,
2026-08-16T07:37:16.090-07:00,auto_outside_comm_heartbeat_23,command_sent,outbound,outside_communication1,pending,0,schedule,14,0,,,,,,,
2026-08-16T07:37:16.155-07:00,,link_ack,inbound,outside_communication,ack,,link_layer,14,,,,,,,,
2026-08-16T07:37:16.278-07:00,,application_ack,inbound,outside_communication,ack,,application_layer,3,14,,,,,,,
2026-08-16T07:37:16.319-07:00,auto_outside_comm_heartbeat_23,command_completed,outbound,outside_communication1,ok,0,schedule,14,0,,,,,,,
2026-08-16T07:37:45.337-07:00,,query_sent,outbound,get_commodity,pending,,periodic,6,0,,,,,,,
2026-08-16T07:37:45.438-07:00,,link_ack,inbound,get_commodity,ack,,link_layer,6,,,,,,,,
2026-08-16T07:37:45.608-07:00,,intermediate_response,inbound,get_commodity,success,,device_response,6,128,,,,,0,success,
2026-08-16T07:37:45.652-07:00,,query_completed,outbound,get_commodity,ok,,periodic,6,0,,,,,0,success,
2026-08-16T07:37:45.652-07:00,,query_sent,outbound,query_operational_state,pending,,periodic,18,0,,,,,,,
2026-08-16T07:37:45.815-07:00,,link_ack,inbound,query_operational_state,ack,,link_layer,18,,,,,,,,
2026-08-16T07:37:45.940-07:00,,operational_state,inbound,query_operational_state,received,,device_response,19,4,,,4,Idle Curtailed,,,
2026-08-16T07:37:45.980-07:00,,query_completed,outbound,query_operational_state,ok,,periodic,18,0,,,,,,,
2026-08-16T07:38:14.997-07:00,,query_sent,outbound,query_operational_state,pending,,periodic,18,0,,,,,,,
2026-08-16T07:38:15.100-07:00,,link_ack,inbound,query_operational_state,ack,,link_layer,18,,,,,,,,
2026-08-16T07:38:15.225-07:00,,operational_state,inbound,query_operational_state,received,,device_response,19,4,,,4,Idle Curtailed,,,
2026-08-16T07:38:15.266-07:00,,query_completed,outbound,query_operational_state,ok,,periodic,18,0,,,,,,,
2026-08-16T07:38:45.283-07:00,,query_sent,outbound,get_commodity,pending,,periodic,6,0,,,,,,,
2026-08-16T07:38:45.388-07:00,,link_ack,inbound,get_commodity,ack,,link_layer,6,,,,,,,,
2026-08-16T07:38:45.558-07:00,,intermediate_response,inbound,get_commodity,success,,device_response,6,128,,,,,0,success,
2026-08-16T07:38:45.602-07:00,,query_completed,outbound,get_commodity,ok,,periodic,6,0,,,,,0,success,
2026-08-16T07:38:45.602-07:00,,query_sent,outbound,query_operational_state,pending,,periodic,18,0,,,,,,,
2026-08-16T07:38:45.764-07:00,,link_ack,inbound,query_operational_state,ack,,link_layer,18,,,,,,,,
2026-08-16T07:38:45.887-07:00,,operational_state,inbound,query_operational_state,received,,device_response,19,4,,,4,Idle Curtailed,,,
2026-08-16T07:38:45.928-07:00,,query_completed,outbound,query_operational_state,ok,,periodic,18,0,,,,,,,
2026-08-16T07:39:14.945-07:00,,query_sent,outbound,query_operational_state,pending,,periodic,18,0,,,,,,,
2026-08-16T07:39:15.049-07:00,,link_ack,inbound,query_operational_state,ack,,link_layer,18,,,,,,,,
2026-08-16T07:39:15.172-07:00,,operational_state,inbound,query_operational_state,received,,device_response,19,4,,,4,Idle Curtailed,,,
2026-08-16T07:39:15.213-07:00,,query_completed,outbound,query_operational_state,ok,,periodic,18,0,,,,,,,
2026-08-16T07:39:45.231-07:00,,query_sent,outbound,get_commodity,pending,,periodic,6,0,,,,,,,
2026-08-16T07:39:45.334-07:00,,link_ack,inbound,get_commodity,ack,,link_layer,6,,,,,,,,
2026-08-16T07:39:45.503-07:00,,intermediate_response,inbound,get_commodity,success,,device_response,6,128,,,,,0,success,
2026-08-16T07:39:45.547-07:00,,query_completed,outbound,get_commodity,ok,,periodic,6,0,,,,,0,success,
2026-08-16T07:39:45.547-07:00,,query_sent,outbound,query_operational_state,pending,,periodic,18,0,,,,,,,
2026-08-16T07:39:45.709-07:00,,link_ack,inbound,query_operational_state,ack,,link_layer,18,,,,,,,,
2026-08-16T07:39:45.833-07:00,,operational_state,inbound,query_operational_state,received,,device_response,19,4,,,4,Idle Curtailed,,,
2026-08-16T07:39:45.873-07:00,,query_completed,outbound,query_operational_state,ok,,periodic,18,0,,,,,,,
2026-08-16T07:40:14.890-07:00,,query_sent,outbound,query_operational_state,pending,,periodic,18,0,,,,,,,
2026-08-16T07:40:14.993-07:00,,link_ack,inbound,query_operational_state,ack,,link_layer,18,,,,,,,,
2026-08-16T07:40:15.117-07:00,,operational_state,inbound,query_operational_state,received,,device_response,19,4,,,4,Idle Curtailed,,,
2026-08-16T07:40:15.157-07:00,,query_completed,outbound,query_operational_state,ok,,periodic,18,0,,,,,,,
2026-08-16T07:40:45.175-07:00,,query_sent,outbound,get_commodity,pending,,periodic,6,0,,,,,,,
2026-08-16T07:40:45.279-07:00,,link_ack,inbound,get_commodity,ack,,link_layer,6,,,,,,,,
2026-08-16T07:40:45.450-07:00,,intermediate_response,inbound,get_commodity,success,,device_response,6,128,,,,,0,success,
2026-08-16T07:40:45.493-07:00,,query_completed,outbound,get_commodity,ok,,periodic,6,0,,,,,0,success,
2026-08-16T07:40:45.493-07:00,,query_sent,outbound,query_operational_state,pending,,periodic,18,0,,,,,,,
2026-08-16T07:40:45.656-07:00,,link_ack,inbound,query_operational_state,ack,,link_layer,18,,,,,,,,
2026-08-16T07:40:45.781-07:00,,operational_state,inbound,query_operational_state,received,,device_response,19,4,,,4,Idle Curtailed,,,
2026-08-16T07:40:45.821-07:00,,query_completed,outbound,query_operational_state,ok,,periodic,18,0,,,,,,,
2026-08-16T07:41:14.838-07:00,,query_sent,outbound,query_operational_state,pending,,periodic,18,0,,,,,,,
2026-08-16T07:41:14.942-07:00,,link_ack,inbound,query_operational_state,ack,,link_layer,18,,,,,,,,
2026-08-16T07:41:15.066-07:00,,operational_state,inbound,query_operational_state,received,,device_response,19,4,,,4,Idle Curtailed,,,
2026-08-16T07:41:15.107-07:00,,query_completed,outbound,query_operational_state,ok,,periodic,18,0,,,,,,,
2026-08-16T07:41:45.124-07:00,,query_sent,outbound,get_commodity,pending,,periodic,6,0,,,,,,,
2026-08-16T07:41:45.229-07:00,,link_ack,inbound,get_commodity,ack,,link_layer,6,,,,,,,,
2026-08-16T07:41:45.399-07:00,,intermediate_response,inbound,get_commodity,success,,device_response,6,128,,,,,0,success,
2026-08-16T07:41:45.443-07:00,,query_completed,outbound,get_commodity,ok,,periodic,6,0,,,,,0,success,
2026-08-16T07:41:45.443-07:00,,query_sent,outbound,query_operational_state,pending,,periodic,18,0,,,,,,,
2026-08-16T07:41:45.605-07:00,,link_ack,inbound,query_operational_state,ack,,link_layer,18,,,,,,,,
2026-08-16T07:41:45.728-07:00,,operational_state,inbound,query_operational_state,received,,device_response,19,4,,,4,Idle Curtailed,,,
2026-08-16T07:41:45.769-07:00,,query_completed,outbound,query_operational_state,ok,,periodic,18,0,,,,,,,
2026-08-16T07:42:14.786-07:00,,query_sent,outbound,query_operational_state,pending,,periodic,18,0,,,,,,,
2026-08-16T07:42:14.890-07:00,,link_ack,inbound,query_operational_state,ack,,link_layer,18,,,,,,,,
2026-08-16T07:42:15.012-07:00,,operational_state,inbound,query_operational_state,received,,device_response,19,4,,,4,Idle Curtailed,,,
2026-08-16T07:42:15.053-07:00,,query_completed,outbound,query_operational_state,ok,,periodic,18,0,,,,,,,
2026-08-16T07:42:45.070-07:00,,query_sent,outbound,get_commodity,pending,,periodic,6,0,,,,,,,
2026-08-16T07:42:45.173-07:00,,link_ack,inbound,get_commodity,ack,,link_layer,6,,,,,,,,
2026-08-16T07:42:45.342-07:00,,intermediate_response,inbound,get_commodity,success,,device_response,6,128,,,,,0,success,
2026-08-16T07:42:45.385-07:00,,query_completed,outbound,get_commodity,ok,,periodic,6,0,,,,,0,success,
2026-08-16T07:42:45.385-07:00,,query_sent,outbound,query_operational_state,pending,,periodic,18,0,,,,,,,
2026-08-16T07:42:45.547-07:00,,link_ack,inbound,query_operational_state,ack,,link_layer,18,,,,,,,,
2026-08-16T07:42:45.671-07:00,,operational_state,inbound,query_operational_state,received,,device_response,19,4,,,4,Idle Curtailed,,,
2026-08-16T07:42:45.711-07:00,,query_completed,outbound,query_operational_state,ok,,periodic,18,0,,,,,,,
2026-08-16T07:43:14.728-07:00,,query_sent,outbound,query_operational_state,pending,,periodic,18,0,,,,,,,
2026-08-16T07:43:14.832-07:00,,link_ack,inbound,query_operational_state,ack,,link_layer,18,,,,,,,,
2026-08-16T07:43:14.955-07:00,,operational_state,inbound,query_operational_state,received,,device_response,19,4,,,4,Idle Curtailed,,,
2026-08-16T07:43:14.996-07:00,,query_completed,outbound,query_operational_state,ok,,periodic,18,0,,,,,,,
2026-08-16T07:43:45.013-07:00,,query_sent,outbound,get_commodity,pending,,periodic,6,0,,,,,,,
2026-08-16T07:43:45.117-07:00,,link_ack,inbound,get_commodity,ack,,link_layer,6,,,,,,,,
2026-08-16T07:43:45.285-07:00,,intermediate_response,inbound,get_commodity,success,,device_response,6,128,,,,,0,success,
2026-08-16T07:43:45.328-07:00,,query_completed,outbound,get_commodity,ok,,periodic,6,0,,,,,0,success,
2026-08-16T07:43:45.328-07:00,,query_sent,outbound,query_operational_state,pending,,periodic,18,0,,,,,,,
2026-08-16T07:43:45.493-07:00,,link_ack,inbound,query_operational_state,ack,,link_layer,18,,,,,,,,
2026-08-16T07:43:45.616-07:00,,operational_state,inbound,query_operational_state,received,,device_response,19,4,,,4,Idle Curtailed,,,
2026-08-16T07:43:45.657-07:00,,query_completed,outbound,query_operational_state,ok,,periodic,18,0,,,,,,,
2026-08-16T07:44:14.674-07:00,,query_sent,outbound,query_operational_state,pending,,periodic,18,0,,,,,,,
2026-08-16T07:44:14.777-07:00,,link_ack,inbound,query_operational_state,ack,,link_layer,18,,,,,,,,
2026-08-16T07:44:14.900-07:00,,operational_state,inbound,query_operational_state,received,,device_response,19,4,,,4,Idle Curtailed,,,
2026-08-16T07:44:14.941-07:00,,query_completed,outbound,query_operational_state,ok,,periodic,18,0,,,,,,,
2026-08-16T07:44:44.959-07:00,,query_sent,outbound,get_commodity,pending,,periodic,6,0,,,,,,,
2026-08-16T07:44:45.062-07:00,,link_ack,inbound,get_commodity,ack,,link_layer,6,,,,,,,,
2026-08-16T07:44:45.230-07:00,,intermediate_response,inbound,get_commodity,success,,device_response,6,128,,,,,0,success,
2026-08-16T07:44:45.274-07:00,,query_completed,outbound,get_commodity,ok,,periodic,6,0,,,,,0,success,
2026-08-16T07:44:45.274-07:00,,query_sent,outbound,query_operational_state,pending,,periodic,18,0,,,,,,,
2026-08-16T07:44:45.436-07:00,,link_ack,inbound,query_operational_state,ack,,link_layer,18,,,,,,,,
2026-08-16T07:44:45.561-07:00,,operational_state,inbound,query_operational_state,received,,device_response,19,4,,,4,Idle Curtailed,,,
2026-08-16T07:44:45.601-07:00,,query_completed,outbound,query_operational_state,ok,,periodic,18,0,,,,,,,
2026-08-16T07:45:15.618-07:00,,query_sent,outbound,query_operational_state,pending,,periodic,18,0,,,,,,,
2026-08-16T07:45:15.722-07:00,,link_ack,inbound,query_operational_state,ack,,link_layer,18,,,,,,,,
2026-08-16T07:45:15.845-07:00,,operational_state,inbound,query_operational_state,received,,device_response,19,4,,,4,Idle Curtailed,,,
2026-08-16T07:45:15.886-07:00,,query_completed,outbound,query_operational_state,ok,,periodic,18,0,,,,,,,
2026-08-16T07:45:44.903-07:00,,query_sent,outbound,get_commodity,pending,,periodic,6,0,,,,,,,
2026-08-16T07:45:45.005-07:00,,link_ack,inbound,get_commodity,ack,,link_layer,6,,,,,,,,
2026-08-16T07:45:45.176-07:00,,intermediate_response,inbound,get_commodity,success,,device_response,6,128,,,,,0,success,
2026-08-16T07:45:45.219-07:00,,query_completed,outbound,get_commodity,ok,,periodic,6,0,,,,,0,success,
2026-08-16T07:45:45.219-07:00,,query_sent,outbound,query_operational_state,pending,,periodic,18,0,,,,,,,
2026-08-16T07:45:45.383-07:00,,link_ack,inbound,query_operational_state,ack,,link_layer,18,,,,,,,,
2026-08-16T07:45:45.507-07:00,,operational_state,inbound,query_operational_state,received,,device_response,19,4,,,4,Idle Curtailed,,,
2026-08-16T07:45:45.548-07:00,,query_completed,outbound,query_operational_state,ok,,periodic,18,0,,,,,,,
2026-08-16T07:46:15.565-07:00,,query_sent,outbound,query_operational_state,pending,,periodic,18,0,,,,,,,
2026-08-16T07:46:15.672-07:00,,link_ack,inbound,query_operational_state,ack,,link_layer,18,,,,,,,,
2026-08-16T07:46:15.795-07:00,,operational_state,inbound,query_operational_state,received,,device_response,19,4,,,4,Idle Curtailed,,,
2026-08-16T07:46:15.836-07:00,,query_completed,outbound,query_operational_state,ok,,periodic,18,0,,,,,,,
2026-08-16T07:46:44.853-07:00,,query_sent,outbound,get_commodity,pending,,periodic,6,0,,,,,,,
2026-08-16T07:46:44.955-07:00,,link_ack,inbound,get_commodity,ack,,link_layer,6,,,,,,,,
2026-08-16T07:46:45.124-07:00,,intermediate_response,inbound,get_commodity,success,,device_response,6,128,,,,,0,success,
2026-08-16T07:46:45.168-07:00,,query_completed,outbound,get_commodity,ok,,periodic,6,0,,,,,0,success,
2026-08-16T07:46:45.168-07:00,,query_sent,outbound,query_operational_state,pending,,periodic,18,0,,,,,,,
2026-08-16T07:46:45.330-07:00,,link_ack,inbound,query_operational_state,ack,,link_layer,18,,,,,,,,
2026-08-16T07:46:45.453-07:00,,operational_state,inbound,query_operational_state,received,,device_response,19,4,,,4,Idle Curtailed,,,
2026-08-16T07:46:45.494-07:00,,query_completed,outbound,query_operational_state,ok,,periodic,18,0,,,,,,,
2026-08-16T07:47:15.511-07:00,,query_sent,outbound,query_operational_state,pending,,periodic,18,0,,,,,,,
2026-08-16T07:47:15.615-07:00,,link_ack,inbound,query_operational_state,ack,,link_layer,18,,,,,,,,
2026-08-16T07:47:15.738-07:00,,operational_state,inbound,query_operational_state,received,,device_response,19,4,,,4,Idle Curtailed,,,
2026-08-16T07:47:15.779-07:00,,query_completed,outbound,query_operational_state,ok,,periodic,18,0,,,,,,,
2026-08-16T07:47:44.796-07:00,,query_sent,outbound,get_commodity,pending,,periodic,6,0,,,,,,,
2026-08-16T07:47:44.898-07:00,,link_ack,inbound,get_commodity,ack,,link_layer,6,,,,,,,,
2026-08-16T07:47:45.067-07:00,,intermediate_response,inbound,get_commodity,success,,device_response,6,128,,,,,0,success,
2026-08-16T07:47:45.110-07:00,,query_completed,outbound,get_commodity,ok,,periodic,6,0,,,,,0,success,
2026-08-16T07:47:45.111-07:00,,query_sent,outbound,query_operational_state,pending,,periodic,18,0,,,,,,,
2026-08-16T07:47:45.272-07:00,,link_ack,inbound,query_operational_state,ack,,link_layer,18,,,,,,,,
2026-08-16T07:47:45.397-07:00,,operational_state,inbound,query_operational_state,received,,device_response,19,4,,,4,Idle Curtailed,,,
2026-08-16T07:47:45.438-07:00,,query_completed,outbound,query_operational_state,ok,,periodic,18,0,,,,,,,
2026-08-16T07:48:15.455-07:00,,query_sent,outbound,query_operational_state,pending,,periodic,18,0,,,,,,,
2026-08-16T07:48:15.560-07:00,,link_ack,inbound,query_operational_state,ack,,link_layer,18,,,,,,,,
2026-08-16T07:48:15.684-07:00,,operational_state,inbound,query_operational_state,received,,device_response,19,4,,,4,Idle Curtailed,,,
2026-08-16T07:48:15.724-07:00,,query_completed,outbound,query_operational_state,ok,,periodic,18,0,,,,,,,
2026-08-16T07:48:44.741-07:00,,query_sent,outbound,get_commodity,pending,,periodic,6,0,,,,,,,
2026-08-16T07:48:44.847-07:00,,link_ack,inbound,get_commodity,ack,,link_layer,6,,,,,,,,
2026-08-16T07:48:45.017-07:00,,intermediate_response,inbound,get_commodity,success,,device_response,6,128,,,,,0,success,
2026-08-16T07:48:45.060-07:00,,query_completed,outbound,get_commodity,ok,,periodic,6,0,,,,,0,success,
2026-08-16T07:48:45.060-07:00,,query_sent,outbound,query_operational_state,pending,,periodic,18,0,,,,,,,
2026-08-16T07:48:45.222-07:00,,link_ack,inbound,query_operational_state,ack,,link_layer,18,,,,,,,,
2026-08-16T07:48:45.346-07:00,,operational_state,inbound,query_operational_state,received,,device_response,19,4,,,4,Idle Curtailed,,,
2026-08-16T07:48:45.387-07:00,,query_completed,outbound,query_operational_state,ok,,periodic,18,0,,,,,,,
2026-08-16T07:49:15.404-07:00,,query_sent,outbound,query_operational_state,pending,,periodic,18,0,,,,,,,
2026-08-16T07:49:15.508-07:00,,link_ack,inbound,query_operational_state,ack,,link_layer,18,,,,,,,,
2026-08-16T07:49:15.632-07:00,,operational_state,inbound,query_operational_state,received,,device_response,19,4,,,4,Idle Curtailed,,,
2026-08-16T07:49:15.672-07:00,,query_completed,outbound,query_operational_state,ok,,periodic,18,0,,,,,,,
2026-08-16T07:49:44.689-07:00,,query_sent,outbound,get_commodity,pending,,periodic,6,0,,,,,,,
2026-08-16T07:49:44.792-07:00,,link_ack,inbound,get_commodity,ack,,link_layer,6,,,,,,,,
2026-08-16T07:49:44.961-07:00,,intermediate_response,inbound,get_commodity,success,,device_response,6,128,,,,,0,success,
2026-08-16T07:49:45.005-07:00,,query_completed,outbound,get_commodity,ok,,periodic,6,0,,,,,0,success,
2026-08-16T07:49:45.005-07:00,,query_sent,outbound,query_operational_state,pending,,periodic,18,0,,,,,,,
2026-08-16T07:49:45.167-07:00,,link_ack,inbound,query_operational_state,ack,,link_layer,18,,,,,,,,
2026-08-16T07:49:45.291-07:00,,operational_state,inbound,query_operational_state,received,,device_response,19,4,,,4,Idle Curtailed,,,
2026-08-16T07:49:45.331-07:00,,query_completed,outbound,query_operational_state,ok,,periodic,18,0,,,,,,,
2026-08-16T07:50:15.349-07:00,,query_sent,outbound,query_operational_state,pending,,periodic,18,0,,,,,,,
2026-08-16T07:50:15.453-07:00,,link_ack,inbound,query_operational_state,ack,,link_layer,18,,,,,,,,
2026-08-16T07:50:15.576-07:00,,operational_state,inbound,query_operational_state,received,,device_response,19,4,,,4,Idle Curtailed,,,
2026-08-16T07:50:15.617-07:00,,query_completed,outbound,query_operational_state,ok,,periodic,18,0,,,,,,,
2026-08-16T07:50:44.633-07:00,,query_sent,outbound,get_commodity,pending,,periodic,6,0,,,,,,,
2026-08-16T07:50:44.737-07:00,,link_ack,inbound,get_commodity,ack,,link_layer,6,,,,,,,,
2026-08-16T07:50:44.905-07:00,,intermediate_response,inbound,get_commodity,success,,device_response,6,128,,,,,0,success,
2026-08-16T07:50:44.949-07:00,,query_completed,outbound,get_commodity,ok,,periodic,6,0,,,,,0,success,
2026-08-16T07:50:44.949-07:00,,query_sent,outbound,query_operational_state,pending,,periodic,18,0,,,,,,,
2026-08-16T07:50:45.112-07:00,,link_ack,inbound,query_operational_state,ack,,link_layer,18,,,,,,,,
2026-08-16T07:50:45.235-07:00,,operational_state,inbound,query_operational_state,received,,device_response,19,4,,,4,Idle Curtailed,,,
2026-08-16T07:50:45.276-07:00,,query_completed,outbound,query_operational_state,ok,,periodic,18,0,,,,,,,
2026-08-16T07:50:46.276-07:00,auto_outside_comm_heartbeat_24,command_sent,outbound,outside_communication1,pending,0,schedule,14,0,,,,,,,
2026-08-16T07:50:46.340-07:00,,link_ack,inbound,outside_communication,ack,,link_layer,14,,,,,,,,
2026-08-16T07:50:46.464-07:00,,application_ack,inbound,outside_communication,ack,,application_layer,3,14,,,,,,,
2026-08-16T07:50:46.504-07:00,auto_outside_comm_heartbeat_24,command_completed,outbound,outside_communication1,ok,0,schedule,14,0,,,,,,,
2026-08-16T07:51:15.521-07:00,,query_sent,outbound,query_operational_state,pending,,periodic,18,0,,,,,,,
2026-08-16T07:51:15.625-07:00,,link_ack,inbound,query_operational_state,ack,,link_layer,18,,,,,,,,
2026-08-16T07:51:15.749-07:00,,operational_state,inbound,query_operational_state,received,,device_response,19,4,,,4,Idle Curtailed,,,
2026-08-16T07:51:15.790-07:00,,query_completed,outbound,query_operational_state,ok,,periodic,18,0,,,,,,,
2026-08-16T07:51:44.805-07:00,,query_sent,outbound,get_commodity,pending,,periodic,6,0,,,,,,,
2026-08-16T07:51:44.911-07:00,,link_ack,inbound,get_commodity,ack,,link_layer,6,,,,,,,,
2026-08-16T07:51:45.079-07:00,,intermediate_response,inbound,get_commodity,success,,device_response,6,128,,,,,0,success,
2026-08-16T07:51:45.122-07:00,,query_completed,outbound,get_commodity,ok,,periodic,6,0,,,,,0,success,
2026-08-16T07:51:45.123-07:00,,query_sent,outbound,query_operational_state,pending,,periodic,18,0,,,,,,,
2026-08-16T07:51:45.288-07:00,,link_ack,inbound,query_operational_state,ack,,link_layer,18,,,,,,,,
2026-08-16T07:51:45.411-07:00,,operational_state,inbound,query_operational_state,received,,device_response,19,4,,,4,Idle Curtailed,,,
2026-08-16T07:51:45.452-07:00,,query_completed,outbound,query_operational_state,ok,,periodic,18,0,,,,,,,
2026-08-16T07:52:15.468-07:00,,query_sent,outbound,query_operational_state,pending,,periodic,18,0,,,,,,,
2026-08-16T07:52:15.576-07:00,,link_ack,inbound,query_operational_state,ack,,link_layer,18,,,,,,,,
2026-08-16T07:52:15.699-07:00,,operational_state,inbound,query_operational_state,received,,device_response,19,4,,,4,Idle Curtailed,,,
2026-08-16T07:52:15.739-07:00,,query_completed,outbound,query_operational_state,ok,,periodic,18,0,,,,,,,
2026-08-16T07:52:44.755-07:00,,query_sent,outbound,get_commodity,pending,,periodic,6,0,,,,,,,
2026-08-16T07:52:44.859-07:00,,link_ack,inbound,get_commodity,ack,,link_layer,6,,,,,,,,
2026-08-16T07:52:45.028-07:00,,intermediate_response,inbound,get_commodity,success,,device_response,6,128,,,,,0,success,
2026-08-16T07:52:45.072-07:00,,query_completed,outbound,get_commodity,ok,,periodic,6,0,,,,,0,success,
2026-08-16T07:52:45.072-07:00,,query_sent,outbound,query_operational_state,pending,,periodic,18,0,,,,,,,
2026-08-16T07:52:45.234-07:00,,link_ack,inbound,query_operational_state,ack,,link_layer,18,,,,,,,,
2026-08-16T07:52:45.358-07:00,,operational_state,inbound,query_operational_state,received,,device_response,19,4,,,4,Idle Curtailed,,,
2026-08-16T07:52:45.398-07:00,,query_completed,outbound,query_operational_state,ok,,periodic,18,0,,,,,,,
2026-08-16T07:53:15.414-07:00,,query_sent,outbound,query_operational_state,pending,,periodic,18,0,,,,,,,
2026-08-16T07:53:15.520-07:00,,link_ack,inbound,query_operational_state,ack,,link_layer,18,,,,,,,,
2026-08-16T07:53:15.643-07:00,,operational_state,inbound,query_operational_state,received,,device_response,19,4,,,4,Idle Curtailed,,,
2026-08-16T07:53:15.684-07:00,,query_completed,outbound,query_operational_state,ok,,periodic,18,0,,,,,,,
2026-08-16T07:53:44.700-07:00,,query_sent,outbound,get_commodity,pending,,periodic,6,0,,,,,,,
2026-08-16T07:53:44.803-07:00,,link_ack,inbound,get_commodity,ack,,link_layer,6,,,,,,,,
2026-08-16T07:53:44.971-07:00,,intermediate_response,inbound,get_commodity,success,,device_response,6,128,,,,,0,success,
2026-08-16T07:53:45.015-07:00,,query_completed,outbound,get_commodity,ok,,periodic,6,0,,,,,0,success,
2026-08-16T07:53:45.015-07:00,,query_sent,outbound,query_operational_state,pending,,periodic,18,0,,,,,,,
2026-08-16T07:53:45.179-07:00,,link_ack,inbound,query_operational_state,ack,,link_layer,18,,,,,,,,
2026-08-16T07:53:45.302-07:00,,operational_state,inbound,query_operational_state,received,,device_response,19,4,,,4,Idle Curtailed,,,
2026-08-16T07:53:45.343-07:00,,query_completed,outbound,query_operational_state,ok,,periodic,18,0,,,,,,,
2026-08-16T07:54:15.359-07:00,,query_sent,outbound,query_operational_state,pending,,periodic,18,0,,,,,,,
2026-08-16T07:54:15.464-07:00,,link_ack,inbound,query_operational_state,ack,,link_layer,18,,,,,,,,
2026-08-16T07:54:15.587-07:00,,operational_state,inbound,query_operational_state,received,,device_response,19,4,,,4,Idle Curtailed,,,
2026-08-16T07:54:15.628-07:00,,query_completed,outbound,query_operational_state,ok,,periodic,18,0,,,,,,,
2026-08-16T07:54:44.643-07:00,,query_sent,outbound,get_commodity,pending,,periodic,6,0,,,,,,,
2026-08-16T07:54:44.750-07:00,,link_ack,inbound,get_commodity,ack,,link_layer,6,,,,,,,,
2026-08-16T07:54:44.918-07:00,,intermediate_response,inbound,get_commodity,success,,device_response,6,128,,,,,0,success,
2026-08-16T07:54:44.961-07:00,,query_completed,outbound,get_commodity,ok,,periodic,6,0,,,,,0,success,
2026-08-16T07:54:44.962-07:00,,query_sent,outbound,query_operational_state,pending,,periodic,18,0,,,,,,,
2026-08-16T07:54:45.124-07:00,,link_ack,inbound,query_operational_state,ack,,link_layer,18,,,,,,,,
2026-08-16T07:54:45.248-07:00,,operational_state,inbound,query_operational_state,received,,device_response,19,4,,,4,Idle Curtailed,,,
2026-08-16T07:54:45.289-07:00,,query_completed,outbound,query_operational_state,ok,,periodic,18,0,,,,,,,
2026-08-16T07:55:15.305-07:00,,query_sent,outbound,query_operational_state,pending,,periodic,18,0,,,,,,,
2026-08-16T07:55:15.410-07:00,,link_ack,inbound,query_operational_state,ack,,link_layer,18,,,,,,,,
2026-08-16T07:55:15.533-07:00,,operational_state,inbound,query_operational_state,received,,device_response,19,4,,,4,Idle Curtailed,,,
2026-08-16T07:55:15.574-07:00,,query_completed,outbound,query_operational_state,ok,,periodic,18,0,,,,,,,
2026-08-16T07:55:45.591-07:00,,query_sent,outbound,get_commodity,pending,,periodic,6,0,,,,,,,
2026-08-16T07:55:45.698-07:00,,link_ack,inbound,get_commodity,ack,,link_layer,6,,,,,,,,
2026-08-16T07:55:45.867-07:00,,intermediate_response,inbound,get_commodity,success,,device_response,6,128,,,,,0,success,
2026-08-16T07:55:45.910-07:00,,query_completed,outbound,get_commodity,ok,,periodic,6,0,,,,,0,success,
2026-08-16T07:55:45.911-07:00,,query_sent,outbound,query_operational_state,pending,,periodic,18,0,,,,,,,
2026-08-16T07:55:46.073-07:00,,link_ack,inbound,query_operational_state,ack,,link_layer,18,,,,,,,,
2026-08-16T07:55:46.196-07:00,,operational_state,inbound,query_operational_state,received,,device_response,19,4,,,4,Idle Curtailed,,,
2026-08-16T07:55:46.237-07:00,,query_completed,outbound,query_operational_state,ok,,periodic,18,0,,,,,,,
2026-08-16T07:56:15.253-07:00,,query_sent,outbound,query_operational_state,pending,,periodic,18,0,,,,,,,
2026-08-16T07:56:15.355-07:00,,link_ack,inbound,query_operational_state,ack,,link_layer,18,,,,,,,,
2026-08-16T07:56:15.478-07:00,,operational_state,inbound,query_operational_state,received,,device_response,19,4,,,4,Idle Curtailed,,,
2026-08-16T07:56:15.519-07:00,,query_completed,outbound,query_operational_state,ok,,periodic,18,0,,,,,,,
2026-08-16T07:56:45.536-07:00,,query_sent,outbound,get_commodity,pending,,periodic,6,0,,,,,,,
2026-08-16T07:56:45.638-07:00,,link_ack,inbound,get_commodity,ack,,link_layer,6,,,,,,,,
2026-08-16T07:56:45.807-07:00,,intermediate_response,inbound,get_commodity,success,,device_response,6,128,,,,,0,success,
2026-08-16T07:56:45.851-07:00,,query_completed,outbound,get_commodity,ok,,periodic,6,0,,,,,0,success,
2026-08-16T07:56:45.851-07:00,,query_sent,outbound,query_operational_state,pending,,periodic,18,0,,,,,,,
2026-08-16T07:56:46.013-07:00,,link_ack,inbound,query_operational_state,ack,,link_layer,18,,,,,,,,
2026-08-16T07:56:46.137-07:00,,operational_state,inbound,query_operational_state,received,,device_response,19,4,,,4,Idle Curtailed,,,
2026-08-16T07:56:46.178-07:00,,query_completed,outbound,query_operational_state,ok,,periodic,18,0,,,,,,,
2026-08-16T07:57:15.193-07:00,,query_sent,outbound,query_operational_state,pending,,periodic,18,0,,,,,,,
2026-08-16T07:57:15.298-07:00,,link_ack,inbound,query_operational_state,ack,,link_layer,18,,,,,,,,
2026-08-16T07:57:15.421-07:00,,operational_state,inbound,query_operational_state,received,,device_response,19,4,,,4,Idle Curtailed,,,
2026-08-16T07:57:15.462-07:00,,query_completed,outbound,query_operational_state,ok,,periodic,18,0,,,,,,,
2026-08-16T07:57:45.476-07:00,,query_sent,outbound,get_commodity,pending,,periodic,6,0,,,,,,,
2026-08-16T07:57:45.578-07:00,,link_ack,inbound,get_commodity,ack,,link_layer,6,,,,,,,,
2026-08-16T07:57:45.747-07:00,,intermediate_response,inbound,get_commodity,success,,device_response,6,128,,,,,0,success,
2026-08-16T07:57:45.791-07:00,,query_completed,outbound,get_commodity,ok,,periodic,6,0,,,,,0,success,
2026-08-16T07:57:45.791-07:00,,query_sent,outbound,query_operational_state,pending,,periodic,18,0,,,,,,,
2026-08-16T07:57:45.953-07:00,,link_ack,inbound,query_operational_state,ack,,link_layer,18,,,,,,,,
2026-08-16T07:57:46.076-07:00,,operational_state,inbound,query_operational_state,received,,device_response,19,4,,,4,Idle Curtailed,,,
2026-08-16T07:57:46.117-07:00,,query_completed,outbound,query_operational_state,ok,,periodic,18,0,,,,,,,
2026-08-16T07:58:15.133-07:00,,query_sent,outbound,query_operational_state,pending,,periodic,18,0,,,,,,,
2026-08-16T07:58:15.236-07:00,,link_ack,inbound,query_operational_state,ack,,link_layer,18,,,,,,,,
2026-08-16T07:58:15.361-07:00,,operational_state,inbound,query_operational_state,received,,device_response,19,4,,,4,Idle Curtailed,,,
2026-08-16T07:58:15.401-07:00,,query_completed,outbound,query_operational_state,ok,,periodic,18,0,,,,,,,
2026-08-16T07:58:45.418-07:00,,query_sent,outbound,get_commodity,pending,,periodic,6,0,,,,,,,
2026-08-16T07:58:45.522-07:00,,link_ack,inbound,get_commodity,ack,,link_layer,6,,,,,,,,
2026-08-16T07:58:45.690-07:00,,intermediate_response,inbound,get_commodity,success,,device_response,6,128,,,,,0,success,
2026-08-16T07:58:45.733-07:00,,query_completed,outbound,get_commodity,ok,,periodic,6,0,,,,,0,success,
2026-08-16T07:58:45.733-07:00,,query_sent,outbound,query_operational_state,pending,,periodic,18,0,,,,,,,
2026-08-16T07:58:45.895-07:00,,link_ack,inbound,query_operational_state,ack,,link_layer,18,,,,,,,,
2026-08-16T07:58:46.019-07:00,,operational_state,inbound,query_operational_state,received,,device_response,19,4,,,4,Idle Curtailed,,,
2026-08-16T07:58:46.059-07:00,,query_completed,outbound,query_operational_state,ok,,periodic,18,0,,,,,,,
2026-08-16T07:59:15.076-07:00,,query_sent,outbound,query_operational_state,pending,,periodic,18,0,,,,,,,
2026-08-16T07:59:15.178-07:00,,link_ack,inbound,query_operational_state,ack,,link_layer,18,,,,,,,,
2026-08-16T07:59:15.301-07:00,,operational_state,inbound,query_operational_state,received,,device_response,19,4,,,4,Idle Curtailed,,,
2026-08-16T07:59:15.342-07:00,,query_completed,outbound,query_operational_state,ok,,periodic,18,0,,,,,,,
2026-08-16T07:59:45.358-07:00,,query_sent,outbound,get_commodity,pending,,periodic,6,0,,,,,,,
2026-08-16T07:59:45.461-07:00,,link_ack,inbound,get_commodity,ack,,link_layer,6,,,,,,,,
2026-08-16T07:59:45.630-07:00,,intermediate_response,inbound,get_commodity,success,,device_response,6,128,,,,,0,success,
2026-08-16T07:59:45.674-07:00,,query_completed,outbound,get_commodity,ok,,periodic,6,0,,,,,0,success,
2026-08-16T07:59:45.674-07:00,,query_sent,outbound,query_operational_state,pending,,periodic,18,0,,,,,,,
2026-08-16T07:59:45.837-07:00,,link_ack,inbound,query_operational_state,ack,,link_layer,18,,,,,,,,
2026-08-16T07:59:45.962-07:00,,operational_state,inbound,query_operational_state,received,,device_response,19,4,,,4,Idle Curtailed,,,
2026-08-16T07:59:46.002-07:00,,query_completed,outbound,query_operational_state,ok,,periodic,18,0,,,,,,,
2026-08-16T08:00:15.019-07:00,,query_sent,outbound,query_operational_state,pending,,periodic,18,0,,,,,,,
2026-08-16T08:00:15.123-07:00,,link_ack,inbound,query_operational_state,ack,,link_layer,18,,,,,,,,
2026-08-16T08:00:15.246-07:00,,operational_state,inbound,query_operational_state,received,,device_response,19,4,,,4,Idle Curtailed,,,
2026-08-16T08:00:15.286-07:00,,query_completed,outbound,query_operational_state,ok,,periodic,18,0,,,,,,,
2026-08-16T08:00:45.303-07:00,,query_sent,outbound,get_commodity,pending,,periodic,6,0,,,,,,,
2026-08-16T08:00:45.406-07:00,,link_ack,inbound,get_commodity,ack,,link_layer,6,,,,,,,,
2026-08-16T08:00:45.575-07:00,,intermediate_response,inbound,get_commodity,success,,device_response,6,128,,,,,0,success,
2026-08-16T08:00:45.618-07:00,,query_completed,outbound,get_commodity,ok,,periodic,6,0,,,,,0,success,
2026-08-16T08:00:45.618-07:00,,query_sent,outbound,query_operational_state,pending,,periodic,18,0,,,,,,,
2026-08-16T08:00:45.781-07:00,,link_ack,inbound,query_operational_state,ack,,link_layer,18,,,,,,,,
2026-08-16T08:00:45.904-07:00,,operational_state,inbound,query_operational_state,received,,device_response,19,4,,,4,Idle Curtailed,,,
2026-08-16T08:00:45.945-07:00,,query_completed,outbound,query_operational_state,ok,,periodic,18,0,,,,,,,
2026-08-16T08:01:14.961-07:00,,query_sent,outbound,query_operational_state,pending,,periodic,18,0,,,,,,,
2026-08-16T08:01:15.062-07:00,,link_ack,inbound,query_operational_state,ack,,link_layer,18,,,,,,,,
2026-08-16T08:01:15.185-07:00,,operational_state,inbound,query_operational_state,received,,device_response,19,4,,,4,Idle Curtailed,,,
2026-08-16T08:01:15.226-07:00,,query_completed,outbound,query_operational_state,ok,,periodic,18,0,,,,,,,
2026-08-16T08:01:45.243-07:00,,query_sent,outbound,get_commodity,pending,,periodic,6,0,,,,,,,
2026-08-16T08:01:45.346-07:00,,link_ack,inbound,get_commodity,ack,,link_layer,6,,,,,,,,
2026-08-16T08:01:45.515-07:00,,intermediate_response,inbound,get_commodity,success,,device_response,6,128,,,,,0,success,
2026-08-16T08:01:45.559-07:00,,query_completed,outbound,get_commodity,ok,,periodic,6,0,,,,,0,success,
2026-08-16T08:01:45.561-07:00,,query_sent,outbound,query_operational_state,pending,,periodic,18,0,,,,,,,
2026-08-16T08:01:45.722-07:00,,link_ack,inbound,query_operational_state,ack,,link_layer,18,,,,,,,,
2026-08-16T08:01:45.847-07:00,,operational_state,inbound,query_operational_state,received,,device_response,19,4,,,4,Idle Curtailed,,,
2026-08-16T08:01:45.888-07:00,,query_completed,outbound,query_operational_state,ok,,periodic,18,0,,,,,,,
2026-08-16T08:02:14.904-07:00,,query_sent,outbound,query_operational_state,pending,,periodic,18,0,,,,,,,
2026-08-16T08:02:15.008-07:00,,link_ack,inbound,query_operational_state,ack,,link_layer,18,,,,,,,,
2026-08-16T08:02:15.131-07:00,,operational_state,inbound,query_operational_state,received,,device_response,19,4,,,4,Idle Curtailed,,,
2026-08-16T08:02:15.172-07:00,,query_completed,outbound,query_operational_state,ok,,periodic,18,0,,,,,,,
2026-08-16T08:02:45.188-07:00,,query_sent,outbound,get_commodity,pending,,periodic,6,0,,,,,,,
2026-08-16T08:02:45.292-07:00,,link_ack,inbound,get_commodity,ack,,link_layer,6,,,,,,,,
2026-08-16T08:02:45.460-07:00,,intermediate_response,inbound,get_commodity,success,,device_response,6,128,,,,,0,success,
2026-08-16T08:02:45.503-07:00,,query_completed,outbound,get_commodity,ok,,periodic,6,0,,,,,0,success,
2026-08-16T08:02:45.504-07:00,,query_sent,outbound,query_operational_state,pending,,periodic,18,0,,,,,,,
2026-08-16T08:02:45.665-07:00,,link_ack,inbound,query_operational_state,ack,,link_layer,18,,,,,,,,
2026-08-16T08:02:45.789-07:00,,operational_state,inbound,query_operational_state,received,,device_response,19,4,,,4,Idle Curtailed,,,
2026-08-16T08:02:45.830-07:00,,query_completed,outbound,query_operational_state,ok,,periodic,18,0,,,,,,,
2026-08-16T08:03:14.846-07:00,,query_sent,outbound,query_operational_state,pending,,periodic,18,0,,,,,,,
2026-08-16T08:03:14.948-07:00,,link_ack,inbound,query_operational_state,ack,,link_layer,18,,,,,,,,
2026-08-16T08:03:15.072-07:00,,operational_state,inbound,query_operational_state,received,,device_response,19,4,,,4,Idle Curtailed,,,
2026-08-16T08:03:15.112-07:00,,query_completed,outbound,query_operational_state,ok,,periodic,18,0,,,,,,,
2026-08-16T08:03:45.129-07:00,,query_sent,outbound,get_commodity,pending,,periodic,6,0,,,,,,,
2026-08-16T08:03:45.232-07:00,,link_ack,inbound,get_commodity,ack,,link_layer,6,,,,,,,,
2026-08-16T08:03:45.403-07:00,,intermediate_response,inbound,get_commodity,success,,device_response,6,128,,,,,0,success,
2026-08-16T08:03:45.446-07:00,,query_completed,outbound,get_commodity,ok,,periodic,6,0,,,,,0,success,
2026-08-16T08:03:45.447-07:00,,query_sent,outbound,query_operational_state,pending,,periodic,18,0,,,,,,,
2026-08-16T08:03:45.611-07:00,,link_ack,inbound,query_operational_state,ack,,link_layer,18,,,,,,,,
2026-08-16T08:03:45.735-07:00,,operational_state,inbound,query_operational_state,received,,device_response,19,4,,,4,Idle Curtailed,,,
2026-08-16T08:03:45.775-07:00,,query_completed,outbound,query_operational_state,ok,,periodic,18,0,,,,,,,
2026-08-16T08:04:14.792-07:00,,query_sent,outbound,query_operational_state,pending,,periodic,18,0,,,,,,,
2026-08-16T08:04:14.894-07:00,,link_ack,inbound,query_operational_state,ack,,link_layer,18,,,,,,,,
2026-08-16T08:04:15.019-07:00,,operational_state,inbound,query_operational_state,received,,device_response,19,4,,,4,Idle Curtailed,,,
2026-08-16T08:04:15.060-07:00,,query_completed,outbound,query_operational_state,ok,,periodic,18,0,,,,,,,
2026-08-16T08:04:16.060-07:00,auto_outside_comm_heartbeat_25,command_sent,outbound,outside_communication1,pending,0,schedule,14,0,,,,,,,
2026-08-16T08:04:16.124-07:00,,link_ack,inbound,outside_communication,ack,,link_layer,14,,,,,,,,
2026-08-16T08:04:16.247-07:00,,application_ack,inbound,outside_communication,ack,,application_layer,3,14,,,,,,,
2026-08-16T08:04:16.288-07:00,auto_outside_comm_heartbeat_25,command_completed,outbound,outside_communication1,ok,0,schedule,14,0,,,,,,,
2026-08-16T08:04:45.304-07:00,,query_sent,outbound,get_commodity,pending,,periodic,6,0,,,,,,,
2026-08-16T08:04:45.407-07:00,,link_ack,inbound,get_commodity,ack,,link_layer,6,,,,,,,,
2026-08-16T08:04:45.577-07:00,,intermediate_response,inbound,get_commodity,success,,device_response,6,128,,,,,0,success,
2026-08-16T08:04:45.620-07:00,,query_completed,outbound,get_commodity,ok,,periodic,6,0,,,,,0,success,
2026-08-16T08:04:45.620-07:00,,query_sent,outbound,query_operational_state,pending,,periodic,18,0,,,,,,,
2026-08-16T08:04:45.783-07:00,,link_ack,inbound,query_operational_state,ack,,link_layer,18,,,,,,,,
2026-08-16T08:04:45.906-07:00,,operational_state,inbound,query_operational_state,received,,device_response,19,4,,,4,Idle Curtailed,,,
2026-08-16T08:04:45.947-07:00,,query_completed,outbound,query_operational_state,ok,,periodic,18,0,,,,,,,
2026-08-16T08:05:14.963-07:00,,query_sent,outbound,query_operational_state,pending,,periodic,18,0,,,,,,,
2026-08-16T08:05:15.068-07:00,,link_ack,inbound,query_operational_state,ack,,link_layer,18,,,,,,,,
2026-08-16T08:05:15.191-07:00,,operational_state,inbound,query_operational_state,received,,device_response,19,4,,,4,Idle Curtailed,,,
2026-08-16T08:05:15.232-07:00,,query_completed,outbound,query_operational_state,ok,,periodic,18,0,,,,,,,
2026-08-16T08:05:45.248-07:00,,query_sent,outbound,get_commodity,pending,,periodic,6,0,,,,,,,
2026-08-16T08:05:45.356-07:00,,link_ack,inbound,get_commodity,ack,,link_layer,6,,,,,,,,
2026-08-16T08:05:45.525-07:00,,intermediate_response,inbound,get_commodity,success,,device_response,6,128,,,,,0,success,
2026-08-16T08:05:45.568-07:00,,query_completed,outbound,get_commodity,ok,,periodic,6,0,,,,,0,success,
2026-08-16T08:05:45.568-07:00,,query_sent,outbound,query_operational_state,pending,,periodic,18,0,,,,,,,
2026-08-16T08:05:45.730-07:00,,link_ack,inbound,query_operational_state,ack,,link_layer,18,,,,,,,,
2026-08-16T08:05:45.854-07:00,,operational_state,inbound,query_operational_state,received,,device_response,19,4,,,4,Idle Curtailed,,,
2026-08-16T08:05:45.894-07:00,,query_completed,outbound,query_operational_state,ok,,periodic,18,0,,,,,,,
2026-08-16T08:06:14.910-07:00,,query_sent,outbound,query_operational_state,pending,,periodic,18,0,,,,,,,
2026-08-16T08:06:15.014-07:00,,link_ack,inbound,query_operational_state,ack,,link_layer,18,,,,,,,,
2026-08-16T08:06:15.138-07:00,,operational_state,inbound,query_operational_state,received,,device_response,19,4,,,4,Idle Curtailed,,,
2026-08-16T08:06:15.179-07:00,,query_completed,outbound,query_operational_state,ok,,periodic,18,0,,,,,,,
2026-08-16T08:06:45.194-07:00,auto_outside_comm_for_advanced_load_up_2,command_sent,outbound,outside_communication1,pending,0,schedule,14,0,,,,,,,
2026-08-16T08:06:45.300-07:00,,link_ack,inbound,outside_communication,ack,,link_layer,14,,,,,,,,
2026-08-16T08:06:45.424-07:00,,application_ack,inbound,outside_communication,ack,,application_layer,3,14,,,,,,,
2026-08-16T08:06:45.464-07:00,auto_outside_comm_for_advanced_load_up_2,command_completed,outbound,outside_communication1,ok,0,schedule,14,0,,,,,,,
2026-08-16T08:06:45.466-07:00,,query_sent,outbound,get_commodity,pending,,periodic,6,0,,,,,,,
2026-08-16T08:06:45.628-07:00,,link_ack,inbound,get_commodity,ack,,link_layer,6,,,,,,,,
2026-08-16T08:06:45.798-07:00,,intermediate_response,inbound,get_commodity,success,,device_response,6,128,,,,,0,success,
2026-08-16T08:06:45.841-07:00,,query_completed,outbound,get_commodity,ok,,periodic,6,0,,,,,0,success,
2026-08-16T08:06:45.841-07:00,,query_sent,outbound,query_operational_state,pending,,periodic,18,0,,,,,,,
2026-08-16T08:06:46.003-07:00,,link_ack,inbound,query_operational_state,ack,,link_layer,18,,,,,,,,
2026-08-16T08:06:46.127-07:00,,operational_state,inbound,query_operational_state,received,,device_response,19,4,,,4,Idle Curtailed,,,
2026-08-16T08:06:46.167-07:00,,query_completed,outbound,query_operational_state,ok,,periodic,18,0,,,,,,,
2026-08-16T08:07:00.175-07:00,advanced_load_up_2,command_sent,outbound,advanced_load_up,pending,duration_minutes=0;value=100;units=2;efficiency=9,schedule,12,,,,,,,,
2026-08-16T08:07:00.259-07:00,,link_ack,inbound,advanced_load_up,ack,,link_layer,12,,,,,,,,
2026-08-16T08:07:00.382-07:00,,intermediate_response,inbound,advanced_load_up,success,,device_response,12,128,,,,,0,success,
2026-08-16T08:07:00.423-07:00,advanced_load_up_2,command_completed,outbound,advanced_load_up,ok,duration_minutes=0;value=100;units=2;efficiency=9,schedule,12,,,,,,0,success,
2026-08-16T08:07:10.429-07:00,advanced_load_up_2,verification_sent,outbound,get_advanced_load_up,pending,delay_seconds=10,automatic_delayed_readback,12,0,,,,,,,
2026-08-16T08:07:10.505-07:00,,link_ack,inbound,get_advanced_load_up,ack,,link_layer,12,,,,,,,,
2026-08-16T08:07:10.632-07:00,,advanced_load_up_readback,inbound,get_advanced_load_up,success,duration_minutes=0;value=100;units=2;efficiency=not_reported;efficiency_status=not_reported;payload_length=8,device_response,12,128,,,,,0,success,
2026-08-16T08:07:10.672-07:00,advanced_load_up_2,verification_completed,outbound,get_advanced_load_up,ok,delay_seconds=10,automatic_delayed_readback,12,0,,,,,0,success,
2026-08-16T08:07:14.676-07:00,,query_sent,outbound,query_operational_state,pending,,periodic,18,0,,,,,,,
2026-08-16T08:07:14.742-07:00,,link_ack,inbound,query_operational_state,ack,,link_layer,18,,,,,,,,
2026-08-16T08:07:14.866-07:00,,operational_state,inbound,query_operational_state,received,,device_response,19,1,,,1,Running Normal,,,
2026-08-16T08:07:14.906-07:00,,query_completed,outbound,query_operational_state,ok,,periodic,18,0,,,,,,,
2026-08-16T08:07:44.921-07:00,,query_sent,outbound,get_commodity,pending,,periodic,6,0,,,,,,,
2026-08-16T08:07:45.027-07:00,,link_ack,inbound,get_commodity,ack,,link_layer,6,,,,,,,,
2026-08-16T08:07:45.195-07:00,,intermediate_response,inbound,get_commodity,success,,device_response,6,128,,,,,0,success,
2026-08-16T08:07:45.238-07:00,,query_completed,outbound,get_commodity,ok,,periodic,6,0,,,,,0,success,
2026-08-16T08:07:45.238-07:00,,query_sent,outbound,query_operational_state,pending,,periodic,18,0,,,,,,,
2026-08-16T08:07:45.402-07:00,,link_ack,inbound,query_operational_state,ack,,link_layer,18,,,,,,,,
2026-08-16T08:07:45.525-07:00,,operational_state,inbound,query_operational_state,received,,device_response,19,1,,,1,Running Normal,,,
2026-08-16T08:07:45.566-07:00,,query_completed,outbound,query_operational_state,ok,,periodic,18,0,,,,,,,
2026-08-16T08:08:15.580-07:00,,query_sent,outbound,query_operational_state,pending,,periodic,18,0,,,,,,,
2026-08-16T08:08:15.686-07:00,,link_ack,inbound,query_operational_state,ack,,link_layer,18,,,,,,,,
2026-08-16T08:08:15.810-07:00,,operational_state,inbound,query_operational_state,received,,device_response,19,1,,,1,Running Normal,,,
2026-08-16T08:08:15.850-07:00,,query_completed,outbound,query_operational_state,ok,,periodic,18,0,,,,,,,
2026-08-16T08:08:44.864-07:00,,query_sent,outbound,get_commodity,pending,,periodic,6,0,,,,,,,
2026-08-16T08:08:44.968-07:00,,link_ack,inbound,get_commodity,ack,,link_layer,6,,,,,,,,
2026-08-16T08:08:45.138-07:00,,intermediate_response,inbound,get_commodity,success,,device_response,6,128,,,,,0,success,
2026-08-16T08:08:45.182-07:00,,query_completed,outbound,get_commodity,ok,,periodic,6,0,,,,,0,success,
2026-08-16T08:08:45.182-07:00,,query_sent,outbound,query_operational_state,pending,,periodic,18,0,,,,,,,
2026-08-16T08:08:45.345-07:00,,link_ack,inbound,query_operational_state,ack,,link_layer,18,,,,,,,,
2026-08-16T08:08:45.468-07:00,,operational_state,inbound,query_operational_state,received,,device_response,19,1,,,1,Running Normal,,,
2026-08-16T08:08:45.508-07:00,,query_completed,outbound,query_operational_state,ok,,periodic,18,0,,,,,,,
2026-08-16T08:09:15.523-07:00,,query_sent,outbound,query_operational_state,pending,,periodic,18,0,,,,,,,
2026-08-16T08:09:15.629-07:00,,link_ack,inbound,query_operational_state,ack,,link_layer,18,,,,,,,,
2026-08-16T08:09:15.752-07:00,,operational_state,inbound,query_operational_state,received,,device_response,19,1,,,1,Running Normal,,,
2026-08-16T08:09:15.793-07:00,,query_completed,outbound,query_operational_state,ok,,periodic,18,0,,,,,,,
2026-08-16T08:09:44.807-07:00,,query_sent,outbound,get_commodity,pending,,periodic,6,0,,,,,,,
2026-08-16T08:09:44.911-07:00,,link_ack,inbound,get_commodity,ack,,link_layer,6,,,,,,,,
2026-08-16T08:09:45.079-07:00,,intermediate_response,inbound,get_commodity,success,,device_response,6,128,,,,,0,success,
2026-08-16T08:09:45.123-07:00,,query_completed,outbound,get_commodity,ok,,periodic,6,0,,,,,0,success,
2026-08-16T08:09:45.123-07:00,,query_sent,outbound,query_operational_state,pending,,periodic,18,0,,,,,,,
2026-08-16T08:09:45.287-07:00,,link_ack,inbound,query_operational_state,ack,,link_layer,18,,,,,,,,
2026-08-16T08:09:45.411-07:00,,operational_state,inbound,query_operational_state,received,,device_response,19,1,,,1,Running Normal,,,
2026-08-16T08:09:45.451-07:00,,query_completed,outbound,query_operational_state,ok,,periodic,18,0,,,,,,,
2026-08-16T08:10:15.466-07:00,,query_sent,outbound,query_operational_state,pending,,periodic,18,0,,,,,,,
2026-08-16T08:10:15.571-07:00,,link_ack,inbound,query_operational_state,ack,,link_layer,18,,,,,,,,
2026-08-16T08:10:15.694-07:00,,operational_state,inbound,query_operational_state,received,,device_response,19,1,,,1,Running Normal,,,
2026-08-16T08:10:15.735-07:00,,query_completed,outbound,query_operational_state,ok,,periodic,18,0,,,,,,,
2026-08-16T08:10:44.749-07:00,,query_sent,outbound,get_commodity,pending,,periodic,6,0,,,,,,,
2026-08-16T08:10:44.853-07:00,,link_ack,inbound,get_commodity,ack,,link_layer,6,,,,,,,,
2026-08-16T08:10:45.022-07:00,,intermediate_response,inbound,get_commodity,success,,device_response,6,128,,,,,0,success,
2026-08-16T08:10:45.066-07:00,,query_completed,outbound,get_commodity,ok,,periodic,6,0,,,,,0,success,
2026-08-16T08:10:45.066-07:00,,query_sent,outbound,query_operational_state,pending,,periodic,18,0,,,,,,,
2026-08-16T08:10:45.229-07:00,,link_ack,inbound,query_operational_state,ack,,link_layer,18,,,,,,,,
2026-08-16T08:10:45.353-07:00,,operational_state,inbound,query_operational_state,received,,device_response,19,1,,,1,Running Normal,,,
2026-08-16T08:10:45.394-07:00,,query_completed,outbound,query_operational_state,ok,,periodic,18,0,,,,,,,
2026-08-16T08:11:15.408-07:00,,query_sent,outbound,query_operational_state,pending,,periodic,18,0,,,,,,,
2026-08-16T08:11:15.515-07:00,,link_ack,inbound,query_operational_state,ack,,link_layer,18,,,,,,,,
2026-08-16T08:11:15.638-07:00,,operational_state,inbound,query_operational_state,received,,device_response,19,1,,,1,Running Normal,,,
2026-08-16T08:11:15.679-07:00,,query_completed,outbound,query_operational_state,ok,,periodic,18,0,,,,,,,
2026-08-16T08:11:44.693-07:00,,query_sent,outbound,get_commodity,pending,,periodic,6,0,,,,,,,
2026-08-16T08:11:44.798-07:00,,link_ack,inbound,get_commodity,ack,,link_layer,6,,,,,,,,
2026-08-16T08:11:44.966-07:00,,intermediate_response,inbound,get_commodity,success,,device_response,6,128,,,,,0,success,
2026-08-16T08:11:45.010-07:00,,query_completed,outbound,get_commodity,ok,,periodic,6,0,,,,,0,success,
2026-08-16T08:11:45.010-07:00,,query_sent,outbound,query_operational_state,pending,,periodic,18,0,,,,,,,
2026-08-16T08:11:45.174-07:00,,link_ack,inbound,query_operational_state,ack,,link_layer,18,,,,,,,,
2026-08-16T08:11:45.297-07:00,,operational_state,inbound,query_operational_state,received,,device_response,19,1,,,1,Running Normal,,,
2026-08-16T08:11:45.337-07:00,,query_completed,outbound,query_operational_state,ok,,periodic,18,0,,,,,,,
2026-08-16T08:12:15.352-07:00,,query_sent,outbound,query_operational_state,pending,,periodic,18,0,,,,,,,
2026-08-16T08:12:15.459-07:00,,link_ack,inbound,query_operational_state,ack,,link_layer,18,,,,,,,,
2026-08-16T08:12:15.582-07:00,,operational_state,inbound,query_operational_state,received,,device_response,19,1,,,1,Running Normal,,,
2026-08-16T08:12:15.623-07:00,,query_completed,outbound,query_operational_state,ok,,periodic,18,0,,,,,,,
2026-08-16T08:12:44.637-07:00,,query_sent,outbound,get_commodity,pending,,periodic,6,0,,,,,,,
2026-08-16T08:12:44.741-07:00,,link_ack,inbound,get_commodity,ack,,link_layer,6,,,,,,,,
2026-08-16T08:12:44.909-07:00,,intermediate_response,inbound,get_commodity,success,,device_response,6,128,,,,,0,success,
2026-08-16T08:12:44.953-07:00,,query_completed,outbound,get_commodity,ok,,periodic,6,0,,,,,0,success,
2026-08-16T08:12:44.953-07:00,,query_sent,outbound,query_operational_state,pending,,periodic,18,0,,,,,,,
2026-08-16T08:12:45.117-07:00,,link_ack,inbound,query_operational_state,ack,,link_layer,18,,,,,,,,
2026-08-16T08:12:45.240-07:00,,operational_state,inbound,query_operational_state,received,,device_response,19,1,,,1,Running Normal,,,
2026-08-16T08:12:45.280-07:00,,query_completed,outbound,query_operational_state,ok,,periodic,18,0,,,,,,,
2026-08-16T08:13:15.295-07:00,,query_sent,outbound,query_operational_state,pending,,periodic,18,0,,,,,,,
2026-08-16T08:13:15.403-07:00,,link_ack,inbound,query_operational_state,ack,,link_layer,18,,,,,,,,
2026-08-16T08:13:15.527-07:00,,operational_state,inbound,query_operational_state,received,,device_response,19,1,,,1,Running Normal,,,
2026-08-16T08:13:15.568-07:00,,query_completed,outbound,query_operational_state,ok,,periodic,18,0,,,,,,,
2026-08-16T08:13:45.582-07:00,,query_sent,outbound,get_commodity,pending,,periodic,6,0,,,,,,,
2026-08-16T08:13:45.687-07:00,,link_ack,inbound,get_commodity,ack,,link_layer,6,,,,,,,,
2026-08-16T08:13:45.857-07:00,,intermediate_response,inbound,get_commodity,success,,device_response,6,128,,,,,0,success,
2026-08-16T08:13:45.900-07:00,,query_completed,outbound,get_commodity,ok,,periodic,6,0,,,,,0,success,
2026-08-16T08:13:45.901-07:00,,query_sent,outbound,query_operational_state,pending,,periodic,18,0,,,,,,,
2026-08-16T08:13:46.063-07:00,,link_ack,inbound,query_operational_state,ack,,link_layer,18,,,,,,,,
2026-08-16T08:13:46.186-07:00,,operational_state,inbound,query_operational_state,received,,device_response,19,1,,,1,Running Normal,,,
2026-08-16T08:13:46.227-07:00,,query_completed,outbound,query_operational_state,ok,,periodic,18,0,,,,,,,
2026-08-16T08:14:15.241-07:00,,query_sent,outbound,query_operational_state,pending,,periodic,18,0,,,,,,,
2026-08-16T08:14:15.346-07:00,,link_ack,inbound,query_operational_state,ack,,link_layer,18,,,,,,,,
2026-08-16T08:14:15.469-07:00,,operational_state,inbound,query_operational_state,received,,device_response,19,1,,,1,Running Normal,,,
2026-08-16T08:14:15.510-07:00,,query_completed,outbound,query_operational_state,ok,,periodic,18,0,,,,,,,
2026-08-16T08:14:45.525-07:00,,query_sent,outbound,get_commodity,pending,,periodic,6,0,,,,,,,
2026-08-16T08:14:45.631-07:00,,link_ack,inbound,get_commodity,ack,,link_layer,6,,,,,,,,
2026-08-16T08:14:45.801-07:00,,intermediate_response,inbound,get_commodity,success,,device_response,6,128,,,,,0,success,
2026-08-16T08:14:45.844-07:00,,query_completed,outbound,get_commodity,ok,,periodic,6,0,,,,,0,success,
2026-08-16T08:14:45.845-07:00,,query_sent,outbound,query_operational_state,pending,,periodic,18,0,,,,,,,
2026-08-16T08:14:46.006-07:00,,link_ack,inbound,query_operational_state,ack,,link_layer,18,,,,,,,,
2026-08-16T08:14:46.130-07:00,,operational_state,inbound,query_operational_state,received,,device_response,19,1,,,1,Running Normal,,,
2026-08-16T08:14:46.171-07:00,,query_completed,outbound,query_operational_state,ok,,periodic,18,0,,,,,,,
2026-08-16T08:15:15.185-07:00,,query_sent,outbound,query_operational_state,pending,,periodic,18,0,,,,,,,
2026-08-16T08:15:15.292-07:00,,link_ack,inbound,query_operational_state,ack,,link_layer,18,,,,,,,,
2026-08-16T08:15:15.415-07:00,,operational_state,inbound,query_operational_state,received,,device_response,19,1,,,1,Running Normal,,,
2026-08-16T08:15:15.455-07:00,,query_completed,outbound,query_operational_state,ok,,periodic,18,0,,,,,,,
2026-08-16T08:15:45.470-07:00,,query_sent,outbound,get_commodity,pending,,periodic,6,0,,,,,,,
2026-08-16T08:15:45.576-07:00,,link_ack,inbound,get_commodity,ack,,link_layer,6,,,,,,,,
2026-08-16T08:15:45.744-07:00,,intermediate_response,inbound,get_commodity,success,,device_response,6,128,,,,,0,success,
2026-08-16T08:15:45.788-07:00,,query_completed,outbound,get_commodity,ok,,periodic,6,0,,,,,0,success,
2026-08-16T08:15:45.788-07:00,,query_sent,outbound,query_operational_state,pending,,periodic,18,0,,,,,,,
2026-08-16T08:15:45.950-07:00,,link_ack,inbound,query_operational_state,ack,,link_layer,18,,,,,,,,
2026-08-16T08:15:46.073-07:00,,operational_state,inbound,query_operational_state,received,,device_response,19,1,,,1,Running Normal,,,
2026-08-16T08:15:46.114-07:00,,query_completed,outbound,query_operational_state,ok,,periodic,18,0,,,,,,,
2026-08-16T08:16:15.128-07:00,,query_sent,outbound,query_operational_state,pending,,periodic,18,0,,,,,,,
2026-08-16T08:16:15.235-07:00,,link_ack,inbound,query_operational_state,ack,,link_layer,18,,,,,,,,
2026-08-16T08:16:15.359-07:00,,operational_state,inbound,query_operational_state,received,,device_response,19,1,,,1,Running Normal,,,
2026-08-16T08:16:15.399-07:00,,query_completed,outbound,query_operational_state,ok,,periodic,18,0,,,,,,,
2026-08-16T08:16:45.414-07:00,,query_sent,outbound,get_commodity,pending,,periodic,6,0,,,,,,,
2026-08-16T08:16:45.521-07:00,,link_ack,inbound,get_commodity,ack,,link_layer,6,,,,,,,,
2026-08-16T08:16:45.689-07:00,,intermediate_response,inbound,get_commodity,success,,device_response,6,128,,,,,0,success,
2026-08-16T08:16:45.732-07:00,,query_completed,outbound,get_commodity,ok,,periodic,6,0,,,,,0,success,
2026-08-16T08:16:45.733-07:00,,query_sent,outbound,query_operational_state,pending,,periodic,18,0,,,,,,,
2026-08-16T08:16:45.897-07:00,,link_ack,inbound,query_operational_state,ack,,link_layer,18,,,,,,,,
2026-08-16T08:16:46.020-07:00,,operational_state,inbound,query_operational_state,received,,device_response,19,1,,,1,Running Normal,,,
2026-08-16T08:16:46.061-07:00,,query_completed,outbound,query_operational_state,ok,,periodic,18,0,,,,,,,
2026-08-16T08:17:15.075-07:00,,query_sent,outbound,query_operational_state,pending,,periodic,18,0,,,,,,,
2026-08-16T08:17:15.181-07:00,,link_ack,inbound,query_operational_state,ack,,link_layer,18,,,,,,,,
2026-08-16T08:17:15.305-07:00,,operational_state,inbound,query_operational_state,received,,device_response,19,1,,,1,Running Normal,,,
2026-08-16T08:17:15.346-07:00,,query_completed,outbound,query_operational_state,ok,,periodic,18,0,,,,,,,
2026-08-16T08:17:45.360-07:00,auto_outside_comm_heartbeat_26,command_sent,outbound,outside_communication1,pending,0,schedule,14,0,,,,,,,
2026-08-16T08:17:45.469-07:00,,link_ack,inbound,outside_communication,ack,,link_layer,14,,,,,,,,
2026-08-16T08:17:45.592-07:00,,application_ack,inbound,outside_communication,ack,,application_layer,3,14,,,,,,,
2026-08-16T08:17:45.633-07:00,auto_outside_comm_heartbeat_26,command_completed,outbound,outside_communication1,ok,0,schedule,14,0,,,,,,,
2026-08-16T08:17:45.634-07:00,,query_sent,outbound,get_commodity,pending,,periodic,6,0,,,,,,,
2026-08-16T08:17:45.795-07:00,,link_ack,inbound,get_commodity,ack,,link_layer,6,,,,,,,,
2026-08-16T08:17:45.963-07:00,,intermediate_response,inbound,get_commodity,success,,device_response,6,128,,,,,0,success,
2026-08-16T08:17:46.007-07:00,,query_completed,outbound,get_commodity,ok,,periodic,6,0,,,,,0,success,
2026-08-16T08:17:46.007-07:00,,query_sent,outbound,query_operational_state,pending,,periodic,18,0,,,,,,,
2026-08-16T08:17:46.170-07:00,,link_ack,inbound,query_operational_state,ack,,link_layer,18,,,,,,,,
2026-08-16T08:17:46.293-07:00,,operational_state,inbound,query_operational_state,received,,device_response,19,1,,,1,Running Normal,,,
2026-08-16T08:17:46.334-07:00,,query_completed,outbound,query_operational_state,ok,,periodic,18,0,,,,,,,
2026-08-16T08:18:15.348-07:00,,query_sent,outbound,query_operational_state,pending,,periodic,18,0,,,,,,,
2026-08-16T08:18:15.454-07:00,,link_ack,inbound,query_operational_state,ack,,link_layer,18,,,,,,,,
2026-08-16T08:18:15.577-07:00,,operational_state,inbound,query_operational_state,received,,device_response,19,1,,,1,Running Normal,,,
2026-08-16T08:18:15.618-07:00,,query_completed,outbound,query_operational_state,ok,,periodic,18,0,,,,,,,
2026-08-16T08:18:44.631-07:00,,query_sent,outbound,get_commodity,pending,,periodic,6,0,,,,,,,
2026-08-16T08:18:44.739-07:00,,link_ack,inbound,get_commodity,ack,,link_layer,6,,,,,,,,
2026-08-16T08:18:44.907-07:00,,intermediate_response,inbound,get_commodity,success,,device_response,6,128,,,,,0,success,
2026-08-16T08:18:44.951-07:00,,query_completed,outbound,get_commodity,ok,,periodic,6,0,,,,,0,success,
2026-08-16T08:18:44.951-07:00,,query_sent,outbound,query_operational_state,pending,,periodic,18,0,,,,,,,
2026-08-16T08:18:45.114-07:00,,link_ack,inbound,query_operational_state,ack,,link_layer,18,,,,,,,,
2026-08-16T08:18:45.238-07:00,,operational_state,inbound,query_operational_state,received,,device_response,19,1,,,1,Running Normal,,,
2026-08-16T08:18:45.279-07:00,,query_completed,outbound,query_operational_state,ok,,periodic,18,0,,,,,,,
2026-08-16T08:19:15.293-07:00,,query_sent,outbound,query_operational_state,pending,,periodic,18,0,,,,,,,
2026-08-16T08:19:15.402-07:00,,link_ack,inbound,query_operational_state,ack,,link_layer,18,,,,,,,,
2026-08-16T08:19:15.527-07:00,,operational_state,inbound,query_operational_state,received,,device_response,19,1,,,1,Running Normal,,,
2026-08-16T08:19:15.567-07:00,,query_completed,outbound,query_operational_state,ok,,periodic,18,0,,,,,,,
2026-08-16T08:19:45.581-07:00,,query_sent,outbound,get_commodity,pending,,periodic,6,0,,,,,,,
2026-08-16T08:19:45.690-07:00,,link_ack,inbound,get_commodity,ack,,link_layer,6,,,,,,,,
2026-08-16T08:19:45.859-07:00,,intermediate_response,inbound,get_commodity,success,,device_response,6,128,,,,,0,success,
2026-08-16T08:19:45.903-07:00,,query_completed,outbound,get_commodity,ok,,periodic,6,0,,,,,0,success,
2026-08-16T08:19:45.904-07:00,,query_sent,outbound,query_operational_state,pending,,periodic,18,0,,,,,,,
2026-08-16T08:19:46.065-07:00,,link_ack,inbound,query_operational_state,ack,,link_layer,18,,,,,,,,
2026-08-16T08:19:46.189-07:00,,operational_state,inbound,query_operational_state,received,,device_response,19,1,,,1,Running Normal,,,
2026-08-16T08:19:46.229-07:00,,query_completed,outbound,query_operational_state,ok,,periodic,18,0,,,,,,,
2026-08-16T08:20:15.243-07:00,,query_sent,outbound,query_operational_state,pending,,periodic,18,0,,,,,,,
2026-08-16T08:20:15.350-07:00,,link_ack,inbound,query_operational_state,ack,,link_layer,18,,,,,,,,
2026-08-16T08:20:15.473-07:00,,operational_state,inbound,query_operational_state,received,,device_response,19,1,,,1,Running Normal,,,
2026-08-16T08:20:15.514-07:00,,query_completed,outbound,query_operational_state,ok,,periodic,18,0,,,,,,,
2026-08-16T08:20:45.528-07:00,,query_sent,outbound,get_commodity,pending,,periodic,6,0,,,,,,,
2026-08-16T08:20:45.636-07:00,,link_ack,inbound,get_commodity,ack,,link_layer,6,,,,,,,,
2026-08-16T08:20:45.805-07:00,,intermediate_response,inbound,get_commodity,success,,device_response,6,128,,,,,0,success,
2026-08-16T08:20:45.848-07:00,,query_completed,outbound,get_commodity,ok,,periodic,6,0,,,,,0,success,
2026-08-16T08:20:45.848-07:00,,query_sent,outbound,query_operational_state,pending,,periodic,18,0,,,,,,,
2026-08-16T08:20:46.010-07:00,,link_ack,inbound,query_operational_state,ack,,link_layer,18,,,,,,,,
2026-08-16T08:20:46.134-07:00,,operational_state,inbound,query_operational_state,received,,device_response,19,1,,,1,Running Normal,,,
2026-08-16T08:20:46.175-07:00,,query_completed,outbound,query_operational_state,ok,,periodic,18,0,,,,,,,
2026-08-16T08:21:15.188-07:00,,query_sent,outbound,query_operational_state,pending,,periodic,18,0,,,,,,,
2026-08-16T08:21:15.294-07:00,,link_ack,inbound,query_operational_state,ack,,link_layer,18,,,,,,,,
2026-08-16T08:21:15.418-07:00,,operational_state,inbound,query_operational_state,received,,device_response,19,1,,,1,Running Normal,,,
2026-08-16T08:21:15.459-07:00,,query_completed,outbound,query_operational_state,ok,,periodic,18,0,,,,,,,
2026-08-16T08:21:45.473-07:00,,query_sent,outbound,get_commodity,pending,,periodic,6,0,,,,,,,
2026-08-16T08:21:45.579-07:00,,link_ack,inbound,get_commodity,ack,,link_layer,6,,,,,,,,
2026-08-16T08:21:45.747-07:00,,intermediate_response,inbound,get_commodity,success,,device_response,6,128,,,,,0,success,
2026-08-16T08:21:45.791-07:00,,query_completed,outbound,get_commodity,ok,,periodic,6,0,,,,,0,success,
2026-08-16T08:21:45.791-07:00,,query_sent,outbound,query_operational_state,pending,,periodic,18,0,,,,,,,
2026-08-16T08:21:45.953-07:00,,link_ack,inbound,query_operational_state,ack,,link_layer,18,,,,,,,,
2026-08-16T08:21:46.078-07:00,,operational_state,inbound,query_operational_state,received,,device_response,19,1,,,1,Running Normal,,,
2026-08-16T08:21:46.118-07:00,,query_completed,outbound,query_operational_state,ok,,periodic,18,0,,,,,,,
2026-08-16T08:22:15.132-07:00,,query_sent,outbound,query_operational_state,pending,,periodic,18,0,,,,,,,
2026-08-16T08:22:15.238-07:00,,link_ack,inbound,query_operational_state,ack,,link_layer,18,,,,,,,,
2026-08-16T08:22:15.362-07:00,,operational_state,inbound,query_operational_state,received,,device_response,19,1,,,1,Running Normal,,,
2026-08-16T08:22:15.403-07:00,,query_completed,outbound,query_operational_state,ok,,periodic,18,0,,,,,,,
2026-08-16T08:22:45.417-07:00,,query_sent,outbound,get_commodity,pending,,periodic,6,0,,,,,,,
2026-08-16T08:22:45.523-07:00,,link_ack,inbound,get_commodity,ack,,link_layer,6,,,,,,,,
2026-08-16T08:22:45.694-07:00,,intermediate_response,inbound,get_commodity,success,,device_response,6,128,,,,,0,success,
2026-08-16T08:22:45.737-07:00,,query_completed,outbound,get_commodity,ok,,periodic,6,0,,,,,0,success,
2026-08-16T08:22:45.738-07:00,,query_sent,outbound,query_operational_state,pending,,periodic,18,0,,,,,,,
2026-08-16T08:22:45.902-07:00,,link_ack,inbound,query_operational_state,ack,,link_layer,18,,,,,,,,
2026-08-16T08:22:46.026-07:00,,operational_state,inbound,query_operational_state,received,,device_response,19,1,,,1,Running Normal,,,
2026-08-16T08:22:46.067-07:00,,query_completed,outbound,query_operational_state,ok,,periodic,18,0,,,,,,,
2026-08-16T08:23:15.081-07:00,,query_sent,outbound,query_operational_state,pending,,periodic,18,0,,,,,,,
2026-08-16T08:23:15.188-07:00,,link_ack,inbound,query_operational_state,ack,,link_layer,18,,,,,,,,
2026-08-16T08:23:15.311-07:00,,operational_state,inbound,query_operational_state,received,,device_response,19,1,,,1,Running Normal,,,
2026-08-16T08:23:15.352-07:00,,query_completed,outbound,query_operational_state,ok,,periodic,18,0,,,,,,,
2026-08-16T08:23:45.365-07:00,,query_sent,outbound,get_commodity,pending,,periodic,6,0,,,,,,,
2026-08-16T08:23:45.474-07:00,,link_ack,inbound,get_commodity,ack,,link_layer,6,,,,,,,,
2026-08-16T08:23:45.643-07:00,,intermediate_response,inbound,get_commodity,success,,device_response,6,128,,,,,0,success,
2026-08-16T08:23:45.686-07:00,,query_completed,outbound,get_commodity,ok,,periodic,6,0,,,,,0,success,
2026-08-16T08:23:45.686-07:00,,query_sent,outbound,query_operational_state,pending,,periodic,18,0,,,,,,,
2026-08-16T08:23:45.848-07:00,,link_ack,inbound,query_operational_state,ack,,link_layer,18,,,,,,,,
2026-08-16T08:23:45.972-07:00,,operational_state,inbound,query_operational_state,received,,device_response,19,1,,,1,Running Normal,,,
2026-08-16T08:23:46.013-07:00,,query_completed,outbound,query_operational_state,ok,,periodic,18,0,,,,,,,
2026-08-16T08:24:15.026-07:00,,query_sent,outbound,query_operational_state,pending,,periodic,18,0,,,,,,,
2026-08-16T08:24:15.134-07:00,,link_ack,inbound,query_operational_state,ack,,link_layer,18,,,,,,,,
2026-08-16T08:24:15.259-07:00,,operational_state,inbound,query_operational_state,received,,device_response,19,1,,,1,Running Normal,,,
2026-08-16T08:24:15.299-07:00,,query_completed,outbound,query_operational_state,ok,,periodic,18,0,,,,,,,
2026-08-16T08:24:45.313-07:00,,query_sent,outbound,get_commodity,pending,,periodic,6,0,,,,,,,
2026-08-16T08:24:45.419-07:00,,link_ack,inbound,get_commodity,ack,,link_layer,6,,,,,,,,
2026-08-16T08:24:45.588-07:00,,intermediate_response,inbound,get_commodity,success,,device_response,6,128,,,,,0,success,
2026-08-16T08:24:45.632-07:00,,query_completed,outbound,get_commodity,ok,,periodic,6,0,,,,,0,success,
2026-08-16T08:24:45.632-07:00,,query_sent,outbound,query_operational_state,pending,,periodic,18,0,,,,,,,
2026-08-16T08:24:45.794-07:00,,link_ack,inbound,query_operational_state,ack,,link_layer,18,,,,,,,,
2026-08-16T08:24:45.918-07:00,,operational_state,inbound,query_operational_state,received,,device_response,19,1,,,1,Running Normal,,,
2026-08-16T08:24:45.959-07:00,,query_completed,outbound,query_operational_state,ok,,periodic,18,0,,,,,,,
2026-08-16T08:25:14.972-07:00,,query_sent,outbound,query_operational_state,pending,,periodic,18,0,,,,,,,
2026-08-16T08:25:15.075-07:00,,link_ack,inbound,query_operational_state,ack,,link_layer,18,,,,,,,,
2026-08-16T08:25:15.199-07:00,,operational_state,inbound,query_operational_state,received,,device_response,19,1,,,1,Running Normal,,,
2026-08-16T08:25:15.239-07:00,,query_completed,outbound,query_operational_state,ok,,periodic,18,0,,,,,,,
2026-08-16T08:25:45.253-07:00,,query_sent,outbound,get_commodity,pending,,periodic,6,0,,,,,,,
2026-08-16T08:25:45.361-07:00,,link_ack,inbound,get_commodity,ack,,link_layer,6,,,,,,,,
2026-08-16T08:25:45.529-07:00,,intermediate_response,inbound,get_commodity,success,,device_response,6,128,,,,,0,success,
2026-08-16T08:25:45.573-07:00,,query_completed,outbound,get_commodity,ok,,periodic,6,0,,,,,0,success,
2026-08-16T08:25:45.573-07:00,,query_sent,outbound,query_operational_state,pending,,periodic,18,0,,,,,,,
2026-08-16T08:25:45.735-07:00,,link_ack,inbound,query_operational_state,ack,,link_layer,18,,,,,,,,
2026-08-16T08:25:45.860-07:00,,operational_state,inbound,query_operational_state,received,,device_response,19,1,,,1,Running Normal,,,
2026-08-16T08:25:45.900-07:00,,query_completed,outbound,query_operational_state,ok,,periodic,18,0,,,,,,,
2026-08-16T08:26:14.914-07:00,,query_sent,outbound,query_operational_state,pending,,periodic,18,0,,,,,,,
2026-08-16T08:26:15.018-07:00,,link_ack,inbound,query_operational_state,ack,,link_layer,18,,,,,,,,
2026-08-16T08:26:15.142-07:00,,operational_state,inbound,query_operational_state,received,,device_response,19,1,,,1,Running Normal,,,
2026-08-16T08:26:15.183-07:00,,query_completed,outbound,query_operational_state,ok,,periodic,18,0,,,,,,,
2026-08-16T08:26:45.196-07:00,,query_sent,outbound,get_commodity,pending,,periodic,6,0,,,,,,,
2026-08-16T08:26:45.306-07:00,,link_ack,inbound,get_commodity,ack,,link_layer,6,,,,,,,,
2026-08-16T08:26:45.474-07:00,,intermediate_response,inbound,get_commodity,success,,device_response,6,128,,,,,0,success,
2026-08-16T08:26:45.518-07:00,,query_completed,outbound,get_commodity,ok,,periodic,6,0,,,,,0,success,
2026-08-16T08:26:45.518-07:00,,query_sent,outbound,query_operational_state,pending,,periodic,18,0,,,,,,,
2026-08-16T08:26:45.680-07:00,,link_ack,inbound,query_operational_state,ack,,link_layer,18,,,,,,,,
2026-08-16T08:26:45.804-07:00,,operational_state,inbound,query_operational_state,received,,device_response,19,1,,,1,Running Normal,,,
2026-08-16T08:26:45.844-07:00,,query_completed,outbound,query_operational_state,ok,,periodic,18,0,,,,,,,
2026-08-16T08:27:14.858-07:00,,query_sent,outbound,query_operational_state,pending,,periodic,18,0,,,,,,,
2026-08-16T08:27:14.964-07:00,,link_ack,inbound,query_operational_state,ack,,link_layer,18,,,,,,,,
2026-08-16T08:27:15.088-07:00,,operational_state,inbound,query_operational_state,received,,device_response,19,1,,,1,Running Normal,,,
2026-08-16T08:27:15.128-07:00,,query_completed,outbound,query_operational_state,ok,,periodic,18,0,,,,,,,
2026-08-16T08:27:45.142-07:00,,query_sent,outbound,get_commodity,pending,,periodic,6,0,,,,,,,
2026-08-16T08:27:45.249-07:00,,link_ack,inbound,get_commodity,ack,,link_layer,6,,,,,,,,
2026-08-16T08:27:45.417-07:00,,intermediate_response,inbound,get_commodity,success,,device_response,6,128,,,,,0,success,
2026-08-16T08:27:45.461-07:00,,query_completed,outbound,get_commodity,ok,,periodic,6,0,,,,,0,success,
2026-08-16T08:27:45.461-07:00,,query_sent,outbound,query_operational_state,pending,,periodic,18,0,,,,,,,
2026-08-16T08:27:45.623-07:00,,link_ack,inbound,query_operational_state,ack,,link_layer,18,,,,,,,,
2026-08-16T08:27:45.748-07:00,,operational_state,inbound,query_operational_state,received,,device_response,19,1,,,1,Running Normal,,,
2026-08-16T08:27:45.788-07:00,,query_completed,outbound,query_operational_state,ok,,periodic,18,0,,,,,,,
2026-08-16T08:28:14.803-07:00,,query_sent,outbound,query_operational_state,pending,,periodic,18,0,,,,,,,
2026-08-16T08:28:14.906-07:00,,link_ack,inbound,query_operational_state,ack,,link_layer,18,,,,,,,,
2026-08-16T08:28:15.030-07:00,,operational_state,inbound,query_operational_state,received,,device_response,19,1,,,1,Running Normal,,,
2026-08-16T08:28:15.070-07:00,,query_completed,outbound,query_operational_state,ok,,periodic,18,0,,,,,,,
2026-08-16T08:28:45.084-07:00,,query_sent,outbound,get_commodity,pending,,periodic,6,0,,,,,,,
2026-08-16T08:28:45.194-07:00,,link_ack,inbound,get_commodity,ack,,link_layer,6,,,,,,,,
2026-08-16T08:28:45.362-07:00,,intermediate_response,inbound,get_commodity,success,,device_response,6,128,,,,,0,success,
2026-08-16T08:28:45.406-07:00,,query_completed,outbound,get_commodity,ok,,periodic,6,0,,,,,0,success,
2026-08-16T08:28:45.406-07:00,,query_sent,outbound,query_operational_state,pending,,periodic,18,0,,,,,,,
2026-08-16T08:28:45.568-07:00,,link_ack,inbound,query_operational_state,ack,,link_layer,18,,,,,,,,
2026-08-16T08:28:45.692-07:00,,operational_state,inbound,query_operational_state,received,,device_response,19,1,,,1,Running Normal,,,
2026-08-16T08:28:45.732-07:00,,query_completed,outbound,query_operational_state,ok,,periodic,18,0,,,,,,,
2026-08-16T08:29:14.746-07:00,,query_sent,outbound,query_operational_state,pending,,periodic,18,0,,,,,,,
2026-08-16T08:29:14.850-07:00,,link_ack,inbound,query_operational_state,ack,,link_layer,18,,,,,,,,
2026-08-16T08:29:14.975-07:00,,operational_state,inbound,query_operational_state,received,,device_response,19,1,,,1,Running Normal,,,
2026-08-16T08:29:15.015-07:00,,query_completed,outbound,query_operational_state,ok,,periodic,18,0,,,,,,,
2026-08-16T08:29:45.029-07:00,,query_sent,outbound,get_commodity,pending,,periodic,6,0,,,,,,,
2026-08-16T08:29:45.137-07:00,,link_ack,inbound,get_commodity,ack,,link_layer,6,,,,,,,,
2026-08-16T08:29:45.305-07:00,,intermediate_response,inbound,get_commodity,success,,device_response,6,128,,,,,0,success,
2026-08-16T08:29:45.349-07:00,,query_completed,outbound,get_commodity,ok,,periodic,6,0,,,,,0,success,
2026-08-16T08:29:45.349-07:00,,query_sent,outbound,query_operational_state,pending,,periodic,18,0,,,,,,,
2026-08-16T08:29:45.512-07:00,,link_ack,inbound,query_operational_state,ack,,link_layer,18,,,,,,,,
2026-08-16T08:29:45.636-07:00,,operational_state,inbound,query_operational_state,received,,device_response,19,1,,,1,Running Normal,,,
2026-08-16T08:29:45.677-07:00,,query_completed,outbound,query_operational_state,ok,,periodic,18,0,,,,,,,
2026-08-16T08:30:14.690-07:00,,query_sent,outbound,query_operational_state,pending,,periodic,18,0,,,,,,,
2026-08-16T08:30:14.798-07:00,,link_ack,inbound,query_operational_state,ack,,link_layer,18,,,,,,,,
2026-08-16T08:30:14.922-07:00,,operational_state,inbound,query_operational_state,received,,device_response,19,1,,,1,Running Normal,,,
2026-08-16T08:30:14.963-07:00,,query_completed,outbound,query_operational_state,ok,,periodic,18,0,,,,,,,
2026-08-16T08:30:44.977-07:00,,query_sent,outbound,get_commodity,pending,,periodic,6,0,,,,,,,
2026-08-16T08:30:45.085-07:00,,link_ack,inbound,get_commodity,ack,,link_layer,6,,,,,,,,
2026-08-16T08:30:45.252-07:00,,intermediate_response,inbound,get_commodity,success,,device_response,6,128,,,,,0,success,
2026-08-16T08:30:45.296-07:00,,query_completed,outbound,get_commodity,ok,,periodic,6,0,,,,,0,success,
2026-08-16T08:30:45.296-07:00,,query_sent,outbound,query_operational_state,pending,,periodic,18,0,,,,,,,
2026-08-16T08:30:45.461-07:00,,link_ack,inbound,query_operational_state,ack,,link_layer,18,,,,,,,,
2026-08-16T08:30:45.584-07:00,,operational_state,inbound,query_operational_state,received,,device_response,19,1,,,1,Running Normal,,,
2026-08-16T08:30:45.625-07:00,,query_completed,outbound,query_operational_state,ok,,periodic,18,0,,,,,,,
2026-08-16T08:31:14.638-07:00,,query_sent,outbound,query_operational_state,pending,,periodic,18,0,,,,,,,
2026-08-16T08:31:14.745-07:00,,link_ack,inbound,query_operational_state,ack,,link_layer,18,,,,,,,,
2026-08-16T08:31:14.868-07:00,,operational_state,inbound,query_operational_state,received,,device_response,19,1,,,1,Running Normal,,,
2026-08-16T08:31:14.909-07:00,,query_completed,outbound,query_operational_state,ok,,periodic,18,0,,,,,,,
2026-08-16T08:31:15.909-07:00,auto_outside_comm_heartbeat_27,command_sent,outbound,outside_communication1,pending,0,schedule,14,0,,,,,,,
2026-08-16T08:31:15.974-07:00,,link_ack,inbound,outside_communication,ack,,link_layer,14,,,,,,,,
2026-08-16T08:31:16.097-07:00,,application_ack,inbound,outside_communication,ack,,application_layer,3,14,,,,,,,
2026-08-16T08:31:16.138-07:00,auto_outside_comm_heartbeat_27,command_completed,outbound,outside_communication1,ok,0,schedule,14,0,,,,,,,
2026-08-16T08:31:45.152-07:00,,query_sent,outbound,get_commodity,pending,,periodic,6,0,,,,,,,
2026-08-16T08:31:45.258-07:00,,link_ack,inbound,get_commodity,ack,,link_layer,6,,,,,,,,
2026-08-16T08:31:45.428-07:00,,intermediate_response,inbound,get_commodity,success,,device_response,6,128,,,,,0,success,
2026-08-16T08:31:45.472-07:00,,query_completed,outbound,get_commodity,ok,,periodic,6,0,,,,,0,success,
2026-08-16T08:31:45.472-07:00,,query_sent,outbound,query_operational_state,pending,,periodic,18,0,,,,,,,
2026-08-16T08:31:45.635-07:00,,link_ack,inbound,query_operational_state,ack,,link_layer,18,,,,,,,,
2026-08-16T08:31:45.760-07:00,,operational_state,inbound,query_operational_state,received,,device_response,19,1,,,1,Running Normal,,,
2026-08-16T08:31:45.801-07:00,,query_completed,outbound,query_operational_state,ok,,periodic,18,0,,,,,,,
2026-08-16T08:32:14.814-07:00,,query_sent,outbound,query_operational_state,pending,,periodic,18,0,,,,,,,
2026-08-16T08:32:14.922-07:00,,link_ack,inbound,query_operational_state,ack,,link_layer,18,,,,,,,,
2026-08-16T08:32:15.046-07:00,,operational_state,inbound,query_operational_state,received,,device_response,19,1,,,1,Running Normal,,,
2026-08-16T08:32:15.087-07:00,,query_completed,outbound,query_operational_state,ok,,periodic,18,0,,,,,,,
2026-08-16T08:32:45.100-07:00,,query_sent,outbound,get_commodity,pending,,periodic,6,0,,,,,,,
2026-08-16T08:32:45.209-07:00,,link_ack,inbound,get_commodity,ack,,link_layer,6,,,,,,,,
2026-08-16T08:32:45.377-07:00,,intermediate_response,inbound,get_commodity,success,,device_response,6,128,,,,,0,success,
2026-08-16T08:32:45.420-07:00,,query_completed,outbound,get_commodity,ok,,periodic,6,0,,,,,0,success,
2026-08-16T08:32:45.421-07:00,,query_sent,outbound,query_operational_state,pending,,periodic,18,0,,,,,,,
2026-08-16T08:32:45.583-07:00,,link_ack,inbound,query_operational_state,ack,,link_layer,18,,,,,,,,
2026-08-16T08:32:45.707-07:00,,operational_state,inbound,query_operational_state,received,,device_response,19,1,,,1,Running Normal,,,
2026-08-16T08:32:45.748-07:00,,query_completed,outbound,query_operational_state,ok,,periodic,18,0,,,,,,,
2026-08-16T08:33:14.761-07:00,,query_sent,outbound,query_operational_state,pending,,periodic,18,0,,,,,,,
2026-08-16T08:33:14.868-07:00,,link_ack,inbound,query_operational_state,ack,,link_layer,18,,,,,,,,
2026-08-16T08:33:14.992-07:00,,operational_state,inbound,query_operational_state,received,,device_response,19,1,,,1,Running Normal,,,
2026-08-16T08:33:15.032-07:00,,query_completed,outbound,query_operational_state,ok,,periodic,18,0,,,,,,,
2026-08-16T08:33:45.045-07:00,,query_sent,outbound,get_commodity,pending,,periodic,6,0,,,,,,,
2026-08-16T08:33:45.154-07:00,,link_ack,inbound,get_commodity,ack,,link_layer,6,,,,,,,,
2026-08-16T08:33:45.322-07:00,,intermediate_response,inbound,get_commodity,success,,device_response,6,128,,,,,0,success,
2026-08-16T08:33:45.366-07:00,,query_completed,outbound,get_commodity,ok,,periodic,6,0,,,,,0,success,
2026-08-16T08:33:45.366-07:00,,query_sent,outbound,query_operational_state,pending,,periodic,18,0,,,,,,,
2026-08-16T08:33:45.529-07:00,,link_ack,inbound,query_operational_state,ack,,link_layer,18,,,,,,,,
2026-08-16T08:33:45.653-07:00,,operational_state,inbound,query_operational_state,received,,device_response,19,1,,,1,Running Normal,,,
2026-08-16T08:33:45.693-07:00,,query_completed,outbound,query_operational_state,ok,,periodic,18,0,,,,,,,
2026-08-16T08:34:14.706-07:00,,query_sent,outbound,query_operational_state,pending,,periodic,18,0,,,,,,,
2026-08-16T08:34:14.816-07:00,,link_ack,inbound,query_operational_state,ack,,link_layer,18,,,,,,,,
2026-08-16T08:34:14.939-07:00,,operational_state,inbound,query_operational_state,received,,device_response,19,1,,,1,Running Normal,,,
2026-08-16T08:34:14.980-07:00,,query_completed,outbound,query_operational_state,ok,,periodic,18,0,,,,,,,
2026-08-16T08:34:44.993-07:00,,query_sent,outbound,get_commodity,pending,,periodic,6,0,,,,,,,
2026-08-16T08:34:45.101-07:00,,link_ack,inbound,get_commodity,ack,,link_layer,6,,,,,,,,
2026-08-16T08:34:45.269-07:00,,intermediate_response,inbound,get_commodity,success,,device_response,6,128,,,,,0,success,
2026-08-16T08:34:45.312-07:00,,query_completed,outbound,get_commodity,ok,,periodic,6,0,,,,,0,success,
2026-08-16T08:34:45.313-07:00,,query_sent,outbound,query_operational_state,pending,,periodic,18,0,,,,,,,
2026-08-16T08:34:45.474-07:00,,link_ack,inbound,query_operational_state,ack,,link_layer,18,,,,,,,,
2026-08-16T08:34:45.598-07:00,,operational_state,inbound,query_operational_state,received,,device_response,19,1,,,1,Running Normal,,,
2026-08-16T08:34:45.638-07:00,,query_completed,outbound,query_operational_state,ok,,periodic,18,0,,,,,,,
2026-08-16T08:35:14.651-07:00,,query_sent,outbound,query_operational_state,pending,,periodic,18,0,,,,,,,
2026-08-16T08:35:14.760-07:00,,link_ack,inbound,query_operational_state,ack,,link_layer,18,,,,,,,,
2026-08-16T08:35:14.883-07:00,,operational_state,inbound,query_operational_state,received,,device_response,19,1,,,1,Running Normal,,,
2026-08-16T08:35:14.924-07:00,,query_completed,outbound,query_operational_state,ok,,periodic,18,0,,,,,,,
2026-08-16T08:35:44.937-07:00,,query_sent,outbound,get_commodity,pending,,periodic,6,0,,,,,,,
2026-08-16T08:35:45.047-07:00,,link_ack,inbound,get_commodity,ack,,link_layer,6,,,,,,,,
2026-08-16T08:35:45.216-07:00,,intermediate_response,inbound,get_commodity,success,,device_response,6,128,,,,,0,success,
2026-08-16T08:35:45.259-07:00,,query_completed,outbound,get_commodity,ok,,periodic,6,0,,,,,0,success,
2026-08-16T08:35:45.260-07:00,,query_sent,outbound,query_operational_state,pending,,periodic,18,0,,,,,,,
2026-08-16T08:35:45.422-07:00,,link_ack,inbound,query_operational_state,ack,,link_layer,18,,,,,,,,
2026-08-16T08:35:45.545-07:00,,operational_state,inbound,query_operational_state,received,,device_response,19,1,,,1,Running Normal,,,
2026-08-16T08:35:45.586-07:00,,query_completed,outbound,query_operational_state,ok,,periodic,18,0,,,,,,,
2026-08-16T08:36:15.600-07:00,,query_sent,outbound,query_operational_state,pending,,periodic,18,0,,,,,,,
2026-08-16T08:36:15.707-07:00,,link_ack,inbound,query_operational_state,ack,,link_layer,18,,,,,,,,
2026-08-16T08:36:15.831-07:00,,operational_state,inbound,query_operational_state,received,,device_response,19,1,,,1,Running Normal,,,
2026-08-16T08:36:15.871-07:00,,query_completed,outbound,query_operational_state,ok,,periodic,18,0,,,,,,,
2026-08-16T08:36:44.884-07:00,,query_sent,outbound,get_commodity,pending,,periodic,6,0,,,,,,,
2026-08-16T08:36:44.991-07:00,,link_ack,inbound,get_commodity,ack,,link_layer,6,,,,,,,,
2026-08-16T08:36:45.158-07:00,,intermediate_response,inbound,get_commodity,success,,device_response,6,128,,,,,0,success,
2026-08-16T08:36:45.202-07:00,,query_completed,outbound,get_commodity,ok,,periodic,6,0,,,,,0,success,
2026-08-16T08:36:45.202-07:00,,query_sent,outbound,query_operational_state,pending,,periodic,18,0,,,,,,,
2026-08-16T08:36:45.366-07:00,,link_ack,inbound,query_operational_state,ack,,link_layer,18,,,,,,,,
2026-08-16T08:36:45.490-07:00,,operational_state,inbound,query_operational_state,received,,device_response,19,1,,,1,Running Normal,,,
2026-08-16T08:36:45.530-07:00,,query_completed,outbound,query_operational_state,ok,,periodic,18,0,,,,,,,
2026-08-16T08:37:15.544-07:00,,query_sent,outbound,query_operational_state,pending,,periodic,18,0,,,,,,,
2026-08-16T08:37:15.655-07:00,,link_ack,inbound,query_operational_state,ack,,link_layer,18,,,,,,,,
2026-08-16T08:37:15.778-07:00,,operational_state,inbound,query_operational_state,received,,device_response,19,1,,,1,Running Normal,,,
2026-08-16T08:37:15.819-07:00,,query_completed,outbound,query_operational_state,ok,,periodic,18,0,,,,,,,
2026-08-16T08:37:44.831-07:00,,query_sent,outbound,get_commodity,pending,,periodic,6,0,,,,,,,
2026-08-16T08:37:44.938-07:00,,link_ack,inbound,get_commodity,ack,,link_layer,6,,,,,,,,
2026-08-16T08:37:45.107-07:00,,intermediate_response,inbound,get_commodity,success,,device_response,6,128,,,,,0,success,
2026-08-16T08:37:45.150-07:00,,query_completed,outbound,get_commodity,ok,,periodic,6,0,,,,,0,success,
2026-08-16T08:37:45.151-07:00,,query_sent,outbound,query_operational_state,pending,,periodic,18,0,,,,,,,
2026-08-16T08:37:45.312-07:00,,link_ack,inbound,query_operational_state,ack,,link_layer,18,,,,,,,,
2026-08-16T08:37:45.436-07:00,,operational_state,inbound,query_operational_state,received,,device_response,19,1,,,1,Running Normal,,,
2026-08-16T08:37:45.477-07:00,,query_completed,outbound,query_operational_state,ok,,periodic,18,0,,,,,,,
2026-08-16T08:38:15.490-07:00,,query_sent,outbound,query_operational_state,pending,,periodic,18,0,,,,,,,
2026-08-16T08:38:15.594-07:00,,link_ack,inbound,query_operational_state,ack,,link_layer,18,,,,,,,,
2026-08-16T08:38:15.718-07:00,,operational_state,inbound,query_operational_state,received,,device_response,19,1,,,1,Running Normal,,,
2026-08-16T08:38:15.758-07:00,,query_completed,outbound,query_operational_state,ok,,periodic,18,0,,,,,,,
2026-08-16T08:38:44.771-07:00,,query_sent,outbound,get_commodity,pending,,periodic,6,0,,,,,,,
2026-08-16T08:38:44.876-07:00,,link_ack,inbound,get_commodity,ack,,link_layer,6,,,,,,,,
2026-08-16T08:38:45.046-07:00,,intermediate_response,inbound,get_commodity,success,,device_response,6,128,,,,,0,success,
2026-08-16T08:38:45.090-07:00,,query_completed,outbound,get_commodity,ok,,periodic,6,0,,,,,0,success,
2026-08-16T08:38:45.090-07:00,,query_sent,outbound,query_operational_state,pending,,periodic,18,0,,,,,,,
2026-08-16T08:38:45.255-07:00,,link_ack,inbound,query_operational_state,ack,,link_layer,18,,,,,,,,
2026-08-16T08:38:45.378-07:00,,operational_state,inbound,query_operational_state,received,,device_response,19,1,,,1,Running Normal,,,
2026-08-16T08:38:45.419-07:00,,query_completed,outbound,query_operational_state,ok,,periodic,18,0,,,,,,,
2026-08-16T08:39:15.432-07:00,,query_sent,outbound,query_operational_state,pending,,periodic,18,0,,,,,,,
2026-08-16T08:39:15.539-07:00,,link_ack,inbound,query_operational_state,ack,,link_layer,18,,,,,,,,
2026-08-16T08:39:15.664-07:00,,operational_state,inbound,query_operational_state,received,,device_response,19,1,,,1,Running Normal,,,
2026-08-16T08:39:15.705-07:00,,query_completed,outbound,query_operational_state,ok,,periodic,18,0,,,,,,,
2026-08-16T08:39:44.717-07:00,,query_sent,outbound,get_commodity,pending,,periodic,6,0,,,,,,,
2026-08-16T08:39:44.823-07:00,,link_ack,inbound,get_commodity,ack,,link_layer,6,,,,,,,,
2026-08-16T08:39:44.991-07:00,,intermediate_response,inbound,get_commodity,success,,device_response,6,128,,,,,0,success,
2026-08-16T08:39:45.034-07:00,,query_completed,outbound,get_commodity,ok,,periodic,6,0,,,,,0,success,
2026-08-16T08:39:45.034-07:00,,query_sent,outbound,query_operational_state,pending,,periodic,18,0,,,,,,,
2026-08-16T08:39:45.199-07:00,,link_ack,inbound,query_operational_state,ack,,link_layer,18,,,,,,,,
2026-08-16T08:39:45.322-07:00,,operational_state,inbound,query_operational_state,received,,device_response,19,1,,,1,Running Normal,,,
2026-08-16T08:39:45.362-07:00,,query_completed,outbound,query_operational_state,ok,,periodic,18,0,,,,,,,
2026-08-16T08:40:15.376-07:00,,query_sent,outbound,query_operational_state,pending,,periodic,18,0,,,,,,,
2026-08-16T08:40:15.483-07:00,,link_ack,inbound,query_operational_state,ack,,link_layer,18,,,,,,,,
2026-08-16T08:40:15.606-07:00,,operational_state,inbound,query_operational_state,received,,device_response,19,1,,,1,Running Normal,,,
2026-08-16T08:40:15.647-07:00,,query_completed,outbound,query_operational_state,ok,,periodic,18,0,,,,,,,
2026-08-16T08:40:44.660-07:00,,query_sent,outbound,get_commodity,pending,,periodic,6,0,,,,,,,
2026-08-16T08:40:44.765-07:00,,link_ack,inbound,get_commodity,ack,,link_layer,6,,,,,,,,
2026-08-16T08:40:44.935-07:00,,intermediate_response,inbound,get_commodity,success,,device_response,6,128,,,,,0,success,
2026-08-16T08:40:44.979-07:00,,query_completed,outbound,get_commodity,ok,,periodic,6,0,,,,,0,success,
2026-08-16T08:40:44.979-07:00,,query_sent,outbound,query_operational_state,pending,,periodic,18,0,,,,,,,
2026-08-16T08:40:45.141-07:00,,link_ack,inbound,query_operational_state,ack,,link_layer,18,,,,,,,,
2026-08-16T08:40:45.264-07:00,,operational_state,inbound,query_operational_state,received,,device_response,19,1,,,1,Running Normal,,,
2026-08-16T08:40:45.305-07:00,,query_completed,outbound,query_operational_state,ok,,periodic,18,0,,,,,,,
2026-08-16T08:41:15.319-07:00,,query_sent,outbound,query_operational_state,pending,,periodic,18,0,,,,,,,
2026-08-16T08:41:15.422-07:00,,link_ack,inbound,query_operational_state,ack,,link_layer,18,,,,,,,,
2026-08-16T08:41:15.546-07:00,,operational_state,inbound,query_operational_state,received,,device_response,19,1,,,1,Running Normal,,,
2026-08-16T08:41:15.586-07:00,,query_completed,outbound,query_operational_state,ok,,periodic,18,0,,,,,,,
2026-08-16T08:41:45.600-07:00,,query_sent,outbound,get_commodity,pending,,periodic,6,0,,,,,,,
2026-08-16T08:41:45.708-07:00,,link_ack,inbound,get_commodity,ack,,link_layer,6,,,,,,,,
2026-08-16T08:41:45.878-07:00,,intermediate_response,inbound,get_commodity,success,,device_response,6,128,,,,,0,success,
2026-08-16T08:41:45.922-07:00,,query_completed,outbound,get_commodity,ok,,periodic,6,0,,,,,0,success,
2026-08-16T08:41:45.922-07:00,,query_sent,outbound,query_operational_state,pending,,periodic,18,0,,,,,,,
2026-08-16T08:41:46.083-07:00,,link_ack,inbound,query_operational_state,ack,,link_layer,18,,,,,,,,
2026-08-16T08:41:46.207-07:00,,operational_state,inbound,query_operational_state,received,,device_response,19,1,,,1,Running Normal,,,
2026-08-16T08:41:46.247-07:00,,query_completed,outbound,query_operational_state,ok,,periodic,18,0,,,,,,,
2026-08-16T08:42:15.260-07:00,,query_sent,outbound,query_operational_state,pending,,periodic,18,0,,,,,,,
2026-08-16T08:42:15.366-07:00,,link_ack,inbound,query_operational_state,ack,,link_layer,18,,,,,,,,
2026-08-16T08:42:15.489-07:00,,operational_state,inbound,query_operational_state,received,,device_response,19,1,,,1,Running Normal,,,
2026-08-16T08:42:15.530-07:00,,query_completed,outbound,query_operational_state,ok,,periodic,18,0,,,,,,,
2026-08-16T08:42:45.543-07:00,,query_sent,outbound,get_commodity,pending,,periodic,6,0,,,,,,,
2026-08-16T08:42:45.652-07:00,,link_ack,inbound,get_commodity,ack,,link_layer,6,,,,,,,,
2026-08-16T08:42:45.820-07:00,,intermediate_response,inbound,get_commodity,success,,device_response,6,128,,,,,0,success,
2026-08-16T08:42:45.864-07:00,,query_completed,outbound,get_commodity,ok,,periodic,6,0,,,,,0,success,
2026-08-16T08:42:45.864-07:00,,query_sent,outbound,query_operational_state,pending,,periodic,18,0,,,,,,,
2026-08-16T08:42:46.026-07:00,,link_ack,inbound,query_operational_state,ack,,link_layer,18,,,,,,,,
2026-08-16T08:42:46.150-07:00,,operational_state,inbound,query_operational_state,received,,device_response,19,1,,,1,Running Normal,,,
2026-08-16T08:42:46.190-07:00,,query_completed,outbound,query_operational_state,ok,,periodic,18,0,,,,,,,
2026-08-16T08:43:15.203-07:00,,query_sent,outbound,query_operational_state,pending,,periodic,18,0,,,,,,,
2026-08-16T08:43:15.309-07:00,,link_ack,inbound,query_operational_state,ack,,link_layer,18,,,,,,,,
2026-08-16T08:43:15.433-07:00,,operational_state,inbound,query_operational_state,received,,device_response,19,1,,,1,Running Normal,,,
2026-08-16T08:43:15.473-07:00,,query_completed,outbound,query_operational_state,ok,,periodic,18,0,,,,,,,
2026-08-16T08:43:45.487-07:00,,query_sent,outbound,get_commodity,pending,,periodic,6,0,,,,,,,
2026-08-16T08:43:45.596-07:00,,link_ack,inbound,get_commodity,ack,,link_layer,6,,,,,,,,
2026-08-16T08:43:45.764-07:00,,intermediate_response,inbound,get_commodity,success,,device_response,6,128,,,,,0,success,
2026-08-16T08:43:45.807-07:00,,query_completed,outbound,get_commodity,ok,,periodic,6,0,,,,,0,success,
2026-08-16T08:43:45.808-07:00,,query_sent,outbound,query_operational_state,pending,,periodic,18,0,,,,,,,
2026-08-16T08:43:45.969-07:00,,link_ack,inbound,query_operational_state,ack,,link_layer,18,,,,,,,,
2026-08-16T08:43:46.094-07:00,,operational_state,inbound,query_operational_state,received,,device_response,19,1,,,1,Running Normal,,,
2026-08-16T08:43:46.135-07:00,,query_completed,outbound,query_operational_state,ok,,periodic,18,0,,,,,,,
2026-08-16T08:44:15.148-07:00,,query_sent,outbound,query_operational_state,pending,,periodic,18,0,,,,,,,
2026-08-16T08:44:15.254-07:00,,link_ack,inbound,query_operational_state,ack,,link_layer,18,,,,,,,,
2026-08-16T08:44:15.377-07:00,,operational_state,inbound,query_operational_state,received,,device_response,19,1,,,1,Running Normal,,,
2026-08-16T08:44:15.418-07:00,,query_completed,outbound,query_operational_state,ok,,periodic,18,0,,,,,,,
2026-08-16T08:44:45.431-07:00,auto_outside_comm_heartbeat_28,command_sent,outbound,outside_communication1,pending,0,schedule,14,0,,,,,,,
2026-08-16T08:44:45.541-07:00,,link_ack,inbound,outside_communication,ack,,link_layer,14,,,,,,,,
2026-08-16T08:44:45.664-07:00,,application_ack,inbound,outside_communication,ack,,application_layer,3,14,,,,,,,
2026-08-16T08:44:45.705-07:00,auto_outside_comm_heartbeat_28,command_completed,outbound,outside_communication1,ok,0,schedule,14,0,,,,,,,
2026-08-16T08:44:45.706-07:00,,query_sent,outbound,get_commodity,pending,,periodic,6,0,,,,,,,
2026-08-16T08:44:45.867-07:00,,link_ack,inbound,get_commodity,ack,,link_layer,6,,,,,,,,
2026-08-16T08:44:46.035-07:00,,intermediate_response,inbound,get_commodity,success,,device_response,6,128,,,,,0,success,
2026-08-16T08:44:46.079-07:00,,query_completed,outbound,get_commodity,ok,,periodic,6,0,,,,,0,success,
2026-08-16T08:44:46.079-07:00,,query_sent,outbound,query_operational_state,pending,,periodic,18,0,,,,,,,
2026-08-16T08:44:46.240-07:00,,link_ack,inbound,query_operational_state,ack,,link_layer,18,,,,,,,,
2026-08-16T08:44:46.364-07:00,,operational_state,inbound,query_operational_state,received,,device_response,19,1,,,1,Running Normal,,,
2026-08-16T08:44:46.405-07:00,,query_completed,outbound,query_operational_state,ok,,periodic,18,0,,,,,,,
2026-08-16T08:45:15.417-07:00,,query_sent,outbound,query_operational_state,pending,,periodic,18,0,,,,,,,
2026-08-16T08:45:15.523-07:00,,link_ack,inbound,query_operational_state,ack,,link_layer,18,,,,,,,,
2026-08-16T08:45:15.646-07:00,,operational_state,inbound,query_operational_state,received,,device_response,19,1,,,1,Running Normal,,,
2026-08-16T08:45:15.687-07:00,,query_completed,outbound,query_operational_state,ok,,periodic,18,0,,,,,,,
2026-08-16T08:45:44.699-07:00,,query_sent,outbound,get_commodity,pending,,periodic,6,0,,,,,,,
2026-08-16T08:45:44.810-07:00,,link_ack,inbound,get_commodity,ack,,link_layer,6,,,,,,,,
2026-08-16T08:45:44.978-07:00,,intermediate_response,inbound,get_commodity,success,,device_response,6,128,,,,,0,success,
2026-08-16T08:45:45.021-07:00,,query_completed,outbound,get_commodity,ok,,periodic,6,0,,,,,0,success,
2026-08-16T08:45:45.022-07:00,,query_sent,outbound,query_operational_state,pending,,periodic,18,0,,,,,,,
2026-08-16T08:45:45.184-07:00,,link_ack,inbound,query_operational_state,ack,,link_layer,18,,,,,,,,
2026-08-16T08:45:45.308-07:00,,operational_state,inbound,query_operational_state,received,,device_response,19,1,,,1,Running Normal,,,
2026-08-16T08:45:45.349-07:00,,query_completed,outbound,query_operational_state,ok,,periodic,18,0,,,,,,,
2026-08-16T08:46:15.362-07:00,,query_sent,outbound,query_operational_state,pending,,periodic,18,0,,,,,,,
2026-08-16T08:46:15.468-07:00,,link_ack,inbound,query_operational_state,ack,,link_layer,18,,,,,,,,
2026-08-16T08:46:15.592-07:00,,operational_state,inbound,query_operational_state,received,,device_response,19,1,,,1,Running Normal,,,
2026-08-16T08:46:15.633-07:00,,query_completed,outbound,query_operational_state,ok,,periodic,18,0,,,,,,,
2026-08-16T08:46:44.645-07:00,,query_sent,outbound,get_commodity,pending,,periodic,6,0,,,,,,,
2026-08-16T08:46:44.750-07:00,,link_ack,inbound,get_commodity,ack,,link_layer,6,,,,,,,,
2026-08-16T08:46:44.918-07:00,,intermediate_response,inbound,get_commodity,success,,device_response,6,128,,,,,0,success,
2026-08-16T08:46:44.962-07:00,,query_completed,outbound,get_commodity,ok,,periodic,6,0,,,,,0,success,
2026-08-16T08:46:44.962-07:00,,query_sent,outbound,query_operational_state,pending,,periodic,18,0,,,,,,,
2026-08-16T08:46:45.125-07:00,,link_ack,inbound,query_operational_state,ack,,link_layer,18,,,,,,,,
2026-08-16T08:46:45.249-07:00,,operational_state,inbound,query_operational_state,received,,device_response,19,1,,,1,Running Normal,,,
2026-08-16T08:46:45.290-07:00,,query_completed,outbound,query_operational_state,ok,,periodic,18,0,,,,,,,
2026-08-16T08:47:15.303-07:00,,query_sent,outbound,query_operational_state,pending,,periodic,18,0,,,,,,,
2026-08-16T08:47:15.410-07:00,,link_ack,inbound,query_operational_state,ack,,link_layer,18,,,,,,,,
2026-08-16T08:47:15.535-07:00,,operational_state,inbound,query_operational_state,received,,device_response,19,1,,,1,Running Normal,,,
2026-08-16T08:47:15.575-07:00,,query_completed,outbound,query_operational_state,ok,,periodic,18,0,,,,,,,
2026-08-16T08:47:45.588-07:00,,query_sent,outbound,get_commodity,pending,,periodic,6,0,,,,,,,
2026-08-16T08:47:45.698-07:00,,link_ack,inbound,get_commodity,ack,,link_layer,6,,,,,,,,
2026-08-16T08:47:45.867-07:00,,intermediate_response,inbound,get_commodity,success,,device_response,6,128,,,,,0,success,
2026-08-16T08:47:45.910-07:00,,query_completed,outbound,get_commodity,ok,,periodic,6,0,,,,,0,success,
2026-08-16T08:47:45.910-07:00,,query_sent,outbound,query_operational_state,pending,,periodic,18,0,,,,,,,
2026-08-16T08:47:46.072-07:00,,link_ack,inbound,query_operational_state,ack,,link_layer,18,,,,,,,,
2026-08-16T08:47:46.196-07:00,,operational_state,inbound,query_operational_state,received,,device_response,19,1,,,1,Running Normal,,,
2026-08-16T08:47:46.236-07:00,,query_completed,outbound,query_operational_state,ok,,periodic,18,0,,,,,,,
2026-08-16T08:48:15.249-07:00,,query_sent,outbound,query_operational_state,pending,,periodic,18,0,,,,,,,
2026-08-16T08:48:15.354-07:00,,link_ack,inbound,query_operational_state,ack,,link_layer,18,,,,,,,,
2026-08-16T08:48:15.479-07:00,,operational_state,inbound,query_operational_state,received,,device_response,19,1,,,1,Running Normal,,,
2026-08-16T08:48:15.520-07:00,,query_completed,outbound,query_operational_state,ok,,periodic,18,0,,,,,,,
2026-08-16T08:48:45.533-07:00,,query_sent,outbound,get_commodity,pending,,periodic,6,0,,,,,,,
2026-08-16T08:48:45.638-07:00,,link_ack,inbound,get_commodity,ack,,link_layer,6,,,,,,,,
2026-08-16T08:48:45.806-07:00,,intermediate_response,inbound,get_commodity,success,,device_response,6,128,,,,,0,success,
2026-08-16T08:48:45.849-07:00,,query_completed,outbound,get_commodity,ok,,periodic,6,0,,,,,0,success,
2026-08-16T08:48:45.850-07:00,,query_sent,outbound,query_operational_state,pending,,periodic,18,0,,,,,,,
2026-08-16T08:48:46.012-07:00,,link_ack,inbound,query_operational_state,ack,,link_layer,18,,,,,,,,
2026-08-16T08:48:46.136-07:00,,operational_state,inbound,query_operational_state,received,,device_response,19,1,,,1,Running Normal,,,
2026-08-16T08:48:46.176-07:00,,query_completed,outbound,query_operational_state,ok,,periodic,18,0,,,,,,,
2026-08-16T08:49:15.188-07:00,,query_sent,outbound,query_operational_state,pending,,periodic,18,0,,,,,,,
2026-08-16T08:49:15.294-07:00,,link_ack,inbound,query_operational_state,ack,,link_layer,18,,,,,,,,
2026-08-16T08:49:15.419-07:00,,operational_state,inbound,query_operational_state,received,,device_response,19,1,,,1,Running Normal,,,
2026-08-16T08:49:15.459-07:00,,query_completed,outbound,query_operational_state,ok,,periodic,18,0,,,,,,,
2026-08-16T08:49:45.472-07:00,,query_sent,outbound,get_commodity,pending,,periodic,6,0,,,,,,,
2026-08-16T08:49:45.580-07:00,,link_ack,inbound,get_commodity,ack,,link_layer,6,,,,,,,,
2026-08-16T08:49:45.749-07:00,,intermediate_response,inbound,get_commodity,success,,device_response,6,128,,,,,0,success,
2026-08-16T08:49:45.792-07:00,,query_completed,outbound,get_commodity,ok,,periodic,6,0,,,,,0,success,
2026-08-16T08:49:45.793-07:00,,query_sent,outbound,query_operational_state,pending,,periodic,18,0,,,,,,,
2026-08-16T08:49:45.955-07:00,,link_ack,inbound,query_operational_state,ack,,link_layer,18,,,,,,,,
2026-08-16T08:49:46.079-07:00,,operational_state,inbound,query_operational_state,received,,device_response,19,1,,,1,Running Normal,,,
2026-08-16T08:49:46.120-07:00,,query_completed,outbound,query_operational_state,ok,,periodic,18,0,,,,,,,
2026-08-16T08:50:15.132-07:00,,query_sent,outbound,query_operational_state,pending,,periodic,18,0,,,,,,,
2026-08-16T08:50:15.239-07:00,,link_ack,inbound,query_operational_state,ack,,link_layer,18,,,,,,,,
2026-08-16T08:50:15.362-07:00,,operational_state,inbound,query_operational_state,received,,device_response,19,1,,,1,Running Normal,,,
2026-08-16T08:50:15.403-07:00,,query_completed,outbound,query_operational_state,ok,,periodic,18,0,,,,,,,
2026-08-16T08:50:45.415-07:00,,query_sent,outbound,get_commodity,pending,,periodic,6,0,,,,,,,
2026-08-16T08:50:45.524-07:00,,link_ack,inbound,get_commodity,ack,,link_layer,6,,,,,,,,
2026-08-16T08:50:45.692-07:00,,intermediate_response,inbound,get_commodity,success,,device_response,6,128,,,,,0,success,
2026-08-16T08:50:45.736-07:00,,query_completed,outbound,get_commodity,ok,,periodic,6,0,,,,,0,success,
2026-08-16T08:50:45.736-07:00,,query_sent,outbound,query_operational_state,pending,,periodic,18,0,,,,,,,
2026-08-16T08:50:45.898-07:00,,link_ack,inbound,query_operational_state,ack,,link_layer,18,,,,,,,,
2026-08-16T08:50:46.023-07:00,,operational_state,inbound,query_operational_state,received,,device_response,19,1,,,1,Running Normal,,,
2026-08-16T08:50:46.063-07:00,,query_completed,outbound,query_operational_state,ok,,periodic,18,0,,,,,,,
2026-08-16T08:51:15.075-07:00,,query_sent,outbound,query_operational_state,pending,,periodic,18,0,,,,,,,
2026-08-16T08:51:15.180-07:00,,link_ack,inbound,query_operational_state,ack,,link_layer,18,,,,,,,,
2026-08-16T08:51:15.304-07:00,,operational_state,inbound,query_operational_state,received,,device_response,19,1,,,1,Running Normal,,,
2026-08-16T08:51:15.345-07:00,,query_completed,outbound,query_operational_state,ok,,periodic,18,0,,,,,,,
2026-08-16T08:51:45.358-07:00,,query_sent,outbound,get_commodity,pending,,periodic,6,0,,,,,,,
2026-08-16T08:51:45.463-07:00,,link_ack,inbound,get_commodity,ack,,link_layer,6,,,,,,,,
2026-08-16T08:51:45.633-07:00,,intermediate_response,inbound,get_commodity,success,,device_response,6,128,,,,,0,success,
2026-08-16T08:51:45.677-07:00,,query_completed,outbound,get_commodity,ok,,periodic,6,0,,,,,0,success,
2026-08-16T08:51:45.677-07:00,,query_sent,outbound,query_operational_state,pending,,periodic,18,0,,,,,,,
2026-08-16T08:51:45.838-07:00,,link_ack,inbound,query_operational_state,ack,,link_layer,18,,,,,,,,
2026-08-16T08:51:45.962-07:00,,operational_state,inbound,query_operational_state,received,,device_response,19,1,,,1,Running Normal,,,
2026-08-16T08:51:46.003-07:00,,query_completed,outbound,query_operational_state,ok,,periodic,18,0,,,,,,,
2026-08-16T08:52:15.015-07:00,,query_sent,outbound,query_operational_state,pending,,periodic,18,0,,,,,,,
2026-08-16T08:52:15.121-07:00,,link_ack,inbound,query_operational_state,ack,,link_layer,18,,,,,,,,
2026-08-16T08:52:15.245-07:00,,operational_state,inbound,query_operational_state,received,,device_response,19,1,,,1,Running Normal,,,
2026-08-16T08:52:15.285-07:00,,query_completed,outbound,query_operational_state,ok,,periodic,18,0,,,,,,,
2026-08-16T08:52:45.298-07:00,,query_sent,outbound,get_commodity,pending,,periodic,6,0,,,,,,,
2026-08-16T08:52:45.407-07:00,,link_ack,inbound,get_commodity,ack,,link_layer,6,,,,,,,,
2026-08-16T08:52:45.576-07:00,,intermediate_response,inbound,get_commodity,success,,device_response,6,128,,,,,0,success,
2026-08-16T08:52:45.619-07:00,,query_completed,outbound,get_commodity,ok,,periodic,6,0,,,,,0,success,
2026-08-16T08:52:45.620-07:00,,query_sent,outbound,query_operational_state,pending,,periodic,18,0,,,,,,,
2026-08-16T08:52:45.781-07:00,,link_ack,inbound,query_operational_state,ack,,link_layer,18,,,,,,,,
2026-08-16T08:52:45.905-07:00,,operational_state,inbound,query_operational_state,received,,device_response,19,1,,,1,Running Normal,,,
2026-08-16T08:52:45.946-07:00,,query_completed,outbound,query_operational_state,ok,,periodic,18,0,,,,,,,
2026-08-16T08:53:14.958-07:00,,query_sent,outbound,query_operational_state,pending,,periodic,18,0,,,,,,,
2026-08-16T08:53:15.064-07:00,,link_ack,inbound,query_operational_state,ack,,link_layer,18,,,,,,,,
2026-08-16T08:53:15.188-07:00,,operational_state,inbound,query_operational_state,received,,device_response,19,1,,,1,Running Normal,,,
2026-08-16T08:53:15.229-07:00,,query_completed,outbound,query_operational_state,ok,,periodic,18,0,,,,,,,
2026-08-16T08:53:45.242-07:00,,query_sent,outbound,get_commodity,pending,,periodic,6,0,,,,,,,
2026-08-16T08:53:45.347-07:00,,link_ack,inbound,get_commodity,ack,,link_layer,6,,,,,,,,
2026-08-16T08:53:45.515-07:00,,intermediate_response,inbound,get_commodity,success,,device_response,6,128,,,,,0,success,
2026-08-16T08:53:45.559-07:00,,query_completed,outbound,get_commodity,ok,,periodic,6,0,,,,,0,success,
2026-08-16T08:53:45.559-07:00,,query_sent,outbound,query_operational_state,pending,,periodic,18,0,,,,,,,
2026-08-16T08:53:45.721-07:00,,link_ack,inbound,query_operational_state,ack,,link_layer,18,,,,,,,,
2026-08-16T08:53:45.845-07:00,,operational_state,inbound,query_operational_state,received,,device_response,19,1,,,1,Running Normal,,,
2026-08-16T08:53:45.885-07:00,,query_completed,outbound,query_operational_state,ok,,periodic,18,0,,,,,,,
2026-08-16T08:54:14.898-07:00,,query_sent,outbound,query_operational_state,pending,,periodic,18,0,,,,,,,
2026-08-16T08:54:15.008-07:00,,link_ack,inbound,query_operational_state,ack,,link_layer,18,,,,,,,,
2026-08-16T08:54:15.131-07:00,,operational_state,inbound,query_operational_state,received,,device_response,19,1,,,1,Running Normal,,,
2026-08-16T08:54:15.172-07:00,,query_completed,outbound,query_operational_state,ok,,periodic,18,0,,,,,,,
2026-08-16T08:54:45.184-07:00,,query_sent,outbound,get_commodity,pending,,periodic,6,0,,,,,,,
2026-08-16T08:54:45.297-07:00,,link_ack,inbound,get_commodity,ack,,link_layer,6,,,,,,,,
2026-08-16T08:54:45.466-07:00,,intermediate_response,inbound,get_commodity,success,,device_response,6,128,,,,,0,success,
2026-08-16T08:54:45.509-07:00,,query_completed,outbound,get_commodity,ok,,periodic,6,0,,,,,0,success,
2026-08-16T08:54:45.509-07:00,,query_sent,outbound,query_operational_state,pending,,periodic,18,0,,,,,,,
2026-08-16T08:54:45.671-07:00,,link_ack,inbound,query_operational_state,ack,,link_layer,18,,,,,,,,
2026-08-16T08:54:45.795-07:00,,operational_state,inbound,query_operational_state,received,,device_response,19,1,,,1,Running Normal,,,
2026-08-16T08:54:45.835-07:00,,query_completed,outbound,query_operational_state,ok,,periodic,18,0,,,,,,,
2026-08-16T08:55:14.848-07:00,,query_sent,outbound,query_operational_state,pending,,periodic,18,0,,,,,,,
2026-08-16T08:55:14.954-07:00,,link_ack,inbound,query_operational_state,ack,,link_layer,18,,,,,,,,
2026-08-16T08:55:15.078-07:00,,operational_state,inbound,query_operational_state,received,,device_response,19,1,,,1,Running Normal,,,
2026-08-16T08:55:15.119-07:00,,query_completed,outbound,query_operational_state,ok,,periodic,18,0,,,,,,,
2026-08-16T08:55:45.132-07:00,,query_sent,outbound,get_commodity,pending,,periodic,6,0,,,,,,,
2026-08-16T08:55:45.237-07:00,,link_ack,inbound,get_commodity,ack,,link_layer,6,,,,,,,,
2026-08-16T08:55:45.405-07:00,,intermediate_response,inbound,get_commodity,success,,device_response,6,128,,,,,0,success,
2026-08-16T08:55:45.449-07:00,,query_completed,outbound,get_commodity,ok,,periodic,6,0,,,,,0,success,
2026-08-16T08:55:45.449-07:00,,query_sent,outbound,query_operational_state,pending,,periodic,18,0,,,,,,,
2026-08-16T08:55:45.611-07:00,,link_ack,inbound,query_operational_state,ack,,link_layer,18,,,,,,,,
2026-08-16T08:55:45.735-07:00,,operational_state,inbound,query_operational_state,received,,device_response,19,1,,,1,Running Normal,,,
2026-08-16T08:55:45.775-07:00,,query_completed,outbound,query_operational_state,ok,,periodic,18,0,,,,,,,
2026-08-16T08:56:14.788-07:00,,query_sent,outbound,query_operational_state,pending,,periodic,18,0,,,,,,,
2026-08-16T08:56:14.893-07:00,,link_ack,inbound,query_operational_state,ack,,link_layer,18,,,,,,,,
2026-08-16T08:56:15.018-07:00,,operational_state,inbound,query_operational_state,received,,device_response,19,1,,,1,Running Normal,,,
2026-08-16T08:56:15.059-07:00,,query_completed,outbound,query_operational_state,ok,,periodic,18,0,,,,,,,
2026-08-16T08:56:45.072-07:00,,query_sent,outbound,get_commodity,pending,,periodic,6,0,,,,,,,
2026-08-16T08:56:45.179-07:00,,link_ack,inbound,get_commodity,ack,,link_layer,6,,,,,,,,
2026-08-16T08:56:45.348-07:00,,intermediate_response,inbound,get_commodity,success,,device_response,6,128,,,,,0,success,
2026-08-16T08:56:45.392-07:00,,query_completed,outbound,get_commodity,ok,,periodic,6,0,,,,,0,success,
2026-08-16T08:56:45.392-07:00,,query_sent,outbound,query_operational_state,pending,,periodic,18,0,,,,,,,
2026-08-16T08:56:45.554-07:00,,link_ack,inbound,query_operational_state,ack,,link_layer,18,,,,,,,,
2026-08-16T08:56:45.678-07:00,,operational_state,inbound,query_operational_state,received,,device_response,19,1,,,1,Running Normal,,,
2026-08-16T08:56:45.718-07:00,,query_completed,outbound,query_operational_state,ok,,periodic,18,0,,,,,,,
2026-08-16T08:57:14.731-07:00,,query_sent,outbound,query_operational_state,pending,,periodic,18,0,,,,,,,
2026-08-16T08:57:14.835-07:00,,link_ack,inbound,query_operational_state,ack,,link_layer,18,,,,,,,,
2026-08-16T08:57:14.959-07:00,,operational_state,inbound,query_operational_state,received,,device_response,19,1,,,1,Running Normal,,,
2026-08-16T08:57:15.000-07:00,,query_completed,outbound,query_operational_state,ok,,periodic,18,0,,,,,,,
2026-08-16T08:57:45.012-07:00,,query_sent,outbound,get_commodity,pending,,periodic,6,0,,,,,,,
2026-08-16T08:57:45.118-07:00,,link_ack,inbound,get_commodity,ack,,link_layer,6,,,,,,,,
2026-08-16T08:57:45.288-07:00,,intermediate_response,inbound,get_commodity,success,,device_response,6,128,,,,,0,success,
2026-08-16T08:57:45.331-07:00,,query_completed,outbound,get_commodity,ok,,periodic,6,0,,,,,0,success,
2026-08-16T08:57:45.332-07:00,,query_sent,outbound,query_operational_state,pending,,periodic,18,0,,,,,,,
2026-08-16T08:57:45.494-07:00,,link_ack,inbound,query_operational_state,ack,,link_layer,18,,,,,,,,
2026-08-16T08:57:45.617-07:00,,operational_state,inbound,query_operational_state,received,,device_response,19,1,,,1,Running Normal,,,
2026-08-16T08:57:45.658-07:00,,query_completed,outbound,query_operational_state,ok,,periodic,18,0,,,,,,,
2026-08-16T08:58:14.670-07:00,,query_sent,outbound,query_operational_state,pending,,periodic,18,0,,,,,,,
2026-08-16T08:58:14.777-07:00,,link_ack,inbound,query_operational_state,ack,,link_layer,18,,,,,,,,
2026-08-16T08:58:14.901-07:00,,operational_state,inbound,query_operational_state,received,,device_response,19,1,,,1,Running Normal,,,
2026-08-16T08:58:14.941-07:00,,query_completed,outbound,query_operational_state,ok,,periodic,18,0,,,,,,,
2026-08-16T08:58:15.942-07:00,auto_outside_comm_heartbeat_29,command_sent,outbound,outside_communication1,pending,0,schedule,14,0,,,,,,,
2026-08-16T08:58:16.006-07:00,,link_ack,inbound,outside_communication,ack,,link_layer,14,,,,,,,,
2026-08-16T08:58:16.129-07:00,,application_ack,inbound,outside_communication,ack,,application_layer,3,14,,,,,,,
2026-08-16T08:58:16.170-07:00,auto_outside_comm_heartbeat_29,command_completed,outbound,outside_communication1,ok,0,schedule,14,0,,,,,,,
2026-08-16T08:58:45.182-07:00,,query_sent,outbound,get_commodity,pending,,periodic,6,0,,,,,,,
2026-08-16T08:58:45.289-07:00,,link_ack,inbound,get_commodity,ack,,link_layer,6,,,,,,,,
2026-08-16T08:58:45.458-07:00,,intermediate_response,inbound,get_commodity,success,,device_response,6,128,,,,,0,success,
2026-08-16T08:58:45.502-07:00,,query_completed,outbound,get_commodity,ok,,periodic,6,0,,,,,0,success,
2026-08-16T08:58:45.502-07:00,,query_sent,outbound,query_operational_state,pending,,periodic,18,0,,,,,,,
2026-08-16T08:58:45.667-07:00,,link_ack,inbound,query_operational_state,ack,,link_layer,18,,,,,,,,
2026-08-16T08:58:45.790-07:00,,operational_state,inbound,query_operational_state,received,,device_response,19,1,,,1,Running Normal,,,
2026-08-16T08:58:45.831-07:00,,query_completed,outbound,query_operational_state,ok,,periodic,18,0,,,,,,,
2026-08-16T08:59:14.843-07:00,,query_sent,outbound,query_operational_state,pending,,periodic,18,0,,,,,,,
2026-08-16T08:59:14.951-07:00,,link_ack,inbound,query_operational_state,ack,,link_layer,18,,,,,,,,
2026-08-16T08:59:15.076-07:00,,operational_state,inbound,query_operational_state,received,,device_response,19,1,,,1,Running Normal,,,
2026-08-16T08:59:15.116-07:00,,query_completed,outbound,query_operational_state,ok,,periodic,18,0,,,,,,,
2026-08-16T08:59:45.128-07:00,,query_sent,outbound,get_commodity,pending,,periodic,6,0,,,,,,,
2026-08-16T08:59:45.239-07:00,,link_ack,inbound,get_commodity,ack,,link_layer,6,,,,,,,,
2026-08-16T08:59:45.408-07:00,,intermediate_response,inbound,get_commodity,success,,device_response,6,128,,,,,0,success,
2026-08-16T08:59:45.451-07:00,,query_completed,outbound,get_commodity,ok,,periodic,6,0,,,,,0,success,
2026-08-16T08:59:45.451-07:00,,query_sent,outbound,query_operational_state,pending,,periodic,18,0,,,,,,,
2026-08-16T08:59:45.614-07:00,,link_ack,inbound,query_operational_state,ack,,link_layer,18,,,,,,,,
2026-08-16T08:59:45.737-07:00,,operational_state,inbound,query_operational_state,received,,device_response,19,1,,,1,Running Normal,,,
2026-08-16T08:59:45.778-07:00,,query_completed,outbound,query_operational_state,ok,,periodic,18,0,,,,,,,
2026-08-16T09:00:14.790-07:00,,query_sent,outbound,query_operational_state,pending,,periodic,18,0,,,,,,,
2026-08-16T09:00:14.899-07:00,,link_ack,inbound,query_operational_state,ack,,link_layer,18,,,,,,,,
2026-08-16T09:00:15.023-07:00,,operational_state,inbound,query_operational_state,received,,device_response,19,1,,,1,Running Normal,,,
2026-08-16T09:00:15.063-07:00,,query_completed,outbound,query_operational_state,ok,,periodic,18,0,,,,,,,
2026-08-16T09:00:45.075-07:00,,query_sent,outbound,get_commodity,pending,,periodic,6,0,,,,,,,
2026-08-16T09:00:45.185-07:00,,link_ack,inbound,get_commodity,ack,,link_layer,6,,,,,,,,
2026-08-16T09:00:45.354-07:00,,intermediate_response,inbound,get_commodity,success,,device_response,6,128,,,,,0,success,
2026-08-16T09:00:45.398-07:00,,query_completed,outbound,get_commodity,ok,,periodic,6,0,,,,,0,success,
2026-08-16T09:00:45.398-07:00,,query_sent,outbound,query_operational_state,pending,,periodic,18,0,,,,,,,
2026-08-16T09:00:45.561-07:00,,link_ack,inbound,query_operational_state,ack,,link_layer,18,,,,,,,,
2026-08-16T09:00:45.686-07:00,,operational_state,inbound,query_operational_state,received,,device_response,19,1,,,1,Running Normal,,,
2026-08-16T09:00:45.727-07:00,,query_completed,outbound,query_operational_state,ok,,periodic,18,0,,,,,,,
2026-08-16T09:01:14.738-07:00,,query_sent,outbound,query_operational_state,pending,,periodic,18,0,,,,,,,
2026-08-16T09:01:14.847-07:00,,link_ack,inbound,query_operational_state,ack,,link_layer,18,,,,,,,,
2026-08-16T09:01:14.970-07:00,,operational_state,inbound,query_operational_state,received,,device_response,19,1,,,1,Running Normal,,,
2026-08-16T09:01:15.011-07:00,,query_completed,outbound,query_operational_state,ok,,periodic,18,0,,,,,,,
2026-08-16T09:01:45.023-07:00,,query_sent,outbound,get_commodity,pending,,periodic,6,0,,,,,,,
2026-08-16T09:01:45.132-07:00,,link_ack,inbound,get_commodity,ack,,link_layer,6,,,,,,,,
2026-08-16T09:01:45.299-07:00,,intermediate_response,inbound,get_commodity,success,,device_response,6,128,,,,,0,success,
2026-08-16T09:01:45.343-07:00,,query_completed,outbound,get_commodity,ok,,periodic,6,0,,,,,0,success,
2026-08-16T09:01:45.343-07:00,,query_sent,outbound,query_operational_state,pending,,periodic,18,0,,,,,,,
2026-08-16T09:01:45.508-07:00,,link_ack,inbound,query_operational_state,ack,,link_layer,18,,,,,,,,
2026-08-16T09:01:45.631-07:00,,operational_state,inbound,query_operational_state,received,,device_response,19,1,,,1,Running Normal,,,
2026-08-16T09:01:45.672-07:00,,query_completed,outbound,query_operational_state,ok,,periodic,18,0,,,,,,,
2026-08-16T09:02:14.684-07:00,,query_sent,outbound,query_operational_state,pending,,periodic,18,0,,,,,,,
2026-08-16T09:02:14.794-07:00,,link_ack,inbound,query_operational_state,ack,,link_layer,18,,,,,,,,
2026-08-16T09:02:14.917-07:00,,operational_state,inbound,query_operational_state,received,,device_response,19,1,,,1,Running Normal,,,
2026-08-16T09:02:14.958-07:00,,query_completed,outbound,query_operational_state,ok,,periodic,18,0,,,,,,,
2026-08-16T09:02:44.970-07:00,,query_sent,outbound,get_commodity,pending,,periodic,6,0,,,,,,,
2026-08-16T09:02:45.081-07:00,,link_ack,inbound,get_commodity,ack,,link_layer,6,,,,,,,,
2026-08-16T09:02:45.249-07:00,,intermediate_response,inbound,get_commodity,success,,device_response,6,128,,,,,0,success,
2026-08-16T09:02:45.293-07:00,,query_completed,outbound,get_commodity,ok,,periodic,6,0,,,,,0,success,
2026-08-16T09:02:45.293-07:00,,query_sent,outbound,query_operational_state,pending,,periodic,18,0,,,,,,,
2026-08-16T09:02:45.455-07:00,,link_ack,inbound,query_operational_state,ack,,link_layer,18,,,,,,,,
2026-08-16T09:02:45.579-07:00,,operational_state,inbound,query_operational_state,received,,device_response,19,1,,,1,Running Normal,,,
2026-08-16T09:02:45.619-07:00,,query_completed,outbound,query_operational_state,ok,,periodic,18,0,,,,,,,
2026-08-16T09:03:15.631-07:00,,query_sent,outbound,query_operational_state,pending,,periodic,18,0,,,,,,,
2026-08-16T09:03:15.741-07:00,,link_ack,inbound,query_operational_state,ack,,link_layer,18,,,,,,,,
2026-08-16T09:03:15.864-07:00,,operational_state,inbound,query_operational_state,received,,device_response,19,1,,,1,Running Normal,,,
2026-08-16T09:03:15.905-07:00,,query_completed,outbound,query_operational_state,ok,,periodic,18,0,,,,,,,
2026-08-16T09:03:44.917-07:00,,query_sent,outbound,get_commodity,pending,,periodic,6,0,,,,,,,
2026-08-16T09:03:45.025-07:00,,link_ack,inbound,get_commodity,ack,,link_layer,6,,,,,,,,
2026-08-16T09:03:45.193-07:00,,intermediate_response,inbound,get_commodity,success,,device_response,6,128,,,,,0,success,
2026-08-16T09:03:45.237-07:00,,query_completed,outbound,get_commodity,ok,,periodic,6,0,,,,,0,success,
2026-08-16T09:03:45.237-07:00,,query_sent,outbound,query_operational_state,pending,,periodic,18,0,,,,,,,
2026-08-16T09:03:45.399-07:00,,link_ack,inbound,query_operational_state,ack,,link_layer,18,,,,,,,,
2026-08-16T09:03:45.523-07:00,,operational_state,inbound,query_operational_state,received,,device_response,19,1,,,1,Running Normal,,,
2026-08-16T09:03:45.564-07:00,,query_completed,outbound,query_operational_state,ok,,periodic,18,0,,,,,,,
2026-08-16T09:04:15.576-07:00,,query_sent,outbound,query_operational_state,pending,,periodic,18,0,,,,,,,
2026-08-16T09:04:15.686-07:00,,link_ack,inbound,query_operational_state,ack,,link_layer,18,,,,,,,,
2026-08-16T09:04:15.809-07:00,,operational_state,inbound,query_operational_state,received,,device_response,19,1,,,1,Running Normal,,,
2026-08-16T09:04:15.850-07:00,,query_completed,outbound,query_operational_state,ok,,periodic,18,0,,,,,,,
2026-08-16T09:04:44.862-07:00,,query_sent,outbound,get_commodity,pending,,periodic,6,0,,,,,,,
2026-08-16T09:04:44.970-07:00,,link_ack,inbound,get_commodity,ack,,link_layer,6,,,,,,,,
2026-08-16T09:04:45.139-07:00,,intermediate_response,inbound,get_commodity,success,,device_response,6,128,,,,,0,success,
2026-08-16T09:04:45.183-07:00,,query_completed,outbound,get_commodity,ok,,periodic,6,0,,,,,0,success,
2026-08-16T09:04:45.183-07:00,,query_sent,outbound,query_operational_state,pending,,periodic,18,0,,,,,,,
2026-08-16T09:04:45.345-07:00,,link_ack,inbound,query_operational_state,ack,,link_layer,18,,,,,,,,
2026-08-16T09:04:45.468-07:00,,operational_state,inbound,query_operational_state,received,,device_response,19,1,,,1,Running Normal,,,
2026-08-16T09:04:45.509-07:00,,query_completed,outbound,query_operational_state,ok,,periodic,18,0,,,,,,,
2026-08-16T09:05:15.521-07:00,,query_sent,outbound,query_operational_state,pending,,periodic,18,0,,,,,,,
2026-08-16T09:05:15.631-07:00,,link_ack,inbound,query_operational_state,ack,,link_layer,18,,,,,,,,
2026-08-16T09:05:15.754-07:00,,operational_state,inbound,query_operational_state,received,,device_response,19,1,,,1,Running Normal,,,
2026-08-16T09:05:15.795-07:00,,query_completed,outbound,query_operational_state,ok,,periodic,18,0,,,,,,,
2026-08-16T09:05:44.806-07:00,,query_sent,outbound,get_commodity,pending,,periodic,6,0,,,,,,,
2026-08-16T09:05:44.916-07:00,,link_ack,inbound,get_commodity,ack,,link_layer,6,,,,,,,,
2026-08-16T09:05:45.086-07:00,,intermediate_response,inbound,get_commodity,success,,device_response,6,128,,,,,0,success,
2026-08-16T09:05:45.129-07:00,,query_completed,outbound,get_commodity,ok,,periodic,6,0,,,,,0,success,
2026-08-16T09:05:45.130-07:00,,query_sent,outbound,query_operational_state,pending,,periodic,18,0,,,,,,,
2026-08-16T09:05:45.291-07:00,,link_ack,inbound,query_operational_state,ack,,link_layer,18,,,,,,,,
2026-08-16T09:05:45.415-07:00,,operational_state,inbound,query_operational_state,received,,device_response,19,1,,,1,Running Normal,,,
2026-08-16T09:05:45.456-07:00,,query_completed,outbound,query_operational_state,ok,,periodic,18,0,,,,,,,
2026-08-16T09:06:15.467-07:00,,query_sent,outbound,query_operational_state,pending,,periodic,18,0,,,,,,,
2026-08-16T09:06:15.578-07:00,,link_ack,inbound,query_operational_state,ack,,link_layer,18,,,,,,,,
2026-08-16T09:06:15.702-07:00,,operational_state,inbound,query_operational_state,received,,device_response,19,1,,,1,Running Normal,,,
2026-08-16T09:06:15.742-07:00,,query_completed,outbound,query_operational_state,ok,,periodic,18,0,,,,,,,
2026-08-16T09:06:44.754-07:00,,query_sent,outbound,get_commodity,pending,,periodic,6,0,,,,,,,
2026-08-16T09:06:44.860-07:00,,link_ack,inbound,get_commodity,ack,,link_layer,6,,,,,,,,
2026-08-16T09:06:45.028-07:00,,intermediate_response,inbound,get_commodity,success,,device_response,6,128,,,,,0,success,
2026-08-16T09:06:45.072-07:00,,query_completed,outbound,get_commodity,ok,,periodic,6,0,,,,,0,success,
2026-08-16T09:06:45.072-07:00,,query_sent,outbound,query_operational_state,pending,,periodic,18,0,,,,,,,
2026-08-16T09:06:45.235-07:00,,link_ack,inbound,query_operational_state,ack,,link_layer,18,,,,,,,,
2026-08-16T09:06:45.359-07:00,,operational_state,inbound,query_operational_state,received,,device_response,19,1,,,1,Running Normal,,,
2026-08-16T09:06:45.399-07:00,,query_completed,outbound,query_operational_state,ok,,periodic,18,0,,,,,,,
2026-08-16T09:06:46.400-07:00,auto_outside_comm_for_run_normal_1,command_sent,outbound,outside_communication1,pending,0,schedule,14,0,,,,,,,
2026-08-16T09:06:46.464-07:00,,link_ack,inbound,outside_communication,ack,,link_layer,14,,,,,,,,
2026-08-16T09:06:46.588-07:00,,application_ack,inbound,outside_communication,ack,,application_layer,3,14,,,,,,,
2026-08-16T09:06:46.629-07:00,auto_outside_comm_for_run_normal_1,command_completed,outbound,outside_communication1,ok,0,schedule,14,0,,,,,,,
2026-08-16T09:07:00.635-07:00,run_normal_1,command_sent,outbound,run_normal,pending,0,schedule,2,0,,,,,,,
2026-08-16T09:07:00.721-07:00,,link_ack,inbound,run_normal,ack,,link_layer,2,,,,,,,,
2026-08-16T09:07:00.845-07:00,,application_ack,inbound,run_normal,ack,,application_layer,3,2,,,,,,,
2026-08-16T09:07:00.885-07:00,run_normal_1,command_completed,outbound,run_normal,ok,0,schedule,2,0,,,,,,,
2026-08-16T09:07:14.891-07:00,,query_sent,outbound,query_operational_state,pending,,periodic,18,0,,,,,,,
2026-08-16T09:07:14.973-07:00,,link_ack,inbound,query_operational_state,ack,,link_layer,18,,,,,,,,
2026-08-16T09:07:15.098-07:00,,operational_state,inbound,query_operational_state,received,,device_response,19,1,,,1,Running Normal,,,
2026-08-16T09:07:15.138-07:00,,query_completed,outbound,query_operational_state,ok,,periodic,18,0,,,,,,,
2026-08-16T09:07:45.149-07:00,,query_sent,outbound,get_commodity,pending,,periodic,6,0,,,,,,,
2026-08-16T09:07:45.258-07:00,,link_ack,inbound,get_commodity,ack,,link_layer,6,,,,,,,,
2026-08-16T09:07:45.426-07:00,,intermediate_response,inbound,get_commodity,success,,device_response,6,128,,,,,0,success,
2026-08-16T09:07:45.470-07:00,,query_completed,outbound,get_commodity,ok,,periodic,6,0,,,,,0,success,
2026-08-16T09:07:45.470-07:00,,query_sent,outbound,query_operational_state,pending,,periodic,18,0,,,,,,,
2026-08-16T09:07:45.634-07:00,,link_ack,inbound,query_operational_state,ack,,link_layer,18,,,,,,,,
2026-08-16T09:07:45.757-07:00,,operational_state,inbound,query_operational_state,received,,device_response,19,1,,,1,Running Normal,,,
2026-08-16T09:07:45.798-07:00,,query_completed,outbound,query_operational_state,ok,,periodic,18,0,,,,,,,
2026-08-16T09:08:14.808-07:00,,query_sent,outbound,query_operational_state,pending,,periodic,18,0,,,,,,,
2026-08-16T09:08:14.917-07:00,,link_ack,inbound,query_operational_state,ack,,link_layer,18,,,,,,,,
2026-08-16T09:08:15.040-07:00,,operational_state,inbound,query_operational_state,received,,device_response,19,1,,,1,Running Normal,,,
2026-08-16T09:08:15.080-07:00,,query_completed,outbound,query_operational_state,ok,,periodic,18,0,,,,,,,
2026-08-16T09:08:45.091-07:00,,query_sent,outbound,get_commodity,pending,,periodic,6,0,,,,,,,
2026-08-16T09:08:45.201-07:00,,link_ack,inbound,get_commodity,ack,,link_layer,6,,,,,,,,
2026-08-16T09:08:45.370-07:00,,intermediate_response,inbound,get_commodity,success,,device_response,6,128,,,,,0,success,
2026-08-16T09:08:45.413-07:00,,query_completed,outbound,get_commodity,ok,,periodic,6,0,,,,,0,success,
2026-08-16T09:08:45.413-07:00,,query_sent,outbound,query_operational_state,pending,,periodic,18,0,,,,,,,
2026-08-16T09:08:45.576-07:00,,link_ack,inbound,query_operational_state,ack,,link_layer,18,,,,,,,,
2026-08-16T09:08:45.699-07:00,,operational_state,inbound,query_operational_state,received,,device_response,19,1,,,1,Running Normal,,,
2026-08-16T09:08:45.740-07:00,,query_completed,outbound,query_operational_state,ok,,periodic,18,0,,,,,,,
2026-08-16T09:09:14.750-07:00,,query_sent,outbound,query_operational_state,pending,,periodic,18,0,,,,,,,
2026-08-16T09:09:14.859-07:00,,link_ack,inbound,query_operational_state,ack,,link_layer,18,,,,,,,,
2026-08-16T09:09:14.983-07:00,,operational_state,inbound,query_operational_state,received,,device_response,19,1,,,1,Running Normal,,,
2026-08-16T09:09:15.023-07:00,,query_completed,outbound,query_operational_state,ok,,periodic,18,0,,,,,,,
2026-08-16T09:09:45.034-07:00,,query_sent,outbound,get_commodity,pending,,periodic,6,0,,,,,,,
2026-08-16T09:09:45.144-07:00,,link_ack,inbound,get_commodity,ack,,link_layer,6,,,,,,,,
2026-08-16T09:09:45.313-07:00,,intermediate_response,inbound,get_commodity,success,,device_response,6,128,,,,,0,success,
2026-08-16T09:09:45.357-07:00,,query_completed,outbound,get_commodity,ok,,periodic,6,0,,,,,0,success,
2026-08-16T09:09:45.357-07:00,,query_sent,outbound,query_operational_state,pending,,periodic,18,0,,,,,,,
2026-08-16T09:09:45.518-07:00,,link_ack,inbound,query_operational_state,ack,,link_layer,18,,,,,,,,
2026-08-16T09:09:45.642-07:00,,operational_state,inbound,query_operational_state,received,,device_response,19,1,,,1,Running Normal,,,
2026-08-16T09:09:45.683-07:00,,query_completed,outbound,query_operational_state,ok,,periodic,18,0,,,,,,,
2026-08-16T09:10:14.693-07:00,,query_sent,outbound,query_operational_state,pending,,periodic,18,0,,,,,,,
2026-08-16T09:10:14.802-07:00,,link_ack,inbound,query_operational_state,ack,,link_layer,18,,,,,,,,
2026-08-16T09:10:14.925-07:00,,operational_state,inbound,query_operational_state,received,,device_response,19,1,,,1,Running Normal,,,
2026-08-16T09:10:14.966-07:00,,query_completed,outbound,query_operational_state,ok,,periodic,18,0,,,,,,,
2026-08-16T09:10:44.977-07:00,,query_sent,outbound,get_commodity,pending,,periodic,6,0,,,,,,,
2026-08-16T09:10:45.089-07:00,,link_ack,inbound,get_commodity,ack,,link_layer,6,,,,,,,,
2026-08-16T09:10:45.257-07:00,,intermediate_response,inbound,get_commodity,success,,device_response,6,128,,,,,0,success,
2026-08-16T09:10:45.301-07:00,,query_completed,outbound,get_commodity,ok,,periodic,6,0,,,,,0,success,
2026-08-16T09:10:45.301-07:00,,query_sent,outbound,query_operational_state,pending,,periodic,18,0,,,,,,,
2026-08-16T09:10:45.463-07:00,,link_ack,inbound,query_operational_state,ack,,link_layer,18,,,,,,,,
2026-08-16T09:10:45.587-07:00,,operational_state,inbound,query_operational_state,received,,device_response,19,1,,,1,Running Normal,,,
2026-08-16T09:10:45.627-07:00,,query_completed,outbound,query_operational_state,ok,,periodic,18,0,,,,,,,
2026-08-16T09:11:14.638-07:00,,query_sent,outbound,query_operational_state,pending,,periodic,18,0,,,,,,,
2026-08-16T09:11:14.747-07:00,,link_ack,inbound,query_operational_state,ack,,link_layer,18,,,,,,,,
2026-08-16T09:11:14.871-07:00,,operational_state,inbound,query_operational_state,received,,device_response,19,1,,,1,Running Normal,,,
2026-08-16T09:11:14.912-07:00,,query_completed,outbound,query_operational_state,ok,,periodic,18,0,,,,,,,
2026-08-16T09:11:44.922-07:00,,query_sent,outbound,get_commodity,pending,,periodic,6,0,,,,,,,
2026-08-16T09:11:45.033-07:00,,link_ack,inbound,get_commodity,ack,,link_layer,6,,,,,,,,
2026-08-16T09:11:45.201-07:00,,intermediate_response,inbound,get_commodity,success,,device_response,6,128,,,,,0,success,
2026-08-16T09:11:45.245-07:00,,query_completed,outbound,get_commodity,ok,,periodic,6,0,,,,,0,success,
2026-08-16T09:11:45.245-07:00,,query_sent,outbound,query_operational_state,pending,,periodic,18,0,,,,,,,
2026-08-16T09:11:45.407-07:00,,link_ack,inbound,query_operational_state,ack,,link_layer,18,,,,,,,,
2026-08-16T09:11:45.531-07:00,,operational_state,inbound,query_operational_state,received,,device_response,19,1,,,1,Running Normal,,,
2026-08-16T09:11:45.572-07:00,,query_completed,outbound,query_operational_state,ok,,periodic,18,0,,,,,,,
2026-08-16T09:11:46.572-07:00,auto_outside_comm_heartbeat_30,command_sent,outbound,outside_communication1,pending,0,schedule,14,0,,,,,,,
2026-08-16T09:11:46.636-07:00,,link_ack,inbound,outside_communication,ack,,link_layer,14,,,,,,,,
2026-08-16T09:11:46.760-07:00,,application_ack,inbound,outside_communication,ack,,application_layer,3,14,,,,,,,
2026-08-16T09:11:46.800-07:00,auto_outside_comm_heartbeat_30,command_completed,outbound,outside_communication1,ok,0,schedule,14,0,,,,,,,
2026-08-16T09:12:14.810-07:00,,query_sent,outbound,query_operational_state,pending,,periodic,18,0,,,,,,,
2026-08-16T09:12:14.919-07:00,,link_ack,inbound,query_operational_state,ack,,link_layer,18,,,,,,,,
2026-08-16T09:12:15.043-07:00,,operational_state,inbound,query_operational_state,received,,device_response,19,1,,,1,Running Normal,,,
2026-08-16T09:12:15.084-07:00,,query_completed,outbound,query_operational_state,ok,,periodic,18,0,,,,,,,
2026-08-16T09:12:45.094-07:00,,query_sent,outbound,get_commodity,pending,,periodic,6,0,,,,,,,
2026-08-16T09:12:45.206-07:00,,link_ack,inbound,get_commodity,ack,,link_layer,6,,,,,,,,
2026-08-16T09:12:45.374-07:00,,intermediate_response,inbound,get_commodity,success,,device_response,6,128,,,,,0,success,
2026-08-16T09:12:45.418-07:00,,query_completed,outbound,get_commodity,ok,,periodic,6,0,,,,,0,success,
2026-08-16T09:12:45.418-07:00,,query_sent,outbound,query_operational_state,pending,,periodic,18,0,,,,,,,
2026-08-16T09:12:45.579-07:00,,link_ack,inbound,query_operational_state,ack,,link_layer,18,,,,,,,,
2026-08-16T09:12:45.703-07:00,,operational_state,inbound,query_operational_state,received,,device_response,19,1,,,1,Running Normal,,,
2026-08-16T09:12:45.744-07:00,,query_completed,outbound,query_operational_state,ok,,periodic,18,0,,,,,,,
2026-08-16T09:13:14.754-07:00,,query_sent,outbound,query_operational_state,pending,,periodic,18,0,,,,,,,
2026-08-16T09:13:14.863-07:00,,link_ack,inbound,query_operational_state,ack,,link_layer,18,,,,,,,,
2026-08-16T09:13:14.986-07:00,,operational_state,inbound,query_operational_state,received,,device_response,19,1,,,1,Running Normal,,,
2026-08-16T09:13:15.026-07:00,,query_completed,outbound,query_operational_state,ok,,periodic,18,0,,,,,,,
2026-08-16T09:13:45.036-07:00,,query_sent,outbound,get_commodity,pending,,periodic,6,0,,,,,,,
2026-08-16T09:13:45.147-07:00,,link_ack,inbound,get_commodity,ack,,link_layer,6,,,,,,,,
2026-08-16T09:13:45.316-07:00,,intermediate_response,inbound,get_commodity,success,,device_response,6,128,,,,,0,success,
2026-08-16T09:13:45.359-07:00,,query_completed,outbound,get_commodity,ok,,periodic,6,0,,,,,0,success,
2026-08-16T09:13:45.359-07:00,,query_sent,outbound,query_operational_state,pending,,periodic,18,0,,,,,,,
2026-08-16T09:13:45.522-07:00,,link_ack,inbound,query_operational_state,ack,,link_layer,18,,,,,,,,
2026-08-16T09:13:45.646-07:00,,operational_state,inbound,query_operational_state,received,,device_response,19,1,,,1,Running Normal,,,
2026-08-16T09:13:45.687-07:00,,query_completed,outbound,query_operational_state,ok,,periodic,18,0,,,,,,,
2026-08-16T09:14:14.696-07:00,,query_sent,outbound,query_operational_state,pending,,periodic,18,0,,,,,,,
2026-08-16T09:14:14.806-07:00,,link_ack,inbound,query_operational_state,ack,,link_layer,18,,,,,,,,
2026-08-16T09:14:14.929-07:00,,operational_state,inbound,query_operational_state,received,,device_response,19,1,,,1,Running Normal,,,
2026-08-16T09:14:14.970-07:00,,query_completed,outbound,query_operational_state,ok,,periodic,18,0,,,,,,,
2026-08-16T09:14:44.980-07:00,,query_sent,outbound,get_commodity,pending,,periodic,6,0,,,,,,,
2026-08-16T09:14:45.093-07:00,,link_ack,inbound,get_commodity,ack,,link_layer,6,,,,,,,,
2026-08-16T09:14:45.261-07:00,,intermediate_response,inbound,get_commodity,success,,device_response,6,128,,,,,0,success,
2026-08-16T09:14:45.305-07:00,,query_completed,outbound,get_commodity,ok,,periodic,6,0,,,,,0,success,
2026-08-16T09:14:45.305-07:00,,query_sent,outbound,query_operational_state,pending,,periodic,18,0,,,,,,,
2026-08-16T09:14:45.467-07:00,,link_ack,inbound,query_operational_state,ack,,link_layer,18,,,,,,,,
2026-08-16T09:14:45.590-07:00,,operational_state,inbound,query_operational_state,received,,device_response,19,1,,,1,Running Normal,,,
2026-08-16T09:14:45.631-07:00,,query_completed,outbound,query_operational_state,ok,,periodic,18,0,,,,,,,
2026-08-16T09:15:14.641-07:00,,query_sent,outbound,query_operational_state,pending,,periodic,18,0,,,,,,,
2026-08-16T09:15:14.751-07:00,,link_ack,inbound,query_operational_state,ack,,link_layer,18,,,,,,,,
2026-08-16T09:15:14.875-07:00,,operational_state,inbound,query_operational_state,received,,device_response,19,1,,,1,Running Normal,,,
2026-08-16T09:15:14.915-07:00,,query_completed,outbound,query_operational_state,ok,,periodic,18,0,,,,,,,
2026-08-16T09:15:44.925-07:00,,query_sent,outbound,get_commodity,pending,,periodic,6,0,,,,,,,
2026-08-16T09:15:45.037-07:00,,link_ack,inbound,get_commodity,ack,,link_layer,6,,,,,,,,
2026-08-16T09:15:45.206-07:00,,intermediate_response,inbound,get_commodity,success,,device_response,6,128,,,,,0,success,
2026-08-16T09:15:45.249-07:00,,query_completed,outbound,get_commodity,ok,,periodic,6,0,,,,,0,success,
2026-08-16T09:15:45.250-07:00,,query_sent,outbound,query_operational_state,pending,,periodic,18,0,,,,,,,
2026-08-16T09:15:45.412-07:00,,link_ack,inbound,query_operational_state,ack,,link_layer,18,,,,,,,,
2026-08-16T09:15:45.535-07:00,,operational_state,inbound,query_operational_state,received,,device_response,19,1,,,1,Running Normal,,,
2026-08-16T09:15:45.576-07:00,,query_completed,outbound,query_operational_state,ok,,periodic,18,0,,,,,,,
2026-08-16T09:16:15.586-07:00,,query_sent,outbound,query_operational_state,pending,,periodic,18,0,,,,,,,
2026-08-16T09:16:15.698-07:00,,link_ack,inbound,query_operational_state,ack,,link_layer,18,,,,,,,,
2026-08-16T09:16:15.821-07:00,,operational_state,inbound,query_operational_state,received,,device_response,19,1,,,1,Running Normal,,,
2026-08-16T09:16:15.862-07:00,,query_completed,outbound,query_operational_state,ok,,periodic,18,0,,,,,,,
2026-08-16T09:16:44.871-07:00,,query_sent,outbound,get_commodity,pending,,periodic,6,0,,,,,,,
2026-08-16T09:16:44.982-07:00,,link_ack,inbound,get_commodity,ack,,link_layer,6,,,,,,,,
2026-08-16T09:16:45.151-07:00,,intermediate_response,inbound,get_commodity,success,,device_response,6,128,,,,,0,success,
2026-08-16T09:16:45.194-07:00,,query_completed,outbound,get_commodity,ok,,periodic,6,0,,,,,0,success,
2026-08-16T09:16:45.194-07:00,,query_sent,outbound,query_operational_state,pending,,periodic,18,0,,,,,,,
2026-08-16T09:16:45.356-07:00,,link_ack,inbound,query_operational_state,ack,,link_layer,18,,,,,,,,
2026-08-16T09:16:45.480-07:00,,operational_state,inbound,query_operational_state,received,,device_response,19,1,,,1,Running Normal,,,
2026-08-16T09:16:45.521-07:00,,query_completed,outbound,query_operational_state,ok,,periodic,18,0,,,,,,,
2026-08-16T09:17:15.531-07:00,,query_sent,outbound,query_operational_state,pending,,periodic,18,0,,,,,,,
2026-08-16T09:17:15.643-07:00,,link_ack,inbound,query_operational_state,ack,,link_layer,18,,,,,,,,
2026-08-16T09:17:15.767-07:00,,operational_state,inbound,query_operational_state,received,,device_response,19,1,,,1,Running Normal,,,
2026-08-16T09:17:15.807-07:00,,query_completed,outbound,query_operational_state,ok,,periodic,18,0,,,,,,,
2026-08-16T09:17:44.817-07:00,,query_sent,outbound,get_commodity,pending,,periodic,6,0,,,,,,,
2026-08-16T09:17:44.926-07:00,,link_ack,inbound,get_commodity,ack,,link_layer,6,,,,,,,,
2026-08-16T09:17:45.095-07:00,,intermediate_response,inbound,get_commodity,success,,device_response,6,128,,,,,0,success,
2026-08-16T09:17:45.138-07:00,,query_completed,outbound,get_commodity,ok,,periodic,6,0,,,,,0,success,
2026-08-16T09:17:45.139-07:00,,query_sent,outbound,query_operational_state,pending,,periodic,18,0,,,,,,,
2026-08-16T09:17:45.300-07:00,,link_ack,inbound,query_operational_state,ack,,link_layer,18,,,,,,,,
2026-08-16T09:17:45.425-07:00,,operational_state,inbound,query_operational_state,received,,device_response,19,1,,,1,Running Normal,,,
2026-08-16T09:17:45.466-07:00,,query_completed,outbound,query_operational_state,ok,,periodic,18,0,,,,,,,
2026-08-16T09:18:15.475-07:00,,query_sent,outbound,query_operational_state,pending,,periodic,18,0,,,,,,,
2026-08-16T09:18:15.588-07:00,,link_ack,inbound,query_operational_state,ack,,link_layer,18,,,,,,,,
2026-08-16T09:18:15.711-07:00,,operational_state,inbound,query_operational_state,received,,device_response,19,1,,,1,Running Normal,,,
2026-08-16T09:18:15.751-07:00,,query_completed,outbound,query_operational_state,ok,,periodic,18,0,,,,,,,
2026-08-16T09:18:44.761-07:00,,query_sent,outbound,get_commodity,pending,,periodic,6,0,,,,,,,
2026-08-16T09:18:44.871-07:00,,link_ack,inbound,get_commodity,ack,,link_layer,6,,,,,,,,
2026-08-16T09:18:45.040-07:00,,intermediate_response,inbound,get_commodity,success,,device_response,6,128,,,,,0,success,
2026-08-16T09:18:45.084-07:00,,query_completed,outbound,get_commodity,ok,,periodic,6,0,,,,,0,success,
2026-08-16T09:18:45.084-07:00,,query_sent,outbound,query_operational_state,pending,,periodic,18,0,,,,,,,
2026-08-16T09:18:45.246-07:00,,link_ack,inbound,query_operational_state,ack,,link_layer,18,,,,,,,,
2026-08-16T09:18:45.369-07:00,,operational_state,inbound,query_operational_state,received,,device_response,19,1,,,1,Running Normal,,,
2026-08-16T09:18:45.410-07:00,,query_completed,outbound,query_operational_state,ok,,periodic,18,0,,,,,,,
2026-08-16T09:19:15.420-07:00,,query_sent,outbound,query_operational_state,pending,,periodic,18,0,,,,,,,
2026-08-16T09:19:15.533-07:00,,link_ack,inbound,query_operational_state,ack,,link_layer,18,,,,,,,,
2026-08-16T09:19:15.656-07:00,,operational_state,inbound,query_operational_state,received,,device_response,19,1,,,1,Running Normal,,,
2026-08-16T09:19:15.697-07:00,,query_completed,outbound,query_operational_state,ok,,periodic,18,0,,,,,,,
2026-08-16T09:19:44.707-07:00,,query_sent,outbound,get_commodity,pending,,periodic,6,0,,,,,,,
2026-08-16T09:19:44.817-07:00,,link_ack,inbound,get_commodity,ack,,link_layer,6,,,,,,,,
2026-08-16T09:19:44.987-07:00,,intermediate_response,inbound,get_commodity,success,,device_response,6,128,,,,,0,success,
2026-08-16T09:19:45.030-07:00,,query_completed,outbound,get_commodity,ok,,periodic,6,0,,,,,0,success,
2026-08-16T09:19:45.031-07:00,,query_sent,outbound,query_operational_state,pending,,periodic,18,0,,,,,,,
2026-08-16T09:19:45.193-07:00,,link_ack,inbound,query_operational_state,ack,,link_layer,18,,,,,,,,
2026-08-16T09:19:45.316-07:00,,operational_state,inbound,query_operational_state,received,,device_response,19,1,,,1,Running Normal,,,
2026-08-16T09:19:45.357-07:00,,query_completed,outbound,query_operational_state,ok,,periodic,18,0,,,,,,,
2026-08-16T09:20:15.367-07:00,,query_sent,outbound,query_operational_state,pending,,periodic,18,0,,,,,,,
2026-08-16T09:20:15.477-07:00,,link_ack,inbound,query_operational_state,ack,,link_layer,18,,,,,,,,
2026-08-16T09:20:15.600-07:00,,operational_state,inbound,query_operational_state,received,,device_response,19,1,,,1,Running Normal,,,
2026-08-16T09:20:15.641-07:00,,query_completed,outbound,query_operational_state,ok,,periodic,18,0,,,,,,,
2026-08-16T09:20:44.650-07:00,,query_sent,outbound,get_commodity,pending,,periodic,6,0,,,,,,,
2026-08-16T09:20:44.762-07:00,,link_ack,inbound,get_commodity,ack,,link_layer,6,,,,,,,,
2026-08-16T09:20:44.931-07:00,,intermediate_response,inbound,get_commodity,success,,device_response,6,128,,,,,0,success,
2026-08-16T09:20:44.975-07:00,,query_completed,outbound,get_commodity,ok,,periodic,6,0,,,,,0,success,
2026-08-16T09:20:44.975-07:00,,query_sent,outbound,query_operational_state,pending,,periodic,18,0,,,,,,,
2026-08-16T09:20:45.137-07:00,,link_ack,inbound,query_operational_state,ack,,link_layer,18,,,,,,,,
2026-08-16T09:20:45.261-07:00,,operational_state,inbound,query_operational_state,received,,device_response,19,1,,,1,Running Normal,,,
2026-08-16T09:20:45.302-07:00,,query_completed,outbound,query_operational_state,ok,,periodic,18,0,,,,,,,
2026-08-16T09:21:15.311-07:00,,query_sent,outbound,query_operational_state,pending,,periodic,18,0,,,,,,,
2026-08-16T09:21:15.422-07:00,,link_ack,inbound,query_operational_state,ack,,link_layer,18,,,,,,,,
2026-08-16T09:21:15.546-07:00,,operational_state,inbound,query_operational_state,received,,device_response,19,1,,,1,Running Normal,,,
2026-08-16T09:21:15.586-07:00,,query_completed,outbound,query_operational_state,ok,,periodic,18,0,,,,,,,
2026-08-16T09:21:45.596-07:00,,query_sent,outbound,get_commodity,pending,,periodic,6,0,,,,,,,
2026-08-16T09:21:45.707-07:00,,link_ack,inbound,get_commodity,ack,,link_layer,6,,,,,,,,
2026-08-16T09:21:45.875-07:00,,intermediate_response,inbound,get_commodity,success,,device_response,6,128,,,,,0,success,
2026-08-16T09:21:45.918-07:00,,query_completed,outbound,get_commodity,ok,,periodic,6,0,,,,,0,success,
2026-08-16T09:21:45.918-07:00,,query_sent,outbound,query_operational_state,pending,,periodic,18,0,,,,,,,
2026-08-16T09:21:46.080-07:00,,link_ack,inbound,query_operational_state,ack,,link_layer,18,,,,,,,,
2026-08-16T09:21:46.204-07:00,,operational_state,inbound,query_operational_state,received,,device_response,19,1,,,1,Running Normal,,,
2026-08-16T09:21:46.245-07:00,,query_completed,outbound,query_operational_state,ok,,periodic,18,0,,,,,,,
2026-08-16T09:22:15.254-07:00,,query_sent,outbound,query_operational_state,pending,,periodic,18,0,,,,,,,
2026-08-16T09:22:15.362-07:00,,link_ack,inbound,query_operational_state,ack,,link_layer,18,,,,,,,,
2026-08-16T09:22:15.485-07:00,,operational_state,inbound,query_operational_state,received,,device_response,19,1,,,1,Running Normal,,,
2026-08-16T09:22:15.526-07:00,,query_completed,outbound,query_operational_state,ok,,periodic,18,0,,,,,,,
2026-08-16T09:22:45.536-07:00,,query_sent,outbound,get_commodity,pending,,periodic,6,0,,,,,,,
2026-08-16T09:22:45.648-07:00,,link_ack,inbound,get_commodity,ack,,link_layer,6,,,,,,,,
2026-08-16T09:22:45.817-07:00,,intermediate_response,inbound,get_commodity,success,,device_response,6,128,,,,,0,success,
2026-08-16T09:22:45.860-07:00,,query_completed,outbound,get_commodity,ok,,periodic,6,0,,,,,0,success,
2026-08-16T09:22:45.860-07:00,,query_sent,outbound,query_operational_state,pending,,periodic,18,0,,,,,,,
2026-08-16T09:22:46.022-07:00,,link_ack,inbound,query_operational_state,ack,,link_layer,18,,,,,,,,
2026-08-16T09:22:46.147-07:00,,operational_state,inbound,query_operational_state,received,,device_response,19,1,,,1,Running Normal,,,
2026-08-16T09:22:46.187-07:00,,query_completed,outbound,query_operational_state,ok,,periodic,18,0,,,,,,,
2026-08-16T09:23:15.197-07:00,,query_sent,outbound,query_operational_state,pending,,periodic,18,0,,,,,,,
2026-08-16T09:23:15.306-07:00,,link_ack,inbound,query_operational_state,ack,,link_layer,18,,,,,,,,
2026-08-16T09:23:15.430-07:00,,operational_state,inbound,query_operational_state,received,,device_response,19,1,,,1,Running Normal,,,
2026-08-16T09:23:15.471-07:00,,query_completed,outbound,query_operational_state,ok,,periodic,18,0,,,,,,,
2026-08-16T09:23:45.481-07:00,,query_sent,outbound,get_commodity,pending,,periodic,6,0,,,,,,,
2026-08-16T09:23:45.593-07:00,,link_ack,inbound,get_commodity,ack,,link_layer,6,,,,,,,,
2026-08-16T09:23:45.762-07:00,,intermediate_response,inbound,get_commodity,success,,device_response,6,128,,,,,0,success,
2026-08-16T09:23:45.806-07:00,,query_completed,outbound,get_commodity,ok,,periodic,6,0,,,,,0,success,
2026-08-16T09:23:45.806-07:00,,query_sent,outbound,query_operational_state,pending,,periodic,18,0,,,,,,,
2026-08-16T09:23:45.968-07:00,,link_ack,inbound,query_operational_state,ack,,link_layer,18,,,,,,,,
2026-08-16T09:23:46.092-07:00,,operational_state,inbound,query_operational_state,received,,device_response,19,1,,,1,Running Normal,,,
2026-08-16T09:23:46.132-07:00,,query_completed,outbound,query_operational_state,ok,,periodic,18,0,,,,,,,
2026-08-16T09:24:15.142-07:00,,query_sent,outbound,query_operational_state,pending,,periodic,18,0,,,,,,,
2026-08-16T09:24:15.252-07:00,,link_ack,inbound,query_operational_state,ack,,link_layer,18,,,,,,,,
2026-08-16T09:24:15.376-07:00,,operational_state,inbound,query_operational_state,received,,device_response,19,1,,,1,Running Normal,,,
2026-08-16T09:24:15.416-07:00,,query_completed,outbound,query_operational_state,ok,,periodic,18,0,,,,,,,
2026-08-16T09:24:45.427-07:00,,query_sent,outbound,get_commodity,pending,,periodic,6,0,,,,,,,
2026-08-16T09:24:45.535-07:00,,link_ack,inbound,get_commodity,ack,,link_layer,6,,,,,,,,
2026-08-16T09:24:45.703-07:00,,intermediate_response,inbound,get_commodity,success,,device_response,6,128,,,,,0,success,
2026-08-16T09:24:45.746-07:00,,query_completed,outbound,get_commodity,ok,,periodic,6,0,,,,,0,success,
2026-08-16T09:24:45.747-07:00,,query_sent,outbound,query_operational_state,pending,,periodic,18,0,,,,,,,
2026-08-16T09:24:45.910-07:00,,link_ack,inbound,query_operational_state,ack,,link_layer,18,,,,,,,,
2026-08-16T09:24:46.034-07:00,,operational_state,inbound,query_operational_state,received,,device_response,19,1,,,1,Running Normal,,,
2026-08-16T09:24:46.074-07:00,,query_completed,outbound,query_operational_state,ok,,periodic,18,0,,,,,,,
2026-08-16T09:25:15.084-07:00,auto_outside_comm_heartbeat_31,command_sent,outbound,outside_communication1,pending,0,schedule,14,0,,,,,,,
2026-08-16T09:25:15.191-07:00,,link_ack,inbound,outside_communication,ack,,link_layer,14,,,,,,,,
2026-08-16T09:25:15.314-07:00,,application_ack,inbound,outside_communication,ack,,application_layer,3,14,,,,,,,
2026-08-16T09:25:15.355-07:00,auto_outside_comm_heartbeat_31,command_completed,outbound,outside_communication1,ok,0,schedule,14,0,,,,,,,
2026-08-16T09:25:15.356-07:00,,query_sent,outbound,query_operational_state,pending,,periodic,18,0,,,,,,,
2026-08-16T09:25:15.517-07:00,,link_ack,inbound,query_operational_state,ack,,link_layer,18,,,,,,,,
2026-08-16T09:25:15.641-07:00,,operational_state,inbound,query_operational_state,received,,device_response,19,1,,,1,Running Normal,,,
2026-08-16T09:25:15.682-07:00,,query_completed,outbound,query_operational_state,ok,,periodic,18,0,,,,,,,
2026-08-16T09:25:44.689-07:00,,query_sent,outbound,get_commodity,pending,,periodic,6,0,,,,,,,
2026-08-16T09:25:44.800-07:00,,link_ack,inbound,get_commodity,ack,,link_layer,6,,,,,,,,
2026-08-16T09:25:44.970-07:00,,intermediate_response,inbound,get_commodity,success,,device_response,6,128,,,,,0,success,
2026-08-16T09:25:45.013-07:00,,query_completed,outbound,get_commodity,ok,,periodic,6,0,,,,,0,success,
2026-08-16T09:25:45.014-07:00,,query_sent,outbound,query_operational_state,pending,,periodic,18,0,,,,,,,
2026-08-16T09:25:45.176-07:00,,link_ack,inbound,query_operational_state,ack,,link_layer,18,,,,,,,,
2026-08-16T09:25:45.299-07:00,,operational_state,inbound,query_operational_state,received,,device_response,19,1,,,1,Running Normal,,,
2026-08-16T09:25:45.339-07:00,,query_completed,outbound,query_operational_state,ok,,periodic,18,0,,,,,,,
2026-08-16T09:26:15.347-07:00,,query_sent,outbound,query_operational_state,pending,,periodic,18,0,,,,,,,
2026-08-16T09:26:15.459-07:00,,link_ack,inbound,query_operational_state,ack,,link_layer,18,,,,,,,,
2026-08-16T09:26:15.583-07:00,,operational_state,inbound,query_operational_state,received,,device_response,19,1,,,1,Running Normal,,,
2026-08-16T09:26:15.623-07:00,,query_completed,outbound,query_operational_state,ok,,periodic,18,0,,,,,,,
2026-08-16T09:26:45.631-07:00,,query_sent,outbound,get_commodity,pending,,periodic,6,0,,,,,,,
2026-08-16T09:26:45.745-07:00,,link_ack,inbound,get_commodity,ack,,link_layer,6,,,,,,,,
2026-08-16T09:26:45.914-07:00,,intermediate_response,inbound,get_commodity,success,,device_response,6,128,,,,,0,success,
2026-08-16T09:26:45.958-07:00,,query_completed,outbound,get_commodity,ok,,periodic,6,0,,,,,0,success,
2026-08-16T09:26:45.958-07:00,,query_sent,outbound,query_operational_state,pending,,periodic,18,0,,,,,,,
2026-08-16T09:26:46.119-07:00,,link_ack,inbound,query_operational_state,ack,,link_layer,18,,,,,,,,
2026-08-16T09:26:46.243-07:00,,operational_state,inbound,query_operational_state,received,,device_response,19,1,,,1,Running Normal,,,
2026-08-16T09:26:46.284-07:00,,query_completed,outbound,query_operational_state,ok,,periodic,18,0,,,,,,,
2026-08-16T09:27:00.063-07:00,,command_sent,outbound,run_normal,pending,0,shutdown,2,0,,,,,,,
2026-08-16T09:27:00.173-07:00,,link_ack,inbound,run_normal,ack,,link_layer,2,,,,,,,,
2026-08-16T09:27:00.297-07:00,,application_ack,inbound,run_normal,ack,,application_layer,3,2,,,,,,,
2026-08-16T09:27:00.337-07:00,,command_completed,outbound,run_normal,ok,0,shutdown,2,0,,,,,,,
2026-08-16T09:27:02.403-07:00,,link_ack,inbound,query_operational_state,ack,,link_layer,18,,,,,,,,
2026-08-16T09:27:02.526-07:00,,operational_state,inbound,query_operational_state,received,,device_response,19,1,,,1,Running Normal,,,
2026-08-16T09:27:02.667-07:00,,controller_stopped,internal,controller,stopped,,controller,,,,,,,,,
