POWER_MONITOR_READY {"output_csv": "/home/pi/conformance_testing_team/saved_data/conformance_runs/WH-1/run_2026_08_04_161229_PDT/power.csv", "timestamp_pacific": "2026-08-04T16:12:29.511-07:00"}
POWER_MONITOR_RECORD {"timestamp_pacific": "2026-08-04T16:12:29.513-07:00", "status": "ok", "reasons": ["initial_sample"]}
POWER_MONITOR_RECORD {"timestamp_pacific": "2026-08-04T16:13:00.664-07:00", "status": "ok", "reasons": ["current_change", "power_change", "heater_on"]}
POWER_MONITOR_RECORD {"timestamp_pacific": "2026-08-04T16:13:03.682-07:00", "status": "ok", "reasons": ["current_change"]}
POWER_MONITOR_RECORD {"timestamp_pacific": "2026-08-04T16:13:05.697-07:00", "status": "ok", "reasons": ["current_change"]}
POWER_MONITOR_RECORD {"timestamp_pacific": "2026-08-04T16:13:07.709-07:00", "status": "ok", "reasons": ["current_change"]}
POWER_MONITOR_RECORD {"timestamp_pacific": "2026-08-04T16:13:30.808-07:00", "status": "ok", "reasons": ["current_change"]}
POWER_MONITOR_RECORD {"timestamp_pacific": "2026-08-04T16:13:47.892-07:00", "status": "ok", "reasons": ["current_change"]}
POWER_MONITOR_RECORD {"timestamp_pacific": "2026-08-04T16:13:51.916-07:00", "status": "ok", "reasons": ["current_change"]}
POWER_MONITOR_RECORD {"timestamp_pacific": "2026-08-04T16:13:52.922-07:00", "status": "ok", "reasons": ["current_change"]}
POWER_MONITOR_RECORD {"timestamp_pacific": "2026-08-04T16:13:56.947-07:00", "status": "ok", "reasons": ["current_change"]}
POWER_MONITOR_RECORD {"timestamp_pacific": "2026-08-04T16:13:57.953-07:00", "status": "ok", "reasons": ["current_change"]}
POWER_MONITOR_RECORD {"timestamp_pacific": "2026-08-04T16:14:04.995-07:00", "status": "ok", "reasons": ["current_change", "power_change"]}
POWER_MONITOR_RECORD {"timestamp_pacific": "2026-08-04T16:14:06.002-07:00", "status": "ok", "reasons": ["current_change"]}
POWER_MONITOR_RECORD {"timestamp_pacific": "2026-08-04T16:14:07.008-07:00", "status": "ok", "reasons": ["current_change"]}
POWER_MONITOR_RECORD {"timestamp_pacific": "2026-08-04T16:14:08.015-07:00", "status": "ok", "reasons": ["current_change"]}
POWER_MONITOR_RECORD {"timestamp_pacific": "2026-08-04T16:14:09.021-07:00", "status": "ok", "reasons": ["current_change"]}
POWER_MONITOR_RECORD {"timestamp_pacific": "2026-08-04T16:14:11.034-07:00", "status": "ok", "reasons": ["current_change"]}
POWER_MONITOR_RECORD {"timestamp_pacific": "2026-08-04T16:14:13.046-07:00", "status": "ok", "reasons": ["current_change"]}
POWER_MONITOR_RECORD {"timestamp_pacific": "2026-08-04T16:14:14.053-07:00", "status": "ok", "reasons": ["current_change"]}
POWER_MONITOR_RECORD {"timestamp_pacific": "2026-08-04T16:14:15.059-07:00", "status": "ok", "reasons": ["current_change"]}
POWER_MONITOR_RECORD {"timestamp_pacific": "2026-08-04T16:14:16.069-07:00", "status": "ok", "reasons": ["current_change"]}
POWER_MONITOR_RECORD {"timestamp_pacific": "2026-08-04T16:14:17.076-07:00", "status": "ok", "reasons": ["current_change"]}
POWER_MONITOR_RECORD {"timestamp_pacific": "2026-08-04T16:14:18.082-07:00", "status": "ok", "reasons": ["current_change"]}
POWER_MONITOR_RECORD {"timestamp_pacific": "2026-08-04T16:14:20.095-07:00", "status": "ok", "reasons": ["current_change"]}
POWER_MONITOR_RECORD {"timestamp_pacific": "2026-08-04T16:14:22.107-07:00", "status": "ok", "reasons": ["current_change"]}
POWER_MONITOR_RECORD {"timestamp_pacific": "2026-08-04T16:14:23.113-07:00", "status": "ok", "reasons": ["current_change"]}
POWER_MONITOR_RECORD {"timestamp_pacific": "2026-08-04T16:14:24.120-07:00", "status": "ok", "reasons": ["current_change"]}
POWER_MONITOR_RECORD {"timestamp_pacific": "2026-08-04T16:14:26.132-07:00", "status": "ok", "reasons": ["current_change"]}
POWER_MONITOR_RECORD {"timestamp_pacific": "2026-08-04T16:14:27.143-07:00", "status": "ok", "reasons": ["current_change"]}
POWER_MONITOR_RECORD {"timestamp_pacific": "2026-08-04T16:14:29.155-07:00", "status": "ok", "reasons": ["current_change"]}
POWER_MONITOR_RECORD {"timestamp_pacific": "2026-08-04T16:14:31.168-07:00", "status": "ok", "reasons": ["current_change"]}
POWER_MONITOR_RECORD {"timestamp_pacific": "2026-08-04T16:14:33.180-07:00", "status": "ok", "reasons": ["current_change"]}
POWER_MONITOR_RECORD {"timestamp_pacific": "2026-08-04T16:14:39.209-07:00", "status": "ok", "reasons": ["current_change"]}
POWER_MONITOR_RECORD {"timestamp_pacific": "2026-08-04T16:14:48.252-07:00", "status": "ok", "reasons": ["current_change"]}
POWER_MONITOR_RECORD {"timestamp_pacific": "2026-08-04T16:14:49.258-07:00", "status": "ok", "reasons": ["current_change"]}
POWER_MONITOR_RECORD {"timestamp_pacific": "2026-08-04T16:14:51.270-07:00", "status": "ok", "reasons": ["current_change"]}
POWER_MONITOR_RECORD {"timestamp_pacific": "2026-08-04T16:14:53.283-07:00", "status": "ok", "reasons": ["current_change"]}
POWER_MONITOR_RECORD {"timestamp_pacific": "2026-08-04T16:14:54.290-07:00", "status": "ok", "reasons": ["current_change"]}
POWER_MONITOR_RECORD {"timestamp_pacific": "2026-08-04T16:14:56.302-07:00", "status": "ok", "reasons": ["current_change"]}
POWER_MONITOR_RECORD {"timestamp_pacific": "2026-08-04T16:15:03.344-07:00", "status": "ok", "reasons": ["current_change"]}
POWER_MONITOR_RECORD {"timestamp_pacific": "2026-08-04T16:15:10.385-07:00", "status": "ok", "reasons": ["current_change"]}
POWER_MONITOR_RECORD {"timestamp_pacific": "2026-08-04T16:15:12.398-07:00", "status": "ok", "reasons": ["current_change"]}
POWER_MONITOR_RECORD {"timestamp_pacific": "2026-08-04T16:15:17.428-07:00", "status": "ok", "reasons": ["current_change"]}
POWER_MONITOR_RECORD {"timestamp_pacific": "2026-08-04T16:15:18.434-07:00", "status": "ok", "reasons": ["current_change"]}
POWER_MONITOR_RECORD {"timestamp_pacific": "2026-08-04T16:15:29.499-07:00", "status": "ok", "reasons": ["current_change"]}
POWER_MONITOR_RECORD {"timestamp_pacific": "2026-08-04T16:15:39.551-07:00", "status": "ok", "reasons": ["current_change"]}
POWER_MONITOR_RECORD {"timestamp_pacific": "2026-08-04T16:15:40.554-07:00", "status": "ok", "reasons": ["current_change"]}
POWER_MONITOR_RECORD {"timestamp_pacific": "2026-08-04T16:16:01.670-07:00", "status": "ok", "reasons": ["current_change"]}
POWER_MONITOR_RECORD {"timestamp_pacific": "2026-08-04T16:16:04.688-07:00", "status": "ok", "reasons": ["current_change"]}
POWER_MONITOR_RECORD {"timestamp_pacific": "2026-08-04T16:16:05.694-07:00", "status": "ok", "reasons": ["current_change"]}
POWER_MONITOR_RECORD {"timestamp_pacific": "2026-08-04T16:16:07.707-07:00", "status": "ok", "reasons": ["current_change"]}
POWER_MONITOR_RECORD {"timestamp_pacific": "2026-08-04T16:16:09.719-07:00", "status": "ok", "reasons": ["current_change"]}
POWER_MONITOR_RECORD {"timestamp_pacific": "2026-08-04T16:16:12.738-07:00", "status": "ok", "reasons": ["current_change"]}
POWER_MONITOR_RECORD {"timestamp_pacific": "2026-08-04T16:16:15.756-07:00", "status": "ok", "reasons": ["current_change"]}
POWER_MONITOR_RECORD {"timestamp_pacific": "2026-08-04T16:16:18.774-07:00", "status": "ok", "reasons": ["current_change"]}
POWER_MONITOR_RECORD {"timestamp_pacific": "2026-08-04T16:16:20.787-07:00", "status": "ok", "reasons": ["current_change"]}
POWER_MONITOR_RECORD {"timestamp_pacific": "2026-08-04T16:16:23.805-07:00", "status": "ok", "reasons": ["current_change"]}
POWER_MONITOR_RECORD {"timestamp_pacific": "2026-08-04T16:16:26.827-07:00", "status": "ok", "reasons": ["current_change"]}
POWER_MONITOR_RECORD {"timestamp_pacific": "2026-08-04T16:16:28.839-07:00", "status": "ok", "reasons": ["current_change"]}
POWER_MONITOR_RECORD {"timestamp_pacific": "2026-08-04T16:16:29.849-07:00", "status": "ok", "reasons": ["current_change"]}
POWER_MONITOR_RECORD {"timestamp_pacific": "2026-08-04T16:16:30.856-07:00", "status": "ok", "reasons": ["current_change"]}
POWER_MONITOR_RECORD {"timestamp_pacific": "2026-08-04T16:16:34.880-07:00", "status": "ok", "reasons": ["current_change"]}
POWER_MONITOR_RECORD {"timestamp_pacific": "2026-08-04T16:16:36.892-07:00", "status": "ok", "reasons": ["current_change"]}
POWER_MONITOR_RECORD {"timestamp_pacific": "2026-08-04T16:16:43.917-07:00", "status": "ok", "reasons": ["current_change"]}
POWER_MONITOR_RECORD {"timestamp_pacific": "2026-08-04T16:16:44.923-07:00", "status": "ok", "reasons": ["current_change"]}
POWER_MONITOR_RECORD {"timestamp_pacific": "2026-08-04T16:16:51.965-07:00", "status": "ok", "reasons": ["current_change"]}
POWER_MONITOR_RECORD {"timestamp_pacific": "2026-08-04T16:16:54.983-07:00", "status": "ok", "reasons": ["current_change"]}
POWER_MONITOR_RECORD {"timestamp_pacific": "2026-08-04T16:17:00.013-07:00", "status": "ok", "reasons": ["current_change"]}
POWER_MONITOR_RECORD {"timestamp_pacific": "2026-08-04T16:17:03.030-07:00", "status": "ok", "reasons": ["current_change"]}
POWER_MONITOR_RECORD {"timestamp_pacific": "2026-08-04T16:17:05.042-07:00", "status": "ok", "reasons": ["current_change"]}
POWER_MONITOR_RECORD {"timestamp_pacific": "2026-08-04T16:17:08.067-07:00", "status": "ok", "reasons": ["current_change"]}
POWER_MONITOR_RECORD {"timestamp_pacific": "2026-08-04T16:17:09.073-07:00", "status": "ok", "reasons": ["current_change"]}
POWER_MONITOR_RECORD {"timestamp_pacific": "2026-08-04T16:17:14.103-07:00", "status": "ok", "reasons": ["current_change"]}
POWER_MONITOR_RECORD {"timestamp_pacific": "2026-08-04T16:17:15.110-07:00", "status": "ok", "reasons": ["current_change"]}
POWER_MONITOR_RECORD {"timestamp_pacific": "2026-08-04T16:17:20.140-07:00", "status": "ok", "reasons": ["current_change"]}
POWER_MONITOR_RECORD {"timestamp_pacific": "2026-08-04T16:17:25.170-07:00", "status": "ok", "reasons": ["current_change"]}
POWER_MONITOR_RECORD {"timestamp_pacific": "2026-08-04T16:17:38.226-07:00", "status": "ok", "reasons": ["current_change"]}
POWER_MONITOR_RECORD {"timestamp_pacific": "2026-08-04T16:17:43.238-07:00", "status": "ok", "reasons": ["current_change"]}
POWER_MONITOR_RECORD {"timestamp_pacific": "2026-08-04T16:17:45.243-07:00", "status": "ok", "reasons": ["current_change"]}
POWER_MONITOR_RECORD {"timestamp_pacific": "2026-08-04T16:17:51.272-07:00", "status": "ok", "reasons": ["current_change"]}
POWER_MONITOR_RECORD {"timestamp_pacific": "2026-08-04T16:17:53.285-07:00", "status": "ok", "reasons": ["current_change"]}
POWER_MONITOR_RECORD {"timestamp_pacific": "2026-08-04T16:18:01.332-07:00", "status": "ok", "reasons": ["current_change"]}
POWER_MONITOR_RECORD {"timestamp_pacific": "2026-08-04T16:18:03.345-07:00", "status": "ok", "reasons": ["current_change"]}
POWER_MONITOR_RECORD {"timestamp_pacific": "2026-08-04T16:18:04.352-07:00", "status": "ok", "reasons": ["current_change"]}
POWER_MONITOR_RECORD {"timestamp_pacific": "2026-08-04T16:18:16.423-07:00", "status": "ok", "reasons": ["current_change"]}
POWER_MONITOR_RECORD {"timestamp_pacific": "2026-08-04T16:18:17.430-07:00", "status": "ok", "reasons": ["current_change"]}
POWER_MONITOR_RECORD {"timestamp_pacific": "2026-08-04T16:18:22.459-07:00", "status": "ok", "reasons": ["current_change"]}
POWER_MONITOR_RECORD {"timestamp_pacific": "2026-08-04T16:18:29.503-07:00", "status": "ok", "reasons": ["current_change"]}
POWER_MONITOR_RECORD {"timestamp_pacific": "2026-08-04T16:19:02.680-07:00", "status": "ok", "reasons": ["current_change"]}
POWER_MONITOR_RECORD {"timestamp_pacific": "2026-08-04T16:19:03.686-07:00", "status": "ok", "reasons": ["current_change"]}
POWER_MONITOR_RECORD {"timestamp_pacific": "2026-08-04T16:19:12.740-07:00", "status": "ok", "reasons": ["current_change"]}
POWER_MONITOR_RECORD {"timestamp_pacific": "2026-08-04T16:19:19.782-07:00", "status": "ok", "reasons": ["current_change"]}
POWER_MONITOR_RECORD {"timestamp_pacific": "2026-08-04T16:19:47.944-07:00", "status": "ok", "reasons": ["current_change"]}
POWER_MONITOR_RECORD {"timestamp_pacific": "2026-08-04T16:20:06.050-07:00", "status": "ok", "reasons": ["current_change"]}
POWER_MONITOR_RECORD {"timestamp_pacific": "2026-08-04T16:20:20.133-07:00", "status": "ok", "reasons": ["current_change"]}
POWER_MONITOR_RECORD {"timestamp_pacific": "2026-08-04T16:20:30.192-07:00", "status": "ok", "reasons": ["current_change"]}
POWER_MONITOR_RECORD {"timestamp_pacific": "2026-08-04T16:20:31.199-07:00", "status": "ok", "reasons": ["current_change"]}
POWER_MONITOR_RECORD {"timestamp_pacific": "2026-08-04T16:20:33.211-07:00", "status": "ok", "reasons": ["current_change"]}
POWER_MONITOR_RECORD {"timestamp_pacific": "2026-08-04T16:20:34.218-07:00", "status": "ok", "reasons": ["current_change"]}
POWER_MONITOR_RECORD {"timestamp_pacific": "2026-08-04T16:20:36.230-07:00", "status": "ok", "reasons": ["current_change"]}
POWER_MONITOR_RECORD {"timestamp_pacific": "2026-08-04T16:20:37.237-07:00", "status": "ok", "reasons": ["current_change"]}
POWER_MONITOR_RECORD {"timestamp_pacific": "2026-08-04T16:20:42.267-07:00", "status": "ok", "reasons": ["current_change"]}
POWER_MONITOR_RECORD {"timestamp_pacific": "2026-08-04T16:20:50.314-07:00", "status": "ok", "reasons": ["current_change"]}
POWER_MONITOR_RECORD {"timestamp_pacific": "2026-08-04T16:20:52.327-07:00", "status": "ok", "reasons": ["current_change"]}
POWER_MONITOR_RECORD {"timestamp_pacific": "2026-08-04T16:20:58.363-07:00", "status": "ok", "reasons": ["current_change"]}
POWER_MONITOR_RECORD {"timestamp_pacific": "2026-08-04T16:21:02.387-07:00", "status": "ok", "reasons": ["current_change"]}
POWER_MONITOR_RECORD {"timestamp_pacific": "2026-08-04T16:21:03.393-07:00", "status": "ok", "reasons": ["current_change"]}
POWER_MONITOR_RECORD {"timestamp_pacific": "2026-08-04T16:21:06.418-07:00", "status": "ok", "reasons": ["current_change"]}
POWER_MONITOR_RECORD {"timestamp_pacific": "2026-08-04T16:21:07.424-07:00", "status": "ok", "reasons": ["current_change"]}
POWER_MONITOR_RECORD {"timestamp_pacific": "2026-08-04T16:21:11.448-07:00", "status": "ok", "reasons": ["current_change"]}
POWER_MONITOR_RECORD {"timestamp_pacific": "2026-08-04T16:21:16.478-07:00", "status": "ok", "reasons": ["current_change"]}
POWER_MONITOR_RECORD {"timestamp_pacific": "2026-08-04T16:21:17.486-07:00", "status": "ok", "reasons": ["current_change"]}
POWER_MONITOR_RECORD {"timestamp_pacific": "2026-08-04T16:21:31.568-07:00", "status": "ok", "reasons": ["current_change"]}
POWER_MONITOR_RECORD {"timestamp_pacific": "2026-08-04T16:21:55.692-07:00", "status": "ok", "reasons": ["current_change"]}
POWER_MONITOR_RECORD {"timestamp_pacific": "2026-08-04T16:22:17.821-07:00", "status": "ok", "reasons": ["current_change"]}
POWER_MONITOR_RECORD {"timestamp_pacific": "2026-08-04T16:22:19.833-07:00", "status": "ok", "reasons": ["current_change"]}
POWER_MONITOR_RECORD {"timestamp_pacific": "2026-08-04T16:22:24.863-07:00", "status": "ok", "reasons": ["current_change"]}
POWER_MONITOR_RECORD {"timestamp_pacific": "2026-08-04T16:22:27.881-07:00", "status": "ok", "reasons": ["current_change"]}
POWER_MONITOR_RECORD {"timestamp_pacific": "2026-08-04T16:22:31.906-07:00", "status": "ok", "reasons": ["current_change"]}
POWER_MONITOR_RECORD {"timestamp_pacific": "2026-08-04T16:23:02.080-07:00", "status": "ok", "reasons": ["current_change"]}
POWER_MONITOR_RECORD {"timestamp_pacific": "2026-08-04T16:23:08.116-07:00", "status": "ok", "reasons": ["current_change"]}
POWER_MONITOR_RECORD {"timestamp_pacific": "2026-08-04T16:23:10.128-07:00", "status": "ok", "reasons": ["current_change"]}
POWER_MONITOR_RECORD {"timestamp_pacific": "2026-08-04T16:23:29.240-07:00", "status": "ok", "reasons": ["current_change"]}
POWER_MONITOR_RECORD {"timestamp_pacific": "2026-08-04T16:24:09.474-07:00", "status": "ok", "reasons": ["current_change"]}
POWER_MONITOR_RECORD {"timestamp_pacific": "2026-08-04T16:24:10.481-07:00", "status": "ok", "reasons": ["current_change"]}
POWER_MONITOR_RECORD {"timestamp_pacific": "2026-08-04T16:24:29.594-07:00", "status": "ok", "reasons": ["current_change"]}
POWER_MONITOR_RECORD {"timestamp_pacific": "2026-08-04T16:24:48.689-07:00", "status": "ok", "reasons": ["current_change"]}
POWER_MONITOR_RECORD {"timestamp_pacific": "2026-08-04T16:24:51.707-07:00", "status": "ok", "reasons": ["current_change"]}
POWER_MONITOR_RECORD {"timestamp_pacific": "2026-08-04T16:25:01.767-07:00", "status": "ok", "reasons": ["current_change"]}
POWER_MONITOR_RECORD {"timestamp_pacific": "2026-08-04T16:25:02.773-07:00", "status": "ok", "reasons": ["current_change"]}
POWER_MONITOR_RECORD {"timestamp_pacific": "2026-08-04T16:25:07.803-07:00", "status": "ok", "reasons": ["current_change"]}
POWER_MONITOR_RECORD {"timestamp_pacific": "2026-08-04T16:25:10.822-07:00", "status": "ok", "reasons": ["current_change"]}
POWER_MONITOR_RECORD {"timestamp_pacific": "2026-08-04T16:25:25.910-07:00", "status": "ok", "reasons": ["current_change"]}
POWER_MONITOR_RECORD {"timestamp_pacific": "2026-08-04T16:25:28.928-07:00", "status": "ok", "reasons": ["current_change"]}
POWER_MONITOR_RECORD {"timestamp_pacific": "2026-08-04T16:25:34.964-07:00", "status": "ok", "reasons": ["current_change"]}
POWER_MONITOR_RECORD {"timestamp_pacific": "2026-08-04T16:25:37.978-07:00", "status": "ok", "reasons": ["current_change"]}
POWER_MONITOR_RECORD {"timestamp_pacific": "2026-08-04T16:25:39.983-07:00", "status": "ok", "reasons": ["current_change"]}
POWER_MONITOR_RECORD {"timestamp_pacific": "2026-08-04T16:26:01.098-07:00", "status": "ok", "reasons": ["current_change"]}
POWER_MONITOR_RECORD {"timestamp_pacific": "2026-08-04T16:26:03.110-07:00", "status": "ok", "reasons": ["current_change"]}
POWER_MONITOR_RECORD {"timestamp_pacific": "2026-08-04T16:27:03.461-07:00", "status": "ok", "reasons": ["heartbeat"]}
POWER_MONITOR_RECORD {"timestamp_pacific": "2026-08-04T16:27:05.474-07:00", "status": "ok", "reasons": ["current_change"]}
POWER_MONITOR_RECORD {"timestamp_pacific": "2026-08-04T16:27:09.498-07:00", "status": "ok", "reasons": ["current_change"]}
POWER_MONITOR_RECORD {"timestamp_pacific": "2026-08-04T16:27:41.686-07:00", "status": "ok", "reasons": ["current_change"]}
POWER_MONITOR_RECORD {"timestamp_pacific": "2026-08-04T16:27:45.710-07:00", "status": "ok", "reasons": ["current_change"]}
POWER_MONITOR_RECORD {"timestamp_pacific": "2026-08-04T16:27:47.722-07:00", "status": "ok", "reasons": ["current_change"]}
POWER_MONITOR_RECORD {"timestamp_pacific": "2026-08-04T16:27:49.735-07:00", "status": "ok", "reasons": ["current_change"]}
POWER_MONITOR_RECORD {"timestamp_pacific": "2026-08-04T16:27:54.765-07:00", "status": "ok", "reasons": ["current_change"]}
POWER_MONITOR_RECORD {"timestamp_pacific": "2026-08-04T16:27:58.789-07:00", "status": "ok", "reasons": ["current_change"]}
POWER_MONITOR_RECORD {"timestamp_pacific": "2026-08-04T16:28:00.802-07:00", "status": "ok", "reasons": ["current_change"]}
POWER_MONITOR_RECORD {"timestamp_pacific": "2026-08-04T16:28:01.808-07:00", "status": "ok", "reasons": ["current_change"]}
POWER_MONITOR_RECORD {"timestamp_pacific": "2026-08-04T16:28:12.873-07:00", "status": "ok", "reasons": ["current_change"]}
POWER_MONITOR_RECORD {"timestamp_pacific": "2026-08-04T16:28:16.897-07:00", "status": "ok", "reasons": ["current_change"]}
POWER_MONITOR_RECORD {"timestamp_pacific": "2026-08-04T16:28:25.950-07:00", "status": "ok", "reasons": ["current_change"]}
POWER_MONITOR_RECORD {"timestamp_pacific": "2026-08-04T16:28:48.063-07:00", "status": "ok", "reasons": ["current_change"]}
POWER_MONITOR_RECORD {"timestamp_pacific": "2026-08-04T16:28:49.069-07:00", "status": "ok", "reasons": ["current_change"]}
POWER_MONITOR_RECORD {"timestamp_pacific": "2026-08-04T16:28:54.099-07:00", "status": "ok", "reasons": ["current_change"]}
POWER_MONITOR_RECORD {"timestamp_pacific": "2026-08-04T16:29:04.158-07:00", "status": "ok", "reasons": ["current_change"]}
POWER_MONITOR_RECORD {"timestamp_pacific": "2026-08-04T16:29:07.176-07:00", "status": "ok", "reasons": ["current_change"]}
POWER_MONITOR_RECORD {"timestamp_pacific": "2026-08-04T16:29:16.232-07:00", "status": "ok", "reasons": ["current_change"]}
POWER_MONITOR_RECORD {"timestamp_pacific": "2026-08-04T16:29:17.239-07:00", "status": "ok", "reasons": ["current_change"]}
POWER_MONITOR_RECORD {"timestamp_pacific": "2026-08-04T16:29:22.269-07:00", "status": "ok", "reasons": ["current_change"]}
POWER_MONITOR_RECORD {"timestamp_pacific": "2026-08-04T16:29:23.276-07:00", "status": "ok", "reasons": ["current_change"]}
POWER_MONITOR_RECORD {"timestamp_pacific": "2026-08-04T16:29:25.288-07:00", "status": "ok", "reasons": ["current_change"]}
POWER_MONITOR_RECORD {"timestamp_pacific": "2026-08-04T16:29:31.324-07:00", "status": "ok", "reasons": ["current_change"]}
POWER_MONITOR_RECORD {"timestamp_pacific": "2026-08-04T16:29:41.383-07:00", "status": "ok", "reasons": ["current_change"]}
POWER_MONITOR_RECORD {"timestamp_pacific": "2026-08-04T16:29:43.396-07:00", "status": "ok", "reasons": ["current_change"]}
POWER_MONITOR_RECORD {"timestamp_pacific": "2026-08-04T16:30:00.495-07:00", "status": "ok", "reasons": ["current_change"]}
POWER_MONITOR_RECORD {"timestamp_pacific": "2026-08-04T16:30:01.502-07:00", "status": "ok", "reasons": ["current_change"]}
POWER_MONITOR_RECORD {"timestamp_pacific": "2026-08-04T16:30:04.520-07:00", "status": "ok", "reasons": ["current_change"]}
POWER_MONITOR_RECORD {"timestamp_pacific": "2026-08-04T16:30:06.533-07:00", "status": "ok", "reasons": ["current_change"]}
POWER_MONITOR_RECORD {"timestamp_pacific": "2026-08-04T16:30:10.557-07:00", "status": "ok", "reasons": ["current_change"]}
POWER_MONITOR_RECORD {"timestamp_pacific": "2026-08-04T16:30:11.565-07:00", "status": "ok", "reasons": ["current_change"]}
POWER_MONITOR_RECORD {"timestamp_pacific": "2026-08-04T16:30:44.724-07:00", "status": "ok", "reasons": ["current_change"]}
POWER_MONITOR_RECORD {"timestamp_pacific": "2026-08-04T16:30:45.730-07:00", "status": "ok", "reasons": ["current_change"]}
POWER_MONITOR_RECORD {"timestamp_pacific": "2026-08-04T16:30:46.737-07:00", "status": "ok", "reasons": ["current_change"]}
POWER_MONITOR_RECORD {"timestamp_pacific": "2026-08-04T16:30:47.744-07:00", "status": "ok", "reasons": ["current_change"]}
POWER_MONITOR_RECORD {"timestamp_pacific": "2026-08-04T16:31:00.820-07:00", "status": "ok", "reasons": ["current_change"]}
POWER_MONITOR_RECORD {"timestamp_pacific": "2026-08-04T16:31:02.832-07:00", "status": "ok", "reasons": ["current_change"]}
POWER_MONITOR_RECORD {"timestamp_pacific": "2026-08-04T16:31:06.856-07:00", "status": "ok", "reasons": ["current_change"]}
POWER_MONITOR_RECORD {"timestamp_pacific": "2026-08-04T16:31:07.863-07:00", "status": "ok", "reasons": ["current_change"]}
POWER_MONITOR_RECORD {"timestamp_pacific": "2026-08-04T16:31:16.916-07:00", "status": "ok", "reasons": ["current_change"]}
POWER_MONITOR_RECORD {"timestamp_pacific": "2026-08-04T16:31:24.963-07:00", "status": "ok", "reasons": ["current_change"]}
POWER_MONITOR_RECORD {"timestamp_pacific": "2026-08-04T16:31:34.016-07:00", "status": "ok", "reasons": ["current_change"]}
POWER_MONITOR_RECORD {"timestamp_pacific": "2026-08-04T16:32:24.291-07:00", "status": "ok", "reasons": ["current_change"]}
POWER_MONITOR_RECORD {"timestamp_pacific": "2026-08-04T16:32:25.298-07:00", "status": "ok", "reasons": ["current_change"]}
POWER_MONITOR_RECORD {"timestamp_pacific": "2026-08-04T16:32:27.310-07:00", "status": "ok", "reasons": ["current_change"]}
POWER_MONITOR_RECORD {"timestamp_pacific": "2026-08-04T16:32:28.316-07:00", "status": "ok", "reasons": ["current_change"]}
POWER_MONITOR_RECORD {"timestamp_pacific": "2026-08-04T16:32:34.352-07:00", "status": "ok", "reasons": ["current_change"]}
POWER_MONITOR_RECORD {"timestamp_pacific": "2026-08-04T16:32:35.359-07:00", "status": "ok", "reasons": ["current_change"]}
POWER_MONITOR_RECORD {"timestamp_pacific": "2026-08-04T16:32:42.385-07:00", "status": "ok", "reasons": ["current_change"]}
POWER_MONITOR_RECORD {"timestamp_pacific": "2026-08-04T16:33:02.502-07:00", "status": "ok", "reasons": ["current_change"]}
POWER_MONITOR_RECORD {"timestamp_pacific": "2026-08-04T16:33:03.509-07:00", "status": "ok", "reasons": ["current_change"]}
POWER_MONITOR_RECORD {"timestamp_pacific": "2026-08-04T16:33:04.515-07:00", "status": "ok", "reasons": ["current_change"]}
POWER_MONITOR_RECORD {"timestamp_pacific": "2026-08-04T16:33:15.580-07:00", "status": "ok", "reasons": ["current_change"]}
POWER_MONITOR_RECORD {"timestamp_pacific": "2026-08-04T16:33:19.604-07:00", "status": "ok", "reasons": ["current_change"]}
POWER_MONITOR_RECORD {"timestamp_pacific": "2026-08-04T16:33:22.622-07:00", "status": "ok", "reasons": ["current_change"]}
POWER_MONITOR_RECORD {"timestamp_pacific": "2026-08-04T16:33:26.646-07:00", "status": "ok", "reasons": ["current_change"]}
POWER_MONITOR_RECORD {"timestamp_pacific": "2026-08-04T16:33:28.659-07:00", "status": "ok", "reasons": ["current_change"]}
POWER_MONITOR_RECORD {"timestamp_pacific": "2026-08-04T16:33:44.753-07:00", "status": "ok", "reasons": ["current_change"]}
POWER_MONITOR_RECORD {"timestamp_pacific": "2026-08-04T16:34:04.870-07:00", "status": "ok", "reasons": ["current_change"]}
POWER_MONITOR_RECORD {"timestamp_pacific": "2026-08-04T16:34:07.889-07:00", "status": "ok", "reasons": ["current_change"]}
POWER_MONITOR_RECORD {"timestamp_pacific": "2026-08-04T16:34:16.942-07:00", "status": "ok", "reasons": ["current_change"]}
POWER_MONITOR_RECORD {"timestamp_pacific": "2026-08-04T16:34:19.960-07:00", "status": "ok", "reasons": ["current_change"]}
POWER_MONITOR_RECORD {"timestamp_pacific": "2026-08-04T16:34:21.973-07:00", "status": "ok", "reasons": ["current_change"]}
POWER_MONITOR_RECORD {"timestamp_pacific": "2026-08-04T16:34:29.014-07:00", "status": "ok", "reasons": ["current_change"]}
POWER_MONITOR_RECORD {"timestamp_pacific": "2026-08-04T16:34:30.021-07:00", "status": "ok", "reasons": ["current_change"]}
POWER_MONITOR_RECORD {"timestamp_pacific": "2026-08-04T16:34:37.062-07:00", "status": "ok", "reasons": ["current_change"]}
POWER_MONITOR_RECORD {"timestamp_pacific": "2026-08-04T16:34:40.081-07:00", "status": "ok", "reasons": ["current_change"]}
POWER_MONITOR_RECORD {"timestamp_pacific": "2026-08-04T16:34:42.093-07:00", "status": "ok", "reasons": ["current_change"]}
POWER_MONITOR_RECORD {"timestamp_pacific": "2026-08-04T16:34:57.171-07:00", "status": "ok", "reasons": ["current_change"]}
POWER_MONITOR_RECORD {"timestamp_pacific": "2026-08-04T16:34:58.173-07:00", "status": "ok", "reasons": ["current_change"]}
POWER_MONITOR_RECORD {"timestamp_pacific": "2026-08-04T16:35:00.182-07:00", "status": "ok", "reasons": ["current_change"]}
POWER_MONITOR_RECORD {"timestamp_pacific": "2026-08-04T16:36:00.515-07:00", "status": "ok", "reasons": ["heartbeat"]}
POWER_MONITOR_RECORD {"timestamp_pacific": "2026-08-04T16:37:00.848-07:00", "status": "ok", "reasons": ["heartbeat"]}
POWER_MONITOR_RECORD {"timestamp_pacific": "2026-08-04T16:37:18.955-07:00", "status": "ok", "reasons": ["current_change"]}
POWER_MONITOR_RECORD {"timestamp_pacific": "2026-08-04T16:37:19.962-07:00", "status": "ok", "reasons": ["current_change"]}
POWER_MONITOR_RECORD {"timestamp_pacific": "2026-08-04T16:37:23.986-07:00", "status": "ok", "reasons": ["current_change"]}
POWER_MONITOR_RECORD {"timestamp_pacific": "2026-08-04T16:37:24.993-07:00", "status": "ok", "reasons": ["current_change"]}
POWER_MONITOR_RECORD {"timestamp_pacific": "2026-08-04T16:37:30.023-07:00", "status": "ok", "reasons": ["current_change"]}
POWER_MONITOR_RECORD {"timestamp_pacific": "2026-08-04T16:37:31.030-07:00", "status": "ok", "reasons": ["current_change"]}
POWER_MONITOR_RECORD {"timestamp_pacific": "2026-08-04T16:38:31.363-07:00", "status": "ok", "reasons": ["heartbeat"]}
POWER_MONITOR_RECORD {"timestamp_pacific": "2026-08-04T16:39:04.556-07:00", "status": "ok", "reasons": ["current_change"]}
POWER_MONITOR_RECORD {"timestamp_pacific": "2026-08-04T16:39:07.574-07:00", "status": "ok", "reasons": ["current_change"]}
POWER_MONITOR_RECORD {"timestamp_pacific": "2026-08-04T16:40:07.924-07:00", "status": "ok", "reasons": ["heartbeat"]}
POWER_MONITOR_RECORD {"timestamp_pacific": "2026-08-04T16:40:45.123-07:00", "status": "ok", "reasons": ["current_change"]}
POWER_MONITOR_RECORD {"timestamp_pacific": "2026-08-04T16:40:50.155-07:00", "status": "ok", "reasons": ["current_change"]}
POWER_MONITOR_RECORD {"timestamp_pacific": "2026-08-04T16:41:10.272-07:00", "status": "ok", "reasons": ["current_change"]}
POWER_MONITOR_RECORD {"timestamp_pacific": "2026-08-04T16:41:16.308-07:00", "status": "ok", "reasons": ["current_change"]}
POWER_MONITOR_RECORD {"timestamp_pacific": "2026-08-04T16:41:39.436-07:00", "status": "ok", "reasons": ["current_change"]}
POWER_MONITOR_RECORD {"timestamp_pacific": "2026-08-04T16:41:41.441-07:00", "status": "ok", "reasons": ["current_change"]}
POWER_MONITOR_RECORD {"timestamp_pacific": "2026-08-04T16:42:08.595-07:00", "status": "ok", "reasons": ["current_change"]}
POWER_MONITOR_RECORD {"timestamp_pacific": "2026-08-04T16:42:13.625-07:00", "status": "ok", "reasons": ["current_change"]}
POWER_MONITOR_RECORD {"timestamp_pacific": "2026-08-04T16:42:20.668-07:00", "status": "ok", "reasons": ["current_change"]}
POWER_MONITOR_RECORD {"timestamp_pacific": "2026-08-04T16:42:21.674-07:00", "status": "ok", "reasons": ["current_change"]}
POWER_MONITOR_RECORD {"timestamp_pacific": "2026-08-04T16:42:22.681-07:00", "status": "ok", "reasons": ["current_change"]}
POWER_MONITOR_RECORD {"timestamp_pacific": "2026-08-04T16:42:26.705-07:00", "status": "ok", "reasons": ["current_change"]}
POWER_MONITOR_RECORD {"timestamp_pacific": "2026-08-04T16:42:41.793-07:00", "status": "ok", "reasons": ["current_change"]}
POWER_MONITOR_RECORD {"timestamp_pacific": "2026-08-04T16:42:42.800-07:00", "status": "ok", "reasons": ["current_change"]}
POWER_MONITOR_RECORD {"timestamp_pacific": "2026-08-04T16:42:52.858-07:00", "status": "ok", "reasons": ["current_change"]}
POWER_MONITOR_RECORD {"timestamp_pacific": "2026-08-04T16:42:54.871-07:00", "status": "ok", "reasons": ["current_change"]}
POWER_MONITOR_RECORD {"timestamp_pacific": "2026-08-04T16:43:02.918-07:00", "status": "ok", "reasons": ["current_change"]}
POWER_MONITOR_RECORD {"timestamp_pacific": "2026-08-04T16:43:03.925-07:00", "status": "ok", "reasons": ["current_change"]}
POWER_MONITOR_RECORD {"timestamp_pacific": "2026-08-04T16:43:22.030-07:00", "status": "ok", "reasons": ["current_change"]}
POWER_MONITOR_RECORD {"timestamp_pacific": "2026-08-04T16:44:20.351-07:00", "status": "ok", "reasons": ["current_change"]}
POWER_MONITOR_RECORD {"timestamp_pacific": "2026-08-04T16:44:24.375-07:00", "status": "ok", "reasons": ["current_change"]}
POWER_MONITOR_RECORD {"timestamp_pacific": "2026-08-04T16:44:25.382-07:00", "status": "ok", "reasons": ["current_change"]}
POWER_MONITOR_RECORD {"timestamp_pacific": "2026-08-04T16:44:36.460-07:00", "status": "ok", "reasons": ["current_change"]}
POWER_MONITOR_RECORD {"timestamp_pacific": "2026-08-04T16:44:50.525-07:00", "status": "ok", "reasons": ["current_change"]}
POWER_MONITOR_RECORD {"timestamp_pacific": "2026-08-04T16:44:52.537-07:00", "status": "ok", "reasons": ["current_change"]}
POWER_MONITOR_RECORD {"timestamp_pacific": "2026-08-04T16:45:25.731-07:00", "status": "ok", "reasons": ["current_change"]}
POWER_MONITOR_RECORD {"timestamp_pacific": "2026-08-04T16:45:30.760-07:00", "status": "ok", "reasons": ["current_change"]}
POWER_MONITOR_RECORD {"timestamp_pacific": "2026-08-04T16:45:32.773-07:00", "status": "ok", "reasons": ["current_change"]}
POWER_MONITOR_RECORD {"timestamp_pacific": "2026-08-04T16:45:38.809-07:00", "status": "ok", "reasons": ["current_change"]}
POWER_MONITOR_RECORD {"timestamp_pacific": "2026-08-04T16:45:45.851-07:00", "status": "ok", "reasons": ["current_change"]}
POWER_MONITOR_RECORD {"timestamp_pacific": "2026-08-04T16:45:49.874-07:00", "status": "ok", "reasons": ["current_change"]}
POWER_MONITOR_RECORD {"timestamp_pacific": "2026-08-04T16:45:53.899-07:00", "status": "ok", "reasons": ["current_change"]}
POWER_MONITOR_RECORD {"timestamp_pacific": "2026-08-04T16:46:00.940-07:00", "status": "ok", "reasons": ["current_change"]}
POWER_MONITOR_RECORD {"timestamp_pacific": "2026-08-04T16:46:15.023-07:00", "status": "ok", "reasons": ["current_change"]}
POWER_MONITOR_RECORD {"timestamp_pacific": "2026-08-04T16:46:29.105-07:00", "status": "ok", "reasons": ["current_change"]}
POWER_MONITOR_RECORD {"timestamp_pacific": "2026-08-04T16:46:40.160-07:00", "status": "ok", "reasons": ["current_change"]}
POWER_MONITOR_RECORD {"timestamp_pacific": "2026-08-04T16:46:42.165-07:00", "status": "ok", "reasons": ["current_change"]}
POWER_MONITOR_RECORD {"timestamp_pacific": "2026-08-04T16:46:44.177-07:00", "status": "ok", "reasons": ["current_change"]}
POWER_MONITOR_RECORD {"timestamp_pacific": "2026-08-04T16:47:18.376-07:00", "status": "ok", "reasons": ["current_change"]}
POWER_MONITOR_RECORD {"timestamp_pacific": "2026-08-04T16:47:19.383-07:00", "status": "ok", "reasons": ["current_change"]}
POWER_MONITOR_RECORD {"timestamp_pacific": "2026-08-04T16:47:47.529-07:00", "status": "ok", "reasons": ["current_change"]}
POWER_MONITOR_RECORD {"timestamp_pacific": "2026-08-04T16:47:48.536-07:00", "status": "ok", "reasons": ["current_change"]}
POWER_MONITOR_RECORD {"timestamp_pacific": "2026-08-04T16:47:51.554-07:00", "status": "ok", "reasons": ["current_change"]}
POWER_MONITOR_RECORD {"timestamp_pacific": "2026-08-04T16:47:55.578-07:00", "status": "ok", "reasons": ["current_change"]}
POWER_MONITOR_RECORD {"timestamp_pacific": "2026-08-04T16:47:57.590-07:00", "status": "ok", "reasons": ["current_change"]}
POWER_MONITOR_RECORD {"timestamp_pacific": "2026-08-04T16:47:59.603-07:00", "status": "ok", "reasons": ["current_change"]}
POWER_MONITOR_RECORD {"timestamp_pacific": "2026-08-04T16:48:01.615-07:00", "status": "ok", "reasons": ["current_change"]}
POWER_MONITOR_RECORD {"timestamp_pacific": "2026-08-04T16:48:03.628-07:00", "status": "ok", "reasons": ["current_change"]}
POWER_MONITOR_RECORD {"timestamp_pacific": "2026-08-04T16:48:35.814-07:00", "status": "ok", "reasons": ["current_change"]}
POWER_MONITOR_RECORD {"timestamp_pacific": "2026-08-04T16:48:36.821-07:00", "status": "ok", "reasons": ["current_change"]}
POWER_MONITOR_RECORD {"timestamp_pacific": "2026-08-04T16:48:41.851-07:00", "status": "ok", "reasons": ["current_change"]}
POWER_MONITOR_RECORD {"timestamp_pacific": "2026-08-04T16:48:46.884-07:00", "status": "ok", "reasons": ["current_change"]}
POWER_MONITOR_RECORD {"timestamp_pacific": "2026-08-04T16:48:55.937-07:00", "status": "ok", "reasons": ["current_change"]}
POWER_MONITOR_RECORD {"timestamp_pacific": "2026-08-04T16:48:57.950-07:00", "status": "ok", "reasons": ["current_change"]}
POWER_MONITOR_RECORD {"timestamp_pacific": "2026-08-04T16:49:13.038-07:00", "status": "ok", "reasons": ["current_change"]}
POWER_MONITOR_RECORD {"timestamp_pacific": "2026-08-04T16:49:18.067-07:00", "status": "ok", "reasons": ["current_change"]}
POWER_MONITOR_RECORD {"timestamp_pacific": "2026-08-04T16:49:23.100-07:00", "status": "ok", "reasons": ["current_change"]}
POWER_MONITOR_RECORD {"timestamp_pacific": "2026-08-04T16:49:24.110-07:00", "status": "ok", "reasons": ["current_change"]}
POWER_MONITOR_RECORD {"timestamp_pacific": "2026-08-04T16:49:25.117-07:00", "status": "ok", "reasons": ["current_change"]}
POWER_MONITOR_RECORD {"timestamp_pacific": "2026-08-04T16:49:50.263-07:00", "status": "ok", "reasons": ["current_change"]}
POWER_MONITOR_RECORD {"timestamp_pacific": "2026-08-04T16:49:51.270-07:00", "status": "ok", "reasons": ["current_change"]}
POWER_MONITOR_RECORD {"timestamp_pacific": "2026-08-04T16:49:57.305-07:00", "status": "ok", "reasons": ["current_change"]}
POWER_MONITOR_RECORD {"timestamp_pacific": "2026-08-04T16:49:58.312-07:00", "status": "ok", "reasons": ["current_change"]}
POWER_MONITOR_RECORD {"timestamp_pacific": "2026-08-04T16:50:26.476-07:00", "status": "ok", "reasons": ["current_change"]}
POWER_MONITOR_RECORD {"timestamp_pacific": "2026-08-04T16:50:35.529-07:00", "status": "ok", "reasons": ["current_change"]}
POWER_MONITOR_RECORD {"timestamp_pacific": "2026-08-04T16:51:35.861-07:00", "status": "ok", "reasons": ["heartbeat"]}
POWER_MONITOR_RECORD {"timestamp_pacific": "2026-08-04T16:52:35.189-07:00", "status": "ok", "reasons": ["current_change"]}
POWER_MONITOR_RECORD {"timestamp_pacific": "2026-08-04T16:52:37.201-07:00", "status": "ok", "reasons": ["current_change"]}
POWER_MONITOR_RECORD {"timestamp_pacific": "2026-08-04T16:53:23.453-07:00", "status": "ok", "reasons": ["current_change"]}
POWER_MONITOR_RECORD {"timestamp_pacific": "2026-08-04T16:53:29.488-07:00", "status": "ok", "reasons": ["current_change"]}
POWER_MONITOR_RECORD {"timestamp_pacific": "2026-08-04T16:53:39.547-07:00", "status": "ok", "reasons": ["current_change"]}
POWER_MONITOR_RECORD {"timestamp_pacific": "2026-08-04T16:53:51.618-07:00", "status": "ok", "reasons": ["current_change"]}
POWER_MONITOR_RECORD {"timestamp_pacific": "2026-08-04T16:53:52.624-07:00", "status": "ok", "reasons": ["current_change"]}
POWER_MONITOR_RECORD {"timestamp_pacific": "2026-08-04T16:54:00.671-07:00", "status": "ok", "reasons": ["current_change"]}
POWER_MONITOR_RECORD {"timestamp_pacific": "2026-08-04T16:54:03.690-07:00", "status": "ok", "reasons": ["current_change"]}
POWER_MONITOR_RECORD {"timestamp_pacific": "2026-08-04T16:54:09.725-07:00", "status": "ok", "reasons": ["current_change"]}
POWER_MONITOR_RECORD {"timestamp_pacific": "2026-08-04T16:54:20.790-07:00", "status": "ok", "reasons": ["current_change"]}
POWER_MONITOR_RECORD {"timestamp_pacific": "2026-08-04T16:54:23.808-07:00", "status": "ok", "reasons": ["current_change"]}
POWER_MONITOR_RECORD {"timestamp_pacific": "2026-08-04T16:54:44.915-07:00", "status": "ok", "reasons": ["current_change"]}
POWER_MONITOR_RECORD {"timestamp_pacific": "2026-08-04T16:55:28.167-07:00", "status": "ok", "reasons": ["current_change"]}
POWER_MONITOR_RECORD {"timestamp_pacific": "2026-08-04T16:55:31.185-07:00", "status": "ok", "reasons": ["current_change"]}
POWER_MONITOR_RECORD {"timestamp_pacific": "2026-08-04T16:55:41.230-07:00", "status": "ok", "reasons": ["current_change"]}
POWER_MONITOR_RECORD {"timestamp_pacific": "2026-08-04T16:55:43.239-07:00", "status": "ok", "reasons": ["current_change"]}
POWER_MONITOR_RECORD {"timestamp_pacific": "2026-08-04T16:55:45.251-07:00", "status": "ok", "reasons": ["current_change"]}
POWER_MONITOR_RECORD {"timestamp_pacific": "2026-08-04T16:55:55.310-07:00", "status": "ok", "reasons": ["current_change"]}
POWER_MONITOR_RECORD {"timestamp_pacific": "2026-08-04T16:56:08.386-07:00", "status": "ok", "reasons": ["current_change"]}
POWER_MONITOR_RECORD {"timestamp_pacific": "2026-08-04T16:56:17.440-07:00", "status": "ok", "reasons": ["current_change"]}
POWER_MONITOR_RECORD {"timestamp_pacific": "2026-08-04T16:56:18.446-07:00", "status": "ok", "reasons": ["current_change"]}
POWER_MONITOR_RECORD {"timestamp_pacific": "2026-08-04T16:56:21.465-07:00", "status": "ok", "reasons": ["current_change"]}
POWER_MONITOR_RECORD {"timestamp_pacific": "2026-08-04T16:56:24.483-07:00", "status": "ok", "reasons": ["current_change"]}
POWER_MONITOR_RECORD {"timestamp_pacific": "2026-08-04T16:56:25.489-07:00", "status": "ok", "reasons": ["current_change"]}
POWER_MONITOR_RECORD {"timestamp_pacific": "2026-08-04T16:56:42.589-07:00", "status": "ok", "reasons": ["current_change"]}
POWER_MONITOR_RECORD {"timestamp_pacific": "2026-08-04T16:56:48.624-07:00", "status": "ok", "reasons": ["current_change"]}
POWER_MONITOR_RECORD {"timestamp_pacific": "2026-08-04T16:56:49.631-07:00", "status": "ok", "reasons": ["current_change"]}
POWER_MONITOR_RECORD {"timestamp_pacific": "2026-08-04T16:57:00.695-07:00", "status": "ok", "reasons": ["current_change"]}
POWER_MONITOR_RECORD {"timestamp_pacific": "2026-08-04T16:57:03.714-07:00", "status": "ok", "reasons": ["current_change"]}
POWER_MONITOR_RECORD {"timestamp_pacific": "2026-08-04T16:57:27.854-07:00", "status": "ok", "reasons": ["current_change"]}
POWER_MONITOR_RECORD {"timestamp_pacific": "2026-08-04T16:57:28.861-07:00", "status": "ok", "reasons": ["current_change"]}
POWER_MONITOR_RECORD {"timestamp_pacific": "2026-08-04T16:57:33.890-07:00", "status": "ok", "reasons": ["current_change"]}
POWER_MONITOR_RECORD {"timestamp_pacific": "2026-08-04T16:57:35.903-07:00", "status": "ok", "reasons": ["current_change"]}
POWER_MONITOR_RECORD {"timestamp_pacific": "2026-08-04T16:57:56.007-07:00", "status": "ok", "reasons": ["current_change"]}
POWER_MONITOR_RECORD {"timestamp_pacific": "2026-08-04T16:57:57.013-07:00", "status": "ok", "reasons": ["current_change"]}
POWER_MONITOR_RECORD {"timestamp_pacific": "2026-08-04T16:58:00.031-07:00", "status": "ok", "reasons": ["current_change"]}
POWER_MONITOR_RECORD {"timestamp_pacific": "2026-08-04T16:58:16.125-07:00", "status": "ok", "reasons": ["current_change"]}
POWER_MONITOR_RECORD {"timestamp_pacific": "2026-08-04T16:58:17.132-07:00", "status": "ok", "reasons": ["current_change"]}
POWER_MONITOR_RECORD {"timestamp_pacific": "2026-08-04T16:58:28.197-07:00", "status": "ok", "reasons": ["current_change"]}
POWER_MONITOR_RECORD {"timestamp_pacific": "2026-08-04T16:58:29.203-07:00", "status": "ok", "reasons": ["current_change"]}
POWER_MONITOR_RECORD {"timestamp_pacific": "2026-08-04T16:58:49.320-07:00", "status": "ok", "reasons": ["current_change"]}
POWER_MONITOR_RECORD {"timestamp_pacific": "2026-08-04T16:58:57.368-07:00", "status": "ok", "reasons": ["current_change"]}
POWER_MONITOR_RECORD {"timestamp_pacific": "2026-08-04T16:59:05.415-07:00", "status": "ok", "reasons": ["current_change"]}
POWER_MONITOR_RECORD {"timestamp_pacific": "2026-08-04T16:59:12.457-07:00", "status": "ok", "reasons": ["current_change"]}
POWER_MONITOR_RECORD {"timestamp_pacific": "2026-08-04T16:59:13.463-07:00", "status": "ok", "reasons": ["current_change"]}
POWER_MONITOR_RECORD {"timestamp_pacific": "2026-08-04T16:59:14.470-07:00", "status": "ok", "reasons": ["current_change"]}
POWER_MONITOR_RECORD {"timestamp_pacific": "2026-08-04T16:59:17.488-07:00", "status": "ok", "reasons": ["current_change"]}
POWER_MONITOR_RECORD {"timestamp_pacific": "2026-08-04T16:59:18.495-07:00", "status": "ok", "reasons": ["current_change"]}
POWER_MONITOR_RECORD {"timestamp_pacific": "2026-08-04T16:59:52.693-07:00", "status": "ok", "reasons": ["current_change"]}
POWER_MONITOR_RECORD {"timestamp_pacific": "2026-08-04T16:59:53.700-07:00", "status": "ok", "reasons": ["current_change"]}
POWER_MONITOR_RECORD {"timestamp_pacific": "2026-08-04T17:00:05.770-07:00", "status": "ok", "reasons": ["voltage_change"]}
POWER_MONITOR_RECORD {"timestamp_pacific": "2026-08-04T17:00:11.806-07:00", "status": "ok", "reasons": ["current_change"]}
POWER_MONITOR_RECORD {"timestamp_pacific": "2026-08-04T17:00:15.830-07:00", "status": "ok", "reasons": ["current_change"]}
POWER_MONITOR_RECORD {"timestamp_pacific": "2026-08-04T17:00:18.848-07:00", "status": "ok", "reasons": ["current_change"]}
POWER_MONITOR_RECORD {"timestamp_pacific": "2026-08-04T17:00:20.861-07:00", "status": "ok", "reasons": ["current_change"]}
POWER_MONITOR_RECORD {"timestamp_pacific": "2026-08-04T17:00:21.867-07:00", "status": "ok", "reasons": ["current_change"]}
POWER_MONITOR_RECORD {"timestamp_pacific": "2026-08-04T17:00:22.874-07:00", "status": "ok", "reasons": ["current_change"]}
POWER_MONITOR_RECORD {"timestamp_pacific": "2026-08-04T17:00:24.886-07:00", "status": "ok", "reasons": ["current_change"]}
POWER_MONITOR_RECORD {"timestamp_pacific": "2026-08-04T17:00:25.893-07:00", "status": "ok", "reasons": ["current_change"]}
POWER_MONITOR_RECORD {"timestamp_pacific": "2026-08-04T17:00:30.922-07:00", "status": "ok", "reasons": ["current_change"]}
POWER_MONITOR_RECORD {"timestamp_pacific": "2026-08-04T17:00:31.929-07:00", "status": "ok", "reasons": ["current_change"]}
POWER_MONITOR_RECORD {"timestamp_pacific": "2026-08-04T17:00:34.947-07:00", "status": "ok", "reasons": ["current_change"]}
POWER_MONITOR_RECORD {"timestamp_pacific": "2026-08-04T17:00:38.964-07:00", "status": "ok", "reasons": ["current_change"]}
POWER_MONITOR_RECORD {"timestamp_pacific": "2026-08-04T17:00:48.007-07:00", "status": "ok", "reasons": ["current_change"]}
POWER_MONITOR_RECORD {"timestamp_pacific": "2026-08-04T17:00:49.013-07:00", "status": "ok", "reasons": ["current_change"]}
POWER_MONITOR_RECORD {"timestamp_pacific": "2026-08-04T17:00:50.020-07:00", "status": "ok", "reasons": ["current_change"]}
POWER_MONITOR_RECORD {"timestamp_pacific": "2026-08-04T17:00:51.027-07:00", "status": "ok", "reasons": ["current_change"]}
POWER_MONITOR_RECORD {"timestamp_pacific": "2026-08-04T17:00:52.033-07:00", "status": "ok", "reasons": ["current_change"]}
POWER_MONITOR_RECORD {"timestamp_pacific": "2026-08-04T17:00:54.046-07:00", "status": "ok", "reasons": ["voltage_change"]}
POWER_MONITOR_RECORD {"timestamp_pacific": "2026-08-04T17:00:57.064-07:00", "status": "ok", "reasons": ["current_change"]}
POWER_MONITOR_RECORD {"timestamp_pacific": "2026-08-04T17:00:58.070-07:00", "status": "ok", "reasons": ["current_change"]}
POWER_MONITOR_RECORD {"timestamp_pacific": "2026-08-04T17:01:13.157-07:00", "status": "ok", "reasons": ["current_change"]}
POWER_MONITOR_RECORD {"timestamp_pacific": "2026-08-04T17:01:14.164-07:00", "status": "ok", "reasons": ["current_change"]}
POWER_MONITOR_RECORD {"timestamp_pacific": "2026-08-04T17:01:17.182-07:00", "status": "ok", "reasons": ["current_change"]}
POWER_MONITOR_RECORD {"timestamp_pacific": "2026-08-04T17:01:18.190-07:00", "status": "ok", "reasons": ["current_change"]}
POWER_MONITOR_RECORD {"timestamp_pacific": "2026-08-04T17:01:20.203-07:00", "status": "ok", "reasons": ["current_change"]}
POWER_MONITOR_RECORD {"timestamp_pacific": "2026-08-04T17:01:21.209-07:00", "status": "ok", "reasons": ["current_change"]}
POWER_MONITOR_RECORD {"timestamp_pacific": "2026-08-04T17:01:28.251-07:00", "status": "ok", "reasons": ["current_change"]}
POWER_MONITOR_RECORD {"timestamp_pacific": "2026-08-04T17:01:48.351-07:00", "status": "ok", "reasons": ["current_change"]}
POWER_MONITOR_RECORD {"timestamp_pacific": "2026-08-04T17:01:49.357-07:00", "status": "ok", "reasons": ["current_change"]}
POWER_MONITOR_RECORD {"timestamp_pacific": "2026-08-04T17:01:54.389-07:00", "status": "ok", "reasons": ["current_change"]}
POWER_MONITOR_RECORD {"timestamp_pacific": "2026-08-04T17:01:55.395-07:00", "status": "ok", "reasons": ["current_change"]}
POWER_MONITOR_RECORD {"timestamp_pacific": "2026-08-04T17:02:06.460-07:00", "status": "ok", "reasons": ["current_change"]}
POWER_MONITOR_RECORD {"timestamp_pacific": "2026-08-04T17:02:08.472-07:00", "status": "ok", "reasons": ["current_change"]}
POWER_MONITOR_RECORD {"timestamp_pacific": "2026-08-04T17:02:10.485-07:00", "status": "ok", "reasons": ["current_change"]}
POWER_MONITOR_RECORD {"timestamp_pacific": "2026-08-04T17:02:11.491-07:00", "status": "ok", "reasons": ["current_change"]}
POWER_MONITOR_RECORD {"timestamp_pacific": "2026-08-04T17:02:14.509-07:00", "status": "ok", "reasons": ["current_change"]}
POWER_MONITOR_RECORD {"timestamp_pacific": "2026-08-04T17:02:17.528-07:00", "status": "ok", "reasons": ["current_change"]}
POWER_MONITOR_RECORD {"timestamp_pacific": "2026-08-04T17:02:22.559-07:00", "status": "ok", "reasons": ["current_change"]}
POWER_MONITOR_RECORD {"timestamp_pacific": "2026-08-04T17:02:26.583-07:00", "status": "ok", "reasons": ["current_change"]}
POWER_MONITOR_RECORD {"timestamp_pacific": "2026-08-04T17:02:27.591-07:00", "status": "ok", "reasons": ["current_change"]}
POWER_MONITOR_RECORD {"timestamp_pacific": "2026-08-04T17:02:32.621-07:00", "status": "ok", "reasons": ["current_change"]}
POWER_MONITOR_RECORD {"timestamp_pacific": "2026-08-04T17:02:33.629-07:00", "status": "ok", "reasons": ["current_change"]}
POWER_MONITOR_RECORD {"timestamp_pacific": "2026-08-04T17:02:34.635-07:00", "status": "ok", "reasons": ["current_change"]}
POWER_MONITOR_RECORD {"timestamp_pacific": "2026-08-04T17:02:35.642-07:00", "status": "ok", "reasons": ["current_change"]}
POWER_MONITOR_RECORD {"timestamp_pacific": "2026-08-04T17:02:36.648-07:00", "status": "ok", "reasons": ["current_change"]}
POWER_MONITOR_RECORD {"timestamp_pacific": "2026-08-04T17:02:41.678-07:00", "status": "ok", "reasons": ["current_change"]}
POWER_MONITOR_RECORD {"timestamp_pacific": "2026-08-04T17:02:44.697-07:00", "status": "ok", "reasons": ["current_change"]}
POWER_MONITOR_RECORD {"timestamp_pacific": "2026-08-04T17:02:58.779-07:00", "status": "ok", "reasons": ["current_change"]}
POWER_MONITOR_RECORD {"timestamp_pacific": "2026-08-04T17:02:59.786-07:00", "status": "ok", "reasons": ["current_change"]}
POWER_MONITOR_RECORD {"timestamp_pacific": "2026-08-04T17:03:00.792-07:00", "status": "ok", "reasons": ["current_change"]}
POWER_MONITOR_RECORD {"timestamp_pacific": "2026-08-04T17:03:01.799-07:00", "status": "ok", "reasons": ["current_change"]}
POWER_MONITOR_RECORD {"timestamp_pacific": "2026-08-04T17:03:13.869-07:00", "status": "ok", "reasons": ["voltage_change"]}
POWER_MONITOR_RECORD {"timestamp_pacific": "2026-08-04T17:03:30.969-07:00", "status": "ok", "reasons": ["current_change"]}
POWER_MONITOR_RECORD {"timestamp_pacific": "2026-08-04T17:03:31.976-07:00", "status": "ok", "reasons": ["current_change"]}
POWER_MONITOR_RECORD {"timestamp_pacific": "2026-08-04T17:03:58.127-07:00", "status": "ok", "reasons": ["current_change"]}
POWER_MONITOR_RECORD {"timestamp_pacific": "2026-08-04T17:04:01.145-07:00", "status": "ok", "reasons": ["current_change"]}
POWER_MONITOR_RECORD {"timestamp_pacific": "2026-08-04T17:04:04.164-07:00", "status": "ok", "reasons": ["current_change"]}
POWER_MONITOR_RECORD {"timestamp_pacific": "2026-08-04T17:04:05.170-07:00", "status": "ok", "reasons": ["current_change"]}
POWER_MONITOR_RECORD {"timestamp_pacific": "2026-08-04T17:04:08.190-07:00", "status": "ok", "reasons": ["current_change"]}
POWER_MONITOR_RECORD {"timestamp_pacific": "2026-08-04T17:04:09.197-07:00", "status": "ok", "reasons": ["current_change"]}
POWER_MONITOR_RECORD {"timestamp_pacific": "2026-08-04T17:04:10.204-07:00", "status": "ok", "reasons": ["current_change"]}
POWER_MONITOR_RECORD {"timestamp_pacific": "2026-08-04T17:04:12.216-07:00", "status": "ok", "reasons": ["current_change"]}
POWER_MONITOR_RECORD {"timestamp_pacific": "2026-08-04T17:05:06.514-07:00", "status": "ok", "reasons": ["current_change"]}
POWER_MONITOR_RECORD {"timestamp_pacific": "2026-08-04T17:05:07.520-07:00", "status": "ok", "reasons": ["current_change"]}
POWER_MONITOR_RECORD {"timestamp_pacific": "2026-08-04T17:05:08.527-07:00", "status": "ok", "reasons": ["current_change"]}
POWER_MONITOR_RECORD {"timestamp_pacific": "2026-08-04T17:05:09.533-07:00", "status": "ok", "reasons": ["current_change"]}
POWER_MONITOR_RECORD {"timestamp_pacific": "2026-08-04T17:05:17.581-07:00", "status": "ok", "reasons": ["current_change"]}
POWER_MONITOR_RECORD {"timestamp_pacific": "2026-08-04T17:05:23.616-07:00", "status": "ok", "reasons": ["current_change"]}
POWER_MONITOR_RECORD {"timestamp_pacific": "2026-08-04T17:05:48.763-07:00", "status": "ok", "reasons": ["voltage_change"]}
POWER_MONITOR_RECORD {"timestamp_pacific": "2026-08-04T17:06:21.955-07:00", "status": "ok", "reasons": ["current_change"]}
POWER_MONITOR_RECORD {"timestamp_pacific": "2026-08-04T17:06:24.973-07:00", "status": "ok", "reasons": ["current_change"]}
POWER_MONITOR_RECORD {"timestamp_pacific": "2026-08-04T17:06:30.003-07:00", "status": "ok", "reasons": ["current_change"]}
POWER_MONITOR_RECORD {"timestamp_pacific": "2026-08-04T17:06:53.120-07:00", "status": "ok", "reasons": ["current_change"]}
POWER_MONITOR_RECORD {"timestamp_pacific": "2026-08-04T17:06:54.127-07:00", "status": "ok", "reasons": ["current_change"]}
POWER_MONITOR_RECORD {"timestamp_pacific": "2026-08-04T17:07:54.457-07:00", "status": "ok", "reasons": ["heartbeat"]}
POWER_MONITOR_RECORD {"timestamp_pacific": "2026-08-04T17:08:51.788-07:00", "status": "ok", "reasons": ["current_change"]}
POWER_MONITOR_RECORD {"timestamp_pacific": "2026-08-04T17:08:52.795-07:00", "status": "ok", "reasons": ["current_change"]}
POWER_MONITOR_RECORD {"timestamp_pacific": "2026-08-04T17:09:16.935-07:00", "status": "ok", "reasons": ["current_change", "power_change"]}
POWER_MONITOR_RECORD {"timestamp_pacific": "2026-08-04T17:09:22.971-07:00", "status": "ok", "reasons": ["current_change"]}
POWER_MONITOR_RECORD {"timestamp_pacific": "2026-08-04T17:09:23.977-07:00", "status": "ok", "reasons": ["current_change"]}
POWER_MONITOR_RECORD {"timestamp_pacific": "2026-08-04T17:09:24.984-07:00", "status": "ok", "reasons": ["current_change"]}
POWER_MONITOR_RECORD {"timestamp_pacific": "2026-08-04T17:09:28.004-07:00", "status": "ok", "reasons": ["current_change"]}
POWER_MONITOR_RECORD {"timestamp_pacific": "2026-08-04T17:09:31.022-07:00", "status": "ok", "reasons": ["current_change"]}
POWER_MONITOR_RECORD {"timestamp_pacific": "2026-08-04T17:09:33.035-07:00", "status": "ok", "reasons": ["current_change"]}
POWER_MONITOR_RECORD {"timestamp_pacific": "2026-08-04T17:09:36.055-07:00", "status": "ok", "reasons": ["current_change"]}
POWER_MONITOR_RECORD {"timestamp_pacific": "2026-08-04T17:09:37.061-07:00", "status": "ok", "reasons": ["current_change"]}
POWER_MONITOR_RECORD {"timestamp_pacific": "2026-08-04T17:09:38.067-07:00", "status": "ok", "reasons": ["current_change"]}
POWER_MONITOR_RECORD {"timestamp_pacific": "2026-08-04T17:09:41.087-07:00", "status": "ok", "reasons": ["current_change"]}
POWER_MONITOR_RECORD {"timestamp_pacific": "2026-08-04T17:09:48.128-07:00", "status": "ok", "reasons": ["current_change"]}
POWER_MONITOR_RECORD {"timestamp_pacific": "2026-08-04T17:09:55.170-07:00", "status": "ok", "reasons": ["current_change"]}
POWER_MONITOR_RECORD {"timestamp_pacific": "2026-08-04T17:09:56.176-07:00", "status": "ok", "reasons": ["current_change"]}
POWER_MONITOR_RECORD {"timestamp_pacific": "2026-08-04T17:09:59.194-07:00", "status": "ok", "reasons": ["current_change"]}
POWER_MONITOR_RECORD {"timestamp_pacific": "2026-08-04T17:10:01.207-07:00", "status": "ok", "reasons": ["current_change"]}
POWER_MONITOR_RECORD {"timestamp_pacific": "2026-08-04T17:10:02.213-07:00", "status": "ok", "reasons": ["current_change"]}
POWER_MONITOR_RECORD {"timestamp_pacific": "2026-08-04T17:10:04.226-07:00", "status": "ok", "reasons": ["current_change"]}
POWER_MONITOR_RECORD {"timestamp_pacific": "2026-08-04T17:11:04.559-07:00", "status": "ok", "reasons": ["heartbeat"]}
POWER_MONITOR_RECORD {"timestamp_pacific": "2026-08-04T17:11:15.624-07:00", "status": "ok", "reasons": ["current_change"]}
POWER_MONITOR_RECORD {"timestamp_pacific": "2026-08-04T17:11:42.764-07:00", "status": "ok", "reasons": ["current_change"]}
POWER_MONITOR_RECORD {"timestamp_pacific": "2026-08-04T17:11:46.788-07:00", "status": "ok", "reasons": ["current_change"]}
POWER_MONITOR_RECORD {"timestamp_pacific": "2026-08-04T17:12:09.922-07:00", "status": "ok", "reasons": ["current_change"]}
POWER_MONITOR_RECORD {"timestamp_pacific": "2026-08-04T17:12:17.969-07:00", "status": "ok", "reasons": ["current_change"]}
POWER_MONITOR_RECORD {"timestamp_pacific": "2026-08-04T17:12:25.011-07:00", "status": "ok", "reasons": ["current_change"]}
POWER_MONITOR_RECORD {"timestamp_pacific": "2026-08-04T17:12:28.029-07:00", "status": "ok", "reasons": ["current_change"]}
POWER_MONITOR_RECORD {"timestamp_pacific": "2026-08-04T17:12:46.133-07:00", "status": "ok", "reasons": ["current_change", "power_change", "heater_off"]}
POWER_MONITOR_RECORD {"timestamp_pacific": "2026-08-04T17:12:52.169-07:00", "status": "ok", "reasons": ["current_change", "power_change", "heater_on"]}
POWER_MONITOR_RECORD {"timestamp_pacific": "2026-08-04T17:12:54.181-07:00", "status": "ok", "reasons": ["current_change"]}
POWER_MONITOR_RECORD {"timestamp_pacific": "2026-08-04T17:12:57.199-07:00", "status": "ok", "reasons": ["current_change"]}
POWER_MONITOR_RECORD {"timestamp_pacific": "2026-08-04T17:13:22.345-07:00", "status": "ok", "reasons": ["current_change"]}
POWER_MONITOR_RECORD {"timestamp_pacific": "2026-08-04T17:13:24.358-07:00", "status": "ok", "reasons": ["current_change"]}
POWER_MONITOR_RECORD {"timestamp_pacific": "2026-08-04T17:13:26.370-07:00", "status": "ok", "reasons": ["current_change"]}
POWER_MONITOR_RECORD {"timestamp_pacific": "2026-08-04T17:13:28.382-07:00", "status": "ok", "reasons": ["current_change"]}
POWER_MONITOR_RECORD {"timestamp_pacific": "2026-08-04T17:13:30.395-07:00", "status": "ok", "reasons": ["current_change"]}
POWER_MONITOR_RECORD {"timestamp_pacific": "2026-08-04T17:13:33.413-07:00", "status": "ok", "reasons": ["current_change"]}
POWER_MONITOR_RECORD {"timestamp_pacific": "2026-08-04T17:13:35.427-07:00", "status": "ok", "reasons": ["current_change"]}
POWER_MONITOR_RECORD {"timestamp_pacific": "2026-08-04T17:13:37.440-07:00", "status": "ok", "reasons": ["current_change"]}
POWER_MONITOR_RECORD {"timestamp_pacific": "2026-08-04T17:13:39.445-07:00", "status": "ok", "reasons": ["current_change"]}
POWER_MONITOR_RECORD {"timestamp_pacific": "2026-08-04T17:13:42.452-07:00", "status": "ok", "reasons": ["current_change"]}
POWER_MONITOR_RECORD {"timestamp_pacific": "2026-08-04T17:13:44.465-07:00", "status": "ok", "reasons": ["current_change"]}
POWER_MONITOR_RECORD {"timestamp_pacific": "2026-08-04T17:13:46.479-07:00", "status": "ok", "reasons": ["current_change"]}
POWER_MONITOR_RECORD {"timestamp_pacific": "2026-08-04T17:13:55.532-07:00", "status": "ok", "reasons": ["current_change", "power_change"]}
POWER_MONITOR_RECORD {"timestamp_pacific": "2026-08-04T17:13:56.538-07:00", "status": "ok", "reasons": ["current_change", "power_change"]}
POWER_MONITOR_RECORD {"timestamp_pacific": "2026-08-04T17:13:57.545-07:00", "status": "ok", "reasons": ["current_change", "power_change"]}
POWER_MONITOR_RECORD {"timestamp_pacific": "2026-08-04T17:13:58.552-07:00", "status": "ok", "reasons": ["current_change", "power_change"]}
POWER_MONITOR_RECORD {"timestamp_pacific": "2026-08-04T17:13:59.558-07:00", "status": "ok", "reasons": ["current_change"]}
POWER_MONITOR_RECORD {"timestamp_pacific": "2026-08-04T17:14:00.565-07:00", "status": "ok", "reasons": ["current_change"]}
POWER_MONITOR_RECORD {"timestamp_pacific": "2026-08-04T17:14:01.572-07:00", "status": "ok", "reasons": ["current_change"]}
POWER_MONITOR_RECORD {"timestamp_pacific": "2026-08-04T17:14:02.579-07:00", "status": "ok", "reasons": ["current_change"]}
POWER_MONITOR_RECORD {"timestamp_pacific": "2026-08-04T17:14:03.585-07:00", "status": "ok", "reasons": ["current_change"]}
POWER_MONITOR_RECORD {"timestamp_pacific": "2026-08-04T17:14:04.592-07:00", "status": "ok", "reasons": ["current_change"]}
POWER_MONITOR_RECORD {"timestamp_pacific": "2026-08-04T17:14:08.616-07:00", "status": "ok", "reasons": ["current_change"]}
POWER_MONITOR_RECORD {"timestamp_pacific": "2026-08-04T17:14:10.628-07:00", "status": "ok", "reasons": ["current_change"]}
POWER_MONITOR_RECORD {"timestamp_pacific": "2026-08-04T17:14:11.635-07:00", "status": "ok", "reasons": ["current_change"]}
POWER_MONITOR_RECORD {"timestamp_pacific": "2026-08-04T17:14:12.641-07:00", "status": "ok", "reasons": ["current_change", "power_change"]}
POWER_MONITOR_RECORD {"timestamp_pacific": "2026-08-04T17:14:13.648-07:00", "status": "ok", "reasons": ["current_change"]}
POWER_MONITOR_RECORD {"timestamp_pacific": "2026-08-04T17:14:15.662-07:00", "status": "ok", "reasons": ["current_change"]}
POWER_MONITOR_RECORD {"timestamp_pacific": "2026-08-04T17:14:16.668-07:00", "status": "ok", "reasons": ["current_change"]}
POWER_MONITOR_RECORD {"timestamp_pacific": "2026-08-04T17:14:17.675-07:00", "status": "ok", "reasons": ["current_change"]}
POWER_MONITOR_RECORD {"timestamp_pacific": "2026-08-04T17:14:18.681-07:00", "status": "ok", "reasons": ["current_change"]}
POWER_MONITOR_RECORD {"timestamp_pacific": "2026-08-04T17:14:19.689-07:00", "status": "ok", "reasons": ["current_change"]}
POWER_MONITOR_RECORD {"timestamp_pacific": "2026-08-04T17:14:20.696-07:00", "status": "ok", "reasons": ["current_change"]}
POWER_MONITOR_RECORD {"timestamp_pacific": "2026-08-04T17:14:21.702-07:00", "status": "ok", "reasons": ["current_change"]}
POWER_MONITOR_RECORD {"timestamp_pacific": "2026-08-04T17:14:23.714-07:00", "status": "ok", "reasons": ["current_change"]}
POWER_MONITOR_RECORD {"timestamp_pacific": "2026-08-04T17:14:27.740-07:00", "status": "ok", "reasons": ["current_change"]}
POWER_MONITOR_RECORD {"timestamp_pacific": "2026-08-04T17:14:31.764-07:00", "status": "ok", "reasons": ["current_change"]}
POWER_MONITOR_RECORD {"timestamp_pacific": "2026-08-04T17:14:37.800-07:00", "status": "ok", "reasons": ["current_change"]}
POWER_MONITOR_RECORD {"timestamp_pacific": "2026-08-04T17:14:39.805-07:00", "status": "ok", "reasons": ["current_change"]}
POWER_MONITOR_RECORD {"timestamp_pacific": "2026-08-04T17:14:50.860-07:00", "status": "ok", "reasons": ["current_change"]}
POWER_MONITOR_RECORD {"timestamp_pacific": "2026-08-04T17:14:57.901-07:00", "status": "ok", "reasons": ["current_change"]}
POWER_MONITOR_RECORD {"timestamp_pacific": "2026-08-04T17:14:58.908-07:00", "status": "ok", "reasons": ["current_change"]}
POWER_MONITOR_RECORD {"timestamp_pacific": "2026-08-04T17:15:09.973-07:00", "status": "ok", "reasons": ["current_change"]}
POWER_MONITOR_RECORD {"timestamp_pacific": "2026-08-04T17:15:10.979-07:00", "status": "ok", "reasons": ["current_change"]}
POWER_MONITOR_RECORD {"timestamp_pacific": "2026-08-04T17:15:15.003-07:00", "status": "ok", "reasons": ["current_change"]}
POWER_MONITOR_RECORD {"timestamp_pacific": "2026-08-04T17:15:34.116-07:00", "status": "ok", "reasons": ["current_change"]}
POWER_MONITOR_RECORD {"timestamp_pacific": "2026-08-04T17:15:35.122-07:00", "status": "ok", "reasons": ["current_change"]}
POWER_MONITOR_RECORD {"timestamp_pacific": "2026-08-04T17:15:38.141-07:00", "status": "ok", "reasons": ["current_change"]}
POWER_MONITOR_RECORD {"timestamp_pacific": "2026-08-04T17:15:40.153-07:00", "status": "ok", "reasons": ["current_change"]}
POWER_MONITOR_RECORD {"timestamp_pacific": "2026-08-04T17:15:42.165-07:00", "status": "ok", "reasons": ["current_change"]}
POWER_MONITOR_RECORD {"timestamp_pacific": "2026-08-04T17:15:44.178-07:00", "status": "ok", "reasons": ["current_change"]}
POWER_MONITOR_RECORD {"timestamp_pacific": "2026-08-04T17:15:46.190-07:00", "status": "ok", "reasons": ["current_change"]}
POWER_MONITOR_RECORD {"timestamp_pacific": "2026-08-04T17:15:47.196-07:00", "status": "ok", "reasons": ["current_change"]}
POWER_MONITOR_RECORD {"timestamp_pacific": "2026-08-04T17:15:52.226-07:00", "status": "ok", "reasons": ["current_change"]}
POWER_MONITOR_RECORD {"timestamp_pacific": "2026-08-04T17:15:53.233-07:00", "status": "ok", "reasons": ["current_change"]}
POWER_MONITOR_RECORD {"timestamp_pacific": "2026-08-04T17:15:57.257-07:00", "status": "ok", "reasons": ["current_change"]}
POWER_MONITOR_RECORD {"timestamp_pacific": "2026-08-04T17:16:09.328-07:00", "status": "ok", "reasons": ["current_change"]}
POWER_MONITOR_RECORD {"timestamp_pacific": "2026-08-04T17:16:10.335-07:00", "status": "ok", "reasons": ["current_change"]}
POWER_MONITOR_RECORD {"timestamp_pacific": "2026-08-04T17:16:13.353-07:00", "status": "ok", "reasons": ["current_change"]}
POWER_MONITOR_RECORD {"timestamp_pacific": "2026-08-04T17:16:21.400-07:00", "status": "ok", "reasons": ["current_change"]}
POWER_MONITOR_RECORD {"timestamp_pacific": "2026-08-04T17:16:23.413-07:00", "status": "ok", "reasons": ["current_change"]}
POWER_MONITOR_RECORD {"timestamp_pacific": "2026-08-04T17:16:24.419-07:00", "status": "ok", "reasons": ["current_change"]}
POWER_MONITOR_RECORD {"timestamp_pacific": "2026-08-04T17:16:26.432-07:00", "status": "ok", "reasons": ["current_change"]}
POWER_MONITOR_RECORD {"timestamp_pacific": "2026-08-04T17:16:28.445-07:00", "status": "ok", "reasons": ["current_change"]}
POWER_MONITOR_RECORD {"timestamp_pacific": "2026-08-04T17:16:38.501-07:00", "status": "ok", "reasons": ["current_change"]}
POWER_MONITOR_RECORD {"timestamp_pacific": "2026-08-04T17:16:44.522-07:00", "status": "ok", "reasons": ["current_change"]}
POWER_MONITOR_RECORD {"timestamp_pacific": "2026-08-04T17:16:45.529-07:00", "status": "ok", "reasons": ["current_change"]}
POWER_MONITOR_RECORD {"timestamp_pacific": "2026-08-04T17:16:55.588-07:00", "status": "ok", "reasons": ["current_change"]}
POWER_MONITOR_RECORD {"timestamp_pacific": "2026-08-04T17:17:03.635-07:00", "status": "ok", "reasons": ["current_change"]}
POWER_MONITOR_RECORD {"timestamp_pacific": "2026-08-04T17:17:04.641-07:00", "status": "ok", "reasons": ["current_change"]}
POWER_MONITOR_RECORD {"timestamp_pacific": "2026-08-04T17:17:07.660-07:00", "status": "ok", "reasons": ["current_change"]}
POWER_MONITOR_RECORD {"timestamp_pacific": "2026-08-04T17:17:09.672-07:00", "status": "ok", "reasons": ["current_change"]}
POWER_MONITOR_RECORD {"timestamp_pacific": "2026-08-04T17:17:12.691-07:00", "status": "ok", "reasons": ["current_change"]}
POWER_MONITOR_RECORD {"timestamp_pacific": "2026-08-04T17:17:13.698-07:00", "status": "ok", "reasons": ["current_change"]}
POWER_MONITOR_RECORD {"timestamp_pacific": "2026-08-04T17:17:16.716-07:00", "status": "ok", "reasons": ["current_change"]}
POWER_MONITOR_RECORD {"timestamp_pacific": "2026-08-04T17:17:17.724-07:00", "status": "ok", "reasons": ["current_change"]}
POWER_MONITOR_RECORD {"timestamp_pacific": "2026-08-04T17:17:22.756-07:00", "status": "ok", "reasons": ["current_change"]}
POWER_MONITOR_RECORD {"timestamp_pacific": "2026-08-04T17:17:24.768-07:00", "status": "ok", "reasons": ["current_change"]}
POWER_MONITOR_RECORD {"timestamp_pacific": "2026-08-04T17:17:25.775-07:00", "status": "ok", "reasons": ["current_change"]}
POWER_MONITOR_RECORD {"timestamp_pacific": "2026-08-04T17:17:31.810-07:00", "status": "ok", "reasons": ["current_change"]}
POWER_MONITOR_RECORD {"timestamp_pacific": "2026-08-04T17:17:48.892-07:00", "status": "ok", "reasons": ["current_change"]}
POWER_MONITOR_RECORD {"timestamp_pacific": "2026-08-04T17:17:51.910-07:00", "status": "ok", "reasons": ["current_change"]}
POWER_MONITOR_RECORD {"timestamp_pacific": "2026-08-04T17:17:53.925-07:00", "status": "ok", "reasons": ["current_change"]}
POWER_MONITOR_RECORD {"timestamp_pacific": "2026-08-04T17:17:54.931-07:00", "status": "ok", "reasons": ["current_change"]}
POWER_MONITOR_RECORD {"timestamp_pacific": "2026-08-04T17:17:58.957-07:00", "status": "ok", "reasons": ["current_change"]}
POWER_MONITOR_RECORD {"timestamp_pacific": "2026-08-04T17:18:04.993-07:00", "status": "ok", "reasons": ["current_change"]}
POWER_MONITOR_RECORD {"timestamp_pacific": "2026-08-04T17:18:05.999-07:00", "status": "ok", "reasons": ["current_change"]}
POWER_MONITOR_RECORD {"timestamp_pacific": "2026-08-04T17:18:08.012-07:00", "status": "ok", "reasons": ["current_change"]}
POWER_MONITOR_RECORD {"timestamp_pacific": "2026-08-04T17:18:09.018-07:00", "status": "ok", "reasons": ["current_change"]}
POWER_MONITOR_RECORD {"timestamp_pacific": "2026-08-04T17:18:15.053-07:00", "status": "ok", "reasons": ["current_change", "power_change"]}
POWER_MONITOR_RECORD {"timestamp_pacific": "2026-08-04T17:18:21.089-07:00", "status": "ok", "reasons": ["current_change"]}
POWER_MONITOR_RECORD {"timestamp_pacific": "2026-08-04T17:18:26.121-07:00", "status": "ok", "reasons": ["current_change"]}
POWER_MONITOR_RECORD {"timestamp_pacific": "2026-08-04T17:18:31.153-07:00", "status": "ok", "reasons": ["current_change"]}
POWER_MONITOR_RECORD {"timestamp_pacific": "2026-08-04T17:18:32.160-07:00", "status": "ok", "reasons": ["current_change"]}
POWER_MONITOR_RECORD {"timestamp_pacific": "2026-08-04T17:18:35.178-07:00", "status": "ok", "reasons": ["current_change"]}
POWER_MONITOR_RECORD {"timestamp_pacific": "2026-08-04T17:18:37.190-07:00", "status": "ok", "reasons": ["current_change"]}
POWER_MONITOR_RECORD {"timestamp_pacific": "2026-08-04T17:18:39.195-07:00", "status": "ok", "reasons": ["current_change"]}
POWER_MONITOR_RECORD {"timestamp_pacific": "2026-08-04T17:18:41.200-07:00", "status": "ok", "reasons": ["current_change"]}
POWER_MONITOR_RECORD {"timestamp_pacific": "2026-08-04T17:18:43.209-07:00", "status": "ok", "reasons": ["current_change"]}
POWER_MONITOR_RECORD {"timestamp_pacific": "2026-08-04T17:18:45.221-07:00", "status": "ok", "reasons": ["current_change"]}
POWER_MONITOR_RECORD {"timestamp_pacific": "2026-08-04T17:18:46.228-07:00", "status": "ok", "reasons": ["current_change"]}
POWER_MONITOR_RECORD {"timestamp_pacific": "2026-08-04T17:18:50.252-07:00", "status": "ok", "reasons": ["current_change"]}
POWER_MONITOR_RECORD {"timestamp_pacific": "2026-08-04T17:18:51.258-07:00", "status": "ok", "reasons": ["current_change"]}
POWER_MONITOR_RECORD {"timestamp_pacific": "2026-08-04T17:18:54.276-07:00", "status": "ok", "reasons": ["current_change"]}
POWER_MONITOR_RECORD {"timestamp_pacific": "2026-08-04T17:18:55.284-07:00", "status": "ok", "reasons": ["current_change"]}
POWER_MONITOR_RECORD {"timestamp_pacific": "2026-08-04T17:18:57.297-07:00", "status": "ok", "reasons": ["current_change"]}
POWER_MONITOR_RECORD {"timestamp_pacific": "2026-08-04T17:19:00.316-07:00", "status": "ok", "reasons": ["current_change"]}
POWER_MONITOR_RECORD {"timestamp_pacific": "2026-08-04T17:19:03.335-07:00", "status": "ok", "reasons": ["current_change"]}
POWER_MONITOR_RECORD {"timestamp_pacific": "2026-08-04T17:20:03.684-07:00", "status": "ok", "reasons": ["heartbeat"]}
POWER_MONITOR_RECORD {"timestamp_pacific": "2026-08-04T17:21:04.020-07:00", "status": "ok", "reasons": ["heartbeat"]}
POWER_MONITOR_RECORD {"timestamp_pacific": "2026-08-04T17:21:44.237-07:00", "status": "ok", "reasons": ["current_change", "power_change", "heater_off"]}
POWER_MONITOR_RECORD {"timestamp_pacific": "2026-08-04T17:22:44.587-07:00", "status": "ok", "reasons": ["heartbeat"]}
POWER_MONITOR_RECORD {"timestamp_pacific": "2026-08-04T17:23:44.938-07:00", "status": "ok", "reasons": ["heartbeat"]}
POWER_MONITOR_RECORD {"timestamp_pacific": "2026-08-04T17:24:45.272-07:00", "status": "ok", "reasons": ["heartbeat"]}
POWER_MONITOR_RECORD {"timestamp_pacific": "2026-08-04T17:25:45.605-07:00", "status": "ok", "reasons": ["heartbeat"]}
POWER_MONITOR_RECORD {"timestamp_pacific": "2026-08-04T17:26:45.955-07:00", "status": "ok", "reasons": ["heartbeat"]}
POWER_MONITOR_RECORD {"timestamp_pacific": "2026-08-04T17:27:46.289-07:00", "status": "ok", "reasons": ["heartbeat"]}
POWER_MONITOR_RECORD {"timestamp_pacific": "2026-08-04T17:28:46.622-07:00", "status": "ok", "reasons": ["heartbeat"]}
POWER_MONITOR_RECORD {"timestamp_pacific": "2026-08-04T17:29:46.971-07:00", "status": "ok", "reasons": ["heartbeat"]}
POWER_MONITOR_RECORD {"timestamp_pacific": "2026-08-04T17:30:47.304-07:00", "status": "ok", "reasons": ["heartbeat"]}
POWER_MONITOR_RECORD {"timestamp_pacific": "2026-08-04T17:31:47.636-07:00", "status": "ok", "reasons": ["heartbeat"]}
POWER_MONITOR_RECORD {"timestamp_pacific": "2026-08-04T17:32:47.967-07:00", "status": "ok", "reasons": ["heartbeat"]}
POWER_MONITOR_RECORD {"timestamp_pacific": "2026-08-04T17:33:48.317-07:00", "status": "ok", "reasons": ["heartbeat"]}
POWER_MONITOR_RECORD {"timestamp_pacific": "2026-08-04T17:34:48.666-07:00", "status": "ok", "reasons": ["heartbeat"]}
POWER_MONITOR_RECORD {"timestamp_pacific": "2026-08-04T17:35:49.002-07:00", "status": "ok", "reasons": ["heartbeat"]}
POWER_MONITOR_RECORD {"timestamp_pacific": "2026-08-04T17:36:49.335-07:00", "status": "ok", "reasons": ["heartbeat"]}
POWER_MONITOR_RECORD {"timestamp_pacific": "2026-08-04T17:37:49.667-07:00", "status": "ok", "reasons": ["heartbeat"]}
POWER_MONITOR_RECORD {"timestamp_pacific": "2026-08-04T17:38:50.017-07:00", "status": "ok", "reasons": ["heartbeat"]}
POWER_MONITOR_RECORD {"timestamp_pacific": "2026-08-04T17:39:50.356-07:00", "status": "ok", "reasons": ["heartbeat"]}
POWER_MONITOR_RECORD {"timestamp_pacific": "2026-08-04T17:40:50.701-07:00", "status": "ok", "reasons": ["heartbeat"]}
POWER_MONITOR_RECORD {"timestamp_pacific": "2026-08-04T17:41:51.035-07:00", "status": "ok", "reasons": ["heartbeat"]}
POWER_MONITOR_RECORD {"timestamp_pacific": "2026-08-04T17:42:51.366-07:00", "status": "ok", "reasons": ["heartbeat"]}
POWER_MONITOR_RECORD {"timestamp_pacific": "2026-08-04T17:43:51.717-07:00", "status": "ok", "reasons": ["heartbeat"]}
POWER_MONITOR_RECORD {"timestamp_pacific": "2026-08-04T17:44:52.049-07:00", "status": "ok", "reasons": ["heartbeat"]}
POWER_MONITOR_RECORD {"timestamp_pacific": "2026-08-04T17:45:52.381-07:00", "status": "ok", "reasons": ["heartbeat"]}
POWER_MONITOR_RECORD {"timestamp_pacific": "2026-08-04T17:46:52.733-07:00", "status": "ok", "reasons": ["heartbeat"]}
POWER_MONITOR_RECORD {"timestamp_pacific": "2026-08-04T17:47:53.084-07:00", "status": "ok", "reasons": ["heartbeat"]}
POWER_MONITOR_RECORD {"timestamp_pacific": "2026-08-04T17:48:53.417-07:00", "status": "ok", "reasons": ["heartbeat"]}
POWER_MONITOR_RECORD {"timestamp_pacific": "2026-08-04T17:49:53.768-07:00", "status": "ok", "reasons": ["heartbeat"]}
POWER_MONITOR_RECORD {"timestamp_pacific": "2026-08-04T17:50:54.100-07:00", "status": "ok", "reasons": ["heartbeat"]}
POWER_MONITOR_RECORD {"timestamp_pacific": "2026-08-04T17:51:54.432-07:00", "status": "ok", "reasons": ["heartbeat"]}
POWER_MONITOR_RECORD {"timestamp_pacific": "2026-08-04T17:52:54.762-07:00", "status": "ok", "reasons": ["heartbeat"]}
POWER_MONITOR_RECORD {"timestamp_pacific": "2026-08-04T17:53:55.108-07:00", "status": "ok", "reasons": ["heartbeat"]}
POWER_MONITOR_RECORD {"timestamp_pacific": "2026-08-04T17:54:55.454-07:00", "status": "ok", "reasons": ["heartbeat"]}
POWER_MONITOR_RECORD {"timestamp_pacific": "2026-08-04T17:55:55.784-07:00", "status": "ok", "reasons": ["heartbeat"]}
POWER_MONITOR_RECORD {"timestamp_pacific": "2026-08-04T17:56:56.120-07:00", "status": "ok", "reasons": ["voltage_change"]}
POWER_MONITOR_RECORD {"timestamp_pacific": "2026-08-04T17:56:57.127-07:00", "status": "ok", "reasons": ["voltage_change"]}
POWER_MONITOR_RECORD {"timestamp_pacific": "2026-08-04T17:57:57.467-07:00", "status": "ok", "reasons": ["heartbeat"]}
POWER_MONITOR_RECORD {"timestamp_pacific": "2026-08-04T17:58:57.819-07:00", "status": "ok", "reasons": ["heartbeat"]}
POWER_MONITOR_RECORD {"timestamp_pacific": "2026-08-04T17:59:58.168-07:00", "status": "ok", "reasons": ["heartbeat"]}
POWER_MONITOR_RECORD {"timestamp_pacific": "2026-08-04T18:00:58.500-07:00", "status": "ok", "reasons": ["heartbeat"]}
POWER_MONITOR_RECORD {"timestamp_pacific": "2026-08-04T18:01:58.833-07:00", "status": "ok", "reasons": ["heartbeat"]}
POWER_MONITOR_RECORD {"timestamp_pacific": "2026-08-04T18:02:59.183-07:00", "status": "ok", "reasons": ["heartbeat"]}
POWER_MONITOR_RECORD {"timestamp_pacific": "2026-08-04T18:03:59.514-07:00", "status": "ok", "reasons": ["heartbeat"]}
POWER_MONITOR_RECORD {"timestamp_pacific": "2026-08-04T18:04:07.561-07:00", "status": "ok", "reasons": ["voltage_change"]}
POWER_MONITOR_RECORD {"timestamp_pacific": "2026-08-04T18:05:07.910-07:00", "status": "ok", "reasons": ["heartbeat"]}
POWER_MONITOR_RECORD {"timestamp_pacific": "2026-08-04T18:06:08.244-07:00", "status": "ok", "reasons": ["heartbeat"]}
POWER_MONITOR_RECORD {"timestamp_pacific": "2026-08-04T18:07:08.592-07:00", "status": "ok", "reasons": ["heartbeat"]}
POWER_MONITOR_RECORD {"timestamp_pacific": "2026-08-04T18:08:08.923-07:00", "status": "ok", "reasons": ["heartbeat"]}
POWER_MONITOR_RECORD {"timestamp_pacific": "2026-08-04T18:09:09.253-07:00", "status": "ok", "reasons": ["heartbeat"]}
POWER_MONITOR_RECORD {"timestamp_pacific": "2026-08-04T18:10:09.601-07:00", "status": "ok", "reasons": ["heartbeat"]}
POWER_MONITOR_RECORD {"timestamp_pacific": "2026-08-04T18:11:09.950-07:00", "status": "ok", "reasons": ["heartbeat"]}
POWER_MONITOR_RECORD {"timestamp_pacific": "2026-08-04T18:12:10.281-07:00", "status": "ok", "reasons": ["heartbeat"]}
POWER_MONITOR_RECORD {"timestamp_pacific": "2026-08-04T18:13:10.613-07:00", "status": "ok", "reasons": ["heartbeat"]}
POWER_MONITOR_RECORD {"timestamp_pacific": "2026-08-04T18:14:10.950-07:00", "status": "ok", "reasons": ["heartbeat"]}
POWER_MONITOR_RECORD {"timestamp_pacific": "2026-08-04T18:15:11.281-07:00", "status": "ok", "reasons": ["heartbeat"]}
POWER_MONITOR_RECORD {"timestamp_pacific": "2026-08-04T18:16:11.617-07:00", "status": "ok", "reasons": ["heartbeat"]}
POWER_MONITOR_RECORD {"timestamp_pacific": "2026-08-04T18:17:11.965-07:00", "status": "ok", "reasons": ["heartbeat"]}
POWER_MONITOR_RECORD {"timestamp_pacific": "2026-08-04T18:18:12.287-07:00", "status": "ok", "reasons": ["heartbeat"]}
POWER_MONITOR_RECORD {"timestamp_pacific": "2026-08-04T18:19:12.644-07:00", "status": "ok", "reasons": ["heartbeat"]}
POWER_MONITOR_RECORD {"timestamp_pacific": "2026-08-04T18:20:12.994-07:00", "status": "ok", "reasons": ["heartbeat"]}
POWER_MONITOR_RECORD {"timestamp_pacific": "2026-08-04T18:21:13.325-07:00", "status": "ok", "reasons": ["heartbeat"]}
POWER_MONITOR_RECORD {"timestamp_pacific": "2026-08-04T18:22:13.649-07:00", "status": "ok", "reasons": ["heartbeat"]}
POWER_MONITOR_RECORD {"timestamp_pacific": "2026-08-04T18:23:13.982-07:00", "status": "ok", "reasons": ["heartbeat"]}
POWER_MONITOR_RECORD {"timestamp_pacific": "2026-08-04T18:24:14.315-07:00", "status": "ok", "reasons": ["heartbeat"]}
POWER_MONITOR_RECORD {"timestamp_pacific": "2026-08-04T18:25:14.647-07:00", "status": "ok", "reasons": ["heartbeat"]}
POWER_MONITOR_RECORD {"timestamp_pacific": "2026-08-04T18:26:14.998-07:00", "status": "ok", "reasons": ["heartbeat"]}
POWER_MONITOR_RECORD {"timestamp_pacific": "2026-08-04T18:27:15.347-07:00", "status": "ok", "reasons": ["heartbeat"]}
POWER_MONITOR_RECORD {"timestamp_pacific": "2026-08-04T18:28:15.680-07:00", "status": "ok", "reasons": ["heartbeat"]}
POWER_MONITOR_RECORD {"timestamp_pacific": "2026-08-04T18:29:16.030-07:00", "status": "ok", "reasons": ["heartbeat"]}
POWER_MONITOR_RECORD {"timestamp_pacific": "2026-08-04T18:30:16.380-07:00", "status": "ok", "reasons": ["heartbeat"]}
POWER_MONITOR_RECORD {"timestamp_pacific": "2026-08-04T18:31:16.712-07:00", "status": "ok", "reasons": ["heartbeat"]}
POWER_MONITOR_RECORD {"timestamp_pacific": "2026-08-04T18:32:17.062-07:00", "status": "ok", "reasons": ["heartbeat"]}
POWER_MONITOR_RECORD {"timestamp_pacific": "2026-08-04T18:33:17.421-07:00", "status": "ok", "reasons": ["heartbeat"]}
POWER_MONITOR_RECORD {"timestamp_pacific": "2026-08-04T18:34:17.754-07:00", "status": "ok", "reasons": ["heartbeat"]}
POWER_MONITOR_RECORD {"timestamp_pacific": "2026-08-04T18:35:18.076-07:00", "status": "ok", "reasons": ["heartbeat"]}
POWER_MONITOR_RECORD {"timestamp_pacific": "2026-08-04T18:36:18.427-07:00", "status": "ok", "reasons": ["heartbeat"]}
POWER_MONITOR_RECORD {"timestamp_pacific": "2026-08-04T18:37:18.765-07:00", "status": "ok", "reasons": ["heartbeat"]}
POWER_MONITOR_RECORD {"timestamp_pacific": "2026-08-04T18:38:19.116-07:00", "status": "ok", "reasons": ["heartbeat"]}
POWER_MONITOR_RECORD {"timestamp_pacific": "2026-08-04T18:39:19.458-07:00", "status": "ok", "reasons": ["heartbeat"]}
POWER_MONITOR_RECORD {"timestamp_pacific": "2026-08-04T18:40:19.808-07:00", "status": "ok", "reasons": ["heartbeat"]}
POWER_MONITOR_RECORD {"timestamp_pacific": "2026-08-04T18:41:20.165-07:00", "status": "ok", "reasons": ["heartbeat"]}
POWER_MONITOR_RECORD {"timestamp_pacific": "2026-08-04T18:42:20.493-07:00", "status": "ok", "reasons": ["heartbeat"]}
POWER_MONITOR_RECORD {"timestamp_pacific": "2026-08-04T18:43:20.795-07:00", "status": "ok", "reasons": ["heartbeat"]}
POWER_MONITOR_RECORD {"timestamp_pacific": "2026-08-04T18:44:21.146-07:00", "status": "ok", "reasons": ["heartbeat"]}
POWER_MONITOR_RECORD {"timestamp_pacific": "2026-08-04T18:45:21.479-07:00", "status": "ok", "reasons": ["heartbeat"]}
POWER_MONITOR_RECORD {"timestamp_pacific": "2026-08-04T18:46:21.812-07:00", "status": "ok", "reasons": ["heartbeat"]}
POWER_MONITOR_RECORD {"timestamp_pacific": "2026-08-04T18:47:22.163-07:00", "status": "ok", "reasons": ["heartbeat"]}
POWER_MONITOR_RECORD {"timestamp_pacific": "2026-08-04T18:48:22.480-07:00", "status": "ok", "reasons": ["heartbeat"]}
POWER_MONITOR_RECORD {"timestamp_pacific": "2026-08-04T18:49:22.812-07:00", "status": "ok", "reasons": ["heartbeat"]}
POWER_MONITOR_RECORD {"timestamp_pacific": "2026-08-04T18:50:23.146-07:00", "status": "ok", "reasons": ["heartbeat"]}
POWER_MONITOR_RECORD {"timestamp_pacific": "2026-08-04T18:51:23.480-07:00", "status": "ok", "reasons": ["heartbeat"]}
POWER_MONITOR_RECORD {"timestamp_pacific": "2026-08-04T18:52:23.831-07:00", "status": "ok", "reasons": ["heartbeat"]}
POWER_MONITOR_RECORD {"timestamp_pacific": "2026-08-04T18:53:24.181-07:00", "status": "ok", "reasons": ["heartbeat"]}
POWER_MONITOR_RECORD {"timestamp_pacific": "2026-08-04T18:54:24.514-07:00", "status": "ok", "reasons": ["heartbeat"]}
POWER_MONITOR_RECORD {"timestamp_pacific": "2026-08-04T18:55:24.846-07:00", "status": "ok", "reasons": ["heartbeat"]}
POWER_MONITOR_RECORD {"timestamp_pacific": "2026-08-04T18:56:25.178-07:00", "status": "ok", "reasons": ["heartbeat"]}
POWER_MONITOR_RECORD {"timestamp_pacific": "2026-08-04T18:57:25.528-07:00", "status": "ok", "reasons": ["heartbeat"]}
POWER_MONITOR_RECORD {"timestamp_pacific": "2026-08-04T18:58:25.861-07:00", "status": "ok", "reasons": ["heartbeat"]}
POWER_MONITOR_RECORD {"timestamp_pacific": "2026-08-04T18:59:26.195-07:00", "status": "ok", "reasons": ["heartbeat"]}
POWER_MONITOR_RECORD {"timestamp_pacific": "2026-08-04T19:00:26.545-07:00", "status": "ok", "reasons": ["heartbeat"]}
POWER_MONITOR_RECORD {"timestamp_pacific": "2026-08-04T19:01:26.877-07:00", "status": "ok", "reasons": ["heartbeat"]}
POWER_MONITOR_RECORD {"timestamp_pacific": "2026-08-04T19:02:27.197-07:00", "status": "ok", "reasons": ["heartbeat"]}
POWER_MONITOR_RECORD {"timestamp_pacific": "2026-08-04T19:03:27.530-07:00", "status": "ok", "reasons": ["heartbeat"]}
POWER_MONITOR_RECORD {"timestamp_pacific": "2026-08-04T19:04:27.864-07:00", "status": "ok", "reasons": ["heartbeat"]}
POWER_MONITOR_RECORD {"timestamp_pacific": "2026-08-04T19:05:28.197-07:00", "status": "ok", "reasons": ["heartbeat"]}
POWER_MONITOR_RECORD {"timestamp_pacific": "2026-08-04T19:06:28.521-07:00", "status": "ok", "reasons": ["heartbeat"]}
POWER_MONITOR_RECORD {"timestamp_pacific": "2026-08-04T19:07:28.855-07:00", "status": "ok", "reasons": ["heartbeat"]}
POWER_MONITOR_RECORD {"timestamp_pacific": "2026-08-04T19:08:29.205-07:00", "status": "ok", "reasons": ["heartbeat"]}
POWER_MONITOR_RECORD {"timestamp_pacific": "2026-08-04T19:09:29.538-07:00", "status": "ok", "reasons": ["heartbeat"]}
POWER_MONITOR_RECORD {"timestamp_pacific": "2026-08-04T19:10:29.889-07:00", "status": "ok", "reasons": ["heartbeat"]}
POWER_MONITOR_RECORD {"timestamp_pacific": "2026-08-04T19:11:30.223-07:00", "status": "ok", "reasons": ["heartbeat"]}
POWER_MONITOR_RECORD {"timestamp_pacific": "2026-08-04T19:12:30.557-07:00", "status": "ok", "reasons": ["heartbeat"]}
POWER_MONITOR_RECORD {"timestamp_pacific": "2026-08-04T19:13:30.908-07:00", "status": "ok", "reasons": ["heartbeat"]}
POWER_MONITOR_RECORD {"timestamp_pacific": "2026-08-04T19:14:31.257-07:00", "status": "ok", "reasons": ["heartbeat"]}
POWER_MONITOR_RECORD {"timestamp_pacific": "2026-08-04T19:15:31.591-07:00", "status": "ok", "reasons": ["heartbeat"]}
POWER_MONITOR_RECORD {"timestamp_pacific": "2026-08-04T19:16:31.925-07:00", "status": "ok", "reasons": ["heartbeat"]}
POWER_MONITOR_RECORD {"timestamp_pacific": "2026-08-04T19:17:32.274-07:00", "status": "ok", "reasons": ["heartbeat"]}
POWER_MONITOR_RECORD {"timestamp_pacific": "2026-08-04T19:18:32.608-07:00", "status": "ok", "reasons": ["heartbeat"]}
POWER_MONITOR_RECORD {"timestamp_pacific": "2026-08-04T19:19:32.941-07:00", "status": "ok", "reasons": ["heartbeat"]}
POWER_MONITOR_RECORD {"timestamp_pacific": "2026-08-04T19:20:33.274-07:00", "status": "ok", "reasons": ["heartbeat"]}
POWER_MONITOR_RECORD {"timestamp_pacific": "2026-08-04T19:21:33.626-07:00", "status": "ok", "reasons": ["heartbeat"]}
POWER_MONITOR_RECORD {"timestamp_pacific": "2026-08-04T19:22:33.960-07:00", "status": "ok", "reasons": ["heartbeat"]}
POWER_MONITOR_RECORD {"timestamp_pacific": "2026-08-04T19:23:34.293-07:00", "status": "ok", "reasons": ["heartbeat"]}
POWER_MONITOR_RECORD {"timestamp_pacific": "2026-08-04T19:24:34.627-07:00", "status": "ok", "reasons": ["heartbeat"]}
POWER_MONITOR_RECORD {"timestamp_pacific": "2026-08-04T19:25:34.961-07:00", "status": "ok", "reasons": ["heartbeat"]}
POWER_MONITOR_RECORD {"timestamp_pacific": "2026-08-04T19:26:35.309-07:00", "status": "ok", "reasons": ["heartbeat"]}
POWER_MONITOR_RECORD {"timestamp_pacific": "2026-08-04T19:27:35.660-07:00", "status": "ok", "reasons": ["heartbeat"]}
POWER_MONITOR_RECORD {"timestamp_pacific": "2026-08-04T19:28:35.994-07:00", "status": "ok", "reasons": ["heartbeat"]}
POWER_MONITOR_RECORD {"timestamp_pacific": "2026-08-04T19:29:36.327-07:00", "status": "ok", "reasons": ["heartbeat"]}
POWER_MONITOR_RECORD {"timestamp_pacific": "2026-08-04T19:30:36.678-07:00", "status": "ok", "reasons": ["heartbeat"]}
POWER_MONITOR_RECORD {"timestamp_pacific": "2026-08-04T19:31:37.012-07:00", "status": "ok", "reasons": ["heartbeat"]}
POWER_MONITOR_RECORD {"timestamp_pacific": "2026-08-04T19:32:37.345-07:00", "status": "ok", "reasons": ["heartbeat"]}
POWER_MONITOR_RECORD {"timestamp_pacific": "2026-08-04T19:33:37.695-07:00", "status": "ok", "reasons": ["heartbeat"]}
POWER_MONITOR_RECORD {"timestamp_pacific": "2026-08-04T19:34:38.028-07:00", "status": "ok", "reasons": ["heartbeat"]}
POWER_MONITOR_RECORD {"timestamp_pacific": "2026-08-04T19:35:38.376-07:00", "status": "ok", "reasons": ["heartbeat"]}
POWER_MONITOR_RECORD {"timestamp_pacific": "2026-08-04T19:36:38.723-07:00", "status": "ok", "reasons": ["heartbeat"]}
POWER_MONITOR_RECORD {"timestamp_pacific": "2026-08-04T19:37:39.056-07:00", "status": "ok", "reasons": ["heartbeat"]}
POWER_MONITOR_RECORD {"timestamp_pacific": "2026-08-04T19:38:39.391-07:00", "status": "ok", "reasons": ["heartbeat"]}
POWER_MONITOR_RECORD {"timestamp_pacific": "2026-08-04T19:39:39.734-07:00", "status": "ok", "reasons": ["heartbeat"]}
POWER_MONITOR_RECORD {"timestamp_pacific": "2026-08-04T19:40:40.069-07:00", "status": "ok", "reasons": ["heartbeat"]}
POWER_MONITOR_RECORD {"timestamp_pacific": "2026-08-04T19:41:40.397-07:00", "status": "ok", "reasons": ["heartbeat"]}
POWER_MONITOR_RECORD {"timestamp_pacific": "2026-08-04T19:42:40.730-07:00", "status": "ok", "reasons": ["heartbeat"]}
POWER_MONITOR_RECORD {"timestamp_pacific": "2026-08-04T19:43:41.071-07:00", "status": "ok", "reasons": ["heartbeat"]}
POWER_MONITOR_RECORD {"timestamp_pacific": "2026-08-04T19:44:41.409-07:00", "status": "ok", "reasons": ["heartbeat"]}
POWER_MONITOR_RECORD {"timestamp_pacific": "2026-08-04T19:45:41.743-07:00", "status": "ok", "reasons": ["heartbeat"]}
POWER_MONITOR_RECORD {"timestamp_pacific": "2026-08-04T19:46:42.075-07:00", "status": "ok", "reasons": ["heartbeat"]}
POWER_MONITOR_RECORD {"timestamp_pacific": "2026-08-04T19:47:42.404-07:00", "status": "ok", "reasons": ["heartbeat"]}
POWER_MONITOR_RECORD {"timestamp_pacific": "2026-08-04T19:48:42.737-07:00", "status": "ok", "reasons": ["heartbeat"]}
POWER_MONITOR_RECORD {"timestamp_pacific": "2026-08-04T19:49:43.070-07:00", "status": "ok", "reasons": ["heartbeat"]}
POWER_MONITOR_RECORD {"timestamp_pacific": "2026-08-04T19:50:43.403-07:00", "status": "ok", "reasons": ["heartbeat"]}
POWER_MONITOR_RECORD {"timestamp_pacific": "2026-08-04T19:51:43.753-07:00", "status": "ok", "reasons": ["heartbeat"]}
POWER_MONITOR_RECORD {"timestamp_pacific": "2026-08-04T19:52:44.093-07:00", "status": "ok", "reasons": ["heartbeat"]}
POWER_MONITOR_RECORD {"timestamp_pacific": "2026-08-04T19:53:44.436-07:00", "status": "ok", "reasons": ["heartbeat"]}
POWER_MONITOR_RECORD {"timestamp_pacific": "2026-08-04T19:54:44.786-07:00", "status": "ok", "reasons": ["heartbeat"]}
POWER_MONITOR_RECORD {"timestamp_pacific": "2026-08-04T19:55:45.130-07:00", "status": "ok", "reasons": ["heartbeat"]}
POWER_MONITOR_RECORD {"timestamp_pacific": "2026-08-04T19:56:45.481-07:00", "status": "ok", "reasons": ["heartbeat"]}
POWER_MONITOR_RECORD {"timestamp_pacific": "2026-08-04T19:57:44.809-07:00", "status": "ok", "reasons": ["voltage_change"]}
POWER_MONITOR_RECORD {"timestamp_pacific": "2026-08-04T19:58:06.921-07:00", "status": "ok", "reasons": ["voltage_change"]}
POWER_MONITOR_RECORD {"timestamp_pacific": "2026-08-04T19:59:07.267-07:00", "status": "ok", "reasons": ["heartbeat"]}
POWER_MONITOR_RECORD {"timestamp_pacific": "2026-08-04T20:00:07.619-07:00", "status": "ok", "reasons": ["heartbeat"]}
POWER_MONITOR_RECORD {"timestamp_pacific": "2026-08-04T20:01:07.962-07:00", "status": "ok", "reasons": ["heartbeat"]}
POWER_MONITOR_RECORD {"timestamp_pacific": "2026-08-04T20:02:08.295-07:00", "status": "ok", "reasons": ["heartbeat"]}
POWER_MONITOR_RECORD {"timestamp_pacific": "2026-08-04T20:03:08.646-07:00", "status": "ok", "reasons": ["heartbeat"]}
POWER_MONITOR_RECORD {"timestamp_pacific": "2026-08-04T20:03:18.705-07:00", "status": "ok", "reasons": ["voltage_change"]}
POWER_MONITOR_RECORD {"timestamp_pacific": "2026-08-04T20:04:19.039-07:00", "status": "ok", "reasons": ["heartbeat"]}
POWER_MONITOR_RECORD {"timestamp_pacific": "2026-08-04T20:05:19.373-07:00", "status": "ok", "reasons": ["heartbeat"]}
POWER_MONITOR_RECORD {"timestamp_pacific": "2026-08-04T20:06:18.700-07:00", "status": "ok", "reasons": ["voltage_change"]}
POWER_MONITOR_RECORD {"timestamp_pacific": "2026-08-04T20:07:19.033-07:00", "status": "ok", "reasons": ["heartbeat"]}
POWER_MONITOR_RECORD {"timestamp_pacific": "2026-08-04T20:08:19.366-07:00", "status": "ok", "reasons": ["heartbeat"]}
POWER_MONITOR_RECORD {"timestamp_pacific": "2026-08-04T20:09:19.698-07:00", "status": "ok", "reasons": ["heartbeat"]}
POWER_MONITOR_RECORD {"timestamp_pacific": "2026-08-04T20:10:20.033-07:00", "status": "ok", "reasons": ["heartbeat"]}
POWER_MONITOR_RECORD {"timestamp_pacific": "2026-08-04T20:11:20.366-07:00", "status": "ok", "reasons": ["heartbeat"]}
POWER_MONITOR_RECORD {"timestamp_pacific": "2026-08-04T20:12:20.700-07:00", "status": "ok", "reasons": ["heartbeat"]}
POWER_MONITOR_RECORD {"timestamp_pacific": "2026-08-04T20:13:21.059-07:00", "status": "ok", "reasons": ["heartbeat"]}
POWER_MONITOR_RECORD {"timestamp_pacific": "2026-08-04T20:14:21.391-07:00", "status": "ok", "reasons": ["heartbeat"]}
POWER_MONITOR_RECORD {"timestamp_pacific": "2026-08-04T20:15:21.724-07:00", "status": "ok", "reasons": ["heartbeat"]}
POWER_MONITOR_RECORD {"timestamp_pacific": "2026-08-04T20:16:22.082-07:00", "status": "ok", "reasons": ["heartbeat"]}
POWER_MONITOR_RECORD {"timestamp_pacific": "2026-08-04T20:17:22.412-07:00", "status": "ok", "reasons": ["heartbeat"]}
POWER_MONITOR_RECORD {"timestamp_pacific": "2026-08-04T20:18:22.749-07:00", "status": "ok", "reasons": ["heartbeat"]}
POWER_MONITOR_RECORD {"timestamp_pacific": "2026-08-04T20:19:23.106-07:00", "status": "ok", "reasons": ["heartbeat"]}
POWER_MONITOR_RECORD {"timestamp_pacific": "2026-08-04T20:20:23.440-07:00", "status": "ok", "reasons": ["heartbeat"]}
POWER_MONITOR_RECORD {"timestamp_pacific": "2026-08-04T20:21:23.790-07:00", "status": "ok", "reasons": ["heartbeat"]}
POWER_MONITOR_RECORD {"timestamp_pacific": "2026-08-04T20:22:24.123-07:00", "status": "ok", "reasons": ["heartbeat"]}
POWER_MONITOR_RECORD {"timestamp_pacific": "2026-08-04T20:23:24.456-07:00", "status": "ok", "reasons": ["heartbeat"]}
POWER_MONITOR_RECORD {"timestamp_pacific": "2026-08-04T20:24:24.790-07:00", "status": "ok", "reasons": ["heartbeat"]}
POWER_MONITOR_RECORD {"timestamp_pacific": "2026-08-04T20:25:25.141-07:00", "status": "ok", "reasons": ["heartbeat"]}
POWER_MONITOR_RECORD {"timestamp_pacific": "2026-08-04T20:26:25.491-07:00", "status": "ok", "reasons": ["heartbeat"]}
POWER_MONITOR_RECORD {"timestamp_pacific": "2026-08-04T20:27:25.824-07:00", "status": "ok", "reasons": ["heartbeat"]}
POWER_MONITOR_RECORD {"timestamp_pacific": "2026-08-04T20:28:26.175-07:00", "status": "ok", "reasons": ["heartbeat"]}
POWER_MONITOR_RECORD {"timestamp_pacific": "2026-08-04T20:29:26.509-07:00", "status": "ok", "reasons": ["heartbeat"]}
POWER_MONITOR_RECORD {"timestamp_pacific": "2026-08-04T20:30:26.842-07:00", "status": "ok", "reasons": ["heartbeat"]}
POWER_MONITOR_RECORD {"timestamp_pacific": "2026-08-04T20:31:27.192-07:00", "status": "ok", "reasons": ["heartbeat"]}
POWER_MONITOR_RECORD {"timestamp_pacific": "2026-08-04T20:32:27.524-07:00", "status": "ok", "reasons": ["heartbeat"]}
POWER_MONITOR_RECORD {"timestamp_pacific": "2026-08-04T20:33:27.857-07:00", "status": "ok", "reasons": ["heartbeat"]}
POWER_MONITOR_RECORD {"timestamp_pacific": "2026-08-04T20:34:28.173-07:00", "status": "ok", "reasons": ["heartbeat"]}
POWER_MONITOR_RECORD {"timestamp_pacific": "2026-08-04T20:35:28.523-07:00", "status": "ok", "reasons": ["heartbeat"]}
POWER_MONITOR_RECORD {"timestamp_pacific": "2026-08-04T20:36:28.856-07:00", "status": "ok", "reasons": ["heartbeat"]}
POWER_MONITOR_RECORD {"timestamp_pacific": "2026-08-04T20:37:29.189-07:00", "status": "ok", "reasons": ["heartbeat"]}
POWER_MONITOR_RECORD {"timestamp_pacific": "2026-08-04T20:38:29.538-07:00", "status": "ok", "reasons": ["heartbeat"]}
POWER_MONITOR_RECORD {"timestamp_pacific": "2026-08-04T20:39:29.889-07:00", "status": "ok", "reasons": ["heartbeat"]}
POWER_MONITOR_RECORD {"timestamp_pacific": "2026-08-04T20:40:30.221-07:00", "status": "ok", "reasons": ["heartbeat"]}
POWER_MONITOR_RECORD {"timestamp_pacific": "2026-08-04T20:41:30.554-07:00", "status": "ok", "reasons": ["heartbeat"]}
POWER_MONITOR_RECORD {"timestamp_pacific": "2026-08-04T20:42:30.886-07:00", "status": "ok", "reasons": ["heartbeat"]}
POWER_MONITOR_RECORD {"timestamp_pacific": "2026-08-04T20:43:31.218-07:00", "status": "ok", "reasons": ["heartbeat"]}
POWER_MONITOR_RECORD {"timestamp_pacific": "2026-08-04T20:44:31.552-07:00", "status": "ok", "reasons": ["heartbeat"]}
POWER_MONITOR_RECORD {"timestamp_pacific": "2026-08-04T20:45:31.885-07:00", "status": "ok", "reasons": ["heartbeat"]}
POWER_MONITOR_RECORD {"timestamp_pacific": "2026-08-04T20:46:32.235-07:00", "status": "ok", "reasons": ["heartbeat"]}
POWER_MONITOR_RECORD {"timestamp_pacific": "2026-08-04T20:47:32.568-07:00", "status": "ok", "reasons": ["heartbeat"]}
POWER_MONITOR_RECORD {"timestamp_pacific": "2026-08-04T20:48:32.901-07:00", "status": "ok", "reasons": ["heartbeat"]}
POWER_MONITOR_RECORD {"timestamp_pacific": "2026-08-04T20:49:33.234-07:00", "status": "ok", "reasons": ["heartbeat"]}
POWER_MONITOR_RECORD {"timestamp_pacific": "2026-08-04T20:50:33.582-07:00", "status": "ok", "reasons": ["heartbeat"]}
POWER_MONITOR_RECORD {"timestamp_pacific": "2026-08-04T20:51:33.930-07:00", "status": "ok", "reasons": ["heartbeat"]}
POWER_MONITOR_RECORD {"timestamp_pacific": "2026-08-04T20:52:34.261-07:00", "status": "ok", "reasons": ["heartbeat"]}
POWER_MONITOR_RECORD {"timestamp_pacific": "2026-08-04T20:52:53.370-07:00", "status": "ok", "reasons": ["current_change", "power_change", "heater_on"]}
POWER_MONITOR_RECORD {"timestamp_pacific": "2026-08-04T20:52:57.394-07:00", "status": "ok", "reasons": ["current_change"]}
POWER_MONITOR_RECORD {"timestamp_pacific": "2026-08-04T20:52:59.406-07:00", "status": "ok", "reasons": ["current_change"]}
POWER_MONITOR_RECORD {"timestamp_pacific": "2026-08-04T20:53:22.541-07:00", "status": "ok", "reasons": ["current_change"]}
POWER_MONITOR_RECORD {"timestamp_pacific": "2026-08-04T20:53:25.560-07:00", "status": "ok", "reasons": ["current_change"]}
POWER_MONITOR_RECORD {"timestamp_pacific": "2026-08-04T20:53:36.625-07:00", "status": "ok", "reasons": ["current_change"]}
POWER_MONITOR_RECORD {"timestamp_pacific": "2026-08-04T20:53:38.637-07:00", "status": "ok", "reasons": ["current_change"]}
POWER_MONITOR_RECORD {"timestamp_pacific": "2026-08-04T20:53:39.644-07:00", "status": "ok", "reasons": ["current_change"]}
POWER_MONITOR_RECORD {"timestamp_pacific": "2026-08-04T20:53:40.650-07:00", "status": "ok", "reasons": ["current_change"]}
POWER_MONITOR_RECORD {"timestamp_pacific": "2026-08-04T20:53:43.668-07:00", "status": "ok", "reasons": ["current_change"]}
POWER_MONITOR_RECORD {"timestamp_pacific": "2026-08-04T20:53:44.675-07:00", "status": "ok", "reasons": ["current_change"]}
POWER_MONITOR_RECORD {"timestamp_pacific": "2026-08-04T20:53:46.687-07:00", "status": "ok", "reasons": ["current_change"]}
POWER_MONITOR_RECORD {"timestamp_pacific": "2026-08-04T20:53:49.705-07:00", "status": "ok", "reasons": ["current_change"]}
POWER_MONITOR_RECORD {"timestamp_pacific": "2026-08-04T20:53:56.747-07:00", "status": "ok", "reasons": ["current_change", "power_change"]}
POWER_MONITOR_RECORD {"timestamp_pacific": "2026-08-04T20:53:57.754-07:00", "status": "ok", "reasons": ["current_change", "power_change"]}
POWER_MONITOR_RECORD {"timestamp_pacific": "2026-08-04T20:53:58.760-07:00", "status": "ok", "reasons": ["current_change", "power_change"]}
POWER_MONITOR_RECORD {"timestamp_pacific": "2026-08-04T20:53:59.767-07:00", "status": "ok", "reasons": ["current_change"]}
POWER_MONITOR_RECORD {"timestamp_pacific": "2026-08-04T20:54:00.773-07:00", "status": "ok", "reasons": ["current_change"]}
POWER_MONITOR_RECORD {"timestamp_pacific": "2026-08-04T20:54:02.786-07:00", "status": "ok", "reasons": ["current_change"]}
POWER_MONITOR_RECORD {"timestamp_pacific": "2026-08-04T20:54:04.800-07:00", "status": "ok", "reasons": ["current_change"]}
POWER_MONITOR_RECORD {"timestamp_pacific": "2026-08-04T20:54:06.812-07:00", "status": "ok", "reasons": ["current_change"]}
POWER_MONITOR_RECORD {"timestamp_pacific": "2026-08-04T20:54:09.830-07:00", "status": "ok", "reasons": ["current_change"]}
POWER_MONITOR_RECORD {"timestamp_pacific": "2026-08-04T20:54:10.837-07:00", "status": "ok", "reasons": ["current_change", "power_change"]}
POWER_MONITOR_RECORD {"timestamp_pacific": "2026-08-04T20:54:11.843-07:00", "status": "ok", "reasons": ["current_change", "power_change"]}
POWER_MONITOR_RECORD {"timestamp_pacific": "2026-08-04T20:54:12.850-07:00", "status": "ok", "reasons": ["current_change"]}
POWER_MONITOR_RECORD {"timestamp_pacific": "2026-08-04T20:54:13.856-07:00", "status": "ok", "reasons": ["current_change"]}
POWER_MONITOR_RECORD {"timestamp_pacific": "2026-08-04T20:54:14.863-07:00", "status": "ok", "reasons": ["current_change"]}
POWER_MONITOR_RECORD {"timestamp_pacific": "2026-08-04T20:54:15.870-07:00", "status": "ok", "reasons": ["current_change"]}
POWER_MONITOR_RECORD {"timestamp_pacific": "2026-08-04T20:54:16.877-07:00", "status": "ok", "reasons": ["current_change"]}
POWER_MONITOR_RECORD {"timestamp_pacific": "2026-08-04T20:54:17.883-07:00", "status": "ok", "reasons": ["current_change"]}
POWER_MONITOR_RECORD {"timestamp_pacific": "2026-08-04T20:54:19.896-07:00", "status": "ok", "reasons": ["current_change"]}
POWER_MONITOR_RECORD {"timestamp_pacific": "2026-08-04T20:54:22.915-07:00", "status": "ok", "reasons": ["current_change"]}
POWER_MONITOR_RECORD {"timestamp_pacific": "2026-08-04T20:54:24.928-07:00", "status": "ok", "reasons": ["current_change"]}
POWER_MONITOR_RECORD {"timestamp_pacific": "2026-08-04T20:54:29.959-07:00", "status": "ok", "reasons": ["current_change"]}
POWER_MONITOR_RECORD {"timestamp_pacific": "2026-08-04T20:54:30.966-07:00", "status": "ok", "reasons": ["current_change"]}
POWER_MONITOR_RECORD {"timestamp_pacific": "2026-08-04T20:54:37.001-07:00", "status": "ok", "reasons": ["current_change"]}
POWER_MONITOR_RECORD {"timestamp_pacific": "2026-08-04T20:54:38.008-07:00", "status": "ok", "reasons": ["current_change"]}
POWER_MONITOR_RECORD {"timestamp_pacific": "2026-08-04T20:54:43.020-07:00", "status": "ok", "reasons": ["current_change"]}
POWER_MONITOR_RECORD {"timestamp_pacific": "2026-08-04T20:54:46.038-07:00", "status": "ok", "reasons": ["current_change"]}
POWER_MONITOR_RECORD {"timestamp_pacific": "2026-08-04T20:54:47.044-07:00", "status": "ok", "reasons": ["current_change"]}
POWER_MONITOR_RECORD {"timestamp_pacific": "2026-08-04T20:54:48.051-07:00", "status": "ok", "reasons": ["current_change"]}
POWER_MONITOR_RECORD {"timestamp_pacific": "2026-08-04T20:54:49.059-07:00", "status": "ok", "reasons": ["current_change"]}
POWER_MONITOR_RECORD {"timestamp_pacific": "2026-08-04T20:54:50.065-07:00", "status": "ok", "reasons": ["current_change"]}
POWER_MONITOR_RECORD {"timestamp_pacific": "2026-08-04T20:55:00.124-07:00", "status": "ok", "reasons": ["current_change"]}
POWER_MONITOR_RECORD {"timestamp_pacific": "2026-08-04T20:55:12.194-07:00", "status": "ok", "reasons": ["current_change"]}
POWER_MONITOR_RECORD {"timestamp_pacific": "2026-08-04T20:55:15.212-07:00", "status": "ok", "reasons": ["current_change"]}
POWER_MONITOR_RECORD {"timestamp_pacific": "2026-08-04T20:55:17.224-07:00", "status": "ok", "reasons": ["current_change"]}
POWER_MONITOR_RECORD {"timestamp_pacific": "2026-08-04T20:55:18.232-07:00", "status": "ok", "reasons": ["current_change"]}
POWER_MONITOR_RECORD {"timestamp_pacific": "2026-08-04T20:55:21.250-07:00", "status": "ok", "reasons": ["current_change"]}
POWER_MONITOR_RECORD {"timestamp_pacific": "2026-08-04T20:55:26.280-07:00", "status": "ok", "reasons": ["current_change"]}
POWER_MONITOR_RECORD {"timestamp_pacific": "2026-08-04T20:55:56.438-07:00", "status": "ok", "reasons": ["current_change"]}
POWER_MONITOR_RECORD {"timestamp_pacific": "2026-08-04T20:56:02.474-07:00", "status": "ok", "reasons": ["current_change"]}
POWER_MONITOR_RECORD {"timestamp_pacific": "2026-08-04T20:56:07.505-07:00", "status": "ok", "reasons": ["current_change"]}
POWER_MONITOR_RECORD {"timestamp_pacific": "2026-08-04T20:56:16.558-07:00", "status": "ok", "reasons": ["current_change"]}
POWER_MONITOR_RECORD {"timestamp_pacific": "2026-08-04T20:56:17.567-07:00", "status": "ok", "reasons": ["current_change"]}
POWER_MONITOR_RECORD {"timestamp_pacific": "2026-08-04T20:56:22.597-07:00", "status": "ok", "reasons": ["current_change"]}
POWER_MONITOR_RECORD {"timestamp_pacific": "2026-08-04T20:56:27.627-07:00", "status": "ok", "reasons": ["current_change"]}
POWER_MONITOR_RECORD {"timestamp_pacific": "2026-08-04T20:56:29.639-07:00", "status": "ok", "reasons": ["current_change"]}
POWER_MONITOR_RECORD {"timestamp_pacific": "2026-08-04T20:56:49.757-07:00", "status": "ok", "reasons": ["current_change"]}
POWER_MONITOR_RECORD {"timestamp_pacific": "2026-08-04T20:56:51.769-07:00", "status": "ok", "reasons": ["current_change"]}
POWER_MONITOR_RECORD {"timestamp_pacific": "2026-08-04T20:56:55.793-07:00", "status": "ok", "reasons": ["current_change"]}
POWER_MONITOR_RECORD {"timestamp_pacific": "2026-08-04T20:56:57.806-07:00", "status": "ok", "reasons": ["current_change"]}
POWER_MONITOR_RECORD {"timestamp_pacific": "2026-08-04T20:57:06.859-07:00", "status": "ok", "reasons": ["current_change"]}
POWER_MONITOR_RECORD {"timestamp_pacific": "2026-08-04T20:57:08.872-07:00", "status": "ok", "reasons": ["current_change"]}
POWER_MONITOR_RECORD {"timestamp_pacific": "2026-08-04T20:57:20.942-07:00", "status": "ok", "reasons": ["current_change"]}
POWER_MONITOR_RECORD {"timestamp_pacific": "2026-08-04T20:57:21.948-07:00", "status": "ok", "reasons": ["current_change"]}
POWER_MONITOR_RECORD {"timestamp_pacific": "2026-08-04T20:57:22.955-07:00", "status": "ok", "reasons": ["current_change"]}
POWER_MONITOR_RECORD {"timestamp_pacific": "2026-08-04T20:57:25.973-07:00", "status": "ok", "reasons": ["current_change"]}
POWER_MONITOR_RECORD {"timestamp_pacific": "2026-08-04T20:57:38.044-07:00", "status": "ok", "reasons": ["current_change"]}
POWER_MONITOR_RECORD {"timestamp_pacific": "2026-08-04T20:57:41.051-07:00", "status": "ok", "reasons": ["current_change"]}
POWER_MONITOR_RECORD {"timestamp_pacific": "2026-08-04T20:57:44.062-07:00", "status": "ok", "reasons": ["current_change"]}
POWER_MONITOR_RECORD {"timestamp_pacific": "2026-08-04T20:57:56.133-07:00", "status": "ok", "reasons": ["current_change"]}
POWER_MONITOR_RECORD {"timestamp_pacific": "2026-08-04T20:58:20.271-07:00", "status": "ok", "reasons": ["current_change"]}
POWER_MONITOR_RECORD {"timestamp_pacific": "2026-08-04T20:58:22.284-07:00", "status": "ok", "reasons": ["current_change"]}
POWER_MONITOR_RECORD {"timestamp_pacific": "2026-08-04T20:58:24.296-07:00", "status": "ok", "reasons": ["current_change"]}
POWER_MONITOR_RECORD {"timestamp_pacific": "2026-08-04T20:58:54.454-07:00", "status": "ok", "reasons": ["current_change"]}
POWER_MONITOR_RECORD {"timestamp_pacific": "2026-08-04T20:58:58.478-07:00", "status": "ok", "reasons": ["current_change"]}
POWER_MONITOR_RECORD {"timestamp_pacific": "2026-08-04T20:59:03.508-07:00", "status": "ok", "reasons": ["current_change"]}
POWER_MONITOR_RECORD {"timestamp_pacific": "2026-08-04T20:59:17.590-07:00", "status": "ok", "reasons": ["current_change"]}
POWER_MONITOR_RECORD {"timestamp_pacific": "2026-08-04T20:59:18.597-07:00", "status": "ok", "reasons": ["current_change"]}
POWER_MONITOR_RECORD {"timestamp_pacific": "2026-08-04T20:59:44.749-07:00", "status": "ok", "reasons": ["current_change"]}
POWER_MONITOR_RECORD {"timestamp_pacific": "2026-08-04T20:59:47.767-07:00", "status": "ok", "reasons": ["current_change"]}
POWER_MONITOR_RECORD {"timestamp_pacific": "2026-08-04T20:59:56.821-07:00", "status": "ok", "reasons": ["current_change"]}
POWER_MONITOR_RECORD {"timestamp_pacific": "2026-08-04T21:00:22.973-07:00", "status": "ok", "reasons": ["current_change"]}
POWER_MONITOR_RECORD {"timestamp_pacific": "2026-08-04T21:00:39.067-07:00", "status": "ok", "reasons": ["current_change"]}
POWER_MONITOR_RECORD {"timestamp_pacific": "2026-08-04T21:00:49.126-07:00", "status": "ok", "reasons": ["current_change"]}
POWER_MONITOR_RECORD {"timestamp_pacific": "2026-08-04T21:00:55.162-07:00", "status": "ok", "reasons": ["current_change"]}
POWER_MONITOR_RECORD {"timestamp_pacific": "2026-08-04T21:00:57.174-07:00", "status": "ok", "reasons": ["current_change"]}
POWER_MONITOR_RECORD {"timestamp_pacific": "2026-08-04T21:01:04.216-07:00", "status": "ok", "reasons": ["current_change"]}
POWER_MONITOR_RECORD {"timestamp_pacific": "2026-08-04T21:01:05.222-07:00", "status": "ok", "reasons": ["current_change"]}
POWER_MONITOR_RECORD {"timestamp_pacific": "2026-08-04T21:01:06.229-07:00", "status": "ok", "reasons": ["current_change"]}
POWER_MONITOR_RECORD {"timestamp_pacific": "2026-08-04T21:01:09.247-07:00", "status": "ok", "reasons": ["current_change"]}
POWER_MONITOR_RECORD {"timestamp_pacific": "2026-08-04T21:01:18.300-07:00", "status": "ok", "reasons": ["current_change"]}
POWER_MONITOR_RECORD {"timestamp_pacific": "2026-08-04T21:01:19.307-07:00", "status": "ok", "reasons": ["current_change"]}
POWER_MONITOR_RECORD {"timestamp_pacific": "2026-08-04T21:01:28.360-07:00", "status": "ok", "reasons": ["current_change"]}
POWER_MONITOR_RECORD {"timestamp_pacific": "2026-08-04T21:02:28.693-07:00", "status": "ok", "reasons": ["heartbeat"]}
POWER_MONITOR_RECORD {"timestamp_pacific": "2026-08-04T21:02:54.846-07:00", "status": "ok", "reasons": ["current_change"]}
POWER_MONITOR_RECORD {"timestamp_pacific": "2026-08-04T21:02:55.852-07:00", "status": "ok", "reasons": ["current_change"]}
POWER_MONITOR_RECORD {"timestamp_pacific": "2026-08-04T21:03:56.203-07:00", "status": "ok", "reasons": ["heartbeat"]}
POWER_MONITOR_RECORD {"timestamp_pacific": "2026-08-04T21:04:51.507-07:00", "status": "ok", "reasons": ["current_change"]}
POWER_MONITOR_RECORD {"timestamp_pacific": "2026-08-04T21:04:54.525-07:00", "status": "ok", "reasons": ["current_change"]}
POWER_MONITOR_RECORD {"timestamp_pacific": "2026-08-04T21:04:55.532-07:00", "status": "ok", "reasons": ["current_change"]}
POWER_MONITOR_RECORD {"timestamp_pacific": "2026-08-04T21:05:55.864-07:00", "status": "ok", "reasons": ["heartbeat"]}
POWER_MONITOR_RECORD {"timestamp_pacific": "2026-08-04T21:06:54.201-07:00", "status": "ok", "reasons": ["current_change"]}
POWER_MONITOR_RECORD {"timestamp_pacific": "2026-08-04T21:06:55.208-07:00", "status": "ok", "reasons": ["current_change"]}
POWER_MONITOR_RECORD {"timestamp_pacific": "2026-08-04T21:07:26.388-07:00", "status": "ok", "reasons": ["current_change"]}
POWER_MONITOR_RECORD {"timestamp_pacific": "2026-08-04T21:07:29.406-07:00", "status": "ok", "reasons": ["current_change"]}
POWER_MONITOR_RECORD {"timestamp_pacific": "2026-08-04T21:07:31.418-07:00", "status": "ok", "reasons": ["current_change"]}
POWER_MONITOR_RECORD {"timestamp_pacific": "2026-08-04T21:07:41.465-07:00", "status": "ok", "reasons": ["current_change"]}
POWER_MONITOR_RECORD {"timestamp_pacific": "2026-08-04T21:08:41.798-07:00", "status": "ok", "reasons": ["heartbeat"]}
POWER_MONITOR_RECORD {"timestamp_pacific": "2026-08-04T21:08:53.865-07:00", "status": "ok", "reasons": ["current_change"]}
POWER_MONITOR_RECORD {"timestamp_pacific": "2026-08-04T21:08:54.872-07:00", "status": "ok", "reasons": ["current_change"]}
POWER_MONITOR_RECORD {"timestamp_pacific": "2026-08-04T21:09:55.204-07:00", "status": "ok", "reasons": ["heartbeat"]}
POWER_MONITOR_RECORD {"timestamp_pacific": "2026-08-04T21:10:26.386-07:00", "status": "ok", "reasons": ["current_change"]}
POWER_MONITOR_RECORD {"timestamp_pacific": "2026-08-04T21:10:27.392-07:00", "status": "ok", "reasons": ["current_change"]}
POWER_MONITOR_RECORD {"timestamp_pacific": "2026-08-04T21:10:28.399-07:00", "status": "ok", "reasons": ["current_change"]}
POWER_MONITOR_RECORD {"timestamp_pacific": "2026-08-04T21:10:30.411-07:00", "status": "ok", "reasons": ["current_change"]}
POWER_MONITOR_RECORD {"timestamp_pacific": "2026-08-04T21:10:44.493-07:00", "status": "ok", "reasons": ["current_change"]}
POWER_MONITOR_RECORD {"timestamp_pacific": "2026-08-04T21:10:52.541-07:00", "status": "ok", "reasons": ["current_change"]}
POWER_MONITOR_RECORD {"timestamp_pacific": "2026-08-04T21:10:53.547-07:00", "status": "ok", "reasons": ["current_change"]}
POWER_MONITOR_RECORD {"timestamp_pacific": "2026-08-04T21:10:54.554-07:00", "status": "ok", "reasons": ["current_change"]}
POWER_MONITOR_RECORD {"timestamp_pacific": "2026-08-04T21:11:23.724-07:00", "status": "ok", "reasons": ["current_change"]}
POWER_MONITOR_RECORD {"timestamp_pacific": "2026-08-04T21:11:25.736-07:00", "status": "ok", "reasons": ["current_change"]}
POWER_MONITOR_RECORD {"timestamp_pacific": "2026-08-04T21:11:35.795-07:00", "status": "ok", "reasons": ["current_change"]}
POWER_MONITOR_RECORD {"timestamp_pacific": "2026-08-04T21:11:36.802-07:00", "status": "ok", "reasons": ["current_change"]}
POWER_MONITOR_RECORD {"timestamp_pacific": "2026-08-04T21:11:41.831-07:00", "status": "ok", "reasons": ["current_change"]}
POWER_MONITOR_RECORD {"timestamp_pacific": "2026-08-04T21:11:42.840-07:00", "status": "ok", "reasons": ["current_change"]}
POWER_MONITOR_RECORD {"timestamp_pacific": "2026-08-04T21:11:46.865-07:00", "status": "ok", "reasons": ["current_change"]}
POWER_MONITOR_RECORD {"timestamp_pacific": "2026-08-04T21:11:49.883-07:00", "status": "ok", "reasons": ["current_change"]}
POWER_MONITOR_RECORD {"timestamp_pacific": "2026-08-04T21:11:59.943-07:00", "status": "ok", "reasons": ["current_change"]}
POWER_MONITOR_RECORD {"timestamp_pacific": "2026-08-04T21:12:01.955-07:00", "status": "ok", "reasons": ["current_change"]}
POWER_MONITOR_RECORD {"timestamp_pacific": "2026-08-04T21:12:02.962-07:00", "status": "ok", "reasons": ["current_change"]}
POWER_MONITOR_RECORD {"timestamp_pacific": "2026-08-04T21:12:06.986-07:00", "status": "ok", "reasons": ["current_change"]}
POWER_MONITOR_RECORD {"timestamp_pacific": "2026-08-04T21:12:15.034-07:00", "status": "ok", "reasons": ["current_change"]}
POWER_MONITOR_RECORD {"timestamp_pacific": "2026-08-04T21:12:21.070-07:00", "status": "ok", "reasons": ["current_change"]}
POWER_MONITOR_RECORD {"timestamp_pacific": "2026-08-04T21:12:22.076-07:00", "status": "ok", "reasons": ["current_change"]}
POWER_MONITOR_RECORD {"timestamp_pacific": "2026-08-04T21:12:28.112-07:00", "status": "ok", "reasons": ["current_change"]}
POWER_MONITOR_RECORD {"timestamp_pacific": "2026-08-04T21:12:29.118-07:00", "status": "ok", "reasons": ["current_change"]}
POWER_MONITOR_RECORD {"timestamp_pacific": "2026-08-04T21:12:30.125-07:00", "status": "ok", "reasons": ["current_change"]}
POWER_MONITOR_RECORD {"timestamp_pacific": "2026-08-04T21:12:31.132-07:00", "status": "ok", "reasons": ["current_change"]}
POWER_MONITOR_RECORD {"timestamp_pacific": "2026-08-04T21:12:34.150-07:00", "status": "ok", "reasons": ["current_change"]}
POWER_MONITOR_RECORD {"timestamp_pacific": "2026-08-04T21:12:36.162-07:00", "status": "ok", "reasons": ["current_change"]}
POWER_MONITOR_RECORD {"timestamp_pacific": "2026-08-04T21:12:37.169-07:00", "status": "ok", "reasons": ["current_change"]}
POWER_MONITOR_RECORD {"timestamp_pacific": "2026-08-04T21:12:43.188-07:00", "status": "ok", "reasons": ["current_change"]}
POWER_MONITOR_RECORD {"timestamp_pacific": "2026-08-04T21:12:44.194-07:00", "status": "ok", "reasons": ["current_change"]}
POWER_MONITOR_RECORD {"timestamp_pacific": "2026-08-04T21:12:53.247-07:00", "status": "ok", "reasons": ["current_change"]}
POWER_MONITOR_RECORD {"timestamp_pacific": "2026-08-04T21:12:54.254-07:00", "status": "ok", "reasons": ["current_change"]}
POWER_MONITOR_RECORD {"timestamp_pacific": "2026-08-04T21:13:02.301-07:00", "status": "ok", "reasons": ["current_change"]}
POWER_MONITOR_RECORD {"timestamp_pacific": "2026-08-04T21:13:03.308-07:00", "status": "ok", "reasons": ["current_change"]}
POWER_MONITOR_RECORD {"timestamp_pacific": "2026-08-04T21:13:52.577-07:00", "status": "ok", "reasons": ["current_change"]}
POWER_MONITOR_RECORD {"timestamp_pacific": "2026-08-04T21:13:53.583-07:00", "status": "ok", "reasons": ["current_change"]}
POWER_MONITOR_RECORD {"timestamp_pacific": "2026-08-04T21:13:57.607-07:00", "status": "ok", "reasons": ["current_change"]}
POWER_MONITOR_RECORD {"timestamp_pacific": "2026-08-04T21:13:58.614-07:00", "status": "ok", "reasons": ["current_change"]}
POWER_MONITOR_RECORD {"timestamp_pacific": "2026-08-04T21:14:00.626-07:00", "status": "ok", "reasons": ["current_change"]}
POWER_MONITOR_RECORD {"timestamp_pacific": "2026-08-04T21:14:01.633-07:00", "status": "ok", "reasons": ["current_change"]}
POWER_MONITOR_RECORD {"timestamp_pacific": "2026-08-04T21:14:04.651-07:00", "status": "ok", "reasons": ["current_change"]}
POWER_MONITOR_RECORD {"timestamp_pacific": "2026-08-04T21:14:26.780-07:00", "status": "ok", "reasons": ["current_change"]}
POWER_MONITOR_RECORD {"timestamp_pacific": "2026-08-04T21:14:28.792-07:00", "status": "ok", "reasons": ["current_change"]}
POWER_MONITOR_RECORD {"timestamp_pacific": "2026-08-04T21:14:29.799-07:00", "status": "ok", "reasons": ["current_change"]}
POWER_MONITOR_RECORD {"timestamp_pacific": "2026-08-04T21:14:30.805-07:00", "status": "ok", "reasons": ["current_change"]}
POWER_MONITOR_RECORD {"timestamp_pacific": "2026-08-04T21:14:32.818-07:00", "status": "ok", "reasons": ["current_change"]}
POWER_MONITOR_RECORD {"timestamp_pacific": "2026-08-04T21:14:33.824-07:00", "status": "ok", "reasons": ["current_change"]}
POWER_MONITOR_RECORD {"timestamp_pacific": "2026-08-04T21:14:47.889-07:00", "status": "ok", "reasons": ["current_change"]}
POWER_MONITOR_RECORD {"timestamp_pacific": "2026-08-04T21:14:49.902-07:00", "status": "ok", "reasons": ["current_change"]}
POWER_MONITOR_RECORD {"timestamp_pacific": "2026-08-04T21:14:51.914-07:00", "status": "ok", "reasons": ["current_change"]}
POWER_MONITOR_RECORD {"timestamp_pacific": "2026-08-04T21:14:52.921-07:00", "status": "ok", "reasons": ["current_change"]}
POWER_MONITOR_RECORD {"timestamp_pacific": "2026-08-04T21:14:53.927-07:00", "status": "ok", "reasons": ["current_change"]}
POWER_MONITOR_RECORD {"timestamp_pacific": "2026-08-04T21:14:54.934-07:00", "status": "ok", "reasons": ["current_change"]}
POWER_MONITOR_RECORD {"timestamp_pacific": "2026-08-04T21:15:08.011-07:00", "status": "ok", "reasons": ["current_change"]}
POWER_MONITOR_RECORD {"timestamp_pacific": "2026-08-04T21:15:09.017-07:00", "status": "ok", "reasons": ["current_change"]}
POWER_MONITOR_RECORD {"timestamp_pacific": "2026-08-04T21:15:22.094-07:00", "status": "ok", "reasons": ["current_change"]}
POWER_MONITOR_RECORD {"timestamp_pacific": "2026-08-04T21:15:23.100-07:00", "status": "ok", "reasons": ["current_change"]}
POWER_MONITOR_RECORD {"timestamp_pacific": "2026-08-04T21:15:33.159-07:00", "status": "ok", "reasons": ["current_change"]}
POWER_MONITOR_RECORD {"timestamp_pacific": "2026-08-04T21:15:34.166-07:00", "status": "ok", "reasons": ["current_change"]}
POWER_MONITOR_RECORD {"timestamp_pacific": "2026-08-04T21:15:52.269-07:00", "status": "ok", "reasons": ["current_change"]}
POWER_MONITOR_RECORD {"timestamp_pacific": "2026-08-04T21:15:53.276-07:00", "status": "ok", "reasons": ["current_change"]}
POWER_MONITOR_RECORD {"timestamp_pacific": "2026-08-04T21:16:03.335-07:00", "status": "ok", "reasons": ["current_change"]}
POWER_MONITOR_RECORD {"timestamp_pacific": "2026-08-04T21:16:44.557-07:00", "status": "ok", "reasons": ["current_change"]}
POWER_MONITOR_RECORD {"timestamp_pacific": "2026-08-04T21:16:45.564-07:00", "status": "ok", "reasons": ["current_change"]}
POWER_MONITOR_RECORD {"timestamp_pacific": "2026-08-04T21:16:52.606-07:00", "status": "ok", "reasons": ["current_change"]}
POWER_MONITOR_RECORD {"timestamp_pacific": "2026-08-04T21:16:53.612-07:00", "status": "ok", "reasons": ["current_change"]}
POWER_MONITOR_RECORD {"timestamp_pacific": "2026-08-04T21:17:25.800-07:00", "status": "ok", "reasons": ["current_change"]}
POWER_MONITOR_RECORD {"timestamp_pacific": "2026-08-04T21:17:30.830-07:00", "status": "ok", "reasons": ["current_change"]}
POWER_MONITOR_RECORD {"timestamp_pacific": "2026-08-04T21:17:31.838-07:00", "status": "ok", "reasons": ["current_change"]}
POWER_MONITOR_RECORD {"timestamp_pacific": "2026-08-04T21:17:33.850-07:00", "status": "ok", "reasons": ["current_change"]}
POWER_MONITOR_RECORD {"timestamp_pacific": "2026-08-04T21:17:51.939-07:00", "status": "ok", "reasons": ["current_change"]}
POWER_MONITOR_RECORD {"timestamp_pacific": "2026-08-04T21:17:52.945-07:00", "status": "ok", "reasons": ["current_change"]}
POWER_MONITOR_RECORD {"timestamp_pacific": "2026-08-04T21:18:31.167-07:00", "status": "ok", "reasons": ["current_change"]}
POWER_MONITOR_RECORD {"timestamp_pacific": "2026-08-04T21:18:32.174-07:00", "status": "ok", "reasons": ["current_change"]}
POWER_MONITOR_RECORD {"timestamp_pacific": "2026-08-04T21:18:52.289-07:00", "status": "ok", "reasons": ["current_change"]}
POWER_MONITOR_RECORD {"timestamp_pacific": "2026-08-04T21:18:53.296-07:00", "status": "ok", "reasons": ["current_change"]}
POWER_MONITOR_RECORD {"timestamp_pacific": "2026-08-04T21:19:14.419-07:00", "status": "ok", "reasons": ["current_change"]}
POWER_MONITOR_RECORD {"timestamp_pacific": "2026-08-04T21:19:47.612-07:00", "status": "ok", "reasons": ["current_change"]}
POWER_MONITOR_RECORD {"timestamp_pacific": "2026-08-04T21:19:48.619-07:00", "status": "ok", "reasons": ["current_change"]}
POWER_MONITOR_RECORD {"timestamp_pacific": "2026-08-04T21:19:51.637-07:00", "status": "ok", "reasons": ["current_change"]}
POWER_MONITOR_RECORD {"timestamp_pacific": "2026-08-04T21:19:53.649-07:00", "status": "ok", "reasons": ["current_change"]}
POWER_MONITOR_RECORD {"timestamp_pacific": "2026-08-04T21:20:16.784-07:00", "status": "ok", "reasons": ["current_change"]}
POWER_MONITOR_RECORD {"timestamp_pacific": "2026-08-04T21:20:17.790-07:00", "status": "ok", "reasons": ["current_change"]}
POWER_MONITOR_RECORD {"timestamp_pacific": "2026-08-04T21:20:38.910-07:00", "status": "ok", "reasons": ["current_change"]}
POWER_MONITOR_RECORD {"timestamp_pacific": "2026-08-04T21:20:39.912-07:00", "status": "ok", "reasons": ["current_change"]}
POWER_MONITOR_RECORD {"timestamp_pacific": "2026-08-04T21:20:41.918-07:00", "status": "ok", "reasons": ["current_change"]}
POWER_MONITOR_RECORD {"timestamp_pacific": "2026-08-04T21:20:48.955-07:00", "status": "ok", "reasons": ["current_change"]}
POWER_MONITOR_RECORD {"timestamp_pacific": "2026-08-04T21:20:55.997-07:00", "status": "ok", "reasons": ["current_change"]}
POWER_MONITOR_RECORD {"timestamp_pacific": "2026-08-04T21:21:53.314-07:00", "status": "ok", "reasons": ["current_change"]}
POWER_MONITOR_RECORD {"timestamp_pacific": "2026-08-04T21:22:14.437-07:00", "status": "ok", "reasons": ["current_change"]}
POWER_MONITOR_RECORD {"timestamp_pacific": "2026-08-04T21:22:19.467-07:00", "status": "ok", "reasons": ["current_change"]}
POWER_MONITOR_RECORD {"timestamp_pacific": "2026-08-04T21:22:26.510-07:00", "status": "ok", "reasons": ["current_change"]}
POWER_MONITOR_RECORD {"timestamp_pacific": "2026-08-04T21:22:28.522-07:00", "status": "ok", "reasons": ["current_change"]}
POWER_MONITOR_RECORD {"timestamp_pacific": "2026-08-04T21:22:35.564-07:00", "status": "ok", "reasons": ["voltage_change"]}
POWER_MONITOR_RECORD {"timestamp_pacific": "2026-08-04T21:23:35.914-07:00", "status": "ok", "reasons": ["heartbeat"]}
POWER_MONITOR_RECORD {"timestamp_pacific": "2026-08-04T21:24:21.158-07:00", "status": "ok", "reasons": ["voltage_change"]}
POWER_MONITOR_RECORD {"timestamp_pacific": "2026-08-04T21:25:21.491-07:00", "status": "ok", "reasons": ["heartbeat"]}
POWER_MONITOR_RECORD {"timestamp_pacific": "2026-08-04T21:25:50.661-07:00", "status": "ok", "reasons": ["voltage_change"]}
POWER_MONITOR_RECORD {"timestamp_pacific": "2026-08-04T21:25:51.667-07:00", "status": "ok", "reasons": ["voltage_change"]}
POWER_MONITOR_RECORD {"timestamp_pacific": "2026-08-04T21:25:52.674-07:00", "status": "ok", "reasons": ["current_change"]}
POWER_MONITOR_RECORD {"timestamp_pacific": "2026-08-04T21:25:57.704-07:00", "status": "ok", "reasons": ["current_change"]}
POWER_MONITOR_RECORD {"timestamp_pacific": "2026-08-04T21:26:20.839-07:00", "status": "ok", "reasons": ["current_change"]}
POWER_MONITOR_RECORD {"timestamp_pacific": "2026-08-04T21:26:22.852-07:00", "status": "ok", "reasons": ["current_change"]}
POWER_MONITOR_RECORD {"timestamp_pacific": "2026-08-04T21:27:23.185-07:00", "status": "ok", "reasons": ["heartbeat"]}
POWER_MONITOR_RECORD {"timestamp_pacific": "2026-08-04T21:27:50.325-07:00", "status": "ok", "reasons": ["current_change"]}
POWER_MONITOR_RECORD {"timestamp_pacific": "2026-08-04T21:27:52.338-07:00", "status": "ok", "reasons": ["current_change"]}
POWER_MONITOR_RECORD {"timestamp_pacific": "2026-08-04T21:28:02.397-07:00", "status": "ok", "reasons": ["current_change"]}
POWER_MONITOR_RECORD {"timestamp_pacific": "2026-08-04T21:28:13.461-07:00", "status": "ok", "reasons": ["current_change"]}
POWER_MONITOR_RECORD {"timestamp_pacific": "2026-08-04T21:28:27.543-07:00", "status": "ok", "reasons": ["current_change"]}
POWER_MONITOR_RECORD {"timestamp_pacific": "2026-08-04T21:28:29.556-07:00", "status": "ok", "reasons": ["current_change"]}
POWER_MONITOR_RECORD {"timestamp_pacific": "2026-08-04T21:28:30.562-07:00", "status": "ok", "reasons": ["current_change"]}
POWER_MONITOR_RECORD {"timestamp_pacific": "2026-08-04T21:29:12.790-07:00", "status": "ok", "reasons": ["current_change"]}
POWER_MONITOR_RECORD {"timestamp_pacific": "2026-08-04T21:29:14.802-07:00", "status": "ok", "reasons": ["current_change"]}
POWER_MONITOR_RECORD {"timestamp_pacific": "2026-08-04T21:29:17.820-07:00", "status": "ok", "reasons": ["current_change"]}
POWER_MONITOR_RECORD {"timestamp_pacific": "2026-08-04T21:29:18.828-07:00", "status": "ok", "reasons": ["current_change"]}
POWER_MONITOR_RECORD {"timestamp_pacific": "2026-08-04T21:30:19.177-07:00", "status": "ok", "reasons": ["heartbeat"]}
POWER_MONITOR_RECORD {"timestamp_pacific": "2026-08-04T21:31:19.509-07:00", "status": "ok", "reasons": ["heartbeat"]}
POWER_MONITOR_RECORD {"timestamp_pacific": "2026-08-04T21:32:19.841-07:00", "status": "ok", "reasons": ["heartbeat"]}
POWER_MONITOR_RECORD {"timestamp_pacific": "2026-08-04T21:32:20.848-07:00", "status": "ok", "reasons": ["current_change"]}
POWER_MONITOR_RECORD {"timestamp_pacific": "2026-08-04T21:32:24.872-07:00", "status": "ok", "reasons": ["current_change"]}
POWER_MONITOR_RECORD {"timestamp_pacific": "2026-08-04T21:32:25.880-07:00", "status": "ok", "reasons": ["current_change"]}
POWER_MONITOR_RECORD {"timestamp_pacific": "2026-08-04T21:32:54.043-07:00", "status": "ok", "reasons": ["current_change"]}
POWER_MONITOR_RECORD {"timestamp_pacific": "2026-08-04T21:32:56.055-07:00", "status": "ok", "reasons": ["current_change"]}
POWER_MONITOR_RECORD {"timestamp_pacific": "2026-08-04T21:33:56.387-07:00", "status": "ok", "reasons": ["heartbeat"]}
POWER_MONITOR_RECORD {"timestamp_pacific": "2026-08-04T21:34:41.635-07:00", "status": "ok", "reasons": ["current_change"]}
POWER_MONITOR_RECORD {"timestamp_pacific": "2026-08-04T21:34:46.661-07:00", "status": "ok", "reasons": ["current_change"]}
POWER_MONITOR_RECORD {"timestamp_pacific": "2026-08-04T21:34:48.674-07:00", "status": "ok", "reasons": ["current_change"]}
POWER_MONITOR_RECORD {"timestamp_pacific": "2026-08-04T21:34:49.681-07:00", "status": "ok", "reasons": ["current_change"]}
POWER_MONITOR_RECORD {"timestamp_pacific": "2026-08-04T21:35:50.014-07:00", "status": "ok", "reasons": ["heartbeat"]}
POWER_MONITOR_RECORD {"timestamp_pacific": "2026-08-04T21:36:28.236-07:00", "status": "ok", "reasons": ["current_change"]}
POWER_MONITOR_RECORD {"timestamp_pacific": "2026-08-04T21:36:48.351-07:00", "status": "ok", "reasons": ["current_change"]}
POWER_MONITOR_RECORD {"timestamp_pacific": "2026-08-04T21:36:50.364-07:00", "status": "ok", "reasons": ["current_change"]}
POWER_MONITOR_RECORD {"timestamp_pacific": "2026-08-04T21:37:29.593-07:00", "status": "ok", "reasons": ["current_change"]}
POWER_MONITOR_RECORD {"timestamp_pacific": "2026-08-04T21:37:38.643-07:00", "status": "ok", "reasons": ["current_change"]}
POWER_MONITOR_RECORD {"timestamp_pacific": "2026-08-04T21:38:11.823-07:00", "status": "ok", "reasons": ["current_change"]}
POWER_MONITOR_RECORD {"timestamp_pacific": "2026-08-04T21:38:22.888-07:00", "status": "ok", "reasons": ["current_change"]}
POWER_MONITOR_RECORD {"timestamp_pacific": "2026-08-04T21:38:30.936-07:00", "status": "ok", "reasons": ["current_change"]}
POWER_MONITOR_RECORD {"timestamp_pacific": "2026-08-04T21:38:40.995-07:00", "status": "ok", "reasons": ["current_change"]}
POWER_MONITOR_RECORD {"timestamp_pacific": "2026-08-04T21:38:45.019-07:00", "status": "ok", "reasons": ["current_change"]}
POWER_MONITOR_RECORD {"timestamp_pacific": "2026-08-04T21:38:48.038-07:00", "status": "ok", "reasons": ["current_change"]}
POWER_MONITOR_RECORD {"timestamp_pacific": "2026-08-04T21:38:49.044-07:00", "status": "ok", "reasons": ["current_change"]}
POWER_MONITOR_RECORD {"timestamp_pacific": "2026-08-04T21:39:22.237-07:00", "status": "ok", "reasons": ["current_change"]}
POWER_MONITOR_RECORD {"timestamp_pacific": "2026-08-04T21:39:26.261-07:00", "status": "ok", "reasons": ["current_change"]}
POWER_MONITOR_RECORD {"timestamp_pacific": "2026-08-04T21:39:27.268-07:00", "status": "ok", "reasons": ["current_change"]}
POWER_MONITOR_RECORD {"timestamp_pacific": "2026-08-04T21:39:28.276-07:00", "status": "ok", "reasons": ["current_change"]}
POWER_MONITOR_RECORD {"timestamp_pacific": "2026-08-04T21:39:33.306-07:00", "status": "ok", "reasons": ["current_change"]}
POWER_MONITOR_RECORD {"timestamp_pacific": "2026-08-04T21:40:00.447-07:00", "status": "ok", "reasons": ["current_change"]}
POWER_MONITOR_RECORD {"timestamp_pacific": "2026-08-04T21:40:03.465-07:00", "status": "ok", "reasons": ["current_change"]}
POWER_MONITOR_RECORD {"timestamp_pacific": "2026-08-04T21:40:10.507-07:00", "status": "ok", "reasons": ["current_change"]}
POWER_MONITOR_RECORD {"timestamp_pacific": "2026-08-04T21:40:12.520-07:00", "status": "ok", "reasons": ["current_change"]}
POWER_MONITOR_RECORD {"timestamp_pacific": "2026-08-04T21:40:22.579-07:00", "status": "ok", "reasons": ["current_change"]}
POWER_MONITOR_RECORD {"timestamp_pacific": "2026-08-04T21:40:37.667-07:00", "status": "ok", "reasons": ["current_change"]}
POWER_MONITOR_RECORD {"timestamp_pacific": "2026-08-04T21:40:40.677-07:00", "status": "ok", "reasons": ["current_change"]}
POWER_MONITOR_RECORD {"timestamp_pacific": "2026-08-04T21:40:41.680-07:00", "status": "ok", "reasons": ["current_change"]}
POWER_MONITOR_RECORD {"timestamp_pacific": "2026-08-04T21:40:42.682-07:00", "status": "ok", "reasons": ["current_change"]}
POWER_MONITOR_RECORD {"timestamp_pacific": "2026-08-04T21:40:47.713-07:00", "status": "ok", "reasons": ["current_change"]}
POWER_MONITOR_RECORD {"timestamp_pacific": "2026-08-04T21:40:48.719-07:00", "status": "ok", "reasons": ["current_change"]}
POWER_MONITOR_RECORD {"timestamp_pacific": "2026-08-04T21:40:55.761-07:00", "status": "ok", "reasons": ["current_change"]}
POWER_MONITOR_RECORD {"timestamp_pacific": "2026-08-04T21:40:59.785-07:00", "status": "ok", "reasons": ["current_change"]}
POWER_MONITOR_RECORD {"timestamp_pacific": "2026-08-04T21:41:11.856-07:00", "status": "ok", "reasons": ["current_change"]}
POWER_MONITOR_RECORD {"timestamp_pacific": "2026-08-04T21:41:13.869-07:00", "status": "ok", "reasons": ["current_change"]}
POWER_MONITOR_RECORD {"timestamp_pacific": "2026-08-04T21:41:21.917-07:00", "status": "ok", "reasons": ["current_change"]}
POWER_MONITOR_RECORD {"timestamp_pacific": "2026-08-04T21:42:22.268-07:00", "status": "ok", "reasons": ["heartbeat"]}
POWER_MONITOR_RECORD {"timestamp_pacific": "2026-08-04T21:42:47.413-07:00", "status": "ok", "reasons": ["current_change"]}
POWER_MONITOR_RECORD {"timestamp_pacific": "2026-08-04T21:42:48.420-07:00", "status": "ok", "reasons": ["current_change"]}
POWER_MONITOR_RECORD {"timestamp_pacific": "2026-08-04T21:42:51.438-07:00", "status": "ok", "reasons": ["current_change"]}
POWER_MONITOR_RECORD {"timestamp_pacific": "2026-08-04T21:42:52.445-07:00", "status": "ok", "reasons": ["current_change"]}
POWER_MONITOR_RECORD {"timestamp_pacific": "2026-08-04T21:43:52.780-07:00", "status": "ok", "reasons": ["heartbeat"]}
POWER_MONITOR_RECORD {"timestamp_pacific": "2026-08-04T21:44:14.909-07:00", "status": "ok", "reasons": ["current_change"]}
POWER_MONITOR_RECORD {"timestamp_pacific": "2026-08-04T21:44:15.916-07:00", "status": "ok", "reasons": ["current_change"]}
POWER_MONITOR_RECORD {"timestamp_pacific": "2026-08-04T21:44:29.998-07:00", "status": "ok", "reasons": ["current_change"]}
POWER_MONITOR_RECORD {"timestamp_pacific": "2026-08-04T21:44:36.034-07:00", "status": "ok", "reasons": ["current_change"]}
POWER_MONITOR_RECORD {"timestamp_pacific": "2026-08-04T21:44:45.088-07:00", "status": "ok", "reasons": ["current_change"]}
POWER_MONITOR_RECORD {"timestamp_pacific": "2026-08-04T21:45:20.292-07:00", "status": "ok", "reasons": ["current_change"]}
POWER_MONITOR_RECORD {"timestamp_pacific": "2026-08-04T21:45:26.328-07:00", "status": "ok", "reasons": ["current_change"]}
POWER_MONITOR_RECORD {"timestamp_pacific": "2026-08-04T21:45:27.335-07:00", "status": "ok", "reasons": ["current_change"]}
POWER_MONITOR_RECORD {"timestamp_pacific": "2026-08-04T21:46:00.529-07:00", "status": "ok", "reasons": ["current_change"]}
POWER_MONITOR_RECORD {"timestamp_pacific": "2026-08-04T21:46:07.570-07:00", "status": "ok", "reasons": ["current_change"]}
POWER_MONITOR_RECORD {"timestamp_pacific": "2026-08-04T21:46:11.594-07:00", "status": "ok", "reasons": ["current_change"]}
POWER_MONITOR_RECORD {"timestamp_pacific": "2026-08-04T21:46:16.624-07:00", "status": "ok", "reasons": ["current_change"]}
POWER_MONITOR_RECORD {"timestamp_pacific": "2026-08-04T21:46:17.631-07:00", "status": "ok", "reasons": ["current_change"]}
POWER_MONITOR_RECORD {"timestamp_pacific": "2026-08-04T21:46:18.638-07:00", "status": "ok", "reasons": ["current_change"]}
POWER_MONITOR_RECORD {"timestamp_pacific": "2026-08-04T21:46:59.861-07:00", "status": "ok", "reasons": ["current_change"]}
POWER_MONITOR_RECORD {"timestamp_pacific": "2026-08-04T21:47:10.926-07:00", "status": "ok", "reasons": ["current_change"]}
POWER_MONITOR_RECORD {"timestamp_pacific": "2026-08-04T21:47:22.997-07:00", "status": "ok", "reasons": ["current_change"]}
POWER_MONITOR_RECORD {"timestamp_pacific": "2026-08-04T21:48:06.232-07:00", "status": "ok", "reasons": ["current_change"]}
POWER_MONITOR_RECORD {"timestamp_pacific": "2026-08-04T21:48:08.244-07:00", "status": "ok", "reasons": ["current_change"]}
POWER_MONITOR_RECORD {"timestamp_pacific": "2026-08-04T21:49:08.577-07:00", "status": "ok", "reasons": ["heartbeat"]}
POWER_MONITOR_RECORD {"timestamp_pacific": "2026-08-04T21:49:20.648-07:00", "status": "ok", "reasons": ["current_change"]}
POWER_MONITOR_RECORD {"timestamp_pacific": "2026-08-04T21:49:24.672-07:00", "status": "ok", "reasons": ["current_change"]}
POWER_MONITOR_RECORD {"timestamp_pacific": "2026-08-04T21:50:25.005-07:00", "status": "ok", "reasons": ["heartbeat"]}
POWER_MONITOR_RECORD {"timestamp_pacific": "2026-08-04T21:50:53.170-07:00", "status": "ok", "reasons": ["current_change"]}
POWER_MONITOR_RECORD {"timestamp_pacific": "2026-08-04T21:50:54.176-07:00", "status": "ok", "reasons": ["current_change"]}
POWER_MONITOR_RECORD {"timestamp_pacific": "2026-08-04T21:51:11.276-07:00", "status": "ok", "reasons": ["current_change"]}
POWER_MONITOR_RECORD {"timestamp_pacific": "2026-08-04T21:51:13.289-07:00", "status": "ok", "reasons": ["current_change"]}
POWER_MONITOR_RECORD {"timestamp_pacific": "2026-08-04T21:51:16.308-07:00", "status": "ok", "reasons": ["current_change"]}
POWER_MONITOR_RECORD {"timestamp_pacific": "2026-08-04T21:52:16.658-07:00", "status": "ok", "reasons": ["heartbeat"]}
POWER_MONITOR_RECORD {"timestamp_pacific": "2026-08-04T21:52:53.857-07:00", "status": "ok", "reasons": ["current_change"]}
POWER_MONITOR_RECORD {"timestamp_pacific": "2026-08-04T21:52:54.864-07:00", "status": "ok", "reasons": ["current_change"]}
POWER_MONITOR_RECORD {"timestamp_pacific": "2026-08-04T21:52:57.882-07:00", "status": "ok", "reasons": ["current_change"]}
POWER_MONITOR_RECORD {"timestamp_pacific": "2026-08-04T21:52:58.888-07:00", "status": "ok", "reasons": ["current_change"]}
POWER_MONITOR_RECORD {"timestamp_pacific": "2026-08-04T21:53:12.972-07:00", "status": "ok", "reasons": ["current_change"]}
POWER_MONITOR_RECORD {"timestamp_pacific": "2026-08-04T21:53:13.979-07:00", "status": "ok", "reasons": ["current_change"]}
POWER_MONITOR_RECORD {"timestamp_pacific": "2026-08-04T21:53:27.056-07:00", "status": "ok", "reasons": ["current_change"]}
POWER_MONITOR_RECORD {"timestamp_pacific": "2026-08-04T21:53:28.062-07:00", "status": "ok", "reasons": ["current_change"]}
POWER_MONITOR_RECORD {"timestamp_pacific": "2026-08-04T21:53:31.080-07:00", "status": "ok", "reasons": ["current_change"]}
POWER_MONITOR_RECORD {"timestamp_pacific": "2026-08-04T21:53:35.104-07:00", "status": "ok", "reasons": ["current_change"]}
POWER_MONITOR_RECORD {"timestamp_pacific": "2026-08-04T21:53:36.111-07:00", "status": "ok", "reasons": ["current_change"]}
POWER_MONITOR_RECORD {"timestamp_pacific": "2026-08-04T21:53:40.135-07:00", "status": "ok", "reasons": ["current_change"]}
POWER_MONITOR_RECORD {"timestamp_pacific": "2026-08-04T21:53:42.151-07:00", "status": "ok", "reasons": ["current_change"]}
POWER_MONITOR_RECORD {"timestamp_pacific": "2026-08-04T21:53:52.210-07:00", "status": "ok", "reasons": ["current_change"]}
POWER_MONITOR_RECORD {"timestamp_pacific": "2026-08-04T21:53:53.216-07:00", "status": "ok", "reasons": ["current_change"]}
POWER_MONITOR_RECORD {"timestamp_pacific": "2026-08-04T21:54:13.334-07:00", "status": "ok", "reasons": ["current_change"]}
POWER_MONITOR_RECORD {"timestamp_pacific": "2026-08-04T21:54:14.340-07:00", "status": "ok", "reasons": ["current_change"]}
POWER_MONITOR_RECORD {"timestamp_pacific": "2026-08-04T21:54:36.469-07:00", "status": "ok", "reasons": ["current_change"]}
POWER_MONITOR_RECORD {"timestamp_pacific": "2026-08-04T21:54:40.520-07:00", "status": "ok", "reasons": ["current_change"]}
POWER_MONITOR_RECORD {"timestamp_pacific": "2026-08-04T21:55:19.741-07:00", "status": "ok", "reasons": ["current_change"]}
POWER_MONITOR_RECORD {"timestamp_pacific": "2026-08-04T21:55:24.771-07:00", "status": "ok", "reasons": ["current_change"]}
POWER_MONITOR_RECORD {"timestamp_pacific": "2026-08-04T21:55:31.815-07:00", "status": "ok", "reasons": ["current_change"]}
POWER_MONITOR_RECORD {"timestamp_pacific": "2026-08-04T21:55:33.828-07:00", "status": "ok", "reasons": ["current_change"]}
POWER_MONITOR_RECORD {"timestamp_pacific": "2026-08-04T21:55:39.856-07:00", "status": "ok", "reasons": ["current_change"]}
POWER_MONITOR_RECORD {"timestamp_pacific": "2026-08-04T21:56:03.987-07:00", "status": "ok", "reasons": ["current_change"]}
POWER_MONITOR_RECORD {"timestamp_pacific": "2026-08-04T21:56:04.993-07:00", "status": "ok", "reasons": ["current_change"]}
POWER_MONITOR_RECORD {"timestamp_pacific": "2026-08-04T21:56:14.046-07:00", "status": "ok", "reasons": ["current_change"]}
POWER_MONITOR_RECORD {"timestamp_pacific": "2026-08-04T21:56:15.052-07:00", "status": "ok", "reasons": ["current_change"]}
POWER_MONITOR_RECORD {"timestamp_pacific": "2026-08-04T21:56:35.170-07:00", "status": "ok", "reasons": ["current_change"]}
POWER_MONITOR_RECORD {"timestamp_pacific": "2026-08-04T21:56:41.198-07:00", "status": "ok", "reasons": ["current_change"]}
POWER_MONITOR_RECORD {"timestamp_pacific": "2026-08-04T21:57:05.331-07:00", "status": "ok", "reasons": ["current_change"]}
POWER_MONITOR_RECORD {"timestamp_pacific": "2026-08-04T21:57:06.338-07:00", "status": "ok", "reasons": ["current_change"]}
POWER_MONITOR_RECORD {"timestamp_pacific": "2026-08-04T21:57:29.472-07:00", "status": "ok", "reasons": ["current_change"]}
POWER_MONITOR_RECORD {"timestamp_pacific": "2026-08-04T21:57:30.479-07:00", "status": "ok", "reasons": ["current_change"]}
POWER_MONITOR_RECORD {"timestamp_pacific": "2026-08-04T21:57:36.515-07:00", "status": "ok", "reasons": ["current_change"]}
POWER_MONITOR_RECORD {"timestamp_pacific": "2026-08-04T21:57:37.521-07:00", "status": "ok", "reasons": ["current_change"]}
POWER_MONITOR_RECORD {"timestamp_pacific": "2026-08-04T21:57:38.528-07:00", "status": "ok", "reasons": ["current_change"]}
POWER_MONITOR_RECORD {"timestamp_pacific": "2026-08-04T21:58:16.750-07:00", "status": "ok", "reasons": ["current_change"]}
POWER_MONITOR_RECORD {"timestamp_pacific": "2026-08-04T21:58:17.756-07:00", "status": "ok", "reasons": ["current_change"]}
POWER_MONITOR_RECORD {"timestamp_pacific": "2026-08-04T21:59:18.107-07:00", "status": "ok", "reasons": ["heartbeat"]}
POWER_MONITOR_RECORD {"timestamp_pacific": "2026-08-04T22:00:18.439-07:00", "status": "ok", "reasons": ["heartbeat"]}
POWER_MONITOR_RECORD {"timestamp_pacific": "2026-08-04T22:00:54.631-07:00", "status": "ok", "reasons": ["current_change"]}
POWER_MONITOR_RECORD {"timestamp_pacific": "2026-08-04T22:00:55.637-07:00", "status": "ok", "reasons": ["current_change"]}
POWER_MONITOR_RECORD {"timestamp_pacific": "2026-08-04T22:00:56.644-07:00", "status": "ok", "reasons": ["current_change"]}
POWER_MONITOR_RECORD {"timestamp_pacific": "2026-08-04T22:00:57.650-07:00", "status": "ok", "reasons": ["current_change"]}
POWER_MONITOR_RECORD {"timestamp_pacific": "2026-08-04T22:01:03.686-07:00", "status": "ok", "reasons": ["current_change"]}
POWER_MONITOR_RECORD {"timestamp_pacific": "2026-08-04T22:01:08.715-07:00", "status": "ok", "reasons": ["current_change"]}
POWER_MONITOR_RECORD {"timestamp_pacific": "2026-08-04T22:01:39.896-07:00", "status": "ok", "reasons": ["current_change"]}
POWER_MONITOR_RECORD {"timestamp_pacific": "2026-08-04T22:01:42.914-07:00", "status": "ok", "reasons": ["current_change"]}
POWER_MONITOR_RECORD {"timestamp_pacific": "2026-08-04T22:01:48.950-07:00", "status": "ok", "reasons": ["current_change"]}
POWER_MONITOR_RECORD {"timestamp_pacific": "2026-08-04T22:02:02.026-07:00", "status": "ok", "reasons": ["current_change"]}
POWER_MONITOR_RECORD {"timestamp_pacific": "2026-08-04T22:02:18.120-07:00", "status": "ok", "reasons": ["current_change"]}
POWER_MONITOR_RECORD {"timestamp_pacific": "2026-08-04T22:02:19.126-07:00", "status": "ok", "reasons": ["current_change"]}
POWER_MONITOR_RECORD {"timestamp_pacific": "2026-08-04T22:02:23.150-07:00", "status": "ok", "reasons": ["current_change"]}
POWER_MONITOR_RECORD {"timestamp_pacific": "2026-08-04T22:02:37.235-07:00", "status": "ok", "reasons": ["current_change"]}
POWER_MONITOR_RECORD {"timestamp_pacific": "2026-08-04T22:02:41.245-07:00", "status": "ok", "reasons": ["current_change"]}
POWER_MONITOR_RECORD {"timestamp_pacific": "2026-08-04T22:03:41.577-07:00", "status": "ok", "reasons": ["heartbeat"]}
POWER_MONITOR_RECORD {"timestamp_pacific": "2026-08-04T22:04:41.923-07:00", "status": "ok", "reasons": ["heartbeat"]}
POWER_MONITOR_RECORD {"timestamp_pacific": "2026-08-04T22:05:35.233-07:00", "status": "ok", "reasons": ["current_change"]}
POWER_MONITOR_RECORD {"timestamp_pacific": "2026-08-04T22:05:36.239-07:00", "status": "ok", "reasons": ["current_change"]}
POWER_MONITOR_RECORD {"timestamp_pacific": "2026-08-04T22:05:39.254-07:00", "status": "ok", "reasons": ["current_change"]}
POWER_MONITOR_RECORD {"timestamp_pacific": "2026-08-04T22:05:40.257-07:00", "status": "ok", "reasons": ["current_change"]}
POWER_MONITOR_RECORD {"timestamp_pacific": "2026-08-04T22:06:27.524-07:00", "status": "ok", "reasons": ["current_change"]}
POWER_MONITOR_RECORD {"timestamp_pacific": "2026-08-04T22:06:28.530-07:00", "status": "ok", "reasons": ["current_change"]}
POWER_MONITOR_RECORD {"timestamp_pacific": "2026-08-04T22:06:33.560-07:00", "status": "ok", "reasons": ["current_change"]}
POWER_MONITOR_RECORD {"timestamp_pacific": "2026-08-04T22:06:35.572-07:00", "status": "ok", "reasons": ["current_change"]}
POWER_MONITOR_RECORD {"timestamp_pacific": "2026-08-04T22:06:52.655-07:00", "status": "ok", "reasons": ["current_change"]}
POWER_MONITOR_RECORD {"timestamp_pacific": "2026-08-04T22:06:54.667-07:00", "status": "ok", "reasons": ["current_change"]}
POWER_MONITOR_RECORD {"timestamp_pacific": "2026-08-04T22:06:56.680-07:00", "status": "ok", "reasons": ["current_change"]}
POWER_MONITOR_RECORD {"timestamp_pacific": "2026-08-04T22:06:58.692-07:00", "status": "ok", "reasons": ["current_change"]}
POWER_MONITOR_RECORD {"timestamp_pacific": "2026-08-04T22:07:00.705-07:00", "status": "ok", "reasons": ["current_change"]}
POWER_MONITOR_RECORD {"timestamp_pacific": "2026-08-04T22:07:01.711-07:00", "status": "ok", "reasons": ["current_change"]}
POWER_MONITOR_RECORD {"timestamp_pacific": "2026-08-04T22:07:23.840-07:00", "status": "ok", "reasons": ["voltage_change"]}
POWER_MONITOR_RECORD {"timestamp_pacific": "2026-08-04T22:07:25.853-07:00", "status": "ok", "reasons": ["voltage_change"]}
POWER_MONITOR_RECORD {"timestamp_pacific": "2026-08-04T22:07:34.906-07:00", "status": "ok", "reasons": ["current_change"]}
POWER_MONITOR_RECORD {"timestamp_pacific": "2026-08-04T22:07:36.918-07:00", "status": "ok", "reasons": ["current_change"]}
POWER_MONITOR_RECORD {"timestamp_pacific": "2026-08-04T22:07:51.989-07:00", "status": "ok", "reasons": ["current_change"]}
POWER_MONITOR_RECORD {"timestamp_pacific": "2026-08-04T22:07:55.007-07:00", "status": "ok", "reasons": ["current_change"]}
POWER_MONITOR_RECORD {"timestamp_pacific": "2026-08-04T22:07:58.025-07:00", "status": "ok", "reasons": ["current_change"]}
POWER_MONITOR_RECORD {"timestamp_pacific": "2026-08-04T22:07:59.032-07:00", "status": "ok", "reasons": ["current_change"]}
POWER_MONITOR_RECORD {"timestamp_pacific": "2026-08-04T22:08:03.059-07:00", "status": "ok", "reasons": ["current_change"]}
POWER_MONITOR_RECORD {"timestamp_pacific": "2026-08-04T22:08:08.093-07:00", "status": "ok", "reasons": ["current_change"]}
POWER_MONITOR_RECORD {"timestamp_pacific": "2026-08-04T22:08:10.105-07:00", "status": "ok", "reasons": ["current_change"]}
POWER_MONITOR_RECORD {"timestamp_pacific": "2026-08-04T22:08:11.112-07:00", "status": "ok", "reasons": ["current_change"]}
POWER_MONITOR_RECORD {"timestamp_pacific": "2026-08-04T22:08:12.118-07:00", "status": "ok", "reasons": ["current_change"]}
POWER_MONITOR_RECORD {"timestamp_pacific": "2026-08-04T22:08:13.129-07:00", "status": "ok", "reasons": ["current_change"]}
POWER_MONITOR_RECORD {"timestamp_pacific": "2026-08-04T22:08:14.136-07:00", "status": "ok", "reasons": ["current_change"]}
POWER_MONITOR_RECORD {"timestamp_pacific": "2026-08-04T22:08:20.172-07:00", "status": "ok", "reasons": ["current_change"]}
POWER_MONITOR_RECORD {"timestamp_pacific": "2026-08-04T22:08:23.190-07:00", "status": "ok", "reasons": ["current_change"]}
POWER_MONITOR_RECORD {"timestamp_pacific": "2026-08-04T22:08:32.242-07:00", "status": "ok", "reasons": ["current_change"]}
POWER_MONITOR_RECORD {"timestamp_pacific": "2026-08-04T22:08:33.249-07:00", "status": "ok", "reasons": ["current_change"]}
POWER_MONITOR_RECORD {"timestamp_pacific": "2026-08-04T22:08:37.273-07:00", "status": "ok", "reasons": ["current_change"]}
POWER_MONITOR_RECORD {"timestamp_pacific": "2026-08-04T22:08:47.315-07:00", "status": "ok", "reasons": ["current_change"]}
POWER_MONITOR_RECORD {"timestamp_pacific": "2026-08-04T22:08:55.362-07:00", "status": "ok", "reasons": ["current_change"]}
POWER_MONITOR_RECORD {"timestamp_pacific": "2026-08-04T22:09:03.409-07:00", "status": "ok", "reasons": ["current_change"]}
POWER_MONITOR_RECORD {"timestamp_pacific": "2026-08-04T22:09:04.416-07:00", "status": "ok", "reasons": ["current_change"]}
POWER_MONITOR_RECORD {"timestamp_pacific": "2026-08-04T22:09:13.469-07:00", "status": "ok", "reasons": ["current_change"]}
POWER_MONITOR_RECORD {"timestamp_pacific": "2026-08-04T22:09:16.487-07:00", "status": "ok", "reasons": ["current_change"]}
POWER_MONITOR_RECORD {"timestamp_pacific": "2026-08-04T22:09:20.511-07:00", "status": "ok", "reasons": ["current_change"]}
POWER_MONITOR_RECORD {"timestamp_pacific": "2026-08-04T22:09:23.529-07:00", "status": "ok", "reasons": ["current_change"]}
POWER_MONITOR_RECORD {"timestamp_pacific": "2026-08-04T22:09:26.547-07:00", "status": "ok", "reasons": ["current_change"]}
POWER_MONITOR_RECORD {"timestamp_pacific": "2026-08-04T22:09:33.589-07:00", "status": "ok", "reasons": ["current_change"]}
POWER_MONITOR_RECORD {"timestamp_pacific": "2026-08-04T22:09:37.613-07:00", "status": "ok", "reasons": ["current_change"]}
POWER_MONITOR_RECORD {"timestamp_pacific": "2026-08-04T22:09:45.660-07:00", "status": "ok", "reasons": ["current_change"]}
POWER_MONITOR_RECORD {"timestamp_pacific": "2026-08-04T22:09:46.666-07:00", "status": "ok", "reasons": ["current_change"]}
POWER_MONITOR_RECORD {"timestamp_pacific": "2026-08-04T22:09:48.679-07:00", "status": "ok", "reasons": ["current_change"]}
POWER_MONITOR_RECORD {"timestamp_pacific": "2026-08-04T22:09:49.685-07:00", "status": "ok", "reasons": ["current_change"]}
POWER_MONITOR_RECORD {"timestamp_pacific": "2026-08-04T22:10:32.935-07:00", "status": "ok", "reasons": ["current_change"]}
POWER_MONITOR_RECORD {"timestamp_pacific": "2026-08-04T22:10:33.942-07:00", "status": "ok", "reasons": ["current_change"]}
POWER_MONITOR_RECORD {"timestamp_pacific": "2026-08-04T22:10:34.948-07:00", "status": "ok", "reasons": ["current_change"]}
POWER_MONITOR_RECORD {"timestamp_pacific": "2026-08-04T22:11:20.191-07:00", "status": "ok", "reasons": ["current_change"]}
POWER_MONITOR_RECORD {"timestamp_pacific": "2026-08-04T22:11:22.203-07:00", "status": "ok", "reasons": ["current_change"]}
POWER_MONITOR_RECORD {"timestamp_pacific": "2026-08-04T22:11:27.233-07:00", "status": "ok", "reasons": ["current_change"]}
POWER_MONITOR_RECORD {"timestamp_pacific": "2026-08-04T22:11:32.263-07:00", "status": "ok", "reasons": ["current_change"]}
POWER_MONITOR_RECORD {"timestamp_pacific": "2026-08-04T22:12:04.450-07:00", "status": "ok", "reasons": ["current_change"]}
POWER_MONITOR_RECORD {"timestamp_pacific": "2026-08-04T22:12:10.485-07:00", "status": "ok", "reasons": ["current_change"]}
POWER_MONITOR_RECORD {"timestamp_pacific": "2026-08-04T22:12:19.538-07:00", "status": "ok", "reasons": ["current_change"]}
POWER_MONITOR_RECORD {"timestamp_pacific": "2026-08-04T22:12:24.568-07:00", "status": "ok", "reasons": ["current_change"]}
POWER_MONITOR_RECORD {"timestamp_pacific": "2026-08-04T22:12:26.581-07:00", "status": "ok", "reasons": ["current_change"]}
POWER_MONITOR_STOPPED {"output_csv": "/home/pi/conformance_testing_team/saved_data/conformance_runs/WH-1/run_2026_08_04_161229_PDT/power.csv", "timestamp_pacific": "2026-08-04T22:12:47.721-07:00"}
