2026-09-01 19:36:48,744 INFO  [default] link ACK received: device_information
2026-09-01 19:36:48,896 INFO  [default] message type supported received: 2
2026-09-01 19:36:48,896 INFO  [default] device info response received. response code: 0 - success
2026-09-01 19:36:48,896 INFO  [default]   CTA-2045 version: B
2026-09-01 19:36:48,896 INFO  [default]   device type: 3 - Water Heater - Heat Pump
2026-09-01 19:36:48,896 INFO  [default]   vendor ID: 336
2026-09-01 19:36:48,937 INFO  [default] starting commodity service...
2026-09-01 19:36:48,937 INFO  [default] schedule processing is enabled
2026-09-01 19:36:49,099 INFO  [default] link ACK received: get_commodity
2026-09-01 19:36:49,268 INFO  [default] message type supported received: 2
2026-09-01 19:36:49,268 INFO  [default] commodity response received. response code: 0 - success; count: 6
2026-09-01 19:36:49,268 INFO  [default] commodity code: 0 - Electricity consumed (W & W-hr)
2026-09-01 19:36:49,268 INFO  [default]            source: Estimated
2026-09-01 19:36:49,268 INFO  [default]   cumulative: 145000
2026-09-01 19:36:49,268 INFO  [default]    inst rate: 0
2026-09-01 19:36:49,268 INFO  [default] commodity code 8 - Rated max consumption level electricity (W) is not recorded in the commodity CSV
2026-09-01 19:36:49,268 INFO  [default] commodity code: 6 - Total energy storage/take capacity (W-hr)
2026-09-01 19:36:49,269 INFO  [default]            source: Estimated
2026-09-01 19:36:49,269 INFO  [default]   cumulative: 9190
2026-09-01 19:36:49,269 INFO  [default]    inst rate: not used for this commodity code
2026-09-01 19:36:49,269 INFO  [default] commodity code: 7 - Present energy storage/take capacity (W-hr)
2026-09-01 19:36:49,269 INFO  [default]            source: Estimated
2026-09-01 19:36:49,269 INFO  [default]   cumulative: 839
2026-09-01 19:36:49,269 INFO  [default]    inst rate: not used for this commodity code
2026-09-01 19:36:49,269 INFO  [default] commodity code: 10 - Advanced load up total energy storage/take capacity (W-hr)
2026-09-01 19:36:49,269 INFO  [default]            source: Estimated
2026-09-01 19:36:49,269 INFO  [default]   cumulative: 12371
2026-09-01 19:36:49,269 INFO  [default]    inst rate: not used for this commodity code
2026-09-01 19:36:49,269 INFO  [default] commodity code: 11 - Advanced load up present energy storage/take capacity (W-hr)
2026-09-01 19:36:49,269 INFO  [default]            source: Estimated
2026-09-01 19:36:49,269 INFO  [default]   cumulative: 4020
2026-09-01 19:36:49,269 INFO  [default]    inst rate: not used for this commodity code
2026-09-01 19:36:49,471 INFO  [default] link ACK received: query_operational_state
2026-09-01 19:36:49,595 INFO  [default] operational state received: 0

Press Enter for a list of commands
1788316609,o,0 (PASSED!)
outside communication found
2026-09-01 19:36:50,700 INFO  [default] link ACK received: outside_communication
2026-09-01 19:36:50,823 INFO  [default] app ack received
a- Advanced Loadup
c- Critical Peak Event
e- End shed/Normal
g- Grid Emergency
l- Loadup
o- Outside Communication
s- Shed
u- Customer Override
v- Enable advanced load up capability
x- Disable advanced load up capability
z- Quit and return operation to normal
q- Quit
enter choice: 1788316624,c,0 (PASSED!)
critical peak event
2026-09-01 19:37:05,051 INFO  [default] link ACK received: critical_peak
2026-09-01 19:37:05,175 INFO  [default] app ack received
2026-09-01 19:37:08,126 INFO  [default] app cust override received: 0
2026-09-01 19:37:08,328 INFO  [default] link ACK received: none
2026-09-01 19:37:19,413 INFO  [default] link ACK received: query_operational_state
2026-09-01 19:37:19,536 INFO  [default] operational state received: 4

Press Enter for a list of commands
2026-09-01 19:37:49,794 INFO  [default] link ACK received: get_commodity
2026-09-01 19:37:49,963 INFO  [default] message type supported received: 2
2026-09-01 19:37:49,964 INFO  [default] commodity response received. response code: 0 - success; count: 6
2026-09-01 19:37:49,964 INFO  [default] commodity code: 0 - Electricity consumed (W & W-hr)
2026-09-01 19:37:49,964 INFO  [default]            source: Estimated
2026-09-01 19:37:49,964 INFO  [default]   cumulative: 145000
2026-09-01 19:37:49,965 INFO  [default]    inst rate: 0
2026-09-01 19:37:49,965 INFO  [default] commodity code 8 - Rated max consumption level electricity (W) is not recorded in the commodity CSV
2026-09-01 19:37:49,965 INFO  [default] commodity code: 6 - Total energy storage/take capacity (W-hr)
2026-09-01 19:37:49,965 INFO  [default]            source: Estimated
2026-09-01 19:37:49,965 INFO  [default]   cumulative: 9190
2026-09-01 19:37:49,965 INFO  [default]    inst rate: not used for this commodity code
2026-09-01 19:37:49,965 INFO  [default] commodity code: 7 - Present energy storage/take capacity (W-hr)
2026-09-01 19:37:49,966 INFO  [default]            source: Estimated
2026-09-01 19:37:49,966 INFO  [default]   cumulative: 839
2026-09-01 19:37:49,966 INFO  [default]    inst rate: not used for this commodity code
2026-09-01 19:37:49,966 INFO  [default] commodity code: 10 - Advanced load up total energy storage/take capacity (W-hr)
2026-09-01 19:37:49,966 INFO  [default]            source: Estimated
2026-09-01 19:37:49,966 INFO  [default]   cumulative: 12371
2026-09-01 19:37:49,966 INFO  [default]    inst rate: not used for this commodity code
2026-09-01 19:37:49,966 INFO  [default] commodity code: 11 - Advanced load up present energy storage/take capacity (W-hr)
2026-09-01 19:37:49,967 INFO  [default]            source: Estimated
2026-09-01 19:37:49,967 INFO  [default]   cumulative: 4020
2026-09-01 19:37:49,967 INFO  [default]    inst rate: not used for this commodity code
2026-09-01 19:37:50,169 INFO  [default] link ACK received: query_operational_state
2026-09-01 19:37:50,293 INFO  [default] operational state received: 4

Press Enter for a list of commands
2026-09-01 19:38:19,556 INFO  [default] link ACK received: query_operational_state
2026-09-01 19:38:19,680 INFO  [default] operational state received: 4

Press Enter for a list of commands
2026-09-01 19:38:49,941 INFO  [default] link ACK received: get_commodity
2026-09-01 19:38:50,110 INFO  [default] message type supported received: 2
2026-09-01 19:38:50,110 INFO  [default] commodity response received. response code: 0 - success; count: 6
2026-09-01 19:38:50,111 INFO  [default] commodity code: 0 - Electricity consumed (W & W-hr)
2026-09-01 19:38:50,111 INFO  [default]            source: Estimated
2026-09-01 19:38:50,111 INFO  [default]   cumulative: 145000
2026-09-01 19:38:50,111 INFO  [default]    inst rate: 0
2026-09-01 19:38:50,111 INFO  [default] commodity code 8 - Rated max consumption level electricity (W) is not recorded in the commodity CSV
2026-09-01 19:38:50,111 INFO  [default] commodity code: 6 - Total energy storage/take capacity (W-hr)
2026-09-01 19:38:50,112 INFO  [default]            source: Estimated
2026-09-01 19:38:50,112 INFO  [default]   cumulative: 9190
2026-09-01 19:38:50,112 INFO  [default]    inst rate: not used for this commodity code
2026-09-01 19:38:50,112 INFO  [default] commodity code: 7 - Present energy storage/take capacity (W-hr)
2026-09-01 19:38:50,112 INFO  [default]            source: Estimated
2026-09-01 19:38:50,112 INFO  [default]   cumulative: 905
2026-09-01 19:38:50,112 INFO  [default]    inst rate: not used for this commodity code
2026-09-01 19:38:50,112 INFO  [default] commodity code: 10 - Advanced load up total energy storage/take capacity (W-hr)
2026-09-01 19:38:50,113 INFO  [default]            source: Estimated
2026-09-01 19:38:50,113 INFO  [default]   cumulative: 12371
2026-09-01 19:38:50,113 INFO  [default]    inst rate: not used for this commodity code
2026-09-01 19:38:50,113 INFO  [default] commodity code: 11 - Advanced load up present energy storage/take capacity (W-hr)
2026-09-01 19:38:50,113 INFO  [default]            source: Estimated
2026-09-01 19:38:50,113 INFO  [default]   cumulative: 4087
2026-09-01 19:38:50,113 INFO  [default]    inst rate: not used for this commodity code
2026-09-01 19:38:50,317 INFO  [default] link ACK received: query_operational_state
2026-09-01 19:38:50,441 INFO  [default] operational state received: 4

Press Enter for a list of commands
2026-09-01 19:39:19,705 INFO  [default] link ACK received: query_operational_state
2026-09-01 19:39:19,829 INFO  [default] operational state received: 4

Press Enter for a list of commands
2026-09-01 19:39:50,090 INFO  [default] link ACK received: get_commodity
2026-09-01 19:39:50,258 INFO  [default] message type supported received: 2
2026-09-01 19:39:50,258 INFO  [default] commodity response received. response code: 0 - success; count: 6
2026-09-01 19:39:50,259 INFO  [default] commodity code: 0 - Electricity consumed (W & W-hr)
2026-09-01 19:39:50,259 INFO  [default]            source: Estimated
2026-09-01 19:39:50,259 INFO  [default]   cumulative: 145000
2026-09-01 19:39:50,259 INFO  [default]    inst rate: 0
2026-09-01 19:39:50,259 INFO  [default] commodity code 8 - Rated max consumption level electricity (W) is not recorded in the commodity CSV
2026-09-01 19:39:50,259 INFO  [default] commodity code: 6 - Total energy storage/take capacity (W-hr)
2026-09-01 19:39:50,260 INFO  [default]            source: Estimated
2026-09-01 19:39:50,260 INFO  [default]   cumulative: 9190
2026-09-01 19:39:50,260 INFO  [default]    inst rate: not used for this commodity code
2026-09-01 19:39:50,260 INFO  [default] commodity code: 7 - Present energy storage/take capacity (W-hr)
2026-09-01 19:39:50,260 INFO  [default]            source: Estimated
2026-09-01 19:39:50,260 INFO  [default]   cumulative: 1104
2026-09-01 19:39:50,260 INFO  [default]    inst rate: not used for this commodity code
2026-09-01 19:39:50,260 INFO  [default] commodity code: 10 - Advanced load up total energy storage/take capacity (W-hr)
2026-09-01 19:39:50,261 INFO  [default]            source: Estimated
2026-09-01 19:39:50,261 INFO  [default]   cumulative: 12371
2026-09-01 19:39:50,261 INFO  [default]    inst rate: not used for this commodity code
2026-09-01 19:39:50,261 INFO  [default] commodity code: 11 - Advanced load up present energy storage/take capacity (W-hr)
2026-09-01 19:39:50,261 INFO  [default]            source: Estimated
2026-09-01 19:39:50,261 INFO  [default]   cumulative: 4285
2026-09-01 19:39:50,261 INFO  [default]    inst rate: not used for this commodity code
2026-09-01 19:39:50,466 INFO  [default] link ACK received: query_operational_state
2026-09-01 19:39:50,590 INFO  [default] operational state received: 4

Press Enter for a list of commands
2026-09-01 19:40:19,854 INFO  [default] link ACK received: query_operational_state
2026-09-01 19:40:19,977 INFO  [default] operational state received: 4

Press Enter for a list of commands
2026-09-01 19:40:49,236 INFO  [default] link ACK received: get_commodity
2026-09-01 19:40:49,406 INFO  [default] message type supported received: 2
2026-09-01 19:40:49,406 INFO  [default] commodity response received. response code: 0 - success; count: 6
2026-09-01 19:40:49,406 INFO  [default] commodity code: 0 - Electricity consumed (W & W-hr)
2026-09-01 19:40:49,406 INFO  [default]            source: Estimated
2026-09-01 19:40:49,407 INFO  [default]   cumulative: 145000
2026-09-01 19:40:49,407 INFO  [default]    inst rate: 0
2026-09-01 19:40:49,407 INFO  [default] commodity code 8 - Rated max consumption level electricity (W) is not recorded in the commodity CSV
2026-09-01 19:40:49,407 INFO  [default] commodity code: 6 - Total energy storage/take capacity (W-hr)
2026-09-01 19:40:49,407 INFO  [default]            source: Estimated
2026-09-01 19:40:49,407 INFO  [default]   cumulative: 9190
2026-09-01 19:40:49,407 INFO  [default]    inst rate: not used for this commodity code
2026-09-01 19:40:49,407 INFO  [default] commodity code: 7 - Present energy storage/take capacity (W-hr)
2026-09-01 19:40:49,408 INFO  [default]            source: Estimated
2026-09-01 19:40:49,408 INFO  [default]   cumulative: 1413
2026-09-01 19:40:49,408 INFO  [default]    inst rate: not used for this commodity code
2026-09-01 19:40:49,408 INFO  [default] commodity code: 10 - Advanced load up total energy storage/take capacity (W-hr)
2026-09-01 19:40:49,408 INFO  [default]            source: Estimated
2026-09-01 19:40:49,408 INFO  [default]   cumulative: 12371
2026-09-01 19:40:49,408 INFO  [default]    inst rate: not used for this commodity code
2026-09-01 19:40:49,408 INFO  [default] commodity code: 11 - Advanced load up present energy storage/take capacity (W-hr)
2026-09-01 19:40:49,409 INFO  [default]            source: Estimated
2026-09-01 19:40:49,409 INFO  [default]   cumulative: 4595
2026-09-01 19:40:49,409 INFO  [default]    inst rate: not used for this commodity code
2026-09-01 19:40:49,612 INFO  [default] link ACK received: query_operational_state
2026-09-01 19:40:49,737 INFO  [default] operational state received: 4

Press Enter for a list of commands
2026-09-01 19:41:20,002 INFO  [default] link ACK received: query_operational_state
2026-09-01 19:41:20,126 INFO  [default] operational state received: 4

Press Enter for a list of commands
2026-09-01 19:41:49,388 INFO  [default] link ACK received: get_commodity
2026-09-01 19:41:49,557 INFO  [default] message type supported received: 2
2026-09-01 19:41:49,558 INFO  [default] commodity response received. response code: 0 - success; count: 6
2026-09-01 19:41:49,558 INFO  [default] commodity code: 0 - Electricity consumed (W & W-hr)
2026-09-01 19:41:49,558 INFO  [default]            source: Estimated
2026-09-01 19:41:49,558 INFO  [default]   cumulative: 145000
2026-09-01 19:41:49,559 INFO  [default]    inst rate: 0
2026-09-01 19:41:49,559 INFO  [default] commodity code 8 - Rated max consumption level electricity (W) is not recorded in the commodity CSV
2026-09-01 19:41:49,559 INFO  [default] commodity code: 6 - Total energy storage/take capacity (W-hr)
2026-09-01 19:41:49,559 INFO  [default]            source: Estimated
2026-09-01 19:41:49,559 INFO  [default]   cumulative: 9190
2026-09-01 19:41:49,559 INFO  [default]    inst rate: not used for this commodity code
2026-09-01 19:41:49,559 INFO  [default] commodity code: 7 - Present energy storage/take capacity (W-hr)
2026-09-01 19:41:49,559 INFO  [default]            source: Estimated
2026-09-01 19:41:49,560 INFO  [default]   cumulative: 1877
2026-09-01 19:41:49,560 INFO  [default]    inst rate: not used for this commodity code
2026-09-01 19:41:49,560 INFO  [default] commodity code: 10 - Advanced load up total energy storage/take capacity (W-hr)
2026-09-01 19:41:49,560 INFO  [default]            source: Estimated
2026-09-01 19:41:49,560 INFO  [default]   cumulative: 12371
2026-09-01 19:41:49,560 INFO  [default]    inst rate: not used for this commodity code
2026-09-01 19:41:49,560 INFO  [default] commodity code: 11 - Advanced load up present energy storage/take capacity (W-hr)
2026-09-01 19:41:49,561 INFO  [default]            source: Estimated
2026-09-01 19:41:49,561 INFO  [default]   cumulative: 5059
2026-09-01 19:41:49,561 INFO  [default]    inst rate: not used for this commodity code
2026-09-01 19:41:49,763 INFO  [default] link ACK received: query_operational_state
2026-09-01 19:41:49,887 INFO  [default] operational state received: 4

Press Enter for a list of commands
2026-09-01 19:42:19,149 INFO  [default] link ACK received: query_operational_state
2026-09-01 19:42:19,273 INFO  [default] operational state received: 4

Press Enter for a list of commands
2026-09-01 19:42:49,535 INFO  [default] link ACK received: get_commodity
2026-09-01 19:42:49,703 INFO  [default] message type supported received: 2
2026-09-01 19:42:49,704 INFO  [default] commodity response received. response code: 0 - success; count: 6
2026-09-01 19:42:49,704 INFO  [default] commodity code: 0 - Electricity consumed (W & W-hr)
2026-09-01 19:42:49,704 INFO  [default]            source: Estimated
2026-09-01 19:42:49,704 INFO  [default]   cumulative: 145000
2026-09-01 19:42:49,705 INFO  [default]    inst rate: 0
2026-09-01 19:42:49,705 INFO  [default] commodity code 8 - Rated max consumption level electricity (W) is not recorded in the commodity CSV
2026-09-01 19:42:49,705 INFO  [default] commodity code: 6 - Total energy storage/take capacity (W-hr)
2026-09-01 19:42:49,705 INFO  [default]            source: Estimated
2026-09-01 19:42:49,705 INFO  [default]   cumulative: 9190
2026-09-01 19:42:49,705 INFO  [default]    inst rate: not used for this commodity code
2026-09-01 19:42:49,706 INFO  [default] commodity code: 7 - Present energy storage/take capacity (W-hr)
2026-09-01 19:42:49,706 INFO  [default]            source: Estimated
2026-09-01 19:42:49,706 INFO  [default]   cumulative: 2474
2026-09-01 19:42:49,706 INFO  [default]    inst rate: not used for this commodity code
2026-09-01 19:42:49,706 INFO  [default] commodity code: 10 - Advanced load up total energy storage/take capacity (W-hr)
2026-09-01 19:42:49,706 INFO  [default]            source: Estimated
2026-09-01 19:42:49,706 INFO  [default]   cumulative: 12371
2026-09-01 19:42:49,706 INFO  [default]    inst rate: not used for this commodity code
2026-09-01 19:42:49,706 INFO  [default] commodity code: 11 - Advanced load up present energy storage/take capacity (W-hr)
2026-09-01 19:42:49,707 INFO  [default]            source: Estimated
2026-09-01 19:42:49,707 INFO  [default]   cumulative: 5655
2026-09-01 19:42:49,707 INFO  [default]    inst rate: not used for this commodity code
2026-09-01 19:42:49,909 INFO  [default] link ACK received: query_operational_state
2026-09-01 19:42:50,034 INFO  [default] operational state received: 4

Press Enter for a list of commands
2026-09-01 19:43:19,296 INFO  [default] link ACK received: query_operational_state
2026-09-01 19:43:19,420 INFO  [default] operational state received: 4

Press Enter for a list of commands
2026-09-01 19:43:49,678 INFO  [default] link ACK received: get_commodity
2026-09-01 19:43:49,846 INFO  [default] message type supported received: 2
2026-09-01 19:43:49,846 INFO  [default] commodity response received. response code: 0 - success; count: 6
2026-09-01 19:43:49,847 INFO  [default] commodity code: 0 - Electricity consumed (W & W-hr)
2026-09-01 19:43:49,847 INFO  [default]            source: Estimated
2026-09-01 19:43:49,847 INFO  [default]   cumulative: 145000
2026-09-01 19:43:49,847 INFO  [default]    inst rate: 0
2026-09-01 19:43:49,848 INFO  [default] commodity code 8 - Rated max consumption level electricity (W) is not recorded in the commodity CSV
2026-09-01 19:43:49,848 INFO  [default] commodity code: 6 - Total energy storage/take capacity (W-hr)
2026-09-01 19:43:49,848 INFO  [default]            source: Estimated
2026-09-01 19:43:49,848 INFO  [default]   cumulative: 9190
2026-09-01 19:43:49,848 INFO  [default]    inst rate: not used for this commodity code
2026-09-01 19:43:49,848 INFO  [default] commodity code: 7 - Present energy storage/take capacity (W-hr)
2026-09-01 19:43:49,848 INFO  [default]            source: Estimated
2026-09-01 19:43:49,849 INFO  [default]   cumulative: 3004
2026-09-01 19:43:49,849 INFO  [default]    inst rate: not used for this commodity code
2026-09-01 19:43:49,849 INFO  [default] commodity code: 10 - Advanced load up total energy storage/take capacity (W-hr)
2026-09-01 19:43:49,849 INFO  [default]            source: Estimated
2026-09-01 19:43:49,849 INFO  [default]   cumulative: 12371
2026-09-01 19:43:49,849 INFO  [default]    inst rate: not used for this commodity code
2026-09-01 19:43:49,849 INFO  [default] commodity code: 11 - Advanced load up present energy storage/take capacity (W-hr)
2026-09-01 19:43:49,850 INFO  [default]            source: Estimated
2026-09-01 19:43:49,850 INFO  [default]   cumulative: 6185
2026-09-01 19:43:49,850 INFO  [default]    inst rate: not used for this commodity code
2026-09-01 19:43:50,052 INFO  [default] link ACK received: query_operational_state
2026-09-01 19:43:50,176 INFO  [default] operational state received: 4

Press Enter for a list of commands
2026-09-01 19:44:19,436 INFO  [default] link ACK received: query_operational_state
2026-09-01 19:44:19,559 INFO  [default] operational state received: 4

Press Enter for a list of commands
2026-09-01 19:44:49,819 INFO  [default] link ACK received: get_commodity
2026-09-01 19:44:49,987 INFO  [default] message type supported received: 2
2026-09-01 19:44:49,987 INFO  [default] commodity response received. response code: 0 - success; count: 6
2026-09-01 19:44:49,988 INFO  [default] commodity code: 0 - Electricity consumed (W & W-hr)
2026-09-01 19:44:49,988 INFO  [default]            source: Estimated
2026-09-01 19:44:49,988 INFO  [default]   cumulative: 145000
2026-09-01 19:44:49,988 INFO  [default]    inst rate: 0
2026-09-01 19:44:49,989 INFO  [default] commodity code 8 - Rated max consumption level electricity (W) is not recorded in the commodity CSV
2026-09-01 19:44:49,989 INFO  [default] commodity code: 6 - Total energy storage/take capacity (W-hr)
2026-09-01 19:44:49,989 INFO  [default]            source: Estimated
2026-09-01 19:44:49,989 INFO  [default]   cumulative: 9190
2026-09-01 19:44:49,989 INFO  [default]    inst rate: not used for this commodity code
2026-09-01 19:44:49,989 INFO  [default] commodity code: 7 - Present energy storage/take capacity (W-hr)
2026-09-01 19:44:49,989 INFO  [default]            source: Estimated
2026-09-01 19:44:49,989 INFO  [default]   cumulative: 3446
2026-09-01 19:44:49,990 INFO  [default]    inst rate: not used for this commodity code
2026-09-01 19:44:49,990 INFO  [default] commodity code: 10 - Advanced load up total energy storage/take capacity (W-hr)
2026-09-01 19:44:49,990 INFO  [default]            source: Estimated
2026-09-01 19:44:49,990 INFO  [default]   cumulative: 12371
2026-09-01 19:44:49,990 INFO  [default]    inst rate: not used for this commodity code
2026-09-01 19:44:49,990 INFO  [default] commodity code: 11 - Advanced load up present energy storage/take capacity (W-hr)
2026-09-01 19:44:49,990 INFO  [default]            source: Estimated
2026-09-01 19:44:49,990 INFO  [default]   cumulative: 6627
2026-09-01 19:44:49,991 INFO  [default]    inst rate: not used for this commodity code
2026-09-01 19:44:50,195 INFO  [default] link ACK received: query_operational_state
2026-09-01 19:44:50,318 INFO  [default] operational state received: 4

Press Enter for a list of commands
2026-09-01 19:45:19,583 INFO  [default] link ACK received: query_operational_state
2026-09-01 19:45:19,707 INFO  [default] operational state received: 4

Press Enter for a list of commands
2026-09-01 19:45:49,970 INFO  [default] link ACK received: get_commodity
2026-09-01 19:45:50,140 INFO  [default] message type supported received: 2
2026-09-01 19:45:50,140 INFO  [default] commodity response received. response code: 0 - success; count: 6
2026-09-01 19:45:50,141 INFO  [default] commodity code: 0 - Electricity consumed (W & W-hr)
2026-09-01 19:45:50,141 INFO  [default]            source: Estimated
2026-09-01 19:45:50,141 INFO  [default]   cumulative: 145000
2026-09-01 19:45:50,141 INFO  [default]    inst rate: 0
2026-09-01 19:45:50,142 INFO  [default] commodity code 8 - Rated max consumption level electricity (W) is not recorded in the commodity CSV
2026-09-01 19:45:50,142 INFO  [default] commodity code: 6 - Total energy storage/take capacity (W-hr)
2026-09-01 19:45:50,142 INFO  [default]            source: Estimated
2026-09-01 19:45:50,142 INFO  [default]   cumulative: 9190
2026-09-01 19:45:50,142 INFO  [default]    inst rate: not used for this commodity code
2026-09-01 19:45:50,142 INFO  [default] commodity code: 7 - Present energy storage/take capacity (W-hr)
2026-09-01 19:45:50,142 INFO  [default]            source: Estimated
2026-09-01 19:45:50,142 INFO  [default]   cumulative: 3799
2026-09-01 19:45:50,143 INFO  [default]    inst rate: not used for this commodity code
2026-09-01 19:45:50,143 INFO  [default] commodity code: 10 - Advanced load up total energy storage/take capacity (W-hr)
2026-09-01 19:45:50,143 INFO  [default]            source: Estimated
2026-09-01 19:45:50,143 INFO  [default]   cumulative: 12371
2026-09-01 19:45:50,143 INFO  [default]    inst rate: not used for this commodity code
2026-09-01 19:45:50,143 INFO  [default] commodity code: 11 - Advanced load up present energy storage/take capacity (W-hr)
2026-09-01 19:45:50,143 INFO  [default]            source: Estimated
2026-09-01 19:45:50,143 INFO  [default]   cumulative: 6981
2026-09-01 19:45:50,144 INFO  [default]    inst rate: not used for this commodity code
2026-09-01 19:45:50,346 INFO  [default] link ACK received: query_operational_state
2026-09-01 19:45:50,470 INFO  [default] operational state received: 4

Press Enter for a list of commands
2026-09-01 19:46:19,733 INFO  [default] link ACK received: query_operational_state
2026-09-01 19:46:19,857 INFO  [default] operational state received: 4

Press Enter for a list of commands
2026-09-01 19:46:49,118 INFO  [default] link ACK received: get_commodity
2026-09-01 19:46:49,287 INFO  [default] message type supported received: 2
2026-09-01 19:46:49,287 INFO  [default] commodity response received. response code: 0 - success; count: 6
2026-09-01 19:46:49,287 INFO  [default] commodity code: 0 - Electricity consumed (W & W-hr)
2026-09-01 19:46:49,288 INFO  [default]            source: Estimated
2026-09-01 19:46:49,288 INFO  [default]   cumulative: 145000
2026-09-01 19:46:49,288 INFO  [default]    inst rate: 0
2026-09-01 19:46:49,288 INFO  [default] commodity code 8 - Rated max consumption level electricity (W) is not recorded in the commodity CSV
2026-09-01 19:46:49,288 INFO  [default] commodity code: 6 - Total energy storage/take capacity (W-hr)
2026-09-01 19:46:49,288 INFO  [default]            source: Estimated
2026-09-01 19:46:49,288 INFO  [default]   cumulative: 9190
2026-09-01 19:46:49,288 INFO  [default]    inst rate: not used for this commodity code
2026-09-01 19:46:49,288 INFO  [default] commodity code: 7 - Present energy storage/take capacity (W-hr)
2026-09-01 19:46:49,288 INFO  [default]            source: Estimated
2026-09-01 19:46:49,289 INFO  [default]   cumulative: 4065
2026-09-01 19:46:49,289 INFO  [default]    inst rate: not used for this commodity code
2026-09-01 19:46:49,289 INFO  [default] commodity code: 10 - Advanced load up total energy storage/take capacity (W-hr)
2026-09-01 19:46:49,289 INFO  [default]            source: Estimated
2026-09-01 19:46:49,289 INFO  [default]   cumulative: 12371
2026-09-01 19:46:49,289 INFO  [default]    inst rate: not used for this commodity code
2026-09-01 19:46:49,289 INFO  [default] commodity code: 11 - Advanced load up present energy storage/take capacity (W-hr)
2026-09-01 19:46:49,289 INFO  [default]            source: Estimated
2026-09-01 19:46:49,290 INFO  [default]   cumulative: 7246
2026-09-01 19:46:49,290 INFO  [default]    inst rate: not used for this commodity code
2026-09-01 19:46:49,493 INFO  [default] link ACK received: query_operational_state
2026-09-01 19:46:49,616 INFO  [default] operational state received: 4

Press Enter for a list of commands
1788317209,o,0 (PASSED!)
outside communication found
2026-09-01 19:46:50,721 INFO  [default] link ACK received: outside_communication
2026-09-01 19:46:50,844 INFO  [default] app ack received
2026-09-01 19:47:19,104 INFO  [default] link ACK received: query_operational_state
2026-09-01 19:47:19,228 INFO  [default] operational state received: 4

Press Enter for a list of commands
2026-09-01 19:47:49,492 INFO  [default] link ACK received: get_commodity
2026-09-01 19:47:49,661 INFO  [default] message type supported received: 2
2026-09-01 19:47:49,661 INFO  [default] commodity response received. response code: 0 - success; count: 6
2026-09-01 19:47:49,662 INFO  [default] commodity code: 0 - Electricity consumed (W & W-hr)
2026-09-01 19:47:49,662 INFO  [default]            source: Estimated
2026-09-01 19:47:49,662 INFO  [default]   cumulative: 145000
2026-09-01 19:47:49,662 INFO  [default]    inst rate: 0
2026-09-01 19:47:49,662 INFO  [default] commodity code 8 - Rated max consumption level electricity (W) is not recorded in the commodity CSV
2026-09-01 19:47:49,662 INFO  [default] commodity code: 6 - Total energy storage/take capacity (W-hr)
2026-09-01 19:47:49,663 INFO  [default]            source: Estimated
2026-09-01 19:47:49,663 INFO  [default]   cumulative: 9190
2026-09-01 19:47:49,663 INFO  [default]    inst rate: not used for this commodity code
2026-09-01 19:47:49,663 INFO  [default] commodity code: 7 - Present energy storage/take capacity (W-hr)
2026-09-01 19:47:49,663 INFO  [default]            source: Estimated
2026-09-01 19:47:49,663 INFO  [default]   cumulative: 4263
2026-09-01 19:47:49,663 INFO  [default]    inst rate: not used for this commodity code
2026-09-01 19:47:49,664 INFO  [default] commodity code: 10 - Advanced load up total energy storage/take capacity (W-hr)
2026-09-01 19:47:49,664 INFO  [default]            source: Estimated
2026-09-01 19:47:49,664 INFO  [default]   cumulative: 12371
2026-09-01 19:47:49,664 INFO  [default]    inst rate: not used for this commodity code
2026-09-01 19:47:49,664 INFO  [default] commodity code: 11 - Advanced load up present energy storage/take capacity (W-hr)
2026-09-01 19:47:49,664 INFO  [default]            source: Estimated
2026-09-01 19:47:49,664 INFO  [default]   cumulative: 7445
2026-09-01 19:47:49,664 INFO  [default]    inst rate: not used for this commodity code
2026-09-01 19:47:49,866 INFO  [default] link ACK received: query_operational_state
2026-09-01 19:47:49,990 INFO  [default] operational state received: 4

Press Enter for a list of commands
2026-09-01 19:48:19,252 INFO  [default] link ACK received: query_operational_state
2026-09-01 19:48:19,376 INFO  [default] operational state received: 4

Press Enter for a list of commands
2026-09-01 19:48:49,637 INFO  [default] link ACK received: get_commodity
2026-09-01 19:48:49,806 INFO  [default] message type supported received: 2
2026-09-01 19:48:49,806 INFO  [default] commodity response received. response code: 0 - success; count: 6
2026-09-01 19:48:49,807 INFO  [default] commodity code: 0 - Electricity consumed (W & W-hr)
2026-09-01 19:48:49,807 INFO  [default]            source: Estimated
2026-09-01 19:48:49,807 INFO  [default]   cumulative: 145000
2026-09-01 19:48:49,807 INFO  [default]    inst rate: 0
2026-09-01 19:48:49,807 INFO  [default] commodity code 8 - Rated max consumption level electricity (W) is not recorded in the commodity CSV
2026-09-01 19:48:49,807 INFO  [default] commodity code: 6 - Total energy storage/take capacity (W-hr)
2026-09-01 19:48:49,807 INFO  [default]            source: Estimated
2026-09-01 19:48:49,807 INFO  [default]   cumulative: 9190
2026-09-01 19:48:49,808 INFO  [default]    inst rate: not used for this commodity code
2026-09-01 19:48:49,808 INFO  [default] commodity code: 7 - Present energy storage/take capacity (W-hr)
2026-09-01 19:48:49,808 INFO  [default]            source: Estimated
2026-09-01 19:48:49,808 INFO  [default]   cumulative: 4396
2026-09-01 19:48:49,808 INFO  [default]    inst rate: not used for this commodity code
2026-09-01 19:48:49,808 INFO  [default] commodity code: 10 - Advanced load up total energy storage/take capacity (W-hr)
2026-09-01 19:48:49,808 INFO  [default]            source: Estimated
2026-09-01 19:48:49,808 INFO  [default]   cumulative: 12371
2026-09-01 19:48:49,809 INFO  [default]    inst rate: not used for this commodity code
2026-09-01 19:48:49,809 INFO  [default] commodity code: 11 - Advanced load up present energy storage/take capacity (W-hr)
2026-09-01 19:48:49,809 INFO  [default]            source: Estimated
2026-09-01 19:48:49,809 INFO  [default]   cumulative: 7577
2026-09-01 19:48:49,809 INFO  [default]    inst rate: not used for this commodity code
2026-09-01 19:48:50,011 INFO  [default] link ACK received: query_operational_state
2026-09-01 19:48:50,135 INFO  [default] operational state received: 4

Press Enter for a list of commands
2026-09-01 19:49:19,397 INFO  [default] link ACK received: query_operational_state
2026-09-01 19:49:19,521 INFO  [default] operational state received: 4

Press Enter for a list of commands
2026-09-01 19:49:49,784 INFO  [default] link ACK received: get_commodity
2026-09-01 19:49:49,953 INFO  [default] message type supported received: 2
2026-09-01 19:49:49,953 INFO  [default] commodity response received. response code: 0 - success; count: 6
2026-09-01 19:49:49,953 INFO  [default] commodity code: 0 - Electricity consumed (W & W-hr)
2026-09-01 19:49:49,953 INFO  [default]            source: Estimated
2026-09-01 19:49:49,954 INFO  [default]   cumulative: 145000
2026-09-01 19:49:49,954 INFO  [default]    inst rate: 0
2026-09-01 19:49:49,954 INFO  [default] commodity code 8 - Rated max consumption level electricity (W) is not recorded in the commodity CSV
2026-09-01 19:49:49,954 INFO  [default] commodity code: 6 - Total energy storage/take capacity (W-hr)
2026-09-01 19:49:49,954 INFO  [default]            source: Estimated
2026-09-01 19:49:49,954 INFO  [default]   cumulative: 9190
2026-09-01 19:49:49,954 INFO  [default]    inst rate: not used for this commodity code
2026-09-01 19:49:49,954 INFO  [default] commodity code: 7 - Present energy storage/take capacity (W-hr)
2026-09-01 19:49:49,954 INFO  [default]            source: Estimated
2026-09-01 19:49:49,955 INFO  [default]   cumulative: 4506
2026-09-01 19:49:49,955 INFO  [default]    inst rate: not used for this commodity code
2026-09-01 19:49:49,955 INFO  [default] commodity code: 10 - Advanced load up total energy storage/take capacity (W-hr)
2026-09-01 19:49:49,955 INFO  [default]            source: Estimated
2026-09-01 19:49:49,955 INFO  [default]   cumulative: 12371
2026-09-01 19:49:49,955 INFO  [default]    inst rate: not used for this commodity code
2026-09-01 19:49:49,955 INFO  [default] commodity code: 11 - Advanced load up present energy storage/take capacity (W-hr)
2026-09-01 19:49:49,955 INFO  [default]            source: Estimated
2026-09-01 19:49:49,955 INFO  [default]   cumulative: 7688
2026-09-01 19:49:49,955 INFO  [default]    inst rate: not used for this commodity code
2026-09-01 19:49:50,158 INFO  [default] link ACK received: query_operational_state
2026-09-01 19:49:50,282 INFO  [default] operational state received: 4

Press Enter for a list of commands
2026-09-01 19:50:19,544 INFO  [default] link ACK received: query_operational_state
2026-09-01 19:50:19,668 INFO  [default] operational state received: 4

Press Enter for a list of commands
2026-09-01 19:50:49,928 INFO  [default] link ACK received: get_commodity
2026-09-01 19:50:50,096 INFO  [default] message type supported received: 2
2026-09-01 19:50:50,096 INFO  [default] commodity response received. response code: 0 - success; count: 6
2026-09-01 19:50:50,097 INFO  [default] commodity code: 0 - Electricity consumed (W & W-hr)
2026-09-01 19:50:50,097 INFO  [default]            source: Estimated
2026-09-01 19:50:50,097 INFO  [default]   cumulative: 145000
2026-09-01 19:50:50,097 INFO  [default]    inst rate: 0
2026-09-01 19:50:50,097 INFO  [default] commodity code 8 - Rated max consumption level electricity (W) is not recorded in the commodity CSV
2026-09-01 19:50:50,097 INFO  [default] commodity code: 6 - Total energy storage/take capacity (W-hr)
2026-09-01 19:50:50,097 INFO  [default]            source: Estimated
2026-09-01 19:50:50,098 INFO  [default]   cumulative: 9190
2026-09-01 19:50:50,098 INFO  [default]    inst rate: not used for this commodity code
2026-09-01 19:50:50,098 INFO  [default] commodity code: 7 - Present energy storage/take capacity (W-hr)
2026-09-01 19:50:50,098 INFO  [default]            source: Estimated
2026-09-01 19:50:50,098 INFO  [default]   cumulative: 4595
2026-09-01 19:50:50,098 INFO  [default]    inst rate: not used for this commodity code
2026-09-01 19:50:50,098 INFO  [default] commodity code: 10 - Advanced load up total energy storage/take capacity (W-hr)
2026-09-01 19:50:50,098 INFO  [default]            source: Estimated
2026-09-01 19:50:50,099 INFO  [default]   cumulative: 12371
2026-09-01 19:50:50,099 INFO  [default]    inst rate: not used for this commodity code
2026-09-01 19:50:50,099 INFO  [default] commodity code: 11 - Advanced load up present energy storage/take capacity (W-hr)
2026-09-01 19:50:50,099 INFO  [default]            source: Estimated
2026-09-01 19:50:50,099 INFO  [default]   cumulative: 7776
2026-09-01 19:50:50,099 INFO  [default]    inst rate: not used for this commodity code
2026-09-01 19:50:50,304 INFO  [default] link ACK received: query_operational_state
2026-09-01 19:50:50,427 INFO  [default] operational state received: 4

Press Enter for a list of commands
2026-09-01 19:51:19,692 INFO  [default] link ACK received: query_operational_state
2026-09-01 19:51:19,815 INFO  [default] operational state received: 4

Press Enter for a list of commands
2026-09-01 19:51:50,075 INFO  [default] link ACK received: get_commodity
2026-09-01 19:51:50,243 INFO  [default] message type supported received: 2
2026-09-01 19:51:50,243 INFO  [default] commodity response received. response code: 0 - success; count: 6
2026-09-01 19:51:50,244 INFO  [default] commodity code: 0 - Electricity consumed (W & W-hr)
2026-09-01 19:51:50,244 INFO  [default]            source: Estimated
2026-09-01 19:51:50,244 INFO  [default]   cumulative: 145000
2026-09-01 19:51:50,244 INFO  [default]    inst rate: 0
2026-09-01 19:51:50,244 INFO  [default] commodity code 8 - Rated max consumption level electricity (W) is not recorded in the commodity CSV
2026-09-01 19:51:50,244 INFO  [default] commodity code: 6 - Total energy storage/take capacity (W-hr)
2026-09-01 19:51:50,244 INFO  [default]            source: Estimated
2026-09-01 19:51:50,245 INFO  [default]   cumulative: 9190
2026-09-01 19:51:50,245 INFO  [default]    inst rate: not used for this commodity code
2026-09-01 19:51:50,245 INFO  [default] commodity code: 7 - Present energy storage/take capacity (W-hr)
2026-09-01 19:51:50,245 INFO  [default]            source: Estimated
2026-09-01 19:51:50,245 INFO  [default]   cumulative: 4683
2026-09-01 19:51:50,245 INFO  [default]    inst rate: not used for this commodity code
2026-09-01 19:51:50,245 INFO  [default] commodity code: 10 - Advanced load up total energy storage/take capacity (W-hr)
2026-09-01 19:51:50,245 INFO  [default]            source: Estimated
2026-09-01 19:51:50,246 INFO  [default]   cumulative: 12371
2026-09-01 19:51:50,246 INFO  [default]    inst rate: not used for this commodity code
2026-09-01 19:51:50,246 INFO  [default] commodity code: 11 - Advanced load up present energy storage/take capacity (W-hr)
2026-09-01 19:51:50,246 INFO  [default]            source: Estimated
2026-09-01 19:51:50,246 INFO  [default]   cumulative: 7865
2026-09-01 19:51:50,246 INFO  [default]    inst rate: not used for this commodity code
2026-09-01 19:51:50,450 INFO  [default] link ACK received: query_operational_state
2026-09-01 19:51:50,573 INFO  [default] operational state received: 4

Press Enter for a list of commands
2026-09-01 19:52:19,833 INFO  [default] link ACK received: query_operational_state
2026-09-01 19:52:19,957 INFO  [default] operational state received: 4

Press Enter for a list of commands
2026-09-01 19:52:49,216 INFO  [default] link ACK received: get_commodity
2026-09-01 19:52:49,383 INFO  [default] message type supported received: 2
2026-09-01 19:52:49,384 INFO  [default] commodity response received. response code: 0 - success; count: 6
2026-09-01 19:52:49,384 INFO  [default] commodity code: 0 - Electricity consumed (W & W-hr)
2026-09-01 19:52:49,384 INFO  [default]            source: Estimated
2026-09-01 19:52:49,384 INFO  [default]   cumulative: 145000
2026-09-01 19:52:49,385 INFO  [default]    inst rate: 0
2026-09-01 19:52:49,385 INFO  [default] commodity code 8 - Rated max consumption level electricity (W) is not recorded in the commodity CSV
2026-09-01 19:52:49,385 INFO  [default] commodity code: 6 - Total energy storage/take capacity (W-hr)
2026-09-01 19:52:49,385 INFO  [default]            source: Estimated
2026-09-01 19:52:49,385 INFO  [default]   cumulative: 9190
2026-09-01 19:52:49,385 INFO  [default]    inst rate: not used for this commodity code
2026-09-01 19:52:49,386 INFO  [default] commodity code: 7 - Present energy storage/take capacity (W-hr)
2026-09-01 19:52:49,386 INFO  [default]            source: Estimated
2026-09-01 19:52:49,386 INFO  [default]   cumulative: 4772
2026-09-01 19:52:49,386 INFO  [default]    inst rate: not used for this commodity code
2026-09-01 19:52:49,386 INFO  [default] commodity code: 10 - Advanced load up total energy storage/take capacity (W-hr)
2026-09-01 19:52:49,386 INFO  [default]            source: Estimated
2026-09-01 19:52:49,386 INFO  [default]   cumulative: 12371
2026-09-01 19:52:49,386 INFO  [default]    inst rate: not used for this commodity code
2026-09-01 19:52:49,387 INFO  [default] commodity code: 11 - Advanced load up present energy storage/take capacity (W-hr)
2026-09-01 19:52:49,387 INFO  [default]            source: Estimated
2026-09-01 19:52:49,387 INFO  [default]   cumulative: 7953
2026-09-01 19:52:49,387 INFO  [default]    inst rate: not used for this commodity code
2026-09-01 19:52:49,589 INFO  [default] link ACK received: query_operational_state
2026-09-01 19:52:49,713 INFO  [default] operational state received: 4

Press Enter for a list of commands
2026-09-01 19:53:19,978 INFO  [default] link ACK received: query_operational_state
2026-09-01 19:53:20,101 INFO  [default] operational state received: 4

Press Enter for a list of commands
2026-09-01 19:53:49,360 INFO  [default] link ACK received: get_commodity
2026-09-01 19:53:49,529 INFO  [default] message type supported received: 2
2026-09-01 19:53:49,529 INFO  [default] commodity response received. response code: 0 - success; count: 6
2026-09-01 19:53:49,529 INFO  [default] commodity code: 0 - Electricity consumed (W & W-hr)
2026-09-01 19:53:49,529 INFO  [default]            source: Estimated
2026-09-01 19:53:49,530 INFO  [default]   cumulative: 145000
2026-09-01 19:53:49,530 INFO  [default]    inst rate: 0
2026-09-01 19:53:49,530 INFO  [default] commodity code 8 - Rated max consumption level electricity (W) is not recorded in the commodity CSV
2026-09-01 19:53:49,530 INFO  [default] commodity code: 6 - Total energy storage/take capacity (W-hr)
2026-09-01 19:53:49,530 INFO  [default]            source: Estimated
2026-09-01 19:53:49,530 INFO  [default]   cumulative: 9190
2026-09-01 19:53:49,530 INFO  [default]    inst rate: not used for this commodity code
2026-09-01 19:53:49,530 INFO  [default] commodity code: 7 - Present energy storage/take capacity (W-hr)
2026-09-01 19:53:49,530 INFO  [default]            source: Estimated
2026-09-01 19:53:49,531 INFO  [default]   cumulative: 4860
2026-09-01 19:53:49,531 INFO  [default]    inst rate: not used for this commodity code
2026-09-01 19:53:49,531 INFO  [default] commodity code: 10 - Advanced load up total energy storage/take capacity (W-hr)
2026-09-01 19:53:49,531 INFO  [default]            source: Estimated
2026-09-01 19:53:49,531 INFO  [default]   cumulative: 12371
2026-09-01 19:53:49,531 INFO  [default]    inst rate: not used for this commodity code
2026-09-01 19:53:49,531 INFO  [default] commodity code: 11 - Advanced load up present energy storage/take capacity (W-hr)
2026-09-01 19:53:49,531 INFO  [default]            source: Estimated
2026-09-01 19:53:49,531 INFO  [default]   cumulative: 8041
2026-09-01 19:53:49,532 INFO  [default]    inst rate: not used for this commodity code
2026-09-01 19:53:49,734 INFO  [default] link ACK received: query_operational_state
2026-09-01 19:53:49,858 INFO  [default] operational state received: 4

Press Enter for a list of commands
2026-09-01 19:54:19,120 INFO  [default] link ACK received: query_operational_state
2026-09-01 19:54:19,244 INFO  [default] operational state received: 4

Press Enter for a list of commands
2026-09-01 19:54:49,503 INFO  [default] link ACK received: get_commodity
2026-09-01 19:54:49,671 INFO  [default] message type supported received: 2
2026-09-01 19:54:49,671 INFO  [default] commodity response received. response code: 0 - success; count: 6
2026-09-01 19:54:49,672 INFO  [default] commodity code: 0 - Electricity consumed (W & W-hr)
2026-09-01 19:54:49,672 INFO  [default]            source: Estimated
2026-09-01 19:54:49,672 INFO  [default]   cumulative: 145000
2026-09-01 19:54:49,672 INFO  [default]    inst rate: 0
2026-09-01 19:54:49,672 INFO  [default] commodity code 8 - Rated max consumption level electricity (W) is not recorded in the commodity CSV
2026-09-01 19:54:49,672 INFO  [default] commodity code: 6 - Total energy storage/take capacity (W-hr)
2026-09-01 19:54:49,672 INFO  [default]            source: Estimated
2026-09-01 19:54:49,673 INFO  [default]   cumulative: 9190
2026-09-01 19:54:49,673 INFO  [default]    inst rate: not used for this commodity code
2026-09-01 19:54:49,673 INFO  [default] commodity code: 7 - Present energy storage/take capacity (W-hr)
2026-09-01 19:54:49,673 INFO  [default]            source: Estimated
2026-09-01 19:54:49,673 INFO  [default]   cumulative: 4970
2026-09-01 19:54:49,673 INFO  [default]    inst rate: not used for this commodity code
2026-09-01 19:54:49,673 INFO  [default] commodity code: 10 - Advanced load up total energy storage/take capacity (W-hr)
2026-09-01 19:54:49,674 INFO  [default]            source: Estimated
2026-09-01 19:54:49,674 INFO  [default]   cumulative: 12371
2026-09-01 19:54:49,674 INFO  [default]    inst rate: not used for this commodity code
2026-09-01 19:54:49,674 INFO  [default] commodity code: 11 - Advanced load up present energy storage/take capacity (W-hr)
2026-09-01 19:54:49,674 INFO  [default]            source: Estimated
2026-09-01 19:54:49,674 INFO  [default]   cumulative: 8152
2026-09-01 19:54:49,674 INFO  [default]    inst rate: not used for this commodity code
2026-09-01 19:54:49,876 INFO  [default] link ACK received: query_operational_state
2026-09-01 19:54:50,000 INFO  [default] operational state received: 4

Press Enter for a list of commands
2026-09-01 19:55:19,262 INFO  [default] link ACK received: query_operational_state
2026-09-01 19:55:19,386 INFO  [default] operational state received: 4

Press Enter for a list of commands
2026-09-01 19:55:49,651 INFO  [default] link ACK received: get_commodity
2026-09-01 19:55:49,819 INFO  [default] message type supported received: 2
2026-09-01 19:55:49,819 INFO  [default] commodity response received. response code: 0 - success; count: 6
2026-09-01 19:55:49,819 INFO  [default] commodity code: 0 - Electricity consumed (W & W-hr)
2026-09-01 19:55:49,820 INFO  [default]            source: Estimated
2026-09-01 19:55:49,820 INFO  [default]   cumulative: 145000
2026-09-01 19:55:49,820 INFO  [default]    inst rate: 0
2026-09-01 19:55:49,820 INFO  [default] commodity code 8 - Rated max consumption level electricity (W) is not recorded in the commodity CSV
2026-09-01 19:55:49,820 INFO  [default] commodity code: 6 - Total energy storage/take capacity (W-hr)
2026-09-01 19:55:49,820 INFO  [default]            source: Estimated
2026-09-01 19:55:49,820 INFO  [default]   cumulative: 9190
2026-09-01 19:55:49,820 INFO  [default]    inst rate: not used for this commodity code
2026-09-01 19:55:49,821 INFO  [default] commodity code: 7 - Present energy storage/take capacity (W-hr)
2026-09-01 19:55:49,821 INFO  [default]            source: Estimated
2026-09-01 19:55:49,821 INFO  [default]   cumulative: 5103
2026-09-01 19:55:49,821 INFO  [default]    inst rate: not used for this commodity code
2026-09-01 19:55:49,821 INFO  [default] commodity code: 10 - Advanced load up total energy storage/take capacity (W-hr)
2026-09-01 19:55:49,821 INFO  [default]            source: Estimated
2026-09-01 19:55:49,821 INFO  [default]   cumulative: 12371
2026-09-01 19:55:49,822 INFO  [default]    inst rate: not used for this commodity code
2026-09-01 19:55:49,822 INFO  [default] commodity code: 11 - Advanced load up present energy storage/take capacity (W-hr)
2026-09-01 19:55:49,822 INFO  [default]            source: Estimated
2026-09-01 19:55:49,822 INFO  [default]   cumulative: 8284
2026-09-01 19:55:49,822 INFO  [default]    inst rate: not used for this commodity code
2026-09-01 19:55:50,026 INFO  [default] link ACK received: query_operational_state
2026-09-01 19:55:50,149 INFO  [default] operational state received: 4

Press Enter for a list of commands
2026-09-01 19:56:19,411 INFO  [default] link ACK received: query_operational_state
2026-09-01 19:56:19,535 INFO  [default] operational state received: 2

Press Enter for a list of commands
1788317809,o,0 (PASSED!)
outside communication found
2026-09-01 19:56:49,797 INFO  [default] link ACK received: outside_communication
2026-09-01 19:56:49,921 INFO  [default] app ack received
2026-09-01 19:56:50,124 INFO  [default] link ACK received: get_commodity
2026-09-01 19:56:50,293 INFO  [default] message type supported received: 2
2026-09-01 19:56:50,293 INFO  [default] commodity response received. response code: 0 - success; count: 6
2026-09-01 19:56:50,294 INFO  [default] commodity code: 0 - Electricity consumed (W & W-hr)
2026-09-01 19:56:50,294 INFO  [default]            source: Estimated
2026-09-01 19:56:50,294 INFO  [default]   cumulative: 145000
2026-09-01 19:56:50,294 INFO  [default]    inst rate: 0
2026-09-01 19:56:50,294 INFO  [default] commodity code 8 - Rated max consumption level electricity (W) is not recorded in the commodity CSV
2026-09-01 19:56:50,295 INFO  [default] commodity code: 6 - Total energy storage/take capacity (W-hr)
2026-09-01 19:56:50,295 INFO  [default]            source: Estimated
2026-09-01 19:56:50,295 INFO  [default]   cumulative: 9190
2026-09-01 19:56:50,295 INFO  [default]    inst rate: not used for this commodity code
2026-09-01 19:56:50,295 INFO  [default] commodity code: 7 - Present energy storage/take capacity (W-hr)
2026-09-01 19:56:50,295 INFO  [default]            source: Estimated
2026-09-01 19:56:50,295 INFO  [default]   cumulative: 5368
2026-09-01 19:56:50,295 INFO  [default]    inst rate: not used for this commodity code
2026-09-01 19:56:50,295 INFO  [default] commodity code: 10 - Advanced load up total energy storage/take capacity (W-hr)
2026-09-01 19:56:50,296 INFO  [default]            source: Estimated
2026-09-01 19:56:50,296 INFO  [default]   cumulative: 12371
2026-09-01 19:56:50,296 INFO  [default]    inst rate: not used for this commodity code
2026-09-01 19:56:50,296 INFO  [default] commodity code: 11 - Advanced load up present energy storage/take capacity (W-hr)
2026-09-01 19:56:50,296 INFO  [default]            source: Estimated
2026-09-01 19:56:50,296 INFO  [default]   cumulative: 8549
2026-09-01 19:56:50,296 INFO  [default]    inst rate: not used for this commodity code
2026-09-01 19:56:50,499 INFO  [default] link ACK received: query_operational_state
2026-09-01 19:56:50,623 INFO  [default] operational state received: 2

Press Enter for a list of commands
2026-09-01 19:57:19,885 INFO  [default] link ACK received: query_operational_state
2026-09-01 19:57:20,009 INFO  [default] operational state received: 2

Press Enter for a list of commands
2026-09-01 19:57:49,266 INFO  [default] link ACK received: get_commodity
2026-09-01 19:57:49,435 INFO  [default] message type supported received: 2
2026-09-01 19:57:49,435 INFO  [default] commodity response received. response code: 0 - success; count: 6
2026-09-01 19:57:49,436 INFO  [default] commodity code: 0 - Electricity consumed (W & W-hr)
2026-09-01 19:57:49,436 INFO  [default]            source: Estimated
2026-09-01 19:57:49,436 INFO  [default]   cumulative: 145000
2026-09-01 19:57:49,436 INFO  [default]    inst rate: 500
2026-09-01 19:57:49,437 INFO  [default] commodity code 8 - Rated max consumption level electricity (W) is not recorded in the commodity CSV
2026-09-01 19:57:49,437 INFO  [default] commodity code: 6 - Total energy storage/take capacity (W-hr)
2026-09-01 19:57:49,437 INFO  [default]            source: Estimated
2026-09-01 19:57:49,437 INFO  [default]   cumulative: 9190
2026-09-01 19:57:49,437 INFO  [default]    inst rate: not used for this commodity code
2026-09-01 19:57:49,437 INFO  [default] commodity code: 7 - Present energy storage/take capacity (W-hr)
2026-09-01 19:57:49,437 INFO  [default]            source: Estimated
2026-09-01 19:57:49,438 INFO  [default]   cumulative: 5523
2026-09-01 19:57:49,438 INFO  [default]    inst rate: not used for this commodity code
2026-09-01 19:57:49,438 INFO  [default] commodity code: 10 - Advanced load up total energy storage/take capacity (W-hr)
2026-09-01 19:57:49,438 INFO  [default]            source: Estimated
2026-09-01 19:57:49,438 INFO  [default]   cumulative: 12371
2026-09-01 19:57:49,438 INFO  [default]    inst rate: not used for this commodity code
2026-09-01 19:57:49,438 INFO  [default] commodity code: 11 - Advanced load up present energy storage/take capacity (W-hr)
2026-09-01 19:57:49,438 INFO  [default]            source: Estimated
2026-09-01 19:57:49,439 INFO  [default]   cumulative: 8704
2026-09-01 19:57:49,439 INFO  [default]    inst rate: not used for this commodity code
2026-09-01 19:57:49,641 INFO  [default] link ACK received: query_operational_state
2026-09-01 19:57:49,765 INFO  [default] operational state received: 2

Press Enter for a list of commands
2026-09-01 19:58:20,027 INFO  [default] link ACK received: query_operational_state
2026-09-01 19:58:20,151 INFO  [default] operational state received: 2

Press Enter for a list of commands
2026-09-01 19:58:49,407 INFO  [default] link ACK received: get_commodity
2026-09-01 19:58:49,576 INFO  [default] message type supported received: 2
2026-09-01 19:58:49,576 INFO  [default] commodity response received. response code: 0 - success; count: 6
2026-09-01 19:58:49,577 INFO  [default] commodity code: 0 - Electricity consumed (W & W-hr)
2026-09-01 19:58:49,577 INFO  [default]            source: Estimated
2026-09-01 19:58:49,577 INFO  [default]   cumulative: 145000
2026-09-01 19:58:49,577 INFO  [default]    inst rate: 500
2026-09-01 19:58:49,577 INFO  [default] commodity code 8 - Rated max consumption level electricity (W) is not recorded in the commodity CSV
2026-09-01 19:58:49,577 INFO  [default] commodity code: 6 - Total energy storage/take capacity (W-hr)
2026-09-01 19:58:49,577 INFO  [default]            source: Estimated
2026-09-01 19:58:49,578 INFO  [default]   cumulative: 9190
2026-09-01 19:58:49,578 INFO  [default]    inst rate: not used for this commodity code
2026-09-01 19:58:49,578 INFO  [default] commodity code: 7 - Present energy storage/take capacity (W-hr)
2026-09-01 19:58:49,578 INFO  [default]            source: Estimated
2026-09-01 19:58:49,578 INFO  [default]   cumulative: 5567
2026-09-01 19:58:49,578 INFO  [default]    inst rate: not used for this commodity code
2026-09-01 19:58:49,578 INFO  [default] commodity code: 10 - Advanced load up total energy storage/take capacity (W-hr)
2026-09-01 19:58:49,578 INFO  [default]            source: Estimated
2026-09-01 19:58:49,579 INFO  [default]   cumulative: 12371
2026-09-01 19:58:49,579 INFO  [default]    inst rate: not used for this commodity code
2026-09-01 19:58:49,579 INFO  [default] commodity code: 11 - Advanced load up present energy storage/take capacity (W-hr)
2026-09-01 19:58:49,579 INFO  [default]            source: Estimated
2026-09-01 19:58:49,579 INFO  [default]   cumulative: 8748
2026-09-01 19:58:49,579 INFO  [default]    inst rate: not used for this commodity code
2026-09-01 19:58:49,782 INFO  [default] link ACK received: query_operational_state
2026-09-01 19:58:49,905 INFO  [default] operational state received: 2

Press Enter for a list of commands
2026-09-01 19:59:19,168 INFO  [default] link ACK received: query_operational_state
2026-09-01 19:59:19,290 INFO  [default] operational state received: 2

Press Enter for a list of commands
2026-09-01 19:59:49,550 INFO  [default] link ACK received: get_commodity
2026-09-01 19:59:49,718 INFO  [default] message type supported received: 2
2026-09-01 19:59:49,719 INFO  [default] commodity response received. response code: 0 - success; count: 6
2026-09-01 19:59:49,719 INFO  [default] commodity code: 0 - Electricity consumed (W & W-hr)
2026-09-01 19:59:49,719 INFO  [default]            source: Estimated
2026-09-01 19:59:49,719 INFO  [default]   cumulative: 145000
2026-09-01 19:59:49,720 INFO  [default]    inst rate: 500
2026-09-01 19:59:49,720 INFO  [default] commodity code 8 - Rated max consumption level electricity (W) is not recorded in the commodity CSV
2026-09-01 19:59:49,720 INFO  [default] commodity code: 6 - Total energy storage/take capacity (W-hr)
2026-09-01 19:59:49,720 INFO  [default]            source: Estimated
2026-09-01 19:59:49,720 INFO  [default]   cumulative: 9190
2026-09-01 19:59:49,720 INFO  [default]    inst rate: not used for this commodity code
2026-09-01 19:59:49,720 INFO  [default] commodity code: 7 - Present energy storage/take capacity (W-hr)
2026-09-01 19:59:49,720 INFO  [default]            source: Estimated
2026-09-01 19:59:49,720 INFO  [default]   cumulative: 5589
2026-09-01 19:59:49,721 INFO  [default]    inst rate: not used for this commodity code
2026-09-01 19:59:49,721 INFO  [default] commodity code: 10 - Advanced load up total energy storage/take capacity (W-hr)
2026-09-01 19:59:49,721 INFO  [default]            source: Estimated
2026-09-01 19:59:49,721 INFO  [default]   cumulative: 12371
2026-09-01 19:59:49,721 INFO  [default]    inst rate: not used for this commodity code
2026-09-01 19:59:49,721 INFO  [default] commodity code: 11 - Advanced load up present energy storage/take capacity (W-hr)
2026-09-01 19:59:49,721 INFO  [default]            source: Estimated
2026-09-01 19:59:49,721 INFO  [default]   cumulative: 8770
2026-09-01 19:59:49,721 INFO  [default]    inst rate: not used for this commodity code
2026-09-01 19:59:49,925 INFO  [default] link ACK received: query_operational_state
2026-09-01 19:59:50,049 INFO  [default] operational state received: 2

Press Enter for a list of commands
2026-09-01 20:00:19,309 INFO  [default] link ACK received: query_operational_state
2026-09-01 20:00:19,432 INFO  [default] operational state received: 2

Press Enter for a list of commands
2026-09-01 20:00:49,691 INFO  [default] link ACK received: get_commodity
2026-09-01 20:00:49,859 INFO  [default] message type supported received: 2
2026-09-01 20:00:49,859 INFO  [default] commodity response received. response code: 0 - success; count: 6
2026-09-01 20:00:49,860 INFO  [default] commodity code: 0 - Electricity consumed (W & W-hr)
2026-09-01 20:00:49,860 INFO  [default]            source: Estimated
2026-09-01 20:00:49,860 INFO  [default]   cumulative: 145000
2026-09-01 20:00:49,860 INFO  [default]    inst rate: 500
2026-09-01 20:00:49,860 INFO  [default] commodity code 8 - Rated max consumption level electricity (W) is not recorded in the commodity CSV
2026-09-01 20:00:49,860 INFO  [default] commodity code: 6 - Total energy storage/take capacity (W-hr)
2026-09-01 20:00:49,861 INFO  [default]            source: Estimated
2026-09-01 20:00:49,861 INFO  [default]   cumulative: 9190
2026-09-01 20:00:49,861 INFO  [default]    inst rate: not used for this commodity code
2026-09-01 20:00:49,861 INFO  [default] commodity code: 7 - Present energy storage/take capacity (W-hr)
2026-09-01 20:00:49,861 INFO  [default]            source: Estimated
2026-09-01 20:00:49,861 INFO  [default]   cumulative: 5567
2026-09-01 20:00:49,861 INFO  [default]    inst rate: not used for this commodity code
2026-09-01 20:00:49,861 INFO  [default] commodity code: 10 - Advanced load up total energy storage/take capacity (W-hr)
2026-09-01 20:00:49,861 INFO  [default]            source: Estimated
2026-09-01 20:00:49,862 INFO  [default]   cumulative: 12371
2026-09-01 20:00:49,862 INFO  [default]    inst rate: not used for this commodity code
2026-09-01 20:00:49,862 INFO  [default] commodity code: 11 - Advanced load up present energy storage/take capacity (W-hr)
2026-09-01 20:00:49,862 INFO  [default]            source: Estimated
2026-09-01 20:00:49,862 INFO  [default]   cumulative: 8748
2026-09-01 20:00:49,862 INFO  [default]    inst rate: not used for this commodity code
2026-09-01 20:00:50,065 INFO  [default] link ACK received: query_operational_state
2026-09-01 20:00:50,189 INFO  [default] operational state received: 2

Press Enter for a list of commands
2026-09-01 20:01:19,450 INFO  [default] link ACK received: query_operational_state
2026-09-01 20:01:19,573 INFO  [default] operational state received: 2

Press Enter for a list of commands
2026-09-01 20:01:49,832 INFO  [default] link ACK received: get_commodity
2026-09-01 20:01:50,000 INFO  [default] message type supported received: 2
2026-09-01 20:01:50,001 INFO  [default] commodity response received. response code: 0 - success; count: 6
2026-09-01 20:01:50,001 INFO  [default] commodity code: 0 - Electricity consumed (W & W-hr)
2026-09-01 20:01:50,002 INFO  [default]            source: Estimated
2026-09-01 20:01:50,002 INFO  [default]   cumulative: 145000
2026-09-01 20:01:50,002 INFO  [default]    inst rate: 500
2026-09-01 20:01:50,002 INFO  [default] commodity code 8 - Rated max consumption level electricity (W) is not recorded in the commodity CSV
2026-09-01 20:01:50,002 INFO  [default] commodity code: 6 - Total energy storage/take capacity (W-hr)
2026-09-01 20:01:50,002 INFO  [default]            source: Estimated
2026-09-01 20:01:50,002 INFO  [default]   cumulative: 9190
2026-09-01 20:01:50,003 INFO  [default]    inst rate: not used for this commodity code
2026-09-01 20:01:50,003 INFO  [default] commodity code: 7 - Present energy storage/take capacity (W-hr)
2026-09-01 20:01:50,003 INFO  [default]            source: Estimated
2026-09-01 20:01:50,003 INFO  [default]   cumulative: 5545
2026-09-01 20:01:50,003 INFO  [default]    inst rate: not used for this commodity code
2026-09-01 20:01:50,003 INFO  [default] commodity code: 10 - Advanced load up total energy storage/take capacity (W-hr)
2026-09-01 20:01:50,003 INFO  [default]            source: Estimated
2026-09-01 20:01:50,003 INFO  [default]   cumulative: 12371
2026-09-01 20:01:50,003 INFO  [default]    inst rate: not used for this commodity code
2026-09-01 20:01:50,004 INFO  [default] commodity code: 11 - Advanced load up present energy storage/take capacity (W-hr)
2026-09-01 20:01:50,004 INFO  [default]            source: Estimated
2026-09-01 20:01:50,004 INFO  [default]   cumulative: 8726
2026-09-01 20:01:50,004 INFO  [default]    inst rate: not used for this commodity code
2026-09-01 20:01:50,207 INFO  [default] link ACK received: query_operational_state
2026-09-01 20:01:50,331 INFO  [default] operational state received: 2

Press Enter for a list of commands
2026-09-01 20:02:19,591 INFO  [default] link ACK received: query_operational_state
2026-09-01 20:02:19,714 INFO  [default] operational state received: 2

Press Enter for a list of commands
2026-09-01 20:02:49,972 INFO  [default] link ACK received: get_commodity
2026-09-01 20:02:50,141 INFO  [default] message type supported received: 2
2026-09-01 20:02:50,142 INFO  [default] commodity response received. response code: 0 - success; count: 6
2026-09-01 20:02:50,142 INFO  [default] commodity code: 0 - Electricity consumed (W & W-hr)
2026-09-01 20:02:50,142 INFO  [default]            source: Estimated
2026-09-01 20:02:50,142 INFO  [default]   cumulative: 145000
2026-09-01 20:02:50,143 INFO  [default]    inst rate: 500
2026-09-01 20:02:50,143 INFO  [default] commodity code 8 - Rated max consumption level electricity (W) is not recorded in the commodity CSV
2026-09-01 20:02:50,143 INFO  [default] commodity code: 6 - Total energy storage/take capacity (W-hr)
2026-09-01 20:02:50,143 INFO  [default]            source: Estimated
2026-09-01 20:02:50,143 INFO  [default]   cumulative: 9190
2026-09-01 20:02:50,143 INFO  [default]    inst rate: not used for this commodity code
2026-09-01 20:02:50,143 INFO  [default] commodity code: 7 - Present energy storage/take capacity (W-hr)
2026-09-01 20:02:50,143 INFO  [default]            source: Estimated
2026-09-01 20:02:50,143 INFO  [default]   cumulative: 5523
2026-09-01 20:02:50,143 INFO  [default]    inst rate: not used for this commodity code
2026-09-01 20:02:50,144 INFO  [default] commodity code: 10 - Advanced load up total energy storage/take capacity (W-hr)
2026-09-01 20:02:50,144 INFO  [default]            source: Estimated
2026-09-01 20:02:50,144 INFO  [default]   cumulative: 12371
2026-09-01 20:02:50,144 INFO  [default]    inst rate: not used for this commodity code
2026-09-01 20:02:50,144 INFO  [default] commodity code: 11 - Advanced load up present energy storage/take capacity (W-hr)
2026-09-01 20:02:50,144 INFO  [default]            source: Estimated
2026-09-01 20:02:50,144 INFO  [default]   cumulative: 8704
2026-09-01 20:02:50,144 INFO  [default]    inst rate: not used for this commodity code
2026-09-01 20:02:50,346 INFO  [default] link ACK received: query_operational_state
2026-09-01 20:02:50,470 INFO  [default] operational state received: 2

Press Enter for a list of commands
2026-09-01 20:03:19,732 INFO  [default] link ACK received: query_operational_state
2026-09-01 20:03:19,855 INFO  [default] operational state received: 2

Press Enter for a list of commands
2026-09-01 20:03:49,112 INFO  [default] link ACK received: get_commodity
2026-09-01 20:03:49,281 INFO  [default] message type supported received: 2
2026-09-01 20:03:49,281 INFO  [default] commodity response received. response code: 0 - success; count: 6
2026-09-01 20:03:49,282 INFO  [default] commodity code: 0 - Electricity consumed (W & W-hr)
2026-09-01 20:03:49,282 INFO  [default]            source: Estimated
2026-09-01 20:03:49,282 INFO  [default]   cumulative: 145000
2026-09-01 20:03:49,282 INFO  [default]    inst rate: 500
2026-09-01 20:03:49,282 INFO  [default] commodity code 8 - Rated max consumption level electricity (W) is not recorded in the commodity CSV
2026-09-01 20:03:49,282 INFO  [default] commodity code: 6 - Total energy storage/take capacity (W-hr)
2026-09-01 20:03:49,282 INFO  [default]            source: Estimated
2026-09-01 20:03:49,282 INFO  [default]   cumulative: 9190
2026-09-01 20:03:49,282 INFO  [default]    inst rate: not used for this commodity code
2026-09-01 20:03:49,283 INFO  [default] commodity code: 7 - Present energy storage/take capacity (W-hr)
2026-09-01 20:03:49,283 INFO  [default]            source: Estimated
2026-09-01 20:03:49,283 INFO  [default]   cumulative: 5501
2026-09-01 20:03:49,283 INFO  [default]    inst rate: not used for this commodity code
2026-09-01 20:03:49,283 INFO  [default] commodity code: 10 - Advanced load up total energy storage/take capacity (W-hr)
2026-09-01 20:03:49,283 INFO  [default]            source: Estimated
2026-09-01 20:03:49,283 INFO  [default]   cumulative: 12371
2026-09-01 20:03:49,283 INFO  [default]    inst rate: not used for this commodity code
2026-09-01 20:03:49,283 INFO  [default] commodity code: 11 - Advanced load up present energy storage/take capacity (W-hr)
2026-09-01 20:03:49,284 INFO  [default]            source: Estimated
2026-09-01 20:03:49,284 INFO  [default]   cumulative: 8682
2026-09-01 20:03:49,284 INFO  [default]    inst rate: not used for this commodity code
2026-09-01 20:03:49,486 INFO  [default] link ACK received: query_operational_state
2026-09-01 20:03:49,610 INFO  [default] operational state received: 2

Press Enter for a list of commands
2026-09-01 20:04:19,874 INFO  [default] link ACK received: query_operational_state
2026-09-01 20:04:19,997 INFO  [default] operational state received: 2

Press Enter for a list of commands
2026-09-01 20:04:49,255 INFO  [default] link ACK received: get_commodity
2026-09-01 20:04:49,424 INFO  [default] message type supported received: 2
2026-09-01 20:04:49,425 INFO  [default] commodity response received. response code: 0 - success; count: 6
2026-09-01 20:04:49,425 INFO  [default] commodity code: 0 - Electricity consumed (W & W-hr)
2026-09-01 20:04:49,425 INFO  [default]            source: Estimated
2026-09-01 20:04:49,426 INFO  [default]   cumulative: 145000
2026-09-01 20:04:49,426 INFO  [default]    inst rate: 500
2026-09-01 20:04:49,426 INFO  [default] commodity code 8 - Rated max consumption level electricity (W) is not recorded in the commodity CSV
2026-09-01 20:04:49,426 INFO  [default] commodity code: 6 - Total energy storage/take capacity (W-hr)
2026-09-01 20:04:49,426 INFO  [default]            source: Estimated
2026-09-01 20:04:49,426 INFO  [default]   cumulative: 9190
2026-09-01 20:04:49,426 INFO  [default]    inst rate: not used for this commodity code
2026-09-01 20:04:49,426 INFO  [default] commodity code: 7 - Present energy storage/take capacity (W-hr)
2026-09-01 20:04:49,427 INFO  [default]            source: Estimated
2026-09-01 20:04:49,427 INFO  [default]   cumulative: 5501
2026-09-01 20:04:49,427 INFO  [default]    inst rate: not used for this commodity code
2026-09-01 20:04:49,427 INFO  [default] commodity code: 10 - Advanced load up total energy storage/take capacity (W-hr)
2026-09-01 20:04:49,427 INFO  [default]            source: Estimated
2026-09-01 20:04:49,427 INFO  [default]   cumulative: 12371
2026-09-01 20:04:49,427 INFO  [default]    inst rate: not used for this commodity code
2026-09-01 20:04:49,428 INFO  [default] commodity code: 11 - Advanced load up present energy storage/take capacity (W-hr)
2026-09-01 20:04:49,428 INFO  [default]            source: Estimated
2026-09-01 20:04:49,428 INFO  [default]   cumulative: 8682
2026-09-01 20:04:49,428 INFO  [default]    inst rate: not used for this commodity code
2026-09-01 20:04:49,630 INFO  [default] link ACK received: query_operational_state
2026-09-01 20:04:49,754 INFO  [default] operational state received: 2

Press Enter for a list of commands
2026-09-01 20:05:20,015 INFO  [default] link ACK received: query_operational_state
2026-09-01 20:05:20,139 INFO  [default] operational state received: 2

Press Enter for a list of commands
2026-09-01 20:05:49,399 INFO  [default] link ACK received: get_commodity
2026-09-01 20:05:49,568 INFO  [default] message type supported received: 2
2026-09-01 20:05:49,568 INFO  [default] commodity response received. response code: 0 - success; count: 6
2026-09-01 20:05:49,569 INFO  [default] commodity code: 0 - Electricity consumed (W & W-hr)
2026-09-01 20:05:49,569 INFO  [default]            source: Estimated
2026-09-01 20:05:49,569 INFO  [default]   cumulative: 145000
2026-09-01 20:05:49,569 INFO  [default]    inst rate: 500
2026-09-01 20:05:49,569 INFO  [default] commodity code 8 - Rated max consumption level electricity (W) is not recorded in the commodity CSV
2026-09-01 20:05:49,569 INFO  [default] commodity code: 6 - Total energy storage/take capacity (W-hr)
2026-09-01 20:05:49,569 INFO  [default]            source: Estimated
2026-09-01 20:05:49,570 INFO  [default]   cumulative: 9190
2026-09-01 20:05:49,570 INFO  [default]    inst rate: not used for this commodity code
2026-09-01 20:05:49,570 INFO  [default] commodity code: 7 - Present energy storage/take capacity (W-hr)
2026-09-01 20:05:49,570 INFO  [default]            source: Estimated
2026-09-01 20:05:49,570 INFO  [default]   cumulative: 5479
2026-09-01 20:05:49,570 INFO  [default]    inst rate: not used for this commodity code
2026-09-01 20:05:49,570 INFO  [default] commodity code: 10 - Advanced load up total energy storage/take capacity (W-hr)
2026-09-01 20:05:49,570 INFO  [default]            source: Estimated
2026-09-01 20:05:49,570 INFO  [default]   cumulative: 12371
2026-09-01 20:05:49,570 INFO  [default]    inst rate: not used for this commodity code
2026-09-01 20:05:49,571 INFO  [default] commodity code: 11 - Advanced load up present energy storage/take capacity (W-hr)
2026-09-01 20:05:49,571 INFO  [default]            source: Estimated
2026-09-01 20:05:49,571 INFO  [default]   cumulative: 8660
2026-09-01 20:05:49,571 INFO  [default]    inst rate: not used for this commodity code
2026-09-01 20:05:49,773 INFO  [default] link ACK received: query_operational_state
2026-09-01 20:05:49,897 INFO  [default] operational state received: 2

Press Enter for a list of commands
2026-09-01 20:06:19,159 INFO  [default] link ACK received: query_operational_state
2026-09-01 20:06:19,283 INFO  [default] operational state received: 2

Press Enter for a list of commands
1788318409,o,0 (PASSED!)
outside communication found
2026-09-01 20:06:49,543 INFO  [default] link ACK received: outside_communication
2026-09-01 20:06:49,667 INFO  [default] app ack received
2026-09-01 20:06:49,870 INFO  [default] link ACK received: get_commodity
2026-09-01 20:06:50,039 INFO  [default] message type supported received: 2
2026-09-01 20:06:50,039 INFO  [default] commodity response received. response code: 0 - success; count: 6
2026-09-01 20:06:50,039 INFO  [default] commodity code: 0 - Electricity consumed (W & W-hr)
2026-09-01 20:06:50,040 INFO  [default]            source: Estimated
2026-09-01 20:06:50,040 INFO  [default]   cumulative: 145000
2026-09-01 20:06:50,040 INFO  [default]    inst rate: 500
2026-09-01 20:06:50,040 INFO  [default] commodity code 8 - Rated max consumption level electricity (W) is not recorded in the commodity CSV
2026-09-01 20:06:50,040 INFO  [default] commodity code: 6 - Total energy storage/take capacity (W-hr)
2026-09-01 20:06:50,040 INFO  [default]            source: Estimated
2026-09-01 20:06:50,040 INFO  [default]   cumulative: 9190
2026-09-01 20:06:50,040 INFO  [default]    inst rate: not used for this commodity code
2026-09-01 20:06:50,041 INFO  [default] commodity code: 7 - Present energy storage/take capacity (W-hr)
2026-09-01 20:06:50,041 INFO  [default]            source: Estimated
2026-09-01 20:06:50,041 INFO  [default]   cumulative: 5456
2026-09-01 20:06:50,041 INFO  [default]    inst rate: not used for this commodity code
2026-09-01 20:06:50,041 INFO  [default] commodity code: 10 - Advanced load up total energy storage/take capacity (W-hr)
2026-09-01 20:06:50,041 INFO  [default]            source: Estimated
2026-09-01 20:06:50,042 INFO  [default]   cumulative: 12371
2026-09-01 20:06:50,042 INFO  [default]    inst rate: not used for this commodity code
2026-09-01 20:06:50,042 INFO  [default] commodity code: 11 - Advanced load up present energy storage/take capacity (W-hr)
2026-09-01 20:06:50,042 INFO  [default]            source: Estimated
2026-09-01 20:06:50,042 INFO  [default]   cumulative: 8638
2026-09-01 20:06:50,042 INFO  [default]    inst rate: not used for this commodity code
2026-09-01 20:06:50,244 INFO  [default] link ACK received: query_operational_state
2026-09-01 20:06:50,368 INFO  [default] operational state received: 2

Press Enter for a list of commands
2026-09-01 20:07:19,627 INFO  [default] link ACK received: query_operational_state
2026-09-01 20:07:19,751 INFO  [default] operational state received: 2

Press Enter for a list of commands
2026-09-01 20:07:50,009 INFO  [default] link ACK received: get_commodity
2026-09-01 20:07:50,177 INFO  [default] message type supported received: 2
2026-09-01 20:07:50,177 INFO  [default] commodity response received. response code: 0 - success; count: 6
2026-09-01 20:07:50,177 INFO  [default] commodity code: 0 - Electricity consumed (W & W-hr)
2026-09-01 20:07:50,177 INFO  [default]            source: Estimated
2026-09-01 20:07:50,177 INFO  [default]   cumulative: 145000
2026-09-01 20:07:50,178 INFO  [default]    inst rate: 500
2026-09-01 20:07:50,178 INFO  [default] commodity code 8 - Rated max consumption level electricity (W) is not recorded in the commodity CSV
2026-09-01 20:07:50,178 INFO  [default] commodity code: 6 - Total energy storage/take capacity (W-hr)
2026-09-01 20:07:50,178 INFO  [default]            source: Estimated
2026-09-01 20:07:50,178 INFO  [default]   cumulative: 9190
2026-09-01 20:07:50,178 INFO  [default]    inst rate: not used for this commodity code
2026-09-01 20:07:50,178 INFO  [default] commodity code: 7 - Present energy storage/take capacity (W-hr)
2026-09-01 20:07:50,178 INFO  [default]            source: Estimated
2026-09-01 20:07:50,178 INFO  [default]   cumulative: 5412
2026-09-01 20:07:50,178 INFO  [default]    inst rate: not used for this commodity code
2026-09-01 20:07:50,178 INFO  [default] commodity code: 10 - Advanced load up total energy storage/take capacity (W-hr)
2026-09-01 20:07:50,179 INFO  [default]            source: Estimated
2026-09-01 20:07:50,179 INFO  [default]   cumulative: 12371
2026-09-01 20:07:50,179 INFO  [default]    inst rate: not used for this commodity code
2026-09-01 20:07:50,179 INFO  [default] commodity code: 11 - Advanced load up present energy storage/take capacity (W-hr)
2026-09-01 20:07:50,179 INFO  [default]            source: Estimated
2026-09-01 20:07:50,179 INFO  [default]   cumulative: 8594
2026-09-01 20:07:50,179 INFO  [default]    inst rate: not used for this commodity code
2026-09-01 20:07:50,382 INFO  [default] link ACK received: query_operational_state
2026-09-01 20:07:50,507 INFO  [default] operational state received: 2

Press Enter for a list of commands
2026-09-01 20:08:19,767 INFO  [default] link ACK received: query_operational_state
2026-09-01 20:08:19,890 INFO  [default] operational state received: 2

Press Enter for a list of commands
2026-09-01 20:08:49,142 INFO  [default] link ACK received: get_commodity
2026-09-01 20:08:49,313 INFO  [default] message type supported received: 2
2026-09-01 20:08:49,313 INFO  [default] commodity response received. response code: 0 - success; count: 6
2026-09-01 20:08:49,314 INFO  [default] commodity code: 0 - Electricity consumed (W & W-hr)
2026-09-01 20:08:49,314 INFO  [default]            source: Estimated
2026-09-01 20:08:49,314 INFO  [default]   cumulative: 146000
2026-09-01 20:08:49,314 INFO  [default]    inst rate: 500
2026-09-01 20:08:49,314 INFO  [default] commodity code 8 - Rated max consumption level electricity (W) is not recorded in the commodity CSV
2026-09-01 20:08:49,314 INFO  [default] commodity code: 6 - Total energy storage/take capacity (W-hr)
2026-09-01 20:08:49,315 INFO  [default]            source: Estimated
2026-09-01 20:08:49,315 INFO  [default]   cumulative: 9190
2026-09-01 20:08:49,315 INFO  [default]    inst rate: not used for this commodity code
2026-09-01 20:08:49,315 INFO  [default] commodity code: 7 - Present energy storage/take capacity (W-hr)
2026-09-01 20:08:49,315 INFO  [default]            source: Estimated
2026-09-01 20:08:49,315 INFO  [default]   cumulative: 5390
2026-09-01 20:08:49,315 INFO  [default]    inst rate: not used for this commodity code
2026-09-01 20:08:49,315 INFO  [default] commodity code: 10 - Advanced load up total energy storage/take capacity (W-hr)
2026-09-01 20:08:49,315 INFO  [default]            source: Estimated
2026-09-01 20:08:49,316 INFO  [default]   cumulative: 12371
2026-09-01 20:08:49,316 INFO  [default]    inst rate: not used for this commodity code
2026-09-01 20:08:49,316 INFO  [default] commodity code: 11 - Advanced load up present energy storage/take capacity (W-hr)
2026-09-01 20:08:49,316 INFO  [default]            source: Estimated
2026-09-01 20:08:49,316 INFO  [default]   cumulative: 8571
2026-09-01 20:08:49,316 INFO  [default]    inst rate: not used for this commodity code
2026-09-01 20:08:49,521 INFO  [default] link ACK received: query_operational_state
2026-09-01 20:08:49,644 INFO  [default] operational state received: 2

Press Enter for a list of commands
2026-09-01 20:09:19,908 INFO  [default] link ACK received: query_operational_state
2026-09-01 20:09:20,032 INFO  [default] operational state received: 2

Press Enter for a list of commands
2026-09-01 20:09:49,290 INFO  [default] link ACK received: get_commodity
2026-09-01 20:09:49,459 INFO  [default] message type supported received: 2
2026-09-01 20:09:49,460 INFO  [default] commodity response received. response code: 0 - success; count: 6
2026-09-01 20:09:49,460 INFO  [default] commodity code: 0 - Electricity consumed (W & W-hr)
2026-09-01 20:09:49,460 INFO  [default]            source: Estimated
2026-09-01 20:09:49,460 INFO  [default]   cumulative: 146000
2026-09-01 20:09:49,460 INFO  [default]    inst rate: 500
2026-09-01 20:09:49,460 INFO  [default] commodity code 8 - Rated max consumption level electricity (W) is not recorded in the commodity CSV
2026-09-01 20:09:49,460 INFO  [default] commodity code: 6 - Total energy storage/take capacity (W-hr)
2026-09-01 20:09:49,461 INFO  [default]            source: Estimated
2026-09-01 20:09:49,461 INFO  [default]   cumulative: 9190
2026-09-01 20:09:49,461 INFO  [default]    inst rate: not used for this commodity code
2026-09-01 20:09:49,461 INFO  [default] commodity code: 7 - Present energy storage/take capacity (W-hr)
2026-09-01 20:09:49,461 INFO  [default]            source: Estimated
2026-09-01 20:09:49,461 INFO  [default]   cumulative: 5368
2026-09-01 20:09:49,461 INFO  [default]    inst rate: not used for this commodity code
2026-09-01 20:09:49,461 INFO  [default] commodity code: 10 - Advanced load up total energy storage/take capacity (W-hr)
2026-09-01 20:09:49,461 INFO  [default]            source: Estimated
2026-09-01 20:09:49,461 INFO  [default]   cumulative: 12371
2026-09-01 20:09:49,462 INFO  [default]    inst rate: not used for this commodity code
2026-09-01 20:09:49,462 INFO  [default] commodity code: 11 - Advanced load up present energy storage/take capacity (W-hr)
2026-09-01 20:09:49,462 INFO  [default]            source: Estimated
2026-09-01 20:09:49,462 INFO  [default]   cumulative: 8549
2026-09-01 20:09:49,462 INFO  [default]    inst rate: not used for this commodity code
2026-09-01 20:09:49,665 INFO  [default] link ACK received: query_operational_state
2026-09-01 20:09:49,789 INFO  [default] operational state received: 2

Press Enter for a list of commands
2026-09-01 20:10:20,052 INFO  [default] link ACK received: query_operational_state
2026-09-01 20:10:20,176 INFO  [default] operational state received: 2

Press Enter for a list of commands
2026-09-01 20:10:49,433 INFO  [default] link ACK received: get_commodity
2026-09-01 20:10:49,603 INFO  [default] message type supported received: 2
2026-09-01 20:10:49,603 INFO  [default] commodity response received. response code: 0 - success; count: 6
2026-09-01 20:10:49,604 INFO  [default] commodity code: 0 - Electricity consumed (W & W-hr)
2026-09-01 20:10:49,604 INFO  [default]            source: Estimated
2026-09-01 20:10:49,604 INFO  [default]   cumulative: 146000
2026-09-01 20:10:49,604 INFO  [default]    inst rate: 500
2026-09-01 20:10:49,605 INFO  [default] commodity code 8 - Rated max consumption level electricity (W) is not recorded in the commodity CSV
2026-09-01 20:10:49,605 INFO  [default] commodity code: 6 - Total energy storage/take capacity (W-hr)
2026-09-01 20:10:49,605 INFO  [default]            source: Estimated
2026-09-01 20:10:49,605 INFO  [default]   cumulative: 9190
2026-09-01 20:10:49,605 INFO  [default]    inst rate: not used for this commodity code
2026-09-01 20:10:49,605 INFO  [default] commodity code: 7 - Present energy storage/take capacity (W-hr)
2026-09-01 20:10:49,605 INFO  [default]            source: Estimated
2026-09-01 20:10:49,605 INFO  [default]   cumulative: 5346
2026-09-01 20:10:49,606 INFO  [default]    inst rate: not used for this commodity code
2026-09-01 20:10:49,606 INFO  [default] commodity code: 10 - Advanced load up total energy storage/take capacity (W-hr)
2026-09-01 20:10:49,606 INFO  [default]            source: Estimated
2026-09-01 20:10:49,606 INFO  [default]   cumulative: 12371
2026-09-01 20:10:49,606 INFO  [default]    inst rate: not used for this commodity code
2026-09-01 20:10:49,606 INFO  [default] commodity code: 11 - Advanced load up present energy storage/take capacity (W-hr)
2026-09-01 20:10:49,606 INFO  [default]            source: Estimated
2026-09-01 20:10:49,606 INFO  [default]   cumulative: 8527
2026-09-01 20:10:49,607 INFO  [default]    inst rate: not used for this commodity code
2026-09-01 20:10:49,810 INFO  [default] link ACK received: query_operational_state
2026-09-01 20:10:49,935 INFO  [default] operational state received: 2

Press Enter for a list of commands
2026-09-01 20:11:19,195 INFO  [default] link ACK received: query_operational_state
2026-09-01 20:11:19,318 INFO  [default] operational state received: 2

Press Enter for a list of commands
2026-09-01 20:11:49,579 INFO  [default] link ACK received: get_commodity
2026-09-01 20:11:49,747 INFO  [default] message type supported received: 2
2026-09-01 20:11:49,747 INFO  [default] commodity response received. response code: 0 - success; count: 6
2026-09-01 20:11:49,747 INFO  [default] commodity code: 0 - Electricity consumed (W & W-hr)
2026-09-01 20:11:49,747 INFO  [default]            source: Estimated
2026-09-01 20:11:49,748 INFO  [default]   cumulative: 146000
2026-09-01 20:11:49,748 INFO  [default]    inst rate: 500
2026-09-01 20:11:49,748 INFO  [default] commodity code 8 - Rated max consumption level electricity (W) is not recorded in the commodity CSV
2026-09-01 20:11:49,748 INFO  [default] commodity code: 6 - Total energy storage/take capacity (W-hr)
2026-09-01 20:11:49,748 INFO  [default]            source: Estimated
2026-09-01 20:11:49,748 INFO  [default]   cumulative: 9190
2026-09-01 20:11:49,748 INFO  [default]    inst rate: not used for this commodity code
2026-09-01 20:11:49,748 INFO  [default] commodity code: 7 - Present energy storage/take capacity (W-hr)
2026-09-01 20:11:49,748 INFO  [default]            source: Estimated
2026-09-01 20:11:49,748 INFO  [default]   cumulative: 5302
2026-09-01 20:11:49,749 INFO  [default]    inst rate: not used for this commodity code
2026-09-01 20:11:49,749 INFO  [default] commodity code: 10 - Advanced load up total energy storage/take capacity (W-hr)
2026-09-01 20:11:49,749 INFO  [default]            source: Estimated
2026-09-01 20:11:49,749 INFO  [default]   cumulative: 12371
2026-09-01 20:11:49,749 INFO  [default]    inst rate: not used for this commodity code
2026-09-01 20:11:49,749 INFO  [default] commodity code: 11 - Advanced load up present energy storage/take capacity (W-hr)
2026-09-01 20:11:49,749 INFO  [default]            source: Estimated
2026-09-01 20:11:49,749 INFO  [default]   cumulative: 8483
2026-09-01 20:11:49,750 INFO  [default]    inst rate: not used for this commodity code
2026-09-01 20:11:49,952 INFO  [default] link ACK received: query_operational_state
2026-09-01 20:11:50,075 INFO  [default] operational state received: 2

Press Enter for a list of commands
2026-09-01 20:12:19,337 INFO  [default] link ACK received: query_operational_state
2026-09-01 20:12:19,459 INFO  [default] operational state received: 2

Press Enter for a list of commands
2026-09-01 20:12:49,717 INFO  [default] link ACK received: get_commodity
2026-09-01 20:12:49,888 INFO  [default] message type supported received: 2
2026-09-01 20:12:49,888 INFO  [default] commodity response received. response code: 0 - success; count: 6
2026-09-01 20:12:49,889 INFO  [default] commodity code: 0 - Electricity consumed (W & W-hr)
2026-09-01 20:12:49,889 INFO  [default]            source: Estimated
2026-09-01 20:12:49,889 INFO  [default]   cumulative: 146000
2026-09-01 20:12:49,889 INFO  [default]    inst rate: 500
2026-09-01 20:12:49,889 INFO  [default] commodity code 8 - Rated max consumption level electricity (W) is not recorded in the commodity CSV
2026-09-01 20:12:49,889 INFO  [default] commodity code: 6 - Total energy storage/take capacity (W-hr)
2026-09-01 20:12:49,890 INFO  [default]            source: Estimated
2026-09-01 20:12:49,890 INFO  [default]   cumulative: 9190
2026-09-01 20:12:49,890 INFO  [default]    inst rate: not used for this commodity code
2026-09-01 20:12:49,890 INFO  [default] commodity code: 7 - Present energy storage/take capacity (W-hr)
2026-09-01 20:12:49,890 INFO  [default]            source: Estimated
2026-09-01 20:12:49,890 INFO  [default]   cumulative: 5280
2026-09-01 20:12:49,890 INFO  [default]    inst rate: not used for this commodity code
2026-09-01 20:12:49,890 INFO  [default] commodity code: 10 - Advanced load up total energy storage/take capacity (W-hr)
2026-09-01 20:12:49,891 INFO  [default]            source: Estimated
2026-09-01 20:12:49,891 INFO  [default]   cumulative: 12371
2026-09-01 20:12:49,891 INFO  [default]    inst rate: not used for this commodity code
2026-09-01 20:12:49,891 INFO  [default] commodity code: 11 - Advanced load up present energy storage/take capacity (W-hr)
2026-09-01 20:12:49,891 INFO  [default]            source: Estimated
2026-09-01 20:12:49,891 INFO  [default]   cumulative: 8461
2026-09-01 20:12:49,891 INFO  [default]    inst rate: not used for this commodity code
2026-09-01 20:12:50,095 INFO  [default] link ACK received: query_operational_state
2026-09-01 20:12:50,219 INFO  [default] operational state received: 2

Press Enter for a list of commands
2026-09-01 20:13:19,481 INFO  [default] link ACK received: query_operational_state
2026-09-01 20:13:19,605 INFO  [default] operational state received: 2

Press Enter for a list of commands
2026-09-01 20:13:49,863 INFO  [default] link ACK received: get_commodity
2026-09-01 20:13:50,031 INFO  [default] message type supported received: 2
2026-09-01 20:13:50,031 INFO  [default] commodity response received. response code: 0 - success; count: 6
2026-09-01 20:13:50,031 INFO  [default] commodity code: 0 - Electricity consumed (W & W-hr)
2026-09-01 20:13:50,031 INFO  [default]            source: Estimated
2026-09-01 20:13:50,032 INFO  [default]   cumulative: 146000
2026-09-01 20:13:50,032 INFO  [default]    inst rate: 500
2026-09-01 20:13:50,032 INFO  [default] commodity code 8 - Rated max consumption level electricity (W) is not recorded in the commodity CSV
2026-09-01 20:13:50,032 INFO  [default] commodity code: 6 - Total energy storage/take capacity (W-hr)
2026-09-01 20:13:50,032 INFO  [default]            source: Estimated
2026-09-01 20:13:50,032 INFO  [default]   cumulative: 9190
2026-09-01 20:13:50,032 INFO  [default]    inst rate: not used for this commodity code
2026-09-01 20:13:50,033 INFO  [default] commodity code: 7 - Present energy storage/take capacity (W-hr)
2026-09-01 20:13:50,033 INFO  [default]            source: Estimated
2026-09-01 20:13:50,033 INFO  [default]   cumulative: 5280
2026-09-01 20:13:50,033 INFO  [default]    inst rate: not used for this commodity code
2026-09-01 20:13:50,033 INFO  [default] commodity code: 10 - Advanced load up total energy storage/take capacity (W-hr)
2026-09-01 20:13:50,033 INFO  [default]            source: Estimated
2026-09-01 20:13:50,033 INFO  [default]   cumulative: 12371
2026-09-01 20:13:50,034 INFO  [default]    inst rate: not used for this commodity code
2026-09-01 20:13:50,034 INFO  [default] commodity code: 11 - Advanced load up present energy storage/take capacity (W-hr)
2026-09-01 20:13:50,034 INFO  [default]            source: Estimated
2026-09-01 20:13:50,034 INFO  [default]   cumulative: 8461
2026-09-01 20:13:50,034 INFO  [default]    inst rate: not used for this commodity code
2026-09-01 20:13:50,236 INFO  [default] link ACK received: query_operational_state
2026-09-01 20:13:50,360 INFO  [default] operational state received: 2

Press Enter for a list of commands
2026-09-01 20:14:19,621 INFO  [default] link ACK received: query_operational_state
2026-09-01 20:14:19,744 INFO  [default] operational state received: 2

Press Enter for a list of commands
2026-09-01 20:14:50,003 INFO  [default] link ACK received: get_commodity
2026-09-01 20:14:50,173 INFO  [default] message type supported received: 2
2026-09-01 20:14:50,173 INFO  [default] commodity response received. response code: 0 - success; count: 6
2026-09-01 20:14:50,173 INFO  [default] commodity code: 0 - Electricity consumed (W & W-hr)
2026-09-01 20:14:50,174 INFO  [default]            source: Estimated
2026-09-01 20:14:50,174 INFO  [default]   cumulative: 146000
2026-09-01 20:14:50,174 INFO  [default]    inst rate: 500
2026-09-01 20:14:50,174 INFO  [default] commodity code 8 - Rated max consumption level electricity (W) is not recorded in the commodity CSV
2026-09-01 20:14:50,174 INFO  [default] commodity code: 6 - Total energy storage/take capacity (W-hr)
2026-09-01 20:14:50,174 INFO  [default]            source: Estimated
2026-09-01 20:14:50,174 INFO  [default]   cumulative: 9190
2026-09-01 20:14:50,174 INFO  [default]    inst rate: not used for this commodity code
2026-09-01 20:14:50,174 INFO  [default] commodity code: 7 - Present energy storage/take capacity (W-hr)
2026-09-01 20:14:50,174 INFO  [default]            source: Estimated
2026-09-01 20:14:50,174 INFO  [default]   cumulative: 5213
2026-09-01 20:14:50,175 INFO  [default]    inst rate: not used for this commodity code
2026-09-01 20:14:50,175 INFO  [default] commodity code: 10 - Advanced load up total energy storage/take capacity (W-hr)
2026-09-01 20:14:50,175 INFO  [default]            source: Estimated
2026-09-01 20:14:50,175 INFO  [default]   cumulative: 12371
2026-09-01 20:14:50,175 INFO  [default]    inst rate: not used for this commodity code
2026-09-01 20:14:50,175 INFO  [default] commodity code: 11 - Advanced load up present energy storage/take capacity (W-hr)
2026-09-01 20:14:50,175 INFO  [default]            source: Estimated
2026-09-01 20:14:50,175 INFO  [default]   cumulative: 8395
2026-09-01 20:14:50,175 INFO  [default]    inst rate: not used for this commodity code
2026-09-01 20:14:50,378 INFO  [default] link ACK received: query_operational_state
2026-09-01 20:14:50,501 INFO  [default] operational state received: 2

Press Enter for a list of commands
2026-09-01 20:15:19,764 INFO  [default] link ACK received: query_operational_state
2026-09-01 20:15:19,888 INFO  [default] operational state received: 2

Press Enter for a list of commands
2026-09-01 20:15:49,146 INFO  [default] link ACK received: get_commodity
2026-09-01 20:15:49,315 INFO  [default] message type supported received: 2
2026-09-01 20:15:49,315 INFO  [default] commodity response received. response code: 0 - success; count: 6
2026-09-01 20:15:49,316 INFO  [default] commodity code: 0 - Electricity consumed (W & W-hr)
2026-09-01 20:15:49,316 INFO  [default]            source: Estimated
2026-09-01 20:15:49,316 INFO  [default]   cumulative: 146000
2026-09-01 20:15:49,316 INFO  [default]    inst rate: 500
2026-09-01 20:15:49,316 INFO  [default] commodity code 8 - Rated max consumption level electricity (W) is not recorded in the commodity CSV
2026-09-01 20:15:49,316 INFO  [default] commodity code: 6 - Total energy storage/take capacity (W-hr)
2026-09-01 20:15:49,316 INFO  [default]            source: Estimated
2026-09-01 20:15:49,317 INFO  [default]   cumulative: 9190
2026-09-01 20:15:49,317 INFO  [default]    inst rate: not used for this commodity code
2026-09-01 20:15:49,317 INFO  [default] commodity code: 7 - Present energy storage/take capacity (W-hr)
2026-09-01 20:15:49,317 INFO  [default]            source: Estimated
2026-09-01 20:15:49,317 INFO  [default]   cumulative: 5213
2026-09-01 20:15:49,317 INFO  [default]    inst rate: not used for this commodity code
2026-09-01 20:15:49,317 INFO  [default] commodity code: 10 - Advanced load up total energy storage/take capacity (W-hr)
2026-09-01 20:15:49,317 INFO  [default]            source: Estimated
2026-09-01 20:15:49,317 INFO  [default]   cumulative: 12371
2026-09-01 20:15:49,318 INFO  [default]    inst rate: not used for this commodity code
2026-09-01 20:15:49,318 INFO  [default] commodity code: 11 - Advanced load up present energy storage/take capacity (W-hr)
2026-09-01 20:15:49,318 INFO  [default]            source: Estimated
2026-09-01 20:15:49,318 INFO  [default]   cumulative: 8395
2026-09-01 20:15:49,318 INFO  [default]    inst rate: not used for this commodity code
2026-09-01 20:15:49,521 INFO  [default] link ACK received: query_operational_state
2026-09-01 20:15:49,645 INFO  [default] operational state received: 2

Press Enter for a list of commands
2026-09-01 20:16:19,907 INFO  [default] link ACK received: query_operational_state
2026-09-01 20:16:20,030 INFO  [default] operational state received: 2

Press Enter for a list of commands
1788319009,o,0 (PASSED!)
outside communication found
2026-09-01 20:16:49,287 INFO  [default] link ACK received: outside_communication
2026-09-01 20:16:49,411 INFO  [default] app ack received
2026-09-01 20:16:49,614 INFO  [default] link ACK received: get_commodity
2026-09-01 20:16:49,783 INFO  [default] message type supported received: 2
2026-09-01 20:16:49,783 INFO  [default] commodity response received. response code: 0 - success; count: 6
2026-09-01 20:16:49,784 INFO  [default] commodity code: 0 - Electricity consumed (W & W-hr)
2026-09-01 20:16:49,784 INFO  [default]            source: Estimated
2026-09-01 20:16:49,784 INFO  [default]   cumulative: 146000
2026-09-01 20:16:49,784 INFO  [default]    inst rate: 500
2026-09-01 20:16:49,784 INFO  [default] commodity code 8 - Rated max consumption level electricity (W) is not recorded in the commodity CSV
2026-09-01 20:16:49,784 INFO  [default] commodity code: 6 - Total energy storage/take capacity (W-hr)
2026-09-01 20:16:49,785 INFO  [default]            source: Estimated
2026-09-01 20:16:49,785 INFO  [default]   cumulative: 9190
2026-09-01 20:16:49,785 INFO  [default]    inst rate: not used for this commodity code
2026-09-01 20:16:49,785 INFO  [default] commodity code: 7 - Present energy storage/take capacity (W-hr)
2026-09-01 20:16:49,785 INFO  [default]            source: Estimated
2026-09-01 20:16:49,785 INFO  [default]   cumulative: 5169
2026-09-01 20:16:49,785 INFO  [default]    inst rate: not used for this commodity code
2026-09-01 20:16:49,785 INFO  [default] commodity code: 10 - Advanced load up total energy storage/take capacity (W-hr)
2026-09-01 20:16:49,786 INFO  [default]            source: Estimated
2026-09-01 20:16:49,786 INFO  [default]   cumulative: 12371
2026-09-01 20:16:49,786 INFO  [default]    inst rate: not used for this commodity code
2026-09-01 20:16:49,786 INFO  [default] commodity code: 11 - Advanced load up present energy storage/take capacity (W-hr)
2026-09-01 20:16:49,786 INFO  [default]            source: Estimated
2026-09-01 20:16:49,786 INFO  [default]   cumulative: 8351
2026-09-01 20:16:49,786 INFO  [default]    inst rate: not used for this commodity code
2026-09-01 20:16:49,990 INFO  [default] link ACK received: query_operational_state
2026-09-01 20:16:50,114 INFO  [default] operational state received: 2

Press Enter for a list of commands
2026-09-01 20:17:19,376 INFO  [default] link ACK received: query_operational_state
2026-09-01 20:17:19,500 INFO  [default] operational state received: 2

Press Enter for a list of commands
2026-09-01 20:17:49,758 INFO  [default] link ACK received: get_commodity
2026-09-01 20:17:49,926 INFO  [default] message type supported received: 2
2026-09-01 20:17:49,926 INFO  [default] commodity response received. response code: 0 - success; count: 6
2026-09-01 20:17:49,927 INFO  [default] commodity code: 0 - Electricity consumed (W & W-hr)
2026-09-01 20:17:49,927 INFO  [default]            source: Estimated
2026-09-01 20:17:49,927 INFO  [default]   cumulative: 146000
2026-09-01 20:17:49,927 INFO  [default]    inst rate: 500
2026-09-01 20:17:49,927 INFO  [default] commodity code 8 - Rated max consumption level electricity (W) is not recorded in the commodity CSV
2026-09-01 20:17:49,928 INFO  [default] commodity code: 6 - Total energy storage/take capacity (W-hr)
2026-09-01 20:17:49,928 INFO  [default]            source: Estimated
2026-09-01 20:17:49,928 INFO  [default]   cumulative: 9190
2026-09-01 20:17:49,928 INFO  [default]    inst rate: not used for this commodity code
2026-09-01 20:17:49,928 INFO  [default] commodity code: 7 - Present energy storage/take capacity (W-hr)
2026-09-01 20:17:49,928 INFO  [default]            source: Estimated
2026-09-01 20:17:49,928 INFO  [default]   cumulative: 5147
2026-09-01 20:17:49,928 INFO  [default]    inst rate: not used for this commodity code
2026-09-01 20:17:49,929 INFO  [default] commodity code: 10 - Advanced load up total energy storage/take capacity (W-hr)
2026-09-01 20:17:49,929 INFO  [default]            source: Estimated
2026-09-01 20:17:49,929 INFO  [default]   cumulative: 12371
2026-09-01 20:17:49,929 INFO  [default]    inst rate: not used for this commodity code
2026-09-01 20:17:49,929 INFO  [default] commodity code: 11 - Advanced load up present energy storage/take capacity (W-hr)
2026-09-01 20:17:49,929 INFO  [default]            source: Estimated
2026-09-01 20:17:49,929 INFO  [default]   cumulative: 8328
2026-09-01 20:17:49,929 INFO  [default]    inst rate: not used for this commodity code
2026-09-01 20:17:50,132 INFO  [default] link ACK received: query_operational_state
2026-09-01 20:17:50,255 INFO  [default] operational state received: 2

Press Enter for a list of commands
2026-09-01 20:18:19,517 INFO  [default] link ACK received: query_operational_state
2026-09-01 20:18:19,640 INFO  [default] operational state received: 2

Press Enter for a list of commands
2026-09-01 20:18:49,901 INFO  [default] link ACK received: get_commodity
2026-09-01 20:18:50,069 INFO  [default] message type supported received: 2
2026-09-01 20:18:50,069 INFO  [default] commodity response received. response code: 0 - success; count: 6
2026-09-01 20:18:50,069 INFO  [default] commodity code: 0 - Electricity consumed (W & W-hr)
2026-09-01 20:18:50,070 INFO  [default]            source: Estimated
2026-09-01 20:18:50,070 INFO  [default]   cumulative: 146000
2026-09-01 20:18:50,070 INFO  [default]    inst rate: 500
2026-09-01 20:18:50,070 INFO  [default] commodity code 8 - Rated max consumption level electricity (W) is not recorded in the commodity CSV
2026-09-01 20:18:50,070 INFO  [default] commodity code: 6 - Total energy storage/take capacity (W-hr)
2026-09-01 20:18:50,070 INFO  [default]            source: Estimated
2026-09-01 20:18:50,070 INFO  [default]   cumulative: 9190
2026-09-01 20:18:50,070 INFO  [default]    inst rate: not used for this commodity code
2026-09-01 20:18:50,070 INFO  [default] commodity code: 7 - Present energy storage/take capacity (W-hr)
2026-09-01 20:18:50,071 INFO  [default]            source: Estimated
2026-09-01 20:18:50,071 INFO  [default]   cumulative: 5103
2026-09-01 20:18:50,071 INFO  [default]    inst rate: not used for this commodity code
2026-09-01 20:18:50,071 INFO  [default] commodity code: 10 - Advanced load up total energy storage/take capacity (W-hr)
2026-09-01 20:18:50,071 INFO  [default]            source: Estimated
2026-09-01 20:18:50,071 INFO  [default]   cumulative: 12371
2026-09-01 20:18:50,071 INFO  [default]    inst rate: not used for this commodity code
2026-09-01 20:18:50,071 INFO  [default] commodity code: 11 - Advanced load up present energy storage/take capacity (W-hr)
2026-09-01 20:18:50,071 INFO  [default]            source: Estimated
2026-09-01 20:18:50,072 INFO  [default]   cumulative: 8284
2026-09-01 20:18:50,072 INFO  [default]    inst rate: not used for this commodity code
2026-09-01 20:18:50,275 INFO  [default] link ACK received: query_operational_state
2026-09-01 20:18:50,400 INFO  [default] operational state received: 2

Press Enter for a list of commands
2026-09-01 20:19:19,660 INFO  [default] link ACK received: query_operational_state
2026-09-01 20:19:19,783 INFO  [default] operational state received: 2

Press Enter for a list of commands
2026-09-01 20:19:50,041 INFO  [default] link ACK received: get_commodity
2026-09-01 20:19:50,211 INFO  [default] message type supported received: 2
2026-09-01 20:19:50,212 INFO  [default] commodity response received. response code: 0 - success; count: 6
2026-09-01 20:19:50,212 INFO  [default] commodity code: 0 - Electricity consumed (W & W-hr)
2026-09-01 20:19:50,212 INFO  [default]            source: Estimated
2026-09-01 20:19:50,212 INFO  [default]   cumulative: 146000
2026-09-01 20:19:50,212 INFO  [default]    inst rate: 500
2026-09-01 20:19:50,213 INFO  [default] commodity code 8 - Rated max consumption level electricity (W) is not recorded in the commodity CSV
2026-09-01 20:19:50,213 INFO  [default] commodity code: 6 - Total energy storage/take capacity (W-hr)
2026-09-01 20:19:50,213 INFO  [default]            source: Estimated
2026-09-01 20:19:50,213 INFO  [default]   cumulative: 9190
2026-09-01 20:19:50,213 INFO  [default]    inst rate: not used for this commodity code
2026-09-01 20:19:50,213 INFO  [default] commodity code: 7 - Present energy storage/take capacity (W-hr)
2026-09-01 20:19:50,213 INFO  [default]            source: Estimated
2026-09-01 20:19:50,214 INFO  [default]   cumulative: 5081
2026-09-01 20:19:50,214 INFO  [default]    inst rate: not used for this commodity code
2026-09-01 20:19:50,214 INFO  [default] commodity code: 10 - Advanced load up total energy storage/take capacity (W-hr)
2026-09-01 20:19:50,214 INFO  [default]            source: Estimated
2026-09-01 20:19:50,214 INFO  [default]   cumulative: 12371
2026-09-01 20:19:50,214 INFO  [default]    inst rate: not used for this commodity code
2026-09-01 20:19:50,214 INFO  [default] commodity code: 11 - Advanced load up present energy storage/take capacity (W-hr)
2026-09-01 20:19:50,214 INFO  [default]            source: Estimated
2026-09-01 20:19:50,215 INFO  [default]   cumulative: 8262
2026-09-01 20:19:50,215 INFO  [default]    inst rate: not used for this commodity code
2026-09-01 20:19:50,417 INFO  [default] link ACK received: query_operational_state
2026-09-01 20:19:50,541 INFO  [default] operational state received: 2

Press Enter for a list of commands
2026-09-01 20:20:19,800 INFO  [default] link ACK received: query_operational_state
2026-09-01 20:20:19,923 INFO  [default] operational state received: 2

Press Enter for a list of commands
2026-09-01 20:20:49,183 INFO  [default] link ACK received: get_commodity
2026-09-01 20:20:49,352 INFO  [default] message type supported received: 2
2026-09-01 20:20:49,352 INFO  [default] commodity response received. response code: 0 - success; count: 6
2026-09-01 20:20:49,352 INFO  [default] commodity code: 0 - Electricity consumed (W & W-hr)
2026-09-01 20:20:49,353 INFO  [default]            source: Estimated
2026-09-01 20:20:49,353 INFO  [default]   cumulative: 146000
2026-09-01 20:20:49,353 INFO  [default]    inst rate: 500
2026-09-01 20:20:49,353 INFO  [default] commodity code 8 - Rated max consumption level electricity (W) is not recorded in the commodity CSV
2026-09-01 20:20:49,353 INFO  [default] commodity code: 6 - Total energy storage/take capacity (W-hr)
2026-09-01 20:20:49,353 INFO  [default]            source: Estimated
2026-09-01 20:20:49,353 INFO  [default]   cumulative: 9190
2026-09-01 20:20:49,353 INFO  [default]    inst rate: not used for this commodity code
2026-09-01 20:20:49,353 INFO  [default] commodity code: 7 - Present energy storage/take capacity (W-hr)
2026-09-01 20:20:49,354 INFO  [default]            source: Estimated
2026-09-01 20:20:49,354 INFO  [default]   cumulative: 5081
2026-09-01 20:20:49,354 INFO  [default]    inst rate: not used for this commodity code
2026-09-01 20:20:49,354 INFO  [default] commodity code: 10 - Advanced load up total energy storage/take capacity (W-hr)
2026-09-01 20:20:49,354 INFO  [default]            source: Estimated
2026-09-01 20:20:49,354 INFO  [default]   cumulative: 12371
2026-09-01 20:20:49,354 INFO  [default]    inst rate: not used for this commodity code
2026-09-01 20:20:49,354 INFO  [default] commodity code: 11 - Advanced load up present energy storage/take capacity (W-hr)
2026-09-01 20:20:49,354 INFO  [default]            source: Estimated
2026-09-01 20:20:49,355 INFO  [default]   cumulative: 8262
2026-09-01 20:20:49,355 INFO  [default]    inst rate: not used for this commodity code
2026-09-01 20:20:49,557 INFO  [default] link ACK received: query_operational_state
2026-09-01 20:20:49,681 INFO  [default] operational state received: 2

Press Enter for a list of commands
2026-09-01 20:21:19,942 INFO  [default] link ACK received: query_operational_state
2026-09-01 20:21:20,066 INFO  [default] operational state received: 2

Press Enter for a list of commands
2026-09-01 20:21:49,324 INFO  [default] link ACK received: get_commodity
2026-09-01 20:21:49,492 INFO  [default] message type supported received: 2
2026-09-01 20:21:49,492 INFO  [default] commodity response received. response code: 0 - success; count: 6
2026-09-01 20:21:49,493 INFO  [default] commodity code: 0 - Electricity consumed (W & W-hr)
2026-09-01 20:21:49,493 INFO  [default]            source: Estimated
2026-09-01 20:21:49,493 INFO  [default]   cumulative: 146000
2026-09-01 20:21:49,493 INFO  [default]    inst rate: 500
2026-09-01 20:21:49,493 INFO  [default] commodity code 8 - Rated max consumption level electricity (W) is not recorded in the commodity CSV
2026-09-01 20:21:49,493 INFO  [default] commodity code: 6 - Total energy storage/take capacity (W-hr)
2026-09-01 20:21:49,493 INFO  [default]            source: Estimated
2026-09-01 20:21:49,493 INFO  [default]   cumulative: 9190
2026-09-01 20:21:49,493 INFO  [default]    inst rate: not used for this commodity code
2026-09-01 20:21:49,493 INFO  [default] commodity code: 7 - Present energy storage/take capacity (W-hr)
2026-09-01 20:21:49,494 INFO  [default]            source: Estimated
2026-09-01 20:21:49,494 INFO  [default]   cumulative: 5015
2026-09-01 20:21:49,494 INFO  [default]    inst rate: not used for this commodity code
2026-09-01 20:21:49,494 INFO  [default] commodity code: 10 - Advanced load up total energy storage/take capacity (W-hr)
2026-09-01 20:21:49,494 INFO  [default]            source: Estimated
2026-09-01 20:21:49,494 INFO  [default]   cumulative: 12371
2026-09-01 20:21:49,494 INFO  [default]    inst rate: not used for this commodity code
2026-09-01 20:21:49,494 INFO  [default] commodity code: 11 - Advanced load up present energy storage/take capacity (W-hr)
2026-09-01 20:21:49,494 INFO  [default]            source: Estimated
2026-09-01 20:21:49,494 INFO  [default]   cumulative: 8196
2026-09-01 20:21:49,495 INFO  [default]    inst rate: not used for this commodity code
2026-09-01 20:21:49,697 INFO  [default] link ACK received: query_operational_state
2026-09-01 20:21:49,821 INFO  [default] operational state received: 2

Press Enter for a list of commands
2026-09-01 20:22:20,083 INFO  [default] link ACK received: query_operational_state
2026-09-01 20:22:20,207 INFO  [default] operational state received: 2

Press Enter for a list of commands
2026-09-01 20:22:49,760 INFO  [default] link ACK received: query_operational_state
2026-09-01 20:22:49,930 INFO  [default] message type supported received: 2
2026-09-01 20:22:49,930 INFO  [default] commodity response received. response code: 0 - success; count: 6
2026-09-01 20:22:49,931 INFO  [default] commodity code: 0 - Electricity consumed (W & W-hr)
2026-09-01 20:22:49,931 INFO  [default]            source: Estimated
2026-09-01 20:22:49,931 INFO  [default]   cumulative: 146000
2026-09-01 20:22:49,931 INFO  [default]    inst rate: 500
2026-09-01 20:22:49,931 INFO  [default] commodity code 8 - Rated max consumption level electricity (W) is not recorded in the commodity CSV
2026-09-01 20:22:49,931 INFO  [default] commodity code: 6 - Total energy storage/take capacity (W-hr)
2026-09-01 20:22:49,931 INFO  [default]            source: Estimated
2026-09-01 20:22:49,932 INFO  [default]   cumulative: 9190
2026-09-01 20:22:49,932 INFO  [default]    inst rate: not used for this commodity code
2026-09-01 20:22:49,932 INFO  [default] commodity code: 7 - Present energy storage/take capacity (W-hr)
2026-09-01 20:22:49,932 INFO  [default]            source: Estimated
2026-09-01 20:22:49,932 INFO  [default]   cumulative: 4992
2026-09-01 20:22:49,932 INFO  [default]    inst rate: not used for this commodity code
2026-09-01 20:22:49,932 INFO  [default] commodity code: 10 - Advanced load up total energy storage/take capacity (W-hr)
2026-09-01 20:22:49,932 INFO  [default]            source: Estimated
2026-09-01 20:22:49,932 INFO  [default]   cumulative: 12371
2026-09-01 20:22:49,933 INFO  [default]    inst rate: not used for this commodity code
2026-09-01 20:22:49,933 INFO  [default] commodity code: 11 - Advanced load up present energy storage/take capacity (W-hr)
2026-09-01 20:22:49,933 INFO  [default]            source: Estimated
2026-09-01 20:22:49,933 INFO  [default]   cumulative: 8174
2026-09-01 20:22:49,933 INFO  [default]    inst rate: not used for this commodity code
2026-09-01 20:23:19,195 INFO  [default] link ACK received: query_operational_state
2026-09-01 20:23:19,320 INFO  [default] operational state received: 2

Press Enter for a list of commands
2026-09-01 20:23:49,579 INFO  [default] link ACK received: get_commodity
2026-09-01 20:23:49,750 INFO  [default] message type supported received: 2
2026-09-01 20:23:49,750 INFO  [default] commodity response received. response code: 0 - success; count: 6
2026-09-01 20:23:49,750 INFO  [default] commodity code: 0 - Electricity consumed (W & W-hr)
2026-09-01 20:23:49,750 INFO  [default]            source: Estimated
2026-09-01 20:23:49,750 INFO  [default]   cumulative: 146000
2026-09-01 20:23:49,751 INFO  [default]    inst rate: 500
2026-09-01 20:23:49,751 INFO  [default] commodity code 8 - Rated max consumption level electricity (W) is not recorded in the commodity CSV
2026-09-01 20:23:49,751 INFO  [default] commodity code: 6 - Total energy storage/take capacity (W-hr)
2026-09-01 20:23:49,751 INFO  [default]            source: Estimated
2026-09-01 20:23:49,751 INFO  [default]   cumulative: 9190
2026-09-01 20:23:49,751 INFO  [default]    inst rate: not used for this commodity code
2026-09-01 20:23:49,751 INFO  [default] commodity code: 7 - Present energy storage/take capacity (W-hr)
2026-09-01 20:23:49,751 INFO  [default]            source: Estimated
2026-09-01 20:23:49,751 INFO  [default]   cumulative: 4970
2026-09-01 20:23:49,752 INFO  [default]    inst rate: not used for this commodity code
2026-09-01 20:23:49,752 INFO  [default] commodity code: 10 - Advanced load up total energy storage/take capacity (W-hr)
2026-09-01 20:23:49,752 INFO  [default]            source: Estimated
2026-09-01 20:23:49,752 INFO  [default]   cumulative: 12371
2026-09-01 20:23:49,752 INFO  [default]    inst rate: not used for this commodity code
2026-09-01 20:23:49,752 INFO  [default] commodity code: 11 - Advanced load up present energy storage/take capacity (W-hr)
2026-09-01 20:23:49,752 INFO  [default]            source: Estimated
2026-09-01 20:23:49,752 INFO  [default]   cumulative: 8152
2026-09-01 20:23:49,752 INFO  [default]    inst rate: not used for this commodity code
2026-09-01 20:23:49,955 INFO  [default] link ACK received: query_operational_state
2026-09-01 20:23:50,079 INFO  [default] operational state received: 2

Press Enter for a list of commands
2026-09-01 20:24:19,340 INFO  [default] link ACK received: query_operational_state
2026-09-01 20:24:19,463 INFO  [default] operational state received: 2

Press Enter for a list of commands
2026-09-01 20:24:49,724 INFO  [default] link ACK received: get_commodity
2026-09-01 20:24:49,892 INFO  [default] message type supported received: 2
2026-09-01 20:24:49,892 INFO  [default] commodity response received. response code: 0 - success; count: 6
2026-09-01 20:24:49,893 INFO  [default] commodity code: 0 - Electricity consumed (W & W-hr)
2026-09-01 20:24:49,893 INFO  [default]            source: Estimated
2026-09-01 20:24:49,893 INFO  [default]   cumulative: 146000
2026-09-01 20:24:49,894 INFO  [default]    inst rate: 500
2026-09-01 20:24:49,894 INFO  [default] commodity code 8 - Rated max consumption level electricity (W) is not recorded in the commodity CSV
2026-09-01 20:24:49,894 INFO  [default] commodity code: 6 - Total energy storage/take capacity (W-hr)
2026-09-01 20:24:49,894 INFO  [default]            source: Estimated
2026-09-01 20:24:49,894 INFO  [default]   cumulative: 9190
2026-09-01 20:24:49,894 INFO  [default]    inst rate: not used for this commodity code
2026-09-01 20:24:49,894 INFO  [default] commodity code: 7 - Present energy storage/take capacity (W-hr)
2026-09-01 20:24:49,894 INFO  [default]            source: Estimated
2026-09-01 20:24:49,895 INFO  [default]   cumulative: 4926
2026-09-01 20:24:49,895 INFO  [default]    inst rate: not used for this commodity code
2026-09-01 20:24:49,895 INFO  [default] commodity code: 10 - Advanced load up total energy storage/take capacity (W-hr)
2026-09-01 20:24:49,895 INFO  [default]            source: Estimated
2026-09-01 20:24:49,895 INFO  [default]   cumulative: 12371
2026-09-01 20:24:49,895 INFO  [default]    inst rate: not used for this commodity code
2026-09-01 20:24:49,895 INFO  [default] commodity code: 11 - Advanced load up present energy storage/take capacity (W-hr)
2026-09-01 20:24:49,895 INFO  [default]            source: Estimated
2026-09-01 20:24:49,896 INFO  [default]   cumulative: 8108
2026-09-01 20:24:49,896 INFO  [default]    inst rate: not used for this commodity code
2026-09-01 20:24:50,098 INFO  [default] link ACK received: query_operational_state
2026-09-01 20:24:50,222 INFO  [default] operational state received: 2

Press Enter for a list of commands
2026-09-01 20:25:19,481 INFO  [default] link ACK received: query_operational_state
2026-09-01 20:25:19,606 INFO  [default] operational state received: 2

Press Enter for a list of commands
2026-09-01 20:25:49,865 INFO  [default] link ACK received: get_commodity
2026-09-01 20:25:50,035 INFO  [default] message type supported received: 2
2026-09-01 20:25:50,036 INFO  [default] commodity response received. response code: 0 - success; count: 6
2026-09-01 20:25:50,036 INFO  [default] commodity code: 0 - Electricity consumed (W & W-hr)
2026-09-01 20:25:50,036 INFO  [default]            source: Estimated
2026-09-01 20:25:50,037 INFO  [default]   cumulative: 146000
2026-09-01 20:25:50,037 INFO  [default]    inst rate: 500
2026-09-01 20:25:50,037 INFO  [default] commodity code 8 - Rated max consumption level electricity (W) is not recorded in the commodity CSV
2026-09-01 20:25:50,037 INFO  [default] commodity code: 6 - Total energy storage/take capacity (W-hr)
2026-09-01 20:25:50,037 INFO  [default]            source: Estimated
2026-09-01 20:25:50,037 INFO  [default]   cumulative: 9190
2026-09-01 20:25:50,037 INFO  [default]    inst rate: not used for this commodity code
2026-09-01 20:25:50,038 INFO  [default] commodity code: 7 - Present energy storage/take capacity (W-hr)
2026-09-01 20:25:50,038 INFO  [default]            source: Estimated
2026-09-01 20:25:50,038 INFO  [default]   cumulative: 4882
2026-09-01 20:25:50,038 INFO  [default]    inst rate: not used for this commodity code
2026-09-01 20:25:50,038 INFO  [default] commodity code: 10 - Advanced load up total energy storage/take capacity (W-hr)
2026-09-01 20:25:50,038 INFO  [default]            source: Estimated
2026-09-01 20:25:50,038 INFO  [default]   cumulative: 12371
2026-09-01 20:25:50,039 INFO  [default]    inst rate: not used for this commodity code
2026-09-01 20:25:50,039 INFO  [default] commodity code: 11 - Advanced load up present energy storage/take capacity (W-hr)
2026-09-01 20:25:50,039 INFO  [default]            source: Estimated
2026-09-01 20:25:50,039 INFO  [default]   cumulative: 8063
2026-09-01 20:25:50,039 INFO  [default]    inst rate: not used for this commodity code
2026-09-01 20:25:50,241 INFO  [default] link ACK received: query_operational_state
2026-09-01 20:25:50,364 INFO  [default] operational state received: 2

Press Enter for a list of commands
2026-09-01 20:26:19,622 INFO  [default] link ACK received: query_operational_state
2026-09-01 20:26:19,746 INFO  [default] operational state received: 2

Press Enter for a list of commands
1788319609,o,0 (PASSED!)
outside communication found
2026-09-01 20:26:50,004 INFO  [default] link ACK received: outside_communication
2026-09-01 20:26:50,128 INFO  [default] app ack received
2026-09-01 20:26:50,331 INFO  [default] link ACK received: get_commodity
2026-09-01 20:26:50,500 INFO  [default] message type supported received: 2
2026-09-01 20:26:50,500 INFO  [default] commodity response received. response code: 0 - success; count: 6
2026-09-01 20:26:50,501 INFO  [default] commodity code: 0 - Electricity consumed (W & W-hr)
2026-09-01 20:26:50,501 INFO  [default]            source: Estimated
2026-09-01 20:26:50,501 INFO  [default]   cumulative: 146000
2026-09-01 20:26:50,501 INFO  [default]    inst rate: 500
2026-09-01 20:26:50,501 INFO  [default] commodity code 8 - Rated max consumption level electricity (W) is not recorded in the commodity CSV
2026-09-01 20:26:50,501 INFO  [default] commodity code: 6 - Total energy storage/take capacity (W-hr)
2026-09-01 20:26:50,501 INFO  [default]            source: Estimated
2026-09-01 20:26:50,502 INFO  [default]   cumulative: 9190
2026-09-01 20:26:50,502 INFO  [default]    inst rate: not used for this commodity code
2026-09-01 20:26:50,502 INFO  [default] commodity code: 7 - Present energy storage/take capacity (W-hr)
2026-09-01 20:26:50,502 INFO  [default]            source: Estimated
2026-09-01 20:26:50,502 INFO  [default]   cumulative: 4882
2026-09-01 20:26:50,502 INFO  [default]    inst rate: not used for this commodity code
2026-09-01 20:26:50,502 INFO  [default] commodity code: 10 - Advanced load up total energy storage/take capacity (W-hr)
2026-09-01 20:26:50,502 INFO  [default]            source: Estimated
2026-09-01 20:26:50,503 INFO  [default]   cumulative: 12371
2026-09-01 20:26:50,503 INFO  [default]    inst rate: not used for this commodity code
2026-09-01 20:26:50,503 INFO  [default] commodity code: 11 - Advanced load up present energy storage/take capacity (W-hr)
2026-09-01 20:26:50,503 INFO  [default]            source: Estimated
2026-09-01 20:26:50,503 INFO  [default]   cumulative: 8063
2026-09-01 20:26:50,503 INFO  [default]    inst rate: not used for this commodity code
2026-09-01 20:26:50,705 INFO  [default] link ACK received: query_operational_state
2026-09-01 20:26:50,829 INFO  [default] operational state received: 2

Press Enter for a list of commands
2026-09-01 20:27:20,089 INFO  [default] link ACK received: query_operational_state
2026-09-01 20:27:20,212 INFO  [default] operational state received: 2

Press Enter for a list of commands
2026-09-01 20:27:49,468 INFO  [default] link ACK received: get_commodity
2026-09-01 20:27:49,637 INFO  [default] message type supported received: 2
2026-09-01 20:27:49,637 INFO  [default] commodity response received. response code: 0 - success; count: 6
2026-09-01 20:27:49,638 INFO  [default] commodity code: 0 - Electricity consumed (W & W-hr)
2026-09-01 20:27:49,638 INFO  [default]            source: Estimated
2026-09-01 20:27:49,638 INFO  [default]   cumulative: 146000
2026-09-01 20:27:49,638 INFO  [default]    inst rate: 500
2026-09-01 20:27:49,638 INFO  [default] commodity code 8 - Rated max consumption level electricity (W) is not recorded in the commodity CSV
2026-09-01 20:27:49,639 INFO  [default] commodity code: 6 - Total energy storage/take capacity (W-hr)
2026-09-01 20:27:49,639 INFO  [default]            source: Estimated
2026-09-01 20:27:49,639 INFO  [default]   cumulative: 9190
2026-09-01 20:27:49,639 INFO  [default]    inst rate: not used for this commodity code
2026-09-01 20:27:49,639 INFO  [default] commodity code: 7 - Present energy storage/take capacity (W-hr)
2026-09-01 20:27:49,639 INFO  [default]            source: Estimated
2026-09-01 20:27:49,639 INFO  [default]   cumulative: 4816
2026-09-01 20:27:49,639 INFO  [default]    inst rate: not used for this commodity code
2026-09-01 20:27:49,639 INFO  [default] commodity code: 10 - Advanced load up total energy storage/take capacity (W-hr)
2026-09-01 20:27:49,640 INFO  [default]            source: Estimated
2026-09-01 20:27:49,640 INFO  [default]   cumulative: 12371
2026-09-01 20:27:49,640 INFO  [default]    inst rate: not used for this commodity code
2026-09-01 20:27:49,640 INFO  [default] commodity code: 11 - Advanced load up present energy storage/take capacity (W-hr)
2026-09-01 20:27:49,640 INFO  [default]            source: Estimated
2026-09-01 20:27:49,640 INFO  [default]   cumulative: 7997
2026-09-01 20:27:49,640 INFO  [default]    inst rate: not used for this commodity code
2026-09-01 20:27:49,844 INFO  [default] link ACK received: query_operational_state
2026-09-01 20:27:49,967 INFO  [default] operational state received: 2

Press Enter for a list of commands
2026-09-01 20:28:19,226 INFO  [default] link ACK received: query_operational_state
2026-09-01 20:28:19,350 INFO  [default] operational state received: 2

Press Enter for a list of commands
2026-09-01 20:28:49,608 INFO  [default] link ACK received: get_commodity
2026-09-01 20:28:49,776 INFO  [default] message type supported received: 2
2026-09-01 20:28:49,776 INFO  [default] commodity response received. response code: 0 - success; count: 6
2026-09-01 20:28:49,777 INFO  [default] commodity code: 0 - Electricity consumed (W & W-hr)
2026-09-01 20:28:49,777 INFO  [default]            source: Estimated
2026-09-01 20:28:49,777 INFO  [default]   cumulative: 146000
2026-09-01 20:28:49,777 INFO  [default]    inst rate: 500
2026-09-01 20:28:49,777 INFO  [default] commodity code 8 - Rated max consumption level electricity (W) is not recorded in the commodity CSV
2026-09-01 20:28:49,777 INFO  [default] commodity code: 6 - Total energy storage/take capacity (W-hr)
2026-09-01 20:28:49,778 INFO  [default]            source: Estimated
2026-09-01 20:28:49,778 INFO  [default]   cumulative: 9190
2026-09-01 20:28:49,778 INFO  [default]    inst rate: not used for this commodity code
2026-09-01 20:28:49,778 INFO  [default] commodity code: 7 - Present energy storage/take capacity (W-hr)
2026-09-01 20:28:49,778 INFO  [default]            source: Estimated
2026-09-01 20:28:49,778 INFO  [default]   cumulative: 4794
2026-09-01 20:28:49,778 INFO  [default]    inst rate: not used for this commodity code
2026-09-01 20:28:49,778 INFO  [default] commodity code: 10 - Advanced load up total energy storage/take capacity (W-hr)
2026-09-01 20:28:49,778 INFO  [default]            source: Estimated
2026-09-01 20:28:49,778 INFO  [default]   cumulative: 12371
2026-09-01 20:28:49,778 INFO  [default]    inst rate: not used for this commodity code
2026-09-01 20:28:49,779 INFO  [default] commodity code: 11 - Advanced load up present energy storage/take capacity (W-hr)
2026-09-01 20:28:49,779 INFO  [default]            source: Estimated
2026-09-01 20:28:49,779 INFO  [default]   cumulative: 7975
2026-09-01 20:28:49,779 INFO  [default]    inst rate: not used for this commodity code
2026-09-01 20:28:49,981 INFO  [default] link ACK received: query_operational_state
2026-09-01 20:28:50,105 INFO  [default] operational state received: 2

Press Enter for a list of commands
2026-09-01 20:29:19,367 INFO  [default] link ACK received: query_operational_state
2026-09-01 20:29:19,492 INFO  [default] operational state received: 2

Press Enter for a list of commands
2026-09-01 20:29:49,750 INFO  [default] link ACK received: get_commodity
2026-09-01 20:29:49,918 INFO  [default] message type supported received: 2
2026-09-01 20:29:49,919 INFO  [default] commodity response received. response code: 0 - success; count: 6
2026-09-01 20:29:49,919 INFO  [default] commodity code: 0 - Electricity consumed (W & W-hr)
2026-09-01 20:29:49,919 INFO  [default]            source: Estimated
2026-09-01 20:29:49,919 INFO  [default]   cumulative: 146000
2026-09-01 20:29:49,920 INFO  [default]    inst rate: 500
2026-09-01 20:29:49,920 INFO  [default] commodity code 8 - Rated max consumption level electricity (W) is not recorded in the commodity CSV
2026-09-01 20:29:49,920 INFO  [default] commodity code: 6 - Total energy storage/take capacity (W-hr)
2026-09-01 20:29:49,920 INFO  [default]            source: Estimated
2026-09-01 20:29:49,920 INFO  [default]   cumulative: 9190
2026-09-01 20:29:49,920 INFO  [default]    inst rate: not used for this commodity code
2026-09-01 20:29:49,920 INFO  [default] commodity code: 7 - Present energy storage/take capacity (W-hr)
2026-09-01 20:29:49,920 INFO  [default]            source: Estimated
2026-09-01 20:29:49,921 INFO  [default]   cumulative: 4772
2026-09-01 20:29:49,921 INFO  [default]    inst rate: not used for this commodity code
2026-09-01 20:29:49,921 INFO  [default] commodity code: 10 - Advanced load up total energy storage/take capacity (W-hr)
2026-09-01 20:29:49,921 INFO  [default]            source: Estimated
2026-09-01 20:29:49,921 INFO  [default]   cumulative: 12371
2026-09-01 20:29:49,921 INFO  [default]    inst rate: not used for this commodity code
2026-09-01 20:29:49,921 INFO  [default] commodity code: 11 - Advanced load up present energy storage/take capacity (W-hr)
2026-09-01 20:29:49,922 INFO  [default]            source: Estimated
2026-09-01 20:29:49,922 INFO  [default]   cumulative: 7953
2026-09-01 20:29:49,922 INFO  [default]    inst rate: not used for this commodity code
2026-09-01 20:29:50,124 INFO  [default] link ACK received: query_operational_state
2026-09-01 20:29:50,248 INFO  [default] operational state received: 2

Press Enter for a list of commands
2026-09-01 20:30:19,507 INFO  [default] link ACK received: query_operational_state
2026-09-01 20:30:19,632 INFO  [default] operational state received: 2

Press Enter for a list of commands
2026-09-01 20:30:49,891 INFO  [default] link ACK received: get_commodity
2026-09-01 20:30:50,062 INFO  [default] message type supported received: 2
2026-09-01 20:30:50,062 INFO  [default] commodity response received. response code: 0 - success; count: 6
2026-09-01 20:30:50,063 INFO  [default] commodity code: 0 - Electricity consumed (W & W-hr)
2026-09-01 20:30:50,063 INFO  [default]            source: Estimated
2026-09-01 20:30:50,063 INFO  [default]   cumulative: 146000
2026-09-01 20:30:50,063 INFO  [default]    inst rate: 500
2026-09-01 20:30:50,063 INFO  [default] commodity code 8 - Rated max consumption level electricity (W) is not recorded in the commodity CSV
2026-09-01 20:30:50,063 INFO  [default] commodity code: 6 - Total energy storage/take capacity (W-hr)
2026-09-01 20:30:50,063 INFO  [default]            source: Estimated
2026-09-01 20:30:50,064 INFO  [default]   cumulative: 9190
2026-09-01 20:30:50,064 INFO  [default]    inst rate: not used for this commodity code
2026-09-01 20:30:50,064 INFO  [default] commodity code: 7 - Present energy storage/take capacity (W-hr)
2026-09-01 20:30:50,064 INFO  [default]            source: Estimated
2026-09-01 20:30:50,064 INFO  [default]   cumulative: 4727
2026-09-01 20:30:50,064 INFO  [default]    inst rate: not used for this commodity code
2026-09-01 20:30:50,064 INFO  [default] commodity code: 10 - Advanced load up total energy storage/take capacity (W-hr)
2026-09-01 20:30:50,064 INFO  [default]            source: Estimated
2026-09-01 20:30:50,065 INFO  [default]   cumulative: 12371
2026-09-01 20:30:50,065 INFO  [default]    inst rate: not used for this commodity code
2026-09-01 20:30:50,065 INFO  [default] commodity code: 11 - Advanced load up present energy storage/take capacity (W-hr)
2026-09-01 20:30:50,065 INFO  [default]            source: Estimated
2026-09-01 20:30:50,065 INFO  [default]   cumulative: 7909
2026-09-01 20:30:50,065 INFO  [default]    inst rate: not used for this commodity code
2026-09-01 20:30:50,270 INFO  [default] link ACK received: query_operational_state
2026-09-01 20:30:50,394 INFO  [default] operational state received: 2

Press Enter for a list of commands
2026-09-01 20:31:19,653 INFO  [default] link ACK received: query_operational_state
2026-09-01 20:31:19,776 INFO  [default] operational state received: 2

Press Enter for a list of commands
2026-09-01 20:31:50,034 INFO  [default] link ACK received: get_commodity
2026-09-01 20:31:50,202 INFO  [default] message type supported received: 2
2026-09-01 20:31:50,203 INFO  [default] commodity response received. response code: 0 - success; count: 6
2026-09-01 20:31:50,203 INFO  [default] commodity code: 0 - Electricity consumed (W & W-hr)
2026-09-01 20:31:50,203 INFO  [default]            source: Estimated
2026-09-01 20:31:50,203 INFO  [default]   cumulative: 146000
2026-09-01 20:31:50,203 INFO  [default]    inst rate: 500
2026-09-01 20:31:50,204 INFO  [default] commodity code 8 - Rated max consumption level electricity (W) is not recorded in the commodity CSV
2026-09-01 20:31:50,204 INFO  [default] commodity code: 6 - Total energy storage/take capacity (W-hr)
2026-09-01 20:31:50,204 INFO  [default]            source: Estimated
2026-09-01 20:31:50,204 INFO  [default]   cumulative: 9190
2026-09-01 20:31:50,204 INFO  [default]    inst rate: not used for this commodity code
2026-09-01 20:31:50,204 INFO  [default] commodity code: 7 - Present energy storage/take capacity (W-hr)
2026-09-01 20:31:50,204 INFO  [default]            source: Estimated
2026-09-01 20:31:50,204 INFO  [default]   cumulative: 4705
2026-09-01 20:31:50,204 INFO  [default]    inst rate: not used for this commodity code
2026-09-01 20:31:50,204 INFO  [default] commodity code: 10 - Advanced load up total energy storage/take capacity (W-hr)
2026-09-01 20:31:50,205 INFO  [default]            source: Estimated
2026-09-01 20:31:50,205 INFO  [default]   cumulative: 12371
2026-09-01 20:31:50,205 INFO  [default]    inst rate: not used for this commodity code
2026-09-01 20:31:50,205 INFO  [default] commodity code: 11 - Advanced load up present energy storage/take capacity (W-hr)
2026-09-01 20:31:50,205 INFO  [default]            source: Estimated
2026-09-01 20:31:50,205 INFO  [default]   cumulative: 7887
2026-09-01 20:31:50,205 INFO  [default]    inst rate: not used for this commodity code
2026-09-01 20:31:50,408 INFO  [default] link ACK received: query_operational_state
2026-09-01 20:31:50,532 INFO  [default] operational state received: 2

Press Enter for a list of commands
2026-09-01 20:32:19,794 INFO  [default] link ACK received: query_operational_state
2026-09-01 20:32:19,918 INFO  [default] operational state received: 2

Press Enter for a list of commands
2026-09-01 20:32:49,173 INFO  [default] link ACK received: get_commodity
2026-09-01 20:32:49,342 INFO  [default] message type supported received: 2
2026-09-01 20:32:49,342 INFO  [default] commodity response received. response code: 0 - success; count: 6
2026-09-01 20:32:49,343 INFO  [default] commodity code: 0 - Electricity consumed (W & W-hr)
2026-09-01 20:32:49,343 INFO  [default]            source: Estimated
2026-09-01 20:32:49,343 INFO  [default]   cumulative: 146000
2026-09-01 20:32:49,343 INFO  [default]    inst rate: 500
2026-09-01 20:32:49,343 INFO  [default] commodity code 8 - Rated max consumption level electricity (W) is not recorded in the commodity CSV
2026-09-01 20:32:49,343 INFO  [default] commodity code: 6 - Total energy storage/take capacity (W-hr)
2026-09-01 20:32:49,343 INFO  [default]            source: Estimated
2026-09-01 20:32:49,343 INFO  [default]   cumulative: 9190
2026-09-01 20:32:49,344 INFO  [default]    inst rate: not used for this commodity code
2026-09-01 20:32:49,344 INFO  [default] commodity code: 7 - Present energy storage/take capacity (W-hr)
2026-09-01 20:32:49,344 INFO  [default]            source: Estimated
2026-09-01 20:32:49,344 INFO  [default]   cumulative: 4683
2026-09-01 20:32:49,344 INFO  [default]    inst rate: not used for this commodity code
2026-09-01 20:32:49,344 INFO  [default] commodity code: 10 - Advanced load up total energy storage/take capacity (W-hr)
2026-09-01 20:32:49,344 INFO  [default]            source: Estimated
2026-09-01 20:32:49,344 INFO  [default]   cumulative: 12371
2026-09-01 20:32:49,344 INFO  [default]    inst rate: not used for this commodity code
2026-09-01 20:32:49,344 INFO  [default] commodity code: 11 - Advanced load up present energy storage/take capacity (W-hr)
2026-09-01 20:32:49,344 INFO  [default]            source: Estimated
2026-09-01 20:32:49,345 INFO  [default]   cumulative: 7865
2026-09-01 20:32:49,345 INFO  [default]    inst rate: not used for this commodity code
2026-09-01 20:32:49,547 INFO  [default] link ACK received: query_operational_state
2026-09-01 20:32:49,671 INFO  [default] operational state received: 2

Press Enter for a list of commands
2026-09-01 20:33:19,934 INFO  [default] link ACK received: query_operational_state
2026-09-01 20:33:20,057 INFO  [default] operational state received: 2

Press Enter for a list of commands
2026-09-01 20:33:49,314 INFO  [default] link ACK received: get_commodity
2026-09-01 20:33:49,482 INFO  [default] message type supported received: 2
2026-09-01 20:33:49,483 INFO  [default] commodity response received. response code: 0 - success; count: 6
2026-09-01 20:33:49,483 INFO  [default] commodity code: 0 - Electricity consumed (W & W-hr)
2026-09-01 20:33:49,483 INFO  [default]            source: Estimated
2026-09-01 20:33:49,483 INFO  [default]   cumulative: 146000
2026-09-01 20:33:49,484 INFO  [default]    inst rate: 500
2026-09-01 20:33:49,484 INFO  [default] commodity code 8 - Rated max consumption level electricity (W) is not recorded in the commodity CSV
2026-09-01 20:33:49,484 INFO  [default] commodity code: 6 - Total energy storage/take capacity (W-hr)
2026-09-01 20:33:49,484 INFO  [default]            source: Estimated
2026-09-01 20:33:49,484 INFO  [default]   cumulative: 9190
2026-09-01 20:33:49,484 INFO  [default]    inst rate: not used for this commodity code
2026-09-01 20:33:49,484 INFO  [default] commodity code: 7 - Present energy storage/take capacity (W-hr)
2026-09-01 20:33:49,484 INFO  [default]            source: Estimated
2026-09-01 20:33:49,485 INFO  [default]   cumulative: 4705
2026-09-01 20:33:49,485 INFO  [default]    inst rate: not used for this commodity code
2026-09-01 20:33:49,485 INFO  [default] commodity code: 10 - Advanced load up total energy storage/take capacity (W-hr)
2026-09-01 20:33:49,485 INFO  [default]            source: Estimated
2026-09-01 20:33:49,485 INFO  [default]   cumulative: 12371
2026-09-01 20:33:49,485 INFO  [default]    inst rate: not used for this commodity code
2026-09-01 20:33:49,485 INFO  [default] commodity code: 11 - Advanced load up present energy storage/take capacity (W-hr)
2026-09-01 20:33:49,486 INFO  [default]            source: Estimated
2026-09-01 20:33:49,486 INFO  [default]   cumulative: 7887
2026-09-01 20:33:49,486 INFO  [default]    inst rate: not used for this commodity code
2026-09-01 20:33:49,688 INFO  [default] link ACK received: query_operational_state
2026-09-01 20:33:49,813 INFO  [default] operational state received: 2

Press Enter for a list of commands
2026-09-01 20:34:20,075 INFO  [default] link ACK received: query_operational_state
2026-09-01 20:34:20,199 INFO  [default] operational state received: 2

Press Enter for a list of commands
2026-09-01 20:34:49,457 INFO  [default] link ACK received: get_commodity
2026-09-01 20:34:49,627 INFO  [default] message type supported received: 2
2026-09-01 20:34:49,627 INFO  [default] commodity response received. response code: 0 - success; count: 6
2026-09-01 20:34:49,627 INFO  [default] commodity code: 0 - Electricity consumed (W & W-hr)
2026-09-01 20:34:49,628 INFO  [default]            source: Estimated
2026-09-01 20:34:49,628 INFO  [default]   cumulative: 146000
2026-09-01 20:34:49,628 INFO  [default]    inst rate: 500
2026-09-01 20:34:49,628 INFO  [default] commodity code 8 - Rated max consumption level electricity (W) is not recorded in the commodity CSV
2026-09-01 20:34:49,628 INFO  [default] commodity code: 6 - Total energy storage/take capacity (W-hr)
2026-09-01 20:34:49,628 INFO  [default]            source: Estimated
2026-09-01 20:34:49,628 INFO  [default]   cumulative: 9190
2026-09-01 20:34:49,628 INFO  [default]    inst rate: not used for this commodity code
2026-09-01 20:34:49,629 INFO  [default] commodity code: 7 - Present energy storage/take capacity (W-hr)
2026-09-01 20:34:49,629 INFO  [default]            source: Estimated
2026-09-01 20:34:49,629 INFO  [default]   cumulative: 4617
2026-09-01 20:34:49,629 INFO  [default]    inst rate: not used for this commodity code
2026-09-01 20:34:49,629 INFO  [default] commodity code: 10 - Advanced load up total energy storage/take capacity (W-hr)
2026-09-01 20:34:49,629 INFO  [default]            source: Estimated
2026-09-01 20:34:49,629 INFO  [default]   cumulative: 12371
2026-09-01 20:34:49,630 INFO  [default]    inst rate: not used for this commodity code
2026-09-01 20:34:49,630 INFO  [default] commodity code: 11 - Advanced load up present energy storage/take capacity (W-hr)
2026-09-01 20:34:49,630 INFO  [default]            source: Estimated
2026-09-01 20:34:49,630 INFO  [default]   cumulative: 7798
2026-09-01 20:34:49,630 INFO  [default]    inst rate: not used for this commodity code
2026-09-01 20:34:49,832 INFO  [default] link ACK received: query_operational_state
2026-09-01 20:34:49,956 INFO  [default] operational state received: 2

Press Enter for a list of commands
2026-09-01 20:35:19,216 INFO  [default] link ACK received: query_operational_state
2026-09-01 20:35:19,340 INFO  [default] operational state received: 2

Press Enter for a list of commands
2026-09-01 20:35:49,601 INFO  [default] link ACK received: get_commodity
2026-09-01 20:35:49,770 INFO  [default] message type supported received: 2
2026-09-01 20:35:49,770 INFO  [default] commodity response received. response code: 0 - success; count: 6
2026-09-01 20:35:49,770 INFO  [default] commodity code: 0 - Electricity consumed (W & W-hr)
2026-09-01 20:35:49,770 INFO  [default]            source: Estimated
2026-09-01 20:35:49,770 INFO  [default]   cumulative: 146000
2026-09-01 20:35:49,771 INFO  [default]    inst rate: 500
2026-09-01 20:35:49,771 INFO  [default] commodity code 8 - Rated max consumption level electricity (W) is not recorded in the commodity CSV
2026-09-01 20:35:49,771 INFO  [default] commodity code: 6 - Total energy storage/take capacity (W-hr)
2026-09-01 20:35:49,771 INFO  [default]            source: Estimated
2026-09-01 20:35:49,771 INFO  [default]   cumulative: 9190
2026-09-01 20:35:49,771 INFO  [default]    inst rate: not used for this commodity code
2026-09-01 20:35:49,771 INFO  [default] commodity code: 7 - Present energy storage/take capacity (W-hr)
2026-09-01 20:35:49,771 INFO  [default]            source: Estimated
2026-09-01 20:35:49,771 INFO  [default]   cumulative: 4573
2026-09-01 20:35:49,771 INFO  [default]    inst rate: not used for this commodity code
2026-09-01 20:35:49,772 INFO  [default] commodity code: 10 - Advanced load up total energy storage/take capacity (W-hr)
2026-09-01 20:35:49,772 INFO  [default]            source: Estimated
2026-09-01 20:35:49,772 INFO  [default]   cumulative: 12371
2026-09-01 20:35:49,772 INFO  [default]    inst rate: not used for this commodity code
2026-09-01 20:35:49,772 INFO  [default] commodity code: 11 - Advanced load up present energy storage/take capacity (W-hr)
2026-09-01 20:35:49,772 INFO  [default]            source: Estimated
2026-09-01 20:35:49,772 INFO  [default]   cumulative: 7754
2026-09-01 20:35:49,772 INFO  [default]    inst rate: not used for this commodity code
2026-09-01 20:35:49,975 INFO  [default] link ACK received: query_operational_state
2026-09-01 20:35:50,099 INFO  [default] operational state received: 2

Press Enter for a list of commands
2026-09-01 20:36:19,359 INFO  [default] link ACK received: query_operational_state
2026-09-01 20:36:19,483 INFO  [default] operational state received: 2

Press Enter for a list of commands
1788320209,o,0 (PASSED!)
outside communication found
2026-09-01 20:36:49,741 INFO  [default] link ACK received: outside_communication
2026-09-01 20:36:49,864 INFO  [default] app ack received
2026-09-01 20:36:50,067 INFO  [default] link ACK received: get_commodity
2026-09-01 20:36:50,236 INFO  [default] message type supported received: 2
2026-09-01 20:36:50,236 INFO  [default] commodity response received. response code: 0 - success; count: 6
2026-09-01 20:36:50,237 INFO  [default] commodity code: 0 - Electricity consumed (W & W-hr)
2026-09-01 20:36:50,237 INFO  [default]            source: Estimated
2026-09-01 20:36:50,237 INFO  [default]   cumulative: 146000
2026-09-01 20:36:50,238 INFO  [default]    inst rate: 500
2026-09-01 20:36:50,238 INFO  [default] commodity code 8 - Rated max consumption level electricity (W) is not recorded in the commodity CSV
2026-09-01 20:36:50,238 INFO  [default] commodity code: 6 - Total energy storage/take capacity (W-hr)
2026-09-01 20:36:50,238 INFO  [default]            source: Estimated
2026-09-01 20:36:50,238 INFO  [default]   cumulative: 9190
2026-09-01 20:36:50,238 INFO  [default]    inst rate: not used for this commodity code
2026-09-01 20:36:50,238 INFO  [default] commodity code: 7 - Present energy storage/take capacity (W-hr)
2026-09-01 20:36:50,238 INFO  [default]            source: Estimated
2026-09-01 20:36:50,239 INFO  [default]   cumulative: 4551
2026-09-01 20:36:50,239 INFO  [default]    inst rate: not used for this commodity code
2026-09-01 20:36:50,239 INFO  [default] commodity code: 10 - Advanced load up total energy storage/take capacity (W-hr)
2026-09-01 20:36:50,239 INFO  [default]            source: Estimated
2026-09-01 20:36:50,239 INFO  [default]   cumulative: 12371
2026-09-01 20:36:50,239 INFO  [default]    inst rate: not used for this commodity code
2026-09-01 20:36:50,239 INFO  [default] commodity code: 11 - Advanced load up present energy storage/take capacity (W-hr)
2026-09-01 20:36:50,239 INFO  [default]            source: Estimated
2026-09-01 20:36:50,240 INFO  [default]   cumulative: 7732
2026-09-01 20:36:50,240 INFO  [default]    inst rate: not used for this commodity code
2026-09-01 20:36:50,442 INFO  [default] link ACK received: query_operational_state
2026-09-01 20:36:50,565 INFO  [default] operational state received: 2

Press Enter for a list of commands
2026-09-01 20:37:19,824 INFO  [default] link ACK received: query_operational_state
2026-09-01 20:37:19,948 INFO  [default] operational state received: 2

Press Enter for a list of commands
2026-09-01 20:37:49,205 INFO  [default] link ACK received: get_commodity
2026-09-01 20:37:49,374 INFO  [default] message type supported received: 2
2026-09-01 20:37:49,374 INFO  [default] commodity response received. response code: 0 - success; count: 6
2026-09-01 20:37:49,375 INFO  [default] commodity code: 0 - Electricity consumed (W & W-hr)
2026-09-01 20:37:49,375 INFO  [default]            source: Estimated
2026-09-01 20:37:49,375 INFO  [default]   cumulative: 146000
2026-09-01 20:37:49,375 INFO  [default]    inst rate: 500
2026-09-01 20:37:49,375 INFO  [default] commodity code 8 - Rated max consumption level electricity (W) is not recorded in the commodity CSV
2026-09-01 20:37:49,375 INFO  [default] commodity code: 6 - Total energy storage/take capacity (W-hr)
2026-09-01 20:37:49,375 INFO  [default]            source: Estimated
2026-09-01 20:37:49,376 INFO  [default]   cumulative: 9190
2026-09-01 20:37:49,376 INFO  [default]    inst rate: not used for this commodity code
2026-09-01 20:37:49,376 INFO  [default] commodity code: 7 - Present energy storage/take capacity (W-hr)
2026-09-01 20:37:49,376 INFO  [default]            source: Estimated
2026-09-01 20:37:49,376 INFO  [default]   cumulative: 4529
2026-09-01 20:37:49,376 INFO  [default]    inst rate: not used for this commodity code
2026-09-01 20:37:49,376 INFO  [default] commodity code: 10 - Advanced load up total energy storage/take capacity (W-hr)
2026-09-01 20:37:49,376 INFO  [default]            source: Estimated
2026-09-01 20:37:49,377 INFO  [default]   cumulative: 12371
2026-09-01 20:37:49,377 INFO  [default]    inst rate: not used for this commodity code
2026-09-01 20:37:49,377 INFO  [default] commodity code: 11 - Advanced load up present energy storage/take capacity (W-hr)
2026-09-01 20:37:49,377 INFO  [default]            source: Estimated
2026-09-01 20:37:49,377 INFO  [default]   cumulative: 7710
2026-09-01 20:37:49,377 INFO  [default]    inst rate: not used for this commodity code
2026-09-01 20:37:49,580 INFO  [default] link ACK received: query_operational_state
2026-09-01 20:37:49,703 INFO  [default] operational state received: 2

Press Enter for a list of commands
2026-09-01 20:38:19,965 INFO  [default] link ACK received: query_operational_state
2026-09-01 20:38:20,089 INFO  [default] operational state received: 2

Press Enter for a list of commands
2026-09-01 20:38:49,345 INFO  [default] link ACK received: get_commodity
2026-09-01 20:38:49,513 INFO  [default] message type supported received: 2
2026-09-01 20:38:49,513 INFO  [default] commodity response received. response code: 0 - success; count: 6
2026-09-01 20:38:49,514 INFO  [default] commodity code: 0 - Electricity consumed (W & W-hr)
2026-09-01 20:38:49,514 INFO  [default]            source: Estimated
2026-09-01 20:38:49,514 INFO  [default]   cumulative: 146000
2026-09-01 20:38:49,514 INFO  [default]    inst rate: 500
2026-09-01 20:38:49,514 INFO  [default] commodity code 8 - Rated max consumption level electricity (W) is not recorded in the commodity CSV
2026-09-01 20:38:49,514 INFO  [default] commodity code: 6 - Total energy storage/take capacity (W-hr)
2026-09-01 20:38:49,515 INFO  [default]            source: Estimated
2026-09-01 20:38:49,515 INFO  [default]   cumulative: 9190
2026-09-01 20:38:49,515 INFO  [default]    inst rate: not used for this commodity code
2026-09-01 20:38:49,515 INFO  [default] commodity code: 7 - Present energy storage/take capacity (W-hr)
2026-09-01 20:38:49,515 INFO  [default]            source: Estimated
2026-09-01 20:38:49,515 INFO  [default]   cumulative: 4484
2026-09-01 20:38:49,515 INFO  [default]    inst rate: not used for this commodity code
2026-09-01 20:38:49,515 INFO  [default] commodity code: 10 - Advanced load up total energy storage/take capacity (W-hr)
2026-09-01 20:38:49,516 INFO  [default]            source: Estimated
2026-09-01 20:38:49,516 INFO  [default]   cumulative: 12371
2026-09-01 20:38:49,516 INFO  [default]    inst rate: not used for this commodity code
2026-09-01 20:38:49,516 INFO  [default] commodity code: 11 - Advanced load up present energy storage/take capacity (W-hr)
2026-09-01 20:38:49,516 INFO  [default]            source: Estimated
2026-09-01 20:38:49,516 INFO  [default]   cumulative: 7666
2026-09-01 20:38:49,516 INFO  [default]    inst rate: not used for this commodity code
2026-09-01 20:38:49,720 INFO  [default] link ACK received: query_operational_state
2026-09-01 20:38:49,843 INFO  [default] operational state received: 2

Press Enter for a list of commands
2026-09-01 20:39:19,103 INFO  [default] link ACK received: query_operational_state
2026-09-01 20:39:19,226 INFO  [default] operational state received: 2

Press Enter for a list of commands
2026-09-01 20:39:49,485 INFO  [default] link ACK received: get_commodity
2026-09-01 20:39:49,655 INFO  [default] message type supported received: 2
2026-09-01 20:39:49,655 INFO  [default] commodity response received. response code: 0 - success; count: 6
2026-09-01 20:39:49,656 INFO  [default] commodity code: 0 - Electricity consumed (W & W-hr)
2026-09-01 20:39:49,656 INFO  [default]            source: Estimated
2026-09-01 20:39:49,656 INFO  [default]   cumulative: 146000
2026-09-01 20:39:49,656 INFO  [default]    inst rate: 500
2026-09-01 20:39:49,656 INFO  [default] commodity code 8 - Rated max consumption level electricity (W) is not recorded in the commodity CSV
2026-09-01 20:39:49,656 INFO  [default] commodity code: 6 - Total energy storage/take capacity (W-hr)
2026-09-01 20:39:49,656 INFO  [default]            source: Estimated
2026-09-01 20:39:49,656 INFO  [default]   cumulative: 9190
2026-09-01 20:39:49,657 INFO  [default]    inst rate: not used for this commodity code
2026-09-01 20:39:49,657 INFO  [default] commodity code: 7 - Present energy storage/take capacity (W-hr)
2026-09-01 20:39:49,657 INFO  [default]            source: Estimated
2026-09-01 20:39:49,657 INFO  [default]   cumulative: 4462
2026-09-01 20:39:49,657 INFO  [default]    inst rate: not used for this commodity code
2026-09-01 20:39:49,657 INFO  [default] commodity code: 10 - Advanced load up total energy storage/take capacity (W-hr)
2026-09-01 20:39:49,657 INFO  [default]            source: Estimated
2026-09-01 20:39:49,658 INFO  [default]   cumulative: 12371
2026-09-01 20:39:49,658 INFO  [default]    inst rate: not used for this commodity code
2026-09-01 20:39:49,658 INFO  [default] commodity code: 11 - Advanced load up present energy storage/take capacity (W-hr)
2026-09-01 20:39:49,658 INFO  [default]            source: Estimated
2026-09-01 20:39:49,658 INFO  [default]   cumulative: 7644
2026-09-01 20:39:49,658 INFO  [default]    inst rate: not used for this commodity code
2026-09-01 20:39:49,862 INFO  [default] link ACK received: query_operational_state
2026-09-01 20:39:49,986 INFO  [default] operational state received: 2

Press Enter for a list of commands
2026-09-01 20:40:19,247 INFO  [default] link ACK received: query_operational_state
2026-09-01 20:40:19,370 INFO  [default] operational state received: 2

Press Enter for a list of commands
2026-09-01 20:40:49,628 INFO  [default] link ACK received: get_commodity
2026-09-01 20:40:49,798 INFO  [default] message type supported received: 2
2026-09-01 20:40:49,798 INFO  [default] commodity response received. response code: 0 - success; count: 6
2026-09-01 20:40:49,798 INFO  [default] commodity code: 0 - Electricity consumed (W & W-hr)
2026-09-01 20:40:49,798 INFO  [default]            source: Estimated
2026-09-01 20:40:49,798 INFO  [default]   cumulative: 146000
2026-09-01 20:40:49,799 INFO  [default]    inst rate: 500
2026-09-01 20:40:49,799 INFO  [default] commodity code 8 - Rated max consumption level electricity (W) is not recorded in the commodity CSV
2026-09-01 20:40:49,799 INFO  [default] commodity code: 6 - Total energy storage/take capacity (W-hr)
2026-09-01 20:40:49,799 INFO  [default]            source: Estimated
2026-09-01 20:40:49,799 INFO  [default]   cumulative: 9190
2026-09-01 20:40:49,799 INFO  [default]    inst rate: not used for this commodity code
2026-09-01 20:40:49,799 INFO  [default] commodity code: 7 - Present energy storage/take capacity (W-hr)
2026-09-01 20:40:49,799 INFO  [default]            source: Estimated
2026-09-01 20:40:49,799 INFO  [default]   cumulative: 4440
2026-09-01 20:40:49,799 INFO  [default]    inst rate: not used for this commodity code
2026-09-01 20:40:49,799 INFO  [default] commodity code: 10 - Advanced load up total energy storage/take capacity (W-hr)
2026-09-01 20:40:49,800 INFO  [default]            source: Estimated
2026-09-01 20:40:49,800 INFO  [default]   cumulative: 12371
2026-09-01 20:40:49,800 INFO  [default]    inst rate: not used for this commodity code
2026-09-01 20:40:49,800 INFO  [default] commodity code: 11 - Advanced load up present energy storage/take capacity (W-hr)
2026-09-01 20:40:49,800 INFO  [default]            source: Estimated
2026-09-01 20:40:49,800 INFO  [default]   cumulative: 7622
2026-09-01 20:40:49,800 INFO  [default]    inst rate: not used for this commodity code
2026-09-01 20:40:50,003 INFO  [default] link ACK received: query_operational_state
2026-09-01 20:40:50,126 INFO  [default] operational state received: 2

Press Enter for a list of commands
2026-09-01 20:41:19,389 INFO  [default] link ACK received: query_operational_state
2026-09-01 20:41:19,513 INFO  [default] operational state received: 2

Press Enter for a list of commands
2026-09-01 20:41:49,772 INFO  [default] link ACK received: get_commodity
2026-09-01 20:41:49,941 INFO  [default] message type supported received: 2
2026-09-01 20:41:49,941 INFO  [default] commodity response received. response code: 0 - success; count: 6
2026-09-01 20:41:49,941 INFO  [default] commodity code: 0 - Electricity consumed (W & W-hr)
2026-09-01 20:41:49,941 INFO  [default]            source: Estimated
2026-09-01 20:41:49,942 INFO  [default]   cumulative: 146000
2026-09-01 20:41:49,942 INFO  [default]    inst rate: 500
2026-09-01 20:41:49,942 INFO  [default] commodity code 8 - Rated max consumption level electricity (W) is not recorded in the commodity CSV
2026-09-01 20:41:49,942 INFO  [default] commodity code: 6 - Total energy storage/take capacity (W-hr)
2026-09-01 20:41:49,942 INFO  [default]            source: Estimated
2026-09-01 20:41:49,942 INFO  [default]   cumulative: 9190
2026-09-01 20:41:49,942 INFO  [default]    inst rate: not used for this commodity code
2026-09-01 20:41:49,942 INFO  [default] commodity code: 7 - Present energy storage/take capacity (W-hr)
2026-09-01 20:41:49,942 INFO  [default]            source: Estimated
2026-09-01 20:41:49,942 INFO  [default]   cumulative: 4396
2026-09-01 20:41:49,942 INFO  [default]    inst rate: not used for this commodity code
2026-09-01 20:41:49,942 INFO  [default] commodity code: 10 - Advanced load up total energy storage/take capacity (W-hr)
2026-09-01 20:41:49,943 INFO  [default]            source: Estimated
2026-09-01 20:41:49,943 INFO  [default]   cumulative: 12371
2026-09-01 20:41:49,943 INFO  [default]    inst rate: not used for this commodity code
2026-09-01 20:41:49,943 INFO  [default] commodity code: 11 - Advanced load up present energy storage/take capacity (W-hr)
2026-09-01 20:41:49,943 INFO  [default]            source: Estimated
2026-09-01 20:41:49,943 INFO  [default]   cumulative: 7577
2026-09-01 20:41:49,943 INFO  [default]    inst rate: not used for this commodity code
2026-09-01 20:41:50,146 INFO  [default] link ACK received: query_operational_state
2026-09-01 20:41:50,270 INFO  [default] operational state received: 2

Press Enter for a list of commands
2026-09-01 20:42:19,529 INFO  [default] link ACK received: query_operational_state
2026-09-01 20:42:19,653 INFO  [default] operational state received: 2

Press Enter for a list of commands
2026-09-01 20:42:49,913 INFO  [default] link ACK received: get_commodity
2026-09-01 20:42:50,082 INFO  [default] message type supported received: 2
2026-09-01 20:42:50,082 INFO  [default] commodity response received. response code: 0 - success; count: 6
2026-09-01 20:42:50,083 INFO  [default] commodity code: 0 - Electricity consumed (W & W-hr)
2026-09-01 20:42:50,083 INFO  [default]            source: Estimated
2026-09-01 20:42:50,083 INFO  [default]   cumulative: 146000
2026-09-01 20:42:50,083 INFO  [default]    inst rate: 500
2026-09-01 20:42:50,083 INFO  [default] commodity code 8 - Rated max consumption level electricity (W) is not recorded in the commodity CSV
2026-09-01 20:42:50,083 INFO  [default] commodity code: 6 - Total energy storage/take capacity (W-hr)
2026-09-01 20:42:50,083 INFO  [default]            source: Estimated
2026-09-01 20:42:50,083 INFO  [default]   cumulative: 9190
2026-09-01 20:42:50,083 INFO  [default]    inst rate: not used for this commodity code
2026-09-01 20:42:50,083 INFO  [default] commodity code: 7 - Present energy storage/take capacity (W-hr)
2026-09-01 20:42:50,083 INFO  [default]            source: Estimated
2026-09-01 20:42:50,084 INFO  [default]   cumulative: 4352
2026-09-01 20:42:50,084 INFO  [default]    inst rate: not used for this commodity code
2026-09-01 20:42:50,084 INFO  [default] commodity code: 10 - Advanced load up total energy storage/take capacity (W-hr)
2026-09-01 20:42:50,084 INFO  [default]            source: Estimated
2026-09-01 20:42:50,084 INFO  [default]   cumulative: 12371
2026-09-01 20:42:50,084 INFO  [default]    inst rate: not used for this commodity code
2026-09-01 20:42:50,084 INFO  [default] commodity code: 11 - Advanced load up present energy storage/take capacity (W-hr)
2026-09-01 20:42:50,084 INFO  [default]            source: Estimated
2026-09-01 20:42:50,084 INFO  [default]   cumulative: 7533
2026-09-01 20:42:50,084 INFO  [default]    inst rate: not used for this commodity code
2026-09-01 20:42:50,287 INFO  [default] link ACK received: query_operational_state
2026-09-01 20:42:50,412 INFO  [default] operational state received: 2

Press Enter for a list of commands
2026-09-01 20:43:19,672 INFO  [default] link ACK received: query_operational_state
2026-09-01 20:43:19,796 INFO  [default] operational state received: 2

Press Enter for a list of commands
2026-09-01 20:43:50,056 INFO  [default] link ACK received: get_commodity
2026-09-01 20:43:50,225 INFO  [default] message type supported received: 2
2026-09-01 20:43:50,225 INFO  [default] commodity response received. response code: 0 - success; count: 6
2026-09-01 20:43:50,226 INFO  [default] commodity code: 0 - Electricity consumed (W & W-hr)
2026-09-01 20:43:50,226 INFO  [default]            source: Estimated
2026-09-01 20:43:50,226 INFO  [default]   cumulative: 146000
2026-09-01 20:43:50,226 INFO  [default]    inst rate: 500
2026-09-01 20:43:50,227 INFO  [default] commodity code 8 - Rated max consumption level electricity (W) is not recorded in the commodity CSV
2026-09-01 20:43:50,227 INFO  [default] commodity code: 6 - Total energy storage/take capacity (W-hr)
2026-09-01 20:43:50,227 INFO  [default]            source: Estimated
2026-09-01 20:43:50,227 INFO  [default]   cumulative: 9190
2026-09-01 20:43:50,227 INFO  [default]    inst rate: not used for this commodity code
2026-09-01 20:43:50,227 INFO  [default] commodity code: 7 - Present energy storage/take capacity (W-hr)
2026-09-01 20:43:50,227 INFO  [default]            source: Estimated
2026-09-01 20:43:50,227 INFO  [default]   cumulative: 4352
2026-09-01 20:43:50,228 INFO  [default]    inst rate: not used for this commodity code
2026-09-01 20:43:50,228 INFO  [default] commodity code: 10 - Advanced load up total energy storage/take capacity (W-hr)
2026-09-01 20:43:50,228 INFO  [default]            source: Estimated
2026-09-01 20:43:50,228 INFO  [default]   cumulative: 12371
2026-09-01 20:43:50,228 INFO  [default]    inst rate: not used for this commodity code
2026-09-01 20:43:50,228 INFO  [default] commodity code: 11 - Advanced load up present energy storage/take capacity (W-hr)
2026-09-01 20:43:50,228 INFO  [default]            source: Estimated
2026-09-01 20:43:50,228 INFO  [default]   cumulative: 7533
2026-09-01 20:43:50,229 INFO  [default]    inst rate: not used for this commodity code
2026-09-01 20:43:50,431 INFO  [default] link ACK received: query_operational_state
2026-09-01 20:43:50,555 INFO  [default] operational state received: 2

Press Enter for a list of commands
2026-09-01 20:44:19,816 INFO  [default] link ACK received: query_operational_state
2026-09-01 20:44:19,939 INFO  [default] operational state received: 2

Press Enter for a list of commands
2026-09-01 20:44:49,197 INFO  [default] link ACK received: get_commodity
2026-09-01 20:44:49,365 INFO  [default] message type supported received: 2
2026-09-01 20:44:49,366 INFO  [default] commodity response received. response code: 0 - success; count: 6
2026-09-01 20:44:49,366 INFO  [default] commodity code: 0 - Electricity consumed (W & W-hr)
2026-09-01 20:44:49,366 INFO  [default]            source: Estimated
2026-09-01 20:44:49,366 INFO  [default]   cumulative: 146000
2026-09-01 20:44:49,367 INFO  [default]    inst rate: 500
2026-09-01 20:44:49,367 INFO  [default] commodity code 8 - Rated max consumption level electricity (W) is not recorded in the commodity CSV
2026-09-01 20:44:49,367 INFO  [default] commodity code: 6 - Total energy storage/take capacity (W-hr)
2026-09-01 20:44:49,367 INFO  [default]            source: Estimated
2026-09-01 20:44:49,367 INFO  [default]   cumulative: 9190
2026-09-01 20:44:49,367 INFO  [default]    inst rate: not used for this commodity code
2026-09-01 20:44:49,367 INFO  [default] commodity code: 7 - Present energy storage/take capacity (W-hr)
2026-09-01 20:44:49,368 INFO  [default]            source: Estimated
2026-09-01 20:44:49,368 INFO  [default]   cumulative: 4308
2026-09-01 20:44:49,368 INFO  [default]    inst rate: not used for this commodity code
2026-09-01 20:44:49,368 INFO  [default] commodity code: 10 - Advanced load up total energy storage/take capacity (W-hr)
2026-09-01 20:44:49,368 INFO  [default]            source: Estimated
2026-09-01 20:44:49,368 INFO  [default]   cumulative: 12371
2026-09-01 20:44:49,368 INFO  [default]    inst rate: not used for this commodity code
2026-09-01 20:44:49,368 INFO  [default] commodity code: 11 - Advanced load up present energy storage/take capacity (W-hr)
2026-09-01 20:44:49,368 INFO  [default]            source: Estimated
2026-09-01 20:44:49,369 INFO  [default]   cumulative: 7489
2026-09-01 20:44:49,369 INFO  [default]    inst rate: not used for this commodity code
2026-09-01 20:44:49,574 INFO  [default] link ACK received: query_operational_state
2026-09-01 20:44:49,697 INFO  [default] operational state received: 2

Press Enter for a list of commands
2026-09-01 20:45:19,961 INFO  [default] link ACK received: query_operational_state
2026-09-01 20:45:20,084 INFO  [default] operational state received: 2

Press Enter for a list of commands
2026-09-01 20:45:49,342 INFO  [default] link ACK received: get_commodity
2026-09-01 20:45:49,511 INFO  [default] message type supported received: 2
2026-09-01 20:45:49,511 INFO  [default] commodity response received. response code: 0 - success; count: 6
2026-09-01 20:45:49,512 INFO  [default] commodity code: 0 - Electricity consumed (W & W-hr)
2026-09-01 20:45:49,512 INFO  [default]            source: Estimated
2026-09-01 20:45:49,512 INFO  [default]   cumulative: 146000
2026-09-01 20:45:49,512 INFO  [default]    inst rate: 500
2026-09-01 20:45:49,512 INFO  [default] commodity code 8 - Rated max consumption level electricity (W) is not recorded in the commodity CSV
2026-09-01 20:45:49,513 INFO  [default] commodity code: 6 - Total energy storage/take capacity (W-hr)
2026-09-01 20:45:49,513 INFO  [default]            source: Estimated
2026-09-01 20:45:49,513 INFO  [default]   cumulative: 9190
2026-09-01 20:45:49,513 INFO  [default]    inst rate: not used for this commodity code
2026-09-01 20:45:49,513 INFO  [default] commodity code: 7 - Present energy storage/take capacity (W-hr)
2026-09-01 20:45:49,513 INFO  [default]            source: Estimated
2026-09-01 20:45:49,513 INFO  [default]   cumulative: 4285
2026-09-01 20:45:49,514 INFO  [default]    inst rate: not used for this commodity code
2026-09-01 20:45:49,514 INFO  [default] commodity code: 10 - Advanced load up total energy storage/take capacity (W-hr)
2026-09-01 20:45:49,514 INFO  [default]            source: Estimated
2026-09-01 20:45:49,514 INFO  [default]   cumulative: 12371
2026-09-01 20:45:49,514 INFO  [default]    inst rate: not used for this commodity code
2026-09-01 20:45:49,514 INFO  [default] commodity code: 11 - Advanced load up present energy storage/take capacity (W-hr)
2026-09-01 20:45:49,514 INFO  [default]            source: Estimated
2026-09-01 20:45:49,514 INFO  [default]   cumulative: 7467
2026-09-01 20:45:49,515 INFO  [default]    inst rate: not used for this commodity code
2026-09-01 20:45:49,717 INFO  [default] link ACK received: query_operational_state
2026-09-01 20:45:49,840 INFO  [default] operational state received: 2

Press Enter for a list of commands
2026-09-01 20:46:19,100 INFO  [default] link ACK received: query_operational_state
2026-09-01 20:46:19,225 INFO  [default] operational state received: 2

Press Enter for a list of commands
1788320809,o,0 (PASSED!)
outside communication found
2026-09-01 20:46:49,483 INFO  [default] link ACK received: outside_communication
2026-09-01 20:46:49,607 INFO  [default] app ack received
2026-09-01 20:46:49,810 INFO  [default] link ACK received: get_commodity
2026-09-01 20:46:49,979 INFO  [default] message type supported received: 2
2026-09-01 20:46:49,979 INFO  [default] commodity response received. response code: 0 - success; count: 6
2026-09-01 20:46:49,979 INFO  [default] commodity code: 0 - Electricity consumed (W & W-hr)
2026-09-01 20:46:49,980 INFO  [default]            source: Estimated
2026-09-01 20:46:49,980 INFO  [default]   cumulative: 146000
2026-09-01 20:46:49,980 INFO  [default]    inst rate: 500
2026-09-01 20:46:49,980 INFO  [default] commodity code 8 - Rated max consumption level electricity (W) is not recorded in the commodity CSV
2026-09-01 20:46:49,980 INFO  [default] commodity code: 6 - Total energy storage/take capacity (W-hr)
2026-09-01 20:46:49,980 INFO  [default]            source: Estimated
2026-09-01 20:46:49,980 INFO  [default]   cumulative: 9190
2026-09-01 20:46:49,980 INFO  [default]    inst rate: not used for this commodity code
2026-09-01 20:46:49,981 INFO  [default] commodity code: 7 - Present energy storage/take capacity (W-hr)
2026-09-01 20:46:49,981 INFO  [default]            source: Estimated
2026-09-01 20:46:49,981 INFO  [default]   cumulative: 4263
2026-09-01 20:46:49,981 INFO  [default]    inst rate: not used for this commodity code
2026-09-01 20:46:49,981 INFO  [default] commodity code: 10 - Advanced load up total energy storage/take capacity (W-hr)
2026-09-01 20:46:49,981 INFO  [default]            source: Estimated
2026-09-01 20:46:49,981 INFO  [default]   cumulative: 12371
2026-09-01 20:46:49,982 INFO  [default]    inst rate: not used for this commodity code
2026-09-01 20:46:49,982 INFO  [default] commodity code: 11 - Advanced load up present energy storage/take capacity (W-hr)
2026-09-01 20:46:49,982 INFO  [default]            source: Estimated
2026-09-01 20:46:49,982 INFO  [default]   cumulative: 7445
2026-09-01 20:46:49,982 INFO  [default]    inst rate: not used for this commodity code
2026-09-01 20:46:50,184 INFO  [default] link ACK received: query_operational_state
2026-09-01 20:46:50,309 INFO  [default] operational state received: 2

Press Enter for a list of commands
2026-09-01 20:47:19,570 INFO  [default] link ACK received: query_operational_state
2026-09-01 20:47:19,693 INFO  [default] operational state received: 2

Press Enter for a list of commands
2026-09-01 20:47:49,955 INFO  [default] link ACK received: get_commodity
2026-09-01 20:47:50,125 INFO  [default] message type supported received: 2
2026-09-01 20:47:50,125 INFO  [default] commodity response received. response code: 0 - success; count: 6
2026-09-01 20:47:50,125 INFO  [default] commodity code: 0 - Electricity consumed (W & W-hr)
2026-09-01 20:47:50,125 INFO  [default]            source: Estimated
2026-09-01 20:47:50,125 INFO  [default]   cumulative: 146000
2026-09-01 20:47:50,126 INFO  [default]    inst rate: 500
2026-09-01 20:47:50,126 INFO  [default] commodity code 8 - Rated max consumption level electricity (W) is not recorded in the commodity CSV
2026-09-01 20:47:50,126 INFO  [default] commodity code: 6 - Total energy storage/take capacity (W-hr)
2026-09-01 20:47:50,126 INFO  [default]            source: Estimated
2026-09-01 20:47:50,126 INFO  [default]   cumulative: 9190
2026-09-01 20:47:50,126 INFO  [default]    inst rate: not used for this commodity code
2026-09-01 20:47:50,126 INFO  [default] commodity code: 7 - Present energy storage/take capacity (W-hr)
2026-09-01 20:47:50,126 INFO  [default]            source: Estimated
2026-09-01 20:47:50,126 INFO  [default]   cumulative: 4241
2026-09-01 20:47:50,126 INFO  [default]    inst rate: not used for this commodity code
2026-09-01 20:47:50,127 INFO  [default] commodity code: 10 - Advanced load up total energy storage/take capacity (W-hr)
2026-09-01 20:47:50,127 INFO  [default]            source: Estimated
2026-09-01 20:47:50,127 INFO  [default]   cumulative: 12371
2026-09-01 20:47:50,127 INFO  [default]    inst rate: not used for this commodity code
2026-09-01 20:47:50,127 INFO  [default] commodity code: 11 - Advanced load up present energy storage/take capacity (W-hr)
2026-09-01 20:47:50,127 INFO  [default]            source: Estimated
2026-09-01 20:47:50,127 INFO  [default]   cumulative: 7423
2026-09-01 20:47:50,127 INFO  [default]    inst rate: not used for this commodity code
2026-09-01 20:47:50,329 INFO  [default] link ACK received: query_operational_state
2026-09-01 20:47:50,453 INFO  [default] operational state received: 2

Press Enter for a list of commands
2026-09-01 20:48:19,716 INFO  [default] link ACK received: query_operational_state
2026-09-01 20:48:19,840 INFO  [default] operational state received: 2

Press Enter for a list of commands
2026-09-01 20:48:50,099 INFO  [default] link ACK received: get_commodity
2026-09-01 20:48:50,268 INFO  [default] message type supported received: 2
2026-09-01 20:48:50,268 INFO  [default] commodity response received. response code: 0 - success; count: 6
2026-09-01 20:48:50,268 INFO  [default] commodity code: 0 - Electricity consumed (W & W-hr)
2026-09-01 20:48:50,269 INFO  [default]            source: Estimated
2026-09-01 20:48:50,269 INFO  [default]   cumulative: 146000
2026-09-01 20:48:50,269 INFO  [default]    inst rate: 500
2026-09-01 20:48:50,269 INFO  [default] commodity code 8 - Rated max consumption level electricity (W) is not recorded in the commodity CSV
2026-09-01 20:48:50,269 INFO  [default] commodity code: 6 - Total energy storage/take capacity (W-hr)
2026-09-01 20:48:50,269 INFO  [default]            source: Estimated
2026-09-01 20:48:50,269 INFO  [default]   cumulative: 9190
2026-09-01 20:48:50,270 INFO  [default]    inst rate: not used for this commodity code
2026-09-01 20:48:50,270 INFO  [default] commodity code: 7 - Present energy storage/take capacity (W-hr)
2026-09-01 20:48:50,270 INFO  [default]            source: Estimated
2026-09-01 20:48:50,270 INFO  [default]   cumulative: 4197
2026-09-01 20:48:50,270 INFO  [default]    inst rate: not used for this commodity code
2026-09-01 20:48:50,270 INFO  [default] commodity code: 10 - Advanced load up total energy storage/take capacity (W-hr)
2026-09-01 20:48:50,270 INFO  [default]            source: Estimated
2026-09-01 20:48:50,270 INFO  [default]   cumulative: 12371
2026-09-01 20:48:50,271 INFO  [default]    inst rate: not used for this commodity code
2026-09-01 20:48:50,271 INFO  [default] commodity code: 11 - Advanced load up present energy storage/take capacity (W-hr)
2026-09-01 20:48:50,271 INFO  [default]            source: Estimated
2026-09-01 20:48:50,271 INFO  [default]   cumulative: 7378
2026-09-01 20:48:50,271 INFO  [default]    inst rate: not used for this commodity code
2026-09-01 20:48:50,474 INFO  [default] link ACK received: query_operational_state
2026-09-01 20:48:50,597 INFO  [default] operational state received: 2

Press Enter for a list of commands
2026-09-01 20:49:19,855 INFO  [default] link ACK received: query_operational_state
2026-09-01 20:49:19,979 INFO  [default] operational state received: 2

Press Enter for a list of commands
2026-09-01 20:49:49,235 INFO  [default] link ACK received: get_commodity
2026-09-01 20:49:49,404 INFO  [default] message type supported received: 2
2026-09-01 20:49:49,404 INFO  [default] commodity response received. response code: 0 - success; count: 6
2026-09-01 20:49:49,404 INFO  [default] commodity code: 0 - Electricity consumed (W & W-hr)
2026-09-01 20:49:49,405 INFO  [default]            source: Estimated
2026-09-01 20:49:49,405 INFO  [default]   cumulative: 146000
2026-09-01 20:49:49,405 INFO  [default]    inst rate: 500
2026-09-01 20:49:49,405 INFO  [default] commodity code 8 - Rated max consumption level electricity (W) is not recorded in the commodity CSV
2026-09-01 20:49:49,405 INFO  [default] commodity code: 6 - Total energy storage/take capacity (W-hr)
2026-09-01 20:49:49,405 INFO  [default]            source: Estimated
2026-09-01 20:49:49,405 INFO  [default]   cumulative: 9190
2026-09-01 20:49:49,406 INFO  [default]    inst rate: not used for this commodity code
2026-09-01 20:49:49,406 INFO  [default] commodity code: 7 - Present energy storage/take capacity (W-hr)
2026-09-01 20:49:49,406 INFO  [default]            source: Estimated
2026-09-01 20:49:49,406 INFO  [default]   cumulative: 4175
2026-09-01 20:49:49,406 INFO  [default]    inst rate: not used for this commodity code
2026-09-01 20:49:49,406 INFO  [default] commodity code: 10 - Advanced load up total energy storage/take capacity (W-hr)
2026-09-01 20:49:49,406 INFO  [default]            source: Estimated
2026-09-01 20:49:49,406 INFO  [default]   cumulative: 12371
2026-09-01 20:49:49,407 INFO  [default]    inst rate: not used for this commodity code
2026-09-01 20:49:49,407 INFO  [default] commodity code: 11 - Advanced load up present energy storage/take capacity (W-hr)
2026-09-01 20:49:49,407 INFO  [default]            source: Estimated
2026-09-01 20:49:49,407 INFO  [default]   cumulative: 7356
2026-09-01 20:49:49,407 INFO  [default]    inst rate: not used for this commodity code
2026-09-01 20:49:49,609 INFO  [default] link ACK received: query_operational_state
2026-09-01 20:49:49,733 INFO  [default] operational state received: 2

Press Enter for a list of commands
2026-09-01 20:50:19,996 INFO  [default] link ACK received: query_operational_state
2026-09-01 20:50:20,121 INFO  [default] operational state received: 2

Press Enter for a list of commands
2026-09-01 20:50:49,377 INFO  [default] link ACK received: get_commodity
2026-09-01 20:50:49,546 INFO  [default] message type supported received: 2
2026-09-01 20:50:49,546 INFO  [default] commodity response received. response code: 0 - success; count: 6
2026-09-01 20:50:49,546 INFO  [default] commodity code: 0 - Electricity consumed (W & W-hr)
2026-09-01 20:50:49,547 INFO  [default]            source: Estimated
2026-09-01 20:50:49,547 INFO  [default]   cumulative: 146000
2026-09-01 20:50:49,547 INFO  [default]    inst rate: 500
2026-09-01 20:50:49,547 INFO  [default] commodity code 8 - Rated max consumption level electricity (W) is not recorded in the commodity CSV
2026-09-01 20:50:49,547 INFO  [default] commodity code: 6 - Total energy storage/take capacity (W-hr)
2026-09-01 20:50:49,547 INFO  [default]            source: Estimated
2026-09-01 20:50:49,547 INFO  [default]   cumulative: 9190
2026-09-01 20:50:49,547 INFO  [default]    inst rate: not used for this commodity code
2026-09-01 20:50:49,548 INFO  [default] commodity code: 7 - Present energy storage/take capacity (W-hr)
2026-09-01 20:50:49,548 INFO  [default]            source: Estimated
2026-09-01 20:50:49,548 INFO  [default]   cumulative: 4153
2026-09-01 20:50:49,548 INFO  [default]    inst rate: not used for this commodity code
2026-09-01 20:50:49,548 INFO  [default] commodity code: 10 - Advanced load up total energy storage/take capacity (W-hr)
2026-09-01 20:50:49,548 INFO  [default]            source: Estimated
2026-09-01 20:50:49,548 INFO  [default]   cumulative: 12371
2026-09-01 20:50:49,548 INFO  [default]    inst rate: not used for this commodity code
2026-09-01 20:50:49,549 INFO  [default] commodity code: 11 - Advanced load up present energy storage/take capacity (W-hr)
2026-09-01 20:50:49,549 INFO  [default]            source: Estimated
2026-09-01 20:50:49,549 INFO  [default]   cumulative: 7334
2026-09-01 20:50:49,549 INFO  [default]    inst rate: not used for this commodity code
2026-09-01 20:50:49,751 INFO  [default] link ACK received: query_operational_state
2026-09-01 20:50:49,876 INFO  [default] operational state received: 2

Press Enter for a list of commands
2026-09-01 20:51:19,136 INFO  [default] link ACK received: query_operational_state
2026-09-01 20:51:19,259 INFO  [default] operational state received: 2

Press Enter for a list of commands
2026-09-01 20:51:49,521 INFO  [default] link ACK received: get_commodity
2026-09-01 20:51:49,690 INFO  [default] message type supported received: 2
2026-09-01 20:51:49,690 INFO  [default] commodity response received. response code: 0 - success; count: 6
2026-09-01 20:51:49,690 INFO  [default] commodity code: 0 - Electricity consumed (W & W-hr)
2026-09-01 20:51:49,690 INFO  [default]            source: Estimated
2026-09-01 20:51:49,690 INFO  [default]   cumulative: 146000
2026-09-01 20:51:49,691 INFO  [default]    inst rate: 500
2026-09-01 20:51:49,691 INFO  [default] commodity code 8 - Rated max consumption level electricity (W) is not recorded in the commodity CSV
2026-09-01 20:51:49,691 INFO  [default] commodity code: 6 - Total energy storage/take capacity (W-hr)
2026-09-01 20:51:49,691 INFO  [default]            source: Estimated
2026-09-01 20:51:49,691 INFO  [default]   cumulative: 9190
2026-09-01 20:51:49,691 INFO  [default]    inst rate: not used for this commodity code
2026-09-01 20:51:49,691 INFO  [default] commodity code: 7 - Present energy storage/take capacity (W-hr)
2026-09-01 20:51:49,691 INFO  [default]            source: Estimated
2026-09-01 20:51:49,691 INFO  [default]   cumulative: 4131
2026-09-01 20:51:49,691 INFO  [default]    inst rate: not used for this commodity code
2026-09-01 20:51:49,691 INFO  [default] commodity code: 10 - Advanced load up total energy storage/take capacity (W-hr)
2026-09-01 20:51:49,692 INFO  [default]            source: Estimated
2026-09-01 20:51:49,692 INFO  [default]   cumulative: 12371
2026-09-01 20:51:49,692 INFO  [default]    inst rate: not used for this commodity code
2026-09-01 20:51:49,692 INFO  [default] commodity code: 11 - Advanced load up present energy storage/take capacity (W-hr)
2026-09-01 20:51:49,692 INFO  [default]            source: Estimated
2026-09-01 20:51:49,692 INFO  [default]   cumulative: 7312
2026-09-01 20:51:49,692 INFO  [default]    inst rate: not used for this commodity code
2026-09-01 20:51:49,895 INFO  [default] link ACK received: query_operational_state
2026-09-01 20:51:50,019 INFO  [default] operational state received: 2

Press Enter for a list of commands
2026-09-01 20:52:19,279 INFO  [default] link ACK received: query_operational_state
2026-09-01 20:52:19,403 INFO  [default] operational state received: 2

Press Enter for a list of commands
2026-09-01 20:52:49,659 INFO  [default] link ACK received: get_commodity
2026-09-01 20:52:49,828 INFO  [default] message type supported received: 2
2026-09-01 20:52:49,828 INFO  [default] commodity response received. response code: 0 - success; count: 6
2026-09-01 20:52:49,828 INFO  [default] commodity code: 0 - Electricity consumed (W & W-hr)
2026-09-01 20:52:49,828 INFO  [default]            source: Estimated
2026-09-01 20:52:49,829 INFO  [default]   cumulative: 146000
2026-09-01 20:52:49,829 INFO  [default]    inst rate: 500
2026-09-01 20:52:49,829 INFO  [default] commodity code 8 - Rated max consumption level electricity (W) is not recorded in the commodity CSV
2026-09-01 20:52:49,829 INFO  [default] commodity code: 6 - Total energy storage/take capacity (W-hr)
2026-09-01 20:52:49,829 INFO  [default]            source: Estimated
2026-09-01 20:52:49,829 INFO  [default]   cumulative: 9190
2026-09-01 20:52:49,829 INFO  [default]    inst rate: not used for this commodity code
2026-09-01 20:52:49,829 INFO  [default] commodity code: 7 - Present energy storage/take capacity (W-hr)
2026-09-01 20:52:49,830 INFO  [default]            source: Estimated
2026-09-01 20:52:49,830 INFO  [default]   cumulative: 4109
2026-09-01 20:52:49,830 INFO  [default]    inst rate: not used for this commodity code
2026-09-01 20:52:49,830 INFO  [default] commodity code: 10 - Advanced load up total energy storage/take capacity (W-hr)
2026-09-01 20:52:49,830 INFO  [default]            source: Estimated
2026-09-01 20:52:49,830 INFO  [default]   cumulative: 12371
2026-09-01 20:52:49,830 INFO  [default]    inst rate: not used for this commodity code
2026-09-01 20:52:49,830 INFO  [default] commodity code: 11 - Advanced load up present energy storage/take capacity (W-hr)
2026-09-01 20:52:49,830 INFO  [default]            source: Estimated
2026-09-01 20:52:49,831 INFO  [default]   cumulative: 7290
2026-09-01 20:52:49,831 INFO  [default]    inst rate: not used for this commodity code
2026-09-01 20:52:50,033 INFO  [default] link ACK received: query_operational_state
2026-09-01 20:52:50,157 INFO  [default] operational state received: 2

Press Enter for a list of commands
2026-09-01 20:53:19,416 INFO  [default] link ACK received: query_operational_state
2026-09-01 20:53:19,540 INFO  [default] operational state received: 2

Press Enter for a list of commands
2026-09-01 20:53:49,800 INFO  [default] link ACK received: get_commodity
2026-09-01 20:53:49,969 INFO  [default] message type supported received: 2
2026-09-01 20:53:49,969 INFO  [default] commodity response received. response code: 0 - success; count: 6
2026-09-01 20:53:49,970 INFO  [default] commodity code: 0 - Electricity consumed (W & W-hr)
2026-09-01 20:53:49,970 INFO  [default]            source: Estimated
2026-09-01 20:53:49,970 INFO  [default]   cumulative: 146000
2026-09-01 20:53:49,970 INFO  [default]    inst rate: 500
2026-09-01 20:53:49,970 INFO  [default] commodity code 8 - Rated max consumption level electricity (W) is not recorded in the commodity CSV
2026-09-01 20:53:49,970 INFO  [default] commodity code: 6 - Total energy storage/take capacity (W-hr)
2026-09-01 20:53:49,971 INFO  [default]            source: Estimated
2026-09-01 20:53:49,971 INFO  [default]   cumulative: 9190
2026-09-01 20:53:49,971 INFO  [default]    inst rate: not used for this commodity code
2026-09-01 20:53:49,971 INFO  [default] commodity code: 7 - Present energy storage/take capacity (W-hr)
2026-09-01 20:53:49,971 INFO  [default]            source: Estimated
2026-09-01 20:53:49,971 INFO  [default]   cumulative: 4087
2026-09-01 20:53:49,971 INFO  [default]    inst rate: not used for this commodity code
2026-09-01 20:53:49,971 INFO  [default] commodity code: 10 - Advanced load up total energy storage/take capacity (W-hr)
2026-09-01 20:53:49,972 INFO  [default]            source: Estimated
2026-09-01 20:53:49,972 INFO  [default]   cumulative: 12371
2026-09-01 20:53:49,972 INFO  [default]    inst rate: not used for this commodity code
2026-09-01 20:53:49,972 INFO  [default] commodity code: 11 - Advanced load up present energy storage/take capacity (W-hr)
2026-09-01 20:53:49,972 INFO  [default]            source: Estimated
2026-09-01 20:53:49,972 INFO  [default]   cumulative: 7268
2026-09-01 20:53:49,972 INFO  [default]    inst rate: not used for this commodity code
2026-09-01 20:53:50,175 INFO  [default] link ACK received: query_operational_state
2026-09-01 20:53:50,298 INFO  [default] operational state received: 2

Press Enter for a list of commands
2026-09-01 20:54:19,559 INFO  [default] link ACK received: query_operational_state
2026-09-01 20:54:19,683 INFO  [default] operational state received: 2

Press Enter for a list of commands
2026-09-01 20:54:49,943 INFO  [default] link ACK received: get_commodity
2026-09-01 20:54:50,112 INFO  [default] message type supported received: 2
2026-09-01 20:54:50,112 INFO  [default] commodity response received. response code: 0 - success; count: 6
2026-09-01 20:54:50,113 INFO  [default] commodity code: 0 - Electricity consumed (W & W-hr)
2026-09-01 20:54:50,113 INFO  [default]            source: Estimated
2026-09-01 20:54:50,113 INFO  [default]   cumulative: 146000
2026-09-01 20:54:50,113 INFO  [default]    inst rate: 500
2026-09-01 20:54:50,114 INFO  [default] commodity code 8 - Rated max consumption level electricity (W) is not recorded in the commodity CSV
2026-09-01 20:54:50,114 INFO  [default] commodity code: 6 - Total energy storage/take capacity (W-hr)
2026-09-01 20:54:50,114 INFO  [default]            source: Estimated
2026-09-01 20:54:50,114 INFO  [default]   cumulative: 9190
2026-09-01 20:54:50,114 INFO  [default]    inst rate: not used for this commodity code
2026-09-01 20:54:50,114 INFO  [default] commodity code: 7 - Present energy storage/take capacity (W-hr)
2026-09-01 20:54:50,114 INFO  [default]            source: Estimated
2026-09-01 20:54:50,114 INFO  [default]   cumulative: 4065
2026-09-01 20:54:50,114 INFO  [default]    inst rate: not used for this commodity code
2026-09-01 20:54:50,115 INFO  [default] commodity code: 10 - Advanced load up total energy storage/take capacity (W-hr)
2026-09-01 20:54:50,115 INFO  [default]            source: Estimated
2026-09-01 20:54:50,115 INFO  [default]   cumulative: 12371
2026-09-01 20:54:50,115 INFO  [default]    inst rate: not used for this commodity code
2026-09-01 20:54:50,115 INFO  [default] commodity code: 11 - Advanced load up present energy storage/take capacity (W-hr)
2026-09-01 20:54:50,115 INFO  [default]            source: Estimated
2026-09-01 20:54:50,115 INFO  [default]   cumulative: 7246
2026-09-01 20:54:50,116 INFO  [default]    inst rate: not used for this commodity code
2026-09-01 20:54:50,318 INFO  [default] link ACK received: query_operational_state
2026-09-01 20:54:50,441 INFO  [default] operational state received: 2

Press Enter for a list of commands
2026-09-01 20:55:19,702 INFO  [default] link ACK received: query_operational_state
2026-09-01 20:55:19,826 INFO  [default] operational state received: 2

Press Enter for a list of commands
2026-09-01 20:55:49,988 INFO  [default] link ACK received: get_commodity
2026-09-01 20:55:50,157 INFO  [default] message type supported received: 2
2026-09-01 20:55:50,157 INFO  [default] commodity response received. response code: 0 - success; count: 6
2026-09-01 20:55:50,157 INFO  [default] commodity code: 0 - Electricity consumed (W & W-hr)
2026-09-01 20:55:50,157 INFO  [default]            source: Estimated
2026-09-01 20:55:50,157 INFO  [default]   cumulative: 146000
2026-09-01 20:55:50,157 INFO  [default]    inst rate: 500
2026-09-01 20:55:50,158 INFO  [default] commodity code 8 - Rated max consumption level electricity (W) is not recorded in the commodity CSV
2026-09-01 20:55:50,158 INFO  [default] commodity code: 6 - Total energy storage/take capacity (W-hr)
2026-09-01 20:55:50,158 INFO  [default]            source: Estimated
2026-09-01 20:55:50,158 INFO  [default]   cumulative: 9190
2026-09-01 20:55:50,158 INFO  [default]    inst rate: not used for this commodity code
2026-09-01 20:55:50,158 INFO  [default] commodity code: 7 - Present energy storage/take capacity (W-hr)
2026-09-01 20:55:50,158 INFO  [default]            source: Estimated
2026-09-01 20:55:50,158 INFO  [default]   cumulative: 4020
2026-09-01 20:55:50,158 INFO  [default]    inst rate: not used for this commodity code
2026-09-01 20:55:50,158 INFO  [default] commodity code: 10 - Advanced load up total energy storage/take capacity (W-hr)
2026-09-01 20:55:50,158 INFO  [default]            source: Estimated
2026-09-01 20:55:50,159 INFO  [default]   cumulative: 12371
2026-09-01 20:55:50,159 INFO  [default]    inst rate: not used for this commodity code
2026-09-01 20:55:50,159 INFO  [default] commodity code: 11 - Advanced load up present energy storage/take capacity (W-hr)
2026-09-01 20:55:50,159 INFO  [default]            source: Estimated
2026-09-01 20:55:50,159 INFO  [default]   cumulative: 7202
2026-09-01 20:55:50,159 INFO  [default]    inst rate: not used for this commodity code
2026-09-01 20:55:50,362 INFO  [default] link ACK received: query_operational_state
2026-09-01 20:55:50,486 INFO  [default] operational state received: 2

Press Enter for a list of commands
2026-09-01 20:56:19,750 INFO  [default] link ACK received: query_operational_state
2026-09-01 20:56:19,873 INFO  [default] operational state received: 2

Press Enter for a list of commands
2026-09-01 20:56:49,126 INFO  [default] link ACK received: get_commodity
2026-09-01 20:56:49,294 INFO  [default] message type supported received: 2
2026-09-01 20:56:49,294 INFO  [default] commodity response received. response code: 0 - success; count: 6
2026-09-01 20:56:49,295 INFO  [default] commodity code: 0 - Electricity consumed (W & W-hr)
2026-09-01 20:56:49,295 INFO  [default]            source: Estimated
2026-09-01 20:56:49,295 INFO  [default]   cumulative: 146000
2026-09-01 20:56:49,295 INFO  [default]    inst rate: 500
2026-09-01 20:56:49,295 INFO  [default] commodity code 8 - Rated max consumption level electricity (W) is not recorded in the commodity CSV
2026-09-01 20:56:49,295 INFO  [default] commodity code: 6 - Total energy storage/take capacity (W-hr)
2026-09-01 20:56:49,295 INFO  [default]            source: Estimated
2026-09-01 20:56:49,295 INFO  [default]   cumulative: 9190
2026-09-01 20:56:49,296 INFO  [default]    inst rate: not used for this commodity code
2026-09-01 20:56:49,296 INFO  [default] commodity code: 7 - Present energy storage/take capacity (W-hr)
2026-09-01 20:56:49,296 INFO  [default]            source: Estimated
2026-09-01 20:56:49,296 INFO  [default]   cumulative: 3998
2026-09-01 20:56:49,296 INFO  [default]    inst rate: not used for this commodity code
2026-09-01 20:56:49,296 INFO  [default] commodity code: 10 - Advanced load up total energy storage/take capacity (W-hr)
2026-09-01 20:56:49,296 INFO  [default]            source: Estimated
2026-09-01 20:56:49,296 INFO  [default]   cumulative: 12371
2026-09-01 20:56:49,296 INFO  [default]    inst rate: not used for this commodity code
2026-09-01 20:56:49,296 INFO  [default] commodity code: 11 - Advanced load up present energy storage/take capacity (W-hr)
2026-09-01 20:56:49,296 INFO  [default]            source: Estimated
2026-09-01 20:56:49,296 INFO  [default]   cumulative: 7180
2026-09-01 20:56:49,297 INFO  [default]    inst rate: not used for this commodity code
2026-09-01 20:56:49,499 INFO  [default] link ACK received: query_operational_state
2026-09-01 20:56:49,624 INFO  [default] operational state received: 2

Press Enter for a list of commands
1788321409,o,0 (PASSED!)
outside communication found
2026-09-01 20:56:50,729 INFO  [default] link ACK received: outside_communication
2026-09-01 20:56:50,852 INFO  [default] app ack received
2026-09-01 20:57:19,116 INFO  [default] link ACK received: query_operational_state
2026-09-01 20:57:19,239 INFO  [default] operational state received: 2

Press Enter for a list of commands
2026-09-01 20:57:49,500 INFO  [default] link ACK received: get_commodity
2026-09-01 20:57:49,670 INFO  [default] message type supported received: 2
2026-09-01 20:57:49,670 INFO  [default] commodity response received. response code: 0 - success; count: 6
2026-09-01 20:57:49,670 INFO  [default] commodity code: 0 - Electricity consumed (W & W-hr)
2026-09-01 20:57:49,671 INFO  [default]            source: Estimated
2026-09-01 20:57:49,671 INFO  [default]   cumulative: 146000
2026-09-01 20:57:49,671 INFO  [default]    inst rate: 500
2026-09-01 20:57:49,671 INFO  [default] commodity code 8 - Rated max consumption level electricity (W) is not recorded in the commodity CSV
2026-09-01 20:57:49,671 INFO  [default] commodity code: 6 - Total energy storage/take capacity (W-hr)
2026-09-01 20:57:49,671 INFO  [default]            source: Estimated
2026-09-01 20:57:49,671 INFO  [default]   cumulative: 9190
2026-09-01 20:57:49,671 INFO  [default]    inst rate: not used for this commodity code
2026-09-01 20:57:49,672 INFO  [default] commodity code: 7 - Present energy storage/take capacity (W-hr)
2026-09-01 20:57:49,672 INFO  [default]            source: Estimated
2026-09-01 20:57:49,672 INFO  [default]   cumulative: 3976
2026-09-01 20:57:49,672 INFO  [default]    inst rate: not used for this commodity code
2026-09-01 20:57:49,672 INFO  [default] commodity code: 10 - Advanced load up total energy storage/take capacity (W-hr)
2026-09-01 20:57:49,672 INFO  [default]            source: Estimated
2026-09-01 20:57:49,672 INFO  [default]   cumulative: 12371
2026-09-01 20:57:49,672 INFO  [default]    inst rate: not used for this commodity code
2026-09-01 20:57:49,673 INFO  [default] commodity code: 11 - Advanced load up present energy storage/take capacity (W-hr)
2026-09-01 20:57:49,673 INFO  [default]            source: Estimated
2026-09-01 20:57:49,673 INFO  [default]   cumulative: 7158
2026-09-01 20:57:49,673 INFO  [default]    inst rate: not used for this commodity code
2026-09-01 20:57:49,875 INFO  [default] link ACK received: query_operational_state
2026-09-01 20:57:49,999 INFO  [default] operational state received: 2

Press Enter for a list of commands
2026-09-01 20:58:19,258 INFO  [default] link ACK received: query_operational_state
2026-09-01 20:58:19,381 INFO  [default] operational state received: 2

Press Enter for a list of commands
2026-09-01 20:58:49,638 INFO  [default] link ACK received: get_commodity
2026-09-01 20:58:49,807 INFO  [default] message type supported received: 2
2026-09-01 20:58:49,808 INFO  [default] commodity response received. response code: 0 - success; count: 6
2026-09-01 20:58:49,808 INFO  [default] commodity code: 0 - Electricity consumed (W & W-hr)
2026-09-01 20:58:49,808 INFO  [default]            source: Estimated
2026-09-01 20:58:49,809 INFO  [default]   cumulative: 146000
2026-09-01 20:58:49,809 INFO  [default]    inst rate: 500
2026-09-01 20:58:49,809 INFO  [default] commodity code 8 - Rated max consumption level electricity (W) is not recorded in the commodity CSV
2026-09-01 20:58:49,809 INFO  [default] commodity code: 6 - Total energy storage/take capacity (W-hr)
2026-09-01 20:58:49,809 INFO  [default]            source: Estimated
2026-09-01 20:58:49,809 INFO  [default]   cumulative: 9190
2026-09-01 20:58:49,809 INFO  [default]    inst rate: not used for this commodity code
2026-09-01 20:58:49,810 INFO  [default] commodity code: 7 - Present energy storage/take capacity (W-hr)
2026-09-01 20:58:49,810 INFO  [default]            source: Estimated
2026-09-01 20:58:49,810 INFO  [default]   cumulative: 3932
2026-09-01 20:58:49,810 INFO  [default]    inst rate: not used for this commodity code
2026-09-01 20:58:49,810 INFO  [default] commodity code: 10 - Advanced load up total energy storage/take capacity (W-hr)
2026-09-01 20:58:49,810 INFO  [default]            source: Estimated
2026-09-01 20:58:49,810 INFO  [default]   cumulative: 12371
2026-09-01 20:58:49,810 INFO  [default]    inst rate: not used for this commodity code
2026-09-01 20:58:49,810 INFO  [default] commodity code: 11 - Advanced load up present energy storage/take capacity (W-hr)
2026-09-01 20:58:49,811 INFO  [default]            source: Estimated
2026-09-01 20:58:49,811 INFO  [default]   cumulative: 7113
2026-09-01 20:58:49,811 INFO  [default]    inst rate: not used for this commodity code
2026-09-01 20:58:50,013 INFO  [default] link ACK received: query_operational_state
2026-09-01 20:58:50,137 INFO  [default] operational state received: 2

Press Enter for a list of commands
2026-09-01 20:59:19,397 INFO  [default] link ACK received: query_operational_state
2026-09-01 20:59:19,521 INFO  [default] operational state received: 2

Press Enter for a list of commands
2026-09-01 20:59:49,779 INFO  [default] link ACK received: get_commodity
2026-09-01 20:59:49,948 INFO  [default] message type supported received: 2
2026-09-01 20:59:49,948 INFO  [default] commodity response received. response code: 0 - success; count: 6
2026-09-01 20:59:49,948 INFO  [default] commodity code: 0 - Electricity consumed (W & W-hr)
2026-09-01 20:59:49,948 INFO  [default]            source: Estimated
2026-09-01 20:59:49,949 INFO  [default]   cumulative: 146000
2026-09-01 20:59:49,949 INFO  [default]    inst rate: 500
2026-09-01 20:59:49,949 INFO  [default] commodity code 8 - Rated max consumption level electricity (W) is not recorded in the commodity CSV
2026-09-01 20:59:49,949 INFO  [default] commodity code: 6 - Total energy storage/take capacity (W-hr)
2026-09-01 20:59:49,949 INFO  [default]            source: Estimated
2026-09-01 20:59:49,949 INFO  [default]   cumulative: 9190
2026-09-01 20:59:49,949 INFO  [default]    inst rate: not used for this commodity code
2026-09-01 20:59:49,950 INFO  [default] commodity code: 7 - Present energy storage/take capacity (W-hr)
2026-09-01 20:59:49,950 INFO  [default]            source: Estimated
2026-09-01 20:59:49,950 INFO  [default]   cumulative: 3910
2026-09-01 20:59:49,950 INFO  [default]    inst rate: not used for this commodity code
2026-09-01 20:59:49,950 INFO  [default] commodity code: 10 - Advanced load up total energy storage/take capacity (W-hr)
2026-09-01 20:59:49,950 INFO  [default]            source: Estimated
2026-09-01 20:59:49,950 INFO  [default]   cumulative: 12371
2026-09-01 20:59:49,950 INFO  [default]    inst rate: not used for this commodity code
2026-09-01 20:59:49,950 INFO  [default] commodity code: 11 - Advanced load up present energy storage/take capacity (W-hr)
2026-09-01 20:59:49,950 INFO  [default]            source: Estimated
2026-09-01 20:59:49,951 INFO  [default]   cumulative: 7091
2026-09-01 20:59:49,951 INFO  [default]    inst rate: not used for this commodity code
2026-09-01 20:59:50,153 INFO  [default] link ACK received: query_operational_state
2026-09-01 20:59:50,278 INFO  [default] operational state received: 2

Press Enter for a list of commands
2026-09-01 21:00:19,542 INFO  [default] link ACK received: query_operational_state
2026-09-01 21:00:19,665 INFO  [default] operational state received: 2

Press Enter for a list of commands
2026-09-01 21:00:49,925 INFO  [default] link ACK received: get_commodity
2026-09-01 21:00:50,093 INFO  [default] message type supported received: 2
2026-09-01 21:00:50,094 INFO  [default] commodity response received. response code: 0 - success; count: 6
2026-09-01 21:00:50,094 INFO  [default] commodity code: 0 - Electricity consumed (W & W-hr)
2026-09-01 21:00:50,094 INFO  [default]            source: Estimated
2026-09-01 21:00:50,094 INFO  [default]   cumulative: 146000
2026-09-01 21:00:50,094 INFO  [default]    inst rate: 500
2026-09-01 21:00:50,094 INFO  [default] commodity code 8 - Rated max consumption level electricity (W) is not recorded in the commodity CSV
2026-09-01 21:00:50,094 INFO  [default] commodity code: 6 - Total energy storage/take capacity (W-hr)
2026-09-01 21:00:50,094 INFO  [default]            source: Estimated
2026-09-01 21:00:50,094 INFO  [default]   cumulative: 9190
2026-09-01 21:00:50,095 INFO  [default]    inst rate: not used for this commodity code
2026-09-01 21:00:50,095 INFO  [default] commodity code: 7 - Present energy storage/take capacity (W-hr)
2026-09-01 21:00:50,095 INFO  [default]            source: Estimated
2026-09-01 21:00:50,095 INFO  [default]   cumulative: 3888
2026-09-01 21:00:50,095 INFO  [default]    inst rate: not used for this commodity code
2026-09-01 21:00:50,095 INFO  [default] commodity code: 10 - Advanced load up total energy storage/take capacity (W-hr)
2026-09-01 21:00:50,095 INFO  [default]            source: Estimated
2026-09-01 21:00:50,095 INFO  [default]   cumulative: 12371
2026-09-01 21:00:50,095 INFO  [default]    inst rate: not used for this commodity code
2026-09-01 21:00:50,095 INFO  [default] commodity code: 11 - Advanced load up present energy storage/take capacity (W-hr)
2026-09-01 21:00:50,095 INFO  [default]            source: Estimated
2026-09-01 21:00:50,095 INFO  [default]   cumulative: 7069
2026-09-01 21:00:50,095 INFO  [default]    inst rate: not used for this commodity code
2026-09-01 21:00:50,297 INFO  [default] link ACK received: query_operational_state
2026-09-01 21:00:50,421 INFO  [default] operational state received: 2

Press Enter for a list of commands
2026-09-01 21:01:19,681 INFO  [default] link ACK received: query_operational_state
2026-09-01 21:01:19,805 INFO  [default] operational state received: 2

Press Enter for a list of commands
2026-09-01 21:01:50,063 INFO  [default] link ACK received: get_commodity
2026-09-01 21:01:50,231 INFO  [default] message type supported received: 2
2026-09-01 21:01:50,231 INFO  [default] commodity response received. response code: 0 - success; count: 6
2026-09-01 21:01:50,232 INFO  [default] commodity code: 0 - Electricity consumed (W & W-hr)
2026-09-01 21:01:50,232 INFO  [default]            source: Estimated
2026-09-01 21:01:50,232 INFO  [default]   cumulative: 146000
2026-09-01 21:01:50,232 INFO  [default]    inst rate: 500
2026-09-01 21:01:50,232 INFO  [default] commodity code 8 - Rated max consumption level electricity (W) is not recorded in the commodity CSV
2026-09-01 21:01:50,232 INFO  [default] commodity code: 6 - Total energy storage/take capacity (W-hr)
2026-09-01 21:01:50,232 INFO  [default]            source: Estimated
2026-09-01 21:01:50,233 INFO  [default]   cumulative: 9190
2026-09-01 21:01:50,233 INFO  [default]    inst rate: not used for this commodity code
2026-09-01 21:01:50,233 INFO  [default] commodity code: 7 - Present energy storage/take capacity (W-hr)
2026-09-01 21:01:50,233 INFO  [default]            source: Estimated
2026-09-01 21:01:50,233 INFO  [default]   cumulative: 3844
2026-09-01 21:01:50,233 INFO  [default]    inst rate: not used for this commodity code
2026-09-01 21:01:50,233 INFO  [default] commodity code: 10 - Advanced load up total energy storage/take capacity (W-hr)
2026-09-01 21:01:50,234 INFO  [default]            source: Estimated
2026-09-01 21:01:50,234 INFO  [default]   cumulative: 12371
2026-09-01 21:01:50,234 INFO  [default]    inst rate: not used for this commodity code
2026-09-01 21:01:50,234 INFO  [default] commodity code: 11 - Advanced load up present energy storage/take capacity (W-hr)
2026-09-01 21:01:50,234 INFO  [default]            source: Estimated
2026-09-01 21:01:50,234 INFO  [default]   cumulative: 7025
2026-09-01 21:01:50,234 INFO  [default]    inst rate: not used for this commodity code
2026-09-01 21:01:50,438 INFO  [default] link ACK received: query_operational_state
2026-09-01 21:01:50,561 INFO  [default] operational state received: 2

Press Enter for a list of commands
2026-09-01 21:02:19,821 INFO  [default] link ACK received: query_operational_state
2026-09-01 21:02:19,945 INFO  [default] operational state received: 2

Press Enter for a list of commands
2026-09-01 21:02:49,201 INFO  [default] link ACK received: get_commodity
2026-09-01 21:02:49,371 INFO  [default] message type supported received: 2
2026-09-01 21:02:49,371 INFO  [default] commodity response received. response code: 0 - success; count: 6
2026-09-01 21:02:49,371 INFO  [default] commodity code: 0 - Electricity consumed (W & W-hr)
2026-09-01 21:02:49,371 INFO  [default]            source: Estimated
2026-09-01 21:02:49,371 INFO  [default]   cumulative: 146000
2026-09-01 21:02:49,371 INFO  [default]    inst rate: 500
2026-09-01 21:02:49,372 INFO  [default] commodity code 8 - Rated max consumption level electricity (W) is not recorded in the commodity CSV
2026-09-01 21:02:49,372 INFO  [default] commodity code: 6 - Total energy storage/take capacity (W-hr)
2026-09-01 21:02:49,372 INFO  [default]            source: Estimated
2026-09-01 21:02:49,372 INFO  [default]   cumulative: 9190
2026-09-01 21:02:49,372 INFO  [default]    inst rate: not used for this commodity code
2026-09-01 21:02:49,372 INFO  [default] commodity code: 7 - Present energy storage/take capacity (W-hr)
2026-09-01 21:02:49,372 INFO  [default]            source: Estimated
2026-09-01 21:02:49,372 INFO  [default]   cumulative: 3799
2026-09-01 21:02:49,372 INFO  [default]    inst rate: not used for this commodity code
2026-09-01 21:02:49,372 INFO  [default] commodity code: 10 - Advanced load up total energy storage/take capacity (W-hr)
2026-09-01 21:02:49,372 INFO  [default]            source: Estimated
2026-09-01 21:02:49,372 INFO  [default]   cumulative: 12371
2026-09-01 21:02:49,372 INFO  [default]    inst rate: not used for this commodity code
2026-09-01 21:02:49,373 INFO  [default] commodity code: 11 - Advanced load up present energy storage/take capacity (W-hr)
2026-09-01 21:02:49,373 INFO  [default]            source: Estimated
2026-09-01 21:02:49,373 INFO  [default]   cumulative: 6981
2026-09-01 21:02:49,373 INFO  [default]    inst rate: not used for this commodity code
2026-09-01 21:02:49,576 INFO  [default] link ACK received: query_operational_state
2026-09-01 21:02:49,699 INFO  [default] operational state received: 2

Press Enter for a list of commands
2026-09-01 21:03:19,959 INFO  [default] link ACK received: query_operational_state
2026-09-01 21:03:20,083 INFO  [default] operational state received: 2

Press Enter for a list of commands
2026-09-01 21:03:49,339 INFO  [default] link ACK received: get_commodity
2026-09-01 21:03:49,507 INFO  [default] message type supported received: 2
2026-09-01 21:03:49,508 INFO  [default] commodity response received. response code: 0 - success; count: 6
2026-09-01 21:03:49,508 INFO  [default] commodity code: 0 - Electricity consumed (W & W-hr)
2026-09-01 21:03:49,509 INFO  [default]            source: Estimated
2026-09-01 21:03:49,509 INFO  [default]   cumulative: 146000
2026-09-01 21:03:49,509 INFO  [default]    inst rate: 500
2026-09-01 21:03:49,509 INFO  [default] commodity code 8 - Rated max consumption level electricity (W) is not recorded in the commodity CSV
2026-09-01 21:03:49,509 INFO  [default] commodity code: 6 - Total energy storage/take capacity (W-hr)
2026-09-01 21:03:49,509 INFO  [default]            source: Estimated
2026-09-01 21:03:49,509 INFO  [default]   cumulative: 9190
2026-09-01 21:03:49,510 INFO  [default]    inst rate: not used for this commodity code
2026-09-01 21:03:49,510 INFO  [default] commodity code: 7 - Present energy storage/take capacity (W-hr)
2026-09-01 21:03:49,510 INFO  [default]            source: Estimated
2026-09-01 21:03:49,510 INFO  [default]   cumulative: 3755
2026-09-01 21:03:49,510 INFO  [default]    inst rate: not used for this commodity code
2026-09-01 21:03:49,510 INFO  [default] commodity code: 10 - Advanced load up total energy storage/take capacity (W-hr)
2026-09-01 21:03:49,510 INFO  [default]            source: Estimated
2026-09-01 21:03:49,511 INFO  [default]   cumulative: 12371
2026-09-01 21:03:49,511 INFO  [default]    inst rate: not used for this commodity code
2026-09-01 21:03:49,511 INFO  [default] commodity code: 11 - Advanced load up present energy storage/take capacity (W-hr)
2026-09-01 21:03:49,511 INFO  [default]            source: Estimated
2026-09-01 21:03:49,511 INFO  [default]   cumulative: 6937
2026-09-01 21:03:49,511 INFO  [default]    inst rate: not used for this commodity code
2026-09-01 21:03:49,714 INFO  [default] link ACK received: query_operational_state
2026-09-01 21:03:49,838 INFO  [default] operational state received: 2

Press Enter for a list of commands
2026-09-01 21:04:19,099 INFO  [default] link ACK received: query_operational_state
2026-09-01 21:04:19,222 INFO  [default] operational state received: 2

Press Enter for a list of commands
2026-09-01 21:04:49,483 INFO  [default] link ACK received: get_commodity
2026-09-01 21:04:49,652 INFO  [default] message type supported received: 2
2026-09-01 21:04:49,652 INFO  [default] commodity response received. response code: 0 - success; count: 6
2026-09-01 21:04:49,652 INFO  [default] commodity code: 0 - Electricity consumed (W & W-hr)
2026-09-01 21:04:49,652 INFO  [default]            source: Estimated
2026-09-01 21:04:49,652 INFO  [default]   cumulative: 146000
2026-09-01 21:04:49,652 INFO  [default]    inst rate: 500
2026-09-01 21:04:49,653 INFO  [default] commodity code 8 - Rated max consumption level electricity (W) is not recorded in the commodity CSV
2026-09-01 21:04:49,653 INFO  [default] commodity code: 6 - Total energy storage/take capacity (W-hr)
2026-09-01 21:04:49,653 INFO  [default]            source: Estimated
2026-09-01 21:04:49,653 INFO  [default]   cumulative: 9190
2026-09-01 21:04:49,653 INFO  [default]    inst rate: not used for this commodity code
2026-09-01 21:04:49,653 INFO  [default] commodity code: 7 - Present energy storage/take capacity (W-hr)
2026-09-01 21:04:49,653 INFO  [default]            source: Estimated
2026-09-01 21:04:49,653 INFO  [default]   cumulative: 3711
2026-09-01 21:04:49,653 INFO  [default]    inst rate: not used for this commodity code
2026-09-01 21:04:49,653 INFO  [default] commodity code: 10 - Advanced load up total energy storage/take capacity (W-hr)
2026-09-01 21:04:49,653 INFO  [default]            source: Estimated
2026-09-01 21:04:49,654 INFO  [default]   cumulative: 12371
2026-09-01 21:04:49,654 INFO  [default]    inst rate: not used for this commodity code
2026-09-01 21:04:49,654 INFO  [default] commodity code: 11 - Advanced load up present energy storage/take capacity (W-hr)
2026-09-01 21:04:49,654 INFO  [default]            source: Estimated
2026-09-01 21:04:49,654 INFO  [default]   cumulative: 6892
2026-09-01 21:04:49,654 INFO  [default]    inst rate: not used for this commodity code
2026-09-01 21:04:49,856 INFO  [default] link ACK received: query_operational_state
2026-09-01 21:04:49,981 INFO  [default] operational state received: 2

Press Enter for a list of commands
2026-09-01 21:05:19,241 INFO  [default] link ACK received: query_operational_state
2026-09-01 21:05:19,365 INFO  [default] operational state received: 2

Press Enter for a list of commands
2026-09-01 21:05:49,625 INFO  [default] link ACK received: get_commodity
2026-09-01 21:05:49,794 INFO  [default] message type supported received: 2
2026-09-01 21:05:49,794 INFO  [default] commodity response received. response code: 0 - success; count: 6
2026-09-01 21:05:49,795 INFO  [default] commodity code: 0 - Electricity consumed (W & W-hr)
2026-09-01 21:05:49,795 INFO  [default]            source: Estimated
2026-09-01 21:05:49,795 INFO  [default]   cumulative: 146000
2026-09-01 21:05:49,795 INFO  [default]    inst rate: 500
2026-09-01 21:05:49,795 INFO  [default] commodity code 8 - Rated max consumption level electricity (W) is not recorded in the commodity CSV
2026-09-01 21:05:49,795 INFO  [default] commodity code: 6 - Total energy storage/take capacity (W-hr)
2026-09-01 21:05:49,795 INFO  [default]            source: Estimated
2026-09-01 21:05:49,796 INFO  [default]   cumulative: 9190
2026-09-01 21:05:49,796 INFO  [default]    inst rate: not used for this commodity code
2026-09-01 21:05:49,796 INFO  [default] commodity code: 7 - Present energy storage/take capacity (W-hr)
2026-09-01 21:05:49,796 INFO  [default]            source: Estimated
2026-09-01 21:05:49,796 INFO  [default]   cumulative: 3667
2026-09-01 21:05:49,796 INFO  [default]    inst rate: not used for this commodity code
2026-09-01 21:05:49,796 INFO  [default] commodity code: 10 - Advanced load up total energy storage/take capacity (W-hr)
2026-09-01 21:05:49,796 INFO  [default]            source: Estimated
2026-09-01 21:05:49,797 INFO  [default]   cumulative: 12371
2026-09-01 21:05:49,797 INFO  [default]    inst rate: not used for this commodity code
2026-09-01 21:05:49,797 INFO  [default] commodity code: 11 - Advanced load up present energy storage/take capacity (W-hr)
2026-09-01 21:05:49,797 INFO  [default]            source: Estimated
2026-09-01 21:05:49,797 INFO  [default]   cumulative: 6848
2026-09-01 21:05:49,797 INFO  [default]    inst rate: not used for this commodity code
2026-09-01 21:05:49,999 INFO  [default] link ACK received: query_operational_state
2026-09-01 21:05:50,124 INFO  [default] operational state received: 2

Press Enter for a list of commands
2026-09-01 21:06:19,383 INFO  [default] link ACK received: query_operational_state
2026-09-01 21:06:19,506 INFO  [default] operational state received: 2

Press Enter for a list of commands
1788322009,o,0 (PASSED!)
outside communication found
2026-09-01 21:06:49,764 INFO  [default] link ACK received: outside_communication
2026-09-01 21:06:49,887 INFO  [default] app ack received
2026-09-01 21:06:50,092 INFO  [default] link ACK received: get_commodity
2026-09-01 21:06:50,260 INFO  [default] message type supported received: 2
2026-09-01 21:06:50,260 INFO  [default] commodity response received. response code: 0 - success; count: 6
2026-09-01 21:06:50,261 INFO  [default] commodity code: 0 - Electricity consumed (W & W-hr)
2026-09-01 21:06:50,261 INFO  [default]            source: Estimated
2026-09-01 21:06:50,261 INFO  [default]   cumulative: 146000
2026-09-01 21:06:50,261 INFO  [default]    inst rate: 500
2026-09-01 21:06:50,261 INFO  [default] commodity code 8 - Rated max consumption level electricity (W) is not recorded in the commodity CSV
2026-09-01 21:06:50,261 INFO  [default] commodity code: 6 - Total energy storage/take capacity (W-hr)
2026-09-01 21:06:50,261 INFO  [default]            source: Estimated
2026-09-01 21:06:50,261 INFO  [default]   cumulative: 9190
2026-09-01 21:06:50,261 INFO  [default]    inst rate: not used for this commodity code
2026-09-01 21:06:50,261 INFO  [default] commodity code: 7 - Present energy storage/take capacity (W-hr)
2026-09-01 21:06:50,261 INFO  [default]            source: Estimated
2026-09-01 21:06:50,262 INFO  [default]   cumulative: 3645
2026-09-01 21:06:50,262 INFO  [default]    inst rate: not used for this commodity code
2026-09-01 21:06:50,262 INFO  [default] commodity code: 10 - Advanced load up total energy storage/take capacity (W-hr)
2026-09-01 21:06:50,262 INFO  [default]            source: Estimated
2026-09-01 21:06:50,262 INFO  [default]   cumulative: 12371
2026-09-01 21:06:50,262 INFO  [default]    inst rate: not used for this commodity code
2026-09-01 21:06:50,262 INFO  [default] commodity code: 11 - Advanced load up present energy storage/take capacity (W-hr)
2026-09-01 21:06:50,262 INFO  [default]            source: Estimated
2026-09-01 21:06:50,262 INFO  [default]   cumulative: 6826
2026-09-01 21:06:50,262 INFO  [default]    inst rate: not used for this commodity code
2026-09-01 21:06:50,465 INFO  [default] link ACK received: query_operational_state
2026-09-01 21:06:50,588 INFO  [default] operational state received: 2

Press Enter for a list of commands
2026-09-01 21:07:19,848 INFO  [default] link ACK received: query_operational_state
2026-09-01 21:07:19,973 INFO  [default] operational state received: 2

Press Enter for a list of commands
2026-09-01 21:07:49,230 INFO  [default] link ACK received: get_commodity
2026-09-01 21:07:49,399 INFO  [default] message type supported received: 2
2026-09-01 21:07:49,399 INFO  [default] commodity response received. response code: 0 - success; count: 6
2026-09-01 21:07:49,400 INFO  [default] commodity code: 0 - Electricity consumed (W & W-hr)
2026-09-01 21:07:49,400 INFO  [default]            source: Estimated
2026-09-01 21:07:49,400 INFO  [default]   cumulative: 146000
2026-09-01 21:07:49,400 INFO  [default]    inst rate: 500
2026-09-01 21:07:49,400 INFO  [default] commodity code 8 - Rated max consumption level electricity (W) is not recorded in the commodity CSV
2026-09-01 21:07:49,400 INFO  [default] commodity code: 6 - Total energy storage/take capacity (W-hr)
2026-09-01 21:07:49,400 INFO  [default]            source: Estimated
2026-09-01 21:07:49,401 INFO  [default]   cumulative: 9190
2026-09-01 21:07:49,401 INFO  [default]    inst rate: not used for this commodity code
2026-09-01 21:07:49,401 INFO  [default] commodity code: 7 - Present energy storage/take capacity (W-hr)
2026-09-01 21:07:49,401 INFO  [default]            source: Estimated
2026-09-01 21:07:49,401 INFO  [default]   cumulative: 3623
2026-09-01 21:07:49,401 INFO  [default]    inst rate: not used for this commodity code
2026-09-01 21:07:49,401 INFO  [default] commodity code: 10 - Advanced load up total energy storage/take capacity (W-hr)
2026-09-01 21:07:49,402 INFO  [default]            source: Estimated
2026-09-01 21:07:49,402 INFO  [default]   cumulative: 12371
2026-09-01 21:07:49,402 INFO  [default]    inst rate: not used for this commodity code
2026-09-01 21:07:49,402 INFO  [default] commodity code: 11 - Advanced load up present energy storage/take capacity (W-hr)
2026-09-01 21:07:49,402 INFO  [default]            source: Estimated
2026-09-01 21:07:49,402 INFO  [default]   cumulative: 6804
2026-09-01 21:07:49,402 INFO  [default]    inst rate: not used for this commodity code
2026-09-01 21:07:49,604 INFO  [default] link ACK received: query_operational_state
2026-09-01 21:07:49,728 INFO  [default] operational state received: 2

Press Enter for a list of commands
2026-09-01 21:08:19,991 INFO  [default] link ACK received: query_operational_state
2026-09-01 21:08:20,114 INFO  [default] operational state received: 2

Press Enter for a list of commands
2026-09-01 21:08:49,369 INFO  [default] link ACK received: get_commodity
2026-09-01 21:08:49,537 INFO  [default] message type supported received: 2
2026-09-01 21:08:49,548 INFO  [default] commodity response received. response code: 0 - success; count: 6
2026-09-01 21:08:49,549 INFO  [default] commodity code: 0 - Electricity consumed (W & W-hr)
2026-09-01 21:08:49,549 INFO  [default]            source: Estimated
2026-09-01 21:08:49,549 INFO  [default]   cumulative: 146000
2026-09-01 21:08:49,549 INFO  [default]    inst rate: 500
2026-09-01 21:08:49,549 INFO  [default] commodity code 8 - Rated max consumption level electricity (W) is not recorded in the commodity CSV
2026-09-01 21:08:49,549 INFO  [default] commodity code: 6 - Total energy storage/take capacity (W-hr)
2026-09-01 21:08:49,550 INFO  [default]            source: Estimated
2026-09-01 21:08:49,550 INFO  [default]   cumulative: 9190
2026-09-01 21:08:49,550 INFO  [default]    inst rate: not used for this commodity code
2026-09-01 21:08:49,550 INFO  [default] commodity code: 7 - Present energy storage/take capacity (W-hr)
2026-09-01 21:08:49,550 INFO  [default]            source: Estimated
2026-09-01 21:08:49,550 INFO  [default]   cumulative: 3579
2026-09-01 21:08:49,550 INFO  [default]    inst rate: not used for this commodity code
2026-09-01 21:08:49,550 INFO  [default] commodity code: 10 - Advanced load up total energy storage/take capacity (W-hr)
2026-09-01 21:08:49,551 INFO  [default]            source: Estimated
2026-09-01 21:08:49,551 INFO  [default]   cumulative: 12371
2026-09-01 21:08:49,551 INFO  [default]    inst rate: not used for this commodity code
2026-09-01 21:08:49,551 INFO  [default] commodity code: 11 - Advanced load up present energy storage/take capacity (W-hr)
2026-09-01 21:08:49,551 INFO  [default]            source: Estimated
2026-09-01 21:08:49,551 INFO  [default]   cumulative: 6760
2026-09-01 21:08:49,551 INFO  [default]    inst rate: not used for this commodity code
2026-09-01 21:08:49,754 INFO  [default] link ACK received: query_operational_state
2026-09-01 21:08:49,879 INFO  [default] operational state received: 2

Press Enter for a list of commands
2026-09-01 21:09:19,137 INFO  [default] link ACK received: query_operational_state
2026-09-01 21:09:19,261 INFO  [default] operational state received: 2

Press Enter for a list of commands
2026-09-01 21:09:49,518 INFO  [default] link ACK received: get_commodity
2026-09-01 21:09:49,687 INFO  [default] message type supported received: 2
2026-09-01 21:09:49,687 INFO  [default] commodity response received. response code: 0 - success; count: 6
2026-09-01 21:09:49,687 INFO  [default] commodity code: 0 - Electricity consumed (W & W-hr)
2026-09-01 21:09:49,687 INFO  [default]            source: Estimated
2026-09-01 21:09:49,688 INFO  [default]   cumulative: 146000
2026-09-01 21:09:49,688 INFO  [default]    inst rate: 500
2026-09-01 21:09:49,688 INFO  [default] commodity code 8 - Rated max consumption level electricity (W) is not recorded in the commodity CSV
2026-09-01 21:09:49,688 INFO  [default] commodity code: 6 - Total energy storage/take capacity (W-hr)
2026-09-01 21:09:49,688 INFO  [default]            source: Estimated
2026-09-01 21:09:49,688 INFO  [default]   cumulative: 9190
2026-09-01 21:09:49,688 INFO  [default]    inst rate: not used for this commodity code
2026-09-01 21:09:49,688 INFO  [default] commodity code: 7 - Present energy storage/take capacity (W-hr)
2026-09-01 21:09:49,689 INFO  [default]            source: Estimated
2026-09-01 21:09:49,689 INFO  [default]   cumulative: 3534
2026-09-01 21:09:49,689 INFO  [default]    inst rate: not used for this commodity code
2026-09-01 21:09:49,689 INFO  [default] commodity code: 10 - Advanced load up total energy storage/take capacity (W-hr)
2026-09-01 21:09:49,689 INFO  [default]            source: Estimated
2026-09-01 21:09:49,689 INFO  [default]   cumulative: 12371
2026-09-01 21:09:49,689 INFO  [default]    inst rate: not used for this commodity code
2026-09-01 21:09:49,690 INFO  [default] commodity code: 11 - Advanced load up present energy storage/take capacity (W-hr)
2026-09-01 21:09:49,690 INFO  [default]            source: Estimated
2026-09-01 21:09:49,690 INFO  [default]   cumulative: 6716
2026-09-01 21:09:49,690 INFO  [default]    inst rate: not used for this commodity code
2026-09-01 21:09:49,893 INFO  [default] link ACK received: query_operational_state
2026-09-01 21:09:50,016 INFO  [default] operational state received: 2

Press Enter for a list of commands
2026-09-01 21:10:19,278 INFO  [default] link ACK received: query_operational_state
2026-09-01 21:10:19,401 INFO  [default] operational state received: 2

Press Enter for a list of commands
2026-09-01 21:10:49,659 INFO  [default] link ACK received: get_commodity
2026-09-01 21:10:49,830 INFO  [default] message type supported received: 2
2026-09-01 21:10:49,830 INFO  [default] commodity response received. response code: 0 - success; count: 6
2026-09-01 21:10:49,830 INFO  [default] commodity code: 0 - Electricity consumed (W & W-hr)
2026-09-01 21:10:49,830 INFO  [default]            source: Estimated
2026-09-01 21:10:49,830 INFO  [default]   cumulative: 146000
2026-09-01 21:10:49,830 INFO  [default]    inst rate: 500
2026-09-01 21:10:49,831 INFO  [default] commodity code 8 - Rated max consumption level electricity (W) is not recorded in the commodity CSV
2026-09-01 21:10:49,831 INFO  [default] commodity code: 6 - Total energy storage/take capacity (W-hr)
2026-09-01 21:10:49,831 INFO  [default]            source: Estimated
2026-09-01 21:10:49,831 INFO  [default]   cumulative: 9190
2026-09-01 21:10:49,831 INFO  [default]    inst rate: not used for this commodity code
2026-09-01 21:10:49,831 INFO  [default] commodity code: 7 - Present energy storage/take capacity (W-hr)
2026-09-01 21:10:49,831 INFO  [default]            source: Estimated
2026-09-01 21:10:49,831 INFO  [default]   cumulative: 3490
2026-09-01 21:10:49,831 INFO  [default]    inst rate: not used for this commodity code
2026-09-01 21:10:49,831 INFO  [default] commodity code: 10 - Advanced load up total energy storage/take capacity (W-hr)
2026-09-01 21:10:49,831 INFO  [default]            source: Estimated
2026-09-01 21:10:49,831 INFO  [default]   cumulative: 12371
2026-09-01 21:10:49,832 INFO  [default]    inst rate: not used for this commodity code
2026-09-01 21:10:49,832 INFO  [default] commodity code: 11 - Advanced load up present energy storage/take capacity (W-hr)
2026-09-01 21:10:49,832 INFO  [default]            source: Estimated
2026-09-01 21:10:49,832 INFO  [default]   cumulative: 6672
2026-09-01 21:10:49,832 INFO  [default]    inst rate: not used for this commodity code
2026-09-01 21:10:50,035 INFO  [default] link ACK received: query_operational_state
2026-09-01 21:10:50,158 INFO  [default] operational state received: 2

Press Enter for a list of commands
2026-09-01 21:11:19,417 INFO  [default] link ACK received: query_operational_state
2026-09-01 21:11:19,542 INFO  [default] operational state received: 2

Press Enter for a list of commands
2026-09-01 21:11:49,802 INFO  [default] link ACK received: get_commodity
2026-09-01 21:11:49,970 INFO  [default] message type supported received: 2
2026-09-01 21:11:49,970 INFO  [default] commodity response received. response code: 0 - success; count: 6
2026-09-01 21:11:49,971 INFO  [default] commodity code: 0 - Electricity consumed (W & W-hr)
2026-09-01 21:11:49,971 INFO  [default]            source: Estimated
2026-09-01 21:11:49,971 INFO  [default]   cumulative: 146000
2026-09-01 21:11:49,971 INFO  [default]    inst rate: 500
2026-09-01 21:11:49,971 INFO  [default] commodity code 8 - Rated max consumption level electricity (W) is not recorded in the commodity CSV
2026-09-01 21:11:49,971 INFO  [default] commodity code: 6 - Total energy storage/take capacity (W-hr)
2026-09-01 21:11:49,972 INFO  [default]            source: Estimated
2026-09-01 21:11:49,972 INFO  [default]   cumulative: 9190
2026-09-01 21:11:49,972 INFO  [default]    inst rate: not used for this commodity code
2026-09-01 21:11:49,972 INFO  [default] commodity code: 7 - Present energy storage/take capacity (W-hr)
2026-09-01 21:11:49,972 INFO  [default]            source: Estimated
2026-09-01 21:11:49,972 INFO  [default]   cumulative: 3446
2026-09-01 21:11:49,972 INFO  [default]    inst rate: not used for this commodity code
2026-09-01 21:11:49,972 INFO  [default] commodity code: 10 - Advanced load up total energy storage/take capacity (W-hr)
2026-09-01 21:11:49,973 INFO  [default]            source: Estimated
2026-09-01 21:11:49,973 INFO  [default]   cumulative: 12371
2026-09-01 21:11:49,973 INFO  [default]    inst rate: not used for this commodity code
2026-09-01 21:11:49,973 INFO  [default] commodity code: 11 - Advanced load up present energy storage/take capacity (W-hr)
2026-09-01 21:11:49,973 INFO  [default]            source: Estimated
2026-09-01 21:11:49,973 INFO  [default]   cumulative: 6627
2026-09-01 21:11:49,973 INFO  [default]    inst rate: not used for this commodity code
2026-09-01 21:11:50,176 INFO  [default] link ACK received: query_operational_state
2026-09-01 21:11:50,301 INFO  [default] operational state received: 2

Press Enter for a list of commands
2026-09-01 21:12:19,560 INFO  [default] link ACK received: query_operational_state
2026-09-01 21:12:19,684 INFO  [default] operational state received: 2

Press Enter for a list of commands
2026-09-01 21:12:49,945 INFO  [default] link ACK received: get_commodity
2026-09-01 21:12:50,114 INFO  [default] message type supported received: 2
2026-09-01 21:12:50,114 INFO  [default] commodity response received. response code: 0 - success; count: 6
2026-09-01 21:12:50,115 INFO  [default] commodity code: 0 - Electricity consumed (W & W-hr)
2026-09-01 21:12:50,115 INFO  [default]            source: Estimated
2026-09-01 21:12:50,115 INFO  [default]   cumulative: 146000
2026-09-01 21:12:50,115 INFO  [default]    inst rate: 500
2026-09-01 21:12:50,115 INFO  [default] commodity code 8 - Rated max consumption level electricity (W) is not recorded in the commodity CSV
2026-09-01 21:12:50,115 INFO  [default] commodity code: 6 - Total energy storage/take capacity (W-hr)
2026-09-01 21:12:50,115 INFO  [default]            source: Estimated
2026-09-01 21:12:50,115 INFO  [default]   cumulative: 9190
2026-09-01 21:12:50,115 INFO  [default]    inst rate: not used for this commodity code
2026-09-01 21:12:50,115 INFO  [default] commodity code: 7 - Present energy storage/take capacity (W-hr)
2026-09-01 21:12:50,115 INFO  [default]            source: Estimated
2026-09-01 21:12:50,116 INFO  [default]   cumulative: 3402
2026-09-01 21:12:50,116 INFO  [default]    inst rate: not used for this commodity code
2026-09-01 21:12:50,116 INFO  [default] commodity code: 10 - Advanced load up total energy storage/take capacity (W-hr)
2026-09-01 21:12:50,116 INFO  [default]            source: Estimated
2026-09-01 21:12:50,116 INFO  [default]   cumulative: 12371
2026-09-01 21:12:50,116 INFO  [default]    inst rate: not used for this commodity code
2026-09-01 21:12:50,116 INFO  [default] commodity code: 11 - Advanced load up present energy storage/take capacity (W-hr)
2026-09-01 21:12:50,116 INFO  [default]            source: Estimated
2026-09-01 21:12:50,116 INFO  [default]   cumulative: 6583
2026-09-01 21:12:50,116 INFO  [default]    inst rate: not used for this commodity code
2026-09-01 21:12:50,319 INFO  [default] link ACK received: query_operational_state
2026-09-01 21:12:50,443 INFO  [default] operational state received: 2

Press Enter for a list of commands
2026-09-01 21:13:19,704 INFO  [default] link ACK received: query_operational_state
2026-09-01 21:13:19,828 INFO  [default] operational state received: 2

Press Enter for a list of commands
2026-09-01 21:13:50,088 INFO  [default] link ACK received: get_commodity
2026-09-01 21:13:50,256 INFO  [default] message type supported received: 2
2026-09-01 21:13:50,257 INFO  [default] commodity response received. response code: 0 - success; count: 6
2026-09-01 21:13:50,257 INFO  [default] commodity code: 0 - Electricity consumed (W & W-hr)
2026-09-01 21:13:50,258 INFO  [default]            source: Estimated
2026-09-01 21:13:50,258 INFO  [default]   cumulative: 146000
2026-09-01 21:13:50,258 INFO  [default]    inst rate: 500
2026-09-01 21:13:50,258 INFO  [default] commodity code 8 - Rated max consumption level electricity (W) is not recorded in the commodity CSV
2026-09-01 21:13:50,258 INFO  [default] commodity code: 6 - Total energy storage/take capacity (W-hr)
2026-09-01 21:13:50,258 INFO  [default]            source: Estimated
2026-09-01 21:13:50,258 INFO  [default]   cumulative: 9190
2026-09-01 21:13:50,258 INFO  [default]    inst rate: not used for this commodity code
2026-09-01 21:13:50,259 INFO  [default] commodity code: 7 - Present energy storage/take capacity (W-hr)
2026-09-01 21:13:50,259 INFO  [default]            source: Estimated
2026-09-01 21:13:50,259 INFO  [default]   cumulative: 3380
2026-09-01 21:13:50,259 INFO  [default]    inst rate: not used for this commodity code
2026-09-01 21:13:50,259 INFO  [default] commodity code: 10 - Advanced load up total energy storage/take capacity (W-hr)
2026-09-01 21:13:50,259 INFO  [default]            source: Estimated
2026-09-01 21:13:50,259 INFO  [default]   cumulative: 12371
2026-09-01 21:13:50,259 INFO  [default]    inst rate: not used for this commodity code
2026-09-01 21:13:50,260 INFO  [default] commodity code: 11 - Advanced load up present energy storage/take capacity (W-hr)
2026-09-01 21:13:50,260 INFO  [default]            source: Estimated
2026-09-01 21:13:50,260 INFO  [default]   cumulative: 6561
2026-09-01 21:13:50,260 INFO  [default]    inst rate: not used for this commodity code
2026-09-01 21:13:50,462 INFO  [default] link ACK received: query_operational_state
2026-09-01 21:13:50,587 INFO  [default] operational state received: 2

Press Enter for a list of commands
2026-09-01 21:14:19,846 INFO  [default] link ACK received: query_operational_state
2026-09-01 21:14:19,969 INFO  [default] operational state received: 2

Press Enter for a list of commands
2026-09-01 21:14:49,226 INFO  [default] link ACK received: get_commodity
2026-09-01 21:14:49,395 INFO  [default] message type supported received: 2
2026-09-01 21:14:49,395 INFO  [default] commodity response received. response code: 0 - success; count: 6
2026-09-01 21:14:49,396 INFO  [default] commodity code: 0 - Electricity consumed (W & W-hr)
2026-09-01 21:14:49,396 INFO  [default]            source: Estimated
2026-09-01 21:14:49,396 INFO  [default]   cumulative: 146000
2026-09-01 21:14:49,396 INFO  [default]    inst rate: 500
2026-09-01 21:14:49,396 INFO  [default] commodity code 8 - Rated max consumption level electricity (W) is not recorded in the commodity CSV
2026-09-01 21:14:49,397 INFO  [default] commodity code: 6 - Total energy storage/take capacity (W-hr)
2026-09-01 21:14:49,397 INFO  [default]            source: Estimated
2026-09-01 21:14:49,397 INFO  [default]   cumulative: 9190
2026-09-01 21:14:49,397 INFO  [default]    inst rate: not used for this commodity code
2026-09-01 21:14:49,397 INFO  [default] commodity code: 7 - Present energy storage/take capacity (W-hr)
2026-09-01 21:14:49,397 INFO  [default]            source: Estimated
2026-09-01 21:14:49,397 INFO  [default]   cumulative: 3358
2026-09-01 21:14:49,397 INFO  [default]    inst rate: not used for this commodity code
2026-09-01 21:14:49,397 INFO  [default] commodity code: 10 - Advanced load up total energy storage/take capacity (W-hr)
2026-09-01 21:14:49,398 INFO  [default]            source: Estimated
2026-09-01 21:14:49,398 INFO  [default]   cumulative: 12371
2026-09-01 21:14:49,398 INFO  [default]    inst rate: not used for this commodity code
2026-09-01 21:14:49,398 INFO  [default] commodity code: 11 - Advanced load up present energy storage/take capacity (W-hr)
2026-09-01 21:14:49,398 INFO  [default]            source: Estimated
2026-09-01 21:14:49,398 INFO  [default]   cumulative: 6539
2026-09-01 21:14:49,398 INFO  [default]    inst rate: not used for this commodity code
2026-09-01 21:14:49,601 INFO  [default] link ACK received: query_operational_state
2026-09-01 21:14:49,725 INFO  [default] operational state received: 2

Press Enter for a list of commands
2026-09-01 21:15:19,987 INFO  [default] link ACK received: query_operational_state
2026-09-01 21:15:20,110 INFO  [default] operational state received: 2

Press Enter for a list of commands
2026-09-01 21:15:49,366 INFO  [default] link ACK received: get_commodity
2026-09-01 21:15:49,534 INFO  [default] message type supported received: 2
2026-09-01 21:15:49,534 INFO  [default] commodity response received. response code: 0 - success; count: 6
2026-09-01 21:15:49,534 INFO  [default] commodity code: 0 - Electricity consumed (W & W-hr)
2026-09-01 21:15:49,535 INFO  [default]            source: Estimated
2026-09-01 21:15:49,535 INFO  [default]   cumulative: 146000
2026-09-01 21:15:49,535 INFO  [default]    inst rate: 500
2026-09-01 21:15:49,535 INFO  [default] commodity code 8 - Rated max consumption level electricity (W) is not recorded in the commodity CSV
2026-09-01 21:15:49,535 INFO  [default] commodity code: 6 - Total energy storage/take capacity (W-hr)
2026-09-01 21:15:49,535 INFO  [default]            source: Estimated
2026-09-01 21:15:49,535 INFO  [default]   cumulative: 9190
2026-09-01 21:15:49,535 INFO  [default]    inst rate: not used for this commodity code
2026-09-01 21:15:49,535 INFO  [default] commodity code: 7 - Present energy storage/take capacity (W-hr)
2026-09-01 21:15:49,535 INFO  [default]            source: Estimated
2026-09-01 21:15:49,535 INFO  [default]   cumulative: 3291
2026-09-01 21:15:49,535 INFO  [default]    inst rate: not used for this commodity code
2026-09-01 21:15:49,535 INFO  [default] commodity code: 10 - Advanced load up total energy storage/take capacity (W-hr)
2026-09-01 21:15:49,535 INFO  [default]            source: Estimated
2026-09-01 21:15:49,536 INFO  [default]   cumulative: 12371
2026-09-01 21:15:49,536 INFO  [default]    inst rate: not used for this commodity code
2026-09-01 21:15:49,536 INFO  [default] commodity code: 11 - Advanced load up present energy storage/take capacity (W-hr)
2026-09-01 21:15:49,536 INFO  [default]            source: Estimated
2026-09-01 21:15:49,536 INFO  [default]   cumulative: 6473
2026-09-01 21:15:49,536 INFO  [default]    inst rate: not used for this commodity code
2026-09-01 21:15:49,739 INFO  [default] link ACK received: query_operational_state
2026-09-01 21:15:49,863 INFO  [default] operational state received: 2

Press Enter for a list of commands
2026-09-01 21:16:19,124 INFO  [default] link ACK received: query_operational_state
2026-09-01 21:16:19,247 INFO  [default] operational state received: 2

Press Enter for a list of commands
1788322609,o,0 (PASSED!)
outside communication found
2026-09-01 21:16:49,506 INFO  [default] link ACK received: outside_communication
2026-09-01 21:16:49,629 INFO  [default] app ack received
2026-09-01 21:16:49,833 INFO  [default] link ACK received: get_commodity
2026-09-01 21:16:50,001 INFO  [default] message type supported received: 2
2026-09-01 21:16:50,001 INFO  [default] commodity response received. response code: 0 - success; count: 6
2026-09-01 21:16:50,002 INFO  [default] commodity code: 0 - Electricity consumed (W & W-hr)
2026-09-01 21:16:50,002 INFO  [default]            source: Estimated
2026-09-01 21:16:50,002 INFO  [default]   cumulative: 146000
2026-09-01 21:16:50,002 INFO  [default]    inst rate: 500
2026-09-01 21:16:50,002 INFO  [default] commodity code 8 - Rated max consumption level electricity (W) is not recorded in the commodity CSV
2026-09-01 21:16:50,002 INFO  [default] commodity code: 6 - Total energy storage/take capacity (W-hr)
2026-09-01 21:16:50,003 INFO  [default]            source: Estimated
2026-09-01 21:16:50,003 INFO  [default]   cumulative: 9190
2026-09-01 21:16:50,003 INFO  [default]    inst rate: not used for this commodity code
2026-09-01 21:16:50,003 INFO  [default] commodity code: 7 - Present energy storage/take capacity (W-hr)
2026-09-01 21:16:50,003 INFO  [default]            source: Estimated
2026-09-01 21:16:50,003 INFO  [default]   cumulative: 3247
2026-09-01 21:16:50,003 INFO  [default]    inst rate: not used for this commodity code
2026-09-01 21:16:50,003 INFO  [default] commodity code: 10 - Advanced load up total energy storage/take capacity (W-hr)
2026-09-01 21:16:50,004 INFO  [default]            source: Estimated
2026-09-01 21:16:50,004 INFO  [default]   cumulative: 12371
2026-09-01 21:16:50,004 INFO  [default]    inst rate: not used for this commodity code
2026-09-01 21:16:50,004 INFO  [default] commodity code: 11 - Advanced load up present energy storage/take capacity (W-hr)
2026-09-01 21:16:50,004 INFO  [default]            source: Estimated
2026-09-01 21:16:50,004 INFO  [default]   cumulative: 6428
2026-09-01 21:16:50,004 INFO  [default]    inst rate: not used for this commodity code
2026-09-01 21:16:50,208 INFO  [default] link ACK received: query_operational_state
2026-09-01 21:16:50,332 INFO  [default] operational state received: 2

Press Enter for a list of commands
2026-09-01 21:17:19,593 INFO  [default] link ACK received: query_operational_state
2026-09-01 21:17:19,717 INFO  [default] operational state received: 2

Press Enter for a list of commands
2026-09-01 21:17:49,878 INFO  [default] link ACK received: get_commodity
2026-09-01 21:17:50,045 INFO  [default] message type supported received: 2
2026-09-01 21:17:50,046 INFO  [default] commodity response received. response code: 0 - success; count: 6
2026-09-01 21:17:50,046 INFO  [default] commodity code: 0 - Electricity consumed (W & W-hr)
2026-09-01 21:17:50,046 INFO  [default]            source: Estimated
2026-09-01 21:17:50,046 INFO  [default]   cumulative: 146000
2026-09-01 21:17:50,046 INFO  [default]    inst rate: 500
2026-09-01 21:17:50,046 INFO  [default] commodity code 8 - Rated max consumption level electricity (W) is not recorded in the commodity CSV
2026-09-01 21:17:50,047 INFO  [default] commodity code: 6 - Total energy storage/take capacity (W-hr)
2026-09-01 21:17:50,047 INFO  [default]            source: Estimated
2026-09-01 21:17:50,047 INFO  [default]   cumulative: 9190
2026-09-01 21:17:50,047 INFO  [default]    inst rate: not used for this commodity code
2026-09-01 21:17:50,047 INFO  [default] commodity code: 7 - Present energy storage/take capacity (W-hr)
2026-09-01 21:17:50,047 INFO  [default]            source: Estimated
2026-09-01 21:17:50,047 INFO  [default]   cumulative: 3203
2026-09-01 21:17:50,047 INFO  [default]    inst rate: not used for this commodity code
2026-09-01 21:17:50,047 INFO  [default] commodity code: 10 - Advanced load up total energy storage/take capacity (W-hr)
2026-09-01 21:17:50,047 INFO  [default]            source: Estimated
2026-09-01 21:17:50,047 INFO  [default]   cumulative: 12371
2026-09-01 21:17:50,048 INFO  [default]    inst rate: not used for this commodity code
2026-09-01 21:17:50,048 INFO  [default] commodity code: 11 - Advanced load up present energy storage/take capacity (W-hr)
2026-09-01 21:17:50,048 INFO  [default]            source: Estimated
2026-09-01 21:17:50,048 INFO  [default]   cumulative: 6384
2026-09-01 21:17:50,048 INFO  [default]    inst rate: not used for this commodity code
2026-09-01 21:17:50,250 INFO  [default] link ACK received: query_operational_state
2026-09-01 21:17:50,374 INFO  [default] operational state received: 2

Press Enter for a list of commands
2026-09-01 21:18:19,635 INFO  [default] link ACK received: query_operational_state
2026-09-01 21:18:19,758 INFO  [default] operational state received: 2

Press Enter for a list of commands
2026-09-01 21:18:50,016 INFO  [default] link ACK received: get_commodity
2026-09-01 21:18:50,186 INFO  [default] message type supported received: 2
2026-09-01 21:18:50,186 INFO  [default] commodity response received. response code: 0 - success; count: 6
2026-09-01 21:18:50,186 INFO  [default] commodity code: 0 - Electricity consumed (W & W-hr)
2026-09-01 21:18:50,186 INFO  [default]            source: Estimated
2026-09-01 21:18:50,186 INFO  [default]   cumulative: 146000
2026-09-01 21:18:50,187 INFO  [default]    inst rate: 500
2026-09-01 21:18:50,187 INFO  [default] commodity code 8 - Rated max consumption level electricity (W) is not recorded in the commodity CSV
2026-09-01 21:18:50,187 INFO  [default] commodity code: 6 - Total energy storage/take capacity (W-hr)
2026-09-01 21:18:50,187 INFO  [default]            source: Estimated
2026-09-01 21:18:50,187 INFO  [default]   cumulative: 9190
2026-09-01 21:18:50,187 INFO  [default]    inst rate: not used for this commodity code
2026-09-01 21:18:50,187 INFO  [default] commodity code: 7 - Present energy storage/take capacity (W-hr)
2026-09-01 21:18:50,187 INFO  [default]            source: Estimated
2026-09-01 21:18:50,187 INFO  [default]   cumulative: 3181
2026-09-01 21:18:50,187 INFO  [default]    inst rate: not used for this commodity code
2026-09-01 21:18:50,187 INFO  [default] commodity code: 10 - Advanced load up total energy storage/take capacity (W-hr)
2026-09-01 21:18:50,188 INFO  [default]            source: Estimated
2026-09-01 21:18:50,188 INFO  [default]   cumulative: 12371
2026-09-01 21:18:50,188 INFO  [default]    inst rate: not used for this commodity code
2026-09-01 21:18:50,188 INFO  [default] commodity code: 11 - Advanced load up present energy storage/take capacity (W-hr)
2026-09-01 21:18:50,188 INFO  [default]            source: Estimated
2026-09-01 21:18:50,188 INFO  [default]   cumulative: 6362
2026-09-01 21:18:50,188 INFO  [default]    inst rate: not used for this commodity code
2026-09-01 21:18:50,390 INFO  [default] link ACK received: query_operational_state
2026-09-01 21:18:50,515 INFO  [default] operational state received: 2

Press Enter for a list of commands
2026-09-01 21:19:19,775 INFO  [default] link ACK received: query_operational_state
2026-09-01 21:19:19,899 INFO  [default] operational state received: 2

Press Enter for a list of commands
2026-09-01 21:19:49,157 INFO  [default] link ACK received: get_commodity
2026-09-01 21:19:49,325 INFO  [default] message type supported received: 2
2026-09-01 21:19:49,326 INFO  [default] commodity response received. response code: 0 - success; count: 6
2026-09-01 21:19:49,326 INFO  [default] commodity code: 0 - Electricity consumed (W & W-hr)
2026-09-01 21:19:49,326 INFO  [default]            source: Estimated
2026-09-01 21:19:49,326 INFO  [default]   cumulative: 146000
2026-09-01 21:19:49,326 INFO  [default]    inst rate: 500
2026-09-01 21:19:49,327 INFO  [default] commodity code 8 - Rated max consumption level electricity (W) is not recorded in the commodity CSV
2026-09-01 21:19:49,327 INFO  [default] commodity code: 6 - Total energy storage/take capacity (W-hr)
2026-09-01 21:19:49,327 INFO  [default]            source: Estimated
2026-09-01 21:19:49,327 INFO  [default]   cumulative: 9190
2026-09-01 21:19:49,327 INFO  [default]    inst rate: not used for this commodity code
2026-09-01 21:19:49,327 INFO  [default] commodity code: 7 - Present energy storage/take capacity (W-hr)
2026-09-01 21:19:49,327 INFO  [default]            source: Estimated
2026-09-01 21:19:49,328 INFO  [default]   cumulative: 3137
2026-09-01 21:19:49,328 INFO  [default]    inst rate: not used for this commodity code
2026-09-01 21:19:49,328 INFO  [default] commodity code: 10 - Advanced load up total energy storage/take capacity (W-hr)
2026-09-01 21:19:49,328 INFO  [default]            source: Estimated
2026-09-01 21:19:49,328 INFO  [default]   cumulative: 12371
2026-09-01 21:19:49,328 INFO  [default]    inst rate: not used for this commodity code
2026-09-01 21:19:49,328 INFO  [default] commodity code: 11 - Advanced load up present energy storage/take capacity (W-hr)
2026-09-01 21:19:49,328 INFO  [default]            source: Estimated
2026-09-01 21:19:49,329 INFO  [default]   cumulative: 6318
2026-09-01 21:19:49,329 INFO  [default]    inst rate: not used for this commodity code
2026-09-01 21:19:49,531 INFO  [default] link ACK received: query_operational_state
2026-09-01 21:19:49,655 INFO  [default] operational state received: 2

Press Enter for a list of commands
2026-09-01 21:20:19,922 INFO  [default] link ACK received: query_operational_state
2026-09-01 21:20:20,045 INFO  [default] operational state received: 2

Press Enter for a list of commands
2026-09-01 21:20:49,302 INFO  [default] link ACK received: get_commodity
2026-09-01 21:20:49,471 INFO  [default] message type supported received: 2
2026-09-01 21:20:49,471 INFO  [default] commodity response received. response code: 0 - success; count: 6
2026-09-01 21:20:49,472 INFO  [default] commodity code: 0 - Electricity consumed (W & W-hr)
2026-09-01 21:20:49,472 INFO  [default]            source: Estimated
2026-09-01 21:20:49,472 INFO  [default]   cumulative: 146000
2026-09-01 21:20:49,472 INFO  [default]    inst rate: 500
2026-09-01 21:20:49,472 INFO  [default] commodity code 8 - Rated max consumption level electricity (W) is not recorded in the commodity CSV
2026-09-01 21:20:49,472 INFO  [default] commodity code: 6 - Total energy storage/take capacity (W-hr)
2026-09-01 21:20:49,472 INFO  [default]            source: Estimated
2026-09-01 21:20:49,472 INFO  [default]   cumulative: 9190
2026-09-01 21:20:49,472 INFO  [default]    inst rate: not used for this commodity code
2026-09-01 21:20:49,472 INFO  [default] commodity code: 7 - Present energy storage/take capacity (W-hr)
2026-09-01 21:20:49,472 INFO  [default]            source: Estimated
2026-09-01 21:20:49,473 INFO  [default]   cumulative: 3115
2026-09-01 21:20:49,473 INFO  [default]    inst rate: not used for this commodity code
2026-09-01 21:20:49,473 INFO  [default] commodity code: 10 - Advanced load up total energy storage/take capacity (W-hr)
2026-09-01 21:20:49,473 INFO  [default]            source: Estimated
2026-09-01 21:20:49,473 INFO  [default]   cumulative: 12371
2026-09-01 21:20:49,473 INFO  [default]    inst rate: not used for this commodity code
2026-09-01 21:20:49,473 INFO  [default] commodity code: 11 - Advanced load up present energy storage/take capacity (W-hr)
2026-09-01 21:20:49,473 INFO  [default]            source: Estimated
2026-09-01 21:20:49,473 INFO  [default]   cumulative: 6296
2026-09-01 21:20:49,473 INFO  [default]    inst rate: not used for this commodity code
2026-09-01 21:20:49,677 INFO  [default] link ACK received: query_operational_state
2026-09-01 21:20:49,800 INFO  [default] operational state received: 2

Press Enter for a list of commands
2026-09-01 21:21:20,065 INFO  [default] link ACK received: query_operational_state
2026-09-01 21:21:20,189 INFO  [default] operational state received: 2

Press Enter for a list of commands
2026-09-01 21:21:49,347 INFO  [default] link ACK received: get_commodity
2026-09-01 21:21:49,516 INFO  [default] message type supported received: 2
2026-09-01 21:21:49,516 INFO  [default] commodity response received. response code: 0 - success; count: 6
2026-09-01 21:21:49,517 INFO  [default] commodity code: 0 - Electricity consumed (W & W-hr)
2026-09-01 21:21:49,517 INFO  [default]            source: Estimated
2026-09-01 21:21:49,517 INFO  [default]   cumulative: 146000
2026-09-01 21:21:49,518 INFO  [default]    inst rate: 500
2026-09-01 21:21:49,518 INFO  [default] commodity code 8 - Rated max consumption level electricity (W) is not recorded in the commodity CSV
2026-09-01 21:21:49,518 INFO  [default] commodity code: 6 - Total energy storage/take capacity (W-hr)
2026-09-01 21:21:49,518 INFO  [default]            source: Estimated
2026-09-01 21:21:49,518 INFO  [default]   cumulative: 9190
2026-09-01 21:21:49,518 INFO  [default]    inst rate: not used for this commodity code
2026-09-01 21:21:49,518 INFO  [default] commodity code: 7 - Present energy storage/take capacity (W-hr)
2026-09-01 21:21:49,518 INFO  [default]            source: Estimated
2026-09-01 21:21:49,519 INFO  [default]   cumulative: 3092
2026-09-01 21:21:49,519 INFO  [default]    inst rate: not used for this commodity code
2026-09-01 21:21:49,519 INFO  [default] commodity code: 10 - Advanced load up total energy storage/take capacity (W-hr)
2026-09-01 21:21:49,519 INFO  [default]            source: Estimated
2026-09-01 21:21:49,519 INFO  [default]   cumulative: 12371
2026-09-01 21:21:49,519 INFO  [default]    inst rate: not used for this commodity code
2026-09-01 21:21:49,519 INFO  [default] commodity code: 11 - Advanced load up present energy storage/take capacity (W-hr)
2026-09-01 21:21:49,519 INFO  [default]            source: Estimated
2026-09-01 21:21:49,519 INFO  [default]   cumulative: 6274
2026-09-01 21:21:49,520 INFO  [default]    inst rate: not used for this commodity code
2026-09-01 21:21:49,722 INFO  [default] link ACK received: query_operational_state
2026-09-01 21:21:49,846 INFO  [default] operational state received: 2

Press Enter for a list of commands
2026-09-01 21:22:19,106 INFO  [default] link ACK received: query_operational_state
2026-09-01 21:22:19,230 INFO  [default] operational state received: 2

Press Enter for a list of commands
2026-09-01 21:22:49,488 INFO  [default] link ACK received: get_commodity
2026-09-01 21:22:49,656 INFO  [default] message type supported received: 2
2026-09-01 21:22:49,657 INFO  [default] commodity response received. response code: 0 - success; count: 6
2026-09-01 21:22:49,657 INFO  [default] commodity code: 0 - Electricity consumed (W & W-hr)
2026-09-01 21:22:49,657 INFO  [default]            source: Estimated
2026-09-01 21:22:49,657 INFO  [default]   cumulative: 146000
2026-09-01 21:22:49,657 INFO  [default]    inst rate: 500
2026-09-01 21:22:49,658 INFO  [default] commodity code 8 - Rated max consumption level electricity (W) is not recorded in the commodity CSV
2026-09-01 21:22:49,658 INFO  [default] commodity code: 6 - Total energy storage/take capacity (W-hr)
2026-09-01 21:22:49,658 INFO  [default]            source: Estimated
2026-09-01 21:22:49,658 INFO  [default]   cumulative: 9190
2026-09-01 21:22:49,658 INFO  [default]    inst rate: not used for this commodity code
2026-09-01 21:22:49,658 INFO  [default] commodity code: 7 - Present energy storage/take capacity (W-hr)
2026-09-01 21:22:49,658 INFO  [default]            source: Estimated
2026-09-01 21:22:49,658 INFO  [default]   cumulative: 3026
2026-09-01 21:22:49,658 INFO  [default]    inst rate: not used for this commodity code
2026-09-01 21:22:49,659 INFO  [default] commodity code: 10 - Advanced load up total energy storage/take capacity (W-hr)
2026-09-01 21:22:49,659 INFO  [default]            source: Estimated
2026-09-01 21:22:49,659 INFO  [default]   cumulative: 12371
2026-09-01 21:22:49,659 INFO  [default]    inst rate: not used for this commodity code
2026-09-01 21:22:49,659 INFO  [default] commodity code: 11 - Advanced load up present energy storage/take capacity (W-hr)
2026-09-01 21:22:49,659 INFO  [default]            source: Estimated
2026-09-01 21:22:49,659 INFO  [default]   cumulative: 6208
2026-09-01 21:22:49,659 INFO  [default]    inst rate: not used for this commodity code
2026-09-01 21:22:49,862 INFO  [default] link ACK received: query_operational_state
2026-09-01 21:22:49,985 INFO  [default] operational state received: 2

Press Enter for a list of commands
2026-09-01 21:23:19,247 INFO  [default] link ACK received: query_operational_state
2026-09-01 21:23:19,370 INFO  [default] operational state received: 2

Press Enter for a list of commands
2026-09-01 21:23:49,628 INFO  [default] link ACK received: get_commodity
2026-09-01 21:23:49,797 INFO  [default] message type supported received: 2
2026-09-01 21:23:49,797 INFO  [default] commodity response received. response code: 0 - success; count: 6
2026-09-01 21:23:49,798 INFO  [default] commodity code: 0 - Electricity consumed (W & W-hr)
2026-09-01 21:23:49,798 INFO  [default]            source: Estimated
2026-09-01 21:23:49,798 INFO  [default]   cumulative: 146000
2026-09-01 21:23:49,798 INFO  [default]    inst rate: 500
2026-09-01 21:23:49,798 INFO  [default] commodity code 8 - Rated max consumption level electricity (W) is not recorded in the commodity CSV
2026-09-01 21:23:49,798 INFO  [default] commodity code: 6 - Total energy storage/take capacity (W-hr)
2026-09-01 21:23:49,798 INFO  [default]            source: Estimated
2026-09-01 21:23:49,799 INFO  [default]   cumulative: 9190
2026-09-01 21:23:49,799 INFO  [default]    inst rate: not used for this commodity code
2026-09-01 21:23:49,799 INFO  [default] commodity code: 7 - Present energy storage/take capacity (W-hr)
2026-09-01 21:23:49,799 INFO  [default]            source: Estimated
2026-09-01 21:23:49,799 INFO  [default]   cumulative: 3004
2026-09-01 21:23:49,799 INFO  [default]    inst rate: not used for this commodity code
2026-09-01 21:23:49,799 INFO  [default] commodity code: 10 - Advanced load up total energy storage/take capacity (W-hr)
2026-09-01 21:23:49,799 INFO  [default]            source: Estimated
2026-09-01 21:23:49,799 INFO  [default]   cumulative: 12371
2026-09-01 21:23:49,800 INFO  [default]    inst rate: not used for this commodity code
2026-09-01 21:23:49,800 INFO  [default] commodity code: 11 - Advanced load up present energy storage/take capacity (W-hr)
2026-09-01 21:23:49,800 INFO  [default]            source: Estimated
2026-09-01 21:23:49,800 INFO  [default]   cumulative: 6185
2026-09-01 21:23:49,800 INFO  [default]    inst rate: not used for this commodity code
2026-09-01 21:23:50,003 INFO  [default] link ACK received: query_operational_state
2026-09-01 21:23:50,127 INFO  [default] operational state received: 2

Press Enter for a list of commands
2026-09-01 21:24:19,385 INFO  [default] link ACK received: query_operational_state
2026-09-01 21:24:19,509 INFO  [default] operational state received: 2

Press Enter for a list of commands
2026-09-01 21:24:49,765 INFO  [default] link ACK received: get_commodity
2026-09-01 21:24:49,935 INFO  [default] message type supported received: 2
2026-09-01 21:24:49,935 INFO  [default] commodity response received. response code: 0 - success; count: 6
2026-09-01 21:24:49,935 INFO  [default] commodity code: 0 - Electricity consumed (W & W-hr)
2026-09-01 21:24:49,935 INFO  [default]            source: Estimated
2026-09-01 21:24:49,936 INFO  [default]   cumulative: 146000
2026-09-01 21:24:49,936 INFO  [default]    inst rate: 500
2026-09-01 21:24:49,936 INFO  [default] commodity code 8 - Rated max consumption level electricity (W) is not recorded in the commodity CSV
2026-09-01 21:24:49,936 INFO  [default] commodity code: 6 - Total energy storage/take capacity (W-hr)
2026-09-01 21:24:49,936 INFO  [default]            source: Estimated
2026-09-01 21:24:49,936 INFO  [default]   cumulative: 9190
2026-09-01 21:24:49,936 INFO  [default]    inst rate: not used for this commodity code
2026-09-01 21:24:49,936 INFO  [default] commodity code: 7 - Present energy storage/take capacity (W-hr)
2026-09-01 21:24:49,936 INFO  [default]            source: Estimated
2026-09-01 21:24:49,936 INFO  [default]   cumulative: 2960
2026-09-01 21:24:49,936 INFO  [default]    inst rate: not used for this commodity code
2026-09-01 21:24:49,936 INFO  [default] commodity code: 10 - Advanced load up total energy storage/take capacity (W-hr)
2026-09-01 21:24:49,936 INFO  [default]            source: Estimated
2026-09-01 21:24:49,936 INFO  [default]   cumulative: 12371
2026-09-01 21:24:49,937 INFO  [default]    inst rate: not used for this commodity code
2026-09-01 21:24:49,937 INFO  [default] commodity code: 11 - Advanced load up present energy storage/take capacity (W-hr)
2026-09-01 21:24:49,937 INFO  [default]            source: Estimated
2026-09-01 21:24:49,937 INFO  [default]   cumulative: 6141
2026-09-01 21:24:49,937 INFO  [default]    inst rate: not used for this commodity code
2026-09-01 21:24:50,140 INFO  [default] link ACK received: query_operational_state
2026-09-01 21:24:50,264 INFO  [default] operational state received: 2

Press Enter for a list of commands
2026-09-01 21:25:19,526 INFO  [default] link ACK received: query_operational_state
2026-09-01 21:25:19,649 INFO  [default] operational state received: 2

Press Enter for a list of commands
2026-09-01 21:25:49,908 INFO  [default] link ACK received: get_commodity
2026-09-01 21:25:50,078 INFO  [default] message type supported received: 2
2026-09-01 21:25:50,078 INFO  [default] commodity response received. response code: 0 - success; count: 6
2026-09-01 21:25:50,079 INFO  [default] commodity code: 0 - Electricity consumed (W & W-hr)
2026-09-01 21:25:50,079 INFO  [default]            source: Estimated
2026-09-01 21:25:50,079 INFO  [default]   cumulative: 146000
2026-09-01 21:25:50,079 INFO  [default]    inst rate: 500
2026-09-01 21:25:50,079 INFO  [default] commodity code 8 - Rated max consumption level electricity (W) is not recorded in the commodity CSV
2026-09-01 21:25:50,079 INFO  [default] commodity code: 6 - Total energy storage/take capacity (W-hr)
2026-09-01 21:25:50,080 INFO  [default]            source: Estimated
2026-09-01 21:25:50,080 INFO  [default]   cumulative: 9190
2026-09-01 21:25:50,080 INFO  [default]    inst rate: not used for this commodity code
2026-09-01 21:25:50,080 INFO  [default] commodity code: 7 - Present energy storage/take capacity (W-hr)
2026-09-01 21:25:50,080 INFO  [default]            source: Estimated
2026-09-01 21:25:50,080 INFO  [default]   cumulative: 2916
2026-09-01 21:25:50,080 INFO  [default]    inst rate: not used for this commodity code
2026-09-01 21:25:50,080 INFO  [default] commodity code: 10 - Advanced load up total energy storage/take capacity (W-hr)
2026-09-01 21:25:50,080 INFO  [default]            source: Estimated
2026-09-01 21:25:50,080 INFO  [default]   cumulative: 12371
2026-09-01 21:25:50,081 INFO  [default]    inst rate: not used for this commodity code
2026-09-01 21:25:50,081 INFO  [default] commodity code: 11 - Advanced load up present energy storage/take capacity (W-hr)
2026-09-01 21:25:50,081 INFO  [default]            source: Estimated
2026-09-01 21:25:50,081 INFO  [default]   cumulative: 6097
2026-09-01 21:25:50,081 INFO  [default]    inst rate: not used for this commodity code
2026-09-01 21:25:50,285 INFO  [default] link ACK received: query_operational_state
2026-09-01 21:25:50,409 INFO  [default] operational state received: 2

Press Enter for a list of commands
2026-09-01 21:26:19,674 INFO  [default] link ACK received: query_operational_state
2026-09-01 21:26:19,799 INFO  [default] operational state received: 2

Press Enter for a list of commands
1788323209,o,0 (PASSED!)
outside communication found
2026-09-01 21:26:50,057 INFO  [default] link ACK received: outside_communication
2026-09-01 21:26:50,180 INFO  [default] app ack received
2026-09-01 21:26:50,383 INFO  [default] link ACK received: get_commodity
2026-09-01 21:26:50,551 INFO  [default] message type supported received: 2
2026-09-01 21:26:50,552 INFO  [default] commodity response received. response code: 0 - success; count: 6
2026-09-01 21:26:50,552 INFO  [default] commodity code: 0 - Electricity consumed (W & W-hr)
2026-09-01 21:26:50,552 INFO  [default]            source: Estimated
2026-09-01 21:26:50,553 INFO  [default]   cumulative: 146000
2026-09-01 21:26:50,553 INFO  [default]    inst rate: 500
2026-09-01 21:26:50,553 INFO  [default] commodity code 8 - Rated max consumption level electricity (W) is not recorded in the commodity CSV
2026-09-01 21:26:50,553 INFO  [default] commodity code: 6 - Total energy storage/take capacity (W-hr)
2026-09-01 21:26:50,553 INFO  [default]            source: Estimated
2026-09-01 21:26:50,553 INFO  [default]   cumulative: 9190
2026-09-01 21:26:50,553 INFO  [default]    inst rate: not used for this commodity code
2026-09-01 21:26:50,554 INFO  [default] commodity code: 7 - Present energy storage/take capacity (W-hr)
2026-09-01 21:26:50,554 INFO  [default]            source: Estimated
2026-09-01 21:26:50,554 INFO  [default]   cumulative: 2872
2026-09-01 21:26:50,554 INFO  [default]    inst rate: not used for this commodity code
2026-09-01 21:26:50,554 INFO  [default] commodity code: 10 - Advanced load up total energy storage/take capacity (W-hr)
2026-09-01 21:26:50,554 INFO  [default]            source: Estimated
2026-09-01 21:26:50,554 INFO  [default]   cumulative: 12371
2026-09-01 21:26:50,554 INFO  [default]    inst rate: not used for this commodity code
2026-09-01 21:26:50,555 INFO  [default] commodity code: 11 - Advanced load up present energy storage/take capacity (W-hr)
2026-09-01 21:26:50,555 INFO  [default]            source: Estimated
2026-09-01 21:26:50,555 INFO  [default]   cumulative: 6053
2026-09-01 21:26:50,555 INFO  [default]    inst rate: not used for this commodity code
2026-09-01 21:26:50,758 INFO  [default] link ACK received: query_operational_state
2026-09-01 21:26:50,881 INFO  [default] operational state received: 2

Press Enter for a list of commands
2026-09-01 21:27:19,138 INFO  [default] link ACK received: query_operational_state
2026-09-01 21:27:19,263 INFO  [default] operational state received: 2

Press Enter for a list of commands
2026-09-01 21:27:49,521 INFO  [default] link ACK received: get_commodity
2026-09-01 21:27:49,689 INFO  [default] message type supported received: 2
2026-09-01 21:27:49,690 INFO  [default] commodity response received. response code: 0 - success; count: 6
2026-09-01 21:27:49,690 INFO  [default] commodity code: 0 - Electricity consumed (W & W-hr)
2026-09-01 21:27:49,690 INFO  [default]            source: Estimated
2026-09-01 21:27:49,690 INFO  [default]   cumulative: 146000
2026-09-01 21:27:49,691 INFO  [default]    inst rate: 500
2026-09-01 21:27:49,691 INFO  [default] commodity code 8 - Rated max consumption level electricity (W) is not recorded in the commodity CSV
2026-09-01 21:27:49,691 INFO  [default] commodity code: 6 - Total energy storage/take capacity (W-hr)
2026-09-01 21:27:49,691 INFO  [default]            source: Estimated
2026-09-01 21:27:49,691 INFO  [default]   cumulative: 9190
2026-09-01 21:27:49,691 INFO  [default]    inst rate: not used for this commodity code
2026-09-01 21:27:49,691 INFO  [default] commodity code: 7 - Present energy storage/take capacity (W-hr)
2026-09-01 21:27:49,692 INFO  [default]            source: Estimated
2026-09-01 21:27:49,692 INFO  [default]   cumulative: 2827
2026-09-01 21:27:49,692 INFO  [default]    inst rate: not used for this commodity code
2026-09-01 21:27:49,692 INFO  [default] commodity code: 10 - Advanced load up total energy storage/take capacity (W-hr)
2026-09-01 21:27:49,692 INFO  [default]            source: Estimated
2026-09-01 21:27:49,692 INFO  [default]   cumulative: 12371
2026-09-01 21:27:49,692 INFO  [default]    inst rate: not used for this commodity code
2026-09-01 21:27:49,692 INFO  [default] commodity code: 11 - Advanced load up present energy storage/take capacity (W-hr)
2026-09-01 21:27:49,692 INFO  [default]            source: Estimated
2026-09-01 21:27:49,693 INFO  [default]   cumulative: 6009
2026-09-01 21:27:49,693 INFO  [default]    inst rate: not used for this commodity code
2026-09-01 21:27:49,898 INFO  [default] link ACK received: query_operational_state
2026-09-01 21:27:50,021 INFO  [default] operational state received: 2

Press Enter for a list of commands
2026-09-01 21:28:19,281 INFO  [default] link ACK received: query_operational_state
2026-09-01 21:28:19,404 INFO  [default] operational state received: 2

Press Enter for a list of commands
2026-09-01 21:28:49,661 INFO  [default] link ACK received: get_commodity
2026-09-01 21:28:49,830 INFO  [default] message type supported received: 2
2026-09-01 21:28:49,830 INFO  [default] commodity response received. response code: 0 - success; count: 6
2026-09-01 21:28:49,831 INFO  [default] commodity code: 0 - Electricity consumed (W & W-hr)
2026-09-01 21:28:49,831 INFO  [default]            source: Estimated
2026-09-01 21:28:49,831 INFO  [default]   cumulative: 146000
2026-09-01 21:28:49,831 INFO  [default]    inst rate: 500
2026-09-01 21:28:49,831 INFO  [default] commodity code 8 - Rated max consumption level electricity (W) is not recorded in the commodity CSV
2026-09-01 21:28:49,831 INFO  [default] commodity code: 6 - Total energy storage/take capacity (W-hr)
2026-09-01 21:28:49,831 INFO  [default]            source: Estimated
2026-09-01 21:28:49,831 INFO  [default]   cumulative: 9190
2026-09-01 21:28:49,831 INFO  [default]    inst rate: not used for this commodity code
2026-09-01 21:28:49,831 INFO  [default] commodity code: 7 - Present energy storage/take capacity (W-hr)
2026-09-01 21:28:49,831 INFO  [default]            source: Estimated
2026-09-01 21:28:49,831 INFO  [default]   cumulative: 2827
2026-09-01 21:28:49,831 INFO  [default]    inst rate: not used for this commodity code
2026-09-01 21:28:49,832 INFO  [default] commodity code: 10 - Advanced load up total energy storage/take capacity (W-hr)
2026-09-01 21:28:49,832 INFO  [default]            source: Estimated
2026-09-01 21:28:49,832 INFO  [default]   cumulative: 12371
2026-09-01 21:28:49,832 INFO  [default]    inst rate: not used for this commodity code
2026-09-01 21:28:49,832 INFO  [default] commodity code: 11 - Advanced load up present energy storage/take capacity (W-hr)
2026-09-01 21:28:49,832 INFO  [default]            source: Estimated
2026-09-01 21:28:49,832 INFO  [default]   cumulative: 6009
2026-09-01 21:28:49,832 INFO  [default]    inst rate: not used for this commodity code
2026-09-01 21:28:50,035 INFO  [default] link ACK received: query_operational_state
2026-09-01 21:28:50,160 INFO  [default] operational state received: 2

Press Enter for a list of commands
2026-09-01 21:29:19,420 INFO  [default] link ACK received: query_operational_state
2026-09-01 21:29:19,543 INFO  [default] operational state received: 2

Press Enter for a list of commands
2026-09-01 21:29:49,801 INFO  [default] link ACK received: get_commodity
2026-09-01 21:29:49,969 INFO  [default] message type supported received: 2
2026-09-01 21:29:49,970 INFO  [default] commodity response received. response code: 0 - success; count: 6
2026-09-01 21:29:49,970 INFO  [default] commodity code: 0 - Electricity consumed (W & W-hr)
2026-09-01 21:29:49,971 INFO  [default]            source: Estimated
2026-09-01 21:29:49,971 INFO  [default]   cumulative: 146000
2026-09-01 21:29:49,971 INFO  [default]    inst rate: 500
2026-09-01 21:29:49,971 INFO  [default] commodity code 8 - Rated max consumption level electricity (W) is not recorded in the commodity CSV
2026-09-01 21:29:49,971 INFO  [default] commodity code: 6 - Total energy storage/take capacity (W-hr)
2026-09-01 21:29:49,971 INFO  [default]            source: Estimated
2026-09-01 21:29:49,971 INFO  [default]   cumulative: 9190
2026-09-01 21:29:49,971 INFO  [default]    inst rate: not used for this commodity code
2026-09-01 21:29:49,972 INFO  [default] commodity code: 7 - Present energy storage/take capacity (W-hr)
2026-09-01 21:29:49,972 INFO  [default]            source: Estimated
2026-09-01 21:29:49,972 INFO  [default]   cumulative: 2761
2026-09-01 21:29:49,972 INFO  [default]    inst rate: not used for this commodity code
2026-09-01 21:29:49,972 INFO  [default] commodity code: 10 - Advanced load up total energy storage/take capacity (W-hr)
2026-09-01 21:29:49,972 INFO  [default]            source: Estimated
2026-09-01 21:29:49,972 INFO  [default]   cumulative: 12371
2026-09-01 21:29:49,972 INFO  [default]    inst rate: not used for this commodity code
2026-09-01 21:29:49,973 INFO  [default] commodity code: 11 - Advanced load up present energy storage/take capacity (W-hr)
2026-09-01 21:29:49,973 INFO  [default]            source: Estimated
2026-09-01 21:29:49,973 INFO  [default]   cumulative: 5942
2026-09-01 21:29:49,973 INFO  [default]    inst rate: not used for this commodity code
2026-09-01 21:29:50,177 INFO  [default] link ACK received: query_operational_state
2026-09-01 21:29:50,301 INFO  [default] operational state received: 2

Press Enter for a list of commands
2026-09-01 21:30:19,556 INFO  [default] link ACK received: query_operational_state
2026-09-01 21:30:19,679 INFO  [default] operational state received: 2

Press Enter for a list of commands
2026-09-01 21:30:49,936 INFO  [default] link ACK received: get_commodity
2026-09-01 21:30:50,104 INFO  [default] message type supported received: 2
2026-09-01 21:30:50,104 INFO  [default] commodity response received. response code: 0 - success; count: 6
2026-09-01 21:30:50,105 INFO  [default] commodity code: 0 - Electricity consumed (W & W-hr)
2026-09-01 21:30:50,105 INFO  [default]            source: Estimated
2026-09-01 21:30:50,105 INFO  [default]   cumulative: 146000
2026-09-01 21:30:50,105 INFO  [default]    inst rate: 500
2026-09-01 21:30:50,105 INFO  [default] commodity code 8 - Rated max consumption level electricity (W) is not recorded in the commodity CSV
2026-09-01 21:30:50,106 INFO  [default] commodity code: 6 - Total energy storage/take capacity (W-hr)
2026-09-01 21:30:50,106 INFO  [default]            source: Estimated
2026-09-01 21:30:50,106 INFO  [default]   cumulative: 9190
2026-09-01 21:30:50,106 INFO  [default]    inst rate: not used for this commodity code
2026-09-01 21:30:50,106 INFO  [default] commodity code: 7 - Present energy storage/take capacity (W-hr)
2026-09-01 21:30:50,106 INFO  [default]            source: Estimated
2026-09-01 21:30:50,106 INFO  [default]   cumulative: 2739
2026-09-01 21:30:50,106 INFO  [default]    inst rate: not used for this commodity code
2026-09-01 21:30:50,106 INFO  [default] commodity code: 10 - Advanced load up total energy storage/take capacity (W-hr)
2026-09-01 21:30:50,106 INFO  [default]            source: Estimated
2026-09-01 21:30:50,107 INFO  [default]   cumulative: 12371
2026-09-01 21:30:50,107 INFO  [default]    inst rate: not used for this commodity code
2026-09-01 21:30:50,107 INFO  [default] commodity code: 11 - Advanced load up present energy storage/take capacity (W-hr)
2026-09-01 21:30:50,107 INFO  [default]            source: Estimated
2026-09-01 21:30:50,107 INFO  [default]   cumulative: 5920
2026-09-01 21:30:50,107 INFO  [default]    inst rate: not used for this commodity code
2026-09-01 21:30:50,309 INFO  [default] link ACK received: query_operational_state
2026-09-01 21:30:50,433 INFO  [default] operational state received: 2

Press Enter for a list of commands
2026-09-01 21:31:19,696 INFO  [default] link ACK received: query_operational_state
2026-09-01 21:31:19,819 INFO  [default] operational state received: 2

Press Enter for a list of commands
2026-09-01 21:31:50,078 INFO  [default] link ACK received: get_commodity
2026-09-01 21:31:50,247 INFO  [default] message type supported received: 2
2026-09-01 21:31:50,247 INFO  [default] commodity response received. response code: 0 - success; count: 6
2026-09-01 21:31:50,248 INFO  [default] commodity code: 0 - Electricity consumed (W & W-hr)
2026-09-01 21:31:50,248 INFO  [default]            source: Estimated
2026-09-01 21:31:50,248 INFO  [default]   cumulative: 146000
2026-09-01 21:31:50,248 INFO  [default]    inst rate: 500
2026-09-01 21:31:50,248 INFO  [default] commodity code 8 - Rated max consumption level electricity (W) is not recorded in the commodity CSV
2026-09-01 21:31:50,248 INFO  [default] commodity code: 6 - Total energy storage/take capacity (W-hr)
2026-09-01 21:31:50,249 INFO  [default]            source: Estimated
2026-09-01 21:31:50,249 INFO  [default]   cumulative: 9190
2026-09-01 21:31:50,249 INFO  [default]    inst rate: not used for this commodity code
2026-09-01 21:31:50,249 INFO  [default] commodity code: 7 - Present energy storage/take capacity (W-hr)
2026-09-01 21:31:50,249 INFO  [default]            source: Estimated
2026-09-01 21:31:50,249 INFO  [default]   cumulative: 2695
2026-09-01 21:31:50,249 INFO  [default]    inst rate: not used for this commodity code
2026-09-01 21:31:50,249 INFO  [default] commodity code: 10 - Advanced load up total energy storage/take capacity (W-hr)
2026-09-01 21:31:50,249 INFO  [default]            source: Estimated
2026-09-01 21:31:50,249 INFO  [default]   cumulative: 12371
2026-09-01 21:31:50,249 INFO  [default]    inst rate: not used for this commodity code
2026-09-01 21:31:50,250 INFO  [default] commodity code: 11 - Advanced load up present energy storage/take capacity (W-hr)
2026-09-01 21:31:50,250 INFO  [default]            source: Estimated
2026-09-01 21:31:50,250 INFO  [default]   cumulative: 5876
2026-09-01 21:31:50,250 INFO  [default]    inst rate: not used for this commodity code
2026-09-01 21:31:50,452 INFO  [default] link ACK received: query_operational_state
2026-09-01 21:31:50,576 INFO  [default] operational state received: 2

Press Enter for a list of commands
2026-09-01 21:32:19,835 INFO  [default] link ACK received: query_operational_state
2026-09-01 21:32:19,958 INFO  [default] operational state received: 2

Press Enter for a list of commands
2026-09-01 21:32:49,116 INFO  [default] link ACK received: get_commodity
2026-09-01 21:32:49,284 INFO  [default] message type supported received: 2
2026-09-01 21:32:49,285 INFO  [default] commodity response received. response code: 0 - success; count: 6
2026-09-01 21:32:49,285 INFO  [default] commodity code: 0 - Electricity consumed (W & W-hr)
2026-09-01 21:32:49,285 INFO  [default]            source: Estimated
2026-09-01 21:32:49,285 INFO  [default]   cumulative: 146000
2026-09-01 21:32:49,285 INFO  [default]    inst rate: 500
2026-09-01 21:32:49,285 INFO  [default] commodity code 8 - Rated max consumption level electricity (W) is not recorded in the commodity CSV
2026-09-01 21:32:49,285 INFO  [default] commodity code: 6 - Total energy storage/take capacity (W-hr)
2026-09-01 21:32:49,286 INFO  [default]            source: Estimated
2026-09-01 21:32:49,286 INFO  [default]   cumulative: 9190
2026-09-01 21:32:49,286 INFO  [default]    inst rate: not used for this commodity code
2026-09-01 21:32:49,286 INFO  [default] commodity code: 7 - Present energy storage/take capacity (W-hr)
2026-09-01 21:32:49,286 INFO  [default]            source: Estimated
2026-09-01 21:32:49,286 INFO  [default]   cumulative: 2651
2026-09-01 21:32:49,286 INFO  [default]    inst rate: not used for this commodity code
2026-09-01 21:32:49,286 INFO  [default] commodity code: 10 - Advanced load up total energy storage/take capacity (W-hr)
2026-09-01 21:32:49,286 INFO  [default]            source: Estimated
2026-09-01 21:32:49,286 INFO  [default]   cumulative: 12371
2026-09-01 21:32:49,286 INFO  [default]    inst rate: not used for this commodity code
2026-09-01 21:32:49,286 INFO  [default] commodity code: 11 - Advanced load up present energy storage/take capacity (W-hr)
2026-09-01 21:32:49,286 INFO  [default]            source: Estimated
2026-09-01 21:32:49,287 INFO  [default]   cumulative: 5832
2026-09-01 21:32:49,287 INFO  [default]    inst rate: not used for this commodity code
2026-09-01 21:32:49,489 INFO  [default] link ACK received: query_operational_state
2026-09-01 21:32:49,614 INFO  [default] operational state received: 2

Press Enter for a list of commands
2026-09-01 21:33:19,876 INFO  [default] link ACK received: query_operational_state
2026-09-01 21:33:19,999 INFO  [default] operational state received: 2

Press Enter for a list of commands
2026-09-01 21:33:49,255 INFO  [default] link ACK received: get_commodity
2026-09-01 21:33:49,422 INFO  [default] message type supported received: 2
2026-09-01 21:33:49,423 INFO  [default] commodity response received. response code: 0 - success; count: 6
2026-09-01 21:33:49,423 INFO  [default] commodity code: 0 - Electricity consumed (W & W-hr)
2026-09-01 21:33:49,423 INFO  [default]            source: Estimated
2026-09-01 21:33:49,423 INFO  [default]   cumulative: 146000
2026-09-01 21:33:49,424 INFO  [default]    inst rate: 500
2026-09-01 21:33:49,424 INFO  [default] commodity code 8 - Rated max consumption level electricity (W) is not recorded in the commodity CSV
2026-09-01 21:33:49,424 INFO  [default] commodity code: 6 - Total energy storage/take capacity (W-hr)
2026-09-01 21:33:49,424 INFO  [default]            source: Estimated
2026-09-01 21:33:49,424 INFO  [default]   cumulative: 9190
2026-09-01 21:33:49,424 INFO  [default]    inst rate: not used for this commodity code
2026-09-01 21:33:49,424 INFO  [default] commodity code: 7 - Present energy storage/take capacity (W-hr)
2026-09-01 21:33:49,424 INFO  [default]            source: Estimated
2026-09-01 21:33:49,424 INFO  [default]   cumulative: 2606
2026-09-01 21:33:49,425 INFO  [default]    inst rate: not used for this commodity code
2026-09-01 21:33:49,425 INFO  [default] commodity code: 10 - Advanced load up total energy storage/take capacity (W-hr)
2026-09-01 21:33:49,425 INFO  [default]            source: Estimated
2026-09-01 21:33:49,425 INFO  [default]   cumulative: 12371
2026-09-01 21:33:49,425 INFO  [default]    inst rate: not used for this commodity code
2026-09-01 21:33:49,425 INFO  [default] commodity code: 11 - Advanced load up present energy storage/take capacity (W-hr)
2026-09-01 21:33:49,425 INFO  [default]            source: Estimated
2026-09-01 21:33:49,425 INFO  [default]   cumulative: 5788
2026-09-01 21:33:49,426 INFO  [default]    inst rate: not used for this commodity code
2026-09-01 21:33:49,629 INFO  [default] link ACK received: query_operational_state
2026-09-01 21:33:49,754 INFO  [default] operational state received: 2

Press Enter for a list of commands
2026-09-01 21:34:20,016 INFO  [default] link ACK received: query_operational_state
2026-09-01 21:34:20,140 INFO  [default] operational state received: 2

Press Enter for a list of commands
2026-09-01 21:34:49,298 INFO  [default] link ACK received: get_commodity
2026-09-01 21:34:49,467 INFO  [default] message type supported received: 2
2026-09-01 21:34:49,467 INFO  [default] commodity response received. response code: 0 - success; count: 6
2026-09-01 21:34:49,468 INFO  [default] commodity code: 0 - Electricity consumed (W & W-hr)
2026-09-01 21:34:49,468 INFO  [default]            source: Estimated
2026-09-01 21:34:49,468 INFO  [default]   cumulative: 146000
2026-09-01 21:34:49,468 INFO  [default]    inst rate: 500
2026-09-01 21:34:49,468 INFO  [default] commodity code 8 - Rated max consumption level electricity (W) is not recorded in the commodity CSV
2026-09-01 21:34:49,468 INFO  [default] commodity code: 6 - Total energy storage/take capacity (W-hr)
2026-09-01 21:34:49,469 INFO  [default]            source: Estimated
2026-09-01 21:34:49,469 INFO  [default]   cumulative: 9190
2026-09-01 21:34:49,469 INFO  [default]    inst rate: not used for this commodity code
2026-09-01 21:34:49,469 INFO  [default] commodity code: 7 - Present energy storage/take capacity (W-hr)
2026-09-01 21:34:49,469 INFO  [default]            source: Estimated
2026-09-01 21:34:49,469 INFO  [default]   cumulative: 2584
2026-09-01 21:34:49,469 INFO  [default]    inst rate: not used for this commodity code
2026-09-01 21:34:49,470 INFO  [default] commodity code: 10 - Advanced load up total energy storage/take capacity (W-hr)
2026-09-01 21:34:49,470 INFO  [default]            source: Estimated
2026-09-01 21:34:49,470 INFO  [default]   cumulative: 12371
2026-09-01 21:34:49,470 INFO  [default]    inst rate: not used for this commodity code
2026-09-01 21:34:49,470 INFO  [default] commodity code: 11 - Advanced load up present energy storage/take capacity (W-hr)
2026-09-01 21:34:49,470 INFO  [default]            source: Estimated
2026-09-01 21:34:49,470 INFO  [default]   cumulative: 5766
2026-09-01 21:34:49,470 INFO  [default]    inst rate: not used for this commodity code
2026-09-01 21:34:49,674 INFO  [default] link ACK received: query_operational_state
2026-09-01 21:34:49,798 INFO  [default] operational state received: 2

Press Enter for a list of commands
2026-09-01 21:35:20,061 INFO  [default] link ACK received: query_operational_state
2026-09-01 21:35:20,184 INFO  [default] operational state received: 2

Press Enter for a list of commands
2026-09-01 21:35:49,440 INFO  [default] link ACK received: get_commodity
2026-09-01 21:35:49,610 INFO  [default] message type supported received: 2
2026-09-01 21:35:49,610 INFO  [default] commodity response received. response code: 0 - success; count: 6
2026-09-01 21:35:49,610 INFO  [default] commodity code: 0 - Electricity consumed (W & W-hr)
2026-09-01 21:35:49,610 INFO  [default]            source: Estimated
2026-09-01 21:35:49,611 INFO  [default]   cumulative: 146000
2026-09-01 21:35:49,611 INFO  [default]    inst rate: 500
2026-09-01 21:35:49,611 INFO  [default] commodity code 8 - Rated max consumption level electricity (W) is not recorded in the commodity CSV
2026-09-01 21:35:49,611 INFO  [default] commodity code: 6 - Total energy storage/take capacity (W-hr)
2026-09-01 21:35:49,611 INFO  [default]            source: Estimated
2026-09-01 21:35:49,611 INFO  [default]   cumulative: 9190
2026-09-01 21:35:49,611 INFO  [default]    inst rate: not used for this commodity code
2026-09-01 21:35:49,611 INFO  [default] commodity code: 7 - Present energy storage/take capacity (W-hr)
2026-09-01 21:35:49,611 INFO  [default]            source: Estimated
2026-09-01 21:35:49,612 INFO  [default]   cumulative: 2584
2026-09-01 21:35:49,612 INFO  [default]    inst rate: not used for this commodity code
2026-09-01 21:35:49,612 INFO  [default] commodity code: 10 - Advanced load up total energy storage/take capacity (W-hr)
2026-09-01 21:35:49,612 INFO  [default]            source: Estimated
2026-09-01 21:35:49,612 INFO  [default]   cumulative: 12371
2026-09-01 21:35:49,612 INFO  [default]    inst rate: not used for this commodity code
2026-09-01 21:35:49,612 INFO  [default] commodity code: 11 - Advanced load up present energy storage/take capacity (W-hr)
2026-09-01 21:35:49,612 INFO  [default]            source: Estimated
2026-09-01 21:35:49,612 INFO  [default]   cumulative: 5766
2026-09-01 21:35:49,612 INFO  [default]    inst rate: not used for this commodity code
2026-09-01 21:35:49,815 INFO  [default] link ACK received: query_operational_state
2026-09-01 21:35:49,939 INFO  [default] operational state received: 2

Press Enter for a list of commands
2026-09-01 21:36:19,201 INFO  [default] link ACK received: query_operational_state
2026-09-01 21:36:19,324 INFO  [default] operational state received: 2

Press Enter for a list of commands
1788323809,o,0 (PASSED!)
outside communication found
2026-09-01 21:36:49,484 INFO  [default] link ACK received: outside_communication
2026-09-01 21:36:49,607 INFO  [default] app ack received
2026-09-01 21:36:49,809 INFO  [default] link ACK received: get_commodity
2026-09-01 21:36:49,978 INFO  [default] message type supported received: 2
2026-09-01 21:36:49,978 INFO  [default] commodity response received. response code: 0 - success; count: 6
2026-09-01 21:36:49,979 INFO  [default] commodity code: 0 - Electricity consumed (W & W-hr)
2026-09-01 21:36:49,979 INFO  [default]            source: Estimated
2026-09-01 21:36:49,979 INFO  [default]   cumulative: 146000
2026-09-01 21:36:49,979 INFO  [default]    inst rate: 500
2026-09-01 21:36:49,979 INFO  [default] commodity code 8 - Rated max consumption level electricity (W) is not recorded in the commodity CSV
2026-09-01 21:36:49,979 INFO  [default] commodity code: 6 - Total energy storage/take capacity (W-hr)
2026-09-01 21:36:49,980 INFO  [default]            source: Estimated
2026-09-01 21:36:49,980 INFO  [default]   cumulative: 9190
2026-09-01 21:36:49,980 INFO  [default]    inst rate: not used for this commodity code
2026-09-01 21:36:49,980 INFO  [default] commodity code: 7 - Present energy storage/take capacity (W-hr)
2026-09-01 21:36:49,980 INFO  [default]            source: Estimated
2026-09-01 21:36:49,980 INFO  [default]   cumulative: 2518
2026-09-01 21:36:49,980 INFO  [default]    inst rate: not used for this commodity code
2026-09-01 21:36:49,980 INFO  [default] commodity code: 10 - Advanced load up total energy storage/take capacity (W-hr)
2026-09-01 21:36:49,981 INFO  [default]            source: Estimated
2026-09-01 21:36:49,981 INFO  [default]   cumulative: 12371
2026-09-01 21:36:49,981 INFO  [default]    inst rate: not used for this commodity code
2026-09-01 21:36:49,981 INFO  [default] commodity code: 11 - Advanced load up present energy storage/take capacity (W-hr)
2026-09-01 21:36:49,981 INFO  [default]            source: Estimated
2026-09-01 21:36:49,981 INFO  [default]   cumulative: 5699
2026-09-01 21:36:49,981 INFO  [default]    inst rate: not used for this commodity code
2026-09-01 21:36:50,185 INFO  [default] link ACK received: query_operational_state
2026-09-01 21:36:50,309 INFO  [default] operational state received: 2

Press Enter for a list of commands
2026-09-01 21:37:19,570 INFO  [default] link ACK received: query_operational_state
2026-09-01 21:37:19,693 INFO  [default] operational state received: 2

Press Enter for a list of commands
2026-09-01 21:37:49,950 INFO  [default] link ACK received: get_commodity
2026-09-01 21:37:50,119 INFO  [default] message type supported received: 2
2026-09-01 21:37:50,120 INFO  [default] commodity response received. response code: 0 - success; count: 6
2026-09-01 21:37:50,120 INFO  [default] commodity code: 0 - Electricity consumed (W & W-hr)
2026-09-01 21:37:50,120 INFO  [default]            source: Estimated
2026-09-01 21:37:50,120 INFO  [default]   cumulative: 146000
2026-09-01 21:37:50,121 INFO  [default]    inst rate: 500
2026-09-01 21:37:50,121 INFO  [default] commodity code 8 - Rated max consumption level electricity (W) is not recorded in the commodity CSV
2026-09-01 21:37:50,121 INFO  [default] commodity code: 6 - Total energy storage/take capacity (W-hr)
2026-09-01 21:37:50,121 INFO  [default]            source: Estimated
2026-09-01 21:37:50,121 INFO  [default]   cumulative: 9190
2026-09-01 21:37:50,121 INFO  [default]    inst rate: not used for this commodity code
2026-09-01 21:37:50,121 INFO  [default] commodity code: 7 - Present energy storage/take capacity (W-hr)
2026-09-01 21:37:50,122 INFO  [default]            source: Estimated
2026-09-01 21:37:50,122 INFO  [default]   cumulative: 2474
2026-09-01 21:37:50,122 INFO  [default]    inst rate: not used for this commodity code
2026-09-01 21:37:50,122 INFO  [default] commodity code: 10 - Advanced load up total energy storage/take capacity (W-hr)
2026-09-01 21:37:50,122 INFO  [default]            source: Estimated
2026-09-01 21:37:50,122 INFO  [default]   cumulative: 12371
2026-09-01 21:37:50,122 INFO  [default]    inst rate: not used for this commodity code
2026-09-01 21:37:50,122 INFO  [default] commodity code: 11 - Advanced load up present energy storage/take capacity (W-hr)
2026-09-01 21:37:50,123 INFO  [default]            source: Estimated
2026-09-01 21:37:50,123 INFO  [default]   cumulative: 5655
2026-09-01 21:37:50,123 INFO  [default]    inst rate: not used for this commodity code
2026-09-01 21:37:50,326 INFO  [default] link ACK received: query_operational_state
2026-09-01 21:37:50,450 INFO  [default] operational state received: 2

Press Enter for a list of commands
2026-09-01 21:38:19,709 INFO  [default] link ACK received: query_operational_state
2026-09-01 21:38:19,833 INFO  [default] operational state received: 2

Press Enter for a list of commands
2026-09-01 21:38:50,089 INFO  [default] link ACK received: get_commodity
2026-09-01 21:38:50,257 INFO  [default] message type supported received: 2
2026-09-01 21:38:50,258 INFO  [default] commodity response received. response code: 0 - success; count: 6
2026-09-01 21:38:50,258 INFO  [default] commodity code: 0 - Electricity consumed (W & W-hr)
2026-09-01 21:38:50,258 INFO  [default]            source: Estimated
2026-09-01 21:38:50,258 INFO  [default]   cumulative: 146000
2026-09-01 21:38:50,258 INFO  [default]    inst rate: 500
2026-09-01 21:38:50,258 INFO  [default] commodity code 8 - Rated max consumption level electricity (W) is not recorded in the commodity CSV
2026-09-01 21:38:50,258 INFO  [default] commodity code: 6 - Total energy storage/take capacity (W-hr)
2026-09-01 21:38:50,258 INFO  [default]            source: Estimated
2026-09-01 21:38:50,258 INFO  [default]   cumulative: 9190
2026-09-01 21:38:50,259 INFO  [default]    inst rate: not used for this commodity code
2026-09-01 21:38:50,259 INFO  [default] commodity code: 7 - Present energy storage/take capacity (W-hr)
2026-09-01 21:38:50,259 INFO  [default]            source: Estimated
2026-09-01 21:38:50,259 INFO  [default]   cumulative: 2452
2026-09-01 21:38:50,259 INFO  [default]    inst rate: not used for this commodity code
2026-09-01 21:38:50,259 INFO  [default] commodity code: 10 - Advanced load up total energy storage/take capacity (W-hr)
2026-09-01 21:38:50,259 INFO  [default]            source: Estimated
2026-09-01 21:38:50,259 INFO  [default]   cumulative: 12371
2026-09-01 21:38:50,259 INFO  [default]    inst rate: not used for this commodity code
2026-09-01 21:38:50,259 INFO  [default] commodity code: 11 - Advanced load up present energy storage/take capacity (W-hr)
2026-09-01 21:38:50,259 INFO  [default]            source: Estimated
2026-09-01 21:38:50,259 INFO  [default]   cumulative: 5633
2026-09-01 21:38:50,259 INFO  [default]    inst rate: not used for this commodity code
2026-09-01 21:38:50,462 INFO  [default] link ACK received: query_operational_state
2026-09-01 21:38:50,586 INFO  [default] operational state received: 2

Press Enter for a list of commands
2026-09-01 21:39:19,842 INFO  [default] link ACK received: query_operational_state
2026-09-01 21:39:19,967 INFO  [default] operational state received: 2

Press Enter for a list of commands
2026-09-01 21:39:49,120 INFO  [default] link ACK received: get_commodity
2026-09-01 21:39:49,290 INFO  [default] message type supported received: 2
2026-09-01 21:39:49,290 INFO  [default] commodity response received. response code: 0 - success; count: 6
2026-09-01 21:39:49,291 INFO  [default] commodity code: 0 - Electricity consumed (W & W-hr)
2026-09-01 21:39:49,291 INFO  [default]            source: Estimated
2026-09-01 21:39:49,291 INFO  [default]   cumulative: 146000
2026-09-01 21:39:49,291 INFO  [default]    inst rate: 500
2026-09-01 21:39:49,291 INFO  [default] commodity code 8 - Rated max consumption level electricity (W) is not recorded in the commodity CSV
2026-09-01 21:39:49,291 INFO  [default] commodity code: 6 - Total energy storage/take capacity (W-hr)
2026-09-01 21:39:49,291 INFO  [default]            source: Estimated
2026-09-01 21:39:49,291 INFO  [default]   cumulative: 9190
2026-09-01 21:39:49,292 INFO  [default]    inst rate: not used for this commodity code
2026-09-01 21:39:49,292 INFO  [default] commodity code: 7 - Present energy storage/take capacity (W-hr)
2026-09-01 21:39:49,292 INFO  [default]            source: Estimated
2026-09-01 21:39:49,292 INFO  [default]   cumulative: 2408
2026-09-01 21:39:49,292 INFO  [default]    inst rate: not used for this commodity code
2026-09-01 21:39:49,292 INFO  [default] commodity code: 10 - Advanced load up total energy storage/take capacity (W-hr)
2026-09-01 21:39:49,292 INFO  [default]            source: Estimated
2026-09-01 21:39:49,292 INFO  [default]   cumulative: 12371
2026-09-01 21:39:49,293 INFO  [default]    inst rate: not used for this commodity code
2026-09-01 21:39:49,293 INFO  [default] commodity code: 11 - Advanced load up present energy storage/take capacity (W-hr)
2026-09-01 21:39:49,293 INFO  [default]            source: Estimated
2026-09-01 21:39:49,293 INFO  [default]   cumulative: 5589
2026-09-01 21:39:49,293 INFO  [default]    inst rate: not used for this commodity code
2026-09-01 21:39:49,495 INFO  [default] link ACK received: query_operational_state
2026-09-01 21:39:49,619 INFO  [default] operational state received: 2

Press Enter for a list of commands
2026-09-01 21:40:19,780 INFO  [default] link ACK received: query_operational_state
2026-09-01 21:40:19,904 INFO  [default] operational state received: 2

Press Enter for a list of commands
2026-09-01 21:40:49,160 INFO  [default] link ACK received: get_commodity
2026-09-01 21:40:49,328 INFO  [default] message type supported received: 2
2026-09-01 21:40:49,328 INFO  [default] commodity response received. response code: 0 - success; count: 6
2026-09-01 21:40:49,328 INFO  [default] commodity code: 0 - Electricity consumed (W & W-hr)
2026-09-01 21:40:49,328 INFO  [default]            source: Estimated
2026-09-01 21:40:49,328 INFO  [default]   cumulative: 146000
2026-09-01 21:40:49,328 INFO  [default]    inst rate: 500
2026-09-01 21:40:49,328 INFO  [default] commodity code 8 - Rated max consumption level electricity (W) is not recorded in the commodity CSV
2026-09-01 21:40:49,328 INFO  [default] commodity code: 6 - Total energy storage/take capacity (W-hr)
2026-09-01 21:40:49,328 INFO  [default]            source: Estimated
2026-09-01 21:40:49,328 INFO  [default]   cumulative: 9190
2026-09-01 21:40:49,328 INFO  [default]    inst rate: not used for this commodity code
2026-09-01 21:40:49,328 INFO  [default] commodity code: 7 - Present energy storage/take capacity (W-hr)
2026-09-01 21:40:49,329 INFO  [default]            source: Estimated
2026-09-01 21:40:49,329 INFO  [default]   cumulative: 2363
2026-09-01 21:40:49,329 INFO  [default]    inst rate: not used for this commodity code
2026-09-01 21:40:49,329 INFO  [default] commodity code: 10 - Advanced load up total energy storage/take capacity (W-hr)
2026-09-01 21:40:49,329 INFO  [default]            source: Estimated
2026-09-01 21:40:49,329 INFO  [default]   cumulative: 12371
2026-09-01 21:40:49,329 INFO  [default]    inst rate: not used for this commodity code
2026-09-01 21:40:49,329 INFO  [default] commodity code: 11 - Advanced load up present energy storage/take capacity (W-hr)
2026-09-01 21:40:49,329 INFO  [default]            source: Estimated
2026-09-01 21:40:49,329 INFO  [default]   cumulative: 5545
2026-09-01 21:40:49,329 INFO  [default]    inst rate: not used for this commodity code
2026-09-01 21:40:49,531 INFO  [default] link ACK received: query_operational_state
2026-09-01 21:40:49,655 INFO  [default] operational state received: 2

Press Enter for a list of commands
2026-09-01 21:41:19,818 INFO  [default] link ACK received: query_operational_state
2026-09-01 21:41:19,941 INFO  [default] operational state received: 2

Press Enter for a list of commands
2026-09-01 21:41:49,199 INFO  [default] link ACK received: get_commodity
2026-09-01 21:41:49,367 INFO  [default] message type supported received: 2
2026-09-01 21:41:49,368 INFO  [default] commodity response received. response code: 0 - success; count: 6
2026-09-01 21:41:49,368 INFO  [default] commodity code: 0 - Electricity consumed (W & W-hr)
2026-09-01 21:41:49,368 INFO  [default]            source: Estimated
2026-09-01 21:41:49,369 INFO  [default]   cumulative: 146000
2026-09-01 21:41:49,369 INFO  [default]    inst rate: 500
2026-09-01 21:41:49,369 INFO  [default] commodity code 8 - Rated max consumption level electricity (W) is not recorded in the commodity CSV
2026-09-01 21:41:49,369 INFO  [default] commodity code: 6 - Total energy storage/take capacity (W-hr)
2026-09-01 21:41:49,369 INFO  [default]            source: Estimated
2026-09-01 21:41:49,369 INFO  [default]   cumulative: 9190
2026-09-01 21:41:49,370 INFO  [default]    inst rate: not used for this commodity code
2026-09-01 21:41:49,370 INFO  [default] commodity code: 7 - Present energy storage/take capacity (W-hr)
2026-09-01 21:41:49,370 INFO  [default]            source: Estimated
2026-09-01 21:41:49,370 INFO  [default]   cumulative: 2363
2026-09-01 21:41:49,370 INFO  [default]    inst rate: not used for this commodity code
2026-09-01 21:41:49,370 INFO  [default] commodity code: 10 - Advanced load up total energy storage/take capacity (W-hr)
2026-09-01 21:41:49,370 INFO  [default]            source: Estimated
2026-09-01 21:41:49,370 INFO  [default]   cumulative: 12371
2026-09-01 21:41:49,371 INFO  [default]    inst rate: not used for this commodity code
2026-09-01 21:41:49,371 INFO  [default] commodity code: 11 - Advanced load up present energy storage/take capacity (W-hr)
2026-09-01 21:41:49,371 INFO  [default]            source: Estimated
2026-09-01 21:41:49,371 INFO  [default]   cumulative: 5545
2026-09-01 21:41:49,371 INFO  [default]    inst rate: not used for this commodity code
2026-09-01 21:41:49,573 INFO  [default] link ACK received: query_operational_state
2026-09-01 21:41:49,697 INFO  [default] operational state received: 2

Press Enter for a list of commands
2026-09-01 21:42:19,955 INFO  [default] link ACK received: query_operational_state
2026-09-01 21:42:20,080 INFO  [default] operational state received: 2

Press Enter for a list of commands
2026-09-01 21:42:49,238 INFO  [default] link ACK received: get_commodity
2026-09-01 21:42:49,407 INFO  [default] message type supported received: 2
2026-09-01 21:42:49,407 INFO  [default] commodity response received. response code: 0 - success; count: 6
2026-09-01 21:42:49,408 INFO  [default] commodity code: 0 - Electricity consumed (W & W-hr)
2026-09-01 21:42:49,408 INFO  [default]            source: Estimated
2026-09-01 21:42:49,408 INFO  [default]   cumulative: 146000
2026-09-01 21:42:49,408 INFO  [default]    inst rate: 500
2026-09-01 21:42:49,408 INFO  [default] commodity code 8 - Rated max consumption level electricity (W) is not recorded in the commodity CSV
2026-09-01 21:42:49,409 INFO  [default] commodity code: 6 - Total energy storage/take capacity (W-hr)
2026-09-01 21:42:49,409 INFO  [default]            source: Estimated
2026-09-01 21:42:49,409 INFO  [default]   cumulative: 9190
2026-09-01 21:42:49,409 INFO  [default]    inst rate: not used for this commodity code
2026-09-01 21:42:49,409 INFO  [default] commodity code: 7 - Present energy storage/take capacity (W-hr)
2026-09-01 21:42:49,409 INFO  [default]            source: Estimated
2026-09-01 21:42:49,409 INFO  [default]   cumulative: 2319
2026-09-01 21:42:49,409 INFO  [default]    inst rate: not used for this commodity code
2026-09-01 21:42:49,410 INFO  [default] commodity code: 10 - Advanced load up total energy storage/take capacity (W-hr)
2026-09-01 21:42:49,410 INFO  [default]            source: Estimated
2026-09-01 21:42:49,410 INFO  [default]   cumulative: 12371
2026-09-01 21:42:49,410 INFO  [default]    inst rate: not used for this commodity code
2026-09-01 21:42:49,410 INFO  [default] commodity code: 11 - Advanced load up present energy storage/take capacity (W-hr)
2026-09-01 21:42:49,410 INFO  [default]            source: Estimated
2026-09-01 21:42:49,410 INFO  [default]   cumulative: 5501
2026-09-01 21:42:49,410 INFO  [default]    inst rate: not used for this commodity code
2026-09-01 21:42:49,613 INFO  [default] link ACK received: query_operational_state
2026-09-01 21:42:49,736 INFO  [default] operational state received: 2

Press Enter for a list of commands
2026-09-01 21:43:19,998 INFO  [default] link ACK received: query_operational_state
2026-09-01 21:43:20,121 INFO  [default] operational state received: 2

Press Enter for a list of commands
2026-09-01 21:43:49,376 INFO  [default] link ACK received: get_commodity
2026-09-01 21:43:49,545 INFO  [default] message type supported received: 2
2026-09-01 21:43:49,545 INFO  [default] commodity response received. response code: 0 - success; count: 6
2026-09-01 21:43:49,546 INFO  [default] commodity code: 0 - Electricity consumed (W & W-hr)
2026-09-01 21:43:49,546 INFO  [default]            source: Estimated
2026-09-01 21:43:49,546 INFO  [default]   cumulative: 146000
2026-09-01 21:43:49,546 INFO  [default]    inst rate: 500
2026-09-01 21:43:49,546 INFO  [default] commodity code 8 - Rated max consumption level electricity (W) is not recorded in the commodity CSV
2026-09-01 21:43:49,546 INFO  [default] commodity code: 6 - Total energy storage/take capacity (W-hr)
2026-09-01 21:43:49,546 INFO  [default]            source: Estimated
2026-09-01 21:43:49,547 INFO  [default]   cumulative: 9190
2026-09-01 21:43:49,547 INFO  [default]    inst rate: not used for this commodity code
2026-09-01 21:43:49,547 INFO  [default] commodity code: 7 - Present energy storage/take capacity (W-hr)
2026-09-01 21:43:49,547 INFO  [default]            source: Estimated
2026-09-01 21:43:49,547 INFO  [default]   cumulative: 2275
2026-09-01 21:43:49,547 INFO  [default]    inst rate: not used for this commodity code
2026-09-01 21:43:49,547 INFO  [default] commodity code: 10 - Advanced load up total energy storage/take capacity (W-hr)
2026-09-01 21:43:49,547 INFO  [default]            source: Estimated
2026-09-01 21:43:49,548 INFO  [default]   cumulative: 12371
2026-09-01 21:43:49,548 INFO  [default]    inst rate: not used for this commodity code
2026-09-01 21:43:49,548 INFO  [default] commodity code: 11 - Advanced load up present energy storage/take capacity (W-hr)
2026-09-01 21:43:49,548 INFO  [default]            source: Estimated
2026-09-01 21:43:49,548 INFO  [default]   cumulative: 5456
2026-09-01 21:43:49,548 INFO  [default]    inst rate: not used for this commodity code
2026-09-01 21:43:49,751 INFO  [default] link ACK received: query_operational_state
2026-09-01 21:43:49,874 INFO  [default] operational state received: 2

Press Enter for a list of commands
2026-09-01 21:44:19,136 INFO  [default] link ACK received: query_operational_state
2026-09-01 21:44:19,259 INFO  [default] operational state received: 2

Press Enter for a list of commands
2026-09-01 21:44:49,517 INFO  [default] link ACK received: get_commodity
2026-09-01 21:44:49,687 INFO  [default] message type supported received: 2
2026-09-01 21:44:49,688 INFO  [default] commodity response received. response code: 0 - success; count: 6
2026-09-01 21:44:49,688 INFO  [default] commodity code: 0 - Electricity consumed (W & W-hr)
2026-09-01 21:44:49,688 INFO  [default]            source: Estimated
2026-09-01 21:44:49,688 INFO  [default]   cumulative: 146000
2026-09-01 21:44:49,688 INFO  [default]    inst rate: 500
2026-09-01 21:44:49,688 INFO  [default] commodity code 8 - Rated max consumption level electricity (W) is not recorded in the commodity CSV
2026-09-01 21:44:49,688 INFO  [default] commodity code: 6 - Total energy storage/take capacity (W-hr)
2026-09-01 21:44:49,688 INFO  [default]            source: Estimated
2026-09-01 21:44:49,689 INFO  [default]   cumulative: 9190
2026-09-01 21:44:49,689 INFO  [default]    inst rate: not used for this commodity code
2026-09-01 21:44:49,689 INFO  [default] commodity code: 7 - Present energy storage/take capacity (W-hr)
2026-09-01 21:44:49,689 INFO  [default]            source: Estimated
2026-09-01 21:44:49,689 INFO  [default]   cumulative: 2231
2026-09-01 21:44:49,689 INFO  [default]    inst rate: not used for this commodity code
2026-09-01 21:44:49,689 INFO  [default] commodity code: 10 - Advanced load up total energy storage/take capacity (W-hr)
2026-09-01 21:44:49,689 INFO  [default]            source: Estimated
2026-09-01 21:44:49,689 INFO  [default]   cumulative: 12371
2026-09-01 21:44:49,689 INFO  [default]    inst rate: not used for this commodity code
2026-09-01 21:44:49,689 INFO  [default] commodity code: 11 - Advanced load up present energy storage/take capacity (W-hr)
2026-09-01 21:44:49,690 INFO  [default]            source: Estimated
2026-09-01 21:44:49,690 INFO  [default]   cumulative: 5412
2026-09-01 21:44:49,690 INFO  [default]    inst rate: not used for this commodity code
2026-09-01 21:44:49,891 INFO  [default] link ACK received: query_operational_state
2026-09-01 21:44:50,015 INFO  [default] operational state received: 2

Press Enter for a list of commands
2026-09-01 21:45:19,272 INFO  [default] link ACK received: query_operational_state
2026-09-01 21:45:19,395 INFO  [default] operational state received: 2

Press Enter for a list of commands
2026-09-01 21:45:49,549 INFO  [default] link ACK received: get_commodity
2026-09-01 21:45:49,718 INFO  [default] message type supported received: 2
2026-09-01 21:45:49,719 INFO  [default] commodity response received. response code: 0 - success; count: 6
2026-09-01 21:45:49,719 INFO  [default] commodity code: 0 - Electricity consumed (W & W-hr)
2026-09-01 21:45:49,719 INFO  [default]            source: Estimated
2026-09-01 21:45:49,719 INFO  [default]   cumulative: 146000
2026-09-01 21:45:49,720 INFO  [default]    inst rate: 500
2026-09-01 21:45:49,720 INFO  [default] commodity code 8 - Rated max consumption level electricity (W) is not recorded in the commodity CSV
2026-09-01 21:45:49,720 INFO  [default] commodity code: 6 - Total energy storage/take capacity (W-hr)
2026-09-01 21:45:49,720 INFO  [default]            source: Estimated
2026-09-01 21:45:49,720 INFO  [default]   cumulative: 9190
2026-09-01 21:45:49,720 INFO  [default]    inst rate: not used for this commodity code
2026-09-01 21:45:49,720 INFO  [default] commodity code: 7 - Present energy storage/take capacity (W-hr)
2026-09-01 21:45:49,720 INFO  [default]            source: Estimated
2026-09-01 21:45:49,721 INFO  [default]   cumulative: 2187
2026-09-01 21:45:49,721 INFO  [default]    inst rate: not used for this commodity code
2026-09-01 21:45:49,721 INFO  [default] commodity code: 10 - Advanced load up total energy storage/take capacity (W-hr)
2026-09-01 21:45:49,721 INFO  [default]            source: Estimated
2026-09-01 21:45:49,721 INFO  [default]   cumulative: 12371
2026-09-01 21:45:49,721 INFO  [default]    inst rate: not used for this commodity code
2026-09-01 21:45:49,721 INFO  [default] commodity code: 11 - Advanced load up present energy storage/take capacity (W-hr)
2026-09-01 21:45:49,722 INFO  [default]            source: Estimated
2026-09-01 21:45:49,722 INFO  [default]   cumulative: 5368
2026-09-01 21:45:49,722 INFO  [default]    inst rate: not used for this commodity code
2026-09-01 21:45:49,924 INFO  [default] link ACK received: query_operational_state
2026-09-01 21:45:50,048 INFO  [default] operational state received: 2

Press Enter for a list of commands
2026-09-01 21:46:19,206 INFO  [default] link ACK received: query_operational_state
2026-09-01 21:46:19,330 INFO  [default] operational state received: 2

Press Enter for a list of commands
1788324409,o,0 (PASSED!)
outside communication found
2026-09-01 21:46:49,486 INFO  [default] link ACK received: outside_communication
2026-09-01 21:46:49,609 INFO  [default] app ack received
2026-09-01 21:46:49,812 INFO  [default] link ACK received: get_commodity
2026-09-01 21:46:49,980 INFO  [default] message type supported received: 2
2026-09-01 21:46:49,981 INFO  [default] commodity response received. response code: 0 - success; count: 6
2026-09-01 21:46:49,981 INFO  [default] commodity code: 0 - Electricity consumed (W & W-hr)
2026-09-01 21:46:49,982 INFO  [default]            source: Estimated
2026-09-01 21:46:49,982 INFO  [default]   cumulative: 146000
2026-09-01 21:46:49,982 INFO  [default]    inst rate: 500
2026-09-01 21:46:49,982 INFO  [default] commodity code 8 - Rated max consumption level electricity (W) is not recorded in the commodity CSV
2026-09-01 21:46:49,982 INFO  [default] commodity code: 6 - Total energy storage/take capacity (W-hr)
2026-09-01 21:46:49,982 INFO  [default]            source: Estimated
2026-09-01 21:46:49,982 INFO  [default]   cumulative: 9190
2026-09-01 21:46:49,983 INFO  [default]    inst rate: not used for this commodity code
2026-09-01 21:46:49,983 INFO  [default] commodity code: 7 - Present energy storage/take capacity (W-hr)
2026-09-01 21:46:49,983 INFO  [default]            source: Estimated
2026-09-01 21:46:49,983 INFO  [default]   cumulative: 2165
2026-09-01 21:46:49,983 INFO  [default]    inst rate: not used for this commodity code
2026-09-01 21:46:49,983 INFO  [default] commodity code: 10 - Advanced load up total energy storage/take capacity (W-hr)
2026-09-01 21:46:49,983 INFO  [default]            source: Estimated
2026-09-01 21:46:49,983 INFO  [default]   cumulative: 12371
2026-09-01 21:46:49,983 INFO  [default]    inst rate: not used for this commodity code
2026-09-01 21:46:49,983 INFO  [default] commodity code: 11 - Advanced load up present energy storage/take capacity (W-hr)
2026-09-01 21:46:49,984 INFO  [default]            source: Estimated
2026-09-01 21:46:49,984 INFO  [default]   cumulative: 5346
2026-09-01 21:46:49,984 INFO  [default]    inst rate: not used for this commodity code
2026-09-01 21:46:50,186 INFO  [default] link ACK received: query_operational_state
2026-09-01 21:46:50,310 INFO  [default] operational state received: 2

Press Enter for a list of commands
2026-09-01 21:47:19,467 INFO  [default] link ACK received: query_operational_state
2026-09-01 21:47:19,592 INFO  [default] operational state received: 2

Press Enter for a list of commands
2026-09-01 21:47:49,850 INFO  [default] link ACK received: get_commodity
2026-09-01 21:47:50,018 INFO  [default] message type supported received: 2
2026-09-01 21:47:50,018 INFO  [default] commodity response received. response code: 0 - success; count: 6
2026-09-01 21:47:50,018 INFO  [default] commodity code: 0 - Electricity consumed (W & W-hr)
2026-09-01 21:47:50,018 INFO  [default]            source: Estimated
2026-09-01 21:47:50,018 INFO  [default]   cumulative: 146000
2026-09-01 21:47:50,018 INFO  [default]    inst rate: 500
2026-09-01 21:47:50,018 INFO  [default] commodity code 8 - Rated max consumption level electricity (W) is not recorded in the commodity CSV
2026-09-01 21:47:50,018 INFO  [default] commodity code: 6 - Total energy storage/take capacity (W-hr)
2026-09-01 21:47:50,018 INFO  [default]            source: Estimated
2026-09-01 21:47:50,018 INFO  [default]   cumulative: 9190
2026-09-01 21:47:50,018 INFO  [default]    inst rate: not used for this commodity code
2026-09-01 21:47:50,018 INFO  [default] commodity code: 7 - Present energy storage/take capacity (W-hr)
2026-09-01 21:47:50,018 INFO  [default]            source: Estimated
2026-09-01 21:47:50,019 INFO  [default]   cumulative: 2165
2026-09-01 21:47:50,019 INFO  [default]    inst rate: not used for this commodity code
2026-09-01 21:47:50,019 INFO  [default] commodity code: 10 - Advanced load up total energy storage/take capacity (W-hr)
2026-09-01 21:47:50,019 INFO  [default]            source: Estimated
2026-09-01 21:47:50,019 INFO  [default]   cumulative: 12371
2026-09-01 21:47:50,019 INFO  [default]    inst rate: not used for this commodity code
2026-09-01 21:47:50,019 INFO  [default] commodity code: 11 - Advanced load up present energy storage/take capacity (W-hr)
2026-09-01 21:47:50,019 INFO  [default]            source: Estimated
2026-09-01 21:47:50,019 INFO  [default]   cumulative: 5346
2026-09-01 21:47:50,019 INFO  [default]    inst rate: not used for this commodity code
2026-09-01 21:47:50,221 INFO  [default] link ACK received: query_operational_state
2026-09-01 21:47:50,345 INFO  [default] operational state received: 4

Press Enter for a list of commands
2026-09-01 21:48:19,504 INFO  [default] link ACK received: query_operational_state
2026-09-01 21:48:19,629 INFO  [default] operational state received: 4

Press Enter for a list of commands
2026-09-01 21:48:49,791 INFO  [default] link ACK received: get_commodity
2026-09-01 21:48:49,960 INFO  [default] message type supported received: 2
2026-09-01 21:48:49,960 INFO  [default] commodity response received. response code: 0 - success; count: 6
2026-09-01 21:48:49,961 INFO  [default] commodity code: 0 - Electricity consumed (W & W-hr)
2026-09-01 21:48:49,961 INFO  [default]            source: Estimated
2026-09-01 21:48:49,961 INFO  [default]   cumulative: 146000
2026-09-01 21:48:49,961 INFO  [default]    inst rate: 0
2026-09-01 21:48:49,961 INFO  [default] commodity code 8 - Rated max consumption level electricity (W) is not recorded in the commodity CSV
2026-09-01 21:48:49,961 INFO  [default] commodity code: 6 - Total energy storage/take capacity (W-hr)
2026-09-01 21:48:49,961 INFO  [default]            source: Estimated
2026-09-01 21:48:49,962 INFO  [default]   cumulative: 9190
2026-09-01 21:48:49,962 INFO  [default]    inst rate: not used for this commodity code
2026-09-01 21:48:49,962 INFO  [default] commodity code: 7 - Present energy storage/take capacity (W-hr)
2026-09-01 21:48:49,962 INFO  [default]            source: Estimated
2026-09-01 21:48:49,962 INFO  [default]   cumulative: 2076
2026-09-01 21:48:49,962 INFO  [default]    inst rate: not used for this commodity code
2026-09-01 21:48:49,962 INFO  [default] commodity code: 10 - Advanced load up total energy storage/take capacity (W-hr)
2026-09-01 21:48:49,962 INFO  [default]            source: Estimated
2026-09-01 21:48:49,963 INFO  [default]   cumulative: 12371
2026-09-01 21:48:49,963 INFO  [default]    inst rate: not used for this commodity code
2026-09-01 21:48:49,963 INFO  [default] commodity code: 11 - Advanced load up present energy storage/take capacity (W-hr)
2026-09-01 21:48:49,963 INFO  [default]            source: Estimated
2026-09-01 21:48:49,963 INFO  [default]   cumulative: 5258
2026-09-01 21:48:49,963 INFO  [default]    inst rate: not used for this commodity code
2026-09-01 21:48:50,165 INFO  [default] link ACK received: query_operational_state
2026-09-01 21:48:50,289 INFO  [default] operational state received: 4

Press Enter for a list of commands
2026-09-01 21:49:19,552 INFO  [default] link ACK received: query_operational_state
2026-09-01 21:49:19,675 INFO  [default] operational state received: 4

Press Enter for a list of commands
2026-09-01 21:49:49,833 INFO  [default] link ACK received: get_commodity
2026-09-01 21:49:50,001 INFO  [default] message type supported received: 2
2026-09-01 21:49:50,001 INFO  [default] commodity response received. response code: 0 - success; count: 6
2026-09-01 21:49:50,001 INFO  [default] commodity code: 0 - Electricity consumed (W & W-hr)
2026-09-01 21:49:50,002 INFO  [default]            source: Estimated
2026-09-01 21:49:50,002 INFO  [default]   cumulative: 146000
2026-09-01 21:49:50,002 INFO  [default]    inst rate: 0
2026-09-01 21:49:50,002 INFO  [default] commodity code 8 - Rated max consumption level electricity (W) is not recorded in the commodity CSV
2026-09-01 21:49:50,002 INFO  [default] commodity code: 6 - Total energy storage/take capacity (W-hr)
2026-09-01 21:49:50,002 INFO  [default]            source: Estimated
2026-09-01 21:49:50,002 INFO  [default]   cumulative: 9190
2026-09-01 21:49:50,002 INFO  [default]    inst rate: not used for this commodity code
2026-09-01 21:49:50,002 INFO  [default] commodity code: 7 - Present energy storage/take capacity (W-hr)
2026-09-01 21:49:50,002 INFO  [default]            source: Estimated
2026-09-01 21:49:50,002 INFO  [default]   cumulative: 2054
2026-09-01 21:49:50,002 INFO  [default]    inst rate: not used for this commodity code
2026-09-01 21:49:50,002 INFO  [default] commodity code: 10 - Advanced load up total energy storage/take capacity (W-hr)
2026-09-01 21:49:50,002 INFO  [default]            source: Estimated
2026-09-01 21:49:50,003 INFO  [default]   cumulative: 12371
2026-09-01 21:49:50,003 INFO  [default]    inst rate: not used for this commodity code
2026-09-01 21:49:50,003 INFO  [default] commodity code: 11 - Advanced load up present energy storage/take capacity (W-hr)
2026-09-01 21:49:50,003 INFO  [default]            source: Estimated
2026-09-01 21:49:50,003 INFO  [default]   cumulative: 5235
2026-09-01 21:49:50,003 INFO  [default]    inst rate: not used for this commodity code
2026-09-01 21:49:50,206 INFO  [default] link ACK received: query_operational_state
2026-09-01 21:49:50,329 INFO  [default] operational state received: 4

Press Enter for a list of commands
2026-09-01 21:50:19,495 INFO  [default] link ACK received: query_operational_state
2026-09-01 21:50:19,619 INFO  [default] operational state received: 4

Press Enter for a list of commands
2026-09-01 21:50:49,783 INFO  [default] link ACK received: get_commodity
2026-09-01 21:50:49,952 INFO  [default] message type supported received: 2
2026-09-01 21:50:49,952 INFO  [default] commodity response received. response code: 0 - success; count: 6
2026-09-01 21:50:49,953 INFO  [default] commodity code: 0 - Electricity consumed (W & W-hr)
2026-09-01 21:50:49,953 INFO  [default]            source: Estimated
2026-09-01 21:50:49,953 INFO  [default]   cumulative: 146000
2026-09-01 21:50:49,953 INFO  [default]    inst rate: 0
2026-09-01 21:50:49,953 INFO  [default] commodity code 8 - Rated max consumption level electricity (W) is not recorded in the commodity CSV
2026-09-01 21:50:49,954 INFO  [default] commodity code: 6 - Total energy storage/take capacity (W-hr)
2026-09-01 21:50:49,954 INFO  [default]            source: Estimated
2026-09-01 21:50:49,954 INFO  [default]   cumulative: 9190
2026-09-01 21:50:49,954 INFO  [default]    inst rate: not used for this commodity code
2026-09-01 21:50:49,954 INFO  [default] commodity code: 7 - Present energy storage/take capacity (W-hr)
2026-09-01 21:50:49,954 INFO  [default]            source: Estimated
2026-09-01 21:50:49,954 INFO  [default]   cumulative: 2054
2026-09-01 21:50:49,954 INFO  [default]    inst rate: not used for this commodity code
2026-09-01 21:50:49,954 INFO  [default] commodity code: 10 - Advanced load up total energy storage/take capacity (W-hr)
2026-09-01 21:50:49,955 INFO  [default]            source: Estimated
2026-09-01 21:50:49,955 INFO  [default]   cumulative: 12371
2026-09-01 21:50:49,955 INFO  [default]    inst rate: not used for this commodity code
2026-09-01 21:50:49,955 INFO  [default] commodity code: 11 - Advanced load up present energy storage/take capacity (W-hr)
2026-09-01 21:50:49,955 INFO  [default]            source: Estimated
2026-09-01 21:50:49,955 INFO  [default]   cumulative: 5235
2026-09-01 21:50:49,955 INFO  [default]    inst rate: not used for this commodity code
2026-09-01 21:50:50,158 INFO  [default] link ACK received: query_operational_state
2026-09-01 21:50:50,281 INFO  [default] operational state received: 4

Press Enter for a list of commands
2026-09-01 21:51:19,439 INFO  [default] link ACK received: query_operational_state
2026-09-01 21:51:19,562 INFO  [default] operational state received: 4

Press Enter for a list of commands
2026-09-01 21:51:49,722 INFO  [default] link ACK received: get_commodity
2026-09-01 21:51:49,890 INFO  [default] message type supported received: 2
2026-09-01 21:51:49,891 INFO  [default] commodity response received. response code: 0 - success; count: 6
2026-09-01 21:51:49,891 INFO  [default] commodity code: 0 - Electricity consumed (W & W-hr)
2026-09-01 21:51:49,891 INFO  [default]            source: Estimated
2026-09-01 21:51:49,891 INFO  [default]   cumulative: 146000
2026-09-01 21:51:49,891 INFO  [default]    inst rate: 0
2026-09-01 21:51:49,891 INFO  [default] commodity code 8 - Rated max consumption level electricity (W) is not recorded in the commodity CSV
2026-09-01 21:51:49,891 INFO  [default] commodity code: 6 - Total energy storage/take capacity (W-hr)
2026-09-01 21:51:49,892 INFO  [default]            source: Estimated
2026-09-01 21:51:49,892 INFO  [default]   cumulative: 9190
2026-09-01 21:51:49,892 INFO  [default]    inst rate: not used for this commodity code
2026-09-01 21:51:49,892 INFO  [default] commodity code: 7 - Present energy storage/take capacity (W-hr)
2026-09-01 21:51:49,892 INFO  [default]            source: Estimated
2026-09-01 21:51:49,892 INFO  [default]   cumulative: 2076
2026-09-01 21:51:49,892 INFO  [default]    inst rate: not used for this commodity code
2026-09-01 21:51:49,892 INFO  [default] commodity code: 10 - Advanced load up total energy storage/take capacity (W-hr)
2026-09-01 21:51:49,892 INFO  [default]            source: Estimated
2026-09-01 21:51:49,892 INFO  [default]   cumulative: 12371
2026-09-01 21:51:49,892 INFO  [default]    inst rate: not used for this commodity code
2026-09-01 21:51:49,892 INFO  [default] commodity code: 11 - Advanced load up present energy storage/take capacity (W-hr)
2026-09-01 21:51:49,892 INFO  [default]            source: Estimated
2026-09-01 21:51:49,893 INFO  [default]   cumulative: 5258
2026-09-01 21:51:49,893 INFO  [default]    inst rate: not used for this commodity code
2026-09-01 21:51:50,096 INFO  [default] link ACK received: query_operational_state
2026-09-01 21:51:50,220 INFO  [default] operational state received: 4

Press Enter for a list of commands
2026-09-01 21:52:19,378 INFO  [default] link ACK received: query_operational_state
2026-09-01 21:52:19,502 INFO  [default] operational state received: 4

Press Enter for a list of commands
2026-09-01 21:52:49,661 INFO  [default] link ACK received: get_commodity
2026-09-01 21:52:49,831 INFO  [default] message type supported received: 2
2026-09-01 21:52:49,831 INFO  [default] commodity response received. response code: 0 - success; count: 6
2026-09-01 21:52:49,832 INFO  [default] commodity code: 0 - Electricity consumed (W & W-hr)
2026-09-01 21:52:49,832 INFO  [default]            source: Estimated
2026-09-01 21:52:49,832 INFO  [default]   cumulative: 146000
2026-09-01 21:52:49,832 INFO  [default]    inst rate: 0
2026-09-01 21:52:49,833 INFO  [default] commodity code 8 - Rated max consumption level electricity (W) is not recorded in the commodity CSV
2026-09-01 21:52:49,833 INFO  [default] commodity code: 6 - Total energy storage/take capacity (W-hr)
2026-09-01 21:52:49,833 INFO  [default]            source: Estimated
2026-09-01 21:52:49,833 INFO  [default]   cumulative: 9190
2026-09-01 21:52:49,833 INFO  [default]    inst rate: not used for this commodity code
2026-09-01 21:52:49,833 INFO  [default] commodity code: 7 - Present energy storage/take capacity (W-hr)
2026-09-01 21:52:49,833 INFO  [default]            source: Estimated
2026-09-01 21:52:49,833 INFO  [default]   cumulative: 2187
2026-09-01 21:52:49,834 INFO  [default]    inst rate: not used for this commodity code
2026-09-01 21:52:49,834 INFO  [default] commodity code: 10 - Advanced load up total energy storage/take capacity (W-hr)
2026-09-01 21:52:49,834 INFO  [default]            source: Estimated
2026-09-01 21:52:49,834 INFO  [default]   cumulative: 12371
2026-09-01 21:52:49,834 INFO  [default]    inst rate: not used for this commodity code
2026-09-01 21:52:49,834 INFO  [default] commodity code: 11 - Advanced load up present energy storage/take capacity (W-hr)
2026-09-01 21:52:49,834 INFO  [default]            source: Estimated
2026-09-01 21:52:49,834 INFO  [default]   cumulative: 5368
2026-09-01 21:52:49,834 INFO  [default]    inst rate: not used for this commodity code
2026-09-01 21:52:50,037 INFO  [default] link ACK received: query_operational_state
2026-09-01 21:52:50,161 INFO  [default] operational state received: 4

Press Enter for a list of commands
2026-09-01 21:53:19,324 INFO  [default] link ACK received: query_operational_state
2026-09-01 21:53:19,447 INFO  [default] operational state received: 4

Press Enter for a list of commands
2026-09-01 21:53:49,609 INFO  [default] link ACK received: get_commodity
2026-09-01 21:53:49,777 INFO  [default] message type supported received: 2
2026-09-01 21:53:49,777 INFO  [default] commodity response received. response code: 0 - success; count: 6
2026-09-01 21:53:49,778 INFO  [default] commodity code: 0 - Electricity consumed (W & W-hr)
2026-09-01 21:53:49,778 INFO  [default]            source: Estimated
2026-09-01 21:53:49,778 INFO  [default]   cumulative: 146000
2026-09-01 21:53:49,778 INFO  [default]    inst rate: 0
2026-09-01 21:53:49,778 INFO  [default] commodity code 8 - Rated max consumption level electricity (W) is not recorded in the commodity CSV
2026-09-01 21:53:49,778 INFO  [default] commodity code: 6 - Total energy storage/take capacity (W-hr)
2026-09-01 21:53:49,779 INFO  [default]            source: Estimated
2026-09-01 21:53:49,779 INFO  [default]   cumulative: 9190
2026-09-01 21:53:49,779 INFO  [default]    inst rate: not used for this commodity code
2026-09-01 21:53:49,779 INFO  [default] commodity code: 7 - Present energy storage/take capacity (W-hr)
2026-09-01 21:53:49,779 INFO  [default]            source: Estimated
2026-09-01 21:53:49,779 INFO  [default]   cumulative: 2430
2026-09-01 21:53:49,779 INFO  [default]    inst rate: not used for this commodity code
2026-09-01 21:53:49,779 INFO  [default] commodity code: 10 - Advanced load up total energy storage/take capacity (W-hr)
2026-09-01 21:53:49,779 INFO  [default]            source: Estimated
2026-09-01 21:53:49,780 INFO  [default]   cumulative: 12371
2026-09-01 21:53:49,780 INFO  [default]    inst rate: not used for this commodity code
2026-09-01 21:53:49,780 INFO  [default] commodity code: 11 - Advanced load up present energy storage/take capacity (W-hr)
2026-09-01 21:53:49,780 INFO  [default]            source: Estimated
2026-09-01 21:53:49,780 INFO  [default]   cumulative: 5611
2026-09-01 21:53:49,780 INFO  [default]    inst rate: not used for this commodity code
2026-09-01 21:53:49,983 INFO  [default] link ACK received: query_operational_state
2026-09-01 21:53:50,108 INFO  [default] operational state received: 4

Press Enter for a list of commands
2026-09-01 21:54:19,265 INFO  [default] link ACK received: query_operational_state
2026-09-01 21:54:19,389 INFO  [default] operational state received: 4

Press Enter for a list of commands
2026-09-01 21:54:49,551 INFO  [default] link ACK received: get_commodity
2026-09-01 21:54:49,719 INFO  [default] message type supported received: 2
2026-09-01 21:54:49,719 INFO  [default] commodity response received. response code: 0 - success; count: 6
2026-09-01 21:54:49,720 INFO  [default] commodity code: 0 - Electricity consumed (W & W-hr)
2026-09-01 21:54:49,720 INFO  [default]            source: Estimated
2026-09-01 21:54:49,720 INFO  [default]   cumulative: 146000
2026-09-01 21:54:49,720 INFO  [default]    inst rate: 0
2026-09-01 21:54:49,721 INFO  [default] commodity code 8 - Rated max consumption level electricity (W) is not recorded in the commodity CSV
2026-09-01 21:54:49,721 INFO  [default] commodity code: 6 - Total energy storage/take capacity (W-hr)
2026-09-01 21:54:49,721 INFO  [default]            source: Estimated
2026-09-01 21:54:49,721 INFO  [default]   cumulative: 9190
2026-09-01 21:54:49,721 INFO  [default]    inst rate: not used for this commodity code
2026-09-01 21:54:49,721 INFO  [default] commodity code: 7 - Present energy storage/take capacity (W-hr)
2026-09-01 21:54:49,721 INFO  [default]            source: Estimated
2026-09-01 21:54:49,722 INFO  [default]   cumulative: 2872
2026-09-01 21:54:49,722 INFO  [default]    inst rate: not used for this commodity code
2026-09-01 21:54:49,722 INFO  [default] commodity code: 10 - Advanced load up total energy storage/take capacity (W-hr)
2026-09-01 21:54:49,722 INFO  [default]            source: Estimated
2026-09-01 21:54:49,722 INFO  [default]   cumulative: 12371
2026-09-01 21:54:49,722 INFO  [default]    inst rate: not used for this commodity code
2026-09-01 21:54:49,722 INFO  [default] commodity code: 11 - Advanced load up present energy storage/take capacity (W-hr)
2026-09-01 21:54:49,722 INFO  [default]            source: Estimated
2026-09-01 21:54:49,723 INFO  [default]   cumulative: 6053
2026-09-01 21:54:49,723 INFO  [default]    inst rate: not used for this commodity code
2026-09-01 21:54:49,925 INFO  [default] link ACK received: query_operational_state
2026-09-01 21:54:50,049 INFO  [default] operational state received: 4

Press Enter for a list of commands
2026-09-01 21:55:19,207 INFO  [default] link ACK received: query_operational_state
2026-09-01 21:55:19,330 INFO  [default] operational state received: 4

Press Enter for a list of commands
2026-09-01 21:55:49,492 INFO  [default] link ACK received: get_commodity
2026-09-01 21:55:49,661 INFO  [default] message type supported received: 2
2026-09-01 21:55:49,661 INFO  [default] commodity response received. response code: 0 - success; count: 6
2026-09-01 21:55:49,662 INFO  [default] commodity code: 0 - Electricity consumed (W & W-hr)
2026-09-01 21:55:49,662 INFO  [default]            source: Estimated
2026-09-01 21:55:49,662 INFO  [default]   cumulative: 146000
2026-09-01 21:55:49,662 INFO  [default]    inst rate: 0
2026-09-01 21:55:49,662 INFO  [default] commodity code 8 - Rated max consumption level electricity (W) is not recorded in the commodity CSV
2026-09-01 21:55:49,662 INFO  [default] commodity code: 6 - Total energy storage/take capacity (W-hr)
2026-09-01 21:55:49,662 INFO  [default]            source: Estimated
2026-09-01 21:55:49,663 INFO  [default]   cumulative: 9190
2026-09-01 21:55:49,663 INFO  [default]    inst rate: not used for this commodity code
2026-09-01 21:55:49,663 INFO  [default] commodity code: 7 - Present energy storage/take capacity (W-hr)
2026-09-01 21:55:49,663 INFO  [default]            source: Estimated
2026-09-01 21:55:49,663 INFO  [default]   cumulative: 3424
2026-09-01 21:55:49,663 INFO  [default]    inst rate: not used for this commodity code
2026-09-01 21:55:49,663 INFO  [default] commodity code: 10 - Advanced load up total energy storage/take capacity (W-hr)
2026-09-01 21:55:49,663 INFO  [default]            source: Estimated
2026-09-01 21:55:49,664 INFO  [default]   cumulative: 12371
2026-09-01 21:55:49,664 INFO  [default]    inst rate: not used for this commodity code
2026-09-01 21:55:49,664 INFO  [default] commodity code: 11 - Advanced load up present energy storage/take capacity (W-hr)
2026-09-01 21:55:49,664 INFO  [default]            source: Estimated
2026-09-01 21:55:49,664 INFO  [default]   cumulative: 6605
2026-09-01 21:55:49,664 INFO  [default]    inst rate: not used for this commodity code
2026-09-01 21:55:49,866 INFO  [default] link ACK received: query_operational_state
2026-09-01 21:55:49,990 INFO  [default] operational state received: 4

Press Enter for a list of commands
2026-09-01 21:56:19,244 INFO  [default] link ACK received: query_operational_state
2026-09-01 21:56:19,368 INFO  [default] operational state received: 4

Press Enter for a list of commands
1788325009,o,0 (PASSED!)
outside communication found
2026-09-01 21:56:49,524 INFO  [default] link ACK received: outside_communication
2026-09-01 21:56:49,649 INFO  [default] app ack received
2026-09-01 21:56:49,852 INFO  [default] link ACK received: get_commodity
2026-09-01 21:56:50,020 INFO  [default] message type supported received: 2
2026-09-01 21:56:50,020 INFO  [default] commodity response received. response code: 0 - success; count: 6
2026-09-01 21:56:50,020 INFO  [default] commodity code: 0 - Electricity consumed (W & W-hr)
2026-09-01 21:56:50,020 INFO  [default]            source: Estimated
2026-09-01 21:56:50,020 INFO  [default]   cumulative: 146000
2026-09-01 21:56:50,020 INFO  [default]    inst rate: 0
2026-09-01 21:56:50,020 INFO  [default] commodity code 8 - Rated max consumption level electricity (W) is not recorded in the commodity CSV
2026-09-01 21:56:50,021 INFO  [default] commodity code: 6 - Total energy storage/take capacity (W-hr)
2026-09-01 21:56:50,021 INFO  [default]            source: Estimated
2026-09-01 21:56:50,021 INFO  [default]   cumulative: 9190
2026-09-01 21:56:50,021 INFO  [default]    inst rate: not used for this commodity code
2026-09-01 21:56:50,021 INFO  [default] commodity code: 7 - Present energy storage/take capacity (W-hr)
2026-09-01 21:56:50,021 INFO  [default]            source: Estimated
2026-09-01 21:56:50,021 INFO  [default]   cumulative: 3866
2026-09-01 21:56:50,021 INFO  [default]    inst rate: not used for this commodity code
2026-09-01 21:56:50,021 INFO  [default] commodity code: 10 - Advanced load up total energy storage/take capacity (W-hr)
2026-09-01 21:56:50,021 INFO  [default]            source: Estimated
2026-09-01 21:56:50,021 INFO  [default]   cumulative: 12371
2026-09-01 21:56:50,021 INFO  [default]    inst rate: not used for this commodity code
2026-09-01 21:56:50,021 INFO  [default] commodity code: 11 - Advanced load up present energy storage/take capacity (W-hr)
2026-09-01 21:56:50,021 INFO  [default]            source: Estimated
2026-09-01 21:56:50,021 INFO  [default]   cumulative: 7047
2026-09-01 21:56:50,021 INFO  [default]    inst rate: not used for this commodity code
2026-09-01 21:56:50,223 INFO  [default] link ACK received: query_operational_state
2026-09-01 21:56:50,348 INFO  [default] operational state received: 4

Press Enter for a list of commands
2026-09-01 21:57:19,508 INFO  [default] link ACK received: query_operational_state
2026-09-01 21:57:19,631 INFO  [default] operational state received: 4

Press Enter for a list of commands
2026-09-01 21:57:49,788 INFO  [default] link ACK received: get_commodity
2026-09-01 21:57:49,956 INFO  [default] message type supported received: 2
2026-09-01 21:57:49,957 INFO  [default] commodity response received. response code: 0 - success; count: 6
2026-09-01 21:57:49,957 INFO  [default] commodity code: 0 - Electricity consumed (W & W-hr)
2026-09-01 21:57:49,957 INFO  [default]            source: Estimated
2026-09-01 21:57:49,957 INFO  [default]   cumulative: 146000
2026-09-01 21:57:49,957 INFO  [default]    inst rate: 0
2026-09-01 21:57:49,957 INFO  [default] commodity code 8 - Rated max consumption level electricity (W) is not recorded in the commodity CSV
2026-09-01 21:57:49,957 INFO  [default] commodity code: 6 - Total energy storage/take capacity (W-hr)
2026-09-01 21:57:49,957 INFO  [default]            source: Estimated
2026-09-01 21:57:49,958 INFO  [default]   cumulative: 9190
2026-09-01 21:57:49,958 INFO  [default]    inst rate: not used for this commodity code
2026-09-01 21:57:49,958 INFO  [default] commodity code: 7 - Present energy storage/take capacity (W-hr)
2026-09-01 21:57:49,958 INFO  [default]            source: Estimated
2026-09-01 21:57:49,958 INFO  [default]   cumulative: 4241
2026-09-01 21:57:49,958 INFO  [default]    inst rate: not used for this commodity code
2026-09-01 21:57:49,958 INFO  [default] commodity code: 10 - Advanced load up total energy storage/take capacity (W-hr)
2026-09-01 21:57:49,958 INFO  [default]            source: Estimated
2026-09-01 21:57:49,958 INFO  [default]   cumulative: 12371
2026-09-01 21:57:49,958 INFO  [default]    inst rate: not used for this commodity code
2026-09-01 21:57:49,958 INFO  [default] commodity code: 11 - Advanced load up present energy storage/take capacity (W-hr)
2026-09-01 21:57:49,958 INFO  [default]            source: Estimated
2026-09-01 21:57:49,958 INFO  [default]   cumulative: 7423
2026-09-01 21:57:49,958 INFO  [default]    inst rate: not used for this commodity code
2026-09-01 21:57:50,161 INFO  [default] link ACK received: query_operational_state
2026-09-01 21:57:50,286 INFO  [default] operational state received: 4

Press Enter for a list of commands
2026-09-01 21:58:19,542 INFO  [default] link ACK received: query_operational_state
2026-09-01 21:58:19,666 INFO  [default] operational state received: 4

Press Enter for a list of commands
2026-09-01 21:58:49,824 INFO  [default] link ACK received: get_commodity
2026-09-01 21:58:49,993 INFO  [default] message type supported received: 2
2026-09-01 21:58:49,993 INFO  [default] commodity response received. response code: 0 - success; count: 6
2026-09-01 21:58:49,994 INFO  [default] commodity code: 0 - Electricity consumed (W & W-hr)
2026-09-01 21:58:49,994 INFO  [default]            source: Estimated
2026-09-01 21:58:49,994 INFO  [default]   cumulative: 146000
2026-09-01 21:58:49,994 INFO  [default]    inst rate: 0
2026-09-01 21:58:49,994 INFO  [default] commodity code 8 - Rated max consumption level electricity (W) is not recorded in the commodity CSV
2026-09-01 21:58:49,995 INFO  [default] commodity code: 6 - Total energy storage/take capacity (W-hr)
2026-09-01 21:58:49,995 INFO  [default]            source: Estimated
2026-09-01 21:58:49,995 INFO  [default]   cumulative: 9190
2026-09-01 21:58:49,995 INFO  [default]    inst rate: not used for this commodity code
2026-09-01 21:58:49,995 INFO  [default] commodity code: 7 - Present energy storage/take capacity (W-hr)
2026-09-01 21:58:49,995 INFO  [default]            source: Estimated
2026-09-01 21:58:49,995 INFO  [default]   cumulative: 4484
2026-09-01 21:58:49,996 INFO  [default]    inst rate: not used for this commodity code
2026-09-01 21:58:49,996 INFO  [default] commodity code: 10 - Advanced load up total energy storage/take capacity (W-hr)
2026-09-01 21:58:49,996 INFO  [default]            source: Estimated
2026-09-01 21:58:49,996 INFO  [default]   cumulative: 12371
2026-09-01 21:58:49,996 INFO  [default]    inst rate: not used for this commodity code
2026-09-01 21:58:49,996 INFO  [default] commodity code: 11 - Advanced load up present energy storage/take capacity (W-hr)
2026-09-01 21:58:49,996 INFO  [default]            source: Estimated
2026-09-01 21:58:49,996 INFO  [default]   cumulative: 7666
2026-09-01 21:58:49,997 INFO  [default]    inst rate: not used for this commodity code
2026-09-01 21:58:50,199 INFO  [default] link ACK received: query_operational_state
2026-09-01 21:58:50,323 INFO  [default] operational state received: 4

Press Enter for a list of commands
2026-09-01 21:59:19,481 INFO  [default] link ACK received: query_operational_state
2026-09-01 21:59:19,606 INFO  [default] operational state received: 2

Press Enter for a list of commands
2026-09-01 21:59:49,763 INFO  [default] link ACK received: get_commodity
2026-09-01 21:59:49,932 INFO  [default] message type supported received: 2
2026-09-01 21:59:49,933 INFO  [default] commodity response received. response code: 0 - success; count: 6
2026-09-01 21:59:49,933 INFO  [default] commodity code: 0 - Electricity consumed (W & W-hr)
2026-09-01 21:59:49,933 INFO  [default]            source: Estimated
2026-09-01 21:59:49,934 INFO  [default]   cumulative: 146000
2026-09-01 21:59:49,934 INFO  [default]    inst rate: 0
2026-09-01 21:59:49,934 INFO  [default] commodity code 8 - Rated max consumption level electricity (W) is not recorded in the commodity CSV
2026-09-01 21:59:49,934 INFO  [default] commodity code: 6 - Total energy storage/take capacity (W-hr)
2026-09-01 21:59:49,934 INFO  [default]            source: Estimated
2026-09-01 21:59:49,934 INFO  [default]   cumulative: 9190
2026-09-01 21:59:49,934 INFO  [default]    inst rate: not used for this commodity code
2026-09-01 21:59:49,934 INFO  [default] commodity code: 7 - Present energy storage/take capacity (W-hr)
2026-09-01 21:59:49,935 INFO  [default]            source: Estimated
2026-09-01 21:59:49,935 INFO  [default]   cumulative: 4727
2026-09-01 21:59:49,935 INFO  [default]    inst rate: not used for this commodity code
2026-09-01 21:59:49,935 INFO  [default] commodity code: 10 - Advanced load up total energy storage/take capacity (W-hr)
2026-09-01 21:59:49,935 INFO  [default]            source: Estimated
2026-09-01 21:59:49,935 INFO  [default]   cumulative: 12371
2026-09-01 21:59:49,935 INFO  [default]    inst rate: not used for this commodity code
2026-09-01 21:59:49,935 INFO  [default] commodity code: 11 - Advanced load up present energy storage/take capacity (W-hr)
2026-09-01 21:59:49,936 INFO  [default]            source: Estimated
2026-09-01 21:59:49,936 INFO  [default]   cumulative: 7909
2026-09-01 21:59:49,936 INFO  [default]    inst rate: not used for this commodity code
2026-09-01 21:59:50,138 INFO  [default] link ACK received: query_operational_state
2026-09-01 21:59:50,262 INFO  [default] operational state received: 2

Press Enter for a list of commands
2026-09-01 22:00:19,422 INFO  [default] link ACK received: query_operational_state
2026-09-01 22:00:19,546 INFO  [default] operational state received: 2

Press Enter for a list of commands
2026-09-01 22:00:49,704 INFO  [default] link ACK received: get_commodity
2026-09-01 22:00:49,872 INFO  [default] message type supported received: 2
2026-09-01 22:00:49,872 INFO  [default] commodity response received. response code: 0 - success; count: 6
2026-09-01 22:00:49,873 INFO  [default] commodity code: 0 - Electricity consumed (W & W-hr)
2026-09-01 22:00:49,873 INFO  [default]            source: Estimated
2026-09-01 22:00:49,873 INFO  [default]   cumulative: 146000
2026-09-01 22:00:49,873 INFO  [default]    inst rate: 0
2026-09-01 22:00:49,873 INFO  [default] commodity code 8 - Rated max consumption level electricity (W) is not recorded in the commodity CSV
2026-09-01 22:00:49,874 INFO  [default] commodity code: 6 - Total energy storage/take capacity (W-hr)
2026-09-01 22:00:49,874 INFO  [default]            source: Estimated
2026-09-01 22:00:49,874 INFO  [default]   cumulative: 9190
2026-09-01 22:00:49,874 INFO  [default]    inst rate: not used for this commodity code
2026-09-01 22:00:49,874 INFO  [default] commodity code: 7 - Present energy storage/take capacity (W-hr)
2026-09-01 22:00:49,874 INFO  [default]            source: Estimated
2026-09-01 22:00:49,874 INFO  [default]   cumulative: 4838
2026-09-01 22:00:49,874 INFO  [default]    inst rate: not used for this commodity code
2026-09-01 22:00:49,875 INFO  [default] commodity code: 10 - Advanced load up total energy storage/take capacity (W-hr)
2026-09-01 22:00:49,875 INFO  [default]            source: Estimated
2026-09-01 22:00:49,875 INFO  [default]   cumulative: 12371
2026-09-01 22:00:49,875 INFO  [default]    inst rate: not used for this commodity code
2026-09-01 22:00:49,875 INFO  [default] commodity code: 11 - Advanced load up present energy storage/take capacity (W-hr)
2026-09-01 22:00:49,875 INFO  [default]            source: Estimated
2026-09-01 22:00:49,875 INFO  [default]   cumulative: 8019
2026-09-01 22:00:49,875 INFO  [default]    inst rate: not used for this commodity code
2026-09-01 22:00:50,079 INFO  [default] link ACK received: query_operational_state
2026-09-01 22:00:50,202 INFO  [default] operational state received: 2

Press Enter for a list of commands
2026-09-01 22:01:19,363 INFO  [default] link ACK received: query_operational_state
2026-09-01 22:01:19,486 INFO  [default] operational state received: 2

Press Enter for a list of commands
2026-09-01 22:01:49,642 INFO  [default] link ACK received: get_commodity
2026-09-01 22:01:49,809 INFO  [default] message type supported received: 2
2026-09-01 22:01:49,810 INFO  [default] commodity response received. response code: 0 - success; count: 6
2026-09-01 22:01:49,810 INFO  [default] commodity code: 0 - Electricity consumed (W & W-hr)
2026-09-01 22:01:49,810 INFO  [default]            source: Estimated
2026-09-01 22:01:49,811 INFO  [default]   cumulative: 146000
2026-09-01 22:01:49,811 INFO  [default]    inst rate: 500
2026-09-01 22:01:49,811 INFO  [default] commodity code 8 - Rated max consumption level electricity (W) is not recorded in the commodity CSV
2026-09-01 22:01:49,811 INFO  [default] commodity code: 6 - Total energy storage/take capacity (W-hr)
2026-09-01 22:01:49,811 INFO  [default]            source: Estimated
2026-09-01 22:01:49,811 INFO  [default]   cumulative: 9190
2026-09-01 22:01:49,811 INFO  [default]    inst rate: not used for this commodity code
2026-09-01 22:01:49,811 INFO  [default] commodity code: 7 - Present energy storage/take capacity (W-hr)
2026-09-01 22:01:49,812 INFO  [default]            source: Estimated
2026-09-01 22:01:49,812 INFO  [default]   cumulative: 4992
2026-09-01 22:01:49,812 INFO  [default]    inst rate: not used for this commodity code
2026-09-01 22:01:49,812 INFO  [default] commodity code: 10 - Advanced load up total energy storage/take capacity (W-hr)
2026-09-01 22:01:49,812 INFO  [default]            source: Estimated
2026-09-01 22:01:49,812 INFO  [default]   cumulative: 12371
2026-09-01 22:01:49,812 INFO  [default]    inst rate: not used for this commodity code
2026-09-01 22:01:49,812 INFO  [default] commodity code: 11 - Advanced load up present energy storage/take capacity (W-hr)
2026-09-01 22:01:49,813 INFO  [default]            source: Estimated
2026-09-01 22:01:49,813 INFO  [default]   cumulative: 8174
2026-09-01 22:01:49,813 INFO  [default]    inst rate: not used for this commodity code
2026-09-01 22:01:50,017 INFO  [default] link ACK received: query_operational_state
2026-09-01 22:01:50,141 INFO  [default] operational state received: 2

Press Enter for a list of commands
2026-09-01 22:02:19,300 INFO  [default] link ACK received: query_operational_state
2026-09-01 22:02:19,423 INFO  [default] operational state received: 2

Press Enter for a list of commands
2026-09-01 22:02:49,589 INFO  [default] link ACK received: get_commodity
2026-09-01 22:02:49,758 INFO  [default] message type supported received: 2
2026-09-01 22:02:49,758 INFO  [default] commodity response received. response code: 0 - success; count: 6
2026-09-01 22:02:49,758 INFO  [default] commodity code: 0 - Electricity consumed (W & W-hr)
2026-09-01 22:02:49,758 INFO  [default]            source: Estimated
2026-09-01 22:02:49,758 INFO  [default]   cumulative: 146000
2026-09-01 22:02:49,758 INFO  [default]    inst rate: 500
2026-09-01 22:02:49,758 INFO  [default] commodity code 8 - Rated max consumption level electricity (W) is not recorded in the commodity CSV
2026-09-01 22:02:49,758 INFO  [default] commodity code: 6 - Total energy storage/take capacity (W-hr)
2026-09-01 22:02:49,758 INFO  [default]            source: Estimated
2026-09-01 22:02:49,759 INFO  [default]   cumulative: 9190
2026-09-01 22:02:49,759 INFO  [default]    inst rate: not used for this commodity code
2026-09-01 22:02:49,759 INFO  [default] commodity code: 7 - Present energy storage/take capacity (W-hr)
2026-09-01 22:02:49,759 INFO  [default]            source: Estimated
2026-09-01 22:02:49,759 INFO  [default]   cumulative: 5059
2026-09-01 22:02:49,759 INFO  [default]    inst rate: not used for this commodity code
2026-09-01 22:02:49,759 INFO  [default] commodity code: 10 - Advanced load up total energy storage/take capacity (W-hr)
2026-09-01 22:02:49,759 INFO  [default]            source: Estimated
2026-09-01 22:02:49,759 INFO  [default]   cumulative: 12371
2026-09-01 22:02:49,759 INFO  [default]    inst rate: not used for this commodity code
2026-09-01 22:02:49,759 INFO  [default] commodity code: 11 - Advanced load up present energy storage/take capacity (W-hr)
2026-09-01 22:02:49,759 INFO  [default]            source: Estimated
2026-09-01 22:02:49,759 INFO  [default]   cumulative: 8240
2026-09-01 22:02:49,759 INFO  [default]    inst rate: not used for this commodity code
2026-09-01 22:02:49,962 INFO  [default] link ACK received: query_operational_state
2026-09-01 22:02:50,086 INFO  [default] operational state received: 2

Press Enter for a list of commands
2026-09-01 22:03:19,246 INFO  [default] link ACK received: query_operational_state
2026-09-01 22:03:19,369 INFO  [default] operational state received: 2

Press Enter for a list of commands
2026-09-01 22:03:49,525 INFO  [default] link ACK received: get_commodity
2026-09-01 22:03:49,693 INFO  [default] message type supported received: 2
2026-09-01 22:03:49,693 INFO  [default] commodity response received. response code: 0 - success; count: 6
2026-09-01 22:03:49,694 INFO  [default] commodity code: 0 - Electricity consumed (W & W-hr)
2026-09-01 22:03:49,694 INFO  [default]            source: Estimated
2026-09-01 22:03:49,694 INFO  [default]   cumulative: 146000
2026-09-01 22:03:49,694 INFO  [default]    inst rate: 500
2026-09-01 22:03:49,694 INFO  [default] commodity code 8 - Rated max consumption level electricity (W) is not recorded in the commodity CSV
2026-09-01 22:03:49,694 INFO  [default] commodity code: 6 - Total energy storage/take capacity (W-hr)
2026-09-01 22:03:49,695 INFO  [default]            source: Estimated
2026-09-01 22:03:49,695 INFO  [default]   cumulative: 9190
2026-09-01 22:03:49,695 INFO  [default]    inst rate: not used for this commodity code
2026-09-01 22:03:49,695 INFO  [default] commodity code: 7 - Present energy storage/take capacity (W-hr)
2026-09-01 22:03:49,695 INFO  [default]            source: Estimated
2026-09-01 22:03:49,695 INFO  [default]   cumulative: 5081
2026-09-01 22:03:49,695 INFO  [default]    inst rate: not used for this commodity code
2026-09-01 22:03:49,695 INFO  [default] commodity code: 10 - Advanced load up total energy storage/take capacity (W-hr)
2026-09-01 22:03:49,696 INFO  [default]            source: Estimated
2026-09-01 22:03:49,696 INFO  [default]   cumulative: 12371
2026-09-01 22:03:49,696 INFO  [default]    inst rate: not used for this commodity code
2026-09-01 22:03:49,696 INFO  [default] commodity code: 11 - Advanced load up present energy storage/take capacity (W-hr)
2026-09-01 22:03:49,696 INFO  [default]            source: Estimated
2026-09-01 22:03:49,696 INFO  [default]   cumulative: 8262
2026-09-01 22:03:49,696 INFO  [default]    inst rate: not used for this commodity code
2026-09-01 22:03:49,900 INFO  [default] link ACK received: query_operational_state
2026-09-01 22:03:50,023 INFO  [default] operational state received: 2

Press Enter for a list of commands
2026-09-01 22:04:19,181 INFO  [default] link ACK received: query_operational_state
2026-09-01 22:04:19,305 INFO  [default] operational state received: 2

Press Enter for a list of commands
2026-09-01 22:04:49,467 INFO  [default] link ACK received: get_commodity
2026-09-01 22:04:49,636 INFO  [default] message type supported received: 2
2026-09-01 22:04:49,637 INFO  [default] commodity response received. response code: 0 - success; count: 6
2026-09-01 22:04:49,637 INFO  [default] commodity code: 0 - Electricity consumed (W & W-hr)
2026-09-01 22:04:49,637 INFO  [default]            source: Estimated
2026-09-01 22:04:49,637 INFO  [default]   cumulative: 146000
2026-09-01 22:04:49,637 INFO  [default]    inst rate: 500
2026-09-01 22:04:49,637 INFO  [default] commodity code 8 - Rated max consumption level electricity (W) is not recorded in the commodity CSV
2026-09-01 22:04:49,637 INFO  [default] commodity code: 6 - Total energy storage/take capacity (W-hr)
2026-09-01 22:04:49,637 INFO  [default]            source: Estimated
2026-09-01 22:04:49,637 INFO  [default]   cumulative: 9190
2026-09-01 22:04:49,637 INFO  [default]    inst rate: not used for this commodity code
2026-09-01 22:04:49,637 INFO  [default] commodity code: 7 - Present energy storage/take capacity (W-hr)
2026-09-01 22:04:49,637 INFO  [default]            source: Estimated
2026-09-01 22:04:49,637 INFO  [default]   cumulative: 5103
2026-09-01 22:04:49,637 INFO  [default]    inst rate: not used for this commodity code
2026-09-01 22:04:49,637 INFO  [default] commodity code: 10 - Advanced load up total energy storage/take capacity (W-hr)
2026-09-01 22:04:49,638 INFO  [default]            source: Estimated
2026-09-01 22:04:49,638 INFO  [default]   cumulative: 12371
2026-09-01 22:04:49,638 INFO  [default]    inst rate: not used for this commodity code
2026-09-01 22:04:49,638 INFO  [default] commodity code: 11 - Advanced load up present energy storage/take capacity (W-hr)
2026-09-01 22:04:49,638 INFO  [default]            source: Estimated
2026-09-01 22:04:49,638 INFO  [default]   cumulative: 8284
2026-09-01 22:04:49,638 INFO  [default]    inst rate: not used for this commodity code
2026-09-01 22:04:49,840 INFO  [default] link ACK received: query_operational_state
2026-09-01 22:04:49,963 INFO  [default] operational state received: 2

Press Enter for a list of commands
2026-09-01 22:05:19,124 INFO  [default] link ACK received: query_operational_state
2026-09-01 22:05:19,248 INFO  [default] operational state received: 2

Press Enter for a list of commands
2026-09-01 22:05:49,411 INFO  [default] link ACK received: get_commodity
2026-09-01 22:05:49,579 INFO  [default] message type supported received: 2
2026-09-01 22:05:49,580 INFO  [default] commodity response received. response code: 0 - success; count: 6
2026-09-01 22:05:49,580 INFO  [default] commodity code: 0 - Electricity consumed (W & W-hr)
2026-09-01 22:05:49,580 INFO  [default]            source: Estimated
2026-09-01 22:05:49,580 INFO  [default]   cumulative: 146000
2026-09-01 22:05:49,581 INFO  [default]    inst rate: 500
2026-09-01 22:05:49,581 INFO  [default] commodity code 8 - Rated max consumption level electricity (W) is not recorded in the commodity CSV
2026-09-01 22:05:49,581 INFO  [default] commodity code: 6 - Total energy storage/take capacity (W-hr)
2026-09-01 22:05:49,581 INFO  [default]            source: Estimated
2026-09-01 22:05:49,581 INFO  [default]   cumulative: 9190
2026-09-01 22:05:49,581 INFO  [default]    inst rate: not used for this commodity code
2026-09-01 22:05:49,582 INFO  [default] commodity code: 7 - Present energy storage/take capacity (W-hr)
2026-09-01 22:05:49,582 INFO  [default]            source: Estimated
2026-09-01 22:05:49,582 INFO  [default]   cumulative: 5125
2026-09-01 22:05:49,582 INFO  [default]    inst rate: not used for this commodity code
2026-09-01 22:05:49,582 INFO  [default] commodity code: 10 - Advanced load up total energy storage/take capacity (W-hr)
2026-09-01 22:05:49,582 INFO  [default]            source: Estimated
2026-09-01 22:05:49,582 INFO  [default]   cumulative: 12371
2026-09-01 22:05:49,582 INFO  [default]    inst rate: not used for this commodity code
2026-09-01 22:05:49,583 INFO  [default] commodity code: 11 - Advanced load up present energy storage/take capacity (W-hr)
2026-09-01 22:05:49,583 INFO  [default]            source: Estimated
2026-09-01 22:05:49,583 INFO  [default]   cumulative: 8306
2026-09-01 22:05:49,583 INFO  [default]    inst rate: not used for this commodity code
2026-09-01 22:05:49,785 INFO  [default] link ACK received: query_operational_state
2026-09-01 22:05:49,910 INFO  [default] operational state received: 2

Press Enter for a list of commands
2026-09-01 22:06:19,069 INFO  [default] link ACK received: query_operational_state
2026-09-01 22:06:19,193 INFO  [default] operational state received: 2

Press Enter for a list of commands
1788325609,o,0 (PASSED!)
outside communication found
2026-09-01 22:06:49,350 INFO  [default] link ACK received: outside_communication
2026-09-01 22:06:49,473 INFO  [default] app ack received
2026-09-01 22:06:49,676 INFO  [default] link ACK received: get_commodity
2026-09-01 22:06:49,844 INFO  [default] message type supported received: 2
2026-09-01 22:06:49,844 INFO  [default] commodity response received. response code: 0 - success; count: 6
2026-09-01 22:06:49,844 INFO  [default] commodity code: 0 - Electricity consumed (W & W-hr)
2026-09-01 22:06:49,844 INFO  [default]            source: Estimated
2026-09-01 22:06:49,844 INFO  [default]   cumulative: 146000
2026-09-01 22:06:49,844 INFO  [default]    inst rate: 500
2026-09-01 22:06:49,844 INFO  [default] commodity code 8 - Rated max consumption level electricity (W) is not recorded in the commodity CSV
2026-09-01 22:06:49,844 INFO  [default] commodity code: 6 - Total energy storage/take capacity (W-hr)
2026-09-01 22:06:49,844 INFO  [default]            source: Estimated
2026-09-01 22:06:49,844 INFO  [default]   cumulative: 9190
2026-09-01 22:06:49,845 INFO  [default]    inst rate: not used for this commodity code
2026-09-01 22:06:49,845 INFO  [default] commodity code: 7 - Present energy storage/take capacity (W-hr)
2026-09-01 22:06:49,845 INFO  [default]            source: Estimated
2026-09-01 22:06:49,845 INFO  [default]   cumulative: 5147
2026-09-01 22:06:49,845 INFO  [default]    inst rate: not used for this commodity code
2026-09-01 22:06:49,845 INFO  [default] commodity code: 10 - Advanced load up total energy storage/take capacity (W-hr)
2026-09-01 22:06:49,845 INFO  [default]            source: Estimated
2026-09-01 22:06:49,845 INFO  [default]   cumulative: 12371
2026-09-01 22:06:49,845 INFO  [default]    inst rate: not used for this commodity code
2026-09-01 22:06:49,845 INFO  [default] commodity code: 11 - Advanced load up present energy storage/take capacity (W-hr)
2026-09-01 22:06:49,845 INFO  [default]            source: Estimated
2026-09-01 22:06:49,845 INFO  [default]   cumulative: 8328
2026-09-01 22:06:49,845 INFO  [default]    inst rate: not used for this commodity code
2026-09-01 22:06:50,048 INFO  [default] link ACK received: query_operational_state
2026-09-01 22:06:50,171 INFO  [default] operational state received: 2

Press Enter for a list of commands
2026-09-01 22:07:19,329 INFO  [default] link ACK received: query_operational_state
2026-09-01 22:07:19,453 INFO  [default] operational state received: 2

Press Enter for a list of commands
2026-09-01 22:07:49,614 INFO  [default] link ACK received: get_commodity
2026-09-01 22:07:49,782 INFO  [default] message type supported received: 2
2026-09-01 22:07:49,782 INFO  [default] commodity response received. response code: 0 - success; count: 6
2026-09-01 22:07:49,783 INFO  [default] commodity code: 0 - Electricity consumed (W & W-hr)
2026-09-01 22:07:49,783 INFO  [default]            source: Estimated
2026-09-01 22:07:49,783 INFO  [default]   cumulative: 146000
2026-09-01 22:07:49,783 INFO  [default]    inst rate: 500
2026-09-01 22:07:49,783 INFO  [default] commodity code 8 - Rated max consumption level electricity (W) is not recorded in the commodity CSV
2026-09-01 22:07:49,783 INFO  [default] commodity code: 6 - Total energy storage/take capacity (W-hr)
2026-09-01 22:07:49,783 INFO  [default]            source: Estimated
2026-09-01 22:07:49,783 INFO  [default]   cumulative: 9190
2026-09-01 22:07:49,783 INFO  [default]    inst rate: not used for this commodity code
2026-09-01 22:07:49,783 INFO  [default] commodity code: 7 - Present energy storage/take capacity (W-hr)
2026-09-01 22:07:49,783 INFO  [default]            source: Estimated
2026-09-01 22:07:49,783 INFO  [default]   cumulative: 5147
2026-09-01 22:07:49,783 INFO  [default]    inst rate: not used for this commodity code
2026-09-01 22:07:49,783 INFO  [default] commodity code: 10 - Advanced load up total energy storage/take capacity (W-hr)
2026-09-01 22:07:49,783 INFO  [default]            source: Estimated
2026-09-01 22:07:49,783 INFO  [default]   cumulative: 12371
2026-09-01 22:07:49,783 INFO  [default]    inst rate: not used for this commodity code
2026-09-01 22:07:49,783 INFO  [default] commodity code: 11 - Advanced load up present energy storage/take capacity (W-hr)
2026-09-01 22:07:49,783 INFO  [default]            source: Estimated
2026-09-01 22:07:49,784 INFO  [default]   cumulative: 8328
2026-09-01 22:07:49,784 INFO  [default]    inst rate: not used for this commodity code
2026-09-01 22:07:49,986 INFO  [default] link ACK received: query_operational_state
2026-09-01 22:07:50,109 INFO  [default] operational state received: 2

Press Enter for a list of commands
2026-09-01 22:08:19,269 INFO  [default] link ACK received: query_operational_state
2026-09-01 22:08:19,393 INFO  [default] operational state received: 2

Press Enter for a list of commands
2026-09-01 22:08:49,550 INFO  [default] link ACK received: get_commodity
2026-09-01 22:08:49,719 INFO  [default] message type supported received: 2
2026-09-01 22:08:49,719 INFO  [default] commodity response received. response code: 0 - success; count: 6
2026-09-01 22:08:49,719 INFO  [default] commodity code: 0 - Electricity consumed (W & W-hr)
2026-09-01 22:08:49,719 INFO  [default]            source: Estimated
2026-09-01 22:08:49,719 INFO  [default]   cumulative: 146000
2026-09-01 22:08:49,719 INFO  [default]    inst rate: 500
2026-09-01 22:08:49,719 INFO  [default] commodity code 8 - Rated max consumption level electricity (W) is not recorded in the commodity CSV
2026-09-01 22:08:49,719 INFO  [default] commodity code: 6 - Total energy storage/take capacity (W-hr)
2026-09-01 22:08:49,719 INFO  [default]            source: Estimated
2026-09-01 22:08:49,719 INFO  [default]   cumulative: 9190
2026-09-01 22:08:49,719 INFO  [default]    inst rate: not used for this commodity code
2026-09-01 22:08:49,719 INFO  [default] commodity code: 7 - Present energy storage/take capacity (W-hr)
2026-09-01 22:08:49,719 INFO  [default]            source: Estimated
2026-09-01 22:08:49,719 INFO  [default]   cumulative: 5213
2026-09-01 22:08:49,719 INFO  [default]    inst rate: not used for this commodity code
2026-09-01 22:08:49,719 INFO  [default] commodity code: 10 - Advanced load up total energy storage/take capacity (W-hr)
2026-09-01 22:08:49,719 INFO  [default]            source: Estimated
2026-09-01 22:08:49,719 INFO  [default]   cumulative: 12371
2026-09-01 22:08:49,720 INFO  [default]    inst rate: not used for this commodity code
2026-09-01 22:08:49,720 INFO  [default] commodity code: 11 - Advanced load up present energy storage/take capacity (W-hr)
2026-09-01 22:08:49,720 INFO  [default]            source: Estimated
2026-09-01 22:08:49,720 INFO  [default]   cumulative: 8395
2026-09-01 22:08:49,720 INFO  [default]    inst rate: not used for this commodity code
2026-09-01 22:08:49,922 INFO  [default] link ACK received: query_operational_state
2026-09-01 22:08:50,046 INFO  [default] operational state received: 2

Press Enter for a list of commands
2026-09-01 22:09:19,203 INFO  [default] link ACK received: query_operational_state
2026-09-01 22:09:19,327 INFO  [default] operational state received: 2

Press Enter for a list of commands
2026-09-01 22:09:49,488 INFO  [default] link ACK received: get_commodity
2026-09-01 22:09:49,657 INFO  [default] message type supported received: 2
2026-09-01 22:09:49,658 INFO  [default] commodity response received. response code: 0 - success; count: 6
2026-09-01 22:09:49,658 INFO  [default] commodity code: 0 - Electricity consumed (W & W-hr)
2026-09-01 22:09:49,658 INFO  [default]            source: Estimated
2026-09-01 22:09:49,658 INFO  [default]   cumulative: 146000
2026-09-01 22:09:49,659 INFO  [default]    inst rate: 500
2026-09-01 22:09:49,659 INFO  [default] commodity code 8 - Rated max consumption level electricity (W) is not recorded in the commodity CSV
2026-09-01 22:09:49,659 INFO  [default] commodity code: 6 - Total energy storage/take capacity (W-hr)
2026-09-01 22:09:49,659 INFO  [default]            source: Estimated
2026-09-01 22:09:49,659 INFO  [default]   cumulative: 9190
2026-09-01 22:09:49,659 INFO  [default]    inst rate: not used for this commodity code
2026-09-01 22:09:49,659 INFO  [default] commodity code: 7 - Present energy storage/take capacity (W-hr)
2026-09-01 22:09:49,659 INFO  [default]            source: Estimated
2026-09-01 22:09:49,660 INFO  [default]   cumulative: 5346
2026-09-01 22:09:49,660 INFO  [default]    inst rate: not used for this commodity code
2026-09-01 22:09:49,660 INFO  [default] commodity code: 10 - Advanced load up total energy storage/take capacity (W-hr)
2026-09-01 22:09:49,660 INFO  [default]            source: Estimated
2026-09-01 22:09:49,660 INFO  [default]   cumulative: 12371
2026-09-01 22:09:49,660 INFO  [default]    inst rate: not used for this commodity code
2026-09-01 22:09:49,660 INFO  [default] commodity code: 11 - Advanced load up present energy storage/take capacity (W-hr)
2026-09-01 22:09:49,660 INFO  [default]            source: Estimated
2026-09-01 22:09:49,661 INFO  [default]   cumulative: 8527
2026-09-01 22:09:49,661 INFO  [default]    inst rate: not used for this commodity code
2026-09-01 22:09:49,863 INFO  [default] link ACK received: query_operational_state
2026-09-01 22:09:49,986 INFO  [default] operational state received: 2

Press Enter for a list of commands
2026-09-01 22:10:19,146 INFO  [default] link ACK received: query_operational_state
2026-09-01 22:10:19,270 INFO  [default] operational state received: 2

Press Enter for a list of commands
2026-09-01 22:10:49,428 INFO  [default] link ACK received: get_commodity
2026-09-01 22:10:49,597 INFO  [default] message type supported received: 2
2026-09-01 22:10:49,598 INFO  [default] commodity response received. response code: 0 - success; count: 6
2026-09-01 22:10:49,598 INFO  [default] commodity code: 0 - Electricity consumed (W & W-hr)
2026-09-01 22:10:49,598 INFO  [default]            source: Estimated
2026-09-01 22:10:49,599 INFO  [default]   cumulative: 146000
2026-09-01 22:10:49,599 INFO  [default]    inst rate: 500
2026-09-01 22:10:49,599 INFO  [default] commodity code 8 - Rated max consumption level electricity (W) is not recorded in the commodity CSV
2026-09-01 22:10:49,599 INFO  [default] commodity code: 6 - Total energy storage/take capacity (W-hr)
2026-09-01 22:10:49,599 INFO  [default]            source: Estimated
2026-09-01 22:10:49,599 INFO  [default]   cumulative: 9190
2026-09-01 22:10:49,599 INFO  [default]    inst rate: not used for this commodity code
2026-09-01 22:10:49,599 INFO  [default] commodity code: 7 - Present energy storage/take capacity (W-hr)
2026-09-01 22:10:49,600 INFO  [default]            source: Estimated
2026-09-01 22:10:49,600 INFO  [default]   cumulative: 5501
2026-09-01 22:10:49,600 INFO  [default]    inst rate: not used for this commodity code
2026-09-01 22:10:49,600 INFO  [default] commodity code: 10 - Advanced load up total energy storage/take capacity (W-hr)
2026-09-01 22:10:49,600 INFO  [default]            source: Estimated
2026-09-01 22:10:49,600 INFO  [default]   cumulative: 12371
2026-09-01 22:10:49,600 INFO  [default]    inst rate: not used for this commodity code
2026-09-01 22:10:49,600 INFO  [default] commodity code: 11 - Advanced load up present energy storage/take capacity (W-hr)
2026-09-01 22:10:49,601 INFO  [default]            source: Estimated
2026-09-01 22:10:49,601 INFO  [default]   cumulative: 8682
2026-09-01 22:10:49,601 INFO  [default]    inst rate: not used for this commodity code
2026-09-01 22:10:49,803 INFO  [default] link ACK received: query_operational_state
2026-09-01 22:10:49,927 INFO  [default] operational state received: 2

Press Enter for a list of commands
2026-09-01 22:11:19,085 INFO  [default] link ACK received: query_operational_state
2026-09-01 22:11:19,209 INFO  [default] operational state received: 2

Press Enter for a list of commands
2026-09-01 22:11:49,365 INFO  [default] link ACK received: get_commodity
2026-09-01 22:11:49,533 INFO  [default] message type supported received: 2
2026-09-01 22:11:49,533 INFO  [default] commodity response received. response code: 0 - success; count: 6
2026-09-01 22:11:49,533 INFO  [default] commodity code: 0 - Electricity consumed (W & W-hr)
2026-09-01 22:11:49,533 INFO  [default]            source: Estimated
2026-09-01 22:11:49,533 INFO  [default]   cumulative: 146000
2026-09-01 22:11:49,533 INFO  [default]    inst rate: 500
2026-09-01 22:11:49,533 INFO  [default] commodity code 8 - Rated max consumption level electricity (W) is not recorded in the commodity CSV
2026-09-01 22:11:49,533 INFO  [default] commodity code: 6 - Total energy storage/take capacity (W-hr)
2026-09-01 22:11:49,534 INFO  [default]            source: Estimated
2026-09-01 22:11:49,534 INFO  [default]   cumulative: 9190
2026-09-01 22:11:49,534 INFO  [default]    inst rate: not used for this commodity code
2026-09-01 22:11:49,534 INFO  [default] commodity code: 7 - Present energy storage/take capacity (W-hr)
2026-09-01 22:11:49,534 INFO  [default]            source: Estimated
2026-09-01 22:11:49,534 INFO  [default]   cumulative: 5677
2026-09-01 22:11:49,534 INFO  [default]    inst rate: not used for this commodity code
2026-09-01 22:11:49,534 INFO  [default] commodity code: 10 - Advanced load up total energy storage/take capacity (W-hr)
2026-09-01 22:11:49,534 INFO  [default]            source: Estimated
2026-09-01 22:11:49,534 INFO  [default]   cumulative: 12371
2026-09-01 22:11:49,534 INFO  [default]    inst rate: not used for this commodity code
2026-09-01 22:11:49,534 INFO  [default] commodity code: 11 - Advanced load up present energy storage/take capacity (W-hr)
2026-09-01 22:11:49,534 INFO  [default]            source: Estimated
2026-09-01 22:11:49,534 INFO  [default]   cumulative: 8859
2026-09-01 22:11:49,534 INFO  [default]    inst rate: not used for this commodity code
2026-09-01 22:11:49,737 INFO  [default] link ACK received: query_operational_state
2026-09-01 22:11:49,860 INFO  [default] operational state received: 2

Press Enter for a list of commands
2026-09-01 22:12:19,021 INFO  [default] link ACK received: query_operational_state
2026-09-01 22:12:19,144 INFO  [default] operational state received: 2

Press Enter for a list of commands
2026-09-01 22:12:49,305 INFO  [default] link ACK received: get_commodity
2026-09-01 22:12:49,475 INFO  [default] message type supported received: 2
2026-09-01 22:12:49,475 INFO  [default] commodity response received. response code: 0 - success; count: 6
2026-09-01 22:12:49,476 INFO  [default] commodity code: 0 - Electricity consumed (W & W-hr)
2026-09-01 22:12:49,476 INFO  [default]            source: Estimated
2026-09-01 22:12:49,476 INFO  [default]   cumulative: 146000
2026-09-01 22:12:49,476 INFO  [default]    inst rate: 500
2026-09-01 22:12:49,477 INFO  [default] commodity code 8 - Rated max consumption level electricity (W) is not recorded in the commodity CSV
2026-09-01 22:12:49,477 INFO  [default] commodity code: 6 - Total energy storage/take capacity (W-hr)
2026-09-01 22:12:49,477 INFO  [default]            source: Estimated
2026-09-01 22:12:49,477 INFO  [default]   cumulative: 9190
2026-09-01 22:12:49,477 INFO  [default]    inst rate: not used for this commodity code
2026-09-01 22:12:49,477 INFO  [default] commodity code: 7 - Present energy storage/take capacity (W-hr)
2026-09-01 22:12:49,478 INFO  [default]            source: Estimated
2026-09-01 22:12:49,478 INFO  [default]   cumulative: 5832
2026-09-01 22:12:49,478 INFO  [default]    inst rate: not used for this commodity code
2026-09-01 22:12:49,478 INFO  [default] commodity code: 10 - Advanced load up total energy storage/take capacity (W-hr)
2026-09-01 22:12:49,478 INFO  [default]            source: Estimated
2026-09-01 22:12:49,478 INFO  [default]   cumulative: 12371
2026-09-01 22:12:49,478 INFO  [default]    inst rate: not used for this commodity code
2026-09-01 22:12:49,478 INFO  [default] commodity code: 11 - Advanced load up present energy storage/take capacity (W-hr)
2026-09-01 22:12:49,478 INFO  [default]            source: Estimated
2026-09-01 22:12:49,479 INFO  [default]   cumulative: 9013
2026-09-01 22:12:49,479 INFO  [default]    inst rate: not used for this commodity code
2026-09-01 22:12:49,684 INFO  [default] link ACK received: query_operational_state
2026-09-01 22:12:49,807 INFO  [default] operational state received: 2

Press Enter for a list of commands
2026-09-01 22:13:19,968 INFO  [default] link ACK received: query_operational_state
2026-09-01 22:13:20,091 INFO  [default] operational state received: 2

Press Enter for a list of commands
2026-09-01 22:13:49,251 INFO  [default] link ACK received: get_commodity
2026-09-01 22:13:49,420 INFO  [default] message type supported received: 2
2026-09-01 22:13:49,420 INFO  [default] commodity response received. response code: 0 - success; count: 6
2026-09-01 22:13:49,421 INFO  [default] commodity code: 0 - Electricity consumed (W & W-hr)
2026-09-01 22:13:49,421 INFO  [default]            source: Estimated
2026-09-01 22:13:49,421 INFO  [default]   cumulative: 146000
2026-09-01 22:13:49,421 INFO  [default]    inst rate: 500
2026-09-01 22:13:49,421 INFO  [default] commodity code 8 - Rated max consumption level electricity (W) is not recorded in the commodity CSV
2026-09-01 22:13:49,422 INFO  [default] commodity code: 6 - Total energy storage/take capacity (W-hr)
2026-09-01 22:13:49,422 INFO  [default]            source: Estimated
2026-09-01 22:13:49,422 INFO  [default]   cumulative: 9190
2026-09-01 22:13:49,422 INFO  [default]    inst rate: not used for this commodity code
2026-09-01 22:13:49,422 INFO  [default] commodity code: 7 - Present energy storage/take capacity (W-hr)
2026-09-01 22:13:49,422 INFO  [default]            source: Estimated
2026-09-01 22:13:49,422 INFO  [default]   cumulative: 5987
2026-09-01 22:13:49,422 INFO  [default]    inst rate: not used for this commodity code
2026-09-01 22:13:49,423 INFO  [default] commodity code: 10 - Advanced load up total energy storage/take capacity (W-hr)
2026-09-01 22:13:49,423 INFO  [default]            source: Estimated
2026-09-01 22:13:49,423 INFO  [default]   cumulative: 12371
2026-09-01 22:13:49,423 INFO  [default]    inst rate: not used for this commodity code
2026-09-01 22:13:49,423 INFO  [default] commodity code: 11 - Advanced load up present energy storage/take capacity (W-hr)
2026-09-01 22:13:49,423 INFO  [default]            source: Estimated
2026-09-01 22:13:49,423 INFO  [default]   cumulative: 9168
2026-09-01 22:13:49,423 INFO  [default]    inst rate: not used for this commodity code
2026-09-01 22:13:49,626 INFO  [default] link ACK received: query_operational_state
2026-09-01 22:13:49,749 INFO  [default] operational state received: 2

Press Enter for a list of commands
2026-09-01 22:14:19,911 INFO  [default] link ACK received: query_operational_state
2026-09-01 22:14:20,034 INFO  [default] operational state received: 2

Press Enter for a list of commands
2026-09-01 22:14:49,189 INFO  [default] link ACK received: get_commodity
2026-09-01 22:14:49,359 INFO  [default] message type supported received: 2
2026-09-01 22:14:49,359 INFO  [default] commodity response received. response code: 0 - success; count: 6
2026-09-01 22:14:49,360 INFO  [default] commodity code: 0 - Electricity consumed (W & W-hr)
2026-09-01 22:14:49,360 INFO  [default]            source: Estimated
2026-09-01 22:14:49,360 INFO  [default]   cumulative: 146000
2026-09-01 22:14:49,360 INFO  [default]    inst rate: 500
2026-09-01 22:14:49,360 INFO  [default] commodity code 8 - Rated max consumption level electricity (W) is not recorded in the commodity CSV
2026-09-01 22:14:49,360 INFO  [default] commodity code: 6 - Total energy storage/take capacity (W-hr)
2026-09-01 22:14:49,360 INFO  [default]            source: Estimated
2026-09-01 22:14:49,360 INFO  [default]   cumulative: 9190
2026-09-01 22:14:49,361 INFO  [default]    inst rate: not used for this commodity code
2026-09-01 22:14:49,361 INFO  [default] commodity code: 7 - Present energy storage/take capacity (W-hr)
2026-09-01 22:14:49,361 INFO  [default]            source: Estimated
2026-09-01 22:14:49,361 INFO  [default]   cumulative: 6075
2026-09-01 22:14:49,361 INFO  [default]    inst rate: not used for this commodity code
2026-09-01 22:14:49,361 INFO  [default] commodity code: 10 - Advanced load up total energy storage/take capacity (W-hr)
2026-09-01 22:14:49,362 INFO  [default]            source: Estimated
2026-09-01 22:14:49,362 INFO  [default]   cumulative: 12371
2026-09-01 22:14:49,362 INFO  [default]    inst rate: not used for this commodity code
2026-09-01 22:14:49,362 INFO  [default] commodity code: 11 - Advanced load up present energy storage/take capacity (W-hr)
2026-09-01 22:14:49,362 INFO  [default]            source: Estimated
2026-09-01 22:14:49,362 INFO  [default]   cumulative: 9256
2026-09-01 22:14:49,362 INFO  [default]    inst rate: not used for this commodity code
2026-09-01 22:14:49,564 INFO  [default] link ACK received: query_operational_state
2026-09-01 22:14:49,688 INFO  [default] operational state received: 2

Press Enter for a list of commands
2026-09-01 22:15:19,851 INFO  [default] link ACK received: query_operational_state
2026-09-01 22:15:19,976 INFO  [default] operational state received: 2

Press Enter for a list of commands
2026-09-01 22:15:49,130 INFO  [default] link ACK received: get_commodity
2026-09-01 22:15:49,298 INFO  [default] message type supported received: 2
2026-09-01 22:15:49,299 INFO  [default] commodity response received. response code: 0 - success; count: 6
2026-09-01 22:15:49,299 INFO  [default] commodity code: 0 - Electricity consumed (W & W-hr)
2026-09-01 22:15:49,299 INFO  [default]            source: Estimated
2026-09-01 22:15:49,299 INFO  [default]   cumulative: 146000
2026-09-01 22:15:49,299 INFO  [default]    inst rate: 500
2026-09-01 22:15:49,299 INFO  [default] commodity code 8 - Rated max consumption level electricity (W) is not recorded in the commodity CSV
2026-09-01 22:15:49,299 INFO  [default] commodity code: 6 - Total energy storage/take capacity (W-hr)
2026-09-01 22:15:49,299 INFO  [default]            source: Estimated
2026-09-01 22:15:49,299 INFO  [default]   cumulative: 9190
2026-09-01 22:15:49,300 INFO  [default]    inst rate: not used for this commodity code
2026-09-01 22:15:49,300 INFO  [default] commodity code: 7 - Present energy storage/take capacity (W-hr)
2026-09-01 22:15:49,300 INFO  [default]            source: Estimated
2026-09-01 22:15:49,300 INFO  [default]   cumulative: 6163
2026-09-01 22:15:49,300 INFO  [default]    inst rate: not used for this commodity code
2026-09-01 22:15:49,300 INFO  [default] commodity code: 10 - Advanced load up total energy storage/take capacity (W-hr)
2026-09-01 22:15:49,300 INFO  [default]            source: Estimated
2026-09-01 22:15:49,300 INFO  [default]   cumulative: 12371
2026-09-01 22:15:49,300 INFO  [default]    inst rate: not used for this commodity code
2026-09-01 22:15:49,300 INFO  [default] commodity code: 11 - Advanced load up present energy storage/take capacity (W-hr)
2026-09-01 22:15:49,300 INFO  [default]            source: Estimated
2026-09-01 22:15:49,300 INFO  [default]   cumulative: 9345
2026-09-01 22:15:49,300 INFO  [default]    inst rate: not used for this commodity code
2026-09-01 22:15:49,503 INFO  [default] link ACK received: query_operational_state
2026-09-01 22:15:49,627 INFO  [default] operational state received: 2

Press Enter for a list of commands
2026-09-01 22:16:19,788 INFO  [default] link ACK received: query_operational_state
2026-09-01 22:16:19,912 INFO  [default] operational state received: 2

Press Enter for a list of commands
1788326209,o,0 (PASSED!)
outside communication found
2026-09-01 22:16:49,072 INFO  [default] link ACK received: outside_communication
2026-09-01 22:16:49,196 INFO  [default] app ack received
2026-09-01 22:16:49,399 INFO  [default] link ACK received: get_commodity
2026-09-01 22:16:49,567 INFO  [default] message type supported received: 2
2026-09-01 22:16:49,567 INFO  [default] commodity response received. response code: 0 - success; count: 6
2026-09-01 22:16:49,567 INFO  [default] commodity code: 0 - Electricity consumed (W & W-hr)
2026-09-01 22:16:49,567 INFO  [default]            source: Estimated
2026-09-01 22:16:49,567 INFO  [default]   cumulative: 146000
2026-09-01 22:16:49,567 INFO  [default]    inst rate: 500
2026-09-01 22:16:49,567 INFO  [default] commodity code 8 - Rated max consumption level electricity (W) is not recorded in the commodity CSV
2026-09-01 22:16:49,567 INFO  [default] commodity code: 6 - Total energy storage/take capacity (W-hr)
2026-09-01 22:16:49,567 INFO  [default]            source: Estimated
2026-09-01 22:16:49,567 INFO  [default]   cumulative: 9190
2026-09-01 22:16:49,568 INFO  [default]    inst rate: not used for this commodity code
2026-09-01 22:16:49,568 INFO  [default] commodity code: 7 - Present energy storage/take capacity (W-hr)
2026-09-01 22:16:49,568 INFO  [default]            source: Estimated
2026-09-01 22:16:49,568 INFO  [default]   cumulative: 6185
2026-09-01 22:16:49,568 INFO  [default]    inst rate: not used for this commodity code
2026-09-01 22:16:49,568 INFO  [default] commodity code: 10 - Advanced load up total energy storage/take capacity (W-hr)
2026-09-01 22:16:49,568 INFO  [default]            source: Estimated
2026-09-01 22:16:49,568 INFO  [default]   cumulative: 12371
2026-09-01 22:16:49,568 INFO  [default]    inst rate: not used for this commodity code
2026-09-01 22:16:49,568 INFO  [default] commodity code: 11 - Advanced load up present energy storage/take capacity (W-hr)
2026-09-01 22:16:49,568 INFO  [default]            source: Estimated
2026-09-01 22:16:49,568 INFO  [default]   cumulative: 9367
2026-09-01 22:16:49,568 INFO  [default]    inst rate: not used for this commodity code
2026-09-01 22:16:49,770 INFO  [default] link ACK received: query_operational_state
2026-09-01 22:16:49,894 INFO  [default] operational state received: 2

Press Enter for a list of commands
2026-09-01 22:17:19,052 INFO  [default] link ACK received: query_operational_state
2026-09-01 22:17:19,176 INFO  [default] operational state received: 2

Press Enter for a list of commands
2026-09-01 22:17:49,335 INFO  [default] link ACK received: get_commodity
2026-09-01 22:17:49,505 INFO  [default] message type supported received: 2
2026-09-01 22:17:49,505 INFO  [default] commodity response received. response code: 0 - success; count: 6
2026-09-01 22:17:49,506 INFO  [default] commodity code: 0 - Electricity consumed (W & W-hr)
2026-09-01 22:17:49,506 INFO  [default]            source: Estimated
2026-09-01 22:17:49,506 INFO  [default]   cumulative: 146000
2026-09-01 22:17:49,506 INFO  [default]    inst rate: 500
2026-09-01 22:17:49,506 INFO  [default] commodity code 8 - Rated max consumption level electricity (W) is not recorded in the commodity CSV
2026-09-01 22:17:49,506 INFO  [default] commodity code: 6 - Total energy storage/take capacity (W-hr)
2026-09-01 22:17:49,506 INFO  [default]            source: Estimated
2026-09-01 22:17:49,506 INFO  [default]   cumulative: 9190
2026-09-01 22:17:49,506 INFO  [default]    inst rate: not used for this commodity code
2026-09-01 22:17:49,506 INFO  [default] commodity code: 7 - Present energy storage/take capacity (W-hr)
2026-09-01 22:17:49,507 INFO  [default]            source: Estimated
2026-09-01 22:17:49,507 INFO  [default]   cumulative: 6208
2026-09-01 22:17:49,507 INFO  [default]    inst rate: not used for this commodity code
2026-09-01 22:17:49,507 INFO  [default] commodity code: 10 - Advanced load up total energy storage/take capacity (W-hr)
2026-09-01 22:17:49,507 INFO  [default]            source: Estimated
2026-09-01 22:17:49,507 INFO  [default]   cumulative: 12371
2026-09-01 22:17:49,507 INFO  [default]    inst rate: not used for this commodity code
2026-09-01 22:17:49,507 INFO  [default] commodity code: 11 - Advanced load up present energy storage/take capacity (W-hr)
2026-09-01 22:17:49,507 INFO  [default]            source: Estimated
2026-09-01 22:17:49,507 INFO  [default]   cumulative: 9389
2026-09-01 22:17:49,507 INFO  [default]    inst rate: not used for this commodity code
2026-09-01 22:17:49,710 INFO  [default] link ACK received: query_operational_state
2026-09-01 22:17:49,833 INFO  [default] operational state received: 2

Press Enter for a list of commands
2026-09-01 22:18:19,993 INFO  [default] link ACK received: query_operational_state
2026-09-01 22:18:20,117 INFO  [default] operational state received: 2

Press Enter for a list of commands
2026-09-01 22:18:49,273 INFO  [default] link ACK received: get_commodity
2026-09-01 22:18:49,442 INFO  [default] message type supported received: 2
2026-09-01 22:18:49,442 INFO  [default] commodity response received. response code: 0 - success; count: 6
2026-09-01 22:18:49,443 INFO  [default] commodity code: 0 - Electricity consumed (W & W-hr)
2026-09-01 22:18:49,443 INFO  [default]            source: Estimated
2026-09-01 22:18:49,443 INFO  [default]   cumulative: 146000
2026-09-01 22:18:49,443 INFO  [default]    inst rate: 500
2026-09-01 22:18:49,443 INFO  [default] commodity code 8 - Rated max consumption level electricity (W) is not recorded in the commodity CSV
2026-09-01 22:18:49,443 INFO  [default] commodity code: 6 - Total energy storage/take capacity (W-hr)
2026-09-01 22:18:49,443 INFO  [default]            source: Estimated
2026-09-01 22:18:49,443 INFO  [default]   cumulative: 9190
2026-09-01 22:18:49,443 INFO  [default]    inst rate: not used for this commodity code
2026-09-01 22:18:49,443 INFO  [default] commodity code: 7 - Present energy storage/take capacity (W-hr)
2026-09-01 22:18:49,443 INFO  [default]            source: Estimated
2026-09-01 22:18:49,443 INFO  [default]   cumulative: 6230
2026-09-01 22:18:49,444 INFO  [default]    inst rate: not used for this commodity code
2026-09-01 22:18:49,444 INFO  [default] commodity code: 10 - Advanced load up total energy storage/take capacity (W-hr)
2026-09-01 22:18:49,444 INFO  [default]            source: Estimated
2026-09-01 22:18:49,444 INFO  [default]   cumulative: 12371
2026-09-01 22:18:49,444 INFO  [default]    inst rate: not used for this commodity code
2026-09-01 22:18:49,444 INFO  [default] commodity code: 11 - Advanced load up present energy storage/take capacity (W-hr)
2026-09-01 22:18:49,444 INFO  [default]            source: Estimated
2026-09-01 22:18:49,444 INFO  [default]   cumulative: 9411
2026-09-01 22:18:49,444 INFO  [default]    inst rate: not used for this commodity code
2026-09-01 22:18:49,647 INFO  [default] link ACK received: query_operational_state
2026-09-01 22:18:49,771 INFO  [default] operational state received: 2

Press Enter for a list of commands
2026-09-01 22:19:19,936 INFO  [default] link ACK received: query_operational_state
2026-09-01 22:19:20,061 INFO  [default] operational state received: 2

Press Enter for a list of commands
2026-09-01 22:19:49,216 INFO  [default] link ACK received: get_commodity
2026-09-01 22:19:49,384 INFO  [default] message type supported received: 2
2026-09-01 22:19:49,384 INFO  [default] commodity response received. response code: 0 - success; count: 6
2026-09-01 22:19:49,384 INFO  [default] commodity code: 0 - Electricity consumed (W & W-hr)
2026-09-01 22:19:49,384 INFO  [default]            source: Estimated
2026-09-01 22:19:49,384 INFO  [default]   cumulative: 146000
2026-09-01 22:19:49,384 INFO  [default]    inst rate: 500
2026-09-01 22:19:49,384 INFO  [default] commodity code 8 - Rated max consumption level electricity (W) is not recorded in the commodity CSV
2026-09-01 22:19:49,384 INFO  [default] commodity code: 6 - Total energy storage/take capacity (W-hr)
2026-09-01 22:19:49,384 INFO  [default]            source: Estimated
2026-09-01 22:19:49,384 INFO  [default]   cumulative: 9190
2026-09-01 22:19:49,384 INFO  [default]    inst rate: not used for this commodity code
2026-09-01 22:19:49,384 INFO  [default] commodity code: 7 - Present energy storage/take capacity (W-hr)
2026-09-01 22:19:49,384 INFO  [default]            source: Estimated
2026-09-01 22:19:49,384 INFO  [default]   cumulative: 6230
2026-09-01 22:19:49,384 INFO  [default]    inst rate: not used for this commodity code
2026-09-01 22:19:49,385 INFO  [default] commodity code: 10 - Advanced load up total energy storage/take capacity (W-hr)
2026-09-01 22:19:49,385 INFO  [default]            source: Estimated
2026-09-01 22:19:49,385 INFO  [default]   cumulative: 12371
2026-09-01 22:19:49,385 INFO  [default]    inst rate: not used for this commodity code
2026-09-01 22:19:49,385 INFO  [default] commodity code: 11 - Advanced load up present energy storage/take capacity (W-hr)
2026-09-01 22:19:49,385 INFO  [default]            source: Estimated
2026-09-01 22:19:49,385 INFO  [default]   cumulative: 9411
2026-09-01 22:19:49,385 INFO  [default]    inst rate: not used for this commodity code
2026-09-01 22:19:49,587 INFO  [default] link ACK received: query_operational_state
2026-09-01 22:19:49,711 INFO  [default] operational state received: 2

Press Enter for a list of commands
2026-09-01 22:20:19,871 INFO  [default] link ACK received: query_operational_state
2026-09-01 22:20:19,994 INFO  [default] operational state received: 2

Press Enter for a list of commands
2026-09-01 22:20:49,151 INFO  [default] link ACK received: get_commodity
2026-09-01 22:20:49,320 INFO  [default] message type supported received: 2
2026-09-01 22:20:49,320 INFO  [default] commodity response received. response code: 0 - success; count: 6
2026-09-01 22:20:49,321 INFO  [default] commodity code: 0 - Electricity consumed (W & W-hr)
2026-09-01 22:20:49,321 INFO  [default]            source: Estimated
2026-09-01 22:20:49,321 INFO  [default]   cumulative: 146000
2026-09-01 22:20:49,321 INFO  [default]    inst rate: 500
2026-09-01 22:20:49,321 INFO  [default] commodity code 8 - Rated max consumption level electricity (W) is not recorded in the commodity CSV
2026-09-01 22:20:49,321 INFO  [default] commodity code: 6 - Total energy storage/take capacity (W-hr)
2026-09-01 22:20:49,322 INFO  [default]            source: Estimated
2026-09-01 22:20:49,322 INFO  [default]   cumulative: 9190
2026-09-01 22:20:49,322 INFO  [default]    inst rate: not used for this commodity code
2026-09-01 22:20:49,322 INFO  [default] commodity code: 7 - Present energy storage/take capacity (W-hr)
2026-09-01 22:20:49,322 INFO  [default]            source: Estimated
2026-09-01 22:20:49,322 INFO  [default]   cumulative: 6252
2026-09-01 22:20:49,322 INFO  [default]    inst rate: not used for this commodity code
2026-09-01 22:20:49,322 INFO  [default] commodity code: 10 - Advanced load up total energy storage/take capacity (W-hr)
2026-09-01 22:20:49,323 INFO  [default]            source: Estimated
2026-09-01 22:20:49,323 INFO  [default]   cumulative: 12371
2026-09-01 22:20:49,323 INFO  [default]    inst rate: not used for this commodity code
2026-09-01 22:20:49,323 INFO  [default] commodity code: 11 - Advanced load up present energy storage/take capacity (W-hr)
2026-09-01 22:20:49,323 INFO  [default]            source: Estimated
2026-09-01 22:20:49,323 INFO  [default]   cumulative: 9433
2026-09-01 22:20:49,323 INFO  [default]    inst rate: not used for this commodity code
2026-09-01 22:20:49,525 INFO  [default] link ACK received: query_operational_state
2026-09-01 22:20:49,649 INFO  [default] operational state received: 2

Press Enter for a list of commands
2026-09-01 22:21:19,808 INFO  [default] link ACK received: query_operational_state
2026-09-01 22:21:19,931 INFO  [default] operational state received: 2

Press Enter for a list of commands
2026-09-01 22:21:49,086 INFO  [default] link ACK received: get_commodity
2026-09-01 22:21:49,254 INFO  [default] message type supported received: 2
2026-09-01 22:21:49,254 INFO  [default] commodity response received. response code: 0 - success; count: 6
2026-09-01 22:21:49,255 INFO  [default] commodity code: 0 - Electricity consumed (W & W-hr)
2026-09-01 22:21:49,255 INFO  [default]            source: Estimated
2026-09-01 22:21:49,255 INFO  [default]   cumulative: 147000
2026-09-01 22:21:49,255 INFO  [default]    inst rate: 500
2026-09-01 22:21:49,255 INFO  [default] commodity code 8 - Rated max consumption level electricity (W) is not recorded in the commodity CSV
2026-09-01 22:21:49,256 INFO  [default] commodity code: 6 - Total energy storage/take capacity (W-hr)
2026-09-01 22:21:49,256 INFO  [default]            source: Estimated
2026-09-01 22:21:49,256 INFO  [default]   cumulative: 9190
2026-09-01 22:21:49,256 INFO  [default]    inst rate: not used for this commodity code
2026-09-01 22:21:49,256 INFO  [default] commodity code: 7 - Present energy storage/take capacity (W-hr)
2026-09-01 22:21:49,256 INFO  [default]            source: Estimated
2026-09-01 22:21:49,256 INFO  [default]   cumulative: 6274
2026-09-01 22:21:49,256 INFO  [default]    inst rate: not used for this commodity code
2026-09-01 22:21:49,257 INFO  [default] commodity code: 10 - Advanced load up total energy storage/take capacity (W-hr)
2026-09-01 22:21:49,257 INFO  [default]            source: Estimated
2026-09-01 22:21:49,257 INFO  [default]   cumulative: 12371
2026-09-01 22:21:49,257 INFO  [default]    inst rate: not used for this commodity code
2026-09-01 22:21:49,257 INFO  [default] commodity code: 11 - Advanced load up present energy storage/take capacity (W-hr)
2026-09-01 22:21:49,257 INFO  [default]            source: Estimated
2026-09-01 22:21:49,258 INFO  [default]   cumulative: 9455
2026-09-01 22:21:49,258 INFO  [default]    inst rate: not used for this commodity code
2026-09-01 22:21:49,459 INFO  [default] link ACK received: query_operational_state
2026-09-01 22:21:49,583 INFO  [default] operational state received: 2

Press Enter for a list of commands
2026-09-01 22:22:19,745 INFO  [default] link ACK received: query_operational_state
2026-09-01 22:22:19,869 INFO  [default] operational state received: 2

Press Enter for a list of commands
2026-09-01 22:22:49,024 INFO  [default] link ACK received: get_commodity
2026-09-01 22:22:49,193 INFO  [default] message type supported received: 2
2026-09-01 22:22:49,193 INFO  [default] commodity response received. response code: 0 - success; count: 6
2026-09-01 22:22:49,194 INFO  [default] commodity code: 0 - Electricity consumed (W & W-hr)
2026-09-01 22:22:49,194 INFO  [default]            source: Estimated
2026-09-01 22:22:49,194 INFO  [default]   cumulative: 147000
2026-09-01 22:22:49,194 INFO  [default]    inst rate: 500
2026-09-01 22:22:49,194 INFO  [default] commodity code 8 - Rated max consumption level electricity (W) is not recorded in the commodity CSV
2026-09-01 22:22:49,194 INFO  [default] commodity code: 6 - Total energy storage/take capacity (W-hr)
2026-09-01 22:22:49,194 INFO  [default]            source: Estimated
2026-09-01 22:22:49,194 INFO  [default]   cumulative: 9190
2026-09-01 22:22:49,195 INFO  [default]    inst rate: not used for this commodity code
2026-09-01 22:22:49,195 INFO  [default] commodity code: 7 - Present energy storage/take capacity (W-hr)
2026-09-01 22:22:49,195 INFO  [default]            source: Estimated
2026-09-01 22:22:49,195 INFO  [default]   cumulative: 6296
2026-09-01 22:22:49,195 INFO  [default]    inst rate: not used for this commodity code
2026-09-01 22:22:49,195 INFO  [default] commodity code: 10 - Advanced load up total energy storage/take capacity (W-hr)
2026-09-01 22:22:49,195 INFO  [default]            source: Estimated
2026-09-01 22:22:49,195 INFO  [default]   cumulative: 12371
2026-09-01 22:22:49,196 INFO  [default]    inst rate: not used for this commodity code
2026-09-01 22:22:49,196 INFO  [default] commodity code: 11 - Advanced load up present energy storage/take capacity (W-hr)
2026-09-01 22:22:49,196 INFO  [default]            source: Estimated
2026-09-01 22:22:49,196 INFO  [default]   cumulative: 9477
2026-09-01 22:22:49,196 INFO  [default]    inst rate: not used for this commodity code
2026-09-01 22:22:49,399 INFO  [default] link ACK received: query_operational_state
2026-09-01 22:22:49,524 INFO  [default] operational state received: 2

Press Enter for a list of commands
2026-09-01 22:23:19,684 INFO  [default] link ACK received: query_operational_state
2026-09-01 22:23:19,808 INFO  [default] operational state received: 2

Press Enter for a list of commands
2026-09-01 22:23:49,966 INFO  [default] link ACK received: get_commodity
2026-09-01 22:23:50,135 INFO  [default] message type supported received: 2
2026-09-01 22:23:50,135 INFO  [default] commodity response received. response code: 0 - success; count: 6
2026-09-01 22:23:50,136 INFO  [default] commodity code: 0 - Electricity consumed (W & W-hr)
2026-09-01 22:23:50,136 INFO  [default]            source: Estimated
2026-09-01 22:23:50,136 INFO  [default]   cumulative: 147000
2026-09-01 22:23:50,136 INFO  [default]    inst rate: 500
2026-09-01 22:23:50,137 INFO  [default] commodity code 8 - Rated max consumption level electricity (W) is not recorded in the commodity CSV
2026-09-01 22:23:50,137 INFO  [default] commodity code: 6 - Total energy storage/take capacity (W-hr)
2026-09-01 22:23:50,137 INFO  [default]            source: Estimated
2026-09-01 22:23:50,137 INFO  [default]   cumulative: 9190
2026-09-01 22:23:50,137 INFO  [default]    inst rate: not used for this commodity code
2026-09-01 22:23:50,137 INFO  [default] commodity code: 7 - Present energy storage/take capacity (W-hr)
2026-09-01 22:23:50,137 INFO  [default]            source: Estimated
2026-09-01 22:23:50,138 INFO  [default]   cumulative: 6296
2026-09-01 22:23:50,138 INFO  [default]    inst rate: not used for this commodity code
2026-09-01 22:23:50,138 INFO  [default] commodity code: 10 - Advanced load up total energy storage/take capacity (W-hr)
2026-09-01 22:23:50,138 INFO  [default]            source: Estimated
2026-09-01 22:23:50,138 INFO  [default]   cumulative: 12371
2026-09-01 22:23:50,138 INFO  [default]    inst rate: not used for this commodity code
2026-09-01 22:23:50,138 INFO  [default] commodity code: 11 - Advanced load up present energy storage/take capacity (W-hr)
2026-09-01 22:23:50,139 INFO  [default]            source: Estimated
2026-09-01 22:23:50,139 INFO  [default]   cumulative: 9477
2026-09-01 22:23:50,139 INFO  [default]    inst rate: not used for this commodity code
2026-09-01 22:23:50,341 INFO  [default] link ACK received: query_operational_state
2026-09-01 22:23:50,465 INFO  [default] operational state received: 2

Press Enter for a list of commands
2026-09-01 22:24:19,623 INFO  [default] link ACK received: query_operational_state
2026-09-01 22:24:19,746 INFO  [default] operational state received: 2

Press Enter for a list of commands
2026-09-01 22:24:49,906 INFO  [default] link ACK received: get_commodity
2026-09-01 22:24:50,074 INFO  [default] message type supported received: 2
2026-09-01 22:24:50,075 INFO  [default] commodity response received. response code: 0 - success; count: 6
2026-09-01 22:24:50,075 INFO  [default] commodity code: 0 - Electricity consumed (W & W-hr)
2026-09-01 22:24:50,075 INFO  [default]            source: Estimated
2026-09-01 22:24:50,075 INFO  [default]   cumulative: 147000
2026-09-01 22:24:50,075 INFO  [default]    inst rate: 500
2026-09-01 22:24:50,075 INFO  [default] commodity code 8 - Rated max consumption level electricity (W) is not recorded in the commodity CSV
2026-09-01 22:24:50,076 INFO  [default] commodity code: 6 - Total energy storage/take capacity (W-hr)
2026-09-01 22:24:50,076 INFO  [default]            source: Estimated
2026-09-01 22:24:50,076 INFO  [default]   cumulative: 9190
2026-09-01 22:24:50,076 INFO  [default]    inst rate: not used for this commodity code
2026-09-01 22:24:50,076 INFO  [default] commodity code: 7 - Present energy storage/take capacity (W-hr)
2026-09-01 22:24:50,076 INFO  [default]            source: Estimated
2026-09-01 22:24:50,076 INFO  [default]   cumulative: 6296
2026-09-01 22:24:50,076 INFO  [default]    inst rate: not used for this commodity code
2026-09-01 22:24:50,076 INFO  [default] commodity code: 10 - Advanced load up total energy storage/take capacity (W-hr)
2026-09-01 22:24:50,076 INFO  [default]            source: Estimated
2026-09-01 22:24:50,077 INFO  [default]   cumulative: 12371
2026-09-01 22:24:50,077 INFO  [default]    inst rate: not used for this commodity code
2026-09-01 22:24:50,077 INFO  [default] commodity code: 11 - Advanced load up present energy storage/take capacity (W-hr)
2026-09-01 22:24:50,077 INFO  [default]            source: Estimated
2026-09-01 22:24:50,077 INFO  [default]   cumulative: 9477
2026-09-01 22:24:50,077 INFO  [default]    inst rate: not used for this commodity code
2026-09-01 22:24:50,280 INFO  [default] link ACK received: query_operational_state
2026-09-01 22:24:50,404 INFO  [default] operational state received: 2

Press Enter for a list of commands
2026-09-01 22:25:19,562 INFO  [default] link ACK received: query_operational_state
2026-09-01 22:25:19,686 INFO  [default] operational state received: 2

Press Enter for a list of commands
2026-09-01 22:25:49,843 INFO  [default] link ACK received: get_commodity
2026-09-01 22:25:50,011 INFO  [default] message type supported received: 2
2026-09-01 22:25:50,011 INFO  [default] commodity response received. response code: 0 - success; count: 6
2026-09-01 22:25:50,012 INFO  [default] commodity code: 0 - Electricity consumed (W & W-hr)
2026-09-01 22:25:50,012 INFO  [default]            source: Estimated
2026-09-01 22:25:50,012 INFO  [default]   cumulative: 147000
2026-09-01 22:25:50,012 INFO  [default]    inst rate: 500
2026-09-01 22:25:50,012 INFO  [default] commodity code 8 - Rated max consumption level electricity (W) is not recorded in the commodity CSV
2026-09-01 22:25:50,012 INFO  [default] commodity code: 6 - Total energy storage/take capacity (W-hr)
2026-09-01 22:25:50,012 INFO  [default]            source: Estimated
2026-09-01 22:25:50,012 INFO  [default]   cumulative: 9190
2026-09-01 22:25:50,012 INFO  [default]    inst rate: not used for this commodity code
2026-09-01 22:25:50,012 INFO  [default] commodity code: 7 - Present energy storage/take capacity (W-hr)
2026-09-01 22:25:50,012 INFO  [default]            source: Estimated
2026-09-01 22:25:50,012 INFO  [default]   cumulative: 6296
2026-09-01 22:25:50,012 INFO  [default]    inst rate: not used for this commodity code
2026-09-01 22:25:50,012 INFO  [default] commodity code: 10 - Advanced load up total energy storage/take capacity (W-hr)
2026-09-01 22:25:50,012 INFO  [default]            source: Estimated
2026-09-01 22:25:50,012 INFO  [default]   cumulative: 12371
2026-09-01 22:25:50,012 INFO  [default]    inst rate: not used for this commodity code
2026-09-01 22:25:50,012 INFO  [default] commodity code: 11 - Advanced load up present energy storage/take capacity (W-hr)
2026-09-01 22:25:50,012 INFO  [default]            source: Estimated
2026-09-01 22:25:50,013 INFO  [default]   cumulative: 9477
2026-09-01 22:25:50,013 INFO  [default]    inst rate: not used for this commodity code
2026-09-01 22:25:50,217 INFO  [default] link ACK received: query_operational_state
2026-09-01 22:25:50,340 INFO  [default] operational state received: 2

Press Enter for a list of commands
2026-09-01 22:26:19,594 INFO  [default] link ACK received: query_operational_state
2026-09-01 22:26:19,718 INFO  [default] operational state received: 2

Press Enter for a list of commands
1788326809,o,0 (PASSED!)
outside communication found
2026-09-01 22:26:49,875 INFO  [default] link ACK received: outside_communication
2026-09-01 22:26:49,998 INFO  [default] app ack received
2026-09-01 22:26:50,202 INFO  [default] link ACK received: get_commodity
2026-09-01 22:26:50,370 INFO  [default] message type supported received: 2
2026-09-01 22:26:50,370 INFO  [default] commodity response received. response code: 0 - success; count: 6
2026-09-01 22:26:50,370 INFO  [default] commodity code: 0 - Electricity consumed (W & W-hr)
2026-09-01 22:26:50,370 INFO  [default]            source: Estimated
2026-09-01 22:26:50,371 INFO  [default]   cumulative: 147000
2026-09-01 22:26:50,371 INFO  [default]    inst rate: 500
2026-09-01 22:26:50,371 INFO  [default] commodity code 8 - Rated max consumption level electricity (W) is not recorded in the commodity CSV
2026-09-01 22:26:50,371 INFO  [default] commodity code: 6 - Total energy storage/take capacity (W-hr)
2026-09-01 22:26:50,371 INFO  [default]            source: Estimated
2026-09-01 22:26:50,371 INFO  [default]   cumulative: 9190
2026-09-01 22:26:50,371 INFO  [default]    inst rate: not used for this commodity code
2026-09-01 22:26:50,371 INFO  [default] commodity code: 7 - Present energy storage/take capacity (W-hr)
2026-09-01 22:26:50,372 INFO  [default]            source: Estimated
2026-09-01 22:26:50,372 INFO  [default]   cumulative: 6318
2026-09-01 22:26:50,372 INFO  [default]    inst rate: not used for this commodity code
2026-09-01 22:26:50,372 INFO  [default] commodity code: 10 - Advanced load up total energy storage/take capacity (W-hr)
2026-09-01 22:26:50,372 INFO  [default]            source: Estimated
2026-09-01 22:26:50,372 INFO  [default]   cumulative: 12371
2026-09-01 22:26:50,372 INFO  [default]    inst rate: not used for this commodity code
2026-09-01 22:26:50,372 INFO  [default] commodity code: 11 - Advanced load up present energy storage/take capacity (W-hr)
2026-09-01 22:26:50,373 INFO  [default]            source: Estimated
2026-09-01 22:26:50,373 INFO  [default]   cumulative: 9499
2026-09-01 22:26:50,373 INFO  [default]    inst rate: not used for this commodity code
2026-09-01 22:26:50,578 INFO  [default] link ACK received: query_operational_state
2026-09-01 22:26:50,701 INFO  [default] operational state received: 2

Press Enter for a list of commands
2026-09-01 22:27:19,863 INFO  [default] link ACK received: query_operational_state
2026-09-01 22:27:19,986 INFO  [default] operational state received: 2

Press Enter for a list of commands
2026-09-01 22:27:49,144 INFO  [default] link ACK received: get_commodity
2026-09-01 22:27:49,313 INFO  [default] message type supported received: 2
2026-09-01 22:27:49,313 INFO  [default] commodity response received. response code: 0 - success; count: 6
2026-09-01 22:27:49,313 INFO  [default] commodity code: 0 - Electricity consumed (W & W-hr)
2026-09-01 22:27:49,314 INFO  [default]            source: Estimated
2026-09-01 22:27:49,314 INFO  [default]   cumulative: 147000
2026-09-01 22:27:49,314 INFO  [default]    inst rate: 500
2026-09-01 22:27:49,314 INFO  [default] commodity code 8 - Rated max consumption level electricity (W) is not recorded in the commodity CSV
2026-09-01 22:27:49,314 INFO  [default] commodity code: 6 - Total energy storage/take capacity (W-hr)
2026-09-01 22:27:49,314 INFO  [default]            source: Estimated
2026-09-01 22:27:49,314 INFO  [default]   cumulative: 9190
2026-09-01 22:27:49,314 INFO  [default]    inst rate: not used for this commodity code
2026-09-01 22:27:49,314 INFO  [default] commodity code: 7 - Present energy storage/take capacity (W-hr)
2026-09-01 22:27:49,314 INFO  [default]            source: Estimated
2026-09-01 22:27:49,314 INFO  [default]   cumulative: 6318
2026-09-01 22:27:49,314 INFO  [default]    inst rate: not used for this commodity code
2026-09-01 22:27:49,314 INFO  [default] commodity code: 10 - Advanced load up total energy storage/take capacity (W-hr)
2026-09-01 22:27:49,314 INFO  [default]            source: Estimated
2026-09-01 22:27:49,314 INFO  [default]   cumulative: 12371
2026-09-01 22:27:49,314 INFO  [default]    inst rate: not used for this commodity code
2026-09-01 22:27:49,314 INFO  [default] commodity code: 11 - Advanced load up present energy storage/take capacity (W-hr)
2026-09-01 22:27:49,314 INFO  [default]            source: Estimated
2026-09-01 22:27:49,314 INFO  [default]   cumulative: 9499
2026-09-01 22:27:49,314 INFO  [default]    inst rate: not used for this commodity code
2026-09-01 22:27:49,519 INFO  [default] link ACK received: query_operational_state
2026-09-01 22:27:49,642 INFO  [default] operational state received: 2

Press Enter for a list of commands
2026-09-01 22:28:19,802 INFO  [default] link ACK received: query_operational_state
2026-09-01 22:28:19,925 INFO  [default] operational state received: 2

Press Enter for a list of commands
2026-09-01 22:28:49,079 INFO  [default] link ACK received: get_commodity
2026-09-01 22:28:49,249 INFO  [default] message type supported received: 2
2026-09-01 22:28:49,250 INFO  [default] commodity response received. response code: 0 - success; count: 6
2026-09-01 22:28:49,250 INFO  [default] commodity code: 0 - Electricity consumed (W & W-hr)
2026-09-01 22:28:49,250 INFO  [default]            source: Estimated
2026-09-01 22:28:49,250 INFO  [default]   cumulative: 147000
2026-09-01 22:28:49,251 INFO  [default]    inst rate: 500
2026-09-01 22:28:49,251 INFO  [default] commodity code 8 - Rated max consumption level electricity (W) is not recorded in the commodity CSV
2026-09-01 22:28:49,251 INFO  [default] commodity code: 6 - Total energy storage/take capacity (W-hr)
2026-09-01 22:28:49,251 INFO  [default]            source: Estimated
2026-09-01 22:28:49,251 INFO  [default]   cumulative: 9190
2026-09-01 22:28:49,251 INFO  [default]    inst rate: not used for this commodity code
2026-09-01 22:28:49,251 INFO  [default] commodity code: 7 - Present energy storage/take capacity (W-hr)
2026-09-01 22:28:49,251 INFO  [default]            source: Estimated
2026-09-01 22:28:49,252 INFO  [default]   cumulative: 6340
2026-09-01 22:28:49,252 INFO  [default]    inst rate: not used for this commodity code
2026-09-01 22:28:49,252 INFO  [default] commodity code: 10 - Advanced load up total energy storage/take capacity (W-hr)
2026-09-01 22:28:49,252 INFO  [default]            source: Estimated
2026-09-01 22:28:49,252 INFO  [default]   cumulative: 12371
2026-09-01 22:28:49,252 INFO  [default]    inst rate: not used for this commodity code
2026-09-01 22:28:49,252 INFO  [default] commodity code: 11 - Advanced load up present energy storage/take capacity (W-hr)
2026-09-01 22:28:49,252 INFO  [default]            source: Estimated
2026-09-01 22:28:49,253 INFO  [default]   cumulative: 9521
2026-09-01 22:28:49,253 INFO  [default]    inst rate: not used for this commodity code
2026-09-01 22:28:49,455 INFO  [default] link ACK received: query_operational_state
2026-09-01 22:28:49,579 INFO  [default] operational state received: 2

Press Enter for a list of commands
2026-09-01 22:29:19,740 INFO  [default] link ACK received: query_operational_state
2026-09-01 22:29:19,863 INFO  [default] operational state received: 2

Press Enter for a list of commands
2026-09-01 22:29:49,019 INFO  [default] link ACK received: get_commodity
2026-09-01 22:29:49,189 INFO  [default] message type supported received: 2
2026-09-01 22:29:49,189 INFO  [default] commodity response received. response code: 0 - success; count: 6
2026-09-01 22:29:49,189 INFO  [default] commodity code: 0 - Electricity consumed (W & W-hr)
2026-09-01 22:29:49,190 INFO  [default]            source: Estimated
2026-09-01 22:29:49,190 INFO  [default]   cumulative: 147000
2026-09-01 22:29:49,190 INFO  [default]    inst rate: 500
2026-09-01 22:29:49,190 INFO  [default] commodity code 8 - Rated max consumption level electricity (W) is not recorded in the commodity CSV
2026-09-01 22:29:49,190 INFO  [default] commodity code: 6 - Total energy storage/take capacity (W-hr)
2026-09-01 22:29:49,190 INFO  [default]            source: Estimated
2026-09-01 22:29:49,190 INFO  [default]   cumulative: 9190
2026-09-01 22:29:49,190 INFO  [default]    inst rate: not used for this commodity code
2026-09-01 22:29:49,190 INFO  [default] commodity code: 7 - Present energy storage/take capacity (W-hr)
2026-09-01 22:29:49,190 INFO  [default]            source: Estimated
2026-09-01 22:29:49,190 INFO  [default]   cumulative: 6362
2026-09-01 22:29:49,190 INFO  [default]    inst rate: not used for this commodity code
2026-09-01 22:29:49,190 INFO  [default] commodity code: 10 - Advanced load up total energy storage/take capacity (W-hr)
2026-09-01 22:29:49,191 INFO  [default]            source: Estimated
2026-09-01 22:29:49,191 INFO  [default]   cumulative: 12371
2026-09-01 22:29:49,191 INFO  [default]    inst rate: not used for this commodity code
2026-09-01 22:29:49,191 INFO  [default] commodity code: 11 - Advanced load up present energy storage/take capacity (W-hr)
2026-09-01 22:29:49,191 INFO  [default]            source: Estimated
2026-09-01 22:29:49,191 INFO  [default]   cumulative: 9544
2026-09-01 22:29:49,191 INFO  [default]    inst rate: not used for this commodity code
2026-09-01 22:29:49,393 INFO  [default] link ACK received: query_operational_state
2026-09-01 22:29:49,518 INFO  [default] operational state received: 2

Press Enter for a list of commands
2026-09-01 22:30:19,683 INFO  [default] link ACK received: query_operational_state
2026-09-01 22:30:19,808 INFO  [default] operational state received: 2

Press Enter for a list of commands
2026-09-01 22:30:49,966 INFO  [default] link ACK received: get_commodity
2026-09-01 22:30:50,134 INFO  [default] message type supported received: 2
2026-09-01 22:30:50,134 INFO  [default] commodity response received. response code: 0 - success; count: 6
2026-09-01 22:30:50,135 INFO  [default] commodity code: 0 - Electricity consumed (W & W-hr)
2026-09-01 22:30:50,135 INFO  [default]            source: Estimated
2026-09-01 22:30:50,135 INFO  [default]   cumulative: 147000
2026-09-01 22:30:50,135 INFO  [default]    inst rate: 500
2026-09-01 22:30:50,135 INFO  [default] commodity code 8 - Rated max consumption level electricity (W) is not recorded in the commodity CSV
2026-09-01 22:30:50,135 INFO  [default] commodity code: 6 - Total energy storage/take capacity (W-hr)
2026-09-01 22:30:50,135 INFO  [default]            source: Estimated
2026-09-01 22:30:50,135 INFO  [default]   cumulative: 9190
2026-09-01 22:30:50,135 INFO  [default]    inst rate: not used for this commodity code
2026-09-01 22:30:50,136 INFO  [default] commodity code: 7 - Present energy storage/take capacity (W-hr)
2026-09-01 22:30:50,136 INFO  [default]            source: Estimated
2026-09-01 22:30:50,136 INFO  [default]   cumulative: 6340
2026-09-01 22:30:50,136 INFO  [default]    inst rate: not used for this commodity code
2026-09-01 22:30:50,136 INFO  [default] commodity code: 10 - Advanced load up total energy storage/take capacity (W-hr)
2026-09-01 22:30:50,136 INFO  [default]            source: Estimated
2026-09-01 22:30:50,136 INFO  [default]   cumulative: 12371
2026-09-01 22:30:50,136 INFO  [default]    inst rate: not used for this commodity code
2026-09-01 22:30:50,136 INFO  [default] commodity code: 11 - Advanced load up present energy storage/take capacity (W-hr)
2026-09-01 22:30:50,137 INFO  [default]            source: Estimated
2026-09-01 22:30:50,137 INFO  [default]   cumulative: 9521
2026-09-01 22:30:50,137 INFO  [default]    inst rate: not used for this commodity code
2026-09-01 22:30:50,339 INFO  [default] link ACK received: query_operational_state
2026-09-01 22:30:50,463 INFO  [default] operational state received: 2

Press Enter for a list of commands
2026-09-01 22:31:19,620 INFO  [default] link ACK received: query_operational_state
2026-09-01 22:31:19,745 INFO  [default] operational state received: 2

Press Enter for a list of commands
2026-09-01 22:31:49,904 INFO  [default] link ACK received: get_commodity
2026-09-01 22:31:50,073 INFO  [default] message type supported received: 2
2026-09-01 22:31:50,073 INFO  [default] commodity response received. response code: 0 - success; count: 6
2026-09-01 22:31:50,073 INFO  [default] commodity code: 0 - Electricity consumed (W & W-hr)
2026-09-01 22:31:50,073 INFO  [default]            source: Estimated
2026-09-01 22:31:50,073 INFO  [default]   cumulative: 147000
2026-09-01 22:31:50,073 INFO  [default]    inst rate: 500
2026-09-01 22:31:50,073 INFO  [default] commodity code 8 - Rated max consumption level electricity (W) is not recorded in the commodity CSV
2026-09-01 22:31:50,073 INFO  [default] commodity code: 6 - Total energy storage/take capacity (W-hr)
2026-09-01 22:31:50,073 INFO  [default]            source: Estimated
2026-09-01 22:31:50,073 INFO  [default]   cumulative: 9190
2026-09-01 22:31:50,073 INFO  [default]    inst rate: not used for this commodity code
2026-09-01 22:31:50,073 INFO  [default] commodity code: 7 - Present energy storage/take capacity (W-hr)
2026-09-01 22:31:50,073 INFO  [default]            source: Estimated
2026-09-01 22:31:50,074 INFO  [default]   cumulative: 6340
2026-09-01 22:31:50,074 INFO  [default]    inst rate: not used for this commodity code
2026-09-01 22:31:50,074 INFO  [default] commodity code: 10 - Advanced load up total energy storage/take capacity (W-hr)
2026-09-01 22:31:50,074 INFO  [default]            source: Estimated
2026-09-01 22:31:50,074 INFO  [default]   cumulative: 12371
2026-09-01 22:31:50,074 INFO  [default]    inst rate: not used for this commodity code
2026-09-01 22:31:50,074 INFO  [default] commodity code: 11 - Advanced load up present energy storage/take capacity (W-hr)
2026-09-01 22:31:50,074 INFO  [default]            source: Estimated
2026-09-01 22:31:50,074 INFO  [default]   cumulative: 9521
2026-09-01 22:31:50,074 INFO  [default]    inst rate: not used for this commodity code
2026-09-01 22:31:50,276 INFO  [default] link ACK received: query_operational_state
2026-09-01 22:31:50,400 INFO  [default] operational state received: 2

Press Enter for a list of commands
2026-09-01 22:32:19,560 INFO  [default] link ACK received: query_operational_state
2026-09-01 22:32:19,684 INFO  [default] operational state received: 2

Press Enter for a list of commands
2026-09-01 22:32:49,841 INFO  [default] link ACK received: get_commodity
2026-09-01 22:32:50,010 INFO  [default] message type supported received: 2
2026-09-01 22:32:50,010 INFO  [default] commodity response received. response code: 0 - success; count: 6
2026-09-01 22:32:50,011 INFO  [default] commodity code: 0 - Electricity consumed (W & W-hr)
2026-09-01 22:32:50,011 INFO  [default]            source: Estimated
2026-09-01 22:32:50,011 INFO  [default]   cumulative: 147000
2026-09-01 22:32:50,011 INFO  [default]    inst rate: 500
2026-09-01 22:32:50,011 INFO  [default] commodity code 8 - Rated max consumption level electricity (W) is not recorded in the commodity CSV
2026-09-01 22:32:50,011 INFO  [default] commodity code: 6 - Total energy storage/take capacity (W-hr)
2026-09-01 22:32:50,011 INFO  [default]            source: Estimated
2026-09-01 22:32:50,011 INFO  [default]   cumulative: 9190
2026-09-01 22:32:50,012 INFO  [default]    inst rate: not used for this commodity code
2026-09-01 22:32:50,012 INFO  [default] commodity code: 7 - Present energy storage/take capacity (W-hr)
2026-09-01 22:32:50,012 INFO  [default]            source: Estimated
2026-09-01 22:32:50,012 INFO  [default]   cumulative: 6340
2026-09-01 22:32:50,012 INFO  [default]    inst rate: not used for this commodity code
2026-09-01 22:32:50,012 INFO  [default] commodity code: 10 - Advanced load up total energy storage/take capacity (W-hr)
2026-09-01 22:32:50,012 INFO  [default]            source: Estimated
2026-09-01 22:32:50,012 INFO  [default]   cumulative: 12371
2026-09-01 22:32:50,012 INFO  [default]    inst rate: not used for this commodity code
2026-09-01 22:32:50,012 INFO  [default] commodity code: 11 - Advanced load up present energy storage/take capacity (W-hr)
2026-09-01 22:32:50,012 INFO  [default]            source: Estimated
2026-09-01 22:32:50,013 INFO  [default]   cumulative: 9521
2026-09-01 22:32:50,013 INFO  [default]    inst rate: not used for this commodity code
2026-09-01 22:32:50,215 INFO  [default] link ACK received: query_operational_state
2026-09-01 22:32:50,339 INFO  [default] operational state received: 2

Press Enter for a list of commands
2026-09-01 22:33:19,498 INFO  [default] link ACK received: query_operational_state
2026-09-01 22:33:19,622 INFO  [default] operational state received: 2

Press Enter for a list of commands
2026-09-01 22:33:49,780 INFO  [default] link ACK received: get_commodity
2026-09-01 22:33:49,948 INFO  [default] message type supported received: 2
2026-09-01 22:33:49,948 INFO  [default] commodity response received. response code: 0 - success; count: 6
2026-09-01 22:33:49,949 INFO  [default] commodity code: 0 - Electricity consumed (W & W-hr)
2026-09-01 22:33:49,949 INFO  [default]            source: Estimated
2026-09-01 22:33:49,949 INFO  [default]   cumulative: 147000
2026-09-01 22:33:49,949 INFO  [default]    inst rate: 500
2026-09-01 22:33:49,949 INFO  [default] commodity code 8 - Rated max consumption level electricity (W) is not recorded in the commodity CSV
2026-09-01 22:33:49,949 INFO  [default] commodity code: 6 - Total energy storage/take capacity (W-hr)
2026-09-01 22:33:49,949 INFO  [default]            source: Estimated
2026-09-01 22:33:49,949 INFO  [default]   cumulative: 9190
2026-09-01 22:33:49,949 INFO  [default]    inst rate: not used for this commodity code
2026-09-01 22:33:49,949 INFO  [default] commodity code: 7 - Present energy storage/take capacity (W-hr)
2026-09-01 22:33:49,949 INFO  [default]            source: Estimated
2026-09-01 22:33:49,949 INFO  [default]   cumulative: 6340
2026-09-01 22:33:49,949 INFO  [default]    inst rate: not used for this commodity code
2026-09-01 22:33:49,949 INFO  [default] commodity code: 10 - Advanced load up total energy storage/take capacity (W-hr)
2026-09-01 22:33:49,949 INFO  [default]            source: Estimated
2026-09-01 22:33:49,949 INFO  [default]   cumulative: 12371
2026-09-01 22:33:49,950 INFO  [default]    inst rate: not used for this commodity code
2026-09-01 22:33:49,950 INFO  [default] commodity code: 11 - Advanced load up present energy storage/take capacity (W-hr)
2026-09-01 22:33:49,950 INFO  [default]            source: Estimated
2026-09-01 22:33:49,950 INFO  [default]   cumulative: 9521
2026-09-01 22:33:49,950 INFO  [default]    inst rate: not used for this commodity code
2026-09-01 22:33:50,153 INFO  [default] link ACK received: query_operational_state
2026-09-01 22:33:50,276 INFO  [default] operational state received: 2

Press Enter for a list of commands
2026-09-01 22:34:19,434 INFO  [default] link ACK received: query_operational_state
2026-09-01 22:34:19,558 INFO  [default] operational state received: 2

Press Enter for a list of commands
2026-09-01 22:34:49,717 INFO  [default] link ACK received: get_commodity
2026-09-01 22:34:49,885 INFO  [default] message type supported received: 2
2026-09-01 22:34:49,885 INFO  [default] commodity response received. response code: 0 - success; count: 6
2026-09-01 22:34:49,885 INFO  [default] commodity code: 0 - Electricity consumed (W & W-hr)
2026-09-01 22:34:49,885 INFO  [default]            source: Estimated
2026-09-01 22:34:49,885 INFO  [default]   cumulative: 147000
2026-09-01 22:34:49,885 INFO  [default]    inst rate: 500
2026-09-01 22:34:49,885 INFO  [default] commodity code 8 - Rated max consumption level electricity (W) is not recorded in the commodity CSV
2026-09-01 22:34:49,885 INFO  [default] commodity code: 6 - Total energy storage/take capacity (W-hr)
2026-09-01 22:34:49,886 INFO  [default]            source: Estimated
2026-09-01 22:34:49,886 INFO  [default]   cumulative: 9190
2026-09-01 22:34:49,886 INFO  [default]    inst rate: not used for this commodity code
2026-09-01 22:34:49,886 INFO  [default] commodity code: 7 - Present energy storage/take capacity (W-hr)
2026-09-01 22:34:49,886 INFO  [default]            source: Estimated
2026-09-01 22:34:49,886 INFO  [default]   cumulative: 6340
2026-09-01 22:34:49,886 INFO  [default]    inst rate: not used for this commodity code
2026-09-01 22:34:49,886 INFO  [default] commodity code: 10 - Advanced load up total energy storage/take capacity (W-hr)
2026-09-01 22:34:49,886 INFO  [default]            source: Estimated
2026-09-01 22:34:49,886 INFO  [default]   cumulative: 12371
2026-09-01 22:34:49,886 INFO  [default]    inst rate: not used for this commodity code
2026-09-01 22:34:49,886 INFO  [default] commodity code: 11 - Advanced load up present energy storage/take capacity (W-hr)
2026-09-01 22:34:49,886 INFO  [default]            source: Estimated
2026-09-01 22:34:49,887 INFO  [default]   cumulative: 9521
2026-09-01 22:34:49,887 INFO  [default]    inst rate: not used for this commodity code
2026-09-01 22:34:50,089 INFO  [default] link ACK received: query_operational_state
2026-09-01 22:34:50,213 INFO  [default] operational state received: 2

Press Enter for a list of commands
2026-09-01 22:35:19,373 INFO  [default] link ACK received: query_operational_state
2026-09-01 22:35:19,497 INFO  [default] operational state received: 2

Press Enter for a list of commands
2026-09-01 22:35:49,655 INFO  [default] link ACK received: get_commodity
2026-09-01 22:35:49,823 INFO  [default] message type supported received: 2
2026-09-01 22:35:49,824 INFO  [default] commodity response received. response code: 0 - success; count: 6
2026-09-01 22:35:49,824 INFO  [default] commodity code: 0 - Electricity consumed (W & W-hr)
2026-09-01 22:35:49,824 INFO  [default]            source: Estimated
2026-09-01 22:35:49,824 INFO  [default]   cumulative: 147000
2026-09-01 22:35:49,824 INFO  [default]    inst rate: 500
2026-09-01 22:35:49,824 INFO  [default] commodity code 8 - Rated max consumption level electricity (W) is not recorded in the commodity CSV
2026-09-01 22:35:49,825 INFO  [default] commodity code: 6 - Total energy storage/take capacity (W-hr)
2026-09-01 22:35:49,825 INFO  [default]            source: Estimated
2026-09-01 22:35:49,825 INFO  [default]   cumulative: 9190
2026-09-01 22:35:49,825 INFO  [default]    inst rate: not used for this commodity code
2026-09-01 22:35:49,825 INFO  [default] commodity code: 7 - Present energy storage/take capacity (W-hr)
2026-09-01 22:35:49,825 INFO  [default]            source: Estimated
2026-09-01 22:35:49,825 INFO  [default]   cumulative: 6362
2026-09-01 22:35:49,825 INFO  [default]    inst rate: not used for this commodity code
2026-09-01 22:35:49,825 INFO  [default] commodity code: 10 - Advanced load up total energy storage/take capacity (W-hr)
2026-09-01 22:35:49,825 INFO  [default]            source: Estimated
2026-09-01 22:35:49,826 INFO  [default]   cumulative: 12371
2026-09-01 22:35:49,826 INFO  [default]    inst rate: not used for this commodity code
2026-09-01 22:35:49,826 INFO  [default] commodity code: 11 - Advanced load up present energy storage/take capacity (W-hr)
2026-09-01 22:35:49,826 INFO  [default]            source: Estimated
2026-09-01 22:35:49,826 INFO  [default]   cumulative: 9544
2026-09-01 22:35:49,826 INFO  [default]    inst rate: not used for this commodity code
2026-09-01 22:35:50,028 INFO  [default] link ACK received: query_operational_state
2026-09-01 22:35:50,153 INFO  [default] operational state received: 2

Press Enter for a list of commands
2026-09-01 22:36:19,312 INFO  [default] link ACK received: query_operational_state
2026-09-01 22:36:19,436 INFO  [default] operational state received: 2

Press Enter for a list of commands
1788327409,o,0 (PASSED!)
outside communication found
2026-09-01 22:36:49,596 INFO  [default] link ACK received: outside_communication
2026-09-01 22:36:49,719 INFO  [default] app ack received
2026-09-01 22:36:49,923 INFO  [default] link ACK received: get_commodity
2026-09-01 22:36:50,093 INFO  [default] message type supported received: 2
2026-09-01 22:36:50,093 INFO  [default] commodity response received. response code: 0 - success; count: 6
2026-09-01 22:36:50,094 INFO  [default] commodity code: 0 - Electricity consumed (W & W-hr)
2026-09-01 22:36:50,094 INFO  [default]            source: Estimated
2026-09-01 22:36:50,094 INFO  [default]   cumulative: 147000
2026-09-01 22:36:50,094 INFO  [default]    inst rate: 500
2026-09-01 22:36:50,094 INFO  [default] commodity code 8 - Rated max consumption level electricity (W) is not recorded in the commodity CSV
2026-09-01 22:36:50,094 INFO  [default] commodity code: 6 - Total energy storage/take capacity (W-hr)
2026-09-01 22:36:50,094 INFO  [default]            source: Estimated
2026-09-01 22:36:50,094 INFO  [default]   cumulative: 9190
2026-09-01 22:36:50,094 INFO  [default]    inst rate: not used for this commodity code
2026-09-01 22:36:50,094 INFO  [default] commodity code: 7 - Present energy storage/take capacity (W-hr)
2026-09-01 22:36:50,094 INFO  [default]            source: Estimated
2026-09-01 22:36:50,094 INFO  [default]   cumulative: 6384
2026-09-01 22:36:50,094 INFO  [default]    inst rate: not used for this commodity code
2026-09-01 22:36:50,094 INFO  [default] commodity code: 10 - Advanced load up total energy storage/take capacity (W-hr)
2026-09-01 22:36:50,094 INFO  [default]            source: Estimated
2026-09-01 22:36:50,094 INFO  [default]   cumulative: 12371
2026-09-01 22:36:50,094 INFO  [default]    inst rate: not used for this commodity code
2026-09-01 22:36:50,094 INFO  [default] commodity code: 11 - Advanced load up present energy storage/take capacity (W-hr)
2026-09-01 22:36:50,094 INFO  [default]            source: Estimated
2026-09-01 22:36:50,094 INFO  [default]   cumulative: 9566
2026-09-01 22:36:50,094 INFO  [default]    inst rate: not used for this commodity code
2026-09-01 22:36:50,297 INFO  [default] link ACK received: query_operational_state
2026-09-01 22:36:50,420 INFO  [default] operational state received: 2

Press Enter for a list of commands
2026-09-01 22:37:19,581 INFO  [default] link ACK received: query_operational_state
2026-09-01 22:37:19,703 INFO  [default] operational state received: 2

Press Enter for a list of commands
2026-09-01 22:37:49,858 INFO  [default] link ACK received: get_commodity
2026-09-01 22:37:50,026 INFO  [default] message type supported received: 2
2026-09-01 22:37:50,026 INFO  [default] commodity response received. response code: 0 - success; count: 6
2026-09-01 22:37:50,026 INFO  [default] commodity code: 0 - Electricity consumed (W & W-hr)
2026-09-01 22:37:50,026 INFO  [default]            source: Estimated
2026-09-01 22:37:50,027 INFO  [default]   cumulative: 147000
2026-09-01 22:37:50,027 INFO  [default]    inst rate: 500
2026-09-01 22:37:50,027 INFO  [default] commodity code 8 - Rated max consumption level electricity (W) is not recorded in the commodity CSV
2026-09-01 22:37:50,027 INFO  [default] commodity code: 6 - Total energy storage/take capacity (W-hr)
2026-09-01 22:37:50,027 INFO  [default]            source: Estimated
2026-09-01 22:37:50,027 INFO  [default]   cumulative: 9190
2026-09-01 22:37:50,027 INFO  [default]    inst rate: not used for this commodity code
2026-09-01 22:37:50,027 INFO  [default] commodity code: 7 - Present energy storage/take capacity (W-hr)
2026-09-01 22:37:50,027 INFO  [default]            source: Estimated
2026-09-01 22:37:50,027 INFO  [default]   cumulative: 6362
2026-09-01 22:37:50,027 INFO  [default]    inst rate: not used for this commodity code
2026-09-01 22:37:50,027 INFO  [default] commodity code: 10 - Advanced load up total energy storage/take capacity (W-hr)
2026-09-01 22:37:50,028 INFO  [default]            source: Estimated
2026-09-01 22:37:50,028 INFO  [default]   cumulative: 12371
2026-09-01 22:37:50,028 INFO  [default]    inst rate: not used for this commodity code
2026-09-01 22:37:50,028 INFO  [default] commodity code: 11 - Advanced load up present energy storage/take capacity (W-hr)
2026-09-01 22:37:50,028 INFO  [default]            source: Estimated
2026-09-01 22:37:50,028 INFO  [default]   cumulative: 9544
2026-09-01 22:37:50,028 INFO  [default]    inst rate: not used for this commodity code
2026-09-01 22:37:50,230 INFO  [default] link ACK received: query_operational_state
2026-09-01 22:37:50,355 INFO  [default] operational state received: 2

Press Enter for a list of commands
2026-09-01 22:38:19,513 INFO  [default] link ACK received: query_operational_state
2026-09-01 22:38:19,637 INFO  [default] operational state received: 2

Press Enter for a list of commands
2026-09-01 22:38:49,794 INFO  [default] link ACK received: get_commodity
2026-09-01 22:38:49,965 INFO  [default] message type supported received: 2
2026-09-01 22:38:49,965 INFO  [default] commodity response received. response code: 0 - success; count: 6
2026-09-01 22:38:49,966 INFO  [default] commodity code: 0 - Electricity consumed (W & W-hr)
2026-09-01 22:38:49,966 INFO  [default]            source: Estimated
2026-09-01 22:38:49,966 INFO  [default]   cumulative: 147000
2026-09-01 22:38:49,966 INFO  [default]    inst rate: 500
2026-09-01 22:38:49,966 INFO  [default] commodity code 8 - Rated max consumption level electricity (W) is not recorded in the commodity CSV
2026-09-01 22:38:49,966 INFO  [default] commodity code: 6 - Total energy storage/take capacity (W-hr)
2026-09-01 22:38:49,966 INFO  [default]            source: Estimated
2026-09-01 22:38:49,966 INFO  [default]   cumulative: 9190
2026-09-01 22:38:49,967 INFO  [default]    inst rate: not used for this commodity code
2026-09-01 22:38:49,967 INFO  [default] commodity code: 7 - Present energy storage/take capacity (W-hr)
2026-09-01 22:38:49,967 INFO  [default]            source: Estimated
2026-09-01 22:38:49,967 INFO  [default]   cumulative: 6362
2026-09-01 22:38:49,967 INFO  [default]    inst rate: not used for this commodity code
2026-09-01 22:38:49,967 INFO  [default] commodity code: 10 - Advanced load up total energy storage/take capacity (W-hr)
2026-09-01 22:38:49,967 INFO  [default]            source: Estimated
2026-09-01 22:38:49,967 INFO  [default]   cumulative: 12371
2026-09-01 22:38:49,968 INFO  [default]    inst rate: not used for this commodity code
2026-09-01 22:38:49,968 INFO  [default] commodity code: 11 - Advanced load up present energy storage/take capacity (W-hr)
2026-09-01 22:38:49,968 INFO  [default]            source: Estimated
2026-09-01 22:38:49,968 INFO  [default]   cumulative: 9544
2026-09-01 22:38:49,968 INFO  [default]    inst rate: not used for this commodity code
2026-09-01 22:38:50,172 INFO  [default] link ACK received: query_operational_state
2026-09-01 22:38:50,296 INFO  [default] operational state received: 2

Press Enter for a list of commands
2026-09-01 22:39:19,452 INFO  [default] link ACK received: query_operational_state
2026-09-01 22:39:19,577 INFO  [default] operational state received: 2

Press Enter for a list of commands
2026-09-01 22:39:49,735 INFO  [default] link ACK received: get_commodity
2026-09-01 22:39:49,904 INFO  [default] message type supported received: 2
2026-09-01 22:39:49,904 INFO  [default] commodity response received. response code: 0 - success; count: 6
2026-09-01 22:39:49,904 INFO  [default] commodity code: 0 - Electricity consumed (W & W-hr)
2026-09-01 22:39:49,904 INFO  [default]            source: Estimated
2026-09-01 22:39:49,904 INFO  [default]   cumulative: 147000
2026-09-01 22:39:49,904 INFO  [default]    inst rate: 500
2026-09-01 22:39:49,904 INFO  [default] commodity code 8 - Rated max consumption level electricity (W) is not recorded in the commodity CSV
2026-09-01 22:39:49,904 INFO  [default] commodity code: 6 - Total energy storage/take capacity (W-hr)
2026-09-01 22:39:49,905 INFO  [default]            source: Estimated
2026-09-01 22:39:49,905 INFO  [default]   cumulative: 9190
2026-09-01 22:39:49,905 INFO  [default]    inst rate: not used for this commodity code
2026-09-01 22:39:49,905 INFO  [default] commodity code: 7 - Present energy storage/take capacity (W-hr)
2026-09-01 22:39:49,905 INFO  [default]            source: Estimated
2026-09-01 22:39:49,905 INFO  [default]   cumulative: 6384
2026-09-01 22:39:49,905 INFO  [default]    inst rate: not used for this commodity code
2026-09-01 22:39:49,905 INFO  [default] commodity code: 10 - Advanced load up total energy storage/take capacity (W-hr)
2026-09-01 22:39:49,905 INFO  [default]            source: Estimated
2026-09-01 22:39:49,905 INFO  [default]   cumulative: 12371
2026-09-01 22:39:49,905 INFO  [default]    inst rate: not used for this commodity code
2026-09-01 22:39:49,905 INFO  [default] commodity code: 11 - Advanced load up present energy storage/take capacity (W-hr)
2026-09-01 22:39:49,905 INFO  [default]            source: Estimated
2026-09-01 22:39:49,905 INFO  [default]   cumulative: 9566
2026-09-01 22:39:49,905 INFO  [default]    inst rate: not used for this commodity code
2026-09-01 22:39:50,107 INFO  [default] link ACK received: query_operational_state
2026-09-01 22:39:50,232 INFO  [default] operational state received: 2

Press Enter for a list of commands
2026-09-01 22:40:19,391 INFO  [default] link ACK received: query_operational_state
2026-09-01 22:40:19,516 INFO  [default] operational state received: 2

Press Enter for a list of commands
2026-09-01 22:40:49,673 INFO  [default] link ACK received: get_commodity
2026-09-01 22:40:49,842 INFO  [default] message type supported received: 2
2026-09-01 22:40:49,842 INFO  [default] commodity response received. response code: 0 - success; count: 6
2026-09-01 22:40:49,842 INFO  [default] commodity code: 0 - Electricity consumed (W & W-hr)
2026-09-01 22:40:49,842 INFO  [default]            source: Estimated
2026-09-01 22:40:49,842 INFO  [default]   cumulative: 147000
2026-09-01 22:40:49,843 INFO  [default]    inst rate: 500
2026-09-01 22:40:49,843 INFO  [default] commodity code 8 - Rated max consumption level electricity (W) is not recorded in the commodity CSV
2026-09-01 22:40:49,843 INFO  [default] commodity code: 6 - Total energy storage/take capacity (W-hr)
2026-09-01 22:40:49,843 INFO  [default]            source: Estimated
2026-09-01 22:40:49,843 INFO  [default]   cumulative: 9190
2026-09-01 22:40:49,843 INFO  [default]    inst rate: not used for this commodity code
2026-09-01 22:40:49,843 INFO  [default] commodity code: 7 - Present energy storage/take capacity (W-hr)
2026-09-01 22:40:49,843 INFO  [default]            source: Estimated
2026-09-01 22:40:49,843 INFO  [default]   cumulative: 6384
2026-09-01 22:40:49,843 INFO  [default]    inst rate: not used for this commodity code
2026-09-01 22:40:49,843 INFO  [default] commodity code: 10 - Advanced load up total energy storage/take capacity (W-hr)
2026-09-01 22:40:49,843 INFO  [default]            source: Estimated
2026-09-01 22:40:49,844 INFO  [default]   cumulative: 12371
2026-09-01 22:40:49,844 INFO  [default]    inst rate: not used for this commodity code
2026-09-01 22:40:49,844 INFO  [default] commodity code: 11 - Advanced load up present energy storage/take capacity (W-hr)
2026-09-01 22:40:49,844 INFO  [default]            source: Estimated
2026-09-01 22:40:49,844 INFO  [default]   cumulative: 9566
2026-09-01 22:40:49,844 INFO  [default]    inst rate: not used for this commodity code
2026-09-01 22:40:50,047 INFO  [default] link ACK received: query_operational_state
2026-09-01 22:40:50,171 INFO  [default] operational state received: 2

Press Enter for a list of commands
2026-09-01 22:41:19,329 INFO  [default] link ACK received: query_operational_state
2026-09-01 22:41:19,452 INFO  [default] operational state received: 2

Press Enter for a list of commands
2026-09-01 22:41:49,609 INFO  [default] link ACK received: get_commodity
2026-09-01 22:41:49,777 INFO  [default] message type supported received: 2
2026-09-01 22:41:49,777 INFO  [default] commodity response received. response code: 0 - success; count: 6
2026-09-01 22:41:49,778 INFO  [default] commodity code: 0 - Electricity consumed (W & W-hr)
2026-09-01 22:41:49,778 INFO  [default]            source: Estimated
2026-09-01 22:41:49,778 INFO  [default]   cumulative: 147000
2026-09-01 22:41:49,778 INFO  [default]    inst rate: 500
2026-09-01 22:41:49,779 INFO  [default] commodity code 8 - Rated max consumption level electricity (W) is not recorded in the commodity CSV
2026-09-01 22:41:49,779 INFO  [default] commodity code: 6 - Total energy storage/take capacity (W-hr)
2026-09-01 22:41:49,779 INFO  [default]            source: Estimated
2026-09-01 22:41:49,779 INFO  [default]   cumulative: 9190
2026-09-01 22:41:49,779 INFO  [default]    inst rate: not used for this commodity code
2026-09-01 22:41:49,779 INFO  [default] commodity code: 7 - Present energy storage/take capacity (W-hr)
2026-09-01 22:41:49,779 INFO  [default]            source: Estimated
2026-09-01 22:41:49,780 INFO  [default]   cumulative: 6384
2026-09-01 22:41:49,780 INFO  [default]    inst rate: not used for this commodity code
2026-09-01 22:41:49,780 INFO  [default] commodity code: 10 - Advanced load up total energy storage/take capacity (W-hr)
2026-09-01 22:41:49,780 INFO  [default]            source: Estimated
2026-09-01 22:41:49,780 INFO  [default]   cumulative: 12371
2026-09-01 22:41:49,780 INFO  [default]    inst rate: not used for this commodity code
2026-09-01 22:41:49,780 INFO  [default] commodity code: 11 - Advanced load up present energy storage/take capacity (W-hr)
2026-09-01 22:41:49,780 INFO  [default]            source: Estimated
2026-09-01 22:41:49,780 INFO  [default]   cumulative: 9566
2026-09-01 22:41:49,781 INFO  [default]    inst rate: not used for this commodity code
2026-09-01 22:41:49,985 INFO  [default] link ACK received: query_operational_state
2026-09-01 22:41:50,108 INFO  [default] operational state received: 2

Press Enter for a list of commands
2026-09-01 22:42:19,266 INFO  [default] link ACK received: query_operational_state
2026-09-01 22:42:19,390 INFO  [default] operational state received: 2

Press Enter for a list of commands
2026-09-01 22:42:49,547 INFO  [default] link ACK received: get_commodity
2026-09-01 22:42:49,716 INFO  [default] message type supported received: 2
2026-09-01 22:42:49,716 INFO  [default] commodity response received. response code: 0 - success; count: 6
2026-09-01 22:42:49,716 INFO  [default] commodity code: 0 - Electricity consumed (W & W-hr)
2026-09-01 22:42:49,716 INFO  [default]            source: Estimated
2026-09-01 22:42:49,716 INFO  [default]   cumulative: 147000
2026-09-01 22:42:49,716 INFO  [default]    inst rate: 500
2026-09-01 22:42:49,716 INFO  [default] commodity code 8 - Rated max consumption level electricity (W) is not recorded in the commodity CSV
2026-09-01 22:42:49,717 INFO  [default] commodity code: 6 - Total energy storage/take capacity (W-hr)
2026-09-01 22:42:49,717 INFO  [default]            source: Estimated
2026-09-01 22:42:49,717 INFO  [default]   cumulative: 9190
2026-09-01 22:42:49,717 INFO  [default]    inst rate: not used for this commodity code
2026-09-01 22:42:49,717 INFO  [default] commodity code: 7 - Present energy storage/take capacity (W-hr)
2026-09-01 22:42:49,717 INFO  [default]            source: Estimated
2026-09-01 22:42:49,717 INFO  [default]   cumulative: 6384
2026-09-01 22:42:49,717 INFO  [default]    inst rate: not used for this commodity code
2026-09-01 22:42:49,717 INFO  [default] commodity code: 10 - Advanced load up total energy storage/take capacity (W-hr)
2026-09-01 22:42:49,717 INFO  [default]            source: Estimated
2026-09-01 22:42:49,717 INFO  [default]   cumulative: 12371
2026-09-01 22:42:49,717 INFO  [default]    inst rate: not used for this commodity code
2026-09-01 22:42:49,717 INFO  [default] commodity code: 11 - Advanced load up present energy storage/take capacity (W-hr)
2026-09-01 22:42:49,717 INFO  [default]            source: Estimated
2026-09-01 22:42:49,718 INFO  [default]   cumulative: 9566
2026-09-01 22:42:49,718 INFO  [default]    inst rate: not used for this commodity code
2026-09-01 22:42:49,920 INFO  [default] link ACK received: query_operational_state
2026-09-01 22:42:50,045 INFO  [default] operational state received: 2

Press Enter for a list of commands
2026-09-01 22:43:19,203 INFO  [default] link ACK received: query_operational_state
2026-09-01 22:43:19,327 INFO  [default] operational state received: 2

Press Enter for a list of commands
2026-09-01 22:43:49,484 INFO  [default] link ACK received: get_commodity
2026-09-01 22:43:49,654 INFO  [default] message type supported received: 2
2026-09-01 22:43:49,655 INFO  [default] commodity response received. response code: 0 - success; count: 6
2026-09-01 22:43:49,655 INFO  [default] commodity code: 0 - Electricity consumed (W & W-hr)
2026-09-01 22:43:49,655 INFO  [default]            source: Estimated
2026-09-01 22:43:49,655 INFO  [default]   cumulative: 147000
2026-09-01 22:43:49,655 INFO  [default]    inst rate: 500
2026-09-01 22:43:49,655 INFO  [default] commodity code 8 - Rated max consumption level electricity (W) is not recorded in the commodity CSV
2026-09-01 22:43:49,655 INFO  [default] commodity code: 6 - Total energy storage/take capacity (W-hr)
2026-09-01 22:43:49,655 INFO  [default]            source: Estimated
2026-09-01 22:43:49,655 INFO  [default]   cumulative: 9190
2026-09-01 22:43:49,655 INFO  [default]    inst rate: not used for this commodity code
2026-09-01 22:43:49,655 INFO  [default] commodity code: 7 - Present energy storage/take capacity (W-hr)
2026-09-01 22:43:49,655 INFO  [default]            source: Estimated
2026-09-01 22:43:49,655 INFO  [default]   cumulative: 6406
2026-09-01 22:43:49,655 INFO  [default]    inst rate: not used for this commodity code
2026-09-01 22:43:49,655 INFO  [default] commodity code: 10 - Advanced load up total energy storage/take capacity (W-hr)
2026-09-01 22:43:49,655 INFO  [default]            source: Estimated
2026-09-01 22:43:49,655 INFO  [default]   cumulative: 12371
2026-09-01 22:43:49,655 INFO  [default]    inst rate: not used for this commodity code
2026-09-01 22:43:49,656 INFO  [default] commodity code: 11 - Advanced load up present energy storage/take capacity (W-hr)
2026-09-01 22:43:49,656 INFO  [default]            source: Estimated
2026-09-01 22:43:49,656 INFO  [default]   cumulative: 9588
2026-09-01 22:43:49,656 INFO  [default]    inst rate: not used for this commodity code
2026-09-01 22:43:49,857 INFO  [default] link ACK received: query_operational_state
2026-09-01 22:43:49,982 INFO  [default] operational state received: 2

Press Enter for a list of commands
2026-09-01 22:44:19,141 INFO  [default] link ACK received: query_operational_state
2026-09-01 22:44:19,264 INFO  [default] operational state received: 2

Press Enter for a list of commands
2026-09-01 22:44:49,424 INFO  [default] link ACK received: get_commodity
2026-09-01 22:44:49,592 INFO  [default] message type supported received: 2
2026-09-01 22:44:49,592 INFO  [default] commodity response received. response code: 0 - success; count: 6
2026-09-01 22:44:49,593 INFO  [default] commodity code: 0 - Electricity consumed (W & W-hr)
2026-09-01 22:44:49,593 INFO  [default]            source: Estimated
2026-09-01 22:44:49,593 INFO  [default]   cumulative: 147000
2026-09-01 22:44:49,593 INFO  [default]    inst rate: 500
2026-09-01 22:44:49,593 INFO  [default] commodity code 8 - Rated max consumption level electricity (W) is not recorded in the commodity CSV
2026-09-01 22:44:49,593 INFO  [default] commodity code: 6 - Total energy storage/take capacity (W-hr)
2026-09-01 22:44:49,593 INFO  [default]            source: Estimated
2026-09-01 22:44:49,593 INFO  [default]   cumulative: 9190
2026-09-01 22:44:49,593 INFO  [default]    inst rate: not used for this commodity code
2026-09-01 22:44:49,593 INFO  [default] commodity code: 7 - Present energy storage/take capacity (W-hr)
2026-09-01 22:44:49,594 INFO  [default]            source: Estimated
2026-09-01 22:44:49,594 INFO  [default]   cumulative: 6428
2026-09-01 22:44:49,594 INFO  [default]    inst rate: not used for this commodity code
2026-09-01 22:44:49,594 INFO  [default] commodity code: 10 - Advanced load up total energy storage/take capacity (W-hr)
2026-09-01 22:44:49,594 INFO  [default]            source: Estimated
2026-09-01 22:44:49,594 INFO  [default]   cumulative: 12371
2026-09-01 22:44:49,594 INFO  [default]    inst rate: not used for this commodity code
2026-09-01 22:44:49,594 INFO  [default] commodity code: 11 - Advanced load up present energy storage/take capacity (W-hr)
2026-09-01 22:44:49,594 INFO  [default]            source: Estimated
2026-09-01 22:44:49,594 INFO  [default]   cumulative: 9610
2026-09-01 22:44:49,594 INFO  [default]    inst rate: not used for this commodity code
2026-09-01 22:44:49,797 INFO  [default] link ACK received: query_operational_state
2026-09-01 22:44:49,922 INFO  [default] operational state received: 2

Press Enter for a list of commands
2026-09-01 22:45:19,082 INFO  [default] link ACK received: query_operational_state
2026-09-01 22:45:19,206 INFO  [default] operational state received: 2

Press Enter for a list of commands
2026-09-01 22:45:49,365 INFO  [default] link ACK received: get_commodity
2026-09-01 22:45:49,533 INFO  [default] message type supported received: 2
2026-09-01 22:45:49,534 INFO  [default] commodity response received. response code: 0 - success; count: 6
2026-09-01 22:45:49,534 INFO  [default] commodity code: 0 - Electricity consumed (W & W-hr)
2026-09-01 22:45:49,534 INFO  [default]            source: Estimated
2026-09-01 22:45:49,534 INFO  [default]   cumulative: 147000
2026-09-01 22:45:49,534 INFO  [default]    inst rate: 500
2026-09-01 22:45:49,534 INFO  [default] commodity code 8 - Rated max consumption level electricity (W) is not recorded in the commodity CSV
2026-09-01 22:45:49,534 INFO  [default] commodity code: 6 - Total energy storage/take capacity (W-hr)
2026-09-01 22:45:49,534 INFO  [default]            source: Estimated
2026-09-01 22:45:49,535 INFO  [default]   cumulative: 9190
2026-09-01 22:45:49,535 INFO  [default]    inst rate: not used for this commodity code
2026-09-01 22:45:49,535 INFO  [default] commodity code: 7 - Present energy storage/take capacity (W-hr)
2026-09-01 22:45:49,535 INFO  [default]            source: Estimated
2026-09-01 22:45:49,535 INFO  [default]   cumulative: 6428
2026-09-01 22:45:49,535 INFO  [default]    inst rate: not used for this commodity code
2026-09-01 22:45:49,535 INFO  [default] commodity code: 10 - Advanced load up total energy storage/take capacity (W-hr)
2026-09-01 22:45:49,535 INFO  [default]            source: Estimated
2026-09-01 22:45:49,535 INFO  [default]   cumulative: 12371
2026-09-01 22:45:49,535 INFO  [default]    inst rate: not used for this commodity code
2026-09-01 22:45:49,535 INFO  [default] commodity code: 11 - Advanced load up present energy storage/take capacity (W-hr)
2026-09-01 22:45:49,535 INFO  [default]            source: Estimated
2026-09-01 22:45:49,535 INFO  [default]   cumulative: 9610
2026-09-01 22:45:49,535 INFO  [default]    inst rate: not used for this commodity code
2026-09-01 22:45:49,737 INFO  [default] link ACK received: query_operational_state
2026-09-01 22:45:49,861 INFO  [default] operational state received: 2

Press Enter for a list of commands
2026-09-01 22:46:19,020 INFO  [default] link ACK received: query_operational_state
2026-09-01 22:46:19,143 INFO  [default] operational state received: 2

Press Enter for a list of commands
1788328009,o,0 (PASSED!)
outside communication found
2026-09-01 22:46:49,302 INFO  [default] link ACK received: outside_communication
2026-09-01 22:46:49,425 INFO  [default] app ack received
2026-09-01 22:46:49,628 INFO  [default] link ACK received: get_commodity
2026-09-01 22:46:49,796 INFO  [default] message type supported received: 2
2026-09-01 22:46:49,796 INFO  [default] commodity response received. response code: 0 - success; count: 6
2026-09-01 22:46:49,796 INFO  [default] commodity code: 0 - Electricity consumed (W & W-hr)
2026-09-01 22:46:49,796 INFO  [default]            source: Estimated
2026-09-01 22:46:49,797 INFO  [default]   cumulative: 147000
2026-09-01 22:46:49,797 INFO  [default]    inst rate: 500
2026-09-01 22:46:49,797 INFO  [default] commodity code 8 - Rated max consumption level electricity (W) is not recorded in the commodity CSV
2026-09-01 22:46:49,797 INFO  [default] commodity code: 6 - Total energy storage/take capacity (W-hr)
2026-09-01 22:46:49,797 INFO  [default]            source: Estimated
2026-09-01 22:46:49,797 INFO  [default]   cumulative: 9190
2026-09-01 22:46:49,797 INFO  [default]    inst rate: not used for this commodity code
2026-09-01 22:46:49,797 INFO  [default] commodity code: 7 - Present energy storage/take capacity (W-hr)
2026-09-01 22:46:49,797 INFO  [default]            source: Estimated
2026-09-01 22:46:49,797 INFO  [default]   cumulative: 6384
2026-09-01 22:46:49,797 INFO  [default]    inst rate: not used for this commodity code
2026-09-01 22:46:49,797 INFO  [default] commodity code: 10 - Advanced load up total energy storage/take capacity (W-hr)
2026-09-01 22:46:49,797 INFO  [default]            source: Estimated
2026-09-01 22:46:49,797 INFO  [default]   cumulative: 12371
2026-09-01 22:46:49,797 INFO  [default]    inst rate: not used for this commodity code
2026-09-01 22:46:49,797 INFO  [default] commodity code: 11 - Advanced load up present energy storage/take capacity (W-hr)
2026-09-01 22:46:49,797 INFO  [default]            source: Estimated
2026-09-01 22:46:49,797 INFO  [default]   cumulative: 9566
2026-09-01 22:46:49,797 INFO  [default]    inst rate: not used for this commodity code
2026-09-01 22:46:49,999 INFO  [default] link ACK received: query_operational_state
2026-09-01 22:46:50,124 INFO  [default] operational state received: 2

Press Enter for a list of commands
2026-09-01 22:47:19,282 INFO  [default] link ACK received: query_operational_state
2026-09-01 22:47:19,406 INFO  [default] operational state received: 2

Press Enter for a list of commands
2026-09-01 22:47:49,565 INFO  [default] link ACK received: get_commodity
2026-09-01 22:47:49,733 INFO  [default] message type supported received: 2
2026-09-01 22:47:49,733 INFO  [default] commodity response received. response code: 0 - success; count: 6
2026-09-01 22:47:49,734 INFO  [default] commodity code: 0 - Electricity consumed (W & W-hr)
2026-09-01 22:47:49,734 INFO  [default]            source: Estimated
2026-09-01 22:47:49,734 INFO  [default]   cumulative: 147000
2026-09-01 22:47:49,734 INFO  [default]    inst rate: 500
2026-09-01 22:47:49,734 INFO  [default] commodity code 8 - Rated max consumption level electricity (W) is not recorded in the commodity CSV
2026-09-01 22:47:49,734 INFO  [default] commodity code: 6 - Total energy storage/take capacity (W-hr)
2026-09-01 22:47:49,734 INFO  [default]            source: Estimated
2026-09-01 22:47:49,734 INFO  [default]   cumulative: 9190
2026-09-01 22:47:49,734 INFO  [default]    inst rate: not used for this commodity code
2026-09-01 22:47:49,734 INFO  [default] commodity code: 7 - Present energy storage/take capacity (W-hr)
2026-09-01 22:47:49,734 INFO  [default]            source: Estimated
2026-09-01 22:47:49,734 INFO  [default]   cumulative: 6406
2026-09-01 22:47:49,735 INFO  [default]    inst rate: not used for this commodity code
2026-09-01 22:47:49,735 INFO  [default] commodity code: 10 - Advanced load up total energy storage/take capacity (W-hr)
2026-09-01 22:47:49,735 INFO  [default]            source: Estimated
2026-09-01 22:47:49,735 INFO  [default]   cumulative: 12371
2026-09-01 22:47:49,735 INFO  [default]    inst rate: not used for this commodity code
2026-09-01 22:47:49,735 INFO  [default] commodity code: 11 - Advanced load up present energy storage/take capacity (W-hr)
2026-09-01 22:47:49,735 INFO  [default]            source: Estimated
2026-09-01 22:47:49,735 INFO  [default]   cumulative: 9588
2026-09-01 22:47:49,735 INFO  [default]    inst rate: not used for this commodity code
2026-09-01 22:47:49,938 INFO  [default] link ACK received: query_operational_state
2026-09-01 22:47:50,061 INFO  [default] operational state received: 2

Press Enter for a list of commands
Returning state to normal...
2026-09-01 22:47:52,468 INFO  [default] link ACK received: run_normal
2026-09-01 22:47:52,591 INFO  [default] app ack received
Reporting outside communication disconnected...
2026-09-01 22:47:52,794 INFO  [default] link ACK received: outside_communication
2026-09-01 22:47:52,918 INFO  [default] app ack received
Loading...
Querying operational state after normal command...
2026-09-01 22:47:55,023 INFO  [default] link ACK received: query_operational_state
2026-09-01 22:47:55,147 INFO  [default] operational state received: 1

Press Enter for a list of commands
