2026-08-03 18:12:57,996 INFO  [default] link ACK received: device_information
2026-08-03 18:12:58,124 INFO  [default] message type supported received: 2
2026-08-03 18:12:58,124 INFO  [default] device info response received. response code: 0 - success
2026-08-03 18:12:58,125 INFO  [default]   CTA-2045 version: 00
2026-08-03 18:12:58,125 INFO  [default]   device type: 3 - Water Heater - Heat Pump
2026-08-03 18:12:58,125 INFO  [default]   vendor ID: 4660
2026-08-03 18:12:58,165 INFO  [default] starting commodity service...
1785805978,o,0 (PASSED!)
outside communication found
2026-08-03 18:12:58,316 INFO  [default] link ACK received: outside_communication
2026-08-03 18:12:58,428 INFO  [default] app ack received
2026-08-03 18:12:58,620 INFO  [default] link ACK received: get_commodity
2026-08-03 18:12:58,748 INFO  [default] message type supported received: 2
2026-08-03 18:12:58,748 INFO  [default] commodity response received. response code: 0 - success; count: 3
2026-08-03 18:12:58,749 INFO  [default] commodity code: 0 - Electricity consumed (W & W-hr)
2026-08-03 18:12:58,749 INFO  [default]            source: Estimated
2026-08-03 18:12:58,749 INFO  [default]   cumulative: 189
2026-08-03 18:12:58,749 INFO  [default]    inst rate: 0
2026-08-03 18:12:58,749 INFO  [default] commodity code: 6 - Total energy storage/take capacity (W-hr)
2026-08-03 18:12:58,749 INFO  [default]            source: Estimated
2026-08-03 18:12:58,749 INFO  [default]   cumulative: 4026
2026-08-03 18:12:58,749 INFO  [default]    inst rate: not used for this commodity code
2026-08-03 18:12:58,749 INFO  [default] commodity code: 7 - Present energy storage/take capacity (W-hr)
2026-08-03 18:12:58,749 INFO  [default]            source: Estimated
2026-08-03 18:12:58,749 INFO  [default]   cumulative: 0
2026-08-03 18:12:58,749 INFO  [default]    inst rate: not used for this commodity code
2026-08-03 18:12:58,940 INFO  [default] link ACK received: query_operational_state
2026-08-03 18:12:59,036 INFO  [default] operational state received: 0

Press Enter for a list of commands
a- Advanced Loadup
c- Critical Peak Event
e- End shed/Normal
g- Grid Emergency
l- Loadup
o- Outside Communication
s- Shed
v- Enable advanced load up capability
x- Disable advanced load up capability
z- Quit and return operation to normal
q- Quit
enter choice: 1785805993,l,0 (PASSED!)
loading up
2026-08-03 18:13:13,146 INFO  [default] link ACK received: load_up
2026-08-03 18:13:13,258 INFO  [default] app ack received
2026-08-03 18:13:58,434 INFO  [default] link ACK received: get_commodity
2026-08-03 18:13:58,562 INFO  [default] message type supported received: 2
2026-08-03 18:13:58,562 INFO  [default] commodity response received. response code: 0 - success; count: 3
2026-08-03 18:13:58,562 INFO  [default] commodity code: 0 - Electricity consumed (W & W-hr)
2026-08-03 18:13:58,563 INFO  [default]            source: Estimated
2026-08-03 18:13:58,563 INFO  [default]   cumulative: 189
2026-08-03 18:13:58,563 INFO  [default]    inst rate: 0
2026-08-03 18:13:58,563 INFO  [default] commodity code: 6 - Total energy storage/take capacity (W-hr)
2026-08-03 18:13:58,563 INFO  [default]            source: Estimated
2026-08-03 18:13:58,563 INFO  [default]   cumulative: 4026
2026-08-03 18:13:58,563 INFO  [default]    inst rate: not used for this commodity code
2026-08-03 18:13:58,564 INFO  [default] commodity code: 7 - Present energy storage/take capacity (W-hr)
2026-08-03 18:13:58,564 INFO  [default]            source: Estimated
2026-08-03 18:13:58,564 INFO  [default]   cumulative: 0
2026-08-03 18:13:58,564 INFO  [default]    inst rate: not used for this commodity code
2026-08-03 18:13:58,754 INFO  [default] link ACK received: query_operational_state
2026-08-03 18:13:58,866 INFO  [default] operational state received: 4

Press Enter for a list of commands
2026-08-03 18:14:59,063 INFO  [default] link ACK received: get_commodity
2026-08-03 18:14:59,191 INFO  [default] message type supported received: 2
2026-08-03 18:14:59,191 INFO  [default] commodity response received. response code: 0 - success; count: 3
2026-08-03 18:14:59,192 INFO  [default] commodity code: 0 - Electricity consumed (W & W-hr)
2026-08-03 18:14:59,192 INFO  [default]            source: Estimated
2026-08-03 18:14:59,192 INFO  [default]   cumulative: 189
2026-08-03 18:14:59,192 INFO  [default]    inst rate: 0
2026-08-03 18:14:59,193 INFO  [default] commodity code: 6 - Total energy storage/take capacity (W-hr)
2026-08-03 18:14:59,193 INFO  [default]            source: Estimated
2026-08-03 18:14:59,193 INFO  [default]   cumulative: 4026
2026-08-03 18:14:59,193 INFO  [default]    inst rate: not used for this commodity code
2026-08-03 18:14:59,193 INFO  [default] commodity code: 7 - Present energy storage/take capacity (W-hr)
2026-08-03 18:14:59,193 INFO  [default]            source: Estimated
2026-08-03 18:14:59,193 INFO  [default]   cumulative: 0
2026-08-03 18:14:59,193 INFO  [default]    inst rate: not used for this commodity code
2026-08-03 18:14:59,383 INFO  [default] link ACK received: query_operational_state
2026-08-03 18:14:59,495 INFO  [default] operational state received: 4

Press Enter for a list of commands
2026-08-03 18:15:58,701 INFO  [default] link ACK received: get_commodity
2026-08-03 18:15:58,829 INFO  [default] message type supported received: 2
2026-08-03 18:15:58,829 INFO  [default] commodity response received. response code: 0 - success; count: 3
2026-08-03 18:15:58,829 INFO  [default] commodity code: 0 - Electricity consumed (W & W-hr)
2026-08-03 18:15:58,829 INFO  [default]            source: Estimated
2026-08-03 18:15:58,829 INFO  [default]   cumulative: 189
2026-08-03 18:15:58,830 INFO  [default]    inst rate: 0
2026-08-03 18:15:58,830 INFO  [default] commodity code: 6 - Total energy storage/take capacity (W-hr)
2026-08-03 18:15:58,830 INFO  [default]            source: Estimated
2026-08-03 18:15:58,830 INFO  [default]   cumulative: 4026
2026-08-03 18:15:58,830 INFO  [default]    inst rate: not used for this commodity code
2026-08-03 18:15:58,830 INFO  [default] commodity code: 7 - Present energy storage/take capacity (W-hr)
2026-08-03 18:15:58,830 INFO  [default]            source: Estimated
2026-08-03 18:15:58,830 INFO  [default]   cumulative: 0
2026-08-03 18:15:58,831 INFO  [default]    inst rate: not used for this commodity code
2026-08-03 18:15:59,021 INFO  [default] link ACK received: query_operational_state
2026-08-03 18:15:59,133 INFO  [default] operational state received: 4

Press Enter for a list of commands
2026-08-03 18:16:58,338 INFO  [default] link ACK received: get_commodity
2026-08-03 18:16:58,466 INFO  [default] message type supported received: 2
2026-08-03 18:16:58,466 INFO  [default] commodity response received. response code: 0 - success; count: 3
2026-08-03 18:16:58,467 INFO  [default] commodity code: 0 - Electricity consumed (W & W-hr)
2026-08-03 18:16:58,467 INFO  [default]            source: Estimated
2026-08-03 18:16:58,467 INFO  [default]   cumulative: 189
2026-08-03 18:16:58,467 INFO  [default]    inst rate: 0
2026-08-03 18:16:58,467 INFO  [default] commodity code: 6 - Total energy storage/take capacity (W-hr)
2026-08-03 18:16:58,467 INFO  [default]            source: Estimated
2026-08-03 18:16:58,467 INFO  [default]   cumulative: 4026
2026-08-03 18:16:58,468 INFO  [default]    inst rate: not used for this commodity code
2026-08-03 18:16:58,468 INFO  [default] commodity code: 7 - Present energy storage/take capacity (W-hr)
2026-08-03 18:16:58,468 INFO  [default]            source: Estimated
2026-08-03 18:16:58,468 INFO  [default]   cumulative: 0
2026-08-03 18:16:58,468 INFO  [default]    inst rate: not used for this commodity code
2026-08-03 18:16:58,658 INFO  [default] link ACK received: query_operational_state
2026-08-03 18:16:58,770 INFO  [default] operational state received: 4

Press Enter for a list of commands
2026-08-03 18:17:58,983 INFO  [default] link ACK received: get_commodity
2026-08-03 18:17:59,111 INFO  [default] message type supported received: 2
2026-08-03 18:17:59,111 INFO  [default] commodity response received. response code: 0 - success; count: 3
2026-08-03 18:17:59,112 INFO  [default] commodity code: 0 - Electricity consumed (W & W-hr)
2026-08-03 18:17:59,112 INFO  [default]            source: Estimated
2026-08-03 18:17:59,112 INFO  [default]   cumulative: 189
2026-08-03 18:17:59,112 INFO  [default]    inst rate: 0
2026-08-03 18:17:59,113 INFO  [default] commodity code: 6 - Total energy storage/take capacity (W-hr)
2026-08-03 18:17:59,113 INFO  [default]            source: Estimated
2026-08-03 18:17:59,113 INFO  [default]   cumulative: 4026
2026-08-03 18:17:59,113 INFO  [default]    inst rate: not used for this commodity code
2026-08-03 18:17:59,113 INFO  [default] commodity code: 7 - Present energy storage/take capacity (W-hr)
2026-08-03 18:17:59,113 INFO  [default]            source: Estimated
2026-08-03 18:17:59,113 INFO  [default]   cumulative: 0
2026-08-03 18:17:59,113 INFO  [default]    inst rate: not used for this commodity code
2026-08-03 18:17:59,303 INFO  [default] link ACK received: query_operational_state
2026-08-03 18:17:59,415 INFO  [default] operational state received: 4

Press Enter for a list of commands
2026-08-03 18:18:58,621 INFO  [default] link ACK received: get_commodity
2026-08-03 18:18:58,733 INFO  [default] message type supported received: 2
2026-08-03 18:18:58,733 INFO  [default] commodity response received. response code: 0 - success; count: 3
2026-08-03 18:18:58,734 INFO  [default] commodity code: 0 - Electricity consumed (W & W-hr)
2026-08-03 18:18:58,734 INFO  [default]            source: Estimated
2026-08-03 18:18:58,734 INFO  [default]   cumulative: 189
2026-08-03 18:18:58,734 INFO  [default]    inst rate: 0
2026-08-03 18:18:58,734 INFO  [default] commodity code: 6 - Total energy storage/take capacity (W-hr)
2026-08-03 18:18:58,734 INFO  [default]            source: Estimated
2026-08-03 18:18:58,734 INFO  [default]   cumulative: 4026
2026-08-03 18:18:58,734 INFO  [default]    inst rate: not used for this commodity code
2026-08-03 18:18:58,735 INFO  [default] commodity code: 7 - Present energy storage/take capacity (W-hr)
2026-08-03 18:18:58,735 INFO  [default]            source: Estimated
2026-08-03 18:18:58,735 INFO  [default]   cumulative: 0
2026-08-03 18:18:58,735 INFO  [default]    inst rate: not used for this commodity code
2026-08-03 18:18:58,925 INFO  [default] link ACK received: query_operational_state
2026-08-03 18:18:59,021 INFO  [default] operational state received: 4

Press Enter for a list of commands
2026-08-03 18:19:59,218 INFO  [default] link ACK received: get_commodity
2026-08-03 18:19:59,346 INFO  [default] message type supported received: 2
2026-08-03 18:19:59,346 INFO  [default] commodity response received. response code: 0 - success; count: 3
2026-08-03 18:19:59,347 INFO  [default] commodity code: 0 - Electricity consumed (W & W-hr)
2026-08-03 18:19:59,347 INFO  [default]            source: Estimated
2026-08-03 18:19:59,347 INFO  [default]   cumulative: 189
2026-08-03 18:19:59,347 INFO  [default]    inst rate: 0
2026-08-03 18:19:59,347 INFO  [default] commodity code: 6 - Total energy storage/take capacity (W-hr)
2026-08-03 18:19:59,347 INFO  [default]            source: Estimated
2026-08-03 18:19:59,347 INFO  [default]   cumulative: 4026
2026-08-03 18:19:59,348 INFO  [default]    inst rate: not used for this commodity code
2026-08-03 18:19:59,348 INFO  [default] commodity code: 7 - Present energy storage/take capacity (W-hr)
2026-08-03 18:19:59,348 INFO  [default]            source: Estimated
2026-08-03 18:19:59,348 INFO  [default]   cumulative: 0
2026-08-03 18:19:59,348 INFO  [default]    inst rate: not used for this commodity code
2026-08-03 18:19:59,538 INFO  [default] link ACK received: query_operational_state
2026-08-03 18:19:59,650 INFO  [default] operational state received: 4

Press Enter for a list of commands
2026-08-03 18:20:58,856 INFO  [default] link ACK received: get_commodity
2026-08-03 18:20:58,967 INFO  [default] message type supported received: 2
2026-08-03 18:20:58,968 INFO  [default] commodity response received. response code: 0 - success; count: 3
2026-08-03 18:20:58,968 INFO  [default] commodity code: 0 - Electricity consumed (W & W-hr)
2026-08-03 18:20:58,968 INFO  [default]            source: Estimated
2026-08-03 18:20:58,968 INFO  [default]   cumulative: 189
2026-08-03 18:20:58,969 INFO  [default]    inst rate: 0
2026-08-03 18:20:58,969 INFO  [default] commodity code: 6 - Total energy storage/take capacity (W-hr)
2026-08-03 18:20:58,969 INFO  [default]            source: Estimated
2026-08-03 18:20:58,969 INFO  [default]   cumulative: 4026
2026-08-03 18:20:58,969 INFO  [default]    inst rate: not used for this commodity code
2026-08-03 18:20:58,969 INFO  [default] commodity code: 7 - Present energy storage/take capacity (W-hr)
2026-08-03 18:20:58,969 INFO  [default]            source: Estimated
2026-08-03 18:20:58,970 INFO  [default]   cumulative: 0
2026-08-03 18:20:58,970 INFO  [default]    inst rate: not used for this commodity code
2026-08-03 18:20:59,159 INFO  [default] link ACK received: query_operational_state
2026-08-03 18:20:59,271 INFO  [default] operational state received: 4

Press Enter for a list of commands
2026-08-03 18:21:58,477 INFO  [default] link ACK received: get_commodity
2026-08-03 18:21:58,605 INFO  [default] message type supported received: 2
2026-08-03 18:21:58,605 INFO  [default] commodity response received. response code: 0 - success; count: 3
2026-08-03 18:21:58,606 INFO  [default] commodity code: 0 - Electricity consumed (W & W-hr)
2026-08-03 18:21:58,606 INFO  [default]            source: Estimated
2026-08-03 18:21:58,606 INFO  [default]   cumulative: 189
2026-08-03 18:21:58,606 INFO  [default]    inst rate: 0
2026-08-03 18:21:58,606 INFO  [default] commodity code: 6 - Total energy storage/take capacity (W-hr)
2026-08-03 18:21:58,606 INFO  [default]            source: Estimated
2026-08-03 18:21:58,606 INFO  [default]   cumulative: 4026
2026-08-03 18:21:58,606 INFO  [default]    inst rate: not used for this commodity code
2026-08-03 18:21:58,607 INFO  [default] commodity code: 7 - Present energy storage/take capacity (W-hr)
2026-08-03 18:21:58,607 INFO  [default]            source: Estimated
2026-08-03 18:21:58,607 INFO  [default]   cumulative: 0
2026-08-03 18:21:58,607 INFO  [default]    inst rate: not used for this commodity code
2026-08-03 18:21:58,797 INFO  [default] link ACK received: query_operational_state
2026-08-03 18:21:58,893 INFO  [default] operational state received: 4

Press Enter for a list of commands
2026-08-03 18:22:59,106 INFO  [default] link ACK received: get_commodity
2026-08-03 18:22:59,218 INFO  [default] message type supported received: 2
2026-08-03 18:22:59,218 INFO  [default] commodity response received. response code: 0 - success; count: 3
2026-08-03 18:22:59,219 INFO  [default] commodity code: 0 - Electricity consumed (W & W-hr)
2026-08-03 18:22:59,219 INFO  [default]            source: Estimated
2026-08-03 18:22:59,219 INFO  [default]   cumulative: 189
2026-08-03 18:22:59,219 INFO  [default]    inst rate: 0
2026-08-03 18:22:59,219 INFO  [default] commodity code: 6 - Total energy storage/take capacity (W-hr)
2026-08-03 18:22:59,220 INFO  [default]            source: Estimated
2026-08-03 18:22:59,220 INFO  [default]   cumulative: 4026
2026-08-03 18:22:59,220 INFO  [default]    inst rate: not used for this commodity code
2026-08-03 18:22:59,220 INFO  [default] commodity code: 7 - Present energy storage/take capacity (W-hr)
2026-08-03 18:22:59,220 INFO  [default]            source: Estimated
2026-08-03 18:22:59,220 INFO  [default]   cumulative: 0
2026-08-03 18:22:59,220 INFO  [default]    inst rate: not used for this commodity code
2026-08-03 18:22:59,410 INFO  [default] link ACK received: query_operational_state
2026-08-03 18:22:59,522 INFO  [default] operational state received: 4

Press Enter for a list of commands
2026-08-03 18:23:58,728 INFO  [default] link ACK received: get_commodity
2026-08-03 18:23:58,840 INFO  [default] message type supported received: 2
2026-08-03 18:23:58,840 INFO  [default] commodity response received. response code: 0 - success; count: 3
2026-08-03 18:23:58,840 INFO  [default] commodity code: 0 - Electricity consumed (W & W-hr)
2026-08-03 18:23:58,840 INFO  [default]            source: Estimated
2026-08-03 18:23:58,841 INFO  [default]   cumulative: 189
2026-08-03 18:23:58,841 INFO  [default]    inst rate: 0
2026-08-03 18:23:58,841 INFO  [default] commodity code: 6 - Total energy storage/take capacity (W-hr)
2026-08-03 18:23:58,841 INFO  [default]            source: Estimated
2026-08-03 18:23:58,841 INFO  [default]   cumulative: 4026
2026-08-03 18:23:58,841 INFO  [default]    inst rate: not used for this commodity code
2026-08-03 18:23:58,841 INFO  [default] commodity code: 7 - Present energy storage/take capacity (W-hr)
2026-08-03 18:23:58,841 INFO  [default]            source: Estimated
2026-08-03 18:23:58,842 INFO  [default]   cumulative: 0
2026-08-03 18:23:58,842 INFO  [default]    inst rate: not used for this commodity code
2026-08-03 18:23:59,032 INFO  [default] link ACK received: query_operational_state
2026-08-03 18:23:59,144 INFO  [default] operational state received: 4

Press Enter for a list of commands
2026-08-03 18:24:58,349 INFO  [default] link ACK received: get_commodity
2026-08-03 18:24:58,461 INFO  [default] message type supported received: 2
2026-08-03 18:24:58,461 INFO  [default] commodity response received. response code: 0 - success; count: 3
2026-08-03 18:24:58,461 INFO  [default] commodity code: 0 - Electricity consumed (W & W-hr)
2026-08-03 18:24:58,461 INFO  [default]            source: Estimated
2026-08-03 18:24:58,461 INFO  [default]   cumulative: 189
2026-08-03 18:24:58,461 INFO  [default]    inst rate: 0
2026-08-03 18:24:58,462 INFO  [default] commodity code: 6 - Total energy storage/take capacity (W-hr)
2026-08-03 18:24:58,462 INFO  [default]            source: Estimated
2026-08-03 18:24:58,462 INFO  [default]   cumulative: 4026
2026-08-03 18:24:58,462 INFO  [default]    inst rate: not used for this commodity code
2026-08-03 18:24:58,462 INFO  [default] commodity code: 7 - Present energy storage/take capacity (W-hr)
2026-08-03 18:24:58,462 INFO  [default]            source: Estimated
2026-08-03 18:24:58,462 INFO  [default]   cumulative: 0
2026-08-03 18:24:58,462 INFO  [default]    inst rate: not used for this commodity code
2026-08-03 18:24:58,653 INFO  [default] link ACK received: query_operational_state
2026-08-03 18:24:58,765 INFO  [default] operational state received: 4

Press Enter for a list of commands
2026-08-03 18:25:58,962 INFO  [default] link ACK received: get_commodity
2026-08-03 18:25:59,090 INFO  [default] message type supported received: 2
2026-08-03 18:25:59,091 INFO  [default] commodity response received. response code: 0 - success; count: 3
2026-08-03 18:25:59,091 INFO  [default] commodity code: 0 - Electricity consumed (W & W-hr)
2026-08-03 18:25:59,091 INFO  [default]            source: Estimated
2026-08-03 18:25:59,092 INFO  [default]   cumulative: 189
2026-08-03 18:25:59,092 INFO  [default]    inst rate: 0
2026-08-03 18:25:59,092 INFO  [default] commodity code: 6 - Total energy storage/take capacity (W-hr)
2026-08-03 18:25:59,092 INFO  [default]            source: Estimated
2026-08-03 18:25:59,092 INFO  [default]   cumulative: 4026
2026-08-03 18:25:59,092 INFO  [default]    inst rate: not used for this commodity code
2026-08-03 18:25:59,092 INFO  [default] commodity code: 7 - Present energy storage/take capacity (W-hr)
2026-08-03 18:25:59,092 INFO  [default]            source: Estimated
2026-08-03 18:25:59,093 INFO  [default]   cumulative: 0
2026-08-03 18:25:59,093 INFO  [default]    inst rate: not used for this commodity code
2026-08-03 18:25:59,282 INFO  [default] link ACK received: query_operational_state
2026-08-03 18:25:59,378 INFO  [default] operational state received: 4

Press Enter for a list of commands
1785806788,o,0 (PASSED!)
outside communication found
2026-08-03 18:26:28,525 INFO  [default] link ACK received: outside_communication
2026-08-03 18:26:28,621 INFO  [default] app ack received
2026-08-03 18:26:58,776 INFO  [default] link ACK received: get_commodity
2026-08-03 18:26:58,904 INFO  [default] message type supported received: 2
2026-08-03 18:26:58,904 INFO  [default] commodity response received. response code: 0 - success; count: 3
2026-08-03 18:26:58,905 INFO  [default] commodity code: 0 - Electricity consumed (W & W-hr)
2026-08-03 18:26:58,905 INFO  [default]            source: Estimated
2026-08-03 18:26:58,905 INFO  [default]   cumulative: 189
2026-08-03 18:26:58,905 INFO  [default]    inst rate: 0
2026-08-03 18:26:58,905 INFO  [default] commodity code: 6 - Total energy storage/take capacity (W-hr)
2026-08-03 18:26:58,905 INFO  [default]            source: Estimated
2026-08-03 18:26:58,905 INFO  [default]   cumulative: 4026
2026-08-03 18:26:58,905 INFO  [default]    inst rate: not used for this commodity code
2026-08-03 18:26:58,906 INFO  [default] commodity code: 7 - Present energy storage/take capacity (W-hr)
2026-08-03 18:26:58,906 INFO  [default]            source: Estimated
2026-08-03 18:26:58,906 INFO  [default]   cumulative: 0
2026-08-03 18:26:58,906 INFO  [default]    inst rate: not used for this commodity code
2026-08-03 18:26:59,096 INFO  [default] link ACK received: query_operational_state
2026-08-03 18:26:59,208 INFO  [default] operational state received: 4

Press Enter for a list of commands
2026-08-03 18:27:58,413 INFO  [default] link ACK received: get_commodity
2026-08-03 18:27:58,541 INFO  [default] message type supported received: 2
2026-08-03 18:27:58,541 INFO  [default] commodity response received. response code: 0 - success; count: 3
2026-08-03 18:27:58,542 INFO  [default] commodity code: 0 - Electricity consumed (W & W-hr)
2026-08-03 18:27:58,542 INFO  [default]            source: Estimated
2026-08-03 18:27:58,542 INFO  [default]   cumulative: 189
2026-08-03 18:27:58,542 INFO  [default]    inst rate: 0
2026-08-03 18:27:58,542 INFO  [default] commodity code: 6 - Total energy storage/take capacity (W-hr)
2026-08-03 18:27:58,542 INFO  [default]            source: Estimated
2026-08-03 18:27:58,543 INFO  [default]   cumulative: 4026
2026-08-03 18:27:58,543 INFO  [default]    inst rate: not used for this commodity code
2026-08-03 18:27:58,543 INFO  [default] commodity code: 7 - Present energy storage/take capacity (W-hr)
2026-08-03 18:27:58,543 INFO  [default]            source: Estimated
2026-08-03 18:27:58,543 INFO  [default]   cumulative: 0
2026-08-03 18:27:58,543 INFO  [default]    inst rate: not used for this commodity code
2026-08-03 18:27:58,733 INFO  [default] link ACK received: query_operational_state
2026-08-03 18:27:58,829 INFO  [default] operational state received: 4

Press Enter for a list of commands
2026-08-03 18:28:59,026 INFO  [default] link ACK received: get_commodity
2026-08-03 18:28:59,154 INFO  [default] message type supported received: 2
2026-08-03 18:28:59,155 INFO  [default] commodity response received. response code: 0 - success; count: 3
2026-08-03 18:28:59,155 INFO  [default] commodity code: 0 - Electricity consumed (W & W-hr)
2026-08-03 18:28:59,155 INFO  [default]            source: Estimated
2026-08-03 18:28:59,155 INFO  [default]   cumulative: 189
2026-08-03 18:28:59,156 INFO  [default]    inst rate: 0
2026-08-03 18:28:59,156 INFO  [default] commodity code: 6 - Total energy storage/take capacity (W-hr)
2026-08-03 18:28:59,156 INFO  [default]            source: Estimated
2026-08-03 18:28:59,156 INFO  [default]   cumulative: 4026
2026-08-03 18:28:59,156 INFO  [default]    inst rate: not used for this commodity code
2026-08-03 18:28:59,156 INFO  [default] commodity code: 7 - Present energy storage/take capacity (W-hr)
2026-08-03 18:28:59,156 INFO  [default]            source: Estimated
2026-08-03 18:28:59,156 INFO  [default]   cumulative: 0
2026-08-03 18:28:59,157 INFO  [default]    inst rate: not used for this commodity code
2026-08-03 18:28:59,346 INFO  [default] link ACK received: query_operational_state
2026-08-03 18:28:59,458 INFO  [default] operational state received: 4

Press Enter for a list of commands
2026-08-03 18:29:58,664 INFO  [default] link ACK received: get_commodity
2026-08-03 18:29:58,792 INFO  [default] message type supported received: 2
2026-08-03 18:29:58,792 INFO  [default] commodity response received. response code: 0 - success; count: 3
2026-08-03 18:29:58,793 INFO  [default] commodity code: 0 - Electricity consumed (W & W-hr)
2026-08-03 18:29:58,793 INFO  [default]            source: Estimated
2026-08-03 18:29:58,793 INFO  [default]   cumulative: 189
2026-08-03 18:29:58,793 INFO  [default]    inst rate: 0
2026-08-03 18:29:58,793 INFO  [default] commodity code: 6 - Total energy storage/take capacity (W-hr)
2026-08-03 18:29:58,793 INFO  [default]            source: Estimated
2026-08-03 18:29:58,793 INFO  [default]   cumulative: 4026
2026-08-03 18:29:58,793 INFO  [default]    inst rate: not used for this commodity code
2026-08-03 18:29:58,794 INFO  [default] commodity code: 7 - Present energy storage/take capacity (W-hr)
2026-08-03 18:29:58,794 INFO  [default]            source: Estimated
2026-08-03 18:29:58,794 INFO  [default]   cumulative: 0
2026-08-03 18:29:58,794 INFO  [default]    inst rate: not used for this commodity code
2026-08-03 18:29:58,984 INFO  [default] link ACK received: query_operational_state
2026-08-03 18:29:59,096 INFO  [default] operational state received: 4

Press Enter for a list of commands
2026-08-03 18:30:58,301 INFO  [default] link ACK received: get_commodity
2026-08-03 18:30:58,413 INFO  [default] message type supported received: 2
2026-08-03 18:30:58,413 INFO  [default] commodity response received. response code: 0 - success; count: 3
2026-08-03 18:30:58,414 INFO  [default] commodity code: 0 - Electricity consumed (W & W-hr)
2026-08-03 18:30:58,414 INFO  [default]            source: Estimated
2026-08-03 18:30:58,414 INFO  [default]   cumulative: 189
2026-08-03 18:30:58,414 INFO  [default]    inst rate: 0
2026-08-03 18:30:58,414 INFO  [default] commodity code: 6 - Total energy storage/take capacity (W-hr)
2026-08-03 18:30:58,415 INFO  [default]            source: Estimated
2026-08-03 18:30:58,415 INFO  [default]   cumulative: 4026
2026-08-03 18:30:58,415 INFO  [default]    inst rate: not used for this commodity code
2026-08-03 18:30:58,415 INFO  [default] commodity code: 7 - Present energy storage/take capacity (W-hr)
2026-08-03 18:30:58,415 INFO  [default]            source: Estimated
2026-08-03 18:30:58,415 INFO  [default]   cumulative: 0
2026-08-03 18:30:58,415 INFO  [default]    inst rate: not used for this commodity code
2026-08-03 18:30:58,605 INFO  [default] link ACK received: query_operational_state
2026-08-03 18:30:58,717 INFO  [default] operational state received: 4

Press Enter for a list of commands
2026-08-03 18:31:58,931 INFO  [default] link ACK received: get_commodity
2026-08-03 18:31:59,043 INFO  [default] message type supported received: 2
2026-08-03 18:31:59,043 INFO  [default] commodity response received. response code: 0 - success; count: 3
2026-08-03 18:31:59,043 INFO  [default] commodity code: 0 - Electricity consumed (W & W-hr)
2026-08-03 18:31:59,044 INFO  [default]            source: Estimated
2026-08-03 18:31:59,044 INFO  [default]   cumulative: 189
2026-08-03 18:31:59,044 INFO  [default]    inst rate: 0
2026-08-03 18:31:59,044 INFO  [default] commodity code: 6 - Total energy storage/take capacity (W-hr)
2026-08-03 18:31:59,044 INFO  [default]            source: Estimated
2026-08-03 18:31:59,044 INFO  [default]   cumulative: 4026
2026-08-03 18:31:59,044 INFO  [default]    inst rate: not used for this commodity code
2026-08-03 18:31:59,044 INFO  [default] commodity code: 7 - Present energy storage/take capacity (W-hr)
2026-08-03 18:31:59,044 INFO  [default]            source: Estimated
2026-08-03 18:31:59,045 INFO  [default]   cumulative: 0
2026-08-03 18:31:59,045 INFO  [default]    inst rate: not used for this commodity code
2026-08-03 18:31:59,235 INFO  [default] link ACK received: query_operational_state
2026-08-03 18:31:59,347 INFO  [default] operational state received: 4

Press Enter for a list of commands
2026-08-03 18:32:58,552 INFO  [default] link ACK received: get_commodity
2026-08-03 18:32:58,680 INFO  [default] message type supported received: 2
2026-08-03 18:32:58,680 INFO  [default] commodity response received. response code: 0 - success; count: 3
2026-08-03 18:32:58,681 INFO  [default] commodity code: 0 - Electricity consumed (W & W-hr)
2026-08-03 18:32:58,681 INFO  [default]            source: Estimated
2026-08-03 18:32:58,681 INFO  [default]   cumulative: 189
2026-08-03 18:32:58,681 INFO  [default]    inst rate: 0
2026-08-03 18:32:58,681 INFO  [default] commodity code: 6 - Total energy storage/take capacity (W-hr)
2026-08-03 18:32:58,681 INFO  [default]            source: Estimated
2026-08-03 18:32:58,682 INFO  [default]   cumulative: 4026
2026-08-03 18:32:58,682 INFO  [default]    inst rate: not used for this commodity code
2026-08-03 18:32:58,682 INFO  [default] commodity code: 7 - Present energy storage/take capacity (W-hr)
2026-08-03 18:32:58,682 INFO  [default]            source: Estimated
2026-08-03 18:32:58,682 INFO  [default]   cumulative: 0
2026-08-03 18:32:58,682 INFO  [default]    inst rate: not used for this commodity code
2026-08-03 18:32:58,872 INFO  [default] link ACK received: query_operational_state
2026-08-03 18:32:58,984 INFO  [default] operational state received: 4

Press Enter for a list of commands
2026-08-03 18:33:59,197 INFO  [default] link ACK received: get_commodity
2026-08-03 18:33:59,309 INFO  [default] message type supported received: 2
2026-08-03 18:33:59,310 INFO  [default] commodity response received. response code: 0 - success; count: 3
2026-08-03 18:33:59,310 INFO  [default] commodity code: 0 - Electricity consumed (W & W-hr)
2026-08-03 18:33:59,310 INFO  [default]            source: Estimated
2026-08-03 18:33:59,310 INFO  [default]   cumulative: 189
2026-08-03 18:33:59,310 INFO  [default]    inst rate: 0
2026-08-03 18:33:59,311 INFO  [default] commodity code: 6 - Total energy storage/take capacity (W-hr)
2026-08-03 18:33:59,311 INFO  [default]            source: Estimated
2026-08-03 18:33:59,311 INFO  [default]   cumulative: 4026
2026-08-03 18:33:59,311 INFO  [default]    inst rate: not used for this commodity code
2026-08-03 18:33:59,311 INFO  [default] commodity code: 7 - Present energy storage/take capacity (W-hr)
2026-08-03 18:33:59,311 INFO  [default]            source: Estimated
2026-08-03 18:33:59,311 INFO  [default]   cumulative: 0
2026-08-03 18:33:59,311 INFO  [default]    inst rate: not used for this commodity code
2026-08-03 18:33:59,501 INFO  [default] link ACK received: query_operational_state
2026-08-03 18:33:59,597 INFO  [default] operational state received: 4

Press Enter for a list of commands
2026-08-03 18:34:58,803 INFO  [default] link ACK received: get_commodity
2026-08-03 18:34:58,931 INFO  [default] message type supported received: 2
2026-08-03 18:34:58,931 INFO  [default] commodity response received. response code: 0 - success; count: 3
2026-08-03 18:34:58,932 INFO  [default] commodity code: 0 - Electricity consumed (W & W-hr)
2026-08-03 18:34:58,932 INFO  [default]            source: Estimated
2026-08-03 18:34:58,932 INFO  [default]   cumulative: 189
2026-08-03 18:34:58,932 INFO  [default]    inst rate: 0
2026-08-03 18:34:58,932 INFO  [default] commodity code: 6 - Total energy storage/take capacity (W-hr)
2026-08-03 18:34:58,932 INFO  [default]            source: Estimated
2026-08-03 18:34:58,932 INFO  [default]   cumulative: 4026
2026-08-03 18:34:58,932 INFO  [default]    inst rate: not used for this commodity code
2026-08-03 18:34:58,933 INFO  [default] commodity code: 7 - Present energy storage/take capacity (W-hr)
2026-08-03 18:34:58,933 INFO  [default]            source: Estimated
2026-08-03 18:34:58,933 INFO  [default]   cumulative: 0
2026-08-03 18:34:58,933 INFO  [default]    inst rate: not used for this commodity code
2026-08-03 18:34:59,123 INFO  [default] link ACK received: query_operational_state
2026-08-03 18:34:59,235 INFO  [default] operational state received: 4

Press Enter for a list of commands
2026-08-03 18:35:58,440 INFO  [default] link ACK received: get_commodity
2026-08-03 18:35:58,568 INFO  [default] message type supported received: 2
2026-08-03 18:35:58,568 INFO  [default] commodity response received. response code: 0 - success; count: 3
2026-08-03 18:35:58,569 INFO  [default] commodity code: 0 - Electricity consumed (W & W-hr)
2026-08-03 18:35:58,569 INFO  [default]            source: Estimated
2026-08-03 18:35:58,569 INFO  [default]   cumulative: 189
2026-08-03 18:35:58,569 INFO  [default]    inst rate: 0
2026-08-03 18:35:58,569 INFO  [default] commodity code: 6 - Total energy storage/take capacity (W-hr)
2026-08-03 18:35:58,570 INFO  [default]            source: Estimated
2026-08-03 18:35:58,570 INFO  [default]   cumulative: 4026
2026-08-03 18:35:58,570 INFO  [default]    inst rate: not used for this commodity code
2026-08-03 18:35:58,570 INFO  [default] commodity code: 7 - Present energy storage/take capacity (W-hr)
2026-08-03 18:35:58,570 INFO  [default]            source: Estimated
2026-08-03 18:35:58,570 INFO  [default]   cumulative: 0
2026-08-03 18:35:58,570 INFO  [default]    inst rate: not used for this commodity code
2026-08-03 18:35:58,760 INFO  [default] link ACK received: query_operational_state
2026-08-03 18:35:58,856 INFO  [default] operational state received: 4

Press Enter for a list of commands
2026-08-03 18:36:59,070 INFO  [default] link ACK received: get_commodity
2026-08-03 18:36:59,197 INFO  [default] message type supported received: 2
2026-08-03 18:36:59,198 INFO  [default] commodity response received. response code: 0 - success; count: 3
2026-08-03 18:36:59,198 INFO  [default] commodity code: 0 - Electricity consumed (W & W-hr)
2026-08-03 18:36:59,198 INFO  [default]            source: Estimated
2026-08-03 18:36:59,198 INFO  [default]   cumulative: 189
2026-08-03 18:36:59,199 INFO  [default]    inst rate: 0
2026-08-03 18:36:59,199 INFO  [default] commodity code: 6 - Total energy storage/take capacity (W-hr)
2026-08-03 18:36:59,199 INFO  [default]            source: Estimated
2026-08-03 18:36:59,199 INFO  [default]   cumulative: 4026
2026-08-03 18:36:59,199 INFO  [default]    inst rate: not used for this commodity code
2026-08-03 18:36:59,199 INFO  [default] commodity code: 7 - Present energy storage/take capacity (W-hr)
2026-08-03 18:36:59,199 INFO  [default]            source: Estimated
2026-08-03 18:36:59,199 INFO  [default]   cumulative: 0
2026-08-03 18:36:59,200 INFO  [default]    inst rate: not used for this commodity code
2026-08-03 18:36:59,389 INFO  [default] link ACK received: query_operational_state
2026-08-03 18:36:59,501 INFO  [default] operational state received: 4

Press Enter for a list of commands
2026-08-03 18:37:58,707 INFO  [default] link ACK received: get_commodity
2026-08-03 18:37:58,835 INFO  [default] message type supported received: 2
2026-08-03 18:37:58,835 INFO  [default] commodity response received. response code: 0 - success; count: 3
2026-08-03 18:37:58,836 INFO  [default] commodity code: 0 - Electricity consumed (W & W-hr)
2026-08-03 18:37:58,836 INFO  [default]            source: Estimated
2026-08-03 18:37:58,836 INFO  [default]   cumulative: 189
2026-08-03 18:37:58,836 INFO  [default]    inst rate: 0
2026-08-03 18:37:58,836 INFO  [default] commodity code: 6 - Total energy storage/take capacity (W-hr)
2026-08-03 18:37:58,836 INFO  [default]            source: Estimated
2026-08-03 18:37:58,836 INFO  [default]   cumulative: 4026
2026-08-03 18:37:58,836 INFO  [default]    inst rate: not used for this commodity code
2026-08-03 18:37:58,837 INFO  [default] commodity code: 7 - Present energy storage/take capacity (W-hr)
2026-08-03 18:37:58,837 INFO  [default]            source: Estimated
2026-08-03 18:37:58,837 INFO  [default]   cumulative: 0
2026-08-03 18:37:58,837 INFO  [default]    inst rate: not used for this commodity code
2026-08-03 18:37:59,027 INFO  [default] link ACK received: query_operational_state
2026-08-03 18:37:59,123 INFO  [default] operational state received: 4

Press Enter for a list of commands
2026-08-03 18:38:58,328 INFO  [default] link ACK received: get_commodity
2026-08-03 18:38:58,456 INFO  [default] message type supported received: 2
2026-08-03 18:38:58,457 INFO  [default] commodity response received. response code: 0 - success; count: 3
2026-08-03 18:38:58,457 INFO  [default] commodity code: 0 - Electricity consumed (W & W-hr)
2026-08-03 18:38:58,457 INFO  [default]            source: Estimated
2026-08-03 18:38:58,458 INFO  [default]   cumulative: 189
2026-08-03 18:38:58,458 INFO  [default]    inst rate: 0
2026-08-03 18:38:58,458 INFO  [default] commodity code: 6 - Total energy storage/take capacity (W-hr)
2026-08-03 18:38:58,458 INFO  [default]            source: Estimated
2026-08-03 18:38:58,458 INFO  [default]   cumulative: 4026
2026-08-03 18:38:58,458 INFO  [default]    inst rate: not used for this commodity code
2026-08-03 18:38:58,458 INFO  [default] commodity code: 7 - Present energy storage/take capacity (W-hr)
2026-08-03 18:38:58,458 INFO  [default]            source: Estimated
2026-08-03 18:38:58,459 INFO  [default]   cumulative: 0
2026-08-03 18:38:58,459 INFO  [default]    inst rate: not used for this commodity code
2026-08-03 18:38:58,648 INFO  [default] link ACK received: query_operational_state
2026-08-03 18:38:58,760 INFO  [default] operational state received: 4

Press Enter for a list of commands
1785807598,o,0 (PASSED!)
outside communication found
2026-08-03 18:39:58,958 INFO  [default] link ACK received: outside_communication
2026-08-03 18:39:59,070 INFO  [default] app ack received
2026-08-03 18:39:59,262 INFO  [default] link ACK received: get_commodity
2026-08-03 18:39:59,390 INFO  [default] message type supported received: 2
2026-08-03 18:39:59,390 INFO  [default] commodity response received. response code: 0 - success; count: 3
2026-08-03 18:39:59,391 INFO  [default] commodity code: 0 - Electricity consumed (W & W-hr)
2026-08-03 18:39:59,391 INFO  [default]            source: Estimated
2026-08-03 18:39:59,391 INFO  [default]   cumulative: 189
2026-08-03 18:39:59,391 INFO  [default]    inst rate: 0
2026-08-03 18:39:59,391 INFO  [default] commodity code: 6 - Total energy storage/take capacity (W-hr)
2026-08-03 18:39:59,391 INFO  [default]            source: Estimated
2026-08-03 18:39:59,391 INFO  [default]   cumulative: 4026
2026-08-03 18:39:59,392 INFO  [default]    inst rate: not used for this commodity code
2026-08-03 18:39:59,392 INFO  [default] commodity code: 7 - Present energy storage/take capacity (W-hr)
2026-08-03 18:39:59,392 INFO  [default]            source: Estimated
2026-08-03 18:39:59,392 INFO  [default]   cumulative: 0
2026-08-03 18:39:59,392 INFO  [default]    inst rate: not used for this commodity code
2026-08-03 18:39:59,582 INFO  [default] link ACK received: query_operational_state
2026-08-03 18:39:59,694 INFO  [default] operational state received: 4

Press Enter for a list of commands
2026-08-03 18:40:58,899 INFO  [default] link ACK received: get_commodity
2026-08-03 18:40:59,027 INFO  [default] message type supported received: 2
2026-08-03 18:40:59,027 INFO  [default] commodity response received. response code: 0 - success; count: 3
2026-08-03 18:40:59,028 INFO  [default] commodity code: 0 - Electricity consumed (W & W-hr)
2026-08-03 18:40:59,028 INFO  [default]            source: Estimated
2026-08-03 18:40:59,028 INFO  [default]   cumulative: 189
2026-08-03 18:40:59,028 INFO  [default]    inst rate: 0
2026-08-03 18:40:59,028 INFO  [default] commodity code: 6 - Total energy storage/take capacity (W-hr)
2026-08-03 18:40:59,028 INFO  [default]            source: Estimated
2026-08-03 18:40:59,029 INFO  [default]   cumulative: 4026
2026-08-03 18:40:59,029 INFO  [default]    inst rate: not used for this commodity code
2026-08-03 18:40:59,029 INFO  [default] commodity code: 7 - Present energy storage/take capacity (W-hr)
2026-08-03 18:40:59,029 INFO  [default]            source: Estimated
2026-08-03 18:40:59,029 INFO  [default]   cumulative: 0
2026-08-03 18:40:59,029 INFO  [default]    inst rate: not used for this commodity code
2026-08-03 18:40:59,219 INFO  [default] link ACK received: query_operational_state
2026-08-03 18:40:59,315 INFO  [default] operational state received: 4

Press Enter for a list of commands
2026-08-03 18:41:58,521 INFO  [default] link ACK received: get_commodity
2026-08-03 18:41:58,649 INFO  [default] message type supported received: 2
2026-08-03 18:41:58,649 INFO  [default] commodity response received. response code: 0 - success; count: 3
2026-08-03 18:41:58,649 INFO  [default] commodity code: 0 - Electricity consumed (W & W-hr)
2026-08-03 18:41:58,650 INFO  [default]            source: Estimated
2026-08-03 18:41:58,650 INFO  [default]   cumulative: 189
2026-08-03 18:41:58,650 INFO  [default]    inst rate: 0
2026-08-03 18:41:58,650 INFO  [default] commodity code: 6 - Total energy storage/take capacity (W-hr)
2026-08-03 18:41:58,650 INFO  [default]            source: Estimated
2026-08-03 18:41:58,650 INFO  [default]   cumulative: 4026
2026-08-03 18:41:58,650 INFO  [default]    inst rate: not used for this commodity code
2026-08-03 18:41:58,650 INFO  [default] commodity code: 7 - Present energy storage/take capacity (W-hr)
2026-08-03 18:41:58,651 INFO  [default]            source: Estimated
2026-08-03 18:41:58,651 INFO  [default]   cumulative: 0
2026-08-03 18:41:58,651 INFO  [default]    inst rate: not used for this commodity code
2026-08-03 18:41:58,840 INFO  [default] link ACK received: query_operational_state
2026-08-03 18:41:58,952 INFO  [default] operational state received: 4

Press Enter for a list of commands
2026-08-03 18:42:59,166 INFO  [default] link ACK received: get_commodity
2026-08-03 18:42:59,278 INFO  [default] message type supported received: 2
2026-08-03 18:42:59,278 INFO  [default] commodity response received. response code: 0 - success; count: 3
2026-08-03 18:42:59,278 INFO  [default] commodity code: 0 - Electricity consumed (W & W-hr)
2026-08-03 18:42:59,279 INFO  [default]            source: Estimated
2026-08-03 18:42:59,279 INFO  [default]   cumulative: 189
2026-08-03 18:42:59,279 INFO  [default]    inst rate: 0
2026-08-03 18:42:59,279 INFO  [default] commodity code: 6 - Total energy storage/take capacity (W-hr)
2026-08-03 18:42:59,279 INFO  [default]            source: Estimated
2026-08-03 18:42:59,279 INFO  [default]   cumulative: 4026
2026-08-03 18:42:59,279 INFO  [default]    inst rate: not used for this commodity code
2026-08-03 18:42:59,280 INFO  [default] commodity code: 7 - Present energy storage/take capacity (W-hr)
2026-08-03 18:42:59,280 INFO  [default]            source: Estimated
2026-08-03 18:42:59,280 INFO  [default]   cumulative: 0
2026-08-03 18:42:59,280 INFO  [default]    inst rate: not used for this commodity code
2026-08-03 18:42:59,470 INFO  [default] link ACK received: query_operational_state
2026-08-03 18:42:59,566 INFO  [default] operational state received: 4

Press Enter for a list of commands
2026-08-03 18:43:58,771 INFO  [default] link ACK received: get_commodity
2026-08-03 18:43:58,899 INFO  [default] message type supported received: 2
2026-08-03 18:43:58,900 INFO  [default] commodity response received. response code: 0 - success; count: 3
2026-08-03 18:43:58,900 INFO  [default] commodity code: 0 - Electricity consumed (W & W-hr)
2026-08-03 18:43:58,900 INFO  [default]            source: Estimated
2026-08-03 18:43:58,900 INFO  [default]   cumulative: 189
2026-08-03 18:43:58,900 INFO  [default]    inst rate: 0
2026-08-03 18:43:58,901 INFO  [default] commodity code: 6 - Total energy storage/take capacity (W-hr)
2026-08-03 18:43:58,901 INFO  [default]            source: Estimated
2026-08-03 18:43:58,901 INFO  [default]   cumulative: 4026
2026-08-03 18:43:58,901 INFO  [default]    inst rate: not used for this commodity code
2026-08-03 18:43:58,901 INFO  [default] commodity code: 7 - Present energy storage/take capacity (W-hr)
2026-08-03 18:43:58,901 INFO  [default]            source: Estimated
2026-08-03 18:43:58,901 INFO  [default]   cumulative: 0
2026-08-03 18:43:58,901 INFO  [default]    inst rate: not used for this commodity code
2026-08-03 18:43:59,091 INFO  [default] link ACK received: query_operational_state
2026-08-03 18:43:59,203 INFO  [default] operational state received: 4

Press Enter for a list of commands
2026-08-03 18:44:58,409 INFO  [default] link ACK received: get_commodity
2026-08-03 18:44:58,537 INFO  [default] message type supported received: 2
2026-08-03 18:44:58,537 INFO  [default] commodity response received. response code: 0 - success; count: 3
2026-08-03 18:44:58,537 INFO  [default] commodity code: 0 - Electricity consumed (W & W-hr)
2026-08-03 18:44:58,538 INFO  [default]            source: Estimated
2026-08-03 18:44:58,538 INFO  [default]   cumulative: 189
2026-08-03 18:44:58,538 INFO  [default]    inst rate: 0
2026-08-03 18:44:58,538 INFO  [default] commodity code: 6 - Total energy storage/take capacity (W-hr)
2026-08-03 18:44:58,538 INFO  [default]            source: Estimated
2026-08-03 18:44:58,538 INFO  [default]   cumulative: 4026
2026-08-03 18:44:58,538 INFO  [default]    inst rate: not used for this commodity code
2026-08-03 18:44:58,538 INFO  [default] commodity code: 7 - Present energy storage/take capacity (W-hr)
2026-08-03 18:44:58,538 INFO  [default]            source: Estimated
2026-08-03 18:44:58,539 INFO  [default]   cumulative: 0
2026-08-03 18:44:58,539 INFO  [default]    inst rate: not used for this commodity code
2026-08-03 18:44:58,729 INFO  [default] link ACK received: query_operational_state
2026-08-03 18:44:58,841 INFO  [default] operational state received: 4

Press Enter for a list of commands
2026-08-03 18:45:59,054 INFO  [default] link ACK received: get_commodity
2026-08-03 18:45:59,182 INFO  [default] message type supported received: 2
2026-08-03 18:45:59,182 INFO  [default] commodity response received. response code: 0 - success; count: 3
2026-08-03 18:45:59,182 INFO  [default] commodity code: 0 - Electricity consumed (W & W-hr)
2026-08-03 18:45:59,183 INFO  [default]            source: Estimated
2026-08-03 18:45:59,183 INFO  [default]   cumulative: 189
2026-08-03 18:45:59,183 INFO  [default]    inst rate: 0
2026-08-03 18:45:59,183 INFO  [default] commodity code: 6 - Total energy storage/take capacity (W-hr)
2026-08-03 18:45:59,183 INFO  [default]            source: Estimated
2026-08-03 18:45:59,183 INFO  [default]   cumulative: 4026
2026-08-03 18:45:59,184 INFO  [default]    inst rate: not used for this commodity code
2026-08-03 18:45:59,184 INFO  [default] commodity code: 7 - Present energy storage/take capacity (W-hr)
2026-08-03 18:45:59,184 INFO  [default]            source: Estimated
2026-08-03 18:45:59,184 INFO  [default]   cumulative: 0
2026-08-03 18:45:59,184 INFO  [default]    inst rate: not used for this commodity code
2026-08-03 18:45:59,374 INFO  [default] link ACK received: query_operational_state
2026-08-03 18:45:59,486 INFO  [default] operational state received: 4

Press Enter for a list of commands
2026-08-03 18:46:58,691 INFO  [default] link ACK received: get_commodity
2026-08-03 18:46:58,819 INFO  [default] message type supported received: 2
2026-08-03 18:46:58,819 INFO  [default] commodity response received. response code: 0 - success; count: 3
2026-08-03 18:46:58,820 INFO  [default] commodity code: 0 - Electricity consumed (W & W-hr)
2026-08-03 18:46:58,820 INFO  [default]            source: Estimated
2026-08-03 18:46:58,820 INFO  [default]   cumulative: 189
2026-08-03 18:46:58,820 INFO  [default]    inst rate: 0
2026-08-03 18:46:58,820 INFO  [default] commodity code: 6 - Total energy storage/take capacity (W-hr)
2026-08-03 18:46:58,820 INFO  [default]            source: Estimated
2026-08-03 18:46:58,820 INFO  [default]   cumulative: 4026
2026-08-03 18:46:58,820 INFO  [default]    inst rate: not used for this commodity code
2026-08-03 18:46:58,821 INFO  [default] commodity code: 7 - Present energy storage/take capacity (W-hr)
2026-08-03 18:46:58,821 INFO  [default]            source: Estimated
2026-08-03 18:46:58,821 INFO  [default]   cumulative: 0
2026-08-03 18:46:58,821 INFO  [default]    inst rate: not used for this commodity code
2026-08-03 18:46:59,011 INFO  [default] link ACK received: query_operational_state
2026-08-03 18:46:59,123 INFO  [default] operational state received: 4

Press Enter for a list of commands
2026-08-03 18:47:58,328 INFO  [default] link ACK received: get_commodity
2026-08-03 18:47:58,456 INFO  [default] message type supported received: 2
2026-08-03 18:47:58,456 INFO  [default] commodity response received. response code: 0 - success; count: 3
2026-08-03 18:47:58,457 INFO  [default] commodity code: 0 - Electricity consumed (W & W-hr)
2026-08-03 18:47:58,457 INFO  [default]            source: Estimated
2026-08-03 18:47:58,457 INFO  [default]   cumulative: 189
2026-08-03 18:47:58,457 INFO  [default]    inst rate: 0
2026-08-03 18:47:58,458 INFO  [default] commodity code: 6 - Total energy storage/take capacity (W-hr)
2026-08-03 18:47:58,458 INFO  [default]            source: Estimated
2026-08-03 18:47:58,458 INFO  [default]   cumulative: 4026
2026-08-03 18:47:58,458 INFO  [default]    inst rate: not used for this commodity code
2026-08-03 18:47:58,458 INFO  [default] commodity code: 7 - Present energy storage/take capacity (W-hr)
2026-08-03 18:47:58,458 INFO  [default]            source: Estimated
2026-08-03 18:47:58,458 INFO  [default]   cumulative: 0
2026-08-03 18:47:58,458 INFO  [default]    inst rate: not used for this commodity code
2026-08-03 18:47:58,648 INFO  [default] link ACK received: query_operational_state
2026-08-03 18:47:58,760 INFO  [default] operational state received: 4

Press Enter for a list of commands
2026-08-03 18:48:58,957 INFO  [default] link ACK received: get_commodity
2026-08-03 18:48:59,085 INFO  [default] message type supported received: 2
2026-08-03 18:48:59,085 INFO  [default] commodity response received. response code: 0 - success; count: 3
2026-08-03 18:48:59,086 INFO  [default] commodity code: 0 - Electricity consumed (W & W-hr)
2026-08-03 18:48:59,086 INFO  [default]            source: Estimated
2026-08-03 18:48:59,086 INFO  [default]   cumulative: 189
2026-08-03 18:48:59,086 INFO  [default]    inst rate: 0
2026-08-03 18:48:59,086 INFO  [default] commodity code: 6 - Total energy storage/take capacity (W-hr)
2026-08-03 18:48:59,086 INFO  [default]            source: Estimated
2026-08-03 18:48:59,087 INFO  [default]   cumulative: 4026
2026-08-03 18:48:59,087 INFO  [default]    inst rate: not used for this commodity code
2026-08-03 18:48:59,087 INFO  [default] commodity code: 7 - Present energy storage/take capacity (W-hr)
2026-08-03 18:48:59,087 INFO  [default]            source: Estimated
2026-08-03 18:48:59,087 INFO  [default]   cumulative: 0
2026-08-03 18:48:59,087 INFO  [default]    inst rate: not used for this commodity code
2026-08-03 18:48:59,277 INFO  [default] link ACK received: query_operational_state
2026-08-03 18:48:59,389 INFO  [default] operational state received: 4

Press Enter for a list of commands
2026-08-03 18:49:58,595 INFO  [default] link ACK received: get_commodity
2026-08-03 18:49:58,723 INFO  [default] message type supported received: 2
2026-08-03 18:49:58,723 INFO  [default] commodity response received. response code: 0 - success; count: 3
2026-08-03 18:49:58,723 INFO  [default] commodity code: 0 - Electricity consumed (W & W-hr)
2026-08-03 18:49:58,723 INFO  [default]            source: Estimated
2026-08-03 18:49:58,724 INFO  [default]   cumulative: 189
2026-08-03 18:49:58,724 INFO  [default]    inst rate: 0
2026-08-03 18:49:58,724 INFO  [default] commodity code: 6 - Total energy storage/take capacity (W-hr)
2026-08-03 18:49:58,724 INFO  [default]            source: Estimated
2026-08-03 18:49:58,724 INFO  [default]   cumulative: 4026
2026-08-03 18:49:58,724 INFO  [default]    inst rate: not used for this commodity code
2026-08-03 18:49:58,724 INFO  [default] commodity code: 7 - Present energy storage/take capacity (W-hr)
2026-08-03 18:49:58,724 INFO  [default]            source: Estimated
2026-08-03 18:49:58,725 INFO  [default]   cumulative: 0
2026-08-03 18:49:58,725 INFO  [default]    inst rate: not used for this commodity code
2026-08-03 18:49:58,914 INFO  [default] link ACK received: query_operational_state
2026-08-03 18:49:59,026 INFO  [default] operational state received: 4

Press Enter for a list of commands
2026-08-03 18:50:59,240 INFO  [default] link ACK received: get_commodity
2026-08-03 18:50:59,352 INFO  [default] message type supported received: 2
2026-08-03 18:50:59,352 INFO  [default] commodity response received. response code: 0 - success; count: 3
2026-08-03 18:50:59,352 INFO  [default] commodity code: 0 - Electricity consumed (W & W-hr)
2026-08-03 18:50:59,352 INFO  [default]            source: Estimated
2026-08-03 18:50:59,353 INFO  [default]   cumulative: 189
2026-08-03 18:50:59,353 INFO  [default]    inst rate: 0
2026-08-03 18:50:59,353 INFO  [default] commodity code: 6 - Total energy storage/take capacity (W-hr)
2026-08-03 18:50:59,353 INFO  [default]            source: Estimated
2026-08-03 18:50:59,353 INFO  [default]   cumulative: 4026
2026-08-03 18:50:59,353 INFO  [default]    inst rate: not used for this commodity code
2026-08-03 18:50:59,353 INFO  [default] commodity code: 7 - Present energy storage/take capacity (W-hr)
2026-08-03 18:50:59,354 INFO  [default]            source: Estimated
2026-08-03 18:50:59,354 INFO  [default]   cumulative: 0
2026-08-03 18:50:59,354 INFO  [default]    inst rate: not used for this commodity code
2026-08-03 18:50:59,544 INFO  [default] link ACK received: query_operational_state
2026-08-03 18:50:59,640 INFO  [default] operational state received: 4

Press Enter for a list of commands
2026-08-03 18:51:58,845 INFO  [default] link ACK received: get_commodity
2026-08-03 18:51:58,973 INFO  [default] message type supported received: 2
2026-08-03 18:51:58,973 INFO  [default] commodity response received. response code: 0 - success; count: 3
2026-08-03 18:51:58,974 INFO  [default] commodity code: 0 - Electricity consumed (W & W-hr)
2026-08-03 18:51:58,974 INFO  [default]            source: Estimated
2026-08-03 18:51:58,974 INFO  [default]   cumulative: 189
2026-08-03 18:51:58,974 INFO  [default]    inst rate: 0
2026-08-03 18:51:58,974 INFO  [default] commodity code: 6 - Total energy storage/take capacity (W-hr)
2026-08-03 18:51:58,974 INFO  [default]            source: Estimated
2026-08-03 18:51:58,975 INFO  [default]   cumulative: 4026
2026-08-03 18:51:58,975 INFO  [default]    inst rate: not used for this commodity code
2026-08-03 18:51:58,975 INFO  [default] commodity code: 7 - Present energy storage/take capacity (W-hr)
2026-08-03 18:51:58,975 INFO  [default]            source: Estimated
2026-08-03 18:51:58,975 INFO  [default]   cumulative: 0
2026-08-03 18:51:58,975 INFO  [default]    inst rate: not used for this commodity code
2026-08-03 18:51:59,165 INFO  [default] link ACK received: query_operational_state
2026-08-03 18:51:59,277 INFO  [default] operational state received: 4

Press Enter for a list of commands
2026-08-03 18:52:58,482 INFO  [default] link ACK received: get_commodity
2026-08-03 18:52:58,610 INFO  [default] message type supported received: 2
2026-08-03 18:52:58,610 INFO  [default] commodity response received. response code: 0 - success; count: 3
2026-08-03 18:52:58,611 INFO  [default] commodity code: 0 - Electricity consumed (W & W-hr)
2026-08-03 18:52:58,611 INFO  [default]            source: Estimated
2026-08-03 18:52:58,611 INFO  [default]   cumulative: 189
2026-08-03 18:52:58,612 INFO  [default]    inst rate: 0
2026-08-03 18:52:58,612 INFO  [default] commodity code: 6 - Total energy storage/take capacity (W-hr)
2026-08-03 18:52:58,612 INFO  [default]            source: Estimated
2026-08-03 18:52:58,612 INFO  [default]   cumulative: 4026
2026-08-03 18:52:58,612 INFO  [default]    inst rate: not used for this commodity code
2026-08-03 18:52:58,612 INFO  [default] commodity code: 7 - Present energy storage/take capacity (W-hr)
2026-08-03 18:52:58,612 INFO  [default]            source: Estimated
2026-08-03 18:52:58,612 INFO  [default]   cumulative: 0
2026-08-03 18:52:58,613 INFO  [default]    inst rate: not used for this commodity code
2026-08-03 18:52:58,802 INFO  [default] link ACK received: query_operational_state
2026-08-03 18:52:58,914 INFO  [default] operational state received: 4

Press Enter for a list of commands
1785808408,o,0 (PASSED!)
outside communication found
2026-08-03 18:53:29,069 INFO  [default] link ACK received: outside_communication
2026-08-03 18:53:29,165 INFO  [default] app ack received
2026-08-03 18:53:58,312 INFO  [default] link ACK received: get_commodity
2026-08-03 18:53:58,440 INFO  [default] message type supported received: 2
2026-08-03 18:53:58,440 INFO  [default] commodity response received. response code: 0 - success; count: 3
2026-08-03 18:53:58,440 INFO  [default] commodity code: 0 - Electricity consumed (W & W-hr)
2026-08-03 18:53:58,441 INFO  [default]            source: Estimated
2026-08-03 18:53:58,441 INFO  [default]   cumulative: 189
2026-08-03 18:53:58,441 INFO  [default]    inst rate: 0
2026-08-03 18:53:58,441 INFO  [default] commodity code: 6 - Total energy storage/take capacity (W-hr)
2026-08-03 18:53:58,441 INFO  [default]            source: Estimated
2026-08-03 18:53:58,441 INFO  [default]   cumulative: 4026
2026-08-03 18:53:58,441 INFO  [default]    inst rate: not used for this commodity code
2026-08-03 18:53:58,441 INFO  [default] commodity code: 7 - Present energy storage/take capacity (W-hr)
2026-08-03 18:53:58,442 INFO  [default]            source: Estimated
2026-08-03 18:53:58,442 INFO  [default]   cumulative: 0
2026-08-03 18:53:58,442 INFO  [default]    inst rate: not used for this commodity code
2026-08-03 18:53:58,632 INFO  [default] link ACK received: query_operational_state
2026-08-03 18:53:58,744 INFO  [default] operational state received: 4

Press Enter for a list of commands
2026-08-03 18:54:58,941 INFO  [default] link ACK received: get_commodity
2026-08-03 18:54:59,069 INFO  [default] message type supported received: 2
2026-08-03 18:54:59,069 INFO  [default] commodity response received. response code: 0 - success; count: 3
2026-08-03 18:54:59,069 INFO  [default] commodity code: 0 - Electricity consumed (W & W-hr)
2026-08-03 18:54:59,070 INFO  [default]            source: Estimated
2026-08-03 18:54:59,070 INFO  [default]   cumulative: 189
2026-08-03 18:54:59,070 INFO  [default]    inst rate: 0
2026-08-03 18:54:59,070 INFO  [default] commodity code: 6 - Total energy storage/take capacity (W-hr)
2026-08-03 18:54:59,070 INFO  [default]            source: Estimated
2026-08-03 18:54:59,070 INFO  [default]   cumulative: 4026
2026-08-03 18:54:59,070 INFO  [default]    inst rate: not used for this commodity code
2026-08-03 18:54:59,070 INFO  [default] commodity code: 7 - Present energy storage/take capacity (W-hr)
2026-08-03 18:54:59,071 INFO  [default]            source: Estimated
2026-08-03 18:54:59,071 INFO  [default]   cumulative: 0
2026-08-03 18:54:59,071 INFO  [default]    inst rate: not used for this commodity code
2026-08-03 18:54:59,261 INFO  [default] link ACK received: query_operational_state
2026-08-03 18:54:59,357 INFO  [default] operational state received: 4

Press Enter for a list of commands
2026-08-03 18:55:58,562 INFO  [default] link ACK received: get_commodity
2026-08-03 18:55:58,690 INFO  [default] message type supported received: 2
2026-08-03 18:55:58,690 INFO  [default] commodity response received. response code: 0 - success; count: 3
2026-08-03 18:55:58,691 INFO  [default] commodity code: 0 - Electricity consumed (W & W-hr)
2026-08-03 18:55:58,691 INFO  [default]            source: Estimated
2026-08-03 18:55:58,691 INFO  [default]   cumulative: 189
2026-08-03 18:55:58,691 INFO  [default]    inst rate: 0
2026-08-03 18:55:58,691 INFO  [default] commodity code: 6 - Total energy storage/take capacity (W-hr)
2026-08-03 18:55:58,691 INFO  [default]            source: Estimated
2026-08-03 18:55:58,692 INFO  [default]   cumulative: 4026
2026-08-03 18:55:58,692 INFO  [default]    inst rate: not used for this commodity code
2026-08-03 18:55:58,692 INFO  [default] commodity code: 7 - Present energy storage/take capacity (W-hr)
2026-08-03 18:55:58,692 INFO  [default]            source: Estimated
2026-08-03 18:55:58,692 INFO  [default]   cumulative: 0
2026-08-03 18:55:58,692 INFO  [default]    inst rate: not used for this commodity code
2026-08-03 18:55:58,882 INFO  [default] link ACK received: query_operational_state
2026-08-03 18:55:58,994 INFO  [default] operational state received: 4

Press Enter for a list of commands
2026-08-03 18:56:59,207 INFO  [default] link ACK received: get_commodity
2026-08-03 18:56:59,335 INFO  [default] message type supported received: 2
2026-08-03 18:56:59,335 INFO  [default] commodity response received. response code: 0 - success; count: 3
2026-08-03 18:56:59,336 INFO  [default] commodity code: 0 - Electricity consumed (W & W-hr)
2026-08-03 18:56:59,336 INFO  [default]            source: Estimated
2026-08-03 18:56:59,336 INFO  [default]   cumulative: 189
2026-08-03 18:56:59,336 INFO  [default]    inst rate: 0
2026-08-03 18:56:59,337 INFO  [default] commodity code: 6 - Total energy storage/take capacity (W-hr)
2026-08-03 18:56:59,337 INFO  [default]            source: Estimated
2026-08-03 18:56:59,337 INFO  [default]   cumulative: 4026
2026-08-03 18:56:59,337 INFO  [default]    inst rate: not used for this commodity code
2026-08-03 18:56:59,337 INFO  [default] commodity code: 7 - Present energy storage/take capacity (W-hr)
2026-08-03 18:56:59,337 INFO  [default]            source: Estimated
2026-08-03 18:56:59,337 INFO  [default]   cumulative: 0
2026-08-03 18:56:59,337 INFO  [default]    inst rate: not used for this commodity code
2026-08-03 18:56:59,527 INFO  [default] link ACK received: query_operational_state
2026-08-03 18:56:59,639 INFO  [default] operational state received: 4

Press Enter for a list of commands
2026-08-03 18:57:58,845 INFO  [default] link ACK received: get_commodity
2026-08-03 18:57:58,973 INFO  [default] message type supported received: 2
2026-08-03 18:57:58,973 INFO  [default] commodity response received. response code: 0 - success; count: 3
2026-08-03 18:57:58,973 INFO  [default] commodity code: 0 - Electricity consumed (W & W-hr)
2026-08-03 18:57:58,974 INFO  [default]            source: Estimated
2026-08-03 18:57:58,974 INFO  [default]   cumulative: 189
2026-08-03 18:57:58,974 INFO  [default]    inst rate: 0
2026-08-03 18:57:58,974 INFO  [default] commodity code: 6 - Total energy storage/take capacity (W-hr)
2026-08-03 18:57:58,974 INFO  [default]            source: Estimated
2026-08-03 18:57:58,974 INFO  [default]   cumulative: 4026
2026-08-03 18:57:58,974 INFO  [default]    inst rate: not used for this commodity code
2026-08-03 18:57:58,974 INFO  [default] commodity code: 7 - Present energy storage/take capacity (W-hr)
2026-08-03 18:57:58,975 INFO  [default]            source: Estimated
2026-08-03 18:57:58,975 INFO  [default]   cumulative: 0
2026-08-03 18:57:58,975 INFO  [default]    inst rate: not used for this commodity code
2026-08-03 18:57:59,165 INFO  [default] link ACK received: query_operational_state
2026-08-03 18:57:59,277 INFO  [default] operational state received: 4

Press Enter for a list of commands
2026-08-03 18:58:58,482 INFO  [default] link ACK received: get_commodity
2026-08-03 18:58:58,610 INFO  [default] message type supported received: 2
2026-08-03 18:58:58,610 INFO  [default] commodity response received. response code: 0 - success; count: 3
2026-08-03 18:58:58,611 INFO  [default] commodity code: 0 - Electricity consumed (W & W-hr)
2026-08-03 18:58:58,611 INFO  [default]            source: Estimated
2026-08-03 18:58:58,611 INFO  [default]   cumulative: 189
2026-08-03 18:58:58,611 INFO  [default]    inst rate: 0
2026-08-03 18:58:58,611 INFO  [default] commodity code: 6 - Total energy storage/take capacity (W-hr)
2026-08-03 18:58:58,611 INFO  [default]            source: Estimated
2026-08-03 18:58:58,612 INFO  [default]   cumulative: 4026
2026-08-03 18:58:58,612 INFO  [default]    inst rate: not used for this commodity code
2026-08-03 18:58:58,612 INFO  [default] commodity code: 7 - Present energy storage/take capacity (W-hr)
2026-08-03 18:58:58,612 INFO  [default]            source: Estimated
2026-08-03 18:58:58,612 INFO  [default]   cumulative: 0
2026-08-03 18:58:58,612 INFO  [default]    inst rate: not used for this commodity code
2026-08-03 18:58:58,802 INFO  [default] link ACK received: query_operational_state
2026-08-03 18:58:58,914 INFO  [default] operational state received: 4

Press Enter for a list of commands
2026-08-03 18:59:59,111 INFO  [default] link ACK received: get_commodity
2026-08-03 18:59:59,239 INFO  [default] message type supported received: 2
2026-08-03 18:59:59,239 INFO  [default] commodity response received. response code: 0 - success; count: 3
2026-08-03 18:59:59,240 INFO  [default] commodity code: 0 - Electricity consumed (W & W-hr)
2026-08-03 18:59:59,240 INFO  [default]            source: Estimated
2026-08-03 18:59:59,240 INFO  [default]   cumulative: 189
2026-08-03 18:59:59,240 INFO  [default]    inst rate: 0
2026-08-03 18:59:59,241 INFO  [default] commodity code: 6 - Total energy storage/take capacity (W-hr)
2026-08-03 18:59:59,241 INFO  [default]            source: Estimated
2026-08-03 18:59:59,241 INFO  [default]   cumulative: 4026
2026-08-03 18:59:59,241 INFO  [default]    inst rate: not used for this commodity code
2026-08-03 18:59:59,241 INFO  [default] commodity code: 7 - Present energy storage/take capacity (W-hr)
2026-08-03 18:59:59,241 INFO  [default]            source: Estimated
2026-08-03 18:59:59,241 INFO  [default]   cumulative: 0
2026-08-03 18:59:59,241 INFO  [default]    inst rate: not used for this commodity code
2026-08-03 18:59:59,431 INFO  [default] link ACK received: query_operational_state
2026-08-03 18:59:59,543 INFO  [default] operational state received: 4

Press Enter for a list of commands
2026-08-03 19:00:58,749 INFO  [default] link ACK received: get_commodity
2026-08-03 19:00:58,877 INFO  [default] message type supported received: 2
2026-08-03 19:00:58,877 INFO  [default] commodity response received. response code: 0 - success; count: 3
2026-08-03 19:00:58,877 INFO  [default] commodity code: 0 - Electricity consumed (W & W-hr)
2026-08-03 19:00:58,878 INFO  [default]            source: Estimated
2026-08-03 19:00:58,878 INFO  [default]   cumulative: 189
2026-08-03 19:00:58,878 INFO  [default]    inst rate: 0
2026-08-03 19:00:58,878 INFO  [default] commodity code: 6 - Total energy storage/take capacity (W-hr)
2026-08-03 19:00:58,878 INFO  [default]            source: Estimated
2026-08-03 19:00:58,878 INFO  [default]   cumulative: 4026
2026-08-03 19:00:58,878 INFO  [default]    inst rate: not used for this commodity code
2026-08-03 19:00:58,878 INFO  [default] commodity code: 7 - Present energy storage/take capacity (W-hr)
2026-08-03 19:00:58,879 INFO  [default]            source: Estimated
2026-08-03 19:00:58,879 INFO  [default]   cumulative: 0
2026-08-03 19:00:58,879 INFO  [default]    inst rate: not used for this commodity code
2026-08-03 19:00:59,069 INFO  [default] link ACK received: query_operational_state
2026-08-03 19:00:59,181 INFO  [default] operational state received: 4

Press Enter for a list of commands
2026-08-03 19:01:58,386 INFO  [default] link ACK received: get_commodity
2026-08-03 19:01:58,514 INFO  [default] message type supported received: 2
2026-08-03 19:01:58,514 INFO  [default] commodity response received. response code: 0 - success; count: 3
2026-08-03 19:01:58,515 INFO  [default] commodity code: 0 - Electricity consumed (W & W-hr)
2026-08-03 19:01:58,515 INFO  [default]            source: Estimated
2026-08-03 19:01:58,515 INFO  [default]   cumulative: 189
2026-08-03 19:01:58,515 INFO  [default]    inst rate: 0
2026-08-03 19:01:58,515 INFO  [default] commodity code: 6 - Total energy storage/take capacity (W-hr)
2026-08-03 19:01:58,515 INFO  [default]            source: Estimated
2026-08-03 19:01:58,516 INFO  [default]   cumulative: 4026
2026-08-03 19:01:58,516 INFO  [default]    inst rate: not used for this commodity code
2026-08-03 19:01:58,516 INFO  [default] commodity code: 7 - Present energy storage/take capacity (W-hr)
2026-08-03 19:01:58,516 INFO  [default]            source: Estimated
2026-08-03 19:01:58,516 INFO  [default]   cumulative: 0
2026-08-03 19:01:58,516 INFO  [default]    inst rate: not used for this commodity code
2026-08-03 19:01:58,706 INFO  [default] link ACK received: query_operational_state
2026-08-03 19:01:58,818 INFO  [default] operational state received: 4

Press Enter for a list of commands
2026-08-03 19:02:59,015 INFO  [default] link ACK received: get_commodity
2026-08-03 19:02:59,143 INFO  [default] message type supported received: 2
2026-08-03 19:02:59,143 INFO  [default] commodity response received. response code: 0 - success; count: 3
2026-08-03 19:02:59,144 INFO  [default] commodity code: 0 - Electricity consumed (W & W-hr)
2026-08-03 19:02:59,144 INFO  [default]            source: Estimated
2026-08-03 19:02:59,144 INFO  [default]   cumulative: 189
2026-08-03 19:02:59,144 INFO  [default]    inst rate: 0
2026-08-03 19:02:59,145 INFO  [default] commodity code: 6 - Total energy storage/take capacity (W-hr)
2026-08-03 19:02:59,145 INFO  [default]            source: Estimated
2026-08-03 19:02:59,145 INFO  [default]   cumulative: 4026
2026-08-03 19:02:59,145 INFO  [default]    inst rate: not used for this commodity code
2026-08-03 19:02:59,145 INFO  [default] commodity code: 7 - Present energy storage/take capacity (W-hr)
2026-08-03 19:02:59,145 INFO  [default]            source: Estimated
2026-08-03 19:02:59,145 INFO  [default]   cumulative: 0
2026-08-03 19:02:59,145 INFO  [default]    inst rate: not used for this commodity code
2026-08-03 19:02:59,335 INFO  [default] link ACK received: query_operational_state
2026-08-03 19:02:59,447 INFO  [default] operational state received: 4

Press Enter for a list of commands
2026-08-03 19:03:58,653 INFO  [default] link ACK received: get_commodity
2026-08-03 19:03:58,781 INFO  [default] message type supported received: 2
2026-08-03 19:03:58,781 INFO  [default] commodity response received. response code: 0 - success; count: 3
2026-08-03 19:03:58,781 INFO  [default] commodity code: 0 - Electricity consumed (W & W-hr)
2026-08-03 19:03:58,781 INFO  [default]            source: Estimated
2026-08-03 19:03:58,782 INFO  [default]   cumulative: 189
2026-08-03 19:03:58,782 INFO  [default]    inst rate: 0
2026-08-03 19:03:58,782 INFO  [default] commodity code: 6 - Total energy storage/take capacity (W-hr)
2026-08-03 19:03:58,782 INFO  [default]            source: Estimated
2026-08-03 19:03:58,782 INFO  [default]   cumulative: 4026
2026-08-03 19:03:58,782 INFO  [default]    inst rate: not used for this commodity code
2026-08-03 19:03:58,782 INFO  [default] commodity code: 7 - Present energy storage/take capacity (W-hr)
2026-08-03 19:03:58,782 INFO  [default]            source: Estimated
2026-08-03 19:03:58,783 INFO  [default]   cumulative: 0
2026-08-03 19:03:58,783 INFO  [default]    inst rate: not used for this commodity code
2026-08-03 19:03:58,973 INFO  [default] link ACK received: query_operational_state
2026-08-03 19:03:59,085 INFO  [default] operational state received: 4

Press Enter for a list of commands
2026-08-03 19:04:58,290 INFO  [default] link ACK received: get_commodity
2026-08-03 19:04:58,418 INFO  [default] message type supported received: 2
2026-08-03 19:04:58,418 INFO  [default] commodity response received. response code: 0 - success; count: 3
2026-08-03 19:04:58,419 INFO  [default] commodity code: 0 - Electricity consumed (W & W-hr)
2026-08-03 19:04:58,419 INFO  [default]            source: Estimated
2026-08-03 19:04:58,419 INFO  [default]   cumulative: 189
2026-08-03 19:04:58,419 INFO  [default]    inst rate: 0
2026-08-03 19:04:58,419 INFO  [default] commodity code: 6 - Total energy storage/take capacity (W-hr)
2026-08-03 19:04:58,419 INFO  [default]            source: Estimated
2026-08-03 19:04:58,419 INFO  [default]   cumulative: 4026
2026-08-03 19:04:58,420 INFO  [default]    inst rate: not used for this commodity code
2026-08-03 19:04:58,420 INFO  [default] commodity code: 7 - Present energy storage/take capacity (W-hr)
2026-08-03 19:04:58,420 INFO  [default]            source: Estimated
2026-08-03 19:04:58,420 INFO  [default]   cumulative: 0
2026-08-03 19:04:58,420 INFO  [default]    inst rate: not used for this commodity code
2026-08-03 19:04:58,610 INFO  [default] link ACK received: query_operational_state
2026-08-03 19:04:58,706 INFO  [default] operational state received: 4

Press Enter for a list of commands
2026-08-03 19:05:58,919 INFO  [default] link ACK received: get_commodity
2026-08-03 19:05:59,031 INFO  [default] message type supported received: 2
2026-08-03 19:05:59,031 INFO  [default] commodity response received. response code: 0 - success; count: 3
2026-08-03 19:05:59,032 INFO  [default] commodity code: 0 - Electricity consumed (W & W-hr)
2026-08-03 19:05:59,032 INFO  [default]            source: Estimated
2026-08-03 19:05:59,032 INFO  [default]   cumulative: 189
2026-08-03 19:05:59,032 INFO  [default]    inst rate: 0
2026-08-03 19:05:59,033 INFO  [default] commodity code: 6 - Total energy storage/take capacity (W-hr)
2026-08-03 19:05:59,033 INFO  [default]            source: Estimated
2026-08-03 19:05:59,033 INFO  [default]   cumulative: 4026
2026-08-03 19:05:59,033 INFO  [default]    inst rate: not used for this commodity code
2026-08-03 19:05:59,033 INFO  [default] commodity code: 7 - Present energy storage/take capacity (W-hr)
2026-08-03 19:05:59,033 INFO  [default]            source: Estimated
2026-08-03 19:05:59,033 INFO  [default]   cumulative: 0
2026-08-03 19:05:59,033 INFO  [default]    inst rate: not used for this commodity code
2026-08-03 19:05:59,223 INFO  [default] link ACK received: query_operational_state
2026-08-03 19:05:59,319 INFO  [default] operational state received: 4

Press Enter for a list of commands
1785809218,o,0 (PASSED!)
outside communication found
2026-08-03 19:06:58,525 INFO  [default] link ACK received: outside_communication
2026-08-03 19:06:58,621 INFO  [default] app ack received
2026-08-03 19:06:58,813 INFO  [default] link ACK received: get_commodity
2026-08-03 19:06:58,941 INFO  [default] message type supported received: 2
2026-08-03 19:06:58,941 INFO  [default] commodity response received. response code: 0 - success; count: 3
2026-08-03 19:06:58,941 INFO  [default] commodity code: 0 - Electricity consumed (W & W-hr)
2026-08-03 19:06:58,942 INFO  [default]            source: Estimated
2026-08-03 19:06:58,942 INFO  [default]   cumulative: 189
2026-08-03 19:06:58,942 INFO  [default]    inst rate: 0
2026-08-03 19:06:58,942 INFO  [default] commodity code: 6 - Total energy storage/take capacity (W-hr)
2026-08-03 19:06:58,942 INFO  [default]            source: Estimated
2026-08-03 19:06:58,942 INFO  [default]   cumulative: 4026
2026-08-03 19:06:58,942 INFO  [default]    inst rate: not used for this commodity code
2026-08-03 19:06:58,942 INFO  [default] commodity code: 7 - Present energy storage/take capacity (W-hr)
2026-08-03 19:06:58,943 INFO  [default]            source: Estimated
2026-08-03 19:06:58,943 INFO  [default]   cumulative: 0
2026-08-03 19:06:58,943 INFO  [default]    inst rate: not used for this commodity code
2026-08-03 19:06:59,133 INFO  [default] link ACK received: query_operational_state
2026-08-03 19:06:59,228 INFO  [default] operational state received: 4

Press Enter for a list of commands
2026-08-03 19:07:58,434 INFO  [default] link ACK received: get_commodity
2026-08-03 19:07:58,562 INFO  [default] message type supported received: 2
2026-08-03 19:07:58,562 INFO  [default] commodity response received. response code: 0 - success; count: 3
2026-08-03 19:07:58,563 INFO  [default] commodity code: 0 - Electricity consumed (W & W-hr)
2026-08-03 19:07:58,563 INFO  [default]            source: Estimated
2026-08-03 19:07:58,563 INFO  [default]   cumulative: 189
2026-08-03 19:07:58,563 INFO  [default]    inst rate: 0
2026-08-03 19:07:58,563 INFO  [default] commodity code: 6 - Total energy storage/take capacity (W-hr)
2026-08-03 19:07:58,563 INFO  [default]            source: Estimated
2026-08-03 19:07:58,563 INFO  [default]   cumulative: 4026
2026-08-03 19:07:58,563 INFO  [default]    inst rate: not used for this commodity code
2026-08-03 19:07:58,564 INFO  [default] commodity code: 7 - Present energy storage/take capacity (W-hr)
2026-08-03 19:07:58,564 INFO  [default]            source: Estimated
2026-08-03 19:07:58,564 INFO  [default]   cumulative: 0
2026-08-03 19:07:58,564 INFO  [default]    inst rate: not used for this commodity code
2026-08-03 19:07:58,754 INFO  [default] link ACK received: query_operational_state
2026-08-03 19:07:58,866 INFO  [default] operational state received: 4

Press Enter for a list of commands
2026-08-03 19:08:59,063 INFO  [default] link ACK received: get_commodity
2026-08-03 19:08:59,191 INFO  [default] message type supported received: 2
2026-08-03 19:08:59,191 INFO  [default] commodity response received. response code: 0 - success; count: 3
2026-08-03 19:08:59,192 INFO  [default] commodity code: 0 - Electricity consumed (W & W-hr)
2026-08-03 19:08:59,192 INFO  [default]            source: Estimated
2026-08-03 19:08:59,192 INFO  [default]   cumulative: 189
2026-08-03 19:08:59,192 INFO  [default]    inst rate: 0
2026-08-03 19:08:59,193 INFO  [default] commodity code: 6 - Total energy storage/take capacity (W-hr)
2026-08-03 19:08:59,193 INFO  [default]            source: Estimated
2026-08-03 19:08:59,193 INFO  [default]   cumulative: 4026
2026-08-03 19:08:59,193 INFO  [default]    inst rate: not used for this commodity code
2026-08-03 19:08:59,193 INFO  [default] commodity code: 7 - Present energy storage/take capacity (W-hr)
2026-08-03 19:08:59,193 INFO  [default]            source: Estimated
2026-08-03 19:08:59,193 INFO  [default]   cumulative: 0
2026-08-03 19:08:59,193 INFO  [default]    inst rate: not used for this commodity code
2026-08-03 19:08:59,383 INFO  [default] link ACK received: query_operational_state
2026-08-03 19:08:59,495 INFO  [default] operational state received: 4

Press Enter for a list of commands
2026-08-03 19:09:58,701 INFO  [default] link ACK received: get_commodity
2026-08-03 19:09:58,829 INFO  [default] message type supported received: 2
2026-08-03 19:09:58,829 INFO  [default] commodity response received. response code: 0 - success; count: 3
2026-08-03 19:09:58,829 INFO  [default] commodity code: 0 - Electricity consumed (W & W-hr)
2026-08-03 19:09:58,829 INFO  [default]            source: Estimated
2026-08-03 19:09:58,829 INFO  [default]   cumulative: 189
2026-08-03 19:09:58,830 INFO  [default]    inst rate: 0
2026-08-03 19:09:58,830 INFO  [default] commodity code: 6 - Total energy storage/take capacity (W-hr)
2026-08-03 19:09:58,830 INFO  [default]            source: Estimated
2026-08-03 19:09:58,830 INFO  [default]   cumulative: 4026
2026-08-03 19:09:58,830 INFO  [default]    inst rate: not used for this commodity code
2026-08-03 19:09:58,830 INFO  [default] commodity code: 7 - Present energy storage/take capacity (W-hr)
2026-08-03 19:09:58,830 INFO  [default]            source: Estimated
2026-08-03 19:09:58,830 INFO  [default]   cumulative: 0
2026-08-03 19:09:58,831 INFO  [default]    inst rate: not used for this commodity code
2026-08-03 19:09:59,021 INFO  [default] link ACK received: query_operational_state
2026-08-03 19:09:59,132 INFO  [default] operational state received: 4

Press Enter for a list of commands
2026-08-03 19:10:58,338 INFO  [default] link ACK received: get_commodity
2026-08-03 19:10:58,466 INFO  [default] message type supported received: 2
2026-08-03 19:10:58,466 INFO  [default] commodity response received. response code: 0 - success; count: 3
2026-08-03 19:10:58,467 INFO  [default] commodity code: 0 - Electricity consumed (W & W-hr)
2026-08-03 19:10:58,467 INFO  [default]            source: Estimated
2026-08-03 19:10:58,467 INFO  [default]   cumulative: 189
2026-08-03 19:10:58,467 INFO  [default]    inst rate: 0
2026-08-03 19:10:58,467 INFO  [default] commodity code: 6 - Total energy storage/take capacity (W-hr)
2026-08-03 19:10:58,468 INFO  [default]            source: Estimated
2026-08-03 19:10:58,468 INFO  [default]   cumulative: 4026
2026-08-03 19:10:58,468 INFO  [default]    inst rate: not used for this commodity code
2026-08-03 19:10:58,468 INFO  [default] commodity code: 7 - Present energy storage/take capacity (W-hr)
2026-08-03 19:10:58,468 INFO  [default]            source: Estimated
2026-08-03 19:10:58,468 INFO  [default]   cumulative: 0
2026-08-03 19:10:58,468 INFO  [default]    inst rate: not used for this commodity code
2026-08-03 19:10:58,658 INFO  [default] link ACK received: query_operational_state
2026-08-03 19:10:58,770 INFO  [default] operational state received: 4

Press Enter for a list of commands
2026-08-03 19:11:58,983 INFO  [default] link ACK received: get_commodity
2026-08-03 19:11:59,095 INFO  [default] message type supported received: 2
2026-08-03 19:11:59,095 INFO  [default] commodity response received. response code: 0 - success; count: 3
2026-08-03 19:11:59,096 INFO  [default] commodity code: 0 - Electricity consumed (W & W-hr)
2026-08-03 19:11:59,096 INFO  [default]            source: Estimated
2026-08-03 19:11:59,096 INFO  [default]   cumulative: 189
2026-08-03 19:11:59,096 INFO  [default]    inst rate: 0
2026-08-03 19:11:59,096 INFO  [default] commodity code: 6 - Total energy storage/take capacity (W-hr)
2026-08-03 19:11:59,097 INFO  [default]            source: Estimated
2026-08-03 19:11:59,097 INFO  [default]   cumulative: 4026
2026-08-03 19:11:59,097 INFO  [default]    inst rate: not used for this commodity code
2026-08-03 19:11:59,097 INFO  [default] commodity code: 7 - Present energy storage/take capacity (W-hr)
2026-08-03 19:11:59,097 INFO  [default]            source: Estimated
2026-08-03 19:11:59,097 INFO  [default]   cumulative: 0
2026-08-03 19:11:59,097 INFO  [default]    inst rate: not used for this commodity code
2026-08-03 19:11:59,287 INFO  [default] link ACK received: query_operational_state
2026-08-03 19:11:59,399 INFO  [default] operational state received: 4

Press Enter for a list of commands
2026-08-03 19:12:58,605 INFO  [default] link ACK received: get_commodity
2026-08-03 19:12:58,733 INFO  [default] message type supported received: 2
2026-08-03 19:12:58,733 INFO  [default] commodity response received. response code: 0 - success; count: 3
2026-08-03 19:12:58,733 INFO  [default] commodity code: 0 - Electricity consumed (W & W-hr)
2026-08-03 19:12:58,734 INFO  [default]            source: Estimated
2026-08-03 19:12:58,734 INFO  [default]   cumulative: 189
2026-08-03 19:12:58,734 INFO  [default]    inst rate: 0
2026-08-03 19:12:58,734 INFO  [default] commodity code: 6 - Total energy storage/take capacity (W-hr)
2026-08-03 19:12:58,734 INFO  [default]            source: Estimated
2026-08-03 19:12:58,734 INFO  [default]   cumulative: 4026
2026-08-03 19:12:58,734 INFO  [default]    inst rate: not used for this commodity code
2026-08-03 19:12:58,734 INFO  [default] commodity code: 7 - Present energy storage/take capacity (W-hr)
2026-08-03 19:12:58,735 INFO  [default]            source: Estimated
2026-08-03 19:12:58,735 INFO  [default]   cumulative: 0
2026-08-03 19:12:58,735 INFO  [default]    inst rate: not used for this commodity code
2026-08-03 19:12:58,925 INFO  [default] link ACK received: query_operational_state
2026-08-03 19:12:59,037 INFO  [default] operational state received: 4

Press Enter for a list of commands
2026-08-03 19:13:59,250 INFO  [default] link ACK received: get_commodity
2026-08-03 19:13:59,378 INFO  [default] message type supported received: 2
2026-08-03 19:13:59,378 INFO  [default] commodity response received. response code: 0 - success; count: 3
2026-08-03 19:13:59,378 INFO  [default] commodity code: 0 - Electricity consumed (W & W-hr)
2026-08-03 19:13:59,379 INFO  [default]            source: Estimated
2026-08-03 19:13:59,379 INFO  [default]   cumulative: 189
2026-08-03 19:13:59,379 INFO  [default]    inst rate: 0
2026-08-03 19:13:59,379 INFO  [default] commodity code: 6 - Total energy storage/take capacity (W-hr)
2026-08-03 19:13:59,379 INFO  [default]            source: Estimated
2026-08-03 19:13:59,379 INFO  [default]   cumulative: 4026
2026-08-03 19:13:59,379 INFO  [default]    inst rate: not used for this commodity code
2026-08-03 19:13:59,380 INFO  [default] commodity code: 7 - Present energy storage/take capacity (W-hr)
2026-08-03 19:13:59,380 INFO  [default]            source: Estimated
2026-08-03 19:13:59,380 INFO  [default]   cumulative: 0
2026-08-03 19:13:59,380 INFO  [default]    inst rate: not used for this commodity code
2026-08-03 19:13:59,570 INFO  [default] link ACK received: query_operational_state
2026-08-03 19:13:59,682 INFO  [default] operational state received: 4

Press Enter for a list of commands
2026-08-03 19:14:58,887 INFO  [default] link ACK received: get_commodity
2026-08-03 19:14:59,015 INFO  [default] message type supported received: 2
2026-08-03 19:14:59,015 INFO  [default] commodity response received. response code: 0 - success; count: 3
2026-08-03 19:14:59,016 INFO  [default] commodity code: 0 - Electricity consumed (W & W-hr)
2026-08-03 19:14:59,016 INFO  [default]            source: Estimated
2026-08-03 19:14:59,016 INFO  [default]   cumulative: 189
2026-08-03 19:14:59,017 INFO  [default]    inst rate: 0
2026-08-03 19:14:59,017 INFO  [default] commodity code: 6 - Total energy storage/take capacity (W-hr)
2026-08-03 19:14:59,017 INFO  [default]            source: Estimated
2026-08-03 19:14:59,017 INFO  [default]   cumulative: 4026
2026-08-03 19:14:59,017 INFO  [default]    inst rate: not used for this commodity code
2026-08-03 19:14:59,017 INFO  [default] commodity code: 7 - Present energy storage/take capacity (W-hr)
2026-08-03 19:14:59,017 INFO  [default]            source: Estimated
2026-08-03 19:14:59,017 INFO  [default]   cumulative: 0
2026-08-03 19:14:59,018 INFO  [default]    inst rate: not used for this commodity code
2026-08-03 19:14:59,207 INFO  [default] link ACK received: query_operational_state
2026-08-03 19:14:59,319 INFO  [default] operational state received: 4

Press Enter for a list of commands
2026-08-03 19:15:58,525 INFO  [default] link ACK received: get_commodity
2026-08-03 19:15:58,653 INFO  [default] message type supported received: 2
2026-08-03 19:15:58,653 INFO  [default] commodity response received. response code: 0 - success; count: 3
2026-08-03 19:15:58,653 INFO  [default] commodity code: 0 - Electricity consumed (W & W-hr)
2026-08-03 19:15:58,654 INFO  [default]            source: Estimated
2026-08-03 19:15:58,654 INFO  [default]   cumulative: 189
2026-08-03 19:15:58,654 INFO  [default]    inst rate: 0
2026-08-03 19:15:58,654 INFO  [default] commodity code: 6 - Total energy storage/take capacity (W-hr)
2026-08-03 19:15:58,654 INFO  [default]            source: Estimated
2026-08-03 19:15:58,654 INFO  [default]   cumulative: 4026
2026-08-03 19:15:58,654 INFO  [default]    inst rate: not used for this commodity code
2026-08-03 19:15:58,654 INFO  [default] commodity code: 7 - Present energy storage/take capacity (W-hr)
2026-08-03 19:15:58,654 INFO  [default]            source: Estimated
2026-08-03 19:15:58,655 INFO  [default]   cumulative: 0
2026-08-03 19:15:58,655 INFO  [default]    inst rate: not used for this commodity code
2026-08-03 19:15:58,845 INFO  [default] link ACK received: query_operational_state
2026-08-03 19:15:58,957 INFO  [default] operational state received: 4

Press Enter for a list of commands
2026-08-03 19:16:59,170 INFO  [default] link ACK received: get_commodity
2026-08-03 19:16:59,282 INFO  [default] message type supported received: 2
2026-08-03 19:16:59,282 INFO  [default] commodity response received. response code: 0 - success; count: 3
2026-08-03 19:16:59,283 INFO  [default] commodity code: 0 - Electricity consumed (W & W-hr)
2026-08-03 19:16:59,283 INFO  [default]            source: Estimated
2026-08-03 19:16:59,283 INFO  [default]   cumulative: 189
2026-08-03 19:16:59,283 INFO  [default]    inst rate: 0
2026-08-03 19:16:59,283 INFO  [default] commodity code: 6 - Total energy storage/take capacity (W-hr)
2026-08-03 19:16:59,283 INFO  [default]            source: Estimated
2026-08-03 19:16:59,284 INFO  [default]   cumulative: 4026
2026-08-03 19:16:59,284 INFO  [default]    inst rate: not used for this commodity code
2026-08-03 19:16:59,284 INFO  [default] commodity code: 7 - Present energy storage/take capacity (W-hr)
2026-08-03 19:16:59,284 INFO  [default]            source: Estimated
2026-08-03 19:16:59,284 INFO  [default]   cumulative: 0
2026-08-03 19:16:59,284 INFO  [default]    inst rate: not used for this commodity code
2026-08-03 19:16:59,474 INFO  [default] link ACK received: query_operational_state
2026-08-03 19:16:59,570 INFO  [default] operational state received: 4

Press Enter for a list of commands
2026-08-03 19:17:58,775 INFO  [default] link ACK received: get_commodity
2026-08-03 19:17:58,903 INFO  [default] message type supported received: 2
2026-08-03 19:17:58,903 INFO  [default] commodity response received. response code: 0 - success; count: 3
2026-08-03 19:17:58,904 INFO  [default] commodity code: 0 - Electricity consumed (W & W-hr)
2026-08-03 19:17:58,904 INFO  [default]            source: Estimated
2026-08-03 19:17:58,904 INFO  [default]   cumulative: 189
2026-08-03 19:17:58,904 INFO  [default]    inst rate: 0
2026-08-03 19:17:58,905 INFO  [default] commodity code: 6 - Total energy storage/take capacity (W-hr)
2026-08-03 19:17:58,905 INFO  [default]            source: Estimated
2026-08-03 19:17:58,905 INFO  [default]   cumulative: 4026
2026-08-03 19:17:58,905 INFO  [default]    inst rate: not used for this commodity code
2026-08-03 19:17:58,905 INFO  [default] commodity code: 7 - Present energy storage/take capacity (W-hr)
2026-08-03 19:17:58,905 INFO  [default]            source: Estimated
2026-08-03 19:17:58,905 INFO  [default]   cumulative: 0
2026-08-03 19:17:58,905 INFO  [default]    inst rate: not used for this commodity code
2026-08-03 19:17:59,095 INFO  [default] link ACK received: query_operational_state
2026-08-03 19:17:59,207 INFO  [default] operational state received: 4

Press Enter for a list of commands
2026-08-03 19:18:58,413 INFO  [default] link ACK received: get_commodity
2026-08-03 19:18:58,541 INFO  [default] message type supported received: 2
2026-08-03 19:18:58,541 INFO  [default] commodity response received. response code: 0 - success; count: 3
2026-08-03 19:18:58,542 INFO  [default] commodity code: 0 - Electricity consumed (W & W-hr)
2026-08-03 19:18:58,542 INFO  [default]            source: Estimated
2026-08-03 19:18:58,542 INFO  [default]   cumulative: 189
2026-08-03 19:18:58,542 INFO  [default]    inst rate: 0
2026-08-03 19:18:58,542 INFO  [default] commodity code: 6 - Total energy storage/take capacity (W-hr)
2026-08-03 19:18:58,542 INFO  [default]            source: Estimated
2026-08-03 19:18:58,542 INFO  [default]   cumulative: 4026
2026-08-03 19:18:58,542 INFO  [default]    inst rate: not used for this commodity code
2026-08-03 19:18:58,543 INFO  [default] commodity code: 7 - Present energy storage/take capacity (W-hr)
2026-08-03 19:18:58,543 INFO  [default]            source: Estimated
2026-08-03 19:18:58,543 INFO  [default]   cumulative: 0
2026-08-03 19:18:58,543 INFO  [default]    inst rate: not used for this commodity code
2026-08-03 19:18:58,733 INFO  [default] link ACK received: query_operational_state
2026-08-03 19:18:58,829 INFO  [default] operational state received: 4

Press Enter for a list of commands
2026-08-03 19:19:59,026 INFO  [default] link ACK received: get_commodity
2026-08-03 19:19:59,154 INFO  [default] message type supported received: 2
2026-08-03 19:19:59,154 INFO  [default] commodity response received. response code: 0 - success; count: 3
2026-08-03 19:19:59,155 INFO  [default] commodity code: 0 - Electricity consumed (W & W-hr)
2026-08-03 19:19:59,155 INFO  [default]            source: Estimated
2026-08-03 19:19:59,155 INFO  [default]   cumulative: 189
2026-08-03 19:19:59,155 INFO  [default]    inst rate: 0
2026-08-03 19:19:59,155 INFO  [default] commodity code: 6 - Total energy storage/take capacity (W-hr)
2026-08-03 19:19:59,156 INFO  [default]            source: Estimated
2026-08-03 19:19:59,156 INFO  [default]   cumulative: 4026
2026-08-03 19:19:59,156 INFO  [default]    inst rate: not used for this commodity code
2026-08-03 19:19:59,156 INFO  [default] commodity code: 7 - Present energy storage/take capacity (W-hr)
2026-08-03 19:19:59,156 INFO  [default]            source: Estimated
2026-08-03 19:19:59,156 INFO  [default]   cumulative: 0
2026-08-03 19:19:59,156 INFO  [default]    inst rate: not used for this commodity code
2026-08-03 19:19:59,346 INFO  [default] link ACK received: query_operational_state
2026-08-03 19:19:59,458 INFO  [default] operational state received: 4

Press Enter for a list of commands
1785810028,o,0 (PASSED!)
outside communication found
2026-08-03 19:20:28,605 INFO  [default] link ACK received: outside_communication
2026-08-03 19:20:28,717 INFO  [default] app ack received
2026-08-03 19:20:58,872 INFO  [default] link ACK received: get_commodity
2026-08-03 19:20:58,984 INFO  [default] message type supported received: 2
2026-08-03 19:20:58,984 INFO  [default] commodity response received. response code: 0 - success; count: 3
2026-08-03 19:20:58,985 INFO  [default] commodity code: 0 - Electricity consumed (W & W-hr)
2026-08-03 19:20:58,985 INFO  [default]            source: Estimated
2026-08-03 19:20:58,985 INFO  [default]   cumulative: 189
2026-08-03 19:20:58,985 INFO  [default]    inst rate: 0
2026-08-03 19:20:58,985 INFO  [default] commodity code: 6 - Total energy storage/take capacity (W-hr)
2026-08-03 19:20:58,985 INFO  [default]            source: Estimated
2026-08-03 19:20:58,985 INFO  [default]   cumulative: 4026
2026-08-03 19:20:58,986 INFO  [default]    inst rate: not used for this commodity code
2026-08-03 19:20:58,986 INFO  [default] commodity code: 7 - Present energy storage/take capacity (W-hr)
2026-08-03 19:20:58,986 INFO  [default]            source: Estimated
2026-08-03 19:20:58,986 INFO  [default]   cumulative: 0
2026-08-03 19:20:58,986 INFO  [default]    inst rate: not used for this commodity code
2026-08-03 19:20:59,176 INFO  [default] link ACK received: query_operational_state
2026-08-03 19:20:59,288 INFO  [default] operational state received: 4

Press Enter for a list of commands
2026-08-03 19:21:58,494 INFO  [default] link ACK received: get_commodity
2026-08-03 19:21:58,622 INFO  [default] message type supported received: 2
2026-08-03 19:21:58,622 INFO  [default] commodity response received. response code: 0 - success; count: 3
2026-08-03 19:21:58,622 INFO  [default] commodity code: 0 - Electricity consumed (W & W-hr)
2026-08-03 19:21:58,622 INFO  [default]            source: Estimated
2026-08-03 19:21:58,622 INFO  [default]   cumulative: 189
2026-08-03 19:21:58,623 INFO  [default]    inst rate: 0
2026-08-03 19:21:58,623 INFO  [default] commodity code: 6 - Total energy storage/take capacity (W-hr)
2026-08-03 19:21:58,623 INFO  [default]            source: Estimated
2026-08-03 19:21:58,623 INFO  [default]   cumulative: 4026
2026-08-03 19:21:58,623 INFO  [default]    inst rate: not used for this commodity code
2026-08-03 19:21:58,623 INFO  [default] commodity code: 7 - Present energy storage/take capacity (W-hr)
2026-08-03 19:21:58,623 INFO  [default]            source: Estimated
2026-08-03 19:21:58,624 INFO  [default]   cumulative: 0
2026-08-03 19:21:58,624 INFO  [default]    inst rate: not used for this commodity code
2026-08-03 19:21:58,813 INFO  [default] link ACK received: query_operational_state
2026-08-03 19:21:58,925 INFO  [default] operational state received: 4

Press Enter for a list of commands
2026-08-03 19:22:59,139 INFO  [default] link ACK received: get_commodity
2026-08-03 19:22:59,251 INFO  [default] message type supported received: 2
2026-08-03 19:22:59,251 INFO  [default] commodity response received. response code: 0 - success; count: 3
2026-08-03 19:22:59,252 INFO  [default] commodity code: 0 - Electricity consumed (W & W-hr)
2026-08-03 19:22:59,252 INFO  [default]            source: Estimated
2026-08-03 19:22:59,252 INFO  [default]   cumulative: 189
2026-08-03 19:22:59,252 INFO  [default]    inst rate: 0
2026-08-03 19:22:59,252 INFO  [default] commodity code: 6 - Total energy storage/take capacity (W-hr)
2026-08-03 19:22:59,252 INFO  [default]            source: Estimated
2026-08-03 19:22:59,253 INFO  [default]   cumulative: 4026
2026-08-03 19:22:59,253 INFO  [default]    inst rate: not used for this commodity code
2026-08-03 19:22:59,253 INFO  [default] commodity code: 7 - Present energy storage/take capacity (W-hr)
2026-08-03 19:22:59,253 INFO  [default]            source: Estimated
2026-08-03 19:22:59,253 INFO  [default]   cumulative: 0
2026-08-03 19:22:59,253 INFO  [default]    inst rate: not used for this commodity code
2026-08-03 19:22:59,443 INFO  [default] link ACK received: query_operational_state
2026-08-03 19:22:59,555 INFO  [default] operational state received: 4

Press Enter for a list of commands
2026-08-03 19:23:58,761 INFO  [default] link ACK received: get_commodity
2026-08-03 19:23:58,889 INFO  [default] message type supported received: 2
2026-08-03 19:23:58,889 INFO  [default] commodity response received. response code: 0 - success; count: 3
2026-08-03 19:23:58,889 INFO  [default] commodity code: 0 - Electricity consumed (W & W-hr)
2026-08-03 19:23:58,889 INFO  [default]            source: Estimated
2026-08-03 19:23:58,890 INFO  [default]   cumulative: 189
2026-08-03 19:23:58,890 INFO  [default]    inst rate: 0
2026-08-03 19:23:58,890 INFO  [default] commodity code: 6 - Total energy storage/take capacity (W-hr)
2026-08-03 19:23:58,890 INFO  [default]            source: Estimated
2026-08-03 19:23:58,890 INFO  [default]   cumulative: 4026
2026-08-03 19:23:58,890 INFO  [default]    inst rate: not used for this commodity code
2026-08-03 19:23:58,890 INFO  [default] commodity code: 7 - Present energy storage/take capacity (W-hr)
2026-08-03 19:23:58,890 INFO  [default]            source: Estimated
2026-08-03 19:23:58,891 INFO  [default]   cumulative: 0
2026-08-03 19:23:58,891 INFO  [default]    inst rate: not used for this commodity code
2026-08-03 19:23:59,081 INFO  [default] link ACK received: query_operational_state
2026-08-03 19:23:59,192 INFO  [default] operational state received: 4

Press Enter for a list of commands
2026-08-03 19:24:58,398 INFO  [default] link ACK received: get_commodity
2026-08-03 19:24:58,526 INFO  [default] message type supported received: 2
2026-08-03 19:24:58,526 INFO  [default] commodity response received. response code: 0 - success; count: 3
2026-08-03 19:24:58,527 INFO  [default] commodity code: 0 - Electricity consumed (W & W-hr)
2026-08-03 19:24:58,527 INFO  [default]            source: Estimated
2026-08-03 19:24:58,527 INFO  [default]   cumulative: 189
2026-08-03 19:24:58,527 INFO  [default]    inst rate: 0
2026-08-03 19:24:58,527 INFO  [default] commodity code: 6 - Total energy storage/take capacity (W-hr)
2026-08-03 19:24:58,528 INFO  [default]            source: Estimated
2026-08-03 19:24:58,528 INFO  [default]   cumulative: 4026
2026-08-03 19:24:58,528 INFO  [default]    inst rate: not used for this commodity code
2026-08-03 19:24:58,528 INFO  [default] commodity code: 7 - Present energy storage/take capacity (W-hr)
2026-08-03 19:24:58,528 INFO  [default]            source: Estimated
2026-08-03 19:24:58,528 INFO  [default]   cumulative: 0
2026-08-03 19:24:58,528 INFO  [default]    inst rate: not used for this commodity code
2026-08-03 19:24:58,718 INFO  [default] link ACK received: query_operational_state
2026-08-03 19:24:58,830 INFO  [default] operational state received: 4

Press Enter for a list of commands
2026-08-03 19:25:59,044 INFO  [default] link ACK received: get_commodity
2026-08-03 19:25:59,155 INFO  [default] message type supported received: 2
2026-08-03 19:25:59,156 INFO  [default] commodity response received. response code: 0 - success; count: 3
2026-08-03 19:25:59,156 INFO  [default] commodity code: 0 - Electricity consumed (W & W-hr)
2026-08-03 19:25:59,156 INFO  [default]            source: Estimated
2026-08-03 19:25:59,156 INFO  [default]   cumulative: 189
2026-08-03 19:25:59,157 INFO  [default]    inst rate: 0
2026-08-03 19:25:59,157 INFO  [default] commodity code: 6 - Total energy storage/take capacity (W-hr)
2026-08-03 19:25:59,157 INFO  [default]            source: Estimated
2026-08-03 19:25:59,157 INFO  [default]   cumulative: 4026
2026-08-03 19:25:59,157 INFO  [default]    inst rate: not used for this commodity code
2026-08-03 19:25:59,157 INFO  [default] commodity code: 7 - Present energy storage/take capacity (W-hr)
2026-08-03 19:25:59,157 INFO  [default]            source: Estimated
2026-08-03 19:25:59,157 INFO  [default]   cumulative: 0
2026-08-03 19:25:59,158 INFO  [default]    inst rate: not used for this commodity code
2026-08-03 19:25:59,348 INFO  [default] link ACK received: query_operational_state
2026-08-03 19:25:59,459 INFO  [default] operational state received: 4

Press Enter for a list of commands
2026-08-03 19:26:58,665 INFO  [default] link ACK received: get_commodity
2026-08-03 19:26:58,793 INFO  [default] message type supported received: 2
2026-08-03 19:26:58,793 INFO  [default] commodity response received. response code: 0 - success; count: 3
2026-08-03 19:26:58,794 INFO  [default] commodity code: 0 - Electricity consumed (W & W-hr)
2026-08-03 19:26:58,794 INFO  [default]            source: Estimated
2026-08-03 19:26:58,794 INFO  [default]   cumulative: 189
2026-08-03 19:26:58,794 INFO  [default]    inst rate: 0
2026-08-03 19:26:58,794 INFO  [default] commodity code: 6 - Total energy storage/take capacity (W-hr)
2026-08-03 19:26:58,794 INFO  [default]            source: Estimated
2026-08-03 19:26:58,795 INFO  [default]   cumulative: 4026
2026-08-03 19:26:58,795 INFO  [default]    inst rate: not used for this commodity code
2026-08-03 19:26:58,795 INFO  [default] commodity code: 7 - Present energy storage/take capacity (W-hr)
2026-08-03 19:26:58,795 INFO  [default]            source: Estimated
2026-08-03 19:26:58,795 INFO  [default]   cumulative: 0
2026-08-03 19:26:58,795 INFO  [default]    inst rate: not used for this commodity code
2026-08-03 19:26:58,985 INFO  [default] link ACK received: query_operational_state
2026-08-03 19:26:59,097 INFO  [default] operational state received: 4

Press Enter for a list of commands
2026-08-03 19:27:58,303 INFO  [default] link ACK received: get_commodity
2026-08-03 19:27:58,431 INFO  [default] message type supported received: 2
2026-08-03 19:27:58,431 INFO  [default] commodity response received. response code: 0 - success; count: 3
2026-08-03 19:27:58,431 INFO  [default] commodity code: 0 - Electricity consumed (W & W-hr)
2026-08-03 19:27:58,431 INFO  [default]            source: Estimated
2026-08-03 19:27:58,432 INFO  [default]   cumulative: 189
2026-08-03 19:27:58,432 INFO  [default]    inst rate: 0
2026-08-03 19:27:58,432 INFO  [default] commodity code: 6 - Total energy storage/take capacity (W-hr)
2026-08-03 19:27:58,432 INFO  [default]            source: Estimated
2026-08-03 19:27:58,432 INFO  [default]   cumulative: 4026
2026-08-03 19:27:58,432 INFO  [default]    inst rate: not used for this commodity code
2026-08-03 19:27:58,432 INFO  [default] commodity code: 7 - Present energy storage/take capacity (W-hr)
2026-08-03 19:27:58,432 INFO  [default]            source: Estimated
2026-08-03 19:27:58,433 INFO  [default]   cumulative: 0
2026-08-03 19:27:58,433 INFO  [default]    inst rate: not used for this commodity code
2026-08-03 19:27:58,623 INFO  [default] link ACK received: query_operational_state
2026-08-03 19:27:58,735 INFO  [default] operational state received: 4

Press Enter for a list of commands
2026-08-03 19:28:58,948 INFO  [default] link ACK received: get_commodity
2026-08-03 19:28:59,076 INFO  [default] message type supported received: 2
2026-08-03 19:28:59,076 INFO  [default] commodity response received. response code: 0 - success; count: 3
2026-08-03 19:28:59,077 INFO  [default] commodity code: 0 - Electricity consumed (W & W-hr)
2026-08-03 19:28:59,077 INFO  [default]            source: Estimated
2026-08-03 19:28:59,077 INFO  [default]   cumulative: 189
2026-08-03 19:28:59,077 INFO  [default]    inst rate: 0
2026-08-03 19:28:59,077 INFO  [default] commodity code: 6 - Total energy storage/take capacity (W-hr)
2026-08-03 19:28:59,077 INFO  [default]            source: Estimated
2026-08-03 19:28:59,077 INFO  [default]   cumulative: 4026
2026-08-03 19:28:59,077 INFO  [default]    inst rate: not used for this commodity code
2026-08-03 19:28:59,078 INFO  [default] commodity code: 7 - Present energy storage/take capacity (W-hr)
2026-08-03 19:28:59,078 INFO  [default]            source: Estimated
2026-08-03 19:28:59,078 INFO  [default]   cumulative: 0
2026-08-03 19:28:59,078 INFO  [default]    inst rate: not used for this commodity code
2026-08-03 19:28:59,268 INFO  [default] link ACK received: query_operational_state
2026-08-03 19:28:59,364 INFO  [default] operational state received: 4

Press Enter for a list of commands
2026-08-03 19:29:58,569 INFO  [default] link ACK received: get_commodity
2026-08-03 19:29:58,697 INFO  [default] message type supported received: 2
2026-08-03 19:29:58,698 INFO  [default] commodity response received. response code: 0 - success; count: 3
2026-08-03 19:29:58,698 INFO  [default] commodity code: 0 - Electricity consumed (W & W-hr)
2026-08-03 19:29:58,698 INFO  [default]            source: Estimated
2026-08-03 19:29:58,699 INFO  [default]   cumulative: 189
2026-08-03 19:29:58,699 INFO  [default]    inst rate: 0
2026-08-03 19:29:58,699 INFO  [default] commodity code: 6 - Total energy storage/take capacity (W-hr)
2026-08-03 19:29:58,699 INFO  [default]            source: Estimated
2026-08-03 19:29:58,699 INFO  [default]   cumulative: 4026
2026-08-03 19:29:58,699 INFO  [default]    inst rate: not used for this commodity code
2026-08-03 19:29:58,699 INFO  [default] commodity code: 7 - Present energy storage/take capacity (W-hr)
2026-08-03 19:29:58,699 INFO  [default]            source: Estimated
2026-08-03 19:29:58,700 INFO  [default]   cumulative: 0
2026-08-03 19:29:58,700 INFO  [default]    inst rate: not used for this commodity code
2026-08-03 19:29:58,889 INFO  [default] link ACK received: query_operational_state
2026-08-03 19:29:59,001 INFO  [default] operational state received: 4

Press Enter for a list of commands
2026-08-03 19:30:59,215 INFO  [default] link ACK received: get_commodity
2026-08-03 19:30:59,327 INFO  [default] message type supported received: 2
2026-08-03 19:30:59,327 INFO  [default] commodity response received. response code: 0 - success; count: 3
2026-08-03 19:30:59,327 INFO  [default] commodity code: 0 - Electricity consumed (W & W-hr)
2026-08-03 19:30:59,328 INFO  [default]            source: Estimated
2026-08-03 19:30:59,328 INFO  [default]   cumulative: 189
2026-08-03 19:30:59,328 INFO  [default]    inst rate: 0
2026-08-03 19:30:59,328 INFO  [default] commodity code: 6 - Total energy storage/take capacity (W-hr)
2026-08-03 19:30:59,328 INFO  [default]            source: Estimated
2026-08-03 19:30:59,328 INFO  [default]   cumulative: 4026
2026-08-03 19:30:59,328 INFO  [default]    inst rate: not used for this commodity code
2026-08-03 19:30:59,328 INFO  [default] commodity code: 7 - Present energy storage/take capacity (W-hr)
2026-08-03 19:30:59,329 INFO  [default]            source: Estimated
2026-08-03 19:30:59,329 INFO  [default]   cumulative: 0
2026-08-03 19:30:59,329 INFO  [default]    inst rate: not used for this commodity code
2026-08-03 19:30:59,519 INFO  [default] link ACK received: query_operational_state
2026-08-03 19:30:59,631 INFO  [default] operational state received: 4

Press Enter for a list of commands
2026-08-03 19:31:58,836 INFO  [default] link ACK received: get_commodity
2026-08-03 19:31:58,964 INFO  [default] message type supported received: 2
2026-08-03 19:31:58,964 INFO  [default] commodity response received. response code: 0 - success; count: 3
2026-08-03 19:31:58,965 INFO  [default] commodity code: 0 - Electricity consumed (W & W-hr)
2026-08-03 19:31:58,965 INFO  [default]            source: Estimated
2026-08-03 19:31:58,965 INFO  [default]   cumulative: 189
2026-08-03 19:31:58,965 INFO  [default]    inst rate: 0
2026-08-03 19:31:58,965 INFO  [default] commodity code: 6 - Total energy storage/take capacity (W-hr)
2026-08-03 19:31:58,966 INFO  [default]            source: Estimated
2026-08-03 19:31:58,966 INFO  [default]   cumulative: 4026
2026-08-03 19:31:58,966 INFO  [default]    inst rate: not used for this commodity code
2026-08-03 19:31:58,966 INFO  [default] commodity code: 7 - Present energy storage/take capacity (W-hr)
2026-08-03 19:31:58,966 INFO  [default]            source: Estimated
2026-08-03 19:31:58,966 INFO  [default]   cumulative: 0
2026-08-03 19:31:58,966 INFO  [default]    inst rate: not used for this commodity code
2026-08-03 19:31:59,156 INFO  [default] link ACK received: query_operational_state
2026-08-03 19:31:59,268 INFO  [default] operational state received: 4

Press Enter for a list of commands
2026-08-03 19:32:58,474 INFO  [default] link ACK received: get_commodity
2026-08-03 19:32:58,602 INFO  [default] message type supported received: 2
2026-08-03 19:32:58,602 INFO  [default] commodity response received. response code: 0 - success; count: 3
2026-08-03 19:32:58,602 INFO  [default] commodity code: 0 - Electricity consumed (W & W-hr)
2026-08-03 19:32:58,602 INFO  [default]            source: Estimated
2026-08-03 19:32:58,603 INFO  [default]   cumulative: 189
2026-08-03 19:32:58,603 INFO  [default]    inst rate: 0
2026-08-03 19:32:58,603 INFO  [default] commodity code: 6 - Total energy storage/take capacity (W-hr)
2026-08-03 19:32:58,603 INFO  [default]            source: Estimated
2026-08-03 19:32:58,603 INFO  [default]   cumulative: 4026
2026-08-03 19:32:58,603 INFO  [default]    inst rate: not used for this commodity code
2026-08-03 19:32:58,604 INFO  [default] commodity code: 7 - Present energy storage/take capacity (W-hr)
2026-08-03 19:32:58,604 INFO  [default]            source: Estimated
2026-08-03 19:32:58,604 INFO  [default]   cumulative: 0
2026-08-03 19:32:58,604 INFO  [default]    inst rate: not used for this commodity code
2026-08-03 19:32:58,794 INFO  [default] link ACK received: query_operational_state
2026-08-03 19:32:58,890 INFO  [default] operational state received: 4

Press Enter for a list of commands
1785810838,o,0 (PASSED!)
outside communication found
2026-08-03 19:33:59,103 INFO  [default] link ACK received: outside_communication
2026-08-03 19:33:59,199 INFO  [default] app ack received
2026-08-03 19:33:59,391 INFO  [default] link ACK received: get_commodity
2026-08-03 19:33:59,519 INFO  [default] message type supported received: 2
2026-08-03 19:33:59,519 INFO  [default] commodity response received. response code: 0 - success; count: 3
2026-08-03 19:33:59,520 INFO  [default] commodity code: 0 - Electricity consumed (W & W-hr)
2026-08-03 19:33:59,520 INFO  [default]            source: Estimated
2026-08-03 19:33:59,520 INFO  [default]   cumulative: 189
2026-08-03 19:33:59,520 INFO  [default]    inst rate: 0
2026-08-03 19:33:59,520 INFO  [default] commodity code: 6 - Total energy storage/take capacity (W-hr)
2026-08-03 19:33:59,521 INFO  [default]            source: Estimated
2026-08-03 19:33:59,521 INFO  [default]   cumulative: 4026
2026-08-03 19:33:59,521 INFO  [default]    inst rate: not used for this commodity code
2026-08-03 19:33:59,521 INFO  [default] commodity code: 7 - Present energy storage/take capacity (W-hr)
2026-08-03 19:33:59,521 INFO  [default]            source: Estimated
2026-08-03 19:33:59,521 INFO  [default]   cumulative: 0
2026-08-03 19:33:59,521 INFO  [default]    inst rate: not used for this commodity code
2026-08-03 19:33:59,711 INFO  [default] link ACK received: query_operational_state
2026-08-03 19:33:59,823 INFO  [default] operational state received: 4

Press Enter for a list of commands
2026-08-03 19:34:59,029 INFO  [default] link ACK received: get_commodity
2026-08-03 19:34:59,156 INFO  [default] message type supported received: 2
2026-08-03 19:34:59,157 INFO  [default] commodity response received. response code: 0 - success; count: 3
2026-08-03 19:34:59,157 INFO  [default] commodity code: 0 - Electricity consumed (W & W-hr)
2026-08-03 19:34:59,157 INFO  [default]            source: Estimated
2026-08-03 19:34:59,157 INFO  [default]   cumulative: 189
2026-08-03 19:34:59,158 INFO  [default]    inst rate: 0
2026-08-03 19:34:59,158 INFO  [default] commodity code: 6 - Total energy storage/take capacity (W-hr)
2026-08-03 19:34:59,158 INFO  [default]            source: Estimated
2026-08-03 19:34:59,158 INFO  [default]   cumulative: 4026
2026-08-03 19:34:59,158 INFO  [default]    inst rate: not used for this commodity code
2026-08-03 19:34:59,158 INFO  [default] commodity code: 7 - Present energy storage/take capacity (W-hr)
2026-08-03 19:34:59,158 INFO  [default]            source: Estimated
2026-08-03 19:34:59,158 INFO  [default]   cumulative: 0
2026-08-03 19:34:59,159 INFO  [default]    inst rate: not used for this commodity code
2026-08-03 19:34:59,348 INFO  [default] link ACK received: query_operational_state
2026-08-03 19:34:59,460 INFO  [default] operational state received: 4

Press Enter for a list of commands
2026-08-03 19:35:58,666 INFO  [default] link ACK received: get_commodity
2026-08-03 19:35:58,794 INFO  [default] message type supported received: 2
2026-08-03 19:35:58,794 INFO  [default] commodity response received. response code: 0 - success; count: 3
2026-08-03 19:35:58,795 INFO  [default] commodity code: 0 - Electricity consumed (W & W-hr)
2026-08-03 19:35:58,795 INFO  [default]            source: Estimated
2026-08-03 19:35:58,795 INFO  [default]   cumulative: 189
2026-08-03 19:35:58,795 INFO  [default]    inst rate: 0
2026-08-03 19:35:58,795 INFO  [default] commodity code: 6 - Total energy storage/take capacity (W-hr)
2026-08-03 19:35:58,795 INFO  [default]            source: Estimated
2026-08-03 19:35:58,796 INFO  [default]   cumulative: 4026
2026-08-03 19:35:58,796 INFO  [default]    inst rate: not used for this commodity code
2026-08-03 19:35:58,796 INFO  [default] commodity code: 7 - Present energy storage/take capacity (W-hr)
2026-08-03 19:35:58,796 INFO  [default]            source: Estimated
2026-08-03 19:35:58,796 INFO  [default]   cumulative: 0
2026-08-03 19:35:58,796 INFO  [default]    inst rate: not used for this commodity code
2026-08-03 19:35:58,986 INFO  [default] link ACK received: query_operational_state
2026-08-03 19:35:59,082 INFO  [default] operational state received: 4

Press Enter for a list of commands
2026-08-03 19:36:58,288 INFO  [default] link ACK received: get_commodity
2026-08-03 19:36:58,415 INFO  [default] message type supported received: 2
2026-08-03 19:36:58,416 INFO  [default] commodity response received. response code: 0 - success; count: 3
2026-08-03 19:36:58,416 INFO  [default] commodity code: 0 - Electricity consumed (W & W-hr)
2026-08-03 19:36:58,416 INFO  [default]            source: Estimated
2026-08-03 19:36:58,416 INFO  [default]   cumulative: 189
2026-08-03 19:36:58,417 INFO  [default]    inst rate: 0
2026-08-03 19:36:58,417 INFO  [default] commodity code: 6 - Total energy storage/take capacity (W-hr)
2026-08-03 19:36:58,417 INFO  [default]            source: Estimated
2026-08-03 19:36:58,417 INFO  [default]   cumulative: 4026
2026-08-03 19:36:58,417 INFO  [default]    inst rate: not used for this commodity code
2026-08-03 19:36:58,417 INFO  [default] commodity code: 7 - Present energy storage/take capacity (W-hr)
2026-08-03 19:36:58,417 INFO  [default]            source: Estimated
2026-08-03 19:36:58,417 INFO  [default]   cumulative: 0
2026-08-03 19:36:58,417 INFO  [default]    inst rate: not used for this commodity code
2026-08-03 19:36:58,607 INFO  [default] link ACK received: query_operational_state
2026-08-03 19:36:58,703 INFO  [default] operational state received: 4

Press Enter for a list of commands
2026-08-03 19:37:58,917 INFO  [default] link ACK received: get_commodity
2026-08-03 19:37:59,029 INFO  [default] message type supported received: 2
2026-08-03 19:37:59,029 INFO  [default] commodity response received. response code: 0 - success; count: 3
2026-08-03 19:37:59,030 INFO  [default] commodity code: 0 - Electricity consumed (W & W-hr)
2026-08-03 19:37:59,030 INFO  [default]            source: Estimated
2026-08-03 19:37:59,030 INFO  [default]   cumulative: 189
2026-08-03 19:37:59,030 INFO  [default]    inst rate: 0
2026-08-03 19:37:59,030 INFO  [default] commodity code: 6 - Total energy storage/take capacity (W-hr)
2026-08-03 19:37:59,030 INFO  [default]            source: Estimated
2026-08-03 19:37:59,030 INFO  [default]   cumulative: 4026
2026-08-03 19:37:59,030 INFO  [default]    inst rate: not used for this commodity code
2026-08-03 19:37:59,031 INFO  [default] commodity code: 7 - Present energy storage/take capacity (W-hr)
2026-08-03 19:37:59,031 INFO  [default]            source: Estimated
2026-08-03 19:37:59,031 INFO  [default]   cumulative: 0
2026-08-03 19:37:59,031 INFO  [default]    inst rate: not used for this commodity code
2026-08-03 19:37:59,221 INFO  [default] link ACK received: query_operational_state
2026-08-03 19:37:59,317 INFO  [default] operational state received: 4

Press Enter for a list of commands
2026-08-03 19:38:58,522 INFO  [default] link ACK received: get_commodity
2026-08-03 19:38:58,650 INFO  [default] message type supported received: 2
2026-08-03 19:38:58,650 INFO  [default] commodity response received. response code: 0 - success; count: 3
2026-08-03 19:38:58,651 INFO  [default] commodity code: 0 - Electricity consumed (W & W-hr)
2026-08-03 19:38:58,651 INFO  [default]            source: Estimated
2026-08-03 19:38:58,651 INFO  [default]   cumulative: 189
2026-08-03 19:38:58,651 INFO  [default]    inst rate: 0
2026-08-03 19:38:58,652 INFO  [default] commodity code: 6 - Total energy storage/take capacity (W-hr)
2026-08-03 19:38:58,652 INFO  [default]            source: Estimated
2026-08-03 19:38:58,652 INFO  [default]   cumulative: 4026
2026-08-03 19:38:58,652 INFO  [default]    inst rate: not used for this commodity code
2026-08-03 19:38:58,652 INFO  [default] commodity code: 7 - Present energy storage/take capacity (W-hr)
2026-08-03 19:38:58,652 INFO  [default]            source: Estimated
2026-08-03 19:38:58,652 INFO  [default]   cumulative: 0
2026-08-03 19:38:58,652 INFO  [default]    inst rate: not used for this commodity code
2026-08-03 19:38:58,842 INFO  [default] link ACK received: query_operational_state
2026-08-03 19:38:58,938 INFO  [default] operational state received: 4

Press Enter for a list of commands
2026-08-03 19:39:59,136 INFO  [default] link ACK received: get_commodity
2026-08-03 19:39:59,264 INFO  [default] message type supported received: 2
2026-08-03 19:39:59,264 INFO  [default] commodity response received. response code: 0 - success; count: 3
2026-08-03 19:39:59,264 INFO  [default] commodity code: 0 - Electricity consumed (W & W-hr)
2026-08-03 19:39:59,264 INFO  [default]            source: Estimated
2026-08-03 19:39:59,265 INFO  [default]   cumulative: 189
2026-08-03 19:39:59,265 INFO  [default]    inst rate: 0
2026-08-03 19:39:59,265 INFO  [default] commodity code: 6 - Total energy storage/take capacity (W-hr)
2026-08-03 19:39:59,265 INFO  [default]            source: Estimated
2026-08-03 19:39:59,265 INFO  [default]   cumulative: 4026
2026-08-03 19:39:59,265 INFO  [default]    inst rate: not used for this commodity code
2026-08-03 19:39:59,265 INFO  [default] commodity code: 7 - Present energy storage/take capacity (W-hr)
2026-08-03 19:39:59,265 INFO  [default]            source: Estimated
2026-08-03 19:39:59,266 INFO  [default]   cumulative: 0
2026-08-03 19:39:59,266 INFO  [default]    inst rate: not used for this commodity code
2026-08-03 19:39:59,455 INFO  [default] link ACK received: query_operational_state
2026-08-03 19:39:59,567 INFO  [default] operational state received: 4

Press Enter for a list of commands
2026-08-03 19:40:58,773 INFO  [default] link ACK received: get_commodity
2026-08-03 19:40:58,901 INFO  [default] message type supported received: 2
2026-08-03 19:40:58,901 INFO  [default] commodity response received. response code: 0 - success; count: 3
2026-08-03 19:40:58,902 INFO  [default] commodity code: 0 - Electricity consumed (W & W-hr)
2026-08-03 19:40:58,902 INFO  [default]            source: Estimated
2026-08-03 19:40:58,902 INFO  [default]   cumulative: 189
2026-08-03 19:40:58,902 INFO  [default]    inst rate: 0
2026-08-03 19:40:58,902 INFO  [default] commodity code: 6 - Total energy storage/take capacity (W-hr)
2026-08-03 19:40:58,902 INFO  [default]            source: Estimated
2026-08-03 19:40:58,902 INFO  [default]   cumulative: 4026
2026-08-03 19:40:58,902 INFO  [default]    inst rate: not used for this commodity code
2026-08-03 19:40:58,903 INFO  [default] commodity code: 7 - Present energy storage/take capacity (W-hr)
2026-08-03 19:40:58,903 INFO  [default]            source: Estimated
2026-08-03 19:40:58,903 INFO  [default]   cumulative: 0
2026-08-03 19:40:58,903 INFO  [default]    inst rate: not used for this commodity code
2026-08-03 19:40:59,093 INFO  [default] link ACK received: query_operational_state
2026-08-03 19:40:59,205 INFO  [default] operational state received: 4

Press Enter for a list of commands
2026-08-03 19:41:58,411 INFO  [default] link ACK received: get_commodity
2026-08-03 19:41:58,538 INFO  [default] message type supported received: 2
2026-08-03 19:41:58,539 INFO  [default] commodity response received. response code: 0 - success; count: 3
2026-08-03 19:41:58,539 INFO  [default] commodity code: 0 - Electricity consumed (W & W-hr)
2026-08-03 19:41:58,540 INFO  [default]            source: Estimated
2026-08-03 19:41:58,540 INFO  [default]   cumulative: 189
2026-08-03 19:41:58,540 INFO  [default]    inst rate: 0
2026-08-03 19:41:58,540 INFO  [default] commodity code: 6 - Total energy storage/take capacity (W-hr)
2026-08-03 19:41:58,540 INFO  [default]            source: Estimated
2026-08-03 19:41:58,540 INFO  [default]   cumulative: 4026
2026-08-03 19:41:58,540 INFO  [default]    inst rate: not used for this commodity code
2026-08-03 19:41:58,540 INFO  [default] commodity code: 7 - Present energy storage/take capacity (W-hr)
2026-08-03 19:41:58,541 INFO  [default]            source: Estimated
2026-08-03 19:41:58,541 INFO  [default]   cumulative: 0
2026-08-03 19:41:58,541 INFO  [default]    inst rate: not used for this commodity code
2026-08-03 19:41:58,730 INFO  [default] link ACK received: query_operational_state
2026-08-03 19:41:58,842 INFO  [default] operational state received: 4

Press Enter for a list of commands
1785811378,o,0 (PASSED!)
outside communication found
2026-08-03 19:42:59,056 INFO  [default] link ACK received: outside_communication
2026-08-03 19:42:59,152 INFO  [default] app ack received
2026-08-03 19:42:59,344 INFO  [default] link ACK received: get_commodity
2026-08-03 19:42:59,472 INFO  [default] message type supported received: 2
2026-08-03 19:42:59,472 INFO  [default] commodity response received. response code: 0 - success; count: 3
2026-08-03 19:42:59,472 INFO  [default] commodity code: 0 - Electricity consumed (W & W-hr)
2026-08-03 19:42:59,472 INFO  [default]            source: Estimated
2026-08-03 19:42:59,473 INFO  [default]   cumulative: 189
2026-08-03 19:42:59,473 INFO  [default]    inst rate: 0
2026-08-03 19:42:59,473 INFO  [default] commodity code: 6 - Total energy storage/take capacity (W-hr)
2026-08-03 19:42:59,473 INFO  [default]            source: Estimated
2026-08-03 19:42:59,473 INFO  [default]   cumulative: 4026
2026-08-03 19:42:59,473 INFO  [default]    inst rate: not used for this commodity code
2026-08-03 19:42:59,473 INFO  [default] commodity code: 7 - Present energy storage/take capacity (W-hr)
2026-08-03 19:42:59,473 INFO  [default]            source: Estimated
2026-08-03 19:42:59,474 INFO  [default]   cumulative: 0
2026-08-03 19:42:59,474 INFO  [default]    inst rate: not used for this commodity code
2026-08-03 19:42:59,664 INFO  [default] link ACK received: query_operational_state
2026-08-03 19:42:59,760 INFO  [default] operational state received: 4

Press Enter for a list of commands
1785811393,e,0 (PASSED!)
2026-08-03 19:43:13,885 INFO  [default] link ACK received: run_normal
2026-08-03 19:43:13,981 INFO  [default] app ack received
endshedding
2026-08-03 19:43:59,157 INFO  [default] link ACK received: get_commodity
2026-08-03 19:43:59,285 INFO  [default] message type supported received: 2
2026-08-03 19:43:59,285 INFO  [default] commodity response received. response code: 0 - success; count: 3
2026-08-03 19:43:59,286 INFO  [default] commodity code: 0 - Electricity consumed (W & W-hr)
2026-08-03 19:43:59,286 INFO  [default]            source: Estimated
2026-08-03 19:43:59,286 INFO  [default]   cumulative: 189
2026-08-03 19:43:59,286 INFO  [default]    inst rate: 0
2026-08-03 19:43:59,286 INFO  [default] commodity code: 6 - Total energy storage/take capacity (W-hr)
2026-08-03 19:43:59,286 INFO  [default]            source: Estimated
2026-08-03 19:43:59,286 INFO  [default]   cumulative: 4026
2026-08-03 19:43:59,287 INFO  [default]    inst rate: not used for this commodity code
2026-08-03 19:43:59,287 INFO  [default] commodity code: 7 - Present energy storage/take capacity (W-hr)
2026-08-03 19:43:59,287 INFO  [default]            source: Estimated
2026-08-03 19:43:59,287 INFO  [default]   cumulative: 0
2026-08-03 19:43:59,287 INFO  [default]    inst rate: not used for this commodity code
2026-08-03 19:43:59,477 INFO  [default] link ACK received: query_operational_state
2026-08-03 19:43:59,573 INFO  [default] operational state received: 0

Press Enter for a list of commands
2026-08-03 19:44:58,779 INFO  [default] link ACK received: get_commodity
2026-08-03 19:44:58,907 INFO  [default] message type supported received: 2
2026-08-03 19:44:58,907 INFO  [default] commodity response received. response code: 0 - success; count: 3
2026-08-03 19:44:58,907 INFO  [default] commodity code: 0 - Electricity consumed (W & W-hr)
2026-08-03 19:44:58,908 INFO  [default]            source: Estimated
2026-08-03 19:44:58,908 INFO  [default]   cumulative: 189
2026-08-03 19:44:58,908 INFO  [default]    inst rate: 0
2026-08-03 19:44:58,908 INFO  [default] commodity code: 6 - Total energy storage/take capacity (W-hr)
2026-08-03 19:44:58,908 INFO  [default]            source: Estimated
2026-08-03 19:44:58,908 INFO  [default]   cumulative: 4026
2026-08-03 19:44:58,908 INFO  [default]    inst rate: not used for this commodity code
2026-08-03 19:44:58,908 INFO  [default] commodity code: 7 - Present energy storage/take capacity (W-hr)
2026-08-03 19:44:58,909 INFO  [default]            source: Estimated
2026-08-03 19:44:58,909 INFO  [default]   cumulative: 0
2026-08-03 19:44:58,909 INFO  [default]    inst rate: not used for this commodity code
2026-08-03 19:44:59,099 INFO  [default] link ACK received: query_operational_state
2026-08-03 19:44:59,210 INFO  [default] operational state received: 0

Press Enter for a list of commands
2026-08-03 19:45:58,416 INFO  [default] link ACK received: get_commodity
2026-08-03 19:45:58,544 INFO  [default] message type supported received: 2
2026-08-03 19:45:58,544 INFO  [default] commodity response received. response code: 0 - success; count: 3
2026-08-03 19:45:58,545 INFO  [default] commodity code: 0 - Electricity consumed (W & W-hr)
2026-08-03 19:45:58,545 INFO  [default]            source: Estimated
2026-08-03 19:45:58,545 INFO  [default]   cumulative: 189
2026-08-03 19:45:58,545 INFO  [default]    inst rate: 0
2026-08-03 19:45:58,545 INFO  [default] commodity code: 6 - Total energy storage/take capacity (W-hr)
2026-08-03 19:45:58,545 INFO  [default]            source: Estimated
2026-08-03 19:45:58,545 INFO  [default]   cumulative: 4026
2026-08-03 19:45:58,546 INFO  [default]    inst rate: not used for this commodity code
2026-08-03 19:45:58,546 INFO  [default] commodity code: 7 - Present energy storage/take capacity (W-hr)
2026-08-03 19:45:58,546 INFO  [default]            source: Estimated
2026-08-03 19:45:58,546 INFO  [default]   cumulative: 0
2026-08-03 19:45:58,546 INFO  [default]    inst rate: not used for this commodity code
2026-08-03 19:45:58,736 INFO  [default] link ACK received: query_operational_state
2026-08-03 19:45:58,832 INFO  [default] operational state received: 0

Press Enter for a list of commands
2026-08-03 19:46:59,045 INFO  [default] link ACK received: get_commodity
2026-08-03 19:46:59,173 INFO  [default] message type supported received: 2
2026-08-03 19:46:59,174 INFO  [default] commodity response received. response code: 0 - success; count: 3
2026-08-03 19:46:59,174 INFO  [default] commodity code: 0 - Electricity consumed (W & W-hr)
2026-08-03 19:46:59,174 INFO  [default]            source: Estimated
2026-08-03 19:46:59,174 INFO  [default]   cumulative: 189
2026-08-03 19:46:59,175 INFO  [default]    inst rate: 0
2026-08-03 19:46:59,175 INFO  [default] commodity code: 6 - Total energy storage/take capacity (W-hr)
2026-08-03 19:46:59,175 INFO  [default]            source: Estimated
2026-08-03 19:46:59,175 INFO  [default]   cumulative: 4026
2026-08-03 19:46:59,175 INFO  [default]    inst rate: not used for this commodity code
2026-08-03 19:46:59,175 INFO  [default] commodity code: 7 - Present energy storage/take capacity (W-hr)
2026-08-03 19:46:59,175 INFO  [default]            source: Estimated
2026-08-03 19:46:59,175 INFO  [default]   cumulative: 0
2026-08-03 19:46:59,176 INFO  [default]    inst rate: not used for this commodity code
2026-08-03 19:46:59,365 INFO  [default] link ACK received: query_operational_state
2026-08-03 19:46:59,477 INFO  [default] operational state received: 0

Press Enter for a list of commands
1785811648,o,0 (PASSED!)
outside communication found
2026-08-03 19:47:28,624 INFO  [default] link ACK received: outside_communication
2026-08-03 19:47:28,736 INFO  [default] app ack received
2026-08-03 19:47:58,875 INFO  [default] link ACK received: get_commodity
2026-08-03 19:47:59,003 INFO  [default] message type supported received: 2
2026-08-03 19:47:59,003 INFO  [default] commodity response received. response code: 0 - success; count: 3
2026-08-03 19:47:59,003 INFO  [default] commodity code: 0 - Electricity consumed (W & W-hr)
2026-08-03 19:47:59,004 INFO  [default]            source: Estimated
2026-08-03 19:47:59,004 INFO  [default]   cumulative: 189
2026-08-03 19:47:59,004 INFO  [default]    inst rate: 0
2026-08-03 19:47:59,004 INFO  [default] commodity code: 6 - Total energy storage/take capacity (W-hr)
2026-08-03 19:47:59,004 INFO  [default]            source: Estimated
2026-08-03 19:47:59,004 INFO  [default]   cumulative: 4026
2026-08-03 19:47:59,004 INFO  [default]    inst rate: not used for this commodity code
2026-08-03 19:47:59,004 INFO  [default] commodity code: 7 - Present energy storage/take capacity (W-hr)
2026-08-03 19:47:59,005 INFO  [default]            source: Estimated
2026-08-03 19:47:59,005 INFO  [default]   cumulative: 0
2026-08-03 19:47:59,005 INFO  [default]    inst rate: not used for this commodity code
2026-08-03 19:47:59,195 INFO  [default] link ACK received: query_operational_state
2026-08-03 19:47:59,307 INFO  [default] operational state received: 0

Press Enter for a list of commands
2026-08-03 19:48:58,512 INFO  [default] link ACK received: get_commodity
2026-08-03 19:48:58,640 INFO  [default] message type supported received: 2
2026-08-03 19:48:58,640 INFO  [default] commodity response received. response code: 0 - success; count: 3
2026-08-03 19:48:58,641 INFO  [default] commodity code: 0 - Electricity consumed (W & W-hr)
2026-08-03 19:48:58,641 INFO  [default]            source: Estimated
2026-08-03 19:48:58,641 INFO  [default]   cumulative: 189
2026-08-03 19:48:58,641 INFO  [default]    inst rate: 0
2026-08-03 19:48:58,641 INFO  [default] commodity code: 6 - Total energy storage/take capacity (W-hr)
2026-08-03 19:48:58,641 INFO  [default]            source: Estimated
2026-08-03 19:48:58,642 INFO  [default]   cumulative: 4026
2026-08-03 19:48:58,642 INFO  [default]    inst rate: not used for this commodity code
2026-08-03 19:48:58,642 INFO  [default] commodity code: 7 - Present energy storage/take capacity (W-hr)
2026-08-03 19:48:58,642 INFO  [default]            source: Estimated
2026-08-03 19:48:58,642 INFO  [default]   cumulative: 0
2026-08-03 19:48:58,642 INFO  [default]    inst rate: not used for this commodity code
2026-08-03 19:48:58,832 INFO  [default] link ACK received: query_operational_state
2026-08-03 19:48:58,928 INFO  [default] operational state received: 0

Press Enter for a list of commands
2026-08-03 19:49:59,125 INFO  [default] link ACK received: get_commodity
2026-08-03 19:49:59,253 INFO  [default] message type supported received: 2
2026-08-03 19:49:59,254 INFO  [default] commodity response received. response code: 0 - success; count: 3
2026-08-03 19:49:59,254 INFO  [default] commodity code: 0 - Electricity consumed (W & W-hr)
2026-08-03 19:49:59,254 INFO  [default]            source: Estimated
2026-08-03 19:49:59,254 INFO  [default]   cumulative: 189
2026-08-03 19:49:59,254 INFO  [default]    inst rate: 0
2026-08-03 19:49:59,255 INFO  [default] commodity code: 6 - Total energy storage/take capacity (W-hr)
2026-08-03 19:49:59,255 INFO  [default]            source: Estimated
2026-08-03 19:49:59,255 INFO  [default]   cumulative: 4026
2026-08-03 19:49:59,255 INFO  [default]    inst rate: not used for this commodity code
2026-08-03 19:49:59,255 INFO  [default] commodity code: 7 - Present energy storage/take capacity (W-hr)
2026-08-03 19:49:59,255 INFO  [default]            source: Estimated
2026-08-03 19:49:59,255 INFO  [default]   cumulative: 0
2026-08-03 19:49:59,256 INFO  [default]    inst rate: not used for this commodity code
2026-08-03 19:49:59,445 INFO  [default] link ACK received: query_operational_state
2026-08-03 19:49:59,557 INFO  [default] operational state received: 0

Press Enter for a list of commands
2026-08-03 19:50:58,763 INFO  [default] link ACK received: get_commodity
2026-08-03 19:50:58,891 INFO  [default] message type supported received: 2
2026-08-03 19:50:58,891 INFO  [default] commodity response received. response code: 0 - success; count: 3
2026-08-03 19:50:58,892 INFO  [default] commodity code: 0 - Electricity consumed (W & W-hr)
2026-08-03 19:50:58,892 INFO  [default]            source: Estimated
2026-08-03 19:50:58,892 INFO  [default]   cumulative: 189
2026-08-03 19:50:58,892 INFO  [default]    inst rate: 0
2026-08-03 19:50:58,892 INFO  [default] commodity code: 6 - Total energy storage/take capacity (W-hr)
2026-08-03 19:50:58,892 INFO  [default]            source: Estimated
2026-08-03 19:50:58,892 INFO  [default]   cumulative: 4026
2026-08-03 19:50:58,893 INFO  [default]    inst rate: not used for this commodity code
2026-08-03 19:50:58,893 INFO  [default] commodity code: 7 - Present energy storage/take capacity (W-hr)
2026-08-03 19:50:58,893 INFO  [default]            source: Estimated
2026-08-03 19:50:58,893 INFO  [default]   cumulative: 0
2026-08-03 19:50:58,893 INFO  [default]    inst rate: not used for this commodity code
2026-08-03 19:50:59,083 INFO  [default] link ACK received: query_operational_state
2026-08-03 19:50:59,195 INFO  [default] operational state received: 0

Press Enter for a list of commands
2026-08-03 19:51:58,400 INFO  [default] link ACK received: get_commodity
2026-08-03 19:51:58,528 INFO  [default] message type supported received: 2
2026-08-03 19:51:58,529 INFO  [default] commodity response received. response code: 0 - success; count: 3
2026-08-03 19:51:58,529 INFO  [default] commodity code: 0 - Electricity consumed (W & W-hr)
2026-08-03 19:51:58,529 INFO  [default]            source: Estimated
2026-08-03 19:51:58,529 INFO  [default]   cumulative: 189
2026-08-03 19:51:58,529 INFO  [default]    inst rate: 0
2026-08-03 19:51:58,530 INFO  [default] commodity code: 6 - Total energy storage/take capacity (W-hr)
2026-08-03 19:51:58,530 INFO  [default]            source: Estimated
2026-08-03 19:51:58,530 INFO  [default]   cumulative: 4026
2026-08-03 19:51:58,530 INFO  [default]    inst rate: not used for this commodity code
2026-08-03 19:51:58,530 INFO  [default] commodity code: 7 - Present energy storage/take capacity (W-hr)
2026-08-03 19:51:58,530 INFO  [default]            source: Estimated
2026-08-03 19:51:58,530 INFO  [default]   cumulative: 0
2026-08-03 19:51:58,530 INFO  [default]    inst rate: not used for this commodity code
2026-08-03 19:51:58,720 INFO  [default] link ACK received: query_operational_state
2026-08-03 19:51:58,832 INFO  [default] operational state received: 0

Press Enter for a list of commands
2026-08-03 19:52:59,046 INFO  [default] link ACK received: get_commodity
2026-08-03 19:52:59,158 INFO  [default] message type supported received: 2
2026-08-03 19:52:59,158 INFO  [default] commodity response received. response code: 0 - success; count: 3
2026-08-03 19:52:59,158 INFO  [default] commodity code: 0 - Electricity consumed (W & W-hr)
2026-08-03 19:52:59,158 INFO  [default]            source: Estimated
2026-08-03 19:52:59,159 INFO  [default]   cumulative: 189
2026-08-03 19:52:59,159 INFO  [default]    inst rate: 0
2026-08-03 19:52:59,159 INFO  [default] commodity code: 6 - Total energy storage/take capacity (W-hr)
2026-08-03 19:52:59,159 INFO  [default]            source: Estimated
2026-08-03 19:52:59,159 INFO  [default]   cumulative: 4026
2026-08-03 19:52:59,159 INFO  [default]    inst rate: not used for this commodity code
2026-08-03 19:52:59,159 INFO  [default] commodity code: 7 - Present energy storage/take capacity (W-hr)
2026-08-03 19:52:59,159 INFO  [default]            source: Estimated
2026-08-03 19:52:59,160 INFO  [default]   cumulative: 0
2026-08-03 19:52:59,160 INFO  [default]    inst rate: not used for this commodity code
2026-08-03 19:52:59,350 INFO  [default] link ACK received: query_operational_state
2026-08-03 19:52:59,462 INFO  [default] operational state received: 0

Press Enter for a list of commands
2026-08-03 19:53:58,667 INFO  [default] link ACK received: get_commodity
2026-08-03 19:53:58,795 INFO  [default] message type supported received: 2
2026-08-03 19:53:58,796 INFO  [default] commodity response received. response code: 0 - success; count: 3
2026-08-03 19:53:58,796 INFO  [default] commodity code: 0 - Electricity consumed (W & W-hr)
2026-08-03 19:53:58,796 INFO  [default]            source: Estimated
2026-08-03 19:53:58,796 INFO  [default]   cumulative: 189
2026-08-03 19:53:58,796 INFO  [default]    inst rate: 0
2026-08-03 19:53:58,797 INFO  [default] commodity code: 6 - Total energy storage/take capacity (W-hr)
2026-08-03 19:53:58,797 INFO  [default]            source: Estimated
2026-08-03 19:53:58,797 INFO  [default]   cumulative: 4026
2026-08-03 19:53:58,797 INFO  [default]    inst rate: not used for this commodity code
2026-08-03 19:53:58,797 INFO  [default] commodity code: 7 - Present energy storage/take capacity (W-hr)
2026-08-03 19:53:58,797 INFO  [default]            source: Estimated
2026-08-03 19:53:58,797 INFO  [default]   cumulative: 0
2026-08-03 19:53:58,797 INFO  [default]    inst rate: not used for this commodity code
2026-08-03 19:53:58,987 INFO  [default] link ACK received: query_operational_state
2026-08-03 19:53:59,099 INFO  [default] operational state received: 0

Press Enter for a list of commands
2026-08-03 19:54:58,305 INFO  [default] link ACK received: get_commodity
2026-08-03 19:54:58,433 INFO  [default] message type supported received: 2
2026-08-03 19:54:58,433 INFO  [default] commodity response received. response code: 0 - success; count: 3
2026-08-03 19:54:58,434 INFO  [default] commodity code: 0 - Electricity consumed (W & W-hr)
2026-08-03 19:54:58,434 INFO  [default]            source: Estimated
2026-08-03 19:54:58,434 INFO  [default]   cumulative: 189
2026-08-03 19:54:58,434 INFO  [default]    inst rate: 0
2026-08-03 19:54:58,434 INFO  [default] commodity code: 6 - Total energy storage/take capacity (W-hr)
2026-08-03 19:54:58,434 INFO  [default]            source: Estimated
2026-08-03 19:54:58,434 INFO  [default]   cumulative: 4026
2026-08-03 19:54:58,434 INFO  [default]    inst rate: not used for this commodity code
2026-08-03 19:54:58,435 INFO  [default] commodity code: 7 - Present energy storage/take capacity (W-hr)
2026-08-03 19:54:58,435 INFO  [default]            source: Estimated
2026-08-03 19:54:58,435 INFO  [default]   cumulative: 0
2026-08-03 19:54:58,435 INFO  [default]    inst rate: not used for this commodity code
2026-08-03 19:54:58,625 INFO  [default] link ACK received: query_operational_state
2026-08-03 19:54:58,721 INFO  [default] operational state received: 0

Press Enter for a list of commands
2026-08-03 19:55:58,934 INFO  [default] link ACK received: get_commodity
2026-08-03 19:55:59,046 INFO  [default] message type supported received: 2
2026-08-03 19:55:59,047 INFO  [default] commodity response received. response code: 0 - success; count: 3
2026-08-03 19:55:59,047 INFO  [default] commodity code: 0 - Electricity consumed (W & W-hr)
2026-08-03 19:55:59,047 INFO  [default]            source: Estimated
2026-08-03 19:55:59,047 INFO  [default]   cumulative: 189
2026-08-03 19:55:59,047 INFO  [default]    inst rate: 0
2026-08-03 19:55:59,048 INFO  [default] commodity code: 6 - Total energy storage/take capacity (W-hr)
2026-08-03 19:55:59,048 INFO  [default]            source: Estimated
2026-08-03 19:55:59,048 INFO  [default]   cumulative: 4026
2026-08-03 19:55:59,048 INFO  [default]    inst rate: not used for this commodity code
2026-08-03 19:55:59,048 INFO  [default] commodity code: 7 - Present energy storage/take capacity (W-hr)
2026-08-03 19:55:59,048 INFO  [default]            source: Estimated
2026-08-03 19:55:59,048 INFO  [default]   cumulative: 0
2026-08-03 19:55:59,048 INFO  [default]    inst rate: not used for this commodity code
2026-08-03 19:55:59,238 INFO  [default] link ACK received: query_operational_state
2026-08-03 19:55:59,350 INFO  [default] operational state received: 0

Press Enter for a list of commands
2026-08-03 19:56:58,556 INFO  [default] link ACK received: get_commodity
2026-08-03 19:56:58,684 INFO  [default] message type supported received: 2
2026-08-03 19:56:58,684 INFO  [default] commodity response received. response code: 0 - success; count: 3
2026-08-03 19:56:58,685 INFO  [default] commodity code: 0 - Electricity consumed (W & W-hr)
2026-08-03 19:56:58,685 INFO  [default]            source: Estimated
2026-08-03 19:56:58,685 INFO  [default]   cumulative: 189
2026-08-03 19:56:58,685 INFO  [default]    inst rate: 0
2026-08-03 19:56:58,685 INFO  [default] commodity code: 6 - Total energy storage/take capacity (W-hr)
2026-08-03 19:56:58,685 INFO  [default]            source: Estimated
2026-08-03 19:56:58,686 INFO  [default]   cumulative: 4026
2026-08-03 19:56:58,686 INFO  [default]    inst rate: not used for this commodity code
2026-08-03 19:56:58,686 INFO  [default] commodity code: 7 - Present energy storage/take capacity (W-hr)
2026-08-03 19:56:58,686 INFO  [default]            source: Estimated
2026-08-03 19:56:58,686 INFO  [default]   cumulative: 0
2026-08-03 19:56:58,686 INFO  [default]    inst rate: not used for this commodity code
2026-08-03 19:56:58,876 INFO  [default] link ACK received: query_operational_state
2026-08-03 19:56:58,972 INFO  [default] operational state received: 0

Press Enter for a list of commands
2026-08-03 19:57:59,185 INFO  [default] link ACK received: get_commodity
2026-08-03 19:57:59,297 INFO  [default] message type supported received: 2
2026-08-03 19:57:59,298 INFO  [default] commodity response received. response code: 0 - success; count: 3
2026-08-03 19:57:59,298 INFO  [default] commodity code: 0 - Electricity consumed (W & W-hr)
2026-08-03 19:57:59,298 INFO  [default]            source: Estimated
2026-08-03 19:57:59,298 INFO  [default]   cumulative: 189
2026-08-03 19:57:59,298 INFO  [default]    inst rate: 0
2026-08-03 19:57:59,299 INFO  [default] commodity code: 6 - Total energy storage/take capacity (W-hr)
2026-08-03 19:57:59,299 INFO  [default]            source: Estimated
2026-08-03 19:57:59,299 INFO  [default]   cumulative: 4026
2026-08-03 19:57:59,299 INFO  [default]    inst rate: not used for this commodity code
2026-08-03 19:57:59,299 INFO  [default] commodity code: 7 - Present energy storage/take capacity (W-hr)
2026-08-03 19:57:59,299 INFO  [default]            source: Estimated
2026-08-03 19:57:59,299 INFO  [default]   cumulative: 0
2026-08-03 19:57:59,299 INFO  [default]    inst rate: not used for this commodity code
2026-08-03 19:57:59,489 INFO  [default] link ACK received: query_operational_state
2026-08-03 19:57:59,585 INFO  [default] operational state received: 0

Press Enter for a list of commands
2026-08-03 19:58:58,791 INFO  [default] link ACK received: get_commodity
2026-08-03 19:58:58,919 INFO  [default] message type supported received: 2
2026-08-03 19:58:58,919 INFO  [default] commodity response received. response code: 0 - success; count: 3
2026-08-03 19:58:58,920 INFO  [default] commodity code: 0 - Electricity consumed (W & W-hr)
2026-08-03 19:58:58,920 INFO  [default]            source: Estimated
2026-08-03 19:58:58,920 INFO  [default]   cumulative: 189
2026-08-03 19:58:58,920 INFO  [default]    inst rate: 0
2026-08-03 19:58:58,920 INFO  [default] commodity code: 6 - Total energy storage/take capacity (W-hr)
2026-08-03 19:58:58,920 INFO  [default]            source: Estimated
2026-08-03 19:58:58,920 INFO  [default]   cumulative: 4026
2026-08-03 19:58:58,921 INFO  [default]    inst rate: not used for this commodity code
2026-08-03 19:58:58,921 INFO  [default] commodity code: 7 - Present energy storage/take capacity (W-hr)
2026-08-03 19:58:58,921 INFO  [default]            source: Estimated
2026-08-03 19:58:58,921 INFO  [default]   cumulative: 0
2026-08-03 19:58:58,921 INFO  [default]    inst rate: not used for this commodity code
2026-08-03 19:58:59,111 INFO  [default] link ACK received: query_operational_state
2026-08-03 19:58:59,223 INFO  [default] operational state received: 0

Press Enter for a list of commands
2026-08-03 19:59:58,429 INFO  [default] link ACK received: get_commodity
2026-08-03 19:59:58,557 INFO  [default] message type supported received: 2
2026-08-03 19:59:58,557 INFO  [default] commodity response received. response code: 0 - success; count: 3
2026-08-03 19:59:58,557 INFO  [default] commodity code: 0 - Electricity consumed (W & W-hr)
2026-08-03 19:59:58,557 INFO  [default]            source: Estimated
2026-08-03 19:59:58,557 INFO  [default]   cumulative: 189
2026-08-03 19:59:58,558 INFO  [default]    inst rate: 0
2026-08-03 19:59:58,558 INFO  [default] commodity code: 6 - Total energy storage/take capacity (W-hr)
2026-08-03 19:59:58,558 INFO  [default]            source: Estimated
2026-08-03 19:59:58,558 INFO  [default]   cumulative: 4026
2026-08-03 19:59:58,558 INFO  [default]    inst rate: not used for this commodity code
2026-08-03 19:59:58,558 INFO  [default] commodity code: 7 - Present energy storage/take capacity (W-hr)
2026-08-03 19:59:58,558 INFO  [default]            source: Estimated
2026-08-03 19:59:58,558 INFO  [default]   cumulative: 0
2026-08-03 19:59:58,559 INFO  [default]    inst rate: not used for this commodity code
2026-08-03 19:59:58,749 INFO  [default] link ACK received: query_operational_state
2026-08-03 19:59:58,861 INFO  [default] operational state received: 0

Press Enter for a list of commands
1785812458,o,0 (PASSED!)
outside communication found
2026-08-03 20:00:59,074 INFO  [default] link ACK received: outside_communication
2026-08-03 20:00:59,170 INFO  [default] app ack received
2026-08-03 20:00:59,362 INFO  [default] link ACK received: get_commodity
2026-08-03 20:00:59,490 INFO  [default] message type supported received: 2
2026-08-03 20:00:59,490 INFO  [default] commodity response received. response code: 0 - success; count: 3
2026-08-03 20:00:59,491 INFO  [default] commodity code: 0 - Electricity consumed (W & W-hr)
2026-08-03 20:00:59,491 INFO  [default]            source: Estimated
2026-08-03 20:00:59,491 INFO  [default]   cumulative: 189
2026-08-03 20:00:59,491 INFO  [default]    inst rate: 0
2026-08-03 20:00:59,491 INFO  [default] commodity code: 6 - Total energy storage/take capacity (W-hr)
2026-08-03 20:00:59,491 INFO  [default]            source: Estimated
2026-08-03 20:00:59,491 INFO  [default]   cumulative: 4026
2026-08-03 20:00:59,492 INFO  [default]    inst rate: not used for this commodity code
2026-08-03 20:00:59,492 INFO  [default] commodity code: 7 - Present energy storage/take capacity (W-hr)
2026-08-03 20:00:59,492 INFO  [default]            source: Estimated
2026-08-03 20:00:59,492 INFO  [default]   cumulative: 0
2026-08-03 20:00:59,492 INFO  [default]    inst rate: not used for this commodity code
2026-08-03 20:00:59,682 INFO  [default] link ACK received: query_operational_state
2026-08-03 20:00:59,778 INFO  [default] operational state received: 0

Press Enter for a list of commands
2026-08-03 20:01:58,983 INFO  [default] link ACK received: get_commodity
2026-08-03 20:01:59,111 INFO  [default] message type supported received: 2
2026-08-03 20:01:59,112 INFO  [default] commodity response received. response code: 0 - success; count: 3
2026-08-03 20:01:59,112 INFO  [default] commodity code: 0 - Electricity consumed (W & W-hr)
2026-08-03 20:01:59,112 INFO  [default]            source: Estimated
2026-08-03 20:01:59,112 INFO  [default]   cumulative: 189
2026-08-03 20:01:59,113 INFO  [default]    inst rate: 0
2026-08-03 20:01:59,113 INFO  [default] commodity code: 6 - Total energy storage/take capacity (W-hr)
2026-08-03 20:01:59,113 INFO  [default]            source: Estimated
2026-08-03 20:01:59,113 INFO  [default]   cumulative: 4026
2026-08-03 20:01:59,113 INFO  [default]    inst rate: not used for this commodity code
2026-08-03 20:01:59,113 INFO  [default] commodity code: 7 - Present energy storage/take capacity (W-hr)
2026-08-03 20:01:59,113 INFO  [default]            source: Estimated
2026-08-03 20:01:59,113 INFO  [default]   cumulative: 0
2026-08-03 20:01:59,114 INFO  [default]    inst rate: not used for this commodity code
2026-08-03 20:01:59,303 INFO  [default] link ACK received: query_operational_state
2026-08-03 20:01:59,415 INFO  [default] operational state received: 0

Press Enter for a list of commands
2026-08-03 20:02:58,621 INFO  [default] link ACK received: get_commodity
2026-08-03 20:02:58,749 INFO  [default] message type supported received: 2
2026-08-03 20:02:58,749 INFO  [default] commodity response received. response code: 0 - success; count: 3
2026-08-03 20:02:58,750 INFO  [default] commodity code: 0 - Electricity consumed (W & W-hr)
2026-08-03 20:02:58,750 INFO  [default]            source: Estimated
2026-08-03 20:02:58,750 INFO  [default]   cumulative: 189
2026-08-03 20:02:58,750 INFO  [default]    inst rate: 0
2026-08-03 20:02:58,750 INFO  [default] commodity code: 6 - Total energy storage/take capacity (W-hr)
2026-08-03 20:02:58,750 INFO  [default]            source: Estimated
2026-08-03 20:02:58,750 INFO  [default]   cumulative: 4026
2026-08-03 20:02:58,751 INFO  [default]    inst rate: not used for this commodity code
2026-08-03 20:02:58,751 INFO  [default] commodity code: 7 - Present energy storage/take capacity (W-hr)
2026-08-03 20:02:58,751 INFO  [default]            source: Estimated
2026-08-03 20:02:58,751 INFO  [default]   cumulative: 0
2026-08-03 20:02:58,751 INFO  [default]    inst rate: not used for this commodity code
2026-08-03 20:02:58,941 INFO  [default] link ACK received: query_operational_state
2026-08-03 20:02:59,053 INFO  [default] operational state received: 0

Press Enter for a list of commands
2026-08-03 20:03:59,266 INFO  [default] link ACK received: get_commodity
2026-08-03 20:03:59,394 INFO  [default] message type supported received: 2
2026-08-03 20:03:59,395 INFO  [default] commodity response received. response code: 0 - success; count: 3
2026-08-03 20:03:59,395 INFO  [default] commodity code: 0 - Electricity consumed (W & W-hr)
2026-08-03 20:03:59,395 INFO  [default]            source: Estimated
2026-08-03 20:03:59,396 INFO  [default]   cumulative: 189
2026-08-03 20:03:59,396 INFO  [default]    inst rate: 0
2026-08-03 20:03:59,396 INFO  [default] commodity code: 6 - Total energy storage/take capacity (W-hr)
2026-08-03 20:03:59,396 INFO  [default]            source: Estimated
2026-08-03 20:03:59,396 INFO  [default]   cumulative: 4026
2026-08-03 20:03:59,396 INFO  [default]    inst rate: not used for this commodity code
2026-08-03 20:03:59,396 INFO  [default] commodity code: 7 - Present energy storage/take capacity (W-hr)
2026-08-03 20:03:59,396 INFO  [default]            source: Estimated
2026-08-03 20:03:59,396 INFO  [default]   cumulative: 0
2026-08-03 20:03:59,397 INFO  [default]    inst rate: not used for this commodity code
2026-08-03 20:03:59,586 INFO  [default] link ACK received: query_operational_state
2026-08-03 20:03:59,698 INFO  [default] operational state received: 0

Press Enter for a list of commands
2026-08-03 20:04:58,904 INFO  [default] link ACK received: get_commodity
2026-08-03 20:04:59,032 INFO  [default] message type supported received: 2
2026-08-03 20:04:59,032 INFO  [default] commodity response received. response code: 0 - success; count: 3
2026-08-03 20:04:59,032 INFO  [default] commodity code: 0 - Electricity consumed (W & W-hr)
2026-08-03 20:04:59,033 INFO  [default]            source: Estimated
2026-08-03 20:04:59,033 INFO  [default]   cumulative: 189
2026-08-03 20:04:59,033 INFO  [default]    inst rate: 0
2026-08-03 20:04:59,033 INFO  [default] commodity code: 6 - Total energy storage/take capacity (W-hr)
2026-08-03 20:04:59,033 INFO  [default]            source: Estimated
2026-08-03 20:04:59,033 INFO  [default]   cumulative: 4026
2026-08-03 20:04:59,033 INFO  [default]    inst rate: not used for this commodity code
2026-08-03 20:04:59,033 INFO  [default] commodity code: 7 - Present energy storage/take capacity (W-hr)
2026-08-03 20:04:59,034 INFO  [default]            source: Estimated
2026-08-03 20:04:59,034 INFO  [default]   cumulative: 0
2026-08-03 20:04:59,034 INFO  [default]    inst rate: not used for this commodity code
2026-08-03 20:04:59,224 INFO  [default] link ACK received: query_operational_state
2026-08-03 20:04:59,336 INFO  [default] operational state received: 0

Press Enter for a list of commands
2026-08-03 20:05:58,541 INFO  [default] link ACK received: get_commodity
2026-08-03 20:05:58,669 INFO  [default] message type supported received: 2
2026-08-03 20:05:58,670 INFO  [default] commodity response received. response code: 0 - success; count: 3
2026-08-03 20:05:58,670 INFO  [default] commodity code: 0 - Electricity consumed (W & W-hr)
2026-08-03 20:05:58,670 INFO  [default]            source: Estimated
2026-08-03 20:05:58,670 INFO  [default]   cumulative: 189
2026-08-03 20:05:58,671 INFO  [default]    inst rate: 0
2026-08-03 20:05:58,671 INFO  [default] commodity code: 6 - Total energy storage/take capacity (W-hr)
2026-08-03 20:05:58,671 INFO  [default]            source: Estimated
2026-08-03 20:05:58,671 INFO  [default]   cumulative: 4026
2026-08-03 20:05:58,671 INFO  [default]    inst rate: not used for this commodity code
2026-08-03 20:05:58,671 INFO  [default] commodity code: 7 - Present energy storage/take capacity (W-hr)
2026-08-03 20:05:58,671 INFO  [default]            source: Estimated
2026-08-03 20:05:58,672 INFO  [default]   cumulative: 0
2026-08-03 20:05:58,672 INFO  [default]    inst rate: not used for this commodity code
2026-08-03 20:05:58,861 INFO  [default] link ACK received: query_operational_state
2026-08-03 20:05:58,973 INFO  [default] operational state received: 0

Press Enter for a list of commands
2026-08-03 20:06:59,187 INFO  [default] link ACK received: get_commodity
2026-08-03 20:06:59,299 INFO  [default] message type supported received: 2
2026-08-03 20:06:59,299 INFO  [default] commodity response received. response code: 0 - success; count: 3
2026-08-03 20:06:59,300 INFO  [default] commodity code: 0 - Electricity consumed (W & W-hr)
2026-08-03 20:06:59,300 INFO  [default]            source: Estimated
2026-08-03 20:06:59,300 INFO  [default]   cumulative: 189
2026-08-03 20:06:59,300 INFO  [default]    inst rate: 0
2026-08-03 20:06:59,300 INFO  [default] commodity code: 6 - Total energy storage/take capacity (W-hr)
2026-08-03 20:06:59,300 INFO  [default]            source: Estimated
2026-08-03 20:06:59,300 INFO  [default]   cumulative: 4026
2026-08-03 20:06:59,300 INFO  [default]    inst rate: not used for this commodity code
2026-08-03 20:06:59,301 INFO  [default] commodity code: 7 - Present energy storage/take capacity (W-hr)
2026-08-03 20:06:59,301 INFO  [default]            source: Estimated
2026-08-03 20:06:59,301 INFO  [default]   cumulative: 0
2026-08-03 20:06:59,301 INFO  [default]    inst rate: not used for this commodity code
2026-08-03 20:06:59,491 INFO  [default] link ACK received: query_operational_state
2026-08-03 20:06:59,587 INFO  [default] operational state received: 0

Press Enter for a list of commands
2026-08-03 20:07:58,792 INFO  [default] link ACK received: get_commodity
2026-08-03 20:07:58,920 INFO  [default] message type supported received: 2
2026-08-03 20:07:58,921 INFO  [default] commodity response received. response code: 0 - success; count: 3
2026-08-03 20:07:58,921 INFO  [default] commodity code: 0 - Electricity consumed (W & W-hr)
2026-08-03 20:07:58,921 INFO  [default]            source: Estimated
2026-08-03 20:07:58,921 INFO  [default]   cumulative: 189
2026-08-03 20:07:58,921 INFO  [default]    inst rate: 0
2026-08-03 20:07:58,922 INFO  [default] commodity code: 6 - Total energy storage/take capacity (W-hr)
2026-08-03 20:07:58,922 INFO  [default]            source: Estimated
2026-08-03 20:07:58,922 INFO  [default]   cumulative: 4026
2026-08-03 20:07:58,922 INFO  [default]    inst rate: not used for this commodity code
2026-08-03 20:07:58,922 INFO  [default] commodity code: 7 - Present energy storage/take capacity (W-hr)
2026-08-03 20:07:58,922 INFO  [default]            source: Estimated
2026-08-03 20:07:58,922 INFO  [default]   cumulative: 0
2026-08-03 20:07:58,922 INFO  [default]    inst rate: not used for this commodity code
2026-08-03 20:07:59,112 INFO  [default] link ACK received: query_operational_state
2026-08-03 20:07:59,208 INFO  [default] operational state received: 0

Press Enter for a list of commands
2026-08-03 20:08:58,414 INFO  [default] link ACK received: get_commodity
2026-08-03 20:08:58,542 INFO  [default] message type supported received: 2
2026-08-03 20:08:58,542 INFO  [default] commodity response received. response code: 0 - success; count: 3
2026-08-03 20:08:58,542 INFO  [default] commodity code: 0 - Electricity consumed (W & W-hr)
2026-08-03 20:08:58,543 INFO  [default]            source: Estimated
2026-08-03 20:08:58,543 INFO  [default]   cumulative: 189
2026-08-03 20:08:58,543 INFO  [default]    inst rate: 0
2026-08-03 20:08:58,543 INFO  [default] commodity code: 6 - Total energy storage/take capacity (W-hr)
2026-08-03 20:08:58,543 INFO  [default]            source: Estimated
2026-08-03 20:08:58,543 INFO  [default]   cumulative: 4026
2026-08-03 20:08:58,543 INFO  [default]    inst rate: not used for this commodity code
2026-08-03 20:08:58,543 INFO  [default] commodity code: 7 - Present energy storage/take capacity (W-hr)
2026-08-03 20:08:58,544 INFO  [default]            source: Estimated
2026-08-03 20:08:58,544 INFO  [default]   cumulative: 0
2026-08-03 20:08:58,544 INFO  [default]    inst rate: not used for this commodity code
2026-08-03 20:08:58,734 INFO  [default] link ACK received: query_operational_state
2026-08-03 20:08:58,846 INFO  [default] operational state received: 0

Press Enter for a list of commands
2026-08-03 20:09:59,059 INFO  [default] link ACK received: get_commodity
2026-08-03 20:09:59,171 INFO  [default] message type supported received: 2
2026-08-03 20:09:59,171 INFO  [default] commodity response received. response code: 0 - success; count: 3
2026-08-03 20:09:59,172 INFO  [default] commodity code: 0 - Electricity consumed (W & W-hr)
2026-08-03 20:09:59,172 INFO  [default]            source: Estimated
2026-08-03 20:09:59,172 INFO  [default]   cumulative: 189
2026-08-03 20:09:59,172 INFO  [default]    inst rate: 0
2026-08-03 20:09:59,172 INFO  [default] commodity code: 6 - Total energy storage/take capacity (W-hr)
2026-08-03 20:09:59,173 INFO  [default]            source: Estimated
2026-08-03 20:09:59,173 INFO  [default]   cumulative: 4026
2026-08-03 20:09:59,173 INFO  [default]    inst rate: not used for this commodity code
2026-08-03 20:09:59,173 INFO  [default] commodity code: 7 - Present energy storage/take capacity (W-hr)
2026-08-03 20:09:59,173 INFO  [default]            source: Estimated
2026-08-03 20:09:59,173 INFO  [default]   cumulative: 0
2026-08-03 20:09:59,173 INFO  [default]    inst rate: not used for this commodity code
2026-08-03 20:09:59,363 INFO  [default] link ACK received: query_operational_state
2026-08-03 20:09:59,475 INFO  [default] operational state received: 0

Press Enter for a list of commands
2026-08-03 20:10:58,681 INFO  [default] link ACK received: get_commodity
2026-08-03 20:10:58,809 INFO  [default] message type supported received: 2
2026-08-03 20:10:58,809 INFO  [default] commodity response received. response code: 0 - success; count: 3
2026-08-03 20:10:58,809 INFO  [default] commodity code: 0 - Electricity consumed (W & W-hr)
2026-08-03 20:10:58,809 INFO  [default]            source: Estimated
2026-08-03 20:10:58,810 INFO  [default]   cumulative: 189
2026-08-03 20:10:58,810 INFO  [default]    inst rate: 0
2026-08-03 20:10:58,810 INFO  [default] commodity code: 6 - Total energy storage/take capacity (W-hr)
2026-08-03 20:10:58,810 INFO  [default]            source: Estimated
2026-08-03 20:10:58,810 INFO  [default]   cumulative: 4026
2026-08-03 20:10:58,810 INFO  [default]    inst rate: not used for this commodity code
2026-08-03 20:10:58,810 INFO  [default] commodity code: 7 - Present energy storage/take capacity (W-hr)
2026-08-03 20:10:58,810 INFO  [default]            source: Estimated
2026-08-03 20:10:58,811 INFO  [default]   cumulative: 0
2026-08-03 20:10:58,811 INFO  [default]    inst rate: not used for this commodity code
2026-08-03 20:10:59,001 INFO  [default] link ACK received: query_operational_state
2026-08-03 20:10:59,113 INFO  [default] operational state received: 0

Press Enter for a list of commands
2026-08-03 20:11:58,318 INFO  [default] link ACK received: get_commodity
2026-08-03 20:11:58,446 INFO  [default] message type supported received: 2
2026-08-03 20:11:58,446 INFO  [default] commodity response received. response code: 0 - success; count: 3
2026-08-03 20:11:58,447 INFO  [default] commodity code: 0 - Electricity consumed (W & W-hr)
2026-08-03 20:11:58,447 INFO  [default]            source: Estimated
2026-08-03 20:11:58,447 INFO  [default]   cumulative: 189
2026-08-03 20:11:58,447 INFO  [default]    inst rate: 0
2026-08-03 20:11:58,447 INFO  [default] commodity code: 6 - Total energy storage/take capacity (W-hr)
2026-08-03 20:11:58,448 INFO  [default]            source: Estimated
2026-08-03 20:11:58,448 INFO  [default]   cumulative: 4026
2026-08-03 20:11:58,448 INFO  [default]    inst rate: not used for this commodity code
2026-08-03 20:11:58,448 INFO  [default] commodity code: 7 - Present energy storage/take capacity (W-hr)
2026-08-03 20:11:58,448 INFO  [default]            source: Estimated
2026-08-03 20:11:58,448 INFO  [default]   cumulative: 0
2026-08-03 20:11:58,448 INFO  [default]    inst rate: not used for this commodity code
2026-08-03 20:11:58,638 INFO  [default] link ACK received: query_operational_state
2026-08-03 20:11:58,750 INFO  [default] operational state received: 0

Press Enter for a list of commands
2026-08-03 20:12:58,947 INFO  [default] link ACK received: get_commodity
2026-08-03 20:12:59,075 INFO  [default] message type supported received: 2
2026-08-03 20:12:59,076 INFO  [default] commodity response received. response code: 0 - success; count: 3
2026-08-03 20:12:59,076 INFO  [default] commodity code: 0 - Electricity consumed (W & W-hr)
2026-08-03 20:12:59,076 INFO  [default]            source: Estimated
2026-08-03 20:12:59,076 INFO  [default]   cumulative: 189
2026-08-03 20:12:59,076 INFO  [default]    inst rate: 0
2026-08-03 20:12:59,077 INFO  [default] commodity code: 6 - Total energy storage/take capacity (W-hr)
2026-08-03 20:12:59,077 INFO  [default]            source: Estimated
2026-08-03 20:12:59,077 INFO  [default]   cumulative: 4026
2026-08-03 20:12:59,077 INFO  [default]    inst rate: not used for this commodity code
2026-08-03 20:12:59,077 INFO  [default] commodity code: 7 - Present energy storage/take capacity (W-hr)
2026-08-03 20:12:59,077 INFO  [default]            source: Estimated
2026-08-03 20:12:59,077 INFO  [default]   cumulative: 0
2026-08-03 20:12:59,077 INFO  [default]    inst rate: not used for this commodity code
2026-08-03 20:12:59,267 INFO  [default] link ACK received: query_operational_state
2026-08-03 20:12:59,363 INFO  [default] operational state received: 0

Press Enter for a list of commands
2026-08-03 20:13:58,569 INFO  [default] link ACK received: get_commodity
2026-08-03 20:13:58,697 INFO  [default] message type supported received: 2
2026-08-03 20:13:58,697 INFO  [default] commodity response received. response code: 0 - success; count: 3
2026-08-03 20:13:58,698 INFO  [default] commodity code: 0 - Electricity consumed (W & W-hr)
2026-08-03 20:13:58,698 INFO  [default]            source: Estimated
2026-08-03 20:13:58,698 INFO  [default]   cumulative: 189
2026-08-03 20:13:58,698 INFO  [default]    inst rate: 0
2026-08-03 20:13:58,698 INFO  [default] commodity code: 6 - Total energy storage/take capacity (W-hr)
2026-08-03 20:13:58,698 INFO  [default]            source: Estimated
2026-08-03 20:13:58,699 INFO  [default]   cumulative: 4026
2026-08-03 20:13:58,699 INFO  [default]    inst rate: not used for this commodity code
2026-08-03 20:13:58,699 INFO  [default] commodity code: 7 - Present energy storage/take capacity (W-hr)
2026-08-03 20:13:58,699 INFO  [default]            source: Estimated
2026-08-03 20:13:58,699 INFO  [default]   cumulative: 0
2026-08-03 20:13:58,699 INFO  [default]    inst rate: not used for this commodity code
2026-08-03 20:13:58,889 INFO  [default] link ACK received: query_operational_state
2026-08-03 20:13:58,985 INFO  [default] operational state received: 0

Press Enter for a list of commands
1785813268,o,0 (PASSED!)
outside communication found
2026-08-03 20:14:28,132 INFO  [default] link ACK received: outside_communication
2026-08-03 20:14:28,244 INFO  [default] app ack received
2026-08-03 20:14:58,398 INFO  [default] link ACK received: get_commodity
2026-08-03 20:14:58,526 INFO  [default] message type supported received: 2
2026-08-03 20:14:58,527 INFO  [default] commodity response received. response code: 0 - success; count: 3
2026-08-03 20:14:58,527 INFO  [default] commodity code: 0 - Electricity consumed (W & W-hr)
2026-08-03 20:14:58,527 INFO  [default]            source: Estimated
2026-08-03 20:14:58,527 INFO  [default]   cumulative: 189
2026-08-03 20:14:58,528 INFO  [default]    inst rate: 0
2026-08-03 20:14:58,528 INFO  [default] commodity code: 6 - Total energy storage/take capacity (W-hr)
2026-08-03 20:14:58,528 INFO  [default]            source: Estimated
2026-08-03 20:14:58,528 INFO  [default]   cumulative: 4026
2026-08-03 20:14:58,528 INFO  [default]    inst rate: not used for this commodity code
2026-08-03 20:14:58,528 INFO  [default] commodity code: 7 - Present energy storage/take capacity (W-hr)
2026-08-03 20:14:58,528 INFO  [default]            source: Estimated
2026-08-03 20:14:58,528 INFO  [default]   cumulative: 0
2026-08-03 20:14:58,529 INFO  [default]    inst rate: not used for this commodity code
2026-08-03 20:14:58,718 INFO  [default] link ACK received: query_operational_state
2026-08-03 20:14:58,814 INFO  [default] operational state received: 0

Press Enter for a list of commands
2026-08-03 20:15:59,028 INFO  [default] link ACK received: get_commodity
2026-08-03 20:15:59,156 INFO  [default] message type supported received: 2
2026-08-03 20:15:59,156 INFO  [default] commodity response received. response code: 0 - success; count: 3
2026-08-03 20:15:59,156 INFO  [default] commodity code: 0 - Electricity consumed (W & W-hr)
2026-08-03 20:15:59,157 INFO  [default]            source: Estimated
2026-08-03 20:15:59,157 INFO  [default]   cumulative: 189
2026-08-03 20:15:59,157 INFO  [default]    inst rate: 0
2026-08-03 20:15:59,157 INFO  [default] commodity code: 6 - Total energy storage/take capacity (W-hr)
2026-08-03 20:15:59,157 INFO  [default]            source: Estimated
2026-08-03 20:15:59,157 INFO  [default]   cumulative: 4026
2026-08-03 20:15:59,157 INFO  [default]    inst rate: not used for this commodity code
2026-08-03 20:15:59,157 INFO  [default] commodity code: 7 - Present energy storage/take capacity (W-hr)
2026-08-03 20:15:59,158 INFO  [default]            source: Estimated
2026-08-03 20:15:59,158 INFO  [default]   cumulative: 300
2026-08-03 20:15:59,158 INFO  [default]    inst rate: not used for this commodity code
2026-08-03 20:15:59,348 INFO  [default] link ACK received: query_operational_state
2026-08-03 20:15:59,460 INFO  [default] operational state received: 0

Press Enter for a list of commands
2026-08-03 20:16:58,665 INFO  [default] link ACK received: get_commodity
2026-08-03 20:16:58,793 INFO  [default] message type supported received: 2
2026-08-03 20:16:58,793 INFO  [default] commodity response received. response code: 0 - success; count: 3
2026-08-03 20:16:58,796 INFO  [default] commodity code: 0 - Electricity consumed (W & W-hr)
2026-08-03 20:16:58,796 INFO  [default]            source: Estimated
2026-08-03 20:16:58,796 INFO  [default]   cumulative: 189
2026-08-03 20:16:58,796 INFO  [default]    inst rate: 0
2026-08-03 20:16:58,796 INFO  [default] commodity code: 6 - Total energy storage/take capacity (W-hr)
2026-08-03 20:16:58,796 INFO  [default]            source: Estimated
2026-08-03 20:16:58,797 INFO  [default]   cumulative: 4026
2026-08-03 20:16:58,797 INFO  [default]    inst rate: not used for this commodity code
2026-08-03 20:16:58,797 INFO  [default] commodity code: 7 - Present energy storage/take capacity (W-hr)
2026-08-03 20:16:58,797 INFO  [default]            source: Estimated
2026-08-03 20:16:58,797 INFO  [default]   cumulative: 975
2026-08-03 20:16:58,797 INFO  [default]    inst rate: not used for this commodity code
2026-08-03 20:16:58,985 INFO  [default] link ACK received: query_operational_state
2026-08-03 20:16:59,097 INFO  [default] operational state received: 0

Press Enter for a list of commands
2026-08-03 20:17:58,303 INFO  [default] link ACK received: get_commodity
2026-08-03 20:17:58,431 INFO  [default] message type supported received: 2
2026-08-03 20:17:58,431 INFO  [default] commodity response received. response code: 0 - success; count: 3
2026-08-03 20:17:58,432 INFO  [default] commodity code: 0 - Electricity consumed (W & W-hr)
2026-08-03 20:17:58,432 INFO  [default]            source: Estimated
2026-08-03 20:17:58,432 INFO  [default]   cumulative: 189
2026-08-03 20:17:58,432 INFO  [default]    inst rate: 0
2026-08-03 20:17:58,432 INFO  [default] commodity code: 6 - Total energy storage/take capacity (W-hr)
2026-08-03 20:17:58,432 INFO  [default]            source: Estimated
2026-08-03 20:17:58,432 INFO  [default]   cumulative: 4026
2026-08-03 20:17:58,432 INFO  [default]    inst rate: not used for this commodity code
2026-08-03 20:17:58,433 INFO  [default] commodity code: 7 - Present energy storage/take capacity (W-hr)
2026-08-03 20:17:58,433 INFO  [default]            source: Estimated
2026-08-03 20:17:58,433 INFO  [default]   cumulative: 1500
2026-08-03 20:17:58,433 INFO  [default]    inst rate: not used for this commodity code
2026-08-03 20:17:58,623 INFO  [default] link ACK received: query_operational_state
2026-08-03 20:17:58,735 INFO  [default] operational state received: 0

Press Enter for a list of commands
2026-08-03 20:18:58,932 INFO  [default] link ACK received: get_commodity
2026-08-03 20:18:59,060 INFO  [default] message type supported received: 2
2026-08-03 20:18:59,060 INFO  [default] commodity response received. response code: 0 - success; count: 3
2026-08-03 20:18:59,061 INFO  [default] commodity code: 0 - Electricity consumed (W & W-hr)
2026-08-03 20:18:59,061 INFO  [default]            source: Estimated
2026-08-03 20:18:59,061 INFO  [default]   cumulative: 189
2026-08-03 20:18:59,061 INFO  [default]    inst rate: 0
2026-08-03 20:18:59,061 INFO  [default] commodity code: 6 - Total energy storage/take capacity (W-hr)
2026-08-03 20:18:59,061 INFO  [default]            source: Estimated
2026-08-03 20:18:59,061 INFO  [default]   cumulative: 4026
2026-08-03 20:18:59,061 INFO  [default]    inst rate: not used for this commodity code
2026-08-03 20:18:59,062 INFO  [default] commodity code: 7 - Present energy storage/take capacity (W-hr)
2026-08-03 20:18:59,062 INFO  [default]            source: Estimated
2026-08-03 20:18:59,062 INFO  [default]   cumulative: 1650
2026-08-03 20:18:59,062 INFO  [default]    inst rate: not used for this commodity code
2026-08-03 20:18:59,252 INFO  [default] link ACK received: query_operational_state
2026-08-03 20:18:59,364 INFO  [default] operational state received: 0

Press Enter for a list of commands
2026-08-03 20:19:58,570 INFO  [default] link ACK received: get_commodity
2026-08-03 20:19:58,697 INFO  [default] message type supported received: 2
2026-08-03 20:19:58,698 INFO  [default] commodity response received. response code: 0 - success; count: 3
2026-08-03 20:19:58,698 INFO  [default] commodity code: 0 - Electricity consumed (W & W-hr)
2026-08-03 20:19:58,698 INFO  [default]            source: Estimated
2026-08-03 20:19:58,698 INFO  [default]   cumulative: 189
2026-08-03 20:19:58,699 INFO  [default]    inst rate: 0
2026-08-03 20:19:58,699 INFO  [default] commodity code: 6 - Total energy storage/take capacity (W-hr)
2026-08-03 20:19:58,699 INFO  [default]            source: Estimated
2026-08-03 20:19:58,699 INFO  [default]   cumulative: 4026
2026-08-03 20:19:58,699 INFO  [default]    inst rate: not used for this commodity code
2026-08-03 20:19:58,699 INFO  [default] commodity code: 7 - Present energy storage/take capacity (W-hr)
2026-08-03 20:19:58,699 INFO  [default]            source: Estimated
2026-08-03 20:19:58,699 INFO  [default]   cumulative: 1725
2026-08-03 20:19:58,700 INFO  [default]    inst rate: not used for this commodity code
2026-08-03 20:19:58,890 INFO  [default] link ACK received: query_operational_state
2026-08-03 20:19:59,001 INFO  [default] operational state received: 1

Press Enter for a list of commands
2026-08-03 20:20:59,215 INFO  [default] link ACK received: get_commodity
2026-08-03 20:20:59,343 INFO  [default] message type supported received: 2
2026-08-03 20:20:59,343 INFO  [default] commodity response received. response code: 0 - success; count: 3
2026-08-03 20:20:59,343 INFO  [default] commodity code: 0 - Electricity consumed (W & W-hr)
2026-08-03 20:20:59,344 INFO  [default]            source: Estimated
2026-08-03 20:20:59,344 INFO  [default]   cumulative: 202
2026-08-03 20:20:59,344 INFO  [default]    inst rate: 800
2026-08-03 20:20:59,344 INFO  [default] commodity code: 6 - Total energy storage/take capacity (W-hr)
2026-08-03 20:20:59,344 INFO  [default]            source: Estimated
2026-08-03 20:20:59,344 INFO  [default]   cumulative: 4026
2026-08-03 20:20:59,344 INFO  [default]    inst rate: not used for this commodity code
2026-08-03 20:20:59,344 INFO  [default] commodity code: 7 - Present energy storage/take capacity (W-hr)
2026-08-03 20:20:59,345 INFO  [default]            source: Estimated
2026-08-03 20:20:59,345 INFO  [default]   cumulative: 1650
2026-08-03 20:20:59,345 INFO  [default]    inst rate: not used for this commodity code
2026-08-03 20:20:59,535 INFO  [default] link ACK received: query_operational_state
2026-08-03 20:20:59,647 INFO  [default] operational state received: 1

Press Enter for a list of commands
2026-08-03 20:21:58,852 INFO  [default] link ACK received: get_commodity
2026-08-03 20:21:58,980 INFO  [default] message type supported received: 2
2026-08-03 20:21:58,980 INFO  [default] commodity response received. response code: 0 - success; count: 3
2026-08-03 20:21:58,981 INFO  [default] commodity code: 0 - Electricity consumed (W & W-hr)
2026-08-03 20:21:58,981 INFO  [default]            source: Estimated
2026-08-03 20:21:58,981 INFO  [default]   cumulative: 215
2026-08-03 20:21:58,981 INFO  [default]    inst rate: 800
2026-08-03 20:21:58,981 INFO  [default] commodity code: 6 - Total energy storage/take capacity (W-hr)
2026-08-03 20:21:58,982 INFO  [default]            source: Estimated
2026-08-03 20:21:58,982 INFO  [default]   cumulative: 4026
2026-08-03 20:21:58,982 INFO  [default]    inst rate: not used for this commodity code
2026-08-03 20:21:58,982 INFO  [default] commodity code: 7 - Present energy storage/take capacity (W-hr)
2026-08-03 20:21:58,982 INFO  [default]            source: Estimated
2026-08-03 20:21:58,982 INFO  [default]   cumulative: 1500
2026-08-03 20:21:58,982 INFO  [default]    inst rate: not used for this commodity code
2026-08-03 20:21:59,172 INFO  [default] link ACK received: query_operational_state
2026-08-03 20:21:59,284 INFO  [default] operational state received: 1

Press Enter for a list of commands
2026-08-03 20:22:58,490 INFO  [default] link ACK received: get_commodity
2026-08-03 20:22:58,618 INFO  [default] message type supported received: 2
2026-08-03 20:22:58,618 INFO  [default] commodity response received. response code: 0 - success; count: 3
2026-08-03 20:22:58,619 INFO  [default] commodity code: 0 - Electricity consumed (W & W-hr)
2026-08-03 20:22:58,619 INFO  [default]            source: Estimated
2026-08-03 20:22:58,619 INFO  [default]   cumulative: 228
2026-08-03 20:22:58,619 INFO  [default]    inst rate: 800
2026-08-03 20:22:58,619 INFO  [default] commodity code: 6 - Total energy storage/take capacity (W-hr)
2026-08-03 20:22:58,619 INFO  [default]            source: Estimated
2026-08-03 20:22:58,619 INFO  [default]   cumulative: 4026
2026-08-03 20:22:58,620 INFO  [default]    inst rate: not used for this commodity code
2026-08-03 20:22:58,620 INFO  [default] commodity code: 7 - Present energy storage/take capacity (W-hr)
2026-08-03 20:22:58,620 INFO  [default]            source: Estimated
2026-08-03 20:22:58,620 INFO  [default]   cumulative: 1500
2026-08-03 20:22:58,620 INFO  [default]    inst rate: not used for this commodity code
2026-08-03 20:22:58,810 INFO  [default] link ACK received: query_operational_state
2026-08-03 20:22:58,922 INFO  [default] operational state received: 1

Press Enter for a list of commands
2026-08-03 20:23:59,135 INFO  [default] link ACK received: get_commodity
2026-08-03 20:23:59,263 INFO  [default] message type supported received: 2
2026-08-03 20:23:59,263 INFO  [default] commodity response received. response code: 0 - success; count: 3
2026-08-03 20:23:59,264 INFO  [default] commodity code: 0 - Electricity consumed (W & W-hr)
2026-08-03 20:23:59,264 INFO  [default]            source: Estimated
2026-08-03 20:23:59,264 INFO  [default]   cumulative: 241
2026-08-03 20:23:59,264 INFO  [default]    inst rate: 800
2026-08-03 20:23:59,264 INFO  [default] commodity code: 6 - Total energy storage/take capacity (W-hr)
2026-08-03 20:23:59,265 INFO  [default]            source: Estimated
2026-08-03 20:23:59,265 INFO  [default]   cumulative: 4026
2026-08-03 20:23:59,265 INFO  [default]    inst rate: not used for this commodity code
2026-08-03 20:23:59,265 INFO  [default] commodity code: 7 - Present energy storage/take capacity (W-hr)
2026-08-03 20:23:59,265 INFO  [default]            source: Estimated
2026-08-03 20:23:59,265 INFO  [default]   cumulative: 1350
2026-08-03 20:23:59,265 INFO  [default]    inst rate: not used for this commodity code
2026-08-03 20:23:59,455 INFO  [default] link ACK received: query_operational_state
2026-08-03 20:23:59,567 INFO  [default] operational state received: 1

Press Enter for a list of commands
2026-08-03 20:24:58,773 INFO  [default] link ACK received: get_commodity
2026-08-03 20:24:58,900 INFO  [default] message type supported received: 2
2026-08-03 20:24:58,901 INFO  [default] commodity response received. response code: 0 - success; count: 3
2026-08-03 20:24:58,901 INFO  [default] commodity code: 0 - Electricity consumed (W & W-hr)
2026-08-03 20:24:58,901 INFO  [default]            source: Estimated
2026-08-03 20:24:58,902 INFO  [default]   cumulative: 254
2026-08-03 20:24:58,902 INFO  [default]    inst rate: 800
2026-08-03 20:24:58,902 INFO  [default] commodity code: 6 - Total energy storage/take capacity (W-hr)
2026-08-03 20:24:58,902 INFO  [default]            source: Estimated
2026-08-03 20:24:58,902 INFO  [default]   cumulative: 4026
2026-08-03 20:24:58,902 INFO  [default]    inst rate: not used for this commodity code
2026-08-03 20:24:58,902 INFO  [default] commodity code: 7 - Present energy storage/take capacity (W-hr)
2026-08-03 20:24:58,902 INFO  [default]            source: Estimated
2026-08-03 20:24:58,902 INFO  [default]   cumulative: 1350
2026-08-03 20:24:58,903 INFO  [default]    inst rate: not used for this commodity code
2026-08-03 20:24:59,092 INFO  [default] link ACK received: query_operational_state
2026-08-03 20:24:59,204 INFO  [default] operational state received: 1

Press Enter for a list of commands
2026-08-03 20:25:58,426 INFO  [default] link ACK received: get_commodity
2026-08-03 20:25:58,538 INFO  [default] message type supported received: 2
2026-08-03 20:25:58,538 INFO  [default] commodity response received. response code: 0 - success; count: 3
2026-08-03 20:25:58,539 INFO  [default] commodity code: 0 - Electricity consumed (W & W-hr)
2026-08-03 20:25:58,539 INFO  [default]            source: Estimated
2026-08-03 20:25:58,539 INFO  [default]   cumulative: 267
2026-08-03 20:25:58,539 INFO  [default]    inst rate: 800
2026-08-03 20:25:58,539 INFO  [default] commodity code: 6 - Total energy storage/take capacity (W-hr)
2026-08-03 20:25:58,539 INFO  [default]            source: Estimated
2026-08-03 20:25:58,540 INFO  [default]   cumulative: 4026
2026-08-03 20:25:58,540 INFO  [default]    inst rate: not used for this commodity code
2026-08-03 20:25:58,540 INFO  [default] commodity code: 7 - Present energy storage/take capacity (W-hr)
2026-08-03 20:25:58,540 INFO  [default]            source: Estimated
2026-08-03 20:25:58,540 INFO  [default]   cumulative: 1275
2026-08-03 20:25:58,540 INFO  [default]    inst rate: not used for this commodity code
2026-08-03 20:25:58,730 INFO  [default] link ACK received: query_operational_state
2026-08-03 20:25:58,842 INFO  [default] operational state received: 1

Press Enter for a list of commands
2026-08-03 20:26:59,055 INFO  [default] link ACK received: get_commodity
2026-08-03 20:26:59,183 INFO  [default] message type supported received: 2
2026-08-03 20:26:59,183 INFO  [default] commodity response received. response code: 0 - success; count: 3
2026-08-03 20:26:59,184 INFO  [default] commodity code: 0 - Electricity consumed (W & W-hr)
2026-08-03 20:26:59,184 INFO  [default]            source: Estimated
2026-08-03 20:26:59,184 INFO  [default]   cumulative: 280
2026-08-03 20:26:59,184 INFO  [default]    inst rate: 800
2026-08-03 20:26:59,184 INFO  [default] commodity code: 6 - Total energy storage/take capacity (W-hr)
2026-08-03 20:26:59,185 INFO  [default]            source: Estimated
2026-08-03 20:26:59,185 INFO  [default]   cumulative: 4026
2026-08-03 20:26:59,185 INFO  [default]    inst rate: not used for this commodity code
2026-08-03 20:26:59,185 INFO  [default] commodity code: 7 - Present energy storage/take capacity (W-hr)
2026-08-03 20:26:59,185 INFO  [default]            source: Estimated
2026-08-03 20:26:59,185 INFO  [default]   cumulative: 1275
2026-08-03 20:26:59,185 INFO  [default]    inst rate: not used for this commodity code
2026-08-03 20:26:59,375 INFO  [default] link ACK received: query_operational_state
2026-08-03 20:26:59,487 INFO  [default] operational state received: 1

Press Enter for a list of commands
1785814078,o,0 (PASSED!)
outside communication found
2026-08-03 20:27:58,693 INFO  [default] link ACK received: outside_communication
2026-08-03 20:27:58,805 INFO  [default] app ack received
2026-08-03 20:27:58,997 INFO  [default] link ACK received: get_commodity
2026-08-03 20:27:59,125 INFO  [default] message type supported received: 2
2026-08-03 20:27:59,125 INFO  [default] commodity response received. response code: 0 - success; count: 3
2026-08-03 20:27:59,126 INFO  [default] commodity code: 0 - Electricity consumed (W & W-hr)
2026-08-03 20:27:59,126 INFO  [default]            source: Estimated
2026-08-03 20:27:59,126 INFO  [default]   cumulative: 293
2026-08-03 20:27:59,126 INFO  [default]    inst rate: 800
2026-08-03 20:27:59,126 INFO  [default] commodity code: 6 - Total energy storage/take capacity (W-hr)
2026-08-03 20:27:59,126 INFO  [default]            source: Estimated
2026-08-03 20:27:59,126 INFO  [default]   cumulative: 4026
2026-08-03 20:27:59,127 INFO  [default]    inst rate: not used for this commodity code
2026-08-03 20:27:59,127 INFO  [default] commodity code: 7 - Present energy storage/take capacity (W-hr)
2026-08-03 20:27:59,127 INFO  [default]            source: Estimated
2026-08-03 20:27:59,127 INFO  [default]   cumulative: 1275
2026-08-03 20:27:59,127 INFO  [default]    inst rate: not used for this commodity code
2026-08-03 20:27:59,317 INFO  [default] link ACK received: query_operational_state
2026-08-03 20:27:59,429 INFO  [default] operational state received: 1

Press Enter for a list of commands
2026-08-03 20:28:58,634 INFO  [default] link ACK received: get_commodity
2026-08-03 20:28:58,762 INFO  [default] message type supported received: 2
2026-08-03 20:28:58,762 INFO  [default] commodity response received. response code: 0 - success; count: 3
2026-08-03 20:28:58,763 INFO  [default] commodity code: 0 - Electricity consumed (W & W-hr)
2026-08-03 20:28:58,763 INFO  [default]            source: Estimated
2026-08-03 20:28:58,763 INFO  [default]   cumulative: 306
2026-08-03 20:28:58,764 INFO  [default]    inst rate: 800
2026-08-03 20:28:58,764 INFO  [default] commodity code: 6 - Total energy storage/take capacity (W-hr)
2026-08-03 20:28:58,764 INFO  [default]            source: Estimated
2026-08-03 20:28:58,764 INFO  [default]   cumulative: 4026
2026-08-03 20:28:58,764 INFO  [default]    inst rate: not used for this commodity code
2026-08-03 20:28:58,764 INFO  [default] commodity code: 7 - Present energy storage/take capacity (W-hr)
2026-08-03 20:28:58,764 INFO  [default]            source: Estimated
2026-08-03 20:28:58,764 INFO  [default]   cumulative: 1275
2026-08-03 20:28:58,764 INFO  [default]    inst rate: not used for this commodity code
2026-08-03 20:28:58,954 INFO  [default] link ACK received: query_operational_state
2026-08-03 20:28:59,050 INFO  [default] operational state received: 1

Press Enter for a list of commands
2026-08-03 20:29:59,264 INFO  [default] link ACK received: get_commodity
2026-08-03 20:29:59,392 INFO  [default] message type supported received: 2
2026-08-03 20:29:59,392 INFO  [default] commodity response received. response code: 0 - success; count: 3
2026-08-03 20:29:59,392 INFO  [default] commodity code: 0 - Electricity consumed (W & W-hr)
2026-08-03 20:29:59,392 INFO  [default]            source: Estimated
2026-08-03 20:29:59,392 INFO  [default]   cumulative: 319
2026-08-03 20:29:59,393 INFO  [default]    inst rate: 800
2026-08-03 20:29:59,393 INFO  [default] commodity code: 6 - Total energy storage/take capacity (W-hr)
2026-08-03 20:29:59,393 INFO  [default]            source: Estimated
2026-08-03 20:29:59,393 INFO  [default]   cumulative: 4026
2026-08-03 20:29:59,393 INFO  [default]    inst rate: not used for this commodity code
2026-08-03 20:29:59,393 INFO  [default] commodity code: 7 - Present energy storage/take capacity (W-hr)
2026-08-03 20:29:59,393 INFO  [default]            source: Estimated
2026-08-03 20:29:59,393 INFO  [default]   cumulative: 1200
2026-08-03 20:29:59,394 INFO  [default]    inst rate: not used for this commodity code
2026-08-03 20:29:59,583 INFO  [default] link ACK received: query_operational_state
2026-08-03 20:29:59,695 INFO  [default] operational state received: 1

Press Enter for a list of commands
2026-08-03 20:30:58,885 INFO  [default] link ACK received: get_commodity
2026-08-03 20:30:59,013 INFO  [default] message type supported received: 2
2026-08-03 20:30:59,013 INFO  [default] commodity response received. response code: 0 - success; count: 3
2026-08-03 20:30:59,014 INFO  [default] commodity code: 0 - Electricity consumed (W & W-hr)
2026-08-03 20:30:59,014 INFO  [default]            source: Estimated
2026-08-03 20:30:59,014 INFO  [default]   cumulative: 332
2026-08-03 20:30:59,014 INFO  [default]    inst rate: 800
2026-08-03 20:30:59,014 INFO  [default] commodity code: 6 - Total energy storage/take capacity (W-hr)
2026-08-03 20:30:59,015 INFO  [default]            source: Estimated
2026-08-03 20:30:59,015 INFO  [default]   cumulative: 4026
2026-08-03 20:30:59,015 INFO  [default]    inst rate: not used for this commodity code
2026-08-03 20:30:59,015 INFO  [default] commodity code: 7 - Present energy storage/take capacity (W-hr)
2026-08-03 20:30:59,015 INFO  [default]            source: Estimated
2026-08-03 20:30:59,015 INFO  [default]   cumulative: 1200
2026-08-03 20:30:59,015 INFO  [default]    inst rate: not used for this commodity code
2026-08-03 20:30:59,205 INFO  [default] link ACK received: query_operational_state
2026-08-03 20:30:59,301 INFO  [default] operational state received: 1

Press Enter for a list of commands
2026-08-03 20:31:58,507 INFO  [default] link ACK received: get_commodity
2026-08-03 20:31:58,634 INFO  [default] message type supported received: 2
2026-08-03 20:31:58,635 INFO  [default] commodity response received. response code: 0 - success; count: 3
2026-08-03 20:31:58,635 INFO  [default] commodity code: 0 - Electricity consumed (W & W-hr)
2026-08-03 20:31:58,635 INFO  [default]            source: Estimated
2026-08-03 20:31:58,636 INFO  [default]   cumulative: 345
2026-08-03 20:31:58,636 INFO  [default]    inst rate: 800
2026-08-03 20:31:58,636 INFO  [default] commodity code: 6 - Total energy storage/take capacity (W-hr)
2026-08-03 20:31:58,636 INFO  [default]            source: Estimated
2026-08-03 20:31:58,636 INFO  [default]   cumulative: 4026
2026-08-03 20:31:58,636 INFO  [default]    inst rate: not used for this commodity code
2026-08-03 20:31:58,636 INFO  [default] commodity code: 7 - Present energy storage/take capacity (W-hr)
2026-08-03 20:31:58,636 INFO  [default]            source: Estimated
2026-08-03 20:31:58,636 INFO  [default]   cumulative: 1200
2026-08-03 20:31:58,637 INFO  [default]    inst rate: not used for this commodity code
2026-08-03 20:31:58,827 INFO  [default] link ACK received: query_operational_state
2026-08-03 20:31:58,922 INFO  [default] operational state received: 1

Press Enter for a list of commands
2026-08-03 20:32:59,136 INFO  [default] link ACK received: get_commodity
2026-08-03 20:32:59,264 INFO  [default] message type supported received: 2
2026-08-03 20:32:59,264 INFO  [default] commodity response received. response code: 0 - success; count: 3
2026-08-03 20:32:59,265 INFO  [default] commodity code: 0 - Electricity consumed (W & W-hr)
2026-08-03 20:32:59,265 INFO  [default]            source: Estimated
2026-08-03 20:32:59,265 INFO  [default]   cumulative: 358
2026-08-03 20:32:59,265 INFO  [default]    inst rate: 800
2026-08-03 20:32:59,265 INFO  [default] commodity code: 6 - Total energy storage/take capacity (W-hr)
2026-08-03 20:32:59,265 INFO  [default]            source: Estimated
2026-08-03 20:32:59,266 INFO  [default]   cumulative: 4026
2026-08-03 20:32:59,266 INFO  [default]    inst rate: not used for this commodity code
2026-08-03 20:32:59,266 INFO  [default] commodity code: 7 - Present energy storage/take capacity (W-hr)
2026-08-03 20:32:59,266 INFO  [default]            source: Estimated
2026-08-03 20:32:59,266 INFO  [default]   cumulative: 1200
2026-08-03 20:32:59,266 INFO  [default]    inst rate: not used for this commodity code
2026-08-03 20:32:59,456 INFO  [default] link ACK received: query_operational_state
2026-08-03 20:32:59,568 INFO  [default] operational state received: 1

Press Enter for a list of commands
2026-08-03 20:33:58,773 INFO  [default] link ACK received: get_commodity
2026-08-03 20:33:58,901 INFO  [default] message type supported received: 2
2026-08-03 20:33:58,902 INFO  [default] commodity response received. response code: 0 - success; count: 3
2026-08-03 20:33:58,902 INFO  [default] commodity code: 0 - Electricity consumed (W & W-hr)
2026-08-03 20:33:58,902 INFO  [default]            source: Estimated
2026-08-03 20:33:58,902 INFO  [default]   cumulative: 371
2026-08-03 20:33:58,903 INFO  [default]    inst rate: 800
2026-08-03 20:33:58,903 INFO  [default] commodity code: 6 - Total energy storage/take capacity (W-hr)
2026-08-03 20:33:58,903 INFO  [default]            source: Estimated
2026-08-03 20:33:58,903 INFO  [default]   cumulative: 4026
2026-08-03 20:33:58,903 INFO  [default]    inst rate: not used for this commodity code
2026-08-03 20:33:58,903 INFO  [default] commodity code: 7 - Present energy storage/take capacity (W-hr)
2026-08-03 20:33:58,903 INFO  [default]            source: Estimated
2026-08-03 20:33:58,904 INFO  [default]   cumulative: 1125
2026-08-03 20:33:58,904 INFO  [default]    inst rate: not used for this commodity code
2026-08-03 20:33:59,093 INFO  [default] link ACK received: query_operational_state
2026-08-03 20:33:59,205 INFO  [default] operational state received: 1

Press Enter for a list of commands
2026-08-03 20:34:58,411 INFO  [default] link ACK received: get_commodity
2026-08-03 20:34:58,539 INFO  [default] message type supported received: 2
2026-08-03 20:34:58,539 INFO  [default] commodity response received. response code: 0 - success; count: 3
2026-08-03 20:34:58,540 INFO  [default] commodity code: 0 - Electricity consumed (W & W-hr)
2026-08-03 20:34:58,540 INFO  [default]            source: Estimated
2026-08-03 20:34:58,540 INFO  [default]   cumulative: 384
2026-08-03 20:34:58,540 INFO  [default]    inst rate: 800
2026-08-03 20:34:58,540 INFO  [default] commodity code: 6 - Total energy storage/take capacity (W-hr)
2026-08-03 20:34:58,540 INFO  [default]            source: Estimated
2026-08-03 20:34:58,540 INFO  [default]   cumulative: 4026
2026-08-03 20:34:58,541 INFO  [default]    inst rate: not used for this commodity code
2026-08-03 20:34:58,541 INFO  [default] commodity code: 7 - Present energy storage/take capacity (W-hr)
2026-08-03 20:34:58,541 INFO  [default]            source: Estimated
2026-08-03 20:34:58,541 INFO  [default]   cumulative: 1125
2026-08-03 20:34:58,541 INFO  [default]    inst rate: not used for this commodity code
2026-08-03 20:34:58,731 INFO  [default] link ACK received: query_operational_state
2026-08-03 20:34:58,843 INFO  [default] operational state received: 1

Press Enter for a list of commands
2026-08-03 20:35:59,056 INFO  [default] link ACK received: get_commodity
2026-08-03 20:35:59,184 INFO  [default] message type supported received: 2
2026-08-03 20:35:59,184 INFO  [default] commodity response received. response code: 0 - success; count: 3
2026-08-03 20:35:59,185 INFO  [default] commodity code: 0 - Electricity consumed (W & W-hr)
2026-08-03 20:35:59,185 INFO  [default]            source: Estimated
2026-08-03 20:35:59,185 INFO  [default]   cumulative: 397
2026-08-03 20:35:59,185 INFO  [default]    inst rate: 800
2026-08-03 20:35:59,185 INFO  [default] commodity code: 6 - Total energy storage/take capacity (W-hr)
2026-08-03 20:35:59,185 INFO  [default]            source: Estimated
2026-08-03 20:35:59,186 INFO  [default]   cumulative: 4026
2026-08-03 20:35:59,186 INFO  [default]    inst rate: not used for this commodity code
2026-08-03 20:35:59,186 INFO  [default] commodity code: 7 - Present energy storage/take capacity (W-hr)
2026-08-03 20:35:59,186 INFO  [default]            source: Estimated
2026-08-03 20:35:59,186 INFO  [default]   cumulative: 975
2026-08-03 20:35:59,186 INFO  [default]    inst rate: not used for this commodity code
2026-08-03 20:35:59,376 INFO  [default] link ACK received: query_operational_state
2026-08-03 20:35:59,488 INFO  [default] operational state received: 1

Press Enter for a list of commands
2026-08-03 20:36:58,710 INFO  [default] link ACK received: get_commodity
2026-08-03 20:36:58,822 INFO  [default] message type supported received: 2
2026-08-03 20:36:58,822 INFO  [default] commodity response received. response code: 0 - success; count: 3
2026-08-03 20:36:58,823 INFO  [default] commodity code: 0 - Electricity consumed (W & W-hr)
2026-08-03 20:36:58,823 INFO  [default]            source: Estimated
2026-08-03 20:36:58,823 INFO  [default]   cumulative: 410
2026-08-03 20:36:58,823 INFO  [default]    inst rate: 800
2026-08-03 20:36:58,823 INFO  [default] commodity code: 6 - Total energy storage/take capacity (W-hr)
2026-08-03 20:36:58,823 INFO  [default]            source: Estimated
2026-08-03 20:36:58,823 INFO  [default]   cumulative: 4026
2026-08-03 20:36:58,824 INFO  [default]    inst rate: not used for this commodity code
2026-08-03 20:36:58,824 INFO  [default] commodity code: 7 - Present energy storage/take capacity (W-hr)
2026-08-03 20:36:58,824 INFO  [default]            source: Estimated
2026-08-03 20:36:58,824 INFO  [default]   cumulative: 975
2026-08-03 20:36:58,824 INFO  [default]    inst rate: not used for this commodity code
2026-08-03 20:36:59,014 INFO  [default] link ACK received: query_operational_state
2026-08-03 20:36:59,110 INFO  [default] operational state received: 1

Press Enter for a list of commands
2026-08-03 20:37:58,315 INFO  [default] link ACK received: get_commodity
2026-08-03 20:37:58,443 INFO  [default] message type supported received: 2
2026-08-03 20:37:58,443 INFO  [default] commodity response received. response code: 0 - success; count: 3
2026-08-03 20:37:58,444 INFO  [default] commodity code: 0 - Electricity consumed (W & W-hr)
2026-08-03 20:37:58,444 INFO  [default]            source: Estimated
2026-08-03 20:37:58,444 INFO  [default]   cumulative: 423
2026-08-03 20:37:58,444 INFO  [default]    inst rate: 800
2026-08-03 20:37:58,444 INFO  [default] commodity code: 6 - Total energy storage/take capacity (W-hr)
2026-08-03 20:37:58,444 INFO  [default]            source: Estimated
2026-08-03 20:37:58,444 INFO  [default]   cumulative: 4026
2026-08-03 20:37:58,445 INFO  [default]    inst rate: not used for this commodity code
2026-08-03 20:37:58,445 INFO  [default] commodity code: 7 - Present energy storage/take capacity (W-hr)
2026-08-03 20:37:58,445 INFO  [default]            source: Estimated
2026-08-03 20:37:58,445 INFO  [default]   cumulative: 975
2026-08-03 20:37:58,445 INFO  [default]    inst rate: not used for this commodity code
2026-08-03 20:37:58,635 INFO  [default] link ACK received: query_operational_state
2026-08-03 20:37:58,747 INFO  [default] operational state received: 1

Press Enter for a list of commands
2026-08-03 20:38:58,960 INFO  [default] link ACK received: get_commodity
2026-08-03 20:38:59,088 INFO  [default] message type supported received: 2
2026-08-03 20:38:59,089 INFO  [default] commodity response received. response code: 0 - success; count: 3
2026-08-03 20:38:59,089 INFO  [default] commodity code: 0 - Electricity consumed (W & W-hr)
2026-08-03 20:38:59,089 INFO  [default]            source: Estimated
2026-08-03 20:38:59,090 INFO  [default]   cumulative: 436
2026-08-03 20:38:59,090 INFO  [default]    inst rate: 800
2026-08-03 20:38:59,090 INFO  [default] commodity code: 6 - Total energy storage/take capacity (W-hr)
2026-08-03 20:38:59,090 INFO  [default]            source: Estimated
2026-08-03 20:38:59,090 INFO  [default]   cumulative: 4026
2026-08-03 20:38:59,090 INFO  [default]    inst rate: not used for this commodity code
2026-08-03 20:38:59,090 INFO  [default] commodity code: 7 - Present energy storage/take capacity (W-hr)
2026-08-03 20:38:59,090 INFO  [default]            source: Estimated
2026-08-03 20:38:59,090 INFO  [default]   cumulative: 975
2026-08-03 20:38:59,091 INFO  [default]    inst rate: not used for this commodity code
2026-08-03 20:38:59,280 INFO  [default] link ACK received: query_operational_state
2026-08-03 20:38:59,392 INFO  [default] operational state received: 1

Press Enter for a list of commands
2026-08-03 20:39:58,598 INFO  [default] link ACK received: get_commodity
2026-08-03 20:39:58,726 INFO  [default] message type supported received: 2
2026-08-03 20:39:58,726 INFO  [default] commodity response received. response code: 0 - success; count: 3
2026-08-03 20:39:58,727 INFO  [default] commodity code: 0 - Electricity consumed (W & W-hr)
2026-08-03 20:39:58,727 INFO  [default]            source: Estimated
2026-08-03 20:39:58,727 INFO  [default]   cumulative: 449
2026-08-03 20:39:58,727 INFO  [default]    inst rate: 800
2026-08-03 20:39:58,727 INFO  [default] commodity code: 6 - Total energy storage/take capacity (W-hr)
2026-08-03 20:39:58,727 INFO  [default]            source: Estimated
2026-08-03 20:39:58,727 INFO  [default]   cumulative: 4026
2026-08-03 20:39:58,728 INFO  [default]    inst rate: not used for this commodity code
2026-08-03 20:39:58,728 INFO  [default] commodity code: 7 - Present energy storage/take capacity (W-hr)
2026-08-03 20:39:58,728 INFO  [default]            source: Estimated
2026-08-03 20:39:58,728 INFO  [default]   cumulative: 900
2026-08-03 20:39:58,728 INFO  [default]    inst rate: not used for this commodity code
2026-08-03 20:39:58,918 INFO  [default] link ACK received: query_operational_state
2026-08-03 20:39:59,014 INFO  [default] operational state received: 1

Press Enter for a list of commands
2026-08-03 20:40:59,211 INFO  [default] link ACK received: get_commodity
2026-08-03 20:40:59,339 INFO  [default] message type supported received: 2
2026-08-03 20:40:59,339 INFO  [default] commodity response received. response code: 0 - success; count: 3
2026-08-03 20:40:59,340 INFO  [default] commodity code: 0 - Electricity consumed (W & W-hr)
2026-08-03 20:40:59,340 INFO  [default]            source: Estimated
2026-08-03 20:40:59,340 INFO  [default]   cumulative: 462
2026-08-03 20:40:59,340 INFO  [default]    inst rate: 800
2026-08-03 20:40:59,340 INFO  [default] commodity code: 6 - Total energy storage/take capacity (W-hr)
2026-08-03 20:40:59,340 INFO  [default]            source: Estimated
2026-08-03 20:40:59,341 INFO  [default]   cumulative: 4026
2026-08-03 20:40:59,341 INFO  [default]    inst rate: not used for this commodity code
2026-08-03 20:40:59,341 INFO  [default] commodity code: 7 - Present energy storage/take capacity (W-hr)
2026-08-03 20:40:59,341 INFO  [default]            source: Estimated
2026-08-03 20:40:59,341 INFO  [default]   cumulative: 900
2026-08-03 20:40:59,341 INFO  [default]    inst rate: not used for this commodity code
2026-08-03 20:40:59,531 INFO  [default] link ACK received: query_operational_state
2026-08-03 20:40:59,643 INFO  [default] operational state received: 1

Press Enter for a list of commands
1785814888,o,0 (PASSED!)
outside communication found
2026-08-03 20:41:28,790 INFO  [default] link ACK received: outside_communication
2026-08-03 20:41:28,886 INFO  [default] app ack received
2026-08-03 20:41:59,041 INFO  [default] link ACK received: get_commodity
2026-08-03 20:41:59,153 INFO  [default] message type supported received: 2
2026-08-03 20:41:59,153 INFO  [default] commodity response received. response code: 0 - success; count: 3
2026-08-03 20:41:59,153 INFO  [default] commodity code: 0 - Electricity consumed (W & W-hr)
2026-08-03 20:41:59,154 INFO  [default]            source: Estimated
2026-08-03 20:41:59,154 INFO  [default]   cumulative: 475
2026-08-03 20:41:59,154 INFO  [default]    inst rate: 800
2026-08-03 20:41:59,154 INFO  [default] commodity code: 6 - Total energy storage/take capacity (W-hr)
2026-08-03 20:41:59,154 INFO  [default]            source: Estimated
2026-08-03 20:41:59,154 INFO  [default]   cumulative: 4026
2026-08-03 20:41:59,154 INFO  [default]    inst rate: not used for this commodity code
2026-08-03 20:41:59,154 INFO  [default] commodity code: 7 - Present energy storage/take capacity (W-hr)
2026-08-03 20:41:59,154 INFO  [default]            source: Estimated
2026-08-03 20:41:59,155 INFO  [default]   cumulative: 900
2026-08-03 20:41:59,155 INFO  [default]    inst rate: not used for this commodity code
2026-08-03 20:41:59,345 INFO  [default] link ACK received: query_operational_state
2026-08-03 20:41:59,457 INFO  [default] operational state received: 1

Press Enter for a list of commands
2026-08-03 20:42:58,662 INFO  [default] link ACK received: get_commodity
2026-08-03 20:42:58,790 INFO  [default] message type supported received: 2
2026-08-03 20:42:58,790 INFO  [default] commodity response received. response code: 0 - success; count: 3
2026-08-03 20:42:58,791 INFO  [default] commodity code: 0 - Electricity consumed (W & W-hr)
2026-08-03 20:42:58,791 INFO  [default]            source: Estimated
2026-08-03 20:42:58,791 INFO  [default]   cumulative: 488
2026-08-03 20:42:58,791 INFO  [default]    inst rate: 800
2026-08-03 20:42:58,791 INFO  [default] commodity code: 6 - Total energy storage/take capacity (W-hr)
2026-08-03 20:42:58,791 INFO  [default]            source: Estimated
2026-08-03 20:42:58,792 INFO  [default]   cumulative: 4026
2026-08-03 20:42:58,792 INFO  [default]    inst rate: not used for this commodity code
2026-08-03 20:42:58,792 INFO  [default] commodity code: 7 - Present energy storage/take capacity (W-hr)
2026-08-03 20:42:58,792 INFO  [default]            source: Estimated
2026-08-03 20:42:58,792 INFO  [default]   cumulative: 900
2026-08-03 20:42:58,792 INFO  [default]    inst rate: not used for this commodity code
2026-08-03 20:42:58,982 INFO  [default] link ACK received: query_operational_state
2026-08-03 20:42:59,094 INFO  [default] operational state received: 1

Press Enter for a list of commands
2026-08-03 20:43:58,283 INFO  [default] link ACK received: get_commodity
2026-08-03 20:43:58,411 INFO  [default] message type supported received: 2
2026-08-03 20:43:58,412 INFO  [default] commodity response received. response code: 0 - success; count: 3
2026-08-03 20:43:58,412 INFO  [default] commodity code: 0 - Electricity consumed (W & W-hr)
2026-08-03 20:43:58,412 INFO  [default]            source: Estimated
2026-08-03 20:43:58,412 INFO  [default]   cumulative: 501
2026-08-03 20:43:58,412 INFO  [default]    inst rate: 800
2026-08-03 20:43:58,412 INFO  [default] commodity code: 6 - Total energy storage/take capacity (W-hr)
2026-08-03 20:43:58,412 INFO  [default]            source: Estimated
2026-08-03 20:43:58,412 INFO  [default]   cumulative: 4026
2026-08-03 20:43:58,412 INFO  [default]    inst rate: not used for this commodity code
2026-08-03 20:43:58,412 INFO  [default] commodity code: 7 - Present energy storage/take capacity (W-hr)
2026-08-03 20:43:58,412 INFO  [default]            source: Estimated
2026-08-03 20:43:58,412 INFO  [default]   cumulative: 825
2026-08-03 20:43:58,412 INFO  [default]    inst rate: not used for this commodity code
2026-08-03 20:43:58,603 INFO  [default] link ACK received: query_operational_state
2026-08-03 20:43:58,715 INFO  [default] operational state received: 1

Press Enter for a list of commands
2026-08-03 20:44:58,913 INFO  [default] link ACK received: get_commodity
2026-08-03 20:44:59,041 INFO  [default] message type supported received: 2
2026-08-03 20:44:59,041 INFO  [default] commodity response received. response code: 0 - success; count: 3
2026-08-03 20:44:59,041 INFO  [default] commodity code: 0 - Electricity consumed (W & W-hr)
2026-08-03 20:44:59,042 INFO  [default]            source: Estimated
2026-08-03 20:44:59,042 INFO  [default]   cumulative: 514
2026-08-03 20:44:59,042 INFO  [default]    inst rate: 800
2026-08-03 20:44:59,042 INFO  [default] commodity code: 6 - Total energy storage/take capacity (W-hr)
2026-08-03 20:44:59,042 INFO  [default]            source: Estimated
2026-08-03 20:44:59,042 INFO  [default]   cumulative: 4026
2026-08-03 20:44:59,042 INFO  [default]    inst rate: not used for this commodity code
2026-08-03 20:44:59,042 INFO  [default] commodity code: 7 - Present energy storage/take capacity (W-hr)
2026-08-03 20:44:59,043 INFO  [default]            source: Estimated
2026-08-03 20:44:59,043 INFO  [default]   cumulative: 975
2026-08-03 20:44:59,043 INFO  [default]    inst rate: not used for this commodity code
2026-08-03 20:44:59,233 INFO  [default] link ACK received: query_operational_state
2026-08-03 20:44:59,345 INFO  [default] operational state received: 1

Press Enter for a list of commands
2026-08-03 20:45:58,550 INFO  [default] link ACK received: get_commodity
2026-08-03 20:45:58,678 INFO  [default] message type supported received: 2
2026-08-03 20:45:58,678 INFO  [default] commodity response received. response code: 0 - success; count: 3
2026-08-03 20:45:58,679 INFO  [default] commodity code: 0 - Electricity consumed (W & W-hr)
2026-08-03 20:45:58,679 INFO  [default]            source: Estimated
2026-08-03 20:45:58,679 INFO  [default]   cumulative: 527
2026-08-03 20:45:58,679 INFO  [default]    inst rate: 800
2026-08-03 20:45:58,680 INFO  [default] commodity code: 6 - Total energy storage/take capacity (W-hr)
2026-08-03 20:45:58,680 INFO  [default]            source: Estimated
2026-08-03 20:45:58,680 INFO  [default]   cumulative: 4026
2026-08-03 20:45:58,680 INFO  [default]    inst rate: not used for this commodity code
2026-08-03 20:45:58,680 INFO  [default] commodity code: 7 - Present energy storage/take capacity (W-hr)
2026-08-03 20:45:58,680 INFO  [default]            source: Estimated
2026-08-03 20:45:58,680 INFO  [default]   cumulative: 975
2026-08-03 20:45:58,680 INFO  [default]    inst rate: not used for this commodity code
2026-08-03 20:45:58,870 INFO  [default] link ACK received: query_operational_state
2026-08-03 20:45:58,982 INFO  [default] operational state received: 1

Press Enter for a list of commands
2026-08-03 20:46:59,196 INFO  [default] link ACK received: get_commodity
2026-08-03 20:46:59,308 INFO  [default] message type supported received: 2
2026-08-03 20:46:59,308 INFO  [default] commodity response received. response code: 0 - success; count: 3
2026-08-03 20:46:59,308 INFO  [default] commodity code: 0 - Electricity consumed (W & W-hr)
2026-08-03 20:46:59,308 INFO  [default]            source: Estimated
2026-08-03 20:46:59,309 INFO  [default]   cumulative: 540
2026-08-03 20:46:59,309 INFO  [default]    inst rate: 800
2026-08-03 20:46:59,309 INFO  [default] commodity code: 6 - Total energy storage/take capacity (W-hr)
2026-08-03 20:46:59,309 INFO  [default]            source: Estimated
2026-08-03 20:46:59,309 INFO  [default]   cumulative: 4026
2026-08-03 20:46:59,309 INFO  [default]    inst rate: not used for this commodity code
2026-08-03 20:46:59,309 INFO  [default] commodity code: 7 - Present energy storage/take capacity (W-hr)
2026-08-03 20:46:59,309 INFO  [default]            source: Estimated
2026-08-03 20:46:59,310 INFO  [default]   cumulative: 975
2026-08-03 20:46:59,310 INFO  [default]    inst rate: not used for this commodity code
2026-08-03 20:46:59,500 INFO  [default] link ACK received: query_operational_state
2026-08-03 20:46:59,612 INFO  [default] operational state received: 1

Press Enter for a list of commands
2026-08-03 20:47:58,817 INFO  [default] link ACK received: get_commodity
2026-08-03 20:47:58,945 INFO  [default] message type supported received: 2
2026-08-03 20:47:58,945 INFO  [default] commodity response received. response code: 0 - success; count: 3
2026-08-03 20:47:58,946 INFO  [default] commodity code: 0 - Electricity consumed (W & W-hr)
2026-08-03 20:47:58,946 INFO  [default]            source: Estimated
2026-08-03 20:47:58,946 INFO  [default]   cumulative: 553
2026-08-03 20:47:58,946 INFO  [default]    inst rate: 800
2026-08-03 20:47:58,946 INFO  [default] commodity code: 6 - Total energy storage/take capacity (W-hr)
2026-08-03 20:47:58,946 INFO  [default]            source: Estimated
2026-08-03 20:47:58,946 INFO  [default]   cumulative: 4026
2026-08-03 20:47:58,947 INFO  [default]    inst rate: not used for this commodity code
2026-08-03 20:47:58,947 INFO  [default] commodity code: 7 - Present energy storage/take capacity (W-hr)
2026-08-03 20:47:58,947 INFO  [default]            source: Estimated
2026-08-03 20:47:58,947 INFO  [default]   cumulative: 900
2026-08-03 20:47:58,947 INFO  [default]    inst rate: not used for this commodity code
2026-08-03 20:47:59,137 INFO  [default] link ACK received: query_operational_state
2026-08-03 20:47:59,233 INFO  [default] operational state received: 1

Press Enter for a list of commands
2026-08-03 20:48:58,439 INFO  [default] link ACK received: get_commodity
2026-08-03 20:48:58,567 INFO  [default] message type supported received: 2
2026-08-03 20:48:58,567 INFO  [default] commodity response received. response code: 0 - success; count: 3
2026-08-03 20:48:58,567 INFO  [default] commodity code: 0 - Electricity consumed (W & W-hr)
2026-08-03 20:48:58,567 INFO  [default]            source: Estimated
2026-08-03 20:48:58,568 INFO  [default]   cumulative: 566
2026-08-03 20:48:58,568 INFO  [default]    inst rate: 800
2026-08-03 20:48:58,568 INFO  [default] commodity code: 6 - Total energy storage/take capacity (W-hr)
2026-08-03 20:48:58,568 INFO  [default]            source: Estimated
2026-08-03 20:48:58,568 INFO  [default]   cumulative: 4026
2026-08-03 20:48:58,568 INFO  [default]    inst rate: not used for this commodity code
2026-08-03 20:48:58,568 INFO  [default] commodity code: 7 - Present energy storage/take capacity (W-hr)
2026-08-03 20:48:58,568 INFO  [default]            source: Estimated
2026-08-03 20:48:58,569 INFO  [default]   cumulative: 900
2026-08-03 20:48:58,569 INFO  [default]    inst rate: not used for this commodity code
2026-08-03 20:48:58,759 INFO  [default] link ACK received: query_operational_state
2026-08-03 20:48:58,870 INFO  [default] operational state received: 1

Press Enter for a list of commands
2026-08-03 20:49:59,084 INFO  [default] link ACK received: get_commodity
2026-08-03 20:49:59,212 INFO  [default] message type supported received: 2
2026-08-03 20:49:59,212 INFO  [default] commodity response received. response code: 0 - success; count: 3
2026-08-03 20:49:59,213 INFO  [default] commodity code: 0 - Electricity consumed (W & W-hr)
2026-08-03 20:49:59,213 INFO  [default]            source: Estimated
2026-08-03 20:49:59,213 INFO  [default]   cumulative: 579
2026-08-03 20:49:59,213 INFO  [default]    inst rate: 800
2026-08-03 20:49:59,213 INFO  [default] commodity code: 6 - Total energy storage/take capacity (W-hr)
2026-08-03 20:49:59,213 INFO  [default]            source: Estimated
2026-08-03 20:49:59,213 INFO  [default]   cumulative: 4026
2026-08-03 20:49:59,213 INFO  [default]    inst rate: not used for this commodity code
2026-08-03 20:49:59,214 INFO  [default] commodity code: 7 - Present energy storage/take capacity (W-hr)
2026-08-03 20:49:59,214 INFO  [default]            source: Estimated
2026-08-03 20:49:59,214 INFO  [default]   cumulative: 825
2026-08-03 20:49:59,214 INFO  [default]    inst rate: not used for this commodity code
2026-08-03 20:49:59,404 INFO  [default] link ACK received: query_operational_state
2026-08-03 20:49:59,516 INFO  [default] operational state received: 1

Press Enter for a list of commands
2026-08-03 20:50:58,721 INFO  [default] link ACK received: get_commodity
2026-08-03 20:50:58,849 INFO  [default] message type supported received: 2
2026-08-03 20:50:58,849 INFO  [default] commodity response received. response code: 0 - success; count: 3
2026-08-03 20:50:58,850 INFO  [default] commodity code: 0 - Electricity consumed (W & W-hr)
2026-08-03 20:50:58,850 INFO  [default]            source: Estimated
2026-08-03 20:50:58,850 INFO  [default]   cumulative: 592
2026-08-03 20:50:58,850 INFO  [default]    inst rate: 800
2026-08-03 20:50:58,850 INFO  [default] commodity code: 6 - Total energy storage/take capacity (W-hr)
2026-08-03 20:50:58,851 INFO  [default]            source: Estimated
2026-08-03 20:50:58,851 INFO  [default]   cumulative: 4026
2026-08-03 20:50:58,851 INFO  [default]    inst rate: not used for this commodity code
2026-08-03 20:50:58,851 INFO  [default] commodity code: 7 - Present energy storage/take capacity (W-hr)
2026-08-03 20:50:58,851 INFO  [default]            source: Estimated
2026-08-03 20:50:58,851 INFO  [default]   cumulative: 825
2026-08-03 20:50:58,851 INFO  [default]    inst rate: not used for this commodity code
2026-08-03 20:50:59,041 INFO  [default] link ACK received: query_operational_state
2026-08-03 20:50:59,137 INFO  [default] operational state received: 1

Press Enter for a list of commands
2026-08-03 20:51:58,343 INFO  [default] link ACK received: get_commodity
2026-08-03 20:51:58,471 INFO  [default] message type supported received: 2
2026-08-03 20:51:58,473 INFO  [default] commodity response received. response code: 0 - success; count: 3
2026-08-03 20:51:58,474 INFO  [default] commodity code: 0 - Electricity consumed (W & W-hr)
2026-08-03 20:51:58,474 INFO  [default]            source: Estimated
2026-08-03 20:51:58,474 INFO  [default]   cumulative: 605
2026-08-03 20:51:58,475 INFO  [default]    inst rate: 800
2026-08-03 20:51:58,475 INFO  [default] commodity code: 6 - Total energy storage/take capacity (W-hr)
2026-08-03 20:51:58,475 INFO  [default]            source: Estimated
2026-08-03 20:51:58,475 INFO  [default]   cumulative: 4026
2026-08-03 20:51:58,475 INFO  [default]    inst rate: not used for this commodity code
2026-08-03 20:51:58,475 INFO  [default] commodity code: 7 - Present energy storage/take capacity (W-hr)
2026-08-03 20:51:58,475 INFO  [default]            source: Estimated
2026-08-03 20:51:58,476 INFO  [default]   cumulative: 825
2026-08-03 20:51:58,476 INFO  [default]    inst rate: not used for this commodity code
2026-08-03 20:51:58,663 INFO  [default] link ACK received: query_operational_state
2026-08-03 20:51:58,775 INFO  [default] operational state received: 1

Press Enter for a list of commands
2026-08-03 20:52:58,972 INFO  [default] link ACK received: get_commodity
2026-08-03 20:52:59,100 INFO  [default] message type supported received: 2
2026-08-03 20:52:59,100 INFO  [default] commodity response received. response code: 0 - success; count: 3
2026-08-03 20:52:59,101 INFO  [default] commodity code: 0 - Electricity consumed (W & W-hr)
2026-08-03 20:52:59,101 INFO  [default]            source: Estimated
2026-08-03 20:52:59,101 INFO  [default]   cumulative: 618
2026-08-03 20:52:59,101 INFO  [default]    inst rate: 800
2026-08-03 20:52:59,101 INFO  [default] commodity code: 6 - Total energy storage/take capacity (W-hr)
2026-08-03 20:52:59,101 INFO  [default]            source: Estimated
2026-08-03 20:52:59,101 INFO  [default]   cumulative: 4026
2026-08-03 20:52:59,102 INFO  [default]    inst rate: not used for this commodity code
2026-08-03 20:52:59,102 INFO  [default] commodity code: 7 - Present energy storage/take capacity (W-hr)
2026-08-03 20:52:59,102 INFO  [default]            source: Estimated
2026-08-03 20:52:59,102 INFO  [default]   cumulative: 825
2026-08-03 20:52:59,102 INFO  [default]    inst rate: not used for this commodity code
2026-08-03 20:52:59,292 INFO  [default] link ACK received: query_operational_state
2026-08-03 20:52:59,388 INFO  [default] operational state received: 1

Press Enter for a list of commands
2026-08-03 20:53:58,594 INFO  [default] link ACK received: get_commodity
2026-08-03 20:53:58,722 INFO  [default] message type supported received: 2
2026-08-03 20:53:58,722 INFO  [default] commodity response received. response code: 0 - success; count: 3
2026-08-03 20:53:58,722 INFO  [default] commodity code: 0 - Electricity consumed (W & W-hr)
2026-08-03 20:53:58,722 INFO  [default]            source: Estimated
2026-08-03 20:53:58,722 INFO  [default]   cumulative: 631
2026-08-03 20:53:58,723 INFO  [default]    inst rate: 800
2026-08-03 20:53:58,723 INFO  [default] commodity code: 6 - Total energy storage/take capacity (W-hr)
2026-08-03 20:53:58,723 INFO  [default]            source: Estimated
2026-08-03 20:53:58,723 INFO  [default]   cumulative: 4026
2026-08-03 20:53:58,723 INFO  [default]    inst rate: not used for this commodity code
2026-08-03 20:53:58,723 INFO  [default] commodity code: 7 - Present energy storage/take capacity (W-hr)
2026-08-03 20:53:58,723 INFO  [default]            source: Estimated
2026-08-03 20:53:58,723 INFO  [default]   cumulative: 825
2026-08-03 20:53:58,724 INFO  [default]    inst rate: not used for this commodity code
2026-08-03 20:53:58,914 INFO  [default] link ACK received: query_operational_state
2026-08-03 20:53:59,025 INFO  [default] operational state received: 1

Press Enter for a list of commands
1785815698,o,0 (PASSED!)
outside communication found
2026-08-03 20:54:58,215 INFO  [default] link ACK received: outside_communication
2026-08-03 20:54:58,327 INFO  [default] app ack received
2026-08-03 20:54:58,519 INFO  [default] link ACK received: get_commodity
2026-08-03 20:54:58,647 INFO  [default] message type supported received: 2
2026-08-03 20:54:58,647 INFO  [default] commodity response received. response code: 0 - success; count: 3
2026-08-03 20:54:58,648 INFO  [default] commodity code: 0 - Electricity consumed (W & W-hr)
2026-08-03 20:54:58,648 INFO  [default]            source: Estimated
2026-08-03 20:54:58,648 INFO  [default]   cumulative: 644
2026-08-03 20:54:58,648 INFO  [default]    inst rate: 800
2026-08-03 20:54:58,648 INFO  [default] commodity code: 6 - Total energy storage/take capacity (W-hr)
2026-08-03 20:54:58,648 INFO  [default]            source: Estimated
2026-08-03 20:54:58,648 INFO  [default]   cumulative: 4026
2026-08-03 20:54:58,648 INFO  [default]    inst rate: not used for this commodity code
2026-08-03 20:54:58,649 INFO  [default] commodity code: 7 - Present energy storage/take capacity (W-hr)
2026-08-03 20:54:58,649 INFO  [default]            source: Estimated
2026-08-03 20:54:58,649 INFO  [default]   cumulative: 825
2026-08-03 20:54:58,649 INFO  [default]    inst rate: not used for this commodity code
2026-08-03 20:54:58,839 INFO  [default] link ACK received: query_operational_state
2026-08-03 20:54:58,951 INFO  [default] operational state received: 1

Press Enter for a list of commands
2026-08-03 20:55:59,148 INFO  [default] link ACK received: get_commodity
2026-08-03 20:55:59,276 INFO  [default] message type supported received: 2
2026-08-03 20:55:59,276 INFO  [default] commodity response received. response code: 0 - success; count: 3
2026-08-03 20:55:59,276 INFO  [default] commodity code: 0 - Electricity consumed (W & W-hr)
2026-08-03 20:55:59,276 INFO  [default]            source: Estimated
2026-08-03 20:55:59,276 INFO  [default]   cumulative: 657
2026-08-03 20:55:59,276 INFO  [default]    inst rate: 800
2026-08-03 20:55:59,277 INFO  [default] commodity code: 6 - Total energy storage/take capacity (W-hr)
2026-08-03 20:55:59,277 INFO  [default]            source: Estimated
2026-08-03 20:55:59,277 INFO  [default]   cumulative: 4026
2026-08-03 20:55:59,277 INFO  [default]    inst rate: not used for this commodity code
2026-08-03 20:55:59,277 INFO  [default] commodity code: 7 - Present energy storage/take capacity (W-hr)
2026-08-03 20:55:59,277 INFO  [default]            source: Estimated
2026-08-03 20:55:59,277 INFO  [default]   cumulative: 750
2026-08-03 20:55:59,277 INFO  [default]    inst rate: not used for this commodity code
2026-08-03 20:55:59,468 INFO  [default] link ACK received: query_operational_state
2026-08-03 20:55:59,580 INFO  [default] operational state received: 1

Press Enter for a list of commands
2026-08-03 20:56:58,786 INFO  [default] link ACK received: get_commodity
2026-08-03 20:56:58,914 INFO  [default] message type supported received: 2
2026-08-03 20:56:58,914 INFO  [default] commodity response received. response code: 0 - success; count: 3
2026-08-03 20:56:58,914 INFO  [default] commodity code: 0 - Electricity consumed (W & W-hr)
2026-08-03 20:56:58,915 INFO  [default]            source: Estimated
2026-08-03 20:56:58,915 INFO  [default]   cumulative: 670
2026-08-03 20:56:58,915 INFO  [default]    inst rate: 800
2026-08-03 20:56:58,915 INFO  [default] commodity code: 6 - Total energy storage/take capacity (W-hr)
2026-08-03 20:56:58,915 INFO  [default]            source: Estimated
2026-08-03 20:56:58,915 INFO  [default]   cumulative: 4026
2026-08-03 20:56:58,915 INFO  [default]    inst rate: not used for this commodity code
2026-08-03 20:56:58,915 INFO  [default] commodity code: 7 - Present energy storage/take capacity (W-hr)
2026-08-03 20:56:58,916 INFO  [default]            source: Estimated
2026-08-03 20:56:58,916 INFO  [default]   cumulative: 750
2026-08-03 20:56:58,916 INFO  [default]    inst rate: not used for this commodity code
2026-08-03 20:56:59,106 INFO  [default] link ACK received: query_operational_state
2026-08-03 20:56:59,218 INFO  [default] operational state received: 1

Press Enter for a list of commands
2026-08-03 20:57:58,423 INFO  [default] link ACK received: get_commodity
2026-08-03 20:57:58,551 INFO  [default] message type supported received: 2
2026-08-03 20:57:58,552 INFO  [default] commodity response received. response code: 0 - success; count: 3
2026-08-03 20:57:58,552 INFO  [default] commodity code: 0 - Electricity consumed (W & W-hr)
2026-08-03 20:57:58,552 INFO  [default]            source: Estimated
2026-08-03 20:57:58,552 INFO  [default]   cumulative: 683
2026-08-03 20:57:58,553 INFO  [default]    inst rate: 800
2026-08-03 20:57:58,553 INFO  [default] commodity code: 6 - Total energy storage/take capacity (W-hr)
2026-08-03 20:57:58,553 INFO  [default]            source: Estimated
2026-08-03 20:57:58,553 INFO  [default]   cumulative: 4026
2026-08-03 20:57:58,553 INFO  [default]    inst rate: not used for this commodity code
2026-08-03 20:57:58,553 INFO  [default] commodity code: 7 - Present energy storage/take capacity (W-hr)
2026-08-03 20:57:58,553 INFO  [default]            source: Estimated
2026-08-03 20:57:58,553 INFO  [default]   cumulative: 750
2026-08-03 20:57:58,554 INFO  [default]    inst rate: not used for this commodity code
2026-08-03 20:57:58,743 INFO  [default] link ACK received: query_operational_state
2026-08-03 20:57:58,855 INFO  [default] operational state received: 1

Press Enter for a list of commands
2026-08-03 20:58:59,053 INFO  [default] link ACK received: get_commodity
2026-08-03 20:58:59,181 INFO  [default] message type supported received: 2
2026-08-03 20:58:59,181 INFO  [default] commodity response received. response code: 0 - success; count: 3
2026-08-03 20:58:59,181 INFO  [default] commodity code: 0 - Electricity consumed (W & W-hr)
2026-08-03 20:58:59,181 INFO  [default]            source: Estimated
2026-08-03 20:58:59,181 INFO  [default]   cumulative: 696
2026-08-03 20:58:59,182 INFO  [default]    inst rate: 800
2026-08-03 20:58:59,182 INFO  [default] commodity code: 6 - Total energy storage/take capacity (W-hr)
2026-08-03 20:58:59,182 INFO  [default]            source: Estimated
2026-08-03 20:58:59,182 INFO  [default]   cumulative: 4026
2026-08-03 20:58:59,182 INFO  [default]    inst rate: not used for this commodity code
2026-08-03 20:58:59,182 INFO  [default] commodity code: 7 - Present energy storage/take capacity (W-hr)
2026-08-03 20:58:59,182 INFO  [default]            source: Estimated
2026-08-03 20:58:59,182 INFO  [default]   cumulative: 750
2026-08-03 20:58:59,183 INFO  [default]    inst rate: not used for this commodity code
2026-08-03 20:58:59,372 INFO  [default] link ACK received: query_operational_state
2026-08-03 20:58:59,484 INFO  [default] operational state received: 1

Press Enter for a list of commands
2026-08-03 20:59:58,690 INFO  [default] link ACK received: get_commodity
2026-08-03 20:59:58,802 INFO  [default] message type supported received: 2
2026-08-03 20:59:58,802 INFO  [default] commodity response received. response code: 0 - success; count: 3
2026-08-03 20:59:58,803 INFO  [default] commodity code: 0 - Electricity consumed (W & W-hr)
2026-08-03 20:59:58,803 INFO  [default]            source: Estimated
2026-08-03 20:59:58,803 INFO  [default]   cumulative: 709
2026-08-03 20:59:58,803 INFO  [default]    inst rate: 800
2026-08-03 20:59:58,803 INFO  [default] commodity code: 6 - Total energy storage/take capacity (W-hr)
2026-08-03 20:59:58,804 INFO  [default]            source: Estimated
2026-08-03 20:59:58,804 INFO  [default]   cumulative: 4026
2026-08-03 20:59:58,804 INFO  [default]    inst rate: not used for this commodity code
2026-08-03 20:59:58,804 INFO  [default] commodity code: 7 - Present energy storage/take capacity (W-hr)
2026-08-03 20:59:58,804 INFO  [default]            source: Estimated
2026-08-03 20:59:58,804 INFO  [default]   cumulative: 750
2026-08-03 20:59:58,804 INFO  [default]    inst rate: not used for this commodity code
2026-08-03 20:59:58,994 INFO  [default] link ACK received: query_operational_state
2026-08-03 20:59:59,090 INFO  [default] operational state received: 1

Press Enter for a list of commands
2026-08-03 21:00:58,296 INFO  [default] link ACK received: get_commodity
2026-08-03 21:00:58,424 INFO  [default] message type supported received: 2
2026-08-03 21:00:58,424 INFO  [default] commodity response received. response code: 0 - success; count: 3
2026-08-03 21:00:58,424 INFO  [default] commodity code: 0 - Electricity consumed (W & W-hr)
2026-08-03 21:00:58,424 INFO  [default]            source: Estimated
2026-08-03 21:00:58,424 INFO  [default]   cumulative: 722
2026-08-03 21:00:58,425 INFO  [default]    inst rate: 800
2026-08-03 21:00:58,425 INFO  [default] commodity code: 6 - Total energy storage/take capacity (W-hr)
2026-08-03 21:00:58,425 INFO  [default]            source: Estimated
2026-08-03 21:00:58,425 INFO  [default]   cumulative: 4026
2026-08-03 21:00:58,425 INFO  [default]    inst rate: not used for this commodity code
2026-08-03 21:00:58,425 INFO  [default] commodity code: 7 - Present energy storage/take capacity (W-hr)
2026-08-03 21:00:58,425 INFO  [default]            source: Estimated
2026-08-03 21:00:58,425 INFO  [default]   cumulative: 750
2026-08-03 21:00:58,426 INFO  [default]    inst rate: not used for this commodity code
2026-08-03 21:00:58,615 INFO  [default] link ACK received: query_operational_state
2026-08-03 21:00:58,727 INFO  [default] operational state received: 1

Press Enter for a list of commands
2026-08-03 21:01:58,941 INFO  [default] link ACK received: get_commodity
2026-08-03 21:01:59,053 INFO  [default] message type supported received: 2
2026-08-03 21:01:59,053 INFO  [default] commodity response received. response code: 0 - success; count: 3
2026-08-03 21:01:59,054 INFO  [default] commodity code: 0 - Electricity consumed (W & W-hr)
2026-08-03 21:01:59,054 INFO  [default]            source: Estimated
2026-08-03 21:01:59,054 INFO  [default]   cumulative: 735
2026-08-03 21:01:59,054 INFO  [default]    inst rate: 800
2026-08-03 21:01:59,054 INFO  [default] commodity code: 6 - Total energy storage/take capacity (W-hr)
2026-08-03 21:01:59,054 INFO  [default]            source: Estimated
2026-08-03 21:01:59,055 INFO  [default]   cumulative: 4026
2026-08-03 21:01:59,055 INFO  [default]    inst rate: not used for this commodity code
2026-08-03 21:01:59,055 INFO  [default] commodity code: 7 - Present energy storage/take capacity (W-hr)
2026-08-03 21:01:59,055 INFO  [default]            source: Estimated
2026-08-03 21:01:59,055 INFO  [default]   cumulative: 675
2026-08-03 21:01:59,055 INFO  [default]    inst rate: not used for this commodity code
2026-08-03 21:01:59,245 INFO  [default] link ACK received: query_operational_state
2026-08-03 21:01:59,357 INFO  [default] operational state received: 1

Press Enter for a list of commands
2026-08-03 21:02:58,562 INFO  [default] link ACK received: get_commodity
2026-08-03 21:02:58,690 INFO  [default] message type supported received: 2
2026-08-03 21:02:58,691 INFO  [default] commodity response received. response code: 0 - success; count: 3
2026-08-03 21:02:58,691 INFO  [default] commodity code: 0 - Electricity consumed (W & W-hr)
2026-08-03 21:02:58,691 INFO  [default]            source: Estimated
2026-08-03 21:02:58,691 INFO  [default]   cumulative: 748
2026-08-03 21:02:58,692 INFO  [default]    inst rate: 800
2026-08-03 21:02:58,692 INFO  [default] commodity code: 6 - Total energy storage/take capacity (W-hr)
2026-08-03 21:02:58,692 INFO  [default]            source: Estimated
2026-08-03 21:02:58,692 INFO  [default]   cumulative: 4026
2026-08-03 21:02:58,692 INFO  [default]    inst rate: not used for this commodity code
2026-08-03 21:02:58,692 INFO  [default] commodity code: 7 - Present energy storage/take capacity (W-hr)
2026-08-03 21:02:58,692 INFO  [default]            source: Estimated
2026-08-03 21:02:58,692 INFO  [default]   cumulative: 525
2026-08-03 21:02:58,693 INFO  [default]    inst rate: not used for this commodity code
2026-08-03 21:02:58,882 INFO  [default] link ACK received: query_operational_state
2026-08-03 21:02:58,994 INFO  [default] operational state received: 1

Press Enter for a list of commands
2026-08-03 21:03:59,208 INFO  [default] link ACK received: get_commodity
2026-08-03 21:03:59,320 INFO  [default] message type supported received: 2
2026-08-03 21:03:59,320 INFO  [default] commodity response received. response code: 0 - success; count: 3
2026-08-03 21:03:59,321 INFO  [default] commodity code: 0 - Electricity consumed (W & W-hr)
2026-08-03 21:03:59,321 INFO  [default]            source: Estimated
2026-08-03 21:03:59,321 INFO  [default]   cumulative: 761
2026-08-03 21:03:59,321 INFO  [default]    inst rate: 800
2026-08-03 21:03:59,321 INFO  [default] commodity code: 6 - Total energy storage/take capacity (W-hr)
2026-08-03 21:03:59,321 INFO  [default]            source: Estimated
2026-08-03 21:03:59,321 INFO  [default]   cumulative: 4026
2026-08-03 21:03:59,321 INFO  [default]    inst rate: not used for this commodity code
2026-08-03 21:03:59,322 INFO  [default] commodity code: 7 - Present energy storage/take capacity (W-hr)
2026-08-03 21:03:59,322 INFO  [default]            source: Estimated
2026-08-03 21:03:59,322 INFO  [default]   cumulative: 525
2026-08-03 21:03:59,322 INFO  [default]    inst rate: not used for this commodity code
2026-08-03 21:03:59,512 INFO  [default] link ACK received: query_operational_state
2026-08-03 21:03:59,608 INFO  [default] operational state received: 1

Press Enter for a list of commands
2026-08-03 21:04:58,813 INFO  [default] link ACK received: get_commodity
2026-08-03 21:04:58,925 INFO  [default] message type supported received: 2
2026-08-03 21:04:58,925 INFO  [default] commodity response received. response code: 0 - success; count: 3
2026-08-03 21:04:58,926 INFO  [default] commodity code: 0 - Electricity consumed (W & W-hr)
2026-08-03 21:04:58,926 INFO  [default]            source: Estimated
2026-08-03 21:04:58,926 INFO  [default]   cumulative: 774
2026-08-03 21:04:58,926 INFO  [default]    inst rate: 800
2026-08-03 21:04:58,927 INFO  [default] commodity code: 6 - Total energy storage/take capacity (W-hr)
2026-08-03 21:04:58,927 INFO  [default]            source: Estimated
2026-08-03 21:04:58,927 INFO  [default]   cumulative: 4026
2026-08-03 21:04:58,927 INFO  [default]    inst rate: not used for this commodity code
2026-08-03 21:04:58,927 INFO  [default] commodity code: 7 - Present energy storage/take capacity (W-hr)
2026-08-03 21:04:58,927 INFO  [default]            source: Estimated
2026-08-03 21:04:58,927 INFO  [default]   cumulative: 525
2026-08-03 21:04:58,927 INFO  [default]    inst rate: not used for this commodity code
2026-08-03 21:04:59,117 INFO  [default] link ACK received: query_operational_state
2026-08-03 21:04:59,213 INFO  [default] operational state received: 1

Press Enter for a list of commands
2026-08-03 21:05:58,419 INFO  [default] link ACK received: get_commodity
2026-08-03 21:05:58,547 INFO  [default] message type supported received: 2
2026-08-03 21:05:58,547 INFO  [default] commodity response received. response code: 0 - success; count: 3
2026-08-03 21:05:58,548 INFO  [default] commodity code: 0 - Electricity consumed (W & W-hr)
2026-08-03 21:05:58,548 INFO  [default]            source: Estimated
2026-08-03 21:05:58,548 INFO  [default]   cumulative: 787
2026-08-03 21:05:58,548 INFO  [default]    inst rate: 800
2026-08-03 21:05:58,548 INFO  [default] commodity code: 6 - Total energy storage/take capacity (W-hr)
2026-08-03 21:05:58,548 INFO  [default]            source: Estimated
2026-08-03 21:05:58,548 INFO  [default]   cumulative: 4026
2026-08-03 21:05:58,548 INFO  [default]    inst rate: not used for this commodity code
2026-08-03 21:05:58,549 INFO  [default] commodity code: 7 - Present energy storage/take capacity (W-hr)
2026-08-03 21:05:58,549 INFO  [default]            source: Estimated
2026-08-03 21:05:58,549 INFO  [default]   cumulative: 525
2026-08-03 21:05:58,549 INFO  [default]    inst rate: not used for this commodity code
2026-08-03 21:05:58,739 INFO  [default] link ACK received: query_operational_state
2026-08-03 21:05:58,851 INFO  [default] operational state received: 1

Press Enter for a list of commands
2026-08-03 21:06:59,064 INFO  [default] link ACK received: get_commodity
2026-08-03 21:06:59,192 INFO  [default] message type supported received: 2
2026-08-03 21:06:59,192 INFO  [default] commodity response received. response code: 0 - success; count: 3
2026-08-03 21:06:59,193 INFO  [default] commodity code: 0 - Electricity consumed (W & W-hr)
2026-08-03 21:06:59,193 INFO  [default]            source: Estimated
2026-08-03 21:06:59,193 INFO  [default]   cumulative: 800
2026-08-03 21:06:59,193 INFO  [default]    inst rate: 800
2026-08-03 21:06:59,193 INFO  [default] commodity code: 6 - Total energy storage/take capacity (W-hr)
2026-08-03 21:06:59,193 INFO  [default]            source: Estimated
2026-08-03 21:06:59,194 INFO  [default]   cumulative: 4026
2026-08-03 21:06:59,194 INFO  [default]    inst rate: not used for this commodity code
2026-08-03 21:06:59,194 INFO  [default] commodity code: 7 - Present energy storage/take capacity (W-hr)
2026-08-03 21:06:59,194 INFO  [default]            source: Estimated
2026-08-03 21:06:59,194 INFO  [default]   cumulative: 450
2026-08-03 21:06:59,194 INFO  [default]    inst rate: not used for this commodity code
2026-08-03 21:06:59,384 INFO  [default] link ACK received: query_operational_state
2026-08-03 21:06:59,480 INFO  [default] operational state received: 1

Press Enter for a list of commands
2026-08-03 21:07:58,686 INFO  [default] link ACK received: get_commodity
2026-08-03 21:07:58,814 INFO  [default] message type supported received: 2
2026-08-03 21:07:58,814 INFO  [default] commodity response received. response code: 0 - success; count: 3
2026-08-03 21:07:58,814 INFO  [default] commodity code: 0 - Electricity consumed (W & W-hr)
2026-08-03 21:07:58,815 INFO  [default]            source: Estimated
2026-08-03 21:07:58,815 INFO  [default]   cumulative: 813
2026-08-03 21:07:58,815 INFO  [default]    inst rate: 800
2026-08-03 21:07:58,815 INFO  [default] commodity code: 6 - Total energy storage/take capacity (W-hr)
2026-08-03 21:07:58,815 INFO  [default]            source: Estimated
2026-08-03 21:07:58,815 INFO  [default]   cumulative: 4026
2026-08-03 21:07:58,816 INFO  [default]    inst rate: not used for this commodity code
2026-08-03 21:07:58,816 INFO  [default] commodity code: 7 - Present energy storage/take capacity (W-hr)
2026-08-03 21:07:58,816 INFO  [default]            source: Estimated
2026-08-03 21:07:58,816 INFO  [default]   cumulative: 450
2026-08-03 21:07:58,816 INFO  [default]    inst rate: not used for this commodity code
2026-08-03 21:07:59,006 INFO  [default] link ACK received: query_operational_state
2026-08-03 21:07:59,118 INFO  [default] operational state received: 1

Press Enter for a list of commands
1785816508,o,0 (PASSED!)
outside communication found
2026-08-03 21:08:28,265 INFO  [default] link ACK received: outside_communication
2026-08-03 21:08:28,361 INFO  [default] app ack received
2026-08-03 21:08:58,499 INFO  [default] link ACK received: get_commodity
2026-08-03 21:08:58,627 INFO  [default] message type supported received: 2
2026-08-03 21:08:58,627 INFO  [default] commodity response received. response code: 0 - success; count: 3
2026-08-03 21:08:58,628 INFO  [default] commodity code: 0 - Electricity consumed (W & W-hr)
2026-08-03 21:08:58,628 INFO  [default]            source: Estimated
2026-08-03 21:08:58,628 INFO  [default]   cumulative: 826
2026-08-03 21:08:58,628 INFO  [default]    inst rate: 800
2026-08-03 21:08:58,628 INFO  [default] commodity code: 6 - Total energy storage/take capacity (W-hr)
2026-08-03 21:08:58,628 INFO  [default]            source: Estimated
2026-08-03 21:08:58,629 INFO  [default]   cumulative: 4026
2026-08-03 21:08:58,629 INFO  [default]    inst rate: not used for this commodity code
2026-08-03 21:08:58,629 INFO  [default] commodity code: 7 - Present energy storage/take capacity (W-hr)
2026-08-03 21:08:58,629 INFO  [default]            source: Estimated
2026-08-03 21:08:58,629 INFO  [default]   cumulative: 450
2026-08-03 21:08:58,629 INFO  [default]    inst rate: not used for this commodity code
2026-08-03 21:08:58,819 INFO  [default] link ACK received: query_operational_state
2026-08-03 21:08:58,931 INFO  [default] operational state received: 1

Press Enter for a list of commands
2026-08-03 21:09:59,145 INFO  [default] link ACK received: get_commodity
2026-08-03 21:09:59,257 INFO  [default] message type supported received: 2
2026-08-03 21:09:59,257 INFO  [default] commodity response received. response code: 0 - success; count: 3
2026-08-03 21:09:59,257 INFO  [default] commodity code: 0 - Electricity consumed (W & W-hr)
2026-08-03 21:09:59,257 INFO  [default]            source: Estimated
2026-08-03 21:09:59,257 INFO  [default]   cumulative: 839
2026-08-03 21:09:59,258 INFO  [default]    inst rate: 800
2026-08-03 21:09:59,258 INFO  [default] commodity code: 6 - Total energy storage/take capacity (W-hr)
2026-08-03 21:09:59,258 INFO  [default]            source: Estimated
2026-08-03 21:09:59,258 INFO  [default]   cumulative: 4026
2026-08-03 21:09:59,258 INFO  [default]    inst rate: not used for this commodity code
2026-08-03 21:09:59,258 INFO  [default] commodity code: 7 - Present energy storage/take capacity (W-hr)
2026-08-03 21:09:59,258 INFO  [default]            source: Estimated
2026-08-03 21:09:59,258 INFO  [default]   cumulative: 450
2026-08-03 21:09:59,259 INFO  [default]    inst rate: not used for this commodity code
2026-08-03 21:09:59,449 INFO  [default] link ACK received: query_operational_state
2026-08-03 21:09:59,560 INFO  [default] operational state received: 1

Press Enter for a list of commands
2026-08-03 21:10:58,766 INFO  [default] link ACK received: get_commodity
2026-08-03 21:10:58,878 INFO  [default] message type supported received: 2
2026-08-03 21:10:58,878 INFO  [default] commodity response received. response code: 0 - success; count: 3
2026-08-03 21:10:58,879 INFO  [default] commodity code: 0 - Electricity consumed (W & W-hr)
2026-08-03 21:10:58,879 INFO  [default]            source: Estimated
2026-08-03 21:10:58,879 INFO  [default]   cumulative: 852
2026-08-03 21:10:58,879 INFO  [default]    inst rate: 800
2026-08-03 21:10:58,879 INFO  [default] commodity code: 6 - Total energy storage/take capacity (W-hr)
2026-08-03 21:10:58,880 INFO  [default]            source: Estimated
2026-08-03 21:10:58,880 INFO  [default]   cumulative: 4026
2026-08-03 21:10:58,880 INFO  [default]    inst rate: not used for this commodity code
2026-08-03 21:10:58,880 INFO  [default] commodity code: 7 - Present energy storage/take capacity (W-hr)
2026-08-03 21:10:58,880 INFO  [default]            source: Estimated
2026-08-03 21:10:58,880 INFO  [default]   cumulative: 450
2026-08-03 21:10:58,880 INFO  [default]    inst rate: not used for this commodity code
2026-08-03 21:10:59,070 INFO  [default] link ACK received: query_operational_state
2026-08-03 21:10:59,182 INFO  [default] operational state received: 1

Press Enter for a list of commands
2026-08-03 21:11:58,388 INFO  [default] link ACK received: get_commodity
2026-08-03 21:11:58,516 INFO  [default] message type supported received: 2
2026-08-03 21:11:58,516 INFO  [default] commodity response received. response code: 0 - success; count: 3
2026-08-03 21:11:58,516 INFO  [default] commodity code: 0 - Electricity consumed (W & W-hr)
2026-08-03 21:11:58,516 INFO  [default]            source: Estimated
2026-08-03 21:11:58,517 INFO  [default]   cumulative: 865
2026-08-03 21:11:58,517 INFO  [default]    inst rate: 800
2026-08-03 21:11:58,517 INFO  [default] commodity code: 6 - Total energy storage/take capacity (W-hr)
2026-08-03 21:11:58,517 INFO  [default]            source: Estimated
2026-08-03 21:11:58,517 INFO  [default]   cumulative: 4026
2026-08-03 21:11:58,517 INFO  [default]    inst rate: not used for this commodity code
2026-08-03 21:11:58,517 INFO  [default] commodity code: 7 - Present energy storage/take capacity (W-hr)
2026-08-03 21:11:58,517 INFO  [default]            source: Estimated
2026-08-03 21:11:58,518 INFO  [default]   cumulative: 450
2026-08-03 21:11:58,518 INFO  [default]    inst rate: not used for this commodity code
2026-08-03 21:11:58,707 INFO  [default] link ACK received: query_operational_state
2026-08-03 21:11:58,803 INFO  [default] operational state received: 1

Press Enter for a list of commands
2026-08-03 21:12:59,017 INFO  [default] link ACK received: get_commodity
2026-08-03 21:12:59,145 INFO  [default] message type supported received: 2
2026-08-03 21:12:59,145 INFO  [default] commodity response received. response code: 0 - success; count: 3
2026-08-03 21:12:59,146 INFO  [default] commodity code: 0 - Electricity consumed (W & W-hr)
2026-08-03 21:12:59,146 INFO  [default]            source: Estimated
2026-08-03 21:12:59,146 INFO  [default]   cumulative: 878
2026-08-03 21:12:59,146 INFO  [default]    inst rate: 800
2026-08-03 21:12:59,146 INFO  [default] commodity code: 6 - Total energy storage/take capacity (W-hr)
2026-08-03 21:12:59,146 INFO  [default]            source: Estimated
2026-08-03 21:12:59,146 INFO  [default]   cumulative: 4026
2026-08-03 21:12:59,146 INFO  [default]    inst rate: not used for this commodity code
2026-08-03 21:12:59,147 INFO  [default] commodity code: 7 - Present energy storage/take capacity (W-hr)
2026-08-03 21:12:59,147 INFO  [default]            source: Estimated
2026-08-03 21:12:59,147 INFO  [default]   cumulative: 375
2026-08-03 21:12:59,147 INFO  [default]    inst rate: not used for this commodity code
2026-08-03 21:12:59,337 INFO  [default] link ACK received: query_operational_state
2026-08-03 21:12:59,449 INFO  [default] operational state received: 1

Press Enter for a list of commands
2026-08-03 21:13:58,654 INFO  [default] link ACK received: get_commodity
2026-08-03 21:13:58,782 INFO  [default] message type supported received: 2
2026-08-03 21:13:58,783 INFO  [default] commodity response received. response code: 0 - success; count: 3
2026-08-03 21:13:58,783 INFO  [default] commodity code: 0 - Electricity consumed (W & W-hr)
2026-08-03 21:13:58,783 INFO  [default]            source: Estimated
2026-08-03 21:13:58,783 INFO  [default]   cumulative: 891
2026-08-03 21:13:58,783 INFO  [default]    inst rate: 800
2026-08-03 21:13:58,784 INFO  [default] commodity code: 6 - Total energy storage/take capacity (W-hr)
2026-08-03 21:13:58,784 INFO  [default]            source: Estimated
2026-08-03 21:13:58,784 INFO  [default]   cumulative: 4026
2026-08-03 21:13:58,784 INFO  [default]    inst rate: not used for this commodity code
2026-08-03 21:13:58,784 INFO  [default] commodity code: 7 - Present energy storage/take capacity (W-hr)
2026-08-03 21:13:58,784 INFO  [default]            source: Estimated
2026-08-03 21:13:58,784 INFO  [default]   cumulative: 375
2026-08-03 21:13:58,785 INFO  [default]    inst rate: not used for this commodity code
2026-08-03 21:13:58,974 INFO  [default] link ACK received: query_operational_state
2026-08-03 21:13:59,086 INFO  [default] operational state received: 1

Press Enter for a list of commands
2026-08-03 21:14:59,284 INFO  [default] link ACK received: get_commodity
2026-08-03 21:14:59,412 INFO  [default] message type supported received: 2
2026-08-03 21:14:59,412 INFO  [default] commodity response received. response code: 0 - success; count: 3
2026-08-03 21:14:59,412 INFO  [default] commodity code: 0 - Electricity consumed (W & W-hr)
2026-08-03 21:14:59,412 INFO  [default]            source: Estimated
2026-08-03 21:14:59,413 INFO  [default]   cumulative: 904
2026-08-03 21:14:59,413 INFO  [default]    inst rate: 800
2026-08-03 21:14:59,413 INFO  [default] commodity code: 6 - Total energy storage/take capacity (W-hr)
2026-08-03 21:14:59,413 INFO  [default]            source: Estimated
2026-08-03 21:14:59,413 INFO  [default]   cumulative: 4026
2026-08-03 21:14:59,413 INFO  [default]    inst rate: not used for this commodity code
2026-08-03 21:14:59,413 INFO  [default] commodity code: 7 - Present energy storage/take capacity (W-hr)
2026-08-03 21:14:59,413 INFO  [default]            source: Estimated
2026-08-03 21:14:59,414 INFO  [default]   cumulative: 375
2026-08-03 21:14:59,414 INFO  [default]    inst rate: not used for this commodity code
2026-08-03 21:14:59,604 INFO  [default] link ACK received: query_operational_state
2026-08-03 21:14:59,700 INFO  [default] operational state received: 1

Press Enter for a list of commands
2026-08-03 21:15:58,905 INFO  [default] link ACK received: get_commodity
2026-08-03 21:15:59,033 INFO  [default] message type supported received: 2
2026-08-03 21:15:59,033 INFO  [default] commodity response received. response code: 0 - success; count: 3
2026-08-03 21:15:59,034 INFO  [default] commodity code: 0 - Electricity consumed (W & W-hr)
2026-08-03 21:15:59,034 INFO  [default]            source: Estimated
2026-08-03 21:15:59,034 INFO  [default]   cumulative: 917
2026-08-03 21:15:59,034 INFO  [default]    inst rate: 800
2026-08-03 21:15:59,034 INFO  [default] commodity code: 6 - Total energy storage/take capacity (W-hr)
2026-08-03 21:15:59,034 INFO  [default]            source: Estimated
2026-08-03 21:15:59,035 INFO  [default]   cumulative: 4026
2026-08-03 21:15:59,035 INFO  [default]    inst rate: not used for this commodity code
2026-08-03 21:15:59,035 INFO  [default] commodity code: 7 - Present energy storage/take capacity (W-hr)
2026-08-03 21:15:59,035 INFO  [default]            source: Estimated
2026-08-03 21:15:59,035 INFO  [default]   cumulative: 375
2026-08-03 21:15:59,035 INFO  [default]    inst rate: not used for this commodity code
2026-08-03 21:15:59,225 INFO  [default] link ACK received: query_operational_state
2026-08-03 21:15:59,337 INFO  [default] operational state received: 1

Press Enter for a list of commands
2026-08-03 21:16:58,543 INFO  [default] link ACK received: get_commodity
2026-08-03 21:16:58,671 INFO  [default] message type supported received: 2
2026-08-03 21:16:58,671 INFO  [default] commodity response received. response code: 0 - success; count: 3
2026-08-03 21:16:58,671 INFO  [default] commodity code: 0 - Electricity consumed (W & W-hr)
2026-08-03 21:16:58,671 INFO  [default]            source: Estimated
2026-08-03 21:16:58,672 INFO  [default]   cumulative: 930
2026-08-03 21:16:58,672 INFO  [default]    inst rate: 800
2026-08-03 21:16:58,672 INFO  [default] commodity code: 6 - Total energy storage/take capacity (W-hr)
2026-08-03 21:16:58,672 INFO  [default]            source: Estimated
2026-08-03 21:16:58,672 INFO  [default]   cumulative: 4026
2026-08-03 21:16:58,672 INFO  [default]    inst rate: not used for this commodity code
2026-08-03 21:16:58,672 INFO  [default] commodity code: 7 - Present energy storage/take capacity (W-hr)
2026-08-03 21:16:58,673 INFO  [default]            source: Estimated
2026-08-03 21:16:58,673 INFO  [default]   cumulative: 375
2026-08-03 21:16:58,673 INFO  [default]    inst rate: not used for this commodity code
2026-08-03 21:16:58,863 INFO  [default] link ACK received: query_operational_state
2026-08-03 21:16:58,975 INFO  [default] operational state received: 1

Press Enter for a list of commands
2026-08-03 21:17:59,188 INFO  [default] link ACK received: get_commodity
2026-08-03 21:17:59,300 INFO  [default] message type supported received: 2
2026-08-03 21:17:59,300 INFO  [default] commodity response received. response code: 0 - success; count: 3
2026-08-03 21:17:59,301 INFO  [default] commodity code: 0 - Electricity consumed (W & W-hr)
2026-08-03 21:17:59,301 INFO  [default]            source: Estimated
2026-08-03 21:17:59,301 INFO  [default]   cumulative: 943
2026-08-03 21:17:59,301 INFO  [default]    inst rate: 800
2026-08-03 21:17:59,301 INFO  [default] commodity code: 6 - Total energy storage/take capacity (W-hr)
2026-08-03 21:17:59,301 INFO  [default]            source: Estimated
2026-08-03 21:17:59,302 INFO  [default]   cumulative: 4026
2026-08-03 21:17:59,302 INFO  [default]    inst rate: not used for this commodity code
2026-08-03 21:17:59,302 INFO  [default] commodity code: 7 - Present energy storage/take capacity (W-hr)
2026-08-03 21:17:59,302 INFO  [default]            source: Estimated
2026-08-03 21:17:59,302 INFO  [default]   cumulative: 375
2026-08-03 21:17:59,302 INFO  [default]    inst rate: not used for this commodity code
2026-08-03 21:17:59,492 INFO  [default] link ACK received: query_operational_state
2026-08-03 21:17:59,604 INFO  [default] operational state received: 1

Press Enter for a list of commands
2026-08-03 21:18:58,810 INFO  [default] link ACK received: get_commodity
2026-08-03 21:18:58,921 INFO  [default] message type supported received: 2
2026-08-03 21:18:58,922 INFO  [default] commodity response received. response code: 0 - success; count: 3
2026-08-03 21:18:58,922 INFO  [default] commodity code: 0 - Electricity consumed (W & W-hr)
2026-08-03 21:18:58,922 INFO  [default]            source: Estimated
2026-08-03 21:18:58,922 INFO  [default]   cumulative: 956
2026-08-03 21:18:58,923 INFO  [default]    inst rate: 800
2026-08-03 21:18:58,923 INFO  [default] commodity code: 6 - Total energy storage/take capacity (W-hr)
2026-08-03 21:18:58,923 INFO  [default]            source: Estimated
2026-08-03 21:18:58,923 INFO  [default]   cumulative: 4026
2026-08-03 21:18:58,923 INFO  [default]    inst rate: not used for this commodity code
2026-08-03 21:18:58,923 INFO  [default] commodity code: 7 - Present energy storage/take capacity (W-hr)
2026-08-03 21:18:58,923 INFO  [default]            source: Estimated
2026-08-03 21:18:58,923 INFO  [default]   cumulative: 300
2026-08-03 21:18:58,924 INFO  [default]    inst rate: not used for this commodity code
2026-08-03 21:18:59,113 INFO  [default] link ACK received: query_operational_state
2026-08-03 21:18:59,225 INFO  [default] operational state received: 1

Press Enter for a list of commands
2026-08-03 21:19:58,431 INFO  [default] link ACK received: get_commodity
2026-08-03 21:19:58,559 INFO  [default] message type supported received: 2
2026-08-03 21:19:58,559 INFO  [default] commodity response received. response code: 0 - success; count: 3
2026-08-03 21:19:58,560 INFO  [default] commodity code: 0 - Electricity consumed (W & W-hr)
2026-08-03 21:19:58,560 INFO  [default]            source: Estimated
2026-08-03 21:19:58,560 INFO  [default]   cumulative: 969
2026-08-03 21:19:58,560 INFO  [default]    inst rate: 800
2026-08-03 21:19:58,560 INFO  [default] commodity code: 6 - Total energy storage/take capacity (W-hr)
2026-08-03 21:19:58,560 INFO  [default]            source: Estimated
2026-08-03 21:19:58,561 INFO  [default]   cumulative: 4026
2026-08-03 21:19:58,561 INFO  [default]    inst rate: not used for this commodity code
2026-08-03 21:19:58,561 INFO  [default] commodity code: 7 - Present energy storage/take capacity (W-hr)
2026-08-03 21:19:58,561 INFO  [default]            source: Estimated
2026-08-03 21:19:58,561 INFO  [default]   cumulative: 300
2026-08-03 21:19:58,561 INFO  [default]    inst rate: not used for this commodity code
2026-08-03 21:19:58,751 INFO  [default] link ACK received: query_operational_state
2026-08-03 21:19:58,863 INFO  [default] operational state received: 1

Press Enter for a list of commands
2026-08-03 21:20:59,076 INFO  [default] link ACK received: get_commodity
2026-08-03 21:20:59,204 INFO  [default] message type supported received: 2
2026-08-03 21:20:59,204 INFO  [default] commodity response received. response code: 0 - success; count: 3
2026-08-03 21:20:59,205 INFO  [default] commodity code: 0 - Electricity consumed (W & W-hr)
2026-08-03 21:20:59,205 INFO  [default]            source: Estimated
2026-08-03 21:20:59,205 INFO  [default]   cumulative: 982
2026-08-03 21:20:59,205 INFO  [default]    inst rate: 800
2026-08-03 21:20:59,205 INFO  [default] commodity code: 6 - Total energy storage/take capacity (W-hr)
2026-08-03 21:20:59,206 INFO  [default]            source: Estimated
2026-08-03 21:20:59,206 INFO  [default]   cumulative: 4026
2026-08-03 21:20:59,206 INFO  [default]    inst rate: not used for this commodity code
2026-08-03 21:20:59,206 INFO  [default] commodity code: 7 - Present energy storage/take capacity (W-hr)
2026-08-03 21:20:59,206 INFO  [default]            source: Estimated
2026-08-03 21:20:59,206 INFO  [default]   cumulative: 300
2026-08-03 21:20:59,206 INFO  [default]    inst rate: not used for this commodity code
2026-08-03 21:20:59,396 INFO  [default] link ACK received: query_operational_state
2026-08-03 21:20:59,508 INFO  [default] operational state received: 1

Press Enter for a list of commands
1785817318,o,0 (PASSED!)
outside communication found
2026-08-03 21:21:58,714 INFO  [default] link ACK received: outside_communication
2026-08-03 21:21:58,826 INFO  [default] app ack received
2026-08-03 21:21:59,018 INFO  [default] link ACK received: get_commodity
2026-08-03 21:21:59,146 INFO  [default] message type supported received: 2
2026-08-03 21:21:59,146 INFO  [default] commodity response received. response code: 0 - success; count: 3
2026-08-03 21:21:59,146 INFO  [default] commodity code: 0 - Electricity consumed (W & W-hr)
2026-08-03 21:21:59,147 INFO  [default]            source: Estimated
2026-08-03 21:21:59,147 INFO  [default]   cumulative: 995
2026-08-03 21:21:59,147 INFO  [default]    inst rate: 800
2026-08-03 21:21:59,147 INFO  [default] commodity code: 6 - Total energy storage/take capacity (W-hr)
2026-08-03 21:21:59,147 INFO  [default]            source: Estimated
2026-08-03 21:21:59,147 INFO  [default]   cumulative: 4026
2026-08-03 21:21:59,147 INFO  [default]    inst rate: not used for this commodity code
2026-08-03 21:21:59,147 INFO  [default] commodity code: 7 - Present energy storage/take capacity (W-hr)
2026-08-03 21:21:59,148 INFO  [default]            source: Estimated
2026-08-03 21:21:59,148 INFO  [default]   cumulative: 300
2026-08-03 21:21:59,148 INFO  [default]    inst rate: not used for this commodity code
2026-08-03 21:21:59,338 INFO  [default] link ACK received: query_operational_state
2026-08-03 21:21:59,450 INFO  [default] operational state received: 1

Press Enter for a list of commands
2026-08-03 21:22:58,655 INFO  [default] link ACK received: get_commodity
2026-08-03 21:22:58,783 INFO  [default] message type supported received: 2
2026-08-03 21:22:58,783 INFO  [default] commodity response received. response code: 0 - success; count: 3
2026-08-03 21:22:58,784 INFO  [default] commodity code: 0 - Electricity consumed (W & W-hr)
2026-08-03 21:22:58,784 INFO  [default]            source: Estimated
2026-08-03 21:22:58,784 INFO  [default]   cumulative: 1008
2026-08-03 21:22:58,784 INFO  [default]    inst rate: 800
2026-08-03 21:22:58,784 INFO  [default] commodity code: 6 - Total energy storage/take capacity (W-hr)
2026-08-03 21:22:58,784 INFO  [default]            source: Estimated
2026-08-03 21:22:58,785 INFO  [default]   cumulative: 4026
2026-08-03 21:22:58,785 INFO  [default]    inst rate: not used for this commodity code
2026-08-03 21:22:58,785 INFO  [default] commodity code: 7 - Present energy storage/take capacity (W-hr)
2026-08-03 21:22:58,785 INFO  [default]            source: Estimated
2026-08-03 21:22:58,785 INFO  [default]   cumulative: 300
2026-08-03 21:22:58,785 INFO  [default]    inst rate: not used for this commodity code
2026-08-03 21:22:58,975 INFO  [default] link ACK received: query_operational_state
2026-08-03 21:22:59,071 INFO  [default] operational state received: 1

Press Enter for a list of commands
2026-08-03 21:23:59,285 INFO  [default] link ACK received: get_commodity
2026-08-03 21:23:59,397 INFO  [default] message type supported received: 2
2026-08-03 21:23:59,397 INFO  [default] commodity response received. response code: 0 - success; count: 3
2026-08-03 21:23:59,397 INFO  [default] commodity code: 0 - Electricity consumed (W & W-hr)
2026-08-03 21:23:59,397 INFO  [default]            source: Estimated
2026-08-03 21:23:59,398 INFO  [default]   cumulative: 1021
2026-08-03 21:23:59,398 INFO  [default]    inst rate: 800
2026-08-03 21:23:59,398 INFO  [default] commodity code: 6 - Total energy storage/take capacity (W-hr)
2026-08-03 21:23:59,398 INFO  [default]            source: Estimated
2026-08-03 21:23:59,398 INFO  [default]   cumulative: 4026
2026-08-03 21:23:59,398 INFO  [default]    inst rate: not used for this commodity code
2026-08-03 21:23:59,398 INFO  [default] commodity code: 7 - Present energy storage/take capacity (W-hr)
2026-08-03 21:23:59,398 INFO  [default]            source: Estimated
2026-08-03 21:23:59,399 INFO  [default]   cumulative: 300
2026-08-03 21:23:59,399 INFO  [default]    inst rate: not used for this commodity code
2026-08-03 21:23:59,589 INFO  [default] link ACK received: query_operational_state
2026-08-03 21:23:59,701 INFO  [default] operational state received: 1

Press Enter for a list of commands
2026-08-03 21:24:58,906 INFO  [default] link ACK received: get_commodity
2026-08-03 21:24:59,034 INFO  [default] message type supported received: 2
2026-08-03 21:24:59,034 INFO  [default] commodity response received. response code: 0 - success; count: 3
2026-08-03 21:24:59,035 INFO  [default] commodity code: 0 - Electricity consumed (W & W-hr)
2026-08-03 21:24:59,035 INFO  [default]            source: Estimated
2026-08-03 21:24:59,035 INFO  [default]   cumulative: 1034
2026-08-03 21:24:59,035 INFO  [default]    inst rate: 800
2026-08-03 21:24:59,035 INFO  [default] commodity code: 6 - Total energy storage/take capacity (W-hr)
2026-08-03 21:24:59,035 INFO  [default]            source: Estimated
2026-08-03 21:24:59,036 INFO  [default]   cumulative: 4026
2026-08-03 21:24:59,036 INFO  [default]    inst rate: not used for this commodity code
2026-08-03 21:24:59,036 INFO  [default] commodity code: 7 - Present energy storage/take capacity (W-hr)
2026-08-03 21:24:59,036 INFO  [default]            source: Estimated
2026-08-03 21:24:59,036 INFO  [default]   cumulative: 300
2026-08-03 21:24:59,036 INFO  [default]    inst rate: not used for this commodity code
2026-08-03 21:24:59,226 INFO  [default] link ACK received: query_operational_state
2026-08-03 21:24:59,322 INFO  [default] operational state received: 1

Press Enter for a list of commands
2026-08-03 21:25:58,528 INFO  [default] link ACK received: get_commodity
2026-08-03 21:25:58,656 INFO  [default] message type supported received: 2
2026-08-03 21:25:58,656 INFO  [default] commodity response received. response code: 0 - success; count: 3
2026-08-03 21:25:58,656 INFO  [default] commodity code: 0 - Electricity consumed (W & W-hr)
2026-08-03 21:25:58,656 INFO  [default]            source: Estimated
2026-08-03 21:25:58,657 INFO  [default]   cumulative: 1047
2026-08-03 21:25:58,657 INFO  [default]    inst rate: 800
2026-08-03 21:25:58,657 INFO  [default] commodity code: 6 - Total energy storage/take capacity (W-hr)
2026-08-03 21:25:58,657 INFO  [default]            source: Estimated
2026-08-03 21:25:58,657 INFO  [default]   cumulative: 4026
2026-08-03 21:25:58,657 INFO  [default]    inst rate: not used for this commodity code
2026-08-03 21:25:58,657 INFO  [default] commodity code: 7 - Present energy storage/take capacity (W-hr)
2026-08-03 21:25:58,658 INFO  [default]            source: Estimated
2026-08-03 21:25:58,658 INFO  [default]   cumulative: 150
2026-08-03 21:25:58,658 INFO  [default]    inst rate: not used for this commodity code
2026-08-03 21:25:58,848 INFO  [default] link ACK received: query_operational_state
2026-08-03 21:25:58,960 INFO  [default] operational state received: 1

Press Enter for a list of commands
2026-08-03 21:26:59,157 INFO  [default] link ACK received: get_commodity
2026-08-03 21:26:59,285 INFO  [default] message type supported received: 2
2026-08-03 21:26:59,285 INFO  [default] commodity response received. response code: 0 - success; count: 3
2026-08-03 21:26:59,286 INFO  [default] commodity code: 0 - Electricity consumed (W & W-hr)
2026-08-03 21:26:59,286 INFO  [default]            source: Estimated
2026-08-03 21:26:59,286 INFO  [default]   cumulative: 1060
2026-08-03 21:26:59,286 INFO  [default]    inst rate: 800
2026-08-03 21:26:59,286 INFO  [default] commodity code: 6 - Total energy storage/take capacity (W-hr)
2026-08-03 21:26:59,286 INFO  [default]            source: Estimated
2026-08-03 21:26:59,286 INFO  [default]   cumulative: 4026
2026-08-03 21:26:59,286 INFO  [default]    inst rate: not used for this commodity code
2026-08-03 21:26:59,287 INFO  [default] commodity code: 7 - Present energy storage/take capacity (W-hr)
2026-08-03 21:26:59,287 INFO  [default]            source: Estimated
2026-08-03 21:26:59,287 INFO  [default]   cumulative: 150
2026-08-03 21:26:59,287 INFO  [default]    inst rate: not used for this commodity code
2026-08-03 21:26:59,477 INFO  [default] link ACK received: query_operational_state
2026-08-03 21:26:59,589 INFO  [default] operational state received: 1

Press Enter for a list of commands
2026-08-03 21:27:58,778 INFO  [default] link ACK received: get_commodity
2026-08-03 21:27:58,906 INFO  [default] message type supported received: 2
2026-08-03 21:27:58,907 INFO  [default] commodity response received. response code: 0 - success; count: 3
2026-08-03 21:27:58,907 INFO  [default] commodity code: 0 - Electricity consumed (W & W-hr)
2026-08-03 21:27:58,907 INFO  [default]            source: Estimated
2026-08-03 21:27:58,907 INFO  [default]   cumulative: 1073
2026-08-03 21:27:58,908 INFO  [default]    inst rate: 800
2026-08-03 21:27:58,908 INFO  [default] commodity code: 6 - Total energy storage/take capacity (W-hr)
2026-08-03 21:27:58,908 INFO  [default]            source: Estimated
2026-08-03 21:27:58,908 INFO  [default]   cumulative: 4026
2026-08-03 21:27:58,908 INFO  [default]    inst rate: not used for this commodity code
2026-08-03 21:27:58,908 INFO  [default] commodity code: 7 - Present energy storage/take capacity (W-hr)
2026-08-03 21:27:58,908 INFO  [default]            source: Estimated
2026-08-03 21:27:58,908 INFO  [default]   cumulative: 0
2026-08-03 21:27:58,909 INFO  [default]    inst rate: not used for this commodity code
2026-08-03 21:27:59,098 INFO  [default] link ACK received: query_operational_state
2026-08-03 21:27:59,210 INFO  [default] operational state received: 1

Press Enter for a list of commands
2026-08-03 21:28:58,416 INFO  [default] link ACK received: get_commodity
2026-08-03 21:28:58,544 INFO  [default] message type supported received: 2
2026-08-03 21:28:58,544 INFO  [default] commodity response received. response code: 0 - success; count: 3
2026-08-03 21:28:58,545 INFO  [default] commodity code: 0 - Electricity consumed (W & W-hr)
2026-08-03 21:28:58,545 INFO  [default]            source: Estimated
2026-08-03 21:28:58,545 INFO  [default]   cumulative: 1086
2026-08-03 21:28:58,545 INFO  [default]    inst rate: 800
2026-08-03 21:28:58,545 INFO  [default] commodity code: 6 - Total energy storage/take capacity (W-hr)
2026-08-03 21:28:58,545 INFO  [default]            source: Estimated
2026-08-03 21:28:58,545 INFO  [default]   cumulative: 4026
2026-08-03 21:28:58,545 INFO  [default]    inst rate: not used for this commodity code
2026-08-03 21:28:58,546 INFO  [default] commodity code: 7 - Present energy storage/take capacity (W-hr)
2026-08-03 21:28:58,546 INFO  [default]            source: Estimated
2026-08-03 21:28:58,546 INFO  [default]   cumulative: 0
2026-08-03 21:28:58,546 INFO  [default]    inst rate: not used for this commodity code
2026-08-03 21:28:58,736 INFO  [default] link ACK received: query_operational_state
2026-08-03 21:28:58,848 INFO  [default] operational state received: 1

Press Enter for a list of commands
2026-08-03 21:29:59,045 INFO  [default] link ACK received: get_commodity
2026-08-03 21:29:59,173 INFO  [default] message type supported received: 2
2026-08-03 21:29:59,173 INFO  [default] commodity response received. response code: 0 - success; count: 3
2026-08-03 21:29:59,174 INFO  [default] commodity code: 0 - Electricity consumed (W & W-hr)
2026-08-03 21:29:59,174 INFO  [default]            source: Estimated
2026-08-03 21:29:59,174 INFO  [default]   cumulative: 1099
2026-08-03 21:29:59,174 INFO  [default]    inst rate: 800
2026-08-03 21:29:59,174 INFO  [default] commodity code: 6 - Total energy storage/take capacity (W-hr)
2026-08-03 21:29:59,175 INFO  [default]            source: Estimated
2026-08-03 21:29:59,175 INFO  [default]   cumulative: 4026
2026-08-03 21:29:59,175 INFO  [default]    inst rate: not used for this commodity code
2026-08-03 21:29:59,175 INFO  [default] commodity code: 7 - Present energy storage/take capacity (W-hr)
2026-08-03 21:29:59,175 INFO  [default]            source: Estimated
2026-08-03 21:29:59,175 INFO  [default]   cumulative: 0
2026-08-03 21:29:59,175 INFO  [default]    inst rate: not used for this commodity code
2026-08-03 21:29:59,365 INFO  [default] link ACK received: query_operational_state
2026-08-03 21:29:59,461 INFO  [default] operational state received: 1

Press Enter for a list of commands
2026-08-03 21:30:58,667 INFO  [default] link ACK received: get_commodity
2026-08-03 21:30:58,795 INFO  [default] message type supported received: 2
2026-08-03 21:30:58,795 INFO  [default] commodity response received. response code: 0 - success; count: 3
2026-08-03 21:30:58,795 INFO  [default] commodity code: 0 - Electricity consumed (W & W-hr)
2026-08-03 21:30:58,796 INFO  [default]            source: Estimated
2026-08-03 21:30:58,796 INFO  [default]   cumulative: 1112
2026-08-03 21:30:58,796 INFO  [default]    inst rate: 800
2026-08-03 21:30:58,796 INFO  [default] commodity code: 6 - Total energy storage/take capacity (W-hr)
2026-08-03 21:30:58,796 INFO  [default]            source: Estimated
2026-08-03 21:30:58,796 INFO  [default]   cumulative: 4026
2026-08-03 21:30:58,796 INFO  [default]    inst rate: not used for this commodity code
2026-08-03 21:30:58,796 INFO  [default] commodity code: 7 - Present energy storage/take capacity (W-hr)
2026-08-03 21:30:58,797 INFO  [default]            source: Estimated
2026-08-03 21:30:58,797 INFO  [default]   cumulative: 0
2026-08-03 21:30:58,797 INFO  [default]    inst rate: not used for this commodity code
2026-08-03 21:30:58,987 INFO  [default] link ACK received: query_operational_state
2026-08-03 21:30:59,099 INFO  [default] operational state received: 1

Press Enter for a list of commands
2026-08-03 21:31:58,304 INFO  [default] link ACK received: get_commodity
2026-08-03 21:31:58,432 INFO  [default] message type supported received: 2
2026-08-03 21:31:58,432 INFO  [default] commodity response received. response code: 0 - success; count: 3
2026-08-03 21:31:58,433 INFO  [default] commodity code: 0 - Electricity consumed (W & W-hr)
2026-08-03 21:31:58,433 INFO  [default]            source: Estimated
2026-08-03 21:31:58,433 INFO  [default]   cumulative: 1125
2026-08-03 21:31:58,433 INFO  [default]    inst rate: 800
2026-08-03 21:31:58,433 INFO  [default] commodity code: 6 - Total energy storage/take capacity (W-hr)
2026-08-03 21:31:58,434 INFO  [default]            source: Estimated
2026-08-03 21:31:58,434 INFO  [default]   cumulative: 4026
2026-08-03 21:31:58,434 INFO  [default]    inst rate: not used for this commodity code
2026-08-03 21:31:58,434 INFO  [default] commodity code: 7 - Present energy storage/take capacity (W-hr)
2026-08-03 21:31:58,434 INFO  [default]            source: Estimated
2026-08-03 21:31:58,434 INFO  [default]   cumulative: 0
2026-08-03 21:31:58,434 INFO  [default]    inst rate: not used for this commodity code
2026-08-03 21:31:58,624 INFO  [default] link ACK received: query_operational_state
2026-08-03 21:31:58,736 INFO  [default] operational state received: 1

Press Enter for a list of commands
2026-08-03 21:32:58,950 INFO  [default] link ACK received: get_commodity
2026-08-03 21:32:59,062 INFO  [default] message type supported received: 2
2026-08-03 21:32:59,062 INFO  [default] commodity response received. response code: 0 - success; count: 3
2026-08-03 21:32:59,062 INFO  [default] commodity code: 0 - Electricity consumed (W & W-hr)
2026-08-03 21:32:59,062 INFO  [default]            source: Estimated
2026-08-03 21:32:59,062 INFO  [default]   cumulative: 1138
2026-08-03 21:32:59,063 INFO  [default]    inst rate: 800
2026-08-03 21:32:59,063 INFO  [default] commodity code: 6 - Total energy storage/take capacity (W-hr)
2026-08-03 21:32:59,063 INFO  [default]            source: Estimated
2026-08-03 21:32:59,063 INFO  [default]   cumulative: 4026
2026-08-03 21:32:59,063 INFO  [default]    inst rate: not used for this commodity code
2026-08-03 21:32:59,063 INFO  [default] commodity code: 7 - Present energy storage/take capacity (W-hr)
2026-08-03 21:32:59,063 INFO  [default]            source: Estimated
2026-08-03 21:32:59,064 INFO  [default]   cumulative: 0
2026-08-03 21:32:59,064 INFO  [default]    inst rate: not used for this commodity code
2026-08-03 21:32:59,254 INFO  [default] link ACK received: query_operational_state
2026-08-03 21:32:59,350 INFO  [default] operational state received: 1

Press Enter for a list of commands
2026-08-03 21:33:58,555 INFO  [default] link ACK received: get_commodity
2026-08-03 21:33:58,683 INFO  [default] message type supported received: 2
2026-08-03 21:33:58,683 INFO  [default] commodity response received. response code: 0 - success; count: 3
2026-08-03 21:33:58,684 INFO  [default] commodity code: 0 - Electricity consumed (W & W-hr)
2026-08-03 21:33:58,684 INFO  [default]            source: Estimated
2026-08-03 21:33:58,684 INFO  [default]   cumulative: 1151
2026-08-03 21:33:58,684 INFO  [default]    inst rate: 800
2026-08-03 21:33:58,684 INFO  [default] commodity code: 6 - Total energy storage/take capacity (W-hr)
2026-08-03 21:33:58,685 INFO  [default]            source: Estimated
2026-08-03 21:33:58,685 INFO  [default]   cumulative: 4026
2026-08-03 21:33:58,685 INFO  [default]    inst rate: not used for this commodity code
2026-08-03 21:33:58,685 INFO  [default] commodity code: 7 - Present energy storage/take capacity (W-hr)
2026-08-03 21:33:58,685 INFO  [default]            source: Estimated
2026-08-03 21:33:58,685 INFO  [default]   cumulative: 0
2026-08-03 21:33:58,685 INFO  [default]    inst rate: not used for this commodity code
2026-08-03 21:33:58,875 INFO  [default] link ACK received: query_operational_state
2026-08-03 21:33:58,987 INFO  [default] operational state received: 1

Press Enter for a list of commands
2026-08-03 21:34:59,184 INFO  [default] link ACK received: get_commodity
2026-08-03 21:34:59,312 INFO  [default] message type supported received: 2
2026-08-03 21:34:59,313 INFO  [default] commodity response received. response code: 0 - success; count: 3
2026-08-03 21:34:59,313 INFO  [default] commodity code: 0 - Electricity consumed (W & W-hr)
2026-08-03 21:34:59,313 INFO  [default]            source: Estimated
2026-08-03 21:34:59,313 INFO  [default]   cumulative: 1164
2026-08-03 21:34:59,313 INFO  [default]    inst rate: 800
2026-08-03 21:34:59,314 INFO  [default] commodity code: 6 - Total energy storage/take capacity (W-hr)
2026-08-03 21:34:59,314 INFO  [default]            source: Estimated
2026-08-03 21:34:59,314 INFO  [default]   cumulative: 4026
2026-08-03 21:34:59,314 INFO  [default]    inst rate: not used for this commodity code
2026-08-03 21:34:59,314 INFO  [default] commodity code: 7 - Present energy storage/take capacity (W-hr)
2026-08-03 21:34:59,314 INFO  [default]            source: Estimated
2026-08-03 21:34:59,314 INFO  [default]   cumulative: 0
2026-08-03 21:34:59,314 INFO  [default]    inst rate: not used for this commodity code
2026-08-03 21:34:59,504 INFO  [default] link ACK received: query_operational_state
2026-08-03 21:34:59,616 INFO  [default] operational state received: 1

Press Enter for a list of commands
1785818128,o,0 (PASSED!)
outside communication found
2026-08-03 21:35:28,763 INFO  [default] link ACK received: outside_communication
2026-08-03 21:35:28,875 INFO  [default] app ack received
2026-08-03 21:35:59,030 INFO  [default] link ACK received: get_commodity
2026-08-03 21:35:59,158 INFO  [default] message type supported received: 2
2026-08-03 21:35:59,158 INFO  [default] commodity response received. response code: 0 - success; count: 3
2026-08-03 21:35:59,158 INFO  [default] commodity code: 0 - Electricity consumed (W & W-hr)
2026-08-03 21:35:59,159 INFO  [default]            source: Estimated
2026-08-03 21:35:59,159 INFO  [default]   cumulative: 1177
2026-08-03 21:35:59,159 INFO  [default]    inst rate: 800
2026-08-03 21:35:59,159 INFO  [default] commodity code: 6 - Total energy storage/take capacity (W-hr)
2026-08-03 21:35:59,159 INFO  [default]            source: Estimated
2026-08-03 21:35:59,159 INFO  [default]   cumulative: 4026
2026-08-03 21:35:59,159 INFO  [default]    inst rate: not used for this commodity code
2026-08-03 21:35:59,160 INFO  [default] commodity code: 7 - Present energy storage/take capacity (W-hr)
2026-08-03 21:35:59,160 INFO  [default]            source: Estimated
2026-08-03 21:35:59,160 INFO  [default]   cumulative: 0
2026-08-03 21:35:59,160 INFO  [default]    inst rate: not used for this commodity code
2026-08-03 21:35:59,350 INFO  [default] link ACK received: query_operational_state
2026-08-03 21:35:59,446 INFO  [default] operational state received: 1

Press Enter for a list of commands
2026-08-03 21:36:58,651 INFO  [default] link ACK received: get_commodity
2026-08-03 21:36:58,779 INFO  [default] message type supported received: 2
2026-08-03 21:36:58,780 INFO  [default] commodity response received. response code: 0 - success; count: 3
2026-08-03 21:36:58,780 INFO  [default] commodity code: 0 - Electricity consumed (W & W-hr)
2026-08-03 21:36:58,780 INFO  [default]            source: Estimated
2026-08-03 21:36:58,780 INFO  [default]   cumulative: 1190
2026-08-03 21:36:58,781 INFO  [default]    inst rate: 800
2026-08-03 21:36:58,781 INFO  [default] commodity code: 6 - Total energy storage/take capacity (W-hr)
2026-08-03 21:36:58,781 INFO  [default]            source: Estimated
2026-08-03 21:36:58,781 INFO  [default]   cumulative: 4026
2026-08-03 21:36:58,781 INFO  [default]    inst rate: not used for this commodity code
2026-08-03 21:36:58,781 INFO  [default] commodity code: 7 - Present energy storage/take capacity (W-hr)
2026-08-03 21:36:58,781 INFO  [default]            source: Estimated
2026-08-03 21:36:58,781 INFO  [default]   cumulative: 0
2026-08-03 21:36:58,782 INFO  [default]    inst rate: not used for this commodity code
2026-08-03 21:36:58,971 INFO  [default] link ACK received: query_operational_state
2026-08-03 21:36:59,083 INFO  [default] operational state received: 1

Press Enter for a list of commands
2026-08-03 21:37:59,297 INFO  [default] link ACK received: get_commodity
2026-08-03 21:37:59,409 INFO  [default] message type supported received: 2
2026-08-03 21:37:59,409 INFO  [default] commodity response received. response code: 0 - success; count: 3
2026-08-03 21:37:59,409 INFO  [default] commodity code: 0 - Electricity consumed (W & W-hr)
2026-08-03 21:37:59,409 INFO  [default]            source: Estimated
2026-08-03 21:37:59,410 INFO  [default]   cumulative: 1203
2026-08-03 21:37:59,410 INFO  [default]    inst rate: 800
2026-08-03 21:37:59,410 INFO  [default] commodity code: 6 - Total energy storage/take capacity (W-hr)
2026-08-03 21:37:59,410 INFO  [default]            source: Estimated
2026-08-03 21:37:59,410 INFO  [default]   cumulative: 4026
2026-08-03 21:37:59,410 INFO  [default]    inst rate: not used for this commodity code
2026-08-03 21:37:59,410 INFO  [default] commodity code: 7 - Present energy storage/take capacity (W-hr)
2026-08-03 21:37:59,410 INFO  [default]            source: Estimated
2026-08-03 21:37:59,411 INFO  [default]   cumulative: 0
2026-08-03 21:37:59,411 INFO  [default]    inst rate: not used for this commodity code
2026-08-03 21:37:59,601 INFO  [default] link ACK received: query_operational_state
2026-08-03 21:37:59,713 INFO  [default] operational state received: 1

Press Enter for a list of commands
2026-08-03 21:38:58,918 INFO  [default] link ACK received: get_commodity
2026-08-03 21:38:59,046 INFO  [default] message type supported received: 2
2026-08-03 21:38:59,046 INFO  [default] commodity response received. response code: 0 - success; count: 3
2026-08-03 21:38:59,047 INFO  [default] commodity code: 0 - Electricity consumed (W & W-hr)
2026-08-03 21:38:59,047 INFO  [default]            source: Estimated
2026-08-03 21:38:59,047 INFO  [default]   cumulative: 1216
2026-08-03 21:38:59,047 INFO  [default]    inst rate: 800
2026-08-03 21:38:59,047 INFO  [default] commodity code: 6 - Total energy storage/take capacity (W-hr)
2026-08-03 21:38:59,048 INFO  [default]            source: Estimated
2026-08-03 21:38:59,048 INFO  [default]   cumulative: 4026
2026-08-03 21:38:59,048 INFO  [default]    inst rate: not used for this commodity code
2026-08-03 21:38:59,048 INFO  [default] commodity code: 7 - Present energy storage/take capacity (W-hr)
2026-08-03 21:38:59,048 INFO  [default]            source: Estimated
2026-08-03 21:38:59,048 INFO  [default]   cumulative: 0
2026-08-03 21:38:59,048 INFO  [default]    inst rate: not used for this commodity code
2026-08-03 21:38:59,238 INFO  [default] link ACK received: query_operational_state
2026-08-03 21:38:59,334 INFO  [default] operational state received: 1

Press Enter for a list of commands
2026-08-03 21:39:58,540 INFO  [default] link ACK received: get_commodity
2026-08-03 21:39:58,668 INFO  [default] message type supported received: 2
2026-08-03 21:39:58,668 INFO  [default] commodity response received. response code: 0 - success; count: 3
2026-08-03 21:39:58,668 INFO  [default] commodity code: 0 - Electricity consumed (W & W-hr)
2026-08-03 21:39:58,668 INFO  [default]            source: Estimated
2026-08-03 21:39:58,669 INFO  [default]   cumulative: 1229
2026-08-03 21:39:58,669 INFO  [default]    inst rate: 800
2026-08-03 21:39:58,669 INFO  [default] commodity code: 6 - Total energy storage/take capacity (W-hr)
2026-08-03 21:39:58,669 INFO  [default]            source: Estimated
2026-08-03 21:39:58,669 INFO  [default]   cumulative: 4026
2026-08-03 21:39:58,669 INFO  [default]    inst rate: not used for this commodity code
2026-08-03 21:39:58,669 INFO  [default] commodity code: 7 - Present energy storage/take capacity (W-hr)
2026-08-03 21:39:58,669 INFO  [default]            source: Estimated
2026-08-03 21:39:58,670 INFO  [default]   cumulative: 0
2026-08-03 21:39:58,670 INFO  [default]    inst rate: not used for this commodity code
2026-08-03 21:39:58,860 INFO  [default] link ACK received: query_operational_state
2026-08-03 21:39:58,956 INFO  [default] operational state received: 1

Press Enter for a list of commands
2026-08-03 21:40:59,169 INFO  [default] link ACK received: get_commodity
2026-08-03 21:40:59,297 INFO  [default] message type supported received: 2
2026-08-03 21:40:59,297 INFO  [default] commodity response received. response code: 0 - success; count: 3
2026-08-03 21:40:59,298 INFO  [default] commodity code: 0 - Electricity consumed (W & W-hr)
2026-08-03 21:40:59,298 INFO  [default]            source: Estimated
2026-08-03 21:40:59,298 INFO  [default]   cumulative: 1242
2026-08-03 21:40:59,298 INFO  [default]    inst rate: 800
2026-08-03 21:40:59,298 INFO  [default] commodity code: 6 - Total energy storage/take capacity (W-hr)
2026-08-03 21:40:59,298 INFO  [default]            source: Estimated
2026-08-03 21:40:59,298 INFO  [default]   cumulative: 4026
2026-08-03 21:40:59,299 INFO  [default]    inst rate: not used for this commodity code
2026-08-03 21:40:59,299 INFO  [default] commodity code: 7 - Present energy storage/take capacity (W-hr)
2026-08-03 21:40:59,299 INFO  [default]            source: Estimated
2026-08-03 21:40:59,299 INFO  [default]   cumulative: 0
2026-08-03 21:40:59,299 INFO  [default]    inst rate: not used for this commodity code
2026-08-03 21:40:59,489 INFO  [default] link ACK received: query_operational_state
2026-08-03 21:40:59,601 INFO  [default] operational state received: 1

Press Enter for a list of commands
2026-08-03 21:41:58,807 INFO  [default] link ACK received: get_commodity
2026-08-03 21:41:58,934 INFO  [default] message type supported received: 2
2026-08-03 21:41:58,935 INFO  [default] commodity response received. response code: 0 - success; count: 3
2026-08-03 21:41:58,935 INFO  [default] commodity code: 0 - Electricity consumed (W & W-hr)
2026-08-03 21:41:58,935 INFO  [default]            source: Estimated
2026-08-03 21:41:58,936 INFO  [default]   cumulative: 1255
2026-08-03 21:41:58,936 INFO  [default]    inst rate: 800
2026-08-03 21:41:58,936 INFO  [default] commodity code: 6 - Total energy storage/take capacity (W-hr)
2026-08-03 21:41:58,936 INFO  [default]            source: Estimated
2026-08-03 21:41:58,936 INFO  [default]   cumulative: 4026
2026-08-03 21:41:58,936 INFO  [default]    inst rate: not used for this commodity code
2026-08-03 21:41:58,936 INFO  [default] commodity code: 7 - Present energy storage/take capacity (W-hr)
2026-08-03 21:41:58,936 INFO  [default]            source: Estimated
2026-08-03 21:41:58,937 INFO  [default]   cumulative: 0
2026-08-03 21:41:58,937 INFO  [default]    inst rate: not used for this commodity code
2026-08-03 21:41:59,126 INFO  [default] link ACK received: query_operational_state
2026-08-03 21:41:59,238 INFO  [default] operational state received: 1

Press Enter for a list of commands
2026-08-03 21:42:58,444 INFO  [default] link ACK received: get_commodity
2026-08-03 21:42:58,572 INFO  [default] message type supported received: 2
2026-08-03 21:42:58,572 INFO  [default] commodity response received. response code: 0 - success; count: 3
2026-08-03 21:42:58,573 INFO  [default] commodity code: 0 - Electricity consumed (W & W-hr)
2026-08-03 21:42:58,573 INFO  [default]            source: Estimated
2026-08-03 21:42:58,573 INFO  [default]   cumulative: 1268
2026-08-03 21:42:58,573 INFO  [default]    inst rate: 800
2026-08-03 21:42:58,573 INFO  [default] commodity code: 6 - Total energy storage/take capacity (W-hr)
2026-08-03 21:42:58,573 INFO  [default]            source: Estimated
2026-08-03 21:42:58,573 INFO  [default]   cumulative: 4026
2026-08-03 21:42:58,574 INFO  [default]    inst rate: not used for this commodity code
2026-08-03 21:42:58,574 INFO  [default] commodity code: 7 - Present energy storage/take capacity (W-hr)
2026-08-03 21:42:58,574 INFO  [default]            source: Estimated
2026-08-03 21:42:58,574 INFO  [default]   cumulative: 0
2026-08-03 21:42:58,574 INFO  [default]    inst rate: not used for this commodity code
2026-08-03 21:42:58,764 INFO  [default] link ACK received: query_operational_state
2026-08-03 21:42:58,876 INFO  [default] operational state received: 1

Press Enter for a list of commands
2026-08-03 21:43:59,073 INFO  [default] link ACK received: get_commodity
2026-08-03 21:43:59,201 INFO  [default] message type supported received: 2
2026-08-03 21:43:59,202 INFO  [default] commodity response received. response code: 0 - success; count: 3
2026-08-03 21:43:59,202 INFO  [default] commodity code: 0 - Electricity consumed (W & W-hr)
2026-08-03 21:43:59,202 INFO  [default]            source: Estimated
2026-08-03 21:43:59,202 INFO  [default]   cumulative: 1281
2026-08-03 21:43:59,202 INFO  [default]    inst rate: 800
2026-08-03 21:43:59,203 INFO  [default] commodity code: 6 - Total energy storage/take capacity (W-hr)
2026-08-03 21:43:59,203 INFO  [default]            source: Estimated
2026-08-03 21:43:59,203 INFO  [default]   cumulative: 4026
2026-08-03 21:43:59,203 INFO  [default]    inst rate: not used for this commodity code
2026-08-03 21:43:59,203 INFO  [default] commodity code: 7 - Present energy storage/take capacity (W-hr)
2026-08-03 21:43:59,203 INFO  [default]            source: Estimated
2026-08-03 21:43:59,203 INFO  [default]   cumulative: 0
2026-08-03 21:43:59,204 INFO  [default]    inst rate: not used for this commodity code
2026-08-03 21:43:59,393 INFO  [default] link ACK received: query_operational_state
2026-08-03 21:43:59,505 INFO  [default] operational state received: 1

Press Enter for a list of commands
2026-08-03 21:44:58,711 INFO  [default] link ACK received: get_commodity
2026-08-03 21:44:58,839 INFO  [default] message type supported received: 2
2026-08-03 21:44:58,839 INFO  [default] commodity response received. response code: 0 - success; count: 3
2026-08-03 21:44:58,839 INFO  [default] commodity code: 0 - Electricity consumed (W & W-hr)
2026-08-03 21:44:58,840 INFO  [default]            source: Estimated
2026-08-03 21:44:58,840 INFO  [default]   cumulative: 1294
2026-08-03 21:44:58,840 INFO  [default]    inst rate: 800
2026-08-03 21:44:58,840 INFO  [default] commodity code: 6 - Total energy storage/take capacity (W-hr)
2026-08-03 21:44:58,840 INFO  [default]            source: Estimated
2026-08-03 21:44:58,840 INFO  [default]   cumulative: 4026
2026-08-03 21:44:58,840 INFO  [default]    inst rate: not used for this commodity code
2026-08-03 21:44:58,841 INFO  [default] commodity code: 7 - Present energy storage/take capacity (W-hr)
2026-08-03 21:44:58,841 INFO  [default]            source: Estimated
2026-08-03 21:44:58,841 INFO  [default]   cumulative: 0
2026-08-03 21:44:58,841 INFO  [default]    inst rate: not used for this commodity code
2026-08-03 21:44:59,031 INFO  [default] link ACK received: query_operational_state
2026-08-03 21:44:59,143 INFO  [default] operational state received: 1

Press Enter for a list of commands
2026-08-03 21:45:58,348 INFO  [default] link ACK received: get_commodity
2026-08-03 21:45:58,476 INFO  [default] message type supported received: 2
2026-08-03 21:45:58,476 INFO  [default] commodity response received. response code: 0 - success; count: 3
2026-08-03 21:45:58,477 INFO  [default] commodity code: 0 - Electricity consumed (W & W-hr)
2026-08-03 21:45:58,477 INFO  [default]            source: Estimated
2026-08-03 21:45:58,477 INFO  [default]   cumulative: 1307
2026-08-03 21:45:58,477 INFO  [default]    inst rate: 800
2026-08-03 21:45:58,477 INFO  [default] commodity code: 6 - Total energy storage/take capacity (W-hr)
2026-08-03 21:45:58,478 INFO  [default]            source: Estimated
2026-08-03 21:45:58,478 INFO  [default]   cumulative: 4026
2026-08-03 21:45:58,478 INFO  [default]    inst rate: not used for this commodity code
2026-08-03 21:45:58,478 INFO  [default] commodity code: 7 - Present energy storage/take capacity (W-hr)
2026-08-03 21:45:58,478 INFO  [default]            source: Estimated
2026-08-03 21:45:58,478 INFO  [default]   cumulative: 0
2026-08-03 21:45:58,478 INFO  [default]    inst rate: not used for this commodity code
2026-08-03 21:45:58,668 INFO  [default] link ACK received: query_operational_state
2026-08-03 21:45:58,764 INFO  [default] operational state received: 1

Press Enter for a list of commands
2026-08-03 21:46:58,978 INFO  [default] link ACK received: get_commodity
2026-08-03 21:46:59,090 INFO  [default] message type supported received: 2
2026-08-03 21:46:59,090 INFO  [default] commodity response received. response code: 0 - success; count: 3
2026-08-03 21:46:59,090 INFO  [default] commodity code: 0 - Electricity consumed (W & W-hr)
2026-08-03 21:46:59,090 INFO  [default]            source: Estimated
2026-08-03 21:46:59,091 INFO  [default]   cumulative: 1320
2026-08-03 21:46:59,091 INFO  [default]    inst rate: 800
2026-08-03 21:46:59,091 INFO  [default] commodity code: 6 - Total energy storage/take capacity (W-hr)
2026-08-03 21:46:59,091 INFO  [default]            source: Estimated
2026-08-03 21:46:59,091 INFO  [default]   cumulative: 4026
2026-08-03 21:46:59,091 INFO  [default]    inst rate: not used for this commodity code
2026-08-03 21:46:59,091 INFO  [default] commodity code: 7 - Present energy storage/take capacity (W-hr)
2026-08-03 21:46:59,092 INFO  [default]            source: Estimated
2026-08-03 21:46:59,092 INFO  [default]   cumulative: 0
2026-08-03 21:46:59,092 INFO  [default]    inst rate: not used for this commodity code
2026-08-03 21:46:59,282 INFO  [default] link ACK received: query_operational_state
2026-08-03 21:46:59,394 INFO  [default] operational state received: 1

Press Enter for a list of commands
2026-08-03 21:47:58,599 INFO  [default] link ACK received: get_commodity
2026-08-03 21:47:58,727 INFO  [default] message type supported received: 2
2026-08-03 21:47:58,727 INFO  [default] commodity response received. response code: 0 - success; count: 3
2026-08-03 21:47:58,728 INFO  [default] commodity code: 0 - Electricity consumed (W & W-hr)
2026-08-03 21:47:58,728 INFO  [default]            source: Estimated
2026-08-03 21:47:58,728 INFO  [default]   cumulative: 1333
2026-08-03 21:47:58,728 INFO  [default]    inst rate: 800
2026-08-03 21:47:58,728 INFO  [default] commodity code: 6 - Total energy storage/take capacity (W-hr)
2026-08-03 21:47:58,729 INFO  [default]            source: Estimated
2026-08-03 21:47:58,729 INFO  [default]   cumulative: 4026
2026-08-03 21:47:58,729 INFO  [default]    inst rate: not used for this commodity code
2026-08-03 21:47:58,729 INFO  [default] commodity code: 7 - Present energy storage/take capacity (W-hr)
2026-08-03 21:47:58,729 INFO  [default]            source: Estimated
2026-08-03 21:47:58,729 INFO  [default]   cumulative: 0
2026-08-03 21:47:58,729 INFO  [default]    inst rate: not used for this commodity code
2026-08-03 21:47:58,919 INFO  [default] link ACK received: query_operational_state
2026-08-03 21:47:59,015 INFO  [default] operational state received: 1

Press Enter for a list of commands
1785818938,o,0 (PASSED!)
outside communication found
2026-08-03 21:48:58,221 INFO  [default] link ACK received: outside_communication
2026-08-03 21:48:58,317 INFO  [default] app ack received
2026-08-03 21:48:58,509 INFO  [default] link ACK received: get_commodity
2026-08-03 21:48:58,637 INFO  [default] message type supported received: 2
2026-08-03 21:48:58,637 INFO  [default] commodity response received. response code: 0 - success; count: 3
2026-08-03 21:48:58,637 INFO  [default] commodity code: 0 - Electricity consumed (W & W-hr)
2026-08-03 21:48:58,637 INFO  [default]            source: Estimated
2026-08-03 21:48:58,637 INFO  [default]   cumulative: 1346
2026-08-03 21:48:58,638 INFO  [default]    inst rate: 800
2026-08-03 21:48:58,638 INFO  [default] commodity code: 6 - Total energy storage/take capacity (W-hr)
2026-08-03 21:48:58,638 INFO  [default]            source: Estimated
2026-08-03 21:48:58,638 INFO  [default]   cumulative: 4026
2026-08-03 21:48:58,638 INFO  [default]    inst rate: not used for this commodity code
2026-08-03 21:48:58,638 INFO  [default] commodity code: 7 - Present energy storage/take capacity (W-hr)
2026-08-03 21:48:58,638 INFO  [default]            source: Estimated
2026-08-03 21:48:58,638 INFO  [default]   cumulative: 0
2026-08-03 21:48:58,639 INFO  [default]    inst rate: not used for this commodity code
2026-08-03 21:48:58,829 INFO  [default] link ACK received: query_operational_state
2026-08-03 21:48:58,940 INFO  [default] operational state received: 1

Press Enter for a list of commands
2026-08-03 21:49:59,138 INFO  [default] link ACK received: get_commodity
2026-08-03 21:49:59,266 INFO  [default] message type supported received: 2
2026-08-03 21:49:59,266 INFO  [default] commodity response received. response code: 0 - success; count: 3
2026-08-03 21:49:59,267 INFO  [default] commodity code: 0 - Electricity consumed (W & W-hr)
2026-08-03 21:49:59,267 INFO  [default]            source: Estimated
2026-08-03 21:49:59,267 INFO  [default]   cumulative: 1359
2026-08-03 21:49:59,267 INFO  [default]    inst rate: 800
2026-08-03 21:49:59,267 INFO  [default] commodity code: 6 - Total energy storage/take capacity (W-hr)
2026-08-03 21:49:59,267 INFO  [default]            source: Estimated
2026-08-03 21:49:59,267 INFO  [default]   cumulative: 4026
2026-08-03 21:49:59,267 INFO  [default]    inst rate: not used for this commodity code
2026-08-03 21:49:59,268 INFO  [default] commodity code: 7 - Present energy storage/take capacity (W-hr)
2026-08-03 21:49:59,268 INFO  [default]            source: Estimated
2026-08-03 21:49:59,268 INFO  [default]   cumulative: 0
2026-08-03 21:49:59,268 INFO  [default]    inst rate: not used for this commodity code
2026-08-03 21:49:59,458 INFO  [default] link ACK received: query_operational_state
2026-08-03 21:49:59,570 INFO  [default] operational state received: 1

Press Enter for a list of commands
2026-08-03 21:50:58,775 INFO  [default] link ACK received: get_commodity
2026-08-03 21:50:58,903 INFO  [default] message type supported received: 2
2026-08-03 21:50:58,904 INFO  [default] commodity response received. response code: 0 - success; count: 3
2026-08-03 21:50:58,904 INFO  [default] commodity code: 0 - Electricity consumed (W & W-hr)
2026-08-03 21:50:58,904 INFO  [default]            source: Estimated
2026-08-03 21:50:58,904 INFO  [default]   cumulative: 1372
2026-08-03 21:50:58,905 INFO  [default]    inst rate: 800
2026-08-03 21:50:58,905 INFO  [default] commodity code: 6 - Total energy storage/take capacity (W-hr)
2026-08-03 21:50:58,905 INFO  [default]            source: Estimated
2026-08-03 21:50:58,905 INFO  [default]   cumulative: 4026
2026-08-03 21:50:58,905 INFO  [default]    inst rate: not used for this commodity code
2026-08-03 21:50:58,905 INFO  [default] commodity code: 7 - Present energy storage/take capacity (W-hr)
2026-08-03 21:50:58,905 INFO  [default]            source: Estimated
2026-08-03 21:50:58,905 INFO  [default]   cumulative: 0
2026-08-03 21:50:58,905 INFO  [default]    inst rate: not used for this commodity code
2026-08-03 21:50:59,095 INFO  [default] link ACK received: query_operational_state
2026-08-03 21:50:59,191 INFO  [default] operational state received: 1

Press Enter for a list of commands
2026-08-03 21:51:58,397 INFO  [default] link ACK received: get_commodity
2026-08-03 21:51:58,509 INFO  [default] message type supported received: 2
2026-08-03 21:51:58,509 INFO  [default] commodity response received. response code: 0 - success; count: 3
2026-08-03 21:51:58,510 INFO  [default] commodity code: 0 - Electricity consumed (W & W-hr)
2026-08-03 21:51:58,510 INFO  [default]            source: Estimated
2026-08-03 21:51:58,510 INFO  [default]   cumulative: 1385
2026-08-03 21:51:58,510 INFO  [default]    inst rate: 800
2026-08-03 21:51:58,510 INFO  [default] commodity code: 6 - Total energy storage/take capacity (W-hr)
2026-08-03 21:51:58,510 INFO  [default]            source: Estimated
2026-08-03 21:51:58,510 INFO  [default]   cumulative: 4026
2026-08-03 21:51:58,510 INFO  [default]    inst rate: not used for this commodity code
2026-08-03 21:51:58,511 INFO  [default] commodity code: 7 - Present energy storage/take capacity (W-hr)
2026-08-03 21:51:58,511 INFO  [default]            source: Estimated
2026-08-03 21:51:58,511 INFO  [default]   cumulative: 0
2026-08-03 21:51:58,511 INFO  [default]    inst rate: not used for this commodity code
2026-08-03 21:51:58,701 INFO  [default] link ACK received: query_operational_state
2026-08-03 21:51:58,797 INFO  [default] operational state received: 0

Press Enter for a list of commands
2026-08-03 21:52:59,010 INFO  [default] link ACK received: get_commodity
2026-08-03 21:52:59,138 INFO  [default] message type supported received: 2
2026-08-03 21:52:59,138 INFO  [default] commodity response received. response code: 0 - success; count: 3
2026-08-03 21:52:59,139 INFO  [default] commodity code: 0 - Electricity consumed (W & W-hr)
2026-08-03 21:52:59,139 INFO  [default]            source: Estimated
2026-08-03 21:52:59,139 INFO  [default]   cumulative: 1385
2026-08-03 21:52:59,139 INFO  [default]    inst rate: 0
2026-08-03 21:52:59,140 INFO  [default] commodity code: 6 - Total energy storage/take capacity (W-hr)
2026-08-03 21:52:59,140 INFO  [default]            source: Estimated
2026-08-03 21:52:59,140 INFO  [default]   cumulative: 4026
2026-08-03 21:52:59,140 INFO  [default]    inst rate: not used for this commodity code
2026-08-03 21:52:59,140 INFO  [default] commodity code: 7 - Present energy storage/take capacity (W-hr)
2026-08-03 21:52:59,140 INFO  [default]            source: Estimated
2026-08-03 21:52:59,140 INFO  [default]   cumulative: 0
2026-08-03 21:52:59,141 INFO  [default]    inst rate: not used for this commodity code
2026-08-03 21:52:59,330 INFO  [default] link ACK received: query_operational_state
2026-08-03 21:52:59,426 INFO  [default] operational state received: 0

Press Enter for a list of commands
2026-08-03 21:53:58,632 INFO  [default] link ACK received: get_commodity
2026-08-03 21:53:58,760 INFO  [default] message type supported received: 2
2026-08-03 21:53:58,760 INFO  [default] commodity response received. response code: 0 - success; count: 3
2026-08-03 21:53:58,760 INFO  [default] commodity code: 0 - Electricity consumed (W & W-hr)
2026-08-03 21:53:58,761 INFO  [default]            source: Estimated
2026-08-03 21:53:58,761 INFO  [default]   cumulative: 1385
2026-08-03 21:53:58,761 INFO  [default]    inst rate: 0
2026-08-03 21:53:58,761 INFO  [default] commodity code: 6 - Total energy storage/take capacity (W-hr)
2026-08-03 21:53:58,761 INFO  [default]            source: Estimated
2026-08-03 21:53:58,761 INFO  [default]   cumulative: 4026
2026-08-03 21:53:58,761 INFO  [default]    inst rate: not used for this commodity code
2026-08-03 21:53:58,761 INFO  [default] commodity code: 7 - Present energy storage/take capacity (W-hr)
2026-08-03 21:53:58,762 INFO  [default]            source: Estimated
2026-08-03 21:53:58,762 INFO  [default]   cumulative: 0
2026-08-03 21:53:58,762 INFO  [default]    inst rate: not used for this commodity code
2026-08-03 21:53:58,952 INFO  [default] link ACK received: query_operational_state
2026-08-03 21:53:59,064 INFO  [default] operational state received: 0

Press Enter for a list of commands
2026-08-03 21:54:59,277 INFO  [default] link ACK received: get_commodity
2026-08-03 21:54:59,405 INFO  [default] message type supported received: 2
2026-08-03 21:54:59,405 INFO  [default] commodity response received. response code: 0 - success; count: 3
2026-08-03 21:54:59,406 INFO  [default] commodity code: 0 - Electricity consumed (W & W-hr)
2026-08-03 21:54:59,406 INFO  [default]            source: Estimated
2026-08-03 21:54:59,406 INFO  [default]   cumulative: 1385
2026-08-03 21:54:59,406 INFO  [default]    inst rate: 0
2026-08-03 21:54:59,406 INFO  [default] commodity code: 6 - Total energy storage/take capacity (W-hr)
2026-08-03 21:54:59,406 INFO  [default]            source: Estimated
2026-08-03 21:54:59,406 INFO  [default]   cumulative: 4026
2026-08-03 21:54:59,407 INFO  [default]    inst rate: not used for this commodity code
2026-08-03 21:54:59,407 INFO  [default] commodity code: 7 - Present energy storage/take capacity (W-hr)
2026-08-03 21:54:59,407 INFO  [default]            source: Estimated
2026-08-03 21:54:59,407 INFO  [default]   cumulative: 0
2026-08-03 21:54:59,407 INFO  [default]    inst rate: not used for this commodity code
2026-08-03 21:54:59,597 INFO  [default] link ACK received: query_operational_state
2026-08-03 21:54:59,709 INFO  [default] operational state received: 0

Press Enter for a list of commands
2026-08-03 21:55:58,915 INFO  [default] link ACK received: get_commodity
2026-08-03 21:55:59,042 INFO  [default] message type supported received: 2
2026-08-03 21:55:59,043 INFO  [default] commodity response received. response code: 0 - success; count: 3
2026-08-03 21:55:59,043 INFO  [default] commodity code: 0 - Electricity consumed (W & W-hr)
2026-08-03 21:55:59,043 INFO  [default]            source: Estimated
2026-08-03 21:55:59,043 INFO  [default]   cumulative: 1385
2026-08-03 21:55:59,044 INFO  [default]    inst rate: 0
2026-08-03 21:55:59,044 INFO  [default] commodity code: 6 - Total energy storage/take capacity (W-hr)
2026-08-03 21:55:59,044 INFO  [default]            source: Estimated
2026-08-03 21:55:59,044 INFO  [default]   cumulative: 4026
2026-08-03 21:55:59,044 INFO  [default]    inst rate: not used for this commodity code
2026-08-03 21:55:59,044 INFO  [default] commodity code: 7 - Present energy storage/take capacity (W-hr)
2026-08-03 21:55:59,044 INFO  [default]            source: Estimated
2026-08-03 21:55:59,045 INFO  [default]   cumulative: 0
2026-08-03 21:55:59,045 INFO  [default]    inst rate: not used for this commodity code
2026-08-03 21:55:59,235 INFO  [default] link ACK received: query_operational_state
2026-08-03 21:55:59,346 INFO  [default] operational state received: 0

Press Enter for a list of commands
2026-08-03 21:56:58,552 INFO  [default] link ACK received: get_commodity
2026-08-03 21:56:58,664 INFO  [default] message type supported received: 2
2026-08-03 21:56:58,664 INFO  [default] commodity response received. response code: 0 - success; count: 3
2026-08-03 21:56:58,665 INFO  [default] commodity code: 0 - Electricity consumed (W & W-hr)
2026-08-03 21:56:58,665 INFO  [default]            source: Estimated
2026-08-03 21:56:58,665 INFO  [default]   cumulative: 1385
2026-08-03 21:56:58,665 INFO  [default]    inst rate: 0
2026-08-03 21:56:58,665 INFO  [default] commodity code: 6 - Total energy storage/take capacity (W-hr)
2026-08-03 21:56:58,665 INFO  [default]            source: Estimated
2026-08-03 21:56:58,665 INFO  [default]   cumulative: 4026
2026-08-03 21:56:58,666 INFO  [default]    inst rate: not used for this commodity code
2026-08-03 21:56:58,666 INFO  [default] commodity code: 7 - Present energy storage/take capacity (W-hr)
2026-08-03 21:56:58,666 INFO  [default]            source: Estimated
2026-08-03 21:56:58,666 INFO  [default]   cumulative: 825
2026-08-03 21:56:58,666 INFO  [default]    inst rate: not used for this commodity code
2026-08-03 21:56:58,856 INFO  [default] link ACK received: query_operational_state
2026-08-03 21:56:58,952 INFO  [default] operational state received: 0

Press Enter for a list of commands
2026-08-03 21:57:59,149 INFO  [default] link ACK received: get_commodity
2026-08-03 21:57:59,277 INFO  [default] message type supported received: 2
2026-08-03 21:57:59,278 INFO  [default] commodity response received. response code: 0 - success; count: 3
2026-08-03 21:57:59,278 INFO  [default] commodity code: 0 - Electricity consumed (W & W-hr)
2026-08-03 21:57:59,278 INFO  [default]            source: Estimated
2026-08-03 21:57:59,278 INFO  [default]   cumulative: 1385
2026-08-03 21:57:59,278 INFO  [default]    inst rate: 0
2026-08-03 21:57:59,279 INFO  [default] commodity code: 6 - Total energy storage/take capacity (W-hr)
2026-08-03 21:57:59,279 INFO  [default]            source: Estimated
2026-08-03 21:57:59,279 INFO  [default]   cumulative: 4026
2026-08-03 21:57:59,279 INFO  [default]    inst rate: not used for this commodity code
2026-08-03 21:57:59,279 INFO  [default] commodity code: 7 - Present energy storage/take capacity (W-hr)
2026-08-03 21:57:59,279 INFO  [default]            source: Estimated
2026-08-03 21:57:59,279 INFO  [default]   cumulative: 1200
2026-08-03 21:57:59,280 INFO  [default]    inst rate: not used for this commodity code
2026-08-03 21:57:59,469 INFO  [default] link ACK received: query_operational_state
2026-08-03 21:57:59,581 INFO  [default] operational state received: 0

Press Enter for a list of commands
2026-08-03 21:58:58,787 INFO  [default] link ACK received: get_commodity
2026-08-03 21:58:58,915 INFO  [default] message type supported received: 2
2026-08-03 21:58:58,915 INFO  [default] commodity response received. response code: 0 - success; count: 3
2026-08-03 21:58:58,915 INFO  [default] commodity code: 0 - Electricity consumed (W & W-hr)
2026-08-03 21:58:58,916 INFO  [default]            source: Estimated
2026-08-03 21:58:58,916 INFO  [default]   cumulative: 1385
2026-08-03 21:58:58,916 INFO  [default]    inst rate: 0
2026-08-03 21:58:58,916 INFO  [default] commodity code: 6 - Total energy storage/take capacity (W-hr)
2026-08-03 21:58:58,916 INFO  [default]            source: Estimated
2026-08-03 21:58:58,916 INFO  [default]   cumulative: 4026
2026-08-03 21:58:58,916 INFO  [default]    inst rate: not used for this commodity code
2026-08-03 21:58:58,916 INFO  [default] commodity code: 7 - Present energy storage/take capacity (W-hr)
2026-08-03 21:58:58,917 INFO  [default]            source: Estimated
2026-08-03 21:58:58,917 INFO  [default]   cumulative: 1125
2026-08-03 21:58:58,917 INFO  [default]    inst rate: not used for this commodity code
2026-08-03 21:58:59,107 INFO  [default] link ACK received: query_operational_state
2026-08-03 21:58:59,203 INFO  [default] operational state received: 0

Press Enter for a list of commands
2026-08-03 21:59:58,408 INFO  [default] link ACK received: get_commodity
2026-08-03 21:59:58,536 INFO  [default] message type supported received: 2
2026-08-03 21:59:58,537 INFO  [default] commodity response received. response code: 0 - success; count: 3
2026-08-03 21:59:58,537 INFO  [default] commodity code: 0 - Electricity consumed (W & W-hr)
2026-08-03 21:59:58,537 INFO  [default]            source: Estimated
2026-08-03 21:59:58,537 INFO  [default]   cumulative: 1385
2026-08-03 21:59:58,537 INFO  [default]    inst rate: 0
2026-08-03 21:59:58,538 INFO  [default] commodity code: 6 - Total energy storage/take capacity (W-hr)
2026-08-03 21:59:58,538 INFO  [default]            source: Estimated
2026-08-03 21:59:58,538 INFO  [default]   cumulative: 4026
2026-08-03 21:59:58,538 INFO  [default]    inst rate: not used for this commodity code
2026-08-03 21:59:58,538 INFO  [default] commodity code: 7 - Present energy storage/take capacity (W-hr)
2026-08-03 21:59:58,538 INFO  [default]            source: Estimated
2026-08-03 21:59:58,538 INFO  [default]   cumulative: 825
2026-08-03 21:59:58,538 INFO  [default]    inst rate: not used for this commodity code
2026-08-03 21:59:58,728 INFO  [default] link ACK received: query_operational_state
2026-08-03 21:59:58,840 INFO  [default] operational state received: 1

Press Enter for a list of commands
2026-08-03 22:00:59,054 INFO  [default] link ACK received: get_commodity
2026-08-03 22:00:59,182 INFO  [default] message type supported received: 2
2026-08-03 22:00:59,182 INFO  [default] commodity response received. response code: 0 - success; count: 3
2026-08-03 22:00:59,182 INFO  [default] commodity code: 0 - Electricity consumed (W & W-hr)
2026-08-03 22:00:59,182 INFO  [default]            source: Estimated
2026-08-03 22:00:59,183 INFO  [default]   cumulative: 1398
2026-08-03 22:00:59,183 INFO  [default]    inst rate: 800
2026-08-03 22:00:59,183 INFO  [default] commodity code: 6 - Total energy storage/take capacity (W-hr)
2026-08-03 22:00:59,183 INFO  [default]            source: Estimated
2026-08-03 22:00:59,183 INFO  [default]   cumulative: 4026
2026-08-03 22:00:59,183 INFO  [default]    inst rate: not used for this commodity code
2026-08-03 22:00:59,183 INFO  [default] commodity code: 7 - Present energy storage/take capacity (W-hr)
2026-08-03 22:00:59,184 INFO  [default]            source: Estimated
2026-08-03 22:00:59,184 INFO  [default]   cumulative: 825
2026-08-03 22:00:59,184 INFO  [default]    inst rate: not used for this commodity code
2026-08-03 22:00:59,374 INFO  [default] link ACK received: query_operational_state
2026-08-03 22:00:59,486 INFO  [default] operational state received: 1

Press Enter for a list of commands
2026-08-03 22:01:58,691 INFO  [default] link ACK received: get_commodity
2026-08-03 22:01:58,819 INFO  [default] message type supported received: 2
2026-08-03 22:01:58,819 INFO  [default] commodity response received. response code: 0 - success; count: 3
2026-08-03 22:01:58,820 INFO  [default] commodity code: 0 - Electricity consumed (W & W-hr)
2026-08-03 22:01:58,820 INFO  [default]            source: Estimated
2026-08-03 22:01:58,820 INFO  [default]   cumulative: 1411
2026-08-03 22:01:58,820 INFO  [default]    inst rate: 800
2026-08-03 22:01:58,820 INFO  [default] commodity code: 6 - Total energy storage/take capacity (W-hr)
2026-08-03 22:01:58,820 INFO  [default]            source: Estimated
2026-08-03 22:01:58,821 INFO  [default]   cumulative: 4026
2026-08-03 22:01:58,821 INFO  [default]    inst rate: not used for this commodity code
2026-08-03 22:01:58,821 INFO  [default] commodity code: 7 - Present energy storage/take capacity (W-hr)
2026-08-03 22:01:58,821 INFO  [default]            source: Estimated
2026-08-03 22:01:58,821 INFO  [default]   cumulative: 825
2026-08-03 22:01:58,821 INFO  [default]    inst rate: not used for this commodity code
2026-08-03 22:01:59,011 INFO  [default] link ACK received: query_operational_state
2026-08-03 22:01:59,123 INFO  [default] operational state received: 1

Press Enter for a list of commands
1785819748,o,0 (PASSED!)
outside communication found
2026-08-03 22:02:28,270 INFO  [default] link ACK received: outside_communication
2026-08-03 22:02:28,382 INFO  [default] app ack received
2026-08-03 22:02:58,537 INFO  [default] link ACK received: get_commodity
2026-08-03 22:02:58,665 INFO  [default] message type supported received: 2
2026-08-03 22:02:58,665 INFO  [default] commodity response received. response code: 0 - success; count: 3
2026-08-03 22:02:58,665 INFO  [default] commodity code: 0 - Electricity consumed (W & W-hr)
2026-08-03 22:02:58,665 INFO  [default]            source: Estimated
2026-08-03 22:02:58,665 INFO  [default]   cumulative: 1424
2026-08-03 22:02:58,666 INFO  [default]    inst rate: 800
2026-08-03 22:02:58,666 INFO  [default] commodity code: 6 - Total energy storage/take capacity (W-hr)
2026-08-03 22:02:58,666 INFO  [default]            source: Estimated
2026-08-03 22:02:58,666 INFO  [default]   cumulative: 4026
2026-08-03 22:02:58,666 INFO  [default]    inst rate: not used for this commodity code
2026-08-03 22:02:58,666 INFO  [default] commodity code: 7 - Present energy storage/take capacity (W-hr)
2026-08-03 22:02:58,666 INFO  [default]            source: Estimated
2026-08-03 22:02:58,667 INFO  [default]   cumulative: 750
2026-08-03 22:02:58,667 INFO  [default]    inst rate: not used for this commodity code
2026-08-03 22:02:58,857 INFO  [default] link ACK received: query_operational_state
2026-08-03 22:02:58,953 INFO  [default] operational state received: 1

Press Enter for a list of commands
2026-08-03 22:03:59,166 INFO  [default] link ACK received: get_commodity
2026-08-03 22:03:59,294 INFO  [default] message type supported received: 2
2026-08-03 22:03:59,294 INFO  [default] commodity response received. response code: 0 - success; count: 3
2026-08-03 22:03:59,295 INFO  [default] commodity code: 0 - Electricity consumed (W & W-hr)
2026-08-03 22:03:59,295 INFO  [default]            source: Estimated
2026-08-03 22:03:59,295 INFO  [default]   cumulative: 1437
2026-08-03 22:03:59,295 INFO  [default]    inst rate: 800
2026-08-03 22:03:59,295 INFO  [default] commodity code: 6 - Total energy storage/take capacity (W-hr)
2026-08-03 22:03:59,295 INFO  [default]            source: Estimated
2026-08-03 22:03:59,296 INFO  [default]   cumulative: 4026
2026-08-03 22:03:59,296 INFO  [default]    inst rate: not used for this commodity code
2026-08-03 22:03:59,296 INFO  [default] commodity code: 7 - Present energy storage/take capacity (W-hr)
2026-08-03 22:03:59,296 INFO  [default]            source: Estimated
2026-08-03 22:03:59,296 INFO  [default]   cumulative: 750
2026-08-03 22:03:59,296 INFO  [default]    inst rate: not used for this commodity code
2026-08-03 22:03:59,486 INFO  [default] link ACK received: query_operational_state
2026-08-03 22:03:59,598 INFO  [default] operational state received: 1

Press Enter for a list of commands
2026-08-03 22:04:58,803 INFO  [default] link ACK received: get_commodity
2026-08-03 22:04:58,915 INFO  [default] message type supported received: 2
2026-08-03 22:04:58,916 INFO  [default] commodity response received. response code: 0 - success; count: 3
2026-08-03 22:04:58,916 INFO  [default] commodity code: 0 - Electricity consumed (W & W-hr)
2026-08-03 22:04:58,916 INFO  [default]            source: Estimated
2026-08-03 22:04:58,916 INFO  [default]   cumulative: 1450
2026-08-03 22:04:58,916 INFO  [default]    inst rate: 800
2026-08-03 22:04:58,917 INFO  [default] commodity code: 6 - Total energy storage/take capacity (W-hr)
2026-08-03 22:04:58,917 INFO  [default]            source: Estimated
2026-08-03 22:04:58,917 INFO  [default]   cumulative: 4026
2026-08-03 22:04:58,917 INFO  [default]    inst rate: not used for this commodity code
2026-08-03 22:04:58,917 INFO  [default] commodity code: 7 - Present energy storage/take capacity (W-hr)
2026-08-03 22:04:58,917 INFO  [default]            source: Estimated
2026-08-03 22:04:58,917 INFO  [default]   cumulative: 675
2026-08-03 22:04:58,917 INFO  [default]    inst rate: not used for this commodity code
2026-08-03 22:04:59,107 INFO  [default] link ACK received: query_operational_state
2026-08-03 22:04:59,203 INFO  [default] operational state received: 1

Press Enter for a list of commands
2026-08-03 22:05:58,409 INFO  [default] link ACK received: get_commodity
2026-08-03 22:05:58,537 INFO  [default] message type supported received: 2
2026-08-03 22:05:58,537 INFO  [default] commodity response received. response code: 0 - success; count: 3
2026-08-03 22:05:58,538 INFO  [default] commodity code: 0 - Electricity consumed (W & W-hr)
2026-08-03 22:05:58,538 INFO  [default]            source: Estimated
2026-08-03 22:05:58,538 INFO  [default]   cumulative: 1463
2026-08-03 22:05:58,538 INFO  [default]    inst rate: 800
2026-08-03 22:05:58,538 INFO  [default] commodity code: 6 - Total energy storage/take capacity (W-hr)
2026-08-03 22:05:58,538 INFO  [default]            source: Estimated
2026-08-03 22:05:58,538 INFO  [default]   cumulative: 4026
2026-08-03 22:05:58,539 INFO  [default]    inst rate: not used for this commodity code
2026-08-03 22:05:58,539 INFO  [default] commodity code: 7 - Present energy storage/take capacity (W-hr)
2026-08-03 22:05:58,539 INFO  [default]            source: Estimated
2026-08-03 22:05:58,539 INFO  [default]   cumulative: 525
2026-08-03 22:05:58,539 INFO  [default]    inst rate: not used for this commodity code
2026-08-03 22:05:58,729 INFO  [default] link ACK received: query_operational_state
2026-08-03 22:05:58,841 INFO  [default] operational state received: 1

Press Enter for a list of commands
2026-08-03 22:06:59,054 INFO  [default] link ACK received: get_commodity
2026-08-03 22:06:59,182 INFO  [default] message type supported received: 2
2026-08-03 22:06:59,182 INFO  [default] commodity response received. response code: 0 - success; count: 3
2026-08-03 22:06:59,183 INFO  [default] commodity code: 0 - Electricity consumed (W & W-hr)
2026-08-03 22:06:59,183 INFO  [default]            source: Estimated
2026-08-03 22:06:59,183 INFO  [default]   cumulative: 1476
2026-08-03 22:06:59,183 INFO  [default]    inst rate: 800
2026-08-03 22:06:59,183 INFO  [default] commodity code: 6 - Total energy storage/take capacity (W-hr)
2026-08-03 22:06:59,184 INFO  [default]            source: Estimated
2026-08-03 22:06:59,184 INFO  [default]   cumulative: 4026
2026-08-03 22:06:59,184 INFO  [default]    inst rate: not used for this commodity code
2026-08-03 22:06:59,184 INFO  [default] commodity code: 7 - Present energy storage/take capacity (W-hr)
2026-08-03 22:06:59,184 INFO  [default]            source: Estimated
2026-08-03 22:06:59,184 INFO  [default]   cumulative: 525
2026-08-03 22:06:59,184 INFO  [default]    inst rate: not used for this commodity code
2026-08-03 22:06:59,374 INFO  [default] link ACK received: query_operational_state
2026-08-03 22:06:59,486 INFO  [default] operational state received: 1

Press Enter for a list of commands
2026-08-03 22:07:58,692 INFO  [default] link ACK received: get_commodity
2026-08-03 22:07:58,820 INFO  [default] message type supported received: 2
2026-08-03 22:07:58,820 INFO  [default] commodity response received. response code: 0 - success; count: 3
2026-08-03 22:07:58,821 INFO  [default] commodity code: 0 - Electricity consumed (W & W-hr)
2026-08-03 22:07:58,821 INFO  [default]            source: Estimated
2026-08-03 22:07:58,821 INFO  [default]   cumulative: 1489
2026-08-03 22:07:58,821 INFO  [default]    inst rate: 800
2026-08-03 22:07:58,821 INFO  [default] commodity code: 6 - Total energy storage/take capacity (W-hr)
2026-08-03 22:07:58,821 INFO  [default]            source: Estimated
2026-08-03 22:07:58,821 INFO  [default]   cumulative: 4026
2026-08-03 22:07:58,821 INFO  [default]    inst rate: not used for this commodity code
2026-08-03 22:07:58,822 INFO  [default] commodity code: 7 - Present energy storage/take capacity (W-hr)
2026-08-03 22:07:58,822 INFO  [default]            source: Estimated
2026-08-03 22:07:58,822 INFO  [default]   cumulative: 450
2026-08-03 22:07:58,822 INFO  [default]    inst rate: not used for this commodity code
2026-08-03 22:07:59,012 INFO  [default] link ACK received: query_operational_state
2026-08-03 22:07:59,124 INFO  [default] operational state received: 1

Press Enter for a list of commands
2026-08-03 22:08:58,313 INFO  [default] link ACK received: get_commodity
2026-08-03 22:08:58,441 INFO  [default] message type supported received: 2
2026-08-03 22:08:58,441 INFO  [default] commodity response received. response code: 0 - success; count: 3
2026-08-03 22:08:58,442 INFO  [default] commodity code: 0 - Electricity consumed (W & W-hr)
2026-08-03 22:08:58,442 INFO  [default]            source: Estimated
2026-08-03 22:08:58,442 INFO  [default]   cumulative: 1502
2026-08-03 22:08:58,442 INFO  [default]    inst rate: 800
2026-08-03 22:08:58,442 INFO  [default] commodity code: 6 - Total energy storage/take capacity (W-hr)
2026-08-03 22:08:58,442 INFO  [default]            source: Estimated
2026-08-03 22:08:58,443 INFO  [default]   cumulative: 4026
2026-08-03 22:08:58,443 INFO  [default]    inst rate: not used for this commodity code
2026-08-03 22:08:58,443 INFO  [default] commodity code: 7 - Present energy storage/take capacity (W-hr)
2026-08-03 22:08:58,443 INFO  [default]            source: Estimated
2026-08-03 22:08:58,443 INFO  [default]   cumulative: 450
2026-08-03 22:08:58,443 INFO  [default]    inst rate: not used for this commodity code
2026-08-03 22:08:58,633 INFO  [default] link ACK received: query_operational_state
2026-08-03 22:08:58,745 INFO  [default] operational state received: 1

Press Enter for a list of commands
2026-08-03 22:09:58,959 INFO  [default] link ACK received: get_commodity
2026-08-03 22:09:59,071 INFO  [default] message type supported received: 2
2026-08-03 22:09:59,071 INFO  [default] commodity response received. response code: 0 - success; count: 3
2026-08-03 22:09:59,071 INFO  [default] commodity code: 0 - Electricity consumed (W & W-hr)
2026-08-03 22:09:59,072 INFO  [default]            source: Estimated
2026-08-03 22:09:59,072 INFO  [default]   cumulative: 1515
2026-08-03 22:09:59,072 INFO  [default]    inst rate: 800
2026-08-03 22:09:59,072 INFO  [default] commodity code: 6 - Total energy storage/take capacity (W-hr)
2026-08-03 22:09:59,072 INFO  [default]            source: Estimated
2026-08-03 22:09:59,072 INFO  [default]   cumulative: 4026
2026-08-03 22:09:59,072 INFO  [default]    inst rate: not used for this commodity code
2026-08-03 22:09:59,072 INFO  [default] commodity code: 7 - Present energy storage/take capacity (W-hr)
2026-08-03 22:09:59,073 INFO  [default]            source: Estimated
2026-08-03 22:09:59,073 INFO  [default]   cumulative: 450
2026-08-03 22:09:59,073 INFO  [default]    inst rate: not used for this commodity code
2026-08-03 22:09:59,262 INFO  [default] link ACK received: query_operational_state
2026-08-03 22:09:59,374 INFO  [default] operational state received: 1

Press Enter for a list of commands
2026-08-03 22:10:58,580 INFO  [default] link ACK received: get_commodity
2026-08-03 22:10:58,708 INFO  [default] message type supported received: 2
2026-08-03 22:10:58,708 INFO  [default] commodity response received. response code: 0 - success; count: 3
2026-08-03 22:10:58,709 INFO  [default] commodity code: 0 - Electricity consumed (W & W-hr)
2026-08-03 22:10:58,709 INFO  [default]            source: Estimated
2026-08-03 22:10:58,709 INFO  [default]   cumulative: 1528
2026-08-03 22:10:58,709 INFO  [default]    inst rate: 800
2026-08-03 22:10:58,709 INFO  [default] commodity code: 6 - Total energy storage/take capacity (W-hr)
2026-08-03 22:10:58,709 INFO  [default]            source: Estimated
2026-08-03 22:10:58,709 INFO  [default]   cumulative: 4026
2026-08-03 22:10:58,710 INFO  [default]    inst rate: not used for this commodity code
2026-08-03 22:10:58,710 INFO  [default] commodity code: 7 - Present energy storage/take capacity (W-hr)
2026-08-03 22:10:58,710 INFO  [default]            source: Estimated
2026-08-03 22:10:58,710 INFO  [default]   cumulative: 450
2026-08-03 22:10:58,710 INFO  [default]    inst rate: not used for this commodity code
2026-08-03 22:10:58,900 INFO  [default] link ACK received: query_operational_state
2026-08-03 22:10:59,012 INFO  [default] operational state received: 1

Press Enter for a list of commands
2026-08-03 22:11:59,225 INFO  [default] link ACK received: get_commodity
2026-08-03 22:11:59,353 INFO  [default] message type supported received: 2
2026-08-03 22:11:59,354 INFO  [default] commodity response received. response code: 0 - success; count: 3
2026-08-03 22:11:59,354 INFO  [default] commodity code: 0 - Electricity consumed (W & W-hr)
2026-08-03 22:11:59,354 INFO  [default]            source: Estimated
2026-08-03 22:11:59,355 INFO  [default]   cumulative: 1541
2026-08-03 22:11:59,355 INFO  [default]    inst rate: 800
2026-08-03 22:11:59,355 INFO  [default] commodity code: 6 - Total energy storage/take capacity (W-hr)
2026-08-03 22:11:59,355 INFO  [default]            source: Estimated
2026-08-03 22:11:59,355 INFO  [default]   cumulative: 4026
2026-08-03 22:11:59,355 INFO  [default]    inst rate: not used for this commodity code
2026-08-03 22:11:59,355 INFO  [default] commodity code: 7 - Present energy storage/take capacity (W-hr)
2026-08-03 22:11:59,355 INFO  [default]            source: Estimated
2026-08-03 22:11:59,356 INFO  [default]   cumulative: 375
2026-08-03 22:11:59,356 INFO  [default]    inst rate: not used for this commodity code
2026-08-03 22:11:59,545 INFO  [default] link ACK received: query_operational_state
2026-08-03 22:11:59,657 INFO  [default] operational state received: 1

Press Enter for a list of commands
2026-08-03 22:12:58,863 INFO  [default] link ACK received: get_commodity
2026-08-03 22:12:58,991 INFO  [default] message type supported received: 2
2026-08-03 22:12:58,991 INFO  [default] commodity response received. response code: 0 - success; count: 3
2026-08-03 22:12:58,992 INFO  [default] commodity code: 0 - Electricity consumed (W & W-hr)
2026-08-03 22:12:58,992 INFO  [default]            source: Estimated
2026-08-03 22:12:58,992 INFO  [default]   cumulative: 1554
2026-08-03 22:12:58,992 INFO  [default]    inst rate: 800
2026-08-03 22:12:58,992 INFO  [default] commodity code: 6 - Total energy storage/take capacity (W-hr)
2026-08-03 22:12:58,992 INFO  [default]            source: Estimated
2026-08-03 22:12:58,993 INFO  [default]   cumulative: 4026
2026-08-03 22:12:58,993 INFO  [default]    inst rate: not used for this commodity code
2026-08-03 22:12:58,993 INFO  [default] commodity code: 7 - Present energy storage/take capacity (W-hr)
2026-08-03 22:12:58,993 INFO  [default]            source: Estimated
2026-08-03 22:12:58,993 INFO  [default]   cumulative: 375
2026-08-03 22:12:58,993 INFO  [default]    inst rate: not used for this commodity code
2026-08-03 22:12:59,183 INFO  [default] link ACK received: query_operational_state
2026-08-03 22:12:59,279 INFO  [default] operational state received: 1

Press Enter for a list of commands
2026-08-03 22:13:58,468 INFO  [default] link ACK received: get_commodity
2026-08-03 22:13:58,596 INFO  [default] message type supported received: 2
2026-08-03 22:13:58,597 INFO  [default] commodity response received. response code: 0 - success; count: 3
2026-08-03 22:13:58,597 INFO  [default] commodity code: 0 - Electricity consumed (W & W-hr)
2026-08-03 22:13:58,597 INFO  [default]            source: Estimated
2026-08-03 22:13:58,598 INFO  [default]   cumulative: 1567
2026-08-03 22:13:58,598 INFO  [default]    inst rate: 800
2026-08-03 22:13:58,598 INFO  [default] commodity code: 6 - Total energy storage/take capacity (W-hr)
2026-08-03 22:13:58,598 INFO  [default]            source: Estimated
2026-08-03 22:13:58,598 INFO  [default]   cumulative: 4026
2026-08-03 22:13:58,598 INFO  [default]    inst rate: not used for this commodity code
2026-08-03 22:13:58,598 INFO  [default] commodity code: 7 - Present energy storage/take capacity (W-hr)
2026-08-03 22:13:58,598 INFO  [default]            source: Estimated
2026-08-03 22:13:58,599 INFO  [default]   cumulative: 375
2026-08-03 22:13:58,599 INFO  [default]    inst rate: not used for this commodity code
2026-08-03 22:13:58,788 INFO  [default] link ACK received: query_operational_state
2026-08-03 22:13:58,900 INFO  [default] operational state received: 1

Press Enter for a list of commands
2026-08-03 22:14:59,098 INFO  [default] link ACK received: get_commodity
2026-08-03 22:14:59,226 INFO  [default] message type supported received: 2
2026-08-03 22:14:59,226 INFO  [default] commodity response received. response code: 0 - success; count: 3
2026-08-03 22:14:59,226 INFO  [default] commodity code: 0 - Electricity consumed (W & W-hr)
2026-08-03 22:14:59,226 INFO  [default]            source: Estimated
2026-08-03 22:14:59,226 INFO  [default]   cumulative: 1580
2026-08-03 22:14:59,226 INFO  [default]    inst rate: 800
2026-08-03 22:14:59,226 INFO  [default] commodity code: 6 - Total energy storage/take capacity (W-hr)
2026-08-03 22:14:59,226 INFO  [default]            source: Estimated
2026-08-03 22:14:59,226 INFO  [default]   cumulative: 4026
2026-08-03 22:14:59,226 INFO  [default]    inst rate: not used for this commodity code
2026-08-03 22:14:59,226 INFO  [default] commodity code: 7 - Present energy storage/take capacity (W-hr)
2026-08-03 22:14:59,226 INFO  [default]            source: Estimated
2026-08-03 22:14:59,226 INFO  [default]   cumulative: 375
2026-08-03 22:14:59,226 INFO  [default]    inst rate: not used for this commodity code
2026-08-03 22:14:59,418 INFO  [default] link ACK received: query_operational_state
2026-08-03 22:14:59,530 INFO  [default] operational state received: 1

Press Enter for a list of commands
1785820558,o,0 (PASSED!)
outside communication found
2026-08-03 22:15:58,735 INFO  [default] link ACK received: outside_communication
2026-08-03 22:15:58,847 INFO  [default] app ack received
2026-08-03 22:15:59,039 INFO  [default] link ACK received: get_commodity
2026-08-03 22:15:59,167 INFO  [default] message type supported received: 2
2026-08-03 22:15:59,167 INFO  [default] commodity response received. response code: 0 - success; count: 3
2026-08-03 22:15:59,168 INFO  [default] commodity code: 0 - Electricity consumed (W & W-hr)
2026-08-03 22:15:59,168 INFO  [default]            source: Estimated
2026-08-03 22:15:59,168 INFO  [default]   cumulative: 1593
2026-08-03 22:15:59,168 INFO  [default]    inst rate: 800
2026-08-03 22:15:59,168 INFO  [default] commodity code: 6 - Total energy storage/take capacity (W-hr)
2026-08-03 22:15:59,168 INFO  [default]            source: Estimated
2026-08-03 22:15:59,169 INFO  [default]   cumulative: 4026
2026-08-03 22:15:59,169 INFO  [default]    inst rate: not used for this commodity code
2026-08-03 22:15:59,169 INFO  [default] commodity code: 7 - Present energy storage/take capacity (W-hr)
2026-08-03 22:15:59,169 INFO  [default]            source: Estimated
2026-08-03 22:15:59,169 INFO  [default]   cumulative: 300
2026-08-03 22:15:59,169 INFO  [default]    inst rate: not used for this commodity code
2026-08-03 22:15:59,359 INFO  [default] link ACK received: query_operational_state
2026-08-03 22:15:59,471 INFO  [default] operational state received: 1

Press Enter for a list of commands
2026-08-03 22:16:58,677 INFO  [default] link ACK received: get_commodity
2026-08-03 22:16:58,805 INFO  [default] message type supported received: 2
2026-08-03 22:16:58,805 INFO  [default] commodity response received. response code: 0 - success; count: 3
2026-08-03 22:16:58,805 INFO  [default] commodity code: 0 - Electricity consumed (W & W-hr)
2026-08-03 22:16:58,805 INFO  [default]            source: Estimated
2026-08-03 22:16:58,806 INFO  [default]   cumulative: 1606
2026-08-03 22:16:58,806 INFO  [default]    inst rate: 800
2026-08-03 22:16:58,806 INFO  [default] commodity code: 6 - Total energy storage/take capacity (W-hr)
2026-08-03 22:16:58,806 INFO  [default]            source: Estimated
2026-08-03 22:16:58,806 INFO  [default]   cumulative: 4026
2026-08-03 22:16:58,806 INFO  [default]    inst rate: not used for this commodity code
2026-08-03 22:16:58,806 INFO  [default] commodity code: 7 - Present energy storage/take capacity (W-hr)
2026-08-03 22:16:58,807 INFO  [default]            source: Estimated
2026-08-03 22:16:58,807 INFO  [default]   cumulative: 300
2026-08-03 22:16:58,807 INFO  [default]    inst rate: not used for this commodity code
2026-08-03 22:16:58,997 INFO  [default] link ACK received: query_operational_state
2026-08-03 22:16:59,109 INFO  [default] operational state received: 1

Press Enter for a list of commands
2026-08-03 22:17:58,314 INFO  [default] link ACK received: get_commodity
2026-08-03 22:17:58,442 INFO  [default] message type supported received: 2
2026-08-03 22:17:58,442 INFO  [default] commodity response received. response code: 0 - success; count: 3
2026-08-03 22:17:58,443 INFO  [default] commodity code: 0 - Electricity consumed (W & W-hr)
2026-08-03 22:17:58,443 INFO  [default]            source: Estimated
2026-08-03 22:17:58,443 INFO  [default]   cumulative: 1619
2026-08-03 22:17:58,443 INFO  [default]    inst rate: 800
2026-08-03 22:17:58,443 INFO  [default] commodity code: 6 - Total energy storage/take capacity (W-hr)
2026-08-03 22:17:58,444 INFO  [default]            source: Estimated
2026-08-03 22:17:58,444 INFO  [default]   cumulative: 4026
2026-08-03 22:17:58,444 INFO  [default]    inst rate: not used for this commodity code
2026-08-03 22:17:58,444 INFO  [default] commodity code: 7 - Present energy storage/take capacity (W-hr)
2026-08-03 22:17:58,444 INFO  [default]            source: Estimated
2026-08-03 22:17:58,444 INFO  [default]   cumulative: 300
2026-08-03 22:17:58,444 INFO  [default]    inst rate: not used for this commodity code
2026-08-03 22:17:58,634 INFO  [default] link ACK received: query_operational_state
2026-08-03 22:17:58,730 INFO  [default] operational state received: 1

Press Enter for a list of commands
2026-08-03 22:18:58,944 INFO  [default] link ACK received: get_commodity
2026-08-03 22:18:59,056 INFO  [default] message type supported received: 2
2026-08-03 22:18:59,056 INFO  [default] commodity response received. response code: 0 - success; count: 3
2026-08-03 22:18:59,056 INFO  [default] commodity code: 0 - Electricity consumed (W & W-hr)
2026-08-03 22:18:59,056 INFO  [default]            source: Estimated
2026-08-03 22:18:59,057 INFO  [default]   cumulative: 1632
2026-08-03 22:18:59,057 INFO  [default]    inst rate: 800
2026-08-03 22:18:59,057 INFO  [default] commodity code: 6 - Total energy storage/take capacity (W-hr)
2026-08-03 22:18:59,057 INFO  [default]            source: Estimated
2026-08-03 22:18:59,057 INFO  [default]   cumulative: 4026
2026-08-03 22:18:59,057 INFO  [default]    inst rate: not used for this commodity code
2026-08-03 22:18:59,057 INFO  [default] commodity code: 7 - Present energy storage/take capacity (W-hr)
2026-08-03 22:18:59,057 INFO  [default]            source: Estimated
2026-08-03 22:18:59,058 INFO  [default]   cumulative: 300
2026-08-03 22:18:59,058 INFO  [default]    inst rate: not used for this commodity code
2026-08-03 22:18:59,248 INFO  [default] link ACK received: query_operational_state
2026-08-03 22:18:59,359 INFO  [default] operational state received: 1

Press Enter for a list of commands
2026-08-03 22:19:58,565 INFO  [default] link ACK received: get_commodity
2026-08-03 22:19:58,693 INFO  [default] message type supported received: 2
2026-08-03 22:19:58,693 INFO  [default] commodity response received. response code: 0 - success; count: 3
2026-08-03 22:19:58,694 INFO  [default] commodity code: 0 - Electricity consumed (W & W-hr)
2026-08-03 22:19:58,694 INFO  [default]            source: Estimated
2026-08-03 22:19:58,694 INFO  [default]   cumulative: 1645
2026-08-03 22:19:58,694 INFO  [default]    inst rate: 800
2026-08-03 22:19:58,694 INFO  [default] commodity code: 6 - Total energy storage/take capacity (W-hr)
2026-08-03 22:19:58,694 INFO  [default]            source: Estimated
2026-08-03 22:19:58,694 INFO  [default]   cumulative: 4026
2026-08-03 22:19:58,695 INFO  [default]    inst rate: not used for this commodity code
2026-08-03 22:19:58,695 INFO  [default] commodity code: 7 - Present energy storage/take capacity (W-hr)
2026-08-03 22:19:58,695 INFO  [default]            source: Estimated
2026-08-03 22:19:58,695 INFO  [default]   cumulative: 300
2026-08-03 22:19:58,695 INFO  [default]    inst rate: not used for this commodity code
2026-08-03 22:19:58,885 INFO  [default] link ACK received: query_operational_state
2026-08-03 22:19:58,997 INFO  [default] operational state received: 1

Press Enter for a list of commands
2026-08-03 22:20:59,194 INFO  [default] link ACK received: get_commodity
2026-08-03 22:20:59,322 INFO  [default] message type supported received: 2
2026-08-03 22:20:59,323 INFO  [default] commodity response received. response code: 0 - success; count: 3
2026-08-03 22:20:59,323 INFO  [default] commodity code: 0 - Electricity consumed (W & W-hr)
2026-08-03 22:20:59,323 INFO  [default]            source: Estimated
2026-08-03 22:20:59,323 INFO  [default]   cumulative: 1658
2026-08-03 22:20:59,324 INFO  [default]    inst rate: 800
2026-08-03 22:20:59,324 INFO  [default] commodity code: 6 - Total energy storage/take capacity (W-hr)
2026-08-03 22:20:59,324 INFO  [default]            source: Estimated
2026-08-03 22:20:59,324 INFO  [default]   cumulative: 4026
2026-08-03 22:20:59,324 INFO  [default]    inst rate: not used for this commodity code
2026-08-03 22:20:59,324 INFO  [default] commodity code: 7 - Present energy storage/take capacity (W-hr)
2026-08-03 22:20:59,324 INFO  [default]            source: Estimated
2026-08-03 22:20:59,324 INFO  [default]   cumulative: 150
2026-08-03 22:20:59,325 INFO  [default]    inst rate: not used for this commodity code
2026-08-03 22:20:59,514 INFO  [default] link ACK received: query_operational_state
2026-08-03 22:20:59,626 INFO  [default] operational state received: 1

Press Enter for a list of commands
2026-08-03 22:21:58,832 INFO  [default] link ACK received: get_commodity
2026-08-03 22:21:58,960 INFO  [default] message type supported received: 2
2026-08-03 22:21:58,960 INFO  [default] commodity response received. response code: 0 - success; count: 3
2026-08-03 22:21:58,961 INFO  [default] commodity code: 0 - Electricity consumed (W & W-hr)
2026-08-03 22:21:58,961 INFO  [default]            source: Estimated
2026-08-03 22:21:58,961 INFO  [default]   cumulative: 1671
2026-08-03 22:21:58,961 INFO  [default]    inst rate: 800
2026-08-03 22:21:58,961 INFO  [default] commodity code: 6 - Total energy storage/take capacity (W-hr)
2026-08-03 22:21:58,961 INFO  [default]            source: Estimated
2026-08-03 22:21:58,961 INFO  [default]   cumulative: 4026
2026-08-03 22:21:58,961 INFO  [default]    inst rate: not used for this commodity code
2026-08-03 22:21:58,962 INFO  [default] commodity code: 7 - Present energy storage/take capacity (W-hr)
2026-08-03 22:21:58,962 INFO  [default]            source: Estimated
2026-08-03 22:21:58,962 INFO  [default]   cumulative: 150
2026-08-03 22:21:58,962 INFO  [default]    inst rate: not used for this commodity code
2026-08-03 22:21:59,152 INFO  [default] link ACK received: query_operational_state
2026-08-03 22:21:59,264 INFO  [default] operational state received: 1

Press Enter for a list of commands
2026-08-03 22:22:58,469 INFO  [default] link ACK received: get_commodity
2026-08-03 22:22:58,597 INFO  [default] message type supported received: 2
2026-08-03 22:22:58,598 INFO  [default] commodity response received. response code: 0 - success; count: 3
2026-08-03 22:22:58,598 INFO  [default] commodity code: 0 - Electricity consumed (W & W-hr)
2026-08-03 22:22:58,598 INFO  [default]            source: Estimated
2026-08-03 22:22:58,598 INFO  [default]   cumulative: 1684
2026-08-03 22:22:58,598 INFO  [default]    inst rate: 800
2026-08-03 22:22:58,599 INFO  [default] commodity code: 6 - Total energy storage/take capacity (W-hr)
2026-08-03 22:22:58,599 INFO  [default]            source: Estimated
2026-08-03 22:22:58,599 INFO  [default]   cumulative: 4026
2026-08-03 22:22:58,599 INFO  [default]    inst rate: not used for this commodity code
2026-08-03 22:22:58,599 INFO  [default] commodity code: 7 - Present energy storage/take capacity (W-hr)
2026-08-03 22:22:58,599 INFO  [default]            source: Estimated
2026-08-03 22:22:58,599 INFO  [default]   cumulative: 0
2026-08-03 22:22:58,600 INFO  [default]    inst rate: not used for this commodity code
2026-08-03 22:22:58,789 INFO  [default] link ACK received: query_operational_state
2026-08-03 22:22:58,901 INFO  [default] operational state received: 1

Press Enter for a list of commands
2026-08-03 22:23:59,099 INFO  [default] link ACK received: get_commodity
2026-08-03 22:23:59,227 INFO  [default] message type supported received: 2
2026-08-03 22:23:59,227 INFO  [default] commodity response received. response code: 0 - success; count: 3
2026-08-03 22:23:59,227 INFO  [default] commodity code: 0 - Electricity consumed (W & W-hr)
2026-08-03 22:23:59,228 INFO  [default]            source: Estimated
2026-08-03 22:23:59,228 INFO  [default]   cumulative: 1697
2026-08-03 22:23:59,228 INFO  [default]    inst rate: 800
2026-08-03 22:23:59,228 INFO  [default] commodity code: 6 - Total energy storage/take capacity (W-hr)
2026-08-03 22:23:59,228 INFO  [default]            source: Estimated
2026-08-03 22:23:59,228 INFO  [default]   cumulative: 4026
2026-08-03 22:23:59,228 INFO  [default]    inst rate: not used for this commodity code
2026-08-03 22:23:59,228 INFO  [default] commodity code: 7 - Present energy storage/take capacity (W-hr)
2026-08-03 22:23:59,229 INFO  [default]            source: Estimated
2026-08-03 22:23:59,229 INFO  [default]   cumulative: 0
2026-08-03 22:23:59,229 INFO  [default]    inst rate: not used for this commodity code
2026-08-03 22:23:59,419 INFO  [default] link ACK received: query_operational_state
2026-08-03 22:23:59,531 INFO  [default] operational state received: 1

Press Enter for a list of commands
2026-08-03 22:24:58,736 INFO  [default] link ACK received: get_commodity
2026-08-03 22:24:58,848 INFO  [default] message type supported received: 2
2026-08-03 22:24:58,848 INFO  [default] commodity response received. response code: 0 - success; count: 3
2026-08-03 22:24:58,849 INFO  [default] commodity code: 0 - Electricity consumed (W & W-hr)
2026-08-03 22:24:58,849 INFO  [default]            source: Estimated
2026-08-03 22:24:58,849 INFO  [default]   cumulative: 1710
2026-08-03 22:24:58,849 INFO  [default]    inst rate: 800
2026-08-03 22:24:58,850 INFO  [default] commodity code: 6 - Total energy storage/take capacity (W-hr)
2026-08-03 22:24:58,850 INFO  [default]            source: Estimated
2026-08-03 22:24:58,850 INFO  [default]   cumulative: 4026
2026-08-03 22:24:58,850 INFO  [default]    inst rate: not used for this commodity code
2026-08-03 22:24:58,850 INFO  [default] commodity code: 7 - Present energy storage/take capacity (W-hr)
2026-08-03 22:24:58,850 INFO  [default]            source: Estimated
2026-08-03 22:24:58,850 INFO  [default]   cumulative: 0
2026-08-03 22:24:58,850 INFO  [default]    inst rate: not used for this commodity code
2026-08-03 22:24:59,040 INFO  [default] link ACK received: query_operational_state
2026-08-03 22:24:59,152 INFO  [default] operational state received: 1

Press Enter for a list of commands
2026-08-03 22:25:58,358 INFO  [default] link ACK received: get_commodity
2026-08-03 22:25:58,470 INFO  [default] message type supported received: 2
2026-08-03 22:25:58,470 INFO  [default] commodity response received. response code: 0 - success; count: 3
2026-08-03 22:25:58,470 INFO  [default] commodity code: 0 - Electricity consumed (W & W-hr)
2026-08-03 22:25:58,470 INFO  [default]            source: Estimated
2026-08-03 22:25:58,471 INFO  [default]   cumulative: 1723
2026-08-03 22:25:58,471 INFO  [default]    inst rate: 800
2026-08-03 22:25:58,471 INFO  [default] commodity code: 6 - Total energy storage/take capacity (W-hr)
2026-08-03 22:25:58,471 INFO  [default]            source: Estimated
2026-08-03 22:25:58,471 INFO  [default]   cumulative: 4026
2026-08-03 22:25:58,471 INFO  [default]    inst rate: not used for this commodity code
2026-08-03 22:25:58,471 INFO  [default] commodity code: 7 - Present energy storage/take capacity (W-hr)
2026-08-03 22:25:58,472 INFO  [default]            source: Estimated
2026-08-03 22:25:58,472 INFO  [default]   cumulative: 0
2026-08-03 22:25:58,472 INFO  [default]    inst rate: not used for this commodity code
2026-08-03 22:25:58,662 INFO  [default] link ACK received: query_operational_state
2026-08-03 22:25:58,774 INFO  [default] operational state received: 1

Press Enter for a list of commands
2026-08-03 22:26:58,987 INFO  [default] link ACK received: get_commodity
2026-08-03 22:26:59,099 INFO  [default] message type supported received: 2
2026-08-03 22:26:59,099 INFO  [default] commodity response received. response code: 0 - success; count: 3
2026-08-03 22:26:59,100 INFO  [default] commodity code: 0 - Electricity consumed (W & W-hr)
2026-08-03 22:26:59,100 INFO  [default]            source: Estimated
2026-08-03 22:26:59,100 INFO  [default]   cumulative: 1736
2026-08-03 22:26:59,100 INFO  [default]    inst rate: 800
2026-08-03 22:26:59,100 INFO  [default] commodity code: 6 - Total energy storage/take capacity (W-hr)
2026-08-03 22:26:59,100 INFO  [default]            source: Estimated
2026-08-03 22:26:59,101 INFO  [default]   cumulative: 4026
2026-08-03 22:26:59,101 INFO  [default]    inst rate: not used for this commodity code
2026-08-03 22:26:59,101 INFO  [default] commodity code: 7 - Present energy storage/take capacity (W-hr)
2026-08-03 22:26:59,101 INFO  [default]            source: Estimated
2026-08-03 22:26:59,101 INFO  [default]   cumulative: 0
2026-08-03 22:26:59,101 INFO  [default]    inst rate: not used for this commodity code
2026-08-03 22:26:59,291 INFO  [default] link ACK received: query_operational_state
2026-08-03 22:26:59,387 INFO  [default] operational state received: 1

Press Enter for a list of commands
2026-08-03 22:27:58,593 INFO  [default] link ACK received: get_commodity
2026-08-03 22:27:58,721 INFO  [default] message type supported received: 2
2026-08-03 22:27:58,721 INFO  [default] commodity response received. response code: 0 - success; count: 3
2026-08-03 22:27:58,721 INFO  [default] commodity code: 0 - Electricity consumed (W & W-hr)
2026-08-03 22:27:58,721 INFO  [default]            source: Estimated
2026-08-03 22:27:58,721 INFO  [default]   cumulative: 1749
2026-08-03 22:27:58,722 INFO  [default]    inst rate: 800
2026-08-03 22:27:58,722 INFO  [default] commodity code: 6 - Total energy storage/take capacity (W-hr)
2026-08-03 22:27:58,722 INFO  [default]            source: Estimated
2026-08-03 22:27:58,722 INFO  [default]   cumulative: 4026
2026-08-03 22:27:58,722 INFO  [default]    inst rate: not used for this commodity code
2026-08-03 22:27:58,722 INFO  [default] commodity code: 7 - Present energy storage/take capacity (W-hr)
2026-08-03 22:27:58,722 INFO  [default]            source: Estimated
2026-08-03 22:27:58,722 INFO  [default]   cumulative: 0
2026-08-03 22:27:58,723 INFO  [default]    inst rate: not used for this commodity code
2026-08-03 22:27:58,912 INFO  [default] link ACK received: query_operational_state
2026-08-03 22:27:59,024 INFO  [default] operational state received: 1

Press Enter for a list of commands
2026-08-03 22:28:59,222 INFO  [default] link ACK received: get_commodity
2026-08-03 22:28:59,350 INFO  [default] message type supported received: 2
2026-08-03 22:28:59,350 INFO  [default] commodity response received. response code: 0 - success; count: 3
2026-08-03 22:28:59,351 INFO  [default] commodity code: 0 - Electricity consumed (W & W-hr)
2026-08-03 22:28:59,351 INFO  [default]            source: Estimated
2026-08-03 22:28:59,351 INFO  [default]   cumulative: 1762
2026-08-03 22:28:59,351 INFO  [default]    inst rate: 800
2026-08-03 22:28:59,351 INFO  [default] commodity code: 6 - Total energy storage/take capacity (W-hr)
2026-08-03 22:28:59,351 INFO  [default]            source: Estimated
2026-08-03 22:28:59,351 INFO  [default]   cumulative: 4026
2026-08-03 22:28:59,352 INFO  [default]    inst rate: not used for this commodity code
2026-08-03 22:28:59,352 INFO  [default] commodity code: 7 - Present energy storage/take capacity (W-hr)
2026-08-03 22:28:59,352 INFO  [default]            source: Estimated
2026-08-03 22:28:59,352 INFO  [default]   cumulative: 0
2026-08-03 22:28:59,352 INFO  [default]    inst rate: not used for this commodity code
2026-08-03 22:28:59,542 INFO  [default] link ACK received: query_operational_state
2026-08-03 22:28:59,654 INFO  [default] operational state received: 1

Press Enter for a list of commands
1785821368,o,0 (PASSED!)
outside communication found
2026-08-03 22:29:28,801 INFO  [default] link ACK received: outside_communication
2026-08-03 22:29:28,897 INFO  [default] app ack received
2026-08-03 22:29:59,035 INFO  [default] link ACK received: get_commodity
2026-08-03 22:29:59,163 INFO  [default] message type supported received: 2
2026-08-03 22:29:59,164 INFO  [default] commodity response received. response code: 0 - success; count: 3
2026-08-03 22:29:59,164 INFO  [default] commodity code: 0 - Electricity consumed (W & W-hr)
2026-08-03 22:29:59,164 INFO  [default]            source: Estimated
2026-08-03 22:29:59,164 INFO  [default]   cumulative: 1775
2026-08-03 22:29:59,164 INFO  [default]    inst rate: 800
2026-08-03 22:29:59,164 INFO  [default] commodity code: 6 - Total energy storage/take capacity (W-hr)
2026-08-03 22:29:59,165 INFO  [default]            source: Estimated
2026-08-03 22:29:59,165 INFO  [default]   cumulative: 4026
2026-08-03 22:29:59,165 INFO  [default]    inst rate: not used for this commodity code
2026-08-03 22:29:59,165 INFO  [default] commodity code: 7 - Present energy storage/take capacity (W-hr)
2026-08-03 22:29:59,165 INFO  [default]            source: Estimated
2026-08-03 22:29:59,165 INFO  [default]   cumulative: 0
2026-08-03 22:29:59,165 INFO  [default]    inst rate: not used for this commodity code
2026-08-03 22:29:59,355 INFO  [default] link ACK received: query_operational_state
2026-08-03 22:29:59,467 INFO  [default] operational state received: 0

Press Enter for a list of commands
2026-08-03 22:30:58,673 INFO  [default] link ACK received: get_commodity
2026-08-03 22:30:58,801 INFO  [default] message type supported received: 2
2026-08-03 22:30:58,801 INFO  [default] commodity response received. response code: 0 - success; count: 3
2026-08-03 22:30:58,802 INFO  [default] commodity code: 0 - Electricity consumed (W & W-hr)
2026-08-03 22:30:58,802 INFO  [default]            source: Estimated
2026-08-03 22:30:58,802 INFO  [default]   cumulative: 1775
2026-08-03 22:30:58,802 INFO  [default]    inst rate: 0
2026-08-03 22:30:58,802 INFO  [default] commodity code: 6 - Total energy storage/take capacity (W-hr)
2026-08-03 22:30:58,802 INFO  [default]            source: Estimated
2026-08-03 22:30:58,803 INFO  [default]   cumulative: 4026
2026-08-03 22:30:58,803 INFO  [default]    inst rate: not used for this commodity code
2026-08-03 22:30:58,803 INFO  [default] commodity code: 7 - Present energy storage/take capacity (W-hr)
2026-08-03 22:30:58,803 INFO  [default]            source: Estimated
2026-08-03 22:30:58,803 INFO  [default]   cumulative: 0
2026-08-03 22:30:58,803 INFO  [default]    inst rate: not used for this commodity code
2026-08-03 22:30:58,993 INFO  [default] link ACK received: query_operational_state
2026-08-03 22:30:59,105 INFO  [default] operational state received: 0

Press Enter for a list of commands
2026-08-03 22:31:58,310 INFO  [default] link ACK received: get_commodity
2026-08-03 22:31:58,438 INFO  [default] message type supported received: 2
2026-08-03 22:31:58,439 INFO  [default] commodity response received. response code: 0 - success; count: 3
2026-08-03 22:31:58,439 INFO  [default] commodity code: 0 - Electricity consumed (W & W-hr)
2026-08-03 22:31:58,439 INFO  [default]            source: Estimated
2026-08-03 22:31:58,439 INFO  [default]   cumulative: 1775
2026-08-03 22:31:58,440 INFO  [default]    inst rate: 0
2026-08-03 22:31:58,440 INFO  [default] commodity code: 6 - Total energy storage/take capacity (W-hr)
2026-08-03 22:31:58,440 INFO  [default]            source: Estimated
2026-08-03 22:31:58,440 INFO  [default]   cumulative: 4026
2026-08-03 22:31:58,440 INFO  [default]    inst rate: not used for this commodity code
2026-08-03 22:31:58,440 INFO  [default] commodity code: 7 - Present energy storage/take capacity (W-hr)
2026-08-03 22:31:58,440 INFO  [default]            source: Estimated
2026-08-03 22:31:58,440 INFO  [default]   cumulative: 0
2026-08-03 22:31:58,441 INFO  [default]    inst rate: not used for this commodity code
2026-08-03 22:31:58,630 INFO  [default] link ACK received: query_operational_state
2026-08-03 22:31:58,742 INFO  [default] operational state received: 0

Press Enter for a list of commands
2026-08-03 22:32:58,956 INFO  [default] link ACK received: get_commodity
2026-08-03 22:32:59,068 INFO  [default] message type supported received: 2
2026-08-03 22:32:59,068 INFO  [default] commodity response received. response code: 0 - success; count: 3
2026-08-03 22:32:59,069 INFO  [default] commodity code: 0 - Electricity consumed (W & W-hr)
2026-08-03 22:32:59,069 INFO  [default]            source: Estimated
2026-08-03 22:32:59,069 INFO  [default]   cumulative: 1775
2026-08-03 22:32:59,069 INFO  [default]    inst rate: 0
2026-08-03 22:32:59,069 INFO  [default] commodity code: 6 - Total energy storage/take capacity (W-hr)
2026-08-03 22:32:59,069 INFO  [default]            source: Estimated
2026-08-03 22:32:59,069 INFO  [default]   cumulative: 4026
2026-08-03 22:32:59,069 INFO  [default]    inst rate: not used for this commodity code
2026-08-03 22:32:59,070 INFO  [default] commodity code: 7 - Present energy storage/take capacity (W-hr)
2026-08-03 22:32:59,070 INFO  [default]            source: Estimated
2026-08-03 22:32:59,070 INFO  [default]   cumulative: 0
2026-08-03 22:32:59,070 INFO  [default]    inst rate: not used for this commodity code
2026-08-03 22:32:59,260 INFO  [default] link ACK received: query_operational_state
2026-08-03 22:32:59,356 INFO  [default] operational state received: 0

Press Enter for a list of commands
2026-08-03 22:33:58,561 INFO  [default] link ACK received: get_commodity
2026-08-03 22:33:58,689 INFO  [default] message type supported received: 2
2026-08-03 22:33:58,689 INFO  [default] commodity response received. response code: 0 - success; count: 3
2026-08-03 22:33:58,690 INFO  [default] commodity code: 0 - Electricity consumed (W & W-hr)
2026-08-03 22:33:58,690 INFO  [default]            source: Estimated
2026-08-03 22:33:58,690 INFO  [default]   cumulative: 1775
2026-08-03 22:33:58,690 INFO  [default]    inst rate: 0
2026-08-03 22:33:58,690 INFO  [default] commodity code: 6 - Total energy storage/take capacity (W-hr)
2026-08-03 22:33:58,690 INFO  [default]            source: Estimated
2026-08-03 22:33:58,691 INFO  [default]   cumulative: 4026
2026-08-03 22:33:58,691 INFO  [default]    inst rate: not used for this commodity code
2026-08-03 22:33:58,691 INFO  [default] commodity code: 7 - Present energy storage/take capacity (W-hr)
2026-08-03 22:33:58,691 INFO  [default]            source: Estimated
2026-08-03 22:33:58,691 INFO  [default]   cumulative: 0
2026-08-03 22:33:58,691 INFO  [default]    inst rate: not used for this commodity code
2026-08-03 22:33:58,881 INFO  [default] link ACK received: query_operational_state
2026-08-03 22:33:58,993 INFO  [default] operational state received: 0

Press Enter for a list of commands
2026-08-03 22:34:59,191 INFO  [default] link ACK received: get_commodity
2026-08-03 22:34:59,319 INFO  [default] message type supported received: 2
2026-08-03 22:34:59,319 INFO  [default] commodity response received. response code: 0 - success; count: 3
2026-08-03 22:34:59,319 INFO  [default] commodity code: 0 - Electricity consumed (W & W-hr)
2026-08-03 22:34:59,320 INFO  [default]            source: Estimated
2026-08-03 22:34:59,320 INFO  [default]   cumulative: 1775
2026-08-03 22:34:59,320 INFO  [default]    inst rate: 0
2026-08-03 22:34:59,320 INFO  [default] commodity code: 6 - Total energy storage/take capacity (W-hr)
2026-08-03 22:34:59,320 INFO  [default]            source: Estimated
2026-08-03 22:34:59,320 INFO  [default]   cumulative: 4026
2026-08-03 22:34:59,320 INFO  [default]    inst rate: not used for this commodity code
2026-08-03 22:34:59,320 INFO  [default] commodity code: 7 - Present energy storage/take capacity (W-hr)
2026-08-03 22:34:59,321 INFO  [default]            source: Estimated
2026-08-03 22:34:59,321 INFO  [default]   cumulative: 0
2026-08-03 22:34:59,321 INFO  [default]    inst rate: not used for this commodity code
2026-08-03 22:34:59,510 INFO  [default] link ACK received: query_operational_state
2026-08-03 22:34:59,606 INFO  [default] operational state received: 0

Press Enter for a list of commands
2026-08-03 22:35:58,812 INFO  [default] link ACK received: get_commodity
2026-08-03 22:35:58,940 INFO  [default] message type supported received: 2
2026-08-03 22:35:58,940 INFO  [default] commodity response received. response code: 0 - success; count: 3
2026-08-03 22:35:58,941 INFO  [default] commodity code: 0 - Electricity consumed (W & W-hr)
2026-08-03 22:35:58,941 INFO  [default]            source: Estimated
2026-08-03 22:35:58,941 INFO  [default]   cumulative: 1775
2026-08-03 22:35:58,941 INFO  [default]    inst rate: 0
2026-08-03 22:35:58,941 INFO  [default] commodity code: 6 - Total energy storage/take capacity (W-hr)
2026-08-03 22:35:58,941 INFO  [default]            source: Estimated
2026-08-03 22:35:58,941 INFO  [default]   cumulative: 4026
2026-08-03 22:35:58,942 INFO  [default]    inst rate: not used for this commodity code
2026-08-03 22:35:58,942 INFO  [default] commodity code: 7 - Present energy storage/take capacity (W-hr)
2026-08-03 22:35:58,942 INFO  [default]            source: Estimated
2026-08-03 22:35:58,942 INFO  [default]   cumulative: 0
2026-08-03 22:35:58,942 INFO  [default]    inst rate: not used for this commodity code
2026-08-03 22:35:59,132 INFO  [default] link ACK received: query_operational_state
2026-08-03 22:35:59,244 INFO  [default] operational state received: 0

Press Enter for a list of commands
2026-08-03 22:36:58,450 INFO  [default] link ACK received: get_commodity
2026-08-03 22:36:58,578 INFO  [default] message type supported received: 2
2026-08-03 22:36:58,578 INFO  [default] commodity response received. response code: 0 - success; count: 3
2026-08-03 22:36:58,578 INFO  [default] commodity code: 0 - Electricity consumed (W & W-hr)
2026-08-03 22:36:58,578 INFO  [default]            source: Estimated
2026-08-03 22:36:58,579 INFO  [default]   cumulative: 1775
2026-08-03 22:36:58,579 INFO  [default]    inst rate: 0
2026-08-03 22:36:58,579 INFO  [default] commodity code: 6 - Total energy storage/take capacity (W-hr)
2026-08-03 22:36:58,579 INFO  [default]            source: Estimated
2026-08-03 22:36:58,579 INFO  [default]   cumulative: 4026
2026-08-03 22:36:58,579 INFO  [default]    inst rate: not used for this commodity code
2026-08-03 22:36:58,579 INFO  [default] commodity code: 7 - Present energy storage/take capacity (W-hr)
2026-08-03 22:36:58,580 INFO  [default]            source: Estimated
2026-08-03 22:36:58,580 INFO  [default]   cumulative: 0
2026-08-03 22:36:58,580 INFO  [default]    inst rate: not used for this commodity code
2026-08-03 22:36:58,769 INFO  [default] link ACK received: query_operational_state
2026-08-03 22:36:58,881 INFO  [default] operational state received: 0

Press Enter for a list of commands
2026-08-03 22:37:59,079 INFO  [default] link ACK received: get_commodity
2026-08-03 22:37:59,207 INFO  [default] message type supported received: 2
2026-08-03 22:37:59,207 INFO  [default] commodity response received. response code: 0 - success; count: 3
2026-08-03 22:37:59,208 INFO  [default] commodity code: 0 - Electricity consumed (W & W-hr)
2026-08-03 22:37:59,208 INFO  [default]            source: Estimated
2026-08-03 22:37:59,208 INFO  [default]   cumulative: 1775
2026-08-03 22:37:59,208 INFO  [default]    inst rate: 0
2026-08-03 22:37:59,208 INFO  [default] commodity code: 6 - Total energy storage/take capacity (W-hr)
2026-08-03 22:37:59,208 INFO  [default]            source: Estimated
2026-08-03 22:37:59,208 INFO  [default]   cumulative: 4026
2026-08-03 22:37:59,208 INFO  [default]    inst rate: not used for this commodity code
2026-08-03 22:37:59,209 INFO  [default] commodity code: 7 - Present energy storage/take capacity (W-hr)
2026-08-03 22:37:59,209 INFO  [default]            source: Estimated
2026-08-03 22:37:59,209 INFO  [default]   cumulative: 0
2026-08-03 22:37:59,209 INFO  [default]    inst rate: not used for this commodity code
2026-08-03 22:37:59,399 INFO  [default] link ACK received: query_operational_state
2026-08-03 22:37:59,511 INFO  [default] operational state received: 0

Press Enter for a list of commands
2026-08-03 22:38:58,716 INFO  [default] link ACK received: get_commodity
2026-08-03 22:38:58,828 INFO  [default] message type supported received: 2
2026-08-03 22:38:58,829 INFO  [default] commodity response received. response code: 0 - success; count: 3
2026-08-03 22:38:58,829 INFO  [default] commodity code: 0 - Electricity consumed (W & W-hr)
2026-08-03 22:38:58,829 INFO  [default]            source: Estimated
2026-08-03 22:38:58,829 INFO  [default]   cumulative: 1775
2026-08-03 22:38:58,830 INFO  [default]    inst rate: 0
2026-08-03 22:38:58,830 INFO  [default] commodity code: 6 - Total energy storage/take capacity (W-hr)
2026-08-03 22:38:58,830 INFO  [default]            source: Estimated
2026-08-03 22:38:58,830 INFO  [default]   cumulative: 4026
2026-08-03 22:38:58,830 INFO  [default]    inst rate: not used for this commodity code
2026-08-03 22:38:58,830 INFO  [default] commodity code: 7 - Present energy storage/take capacity (W-hr)
2026-08-03 22:38:58,830 INFO  [default]            source: Estimated
2026-08-03 22:38:58,830 INFO  [default]   cumulative: 0
2026-08-03 22:38:58,831 INFO  [default]    inst rate: not used for this commodity code
2026-08-03 22:38:59,020 INFO  [default] link ACK received: query_operational_state
2026-08-03 22:38:59,116 INFO  [default] operational state received: 0

Press Enter for a list of commands
2026-08-03 22:39:58,322 INFO  [default] link ACK received: get_commodity
2026-08-03 22:39:58,450 INFO  [default] message type supported received: 2
2026-08-03 22:39:58,450 INFO  [default] commodity response received. response code: 0 - success; count: 3
2026-08-03 22:39:58,450 INFO  [default] commodity code: 0 - Electricity consumed (W & W-hr)
2026-08-03 22:39:58,451 INFO  [default]            source: Estimated
2026-08-03 22:39:58,451 INFO  [default]   cumulative: 1775
2026-08-03 22:39:58,451 INFO  [default]    inst rate: 0
2026-08-03 22:39:58,451 INFO  [default] commodity code: 6 - Total energy storage/take capacity (W-hr)
2026-08-03 22:39:58,451 INFO  [default]            source: Estimated
2026-08-03 22:39:58,451 INFO  [default]   cumulative: 4026
2026-08-03 22:39:58,451 INFO  [default]    inst rate: not used for this commodity code
2026-08-03 22:39:58,452 INFO  [default] commodity code: 7 - Present energy storage/take capacity (W-hr)
2026-08-03 22:39:58,452 INFO  [default]            source: Estimated
2026-08-03 22:39:58,452 INFO  [default]   cumulative: 0
2026-08-03 22:39:58,452 INFO  [default]    inst rate: not used for this commodity code
2026-08-03 22:39:58,642 INFO  [default] link ACK received: query_operational_state
2026-08-03 22:39:58,754 INFO  [default] operational state received: 0

Press Enter for a list of commands
2026-08-03 22:40:58,967 INFO  [default] link ACK received: get_commodity
2026-08-03 22:40:59,095 INFO  [default] message type supported received: 2
2026-08-03 22:40:59,095 INFO  [default] commodity response received. response code: 0 - success; count: 3
2026-08-03 22:40:59,096 INFO  [default] commodity code: 0 - Electricity consumed (W & W-hr)
2026-08-03 22:40:59,096 INFO  [default]            source: Estimated
2026-08-03 22:40:59,096 INFO  [default]   cumulative: 1775
2026-08-03 22:40:59,096 INFO  [default]    inst rate: 0
2026-08-03 22:40:59,096 INFO  [default] commodity code: 6 - Total energy storage/take capacity (W-hr)
2026-08-03 22:40:59,097 INFO  [default]            source: Estimated
2026-08-03 22:40:59,097 INFO  [default]   cumulative: 4026
2026-08-03 22:40:59,097 INFO  [default]    inst rate: not used for this commodity code
2026-08-03 22:40:59,097 INFO  [default] commodity code: 7 - Present energy storage/take capacity (W-hr)
2026-08-03 22:40:59,097 INFO  [default]            source: Estimated
2026-08-03 22:40:59,097 INFO  [default]   cumulative: 0
2026-08-03 22:40:59,098 INFO  [default]    inst rate: not used for this commodity code
2026-08-03 22:40:59,287 INFO  [default] link ACK received: query_operational_state
2026-08-03 22:40:59,399 INFO  [default] operational state received: 0

Press Enter for a list of commands
2026-08-03 22:41:58,605 INFO  [default] link ACK received: get_commodity
2026-08-03 22:41:58,733 INFO  [default] message type supported received: 2
2026-08-03 22:41:58,733 INFO  [default] commodity response received. response code: 0 - success; count: 3
2026-08-03 22:41:58,733 INFO  [default] commodity code: 0 - Electricity consumed (W & W-hr)
2026-08-03 22:41:58,733 INFO  [default]            source: Estimated
2026-08-03 22:41:58,734 INFO  [default]   cumulative: 1775
2026-08-03 22:41:58,734 INFO  [default]    inst rate: 0
2026-08-03 22:41:58,734 INFO  [default] commodity code: 6 - Total energy storage/take capacity (W-hr)
2026-08-03 22:41:58,734 INFO  [default]            source: Estimated
2026-08-03 22:41:58,734 INFO  [default]   cumulative: 4026
2026-08-03 22:41:58,734 INFO  [default]    inst rate: not used for this commodity code
2026-08-03 22:41:58,734 INFO  [default] commodity code: 7 - Present energy storage/take capacity (W-hr)
2026-08-03 22:41:58,734 INFO  [default]            source: Estimated
2026-08-03 22:41:58,735 INFO  [default]   cumulative: 0
2026-08-03 22:41:58,735 INFO  [default]    inst rate: not used for this commodity code
2026-08-03 22:41:58,925 INFO  [default] link ACK received: query_operational_state
2026-08-03 22:41:59,021 INFO  [default] operational state received: 0

Press Enter for a list of commands
1785822178,o,0 (PASSED!)
outside communication found
2026-08-03 22:42:58,226 INFO  [default] link ACK received: outside_communication
2026-08-03 22:42:58,322 INFO  [default] app ack received
2026-08-03 22:42:58,514 INFO  [default] link ACK received: get_commodity
2026-08-03 22:42:58,642 INFO  [default] message type supported received: 2
2026-08-03 22:42:58,642 INFO  [default] commodity response received. response code: 0 - success; count: 3
2026-08-03 22:42:58,643 INFO  [default] commodity code: 0 - Electricity consumed (W & W-hr)
2026-08-03 22:42:58,643 INFO  [default]            source: Estimated
2026-08-03 22:42:58,643 INFO  [default]   cumulative: 1775
2026-08-03 22:42:58,643 INFO  [default]    inst rate: 0
2026-08-03 22:42:58,643 INFO  [default] commodity code: 6 - Total energy storage/take capacity (W-hr)
2026-08-03 22:42:58,643 INFO  [default]            source: Estimated
2026-08-03 22:42:58,644 INFO  [default]   cumulative: 4026
2026-08-03 22:42:58,644 INFO  [default]    inst rate: not used for this commodity code
2026-08-03 22:42:58,644 INFO  [default] commodity code: 7 - Present energy storage/take capacity (W-hr)
2026-08-03 22:42:58,644 INFO  [default]            source: Estimated
2026-08-03 22:42:58,644 INFO  [default]   cumulative: 0
2026-08-03 22:42:58,644 INFO  [default]    inst rate: not used for this commodity code
2026-08-03 22:42:58,834 INFO  [default] link ACK received: query_operational_state
2026-08-03 22:42:58,946 INFO  [default] operational state received: 0

Press Enter for a list of commands
2026-08-03 22:43:59,143 INFO  [default] link ACK received: get_commodity
2026-08-03 22:43:59,271 INFO  [default] message type supported received: 2
2026-08-03 22:43:59,272 INFO  [default] commodity response received. response code: 0 - success; count: 3
2026-08-03 22:43:59,272 INFO  [default] commodity code: 0 - Electricity consumed (W & W-hr)
2026-08-03 22:43:59,272 INFO  [default]            source: Estimated
2026-08-03 22:43:59,272 INFO  [default]   cumulative: 1775
2026-08-03 22:43:59,273 INFO  [default]    inst rate: 0
2026-08-03 22:43:59,273 INFO  [default] commodity code: 6 - Total energy storage/take capacity (W-hr)
2026-08-03 22:43:59,273 INFO  [default]            source: Estimated
2026-08-03 22:43:59,273 INFO  [default]   cumulative: 4026
2026-08-03 22:43:59,273 INFO  [default]    inst rate: not used for this commodity code
2026-08-03 22:43:59,273 INFO  [default] commodity code: 7 - Present energy storage/take capacity (W-hr)
2026-08-03 22:43:59,273 INFO  [default]            source: Estimated
2026-08-03 22:43:59,273 INFO  [default]   cumulative: 0
2026-08-03 22:43:59,274 INFO  [default]    inst rate: not used for this commodity code
2026-08-03 22:43:59,463 INFO  [default] link ACK received: query_operational_state
2026-08-03 22:43:59,575 INFO  [default] operational state received: 0

Press Enter for a list of commands
2026-08-03 22:44:58,781 INFO  [default] link ACK received: get_commodity
2026-08-03 22:44:58,909 INFO  [default] message type supported received: 2
2026-08-03 22:44:58,909 INFO  [default] commodity response received. response code: 0 - success; count: 3
2026-08-03 22:44:58,910 INFO  [default] commodity code: 0 - Electricity consumed (W & W-hr)
2026-08-03 22:44:58,910 INFO  [default]            source: Estimated
2026-08-03 22:44:58,910 INFO  [default]   cumulative: 1775
2026-08-03 22:44:58,910 INFO  [default]    inst rate: 0
2026-08-03 22:44:58,910 INFO  [default] commodity code: 6 - Total energy storage/take capacity (W-hr)
2026-08-03 22:44:58,910 INFO  [default]            source: Estimated
2026-08-03 22:44:58,910 INFO  [default]   cumulative: 4026
2026-08-03 22:44:58,910 INFO  [default]    inst rate: not used for this commodity code
2026-08-03 22:44:58,911 INFO  [default] commodity code: 7 - Present energy storage/take capacity (W-hr)
2026-08-03 22:44:58,911 INFO  [default]            source: Estimated
2026-08-03 22:44:58,911 INFO  [default]   cumulative: 0
2026-08-03 22:44:58,911 INFO  [default]    inst rate: not used for this commodity code
2026-08-03 22:44:59,101 INFO  [default] link ACK received: query_operational_state
2026-08-03 22:44:59,213 INFO  [default] operational state received: 0

Press Enter for a list of commands
2026-08-03 22:45:58,419 INFO  [default] link ACK received: get_commodity
2026-08-03 22:45:58,531 INFO  [default] message type supported received: 2
2026-08-03 22:45:58,531 INFO  [default] commodity response received. response code: 0 - success; count: 3
2026-08-03 22:45:58,531 INFO  [default] commodity code: 0 - Electricity consumed (W & W-hr)
2026-08-03 22:45:58,531 INFO  [default]            source: Estimated
2026-08-03 22:45:58,531 INFO  [default]   cumulative: 1775
2026-08-03 22:45:58,532 INFO  [default]    inst rate: 0
2026-08-03 22:45:58,532 INFO  [default] commodity code: 6 - Total energy storage/take capacity (W-hr)
2026-08-03 22:45:58,532 INFO  [default]            source: Estimated
2026-08-03 22:45:58,532 INFO  [default]   cumulative: 4026
2026-08-03 22:45:58,532 INFO  [default]    inst rate: not used for this commodity code
2026-08-03 22:45:58,532 INFO  [default] commodity code: 7 - Present energy storage/take capacity (W-hr)
2026-08-03 22:45:58,532 INFO  [default]            source: Estimated
2026-08-03 22:45:58,532 INFO  [default]   cumulative: 0
2026-08-03 22:45:58,533 INFO  [default]    inst rate: not used for this commodity code
2026-08-03 22:45:58,722 INFO  [default] link ACK received: query_operational_state
2026-08-03 22:45:58,834 INFO  [default] operational state received: 0

Press Enter for a list of commands
2026-08-03 22:46:59,048 INFO  [default] link ACK received: get_commodity
2026-08-03 22:46:59,160 INFO  [default] message type supported received: 2
2026-08-03 22:46:59,160 INFO  [default] commodity response received. response code: 0 - success; count: 3
2026-08-03 22:46:59,160 INFO  [default] commodity code: 0 - Electricity consumed (W & W-hr)
2026-08-03 22:46:59,161 INFO  [default]            source: Estimated
2026-08-03 22:46:59,161 INFO  [default]   cumulative: 1775
2026-08-03 22:46:59,161 INFO  [default]    inst rate: 0
2026-08-03 22:46:59,161 INFO  [default] commodity code: 6 - Total energy storage/take capacity (W-hr)
2026-08-03 22:46:59,161 INFO  [default]            source: Estimated
2026-08-03 22:46:59,161 INFO  [default]   cumulative: 4026
2026-08-03 22:46:59,161 INFO  [default]    inst rate: not used for this commodity code
2026-08-03 22:46:59,162 INFO  [default] commodity code: 7 - Present energy storage/take capacity (W-hr)
2026-08-03 22:46:59,162 INFO  [default]            source: Estimated
2026-08-03 22:46:59,162 INFO  [default]   cumulative: 0
2026-08-03 22:46:59,162 INFO  [default]    inst rate: not used for this commodity code
2026-08-03 22:46:59,352 INFO  [default] link ACK received: query_operational_state
2026-08-03 22:46:59,464 INFO  [default] operational state received: 0

Press Enter for a list of commands
2026-08-03 22:47:58,669 INFO  [default] link ACK received: get_commodity
2026-08-03 22:47:58,797 INFO  [default] message type supported received: 2
2026-08-03 22:47:58,798 INFO  [default] commodity response received. response code: 0 - success; count: 3
2026-08-03 22:47:58,798 INFO  [default] commodity code: 0 - Electricity consumed (W & W-hr)
2026-08-03 22:47:58,798 INFO  [default]            source: Estimated
2026-08-03 22:47:58,798 INFO  [default]   cumulative: 1775
2026-08-03 22:47:58,798 INFO  [default]    inst rate: 0
2026-08-03 22:47:58,799 INFO  [default] commodity code: 6 - Total energy storage/take capacity (W-hr)
2026-08-03 22:47:58,799 INFO  [default]            source: Estimated
2026-08-03 22:47:58,799 INFO  [default]   cumulative: 4026
2026-08-03 22:47:58,799 INFO  [default]    inst rate: not used for this commodity code
2026-08-03 22:47:58,799 INFO  [default] commodity code: 7 - Present energy storage/take capacity (W-hr)
2026-08-03 22:47:58,799 INFO  [default]            source: Estimated
2026-08-03 22:47:58,799 INFO  [default]   cumulative: 0
2026-08-03 22:47:58,800 INFO  [default]    inst rate: not used for this commodity code
2026-08-03 22:47:58,989 INFO  [default] link ACK received: query_operational_state
2026-08-03 22:47:59,101 INFO  [default] operational state received: 0

Press Enter for a list of commands
2026-08-03 22:48:58,307 INFO  [default] link ACK received: get_commodity
2026-08-03 22:48:58,435 INFO  [default] message type supported received: 2
2026-08-03 22:48:58,435 INFO  [default] commodity response received. response code: 0 - success; count: 3
2026-08-03 22:48:58,435 INFO  [default] commodity code: 0 - Electricity consumed (W & W-hr)
2026-08-03 22:48:58,436 INFO  [default]            source: Estimated
2026-08-03 22:48:58,436 INFO  [default]   cumulative: 1775
2026-08-03 22:48:58,436 INFO  [default]    inst rate: 0
2026-08-03 22:48:58,436 INFO  [default] commodity code: 6 - Total energy storage/take capacity (W-hr)
2026-08-03 22:48:58,436 INFO  [default]            source: Estimated
2026-08-03 22:48:58,436 INFO  [default]   cumulative: 4026
2026-08-03 22:48:58,436 INFO  [default]    inst rate: not used for this commodity code
2026-08-03 22:48:58,436 INFO  [default] commodity code: 7 - Present energy storage/take capacity (W-hr)
2026-08-03 22:48:58,437 INFO  [default]            source: Estimated
2026-08-03 22:48:58,437 INFO  [default]   cumulative: 0
2026-08-03 22:48:58,437 INFO  [default]    inst rate: not used for this commodity code
2026-08-03 22:48:58,627 INFO  [default] link ACK received: query_operational_state
2026-08-03 22:48:58,723 INFO  [default] operational state received: 0

Press Enter for a list of commands
2026-08-03 22:49:58,936 INFO  [default] link ACK received: get_commodity
2026-08-03 22:49:59,064 INFO  [default] message type supported received: 2
2026-08-03 22:49:59,064 INFO  [default] commodity response received. response code: 0 - success; count: 3
2026-08-03 22:49:59,065 INFO  [default] commodity code: 0 - Electricity consumed (W & W-hr)
2026-08-03 22:49:59,065 INFO  [default]            source: Estimated
2026-08-03 22:49:59,065 INFO  [default]   cumulative: 1775
2026-08-03 22:49:59,065 INFO  [default]    inst rate: 0
2026-08-03 22:49:59,065 INFO  [default] commodity code: 6 - Total energy storage/take capacity (W-hr)
2026-08-03 22:49:59,065 INFO  [default]            source: Estimated
2026-08-03 22:49:59,066 INFO  [default]   cumulative: 4026
2026-08-03 22:49:59,066 INFO  [default]    inst rate: not used for this commodity code
2026-08-03 22:49:59,066 INFO  [default] commodity code: 7 - Present energy storage/take capacity (W-hr)
2026-08-03 22:49:59,066 INFO  [default]            source: Estimated
2026-08-03 22:49:59,066 INFO  [default]   cumulative: 0
2026-08-03 22:49:59,066 INFO  [default]    inst rate: not used for this commodity code
2026-08-03 22:49:59,256 INFO  [default] link ACK received: query_operational_state
2026-08-03 22:49:59,368 INFO  [default] operational state received: 0

Press Enter for a list of commands
2026-08-03 22:50:58,574 INFO  [default] link ACK received: get_commodity
2026-08-03 22:50:58,702 INFO  [default] message type supported received: 2
2026-08-03 22:50:58,702 INFO  [default] commodity response received. response code: 0 - success; count: 3
2026-08-03 22:50:58,702 INFO  [default] commodity code: 0 - Electricity consumed (W & W-hr)
2026-08-03 22:50:58,702 INFO  [default]            source: Estimated
2026-08-03 22:50:58,703 INFO  [default]   cumulative: 1775
2026-08-03 22:50:58,703 INFO  [default]    inst rate: 0
2026-08-03 22:50:58,703 INFO  [default] commodity code: 6 - Total energy storage/take capacity (W-hr)
2026-08-03 22:50:58,703 INFO  [default]            source: Estimated
2026-08-03 22:50:58,703 INFO  [default]   cumulative: 4026
2026-08-03 22:50:58,703 INFO  [default]    inst rate: not used for this commodity code
2026-08-03 22:50:58,703 INFO  [default] commodity code: 7 - Present energy storage/take capacity (W-hr)
2026-08-03 22:50:58,703 INFO  [default]            source: Estimated
2026-08-03 22:50:58,704 INFO  [default]   cumulative: 0
2026-08-03 22:50:58,704 INFO  [default]    inst rate: not used for this commodity code
2026-08-03 22:50:58,894 INFO  [default] link ACK received: query_operational_state
2026-08-03 22:50:59,006 INFO  [default] operational state received: 0

Press Enter for a list of commands
2026-08-03 22:51:59,219 INFO  [default] link ACK received: get_commodity
2026-08-03 22:51:59,331 INFO  [default] message type supported received: 2
2026-08-03 22:51:59,331 INFO  [default] commodity response received. response code: 0 - success; count: 3
2026-08-03 22:51:59,332 INFO  [default] commodity code: 0 - Electricity consumed (W & W-hr)
2026-08-03 22:51:59,332 INFO  [default]            source: Estimated
2026-08-03 22:51:59,332 INFO  [default]   cumulative: 1775
2026-08-03 22:51:59,332 INFO  [default]    inst rate: 0
2026-08-03 22:51:59,332 INFO  [default] commodity code: 6 - Total energy storage/take capacity (W-hr)
2026-08-03 22:51:59,332 INFO  [default]            source: Estimated
2026-08-03 22:51:59,332 INFO  [default]   cumulative: 4026
2026-08-03 22:51:59,333 INFO  [default]    inst rate: not used for this commodity code
2026-08-03 22:51:59,333 INFO  [default] commodity code: 7 - Present energy storage/take capacity (W-hr)
2026-08-03 22:51:59,333 INFO  [default]            source: Estimated
2026-08-03 22:51:59,333 INFO  [default]   cumulative: 0
2026-08-03 22:51:59,333 INFO  [default]    inst rate: not used for this commodity code
2026-08-03 22:51:59,523 INFO  [default] link ACK received: query_operational_state
2026-08-03 22:51:59,635 INFO  [default] operational state received: 0

Press Enter for a list of commands
1785822778,o,0 (PASSED!)
outside communication found
2026-08-03 22:52:58,840 INFO  [default] link ACK received: outside_communication
2026-08-03 22:52:58,936 INFO  [default] app ack received
2026-08-03 22:52:59,128 INFO  [default] link ACK received: get_commodity
2026-08-03 22:52:59,256 INFO  [default] message type supported received: 2
2026-08-03 22:52:59,257 INFO  [default] commodity response received. response code: 0 - success; count: 3
2026-08-03 22:52:59,257 INFO  [default] commodity code: 0 - Electricity consumed (W & W-hr)
2026-08-03 22:52:59,257 INFO  [default]            source: Estimated
2026-08-03 22:52:59,257 INFO  [default]   cumulative: 1775
2026-08-03 22:52:59,257 INFO  [default]    inst rate: 0
2026-08-03 22:52:59,258 INFO  [default] commodity code: 6 - Total energy storage/take capacity (W-hr)
2026-08-03 22:52:59,258 INFO  [default]            source: Estimated
2026-08-03 22:52:59,258 INFO  [default]   cumulative: 4026
2026-08-03 22:52:59,258 INFO  [default]    inst rate: not used for this commodity code
2026-08-03 22:52:59,258 INFO  [default] commodity code: 7 - Present energy storage/take capacity (W-hr)
2026-08-03 22:52:59,258 INFO  [default]            source: Estimated
2026-08-03 22:52:59,258 INFO  [default]   cumulative: 0
2026-08-03 22:52:59,258 INFO  [default]    inst rate: not used for this commodity code
2026-08-03 22:52:59,448 INFO  [default] link ACK received: query_operational_state
2026-08-03 22:52:59,560 INFO  [default] operational state received: 0

Press Enter for a list of commands
1785822793,l,0 (PASSED!)
loading up
2026-08-03 22:53:13,686 INFO  [default] link ACK received: load_up
2026-08-03 22:53:13,782 INFO  [default] app ack received
2026-08-03 22:53:58,958 INFO  [default] link ACK received: get_commodity
2026-08-03 22:53:59,086 INFO  [default] message type supported received: 2
2026-08-03 22:53:59,086 INFO  [default] commodity response received. response code: 0 - success; count: 3
2026-08-03 22:53:59,086 INFO  [default] commodity code: 0 - Electricity consumed (W & W-hr)
2026-08-03 22:53:59,087 INFO  [default]            source: Estimated
2026-08-03 22:53:59,087 INFO  [default]   cumulative: 1775
2026-08-03 22:53:59,087 INFO  [default]    inst rate: 0
2026-08-03 22:53:59,087 INFO  [default] commodity code: 6 - Total energy storage/take capacity (W-hr)
2026-08-03 22:53:59,087 INFO  [default]            source: Estimated
2026-08-03 22:53:59,087 INFO  [default]   cumulative: 4026
2026-08-03 22:53:59,087 INFO  [default]    inst rate: not used for this commodity code
2026-08-03 22:53:59,088 INFO  [default] commodity code: 7 - Present energy storage/take capacity (W-hr)
2026-08-03 22:53:59,088 INFO  [default]            source: Estimated
2026-08-03 22:53:59,088 INFO  [default]   cumulative: 0
2026-08-03 22:53:59,088 INFO  [default]    inst rate: not used for this commodity code
2026-08-03 22:53:59,278 INFO  [default] link ACK received: query_operational_state
2026-08-03 22:53:59,374 INFO  [default] operational state received: 4

Press Enter for a list of commands
2026-08-03 22:54:58,579 INFO  [default] link ACK received: get_commodity
2026-08-03 22:54:58,707 INFO  [default] message type supported received: 2
2026-08-03 22:54:58,708 INFO  [default] commodity response received. response code: 0 - success; count: 3
2026-08-03 22:54:58,708 INFO  [default] commodity code: 0 - Electricity consumed (W & W-hr)
2026-08-03 22:54:58,708 INFO  [default]            source: Estimated
2026-08-03 22:54:58,708 INFO  [default]   cumulative: 1775
2026-08-03 22:54:58,708 INFO  [default]    inst rate: 0
2026-08-03 22:54:58,709 INFO  [default] commodity code: 6 - Total energy storage/take capacity (W-hr)
2026-08-03 22:54:58,709 INFO  [default]            source: Estimated
2026-08-03 22:54:58,709 INFO  [default]   cumulative: 4026
2026-08-03 22:54:58,709 INFO  [default]    inst rate: not used for this commodity code
2026-08-03 22:54:58,709 INFO  [default] commodity code: 7 - Present energy storage/take capacity (W-hr)
2026-08-03 22:54:58,709 INFO  [default]            source: Estimated
2026-08-03 22:54:58,709 INFO  [default]   cumulative: 0
2026-08-03 22:54:58,709 INFO  [default]    inst rate: not used for this commodity code
2026-08-03 22:54:58,899 INFO  [default] link ACK received: query_operational_state
2026-08-03 22:54:59,011 INFO  [default] operational state received: 4

Press Enter for a list of commands
2026-08-03 22:55:59,209 INFO  [default] link ACK received: get_commodity
2026-08-03 22:55:59,337 INFO  [default] message type supported received: 2
2026-08-03 22:55:59,337 INFO  [default] commodity response received. response code: 0 - success; count: 3
2026-08-03 22:55:59,337 INFO  [default] commodity code: 0 - Electricity consumed (W & W-hr)
2026-08-03 22:55:59,337 INFO  [default]            source: Estimated
2026-08-03 22:55:59,338 INFO  [default]   cumulative: 1775
2026-08-03 22:55:59,338 INFO  [default]    inst rate: 0
2026-08-03 22:55:59,338 INFO  [default] commodity code: 6 - Total energy storage/take capacity (W-hr)
2026-08-03 22:55:59,338 INFO  [default]            source: Estimated
2026-08-03 22:55:59,338 INFO  [default]   cumulative: 4026
2026-08-03 22:55:59,338 INFO  [default]    inst rate: not used for this commodity code
2026-08-03 22:55:59,338 INFO  [default] commodity code: 7 - Present energy storage/take capacity (W-hr)
2026-08-03 22:55:59,339 INFO  [default]            source: Estimated
2026-08-03 22:55:59,339 INFO  [default]   cumulative: 0
2026-08-03 22:55:59,339 INFO  [default]    inst rate: not used for this commodity code
2026-08-03 22:55:59,529 INFO  [default] link ACK received: query_operational_state
2026-08-03 22:55:59,641 INFO  [default] operational state received: 4

Press Enter for a list of commands
1785822988,o,0 (PASSED!)
outside communication found
2026-08-03 22:56:28,788 INFO  [default] link ACK received: outside_communication
2026-08-03 22:56:28,883 INFO  [default] app ack received
2026-08-03 22:56:59,022 INFO  [default] link ACK received: get_commodity
2026-08-03 22:56:59,150 INFO  [default] message type supported received: 2
2026-08-03 22:56:59,150 INFO  [default] commodity response received. response code: 0 - success; count: 3
2026-08-03 22:56:59,151 INFO  [default] commodity code: 0 - Electricity consumed (W & W-hr)
2026-08-03 22:56:59,151 INFO  [default]            source: Estimated
2026-08-03 22:56:59,151 INFO  [default]   cumulative: 1775
2026-08-03 22:56:59,151 INFO  [default]    inst rate: 0
2026-08-03 22:56:59,152 INFO  [default] commodity code: 6 - Total energy storage/take capacity (W-hr)
2026-08-03 22:56:59,152 INFO  [default]            source: Estimated
2026-08-03 22:56:59,152 INFO  [default]   cumulative: 4026
2026-08-03 22:56:59,152 INFO  [default]    inst rate: not used for this commodity code
2026-08-03 22:56:59,152 INFO  [default] commodity code: 7 - Present energy storage/take capacity (W-hr)
2026-08-03 22:56:59,152 INFO  [default]            source: Estimated
2026-08-03 22:56:59,152 INFO  [default]   cumulative: 0
2026-08-03 22:56:59,152 INFO  [default]    inst rate: not used for this commodity code
2026-08-03 22:56:59,342 INFO  [default] link ACK received: query_operational_state
2026-08-03 22:56:59,438 INFO  [default] operational state received: 4

Press Enter for a list of commands
2026-08-03 22:57:58,644 INFO  [default] link ACK received: get_commodity
2026-08-03 22:57:58,772 INFO  [default] message type supported received: 2
2026-08-03 22:57:58,772 INFO  [default] commodity response received. response code: 0 - success; count: 3
2026-08-03 22:57:58,772 INFO  [default] commodity code: 0 - Electricity consumed (W & W-hr)
2026-08-03 22:57:58,772 INFO  [default]            source: Estimated
2026-08-03 22:57:58,773 INFO  [default]   cumulative: 1775
2026-08-03 22:57:58,773 INFO  [default]    inst rate: 0
2026-08-03 22:57:58,773 INFO  [default] commodity code: 6 - Total energy storage/take capacity (W-hr)
2026-08-03 22:57:58,773 INFO  [default]            source: Estimated
2026-08-03 22:57:58,773 INFO  [default]   cumulative: 4026
2026-08-03 22:57:58,773 INFO  [default]    inst rate: not used for this commodity code
2026-08-03 22:57:58,773 INFO  [default] commodity code: 7 - Present energy storage/take capacity (W-hr)
2026-08-03 22:57:58,773 INFO  [default]            source: Estimated
2026-08-03 22:57:58,774 INFO  [default]   cumulative: 0
2026-08-03 22:57:58,774 INFO  [default]    inst rate: not used for this commodity code
2026-08-03 22:57:58,964 INFO  [default] link ACK received: query_operational_state
2026-08-03 22:57:59,076 INFO  [default] operational state received: 4

Press Enter for a list of commands
2026-08-03 22:58:59,289 INFO  [default] link ACK received: get_commodity
2026-08-03 22:58:59,401 INFO  [default] message type supported received: 2
2026-08-03 22:58:59,401 INFO  [default] commodity response received. response code: 0 - success; count: 3
2026-08-03 22:58:59,402 INFO  [default] commodity code: 0 - Electricity consumed (W & W-hr)
2026-08-03 22:58:59,402 INFO  [default]            source: Estimated
2026-08-03 22:58:59,402 INFO  [default]   cumulative: 1775
2026-08-03 22:58:59,402 INFO  [default]    inst rate: 0
2026-08-03 22:58:59,402 INFO  [default] commodity code: 6 - Total energy storage/take capacity (W-hr)
2026-08-03 22:58:59,402 INFO  [default]            source: Estimated
2026-08-03 22:58:59,403 INFO  [default]   cumulative: 4026
2026-08-03 22:58:59,403 INFO  [default]    inst rate: not used for this commodity code
2026-08-03 22:58:59,403 INFO  [default] commodity code: 7 - Present energy storage/take capacity (W-hr)
2026-08-03 22:58:59,403 INFO  [default]            source: Estimated
2026-08-03 22:58:59,403 INFO  [default]   cumulative: 0
2026-08-03 22:58:59,403 INFO  [default]    inst rate: not used for this commodity code
2026-08-03 22:58:59,593 INFO  [default] link ACK received: query_operational_state
2026-08-03 22:58:59,705 INFO  [default] operational state received: 4

Press Enter for a list of commands
2026-08-03 22:59:58,910 INFO  [default] link ACK received: get_commodity
2026-08-03 22:59:59,038 INFO  [default] message type supported received: 2
2026-08-03 22:59:59,039 INFO  [default] commodity response received. response code: 0 - success; count: 3
2026-08-03 22:59:59,039 INFO  [default] commodity code: 0 - Electricity consumed (W & W-hr)
2026-08-03 22:59:59,039 INFO  [default]            source: Estimated
2026-08-03 22:59:59,039 INFO  [default]   cumulative: 1775
2026-08-03 22:59:59,040 INFO  [default]    inst rate: 0
2026-08-03 22:59:59,040 INFO  [default] commodity code: 6 - Total energy storage/take capacity (W-hr)
2026-08-03 22:59:59,040 INFO  [default]            source: Estimated
2026-08-03 22:59:59,040 INFO  [default]   cumulative: 4026
2026-08-03 22:59:59,040 INFO  [default]    inst rate: not used for this commodity code
2026-08-03 22:59:59,040 INFO  [default] commodity code: 7 - Present energy storage/take capacity (W-hr)
2026-08-03 22:59:59,040 INFO  [default]            source: Estimated
2026-08-03 22:59:59,040 INFO  [default]   cumulative: 0
2026-08-03 22:59:59,040 INFO  [default]    inst rate: not used for this commodity code
2026-08-03 22:59:59,230 INFO  [default] link ACK received: query_operational_state
2026-08-03 22:59:59,326 INFO  [default] operational state received: 4

Press Enter for a list of commands
2026-08-03 23:00:58,532 INFO  [default] link ACK received: get_commodity
2026-08-03 23:00:58,660 INFO  [default] message type supported received: 2
2026-08-03 23:00:58,660 INFO  [default] commodity response received. response code: 0 - success; count: 3
2026-08-03 23:00:58,661 INFO  [default] commodity code: 0 - Electricity consumed (W & W-hr)
2026-08-03 23:00:58,661 INFO  [default]            source: Estimated
2026-08-03 23:00:58,661 INFO  [default]   cumulative: 1775
2026-08-03 23:00:58,661 INFO  [default]    inst rate: 0
2026-08-03 23:00:58,661 INFO  [default] commodity code: 6 - Total energy storage/take capacity (W-hr)
2026-08-03 23:00:58,661 INFO  [default]            source: Estimated
2026-08-03 23:00:58,662 INFO  [default]   cumulative: 4026
2026-08-03 23:00:58,662 INFO  [default]    inst rate: not used for this commodity code
2026-08-03 23:00:58,662 INFO  [default] commodity code: 7 - Present energy storage/take capacity (W-hr)
2026-08-03 23:00:58,662 INFO  [default]            source: Estimated
2026-08-03 23:00:58,662 INFO  [default]   cumulative: 0
2026-08-03 23:00:58,662 INFO  [default]    inst rate: not used for this commodity code
2026-08-03 23:00:58,852 INFO  [default] link ACK received: query_operational_state
2026-08-03 23:00:58,948 INFO  [default] operational state received: 4

Press Enter for a list of commands
2026-08-03 23:01:59,161 INFO  [default] link ACK received: get_commodity
2026-08-03 23:01:59,273 INFO  [default] message type supported received: 2
2026-08-03 23:01:59,273 INFO  [default] commodity response received. response code: 0 - success; count: 3
2026-08-03 23:01:59,274 INFO  [default] commodity code: 0 - Electricity consumed (W & W-hr)
2026-08-03 23:01:59,274 INFO  [default]            source: Estimated
2026-08-03 23:01:59,274 INFO  [default]   cumulative: 1775
2026-08-03 23:01:59,274 INFO  [default]    inst rate: 0
2026-08-03 23:01:59,275 INFO  [default] commodity code: 6 - Total energy storage/take capacity (W-hr)
2026-08-03 23:01:59,275 INFO  [default]            source: Estimated
2026-08-03 23:01:59,275 INFO  [default]   cumulative: 4026
2026-08-03 23:01:59,275 INFO  [default]    inst rate: not used for this commodity code
2026-08-03 23:01:59,275 INFO  [default] commodity code: 7 - Present energy storage/take capacity (W-hr)
2026-08-03 23:01:59,275 INFO  [default]            source: Estimated
2026-08-03 23:01:59,275 INFO  [default]   cumulative: 0
2026-08-03 23:01:59,275 INFO  [default]    inst rate: not used for this commodity code
2026-08-03 23:01:59,465 INFO  [default] link ACK received: query_operational_state
2026-08-03 23:01:59,561 INFO  [default] operational state received: 4

Press Enter for a list of commands
2026-08-03 23:02:58,767 INFO  [default] link ACK received: get_commodity
2026-08-03 23:02:58,895 INFO  [default] message type supported received: 2
2026-08-03 23:02:58,895 INFO  [default] commodity response received. response code: 0 - success; count: 3
2026-08-03 23:02:58,896 INFO  [default] commodity code: 0 - Electricity consumed (W & W-hr)
2026-08-03 23:02:58,896 INFO  [default]            source: Estimated
2026-08-03 23:02:58,896 INFO  [default]   cumulative: 1775
2026-08-03 23:02:58,896 INFO  [default]    inst rate: 0
2026-08-03 23:02:58,896 INFO  [default] commodity code: 6 - Total energy storage/take capacity (W-hr)
2026-08-03 23:02:58,896 INFO  [default]            source: Estimated
2026-08-03 23:02:58,896 INFO  [default]   cumulative: 4026
2026-08-03 23:02:58,897 INFO  [default]    inst rate: not used for this commodity code
2026-08-03 23:02:58,897 INFO  [default] commodity code: 7 - Present energy storage/take capacity (W-hr)
2026-08-03 23:02:58,897 INFO  [default]            source: Estimated
2026-08-03 23:02:58,897 INFO  [default]   cumulative: 0
2026-08-03 23:02:58,897 INFO  [default]    inst rate: not used for this commodity code
2026-08-03 23:02:59,087 INFO  [default] link ACK received: query_operational_state
2026-08-03 23:02:59,183 INFO  [default] operational state received: 4

Press Enter for a list of commands
2026-08-03 23:03:58,388 INFO  [default] link ACK received: get_commodity
2026-08-03 23:03:58,516 INFO  [default] message type supported received: 2
2026-08-03 23:03:58,516 INFO  [default] commodity response received. response code: 0 - success; count: 3
2026-08-03 23:03:58,517 INFO  [default] commodity code: 0 - Electricity consumed (W & W-hr)
2026-08-03 23:03:58,517 INFO  [default]            source: Estimated
2026-08-03 23:03:58,517 INFO  [default]   cumulative: 1775
2026-08-03 23:03:58,517 INFO  [default]    inst rate: 0
2026-08-03 23:03:58,517 INFO  [default] commodity code: 6 - Total energy storage/take capacity (W-hr)
2026-08-03 23:03:58,518 INFO  [default]            source: Estimated
2026-08-03 23:03:58,518 INFO  [default]   cumulative: 4026
2026-08-03 23:03:58,518 INFO  [default]    inst rate: not used for this commodity code
2026-08-03 23:03:58,518 INFO  [default] commodity code: 7 - Present energy storage/take capacity (W-hr)
2026-08-03 23:03:58,518 INFO  [default]            source: Estimated
2026-08-03 23:03:58,518 INFO  [default]   cumulative: 0
2026-08-03 23:03:58,518 INFO  [default]    inst rate: not used for this commodity code
2026-08-03 23:03:58,708 INFO  [default] link ACK received: query_operational_state
2026-08-03 23:03:58,820 INFO  [default] operational state received: 4

Press Enter for a list of commands
2026-08-03 23:04:59,034 INFO  [default] link ACK received: get_commodity
2026-08-03 23:04:59,162 INFO  [default] message type supported received: 2
2026-08-03 23:04:59,162 INFO  [default] commodity response received. response code: 0 - success; count: 3
2026-08-03 23:04:59,162 INFO  [default] commodity code: 0 - Electricity consumed (W & W-hr)
2026-08-03 23:04:59,163 INFO  [default]            source: Estimated
2026-08-03 23:04:59,163 INFO  [default]   cumulative: 1775
2026-08-03 23:04:59,163 INFO  [default]    inst rate: 0
2026-08-03 23:04:59,163 INFO  [default] commodity code: 6 - Total energy storage/take capacity (W-hr)
2026-08-03 23:04:59,163 INFO  [default]            source: Estimated
2026-08-03 23:04:59,163 INFO  [default]   cumulative: 4026
2026-08-03 23:04:59,163 INFO  [default]    inst rate: not used for this commodity code
2026-08-03 23:04:59,164 INFO  [default] commodity code: 7 - Present energy storage/take capacity (W-hr)
2026-08-03 23:04:59,164 INFO  [default]            source: Estimated
2026-08-03 23:04:59,164 INFO  [default]   cumulative: 0
2026-08-03 23:04:59,164 INFO  [default]    inst rate: not used for this commodity code
2026-08-03 23:04:59,354 INFO  [default] link ACK received: query_operational_state
2026-08-03 23:04:59,466 INFO  [default] operational state received: 4

Press Enter for a list of commands
2026-08-03 23:05:58,671 INFO  [default] link ACK received: get_commodity
2026-08-03 23:05:58,799 INFO  [default] message type supported received: 2
2026-08-03 23:05:58,799 INFO  [default] commodity response received. response code: 0 - success; count: 3
2026-08-03 23:05:58,800 INFO  [default] commodity code: 0 - Electricity consumed (W & W-hr)
2026-08-03 23:05:58,800 INFO  [default]            source: Estimated
2026-08-03 23:05:58,800 INFO  [default]   cumulative: 1775
2026-08-03 23:05:58,800 INFO  [default]    inst rate: 0
2026-08-03 23:05:58,800 INFO  [default] commodity code: 6 - Total energy storage/take capacity (W-hr)
2026-08-03 23:05:58,801 INFO  [default]            source: Estimated
2026-08-03 23:05:58,801 INFO  [default]   cumulative: 4026
2026-08-03 23:05:58,801 INFO  [default]    inst rate: not used for this commodity code
2026-08-03 23:05:58,801 INFO  [default] commodity code: 7 - Present energy storage/take capacity (W-hr)
2026-08-03 23:05:58,801 INFO  [default]            source: Estimated
2026-08-03 23:05:58,801 INFO  [default]   cumulative: 0
2026-08-03 23:05:58,801 INFO  [default]    inst rate: not used for this commodity code
2026-08-03 23:05:58,991 INFO  [default] link ACK received: query_operational_state
2026-08-03 23:05:59,103 INFO  [default] operational state received: 4

Press Enter for a list of commands
2026-08-03 23:06:58,309 INFO  [default] link ACK received: get_commodity
2026-08-03 23:06:58,437 INFO  [default] message type supported received: 2
2026-08-03 23:06:58,437 INFO  [default] commodity response received. response code: 0 - success; count: 3
2026-08-03 23:06:58,437 INFO  [default] commodity code: 0 - Electricity consumed (W & W-hr)
2026-08-03 23:06:58,438 INFO  [default]            source: Estimated
2026-08-03 23:06:58,438 INFO  [default]   cumulative: 1775
2026-08-03 23:06:58,438 INFO  [default]    inst rate: 0
2026-08-03 23:06:58,438 INFO  [default] commodity code: 6 - Total energy storage/take capacity (W-hr)
2026-08-03 23:06:58,438 INFO  [default]            source: Estimated
2026-08-03 23:06:58,438 INFO  [default]   cumulative: 4026
2026-08-03 23:06:58,438 INFO  [default]    inst rate: not used for this commodity code
2026-08-03 23:06:58,438 INFO  [default] commodity code: 7 - Present energy storage/take capacity (W-hr)
2026-08-03 23:06:58,439 INFO  [default]            source: Estimated
2026-08-03 23:06:58,439 INFO  [default]   cumulative: 0
2026-08-03 23:06:58,439 INFO  [default]    inst rate: not used for this commodity code
2026-08-03 23:06:58,629 INFO  [default] link ACK received: query_operational_state
2026-08-03 23:06:58,741 INFO  [default] operational state received: 4

Press Enter for a list of commands
2026-08-03 23:07:58,954 INFO  [default] link ACK received: get_commodity
2026-08-03 23:07:59,066 INFO  [default] message type supported received: 2
2026-08-03 23:07:59,066 INFO  [default] commodity response received. response code: 0 - success; count: 3
2026-08-03 23:07:59,067 INFO  [default] commodity code: 0 - Electricity consumed (W & W-hr)
2026-08-03 23:07:59,067 INFO  [default]            source: Estimated
2026-08-03 23:07:59,067 INFO  [default]   cumulative: 1775
2026-08-03 23:07:59,067 INFO  [default]    inst rate: 0
2026-08-03 23:07:59,067 INFO  [default] commodity code: 6 - Total energy storage/take capacity (W-hr)
2026-08-03 23:07:59,067 INFO  [default]            source: Estimated
2026-08-03 23:07:59,068 INFO  [default]   cumulative: 4026
2026-08-03 23:07:59,068 INFO  [default]    inst rate: not used for this commodity code
2026-08-03 23:07:59,068 INFO  [default] commodity code: 7 - Present energy storage/take capacity (W-hr)
2026-08-03 23:07:59,068 INFO  [default]            source: Estimated
2026-08-03 23:07:59,068 INFO  [default]   cumulative: 0
2026-08-03 23:07:59,068 INFO  [default]    inst rate: not used for this commodity code
2026-08-03 23:07:59,258 INFO  [default] link ACK received: query_operational_state
2026-08-03 23:07:59,370 INFO  [default] operational state received: 4

Press Enter for a list of commands
2026-08-03 23:08:58,575 INFO  [default] link ACK received: get_commodity
2026-08-03 23:08:58,703 INFO  [default] message type supported received: 2
2026-08-03 23:08:58,704 INFO  [default] commodity response received. response code: 0 - success; count: 3
2026-08-03 23:08:58,704 INFO  [default] commodity code: 0 - Electricity consumed (W & W-hr)
2026-08-03 23:08:58,704 INFO  [default]            source: Estimated
2026-08-03 23:08:58,705 INFO  [default]   cumulative: 1775
2026-08-03 23:08:58,705 INFO  [default]    inst rate: 0
2026-08-03 23:08:58,705 INFO  [default] commodity code: 6 - Total energy storage/take capacity (W-hr)
2026-08-03 23:08:58,705 INFO  [default]            source: Estimated
2026-08-03 23:08:58,705 INFO  [default]   cumulative: 4026
2026-08-03 23:08:58,705 INFO  [default]    inst rate: not used for this commodity code
2026-08-03 23:08:58,705 INFO  [default] commodity code: 7 - Present energy storage/take capacity (W-hr)
2026-08-03 23:08:58,705 INFO  [default]            source: Estimated
2026-08-03 23:08:58,706 INFO  [default]   cumulative: 0
2026-08-03 23:08:58,706 INFO  [default]    inst rate: not used for this commodity code
2026-08-03 23:08:58,895 INFO  [default] link ACK received: query_operational_state
2026-08-03 23:08:59,007 INFO  [default] operational state received: 4

Press Enter for a list of commands
1785823798,o,0 (PASSED!)
outside communication found
2026-08-03 23:09:58,213 INFO  [default] link ACK received: outside_communication
2026-08-03 23:09:58,309 INFO  [default] app ack received
2026-08-03 23:09:58,501 INFO  [default] link ACK received: get_commodity
2026-08-03 23:09:58,629 INFO  [default] message type supported received: 2
2026-08-03 23:09:58,629 INFO  [default] commodity response received. response code: 0 - success; count: 3
2026-08-03 23:09:58,630 INFO  [default] commodity code: 0 - Electricity consumed (W & W-hr)
2026-08-03 23:09:58,630 INFO  [default]            source: Estimated
2026-08-03 23:09:58,630 INFO  [default]   cumulative: 1775
2026-08-03 23:09:58,630 INFO  [default]    inst rate: 0
2026-08-03 23:09:58,630 INFO  [default] commodity code: 6 - Total energy storage/take capacity (W-hr)
2026-08-03 23:09:58,630 INFO  [default]            source: Estimated
2026-08-03 23:09:58,630 INFO  [default]   cumulative: 4026
2026-08-03 23:09:58,630 INFO  [default]    inst rate: not used for this commodity code
2026-08-03 23:09:58,631 INFO  [default] commodity code: 7 - Present energy storage/take capacity (W-hr)
2026-08-03 23:09:58,631 INFO  [default]            source: Estimated
2026-08-03 23:09:58,631 INFO  [default]   cumulative: 0
2026-08-03 23:09:58,631 INFO  [default]    inst rate: not used for this commodity code
2026-08-03 23:09:58,821 INFO  [default] link ACK received: query_operational_state
2026-08-03 23:09:58,917 INFO  [default] operational state received: 4

Press Enter for a list of commands
2026-08-03 23:10:59,114 INFO  [default] link ACK received: get_commodity
2026-08-03 23:10:59,242 INFO  [default] message type supported received: 2
2026-08-03 23:10:59,242 INFO  [default] commodity response received. response code: 0 - success; count: 3
2026-08-03 23:10:59,243 INFO  [default] commodity code: 0 - Electricity consumed (W & W-hr)
2026-08-03 23:10:59,243 INFO  [default]            source: Estimated
2026-08-03 23:10:59,243 INFO  [default]   cumulative: 1775
2026-08-03 23:10:59,243 INFO  [default]    inst rate: 0
2026-08-03 23:10:59,243 INFO  [default] commodity code: 6 - Total energy storage/take capacity (W-hr)
2026-08-03 23:10:59,244 INFO  [default]            source: Estimated
2026-08-03 23:10:59,244 INFO  [default]   cumulative: 4026
2026-08-03 23:10:59,244 INFO  [default]    inst rate: not used for this commodity code
2026-08-03 23:10:59,244 INFO  [default] commodity code: 7 - Present energy storage/take capacity (W-hr)
2026-08-03 23:10:59,244 INFO  [default]            source: Estimated
2026-08-03 23:10:59,244 INFO  [default]   cumulative: 0
2026-08-03 23:10:59,244 INFO  [default]    inst rate: not used for this commodity code
2026-08-03 23:10:59,434 INFO  [default] link ACK received: query_operational_state
2026-08-03 23:10:59,546 INFO  [default] operational state received: 4

Press Enter for a list of commands
2026-08-03 23:11:58,752 INFO  [default] link ACK received: get_commodity
2026-08-03 23:11:58,880 INFO  [default] message type supported received: 2
2026-08-03 23:11:58,880 INFO  [default] commodity response received. response code: 0 - success; count: 3
2026-08-03 23:11:58,880 INFO  [default] commodity code: 0 - Electricity consumed (W & W-hr)
2026-08-03 23:11:58,880 INFO  [default]            source: Estimated
2026-08-03 23:11:58,881 INFO  [default]   cumulative: 1775
2026-08-03 23:11:58,881 INFO  [default]    inst rate: 0
2026-08-03 23:11:58,881 INFO  [default] commodity code: 6 - Total energy storage/take capacity (W-hr)
2026-08-03 23:11:58,881 INFO  [default]            source: Estimated
2026-08-03 23:11:58,881 INFO  [default]   cumulative: 4026
2026-08-03 23:11:58,881 INFO  [default]    inst rate: not used for this commodity code
2026-08-03 23:11:58,881 INFO  [default] commodity code: 7 - Present energy storage/take capacity (W-hr)
2026-08-03 23:11:58,881 INFO  [default]            source: Estimated
2026-08-03 23:11:58,882 INFO  [default]   cumulative: 0
2026-08-03 23:11:58,882 INFO  [default]    inst rate: not used for this commodity code
2026-08-03 23:11:59,072 INFO  [default] link ACK received: query_operational_state
2026-08-03 23:11:59,168 INFO  [default] operational state received: 4

Press Enter for a list of commands
2026-08-03 23:12:58,373 INFO  [default] link ACK received: get_commodity
2026-08-03 23:12:58,501 INFO  [default] message type supported received: 2
2026-08-03 23:12:58,501 INFO  [default] commodity response received. response code: 0 - success; count: 3
2026-08-03 23:12:58,502 INFO  [default] commodity code: 0 - Electricity consumed (W & W-hr)
2026-08-03 23:12:58,502 INFO  [default]            source: Estimated
2026-08-03 23:12:58,502 INFO  [default]   cumulative: 1775
2026-08-03 23:12:58,502 INFO  [default]    inst rate: 0
2026-08-03 23:12:58,502 INFO  [default] commodity code: 6 - Total energy storage/take capacity (W-hr)
2026-08-03 23:12:58,502 INFO  [default]            source: Estimated
2026-08-03 23:12:58,503 INFO  [default]   cumulative: 4026
2026-08-03 23:12:58,503 INFO  [default]    inst rate: not used for this commodity code
2026-08-03 23:12:58,503 INFO  [default] commodity code: 7 - Present energy storage/take capacity (W-hr)
2026-08-03 23:12:58,503 INFO  [default]            source: Estimated
2026-08-03 23:12:58,503 INFO  [default]   cumulative: 0
2026-08-03 23:12:58,503 INFO  [default]    inst rate: not used for this commodity code
2026-08-03 23:12:58,693 INFO  [default] link ACK received: query_operational_state
2026-08-03 23:12:58,805 INFO  [default] operational state received: 4

Press Enter for a list of commands
2026-08-03 23:13:59,018 INFO  [default] link ACK received: get_commodity
2026-08-03 23:13:59,130 INFO  [default] message type supported received: 2
2026-08-03 23:13:59,131 INFO  [default] commodity response received. response code: 0 - success; count: 3
2026-08-03 23:13:59,131 INFO  [default] commodity code: 0 - Electricity consumed (W & W-hr)
2026-08-03 23:13:59,131 INFO  [default]            source: Estimated
2026-08-03 23:13:59,131 INFO  [default]   cumulative: 1775
2026-08-03 23:13:59,132 INFO  [default]    inst rate: 0
2026-08-03 23:13:59,132 INFO  [default] commodity code: 6 - Total energy storage/take capacity (W-hr)
2026-08-03 23:13:59,132 INFO  [default]            source: Estimated
2026-08-03 23:13:59,132 INFO  [default]   cumulative: 4026
2026-08-03 23:13:59,132 INFO  [default]    inst rate: not used for this commodity code
2026-08-03 23:13:59,132 INFO  [default] commodity code: 7 - Present energy storage/take capacity (W-hr)
2026-08-03 23:13:59,132 INFO  [default]            source: Estimated
2026-08-03 23:13:59,133 INFO  [default]   cumulative: 0
2026-08-03 23:13:59,133 INFO  [default]    inst rate: not used for this commodity code
2026-08-03 23:13:59,322 INFO  [default] link ACK received: query_operational_state
2026-08-03 23:13:59,418 INFO  [default] operational state received: 4

Press Enter for a list of commands
2026-08-03 23:14:58,624 INFO  [default] link ACK received: get_commodity
2026-08-03 23:14:58,736 INFO  [default] message type supported received: 2
2026-08-03 23:14:58,736 INFO  [default] commodity response received. response code: 0 - success; count: 3
2026-08-03 23:14:58,737 INFO  [default] commodity code: 0 - Electricity consumed (W & W-hr)
2026-08-03 23:14:58,737 INFO  [default]            source: Estimated
2026-08-03 23:14:58,737 INFO  [default]   cumulative: 1775
2026-08-03 23:14:58,737 INFO  [default]    inst rate: 0
2026-08-03 23:14:58,737 INFO  [default] commodity code: 6 - Total energy storage/take capacity (W-hr)
2026-08-03 23:14:58,737 INFO  [default]            source: Estimated
2026-08-03 23:14:58,737 INFO  [default]   cumulative: 4026
2026-08-03 23:14:58,738 INFO  [default]    inst rate: not used for this commodity code
2026-08-03 23:14:58,738 INFO  [default] commodity code: 7 - Present energy storage/take capacity (W-hr)
2026-08-03 23:14:58,738 INFO  [default]            source: Estimated
2026-08-03 23:14:58,738 INFO  [default]   cumulative: 0
2026-08-03 23:14:58,738 INFO  [default]    inst rate: not used for this commodity code
2026-08-03 23:14:58,928 INFO  [default] link ACK received: query_operational_state
2026-08-03 23:14:59,024 INFO  [default] operational state received: 4

Press Enter for a list of commands
2026-08-03 23:15:59,237 INFO  [default] link ACK received: get_commodity
2026-08-03 23:15:59,349 INFO  [default] message type supported received: 2
2026-08-03 23:15:59,349 INFO  [default] commodity response received. response code: 0 - success; count: 3
2026-08-03 23:15:59,350 INFO  [default] commodity code: 0 - Electricity consumed (W & W-hr)
2026-08-03 23:15:59,350 INFO  [default]            source: Estimated
2026-08-03 23:15:59,350 INFO  [default]   cumulative: 1775
2026-08-03 23:15:59,350 INFO  [default]    inst rate: 0
2026-08-03 23:15:59,350 INFO  [default] commodity code: 6 - Total energy storage/take capacity (W-hr)
2026-08-03 23:15:59,351 INFO  [default]            source: Estimated
2026-08-03 23:15:59,351 INFO  [default]   cumulative: 4026
2026-08-03 23:15:59,351 INFO  [default]    inst rate: not used for this commodity code
2026-08-03 23:15:59,351 INFO  [default] commodity code: 7 - Present energy storage/take capacity (W-hr)
2026-08-03 23:15:59,351 INFO  [default]            source: Estimated
2026-08-03 23:15:59,351 INFO  [default]   cumulative: 0
2026-08-03 23:15:59,351 INFO  [default]    inst rate: not used for this commodity code
2026-08-03 23:15:59,541 INFO  [default] link ACK received: query_operational_state
2026-08-03 23:15:59,637 INFO  [default] operational state received: 4

Press Enter for a list of commands
2026-08-03 23:16:58,843 INFO  [default] link ACK received: get_commodity
2026-08-03 23:16:58,971 INFO  [default] message type supported received: 2
2026-08-03 23:16:58,971 INFO  [default] commodity response received. response code: 0 - success; count: 3
2026-08-03 23:16:58,972 INFO  [default] commodity code: 0 - Electricity consumed (W & W-hr)
2026-08-03 23:16:58,972 INFO  [default]            source: Estimated
2026-08-03 23:16:58,972 INFO  [default]   cumulative: 1775
2026-08-03 23:16:58,972 INFO  [default]    inst rate: 0
2026-08-03 23:16:58,972 INFO  [default] commodity code: 6 - Total energy storage/take capacity (W-hr)
2026-08-03 23:16:58,972 INFO  [default]            source: Estimated
2026-08-03 23:16:58,972 INFO  [default]   cumulative: 4026
2026-08-03 23:16:58,973 INFO  [default]    inst rate: not used for this commodity code
2026-08-03 23:16:58,973 INFO  [default] commodity code: 7 - Present energy storage/take capacity (W-hr)
2026-08-03 23:16:58,973 INFO  [default]            source: Estimated
2026-08-03 23:16:58,973 INFO  [default]   cumulative: 0
2026-08-03 23:16:58,973 INFO  [default]    inst rate: not used for this commodity code
2026-08-03 23:16:59,163 INFO  [default] link ACK received: query_operational_state
2026-08-03 23:16:59,275 INFO  [default] operational state received: 4

Press Enter for a list of commands
2026-08-03 23:17:58,480 INFO  [default] link ACK received: get_commodity
2026-08-03 23:17:58,608 INFO  [default] message type supported received: 2
2026-08-03 23:17:58,608 INFO  [default] commodity response received. response code: 0 - success; count: 3
2026-08-03 23:17:58,609 INFO  [default] commodity code: 0 - Electricity consumed (W & W-hr)
2026-08-03 23:17:58,609 INFO  [default]            source: Estimated
2026-08-03 23:17:58,609 INFO  [default]   cumulative: 1775
2026-08-03 23:17:58,609 INFO  [default]    inst rate: 0
2026-08-03 23:17:58,609 INFO  [default] commodity code: 6 - Total energy storage/take capacity (W-hr)
2026-08-03 23:17:58,610 INFO  [default]            source: Estimated
2026-08-03 23:17:58,610 INFO  [default]   cumulative: 4026
2026-08-03 23:17:58,610 INFO  [default]    inst rate: not used for this commodity code
2026-08-03 23:17:58,610 INFO  [default] commodity code: 7 - Present energy storage/take capacity (W-hr)
2026-08-03 23:17:58,610 INFO  [default]            source: Estimated
2026-08-03 23:17:58,610 INFO  [default]   cumulative: 0
2026-08-03 23:17:58,610 INFO  [default]    inst rate: not used for this commodity code
2026-08-03 23:17:58,800 INFO  [default] link ACK received: query_operational_state
2026-08-03 23:17:58,912 INFO  [default] operational state received: 4

Press Enter for a list of commands
2026-08-03 23:18:59,110 INFO  [default] link ACK received: get_commodity
2026-08-03 23:18:59,238 INFO  [default] message type supported received: 2
2026-08-03 23:18:59,238 INFO  [default] commodity response received. response code: 0 - success; count: 3
2026-08-03 23:18:59,238 INFO  [default] commodity code: 0 - Electricity consumed (W & W-hr)
2026-08-03 23:18:59,238 INFO  [default]            source: Estimated
2026-08-03 23:18:59,239 INFO  [default]   cumulative: 1775
2026-08-03 23:18:59,239 INFO  [default]    inst rate: 0
2026-08-03 23:18:59,239 INFO  [default] commodity code: 6 - Total energy storage/take capacity (W-hr)
2026-08-03 23:18:59,239 INFO  [default]            source: Estimated
2026-08-03 23:18:59,239 INFO  [default]   cumulative: 4026
2026-08-03 23:18:59,239 INFO  [default]    inst rate: not used for this commodity code
2026-08-03 23:18:59,239 INFO  [default] commodity code: 7 - Present energy storage/take capacity (W-hr)
2026-08-03 23:18:59,239 INFO  [default]            source: Estimated
2026-08-03 23:18:59,240 INFO  [default]   cumulative: 0
2026-08-03 23:18:59,240 INFO  [default]    inst rate: not used for this commodity code
2026-08-03 23:18:59,430 INFO  [default] link ACK received: query_operational_state
2026-08-03 23:18:59,542 INFO  [default] operational state received: 4

Press Enter for a list of commands
2026-08-03 23:19:58,747 INFO  [default] link ACK received: get_commodity
2026-08-03 23:19:58,875 INFO  [default] message type supported received: 2
2026-08-03 23:19:58,875 INFO  [default] commodity response received. response code: 0 - success; count: 3
2026-08-03 23:19:58,876 INFO  [default] commodity code: 0 - Electricity consumed (W & W-hr)
2026-08-03 23:19:58,876 INFO  [default]            source: Estimated
2026-08-03 23:19:58,876 INFO  [default]   cumulative: 1775
2026-08-03 23:19:58,876 INFO  [default]    inst rate: 0
2026-08-03 23:19:58,876 INFO  [default] commodity code: 6 - Total energy storage/take capacity (W-hr)
2026-08-03 23:19:58,876 INFO  [default]            source: Estimated
2026-08-03 23:19:58,877 INFO  [default]   cumulative: 4026
2026-08-03 23:19:58,877 INFO  [default]    inst rate: not used for this commodity code
2026-08-03 23:19:58,877 INFO  [default] commodity code: 7 - Present energy storage/take capacity (W-hr)
2026-08-03 23:19:58,877 INFO  [default]            source: Estimated
2026-08-03 23:19:58,877 INFO  [default]   cumulative: 0
2026-08-03 23:19:58,877 INFO  [default]    inst rate: not used for this commodity code
2026-08-03 23:19:59,067 INFO  [default] link ACK received: query_operational_state
2026-08-03 23:19:59,163 INFO  [default] operational state received: 4

Press Enter for a list of commands
2026-08-03 23:20:58,369 INFO  [default] link ACK received: get_commodity
2026-08-03 23:20:58,497 INFO  [default] message type supported received: 2
2026-08-03 23:20:58,497 INFO  [default] commodity response received. response code: 0 - success; count: 3
2026-08-03 23:20:58,497 INFO  [default] commodity code: 0 - Electricity consumed (W & W-hr)
2026-08-03 23:20:58,497 INFO  [default]            source: Estimated
2026-08-03 23:20:58,497 INFO  [default]   cumulative: 1775
2026-08-03 23:20:58,498 INFO  [default]    inst rate: 0
2026-08-03 23:20:58,498 INFO  [default] commodity code: 6 - Total energy storage/take capacity (W-hr)
2026-08-03 23:20:58,498 INFO  [default]            source: Estimated
2026-08-03 23:20:58,498 INFO  [default]   cumulative: 4026
2026-08-03 23:20:58,498 INFO  [default]    inst rate: not used for this commodity code
2026-08-03 23:20:58,498 INFO  [default] commodity code: 7 - Present energy storage/take capacity (W-hr)
2026-08-03 23:20:58,498 INFO  [default]            source: Estimated
2026-08-03 23:20:58,498 INFO  [default]   cumulative: 0
2026-08-03 23:20:58,499 INFO  [default]    inst rate: not used for this commodity code
2026-08-03 23:20:58,689 INFO  [default] link ACK received: query_operational_state
2026-08-03 23:20:58,784 INFO  [default] operational state received: 4

Press Enter for a list of commands
2026-08-03 23:21:58,982 INFO  [default] link ACK received: get_commodity
2026-08-03 23:21:59,110 INFO  [default] message type supported received: 2
2026-08-03 23:21:59,110 INFO  [default] commodity response received. response code: 0 - success; count: 3
2026-08-03 23:21:59,111 INFO  [default] commodity code: 0 - Electricity consumed (W & W-hr)
2026-08-03 23:21:59,111 INFO  [default]            source: Estimated
2026-08-03 23:21:59,111 INFO  [default]   cumulative: 1775
2026-08-03 23:21:59,111 INFO  [default]    inst rate: 0
2026-08-03 23:21:59,111 INFO  [default] commodity code: 6 - Total energy storage/take capacity (W-hr)
2026-08-03 23:21:59,111 INFO  [default]            source: Estimated
2026-08-03 23:21:59,111 INFO  [default]   cumulative: 4026
2026-08-03 23:21:59,111 INFO  [default]    inst rate: not used for this commodity code
2026-08-03 23:21:59,112 INFO  [default] commodity code: 7 - Present energy storage/take capacity (W-hr)
2026-08-03 23:21:59,112 INFO  [default]            source: Estimated
2026-08-03 23:21:59,112 INFO  [default]   cumulative: 0
2026-08-03 23:21:59,112 INFO  [default]    inst rate: not used for this commodity code
2026-08-03 23:21:59,302 INFO  [default] link ACK received: query_operational_state
2026-08-03 23:21:59,414 INFO  [default] operational state received: 4

Press Enter for a list of commands
2026-08-03 23:22:58,619 INFO  [default] link ACK received: get_commodity
2026-08-03 23:22:58,747 INFO  [default] message type supported received: 2
2026-08-03 23:22:58,748 INFO  [default] commodity response received. response code: 0 - success; count: 3
2026-08-03 23:22:58,748 INFO  [default] commodity code: 0 - Electricity consumed (W & W-hr)
2026-08-03 23:22:58,748 INFO  [default]            source: Estimated
2026-08-03 23:22:58,748 INFO  [default]   cumulative: 1775
2026-08-03 23:22:58,748 INFO  [default]    inst rate: 0
2026-08-03 23:22:58,749 INFO  [default] commodity code: 6 - Total energy storage/take capacity (W-hr)
2026-08-03 23:22:58,749 INFO  [default]            source: Estimated
2026-08-03 23:22:58,749 INFO  [default]   cumulative: 4026
2026-08-03 23:22:58,749 INFO  [default]    inst rate: not used for this commodity code
2026-08-03 23:22:58,749 INFO  [default] commodity code: 7 - Present energy storage/take capacity (W-hr)
2026-08-03 23:22:58,749 INFO  [default]            source: Estimated
2026-08-03 23:22:58,749 INFO  [default]   cumulative: 0
2026-08-03 23:22:58,750 INFO  [default]    inst rate: not used for this commodity code
2026-08-03 23:22:58,939 INFO  [default] link ACK received: query_operational_state
2026-08-03 23:22:59,051 INFO  [default] operational state received: 4

Press Enter for a list of commands
1785824608,o,0 (PASSED!)
outside communication found
2026-08-03 23:23:28,198 INFO  [default] link ACK received: outside_communication
2026-08-03 23:23:28,310 INFO  [default] app ack received
2026-08-03 23:23:58,465 INFO  [default] link ACK received: get_commodity
2026-08-03 23:23:58,593 INFO  [default] message type supported received: 2
2026-08-03 23:23:58,593 INFO  [default] commodity response received. response code: 0 - success; count: 3
2026-08-03 23:23:58,594 INFO  [default] commodity code: 0 - Electricity consumed (W & W-hr)
2026-08-03 23:23:58,594 INFO  [default]            source: Estimated
2026-08-03 23:23:58,594 INFO  [default]   cumulative: 1775
2026-08-03 23:23:58,594 INFO  [default]    inst rate: 0
2026-08-03 23:23:58,594 INFO  [default] commodity code: 6 - Total energy storage/take capacity (W-hr)
2026-08-03 23:23:58,594 INFO  [default]            source: Estimated
2026-08-03 23:23:58,594 INFO  [default]   cumulative: 4026
2026-08-03 23:23:58,595 INFO  [default]    inst rate: not used for this commodity code
2026-08-03 23:23:58,595 INFO  [default] commodity code: 7 - Present energy storage/take capacity (W-hr)
2026-08-03 23:23:58,595 INFO  [default]            source: Estimated
2026-08-03 23:23:58,595 INFO  [default]   cumulative: 0
2026-08-03 23:23:58,595 INFO  [default]    inst rate: not used for this commodity code
2026-08-03 23:23:58,785 INFO  [default] link ACK received: query_operational_state
2026-08-03 23:23:58,897 INFO  [default] operational state received: 4

Press Enter for a list of commands
2026-08-03 23:24:59,110 INFO  [default] link ACK received: get_commodity
2026-08-03 23:24:59,222 INFO  [default] message type supported received: 2
2026-08-03 23:24:59,222 INFO  [default] commodity response received. response code: 0 - success; count: 3
2026-08-03 23:24:59,223 INFO  [default] commodity code: 0 - Electricity consumed (W & W-hr)
2026-08-03 23:24:59,223 INFO  [default]            source: Estimated
2026-08-03 23:24:59,223 INFO  [default]   cumulative: 1775
2026-08-03 23:24:59,223 INFO  [default]    inst rate: 0
2026-08-03 23:24:59,223 INFO  [default] commodity code: 6 - Total energy storage/take capacity (W-hr)
2026-08-03 23:24:59,224 INFO  [default]            source: Estimated
2026-08-03 23:24:59,224 INFO  [default]   cumulative: 4026
2026-08-03 23:24:59,224 INFO  [default]    inst rate: not used for this commodity code
2026-08-03 23:24:59,224 INFO  [default] commodity code: 7 - Present energy storage/take capacity (W-hr)
2026-08-03 23:24:59,224 INFO  [default]            source: Estimated
2026-08-03 23:24:59,224 INFO  [default]   cumulative: 0
2026-08-03 23:24:59,224 INFO  [default]    inst rate: not used for this commodity code
2026-08-03 23:24:59,414 INFO  [default] link ACK received: query_operational_state
2026-08-03 23:24:59,526 INFO  [default] operational state received: 4

Press Enter for a list of commands
2026-08-03 23:25:58,732 INFO  [default] link ACK received: get_commodity
2026-08-03 23:25:58,860 INFO  [default] message type supported received: 2
2026-08-03 23:25:58,860 INFO  [default] commodity response received. response code: 0 - success; count: 3
2026-08-03 23:25:58,860 INFO  [default] commodity code: 0 - Electricity consumed (W & W-hr)
2026-08-03 23:25:58,861 INFO  [default]            source: Estimated
2026-08-03 23:25:58,861 INFO  [default]   cumulative: 1775
2026-08-03 23:25:58,861 INFO  [default]    inst rate: 0
2026-08-03 23:25:58,861 INFO  [default] commodity code: 6 - Total energy storage/take capacity (W-hr)
2026-08-03 23:25:58,861 INFO  [default]            source: Estimated
2026-08-03 23:25:58,861 INFO  [default]   cumulative: 4026
2026-08-03 23:25:58,861 INFO  [default]    inst rate: not used for this commodity code
2026-08-03 23:25:58,862 INFO  [default] commodity code: 7 - Present energy storage/take capacity (W-hr)
2026-08-03 23:25:58,862 INFO  [default]            source: Estimated
2026-08-03 23:25:58,862 INFO  [default]   cumulative: 0
2026-08-03 23:25:58,862 INFO  [default]    inst rate: not used for this commodity code
2026-08-03 23:25:59,052 INFO  [default] link ACK received: query_operational_state
2026-08-03 23:25:59,164 INFO  [default] operational state received: 4

Press Enter for a list of commands
2026-08-03 23:26:58,369 INFO  [default] link ACK received: get_commodity
2026-08-03 23:26:58,497 INFO  [default] message type supported received: 2
2026-08-03 23:26:58,497 INFO  [default] commodity response received. response code: 0 - success; count: 3
2026-08-03 23:26:58,498 INFO  [default] commodity code: 0 - Electricity consumed (W & W-hr)
2026-08-03 23:26:58,498 INFO  [default]            source: Estimated
2026-08-03 23:26:58,498 INFO  [default]   cumulative: 1775
2026-08-03 23:26:58,498 INFO  [default]    inst rate: 0
2026-08-03 23:26:58,498 INFO  [default] commodity code: 6 - Total energy storage/take capacity (W-hr)
2026-08-03 23:26:58,498 INFO  [default]            source: Estimated
2026-08-03 23:26:58,499 INFO  [default]   cumulative: 4026
2026-08-03 23:26:58,499 INFO  [default]    inst rate: not used for this commodity code
2026-08-03 23:26:58,499 INFO  [default] commodity code: 7 - Present energy storage/take capacity (W-hr)
2026-08-03 23:26:58,499 INFO  [default]            source: Estimated
2026-08-03 23:26:58,499 INFO  [default]   cumulative: 0
2026-08-03 23:26:58,499 INFO  [default]    inst rate: not used for this commodity code
2026-08-03 23:26:58,689 INFO  [default] link ACK received: query_operational_state
2026-08-03 23:26:58,801 INFO  [default] operational state received: 4

Press Enter for a list of commands
2026-08-03 23:27:58,999 INFO  [default] link ACK received: get_commodity
2026-08-03 23:27:59,127 INFO  [default] message type supported received: 2
2026-08-03 23:27:59,127 INFO  [default] commodity response received. response code: 0 - success; count: 3
2026-08-03 23:27:59,127 INFO  [default] commodity code: 0 - Electricity consumed (W & W-hr)
2026-08-03 23:27:59,127 INFO  [default]            source: Estimated
2026-08-03 23:27:59,128 INFO  [default]   cumulative: 1775
2026-08-03 23:27:59,128 INFO  [default]    inst rate: 0
2026-08-03 23:27:59,128 INFO  [default] commodity code: 6 - Total energy storage/take capacity (W-hr)
2026-08-03 23:27:59,128 INFO  [default]            source: Estimated
2026-08-03 23:27:59,128 INFO  [default]   cumulative: 4026
2026-08-03 23:27:59,128 INFO  [default]    inst rate: not used for this commodity code
2026-08-03 23:27:59,128 INFO  [default] commodity code: 7 - Present energy storage/take capacity (W-hr)
2026-08-03 23:27:59,128 INFO  [default]            source: Estimated
2026-08-03 23:27:59,129 INFO  [default]   cumulative: 0
2026-08-03 23:27:59,129 INFO  [default]    inst rate: not used for this commodity code
2026-08-03 23:27:59,318 INFO  [default] link ACK received: query_operational_state
2026-08-03 23:27:59,430 INFO  [default] operational state received: 4

Press Enter for a list of commands
2026-08-03 23:28:58,636 INFO  [default] link ACK received: get_commodity
2026-08-03 23:28:58,764 INFO  [default] message type supported received: 2
2026-08-03 23:28:58,764 INFO  [default] commodity response received. response code: 0 - success; count: 3
2026-08-03 23:28:58,765 INFO  [default] commodity code: 0 - Electricity consumed (W & W-hr)
2026-08-03 23:28:58,765 INFO  [default]            source: Estimated
2026-08-03 23:28:58,765 INFO  [default]   cumulative: 1775
2026-08-03 23:28:58,765 INFO  [default]    inst rate: 0
2026-08-03 23:28:58,765 INFO  [default] commodity code: 6 - Total energy storage/take capacity (W-hr)
2026-08-03 23:28:58,765 INFO  [default]            source: Estimated
2026-08-03 23:28:58,766 INFO  [default]   cumulative: 4026
2026-08-03 23:28:58,766 INFO  [default]    inst rate: not used for this commodity code
2026-08-03 23:28:58,766 INFO  [default] commodity code: 7 - Present energy storage/take capacity (W-hr)
2026-08-03 23:28:58,766 INFO  [default]            source: Estimated
2026-08-03 23:28:58,766 INFO  [default]   cumulative: 0
2026-08-03 23:28:58,766 INFO  [default]    inst rate: not used for this commodity code
2026-08-03 23:28:58,956 INFO  [default] link ACK received: query_operational_state
2026-08-03 23:28:59,068 INFO  [default] operational state received: 4

Press Enter for a list of commands
2026-08-03 23:29:59,265 INFO  [default] link ACK received: get_commodity
2026-08-03 23:29:59,393 INFO  [default] message type supported received: 2
2026-08-03 23:29:59,394 INFO  [default] commodity response received. response code: 0 - success; count: 3
2026-08-03 23:29:59,394 INFO  [default] commodity code: 0 - Electricity consumed (W & W-hr)
2026-08-03 23:29:59,394 INFO  [default]            source: Estimated
2026-08-03 23:29:59,394 INFO  [default]   cumulative: 1775
2026-08-03 23:29:59,395 INFO  [default]    inst rate: 0
2026-08-03 23:29:59,395 INFO  [default] commodity code: 6 - Total energy storage/take capacity (W-hr)
2026-08-03 23:29:59,395 INFO  [default]            source: Estimated
2026-08-03 23:29:59,395 INFO  [default]   cumulative: 4026
2026-08-03 23:29:59,395 INFO  [default]    inst rate: not used for this commodity code
2026-08-03 23:29:59,395 INFO  [default] commodity code: 7 - Present energy storage/take capacity (W-hr)
2026-08-03 23:29:59,395 INFO  [default]            source: Estimated
2026-08-03 23:29:59,395 INFO  [default]   cumulative: 0
2026-08-03 23:29:59,396 INFO  [default]    inst rate: not used for this commodity code
2026-08-03 23:29:59,585 INFO  [default] link ACK received: query_operational_state
2026-08-03 23:29:59,681 INFO  [default] operational state received: 4

Press Enter for a list of commands
2026-08-03 23:30:58,887 INFO  [default] link ACK received: get_commodity
2026-08-03 23:30:59,015 INFO  [default] message type supported received: 2
2026-08-03 23:30:59,015 INFO  [default] commodity response received. response code: 0 - success; count: 3
2026-08-03 23:30:59,016 INFO  [default] commodity code: 0 - Electricity consumed (W & W-hr)
2026-08-03 23:30:59,016 INFO  [default]            source: Estimated
2026-08-03 23:30:59,016 INFO  [default]   cumulative: 1775
2026-08-03 23:30:59,016 INFO  [default]    inst rate: 0
2026-08-03 23:30:59,016 INFO  [default] commodity code: 6 - Total energy storage/take capacity (W-hr)
2026-08-03 23:30:59,016 INFO  [default]            source: Estimated
2026-08-03 23:30:59,016 INFO  [default]   cumulative: 4026
2026-08-03 23:30:59,016 INFO  [default]    inst rate: not used for this commodity code
2026-08-03 23:30:59,017 INFO  [default] commodity code: 7 - Present energy storage/take capacity (W-hr)
2026-08-03 23:30:59,017 INFO  [default]            source: Estimated
2026-08-03 23:30:59,017 INFO  [default]   cumulative: 0
2026-08-03 23:30:59,017 INFO  [default]    inst rate: not used for this commodity code
2026-08-03 23:30:59,207 INFO  [default] link ACK received: query_operational_state
2026-08-03 23:30:59,319 INFO  [default] operational state received: 4

Press Enter for a list of commands
2026-08-03 23:31:58,524 INFO  [default] link ACK received: get_commodity
2026-08-03 23:31:58,652 INFO  [default] message type supported received: 2
2026-08-03 23:31:58,653 INFO  [default] commodity response received. response code: 0 - success; count: 3
2026-08-03 23:31:58,653 INFO  [default] commodity code: 0 - Electricity consumed (W & W-hr)
2026-08-03 23:31:58,653 INFO  [default]            source: Estimated
2026-08-03 23:31:58,653 INFO  [default]   cumulative: 1775
2026-08-03 23:31:58,654 INFO  [default]    inst rate: 0
2026-08-03 23:31:58,654 INFO  [default] commodity code: 6 - Total energy storage/take capacity (W-hr)
2026-08-03 23:31:58,654 INFO  [default]            source: Estimated
2026-08-03 23:31:58,654 INFO  [default]   cumulative: 4026
2026-08-03 23:31:58,654 INFO  [default]    inst rate: not used for this commodity code
2026-08-03 23:31:58,654 INFO  [default] commodity code: 7 - Present energy storage/take capacity (W-hr)
2026-08-03 23:31:58,654 INFO  [default]            source: Estimated
2026-08-03 23:31:58,654 INFO  [default]   cumulative: 0
2026-08-03 23:31:58,655 INFO  [default]    inst rate: not used for this commodity code
2026-08-03 23:31:58,844 INFO  [default] link ACK received: query_operational_state
2026-08-03 23:31:58,956 INFO  [default] operational state received: 4

Press Enter for a list of commands
2026-08-03 23:32:59,170 INFO  [default] link ACK received: get_commodity
2026-08-03 23:32:59,298 INFO  [default] message type supported received: 2
2026-08-03 23:32:59,298 INFO  [default] commodity response received. response code: 0 - success; count: 3
2026-08-03 23:32:59,298 INFO  [default] commodity code: 0 - Electricity consumed (W & W-hr)
2026-08-03 23:32:59,298 INFO  [default]            source: Estimated
2026-08-03 23:32:59,299 INFO  [default]   cumulative: 1775
2026-08-03 23:32:59,299 INFO  [default]    inst rate: 0
2026-08-03 23:32:59,299 INFO  [default] commodity code: 6 - Total energy storage/take capacity (W-hr)
2026-08-03 23:32:59,299 INFO  [default]            source: Estimated
2026-08-03 23:32:59,299 INFO  [default]   cumulative: 4026
2026-08-03 23:32:59,299 INFO  [default]    inst rate: not used for this commodity code
2026-08-03 23:32:59,299 INFO  [default] commodity code: 7 - Present energy storage/take capacity (W-hr)
2026-08-03 23:32:59,299 INFO  [default]            source: Estimated
2026-08-03 23:32:59,300 INFO  [default]   cumulative: 0
2026-08-03 23:32:59,300 INFO  [default]    inst rate: not used for this commodity code
2026-08-03 23:32:59,490 INFO  [default] link ACK received: query_operational_state
2026-08-03 23:32:59,602 INFO  [default] operational state received: 4

Press Enter for a list of commands
2026-08-03 23:33:58,807 INFO  [default] link ACK received: get_commodity
2026-08-03 23:33:58,935 INFO  [default] message type supported received: 2
2026-08-03 23:33:58,935 INFO  [default] commodity response received. response code: 0 - success; count: 3
2026-08-03 23:33:58,936 INFO  [default] commodity code: 0 - Electricity consumed (W & W-hr)
2026-08-03 23:33:58,936 INFO  [default]            source: Estimated
2026-08-03 23:33:58,936 INFO  [default]   cumulative: 1775
2026-08-03 23:33:58,936 INFO  [default]    inst rate: 0
2026-08-03 23:33:58,936 INFO  [default] commodity code: 6 - Total energy storage/take capacity (W-hr)
2026-08-03 23:33:58,937 INFO  [default]            source: Estimated
2026-08-03 23:33:58,937 INFO  [default]   cumulative: 4026
2026-08-03 23:33:58,937 INFO  [default]    inst rate: not used for this commodity code
2026-08-03 23:33:58,937 INFO  [default] commodity code: 7 - Present energy storage/take capacity (W-hr)
2026-08-03 23:33:58,937 INFO  [default]            source: Estimated
2026-08-03 23:33:58,937 INFO  [default]   cumulative: 0
2026-08-03 23:33:58,937 INFO  [default]    inst rate: not used for this commodity code
2026-08-03 23:33:59,127 INFO  [default] link ACK received: query_operational_state
2026-08-03 23:33:59,239 INFO  [default] operational state received: 4

Press Enter for a list of commands
2026-08-03 23:34:58,445 INFO  [default] link ACK received: get_commodity
2026-08-03 23:34:58,573 INFO  [default] message type supported received: 2
2026-08-03 23:34:58,573 INFO  [default] commodity response received. response code: 0 - success; count: 3
2026-08-03 23:34:58,574 INFO  [default] commodity code: 0 - Electricity consumed (W & W-hr)
2026-08-03 23:34:58,574 INFO  [default]            source: Estimated
2026-08-03 23:34:58,574 INFO  [default]   cumulative: 1775
2026-08-03 23:34:58,574 INFO  [default]    inst rate: 0
2026-08-03 23:34:58,574 INFO  [default] commodity code: 6 - Total energy storage/take capacity (W-hr)
2026-08-03 23:34:58,574 INFO  [default]            source: Estimated
2026-08-03 23:34:58,574 INFO  [default]   cumulative: 4026
2026-08-03 23:34:58,574 INFO  [default]    inst rate: not used for this commodity code
2026-08-03 23:34:58,575 INFO  [default] commodity code: 7 - Present energy storage/take capacity (W-hr)
2026-08-03 23:34:58,575 INFO  [default]            source: Estimated
2026-08-03 23:34:58,575 INFO  [default]   cumulative: 0
2026-08-03 23:34:58,575 INFO  [default]    inst rate: not used for this commodity code
2026-08-03 23:34:58,765 INFO  [default] link ACK received: query_operational_state
2026-08-03 23:34:58,877 INFO  [default] operational state received: 4

Press Enter for a list of commands
2026-08-03 23:35:59,074 INFO  [default] link ACK received: get_commodity
2026-08-03 23:35:59,202 INFO  [default] message type supported received: 2
2026-08-03 23:35:59,202 INFO  [default] commodity response received. response code: 0 - success; count: 3
2026-08-03 23:35:59,203 INFO  [default] commodity code: 0 - Electricity consumed (W & W-hr)
2026-08-03 23:35:59,203 INFO  [default]            source: Estimated
2026-08-03 23:35:59,203 INFO  [default]   cumulative: 1775
2026-08-03 23:35:59,203 INFO  [default]    inst rate: 0
2026-08-03 23:35:59,204 INFO  [default] commodity code: 6 - Total energy storage/take capacity (W-hr)
2026-08-03 23:35:59,204 INFO  [default]            source: Estimated
2026-08-03 23:35:59,204 INFO  [default]   cumulative: 4026
2026-08-03 23:35:59,204 INFO  [default]    inst rate: not used for this commodity code
2026-08-03 23:35:59,204 INFO  [default] commodity code: 7 - Present energy storage/take capacity (W-hr)
2026-08-03 23:35:59,204 INFO  [default]            source: Estimated
2026-08-03 23:35:59,204 INFO  [default]   cumulative: 0
2026-08-03 23:35:59,204 INFO  [default]    inst rate: not used for this commodity code
2026-08-03 23:35:59,394 INFO  [default] link ACK received: query_operational_state
2026-08-03 23:35:59,506 INFO  [default] operational state received: 4

Press Enter for a list of commands
1785825418,o,0 (PASSED!)
outside communication found
2026-08-03 23:36:58,712 INFO  [default] link ACK received: outside_communication
2026-08-03 23:36:58,808 INFO  [default] app ack received
2026-08-03 23:36:58,999 INFO  [default] link ACK received: get_commodity
2026-08-03 23:36:59,127 INFO  [default] message type supported received: 2
2026-08-03 23:36:59,128 INFO  [default] commodity response received. response code: 0 - success; count: 3
2026-08-03 23:36:59,128 INFO  [default] commodity code: 0 - Electricity consumed (W & W-hr)
2026-08-03 23:36:59,128 INFO  [default]            source: Estimated
2026-08-03 23:36:59,128 INFO  [default]   cumulative: 1775
2026-08-03 23:36:59,129 INFO  [default]    inst rate: 0
2026-08-03 23:36:59,129 INFO  [default] commodity code: 6 - Total energy storage/take capacity (W-hr)
2026-08-03 23:36:59,129 INFO  [default]            source: Estimated
2026-08-03 23:36:59,129 INFO  [default]   cumulative: 4026
2026-08-03 23:36:59,129 INFO  [default]    inst rate: not used for this commodity code
2026-08-03 23:36:59,129 INFO  [default] commodity code: 7 - Present energy storage/take capacity (W-hr)
2026-08-03 23:36:59,129 INFO  [default]            source: Estimated
2026-08-03 23:36:59,129 INFO  [default]   cumulative: 0
2026-08-03 23:36:59,130 INFO  [default]    inst rate: not used for this commodity code
2026-08-03 23:36:59,319 INFO  [default] link ACK received: query_operational_state
2026-08-03 23:36:59,431 INFO  [default] operational state received: 4

Press Enter for a list of commands
2026-08-03 23:37:58,637 INFO  [default] link ACK received: get_commodity
2026-08-03 23:37:58,765 INFO  [default] message type supported received: 2
2026-08-03 23:37:58,765 INFO  [default] commodity response received. response code: 0 - success; count: 3
2026-08-03 23:37:58,766 INFO  [default] commodity code: 0 - Electricity consumed (W & W-hr)
2026-08-03 23:37:58,766 INFO  [default]            source: Estimated
2026-08-03 23:37:58,766 INFO  [default]   cumulative: 1775
2026-08-03 23:37:58,766 INFO  [default]    inst rate: 0
2026-08-03 23:37:58,766 INFO  [default] commodity code: 6 - Total energy storage/take capacity (W-hr)
2026-08-03 23:37:58,766 INFO  [default]            source: Estimated
2026-08-03 23:37:58,766 INFO  [default]   cumulative: 4026
2026-08-03 23:37:58,767 INFO  [default]    inst rate: not used for this commodity code
2026-08-03 23:37:58,767 INFO  [default] commodity code: 7 - Present energy storage/take capacity (W-hr)
2026-08-03 23:37:58,767 INFO  [default]            source: Estimated
2026-08-03 23:37:58,767 INFO  [default]   cumulative: 0
2026-08-03 23:37:58,767 INFO  [default]    inst rate: not used for this commodity code
2026-08-03 23:37:58,957 INFO  [default] link ACK received: query_operational_state
2026-08-03 23:37:59,069 INFO  [default] operational state received: 4

Press Enter for a list of commands
2026-08-03 23:38:59,282 INFO  [default] link ACK received: get_commodity
2026-08-03 23:38:59,394 INFO  [default] message type supported received: 2
2026-08-03 23:38:59,394 INFO  [default] commodity response received. response code: 0 - success; count: 3
2026-08-03 23:38:59,395 INFO  [default] commodity code: 0 - Electricity consumed (W & W-hr)
2026-08-03 23:38:59,395 INFO  [default]            source: Estimated
2026-08-03 23:38:59,395 INFO  [default]   cumulative: 1775
2026-08-03 23:38:59,395 INFO  [default]    inst rate: 0
2026-08-03 23:38:59,396 INFO  [default] commodity code: 6 - Total energy storage/take capacity (W-hr)
2026-08-03 23:38:59,396 INFO  [default]            source: Estimated
2026-08-03 23:38:59,396 INFO  [default]   cumulative: 4026
2026-08-03 23:38:59,396 INFO  [default]    inst rate: not used for this commodity code
2026-08-03 23:38:59,396 INFO  [default] commodity code: 7 - Present energy storage/take capacity (W-hr)
2026-08-03 23:38:59,396 INFO  [default]            source: Estimated
2026-08-03 23:38:59,396 INFO  [default]   cumulative: 0
2026-08-03 23:38:59,396 INFO  [default]    inst rate: not used for this commodity code
2026-08-03 23:38:59,586 INFO  [default] link ACK received: query_operational_state
2026-08-03 23:38:59,698 INFO  [default] operational state received: 4

Press Enter for a list of commands
2026-08-03 23:39:58,904 INFO  [default] link ACK received: get_commodity
2026-08-03 23:39:59,032 INFO  [default] message type supported received: 2
2026-08-03 23:39:59,032 INFO  [default] commodity response received. response code: 0 - success; count: 3
2026-08-03 23:39:59,032 INFO  [default] commodity code: 0 - Electricity consumed (W & W-hr)
2026-08-03 23:39:59,033 INFO  [default]            source: Estimated
2026-08-03 23:39:59,033 INFO  [default]   cumulative: 1775
2026-08-03 23:39:59,033 INFO  [default]    inst rate: 0
2026-08-03 23:39:59,033 INFO  [default] commodity code: 6 - Total energy storage/take capacity (W-hr)
2026-08-03 23:39:59,033 INFO  [default]            source: Estimated
2026-08-03 23:39:59,033 INFO  [default]   cumulative: 4026
2026-08-03 23:39:59,033 INFO  [default]    inst rate: not used for this commodity code
2026-08-03 23:39:59,033 INFO  [default] commodity code: 7 - Present energy storage/take capacity (W-hr)
2026-08-03 23:39:59,034 INFO  [default]            source: Estimated
2026-08-03 23:39:59,034 INFO  [default]   cumulative: 0
2026-08-03 23:39:59,034 INFO  [default]    inst rate: not used for this commodity code
2026-08-03 23:39:59,224 INFO  [default] link ACK received: query_operational_state
2026-08-03 23:39:59,336 INFO  [default] operational state received: 4

Press Enter for a list of commands
2026-08-03 23:40:58,541 INFO  [default] link ACK received: get_commodity
2026-08-03 23:40:58,669 INFO  [default] message type supported received: 2
2026-08-03 23:40:58,670 INFO  [default] commodity response received. response code: 0 - success; count: 3
2026-08-03 23:40:58,670 INFO  [default] commodity code: 0 - Electricity consumed (W & W-hr)
2026-08-03 23:40:58,670 INFO  [default]            source: Estimated
2026-08-03 23:40:58,670 INFO  [default]   cumulative: 1775
2026-08-03 23:40:58,670 INFO  [default]    inst rate: 0
2026-08-03 23:40:58,671 INFO  [default] commodity code: 6 - Total energy storage/take capacity (W-hr)
2026-08-03 23:40:58,671 INFO  [default]            source: Estimated
2026-08-03 23:40:58,671 INFO  [default]   cumulative: 4026
2026-08-03 23:40:58,671 INFO  [default]    inst rate: not used for this commodity code
2026-08-03 23:40:58,671 INFO  [default] commodity code: 7 - Present energy storage/take capacity (W-hr)
2026-08-03 23:40:58,671 INFO  [default]            source: Estimated
2026-08-03 23:40:58,671 INFO  [default]   cumulative: 150
2026-08-03 23:40:58,672 INFO  [default]    inst rate: not used for this commodity code
2026-08-03 23:40:58,861 INFO  [default] link ACK received: query_operational_state
2026-08-03 23:40:58,957 INFO  [default] operational state received: 4

Press Enter for a list of commands
2026-08-03 23:41:59,171 INFO  [default] link ACK received: get_commodity
2026-08-03 23:41:59,299 INFO  [default] message type supported received: 2
2026-08-03 23:41:59,299 INFO  [default] commodity response received. response code: 0 - success; count: 3
2026-08-03 23:41:59,299 INFO  [default] commodity code: 0 - Electricity consumed (W & W-hr)
2026-08-03 23:41:59,299 INFO  [default]            source: Estimated
2026-08-03 23:41:59,300 INFO  [default]   cumulative: 1775
2026-08-03 23:41:59,300 INFO  [default]    inst rate: 0
2026-08-03 23:41:59,300 INFO  [default] commodity code: 6 - Total energy storage/take capacity (W-hr)
2026-08-03 23:41:59,300 INFO  [default]            source: Estimated
2026-08-03 23:41:59,300 INFO  [default]   cumulative: 4026
2026-08-03 23:41:59,300 INFO  [default]    inst rate: not used for this commodity code
2026-08-03 23:41:59,300 INFO  [default] commodity code: 7 - Present energy storage/take capacity (W-hr)
2026-08-03 23:41:59,301 INFO  [default]            source: Estimated
2026-08-03 23:41:59,301 INFO  [default]   cumulative: 0
2026-08-03 23:41:59,301 INFO  [default]    inst rate: not used for this commodity code
2026-08-03 23:41:59,491 INFO  [default] link ACK received: query_operational_state
2026-08-03 23:41:59,603 INFO  [default] operational state received: 4

Press Enter for a list of commands
2026-08-03 23:42:58,808 INFO  [default] link ACK received: get_commodity
2026-08-03 23:42:58,936 INFO  [default] message type supported received: 2
2026-08-03 23:42:58,936 INFO  [default] commodity response received. response code: 0 - success; count: 3
2026-08-03 23:42:58,937 INFO  [default] commodity code: 0 - Electricity consumed (W & W-hr)
2026-08-03 23:42:58,937 INFO  [default]            source: Estimated
2026-08-03 23:42:58,937 INFO  [default]   cumulative: 1775
2026-08-03 23:42:58,937 INFO  [default]    inst rate: 0
2026-08-03 23:42:58,937 INFO  [default] commodity code: 6 - Total energy storage/take capacity (W-hr)
2026-08-03 23:42:58,937 INFO  [default]            source: Estimated
2026-08-03 23:42:58,938 INFO  [default]   cumulative: 4026
2026-08-03 23:42:58,938 INFO  [default]    inst rate: not used for this commodity code
2026-08-03 23:42:58,938 INFO  [default] commodity code: 7 - Present energy storage/take capacity (W-hr)
2026-08-03 23:42:58,938 INFO  [default]            source: Estimated
2026-08-03 23:42:58,938 INFO  [default]   cumulative: 0
2026-08-03 23:42:58,938 INFO  [default]    inst rate: not used for this commodity code
2026-08-03 23:42:59,128 INFO  [default] link ACK received: query_operational_state
2026-08-03 23:42:59,240 INFO  [default] operational state received: 4

Press Enter for a list of commands
2026-08-03 23:43:58,446 INFO  [default] link ACK received: get_commodity
2026-08-03 23:43:58,574 INFO  [default] message type supported received: 2
2026-08-03 23:43:58,574 INFO  [default] commodity response received. response code: 0 - success; count: 3
2026-08-03 23:43:58,574 INFO  [default] commodity code: 0 - Electricity consumed (W & W-hr)
2026-08-03 23:43:58,574 INFO  [default]            source: Estimated
2026-08-03 23:43:58,575 INFO  [default]   cumulative: 1775
2026-08-03 23:43:58,575 INFO  [default]    inst rate: 0
2026-08-03 23:43:58,575 INFO  [default] commodity code: 6 - Total energy storage/take capacity (W-hr)
2026-08-03 23:43:58,575 INFO  [default]            source: Estimated
2026-08-03 23:43:58,575 INFO  [default]   cumulative: 4026
2026-08-03 23:43:58,575 INFO  [default]    inst rate: not used for this commodity code
2026-08-03 23:43:58,575 INFO  [default] commodity code: 7 - Present energy storage/take capacity (W-hr)
2026-08-03 23:43:58,576 INFO  [default]            source: Estimated
2026-08-03 23:43:58,576 INFO  [default]   cumulative: 150
2026-08-03 23:43:58,576 INFO  [default]    inst rate: not used for this commodity code
2026-08-03 23:43:58,766 INFO  [default] link ACK received: query_operational_state
2026-08-03 23:43:58,878 INFO  [default] operational state received: 4

Press Enter for a list of commands
2026-08-03 23:44:59,091 INFO  [default] link ACK received: get_commodity
2026-08-03 23:44:59,203 INFO  [default] message type supported received: 2
2026-08-03 23:44:59,203 INFO  [default] commodity response received. response code: 0 - success; count: 3
2026-08-03 23:44:59,204 INFO  [default] commodity code: 0 - Electricity consumed (W & W-hr)
2026-08-03 23:44:59,204 INFO  [default]            source: Estimated
2026-08-03 23:44:59,204 INFO  [default]   cumulative: 1775
2026-08-03 23:44:59,204 INFO  [default]    inst rate: 0
2026-08-03 23:44:59,204 INFO  [default] commodity code: 6 - Total energy storage/take capacity (W-hr)
2026-08-03 23:44:59,204 INFO  [default]            source: Estimated
2026-08-03 23:44:59,204 INFO  [default]   cumulative: 4026
2026-08-03 23:44:59,205 INFO  [default]    inst rate: not used for this commodity code
2026-08-03 23:44:59,205 INFO  [default] commodity code: 7 - Present energy storage/take capacity (W-hr)
2026-08-03 23:44:59,205 INFO  [default]            source: Estimated
2026-08-03 23:44:59,205 INFO  [default]   cumulative: 150
2026-08-03 23:44:59,205 INFO  [default]    inst rate: not used for this commodity code
2026-08-03 23:44:59,395 INFO  [default] link ACK received: query_operational_state
2026-08-03 23:44:59,491 INFO  [default] operational state received: 4

Press Enter for a list of commands
2026-08-03 23:45:58,697 INFO  [default] link ACK received: get_commodity
2026-08-03 23:45:58,824 INFO  [default] message type supported received: 2
2026-08-03 23:45:58,825 INFO  [default] commodity response received. response code: 0 - success; count: 3
2026-08-03 23:45:58,825 INFO  [default] commodity code: 0 - Electricity consumed (W & W-hr)
2026-08-03 23:45:58,825 INFO  [default]            source: Estimated
2026-08-03 23:45:58,825 INFO  [default]   cumulative: 1775
2026-08-03 23:45:58,826 INFO  [default]    inst rate: 0
2026-08-03 23:45:58,826 INFO  [default] commodity code: 6 - Total energy storage/take capacity (W-hr)
2026-08-03 23:45:58,826 INFO  [default]            source: Estimated
2026-08-03 23:45:58,826 INFO  [default]   cumulative: 4026
2026-08-03 23:45:58,826 INFO  [default]    inst rate: not used for this commodity code
2026-08-03 23:45:58,826 INFO  [default] commodity code: 7 - Present energy storage/take capacity (W-hr)
2026-08-03 23:45:58,826 INFO  [default]            source: Estimated
2026-08-03 23:45:58,826 INFO  [default]   cumulative: 0
2026-08-03 23:45:58,827 INFO  [default]    inst rate: not used for this commodity code
2026-08-03 23:45:59,016 INFO  [default] link ACK received: query_operational_state
2026-08-03 23:45:59,112 INFO  [default] operational state received: 4

Press Enter for a list of commands
2026-08-03 23:46:58,318 INFO  [default] link ACK received: get_commodity
2026-08-03 23:46:58,446 INFO  [default] message type supported received: 2
2026-08-03 23:46:58,446 INFO  [default] commodity response received. response code: 0 - success; count: 3
2026-08-03 23:46:58,447 INFO  [default] commodity code: 0 - Electricity consumed (W & W-hr)
2026-08-03 23:46:58,447 INFO  [default]            source: Estimated
2026-08-03 23:46:58,447 INFO  [default]   cumulative: 1775
2026-08-03 23:46:58,447 INFO  [default]    inst rate: 0
2026-08-03 23:46:58,447 INFO  [default] commodity code: 6 - Total energy storage/take capacity (W-hr)
2026-08-03 23:46:58,447 INFO  [default]            source: Estimated
2026-08-03 23:46:58,448 INFO  [default]   cumulative: 4026
2026-08-03 23:46:58,448 INFO  [default]    inst rate: not used for this commodity code
2026-08-03 23:46:58,448 INFO  [default] commodity code: 7 - Present energy storage/take capacity (W-hr)
2026-08-03 23:46:58,448 INFO  [default]            source: Estimated
2026-08-03 23:46:58,448 INFO  [default]   cumulative: 0
2026-08-03 23:46:58,448 INFO  [default]    inst rate: not used for this commodity code
2026-08-03 23:46:58,638 INFO  [default] link ACK received: query_operational_state
2026-08-03 23:46:58,750 INFO  [default] operational state received: 4

Press Enter for a list of commands
2026-08-03 23:47:58,963 INFO  [default] link ACK received: get_commodity
2026-08-03 23:47:59,075 INFO  [default] message type supported received: 2
2026-08-03 23:47:59,076 INFO  [default] commodity response received. response code: 0 - success; count: 3
2026-08-03 23:47:59,076 INFO  [default] commodity code: 0 - Electricity consumed (W & W-hr)
2026-08-03 23:47:59,076 INFO  [default]            source: Estimated
2026-08-03 23:47:59,076 INFO  [default]   cumulative: 1775
2026-08-03 23:47:59,076 INFO  [default]    inst rate: 0
2026-08-03 23:47:59,077 INFO  [default] commodity code: 6 - Total energy storage/take capacity (W-hr)
2026-08-03 23:47:59,077 INFO  [default]            source: Estimated
2026-08-03 23:47:59,077 INFO  [default]   cumulative: 4026
2026-08-03 23:47:59,077 INFO  [default]    inst rate: not used for this commodity code
2026-08-03 23:47:59,077 INFO  [default] commodity code: 7 - Present energy storage/take capacity (W-hr)
2026-08-03 23:47:59,077 INFO  [default]            source: Estimated
2026-08-03 23:47:59,077 INFO  [default]   cumulative: 0
2026-08-03 23:47:59,077 INFO  [default]    inst rate: not used for this commodity code
2026-08-03 23:47:59,267 INFO  [default] link ACK received: query_operational_state
2026-08-03 23:47:59,379 INFO  [default] operational state received: 4

Press Enter for a list of commands
2026-08-03 23:48:58,585 INFO  [default] link ACK received: get_commodity
2026-08-03 23:48:58,713 INFO  [default] message type supported received: 2
2026-08-03 23:48:58,713 INFO  [default] commodity response received. response code: 0 - success; count: 3
2026-08-03 23:48:58,713 INFO  [default] commodity code: 0 - Electricity consumed (W & W-hr)
2026-08-03 23:48:58,714 INFO  [default]            source: Estimated
2026-08-03 23:48:58,714 INFO  [default]   cumulative: 1775
2026-08-03 23:48:58,714 INFO  [default]    inst rate: 0
2026-08-03 23:48:58,714 INFO  [default] commodity code: 6 - Total energy storage/take capacity (W-hr)
2026-08-03 23:48:58,714 INFO  [default]            source: Estimated
2026-08-03 23:48:58,714 INFO  [default]   cumulative: 4026
2026-08-03 23:48:58,714 INFO  [default]    inst rate: not used for this commodity code
2026-08-03 23:48:58,714 INFO  [default] commodity code: 7 - Present energy storage/take capacity (W-hr)
2026-08-03 23:48:58,715 INFO  [default]            source: Estimated
2026-08-03 23:48:58,715 INFO  [default]   cumulative: 0
2026-08-03 23:48:58,715 INFO  [default]    inst rate: not used for this commodity code
2026-08-03 23:48:58,905 INFO  [default] link ACK received: query_operational_state
2026-08-03 23:48:59,017 INFO  [default] operational state received: 4

Press Enter for a list of commands
2026-08-03 23:49:59,230 INFO  [default] link ACK received: get_commodity
2026-08-03 23:49:59,342 INFO  [default] message type supported received: 2
2026-08-03 23:49:59,342 INFO  [default] commodity response received. response code: 0 - success; count: 3
2026-08-03 23:49:59,343 INFO  [default] commodity code: 0 - Electricity consumed (W & W-hr)
2026-08-03 23:49:59,343 INFO  [default]            source: Estimated
2026-08-03 23:49:59,343 INFO  [default]   cumulative: 1775
2026-08-03 23:49:59,343 INFO  [default]    inst rate: 0
2026-08-03 23:49:59,343 INFO  [default] commodity code: 6 - Total energy storage/take capacity (W-hr)
2026-08-03 23:49:59,344 INFO  [default]            source: Estimated
2026-08-03 23:49:59,344 INFO  [default]   cumulative: 4026
2026-08-03 23:49:59,344 INFO  [default]    inst rate: not used for this commodity code
2026-08-03 23:49:59,344 INFO  [default] commodity code: 7 - Present energy storage/take capacity (W-hr)
2026-08-03 23:49:59,344 INFO  [default]            source: Estimated
2026-08-03 23:49:59,344 INFO  [default]   cumulative: 0
2026-08-03 23:49:59,344 INFO  [default]    inst rate: not used for this commodity code
2026-08-03 23:49:59,534 INFO  [default] link ACK received: query_operational_state
2026-08-03 23:49:59,646 INFO  [default] operational state received: 4

Press Enter for a list of commands
1785826228,o,0 (PASSED!)
outside communication found
2026-08-03 23:50:28,793 INFO  [default] link ACK received: outside_communication
2026-08-03 23:50:28,905 INFO  [default] app ack received
2026-08-03 23:50:59,060 INFO  [default] link ACK received: get_commodity
2026-08-03 23:50:59,188 INFO  [default] message type supported received: 2
2026-08-03 23:50:59,188 INFO  [default] commodity response received. response code: 0 - success; count: 3
2026-08-03 23:50:59,188 INFO  [default] commodity code: 0 - Electricity consumed (W & W-hr)
2026-08-03 23:50:59,188 INFO  [default]            source: Estimated
2026-08-03 23:50:59,189 INFO  [default]   cumulative: 1775
2026-08-03 23:50:59,189 INFO  [default]    inst rate: 0
2026-08-03 23:50:59,189 INFO  [default] commodity code: 6 - Total energy storage/take capacity (W-hr)
2026-08-03 23:50:59,189 INFO  [default]            source: Estimated
2026-08-03 23:50:59,189 INFO  [default]   cumulative: 4026
2026-08-03 23:50:59,189 INFO  [default]    inst rate: not used for this commodity code
2026-08-03 23:50:59,189 INFO  [default] commodity code: 7 - Present energy storage/take capacity (W-hr)
2026-08-03 23:50:59,189 INFO  [default]            source: Estimated
2026-08-03 23:50:59,190 INFO  [default]   cumulative: 150
2026-08-03 23:50:59,190 INFO  [default]    inst rate: not used for this commodity code
2026-08-03 23:50:59,380 INFO  [default] link ACK received: query_operational_state
2026-08-03 23:50:59,492 INFO  [default] operational state received: 4

Press Enter for a list of commands
2026-08-03 23:51:58,697 INFO  [default] link ACK received: get_commodity
2026-08-03 23:51:58,825 INFO  [default] message type supported received: 2
2026-08-03 23:51:58,825 INFO  [default] commodity response received. response code: 0 - success; count: 3
2026-08-03 23:51:58,826 INFO  [default] commodity code: 0 - Electricity consumed (W & W-hr)
2026-08-03 23:51:58,826 INFO  [default]            source: Estimated
2026-08-03 23:51:58,826 INFO  [default]   cumulative: 1775
2026-08-03 23:51:58,826 INFO  [default]    inst rate: 0
2026-08-03 23:51:58,826 INFO  [default] commodity code: 6 - Total energy storage/take capacity (W-hr)
2026-08-03 23:51:58,826 INFO  [default]            source: Estimated
2026-08-03 23:51:58,827 INFO  [default]   cumulative: 4026
2026-08-03 23:51:58,827 INFO  [default]    inst rate: not used for this commodity code
2026-08-03 23:51:58,827 INFO  [default] commodity code: 7 - Present energy storage/take capacity (W-hr)
2026-08-03 23:51:58,827 INFO  [default]            source: Estimated
2026-08-03 23:51:58,827 INFO  [default]   cumulative: 150
2026-08-03 23:51:58,827 INFO  [default]    inst rate: not used for this commodity code
2026-08-03 23:51:59,017 INFO  [default] link ACK received: query_operational_state
2026-08-03 23:51:59,129 INFO  [default] operational state received: 4

Press Enter for a list of commands
1785826378,o,0 (PASSED!)
outside communication found
2026-08-03 23:52:58,335 INFO  [default] link ACK received: outside_communication
2026-08-03 23:52:58,431 INFO  [default] app ack received
2026-08-03 23:52:58,623 INFO  [default] link ACK received: get_commodity
2026-08-03 23:52:58,751 INFO  [default] message type supported received: 2
2026-08-03 23:52:58,751 INFO  [default] commodity response received. response code: 0 - success; count: 3
2026-08-03 23:52:58,751 INFO  [default] commodity code: 0 - Electricity consumed (W & W-hr)
2026-08-03 23:52:58,752 INFO  [default]            source: Estimated
2026-08-03 23:52:58,752 INFO  [default]   cumulative: 1775
2026-08-03 23:52:58,752 INFO  [default]    inst rate: 0
2026-08-03 23:52:58,752 INFO  [default] commodity code: 6 - Total energy storage/take capacity (W-hr)
2026-08-03 23:52:58,752 INFO  [default]            source: Estimated
2026-08-03 23:52:58,752 INFO  [default]   cumulative: 4026
2026-08-03 23:52:58,752 INFO  [default]    inst rate: not used for this commodity code
2026-08-03 23:52:58,752 INFO  [default] commodity code: 7 - Present energy storage/take capacity (W-hr)
2026-08-03 23:52:58,753 INFO  [default]            source: Estimated
2026-08-03 23:52:58,753 INFO  [default]   cumulative: 150
2026-08-03 23:52:58,753 INFO  [default]    inst rate: not used for this commodity code
2026-08-03 23:52:58,943 INFO  [default] link ACK received: query_operational_state
2026-08-03 23:52:59,039 INFO  [default] operational state received: 4

Press Enter for a list of commands
1785826393,e,0 (PASSED!)
2026-08-03 23:53:13,164 INFO  [default] link ACK received: run_normal
2026-08-03 23:53:13,260 INFO  [default] app ack received
endshedding
2026-08-03 23:53:58,436 INFO  [default] link ACK received: get_commodity
2026-08-03 23:53:58,564 INFO  [default] message type supported received: 2
2026-08-03 23:53:58,564 INFO  [default] commodity response received. response code: 0 - success; count: 3
2026-08-03 23:53:58,565 INFO  [default] commodity code: 0 - Electricity consumed (W & W-hr)
2026-08-03 23:53:58,565 INFO  [default]            source: Estimated
2026-08-03 23:53:58,565 INFO  [default]   cumulative: 1775
2026-08-03 23:53:58,565 INFO  [default]    inst rate: 0
2026-08-03 23:53:58,565 INFO  [default] commodity code: 6 - Total energy storage/take capacity (W-hr)
2026-08-03 23:53:58,565 INFO  [default]            source: Estimated
2026-08-03 23:53:58,566 INFO  [default]   cumulative: 4026
2026-08-03 23:53:58,566 INFO  [default]    inst rate: not used for this commodity code
2026-08-03 23:53:58,566 INFO  [default] commodity code: 7 - Present energy storage/take capacity (W-hr)
2026-08-03 23:53:58,566 INFO  [default]            source: Estimated
2026-08-03 23:53:58,566 INFO  [default]   cumulative: 150
2026-08-03 23:53:58,566 INFO  [default]    inst rate: not used for this commodity code
2026-08-03 23:53:58,756 INFO  [default] link ACK received: query_operational_state
2026-08-03 23:53:58,868 INFO  [default] operational state received: 0

Press Enter for a list of commands
2026-08-03 23:54:59,081 INFO  [default] link ACK received: get_commodity
2026-08-03 23:54:59,193 INFO  [default] message type supported received: 2
2026-08-03 23:54:59,194 INFO  [default] commodity response received. response code: 0 - success; count: 3
2026-08-03 23:54:59,194 INFO  [default] commodity code: 0 - Electricity consumed (W & W-hr)
2026-08-03 23:54:59,194 INFO  [default]            source: Estimated
2026-08-03 23:54:59,194 INFO  [default]   cumulative: 1775
2026-08-03 23:54:59,194 INFO  [default]    inst rate: 0
2026-08-03 23:54:59,195 INFO  [default] commodity code: 6 - Total energy storage/take capacity (W-hr)
2026-08-03 23:54:59,195 INFO  [default]            source: Estimated
2026-08-03 23:54:59,195 INFO  [default]   cumulative: 4026
2026-08-03 23:54:59,195 INFO  [default]    inst rate: not used for this commodity code
2026-08-03 23:54:59,195 INFO  [default] commodity code: 7 - Present energy storage/take capacity (W-hr)
2026-08-03 23:54:59,195 INFO  [default]            source: Estimated
2026-08-03 23:54:59,195 INFO  [default]   cumulative: 150
2026-08-03 23:54:59,196 INFO  [default]    inst rate: not used for this commodity code
2026-08-03 23:54:59,385 INFO  [default] link ACK received: query_operational_state
2026-08-03 23:54:59,481 INFO  [default] operational state received: 0

Press Enter for a list of commands
2026-08-03 23:55:58,687 INFO  [default] link ACK received: get_commodity
2026-08-03 23:55:58,815 INFO  [default] message type supported received: 2
2026-08-03 23:55:58,815 INFO  [default] commodity response received. response code: 0 - success; count: 3
2026-08-03 23:55:58,816 INFO  [default] commodity code: 0 - Electricity consumed (W & W-hr)
2026-08-03 23:55:58,816 INFO  [default]            source: Estimated
2026-08-03 23:55:58,816 INFO  [default]   cumulative: 1775
2026-08-03 23:55:58,816 INFO  [default]    inst rate: 0
2026-08-03 23:55:58,816 INFO  [default] commodity code: 6 - Total energy storage/take capacity (W-hr)
2026-08-03 23:55:58,816 INFO  [default]            source: Estimated
2026-08-03 23:55:58,816 INFO  [default]   cumulative: 4026
2026-08-03 23:55:58,816 INFO  [default]    inst rate: not used for this commodity code
2026-08-03 23:55:58,817 INFO  [default] commodity code: 7 - Present energy storage/take capacity (W-hr)
2026-08-03 23:55:58,817 INFO  [default]            source: Estimated
2026-08-03 23:55:58,817 INFO  [default]   cumulative: 150
2026-08-03 23:55:58,817 INFO  [default]    inst rate: not used for this commodity code
2026-08-03 23:55:59,007 INFO  [default] link ACK received: query_operational_state
2026-08-03 23:55:59,119 INFO  [default] operational state received: 0

Press Enter for a list of commands
2026-08-03 23:56:58,324 INFO  [default] link ACK received: get_commodity
2026-08-03 23:56:58,452 INFO  [default] message type supported received: 2
2026-08-03 23:56:58,453 INFO  [default] commodity response received. response code: 0 - success; count: 3
2026-08-03 23:56:58,453 INFO  [default] commodity code: 0 - Electricity consumed (W & W-hr)
2026-08-03 23:56:58,453 INFO  [default]            source: Estimated
2026-08-03 23:56:58,453 INFO  [default]   cumulative: 1775
2026-08-03 23:56:58,453 INFO  [default]    inst rate: 0
2026-08-03 23:56:58,454 INFO  [default] commodity code: 6 - Total energy storage/take capacity (W-hr)
2026-08-03 23:56:58,454 INFO  [default]            source: Estimated
2026-08-03 23:56:58,454 INFO  [default]   cumulative: 4026
2026-08-03 23:56:58,454 INFO  [default]    inst rate: not used for this commodity code
2026-08-03 23:56:58,454 INFO  [default] commodity code: 7 - Present energy storage/take capacity (W-hr)
2026-08-03 23:56:58,454 INFO  [default]            source: Estimated
2026-08-03 23:56:58,454 INFO  [default]   cumulative: 150
2026-08-03 23:56:58,454 INFO  [default]    inst rate: not used for this commodity code
2026-08-03 23:56:58,644 INFO  [default] link ACK received: query_operational_state
2026-08-03 23:56:58,756 INFO  [default] operational state received: 0

Press Enter for a list of commands
2026-08-03 23:57:58,954 INFO  [default] link ACK received: get_commodity
2026-08-03 23:57:59,082 INFO  [default] message type supported received: 2
2026-08-03 23:57:59,082 INFO  [default] commodity response received. response code: 0 - success; count: 3
2026-08-03 23:57:59,082 INFO  [default] commodity code: 0 - Electricity consumed (W & W-hr)
2026-08-03 23:57:59,083 INFO  [default]            source: Estimated
2026-08-03 23:57:59,083 INFO  [default]   cumulative: 1775
2026-08-03 23:57:59,083 INFO  [default]    inst rate: 0
2026-08-03 23:57:59,083 INFO  [default] commodity code: 6 - Total energy storage/take capacity (W-hr)
2026-08-03 23:57:59,083 INFO  [default]            source: Estimated
2026-08-03 23:57:59,083 INFO  [default]   cumulative: 4026
2026-08-03 23:57:59,083 INFO  [default]    inst rate: not used for this commodity code
2026-08-03 23:57:59,084 INFO  [default] commodity code: 7 - Present energy storage/take capacity (W-hr)
2026-08-03 23:57:59,084 INFO  [default]            source: Estimated
2026-08-03 23:57:59,084 INFO  [default]   cumulative: 150
2026-08-03 23:57:59,084 INFO  [default]    inst rate: not used for this commodity code
2026-08-03 23:57:59,274 INFO  [default] link ACK received: query_operational_state
2026-08-03 23:57:59,370 INFO  [default] operational state received: 0

Press Enter for a list of commands
2026-08-03 23:58:58,575 INFO  [default] link ACK received: get_commodity
2026-08-03 23:58:58,703 INFO  [default] message type supported received: 2
2026-08-03 23:58:58,704 INFO  [default] commodity response received. response code: 0 - success; count: 3
2026-08-03 23:58:58,704 INFO  [default] commodity code: 0 - Electricity consumed (W & W-hr)
2026-08-03 23:58:58,704 INFO  [default]            source: Estimated
2026-08-03 23:58:58,704 INFO  [default]   cumulative: 1775
2026-08-03 23:58:58,704 INFO  [default]    inst rate: 0
2026-08-03 23:58:58,705 INFO  [default] commodity code: 6 - Total energy storage/take capacity (W-hr)
2026-08-03 23:58:58,705 INFO  [default]            source: Estimated
2026-08-03 23:58:58,705 INFO  [default]   cumulative: 4026
2026-08-03 23:58:58,705 INFO  [default]    inst rate: not used for this commodity code
2026-08-03 23:58:58,705 INFO  [default] commodity code: 7 - Present energy storage/take capacity (W-hr)
2026-08-03 23:58:58,705 INFO  [default]            source: Estimated
2026-08-03 23:58:58,705 INFO  [default]   cumulative: 150
2026-08-03 23:58:58,705 INFO  [default]    inst rate: not used for this commodity code
2026-08-03 23:58:58,895 INFO  [default] link ACK received: query_operational_state
2026-08-03 23:58:59,007 INFO  [default] operational state received: 0

Press Enter for a list of commands
2026-08-03 23:59:59,221 INFO  [default] link ACK received: get_commodity
2026-08-03 23:59:59,333 INFO  [default] message type supported received: 2
2026-08-03 23:59:59,333 INFO  [default] commodity response received. response code: 0 - success; count: 3
2026-08-03 23:59:59,333 INFO  [default] commodity code: 0 - Electricity consumed (W & W-hr)
2026-08-03 23:59:59,333 INFO  [default]            source: Estimated
2026-08-03 23:59:59,334 INFO  [default]   cumulative: 1775
2026-08-03 23:59:59,334 INFO  [default]    inst rate: 0
2026-08-03 23:59:59,334 INFO  [default] commodity code: 6 - Total energy storage/take capacity (W-hr)
2026-08-03 23:59:59,334 INFO  [default]            source: Estimated
2026-08-03 23:59:59,334 INFO  [default]   cumulative: 4026
2026-08-03 23:59:59,334 INFO  [default]    inst rate: not used for this commodity code
2026-08-03 23:59:59,334 INFO  [default] commodity code: 7 - Present energy storage/take capacity (W-hr)
2026-08-03 23:59:59,334 INFO  [default]            source: Estimated
2026-08-03 23:59:59,335 INFO  [default]   cumulative: 150
2026-08-03 23:59:59,335 INFO  [default]    inst rate: not used for this commodity code
2026-08-03 23:59:59,525 INFO  [default] link ACK received: query_operational_state
2026-08-03 23:59:59,636 INFO  [default] operational state received: 0

Press Enter for a list of commands
2026-08-04 00:00:58,842 INFO  [default] link ACK received: get_commodity
2026-08-04 00:00:58,970 INFO  [default] message type supported received: 2
2026-08-04 00:00:58,970 INFO  [default] commodity response received. response code: 0 - success; count: 3
2026-08-04 00:00:58,971 INFO  [default] commodity code: 0 - Electricity consumed (W & W-hr)
2026-08-04 00:00:58,971 INFO  [default]            source: Estimated
2026-08-04 00:00:58,971 INFO  [default]   cumulative: 1775
2026-08-04 00:00:58,971 INFO  [default]    inst rate: 0
2026-08-04 00:00:58,971 INFO  [default] commodity code: 6 - Total energy storage/take capacity (W-hr)
2026-08-04 00:00:58,971 INFO  [default]            source: Estimated
2026-08-04 00:00:58,972 INFO  [default]   cumulative: 4026
2026-08-04 00:00:58,972 INFO  [default]    inst rate: not used for this commodity code
2026-08-04 00:00:58,972 INFO  [default] commodity code: 7 - Present energy storage/take capacity (W-hr)
2026-08-04 00:00:58,972 INFO  [default]            source: Estimated
2026-08-04 00:00:58,972 INFO  [default]   cumulative: 150
2026-08-04 00:00:58,972 INFO  [default]    inst rate: not used for this commodity code
2026-08-04 00:00:59,162 INFO  [default] link ACK received: query_operational_state
2026-08-04 00:00:59,274 INFO  [default] operational state received: 0

Press Enter for a list of commands
2026-08-04 00:01:58,480 INFO  [default] link ACK received: get_commodity
2026-08-04 00:01:58,608 INFO  [default] message type supported received: 2
2026-08-04 00:01:58,608 INFO  [default] commodity response received. response code: 0 - success; count: 3
2026-08-04 00:01:58,608 INFO  [default] commodity code: 0 - Electricity consumed (W & W-hr)
2026-08-04 00:01:58,608 INFO  [default]            source: Estimated
2026-08-04 00:01:58,609 INFO  [default]   cumulative: 1775
2026-08-04 00:01:58,609 INFO  [default]    inst rate: 0
2026-08-04 00:01:58,609 INFO  [default] commodity code: 6 - Total energy storage/take capacity (W-hr)
2026-08-04 00:01:58,609 INFO  [default]            source: Estimated
2026-08-04 00:01:58,609 INFO  [default]   cumulative: 4026
2026-08-04 00:01:58,609 INFO  [default]    inst rate: not used for this commodity code
2026-08-04 00:01:58,609 INFO  [default] commodity code: 7 - Present energy storage/take capacity (W-hr)
2026-08-04 00:01:58,609 INFO  [default]            source: Estimated
2026-08-04 00:01:58,610 INFO  [default]   cumulative: 150
2026-08-04 00:01:58,610 INFO  [default]    inst rate: not used for this commodity code
2026-08-04 00:01:58,800 INFO  [default] link ACK received: query_operational_state
2026-08-04 00:01:58,896 INFO  [default] operational state received: 0

Press Enter for a list of commands
2026-08-04 00:02:59,109 INFO  [default] link ACK received: get_commodity
2026-08-04 00:02:59,237 INFO  [default] message type supported received: 2
2026-08-04 00:02:59,237 INFO  [default] commodity response received. response code: 0 - success; count: 3
2026-08-04 00:02:59,238 INFO  [default] commodity code: 0 - Electricity consumed (W & W-hr)
2026-08-04 00:02:59,238 INFO  [default]            source: Estimated
2026-08-04 00:02:59,238 INFO  [default]   cumulative: 1775
2026-08-04 00:02:59,238 INFO  [default]    inst rate: 0
2026-08-04 00:02:59,238 INFO  [default] commodity code: 6 - Total energy storage/take capacity (W-hr)
2026-08-04 00:02:59,238 INFO  [default]            source: Estimated
2026-08-04 00:02:59,238 INFO  [default]   cumulative: 4026
2026-08-04 00:02:59,238 INFO  [default]    inst rate: not used for this commodity code
2026-08-04 00:02:59,239 INFO  [default] commodity code: 7 - Present energy storage/take capacity (W-hr)
2026-08-04 00:02:59,239 INFO  [default]            source: Estimated
2026-08-04 00:02:59,239 INFO  [default]   cumulative: 150
2026-08-04 00:02:59,239 INFO  [default]    inst rate: not used for this commodity code
2026-08-04 00:02:59,429 INFO  [default] link ACK received: query_operational_state
2026-08-04 00:02:59,541 INFO  [default] operational state received: 0

Press Enter for a list of commands
1785827038,o,0 (PASSED!)
outside communication found
2026-08-04 00:03:58,746 INFO  [default] link ACK received: outside_communication
2026-08-04 00:03:58,842 INFO  [default] app ack received
2026-08-04 00:03:59,034 INFO  [default] link ACK received: get_commodity
2026-08-04 00:03:59,162 INFO  [default] message type supported received: 2
2026-08-04 00:03:59,163 INFO  [default] commodity response received. response code: 0 - success; count: 3
2026-08-04 00:03:59,163 INFO  [default] commodity code: 0 - Electricity consumed (W & W-hr)
2026-08-04 00:03:59,163 INFO  [default]            source: Estimated
2026-08-04 00:03:59,163 INFO  [default]   cumulative: 1775
2026-08-04 00:03:59,163 INFO  [default]    inst rate: 0
2026-08-04 00:03:59,164 INFO  [default] commodity code: 6 - Total energy storage/take capacity (W-hr)
2026-08-04 00:03:59,164 INFO  [default]            source: Estimated
2026-08-04 00:03:59,164 INFO  [default]   cumulative: 4026
2026-08-04 00:03:59,164 INFO  [default]    inst rate: not used for this commodity code
2026-08-04 00:03:59,164 INFO  [default] commodity code: 7 - Present energy storage/take capacity (W-hr)
2026-08-04 00:03:59,164 INFO  [default]            source: Estimated
2026-08-04 00:03:59,164 INFO  [default]   cumulative: 150
2026-08-04 00:03:59,164 INFO  [default]    inst rate: not used for this commodity code
2026-08-04 00:03:59,354 INFO  [default] link ACK received: query_operational_state
2026-08-04 00:03:59,466 INFO  [default] operational state received: 0

Press Enter for a list of commands
2026-08-04 00:04:58,672 INFO  [default] link ACK received: get_commodity
2026-08-04 00:04:58,800 INFO  [default] message type supported received: 2
2026-08-04 00:04:58,800 INFO  [default] commodity response received. response code: 0 - success; count: 3
2026-08-04 00:04:58,801 INFO  [default] commodity code: 0 - Electricity consumed (W & W-hr)
2026-08-04 00:04:58,801 INFO  [default]            source: Estimated
2026-08-04 00:04:58,801 INFO  [default]   cumulative: 1775
2026-08-04 00:04:58,801 INFO  [default]    inst rate: 0
2026-08-04 00:04:58,801 INFO  [default] commodity code: 6 - Total energy storage/take capacity (W-hr)
2026-08-04 00:04:58,801 INFO  [default]            source: Estimated
2026-08-04 00:04:58,801 INFO  [default]   cumulative: 4026
2026-08-04 00:04:58,801 INFO  [default]    inst rate: not used for this commodity code
2026-08-04 00:04:58,802 INFO  [default] commodity code: 7 - Present energy storage/take capacity (W-hr)
2026-08-04 00:04:58,802 INFO  [default]            source: Estimated
2026-08-04 00:04:58,802 INFO  [default]   cumulative: 150
2026-08-04 00:04:58,802 INFO  [default]    inst rate: not used for this commodity code
2026-08-04 00:04:58,992 INFO  [default] link ACK received: query_operational_state
2026-08-04 00:04:59,104 INFO  [default] operational state received: 0

Press Enter for a list of commands
2026-08-04 00:05:59,317 INFO  [default] link ACK received: get_commodity
2026-08-04 00:05:59,445 INFO  [default] message type supported received: 2
2026-08-04 00:05:59,445 INFO  [default] commodity response received. response code: 0 - success; count: 3
2026-08-04 00:05:59,446 INFO  [default] commodity code: 0 - Electricity consumed (W & W-hr)
2026-08-04 00:05:59,446 INFO  [default]            source: Estimated
2026-08-04 00:05:59,446 INFO  [default]   cumulative: 1775
2026-08-04 00:05:59,446 INFO  [default]    inst rate: 0
2026-08-04 00:05:59,446 INFO  [default] commodity code: 6 - Total energy storage/take capacity (W-hr)
2026-08-04 00:05:59,446 INFO  [default]            source: Estimated
2026-08-04 00:05:59,447 INFO  [default]   cumulative: 4026
2026-08-04 00:05:59,447 INFO  [default]    inst rate: not used for this commodity code
2026-08-04 00:05:59,447 INFO  [default] commodity code: 7 - Present energy storage/take capacity (W-hr)
2026-08-04 00:05:59,447 INFO  [default]            source: Estimated
2026-08-04 00:05:59,447 INFO  [default]   cumulative: 150
2026-08-04 00:05:59,447 INFO  [default]    inst rate: not used for this commodity code
2026-08-04 00:05:59,637 INFO  [default] link ACK received: query_operational_state
2026-08-04 00:05:59,733 INFO  [default] operational state received: 0

Press Enter for a list of commands
2026-08-04 00:06:58,939 INFO  [default] link ACK received: get_commodity
2026-08-04 00:06:59,067 INFO  [default] message type supported received: 2
2026-08-04 00:06:59,067 INFO  [default] commodity response received. response code: 0 - success; count: 3
2026-08-04 00:06:59,067 INFO  [default] commodity code: 0 - Electricity consumed (W & W-hr)
2026-08-04 00:06:59,068 INFO  [default]            source: Estimated
2026-08-04 00:06:59,068 INFO  [default]   cumulative: 1775
2026-08-04 00:06:59,068 INFO  [default]    inst rate: 0
2026-08-04 00:06:59,068 INFO  [default] commodity code: 6 - Total energy storage/take capacity (W-hr)
2026-08-04 00:06:59,068 INFO  [default]            source: Estimated
2026-08-04 00:06:59,068 INFO  [default]   cumulative: 4026
2026-08-04 00:06:59,068 INFO  [default]    inst rate: not used for this commodity code
2026-08-04 00:06:59,068 INFO  [default] commodity code: 7 - Present energy storage/take capacity (W-hr)
2026-08-04 00:06:59,068 INFO  [default]            source: Estimated
2026-08-04 00:06:59,069 INFO  [default]   cumulative: 150
2026-08-04 00:06:59,069 INFO  [default]    inst rate: not used for this commodity code
2026-08-04 00:06:59,259 INFO  [default] link ACK received: query_operational_state
2026-08-04 00:06:59,371 INFO  [default] operational state received: 0

Press Enter for a list of commands
2026-08-04 00:07:58,576 INFO  [default] link ACK received: get_commodity
2026-08-04 00:07:58,704 INFO  [default] message type supported received: 2
2026-08-04 00:07:58,704 INFO  [default] commodity response received. response code: 0 - success; count: 3
2026-08-04 00:07:58,705 INFO  [default] commodity code: 0 - Electricity consumed (W & W-hr)
2026-08-04 00:07:58,705 INFO  [default]            source: Estimated
2026-08-04 00:07:58,705 INFO  [default]   cumulative: 1775
2026-08-04 00:07:58,705 INFO  [default]    inst rate: 0
2026-08-04 00:07:58,705 INFO  [default] commodity code: 6 - Total energy storage/take capacity (W-hr)
2026-08-04 00:07:58,705 INFO  [default]            source: Estimated
2026-08-04 00:07:58,706 INFO  [default]   cumulative: 4026
2026-08-04 00:07:58,706 INFO  [default]    inst rate: not used for this commodity code
2026-08-04 00:07:58,706 INFO  [default] commodity code: 7 - Present energy storage/take capacity (W-hr)
2026-08-04 00:07:58,706 INFO  [default]            source: Estimated
2026-08-04 00:07:58,706 INFO  [default]   cumulative: 150
2026-08-04 00:07:58,706 INFO  [default]    inst rate: not used for this commodity code
2026-08-04 00:07:58,896 INFO  [default] link ACK received: query_operational_state
2026-08-04 00:07:59,008 INFO  [default] operational state received: 0

Press Enter for a list of commands
2026-08-04 00:08:59,206 INFO  [default] link ACK received: get_commodity
2026-08-04 00:08:59,334 INFO  [default] message type supported received: 2
2026-08-04 00:08:59,334 INFO  [default] commodity response received. response code: 0 - success; count: 3
2026-08-04 00:08:59,334 INFO  [default] commodity code: 0 - Electricity consumed (W & W-hr)
2026-08-04 00:08:59,334 INFO  [default]            source: Estimated
2026-08-04 00:08:59,334 INFO  [default]   cumulative: 1775
2026-08-04 00:08:59,335 INFO  [default]    inst rate: 0
2026-08-04 00:08:59,335 INFO  [default] commodity code: 6 - Total energy storage/take capacity (W-hr)
2026-08-04 00:08:59,335 INFO  [default]            source: Estimated
2026-08-04 00:08:59,335 INFO  [default]   cumulative: 4026
2026-08-04 00:08:59,335 INFO  [default]    inst rate: not used for this commodity code
2026-08-04 00:08:59,335 INFO  [default] commodity code: 7 - Present energy storage/take capacity (W-hr)
2026-08-04 00:08:59,335 INFO  [default]            source: Estimated
2026-08-04 00:08:59,335 INFO  [default]   cumulative: 150
2026-08-04 00:08:59,336 INFO  [default]    inst rate: not used for this commodity code
2026-08-04 00:08:59,526 INFO  [default] link ACK received: query_operational_state
2026-08-04 00:08:59,637 INFO  [default] operational state received: 0

Press Enter for a list of commands
2026-08-04 00:09:58,843 INFO  [default] link ACK received: get_commodity
2026-08-04 00:09:58,971 INFO  [default] message type supported received: 2
2026-08-04 00:09:58,971 INFO  [default] commodity response received. response code: 0 - success; count: 3
2026-08-04 00:09:58,972 INFO  [default] commodity code: 0 - Electricity consumed (W & W-hr)
2026-08-04 00:09:58,972 INFO  [default]            source: Estimated
2026-08-04 00:09:58,972 INFO  [default]   cumulative: 1775
2026-08-04 00:09:58,972 INFO  [default]    inst rate: 0
2026-08-04 00:09:58,972 INFO  [default] commodity code: 6 - Total energy storage/take capacity (W-hr)
2026-08-04 00:09:58,972 INFO  [default]            source: Estimated
2026-08-04 00:09:58,972 INFO  [default]   cumulative: 4026
2026-08-04 00:09:58,973 INFO  [default]    inst rate: not used for this commodity code
2026-08-04 00:09:58,973 INFO  [default] commodity code: 7 - Present energy storage/take capacity (W-hr)
2026-08-04 00:09:58,973 INFO  [default]            source: Estimated
2026-08-04 00:09:58,973 INFO  [default]   cumulative: 150
2026-08-04 00:09:58,973 INFO  [default]    inst rate: not used for this commodity code
2026-08-04 00:09:59,163 INFO  [default] link ACK received: query_operational_state
2026-08-04 00:09:59,275 INFO  [default] operational state received: 0

Press Enter for a list of commands
2026-08-04 00:10:58,481 INFO  [default] link ACK received: get_commodity
2026-08-04 00:10:58,609 INFO  [default] message type supported received: 2
2026-08-04 00:10:58,609 INFO  [default] commodity response received. response code: 0 - success; count: 3
2026-08-04 00:10:58,609 INFO  [default] commodity code: 0 - Electricity consumed (W & W-hr)
2026-08-04 00:10:58,610 INFO  [default]            source: Estimated
2026-08-04 00:10:58,610 INFO  [default]   cumulative: 1775
2026-08-04 00:10:58,610 INFO  [default]    inst rate: 0
2026-08-04 00:10:58,610 INFO  [default] commodity code: 6 - Total energy storage/take capacity (W-hr)
2026-08-04 00:10:58,610 INFO  [default]            source: Estimated
2026-08-04 00:10:58,610 INFO  [default]   cumulative: 4026
2026-08-04 00:10:58,610 INFO  [default]    inst rate: not used for this commodity code
2026-08-04 00:10:58,610 INFO  [default] commodity code: 7 - Present energy storage/take capacity (W-hr)
2026-08-04 00:10:58,611 INFO  [default]            source: Estimated
2026-08-04 00:10:58,611 INFO  [default]   cumulative: 150
2026-08-04 00:10:58,611 INFO  [default]    inst rate: not used for this commodity code
2026-08-04 00:10:58,801 INFO  [default] link ACK received: query_operational_state
2026-08-04 00:10:58,897 INFO  [default] operational state received: 0

Press Enter for a list of commands
2026-08-04 00:11:59,094 INFO  [default] link ACK received: get_commodity
2026-08-04 00:11:59,222 INFO  [default] message type supported received: 2
2026-08-04 00:11:59,222 INFO  [default] commodity response received. response code: 0 - success; count: 3
2026-08-04 00:11:59,223 INFO  [default] commodity code: 0 - Electricity consumed (W & W-hr)
2026-08-04 00:11:59,223 INFO  [default]            source: Estimated
2026-08-04 00:11:59,223 INFO  [default]   cumulative: 1775
2026-08-04 00:11:59,223 INFO  [default]    inst rate: 0
2026-08-04 00:11:59,223 INFO  [default] commodity code: 6 - Total energy storage/take capacity (W-hr)
2026-08-04 00:11:59,223 INFO  [default]            source: Estimated
2026-08-04 00:11:59,223 INFO  [default]   cumulative: 4026
2026-08-04 00:11:59,224 INFO  [default]    inst rate: not used for this commodity code
2026-08-04 00:11:59,224 INFO  [default] commodity code: 7 - Present energy storage/take capacity (W-hr)
2026-08-04 00:11:59,224 INFO  [default]            source: Estimated
2026-08-04 00:11:59,224 INFO  [default]   cumulative: 150
2026-08-04 00:11:59,224 INFO  [default]    inst rate: not used for this commodity code
2026-08-04 00:11:59,414 INFO  [default] link ACK received: query_operational_state
2026-08-04 00:11:59,510 INFO  [default] operational state received: 0

Press Enter for a list of commands
2026-08-04 00:12:58,715 INFO  [default] link ACK received: get_commodity
2026-08-04 00:12:58,843 INFO  [default] message type supported received: 2
2026-08-04 00:12:58,844 INFO  [default] commodity response received. response code: 0 - success; count: 3
2026-08-04 00:12:58,844 INFO  [default] commodity code: 0 - Electricity consumed (W & W-hr)
2026-08-04 00:12:58,844 INFO  [default]            source: Estimated
2026-08-04 00:12:58,844 INFO  [default]   cumulative: 1775
2026-08-04 00:12:58,844 INFO  [default]    inst rate: 0
2026-08-04 00:12:58,845 INFO  [default] commodity code: 6 - Total energy storage/take capacity (W-hr)
2026-08-04 00:12:58,845 INFO  [default]            source: Estimated
2026-08-04 00:12:58,845 INFO  [default]   cumulative: 4026
2026-08-04 00:12:58,845 INFO  [default]    inst rate: not used for this commodity code
2026-08-04 00:12:58,845 INFO  [default] commodity code: 7 - Present energy storage/take capacity (W-hr)
2026-08-04 00:12:58,845 INFO  [default]            source: Estimated
2026-08-04 00:12:58,845 INFO  [default]   cumulative: 150
2026-08-04 00:12:58,845 INFO  [default]    inst rate: not used for this commodity code
2026-08-04 00:12:59,035 INFO  [default] link ACK received: query_operational_state
2026-08-04 00:12:59,147 INFO  [default] operational state received: 0

Press Enter for a list of commands
Returning state to normal...
2026-08-04 00:13:13,161 INFO  [default] link ACK received: run_normal
2026-08-04 00:13:13,273 INFO  [default] app ack received
Loading...
Querying operational state after normal command...
2026-08-04 00:13:15,369 INFO  [default] link ACK received: query_operational_state
2026-08-04 00:13:15,464 INFO  [default] operational state received: 0

Press Enter for a list of commands
