POWER_MONITOR_READY {"output_csv": "/home/pi/conformance_testing_team/saved_data/conformance_runs/WH-1/run_2026_08_02_095927_PDT/power.csv", "timestamp_pacific": "2026-08-02T09:59:27.575-07:00"}
POWER_MONITOR_RECORD {"timestamp_pacific": "2026-08-02T09:59:27.578-07:00", "status": "ok", "reasons": ["initial_sample"]}
POWER_MONITOR_RECORD {"timestamp_pacific": "2026-08-02T09:59:58.727-07:00", "status": "ok", "reasons": ["current_change", "power_change", "heater_on"]}
POWER_MONITOR_RECORD {"timestamp_pacific": "2026-08-02T10:00:02.751-07:00", "status": "ok", "reasons": ["current_change"]}
POWER_MONITOR_RECORD {"timestamp_pacific": "2026-08-02T10:00:04.764-07:00", "status": "ok", "reasons": ["current_change"]}
POWER_MONITOR_RECORD {"timestamp_pacific": "2026-08-02T10:00:28.903-07:00", "status": "ok", "reasons": ["current_change"]}
POWER_MONITOR_RECORD {"timestamp_pacific": "2026-08-02T10:00:34.939-07:00", "status": "ok", "reasons": ["current_change"]}
POWER_MONITOR_RECORD {"timestamp_pacific": "2026-08-02T10:00:36.952-07:00", "status": "ok", "reasons": ["current_change"]}
POWER_MONITOR_RECORD {"timestamp_pacific": "2026-08-02T10:00:39.970-07:00", "status": "ok", "reasons": ["current_change"]}
POWER_MONITOR_RECORD {"timestamp_pacific": "2026-08-02T10:00:41.983-07:00", "status": "ok", "reasons": ["current_change"]}
POWER_MONITOR_RECORD {"timestamp_pacific": "2026-08-02T10:00:42.990-07:00", "status": "ok", "reasons": ["current_change"]}
POWER_MONITOR_RECORD {"timestamp_pacific": "2026-08-02T10:00:46.008-07:00", "status": "ok", "reasons": ["current_change"]}
POWER_MONITOR_RECORD {"timestamp_pacific": "2026-08-02T10:00:50.032-07:00", "status": "ok", "reasons": ["current_change"]}
POWER_MONITOR_RECORD {"timestamp_pacific": "2026-08-02T10:00:53.050-07:00", "status": "ok", "reasons": ["current_change"]}
POWER_MONITOR_RECORD {"timestamp_pacific": "2026-08-02T10:00:55.062-07:00", "status": "ok", "reasons": ["current_change"]}
POWER_MONITOR_RECORD {"timestamp_pacific": "2026-08-02T10:00:58.082-07:00", "status": "ok", "reasons": ["current_change"]}
POWER_MONITOR_RECORD {"timestamp_pacific": "2026-08-02T10:00:59.089-07:00", "status": "ok", "reasons": ["current_change"]}
POWER_MONITOR_RECORD {"timestamp_pacific": "2026-08-02T10:01:02.107-07:00", "status": "ok", "reasons": ["current_change", "power_change", "voltage_change"]}
POWER_MONITOR_RECORD {"timestamp_pacific": "2026-08-02T10:01:03.114-07:00", "status": "ok", "reasons": ["current_change", "power_change", "voltage_change"]}
POWER_MONITOR_RECORD {"timestamp_pacific": "2026-08-02T10:01:04.121-07:00", "status": "ok", "reasons": ["current_change"]}
POWER_MONITOR_RECORD {"timestamp_pacific": "2026-08-02T10:01:05.128-07:00", "status": "ok", "reasons": ["current_change"]}
POWER_MONITOR_RECORD {"timestamp_pacific": "2026-08-02T10:01:06.134-07:00", "status": "ok", "reasons": ["current_change"]}
POWER_MONITOR_RECORD {"timestamp_pacific": "2026-08-02T10:01:07.141-07:00", "status": "ok", "reasons": ["current_change"]}
POWER_MONITOR_RECORD {"timestamp_pacific": "2026-08-02T10:01:08.147-07:00", "status": "ok", "reasons": ["current_change"]}
POWER_MONITOR_RECORD {"timestamp_pacific": "2026-08-02T10:01:10.161-07:00", "status": "ok", "reasons": ["current_change"]}
POWER_MONITOR_RECORD {"timestamp_pacific": "2026-08-02T10:01:11.167-07:00", "status": "ok", "reasons": ["current_change"]}
POWER_MONITOR_RECORD {"timestamp_pacific": "2026-08-02T10:01:12.174-07:00", "status": "ok", "reasons": ["current_change"]}
POWER_MONITOR_RECORD {"timestamp_pacific": "2026-08-02T10:01:13.180-07:00", "status": "ok", "reasons": ["current_change"]}
POWER_MONITOR_RECORD {"timestamp_pacific": "2026-08-02T10:01:14.187-07:00", "status": "ok", "reasons": ["current_change"]}
POWER_MONITOR_RECORD {"timestamp_pacific": "2026-08-02T10:01:15.193-07:00", "status": "ok", "reasons": ["current_change"]}
POWER_MONITOR_RECORD {"timestamp_pacific": "2026-08-02T10:01:16.200-07:00", "status": "ok", "reasons": ["current_change"]}
POWER_MONITOR_RECORD {"timestamp_pacific": "2026-08-02T10:01:17.208-07:00", "status": "ok", "reasons": ["current_change"]}
POWER_MONITOR_RECORD {"timestamp_pacific": "2026-08-02T10:01:20.226-07:00", "status": "ok", "reasons": ["current_change"]}
POWER_MONITOR_RECORD {"timestamp_pacific": "2026-08-02T10:01:21.232-07:00", "status": "ok", "reasons": ["current_change"]}
POWER_MONITOR_RECORD {"timestamp_pacific": "2026-08-02T10:01:24.252-07:00", "status": "ok", "reasons": ["current_change"]}
POWER_MONITOR_RECORD {"timestamp_pacific": "2026-08-02T10:01:25.258-07:00", "status": "ok", "reasons": ["current_change"]}
POWER_MONITOR_RECORD {"timestamp_pacific": "2026-08-02T10:01:27.271-07:00", "status": "ok", "reasons": ["current_change"]}
POWER_MONITOR_RECORD {"timestamp_pacific": "2026-08-02T10:01:30.289-07:00", "status": "ok", "reasons": ["current_change"]}
POWER_MONITOR_RECORD {"timestamp_pacific": "2026-08-02T10:01:32.301-07:00", "status": "ok", "reasons": ["current_change"]}
POWER_MONITOR_RECORD {"timestamp_pacific": "2026-08-02T10:01:35.317-07:00", "status": "ok", "reasons": ["current_change"]}
POWER_MONITOR_RECORD {"timestamp_pacific": "2026-08-02T10:01:38.324-07:00", "status": "ok", "reasons": ["current_change"]}
POWER_MONITOR_RECORD {"timestamp_pacific": "2026-08-02T10:01:47.374-07:00", "status": "ok", "reasons": ["current_change"]}
POWER_MONITOR_RECORD {"timestamp_pacific": "2026-08-02T10:01:49.386-07:00", "status": "ok", "reasons": ["current_change"]}
POWER_MONITOR_RECORD {"timestamp_pacific": "2026-08-02T10:01:50.392-07:00", "status": "ok", "reasons": ["current_change"]}
POWER_MONITOR_RECORD {"timestamp_pacific": "2026-08-02T10:02:17.551-07:00", "status": "ok", "reasons": ["current_change"]}
POWER_MONITOR_RECORD {"timestamp_pacific": "2026-08-02T10:02:32.639-07:00", "status": "ok", "reasons": ["current_change"]}
POWER_MONITOR_RECORD {"timestamp_pacific": "2026-08-02T10:02:33.646-07:00", "status": "ok", "reasons": ["current_change"]}
POWER_MONITOR_RECORD {"timestamp_pacific": "2026-08-02T10:02:35.657-07:00", "status": "ok", "reasons": ["current_change"]}
POWER_MONITOR_RECORD {"timestamp_pacific": "2026-08-02T10:02:37.662-07:00", "status": "ok", "reasons": ["current_change"]}
POWER_MONITOR_RECORD {"timestamp_pacific": "2026-08-02T10:02:39.667-07:00", "status": "ok", "reasons": ["current_change"]}
POWER_MONITOR_RECORD {"timestamp_pacific": "2026-08-02T10:02:46.708-07:00", "status": "ok", "reasons": ["current_change"]}
POWER_MONITOR_RECORD {"timestamp_pacific": "2026-08-02T10:02:57.773-07:00", "status": "ok", "reasons": ["current_change"]}
POWER_MONITOR_RECORD {"timestamp_pacific": "2026-08-02T10:03:22.919-07:00", "status": "ok", "reasons": ["current_change"]}
POWER_MONITOR_RECORD {"timestamp_pacific": "2026-08-02T10:03:25.937-07:00", "status": "ok", "reasons": ["current_change"]}
POWER_MONITOR_RECORD {"timestamp_pacific": "2026-08-02T10:03:28.955-07:00", "status": "ok", "reasons": ["current_change"]}
POWER_MONITOR_RECORD {"timestamp_pacific": "2026-08-02T10:03:32.980-07:00", "status": "ok", "reasons": ["current_change"]}
POWER_MONITOR_RECORD {"timestamp_pacific": "2026-08-02T10:03:33.986-07:00", "status": "ok", "reasons": ["current_change"]}
POWER_MONITOR_RECORD {"timestamp_pacific": "2026-08-02T10:03:42.033-07:00", "status": "ok", "reasons": ["current_change"]}
POWER_MONITOR_RECORD {"timestamp_pacific": "2026-08-02T10:03:46.057-07:00", "status": "ok", "reasons": ["current_change"]}
POWER_MONITOR_RECORD {"timestamp_pacific": "2026-08-02T10:03:47.064-07:00", "status": "ok", "reasons": ["current_change"]}
POWER_MONITOR_RECORD {"timestamp_pacific": "2026-08-02T10:03:48.070-07:00", "status": "ok", "reasons": ["current_change"]}
POWER_MONITOR_RECORD {"timestamp_pacific": "2026-08-02T10:03:50.083-07:00", "status": "ok", "reasons": ["current_change"]}
POWER_MONITOR_RECORD {"timestamp_pacific": "2026-08-02T10:03:52.095-07:00", "status": "ok", "reasons": ["current_change"]}
POWER_MONITOR_RECORD {"timestamp_pacific": "2026-08-02T10:03:58.131-07:00", "status": "ok", "reasons": ["current_change"]}
POWER_MONITOR_RECORD {"timestamp_pacific": "2026-08-02T10:04:02.154-07:00", "status": "ok", "reasons": ["current_change"]}
POWER_MONITOR_RECORD {"timestamp_pacific": "2026-08-02T10:04:03.161-07:00", "status": "ok", "reasons": ["current_change"]}
POWER_MONITOR_RECORD {"timestamp_pacific": "2026-08-02T10:04:06.179-07:00", "status": "ok", "reasons": ["current_change"]}
POWER_MONITOR_RECORD {"timestamp_pacific": "2026-08-02T10:04:10.203-07:00", "status": "ok", "reasons": ["current_change"]}
POWER_MONITOR_RECORD {"timestamp_pacific": "2026-08-02T10:04:17.228-07:00", "status": "ok", "reasons": ["current_change"]}
POWER_MONITOR_RECORD {"timestamp_pacific": "2026-08-02T10:04:25.258-07:00", "status": "ok", "reasons": ["current_change"]}
POWER_MONITOR_RECORD {"timestamp_pacific": "2026-08-02T10:04:29.268-07:00", "status": "ok", "reasons": ["current_change"]}
POWER_MONITOR_RECORD {"timestamp_pacific": "2026-08-02T10:04:30.274-07:00", "status": "ok", "reasons": ["current_change"]}
POWER_MONITOR_RECORD {"timestamp_pacific": "2026-08-02T10:04:31.281-07:00", "status": "ok", "reasons": ["current_change"]}
POWER_MONITOR_RECORD {"timestamp_pacific": "2026-08-02T10:04:40.319-07:00", "status": "ok", "reasons": ["current_change"]}
POWER_MONITOR_RECORD {"timestamp_pacific": "2026-08-02T10:04:45.345-07:00", "status": "ok", "reasons": ["current_change"]}
POWER_MONITOR_RECORD {"timestamp_pacific": "2026-08-02T10:04:50.375-07:00", "status": "ok", "reasons": ["current_change"]}
POWER_MONITOR_RECORD {"timestamp_pacific": "2026-08-02T10:04:56.425-07:00", "status": "ok", "reasons": ["current_change"]}
POWER_MONITOR_RECORD {"timestamp_pacific": "2026-08-02T10:04:58.437-07:00", "status": "ok", "reasons": ["current_change"]}
POWER_MONITOR_RECORD {"timestamp_pacific": "2026-08-02T10:05:14.531-07:00", "status": "ok", "reasons": ["current_change"]}
POWER_MONITOR_RECORD {"timestamp_pacific": "2026-08-02T10:05:24.574-07:00", "status": "ok", "reasons": ["current_change"]}
POWER_MONITOR_RECORD {"timestamp_pacific": "2026-08-02T10:05:25.578-07:00", "status": "ok", "reasons": ["current_change"]}
POWER_MONITOR_RECORD {"timestamp_pacific": "2026-08-02T10:05:32.609-07:00", "status": "ok", "reasons": ["current_change"]}
POWER_MONITOR_RECORD {"timestamp_pacific": "2026-08-02T10:05:55.736-07:00", "status": "ok", "reasons": ["current_change"]}
POWER_MONITOR_RECORD {"timestamp_pacific": "2026-08-02T10:05:56.743-07:00", "status": "ok", "reasons": ["current_change"]}
POWER_MONITOR_RECORD {"timestamp_pacific": "2026-08-02T10:05:57.746-07:00", "status": "ok", "reasons": ["current_change"]}
POWER_MONITOR_RECORD {"timestamp_pacific": "2026-08-02T10:06:14.814-07:00", "status": "ok", "reasons": ["current_change"]}
POWER_MONITOR_RECORD {"timestamp_pacific": "2026-08-02T10:06:34.930-07:00", "status": "ok", "reasons": ["current_change"]}
POWER_MONITOR_RECORD {"timestamp_pacific": "2026-08-02T10:06:51.006-07:00", "status": "ok", "reasons": ["current_change"]}
POWER_MONITOR_RECORD {"timestamp_pacific": "2026-08-02T10:06:58.048-07:00", "status": "ok", "reasons": ["current_change"]}
POWER_MONITOR_RECORD {"timestamp_pacific": "2026-08-02T10:06:59.054-07:00", "status": "ok", "reasons": ["current_change"]}
POWER_MONITOR_RECORD {"timestamp_pacific": "2026-08-02T10:07:01.066-07:00", "status": "ok", "reasons": ["current_change"]}
POWER_MONITOR_RECORD {"timestamp_pacific": "2026-08-02T10:07:02.073-07:00", "status": "ok", "reasons": ["current_change"]}
POWER_MONITOR_RECORD {"timestamp_pacific": "2026-08-02T10:07:06.097-07:00", "status": "ok", "reasons": ["current_change"]}
POWER_MONITOR_RECORD {"timestamp_pacific": "2026-08-02T10:07:08.109-07:00", "status": "ok", "reasons": ["current_change"]}
POWER_MONITOR_RECORD {"timestamp_pacific": "2026-08-02T10:07:10.122-07:00", "status": "ok", "reasons": ["current_change"]}
POWER_MONITOR_RECORD {"timestamp_pacific": "2026-08-02T10:07:15.152-07:00", "status": "ok", "reasons": ["current_change"]}
POWER_MONITOR_RECORD {"timestamp_pacific": "2026-08-02T10:07:21.187-07:00", "status": "ok", "reasons": ["current_change"]}
POWER_MONITOR_RECORD {"timestamp_pacific": "2026-08-02T10:07:22.194-07:00", "status": "ok", "reasons": ["current_change"]}
POWER_MONITOR_RECORD {"timestamp_pacific": "2026-08-02T10:07:43.316-07:00", "status": "ok", "reasons": ["current_change"]}
POWER_MONITOR_RECORD {"timestamp_pacific": "2026-08-02T10:08:01.422-07:00", "status": "ok", "reasons": ["current_change"]}
POWER_MONITOR_RECORD {"timestamp_pacific": "2026-08-02T10:08:02.428-07:00", "status": "ok", "reasons": ["current_change"]}
POWER_MONITOR_RECORD {"timestamp_pacific": "2026-08-02T10:08:06.452-07:00", "status": "ok", "reasons": ["current_change"]}
POWER_MONITOR_RECORD {"timestamp_pacific": "2026-08-02T10:08:09.470-07:00", "status": "ok", "reasons": ["current_change"]}
POWER_MONITOR_RECORD {"timestamp_pacific": "2026-08-02T10:08:12.488-07:00", "status": "ok", "reasons": ["current_change"]}
POWER_MONITOR_RECORD {"timestamp_pacific": "2026-08-02T10:08:27.576-07:00", "status": "ok", "reasons": ["current_change"]}
POWER_MONITOR_RECORD {"timestamp_pacific": "2026-08-02T10:08:38.641-07:00", "status": "ok", "reasons": ["current_change"]}
POWER_MONITOR_RECORD {"timestamp_pacific": "2026-08-02T10:09:00.769-07:00", "status": "ok", "reasons": ["current_change"]}
POWER_MONITOR_RECORD {"timestamp_pacific": "2026-08-02T10:09:01.776-07:00", "status": "ok", "reasons": ["current_change"]}
POWER_MONITOR_RECORD {"timestamp_pacific": "2026-08-02T10:09:18.844-07:00", "status": "ok", "reasons": ["current_change"]}
POWER_MONITOR_RECORD {"timestamp_pacific": "2026-08-02T10:09:19.847-07:00", "status": "ok", "reasons": ["current_change"]}
POWER_MONITOR_RECORD {"timestamp_pacific": "2026-08-02T10:09:20.853-07:00", "status": "ok", "reasons": ["current_change"]}
POWER_MONITOR_RECORD {"timestamp_pacific": "2026-08-02T10:09:46.988-07:00", "status": "ok", "reasons": ["current_change"]}
POWER_MONITOR_RECORD {"timestamp_pacific": "2026-08-02T10:09:49.001-07:00", "status": "ok", "reasons": ["current_change"]}
POWER_MONITOR_RECORD {"timestamp_pacific": "2026-08-02T10:10:00.065-07:00", "status": "ok", "reasons": ["current_change"]}
POWER_MONITOR_RECORD {"timestamp_pacific": "2026-08-02T10:10:31.245-07:00", "status": "ok", "reasons": ["current_change"]}
POWER_MONITOR_RECORD {"timestamp_pacific": "2026-08-02T10:10:40.281-07:00", "status": "ok", "reasons": ["current_change"]}
POWER_MONITOR_RECORD {"timestamp_pacific": "2026-08-02T10:10:48.328-07:00", "status": "ok", "reasons": ["current_change"]}
POWER_MONITOR_RECORD {"timestamp_pacific": "2026-08-02T10:11:48.660-07:00", "status": "ok", "reasons": ["heartbeat"]}
POWER_MONITOR_RECORD {"timestamp_pacific": "2026-08-02T10:12:49.009-07:00", "status": "ok", "reasons": ["heartbeat"]}
POWER_MONITOR_RECORD {"timestamp_pacific": "2026-08-02T10:13:00.073-07:00", "status": "ok", "reasons": ["current_change"]}
POWER_MONITOR_RECORD {"timestamp_pacific": "2026-08-02T10:13:01.078-07:00", "status": "ok", "reasons": ["current_change"]}
POWER_MONITOR_RECORD {"timestamp_pacific": "2026-08-02T10:14:01.392-07:00", "status": "ok", "reasons": ["heartbeat"]}
POWER_MONITOR_RECORD {"timestamp_pacific": "2026-08-02T10:14:58.723-07:00", "status": "ok", "reasons": ["current_change"]}
POWER_MONITOR_RECORD {"timestamp_pacific": "2026-08-02T10:14:59.730-07:00", "status": "ok", "reasons": ["current_change"]}
POWER_MONITOR_RECORD {"timestamp_pacific": "2026-08-02T10:15:00.736-07:00", "status": "ok", "reasons": ["current_change"]}
POWER_MONITOR_RECORD {"timestamp_pacific": "2026-08-02T10:15:59.074-07:00", "status": "ok", "reasons": ["current_change"]}
POWER_MONITOR_RECORD {"timestamp_pacific": "2026-08-02T10:16:00.080-07:00", "status": "ok", "reasons": ["current_change"]}
POWER_MONITOR_RECORD {"timestamp_pacific": "2026-08-02T10:16:36.282-07:00", "status": "ok", "reasons": ["voltage_change"]}
POWER_MONITOR_RECORD {"timestamp_pacific": "2026-08-02T10:16:37.285-07:00", "status": "ok", "reasons": ["current_change", "voltage_change"]}
POWER_MONITOR_RECORD {"timestamp_pacific": "2026-08-02T10:16:39.290-07:00", "status": "ok", "reasons": ["current_change"]}
POWER_MONITOR_RECORD {"timestamp_pacific": "2026-08-02T10:16:40.296-07:00", "status": "ok", "reasons": ["current_change"]}
POWER_MONITOR_RECORD {"timestamp_pacific": "2026-08-02T10:16:41.302-07:00", "status": "ok", "reasons": ["current_change"]}
POWER_MONITOR_RECORD {"timestamp_pacific": "2026-08-02T10:16:51.361-07:00", "status": "ok", "reasons": ["current_change"]}
POWER_MONITOR_RECORD {"timestamp_pacific": "2026-08-02T10:16:52.368-07:00", "status": "ok", "reasons": ["current_change"]}
POWER_MONITOR_RECORD {"timestamp_pacific": "2026-08-02T10:17:19.525-07:00", "status": "ok", "reasons": ["current_change"]}
POWER_MONITOR_RECORD {"timestamp_pacific": "2026-08-02T10:17:48.677-07:00", "status": "ok", "reasons": ["current_change"]}
POWER_MONITOR_RECORD {"timestamp_pacific": "2026-08-02T10:18:07.787-07:00", "status": "ok", "reasons": ["current_change"]}
POWER_MONITOR_RECORD {"timestamp_pacific": "2026-08-02T10:18:12.817-07:00", "status": "ok", "reasons": ["current_change"]}
POWER_MONITOR_RECORD {"timestamp_pacific": "2026-08-02T10:18:13.827-07:00", "status": "ok", "reasons": ["current_change"]}
POWER_MONITOR_RECORD {"timestamp_pacific": "2026-08-02T10:18:41.973-07:00", "status": "ok", "reasons": ["current_change"]}
POWER_MONITOR_RECORD {"timestamp_pacific": "2026-08-02T10:18:56.055-07:00", "status": "ok", "reasons": ["current_change"]}
POWER_MONITOR_RECORD {"timestamp_pacific": "2026-08-02T10:19:06.113-07:00", "status": "ok", "reasons": ["current_change"]}
POWER_MONITOR_RECORD {"timestamp_pacific": "2026-08-02T10:19:07.120-07:00", "status": "ok", "reasons": ["current_change"]}
POWER_MONITOR_RECORD {"timestamp_pacific": "2026-08-02T10:19:57.394-07:00", "status": "ok", "reasons": ["current_change"]}
POWER_MONITOR_RECORD {"timestamp_pacific": "2026-08-02T10:19:59.406-07:00", "status": "ok", "reasons": ["current_change"]}
POWER_MONITOR_RECORD {"timestamp_pacific": "2026-08-02T10:20:06.447-07:00", "status": "ok", "reasons": ["current_change"]}
POWER_MONITOR_RECORD {"timestamp_pacific": "2026-08-02T10:20:11.477-07:00", "status": "ok", "reasons": ["current_change"]}
POWER_MONITOR_RECORD {"timestamp_pacific": "2026-08-02T10:20:35.616-07:00", "status": "ok", "reasons": ["current_change"]}
POWER_MONITOR_RECORD {"timestamp_pacific": "2026-08-02T10:20:46.667-07:00", "status": "ok", "reasons": ["current_change"]}
POWER_MONITOR_RECORD {"timestamp_pacific": "2026-08-02T10:20:47.673-07:00", "status": "ok", "reasons": ["current_change"]}
POWER_MONITOR_RECORD {"timestamp_pacific": "2026-08-02T10:21:46.010-07:00", "status": "ok", "reasons": ["current_change"]}
POWER_MONITOR_RECORD {"timestamp_pacific": "2026-08-02T10:21:50.034-07:00", "status": "ok", "reasons": ["current_change"]}
POWER_MONITOR_RECORD {"timestamp_pacific": "2026-08-02T10:21:55.063-07:00", "status": "ok", "reasons": ["current_change"]}
POWER_MONITOR_RECORD {"timestamp_pacific": "2026-08-02T10:22:04.121-07:00", "status": "ok", "reasons": ["current_change"]}
POWER_MONITOR_RECORD {"timestamp_pacific": "2026-08-02T10:23:04.469-07:00", "status": "ok", "reasons": ["heartbeat"]}
POWER_MONITOR_RECORD {"timestamp_pacific": "2026-08-02T10:23:05.479-07:00", "status": "ok", "reasons": ["current_change"]}
POWER_MONITOR_RECORD {"timestamp_pacific": "2026-08-02T10:23:57.764-07:00", "status": "ok", "reasons": ["current_change"]}
POWER_MONITOR_RECORD {"timestamp_pacific": "2026-08-02T10:23:58.771-07:00", "status": "ok", "reasons": ["current_change"]}
POWER_MONITOR_RECORD {"timestamp_pacific": "2026-08-02T10:24:59.101-07:00", "status": "ok", "reasons": ["heartbeat"]}
POWER_MONITOR_RECORD {"timestamp_pacific": "2026-08-02T10:25:07.146-07:00", "status": "ok", "reasons": ["current_change"]}
POWER_MONITOR_RECORD {"timestamp_pacific": "2026-08-02T10:25:16.198-07:00", "status": "ok", "reasons": ["current_change"]}
POWER_MONITOR_RECORD {"timestamp_pacific": "2026-08-02T10:25:31.286-07:00", "status": "ok", "reasons": ["current_change"]}
POWER_MONITOR_RECORD {"timestamp_pacific": "2026-08-02T10:25:32.293-07:00", "status": "ok", "reasons": ["current_change"]}
POWER_MONITOR_RECORD {"timestamp_pacific": "2026-08-02T10:26:24.593-07:00", "status": "ok", "reasons": ["current_change"]}
POWER_MONITOR_RECORD {"timestamp_pacific": "2026-08-02T10:26:35.658-07:00", "status": "ok", "reasons": ["current_change"]}
POWER_MONITOR_RECORD {"timestamp_pacific": "2026-08-02T10:26:50.746-07:00", "status": "ok", "reasons": ["current_change"]}
POWER_MONITOR_RECORD {"timestamp_pacific": "2026-08-02T10:27:15.891-07:00", "status": "ok", "reasons": ["current_change"]}
POWER_MONITOR_RECORD {"timestamp_pacific": "2026-08-02T10:27:21.927-07:00", "status": "ok", "reasons": ["current_change"]}
POWER_MONITOR_RECORD {"timestamp_pacific": "2026-08-02T10:27:24.945-07:00", "status": "ok", "reasons": ["current_change"]}
POWER_MONITOR_RECORD {"timestamp_pacific": "2026-08-02T10:27:25.952-07:00", "status": "ok", "reasons": ["current_change"]}
POWER_MONITOR_RECORD {"timestamp_pacific": "2026-08-02T10:27:27.964-07:00", "status": "ok", "reasons": ["current_change"]}
POWER_MONITOR_RECORD {"timestamp_pacific": "2026-08-02T10:27:40.034-07:00", "status": "ok", "reasons": ["current_change"]}
POWER_MONITOR_RECORD {"timestamp_pacific": "2026-08-02T10:28:25.295-07:00", "status": "ok", "reasons": ["current_change"]}
POWER_MONITOR_RECORD {"timestamp_pacific": "2026-08-02T10:28:34.348-07:00", "status": "ok", "reasons": ["current_change"]}
POWER_MONITOR_RECORD {"timestamp_pacific": "2026-08-02T10:29:16.574-07:00", "status": "ok", "reasons": ["current_change"]}
POWER_MONITOR_RECORD {"timestamp_pacific": "2026-08-02T10:29:22.610-07:00", "status": "ok", "reasons": ["current_change"]}
POWER_MONITOR_RECORD {"timestamp_pacific": "2026-08-02T10:30:22.940-07:00", "status": "ok", "reasons": ["heartbeat"]}
POWER_MONITOR_RECORD {"timestamp_pacific": "2026-08-02T10:30:56.133-07:00", "status": "ok", "reasons": ["current_change"]}
POWER_MONITOR_RECORD {"timestamp_pacific": "2026-08-02T10:30:57.139-07:00", "status": "ok", "reasons": ["current_change"]}
POWER_MONITOR_RECORD {"timestamp_pacific": "2026-08-02T10:31:57.469-07:00", "status": "ok", "reasons": ["heartbeat"]}
POWER_MONITOR_RECORD {"timestamp_pacific": "2026-08-02T10:32:42.712-07:00", "status": "ok", "reasons": ["current_change"]}
POWER_MONITOR_RECORD {"timestamp_pacific": "2026-08-02T10:32:45.730-07:00", "status": "ok", "reasons": ["current_change"]}
POWER_MONITOR_RECORD {"timestamp_pacific": "2026-08-02T10:33:46.061-07:00", "status": "ok", "reasons": ["current_change"]}
POWER_MONITOR_RECORD {"timestamp_pacific": "2026-08-02T10:34:46.407-07:00", "status": "ok", "reasons": ["heartbeat"]}
POWER_MONITOR_RECORD {"timestamp_pacific": "2026-08-02T10:35:12.558-07:00", "status": "ok", "reasons": ["current_change"]}
POWER_MONITOR_RECORD {"timestamp_pacific": "2026-08-02T10:35:13.565-07:00", "status": "ok", "reasons": ["current_change"]}
POWER_MONITOR_RECORD {"timestamp_pacific": "2026-08-02T10:35:16.583-07:00", "status": "ok", "reasons": ["current_change"]}
POWER_MONITOR_RECORD {"timestamp_pacific": "2026-08-02T10:35:23.625-07:00", "status": "ok", "reasons": ["current_change"]}
POWER_MONITOR_RECORD {"timestamp_pacific": "2026-08-02T10:35:32.678-07:00", "status": "ok", "reasons": ["current_change"]}
POWER_MONITOR_RECORD {"timestamp_pacific": "2026-08-02T10:35:36.702-07:00", "status": "ok", "reasons": ["current_change"]}
POWER_MONITOR_RECORD {"timestamp_pacific": "2026-08-02T10:35:39.720-07:00", "status": "ok", "reasons": ["current_change"]}
POWER_MONITOR_RECORD {"timestamp_pacific": "2026-08-02T10:35:50.785-07:00", "status": "ok", "reasons": ["current_change"]}
POWER_MONITOR_RECORD {"timestamp_pacific": "2026-08-02T10:35:53.803-07:00", "status": "ok", "reasons": ["current_change"]}
POWER_MONITOR_RECORD {"timestamp_pacific": "2026-08-02T10:36:31.019-07:00", "status": "ok", "reasons": ["current_change"]}
POWER_MONITOR_RECORD {"timestamp_pacific": "2026-08-02T10:36:36.047-07:00", "status": "ok", "reasons": ["current_change"]}
POWER_MONITOR_RECORD {"timestamp_pacific": "2026-08-02T10:37:01.180-07:00", "status": "ok", "reasons": ["current_change"]}
POWER_MONITOR_RECORD {"timestamp_pacific": "2026-08-02T10:37:02.186-07:00", "status": "ok", "reasons": ["current_change"]}
POWER_MONITOR_RECORD {"timestamp_pacific": "2026-08-02T10:37:16.268-07:00", "status": "ok", "reasons": ["current_change"]}
POWER_MONITOR_RECORD {"timestamp_pacific": "2026-08-02T10:37:22.303-07:00", "status": "ok", "reasons": ["current_change"]}
POWER_MONITOR_RECORD {"timestamp_pacific": "2026-08-02T10:37:48.438-07:00", "status": "ok", "reasons": ["current_change"]}
POWER_MONITOR_RECORD {"timestamp_pacific": "2026-08-02T10:37:49.444-07:00", "status": "ok", "reasons": ["current_change"]}
POWER_MONITOR_RECORD {"timestamp_pacific": "2026-08-02T10:38:00.509-07:00", "status": "ok", "reasons": ["current_change"]}
POWER_MONITOR_RECORD {"timestamp_pacific": "2026-08-02T10:38:07.550-07:00", "status": "ok", "reasons": ["current_change"]}
POWER_MONITOR_RECORD {"timestamp_pacific": "2026-08-02T10:38:14.591-07:00", "status": "ok", "reasons": ["current_change"]}
POWER_MONITOR_RECORD {"timestamp_pacific": "2026-08-02T10:38:41.731-07:00", "status": "ok", "reasons": ["current_change"]}
POWER_MONITOR_RECORD {"timestamp_pacific": "2026-08-02T10:39:42.080-07:00", "status": "ok", "reasons": ["heartbeat"]}
POWER_MONITOR_RECORD {"timestamp_pacific": "2026-08-02T10:40:42.413-07:00", "status": "ok", "reasons": ["heartbeat"]}
POWER_MONITOR_RECORD {"timestamp_pacific": "2026-08-02T10:40:58.507-07:00", "status": "ok", "reasons": ["current_change"]}
POWER_MONITOR_RECORD {"timestamp_pacific": "2026-08-02T10:40:59.513-07:00", "status": "ok", "reasons": ["current_change"]}
POWER_MONITOR_RECORD {"timestamp_pacific": "2026-08-02T10:41:59.845-07:00", "status": "ok", "reasons": ["heartbeat"]}
POWER_MONITOR_RECORD {"timestamp_pacific": "2026-08-02T10:43:00.194-07:00", "status": "ok", "reasons": ["heartbeat"]}
POWER_MONITOR_RECORD {"timestamp_pacific": "2026-08-02T10:43:57.526-07:00", "status": "ok", "reasons": ["current_change"]}
POWER_MONITOR_RECORD {"timestamp_pacific": "2026-08-02T10:43:58.533-07:00", "status": "ok", "reasons": ["current_change"]}
POWER_MONITOR_RECORD {"timestamp_pacific": "2026-08-02T10:44:36.747-07:00", "status": "ok", "reasons": ["current_change"]}
POWER_MONITOR_RECORD {"timestamp_pacific": "2026-08-02T10:44:39.755-07:00", "status": "ok", "reasons": ["current_change"]}
POWER_MONITOR_RECORD {"timestamp_pacific": "2026-08-02T10:44:58.866-07:00", "status": "ok", "reasons": ["current_change"]}
POWER_MONITOR_RECORD {"timestamp_pacific": "2026-08-02T10:45:16.971-07:00", "status": "ok", "reasons": ["current_change"]}
POWER_MONITOR_RECORD {"timestamp_pacific": "2026-08-02T10:45:19.989-07:00", "status": "ok", "reasons": ["current_change"]}
POWER_MONITOR_RECORD {"timestamp_pacific": "2026-08-02T10:45:53.165-07:00", "status": "ok", "reasons": ["current_change"]}
POWER_MONITOR_RECORD {"timestamp_pacific": "2026-08-02T10:45:54.171-07:00", "status": "ok", "reasons": ["current_change"]}
POWER_MONITOR_RECORD {"timestamp_pacific": "2026-08-02T10:46:16.300-07:00", "status": "ok", "reasons": ["current_change"]}
POWER_MONITOR_RECORD {"timestamp_pacific": "2026-08-02T10:46:17.306-07:00", "status": "ok", "reasons": ["current_change"]}
POWER_MONITOR_RECORD {"timestamp_pacific": "2026-08-02T10:46:46.476-07:00", "status": "ok", "reasons": ["current_change", "power_change"]}
POWER_MONITOR_RECORD {"timestamp_pacific": "2026-08-02T10:46:50.499-07:00", "status": "ok", "reasons": ["current_change"]}
POWER_MONITOR_RECORD {"timestamp_pacific": "2026-08-02T10:46:52.512-07:00", "status": "ok", "reasons": ["current_change"]}
POWER_MONITOR_RECORD {"timestamp_pacific": "2026-08-02T10:46:58.547-07:00", "status": "ok", "reasons": ["current_change"]}
POWER_MONITOR_RECORD {"timestamp_pacific": "2026-08-02T10:47:00.560-07:00", "status": "ok", "reasons": ["current_change"]}
POWER_MONITOR_RECORD {"timestamp_pacific": "2026-08-02T10:47:02.572-07:00", "status": "ok", "reasons": ["current_change"]}
POWER_MONITOR_RECORD {"timestamp_pacific": "2026-08-02T10:47:09.614-07:00", "status": "ok", "reasons": ["current_change"]}
POWER_MONITOR_RECORD {"timestamp_pacific": "2026-08-02T10:47:10.620-07:00", "status": "ok", "reasons": ["current_change"]}
POWER_MONITOR_RECORD {"timestamp_pacific": "2026-08-02T10:47:11.627-07:00", "status": "ok", "reasons": ["current_change"]}
POWER_MONITOR_RECORD {"timestamp_pacific": "2026-08-02T10:47:15.651-07:00", "status": "ok", "reasons": ["current_change"]}
POWER_MONITOR_RECORD {"timestamp_pacific": "2026-08-02T10:47:16.657-07:00", "status": "ok", "reasons": ["current_change"]}
POWER_MONITOR_RECORD {"timestamp_pacific": "2026-08-02T10:47:18.670-07:00", "status": "ok", "reasons": ["current_change"]}
POWER_MONITOR_RECORD {"timestamp_pacific": "2026-08-02T10:47:21.688-07:00", "status": "ok", "reasons": ["current_change"]}
POWER_MONITOR_RECORD {"timestamp_pacific": "2026-08-02T10:47:22.694-07:00", "status": "ok", "reasons": ["current_change"]}
POWER_MONITOR_RECORD {"timestamp_pacific": "2026-08-02T10:47:25.713-07:00", "status": "ok", "reasons": ["current_change"]}
POWER_MONITOR_RECORD {"timestamp_pacific": "2026-08-02T10:47:27.725-07:00", "status": "ok", "reasons": ["current_change"]}
POWER_MONITOR_RECORD {"timestamp_pacific": "2026-08-02T10:47:29.738-07:00", "status": "ok", "reasons": ["current_change"]}
POWER_MONITOR_RECORD {"timestamp_pacific": "2026-08-02T10:47:33.762-07:00", "status": "ok", "reasons": ["current_change"]}
POWER_MONITOR_RECORD {"timestamp_pacific": "2026-08-02T10:48:34.112-07:00", "status": "ok", "reasons": ["heartbeat"]}
POWER_MONITOR_RECORD {"timestamp_pacific": "2026-08-02T10:49:34.444-07:00", "status": "ok", "reasons": ["heartbeat"]}
POWER_MONITOR_RECORD {"timestamp_pacific": "2026-08-02T10:50:15.666-07:00", "status": "ok", "reasons": ["current_change", "power_change", "heater_off"]}
POWER_MONITOR_RECORD {"timestamp_pacific": "2026-08-02T10:51:16.014-07:00", "status": "ok", "reasons": ["heartbeat"]}
POWER_MONITOR_RECORD {"timestamp_pacific": "2026-08-02T10:52:16.361-07:00", "status": "ok", "reasons": ["heartbeat"]}
POWER_MONITOR_RECORD {"timestamp_pacific": "2026-08-02T10:53:16.692-07:00", "status": "ok", "reasons": ["heartbeat"]}
POWER_MONITOR_RECORD {"timestamp_pacific": "2026-08-02T10:54:17.041-07:00", "status": "ok", "reasons": ["heartbeat"]}
POWER_MONITOR_RECORD {"timestamp_pacific": "2026-08-02T10:55:17.372-07:00", "status": "ok", "reasons": ["heartbeat"]}
POWER_MONITOR_RECORD {"timestamp_pacific": "2026-08-02T10:56:17.719-07:00", "status": "ok", "reasons": ["heartbeat"]}
POWER_MONITOR_RECORD {"timestamp_pacific": "2026-08-02T10:57:18.017-07:00", "status": "ok", "reasons": ["heartbeat"]}
POWER_MONITOR_RECORD {"timestamp_pacific": "2026-08-02T10:58:18.348-07:00", "status": "ok", "reasons": ["heartbeat"]}
POWER_MONITOR_RECORD {"timestamp_pacific": "2026-08-02T10:59:18.678-07:00", "status": "ok", "reasons": ["heartbeat"]}
POWER_MONITOR_RECORD {"timestamp_pacific": "2026-08-02T11:00:19.025-07:00", "status": "ok", "reasons": ["heartbeat"]}
POWER_MONITOR_RECORD {"timestamp_pacific": "2026-08-02T11:01:19.356-07:00", "status": "ok", "reasons": ["heartbeat"]}
POWER_MONITOR_RECORD {"timestamp_pacific": "2026-08-02T11:02:19.688-07:00", "status": "ok", "reasons": ["heartbeat"]}
POWER_MONITOR_RECORD {"timestamp_pacific": "2026-08-02T11:03:20.035-07:00", "status": "ok", "reasons": ["heartbeat"]}
POWER_MONITOR_RECORD {"timestamp_pacific": "2026-08-02T11:04:20.384-07:00", "status": "ok", "reasons": ["heartbeat"]}
POWER_MONITOR_RECORD {"timestamp_pacific": "2026-08-02T11:05:20.715-07:00", "status": "ok", "reasons": ["heartbeat"]}
POWER_MONITOR_RECORD {"timestamp_pacific": "2026-08-02T11:06:21.063-07:00", "status": "ok", "reasons": ["heartbeat"]}
POWER_MONITOR_RECORD {"timestamp_pacific": "2026-08-02T11:07:21.411-07:00", "status": "ok", "reasons": ["heartbeat"]}
POWER_MONITOR_RECORD {"timestamp_pacific": "2026-08-02T11:08:21.743-07:00", "status": "ok", "reasons": ["heartbeat"]}
POWER_MONITOR_RECORD {"timestamp_pacific": "2026-08-02T11:09:22.075-07:00", "status": "ok", "reasons": ["heartbeat"]}
POWER_MONITOR_RECORD {"timestamp_pacific": "2026-08-02T11:10:22.424-07:00", "status": "ok", "reasons": ["heartbeat"]}
POWER_MONITOR_RECORD {"timestamp_pacific": "2026-08-02T11:11:22.774-07:00", "status": "ok", "reasons": ["heartbeat"]}
POWER_MONITOR_RECORD {"timestamp_pacific": "2026-08-02T11:12:23.123-07:00", "status": "ok", "reasons": ["heartbeat"]}
POWER_MONITOR_RECORD {"timestamp_pacific": "2026-08-02T11:13:23.455-07:00", "status": "ok", "reasons": ["heartbeat"]}
POWER_MONITOR_RECORD {"timestamp_pacific": "2026-08-02T11:14:23.787-07:00", "status": "ok", "reasons": ["heartbeat"]}
POWER_MONITOR_RECORD {"timestamp_pacific": "2026-08-02T11:15:24.120-07:00", "status": "ok", "reasons": ["heartbeat"]}
POWER_MONITOR_RECORD {"timestamp_pacific": "2026-08-02T11:16:24.450-07:00", "status": "ok", "reasons": ["heartbeat"]}
POWER_MONITOR_RECORD {"timestamp_pacific": "2026-08-02T11:17:24.782-07:00", "status": "ok", "reasons": ["heartbeat"]}
POWER_MONITOR_RECORD {"timestamp_pacific": "2026-08-02T11:18:25.131-07:00", "status": "ok", "reasons": ["heartbeat"]}
POWER_MONITOR_RECORD {"timestamp_pacific": "2026-08-02T11:19:25.478-07:00", "status": "ok", "reasons": ["heartbeat"]}
POWER_MONITOR_RECORD {"timestamp_pacific": "2026-08-02T11:20:25.827-07:00", "status": "ok", "reasons": ["heartbeat"]}
POWER_MONITOR_RECORD {"timestamp_pacific": "2026-08-02T11:21:26.159-07:00", "status": "ok", "reasons": ["heartbeat"]}
POWER_MONITOR_RECORD {"timestamp_pacific": "2026-08-02T11:22:26.506-07:00", "status": "ok", "reasons": ["heartbeat"]}
POWER_MONITOR_RECORD {"timestamp_pacific": "2026-08-02T11:23:26.855-07:00", "status": "ok", "reasons": ["heartbeat"]}
POWER_MONITOR_RECORD {"timestamp_pacific": "2026-08-02T11:24:27.201-07:00", "status": "ok", "reasons": ["heartbeat"]}
POWER_MONITOR_RECORD {"timestamp_pacific": "2026-08-02T11:25:27.532-07:00", "status": "ok", "reasons": ["heartbeat"]}
POWER_MONITOR_RECORD {"timestamp_pacific": "2026-08-02T11:26:27.881-07:00", "status": "ok", "reasons": ["heartbeat"]}
POWER_MONITOR_RECORD {"timestamp_pacific": "2026-08-02T11:27:28.229-07:00", "status": "ok", "reasons": ["heartbeat"]}
POWER_MONITOR_RECORD {"timestamp_pacific": "2026-08-02T11:28:28.576-07:00", "status": "ok", "reasons": ["heartbeat"]}
POWER_MONITOR_RECORD {"timestamp_pacific": "2026-08-02T11:29:28.907-07:00", "status": "ok", "reasons": ["heartbeat"]}
POWER_MONITOR_RECORD {"timestamp_pacific": "2026-08-02T11:30:29.254-07:00", "status": "ok", "reasons": ["heartbeat"]}
POWER_MONITOR_RECORD {"timestamp_pacific": "2026-08-02T11:31:29.600-07:00", "status": "ok", "reasons": ["heartbeat"]}
POWER_MONITOR_RECORD {"timestamp_pacific": "2026-08-02T11:32:29.948-07:00", "status": "ok", "reasons": ["heartbeat"]}
POWER_MONITOR_RECORD {"timestamp_pacific": "2026-08-02T11:33:30.278-07:00", "status": "ok", "reasons": ["heartbeat"]}
POWER_MONITOR_RECORD {"timestamp_pacific": "2026-08-02T11:34:30.609-07:00", "status": "ok", "reasons": ["heartbeat"]}
POWER_MONITOR_RECORD {"timestamp_pacific": "2026-08-02T11:35:30.957-07:00", "status": "ok", "reasons": ["heartbeat"]}
POWER_MONITOR_RECORD {"timestamp_pacific": "2026-08-02T11:36:31.303-07:00", "status": "ok", "reasons": ["heartbeat"]}
POWER_MONITOR_RECORD {"timestamp_pacific": "2026-08-02T11:37:31.634-07:00", "status": "ok", "reasons": ["heartbeat"]}
POWER_MONITOR_RECORD {"timestamp_pacific": "2026-08-02T11:38:31.982-07:00", "status": "ok", "reasons": ["heartbeat"]}
POWER_MONITOR_RECORD {"timestamp_pacific": "2026-08-02T11:39:32.312-07:00", "status": "ok", "reasons": ["heartbeat"]}
POWER_MONITOR_RECORD {"timestamp_pacific": "2026-08-02T11:40:32.657-07:00", "status": "ok", "reasons": ["heartbeat"]}
POWER_MONITOR_RECORD {"timestamp_pacific": "2026-08-02T11:41:33.004-07:00", "status": "ok", "reasons": ["heartbeat"]}
POWER_MONITOR_RECORD {"timestamp_pacific": "2026-08-02T11:42:33.333-07:00", "status": "ok", "reasons": ["heartbeat"]}
POWER_MONITOR_RECORD {"timestamp_pacific": "2026-08-02T11:43:33.678-07:00", "status": "ok", "reasons": ["heartbeat"]}
POWER_MONITOR_RECORD {"timestamp_pacific": "2026-08-02T11:44:34.025-07:00", "status": "ok", "reasons": ["heartbeat"]}
POWER_MONITOR_RECORD {"timestamp_pacific": "2026-08-02T11:45:34.373-07:00", "status": "ok", "reasons": ["heartbeat"]}
POWER_MONITOR_RECORD {"timestamp_pacific": "2026-08-02T11:46:34.721-07:00", "status": "ok", "reasons": ["heartbeat"]}
POWER_MONITOR_RECORD {"timestamp_pacific": "2026-08-02T11:47:35.051-07:00", "status": "ok", "reasons": ["heartbeat"]}
POWER_MONITOR_RECORD {"timestamp_pacific": "2026-08-02T11:48:35.378-07:00", "status": "ok", "reasons": ["heartbeat"]}
POWER_MONITOR_RECORD {"timestamp_pacific": "2026-08-02T11:49:35.713-07:00", "status": "ok", "reasons": ["heartbeat"]}
POWER_MONITOR_RECORD {"timestamp_pacific": "2026-08-02T11:50:36.061-07:00", "status": "ok", "reasons": ["heartbeat"]}
POWER_MONITOR_RECORD {"timestamp_pacific": "2026-08-02T11:51:36.402-07:00", "status": "ok", "reasons": ["heartbeat"]}
POWER_MONITOR_RECORD {"timestamp_pacific": "2026-08-02T11:52:36.732-07:00", "status": "ok", "reasons": ["heartbeat"]}
POWER_MONITOR_RECORD {"timestamp_pacific": "2026-08-02T11:53:37.069-07:00", "status": "ok", "reasons": ["heartbeat"]}
POWER_MONITOR_RECORD {"timestamp_pacific": "2026-08-02T11:54:37.414-07:00", "status": "ok", "reasons": ["heartbeat"]}
POWER_MONITOR_RECORD {"timestamp_pacific": "2026-08-02T11:55:37.750-07:00", "status": "ok", "reasons": ["heartbeat"]}
POWER_MONITOR_RECORD {"timestamp_pacific": "2026-08-02T11:56:38.090-07:00", "status": "ok", "reasons": ["heartbeat"]}
POWER_MONITOR_RECORD {"timestamp_pacific": "2026-08-02T11:57:38.436-07:00", "status": "ok", "reasons": ["heartbeat"]}
POWER_MONITOR_RECORD {"timestamp_pacific": "2026-08-02T11:58:38.769-07:00", "status": "ok", "reasons": ["heartbeat"]}
POWER_MONITOR_RECORD {"timestamp_pacific": "2026-08-02T11:59:39.098-07:00", "status": "ok", "reasons": ["heartbeat"]}
POWER_MONITOR_RECORD {"timestamp_pacific": "2026-08-02T12:00:39.427-07:00", "status": "ok", "reasons": ["heartbeat"]}
POWER_MONITOR_RECORD {"timestamp_pacific": "2026-08-02T12:01:39.768-07:00", "status": "ok", "reasons": ["heartbeat"]}
POWER_MONITOR_RECORD {"timestamp_pacific": "2026-08-02T12:02:40.118-07:00", "status": "ok", "reasons": ["heartbeat"]}
POWER_MONITOR_RECORD {"timestamp_pacific": "2026-08-02T12:03:35.443-07:00", "status": "ok", "reasons": ["current_change", "power_change", "heater_on"]}
POWER_MONITOR_RECORD {"timestamp_pacific": "2026-08-02T12:03:38.461-07:00", "status": "ok", "reasons": ["current_change"]}
POWER_MONITOR_RECORD {"timestamp_pacific": "2026-08-02T12:03:40.474-07:00", "status": "ok", "reasons": ["current_change"]}
POWER_MONITOR_RECORD {"timestamp_pacific": "2026-08-02T12:03:43.492-07:00", "status": "ok", "reasons": ["current_change"]}
POWER_MONITOR_RECORD {"timestamp_pacific": "2026-08-02T12:04:05.620-07:00", "status": "ok", "reasons": ["current_change"]}
POWER_MONITOR_RECORD {"timestamp_pacific": "2026-08-02T12:04:09.644-07:00", "status": "ok", "reasons": ["current_change"]}
POWER_MONITOR_RECORD {"timestamp_pacific": "2026-08-02T12:04:10.651-07:00", "status": "ok", "reasons": ["current_change"]}
POWER_MONITOR_RECORD {"timestamp_pacific": "2026-08-02T12:04:12.663-07:00", "status": "ok", "reasons": ["current_change"]}
POWER_MONITOR_RECORD {"timestamp_pacific": "2026-08-02T12:04:19.705-07:00", "status": "ok", "reasons": ["current_change"]}
POWER_MONITOR_RECORD {"timestamp_pacific": "2026-08-02T12:04:21.717-07:00", "status": "ok", "reasons": ["current_change"]}
POWER_MONITOR_RECORD {"timestamp_pacific": "2026-08-02T12:04:22.724-07:00", "status": "ok", "reasons": ["current_change"]}
POWER_MONITOR_RECORD {"timestamp_pacific": "2026-08-02T12:04:26.748-07:00", "status": "ok", "reasons": ["current_change"]}
POWER_MONITOR_RECORD {"timestamp_pacific": "2026-08-02T12:04:39.789-07:00", "status": "ok", "reasons": ["current_change", "power_change"]}
POWER_MONITOR_RECORD {"timestamp_pacific": "2026-08-02T12:04:40.796-07:00", "status": "ok", "reasons": ["current_change", "power_change"]}
POWER_MONITOR_RECORD {"timestamp_pacific": "2026-08-02T12:04:41.802-07:00", "status": "ok", "reasons": ["current_change"]}
POWER_MONITOR_RECORD {"timestamp_pacific": "2026-08-02T12:04:42.805-07:00", "status": "ok", "reasons": ["current_change", "power_change"]}
POWER_MONITOR_RECORD {"timestamp_pacific": "2026-08-02T12:04:43.808-07:00", "status": "ok", "reasons": ["current_change"]}
POWER_MONITOR_RECORD {"timestamp_pacific": "2026-08-02T12:04:48.828-07:00", "status": "ok", "reasons": ["current_change"]}
POWER_MONITOR_RECORD {"timestamp_pacific": "2026-08-02T12:04:49.834-07:00", "status": "ok", "reasons": ["current_change"]}
POWER_MONITOR_RECORD {"timestamp_pacific": "2026-08-02T12:04:52.852-07:00", "status": "ok", "reasons": ["current_change"]}
POWER_MONITOR_RECORD {"timestamp_pacific": "2026-08-02T12:04:53.859-07:00", "status": "ok", "reasons": ["current_change", "power_change"]}
POWER_MONITOR_RECORD {"timestamp_pacific": "2026-08-02T12:04:54.865-07:00", "status": "ok", "reasons": ["current_change", "power_change"]}
POWER_MONITOR_RECORD {"timestamp_pacific": "2026-08-02T12:04:55.872-07:00", "status": "ok", "reasons": ["current_change"]}
POWER_MONITOR_RECORD {"timestamp_pacific": "2026-08-02T12:04:57.884-07:00", "status": "ok", "reasons": ["current_change", "power_change"]}
POWER_MONITOR_RECORD {"timestamp_pacific": "2026-08-02T12:04:58.892-07:00", "status": "ok", "reasons": ["current_change"]}
POWER_MONITOR_RECORD {"timestamp_pacific": "2026-08-02T12:04:59.899-07:00", "status": "ok", "reasons": ["current_change"]}
POWER_MONITOR_RECORD {"timestamp_pacific": "2026-08-02T12:05:00.905-07:00", "status": "ok", "reasons": ["current_change"]}
POWER_MONITOR_RECORD {"timestamp_pacific": "2026-08-02T12:05:07.946-07:00", "status": "ok", "reasons": ["current_change"]}
POWER_MONITOR_RECORD {"timestamp_pacific": "2026-08-02T12:05:19.017-07:00", "status": "ok", "reasons": ["current_change"]}
POWER_MONITOR_RECORD {"timestamp_pacific": "2026-08-02T12:05:26.059-07:00", "status": "ok", "reasons": ["current_change"]}
POWER_MONITOR_RECORD {"timestamp_pacific": "2026-08-02T12:05:29.077-07:00", "status": "ok", "reasons": ["current_change"]}
POWER_MONITOR_RECORD {"timestamp_pacific": "2026-08-02T12:05:38.120-07:00", "status": "ok", "reasons": ["current_change"]}
POWER_MONITOR_RECORD {"timestamp_pacific": "2026-08-02T12:05:49.177-07:00", "status": "ok", "reasons": ["current_change"]}
POWER_MONITOR_RECORD {"timestamp_pacific": "2026-08-02T12:06:09.294-07:00", "status": "ok", "reasons": ["current_change"]}
POWER_MONITOR_RECORD {"timestamp_pacific": "2026-08-02T12:06:10.301-07:00", "status": "ok", "reasons": ["current_change"]}
POWER_MONITOR_RECORD {"timestamp_pacific": "2026-08-02T12:06:22.371-07:00", "status": "ok", "reasons": ["current_change"]}
POWER_MONITOR_RECORD {"timestamp_pacific": "2026-08-02T12:06:24.384-07:00", "status": "ok", "reasons": ["current_change"]}
POWER_MONITOR_RECORD {"timestamp_pacific": "2026-08-02T12:06:25.390-07:00", "status": "ok", "reasons": ["current_change"]}
POWER_MONITOR_RECORD {"timestamp_pacific": "2026-08-02T12:06:34.443-07:00", "status": "ok", "reasons": ["current_change"]}
POWER_MONITOR_RECORD {"timestamp_pacific": "2026-08-02T12:06:48.525-07:00", "status": "ok", "reasons": ["current_change"]}
POWER_MONITOR_RECORD {"timestamp_pacific": "2026-08-02T12:06:49.532-07:00", "status": "ok", "reasons": ["current_change"]}
POWER_MONITOR_RECORD {"timestamp_pacific": "2026-08-02T12:06:54.562-07:00", "status": "ok", "reasons": ["current_change"]}
POWER_MONITOR_RECORD {"timestamp_pacific": "2026-08-02T12:07:23.731-07:00", "status": "ok", "reasons": ["current_change"]}
POWER_MONITOR_RECORD {"timestamp_pacific": "2026-08-02T12:07:24.738-07:00", "status": "ok", "reasons": ["current_change"]}
POWER_MONITOR_RECORD {"timestamp_pacific": "2026-08-02T12:07:38.828-07:00", "status": "ok", "reasons": ["current_change"]}
POWER_MONITOR_RECORD {"timestamp_pacific": "2026-08-02T12:07:41.846-07:00", "status": "ok", "reasons": ["current_change"]}
POWER_MONITOR_RECORD {"timestamp_pacific": "2026-08-02T12:08:16.044-07:00", "status": "ok", "reasons": ["current_change"]}
POWER_MONITOR_RECORD {"timestamp_pacific": "2026-08-02T12:08:19.062-07:00", "status": "ok", "reasons": ["current_change"]}
POWER_MONITOR_RECORD {"timestamp_pacific": "2026-08-02T12:08:21.075-07:00", "status": "ok", "reasons": ["current_change"]}
POWER_MONITOR_RECORD {"timestamp_pacific": "2026-08-02T12:08:38.164-07:00", "status": "ok", "reasons": ["current_change"]}
POWER_MONITOR_RECORD {"timestamp_pacific": "2026-08-02T12:08:39.167-07:00", "status": "ok", "reasons": ["current_change"]}
POWER_MONITOR_RECORD {"timestamp_pacific": "2026-08-02T12:08:42.181-07:00", "status": "ok", "reasons": ["current_change"]}
POWER_MONITOR_RECORD {"timestamp_pacific": "2026-08-02T12:08:50.229-07:00", "status": "ok", "reasons": ["current_change"]}
POWER_MONITOR_RECORD {"timestamp_pacific": "2026-08-02T12:09:04.311-07:00", "status": "ok", "reasons": ["current_change"]}
POWER_MONITOR_RECORD {"timestamp_pacific": "2026-08-02T12:09:25.417-07:00", "status": "ok", "reasons": ["current_change"]}
POWER_MONITOR_RECORD {"timestamp_pacific": "2026-08-02T12:10:25.773-07:00", "status": "ok", "reasons": ["heartbeat"]}
POWER_MONITOR_RECORD {"timestamp_pacific": "2026-08-02T12:10:37.843-07:00", "status": "ok", "reasons": ["current_change"]}
POWER_MONITOR_RECORD {"timestamp_pacific": "2026-08-02T12:10:38.850-07:00", "status": "ok", "reasons": ["current_change"]}
POWER_MONITOR_RECORD {"timestamp_pacific": "2026-08-02T12:11:39.186-07:00", "status": "ok", "reasons": ["heartbeat"]}
POWER_MONITOR_RECORD {"timestamp_pacific": "2026-08-02T12:12:32.499-07:00", "status": "ok", "reasons": ["current_change"]}
POWER_MONITOR_RECORD {"timestamp_pacific": "2026-08-02T12:12:37.529-07:00", "status": "ok", "reasons": ["current_change"]}
POWER_MONITOR_RECORD {"timestamp_pacific": "2026-08-02T12:12:38.536-07:00", "status": "ok", "reasons": ["current_change"]}
POWER_MONITOR_RECORD {"timestamp_pacific": "2026-08-02T12:12:39.542-07:00", "status": "ok", "reasons": ["current_change"]}
POWER_MONITOR_RECORD {"timestamp_pacific": "2026-08-02T12:13:01.671-07:00", "status": "ok", "reasons": ["current_change"]}
POWER_MONITOR_RECORD {"timestamp_pacific": "2026-08-02T12:14:02.005-07:00", "status": "ok", "reasons": ["heartbeat"]}
POWER_MONITOR_RECORD {"timestamp_pacific": "2026-08-02T12:14:37.210-07:00", "status": "ok", "reasons": ["current_change"]}
POWER_MONITOR_RECORD {"timestamp_pacific": "2026-08-02T12:14:38.212-07:00", "status": "ok", "reasons": ["current_change"]}
POWER_MONITOR_RECORD {"timestamp_pacific": "2026-08-02T12:15:38.542-07:00", "status": "ok", "reasons": ["heartbeat"]}
POWER_MONITOR_RECORD {"timestamp_pacific": "2026-08-02T12:15:39.545-07:00", "status": "ok", "reasons": ["current_change"]}
POWER_MONITOR_RECORD {"timestamp_pacific": "2026-08-02T12:15:40.551-07:00", "status": "ok", "reasons": ["current_change"]}
POWER_MONITOR_RECORD {"timestamp_pacific": "2026-08-02T12:15:50.610-07:00", "status": "ok", "reasons": ["current_change"]}
POWER_MONITOR_RECORD {"timestamp_pacific": "2026-08-02T12:15:53.628-07:00", "status": "ok", "reasons": ["current_change"]}
POWER_MONITOR_RECORD {"timestamp_pacific": "2026-08-02T12:16:01.675-07:00", "status": "ok", "reasons": ["current_change"]}
POWER_MONITOR_RECORD {"timestamp_pacific": "2026-08-02T12:17:02.032-07:00", "status": "ok", "reasons": ["heartbeat"]}
POWER_MONITOR_RECORD {"timestamp_pacific": "2026-08-02T12:18:02.381-07:00", "status": "ok", "reasons": ["heartbeat"]}
POWER_MONITOR_RECORD {"timestamp_pacific": "2026-08-02T12:18:05.399-07:00", "status": "ok", "reasons": ["current_change"]}
POWER_MONITOR_RECORD {"timestamp_pacific": "2026-08-02T12:18:06.405-07:00", "status": "ok", "reasons": ["current_change"]}
POWER_MONITOR_RECORD {"timestamp_pacific": "2026-08-02T12:18:27.528-07:00", "status": "ok", "reasons": ["current_change"]}
POWER_MONITOR_RECORD {"timestamp_pacific": "2026-08-02T12:18:53.671-07:00", "status": "ok", "reasons": ["current_change"]}
POWER_MONITOR_RECORD {"timestamp_pacific": "2026-08-02T12:18:56.689-07:00", "status": "ok", "reasons": ["current_change"]}
POWER_MONITOR_RECORD {"timestamp_pacific": "2026-08-02T12:19:11.777-07:00", "status": "ok", "reasons": ["current_change"]}
POWER_MONITOR_RECORD {"timestamp_pacific": "2026-08-02T12:19:35.917-07:00", "status": "ok", "reasons": ["current_change"]}
POWER_MONITOR_RECORD {"timestamp_pacific": "2026-08-02T12:19:36.924-07:00", "status": "ok", "reasons": ["current_change"]}
POWER_MONITOR_RECORD {"timestamp_pacific": "2026-08-02T12:20:09.110-07:00", "status": "ok", "reasons": ["current_change"]}
POWER_MONITOR_RECORD {"timestamp_pacific": "2026-08-02T12:20:11.122-07:00", "status": "ok", "reasons": ["current_change"]}
POWER_MONITOR_RECORD {"timestamp_pacific": "2026-08-02T12:20:13.135-07:00", "status": "ok", "reasons": ["current_change"]}
POWER_MONITOR_RECORD {"timestamp_pacific": "2026-08-02T12:20:29.229-07:00", "status": "ok", "reasons": ["current_change"]}
POWER_MONITOR_RECORD {"timestamp_pacific": "2026-08-02T12:20:32.247-07:00", "status": "ok", "reasons": ["current_change"]}
POWER_MONITOR_RECORD {"timestamp_pacific": "2026-08-02T12:21:32.570-07:00", "status": "ok", "reasons": ["heartbeat"]}
POWER_MONITOR_RECORD {"timestamp_pacific": "2026-08-02T12:22:23.850-07:00", "status": "ok", "reasons": ["current_change"]}
POWER_MONITOR_RECORD {"timestamp_pacific": "2026-08-02T12:22:50.002-07:00", "status": "ok", "reasons": ["current_change"]}
POWER_MONITOR_RECORD {"timestamp_pacific": "2026-08-02T12:23:35.260-07:00", "status": "ok", "reasons": ["current_change"]}
POWER_MONITOR_RECORD {"timestamp_pacific": "2026-08-02T12:23:36.263-07:00", "status": "ok", "reasons": ["current_change"]}
POWER_MONITOR_RECORD {"timestamp_pacific": "2026-08-02T12:23:56.369-07:00", "status": "ok", "reasons": ["current_change"]}
POWER_MONITOR_RECORD {"timestamp_pacific": "2026-08-02T12:23:58.381-07:00", "status": "ok", "reasons": ["current_change"]}
POWER_MONITOR_RECORD {"timestamp_pacific": "2026-08-02T12:24:13.470-07:00", "status": "ok", "reasons": ["current_change"]}
POWER_MONITOR_RECORD {"timestamp_pacific": "2026-08-02T12:24:21.517-07:00", "status": "ok", "reasons": ["current_change"]}
POWER_MONITOR_RECORD {"timestamp_pacific": "2026-08-02T12:24:31.577-07:00", "status": "ok", "reasons": ["current_change"]}
POWER_MONITOR_RECORD {"timestamp_pacific": "2026-08-02T12:25:31.908-07:00", "status": "ok", "reasons": ["heartbeat"]}
POWER_MONITOR_RECORD {"timestamp_pacific": "2026-08-02T12:25:42.972-07:00", "status": "ok", "reasons": ["current_change"]}
POWER_MONITOR_RECORD {"timestamp_pacific": "2026-08-02T12:25:43.979-07:00", "status": "ok", "reasons": ["current_change"]}
POWER_MONITOR_RECORD {"timestamp_pacific": "2026-08-02T12:26:44.323-07:00", "status": "ok", "reasons": ["heartbeat"]}
POWER_MONITOR_RECORD {"timestamp_pacific": "2026-08-02T12:27:30.590-07:00", "status": "ok", "reasons": ["current_change"]}
POWER_MONITOR_RECORD {"timestamp_pacific": "2026-08-02T12:27:46.683-07:00", "status": "ok", "reasons": ["current_change"]}
POWER_MONITOR_RECORD {"timestamp_pacific": "2026-08-02T12:28:10.823-07:00", "status": "ok", "reasons": ["current_change"]}
POWER_MONITOR_RECORD {"timestamp_pacific": "2026-08-02T12:28:23.899-07:00", "status": "ok", "reasons": ["current_change"]}
POWER_MONITOR_RECORD {"timestamp_pacific": "2026-08-02T12:28:41.988-07:00", "status": "ok", "reasons": ["current_change"]}
POWER_MONITOR_RECORD {"timestamp_pacific": "2026-08-02T12:28:58.081-07:00", "status": "ok", "reasons": ["current_change"]}
POWER_MONITOR_RECORD {"timestamp_pacific": "2026-08-02T12:29:58.410-07:00", "status": "ok", "reasons": ["heartbeat"]}
POWER_MONITOR_RECORD {"timestamp_pacific": "2026-08-02T12:30:07.463-07:00", "status": "ok", "reasons": ["current_change"]}
POWER_MONITOR_RECORD {"timestamp_pacific": "2026-08-02T12:30:22.550-07:00", "status": "ok", "reasons": ["current_change"]}
POWER_MONITOR_RECORD {"timestamp_pacific": "2026-08-02T12:30:25.571-07:00", "status": "ok", "reasons": ["current_change"]}
POWER_MONITOR_RECORD {"timestamp_pacific": "2026-08-02T12:30:26.576-07:00", "status": "ok", "reasons": ["current_change"]}
POWER_MONITOR_RECORD {"timestamp_pacific": "2026-08-02T12:30:33.616-07:00", "status": "ok", "reasons": ["current_change"]}
POWER_MONITOR_RECORD {"timestamp_pacific": "2026-08-02T12:30:34.623-07:00", "status": "ok", "reasons": ["current_change"]}
POWER_MONITOR_RECORD {"timestamp_pacific": "2026-08-02T12:31:16.867-07:00", "status": "ok", "reasons": ["current_change"]}
POWER_MONITOR_RECORD {"timestamp_pacific": "2026-08-02T12:31:25.920-07:00", "status": "ok", "reasons": ["current_change"]}
POWER_MONITOR_RECORD {"timestamp_pacific": "2026-08-02T12:31:27.932-07:00", "status": "ok", "reasons": ["current_change"]}
POWER_MONITOR_RECORD {"timestamp_pacific": "2026-08-02T12:31:52.055-07:00", "status": "ok", "reasons": ["current_change"]}
POWER_MONITOR_RECORD {"timestamp_pacific": "2026-08-02T12:32:11.165-07:00", "status": "ok", "reasons": ["current_change"]}
POWER_MONITOR_RECORD {"timestamp_pacific": "2026-08-02T12:32:12.172-07:00", "status": "ok", "reasons": ["current_change"]}
POWER_MONITOR_RECORD {"timestamp_pacific": "2026-08-02T12:32:15.190-07:00", "status": "ok", "reasons": ["current_change"]}
POWER_MONITOR_RECORD {"timestamp_pacific": "2026-08-02T12:32:29.272-07:00", "status": "ok", "reasons": ["current_change"]}
POWER_MONITOR_RECORD {"timestamp_pacific": "2026-08-02T12:32:33.296-07:00", "status": "ok", "reasons": ["current_change"]}
POWER_MONITOR_RECORD {"timestamp_pacific": "2026-08-02T12:32:34.303-07:00", "status": "ok", "reasons": ["current_change"]}
POWER_MONITOR_RECORD {"timestamp_pacific": "2026-08-02T12:33:34.637-07:00", "status": "ok", "reasons": ["heartbeat"]}
POWER_MONITOR_RECORD {"timestamp_pacific": "2026-08-02T12:34:26.940-07:00", "status": "ok", "reasons": ["current_change"]}
POWER_MONITOR_RECORD {"timestamp_pacific": "2026-08-02T12:34:33.981-07:00", "status": "ok", "reasons": ["current_change"]}
POWER_MONITOR_RECORD {"timestamp_pacific": "2026-08-02T12:35:06.150-07:00", "status": "ok", "reasons": ["current_change"]}
POWER_MONITOR_RECORD {"timestamp_pacific": "2026-08-02T12:35:17.216-07:00", "status": "ok", "reasons": ["current_change"]}
POWER_MONITOR_RECORD {"timestamp_pacific": "2026-08-02T12:35:20.234-07:00", "status": "ok", "reasons": ["current_change"]}
POWER_MONITOR_RECORD {"timestamp_pacific": "2026-08-02T12:35:27.274-07:00", "status": "ok", "reasons": ["current_change"]}
POWER_MONITOR_RECORD {"timestamp_pacific": "2026-08-02T12:35:33.305-07:00", "status": "ok", "reasons": ["current_change"]}
POWER_MONITOR_RECORD {"timestamp_pacific": "2026-08-02T12:36:17.548-07:00", "status": "ok", "reasons": ["current_change"]}
POWER_MONITOR_RECORD {"timestamp_pacific": "2026-08-02T12:36:19.560-07:00", "status": "ok", "reasons": ["current_change"]}
POWER_MONITOR_RECORD {"timestamp_pacific": "2026-08-02T12:37:19.910-07:00", "status": "ok", "reasons": ["heartbeat"]}
POWER_MONITOR_RECORD {"timestamp_pacific": "2026-08-02T12:37:37.010-07:00", "status": "ok", "reasons": ["current_change"]}
POWER_MONITOR_RECORD {"timestamp_pacific": "2026-08-02T12:37:40.028-07:00", "status": "ok", "reasons": ["current_change"]}
POWER_MONITOR_RECORD {"timestamp_pacific": "2026-08-02T12:38:40.374-07:00", "status": "ok", "reasons": ["heartbeat"]}
POWER_MONITOR_RECORD {"timestamp_pacific": "2026-08-02T12:39:37.693-07:00", "status": "ok", "reasons": ["current_change"]}
POWER_MONITOR_RECORD {"timestamp_pacific": "2026-08-02T12:40:31.990-07:00", "status": "ok", "reasons": ["current_change"]}
POWER_MONITOR_RECORD {"timestamp_pacific": "2026-08-02T12:40:56.113-07:00", "status": "ok", "reasons": ["current_change"]}
POWER_MONITOR_RECORD {"timestamp_pacific": "2026-08-02T12:41:17.233-07:00", "status": "ok", "reasons": ["current_change"]}
POWER_MONITOR_RECORD {"timestamp_pacific": "2026-08-02T12:41:29.304-07:00", "status": "ok", "reasons": ["current_change"]}
POWER_MONITOR_RECORD {"timestamp_pacific": "2026-08-02T12:42:20.597-07:00", "status": "ok", "reasons": ["current_change"]}
POWER_MONITOR_RECORD {"timestamp_pacific": "2026-08-02T12:42:23.615-07:00", "status": "ok", "reasons": ["current_change"]}
POWER_MONITOR_RECORD {"timestamp_pacific": "2026-08-02T12:43:23.946-07:00", "status": "ok", "reasons": ["heartbeat"]}
POWER_MONITOR_RECORD {"timestamp_pacific": "2026-08-02T12:43:24.953-07:00", "status": "ok", "reasons": ["current_change"]}
POWER_MONITOR_RECORD {"timestamp_pacific": "2026-08-02T12:43:26.965-07:00", "status": "ok", "reasons": ["current_change"]}
POWER_MONITOR_RECORD {"timestamp_pacific": "2026-08-02T12:44:27.303-07:00", "status": "ok", "reasons": ["heartbeat"]}
POWER_MONITOR_RECORD {"timestamp_pacific": "2026-08-02T12:44:45.391-07:00", "status": "ok", "reasons": ["current_change"]}
POWER_MONITOR_RECORD {"timestamp_pacific": "2026-08-02T12:45:22.590-07:00", "status": "ok", "reasons": ["current_change"]}
POWER_MONITOR_RECORD {"timestamp_pacific": "2026-08-02T12:45:29.631-07:00", "status": "ok", "reasons": ["current_change"]}
POWER_MONITOR_RECORD {"timestamp_pacific": "2026-08-02T12:45:30.638-07:00", "status": "ok", "reasons": ["current_change"]}
POWER_MONITOR_RECORD {"timestamp_pacific": "2026-08-02T12:45:34.662-07:00", "status": "ok", "reasons": ["current_change"]}
POWER_MONITOR_RECORD {"timestamp_pacific": "2026-08-02T12:45:45.711-07:00", "status": "ok", "reasons": ["current_change"]}
POWER_MONITOR_RECORD {"timestamp_pacific": "2026-08-02T12:46:04.822-07:00", "status": "ok", "reasons": ["current_change"]}
POWER_MONITOR_RECORD {"timestamp_pacific": "2026-08-02T12:46:06.835-07:00", "status": "ok", "reasons": ["current_change"]}
POWER_MONITOR_RECORD {"timestamp_pacific": "2026-08-02T12:46:12.870-07:00", "status": "ok", "reasons": ["current_change"]}
POWER_MONITOR_RECORD {"timestamp_pacific": "2026-08-02T12:46:25.947-07:00", "status": "ok", "reasons": ["current_change"]}
POWER_MONITOR_RECORD {"timestamp_pacific": "2026-08-02T12:46:50.070-07:00", "status": "ok", "reasons": ["current_change"]}
POWER_MONITOR_RECORD {"timestamp_pacific": "2026-08-02T12:46:57.111-07:00", "status": "ok", "reasons": ["current_change"]}
POWER_MONITOR_RECORD {"timestamp_pacific": "2026-08-02T12:47:57.442-07:00", "status": "ok", "reasons": ["heartbeat"]}
POWER_MONITOR_RECORD {"timestamp_pacific": "2026-08-02T12:48:57.792-07:00", "status": "ok", "reasons": ["heartbeat"]}
POWER_MONITOR_RECORD {"timestamp_pacific": "2026-08-02T12:49:58.124-07:00", "status": "ok", "reasons": ["heartbeat"]}
POWER_MONITOR_RECORD {"timestamp_pacific": "2026-08-02T12:50:09.188-07:00", "status": "ok", "reasons": ["current_change"]}
POWER_MONITOR_RECORD {"timestamp_pacific": "2026-08-02T12:50:11.200-07:00", "status": "ok", "reasons": ["current_change"]}
POWER_MONITOR_RECORD {"timestamp_pacific": "2026-08-02T12:50:28.299-07:00", "status": "ok", "reasons": ["current_change"]}
POWER_MONITOR_RECORD {"timestamp_pacific": "2026-08-02T12:50:47.394-07:00", "status": "ok", "reasons": ["current_change"]}
POWER_MONITOR_RECORD {"timestamp_pacific": "2026-08-02T12:50:55.441-07:00", "status": "ok", "reasons": ["current_change"]}
POWER_MONITOR_RECORD {"timestamp_pacific": "2026-08-02T12:50:58.459-07:00", "status": "ok", "reasons": ["current_change"]}
POWER_MONITOR_RECORD {"timestamp_pacific": "2026-08-02T12:51:09.524-07:00", "status": "ok", "reasons": ["current_change"]}
POWER_MONITOR_RECORD {"timestamp_pacific": "2026-08-02T12:51:17.571-07:00", "status": "ok", "reasons": ["current_change"]}
POWER_MONITOR_RECORD {"timestamp_pacific": "2026-08-02T12:52:17.921-07:00", "status": "ok", "reasons": ["heartbeat"]}
POWER_MONITOR_RECORD {"timestamp_pacific": "2026-08-02T12:53:18.270-07:00", "status": "ok", "reasons": ["current_change"]}
POWER_MONITOR_RECORD {"timestamp_pacific": "2026-08-02T12:53:23.299-07:00", "status": "ok", "reasons": ["current_change"]}
POWER_MONITOR_RECORD {"timestamp_pacific": "2026-08-02T12:53:30.342-07:00", "status": "ok", "reasons": ["current_change"]}
POWER_MONITOR_RECORD {"timestamp_pacific": "2026-08-02T12:53:41.389-07:00", "status": "ok", "reasons": ["current_change"]}
POWER_MONITOR_RECORD {"timestamp_pacific": "2026-08-02T12:53:45.413-07:00", "status": "ok", "reasons": ["current_change"]}
POWER_MONITOR_RECORD {"timestamp_pacific": "2026-08-02T12:53:53.460-07:00", "status": "ok", "reasons": ["current_change"]}
POWER_MONITOR_RECORD {"timestamp_pacific": "2026-08-02T12:53:56.478-07:00", "status": "ok", "reasons": ["current_change"]}
POWER_MONITOR_RECORD {"timestamp_pacific": "2026-08-02T12:54:12.573-07:00", "status": "ok", "reasons": ["current_change"]}
POWER_MONITOR_RECORD {"timestamp_pacific": "2026-08-02T12:54:14.586-07:00", "status": "ok", "reasons": ["current_change"]}
POWER_MONITOR_RECORD {"timestamp_pacific": "2026-08-02T12:54:20.621-07:00", "status": "ok", "reasons": ["current_change"]}
POWER_MONITOR_RECORD {"timestamp_pacific": "2026-08-02T12:54:33.698-07:00", "status": "ok", "reasons": ["current_change"]}
POWER_MONITOR_RECORD {"timestamp_pacific": "2026-08-02T12:55:18.958-07:00", "status": "ok", "reasons": ["current_change"]}
POWER_MONITOR_RECORD {"timestamp_pacific": "2026-08-02T12:55:20.971-07:00", "status": "ok", "reasons": ["current_change"]}
POWER_MONITOR_RECORD {"timestamp_pacific": "2026-08-02T12:55:29.018-07:00", "status": "ok", "reasons": ["current_change"]}
POWER_MONITOR_RECORD {"timestamp_pacific": "2026-08-02T12:55:31.030-07:00", "status": "ok", "reasons": ["current_change"]}
POWER_MONITOR_RECORD {"timestamp_pacific": "2026-08-02T12:56:31.378-07:00", "status": "ok", "reasons": ["heartbeat"]}
POWER_MONITOR_RECORD {"timestamp_pacific": "2026-08-02T12:57:31.708-07:00", "status": "ok", "reasons": ["heartbeat"]}
POWER_MONITOR_RECORD {"timestamp_pacific": "2026-08-02T12:57:40.744-07:00", "status": "ok", "reasons": ["current_change"]}
POWER_MONITOR_RECORD {"timestamp_pacific": "2026-08-02T12:57:51.808-07:00", "status": "ok", "reasons": ["current_change"]}
POWER_MONITOR_RECORD {"timestamp_pacific": "2026-08-02T12:58:20.976-07:00", "status": "ok", "reasons": ["current_change"]}
POWER_MONITOR_RECORD {"timestamp_pacific": "2026-08-02T12:58:30.029-07:00", "status": "ok", "reasons": ["current_change"]}
POWER_MONITOR_RECORD {"timestamp_pacific": "2026-08-02T12:58:38.064-07:00", "status": "ok", "reasons": ["current_change"]}
POWER_MONITOR_RECORD {"timestamp_pacific": "2026-08-02T12:58:48.116-07:00", "status": "ok", "reasons": ["current_change"]}
POWER_MONITOR_RECORD {"timestamp_pacific": "2026-08-02T12:59:09.237-07:00", "status": "ok", "reasons": ["current_change"]}
POWER_MONITOR_RECORD {"timestamp_pacific": "2026-08-02T12:59:44.437-07:00", "status": "ok", "reasons": ["voltage_change"]}
POWER_MONITOR_RECORD {"timestamp_pacific": "2026-08-02T12:59:45.443-07:00", "status": "ok", "reasons": ["voltage_change"]}
POWER_MONITOR_RECORD {"timestamp_pacific": "2026-08-02T13:00:45.791-07:00", "status": "ok", "reasons": ["heartbeat"]}
POWER_MONITOR_RECORD {"timestamp_pacific": "2026-08-02T13:00:53.837-07:00", "status": "ok", "reasons": ["current_change"]}
POWER_MONITOR_RECORD {"timestamp_pacific": "2026-08-02T13:00:57.861-07:00", "status": "ok", "reasons": ["current_change"]}
POWER_MONITOR_RECORD {"timestamp_pacific": "2026-08-02T13:01:58.209-07:00", "status": "ok", "reasons": ["heartbeat"]}
POWER_MONITOR_RECORD {"timestamp_pacific": "2026-08-02T13:02:31.400-07:00", "status": "ok", "reasons": ["current_change"]}
POWER_MONITOR_RECORD {"timestamp_pacific": "2026-08-02T13:02:55.538-07:00", "status": "ok", "reasons": ["current_change"]}
POWER_MONITOR_RECORD {"timestamp_pacific": "2026-08-02T13:02:57.550-07:00", "status": "ok", "reasons": ["current_change"]}
POWER_MONITOR_RECORD {"timestamp_pacific": "2026-08-02T13:03:57.880-07:00", "status": "ok", "reasons": ["heartbeat"]}
POWER_MONITOR_RECORD {"timestamp_pacific": "2026-08-02T13:04:24.031-07:00", "status": "ok", "reasons": ["current_change"]}
POWER_MONITOR_RECORD {"timestamp_pacific": "2026-08-02T13:04:26.043-07:00", "status": "ok", "reasons": ["current_change"]}
POWER_MONITOR_RECORD {"timestamp_pacific": "2026-08-02T13:04:27.050-07:00", "status": "ok", "reasons": ["current_change"]}
POWER_MONITOR_RECORD {"timestamp_pacific": "2026-08-02T13:04:28.056-07:00", "status": "ok", "reasons": ["current_change"]}
POWER_MONITOR_RECORD {"timestamp_pacific": "2026-08-02T13:05:28.403-07:00", "status": "ok", "reasons": ["heartbeat"]}
POWER_MONITOR_RECORD {"timestamp_pacific": "2026-08-02T13:06:18.690-07:00", "status": "ok", "reasons": ["current_change"]}
POWER_MONITOR_RECORD {"timestamp_pacific": "2026-08-02T13:06:19.697-07:00", "status": "ok", "reasons": ["current_change"]}
POWER_MONITOR_RECORD {"timestamp_pacific": "2026-08-02T13:06:25.732-07:00", "status": "ok", "reasons": ["current_change"]}
POWER_MONITOR_RECORD {"timestamp_pacific": "2026-08-02T13:06:27.744-07:00", "status": "ok", "reasons": ["current_change"]}
POWER_MONITOR_RECORD {"timestamp_pacific": "2026-08-02T13:06:33.780-07:00", "status": "ok", "reasons": ["current_change"]}
POWER_MONITOR_RECORD {"timestamp_pacific": "2026-08-02T13:06:35.792-07:00", "status": "ok", "reasons": ["current_change"]}
POWER_MONITOR_RECORD {"timestamp_pacific": "2026-08-02T13:06:49.874-07:00", "status": "ok", "reasons": ["current_change"]}
POWER_MONITOR_RECORD {"timestamp_pacific": "2026-08-02T13:06:50.880-07:00", "status": "ok", "reasons": ["current_change"]}
POWER_MONITOR_RECORD {"timestamp_pacific": "2026-08-02T13:06:52.892-07:00", "status": "ok", "reasons": ["current_change"]}
POWER_MONITOR_RECORD {"timestamp_pacific": "2026-08-02T13:07:10.997-07:00", "status": "ok", "reasons": ["current_change"]}
POWER_MONITOR_RECORD {"timestamp_pacific": "2026-08-02T13:07:17.032-07:00", "status": "ok", "reasons": ["current_change"]}
POWER_MONITOR_RECORD {"timestamp_pacific": "2026-08-02T13:07:18.039-07:00", "status": "ok", "reasons": ["current_change"]}
POWER_MONITOR_RECORD {"timestamp_pacific": "2026-08-02T13:07:20.051-07:00", "status": "ok", "reasons": ["current_change"]}
POWER_MONITOR_RECORD {"timestamp_pacific": "2026-08-02T13:07:22.067-07:00", "status": "ok", "reasons": ["current_change"]}
POWER_MONITOR_RECORD {"timestamp_pacific": "2026-08-02T13:08:22.415-07:00", "status": "ok", "reasons": ["current_change"]}
POWER_MONITOR_RECORD {"timestamp_pacific": "2026-08-02T13:09:22.745-07:00", "status": "ok", "reasons": ["heartbeat"]}
POWER_MONITOR_RECORD {"timestamp_pacific": "2026-08-02T13:10:23.094-07:00", "status": "ok", "reasons": ["heartbeat"]}
POWER_MONITOR_RECORD {"timestamp_pacific": "2026-08-02T13:11:15.396-07:00", "status": "ok", "reasons": ["current_change"]}
POWER_MONITOR_RECORD {"timestamp_pacific": "2026-08-02T13:11:30.484-07:00", "status": "ok", "reasons": ["current_change"]}
POWER_MONITOR_RECORD {"timestamp_pacific": "2026-08-02T13:11:53.601-07:00", "status": "ok", "reasons": ["current_change"]}
POWER_MONITOR_RECORD {"timestamp_pacific": "2026-08-02T13:11:58.631-07:00", "status": "ok", "reasons": ["current_change"]}
POWER_MONITOR_RECORD {"timestamp_pacific": "2026-08-02T13:12:16.740-07:00", "status": "ok", "reasons": ["current_change"]}
POWER_MONITOR_RECORD {"timestamp_pacific": "2026-08-02T13:12:18.752-07:00", "status": "ok", "reasons": ["current_change"]}
POWER_MONITOR_RECORD {"timestamp_pacific": "2026-08-02T13:12:31.829-07:00", "status": "ok", "reasons": ["current_change"]}
POWER_MONITOR_RECORD {"timestamp_pacific": "2026-08-02T13:13:32.160-07:00", "status": "ok", "reasons": ["heartbeat"]}
POWER_MONITOR_RECORD {"timestamp_pacific": "2026-08-02T13:14:18.428-07:00", "status": "ok", "reasons": ["current_change"]}
POWER_MONITOR_RECORD {"timestamp_pacific": "2026-08-02T13:14:19.435-07:00", "status": "ok", "reasons": ["current_change"]}
POWER_MONITOR_RECORD {"timestamp_pacific": "2026-08-02T13:14:27.482-07:00", "status": "ok", "reasons": ["current_change"]}
POWER_MONITOR_RECORD {"timestamp_pacific": "2026-08-02T13:15:02.686-07:00", "status": "ok", "reasons": ["current_change"]}
POWER_MONITOR_RECORD {"timestamp_pacific": "2026-08-02T13:15:04.698-07:00", "status": "ok", "reasons": ["current_change"]}
POWER_MONITOR_RECORD {"timestamp_pacific": "2026-08-02T13:15:11.740-07:00", "status": "ok", "reasons": ["current_change"]}
POWER_MONITOR_RECORD {"timestamp_pacific": "2026-08-02T13:15:12.746-07:00", "status": "ok", "reasons": ["current_change"]}
POWER_MONITOR_RECORD {"timestamp_pacific": "2026-08-02T13:16:09.055-07:00", "status": "ok", "reasons": ["current_change"]}
POWER_MONITOR_RECORD {"timestamp_pacific": "2026-08-02T13:16:10.062-07:00", "status": "ok", "reasons": ["current_change"]}
POWER_MONITOR_RECORD {"timestamp_pacific": "2026-08-02T13:17:10.394-07:00", "status": "ok", "reasons": ["heartbeat"]}
POWER_MONITOR_RECORD {"timestamp_pacific": "2026-08-02T13:17:14.418-07:00", "status": "ok", "reasons": ["current_change"]}
POWER_MONITOR_RECORD {"timestamp_pacific": "2026-08-02T13:17:40.570-07:00", "status": "ok", "reasons": ["current_change"]}
POWER_MONITOR_RECORD {"timestamp_pacific": "2026-08-02T13:18:40.920-07:00", "status": "ok", "reasons": ["heartbeat"]}
POWER_MONITOR_RECORD {"timestamp_pacific": "2026-08-02T13:19:21.152-07:00", "status": "ok", "reasons": ["current_change"]}
POWER_MONITOR_RECORD {"timestamp_pacific": "2026-08-02T13:19:22.159-07:00", "status": "ok", "reasons": ["current_change"]}
POWER_MONITOR_RECORD {"timestamp_pacific": "2026-08-02T13:19:24.171-07:00", "status": "ok", "reasons": ["current_change"]}
POWER_MONITOR_RECORD {"timestamp_pacific": "2026-08-02T13:19:26.184-07:00", "status": "ok", "reasons": ["current_change"]}
POWER_MONITOR_RECORD {"timestamp_pacific": "2026-08-02T13:20:26.520-07:00", "status": "ok", "reasons": ["heartbeat"]}
POWER_MONITOR_RECORD {"timestamp_pacific": "2026-08-02T13:21:26.852-07:00", "status": "ok", "reasons": ["heartbeat"]}
POWER_MONITOR_RECORD {"timestamp_pacific": "2026-08-02T13:22:27.200-07:00", "status": "ok", "reasons": ["heartbeat"]}
POWER_MONITOR_RECORD {"timestamp_pacific": "2026-08-02T13:22:28.207-07:00", "status": "ok", "reasons": ["current_change"]}
POWER_MONITOR_RECORD {"timestamp_pacific": "2026-08-02T13:23:09.445-07:00", "status": "ok", "reasons": ["current_change"]}
POWER_MONITOR_RECORD {"timestamp_pacific": "2026-08-02T13:23:14.474-07:00", "status": "ok", "reasons": ["current_change"]}
POWER_MONITOR_RECORD {"timestamp_pacific": "2026-08-02T13:24:06.776-07:00", "status": "ok", "reasons": ["current_change"]}
POWER_MONITOR_RECORD {"timestamp_pacific": "2026-08-02T13:24:09.794-07:00", "status": "ok", "reasons": ["current_change"]}
POWER_MONITOR_RECORD {"timestamp_pacific": "2026-08-02T13:24:12.812-07:00", "status": "ok", "reasons": ["current_change"]}
POWER_MONITOR_RECORD {"timestamp_pacific": "2026-08-02T13:24:13.819-07:00", "status": "ok", "reasons": ["current_change"]}
POWER_MONITOR_RECORD {"timestamp_pacific": "2026-08-02T13:24:51.016-07:00", "status": "ok", "reasons": ["current_change"]}
POWER_MONITOR_RECORD {"timestamp_pacific": "2026-08-02T13:24:52.022-07:00", "status": "ok", "reasons": ["current_change"]}
POWER_MONITOR_RECORD {"timestamp_pacific": "2026-08-02T13:25:52.351-07:00", "status": "ok", "reasons": ["heartbeat"]}
POWER_MONITOR_RECORD {"timestamp_pacific": "2026-08-02T13:26:52.682-07:00", "status": "ok", "reasons": ["heartbeat"]}
POWER_MONITOR_RECORD {"timestamp_pacific": "2026-08-02T13:27:00.729-07:00", "status": "ok", "reasons": ["current_change", "power_change"]}
POWER_MONITOR_RECORD {"timestamp_pacific": "2026-08-02T13:27:06.764-07:00", "status": "ok", "reasons": ["current_change"]}
POWER_MONITOR_RECORD {"timestamp_pacific": "2026-08-02T13:27:08.779-07:00", "status": "ok", "reasons": ["current_change"]}
POWER_MONITOR_RECORD {"timestamp_pacific": "2026-08-02T13:27:15.820-07:00", "status": "ok", "reasons": ["current_change"]}
POWER_MONITOR_RECORD {"timestamp_pacific": "2026-08-02T13:27:17.832-07:00", "status": "ok", "reasons": ["current_change"]}
POWER_MONITOR_RECORD {"timestamp_pacific": "2026-08-02T13:27:20.850-07:00", "status": "ok", "reasons": ["current_change"]}
POWER_MONITOR_RECORD {"timestamp_pacific": "2026-08-02T13:27:22.864-07:00", "status": "ok", "reasons": ["current_change"]}
POWER_MONITOR_RECORD {"timestamp_pacific": "2026-08-02T13:27:25.882-07:00", "status": "ok", "reasons": ["current_change"]}
POWER_MONITOR_RECORD {"timestamp_pacific": "2026-08-02T13:27:27.895-07:00", "status": "ok", "reasons": ["current_change"]}
POWER_MONITOR_RECORD {"timestamp_pacific": "2026-08-02T13:27:28.902-07:00", "status": "ok", "reasons": ["current_change"]}
POWER_MONITOR_RECORD {"timestamp_pacific": "2026-08-02T13:27:30.914-07:00", "status": "ok", "reasons": ["current_change"]}
POWER_MONITOR_RECORD {"timestamp_pacific": "2026-08-02T13:27:33.934-07:00", "status": "ok", "reasons": ["current_change"]}
POWER_MONITOR_RECORD {"timestamp_pacific": "2026-08-02T13:27:35.946-07:00", "status": "ok", "reasons": ["current_change"]}
POWER_MONITOR_RECORD {"timestamp_pacific": "2026-08-02T13:27:37.959-07:00", "status": "ok", "reasons": ["current_change"]}
POWER_MONITOR_RECORD {"timestamp_pacific": "2026-08-02T13:27:45.001-07:00", "status": "ok", "reasons": ["current_change"]}
POWER_MONITOR_RECORD {"timestamp_pacific": "2026-08-02T13:27:47.013-07:00", "status": "ok", "reasons": ["current_change"]}
POWER_MONITOR_RECORD {"timestamp_pacific": "2026-08-02T13:27:48.019-07:00", "status": "ok", "reasons": ["current_change"]}
POWER_MONITOR_RECORD {"timestamp_pacific": "2026-08-02T13:28:48.348-07:00", "status": "ok", "reasons": ["heartbeat"]}
POWER_MONITOR_RECORD {"timestamp_pacific": "2026-08-02T13:29:48.680-07:00", "status": "ok", "reasons": ["heartbeat"]}
POWER_MONITOR_RECORD {"timestamp_pacific": "2026-08-02T13:30:30.923-07:00", "status": "ok", "reasons": ["current_change", "power_change", "heater_off"]}
POWER_MONITOR_RECORD {"timestamp_pacific": "2026-08-02T13:31:31.254-07:00", "status": "ok", "reasons": ["heartbeat"]}
POWER_MONITOR_RECORD {"timestamp_pacific": "2026-08-02T13:32:31.602-07:00", "status": "ok", "reasons": ["heartbeat"]}
POWER_MONITOR_RECORD {"timestamp_pacific": "2026-08-02T13:33:31.949-07:00", "status": "ok", "reasons": ["heartbeat"]}
POWER_MONITOR_RECORD {"timestamp_pacific": "2026-08-02T13:34:32.278-07:00", "status": "ok", "reasons": ["heartbeat"]}
POWER_MONITOR_RECORD {"timestamp_pacific": "2026-08-02T13:35:32.610-07:00", "status": "ok", "reasons": ["heartbeat"]}
POWER_MONITOR_RECORD {"timestamp_pacific": "2026-08-02T13:36:32.959-07:00", "status": "ok", "reasons": ["heartbeat"]}
POWER_MONITOR_RECORD {"timestamp_pacific": "2026-08-02T13:37:33.308-07:00", "status": "ok", "reasons": ["heartbeat"]}
POWER_MONITOR_RECORD {"timestamp_pacific": "2026-08-02T13:38:33.640-07:00", "status": "ok", "reasons": ["heartbeat"]}
POWER_MONITOR_RECORD {"timestamp_pacific": "2026-08-02T13:39:33.970-07:00", "status": "ok", "reasons": ["heartbeat"]}
POWER_MONITOR_RECORD {"timestamp_pacific": "2026-08-02T13:40:34.303-07:00", "status": "ok", "reasons": ["heartbeat"]}
POWER_MONITOR_RECORD {"timestamp_pacific": "2026-08-02T13:41:34.654-07:00", "status": "ok", "reasons": ["heartbeat"]}
POWER_MONITOR_RECORD {"timestamp_pacific": "2026-08-02T13:42:34.975-07:00", "status": "ok", "reasons": ["heartbeat"]}
POWER_MONITOR_RECORD {"timestamp_pacific": "2026-08-02T13:43:17.210-07:00", "status": "ok", "reasons": ["current_change", "power_change", "heater_on"]}
POWER_MONITOR_RECORD {"timestamp_pacific": "2026-08-02T13:43:21.234-07:00", "status": "ok", "reasons": ["current_change"]}
POWER_MONITOR_RECORD {"timestamp_pacific": "2026-08-02T13:43:24.252-07:00", "status": "ok", "reasons": ["current_change"]}
POWER_MONITOR_RECORD {"timestamp_pacific": "2026-08-02T13:43:47.384-07:00", "status": "ok", "reasons": ["current_change"]}
POWER_MONITOR_RECORD {"timestamp_pacific": "2026-08-02T13:43:50.402-07:00", "status": "ok", "reasons": ["current_change"]}
POWER_MONITOR_RECORD {"timestamp_pacific": "2026-08-02T13:43:51.408-07:00", "status": "ok", "reasons": ["current_change"]}
POWER_MONITOR_RECORD {"timestamp_pacific": "2026-08-02T13:43:54.426-07:00", "status": "ok", "reasons": ["current_change"]}
POWER_MONITOR_RECORD {"timestamp_pacific": "2026-08-02T13:43:56.439-07:00", "status": "ok", "reasons": ["current_change"]}
POWER_MONITOR_RECORD {"timestamp_pacific": "2026-08-02T13:44:04.485-07:00", "status": "ok", "reasons": ["current_change"]}
POWER_MONITOR_RECORD {"timestamp_pacific": "2026-08-02T13:44:07.504-07:00", "status": "ok", "reasons": ["current_change"]}
POWER_MONITOR_RECORD {"timestamp_pacific": "2026-08-02T13:44:17.562-07:00", "status": "ok", "reasons": ["current_change"]}
POWER_MONITOR_RECORD {"timestamp_pacific": "2026-08-02T13:44:20.580-07:00", "status": "ok", "reasons": ["current_change", "power_change"]}
POWER_MONITOR_RECORD {"timestamp_pacific": "2026-08-02T13:44:21.586-07:00", "status": "ok", "reasons": ["current_change", "power_change"]}
POWER_MONITOR_RECORD {"timestamp_pacific": "2026-08-02T13:44:22.593-07:00", "status": "ok", "reasons": ["current_change", "power_change"]}
POWER_MONITOR_RECORD {"timestamp_pacific": "2026-08-02T13:44:23.601-07:00", "status": "ok", "reasons": ["current_change", "power_change"]}
POWER_MONITOR_RECORD {"timestamp_pacific": "2026-08-02T13:44:24.608-07:00", "status": "ok", "reasons": ["current_change"]}
POWER_MONITOR_RECORD {"timestamp_pacific": "2026-08-02T13:44:25.614-07:00", "status": "ok", "reasons": ["current_change"]}
POWER_MONITOR_RECORD {"timestamp_pacific": "2026-08-02T13:44:27.627-07:00", "status": "ok", "reasons": ["current_change"]}
POWER_MONITOR_RECORD {"timestamp_pacific": "2026-08-02T13:44:29.640-07:00", "status": "ok", "reasons": ["current_change"]}
POWER_MONITOR_RECORD {"timestamp_pacific": "2026-08-02T13:44:33.664-07:00", "status": "ok", "reasons": ["current_change"]}
POWER_MONITOR_RECORD {"timestamp_pacific": "2026-08-02T13:44:34.670-07:00", "status": "ok", "reasons": ["current_change"]}
POWER_MONITOR_RECORD {"timestamp_pacific": "2026-08-02T13:44:35.677-07:00", "status": "ok", "reasons": ["current_change"]}
POWER_MONITOR_RECORD {"timestamp_pacific": "2026-08-02T13:44:36.683-07:00", "status": "ok", "reasons": ["current_change"]}
POWER_MONITOR_RECORD {"timestamp_pacific": "2026-08-02T13:44:37.690-07:00", "status": "ok", "reasons": ["current_change"]}
POWER_MONITOR_RECORD {"timestamp_pacific": "2026-08-02T13:44:40.708-07:00", "status": "ok", "reasons": ["current_change"]}
POWER_MONITOR_RECORD {"timestamp_pacific": "2026-08-02T13:44:41.715-07:00", "status": "ok", "reasons": ["current_change"]}
POWER_MONITOR_RECORD {"timestamp_pacific": "2026-08-02T13:44:42.719-07:00", "status": "ok", "reasons": ["current_change"]}
POWER_MONITOR_RECORD {"timestamp_pacific": "2026-08-02T13:44:43.722-07:00", "status": "ok", "reasons": ["current_change"]}
POWER_MONITOR_RECORD {"timestamp_pacific": "2026-08-02T13:44:44.725-07:00", "status": "ok", "reasons": ["current_change"]}
POWER_MONITOR_RECORD {"timestamp_pacific": "2026-08-02T13:45:17.907-07:00", "status": "ok", "reasons": ["current_change"]}
POWER_MONITOR_RECORD {"timestamp_pacific": "2026-08-02T13:45:49.088-07:00", "status": "ok", "reasons": ["current_change"]}
POWER_MONITOR_RECORD {"timestamp_pacific": "2026-08-02T13:45:51.100-07:00", "status": "ok", "reasons": ["current_change"]}
POWER_MONITOR_RECORD {"timestamp_pacific": "2026-08-02T13:46:17.252-07:00", "status": "ok", "reasons": ["current_change"]}
POWER_MONITOR_RECORD {"timestamp_pacific": "2026-08-02T13:46:33.345-07:00", "status": "ok", "reasons": ["current_change", "voltage_change"]}
POWER_MONITOR_RECORD {"timestamp_pacific": "2026-08-02T13:46:34.354-07:00", "status": "ok", "reasons": ["current_change", "voltage_change"]}
POWER_MONITOR_RECORD {"timestamp_pacific": "2026-08-02T13:47:04.535-07:00", "status": "ok", "reasons": ["current_change"]}
POWER_MONITOR_RECORD {"timestamp_pacific": "2026-08-02T13:47:19.623-07:00", "status": "ok", "reasons": ["current_change"]}
POWER_MONITOR_RECORD {"timestamp_pacific": "2026-08-02T13:47:27.670-07:00", "status": "ok", "reasons": ["current_change"]}
POWER_MONITOR_RECORD {"timestamp_pacific": "2026-08-02T13:48:06.864-07:00", "status": "ok", "reasons": ["current_change"]}
POWER_MONITOR_RECORD {"timestamp_pacific": "2026-08-02T13:48:07.870-07:00", "status": "ok", "reasons": ["current_change"]}
POWER_MONITOR_RECORD {"timestamp_pacific": "2026-08-02T13:48:28.992-07:00", "status": "ok", "reasons": ["current_change"]}
POWER_MONITOR_RECORD {"timestamp_pacific": "2026-08-02T13:48:37.039-07:00", "status": "ok", "reasons": ["current_change"]}
POWER_MONITOR_RECORD {"timestamp_pacific": "2026-08-02T13:48:42.069-07:00", "status": "ok", "reasons": ["current_change"]}
POWER_MONITOR_RECORD {"timestamp_pacific": "2026-08-02T13:49:15.261-07:00", "status": "ok", "reasons": ["current_change"]}
POWER_MONITOR_RECORD {"timestamp_pacific": "2026-08-02T13:49:18.279-07:00", "status": "ok", "reasons": ["current_change"]}
POWER_MONITOR_RECORD {"timestamp_pacific": "2026-08-02T13:50:05.535-07:00", "status": "ok", "reasons": ["current_change"]}
POWER_MONITOR_RECORD {"timestamp_pacific": "2026-08-02T13:51:05.894-07:00", "status": "ok", "reasons": ["heartbeat"]}
POWER_MONITOR_RECORD {"timestamp_pacific": "2026-08-02T13:51:17.964-07:00", "status": "ok", "reasons": ["current_change"]}
POWER_MONITOR_RECORD {"timestamp_pacific": "2026-08-02T13:51:20.982-07:00", "status": "ok", "reasons": ["current_change"]}
POWER_MONITOR_RECORD {"timestamp_pacific": "2026-08-02T13:51:22.996-07:00", "status": "ok", "reasons": ["current_change"]}
POWER_MONITOR_RECORD {"timestamp_pacific": "2026-08-02T13:51:24.003-07:00", "status": "ok", "reasons": ["current_change"]}
POWER_MONITOR_RECORD {"timestamp_pacific": "2026-08-02T13:51:49.132-07:00", "status": "ok", "reasons": ["current_change"]}
POWER_MONITOR_RECORD {"timestamp_pacific": "2026-08-02T13:52:16.290-07:00", "status": "ok", "reasons": ["current_change"]}
POWER_MONITOR_RECORD {"timestamp_pacific": "2026-08-02T13:52:18.300-07:00", "status": "ok", "reasons": ["current_change"]}
POWER_MONITOR_RECORD {"timestamp_pacific": "2026-08-02T13:52:19.307-07:00", "status": "ok", "reasons": ["current_change"]}
POWER_MONITOR_RECORD {"timestamp_pacific": "2026-08-02T13:52:21.319-07:00", "status": "ok", "reasons": ["current_change"]}
POWER_MONITOR_RECORD {"timestamp_pacific": "2026-08-02T13:52:26.335-07:00", "status": "ok", "reasons": ["current_change"]}
POWER_MONITOR_RECORD {"timestamp_pacific": "2026-08-02T13:52:28.344-07:00", "status": "ok", "reasons": ["current_change"]}
POWER_MONITOR_RECORD {"timestamp_pacific": "2026-08-02T13:52:48.443-07:00", "status": "ok", "reasons": ["current_change"]}
POWER_MONITOR_RECORD {"timestamp_pacific": "2026-08-02T13:52:49.450-07:00", "status": "ok", "reasons": ["current_change"]}
POWER_MONITOR_RECORD {"timestamp_pacific": "2026-08-02T13:52:56.491-07:00", "status": "ok", "reasons": ["current_change"]}
POWER_MONITOR_RECORD {"timestamp_pacific": "2026-08-02T13:53:04.538-07:00", "status": "ok", "reasons": ["current_change"]}
POWER_MONITOR_RECORD {"timestamp_pacific": "2026-08-02T13:53:05.545-07:00", "status": "ok", "reasons": ["current_change"]}
POWER_MONITOR_RECORD {"timestamp_pacific": "2026-08-02T13:53:15.604-07:00", "status": "ok", "reasons": ["current_change"]}
POWER_MONITOR_RECORD {"timestamp_pacific": "2026-08-02T13:53:20.633-07:00", "status": "ok", "reasons": ["current_change"]}
POWER_MONITOR_RECORD {"timestamp_pacific": "2026-08-02T13:54:11.898-07:00", "status": "ok", "reasons": ["current_change"]}
POWER_MONITOR_RECORD {"timestamp_pacific": "2026-08-02T13:54:18.939-07:00", "status": "ok", "reasons": ["current_change"]}
POWER_MONITOR_RECORD {"timestamp_pacific": "2026-08-02T13:55:17.283-07:00", "status": "ok", "reasons": ["current_change"]}
POWER_MONITOR_RECORD {"timestamp_pacific": "2026-08-02T13:55:19.295-07:00", "status": "ok", "reasons": ["current_change"]}
POWER_MONITOR_RECORD {"timestamp_pacific": "2026-08-02T13:55:54.484-07:00", "status": "ok", "reasons": ["current_change"]}
POWER_MONITOR_RECORD {"timestamp_pacific": "2026-08-02T13:55:57.502-07:00", "status": "ok", "reasons": ["current_change"]}
POWER_MONITOR_RECORD {"timestamp_pacific": "2026-08-02T13:56:20.636-07:00", "status": "ok", "reasons": ["current_change"]}
POWER_MONITOR_RECORD {"timestamp_pacific": "2026-08-02T13:56:24.660-07:00", "status": "ok", "reasons": ["current_change"]}
POWER_MONITOR_RECORD {"timestamp_pacific": "2026-08-02T13:57:16.946-07:00", "status": "ok", "reasons": ["current_change"]}
POWER_MONITOR_RECORD {"timestamp_pacific": "2026-08-02T13:57:17.953-07:00", "status": "ok", "reasons": ["current_change"]}
POWER_MONITOR_RECORD {"timestamp_pacific": "2026-08-02T13:57:23.992-07:00", "status": "ok", "reasons": ["current_change"]}
POWER_MONITOR_RECORD {"timestamp_pacific": "2026-08-02T13:57:46.125-07:00", "status": "ok", "reasons": ["current_change"]}
POWER_MONITOR_RECORD {"timestamp_pacific": "2026-08-02T13:58:43.435-07:00", "status": "ok", "reasons": ["current_change"]}
POWER_MONITOR_RECORD {"timestamp_pacific": "2026-08-02T13:59:16.627-07:00", "status": "ok", "reasons": ["current_change"]}
POWER_MONITOR_RECORD {"timestamp_pacific": "2026-08-02T13:59:17.634-07:00", "status": "ok", "reasons": ["current_change"]}
POWER_MONITOR_RECORD {"timestamp_pacific": "2026-08-02T13:59:39.745-07:00", "status": "ok", "reasons": ["current_change"]}
POWER_MONITOR_RECORD {"timestamp_pacific": "2026-08-02T13:59:40.751-07:00", "status": "ok", "reasons": ["current_change"]}
POWER_MONITOR_RECORD {"timestamp_pacific": "2026-08-02T13:59:47.793-07:00", "status": "ok", "reasons": ["current_change"]}
POWER_MONITOR_RECORD {"timestamp_pacific": "2026-08-02T13:59:51.816-07:00", "status": "ok", "reasons": ["current_change"]}
POWER_MONITOR_RECORD {"timestamp_pacific": "2026-08-02T14:00:04.892-07:00", "status": "ok", "reasons": ["current_change"]}
POWER_MONITOR_RECORD {"timestamp_pacific": "2026-08-02T14:00:07.911-07:00", "status": "ok", "reasons": ["current_change"]}
POWER_MONITOR_RECORD {"timestamp_pacific": "2026-08-02T14:01:08.242-07:00", "status": "ok", "reasons": ["heartbeat"]}
POWER_MONITOR_RECORD {"timestamp_pacific": "2026-08-02T14:02:08.574-07:00", "status": "ok", "reasons": ["heartbeat"]}
POWER_MONITOR_RECORD {"timestamp_pacific": "2026-08-02T14:03:08.905-07:00", "status": "ok", "reasons": ["heartbeat"]}
POWER_MONITOR_RECORD {"timestamp_pacific": "2026-08-02T14:04:09.237-07:00", "status": "ok", "reasons": ["heartbeat"]}
POWER_MONITOR_RECORD {"timestamp_pacific": "2026-08-02T14:05:09.568-07:00", "status": "ok", "reasons": ["heartbeat"]}
POWER_MONITOR_RECORD {"timestamp_pacific": "2026-08-02T14:06:09.916-07:00", "status": "ok", "reasons": ["heartbeat"]}
POWER_MONITOR_RECORD {"timestamp_pacific": "2026-08-02T14:07:10.246-07:00", "status": "ok", "reasons": ["heartbeat"]}
POWER_MONITOR_RECORD {"timestamp_pacific": "2026-08-02T14:07:11.252-07:00", "status": "ok", "reasons": ["current_change"]}
POWER_MONITOR_RECORD {"timestamp_pacific": "2026-08-02T14:07:14.270-07:00", "status": "ok", "reasons": ["current_change"]}
POWER_MONITOR_RECORD {"timestamp_pacific": "2026-08-02T14:08:06.570-07:00", "status": "ok", "reasons": ["current_change"]}
POWER_MONITOR_RECORD {"timestamp_pacific": "2026-08-02T14:08:08.583-07:00", "status": "ok", "reasons": ["current_change"]}
POWER_MONITOR_RECORD {"timestamp_pacific": "2026-08-02T14:08:23.670-07:00", "status": "ok", "reasons": ["current_change"]}
POWER_MONITOR_RECORD {"timestamp_pacific": "2026-08-02T14:09:24.017-07:00", "status": "ok", "reasons": ["heartbeat"]}
POWER_MONITOR_RECORD {"timestamp_pacific": "2026-08-02T14:10:14.308-07:00", "status": "ok", "reasons": ["current_change"]}
POWER_MONITOR_RECORD {"timestamp_pacific": "2026-08-02T14:10:15.314-07:00", "status": "ok", "reasons": ["current_change"]}
POWER_MONITOR_RECORD {"timestamp_pacific": "2026-08-02T14:10:33.419-07:00", "status": "ok", "reasons": ["current_change"]}
POWER_MONITOR_RECORD {"timestamp_pacific": "2026-08-02T14:10:34.428-07:00", "status": "ok", "reasons": ["current_change"]}
POWER_MONITOR_RECORD {"timestamp_pacific": "2026-08-02T14:10:42.457-07:00", "status": "ok", "reasons": ["current_change"]}
POWER_MONITOR_RECORD {"timestamp_pacific": "2026-08-02T14:10:46.481-07:00", "status": "ok", "reasons": ["current_change"]}
POWER_MONITOR_RECORD {"timestamp_pacific": "2026-08-02T14:11:46.811-07:00", "status": "ok", "reasons": ["heartbeat"]}
POWER_MONITOR_RECORD {"timestamp_pacific": "2026-08-02T14:12:47.142-07:00", "status": "ok", "reasons": ["heartbeat"]}
POWER_MONITOR_RECORD {"timestamp_pacific": "2026-08-02T14:12:52.176-07:00", "status": "ok", "reasons": ["current_change"]}
POWER_MONITOR_RECORD {"timestamp_pacific": "2026-08-02T14:12:53.183-07:00", "status": "ok", "reasons": ["current_change"]}
POWER_MONITOR_RECORD {"timestamp_pacific": "2026-08-02T14:13:07.264-07:00", "status": "ok", "reasons": ["current_change"]}
POWER_MONITOR_RECORD {"timestamp_pacific": "2026-08-02T14:13:08.271-07:00", "status": "ok", "reasons": ["current_change"]}
POWER_MONITOR_RECORD {"timestamp_pacific": "2026-08-02T14:13:12.294-07:00", "status": "ok", "reasons": ["current_change"]}
POWER_MONITOR_RECORD {"timestamp_pacific": "2026-08-02T14:14:12.642-07:00", "status": "ok", "reasons": ["heartbeat"]}
POWER_MONITOR_RECORD {"timestamp_pacific": "2026-08-02T14:15:12.972-07:00", "status": "ok", "reasons": ["heartbeat"]}
POWER_MONITOR_RECORD {"timestamp_pacific": "2026-08-02T14:16:13.303-07:00", "status": "ok", "reasons": ["heartbeat"]}
POWER_MONITOR_RECORD {"timestamp_pacific": "2026-08-02T14:17:13.649-07:00", "status": "ok", "reasons": ["heartbeat"]}
POWER_MONITOR_RECORD {"timestamp_pacific": "2026-08-02T14:18:13.998-07:00", "status": "ok", "reasons": ["heartbeat"]}
POWER_MONITOR_RECORD {"timestamp_pacific": "2026-08-02T14:19:14.347-07:00", "status": "ok", "reasons": ["heartbeat"]}
POWER_MONITOR_RECORD {"timestamp_pacific": "2026-08-02T14:19:53.556-07:00", "status": "ok", "reasons": ["current_change"]}
POWER_MONITOR_RECORD {"timestamp_pacific": "2026-08-02T14:19:54.563-07:00", "status": "ok", "reasons": ["current_change"]}
POWER_MONITOR_RECORD {"timestamp_pacific": "2026-08-02T14:19:57.581-07:00", "status": "ok", "reasons": ["current_change", "power_change"]}
POWER_MONITOR_RECORD {"timestamp_pacific": "2026-08-02T14:20:03.617-07:00", "status": "ok", "reasons": ["current_change"]}
POWER_MONITOR_RECORD {"timestamp_pacific": "2026-08-02T14:20:11.664-07:00", "status": "ok", "reasons": ["current_change"]}
POWER_MONITOR_RECORD {"timestamp_pacific": "2026-08-02T14:20:12.670-07:00", "status": "ok", "reasons": ["current_change"]}
POWER_MONITOR_RECORD {"timestamp_pacific": "2026-08-02T14:20:13.677-07:00", "status": "ok", "reasons": ["current_change"]}
POWER_MONITOR_RECORD {"timestamp_pacific": "2026-08-02T14:20:14.683-07:00", "status": "ok", "reasons": ["current_change"]}
POWER_MONITOR_RECORD {"timestamp_pacific": "2026-08-02T14:20:22.730-07:00", "status": "ok", "reasons": ["current_change"]}
POWER_MONITOR_RECORD {"timestamp_pacific": "2026-08-02T14:20:23.737-07:00", "status": "ok", "reasons": ["current_change"]}
POWER_MONITOR_RECORD {"timestamp_pacific": "2026-08-02T14:20:26.755-07:00", "status": "ok", "reasons": ["current_change"]}
POWER_MONITOR_RECORD {"timestamp_pacific": "2026-08-02T14:20:27.764-07:00", "status": "ok", "reasons": ["current_change"]}
POWER_MONITOR_RECORD {"timestamp_pacific": "2026-08-02T14:20:30.782-07:00", "status": "ok", "reasons": ["current_change"]}
POWER_MONITOR_RECORD {"timestamp_pacific": "2026-08-02T14:20:32.794-07:00", "status": "ok", "reasons": ["current_change"]}
POWER_MONITOR_RECORD {"timestamp_pacific": "2026-08-02T14:20:44.849-07:00", "status": "ok", "reasons": ["current_change"]}
POWER_MONITOR_RECORD {"timestamp_pacific": "2026-08-02T14:21:00.942-07:00", "status": "ok", "reasons": ["voltage_change"]}
POWER_MONITOR_RECORD {"timestamp_pacific": "2026-08-02T14:21:01.949-07:00", "status": "ok", "reasons": ["voltage_change"]}
POWER_MONITOR_RECORD {"timestamp_pacific": "2026-08-02T14:22:02.280-07:00", "status": "ok", "reasons": ["heartbeat"]}
POWER_MONITOR_RECORD {"timestamp_pacific": "2026-08-02T14:23:02.628-07:00", "status": "ok", "reasons": ["heartbeat"]}
POWER_MONITOR_RECORD {"timestamp_pacific": "2026-08-02T14:23:26.767-07:00", "status": "ok", "reasons": ["current_change", "power_change", "heater_off"]}
POWER_MONITOR_RECORD {"timestamp_pacific": "2026-08-02T14:24:27.099-07:00", "status": "ok", "reasons": ["heartbeat"]}
POWER_MONITOR_RECORD {"timestamp_pacific": "2026-08-02T14:25:27.429-07:00", "status": "ok", "reasons": ["heartbeat"]}
POWER_MONITOR_RECORD {"timestamp_pacific": "2026-08-02T14:26:27.761-07:00", "status": "ok", "reasons": ["heartbeat"]}
POWER_MONITOR_RECORD {"timestamp_pacific": "2026-08-02T14:27:28.109-07:00", "status": "ok", "reasons": ["heartbeat"]}
POWER_MONITOR_RECORD {"timestamp_pacific": "2026-08-02T14:28:28.456-07:00", "status": "ok", "reasons": ["heartbeat"]}
POWER_MONITOR_RECORD {"timestamp_pacific": "2026-08-02T14:29:28.787-07:00", "status": "ok", "reasons": ["heartbeat"]}
POWER_MONITOR_RECORD {"timestamp_pacific": "2026-08-02T14:30:29.119-07:00", "status": "ok", "reasons": ["heartbeat"]}
POWER_MONITOR_RECORD {"timestamp_pacific": "2026-08-02T14:31:29.450-07:00", "status": "ok", "reasons": ["heartbeat"]}
POWER_MONITOR_RECORD {"timestamp_pacific": "2026-08-02T14:32:29.797-07:00", "status": "ok", "reasons": ["heartbeat"]}
POWER_MONITOR_RECORD {"timestamp_pacific": "2026-08-02T14:33:30.128-07:00", "status": "ok", "reasons": ["heartbeat"]}
POWER_MONITOR_RECORD {"timestamp_pacific": "2026-08-02T14:34:30.460-07:00", "status": "ok", "reasons": ["heartbeat"]}
POWER_MONITOR_RECORD {"timestamp_pacific": "2026-08-02T14:35:30.805-07:00", "status": "ok", "reasons": ["heartbeat"]}
POWER_MONITOR_RECORD {"timestamp_pacific": "2026-08-02T14:36:31.153-07:00", "status": "ok", "reasons": ["heartbeat"]}
POWER_MONITOR_RECORD {"timestamp_pacific": "2026-08-02T14:37:31.484-07:00", "status": "ok", "reasons": ["heartbeat"]}
POWER_MONITOR_RECORD {"timestamp_pacific": "2026-08-02T14:38:31.815-07:00", "status": "ok", "reasons": ["heartbeat"]}
POWER_MONITOR_RECORD {"timestamp_pacific": "2026-08-02T14:39:32.146-07:00", "status": "ok", "reasons": ["heartbeat"]}
POWER_MONITOR_RECORD {"timestamp_pacific": "2026-08-02T14:40:32.495-07:00", "status": "ok", "reasons": ["heartbeat"]}
POWER_MONITOR_RECORD {"timestamp_pacific": "2026-08-02T14:41:32.842-07:00", "status": "ok", "reasons": ["heartbeat"]}
POWER_MONITOR_RECORD {"timestamp_pacific": "2026-08-02T14:42:33.191-07:00", "status": "ok", "reasons": ["heartbeat"]}
POWER_MONITOR_RECORD {"timestamp_pacific": "2026-08-02T14:43:33.522-07:00", "status": "ok", "reasons": ["heartbeat"]}
POWER_MONITOR_RECORD {"timestamp_pacific": "2026-08-02T14:44:33.853-07:00", "status": "ok", "reasons": ["heartbeat"]}
POWER_MONITOR_RECORD {"timestamp_pacific": "2026-08-02T14:45:34.203-07:00", "status": "ok", "reasons": ["heartbeat"]}
POWER_MONITOR_RECORD {"timestamp_pacific": "2026-08-02T14:46:34.552-07:00", "status": "ok", "reasons": ["heartbeat"]}
POWER_MONITOR_RECORD {"timestamp_pacific": "2026-08-02T14:47:34.883-07:00", "status": "ok", "reasons": ["heartbeat"]}
POWER_MONITOR_RECORD {"timestamp_pacific": "2026-08-02T14:48:35.214-07:00", "status": "ok", "reasons": ["heartbeat"]}
POWER_MONITOR_RECORD {"timestamp_pacific": "2026-08-02T14:49:35.541-07:00", "status": "ok", "reasons": ["heartbeat"]}
POWER_MONITOR_RECORD {"timestamp_pacific": "2026-08-02T14:50:35.872-07:00", "status": "ok", "reasons": ["heartbeat"]}
POWER_MONITOR_RECORD {"timestamp_pacific": "2026-08-02T14:51:36.202-07:00", "status": "ok", "reasons": ["heartbeat"]}
POWER_MONITOR_RECORD {"timestamp_pacific": "2026-08-02T14:52:36.533-07:00", "status": "ok", "reasons": ["heartbeat"]}
POWER_MONITOR_RECORD {"timestamp_pacific": "2026-08-02T14:53:36.881-07:00", "status": "ok", "reasons": ["heartbeat"]}
POWER_MONITOR_RECORD {"timestamp_pacific": "2026-08-02T14:54:37.229-07:00", "status": "ok", "reasons": ["heartbeat"]}
POWER_MONITOR_RECORD {"timestamp_pacific": "2026-08-02T14:55:37.567-07:00", "status": "ok", "reasons": ["heartbeat"]}
POWER_MONITOR_RECORD {"timestamp_pacific": "2026-08-02T14:56:37.896-07:00", "status": "ok", "reasons": ["heartbeat"]}
POWER_MONITOR_RECORD {"timestamp_pacific": "2026-08-02T14:57:38.237-07:00", "status": "ok", "reasons": ["heartbeat"]}
POWER_MONITOR_RECORD {"timestamp_pacific": "2026-08-02T14:58:38.570-07:00", "status": "ok", "reasons": ["heartbeat"]}
POWER_MONITOR_RECORD {"timestamp_pacific": "2026-08-02T14:59:38.915-07:00", "status": "ok", "reasons": ["heartbeat"]}
POWER_MONITOR_RECORD {"timestamp_pacific": "2026-08-02T15:00:39.249-07:00", "status": "ok", "reasons": ["heartbeat"]}
POWER_MONITOR_RECORD {"timestamp_pacific": "2026-08-02T15:01:39.593-07:00", "status": "ok", "reasons": ["heartbeat"]}
POWER_MONITOR_RECORD {"timestamp_pacific": "2026-08-02T15:02:39.924-07:00", "status": "ok", "reasons": ["heartbeat"]}
POWER_MONITOR_RECORD {"timestamp_pacific": "2026-08-02T15:03:40.255-07:00", "status": "ok", "reasons": ["heartbeat"]}
POWER_MONITOR_RECORD {"timestamp_pacific": "2026-08-02T15:04:36.572-07:00", "status": "ok", "reasons": ["voltage_change"]}
POWER_MONITOR_RECORD {"timestamp_pacific": "2026-08-02T15:05:36.910-07:00", "status": "ok", "reasons": ["heartbeat"]}
POWER_MONITOR_RECORD {"timestamp_pacific": "2026-08-02T15:06:37.258-07:00", "status": "ok", "reasons": ["heartbeat"]}
POWER_MONITOR_RECORD {"timestamp_pacific": "2026-08-02T15:07:37.596-07:00", "status": "ok", "reasons": ["heartbeat"]}
POWER_MONITOR_RECORD {"timestamp_pacific": "2026-08-02T15:08:37.937-07:00", "status": "ok", "reasons": ["heartbeat"]}
POWER_MONITOR_RECORD {"timestamp_pacific": "2026-08-02T15:09:38.286-07:00", "status": "ok", "reasons": ["heartbeat"]}
POWER_MONITOR_RECORD {"timestamp_pacific": "2026-08-02T15:10:38.620-07:00", "status": "ok", "reasons": ["heartbeat"]}
POWER_MONITOR_RECORD {"timestamp_pacific": "2026-08-02T15:11:38.951-07:00", "status": "ok", "reasons": ["heartbeat"]}
POWER_MONITOR_RECORD {"timestamp_pacific": "2026-08-02T15:12:39.280-07:00", "status": "ok", "reasons": ["heartbeat"]}
POWER_MONITOR_RECORD {"timestamp_pacific": "2026-08-02T15:13:39.608-07:00", "status": "ok", "reasons": ["heartbeat"]}
POWER_MONITOR_RECORD {"timestamp_pacific": "2026-08-02T15:14:39.957-07:00", "status": "ok", "reasons": ["heartbeat"]}
POWER_MONITOR_RECORD {"timestamp_pacific": "2026-08-02T15:15:40.287-07:00", "status": "ok", "reasons": ["heartbeat"]}
POWER_MONITOR_RECORD {"timestamp_pacific": "2026-08-02T15:16:40.636-07:00", "status": "ok", "reasons": ["heartbeat"]}
POWER_MONITOR_RECORD {"timestamp_pacific": "2026-08-02T15:17:40.968-07:00", "status": "ok", "reasons": ["heartbeat"]}
POWER_MONITOR_RECORD {"timestamp_pacific": "2026-08-02T15:18:41.317-07:00", "status": "ok", "reasons": ["heartbeat"]}
POWER_MONITOR_RECORD {"timestamp_pacific": "2026-08-02T15:19:41.665-07:00", "status": "ok", "reasons": ["heartbeat"]}
POWER_MONITOR_RECORD {"timestamp_pacific": "2026-08-02T15:20:41.997-07:00", "status": "ok", "reasons": ["heartbeat"]}
POWER_MONITOR_RECORD {"timestamp_pacific": "2026-08-02T15:21:42.328-07:00", "status": "ok", "reasons": ["heartbeat"]}
POWER_MONITOR_RECORD {"timestamp_pacific": "2026-08-02T15:22:42.676-07:00", "status": "ok", "reasons": ["heartbeat"]}
POWER_MONITOR_RECORD {"timestamp_pacific": "2026-08-02T15:23:43.024-07:00", "status": "ok", "reasons": ["heartbeat"]}
POWER_MONITOR_RECORD {"timestamp_pacific": "2026-08-02T15:24:43.371-07:00", "status": "ok", "reasons": ["heartbeat"]}
POWER_MONITOR_RECORD {"timestamp_pacific": "2026-08-02T15:25:43.703-07:00", "status": "ok", "reasons": ["heartbeat"]}
POWER_MONITOR_RECORD {"timestamp_pacific": "2026-08-02T15:26:44.034-07:00", "status": "ok", "reasons": ["heartbeat"]}
POWER_MONITOR_RECORD {"timestamp_pacific": "2026-08-02T15:27:44.381-07:00", "status": "ok", "reasons": ["heartbeat"]}
POWER_MONITOR_RECORD {"timestamp_pacific": "2026-08-02T15:28:44.729-07:00", "status": "ok", "reasons": ["heartbeat"]}
POWER_MONITOR_RECORD {"timestamp_pacific": "2026-08-02T15:29:45.060-07:00", "status": "ok", "reasons": ["heartbeat"]}
POWER_MONITOR_RECORD {"timestamp_pacific": "2026-08-02T15:30:45.389-07:00", "status": "ok", "reasons": ["heartbeat"]}
POWER_MONITOR_RECORD {"timestamp_pacific": "2026-08-02T15:31:45.737-07:00", "status": "ok", "reasons": ["heartbeat"]}
POWER_MONITOR_RECORD {"timestamp_pacific": "2026-08-02T15:32:46.069-07:00", "status": "ok", "reasons": ["heartbeat"]}
POWER_MONITOR_RECORD {"timestamp_pacific": "2026-08-02T15:33:46.399-07:00", "status": "ok", "reasons": ["heartbeat"]}
POWER_MONITOR_RECORD {"timestamp_pacific": "2026-08-02T15:34:46.747-07:00", "status": "ok", "reasons": ["heartbeat"]}
POWER_MONITOR_RECORD {"timestamp_pacific": "2026-08-02T15:35:47.096-07:00", "status": "ok", "reasons": ["heartbeat"]}
POWER_MONITOR_RECORD {"timestamp_pacific": "2026-08-02T15:36:47.426-07:00", "status": "ok", "reasons": ["heartbeat"]}
POWER_MONITOR_RECORD {"timestamp_pacific": "2026-08-02T15:37:47.758-07:00", "status": "ok", "reasons": ["heartbeat"]}
POWER_MONITOR_RECORD {"timestamp_pacific": "2026-08-02T15:38:48.106-07:00", "status": "ok", "reasons": ["heartbeat"]}
POWER_MONITOR_RECORD {"timestamp_pacific": "2026-08-02T15:39:48.452-07:00", "status": "ok", "reasons": ["heartbeat"]}
POWER_MONITOR_RECORD {"timestamp_pacific": "2026-08-02T15:40:48.784-07:00", "status": "ok", "reasons": ["heartbeat"]}
POWER_MONITOR_RECORD {"timestamp_pacific": "2026-08-02T15:41:49.116-07:00", "status": "ok", "reasons": ["heartbeat"]}
POWER_MONITOR_RECORD {"timestamp_pacific": "2026-08-02T15:42:49.463-07:00", "status": "ok", "reasons": ["heartbeat"]}
POWER_MONITOR_RECORD {"timestamp_pacific": "2026-08-02T15:43:49.812-07:00", "status": "ok", "reasons": ["heartbeat"]}
POWER_MONITOR_RECORD {"timestamp_pacific": "2026-08-02T15:44:50.158-07:00", "status": "ok", "reasons": ["heartbeat"]}
POWER_MONITOR_RECORD {"timestamp_pacific": "2026-08-02T15:45:50.489-07:00", "status": "ok", "reasons": ["heartbeat"]}
POWER_MONITOR_RECORD {"timestamp_pacific": "2026-08-02T15:46:50.837-07:00", "status": "ok", "reasons": ["heartbeat"]}
POWER_MONITOR_RECORD {"timestamp_pacific": "2026-08-02T15:47:51.186-07:00", "status": "ok", "reasons": ["heartbeat"]}
POWER_MONITOR_RECORD {"timestamp_pacific": "2026-08-02T15:48:51.518-07:00", "status": "ok", "reasons": ["heartbeat"]}
POWER_MONITOR_RECORD {"timestamp_pacific": "2026-08-02T15:49:51.849-07:00", "status": "ok", "reasons": ["heartbeat"]}
POWER_MONITOR_RECORD {"timestamp_pacific": "2026-08-02T15:50:52.178-07:00", "status": "ok", "reasons": ["heartbeat"]}
POWER_MONITOR_RECORD {"timestamp_pacific": "2026-08-02T15:51:52.525-07:00", "status": "ok", "reasons": ["heartbeat"]}
POWER_MONITOR_RECORD {"timestamp_pacific": "2026-08-02T15:52:52.857-07:00", "status": "ok", "reasons": ["heartbeat"]}
POWER_MONITOR_RECORD {"timestamp_pacific": "2026-08-02T15:53:53.189-07:00", "status": "ok", "reasons": ["heartbeat"]}
POWER_MONITOR_RECORD {"timestamp_pacific": "2026-08-02T15:54:53.538-07:00", "status": "ok", "reasons": ["heartbeat"]}
POWER_MONITOR_RECORD {"timestamp_pacific": "2026-08-02T15:55:53.887-07:00", "status": "ok", "reasons": ["heartbeat"]}
POWER_MONITOR_RECORD {"timestamp_pacific": "2026-08-02T15:56:54.217-07:00", "status": "ok", "reasons": ["heartbeat"]}
POWER_MONITOR_RECORD {"timestamp_pacific": "2026-08-02T15:57:54.546-07:00", "status": "ok", "reasons": ["heartbeat"]}
POWER_MONITOR_RECORD {"timestamp_pacific": "2026-08-02T15:58:54.874-07:00", "status": "ok", "reasons": ["heartbeat"]}
POWER_MONITOR_RECORD {"timestamp_pacific": "2026-08-02T15:59:18.007-07:00", "status": "ok", "reasons": ["voltage_change"]}
POWER_MONITOR_RECORD {"timestamp_pacific": "2026-08-02T15:59:38.113-07:00", "status": "ok", "reasons": ["voltage_change"]}
POWER_MONITOR_STOPPED {"output_csv": "/home/pi/conformance_testing_team/saved_data/conformance_runs/WH-1/run_2026_08_02_095927_PDT/power.csv", "timestamp_pacific": "2026-08-02T15:59:45.763-07:00"}
