event_id,timestamp_pacific,draw_elapsed_seconds,status,stop_reason,valve_state,target_volume_gal,accumulated_volume_gal,flow_gpm,hot_temp_c,hot_temp_f,cold_temp_c,cold_temp_f,ambient_temp_c,ambient_temp_f,hot_raw_counts,cold_raw_counts,flow_raw_counts,ambient_raw_counts,cold_source_station,cold_source_timestamp_pacific
water_draw_1,2026-09-03T15:05:51.167-07:00,0.000,drawing,,open,15.0,0.000005,3.692630,25.82,78.47,22.11,71.80,23.00,73.40,1214,1181,1200,230,WH-station1,2026-09-03T15:05:51.167-07:00
water_draw_1,2026-09-03T15:05:51.669-07:00,1.002,drawing,,open,15.0,0.061759,3.697779,26.03,78.85,22.00,71.61,22.80,73.04,1216,1180,1201,228,WH-station1,2026-09-03T15:05:51.669-07:00
water_draw_1,2026-09-03T15:05:52.171-07:00,1.504,drawing,,open,15.0,0.093297,3.769860,26.13,79.04,22.32,72.17,22.70,72.86,1217,1183,1215,227,WH-station1,2026-09-03T15:05:52.171-07:00
water_draw_1,2026-09-03T15:05:52.673-07:00,2.006,drawing,,open,15.0,0.124618,3.744117,26.44,79.60,22.32,72.17,22.30,72.14,1220,1183,1210,223,WH-station1,2026-09-03T15:05:52.672-07:00
water_draw_1,2026-09-03T15:05:53.175-07:00,2.508,drawing,,open,15.0,0.155121,3.646292,27.07,80.72,22.63,72.73,22.40,72.32,1226,1186,1191,224,WH-station1,2026-09-03T15:05:53.174-07:00
water_draw_1,2026-09-03T15:05:53.677-07:00,3.010,drawing,,open,15.0,0.184981,3.569062,27.90,82.23,22.42,72.36,22.80,73.04,1234,1184,1176,228,WH-station1,2026-09-03T15:05:53.676-07:00
water_draw_1,2026-09-03T15:05:54.179-07:00,3.512,drawing,,open,15.0,0.214278,3.502129,28.42,83.16,21.90,71.42,22.50,72.50,1239,1179,1163,225,WH-station1,2026-09-03T15:05:54.178-07:00
water_draw_1,2026-09-03T15:05:54.681-07:00,4.014,drawing,,open,15.0,0.243193,3.455791,29.15,84.47,22.42,72.36,23.10,73.58,1246,1184,1154,231,WH-station1,2026-09-03T15:05:54.680-07:00
water_draw_1,2026-09-03T15:05:55.183-07:00,4.516,drawing,,open,15.0,0.271888,3.430048,29.99,85.97,22.53,72.55,22.30,72.14,1254,1185,1149,223,WH-station1,2026-09-03T15:05:55.182-07:00
water_draw_1,2026-09-03T15:05:55.688-07:00,5.018,drawing,,open,15.0,0.300592,3.430048,30.51,86.91,22.42,72.36,22.80,73.04,1259,1184,1149,228,WH-station1,2026-09-03T15:05:55.687-07:00
water_draw_1,2026-09-03T15:05:56.193-07:00,5.523,drawing,,open,15.0,0.329314,3.409453,31.34,88.41,22.53,72.55,22.80,73.04,1267,1185,1145,228,WH-station1,2026-09-03T15:05:56.191-07:00
water_draw_1,2026-09-03T15:05:56.698-07:00,6.028,drawing,,open,15.0,0.357565,3.357966,31.76,89.16,22.11,71.80,22.50,72.50,1271,1181,1135,225,WH-station1,2026-09-03T15:05:56.696-07:00
water_draw_1,2026-09-03T15:05:57.207-07:00,6.533,drawing,,open,15.0,0.385636,3.337371,32.28,90.10,22.53,72.55,22.40,72.32,1276,1185,1131,224,WH-station1,2026-09-03T15:05:57.201-07:00
water_draw_1,2026-09-03T15:05:57.712-07:00,7.042,drawing,,open,15.0,0.413882,3.327074,32.80,91.04,22.42,72.36,22.80,73.04,1281,1184,1129,228,WH-station1,2026-09-03T15:05:57.710-07:00
water_draw_1,2026-09-03T15:05:58.217-07:00,7.547,drawing,,open,15.0,0.441842,3.321925,33.22,91.79,22.94,73.30,22.60,72.68,1285,1189,1128,226,WH-station1,2026-09-03T15:05:58.215-07:00
water_draw_1,2026-09-03T15:05:58.722-07:00,8.052,drawing,,open,15.0,0.469574,3.296182,33.94,93.10,22.21,71.98,22.90,73.22,1292,1182,1123,229,WH-station1,2026-09-03T15:05:58.720-07:00
water_draw_1,2026-09-03T15:05:59.226-07:00,8.557,drawing,,open,15.0,0.497041,3.265290,34.47,94.04,22.32,72.17,22.40,72.32,1297,1183,1117,224,WH-station1,2026-09-03T15:05:59.225-07:00
water_draw_1,2026-09-03T15:05:59.731-07:00,9.062,drawing,,open,15.0,0.524819,3.301331,35.09,95.16,22.42,72.36,22.40,72.32,1303,1184,1124,224,WH-station1,2026-09-03T15:05:59.730-07:00
water_draw_1,2026-09-03T15:06:00.236-07:00,9.566,drawing,,open,15.0,0.552327,3.270439,35.51,95.91,22.32,72.17,22.30,72.14,1307,1183,1118,223,WH-station1,2026-09-03T15:06:00.234-07:00
water_draw_1,2026-09-03T15:06:00.741-07:00,10.071,drawing,,open,15.0,0.579845,3.270439,35.51,95.91,22.32,72.17,22.80,73.04,1307,1183,1118,228,WH-station1,2026-09-03T15:06:00.739-07:00
water_draw_1,2026-09-03T15:06:01.246-07:00,10.576,drawing,,open,15.0,0.607220,3.254993,36.65,97.98,22.73,72.92,22.60,72.68,1318,1187,1115,226,WH-station1,2026-09-03T15:06:01.244-07:00
water_draw_1,2026-09-03T15:06:01.750-07:00,11.081,drawing,,open,15.0,0.634616,3.254993,36.65,97.98,22.63,72.73,22.50,72.50,1318,1186,1115,225,WH-station1,2026-09-03T15:06:01.749-07:00
water_draw_1,2026-09-03T15:06:02.255-07:00,11.585,drawing,,open,15.0,0.661948,3.249844,37.07,98.73,22.32,72.17,22.50,72.50,1322,1183,1114,225,WH-station1,2026-09-03T15:06:02.253-07:00
water_draw_1,2026-09-03T15:06:02.761-07:00,12.090,drawing,,open,15.0,0.689370,3.260141,37.49,99.48,22.32,72.17,22.70,72.86,1326,1183,1116,227,WH-station1,2026-09-03T15:06:02.759-07:00
water_draw_1,2026-09-03T15:06:03.266-07:00,12.596,drawing,,open,15.0,0.716876,3.260141,37.90,100.23,22.11,71.80,22.30,72.14,1330,1181,1116,223,WH-station1,2026-09-03T15:06:03.264-07:00
water_draw_1,2026-09-03T15:06:03.770-07:00,13.101,drawing,,open,15.0,0.744128,3.239547,38.32,100.98,22.63,72.73,22.80,73.04,1334,1186,1112,228,WH-station1,2026-09-03T15:06:03.769-07:00
water_draw_1,2026-09-03T15:06:04.276-07:00,13.606,drawing,,open,15.0,0.771329,3.234398,38.84,101.91,22.63,72.73,22.40,72.32,1339,1186,1111,224,WH-station1,2026-09-03T15:06:04.274-07:00
water_draw_1,2026-09-03T15:06:04.781-07:00,14.111,drawing,,open,15.0,0.798701,3.249844,39.15,102.48,22.21,71.98,22.50,72.50,1342,1182,1114,225,WH-station1,2026-09-03T15:06:04.779-07:00
water_draw_1,2026-09-03T15:06:05.283-07:00,14.616,drawing,,open,15.0,0.826033,3.244695,39.57,103.23,22.42,72.36,22.60,72.68,1346,1184,1113,226,WH-station1,2026-09-03T15:06:05.282-07:00
water_draw_1,2026-09-03T15:06:05.785-07:00,15.118,drawing,,open,15.0,0.853056,3.234398,39.78,103.60,22.42,72.36,22.60,72.68,1348,1184,1111,226,WH-station1,2026-09-03T15:06:05.784-07:00
water_draw_1,2026-09-03T15:06:06.287-07:00,15.620,drawing,,open,15.0,0.880120,3.234398,40.19,104.35,22.42,72.36,22.80,73.04,1352,1184,1111,228,WH-station1,2026-09-03T15:06:06.286-07:00
water_draw_1,2026-09-03T15:06:06.789-07:00,16.122,drawing,,open,15.0,0.907396,3.260141,40.30,104.54,22.53,72.55,22.50,72.50,1353,1185,1116,225,WH-station1,2026-09-03T15:06:06.788-07:00
water_draw_1,2026-09-03T15:06:07.291-07:00,16.624,drawing,,open,15.0,0.934625,3.254993,40.72,105.29,22.11,71.80,22.30,72.14,1357,1181,1115,223,WH-station1,2026-09-03T15:06:07.290-07:00
water_draw_1,2026-09-03T15:06:07.793-07:00,17.126,drawing,,open,15.0,0.961858,3.254993,41.13,106.04,22.73,72.92,22.60,72.68,1361,1187,1115,226,WH-station1,2026-09-03T15:06:07.792-07:00
water_draw_1,2026-09-03T15:06:08.295-07:00,17.628,drawing,,open,15.0,0.989090,3.254993,41.34,106.41,22.00,71.61,22.30,72.14,1363,1180,1115,223,WH-station1,2026-09-03T15:06:08.294-07:00
water_draw_1,2026-09-03T15:06:08.797-07:00,18.130,drawing,,open,15.0,1.015979,3.213803,41.55,106.79,22.32,72.17,22.50,72.50,1365,1183,1107,225,WH-station1,2026-09-03T15:06:08.796-07:00
water_draw_1,2026-09-03T15:06:09.299-07:00,18.631,drawing,,open,15.0,1.043037,3.234398,42.07,107.73,22.42,72.36,22.80,73.04,1370,1184,1111,228,WH-station1,2026-09-03T15:06:09.298-07:00
water_draw_1,2026-09-03T15:06:09.801-07:00,19.133,drawing,,open,15.0,1.070270,3.254993,41.97,107.54,22.11,71.80,23.00,73.40,1369,1181,1115,230,WH-station1,2026-09-03T15:06:09.800-07:00
water_draw_1,2026-09-03T15:06:10.306-07:00,19.636,drawing,,open,15.0,1.097335,3.234398,42.59,108.66,22.00,71.61,22.90,73.22,1375,1180,1111,229,WH-station1,2026-09-03T15:06:10.304-07:00
water_draw_1,2026-09-03T15:06:10.812-07:00,20.141,drawing,,open,15.0,1.124444,3.218952,42.69,108.85,22.42,72.36,22.80,73.04,1376,1184,1108,228,WH-station1,2026-09-03T15:06:10.810-07:00
water_draw_1,2026-09-03T15:06:11.317-07:00,20.647,drawing,,open,15.0,1.151472,3.203506,42.80,109.04,22.00,71.61,22.40,72.32,1377,1180,1105,224,WH-station1,2026-09-03T15:06:11.316-07:00
water_draw_1,2026-09-03T15:06:11.822-07:00,21.152,drawing,,open,15.0,1.178629,3.224101,42.90,109.23,22.00,71.61,23.00,73.40,1378,1180,1109,230,WH-station1,2026-09-03T15:06:11.820-07:00
water_draw_1,2026-09-03T15:06:12.327-07:00,21.657,drawing,,open,15.0,1.205658,3.213803,43.53,110.35,22.42,72.36,22.60,72.68,1384,1184,1107,226,WH-station1,2026-09-03T15:06:12.325-07:00
water_draw_1,2026-09-03T15:06:12.832-07:00,22.162,drawing,,open,15.0,1.232780,3.224101,43.63,110.54,22.42,72.36,22.70,72.86,1385,1184,1109,227,WH-station1,2026-09-03T15:06:12.830-07:00
water_draw_1,2026-09-03T15:06:13.337-07:00,22.667,drawing,,open,15.0,1.259789,3.208655,44.05,111.29,21.80,71.23,22.70,72.86,1389,1178,1106,227,WH-station1,2026-09-03T15:06:13.335-07:00
water_draw_1,2026-09-03T15:06:13.842-07:00,23.172,drawing,,open,15.0,1.286851,3.213803,44.05,111.29,22.11,71.80,22.40,72.32,1389,1181,1107,224,WH-station1,2026-09-03T15:06:13.841-07:00
water_draw_1,2026-09-03T15:06:14.347-07:00,23.677,drawing,,open,15.0,1.313821,3.203506,43.94,111.10,21.59,70.86,22.30,72.14,1388,1176,1105,223,WH-station1,2026-09-03T15:06:14.346-07:00
water_draw_1,2026-09-03T15:06:14.853-07:00,24.182,drawing,,open,15.0,1.340882,3.213803,44.05,111.29,21.80,71.23,22.90,73.22,1389,1178,1107,229,WH-station1,2026-09-03T15:06:14.851-07:00
water_draw_1,2026-09-03T15:06:15.358-07:00,24.688,drawing,,open,15.0,1.367854,3.203506,44.26,111.66,22.11,71.80,22.30,72.14,1391,1181,1105,223,WH-station1,2026-09-03T15:06:15.356-07:00
water_draw_1,2026-09-03T15:06:15.863-07:00,25.193,drawing,,open,15.0,1.394872,3.208655,44.47,112.04,21.59,70.86,22.40,72.32,1393,1176,1106,224,WH-station1,2026-09-03T15:06:15.861-07:00
water_draw_1,2026-09-03T15:06:16.368-07:00,25.698,drawing,,open,15.0,1.421885,3.208655,44.67,112.41,21.90,71.42,23.00,73.40,1395,1179,1106,230,WH-station1,2026-09-03T15:06:16.367-07:00
water_draw_1,2026-09-03T15:06:16.873-07:00,26.203,drawing,,open,15.0,1.449212,3.244695,44.99,112.97,22.00,71.61,22.20,71.96,1398,1180,1113,222,WH-station1,2026-09-03T15:06:16.872-07:00
water_draw_1,2026-09-03T15:06:17.379-07:00,26.708,drawing,,open,15.0,1.476224,3.208655,45.09,113.16,21.90,71.42,22.80,73.04,1399,1179,1106,228,WH-station1,2026-09-03T15:06:17.377-07:00
water_draw_1,2026-09-03T15:06:17.884-07:00,27.214,drawing,,open,15.0,1.503240,3.208655,45.51,113.91,21.69,71.05,22.60,72.68,1403,1177,1106,226,WH-station1,2026-09-03T15:06:17.882-07:00
water_draw_1,2026-09-03T15:06:18.389-07:00,27.719,drawing,,open,15.0,1.530213,3.203506,45.61,114.10,21.48,70.67,22.90,73.22,1404,1175,1105,229,WH-station1,2026-09-03T15:06:18.387-07:00
water_draw_1,2026-09-03T15:06:18.894-07:00,28.224,drawing,,open,15.0,1.557320,3.218952,45.61,114.10,21.38,70.48,22.80,73.04,1404,1174,1108,228,WH-station1,2026-09-03T15:06:18.893-07:00
water_draw_1,2026-09-03T15:06:19.399-07:00,28.729,drawing,,open,15.0,1.584503,3.229249,45.61,114.10,21.80,71.23,22.40,72.32,1404,1178,1110,224,WH-station1,2026-09-03T15:06:19.398-07:00
water_draw_1,2026-09-03T15:06:19.904-07:00,29.234,drawing,,open,15.0,1.611651,3.224101,45.92,114.66,21.69,71.05,22.60,72.68,1407,1177,1109,226,WH-station1,2026-09-03T15:06:19.903-07:00
water_draw_1,2026-09-03T15:06:20.410-07:00,29.740,drawing,,open,15.0,1.638756,3.218952,45.92,114.66,21.48,70.67,22.10,71.78,1407,1175,1108,221,WH-station1,2026-09-03T15:06:20.408-07:00
water_draw_1,2026-09-03T15:06:20.915-07:00,30.245,drawing,,open,15.0,1.665769,3.208655,46.13,115.04,21.48,70.67,22.90,73.22,1409,1175,1106,229,WH-station1,2026-09-03T15:06:20.913-07:00
water_draw_1,2026-09-03T15:06:21.420-07:00,30.750,drawing,,open,15.0,1.692996,3.234398,46.55,115.79,21.38,70.48,22.20,71.96,1413,1174,1111,222,WH-station1,2026-09-03T15:06:21.418-07:00
water_draw_1,2026-09-03T15:06:21.925-07:00,31.255,drawing,,open,15.0,1.720365,3.249844,46.55,115.79,21.17,70.11,22.30,72.14,1413,1172,1114,223,WH-station1,2026-09-03T15:06:21.924-07:00
water_draw_1,2026-09-03T15:06:22.430-07:00,31.760,drawing,,open,15.0,1.747555,3.229249,46.44,115.60,21.38,70.48,22.50,72.50,1412,1174,1110,225,WH-station1,2026-09-03T15:06:22.429-07:00
water_draw_1,2026-09-03T15:06:22.935-07:00,32.265,drawing,,open,15.0,1.774871,3.244695,46.86,116.35,21.28,70.30,22.80,73.04,1416,1173,1113,228,WH-station1,2026-09-03T15:06:22.934-07:00
water_draw_1,2026-09-03T15:06:23.441-07:00,32.770,drawing,,open,15.0,1.802058,3.229249,46.76,116.16,21.07,69.92,22.90,73.22,1415,1171,1110,229,WH-station1,2026-09-03T15:06:23.439-07:00
water_draw_1,2026-09-03T15:06:23.946-07:00,33.276,drawing,,open,15.0,1.829347,3.239547,47.07,116.72,20.96,69.73,22.60,72.68,1418,1170,1112,226,WH-station1,2026-09-03T15:06:23.944-07:00
water_draw_1,2026-09-03T15:06:24.451-07:00,33.781,drawing,,open,15.0,1.856483,3.224101,47.28,117.10,20.96,69.73,22.60,72.68,1420,1170,1109,226,WH-station1,2026-09-03T15:06:24.450-07:00
water_draw_1,2026-09-03T15:06:24.956-07:00,34.286,drawing,,open,15.0,1.883671,3.229249,46.97,116.54,21.17,70.11,22.30,72.14,1417,1172,1110,223,WH-station1,2026-09-03T15:06:24.955-07:00
water_draw_1,2026-09-03T15:06:25.462-07:00,34.791,drawing,,open,15.0,1.910652,3.203506,47.49,117.47,21.17,70.11,22.30,72.14,1422,1172,1105,223,WH-station1,2026-09-03T15:06:25.460-07:00
water_draw_1,2026-09-03T15:06:25.967-07:00,35.297,drawing,,open,15.0,1.937842,3.229249,47.07,116.72,21.38,70.48,22.30,72.14,1418,1174,1110,223,WH-station1,2026-09-03T15:06:25.965-07:00
water_draw_1,2026-09-03T15:06:26.472-07:00,35.802,drawing,,open,15.0,1.965157,3.244695,47.59,117.66,21.07,69.92,23.00,73.40,1423,1171,1113,230,WH-station1,2026-09-03T15:06:26.470-07:00
water_draw_1,2026-09-03T15:06:26.977-07:00,36.307,drawing,,open,15.0,1.992223,3.213803,47.38,117.29,21.28,70.30,22.30,72.14,1421,1173,1107,223,WH-station1,2026-09-03T15:06:26.976-07:00
water_draw_1,2026-09-03T15:06:27.482-07:00,36.812,drawing,,open,15.0,2.019145,3.198357,47.59,117.66,21.48,70.67,22.40,72.32,1423,1175,1104,224,WH-station1,2026-09-03T15:06:27.481-07:00
water_draw_1,2026-09-03T15:06:27.987-07:00,37.317,drawing,,open,15.0,2.046374,3.234398,47.80,118.04,21.28,70.30,22.10,71.78,1425,1173,1111,221,WH-station1,2026-09-03T15:06:27.986-07:00
water_draw_1,2026-09-03T15:06:28.493-07:00,37.822,drawing,,open,15.0,2.073437,3.213803,48.01,118.41,21.28,70.30,22.90,73.22,1427,1173,1107,229,WH-station1,2026-09-03T15:06:28.491-07:00
water_draw_1,2026-09-03T15:06:28.998-07:00,38.328,drawing,,open,15.0,2.100756,3.244695,48.11,118.60,21.07,69.92,22.70,72.86,1428,1171,1113,227,WH-station1,2026-09-03T15:06:28.996-07:00
water_draw_1,2026-09-03T15:06:29.503-07:00,38.833,drawing,,open,15.0,2.127943,3.229249,47.80,118.04,20.96,69.73,22.90,73.22,1425,1170,1110,229,WH-station1,2026-09-03T15:06:29.501-07:00
water_draw_1,2026-09-03T15:06:30.008-07:00,39.338,drawing,,open,15.0,2.155082,3.224101,47.90,118.22,20.96,69.73,22.50,72.50,1426,1170,1109,225,WH-station1,2026-09-03T15:06:30.006-07:00
water_draw_1,2026-09-03T15:06:30.513-07:00,39.843,drawing,,open,15.0,2.182277,3.229249,48.22,118.79,20.96,69.73,22.90,73.22,1429,1170,1110,229,WH-station1,2026-09-03T15:06:30.512-07:00
water_draw_1,2026-09-03T15:06:31.018-07:00,40.348,drawing,,open,15.0,2.209595,3.244695,48.53,119.35,20.65,69.17,22.20,71.96,1432,1167,1113,222,WH-station1,2026-09-03T15:06:31.017-07:00
water_draw_1,2026-09-03T15:06:31.523-07:00,40.853,drawing,,open,15.0,2.236956,3.249844,48.63,119.54,21.07,69.92,22.50,72.50,1433,1171,1114,225,WH-station1,2026-09-03T15:06:31.522-07:00
water_draw_1,2026-09-03T15:06:32.029-07:00,41.359,drawing,,open,15.0,2.263927,3.203506,48.74,119.72,20.75,69.36,22.30,72.14,1434,1168,1105,223,WH-station1,2026-09-03T15:06:32.027-07:00
water_draw_1,2026-09-03T15:06:32.534-07:00,41.864,drawing,,open,15.0,2.291243,3.244695,48.74,119.72,20.75,69.36,22.80,73.04,1434,1168,1113,228,WH-station1,2026-09-03T15:06:32.532-07:00
water_draw_1,2026-09-03T15:06:33.039-07:00,42.369,drawing,,open,15.0,2.318511,3.239547,48.74,119.72,21.07,69.92,22.50,72.50,1434,1171,1112,225,WH-station1,2026-09-03T15:06:33.037-07:00
water_draw_1,2026-09-03T15:06:33.544-07:00,42.874,drawing,,open,15.0,2.345829,3.244695,48.74,119.72,20.65,69.17,22.40,72.32,1434,1167,1113,224,WH-station1,2026-09-03T15:06:33.542-07:00
water_draw_1,2026-09-03T15:06:34.049-07:00,43.379,drawing,,open,15.0,2.373059,3.234398,48.84,119.91,20.86,69.55,22.70,72.86,1435,1169,1111,227,WH-station1,2026-09-03T15:06:34.048-07:00
water_draw_1,2026-09-03T15:06:34.554-07:00,43.884,drawing,,open,15.0,2.400376,3.244695,48.63,119.54,20.86,69.55,22.60,72.68,1433,1169,1113,226,WH-station1,2026-09-03T15:06:34.553-07:00
water_draw_1,2026-09-03T15:06:35.060-07:00,44.389,drawing,,open,15.0,2.427914,3.270439,48.63,119.54,20.75,69.36,22.70,72.86,1433,1168,1118,227,WH-station1,2026-09-03T15:06:35.058-07:00
water_draw_1,2026-09-03T15:06:35.562-07:00,44.895,drawing,,open,15.0,2.455111,3.229249,49.05,120.29,20.75,69.36,22.30,72.14,1437,1168,1110,223,WH-station1,2026-09-03T15:06:35.561-07:00
water_draw_1,2026-09-03T15:06:36.064-07:00,45.396,drawing,,open,15.0,2.482163,3.234398,49.15,120.48,20.65,69.17,22.30,72.14,1438,1167,1111,223,WH-station1,2026-09-03T15:06:36.063-07:00
water_draw_1,2026-09-03T15:06:36.566-07:00,45.899,drawing,,open,15.0,2.509492,3.265290,49.15,120.48,21.17,70.11,22.80,73.04,1438,1172,1117,228,WH-station1,2026-09-03T15:06:36.565-07:00
water_draw_1,2026-09-03T15:06:37.068-07:00,46.401,drawing,,open,15.0,2.536819,3.265290,48.74,119.72,20.65,69.17,22.40,72.32,1434,1167,1117,224,WH-station1,2026-09-03T15:06:37.068-07:00
water_draw_1,2026-09-03T15:06:37.570-07:00,46.903,drawing,,open,15.0,2.564108,3.260141,48.94,120.10,20.96,69.73,22.40,72.32,1436,1170,1116,224,WH-station1,2026-09-03T15:06:37.570-07:00
water_draw_1,2026-09-03T15:06:38.073-07:00,47.405,drawing,,open,15.0,2.591306,3.249844,49.15,120.48,20.96,69.73,22.40,72.32,1438,1170,1114,224,WH-station1,2026-09-03T15:06:38.072-07:00
water_draw_1,2026-09-03T15:06:38.575-07:00,47.907,drawing,,open,15.0,2.618551,3.254993,49.47,121.04,20.55,68.98,22.80,73.04,1441,1166,1115,228,WH-station1,2026-09-03T15:06:38.574-07:00
water_draw_1,2026-09-03T15:06:39.077-07:00,48.410,drawing,,open,15.0,2.645837,3.260141,49.36,120.85,20.65,69.17,22.80,73.04,1440,1167,1116,228,WH-station1,2026-09-03T15:06:39.076-07:00
water_draw_1,2026-09-03T15:06:39.579-07:00,48.912,drawing,,open,15.0,2.673641,3.321925,49.47,121.04,20.65,69.17,22.40,72.32,1441,1167,1128,224,WH-station1,2026-09-03T15:06:39.578-07:00
water_draw_1,2026-09-03T15:06:40.081-07:00,49.414,drawing,,open,15.0,2.700928,3.260141,49.47,121.04,20.65,69.17,22.70,72.86,1441,1167,1116,227,WH-station1,2026-09-03T15:06:40.081-07:00
water_draw_1,2026-09-03T15:06:40.587-07:00,49.916,drawing,,open,15.0,2.728348,3.275587,49.67,121.41,20.44,68.80,22.80,73.04,1443,1165,1119,228,WH-station1,2026-09-03T15:06:40.585-07:00
water_draw_1,2026-09-03T15:06:41.092-07:00,50.422,drawing,,open,15.0,2.756027,3.285885,49.26,120.66,20.55,68.98,22.90,73.22,1439,1166,1121,229,WH-station1,2026-09-03T15:06:41.090-07:00
water_draw_1,2026-09-03T15:06:41.597-07:00,50.927,drawing,,open,15.0,2.783831,3.301331,49.67,121.41,20.44,68.80,22.60,72.68,1443,1165,1124,226,WH-station1,2026-09-03T15:06:41.596-07:00
water_draw_1,2026-09-03T15:06:42.102-07:00,51.432,drawing,,open,15.0,2.811368,3.270439,49.47,121.04,20.65,69.17,22.50,72.50,1441,1167,1118,225,WH-station1,2026-09-03T15:06:42.101-07:00
water_draw_1,2026-09-03T15:06:42.607-07:00,51.937,drawing,,open,15.0,2.838859,3.265290,49.78,121.60,20.75,69.36,22.60,72.68,1444,1168,1117,226,WH-station1,2026-09-03T15:06:42.606-07:00
water_draw_1,2026-09-03T15:06:43.113-07:00,52.442,drawing,,open,15.0,2.866261,3.254993,49.36,120.85,20.65,69.17,22.90,73.22,1440,1167,1115,229,WH-station1,2026-09-03T15:06:43.111-07:00
water_draw_1,2026-09-03T15:06:43.618-07:00,52.948,drawing,,open,15.0,2.893712,3.260141,49.88,121.79,20.44,68.80,22.80,73.04,1445,1165,1116,228,WH-station1,2026-09-03T15:06:43.616-07:00
water_draw_1,2026-09-03T15:06:44.123-07:00,53.453,drawing,,open,15.0,2.921157,3.260141,49.57,121.23,20.86,69.55,22.50,72.50,1442,1169,1116,225,WH-station1,2026-09-03T15:06:44.121-07:00
water_draw_1,2026-09-03T15:06:44.628-07:00,53.958,drawing,,open,15.0,2.948778,3.280736,49.88,121.79,20.75,69.36,22.80,73.04,1445,1168,1120,228,WH-station1,2026-09-03T15:06:44.626-07:00
water_draw_1,2026-09-03T15:06:45.133-07:00,54.463,drawing,,open,15.0,2.976399,3.280736,49.99,121.98,20.75,69.36,22.90,73.22,1446,1168,1120,229,WH-station1,2026-09-03T15:06:45.132-07:00
water_draw_1,2026-09-03T15:06:45.638-07:00,54.968,drawing,,open,15.0,3.003851,3.260141,49.78,121.60,20.86,69.55,22.80,73.04,1444,1169,1116,228,WH-station1,2026-09-03T15:06:45.637-07:00
water_draw_1,2026-09-03T15:06:46.143-07:00,55.473,drawing,,open,15.0,3.031470,3.280736,49.67,121.41,20.65,69.17,22.40,72.32,1443,1167,1120,224,WH-station1,2026-09-03T15:06:46.142-07:00
water_draw_1,2026-09-03T15:06:46.649-07:00,55.978,drawing,,open,15.0,3.059005,3.270439,49.88,121.79,20.44,68.80,22.50,72.50,1445,1165,1118,225,WH-station1,2026-09-03T15:06:46.647-07:00
water_draw_1,2026-09-03T15:06:47.154-07:00,56.484,drawing,,open,15.0,3.086403,3.254993,49.88,121.79,20.65,69.17,22.80,73.04,1445,1167,1115,228,WH-station1,2026-09-03T15:06:47.152-07:00
water_draw_1,2026-09-03T15:06:47.659-07:00,56.989,drawing,,open,15.0,3.114065,3.285885,50.30,122.54,20.65,69.17,22.70,72.86,1449,1167,1121,227,WH-station1,2026-09-03T15:06:47.657-07:00
water_draw_1,2026-09-03T15:06:48.164-07:00,57.494,drawing,,open,15.0,3.141510,3.260141,49.88,121.79,20.23,68.42,22.40,72.32,1445,1163,1116,224,WH-station1,2026-09-03T15:06:48.162-07:00
water_draw_1,2026-09-03T15:06:48.669-07:00,57.999,drawing,,open,15.0,3.168962,3.260141,50.40,122.73,20.65,69.17,22.70,72.86,1450,1167,1116,227,WH-station1,2026-09-03T15:06:48.668-07:00
water_draw_1,2026-09-03T15:06:49.174-07:00,58.504,drawing,,open,15.0,3.196412,3.260141,50.30,122.54,20.44,68.80,23.10,73.58,1449,1165,1116,231,WH-station1,2026-09-03T15:06:49.173-07:00
water_draw_1,2026-09-03T15:06:49.679-07:00,59.009,drawing,,open,15.0,3.223767,3.249844,50.09,122.16,20.75,69.36,22.60,72.68,1447,1168,1114,226,WH-station1,2026-09-03T15:06:49.678-07:00
water_draw_1,2026-09-03T15:06:50.185-07:00,59.514,drawing,,open,15.0,3.251265,3.265290,50.09,122.16,20.75,69.36,22.90,73.22,1447,1168,1117,229,WH-station1,2026-09-03T15:06:50.183-07:00
water_draw_1,2026-09-03T15:06:50.690-07:00,60.020,drawing,,open,15.0,3.278797,3.270439,49.99,121.98,20.75,69.36,22.80,73.04,1446,1168,1118,228,WH-station1,2026-09-03T15:06:50.688-07:00
water_draw_1,2026-09-03T15:06:51.195-07:00,60.525,drawing,,open,15.0,3.306327,3.270439,50.19,122.35,20.86,69.55,22.60,72.68,1448,1169,1118,226,WH-station1,2026-09-03T15:06:51.193-07:00
water_draw_1,2026-09-03T15:06:51.700-07:00,61.030,drawing,,open,15.0,3.333946,3.280736,50.51,122.91,20.65,69.17,22.40,72.32,1451,1167,1120,224,WH-station1,2026-09-03T15:06:51.698-07:00
water_draw_1,2026-09-03T15:06:52.205-07:00,61.535,drawing,,open,15.0,3.361395,3.260141,50.09,122.16,20.55,68.98,22.70,72.86,1447,1166,1116,227,WH-station1,2026-09-03T15:06:52.203-07:00
water_draw_1,2026-09-03T15:06:52.710-07:00,62.040,drawing,,open,15.0,3.388970,3.275587,50.19,122.35,20.75,69.36,22.30,72.14,1448,1168,1119,223,WH-station1,2026-09-03T15:06:52.709-07:00
water_draw_1,2026-09-03T15:06:53.215-07:00,62.545,drawing,,open,15.0,3.416457,3.265290,50.61,123.10,20.44,68.80,22.40,72.32,1452,1165,1117,224,WH-station1,2026-09-03T15:06:53.214-07:00
water_draw_1,2026-09-03T15:06:53.720-07:00,63.050,drawing,,open,15.0,3.443905,3.260141,50.40,122.73,20.86,69.55,22.80,73.04,1450,1169,1116,228,WH-station1,2026-09-03T15:06:53.719-07:00
water_draw_1,2026-09-03T15:06:54.226-07:00,63.555,drawing,,open,15.0,3.471438,3.270439,50.51,122.91,20.75,69.36,22.70,72.86,1451,1168,1118,227,WH-station1,2026-09-03T15:06:54.224-07:00
water_draw_1,2026-09-03T15:06:54.731-07:00,64.061,drawing,,open,15.0,3.498844,3.254993,50.40,122.73,20.55,68.98,22.40,72.32,1450,1166,1115,224,WH-station1,2026-09-03T15:06:54.729-07:00
water_draw_1,2026-09-03T15:06:55.236-07:00,64.566,drawing,,open,15.0,3.526290,3.260141,50.61,123.10,20.55,68.98,22.90,73.22,1452,1166,1116,229,WH-station1,2026-09-03T15:06:55.234-07:00
water_draw_1,2026-09-03T15:06:55.741-07:00,65.071,drawing,,open,15.0,3.553694,3.254993,50.40,122.73,20.34,68.61,23.00,73.40,1450,1164,1115,230,WH-station1,2026-09-03T15:06:55.739-07:00
water_draw_1,2026-09-03T15:06:56.246-07:00,65.576,drawing,,open,15.0,3.581358,3.285885,50.72,123.29,20.55,68.98,22.20,71.96,1453,1166,1121,222,WH-station1,2026-09-03T15:06:56.245-07:00
water_draw_1,2026-09-03T15:06:56.751-07:00,66.081,drawing,,open,15.0,3.608937,3.275587,50.61,123.10,20.44,68.80,22.40,72.32,1452,1165,1119,224,WH-station1,2026-09-03T15:06:56.750-07:00
water_draw_1,2026-09-03T15:06:57.256-07:00,66.586,drawing,,open,15.0,3.636561,3.280736,50.51,122.91,20.65,69.17,22.30,72.14,1451,1167,1120,223,WH-station1,2026-09-03T15:06:57.255-07:00
water_draw_1,2026-09-03T15:06:57.761-07:00,67.091,drawing,,open,15.0,3.664220,3.285885,50.82,123.47,20.44,68.80,22.70,72.86,1454,1165,1121,227,WH-station1,2026-09-03T15:06:57.760-07:00
water_draw_1,2026-09-03T15:06:58.267-07:00,67.596,drawing,,open,15.0,3.691879,3.285885,50.51,122.91,20.34,68.61,22.60,72.68,1451,1164,1121,226,WH-station1,2026-09-03T15:06:58.265-07:00
water_draw_1,2026-09-03T15:06:58.772-07:00,68.102,drawing,,open,15.0,3.719630,3.296182,50.82,123.47,20.44,68.80,22.40,72.32,1454,1165,1123,224,WH-station1,2026-09-03T15:06:58.770-07:00
water_draw_1,2026-09-03T15:06:59.277-07:00,68.607,drawing,,open,15.0,3.746990,3.249844,50.72,123.29,20.65,69.17,22.60,72.68,1453,1167,1114,226,WH-station1,2026-09-03T15:06:59.275-07:00
water_draw_1,2026-09-03T15:06:59.782-07:00,69.112,drawing,,open,15.0,3.774627,3.280736,50.61,123.10,20.96,69.73,22.50,72.50,1452,1170,1120,225,WH-station1,2026-09-03T15:06:59.781-07:00
water_draw_1,2026-09-03T15:07:00.287-07:00,69.617,drawing,,open,15.0,3.802189,3.275587,50.92,123.66,20.96,69.73,23.00,73.40,1455,1170,1119,230,WH-station1,2026-09-03T15:07:00.286-07:00
water_draw_1,2026-09-03T15:07:00.792-07:00,70.122,drawing,,open,15.0,3.829768,3.275587,50.61,123.10,20.75,69.36,22.40,72.32,1452,1168,1119,224,WH-station1,2026-09-03T15:07:00.791-07:00
water_draw_1,2026-09-03T15:07:01.297-07:00,70.627,drawing,,open,15.0,3.857435,3.285885,50.61,123.10,20.44,68.80,22.40,72.32,1452,1165,1121,224,WH-station1,2026-09-03T15:07:01.296-07:00
water_draw_1,2026-09-03T15:07:01.802-07:00,71.132,drawing,,open,15.0,3.885074,3.285885,50.82,123.47,20.96,69.73,22.80,73.04,1454,1170,1121,228,WH-station1,2026-09-03T15:07:01.801-07:00
water_draw_1,2026-09-03T15:07:02.307-07:00,71.637,drawing,,open,15.0,3.912741,3.285885,50.82,123.47,20.75,69.36,22.40,72.32,1454,1168,1121,224,WH-station1,2026-09-03T15:07:02.305-07:00
water_draw_1,2026-09-03T15:07:02.812-07:00,72.142,drawing,,open,15.0,3.940022,3.244695,50.82,123.47,20.65,69.17,22.50,72.50,1454,1167,1113,225,WH-station1,2026-09-03T15:07:02.810-07:00
water_draw_1,2026-09-03T15:07:03.317-07:00,72.647,drawing,,open,15.0,3.967687,3.285885,50.92,123.66,20.75,69.36,22.90,73.22,1455,1168,1121,229,WH-station1,2026-09-03T15:07:03.315-07:00
water_draw_1,2026-09-03T15:07:03.822-07:00,73.152,drawing,,open,15.0,3.995309,3.280736,50.61,123.10,20.75,69.36,22.60,72.68,1452,1168,1120,226,WH-station1,2026-09-03T15:07:03.821-07:00
water_draw_1,2026-09-03T15:07:04.327-07:00,73.657,drawing,,open,15.0,4.022968,3.285885,50.61,123.10,20.34,68.61,22.50,72.50,1452,1164,1121,225,WH-station1,2026-09-03T15:07:04.326-07:00
water_draw_1,2026-09-03T15:07:04.833-07:00,74.162,drawing,,open,15.0,4.050506,3.270439,50.61,123.10,20.44,68.80,23.00,73.40,1452,1165,1118,230,WH-station1,2026-09-03T15:07:04.831-07:00
water_draw_1,2026-09-03T15:07:05.335-07:00,74.668,drawing,,open,15.0,4.078124,3.275587,51.13,124.04,20.55,68.98,22.70,72.86,1457,1166,1119,227,WH-station1,2026-09-03T15:07:05.334-07:00
water_draw_1,2026-09-03T15:07:05.837-07:00,75.169,drawing,,open,15.0,4.105391,3.265290,50.82,123.47,20.96,69.73,22.60,72.68,1454,1170,1117,226,WH-station1,2026-09-03T15:07:05.836-07:00
water_draw_1,2026-09-03T15:07:06.339-07:00,75.671,drawing,,open,15.0,4.132802,3.275587,50.82,123.47,20.65,69.17,22.90,73.22,1454,1167,1119,229,WH-station1,2026-09-03T15:07:06.338-07:00
water_draw_1,2026-09-03T15:07:06.840-07:00,76.173,drawing,,open,15.0,4.160160,3.270439,50.72,123.29,20.96,69.73,22.40,72.32,1453,1170,1118,224,WH-station1,2026-09-03T15:07:06.840-07:00
water_draw_1,2026-09-03T15:07:07.342-07:00,76.675,drawing,,open,15.0,4.187435,3.260141,50.92,123.66,20.44,68.80,22.50,72.50,1455,1165,1116,225,WH-station1,2026-09-03T15:07:07.342-07:00
water_draw_1,2026-09-03T15:07:07.844-07:00,77.177,drawing,,open,15.0,4.214752,3.265290,51.03,123.85,20.75,69.36,22.30,72.14,1456,1168,1117,223,WH-station1,2026-09-03T15:07:07.844-07:00
water_draw_1,2026-09-03T15:07:08.346-07:00,77.679,drawing,,open,15.0,4.242028,3.260141,51.13,124.04,20.86,69.55,22.90,73.22,1457,1169,1116,229,WH-station1,2026-09-03T15:07:08.346-07:00
water_draw_1,2026-09-03T15:07:08.848-07:00,78.181,drawing,,open,15.0,4.269474,3.280736,50.72,123.29,20.75,69.36,22.50,72.50,1453,1168,1120,225,WH-station1,2026-09-03T15:07:08.848-07:00
water_draw_1,2026-09-03T15:07:09.350-07:00,78.683,drawing,,open,15.0,4.296877,3.275587,50.72,123.29,20.34,68.61,23.00,73.40,1453,1164,1119,230,WH-station1,2026-09-03T15:07:09.350-07:00
water_draw_1,2026-09-03T15:07:09.853-07:00,79.185,drawing,,open,15.0,4.324285,3.275587,50.72,123.29,20.55,68.98,22.50,72.50,1453,1166,1119,225,WH-station1,2026-09-03T15:07:09.852-07:00
water_draw_1,2026-09-03T15:07:10.359-07:00,79.688,drawing,,open,15.0,4.351800,3.280736,51.03,123.85,20.55,68.98,22.30,72.14,1456,1166,1120,223,WH-station1,2026-09-03T15:07:10.357-07:00
water_draw_1,2026-09-03T15:07:10.863-07:00,80.194,drawing,,open,15.0,4.379474,3.285885,51.03,123.85,20.55,68.98,22.60,72.68,1456,1166,1121,226,WH-station1,2026-09-03T15:07:10.862-07:00
water_draw_1,2026-09-03T15:07:11.368-07:00,80.698,drawing,,open,15.0,4.407018,3.275587,51.03,123.85,20.75,69.36,22.60,72.68,1456,1168,1119,226,WH-station1,2026-09-03T15:07:11.367-07:00
water_draw_1,2026-09-03T15:07:11.873-07:00,81.203,drawing,,open,15.0,4.434905,3.311628,51.24,124.22,20.55,68.98,22.20,71.96,1458,1166,1126,222,WH-station1,2026-09-03T15:07:11.872-07:00
water_draw_1,2026-09-03T15:07:12.378-07:00,81.708,drawing,,open,15.0,4.462455,3.275587,50.82,123.47,20.55,68.98,22.60,72.68,1454,1166,1119,226,WH-station1,2026-09-03T15:07:12.377-07:00
water_draw_1,2026-09-03T15:07:12.883-07:00,82.213,drawing,,open,15.0,4.489991,3.270439,51.03,123.85,20.65,69.17,22.70,72.86,1456,1167,1118,227,WH-station1,2026-09-03T15:07:12.881-07:00
water_draw_1,2026-09-03T15:07:13.388-07:00,82.718,drawing,,open,15.0,4.517582,3.280736,50.82,123.47,20.96,69.73,22.50,72.50,1454,1170,1120,225,WH-station1,2026-09-03T15:07:13.386-07:00
water_draw_1,2026-09-03T15:07:13.893-07:00,83.223,drawing,,open,15.0,4.545170,3.275587,51.24,124.22,20.96,69.73,22.70,72.86,1458,1170,1119,227,WH-station1,2026-09-03T15:07:13.891-07:00
water_draw_1,2026-09-03T15:07:14.398-07:00,83.728,drawing,,open,15.0,4.572851,3.291033,50.92,123.66,20.75,69.36,22.70,72.86,1455,1168,1122,227,WH-station1,2026-09-03T15:07:14.396-07:00
water_draw_1,2026-09-03T15:07:14.903-07:00,84.233,drawing,,open,15.0,4.600646,3.301331,51.13,124.04,20.75,69.36,22.80,73.04,1457,1168,1124,228,WH-station1,2026-09-03T15:07:14.901-07:00
water_draw_1,2026-09-03T15:07:15.408-07:00,84.738,drawing,,open,15.0,4.628281,3.285885,51.34,124.41,20.65,69.17,22.70,72.86,1459,1167,1121,227,WH-station1,2026-09-03T15:07:15.406-07:00
water_draw_1,2026-09-03T15:07:15.913-07:00,85.243,drawing,,open,15.0,4.655738,3.260141,51.34,124.41,20.75,69.36,22.80,73.04,1459,1168,1116,228,WH-station1,2026-09-03T15:07:15.911-07:00
water_draw_1,2026-09-03T15:07:16.418-07:00,85.748,drawing,,open,15.0,4.683457,3.296182,51.13,124.04,20.75,69.36,22.80,73.04,1457,1168,1123,228,WH-station1,2026-09-03T15:07:16.416-07:00
water_draw_1,2026-09-03T15:07:16.922-07:00,86.253,drawing,,open,15.0,4.711085,3.280736,51.03,123.85,20.65,69.17,22.90,73.22,1456,1167,1120,229,WH-station1,2026-09-03T15:07:16.921-07:00
water_draw_1,2026-09-03T15:07:17.428-07:00,86.757,drawing,,open,15.0,4.738803,3.296182,50.92,123.66,20.75,69.36,22.90,73.22,1455,1168,1123,229,WH-station1,2026-09-03T15:07:17.426-07:00
water_draw_1,2026-09-03T15:07:17.932-07:00,87.263,drawing,,open,15.0,4.766740,3.316777,51.34,124.41,21.07,69.92,22.80,73.04,1459,1171,1127,228,WH-station1,2026-09-03T15:07:17.931-07:00
water_draw_1,2026-09-03T15:07:18.437-07:00,87.767,drawing,,open,15.0,4.794496,3.301331,51.24,124.22,21.17,70.11,22.50,72.50,1458,1172,1124,225,WH-station1,2026-09-03T15:07:18.436-07:00
water_draw_1,2026-09-03T15:07:18.942-07:00,88.273,drawing,,open,15.0,4.822126,3.280736,50.92,123.66,21.28,70.30,22.40,72.32,1455,1173,1120,224,WH-station1,2026-09-03T15:07:18.941-07:00
water_draw_1,2026-09-03T15:07:19.447-07:00,88.777,drawing,,open,15.0,4.850192,3.337371,51.13,124.04,20.23,68.42,22.80,73.04,1457,1163,1131,228,WH-station1,2026-09-03T15:07:19.446-07:00
water_draw_1,2026-09-03T15:07:19.952-07:00,89.282,drawing,,open,15.0,4.877947,3.296182,51.03,123.85,21.07,69.92,22.40,72.32,1456,1171,1123,224,WH-station1,2026-09-03T15:07:19.950-07:00
water_draw_1,2026-09-03T15:07:20.457-07:00,89.787,drawing,,open,15.0,4.905708,3.301331,51.24,124.22,20.75,69.36,22.20,71.96,1458,1168,1124,222,WH-station1,2026-09-03T15:07:20.455-07:00
water_draw_1,2026-09-03T15:07:20.962-07:00,90.292,drawing,,open,15.0,4.933593,3.311628,51.13,124.04,21.07,69.92,22.80,73.04,1457,1171,1126,228,WH-station1,2026-09-03T15:07:20.960-07:00
water_draw_1,2026-09-03T15:07:21.467-07:00,90.797,drawing,,open,15.0,4.961312,3.296182,51.03,123.85,21.07,69.92,22.40,72.32,1456,1171,1123,224,WH-station1,2026-09-03T15:07:21.465-07:00
water_draw_1,2026-09-03T15:07:21.972-07:00,91.302,drawing,,open,15.0,4.989067,3.296182,51.03,123.85,20.65,69.17,22.80,73.04,1456,1167,1123,228,WH-station1,2026-09-03T15:07:21.970-07:00
water_draw_1,2026-09-03T15:07:22.476-07:00,91.807,drawing,,open,15.0,5.017100,3.332223,51.34,124.41,20.86,69.55,22.40,72.32,1459,1169,1130,224,WH-station1,2026-09-03T15:07:22.475-07:00
water_draw_1,2026-09-03T15:07:22.981-07:00,92.311,drawing,,open,15.0,5.044784,3.291033,51.03,123.85,20.86,69.55,22.20,71.96,1456,1169,1122,222,WH-station1,2026-09-03T15:07:22.979-07:00
water_draw_1,2026-09-03T15:07:23.486-07:00,92.816,drawing,,open,15.0,5.072592,3.306479,51.24,124.22,20.96,69.73,22.40,72.32,1458,1170,1125,224,WH-station1,2026-09-03T15:07:23.484-07:00
water_draw_1,2026-09-03T15:07:23.990-07:00,93.321,drawing,,open,15.0,5.100622,3.332223,51.24,124.22,20.86,69.55,22.80,73.04,1458,1169,1130,228,WH-station1,2026-09-03T15:07:23.989-07:00
water_draw_1,2026-09-03T15:07:24.495-07:00,93.825,drawing,,open,15.0,5.128561,3.321925,51.24,124.22,20.86,69.55,22.50,72.50,1458,1169,1128,225,WH-station1,2026-09-03T15:07:24.493-07:00
water_draw_1,2026-09-03T15:07:25.000-07:00,94.330,drawing,,open,15.0,5.156334,3.301331,51.03,123.85,20.96,69.73,22.60,72.68,1456,1170,1124,226,WH-station1,2026-09-03T15:07:24.998-07:00
water_draw_1,2026-09-03T15:07:25.504-07:00,94.835,drawing,,open,15.0,5.184190,3.311628,51.13,124.04,20.86,69.55,22.70,72.86,1457,1169,1126,227,WH-station1,2026-09-03T15:07:25.503-07:00
water_draw_1,2026-09-03T15:07:26.009-07:00,95.339,drawing,,open,15.0,5.211874,3.291033,51.13,124.04,20.75,69.36,22.50,72.50,1457,1168,1122,225,WH-station1,2026-09-03T15:07:26.008-07:00
water_draw_1,2026-09-03T15:07:26.514-07:00,95.844,drawing,,open,15.0,5.239687,3.306479,51.24,124.22,21.07,69.92,22.30,72.14,1458,1171,1125,223,WH-station1,2026-09-03T15:07:26.512-07:00
water_draw_1,2026-09-03T15:07:27.018-07:00,96.349,drawing,,open,15.0,5.267290,3.280736,51.76,125.16,21.28,70.30,22.60,72.68,1463,1173,1120,226,WH-station1,2026-09-03T15:07:27.017-07:00
water_draw_1,2026-09-03T15:07:27.523-07:00,96.853,drawing,,open,15.0,5.294875,3.280736,51.03,123.85,21.07,69.92,22.60,72.68,1456,1171,1120,226,WH-station1,2026-09-03T15:07:27.522-07:00
water_draw_1,2026-09-03T15:07:28.028-07:00,97.358,drawing,,open,15.0,5.322774,3.316777,51.34,124.41,21.07,69.92,22.50,72.50,1459,1171,1127,225,WH-station1,2026-09-03T15:07:28.026-07:00
water_draw_1,2026-09-03T15:07:28.533-07:00,97.863,drawing,,open,15.0,5.350590,3.306479,51.44,124.60,21.07,69.92,23.00,73.40,1460,1171,1125,230,WH-station1,2026-09-03T15:07:28.531-07:00
water_draw_1,2026-09-03T15:07:29.037-07:00,98.368,drawing,,open,15.0,5.378402,3.306479,51.13,124.04,21.17,70.11,22.30,72.14,1457,1172,1125,223,WH-station1,2026-09-03T15:07:29.036-07:00
water_draw_1,2026-09-03T15:07:29.542-07:00,98.872,drawing,,open,15.0,5.405958,3.275587,51.44,124.60,21.17,70.11,22.60,72.68,1460,1172,1119,226,WH-station1,2026-09-03T15:07:29.540-07:00
water_draw_1,2026-09-03T15:07:30.047-07:00,99.377,drawing,,open,15.0,5.433596,3.285885,51.44,124.60,21.28,70.30,22.80,73.04,1460,1173,1121,228,WH-station1,2026-09-03T15:07:30.045-07:00
water_draw_1,2026-09-03T15:07:30.552-07:00,99.882,drawing,,open,15.0,5.461280,3.291033,51.34,124.41,21.07,69.92,22.40,72.32,1459,1171,1122,224,WH-station1,2026-09-03T15:07:30.550-07:00
water_draw_1,2026-09-03T15:07:31.056-07:00,100.387,drawing,,open,15.0,5.489106,3.306479,51.44,124.60,20.96,69.73,22.30,72.14,1460,1170,1125,223,WH-station1,2026-09-03T15:07:31.055-07:00
water_draw_1,2026-09-03T15:07:31.561-07:00,100.891,drawing,,open,15.0,5.516880,3.301331,51.34,124.41,21.17,70.11,22.70,72.86,1459,1172,1124,227,WH-station1,2026-09-03T15:07:31.560-07:00
water_draw_1,2026-09-03T15:07:32.066-07:00,101.396,drawing,,open,15.0,5.544654,3.301331,51.34,124.41,21.17,70.11,22.50,72.50,1459,1172,1124,225,WH-station1,2026-09-03T15:07:32.064-07:00
water_draw_1,2026-09-03T15:07:32.572-07:00,101.901,drawing,,open,15.0,5.572379,3.296182,51.44,124.60,21.17,70.11,22.90,73.22,1460,1172,1123,229,WH-station1,2026-09-03T15:07:32.570-07:00
water_draw_1,2026-09-03T15:07:33.077-07:00,102.407,drawing,,open,15.0,5.600090,3.285885,51.44,124.60,21.07,69.92,22.40,72.32,1460,1171,1121,224,WH-station1,2026-09-03T15:07:33.075-07:00
water_draw_1,2026-09-03T15:07:33.583-07:00,102.912,drawing,,open,15.0,5.627925,3.306479,51.34,124.41,20.86,69.55,22.40,72.32,1459,1169,1125,224,WH-station1,2026-09-03T15:07:33.581-07:00
water_draw_1,2026-09-03T15:07:34.088-07:00,103.418,drawing,,open,15.0,5.655660,3.291033,51.13,124.04,20.96,69.73,22.50,72.50,1457,1170,1122,225,WH-station1,2026-09-03T15:07:34.086-07:00
water_draw_1,2026-09-03T15:07:34.593-07:00,103.923,drawing,,open,15.0,5.683278,3.280736,51.44,124.60,21.17,70.11,22.50,72.50,1460,1172,1120,225,WH-station1,2026-09-03T15:07:34.592-07:00
water_draw_1,2026-09-03T15:07:35.098-07:00,104.428,drawing,,open,15.0,5.711098,3.301331,51.34,124.41,21.07,69.92,22.60,72.68,1459,1171,1124,226,WH-station1,2026-09-03T15:07:35.097-07:00
water_draw_1,2026-09-03T15:07:35.604-07:00,104.934,drawing,,open,15.0,5.738808,3.291033,51.34,124.41,21.17,70.11,22.40,72.32,1459,1172,1122,224,WH-station1,2026-09-03T15:07:35.602-07:00
water_draw_1,2026-09-03T15:07:36.106-07:00,105.439,drawing,,open,15.0,5.766343,3.270439,51.24,124.22,21.17,70.11,22.90,73.22,1458,1172,1118,229,WH-station1,2026-09-03T15:07:36.105-07:00
water_draw_1,2026-09-03T15:07:36.608-07:00,105.941,drawing,,open,15.0,5.793916,3.296182,51.44,124.60,21.28,70.30,23.10,73.58,1460,1173,1123,231,WH-station1,2026-09-03T15:07:36.607-07:00
water_draw_1,2026-09-03T15:07:37.110-07:00,106.443,drawing,,open,15.0,5.821539,3.301331,51.65,124.97,21.17,70.11,22.90,73.22,1462,1172,1124,229,WH-station1,2026-09-03T15:07:37.109-07:00
water_draw_1,2026-09-03T15:07:37.612-07:00,106.945,drawing,,open,15.0,5.849286,3.316777,51.03,123.85,21.38,70.48,22.40,72.32,1456,1174,1127,224,WH-station1,2026-09-03T15:07:37.611-07:00
water_draw_1,2026-09-03T15:07:38.114-07:00,107.447,drawing,,open,15.0,5.877033,3.316777,51.44,124.60,21.28,70.30,22.30,72.14,1460,1173,1127,223,WH-station1,2026-09-03T15:07:38.113-07:00
water_draw_1,2026-09-03T15:07:38.616-07:00,107.948,drawing,,open,15.0,5.904563,3.291033,51.55,124.79,21.07,69.92,22.40,72.32,1461,1171,1122,224,WH-station1,2026-09-03T15:07:38.615-07:00
water_draw_1,2026-09-03T15:07:39.118-07:00,108.451,drawing,,open,15.0,5.932230,3.306479,51.34,124.41,21.48,70.67,22.40,72.32,1459,1175,1125,224,WH-station1,2026-09-03T15:07:39.117-07:00
water_draw_1,2026-09-03T15:07:39.620-07:00,108.952,drawing,,open,15.0,5.959799,3.296182,51.24,124.22,20.96,69.73,22.20,71.96,1458,1170,1123,222,WH-station1,2026-09-03T15:07:39.619-07:00
water_draw_1,2026-09-03T15:07:40.121-07:00,109.454,drawing,,open,15.0,5.987464,3.306479,51.13,124.04,20.96,69.73,22.40,72.32,1457,1170,1125,224,WH-station1,2026-09-03T15:07:40.121-07:00
water_draw_1,2026-09-03T15:07:40.624-07:00,109.956,drawing,,open,15.0,6.014866,3.275587,51.13,124.04,21.48,70.67,23.10,73.58,1457,1175,1119,231,WH-station1,2026-09-03T15:07:40.623-07:00
water_draw_1,2026-09-03T15:07:41.129-07:00,110.459,drawing,,open,15.0,6.042374,3.285885,51.44,124.60,21.38,70.48,22.80,73.04,1460,1174,1121,228,WH-station1,2026-09-03T15:07:41.127-07:00
water_draw_1,2026-09-03T15:07:41.634-07:00,110.964,drawing,,open,15.0,6.070234,3.306479,51.55,124.79,21.38,70.48,22.70,72.86,1461,1174,1125,227,WH-station1,2026-09-03T15:07:41.633-07:00
water_draw_1,2026-09-03T15:07:42.139-07:00,111.469,drawing,,open,15.0,6.097978,3.296182,51.65,124.97,21.28,70.30,22.80,73.04,1462,1173,1123,228,WH-station1,2026-09-03T15:07:42.138-07:00
water_draw_1,2026-09-03T15:07:42.644-07:00,111.974,drawing,,open,15.0,6.125853,3.311628,51.65,124.97,21.59,70.86,22.40,72.32,1462,1176,1126,224,WH-station1,2026-09-03T15:07:42.643-07:00
water_draw_1,2026-09-03T15:07:43.149-07:00,112.479,drawing,,open,15.0,6.153652,3.301331,51.76,125.16,21.48,70.67,22.50,72.50,1463,1175,1124,225,WH-station1,2026-09-03T15:07:43.148-07:00
water_draw_1,2026-09-03T15:07:43.655-07:00,112.984,drawing,,open,15.0,6.181485,3.306479,51.44,124.60,21.59,70.86,22.80,73.04,1460,1176,1125,228,WH-station1,2026-09-03T15:07:43.653-07:00
water_draw_1,2026-09-03T15:07:44.160-07:00,113.490,drawing,,open,15.0,6.209233,3.296182,51.34,124.41,21.38,70.48,22.30,72.14,1459,1174,1123,223,WH-station1,2026-09-03T15:07:44.158-07:00
water_draw_1,2026-09-03T15:07:44.665-07:00,113.995,drawing,,open,15.0,6.236984,3.296182,51.44,124.60,21.48,70.67,23.00,73.40,1460,1175,1123,230,WH-station1,2026-09-03T15:07:44.663-07:00
water_draw_1,2026-09-03T15:07:45.170-07:00,114.500,drawing,,open,15.0,6.264953,3.321925,51.34,124.41,21.48,70.67,22.70,72.86,1459,1175,1128,227,WH-station1,2026-09-03T15:07:45.168-07:00
water_draw_1,2026-09-03T15:07:45.675-07:00,115.005,drawing,,open,15.0,6.292965,3.327074,51.65,124.97,21.69,71.05,22.80,73.04,1462,1177,1129,228,WH-station1,2026-09-03T15:07:45.674-07:00
water_draw_1,2026-09-03T15:07:46.180-07:00,115.510,drawing,,open,15.0,6.320887,3.316777,51.76,125.16,21.59,70.86,22.50,72.50,1463,1176,1127,225,WH-station1,2026-09-03T15:07:46.179-07:00
water_draw_1,2026-09-03T15:07:46.685-07:00,116.015,drawing,,open,15.0,6.348765,3.311628,51.44,124.60,21.38,70.48,22.80,73.04,1460,1174,1126,228,WH-station1,2026-09-03T15:07:46.684-07:00
water_draw_1,2026-09-03T15:07:47.190-07:00,116.520,drawing,,open,15.0,6.376689,3.316777,51.24,124.22,21.38,70.48,22.30,72.14,1458,1174,1127,223,WH-station1,2026-09-03T15:07:47.189-07:00
water_draw_1,2026-09-03T15:07:47.696-07:00,117.025,drawing,,open,15.0,6.404567,3.311628,51.65,124.97,21.48,70.67,22.80,73.04,1462,1175,1126,228,WH-station1,2026-09-03T15:07:47.694-07:00
water_draw_1,2026-09-03T15:07:48.201-07:00,117.531,drawing,,open,15.0,6.432579,3.327074,51.55,124.79,21.38,70.48,22.20,71.96,1461,1174,1129,222,WH-station1,2026-09-03T15:07:48.199-07:00
water_draw_1,2026-09-03T15:07:48.706-07:00,118.036,drawing,,open,15.0,6.460458,3.311628,51.34,124.41,21.80,71.23,22.40,72.32,1459,1178,1126,224,WH-station1,2026-09-03T15:07:48.704-07:00
water_draw_1,2026-09-03T15:07:49.211-07:00,118.541,drawing,,open,15.0,6.488335,3.311628,51.13,124.04,21.80,71.23,22.90,73.22,1457,1178,1126,229,WH-station1,2026-09-03T15:07:49.209-07:00
water_draw_1,2026-09-03T15:07:49.716-07:00,119.046,drawing,,open,15.0,6.516173,3.306479,51.65,124.97,21.59,70.86,22.90,73.22,1462,1176,1125,229,WH-station1,2026-09-03T15:07:49.715-07:00
water_draw_1,2026-09-03T15:07:50.221-07:00,119.551,drawing,,open,15.0,6.544227,3.332223,51.55,124.79,22.00,71.61,22.80,73.04,1461,1180,1130,228,WH-station1,2026-09-03T15:07:50.220-07:00
water_draw_1,2026-09-03T15:07:50.726-07:00,120.056,drawing,,open,15.0,6.572239,3.327074,51.44,124.60,21.38,70.48,23.00,73.40,1460,1174,1129,230,WH-station1,2026-09-03T15:07:50.725-07:00
water_draw_1,2026-09-03T15:07:51.231-07:00,120.561,drawing,,open,15.0,6.600027,3.301331,51.86,125.35,21.80,71.23,22.70,72.86,1464,1178,1124,227,WH-station1,2026-09-03T15:07:51.230-07:00
water_draw_1,2026-09-03T15:07:51.737-07:00,121.067,drawing,,open,15.0,6.627954,3.316777,51.55,124.79,21.38,70.48,22.90,73.22,1461,1174,1127,229,WH-station1,2026-09-03T15:07:51.735-07:00
water_draw_1,2026-09-03T15:07:52.242-07:00,121.572,drawing,,open,15.0,6.655843,3.311628,51.55,124.79,21.90,71.42,22.20,71.96,1461,1179,1126,222,WH-station1,2026-09-03T15:07:52.240-07:00
water_draw_1,2026-09-03T15:07:52.747-07:00,122.077,drawing,,open,15.0,6.683721,3.311628,51.44,124.60,22.00,71.61,22.70,72.86,1460,1180,1126,227,WH-station1,2026-09-03T15:07:52.745-07:00
water_draw_1,2026-09-03T15:07:53.252-07:00,122.582,drawing,,open,15.0,6.711726,3.327074,51.76,125.16,21.48,70.67,22.40,72.32,1463,1175,1129,224,WH-station1,2026-09-03T15:07:53.251-07:00
water_draw_1,2026-09-03T15:07:53.757-07:00,123.087,drawing,,open,15.0,6.739520,3.301331,51.76,125.16,21.59,70.86,22.50,72.50,1463,1176,1124,225,WH-station1,2026-09-03T15:07:53.756-07:00
water_draw_1,2026-09-03T15:07:54.262-07:00,123.592,drawing,,open,15.0,6.767315,3.301331,51.55,124.79,21.59,70.86,22.80,73.04,1461,1176,1124,228,WH-station1,2026-09-03T15:07:54.261-07:00
water_draw_1,2026-09-03T15:07:54.767-07:00,124.097,drawing,,open,15.0,6.795021,3.291033,51.55,124.79,21.90,71.42,22.40,72.32,1461,1179,1122,224,WH-station1,2026-09-03T15:07:54.766-07:00
water_draw_1,2026-09-03T15:07:55.273-07:00,124.603,drawing,,open,15.0,6.822688,3.285885,51.34,124.41,21.90,71.42,22.40,72.32,1459,1179,1121,224,WH-station1,2026-09-03T15:07:55.271-07:00
water_draw_1,2026-09-03T15:07:55.778-07:00,125.108,drawing,,open,15.0,6.850612,3.316777,51.65,124.97,22.00,71.61,23.00,73.40,1462,1180,1127,230,WH-station1,2026-09-03T15:07:55.776-07:00
water_draw_1,2026-09-03T15:07:56.283-07:00,125.613,drawing,,open,15.0,6.878322,3.291033,51.76,125.16,22.11,71.80,22.70,72.86,1463,1181,1122,227,WH-station1,2026-09-03T15:07:56.281-07:00
water_draw_1,2026-09-03T15:07:56.788-07:00,126.118,drawing,,open,15.0,6.906151,3.306479,51.44,124.60,22.21,71.98,22.90,73.22,1460,1182,1125,229,WH-station1,2026-09-03T15:07:56.786-07:00
water_draw_1,2026-09-03T15:07:57.293-07:00,126.623,drawing,,open,15.0,6.934165,3.327074,51.55,124.79,22.00,71.61,22.40,72.32,1461,1180,1129,224,WH-station1,2026-09-03T15:07:57.292-07:00
water_draw_1,2026-09-03T15:07:57.798-07:00,127.128,drawing,,open,15.0,6.961874,3.291033,51.44,124.60,22.00,71.61,22.80,73.04,1460,1180,1122,228,WH-station1,2026-09-03T15:07:57.797-07:00
water_draw_1,2026-09-03T15:07:58.303-07:00,127.633,drawing,,open,15.0,6.989579,3.291033,51.55,124.79,22.00,71.61,22.40,72.32,1461,1180,1122,224,WH-station1,2026-09-03T15:07:58.302-07:00
water_draw_1,2026-09-03T15:07:58.809-07:00,128.138,drawing,,open,15.0,7.017459,3.311628,51.34,124.41,22.00,71.61,22.30,72.14,1459,1180,1126,223,WH-station1,2026-09-03T15:07:58.807-07:00
water_draw_1,2026-09-03T15:07:59.313-07:00,128.644,drawing,,open,15.0,7.045382,3.316777,51.34,124.41,22.00,71.61,22.70,72.86,1459,1180,1127,227,WH-station1,2026-09-03T15:07:59.312-07:00
water_draw_1,2026-09-03T15:07:59.818-07:00,129.148,drawing,,open,15.0,7.073231,3.311628,51.44,124.60,22.00,71.61,22.20,71.96,1460,1180,1126,222,WH-station1,2026-09-03T15:07:59.817-07:00
water_draw_1,2026-09-03T15:08:00.323-07:00,129.653,drawing,,open,15.0,7.100895,3.285885,51.76,125.16,21.90,71.42,22.40,72.32,1463,1179,1121,224,WH-station1,2026-09-03T15:08:00.322-07:00
water_draw_1,2026-09-03T15:08:00.829-07:00,130.159,drawing,,open,15.0,7.128522,3.280736,51.34,124.41,21.69,71.05,22.80,73.04,1459,1177,1120,228,WH-station1,2026-09-03T15:08:00.828-07:00
water_draw_1,2026-09-03T15:08:01.334-07:00,130.664,drawing,,open,15.0,7.156210,3.285885,51.55,124.79,21.80,71.23,22.30,72.14,1461,1178,1121,223,WH-station1,2026-09-03T15:08:01.333-07:00
water_draw_1,2026-09-03T15:08:01.839-07:00,131.169,drawing,,open,15.0,7.184177,3.321925,51.24,124.22,22.32,72.17,22.50,72.50,1458,1183,1128,225,WH-station1,2026-09-03T15:08:01.838-07:00
water_draw_1,2026-09-03T15:08:02.345-07:00,131.674,drawing,,open,15.0,7.212145,3.321925,51.76,125.16,22.21,71.98,22.90,73.22,1463,1182,1128,229,WH-station1,2026-09-03T15:08:02.343-07:00
water_draw_1,2026-09-03T15:08:02.850-07:00,132.180,drawing,,open,15.0,7.240115,3.321925,51.44,124.60,22.21,71.98,22.80,73.04,1460,1182,1128,228,WH-station1,2026-09-03T15:08:02.848-07:00
water_draw_1,2026-09-03T15:08:03.355-07:00,132.685,drawing,,open,15.0,7.267999,3.311628,51.24,124.22,21.90,71.42,22.90,73.22,1458,1179,1126,229,WH-station1,2026-09-03T15:08:03.353-07:00
water_draw_1,2026-09-03T15:08:03.860-07:00,133.190,drawing,,open,15.0,7.295873,3.311628,51.76,125.16,21.59,70.86,22.50,72.50,1463,1176,1126,225,WH-station1,2026-09-03T15:08:03.858-07:00
water_draw_1,2026-09-03T15:08:04.365-07:00,133.695,drawing,,open,15.0,7.323924,3.332223,51.55,124.79,22.32,72.17,22.40,72.32,1461,1183,1130,224,WH-station1,2026-09-03T15:08:04.364-07:00
water_draw_1,2026-09-03T15:08:04.870-07:00,134.200,drawing,,open,15.0,7.351590,3.285885,51.65,124.97,22.00,71.61,23.00,73.40,1462,1180,1121,230,WH-station1,2026-09-03T15:08:04.869-07:00
water_draw_1,2026-09-03T15:08:05.372-07:00,134.705,drawing,,open,15.0,7.379291,3.291033,51.65,124.97,22.00,71.61,22.40,72.32,1462,1180,1122,224,WH-station1,2026-09-03T15:08:05.372-07:00
water_draw_1,2026-09-03T15:08:05.874-07:00,135.207,drawing,,open,15.0,7.407086,3.321925,51.55,124.79,21.90,71.42,22.90,73.22,1461,1179,1128,229,WH-station1,2026-09-03T15:08:05.874-07:00
water_draw_1,2026-09-03T15:08:06.376-07:00,135.709,drawing,,open,15.0,7.434963,3.332223,51.55,124.79,22.00,71.61,22.50,72.50,1461,1180,1130,225,WH-station1,2026-09-03T15:08:06.376-07:00
water_draw_1,2026-09-03T15:08:06.878-07:00,136.211,drawing,,open,15.0,7.462972,3.347669,51.97,125.54,22.00,71.61,23.00,73.40,1465,1180,1133,230,WH-station1,2026-09-03T15:08:06.878-07:00
water_draw_1,2026-09-03T15:08:07.380-07:00,136.713,drawing,,open,15.0,7.490977,3.347669,51.55,124.79,22.32,72.17,22.70,72.86,1461,1183,1133,227,WH-station1,2026-09-03T15:08:07.380-07:00
water_draw_1,2026-09-03T15:08:07.882-07:00,137.215,drawing,,open,15.0,7.518900,3.337371,51.86,125.35,21.80,71.23,23.10,73.58,1464,1178,1131,231,WH-station1,2026-09-03T15:08:07.882-07:00
water_draw_1,2026-09-03T15:08:08.384-07:00,137.717,drawing,,open,15.0,7.546691,3.321925,51.76,125.16,22.42,72.36,22.50,72.50,1463,1184,1128,225,WH-station1,2026-09-03T15:08:08.384-07:00
water_draw_1,2026-09-03T15:08:08.886-07:00,138.219,drawing,,open,15.0,7.574358,3.306479,51.65,124.97,22.11,71.80,22.60,72.68,1462,1181,1125,226,WH-station1,2026-09-03T15:08:08.886-07:00
water_draw_1,2026-09-03T15:08:09.388-07:00,138.721,drawing,,open,15.0,7.602275,3.337371,51.76,125.16,22.42,72.36,23.00,73.40,1463,1184,1131,230,WH-station1,2026-09-03T15:08:09.387-07:00
water_draw_1,2026-09-03T15:08:09.893-07:00,139.223,drawing,,open,15.0,7.630284,3.347669,51.65,124.97,22.00,71.61,23.00,73.40,1462,1180,1133,230,WH-station1,2026-09-03T15:08:09.892-07:00
water_draw_1,2026-09-03T15:08:10.399-07:00,139.729,drawing,,open,15.0,7.658099,3.301331,51.86,125.35,22.42,72.36,22.50,72.50,1464,1184,1124,225,WH-station1,2026-09-03T15:08:10.397-07:00
water_draw_1,2026-09-03T15:08:10.904-07:00,140.234,drawing,,open,15.0,7.685979,3.311628,51.65,124.97,22.32,72.17,22.90,73.22,1462,1183,1126,229,WH-station1,2026-09-03T15:08:10.902-07:00
water_draw_1,2026-09-03T15:08:11.409-07:00,140.739,drawing,,open,15.0,7.713818,3.306479,51.34,124.41,22.32,72.17,22.20,71.96,1459,1183,1125,222,WH-station1,2026-09-03T15:08:11.407-07:00
water_draw_1,2026-09-03T15:08:11.914-07:00,141.244,drawing,,open,15.0,7.741784,3.321925,51.44,124.60,22.11,71.80,22.80,73.04,1460,1181,1128,228,WH-station1,2026-09-03T15:08:11.912-07:00
water_draw_1,2026-09-03T15:08:12.419-07:00,141.749,drawing,,open,15.0,7.769489,3.291033,51.44,124.60,22.42,72.36,22.50,72.50,1460,1184,1122,225,WH-station1,2026-09-03T15:08:12.418-07:00
water_draw_1,2026-09-03T15:08:12.924-07:00,142.254,drawing,,open,15.0,7.797319,3.306479,51.65,124.97,22.21,71.98,22.80,73.04,1462,1182,1125,228,WH-station1,2026-09-03T15:08:12.923-07:00
water_draw_1,2026-09-03T15:08:13.429-07:00,142.759,drawing,,open,15.0,7.825380,3.332223,51.24,124.22,22.73,72.92,22.90,73.22,1458,1187,1130,229,WH-station1,2026-09-03T15:08:13.428-07:00
water_draw_1,2026-09-03T15:08:13.934-07:00,143.264,drawing,,open,15.0,7.853347,3.321925,51.24,124.22,22.32,72.17,22.60,72.68,1458,1183,1128,226,WH-station1,2026-09-03T15:08:13.933-07:00
water_draw_1,2026-09-03T15:08:14.439-07:00,143.769,drawing,,open,15.0,7.881049,3.291033,51.34,124.41,22.32,72.17,22.50,72.50,1459,1183,1122,225,WH-station1,2026-09-03T15:08:14.438-07:00
water_draw_1,2026-09-03T15:08:14.945-07:00,144.275,drawing,,open,15.0,7.908714,3.285885,51.55,124.79,22.73,72.92,22.70,72.86,1461,1187,1121,227,WH-station1,2026-09-03T15:08:14.943-07:00
water_draw_1,2026-09-03T15:08:15.450-07:00,144.780,drawing,,open,15.0,7.936586,3.311628,51.86,125.35,22.84,73.11,22.40,72.32,1464,1188,1126,224,WH-station1,2026-09-03T15:08:15.448-07:00
water_draw_1,2026-09-03T15:08:15.955-07:00,145.285,drawing,,open,15.0,7.964461,3.311628,51.55,124.79,22.42,72.36,22.80,73.04,1461,1184,1126,228,WH-station1,2026-09-03T15:08:15.953-07:00
water_draw_1,2026-09-03T15:08:16.460-07:00,145.790,drawing,,open,15.0,7.992508,3.332223,51.86,125.35,22.63,72.73,22.80,73.04,1464,1186,1130,228,WH-station1,2026-09-03T15:08:16.458-07:00
water_draw_1,2026-09-03T15:08:16.965-07:00,146.295,drawing,,open,15.0,8.020432,3.316777,51.24,124.22,22.63,72.73,22.60,72.68,1458,1186,1127,226,WH-station1,2026-09-03T15:08:16.963-07:00
water_draw_1,2026-09-03T15:08:17.470-07:00,146.800,drawing,,open,15.0,8.048440,3.327074,51.76,125.16,22.84,73.11,22.80,73.04,1463,1188,1129,228,WH-station1,2026-09-03T15:08:17.468-07:00
water_draw_1,2026-09-03T15:08:17.975-07:00,147.305,drawing,,open,15.0,8.076231,3.301331,51.76,125.16,22.73,72.92,22.80,73.04,1463,1187,1124,228,WH-station1,2026-09-03T15:08:17.974-07:00
water_draw_1,2026-09-03T15:08:18.480-07:00,147.810,drawing,,open,15.0,8.104195,3.321925,51.34,124.41,22.94,73.30,22.40,72.32,1459,1189,1128,224,WH-station1,2026-09-03T15:08:18.479-07:00
water_draw_1,2026-09-03T15:08:18.985-07:00,148.315,drawing,,open,15.0,8.132173,3.321925,51.44,124.60,22.53,72.55,22.10,71.78,1460,1185,1128,221,WH-station1,2026-09-03T15:08:18.984-07:00
water_draw_1,2026-09-03T15:08:19.490-07:00,148.820,drawing,,open,15.0,8.160083,3.316777,51.76,125.16,22.73,72.92,22.30,72.14,1463,1187,1127,223,WH-station1,2026-09-03T15:08:19.489-07:00
water_draw_1,2026-09-03T15:08:19.995-07:00,149.325,drawing,,open,15.0,8.188046,3.321925,51.24,124.22,22.84,73.11,22.80,73.04,1458,1188,1128,228,WH-station1,2026-09-03T15:08:19.994-07:00
water_draw_1,2026-09-03T15:08:20.500-07:00,149.830,drawing,,open,15.0,8.215926,3.311628,51.76,125.16,22.73,72.92,22.30,72.14,1463,1187,1126,223,WH-station1,2026-09-03T15:08:20.499-07:00
water_draw_1,2026-09-03T15:08:21.006-07:00,150.336,drawing,,open,15.0,8.243802,3.311628,51.65,124.97,22.73,72.92,22.40,72.32,1462,1187,1126,224,WH-station1,2026-09-03T15:08:21.004-07:00
water_draw_1,2026-09-03T15:08:21.511-07:00,150.841,drawing,,open,15.0,8.271591,3.301331,51.65,124.97,22.94,73.30,22.30,72.14,1462,1189,1124,223,WH-station1,2026-09-03T15:08:21.509-07:00
water_draw_1,2026-09-03T15:08:22.016-07:00,151.346,drawing,,open,15.0,8.299650,3.332223,51.65,124.97,22.84,73.11,22.20,71.96,1462,1188,1130,222,WH-station1,2026-09-03T15:08:22.014-07:00
water_draw_1,2026-09-03T15:08:22.521-07:00,151.851,drawing,,open,15.0,8.327748,3.337371,51.65,124.97,23.15,73.67,22.80,73.04,1462,1191,1131,228,WH-station1,2026-09-03T15:08:22.519-07:00
water_draw_1,2026-09-03T15:08:23.026-07:00,152.356,drawing,,open,15.0,8.355884,3.342520,51.44,124.60,22.84,73.11,22.50,72.50,1460,1188,1132,225,WH-station1,2026-09-03T15:08:23.025-07:00
water_draw_1,2026-09-03T15:08:23.531-07:00,152.861,drawing,,open,15.0,8.383629,3.296182,51.76,125.16,22.84,73.11,22.60,72.68,1463,1188,1123,226,WH-station1,2026-09-03T15:08:23.530-07:00
water_draw_1,2026-09-03T15:08:24.036-07:00,153.366,drawing,,open,15.0,8.411594,3.321925,51.65,124.97,23.25,73.86,22.80,73.04,1462,1192,1128,228,WH-station1,2026-09-03T15:08:24.035-07:00
water_draw_1,2026-09-03T15:08:24.541-07:00,153.871,drawing,,open,15.0,8.439603,3.327074,51.24,124.22,23.05,73.48,22.70,72.86,1458,1190,1129,227,WH-station1,2026-09-03T15:08:24.540-07:00
water_draw_1,2026-09-03T15:08:25.046-07:00,154.377,drawing,,open,15.0,8.467792,3.347669,51.55,124.79,23.25,73.86,22.70,72.86,1461,1192,1133,227,WH-station1,2026-09-03T15:08:25.045-07:00
water_draw_1,2026-09-03T15:08:25.552-07:00,154.882,drawing,,open,15.0,8.495881,3.337371,51.86,125.35,23.15,73.67,22.60,72.68,1464,1191,1131,226,WH-station1,2026-09-03T15:08:25.550-07:00
water_draw_1,2026-09-03T15:08:26.057-07:00,155.387,drawing,,open,15.0,8.523982,3.337371,52.07,125.72,23.15,73.67,22.40,72.32,1466,1191,1131,224,WH-station1,2026-09-03T15:08:26.055-07:00
water_draw_1,2026-09-03T15:08:26.562-07:00,155.892,drawing,,open,15.0,8.551984,3.327074,51.76,125.16,23.05,73.48,22.80,73.04,1463,1190,1129,228,WH-station1,2026-09-03T15:08:26.560-07:00
water_draw_1,2026-09-03T15:08:27.067-07:00,156.397,drawing,,open,15.0,8.580081,3.337371,51.24,124.22,23.25,73.86,22.80,73.04,1458,1192,1131,228,WH-station1,2026-09-03T15:08:27.065-07:00
water_draw_1,2026-09-03T15:08:27.572-07:00,156.902,drawing,,open,15.0,8.608002,3.316777,51.97,125.54,23.15,73.67,22.50,72.50,1465,1191,1127,225,WH-station1,2026-09-03T15:08:27.570-07:00
water_draw_1,2026-09-03T15:08:28.077-07:00,157.407,drawing,,open,15.0,8.635802,3.301331,51.44,124.60,23.36,74.05,22.50,72.50,1460,1193,1124,225,WH-station1,2026-09-03T15:08:28.075-07:00
water_draw_1,2026-09-03T15:08:28.581-07:00,157.912,drawing,,open,15.0,8.663350,3.275587,51.44,124.60,23.36,74.05,22.90,73.22,1460,1193,1119,229,WH-station1,2026-09-03T15:08:28.580-07:00
water_draw_1,2026-09-03T15:08:29.086-07:00,158.416,drawing,,open,15.0,8.690857,3.270439,51.55,124.79,23.36,74.05,22.80,73.04,1461,1193,1118,228,WH-station1,2026-09-03T15:08:29.085-07:00
water_draw_1,2026-09-03T15:08:29.592-07:00,158.922,drawing,,open,15.0,8.718389,3.270439,51.76,125.16,23.57,74.42,23.00,73.40,1463,1195,1118,230,WH-station1,2026-09-03T15:08:29.590-07:00
water_draw_1,2026-09-03T15:08:30.097-07:00,159.427,drawing,,open,15.0,8.745617,3.234398,51.76,125.16,23.46,74.23,22.90,73.22,1463,1194,1111,229,WH-station1,2026-09-03T15:08:30.095-07:00
water_draw_1,2026-09-03T15:08:30.602-07:00,159.932,drawing,,open,15.0,8.773059,3.260141,51.34,124.41,23.57,74.42,22.80,73.04,1459,1195,1116,228,WH-station1,2026-09-03T15:08:30.600-07:00
water_draw_1,2026-09-03T15:08:31.107-07:00,160.437,drawing,,open,15.0,8.800503,3.260141,51.65,124.97,23.36,74.05,22.60,72.68,1462,1193,1116,226,WH-station1,2026-09-03T15:08:31.105-07:00
water_draw_1,2026-09-03T15:08:31.612-07:00,160.942,drawing,,open,15.0,8.827867,3.249844,51.76,125.16,23.46,74.23,22.30,72.14,1463,1194,1114,223,WH-station1,2026-09-03T15:08:31.610-07:00
water_draw_1,2026-09-03T15:08:32.117-07:00,161.447,drawing,,open,15.0,8.855310,3.260141,51.34,124.41,23.57,74.42,22.40,72.32,1459,1195,1116,224,WH-station1,2026-09-03T15:08:32.116-07:00
water_draw_1,2026-09-03T15:08:32.622-07:00,161.952,drawing,,open,15.0,8.883231,3.316777,51.65,124.97,23.25,73.86,22.40,72.32,1462,1192,1127,224,WH-station1,2026-09-03T15:08:32.621-07:00
water_draw_1,2026-09-03T15:08:33.127-07:00,162.457,drawing,,open,15.0,8.910935,3.291033,51.55,124.79,23.67,74.61,23.00,73.40,1461,1196,1122,230,WH-station1,2026-09-03T15:08:33.126-07:00
water_draw_1,2026-09-03T15:08:33.632-07:00,162.962,drawing,,open,15.0,8.938549,3.280736,51.76,125.16,23.88,74.98,22.30,72.14,1463,1198,1120,223,WH-station1,2026-09-03T15:08:33.631-07:00
water_draw_1,2026-09-03T15:08:34.137-07:00,163.467,drawing,,open,15.0,8.966261,3.291033,51.86,125.35,23.36,74.05,23.00,73.40,1464,1193,1122,230,WH-station1,2026-09-03T15:08:34.136-07:00
water_draw_1,2026-09-03T15:08:34.642-07:00,163.972,drawing,,open,15.0,8.993747,3.265290,51.44,124.60,23.67,74.61,22.40,72.32,1460,1196,1117,224,WH-station1,2026-09-03T15:08:34.641-07:00
water_draw_1,2026-09-03T15:08:35.148-07:00,164.478,drawing,,open,15.0,9.021623,3.311628,51.65,124.97,23.46,74.23,22.40,72.32,1462,1194,1126,224,WH-station1,2026-09-03T15:08:35.146-07:00
water_draw_1,2026-09-03T15:08:35.650-07:00,164.983,drawing,,open,15.0,9.049326,3.291033,51.55,124.79,23.78,74.80,22.90,73.22,1461,1197,1122,229,WH-station1,2026-09-03T15:08:35.649-07:00
water_draw_1,2026-09-03T15:08:36.152-07:00,165.484,drawing,,open,15.0,9.076936,3.301331,51.97,125.54,23.88,74.98,22.40,72.32,1465,1198,1124,224,WH-station1,2026-09-03T15:08:36.151-07:00
water_draw_1,2026-09-03T15:08:36.654-07:00,165.987,drawing,,open,15.0,9.104487,3.291033,51.65,124.97,23.98,75.17,22.60,72.68,1462,1199,1122,226,WH-station1,2026-09-03T15:08:36.653-07:00
water_draw_1,2026-09-03T15:08:37.156-07:00,166.489,drawing,,open,15.0,9.131862,3.270439,51.86,125.35,23.98,75.17,23.20,73.76,1464,1199,1118,232,WH-station1,2026-09-03T15:08:37.156-07:00
water_draw_1,2026-09-03T15:08:37.658-07:00,166.991,drawing,,open,15.0,9.159490,3.301331,51.65,124.97,23.88,74.98,22.50,72.50,1462,1198,1124,225,WH-station1,2026-09-03T15:08:37.658-07:00
water_draw_1,2026-09-03T15:08:38.161-07:00,167.493,drawing,,open,15.0,9.187121,3.301331,51.34,124.41,23.78,74.80,22.50,72.50,1459,1197,1124,225,WH-station1,2026-09-03T15:08:38.160-07:00
water_draw_1,2026-09-03T15:08:38.663-07:00,167.995,drawing,,open,15.0,9.214666,3.291033,51.65,124.97,23.98,75.17,22.70,72.86,1462,1199,1122,227,WH-station1,2026-09-03T15:08:38.662-07:00
water_draw_1,2026-09-03T15:08:39.165-07:00,168.498,drawing,,open,15.0,9.241998,3.265290,51.55,124.79,23.88,74.98,22.50,72.50,1461,1198,1117,225,WH-station1,2026-09-03T15:08:39.164-07:00
water_draw_1,2026-09-03T15:08:39.667-07:00,169.000,drawing,,open,15.0,9.269370,3.270439,51.76,125.16,24.30,75.73,22.50,72.50,1463,1202,1118,225,WH-station1,2026-09-03T15:08:39.666-07:00
water_draw_1,2026-09-03T15:08:40.169-07:00,169.502,drawing,,open,15.0,9.296861,3.285885,52.07,125.72,24.30,75.73,22.50,72.50,1466,1202,1121,225,WH-station1,2026-09-03T15:08:40.168-07:00
water_draw_1,2026-09-03T15:08:40.674-07:00,170.004,drawing,,open,15.0,9.324484,3.301331,51.55,124.79,23.88,74.98,22.30,72.14,1461,1198,1124,223,WH-station1,2026-09-03T15:08:40.673-07:00
water_draw_1,2026-09-03T15:08:41.179-07:00,170.509,drawing,,open,15.0,9.352286,3.301331,51.44,124.60,23.88,74.98,22.50,72.50,1460,1198,1124,225,WH-station1,2026-09-03T15:08:41.178-07:00
water_draw_1,2026-09-03T15:08:41.684-07:00,171.014,drawing,,open,15.0,9.380078,3.301331,51.76,125.16,24.40,75.92,22.50,72.50,1463,1203,1124,225,WH-station1,2026-09-03T15:08:41.683-07:00
water_draw_1,2026-09-03T15:08:42.189-07:00,171.519,drawing,,open,15.0,9.407658,3.275587,51.86,125.35,24.09,75.36,22.40,72.32,1464,1200,1119,224,WH-station1,2026-09-03T15:08:42.188-07:00
water_draw_1,2026-09-03T15:08:42.694-07:00,172.024,drawing,,open,15.0,9.435358,3.291033,51.65,124.97,24.19,75.55,22.90,73.22,1462,1201,1122,229,WH-station1,2026-09-03T15:08:42.693-07:00
water_draw_1,2026-09-03T15:08:43.200-07:00,172.530,drawing,,open,15.0,9.462892,3.270439,51.44,124.60,23.98,75.17,22.80,73.04,1460,1199,1118,228,WH-station1,2026-09-03T15:08:43.198-07:00
water_draw_1,2026-09-03T15:08:43.704-07:00,173.035,drawing,,open,15.0,9.490644,3.296182,51.97,125.54,24.09,75.36,22.60,72.68,1465,1200,1123,226,WH-station1,2026-09-03T15:08:43.703-07:00
water_draw_1,2026-09-03T15:08:44.209-07:00,173.539,drawing,,open,15.0,9.518416,3.301331,51.55,124.79,24.30,75.73,22.50,72.50,1461,1202,1124,225,WH-station1,2026-09-03T15:08:44.207-07:00
water_draw_1,2026-09-03T15:08:44.714-07:00,174.044,drawing,,open,15.0,9.546132,3.296182,51.97,125.54,24.50,76.11,22.70,72.86,1465,1204,1123,227,WH-station1,2026-09-03T15:08:44.713-07:00
water_draw_1,2026-09-03T15:08:45.219-07:00,174.549,drawing,,open,15.0,9.573754,3.280736,51.86,125.35,24.40,75.92,22.40,72.32,1464,1203,1120,224,WH-station1,2026-09-03T15:08:45.218-07:00
water_draw_1,2026-09-03T15:08:45.724-07:00,175.054,drawing,,open,15.0,9.601413,3.285885,51.55,124.79,24.19,75.55,22.30,72.14,1461,1201,1121,223,WH-station1,2026-09-03T15:08:45.723-07:00
water_draw_1,2026-09-03T15:08:46.229-07:00,175.559,drawing,,open,15.0,9.629295,3.311628,51.86,125.35,24.61,76.30,22.20,71.96,1464,1205,1126,222,WH-station1,2026-09-03T15:08:46.228-07:00
water_draw_1,2026-09-03T15:08:46.735-07:00,176.064,drawing,,open,15.0,9.657217,3.316777,51.65,124.97,24.30,75.73,23.10,73.58,1462,1202,1127,231,WH-station1,2026-09-03T15:08:46.733-07:00
water_draw_1,2026-09-03T15:08:47.240-07:00,176.570,drawing,,open,15.0,9.684924,3.291033,51.55,124.79,24.09,75.36,22.30,72.14,1461,1200,1122,223,WH-station1,2026-09-03T15:08:47.238-07:00
water_draw_1,2026-09-03T15:08:47.745-07:00,177.075,drawing,,open,15.0,9.712582,3.285885,51.55,124.79,24.19,75.55,22.70,72.86,1461,1201,1121,227,WH-station1,2026-09-03T15:08:47.743-07:00
water_draw_1,2026-09-03T15:08:48.250-07:00,177.580,drawing,,open,15.0,9.740165,3.275587,51.76,125.16,24.82,76.67,22.60,72.68,1463,1207,1119,226,WH-station1,2026-09-03T15:08:48.248-07:00
water_draw_1,2026-09-03T15:08:48.755-07:00,178.085,drawing,,open,15.0,9.767822,3.285885,51.76,125.16,24.50,76.11,22.40,72.32,1463,1204,1121,224,WH-station1,2026-09-03T15:08:48.753-07:00
water_draw_1,2026-09-03T15:08:49.260-07:00,178.590,drawing,,open,15.0,9.795480,3.285885,51.76,125.16,24.40,75.92,22.60,72.68,1463,1203,1121,226,WH-station1,2026-09-03T15:08:49.258-07:00
water_draw_1,2026-09-03T15:08:49.765-07:00,179.095,drawing,,open,15.0,9.823055,3.275587,51.97,125.54,24.71,76.48,22.50,72.50,1465,1206,1119,225,WH-station1,2026-09-03T15:08:49.764-07:00
water_draw_1,2026-09-03T15:08:50.270-07:00,179.600,drawing,,open,15.0,9.850502,3.260141,51.76,125.16,24.50,76.11,22.50,72.50,1463,1204,1116,225,WH-station1,2026-09-03T15:08:50.269-07:00
water_draw_1,2026-09-03T15:08:50.775-07:00,180.105,drawing,,open,15.0,9.878117,3.280736,51.86,125.35,24.40,75.92,22.70,72.86,1464,1203,1120,227,WH-station1,2026-09-03T15:08:50.774-07:00
water_draw_1,2026-09-03T15:08:51.280-07:00,180.610,drawing,,open,15.0,9.905779,3.285885,51.97,125.54,24.82,76.67,22.30,72.14,1465,1207,1121,223,WH-station1,2026-09-03T15:08:51.279-07:00
water_draw_1,2026-09-03T15:08:51.785-07:00,181.115,drawing,,open,15.0,9.933220,3.260141,51.55,124.79,24.71,76.48,22.80,73.04,1461,1206,1116,228,WH-station1,2026-09-03T15:08:51.784-07:00
water_draw_1,2026-09-03T15:08:52.291-07:00,181.620,drawing,,open,15.0,9.960971,3.296182,51.76,125.16,24.50,76.11,22.40,72.32,1463,1204,1123,224,WH-station1,2026-09-03T15:08:52.289-07:00
water_draw_1,2026-09-03T15:08:52.796-07:00,182.126,drawing,,open,15.0,9.988588,3.280736,51.55,124.79,24.82,76.67,22.30,72.14,1461,1207,1120,223,WH-station1,2026-09-03T15:08:52.794-07:00
water_draw_1,2026-09-03T15:08:53.301-07:00,182.631,drawing,,open,15.0,10.016161,3.275587,52.17,125.91,24.92,76.86,22.90,73.22,1467,1208,1119,229,WH-station1,2026-09-03T15:08:53.299-07:00
water_draw_1,2026-09-03T15:08:53.806-07:00,183.136,drawing,,open,15.0,10.044002,3.306479,51.76,125.16,24.71,76.48,22.60,72.68,1463,1206,1125,226,WH-station1,2026-09-03T15:08:53.804-07:00
water_draw_1,2026-09-03T15:08:54.311-07:00,183.641,drawing,,open,15.0,10.071483,3.265290,51.86,125.35,25.13,77.23,22.40,72.32,1464,1210,1117,224,WH-station1,2026-09-03T15:08:54.309-07:00
water_draw_1,2026-09-03T15:08:54.816-07:00,184.146,drawing,,open,15.0,10.099228,3.296182,51.86,125.35,24.71,76.48,22.20,71.96,1464,1206,1123,222,WH-station1,2026-09-03T15:08:54.814-07:00
water_draw_1,2026-09-03T15:08:55.321-07:00,184.651,drawing,,open,15.0,10.126761,3.270439,51.76,125.16,24.92,76.86,22.80,73.04,1463,1208,1118,228,WH-station1,2026-09-03T15:08:55.320-07:00
water_draw_1,2026-09-03T15:08:55.826-07:00,185.156,drawing,,open,15.0,10.154298,3.270439,51.86,125.35,24.92,76.86,22.40,72.32,1464,1208,1118,224,WH-station1,2026-09-03T15:08:55.825-07:00
water_draw_1,2026-09-03T15:08:56.331-07:00,185.661,drawing,,open,15.0,10.182131,3.306479,51.76,125.16,25.13,77.23,22.30,72.14,1463,1210,1125,223,WH-station1,2026-09-03T15:08:56.330-07:00
water_draw_1,2026-09-03T15:08:56.836-07:00,186.166,drawing,,open,15.0,10.209793,3.285885,51.76,125.16,25.23,77.42,22.80,73.04,1463,1211,1121,228,WH-station1,2026-09-03T15:08:56.835-07:00
water_draw_1,2026-09-03T15:08:57.341-07:00,186.672,drawing,,open,15.0,10.237547,3.296182,51.65,124.97,24.92,76.86,22.50,72.50,1462,1208,1123,225,WH-station1,2026-09-03T15:08:57.340-07:00
water_draw_1,2026-09-03T15:08:57.846-07:00,187.176,drawing,,open,15.0,10.265223,3.291033,51.97,125.54,25.13,77.23,22.40,72.32,1465,1210,1122,224,WH-station1,2026-09-03T15:08:57.845-07:00
water_draw_1,2026-09-03T15:08:58.351-07:00,187.681,drawing,,open,15.0,10.293012,3.301331,51.76,125.16,25.23,77.42,23.10,73.58,1463,1211,1124,231,WH-station1,2026-09-03T15:08:58.350-07:00
water_draw_1,2026-09-03T15:08:58.856-07:00,188.186,drawing,,open,15.0,10.320461,3.260141,51.76,125.16,25.55,77.98,22.70,72.86,1463,1214,1116,227,WH-station1,2026-09-03T15:08:58.855-07:00
water_draw_1,2026-09-03T15:08:59.362-07:00,188.691,drawing,,open,15.0,10.348203,3.296182,51.55,124.79,24.92,76.86,23.00,73.40,1461,1208,1123,230,WH-station1,2026-09-03T15:08:59.360-07:00
water_draw_1,2026-09-03T15:08:59.867-07:00,189.197,drawing,,open,15.0,10.373837,3.043897,51.65,124.97,25.03,77.05,22.50,72.50,1462,1209,1074,225,WH-station1,2026-09-03T15:08:59.865-07:00
water_draw_1,2026-09-03T15:09:00.372-07:00,189.702,drawing,,open,15.0,10.398984,2.987262,51.55,124.79,25.44,77.80,22.80,73.04,1461,1213,1063,228,WH-station1,2026-09-03T15:09:00.370-07:00
water_draw_1,2026-09-03T15:09:00.877-07:00,190.207,drawing,,open,15.0,10.426084,3.218952,51.65,124.97,25.34,77.61,22.80,73.04,1462,1212,1108,228,WH-station1,2026-09-03T15:09:00.875-07:00
water_draw_1,2026-09-03T15:09:01.382-07:00,190.712,drawing,,open,15.0,10.453619,3.270439,51.76,125.16,25.44,77.80,22.70,72.86,1463,1213,1118,227,WH-station1,2026-09-03T15:09:01.381-07:00
water_draw_1,2026-09-03T15:09:01.887-07:00,191.217,drawing,,open,15.0,10.480977,3.249844,51.34,124.41,25.34,77.61,22.70,72.86,1459,1212,1114,227,WH-station1,2026-09-03T15:09:01.886-07:00
water_draw_1,2026-09-03T15:09:02.392-07:00,191.722,drawing,,open,15.0,10.507035,3.095384,51.86,125.35,25.13,77.23,22.50,72.50,1464,1210,1084,225,WH-station1,2026-09-03T15:09:02.391-07:00
water_draw_1,2026-09-03T15:09:02.898-07:00,192.227,drawing,,open,15.0,10.533787,3.177763,51.76,125.16,25.23,77.42,22.80,73.04,1463,1211,1100,228,WH-station1,2026-09-03T15:09:02.896-07:00
water_draw_1,2026-09-03T15:09:03.403-07:00,192.733,drawing,,open,15.0,10.561463,3.285885,51.86,125.35,25.55,77.98,22.80,73.04,1464,1214,1121,228,WH-station1,2026-09-03T15:09:03.401-07:00
water_draw_1,2026-09-03T15:09:03.908-07:00,193.238,drawing,,open,15.0,10.589382,3.316777,51.97,125.54,25.34,77.61,22.60,72.68,1465,1212,1127,226,WH-station1,2026-09-03T15:09:03.906-07:00
water_draw_1,2026-09-03T15:09:04.413-07:00,193.743,drawing,,open,15.0,10.616830,3.260141,51.55,124.79,25.44,77.80,22.70,72.86,1461,1213,1116,227,WH-station1,2026-09-03T15:09:04.412-07:00
water_draw_1,2026-09-03T15:09:04.916-07:00,194.248,drawing,,open,15.0,10.644023,3.229249,51.97,125.54,25.23,77.42,22.80,73.04,1465,1211,1110,228,WH-station1,2026-09-03T15:09:04.915-07:00
water_draw_1,2026-09-03T15:09:05.418-07:00,194.751,drawing,,open,15.0,10.671347,3.260141,51.86,125.35,25.75,78.36,22.80,73.04,1464,1216,1116,228,WH-station1,2026-09-03T15:09:05.418-07:00
water_draw_1,2026-09-03T15:09:05.921-07:00,195.253,drawing,,open,15.0,10.699320,3.342520,51.76,125.16,25.44,77.80,22.60,72.68,1463,1213,1132,226,WH-station1,2026-09-03T15:09:05.920-07:00
water_draw_1,2026-09-03T15:09:06.423-07:00,195.755,drawing,,open,15.0,10.727294,3.342520,51.86,125.35,25.65,78.17,22.70,72.86,1464,1215,1132,227,WH-station1,2026-09-03T15:09:06.422-07:00
water_draw_1,2026-09-03T15:09:06.925-07:00,196.257,drawing,,open,15.0,10.754925,3.301331,51.65,124.97,25.96,78.73,22.40,72.32,1462,1218,1124,224,WH-station1,2026-09-03T15:09:06.924-07:00
water_draw_1,2026-09-03T15:09:07.427-07:00,196.760,drawing,,open,15.0,10.782513,3.296182,52.07,125.72,25.65,78.17,22.60,72.68,1466,1215,1123,226,WH-station1,2026-09-03T15:09:07.426-07:00
water_draw_1,2026-09-03T15:09:07.929-07:00,197.262,drawing,,open,15.0,10.810097,3.296182,51.76,125.16,26.07,78.92,22.30,72.14,1463,1219,1123,223,WH-station1,2026-09-03T15:09:07.928-07:00
water_draw_1,2026-09-03T15:09:08.431-07:00,197.764,drawing,,open,15.0,10.838032,3.337371,51.97,125.54,25.86,78.55,23.00,73.40,1465,1217,1131,230,WH-station1,2026-09-03T15:09:08.431-07:00
water_draw_1,2026-09-03T15:09:08.933-07:00,198.266,drawing,,open,15.0,10.865829,3.321925,51.65,124.97,25.86,78.55,22.70,72.86,1462,1217,1128,227,WH-station1,2026-09-03T15:09:08.933-07:00
water_draw_1,2026-09-03T15:09:09.436-07:00,198.768,drawing,,open,15.0,10.893761,3.337371,52.07,125.72,25.96,78.73,22.50,72.50,1466,1218,1131,225,WH-station1,2026-09-03T15:09:09.435-07:00
water_draw_1,2026-09-03T15:09:09.939-07:00,199.270,drawing,,open,15.0,10.921437,3.306479,51.86,125.35,25.96,78.73,22.60,72.68,1464,1218,1125,226,WH-station1,2026-09-03T15:09:09.937-07:00
water_draw_1,2026-09-03T15:09:10.444-07:00,199.774,drawing,,open,15.0,10.949148,3.301331,51.76,125.16,26.07,78.92,22.70,72.86,1463,1219,1124,227,WH-station1,2026-09-03T15:09:10.442-07:00
water_draw_1,2026-09-03T15:09:10.948-07:00,200.279,drawing,,open,15.0,10.976921,3.301331,51.97,125.54,25.65,78.17,22.80,73.04,1465,1215,1124,228,WH-station1,2026-09-03T15:09:10.947-07:00
water_draw_1,2026-09-03T15:09:11.453-07:00,200.784,drawing,,open,15.0,11.004691,3.301331,51.76,125.16,26.07,78.92,22.30,72.14,1463,1219,1124,223,WH-station1,2026-09-03T15:09:11.451-07:00
water_draw_1,2026-09-03T15:09:11.958-07:00,201.288,drawing,,open,15.0,11.032371,3.291033,52.07,125.72,26.28,79.30,23.00,73.40,1466,1221,1122,230,WH-station1,2026-09-03T15:09:11.957-07:00
water_draw_1,2026-09-03T15:09:12.463-07:00,201.793,drawing,,open,15.0,11.060124,3.296182,51.86,125.35,25.96,78.73,22.30,72.14,1464,1218,1123,223,WH-station1,2026-09-03T15:09:12.462-07:00
water_draw_1,2026-09-03T15:09:12.969-07:00,202.298,drawing,,open,15.0,11.087831,3.291033,51.76,125.16,26.17,79.11,22.90,73.22,1463,1220,1122,229,WH-station1,2026-09-03T15:09:12.967-07:00
water_draw_1,2026-09-03T15:09:13.474-07:00,202.804,drawing,,open,15.0,11.115409,3.275587,52.07,125.72,26.28,79.30,22.30,72.14,1466,1221,1119,223,WH-station1,2026-09-03T15:09:13.472-07:00
water_draw_1,2026-09-03T15:09:13.979-07:00,203.309,drawing,,open,15.0,11.143073,3.285885,51.97,125.54,25.75,78.36,22.70,72.86,1465,1216,1121,227,WH-station1,2026-09-03T15:09:13.977-07:00
water_draw_1,2026-09-03T15:09:14.484-07:00,203.814,drawing,,open,15.0,11.170651,3.275587,51.86,125.35,25.96,78.73,22.60,72.68,1464,1218,1119,226,WH-station1,2026-09-03T15:09:14.482-07:00
water_draw_1,2026-09-03T15:09:14.989-07:00,204.319,drawing,,open,15.0,11.198185,3.270439,51.86,125.35,26.28,79.30,22.40,72.32,1464,1221,1118,224,WH-station1,2026-09-03T15:09:14.988-07:00
water_draw_1,2026-09-03T15:09:15.494-07:00,204.824,drawing,,open,15.0,11.226067,3.311628,51.76,125.16,26.07,78.92,22.30,72.14,1463,1219,1126,223,WH-station1,2026-09-03T15:09:15.493-07:00
water_draw_1,2026-09-03T15:09:15.999-07:00,205.329,drawing,,open,15.0,11.253602,3.270439,51.86,125.35,26.59,79.86,22.50,72.50,1464,1224,1118,225,WH-station1,2026-09-03T15:09:15.998-07:00
water_draw_1,2026-09-03T15:09:16.505-07:00,205.835,drawing,,open,15.0,11.281441,3.306479,51.65,124.97,26.07,78.92,22.40,72.32,1462,1219,1125,224,WH-station1,2026-09-03T15:09:16.503-07:00
water_draw_1,2026-09-03T15:09:17.010-07:00,206.340,drawing,,open,15.0,11.309190,3.296182,51.76,125.16,25.96,78.73,22.90,73.22,1463,1218,1123,229,WH-station1,2026-09-03T15:09:17.008-07:00
water_draw_1,2026-09-03T15:09:17.515-07:00,206.845,drawing,,open,15.0,11.337158,3.321925,51.97,125.54,26.59,79.86,22.40,72.32,1465,1224,1128,224,WH-station1,2026-09-03T15:09:17.513-07:00
water_draw_1,2026-09-03T15:09:18.020-07:00,207.350,drawing,,open,15.0,11.364990,3.306479,51.86,125.35,26.38,79.48,22.40,72.32,1464,1222,1125,224,WH-station1,2026-09-03T15:09:18.018-07:00
water_draw_1,2026-09-03T15:09:18.525-07:00,207.855,drawing,,open,15.0,11.392357,3.249844,51.97,125.54,26.59,79.86,22.40,72.32,1465,1224,1114,224,WH-station1,2026-09-03T15:09:18.524-07:00
water_draw_1,2026-09-03T15:09:19.030-07:00,208.360,drawing,,open,15.0,11.419976,3.280736,51.76,125.16,26.38,79.48,22.40,72.32,1463,1222,1120,224,WH-station1,2026-09-03T15:09:19.029-07:00
water_draw_1,2026-09-03T15:09:19.535-07:00,208.865,drawing,,open,15.0,11.447857,3.311628,51.65,124.97,26.38,79.48,22.80,73.04,1462,1222,1126,228,WH-station1,2026-09-03T15:09:19.534-07:00
water_draw_1,2026-09-03T15:09:20.041-07:00,209.371,drawing,,open,15.0,11.475700,3.306479,51.76,125.16,26.28,79.30,22.90,73.22,1463,1221,1125,229,WH-station1,2026-09-03T15:09:20.039-07:00
water_draw_1,2026-09-03T15:09:20.546-07:00,209.876,drawing,,open,15.0,11.503716,3.327074,51.76,125.16,26.80,80.23,22.40,72.32,1463,1226,1129,224,WH-station1,2026-09-03T15:09:20.544-07:00
water_draw_1,2026-09-03T15:09:21.051-07:00,210.381,drawing,,open,15.0,11.531555,3.306479,51.86,125.35,26.38,79.48,22.80,73.04,1464,1222,1125,228,WH-station1,2026-09-03T15:09:21.050-07:00
water_draw_1,2026-09-03T15:09:21.556-07:00,210.886,drawing,,open,15.0,11.559261,3.291033,51.65,124.97,26.48,79.67,22.40,72.32,1462,1223,1122,224,WH-station1,2026-09-03T15:09:21.555-07:00
water_draw_1,2026-09-03T15:09:22.062-07:00,211.391,drawing,,open,15.0,11.586928,3.285885,51.65,124.97,26.59,79.86,22.40,72.32,1462,1224,1121,224,WH-station1,2026-09-03T15:09:22.060-07:00
water_draw_1,2026-09-03T15:09:22.567-07:00,211.897,drawing,,open,15.0,11.614816,3.311628,52.07,125.72,26.59,79.86,22.60,72.68,1466,1224,1126,226,WH-station1,2026-09-03T15:09:22.565-07:00
water_draw_1,2026-09-03T15:09:23.072-07:00,212.402,drawing,,open,15.0,11.642563,3.296182,51.86,125.35,26.80,80.23,22.40,72.32,1464,1226,1123,224,WH-station1,2026-09-03T15:09:23.070-07:00
water_draw_1,2026-09-03T15:09:23.577-07:00,212.907,drawing,,open,15.0,11.670361,3.301331,51.65,124.97,26.69,80.05,22.80,73.04,1462,1225,1124,228,WH-station1,2026-09-03T15:09:23.576-07:00
water_draw_1,2026-09-03T15:09:24.082-07:00,213.412,drawing,,open,15.0,11.698116,3.296182,51.97,125.54,26.69,80.05,22.40,72.32,1465,1225,1123,224,WH-station1,2026-09-03T15:09:24.081-07:00
water_draw_1,2026-09-03T15:09:24.587-07:00,213.917,drawing,,open,15.0,11.725869,3.296182,51.76,125.16,26.80,80.23,22.90,73.22,1463,1226,1123,229,WH-station1,2026-09-03T15:09:24.586-07:00
water_draw_1,2026-09-03T15:09:25.093-07:00,214.423,drawing,,open,15.0,11.753407,3.270439,51.97,125.54,26.69,80.05,22.30,72.14,1465,1225,1118,223,WH-station1,2026-09-03T15:09:25.091-07:00
water_draw_1,2026-09-03T15:09:25.598-07:00,214.928,drawing,,open,15.0,11.781333,3.316777,51.86,125.35,26.90,80.42,22.60,72.68,1464,1227,1127,226,WH-station1,2026-09-03T15:09:25.596-07:00
water_draw_1,2026-09-03T15:09:26.103-07:00,215.433,drawing,,open,15.0,11.808866,3.270439,51.76,125.16,26.69,80.05,22.40,72.32,1463,1225,1118,224,WH-station1,2026-09-03T15:09:26.101-07:00
water_draw_1,2026-09-03T15:09:26.608-07:00,215.938,drawing,,open,15.0,11.836618,3.296182,51.65,124.97,26.90,80.42,22.20,71.96,1462,1227,1123,222,WH-station1,2026-09-03T15:09:26.607-07:00
water_draw_1,2026-09-03T15:09:27.113-07:00,216.443,drawing,,open,15.0,11.864329,3.291033,51.65,124.97,26.90,80.42,22.80,73.04,1462,1227,1122,228,WH-station1,2026-09-03T15:09:27.112-07:00
water_draw_1,2026-09-03T15:09:27.618-07:00,216.948,drawing,,open,15.0,11.891954,3.280736,51.65,124.97,27.00,80.61,22.40,72.32,1462,1228,1120,224,WH-station1,2026-09-03T15:09:27.617-07:00
water_draw_1,2026-09-03T15:09:28.124-07:00,217.454,drawing,,open,15.0,11.919661,3.291033,51.97,125.54,27.11,80.80,22.40,72.32,1465,1229,1122,224,WH-station1,2026-09-03T15:09:28.122-07:00
water_draw_1,2026-09-03T15:09:28.629-07:00,217.959,drawing,,open,15.0,11.947763,3.337371,52.07,125.72,27.00,80.61,22.80,73.04,1466,1228,1131,228,WH-station1,2026-09-03T15:09:28.627-07:00
water_draw_1,2026-09-03T15:09:29.134-07:00,218.464,drawing,,open,15.0,11.975468,3.291033,51.76,125.16,27.00,80.61,22.60,72.68,1463,1228,1122,226,WH-station1,2026-09-03T15:09:29.133-07:00
water_draw_1,2026-09-03T15:09:29.639-07:00,218.969,drawing,,open,15.0,12.003305,3.306479,51.76,125.16,26.80,80.23,22.60,72.68,1463,1226,1125,226,WH-station1,2026-09-03T15:09:29.638-07:00
water_draw_1,2026-09-03T15:09:30.144-07:00,219.474,drawing,,open,15.0,12.031097,3.301331,51.97,125.54,27.42,81.36,22.80,73.04,1465,1232,1124,228,WH-station1,2026-09-03T15:09:30.143-07:00
water_draw_1,2026-09-03T15:09:30.649-07:00,219.979,drawing,,open,15.0,12.059030,3.316777,51.76,125.16,27.00,80.61,22.60,72.68,1463,1228,1127,226,WH-station1,2026-09-03T15:09:30.647-07:00
water_draw_1,2026-09-03T15:09:31.154-07:00,220.484,drawing,,open,15.0,12.086929,3.316777,51.65,124.97,27.11,80.80,23.00,73.40,1462,1229,1127,230,WH-station1,2026-09-03T15:09:31.152-07:00
water_draw_1,2026-09-03T15:09:31.658-07:00,220.989,drawing,,open,15.0,12.115001,3.337371,52.07,125.72,27.42,81.36,22.60,72.68,1466,1232,1131,226,WH-station1,2026-09-03T15:09:31.657-07:00
water_draw_1,2026-09-03T15:09:32.163-07:00,221.494,drawing,,open,15.0,12.142990,3.327074,51.86,125.35,27.21,80.98,23.00,73.40,1464,1230,1129,230,WH-station1,2026-09-03T15:09:32.162-07:00
water_draw_1,2026-09-03T15:09:32.668-07:00,221.998,drawing,,open,15.0,12.170894,3.316777,52.07,125.72,27.11,80.80,22.90,73.22,1466,1229,1127,229,WH-station1,2026-09-03T15:09:32.666-07:00
water_draw_1,2026-09-03T15:09:33.173-07:00,222.503,drawing,,open,15.0,12.198964,3.337371,51.86,125.35,27.21,80.98,22.70,72.86,1464,1230,1131,227,WH-station1,2026-09-03T15:09:33.171-07:00
water_draw_1,2026-09-03T15:09:33.677-07:00,223.008,drawing,,open,15.0,12.226820,3.311628,51.97,125.54,27.32,81.17,22.80,73.04,1465,1231,1126,228,WH-station1,2026-09-03T15:09:33.676-07:00
water_draw_1,2026-09-03T15:09:34.182-07:00,223.512,drawing,,open,15.0,12.254763,3.321925,51.76,125.16,27.42,81.36,22.40,72.32,1463,1232,1128,224,WH-station1,2026-09-03T15:09:34.181-07:00
water_draw_1,2026-09-03T15:09:34.687-07:00,224.017,drawing,,open,15.0,12.282797,3.332223,51.97,125.54,27.53,81.55,22.80,73.04,1465,1233,1130,228,WH-station1,2026-09-03T15:09:34.685-07:00
water_draw_1,2026-09-03T15:09:35.192-07:00,224.522,drawing,,open,15.0,12.310997,3.352817,51.55,124.79,27.42,81.36,22.70,72.86,1461,1232,1134,227,WH-station1,2026-09-03T15:09:35.190-07:00
water_draw_1,2026-09-03T15:09:35.693-07:00,225.027,drawing,,open,15.0,12.339253,3.357966,51.97,125.54,27.32,81.17,22.60,72.68,1465,1231,1135,226,WH-station1,2026-09-03T15:09:35.693-07:00
water_draw_1,2026-09-03T15:09:36.195-07:00,225.528,drawing,,open,15.0,12.367234,3.347669,51.65,124.97,27.42,81.36,22.40,72.32,1462,1232,1133,224,WH-station1,2026-09-03T15:09:36.195-07:00
water_draw_1,2026-09-03T15:09:36.697-07:00,226.030,drawing,,open,15.0,12.395284,3.352817,51.86,125.35,27.63,81.73,22.50,72.50,1464,1234,1134,225,WH-station1,2026-09-03T15:09:36.697-07:00
water_draw_1,2026-09-03T15:09:37.199-07:00,226.532,drawing,,open,15.0,12.423463,3.368263,51.76,125.16,27.63,81.73,23.00,73.40,1463,1234,1137,230,WH-station1,2026-09-03T15:09:37.199-07:00
water_draw_1,2026-09-03T15:09:37.701-07:00,227.034,drawing,,open,15.0,12.451429,3.342520,51.65,124.97,27.42,81.36,22.80,73.04,1462,1232,1132,228,WH-station1,2026-09-03T15:09:37.701-07:00
water_draw_1,2026-09-03T15:09:38.203-07:00,227.536,drawing,,open,15.0,12.479175,3.316777,51.65,124.97,27.73,81.92,22.50,72.50,1462,1235,1127,225,WH-station1,2026-09-03T15:09:38.203-07:00
water_draw_1,2026-09-03T15:09:38.705-07:00,228.038,drawing,,open,15.0,12.506969,3.321925,51.86,125.35,27.63,81.73,22.20,71.96,1464,1234,1128,222,WH-station1,2026-09-03T15:09:38.705-07:00
water_draw_1,2026-09-03T15:09:39.207-07:00,228.540,drawing,,open,15.0,12.534500,3.291033,51.97,125.54,27.63,81.73,22.80,73.04,1465,1234,1122,228,WH-station1,2026-09-03T15:09:39.207-07:00
water_draw_1,2026-09-03T15:09:39.709-07:00,229.042,drawing,,open,15.0,12.562166,3.306479,51.86,125.35,27.63,81.73,22.70,72.86,1464,1234,1125,227,WH-station1,2026-09-03T15:09:39.708-07:00
water_draw_1,2026-09-03T15:09:40.211-07:00,229.544,drawing,,open,15.0,12.589909,3.316777,52.17,125.91,27.21,80.98,22.90,73.22,1467,1230,1127,229,WH-station1,2026-09-03T15:09:40.211-07:00
water_draw_1,2026-09-03T15:09:40.717-07:00,230.046,drawing,,open,15.0,12.617806,3.332223,51.76,125.16,27.63,81.73,22.70,72.86,1463,1234,1130,227,WH-station1,2026-09-03T15:09:40.715-07:00
water_draw_1,2026-09-03T15:09:41.222-07:00,230.552,drawing,,open,15.0,12.645878,3.332223,51.65,124.97,27.53,81.55,22.40,72.32,1462,1233,1130,224,WH-station1,2026-09-03T15:09:41.220-07:00
water_draw_1,2026-09-03T15:09:41.727-07:00,231.057,drawing,,open,15.0,12.673887,3.327074,51.44,124.60,27.73,81.92,22.70,72.86,1460,1235,1129,227,WH-station1,2026-09-03T15:09:41.725-07:00
water_draw_1,2026-09-03T15:09:42.232-07:00,231.562,drawing,,open,15.0,12.701762,3.311628,51.86,125.35,27.32,81.17,22.70,72.86,1464,1231,1126,227,WH-station1,2026-09-03T15:09:42.230-07:00
water_draw_1,2026-09-03T15:09:42.737-07:00,232.067,drawing,,open,15.0,12.729738,3.321925,51.97,125.54,27.32,81.17,22.40,72.32,1465,1231,1128,224,WH-station1,2026-09-03T15:09:42.736-07:00
water_draw_1,2026-09-03T15:09:43.242-07:00,232.572,drawing,,open,15.0,12.757923,3.347669,51.76,125.16,28.05,82.48,22.40,72.32,1463,1238,1133,224,WH-station1,2026-09-03T15:09:43.241-07:00
water_draw_1,2026-09-03T15:09:43.747-07:00,233.077,drawing,,open,15.0,12.785933,3.327074,52.07,125.72,27.84,82.11,22.60,72.68,1466,1236,1129,226,WH-station1,2026-09-03T15:09:43.746-07:00
water_draw_1,2026-09-03T15:09:44.253-07:00,233.583,drawing,,open,15.0,12.814115,3.347669,51.86,125.35,27.84,82.11,22.50,72.50,1464,1236,1133,225,WH-station1,2026-09-03T15:09:44.251-07:00
water_draw_1,2026-09-03T15:09:44.758-07:00,234.088,drawing,,open,15.0,12.842397,3.357966,51.97,125.54,28.05,82.48,22.90,73.22,1465,1238,1135,229,WH-station1,2026-09-03T15:09:44.757-07:00
water_draw_1,2026-09-03T15:09:45.264-07:00,234.593,drawing,,open,15.0,12.870765,3.368263,51.86,125.35,27.73,81.92,22.60,72.68,1464,1235,1137,226,WH-station1,2026-09-03T15:09:45.262-07:00
water_draw_1,2026-09-03T15:09:45.769-07:00,235.099,drawing,,open,15.0,12.899102,3.363115,51.65,124.97,27.73,81.92,22.40,72.32,1462,1235,1136,224,WH-station1,2026-09-03T15:09:45.767-07:00
water_draw_1,2026-09-03T15:09:46.275-07:00,235.604,drawing,,open,15.0,12.927240,3.342520,51.86,125.35,28.25,82.86,22.60,72.68,1464,1240,1132,226,WH-station1,2026-09-03T15:09:46.273-07:00
water_draw_1,2026-09-03T15:09:46.780-07:00,236.110,drawing,,open,15.0,12.955593,3.363115,51.97,125.54,28.05,82.48,22.30,72.14,1465,1238,1136,223,WH-station1,2026-09-03T15:09:46.778-07:00
water_draw_1,2026-09-03T15:09:47.286-07:00,236.615,drawing,,open,15.0,12.983773,3.347669,52.28,126.10,27.63,81.73,22.90,73.22,1468,1234,1133,229,WH-station1,2026-09-03T15:09:47.284-07:00
water_draw_1,2026-09-03T15:09:47.790-07:00,237.121,drawing,,open,15.0,13.012040,3.352817,51.86,125.35,27.84,82.11,22.50,72.50,1464,1236,1134,225,WH-station1,2026-09-03T15:09:47.789-07:00
water_draw_1,2026-09-03T15:09:48.295-07:00,237.625,drawing,,open,15.0,13.040412,3.373412,52.07,125.72,28.25,82.86,22.70,72.86,1466,1240,1138,227,WH-station1,2026-09-03T15:09:48.293-07:00
water_draw_1,2026-09-03T15:09:48.799-07:00,238.130,drawing,,open,15.0,13.068613,3.352817,52.17,125.91,27.84,82.11,22.30,72.14,1467,1236,1134,223,WH-station1,2026-09-03T15:09:48.798-07:00
water_draw_1,2026-09-03T15:09:49.304-07:00,238.634,drawing,,open,15.0,13.096897,3.363115,51.97,125.54,27.84,82.11,22.30,72.14,1465,1236,1136,223,WH-station1,2026-09-03T15:09:49.302-07:00
water_draw_1,2026-09-03T15:09:49.809-07:00,239.139,drawing,,open,15.0,13.125062,3.347669,51.86,125.35,27.94,82.30,22.60,72.68,1464,1237,1133,226,WH-station1,2026-09-03T15:09:49.807-07:00
water_draw_1,2026-09-03T15:09:50.314-07:00,239.644,drawing,,open,15.0,13.153347,3.363115,51.76,125.16,27.84,82.11,22.90,73.22,1463,1236,1136,229,WH-station1,2026-09-03T15:09:50.312-07:00
water_draw_1,2026-09-03T15:09:50.818-07:00,240.149,drawing,,open,15.0,13.181465,3.342520,51.44,124.60,28.46,83.23,22.40,72.32,1460,1242,1132,224,WH-station1,2026-09-03T15:09:50.817-07:00
water_draw_1,2026-09-03T15:09:51.323-07:00,240.653,drawing,,open,15.0,13.209490,3.332223,52.07,125.72,27.94,82.30,22.40,72.32,1466,1237,1130,224,WH-station1,2026-09-03T15:09:51.321-07:00
water_draw_1,2026-09-03T15:09:51.828-07:00,241.158,drawing,,open,15.0,13.237564,3.337371,51.76,125.16,28.25,82.86,22.40,72.32,1463,1240,1131,224,WH-station1,2026-09-03T15:09:51.826-07:00
water_draw_1,2026-09-03T15:09:52.333-07:00,241.663,drawing,,open,15.0,13.265617,3.332223,52.07,125.72,28.36,83.05,22.60,72.68,1466,1241,1130,226,WH-station1,2026-09-03T15:09:52.331-07:00
water_draw_1,2026-09-03T15:09:52.837-07:00,242.168,drawing,,open,15.0,13.293602,3.327074,51.97,125.54,28.46,83.23,22.90,73.22,1465,1242,1129,229,WH-station1,2026-09-03T15:09:52.836-07:00
water_draw_1,2026-09-03T15:09:53.342-07:00,242.672,drawing,,open,15.0,13.321892,3.363115,52.07,125.72,28.46,83.23,22.70,72.86,1466,1242,1136,227,WH-station1,2026-09-03T15:09:53.340-07:00
water_draw_1,2026-09-03T15:09:53.847-07:00,243.177,drawing,,open,15.0,13.350094,3.352817,51.97,125.54,28.57,83.42,22.80,73.04,1465,1243,1134,228,WH-station1,2026-09-03T15:09:53.845-07:00
water_draw_1,2026-09-03T15:09:54.351-07:00,243.682,drawing,,open,15.0,13.378030,3.321925,51.76,125.16,28.57,83.42,22.70,72.86,1463,1243,1128,227,WH-station1,2026-09-03T15:09:54.350-07:00
water_draw_1,2026-09-03T15:09:54.856-07:00,244.186,drawing,,open,15.0,13.406146,3.342520,52.07,125.72,28.36,83.05,22.90,73.22,1466,1241,1132,229,WH-station1,2026-09-03T15:09:54.854-07:00
water_draw_1,2026-09-03T15:09:55.361-07:00,244.691,drawing,,open,15.0,13.434136,3.327074,51.76,125.16,28.67,83.61,22.80,73.04,1463,1244,1129,228,WH-station1,2026-09-03T15:09:55.359-07:00
water_draw_1,2026-09-03T15:09:55.865-07:00,245.196,drawing,,open,15.0,13.462032,3.316777,52.07,125.72,28.25,82.86,22.50,72.50,1466,1240,1127,225,WH-station1,2026-09-03T15:09:55.864-07:00
water_draw_1,2026-09-03T15:09:56.370-07:00,245.701,drawing,,open,15.0,13.489931,3.316777,52.07,125.72,28.78,83.80,22.40,72.32,1466,1245,1127,224,WH-station1,2026-09-03T15:09:56.369-07:00
water_draw_1,2026-09-03T15:09:56.875-07:00,246.205,drawing,,open,15.0,13.517865,3.321925,51.86,125.35,28.46,83.23,22.30,72.14,1464,1242,1128,223,WH-station1,2026-09-03T15:09:56.874-07:00
water_draw_1,2026-09-03T15:09:57.380-07:00,246.710,drawing,,open,15.0,13.545913,3.332223,51.76,125.16,28.25,82.86,22.40,72.32,1463,1240,1130,224,WH-station1,2026-09-03T15:09:57.379-07:00
water_draw_1,2026-09-03T15:09:57.885-07:00,247.215,drawing,,open,15.0,13.574015,3.337371,51.55,124.79,28.57,83.42,22.40,72.32,1461,1243,1131,224,WH-station1,2026-09-03T15:09:57.884-07:00
water_draw_1,2026-09-03T15:09:58.391-07:00,247.720,drawing,,open,15.0,13.602070,3.332223,51.65,124.97,28.88,83.98,22.10,71.78,1462,1246,1130,221,WH-station1,2026-09-03T15:09:58.389-07:00
water_draw_1,2026-09-03T15:09:58.896-07:00,248.226,drawing,,open,15.0,13.630123,3.332223,51.76,125.16,28.88,83.98,22.30,72.14,1463,1246,1130,223,WH-station1,2026-09-03T15:09:58.894-07:00
water_draw_1,2026-09-03T15:09:59.401-07:00,248.731,drawing,,open,15.0,13.658306,3.347669,51.65,124.97,28.88,83.98,22.90,73.22,1462,1246,1133,229,WH-station1,2026-09-03T15:09:59.399-07:00
water_draw_1,2026-09-03T15:09:59.906-07:00,249.236,drawing,,open,15.0,13.686190,3.311628,51.76,125.16,28.67,83.61,22.30,72.14,1463,1244,1126,223,WH-station1,2026-09-03T15:09:59.904-07:00
water_draw_1,2026-09-03T15:10:00.411-07:00,249.741,drawing,,open,15.0,13.714199,3.327074,51.97,125.54,28.67,83.61,22.30,72.14,1465,1244,1129,223,WH-station1,2026-09-03T15:10:00.410-07:00
water_draw_1,2026-09-03T15:10:00.916-07:00,250.246,drawing,,open,15.0,13.742211,3.327074,52.07,125.72,28.88,83.98,22.80,73.04,1466,1246,1129,228,WH-station1,2026-09-03T15:10:00.915-07:00
water_draw_1,2026-09-03T15:10:01.421-07:00,250.751,drawing,,open,15.0,13.770440,3.352817,52.07,125.72,28.98,84.17,22.80,73.04,1466,1247,1134,228,WH-station1,2026-09-03T15:10:01.420-07:00
water_draw_1,2026-09-03T15:10:01.927-07:00,251.257,drawing,,open,15.0,13.798235,3.301331,51.76,125.16,28.88,83.98,22.70,72.86,1463,1246,1124,227,WH-station1,2026-09-03T15:10:01.925-07:00
water_draw_1,2026-09-03T15:10:02.432-07:00,251.762,drawing,,open,15.0,13.826463,3.352817,52.17,125.91,28.57,83.42,22.90,73.22,1467,1243,1134,229,WH-station1,2026-09-03T15:10:02.430-07:00
water_draw_1,2026-09-03T15:10:02.937-07:00,252.267,drawing,,open,15.0,13.854650,3.347669,51.76,125.16,28.78,83.80,22.70,72.86,1463,1245,1133,227,WH-station1,2026-09-03T15:10:02.935-07:00
water_draw_1,2026-09-03T15:10:03.442-07:00,252.772,drawing,,open,15.0,13.882786,3.342520,52.07,125.72,28.78,83.80,22.50,72.50,1466,1245,1132,225,WH-station1,2026-09-03T15:10:03.440-07:00
water_draw_1,2026-09-03T15:10:03.947-07:00,253.277,drawing,,open,15.0,13.910706,3.316777,51.86,125.35,28.57,83.42,22.40,72.32,1464,1243,1127,224,WH-station1,2026-09-03T15:10:03.946-07:00
water_draw_1,2026-09-03T15:10:04.452-07:00,253.782,drawing,,open,15.0,13.938712,3.327074,51.76,125.16,29.09,84.36,22.60,72.68,1463,1248,1129,226,WH-station1,2026-09-03T15:10:04.451-07:00
water_draw_1,2026-09-03T15:10:04.955-07:00,254.287,drawing,,open,15.0,13.966954,3.352817,51.86,125.35,28.88,83.98,22.80,73.04,1464,1246,1134,228,WH-station1,2026-09-03T15:10:04.954-07:00
water_draw_1,2026-09-03T15:10:05.457-07:00,254.789,drawing,,open,15.0,13.995006,3.352817,52.07,125.72,29.30,84.73,22.50,72.50,1466,1250,1134,225,WH-station1,2026-09-03T15:10:05.456-07:00
water_draw_1,2026-09-03T15:10:05.959-07:00,255.291,drawing,,open,15.0,14.022883,3.332223,52.17,125.91,29.09,84.36,22.70,72.86,1467,1248,1130,227,WH-station1,2026-09-03T15:10:05.958-07:00
water_draw_1,2026-09-03T15:10:06.461-07:00,255.793,drawing,,open,15.0,14.050844,3.342520,51.76,125.16,29.09,84.36,22.80,73.04,1463,1248,1132,228,WH-station1,2026-09-03T15:10:06.460-07:00
water_draw_1,2026-09-03T15:10:06.962-07:00,256.295,drawing,,open,15.0,14.078851,3.347669,52.17,125.91,29.09,84.36,22.90,73.22,1467,1248,1133,229,WH-station1,2026-09-03T15:10:06.962-07:00
water_draw_1,2026-09-03T15:10:07.464-07:00,256.797,drawing,,open,15.0,14.106899,3.352817,51.97,125.54,28.98,84.17,22.70,72.86,1465,1247,1134,227,WH-station1,2026-09-03T15:10:07.464-07:00
water_draw_1,2026-09-03T15:10:07.967-07:00,257.299,drawing,,open,15.0,14.134778,3.332223,51.65,124.97,29.09,84.36,23.00,73.40,1462,1248,1130,230,WH-station1,2026-09-03T15:10:07.966-07:00
water_draw_1,2026-09-03T15:10:08.469-07:00,257.801,drawing,,open,15.0,14.162835,3.352817,51.97,125.54,28.67,83.61,22.90,73.22,1465,1244,1134,229,WH-station1,2026-09-03T15:10:08.468-07:00
water_draw_1,2026-09-03T15:10:08.971-07:00,258.303,drawing,,open,15.0,14.190852,3.347669,51.97,125.54,28.88,83.98,22.30,72.14,1465,1246,1133,223,WH-station1,2026-09-03T15:10:08.970-07:00
water_draw_1,2026-09-03T15:10:09.473-07:00,258.806,drawing,,open,15.0,14.218780,3.337371,51.97,125.54,29.30,84.73,22.30,72.14,1465,1250,1131,223,WH-station1,2026-09-03T15:10:09.472-07:00
water_draw_1,2026-09-03T15:10:09.978-07:00,259.308,drawing,,open,15.0,14.246760,3.342520,51.97,125.54,29.30,84.73,23.00,73.40,1465,1250,1132,230,WH-station1,2026-09-03T15:10:09.977-07:00
water_draw_1,2026-09-03T15:10:10.483-07:00,259.813,drawing,,open,15.0,14.274870,3.337371,51.44,124.60,29.09,84.36,22.80,73.04,1460,1248,1131,228,WH-station1,2026-09-03T15:10:10.482-07:00
water_draw_1,2026-09-03T15:10:10.988-07:00,260.318,drawing,,open,15.0,14.303143,3.357966,51.76,125.16,29.30,84.73,22.80,73.04,1463,1250,1135,228,WH-station1,2026-09-03T15:10:10.987-07:00
water_draw_1,2026-09-03T15:10:11.493-07:00,260.823,drawing,,open,15.0,14.331578,3.378561,51.97,125.54,29.30,84.73,22.70,72.86,1465,1250,1139,227,WH-station1,2026-09-03T15:10:11.492-07:00
water_draw_1,2026-09-03T15:10:11.999-07:00,261.329,drawing,,open,15.0,14.359855,3.357966,51.86,125.35,29.19,84.55,23.00,73.40,1464,1249,1135,230,WH-station1,2026-09-03T15:10:11.997-07:00
water_draw_1,2026-09-03T15:10:12.504-07:00,261.834,drawing,,open,15.0,14.388118,3.357966,51.76,125.16,29.09,84.36,22.40,72.32,1463,1248,1135,224,WH-station1,2026-09-03T15:10:12.502-07:00
water_draw_1,2026-09-03T15:10:13.009-07:00,262.339,drawing,,open,15.0,14.416258,3.342520,51.65,124.97,29.61,85.30,22.60,72.68,1462,1253,1132,226,WH-station1,2026-09-03T15:10:13.007-07:00
water_draw_1,2026-09-03T15:10:13.514-07:00,262.844,drawing,,open,15.0,14.444436,3.347669,51.65,124.97,29.19,84.55,22.80,73.04,1462,1249,1133,228,WH-station1,2026-09-03T15:10:13.512-07:00
water_draw_1,2026-09-03T15:10:14.019-07:00,263.349,drawing,,open,15.0,14.472661,3.352817,51.86,125.35,29.09,84.36,22.90,73.22,1464,1248,1134,229,WH-station1,2026-09-03T15:10:14.017-07:00
water_draw_1,2026-09-03T15:10:14.524-07:00,263.854,drawing,,open,15.0,14.500836,3.347669,52.07,125.72,29.30,84.73,22.80,73.04,1466,1250,1133,228,WH-station1,2026-09-03T15:10:14.522-07:00
water_draw_1,2026-09-03T15:10:15.029-07:00,264.359,drawing,,open,15.0,14.528980,3.342520,51.97,125.54,29.50,85.11,22.50,72.50,1465,1252,1132,225,WH-station1,2026-09-03T15:10:15.028-07:00
water_draw_1,2026-09-03T15:10:15.534-07:00,264.864,drawing,,open,15.0,14.557031,3.332223,51.86,125.35,29.40,84.92,22.90,73.22,1464,1251,1130,229,WH-station1,2026-09-03T15:10:15.533-07:00
water_draw_1,2026-09-03T15:10:16.039-07:00,265.369,drawing,,open,15.0,14.585303,3.357966,51.97,125.54,29.40,84.92,22.80,73.04,1465,1251,1135,228,WH-station1,2026-09-03T15:10:16.038-07:00
water_draw_1,2026-09-03T15:10:16.544-07:00,265.874,drawing,,open,15.0,14.613397,3.337371,51.65,124.97,29.40,84.92,22.30,72.14,1462,1251,1131,223,WH-station1,2026-09-03T15:10:16.543-07:00
water_draw_1,2026-09-03T15:10:17.049-07:00,266.379,drawing,,open,15.0,14.641620,3.352817,51.86,125.35,29.50,85.11,22.90,73.22,1464,1252,1134,229,WH-station1,2026-09-03T15:10:17.048-07:00
water_draw_1,2026-09-03T15:10:17.555-07:00,266.888,drawing,,open,15.0,14.669859,3.332223,52.28,126.10,29.30,84.73,22.90,73.22,1468,1250,1130,229,WH-station1,2026-09-03T15:10:17.553-07:00
water_draw_1,2026-09-03T15:10:18.060-07:00,267.390,drawing,,open,15.0,14.697681,3.327074,51.86,125.35,29.40,84.92,22.60,72.68,1464,1251,1129,226,WH-station1,2026-09-03T15:10:18.058-07:00
water_draw_1,2026-09-03T15:10:18.565-07:00,267.895,drawing,,open,15.0,14.725735,3.332223,52.17,125.91,29.61,85.30,22.50,72.50,1467,1253,1130,225,WH-station1,2026-09-03T15:10:18.563-07:00
water_draw_1,2026-09-03T15:10:19.070-07:00,268.400,drawing,,open,15.0,14.753743,3.327074,51.97,125.54,29.82,85.67,22.40,72.32,1465,1255,1129,224,WH-station1,2026-09-03T15:10:19.068-07:00
water_draw_1,2026-09-03T15:10:19.575-07:00,268.905,drawing,,open,15.0,14.781714,3.321925,51.86,125.35,29.19,84.55,22.90,73.22,1464,1249,1128,229,WH-station1,2026-09-03T15:10:19.574-07:00
water_draw_1,2026-09-03T15:10:20.080-07:00,269.410,drawing,,open,15.0,14.809722,3.327074,51.76,125.16,29.50,85.11,22.70,72.86,1463,1252,1129,227,WH-station1,2026-09-03T15:10:20.079-07:00
water_draw_1,2026-09-03T15:10:20.585-07:00,269.915,drawing,,open,15.0,14.837733,3.327074,51.76,125.16,29.61,85.30,23.10,73.58,1463,1253,1129,231,WH-station1,2026-09-03T15:10:20.584-07:00
water_draw_1,2026-09-03T15:10:21.091-07:00,270.420,drawing,,open,15.0,14.865703,3.321925,51.97,125.54,29.40,84.92,22.90,73.22,1465,1251,1128,229,WH-station1,2026-09-03T15:10:21.089-07:00
water_draw_1,2026-09-03T15:10:21.596-07:00,270.926,drawing,,open,15.0,14.893721,3.327074,52.17,125.91,29.71,85.48,22.50,72.50,1467,1254,1129,225,WH-station1,2026-09-03T15:10:21.594-07:00
water_draw_1,2026-09-03T15:10:22.101-07:00,271.431,drawing,,open,15.0,14.921637,3.316777,51.76,125.16,29.40,84.92,23.00,73.40,1463,1251,1127,230,WH-station1,2026-09-03T15:10:22.099-07:00
water_draw_1,2026-09-03T15:10:22.606-07:00,271.936,drawing,,open,15.0,14.949524,3.311628,52.07,125.72,29.61,85.30,22.60,72.68,1466,1253,1126,226,WH-station1,2026-09-03T15:10:22.605-07:00
water_draw_1,2026-09-03T15:10:23.111-07:00,272.441,drawing,,open,15.0,14.977620,3.337371,52.07,125.72,29.82,85.67,22.50,72.50,1466,1255,1131,225,WH-station1,2026-09-03T15:10:23.110-07:00
water_draw_1,2026-09-03T15:10:23.616-07:00,272.946,drawing,,open,15.0,15.005502,3.311628,51.86,125.35,29.50,85.11,22.40,72.32,1464,1252,1126,224,WH-station1,2026-09-03T15:10:23.615-07:00
water_draw_1,2026-09-03T15:10:23.617-07:00,272.952,completed,target_reached,closed,15.0,15.005502,3.311628,51.86,125.35,29.50,85.11,22.40,72.32,1464,1252,1126,224,WH-station1,2026-09-03T15:10:23.615-07:00
