POWER_MONITOR_READY {"output_csv": "/home/pi/conformance_testing_team/saved_data/conformance_runs/WH-3/run_2026_08_02_100904_PDT/power.csv", "timestamp_pacific": "2026-08-02T10:09:04.850-07:00"}
POWER_MONITOR_RECORD {"timestamp_pacific": "2026-08-02T10:09:04.853-07:00", "status": "ok", "reasons": ["initial_sample"]}
POWER_MONITOR_RECORD {"timestamp_pacific": "2026-08-02T10:09:42.062-07:00", "status": "ok", "reasons": ["current_change", "heater_on"]}
POWER_MONITOR_RECORD {"timestamp_pacific": "2026-08-02T10:09:43.068-07:00", "status": "ok", "reasons": ["current_change"]}
POWER_MONITOR_RECORD {"timestamp_pacific": "2026-08-02T10:09:44.075-07:00", "status": "ok", "reasons": ["current_change"]}
POWER_MONITOR_RECORD {"timestamp_pacific": "2026-08-02T10:09:45.081-07:00", "status": "ok", "reasons": ["current_change"]}
POWER_MONITOR_RECORD {"timestamp_pacific": "2026-08-02T10:09:46.088-07:00", "status": "ok", "reasons": ["current_change"]}
POWER_MONITOR_RECORD {"timestamp_pacific": "2026-08-02T10:09:47.094-07:00", "status": "ok", "reasons": ["current_change"]}
POWER_MONITOR_RECORD {"timestamp_pacific": "2026-08-02T10:09:48.101-07:00", "status": "ok", "reasons": ["current_change"]}
POWER_MONITOR_RECORD {"timestamp_pacific": "2026-08-02T10:09:49.107-07:00", "status": "ok", "reasons": ["current_change"]}
POWER_MONITOR_RECORD {"timestamp_pacific": "2026-08-02T10:09:51.121-07:00", "status": "ok", "reasons": ["current_change"]}
POWER_MONITOR_RECORD {"timestamp_pacific": "2026-08-02T10:09:52.127-07:00", "status": "ok", "reasons": ["current_change"]}
POWER_MONITOR_RECORD {"timestamp_pacific": "2026-08-02T10:09:53.134-07:00", "status": "ok", "reasons": ["current_change"]}
POWER_MONITOR_RECORD {"timestamp_pacific": "2026-08-02T10:09:56.152-07:00", "status": "ok", "reasons": ["current_change"]}
POWER_MONITOR_RECORD {"timestamp_pacific": "2026-08-02T10:10:04.198-07:00", "status": "ok", "reasons": ["current_change"]}
POWER_MONITOR_RECORD {"timestamp_pacific": "2026-08-02T10:10:05.202-07:00", "status": "ok", "reasons": ["current_change"]}
POWER_MONITOR_RECORD {"timestamp_pacific": "2026-08-02T10:10:06.205-07:00", "status": "ok", "reasons": ["current_change"]}
POWER_MONITOR_RECORD {"timestamp_pacific": "2026-08-02T10:10:09.213-07:00", "status": "ok", "reasons": ["current_change"]}
POWER_MONITOR_RECORD {"timestamp_pacific": "2026-08-02T10:10:10.219-07:00", "status": "ok", "reasons": ["current_change"]}
POWER_MONITOR_RECORD {"timestamp_pacific": "2026-08-02T10:10:12.231-07:00", "status": "ok", "reasons": ["current_change"]}
POWER_MONITOR_RECORD {"timestamp_pacific": "2026-08-02T10:10:14.244-07:00", "status": "ok", "reasons": ["current_change"]}
POWER_MONITOR_RECORD {"timestamp_pacific": "2026-08-02T10:10:15.250-07:00", "status": "ok", "reasons": ["current_change"]}
POWER_MONITOR_RECORD {"timestamp_pacific": "2026-08-02T10:10:17.263-07:00", "status": "ok", "reasons": ["current_change"]}
POWER_MONITOR_RECORD {"timestamp_pacific": "2026-08-02T10:10:20.281-07:00", "status": "ok", "reasons": ["current_change"]}
POWER_MONITOR_RECORD {"timestamp_pacific": "2026-08-02T10:10:21.287-07:00", "status": "ok", "reasons": ["current_change"]}
POWER_MONITOR_RECORD {"timestamp_pacific": "2026-08-02T10:10:22.294-07:00", "status": "ok", "reasons": ["current_change", "power_change"]}
POWER_MONITOR_RECORD {"timestamp_pacific": "2026-08-02T10:10:23.300-07:00", "status": "ok", "reasons": ["current_change", "power_change"]}
POWER_MONITOR_RECORD {"timestamp_pacific": "2026-08-02T10:10:24.307-07:00", "status": "ok", "reasons": ["current_change", "power_change"]}
POWER_MONITOR_RECORD {"timestamp_pacific": "2026-08-02T10:10:25.313-07:00", "status": "ok", "reasons": ["current_change", "power_change"]}
POWER_MONITOR_RECORD {"timestamp_pacific": "2026-08-02T10:10:26.321-07:00", "status": "ok", "reasons": ["current_change"]}
POWER_MONITOR_RECORD {"timestamp_pacific": "2026-08-02T10:10:27.327-07:00", "status": "ok", "reasons": ["current_change"]}
POWER_MONITOR_RECORD {"timestamp_pacific": "2026-08-02T10:10:29.340-07:00", "status": "ok", "reasons": ["current_change"]}
POWER_MONITOR_RECORD {"timestamp_pacific": "2026-08-02T10:10:30.346-07:00", "status": "ok", "reasons": ["current_change"]}
POWER_MONITOR_RECORD {"timestamp_pacific": "2026-08-02T10:10:31.354-07:00", "status": "ok", "reasons": ["current_change"]}
POWER_MONITOR_RECORD {"timestamp_pacific": "2026-08-02T10:10:32.360-07:00", "status": "ok", "reasons": ["current_change"]}
POWER_MONITOR_RECORD {"timestamp_pacific": "2026-08-02T10:10:33.367-07:00", "status": "ok", "reasons": ["current_change"]}
POWER_MONITOR_RECORD {"timestamp_pacific": "2026-08-02T10:10:34.374-07:00", "status": "ok", "reasons": ["current_change"]}
POWER_MONITOR_RECORD {"timestamp_pacific": "2026-08-02T10:10:36.386-07:00", "status": "ok", "reasons": ["current_change"]}
POWER_MONITOR_RECORD {"timestamp_pacific": "2026-08-02T10:10:38.398-07:00", "status": "ok", "reasons": ["current_change"]}
POWER_MONITOR_RECORD {"timestamp_pacific": "2026-08-02T10:10:39.405-07:00", "status": "ok", "reasons": ["current_change"]}
POWER_MONITOR_RECORD {"timestamp_pacific": "2026-08-02T10:10:40.411-07:00", "status": "ok", "reasons": ["current_change"]}
POWER_MONITOR_RECORD {"timestamp_pacific": "2026-08-02T10:10:41.418-07:00", "status": "ok", "reasons": ["current_change"]}
POWER_MONITOR_RECORD {"timestamp_pacific": "2026-08-02T10:10:43.432-07:00", "status": "ok", "reasons": ["current_change"]}
POWER_MONITOR_RECORD {"timestamp_pacific": "2026-08-02T10:10:45.444-07:00", "status": "ok", "reasons": ["current_change"]}
POWER_MONITOR_RECORD {"timestamp_pacific": "2026-08-02T10:10:46.451-07:00", "status": "ok", "reasons": ["current_change"]}
POWER_MONITOR_RECORD {"timestamp_pacific": "2026-08-02T10:10:47.459-07:00", "status": "ok", "reasons": ["current_change"]}
POWER_MONITOR_RECORD {"timestamp_pacific": "2026-08-02T10:10:48.465-07:00", "status": "ok", "reasons": ["current_change"]}
POWER_MONITOR_RECORD {"timestamp_pacific": "2026-08-02T10:10:51.483-07:00", "status": "ok", "reasons": ["current_change"]}
POWER_MONITOR_RECORD {"timestamp_pacific": "2026-08-02T10:10:52.490-07:00", "status": "ok", "reasons": ["current_change"]}
POWER_MONITOR_RECORD {"timestamp_pacific": "2026-08-02T10:10:53.496-07:00", "status": "ok", "reasons": ["current_change"]}
POWER_MONITOR_RECORD {"timestamp_pacific": "2026-08-02T10:10:55.509-07:00", "status": "ok", "reasons": ["current_change"]}
POWER_MONITOR_RECORD {"timestamp_pacific": "2026-08-02T10:10:57.521-07:00", "status": "ok", "reasons": ["current_change"]}
POWER_MONITOR_RECORD {"timestamp_pacific": "2026-08-02T10:10:58.528-07:00", "status": "ok", "reasons": ["current_change"]}
POWER_MONITOR_RECORD {"timestamp_pacific": "2026-08-02T10:10:59.534-07:00", "status": "ok", "reasons": ["current_change"]}
POWER_MONITOR_RECORD {"timestamp_pacific": "2026-08-02T10:11:00.541-07:00", "status": "ok", "reasons": ["current_change"]}
POWER_MONITOR_RECORD {"timestamp_pacific": "2026-08-02T10:11:01.547-07:00", "status": "ok", "reasons": ["current_change"]}
POWER_MONITOR_RECORD {"timestamp_pacific": "2026-08-02T10:11:02.554-07:00", "status": "ok", "reasons": ["current_change"]}
POWER_MONITOR_RECORD {"timestamp_pacific": "2026-08-02T10:11:04.567-07:00", "status": "ok", "reasons": ["current_change"]}
POWER_MONITOR_RECORD {"timestamp_pacific": "2026-08-02T10:11:05.570-07:00", "status": "ok", "reasons": ["current_change"]}
POWER_MONITOR_RECORD {"timestamp_pacific": "2026-08-02T10:11:07.575-07:00", "status": "ok", "reasons": ["current_change"]}
POWER_MONITOR_RECORD {"timestamp_pacific": "2026-08-02T10:11:10.588-07:00", "status": "ok", "reasons": ["current_change"]}
POWER_MONITOR_RECORD {"timestamp_pacific": "2026-08-02T10:11:11.594-07:00", "status": "ok", "reasons": ["current_change"]}
POWER_MONITOR_RECORD {"timestamp_pacific": "2026-08-02T10:11:12.601-07:00", "status": "ok", "reasons": ["current_change"]}
POWER_MONITOR_RECORD {"timestamp_pacific": "2026-08-02T10:11:13.609-07:00", "status": "ok", "reasons": ["current_change"]}
POWER_MONITOR_RECORD {"timestamp_pacific": "2026-08-02T10:11:14.615-07:00", "status": "ok", "reasons": ["current_change"]}
POWER_MONITOR_RECORD {"timestamp_pacific": "2026-08-02T10:11:16.627-07:00", "status": "ok", "reasons": ["current_change"]}
POWER_MONITOR_RECORD {"timestamp_pacific": "2026-08-02T10:11:17.634-07:00", "status": "ok", "reasons": ["current_change"]}
POWER_MONITOR_RECORD {"timestamp_pacific": "2026-08-02T10:11:18.642-07:00", "status": "ok", "reasons": ["current_change"]}
POWER_MONITOR_RECORD {"timestamp_pacific": "2026-08-02T10:11:21.660-07:00", "status": "ok", "reasons": ["current_change"]}
POWER_MONITOR_RECORD {"timestamp_pacific": "2026-08-02T10:11:22.667-07:00", "status": "ok", "reasons": ["current_change"]}
POWER_MONITOR_RECORD {"timestamp_pacific": "2026-08-02T10:11:23.674-07:00", "status": "ok", "reasons": ["current_change"]}
POWER_MONITOR_RECORD {"timestamp_pacific": "2026-08-02T10:11:24.681-07:00", "status": "ok", "reasons": ["current_change"]}
POWER_MONITOR_RECORD {"timestamp_pacific": "2026-08-02T10:11:25.687-07:00", "status": "ok", "reasons": ["current_change"]}
POWER_MONITOR_RECORD {"timestamp_pacific": "2026-08-02T10:11:27.700-07:00", "status": "ok", "reasons": ["current_change"]}
POWER_MONITOR_RECORD {"timestamp_pacific": "2026-08-02T10:11:28.715-07:00", "status": "ok", "reasons": ["current_change"]}
POWER_MONITOR_RECORD {"timestamp_pacific": "2026-08-02T10:11:29.722-07:00", "status": "ok", "reasons": ["current_change"]}
POWER_MONITOR_RECORD {"timestamp_pacific": "2026-08-02T10:11:30.728-07:00", "status": "ok", "reasons": ["current_change"]}
POWER_MONITOR_RECORD {"timestamp_pacific": "2026-08-02T10:11:33.746-07:00", "status": "ok", "reasons": ["current_change"]}
POWER_MONITOR_RECORD {"timestamp_pacific": "2026-08-02T10:11:34.753-07:00", "status": "ok", "reasons": ["current_change"]}
POWER_MONITOR_RECORD {"timestamp_pacific": "2026-08-02T10:11:36.765-07:00", "status": "ok", "reasons": ["current_change"]}
POWER_MONITOR_RECORD {"timestamp_pacific": "2026-08-02T10:11:37.771-07:00", "status": "ok", "reasons": ["current_change"]}
POWER_MONITOR_RECORD {"timestamp_pacific": "2026-08-02T10:11:39.785-07:00", "status": "ok", "reasons": ["current_change"]}
POWER_MONITOR_RECORD {"timestamp_pacific": "2026-08-02T10:11:40.792-07:00", "status": "ok", "reasons": ["current_change"]}
POWER_MONITOR_RECORD {"timestamp_pacific": "2026-08-02T10:11:41.798-07:00", "status": "ok", "reasons": ["current_change"]}
POWER_MONITOR_RECORD {"timestamp_pacific": "2026-08-02T10:11:42.805-07:00", "status": "ok", "reasons": ["current_change"]}
POWER_MONITOR_RECORD {"timestamp_pacific": "2026-08-02T10:11:43.811-07:00", "status": "ok", "reasons": ["current_change"]}
POWER_MONITOR_RECORD {"timestamp_pacific": "2026-08-02T10:11:46.829-07:00", "status": "ok", "reasons": ["current_change"]}
POWER_MONITOR_RECORD {"timestamp_pacific": "2026-08-02T10:11:47.836-07:00", "status": "ok", "reasons": ["current_change"]}
POWER_MONITOR_RECORD {"timestamp_pacific": "2026-08-02T10:11:48.842-07:00", "status": "ok", "reasons": ["current_change"]}
POWER_MONITOR_RECORD {"timestamp_pacific": "2026-08-02T10:11:49.849-07:00", "status": "ok", "reasons": ["current_change"]}
POWER_MONITOR_RECORD {"timestamp_pacific": "2026-08-02T10:11:51.861-07:00", "status": "ok", "reasons": ["current_change"]}
POWER_MONITOR_RECORD {"timestamp_pacific": "2026-08-02T10:11:52.869-07:00", "status": "ok", "reasons": ["current_change"]}
POWER_MONITOR_RECORD {"timestamp_pacific": "2026-08-02T10:11:53.875-07:00", "status": "ok", "reasons": ["current_change"]}
POWER_MONITOR_RECORD {"timestamp_pacific": "2026-08-02T10:11:55.888-07:00", "status": "ok", "reasons": ["current_change"]}
POWER_MONITOR_RECORD {"timestamp_pacific": "2026-08-02T10:11:57.900-07:00", "status": "ok", "reasons": ["current_change"]}
POWER_MONITOR_RECORD {"timestamp_pacific": "2026-08-02T10:12:00.919-07:00", "status": "ok", "reasons": ["current_change"]}
POWER_MONITOR_RECORD {"timestamp_pacific": "2026-08-02T10:12:01.926-07:00", "status": "ok", "reasons": ["current_change"]}
POWER_MONITOR_RECORD {"timestamp_pacific": "2026-08-02T10:12:02.933-07:00", "status": "ok", "reasons": ["current_change"]}
POWER_MONITOR_RECORD {"timestamp_pacific": "2026-08-02T10:12:03.940-07:00", "status": "ok", "reasons": ["current_change"]}
POWER_MONITOR_RECORD {"timestamp_pacific": "2026-08-02T10:12:04.947-07:00", "status": "ok", "reasons": ["current_change"]}
POWER_MONITOR_RECORD {"timestamp_pacific": "2026-08-02T10:12:05.953-07:00", "status": "ok", "reasons": ["current_change"]}
POWER_MONITOR_RECORD {"timestamp_pacific": "2026-08-02T10:12:06.960-07:00", "status": "ok", "reasons": ["current_change"]}
POWER_MONITOR_RECORD {"timestamp_pacific": "2026-08-02T10:12:12.996-07:00", "status": "ok", "reasons": ["current_change"]}
POWER_MONITOR_RECORD {"timestamp_pacific": "2026-08-02T10:12:14.002-07:00", "status": "ok", "reasons": ["current_change"]}
POWER_MONITOR_RECORD {"timestamp_pacific": "2026-08-02T10:12:15.009-07:00", "status": "ok", "reasons": ["current_change"]}
POWER_MONITOR_RECORD {"timestamp_pacific": "2026-08-02T10:12:17.021-07:00", "status": "ok", "reasons": ["current_change"]}
POWER_MONITOR_RECORD {"timestamp_pacific": "2026-08-02T10:12:18.029-07:00", "status": "ok", "reasons": ["current_change"]}
POWER_MONITOR_RECORD {"timestamp_pacific": "2026-08-02T10:12:19.036-07:00", "status": "ok", "reasons": ["current_change"]}
POWER_MONITOR_RECORD {"timestamp_pacific": "2026-08-02T10:12:20.042-07:00", "status": "ok", "reasons": ["current_change"]}
POWER_MONITOR_RECORD {"timestamp_pacific": "2026-08-02T10:12:21.049-07:00", "status": "ok", "reasons": ["current_change"]}
POWER_MONITOR_RECORD {"timestamp_pacific": "2026-08-02T10:12:22.055-07:00", "status": "ok", "reasons": ["current_change"]}
POWER_MONITOR_RECORD {"timestamp_pacific": "2026-08-02T10:12:23.062-07:00", "status": "ok", "reasons": ["current_change"]}
POWER_MONITOR_RECORD {"timestamp_pacific": "2026-08-02T10:12:26.082-07:00", "status": "ok", "reasons": ["current_change"]}
POWER_MONITOR_RECORD {"timestamp_pacific": "2026-08-02T10:12:27.088-07:00", "status": "ok", "reasons": ["current_change"]}
POWER_MONITOR_RECORD {"timestamp_pacific": "2026-08-02T10:12:28.094-07:00", "status": "ok", "reasons": ["current_change"]}
POWER_MONITOR_RECORD {"timestamp_pacific": "2026-08-02T10:12:30.108-07:00", "status": "ok", "reasons": ["current_change"]}
POWER_MONITOR_RECORD {"timestamp_pacific": "2026-08-02T10:12:32.120-07:00", "status": "ok", "reasons": ["current_change"]}
POWER_MONITOR_RECORD {"timestamp_pacific": "2026-08-02T10:12:33.127-07:00", "status": "ok", "reasons": ["current_change"]}
POWER_MONITOR_RECORD {"timestamp_pacific": "2026-08-02T10:12:34.135-07:00", "status": "ok", "reasons": ["current_change"]}
POWER_MONITOR_RECORD {"timestamp_pacific": "2026-08-02T10:12:35.142-07:00", "status": "ok", "reasons": ["current_change"]}
POWER_MONITOR_RECORD {"timestamp_pacific": "2026-08-02T10:12:36.148-07:00", "status": "ok", "reasons": ["current_change"]}
POWER_MONITOR_RECORD {"timestamp_pacific": "2026-08-02T10:12:38.160-07:00", "status": "ok", "reasons": ["current_change"]}
POWER_MONITOR_RECORD {"timestamp_pacific": "2026-08-02T10:12:39.169-07:00", "status": "ok", "reasons": ["current_change"]}
POWER_MONITOR_RECORD {"timestamp_pacific": "2026-08-02T10:12:41.182-07:00", "status": "ok", "reasons": ["current_change"]}
POWER_MONITOR_RECORD {"timestamp_pacific": "2026-08-02T10:12:42.188-07:00", "status": "ok", "reasons": ["current_change"]}
POWER_MONITOR_RECORD {"timestamp_pacific": "2026-08-02T10:12:43.194-07:00", "status": "ok", "reasons": ["current_change"]}
POWER_MONITOR_RECORD {"timestamp_pacific": "2026-08-02T10:12:44.202-07:00", "status": "ok", "reasons": ["current_change"]}
POWER_MONITOR_RECORD {"timestamp_pacific": "2026-08-02T10:12:45.208-07:00", "status": "ok", "reasons": ["current_change"]}
POWER_MONITOR_RECORD {"timestamp_pacific": "2026-08-02T10:12:46.215-07:00", "status": "ok", "reasons": ["current_change"]}
POWER_MONITOR_RECORD {"timestamp_pacific": "2026-08-02T10:12:47.221-07:00", "status": "ok", "reasons": ["current_change"]}
POWER_MONITOR_RECORD {"timestamp_pacific": "2026-08-02T10:12:48.228-07:00", "status": "ok", "reasons": ["current_change"]}
POWER_MONITOR_RECORD {"timestamp_pacific": "2026-08-02T10:12:49.236-07:00", "status": "ok", "reasons": ["current_change"]}
POWER_MONITOR_RECORD {"timestamp_pacific": "2026-08-02T10:12:50.242-07:00", "status": "ok", "reasons": ["current_change"]}
POWER_MONITOR_RECORD {"timestamp_pacific": "2026-08-02T10:12:51.249-07:00", "status": "ok", "reasons": ["current_change"]}
POWER_MONITOR_RECORD {"timestamp_pacific": "2026-08-02T10:12:52.255-07:00", "status": "ok", "reasons": ["current_change"]}
POWER_MONITOR_RECORD {"timestamp_pacific": "2026-08-02T10:12:53.261-07:00", "status": "ok", "reasons": ["current_change"]}
POWER_MONITOR_RECORD {"timestamp_pacific": "2026-08-02T10:12:54.269-07:00", "status": "ok", "reasons": ["current_change"]}
POWER_MONITOR_RECORD {"timestamp_pacific": "2026-08-02T10:12:55.276-07:00", "status": "ok", "reasons": ["current_change"]}
POWER_MONITOR_RECORD {"timestamp_pacific": "2026-08-02T10:12:58.294-07:00", "status": "ok", "reasons": ["current_change"]}
POWER_MONITOR_RECORD {"timestamp_pacific": "2026-08-02T10:13:01.316-07:00", "status": "ok", "reasons": ["current_change"]}
POWER_MONITOR_RECORD {"timestamp_pacific": "2026-08-02T10:13:02.322-07:00", "status": "ok", "reasons": ["current_change"]}
POWER_MONITOR_RECORD {"timestamp_pacific": "2026-08-02T10:13:03.329-07:00", "status": "ok", "reasons": ["current_change"]}
POWER_MONITOR_RECORD {"timestamp_pacific": "2026-08-02T10:13:05.339-07:00", "status": "ok", "reasons": ["current_change"]}
POWER_MONITOR_RECORD {"timestamp_pacific": "2026-08-02T10:13:06.342-07:00", "status": "ok", "reasons": ["current_change"]}
POWER_MONITOR_RECORD {"timestamp_pacific": "2026-08-02T10:13:07.344-07:00", "status": "ok", "reasons": ["current_change"]}
POWER_MONITOR_RECORD {"timestamp_pacific": "2026-08-02T10:13:08.347-07:00", "status": "ok", "reasons": ["current_change"]}
POWER_MONITOR_RECORD {"timestamp_pacific": "2026-08-02T10:13:09.352-07:00", "status": "ok", "reasons": ["current_change"]}
POWER_MONITOR_RECORD {"timestamp_pacific": "2026-08-02T10:13:10.358-07:00", "status": "ok", "reasons": ["current_change"]}
POWER_MONITOR_RECORD {"timestamp_pacific": "2026-08-02T10:13:12.370-07:00", "status": "ok", "reasons": ["current_change"]}
POWER_MONITOR_RECORD {"timestamp_pacific": "2026-08-02T10:13:14.383-07:00", "status": "ok", "reasons": ["current_change"]}
POWER_MONITOR_RECORD {"timestamp_pacific": "2026-08-02T10:13:17.401-07:00", "status": "ok", "reasons": ["current_change"]}
POWER_MONITOR_RECORD {"timestamp_pacific": "2026-08-02T10:13:18.407-07:00", "status": "ok", "reasons": ["current_change"]}
POWER_MONITOR_RECORD {"timestamp_pacific": "2026-08-02T10:13:19.414-07:00", "status": "ok", "reasons": ["current_change"]}
POWER_MONITOR_RECORD {"timestamp_pacific": "2026-08-02T10:13:20.421-07:00", "status": "ok", "reasons": ["current_change"]}
POWER_MONITOR_RECORD {"timestamp_pacific": "2026-08-02T10:13:21.428-07:00", "status": "ok", "reasons": ["current_change"]}
POWER_MONITOR_RECORD {"timestamp_pacific": "2026-08-02T10:13:23.440-07:00", "status": "ok", "reasons": ["current_change"]}
POWER_MONITOR_RECORD {"timestamp_pacific": "2026-08-02T10:13:24.447-07:00", "status": "ok", "reasons": ["current_change"]}
POWER_MONITOR_RECORD {"timestamp_pacific": "2026-08-02T10:13:26.460-07:00", "status": "ok", "reasons": ["current_change"]}
POWER_MONITOR_RECORD {"timestamp_pacific": "2026-08-02T10:13:27.467-07:00", "status": "ok", "reasons": ["current_change"]}
POWER_MONITOR_RECORD {"timestamp_pacific": "2026-08-02T10:13:28.473-07:00", "status": "ok", "reasons": ["current_change"]}
POWER_MONITOR_RECORD {"timestamp_pacific": "2026-08-02T10:13:29.479-07:00", "status": "ok", "reasons": ["current_change"]}
POWER_MONITOR_RECORD {"timestamp_pacific": "2026-08-02T10:13:30.487-07:00", "status": "ok", "reasons": ["current_change"]}
POWER_MONITOR_RECORD {"timestamp_pacific": "2026-08-02T10:13:32.500-07:00", "status": "ok", "reasons": ["current_change"]}
POWER_MONITOR_RECORD {"timestamp_pacific": "2026-08-02T10:13:35.518-07:00", "status": "ok", "reasons": ["current_change"]}
POWER_MONITOR_RECORD {"timestamp_pacific": "2026-08-02T10:13:38.536-07:00", "status": "ok", "reasons": ["current_change"]}
POWER_MONITOR_RECORD {"timestamp_pacific": "2026-08-02T10:13:39.543-07:00", "status": "ok", "reasons": ["current_change"]}
POWER_MONITOR_RECORD {"timestamp_pacific": "2026-08-02T10:13:42.561-07:00", "status": "ok", "reasons": ["current_change"]}
POWER_MONITOR_RECORD {"timestamp_pacific": "2026-08-02T10:13:44.573-07:00", "status": "ok", "reasons": ["current_change"]}
POWER_MONITOR_RECORD {"timestamp_pacific": "2026-08-02T10:13:45.580-07:00", "status": "ok", "reasons": ["current_change"]}
POWER_MONITOR_RECORD {"timestamp_pacific": "2026-08-02T10:13:46.586-07:00", "status": "ok", "reasons": ["current_change"]}
POWER_MONITOR_RECORD {"timestamp_pacific": "2026-08-02T10:13:47.593-07:00", "status": "ok", "reasons": ["current_change"]}
POWER_MONITOR_RECORD {"timestamp_pacific": "2026-08-02T10:13:48.600-07:00", "status": "ok", "reasons": ["current_change"]}
POWER_MONITOR_RECORD {"timestamp_pacific": "2026-08-02T10:13:50.613-07:00", "status": "ok", "reasons": ["current_change"]}
POWER_MONITOR_RECORD {"timestamp_pacific": "2026-08-02T10:13:51.619-07:00", "status": "ok", "reasons": ["current_change"]}
POWER_MONITOR_RECORD {"timestamp_pacific": "2026-08-02T10:13:52.626-07:00", "status": "ok", "reasons": ["current_change"]}
POWER_MONITOR_RECORD {"timestamp_pacific": "2026-08-02T10:13:53.634-07:00", "status": "ok", "reasons": ["current_change"]}
POWER_MONITOR_RECORD {"timestamp_pacific": "2026-08-02T10:13:54.640-07:00", "status": "ok", "reasons": ["current_change"]}
POWER_MONITOR_RECORD {"timestamp_pacific": "2026-08-02T10:13:55.646-07:00", "status": "ok", "reasons": ["current_change"]}
POWER_MONITOR_RECORD {"timestamp_pacific": "2026-08-02T10:13:56.653-07:00", "status": "ok", "reasons": ["current_change"]}
POWER_MONITOR_RECORD {"timestamp_pacific": "2026-08-02T10:13:57.660-07:00", "status": "ok", "reasons": ["current_change"]}
POWER_MONITOR_RECORD {"timestamp_pacific": "2026-08-02T10:13:58.668-07:00", "status": "ok", "reasons": ["current_change"]}
POWER_MONITOR_RECORD {"timestamp_pacific": "2026-08-02T10:13:59.674-07:00", "status": "ok", "reasons": ["current_change"]}
POWER_MONITOR_RECORD {"timestamp_pacific": "2026-08-02T10:14:01.687-07:00", "status": "ok", "reasons": ["current_change"]}
POWER_MONITOR_RECORD {"timestamp_pacific": "2026-08-02T10:14:02.693-07:00", "status": "ok", "reasons": ["current_change"]}
POWER_MONITOR_RECORD {"timestamp_pacific": "2026-08-02T10:14:03.700-07:00", "status": "ok", "reasons": ["current_change"]}
POWER_MONITOR_RECORD {"timestamp_pacific": "2026-08-02T10:14:04.706-07:00", "status": "ok", "reasons": ["current_change"]}
POWER_MONITOR_RECORD {"timestamp_pacific": "2026-08-02T10:14:05.709-07:00", "status": "ok", "reasons": ["current_change"]}
POWER_MONITOR_RECORD {"timestamp_pacific": "2026-08-02T10:14:06.712-07:00", "status": "ok", "reasons": ["current_change"]}
POWER_MONITOR_RECORD {"timestamp_pacific": "2026-08-02T10:14:07.714-07:00", "status": "ok", "reasons": ["current_change"]}
POWER_MONITOR_RECORD {"timestamp_pacific": "2026-08-02T10:14:08.717-07:00", "status": "ok", "reasons": ["current_change"]}
POWER_MONITOR_RECORD {"timestamp_pacific": "2026-08-02T10:14:10.726-07:00", "status": "ok", "reasons": ["current_change"]}
POWER_MONITOR_RECORD {"timestamp_pacific": "2026-08-02T10:14:11.732-07:00", "status": "ok", "reasons": ["current_change"]}
POWER_MONITOR_RECORD {"timestamp_pacific": "2026-08-02T10:14:13.745-07:00", "status": "ok", "reasons": ["current_change"]}
POWER_MONITOR_RECORD {"timestamp_pacific": "2026-08-02T10:14:15.757-07:00", "status": "ok", "reasons": ["current_change"]}
POWER_MONITOR_RECORD {"timestamp_pacific": "2026-08-02T10:14:17.770-07:00", "status": "ok", "reasons": ["current_change"]}
POWER_MONITOR_RECORD {"timestamp_pacific": "2026-08-02T10:14:18.776-07:00", "status": "ok", "reasons": ["current_change"]}
POWER_MONITOR_RECORD {"timestamp_pacific": "2026-08-02T10:14:19.783-07:00", "status": "ok", "reasons": ["current_change"]}
POWER_MONITOR_RECORD {"timestamp_pacific": "2026-08-02T10:14:21.795-07:00", "status": "ok", "reasons": ["current_change"]}
POWER_MONITOR_RECORD {"timestamp_pacific": "2026-08-02T10:14:22.802-07:00", "status": "ok", "reasons": ["current_change"]}
POWER_MONITOR_RECORD {"timestamp_pacific": "2026-08-02T10:14:25.820-07:00", "status": "ok", "reasons": ["current_change"]}
POWER_MONITOR_RECORD {"timestamp_pacific": "2026-08-02T10:14:27.832-07:00", "status": "ok", "reasons": ["current_change"]}
POWER_MONITOR_RECORD {"timestamp_pacific": "2026-08-02T10:14:30.850-07:00", "status": "ok", "reasons": ["current_change"]}
POWER_MONITOR_RECORD {"timestamp_pacific": "2026-08-02T10:14:31.858-07:00", "status": "ok", "reasons": ["current_change"]}
POWER_MONITOR_RECORD {"timestamp_pacific": "2026-08-02T10:14:33.870-07:00", "status": "ok", "reasons": ["current_change"]}
POWER_MONITOR_RECORD {"timestamp_pacific": "2026-08-02T10:14:37.894-07:00", "status": "ok", "reasons": ["current_change"]}
POWER_MONITOR_RECORD {"timestamp_pacific": "2026-08-02T10:14:38.900-07:00", "status": "ok", "reasons": ["current_change"]}
POWER_MONITOR_RECORD {"timestamp_pacific": "2026-08-02T10:14:41.919-07:00", "status": "ok", "reasons": ["current_change"]}
POWER_MONITOR_RECORD {"timestamp_pacific": "2026-08-02T10:14:42.925-07:00", "status": "ok", "reasons": ["current_change"]}
POWER_MONITOR_RECORD {"timestamp_pacific": "2026-08-02T10:14:43.934-07:00", "status": "ok", "reasons": ["current_change"]}
POWER_MONITOR_RECORD {"timestamp_pacific": "2026-08-02T10:14:47.958-07:00", "status": "ok", "reasons": ["current_change"]}
POWER_MONITOR_RECORD {"timestamp_pacific": "2026-08-02T10:14:48.964-07:00", "status": "ok", "reasons": ["current_change"]}
POWER_MONITOR_RECORD {"timestamp_pacific": "2026-08-02T10:14:49.971-07:00", "status": "ok", "reasons": ["current_change"]}
POWER_MONITOR_RECORD {"timestamp_pacific": "2026-08-02T10:14:50.977-07:00", "status": "ok", "reasons": ["current_change"]}
POWER_MONITOR_RECORD {"timestamp_pacific": "2026-08-02T10:14:51.984-07:00", "status": "ok", "reasons": ["current_change"]}
POWER_MONITOR_RECORD {"timestamp_pacific": "2026-08-02T10:14:53.996-07:00", "status": "ok", "reasons": ["current_change"]}
POWER_MONITOR_RECORD {"timestamp_pacific": "2026-08-02T10:14:55.003-07:00", "status": "ok", "reasons": ["current_change"]}
POWER_MONITOR_RECORD {"timestamp_pacific": "2026-08-02T10:14:56.009-07:00", "status": "ok", "reasons": ["current_change"]}
POWER_MONITOR_RECORD {"timestamp_pacific": "2026-08-02T10:14:57.016-07:00", "status": "ok", "reasons": ["current_change"]}
POWER_MONITOR_RECORD {"timestamp_pacific": "2026-08-02T10:14:58.022-07:00", "status": "ok", "reasons": ["current_change"]}
POWER_MONITOR_RECORD {"timestamp_pacific": "2026-08-02T10:14:59.029-07:00", "status": "ok", "reasons": ["current_change"]}
POWER_MONITOR_RECORD {"timestamp_pacific": "2026-08-02T10:15:00.036-07:00", "status": "ok", "reasons": ["current_change"]}
POWER_MONITOR_RECORD {"timestamp_pacific": "2026-08-02T10:15:01.043-07:00", "status": "ok", "reasons": ["current_change"]}
POWER_MONITOR_RECORD {"timestamp_pacific": "2026-08-02T10:15:02.049-07:00", "status": "ok", "reasons": ["current_change"]}
POWER_MONITOR_RECORD {"timestamp_pacific": "2026-08-02T10:15:03.056-07:00", "status": "ok", "reasons": ["current_change"]}
POWER_MONITOR_RECORD {"timestamp_pacific": "2026-08-02T10:15:05.068-07:00", "status": "ok", "reasons": ["current_change"]}
POWER_MONITOR_RECORD {"timestamp_pacific": "2026-08-02T10:15:06.075-07:00", "status": "ok", "reasons": ["current_change"]}
POWER_MONITOR_RECORD {"timestamp_pacific": "2026-08-02T10:15:07.082-07:00", "status": "ok", "reasons": ["current_change"]}
POWER_MONITOR_RECORD {"timestamp_pacific": "2026-08-02T10:15:08.088-07:00", "status": "ok", "reasons": ["current_change"]}
POWER_MONITOR_RECORD {"timestamp_pacific": "2026-08-02T10:15:09.094-07:00", "status": "ok", "reasons": ["current_change"]}
POWER_MONITOR_RECORD {"timestamp_pacific": "2026-08-02T10:15:10.101-07:00", "status": "ok", "reasons": ["current_change"]}
POWER_MONITOR_RECORD {"timestamp_pacific": "2026-08-02T10:15:11.109-07:00", "status": "ok", "reasons": ["current_change"]}
POWER_MONITOR_RECORD {"timestamp_pacific": "2026-08-02T10:15:12.115-07:00", "status": "ok", "reasons": ["current_change"]}
POWER_MONITOR_RECORD {"timestamp_pacific": "2026-08-02T10:15:14.128-07:00", "status": "ok", "reasons": ["current_change"]}
POWER_MONITOR_RECORD {"timestamp_pacific": "2026-08-02T10:15:15.134-07:00", "status": "ok", "reasons": ["current_change"]}
POWER_MONITOR_RECORD {"timestamp_pacific": "2026-08-02T10:15:16.144-07:00", "status": "ok", "reasons": ["current_change"]}
POWER_MONITOR_RECORD {"timestamp_pacific": "2026-08-02T10:15:17.151-07:00", "status": "ok", "reasons": ["current_change"]}
POWER_MONITOR_RECORD {"timestamp_pacific": "2026-08-02T10:15:18.157-07:00", "status": "ok", "reasons": ["current_change"]}
POWER_MONITOR_RECORD {"timestamp_pacific": "2026-08-02T10:15:24.193-07:00", "status": "ok", "reasons": ["current_change"]}
POWER_MONITOR_RECORD {"timestamp_pacific": "2026-08-02T10:15:26.205-07:00", "status": "ok", "reasons": ["current_change"]}
POWER_MONITOR_RECORD {"timestamp_pacific": "2026-08-02T10:15:28.218-07:00", "status": "ok", "reasons": ["current_change"]}
POWER_MONITOR_RECORD {"timestamp_pacific": "2026-08-02T10:15:29.224-07:00", "status": "ok", "reasons": ["current_change"]}
POWER_MONITOR_RECORD {"timestamp_pacific": "2026-08-02T10:15:30.233-07:00", "status": "ok", "reasons": ["current_change"]}
POWER_MONITOR_RECORD {"timestamp_pacific": "2026-08-02T10:15:34.257-07:00", "status": "ok", "reasons": ["current_change"]}
POWER_MONITOR_RECORD {"timestamp_pacific": "2026-08-02T10:15:36.273-07:00", "status": "ok", "reasons": ["current_change"]}
POWER_MONITOR_RECORD {"timestamp_pacific": "2026-08-02T10:15:37.279-07:00", "status": "ok", "reasons": ["current_change"]}
POWER_MONITOR_RECORD {"timestamp_pacific": "2026-08-02T10:15:43.315-07:00", "status": "ok", "reasons": ["current_change"]}
POWER_MONITOR_RECORD {"timestamp_pacific": "2026-08-02T10:15:44.321-07:00", "status": "ok", "reasons": ["current_change"]}
POWER_MONITOR_RECORD {"timestamp_pacific": "2026-08-02T10:15:46.334-07:00", "status": "ok", "reasons": ["current_change"]}
POWER_MONITOR_RECORD {"timestamp_pacific": "2026-08-02T10:15:48.346-07:00", "status": "ok", "reasons": ["current_change"]}
POWER_MONITOR_RECORD {"timestamp_pacific": "2026-08-02T10:15:49.355-07:00", "status": "ok", "reasons": ["current_change"]}
POWER_MONITOR_RECORD {"timestamp_pacific": "2026-08-02T10:15:51.367-07:00", "status": "ok", "reasons": ["current_change"]}
POWER_MONITOR_RECORD {"timestamp_pacific": "2026-08-02T10:15:52.374-07:00", "status": "ok", "reasons": ["current_change"]}
POWER_MONITOR_RECORD {"timestamp_pacific": "2026-08-02T10:15:53.380-07:00", "status": "ok", "reasons": ["current_change"]}
POWER_MONITOR_RECORD {"timestamp_pacific": "2026-08-02T10:15:57.407-07:00", "status": "ok", "reasons": ["current_change"]}
POWER_MONITOR_RECORD {"timestamp_pacific": "2026-08-02T10:15:58.414-07:00", "status": "ok", "reasons": ["current_change"]}
POWER_MONITOR_RECORD {"timestamp_pacific": "2026-08-02T10:16:08.462-07:00", "status": "ok", "reasons": ["current_change"]}
POWER_MONITOR_RECORD {"timestamp_pacific": "2026-08-02T10:16:09.465-07:00", "status": "ok", "reasons": ["current_change"]}
POWER_MONITOR_RECORD {"timestamp_pacific": "2026-08-02T10:16:11.477-07:00", "status": "ok", "reasons": ["current_change"]}
POWER_MONITOR_RECORD {"timestamp_pacific": "2026-08-02T10:16:16.507-07:00", "status": "ok", "reasons": ["current_change"]}
POWER_MONITOR_RECORD {"timestamp_pacific": "2026-08-02T10:16:17.516-07:00", "status": "ok", "reasons": ["current_change"]}
POWER_MONITOR_RECORD {"timestamp_pacific": "2026-08-02T10:16:21.540-07:00", "status": "ok", "reasons": ["current_change"]}
POWER_MONITOR_RECORD {"timestamp_pacific": "2026-08-02T10:16:22.550-07:00", "status": "ok", "reasons": ["current_change"]}
POWER_MONITOR_RECORD {"timestamp_pacific": "2026-08-02T10:16:24.562-07:00", "status": "ok", "reasons": ["current_change"]}
POWER_MONITOR_RECORD {"timestamp_pacific": "2026-08-02T10:16:25.568-07:00", "status": "ok", "reasons": ["current_change"]}
POWER_MONITOR_RECORD {"timestamp_pacific": "2026-08-02T10:16:29.592-07:00", "status": "ok", "reasons": ["current_change"]}
POWER_MONITOR_RECORD {"timestamp_pacific": "2026-08-02T10:16:31.604-07:00", "status": "ok", "reasons": ["current_change"]}
POWER_MONITOR_RECORD {"timestamp_pacific": "2026-08-02T10:16:32.611-07:00", "status": "ok", "reasons": ["current_change"]}
POWER_MONITOR_RECORD {"timestamp_pacific": "2026-08-02T10:16:34.623-07:00", "status": "ok", "reasons": ["current_change"]}
POWER_MONITOR_RECORD {"timestamp_pacific": "2026-08-02T10:16:41.668-07:00", "status": "ok", "reasons": ["current_change"]}
POWER_MONITOR_RECORD {"timestamp_pacific": "2026-08-02T10:16:43.680-07:00", "status": "ok", "reasons": ["current_change"]}
POWER_MONITOR_RECORD {"timestamp_pacific": "2026-08-02T10:16:47.704-07:00", "status": "ok", "reasons": ["current_change"]}
POWER_MONITOR_RECORD {"timestamp_pacific": "2026-08-02T10:16:48.710-07:00", "status": "ok", "reasons": ["current_change"]}
POWER_MONITOR_RECORD {"timestamp_pacific": "2026-08-02T10:16:49.717-07:00", "status": "ok", "reasons": ["current_change"]}
POWER_MONITOR_RECORD {"timestamp_pacific": "2026-08-02T10:16:56.758-07:00", "status": "ok", "reasons": ["current_change"]}
POWER_MONITOR_RECORD {"timestamp_pacific": "2026-08-02T10:16:57.764-07:00", "status": "ok", "reasons": ["current_change"]}
POWER_MONITOR_RECORD {"timestamp_pacific": "2026-08-02T10:17:01.788-07:00", "status": "ok", "reasons": ["current_change"]}
POWER_MONITOR_RECORD {"timestamp_pacific": "2026-08-02T10:17:05.809-07:00", "status": "ok", "reasons": ["current_change"]}
POWER_MONITOR_RECORD {"timestamp_pacific": "2026-08-02T10:17:07.814-07:00", "status": "ok", "reasons": ["current_change"]}
POWER_MONITOR_RECORD {"timestamp_pacific": "2026-08-02T10:17:14.848-07:00", "status": "ok", "reasons": ["current_change"]}
POWER_MONITOR_RECORD {"timestamp_pacific": "2026-08-02T10:17:16.861-07:00", "status": "ok", "reasons": ["current_change"]}
POWER_MONITOR_RECORD {"timestamp_pacific": "2026-08-02T10:17:19.879-07:00", "status": "ok", "reasons": ["current_change"]}
POWER_MONITOR_RECORD {"timestamp_pacific": "2026-08-02T10:17:21.894-07:00", "status": "ok", "reasons": ["current_change"]}
POWER_MONITOR_RECORD {"timestamp_pacific": "2026-08-02T10:17:22.901-07:00", "status": "ok", "reasons": ["current_change"]}
POWER_MONITOR_RECORD {"timestamp_pacific": "2026-08-02T10:17:23.907-07:00", "status": "ok", "reasons": ["current_change"]}
POWER_MONITOR_RECORD {"timestamp_pacific": "2026-08-02T10:17:26.925-07:00", "status": "ok", "reasons": ["current_change"]}
POWER_MONITOR_RECORD {"timestamp_pacific": "2026-08-02T10:17:28.938-07:00", "status": "ok", "reasons": ["current_change"]}
POWER_MONITOR_RECORD {"timestamp_pacific": "2026-08-02T10:17:31.959-07:00", "status": "ok", "reasons": ["current_change"]}
POWER_MONITOR_RECORD {"timestamp_pacific": "2026-08-02T10:17:33.972-07:00", "status": "ok", "reasons": ["current_change"]}
POWER_MONITOR_RECORD {"timestamp_pacific": "2026-08-02T10:17:36.990-07:00", "status": "ok", "reasons": ["current_change"]}
POWER_MONITOR_RECORD {"timestamp_pacific": "2026-08-02T10:17:39.008-07:00", "status": "ok", "reasons": ["current_change"]}
POWER_MONITOR_RECORD {"timestamp_pacific": "2026-08-02T10:17:42.026-07:00", "status": "ok", "reasons": ["current_change"]}
POWER_MONITOR_RECORD {"timestamp_pacific": "2026-08-02T10:17:46.051-07:00", "status": "ok", "reasons": ["current_change"]}
POWER_MONITOR_RECORD {"timestamp_pacific": "2026-08-02T10:17:47.057-07:00", "status": "ok", "reasons": ["current_change"]}
POWER_MONITOR_RECORD {"timestamp_pacific": "2026-08-02T10:17:49.073-07:00", "status": "ok", "reasons": ["current_change"]}
POWER_MONITOR_RECORD {"timestamp_pacific": "2026-08-02T10:17:50.079-07:00", "status": "ok", "reasons": ["current_change"]}
POWER_MONITOR_RECORD {"timestamp_pacific": "2026-08-02T10:17:53.098-07:00", "status": "ok", "reasons": ["current_change"]}
POWER_MONITOR_RECORD {"timestamp_pacific": "2026-08-02T10:17:54.104-07:00", "status": "ok", "reasons": ["current_change"]}
POWER_MONITOR_RECORD {"timestamp_pacific": "2026-08-02T10:17:56.116-07:00", "status": "ok", "reasons": ["current_change"]}
POWER_MONITOR_RECORD {"timestamp_pacific": "2026-08-02T10:18:00.140-07:00", "status": "ok", "reasons": ["current_change"]}
POWER_MONITOR_RECORD {"timestamp_pacific": "2026-08-02T10:18:03.157-07:00", "status": "ok", "reasons": ["current_change"]}
POWER_MONITOR_RECORD {"timestamp_pacific": "2026-08-02T10:18:05.168-07:00", "status": "ok", "reasons": ["current_change"]}
POWER_MONITOR_RECORD {"timestamp_pacific": "2026-08-02T10:18:06.174-07:00", "status": "ok", "reasons": ["current_change"]}
POWER_MONITOR_RECORD {"timestamp_pacific": "2026-08-02T10:18:09.192-07:00", "status": "ok", "reasons": ["current_change"]}
POWER_MONITOR_RECORD {"timestamp_pacific": "2026-08-02T10:18:15.228-07:00", "status": "ok", "reasons": ["current_change"]}
POWER_MONITOR_RECORD {"timestamp_pacific": "2026-08-02T10:18:17.240-07:00", "status": "ok", "reasons": ["current_change"]}
POWER_MONITOR_RECORD {"timestamp_pacific": "2026-08-02T10:18:21.264-07:00", "status": "ok", "reasons": ["current_change"]}
POWER_MONITOR_RECORD {"timestamp_pacific": "2026-08-02T10:18:22.270-07:00", "status": "ok", "reasons": ["current_change"]}
POWER_MONITOR_RECORD {"timestamp_pacific": "2026-08-02T10:18:23.277-07:00", "status": "ok", "reasons": ["current_change"]}
POWER_MONITOR_RECORD {"timestamp_pacific": "2026-08-02T10:18:32.330-07:00", "status": "ok", "reasons": ["current_change"]}
POWER_MONITOR_RECORD {"timestamp_pacific": "2026-08-02T10:18:34.342-07:00", "status": "ok", "reasons": ["current_change"]}
POWER_MONITOR_RECORD {"timestamp_pacific": "2026-08-02T10:18:45.407-07:00", "status": "ok", "reasons": ["current_change"]}
POWER_MONITOR_RECORD {"timestamp_pacific": "2026-08-02T10:18:49.430-07:00", "status": "ok", "reasons": ["current_change"]}
POWER_MONITOR_RECORD {"timestamp_pacific": "2026-08-02T10:18:55.466-07:00", "status": "ok", "reasons": ["current_change"]}
POWER_MONITOR_RECORD {"timestamp_pacific": "2026-08-02T10:18:56.473-07:00", "status": "ok", "reasons": ["current_change"]}
POWER_MONITOR_RECORD {"timestamp_pacific": "2026-08-02T10:18:57.479-07:00", "status": "ok", "reasons": ["current_change"]}
POWER_MONITOR_RECORD {"timestamp_pacific": "2026-08-02T10:19:00.497-07:00", "status": "ok", "reasons": ["current_change"]}
POWER_MONITOR_RECORD {"timestamp_pacific": "2026-08-02T10:19:01.507-07:00", "status": "ok", "reasons": ["current_change"]}
POWER_MONITOR_RECORD {"timestamp_pacific": "2026-08-02T10:19:05.531-07:00", "status": "ok", "reasons": ["current_change"]}
POWER_MONITOR_RECORD {"timestamp_pacific": "2026-08-02T10:19:06.540-07:00", "status": "ok", "reasons": ["current_change"]}
POWER_MONITOR_RECORD {"timestamp_pacific": "2026-08-02T10:19:09.558-07:00", "status": "ok", "reasons": ["current_change"]}
POWER_MONITOR_RECORD {"timestamp_pacific": "2026-08-02T10:19:11.571-07:00", "status": "ok", "reasons": ["current_change"]}
POWER_MONITOR_RECORD {"timestamp_pacific": "2026-08-02T10:19:18.612-07:00", "status": "ok", "reasons": ["current_change"]}
POWER_MONITOR_RECORD {"timestamp_pacific": "2026-08-02T10:19:19.618-07:00", "status": "ok", "reasons": ["current_change"]}
POWER_MONITOR_RECORD {"timestamp_pacific": "2026-08-02T10:19:21.631-07:00", "status": "ok", "reasons": ["current_change"]}
POWER_MONITOR_RECORD {"timestamp_pacific": "2026-08-02T10:19:22.637-07:00", "status": "ok", "reasons": ["current_change"]}
POWER_MONITOR_RECORD {"timestamp_pacific": "2026-08-02T10:19:24.649-07:00", "status": "ok", "reasons": ["current_change"]}
POWER_MONITOR_RECORD {"timestamp_pacific": "2026-08-02T10:19:27.668-07:00", "status": "ok", "reasons": ["current_change"]}
POWER_MONITOR_RECORD {"timestamp_pacific": "2026-08-02T10:19:28.674-07:00", "status": "ok", "reasons": ["current_change"]}
POWER_MONITOR_RECORD {"timestamp_pacific": "2026-08-02T10:19:29.680-07:00", "status": "ok", "reasons": ["current_change"]}
POWER_MONITOR_RECORD {"timestamp_pacific": "2026-08-02T10:19:34.721-07:00", "status": "ok", "reasons": ["current_change"]}
POWER_MONITOR_RECORD {"timestamp_pacific": "2026-08-02T10:19:35.730-07:00", "status": "ok", "reasons": ["current_change"]}
POWER_MONITOR_RECORD {"timestamp_pacific": "2026-08-02T10:19:38.749-07:00", "status": "ok", "reasons": ["current_change"]}
POWER_MONITOR_RECORD {"timestamp_pacific": "2026-08-02T10:19:40.761-07:00", "status": "ok", "reasons": ["current_change"]}
POWER_MONITOR_RECORD {"timestamp_pacific": "2026-08-02T10:19:42.774-07:00", "status": "ok", "reasons": ["current_change"]}
POWER_MONITOR_RECORD {"timestamp_pacific": "2026-08-02T10:19:48.809-07:00", "status": "ok", "reasons": ["current_change"]}
POWER_MONITOR_RECORD {"timestamp_pacific": "2026-08-02T10:19:53.839-07:00", "status": "ok", "reasons": ["current_change"]}
POWER_MONITOR_RECORD {"timestamp_pacific": "2026-08-02T10:20:00.883-07:00", "status": "ok", "reasons": ["current_change"]}
POWER_MONITOR_RECORD {"timestamp_pacific": "2026-08-02T10:20:03.901-07:00", "status": "ok", "reasons": ["current_change"]}
POWER_MONITOR_RECORD {"timestamp_pacific": "2026-08-02T10:20:04.908-07:00", "status": "ok", "reasons": ["current_change"]}
POWER_MONITOR_RECORD {"timestamp_pacific": "2026-08-02T10:20:05.914-07:00", "status": "ok", "reasons": ["current_change"]}
POWER_MONITOR_RECORD {"timestamp_pacific": "2026-08-02T10:20:07.930-07:00", "status": "ok", "reasons": ["current_change"]}
POWER_MONITOR_RECORD {"timestamp_pacific": "2026-08-02T10:20:08.936-07:00", "status": "ok", "reasons": ["current_change"]}
POWER_MONITOR_RECORD {"timestamp_pacific": "2026-08-02T10:20:10.948-07:00", "status": "ok", "reasons": ["current_change"]}
POWER_MONITOR_RECORD {"timestamp_pacific": "2026-08-02T10:20:11.958-07:00", "status": "ok", "reasons": ["current_change"]}
POWER_MONITOR_RECORD {"timestamp_pacific": "2026-08-02T10:20:12.964-07:00", "status": "ok", "reasons": ["current_change"]}
POWER_MONITOR_RECORD {"timestamp_pacific": "2026-08-02T10:20:15.982-07:00", "status": "ok", "reasons": ["current_change"]}
POWER_MONITOR_RECORD {"timestamp_pacific": "2026-08-02T10:20:16.992-07:00", "status": "ok", "reasons": ["current_change"]}
POWER_MONITOR_RECORD {"timestamp_pacific": "2026-08-02T10:20:19.004-07:00", "status": "ok", "reasons": ["current_change"]}
POWER_MONITOR_RECORD {"timestamp_pacific": "2026-08-02T10:20:20.011-07:00", "status": "ok", "reasons": ["current_change"]}
POWER_MONITOR_RECORD {"timestamp_pacific": "2026-08-02T10:20:22.023-07:00", "status": "ok", "reasons": ["current_change"]}
POWER_MONITOR_RECORD {"timestamp_pacific": "2026-08-02T10:20:23.030-07:00", "status": "ok", "reasons": ["current_change"]}
POWER_MONITOR_RECORD {"timestamp_pacific": "2026-08-02T10:20:24.036-07:00", "status": "ok", "reasons": ["current_change"]}
POWER_MONITOR_RECORD {"timestamp_pacific": "2026-08-02T10:20:25.042-07:00", "status": "ok", "reasons": ["current_change"]}
POWER_MONITOR_RECORD {"timestamp_pacific": "2026-08-02T10:20:26.049-07:00", "status": "ok", "reasons": ["current_change"]}
POWER_MONITOR_RECORD {"timestamp_pacific": "2026-08-02T10:20:27.055-07:00", "status": "ok", "reasons": ["current_change"]}
POWER_MONITOR_RECORD {"timestamp_pacific": "2026-08-02T10:20:28.065-07:00", "status": "ok", "reasons": ["current_change"]}
POWER_MONITOR_RECORD {"timestamp_pacific": "2026-08-02T10:20:29.072-07:00", "status": "ok", "reasons": ["current_change"]}
POWER_MONITOR_RECORD {"timestamp_pacific": "2026-08-02T10:20:32.090-07:00", "status": "ok", "reasons": ["current_change"]}
POWER_MONITOR_RECORD {"timestamp_pacific": "2026-08-02T10:20:35.111-07:00", "status": "ok", "reasons": ["current_change"]}
POWER_MONITOR_RECORD {"timestamp_pacific": "2026-08-02T10:20:36.118-07:00", "status": "ok", "reasons": ["current_change"]}
POWER_MONITOR_RECORD {"timestamp_pacific": "2026-08-02T10:20:37.124-07:00", "status": "ok", "reasons": ["current_change"]}
POWER_MONITOR_RECORD {"timestamp_pacific": "2026-08-02T10:20:38.134-07:00", "status": "ok", "reasons": ["current_change"]}
POWER_MONITOR_RECORD {"timestamp_pacific": "2026-08-02T10:20:40.146-07:00", "status": "ok", "reasons": ["current_change"]}
POWER_MONITOR_RECORD {"timestamp_pacific": "2026-08-02T10:20:41.153-07:00", "status": "ok", "reasons": ["current_change"]}
POWER_MONITOR_RECORD {"timestamp_pacific": "2026-08-02T10:20:42.159-07:00", "status": "ok", "reasons": ["current_change"]}
POWER_MONITOR_RECORD {"timestamp_pacific": "2026-08-02T10:20:43.169-07:00", "status": "ok", "reasons": ["current_change"]}
POWER_MONITOR_RECORD {"timestamp_pacific": "2026-08-02T10:20:46.187-07:00", "status": "ok", "reasons": ["current_change"]}
POWER_MONITOR_RECORD {"timestamp_pacific": "2026-08-02T10:20:47.194-07:00", "status": "ok", "reasons": ["current_change"]}
POWER_MONITOR_RECORD {"timestamp_pacific": "2026-08-02T10:20:48.203-07:00", "status": "ok", "reasons": ["current_change"]}
POWER_MONITOR_RECORD {"timestamp_pacific": "2026-08-02T10:20:49.210-07:00", "status": "ok", "reasons": ["current_change"]}
POWER_MONITOR_RECORD {"timestamp_pacific": "2026-08-02T10:20:51.222-07:00", "status": "ok", "reasons": ["current_change"]}
POWER_MONITOR_RECORD {"timestamp_pacific": "2026-08-02T10:20:52.229-07:00", "status": "ok", "reasons": ["current_change"]}
POWER_MONITOR_RECORD {"timestamp_pacific": "2026-08-02T10:20:53.238-07:00", "status": "ok", "reasons": ["current_change"]}
POWER_MONITOR_RECORD {"timestamp_pacific": "2026-08-02T10:20:55.251-07:00", "status": "ok", "reasons": ["current_change"]}
POWER_MONITOR_RECORD {"timestamp_pacific": "2026-08-02T10:20:56.257-07:00", "status": "ok", "reasons": ["current_change"]}
POWER_MONITOR_RECORD {"timestamp_pacific": "2026-08-02T10:20:57.264-07:00", "status": "ok", "reasons": ["current_change"]}
POWER_MONITOR_RECORD {"timestamp_pacific": "2026-08-02T10:20:58.274-07:00", "status": "ok", "reasons": ["current_change"]}
POWER_MONITOR_RECORD {"timestamp_pacific": "2026-08-02T10:20:59.280-07:00", "status": "ok", "reasons": ["current_change"]}
POWER_MONITOR_RECORD {"timestamp_pacific": "2026-08-02T10:21:00.287-07:00", "status": "ok", "reasons": ["current_change"]}
POWER_MONITOR_RECORD {"timestamp_pacific": "2026-08-02T10:21:02.299-07:00", "status": "ok", "reasons": ["current_change"]}
POWER_MONITOR_RECORD {"timestamp_pacific": "2026-08-02T10:21:03.309-07:00", "status": "ok", "reasons": ["current_change"]}
POWER_MONITOR_RECORD {"timestamp_pacific": "2026-08-02T10:21:04.315-07:00", "status": "ok", "reasons": ["current_change"]}
POWER_MONITOR_RECORD {"timestamp_pacific": "2026-08-02T10:21:06.321-07:00", "status": "ok", "reasons": ["current_change"]}
POWER_MONITOR_RECORD {"timestamp_pacific": "2026-08-02T10:21:08.326-07:00", "status": "ok", "reasons": ["current_change"]}
POWER_MONITOR_RECORD {"timestamp_pacific": "2026-08-02T10:21:09.328-07:00", "status": "ok", "reasons": ["current_change"]}
POWER_MONITOR_RECORD {"timestamp_pacific": "2026-08-02T10:21:10.335-07:00", "status": "ok", "reasons": ["current_change"]}
POWER_MONITOR_RECORD {"timestamp_pacific": "2026-08-02T10:21:12.347-07:00", "status": "ok", "reasons": ["current_change"]}
POWER_MONITOR_RECORD {"timestamp_pacific": "2026-08-02T10:21:14.359-07:00", "status": "ok", "reasons": ["current_change"]}
POWER_MONITOR_RECORD {"timestamp_pacific": "2026-08-02T10:21:15.366-07:00", "status": "ok", "reasons": ["current_change"]}
POWER_MONITOR_RECORD {"timestamp_pacific": "2026-08-02T10:21:16.372-07:00", "status": "ok", "reasons": ["current_change"]}
POWER_MONITOR_RECORD {"timestamp_pacific": "2026-08-02T10:21:17.379-07:00", "status": "ok", "reasons": ["current_change"]}
POWER_MONITOR_RECORD {"timestamp_pacific": "2026-08-02T10:21:19.391-07:00", "status": "ok", "reasons": ["current_change"]}
POWER_MONITOR_RECORD {"timestamp_pacific": "2026-08-02T10:21:20.401-07:00", "status": "ok", "reasons": ["current_change"]}
POWER_MONITOR_RECORD {"timestamp_pacific": "2026-08-02T10:21:27.442-07:00", "status": "ok", "reasons": ["current_change"]}
POWER_MONITOR_RECORD {"timestamp_pacific": "2026-08-02T10:21:31.466-07:00", "status": "ok", "reasons": ["current_change"]}
POWER_MONITOR_RECORD {"timestamp_pacific": "2026-08-02T10:21:32.473-07:00", "status": "ok", "reasons": ["current_change"]}
POWER_MONITOR_RECORD {"timestamp_pacific": "2026-08-02T10:21:36.499-07:00", "status": "ok", "reasons": ["current_change"]}
POWER_MONITOR_RECORD {"timestamp_pacific": "2026-08-02T10:21:37.506-07:00", "status": "ok", "reasons": ["current_change"]}
POWER_MONITOR_RECORD {"timestamp_pacific": "2026-08-02T10:21:38.516-07:00", "status": "ok", "reasons": ["current_change"]}
POWER_MONITOR_RECORD {"timestamp_pacific": "2026-08-02T10:21:39.522-07:00", "status": "ok", "reasons": ["current_change"]}
POWER_MONITOR_RECORD {"timestamp_pacific": "2026-08-02T10:21:44.552-07:00", "status": "ok", "reasons": ["current_change"]}
POWER_MONITOR_RECORD {"timestamp_pacific": "2026-08-02T10:21:45.558-07:00", "status": "ok", "reasons": ["current_change"]}
POWER_MONITOR_RECORD {"timestamp_pacific": "2026-08-02T10:21:53.606-07:00", "status": "ok", "reasons": ["current_change"]}
POWER_MONITOR_RECORD {"timestamp_pacific": "2026-08-02T10:21:55.618-07:00", "status": "ok", "reasons": ["current_change"]}
POWER_MONITOR_RECORD {"timestamp_pacific": "2026-08-02T10:21:56.625-07:00", "status": "ok", "reasons": ["current_change"]}
POWER_MONITOR_RECORD {"timestamp_pacific": "2026-08-02T10:21:57.631-07:00", "status": "ok", "reasons": ["current_change"]}
POWER_MONITOR_RECORD {"timestamp_pacific": "2026-08-02T10:21:58.641-07:00", "status": "ok", "reasons": ["current_change"]}
POWER_MONITOR_RECORD {"timestamp_pacific": "2026-08-02T10:22:00.654-07:00", "status": "ok", "reasons": ["current_change"]}
POWER_MONITOR_RECORD {"timestamp_pacific": "2026-08-02T10:22:01.660-07:00", "status": "ok", "reasons": ["current_change"]}
POWER_MONITOR_RECORD {"timestamp_pacific": "2026-08-02T10:22:02.667-07:00", "status": "ok", "reasons": ["current_change"]}
POWER_MONITOR_RECORD {"timestamp_pacific": "2026-08-02T10:22:03.673-07:00", "status": "ok", "reasons": ["current_change"]}
POWER_MONITOR_RECORD {"timestamp_pacific": "2026-08-02T10:22:05.686-07:00", "status": "ok", "reasons": ["current_change"]}
POWER_MONITOR_RECORD {"timestamp_pacific": "2026-08-02T10:22:10.716-07:00", "status": "ok", "reasons": ["current_change"]}
POWER_MONITOR_RECORD {"timestamp_pacific": "2026-08-02T10:22:11.722-07:00", "status": "ok", "reasons": ["current_change"]}
POWER_MONITOR_RECORD {"timestamp_pacific": "2026-08-02T10:22:18.766-07:00", "status": "ok", "reasons": ["current_change"]}
POWER_MONITOR_RECORD {"timestamp_pacific": "2026-08-02T10:22:19.773-07:00", "status": "ok", "reasons": ["current_change"]}
POWER_MONITOR_RECORD {"timestamp_pacific": "2026-08-02T10:22:20.779-07:00", "status": "ok", "reasons": ["current_change"]}
POWER_MONITOR_RECORD {"timestamp_pacific": "2026-08-02T10:22:21.786-07:00", "status": "ok", "reasons": ["current_change"]}
POWER_MONITOR_RECORD {"timestamp_pacific": "2026-08-02T10:22:22.792-07:00", "status": "ok", "reasons": ["current_change"]}
POWER_MONITOR_RECORD {"timestamp_pacific": "2026-08-02T10:22:23.799-07:00", "status": "ok", "reasons": ["current_change"]}
POWER_MONITOR_RECORD {"timestamp_pacific": "2026-08-02T10:22:26.821-07:00", "status": "ok", "reasons": ["current_change"]}
POWER_MONITOR_RECORD {"timestamp_pacific": "2026-08-02T10:22:27.827-07:00", "status": "ok", "reasons": ["current_change"]}
POWER_MONITOR_RECORD {"timestamp_pacific": "2026-08-02T10:22:31.851-07:00", "status": "ok", "reasons": ["current_change"]}
POWER_MONITOR_RECORD {"timestamp_pacific": "2026-08-02T10:22:33.863-07:00", "status": "ok", "reasons": ["current_change"]}
POWER_MONITOR_RECORD {"timestamp_pacific": "2026-08-02T10:22:39.899-07:00", "status": "ok", "reasons": ["current_change"]}
POWER_MONITOR_RECORD {"timestamp_pacific": "2026-08-02T10:22:40.905-07:00", "status": "ok", "reasons": ["current_change"]}
POWER_MONITOR_RECORD {"timestamp_pacific": "2026-08-02T10:22:41.912-07:00", "status": "ok", "reasons": ["current_change"]}
POWER_MONITOR_RECORD {"timestamp_pacific": "2026-08-02T10:22:45.936-07:00", "status": "ok", "reasons": ["current_change"]}
POWER_MONITOR_RECORD {"timestamp_pacific": "2026-08-02T10:22:47.948-07:00", "status": "ok", "reasons": ["current_change"]}
POWER_MONITOR_RECORD {"timestamp_pacific": "2026-08-02T10:22:48.955-07:00", "status": "ok", "reasons": ["current_change"]}
POWER_MONITOR_RECORD {"timestamp_pacific": "2026-08-02T10:22:50.967-07:00", "status": "ok", "reasons": ["current_change"]}
POWER_MONITOR_RECORD {"timestamp_pacific": "2026-08-02T10:22:51.976-07:00", "status": "ok", "reasons": ["current_change"]}
POWER_MONITOR_RECORD {"timestamp_pacific": "2026-08-02T10:22:52.983-07:00", "status": "ok", "reasons": ["current_change"]}
POWER_MONITOR_RECORD {"timestamp_pacific": "2026-08-02T10:22:54.995-07:00", "status": "ok", "reasons": ["current_change"]}
POWER_MONITOR_RECORD {"timestamp_pacific": "2026-08-02T10:22:57.008-07:00", "status": "ok", "reasons": ["current_change"]}
POWER_MONITOR_RECORD {"timestamp_pacific": "2026-08-02T10:22:59.020-07:00", "status": "ok", "reasons": ["current_change"]}
POWER_MONITOR_RECORD {"timestamp_pacific": "2026-08-02T10:23:00.026-07:00", "status": "ok", "reasons": ["current_change"]}
POWER_MONITOR_RECORD {"timestamp_pacific": "2026-08-02T10:23:01.033-07:00", "status": "ok", "reasons": ["current_change"]}
POWER_MONITOR_RECORD {"timestamp_pacific": "2026-08-02T10:23:02.040-07:00", "status": "ok", "reasons": ["current_change"]}
POWER_MONITOR_RECORD {"timestamp_pacific": "2026-08-02T10:23:05.061-07:00", "status": "ok", "reasons": ["current_change"]}
POWER_MONITOR_RECORD {"timestamp_pacific": "2026-08-02T10:23:06.064-07:00", "status": "ok", "reasons": ["current_change"]}
POWER_MONITOR_RECORD {"timestamp_pacific": "2026-08-02T10:23:08.069-07:00", "status": "ok", "reasons": ["current_change"]}
POWER_MONITOR_RECORD {"timestamp_pacific": "2026-08-02T10:23:09.071-07:00", "status": "ok", "reasons": ["current_change"]}
POWER_MONITOR_RECORD {"timestamp_pacific": "2026-08-02T10:23:11.080-07:00", "status": "ok", "reasons": ["current_change"]}
POWER_MONITOR_RECORD {"timestamp_pacific": "2026-08-02T10:23:12.087-07:00", "status": "ok", "reasons": ["current_change"]}
POWER_MONITOR_RECORD {"timestamp_pacific": "2026-08-02T10:23:14.099-07:00", "status": "ok", "reasons": ["current_change"]}
POWER_MONITOR_RECORD {"timestamp_pacific": "2026-08-02T10:23:15.105-07:00", "status": "ok", "reasons": ["current_change"]}
POWER_MONITOR_RECORD {"timestamp_pacific": "2026-08-02T10:23:17.118-07:00", "status": "ok", "reasons": ["current_change"]}
POWER_MONITOR_RECORD {"timestamp_pacific": "2026-08-02T10:23:18.124-07:00", "status": "ok", "reasons": ["current_change"]}
POWER_MONITOR_RECORD {"timestamp_pacific": "2026-08-02T10:23:22.148-07:00", "status": "ok", "reasons": ["current_change"]}
POWER_MONITOR_RECORD {"timestamp_pacific": "2026-08-02T10:23:23.155-07:00", "status": "ok", "reasons": ["current_change"]}
POWER_MONITOR_RECORD {"timestamp_pacific": "2026-08-02T10:23:29.191-07:00", "status": "ok", "reasons": ["current_change"]}
POWER_MONITOR_RECORD {"timestamp_pacific": "2026-08-02T10:23:30.197-07:00", "status": "ok", "reasons": ["current_change"]}
POWER_MONITOR_RECORD {"timestamp_pacific": "2026-08-02T10:23:33.215-07:00", "status": "ok", "reasons": ["current_change"]}
POWER_MONITOR_RECORD {"timestamp_pacific": "2026-08-02T10:23:35.228-07:00", "status": "ok", "reasons": ["current_change"]}
POWER_MONITOR_RECORD {"timestamp_pacific": "2026-08-02T10:23:36.234-07:00", "status": "ok", "reasons": ["current_change"]}
POWER_MONITOR_RECORD {"timestamp_pacific": "2026-08-02T10:23:37.241-07:00", "status": "ok", "reasons": ["current_change"]}
POWER_MONITOR_RECORD {"timestamp_pacific": "2026-08-02T10:23:41.265-07:00", "status": "ok", "reasons": ["current_change"]}
POWER_MONITOR_RECORD {"timestamp_pacific": "2026-08-02T10:23:42.271-07:00", "status": "ok", "reasons": ["current_change"]}
POWER_MONITOR_RECORD {"timestamp_pacific": "2026-08-02T10:23:44.284-07:00", "status": "ok", "reasons": ["current_change"]}
POWER_MONITOR_RECORD {"timestamp_pacific": "2026-08-02T10:23:47.302-07:00", "status": "ok", "reasons": ["current_change"]}
POWER_MONITOR_RECORD {"timestamp_pacific": "2026-08-02T10:23:49.314-07:00", "status": "ok", "reasons": ["current_change"]}
POWER_MONITOR_RECORD {"timestamp_pacific": "2026-08-02T10:23:50.321-07:00", "status": "ok", "reasons": ["current_change"]}
POWER_MONITOR_RECORD {"timestamp_pacific": "2026-08-02T10:23:51.327-07:00", "status": "ok", "reasons": ["current_change"]}
POWER_MONITOR_RECORD {"timestamp_pacific": "2026-08-02T10:23:54.345-07:00", "status": "ok", "reasons": ["current_change"]}
POWER_MONITOR_RECORD {"timestamp_pacific": "2026-08-02T10:23:56.358-07:00", "status": "ok", "reasons": ["current_change"]}
POWER_MONITOR_RECORD {"timestamp_pacific": "2026-08-02T10:23:57.364-07:00", "status": "ok", "reasons": ["current_change"]}
POWER_MONITOR_RECORD {"timestamp_pacific": "2026-08-02T10:23:58.371-07:00", "status": "ok", "reasons": ["current_change"]}
POWER_MONITOR_RECORD {"timestamp_pacific": "2026-08-02T10:24:00.383-07:00", "status": "ok", "reasons": ["current_change"]}
POWER_MONITOR_RECORD {"timestamp_pacific": "2026-08-02T10:24:01.389-07:00", "status": "ok", "reasons": ["current_change"]}
POWER_MONITOR_RECORD {"timestamp_pacific": "2026-08-02T10:24:04.408-07:00", "status": "ok", "reasons": ["current_change"]}
POWER_MONITOR_RECORD {"timestamp_pacific": "2026-08-02T10:24:05.410-07:00", "status": "ok", "reasons": ["current_change"]}
POWER_MONITOR_RECORD {"timestamp_pacific": "2026-08-02T10:24:06.413-07:00", "status": "ok", "reasons": ["current_change"]}
POWER_MONITOR_RECORD {"timestamp_pacific": "2026-08-02T10:24:07.416-07:00", "status": "ok", "reasons": ["current_change"]}
POWER_MONITOR_RECORD {"timestamp_pacific": "2026-08-02T10:24:09.421-07:00", "status": "ok", "reasons": ["current_change"]}
POWER_MONITOR_RECORD {"timestamp_pacific": "2026-08-02T10:24:12.439-07:00", "status": "ok", "reasons": ["current_change"]}
POWER_MONITOR_RECORD {"timestamp_pacific": "2026-08-02T10:24:19.480-07:00", "status": "ok", "reasons": ["current_change"]}
POWER_MONITOR_RECORD {"timestamp_pacific": "2026-08-02T10:24:20.487-07:00", "status": "ok", "reasons": ["current_change"]}
POWER_MONITOR_RECORD {"timestamp_pacific": "2026-08-02T10:24:21.494-07:00", "status": "ok", "reasons": ["current_change"]}
POWER_MONITOR_RECORD {"timestamp_pacific": "2026-08-02T10:24:22.500-07:00", "status": "ok", "reasons": ["current_change"]}
POWER_MONITOR_RECORD {"timestamp_pacific": "2026-08-02T10:24:23.507-07:00", "status": "ok", "reasons": ["current_change"]}
POWER_MONITOR_RECORD {"timestamp_pacific": "2026-08-02T10:24:25.519-07:00", "status": "ok", "reasons": ["current_change"]}
POWER_MONITOR_RECORD {"timestamp_pacific": "2026-08-02T10:24:27.531-07:00", "status": "ok", "reasons": ["current_change"]}
POWER_MONITOR_RECORD {"timestamp_pacific": "2026-08-02T10:24:28.538-07:00", "status": "ok", "reasons": ["current_change"]}
POWER_MONITOR_RECORD {"timestamp_pacific": "2026-08-02T10:24:29.544-07:00", "status": "ok", "reasons": ["current_change"]}
POWER_MONITOR_RECORD {"timestamp_pacific": "2026-08-02T10:24:30.551-07:00", "status": "ok", "reasons": ["current_change"]}
POWER_MONITOR_RECORD {"timestamp_pacific": "2026-08-02T10:24:32.564-07:00", "status": "ok", "reasons": ["current_change"]}
POWER_MONITOR_RECORD {"timestamp_pacific": "2026-08-02T10:24:34.577-07:00", "status": "ok", "reasons": ["current_change"]}
POWER_MONITOR_RECORD {"timestamp_pacific": "2026-08-02T10:24:42.624-07:00", "status": "ok", "reasons": ["current_change"]}
POWER_MONITOR_RECORD {"timestamp_pacific": "2026-08-02T10:24:43.630-07:00", "status": "ok", "reasons": ["current_change"]}
POWER_MONITOR_RECORD {"timestamp_pacific": "2026-08-02T10:24:45.643-07:00", "status": "ok", "reasons": ["current_change"]}
POWER_MONITOR_RECORD {"timestamp_pacific": "2026-08-02T10:24:46.649-07:00", "status": "ok", "reasons": ["current_change"]}
POWER_MONITOR_RECORD {"timestamp_pacific": "2026-08-02T10:24:48.662-07:00", "status": "ok", "reasons": ["current_change"]}
POWER_MONITOR_RECORD {"timestamp_pacific": "2026-08-02T10:24:49.668-07:00", "status": "ok", "reasons": ["current_change"]}
POWER_MONITOR_RECORD {"timestamp_pacific": "2026-08-02T10:24:51.680-07:00", "status": "ok", "reasons": ["current_change"]}
POWER_MONITOR_RECORD {"timestamp_pacific": "2026-08-02T10:24:52.687-07:00", "status": "ok", "reasons": ["current_change"]}
POWER_MONITOR_RECORD {"timestamp_pacific": "2026-08-02T10:24:55.705-07:00", "status": "ok", "reasons": ["current_change"]}
POWER_MONITOR_RECORD {"timestamp_pacific": "2026-08-02T10:24:57.718-07:00", "status": "ok", "reasons": ["current_change"]}
POWER_MONITOR_RECORD {"timestamp_pacific": "2026-08-02T10:25:00.736-07:00", "status": "ok", "reasons": ["current_change"]}
POWER_MONITOR_RECORD {"timestamp_pacific": "2026-08-02T10:25:02.748-07:00", "status": "ok", "reasons": ["current_change"]}
POWER_MONITOR_RECORD {"timestamp_pacific": "2026-08-02T10:25:04.761-07:00", "status": "ok", "reasons": ["current_change"]}
POWER_MONITOR_RECORD {"timestamp_pacific": "2026-08-02T10:25:05.764-07:00", "status": "ok", "reasons": ["current_change"]}
POWER_MONITOR_RECORD {"timestamp_pacific": "2026-08-02T10:25:06.766-07:00", "status": "ok", "reasons": ["current_change"]}
POWER_MONITOR_RECORD {"timestamp_pacific": "2026-08-02T10:25:10.780-07:00", "status": "ok", "reasons": ["current_change"]}
POWER_MONITOR_RECORD {"timestamp_pacific": "2026-08-02T10:25:11.789-07:00", "status": "ok", "reasons": ["current_change"]}
POWER_MONITOR_RECORD {"timestamp_pacific": "2026-08-02T10:25:12.795-07:00", "status": "ok", "reasons": ["current_change"]}
POWER_MONITOR_RECORD {"timestamp_pacific": "2026-08-02T10:25:16.819-07:00", "status": "ok", "reasons": ["current_change"]}
POWER_MONITOR_RECORD {"timestamp_pacific": "2026-08-02T10:25:19.839-07:00", "status": "ok", "reasons": ["current_change"]}
POWER_MONITOR_RECORD {"timestamp_pacific": "2026-08-02T10:25:21.852-07:00", "status": "ok", "reasons": ["current_change"]}
POWER_MONITOR_RECORD {"timestamp_pacific": "2026-08-02T10:25:22.859-07:00", "status": "ok", "reasons": ["current_change"]}
POWER_MONITOR_RECORD {"timestamp_pacific": "2026-08-02T10:25:29.901-07:00", "status": "ok", "reasons": ["current_change"]}
POWER_MONITOR_RECORD {"timestamp_pacific": "2026-08-02T10:25:30.907-07:00", "status": "ok", "reasons": ["current_change"]}
POWER_MONITOR_RECORD {"timestamp_pacific": "2026-08-02T10:25:34.931-07:00", "status": "ok", "reasons": ["current_change"]}
POWER_MONITOR_RECORD {"timestamp_pacific": "2026-08-02T10:25:35.938-07:00", "status": "ok", "reasons": ["current_change"]}
POWER_MONITOR_RECORD {"timestamp_pacific": "2026-08-02T10:25:37.950-07:00", "status": "ok", "reasons": ["current_change"]}
POWER_MONITOR_RECORD {"timestamp_pacific": "2026-08-02T10:25:40.968-07:00", "status": "ok", "reasons": ["current_change"]}
POWER_MONITOR_RECORD {"timestamp_pacific": "2026-08-02T10:25:41.975-07:00", "status": "ok", "reasons": ["current_change"]}
POWER_MONITOR_RECORD {"timestamp_pacific": "2026-08-02T10:25:42.981-07:00", "status": "ok", "reasons": ["current_change"]}
POWER_MONITOR_RECORD {"timestamp_pacific": "2026-08-02T10:25:44.994-07:00", "status": "ok", "reasons": ["current_change"]}
POWER_MONITOR_RECORD {"timestamp_pacific": "2026-08-02T10:25:46.000-07:00", "status": "ok", "reasons": ["current_change"]}
POWER_MONITOR_RECORD {"timestamp_pacific": "2026-08-02T10:26:07.122-07:00", "status": "ok", "reasons": ["current_change"]}
POWER_MONITOR_RECORD {"timestamp_pacific": "2026-08-02T10:26:08.128-07:00", "status": "ok", "reasons": ["current_change"]}
POWER_MONITOR_RECORD {"timestamp_pacific": "2026-08-02T10:26:09.135-07:00", "status": "ok", "reasons": ["current_change"]}
POWER_MONITOR_RECORD {"timestamp_pacific": "2026-08-02T10:26:11.147-07:00", "status": "ok", "reasons": ["current_change"]}
POWER_MONITOR_RECORD {"timestamp_pacific": "2026-08-02T10:26:18.189-07:00", "status": "ok", "reasons": ["current_change"]}
POWER_MONITOR_RECORD {"timestamp_pacific": "2026-08-02T10:26:21.207-07:00", "status": "ok", "reasons": ["current_change"]}
POWER_MONITOR_RECORD {"timestamp_pacific": "2026-08-02T10:26:22.214-07:00", "status": "ok", "reasons": ["current_change"]}
POWER_MONITOR_RECORD {"timestamp_pacific": "2026-08-02T10:26:23.220-07:00", "status": "ok", "reasons": ["current_change"]}
POWER_MONITOR_RECORD {"timestamp_pacific": "2026-08-02T10:26:24.228-07:00", "status": "ok", "reasons": ["current_change"]}
POWER_MONITOR_RECORD {"timestamp_pacific": "2026-08-02T10:26:25.235-07:00", "status": "ok", "reasons": ["current_change"]}
POWER_MONITOR_RECORD {"timestamp_pacific": "2026-08-02T10:26:33.282-07:00", "status": "ok", "reasons": ["current_change"]}
POWER_MONITOR_RECORD {"timestamp_pacific": "2026-08-02T10:26:34.288-07:00", "status": "ok", "reasons": ["current_change"]}
POWER_MONITOR_RECORD {"timestamp_pacific": "2026-08-02T10:26:35.295-07:00", "status": "ok", "reasons": ["current_change"]}
POWER_MONITOR_RECORD {"timestamp_pacific": "2026-08-02T10:26:36.301-07:00", "status": "ok", "reasons": ["current_change"]}
POWER_MONITOR_RECORD {"timestamp_pacific": "2026-08-02T10:26:40.325-07:00", "status": "ok", "reasons": ["current_change"]}
POWER_MONITOR_RECORD {"timestamp_pacific": "2026-08-02T10:26:41.332-07:00", "status": "ok", "reasons": ["current_change"]}
POWER_MONITOR_RECORD {"timestamp_pacific": "2026-08-02T10:26:46.361-07:00", "status": "ok", "reasons": ["current_change"]}
POWER_MONITOR_RECORD {"timestamp_pacific": "2026-08-02T10:26:47.368-07:00", "status": "ok", "reasons": ["current_change"]}
POWER_MONITOR_RECORD {"timestamp_pacific": "2026-08-02T10:26:48.374-07:00", "status": "ok", "reasons": ["current_change"]}
POWER_MONITOR_RECORD {"timestamp_pacific": "2026-08-02T10:26:49.381-07:00", "status": "ok", "reasons": ["current_change"]}
POWER_MONITOR_RECORD {"timestamp_pacific": "2026-08-02T10:26:51.393-07:00", "status": "ok", "reasons": ["current_change"]}
POWER_MONITOR_RECORD {"timestamp_pacific": "2026-08-02T10:26:52.401-07:00", "status": "ok", "reasons": ["current_change"]}
POWER_MONITOR_RECORD {"timestamp_pacific": "2026-08-02T10:26:56.425-07:00", "status": "ok", "reasons": ["current_change"]}
POWER_MONITOR_RECORD {"timestamp_pacific": "2026-08-02T10:26:59.444-07:00", "status": "ok", "reasons": ["current_change"]}
POWER_MONITOR_RECORD {"timestamp_pacific": "2026-08-02T10:27:04.474-07:00", "status": "ok", "reasons": ["current_change"]}
POWER_MONITOR_RECORD {"timestamp_pacific": "2026-08-02T10:27:05.477-07:00", "status": "ok", "reasons": ["current_change"]}
POWER_MONITOR_RECORD {"timestamp_pacific": "2026-08-02T10:27:07.482-07:00", "status": "ok", "reasons": ["current_change"]}
POWER_MONITOR_RECORD {"timestamp_pacific": "2026-08-02T10:27:08.485-07:00", "status": "ok", "reasons": ["current_change"]}
POWER_MONITOR_RECORD {"timestamp_pacific": "2026-08-02T10:27:12.505-07:00", "status": "ok", "reasons": ["current_change"]}
POWER_MONITOR_RECORD {"timestamp_pacific": "2026-08-02T10:27:14.518-07:00", "status": "ok", "reasons": ["current_change"]}
POWER_MONITOR_RECORD {"timestamp_pacific": "2026-08-02T10:27:15.524-07:00", "status": "ok", "reasons": ["current_change"]}
POWER_MONITOR_RECORD {"timestamp_pacific": "2026-08-02T10:27:16.531-07:00", "status": "ok", "reasons": ["current_change"]}
POWER_MONITOR_RECORD {"timestamp_pacific": "2026-08-02T10:27:18.543-07:00", "status": "ok", "reasons": ["current_change"]}
POWER_MONITOR_RECORD {"timestamp_pacific": "2026-08-02T10:27:19.549-07:00", "status": "ok", "reasons": ["current_change"]}
POWER_MONITOR_RECORD {"timestamp_pacific": "2026-08-02T10:27:20.556-07:00", "status": "ok", "reasons": ["current_change"]}
POWER_MONITOR_RECORD {"timestamp_pacific": "2026-08-02T10:27:21.562-07:00", "status": "ok", "reasons": ["current_change"]}
POWER_MONITOR_RECORD {"timestamp_pacific": "2026-08-02T10:27:22.569-07:00", "status": "ok", "reasons": ["current_change"]}
POWER_MONITOR_RECORD {"timestamp_pacific": "2026-08-02T10:27:23.575-07:00", "status": "ok", "reasons": ["current_change"]}
POWER_MONITOR_RECORD {"timestamp_pacific": "2026-08-02T10:27:26.595-07:00", "status": "ok", "reasons": ["current_change"]}
POWER_MONITOR_RECORD {"timestamp_pacific": "2026-08-02T10:27:28.607-07:00", "status": "ok", "reasons": ["current_change"]}
POWER_MONITOR_RECORD {"timestamp_pacific": "2026-08-02T10:27:29.615-07:00", "status": "ok", "reasons": ["current_change"]}
POWER_MONITOR_RECORD {"timestamp_pacific": "2026-08-02T10:27:31.627-07:00", "status": "ok", "reasons": ["current_change"]}
POWER_MONITOR_RECORD {"timestamp_pacific": "2026-08-02T10:27:32.634-07:00", "status": "ok", "reasons": ["current_change"]}
POWER_MONITOR_RECORD {"timestamp_pacific": "2026-08-02T10:27:37.663-07:00", "status": "ok", "reasons": ["current_change"]}
POWER_MONITOR_RECORD {"timestamp_pacific": "2026-08-02T10:27:39.676-07:00", "status": "ok", "reasons": ["current_change"]}
POWER_MONITOR_RECORD {"timestamp_pacific": "2026-08-02T10:27:42.694-07:00", "status": "ok", "reasons": ["current_change"]}
POWER_MONITOR_RECORD {"timestamp_pacific": "2026-08-02T10:27:43.701-07:00", "status": "ok", "reasons": ["current_change"]}
POWER_MONITOR_RECORD {"timestamp_pacific": "2026-08-02T10:27:46.719-07:00", "status": "ok", "reasons": ["current_change"]}
POWER_MONITOR_RECORD {"timestamp_pacific": "2026-08-02T10:27:47.726-07:00", "status": "ok", "reasons": ["current_change"]}
POWER_MONITOR_RECORD {"timestamp_pacific": "2026-08-02T10:27:51.750-07:00", "status": "ok", "reasons": ["current_change"]}
POWER_MONITOR_RECORD {"timestamp_pacific": "2026-08-02T10:27:53.762-07:00", "status": "ok", "reasons": ["current_change"]}
POWER_MONITOR_RECORD {"timestamp_pacific": "2026-08-02T10:27:54.769-07:00", "status": "ok", "reasons": ["current_change"]}
POWER_MONITOR_RECORD {"timestamp_pacific": "2026-08-02T10:28:01.810-07:00", "status": "ok", "reasons": ["current_change"]}
POWER_MONITOR_RECORD {"timestamp_pacific": "2026-08-02T10:28:02.817-07:00", "status": "ok", "reasons": ["current_change"]}
POWER_MONITOR_RECORD {"timestamp_pacific": "2026-08-02T10:28:03.823-07:00", "status": "ok", "reasons": ["current_change"]}
POWER_MONITOR_RECORD {"timestamp_pacific": "2026-08-02T10:28:04.830-07:00", "status": "ok", "reasons": ["current_change"]}
POWER_MONITOR_RECORD {"timestamp_pacific": "2026-08-02T10:28:05.833-07:00", "status": "ok", "reasons": ["current_change"]}
POWER_MONITOR_RECORD {"timestamp_pacific": "2026-08-02T10:28:06.836-07:00", "status": "ok", "reasons": ["current_change"]}
POWER_MONITOR_RECORD {"timestamp_pacific": "2026-08-02T10:28:09.844-07:00", "status": "ok", "reasons": ["current_change"]}
POWER_MONITOR_RECORD {"timestamp_pacific": "2026-08-02T10:28:11.856-07:00", "status": "ok", "reasons": ["current_change"]}
POWER_MONITOR_RECORD {"timestamp_pacific": "2026-08-02T10:28:15.881-07:00", "status": "ok", "reasons": ["current_change"]}
POWER_MONITOR_RECORD {"timestamp_pacific": "2026-08-02T10:28:16.888-07:00", "status": "ok", "reasons": ["current_change"]}
POWER_MONITOR_RECORD {"timestamp_pacific": "2026-08-02T10:28:19.907-07:00", "status": "ok", "reasons": ["current_change"]}
POWER_MONITOR_RECORD {"timestamp_pacific": "2026-08-02T10:28:20.914-07:00", "status": "ok", "reasons": ["current_change"]}
POWER_MONITOR_RECORD {"timestamp_pacific": "2026-08-02T10:28:22.926-07:00", "status": "ok", "reasons": ["current_change"]}
POWER_MONITOR_RECORD {"timestamp_pacific": "2026-08-02T10:28:25.944-07:00", "status": "ok", "reasons": ["current_change"]}
POWER_MONITOR_RECORD {"timestamp_pacific": "2026-08-02T10:28:26.951-07:00", "status": "ok", "reasons": ["current_change"]}
POWER_MONITOR_RECORD {"timestamp_pacific": "2026-08-02T10:28:30.975-07:00", "status": "ok", "reasons": ["current_change"]}
POWER_MONITOR_RECORD {"timestamp_pacific": "2026-08-02T10:28:32.987-07:00", "status": "ok", "reasons": ["current_change"]}
POWER_MONITOR_RECORD {"timestamp_pacific": "2026-08-02T10:28:33.993-07:00", "status": "ok", "reasons": ["current_change"]}
POWER_MONITOR_RECORD {"timestamp_pacific": "2026-08-02T10:28:42.040-07:00", "status": "ok", "reasons": ["current_change"]}
POWER_MONITOR_RECORD {"timestamp_pacific": "2026-08-02T10:28:43.047-07:00", "status": "ok", "reasons": ["current_change"]}
POWER_MONITOR_RECORD {"timestamp_pacific": "2026-08-02T10:28:46.065-07:00", "status": "ok", "reasons": ["current_change"]}
POWER_MONITOR_RECORD {"timestamp_pacific": "2026-08-02T10:28:47.072-07:00", "status": "ok", "reasons": ["current_change"]}
POWER_MONITOR_RECORD {"timestamp_pacific": "2026-08-02T10:28:48.078-07:00", "status": "ok", "reasons": ["current_change"]}
POWER_MONITOR_RECORD {"timestamp_pacific": "2026-08-02T10:28:50.091-07:00", "status": "ok", "reasons": ["current_change"]}
POWER_MONITOR_RECORD {"timestamp_pacific": "2026-08-02T10:28:51.097-07:00", "status": "ok", "reasons": ["current_change"]}
POWER_MONITOR_RECORD {"timestamp_pacific": "2026-08-02T10:28:53.111-07:00", "status": "ok", "reasons": ["current_change"]}
POWER_MONITOR_RECORD {"timestamp_pacific": "2026-08-02T10:28:54.117-07:00", "status": "ok", "reasons": ["current_change"]}
POWER_MONITOR_RECORD {"timestamp_pacific": "2026-08-02T10:28:56.130-07:00", "status": "ok", "reasons": ["current_change"]}
POWER_MONITOR_RECORD {"timestamp_pacific": "2026-08-02T10:28:58.144-07:00", "status": "ok", "reasons": ["current_change"]}
POWER_MONITOR_RECORD {"timestamp_pacific": "2026-08-02T10:28:59.150-07:00", "status": "ok", "reasons": ["current_change"]}
POWER_MONITOR_RECORD {"timestamp_pacific": "2026-08-02T10:29:03.173-07:00", "status": "ok", "reasons": ["current_change"]}
POWER_MONITOR_RECORD {"timestamp_pacific": "2026-08-02T10:29:04.179-07:00", "status": "ok", "reasons": ["current_change"]}
POWER_MONITOR_RECORD {"timestamp_pacific": "2026-08-02T10:29:08.203-07:00", "status": "ok", "reasons": ["current_change"]}
POWER_MONITOR_RECORD {"timestamp_pacific": "2026-08-02T10:29:09.211-07:00", "status": "ok", "reasons": ["current_change"]}
POWER_MONITOR_RECORD {"timestamp_pacific": "2026-08-02T10:29:12.229-07:00", "status": "ok", "reasons": ["current_change"]}
POWER_MONITOR_RECORD {"timestamp_pacific": "2026-08-02T10:29:15.248-07:00", "status": "ok", "reasons": ["current_change"]}
POWER_MONITOR_RECORD {"timestamp_pacific": "2026-08-02T10:29:18.266-07:00", "status": "ok", "reasons": ["current_change"]}
POWER_MONITOR_RECORD {"timestamp_pacific": "2026-08-02T10:29:19.272-07:00", "status": "ok", "reasons": ["current_change"]}
POWER_MONITOR_RECORD {"timestamp_pacific": "2026-08-02T10:29:22.290-07:00", "status": "ok", "reasons": ["current_change"]}
POWER_MONITOR_RECORD {"timestamp_pacific": "2026-08-02T10:29:24.303-07:00", "status": "ok", "reasons": ["current_change"]}
POWER_MONITOR_RECORD {"timestamp_pacific": "2026-08-02T10:29:30.338-07:00", "status": "ok", "reasons": ["current_change"]}
POWER_MONITOR_RECORD {"timestamp_pacific": "2026-08-02T10:29:31.345-07:00", "status": "ok", "reasons": ["current_change"]}
POWER_MONITOR_RECORD {"timestamp_pacific": "2026-08-02T10:29:33.357-07:00", "status": "ok", "reasons": ["current_change"]}
POWER_MONITOR_RECORD {"timestamp_pacific": "2026-08-02T10:29:34.363-07:00", "status": "ok", "reasons": ["current_change"]}
POWER_MONITOR_RECORD {"timestamp_pacific": "2026-08-02T10:29:38.387-07:00", "status": "ok", "reasons": ["current_change"]}
POWER_MONITOR_RECORD {"timestamp_pacific": "2026-08-02T10:29:39.394-07:00", "status": "ok", "reasons": ["current_change"]}
POWER_MONITOR_RECORD {"timestamp_pacific": "2026-08-02T10:29:43.418-07:00", "status": "ok", "reasons": ["current_change"]}
POWER_MONITOR_RECORD {"timestamp_pacific": "2026-08-02T10:29:44.425-07:00", "status": "ok", "reasons": ["current_change"]}
POWER_MONITOR_RECORD {"timestamp_pacific": "2026-08-02T10:29:48.449-07:00", "status": "ok", "reasons": ["current_change"]}
POWER_MONITOR_RECORD {"timestamp_pacific": "2026-08-02T10:29:50.463-07:00", "status": "ok", "reasons": ["current_change"]}
POWER_MONITOR_RECORD {"timestamp_pacific": "2026-08-02T10:29:51.469-07:00", "status": "ok", "reasons": ["current_change"]}
POWER_MONITOR_RECORD {"timestamp_pacific": "2026-08-02T10:29:52.476-07:00", "status": "ok", "reasons": ["current_change"]}
POWER_MONITOR_RECORD {"timestamp_pacific": "2026-08-02T10:29:53.482-07:00", "status": "ok", "reasons": ["current_change"]}
POWER_MONITOR_RECORD {"timestamp_pacific": "2026-08-02T10:29:54.490-07:00", "status": "ok", "reasons": ["current_change"]}
POWER_MONITOR_RECORD {"timestamp_pacific": "2026-08-02T10:29:55.496-07:00", "status": "ok", "reasons": ["current_change"]}
POWER_MONITOR_RECORD {"timestamp_pacific": "2026-08-02T10:29:56.503-07:00", "status": "ok", "reasons": ["current_change"]}
POWER_MONITOR_RECORD {"timestamp_pacific": "2026-08-02T10:30:03.544-07:00", "status": "ok", "reasons": ["current_change"]}
POWER_MONITOR_RECORD {"timestamp_pacific": "2026-08-02T10:30:04.551-07:00", "status": "ok", "reasons": ["current_change"]}
POWER_MONITOR_RECORD {"timestamp_pacific": "2026-08-02T10:30:05.554-07:00", "status": "ok", "reasons": ["current_change"]}
POWER_MONITOR_RECORD {"timestamp_pacific": "2026-08-02T10:30:06.556-07:00", "status": "ok", "reasons": ["current_change"]}
POWER_MONITOR_RECORD {"timestamp_pacific": "2026-08-02T10:30:07.559-07:00", "status": "ok", "reasons": ["current_change"]}
POWER_MONITOR_RECORD {"timestamp_pacific": "2026-08-02T10:30:13.587-07:00", "status": "ok", "reasons": ["current_change"]}
POWER_MONITOR_RECORD {"timestamp_pacific": "2026-08-02T10:30:15.600-07:00", "status": "ok", "reasons": ["current_change"]}
POWER_MONITOR_RECORD {"timestamp_pacific": "2026-08-02T10:30:18.620-07:00", "status": "ok", "reasons": ["current_change"]}
POWER_MONITOR_RECORD {"timestamp_pacific": "2026-08-02T10:30:19.627-07:00", "status": "ok", "reasons": ["current_change"]}
POWER_MONITOR_RECORD {"timestamp_pacific": "2026-08-02T10:30:20.633-07:00", "status": "ok", "reasons": ["current_change"]}
POWER_MONITOR_RECORD {"timestamp_pacific": "2026-08-02T10:30:21.641-07:00", "status": "ok", "reasons": ["current_change"]}
POWER_MONITOR_RECORD {"timestamp_pacific": "2026-08-02T10:30:22.647-07:00", "status": "ok", "reasons": ["current_change"]}
POWER_MONITOR_RECORD {"timestamp_pacific": "2026-08-02T10:30:23.654-07:00", "status": "ok", "reasons": ["current_change"]}
POWER_MONITOR_RECORD {"timestamp_pacific": "2026-08-02T10:30:24.660-07:00", "status": "ok", "reasons": ["current_change"]}
POWER_MONITOR_RECORD {"timestamp_pacific": "2026-08-02T10:30:28.684-07:00", "status": "ok", "reasons": ["current_change"]}
POWER_MONITOR_RECORD {"timestamp_pacific": "2026-08-02T10:30:29.691-07:00", "status": "ok", "reasons": ["current_change"]}
POWER_MONITOR_RECORD {"timestamp_pacific": "2026-08-02T10:30:32.709-07:00", "status": "ok", "reasons": ["current_change"]}
POWER_MONITOR_RECORD {"timestamp_pacific": "2026-08-02T10:30:34.721-07:00", "status": "ok", "reasons": ["current_change"]}
POWER_MONITOR_RECORD {"timestamp_pacific": "2026-08-02T10:30:36.733-07:00", "status": "ok", "reasons": ["current_change"]}
POWER_MONITOR_RECORD {"timestamp_pacific": "2026-08-02T10:30:41.763-07:00", "status": "ok", "reasons": ["current_change"]}
POWER_MONITOR_RECORD {"timestamp_pacific": "2026-08-02T10:30:42.770-07:00", "status": "ok", "reasons": ["current_change"]}
POWER_MONITOR_RECORD {"timestamp_pacific": "2026-08-02T10:30:49.811-07:00", "status": "ok", "reasons": ["current_change"]}
POWER_MONITOR_RECORD {"timestamp_pacific": "2026-08-02T10:30:50.818-07:00", "status": "ok", "reasons": ["current_change"]}
POWER_MONITOR_RECORD {"timestamp_pacific": "2026-08-02T10:30:54.842-07:00", "status": "ok", "reasons": ["current_change"]}
POWER_MONITOR_RECORD {"timestamp_pacific": "2026-08-02T10:30:55.848-07:00", "status": "ok", "reasons": ["current_change"]}
POWER_MONITOR_RECORD {"timestamp_pacific": "2026-08-02T10:30:59.872-07:00", "status": "ok", "reasons": ["current_change"]}
POWER_MONITOR_RECORD {"timestamp_pacific": "2026-08-02T10:31:00.880-07:00", "status": "ok", "reasons": ["current_change"]}
POWER_MONITOR_RECORD {"timestamp_pacific": "2026-08-02T10:31:01.886-07:00", "status": "ok", "reasons": ["current_change"]}
POWER_MONITOR_RECORD {"timestamp_pacific": "2026-08-02T10:31:02.893-07:00", "status": "ok", "reasons": ["current_change"]}
POWER_MONITOR_RECORD {"timestamp_pacific": "2026-08-02T10:31:17.981-07:00", "status": "ok", "reasons": ["current_change"]}
POWER_MONITOR_RECORD {"timestamp_pacific": "2026-08-02T10:31:18.987-07:00", "status": "ok", "reasons": ["current_change"]}
POWER_MONITOR_RECORD {"timestamp_pacific": "2026-08-02T10:31:22.005-07:00", "status": "ok", "reasons": ["current_change"]}
POWER_MONITOR_RECORD {"timestamp_pacific": "2026-08-02T10:31:23.012-07:00", "status": "ok", "reasons": ["current_change"]}
POWER_MONITOR_RECORD {"timestamp_pacific": "2026-08-02T10:31:24.020-07:00", "status": "ok", "reasons": ["current_change"]}
POWER_MONITOR_RECORD {"timestamp_pacific": "2026-08-02T10:31:25.026-07:00", "status": "ok", "reasons": ["current_change"]}
POWER_MONITOR_RECORD {"timestamp_pacific": "2026-08-02T10:31:26.033-07:00", "status": "ok", "reasons": ["current_change"]}
POWER_MONITOR_RECORD {"timestamp_pacific": "2026-08-02T10:31:27.039-07:00", "status": "ok", "reasons": ["current_change"]}
POWER_MONITOR_RECORD {"timestamp_pacific": "2026-08-02T10:31:29.051-07:00", "status": "ok", "reasons": ["current_change"]}
POWER_MONITOR_RECORD {"timestamp_pacific": "2026-08-02T10:31:30.058-07:00", "status": "ok", "reasons": ["current_change"]}
POWER_MONITOR_RECORD {"timestamp_pacific": "2026-08-02T10:31:33.076-07:00", "status": "ok", "reasons": ["current_change"]}
POWER_MONITOR_RECORD {"timestamp_pacific": "2026-08-02T10:31:37.100-07:00", "status": "ok", "reasons": ["current_change"]}
POWER_MONITOR_RECORD {"timestamp_pacific": "2026-08-02T10:31:38.106-07:00", "status": "ok", "reasons": ["current_change"]}
POWER_MONITOR_RECORD {"timestamp_pacific": "2026-08-02T10:31:42.130-07:00", "status": "ok", "reasons": ["current_change"]}
POWER_MONITOR_RECORD {"timestamp_pacific": "2026-08-02T10:31:43.138-07:00", "status": "ok", "reasons": ["current_change"]}
POWER_MONITOR_RECORD {"timestamp_pacific": "2026-08-02T10:31:51.185-07:00", "status": "ok", "reasons": ["current_change"]}
POWER_MONITOR_RECORD {"timestamp_pacific": "2026-08-02T10:31:53.197-07:00", "status": "ok", "reasons": ["current_change"]}
POWER_MONITOR_RECORD {"timestamp_pacific": "2026-08-02T10:31:54.204-07:00", "status": "ok", "reasons": ["current_change"]}
POWER_MONITOR_RECORD {"timestamp_pacific": "2026-08-02T10:31:58.228-07:00", "status": "ok", "reasons": ["current_change"]}
POWER_MONITOR_RECORD {"timestamp_pacific": "2026-08-02T10:31:59.234-07:00", "status": "ok", "reasons": ["current_change"]}
POWER_MONITOR_RECORD {"timestamp_pacific": "2026-08-02T10:32:00.241-07:00", "status": "ok", "reasons": ["current_change"]}
POWER_MONITOR_RECORD {"timestamp_pacific": "2026-08-02T10:32:01.247-07:00", "status": "ok", "reasons": ["current_change"]}
POWER_MONITOR_RECORD {"timestamp_pacific": "2026-08-02T10:32:02.254-07:00", "status": "ok", "reasons": ["current_change"]}
POWER_MONITOR_RECORD {"timestamp_pacific": "2026-08-02T10:32:03.260-07:00", "status": "ok", "reasons": ["current_change"]}
POWER_MONITOR_RECORD {"timestamp_pacific": "2026-08-02T10:32:04.268-07:00", "status": "ok", "reasons": ["current_change"]}
POWER_MONITOR_RECORD {"timestamp_pacific": "2026-08-02T10:32:09.297-07:00", "status": "ok", "reasons": ["current_change"]}
POWER_MONITOR_RECORD {"timestamp_pacific": "2026-08-02T10:32:10.303-07:00", "status": "ok", "reasons": ["current_change"]}
POWER_MONITOR_RECORD {"timestamp_pacific": "2026-08-02T10:32:14.327-07:00", "status": "ok", "reasons": ["current_change"]}
POWER_MONITOR_RECORD {"timestamp_pacific": "2026-08-02T10:32:15.335-07:00", "status": "ok", "reasons": ["current_change"]}
POWER_MONITOR_RECORD {"timestamp_pacific": "2026-08-02T10:32:16.342-07:00", "status": "ok", "reasons": ["current_change"]}
POWER_MONITOR_RECORD {"timestamp_pacific": "2026-08-02T10:32:18.354-07:00", "status": "ok", "reasons": ["current_change"]}
POWER_MONITOR_RECORD {"timestamp_pacific": "2026-08-02T10:32:21.372-07:00", "status": "ok", "reasons": ["current_change"]}
POWER_MONITOR_RECORD {"timestamp_pacific": "2026-08-02T10:32:22.379-07:00", "status": "ok", "reasons": ["current_change"]}
POWER_MONITOR_RECORD {"timestamp_pacific": "2026-08-02T10:32:26.402-07:00", "status": "ok", "reasons": ["current_change"]}
POWER_MONITOR_RECORD {"timestamp_pacific": "2026-08-02T10:32:27.410-07:00", "status": "ok", "reasons": ["current_change"]}
POWER_MONITOR_RECORD {"timestamp_pacific": "2026-08-02T10:32:37.469-07:00", "status": "ok", "reasons": ["current_change"]}
POWER_MONITOR_RECORD {"timestamp_pacific": "2026-08-02T10:32:38.475-07:00", "status": "ok", "reasons": ["current_change"]}
POWER_MONITOR_RECORD {"timestamp_pacific": "2026-08-02T10:32:39.482-07:00", "status": "ok", "reasons": ["current_change"]}
POWER_MONITOR_RECORD {"timestamp_pacific": "2026-08-02T10:32:41.494-07:00", "status": "ok", "reasons": ["current_change"]}
POWER_MONITOR_RECORD {"timestamp_pacific": "2026-08-02T10:32:42.500-07:00", "status": "ok", "reasons": ["current_change"]}
POWER_MONITOR_RECORD {"timestamp_pacific": "2026-08-02T10:32:43.507-07:00", "status": "ok", "reasons": ["current_change"]}
POWER_MONITOR_RECORD {"timestamp_pacific": "2026-08-02T10:32:44.513-07:00", "status": "ok", "reasons": ["current_change"]}
POWER_MONITOR_RECORD {"timestamp_pacific": "2026-08-02T10:32:45.520-07:00", "status": "ok", "reasons": ["current_change"]}
POWER_MONITOR_RECORD {"timestamp_pacific": "2026-08-02T10:32:46.526-07:00", "status": "ok", "reasons": ["current_change"]}
POWER_MONITOR_RECORD {"timestamp_pacific": "2026-08-02T10:32:47.534-07:00", "status": "ok", "reasons": ["current_change"]}
POWER_MONITOR_RECORD {"timestamp_pacific": "2026-08-02T10:32:50.552-07:00", "status": "ok", "reasons": ["current_change"]}
POWER_MONITOR_RECORD {"timestamp_pacific": "2026-08-02T10:32:51.559-07:00", "status": "ok", "reasons": ["current_change"]}
POWER_MONITOR_RECORD {"timestamp_pacific": "2026-08-02T10:32:55.584-07:00", "status": "ok", "reasons": ["current_change"]}
POWER_MONITOR_RECORD {"timestamp_pacific": "2026-08-02T10:32:56.591-07:00", "status": "ok", "reasons": ["current_change"]}
POWER_MONITOR_RECORD {"timestamp_pacific": "2026-08-02T10:32:57.599-07:00", "status": "ok", "reasons": ["current_change"]}
POWER_MONITOR_RECORD {"timestamp_pacific": "2026-08-02T10:32:58.605-07:00", "status": "ok", "reasons": ["current_change"]}
POWER_MONITOR_RECORD {"timestamp_pacific": "2026-08-02T10:33:01.623-07:00", "status": "ok", "reasons": ["current_change"]}
POWER_MONITOR_RECORD {"timestamp_pacific": "2026-08-02T10:33:02.631-07:00", "status": "ok", "reasons": ["current_change"]}
POWER_MONITOR_RECORD {"timestamp_pacific": "2026-08-02T10:33:13.679-07:00", "status": "ok", "reasons": ["current_change"]}
POWER_MONITOR_RECORD {"timestamp_pacific": "2026-08-02T10:33:15.691-07:00", "status": "ok", "reasons": ["current_change"]}
POWER_MONITOR_RECORD {"timestamp_pacific": "2026-08-02T10:33:16.697-07:00", "status": "ok", "reasons": ["current_change"]}
POWER_MONITOR_RECORD {"timestamp_pacific": "2026-08-02T10:33:17.704-07:00", "status": "ok", "reasons": ["current_change"]}
POWER_MONITOR_RECORD {"timestamp_pacific": "2026-08-02T10:33:20.722-07:00", "status": "ok", "reasons": ["current_change"]}
POWER_MONITOR_RECORD {"timestamp_pacific": "2026-08-02T10:33:21.728-07:00", "status": "ok", "reasons": ["current_change"]}
POWER_MONITOR_RECORD {"timestamp_pacific": "2026-08-02T10:33:22.735-07:00", "status": "ok", "reasons": ["current_change"]}
POWER_MONITOR_RECORD {"timestamp_pacific": "2026-08-02T10:33:26.759-07:00", "status": "ok", "reasons": ["current_change"]}
POWER_MONITOR_RECORD {"timestamp_pacific": "2026-08-02T10:33:27.767-07:00", "status": "ok", "reasons": ["current_change"]}
POWER_MONITOR_RECORD {"timestamp_pacific": "2026-08-02T10:33:29.779-07:00", "status": "ok", "reasons": ["current_change"]}
POWER_MONITOR_RECORD {"timestamp_pacific": "2026-08-02T10:33:30.785-07:00", "status": "ok", "reasons": ["current_change"]}
POWER_MONITOR_RECORD {"timestamp_pacific": "2026-08-02T10:33:34.809-07:00", "status": "ok", "reasons": ["current_change"]}
POWER_MONITOR_RECORD {"timestamp_pacific": "2026-08-02T10:33:41.851-07:00", "status": "ok", "reasons": ["current_change"]}
POWER_MONITOR_RECORD {"timestamp_pacific": "2026-08-02T10:33:43.863-07:00", "status": "ok", "reasons": ["current_change"]}
POWER_MONITOR_RECORD {"timestamp_pacific": "2026-08-02T10:33:44.870-07:00", "status": "ok", "reasons": ["current_change"]}
POWER_MONITOR_RECORD {"timestamp_pacific": "2026-08-02T10:33:46.882-07:00", "status": "ok", "reasons": ["current_change"]}
POWER_MONITOR_RECORD {"timestamp_pacific": "2026-08-02T10:33:48.896-07:00", "status": "ok", "reasons": ["current_change"]}
POWER_MONITOR_RECORD {"timestamp_pacific": "2026-08-02T10:33:51.915-07:00", "status": "ok", "reasons": ["current_change"]}
POWER_MONITOR_RECORD {"timestamp_pacific": "2026-08-02T10:33:52.922-07:00", "status": "ok", "reasons": ["current_change"]}
POWER_MONITOR_RECORD {"timestamp_pacific": "2026-08-02T10:34:00.970-07:00", "status": "ok", "reasons": ["current_change"]}
POWER_MONITOR_RECORD {"timestamp_pacific": "2026-08-02T10:34:01.976-07:00", "status": "ok", "reasons": ["current_change"]}
POWER_MONITOR_RECORD {"timestamp_pacific": "2026-08-02T10:34:04.994-07:00", "status": "ok", "reasons": ["current_change"]}
POWER_MONITOR_RECORD {"timestamp_pacific": "2026-08-02T10:34:06.001-07:00", "status": "ok", "reasons": ["current_change"]}
POWER_MONITOR_RECORD {"timestamp_pacific": "2026-08-02T10:34:07.009-07:00", "status": "ok", "reasons": ["current_change"]}
POWER_MONITOR_RECORD {"timestamp_pacific": "2026-08-02T10:34:12.039-07:00", "status": "ok", "reasons": ["current_change"]}
POWER_MONITOR_RECORD {"timestamp_pacific": "2026-08-02T10:34:13.046-07:00", "status": "ok", "reasons": ["current_change"]}
POWER_MONITOR_RECORD {"timestamp_pacific": "2026-08-02T10:34:17.070-07:00", "status": "ok", "reasons": ["current_change"]}
POWER_MONITOR_RECORD {"timestamp_pacific": "2026-08-02T10:34:18.077-07:00", "status": "ok", "reasons": ["current_change"]}
POWER_MONITOR_RECORD {"timestamp_pacific": "2026-08-02T10:34:20.090-07:00", "status": "ok", "reasons": ["current_change"]}
POWER_MONITOR_RECORD {"timestamp_pacific": "2026-08-02T10:34:21.096-07:00", "status": "ok", "reasons": ["current_change"]}
POWER_MONITOR_RECORD {"timestamp_pacific": "2026-08-02T10:34:22.103-07:00", "status": "ok", "reasons": ["current_change"]}
POWER_MONITOR_RECORD {"timestamp_pacific": "2026-08-02T10:34:23.111-07:00", "status": "ok", "reasons": ["current_change"]}
POWER_MONITOR_RECORD {"timestamp_pacific": "2026-08-02T10:34:25.124-07:00", "status": "ok", "reasons": ["current_change"]}
POWER_MONITOR_RECORD {"timestamp_pacific": "2026-08-02T10:34:30.154-07:00", "status": "ok", "reasons": ["current_change"]}
POWER_MONITOR_RECORD {"timestamp_pacific": "2026-08-02T10:34:33.172-07:00", "status": "ok", "reasons": ["current_change"]}
POWER_MONITOR_RECORD {"timestamp_pacific": "2026-08-02T10:34:35.184-07:00", "status": "ok", "reasons": ["current_change"]}
POWER_MONITOR_RECORD {"timestamp_pacific": "2026-08-02T10:34:36.192-07:00", "status": "ok", "reasons": ["current_change"]}
POWER_MONITOR_RECORD {"timestamp_pacific": "2026-08-02T10:34:37.198-07:00", "status": "ok", "reasons": ["current_change"]}
POWER_MONITOR_RECORD {"timestamp_pacific": "2026-08-02T10:34:38.205-07:00", "status": "ok", "reasons": ["current_change"]}
POWER_MONITOR_RECORD {"timestamp_pacific": "2026-08-02T10:34:40.217-07:00", "status": "ok", "reasons": ["current_change"]}
POWER_MONITOR_RECORD {"timestamp_pacific": "2026-08-02T10:34:41.225-07:00", "status": "ok", "reasons": ["current_change"]}
POWER_MONITOR_RECORD {"timestamp_pacific": "2026-08-02T10:34:44.244-07:00", "status": "ok", "reasons": ["current_change"]}
POWER_MONITOR_RECORD {"timestamp_pacific": "2026-08-02T10:34:45.250-07:00", "status": "ok", "reasons": ["current_change"]}
POWER_MONITOR_RECORD {"timestamp_pacific": "2026-08-02T10:34:49.275-07:00", "status": "ok", "reasons": ["current_change"]}
POWER_MONITOR_RECORD {"timestamp_pacific": "2026-08-02T10:34:50.281-07:00", "status": "ok", "reasons": ["current_change"]}
POWER_MONITOR_RECORD {"timestamp_pacific": "2026-08-02T10:34:56.318-07:00", "status": "ok", "reasons": ["current_change"]}
POWER_MONITOR_RECORD {"timestamp_pacific": "2026-08-02T10:34:57.325-07:00", "status": "ok", "reasons": ["current_change"]}
POWER_MONITOR_RECORD {"timestamp_pacific": "2026-08-02T10:35:01.349-07:00", "status": "ok", "reasons": ["current_change"]}
POWER_MONITOR_RECORD {"timestamp_pacific": "2026-08-02T10:35:02.357-07:00", "status": "ok", "reasons": ["current_change"]}
POWER_MONITOR_RECORD {"timestamp_pacific": "2026-08-02T10:35:07.386-07:00", "status": "ok", "reasons": ["current_change"]}
POWER_MONITOR_RECORD {"timestamp_pacific": "2026-08-02T10:35:09.399-07:00", "status": "ok", "reasons": ["current_change"]}
POWER_MONITOR_RECORD {"timestamp_pacific": "2026-08-02T10:35:11.411-07:00", "status": "ok", "reasons": ["current_change"]}
POWER_MONITOR_RECORD {"timestamp_pacific": "2026-08-02T10:35:12.418-07:00", "status": "ok", "reasons": ["current_change"]}
POWER_MONITOR_RECORD {"timestamp_pacific": "2026-08-02T10:35:13.425-07:00", "status": "ok", "reasons": ["current_change"]}
POWER_MONITOR_RECORD {"timestamp_pacific": "2026-08-02T10:35:15.437-07:00", "status": "ok", "reasons": ["current_change"]}
POWER_MONITOR_RECORD {"timestamp_pacific": "2026-08-02T10:35:16.444-07:00", "status": "ok", "reasons": ["current_change"]}
POWER_MONITOR_RECORD {"timestamp_pacific": "2026-08-02T10:35:19.462-07:00", "status": "ok", "reasons": ["current_change"]}
POWER_MONITOR_RECORD {"timestamp_pacific": "2026-08-02T10:35:20.469-07:00", "status": "ok", "reasons": ["current_change"]}
POWER_MONITOR_RECORD {"timestamp_pacific": "2026-08-02T10:35:21.475-07:00", "status": "ok", "reasons": ["current_change"]}
POWER_MONITOR_RECORD {"timestamp_pacific": "2026-08-02T10:35:25.499-07:00", "status": "ok", "reasons": ["current_change"]}
POWER_MONITOR_RECORD {"timestamp_pacific": "2026-08-02T10:35:26.506-07:00", "status": "ok", "reasons": ["current_change"]}
POWER_MONITOR_RECORD {"timestamp_pacific": "2026-08-02T10:35:27.512-07:00", "status": "ok", "reasons": ["current_change"]}
POWER_MONITOR_RECORD {"timestamp_pacific": "2026-08-02T10:35:28.519-07:00", "status": "ok", "reasons": ["current_change"]}
POWER_MONITOR_RECORD {"timestamp_pacific": "2026-08-02T10:35:29.525-07:00", "status": "ok", "reasons": ["current_change"]}
POWER_MONITOR_RECORD {"timestamp_pacific": "2026-08-02T10:35:31.538-07:00", "status": "ok", "reasons": ["current_change"]}
POWER_MONITOR_RECORD {"timestamp_pacific": "2026-08-02T10:35:35.562-07:00", "status": "ok", "reasons": ["current_change"]}
POWER_MONITOR_RECORD {"timestamp_pacific": "2026-08-02T10:35:36.568-07:00", "status": "ok", "reasons": ["current_change"]}
POWER_MONITOR_RECORD {"timestamp_pacific": "2026-08-02T10:35:37.575-07:00", "status": "ok", "reasons": ["current_change"]}
POWER_MONITOR_RECORD {"timestamp_pacific": "2026-08-02T10:35:38.581-07:00", "status": "ok", "reasons": ["current_change"]}
POWER_MONITOR_RECORD {"timestamp_pacific": "2026-08-02T10:35:40.593-07:00", "status": "ok", "reasons": ["current_change"]}
POWER_MONITOR_RECORD {"timestamp_pacific": "2026-08-02T10:35:43.611-07:00", "status": "ok", "reasons": ["current_change"]}
POWER_MONITOR_RECORD {"timestamp_pacific": "2026-08-02T10:35:46.629-07:00", "status": "ok", "reasons": ["current_change"]}
POWER_MONITOR_RECORD {"timestamp_pacific": "2026-08-02T10:35:48.642-07:00", "status": "ok", "reasons": ["current_change"]}
POWER_MONITOR_RECORD {"timestamp_pacific": "2026-08-02T10:35:49.649-07:00", "status": "ok", "reasons": ["current_change"]}
POWER_MONITOR_RECORD {"timestamp_pacific": "2026-08-02T10:35:51.662-07:00", "status": "ok", "reasons": ["current_change"]}
POWER_MONITOR_RECORD {"timestamp_pacific": "2026-08-02T10:35:52.668-07:00", "status": "ok", "reasons": ["current_change"]}
POWER_MONITOR_RECORD {"timestamp_pacific": "2026-08-02T10:35:56.692-07:00", "status": "ok", "reasons": ["current_change"]}
POWER_MONITOR_RECORD {"timestamp_pacific": "2026-08-02T10:35:57.698-07:00", "status": "ok", "reasons": ["current_change"]}
POWER_MONITOR_RECORD {"timestamp_pacific": "2026-08-02T10:35:58.705-07:00", "status": "ok", "reasons": ["current_change"]}
POWER_MONITOR_RECORD {"timestamp_pacific": "2026-08-02T10:36:05.746-07:00", "status": "ok", "reasons": ["current_change"]}
POWER_MONITOR_RECORD {"timestamp_pacific": "2026-08-02T10:36:06.753-07:00", "status": "ok", "reasons": ["current_change"]}
POWER_MONITOR_RECORD {"timestamp_pacific": "2026-08-02T10:36:07.759-07:00", "status": "ok", "reasons": ["current_change"]}
POWER_MONITOR_RECORD {"timestamp_pacific": "2026-08-02T10:36:11.783-07:00", "status": "ok", "reasons": ["current_change"]}
POWER_MONITOR_RECORD {"timestamp_pacific": "2026-08-02T10:36:12.792-07:00", "status": "ok", "reasons": ["current_change"]}
POWER_MONITOR_RECORD {"timestamp_pacific": "2026-08-02T10:36:21.845-07:00", "status": "ok", "reasons": ["current_change"]}
POWER_MONITOR_RECORD {"timestamp_pacific": "2026-08-02T10:36:22.851-07:00", "status": "ok", "reasons": ["current_change"]}
POWER_MONITOR_RECORD {"timestamp_pacific": "2026-08-02T10:36:23.858-07:00", "status": "ok", "reasons": ["current_change"]}
POWER_MONITOR_RECORD {"timestamp_pacific": "2026-08-02T10:36:24.864-07:00", "status": "ok", "reasons": ["current_change"]}
POWER_MONITOR_RECORD {"timestamp_pacific": "2026-08-02T10:36:25.871-07:00", "status": "ok", "reasons": ["current_change"]}
POWER_MONITOR_RECORD {"timestamp_pacific": "2026-08-02T10:36:27.883-07:00", "status": "ok", "reasons": ["current_change"]}
POWER_MONITOR_RECORD {"timestamp_pacific": "2026-08-02T10:36:28.891-07:00", "status": "ok", "reasons": ["current_change"]}
POWER_MONITOR_RECORD {"timestamp_pacific": "2026-08-02T10:36:32.915-07:00", "status": "ok", "reasons": ["current_change"]}
POWER_MONITOR_RECORD {"timestamp_pacific": "2026-08-02T10:36:33.922-07:00", "status": "ok", "reasons": ["current_change"]}
POWER_MONITOR_RECORD {"timestamp_pacific": "2026-08-02T10:36:34.929-07:00", "status": "ok", "reasons": ["current_change"]}
POWER_MONITOR_RECORD {"timestamp_pacific": "2026-08-02T10:36:35.935-07:00", "status": "ok", "reasons": ["current_change"]}
POWER_MONITOR_RECORD {"timestamp_pacific": "2026-08-02T10:36:37.948-07:00", "status": "ok", "reasons": ["current_change"]}
POWER_MONITOR_RECORD {"timestamp_pacific": "2026-08-02T10:36:38.954-07:00", "status": "ok", "reasons": ["current_change"]}
POWER_MONITOR_RECORD {"timestamp_pacific": "2026-08-02T10:36:39.961-07:00", "status": "ok", "reasons": ["current_change"]}
POWER_MONITOR_RECORD {"timestamp_pacific": "2026-08-02T10:36:41.973-07:00", "status": "ok", "reasons": ["current_change"]}
POWER_MONITOR_RECORD {"timestamp_pacific": "2026-08-02T10:36:42.981-07:00", "status": "ok", "reasons": ["current_change"]}
POWER_MONITOR_RECORD {"timestamp_pacific": "2026-08-02T10:36:43.987-07:00", "status": "ok", "reasons": ["current_change"]}
POWER_MONITOR_RECORD {"timestamp_pacific": "2026-08-02T10:36:44.994-07:00", "status": "ok", "reasons": ["current_change"]}
POWER_MONITOR_RECORD {"timestamp_pacific": "2026-08-02T10:36:53.041-07:00", "status": "ok", "reasons": ["current_change"]}
POWER_MONITOR_RECORD {"timestamp_pacific": "2026-08-02T10:36:54.047-07:00", "status": "ok", "reasons": ["current_change"]}
POWER_MONITOR_RECORD {"timestamp_pacific": "2026-08-02T10:36:56.060-07:00", "status": "ok", "reasons": ["current_change"]}
POWER_MONITOR_RECORD {"timestamp_pacific": "2026-08-02T10:36:57.066-07:00", "status": "ok", "reasons": ["current_change"]}
POWER_MONITOR_RECORD {"timestamp_pacific": "2026-08-02T10:36:58.073-07:00", "status": "ok", "reasons": ["current_change"]}
POWER_MONITOR_RECORD {"timestamp_pacific": "2026-08-02T10:37:05.114-07:00", "status": "ok", "reasons": ["current_change"]}
POWER_MONITOR_RECORD {"timestamp_pacific": "2026-08-02T10:37:06.121-07:00", "status": "ok", "reasons": ["current_change"]}
POWER_MONITOR_RECORD {"timestamp_pacific": "2026-08-02T10:37:07.127-07:00", "status": "ok", "reasons": ["current_change"]}
POWER_MONITOR_RECORD {"timestamp_pacific": "2026-08-02T10:37:08.134-07:00", "status": "ok", "reasons": ["current_change"]}
POWER_MONITOR_RECORD {"timestamp_pacific": "2026-08-02T10:37:09.140-07:00", "status": "ok", "reasons": ["current_change"]}
POWER_MONITOR_RECORD {"timestamp_pacific": "2026-08-02T10:37:10.147-07:00", "status": "ok", "reasons": ["current_change"]}
POWER_MONITOR_RECORD {"timestamp_pacific": "2026-08-02T10:37:12.161-07:00", "status": "ok", "reasons": ["current_change"]}
POWER_MONITOR_RECORD {"timestamp_pacific": "2026-08-02T10:37:13.167-07:00", "status": "ok", "reasons": ["current_change"]}
POWER_MONITOR_RECORD {"timestamp_pacific": "2026-08-02T10:37:14.174-07:00", "status": "ok", "reasons": ["current_change"]}
POWER_MONITOR_RECORD {"timestamp_pacific": "2026-08-02T10:37:15.180-07:00", "status": "ok", "reasons": ["current_change"]}
POWER_MONITOR_RECORD {"timestamp_pacific": "2026-08-02T10:37:18.199-07:00", "status": "ok", "reasons": ["current_change"]}
POWER_MONITOR_RECORD {"timestamp_pacific": "2026-08-02T10:37:23.229-07:00", "status": "ok", "reasons": ["current_change"]}
POWER_MONITOR_RECORD {"timestamp_pacific": "2026-08-02T10:37:24.236-07:00", "status": "ok", "reasons": ["current_change"]}
POWER_MONITOR_RECORD {"timestamp_pacific": "2026-08-02T10:37:26.248-07:00", "status": "ok", "reasons": ["current_change"]}
POWER_MONITOR_RECORD {"timestamp_pacific": "2026-08-02T10:37:27.254-07:00", "status": "ok", "reasons": ["current_change"]}
POWER_MONITOR_RECORD {"timestamp_pacific": "2026-08-02T10:37:32.284-07:00", "status": "ok", "reasons": ["current_change"]}
POWER_MONITOR_RECORD {"timestamp_pacific": "2026-08-02T10:37:33.291-07:00", "status": "ok", "reasons": ["current_change"]}
POWER_MONITOR_RECORD {"timestamp_pacific": "2026-08-02T10:37:34.297-07:00", "status": "ok", "reasons": ["current_change"]}
POWER_MONITOR_RECORD {"timestamp_pacific": "2026-08-02T10:37:35.303-07:00", "status": "ok", "reasons": ["current_change"]}
POWER_MONITOR_RECORD {"timestamp_pacific": "2026-08-02T10:37:36.310-07:00", "status": "ok", "reasons": ["current_change"]}
POWER_MONITOR_RECORD {"timestamp_pacific": "2026-08-02T10:37:38.322-07:00", "status": "ok", "reasons": ["current_change"]}
POWER_MONITOR_RECORD {"timestamp_pacific": "2026-08-02T10:37:39.329-07:00", "status": "ok", "reasons": ["current_change"]}
POWER_MONITOR_RECORD {"timestamp_pacific": "2026-08-02T10:37:51.399-07:00", "status": "ok", "reasons": ["current_change"]}
POWER_MONITOR_RECORD {"timestamp_pacific": "2026-08-02T10:37:52.406-07:00", "status": "ok", "reasons": ["current_change"]}
POWER_MONITOR_RECORD {"timestamp_pacific": "2026-08-02T10:37:55.424-07:00", "status": "ok", "reasons": ["current_change"]}
POWER_MONITOR_RECORD {"timestamp_pacific": "2026-08-02T10:37:58.442-07:00", "status": "ok", "reasons": ["current_change"]}
POWER_MONITOR_RECORD {"timestamp_pacific": "2026-08-02T10:37:59.448-07:00", "status": "ok", "reasons": ["current_change"]}
POWER_MONITOR_RECORD {"timestamp_pacific": "2026-08-02T10:38:03.473-07:00", "status": "ok", "reasons": ["current_change"]}
POWER_MONITOR_RECORD {"timestamp_pacific": "2026-08-02T10:38:04.481-07:00", "status": "ok", "reasons": ["current_change"]}
POWER_MONITOR_RECORD {"timestamp_pacific": "2026-08-02T10:38:07.488-07:00", "status": "ok", "reasons": ["current_change"]}
POWER_MONITOR_RECORD {"timestamp_pacific": "2026-08-02T10:38:08.491-07:00", "status": "ok", "reasons": ["current_change"]}
POWER_MONITOR_RECORD {"timestamp_pacific": "2026-08-02T10:38:12.512-07:00", "status": "ok", "reasons": ["current_change"]}
POWER_MONITOR_RECORD {"timestamp_pacific": "2026-08-02T10:38:13.519-07:00", "status": "ok", "reasons": ["current_change"]}
POWER_MONITOR_RECORD {"timestamp_pacific": "2026-08-02T10:38:14.526-07:00", "status": "ok", "reasons": ["current_change"]}
POWER_MONITOR_RECORD {"timestamp_pacific": "2026-08-02T10:38:15.532-07:00", "status": "ok", "reasons": ["current_change"]}
POWER_MONITOR_RECORD {"timestamp_pacific": "2026-08-02T10:38:16.539-07:00", "status": "ok", "reasons": ["current_change"]}
POWER_MONITOR_RECORD {"timestamp_pacific": "2026-08-02T10:38:17.545-07:00", "status": "ok", "reasons": ["current_change"]}
POWER_MONITOR_RECORD {"timestamp_pacific": "2026-08-02T10:38:21.569-07:00", "status": "ok", "reasons": ["current_change"]}
POWER_MONITOR_RECORD {"timestamp_pacific": "2026-08-02T10:38:22.576-07:00", "status": "ok", "reasons": ["current_change"]}
POWER_MONITOR_RECORD {"timestamp_pacific": "2026-08-02T10:38:24.588-07:00", "status": "ok", "reasons": ["current_change"]}
POWER_MONITOR_RECORD {"timestamp_pacific": "2026-08-02T10:38:25.594-07:00", "status": "ok", "reasons": ["current_change"]}
POWER_MONITOR_RECORD {"timestamp_pacific": "2026-08-02T10:38:29.618-07:00", "status": "ok", "reasons": ["current_change"]}
POWER_MONITOR_RECORD {"timestamp_pacific": "2026-08-02T10:38:30.625-07:00", "status": "ok", "reasons": ["current_change"]}
POWER_MONITOR_RECORD {"timestamp_pacific": "2026-08-02T10:38:31.631-07:00", "status": "ok", "reasons": ["current_change"]}
POWER_MONITOR_RECORD {"timestamp_pacific": "2026-08-02T10:38:42.696-07:00", "status": "ok", "reasons": ["current_change"]}
POWER_MONITOR_RECORD {"timestamp_pacific": "2026-08-02T10:38:43.705-07:00", "status": "ok", "reasons": ["current_change"]}
POWER_MONITOR_RECORD {"timestamp_pacific": "2026-08-02T10:38:45.717-07:00", "status": "ok", "reasons": ["current_change"]}
POWER_MONITOR_RECORD {"timestamp_pacific": "2026-08-02T10:38:47.729-07:00", "status": "ok", "reasons": ["current_change"]}
POWER_MONITOR_RECORD {"timestamp_pacific": "2026-08-02T10:38:48.737-07:00", "status": "ok", "reasons": ["current_change"]}
POWER_MONITOR_RECORD {"timestamp_pacific": "2026-08-02T10:38:50.749-07:00", "status": "ok", "reasons": ["current_change"]}
POWER_MONITOR_RECORD {"timestamp_pacific": "2026-08-02T10:38:52.762-07:00", "status": "ok", "reasons": ["current_change"]}
POWER_MONITOR_RECORD {"timestamp_pacific": "2026-08-02T10:38:53.769-07:00", "status": "ok", "reasons": ["current_change"]}
POWER_MONITOR_RECORD {"timestamp_pacific": "2026-08-02T10:38:55.782-07:00", "status": "ok", "reasons": ["current_change"]}
POWER_MONITOR_RECORD {"timestamp_pacific": "2026-08-02T10:38:56.788-07:00", "status": "ok", "reasons": ["current_change"]}
POWER_MONITOR_RECORD {"timestamp_pacific": "2026-08-02T10:38:59.806-07:00", "status": "ok", "reasons": ["current_change"]}
POWER_MONITOR_RECORD {"timestamp_pacific": "2026-08-02T10:39:00.813-07:00", "status": "ok", "reasons": ["current_change"]}
POWER_MONITOR_RECORD {"timestamp_pacific": "2026-08-02T10:39:03.831-07:00", "status": "ok", "reasons": ["current_change"]}
POWER_MONITOR_RECORD {"timestamp_pacific": "2026-08-02T10:39:05.839-07:00", "status": "ok", "reasons": ["current_change"]}
POWER_MONITOR_RECORD {"timestamp_pacific": "2026-08-02T10:39:06.842-07:00", "status": "ok", "reasons": ["current_change"]}
POWER_MONITOR_RECORD {"timestamp_pacific": "2026-08-02T10:39:11.861-07:00", "status": "ok", "reasons": ["current_change", "power_change"]}
POWER_MONITOR_RECORD {"timestamp_pacific": "2026-08-02T10:39:12.868-07:00", "status": "ok", "reasons": ["current_change"]}
POWER_MONITOR_RECORD {"timestamp_pacific": "2026-08-02T10:39:17.897-07:00", "status": "ok", "reasons": ["current_change"]}
POWER_MONITOR_RECORD {"timestamp_pacific": "2026-08-02T10:39:20.917-07:00", "status": "ok", "reasons": ["current_change"]}
POWER_MONITOR_RECORD {"timestamp_pacific": "2026-08-02T10:39:22.929-07:00", "status": "ok", "reasons": ["current_change"]}
POWER_MONITOR_RECORD {"timestamp_pacific": "2026-08-02T10:39:24.943-07:00", "status": "ok", "reasons": ["current_change"]}
POWER_MONITOR_RECORD {"timestamp_pacific": "2026-08-02T10:39:29.973-07:00", "status": "ok", "reasons": ["current_change"]}
POWER_MONITOR_RECORD {"timestamp_pacific": "2026-08-02T10:39:32.991-07:00", "status": "ok", "reasons": ["current_change"]}
POWER_MONITOR_RECORD {"timestamp_pacific": "2026-08-02T10:39:35.003-07:00", "status": "ok", "reasons": ["current_change"]}
POWER_MONITOR_RECORD {"timestamp_pacific": "2026-08-02T10:39:38.024-07:00", "status": "ok", "reasons": ["current_change"]}
POWER_MONITOR_RECORD {"timestamp_pacific": "2026-08-02T10:39:40.036-07:00", "status": "ok", "reasons": ["current_change"]}
POWER_MONITOR_RECORD {"timestamp_pacific": "2026-08-02T10:39:41.044-07:00", "status": "ok", "reasons": ["current_change"]}
POWER_MONITOR_RECORD {"timestamp_pacific": "2026-08-02T10:39:43.056-07:00", "status": "ok", "reasons": ["current_change"]}
POWER_MONITOR_RECORD {"timestamp_pacific": "2026-08-02T10:39:46.074-07:00", "status": "ok", "reasons": ["current_change"]}
POWER_MONITOR_RECORD {"timestamp_pacific": "2026-08-02T10:39:48.087-07:00", "status": "ok", "reasons": ["current_change"]}
POWER_MONITOR_RECORD {"timestamp_pacific": "2026-08-02T10:39:49.093-07:00", "status": "ok", "reasons": ["current_change"]}
POWER_MONITOR_RECORD {"timestamp_pacific": "2026-08-02T10:39:51.105-07:00", "status": "ok", "reasons": ["current_change"]}
POWER_MONITOR_RECORD {"timestamp_pacific": "2026-08-02T10:39:53.120-07:00", "status": "ok", "reasons": ["current_change"]}
POWER_MONITOR_RECORD {"timestamp_pacific": "2026-08-02T10:39:56.138-07:00", "status": "ok", "reasons": ["current_change"]}
POWER_MONITOR_RECORD {"timestamp_pacific": "2026-08-02T10:39:58.151-07:00", "status": "ok", "reasons": ["current_change"]}
POWER_MONITOR_RECORD {"timestamp_pacific": "2026-08-02T10:40:00.164-07:00", "status": "ok", "reasons": ["current_change"]}
POWER_MONITOR_RECORD {"timestamp_pacific": "2026-08-02T10:40:01.170-07:00", "status": "ok", "reasons": ["current_change"]}
POWER_MONITOR_RECORD {"timestamp_pacific": "2026-08-02T10:40:18.270-07:00", "status": "ok", "reasons": ["current_change"]}
POWER_MONITOR_RECORD {"timestamp_pacific": "2026-08-02T10:40:19.276-07:00", "status": "ok", "reasons": ["current_change"]}
POWER_MONITOR_RECORD {"timestamp_pacific": "2026-08-02T10:40:28.329-07:00", "status": "ok", "reasons": ["current_change", "heater_off"]}
POWER_MONITOR_RECORD {"timestamp_pacific": "2026-08-02T10:41:28.661-07:00", "status": "ok", "reasons": ["heartbeat"]}
POWER_MONITOR_RECORD {"timestamp_pacific": "2026-08-02T10:42:29.009-07:00", "status": "ok", "reasons": ["heartbeat"]}
POWER_MONITOR_RECORD {"timestamp_pacific": "2026-08-02T10:43:29.354-07:00", "status": "ok", "reasons": ["heartbeat"]}
POWER_MONITOR_RECORD {"timestamp_pacific": "2026-08-02T10:44:29.685-07:00", "status": "ok", "reasons": ["heartbeat"]}
POWER_MONITOR_RECORD {"timestamp_pacific": "2026-08-02T10:45:30.015-07:00", "status": "ok", "reasons": ["heartbeat"]}
POWER_MONITOR_RECORD {"timestamp_pacific": "2026-08-02T10:46:30.359-07:00", "status": "ok", "reasons": ["heartbeat"]}
POWER_MONITOR_RECORD {"timestamp_pacific": "2026-08-02T10:47:30.689-07:00", "status": "ok", "reasons": ["heartbeat"]}
POWER_MONITOR_RECORD {"timestamp_pacific": "2026-08-02T10:48:31.036-07:00", "status": "ok", "reasons": ["heartbeat"]}
POWER_MONITOR_RECORD {"timestamp_pacific": "2026-08-02T10:49:31.380-07:00", "status": "ok", "reasons": ["heartbeat"]}
POWER_MONITOR_RECORD {"timestamp_pacific": "2026-08-02T10:50:31.710-07:00", "status": "ok", "reasons": ["heartbeat"]}
POWER_MONITOR_RECORD {"timestamp_pacific": "2026-08-02T10:51:32.057-07:00", "status": "ok", "reasons": ["heartbeat"]}
POWER_MONITOR_RECORD {"timestamp_pacific": "2026-08-02T10:52:32.402-07:00", "status": "ok", "reasons": ["heartbeat"]}
POWER_MONITOR_RECORD {"timestamp_pacific": "2026-08-02T10:53:32.732-07:00", "status": "ok", "reasons": ["heartbeat"]}
POWER_MONITOR_RECORD {"timestamp_pacific": "2026-08-02T10:54:33.079-07:00", "status": "ok", "reasons": ["heartbeat"]}
POWER_MONITOR_RECORD {"timestamp_pacific": "2026-08-02T10:55:33.409-07:00", "status": "ok", "reasons": ["heartbeat"]}
POWER_MONITOR_RECORD {"timestamp_pacific": "2026-08-02T10:56:33.741-07:00", "status": "ok", "reasons": ["heartbeat"]}
POWER_MONITOR_RECORD {"timestamp_pacific": "2026-08-02T10:57:34.041-07:00", "status": "ok", "reasons": ["heartbeat"]}
POWER_MONITOR_RECORD {"timestamp_pacific": "2026-08-02T10:58:34.371-07:00", "status": "ok", "reasons": ["heartbeat"]}
POWER_MONITOR_RECORD {"timestamp_pacific": "2026-08-02T10:59:34.719-07:00", "status": "ok", "reasons": ["heartbeat"]}
POWER_MONITOR_RECORD {"timestamp_pacific": "2026-08-02T11:00:35.050-07:00", "status": "ok", "reasons": ["heartbeat"]}
POWER_MONITOR_RECORD {"timestamp_pacific": "2026-08-02T11:01:35.381-07:00", "status": "ok", "reasons": ["heartbeat"]}
POWER_MONITOR_RECORD {"timestamp_pacific": "2026-08-02T11:02:35.712-07:00", "status": "ok", "reasons": ["heartbeat"]}
POWER_MONITOR_RECORD {"timestamp_pacific": "2026-08-02T11:03:36.061-07:00", "status": "ok", "reasons": ["heartbeat"]}
POWER_MONITOR_RECORD {"timestamp_pacific": "2026-08-02T11:04:36.408-07:00", "status": "ok", "reasons": ["heartbeat"]}
POWER_MONITOR_RECORD {"timestamp_pacific": "2026-08-02T11:05:36.740-07:00", "status": "ok", "reasons": ["heartbeat"]}
POWER_MONITOR_RECORD {"timestamp_pacific": "2026-08-02T11:06:37.088-07:00", "status": "ok", "reasons": ["heartbeat"]}
POWER_MONITOR_RECORD {"timestamp_pacific": "2026-08-02T11:07:37.421-07:00", "status": "ok", "reasons": ["heartbeat"]}
POWER_MONITOR_RECORD {"timestamp_pacific": "2026-08-02T11:08:37.770-07:00", "status": "ok", "reasons": ["heartbeat"]}
POWER_MONITOR_RECORD {"timestamp_pacific": "2026-08-02T11:09:38.101-07:00", "status": "ok", "reasons": ["heartbeat"]}
POWER_MONITOR_RECORD {"timestamp_pacific": "2026-08-02T11:10:38.432-07:00", "status": "ok", "reasons": ["heartbeat"]}
POWER_MONITOR_RECORD {"timestamp_pacific": "2026-08-02T11:11:38.781-07:00", "status": "ok", "reasons": ["heartbeat"]}
POWER_MONITOR_RECORD {"timestamp_pacific": "2026-08-02T11:12:39.131-07:00", "status": "ok", "reasons": ["heartbeat"]}
POWER_MONITOR_RECORD {"timestamp_pacific": "2026-08-02T11:13:39.463-07:00", "status": "ok", "reasons": ["heartbeat"]}
POWER_MONITOR_RECORD {"timestamp_pacific": "2026-08-02T11:14:39.812-07:00", "status": "ok", "reasons": ["heartbeat"]}
POWER_MONITOR_RECORD {"timestamp_pacific": "2026-08-02T11:15:40.145-07:00", "status": "ok", "reasons": ["heartbeat"]}
POWER_MONITOR_RECORD {"timestamp_pacific": "2026-08-02T11:16:40.460-07:00", "status": "ok", "reasons": ["heartbeat"]}
POWER_MONITOR_RECORD {"timestamp_pacific": "2026-08-02T11:17:40.791-07:00", "status": "ok", "reasons": ["heartbeat"]}
POWER_MONITOR_RECORD {"timestamp_pacific": "2026-08-02T11:18:41.123-07:00", "status": "ok", "reasons": ["heartbeat"]}
POWER_MONITOR_RECORD {"timestamp_pacific": "2026-08-02T11:19:41.456-07:00", "status": "ok", "reasons": ["heartbeat"]}
POWER_MONITOR_RECORD {"timestamp_pacific": "2026-08-02T11:20:41.805-07:00", "status": "ok", "reasons": ["heartbeat"]}
POWER_MONITOR_RECORD {"timestamp_pacific": "2026-08-02T11:21:42.153-07:00", "status": "ok", "reasons": ["heartbeat"]}
POWER_MONITOR_RECORD {"timestamp_pacific": "2026-08-02T11:22:42.502-07:00", "status": "ok", "reasons": ["heartbeat"]}
POWER_MONITOR_RECORD {"timestamp_pacific": "2026-08-02T11:23:42.835-07:00", "status": "ok", "reasons": ["heartbeat"]}
POWER_MONITOR_RECORD {"timestamp_pacific": "2026-08-02T11:24:43.182-07:00", "status": "ok", "reasons": ["heartbeat"]}
POWER_MONITOR_RECORD {"timestamp_pacific": "2026-08-02T11:25:43.529-07:00", "status": "ok", "reasons": ["heartbeat"]}
POWER_MONITOR_RECORD {"timestamp_pacific": "2026-08-02T11:26:43.861-07:00", "status": "ok", "reasons": ["heartbeat"]}
POWER_MONITOR_RECORD {"timestamp_pacific": "2026-08-02T11:27:44.209-07:00", "status": "ok", "reasons": ["heartbeat"]}
POWER_MONITOR_RECORD {"timestamp_pacific": "2026-08-02T11:28:44.559-07:00", "status": "ok", "reasons": ["heartbeat"]}
POWER_MONITOR_RECORD {"timestamp_pacific": "2026-08-02T11:29:44.907-07:00", "status": "ok", "reasons": ["heartbeat"]}
POWER_MONITOR_RECORD {"timestamp_pacific": "2026-08-02T11:30:45.254-07:00", "status": "ok", "reasons": ["heartbeat"]}
POWER_MONITOR_RECORD {"timestamp_pacific": "2026-08-02T11:31:45.585-07:00", "status": "ok", "reasons": ["heartbeat"]}
POWER_MONITOR_RECORD {"timestamp_pacific": "2026-08-02T11:32:45.934-07:00", "status": "ok", "reasons": ["heartbeat"]}
POWER_MONITOR_RECORD {"timestamp_pacific": "2026-08-02T11:33:46.282-07:00", "status": "ok", "reasons": ["heartbeat"]}
POWER_MONITOR_RECORD {"timestamp_pacific": "2026-08-02T11:34:46.631-07:00", "status": "ok", "reasons": ["heartbeat"]}
POWER_MONITOR_RECORD {"timestamp_pacific": "2026-08-02T11:35:46.980-07:00", "status": "ok", "reasons": ["heartbeat"]}
POWER_MONITOR_RECORD {"timestamp_pacific": "2026-08-02T11:36:47.310-07:00", "status": "ok", "reasons": ["heartbeat"]}
POWER_MONITOR_RECORD {"timestamp_pacific": "2026-08-02T11:37:47.659-07:00", "status": "ok", "reasons": ["heartbeat"]}
POWER_MONITOR_RECORD {"timestamp_pacific": "2026-08-02T11:38:48.008-07:00", "status": "ok", "reasons": ["heartbeat"]}
POWER_MONITOR_RECORD {"timestamp_pacific": "2026-08-02T11:39:48.354-07:00", "status": "ok", "reasons": ["heartbeat"]}
POWER_MONITOR_RECORD {"timestamp_pacific": "2026-08-02T11:40:48.703-07:00", "status": "ok", "reasons": ["heartbeat"]}
POWER_MONITOR_RECORD {"timestamp_pacific": "2026-08-02T11:41:49.035-07:00", "status": "ok", "reasons": ["heartbeat"]}
POWER_MONITOR_RECORD {"timestamp_pacific": "2026-08-02T11:42:49.366-07:00", "status": "ok", "reasons": ["heartbeat"]}
POWER_MONITOR_RECORD {"timestamp_pacific": "2026-08-02T11:43:49.715-07:00", "status": "ok", "reasons": ["heartbeat"]}
POWER_MONITOR_RECORD {"timestamp_pacific": "2026-08-02T11:44:50.048-07:00", "status": "ok", "reasons": ["heartbeat"]}
POWER_MONITOR_RECORD {"timestamp_pacific": "2026-08-02T11:45:50.395-07:00", "status": "ok", "reasons": ["heartbeat"]}
POWER_MONITOR_RECORD {"timestamp_pacific": "2026-08-02T11:46:50.727-07:00", "status": "ok", "reasons": ["heartbeat"]}
POWER_MONITOR_RECORD {"timestamp_pacific": "2026-08-02T11:47:51.077-07:00", "status": "ok", "reasons": ["heartbeat"]}
POWER_MONITOR_RECORD {"timestamp_pacific": "2026-08-02T11:48:51.424-07:00", "status": "ok", "reasons": ["heartbeat"]}
POWER_MONITOR_RECORD {"timestamp_pacific": "2026-08-02T11:49:51.774-07:00", "status": "ok", "reasons": ["heartbeat"]}
POWER_MONITOR_RECORD {"timestamp_pacific": "2026-08-02T11:50:52.124-07:00", "status": "ok", "reasons": ["heartbeat"]}
POWER_MONITOR_RECORD {"timestamp_pacific": "2026-08-02T11:51:52.456-07:00", "status": "ok", "reasons": ["heartbeat"]}
POWER_MONITOR_RECORD {"timestamp_pacific": "2026-08-02T11:52:52.806-07:00", "status": "ok", "reasons": ["heartbeat"]}
POWER_MONITOR_RECORD {"timestamp_pacific": "2026-08-02T11:53:53.138-07:00", "status": "ok", "reasons": ["heartbeat"]}
POWER_MONITOR_RECORD {"timestamp_pacific": "2026-08-02T11:54:53.471-07:00", "status": "ok", "reasons": ["heartbeat"]}
POWER_MONITOR_RECORD {"timestamp_pacific": "2026-08-02T11:55:53.821-07:00", "status": "ok", "reasons": ["heartbeat"]}
POWER_MONITOR_RECORD {"timestamp_pacific": "2026-08-02T11:56:54.155-07:00", "status": "ok", "reasons": ["heartbeat"]}
POWER_MONITOR_RECORD {"timestamp_pacific": "2026-08-02T11:57:54.504-07:00", "status": "ok", "reasons": ["heartbeat"]}
POWER_MONITOR_RECORD {"timestamp_pacific": "2026-08-02T11:58:54.854-07:00", "status": "ok", "reasons": ["heartbeat"]}
POWER_MONITOR_RECORD {"timestamp_pacific": "2026-08-02T11:59:55.204-07:00", "status": "ok", "reasons": ["heartbeat"]}
POWER_MONITOR_RECORD {"timestamp_pacific": "2026-08-02T12:00:55.553-07:00", "status": "ok", "reasons": ["heartbeat"]}
POWER_MONITOR_RECORD {"timestamp_pacific": "2026-08-02T12:01:55.867-07:00", "status": "ok", "reasons": ["heartbeat"]}
POWER_MONITOR_RECORD {"timestamp_pacific": "2026-08-02T12:02:56.217-07:00", "status": "ok", "reasons": ["heartbeat"]}
POWER_MONITOR_RECORD {"timestamp_pacific": "2026-08-02T12:03:56.548-07:00", "status": "ok", "reasons": ["heartbeat"]}
POWER_MONITOR_RECORD {"timestamp_pacific": "2026-08-02T12:04:56.879-07:00", "status": "ok", "reasons": ["heartbeat"]}
POWER_MONITOR_RECORD {"timestamp_pacific": "2026-08-02T12:05:57.226-07:00", "status": "ok", "reasons": ["heartbeat"]}
POWER_MONITOR_RECORD {"timestamp_pacific": "2026-08-02T12:06:57.556-07:00", "status": "ok", "reasons": ["heartbeat"]}
POWER_MONITOR_RECORD {"timestamp_pacific": "2026-08-02T12:07:57.904-07:00", "status": "ok", "reasons": ["heartbeat"]}
POWER_MONITOR_RECORD {"timestamp_pacific": "2026-08-02T12:08:58.235-07:00", "status": "ok", "reasons": ["heartbeat"]}
POWER_MONITOR_RECORD {"timestamp_pacific": "2026-08-02T12:09:58.553-07:00", "status": "ok", "reasons": ["heartbeat"]}
POWER_MONITOR_RECORD {"timestamp_pacific": "2026-08-02T12:10:58.903-07:00", "status": "ok", "reasons": ["heartbeat"]}
POWER_MONITOR_RECORD {"timestamp_pacific": "2026-08-02T12:11:59.259-07:00", "status": "ok", "reasons": ["heartbeat"]}
POWER_MONITOR_RECORD {"timestamp_pacific": "2026-08-02T12:12:59.590-07:00", "status": "ok", "reasons": ["heartbeat"]}
POWER_MONITOR_RECORD {"timestamp_pacific": "2026-08-02T12:13:59.921-07:00", "status": "ok", "reasons": ["heartbeat"]}
POWER_MONITOR_RECORD {"timestamp_pacific": "2026-08-02T12:15:00.252-07:00", "status": "ok", "reasons": ["heartbeat"]}
POWER_MONITOR_RECORD {"timestamp_pacific": "2026-08-02T12:16:00.583-07:00", "status": "ok", "reasons": ["heartbeat"]}
POWER_MONITOR_RECORD {"timestamp_pacific": "2026-08-02T12:17:00.915-07:00", "status": "ok", "reasons": ["heartbeat"]}
POWER_MONITOR_RECORD {"timestamp_pacific": "2026-08-02T12:17:22.038-07:00", "status": "ok", "reasons": ["current_change", "heater_on"]}
POWER_MONITOR_RECORD {"timestamp_pacific": "2026-08-02T12:17:23.044-07:00", "status": "ok", "reasons": ["current_change"]}
POWER_MONITOR_RECORD {"timestamp_pacific": "2026-08-02T12:17:24.051-07:00", "status": "ok", "reasons": ["current_change"]}
POWER_MONITOR_RECORD {"timestamp_pacific": "2026-08-02T12:17:26.063-07:00", "status": "ok", "reasons": ["current_change"]}
POWER_MONITOR_RECORD {"timestamp_pacific": "2026-08-02T12:17:27.070-07:00", "status": "ok", "reasons": ["current_change"]}
POWER_MONITOR_RECORD {"timestamp_pacific": "2026-08-02T12:17:28.078-07:00", "status": "ok", "reasons": ["current_change"]}
POWER_MONITOR_RECORD {"timestamp_pacific": "2026-08-02T12:17:29.084-07:00", "status": "ok", "reasons": ["current_change"]}
POWER_MONITOR_RECORD {"timestamp_pacific": "2026-08-02T12:17:32.102-07:00", "status": "ok", "reasons": ["current_change"]}
POWER_MONITOR_RECORD {"timestamp_pacific": "2026-08-02T12:17:33.110-07:00", "status": "ok", "reasons": ["current_change"]}
POWER_MONITOR_RECORD {"timestamp_pacific": "2026-08-02T12:17:34.116-07:00", "status": "ok", "reasons": ["current_change"]}
POWER_MONITOR_RECORD {"timestamp_pacific": "2026-08-02T12:17:37.134-07:00", "status": "ok", "reasons": ["current_change"]}
POWER_MONITOR_RECORD {"timestamp_pacific": "2026-08-02T12:17:38.143-07:00", "status": "ok", "reasons": ["current_change"]}
POWER_MONITOR_RECORD {"timestamp_pacific": "2026-08-02T12:17:41.161-07:00", "status": "ok", "reasons": ["current_change"]}
POWER_MONITOR_RECORD {"timestamp_pacific": "2026-08-02T12:17:43.173-07:00", "status": "ok", "reasons": ["current_change"]}
POWER_MONITOR_RECORD {"timestamp_pacific": "2026-08-02T12:17:45.186-07:00", "status": "ok", "reasons": ["current_change"]}
POWER_MONITOR_RECORD {"timestamp_pacific": "2026-08-02T12:17:48.204-07:00", "status": "ok", "reasons": ["current_change"]}
POWER_MONITOR_RECORD {"timestamp_pacific": "2026-08-02T12:17:51.223-07:00", "status": "ok", "reasons": ["current_change"]}
POWER_MONITOR_RECORD {"timestamp_pacific": "2026-08-02T12:17:52.230-07:00", "status": "ok", "reasons": ["current_change"]}
POWER_MONITOR_RECORD {"timestamp_pacific": "2026-08-02T12:17:54.242-07:00", "status": "ok", "reasons": ["current_change"]}
POWER_MONITOR_RECORD {"timestamp_pacific": "2026-08-02T12:17:56.254-07:00", "status": "ok", "reasons": ["current_change"]}
POWER_MONITOR_RECORD {"timestamp_pacific": "2026-08-02T12:17:59.273-07:00", "status": "ok", "reasons": ["current_change"]}
POWER_MONITOR_RECORD {"timestamp_pacific": "2026-08-02T12:18:01.285-07:00", "status": "ok", "reasons": ["current_change"]}
POWER_MONITOR_RECORD {"timestamp_pacific": "2026-08-02T12:18:02.292-07:00", "status": "ok", "reasons": ["current_change", "power_change"]}
POWER_MONITOR_RECORD {"timestamp_pacific": "2026-08-02T12:18:03.299-07:00", "status": "ok", "reasons": ["current_change", "power_change"]}
POWER_MONITOR_RECORD {"timestamp_pacific": "2026-08-02T12:18:04.305-07:00", "status": "ok", "reasons": ["current_change", "power_change"]}
POWER_MONITOR_RECORD {"timestamp_pacific": "2026-08-02T12:18:05.312-07:00", "status": "ok", "reasons": ["current_change", "power_change"]}
POWER_MONITOR_RECORD {"timestamp_pacific": "2026-08-02T12:18:06.318-07:00", "status": "ok", "reasons": ["current_change"]}
POWER_MONITOR_RECORD {"timestamp_pacific": "2026-08-02T12:18:07.325-07:00", "status": "ok", "reasons": ["current_change"]}
POWER_MONITOR_RECORD {"timestamp_pacific": "2026-08-02T12:18:08.331-07:00", "status": "ok", "reasons": ["current_change"]}
POWER_MONITOR_RECORD {"timestamp_pacific": "2026-08-02T12:18:10.344-07:00", "status": "ok", "reasons": ["current_change"]}
POWER_MONITOR_RECORD {"timestamp_pacific": "2026-08-02T12:18:11.350-07:00", "status": "ok", "reasons": ["current_change"]}
POWER_MONITOR_RECORD {"timestamp_pacific": "2026-08-02T12:18:12.357-07:00", "status": "ok", "reasons": ["current_change"]}
POWER_MONITOR_RECORD {"timestamp_pacific": "2026-08-02T12:18:13.363-07:00", "status": "ok", "reasons": ["current_change"]}
POWER_MONITOR_RECORD {"timestamp_pacific": "2026-08-02T12:18:15.376-07:00", "status": "ok", "reasons": ["current_change"]}
POWER_MONITOR_RECORD {"timestamp_pacific": "2026-08-02T12:18:16.384-07:00", "status": "ok", "reasons": ["current_change"]}
POWER_MONITOR_RECORD {"timestamp_pacific": "2026-08-02T12:18:18.396-07:00", "status": "ok", "reasons": ["current_change"]}
POWER_MONITOR_RECORD {"timestamp_pacific": "2026-08-02T12:18:19.403-07:00", "status": "ok", "reasons": ["current_change"]}
POWER_MONITOR_RECORD {"timestamp_pacific": "2026-08-02T12:18:20.409-07:00", "status": "ok", "reasons": ["current_change"]}
POWER_MONITOR_RECORD {"timestamp_pacific": "2026-08-02T12:18:21.417-07:00", "status": "ok", "reasons": ["current_change"]}
POWER_MONITOR_RECORD {"timestamp_pacific": "2026-08-02T12:18:22.423-07:00", "status": "ok", "reasons": ["current_change"]}
POWER_MONITOR_RECORD {"timestamp_pacific": "2026-08-02T12:18:25.441-07:00", "status": "ok", "reasons": ["current_change"]}
POWER_MONITOR_RECORD {"timestamp_pacific": "2026-08-02T12:18:27.455-07:00", "status": "ok", "reasons": ["current_change"]}
POWER_MONITOR_RECORD {"timestamp_pacific": "2026-08-02T12:18:28.462-07:00", "status": "ok", "reasons": ["current_change"]}
POWER_MONITOR_RECORD {"timestamp_pacific": "2026-08-02T12:18:33.491-07:00", "status": "ok", "reasons": ["current_change"]}
POWER_MONITOR_RECORD {"timestamp_pacific": "2026-08-02T12:18:34.498-07:00", "status": "ok", "reasons": ["current_change"]}
POWER_MONITOR_RECORD {"timestamp_pacific": "2026-08-02T12:18:36.510-07:00", "status": "ok", "reasons": ["current_change"]}
POWER_MONITOR_RECORD {"timestamp_pacific": "2026-08-02T12:18:39.528-07:00", "status": "ok", "reasons": ["current_change"]}
POWER_MONITOR_RECORD {"timestamp_pacific": "2026-08-02T12:18:41.541-07:00", "status": "ok", "reasons": ["current_change"]}
POWER_MONITOR_RECORD {"timestamp_pacific": "2026-08-02T12:18:44.559-07:00", "status": "ok", "reasons": ["current_change"]}
POWER_MONITOR_RECORD {"timestamp_pacific": "2026-08-02T12:18:45.567-07:00", "status": "ok", "reasons": ["current_change"]}
POWER_MONITOR_RECORD {"timestamp_pacific": "2026-08-02T12:18:50.597-07:00", "status": "ok", "reasons": ["current_change"]}
POWER_MONITOR_RECORD {"timestamp_pacific": "2026-08-02T12:18:51.603-07:00", "status": "ok", "reasons": ["current_change"]}
POWER_MONITOR_RECORD {"timestamp_pacific": "2026-08-02T12:18:59.651-07:00", "status": "ok", "reasons": ["current_change"]}
POWER_MONITOR_RECORD {"timestamp_pacific": "2026-08-02T12:19:00.657-07:00", "status": "ok", "reasons": ["current_change"]}
POWER_MONITOR_RECORD {"timestamp_pacific": "2026-08-02T12:19:01.664-07:00", "status": "ok", "reasons": ["current_change"]}
POWER_MONITOR_RECORD {"timestamp_pacific": "2026-08-02T12:19:04.682-07:00", "status": "ok", "reasons": ["current_change"]}
POWER_MONITOR_RECORD {"timestamp_pacific": "2026-08-02T12:19:07.691-07:00", "status": "ok", "reasons": ["current_change"]}
POWER_MONITOR_RECORD {"timestamp_pacific": "2026-08-02T12:19:08.694-07:00", "status": "ok", "reasons": ["current_change"]}
POWER_MONITOR_RECORD {"timestamp_pacific": "2026-08-02T12:19:12.714-07:00", "status": "ok", "reasons": ["current_change"]}
POWER_MONITOR_RECORD {"timestamp_pacific": "2026-08-02T12:19:13.721-07:00", "status": "ok", "reasons": ["current_change"]}
POWER_MONITOR_RECORD {"timestamp_pacific": "2026-08-02T12:19:17.745-07:00", "status": "ok", "reasons": ["current_change"]}
POWER_MONITOR_RECORD {"timestamp_pacific": "2026-08-02T12:19:20.764-07:00", "status": "ok", "reasons": ["current_change"]}
POWER_MONITOR_RECORD {"timestamp_pacific": "2026-08-02T12:19:22.776-07:00", "status": "ok", "reasons": ["current_change"]}
POWER_MONITOR_RECORD {"timestamp_pacific": "2026-08-02T12:19:23.784-07:00", "status": "ok", "reasons": ["current_change"]}
POWER_MONITOR_RECORD {"timestamp_pacific": "2026-08-02T12:19:24.790-07:00", "status": "ok", "reasons": ["current_change"]}
POWER_MONITOR_RECORD {"timestamp_pacific": "2026-08-02T12:19:25.797-07:00", "status": "ok", "reasons": ["current_change"]}
POWER_MONITOR_RECORD {"timestamp_pacific": "2026-08-02T12:19:27.809-07:00", "status": "ok", "reasons": ["current_change"]}
POWER_MONITOR_RECORD {"timestamp_pacific": "2026-08-02T12:19:28.817-07:00", "status": "ok", "reasons": ["current_change"]}
POWER_MONITOR_RECORD {"timestamp_pacific": "2026-08-02T12:19:30.829-07:00", "status": "ok", "reasons": ["current_change"]}
POWER_MONITOR_RECORD {"timestamp_pacific": "2026-08-02T12:19:31.836-07:00", "status": "ok", "reasons": ["current_change"]}
POWER_MONITOR_RECORD {"timestamp_pacific": "2026-08-02T12:19:33.848-07:00", "status": "ok", "reasons": ["current_change"]}
POWER_MONITOR_RECORD {"timestamp_pacific": "2026-08-02T12:19:36.868-07:00", "status": "ok", "reasons": ["current_change"]}
POWER_MONITOR_RECORD {"timestamp_pacific": "2026-08-02T12:19:38.880-07:00", "status": "ok", "reasons": ["current_change"]}
POWER_MONITOR_RECORD {"timestamp_pacific": "2026-08-02T12:19:39.889-07:00", "status": "ok", "reasons": ["current_change"]}
POWER_MONITOR_RECORD {"timestamp_pacific": "2026-08-02T12:19:41.902-07:00", "status": "ok", "reasons": ["current_change"]}
POWER_MONITOR_RECORD {"timestamp_pacific": "2026-08-02T12:19:42.908-07:00", "status": "ok", "reasons": ["current_change"]}
POWER_MONITOR_RECORD {"timestamp_pacific": "2026-08-02T12:19:43.915-07:00", "status": "ok", "reasons": ["current_change"]}
POWER_MONITOR_RECORD {"timestamp_pacific": "2026-08-02T12:19:45.929-07:00", "status": "ok", "reasons": ["current_change"]}
POWER_MONITOR_RECORD {"timestamp_pacific": "2026-08-02T12:19:47.942-07:00", "status": "ok", "reasons": ["current_change"]}
POWER_MONITOR_RECORD {"timestamp_pacific": "2026-08-02T12:19:48.948-07:00", "status": "ok", "reasons": ["current_change"]}
POWER_MONITOR_RECORD {"timestamp_pacific": "2026-08-02T12:19:50.962-07:00", "status": "ok", "reasons": ["current_change"]}
POWER_MONITOR_RECORD {"timestamp_pacific": "2026-08-02T12:19:51.969-07:00", "status": "ok", "reasons": ["current_change"]}
POWER_MONITOR_RECORD {"timestamp_pacific": "2026-08-02T12:20:04.039-07:00", "status": "ok", "reasons": ["current_change"]}
POWER_MONITOR_RECORD {"timestamp_pacific": "2026-08-02T12:20:06.050-07:00", "status": "ok", "reasons": ["current_change"]}
POWER_MONITOR_RECORD {"timestamp_pacific": "2026-08-02T12:20:10.074-07:00", "status": "ok", "reasons": ["current_change"]}
POWER_MONITOR_RECORD {"timestamp_pacific": "2026-08-02T12:20:12.087-07:00", "status": "ok", "reasons": ["current_change"]}
POWER_MONITOR_RECORD {"timestamp_pacific": "2026-08-02T12:20:13.093-07:00", "status": "ok", "reasons": ["current_change"]}
POWER_MONITOR_RECORD {"timestamp_pacific": "2026-08-02T12:20:19.129-07:00", "status": "ok", "reasons": ["current_change"]}
POWER_MONITOR_RECORD {"timestamp_pacific": "2026-08-02T12:20:26.170-07:00", "status": "ok", "reasons": ["current_change"]}
POWER_MONITOR_RECORD {"timestamp_pacific": "2026-08-02T12:20:30.194-07:00", "status": "ok", "reasons": ["current_change"]}
POWER_MONITOR_RECORD {"timestamp_pacific": "2026-08-02T12:20:31.201-07:00", "status": "ok", "reasons": ["current_change"]}
POWER_MONITOR_RECORD {"timestamp_pacific": "2026-08-02T12:20:35.225-07:00", "status": "ok", "reasons": ["current_change"]}
POWER_MONITOR_RECORD {"timestamp_pacific": "2026-08-02T12:20:36.231-07:00", "status": "ok", "reasons": ["current_change"]}
POWER_MONITOR_RECORD {"timestamp_pacific": "2026-08-02T12:20:40.255-07:00", "status": "ok", "reasons": ["current_change"]}
POWER_MONITOR_RECORD {"timestamp_pacific": "2026-08-02T12:20:43.275-07:00", "status": "ok", "reasons": ["current_change"]}
POWER_MONITOR_RECORD {"timestamp_pacific": "2026-08-02T12:20:44.282-07:00", "status": "ok", "reasons": ["current_change"]}
POWER_MONITOR_RECORD {"timestamp_pacific": "2026-08-02T12:20:48.305-07:00", "status": "ok", "reasons": ["current_change"]}
POWER_MONITOR_RECORD {"timestamp_pacific": "2026-08-02T12:20:54.341-07:00", "status": "ok", "reasons": ["current_change"]}
POWER_MONITOR_RECORD {"timestamp_pacific": "2026-08-02T12:20:55.348-07:00", "status": "ok", "reasons": ["current_change"]}
POWER_MONITOR_RECORD {"timestamp_pacific": "2026-08-02T12:20:57.360-07:00", "status": "ok", "reasons": ["current_change"]}
POWER_MONITOR_RECORD {"timestamp_pacific": "2026-08-02T12:20:58.367-07:00", "status": "ok", "reasons": ["current_change"]}
POWER_MONITOR_RECORD {"timestamp_pacific": "2026-08-02T12:21:01.385-07:00", "status": "ok", "reasons": ["current_change"]}
POWER_MONITOR_RECORD {"timestamp_pacific": "2026-08-02T12:21:02.391-07:00", "status": "ok", "reasons": ["current_change"]}
POWER_MONITOR_RECORD {"timestamp_pacific": "2026-08-02T12:21:03.398-07:00", "status": "ok", "reasons": ["current_change"]}
POWER_MONITOR_RECORD {"timestamp_pacific": "2026-08-02T12:21:06.409-07:00", "status": "ok", "reasons": ["current_change"]}
POWER_MONITOR_RECORD {"timestamp_pacific": "2026-08-02T12:21:10.423-07:00", "status": "ok", "reasons": ["current_change"]}
POWER_MONITOR_RECORD {"timestamp_pacific": "2026-08-02T12:21:11.429-07:00", "status": "ok", "reasons": ["current_change"]}
POWER_MONITOR_RECORD {"timestamp_pacific": "2026-08-02T12:21:15.455-07:00", "status": "ok", "reasons": ["current_change"]}
POWER_MONITOR_RECORD {"timestamp_pacific": "2026-08-02T12:21:16.461-07:00", "status": "ok", "reasons": ["current_change"]}
POWER_MONITOR_RECORD {"timestamp_pacific": "2026-08-02T12:21:19.479-07:00", "status": "ok", "reasons": ["current_change"]}
POWER_MONITOR_RECORD {"timestamp_pacific": "2026-08-02T12:21:25.515-07:00", "status": "ok", "reasons": ["current_change"]}
POWER_MONITOR_RECORD {"timestamp_pacific": "2026-08-02T12:21:29.539-07:00", "status": "ok", "reasons": ["current_change"]}
POWER_MONITOR_RECORD {"timestamp_pacific": "2026-08-02T12:21:34.571-07:00", "status": "ok", "reasons": ["current_change"]}
POWER_MONITOR_RECORD {"timestamp_pacific": "2026-08-02T12:21:38.595-07:00", "status": "ok", "reasons": ["current_change"]}
POWER_MONITOR_RECORD {"timestamp_pacific": "2026-08-02T12:21:41.613-07:00", "status": "ok", "reasons": ["current_change"]}
POWER_MONITOR_RECORD {"timestamp_pacific": "2026-08-02T12:21:42.619-07:00", "status": "ok", "reasons": ["current_change"]}
POWER_MONITOR_RECORD {"timestamp_pacific": "2026-08-02T12:21:43.626-07:00", "status": "ok", "reasons": ["current_change"]}
POWER_MONITOR_RECORD {"timestamp_pacific": "2026-08-02T12:21:44.632-07:00", "status": "ok", "reasons": ["current_change"]}
POWER_MONITOR_RECORD {"timestamp_pacific": "2026-08-02T12:21:45.639-07:00", "status": "ok", "reasons": ["current_change"]}
POWER_MONITOR_RECORD {"timestamp_pacific": "2026-08-02T12:21:48.657-07:00", "status": "ok", "reasons": ["current_change"]}
POWER_MONITOR_RECORD {"timestamp_pacific": "2026-08-02T12:21:49.663-07:00", "status": "ok", "reasons": ["current_change"]}
POWER_MONITOR_RECORD {"timestamp_pacific": "2026-08-02T12:21:50.670-07:00", "status": "ok", "reasons": ["current_change"]}
POWER_MONITOR_RECORD {"timestamp_pacific": "2026-08-02T12:21:53.688-07:00", "status": "ok", "reasons": ["current_change"]}
POWER_MONITOR_RECORD {"timestamp_pacific": "2026-08-02T12:21:55.700-07:00", "status": "ok", "reasons": ["current_change"]}
POWER_MONITOR_RECORD {"timestamp_pacific": "2026-08-02T12:21:57.713-07:00", "status": "ok", "reasons": ["current_change"]}
POWER_MONITOR_RECORD {"timestamp_pacific": "2026-08-02T12:21:58.719-07:00", "status": "ok", "reasons": ["current_change"]}
POWER_MONITOR_RECORD {"timestamp_pacific": "2026-08-02T12:22:00.732-07:00", "status": "ok", "reasons": ["current_change"]}
POWER_MONITOR_RECORD {"timestamp_pacific": "2026-08-02T12:22:01.738-07:00", "status": "ok", "reasons": ["current_change"]}
POWER_MONITOR_RECORD {"timestamp_pacific": "2026-08-02T12:22:02.745-07:00", "status": "ok", "reasons": ["current_change"]}
POWER_MONITOR_RECORD {"timestamp_pacific": "2026-08-02T12:22:04.757-07:00", "status": "ok", "reasons": ["current_change"]}
POWER_MONITOR_RECORD {"timestamp_pacific": "2026-08-02T12:22:05.760-07:00", "status": "ok", "reasons": ["current_change"]}
POWER_MONITOR_RECORD {"timestamp_pacific": "2026-08-02T12:22:07.765-07:00", "status": "ok", "reasons": ["current_change"]}
POWER_MONITOR_RECORD {"timestamp_pacific": "2026-08-02T12:22:08.768-07:00", "status": "ok", "reasons": ["current_change"]}
POWER_MONITOR_RECORD {"timestamp_pacific": "2026-08-02T12:22:12.788-07:00", "status": "ok", "reasons": ["current_change"]}
POWER_MONITOR_RECORD {"timestamp_pacific": "2026-08-02T12:22:13.796-07:00", "status": "ok", "reasons": ["current_change"]}
POWER_MONITOR_RECORD {"timestamp_pacific": "2026-08-02T12:22:16.814-07:00", "status": "ok", "reasons": ["current_change"]}
POWER_MONITOR_RECORD {"timestamp_pacific": "2026-08-02T12:22:17.821-07:00", "status": "ok", "reasons": ["current_change"]}
POWER_MONITOR_RECORD {"timestamp_pacific": "2026-08-02T12:22:18.829-07:00", "status": "ok", "reasons": ["current_change"]}
POWER_MONITOR_RECORD {"timestamp_pacific": "2026-08-02T12:22:21.847-07:00", "status": "ok", "reasons": ["current_change"]}
POWER_MONITOR_RECORD {"timestamp_pacific": "2026-08-02T12:22:24.865-07:00", "status": "ok", "reasons": ["current_change"]}
POWER_MONITOR_RECORD {"timestamp_pacific": "2026-08-02T12:22:29.897-07:00", "status": "ok", "reasons": ["current_change"]}
POWER_MONITOR_RECORD {"timestamp_pacific": "2026-08-02T12:22:30.904-07:00", "status": "ok", "reasons": ["current_change"]}
POWER_MONITOR_RECORD {"timestamp_pacific": "2026-08-02T12:22:45.992-07:00", "status": "ok", "reasons": ["current_change"]}
POWER_MONITOR_RECORD {"timestamp_pacific": "2026-08-02T12:22:53.033-07:00", "status": "ok", "reasons": ["current_change"]}
POWER_MONITOR_RECORD {"timestamp_pacific": "2026-08-02T12:22:54.040-07:00", "status": "ok", "reasons": ["current_change"]}
POWER_MONITOR_RECORD {"timestamp_pacific": "2026-08-02T12:22:56.052-07:00", "status": "ok", "reasons": ["current_change"]}
POWER_MONITOR_RECORD {"timestamp_pacific": "2026-08-02T12:22:58.064-07:00", "status": "ok", "reasons": ["current_change"]}
POWER_MONITOR_RECORD {"timestamp_pacific": "2026-08-02T12:22:59.072-07:00", "status": "ok", "reasons": ["current_change"]}
POWER_MONITOR_RECORD {"timestamp_pacific": "2026-08-02T12:23:01.084-07:00", "status": "ok", "reasons": ["current_change"]}
POWER_MONITOR_RECORD {"timestamp_pacific": "2026-08-02T12:23:02.090-07:00", "status": "ok", "reasons": ["current_change"]}
POWER_MONITOR_RECORD {"timestamp_pacific": "2026-08-02T12:23:04.103-07:00", "status": "ok", "reasons": ["current_change"]}
POWER_MONITOR_RECORD {"timestamp_pacific": "2026-08-02T12:23:06.113-07:00", "status": "ok", "reasons": ["current_change"]}
POWER_MONITOR_RECORD {"timestamp_pacific": "2026-08-02T12:23:08.125-07:00", "status": "ok", "reasons": ["current_change"]}
POWER_MONITOR_RECORD {"timestamp_pacific": "2026-08-02T12:23:09.132-07:00", "status": "ok", "reasons": ["current_change"]}
POWER_MONITOR_RECORD {"timestamp_pacific": "2026-08-02T12:23:16.175-07:00", "status": "ok", "reasons": ["current_change"]}
POWER_MONITOR_RECORD {"timestamp_pacific": "2026-08-02T12:23:20.199-07:00", "status": "ok", "reasons": ["current_change"]}
POWER_MONITOR_RECORD {"timestamp_pacific": "2026-08-02T12:23:22.211-07:00", "status": "ok", "reasons": ["current_change"]}
POWER_MONITOR_RECORD {"timestamp_pacific": "2026-08-02T12:23:26.235-07:00", "status": "ok", "reasons": ["current_change"]}
POWER_MONITOR_RECORD {"timestamp_pacific": "2026-08-02T12:23:28.248-07:00", "status": "ok", "reasons": ["current_change"]}
POWER_MONITOR_RECORD {"timestamp_pacific": "2026-08-02T12:23:30.260-07:00", "status": "ok", "reasons": ["current_change"]}
POWER_MONITOR_RECORD {"timestamp_pacific": "2026-08-02T12:23:34.284-07:00", "status": "ok", "reasons": ["current_change"]}
POWER_MONITOR_RECORD {"timestamp_pacific": "2026-08-02T12:23:36.296-07:00", "status": "ok", "reasons": ["current_change"]}
POWER_MONITOR_RECORD {"timestamp_pacific": "2026-08-02T12:23:39.316-07:00", "status": "ok", "reasons": ["current_change"]}
POWER_MONITOR_RECORD {"timestamp_pacific": "2026-08-02T12:23:41.329-07:00", "status": "ok", "reasons": ["current_change"]}
POWER_MONITOR_RECORD {"timestamp_pacific": "2026-08-02T12:23:43.341-07:00", "status": "ok", "reasons": ["current_change"]}
POWER_MONITOR_RECORD {"timestamp_pacific": "2026-08-02T12:23:48.371-07:00", "status": "ok", "reasons": ["current_change"]}
POWER_MONITOR_RECORD {"timestamp_pacific": "2026-08-02T12:23:49.378-07:00", "status": "ok", "reasons": ["current_change"]}
POWER_MONITOR_RECORD {"timestamp_pacific": "2026-08-02T12:23:50.384-07:00", "status": "ok", "reasons": ["current_change"]}
POWER_MONITOR_RECORD {"timestamp_pacific": "2026-08-02T12:23:51.390-07:00", "status": "ok", "reasons": ["current_change"]}
POWER_MONITOR_RECORD {"timestamp_pacific": "2026-08-02T12:23:55.414-07:00", "status": "ok", "reasons": ["current_change"]}
POWER_MONITOR_RECORD {"timestamp_pacific": "2026-08-02T12:23:56.421-07:00", "status": "ok", "reasons": ["current_change"]}
POWER_MONITOR_RECORD {"timestamp_pacific": "2026-08-02T12:23:58.433-07:00", "status": "ok", "reasons": ["current_change"]}
POWER_MONITOR_RECORD {"timestamp_pacific": "2026-08-02T12:24:01.451-07:00", "status": "ok", "reasons": ["current_change"]}
POWER_MONITOR_RECORD {"timestamp_pacific": "2026-08-02T12:24:02.458-07:00", "status": "ok", "reasons": ["current_change"]}
POWER_MONITOR_RECORD {"timestamp_pacific": "2026-08-02T12:24:06.482-07:00", "status": "ok", "reasons": ["current_change"]}
POWER_MONITOR_RECORD {"timestamp_pacific": "2026-08-02T12:24:09.501-07:00", "status": "ok", "reasons": ["current_change"]}
POWER_MONITOR_RECORD {"timestamp_pacific": "2026-08-02T12:24:15.537-07:00", "status": "ok", "reasons": ["current_change"]}
POWER_MONITOR_RECORD {"timestamp_pacific": "2026-08-02T12:24:16.544-07:00", "status": "ok", "reasons": ["current_change"]}
POWER_MONITOR_RECORD {"timestamp_pacific": "2026-08-02T12:24:17.550-07:00", "status": "ok", "reasons": ["current_change"]}
POWER_MONITOR_RECORD {"timestamp_pacific": "2026-08-02T12:24:18.557-07:00", "status": "ok", "reasons": ["current_change"]}
POWER_MONITOR_RECORD {"timestamp_pacific": "2026-08-02T12:24:20.569-07:00", "status": "ok", "reasons": ["current_change"]}
POWER_MONITOR_RECORD {"timestamp_pacific": "2026-08-02T12:24:21.577-07:00", "status": "ok", "reasons": ["current_change"]}
POWER_MONITOR_RECORD {"timestamp_pacific": "2026-08-02T12:24:22.584-07:00", "status": "ok", "reasons": ["current_change"]}
POWER_MONITOR_RECORD {"timestamp_pacific": "2026-08-02T12:24:23.590-07:00", "status": "ok", "reasons": ["current_change"]}
POWER_MONITOR_RECORD {"timestamp_pacific": "2026-08-02T12:24:25.602-07:00", "status": "ok", "reasons": ["current_change"]}
POWER_MONITOR_RECORD {"timestamp_pacific": "2026-08-02T12:24:26.610-07:00", "status": "ok", "reasons": ["current_change"]}
POWER_MONITOR_RECORD {"timestamp_pacific": "2026-08-02T12:24:27.616-07:00", "status": "ok", "reasons": ["current_change"]}
POWER_MONITOR_RECORD {"timestamp_pacific": "2026-08-02T12:24:30.635-07:00", "status": "ok", "reasons": ["current_change"]}
POWER_MONITOR_RECORD {"timestamp_pacific": "2026-08-02T12:24:31.642-07:00", "status": "ok", "reasons": ["current_change"]}
POWER_MONITOR_RECORD {"timestamp_pacific": "2026-08-02T12:24:36.672-07:00", "status": "ok", "reasons": ["current_change"]}
POWER_MONITOR_RECORD {"timestamp_pacific": "2026-08-02T12:24:37.678-07:00", "status": "ok", "reasons": ["current_change"]}
POWER_MONITOR_RECORD {"timestamp_pacific": "2026-08-02T12:24:40.696-07:00", "status": "ok", "reasons": ["current_change"]}
POWER_MONITOR_RECORD {"timestamp_pacific": "2026-08-02T12:24:45.726-07:00", "status": "ok", "reasons": ["current_change"]}
POWER_MONITOR_RECORD {"timestamp_pacific": "2026-08-02T12:24:46.733-07:00", "status": "ok", "reasons": ["current_change"]}
POWER_MONITOR_RECORD {"timestamp_pacific": "2026-08-02T12:24:49.751-07:00", "status": "ok", "reasons": ["current_change"]}
POWER_MONITOR_RECORD {"timestamp_pacific": "2026-08-02T12:24:50.757-07:00", "status": "ok", "reasons": ["current_change"]}
POWER_MONITOR_RECORD {"timestamp_pacific": "2026-08-02T12:25:01.822-07:00", "status": "ok", "reasons": ["current_change"]}
POWER_MONITOR_RECORD {"timestamp_pacific": "2026-08-02T12:25:02.829-07:00", "status": "ok", "reasons": ["current_change"]}
POWER_MONITOR_RECORD {"timestamp_pacific": "2026-08-02T12:25:04.841-07:00", "status": "ok", "reasons": ["current_change"]}
POWER_MONITOR_RECORD {"timestamp_pacific": "2026-08-02T12:25:06.846-07:00", "status": "ok", "reasons": ["current_change"]}
POWER_MONITOR_RECORD {"timestamp_pacific": "2026-08-02T12:25:09.856-07:00", "status": "ok", "reasons": ["current_change"]}
POWER_MONITOR_RECORD {"timestamp_pacific": "2026-08-02T12:25:10.862-07:00", "status": "ok", "reasons": ["current_change"]}
POWER_MONITOR_RECORD {"timestamp_pacific": "2026-08-02T12:25:11.868-07:00", "status": "ok", "reasons": ["current_change"]}
POWER_MONITOR_RECORD {"timestamp_pacific": "2026-08-02T12:25:13.883-07:00", "status": "ok", "reasons": ["current_change"]}
POWER_MONITOR_RECORD {"timestamp_pacific": "2026-08-02T12:25:15.895-07:00", "status": "ok", "reasons": ["current_change"]}
POWER_MONITOR_RECORD {"timestamp_pacific": "2026-08-02T12:25:17.908-07:00", "status": "ok", "reasons": ["current_change"]}
POWER_MONITOR_RECORD {"timestamp_pacific": "2026-08-02T12:25:19.922-07:00", "status": "ok", "reasons": ["current_change"]}
POWER_MONITOR_RECORD {"timestamp_pacific": "2026-08-02T12:25:24.951-07:00", "status": "ok", "reasons": ["current_change"]}
POWER_MONITOR_RECORD {"timestamp_pacific": "2026-08-02T12:25:25.958-07:00", "status": "ok", "reasons": ["current_change"]}
POWER_MONITOR_RECORD {"timestamp_pacific": "2026-08-02T12:25:29.982-07:00", "status": "ok", "reasons": ["current_change"]}
POWER_MONITOR_RECORD {"timestamp_pacific": "2026-08-02T12:25:31.995-07:00", "status": "ok", "reasons": ["current_change"]}
POWER_MONITOR_RECORD {"timestamp_pacific": "2026-08-02T12:25:33.002-07:00", "status": "ok", "reasons": ["current_change"]}
POWER_MONITOR_RECORD {"timestamp_pacific": "2026-08-02T12:25:39.038-07:00", "status": "ok", "reasons": ["current_change"]}
POWER_MONITOR_RECORD {"timestamp_pacific": "2026-08-02T12:25:40.044-07:00", "status": "ok", "reasons": ["current_change"]}
POWER_MONITOR_RECORD {"timestamp_pacific": "2026-08-02T12:25:41.050-07:00", "status": "ok", "reasons": ["current_change"]}
POWER_MONITOR_RECORD {"timestamp_pacific": "2026-08-02T12:25:46.080-07:00", "status": "ok", "reasons": ["current_change"]}
POWER_MONITOR_RECORD {"timestamp_pacific": "2026-08-02T12:25:49.098-07:00", "status": "ok", "reasons": ["current_change"]}
POWER_MONITOR_RECORD {"timestamp_pacific": "2026-08-02T12:25:56.140-07:00", "status": "ok", "reasons": ["current_change"]}
POWER_MONITOR_RECORD {"timestamp_pacific": "2026-08-02T12:25:59.158-07:00", "status": "ok", "reasons": ["current_change"]}
POWER_MONITOR_RECORD {"timestamp_pacific": "2026-08-02T12:26:00.164-07:00", "status": "ok", "reasons": ["current_change"]}
POWER_MONITOR_RECORD {"timestamp_pacific": "2026-08-02T12:26:01.170-07:00", "status": "ok", "reasons": ["current_change"]}
POWER_MONITOR_RECORD {"timestamp_pacific": "2026-08-02T12:26:02.178-07:00", "status": "ok", "reasons": ["current_change"]}
POWER_MONITOR_RECORD {"timestamp_pacific": "2026-08-02T12:26:06.200-07:00", "status": "ok", "reasons": ["current_change"]}
POWER_MONITOR_RECORD {"timestamp_pacific": "2026-08-02T12:26:07.207-07:00", "status": "ok", "reasons": ["current_change"]}
POWER_MONITOR_RECORD {"timestamp_pacific": "2026-08-02T12:26:11.231-07:00", "status": "ok", "reasons": ["current_change"]}
POWER_MONITOR_RECORD {"timestamp_pacific": "2026-08-02T12:26:15.256-07:00", "status": "ok", "reasons": ["current_change"]}
POWER_MONITOR_RECORD {"timestamp_pacific": "2026-08-02T12:26:16.263-07:00", "status": "ok", "reasons": ["current_change"]}
POWER_MONITOR_RECORD {"timestamp_pacific": "2026-08-02T12:26:19.281-07:00", "status": "ok", "reasons": ["current_change"]}
POWER_MONITOR_RECORD {"timestamp_pacific": "2026-08-02T12:26:20.288-07:00", "status": "ok", "reasons": ["current_change"]}
POWER_MONITOR_RECORD {"timestamp_pacific": "2026-08-02T12:26:25.318-07:00", "status": "ok", "reasons": ["current_change"]}
POWER_MONITOR_RECORD {"timestamp_pacific": "2026-08-02T12:26:27.330-07:00", "status": "ok", "reasons": ["current_change"]}
POWER_MONITOR_RECORD {"timestamp_pacific": "2026-08-02T12:26:31.354-07:00", "status": "ok", "reasons": ["current_change"]}
POWER_MONITOR_RECORD {"timestamp_pacific": "2026-08-02T12:26:34.372-07:00", "status": "ok", "reasons": ["current_change"]}
POWER_MONITOR_RECORD {"timestamp_pacific": "2026-08-02T12:26:36.384-07:00", "status": "ok", "reasons": ["current_change"]}
POWER_MONITOR_RECORD {"timestamp_pacific": "2026-08-02T12:26:38.398-07:00", "status": "ok", "reasons": ["current_change"]}
POWER_MONITOR_RECORD {"timestamp_pacific": "2026-08-02T12:26:40.411-07:00", "status": "ok", "reasons": ["current_change"]}
POWER_MONITOR_RECORD {"timestamp_pacific": "2026-08-02T12:26:43.429-07:00", "status": "ok", "reasons": ["current_change"]}
POWER_MONITOR_RECORD {"timestamp_pacific": "2026-08-02T12:26:45.441-07:00", "status": "ok", "reasons": ["current_change"]}
POWER_MONITOR_RECORD {"timestamp_pacific": "2026-08-02T12:26:47.454-07:00", "status": "ok", "reasons": ["current_change"]}
POWER_MONITOR_RECORD {"timestamp_pacific": "2026-08-02T12:26:49.466-07:00", "status": "ok", "reasons": ["current_change"]}
POWER_MONITOR_RECORD {"timestamp_pacific": "2026-08-02T12:26:56.507-07:00", "status": "ok", "reasons": ["current_change"]}
POWER_MONITOR_RECORD {"timestamp_pacific": "2026-08-02T12:26:59.525-07:00", "status": "ok", "reasons": ["current_change"]}
POWER_MONITOR_RECORD {"timestamp_pacific": "2026-08-02T12:27:00.532-07:00", "status": "ok", "reasons": ["current_change"]}
POWER_MONITOR_RECORD {"timestamp_pacific": "2026-08-02T12:27:01.539-07:00", "status": "ok", "reasons": ["current_change"]}
POWER_MONITOR_RECORD {"timestamp_pacific": "2026-08-02T12:27:02.545-07:00", "status": "ok", "reasons": ["current_change"]}
POWER_MONITOR_RECORD {"timestamp_pacific": "2026-08-02T12:27:09.569-07:00", "status": "ok", "reasons": ["current_change"]}
POWER_MONITOR_RECORD {"timestamp_pacific": "2026-08-02T12:27:11.581-07:00", "status": "ok", "reasons": ["current_change"]}
POWER_MONITOR_RECORD {"timestamp_pacific": "2026-08-02T12:27:12.588-07:00", "status": "ok", "reasons": ["current_change"]}
POWER_MONITOR_RECORD {"timestamp_pacific": "2026-08-02T12:27:15.606-07:00", "status": "ok", "reasons": ["current_change"]}
POWER_MONITOR_RECORD {"timestamp_pacific": "2026-08-02T12:27:17.618-07:00", "status": "ok", "reasons": ["current_change"]}
POWER_MONITOR_RECORD {"timestamp_pacific": "2026-08-02T12:27:18.625-07:00", "status": "ok", "reasons": ["current_change"]}
POWER_MONITOR_RECORD {"timestamp_pacific": "2026-08-02T12:27:19.631-07:00", "status": "ok", "reasons": ["current_change"]}
POWER_MONITOR_RECORD {"timestamp_pacific": "2026-08-02T12:27:20.640-07:00", "status": "ok", "reasons": ["current_change"]}
POWER_MONITOR_RECORD {"timestamp_pacific": "2026-08-02T12:27:25.705-07:00", "status": "ok", "reasons": ["current_change"]}
POWER_MONITOR_RECORD {"timestamp_pacific": "2026-08-02T12:27:26.712-07:00", "status": "ok", "reasons": ["current_change"]}
POWER_MONITOR_RECORD {"timestamp_pacific": "2026-08-02T12:27:29.730-07:00", "status": "ok", "reasons": ["current_change"]}
POWER_MONITOR_RECORD {"timestamp_pacific": "2026-08-02T12:27:30.738-07:00", "status": "ok", "reasons": ["current_change"]}
POWER_MONITOR_RECORD {"timestamp_pacific": "2026-08-02T12:27:33.756-07:00", "status": "ok", "reasons": ["current_change"]}
POWER_MONITOR_RECORD {"timestamp_pacific": "2026-08-02T12:27:34.763-07:00", "status": "ok", "reasons": ["current_change"]}
POWER_MONITOR_RECORD {"timestamp_pacific": "2026-08-02T12:27:35.772-07:00", "status": "ok", "reasons": ["current_change"]}
POWER_MONITOR_RECORD {"timestamp_pacific": "2026-08-02T12:27:36.779-07:00", "status": "ok", "reasons": ["current_change"]}
POWER_MONITOR_RECORD {"timestamp_pacific": "2026-08-02T12:27:39.797-07:00", "status": "ok", "reasons": ["current_change"]}
POWER_MONITOR_RECORD {"timestamp_pacific": "2026-08-02T12:27:40.805-07:00", "status": "ok", "reasons": ["current_change"]}
POWER_MONITOR_RECORD {"timestamp_pacific": "2026-08-02T12:27:44.829-07:00", "status": "ok", "reasons": ["current_change"]}
POWER_MONITOR_RECORD {"timestamp_pacific": "2026-08-02T12:27:46.843-07:00", "status": "ok", "reasons": ["current_change"]}
POWER_MONITOR_RECORD {"timestamp_pacific": "2026-08-02T12:27:48.855-07:00", "status": "ok", "reasons": ["current_change"]}
POWER_MONITOR_RECORD {"timestamp_pacific": "2026-08-02T12:27:49.862-07:00", "status": "ok", "reasons": ["voltage_change"]}
POWER_MONITOR_RECORD {"timestamp_pacific": "2026-08-02T12:27:51.876-07:00", "status": "ok", "reasons": ["current_change"]}
POWER_MONITOR_RECORD {"timestamp_pacific": "2026-08-02T12:27:54.894-07:00", "status": "ok", "reasons": ["current_change"]}
POWER_MONITOR_RECORD {"timestamp_pacific": "2026-08-02T12:28:01.935-07:00", "status": "ok", "reasons": ["current_change"]}
POWER_MONITOR_RECORD {"timestamp_pacific": "2026-08-02T12:28:02.941-07:00", "status": "ok", "reasons": ["current_change"]}
POWER_MONITOR_RECORD {"timestamp_pacific": "2026-08-02T12:28:18.029-07:00", "status": "ok", "reasons": ["current_change"]}
POWER_MONITOR_RECORD {"timestamp_pacific": "2026-08-02T12:28:19.036-07:00", "status": "ok", "reasons": ["current_change"]}
POWER_MONITOR_RECORD {"timestamp_pacific": "2026-08-02T12:28:21.048-07:00", "status": "ok", "reasons": ["current_change"]}
POWER_MONITOR_RECORD {"timestamp_pacific": "2026-08-02T12:28:24.066-07:00", "status": "ok", "reasons": ["current_change"]}
POWER_MONITOR_RECORD {"timestamp_pacific": "2026-08-02T12:28:25.073-07:00", "status": "ok", "reasons": ["current_change"]}
POWER_MONITOR_RECORD {"timestamp_pacific": "2026-08-02T12:28:36.138-07:00", "status": "ok", "reasons": ["current_change"]}
POWER_MONITOR_RECORD {"timestamp_pacific": "2026-08-02T12:28:38.150-07:00", "status": "ok", "reasons": ["current_change"]}
POWER_MONITOR_RECORD {"timestamp_pacific": "2026-08-02T12:28:39.156-07:00", "status": "ok", "reasons": ["current_change"]}
POWER_MONITOR_RECORD {"timestamp_pacific": "2026-08-02T12:28:42.175-07:00", "status": "ok", "reasons": ["current_change"]}
POWER_MONITOR_RECORD {"timestamp_pacific": "2026-08-02T12:28:48.210-07:00", "status": "ok", "reasons": ["current_change"]}
POWER_MONITOR_RECORD {"timestamp_pacific": "2026-08-02T12:28:49.217-07:00", "status": "ok", "reasons": ["current_change"]}
POWER_MONITOR_RECORD {"timestamp_pacific": "2026-08-02T12:28:51.229-07:00", "status": "ok", "reasons": ["current_change"]}
POWER_MONITOR_RECORD {"timestamp_pacific": "2026-08-02T12:28:53.241-07:00", "status": "ok", "reasons": ["current_change"]}
POWER_MONITOR_RECORD {"timestamp_pacific": "2026-08-02T12:28:57.265-07:00", "status": "ok", "reasons": ["current_change"]}
POWER_MONITOR_RECORD {"timestamp_pacific": "2026-08-02T12:29:01.290-07:00", "status": "ok", "reasons": ["current_change"]}
POWER_MONITOR_RECORD {"timestamp_pacific": "2026-08-02T12:29:02.296-07:00", "status": "ok", "reasons": ["current_change"]}
POWER_MONITOR_RECORD {"timestamp_pacific": "2026-08-02T12:29:03.303-07:00", "status": "ok", "reasons": ["current_change"]}
POWER_MONITOR_RECORD {"timestamp_pacific": "2026-08-02T12:29:05.315-07:00", "status": "ok", "reasons": ["current_change"]}
POWER_MONITOR_RECORD {"timestamp_pacific": "2026-08-02T12:29:07.328-07:00", "status": "ok", "reasons": ["current_change"]}
POWER_MONITOR_RECORD {"timestamp_pacific": "2026-08-02T12:29:10.346-07:00", "status": "ok", "reasons": ["current_change"]}
POWER_MONITOR_RECORD {"timestamp_pacific": "2026-08-02T12:29:12.358-07:00", "status": "ok", "reasons": ["current_change"]}
POWER_MONITOR_RECORD {"timestamp_pacific": "2026-08-02T12:29:16.382-07:00", "status": "ok", "reasons": ["current_change"]}
POWER_MONITOR_RECORD {"timestamp_pacific": "2026-08-02T12:29:18.394-07:00", "status": "ok", "reasons": ["current_change"]}
POWER_MONITOR_RECORD {"timestamp_pacific": "2026-08-02T12:29:25.436-07:00", "status": "ok", "reasons": ["current_change"]}
POWER_MONITOR_RECORD {"timestamp_pacific": "2026-08-02T12:29:26.442-07:00", "status": "ok", "reasons": ["current_change"]}
POWER_MONITOR_RECORD {"timestamp_pacific": "2026-08-02T12:29:28.455-07:00", "status": "ok", "reasons": ["current_change"]}
POWER_MONITOR_RECORD {"timestamp_pacific": "2026-08-02T12:29:29.461-07:00", "status": "ok", "reasons": ["current_change"]}
POWER_MONITOR_RECORD {"timestamp_pacific": "2026-08-02T12:29:32.479-07:00", "status": "ok", "reasons": ["current_change"]}
POWER_MONITOR_RECORD {"timestamp_pacific": "2026-08-02T12:29:33.486-07:00", "status": "ok", "reasons": ["current_change"]}
POWER_MONITOR_RECORD {"timestamp_pacific": "2026-08-02T12:29:35.498-07:00", "status": "ok", "reasons": ["current_change"]}
POWER_MONITOR_RECORD {"timestamp_pacific": "2026-08-02T12:29:36.505-07:00", "status": "ok", "reasons": ["current_change"]}
POWER_MONITOR_RECORD {"timestamp_pacific": "2026-08-02T12:29:41.535-07:00", "status": "ok", "reasons": ["current_change"]}
POWER_MONITOR_RECORD {"timestamp_pacific": "2026-08-02T12:29:46.564-07:00", "status": "ok", "reasons": ["current_change"]}
POWER_MONITOR_RECORD {"timestamp_pacific": "2026-08-02T12:29:48.577-07:00", "status": "ok", "reasons": ["current_change"]}
POWER_MONITOR_RECORD {"timestamp_pacific": "2026-08-02T12:29:50.589-07:00", "status": "ok", "reasons": ["current_change"]}
POWER_MONITOR_RECORD {"timestamp_pacific": "2026-08-02T12:29:54.613-07:00", "status": "ok", "reasons": ["current_change"]}
POWER_MONITOR_RECORD {"timestamp_pacific": "2026-08-02T12:29:59.643-07:00", "status": "ok", "reasons": ["current_change"]}
POWER_MONITOR_RECORD {"timestamp_pacific": "2026-08-02T12:30:01.656-07:00", "status": "ok", "reasons": ["current_change"]}
POWER_MONITOR_RECORD {"timestamp_pacific": "2026-08-02T12:30:02.662-07:00", "status": "ok", "reasons": ["current_change"]}
POWER_MONITOR_RECORD {"timestamp_pacific": "2026-08-02T12:30:06.679-07:00", "status": "ok", "reasons": ["current_change"]}
POWER_MONITOR_RECORD {"timestamp_pacific": "2026-08-02T12:30:09.687-07:00", "status": "ok", "reasons": ["current_change"]}
POWER_MONITOR_RECORD {"timestamp_pacific": "2026-08-02T12:30:11.699-07:00", "status": "ok", "reasons": ["current_change"]}
POWER_MONITOR_RECORD {"timestamp_pacific": "2026-08-02T12:30:12.706-07:00", "status": "ok", "reasons": ["current_change"]}
POWER_MONITOR_RECORD {"timestamp_pacific": "2026-08-02T12:30:21.759-07:00", "status": "ok", "reasons": ["current_change"]}
POWER_MONITOR_RECORD {"timestamp_pacific": "2026-08-02T12:30:23.771-07:00", "status": "ok", "reasons": ["current_change"]}
POWER_MONITOR_RECORD {"timestamp_pacific": "2026-08-02T12:30:24.778-07:00", "status": "ok", "reasons": ["current_change"]}
POWER_MONITOR_RECORD {"timestamp_pacific": "2026-08-02T12:30:43.889-07:00", "status": "ok", "reasons": ["current_change"]}
POWER_MONITOR_RECORD {"timestamp_pacific": "2026-08-02T12:30:52.941-07:00", "status": "ok", "reasons": ["current_change"]}
POWER_MONITOR_RECORD {"timestamp_pacific": "2026-08-02T12:30:54.954-07:00", "status": "ok", "reasons": ["current_change"]}
POWER_MONITOR_RECORD {"timestamp_pacific": "2026-08-02T12:30:56.966-07:00", "status": "ok", "reasons": ["current_change"]}
POWER_MONITOR_RECORD {"timestamp_pacific": "2026-08-02T12:30:59.984-07:00", "status": "ok", "reasons": ["current_change"]}
POWER_MONITOR_RECORD {"timestamp_pacific": "2026-08-02T12:31:00.991-07:00", "status": "ok", "reasons": ["current_change"]}
POWER_MONITOR_RECORD {"timestamp_pacific": "2026-08-02T12:31:01.996-07:00", "status": "ok", "reasons": ["current_change"]}
POWER_MONITOR_RECORD {"timestamp_pacific": "2026-08-02T12:31:03.003-07:00", "status": "ok", "reasons": ["current_change"]}
POWER_MONITOR_RECORD {"timestamp_pacific": "2026-08-02T12:31:04.009-07:00", "status": "ok", "reasons": ["current_change"]}
POWER_MONITOR_RECORD {"timestamp_pacific": "2026-08-02T12:31:08.034-07:00", "status": "ok", "reasons": ["current_change"]}
POWER_MONITOR_RECORD {"timestamp_pacific": "2026-08-02T12:31:09.040-07:00", "status": "ok", "reasons": ["current_change"]}
POWER_MONITOR_RECORD {"timestamp_pacific": "2026-08-02T12:31:10.047-07:00", "status": "ok", "reasons": ["current_change"]}
POWER_MONITOR_RECORD {"timestamp_pacific": "2026-08-02T12:31:15.077-07:00", "status": "ok", "reasons": ["current_change"]}
POWER_MONITOR_RECORD {"timestamp_pacific": "2026-08-02T12:31:20.107-07:00", "status": "ok", "reasons": ["current_change"]}
POWER_MONITOR_RECORD {"timestamp_pacific": "2026-08-02T12:31:23.125-07:00", "status": "ok", "reasons": ["current_change"]}
POWER_MONITOR_RECORD {"timestamp_pacific": "2026-08-02T12:31:24.131-07:00", "status": "ok", "reasons": ["current_change"]}
POWER_MONITOR_RECORD {"timestamp_pacific": "2026-08-02T12:31:26.144-07:00", "status": "ok", "reasons": ["current_change"]}
POWER_MONITOR_RECORD {"timestamp_pacific": "2026-08-02T12:31:30.168-07:00", "status": "ok", "reasons": ["current_change"]}
POWER_MONITOR_RECORD {"timestamp_pacific": "2026-08-02T12:31:33.186-07:00", "status": "ok", "reasons": ["current_change"]}
POWER_MONITOR_RECORD {"timestamp_pacific": "2026-08-02T12:31:36.204-07:00", "status": "ok", "reasons": ["current_change"]}
POWER_MONITOR_RECORD {"timestamp_pacific": "2026-08-02T12:31:39.222-07:00", "status": "ok", "reasons": ["current_change"]}
POWER_MONITOR_RECORD {"timestamp_pacific": "2026-08-02T12:31:40.228-07:00", "status": "ok", "reasons": ["current_change"]}
POWER_MONITOR_RECORD {"timestamp_pacific": "2026-08-02T12:31:41.235-07:00", "status": "ok", "reasons": ["current_change"]}
POWER_MONITOR_RECORD {"timestamp_pacific": "2026-08-02T12:31:45.259-07:00", "status": "ok", "reasons": ["current_change"]}
POWER_MONITOR_RECORD {"timestamp_pacific": "2026-08-02T12:31:49.283-07:00", "status": "ok", "reasons": ["current_change"]}
POWER_MONITOR_RECORD {"timestamp_pacific": "2026-08-02T12:31:54.313-07:00", "status": "ok", "reasons": ["current_change"]}
POWER_MONITOR_RECORD {"timestamp_pacific": "2026-08-02T12:31:55.319-07:00", "status": "ok", "reasons": ["current_change"]}
POWER_MONITOR_RECORD {"timestamp_pacific": "2026-08-02T12:31:59.343-07:00", "status": "ok", "reasons": ["current_change"]}
POWER_MONITOR_RECORD {"timestamp_pacific": "2026-08-02T12:32:01.356-07:00", "status": "ok", "reasons": ["current_change"]}
POWER_MONITOR_RECORD {"timestamp_pacific": "2026-08-02T12:32:02.362-07:00", "status": "ok", "reasons": ["current_change"]}
POWER_MONITOR_RECORD {"timestamp_pacific": "2026-08-02T12:32:10.392-07:00", "status": "ok", "reasons": ["current_change"]}
POWER_MONITOR_RECORD {"timestamp_pacific": "2026-08-02T12:32:12.405-07:00", "status": "ok", "reasons": ["current_change"]}
POWER_MONITOR_RECORD {"timestamp_pacific": "2026-08-02T12:32:13.411-07:00", "status": "ok", "reasons": ["current_change"]}
POWER_MONITOR_RECORD {"timestamp_pacific": "2026-08-02T12:32:14.418-07:00", "status": "ok", "reasons": ["current_change"]}
POWER_MONITOR_RECORD {"timestamp_pacific": "2026-08-02T12:32:17.436-07:00", "status": "ok", "reasons": ["current_change"]}
POWER_MONITOR_RECORD {"timestamp_pacific": "2026-08-02T12:32:23.472-07:00", "status": "ok", "reasons": ["current_change"]}
POWER_MONITOR_RECORD {"timestamp_pacific": "2026-08-02T12:32:26.490-07:00", "status": "ok", "reasons": ["current_change"]}
POWER_MONITOR_RECORD {"timestamp_pacific": "2026-08-02T12:32:30.514-07:00", "status": "ok", "reasons": ["current_change"]}
POWER_MONITOR_RECORD {"timestamp_pacific": "2026-08-02T12:32:31.520-07:00", "status": "ok", "reasons": ["current_change"]}
POWER_MONITOR_RECORD {"timestamp_pacific": "2026-08-02T12:32:36.550-07:00", "status": "ok", "reasons": ["current_change"]}
POWER_MONITOR_RECORD {"timestamp_pacific": "2026-08-02T12:32:42.586-07:00", "status": "ok", "reasons": ["current_change"]}
POWER_MONITOR_RECORD {"timestamp_pacific": "2026-08-02T12:32:43.592-07:00", "status": "ok", "reasons": ["current_change"]}
POWER_MONITOR_RECORD {"timestamp_pacific": "2026-08-02T12:32:49.628-07:00", "status": "ok", "reasons": ["current_change"]}
POWER_MONITOR_RECORD {"timestamp_pacific": "2026-08-02T12:33:01.698-07:00", "status": "ok", "reasons": ["current_change"]}
POWER_MONITOR_RECORD {"timestamp_pacific": "2026-08-02T12:33:02.705-07:00", "status": "ok", "reasons": ["current_change"]}
POWER_MONITOR_RECORD {"timestamp_pacific": "2026-08-02T12:33:05.723-07:00", "status": "ok", "reasons": ["current_change"]}
POWER_MONITOR_RECORD {"timestamp_pacific": "2026-08-02T12:33:07.736-07:00", "status": "ok", "reasons": ["current_change"]}
POWER_MONITOR_RECORD {"timestamp_pacific": "2026-08-02T12:33:12.767-07:00", "status": "ok", "reasons": ["current_change"]}
POWER_MONITOR_RECORD {"timestamp_pacific": "2026-08-02T12:33:13.774-07:00", "status": "ok", "reasons": ["current_change"]}
POWER_MONITOR_RECORD {"timestamp_pacific": "2026-08-02T12:33:16.792-07:00", "status": "ok", "reasons": ["current_change"]}
POWER_MONITOR_RECORD {"timestamp_pacific": "2026-08-02T12:33:24.839-07:00", "status": "ok", "reasons": ["current_change"]}
POWER_MONITOR_RECORD {"timestamp_pacific": "2026-08-02T12:33:25.845-07:00", "status": "ok", "reasons": ["current_change"]}
POWER_MONITOR_RECORD {"timestamp_pacific": "2026-08-02T12:33:33.893-07:00", "status": "ok", "reasons": ["current_change"]}
POWER_MONITOR_RECORD {"timestamp_pacific": "2026-08-02T12:33:34.899-07:00", "status": "ok", "reasons": ["current_change"]}
POWER_MONITOR_RECORD {"timestamp_pacific": "2026-08-02T12:33:35.906-07:00", "status": "ok", "reasons": ["current_change"]}
POWER_MONITOR_RECORD {"timestamp_pacific": "2026-08-02T12:33:36.912-07:00", "status": "ok", "reasons": ["current_change"]}
POWER_MONITOR_RECORD {"timestamp_pacific": "2026-08-02T12:33:37.919-07:00", "status": "ok", "reasons": ["current_change"]}
POWER_MONITOR_RECORD {"timestamp_pacific": "2026-08-02T12:33:38.925-07:00", "status": "ok", "reasons": ["current_change"]}
POWER_MONITOR_RECORD {"timestamp_pacific": "2026-08-02T12:33:44.963-07:00", "status": "ok", "reasons": ["current_change"]}
POWER_MONITOR_RECORD {"timestamp_pacific": "2026-08-02T12:33:47.981-07:00", "status": "ok", "reasons": ["current_change"]}
POWER_MONITOR_RECORD {"timestamp_pacific": "2026-08-02T12:33:48.987-07:00", "status": "ok", "reasons": ["current_change"]}
POWER_MONITOR_RECORD {"timestamp_pacific": "2026-08-02T12:33:49.994-07:00", "status": "ok", "reasons": ["current_change"]}
POWER_MONITOR_RECORD {"timestamp_pacific": "2026-08-02T12:33:51.001-07:00", "status": "ok", "reasons": ["current_change"]}
POWER_MONITOR_RECORD {"timestamp_pacific": "2026-08-02T12:33:54.020-07:00", "status": "ok", "reasons": ["current_change"]}
POWER_MONITOR_RECORD {"timestamp_pacific": "2026-08-02T12:34:00.055-07:00", "status": "ok", "reasons": ["current_change"]}
POWER_MONITOR_RECORD {"timestamp_pacific": "2026-08-02T12:34:01.060-07:00", "status": "ok", "reasons": ["current_change"]}
POWER_MONITOR_RECORD {"timestamp_pacific": "2026-08-02T12:34:02.067-07:00", "status": "ok", "reasons": ["current_change"]}
POWER_MONITOR_RECORD {"timestamp_pacific": "2026-08-02T12:34:04.079-07:00", "status": "ok", "reasons": ["current_change"]}
POWER_MONITOR_RECORD {"timestamp_pacific": "2026-08-02T12:34:07.095-07:00", "status": "ok", "reasons": ["current_change"]}
POWER_MONITOR_RECORD {"timestamp_pacific": "2026-08-02T12:34:08.102-07:00", "status": "ok", "reasons": ["current_change"]}
POWER_MONITOR_RECORD {"timestamp_pacific": "2026-08-02T12:34:13.132-07:00", "status": "ok", "reasons": ["current_change"]}
POWER_MONITOR_RECORD {"timestamp_pacific": "2026-08-02T12:34:15.144-07:00", "status": "ok", "reasons": ["current_change"]}
POWER_MONITOR_RECORD {"timestamp_pacific": "2026-08-02T12:34:21.180-07:00", "status": "ok", "reasons": ["current_change"]}
POWER_MONITOR_RECORD {"timestamp_pacific": "2026-08-02T12:34:22.186-07:00", "status": "ok", "reasons": ["current_change"]}
POWER_MONITOR_RECORD {"timestamp_pacific": "2026-08-02T12:34:24.198-07:00", "status": "ok", "reasons": ["current_change"]}
POWER_MONITOR_RECORD {"timestamp_pacific": "2026-08-02T12:34:34.257-07:00", "status": "ok", "reasons": ["current_change"]}
POWER_MONITOR_RECORD {"timestamp_pacific": "2026-08-02T12:34:35.264-07:00", "status": "ok", "reasons": ["current_change"]}
POWER_MONITOR_RECORD {"timestamp_pacific": "2026-08-02T12:34:43.311-07:00", "status": "ok", "reasons": ["current_change"]}
POWER_MONITOR_RECORD {"timestamp_pacific": "2026-08-02T12:34:51.358-07:00", "status": "ok", "reasons": ["current_change"]}
POWER_MONITOR_RECORD {"timestamp_pacific": "2026-08-02T12:35:01.417-07:00", "status": "ok", "reasons": ["current_change"]}
POWER_MONITOR_RECORD {"timestamp_pacific": "2026-08-02T12:35:02.423-07:00", "status": "ok", "reasons": ["current_change"]}
POWER_MONITOR_RECORD {"timestamp_pacific": "2026-08-02T12:35:07.453-07:00", "status": "ok", "reasons": ["current_change"]}
POWER_MONITOR_RECORD {"timestamp_pacific": "2026-08-02T12:35:16.507-07:00", "status": "ok", "reasons": ["current_change"]}
POWER_MONITOR_RECORD {"timestamp_pacific": "2026-08-02T12:35:17.513-07:00", "status": "ok", "reasons": ["current_change"]}
POWER_MONITOR_RECORD {"timestamp_pacific": "2026-08-02T12:35:23.549-07:00", "status": "ok", "reasons": ["current_change"]}
POWER_MONITOR_RECORD {"timestamp_pacific": "2026-08-02T12:35:24.555-07:00", "status": "ok", "reasons": ["current_change"]}
POWER_MONITOR_RECORD {"timestamp_pacific": "2026-08-02T12:35:25.562-07:00", "status": "ok", "reasons": ["current_change"]}
POWER_MONITOR_RECORD {"timestamp_pacific": "2026-08-02T12:35:33.609-07:00", "status": "ok", "reasons": ["current_change"]}
POWER_MONITOR_RECORD {"timestamp_pacific": "2026-08-02T12:35:35.621-07:00", "status": "ok", "reasons": ["current_change"]}
POWER_MONITOR_RECORD {"timestamp_pacific": "2026-08-02T12:35:38.640-07:00", "status": "ok", "reasons": ["current_change"]}
POWER_MONITOR_RECORD {"timestamp_pacific": "2026-08-02T12:35:41.658-07:00", "status": "ok", "reasons": ["current_change"]}
POWER_MONITOR_RECORD {"timestamp_pacific": "2026-08-02T12:35:42.664-07:00", "status": "ok", "reasons": ["current_change"]}
POWER_MONITOR_RECORD {"timestamp_pacific": "2026-08-02T12:35:45.682-07:00", "status": "ok", "reasons": ["current_change"]}
POWER_MONITOR_RECORD {"timestamp_pacific": "2026-08-02T12:35:53.729-07:00", "status": "ok", "reasons": ["current_change"]}
POWER_MONITOR_RECORD {"timestamp_pacific": "2026-08-02T12:35:55.742-07:00", "status": "ok", "reasons": ["current_change"]}
POWER_MONITOR_RECORD {"timestamp_pacific": "2026-08-02T12:35:56.748-07:00", "status": "ok", "reasons": ["current_change"]}
POWER_MONITOR_RECORD {"timestamp_pacific": "2026-08-02T12:35:57.755-07:00", "status": "ok", "reasons": ["current_change"]}
POWER_MONITOR_RECORD {"timestamp_pacific": "2026-08-02T12:36:01.779-07:00", "status": "ok", "reasons": ["current_change"]}
POWER_MONITOR_RECORD {"timestamp_pacific": "2026-08-02T12:36:03.791-07:00", "status": "ok", "reasons": ["current_change"]}
POWER_MONITOR_RECORD {"timestamp_pacific": "2026-08-02T12:36:06.809-07:00", "status": "ok", "reasons": ["current_change"]}
POWER_MONITOR_RECORD {"timestamp_pacific": "2026-08-02T12:36:08.822-07:00", "status": "ok", "reasons": ["current_change"]}
POWER_MONITOR_RECORD {"timestamp_pacific": "2026-08-02T12:36:12.845-07:00", "status": "ok", "reasons": ["current_change"]}
POWER_MONITOR_RECORD {"timestamp_pacific": "2026-08-02T12:36:20.893-07:00", "status": "ok", "reasons": ["current_change"]}
POWER_MONITOR_RECORD {"timestamp_pacific": "2026-08-02T12:36:21.899-07:00", "status": "ok", "reasons": ["current_change"]}
POWER_MONITOR_RECORD {"timestamp_pacific": "2026-08-02T12:36:22.906-07:00", "status": "ok", "reasons": ["current_change"]}
POWER_MONITOR_RECORD {"timestamp_pacific": "2026-08-02T12:36:25.926-07:00", "status": "ok", "reasons": ["current_change"]}
POWER_MONITOR_RECORD {"timestamp_pacific": "2026-08-02T12:36:29.950-07:00", "status": "ok", "reasons": ["current_change"]}
POWER_MONITOR_RECORD {"timestamp_pacific": "2026-08-02T12:36:37.997-07:00", "status": "ok", "reasons": ["current_change"]}
POWER_MONITOR_RECORD {"timestamp_pacific": "2026-08-02T12:37:00.125-07:00", "status": "ok", "reasons": ["current_change"]}
POWER_MONITOR_RECORD {"timestamp_pacific": "2026-08-02T12:37:01.131-07:00", "status": "ok", "reasons": ["current_change"]}
POWER_MONITOR_RECORD {"timestamp_pacific": "2026-08-02T12:37:02.137-07:00", "status": "ok", "reasons": ["current_change"]}
POWER_MONITOR_RECORD {"timestamp_pacific": "2026-08-02T12:37:04.149-07:00", "status": "ok", "reasons": ["current_change"]}
POWER_MONITOR_RECORD {"timestamp_pacific": "2026-08-02T12:37:05.154-07:00", "status": "ok", "reasons": ["current_change"]}
POWER_MONITOR_RECORD {"timestamp_pacific": "2026-08-02T12:37:06.157-07:00", "status": "ok", "reasons": ["current_change"]}
POWER_MONITOR_RECORD {"timestamp_pacific": "2026-08-02T12:37:15.199-07:00", "status": "ok", "reasons": ["current_change"]}
POWER_MONITOR_RECORD {"timestamp_pacific": "2026-08-02T12:37:19.223-07:00", "status": "ok", "reasons": ["current_change"]}
POWER_MONITOR_RECORD {"timestamp_pacific": "2026-08-02T12:37:27.270-07:00", "status": "ok", "reasons": ["current_change"]}
POWER_MONITOR_RECORD {"timestamp_pacific": "2026-08-02T12:37:29.282-07:00", "status": "ok", "reasons": ["current_change"]}
POWER_MONITOR_RECORD {"timestamp_pacific": "2026-08-02T12:37:30.289-07:00", "status": "ok", "reasons": ["current_change"]}
POWER_MONITOR_RECORD {"timestamp_pacific": "2026-08-02T12:37:34.313-07:00", "status": "ok", "reasons": ["current_change"]}
POWER_MONITOR_RECORD {"timestamp_pacific": "2026-08-02T12:37:35.319-07:00", "status": "ok", "reasons": ["current_change"]}
POWER_MONITOR_RECORD {"timestamp_pacific": "2026-08-02T12:37:36.326-07:00", "status": "ok", "reasons": ["current_change"]}
POWER_MONITOR_RECORD {"timestamp_pacific": "2026-08-02T12:37:54.431-07:00", "status": "ok", "reasons": ["current_change"]}
POWER_MONITOR_RECORD {"timestamp_pacific": "2026-08-02T12:37:55.437-07:00", "status": "ok", "reasons": ["current_change"]}
POWER_MONITOR_RECORD {"timestamp_pacific": "2026-08-02T12:38:00.467-07:00", "status": "ok", "reasons": ["current_change"]}
POWER_MONITOR_RECORD {"timestamp_pacific": "2026-08-02T12:38:01.474-07:00", "status": "ok", "reasons": ["current_change"]}
POWER_MONITOR_RECORD {"timestamp_pacific": "2026-08-02T12:38:02.480-07:00", "status": "ok", "reasons": ["current_change"]}
POWER_MONITOR_RECORD {"timestamp_pacific": "2026-08-02T12:38:04.493-07:00", "status": "ok", "reasons": ["current_change"]}
POWER_MONITOR_RECORD {"timestamp_pacific": "2026-08-02T12:38:05.499-07:00", "status": "ok", "reasons": ["current_change"]}
POWER_MONITOR_RECORD {"timestamp_pacific": "2026-08-02T12:38:07.511-07:00", "status": "ok", "reasons": ["current_change"]}
POWER_MONITOR_RECORD {"timestamp_pacific": "2026-08-02T12:38:16.564-07:00", "status": "ok", "reasons": ["current_change"]}
POWER_MONITOR_RECORD {"timestamp_pacific": "2026-08-02T12:38:17.571-07:00", "status": "ok", "reasons": ["current_change"]}
POWER_MONITOR_RECORD {"timestamp_pacific": "2026-08-02T12:38:18.577-07:00", "status": "ok", "reasons": ["current_change"]}
POWER_MONITOR_RECORD {"timestamp_pacific": "2026-08-02T12:38:21.598-07:00", "status": "ok", "reasons": ["current_change"]}
POWER_MONITOR_RECORD {"timestamp_pacific": "2026-08-02T12:38:23.610-07:00", "status": "ok", "reasons": ["current_change"]}
POWER_MONITOR_RECORD {"timestamp_pacific": "2026-08-02T12:38:29.645-07:00", "status": "ok", "reasons": ["current_change"]}
POWER_MONITOR_RECORD {"timestamp_pacific": "2026-08-02T12:38:43.730-07:00", "status": "ok", "reasons": ["current_change"]}
POWER_MONITOR_RECORD {"timestamp_pacific": "2026-08-02T12:38:48.760-07:00", "status": "ok", "reasons": ["current_change"]}
POWER_MONITOR_RECORD {"timestamp_pacific": "2026-08-02T12:38:49.766-07:00", "status": "ok", "reasons": ["current_change"]}
POWER_MONITOR_RECORD {"timestamp_pacific": "2026-08-02T12:38:53.790-07:00", "status": "ok", "reasons": ["current_change"]}
POWER_MONITOR_RECORD {"timestamp_pacific": "2026-08-02T12:39:03.849-07:00", "status": "ok", "reasons": ["current_change"]}
POWER_MONITOR_RECORD {"timestamp_pacific": "2026-08-02T12:39:04.855-07:00", "status": "ok", "reasons": ["current_change"]}
POWER_MONITOR_RECORD {"timestamp_pacific": "2026-08-02T12:39:08.865-07:00", "status": "ok", "reasons": ["current_change", "voltage_change"]}
POWER_MONITOR_RECORD {"timestamp_pacific": "2026-08-02T12:39:09.868-07:00", "status": "ok", "reasons": ["current_change", "voltage_change"]}
POWER_MONITOR_RECORD {"timestamp_pacific": "2026-08-02T12:39:15.904-07:00", "status": "ok", "reasons": ["current_change"]}
POWER_MONITOR_RECORD {"timestamp_pacific": "2026-08-02T12:39:16.910-07:00", "status": "ok", "reasons": ["current_change"]}
POWER_MONITOR_RECORD {"timestamp_pacific": "2026-08-02T12:39:20.930-07:00", "status": "ok", "reasons": ["current_change"]}
POWER_MONITOR_RECORD {"timestamp_pacific": "2026-08-02T12:39:21.933-07:00", "status": "ok", "reasons": ["current_change"]}
POWER_MONITOR_RECORD {"timestamp_pacific": "2026-08-02T12:39:22.936-07:00", "status": "ok", "reasons": ["current_change"]}
POWER_MONITOR_RECORD {"timestamp_pacific": "2026-08-02T12:39:24.941-07:00", "status": "ok", "reasons": ["current_change"]}
POWER_MONITOR_RECORD {"timestamp_pacific": "2026-08-02T12:39:25.947-07:00", "status": "ok", "reasons": ["current_change"]}
POWER_MONITOR_RECORD {"timestamp_pacific": "2026-08-02T12:39:33.995-07:00", "status": "ok", "reasons": ["current_change"]}
POWER_MONITOR_RECORD {"timestamp_pacific": "2026-08-02T12:39:45.059-07:00", "status": "ok", "reasons": ["current_change"]}
POWER_MONITOR_RECORD {"timestamp_pacific": "2026-08-02T12:39:51.095-07:00", "status": "ok", "reasons": ["current_change"]}
POWER_MONITOR_RECORD {"timestamp_pacific": "2026-08-02T12:39:52.101-07:00", "status": "ok", "reasons": ["current_change"]}
POWER_MONITOR_RECORD {"timestamp_pacific": "2026-08-02T12:39:53.108-07:00", "status": "ok", "reasons": ["current_change"]}
POWER_MONITOR_RECORD {"timestamp_pacific": "2026-08-02T12:39:55.120-07:00", "status": "ok", "reasons": ["current_change"]}
POWER_MONITOR_RECORD {"timestamp_pacific": "2026-08-02T12:39:58.138-07:00", "status": "ok", "reasons": ["current_change"]}
POWER_MONITOR_RECORD {"timestamp_pacific": "2026-08-02T12:40:01.146-07:00", "status": "ok", "reasons": ["current_change"]}
POWER_MONITOR_RECORD {"timestamp_pacific": "2026-08-02T12:40:02.149-07:00", "status": "ok", "reasons": ["current_change"]}
POWER_MONITOR_RECORD {"timestamp_pacific": "2026-08-02T12:40:04.157-07:00", "status": "ok", "reasons": ["current_change"]}
POWER_MONITOR_RECORD {"timestamp_pacific": "2026-08-02T12:40:06.163-07:00", "status": "ok", "reasons": ["current_change"]}
POWER_MONITOR_RECORD {"timestamp_pacific": "2026-08-02T12:40:12.188-07:00", "status": "ok", "reasons": ["current_change"]}
POWER_MONITOR_RECORD {"timestamp_pacific": "2026-08-02T12:40:13.194-07:00", "status": "ok", "reasons": ["current_change"]}
POWER_MONITOR_RECORD {"timestamp_pacific": "2026-08-02T12:40:14.201-07:00", "status": "ok", "reasons": ["current_change"]}
POWER_MONITOR_RECORD {"timestamp_pacific": "2026-08-02T12:40:15.207-07:00", "status": "ok", "reasons": ["current_change"]}
POWER_MONITOR_RECORD {"timestamp_pacific": "2026-08-02T12:40:23.255-07:00", "status": "ok", "reasons": ["current_change"]}
POWER_MONITOR_RECORD {"timestamp_pacific": "2026-08-02T12:40:25.267-07:00", "status": "ok", "reasons": ["current_change"]}
POWER_MONITOR_RECORD {"timestamp_pacific": "2026-08-02T12:40:28.288-07:00", "status": "ok", "reasons": ["current_change"]}
POWER_MONITOR_RECORD {"timestamp_pacific": "2026-08-02T12:40:31.306-07:00", "status": "ok", "reasons": ["current_change"]}
POWER_MONITOR_RECORD {"timestamp_pacific": "2026-08-02T12:40:33.320-07:00", "status": "ok", "reasons": ["current_change"]}
POWER_MONITOR_RECORD {"timestamp_pacific": "2026-08-02T12:40:52.431-07:00", "status": "ok", "reasons": ["current_change"]}
POWER_MONITOR_RECORD {"timestamp_pacific": "2026-08-02T12:40:56.455-07:00", "status": "ok", "reasons": ["current_change"]}
POWER_MONITOR_RECORD {"timestamp_pacific": "2026-08-02T12:41:01.485-07:00", "status": "ok", "reasons": ["current_change"]}
POWER_MONITOR_RECORD {"timestamp_pacific": "2026-08-02T12:41:02.491-07:00", "status": "ok", "reasons": ["current_change"]}
POWER_MONITOR_RECORD {"timestamp_pacific": "2026-08-02T12:41:08.527-07:00", "status": "ok", "reasons": ["current_change"]}
POWER_MONITOR_RECORD {"timestamp_pacific": "2026-08-02T12:41:09.533-07:00", "status": "ok", "reasons": ["current_change"]}
POWER_MONITOR_RECORD {"timestamp_pacific": "2026-08-02T12:41:13.559-07:00", "status": "ok", "reasons": ["current_change"]}
POWER_MONITOR_RECORD {"timestamp_pacific": "2026-08-02T12:41:14.566-07:00", "status": "ok", "reasons": ["current_change"]}
POWER_MONITOR_RECORD {"timestamp_pacific": "2026-08-02T12:41:17.584-07:00", "status": "ok", "reasons": ["current_change"]}
POWER_MONITOR_RECORD {"timestamp_pacific": "2026-08-02T12:41:32.671-07:00", "status": "ok", "reasons": ["current_change"]}
POWER_MONITOR_RECORD {"timestamp_pacific": "2026-08-02T12:41:35.689-07:00", "status": "ok", "reasons": ["current_change"]}
POWER_MONITOR_RECORD {"timestamp_pacific": "2026-08-02T12:41:37.703-07:00", "status": "ok", "reasons": ["current_change"]}
POWER_MONITOR_RECORD {"timestamp_pacific": "2026-08-02T12:41:40.721-07:00", "status": "ok", "reasons": ["current_change"]}
POWER_MONITOR_RECORD {"timestamp_pacific": "2026-08-02T12:41:41.728-07:00", "status": "ok", "reasons": ["current_change"]}
POWER_MONITOR_RECORD {"timestamp_pacific": "2026-08-02T12:41:43.740-07:00", "status": "ok", "reasons": ["current_change"]}
POWER_MONITOR_RECORD {"timestamp_pacific": "2026-08-02T12:42:00.839-07:00", "status": "ok", "reasons": ["current_change"]}
POWER_MONITOR_RECORD {"timestamp_pacific": "2026-08-02T12:42:01.846-07:00", "status": "ok", "reasons": ["current_change"]}
POWER_MONITOR_RECORD {"timestamp_pacific": "2026-08-02T12:42:02.852-07:00", "status": "ok", "reasons": ["current_change"]}
POWER_MONITOR_RECORD {"timestamp_pacific": "2026-08-02T12:42:03.859-07:00", "status": "ok", "reasons": ["current_change"]}
POWER_MONITOR_RECORD {"timestamp_pacific": "2026-08-02T12:42:04.865-07:00", "status": "ok", "reasons": ["current_change"]}
POWER_MONITOR_RECORD {"timestamp_pacific": "2026-08-02T12:42:07.883-07:00", "status": "ok", "reasons": ["current_change"]}
POWER_MONITOR_RECORD {"timestamp_pacific": "2026-08-02T12:42:10.902-07:00", "status": "ok", "reasons": ["current_change"]}
POWER_MONITOR_RECORD {"timestamp_pacific": "2026-08-02T12:42:11.908-07:00", "status": "ok", "reasons": ["current_change"]}
POWER_MONITOR_RECORD {"timestamp_pacific": "2026-08-02T12:42:21.967-07:00", "status": "ok", "reasons": ["current_change"]}
POWER_MONITOR_RECORD {"timestamp_pacific": "2026-08-02T12:42:30.014-07:00", "status": "ok", "reasons": ["current_change"]}
POWER_MONITOR_RECORD {"timestamp_pacific": "2026-08-02T12:42:34.038-07:00", "status": "ok", "reasons": ["current_change"]}
POWER_MONITOR_RECORD {"timestamp_pacific": "2026-08-02T12:42:39.068-07:00", "status": "ok", "reasons": ["current_change"]}
POWER_MONITOR_RECORD {"timestamp_pacific": "2026-08-02T12:42:49.127-07:00", "status": "ok", "reasons": ["current_change"]}
POWER_MONITOR_RECORD {"timestamp_pacific": "2026-08-02T12:42:51.139-07:00", "status": "ok", "reasons": ["current_change"]}
POWER_MONITOR_RECORD {"timestamp_pacific": "2026-08-02T12:42:52.146-07:00", "status": "ok", "reasons": ["current_change"]}
POWER_MONITOR_RECORD {"timestamp_pacific": "2026-08-02T12:42:54.158-07:00", "status": "ok", "reasons": ["current_change"]}
POWER_MONITOR_RECORD {"timestamp_pacific": "2026-08-02T12:43:01.199-07:00", "status": "ok", "reasons": ["current_change"]}
POWER_MONITOR_RECORD {"timestamp_pacific": "2026-08-02T12:43:02.206-07:00", "status": "ok", "reasons": ["current_change"]}
POWER_MONITOR_RECORD {"timestamp_pacific": "2026-08-02T12:43:08.240-07:00", "status": "ok", "reasons": ["current_change"]}
POWER_MONITOR_RECORD {"timestamp_pacific": "2026-08-02T12:43:14.276-07:00", "status": "ok", "reasons": ["current_change"]}
POWER_MONITOR_RECORD {"timestamp_pacific": "2026-08-02T12:43:21.317-07:00", "status": "ok", "reasons": ["current_change"]}
POWER_MONITOR_RECORD {"timestamp_pacific": "2026-08-02T12:43:22.324-07:00", "status": "ok", "reasons": ["current_change"]}
POWER_MONITOR_RECORD {"timestamp_pacific": "2026-08-02T12:43:37.412-07:00", "status": "ok", "reasons": ["current_change"]}
POWER_MONITOR_RECORD {"timestamp_pacific": "2026-08-02T12:43:44.453-07:00", "status": "ok", "reasons": ["current_change"]}
POWER_MONITOR_RECORD {"timestamp_pacific": "2026-08-02T12:43:46.465-07:00", "status": "ok", "reasons": ["current_change"]}
POWER_MONITOR_RECORD {"timestamp_pacific": "2026-08-02T12:43:47.472-07:00", "status": "ok", "reasons": ["current_change"]}
POWER_MONITOR_RECORD {"timestamp_pacific": "2026-08-02T12:43:48.479-07:00", "status": "ok", "reasons": ["current_change"]}
POWER_MONITOR_RECORD {"timestamp_pacific": "2026-08-02T12:43:58.537-07:00", "status": "ok", "reasons": ["current_change"]}
POWER_MONITOR_RECORD {"timestamp_pacific": "2026-08-02T12:44:01.556-07:00", "status": "ok", "reasons": ["current_change"]}
POWER_MONITOR_RECORD {"timestamp_pacific": "2026-08-02T12:44:02.562-07:00", "status": "ok", "reasons": ["current_change"]}
POWER_MONITOR_RECORD {"timestamp_pacific": "2026-08-02T12:44:04.575-07:00", "status": "ok", "reasons": ["current_change"]}
POWER_MONITOR_RECORD {"timestamp_pacific": "2026-08-02T12:44:05.577-07:00", "status": "ok", "reasons": ["current_change"]}
POWER_MONITOR_RECORD {"timestamp_pacific": "2026-08-02T12:44:08.585-07:00", "status": "ok", "reasons": ["current_change"]}
POWER_MONITOR_RECORD {"timestamp_pacific": "2026-08-02T12:44:13.611-07:00", "status": "ok", "reasons": ["current_change"]}
POWER_MONITOR_RECORD {"timestamp_pacific": "2026-08-02T12:44:36.746-07:00", "status": "ok", "reasons": ["current_change"]}
POWER_MONITOR_RECORD {"timestamp_pacific": "2026-08-02T12:44:37.752-07:00", "status": "ok", "reasons": ["current_change"]}
POWER_MONITOR_RECORD {"timestamp_pacific": "2026-08-02T12:44:40.771-07:00", "status": "ok", "reasons": ["current_change"]}
POWER_MONITOR_RECORD {"timestamp_pacific": "2026-08-02T12:44:47.812-07:00", "status": "ok", "reasons": ["current_change"]}
POWER_MONITOR_RECORD {"timestamp_pacific": "2026-08-02T12:44:48.819-07:00", "status": "ok", "reasons": ["current_change"]}
POWER_MONITOR_RECORD {"timestamp_pacific": "2026-08-02T12:45:48.163-07:00", "status": "ok", "reasons": ["current_change"]}
POWER_MONITOR_RECORD {"timestamp_pacific": "2026-08-02T12:46:01.239-07:00", "status": "ok", "reasons": ["current_change"]}
POWER_MONITOR_RECORD {"timestamp_pacific": "2026-08-02T12:46:02.246-07:00", "status": "ok", "reasons": ["current_change"]}
POWER_MONITOR_RECORD {"timestamp_pacific": "2026-08-02T12:46:12.287-07:00", "status": "ok", "reasons": ["current_change"]}
POWER_MONITOR_RECORD {"timestamp_pacific": "2026-08-02T12:46:18.323-07:00", "status": "ok", "reasons": ["current_change"]}
POWER_MONITOR_RECORD {"timestamp_pacific": "2026-08-02T12:46:19.330-07:00", "status": "ok", "reasons": ["current_change"]}
POWER_MONITOR_RECORD {"timestamp_pacific": "2026-08-02T12:46:22.348-07:00", "status": "ok", "reasons": ["current_change"]}
POWER_MONITOR_RECORD {"timestamp_pacific": "2026-08-02T12:46:24.360-07:00", "status": "ok", "reasons": ["current_change"]}
POWER_MONITOR_RECORD {"timestamp_pacific": "2026-08-02T12:46:26.372-07:00", "status": "ok", "reasons": ["current_change"]}
POWER_MONITOR_RECORD {"timestamp_pacific": "2026-08-02T12:46:31.402-07:00", "status": "ok", "reasons": ["current_change"]}
POWER_MONITOR_RECORD {"timestamp_pacific": "2026-08-02T12:46:40.455-07:00", "status": "ok", "reasons": ["current_change"]}
POWER_MONITOR_RECORD {"timestamp_pacific": "2026-08-02T12:46:41.462-07:00", "status": "ok", "reasons": ["current_change"]}
POWER_MONITOR_RECORD {"timestamp_pacific": "2026-08-02T12:46:42.468-07:00", "status": "ok", "reasons": ["current_change"]}
POWER_MONITOR_RECORD {"timestamp_pacific": "2026-08-02T12:46:43.475-07:00", "status": "ok", "reasons": ["current_change"]}
POWER_MONITOR_RECORD {"timestamp_pacific": "2026-08-02T12:46:44.481-07:00", "status": "ok", "reasons": ["current_change"]}
POWER_MONITOR_RECORD {"timestamp_pacific": "2026-08-02T12:46:45.488-07:00", "status": "ok", "reasons": ["current_change"]}
POWER_MONITOR_RECORD {"timestamp_pacific": "2026-08-02T12:46:46.498-07:00", "status": "ok", "reasons": ["current_change"]}
POWER_MONITOR_RECORD {"timestamp_pacific": "2026-08-02T12:46:47.504-07:00", "status": "ok", "reasons": ["current_change"]}
POWER_MONITOR_RECORD {"timestamp_pacific": "2026-08-02T12:46:48.511-07:00", "status": "ok", "reasons": ["current_change"]}
POWER_MONITOR_RECORD {"timestamp_pacific": "2026-08-02T12:46:49.517-07:00", "status": "ok", "reasons": ["current_change"]}
POWER_MONITOR_RECORD {"timestamp_pacific": "2026-08-02T12:46:52.535-07:00", "status": "ok", "reasons": ["current_change"]}
POWER_MONITOR_RECORD {"timestamp_pacific": "2026-08-02T12:46:56.559-07:00", "status": "ok", "reasons": ["current_change"]}
POWER_MONITOR_RECORD {"timestamp_pacific": "2026-08-02T12:47:01.589-07:00", "status": "ok", "reasons": ["current_change"]}
POWER_MONITOR_RECORD {"timestamp_pacific": "2026-08-02T12:47:07.614-07:00", "status": "ok", "reasons": ["current_change"]}
POWER_MONITOR_RECORD {"timestamp_pacific": "2026-08-02T12:47:13.643-07:00", "status": "ok", "reasons": ["current_change"]}
POWER_MONITOR_RECORD {"timestamp_pacific": "2026-08-02T12:47:15.655-07:00", "status": "ok", "reasons": ["current_change"]}
POWER_MONITOR_RECORD {"timestamp_pacific": "2026-08-02T12:47:16.662-07:00", "status": "ok", "reasons": ["current_change"]}
POWER_MONITOR_RECORD {"timestamp_pacific": "2026-08-02T12:47:17.668-07:00", "status": "ok", "reasons": ["current_change"]}
POWER_MONITOR_RECORD {"timestamp_pacific": "2026-08-02T12:47:37.785-07:00", "status": "ok", "reasons": ["current_change"]}
POWER_MONITOR_RECORD {"timestamp_pacific": "2026-08-02T12:47:38.792-07:00", "status": "ok", "reasons": ["current_change"]}
POWER_MONITOR_RECORD {"timestamp_pacific": "2026-08-02T12:47:44.832-07:00", "status": "ok", "reasons": ["current_change"]}
POWER_MONITOR_RECORD {"timestamp_pacific": "2026-08-02T12:47:46.844-07:00", "status": "ok", "reasons": ["current_change"]}
POWER_MONITOR_RECORD {"timestamp_pacific": "2026-08-02T12:47:52.880-07:00", "status": "ok", "reasons": ["current_change"]}
POWER_MONITOR_RECORD {"timestamp_pacific": "2026-08-02T12:47:55.898-07:00", "status": "ok", "reasons": ["current_change"]}
POWER_MONITOR_RECORD {"timestamp_pacific": "2026-08-02T12:47:58.916-07:00", "status": "ok", "reasons": ["current_change"]}
POWER_MONITOR_RECORD {"timestamp_pacific": "2026-08-02T12:47:59.922-07:00", "status": "ok", "reasons": ["current_change"]}
POWER_MONITOR_RECORD {"timestamp_pacific": "2026-08-02T12:48:00.929-07:00", "status": "ok", "reasons": ["current_change"]}
POWER_MONITOR_RECORD {"timestamp_pacific": "2026-08-02T12:48:01.936-07:00", "status": "ok", "reasons": ["current_change"]}
POWER_MONITOR_RECORD {"timestamp_pacific": "2026-08-02T12:48:02.942-07:00", "status": "ok", "reasons": ["current_change"]}
POWER_MONITOR_RECORD {"timestamp_pacific": "2026-08-02T12:48:03.949-07:00", "status": "ok", "reasons": ["current_change"]}
POWER_MONITOR_RECORD {"timestamp_pacific": "2026-08-02T12:48:04.959-07:00", "status": "ok", "reasons": ["current_change"]}
POWER_MONITOR_RECORD {"timestamp_pacific": "2026-08-02T12:48:07.977-07:00", "status": "ok", "reasons": ["current_change"]}
POWER_MONITOR_RECORD {"timestamp_pacific": "2026-08-02T12:48:14.013-07:00", "status": "ok", "reasons": ["current_change"]}
POWER_MONITOR_RECORD {"timestamp_pacific": "2026-08-02T12:48:17.031-07:00", "status": "ok", "reasons": ["current_change"]}
POWER_MONITOR_RECORD {"timestamp_pacific": "2026-08-02T12:48:29.102-07:00", "status": "ok", "reasons": ["current_change"]}
POWER_MONITOR_RECORD {"timestamp_pacific": "2026-08-02T12:48:30.108-07:00", "status": "ok", "reasons": ["current_change"]}
POWER_MONITOR_RECORD {"timestamp_pacific": "2026-08-02T12:48:36.144-07:00", "status": "ok", "reasons": ["current_change"]}
POWER_MONITOR_RECORD {"timestamp_pacific": "2026-08-02T12:48:37.150-07:00", "status": "ok", "reasons": ["current_change"]}
POWER_MONITOR_RECORD {"timestamp_pacific": "2026-08-02T12:48:41.174-07:00", "status": "ok", "reasons": ["current_change"]}
POWER_MONITOR_RECORD {"timestamp_pacific": "2026-08-02T12:48:48.219-07:00", "status": "ok", "reasons": ["current_change"]}
POWER_MONITOR_RECORD {"timestamp_pacific": "2026-08-02T12:48:50.231-07:00", "status": "ok", "reasons": ["current_change"]}
POWER_MONITOR_RECORD {"timestamp_pacific": "2026-08-02T12:48:51.238-07:00", "status": "ok", "reasons": ["current_change"]}
POWER_MONITOR_RECORD {"timestamp_pacific": "2026-08-02T12:48:55.262-07:00", "status": "ok", "reasons": ["current_change"]}
POWER_MONITOR_RECORD {"timestamp_pacific": "2026-08-02T12:48:56.268-07:00", "status": "ok", "reasons": ["current_change"]}
POWER_MONITOR_RECORD {"timestamp_pacific": "2026-08-02T12:49:00.292-07:00", "status": "ok", "reasons": ["current_change"]}
POWER_MONITOR_RECORD {"timestamp_pacific": "2026-08-02T12:49:01.302-07:00", "status": "ok", "reasons": ["current_change"]}
POWER_MONITOR_RECORD {"timestamp_pacific": "2026-08-02T12:49:02.308-07:00", "status": "ok", "reasons": ["current_change"]}
POWER_MONITOR_RECORD {"timestamp_pacific": "2026-08-02T12:49:03.315-07:00", "status": "ok", "reasons": ["current_change"]}
POWER_MONITOR_RECORD {"timestamp_pacific": "2026-08-02T12:49:04.322-07:00", "status": "ok", "reasons": ["current_change"]}
POWER_MONITOR_RECORD {"timestamp_pacific": "2026-08-02T12:49:07.340-07:00", "status": "ok", "reasons": ["current_change"]}
POWER_MONITOR_RECORD {"timestamp_pacific": "2026-08-02T12:49:12.370-07:00", "status": "ok", "reasons": ["current_change"]}
POWER_MONITOR_RECORD {"timestamp_pacific": "2026-08-02T12:49:14.382-07:00", "status": "ok", "reasons": ["current_change"]}
POWER_MONITOR_RECORD {"timestamp_pacific": "2026-08-02T12:49:15.388-07:00", "status": "ok", "reasons": ["current_change"]}
POWER_MONITOR_RECORD {"timestamp_pacific": "2026-08-02T12:49:17.401-07:00", "status": "ok", "reasons": ["current_change"]}
POWER_MONITOR_RECORD {"timestamp_pacific": "2026-08-02T12:49:20.423-07:00", "status": "ok", "reasons": ["current_change"]}
POWER_MONITOR_RECORD {"timestamp_pacific": "2026-08-02T12:49:21.429-07:00", "status": "ok", "reasons": ["current_change"]}
POWER_MONITOR_RECORD {"timestamp_pacific": "2026-08-02T12:49:22.436-07:00", "status": "ok", "reasons": ["current_change"]}
POWER_MONITOR_RECORD {"timestamp_pacific": "2026-08-02T12:49:23.448-07:00", "status": "ok", "reasons": ["current_change"]}
POWER_MONITOR_RECORD {"timestamp_pacific": "2026-08-02T12:49:24.454-07:00", "status": "ok", "reasons": ["current_change"]}
POWER_MONITOR_RECORD {"timestamp_pacific": "2026-08-02T12:49:26.467-07:00", "status": "ok", "reasons": ["current_change"]}
POWER_MONITOR_RECORD {"timestamp_pacific": "2026-08-02T12:49:27.473-07:00", "status": "ok", "reasons": ["current_change"]}
POWER_MONITOR_RECORD {"timestamp_pacific": "2026-08-02T12:49:28.483-07:00", "status": "ok", "reasons": ["current_change"]}
POWER_MONITOR_RECORD {"timestamp_pacific": "2026-08-02T12:49:36.530-07:00", "status": "ok", "reasons": ["current_change"]}
POWER_MONITOR_RECORD {"timestamp_pacific": "2026-08-02T12:49:37.536-07:00", "status": "ok", "reasons": ["current_change"]}
POWER_MONITOR_RECORD {"timestamp_pacific": "2026-08-02T12:49:48.601-07:00", "status": "ok", "reasons": ["current_change"]}
POWER_MONITOR_RECORD {"timestamp_pacific": "2026-08-02T12:49:50.613-07:00", "status": "ok", "reasons": ["current_change"]}
POWER_MONITOR_RECORD {"timestamp_pacific": "2026-08-02T12:49:56.649-07:00", "status": "ok", "reasons": ["current_change"]}
POWER_MONITOR_RECORD {"timestamp_pacific": "2026-08-02T12:49:57.655-07:00", "status": "ok", "reasons": ["current_change"]}
POWER_MONITOR_RECORD {"timestamp_pacific": "2026-08-02T12:50:03.691-07:00", "status": "ok", "reasons": ["current_change"]}
POWER_MONITOR_RECORD {"timestamp_pacific": "2026-08-02T12:50:05.703-07:00", "status": "ok", "reasons": ["current_change"]}
POWER_MONITOR_RECORD {"timestamp_pacific": "2026-08-02T12:50:12.745-07:00", "status": "ok", "reasons": ["current_change"]}
POWER_MONITOR_RECORD {"timestamp_pacific": "2026-08-02T12:50:13.752-07:00", "status": "ok", "reasons": ["current_change"]}
POWER_MONITOR_RECORD {"timestamp_pacific": "2026-08-02T12:50:15.764-07:00", "status": "ok", "reasons": ["current_change"]}
POWER_MONITOR_RECORD {"timestamp_pacific": "2026-08-02T12:50:16.770-07:00", "status": "ok", "reasons": ["current_change"]}
POWER_MONITOR_RECORD {"timestamp_pacific": "2026-08-02T12:50:18.783-07:00", "status": "ok", "reasons": ["current_change"]}
POWER_MONITOR_RECORD {"timestamp_pacific": "2026-08-02T12:50:19.792-07:00", "status": "ok", "reasons": ["current_change"]}
POWER_MONITOR_RECORD {"timestamp_pacific": "2026-08-02T12:50:21.804-07:00", "status": "ok", "reasons": ["current_change"]}
POWER_MONITOR_RECORD {"timestamp_pacific": "2026-08-02T12:50:28.846-07:00", "status": "ok", "reasons": ["current_change"]}
POWER_MONITOR_RECORD {"timestamp_pacific": "2026-08-02T12:50:29.852-07:00", "status": "ok", "reasons": ["current_change"]}
POWER_MONITOR_RECORD {"timestamp_pacific": "2026-08-02T12:50:35.888-07:00", "status": "ok", "reasons": ["current_change"]}
POWER_MONITOR_RECORD {"timestamp_pacific": "2026-08-02T12:50:39.912-07:00", "status": "ok", "reasons": ["current_change"]}
POWER_MONITOR_RECORD {"timestamp_pacific": "2026-08-02T12:50:40.918-07:00", "status": "ok", "reasons": ["current_change"]}
POWER_MONITOR_RECORD {"timestamp_pacific": "2026-08-02T12:50:58.024-07:00", "status": "ok", "reasons": ["current_change"]}
POWER_MONITOR_RECORD {"timestamp_pacific": "2026-08-02T12:50:59.030-07:00", "status": "ok", "reasons": ["current_change"]}
POWER_MONITOR_RECORD {"timestamp_pacific": "2026-08-02T12:51:01.042-07:00", "status": "ok", "reasons": ["current_change"]}
POWER_MONITOR_RECORD {"timestamp_pacific": "2026-08-02T12:51:02.049-07:00", "status": "ok", "reasons": ["current_change"]}
POWER_MONITOR_RECORD {"timestamp_pacific": "2026-08-02T12:51:04.062-07:00", "status": "ok", "reasons": ["current_change"]}
POWER_MONITOR_RECORD {"timestamp_pacific": "2026-08-02T12:51:10.081-07:00", "status": "ok", "reasons": ["current_change"]}
POWER_MONITOR_RECORD {"timestamp_pacific": "2026-08-02T12:51:12.094-07:00", "status": "ok", "reasons": ["current_change"]}
POWER_MONITOR_RECORD {"timestamp_pacific": "2026-08-02T12:51:17.123-07:00", "status": "ok", "reasons": ["current_change"]}
POWER_MONITOR_RECORD {"timestamp_pacific": "2026-08-02T12:51:18.130-07:00", "status": "ok", "reasons": ["current_change"]}
POWER_MONITOR_RECORD {"timestamp_pacific": "2026-08-02T12:51:21.148-07:00", "status": "ok", "reasons": ["current_change"]}
POWER_MONITOR_RECORD {"timestamp_pacific": "2026-08-02T12:51:25.172-07:00", "status": "ok", "reasons": ["current_change"]}
POWER_MONITOR_RECORD {"timestamp_pacific": "2026-08-02T12:51:28.190-07:00", "status": "ok", "reasons": ["current_change"]}
POWER_MONITOR_RECORD {"timestamp_pacific": "2026-08-02T12:51:33.219-07:00", "status": "ok", "reasons": ["current_change"]}
POWER_MONITOR_RECORD {"timestamp_pacific": "2026-08-02T12:51:35.232-07:00", "status": "ok", "reasons": ["current_change"]}
POWER_MONITOR_RECORD {"timestamp_pacific": "2026-08-02T12:51:53.337-07:00", "status": "ok", "reasons": ["current_change"]}
POWER_MONITOR_RECORD {"timestamp_pacific": "2026-08-02T12:51:54.343-07:00", "status": "ok", "reasons": ["current_change"]}
POWER_MONITOR_RECORD {"timestamp_pacific": "2026-08-02T12:52:01.385-07:00", "status": "ok", "reasons": ["current_change"]}
POWER_MONITOR_RECORD {"timestamp_pacific": "2026-08-02T12:52:02.391-07:00", "status": "ok", "reasons": ["current_change"]}
POWER_MONITOR_RECORD {"timestamp_pacific": "2026-08-02T12:52:06.408-07:00", "status": "ok", "reasons": ["current_change"]}
POWER_MONITOR_RECORD {"timestamp_pacific": "2026-08-02T12:52:12.436-07:00", "status": "ok", "reasons": ["current_change"]}
POWER_MONITOR_RECORD {"timestamp_pacific": "2026-08-02T12:52:13.443-07:00", "status": "ok", "reasons": ["current_change"]}
POWER_MONITOR_RECORD {"timestamp_pacific": "2026-08-02T12:52:24.508-07:00", "status": "ok", "reasons": ["current_change"]}
POWER_MONITOR_RECORD {"timestamp_pacific": "2026-08-02T12:52:28.531-07:00", "status": "ok", "reasons": ["current_change"]}
POWER_MONITOR_RECORD {"timestamp_pacific": "2026-08-02T12:52:30.544-07:00", "status": "ok", "reasons": ["current_change"]}
POWER_MONITOR_RECORD {"timestamp_pacific": "2026-08-02T12:52:32.556-07:00", "status": "ok", "reasons": ["current_change"]}
POWER_MONITOR_RECORD {"timestamp_pacific": "2026-08-02T12:52:36.580-07:00", "status": "ok", "reasons": ["current_change"]}
POWER_MONITOR_RECORD {"timestamp_pacific": "2026-08-02T12:52:37.586-07:00", "status": "ok", "reasons": ["current_change"]}
POWER_MONITOR_RECORD {"timestamp_pacific": "2026-08-02T12:52:40.604-07:00", "status": "ok", "reasons": ["current_change"]}
POWER_MONITOR_RECORD {"timestamp_pacific": "2026-08-02T12:52:48.652-07:00", "status": "ok", "reasons": ["current_change"]}
POWER_MONITOR_RECORD {"timestamp_pacific": "2026-08-02T12:52:49.658-07:00", "status": "ok", "reasons": ["current_change"]}
POWER_MONITOR_RECORD {"timestamp_pacific": "2026-08-02T12:52:50.665-07:00", "status": "ok", "reasons": ["current_change"]}
POWER_MONITOR_RECORD {"timestamp_pacific": "2026-08-02T12:52:52.677-07:00", "status": "ok", "reasons": ["current_change"]}
POWER_MONITOR_RECORD {"timestamp_pacific": "2026-08-02T12:52:53.683-07:00", "status": "ok", "reasons": ["current_change"]}
POWER_MONITOR_RECORD {"timestamp_pacific": "2026-08-02T12:52:55.699-07:00", "status": "ok", "reasons": ["current_change"]}
POWER_MONITOR_RECORD {"timestamp_pacific": "2026-08-02T12:53:00.729-07:00", "status": "ok", "reasons": ["current_change"]}
POWER_MONITOR_RECORD {"timestamp_pacific": "2026-08-02T12:53:01.736-07:00", "status": "ok", "reasons": ["current_change"]}
POWER_MONITOR_RECORD {"timestamp_pacific": "2026-08-02T12:53:05.760-07:00", "status": "ok", "reasons": ["current_change"]}
POWER_MONITOR_RECORD {"timestamp_pacific": "2026-08-02T12:53:06.769-07:00", "status": "ok", "reasons": ["current_change"]}
POWER_MONITOR_RECORD {"timestamp_pacific": "2026-08-02T12:53:10.793-07:00", "status": "ok", "reasons": ["current_change"]}
POWER_MONITOR_RECORD {"timestamp_pacific": "2026-08-02T12:53:11.800-07:00", "status": "ok", "reasons": ["current_change"]}
POWER_MONITOR_RECORD {"timestamp_pacific": "2026-08-02T12:53:12.806-07:00", "status": "ok", "reasons": ["current_change"]}
POWER_MONITOR_RECORD {"timestamp_pacific": "2026-08-02T12:53:13.813-07:00", "status": "ok", "reasons": ["current_change"]}
POWER_MONITOR_RECORD {"timestamp_pacific": "2026-08-02T12:53:33.930-07:00", "status": "ok", "reasons": ["current_change"]}
POWER_MONITOR_RECORD {"timestamp_pacific": "2026-08-02T12:53:35.942-07:00", "status": "ok", "reasons": ["current_change"]}
POWER_MONITOR_RECORD {"timestamp_pacific": "2026-08-02T12:53:42.984-07:00", "status": "ok", "reasons": ["current_change"]}
POWER_MONITOR_RECORD {"timestamp_pacific": "2026-08-02T12:53:47.008-07:00", "status": "ok", "reasons": ["current_change"]}
POWER_MONITOR_RECORD {"timestamp_pacific": "2026-08-02T12:53:48.014-07:00", "status": "ok", "reasons": ["current_change"]}
POWER_MONITOR_RECORD {"timestamp_pacific": "2026-08-02T12:53:49.024-07:00", "status": "ok", "reasons": ["current_change"]}
POWER_MONITOR_RECORD {"timestamp_pacific": "2026-08-02T12:53:53.048-07:00", "status": "ok", "reasons": ["current_change"]}
POWER_MONITOR_RECORD {"timestamp_pacific": "2026-08-02T12:54:05.116-07:00", "status": "ok", "reasons": ["current_change"]}
POWER_MONITOR_RECORD {"timestamp_pacific": "2026-08-02T12:54:08.124-07:00", "status": "ok", "reasons": ["current_change"]}
POWER_MONITOR_RECORD {"timestamp_pacific": "2026-08-02T12:54:15.162-07:00", "status": "ok", "reasons": ["current_change"]}
POWER_MONITOR_RECORD {"timestamp_pacific": "2026-08-02T12:54:16.168-07:00", "status": "ok", "reasons": ["current_change"]}
POWER_MONITOR_RECORD {"timestamp_pacific": "2026-08-02T12:54:17.175-07:00", "status": "ok", "reasons": ["current_change"]}
POWER_MONITOR_RECORD {"timestamp_pacific": "2026-08-02T12:54:21.199-07:00", "status": "ok", "reasons": ["current_change"]}
POWER_MONITOR_RECORD {"timestamp_pacific": "2026-08-02T12:54:23.211-07:00", "status": "ok", "reasons": ["current_change"]}
POWER_MONITOR_RECORD {"timestamp_pacific": "2026-08-02T12:54:25.223-07:00", "status": "ok", "reasons": ["current_change"]}
POWER_MONITOR_RECORD {"timestamp_pacific": "2026-08-02T12:54:26.230-07:00", "status": "ok", "reasons": ["current_change"]}
POWER_MONITOR_RECORD {"timestamp_pacific": "2026-08-02T12:54:27.274-07:00", "status": "ok", "reasons": ["current_change"]}
POWER_MONITOR_RECORD {"timestamp_pacific": "2026-08-02T12:54:34.315-07:00", "status": "ok", "reasons": ["current_change"]}
POWER_MONITOR_RECORD {"timestamp_pacific": "2026-08-02T12:54:36.328-07:00", "status": "ok", "reasons": ["current_change"]}
POWER_MONITOR_RECORD {"timestamp_pacific": "2026-08-02T12:54:43.369-07:00", "status": "ok", "reasons": ["current_change"]}
POWER_MONITOR_RECORD {"timestamp_pacific": "2026-08-02T12:54:53.428-07:00", "status": "ok", "reasons": ["current_change"]}
POWER_MONITOR_RECORD {"timestamp_pacific": "2026-08-02T12:54:56.446-07:00", "status": "ok", "reasons": ["current_change"]}
POWER_MONITOR_RECORD {"timestamp_pacific": "2026-08-02T12:54:58.458-07:00", "status": "ok", "reasons": ["current_change"]}
POWER_MONITOR_RECORD {"timestamp_pacific": "2026-08-02T12:55:00.474-07:00", "status": "ok", "reasons": ["current_change"]}
POWER_MONITOR_RECORD {"timestamp_pacific": "2026-08-02T12:55:01.481-07:00", "status": "ok", "reasons": ["current_change"]}
POWER_MONITOR_RECORD {"timestamp_pacific": "2026-08-02T12:55:02.487-07:00", "status": "ok", "reasons": ["current_change"]}
POWER_MONITOR_RECORD {"timestamp_pacific": "2026-08-02T12:55:06.511-07:00", "status": "ok", "reasons": ["current_change"]}
POWER_MONITOR_RECORD {"timestamp_pacific": "2026-08-02T12:55:07.518-07:00", "status": "ok", "reasons": ["current_change"]}
POWER_MONITOR_RECORD {"timestamp_pacific": "2026-08-02T12:55:08.524-07:00", "status": "ok", "reasons": ["current_change"]}
POWER_MONITOR_RECORD {"timestamp_pacific": "2026-08-02T12:55:12.548-07:00", "status": "ok", "reasons": ["current_change"]}
POWER_MONITOR_RECORD {"timestamp_pacific": "2026-08-02T12:55:13.555-07:00", "status": "ok", "reasons": ["current_change"]}
POWER_MONITOR_RECORD {"timestamp_pacific": "2026-08-02T12:55:14.561-07:00", "status": "ok", "reasons": ["current_change"]}
POWER_MONITOR_RECORD {"timestamp_pacific": "2026-08-02T12:55:16.574-07:00", "status": "ok", "reasons": ["current_change"]}
POWER_MONITOR_RECORD {"timestamp_pacific": "2026-08-02T12:55:21.603-07:00", "status": "ok", "reasons": ["current_change"]}
POWER_MONITOR_RECORD {"timestamp_pacific": "2026-08-02T12:55:23.616-07:00", "status": "ok", "reasons": ["current_change"]}
POWER_MONITOR_RECORD {"timestamp_pacific": "2026-08-02T12:55:42.727-07:00", "status": "ok", "reasons": ["current_change"]}
POWER_MONITOR_RECORD {"timestamp_pacific": "2026-08-02T12:55:43.734-07:00", "status": "ok", "reasons": ["current_change"]}
POWER_MONITOR_RECORD {"timestamp_pacific": "2026-08-02T12:55:44.740-07:00", "status": "ok", "reasons": ["current_change"]}
POWER_MONITOR_RECORD {"timestamp_pacific": "2026-08-02T12:55:48.764-07:00", "status": "ok", "reasons": ["current_change"]}
POWER_MONITOR_RECORD {"timestamp_pacific": "2026-08-02T12:55:50.776-07:00", "status": "ok", "reasons": ["current_change"]}
POWER_MONITOR_RECORD {"timestamp_pacific": "2026-08-02T12:55:51.783-07:00", "status": "ok", "reasons": ["current_change"]}
POWER_MONITOR_RECORD {"timestamp_pacific": "2026-08-02T12:55:54.801-07:00", "status": "ok", "reasons": ["current_change"]}
POWER_MONITOR_RECORD {"timestamp_pacific": "2026-08-02T12:55:57.819-07:00", "status": "ok", "reasons": ["current_change"]}
POWER_MONITOR_RECORD {"timestamp_pacific": "2026-08-02T12:55:58.826-07:00", "status": "ok", "reasons": ["current_change"]}
POWER_MONITOR_RECORD {"timestamp_pacific": "2026-08-02T12:55:59.832-07:00", "status": "ok", "reasons": ["current_change"]}
POWER_MONITOR_RECORD {"timestamp_pacific": "2026-08-02T12:56:02.854-07:00", "status": "ok", "reasons": ["current_change"]}
POWER_MONITOR_RECORD {"timestamp_pacific": "2026-08-02T12:56:05.868-07:00", "status": "ok", "reasons": ["current_change"]}
POWER_MONITOR_RECORD {"timestamp_pacific": "2026-08-02T12:56:09.878-07:00", "status": "ok", "reasons": ["current_change"]}
POWER_MONITOR_RECORD {"timestamp_pacific": "2026-08-02T12:56:14.908-07:00", "status": "ok", "reasons": ["current_change"]}
POWER_MONITOR_RECORD {"timestamp_pacific": "2026-08-02T12:56:15.914-07:00", "status": "ok", "reasons": ["current_change"]}
POWER_MONITOR_RECORD {"timestamp_pacific": "2026-08-02T12:56:17.927-07:00", "status": "ok", "reasons": ["current_change"]}
POWER_MONITOR_RECORD {"timestamp_pacific": "2026-08-02T12:56:25.974-07:00", "status": "ok", "reasons": ["current_change"]}
POWER_MONITOR_RECORD {"timestamp_pacific": "2026-08-02T12:56:26.981-07:00", "status": "ok", "reasons": ["current_change"]}
POWER_MONITOR_RECORD {"timestamp_pacific": "2026-08-02T12:56:36.034-07:00", "status": "ok", "reasons": ["current_change"]}
POWER_MONITOR_RECORD {"timestamp_pacific": "2026-08-02T12:56:37.040-07:00", "status": "ok", "reasons": ["current_change"]}
POWER_MONITOR_RECORD {"timestamp_pacific": "2026-08-02T12:56:38.046-07:00", "status": "ok", "reasons": ["current_change"]}
POWER_MONITOR_RECORD {"timestamp_pacific": "2026-08-02T12:56:45.088-07:00", "status": "ok", "reasons": ["current_change"]}
POWER_MONITOR_RECORD {"timestamp_pacific": "2026-08-02T12:56:46.095-07:00", "status": "ok", "reasons": ["current_change"]}
POWER_MONITOR_RECORD {"timestamp_pacific": "2026-08-02T12:56:48.107-07:00", "status": "ok", "reasons": ["current_change"]}
POWER_MONITOR_RECORD {"timestamp_pacific": "2026-08-02T12:56:52.131-07:00", "status": "ok", "reasons": ["current_change"]}
POWER_MONITOR_RECORD {"timestamp_pacific": "2026-08-02T12:56:53.137-07:00", "status": "ok", "reasons": ["current_change"]}
POWER_MONITOR_RECORD {"timestamp_pacific": "2026-08-02T12:56:58.167-07:00", "status": "ok", "reasons": ["current_change"]}
POWER_MONITOR_RECORD {"timestamp_pacific": "2026-08-02T12:57:00.180-07:00", "status": "ok", "reasons": ["current_change"]}
POWER_MONITOR_RECORD {"timestamp_pacific": "2026-08-02T12:57:07.209-07:00", "status": "ok", "reasons": ["current_change"]}
POWER_MONITOR_RECORD {"timestamp_pacific": "2026-08-02T12:57:12.232-07:00", "status": "ok", "reasons": ["current_change"]}
POWER_MONITOR_RECORD {"timestamp_pacific": "2026-08-02T12:57:13.238-07:00", "status": "ok", "reasons": ["current_change"]}
POWER_MONITOR_RECORD {"timestamp_pacific": "2026-08-02T12:57:22.291-07:00", "status": "ok", "reasons": ["current_change"]}
POWER_MONITOR_RECORD {"timestamp_pacific": "2026-08-02T12:57:23.297-07:00", "status": "ok", "reasons": ["current_change"]}
POWER_MONITOR_RECORD {"timestamp_pacific": "2026-08-02T12:57:33.356-07:00", "status": "ok", "reasons": ["current_change"]}
POWER_MONITOR_RECORD {"timestamp_pacific": "2026-08-02T12:57:35.368-07:00", "status": "ok", "reasons": ["current_change"]}
POWER_MONITOR_RECORD {"timestamp_pacific": "2026-08-02T12:57:36.375-07:00", "status": "ok", "reasons": ["current_change"]}
POWER_MONITOR_RECORD {"timestamp_pacific": "2026-08-02T12:57:51.463-07:00", "status": "ok", "reasons": ["current_change"]}
POWER_MONITOR_RECORD {"timestamp_pacific": "2026-08-02T12:57:52.469-07:00", "status": "ok", "reasons": ["current_change"]}
POWER_MONITOR_RECORD {"timestamp_pacific": "2026-08-02T12:57:53.476-07:00", "status": "ok", "reasons": ["current_change"]}
POWER_MONITOR_RECORD {"timestamp_pacific": "2026-08-02T12:57:55.488-07:00", "status": "ok", "reasons": ["current_change"]}
POWER_MONITOR_RECORD {"timestamp_pacific": "2026-08-02T12:57:56.495-07:00", "status": "ok", "reasons": ["current_change"]}
POWER_MONITOR_RECORD {"timestamp_pacific": "2026-08-02T12:57:58.508-07:00", "status": "ok", "reasons": ["current_change"]}
POWER_MONITOR_RECORD {"timestamp_pacific": "2026-08-02T12:58:06.556-07:00", "status": "ok", "reasons": ["current_change"]}
POWER_MONITOR_RECORD {"timestamp_pacific": "2026-08-02T12:58:07.562-07:00", "status": "ok", "reasons": ["current_change"]}
POWER_MONITOR_RECORD {"timestamp_pacific": "2026-08-02T12:58:09.574-07:00", "status": "ok", "reasons": ["current_change"]}
POWER_MONITOR_RECORD {"timestamp_pacific": "2026-08-02T12:58:10.581-07:00", "status": "ok", "reasons": ["current_change"]}
POWER_MONITOR_RECORD {"timestamp_pacific": "2026-08-02T12:58:13.601-07:00", "status": "ok", "reasons": ["current_change"]}
POWER_MONITOR_RECORD {"timestamp_pacific": "2026-08-02T12:58:17.625-07:00", "status": "ok", "reasons": ["current_change"]}
POWER_MONITOR_RECORD {"timestamp_pacific": "2026-08-02T12:58:18.631-07:00", "status": "ok", "reasons": ["current_change"]}
POWER_MONITOR_RECORD {"timestamp_pacific": "2026-08-02T12:58:29.696-07:00", "status": "ok", "reasons": ["current_change"]}
POWER_MONITOR_RECORD {"timestamp_pacific": "2026-08-02T12:58:30.703-07:00", "status": "ok", "reasons": ["current_change"]}
POWER_MONITOR_RECORD {"timestamp_pacific": "2026-08-02T12:58:31.709-07:00", "status": "ok", "reasons": ["current_change"]}
POWER_MONITOR_RECORD {"timestamp_pacific": "2026-08-02T12:58:36.739-07:00", "status": "ok", "reasons": ["current_change"]}
POWER_MONITOR_RECORD {"timestamp_pacific": "2026-08-02T12:58:37.746-07:00", "status": "ok", "reasons": ["current_change"]}
POWER_MONITOR_RECORD {"timestamp_pacific": "2026-08-02T12:58:38.752-07:00", "status": "ok", "reasons": ["current_change"]}
POWER_MONITOR_RECORD {"timestamp_pacific": "2026-08-02T12:58:45.794-07:00", "status": "ok", "reasons": ["current_change"]}
POWER_MONITOR_RECORD {"timestamp_pacific": "2026-08-02T12:58:46.800-07:00", "status": "ok", "reasons": ["current_change"]}
POWER_MONITOR_RECORD {"timestamp_pacific": "2026-08-02T12:58:48.812-07:00", "status": "ok", "reasons": ["current_change"]}
POWER_MONITOR_RECORD {"timestamp_pacific": "2026-08-02T12:58:49.819-07:00", "status": "ok", "reasons": ["current_change"]}
POWER_MONITOR_RECORD {"timestamp_pacific": "2026-08-02T12:58:51.831-07:00", "status": "ok", "reasons": ["current_change"]}
POWER_MONITOR_RECORD {"timestamp_pacific": "2026-08-02T12:58:52.839-07:00", "status": "ok", "reasons": ["current_change"]}
POWER_MONITOR_RECORD {"timestamp_pacific": "2026-08-02T12:58:54.851-07:00", "status": "ok", "reasons": ["current_change"]}
POWER_MONITOR_RECORD {"timestamp_pacific": "2026-08-02T12:58:55.858-07:00", "status": "ok", "reasons": ["current_change"]}
POWER_MONITOR_RECORD {"timestamp_pacific": "2026-08-02T12:58:56.864-07:00", "status": "ok", "reasons": ["current_change"]}
POWER_MONITOR_RECORD {"timestamp_pacific": "2026-08-02T12:58:58.878-07:00", "status": "ok", "reasons": ["current_change"]}
POWER_MONITOR_RECORD {"timestamp_pacific": "2026-08-02T12:58:59.885-07:00", "status": "ok", "reasons": ["current_change"]}
POWER_MONITOR_RECORD {"timestamp_pacific": "2026-08-02T12:59:01.897-07:00", "status": "ok", "reasons": ["current_change"]}
POWER_MONITOR_RECORD {"timestamp_pacific": "2026-08-02T12:59:02.905-07:00", "status": "ok", "reasons": ["current_change"]}
POWER_MONITOR_RECORD {"timestamp_pacific": "2026-08-02T12:59:04.917-07:00", "status": "ok", "reasons": ["current_change"]}
POWER_MONITOR_RECORD {"timestamp_pacific": "2026-08-02T12:59:11.942-07:00", "status": "ok", "reasons": ["current_change"]}
POWER_MONITOR_RECORD {"timestamp_pacific": "2026-08-02T12:59:20.995-07:00", "status": "ok", "reasons": ["current_change"]}
POWER_MONITOR_RECORD {"timestamp_pacific": "2026-08-02T12:59:23.007-07:00", "status": "ok", "reasons": ["current_change"]}
POWER_MONITOR_RECORD {"timestamp_pacific": "2026-08-02T12:59:24.013-07:00", "status": "ok", "reasons": ["current_change"]}
POWER_MONITOR_RECORD {"timestamp_pacific": "2026-08-02T12:59:25.020-07:00", "status": "ok", "reasons": ["current_change"]}
POWER_MONITOR_RECORD {"timestamp_pacific": "2026-08-02T12:59:27.032-07:00", "status": "ok", "reasons": ["current_change"]}
POWER_MONITOR_RECORD {"timestamp_pacific": "2026-08-02T12:59:28.039-07:00", "status": "ok", "reasons": ["current_change"]}
POWER_MONITOR_RECORD {"timestamp_pacific": "2026-08-02T12:59:33.069-07:00", "status": "ok", "reasons": ["current_change"]}
POWER_MONITOR_RECORD {"timestamp_pacific": "2026-08-02T12:59:34.075-07:00", "status": "ok", "reasons": ["current_change"]}
POWER_MONITOR_RECORD {"timestamp_pacific": "2026-08-02T12:59:36.088-07:00", "status": "ok", "reasons": ["current_change"]}
POWER_MONITOR_RECORD {"timestamp_pacific": "2026-08-02T12:59:37.094-07:00", "status": "ok", "reasons": ["current_change"]}
POWER_MONITOR_RECORD {"timestamp_pacific": "2026-08-02T12:59:38.101-07:00", "status": "ok", "reasons": ["current_change"]}
POWER_MONITOR_RECORD {"timestamp_pacific": "2026-08-02T12:59:40.114-07:00", "status": "ok", "reasons": ["current_change"]}
POWER_MONITOR_RECORD {"timestamp_pacific": "2026-08-02T12:59:41.120-07:00", "status": "ok", "reasons": ["current_change"]}
POWER_MONITOR_RECORD {"timestamp_pacific": "2026-08-02T12:59:43.133-07:00", "status": "ok", "reasons": ["current_change"]}
POWER_MONITOR_RECORD {"timestamp_pacific": "2026-08-02T12:59:44.141-07:00", "status": "ok", "reasons": ["current_change"]}
POWER_MONITOR_RECORD {"timestamp_pacific": "2026-08-02T12:59:47.159-07:00", "status": "ok", "reasons": ["current_change"]}
POWER_MONITOR_RECORD {"timestamp_pacific": "2026-08-02T12:59:48.165-07:00", "status": "ok", "reasons": ["current_change"]}
POWER_MONITOR_RECORD {"timestamp_pacific": "2026-08-02T12:59:53.197-07:00", "status": "ok", "reasons": ["current_change"]}
POWER_MONITOR_RECORD {"timestamp_pacific": "2026-08-02T12:59:57.221-07:00", "status": "ok", "reasons": ["current_change"]}
POWER_MONITOR_RECORD {"timestamp_pacific": "2026-08-02T12:59:58.228-07:00", "status": "ok", "reasons": ["current_change"]}
POWER_MONITOR_RECORD {"timestamp_pacific": "2026-08-02T13:00:01.247-07:00", "status": "ok", "reasons": ["current_change"]}
POWER_MONITOR_RECORD {"timestamp_pacific": "2026-08-02T13:00:02.254-07:00", "status": "ok", "reasons": ["current_change"]}
POWER_MONITOR_RECORD {"timestamp_pacific": "2026-08-02T13:00:12.313-07:00", "status": "ok", "reasons": ["current_change"]}
POWER_MONITOR_RECORD {"timestamp_pacific": "2026-08-02T13:00:13.319-07:00", "status": "ok", "reasons": ["current_change"]}
POWER_MONITOR_RECORD {"timestamp_pacific": "2026-08-02T13:00:24.384-07:00", "status": "ok", "reasons": ["current_change"]}
POWER_MONITOR_RECORD {"timestamp_pacific": "2026-08-02T13:00:26.396-07:00", "status": "ok", "reasons": ["current_change"]}
POWER_MONITOR_RECORD {"timestamp_pacific": "2026-08-02T13:00:27.403-07:00", "status": "ok", "reasons": ["current_change"]}
POWER_MONITOR_RECORD {"timestamp_pacific": "2026-08-02T13:00:29.415-07:00", "status": "ok", "reasons": ["current_change"]}
POWER_MONITOR_RECORD {"timestamp_pacific": "2026-08-02T13:00:30.422-07:00", "status": "ok", "reasons": ["current_change"]}
POWER_MONITOR_RECORD {"timestamp_pacific": "2026-08-02T13:00:32.434-07:00", "status": "ok", "reasons": ["current_change"]}
POWER_MONITOR_RECORD {"timestamp_pacific": "2026-08-02T13:00:43.498-07:00", "status": "ok", "reasons": ["current_change"]}
POWER_MONITOR_RECORD {"timestamp_pacific": "2026-08-02T13:00:48.528-07:00", "status": "ok", "reasons": ["current_change"]}
POWER_MONITOR_RECORD {"timestamp_pacific": "2026-08-02T13:01:00.591-07:00", "status": "ok", "reasons": ["current_change"]}
POWER_MONITOR_RECORD {"timestamp_pacific": "2026-08-02T13:01:01.594-07:00", "status": "ok", "reasons": ["current_change"]}
POWER_MONITOR_RECORD {"timestamp_pacific": "2026-08-02T13:01:04.605-07:00", "status": "ok", "reasons": ["current_change"]}
POWER_MONITOR_RECORD {"timestamp_pacific": "2026-08-02T13:01:06.617-07:00", "status": "ok", "reasons": ["current_change"]}
POWER_MONITOR_RECORD {"timestamp_pacific": "2026-08-02T13:01:08.629-07:00", "status": "ok", "reasons": ["current_change"]}
POWER_MONITOR_RECORD {"timestamp_pacific": "2026-08-02T13:01:09.638-07:00", "status": "ok", "reasons": ["current_change"]}
POWER_MONITOR_RECORD {"timestamp_pacific": "2026-08-02T13:01:28.748-07:00", "status": "ok", "reasons": ["current_change"]}
POWER_MONITOR_RECORD {"timestamp_pacific": "2026-08-02T13:01:29.755-07:00", "status": "ok", "reasons": ["current_change"]}
POWER_MONITOR_RECORD {"timestamp_pacific": "2026-08-02T13:01:33.780-07:00", "status": "ok", "reasons": ["current_change"]}
POWER_MONITOR_RECORD {"timestamp_pacific": "2026-08-02T13:01:34.787-07:00", "status": "ok", "reasons": ["current_change"]}
POWER_MONITOR_RECORD {"timestamp_pacific": "2026-08-02T13:01:43.839-07:00", "status": "ok", "reasons": ["current_change"]}
POWER_MONITOR_RECORD {"timestamp_pacific": "2026-08-02T13:01:44.846-07:00", "status": "ok", "reasons": ["current_change"]}
POWER_MONITOR_RECORD {"timestamp_pacific": "2026-08-02T13:01:45.852-07:00", "status": "ok", "reasons": ["current_change"]}
POWER_MONITOR_RECORD {"timestamp_pacific": "2026-08-02T13:01:47.865-07:00", "status": "ok", "reasons": ["current_change"]}
POWER_MONITOR_RECORD {"timestamp_pacific": "2026-08-02T13:01:49.877-07:00", "status": "ok", "reasons": ["current_change"]}
POWER_MONITOR_RECORD {"timestamp_pacific": "2026-08-02T13:01:50.884-07:00", "status": "ok", "reasons": ["current_change"]}
POWER_MONITOR_RECORD {"timestamp_pacific": "2026-08-02T13:01:51.890-07:00", "status": "ok", "reasons": ["current_change"]}
POWER_MONITOR_RECORD {"timestamp_pacific": "2026-08-02T13:01:52.897-07:00", "status": "ok", "reasons": ["current_change"]}
POWER_MONITOR_RECORD {"timestamp_pacific": "2026-08-02T13:01:53.903-07:00", "status": "ok", "reasons": ["current_change"]}
POWER_MONITOR_RECORD {"timestamp_pacific": "2026-08-02T13:01:55.917-07:00", "status": "ok", "reasons": ["current_change"]}
POWER_MONITOR_RECORD {"timestamp_pacific": "2026-08-02T13:01:57.929-07:00", "status": "ok", "reasons": ["current_change"]}
POWER_MONITOR_RECORD {"timestamp_pacific": "2026-08-02T13:01:58.936-07:00", "status": "ok", "reasons": ["current_change"]}
POWER_MONITOR_RECORD {"timestamp_pacific": "2026-08-02T13:02:00.988-07:00", "status": "ok", "reasons": ["current_change"]}
POWER_MONITOR_RECORD {"timestamp_pacific": "2026-08-02T13:02:01.994-07:00", "status": "ok", "reasons": ["current_change"]}
POWER_MONITOR_RECORD {"timestamp_pacific": "2026-08-02T13:02:11.050-07:00", "status": "ok", "reasons": ["current_change"]}
POWER_MONITOR_RECORD {"timestamp_pacific": "2026-08-02T13:02:12.056-07:00", "status": "ok", "reasons": ["current_change"]}
POWER_MONITOR_RECORD {"timestamp_pacific": "2026-08-02T13:02:14.068-07:00", "status": "ok", "reasons": ["current_change"]}
POWER_MONITOR_RECORD {"timestamp_pacific": "2026-08-02T13:02:15.075-07:00", "status": "ok", "reasons": ["current_change"]}
POWER_MONITOR_RECORD {"timestamp_pacific": "2026-08-02T13:02:24.128-07:00", "status": "ok", "reasons": ["current_change"]}
POWER_MONITOR_RECORD {"timestamp_pacific": "2026-08-02T13:02:40.221-07:00", "status": "ok", "reasons": ["current_change"]}
POWER_MONITOR_RECORD {"timestamp_pacific": "2026-08-02T13:02:41.227-07:00", "status": "ok", "reasons": ["current_change"]}
POWER_MONITOR_RECORD {"timestamp_pacific": "2026-08-02T13:02:51.286-07:00", "status": "ok", "reasons": ["current_change"]}
POWER_MONITOR_RECORD {"timestamp_pacific": "2026-08-02T13:02:53.298-07:00", "status": "ok", "reasons": ["current_change"]}
POWER_MONITOR_RECORD {"timestamp_pacific": "2026-08-02T13:02:55.310-07:00", "status": "ok", "reasons": ["current_change"]}
POWER_MONITOR_RECORD {"timestamp_pacific": "2026-08-02T13:02:56.318-07:00", "status": "ok", "reasons": ["current_change"]}
POWER_MONITOR_RECORD {"timestamp_pacific": "2026-08-02T13:02:57.325-07:00", "status": "ok", "reasons": ["current_change", "power_change"]}
POWER_MONITOR_RECORD {"timestamp_pacific": "2026-08-02T13:03:03.361-07:00", "status": "ok", "reasons": ["current_change"]}
POWER_MONITOR_RECORD {"timestamp_pacific": "2026-08-02T13:03:04.367-07:00", "status": "ok", "reasons": ["current_change"]}
POWER_MONITOR_RECORD {"timestamp_pacific": "2026-08-02T13:03:06.380-07:00", "status": "ok", "reasons": ["current_change"]}
POWER_MONITOR_RECORD {"timestamp_pacific": "2026-08-02T13:03:09.398-07:00", "status": "ok", "reasons": ["current_change"]}
POWER_MONITOR_RECORD {"timestamp_pacific": "2026-08-02T13:03:10.404-07:00", "status": "ok", "reasons": ["current_change"]}
POWER_MONITOR_RECORD {"timestamp_pacific": "2026-08-02T13:03:12.417-07:00", "status": "ok", "reasons": ["current_change"]}
POWER_MONITOR_RECORD {"timestamp_pacific": "2026-08-02T13:03:13.423-07:00", "status": "ok", "reasons": ["current_change"]}
POWER_MONITOR_RECORD {"timestamp_pacific": "2026-08-02T13:03:16.441-07:00", "status": "ok", "reasons": ["current_change"]}
POWER_MONITOR_RECORD {"timestamp_pacific": "2026-08-02T13:03:18.453-07:00", "status": "ok", "reasons": ["current_change"]}
POWER_MONITOR_RECORD {"timestamp_pacific": "2026-08-02T13:03:21.473-07:00", "status": "ok", "reasons": ["current_change"]}
POWER_MONITOR_RECORD {"timestamp_pacific": "2026-08-02T13:03:24.491-07:00", "status": "ok", "reasons": ["current_change"]}
POWER_MONITOR_RECORD {"timestamp_pacific": "2026-08-02T13:03:26.504-07:00", "status": "ok", "reasons": ["current_change"]}
POWER_MONITOR_RECORD {"timestamp_pacific": "2026-08-02T13:03:28.517-07:00", "status": "ok", "reasons": ["current_change"]}
POWER_MONITOR_RECORD {"timestamp_pacific": "2026-08-02T13:03:30.530-07:00", "status": "ok", "reasons": ["current_change"]}
POWER_MONITOR_RECORD {"timestamp_pacific": "2026-08-02T13:03:31.536-07:00", "status": "ok", "reasons": ["current_change"]}
POWER_MONITOR_RECORD {"timestamp_pacific": "2026-08-02T13:03:33.550-07:00", "status": "ok", "reasons": ["current_change"]}
POWER_MONITOR_RECORD {"timestamp_pacific": "2026-08-02T13:03:34.557-07:00", "status": "ok", "reasons": ["current_change"]}
POWER_MONITOR_RECORD {"timestamp_pacific": "2026-08-02T13:03:36.569-07:00", "status": "ok", "reasons": ["current_change"]}
POWER_MONITOR_RECORD {"timestamp_pacific": "2026-08-02T13:03:39.589-07:00", "status": "ok", "reasons": ["current_change"]}
POWER_MONITOR_RECORD {"timestamp_pacific": "2026-08-02T13:03:41.601-07:00", "status": "ok", "reasons": ["current_change"]}
POWER_MONITOR_RECORD {"timestamp_pacific": "2026-08-02T13:03:44.621-07:00", "status": "ok", "reasons": ["current_change"]}
POWER_MONITOR_RECORD {"timestamp_pacific": "2026-08-02T13:03:46.634-07:00", "status": "ok", "reasons": ["current_change"]}
POWER_MONITOR_RECORD {"timestamp_pacific": "2026-08-02T13:03:47.642-07:00", "status": "ok", "reasons": ["current_change"]}
POWER_MONITOR_RECORD {"timestamp_pacific": "2026-08-02T13:03:55.689-07:00", "status": "ok", "reasons": ["current_change"]}
POWER_MONITOR_RECORD {"timestamp_pacific": "2026-08-02T13:03:56.695-07:00", "status": "ok", "reasons": ["current_change"]}
POWER_MONITOR_RECORD {"timestamp_pacific": "2026-08-02T13:03:57.702-07:00", "status": "ok", "reasons": ["current_change"]}
POWER_MONITOR_RECORD {"timestamp_pacific": "2026-08-02T13:04:12.790-07:00", "status": "ok", "reasons": ["current_change"]}
POWER_MONITOR_RECORD {"timestamp_pacific": "2026-08-02T13:04:14.802-07:00", "status": "ok", "reasons": ["current_change", "heater_off"]}
POWER_MONITOR_RECORD {"timestamp_pacific": "2026-08-02T13:05:15.134-07:00", "status": "ok", "reasons": ["heartbeat"]}
POWER_MONITOR_RECORD {"timestamp_pacific": "2026-08-02T13:06:15.484-07:00", "status": "ok", "reasons": ["heartbeat"]}
POWER_MONITOR_RECORD {"timestamp_pacific": "2026-08-02T13:07:15.834-07:00", "status": "ok", "reasons": ["heartbeat"]}
POWER_MONITOR_RECORD {"timestamp_pacific": "2026-08-02T13:08:16.182-07:00", "status": "ok", "reasons": ["heartbeat"]}
POWER_MONITOR_RECORD {"timestamp_pacific": "2026-08-02T13:09:16.532-07:00", "status": "ok", "reasons": ["heartbeat"]}
POWER_MONITOR_RECORD {"timestamp_pacific": "2026-08-02T13:10:16.864-07:00", "status": "ok", "reasons": ["heartbeat"]}
POWER_MONITOR_RECORD {"timestamp_pacific": "2026-08-02T13:11:17.195-07:00", "status": "ok", "reasons": ["heartbeat"]}
POWER_MONITOR_RECORD {"timestamp_pacific": "2026-08-02T13:12:17.545-07:00", "status": "ok", "reasons": ["heartbeat"]}
POWER_MONITOR_RECORD {"timestamp_pacific": "2026-08-02T13:13:17.878-07:00", "status": "ok", "reasons": ["heartbeat"]}
POWER_MONITOR_RECORD {"timestamp_pacific": "2026-08-02T13:14:18.207-07:00", "status": "ok", "reasons": ["heartbeat"]}
POWER_MONITOR_RECORD {"timestamp_pacific": "2026-08-02T13:15:18.558-07:00", "status": "ok", "reasons": ["heartbeat"]}
POWER_MONITOR_RECORD {"timestamp_pacific": "2026-08-02T13:16:18.907-07:00", "status": "ok", "reasons": ["heartbeat"]}
POWER_MONITOR_RECORD {"timestamp_pacific": "2026-08-02T13:17:19.254-07:00", "status": "ok", "reasons": ["heartbeat"]}
POWER_MONITOR_RECORD {"timestamp_pacific": "2026-08-02T13:18:19.603-07:00", "status": "ok", "reasons": ["heartbeat"]}
POWER_MONITOR_RECORD {"timestamp_pacific": "2026-08-02T13:19:19.953-07:00", "status": "ok", "reasons": ["heartbeat"]}
POWER_MONITOR_RECORD {"timestamp_pacific": "2026-08-02T13:20:20.285-07:00", "status": "ok", "reasons": ["heartbeat"]}
POWER_MONITOR_RECORD {"timestamp_pacific": "2026-08-02T13:21:20.635-07:00", "status": "ok", "reasons": ["heartbeat"]}
POWER_MONITOR_RECORD {"timestamp_pacific": "2026-08-02T13:22:20.985-07:00", "status": "ok", "reasons": ["heartbeat"]}
POWER_MONITOR_RECORD {"timestamp_pacific": "2026-08-02T13:23:21.317-07:00", "status": "ok", "reasons": ["heartbeat"]}
POWER_MONITOR_RECORD {"timestamp_pacific": "2026-08-02T13:24:21.667-07:00", "status": "ok", "reasons": ["heartbeat"]}
POWER_MONITOR_RECORD {"timestamp_pacific": "2026-08-02T13:25:21.999-07:00", "status": "ok", "reasons": ["heartbeat"]}
POWER_MONITOR_RECORD {"timestamp_pacific": "2026-08-02T13:26:22.349-07:00", "status": "ok", "reasons": ["heartbeat"]}
POWER_MONITOR_RECORD {"timestamp_pacific": "2026-08-02T13:27:22.697-07:00", "status": "ok", "reasons": ["heartbeat"]}
POWER_MONITOR_RECORD {"timestamp_pacific": "2026-08-02T13:28:23.028-07:00", "status": "ok", "reasons": ["heartbeat"]}
POWER_MONITOR_RECORD {"timestamp_pacific": "2026-08-02T13:29:23.378-07:00", "status": "ok", "reasons": ["heartbeat"]}
POWER_MONITOR_RECORD {"timestamp_pacific": "2026-08-02T13:30:23.710-07:00", "status": "ok", "reasons": ["heartbeat"]}
POWER_MONITOR_RECORD {"timestamp_pacific": "2026-08-02T13:31:24.060-07:00", "status": "ok", "reasons": ["heartbeat"]}
POWER_MONITOR_RECORD {"timestamp_pacific": "2026-08-02T13:32:24.409-07:00", "status": "ok", "reasons": ["heartbeat"]}
POWER_MONITOR_RECORD {"timestamp_pacific": "2026-08-02T13:33:24.740-07:00", "status": "ok", "reasons": ["heartbeat"]}
POWER_MONITOR_RECORD {"timestamp_pacific": "2026-08-02T13:34:25.089-07:00", "status": "ok", "reasons": ["heartbeat"]}
POWER_MONITOR_RECORD {"timestamp_pacific": "2026-08-02T13:35:25.422-07:00", "status": "ok", "reasons": ["heartbeat"]}
POWER_MONITOR_RECORD {"timestamp_pacific": "2026-08-02T13:36:25.771-07:00", "status": "ok", "reasons": ["heartbeat"]}
POWER_MONITOR_RECORD {"timestamp_pacific": "2026-08-02T13:37:26.103-07:00", "status": "ok", "reasons": ["heartbeat"]}
POWER_MONITOR_RECORD {"timestamp_pacific": "2026-08-02T13:38:26.435-07:00", "status": "ok", "reasons": ["heartbeat"]}
POWER_MONITOR_RECORD {"timestamp_pacific": "2026-08-02T13:39:26.785-07:00", "status": "ok", "reasons": ["heartbeat"]}
POWER_MONITOR_RECORD {"timestamp_pacific": "2026-08-02T13:40:27.118-07:00", "status": "ok", "reasons": ["heartbeat"]}
POWER_MONITOR_RECORD {"timestamp_pacific": "2026-08-02T13:41:27.467-07:00", "status": "ok", "reasons": ["heartbeat"]}
POWER_MONITOR_RECORD {"timestamp_pacific": "2026-08-02T13:42:27.799-07:00", "status": "ok", "reasons": ["heartbeat"]}
POWER_MONITOR_RECORD {"timestamp_pacific": "2026-08-02T13:43:28.130-07:00", "status": "ok", "reasons": ["heartbeat"]}
POWER_MONITOR_RECORD {"timestamp_pacific": "2026-08-02T13:44:28.477-07:00", "status": "ok", "reasons": ["heartbeat"]}
POWER_MONITOR_RECORD {"timestamp_pacific": "2026-08-02T13:45:28.825-07:00", "status": "ok", "reasons": ["heartbeat"]}
POWER_MONITOR_RECORD {"timestamp_pacific": "2026-08-02T13:46:29.157-07:00", "status": "ok", "reasons": ["heartbeat"]}
POWER_MONITOR_RECORD {"timestamp_pacific": "2026-08-02T13:47:29.504-07:00", "status": "ok", "reasons": ["heartbeat"]}
POWER_MONITOR_RECORD {"timestamp_pacific": "2026-08-02T13:48:29.833-07:00", "status": "ok", "reasons": ["heartbeat"]}
POWER_MONITOR_RECORD {"timestamp_pacific": "2026-08-02T13:49:30.162-07:00", "status": "ok", "reasons": ["heartbeat"]}
POWER_MONITOR_RECORD {"timestamp_pacific": "2026-08-02T13:50:07.378-07:00", "status": "ok", "reasons": ["current_change", "heater_on"]}
POWER_MONITOR_RECORD {"timestamp_pacific": "2026-08-02T13:50:08.385-07:00", "status": "ok", "reasons": ["current_change", "heater_off"]}
POWER_MONITOR_RECORD {"timestamp_pacific": "2026-08-02T13:50:09.391-07:00", "status": "ok", "reasons": ["current_change", "heater_on"]}
POWER_MONITOR_RECORD {"timestamp_pacific": "2026-08-02T13:50:10.398-07:00", "status": "ok", "reasons": ["current_change", "heater_off"]}
POWER_MONITOR_RECORD {"timestamp_pacific": "2026-08-02T13:51:10.730-07:00", "status": "ok", "reasons": ["heartbeat"]}
POWER_MONITOR_RECORD {"timestamp_pacific": "2026-08-02T13:51:38.894-07:00", "status": "ok", "reasons": ["current_change", "heater_on"]}
POWER_MONITOR_RECORD {"timestamp_pacific": "2026-08-02T13:51:42.918-07:00", "status": "ok", "reasons": ["current_change", "heater_off"]}
POWER_MONITOR_RECORD {"timestamp_pacific": "2026-08-02T13:52:43.266-07:00", "status": "ok", "reasons": ["heartbeat"]}
POWER_MONITOR_RECORD {"timestamp_pacific": "2026-08-02T13:53:43.597-07:00", "status": "ok", "reasons": ["heartbeat"]}
POWER_MONITOR_RECORD {"timestamp_pacific": "2026-08-02T13:54:43.929-07:00", "status": "ok", "reasons": ["heartbeat"]}
POWER_MONITOR_RECORD {"timestamp_pacific": "2026-08-02T13:55:44.278-07:00", "status": "ok", "reasons": ["heartbeat"]}
POWER_MONITOR_RECORD {"timestamp_pacific": "2026-08-02T13:56:44.610-07:00", "status": "ok", "reasons": ["heartbeat"]}
POWER_MONITOR_RECORD {"timestamp_pacific": "2026-08-02T13:57:44.959-07:00", "status": "ok", "reasons": ["heartbeat"]}
POWER_MONITOR_RECORD {"timestamp_pacific": "2026-08-02T13:58:45.291-07:00", "status": "ok", "reasons": ["heartbeat"]}
POWER_MONITOR_RECORD {"timestamp_pacific": "2026-08-02T13:59:45.623-07:00", "status": "ok", "reasons": ["heartbeat"]}
POWER_MONITOR_RECORD {"timestamp_pacific": "2026-08-02T14:00:45.972-07:00", "status": "ok", "reasons": ["heartbeat"]}
POWER_MONITOR_RECORD {"timestamp_pacific": "2026-08-02T14:01:46.287-07:00", "status": "ok", "reasons": ["heartbeat"]}
POWER_MONITOR_RECORD {"timestamp_pacific": "2026-08-02T14:02:46.636-07:00", "status": "ok", "reasons": ["heartbeat"]}
POWER_MONITOR_RECORD {"timestamp_pacific": "2026-08-02T14:03:46.984-07:00", "status": "ok", "reasons": ["heartbeat"]}
POWER_MONITOR_RECORD {"timestamp_pacific": "2026-08-02T14:04:47.314-07:00", "status": "ok", "reasons": ["heartbeat"]}
POWER_MONITOR_RECORD {"timestamp_pacific": "2026-08-02T14:05:47.662-07:00", "status": "ok", "reasons": ["heartbeat"]}
POWER_MONITOR_RECORD {"timestamp_pacific": "2026-08-02T14:06:47.993-07:00", "status": "ok", "reasons": ["heartbeat"]}
POWER_MONITOR_RECORD {"timestamp_pacific": "2026-08-02T14:07:48.339-07:00", "status": "ok", "reasons": ["heartbeat"]}
POWER_MONITOR_RECORD {"timestamp_pacific": "2026-08-02T14:08:48.688-07:00", "status": "ok", "reasons": ["heartbeat"]}
POWER_MONITOR_RECORD {"timestamp_pacific": "2026-08-02T14:09:49.019-07:00", "status": "ok", "reasons": ["heartbeat"]}
POWER_MONITOR_RECORD {"timestamp_pacific": "2026-08-02T14:10:49.368-07:00", "status": "ok", "reasons": ["heartbeat"]}
POWER_MONITOR_RECORD {"timestamp_pacific": "2026-08-02T14:11:49.717-07:00", "status": "ok", "reasons": ["heartbeat"]}
POWER_MONITOR_RECORD {"timestamp_pacific": "2026-08-02T14:12:50.067-07:00", "status": "ok", "reasons": ["heartbeat"]}
POWER_MONITOR_RECORD {"timestamp_pacific": "2026-08-02T14:13:50.398-07:00", "status": "ok", "reasons": ["heartbeat"]}
POWER_MONITOR_RECORD {"timestamp_pacific": "2026-08-02T14:14:50.748-07:00", "status": "ok", "reasons": ["heartbeat"]}
POWER_MONITOR_RECORD {"timestamp_pacific": "2026-08-02T14:15:51.080-07:00", "status": "ok", "reasons": ["heartbeat"]}
POWER_MONITOR_RECORD {"timestamp_pacific": "2026-08-02T14:16:51.426-07:00", "status": "ok", "reasons": ["heartbeat"]}
POWER_MONITOR_RECORD {"timestamp_pacific": "2026-08-02T14:17:51.775-07:00", "status": "ok", "reasons": ["heartbeat"]}
POWER_MONITOR_RECORD {"timestamp_pacific": "2026-08-02T14:18:52.123-07:00", "status": "ok", "reasons": ["heartbeat"]}
POWER_MONITOR_RECORD {"timestamp_pacific": "2026-08-02T14:19:52.467-07:00", "status": "ok", "reasons": ["heartbeat"]}
POWER_MONITOR_RECORD {"timestamp_pacific": "2026-08-02T14:20:52.797-07:00", "status": "ok", "reasons": ["heartbeat"]}
POWER_MONITOR_RECORD {"timestamp_pacific": "2026-08-02T14:21:53.145-07:00", "status": "ok", "reasons": ["heartbeat"]}
POWER_MONITOR_RECORD {"timestamp_pacific": "2026-08-02T14:22:53.476-07:00", "status": "ok", "reasons": ["heartbeat"]}
POWER_MONITOR_RECORD {"timestamp_pacific": "2026-08-02T14:23:53.825-07:00", "status": "ok", "reasons": ["heartbeat"]}
POWER_MONITOR_RECORD {"timestamp_pacific": "2026-08-02T14:24:54.174-07:00", "status": "ok", "reasons": ["heartbeat"]}
POWER_MONITOR_RECORD {"timestamp_pacific": "2026-08-02T14:25:54.505-07:00", "status": "ok", "reasons": ["heartbeat"]}
POWER_MONITOR_RECORD {"timestamp_pacific": "2026-08-02T14:26:54.854-07:00", "status": "ok", "reasons": ["heartbeat"]}
POWER_MONITOR_RECORD {"timestamp_pacific": "2026-08-02T14:27:55.187-07:00", "status": "ok", "reasons": ["heartbeat"]}
POWER_MONITOR_RECORD {"timestamp_pacific": "2026-08-02T14:28:55.519-07:00", "status": "ok", "reasons": ["heartbeat"]}
POWER_MONITOR_RECORD {"timestamp_pacific": "2026-08-02T14:29:55.869-07:00", "status": "ok", "reasons": ["heartbeat"]}
POWER_MONITOR_RECORD {"timestamp_pacific": "2026-08-02T14:30:56.201-07:00", "status": "ok", "reasons": ["heartbeat"]}
POWER_MONITOR_RECORD {"timestamp_pacific": "2026-08-02T14:31:56.548-07:00", "status": "ok", "reasons": ["heartbeat"]}
POWER_MONITOR_RECORD {"timestamp_pacific": "2026-08-02T14:32:56.897-07:00", "status": "ok", "reasons": ["heartbeat"]}
POWER_MONITOR_RECORD {"timestamp_pacific": "2026-08-02T14:33:57.247-07:00", "status": "ok", "reasons": ["heartbeat"]}
POWER_MONITOR_RECORD {"timestamp_pacific": "2026-08-02T14:34:57.596-07:00", "status": "ok", "reasons": ["heartbeat"]}
POWER_MONITOR_RECORD {"timestamp_pacific": "2026-08-02T14:35:57.911-07:00", "status": "ok", "reasons": ["heartbeat"]}
POWER_MONITOR_RECORD {"timestamp_pacific": "2026-08-02T14:36:58.261-07:00", "status": "ok", "reasons": ["heartbeat"]}
POWER_MONITOR_RECORD {"timestamp_pacific": "2026-08-02T14:37:58.608-07:00", "status": "ok", "reasons": ["heartbeat"]}
POWER_MONITOR_RECORD {"timestamp_pacific": "2026-08-02T14:38:58.939-07:00", "status": "ok", "reasons": ["heartbeat"]}
POWER_MONITOR_RECORD {"timestamp_pacific": "2026-08-02T14:39:59.288-07:00", "status": "ok", "reasons": ["heartbeat"]}
POWER_MONITOR_RECORD {"timestamp_pacific": "2026-08-02T14:40:59.618-07:00", "status": "ok", "reasons": ["heartbeat"]}
POWER_MONITOR_RECORD {"timestamp_pacific": "2026-08-02T14:41:59.950-07:00", "status": "ok", "reasons": ["heartbeat"]}
POWER_MONITOR_RECORD {"timestamp_pacific": "2026-08-02T14:43:00.297-07:00", "status": "ok", "reasons": ["heartbeat"]}
POWER_MONITOR_RECORD {"timestamp_pacific": "2026-08-02T14:44:00.629-07:00", "status": "ok", "reasons": ["heartbeat"]}
POWER_MONITOR_RECORD {"timestamp_pacific": "2026-08-02T14:45:00.959-07:00", "status": "ok", "reasons": ["heartbeat"]}
POWER_MONITOR_RECORD {"timestamp_pacific": "2026-08-02T14:46:01.308-07:00", "status": "ok", "reasons": ["heartbeat"]}
POWER_MONITOR_RECORD {"timestamp_pacific": "2026-08-02T14:47:01.656-07:00", "status": "ok", "reasons": ["heartbeat"]}
POWER_MONITOR_RECORD {"timestamp_pacific": "2026-08-02T14:48:02.004-07:00", "status": "ok", "reasons": ["heartbeat"]}
POWER_MONITOR_RECORD {"timestamp_pacific": "2026-08-02T14:49:02.335-07:00", "status": "ok", "reasons": ["heartbeat"]}
POWER_MONITOR_RECORD {"timestamp_pacific": "2026-08-02T14:49:42.551-07:00", "status": "ok", "reasons": ["current_change", "heater_on"]}
POWER_MONITOR_RECORD {"timestamp_pacific": "2026-08-02T14:49:43.558-07:00", "status": "ok", "reasons": ["current_change"]}
POWER_MONITOR_RECORD {"timestamp_pacific": "2026-08-02T14:49:44.567-07:00", "status": "ok", "reasons": ["current_change"]}
POWER_MONITOR_RECORD {"timestamp_pacific": "2026-08-02T14:49:45.573-07:00", "status": "ok", "reasons": ["current_change"]}
POWER_MONITOR_RECORD {"timestamp_pacific": "2026-08-02T14:49:46.580-07:00", "status": "ok", "reasons": ["current_change"]}
POWER_MONITOR_RECORD {"timestamp_pacific": "2026-08-02T14:49:50.604-07:00", "status": "ok", "reasons": ["current_change"]}
POWER_MONITOR_RECORD {"timestamp_pacific": "2026-08-02T14:49:53.622-07:00", "status": "ok", "reasons": ["current_change"]}
POWER_MONITOR_RECORD {"timestamp_pacific": "2026-08-02T14:49:55.634-07:00", "status": "ok", "reasons": ["current_change"]}
POWER_MONITOR_RECORD {"timestamp_pacific": "2026-08-02T14:49:58.652-07:00", "status": "ok", "reasons": ["current_change"]}
POWER_MONITOR_RECORD {"timestamp_pacific": "2026-08-02T14:50:00.665-07:00", "status": "ok", "reasons": ["current_change"]}
POWER_MONITOR_RECORD {"timestamp_pacific": "2026-08-02T14:50:03.683-07:00", "status": "ok", "reasons": ["current_change"]}
POWER_MONITOR_RECORD {"timestamp_pacific": "2026-08-02T14:50:05.695-07:00", "status": "ok", "reasons": ["current_change"]}
POWER_MONITOR_RECORD {"timestamp_pacific": "2026-08-02T14:50:08.713-07:00", "status": "ok", "reasons": ["current_change"]}
POWER_MONITOR_RECORD {"timestamp_pacific": "2026-08-02T14:50:11.731-07:00", "status": "ok", "reasons": ["current_change"]}
POWER_MONITOR_RECORD {"timestamp_pacific": "2026-08-02T14:50:12.738-07:00", "status": "ok", "reasons": ["current_change"]}
POWER_MONITOR_RECORD {"timestamp_pacific": "2026-08-02T14:50:15.756-07:00", "status": "ok", "reasons": ["current_change"]}
POWER_MONITOR_RECORD {"timestamp_pacific": "2026-08-02T14:50:17.768-07:00", "status": "ok", "reasons": ["current_change"]}
POWER_MONITOR_RECORD {"timestamp_pacific": "2026-08-02T14:50:20.787-07:00", "status": "ok", "reasons": ["current_change"]}
POWER_MONITOR_RECORD {"timestamp_pacific": "2026-08-02T14:50:21.793-07:00", "status": "ok", "reasons": ["current_change", "power_change", "voltage_change"]}
POWER_MONITOR_RECORD {"timestamp_pacific": "2026-08-02T14:50:22.800-07:00", "status": "ok", "reasons": ["current_change", "power_change", "voltage_change"]}
POWER_MONITOR_RECORD {"timestamp_pacific": "2026-08-02T14:50:23.806-07:00", "status": "ok", "reasons": ["current_change", "power_change"]}
POWER_MONITOR_RECORD {"timestamp_pacific": "2026-08-02T14:50:24.813-07:00", "status": "ok", "reasons": ["current_change", "power_change"]}
POWER_MONITOR_RECORD {"timestamp_pacific": "2026-08-02T14:50:25.819-07:00", "status": "ok", "reasons": ["current_change", "power_change"]}
POWER_MONITOR_RECORD {"timestamp_pacific": "2026-08-02T14:50:26.826-07:00", "status": "ok", "reasons": ["current_change"]}
POWER_MONITOR_RECORD {"timestamp_pacific": "2026-08-02T14:50:30.850-07:00", "status": "ok", "reasons": ["current_change"]}
POWER_MONITOR_RECORD {"timestamp_pacific": "2026-08-02T14:50:32.862-07:00", "status": "ok", "reasons": ["current_change"]}
POWER_MONITOR_RECORD {"timestamp_pacific": "2026-08-02T14:50:33.868-07:00", "status": "ok", "reasons": ["current_change"]}
POWER_MONITOR_RECORD {"timestamp_pacific": "2026-08-02T14:50:34.875-07:00", "status": "ok", "reasons": ["current_change"]}
POWER_MONITOR_RECORD {"timestamp_pacific": "2026-08-02T14:50:35.882-07:00", "status": "ok", "reasons": ["current_change"]}
POWER_MONITOR_RECORD {"timestamp_pacific": "2026-08-02T14:50:36.888-07:00", "status": "ok", "reasons": ["current_change"]}
POWER_MONITOR_RECORD {"timestamp_pacific": "2026-08-02T14:50:40.912-07:00", "status": "ok", "reasons": ["current_change"]}
POWER_MONITOR_RECORD {"timestamp_pacific": "2026-08-02T14:50:41.918-07:00", "status": "ok", "reasons": ["current_change"]}
POWER_MONITOR_RECORD {"timestamp_pacific": "2026-08-02T14:50:42.925-07:00", "status": "ok", "reasons": ["current_change"]}
POWER_MONITOR_RECORD {"timestamp_pacific": "2026-08-02T14:50:43.931-07:00", "status": "ok", "reasons": ["current_change"]}
POWER_MONITOR_RECORD {"timestamp_pacific": "2026-08-02T14:50:44.938-07:00", "status": "ok", "reasons": ["current_change"]}
POWER_MONITOR_RECORD {"timestamp_pacific": "2026-08-02T14:50:45.944-07:00", "status": "ok", "reasons": ["current_change"]}
POWER_MONITOR_RECORD {"timestamp_pacific": "2026-08-02T14:50:46.951-07:00", "status": "ok", "reasons": ["current_change"]}
POWER_MONITOR_RECORD {"timestamp_pacific": "2026-08-02T14:50:47.957-07:00", "status": "ok", "reasons": ["current_change"]}
POWER_MONITOR_RECORD {"timestamp_pacific": "2026-08-02T14:50:56.005-07:00", "status": "ok", "reasons": ["current_change"]}
POWER_MONITOR_RECORD {"timestamp_pacific": "2026-08-02T14:50:58.017-07:00", "status": "ok", "reasons": ["current_change"]}
POWER_MONITOR_RECORD {"timestamp_pacific": "2026-08-02T14:51:00.030-07:00", "status": "ok", "reasons": ["current_change"]}
POWER_MONITOR_RECORD {"timestamp_pacific": "2026-08-02T14:51:01.036-07:00", "status": "ok", "reasons": ["current_change"]}
POWER_MONITOR_RECORD {"timestamp_pacific": "2026-08-02T14:51:02.043-07:00", "status": "ok", "reasons": ["current_change"]}
POWER_MONITOR_RECORD {"timestamp_pacific": "2026-08-02T14:51:03.049-07:00", "status": "ok", "reasons": ["current_change"]}
POWER_MONITOR_RECORD {"timestamp_pacific": "2026-08-02T14:51:04.056-07:00", "status": "ok", "reasons": ["current_change"]}
POWER_MONITOR_RECORD {"timestamp_pacific": "2026-08-02T14:51:05.062-07:00", "status": "ok", "reasons": ["current_change"]}
POWER_MONITOR_RECORD {"timestamp_pacific": "2026-08-02T14:51:06.065-07:00", "status": "ok", "reasons": ["current_change"]}
POWER_MONITOR_RECORD {"timestamp_pacific": "2026-08-02T14:51:10.075-07:00", "status": "ok", "reasons": ["current_change"]}
POWER_MONITOR_RECORD {"timestamp_pacific": "2026-08-02T14:51:11.081-07:00", "status": "ok", "reasons": ["current_change"]}
POWER_MONITOR_RECORD {"timestamp_pacific": "2026-08-02T14:51:12.088-07:00", "status": "ok", "reasons": ["current_change"]}
POWER_MONITOR_RECORD {"timestamp_pacific": "2026-08-02T14:51:14.100-07:00", "status": "ok", "reasons": ["current_change"]}
POWER_MONITOR_RECORD {"timestamp_pacific": "2026-08-02T14:51:16.113-07:00", "status": "ok", "reasons": ["current_change"]}
POWER_MONITOR_RECORD {"timestamp_pacific": "2026-08-02T14:51:17.119-07:00", "status": "ok", "reasons": ["current_change"]}
POWER_MONITOR_RECORD {"timestamp_pacific": "2026-08-02T14:51:20.137-07:00", "status": "ok", "reasons": ["current_change"]}
POWER_MONITOR_RECORD {"timestamp_pacific": "2026-08-02T14:51:21.144-07:00", "status": "ok", "reasons": ["current_change"]}
POWER_MONITOR_RECORD {"timestamp_pacific": "2026-08-02T14:51:22.150-07:00", "status": "ok", "reasons": ["current_change"]}
POWER_MONITOR_RECORD {"timestamp_pacific": "2026-08-02T14:51:23.157-07:00", "status": "ok", "reasons": ["current_change"]}
POWER_MONITOR_RECORD {"timestamp_pacific": "2026-08-02T14:51:24.163-07:00", "status": "ok", "reasons": ["current_change"]}
POWER_MONITOR_RECORD {"timestamp_pacific": "2026-08-02T14:51:26.176-07:00", "status": "ok", "reasons": ["current_change"]}
POWER_MONITOR_RECORD {"timestamp_pacific": "2026-08-02T14:51:28.188-07:00", "status": "ok", "reasons": ["current_change"]}
POWER_MONITOR_RECORD {"timestamp_pacific": "2026-08-02T14:51:29.194-07:00", "status": "ok", "reasons": ["current_change"]}
POWER_MONITOR_RECORD {"timestamp_pacific": "2026-08-02T14:51:30.201-07:00", "status": "ok", "reasons": ["current_change"]}
POWER_MONITOR_RECORD {"timestamp_pacific": "2026-08-02T14:51:33.219-07:00", "status": "ok", "reasons": ["current_change"]}
POWER_MONITOR_RECORD {"timestamp_pacific": "2026-08-02T14:51:35.231-07:00", "status": "ok", "reasons": ["current_change"]}
POWER_MONITOR_RECORD {"timestamp_pacific": "2026-08-02T14:51:36.238-07:00", "status": "ok", "reasons": ["current_change"]}
POWER_MONITOR_RECORD {"timestamp_pacific": "2026-08-02T14:51:37.244-07:00", "status": "ok", "reasons": ["current_change"]}
POWER_MONITOR_RECORD {"timestamp_pacific": "2026-08-02T14:51:38.251-07:00", "status": "ok", "reasons": ["current_change"]}
POWER_MONITOR_RECORD {"timestamp_pacific": "2026-08-02T14:51:41.269-07:00", "status": "ok", "reasons": ["current_change"]}
POWER_MONITOR_RECORD {"timestamp_pacific": "2026-08-02T14:51:43.281-07:00", "status": "ok", "reasons": ["current_change"]}
POWER_MONITOR_RECORD {"timestamp_pacific": "2026-08-02T14:51:45.294-07:00", "status": "ok", "reasons": ["current_change"]}
POWER_MONITOR_RECORD {"timestamp_pacific": "2026-08-02T14:51:47.306-07:00", "status": "ok", "reasons": ["current_change"]}
POWER_MONITOR_RECORD {"timestamp_pacific": "2026-08-02T14:51:49.318-07:00", "status": "ok", "reasons": ["current_change"]}
POWER_MONITOR_RECORD {"timestamp_pacific": "2026-08-02T14:51:52.336-07:00", "status": "ok", "reasons": ["current_change"]}
POWER_MONITOR_RECORD {"timestamp_pacific": "2026-08-02T14:51:53.343-07:00", "status": "ok", "reasons": ["current_change"]}
POWER_MONITOR_RECORD {"timestamp_pacific": "2026-08-02T14:51:54.349-07:00", "status": "ok", "reasons": ["current_change"]}
POWER_MONITOR_RECORD {"timestamp_pacific": "2026-08-02T14:52:01.391-07:00", "status": "ok", "reasons": ["current_change"]}
POWER_MONITOR_RECORD {"timestamp_pacific": "2026-08-02T14:52:02.398-07:00", "status": "ok", "reasons": ["current_change"]}
POWER_MONITOR_RECORD {"timestamp_pacific": "2026-08-02T14:52:06.414-07:00", "status": "ok", "reasons": ["current_change"]}
POWER_MONITOR_RECORD {"timestamp_pacific": "2026-08-02T14:52:08.420-07:00", "status": "ok", "reasons": ["current_change"]}
POWER_MONITOR_RECORD {"timestamp_pacific": "2026-08-02T14:52:09.422-07:00", "status": "ok", "reasons": ["current_change"]}
POWER_MONITOR_RECORD {"timestamp_pacific": "2026-08-02T14:52:10.429-07:00", "status": "ok", "reasons": ["current_change"]}
POWER_MONITOR_RECORD {"timestamp_pacific": "2026-08-02T14:52:11.437-07:00", "status": "ok", "reasons": ["current_change"]}
POWER_MONITOR_RECORD {"timestamp_pacific": "2026-08-02T14:52:12.443-07:00", "status": "ok", "reasons": ["current_change"]}
POWER_MONITOR_RECORD {"timestamp_pacific": "2026-08-02T14:52:15.461-07:00", "status": "ok", "reasons": ["current_change"]}
POWER_MONITOR_RECORD {"timestamp_pacific": "2026-08-02T14:52:16.470-07:00", "status": "ok", "reasons": ["current_change"]}
POWER_MONITOR_RECORD {"timestamp_pacific": "2026-08-02T14:52:17.477-07:00", "status": "ok", "reasons": ["current_change"]}
POWER_MONITOR_RECORD {"timestamp_pacific": "2026-08-02T14:52:19.489-07:00", "status": "ok", "reasons": ["current_change"]}
POWER_MONITOR_RECORD {"timestamp_pacific": "2026-08-02T14:52:20.496-07:00", "status": "ok", "reasons": ["current_change"]}
POWER_MONITOR_RECORD {"timestamp_pacific": "2026-08-02T14:52:21.504-07:00", "status": "ok", "reasons": ["current_change"]}
POWER_MONITOR_RECORD {"timestamp_pacific": "2026-08-02T14:52:24.522-07:00", "status": "ok", "reasons": ["current_change"]}
POWER_MONITOR_RECORD {"timestamp_pacific": "2026-08-02T14:52:34.581-07:00", "status": "ok", "reasons": ["current_change"]}
POWER_MONITOR_RECORD {"timestamp_pacific": "2026-08-02T14:52:35.587-07:00", "status": "ok", "reasons": ["current_change"]}
POWER_MONITOR_RECORD {"timestamp_pacific": "2026-08-02T14:52:37.600-07:00", "status": "ok", "reasons": ["current_change"]}
POWER_MONITOR_RECORD {"timestamp_pacific": "2026-08-02T14:52:40.618-07:00", "status": "ok", "reasons": ["current_change"]}
POWER_MONITOR_RECORD {"timestamp_pacific": "2026-08-02T14:52:41.624-07:00", "status": "ok", "reasons": ["current_change"]}
POWER_MONITOR_RECORD {"timestamp_pacific": "2026-08-02T14:52:42.631-07:00", "status": "ok", "reasons": ["current_change"]}
POWER_MONITOR_RECORD {"timestamp_pacific": "2026-08-02T14:52:44.643-07:00", "status": "ok", "reasons": ["current_change"]}
POWER_MONITOR_RECORD {"timestamp_pacific": "2026-08-02T14:52:45.652-07:00", "status": "ok", "reasons": ["current_change"]}
POWER_MONITOR_RECORD {"timestamp_pacific": "2026-08-02T14:52:50.684-07:00", "status": "ok", "reasons": ["current_change"]}
POWER_MONITOR_RECORD {"timestamp_pacific": "2026-08-02T14:52:51.691-07:00", "status": "ok", "reasons": ["current_change"]}
POWER_MONITOR_RECORD {"timestamp_pacific": "2026-08-02T14:52:52.697-07:00", "status": "ok", "reasons": ["current_change"]}
POWER_MONITOR_RECORD {"timestamp_pacific": "2026-08-02T14:52:54.709-07:00", "status": "ok", "reasons": ["current_change"]}
POWER_MONITOR_RECORD {"timestamp_pacific": "2026-08-02T14:52:57.728-07:00", "status": "ok", "reasons": ["current_change"]}
POWER_MONITOR_RECORD {"timestamp_pacific": "2026-08-02T14:53:01.751-07:00", "status": "ok", "reasons": ["current_change"]}
POWER_MONITOR_RECORD {"timestamp_pacific": "2026-08-02T14:53:02.758-07:00", "status": "ok", "reasons": ["current_change"]}
POWER_MONITOR_RECORD {"timestamp_pacific": "2026-08-02T14:53:04.770-07:00", "status": "ok", "reasons": ["current_change"]}
POWER_MONITOR_RECORD {"timestamp_pacific": "2026-08-02T14:53:05.777-07:00", "status": "ok", "reasons": ["current_change"]}
POWER_MONITOR_RECORD {"timestamp_pacific": "2026-08-02T14:53:08.795-07:00", "status": "ok", "reasons": ["current_change"]}
POWER_MONITOR_RECORD {"timestamp_pacific": "2026-08-02T14:53:10.807-07:00", "status": "ok", "reasons": ["current_change"]}
POWER_MONITOR_RECORD {"timestamp_pacific": "2026-08-02T14:53:12.819-07:00", "status": "ok", "reasons": ["current_change"]}
POWER_MONITOR_RECORD {"timestamp_pacific": "2026-08-02T14:53:13.826-07:00", "status": "ok", "reasons": ["current_change"]}
POWER_MONITOR_RECORD {"timestamp_pacific": "2026-08-02T14:53:14.832-07:00", "status": "ok", "reasons": ["current_change"]}
POWER_MONITOR_RECORD {"timestamp_pacific": "2026-08-02T14:53:16.845-07:00", "status": "ok", "reasons": ["current_change"]}
POWER_MONITOR_RECORD {"timestamp_pacific": "2026-08-02T14:53:22.880-07:00", "status": "ok", "reasons": ["current_change"]}
POWER_MONITOR_RECORD {"timestamp_pacific": "2026-08-02T14:53:23.887-07:00", "status": "ok", "reasons": ["current_change"]}
POWER_MONITOR_RECORD {"timestamp_pacific": "2026-08-02T14:53:27.911-07:00", "status": "ok", "reasons": ["current_change"]}
POWER_MONITOR_RECORD {"timestamp_pacific": "2026-08-02T14:53:34.952-07:00", "status": "ok", "reasons": ["current_change"]}
POWER_MONITOR_RECORD {"timestamp_pacific": "2026-08-02T14:53:35.959-07:00", "status": "ok", "reasons": ["current_change"]}
POWER_MONITOR_RECORD {"timestamp_pacific": "2026-08-02T14:53:36.966-07:00", "status": "ok", "reasons": ["current_change"]}
POWER_MONITOR_RECORD {"timestamp_pacific": "2026-08-02T14:53:37.972-07:00", "status": "ok", "reasons": ["current_change"]}
POWER_MONITOR_RECORD {"timestamp_pacific": "2026-08-02T14:53:39.984-07:00", "status": "ok", "reasons": ["current_change"]}
POWER_MONITOR_RECORD {"timestamp_pacific": "2026-08-02T14:53:40.991-07:00", "status": "ok", "reasons": ["current_change"]}
POWER_MONITOR_RECORD {"timestamp_pacific": "2026-08-02T14:53:44.009-07:00", "status": "ok", "reasons": ["current_change"]}
POWER_MONITOR_RECORD {"timestamp_pacific": "2026-08-02T14:53:45.016-07:00", "status": "ok", "reasons": ["current_change"]}
POWER_MONITOR_RECORD {"timestamp_pacific": "2026-08-02T14:53:46.022-07:00", "status": "ok", "reasons": ["current_change"]}
POWER_MONITOR_RECORD {"timestamp_pacific": "2026-08-02T14:53:55.075-07:00", "status": "ok", "reasons": ["current_change"]}
POWER_MONITOR_RECORD {"timestamp_pacific": "2026-08-02T14:53:56.082-07:00", "status": "ok", "reasons": ["current_change"]}
POWER_MONITOR_RECORD {"timestamp_pacific": "2026-08-02T14:53:58.094-07:00", "status": "ok", "reasons": ["current_change"]}
POWER_MONITOR_RECORD {"timestamp_pacific": "2026-08-02T14:53:59.101-07:00", "status": "ok", "reasons": ["current_change"]}
POWER_MONITOR_RECORD {"timestamp_pacific": "2026-08-02T14:54:08.143-07:00", "status": "ok", "reasons": ["current_change"]}
POWER_MONITOR_RECORD {"timestamp_pacific": "2026-08-02T14:54:09.145-07:00", "status": "ok", "reasons": ["current_change"]}
POWER_MONITOR_RECORD {"timestamp_pacific": "2026-08-02T14:54:11.155-07:00", "status": "ok", "reasons": ["current_change"]}
POWER_MONITOR_RECORD {"timestamp_pacific": "2026-08-02T14:54:12.162-07:00", "status": "ok", "reasons": ["current_change"]}
POWER_MONITOR_RECORD {"timestamp_pacific": "2026-08-02T14:54:13.169-07:00", "status": "ok", "reasons": ["current_change"]}
POWER_MONITOR_RECORD {"timestamp_pacific": "2026-08-02T14:54:15.181-07:00", "status": "ok", "reasons": ["current_change"]}
POWER_MONITOR_RECORD {"timestamp_pacific": "2026-08-02T14:54:16.189-07:00", "status": "ok", "reasons": ["current_change"]}
POWER_MONITOR_RECORD {"timestamp_pacific": "2026-08-02T14:54:18.202-07:00", "status": "ok", "reasons": ["current_change"]}
POWER_MONITOR_RECORD {"timestamp_pacific": "2026-08-02T14:54:19.208-07:00", "status": "ok", "reasons": ["current_change"]}
POWER_MONITOR_RECORD {"timestamp_pacific": "2026-08-02T14:54:21.220-07:00", "status": "ok", "reasons": ["current_change"]}
POWER_MONITOR_RECORD {"timestamp_pacific": "2026-08-02T14:54:22.228-07:00", "status": "ok", "reasons": ["current_change"]}
POWER_MONITOR_RECORD {"timestamp_pacific": "2026-08-02T14:54:23.235-07:00", "status": "ok", "reasons": ["current_change"]}
POWER_MONITOR_RECORD {"timestamp_pacific": "2026-08-02T14:54:26.253-07:00", "status": "ok", "reasons": ["current_change"]}
POWER_MONITOR_RECORD {"timestamp_pacific": "2026-08-02T14:54:27.260-07:00", "status": "ok", "reasons": ["current_change"]}
POWER_MONITOR_RECORD {"timestamp_pacific": "2026-08-02T14:54:29.272-07:00", "status": "ok", "reasons": ["current_change"]}
POWER_MONITOR_RECORD {"timestamp_pacific": "2026-08-02T14:54:33.296-07:00", "status": "ok", "reasons": ["current_change"]}
POWER_MONITOR_RECORD {"timestamp_pacific": "2026-08-02T14:54:40.337-07:00", "status": "ok", "reasons": ["current_change"]}
POWER_MONITOR_RECORD {"timestamp_pacific": "2026-08-02T14:54:41.344-07:00", "status": "ok", "reasons": ["current_change"]}
POWER_MONITOR_RECORD {"timestamp_pacific": "2026-08-02T14:54:43.356-07:00", "status": "ok", "reasons": ["current_change"]}
POWER_MONITOR_RECORD {"timestamp_pacific": "2026-08-02T14:54:49.391-07:00", "status": "ok", "reasons": ["current_change"]}
POWER_MONITOR_RECORD {"timestamp_pacific": "2026-08-02T14:54:51.404-07:00", "status": "ok", "reasons": ["current_change"]}
POWER_MONITOR_RECORD {"timestamp_pacific": "2026-08-02T14:54:52.410-07:00", "status": "ok", "reasons": ["current_change"]}
POWER_MONITOR_RECORD {"timestamp_pacific": "2026-08-02T14:54:56.434-07:00", "status": "ok", "reasons": ["current_change"]}
POWER_MONITOR_RECORD {"timestamp_pacific": "2026-08-02T14:54:57.441-07:00", "status": "ok", "reasons": ["current_change"]}
POWER_MONITOR_RECORD {"timestamp_pacific": "2026-08-02T14:54:58.447-07:00", "status": "ok", "reasons": ["current_change"]}
POWER_MONITOR_RECORD {"timestamp_pacific": "2026-08-02T14:55:01.465-07:00", "status": "ok", "reasons": ["current_change"]}
POWER_MONITOR_RECORD {"timestamp_pacific": "2026-08-02T14:55:04.485-07:00", "status": "ok", "reasons": ["current_change"]}
POWER_MONITOR_RECORD {"timestamp_pacific": "2026-08-02T14:55:05.491-07:00", "status": "ok", "reasons": ["current_change"]}
POWER_MONITOR_RECORD {"timestamp_pacific": "2026-08-02T14:55:06.498-07:00", "status": "ok", "reasons": ["current_change"]}
POWER_MONITOR_RECORD {"timestamp_pacific": "2026-08-02T14:55:10.523-07:00", "status": "ok", "reasons": ["current_change"]}
POWER_MONITOR_RECORD {"timestamp_pacific": "2026-08-02T14:55:13.541-07:00", "status": "ok", "reasons": ["current_change"]}
POWER_MONITOR_RECORD {"timestamp_pacific": "2026-08-02T14:55:19.577-07:00", "status": "ok", "reasons": ["current_change"]}
POWER_MONITOR_RECORD {"timestamp_pacific": "2026-08-02T14:55:20.583-07:00", "status": "ok", "reasons": ["current_change"]}
POWER_MONITOR_RECORD {"timestamp_pacific": "2026-08-02T14:55:21.590-07:00", "status": "ok", "reasons": ["current_change"]}
POWER_MONITOR_RECORD {"timestamp_pacific": "2026-08-02T14:55:22.596-07:00", "status": "ok", "reasons": ["current_change"]}
POWER_MONITOR_RECORD {"timestamp_pacific": "2026-08-02T14:55:24.608-07:00", "status": "ok", "reasons": ["current_change"]}
POWER_MONITOR_RECORD {"timestamp_pacific": "2026-08-02T14:55:28.633-07:00", "status": "ok", "reasons": ["current_change"]}
POWER_MONITOR_RECORD {"timestamp_pacific": "2026-08-02T14:55:39.698-07:00", "status": "ok", "reasons": ["current_change"]}
POWER_MONITOR_RECORD {"timestamp_pacific": "2026-08-02T14:55:48.751-07:00", "status": "ok", "reasons": ["current_change"]}
POWER_MONITOR_RECORD {"timestamp_pacific": "2026-08-02T14:55:49.757-07:00", "status": "ok", "reasons": ["current_change"]}
POWER_MONITOR_RECORD {"timestamp_pacific": "2026-08-02T14:55:51.770-07:00", "status": "ok", "reasons": ["current_change"]}
POWER_MONITOR_RECORD {"timestamp_pacific": "2026-08-02T14:55:56.799-07:00", "status": "ok", "reasons": ["current_change"]}
POWER_MONITOR_RECORD {"timestamp_pacific": "2026-08-02T14:56:04.847-07:00", "status": "ok", "reasons": ["current_change"]}
POWER_MONITOR_RECORD {"timestamp_pacific": "2026-08-02T14:56:05.850-07:00", "status": "ok", "reasons": ["current_change"]}
POWER_MONITOR_RECORD {"timestamp_pacific": "2026-08-02T14:56:06.852-07:00", "status": "ok", "reasons": ["current_change"]}
POWER_MONITOR_RECORD {"timestamp_pacific": "2026-08-02T14:56:08.857-07:00", "status": "ok", "reasons": ["current_change"]}
POWER_MONITOR_RECORD {"timestamp_pacific": "2026-08-02T14:56:11.872-07:00", "status": "ok", "reasons": ["current_change"]}
POWER_MONITOR_RECORD {"timestamp_pacific": "2026-08-02T14:56:13.884-07:00", "status": "ok", "reasons": ["current_change"]}
POWER_MONITOR_RECORD {"timestamp_pacific": "2026-08-02T14:56:18.914-07:00", "status": "ok", "reasons": ["current_change"]}
POWER_MONITOR_RECORD {"timestamp_pacific": "2026-08-02T14:56:19.921-07:00", "status": "ok", "reasons": ["current_change"]}
POWER_MONITOR_RECORD {"timestamp_pacific": "2026-08-02T14:56:21.933-07:00", "status": "ok", "reasons": ["current_change"]}
POWER_MONITOR_RECORD {"timestamp_pacific": "2026-08-02T14:56:22.939-07:00", "status": "ok", "reasons": ["current_change"]}
POWER_MONITOR_RECORD {"timestamp_pacific": "2026-08-02T14:56:25.958-07:00", "status": "ok", "reasons": ["current_change"]}
POWER_MONITOR_RECORD {"timestamp_pacific": "2026-08-02T14:56:27.970-07:00", "status": "ok", "reasons": ["current_change"]}
POWER_MONITOR_RECORD {"timestamp_pacific": "2026-08-02T14:56:28.976-07:00", "status": "ok", "reasons": ["current_change"]}
POWER_MONITOR_RECORD {"timestamp_pacific": "2026-08-02T14:56:34.006-07:00", "status": "ok", "reasons": ["current_change"]}
POWER_MONITOR_RECORD {"timestamp_pacific": "2026-08-02T14:56:36.019-07:00", "status": "ok", "reasons": ["current_change"]}
POWER_MONITOR_RECORD {"timestamp_pacific": "2026-08-02T14:56:40.043-07:00", "status": "ok", "reasons": ["current_change"]}
POWER_MONITOR_RECORD {"timestamp_pacific": "2026-08-02T14:56:41.049-07:00", "status": "ok", "reasons": ["current_change"]}
POWER_MONITOR_RECORD {"timestamp_pacific": "2026-08-02T14:56:44.067-07:00", "status": "ok", "reasons": ["current_change"]}
POWER_MONITOR_RECORD {"timestamp_pacific": "2026-08-02T14:56:46.080-07:00", "status": "ok", "reasons": ["current_change"]}
POWER_MONITOR_RECORD {"timestamp_pacific": "2026-08-02T14:56:48.092-07:00", "status": "ok", "reasons": ["current_change"]}
POWER_MONITOR_RECORD {"timestamp_pacific": "2026-08-02T14:56:50.104-07:00", "status": "ok", "reasons": ["current_change"]}
POWER_MONITOR_RECORD {"timestamp_pacific": "2026-08-02T14:56:52.117-07:00", "status": "ok", "reasons": ["current_change"]}
POWER_MONITOR_RECORD {"timestamp_pacific": "2026-08-02T14:56:54.129-07:00", "status": "ok", "reasons": ["current_change"]}
POWER_MONITOR_RECORD {"timestamp_pacific": "2026-08-02T14:56:55.136-07:00", "status": "ok", "reasons": ["current_change"]}
POWER_MONITOR_RECORD {"timestamp_pacific": "2026-08-02T14:56:56.142-07:00", "status": "ok", "reasons": ["current_change"]}
POWER_MONITOR_RECORD {"timestamp_pacific": "2026-08-02T14:56:58.155-07:00", "status": "ok", "reasons": ["current_change"]}
POWER_MONITOR_RECORD {"timestamp_pacific": "2026-08-02T14:57:02.178-07:00", "status": "ok", "reasons": ["current_change"]}
POWER_MONITOR_RECORD {"timestamp_pacific": "2026-08-02T14:57:04.190-07:00", "status": "ok", "reasons": ["current_change"]}
POWER_MONITOR_RECORD {"timestamp_pacific": "2026-08-02T14:57:09.205-07:00", "status": "ok", "reasons": ["current_change"]}
POWER_MONITOR_RECORD {"timestamp_pacific": "2026-08-02T14:57:10.209-07:00", "status": "ok", "reasons": ["current_change"]}
POWER_MONITOR_RECORD {"timestamp_pacific": "2026-08-02T14:57:21.274-07:00", "status": "ok", "reasons": ["current_change"]}
POWER_MONITOR_RECORD {"timestamp_pacific": "2026-08-02T14:57:24.292-07:00", "status": "ok", "reasons": ["current_change"]}
POWER_MONITOR_RECORD {"timestamp_pacific": "2026-08-02T14:57:28.316-07:00", "status": "ok", "reasons": ["current_change"]}
POWER_MONITOR_RECORD {"timestamp_pacific": "2026-08-02T14:57:29.322-07:00", "status": "ok", "reasons": ["current_change"]}
POWER_MONITOR_RECORD {"timestamp_pacific": "2026-08-02T14:57:31.335-07:00", "status": "ok", "reasons": ["current_change"]}
POWER_MONITOR_RECORD {"timestamp_pacific": "2026-08-02T14:57:35.359-07:00", "status": "ok", "reasons": ["current_change"]}
POWER_MONITOR_RECORD {"timestamp_pacific": "2026-08-02T14:57:42.400-07:00", "status": "ok", "reasons": ["current_change"]}
POWER_MONITOR_RECORD {"timestamp_pacific": "2026-08-02T14:57:43.406-07:00", "status": "ok", "reasons": ["current_change"]}
POWER_MONITOR_RECORD {"timestamp_pacific": "2026-08-02T14:57:47.430-07:00", "status": "ok", "reasons": ["current_change"]}
POWER_MONITOR_RECORD {"timestamp_pacific": "2026-08-02T14:57:55.477-07:00", "status": "ok", "reasons": ["current_change"]}
POWER_MONITOR_RECORD {"timestamp_pacific": "2026-08-02T14:57:57.490-07:00", "status": "ok", "reasons": ["current_change"]}
POWER_MONITOR_RECORD {"timestamp_pacific": "2026-08-02T14:58:00.508-07:00", "status": "ok", "reasons": ["current_change"]}
POWER_MONITOR_RECORD {"timestamp_pacific": "2026-08-02T14:58:04.532-07:00", "status": "ok", "reasons": ["current_change"]}
POWER_MONITOR_RECORD {"timestamp_pacific": "2026-08-02T14:58:09.562-07:00", "status": "ok", "reasons": ["current_change"]}
POWER_MONITOR_RECORD {"timestamp_pacific": "2026-08-02T14:58:10.568-07:00", "status": "ok", "reasons": ["current_change"]}
POWER_MONITOR_RECORD {"timestamp_pacific": "2026-08-02T14:58:16.604-07:00", "status": "ok", "reasons": ["current_change"]}
POWER_MONITOR_RECORD {"timestamp_pacific": "2026-08-02T14:58:18.616-07:00", "status": "ok", "reasons": ["current_change"]}
POWER_MONITOR_RECORD {"timestamp_pacific": "2026-08-02T14:58:21.634-07:00", "status": "ok", "reasons": ["current_change"]}
POWER_MONITOR_RECORD {"timestamp_pacific": "2026-08-02T14:58:22.641-07:00", "status": "ok", "reasons": ["current_change"]}
POWER_MONITOR_RECORD {"timestamp_pacific": "2026-08-02T14:58:28.677-07:00", "status": "ok", "reasons": ["current_change"]}
POWER_MONITOR_RECORD {"timestamp_pacific": "2026-08-02T14:58:29.683-07:00", "status": "ok", "reasons": ["current_change"]}
POWER_MONITOR_RECORD {"timestamp_pacific": "2026-08-02T14:58:30.690-07:00", "status": "ok", "reasons": ["current_change"]}
POWER_MONITOR_RECORD {"timestamp_pacific": "2026-08-02T14:58:31.696-07:00", "status": "ok", "reasons": ["current_change"]}
POWER_MONITOR_RECORD {"timestamp_pacific": "2026-08-02T14:58:35.720-07:00", "status": "ok", "reasons": ["current_change"]}
POWER_MONITOR_RECORD {"timestamp_pacific": "2026-08-02T14:58:45.779-07:00", "status": "ok", "reasons": ["current_change"]}
POWER_MONITOR_RECORD {"timestamp_pacific": "2026-08-02T14:58:55.838-07:00", "status": "ok", "reasons": ["current_change"]}
POWER_MONITOR_RECORD {"timestamp_pacific": "2026-08-02T14:58:57.851-07:00", "status": "ok", "reasons": ["current_change"]}
POWER_MONITOR_RECORD {"timestamp_pacific": "2026-08-02T14:58:58.857-07:00", "status": "ok", "reasons": ["current_change"]}
POWER_MONITOR_RECORD {"timestamp_pacific": "2026-08-02T14:58:59.864-07:00", "status": "ok", "reasons": ["current_change"]}
POWER_MONITOR_RECORD {"timestamp_pacific": "2026-08-02T14:59:04.894-07:00", "status": "ok", "reasons": ["current_change"]}
POWER_MONITOR_RECORD {"timestamp_pacific": "2026-08-02T14:59:07.912-07:00", "status": "ok", "reasons": ["current_change"]}
POWER_MONITOR_RECORD {"timestamp_pacific": "2026-08-02T14:59:08.918-07:00", "status": "ok", "reasons": ["current_change"]}
POWER_MONITOR_RECORD {"timestamp_pacific": "2026-08-02T14:59:09.925-07:00", "status": "ok", "reasons": ["current_change"]}
POWER_MONITOR_RECORD {"timestamp_pacific": "2026-08-02T14:59:11.939-07:00", "status": "ok", "reasons": ["current_change"]}
POWER_MONITOR_RECORD {"timestamp_pacific": "2026-08-02T14:59:17.974-07:00", "status": "ok", "reasons": ["current_change"]}
POWER_MONITOR_RECORD {"timestamp_pacific": "2026-08-02T14:59:21.998-07:00", "status": "ok", "reasons": ["current_change"]}
POWER_MONITOR_RECORD {"timestamp_pacific": "2026-08-02T14:59:23.005-07:00", "status": "ok", "reasons": ["current_change"]}
POWER_MONITOR_RECORD {"timestamp_pacific": "2026-08-02T14:59:24.013-07:00", "status": "ok", "reasons": ["current_change"]}
POWER_MONITOR_RECORD {"timestamp_pacific": "2026-08-02T14:59:25.019-07:00", "status": "ok", "reasons": ["current_change"]}
POWER_MONITOR_RECORD {"timestamp_pacific": "2026-08-02T14:59:27.031-07:00", "status": "ok", "reasons": ["current_change"]}
POWER_MONITOR_RECORD {"timestamp_pacific": "2026-08-02T14:59:28.038-07:00", "status": "ok", "reasons": ["current_change"]}
POWER_MONITOR_RECORD {"timestamp_pacific": "2026-08-02T14:59:29.046-07:00", "status": "ok", "reasons": ["current_change"]}
POWER_MONITOR_RECORD {"timestamp_pacific": "2026-08-02T14:59:30.052-07:00", "status": "ok", "reasons": ["current_change"]}
POWER_MONITOR_RECORD {"timestamp_pacific": "2026-08-02T14:59:32.065-07:00", "status": "ok", "reasons": ["current_change"]}
POWER_MONITOR_RECORD {"timestamp_pacific": "2026-08-02T14:59:37.095-07:00", "status": "ok", "reasons": ["current_change"]}
POWER_MONITOR_RECORD {"timestamp_pacific": "2026-08-02T14:59:46.148-07:00", "status": "ok", "reasons": ["current_change"]}
POWER_MONITOR_RECORD {"timestamp_pacific": "2026-08-02T14:59:47.154-07:00", "status": "ok", "reasons": ["current_change"]}
POWER_MONITOR_RECORD {"timestamp_pacific": "2026-08-02T14:59:52.184-07:00", "status": "ok", "reasons": ["current_change"]}
POWER_MONITOR_RECORD {"timestamp_pacific": "2026-08-02T14:59:59.226-07:00", "status": "ok", "reasons": ["current_change"]}
POWER_MONITOR_RECORD {"timestamp_pacific": "2026-08-02T15:00:03.250-07:00", "status": "ok", "reasons": ["current_change"]}
POWER_MONITOR_RECORD {"timestamp_pacific": "2026-08-02T15:00:14.313-07:00", "status": "ok", "reasons": ["current_change"]}
POWER_MONITOR_RECORD {"timestamp_pacific": "2026-08-02T15:00:15.320-07:00", "status": "ok", "reasons": ["current_change"]}
POWER_MONITOR_RECORD {"timestamp_pacific": "2026-08-02T15:00:17.332-07:00", "status": "ok", "reasons": ["current_change"]}
POWER_MONITOR_RECORD {"timestamp_pacific": "2026-08-02T15:00:19.347-07:00", "status": "ok", "reasons": ["current_change"]}
POWER_MONITOR_RECORD {"timestamp_pacific": "2026-08-02T15:00:20.353-07:00", "status": "ok", "reasons": ["current_change"]}
POWER_MONITOR_RECORD {"timestamp_pacific": "2026-08-02T15:00:34.435-07:00", "status": "ok", "reasons": ["current_change"]}
POWER_MONITOR_RECORD {"timestamp_pacific": "2026-08-02T15:00:40.471-07:00", "status": "ok", "reasons": ["current_change"]}
POWER_MONITOR_RECORD {"timestamp_pacific": "2026-08-02T15:00:41.478-07:00", "status": "ok", "reasons": ["current_change"]}
POWER_MONITOR_RECORD {"timestamp_pacific": "2026-08-02T15:00:42.484-07:00", "status": "ok", "reasons": ["current_change"]}
POWER_MONITOR_RECORD {"timestamp_pacific": "2026-08-02T15:00:43.491-07:00", "status": "ok", "reasons": ["current_change"]}
POWER_MONITOR_RECORD {"timestamp_pacific": "2026-08-02T15:00:44.497-07:00", "status": "ok", "reasons": ["current_change"]}
POWER_MONITOR_RECORD {"timestamp_pacific": "2026-08-02T15:00:46.509-07:00", "status": "ok", "reasons": ["current_change"]}
POWER_MONITOR_RECORD {"timestamp_pacific": "2026-08-02T15:00:51.540-07:00", "status": "ok", "reasons": ["current_change"]}
POWER_MONITOR_RECORD {"timestamp_pacific": "2026-08-02T15:00:53.553-07:00", "status": "ok", "reasons": ["current_change"]}
POWER_MONITOR_RECORD {"timestamp_pacific": "2026-08-02T15:00:54.560-07:00", "status": "ok", "reasons": ["current_change"]}
POWER_MONITOR_RECORD {"timestamp_pacific": "2026-08-02T15:00:59.584-07:00", "status": "ok", "reasons": ["current_change"]}
POWER_MONITOR_RECORD {"timestamp_pacific": "2026-08-02T15:01:08.609-07:00", "status": "ok", "reasons": ["current_change"]}
POWER_MONITOR_RECORD {"timestamp_pacific": "2026-08-02T15:01:11.623-07:00", "status": "ok", "reasons": ["current_change"]}
POWER_MONITOR_RECORD {"timestamp_pacific": "2026-08-02T15:01:15.647-07:00", "status": "ok", "reasons": ["current_change"]}
POWER_MONITOR_RECORD {"timestamp_pacific": "2026-08-02T15:01:16.654-07:00", "status": "ok", "reasons": ["current_change"]}
POWER_MONITOR_RECORD {"timestamp_pacific": "2026-08-02T15:01:18.666-07:00", "status": "ok", "reasons": ["current_change"]}
POWER_MONITOR_RECORD {"timestamp_pacific": "2026-08-02T15:01:21.684-07:00", "status": "ok", "reasons": ["current_change"]}
POWER_MONITOR_RECORD {"timestamp_pacific": "2026-08-02T15:01:22.691-07:00", "status": "ok", "reasons": ["current_change"]}
POWER_MONITOR_RECORD {"timestamp_pacific": "2026-08-02T15:01:23.697-07:00", "status": "ok", "reasons": ["current_change"]}
POWER_MONITOR_RECORD {"timestamp_pacific": "2026-08-02T15:01:24.704-07:00", "status": "ok", "reasons": ["current_change"]}
POWER_MONITOR_RECORD {"timestamp_pacific": "2026-08-02T15:01:26.716-07:00", "status": "ok", "reasons": ["current_change"]}
POWER_MONITOR_RECORD {"timestamp_pacific": "2026-08-02T15:01:32.753-07:00", "status": "ok", "reasons": ["current_change"]}
POWER_MONITOR_RECORD {"timestamp_pacific": "2026-08-02T15:01:33.760-07:00", "status": "ok", "reasons": ["current_change"]}
POWER_MONITOR_RECORD {"timestamp_pacific": "2026-08-02T15:01:41.807-07:00", "status": "ok", "reasons": ["current_change"]}
POWER_MONITOR_RECORD {"timestamp_pacific": "2026-08-02T15:01:42.813-07:00", "status": "ok", "reasons": ["current_change"]}
POWER_MONITOR_RECORD {"timestamp_pacific": "2026-08-02T15:01:44.825-07:00", "status": "ok", "reasons": ["current_change"]}
POWER_MONITOR_RECORD {"timestamp_pacific": "2026-08-02T15:01:50.861-07:00", "status": "ok", "reasons": ["current_change"]}
POWER_MONITOR_RECORD {"timestamp_pacific": "2026-08-02T15:01:51.867-07:00", "status": "ok", "reasons": ["current_change"]}
POWER_MONITOR_RECORD {"timestamp_pacific": "2026-08-02T15:02:09.972-07:00", "status": "ok", "reasons": ["current_change"]}
POWER_MONITOR_RECORD {"timestamp_pacific": "2026-08-02T15:02:10.979-07:00", "status": "ok", "reasons": ["current_change"]}
POWER_MONITOR_RECORD {"timestamp_pacific": "2026-08-02T15:02:11.985-07:00", "status": "ok", "reasons": ["current_change"]}
POWER_MONITOR_RECORD {"timestamp_pacific": "2026-08-02T15:02:17.015-07:00", "status": "ok", "reasons": ["current_change"]}
POWER_MONITOR_RECORD {"timestamp_pacific": "2026-08-02T15:02:20.040-07:00", "status": "ok", "reasons": ["current_change"]}
POWER_MONITOR_RECORD {"timestamp_pacific": "2026-08-02T15:02:25.070-07:00", "status": "ok", "reasons": ["current_change"]}
POWER_MONITOR_RECORD {"timestamp_pacific": "2026-08-02T15:02:26.076-07:00", "status": "ok", "reasons": ["current_change"]}
POWER_MONITOR_RECORD {"timestamp_pacific": "2026-08-02T15:02:31.106-07:00", "status": "ok", "reasons": ["current_change"]}
POWER_MONITOR_RECORD {"timestamp_pacific": "2026-08-02T15:02:32.112-07:00", "status": "ok", "reasons": ["current_change"]}
POWER_MONITOR_RECORD {"timestamp_pacific": "2026-08-02T15:02:34.125-07:00", "status": "ok", "reasons": ["current_change"]}
POWER_MONITOR_RECORD {"timestamp_pacific": "2026-08-02T15:02:35.131-07:00", "status": "ok", "reasons": ["current_change"]}
POWER_MONITOR_RECORD {"timestamp_pacific": "2026-08-02T15:02:40.161-07:00", "status": "ok", "reasons": ["current_change"]}
POWER_MONITOR_RECORD {"timestamp_pacific": "2026-08-02T15:02:42.173-07:00", "status": "ok", "reasons": ["current_change"]}
POWER_MONITOR_RECORD {"timestamp_pacific": "2026-08-02T15:02:48.209-07:00", "status": "ok", "reasons": ["current_change"]}
POWER_MONITOR_RECORD {"timestamp_pacific": "2026-08-02T15:02:49.215-07:00", "status": "ok", "reasons": ["current_change"]}
POWER_MONITOR_RECORD {"timestamp_pacific": "2026-08-02T15:02:55.251-07:00", "status": "ok", "reasons": ["current_change"]}
POWER_MONITOR_RECORD {"timestamp_pacific": "2026-08-02T15:02:56.258-07:00", "status": "ok", "reasons": ["current_change"]}
POWER_MONITOR_RECORD {"timestamp_pacific": "2026-08-02T15:03:01.287-07:00", "status": "ok", "reasons": ["current_change"]}
POWER_MONITOR_RECORD {"timestamp_pacific": "2026-08-02T15:03:02.294-07:00", "status": "ok", "reasons": ["current_change"]}
POWER_MONITOR_RECORD {"timestamp_pacific": "2026-08-02T15:03:03.300-07:00", "status": "ok", "reasons": ["current_change"]}
POWER_MONITOR_RECORD {"timestamp_pacific": "2026-08-02T15:03:09.319-07:00", "status": "ok", "reasons": ["current_change"]}
POWER_MONITOR_RECORD {"timestamp_pacific": "2026-08-02T15:03:11.331-07:00", "status": "ok", "reasons": ["current_change"]}
POWER_MONITOR_RECORD {"timestamp_pacific": "2026-08-02T15:03:12.338-07:00", "status": "ok", "reasons": ["current_change"]}
POWER_MONITOR_RECORD {"timestamp_pacific": "2026-08-02T15:03:13.344-07:00", "status": "ok", "reasons": ["current_change"]}
POWER_MONITOR_RECORD {"timestamp_pacific": "2026-08-02T15:03:16.362-07:00", "status": "ok", "reasons": ["current_change"]}
POWER_MONITOR_RECORD {"timestamp_pacific": "2026-08-02T15:03:17.369-07:00", "status": "ok", "reasons": ["current_change"]}
POWER_MONITOR_RECORD {"timestamp_pacific": "2026-08-02T15:03:21.393-07:00", "status": "ok", "reasons": ["current_change"]}
POWER_MONITOR_RECORD {"timestamp_pacific": "2026-08-02T15:03:22.400-07:00", "status": "ok", "reasons": ["current_change"]}
POWER_MONITOR_RECORD {"timestamp_pacific": "2026-08-02T15:03:24.413-07:00", "status": "ok", "reasons": ["current_change"]}
POWER_MONITOR_RECORD {"timestamp_pacific": "2026-08-02T15:03:27.432-07:00", "status": "ok", "reasons": ["current_change"]}
POWER_MONITOR_RECORD {"timestamp_pacific": "2026-08-02T15:03:30.451-07:00", "status": "ok", "reasons": ["current_change"]}
POWER_MONITOR_RECORD {"timestamp_pacific": "2026-08-02T15:03:31.458-07:00", "status": "ok", "reasons": ["current_change"]}
POWER_MONITOR_RECORD {"timestamp_pacific": "2026-08-02T15:03:33.470-07:00", "status": "ok", "reasons": ["current_change"]}
POWER_MONITOR_RECORD {"timestamp_pacific": "2026-08-02T15:03:35.482-07:00", "status": "ok", "reasons": ["current_change"]}
POWER_MONITOR_RECORD {"timestamp_pacific": "2026-08-02T15:03:36.489-07:00", "status": "ok", "reasons": ["current_change"]}
POWER_MONITOR_RECORD {"timestamp_pacific": "2026-08-02T15:03:38.501-07:00", "status": "ok", "reasons": ["current_change"]}
POWER_MONITOR_RECORD {"timestamp_pacific": "2026-08-02T15:03:42.525-07:00", "status": "ok", "reasons": ["current_change"]}
POWER_MONITOR_RECORD {"timestamp_pacific": "2026-08-02T15:03:45.544-07:00", "status": "ok", "reasons": ["current_change"]}
POWER_MONITOR_RECORD {"timestamp_pacific": "2026-08-02T15:03:46.550-07:00", "status": "ok", "reasons": ["current_change"]}
POWER_MONITOR_RECORD {"timestamp_pacific": "2026-08-02T15:03:52.586-07:00", "status": "ok", "reasons": ["current_change"]}
POWER_MONITOR_RECORD {"timestamp_pacific": "2026-08-02T15:03:53.592-07:00", "status": "ok", "reasons": ["current_change"]}
POWER_MONITOR_RECORD {"timestamp_pacific": "2026-08-02T15:03:57.616-07:00", "status": "ok", "reasons": ["current_change"]}
POWER_MONITOR_RECORD {"timestamp_pacific": "2026-08-02T15:04:00.636-07:00", "status": "ok", "reasons": ["current_change"]}
POWER_MONITOR_RECORD {"timestamp_pacific": "2026-08-02T15:04:02.648-07:00", "status": "ok", "reasons": ["current_change"]}
POWER_MONITOR_RECORD {"timestamp_pacific": "2026-08-02T15:04:12.708-07:00", "status": "ok", "reasons": ["current_change"]}
POWER_MONITOR_RECORD {"timestamp_pacific": "2026-08-02T15:04:14.721-07:00", "status": "ok", "reasons": ["current_change"]}
POWER_MONITOR_RECORD {"timestamp_pacific": "2026-08-02T15:04:15.727-07:00", "status": "ok", "reasons": ["current_change"]}
POWER_MONITOR_RECORD {"timestamp_pacific": "2026-08-02T15:04:21.763-07:00", "status": "ok", "reasons": ["current_change"]}
POWER_MONITOR_RECORD {"timestamp_pacific": "2026-08-02T15:04:22.769-07:00", "status": "ok", "reasons": ["current_change"]}
POWER_MONITOR_RECORD {"timestamp_pacific": "2026-08-02T15:04:23.776-07:00", "status": "ok", "reasons": ["current_change"]}
POWER_MONITOR_RECORD {"timestamp_pacific": "2026-08-02T15:04:27.800-07:00", "status": "ok", "reasons": ["current_change"]}
POWER_MONITOR_RECORD {"timestamp_pacific": "2026-08-02T15:04:34.841-07:00", "status": "ok", "reasons": ["current_change"]}
POWER_MONITOR_RECORD {"timestamp_pacific": "2026-08-02T15:04:37.859-07:00", "status": "ok", "reasons": ["current_change"]}
POWER_MONITOR_RECORD {"timestamp_pacific": "2026-08-02T15:04:48.923-07:00", "status": "ok", "reasons": ["current_change"]}
POWER_MONITOR_RECORD {"timestamp_pacific": "2026-08-02T15:05:10.046-07:00", "status": "ok", "reasons": ["current_change"]}
POWER_MONITOR_RECORD {"timestamp_pacific": "2026-08-02T15:05:11.052-07:00", "status": "ok", "reasons": ["current_change"]}
POWER_MONITOR_RECORD {"timestamp_pacific": "2026-08-02T15:05:22.117-07:00", "status": "ok", "reasons": ["current_change"]}
POWER_MONITOR_RECORD {"timestamp_pacific": "2026-08-02T15:05:23.123-07:00", "status": "ok", "reasons": ["current_change"]}
POWER_MONITOR_RECORD {"timestamp_pacific": "2026-08-02T15:05:26.141-07:00", "status": "ok", "reasons": ["current_change"]}
POWER_MONITOR_RECORD {"timestamp_pacific": "2026-08-02T15:05:32.177-07:00", "status": "ok", "reasons": ["current_change"]}
POWER_MONITOR_RECORD {"timestamp_pacific": "2026-08-02T15:05:33.183-07:00", "status": "ok", "reasons": ["current_change"]}
POWER_MONITOR_RECORD {"timestamp_pacific": "2026-08-02T15:05:38.213-07:00", "status": "ok", "reasons": ["current_change"]}
POWER_MONITOR_RECORD {"timestamp_pacific": "2026-08-02T15:05:40.225-07:00", "status": "ok", "reasons": ["current_change"]}
POWER_MONITOR_RECORD {"timestamp_pacific": "2026-08-02T15:05:50.284-07:00", "status": "ok", "reasons": ["current_change"]}
POWER_MONITOR_RECORD {"timestamp_pacific": "2026-08-02T15:05:54.308-07:00", "status": "ok", "reasons": ["current_change"]}
POWER_MONITOR_RECORD {"timestamp_pacific": "2026-08-02T15:05:55.314-07:00", "status": "ok", "reasons": ["current_change"]}
POWER_MONITOR_RECORD {"timestamp_pacific": "2026-08-02T15:05:57.328-07:00", "status": "ok", "reasons": ["current_change"]}
POWER_MONITOR_RECORD {"timestamp_pacific": "2026-08-02T15:05:59.340-07:00", "status": "ok", "reasons": ["current_change"]}
POWER_MONITOR_RECORD {"timestamp_pacific": "2026-08-02T15:06:00.346-07:00", "status": "ok", "reasons": ["current_change"]}
POWER_MONITOR_RECORD {"timestamp_pacific": "2026-08-02T15:06:01.365-07:00", "status": "ok", "reasons": ["current_change"]}
POWER_MONITOR_RECORD {"timestamp_pacific": "2026-08-02T15:06:04.383-07:00", "status": "ok", "reasons": ["current_change"]}
POWER_MONITOR_RECORD {"timestamp_pacific": "2026-08-02T15:06:06.396-07:00", "status": "ok", "reasons": ["current_change"]}
POWER_MONITOR_RECORD {"timestamp_pacific": "2026-08-02T15:06:10.420-07:00", "status": "ok", "reasons": ["current_change"]}
POWER_MONITOR_RECORD {"timestamp_pacific": "2026-08-02T15:06:16.455-07:00", "status": "ok", "reasons": ["current_change"]}
POWER_MONITOR_RECORD {"timestamp_pacific": "2026-08-02T15:06:17.462-07:00", "status": "ok", "reasons": ["current_change"]}
POWER_MONITOR_RECORD {"timestamp_pacific": "2026-08-02T15:06:21.485-07:00", "status": "ok", "reasons": ["current_change"]}
POWER_MONITOR_RECORD {"timestamp_pacific": "2026-08-02T15:06:22.493-07:00", "status": "ok", "reasons": ["current_change"]}
POWER_MONITOR_RECORD {"timestamp_pacific": "2026-08-02T15:06:23.500-07:00", "status": "ok", "reasons": ["current_change"]}
POWER_MONITOR_RECORD {"timestamp_pacific": "2026-08-02T15:06:25.512-07:00", "status": "ok", "reasons": ["current_change"]}
POWER_MONITOR_RECORD {"timestamp_pacific": "2026-08-02T15:06:26.518-07:00", "status": "ok", "reasons": ["current_change"]}
POWER_MONITOR_RECORD {"timestamp_pacific": "2026-08-02T15:06:27.527-07:00", "status": "ok", "reasons": ["current_change"]}
POWER_MONITOR_RECORD {"timestamp_pacific": "2026-08-02T15:06:30.545-07:00", "status": "ok", "reasons": ["current_change"]}
POWER_MONITOR_RECORD {"timestamp_pacific": "2026-08-02T15:06:31.551-07:00", "status": "ok", "reasons": ["current_change"]}
POWER_MONITOR_RECORD {"timestamp_pacific": "2026-08-02T15:06:35.576-07:00", "status": "ok", "reasons": ["current_change"]}
POWER_MONITOR_RECORD {"timestamp_pacific": "2026-08-02T15:06:36.583-07:00", "status": "ok", "reasons": ["current_change"]}
POWER_MONITOR_RECORD {"timestamp_pacific": "2026-08-02T15:06:38.596-07:00", "status": "ok", "reasons": ["current_change"]}
POWER_MONITOR_RECORD {"timestamp_pacific": "2026-08-02T15:06:41.614-07:00", "status": "ok", "reasons": ["current_change"]}
POWER_MONITOR_RECORD {"timestamp_pacific": "2026-08-02T15:06:42.623-07:00", "status": "ok", "reasons": ["current_change"]}
POWER_MONITOR_RECORD {"timestamp_pacific": "2026-08-02T15:06:51.676-07:00", "status": "ok", "reasons": ["current_change"]}
POWER_MONITOR_RECORD {"timestamp_pacific": "2026-08-02T15:06:52.682-07:00", "status": "ok", "reasons": ["current_change"]}
POWER_MONITOR_RECORD {"timestamp_pacific": "2026-08-02T15:06:54.695-07:00", "status": "ok", "reasons": ["current_change"]}
POWER_MONITOR_RECORD {"timestamp_pacific": "2026-08-02T15:06:56.707-07:00", "status": "ok", "reasons": ["current_change"]}
POWER_MONITOR_RECORD {"timestamp_pacific": "2026-08-02T15:06:59.726-07:00", "status": "ok", "reasons": ["current_change"]}
POWER_MONITOR_RECORD {"timestamp_pacific": "2026-08-02T15:07:01.739-07:00", "status": "ok", "reasons": ["current_change"]}
POWER_MONITOR_RECORD {"timestamp_pacific": "2026-08-02T15:07:03.751-07:00", "status": "ok", "reasons": ["current_change"]}
POWER_MONITOR_RECORD {"timestamp_pacific": "2026-08-02T15:07:06.770-07:00", "status": "ok", "reasons": ["current_change"]}
POWER_MONITOR_RECORD {"timestamp_pacific": "2026-08-02T15:07:07.778-07:00", "status": "ok", "reasons": ["current_change"]}
POWER_MONITOR_RECORD {"timestamp_pacific": "2026-08-02T15:07:11.801-07:00", "status": "ok", "reasons": ["current_change"]}
POWER_MONITOR_RECORD {"timestamp_pacific": "2026-08-02T15:07:14.821-07:00", "status": "ok", "reasons": ["current_change"]}
POWER_MONITOR_RECORD {"timestamp_pacific": "2026-08-02T15:07:16.833-07:00", "status": "ok", "reasons": ["current_change"]}
POWER_MONITOR_RECORD {"timestamp_pacific": "2026-08-02T15:07:18.847-07:00", "status": "ok", "reasons": ["current_change"]}
POWER_MONITOR_RECORD {"timestamp_pacific": "2026-08-02T15:07:20.860-07:00", "status": "ok", "reasons": ["current_change"]}
POWER_MONITOR_RECORD {"timestamp_pacific": "2026-08-02T15:07:21.866-07:00", "status": "ok", "reasons": ["current_change"]}
POWER_MONITOR_RECORD {"timestamp_pacific": "2026-08-02T15:07:22.874-07:00", "status": "ok", "reasons": ["current_change"]}
POWER_MONITOR_RECORD {"timestamp_pacific": "2026-08-02T15:07:23.880-07:00", "status": "ok", "reasons": ["current_change"]}
POWER_MONITOR_RECORD {"timestamp_pacific": "2026-08-02T15:07:24.887-07:00", "status": "ok", "reasons": ["current_change"]}
POWER_MONITOR_RECORD {"timestamp_pacific": "2026-08-02T15:07:27.905-07:00", "status": "ok", "reasons": ["current_change"]}
POWER_MONITOR_RECORD {"timestamp_pacific": "2026-08-02T15:07:29.917-07:00", "status": "ok", "reasons": ["current_change"]}
POWER_MONITOR_RECORD {"timestamp_pacific": "2026-08-02T15:07:31.929-07:00", "status": "ok", "reasons": ["current_change"]}
POWER_MONITOR_RECORD {"timestamp_pacific": "2026-08-02T15:07:39.977-07:00", "status": "ok", "reasons": ["current_change"]}
POWER_MONITOR_RECORD {"timestamp_pacific": "2026-08-02T15:07:40.983-07:00", "status": "ok", "reasons": ["current_change"]}
POWER_MONITOR_RECORD {"timestamp_pacific": "2026-08-02T15:07:45.007-07:00", "status": "ok", "reasons": ["current_change"]}
POWER_MONITOR_RECORD {"timestamp_pacific": "2026-08-02T15:07:52.048-07:00", "status": "ok", "reasons": ["current_change"]}
POWER_MONITOR_RECORD {"timestamp_pacific": "2026-08-02T15:07:53.055-07:00", "status": "ok", "reasons": ["current_change"]}
POWER_MONITOR_RECORD {"timestamp_pacific": "2026-08-02T15:07:54.061-07:00", "status": "ok", "reasons": ["current_change"]}
POWER_MONITOR_RECORD {"timestamp_pacific": "2026-08-02T15:07:57.082-07:00", "status": "ok", "reasons": ["current_change"]}
POWER_MONITOR_RECORD {"timestamp_pacific": "2026-08-02T15:07:58.088-07:00", "status": "ok", "reasons": ["current_change"]}
POWER_MONITOR_RECORD {"timestamp_pacific": "2026-08-02T15:08:06.131-07:00", "status": "ok", "reasons": ["current_change"]}
POWER_MONITOR_RECORD {"timestamp_pacific": "2026-08-02T15:08:07.134-07:00", "status": "ok", "reasons": ["current_change"]}
POWER_MONITOR_RECORD {"timestamp_pacific": "2026-08-02T15:08:16.176-07:00", "status": "ok", "reasons": ["current_change"]}
POWER_MONITOR_RECORD {"timestamp_pacific": "2026-08-02T15:08:22.212-07:00", "status": "ok", "reasons": ["current_change"]}
POWER_MONITOR_RECORD {"timestamp_pacific": "2026-08-02T15:08:23.218-07:00", "status": "ok", "reasons": ["current_change"]}
POWER_MONITOR_RECORD {"timestamp_pacific": "2026-08-02T15:08:27.244-07:00", "status": "ok", "reasons": ["current_change"]}
POWER_MONITOR_RECORD {"timestamp_pacific": "2026-08-02T15:08:28.250-07:00", "status": "ok", "reasons": ["current_change"]}
POWER_MONITOR_RECORD {"timestamp_pacific": "2026-08-02T15:08:29.257-07:00", "status": "ok", "reasons": ["current_change"]}
POWER_MONITOR_RECORD {"timestamp_pacific": "2026-08-02T15:08:41.327-07:00", "status": "ok", "reasons": ["current_change"]}
POWER_MONITOR_RECORD {"timestamp_pacific": "2026-08-02T15:08:43.339-07:00", "status": "ok", "reasons": ["current_change"]}
POWER_MONITOR_RECORD {"timestamp_pacific": "2026-08-02T15:08:50.381-07:00", "status": "ok", "reasons": ["current_change"]}
POWER_MONITOR_RECORD {"timestamp_pacific": "2026-08-02T15:08:51.387-07:00", "status": "ok", "reasons": ["current_change"]}
POWER_MONITOR_RECORD {"timestamp_pacific": "2026-08-02T15:08:59.434-07:00", "status": "ok", "reasons": ["current_change"]}
POWER_MONITOR_RECORD {"timestamp_pacific": "2026-08-02T15:09:01.447-07:00", "status": "ok", "reasons": ["current_change"]}
POWER_MONITOR_RECORD {"timestamp_pacific": "2026-08-02T15:09:02.453-07:00", "status": "ok", "reasons": ["current_change"]}
POWER_MONITOR_RECORD {"timestamp_pacific": "2026-08-02T15:09:04.466-07:00", "status": "ok", "reasons": ["current_change"]}
POWER_MONITOR_RECORD {"timestamp_pacific": "2026-08-02T15:09:07.486-07:00", "status": "ok", "reasons": ["current_change"]}
POWER_MONITOR_RECORD {"timestamp_pacific": "2026-08-02T15:09:08.492-07:00", "status": "ok", "reasons": ["current_change"]}
POWER_MONITOR_RECORD {"timestamp_pacific": "2026-08-02T15:09:15.533-07:00", "status": "ok", "reasons": ["current_change"]}
POWER_MONITOR_RECORD {"timestamp_pacific": "2026-08-02T15:09:17.546-07:00", "status": "ok", "reasons": ["current_change"]}
POWER_MONITOR_RECORD {"timestamp_pacific": "2026-08-02T15:09:18.552-07:00", "status": "ok", "reasons": ["current_change"]}
POWER_MONITOR_RECORD {"timestamp_pacific": "2026-08-02T15:09:19.558-07:00", "status": "ok", "reasons": ["current_change"]}
POWER_MONITOR_RECORD {"timestamp_pacific": "2026-08-02T15:09:21.571-07:00", "status": "ok", "reasons": ["current_change"]}
POWER_MONITOR_RECORD {"timestamp_pacific": "2026-08-02T15:09:23.583-07:00", "status": "ok", "reasons": ["current_change"]}
POWER_MONITOR_RECORD {"timestamp_pacific": "2026-08-02T15:09:26.601-07:00", "status": "ok", "reasons": ["current_change"]}
POWER_MONITOR_RECORD {"timestamp_pacific": "2026-08-02T15:09:28.615-07:00", "status": "ok", "reasons": ["current_change"]}
POWER_MONITOR_RECORD {"timestamp_pacific": "2026-08-02T15:09:29.621-07:00", "status": "ok", "reasons": ["current_change"]}
POWER_MONITOR_RECORD {"timestamp_pacific": "2026-08-02T15:09:30.628-07:00", "status": "ok", "reasons": ["current_change"]}
POWER_MONITOR_RECORD {"timestamp_pacific": "2026-08-02T15:09:37.669-07:00", "status": "ok", "reasons": ["current_change"]}
POWER_MONITOR_RECORD {"timestamp_pacific": "2026-08-02T15:09:38.675-07:00", "status": "ok", "reasons": ["current_change"]}
POWER_MONITOR_RECORD {"timestamp_pacific": "2026-08-02T15:09:49.739-07:00", "status": "ok", "reasons": ["current_change"]}
POWER_MONITOR_RECORD {"timestamp_pacific": "2026-08-02T15:09:51.752-07:00", "status": "ok", "reasons": ["current_change"]}
POWER_MONITOR_RECORD {"timestamp_pacific": "2026-08-02T15:09:52.758-07:00", "status": "ok", "reasons": ["current_change"]}
POWER_MONITOR_RECORD {"timestamp_pacific": "2026-08-02T15:09:56.782-07:00", "status": "ok", "reasons": ["current_change"]}
POWER_MONITOR_RECORD {"timestamp_pacific": "2026-08-02T15:10:02.817-07:00", "status": "ok", "reasons": ["current_change"]}
POWER_MONITOR_RECORD {"timestamp_pacific": "2026-08-02T15:10:03.824-07:00", "status": "ok", "reasons": ["current_change"]}
POWER_MONITOR_RECORD {"timestamp_pacific": "2026-08-02T15:10:07.837-07:00", "status": "ok", "reasons": ["current_change"]}
POWER_MONITOR_RECORD {"timestamp_pacific": "2026-08-02T15:10:19.901-07:00", "status": "ok", "reasons": ["current_change"]}
POWER_MONITOR_RECORD {"timestamp_pacific": "2026-08-02T15:10:21.913-07:00", "status": "ok", "reasons": ["current_change"]}
POWER_MONITOR_RECORD {"timestamp_pacific": "2026-08-02T15:10:22.920-07:00", "status": "ok", "reasons": ["current_change"]}
POWER_MONITOR_RECORD {"timestamp_pacific": "2026-08-02T15:10:24.932-07:00", "status": "ok", "reasons": ["current_change"]}
POWER_MONITOR_RECORD {"timestamp_pacific": "2026-08-02T15:10:25.940-07:00", "status": "ok", "reasons": ["current_change"]}
POWER_MONITOR_RECORD {"timestamp_pacific": "2026-08-02T15:10:27.952-07:00", "status": "ok", "reasons": ["current_change"]}
POWER_MONITOR_RECORD {"timestamp_pacific": "2026-08-02T15:10:32.982-07:00", "status": "ok", "reasons": ["current_change"]}
POWER_MONITOR_RECORD {"timestamp_pacific": "2026-08-02T15:10:42.035-07:00", "status": "ok", "reasons": ["current_change"]}
POWER_MONITOR_RECORD {"timestamp_pacific": "2026-08-02T15:10:43.041-07:00", "status": "ok", "reasons": ["current_change"]}
POWER_MONITOR_RECORD {"timestamp_pacific": "2026-08-02T15:10:44.048-07:00", "status": "ok", "reasons": ["current_change"]}
POWER_MONITOR_RECORD {"timestamp_pacific": "2026-08-02T15:10:48.072-07:00", "status": "ok", "reasons": ["current_change"]}
POWER_MONITOR_RECORD {"timestamp_pacific": "2026-08-02T15:10:52.096-07:00", "status": "ok", "reasons": ["current_change"]}
POWER_MONITOR_RECORD {"timestamp_pacific": "2026-08-02T15:10:54.108-07:00", "status": "ok", "reasons": ["current_change"]}
POWER_MONITOR_RECORD {"timestamp_pacific": "2026-08-02T15:10:56.121-07:00", "status": "ok", "reasons": ["current_change"]}
POWER_MONITOR_RECORD {"timestamp_pacific": "2026-08-02T15:11:03.161-07:00", "status": "ok", "reasons": ["current_change"]}
POWER_MONITOR_RECORD {"timestamp_pacific": "2026-08-02T15:11:04.168-07:00", "status": "ok", "reasons": ["current_change"]}
POWER_MONITOR_RECORD {"timestamp_pacific": "2026-08-02T15:11:06.180-07:00", "status": "ok", "reasons": ["current_change"]}
POWER_MONITOR_RECORD {"timestamp_pacific": "2026-08-02T15:11:08.185-07:00", "status": "ok", "reasons": ["current_change"]}
POWER_MONITOR_RECORD {"timestamp_pacific": "2026-08-02T15:11:09.188-07:00", "status": "ok", "reasons": ["current_change"]}
POWER_MONITOR_RECORD {"timestamp_pacific": "2026-08-02T15:11:10.190-07:00", "status": "ok", "reasons": ["current_change"]}
POWER_MONITOR_RECORD {"timestamp_pacific": "2026-08-02T15:11:12.202-07:00", "status": "ok", "reasons": ["current_change"]}
POWER_MONITOR_RECORD {"timestamp_pacific": "2026-08-02T15:11:13.209-07:00", "status": "ok", "reasons": ["current_change"]}
POWER_MONITOR_RECORD {"timestamp_pacific": "2026-08-02T15:11:14.217-07:00", "status": "ok", "reasons": ["current_change"]}
POWER_MONITOR_RECORD {"timestamp_pacific": "2026-08-02T15:11:30.310-07:00", "status": "ok", "reasons": ["current_change"]}
POWER_MONITOR_RECORD {"timestamp_pacific": "2026-08-02T15:11:33.328-07:00", "status": "ok", "reasons": ["current_change"]}
POWER_MONITOR_RECORD {"timestamp_pacific": "2026-08-02T15:11:39.363-07:00", "status": "ok", "reasons": ["current_change"]}
POWER_MONITOR_RECORD {"timestamp_pacific": "2026-08-02T15:11:47.410-07:00", "status": "ok", "reasons": ["current_change"]}
POWER_MONITOR_RECORD {"timestamp_pacific": "2026-08-02T15:11:48.417-07:00", "status": "ok", "reasons": ["current_change"]}
POWER_MONITOR_RECORD {"timestamp_pacific": "2026-08-02T15:11:53.447-07:00", "status": "ok", "reasons": ["current_change"]}
POWER_MONITOR_RECORD {"timestamp_pacific": "2026-08-02T15:11:55.459-07:00", "status": "ok", "reasons": ["current_change"]}
POWER_MONITOR_RECORD {"timestamp_pacific": "2026-08-02T15:11:56.465-07:00", "status": "ok", "reasons": ["current_change"]}
POWER_MONITOR_RECORD {"timestamp_pacific": "2026-08-02T15:11:58.478-07:00", "status": "ok", "reasons": ["current_change"]}
POWER_MONITOR_RECORD {"timestamp_pacific": "2026-08-02T15:11:59.485-07:00", "status": "ok", "reasons": ["current_change"]}
POWER_MONITOR_RECORD {"timestamp_pacific": "2026-08-02T15:12:00.492-07:00", "status": "ok", "reasons": ["current_change"]}
POWER_MONITOR_RECORD {"timestamp_pacific": "2026-08-02T15:12:02.504-07:00", "status": "ok", "reasons": ["current_change"]}
POWER_MONITOR_RECORD {"timestamp_pacific": "2026-08-02T15:12:03.510-07:00", "status": "ok", "reasons": ["current_change"]}
POWER_MONITOR_RECORD {"timestamp_pacific": "2026-08-02T15:12:19.605-07:00", "status": "ok", "reasons": ["current_change"]}
POWER_MONITOR_RECORD {"timestamp_pacific": "2026-08-02T15:12:21.617-07:00", "status": "ok", "reasons": ["current_change"]}
POWER_MONITOR_RECORD {"timestamp_pacific": "2026-08-02T15:12:22.624-07:00", "status": "ok", "reasons": ["current_change"]}
POWER_MONITOR_RECORD {"timestamp_pacific": "2026-08-02T15:12:24.636-07:00", "status": "ok", "reasons": ["current_change"]}
POWER_MONITOR_RECORD {"timestamp_pacific": "2026-08-02T15:12:25.644-07:00", "status": "ok", "reasons": ["current_change"]}
POWER_MONITOR_RECORD {"timestamp_pacific": "2026-08-02T15:12:27.656-07:00", "status": "ok", "reasons": ["current_change"]}
POWER_MONITOR_RECORD {"timestamp_pacific": "2026-08-02T15:12:28.663-07:00", "status": "ok", "reasons": ["current_change"]}
POWER_MONITOR_RECORD {"timestamp_pacific": "2026-08-02T15:12:30.675-07:00", "status": "ok", "reasons": ["current_change"]}
POWER_MONITOR_RECORD {"timestamp_pacific": "2026-08-02T15:12:34.699-07:00", "status": "ok", "reasons": ["current_change"]}
POWER_MONITOR_RECORD {"timestamp_pacific": "2026-08-02T15:12:42.746-07:00", "status": "ok", "reasons": ["current_change"]}
POWER_MONITOR_RECORD {"timestamp_pacific": "2026-08-02T15:12:43.753-07:00", "status": "ok", "reasons": ["current_change"]}
POWER_MONITOR_RECORD {"timestamp_pacific": "2026-08-02T15:12:44.759-07:00", "status": "ok", "reasons": ["current_change"]}
POWER_MONITOR_RECORD {"timestamp_pacific": "2026-08-02T15:12:46.772-07:00", "status": "ok", "reasons": ["current_change"]}
POWER_MONITOR_RECORD {"timestamp_pacific": "2026-08-02T15:12:51.801-07:00", "status": "ok", "reasons": ["current_change"]}
POWER_MONITOR_RECORD {"timestamp_pacific": "2026-08-02T15:12:52.808-07:00", "status": "ok", "reasons": ["current_change"]}
POWER_MONITOR_RECORD {"timestamp_pacific": "2026-08-02T15:12:54.820-07:00", "status": "ok", "reasons": ["current_change"]}
POWER_MONITOR_RECORD {"timestamp_pacific": "2026-08-02T15:12:57.838-07:00", "status": "ok", "reasons": ["current_change"]}
POWER_MONITOR_RECORD {"timestamp_pacific": "2026-08-02T15:12:59.851-07:00", "status": "ok", "reasons": ["current_change"]}
POWER_MONITOR_RECORD {"timestamp_pacific": "2026-08-02T15:13:00.857-07:00", "status": "ok", "reasons": ["current_change"]}
POWER_MONITOR_RECORD {"timestamp_pacific": "2026-08-02T15:13:02.871-07:00", "status": "ok", "reasons": ["current_change"]}
POWER_MONITOR_RECORD {"timestamp_pacific": "2026-08-02T15:13:03.878-07:00", "status": "ok", "reasons": ["current_change"]}
POWER_MONITOR_RECORD {"timestamp_pacific": "2026-08-02T15:13:09.896-07:00", "status": "ok", "reasons": ["current_change"]}
POWER_MONITOR_RECORD {"timestamp_pacific": "2026-08-02T15:13:12.914-07:00", "status": "ok", "reasons": ["current_change"]}
POWER_MONITOR_RECORD {"timestamp_pacific": "2026-08-02T15:13:13.921-07:00", "status": "ok", "reasons": ["current_change"]}
POWER_MONITOR_RECORD {"timestamp_pacific": "2026-08-02T15:13:15.933-07:00", "status": "ok", "reasons": ["current_change"]}
POWER_MONITOR_RECORD {"timestamp_pacific": "2026-08-02T15:13:17.945-07:00", "status": "ok", "reasons": ["current_change"]}
POWER_MONITOR_RECORD {"timestamp_pacific": "2026-08-02T15:13:19.958-07:00", "status": "ok", "reasons": ["current_change"]}
POWER_MONITOR_RECORD {"timestamp_pacific": "2026-08-02T15:13:20.964-07:00", "status": "ok", "reasons": ["current_change"]}
POWER_MONITOR_RECORD {"timestamp_pacific": "2026-08-02T15:13:23.984-07:00", "status": "ok", "reasons": ["current_change"]}
POWER_MONITOR_RECORD {"timestamp_pacific": "2026-08-02T15:13:24.990-07:00", "status": "ok", "reasons": ["current_change"]}
POWER_MONITOR_RECORD {"timestamp_pacific": "2026-08-02T15:13:31.026-07:00", "status": "ok", "reasons": ["current_change"]}
POWER_MONITOR_RECORD {"timestamp_pacific": "2026-08-02T15:13:32.032-07:00", "status": "ok", "reasons": ["current_change"]}
POWER_MONITOR_RECORD {"timestamp_pacific": "2026-08-02T15:13:33.039-07:00", "status": "ok", "reasons": ["current_change"]}
POWER_MONITOR_RECORD {"timestamp_pacific": "2026-08-02T15:13:34.045-07:00", "status": "ok", "reasons": ["current_change"]}
POWER_MONITOR_RECORD {"timestamp_pacific": "2026-08-02T15:13:37.063-07:00", "status": "ok", "reasons": ["current_change"]}
POWER_MONITOR_RECORD {"timestamp_pacific": "2026-08-02T15:13:42.093-07:00", "status": "ok", "reasons": ["current_change"]}
POWER_MONITOR_RECORD {"timestamp_pacific": "2026-08-02T15:13:44.107-07:00", "status": "ok", "reasons": ["current_change"]}
POWER_MONITOR_RECORD {"timestamp_pacific": "2026-08-02T15:13:47.126-07:00", "status": "ok", "reasons": ["current_change"]}
POWER_MONITOR_RECORD {"timestamp_pacific": "2026-08-02T15:13:49.139-07:00", "status": "ok", "reasons": ["current_change"]}
POWER_MONITOR_RECORD {"timestamp_pacific": "2026-08-02T15:13:56.181-07:00", "status": "ok", "reasons": ["current_change"]}
POWER_MONITOR_RECORD {"timestamp_pacific": "2026-08-02T15:13:58.193-07:00", "status": "ok", "reasons": ["current_change"]}
POWER_MONITOR_RECORD {"timestamp_pacific": "2026-08-02T15:14:00.205-07:00", "status": "ok", "reasons": ["current_change"]}
POWER_MONITOR_RECORD {"timestamp_pacific": "2026-08-02T15:14:02.217-07:00", "status": "ok", "reasons": ["current_change"]}
POWER_MONITOR_RECORD {"timestamp_pacific": "2026-08-02T15:14:03.224-07:00", "status": "ok", "reasons": ["current_change"]}
POWER_MONITOR_RECORD {"timestamp_pacific": "2026-08-02T15:14:05.234-07:00", "status": "ok", "reasons": ["current_change"]}
POWER_MONITOR_RECORD {"timestamp_pacific": "2026-08-02T15:14:06.240-07:00", "status": "ok", "reasons": ["current_change"]}
POWER_MONITOR_RECORD {"timestamp_pacific": "2026-08-02T15:14:07.247-07:00", "status": "ok", "reasons": ["current_change"]}
POWER_MONITOR_RECORD {"timestamp_pacific": "2026-08-02T15:14:13.284-07:00", "status": "ok", "reasons": ["current_change"]}
POWER_MONITOR_RECORD {"timestamp_pacific": "2026-08-02T15:14:15.297-07:00", "status": "ok", "reasons": ["current_change"]}
POWER_MONITOR_RECORD {"timestamp_pacific": "2026-08-02T15:14:17.309-07:00", "status": "ok", "reasons": ["current_change"]}
POWER_MONITOR_RECORD {"timestamp_pacific": "2026-08-02T15:14:18.316-07:00", "status": "ok", "reasons": ["current_change"]}
POWER_MONITOR_RECORD {"timestamp_pacific": "2026-08-02T15:14:20.330-07:00", "status": "ok", "reasons": ["current_change"]}
POWER_MONITOR_RECORD {"timestamp_pacific": "2026-08-02T15:14:22.342-07:00", "status": "ok", "reasons": ["current_change"]}
POWER_MONITOR_RECORD {"timestamp_pacific": "2026-08-02T15:14:23.349-07:00", "status": "ok", "reasons": ["current_change"]}
POWER_MONITOR_RECORD {"timestamp_pacific": "2026-08-02T15:14:24.357-07:00", "status": "ok", "reasons": ["current_change"]}
POWER_MONITOR_RECORD {"timestamp_pacific": "2026-08-02T15:14:25.363-07:00", "status": "ok", "reasons": ["current_change"]}
POWER_MONITOR_RECORD {"timestamp_pacific": "2026-08-02T15:14:26.369-07:00", "status": "ok", "reasons": ["current_change"]}
POWER_MONITOR_RECORD {"timestamp_pacific": "2026-08-02T15:14:27.376-07:00", "status": "ok", "reasons": ["current_change"]}
POWER_MONITOR_RECORD {"timestamp_pacific": "2026-08-02T15:14:30.394-07:00", "status": "ok", "reasons": ["current_change"]}
POWER_MONITOR_RECORD {"timestamp_pacific": "2026-08-02T15:14:33.412-07:00", "status": "ok", "reasons": ["current_change"]}
POWER_MONITOR_RECORD {"timestamp_pacific": "2026-08-02T15:14:35.425-07:00", "status": "ok", "reasons": ["current_change"]}
POWER_MONITOR_RECORD {"timestamp_pacific": "2026-08-02T15:14:39.449-07:00", "status": "ok", "reasons": ["current_change"]}
POWER_MONITOR_RECORD {"timestamp_pacific": "2026-08-02T15:14:41.462-07:00", "status": "ok", "reasons": ["current_change"]}
POWER_MONITOR_RECORD {"timestamp_pacific": "2026-08-02T15:14:42.468-07:00", "status": "ok", "reasons": ["current_change"]}
POWER_MONITOR_RECORD {"timestamp_pacific": "2026-08-02T15:14:43.475-07:00", "status": "ok", "reasons": ["current_change"]}
POWER_MONITOR_RECORD {"timestamp_pacific": "2026-08-02T15:14:49.511-07:00", "status": "ok", "reasons": ["current_change"]}
POWER_MONITOR_RECORD {"timestamp_pacific": "2026-08-02T15:14:59.569-07:00", "status": "ok", "reasons": ["current_change"]}
POWER_MONITOR_RECORD {"timestamp_pacific": "2026-08-02T15:15:00.576-07:00", "status": "ok", "reasons": ["current_change"]}
POWER_MONITOR_RECORD {"timestamp_pacific": "2026-08-02T15:15:01.582-07:00", "status": "ok", "reasons": ["current_change"]}
POWER_MONITOR_RECORD {"timestamp_pacific": "2026-08-02T15:15:02.589-07:00", "status": "ok", "reasons": ["current_change"]}
POWER_MONITOR_RECORD {"timestamp_pacific": "2026-08-02T15:15:03.595-07:00", "status": "ok", "reasons": ["current_change"]}
POWER_MONITOR_RECORD {"timestamp_pacific": "2026-08-02T15:15:12.648-07:00", "status": "ok", "reasons": ["current_change"]}
POWER_MONITOR_RECORD {"timestamp_pacific": "2026-08-02T15:15:13.655-07:00", "status": "ok", "reasons": ["current_change"]}
POWER_MONITOR_RECORD {"timestamp_pacific": "2026-08-02T15:15:21.702-07:00", "status": "ok", "reasons": ["current_change"]}
POWER_MONITOR_RECORD {"timestamp_pacific": "2026-08-02T15:15:22.709-07:00", "status": "ok", "reasons": ["current_change"]}
POWER_MONITOR_RECORD {"timestamp_pacific": "2026-08-02T15:15:30.756-07:00", "status": "ok", "reasons": ["current_change"]}
POWER_MONITOR_RECORD {"timestamp_pacific": "2026-08-02T15:15:33.774-07:00", "status": "ok", "reasons": ["current_change"]}
POWER_MONITOR_RECORD {"timestamp_pacific": "2026-08-02T15:15:34.780-07:00", "status": "ok", "reasons": ["current_change"]}
POWER_MONITOR_RECORD {"timestamp_pacific": "2026-08-02T15:15:41.821-07:00", "status": "ok", "reasons": ["current_change"]}
POWER_MONITOR_RECORD {"timestamp_pacific": "2026-08-02T15:15:42.829-07:00", "status": "ok", "reasons": ["current_change"]}
POWER_MONITOR_RECORD {"timestamp_pacific": "2026-08-02T15:15:43.836-07:00", "status": "ok", "reasons": ["current_change"]}
POWER_MONITOR_RECORD {"timestamp_pacific": "2026-08-02T15:15:49.871-07:00", "status": "ok", "reasons": ["current_change"]}
POWER_MONITOR_RECORD {"timestamp_pacific": "2026-08-02T15:15:57.918-07:00", "status": "ok", "reasons": ["current_change"]}
POWER_MONITOR_RECORD {"timestamp_pacific": "2026-08-02T15:16:01.942-07:00", "status": "ok", "reasons": ["current_change"]}
POWER_MONITOR_RECORD {"timestamp_pacific": "2026-08-02T15:16:02.949-07:00", "status": "ok", "reasons": ["current_change"]}
POWER_MONITOR_RECORD {"timestamp_pacific": "2026-08-02T15:16:07.969-07:00", "status": "ok", "reasons": ["current_change"]}
POWER_MONITOR_RECORD {"timestamp_pacific": "2026-08-02T15:16:12.992-07:00", "status": "ok", "reasons": ["current_change"]}
POWER_MONITOR_RECORD {"timestamp_pacific": "2026-08-02T15:16:16.011-07:00", "status": "ok", "reasons": ["current_change"]}
POWER_MONITOR_RECORD {"timestamp_pacific": "2026-08-02T15:16:17.018-07:00", "status": "ok", "reasons": ["current_change"]}
POWER_MONITOR_RECORD {"timestamp_pacific": "2026-08-02T15:16:23.053-07:00", "status": "ok", "reasons": ["current_change"]}
POWER_MONITOR_RECORD {"timestamp_pacific": "2026-08-02T15:16:24.059-07:00", "status": "ok", "reasons": ["current_change"]}
POWER_MONITOR_RECORD {"timestamp_pacific": "2026-08-02T15:16:25.066-07:00", "status": "ok", "reasons": ["current_change"]}
POWER_MONITOR_RECORD {"timestamp_pacific": "2026-08-02T15:16:26.072-07:00", "status": "ok", "reasons": ["current_change"]}
POWER_MONITOR_RECORD {"timestamp_pacific": "2026-08-02T15:16:30.096-07:00", "status": "ok", "reasons": ["current_change"]}
POWER_MONITOR_RECORD {"timestamp_pacific": "2026-08-02T15:16:33.114-07:00", "status": "ok", "reasons": ["current_change"]}
POWER_MONITOR_RECORD {"timestamp_pacific": "2026-08-02T15:16:34.121-07:00", "status": "ok", "reasons": ["current_change"]}
POWER_MONITOR_RECORD {"timestamp_pacific": "2026-08-02T15:16:36.133-07:00", "status": "ok", "reasons": ["current_change"]}
POWER_MONITOR_RECORD {"timestamp_pacific": "2026-08-02T15:16:39.151-07:00", "status": "ok", "reasons": ["current_change"]}
POWER_MONITOR_RECORD {"timestamp_pacific": "2026-08-02T15:16:40.158-07:00", "status": "ok", "reasons": ["current_change"]}
POWER_MONITOR_RECORD {"timestamp_pacific": "2026-08-02T15:16:41.164-07:00", "status": "ok", "reasons": ["current_change"]}
POWER_MONITOR_RECORD {"timestamp_pacific": "2026-08-02T15:16:42.172-07:00", "status": "ok", "reasons": ["current_change"]}
POWER_MONITOR_RECORD {"timestamp_pacific": "2026-08-02T15:16:43.179-07:00", "status": "ok", "reasons": ["current_change"]}
POWER_MONITOR_RECORD {"timestamp_pacific": "2026-08-02T15:16:45.191-07:00", "status": "ok", "reasons": ["current_change"]}
POWER_MONITOR_RECORD {"timestamp_pacific": "2026-08-02T15:16:49.215-07:00", "status": "ok", "reasons": ["current_change"]}
POWER_MONITOR_RECORD {"timestamp_pacific": "2026-08-02T15:16:50.221-07:00", "status": "ok", "reasons": ["current_change"]}
POWER_MONITOR_RECORD {"timestamp_pacific": "2026-08-02T15:16:57.263-07:00", "status": "ok", "reasons": ["current_change"]}
POWER_MONITOR_RECORD {"timestamp_pacific": "2026-08-02T15:16:58.269-07:00", "status": "ok", "reasons": ["current_change"]}
POWER_MONITOR_RECORD {"timestamp_pacific": "2026-08-02T15:17:01.287-07:00", "status": "ok", "reasons": ["current_change"]}
POWER_MONITOR_RECORD {"timestamp_pacific": "2026-08-02T15:17:02.294-07:00", "status": "ok", "reasons": ["current_change"]}
POWER_MONITOR_RECORD {"timestamp_pacific": "2026-08-02T15:17:05.311-07:00", "status": "ok", "reasons": ["current_change"]}
POWER_MONITOR_RECORD {"timestamp_pacific": "2026-08-02T15:17:06.317-07:00", "status": "ok", "reasons": ["current_change"]}
POWER_MONITOR_RECORD {"timestamp_pacific": "2026-08-02T15:17:09.336-07:00", "status": "ok", "reasons": ["current_change"]}
POWER_MONITOR_RECORD {"timestamp_pacific": "2026-08-02T15:17:10.342-07:00", "status": "ok", "reasons": ["current_change"]}
POWER_MONITOR_RECORD {"timestamp_pacific": "2026-08-02T15:17:11.349-07:00", "status": "ok", "reasons": ["current_change"]}
POWER_MONITOR_RECORD {"timestamp_pacific": "2026-08-02T15:17:12.355-07:00", "status": "ok", "reasons": ["current_change"]}
POWER_MONITOR_RECORD {"timestamp_pacific": "2026-08-02T15:17:13.361-07:00", "status": "ok", "reasons": ["current_change"]}
POWER_MONITOR_RECORD {"timestamp_pacific": "2026-08-02T15:17:14.368-07:00", "status": "ok", "reasons": ["current_change"]}
POWER_MONITOR_RECORD {"timestamp_pacific": "2026-08-02T15:17:17.387-07:00", "status": "ok", "reasons": ["current_change"]}
POWER_MONITOR_RECORD {"timestamp_pacific": "2026-08-02T15:17:20.405-07:00", "status": "ok", "reasons": ["current_change"]}
POWER_MONITOR_RECORD {"timestamp_pacific": "2026-08-02T15:17:21.412-07:00", "status": "ok", "reasons": ["current_change"]}
POWER_MONITOR_RECORD {"timestamp_pacific": "2026-08-02T15:17:30.465-07:00", "status": "ok", "reasons": ["current_change"]}
POWER_MONITOR_RECORD {"timestamp_pacific": "2026-08-02T15:17:31.471-07:00", "status": "ok", "reasons": ["current_change"]}
POWER_MONITOR_RECORD {"timestamp_pacific": "2026-08-02T15:17:34.489-07:00", "status": "ok", "reasons": ["current_change"]}
POWER_MONITOR_RECORD {"timestamp_pacific": "2026-08-02T15:17:35.496-07:00", "status": "ok", "reasons": ["current_change"]}
POWER_MONITOR_RECORD {"timestamp_pacific": "2026-08-02T15:17:51.590-07:00", "status": "ok", "reasons": ["current_change"]}
POWER_MONITOR_RECORD {"timestamp_pacific": "2026-08-02T15:17:58.632-07:00", "status": "ok", "reasons": ["current_change"]}
POWER_MONITOR_RECORD {"timestamp_pacific": "2026-08-02T15:18:08.676-07:00", "status": "ok", "reasons": ["current_change"]}
POWER_MONITOR_RECORD {"timestamp_pacific": "2026-08-02T15:18:09.679-07:00", "status": "ok", "reasons": ["current_change"]}
POWER_MONITOR_RECORD {"timestamp_pacific": "2026-08-02T15:18:10.685-07:00", "status": "ok", "reasons": ["current_change"]}
POWER_MONITOR_RECORD {"timestamp_pacific": "2026-08-02T15:18:11.693-07:00", "status": "ok", "reasons": ["current_change"]}
POWER_MONITOR_RECORD {"timestamp_pacific": "2026-08-02T15:18:14.711-07:00", "status": "ok", "reasons": ["current_change"]}
POWER_MONITOR_RECORD {"timestamp_pacific": "2026-08-02T15:18:15.718-07:00", "status": "ok", "reasons": ["current_change"]}
POWER_MONITOR_RECORD {"timestamp_pacific": "2026-08-02T15:18:16.725-07:00", "status": "ok", "reasons": ["current_change"]}
POWER_MONITOR_RECORD {"timestamp_pacific": "2026-08-02T15:18:21.755-07:00", "status": "ok", "reasons": ["current_change"]}
POWER_MONITOR_RECORD {"timestamp_pacific": "2026-08-02T15:18:22.762-07:00", "status": "ok", "reasons": ["current_change"]}
POWER_MONITOR_RECORD {"timestamp_pacific": "2026-08-02T15:18:27.791-07:00", "status": "ok", "reasons": ["current_change"]}
POWER_MONITOR_RECORD {"timestamp_pacific": "2026-08-02T15:18:32.821-07:00", "status": "ok", "reasons": ["current_change"]}
POWER_MONITOR_RECORD {"timestamp_pacific": "2026-08-02T15:18:33.829-07:00", "status": "ok", "reasons": ["current_change"]}
POWER_MONITOR_RECORD {"timestamp_pacific": "2026-08-02T15:18:34.836-07:00", "status": "ok", "reasons": ["current_change"]}
POWER_MONITOR_RECORD {"timestamp_pacific": "2026-08-02T15:18:35.842-07:00", "status": "ok", "reasons": ["current_change"]}
POWER_MONITOR_RECORD {"timestamp_pacific": "2026-08-02T15:18:39.866-07:00", "status": "ok", "reasons": ["current_change"]}
POWER_MONITOR_RECORD {"timestamp_pacific": "2026-08-02T15:18:42.884-07:00", "status": "ok", "reasons": ["current_change"]}
POWER_MONITOR_RECORD {"timestamp_pacific": "2026-08-02T15:18:45.902-07:00", "status": "ok", "reasons": ["current_change"]}
POWER_MONITOR_RECORD {"timestamp_pacific": "2026-08-02T15:18:47.915-07:00", "status": "ok", "reasons": ["current_change"]}
POWER_MONITOR_RECORD {"timestamp_pacific": "2026-08-02T15:18:48.922-07:00", "status": "ok", "reasons": ["current_change"]}
POWER_MONITOR_RECORD {"timestamp_pacific": "2026-08-02T15:18:49.928-07:00", "status": "ok", "reasons": ["current_change"]}
POWER_MONITOR_RECORD {"timestamp_pacific": "2026-08-02T15:18:54.958-07:00", "status": "ok", "reasons": ["current_change"]}
POWER_MONITOR_RECORD {"timestamp_pacific": "2026-08-02T15:18:55.964-07:00", "status": "ok", "reasons": ["current_change"]}
POWER_MONITOR_RECORD {"timestamp_pacific": "2026-08-02T15:18:57.976-07:00", "status": "ok", "reasons": ["current_change"]}
POWER_MONITOR_RECORD {"timestamp_pacific": "2026-08-02T15:18:58.983-07:00", "status": "ok", "reasons": ["current_change"]}
POWER_MONITOR_RECORD {"timestamp_pacific": "2026-08-02T15:19:03.007-07:00", "status": "ok", "reasons": ["current_change"]}
POWER_MONITOR_RECORD {"timestamp_pacific": "2026-08-02T15:19:04.013-07:00", "status": "ok", "reasons": ["current_change"]}
POWER_MONITOR_RECORD {"timestamp_pacific": "2026-08-02T15:19:05.020-07:00", "status": "ok", "reasons": ["current_change"]}
POWER_MONITOR_RECORD {"timestamp_pacific": "2026-08-02T15:19:10.050-07:00", "status": "ok", "reasons": ["current_change"]}
POWER_MONITOR_RECORD {"timestamp_pacific": "2026-08-02T15:19:11.056-07:00", "status": "ok", "reasons": ["current_change"]}
POWER_MONITOR_RECORD {"timestamp_pacific": "2026-08-02T15:19:22.120-07:00", "status": "ok", "reasons": ["current_change"]}
POWER_MONITOR_RECORD {"timestamp_pacific": "2026-08-02T15:19:24.132-07:00", "status": "ok", "reasons": ["current_change"]}
POWER_MONITOR_RECORD {"timestamp_pacific": "2026-08-02T15:19:26.145-07:00", "status": "ok", "reasons": ["current_change"]}
POWER_MONITOR_RECORD {"timestamp_pacific": "2026-08-02T15:19:32.180-07:00", "status": "ok", "reasons": ["current_change"]}
POWER_MONITOR_RECORD {"timestamp_pacific": "2026-08-02T15:19:33.187-07:00", "status": "ok", "reasons": ["current_change"]}
POWER_MONITOR_RECORD {"timestamp_pacific": "2026-08-02T15:19:36.205-07:00", "status": "ok", "reasons": ["current_change"]}
POWER_MONITOR_RECORD {"timestamp_pacific": "2026-08-02T15:19:37.211-07:00", "status": "ok", "reasons": ["current_change"]}
POWER_MONITOR_RECORD {"timestamp_pacific": "2026-08-02T15:19:41.236-07:00", "status": "ok", "reasons": ["current_change"]}
POWER_MONITOR_RECORD {"timestamp_pacific": "2026-08-02T15:19:43.248-07:00", "status": "ok", "reasons": ["current_change"]}
POWER_MONITOR_RECORD {"timestamp_pacific": "2026-08-02T15:19:44.255-07:00", "status": "ok", "reasons": ["current_change"]}
POWER_MONITOR_RECORD {"timestamp_pacific": "2026-08-02T15:19:45.261-07:00", "status": "ok", "reasons": ["current_change"]}
POWER_MONITOR_RECORD {"timestamp_pacific": "2026-08-02T15:19:47.274-07:00", "status": "ok", "reasons": ["current_change"]}
POWER_MONITOR_RECORD {"timestamp_pacific": "2026-08-02T15:19:50.292-07:00", "status": "ok", "reasons": ["current_change"]}
POWER_MONITOR_RECORD {"timestamp_pacific": "2026-08-02T15:19:52.304-07:00", "status": "ok", "reasons": ["current_change"]}
POWER_MONITOR_RECORD {"timestamp_pacific": "2026-08-02T15:19:53.310-07:00", "status": "ok", "reasons": ["current_change"]}
POWER_MONITOR_RECORD {"timestamp_pacific": "2026-08-02T15:19:54.317-07:00", "status": "ok", "reasons": ["current_change"]}
POWER_MONITOR_RECORD {"timestamp_pacific": "2026-08-02T15:19:59.346-07:00", "status": "ok", "reasons": ["current_change"]}
POWER_MONITOR_RECORD {"timestamp_pacific": "2026-08-02T15:20:00.353-07:00", "status": "ok", "reasons": ["current_change"]}
POWER_MONITOR_RECORD {"timestamp_pacific": "2026-08-02T15:20:17.435-07:00", "status": "ok", "reasons": ["current_change"]}
POWER_MONITOR_RECORD {"timestamp_pacific": "2026-08-02T15:20:18.441-07:00", "status": "ok", "reasons": ["current_change"]}
POWER_MONITOR_RECORD {"timestamp_pacific": "2026-08-02T15:20:21.459-07:00", "status": "ok", "reasons": ["current_change"]}
POWER_MONITOR_RECORD {"timestamp_pacific": "2026-08-02T15:20:34.535-07:00", "status": "ok", "reasons": ["current_change"]}
POWER_MONITOR_RECORD {"timestamp_pacific": "2026-08-02T15:20:36.548-07:00", "status": "ok", "reasons": ["current_change"]}
POWER_MONITOR_RECORD {"timestamp_pacific": "2026-08-02T15:20:38.560-07:00", "status": "ok", "reasons": ["current_change"]}
POWER_MONITOR_RECORD {"timestamp_pacific": "2026-08-02T15:20:41.578-07:00", "status": "ok", "reasons": ["current_change"]}
POWER_MONITOR_RECORD {"timestamp_pacific": "2026-08-02T15:20:42.584-07:00", "status": "ok", "reasons": ["current_change"]}
POWER_MONITOR_RECORD {"timestamp_pacific": "2026-08-02T15:20:48.620-07:00", "status": "ok", "reasons": ["current_change"]}
POWER_MONITOR_RECORD {"timestamp_pacific": "2026-08-02T15:20:49.626-07:00", "status": "ok", "reasons": ["current_change"]}
POWER_MONITOR_RECORD {"timestamp_pacific": "2026-08-02T15:20:50.633-07:00", "status": "ok", "reasons": ["current_change"]}
POWER_MONITOR_RECORD {"timestamp_pacific": "2026-08-02T15:20:51.639-07:00", "status": "ok", "reasons": ["current_change"]}
POWER_MONITOR_RECORD {"timestamp_pacific": "2026-08-02T15:20:53.652-07:00", "status": "ok", "reasons": ["current_change"]}
POWER_MONITOR_RECORD {"timestamp_pacific": "2026-08-02T15:20:56.671-07:00", "status": "ok", "reasons": ["current_change"]}
POWER_MONITOR_RECORD {"timestamp_pacific": "2026-08-02T15:21:00.695-07:00", "status": "ok", "reasons": ["current_change"]}
POWER_MONITOR_RECORD {"timestamp_pacific": "2026-08-02T15:21:03.713-07:00", "status": "ok", "reasons": ["current_change"]}
POWER_MONITOR_RECORD {"timestamp_pacific": "2026-08-02T15:21:04.720-07:00", "status": "ok", "reasons": ["current_change"]}
POWER_MONITOR_RECORD {"timestamp_pacific": "2026-08-02T15:21:06.725-07:00", "status": "ok", "reasons": ["current_change"]}
POWER_MONITOR_RECORD {"timestamp_pacific": "2026-08-02T15:21:07.728-07:00", "status": "ok", "reasons": ["current_change"]}
POWER_MONITOR_RECORD {"timestamp_pacific": "2026-08-02T15:21:18.785-07:00", "status": "ok", "reasons": ["current_change"]}
POWER_MONITOR_RECORD {"timestamp_pacific": "2026-08-02T15:21:19.792-07:00", "status": "ok", "reasons": ["current_change"]}
POWER_MONITOR_RECORD {"timestamp_pacific": "2026-08-02T15:21:21.804-07:00", "status": "ok", "reasons": ["current_change"]}
POWER_MONITOR_RECORD {"timestamp_pacific": "2026-08-02T15:21:22.810-07:00", "status": "ok", "reasons": ["current_change"]}
POWER_MONITOR_RECORD {"timestamp_pacific": "2026-08-02T15:21:28.846-07:00", "status": "ok", "reasons": ["current_change"]}
POWER_MONITOR_RECORD {"timestamp_pacific": "2026-08-02T15:21:29.852-07:00", "status": "ok", "reasons": ["current_change"]}
POWER_MONITOR_RECORD {"timestamp_pacific": "2026-08-02T15:21:42.928-07:00", "status": "ok", "reasons": ["current_change"]}
POWER_MONITOR_RECORD {"timestamp_pacific": "2026-08-02T15:21:43.934-07:00", "status": "ok", "reasons": ["current_change"]}
POWER_MONITOR_RECORD {"timestamp_pacific": "2026-08-02T15:21:45.947-07:00", "status": "ok", "reasons": ["current_change"]}
POWER_MONITOR_RECORD {"timestamp_pacific": "2026-08-02T15:21:46.953-07:00", "status": "ok", "reasons": ["current_change"]}
POWER_MONITOR_RECORD {"timestamp_pacific": "2026-08-02T15:21:47.960-07:00", "status": "ok", "reasons": ["current_change"]}
POWER_MONITOR_RECORD {"timestamp_pacific": "2026-08-02T15:21:48.966-07:00", "status": "ok", "reasons": ["current_change"]}
POWER_MONITOR_RECORD {"timestamp_pacific": "2026-08-02T15:21:50.978-07:00", "status": "ok", "reasons": ["current_change"]}
POWER_MONITOR_RECORD {"timestamp_pacific": "2026-08-02T15:21:52.991-07:00", "status": "ok", "reasons": ["current_change"]}
POWER_MONITOR_RECORD {"timestamp_pacific": "2026-08-02T15:21:55.003-07:00", "status": "ok", "reasons": ["current_change"]}
POWER_MONITOR_RECORD {"timestamp_pacific": "2026-08-02T15:22:04.055-07:00", "status": "ok", "reasons": ["current_change"]}
POWER_MONITOR_RECORD {"timestamp_pacific": "2026-08-02T15:22:09.085-07:00", "status": "ok", "reasons": ["current_change"]}
POWER_MONITOR_RECORD {"timestamp_pacific": "2026-08-02T15:22:19.145-07:00", "status": "ok", "reasons": ["current_change"]}
POWER_MONITOR_RECORD {"timestamp_pacific": "2026-08-02T15:22:20.152-07:00", "status": "ok", "reasons": ["current_change"]}
POWER_MONITOR_RECORD {"timestamp_pacific": "2026-08-02T15:22:22.164-07:00", "status": "ok", "reasons": ["current_change"]}
POWER_MONITOR_RECORD {"timestamp_pacific": "2026-08-02T15:22:24.176-07:00", "status": "ok", "reasons": ["current_change"]}
POWER_MONITOR_RECORD {"timestamp_pacific": "2026-08-02T15:22:27.196-07:00", "status": "ok", "reasons": ["current_change"]}
POWER_MONITOR_RECORD {"timestamp_pacific": "2026-08-02T15:22:29.209-07:00", "status": "ok", "reasons": ["current_change"]}
POWER_MONITOR_RECORD {"timestamp_pacific": "2026-08-02T15:22:36.251-07:00", "status": "ok", "reasons": ["current_change"]}
POWER_MONITOR_RECORD {"timestamp_pacific": "2026-08-02T15:22:38.263-07:00", "status": "ok", "reasons": ["current_change"]}
POWER_MONITOR_RECORD {"timestamp_pacific": "2026-08-02T15:22:39.270-07:00", "status": "ok", "reasons": ["current_change"]}
POWER_MONITOR_RECORD {"timestamp_pacific": "2026-08-02T15:22:44.299-07:00", "status": "ok", "reasons": ["current_change"]}
POWER_MONITOR_RECORD {"timestamp_pacific": "2026-08-02T15:22:46.312-07:00", "status": "ok", "reasons": ["current_change"]}
POWER_MONITOR_RECORD {"timestamp_pacific": "2026-08-02T15:22:47.318-07:00", "status": "ok", "reasons": ["current_change"]}
POWER_MONITOR_RECORD {"timestamp_pacific": "2026-08-02T15:22:48.324-07:00", "status": "ok", "reasons": ["current_change"]}
POWER_MONITOR_RECORD {"timestamp_pacific": "2026-08-02T15:23:03.412-07:00", "status": "ok", "reasons": ["current_change"]}
POWER_MONITOR_RECORD {"timestamp_pacific": "2026-08-02T15:23:05.420-07:00", "status": "ok", "reasons": ["current_change"]}
POWER_MONITOR_RECORD {"timestamp_pacific": "2026-08-02T15:23:06.423-07:00", "status": "ok", "reasons": ["current_change"]}
POWER_MONITOR_RECORD {"timestamp_pacific": "2026-08-02T15:23:07.426-07:00", "status": "ok", "reasons": ["current_change"]}
POWER_MONITOR_RECORD {"timestamp_pacific": "2026-08-02T15:23:10.437-07:00", "status": "ok", "reasons": ["current_change"]}
POWER_MONITOR_RECORD {"timestamp_pacific": "2026-08-02T15:23:12.449-07:00", "status": "ok", "reasons": ["current_change"]}
POWER_MONITOR_RECORD {"timestamp_pacific": "2026-08-02T15:23:16.473-07:00", "status": "ok", "reasons": ["current_change"]}
POWER_MONITOR_RECORD {"timestamp_pacific": "2026-08-02T15:23:17.480-07:00", "status": "ok", "reasons": ["current_change"]}
POWER_MONITOR_RECORD {"timestamp_pacific": "2026-08-02T15:23:21.503-07:00", "status": "ok", "reasons": ["current_change"]}
POWER_MONITOR_RECORD {"timestamp_pacific": "2026-08-02T15:23:22.512-07:00", "status": "ok", "reasons": ["current_change"]}
POWER_MONITOR_RECORD {"timestamp_pacific": "2026-08-02T15:23:27.541-07:00", "status": "ok", "reasons": ["current_change"]}
POWER_MONITOR_RECORD {"timestamp_pacific": "2026-08-02T15:23:28.548-07:00", "status": "ok", "reasons": ["current_change"]}
POWER_MONITOR_RECORD {"timestamp_pacific": "2026-08-02T15:23:30.560-07:00", "status": "ok", "reasons": ["current_change"]}
POWER_MONITOR_RECORD {"timestamp_pacific": "2026-08-02T15:23:33.578-07:00", "status": "ok", "reasons": ["current_change"]}
POWER_MONITOR_RECORD {"timestamp_pacific": "2026-08-02T15:23:34.584-07:00", "status": "ok", "reasons": ["current_change"]}
POWER_MONITOR_RECORD {"timestamp_pacific": "2026-08-02T15:23:48.666-07:00", "status": "ok", "reasons": ["current_change"]}
POWER_MONITOR_RECORD {"timestamp_pacific": "2026-08-02T15:23:50.678-07:00", "status": "ok", "reasons": ["current_change"]}
POWER_MONITOR_RECORD {"timestamp_pacific": "2026-08-02T15:23:51.684-07:00", "status": "ok", "reasons": ["current_change"]}
POWER_MONITOR_RECORD {"timestamp_pacific": "2026-08-02T15:23:52.691-07:00", "status": "ok", "reasons": ["current_change"]}
POWER_MONITOR_RECORD {"timestamp_pacific": "2026-08-02T15:23:54.703-07:00", "status": "ok", "reasons": ["current_change"]}
POWER_MONITOR_RECORD {"timestamp_pacific": "2026-08-02T15:23:59.733-07:00", "status": "ok", "reasons": ["current_change"]}
POWER_MONITOR_RECORD {"timestamp_pacific": "2026-08-02T15:24:01.747-07:00", "status": "ok", "reasons": ["current_change"]}
POWER_MONITOR_RECORD {"timestamp_pacific": "2026-08-02T15:24:02.753-07:00", "status": "ok", "reasons": ["current_change"]}
POWER_MONITOR_RECORD {"timestamp_pacific": "2026-08-02T15:24:04.766-07:00", "status": "ok", "reasons": ["current_change"]}
POWER_MONITOR_RECORD {"timestamp_pacific": "2026-08-02T15:24:05.773-07:00", "status": "ok", "reasons": ["current_change"]}
POWER_MONITOR_RECORD {"timestamp_pacific": "2026-08-02T15:24:07.785-07:00", "status": "ok", "reasons": ["current_change"]}
POWER_MONITOR_RECORD {"timestamp_pacific": "2026-08-02T15:24:08.792-07:00", "status": "ok", "reasons": ["current_change"]}
POWER_MONITOR_RECORD {"timestamp_pacific": "2026-08-02T15:24:09.798-07:00", "status": "ok", "reasons": ["current_change"]}
POWER_MONITOR_RECORD {"timestamp_pacific": "2026-08-02T15:24:13.823-07:00", "status": "ok", "reasons": ["current_change"]}
POWER_MONITOR_RECORD {"timestamp_pacific": "2026-08-02T15:24:14.830-07:00", "status": "ok", "reasons": ["current_change"]}
POWER_MONITOR_RECORD {"timestamp_pacific": "2026-08-02T15:24:19.862-07:00", "status": "ok", "reasons": ["current_change"]}
POWER_MONITOR_RECORD {"timestamp_pacific": "2026-08-02T15:24:23.886-07:00", "status": "ok", "reasons": ["current_change"]}
POWER_MONITOR_RECORD {"timestamp_pacific": "2026-08-02T15:24:25.899-07:00", "status": "ok", "reasons": ["current_change"]}
POWER_MONITOR_RECORD {"timestamp_pacific": "2026-08-02T15:24:26.905-07:00", "status": "ok", "reasons": ["current_change"]}
POWER_MONITOR_RECORD {"timestamp_pacific": "2026-08-02T15:24:27.912-07:00", "status": "ok", "reasons": ["current_change"]}
POWER_MONITOR_RECORD {"timestamp_pacific": "2026-08-02T15:24:28.918-07:00", "status": "ok", "reasons": ["current_change"]}
POWER_MONITOR_RECORD {"timestamp_pacific": "2026-08-02T15:24:29.925-07:00", "status": "ok", "reasons": ["current_change"]}
POWER_MONITOR_RECORD {"timestamp_pacific": "2026-08-02T15:24:31.937-07:00", "status": "ok", "reasons": ["current_change"]}
POWER_MONITOR_RECORD {"timestamp_pacific": "2026-08-02T15:24:32.943-07:00", "status": "ok", "reasons": ["current_change"]}
POWER_MONITOR_RECORD {"timestamp_pacific": "2026-08-02T15:24:34.956-07:00", "status": "ok", "reasons": ["current_change"]}
POWER_MONITOR_RECORD {"timestamp_pacific": "2026-08-02T15:24:35.962-07:00", "status": "ok", "reasons": ["current_change"]}
POWER_MONITOR_RECORD {"timestamp_pacific": "2026-08-02T15:24:37.974-07:00", "status": "ok", "reasons": ["current_change"]}
POWER_MONITOR_RECORD {"timestamp_pacific": "2026-08-02T15:24:38.981-07:00", "status": "ok", "reasons": ["current_change"]}
POWER_MONITOR_RECORD {"timestamp_pacific": "2026-08-02T15:24:44.010-07:00", "status": "ok", "reasons": ["current_change"]}
POWER_MONITOR_RECORD {"timestamp_pacific": "2026-08-02T15:24:49.040-07:00", "status": "ok", "reasons": ["current_change"]}
POWER_MONITOR_RECORD {"timestamp_pacific": "2026-08-02T15:24:50.048-07:00", "status": "ok", "reasons": ["current_change"]}
POWER_MONITOR_RECORD {"timestamp_pacific": "2026-08-02T15:24:54.072-07:00", "status": "ok", "reasons": ["current_change"]}
POWER_MONITOR_RECORD {"timestamp_pacific": "2026-08-02T15:24:56.084-07:00", "status": "ok", "reasons": ["current_change"]}
POWER_MONITOR_RECORD {"timestamp_pacific": "2026-08-02T15:25:01.112-07:00", "status": "ok", "reasons": ["current_change"]}
POWER_MONITOR_RECORD {"timestamp_pacific": "2026-08-02T15:25:02.118-07:00", "status": "ok", "reasons": ["current_change"]}
POWER_MONITOR_RECORD {"timestamp_pacific": "2026-08-02T15:25:03.125-07:00", "status": "ok", "reasons": ["current_change"]}
POWER_MONITOR_RECORD {"timestamp_pacific": "2026-08-02T15:25:07.149-07:00", "status": "ok", "reasons": ["current_change"]}
POWER_MONITOR_RECORD {"timestamp_pacific": "2026-08-02T15:25:08.156-07:00", "status": "ok", "reasons": ["current_change"]}
POWER_MONITOR_RECORD {"timestamp_pacific": "2026-08-02T15:25:10.168-07:00", "status": "ok", "reasons": ["current_change"]}
POWER_MONITOR_RECORD {"timestamp_pacific": "2026-08-02T15:25:13.186-07:00", "status": "ok", "reasons": ["current_change"]}
POWER_MONITOR_RECORD {"timestamp_pacific": "2026-08-02T15:25:14.193-07:00", "status": "ok", "reasons": ["current_change"]}
POWER_MONITOR_RECORD {"timestamp_pacific": "2026-08-02T15:25:19.223-07:00", "status": "ok", "reasons": ["current_change"]}
POWER_MONITOR_RECORD {"timestamp_pacific": "2026-08-02T15:25:20.229-07:00", "status": "ok", "reasons": ["current_change"]}
POWER_MONITOR_RECORD {"timestamp_pacific": "2026-08-02T15:25:27.271-07:00", "status": "ok", "reasons": ["current_change"]}
POWER_MONITOR_RECORD {"timestamp_pacific": "2026-08-02T15:25:28.277-07:00", "status": "ok", "reasons": ["current_change"]}
POWER_MONITOR_RECORD {"timestamp_pacific": "2026-08-02T15:25:33.307-07:00", "status": "ok", "reasons": ["current_change"]}
POWER_MONITOR_RECORD {"timestamp_pacific": "2026-08-02T15:25:34.313-07:00", "status": "ok", "reasons": ["current_change"]}
POWER_MONITOR_RECORD {"timestamp_pacific": "2026-08-02T15:25:36.326-07:00", "status": "ok", "reasons": ["current_change"]}
POWER_MONITOR_RECORD {"timestamp_pacific": "2026-08-02T15:25:37.332-07:00", "status": "ok", "reasons": ["current_change"]}
POWER_MONITOR_RECORD {"timestamp_pacific": "2026-08-02T15:25:39.344-07:00", "status": "ok", "reasons": ["current_change"]}
POWER_MONITOR_RECORD {"timestamp_pacific": "2026-08-02T15:25:40.351-07:00", "status": "ok", "reasons": ["current_change"]}
POWER_MONITOR_RECORD {"timestamp_pacific": "2026-08-02T15:25:45.380-07:00", "status": "ok", "reasons": ["current_change"]}
POWER_MONITOR_RECORD {"timestamp_pacific": "2026-08-02T15:25:46.387-07:00", "status": "ok", "reasons": ["current_change"]}
POWER_MONITOR_RECORD {"timestamp_pacific": "2026-08-02T15:25:49.405-07:00", "status": "ok", "reasons": ["current_change"]}
POWER_MONITOR_RECORD {"timestamp_pacific": "2026-08-02T15:25:50.411-07:00", "status": "ok", "reasons": ["current_change"]}
POWER_MONITOR_RECORD {"timestamp_pacific": "2026-08-02T15:25:57.454-07:00", "status": "ok", "reasons": ["current_change"]}
POWER_MONITOR_RECORD {"timestamp_pacific": "2026-08-02T15:25:58.461-07:00", "status": "ok", "reasons": ["current_change"]}
POWER_MONITOR_RECORD {"timestamp_pacific": "2026-08-02T15:26:04.496-07:00", "status": "ok", "reasons": ["current_change"]}
POWER_MONITOR_RECORD {"timestamp_pacific": "2026-08-02T15:26:05.499-07:00", "status": "ok", "reasons": ["current_change"]}
POWER_MONITOR_RECORD {"timestamp_pacific": "2026-08-02T15:26:08.507-07:00", "status": "ok", "reasons": ["current_change"]}
POWER_MONITOR_RECORD {"timestamp_pacific": "2026-08-02T15:26:10.515-07:00", "status": "ok", "reasons": ["current_change"]}
POWER_MONITOR_RECORD {"timestamp_pacific": "2026-08-02T15:26:11.522-07:00", "status": "ok", "reasons": ["current_change"]}
POWER_MONITOR_RECORD {"timestamp_pacific": "2026-08-02T15:26:12.528-07:00", "status": "ok", "reasons": ["current_change"]}
POWER_MONITOR_RECORD {"timestamp_pacific": "2026-08-02T15:26:13.535-07:00", "status": "ok", "reasons": ["current_change"]}
POWER_MONITOR_RECORD {"timestamp_pacific": "2026-08-02T15:26:15.547-07:00", "status": "ok", "reasons": ["current_change"]}
POWER_MONITOR_RECORD {"timestamp_pacific": "2026-08-02T15:26:16.555-07:00", "status": "ok", "reasons": ["current_change"]}
POWER_MONITOR_RECORD {"timestamp_pacific": "2026-08-02T15:26:17.561-07:00", "status": "ok", "reasons": ["current_change"]}
POWER_MONITOR_RECORD {"timestamp_pacific": "2026-08-02T15:26:19.574-07:00", "status": "ok", "reasons": ["current_change"]}
POWER_MONITOR_RECORD {"timestamp_pacific": "2026-08-02T15:26:21.586-07:00", "status": "ok", "reasons": ["current_change"]}
POWER_MONITOR_RECORD {"timestamp_pacific": "2026-08-02T15:26:22.592-07:00", "status": "ok", "reasons": ["current_change"]}
POWER_MONITOR_RECORD {"timestamp_pacific": "2026-08-02T15:26:23.599-07:00", "status": "ok", "reasons": ["current_change"]}
POWER_MONITOR_RECORD {"timestamp_pacific": "2026-08-02T15:26:24.605-07:00", "status": "ok", "reasons": ["current_change"]}
POWER_MONITOR_RECORD {"timestamp_pacific": "2026-08-02T15:26:30.641-07:00", "status": "ok", "reasons": ["current_change"]}
POWER_MONITOR_RECORD {"timestamp_pacific": "2026-08-02T15:26:36.676-07:00", "status": "ok", "reasons": ["current_change"]}
POWER_MONITOR_RECORD {"timestamp_pacific": "2026-08-02T15:26:37.683-07:00", "status": "ok", "reasons": ["current_change"]}
POWER_MONITOR_RECORD {"timestamp_pacific": "2026-08-02T15:26:42.713-07:00", "status": "ok", "reasons": ["current_change"]}
POWER_MONITOR_RECORD {"timestamp_pacific": "2026-08-02T15:26:43.719-07:00", "status": "ok", "reasons": ["current_change"]}
POWER_MONITOR_RECORD {"timestamp_pacific": "2026-08-02T15:26:49.755-07:00", "status": "ok", "reasons": ["current_change"]}
POWER_MONITOR_RECORD {"timestamp_pacific": "2026-08-02T15:26:50.761-07:00", "status": "ok", "reasons": ["current_change"]}
POWER_MONITOR_RECORD {"timestamp_pacific": "2026-08-02T15:26:52.773-07:00", "status": "ok", "reasons": ["current_change"]}
POWER_MONITOR_RECORD {"timestamp_pacific": "2026-08-02T15:26:53.780-07:00", "status": "ok", "reasons": ["current_change"]}
POWER_MONITOR_RECORD {"timestamp_pacific": "2026-08-02T15:26:56.798-07:00", "status": "ok", "reasons": ["current_change"]}
POWER_MONITOR_RECORD {"timestamp_pacific": "2026-08-02T15:26:58.810-07:00", "status": "ok", "reasons": ["current_change"]}
POWER_MONITOR_RECORD {"timestamp_pacific": "2026-08-02T15:26:59.817-07:00", "status": "ok", "reasons": ["current_change"]}
POWER_MONITOR_RECORD {"timestamp_pacific": "2026-08-02T15:27:00.823-07:00", "status": "ok", "reasons": ["current_change"]}
POWER_MONITOR_RECORD {"timestamp_pacific": "2026-08-02T15:27:02.836-07:00", "status": "ok", "reasons": ["current_change"]}
POWER_MONITOR_RECORD {"timestamp_pacific": "2026-08-02T15:27:04.848-07:00", "status": "ok", "reasons": ["current_change"]}
POWER_MONITOR_RECORD {"timestamp_pacific": "2026-08-02T15:27:06.860-07:00", "status": "ok", "reasons": ["current_change"]}
POWER_MONITOR_RECORD {"timestamp_pacific": "2026-08-02T15:27:07.867-07:00", "status": "ok", "reasons": ["current_change"]}
POWER_MONITOR_RECORD {"timestamp_pacific": "2026-08-02T15:27:09.880-07:00", "status": "ok", "reasons": ["current_change"]}
POWER_MONITOR_RECORD {"timestamp_pacific": "2026-08-02T15:27:10.887-07:00", "status": "ok", "reasons": ["current_change"]}
POWER_MONITOR_RECORD {"timestamp_pacific": "2026-08-02T15:27:18.934-07:00", "status": "ok", "reasons": ["current_change"]}
POWER_MONITOR_RECORD {"timestamp_pacific": "2026-08-02T15:27:22.958-07:00", "status": "ok", "reasons": ["current_change"]}
POWER_MONITOR_RECORD {"timestamp_pacific": "2026-08-02T15:27:30.000-07:00", "status": "ok", "reasons": ["current_change"]}
POWER_MONITOR_RECORD {"timestamp_pacific": "2026-08-02T15:27:31.006-07:00", "status": "ok", "reasons": ["current_change"]}
POWER_MONITOR_RECORD {"timestamp_pacific": "2026-08-02T15:27:32.013-07:00", "status": "ok", "reasons": ["current_change"]}
POWER_MONITOR_RECORD {"timestamp_pacific": "2026-08-02T15:27:33.019-07:00", "status": "ok", "reasons": ["current_change"]}
POWER_MONITOR_RECORD {"timestamp_pacific": "2026-08-02T15:27:40.060-07:00", "status": "ok", "reasons": ["current_change"]}
POWER_MONITOR_RECORD {"timestamp_pacific": "2026-08-02T15:27:42.073-07:00", "status": "ok", "reasons": ["current_change"]}
POWER_MONITOR_RECORD {"timestamp_pacific": "2026-08-02T15:27:43.079-07:00", "status": "ok", "reasons": ["current_change"]}
POWER_MONITOR_RECORD {"timestamp_pacific": "2026-08-02T15:27:45.092-07:00", "status": "ok", "reasons": ["current_change"]}
POWER_MONITOR_RECORD {"timestamp_pacific": "2026-08-02T15:27:48.110-07:00", "status": "ok", "reasons": ["current_change"]}
POWER_MONITOR_RECORD {"timestamp_pacific": "2026-08-02T15:27:49.116-07:00", "status": "ok", "reasons": ["current_change"]}
POWER_MONITOR_RECORD {"timestamp_pacific": "2026-08-02T15:27:51.129-07:00", "status": "ok", "reasons": ["current_change"]}
POWER_MONITOR_RECORD {"timestamp_pacific": "2026-08-02T15:27:53.141-07:00", "status": "ok", "reasons": ["current_change"]}
POWER_MONITOR_RECORD {"timestamp_pacific": "2026-08-02T15:27:54.148-07:00", "status": "ok", "reasons": ["current_change"]}
POWER_MONITOR_RECORD {"timestamp_pacific": "2026-08-02T15:27:55.154-07:00", "status": "ok", "reasons": ["current_change"]}
POWER_MONITOR_RECORD {"timestamp_pacific": "2026-08-02T15:28:00.184-07:00", "status": "ok", "reasons": ["current_change"]}
POWER_MONITOR_RECORD {"timestamp_pacific": "2026-08-02T15:28:01.191-07:00", "status": "ok", "reasons": ["current_change"]}
POWER_MONITOR_RECORD {"timestamp_pacific": "2026-08-02T15:28:11.232-07:00", "status": "ok", "reasons": ["current_change"]}
POWER_MONITOR_RECORD {"timestamp_pacific": "2026-08-02T15:28:12.240-07:00", "status": "ok", "reasons": ["current_change"]}
POWER_MONITOR_RECORD {"timestamp_pacific": "2026-08-02T15:28:15.258-07:00", "status": "ok", "reasons": ["current_change"]}
POWER_MONITOR_RECORD {"timestamp_pacific": "2026-08-02T15:28:17.270-07:00", "status": "ok", "reasons": ["current_change"]}
POWER_MONITOR_RECORD {"timestamp_pacific": "2026-08-02T15:28:23.306-07:00", "status": "ok", "reasons": ["current_change"]}
POWER_MONITOR_RECORD {"timestamp_pacific": "2026-08-02T15:28:24.312-07:00", "status": "ok", "reasons": ["current_change"]}
POWER_MONITOR_RECORD {"timestamp_pacific": "2026-08-02T15:28:30.347-07:00", "status": "ok", "reasons": ["current_change"]}
POWER_MONITOR_RECORD {"timestamp_pacific": "2026-08-02T15:28:33.366-07:00", "status": "ok", "reasons": ["current_change"]}
POWER_MONITOR_RECORD {"timestamp_pacific": "2026-08-02T15:28:36.384-07:00", "status": "ok", "reasons": ["current_change"]}
POWER_MONITOR_RECORD {"timestamp_pacific": "2026-08-02T15:28:38.396-07:00", "status": "ok", "reasons": ["current_change"]}
POWER_MONITOR_RECORD {"timestamp_pacific": "2026-08-02T15:28:39.402-07:00", "status": "ok", "reasons": ["current_change"]}
POWER_MONITOR_RECORD {"timestamp_pacific": "2026-08-02T15:28:43.426-07:00", "status": "ok", "reasons": ["current_change"]}
POWER_MONITOR_RECORD {"timestamp_pacific": "2026-08-02T15:28:44.433-07:00", "status": "ok", "reasons": ["current_change"]}
POWER_MONITOR_RECORD {"timestamp_pacific": "2026-08-02T15:28:46.445-07:00", "status": "ok", "reasons": ["current_change"]}
POWER_MONITOR_RECORD {"timestamp_pacific": "2026-08-02T15:28:49.463-07:00", "status": "ok", "reasons": ["current_change"]}
POWER_MONITOR_RECORD {"timestamp_pacific": "2026-08-02T15:28:51.476-07:00", "status": "ok", "reasons": ["current_change"]}
POWER_MONITOR_RECORD {"timestamp_pacific": "2026-08-02T15:28:53.488-07:00", "status": "ok", "reasons": ["current_change"]}
POWER_MONITOR_RECORD {"timestamp_pacific": "2026-08-02T15:29:10.590-07:00", "status": "ok", "reasons": ["current_change"]}
POWER_MONITOR_RECORD {"timestamp_pacific": "2026-08-02T15:29:12.602-07:00", "status": "ok", "reasons": ["current_change"]}
POWER_MONITOR_RECORD {"timestamp_pacific": "2026-08-02T15:29:13.609-07:00", "status": "ok", "reasons": ["current_change"]}
POWER_MONITOR_RECORD {"timestamp_pacific": "2026-08-02T15:29:17.633-07:00", "status": "ok", "reasons": ["current_change"]}
POWER_MONITOR_RECORD {"timestamp_pacific": "2026-08-02T15:29:19.645-07:00", "status": "ok", "reasons": ["current_change"]}
POWER_MONITOR_RECORD {"timestamp_pacific": "2026-08-02T15:29:20.652-07:00", "status": "ok", "reasons": ["current_change"]}
POWER_MONITOR_RECORD {"timestamp_pacific": "2026-08-02T15:29:23.670-07:00", "status": "ok", "reasons": ["current_change"]}
POWER_MONITOR_RECORD {"timestamp_pacific": "2026-08-02T15:29:24.676-07:00", "status": "ok", "reasons": ["current_change"]}
POWER_MONITOR_RECORD {"timestamp_pacific": "2026-08-02T15:29:27.694-07:00", "status": "ok", "reasons": ["current_change"]}
POWER_MONITOR_RECORD {"timestamp_pacific": "2026-08-02T15:29:31.718-07:00", "status": "ok", "reasons": ["current_change"]}
POWER_MONITOR_RECORD {"timestamp_pacific": "2026-08-02T15:29:33.731-07:00", "status": "ok", "reasons": ["current_change"]}
POWER_MONITOR_RECORD {"timestamp_pacific": "2026-08-02T15:29:34.737-07:00", "status": "ok", "reasons": ["current_change"]}
POWER_MONITOR_RECORD {"timestamp_pacific": "2026-08-02T15:29:36.749-07:00", "status": "ok", "reasons": ["current_change"]}
POWER_MONITOR_RECORD {"timestamp_pacific": "2026-08-02T15:29:37.756-07:00", "status": "ok", "reasons": ["current_change"]}
POWER_MONITOR_RECORD {"timestamp_pacific": "2026-08-02T15:29:40.774-07:00", "status": "ok", "reasons": ["current_change"]}
POWER_MONITOR_RECORD {"timestamp_pacific": "2026-08-02T15:29:41.781-07:00", "status": "ok", "reasons": ["current_change"]}
POWER_MONITOR_RECORD {"timestamp_pacific": "2026-08-02T15:29:42.787-07:00", "status": "ok", "reasons": ["current_change"]}
POWER_MONITOR_RECORD {"timestamp_pacific": "2026-08-02T15:29:45.805-07:00", "status": "ok", "reasons": ["current_change"]}
POWER_MONITOR_RECORD {"timestamp_pacific": "2026-08-02T15:29:47.818-07:00", "status": "ok", "reasons": ["current_change"]}
POWER_MONITOR_RECORD {"timestamp_pacific": "2026-08-02T15:29:49.830-07:00", "status": "ok", "reasons": ["current_change"]}
POWER_MONITOR_RECORD {"timestamp_pacific": "2026-08-02T15:29:50.837-07:00", "status": "ok", "reasons": ["current_change"]}
POWER_MONITOR_RECORD {"timestamp_pacific": "2026-08-02T15:29:52.849-07:00", "status": "ok", "reasons": ["current_change"]}
POWER_MONITOR_RECORD {"timestamp_pacific": "2026-08-02T15:29:53.856-07:00", "status": "ok", "reasons": ["current_change"]}
POWER_MONITOR_RECORD {"timestamp_pacific": "2026-08-02T15:29:59.891-07:00", "status": "ok", "reasons": ["current_change"]}
POWER_MONITOR_RECORD {"timestamp_pacific": "2026-08-02T15:30:01.904-07:00", "status": "ok", "reasons": ["current_change"]}
POWER_MONITOR_RECORD {"timestamp_pacific": "2026-08-02T15:30:06.934-07:00", "status": "ok", "reasons": ["current_change"]}
POWER_MONITOR_RECORD {"timestamp_pacific": "2026-08-02T15:30:12.969-07:00", "status": "ok", "reasons": ["current_change"]}
POWER_MONITOR_RECORD {"timestamp_pacific": "2026-08-02T15:30:13.976-07:00", "status": "ok", "reasons": ["current_change"]}
POWER_MONITOR_RECORD {"timestamp_pacific": "2026-08-02T15:30:19.006-07:00", "status": "ok", "reasons": ["current_change"]}
POWER_MONITOR_RECORD {"timestamp_pacific": "2026-08-02T15:30:21.018-07:00", "status": "ok", "reasons": ["current_change"]}
POWER_MONITOR_RECORD {"timestamp_pacific": "2026-08-02T15:30:29.065-07:00", "status": "ok", "reasons": ["current_change"]}
POWER_MONITOR_RECORD {"timestamp_pacific": "2026-08-02T15:30:30.072-07:00", "status": "ok", "reasons": ["current_change"]}
POWER_MONITOR_RECORD {"timestamp_pacific": "2026-08-02T15:30:37.113-07:00", "status": "ok", "reasons": ["current_change"]}
POWER_MONITOR_RECORD {"timestamp_pacific": "2026-08-02T15:30:38.120-07:00", "status": "ok", "reasons": ["current_change"]}
POWER_MONITOR_RECORD {"timestamp_pacific": "2026-08-02T15:30:42.144-07:00", "status": "ok", "reasons": ["current_change"]}
POWER_MONITOR_RECORD {"timestamp_pacific": "2026-08-02T15:30:43.150-07:00", "status": "ok", "reasons": ["current_change"]}
POWER_MONITOR_RECORD {"timestamp_pacific": "2026-08-02T15:30:51.197-07:00", "status": "ok", "reasons": ["current_change"]}
POWER_MONITOR_RECORD {"timestamp_pacific": "2026-08-02T15:30:53.210-07:00", "status": "ok", "reasons": ["current_change"]}
POWER_MONITOR_RECORD {"timestamp_pacific": "2026-08-02T15:31:10.292-07:00", "status": "ok", "reasons": ["current_change"]}
POWER_MONITOR_RECORD {"timestamp_pacific": "2026-08-02T15:31:12.304-07:00", "status": "ok", "reasons": ["current_change"]}
POWER_MONITOR_RECORD {"timestamp_pacific": "2026-08-02T15:31:21.357-07:00", "status": "ok", "reasons": ["current_change"]}
POWER_MONITOR_RECORD {"timestamp_pacific": "2026-08-02T15:31:24.376-07:00", "status": "ok", "reasons": ["current_change"]}
POWER_MONITOR_RECORD {"timestamp_pacific": "2026-08-02T15:31:28.400-07:00", "status": "ok", "reasons": ["current_change"]}
POWER_MONITOR_RECORD {"timestamp_pacific": "2026-08-02T15:31:32.423-07:00", "status": "ok", "reasons": ["current_change"]}
POWER_MONITOR_RECORD {"timestamp_pacific": "2026-08-02T15:31:34.436-07:00", "status": "ok", "reasons": ["current_change"]}
POWER_MONITOR_RECORD {"timestamp_pacific": "2026-08-02T15:31:38.460-07:00", "status": "ok", "reasons": ["current_change"]}
POWER_MONITOR_RECORD {"timestamp_pacific": "2026-08-02T15:31:39.466-07:00", "status": "ok", "reasons": ["current_change"]}
POWER_MONITOR_RECORD {"timestamp_pacific": "2026-08-02T15:31:43.490-07:00", "status": "ok", "reasons": ["current_change"]}
POWER_MONITOR_RECORD {"timestamp_pacific": "2026-08-02T15:31:45.502-07:00", "status": "ok", "reasons": ["current_change"]}
POWER_MONITOR_RECORD {"timestamp_pacific": "2026-08-02T15:32:01.596-07:00", "status": "ok", "reasons": ["current_change"]}
POWER_MONITOR_RECORD {"timestamp_pacific": "2026-08-02T15:32:06.626-07:00", "status": "ok", "reasons": ["current_change"]}
POWER_MONITOR_RECORD {"timestamp_pacific": "2026-08-02T15:32:07.632-07:00", "status": "ok", "reasons": ["current_change"]}
POWER_MONITOR_RECORD {"timestamp_pacific": "2026-08-02T15:32:17.691-07:00", "status": "ok", "reasons": ["current_change"]}
POWER_MONITOR_RECORD {"timestamp_pacific": "2026-08-02T15:32:18.698-07:00", "status": "ok", "reasons": ["current_change"]}
POWER_MONITOR_RECORD {"timestamp_pacific": "2026-08-02T15:32:19.704-07:00", "status": "ok", "reasons": ["current_change"]}
POWER_MONITOR_RECORD {"timestamp_pacific": "2026-08-02T15:32:30.769-07:00", "status": "ok", "reasons": ["current_change"]}
POWER_MONITOR_RECORD {"timestamp_pacific": "2026-08-02T15:32:31.775-07:00", "status": "ok", "reasons": ["current_change"]}
POWER_MONITOR_RECORD {"timestamp_pacific": "2026-08-02T15:32:32.782-07:00", "status": "ok", "reasons": ["current_change"]}
POWER_MONITOR_RECORD {"timestamp_pacific": "2026-08-02T15:32:43.846-07:00", "status": "ok", "reasons": ["current_change"]}
POWER_MONITOR_RECORD {"timestamp_pacific": "2026-08-02T15:32:45.859-07:00", "status": "ok", "reasons": ["current_change"]}
POWER_MONITOR_RECORD {"timestamp_pacific": "2026-08-02T15:32:52.900-07:00", "status": "ok", "reasons": ["current_change"]}
POWER_MONITOR_RECORD {"timestamp_pacific": "2026-08-02T15:32:57.930-07:00", "status": "ok", "reasons": ["current_change"]}
POWER_MONITOR_RECORD {"timestamp_pacific": "2026-08-02T15:32:58.936-07:00", "status": "ok", "reasons": ["current_change"]}
POWER_MONITOR_RECORD {"timestamp_pacific": "2026-08-02T15:32:59.943-07:00", "status": "ok", "reasons": ["current_change"]}
POWER_MONITOR_RECORD {"timestamp_pacific": "2026-08-02T15:33:02.961-07:00", "status": "ok", "reasons": ["current_change"]}
POWER_MONITOR_RECORD {"timestamp_pacific": "2026-08-02T15:33:09.000-07:00", "status": "ok", "reasons": ["current_change"]}
POWER_MONITOR_RECORD {"timestamp_pacific": "2026-08-02T15:33:10.006-07:00", "status": "ok", "reasons": ["current_change"]}
POWER_MONITOR_RECORD {"timestamp_pacific": "2026-08-02T15:33:20.065-07:00", "status": "ok", "reasons": ["current_change"]}
POWER_MONITOR_RECORD {"timestamp_pacific": "2026-08-02T15:33:23.083-07:00", "status": "ok", "reasons": ["current_change"]}
POWER_MONITOR_RECORD {"timestamp_pacific": "2026-08-02T15:33:26.101-07:00", "status": "ok", "reasons": ["current_change"]}
POWER_MONITOR_RECORD {"timestamp_pacific": "2026-08-02T15:33:27.108-07:00", "status": "ok", "reasons": ["current_change"]}
POWER_MONITOR_RECORD {"timestamp_pacific": "2026-08-02T15:33:32.138-07:00", "status": "ok", "reasons": ["current_change"]}
POWER_MONITOR_RECORD {"timestamp_pacific": "2026-08-02T15:33:34.150-07:00", "status": "ok", "reasons": ["current_change"]}
POWER_MONITOR_RECORD {"timestamp_pacific": "2026-08-02T15:33:36.162-07:00", "status": "ok", "reasons": ["current_change"]}
POWER_MONITOR_RECORD {"timestamp_pacific": "2026-08-02T15:33:40.186-07:00", "status": "ok", "reasons": ["current_change"]}
POWER_MONITOR_RECORD {"timestamp_pacific": "2026-08-02T15:33:42.199-07:00", "status": "ok", "reasons": ["current_change"]}
POWER_MONITOR_RECORD {"timestamp_pacific": "2026-08-02T15:33:53.263-07:00", "status": "ok", "reasons": ["current_change"]}
POWER_MONITOR_RECORD {"timestamp_pacific": "2026-08-02T15:33:56.281-07:00", "status": "ok", "reasons": ["current_change"]}
POWER_MONITOR_RECORD {"timestamp_pacific": "2026-08-02T15:34:00.305-07:00", "status": "ok", "reasons": ["current_change"]}
POWER_MONITOR_RECORD {"timestamp_pacific": "2026-08-02T15:34:01.312-07:00", "status": "ok", "reasons": ["current_change"]}
POWER_MONITOR_RECORD {"timestamp_pacific": "2026-08-02T15:34:03.324-07:00", "status": "ok", "reasons": ["current_change"]}
POWER_MONITOR_RECORD {"timestamp_pacific": "2026-08-02T15:34:05.333-07:00", "status": "ok", "reasons": ["current_change"]}
POWER_MONITOR_RECORD {"timestamp_pacific": "2026-08-02T15:34:13.366-07:00", "status": "ok", "reasons": ["current_change"]}
POWER_MONITOR_RECORD {"timestamp_pacific": "2026-08-02T15:34:15.379-07:00", "status": "ok", "reasons": ["current_change"]}
POWER_MONITOR_RECORD {"timestamp_pacific": "2026-08-02T15:34:25.437-07:00", "status": "ok", "reasons": ["current_change"]}
POWER_MONITOR_RECORD {"timestamp_pacific": "2026-08-02T15:34:26.444-07:00", "status": "ok", "reasons": ["current_change"]}
POWER_MONITOR_RECORD {"timestamp_pacific": "2026-08-02T15:34:35.497-07:00", "status": "ok", "reasons": ["current_change"]}
POWER_MONITOR_RECORD {"timestamp_pacific": "2026-08-02T15:34:39.521-07:00", "status": "ok", "reasons": ["current_change"]}
POWER_MONITOR_RECORD {"timestamp_pacific": "2026-08-02T15:34:59.638-07:00", "status": "ok", "reasons": ["current_change"]}
POWER_MONITOR_RECORD {"timestamp_pacific": "2026-08-02T15:35:00.644-07:00", "status": "ok", "reasons": ["current_change"]}
POWER_MONITOR_RECORD {"timestamp_pacific": "2026-08-02T15:35:02.657-07:00", "status": "ok", "reasons": ["current_change"]}
POWER_MONITOR_RECORD {"timestamp_pacific": "2026-08-02T15:35:14.710-07:00", "status": "ok", "reasons": ["current_change"]}
POWER_MONITOR_RECORD {"timestamp_pacific": "2026-08-02T15:35:17.728-07:00", "status": "ok", "reasons": ["current_change"]}
POWER_MONITOR_RECORD {"timestamp_pacific": "2026-08-02T15:35:19.743-07:00", "status": "ok", "reasons": ["current_change"]}
POWER_MONITOR_RECORD {"timestamp_pacific": "2026-08-02T15:35:28.796-07:00", "status": "ok", "reasons": ["current_change"]}
POWER_MONITOR_RECORD {"timestamp_pacific": "2026-08-02T15:35:35.838-07:00", "status": "ok", "reasons": ["current_change"]}
POWER_MONITOR_RECORD {"timestamp_pacific": "2026-08-02T15:35:39.861-07:00", "status": "ok", "reasons": ["current_change"]}
POWER_MONITOR_RECORD {"timestamp_pacific": "2026-08-02T15:35:40.872-07:00", "status": "ok", "reasons": ["current_change"]}
POWER_MONITOR_RECORD {"timestamp_pacific": "2026-08-02T15:35:41.878-07:00", "status": "ok", "reasons": ["current_change"]}
POWER_MONITOR_RECORD {"timestamp_pacific": "2026-08-02T15:35:44.896-07:00", "status": "ok", "reasons": ["current_change"]}
POWER_MONITOR_RECORD {"timestamp_pacific": "2026-08-02T15:35:46.909-07:00", "status": "ok", "reasons": ["current_change"]}
POWER_MONITOR_RECORD {"timestamp_pacific": "2026-08-02T15:35:48.921-07:00", "status": "ok", "reasons": ["current_change"]}
POWER_MONITOR_RECORD {"timestamp_pacific": "2026-08-02T15:35:50.934-07:00", "status": "ok", "reasons": ["current_change"]}
POWER_MONITOR_RECORD {"timestamp_pacific": "2026-08-02T15:35:57.975-07:00", "status": "ok", "reasons": ["current_change"]}
POWER_MONITOR_RECORD {"timestamp_pacific": "2026-08-02T15:36:03.005-07:00", "status": "ok", "reasons": ["current_change"]}
POWER_MONITOR_RECORD {"timestamp_pacific": "2026-08-02T15:36:04.049-07:00", "status": "ok", "reasons": ["current_change"]}
POWER_MONITOR_RECORD {"timestamp_pacific": "2026-08-02T15:36:07.067-07:00", "status": "ok", "reasons": ["current_change"]}
POWER_MONITOR_RECORD {"timestamp_pacific": "2026-08-02T15:36:08.074-07:00", "status": "ok", "reasons": ["current_change"]}
POWER_MONITOR_RECORD {"timestamp_pacific": "2026-08-02T15:36:13.107-07:00", "status": "ok", "reasons": ["current_change"]}
POWER_MONITOR_RECORD {"timestamp_pacific": "2026-08-02T15:36:20.149-07:00", "status": "ok", "reasons": ["current_change"]}
POWER_MONITOR_RECORD {"timestamp_pacific": "2026-08-02T15:36:23.167-07:00", "status": "ok", "reasons": ["current_change"]}
POWER_MONITOR_RECORD {"timestamp_pacific": "2026-08-02T15:36:29.203-07:00", "status": "ok", "reasons": ["current_change"]}
POWER_MONITOR_RECORD {"timestamp_pacific": "2026-08-02T15:36:30.209-07:00", "status": "ok", "reasons": ["current_change"]}
POWER_MONITOR_RECORD {"timestamp_pacific": "2026-08-02T15:36:43.286-07:00", "status": "ok", "reasons": ["current_change"]}
POWER_MONITOR_RECORD {"timestamp_pacific": "2026-08-02T15:36:54.350-07:00", "status": "ok", "reasons": ["current_change"]}
POWER_MONITOR_RECORD {"timestamp_pacific": "2026-08-02T15:36:55.357-07:00", "status": "ok", "reasons": ["current_change"]}
POWER_MONITOR_RECORD {"timestamp_pacific": "2026-08-02T15:37:01.393-07:00", "status": "ok", "reasons": ["current_change"]}
POWER_MONITOR_RECORD {"timestamp_pacific": "2026-08-02T15:37:07.418-07:00", "status": "ok", "reasons": ["current_change"]}
POWER_MONITOR_RECORD {"timestamp_pacific": "2026-08-02T15:37:10.429-07:00", "status": "ok", "reasons": ["current_change"]}
POWER_MONITOR_RECORD {"timestamp_pacific": "2026-08-02T15:37:13.447-07:00", "status": "ok", "reasons": ["current_change"]}
POWER_MONITOR_RECORD {"timestamp_pacific": "2026-08-02T15:37:14.454-07:00", "status": "ok", "reasons": ["current_change"]}
POWER_MONITOR_RECORD {"timestamp_pacific": "2026-08-02T15:37:17.472-07:00", "status": "ok", "reasons": ["current_change"]}
POWER_MONITOR_RECORD {"timestamp_pacific": "2026-08-02T15:37:37.589-07:00", "status": "ok", "reasons": ["current_change"]}
POWER_MONITOR_RECORD {"timestamp_pacific": "2026-08-02T15:37:52.677-07:00", "status": "ok", "reasons": ["current_change"]}
POWER_MONITOR_RECORD {"timestamp_pacific": "2026-08-02T15:37:53.684-07:00", "status": "ok", "reasons": ["current_change"]}
POWER_MONITOR_RECORD {"timestamp_pacific": "2026-08-02T15:37:58.714-07:00", "status": "ok", "reasons": ["current_change"]}
POWER_MONITOR_RECORD {"timestamp_pacific": "2026-08-02T15:38:05.751-07:00", "status": "ok", "reasons": ["current_change"]}
POWER_MONITOR_RECORD {"timestamp_pacific": "2026-08-02T15:38:07.756-07:00", "status": "ok", "reasons": ["current_change"]}
POWER_MONITOR_RECORD {"timestamp_pacific": "2026-08-02T15:38:08.759-07:00", "status": "ok", "reasons": ["current_change"]}
POWER_MONITOR_RECORD {"timestamp_pacific": "2026-08-02T15:38:09.762-07:00", "status": "ok", "reasons": ["current_change"]}
POWER_MONITOR_RECORD {"timestamp_pacific": "2026-08-02T15:38:10.772-07:00", "status": "ok", "reasons": ["current_change"]}
POWER_MONITOR_RECORD {"timestamp_pacific": "2026-08-02T15:38:16.807-07:00", "status": "ok", "reasons": ["current_change"]}
POWER_MONITOR_RECORD {"timestamp_pacific": "2026-08-02T15:38:21.840-07:00", "status": "ok", "reasons": ["current_change"]}
POWER_MONITOR_RECORD {"timestamp_pacific": "2026-08-02T15:38:22.850-07:00", "status": "ok", "reasons": ["current_change"]}
POWER_MONITOR_RECORD {"timestamp_pacific": "2026-08-02T15:38:36.932-07:00", "status": "ok", "reasons": ["current_change"]}
POWER_MONITOR_RECORD {"timestamp_pacific": "2026-08-02T15:38:44.979-07:00", "status": "ok", "reasons": ["current_change"]}
POWER_MONITOR_RECORD {"timestamp_pacific": "2026-08-02T15:38:49.003-07:00", "status": "ok", "reasons": ["current_change"]}
POWER_MONITOR_RECORD {"timestamp_pacific": "2026-08-02T15:38:50.009-07:00", "status": "ok", "reasons": ["current_change"]}
POWER_MONITOR_RECORD {"timestamp_pacific": "2026-08-02T15:38:55.042-07:00", "status": "ok", "reasons": ["current_change"]}
POWER_MONITOR_RECORD {"timestamp_pacific": "2026-08-02T15:38:56.048-07:00", "status": "ok", "reasons": ["current_change"]}
POWER_MONITOR_RECORD {"timestamp_pacific": "2026-08-02T15:38:57.055-07:00", "status": "ok", "reasons": ["current_change"]}
POWER_MONITOR_RECORD {"timestamp_pacific": "2026-08-02T15:38:59.067-07:00", "status": "ok", "reasons": ["current_change"]}
POWER_MONITOR_RECORD {"timestamp_pacific": "2026-08-02T15:39:05.101-07:00", "status": "ok", "reasons": ["current_change"]}
POWER_MONITOR_RECORD {"timestamp_pacific": "2026-08-02T15:39:11.137-07:00", "status": "ok", "reasons": ["current_change"]}
POWER_MONITOR_RECORD {"timestamp_pacific": "2026-08-02T15:39:19.184-07:00", "status": "ok", "reasons": ["current_change"]}
POWER_MONITOR_RECORD {"timestamp_pacific": "2026-08-02T15:39:20.191-07:00", "status": "ok", "reasons": ["current_change"]}
POWER_MONITOR_RECORD {"timestamp_pacific": "2026-08-02T15:39:23.209-07:00", "status": "ok", "reasons": ["current_change"]}
POWER_MONITOR_RECORD {"timestamp_pacific": "2026-08-02T15:39:27.233-07:00", "status": "ok", "reasons": ["current_change"]}
POWER_MONITOR_RECORD {"timestamp_pacific": "2026-08-02T15:39:31.257-07:00", "status": "ok", "reasons": ["current_change"]}
POWER_MONITOR_RECORD {"timestamp_pacific": "2026-08-02T15:39:32.263-07:00", "status": "ok", "reasons": ["current_change"]}
POWER_MONITOR_RECORD {"timestamp_pacific": "2026-08-02T15:39:42.325-07:00", "status": "ok", "reasons": ["current_change"]}
POWER_MONITOR_RECORD {"timestamp_pacific": "2026-08-02T15:39:43.331-07:00", "status": "ok", "reasons": ["current_change"]}
POWER_MONITOR_RECORD {"timestamp_pacific": "2026-08-02T15:39:44.338-07:00", "status": "ok", "reasons": ["current_change"]}
POWER_MONITOR_RECORD {"timestamp_pacific": "2026-08-02T15:39:45.344-07:00", "status": "ok", "reasons": ["current_change"]}
POWER_MONITOR_RECORD {"timestamp_pacific": "2026-08-02T15:39:52.386-07:00", "status": "ok", "reasons": ["current_change"]}
POWER_MONITOR_RECORD {"timestamp_pacific": "2026-08-02T15:39:55.404-07:00", "status": "ok", "reasons": ["current_change"]}
POWER_MONITOR_RECORD {"timestamp_pacific": "2026-08-02T15:39:59.428-07:00", "status": "ok", "reasons": ["current_change"]}
POWER_MONITOR_RECORD {"timestamp_pacific": "2026-08-02T15:40:01.440-07:00", "status": "ok", "reasons": ["current_change"]}
POWER_MONITOR_RECORD {"timestamp_pacific": "2026-08-02T15:40:02.447-07:00", "status": "ok", "reasons": ["current_change"]}
POWER_MONITOR_RECORD {"timestamp_pacific": "2026-08-02T15:40:04.459-07:00", "status": "ok", "reasons": ["current_change"]}
POWER_MONITOR_RECORD {"timestamp_pacific": "2026-08-02T15:40:36.631-07:00", "status": "ok", "reasons": ["current_change"]}
POWER_MONITOR_RECORD {"timestamp_pacific": "2026-08-02T15:40:53.730-07:00", "status": "ok", "reasons": ["current_change"]}
POWER_MONITOR_RECORD {"timestamp_pacific": "2026-08-02T15:40:54.736-07:00", "status": "ok", "reasons": ["current_change"]}
POWER_MONITOR_RECORD {"timestamp_pacific": "2026-08-02T15:41:09.824-07:00", "status": "ok", "reasons": ["current_change"]}
POWER_MONITOR_RECORD {"timestamp_pacific": "2026-08-02T15:41:21.895-07:00", "status": "ok", "reasons": ["current_change"]}
POWER_MONITOR_RECORD {"timestamp_pacific": "2026-08-02T15:41:22.901-07:00", "status": "ok", "reasons": ["current_change"]}
POWER_MONITOR_RECORD {"timestamp_pacific": "2026-08-02T15:41:36.983-07:00", "status": "ok", "reasons": ["current_change"]}
POWER_MONITOR_RECORD {"timestamp_pacific": "2026-08-02T15:41:40.001-07:00", "status": "ok", "reasons": ["current_change"]}
POWER_MONITOR_RECORD {"timestamp_pacific": "2026-08-02T15:41:51.066-07:00", "status": "ok", "reasons": ["current_change"]}
POWER_MONITOR_RECORD {"timestamp_pacific": "2026-08-02T15:41:57.101-07:00", "status": "ok", "reasons": ["current_change"]}
POWER_MONITOR_RECORD {"timestamp_pacific": "2026-08-02T15:42:08.155-07:00", "status": "ok", "reasons": ["current_change"]}
POWER_MONITOR_RECORD {"timestamp_pacific": "2026-08-02T15:42:11.166-07:00", "status": "ok", "reasons": ["current_change"]}
POWER_MONITOR_RECORD {"timestamp_pacific": "2026-08-02T15:42:12.176-07:00", "status": "ok", "reasons": ["current_change"]}
POWER_MONITOR_RECORD {"timestamp_pacific": "2026-08-02T15:42:20.223-07:00", "status": "ok", "reasons": ["current_change"]}
POWER_MONITOR_RECORD {"timestamp_pacific": "2026-08-02T15:42:35.311-07:00", "status": "ok", "reasons": ["current_change"]}
POWER_MONITOR_RECORD {"timestamp_pacific": "2026-08-02T15:42:42.352-07:00", "status": "ok", "reasons": ["current_change"]}
POWER_MONITOR_RECORD {"timestamp_pacific": "2026-08-02T15:42:43.359-07:00", "status": "ok", "reasons": ["current_change"]}
POWER_MONITOR_RECORD {"timestamp_pacific": "2026-08-02T15:42:54.424-07:00", "status": "ok", "reasons": ["current_change"]}
POWER_MONITOR_RECORD {"timestamp_pacific": "2026-08-02T15:42:56.436-07:00", "status": "ok", "reasons": ["current_change"]}
POWER_MONITOR_RECORD {"timestamp_pacific": "2026-08-02T15:43:02.472-07:00", "status": "ok", "reasons": ["current_change"]}
POWER_MONITOR_RECORD {"timestamp_pacific": "2026-08-02T15:43:09.513-07:00", "status": "ok", "reasons": ["current_change"]}
POWER_MONITOR_RECORD {"timestamp_pacific": "2026-08-02T15:43:24.601-07:00", "status": "ok", "reasons": ["current_change"]}
POWER_MONITOR_RECORD {"timestamp_pacific": "2026-08-02T15:43:30.636-07:00", "status": "ok", "reasons": ["current_change"]}
POWER_MONITOR_RECORD {"timestamp_pacific": "2026-08-02T15:43:35.666-07:00", "status": "ok", "reasons": ["current_change"]}
POWER_MONITOR_RECORD {"timestamp_pacific": "2026-08-02T15:43:42.711-07:00", "status": "ok", "reasons": ["current_change"]}
POWER_MONITOR_RECORD {"timestamp_pacific": "2026-08-02T15:43:44.723-07:00", "status": "ok", "reasons": ["current_change"]}
POWER_MONITOR_RECORD {"timestamp_pacific": "2026-08-02T15:43:51.764-07:00", "status": "ok", "reasons": ["current_change"]}
POWER_MONITOR_RECORD {"timestamp_pacific": "2026-08-02T15:43:53.777-07:00", "status": "ok", "reasons": ["current_change"]}
POWER_MONITOR_RECORD {"timestamp_pacific": "2026-08-02T15:43:56.795-07:00", "status": "ok", "reasons": ["current_change"]}
POWER_MONITOR_RECORD {"timestamp_pacific": "2026-08-02T15:44:06.850-07:00", "status": "ok", "reasons": ["current_change"]}
POWER_MONITOR_RECORD {"timestamp_pacific": "2026-08-02T15:44:09.857-07:00", "status": "ok", "reasons": ["current_change"]}
POWER_MONITOR_RECORD {"timestamp_pacific": "2026-08-02T15:44:12.875-07:00", "status": "ok", "reasons": ["current_change"]}
POWER_MONITOR_RECORD {"timestamp_pacific": "2026-08-02T15:44:14.887-07:00", "status": "ok", "reasons": ["current_change"]}
POWER_MONITOR_RECORD {"timestamp_pacific": "2026-08-02T15:44:17.906-07:00", "status": "ok", "reasons": ["current_change"]}
POWER_MONITOR_RECORD {"timestamp_pacific": "2026-08-02T15:44:25.953-07:00", "status": "ok", "reasons": ["current_change"]}
POWER_MONITOR_RECORD {"timestamp_pacific": "2026-08-02T15:44:26.959-07:00", "status": "ok", "reasons": ["current_change"]}
POWER_MONITOR_RECORD {"timestamp_pacific": "2026-08-02T15:44:29.977-07:00", "status": "ok", "reasons": ["current_change"]}
POWER_MONITOR_RECORD {"timestamp_pacific": "2026-08-02T15:44:31.990-07:00", "status": "ok", "reasons": ["current_change"]}
POWER_MONITOR_RECORD {"timestamp_pacific": "2026-08-02T15:44:36.014-07:00", "status": "ok", "reasons": ["current_change"]}
POWER_MONITOR_RECORD {"timestamp_pacific": "2026-08-02T15:44:45.067-07:00", "status": "ok", "reasons": ["current_change"]}
POWER_MONITOR_RECORD {"timestamp_pacific": "2026-08-02T15:44:58.143-07:00", "status": "ok", "reasons": ["current_change"]}
POWER_MONITOR_RECORD {"timestamp_pacific": "2026-08-02T15:45:01.161-07:00", "status": "ok", "reasons": ["current_change"]}
POWER_MONITOR_RECORD {"timestamp_pacific": "2026-08-02T15:45:04.179-07:00", "status": "ok", "reasons": ["current_change"]}
POWER_MONITOR_RECORD {"timestamp_pacific": "2026-08-02T15:45:10.196-07:00", "status": "ok", "reasons": ["current_change"]}
POWER_MONITOR_RECORD {"timestamp_pacific": "2026-08-02T15:45:14.220-07:00", "status": "ok", "reasons": ["current_change"]}
POWER_MONITOR_RECORD {"timestamp_pacific": "2026-08-02T15:45:15.227-07:00", "status": "ok", "reasons": ["current_change"]}
POWER_MONITOR_RECORD {"timestamp_pacific": "2026-08-02T15:45:16.236-07:00", "status": "ok", "reasons": ["current_change"]}
POWER_MONITOR_RECORD {"timestamp_pacific": "2026-08-02T15:45:19.254-07:00", "status": "ok", "reasons": ["current_change"]}
POWER_MONITOR_RECORD {"timestamp_pacific": "2026-08-02T15:45:21.266-07:00", "status": "ok", "reasons": ["current_change"]}
POWER_MONITOR_RECORD {"timestamp_pacific": "2026-08-02T15:45:24.284-07:00", "status": "ok", "reasons": ["current_change"]}
POWER_MONITOR_RECORD {"timestamp_pacific": "2026-08-02T15:45:31.326-07:00", "status": "ok", "reasons": ["current_change"]}
POWER_MONITOR_RECORD {"timestamp_pacific": "2026-08-02T15:45:32.332-07:00", "status": "ok", "reasons": ["current_change"]}
POWER_MONITOR_RECORD {"timestamp_pacific": "2026-08-02T15:45:35.350-07:00", "status": "ok", "reasons": ["current_change"]}
POWER_MONITOR_RECORD {"timestamp_pacific": "2026-08-02T15:45:39.374-07:00", "status": "ok", "reasons": ["current_change"]}
POWER_MONITOR_RECORD {"timestamp_pacific": "2026-08-02T15:45:43.398-07:00", "status": "ok", "reasons": ["current_change"]}
POWER_MONITOR_RECORD {"timestamp_pacific": "2026-08-02T15:45:45.411-07:00", "status": "ok", "reasons": ["current_change"]}
POWER_MONITOR_RECORD {"timestamp_pacific": "2026-08-02T15:45:48.429-07:00", "status": "ok", "reasons": ["current_change"]}
POWER_MONITOR_RECORD {"timestamp_pacific": "2026-08-02T15:45:52.453-07:00", "status": "ok", "reasons": ["current_change"]}
POWER_MONITOR_RECORD {"timestamp_pacific": "2026-08-02T15:45:55.471-07:00", "status": "ok", "reasons": ["current_change"]}
POWER_MONITOR_RECORD {"timestamp_pacific": "2026-08-02T15:45:56.478-07:00", "status": "ok", "reasons": ["current_change"]}
POWER_MONITOR_RECORD {"timestamp_pacific": "2026-08-02T15:46:07.542-07:00", "status": "ok", "reasons": ["current_change"]}
POWER_MONITOR_RECORD {"timestamp_pacific": "2026-08-02T15:46:13.578-07:00", "status": "ok", "reasons": ["current_change"]}
POWER_MONITOR_RECORD {"timestamp_pacific": "2026-08-02T15:46:16.596-07:00", "status": "ok", "reasons": ["current_change"]}
POWER_MONITOR_RECORD {"timestamp_pacific": "2026-08-02T15:46:23.637-07:00", "status": "ok", "reasons": ["current_change"]}
POWER_MONITOR_RECORD {"timestamp_pacific": "2026-08-02T15:46:25.650-07:00", "status": "ok", "reasons": ["current_change"]}
POWER_MONITOR_RECORD {"timestamp_pacific": "2026-08-02T15:46:28.668-07:00", "status": "ok", "reasons": ["current_change"]}
POWER_MONITOR_RECORD {"timestamp_pacific": "2026-08-02T15:46:33.698-07:00", "status": "ok", "reasons": ["current_change"]}
POWER_MONITOR_RECORD {"timestamp_pacific": "2026-08-02T15:46:37.722-07:00", "status": "ok", "reasons": ["current_change"]}
POWER_MONITOR_RECORD {"timestamp_pacific": "2026-08-02T15:46:39.734-07:00", "status": "ok", "reasons": ["current_change"]}
POWER_MONITOR_RECORD {"timestamp_pacific": "2026-08-02T15:46:42.752-07:00", "status": "ok", "reasons": ["current_change"]}
POWER_MONITOR_RECORD {"timestamp_pacific": "2026-08-02T15:46:47.782-07:00", "status": "ok", "reasons": ["current_change"]}
POWER_MONITOR_RECORD {"timestamp_pacific": "2026-08-02T15:46:52.811-07:00", "status": "ok", "reasons": ["current_change"]}
POWER_MONITOR_RECORD {"timestamp_pacific": "2026-08-02T15:46:54.824-07:00", "status": "ok", "reasons": ["current_change"]}
POWER_MONITOR_RECORD {"timestamp_pacific": "2026-08-02T15:46:58.848-07:00", "status": "ok", "reasons": ["current_change"]}
POWER_MONITOR_RECORD {"timestamp_pacific": "2026-08-02T15:47:00.860-07:00", "status": "ok", "reasons": ["current_change"]}
POWER_MONITOR_RECORD {"timestamp_pacific": "2026-08-02T15:47:01.867-07:00", "status": "ok", "reasons": ["current_change"]}
POWER_MONITOR_RECORD {"timestamp_pacific": "2026-08-02T15:47:03.879-07:00", "status": "ok", "reasons": ["current_change"]}
POWER_MONITOR_RECORD {"timestamp_pacific": "2026-08-02T15:47:16.938-07:00", "status": "ok", "reasons": ["current_change"]}
POWER_MONITOR_RECORD {"timestamp_pacific": "2026-08-02T15:47:24.985-07:00", "status": "ok", "reasons": ["current_change"]}
POWER_MONITOR_RECORD {"timestamp_pacific": "2026-08-02T15:47:26.998-07:00", "status": "ok", "reasons": ["current_change"]}
POWER_MONITOR_RECORD {"timestamp_pacific": "2026-08-02T15:47:31.022-07:00", "status": "ok", "reasons": ["current_change"]}
POWER_MONITOR_RECORD {"timestamp_pacific": "2026-08-02T15:47:32.028-07:00", "status": "ok", "reasons": ["current_change"]}
POWER_MONITOR_RECORD {"timestamp_pacific": "2026-08-02T15:47:36.052-07:00", "status": "ok", "reasons": ["current_change"]}
POWER_MONITOR_RECORD {"timestamp_pacific": "2026-08-02T15:47:39.070-07:00", "status": "ok", "reasons": ["current_change"]}
POWER_MONITOR_RECORD {"timestamp_pacific": "2026-08-02T15:47:43.094-07:00", "status": "ok", "reasons": ["current_change"]}
POWER_MONITOR_RECORD {"timestamp_pacific": "2026-08-02T15:47:44.101-07:00", "status": "ok", "reasons": ["current_change"]}
POWER_MONITOR_RECORD {"timestamp_pacific": "2026-08-02T15:47:47.119-07:00", "status": "ok", "reasons": ["current_change"]}
POWER_MONITOR_RECORD {"timestamp_pacific": "2026-08-02T15:47:52.148-07:00", "status": "ok", "reasons": ["current_change"]}
POWER_MONITOR_RECORD {"timestamp_pacific": "2026-08-02T15:47:55.167-07:00", "status": "ok", "reasons": ["current_change"]}
POWER_MONITOR_RECORD {"timestamp_pacific": "2026-08-02T15:47:56.173-07:00", "status": "ok", "reasons": ["current_change"]}
POWER_MONITOR_RECORD {"timestamp_pacific": "2026-08-02T15:47:59.192-07:00", "status": "ok", "reasons": ["current_change"]}
POWER_MONITOR_RECORD {"timestamp_pacific": "2026-08-02T15:48:07.231-07:00", "status": "ok", "reasons": ["current_change"]}
POWER_MONITOR_RECORD {"timestamp_pacific": "2026-08-02T15:48:10.240-07:00", "status": "ok", "reasons": ["current_change"]}
POWER_MONITOR_RECORD {"timestamp_pacific": "2026-08-02T15:48:16.275-07:00", "status": "ok", "reasons": ["current_change"]}
POWER_MONITOR_RECORD {"timestamp_pacific": "2026-08-02T15:48:22.311-07:00", "status": "ok", "reasons": ["current_change"]}
POWER_MONITOR_RECORD {"timestamp_pacific": "2026-08-02T15:48:25.329-07:00", "status": "ok", "reasons": ["current_change"]}
POWER_MONITOR_RECORD {"timestamp_pacific": "2026-08-02T15:48:27.342-07:00", "status": "ok", "reasons": ["current_change"]}
POWER_MONITOR_RECORD {"timestamp_pacific": "2026-08-02T15:48:29.354-07:00", "status": "ok", "reasons": ["current_change"]}
POWER_MONITOR_RECORD {"timestamp_pacific": "2026-08-02T15:48:31.366-07:00", "status": "ok", "reasons": ["current_change"]}
POWER_MONITOR_RECORD {"timestamp_pacific": "2026-08-02T15:48:34.384-07:00", "status": "ok", "reasons": ["current_change"]}
POWER_MONITOR_RECORD {"timestamp_pacific": "2026-08-02T15:48:41.426-07:00", "status": "ok", "reasons": ["current_change"]}
POWER_MONITOR_RECORD {"timestamp_pacific": "2026-08-02T15:48:44.444-07:00", "status": "ok", "reasons": ["current_change"]}
POWER_MONITOR_RECORD {"timestamp_pacific": "2026-08-02T15:48:45.450-07:00", "status": "ok", "reasons": ["current_change"]}
POWER_MONITOR_RECORD {"timestamp_pacific": "2026-08-02T15:48:48.468-07:00", "status": "ok", "reasons": ["current_change"]}
POWER_MONITOR_RECORD {"timestamp_pacific": "2026-08-02T15:48:51.487-07:00", "status": "ok", "reasons": ["current_change"]}
POWER_MONITOR_RECORD {"timestamp_pacific": "2026-08-02T15:48:53.499-07:00", "status": "ok", "reasons": ["current_change"]}
POWER_MONITOR_RECORD {"timestamp_pacific": "2026-08-02T15:48:55.511-07:00", "status": "ok", "reasons": ["current_change"]}
POWER_MONITOR_RECORD {"timestamp_pacific": "2026-08-02T15:48:56.518-07:00", "status": "ok", "reasons": ["current_change"]}
POWER_MONITOR_RECORD {"timestamp_pacific": "2026-08-02T15:49:04.565-07:00", "status": "ok", "reasons": ["current_change"]}
POWER_MONITOR_RECORD {"timestamp_pacific": "2026-08-02T15:49:05.572-07:00", "status": "ok", "reasons": ["current_change"]}
POWER_MONITOR_RECORD {"timestamp_pacific": "2026-08-02T15:49:08.590-07:00", "status": "ok", "reasons": ["current_change"]}
POWER_MONITOR_RECORD {"timestamp_pacific": "2026-08-02T15:49:10.602-07:00", "status": "ok", "reasons": ["current_change"]}
POWER_MONITOR_RECORD {"timestamp_pacific": "2026-08-02T15:49:12.615-07:00", "status": "ok", "reasons": ["current_change"]}
POWER_MONITOR_RECORD {"timestamp_pacific": "2026-08-02T15:49:13.621-07:00", "status": "ok", "reasons": ["current_change"]}
POWER_MONITOR_RECORD {"timestamp_pacific": "2026-08-02T15:49:16.639-07:00", "status": "ok", "reasons": ["current_change"]}
POWER_MONITOR_RECORD {"timestamp_pacific": "2026-08-02T15:49:17.646-07:00", "status": "ok", "reasons": ["current_change"]}
POWER_MONITOR_RECORD {"timestamp_pacific": "2026-08-02T15:49:19.658-07:00", "status": "ok", "reasons": ["current_change"]}
POWER_MONITOR_RECORD {"timestamp_pacific": "2026-08-02T15:49:21.671-07:00", "status": "ok", "reasons": ["current_change"]}
POWER_MONITOR_RECORD {"timestamp_pacific": "2026-08-02T15:49:22.677-07:00", "status": "ok", "reasons": ["current_change"]}
POWER_MONITOR_RECORD {"timestamp_pacific": "2026-08-02T15:49:24.689-07:00", "status": "ok", "reasons": ["current_change"]}
POWER_MONITOR_RECORD {"timestamp_pacific": "2026-08-02T15:49:25.699-07:00", "status": "ok", "reasons": ["current_change"]}
POWER_MONITOR_RECORD {"timestamp_pacific": "2026-08-02T15:49:30.729-07:00", "status": "ok", "reasons": ["current_change"]}
POWER_MONITOR_RECORD {"timestamp_pacific": "2026-08-02T15:49:33.747-07:00", "status": "ok", "reasons": ["current_change"]}
POWER_MONITOR_RECORD {"timestamp_pacific": "2026-08-02T15:49:43.806-07:00", "status": "ok", "reasons": ["current_change"]}
POWER_MONITOR_RECORD {"timestamp_pacific": "2026-08-02T15:49:45.818-07:00", "status": "ok", "reasons": ["current_change"]}
POWER_MONITOR_RECORD {"timestamp_pacific": "2026-08-02T15:49:56.883-07:00", "status": "ok", "reasons": ["current_change"]}
POWER_MONITOR_RECORD {"timestamp_pacific": "2026-08-02T15:50:00.907-07:00", "status": "ok", "reasons": ["current_change"]}
POWER_MONITOR_RECORD {"timestamp_pacific": "2026-08-02T15:50:02.920-07:00", "status": "ok", "reasons": ["current_change"]}
POWER_MONITOR_RECORD {"timestamp_pacific": "2026-08-02T15:50:03.926-07:00", "status": "ok", "reasons": ["current_change"]}
POWER_MONITOR_RECORD {"timestamp_pacific": "2026-08-02T15:50:05.939-07:00", "status": "ok", "reasons": ["current_change"]}
POWER_MONITOR_RECORD {"timestamp_pacific": "2026-08-02T15:50:09.963-07:00", "status": "ok", "reasons": ["current_change"]}
POWER_MONITOR_RECORD {"timestamp_pacific": "2026-08-02T15:50:11.975-07:00", "status": "ok", "reasons": ["current_change"]}
POWER_MONITOR_RECORD {"timestamp_pacific": "2026-08-02T15:50:14.996-07:00", "status": "ok", "reasons": ["current_change"]}
POWER_MONITOR_RECORD {"timestamp_pacific": "2026-08-02T15:50:16.003-07:00", "status": "ok", "reasons": ["current_change"]}
POWER_MONITOR_RECORD {"timestamp_pacific": "2026-08-02T15:50:18.015-07:00", "status": "ok", "reasons": ["current_change"]}
POWER_MONITOR_RECORD {"timestamp_pacific": "2026-08-02T15:50:22.039-07:00", "status": "ok", "reasons": ["current_change"]}
POWER_MONITOR_RECORD {"timestamp_pacific": "2026-08-02T15:50:23.046-07:00", "status": "ok", "reasons": ["current_change"]}
POWER_MONITOR_RECORD {"timestamp_pacific": "2026-08-02T15:50:24.052-07:00", "status": "ok", "reasons": ["current_change"]}
POWER_MONITOR_RECORD {"timestamp_pacific": "2026-08-02T15:50:29.082-07:00", "status": "ok", "reasons": ["current_change"]}
POWER_MONITOR_RECORD {"timestamp_pacific": "2026-08-02T15:50:36.123-07:00", "status": "ok", "reasons": ["current_change"]}
POWER_MONITOR_RECORD {"timestamp_pacific": "2026-08-02T15:50:38.136-07:00", "status": "ok", "reasons": ["current_change"]}
POWER_MONITOR_RECORD {"timestamp_pacific": "2026-08-02T15:50:43.166-07:00", "status": "ok", "reasons": ["current_change"]}
POWER_MONITOR_RECORD {"timestamp_pacific": "2026-08-02T15:50:44.172-07:00", "status": "ok", "reasons": ["current_change"]}
POWER_MONITOR_RECORD {"timestamp_pacific": "2026-08-02T15:50:50.208-07:00", "status": "ok", "reasons": ["current_change"]}
POWER_MONITOR_RECORD {"timestamp_pacific": "2026-08-02T15:50:51.214-07:00", "status": "ok", "reasons": ["current_change"]}
POWER_MONITOR_RECORD {"timestamp_pacific": "2026-08-02T15:50:54.232-07:00", "status": "ok", "reasons": ["current_change"]}
POWER_MONITOR_RECORD {"timestamp_pacific": "2026-08-02T15:50:55.239-07:00", "status": "ok", "reasons": ["current_change"]}
POWER_MONITOR_RECORD {"timestamp_pacific": "2026-08-02T15:51:04.295-07:00", "status": "ok", "reasons": ["current_change"]}
POWER_MONITOR_RECORD {"timestamp_pacific": "2026-08-02T15:51:05.298-07:00", "status": "ok", "reasons": ["current_change"]}
POWER_MONITOR_RECORD {"timestamp_pacific": "2026-08-02T15:51:11.320-07:00", "status": "ok", "reasons": ["current_change"]}
POWER_MONITOR_RECORD {"timestamp_pacific": "2026-08-02T15:51:13.332-07:00", "status": "ok", "reasons": ["current_change"]}
POWER_MONITOR_RECORD {"timestamp_pacific": "2026-08-02T15:51:15.345-07:00", "status": "ok", "reasons": ["current_change"]}
POWER_MONITOR_RECORD {"timestamp_pacific": "2026-08-02T15:51:21.380-07:00", "status": "ok", "reasons": ["current_change"]}
POWER_MONITOR_RECORD {"timestamp_pacific": "2026-08-02T15:51:22.387-07:00", "status": "ok", "reasons": ["current_change"]}
POWER_MONITOR_RECORD {"timestamp_pacific": "2026-08-02T15:51:32.445-07:00", "status": "ok", "reasons": ["current_change"]}
POWER_MONITOR_RECORD {"timestamp_pacific": "2026-08-02T15:51:33.452-07:00", "status": "ok", "reasons": ["current_change"]}
POWER_MONITOR_RECORD {"timestamp_pacific": "2026-08-02T15:51:35.464-07:00", "status": "ok", "reasons": ["current_change"]}
POWER_MONITOR_RECORD {"timestamp_pacific": "2026-08-02T15:51:38.483-07:00", "status": "ok", "reasons": ["current_change"]}
POWER_MONITOR_RECORD {"timestamp_pacific": "2026-08-02T15:51:39.489-07:00", "status": "ok", "reasons": ["current_change"]}
POWER_MONITOR_RECORD {"timestamp_pacific": "2026-08-02T15:51:49.548-07:00", "status": "ok", "reasons": ["current_change"]}
POWER_MONITOR_RECORD {"timestamp_pacific": "2026-08-02T15:51:55.583-07:00", "status": "ok", "reasons": ["current_change"]}
POWER_MONITOR_RECORD {"timestamp_pacific": "2026-08-02T15:52:05.642-07:00", "status": "ok", "reasons": ["current_change"]}
POWER_MONITOR_RECORD {"timestamp_pacific": "2026-08-02T15:52:15.701-07:00", "status": "ok", "reasons": ["current_change"]}
POWER_MONITOR_RECORD {"timestamp_pacific": "2026-08-02T15:52:16.708-07:00", "status": "ok", "reasons": ["current_change"]}
POWER_MONITOR_RECORD {"timestamp_pacific": "2026-08-02T15:52:19.726-07:00", "status": "ok", "reasons": ["current_change"]}
POWER_MONITOR_RECORD {"timestamp_pacific": "2026-08-02T15:52:21.738-07:00", "status": "ok", "reasons": ["current_change"]}
POWER_MONITOR_RECORD {"timestamp_pacific": "2026-08-02T15:52:22.745-07:00", "status": "ok", "reasons": ["current_change"]}
POWER_MONITOR_RECORD {"timestamp_pacific": "2026-08-02T15:52:25.763-07:00", "status": "ok", "reasons": ["current_change"]}
POWER_MONITOR_RECORD {"timestamp_pacific": "2026-08-02T15:52:26.769-07:00", "status": "ok", "reasons": ["current_change"]}
POWER_MONITOR_RECORD {"timestamp_pacific": "2026-08-02T15:52:33.811-07:00", "status": "ok", "reasons": ["current_change"]}
POWER_MONITOR_RECORD {"timestamp_pacific": "2026-08-02T15:52:38.840-07:00", "status": "ok", "reasons": ["current_change"]}
POWER_MONITOR_RECORD {"timestamp_pacific": "2026-08-02T15:52:39.847-07:00", "status": "ok", "reasons": ["current_change"]}
POWER_MONITOR_RECORD {"timestamp_pacific": "2026-08-02T15:52:46.888-07:00", "status": "ok", "reasons": ["current_change"]}
POWER_MONITOR_RECORD {"timestamp_pacific": "2026-08-02T15:52:47.895-07:00", "status": "ok", "reasons": ["current_change"]}
POWER_MONITOR_RECORD {"timestamp_pacific": "2026-08-02T15:52:48.901-07:00", "status": "ok", "reasons": ["current_change"]}
POWER_MONITOR_RECORD {"timestamp_pacific": "2026-08-02T15:52:51.919-07:00", "status": "ok", "reasons": ["current_change"]}
POWER_MONITOR_RECORD {"timestamp_pacific": "2026-08-02T15:52:52.926-07:00", "status": "ok", "reasons": ["current_change"]}
POWER_MONITOR_RECORD {"timestamp_pacific": "2026-08-02T15:52:53.933-07:00", "status": "ok", "reasons": ["current_change"]}
POWER_MONITOR_RECORD {"timestamp_pacific": "2026-08-02T15:52:54.939-07:00", "status": "ok", "reasons": ["current_change"]}
POWER_MONITOR_RECORD {"timestamp_pacific": "2026-08-02T15:52:55.946-07:00", "status": "ok", "reasons": ["current_change"]}
POWER_MONITOR_RECORD {"timestamp_pacific": "2026-08-02T15:52:58.964-07:00", "status": "ok", "reasons": ["current_change"]}
POWER_MONITOR_RECORD {"timestamp_pacific": "2026-08-02T15:52:59.970-07:00", "status": "ok", "reasons": ["current_change"]}
POWER_MONITOR_RECORD {"timestamp_pacific": "2026-08-02T15:53:06.006-07:00", "status": "ok", "reasons": ["current_change"]}
POWER_MONITOR_RECORD {"timestamp_pacific": "2026-08-02T15:53:07.012-07:00", "status": "ok", "reasons": ["current_change"]}
POWER_MONITOR_RECORD {"timestamp_pacific": "2026-08-02T15:53:10.030-07:00", "status": "ok", "reasons": ["current_change"]}
POWER_MONITOR_RECORD {"timestamp_pacific": "2026-08-02T15:53:13.049-07:00", "status": "ok", "reasons": ["current_change"]}
POWER_MONITOR_RECORD {"timestamp_pacific": "2026-08-02T15:53:15.061-07:00", "status": "ok", "reasons": ["current_change"]}
POWER_MONITOR_RECORD {"timestamp_pacific": "2026-08-02T15:53:18.079-07:00", "status": "ok", "reasons": ["current_change"]}
POWER_MONITOR_RECORD {"timestamp_pacific": "2026-08-02T15:53:20.091-07:00", "status": "ok", "reasons": ["current_change"]}
POWER_MONITOR_RECORD {"timestamp_pacific": "2026-08-02T15:53:24.115-07:00", "status": "ok", "reasons": ["current_change"]}
POWER_MONITOR_RECORD {"timestamp_pacific": "2026-08-02T15:53:27.134-07:00", "status": "ok", "reasons": ["current_change"]}
POWER_MONITOR_RECORD {"timestamp_pacific": "2026-08-02T15:53:28.140-07:00", "status": "ok", "reasons": ["current_change"]}
POWER_MONITOR_RECORD {"timestamp_pacific": "2026-08-02T15:53:29.146-07:00", "status": "ok", "reasons": ["current_change"]}
POWER_MONITOR_RECORD {"timestamp_pacific": "2026-08-02T15:53:39.205-07:00", "status": "ok", "reasons": ["current_change"]}
POWER_MONITOR_RECORD {"timestamp_pacific": "2026-08-02T15:53:44.235-07:00", "status": "ok", "reasons": ["current_change"]}
POWER_MONITOR_RECORD {"timestamp_pacific": "2026-08-02T15:53:48.259-07:00", "status": "ok", "reasons": ["current_change"]}
POWER_MONITOR_RECORD {"timestamp_pacific": "2026-08-02T15:53:56.306-07:00", "status": "ok", "reasons": ["current_change"]}
POWER_MONITOR_RECORD {"timestamp_pacific": "2026-08-02T15:53:57.313-07:00", "status": "ok", "reasons": ["current_change"]}
POWER_MONITOR_RECORD {"timestamp_pacific": "2026-08-02T15:53:59.326-07:00", "status": "ok", "reasons": ["current_change"]}
POWER_MONITOR_RECORD {"timestamp_pacific": "2026-08-02T15:54:02.344-07:00", "status": "ok", "reasons": ["current_change"]}
POWER_MONITOR_RECORD {"timestamp_pacific": "2026-08-02T15:54:09.368-07:00", "status": "ok", "reasons": ["current_change"]}
POWER_MONITOR_RECORD {"timestamp_pacific": "2026-08-02T15:54:11.380-07:00", "status": "ok", "reasons": ["current_change"]}
POWER_MONITOR_RECORD {"timestamp_pacific": "2026-08-02T15:54:13.393-07:00", "status": "ok", "reasons": ["current_change"]}
POWER_MONITOR_RECORD {"timestamp_pacific": "2026-08-02T15:54:16.411-07:00", "status": "ok", "reasons": ["current_change"]}
POWER_MONITOR_RECORD {"timestamp_pacific": "2026-08-02T15:54:21.442-07:00", "status": "ok", "reasons": ["current_change"]}
POWER_MONITOR_RECORD {"timestamp_pacific": "2026-08-02T15:54:22.448-07:00", "status": "ok", "reasons": ["current_change"]}
POWER_MONITOR_RECORD {"timestamp_pacific": "2026-08-02T15:54:26.479-07:00", "status": "ok", "reasons": ["current_change"]}
POWER_MONITOR_RECORD {"timestamp_pacific": "2026-08-02T15:54:29.497-07:00", "status": "ok", "reasons": ["current_change"]}
POWER_MONITOR_RECORD {"timestamp_pacific": "2026-08-02T15:54:30.503-07:00", "status": "ok", "reasons": ["current_change"]}
POWER_MONITOR_RECORD {"timestamp_pacific": "2026-08-02T15:54:36.539-07:00", "status": "ok", "reasons": ["current_change"]}
POWER_MONITOR_RECORD {"timestamp_pacific": "2026-08-02T15:54:38.551-07:00", "status": "ok", "reasons": ["current_change"]}
POWER_MONITOR_RECORD {"timestamp_pacific": "2026-08-02T15:54:49.615-07:00", "status": "ok", "reasons": ["current_change"]}
POWER_MONITOR_RECORD {"timestamp_pacific": "2026-08-02T15:54:51.628-07:00", "status": "ok", "reasons": ["current_change"]}
POWER_MONITOR_RECORD {"timestamp_pacific": "2026-08-02T15:54:56.657-07:00", "status": "ok", "reasons": ["current_change"]}
POWER_MONITOR_RECORD {"timestamp_pacific": "2026-08-02T15:54:59.675-07:00", "status": "ok", "reasons": ["current_change"]}
POWER_MONITOR_RECORD {"timestamp_pacific": "2026-08-02T15:55:00.682-07:00", "status": "ok", "reasons": ["current_change"]}
POWER_MONITOR_RECORD {"timestamp_pacific": "2026-08-02T15:55:08.729-07:00", "status": "ok", "reasons": ["current_change"]}
POWER_MONITOR_RECORD {"timestamp_pacific": "2026-08-02T15:55:09.735-07:00", "status": "ok", "reasons": ["current_change"]}
POWER_MONITOR_RECORD {"timestamp_pacific": "2026-08-02T15:55:11.748-07:00", "status": "ok", "reasons": ["current_change"]}
POWER_MONITOR_RECORD {"timestamp_pacific": "2026-08-02T15:55:20.801-07:00", "status": "ok", "reasons": ["current_change"]}
POWER_MONITOR_RECORD {"timestamp_pacific": "2026-08-02T15:55:21.807-07:00", "status": "ok", "reasons": ["current_change"]}
POWER_MONITOR_RECORD {"timestamp_pacific": "2026-08-02T15:55:22.814-07:00", "status": "ok", "reasons": ["current_change"]}
POWER_MONITOR_RECORD {"timestamp_pacific": "2026-08-02T15:55:24.826-07:00", "status": "ok", "reasons": ["current_change"]}
POWER_MONITOR_RECORD {"timestamp_pacific": "2026-08-02T15:55:27.844-07:00", "status": "ok", "reasons": ["current_change"]}
POWER_MONITOR_RECORD {"timestamp_pacific": "2026-08-02T15:55:31.868-07:00", "status": "ok", "reasons": ["current_change"]}
POWER_MONITOR_RECORD {"timestamp_pacific": "2026-08-02T15:55:34.886-07:00", "status": "ok", "reasons": ["current_change"]}
POWER_MONITOR_RECORD {"timestamp_pacific": "2026-08-02T15:55:40.921-07:00", "status": "ok", "reasons": ["current_change"]}
POWER_MONITOR_RECORD {"timestamp_pacific": "2026-08-02T15:55:43.939-07:00", "status": "ok", "reasons": ["current_change"]}
POWER_MONITOR_RECORD {"timestamp_pacific": "2026-08-02T15:55:47.963-07:00", "status": "ok", "reasons": ["current_change"]}
POWER_MONITOR_RECORD {"timestamp_pacific": "2026-08-02T15:55:48.972-07:00", "status": "ok", "reasons": ["current_change"]}
POWER_MONITOR_RECORD {"timestamp_pacific": "2026-08-02T15:55:54.003-07:00", "status": "ok", "reasons": ["current_change"]}
POWER_MONITOR_RECORD {"timestamp_pacific": "2026-08-02T15:55:56.015-07:00", "status": "ok", "reasons": ["current_change"]}
POWER_MONITOR_RECORD {"timestamp_pacific": "2026-08-02T15:56:05.068-07:00", "status": "ok", "reasons": ["current_change"]}
POWER_MONITOR_RECORD {"timestamp_pacific": "2026-08-02T15:56:11.086-07:00", "status": "ok", "reasons": ["current_change"]}
POWER_MONITOR_RECORD {"timestamp_pacific": "2026-08-02T15:56:12.091-07:00", "status": "ok", "reasons": ["current_change"]}
POWER_MONITOR_RECORD {"timestamp_pacific": "2026-08-02T15:56:21.144-07:00", "status": "ok", "reasons": ["current_change"]}
POWER_MONITOR_RECORD {"timestamp_pacific": "2026-08-02T15:56:24.162-07:00", "status": "ok", "reasons": ["current_change"]}
POWER_MONITOR_RECORD {"timestamp_pacific": "2026-08-02T15:56:26.176-07:00", "status": "ok", "reasons": ["current_change"]}
POWER_MONITOR_RECORD {"timestamp_pacific": "2026-08-02T15:56:27.182-07:00", "status": "ok", "reasons": ["current_change"]}
POWER_MONITOR_RECORD {"timestamp_pacific": "2026-08-02T15:56:33.218-07:00", "status": "ok", "reasons": ["current_change"]}
POWER_MONITOR_RECORD {"timestamp_pacific": "2026-08-02T15:56:35.230-07:00", "status": "ok", "reasons": ["current_change"]}
POWER_MONITOR_RECORD {"timestamp_pacific": "2026-08-02T15:56:41.265-07:00", "status": "ok", "reasons": ["current_change"]}
POWER_MONITOR_RECORD {"timestamp_pacific": "2026-08-02T15:56:43.278-07:00", "status": "ok", "reasons": ["current_change"]}
POWER_MONITOR_RECORD {"timestamp_pacific": "2026-08-02T15:56:52.330-07:00", "status": "ok", "reasons": ["current_change"]}
POWER_MONITOR_RECORD {"timestamp_pacific": "2026-08-02T15:56:53.336-07:00", "status": "ok", "reasons": ["current_change"]}
POWER_MONITOR_RECORD {"timestamp_pacific": "2026-08-02T15:56:54.343-07:00", "status": "ok", "reasons": ["current_change"]}
POWER_MONITOR_RECORD {"timestamp_pacific": "2026-08-02T15:57:03.396-07:00", "status": "ok", "reasons": ["current_change"]}
POWER_MONITOR_RECORD {"timestamp_pacific": "2026-08-02T15:57:05.408-07:00", "status": "ok", "reasons": ["current_change"]}
POWER_MONITOR_RECORD {"timestamp_pacific": "2026-08-02T15:57:14.461-07:00", "status": "ok", "reasons": ["current_change"]}
POWER_MONITOR_RECORD {"timestamp_pacific": "2026-08-02T15:57:15.467-07:00", "status": "ok", "reasons": ["current_change"]}
POWER_MONITOR_RECORD {"timestamp_pacific": "2026-08-02T15:57:16.474-07:00", "status": "ok", "reasons": ["current_change"]}
POWER_MONITOR_RECORD {"timestamp_pacific": "2026-08-02T15:57:24.521-07:00", "status": "ok", "reasons": ["current_change"]}
POWER_MONITOR_RECORD {"timestamp_pacific": "2026-08-02T15:57:25.527-07:00", "status": "ok", "reasons": ["current_change"]}
POWER_MONITOR_RECORD {"timestamp_pacific": "2026-08-02T15:57:26.534-07:00", "status": "ok", "reasons": ["current_change"]}
POWER_MONITOR_RECORD {"timestamp_pacific": "2026-08-02T15:57:30.557-07:00", "status": "ok", "reasons": ["current_change"]}
POWER_MONITOR_RECORD {"timestamp_pacific": "2026-08-02T15:57:31.564-07:00", "status": "ok", "reasons": ["current_change"]}
POWER_MONITOR_RECORD {"timestamp_pacific": "2026-08-02T15:57:35.589-07:00", "status": "ok", "reasons": ["current_change"]}
POWER_MONITOR_RECORD {"timestamp_pacific": "2026-08-02T15:57:37.602-07:00", "status": "ok", "reasons": ["current_change"]}
POWER_MONITOR_RECORD {"timestamp_pacific": "2026-08-02T15:57:41.626-07:00", "status": "ok", "reasons": ["current_change"]}
POWER_MONITOR_RECORD {"timestamp_pacific": "2026-08-02T15:57:48.667-07:00", "status": "ok", "reasons": ["current_change"]}
POWER_MONITOR_RECORD {"timestamp_pacific": "2026-08-02T15:57:51.685-07:00", "status": "ok", "reasons": ["current_change"]}
POWER_MONITOR_RECORD {"timestamp_pacific": "2026-08-02T15:57:56.714-07:00", "status": "ok", "reasons": ["current_change"]}
POWER_MONITOR_RECORD {"timestamp_pacific": "2026-08-02T15:57:58.727-07:00", "status": "ok", "reasons": ["current_change"]}
POWER_MONITOR_RECORD {"timestamp_pacific": "2026-08-02T15:58:02.751-07:00", "status": "ok", "reasons": ["current_change"]}
POWER_MONITOR_RECORD {"timestamp_pacific": "2026-08-02T15:58:03.757-07:00", "status": "ok", "reasons": ["current_change"]}
POWER_MONITOR_RECORD {"timestamp_pacific": "2026-08-02T15:58:07.783-07:00", "status": "ok", "reasons": ["current_change"]}
POWER_MONITOR_RECORD {"timestamp_pacific": "2026-08-02T15:58:09.795-07:00", "status": "ok", "reasons": ["current_change"]}
POWER_MONITOR_RECORD {"timestamp_pacific": "2026-08-02T15:58:10.802-07:00", "status": "ok", "reasons": ["current_change"]}
POWER_MONITOR_RECORD {"timestamp_pacific": "2026-08-02T15:58:12.816-07:00", "status": "ok", "reasons": ["current_change"]}
POWER_MONITOR_RECORD {"timestamp_pacific": "2026-08-02T15:58:15.834-07:00", "status": "ok", "reasons": ["current_change"]}
POWER_MONITOR_RECORD {"timestamp_pacific": "2026-08-02T15:58:17.848-07:00", "status": "ok", "reasons": ["current_change"]}
POWER_MONITOR_RECORD {"timestamp_pacific": "2026-08-02T15:58:18.855-07:00", "status": "ok", "reasons": ["current_change"]}
POWER_MONITOR_RECORD {"timestamp_pacific": "2026-08-02T15:58:19.861-07:00", "status": "ok", "reasons": ["current_change"]}
POWER_MONITOR_RECORD {"timestamp_pacific": "2026-08-02T15:58:22.881-07:00", "status": "ok", "reasons": ["current_change"]}
POWER_MONITOR_RECORD {"timestamp_pacific": "2026-08-02T15:58:23.887-07:00", "status": "ok", "reasons": ["current_change"]}
POWER_MONITOR_RECORD {"timestamp_pacific": "2026-08-02T15:58:26.905-07:00", "status": "ok", "reasons": ["current_change"]}
POWER_MONITOR_RECORD {"timestamp_pacific": "2026-08-02T15:58:28.918-07:00", "status": "ok", "reasons": ["current_change"]}
POWER_MONITOR_RECORD {"timestamp_pacific": "2026-08-02T15:58:36.965-07:00", "status": "ok", "reasons": ["current_change"]}
POWER_MONITOR_RECORD {"timestamp_pacific": "2026-08-02T15:58:39.983-07:00", "status": "ok", "reasons": ["current_change"]}
POWER_MONITOR_RECORD {"timestamp_pacific": "2026-08-02T15:58:48.030-07:00", "status": "ok", "reasons": ["current_change"]}
POWER_MONITOR_RECORD {"timestamp_pacific": "2026-08-02T15:58:49.037-07:00", "status": "ok", "reasons": ["current_change"]}
POWER_MONITOR_RECORD {"timestamp_pacific": "2026-08-02T15:58:58.090-07:00", "status": "ok", "reasons": ["current_change"]}
POWER_MONITOR_RECORD {"timestamp_pacific": "2026-08-02T15:59:00.102-07:00", "status": "ok", "reasons": ["current_change"]}
POWER_MONITOR_RECORD {"timestamp_pacific": "2026-08-02T15:59:08.138-07:00", "status": "ok", "reasons": ["current_change"]}
POWER_MONITOR_RECORD {"timestamp_pacific": "2026-08-02T15:59:10.143-07:00", "status": "ok", "reasons": ["current_change"]}
POWER_MONITOR_RECORD {"timestamp_pacific": "2026-08-02T15:59:13.161-07:00", "status": "ok", "reasons": ["current_change"]}
POWER_MONITOR_RECORD {"timestamp_pacific": "2026-08-02T15:59:18.191-07:00", "status": "ok", "reasons": ["current_change"]}
POWER_MONITOR_RECORD {"timestamp_pacific": "2026-08-02T15:59:19.199-07:00", "status": "ok", "reasons": ["current_change"]}
POWER_MONITOR_RECORD {"timestamp_pacific": "2026-08-02T15:59:22.217-07:00", "status": "ok", "reasons": ["current_change"]}
POWER_MONITOR_RECORD {"timestamp_pacific": "2026-08-02T15:59:27.247-07:00", "status": "ok", "reasons": ["current_change"]}
POWER_MONITOR_RECORD {"timestamp_pacific": "2026-08-02T15:59:29.259-07:00", "status": "ok", "reasons": ["current_change"]}
POWER_MONITOR_RECORD {"timestamp_pacific": "2026-08-02T15:59:34.288-07:00", "status": "ok", "reasons": ["current_change"]}
POWER_MONITOR_RECORD {"timestamp_pacific": "2026-08-02T15:59:36.301-07:00", "status": "ok", "reasons": ["current_change"]}
POWER_MONITOR_RECORD {"timestamp_pacific": "2026-08-02T15:59:37.307-07:00", "status": "ok", "reasons": ["current_change"]}
POWER_MONITOR_RECORD {"timestamp_pacific": "2026-08-02T15:59:39.320-07:00", "status": "ok", "reasons": ["current_change"]}
POWER_MONITOR_RECORD {"timestamp_pacific": "2026-08-02T15:59:44.353-07:00", "status": "ok", "reasons": ["current_change"]}
POWER_MONITOR_RECORD {"timestamp_pacific": "2026-08-02T15:59:45.360-07:00", "status": "ok", "reasons": ["current_change"]}
POWER_MONITOR_RECORD {"timestamp_pacific": "2026-08-02T15:59:46.366-07:00", "status": "ok", "reasons": ["current_change"]}
POWER_MONITOR_RECORD {"timestamp_pacific": "2026-08-02T15:59:47.373-07:00", "status": "ok", "reasons": ["current_change"]}
POWER_MONITOR_RECORD {"timestamp_pacific": "2026-08-02T15:59:48.379-07:00", "status": "ok", "reasons": ["current_change"]}
POWER_MONITOR_RECORD {"timestamp_pacific": "2026-08-02T15:59:52.403-07:00", "status": "ok", "reasons": ["current_change"]}
POWER_MONITOR_RECORD {"timestamp_pacific": "2026-08-02T15:59:56.427-07:00", "status": "ok", "reasons": ["current_change"]}
POWER_MONITOR_RECORD {"timestamp_pacific": "2026-08-02T15:59:59.445-07:00", "status": "ok", "reasons": ["current_change"]}
POWER_MONITOR_RECORD {"timestamp_pacific": "2026-08-02T16:00:07.492-07:00", "status": "ok", "reasons": ["current_change"]}
POWER_MONITOR_RECORD {"timestamp_pacific": "2026-08-02T16:00:12.522-07:00", "status": "ok", "reasons": ["current_change"]}
POWER_MONITOR_RECORD {"timestamp_pacific": "2026-08-02T16:00:13.528-07:00", "status": "ok", "reasons": ["current_change"]}
POWER_MONITOR_RECORD {"timestamp_pacific": "2026-08-02T16:00:14.535-07:00", "status": "ok", "reasons": ["current_change"]}
POWER_MONITOR_RECORD {"timestamp_pacific": "2026-08-02T16:00:15.541-07:00", "status": "ok", "reasons": ["current_change"]}
POWER_MONITOR_RECORD {"timestamp_pacific": "2026-08-02T16:00:19.565-07:00", "status": "ok", "reasons": ["current_change"]}
POWER_MONITOR_RECORD {"timestamp_pacific": "2026-08-02T16:00:22.583-07:00", "status": "ok", "reasons": ["current_change"]}
POWER_MONITOR_RECORD {"timestamp_pacific": "2026-08-02T16:00:24.596-07:00", "status": "ok", "reasons": ["current_change"]}
POWER_MONITOR_RECORD {"timestamp_pacific": "2026-08-02T16:00:27.615-07:00", "status": "ok", "reasons": ["current_change"]}
POWER_MONITOR_RECORD {"timestamp_pacific": "2026-08-02T16:00:29.627-07:00", "status": "ok", "reasons": ["current_change"]}
POWER_MONITOR_RECORD {"timestamp_pacific": "2026-08-02T16:00:32.646-07:00", "status": "ok", "reasons": ["current_change"]}
POWER_MONITOR_RECORD {"timestamp_pacific": "2026-08-02T16:00:33.653-07:00", "status": "ok", "reasons": ["current_change"]}
POWER_MONITOR_RECORD {"timestamp_pacific": "2026-08-02T16:00:36.671-07:00", "status": "ok", "reasons": ["current_change"]}
POWER_MONITOR_RECORD {"timestamp_pacific": "2026-08-02T16:00:39.689-07:00", "status": "ok", "reasons": ["current_change"]}
POWER_MONITOR_RECORD {"timestamp_pacific": "2026-08-02T16:00:40.696-07:00", "status": "ok", "reasons": ["current_change"]}
POWER_MONITOR_RECORD {"timestamp_pacific": "2026-08-02T16:00:43.714-07:00", "status": "ok", "reasons": ["current_change"]}
POWER_MONITOR_RECORD {"timestamp_pacific": "2026-08-02T16:00:44.720-07:00", "status": "ok", "reasons": ["current_change"]}
POWER_MONITOR_RECORD {"timestamp_pacific": "2026-08-02T16:00:49.750-07:00", "status": "ok", "reasons": ["current_change"]}
POWER_MONITOR_RECORD {"timestamp_pacific": "2026-08-02T16:00:50.756-07:00", "status": "ok", "reasons": ["current_change"]}
POWER_MONITOR_RECORD {"timestamp_pacific": "2026-08-02T16:00:51.763-07:00", "status": "ok", "reasons": ["current_change"]}
POWER_MONITOR_RECORD {"timestamp_pacific": "2026-08-02T16:00:53.775-07:00", "status": "ok", "reasons": ["current_change"]}
POWER_MONITOR_RECORD {"timestamp_pacific": "2026-08-02T16:00:55.787-07:00", "status": "ok", "reasons": ["current_change"]}
POWER_MONITOR_RECORD {"timestamp_pacific": "2026-08-02T16:00:58.803-07:00", "status": "ok", "reasons": ["current_change"]}
POWER_MONITOR_RECORD {"timestamp_pacific": "2026-08-02T16:01:00.808-07:00", "status": "ok", "reasons": ["current_change"]}
POWER_MONITOR_RECORD {"timestamp_pacific": "2026-08-02T16:01:07.834-07:00", "status": "ok", "reasons": ["current_change"]}
POWER_MONITOR_RECORD {"timestamp_pacific": "2026-08-02T16:01:09.840-07:00", "status": "ok", "reasons": ["current_change"]}
POWER_MONITOR_RECORD {"timestamp_pacific": "2026-08-02T16:01:11.852-07:00", "status": "ok", "reasons": ["current_change"]}
POWER_MONITOR_RECORD {"timestamp_pacific": "2026-08-02T16:01:13.864-07:00", "status": "ok", "reasons": ["current_change"]}
POWER_MONITOR_RECORD {"timestamp_pacific": "2026-08-02T16:01:16.882-07:00", "status": "ok", "reasons": ["current_change"]}
POWER_MONITOR_RECORD {"timestamp_pacific": "2026-08-02T16:01:18.894-07:00", "status": "ok", "reasons": ["current_change"]}
POWER_MONITOR_RECORD {"timestamp_pacific": "2026-08-02T16:01:20.909-07:00", "status": "ok", "reasons": ["current_change"]}
POWER_MONITOR_RECORD {"timestamp_pacific": "2026-08-02T16:01:24.933-07:00", "status": "ok", "reasons": ["current_change"]}
POWER_MONITOR_RECORD {"timestamp_pacific": "2026-08-02T16:01:25.939-07:00", "status": "ok", "reasons": ["current_change"]}
POWER_MONITOR_RECORD {"timestamp_pacific": "2026-08-02T16:01:33.986-07:00", "status": "ok", "reasons": ["current_change"]}
POWER_MONITOR_RECORD {"timestamp_pacific": "2026-08-02T16:01:34.993-07:00", "status": "ok", "reasons": ["current_change"]}
POWER_MONITOR_RECORD {"timestamp_pacific": "2026-08-02T16:01:38.011-07:00", "status": "ok", "reasons": ["current_change"]}
POWER_MONITOR_RECORD {"timestamp_pacific": "2026-08-02T16:01:39.017-07:00", "status": "ok", "reasons": ["current_change"]}
POWER_MONITOR_RECORD {"timestamp_pacific": "2026-08-02T16:01:41.031-07:00", "status": "ok", "reasons": ["current_change"]}
POWER_MONITOR_RECORD {"timestamp_pacific": "2026-08-02T16:01:43.044-07:00", "status": "ok", "reasons": ["current_change"]}
POWER_MONITOR_RECORD {"timestamp_pacific": "2026-08-02T16:01:51.091-07:00", "status": "ok", "reasons": ["current_change"]}
POWER_MONITOR_RECORD {"timestamp_pacific": "2026-08-02T16:01:52.097-07:00", "status": "ok", "reasons": ["current_change"]}
POWER_MONITOR_RECORD {"timestamp_pacific": "2026-08-02T16:01:59.139-07:00", "status": "ok", "reasons": ["current_change"]}
POWER_MONITOR_RECORD {"timestamp_pacific": "2026-08-02T16:02:01.151-07:00", "status": "ok", "reasons": ["current_change"]}
POWER_MONITOR_RECORD {"timestamp_pacific": "2026-08-02T16:02:03.164-07:00", "status": "ok", "reasons": ["current_change"]}
POWER_MONITOR_RECORD {"timestamp_pacific": "2026-08-02T16:02:05.176-07:00", "status": "ok", "reasons": ["current_change"]}
POWER_MONITOR_RECORD {"timestamp_pacific": "2026-08-02T16:02:06.182-07:00", "status": "ok", "reasons": ["current_change"]}
POWER_MONITOR_RECORD {"timestamp_pacific": "2026-08-02T16:02:09.201-07:00", "status": "ok", "reasons": ["current_change"]}
POWER_MONITOR_RECORD {"timestamp_pacific": "2026-08-02T16:02:12.219-07:00", "status": "ok", "reasons": ["current_change"]}
POWER_MONITOR_RECORD {"timestamp_pacific": "2026-08-02T16:02:18.255-07:00", "status": "ok", "reasons": ["current_change"]}
POWER_MONITOR_RECORD {"timestamp_pacific": "2026-08-02T16:02:23.286-07:00", "status": "ok", "reasons": ["current_change"]}
POWER_MONITOR_RECORD {"timestamp_pacific": "2026-08-02T16:02:27.310-07:00", "status": "ok", "reasons": ["current_change"]}
POWER_MONITOR_RECORD {"timestamp_pacific": "2026-08-02T16:02:28.319-07:00", "status": "ok", "reasons": ["current_change"]}
POWER_MONITOR_RECORD {"timestamp_pacific": "2026-08-02T16:02:32.343-07:00", "status": "ok", "reasons": ["current_change"]}
POWER_MONITOR_RECORD {"timestamp_pacific": "2026-08-02T16:02:33.351-07:00", "status": "ok", "reasons": ["current_change"]}
POWER_MONITOR_RECORD {"timestamp_pacific": "2026-08-02T16:02:46.428-07:00", "status": "ok", "reasons": ["current_change"]}
POWER_MONITOR_RECORD {"timestamp_pacific": "2026-08-02T16:02:49.446-07:00", "status": "ok", "reasons": ["current_change"]}
POWER_MONITOR_RECORD {"timestamp_pacific": "2026-08-02T16:02:51.458-07:00", "status": "ok", "reasons": ["current_change"]}
POWER_MONITOR_RECORD {"timestamp_pacific": "2026-08-02T16:03:05.542-07:00", "status": "ok", "reasons": ["current_change"]}
POWER_MONITOR_RECORD {"timestamp_pacific": "2026-08-02T16:03:10.572-07:00", "status": "ok", "reasons": ["current_change"]}
POWER_MONITOR_RECORD {"timestamp_pacific": "2026-08-02T16:03:11.580-07:00", "status": "ok", "reasons": ["current_change"]}
POWER_MONITOR_RECORD {"timestamp_pacific": "2026-08-02T16:03:12.586-07:00", "status": "ok", "reasons": ["current_change"]}
POWER_MONITOR_RECORD {"timestamp_pacific": "2026-08-02T16:03:19.628-07:00", "status": "ok", "reasons": ["current_change"]}
POWER_MONITOR_RECORD {"timestamp_pacific": "2026-08-02T16:03:20.634-07:00", "status": "ok", "reasons": ["current_change"]}
POWER_MONITOR_RECORD {"timestamp_pacific": "2026-08-02T16:03:21.640-07:00", "status": "ok", "reasons": ["current_change"]}
POWER_MONITOR_RECORD {"timestamp_pacific": "2026-08-02T16:03:22.647-07:00", "status": "ok", "reasons": ["current_change"]}
POWER_MONITOR_RECORD {"timestamp_pacific": "2026-08-02T16:03:26.671-07:00", "status": "ok", "reasons": ["current_change"]}
POWER_MONITOR_RECORD {"timestamp_pacific": "2026-08-02T16:03:27.677-07:00", "status": "ok", "reasons": ["current_change"]}
POWER_MONITOR_RECORD {"timestamp_pacific": "2026-08-02T16:03:30.696-07:00", "status": "ok", "reasons": ["current_change"]}
POWER_MONITOR_RECORD {"timestamp_pacific": "2026-08-02T16:03:41.760-07:00", "status": "ok", "reasons": ["current_change"]}
POWER_MONITOR_RECORD {"timestamp_pacific": "2026-08-02T16:03:42.766-07:00", "status": "ok", "reasons": ["current_change"]}
POWER_MONITOR_RECORD {"timestamp_pacific": "2026-08-02T16:03:49.808-07:00", "status": "ok", "reasons": ["current_change"]}
POWER_MONITOR_RECORD {"timestamp_pacific": "2026-08-02T16:03:50.814-07:00", "status": "ok", "reasons": ["current_change"]}
POWER_MONITOR_RECORD {"timestamp_pacific": "2026-08-02T16:03:53.832-07:00", "status": "ok", "reasons": ["current_change"]}
POWER_MONITOR_RECORD {"timestamp_pacific": "2026-08-02T16:03:56.850-07:00", "status": "ok", "reasons": ["current_change"]}
POWER_MONITOR_RECORD {"timestamp_pacific": "2026-08-02T16:03:57.857-07:00", "status": "ok", "reasons": ["current_change"]}
POWER_MONITOR_RECORD {"timestamp_pacific": "2026-08-02T16:04:04.898-07:00", "status": "ok", "reasons": ["current_change"]}
POWER_MONITOR_RECORD {"timestamp_pacific": "2026-08-02T16:04:06.904-07:00", "status": "ok", "reasons": ["current_change"]}
POWER_MONITOR_RECORD {"timestamp_pacific": "2026-08-02T16:04:08.909-07:00", "status": "ok", "reasons": ["current_change"]}
POWER_MONITOR_RECORD {"timestamp_pacific": "2026-08-02T16:04:10.917-07:00", "status": "ok", "reasons": ["current_change"]}
POWER_MONITOR_RECORD {"timestamp_pacific": "2026-08-02T16:04:12.930-07:00", "status": "ok", "reasons": ["current_change"]}
POWER_MONITOR_RECORD {"timestamp_pacific": "2026-08-02T16:04:14.942-07:00", "status": "ok", "reasons": ["current_change"]}
POWER_MONITOR_RECORD {"timestamp_pacific": "2026-08-02T16:04:16.954-07:00", "status": "ok", "reasons": ["current_change"]}
POWER_MONITOR_RECORD {"timestamp_pacific": "2026-08-02T16:04:20.978-07:00", "status": "ok", "reasons": ["current_change"]}
POWER_MONITOR_RECORD {"timestamp_pacific": "2026-08-02T16:04:21.986-07:00", "status": "ok", "reasons": ["current_change"]}
POWER_MONITOR_RECORD {"timestamp_pacific": "2026-08-02T16:04:27.016-07:00", "status": "ok", "reasons": ["current_change"]}
POWER_MONITOR_RECORD {"timestamp_pacific": "2026-08-02T16:04:30.034-07:00", "status": "ok", "reasons": ["current_change"]}
POWER_MONITOR_RECORD {"timestamp_pacific": "2026-08-02T16:04:34.058-07:00", "status": "ok", "reasons": ["current_change"]}
POWER_MONITOR_RECORD {"timestamp_pacific": "2026-08-02T16:04:38.082-07:00", "status": "ok", "reasons": ["current_change"]}
POWER_MONITOR_RECORD {"timestamp_pacific": "2026-08-02T16:04:39.089-07:00", "status": "ok", "reasons": ["current_change"]}
POWER_MONITOR_RECORD {"timestamp_pacific": "2026-08-02T16:04:43.113-07:00", "status": "ok", "reasons": ["current_change"]}
POWER_MONITOR_RECORD {"timestamp_pacific": "2026-08-02T16:04:44.120-07:00", "status": "ok", "reasons": ["current_change"]}
POWER_MONITOR_RECORD {"timestamp_pacific": "2026-08-02T16:04:47.138-07:00", "status": "ok", "reasons": ["current_change"]}
POWER_MONITOR_RECORD {"timestamp_pacific": "2026-08-02T16:04:49.150-07:00", "status": "ok", "reasons": ["current_change"]}
POWER_MONITOR_RECORD {"timestamp_pacific": "2026-08-02T16:04:50.156-07:00", "status": "ok", "reasons": ["current_change"]}
POWER_MONITOR_RECORD {"timestamp_pacific": "2026-08-02T16:04:51.163-07:00", "status": "ok", "reasons": ["current_change"]}
POWER_MONITOR_RECORD {"timestamp_pacific": "2026-08-02T16:04:53.175-07:00", "status": "ok", "reasons": ["current_change"]}
POWER_MONITOR_RECORD {"timestamp_pacific": "2026-08-02T16:04:54.182-07:00", "status": "ok", "reasons": ["current_change"]}
POWER_MONITOR_RECORD {"timestamp_pacific": "2026-08-02T16:04:56.194-07:00", "status": "ok", "reasons": ["current_change"]}
POWER_MONITOR_RECORD {"timestamp_pacific": "2026-08-02T16:05:01.224-07:00", "status": "ok", "reasons": ["current_change"]}
POWER_MONITOR_RECORD {"timestamp_pacific": "2026-08-02T16:05:02.231-07:00", "status": "ok", "reasons": ["current_change"]}
POWER_MONITOR_RECORD {"timestamp_pacific": "2026-08-02T16:05:07.259-07:00", "status": "ok", "reasons": ["current_change"]}
POWER_MONITOR_RECORD {"timestamp_pacific": "2026-08-02T16:05:08.266-07:00", "status": "ok", "reasons": ["current_change"]}
POWER_MONITOR_RECORD {"timestamp_pacific": "2026-08-02T16:05:19.330-07:00", "status": "ok", "reasons": ["current_change"]}
POWER_MONITOR_RECORD {"timestamp_pacific": "2026-08-02T16:05:20.337-07:00", "status": "ok", "reasons": ["current_change"]}
POWER_MONITOR_RECORD {"timestamp_pacific": "2026-08-02T16:05:24.361-07:00", "status": "ok", "reasons": ["current_change"]}
POWER_MONITOR_RECORD {"timestamp_pacific": "2026-08-02T16:05:28.386-07:00", "status": "ok", "reasons": ["current_change"]}
POWER_MONITOR_RECORD {"timestamp_pacific": "2026-08-02T16:05:30.398-07:00", "status": "ok", "reasons": ["current_change"]}
POWER_MONITOR_RECORD {"timestamp_pacific": "2026-08-02T16:05:32.411-07:00", "status": "ok", "reasons": ["current_change"]}
POWER_MONITOR_RECORD {"timestamp_pacific": "2026-08-02T16:05:35.429-07:00", "status": "ok", "reasons": ["current_change"]}
POWER_MONITOR_RECORD {"timestamp_pacific": "2026-08-02T16:05:37.442-07:00", "status": "ok", "reasons": ["current_change"]}
POWER_MONITOR_RECORD {"timestamp_pacific": "2026-08-02T16:05:41.466-07:00", "status": "ok", "reasons": ["current_change"]}
POWER_MONITOR_RECORD {"timestamp_pacific": "2026-08-02T16:05:44.484-07:00", "status": "ok", "reasons": ["current_change"]}
POWER_MONITOR_RECORD {"timestamp_pacific": "2026-08-02T16:05:45.491-07:00", "status": "ok", "reasons": ["current_change"]}
POWER_MONITOR_RECORD {"timestamp_pacific": "2026-08-02T16:05:47.503-07:00", "status": "ok", "reasons": ["current_change"]}
POWER_MONITOR_RECORD {"timestamp_pacific": "2026-08-02T16:05:56.556-07:00", "status": "ok", "reasons": ["current_change"]}
POWER_MONITOR_RECORD {"timestamp_pacific": "2026-08-02T16:05:58.569-07:00", "status": "ok", "reasons": ["current_change"]}
POWER_MONITOR_RECORD {"timestamp_pacific": "2026-08-02T16:06:01.587-07:00", "status": "ok", "reasons": ["current_change"]}
POWER_MONITOR_RECORD {"timestamp_pacific": "2026-08-02T16:06:02.594-07:00", "status": "ok", "reasons": ["current_change"]}
POWER_MONITOR_RECORD {"timestamp_pacific": "2026-08-02T16:06:08.629-07:00", "status": "ok", "reasons": ["current_change"]}
POWER_MONITOR_RECORD {"timestamp_pacific": "2026-08-02T16:06:09.636-07:00", "status": "ok", "reasons": ["current_change"]}
POWER_MONITOR_RECORD {"timestamp_pacific": "2026-08-02T16:06:10.642-07:00", "status": "ok", "reasons": ["current_change"]}
POWER_MONITOR_RECORD {"timestamp_pacific": "2026-08-02T16:06:11.649-07:00", "status": "ok", "reasons": ["current_change"]}
POWER_MONITOR_RECORD {"timestamp_pacific": "2026-08-02T16:06:16.679-07:00", "status": "ok", "reasons": ["current_change"]}
POWER_MONITOR_RECORD {"timestamp_pacific": "2026-08-02T16:06:18.691-07:00", "status": "ok", "reasons": ["current_change"]}
POWER_MONITOR_RECORD {"timestamp_pacific": "2026-08-02T16:06:23.721-07:00", "status": "ok", "reasons": ["current_change"]}
POWER_MONITOR_RECORD {"timestamp_pacific": "2026-08-02T16:06:25.733-07:00", "status": "ok", "reasons": ["current_change"]}
POWER_MONITOR_RECORD {"timestamp_pacific": "2026-08-02T16:06:26.740-07:00", "status": "ok", "reasons": ["current_change"]}
POWER_MONITOR_RECORD {"timestamp_pacific": "2026-08-02T16:06:28.753-07:00", "status": "ok", "reasons": ["current_change"]}
POWER_MONITOR_RECORD {"timestamp_pacific": "2026-08-02T16:06:29.760-07:00", "status": "ok", "reasons": ["current_change"]}
POWER_MONITOR_RECORD {"timestamp_pacific": "2026-08-02T16:06:33.785-07:00", "status": "ok", "reasons": ["current_change"]}
POWER_MONITOR_RECORD {"timestamp_pacific": "2026-08-02T16:06:37.809-07:00", "status": "ok", "reasons": ["current_change"]}
POWER_MONITOR_RECORD {"timestamp_pacific": "2026-08-02T16:06:40.827-07:00", "status": "ok", "reasons": ["current_change"]}
POWER_MONITOR_RECORD {"timestamp_pacific": "2026-08-02T16:06:41.834-07:00", "status": "ok", "reasons": ["current_change"]}
POWER_MONITOR_RECORD {"timestamp_pacific": "2026-08-02T16:06:42.840-07:00", "status": "ok", "reasons": ["current_change"]}
POWER_MONITOR_RECORD {"timestamp_pacific": "2026-08-02T16:06:51.893-07:00", "status": "ok", "reasons": ["current_change"]}
POWER_MONITOR_RECORD {"timestamp_pacific": "2026-08-02T16:06:52.900-07:00", "status": "ok", "reasons": ["current_change"]}
POWER_MONITOR_RECORD {"timestamp_pacific": "2026-08-02T16:06:54.912-07:00", "status": "ok", "reasons": ["current_change"]}
POWER_MONITOR_RECORD {"timestamp_pacific": "2026-08-02T16:06:56.926-07:00", "status": "ok", "reasons": ["current_change"]}
POWER_MONITOR_RECORD {"timestamp_pacific": "2026-08-02T16:07:00.950-07:00", "status": "ok", "reasons": ["current_change"]}
POWER_MONITOR_RECORD {"timestamp_pacific": "2026-08-02T16:07:02.962-07:00", "status": "ok", "reasons": ["current_change"]}
POWER_MONITOR_RECORD {"timestamp_pacific": "2026-08-02T16:07:04.975-07:00", "status": "ok", "reasons": ["current_change"]}
POWER_MONITOR_RECORD {"timestamp_pacific": "2026-08-02T16:07:13.005-07:00", "status": "ok", "reasons": ["current_change"]}
POWER_MONITOR_RECORD {"timestamp_pacific": "2026-08-02T16:07:14.011-07:00", "status": "ok", "reasons": ["current_change"]}
POWER_MONITOR_RECORD {"timestamp_pacific": "2026-08-02T16:07:17.029-07:00", "status": "ok", "reasons": ["current_change"]}
POWER_MONITOR_RECORD {"timestamp_pacific": "2026-08-02T16:07:19.042-07:00", "status": "ok", "reasons": ["current_change"]}
POWER_MONITOR_RECORD {"timestamp_pacific": "2026-08-02T16:07:25.077-07:00", "status": "ok", "reasons": ["current_change"]}
POWER_MONITOR_RECORD {"timestamp_pacific": "2026-08-02T16:07:26.084-07:00", "status": "ok", "reasons": ["current_change"]}
POWER_MONITOR_RECORD {"timestamp_pacific": "2026-08-02T16:07:34.131-07:00", "status": "ok", "reasons": ["current_change"]}
POWER_MONITOR_RECORD {"timestamp_pacific": "2026-08-02T16:07:35.138-07:00", "status": "ok", "reasons": ["current_change"]}
POWER_MONITOR_RECORD {"timestamp_pacific": "2026-08-02T16:07:36.144-07:00", "status": "ok", "reasons": ["current_change"]}
POWER_MONITOR_RECORD {"timestamp_pacific": "2026-08-02T16:07:37.151-07:00", "status": "ok", "reasons": ["current_change"]}
POWER_MONITOR_RECORD {"timestamp_pacific": "2026-08-02T16:07:41.175-07:00", "status": "ok", "reasons": ["current_change"]}
POWER_MONITOR_RECORD {"timestamp_pacific": "2026-08-02T16:07:42.181-07:00", "status": "ok", "reasons": ["current_change"]}
POWER_MONITOR_RECORD {"timestamp_pacific": "2026-08-02T16:07:45.199-07:00", "status": "ok", "reasons": ["current_change"]}
POWER_MONITOR_RECORD {"timestamp_pacific": "2026-08-02T16:07:48.218-07:00", "status": "ok", "reasons": ["current_change"]}
POWER_MONITOR_RECORD {"timestamp_pacific": "2026-08-02T16:07:50.230-07:00", "status": "ok", "reasons": ["current_change"]}
POWER_MONITOR_RECORD {"timestamp_pacific": "2026-08-02T16:07:53.248-07:00", "status": "ok", "reasons": ["current_change"]}
POWER_MONITOR_RECORD {"timestamp_pacific": "2026-08-02T16:07:54.254-07:00", "status": "ok", "reasons": ["current_change"]}
POWER_MONITOR_RECORD {"timestamp_pacific": "2026-08-02T16:07:57.273-07:00", "status": "ok", "reasons": ["current_change"]}
POWER_MONITOR_RECORD {"timestamp_pacific": "2026-08-02T16:07:59.285-07:00", "status": "ok", "reasons": ["current_change"]}
POWER_MONITOR_RECORD {"timestamp_pacific": "2026-08-02T16:08:01.297-07:00", "status": "ok", "reasons": ["current_change"]}
POWER_MONITOR_RECORD {"timestamp_pacific": "2026-08-02T16:08:05.320-07:00", "status": "ok", "reasons": ["current_change"]}
POWER_MONITOR_RECORD {"timestamp_pacific": "2026-08-02T16:08:07.332-07:00", "status": "ok", "reasons": ["current_change"]}
POWER_MONITOR_RECORD {"timestamp_pacific": "2026-08-02T16:08:10.353-07:00", "status": "ok", "reasons": ["current_change"]}
POWER_MONITOR_RECORD {"timestamp_pacific": "2026-08-02T16:08:13.371-07:00", "status": "ok", "reasons": ["current_change"]}
POWER_MONITOR_RECORD {"timestamp_pacific": "2026-08-02T16:08:17.395-07:00", "status": "ok", "reasons": ["current_change"]}
POWER_MONITOR_RECORD {"timestamp_pacific": "2026-08-02T16:08:18.402-07:00", "status": "ok", "reasons": ["current_change"]}
POWER_MONITOR_RECORD {"timestamp_pacific": "2026-08-02T16:08:24.437-07:00", "status": "ok", "reasons": ["current_change"]}
POWER_MONITOR_RECORD {"timestamp_pacific": "2026-08-02T16:08:25.444-07:00", "status": "ok", "reasons": ["current_change"]}
POWER_MONITOR_RECORD {"timestamp_pacific": "2026-08-02T16:08:29.468-07:00", "status": "ok", "reasons": ["current_change"]}
POWER_MONITOR_RECORD {"timestamp_pacific": "2026-08-02T16:08:31.480-07:00", "status": "ok", "reasons": ["current_change"]}
POWER_MONITOR_RECORD {"timestamp_pacific": "2026-08-02T16:08:35.504-07:00", "status": "ok", "reasons": ["current_change"]}
POWER_MONITOR_RECORD {"timestamp_pacific": "2026-08-02T16:08:37.517-07:00", "status": "ok", "reasons": ["current_change"]}
POWER_MONITOR_RECORD {"timestamp_pacific": "2026-08-02T16:08:41.541-07:00", "status": "ok", "reasons": ["current_change"]}
POWER_MONITOR_RECORD {"timestamp_pacific": "2026-08-02T16:08:42.547-07:00", "status": "ok", "reasons": ["current_change"]}
POWER_MONITOR_RECORD {"timestamp_pacific": "2026-08-02T16:08:43.554-07:00", "status": "ok", "reasons": ["current_change"]}
POWER_MONITOR_RECORD {"timestamp_pacific": "2026-08-02T16:08:44.560-07:00", "status": "ok", "reasons": ["current_change"]}
POWER_MONITOR_RECORD {"timestamp_pacific": "2026-08-02T16:08:45.567-07:00", "status": "ok", "reasons": ["current_change"]}
POWER_MONITOR_RECORD {"timestamp_pacific": "2026-08-02T16:08:46.574-07:00", "status": "ok", "reasons": ["current_change"]}
POWER_MONITOR_RECORD {"timestamp_pacific": "2026-08-02T16:08:47.580-07:00", "status": "ok", "reasons": ["current_change"]}
POWER_MONITOR_RECORD {"timestamp_pacific": "2026-08-02T16:08:48.587-07:00", "status": "ok", "reasons": ["current_change"]}
POWER_MONITOR_RECORD {"timestamp_pacific": "2026-08-02T16:08:49.593-07:00", "status": "ok", "reasons": ["current_change"]}
POWER_MONITOR_RECORD {"timestamp_pacific": "2026-08-02T16:08:53.617-07:00", "status": "ok", "reasons": ["current_change"]}
POWER_MONITOR_RECORD {"timestamp_pacific": "2026-08-02T16:08:54.624-07:00", "status": "ok", "reasons": ["current_change"]}
POWER_MONITOR_RECORD {"timestamp_pacific": "2026-08-02T16:08:56.636-07:00", "status": "ok", "reasons": ["current_change"]}
POWER_MONITOR_RECORD {"timestamp_pacific": "2026-08-02T16:08:58.648-07:00", "status": "ok", "reasons": ["current_change"]}
POWER_MONITOR_RECORD {"timestamp_pacific": "2026-08-02T16:08:59.655-07:00", "status": "ok", "reasons": ["current_change"]}
POWER_MONITOR_RECORD {"timestamp_pacific": "2026-08-02T16:09:00.662-07:00", "status": "ok", "reasons": ["current_change"]}
POWER_MONITOR_RECORD {"timestamp_pacific": "2026-08-02T16:09:01.668-07:00", "status": "ok", "reasons": ["current_change"]}
POWER_MONITOR_RECORD {"timestamp_pacific": "2026-08-02T16:09:14.727-07:00", "status": "ok", "reasons": ["current_change"]}
POWER_MONITOR_RECORD {"timestamp_pacific": "2026-08-02T16:09:15.734-07:00", "status": "ok", "reasons": ["current_change"]}
POWER_MONITOR_RECORD {"timestamp_pacific": "2026-08-02T16:09:16.740-07:00", "status": "ok", "reasons": ["current_change"]}
POWER_MONITOR_RECORD {"timestamp_pacific": "2026-08-02T16:09:17.747-07:00", "status": "ok", "reasons": ["current_change"]}
POWER_MONITOR_RECORD {"timestamp_pacific": "2026-08-02T16:09:19.759-07:00", "status": "ok", "reasons": ["current_change"]}
POWER_MONITOR_RECORD {"timestamp_pacific": "2026-08-02T16:09:20.767-07:00", "status": "ok", "reasons": ["current_change"]}
POWER_MONITOR_RECORD {"timestamp_pacific": "2026-08-02T16:09:21.774-07:00", "status": "ok", "reasons": ["current_change"]}
POWER_MONITOR_STOPPED {"output_csv": "/home/pi/conformance_testing_team/saved_data/conformance_runs/WH-3/run_2026_08_02_100904_PDT/power.csv", "timestamp_pacific": "2026-08-02T16:09:22.638-07:00"}
